smiles,y_true,fold,prediction,scaffold_group
Nc1nc(-c2ccc(CCCCN3CCN(c4ccccc4)CC3)cc2)cs1,7.432,5,6.899213269841273,0
O=C(N[C@H]1CC[C@@H](CCN2CCN(c3nsc4ccccc34)CC2)CC1)c1ccco1,9.366,8,8.847006600529106,1
O=C(N[C@H]1CC[C@H](CCN2CCN(c3nsc4ccccc34)CC2)CC1)c1ccco1,9.64,8,8.847006600529106,1
C[C@@H]1CNC[C@H]2Cc3ccc(C#N)cc3N21,6.96,9,6.821210562530061,2
COc1ccccc1CCN1CC[C@H]2[C@@H](C1)c1cccc3c1N2CCCS3,7.347,10,7.468893356421352,3
COc1ccccc1CCN1CC[C@@H]2[C@H](C1)c1cccc3c1N2CCCS3,7.495,9,7.3857608505291035,3
CC(C)[C@H](O)C(=O)N[C@H]1CC[C@H](CCN2CCN(c3cccc4c3OCO4)CC2)CC1,7.65,5,7.563947289682542,4
CC(C)[C@@H](O)C(=O)N[C@H]1CC[C@H](CCN2CCN(c3cccc4c3OCO4)CC2)CC1,7.46,6,7.681684749879755,4
COc1ccccc1N1CCN(CCCCCN2C(=O)c3ccccc3S2(=O)=O)CC1,6.23,1,6.30563252513228,5
CN(C)Cc1ccc(C(F)(F)F)cc1Oc1ccc(Cl)c(Cl)c1,7.38,9,6.9735885952380965,6
Cc1c(C(=O)NCCCCN2CCN(c3cccc(Cl)c3Cl)CC2)nnn1Cc1ccccc1,8.13,8,7.683503059523808,7
CC(C)COc1ccc(CN(Cc2ccn(C)n2)C(=O)NC2CC3CC2CN3C)cc1,8.0,7,7.501682839947095,8
O=S(=O)(N[C@H]1CC[C@H](CCN2CCC(c3noc4cc(F)ccc34)CC2)CC1)c1ccc(Cl)cc1,8.29,3,8.4027845,9
O=S(=O)(c1cccc2ncccc12)N1CCC[C@H]1CCN1CCC(c2noc3cc(F)ccc23)CC1,7.92,8,8.164329878306875,10
O=S(=O)(c1cccc2ncccc12)N1CCC[C@@H]1CCN1CCC(c2noc3cc(F)ccc23)CC1,8.301,1,8.001737833333332,10
OC(c1ccc(F)cc1)C1CCN(CCc2cccc(I)c2)CC1,7.881,1,8.35916281746031,11
O=CN[C@H]1CC[C@H](CCN2CCN(c3nccc4c3CCO4)CC2)CC1,7.629,10,7.536947138407886,12
CCn1c(-c2ccccc2)cc(C(=O)NCCCN2CCN(c3cccc(Cl)c3Cl)CC2)c1C,6.422,1,6.801437626984126,13
CCCC(=O)N[C@H]1CC[C@H](CCN2CCN(c3nccc4c3CCO4)CC2)CC1,7.64,5,7.802911515873023,12
O=C(CC1(O)CCOCC1)N[C@H]1CC[C@H](CCN2CCC(c3cccc4c3OCO4)CC2)CC1,7.6,4,7.440630638888886,14
Cc1ncnc(C)c1-c1cc(NC(=O)C2CC2)ccc1OC1CNC1,7.297,7,7.658325511423756,15
Cc1nc2n(c(=O)c1CCN1CCN(c3nccc4sccc34)CC1)CCCC2O,7.58,8,7.9480075740740785,16
O=C(N[C@H]1CC[C@H](CCN2CCC(c3cccc4c3OCO4)CC2)CC1)C1CCOC1,7.619,6,7.870017396825396,17
CC(=O)N[C@H]1CC[C@H](CCN2CCN(c3ncc(C)c4c3CCO4)CC2)CC1,7.17,1,7.493105928571427,12
CC(C)COc1ccc(CNC(=O)N(Cc2ccc(F)cc2)[C@H]2CCN(C)C[C@H]2F)cc1,9.012,5,8.118558392857146,18
CC(C)COc1ccc(CNC(=O)N(Cc2ccc(F)cc2)[C@H]2CCN(C)C[C@@H]2F)cc1,8.068,4,8.619715417989424,18
O=C(N[C@H]1CC[C@H](CCN2CCN(c3nsc4ccccc34)CC2)CC1)c1cc2ccccc2o1,9.07,3,8.800603222222222,19
O=C(N[C@H]1CC[C@@H](CCN2CCN(c3nsc4ccccc34)CC2)CC1)c1cc2ccccc2o1,8.75,8,8.929832654761912,19
COc1cc2c(cc1OC)C(=O)N(CCCCN1CCN3c4cccc5scc(c45)CC3C1)C2,6.796,8,6.473554817460318,20
O=C(CCCCN1CCC(c2noc3cc(F)ccc23)CC1)c1cc2c3c(c1)CCN3C(=O)CC2,8.504,2,8.69228568398268,21
O=C1Cc2cc(CCN3CCN(c4cccc5c4CCS5)CC3)c(Cl)cc2N1,6.64,2,7.33799446164021,22
O=S(=O)(c1cccc2ncccc12)N1CCCCC[C@H]1CCN1CCN(c2cccc3sccc23)CC1,7.291,1,7.427338234126991,23
CN(C)CC1C[C@H]2c3ccccc3Cc3ccccc3[C@H]2O1,6.991,4,7.701800460678208,24
CN(C)C[C@H]1C[C@@H]2c3ccccc3Cc3ccccc3[C@H]2O1,8.6,1,7.351474275900024,24
CN(C)CC1C[C@@H]2c3ccccc3Cc3ccccc3[C@H]2O1,7.66,10,7.573664090428089,24
CN(C)C[C@@H]1C[C@@H]2c3ccccc3Cc3ccccc3[C@H]2O1,7.704,7,7.559017956275209,24
CN(C)C[C@@H]1C[C@H]2c3ccccc3Cc3ccccc3[C@@H]2O1,6.981,8,7.700798623478375,24
Cn1ncc(Cl)c1-c1cc(NC(=O)C(=O)c2cc(Br)cs2)ccc1OCCN,8.92,1,8.75968016402117,25
CC(=O)NC1CCc2ccc(CCN3CCN(c4nsc5ccccc45)CC3)cc21,11.0,8,9.555023865079374,26
Cc1cnc(N2CCN(CC[C@H]3CC[C@H](NC(=O)CC4CCOCC4)CC3)CC2)c2c1OCC2,7.36,6,7.522887845238089,27
Cc1ccc(Cn2ncc(N3CCNCC3)c(Cl)c2=O)cc1NC(=O)c1ccc(-c2ccccc2)cc1,8.674,8,7.242851940476192,28
Cc1cc(Oc2cc(Cl)ccc2O[C@H]2CCNC2)ccc1F,7.0,7,7.221571291005294,29
Cc1nc(C(=O)NCCCN2CCN(c3cccc(C)c3C)CC2)cc(C(C)C)n1,6.31,7,6.7393510820105815,30
CCN(CCN1CCC(c2noc3cc(F)ccc23)CC1)C(=O)CC(C)O,8.77,3,8.938746885401635,31
CNCc1ccccc1Oc1ccc(C)c(C)c1,7.179,1,7.138173616402115,6
COc1cccc(OC)c1C(=O)NN1c2ccc(Cl)cc2N=C(N2CCN(C)CC2)c2ccccc21,7.86,3,7.641947047619047,32
Cc1cc(Cl)c2c(c1)[C@H]1CNC[C@@H]1NC2=O,6.44,8,7.091841857142857,33
[2H]C([2H])(c1c[nH]c2cccc(F)c12)[C@H]1CCCN1,6.0,2,6.746002417027418,34
O=S(=O)(c1ccccc1)C1(F)CCN(CCc2ccc(F)cc2F)CC1,9.169,5,9.097333698412704,35
Cn1nccc1-c1cc(NC(=O)c2ccc(C(F)(F)F)cc2)ccc1OCCN1CCCC1,8.72,7,8.391213420634918,36
Cc1noc(C)c1-c1cc(NC(=O)C2(F)CC2)ccc1OCCN1CCC1,7.987,1,8.27238246488696,37
c1ccc2c(c1)cc1n2CCNC1,6.09,3,7.070790045815293,38
CC1CNCCc2cc(F)c(Cl)cc21,7.185,5,6.8165240542328025,39
CCOC(=O)Cc1nn(CNC(=O)CCN2CCN(c3cccc(C)c3C)CC2)c(=O)c2cc(F)ccc12,6.36,8,6.85593170767196,40
O=S(=O)(c1cccc2ncccc12)N1CCC(CCN2CCN(c3ccc(Cl)cc3)CC2)CC1,6.82,9,6.547560976190471,41
COc1c(Cl)cccc1N1CCN(CCCCNC(=O)c2cnc3ccccc3c2)CC1,8.77,9,7.448587846079846,42
CC(C)COc1ccc(CN(Cc2ccc(F)cn2)C(=O)N[C@H]2CCN(C)C[C@H]2F)cc1,8.0,5,7.953721178571435,43
Clc1ccc2[nH]c3c(c2c1)CCNC3c1ccccc1Cl,7.888,7,6.643453028499278,44
O=S1(=O)c2cccc3cccc(c23)N1CCCCCCN1CCN(c2cccc(Cl)c2)CC1,6.49,5,6.628112488095237,45
CN1CCN(c2nc(N)nc(C(C)(C)Sc3ccc4ccccc4c3)n2)CC1,7.41,6,6.722871298941798,46
COc1cccc(CCCN(CCc2ccc(OC)c(OC)c2)CCc2ccc3c(c2)OCO3)c1,6.7,8,6.673814068783064,47
CCc1nc(N)[nH]c1-c1cn(S(=O)(=O)c2ccccc2)c2ccc(OC)cc12,6.18,3,6.498594105579604,48
Cc1cc2c(cn1)C(=O)N(CCN1CCN(c3noc4ccccc34)CC1)CC2,8.639,3,8.254387472222218,49
COc1ccccc1N1CCN(CCCN(CC2CCCCC2)S(=O)(=O)c2cccc3cccnc23)CC1,7.221,1,7.354029387566138,50
O=S(=O)(c1ccc(/C=C/c2ccc(F)cc2Cl)nc1)c1ccccc1F,8.742,10,8.11414593398268,51
Cc1cc2c(cc1Cl)N(C(=O)Nc1ccc(Oc3cnccc3Cl)nc1)CC2,7.8,1,6.976446706349203,52
CCCN1C[C@H](C(=O)N[C@H](C)CC)C=C2c3cccc4[nH]cc(c34)C[C@H]21,8.866,9,8.105031497354492,53
CCCN1C[C@@H](C(=O)N[C@H](C)CC)C=C2c3cccc4[nH]cc(c34)C[C@H]21,7.559,5,8.75819803835979,53
CCNC(=O)c1cncc(OCCCCN2CCC(c3noc4cc(F)ccc34)CC2)c1,7.028,3,7.407133324074073,54
Cc1ncccc1Oc1ccc(NC(=O)N2CCc3ccc(Cl)cc32)cn1,6.5,2,6.554509730158733,52
CC(C)(C)c1ccc(C(=O)N[C@H]2CC[C@H](CCN3CCC(c4coc5ccccc45)CC3)CC2)cc1,8.42,3,8.243697448412696,55
CN(C)CCc1cccc2[nH]cc(S(=O)(=O)c3ccccc3)c12,6.46,2,6.681918690476197,56
Oc1ccc2[nH]c3c(c2c1)CCNC3c1ccccc1O,6.975,7,7.347865158730156,44
O=C(N[C@H]1CC[C@@H](CCN2CCN(c3nsc4ccccc34)CC2)CC1)c1cccs1,9.242,3,9.422709634920633,57
O=C(N[C@H]1CC[C@H](CCN2CCN(c3nsc4ccccc34)CC2)CC1)c1cccs1,9.82,8,9.198857461640213,57
Clc1ccc(C2(COc3ccc(Cl)cc3OC3CNC3)CCC2)cc1,8.097,3,7.490097708994711,58
COc1ccccc1C1NCCc2c1[nH]c1ccc(O)cc21,6.57,5,6.919694119047623,44
Cc1ccc2c(c1)Oc1cc(C)ccc1C(N1CCN(CC3(C(=O)O)CC3)CC1)=N2,7.888,9,7.742265105820114,59
O=S(=O)(c1cccc2ccccc12)N(CCCN1CCN(c2ccccc2)CC1)CC1CC1,6.77,7,7.3227712976190515,60
Cc1noc2c1C(=O)N(CCN1CCN(c3noc4ccccc34)CC1)CC2,7.658,1,7.949587370370375,61
O=C(CF)N[C@H]1CC[C@H](CCN2CCC(c3cccc4c3OCO4)CC2)CC1,7.4,1,7.640237507936513,62
Cn1cc(Br)c(C(=O)N2CCN(CCc3ccc(F)cc3F)CC2)n1,8.96,5,8.462641101851853,63
COc1ccc(Nc2nccc(Oc3ccc(NC(=O)Nc4cc(C(C)(C)C)nn4-c4ccc(C)cc4)c4ccccc34)n2)cc1,7.081,5,6.905637281746028,64
Fc1ccc(-c2nc(Cc3ccccc3)nc3c2CCCNC3)cc1,8.06,4,8.05980270238095,65
N#Cc1ccc2[nH]cc(CCCCN3CCN(c4cccc5sccc45)CC3)c2c1,6.48,1,6.391183846560843,66
CC(C)n1nc2c(c1-c1ccc(Cl)c(Cl)c1)CCNCC2,7.41,4,7.784555694083691,67
O=C(NCCCCN1CCN(c2cccc(F)c2)CC1)c1cc2ccccc2cn1,7.96,6,7.789858482804233,68
COc1cccc([C@H]2C[C@@H]2CN)c1,6.211,6,6.666211809523808,69
Clc1ccc2sc(CCCCN3CCc4c(Cl)cccc4C3)nc2c1,6.31,1,6.689046833333336,70
C#CC(C)(C)c1cc(NC(=O)Nc2ccc(Oc3ccnc(Nc4cc(OC)cc(OCCOCCOCCOC)c4)n3)c3ccccc23)n(-c2ccc(C)cc2)n1,6.818,8,6.957446738095238,64
COc1ccc(N2Cc3cc(Cl)cc(Cl)c3C2=O)cc1OCCN1CCC(C)CC1,6.4,2,6.278803753968245,71
C[C@@H](Oc1ccc(Cl)cc1OC1CNC1)c1cccc(C(F)(F)F)c1,6.499,7,7.229937418470419,72
Oc1ccc2[nH]c3c(c2c1)CCNC3CCc1ccccc1,6.86,3,7.095288825396819,73
CC(C)Oc1ccc(COC(=O)N(Cc2ccc(F)cc2)C2CCN(C)CC2)cc1,9.6,1,9.38563704232805,74
CCOC(=O)c1oc2c(c1C)C(=O)CC(CN1CCC(C(=O)c3ccc(F)cc3)CC1)C2,7.66,9,7.343174899470897,75
CO[C@H]1CC[C@H](CC(=O)N[C@H]2CC[C@H](CCN3CCC(c4coc5ccccc45)CC3)CC2)CC1,8.09,3,8.107029050505053,76
O=C(Cc1ccccc1)NC1CCc2ccc(CCN3CCN(c4nsc5ccccc45)CC3)cc21,10.399,3,8.978328317460317,77
COc1c(O)cc2c3c1-c1ccccc1CC3N(C)CC2,4.71,6,6.507550246031744,78
CC1(CCCN2CCN(c3ccccn3)CC2)Cc2cc(Cl)ccc2C1=O,6.699,10,6.409988839706592,79
CNC(C)c1cc(C)ccc1Oc1ccc(Cl)c(Cl)c1,6.762,4,6.870130439153436,6
CC(=O)N[C@H]1CC[C@H](CCN2CCN(c3ncc(C)c4occc34)CC2)CC1,7.86,2,7.821078962962961,80
O=C(CC1(O)CCC1)N[C@H]1CC[C@H](CCN2CCN(c3cccc4c3OCO4)CC2)CC1,7.59,1,7.705828041005295,81
CC1(C)Cc2cc(Cl)cc([C@H]3C[C@H]3CN)c2O1,6.221,2,6.686682075757572,82
COc1ccccc1N1CCN(CCCCOc2ccc3c(C)cc(=O)oc3c2C(C)=O)CC1,7.251,4,7.283624056878305,83
COc1ccccc1-c1cc(C2CCNC2)ccc1Cl,6.47,7,6.923958607142856,84
COc1cccc(C(=O)C2CCN(CCc3ccc(F)cc3)CC2)c1OC,8.996,8,8.426248152116399,85
C=CCN(CC=C)CCc1c[nH]c2ccc(F)cc12,6.61,2,6.448465816137568,86
Clc1cc2nc3c(nc2cc1Cl)[C@@H]1CCC(C3)N1,6.19,2,6.687993974358971,87
Nc1nc2cc(CCN3CCN(c4cccc5sccc45)CC3)ccc2s1,8.042,4,8.036683728835984,88
O=C(CC1CCCO1)N[C@H]1CC[C@H](CCN2CCC(c3coc4ccccc34)CC2)CC1,8.268,2,8.256151957671953,89
O=S(=O)(c1ccc(/C=C/c2ccccc2F)nc1)c1ccccc1F,8.588,2,7.864007322751321,51
Cn1nccc1-c1cc(NC(=O)Nc2ccc(Cl)cc2)ccc1OCCN1CCC(O)CC1,9.38,4,8.728497007936513,90
CNCc1cc(OCc2cc(Cl)ccc2Cl)n(CC2CCCCC2)n1,8.492,5,8.248472261904759,91
NCCc1c[nH]c2c(F)ccc(O)c12,8.14,3,7.824980634920624,86
O=C(NC[C@H]1CCCOC1)c1ccc(C#Cc2ccccc2F)cc1,6.523,10,6.603129181216924,92
COc1ccccc1N1CCN(CCCN2CCN(c3ncccc3C#N)CC2)CC1,4.64,7,6.062408982804233,93
CC1CC(=O)Nc2c(CCN3CCN(c4nsc5ccccc45)CC3)cc(F)cc21,9.77,10,9.857784152116404,94
CN1CCC2(CC1)NC(N(Cc1ccc(OCC(F)(F)F)c(F)c1)Cc1coc(C3CC3)n1)=NO2,8.0,9,7.537809084656084,95
COCCNCCOc1ccc(NC(=O)C2(F)CC2)cc1-c1c(C)ncnc1C,8.322,6,8.055161134920638,96
O=C1c2c(cccc2C2CC2)C[C@@H]2CNCCN12,7.05,10,6.662662813492068,97
O=C1CCc2ccc(OCCCCN3CCN(c4cccc5c4CCCO5)CC3)nc2N1,8.888,3,9.34040567592593,98
CCc1cccc(N2CCN(CC(O)CCNC(=O)c3cc4ccccc4o3)CC2)c1Cl,8.49,2,7.203259404280908,99
Cc1ccc2c(N3CCN(CCc4cccc(N5CCNC5=O)c4)CC3)cccc2n1,6.0,3,7.048906033068782,100
Cc1nc(C(=O)NCCCN2CCN(c3cccc(Cl)c3Cl)CC2)c(C)n1-c1ccccc1F,7.78,7,7.462099658730161,101
O=S(=O)(c1ccccc1)c1ccc(/C=C/c2ccc(F)cc2)nc1,8.13,2,8.096559596560844,51
COc1ccc(NC(=O)Nc2ccc(Cl)c(C(F)(F)F)c2)cc1-c1c(Br)cnn1C,9.3,9,8.88549122751322,102
COc1ccc(N2CCN(CCCCNC(=O)c3n[nH]c4ccccc34)CC2)cc1,6.15,9,6.843188446608945,103
c1ccc(COc2noc3c2CCNCC3)cc1,6.255,10,6.803753031746037,104
CCCCN1CCC(COC(=O)c2cc(Cl)c(N)c3c2OCCO3)CC1,6.02,7,6.7738501984126955,105
CNC(=O)c1cc(OCCCCN2CCN(c3cccc4sccc34)CC2)ccn1,6.811,8,7.228289904761908,106
Cc1ncnc(C)c1-c1cc(NC(=O)c2ccn(C)c2)ccc1OCCN1CCCC1,7.476,10,7.974780038359787,107
O=S(=O)(c1ccnc2ccccc12)N1CCCCC[C@H]1CCN1CCN(c2nsc3ccccc23)CC1,7.58,5,7.689863358465607,108
COC(CC(=O)N[C@H]1CC[C@H](CCN2CCC(c3noc4cc(Cl)ccc34)CC2)CC1)OC,7.867,1,7.886589895502646,109
C=CCN(CCc1c[nH]c2ccc(F)cc12)C1CCC1,6.09,9,6.731697813492067,110
CCOc1cc(C(F)(F)F)c(OCC)cc1C1CCCNC1,6.26,3,7.020883312169316,111
O=C(Nc1ccco1)N[C@H]1CC[C@@H](CCN2CCN(c3nsc4ccccc34)CC2)CC1,8.74,2,9.042957583333338,112
O=C(Nc1ccco1)N[C@H]1CC[C@H](CCN2CCN(c3nsc4ccccc34)CC2)CC1,8.981,4,8.867617925925929,112
COc1ccc(N2Cc3cccc(C(F)(F)F)c3C2=O)cc1OCCN1CCC(C)CC1,6.2,9,6.336576708994703,71
O=C1CC(CN2CCC(C(=O)c3ccc(F)cc3)CC2)Cc2ncncc21,6.51,5,7.481094156084655,113
NCCc1c[nH]c2ccccc12,8.13,4,7.396295164021171,86
Cc1nc(C(=O)NCCCN2CCN(c3cccc(Cl)c3Cl)CC2)cc(C(C)C)n1,6.948,7,7.048586003968259,30
O=S(=O)(c1cncc2ccccc12)N1CC[C@@H]1CCN1CCN(c2cccc3sccc23)CC1,7.798,5,7.727646697450702,114
COc1cc(CCNCc2ccc(N)cc2)c(OC)cc1Br,7.673,2,7.78469577910053,115
CCCCC(Oc1cc(Cl)cc(Cl)c1)c1nc(Nc2ccncc2)nc(N2CCN(C)CC2)n1,6.159,10,6.580180226190482,116
O=C(CC1CC1)N[C@H]1CC[C@H](CCN2CCC(c3noc4cc(Cl)ccc34)CC2)CC1,7.881,2,7.885311330687831,117
CCN(CCN1CCC(c2noc3cc(F)ccc23)CC1)C(=O)CCO,9.1,8,8.787950506613754,31
O=c1ccc(-n2ccnc2)nn1CCCCN1CCN(c2cccc(C(F)(F)F)c2)CC1,6.78,10,6.8619259484127,118
O=c1n(CCCCN2CCN(c3cccc4sccc34)CC2)nc2c(Cl)cc(Cl)cn12,6.188,6,6.880196178571429,119
COc1cc2c(cc1C(F)(F)F)N(C(=O)Nc1cc(-c3ccccc3)cc(-c3cccnc3)c1)CC2,6.2,8,6.654473096560845,120
N#Cc1c[nH]c2c(C(=O)N3CCN(CCc4ccc(F)cc4)CC3)cccc12,9.134,2,7.670050522486778,121
CCOc1ccccc1N1CCN(CCCCCCN2c3cccc4cccc(c34)S2(=O)=O)CC1,6.239,3,6.622952489417987,45
NCC1CC1c1cc(Cl)c(Cl)cc1OCCF,7.036,2,6.599544797859545,69
CN1CCC(N(C)S(=O)(=O)c2ccc(I)cc2)CC1,6.8,4,6.589500452380958,122
CCc1cc2c(cc1C(F)(F)F)N(C(=O)Nc1ccc(Oc3cccnc3C)nc1)CC2,6.3,8,6.650245440476186,52
Cc1nscc1C(=O)Nc1ccc(OC[C@H]2CCCCN2)c(-c2c(C)ncnc2C)c1,7.714,10,8.204786206349205,123
CC(=O)CNC1CCN(Cc2ccc(CCNC(=O)c3ccc(-c4ccc(F)cc4)cc3)cc2)CC1,6.28,5,6.875251865079369,124
O=S(=O)(c1ccc(F)cc1)N1CCN(CCc2ccc(F)cc2F)CC1,8.36,1,8.496921964285711,125
CC(C)COc1ccc(CC(=O)N(Cc2ccc(F)cc2OC(F)(F)F)C2CCN(C)CC2)cc1,6.699,1,7.6796027341269895,126
O=S(=O)(NCCCCN1CCN(c2cccc(Cl)c2Cl)CC1)c1cc2ccccc2cn1,7.458,8,7.463798267195775,127
Cc1ncnc(C)c1-c1cc(NC(=O)C2(F)CC2)ccc1OC[C@H]1CCCCN1,8.037,7,8.127338309523807,128
Fc1ccc(CCCCN2CCN(c3ccc(Cl)cc3)CC2)cc1,7.091,10,6.787908914021167,129
Cc1ccc(Oc2ccc(Cl)c(Cl)c2)c(CN(C)C)c1,6.42,10,6.904043369047622,6
O=C(O)[C@H]1[C@@H]2CN(C3CCC4(Cc5ccccc5Cc5ccccc54)C3)C[C@@H]21,6.2,6,7.406486171957669,130
CC(C)N(CCN1CCC(c2noc3cc(F)ccc23)CC1)C(=O)[C@H](C)O,8.34,7,8.817224238095243,31
CC(C)N(CCN1CCC(c2noc3cc(F)ccc23)CC1)C(=O)[C@@H](C)O,8.68,9,8.697141476190483,31
CC(O)C(=O)N(CCN1CCC(c2noc3cc(F)ccc23)CC1)C(C)C,9.0,8,8.533548054232805,31
Cc1cccc(N2CCN(CCNC(=O)c3nc(C)n(-c4ccc5c(c4)OCO5)c3C)CC2)c1C,7.539,4,7.041068940476186,131
O=C1Cc2cc(CCN3CCN(c4cccc5sccc45)CC3)c(Cl)cc2N1,7.13,1,7.045026723304472,132
O=C1NCc2cc(Cl)c(OCCCN3CCN(c4cccc5cccc(F)c45)CC3)cc21,8.052,1,8.03474277380953,133
C[C@H](N)Cn1ncc2cc(Cl)c(Cl)cc21,7.96,3,7.61938078703704,134
NC[C@H]1C[C@@H]1c1cccc(F)c1,6.36,4,6.967315581168832,69
O=C1c2cnn(C3CC3)c2CCN1CCN1CCN(c2nsc3ccccc23)CC1,9.149,8,8.981880007936516,135
CCCn1c(-c2ccccc2)cc(C(=O)NCCCN2CCN(c3ccc(Cl)c(Cl)c3)CC2)c1C,7.27,7,6.655645444444446,13
O=C1CC(CN2CCC(C(=O)c3ccc(F)cc3)CC2)Cc2nc(N3CCCC3)sc21,6.55,5,7.714615648148145,136
CCCc1nc(C(=O)NCC(O)CN2CCN(c3cccc(C)c3C)CC2)cn1-c1ccccc1,6.3,4,6.6722110555555565,101
CC(=O)c1cccc(NC(=O)N[C@@H]2CCCC[C@H]2CN2CCC[C@@H](Cc3ccc(F)cc3)C2)c1,6.04,3,7.271459257936508,137
Oc1ccc(N2CCN(CCCCOc3ccn4nccc4c3)CC2)c2c1OCCO2,6.32,6,6.616596556878309,138
O=C(NCCCCN1CCN(c2ccccc2OCCF)CC1)c1cc2ccccn2n1,6.282,1,6.730794502645505,139
COc1cc(C2CC2)c(OC)nc1CCN,6.824,5,6.864750493386241,140
O=C1c2ccccc2S(=O)(=O)N1CCCCCCN1CCN(c2cccc(C(F)(F)F)c2)CC1,6.78,2,6.434719948412701,141
CCN(CC)C(=O)[C@@H]1C=C2c3cccc4[nH]cc(c34)C[C@H]2N(Cc2ccccc2O)C1,8.662,4,7.758361185666185,142
O=C(N[C@H]1CC[C@H](CCN2CCN(c3nccc4c3CCO4)CC2)CC1)c1ccc2ncccc2c1,7.632,1,7.74530228835979,143
COCCNCCOc1ccc(NC(=O)c2ccc(F)cc2)cc1-c1c(C)ncnc1C,8.463,7,7.877483955026455,144
c1ccc2c(c1)Cc1ccccc1C21CCCNC1,7.0,2,7.443436482804236,145
CNCc1ccc(Cl)cc1Oc1ccc(C)c(Cl)c1,8.04,3,7.8002011693121736,6
Cc1cccc(N2CCN(CCCNC(=O)c3nc(-c4ccccc4)n(-c4ccc5c(c4)OCCO5)c3C)CC2)c1C,7.721,2,7.329708944444442,146
O=C1c2ccccc2C[C@@H]2CNCCN12,6.319,8,6.613070365079365,147
O=C(O)C1(CN2CCN(C3=Nc4ccccc4Cc4ccccc43)CC2)CC1,7.301,6,7.353921168498165,148
CCc1nc2c(o1)C(=O)N(CCN1CCN(c3nsc4ccccc34)CC1)CC2,8.601,3,8.618215903439152,149
COc1ccc(NC(=O)Nc2ccc(F)cc2)cc1-c1c(Br)cnn1C(C)C,9.3,10,8.246738420634921,102
Cc1nc2n(c(=O)c1CCN1CCC(c3noc4cc(F)ccc34)CC1)CCCC2=O,8.0,10,8.259094820105819,150
NCCCC1c2ccccc2Cc2ccccc21,7.497,4,7.1909106600529045,151
COCc1ccc2c(n1)N1[C@@H](CNC[C@H]1C)C2,6.25,4,6.789456711640216,152
CCN(CCN1CCC(c2noc3cc(F)c(C)cc23)CC1)C(=O)[C@H](C)O,8.339,5,8.060116992063497,31
CCOC(=O)Cc1nn(CNC(=O)CCCN2CCN(c3cccc(C)c3C)CC2)c(=O)c2ccccc12,7.01,4,6.940740802910051,153
C1=C(c2c[nH]c3cccc(-c4ccccc4)c23)CNCC1,6.45,3,7.412694646825401,154
CCNCCc1cccc2[nH]cc(S(=O)(=O)c3ccccc3)c12,6.305,4,6.583426295574795,56
O=S(=O)(N[C@H]1CC[C@H](CCN2CCN(c3cccc4c3OCO4)CC2)CC1)c1ccc(F)cc1,7.241,10,7.331342419312171,155
O=C(CC1(O)CCC1)N[C@H]1CC[C@H](CCN2CCN(c3nccc4c3CCO4)CC2)CC1,7.649,1,7.711498920634924,156
O=S(=O)(c1ccccc1F)N1CCC(CCc2ccc(F)cc2F)CC1,8.002,1,7.814730366402118,157
O=S(=O)(N[C@H]1CCN(CCCc2noc3ccccc23)C1)c1cccc(Cl)c1,8.817,10,8.33504873809524,158
O=S(=O)(N[C@@H]1CCN(CCCc2noc3ccccc23)C1)c1cccc(Cl)c1,8.38,9,8.617789063492067,158
[C]c1nn([C])c([C])c1S(=O)(=O)N1[C][C]C(=C(C#N)c2ccc(Cl)cc2)[C][C]1,7.398,10,6.17040175925926,159
COCC(=O)Nc1cc(Oc2ccc(NC(=O)Nc3cc(C(C)(C)C)nn3-c3ccc(C)cc3)c3ccccc23)ccn1,8.46,3,7.036031170634916,160
COC(CC(=O)N[C@H]1CC[C@H](CCN2CCN(c3nccc4c3CCO4)CC2)CC1)OC,7.8,6,7.6035781693121685,12
O=C(N[C@H]1CCN(Cc2ccc(C(F)(F)F)cc2)C1)c1cccc(-c2cccs2)c1,6.13,4,7.011360006613757,161
Clc1cccc2cc3n(c12)CCNC3,6.411,10,6.691519956349205,38
Cn1cc(I)c(C(=O)N2CCN(CC(=O)c3ccc(F)cc3)CC2)n1,8.35,8,7.768579457671955,162
OC1(c2ccc(Cl)cc2)C[C@H]2CC[C@@H](C1)N2CCCOc1ccc(F)cc1,6.63,2,6.81108174603174,163
OC1(c2ccc(Cl)cc2)CC2CCC(C1)N2CCCOc1ccc(F)cc1,6.629,5,6.84760856746032,163
O=C(CN1CCC(S(=O)(=O)c2ccccc2)CC1)c1ccc(F)cc1,8.62,3,8.131557365079367,164
Cc1noc(C)c1C1NCCc2c1[nH]c1ccc(F)cc21,6.621,4,7.108388367364118,165
CC(C)N1CCN2c3c(cccc31)[C@@H]1CN(CCCC(=O)c3ccc(F)cc3)CC[C@@H]12,8.122,6,8.346124530423285,166
O=C(CC1CCC1)N[C@H]1CC[C@H](CCN2CCC(c3cccc4c3CCO4)CC2)CC1,7.35,8,7.374484136123131,167
Cn1c(=O)c2c(nc3n2CCCN3CCCN2CCN(c3ccccc3)CC2)n(C)c1=O,6.377,4,6.456602427248674,168
CC(C)COc1ccc(CNC(=O)N(Cc2cc[nH]c2)C2CCN(C)CC2)cc1,7.26,8,7.309357006613762,169
CN(C)Cc1ccccc1Oc1ccc(F)c(F)c1,6.0,6,6.819944802401301,6
CN(C)CCc1sc2ccccc2c1Cc1ccc(F)cc1,10.048,4,7.828919876984128,170
O=C(NC1CCc2ccc(CCN3CCN(c4nsc5ccccc45)CC3)cc21)c1ccccc1,8.322,4,9.5340585952381,171
O=S(=O)(N[C@H]1CC[C@H](CCN2CCN(c3nsc4ccccc34)CC2)CC1)c1cc2cc(Cl)ccc2s1,8.755,3,8.619578578042336,172
CC(C)Oc1ccc(COC(=O)N(Cc2ccc(F)cc2Cl)C2CCN(C)CC2)cc1,8.4,4,8.703044591269839,74
COc1cc2c(cc1OCCN(C)C)N(C(=O)c1ccc(-c3ccc(-c4noc(C)n4)cc3C)cc1)CC2,6.5,1,7.131478421957674,173
OC(c1ccccc1)C1CCN(CCc2ccccc2)CC1,8.601,5,7.491804210317466,11
O=C1NCc2ccc(OCCCN3CCN(c4cccc5cc(F)c(F)cc45)CC3)cc21,7.698,9,8.194707417989408,133
Nc1c(F)cccc1C(=O)CCCN1CC[C@H]2[C@@H](C1)c1cccc3c1N2CCCS3,8.12,9,8.017674613756613,174
O=C(N[C@H]1CC[C@H](CCN2CCC(c3coc4ccccc34)CC2)CC1)c1ccc(N2CCCCC2)cc1,8.16,10,8.0694197010582,175
O=C(NCCCCN1CCN(c2ccccc2)CC1)c1ccccn1,7.0,6,6.858429084656085,176
Cc1ncnc(C)c1-c1cc(NC(=O)C2CC2)ccc1OCCN1CCC2(CC1)CC(=O)N2,7.177,2,7.5597144589947,177
[C]N1[C][C]C(=C2c3ccccc3[C]=[C]c3ccccc32)[C][C]1,9.337,1,7.45976415079365,178
COc1cc(CCNCc2ccncc2)c(OC)cc1Br,6.85,4,7.4226669457671886,179
Cc1cccc([C@H]2C[C@@H]2CN)c1C,6.44,1,6.580701173280421,69
O=C(N[C@H]1CC[C@H](CCN2CCC(c3cccc4c3CCO4)CC2)CC1)C1CC1,7.63,6,7.600507957912463,180
CC(C)=CC(=O)N[C@H]1CC[C@H](CCN2CCC(c3coc4ccccc34)CC2)CC1,8.01,9,8.070204794973545,181
O=C(N[C@H]1CC[C@H](CCN2CCC(c3coc4ccccc34)CC2)CC1)C1CCOCC1,8.611,1,8.444794058201042,182
O=C(O)C1CN(C2CC[C@]3(Cc4ccccc4Cc4ccccc43)C2)CCN1,6.5,6,7.156592760582007,183
Cc1nc(C(=O)NCC(O)CN2CCN(c3cccc(Cl)c3Cl)CC2)c(C)n1-c1ccccc1F,6.981,9,7.081569400793648,101
CCc1cc2c(c(C(F)(F)F)c1)C(=O)N1CCNC[C@@H]21,6.15,8,6.553586523809522,184
CN1CCN(c2nc(N)nc(C(C)(C)[Se]c3ccc4ccccc4c3)n2)CC1,7.458,7,6.9802669973545015,185
CO[C@@H]1CC[C@@H](CC(=O)N[C@H]2CC[C@H](CCN3CCC(c4cccc5c4OCO5)CC3)CC2)C1,7.56,3,7.545076357142856,186
CN1C(=N)N(C)/C(=C/c2c[nH]c3ccccc23)C1=O,6.222,1,6.5446834126984115,187
COc1cc(SSC(C)(C)C)c(OC)cc1CCN,7.23,1,7.312525681216924,188
CC(C)OCc1ccc(CNC(=O)N(Cc2ccc(F)cc2)C2CCN(C)CC2)cc1,8.678,10,8.66314842063493,18
N#CCC(=O)N[C@H]1CC[C@H](CCN2CCN(c3nccc4c3CCO4)CC2)CC1,7.8,9,7.822693824074077,12
CC([Se]c1ccccc1)c1nc(N)nc(N2CCN(C)CC2)n1,6.422,7,6.301475150793652,189
Cc1c(C(=O)NCCCN2CCN(c3cccc(Cl)c3)CC2)cc(-c2ccccc2)n1CC(C)C,6.479,8,6.543726444444444,13
O=C1NCc2ccc(OCCCCN3CCN(c4cccc5cccc(F)c45)CC3)c(F)c21,9.248,2,8.424929066137564,190
COc1ccc(F)cc1C1CC1CNCc1cccc2cccnc12,6.34,6,6.889565871572873,191
O=C(N[C@H]1CC[C@H](CCN2CCC(c3noc4cc(F)ccc34)CC2)CC1)c1ccc(N2CCCCC2)cc1,8.588,2,8.254654769841268,192
CCN1CCC(NC(=O)N(Cc2ccc(OCC(C)C)cc2)Cc2ccn(C)n2)CC1,8.0,2,7.621815502886011,193
NC[C@H]1C[C@@H]1c1cc(F)ccc1OCCF,6.45,9,6.430986681096683,69
O=C1c2nc[nH]c2CCN1CCN1CCC(c2noc3ccccc23)CC1,9.469,8,8.457923925925916,194
O=C(NCC1CC(F)(F)C1)c1ccc(C#Cc2ccc(F)cc2F)cc1,7.0,2,7.009409965608467,195
COc1ccc(NC(=O)c2ccc(-c3ccc(-c4noc(C)n4)cc3C)cc2)cc1NCCN(C)C,8.3,3,7.4379004986772514,196
c1ccc([C@@H]2C[C@H]2NC2CCNCC2)cc1,4.8,10,7.1650361415343955,197
O=C(Nc1cccnn1)N1CCC(=Cc2cccc(Oc3ccc(C(F)(F)F)cn3)c2)CC1,6.6,1,6.871083671957675,198
O=S(=O)(N[C@H]1CC[C@H](CCN2CCN(c3nsc4ccccc34)CC2)CC1)c1cc2ccccc2s1,9.02,9,8.732431117724866,172
O=S(=O)(N[C@H]1CC[C@@H](CCN2CCN(c3nsc4ccccc34)CC2)CC1)c1cc2ccccc2s1,8.69,5,8.908437970899474,172
Fc1ccc2[nH]c3c(c2c1)CCNC3c1cncnc1,7.26,4,6.979371210317462,199
COc1ccc(OC)c(CNCCc2cc(OC)c(Br)cc2OC)c1,7.51,6,7.982586765873022,115
O=C(c1ccc(F)cc1)C1CCN(Cc2cccc(I)c2)CC1,7.898,1,7.134751714285716,200
COC(=O)c1cc2c3c(ccc2[nH]1)OCC(CN1CCC(n2c(=O)[nH]c4ccccc42)CC1)O3,7.495,9,7.280588125541121,201
CC(C)(CN1CCN(C2=Cc3ccccc3Cn3cc(Cl)nc32)CC1)C(=O)O,7.3,7,6.975870488095241,202
C#CCOc1c(OC)cc2c3c1-c1cc(N)ccc1CC3N(C)CC2,6.42,10,6.419412849206346,78
COc1ccccc1-c1cc(CCN(C)C)ccc1Cl,6.601,1,6.683401251322749,203
CN(C)CCCN1c2ccccc2CCc2ccccc21,6.913,6,7.273957796398051,204
CCN(CCN1CCC(c2noc3cc(F)ccc23)CC1)C(=O)C(F)(F)CO,9.05,7,9.064819630952378,31
O=C1CCc2cc(CCCCN3CCN(c4cccc5sc(F)cc45)CC3)ccc2N1,6.06,5,6.568795198412701,205
c1ccc(Cc2ccnc3c2CC[C@@H]2CNCCN32)cc1,8.106,5,7.748500153439154,206
COc1ccccc1N1CCN(CCCON2C(=O)C3C4C(C)=CC(OC(C)=O)(CC4C)C3C2=O)CC1,6.168,6,6.317845383597881,207
Clc1ccc2c3c1SCCN3CCNC2,6.747,8,6.76244674603175,208
O=S(=O)(NCCCCN1CCC(c2noc3cc(F)ccc23)CC1)c1cccs1,8.021,4,8.358303517676772,209
O=C1CN2c3c(cccc3[C@@H]3CN(CCCOc4ccc(F)c(O)c4)CC[C@@H]32)N1,6.959,8,7.757728809523807,210
Fc1ccc(-c2nc(Cc3ccccc3)nc3c2CNCCC3)cc1,6.888,2,8.127059849206358,211
CC[C@@H](O)C(=O)N(CC)CCN1CCC(c2noc3cc(F)ccc23)CC1,8.96,8,8.876171653439151,31
Fc1ccc(-c2nc(Cc3ccccc3)nc3c2CCNC3)cc1,8.048,3,8.147959571428572,212
CCCOc1ccc(CNC(=O)N(Cc2ccc(F)cn2)C2CCNCC23CC3)cc1,8.0,8,8.067468628186628,213
OCCN1CCN(c2nc(Nc3ccc(I)cc3)c3ccccc3n2)CC1,6.418,5,6.555116986171235,214
O=C(O)CC1CCN(C2CC[C@]3(Cc4ccccc4Cc4ccccc43)C2)C1,7.7,8,6.77247280952381,215
CCOC(=O)Cc1nn(CNC(=O)CCCN2CCN(c3ccc(C)c(C)c3)CC2)c(=O)c2c(F)cccc12,7.43,4,7.16604362698413,153
N#Cc1cccn2c(=O)n(CCCCN3CCN(c4cccc5sccc45)CC3)nc12,6.81,1,6.951176574074072,119
CN1CCN(CC2CC3c4ccccc4Cc4ccccc4N3O2)CC1,6.55,9,7.043363931938433,216
CN(C)[C@@H]1Cc2ccccc2[C@@H](c2ccc(F)cc2)C1,6.852,8,6.959154829365076,217
CN(C)[C@H]1Cc2ccccc2[C@H](c2ccc(F)cc2)C1,7.149,6,6.835083816017315,217
CCCNCCc1ccc(Cl)c(-c2ccccc2OC)c1,6.22,4,6.411954174603177,203
O=C(CCCN1CCC(O)(c2ccc(Cl)cc2)C1)c1ccc(F)cc1,6.87,8,7.370644615921119,218
CC(=O)N1CCC(C)c2cc(F)cc(CCN3CCN(c4nsc5ccccc45)CC3)c21,9.358,9,9.465973755291003,219
O=C(N[C@H]1CC[C@H](CCN2CCN(c3cccc4c3OCO4)CC2)CC1)C1COc2ccccc2C1,8.192,2,7.654990253968251,220
CN(C(=O)/C=C/c1ccc(-c2ccc(Cl)cc2)cc1)c1ccc(CN2CCCCC2)cc1,6.44,3,6.778873488095242,221
CCCOc1ccc(CC2=NOC3(CCN(C)CC3)N2Cc2ccn(C)n2)cc1,7.26,5,7.814747003968252,222
CCC(=O)N[C@H]1CC[C@H](CCN2CCC(c3cccc4occc34)CC2)CC1,8.25,4,8.268725435185193,223
CC(C)(C)C(=O)N[C@H]1CC[C@H](CCN2CCC(c3cccc4c3CCO4)CC2)CC1,7.298,2,7.481861666666663,224
CC(C)COc1ccc(CNC(=O)N(Cc2ncccc2F)[C@@H]2CCN(C)C[C@@H]2F)cc1,7.26,3,7.618341717291966,225
COc1cc(CN2CCOCC2)ccc1OCCCN1CCC(c2noc3cc(F)ccc23)CC1,8.31,2,8.20913493650794,226
CNC(=O)c1cncc(OCCCCN2CCN(c3nsc4cc(F)ccc34)CC2)c1,6.819,2,7.374672703703698,227
CCc1ccc2c(n1)C(=O)N(CCN1CCC(c3noc4ccccc34)CC1)CC2,7.549,8,8.050745095238092,228
c1cc2c3c(c1)[C@@H]1CNCC[C@@H]1N3CCCS2,6.79,3,7.0502981441799015,229
O=S1(=O)c2cccc3cccc(c23)N1CCCCCCN1CCN(c2ccc(Cl)cc2)CC1,6.83,1,6.528515531746029,45
COCCNC(=O)COc1ccc(NC(=O)c2cccc(C(F)(F)F)c2)cc1-c1c(Cl)cnn1C,7.28,1,9.026624580687827,230
C[C@H](CNc1cncc(Cl)n1)N1CCN(c2ccccc2)CC1,7.26,3,7.192759063492067,231
c1cc2c3c(ccc2o1)CCNCC3,7.34,5,7.163500447089952,232
COc1cc(C[C@@H](C)N)c(OC)cc1I,9.029,4,7.998050690476192,188
COc1cc(CC(C)N)c(OC)cc1I,7.942,10,8.747017134920638,188
CCn1cc(Cl)c(C(=O)N2CCN(CC(=O)c3ccc(F)cc3)CC2)n1,8.588,9,7.993755706349207,162
CCCOc1ccc(CC2=NOC3(CCN(C)CC34CC4)N2Cc2ccc(F)cn2)cc1,8.0,1,7.750481313492072,233
CN(C1CCN(CCOc2ccccc2-c2ccccc2)CC1)S(=O)(=O)c1ccccc1,7.378,3,7.287822873015874,234
Cc1[nH]c2ccc([N+](=O)[O-])cc2c1C1=CCNCC1,6.0,4,6.8715332354497365,235
NCCc1ccccc1,4.78,8,6.860601855820104,188
Cc1cc2c(cn1)C(=O)N(CCN1CCN(c3nsc4ccccc34)CC1)CC2,9.229,2,8.787736940476188,236
COc1ccccc1N1CCN(CCCN2CCN(C(=O)c3ccccc3)CC2)CC1,4.52,1,5.9440108677248675,237
Fc1cnc2[nH]cc(CCN3CCC4CC43)c2c1,8.05,4,7.251343853174611,238
COc1ccc(N2Cc3ccc(Cl)cc3C2=O)cc1OCCN1CCC(C)CC1,6.1,8,6.476727243386244,71
C[C@@H]1C[C@H]2CNC[C@H]2N1c1nccc(C(F)(F)F)n1,7.6,8,7.169456551587305,239
C[C@H]1C[C@H]2CNC[C@H]2N1c1nccc(C(F)(F)F)n1,7.399,4,7.253981978835981,239
Fc1ccc2[nH]c3c(c2c1)CCNC3C1CCCCC1,7.04,6,6.629823293650794,240
Cn1nccc1-c1cc(NC(=O)Nc2ccc(F)cc2F)ccc1OCCN1CCCCC1,8.492,4,8.971274966931217,90
O=C(C[C@H]1CC[C@H](O)CC1)N[C@H]1CC[C@H](CCN2CCC(c3noc4cc(F)c(F)cc34)CC2)CC1,8.11,2,7.963025013227516,241
COc1cc(SCCCCF)c(OC)cc1CCN,7.33,8,8.213624119047623,188
CCCc1ncccc1Oc1ccc(NC(=O)N2CCc3cc(C)c(Cl)cc32)cn1,6.8,8,6.618032039682539,52
COc1ccc(CCN(CCCc2ccccc2Br)CCc2ccc3c(c2)OCO3)cc1OC,7.269,3,7.054600457671954,47
COc1c(C)nc(C)nc1C(=O)NCCCN1CCN(c2cccc(C)c2C)CC1,6.13,1,6.434513653439149,30
CC1(Oc2cc(Br)ccc2OCCc2ccccc2)CNC1,8.222,9,7.363895134680135,242
COc1cccc(-c2cccn2S(=O)(=O)c2cccc(N3CCNCC3)c2)c1,6.182,4,6.857368328042332,243
C[C@@H](N)Cn1ccc2c(Cl)c(F)ccc21,8.0,3,7.257344605820105,86
C[C@H](N)Cn1ccc2c(Cl)c(F)ccc21,7.4,1,7.528753888888894,86
O=S1(=O)N(CCN2CC=C(c3c[nH]c4cc(F)ccc34)CC2)c2cccc3c2N1CCC3,9.091,1,7.451171523809517,244
CN1CCN(c2cccc3c2ccn3S(=O)(=O)c2ccccc2)CC1,7.39,1,7.087779305555556,245
Clc1ccc(OC2CCc3ccccc3C2)c(OC2CNC2)c1,7.62,4,7.40727216666667,246
C=CCOc1c(OC)cc2c3c1-c1cc(NC(=O)CCC)ccc1CC3N(C)CC2,6.352,9,6.362223719576719,78
Cc1cccc(CNc2cc3c(cc2O)C(c2ccccc2)CN(C)CC3)c1,8.0,4,7.231330920634923,247
CS(=O)(=O)c1ccc(C(=O)N[C@H]2CC[C@H](CCN3CCC(c4coc5ccccc45)CC3)CC2)cc1,8.239,8,8.063533900793649,55
CC(=O)N[C@H]1CC[C@H](CCN2CCC(c3noc4cc(Cl)ccc34)CC2)CC1,7.622,4,7.909636329365079,109
COc1ccccc1N1CCN(CCCCOc2ccn3nc(CO)cc3c2)CC1,6.6,5,6.896922680708188,248
CCN(C)CCc1c(-c2cc(C(F)(F)F)cc(C(F)(F)F)c2)[nH]c2ccccc12,9.72,3,8.941939330687825,249
O=C(c1cnn2cccnc12)N1CCN(CCc2ccc(F)cc2F)CC1,8.42,1,8.383565817460317,250
NCC1Cc2ccccc2-c2ccccc21,6.149,3,6.902170367003372,251
CC(C)COc1ccc(CNC(=O)N(Cc2ncc(F)cc2Cl)C2CCN(C)CC2)cc1,7.0,10,7.499075148148152,225
[2H]C([2H])([2H])N1C[C@@H](NC(=O)N(CC)CC)C=C2c3cccc4[nH]cc(c34)CC21,10.398,2,8.685329232323234,53
CCN(CC)C(=O)N[C@H]1C=C2c3cccc4[nH]cc(c34)C[C@H]2N(C)C1,8.541,10,9.274748642857151,53
CCN(CC)C(=O)N[C@@H]1C=C2c3cccc4[nH]cc(c34)C[C@H]2N(C)C1,9.131,8,8.997883876984126,53
O=C1c2ncccc2CCC1CCN1CCC(c2noc3ccccc23)CC1,8.45,3,8.470991944444444,252
COc1ccc(CN(C(=O)NCc2ccc(OCC(C)C)cc2)C2CCN(C)CC2)nc1,8.0,7,7.8323562896825445,225
N#CCC(=O)N[C@H]1CC[C@H](CCN2CCC(c3coc4ccccc34)CC2)CC1,8.222,9,8.258000074074076,181
CNCc1cc(OCc2cc(F)ccc2F)n(Cc2ccc(F)cc2)n1,8.89,5,8.71264442857143,253
O=C1Cc2cc(OC3CN(c4c5c(nc6ccnn46)CCNCC5)C3)ccc2N1,6.12,6,6.765748988095236,254
CC(C)c1ccccc1OCCN1CCC(N(CC2CC2)S(=O)(=O)c2cccc(F)c2)CC1,6.37,2,6.633243330687827,255
COC(=O)[C@@H]1[C@H]2C[C@H]3c4[nH]c5ccccc5c4CCN3C[C@@H]2CC[C@@H]1O,6.599,9,7.154517363636364,256
COc1ccc(C2NCCc3c2[nH]c2ccc(F)cc32)c(O)c1,8.492,1,7.349890779100532,44
CN1CCN(c2nc(N)nc(CSc3ccccc3)n2)CC1,6.71,7,6.4130206322751295,257
O=c1c(-c2ccccc2)c2ccccn2c(=O)n1CCCCN1CCCC(c2c[nH]c3ccccc23)C1,6.36,4,6.939531571428568,258
O=C(c1cnc2ccccn12)N1CCN(CCc2ccc(F)cc2F)CC1,8.77,7,8.488453235449732,259
CC(C)(C)n1nc2c(c1-c1ccccc1)CCNCC2,7.721,3,7.671060017195774,67
COc1cc(C[C@H]2CCC[C@H](c3ccccc3O)N2)c(OC)cc1C#N,6.031,1,7.215565633699637,260
COc1cc(C[C@@H]2CCC[C@@H](c3ccccc3O)N2)c(OC)cc1C#N,7.04,8,6.528681556878308,260
O=C(NCCCCN1CCN(c2ccccn2)CC1)c1cc2ccccc2cn1,6.083,5,7.225828095238094,261
CCN1CCC(N(Cc2ccc(F)cc2F)C(=O)OCc2ccc(OC(C)C)cc2)CC1,9.4,2,8.672905058201055,74
Cn1nccc1-c1cc(NC(=O)c2ccc(F)cc2F)ccc1OCCN1CCOCC1,8.068,4,8.23901085449735,262
CC(C)Oc1ccc(/C=C/C(=O)N(Cc2ccc(F)cc2F)C2CCN(C)CC2)cc1,7.4,4,7.920828186507934,263
NC[C@H]1C[C@@H]1c1ccc(F)cc1F,6.261,9,6.785840835978833,69
CCCN(CCC)CC1COc2cccc(OC)c2C1,4.8,5,6.591108920634923,264
O=C1CN2c3c(cccc3[C@@H]3CN(CCCOc4ccc(F)cc4O)CC[C@@H]32)N1,7.72,6,7.88512222619047,210
COc1cccc(C(=O)Nc2ccc(OCCN3CCN(S(C)(=O)=O)CC3)c(-c3ccnn3C)c2)c1,7.55,4,8.25131753703704,265
CC1CNCCc2cc(OCc3ccccc3)c(Br)cc21,7.66,6,7.271251496392497,266
O=C(N[C@H]1CC[C@H](CCN2CCN(c3nccc4c3CCO4)CC2)CC1)c1ccc(-n2cccn2)cc1,7.447,9,7.6933534431216986,267
COc1cc(CCNCc2ccc(Br)cc2)c(OC)cc1Br,9.1,7,8.03898343518518,115
COc1cccc(C(=O)Nc2ccc(OCCN3CCC3)c(-c3c(C)noc3C)c2)c1,8.569,9,8.26277442063493,268
CN(C)[C@@H]1Cc2ccccc2[C@@H](c2cccc([N+](=O)[O-])c2)C1,7.13,6,6.566532047619048,217
CN(C)[C@H]1Cc2ccccc2[C@H](c2cccc([N+](=O)[O-])c2)C1,6.3,4,7.103395529220781,217
CCC(=O)NC1CCc2cc(CCN3CCN(c4nsc5ccccc45)CC3)ccc21,9.601,2,9.804021800264545,26
CC(C)NCCc1cccc2[nH]cc(S(=O)(=O)c3ccccc3)c12,6.575,4,6.616094173280422,56
COc1ccc2[nH]cc(CCCCN3CCN(c4cccc5sccc45)CC3)c2c1,6.41,6,6.636243686507935,66
CN1CCN(c2ccnc(NCCc3ccccc3)n2)CC1,6.14,6,7.298604424603176,269
CC(C)COc1ccc(CN(Cc2cnn(C)n2)C(=O)NC2CCN(C)CC2)cc1F,8.0,1,8.201994005411256,270
O=C1c2ccccc2S(=O)(=O)N1CCCCCN1CCN(c2cccc3ccccc23)CC1,6.98,7,6.875750367724865,271
CN1CCC(N(Cc2ccc(F)cn2)C(=O)NCc2ccc3c(c2)CC(C(F)(F)F)O3)CC1,8.112,1,8.214312556878305,272
O=C1c2cc(Cl)ccc2CC1CCN1CCN(c2ccccn2)CC1,6.91,8,6.726457496031746,273
O=S(=O)(NCCCCN1CCC(c2noc3cc(F)ccc23)CC1)c1ccc(Cl)c(Cl)c1,8.31,9,8.463144203703704,274
CC([Se]c1ccc2ccccc2c1)c1nc(N)nc(N2CCN(C)CC2)n1,6.89,3,7.040703607142855,185
CCCOc1ccc(CNC(=O)N(Cc2cc(C)n(C)n2)C2CCN(C)CC23CC3)cc1,8.0,6,8.120434243386244,275
COc1ccccc1C(C)NCC1CC1c1cc(F)ccc1OC,6.622,3,6.830128010582002,276
O=C1[C@@H]2[C@H](C(=O)N1CCCCN1CCN(c3nsc4ccccc34)CC1)[C@H]1C=C[C@@H]2C1,7.447,10,8.338902015873016,277
CCCN(CCC)CCc1c[nH]c2ccccc12,7.249,2,6.468829598484843,86
CC1CCCCN1CCc1cccc2[nH]cc(S(=O)(=O)c3ccccc3)c12,7.048,2,7.47032574819625,278
CNCc1cc(OCc2ccc(F)cc2F)n(CC2CCCC2)n1,9.7,5,8.833221813492063,279
CNC(=O)c1cccc(OCCCCN2CCN(c3nsc4cc(F)ccc34)CC2)n1,7.38,6,7.18318623809524,280
CC1(C)CN2CCNCc3ccc(Br)c1c32,7.44,9,6.7122539166666675,281
Cc1ncsc1C(=O)Nc1ccc(OCCN2CCC2)c(-c2c(C)ncnc2C)c1,8.577,9,7.963101607142862,282
Fc1ccc(OCCCN2CCN(c3ccccn3)CC2)cc1,7.747,5,7.33658874074074,283
CC(C)COc1ccc(CN(Cc2ccc(F)cc2)C2=NC3(CCN(C)CC3)CO2)cc1,7.26,3,7.744923874338627,284
Cc1ccc(C2=CC(NC(C)(C)C)=NCCN2)c(C)c1,7.15,9,7.381201488095234,285
Cc1[nH]c2ccc(Cl)cc2c1C1=CCNCC1,6.62,7,6.650509523809526,235
O=C1NCc2ccc(OCCCCN3CCN(c4cccc5cc(F)c(F)cc45)CC3)cc21,8.101,8,8.109715312169314,190
COc1ccccc1C1NCCc2c1[nH]c1ccc(Cl)cc21,6.68,10,6.696935988095242,44
O=S(=O)(c1ccc(F)cc1)c1ccc(/C=C/c2ccc(F)cc2)cn1,7.551,7,7.694678452380951,286
CC(C)COc1ccc(CNC(=O)N(Cc2ccc(F)cn2)C2CCN(C)CC2(F)F)cc1,8.0,1,8.232759933862432,225
CN(C)CCc1cn(CCF)c2cccc(O)c12,6.728,8,6.801380900793656,86
Cc1cccc(S(=O)(=O)NCCCCN2CCC(c3noc4cc(F)ccc34)CC2)c1,8.68,10,8.451775253968263,274
CS(=O)(=O)c1ccc2c(c1)N(CCCN1CCC(C(=N)O)CC1)c1ccccc1S2,8.824,5,7.582180717291968,287
COc1ccc(NC(=O)Nc2cccc(Cl)c2)cc1-c1c(Br)cnn1C,9.5,5,9.121879869047618,102
N#Cc1ccc(CNC(=O)CCCCCN2CCN(c3ccccc3-c3ccccc3)CC2)cc1,6.2,7,6.704518009259253,288
CS(=O)(=O)CC(=O)N[C@H]1CC[C@H](CCN2CCC(c3cccc4occc34)CC2)CC1,8.278,7,8.300960543650797,223
CN1CCC(N(Cc2ccc(F)cn2)C(=O)NCc2ccc(CCC(F)(F)F)cc2)CC1,7.322,8,8.152873936507941,225
Fc1ccc(CCN2CCN3c4cccc5scc(c45)CC3C2)cc1,6.036,1,7.353442185185188,289
Clc1ccc2[nH]c3c(c2c1)CCNC3c1ccc(Cl)s1,6.75,4,6.482950175925922,290
COc1ccccc1N1CCN(CCCCNC(=O)c2ccc(-c3ccccn3)cc2)CC1,6.64,8,6.725152116402121,291
NCCc1c[nH]c2cc(F)ccc12,8.34,9,7.901135313492073,86
Cc1nc2n(c(=O)c1CCN1CCC(c3noc4cc(F)ccc34)CC1)CCCC2(C)O,8.021,7,8.459982222222223,292
CC(C)CC(=O)N[C@H]1CC[C@H](CCN2CCC(c3cccc4c3OCO4)CC2)CC1,7.54,7,7.631649173280419,62
COC(C)(C)C(=O)Nc1ccc(OCCN2CCCC2)c(-c2c(C)ncnc2C)c1,7.058,6,7.667650083333331,293
CC(=O)Nc1ccc(OCCCN2CCN(c3cccc(Cl)c3Cl)CC2)cc1,6.54,1,6.855183412698406,294
O=Cc1cc2cc(OCCCCN3CCN(c4cccc(Cl)c4Cl)CC3)ccn2n1,7.25,8,7.461902638888896,248
Cc1ncc2c(=O)n(CCN3CCC(c4noc5ccccc45)CC3)ccc2n1,8.12,1,8.075040284391529,295
Cc1ncnc(C)c1-c1cc(NC(=O)c2cccn2C)ccc1OCCN1CCCC1,7.932,3,7.8334205476190455,296
COc1cccc(CC(=O)Nc2ccc(OCCN3CCCC3)c(-c3c(C)ncnc3C)c2)c1,8.407,10,8.479584841269844,297
COc1cc2c3c(c1)-c1c(cccc1OCCCF)C[C@H]3N(C)CC2,6.361,5,6.673359843915346,78
COc1cc2c3c(c1OCC1CC1)-c1cc(N(C)C)ccc1CC3N(C)CC2,6.06,2,6.572831272486773,298
CC1CC2(C)CC(=O)C1C1C(=O)N(OCCCN3CCN(c4ccccc4F)CC3)C(=O)C12,6.04,3,6.600783380952386,299
Oc1c(Cl)cccc1C1NCCc2c1[nH]c1ccc(F)cc21,6.562,2,6.860420247354494,44
CN(C)C[C@H]1CC2c3ccccc3Sc3ccc(F)cc3[C@H]2O1,9.435,10,8.021518134920635,300
CN(C)C[C@H]1C[C@@H]2c3ccccc3Sc3ccc(F)cc3[C@H]2O1,8.798,2,8.347689718253958,300
CN(C)C[C@@H]1CC2c3ccccc3Sc3ccc(F)cc3[C@H]2O1,7.89,9,8.67735163756614,300
Cn1ncc(Br)c1-c1cc(NC(=O)Nc2ccc(F)cc2F)ccc1OCCN1CCCC1,9.742,1,9.19323901587302,301
C#Cc1cc(Nc2ncnc(Oc3ccc(NC(=O)Nc4cc([Si](C)(C)C)nn4-c4ccc(C)cc4)c4ccccc34)n2)cc(C(=O)NCCN2CCOCC2)c1,6.967,7,6.770197996031745,302
COc1cc(C2CCNC2)c(OC)cc1Br,8.195,2,7.088412529100527,303
Nc1cccc(-c2ccc(CCN3CCN(c4cccc5cccnc45)CC3)cc2)n1,7.852,5,7.020508420634919,304
Fc1ccc2c(C3CCN(CCCOc4ccc(CCN5CCOCC5)cc4)CC3)noc2c1,7.068,7,8.228744785714287,305
Cc1ccc(-n2nc([Si](C)(C)C)cc2NC(=O)Nc2ccc(Oc3ccnc(Nc4ccc5[nH]ncc5c4)n3)c3ccccc23)cc1,6.42,2,6.67233511904762,306
CCN(CCN1CCC(c2noc3cc(F)ccc23)CC1)C(=O)C1(O)CCCN(C(C)=O)C1,8.798,1,8.729152404761903,307
CCCN1CCC(n2c(=O)[nH]c3cc(Cl)ccc32)CC1,4.67,8,6.976562670634919,308
CN(C)C[C@@H]1C[C@@H]2c3ccccc3Cc3ccccc3N2O1,8.119,3,7.2987388544973575,309
CN(C)CC1CC2c3ccccc3Cc3ccccc3N2O1,7.64,3,7.2987388544973575,309
Clc1ccc2sc(CCCCN3CCc4ccccc4C3)nc2c1,6.164,4,6.5381013121693154,70
F[C@@H]1CCNC[C@H]1c1c(-c2ccccc2)[nH]c2c(Cl)cccc12,9.16,8,8.134664060966811,310
CCCN(CC)CCc1c[nH]c2c(F)c(F)c(F)cc12,6.69,2,6.512670713564213,86
COc1cc(CCNCc2ccc(I)cc2)c(OC)cc1Br,8.964,4,8.28286984920635,115
Clc1ccc(Nc2nc(N3CCNCC3)nc3ccccc23)cc1,6.815,6,6.885012996031749,214
CS(=O)(=O)N[C@H]1CC[C@H](CCN2CCN(c3nccc4sccc34)CC2)CC1,8.54,6,8.781465289682536,311
COc1ccc(CCN(CCCc2ccc(F)cc2)CCc2ccc3c(c2)OCO3)cc1OC,6.73,5,6.820905809523814,47
COc1ccc(C2NCCc3c2[nH]c2ccc(F)cc32)cc1OC,6.595,2,7.048539300264548,44
COc1ccccc1N1CCN(CCCN(CC2CC2)S(=O)(=O)c2cccc3cccnc23)CC1,6.251,3,7.006104197089948,312
CNC(=O)c1cccc(OCCCCN2CCN(c3cccc(Cl)c3Cl)CC2)n1,6.04,1,6.887377761904765,313
Cc1noc(C)c1-c1cc(NC(=O)C2(F)CC2)ccc1O[C@@H]1CCNC1,8.442,7,7.587920684102933,314
COc1ccc2c(c1)-c1c(ccn1CC(C)N)C2(C)C,8.0,8,7.341333436507943,315
C[C@@H]1C=C(c2c[nH]c3ncccc23)CN(C)C1,6.96,5,7.657441373015876,316
CC(C)COc1ccc(CN(Cc2ccn(C)n2)C(=O)NC2CCN(CC3CCC3)CC2)cc1,8.0,2,7.651560289923039,317
COc1ccc(CN(C)C)c(Oc2ccc(Cl)c(Cl)c2)c1,7.43,7,6.882515516594515,6
O=C1CC(CN2CCC(c3noc4cc(F)ccc34)CC2)Cc2ccccc21,8.56,2,8.146398383838378,318
CC(C)CC(=O)N[C@H]1CC[C@H](CCN2CCN(c3cccc4c3OCO4)CC2)CC1,7.609,6,7.687250351851858,4
O=C(N[C@H]1CC[C@H](CCN2CCC(c3cccc4c3OCO4)CC2)CC1)c1ccc(N2CCOCC2)cc1,7.73,2,7.581844056878308,319
COC1(C(=O)N[C@H]2CC[C@H](CCN3CCN(c4cccc5c4OCO5)CC3)CC2)CC1,8.201,6,7.848171875661373,320
CO[C@H]1CC[C@H](CC(=O)N[C@H]2CC[C@H](CCN3CCC(c4cccc5c4OCO5)CC3)CC2)CC1,7.46,5,7.529677214285709,321
O=C(N[C@H]1CC[C@H](CCN2CCC(c3cccc4c3OCO4)CC2)CC1)C1CCOCC1,8.021,4,7.8013776984127,322
C#CCSc1cc(OC)c(CCN)cc1OC,8.958,4,7.964831638888892,188
COc1cc(Nc2nccc(Oc3ccc(NC(=O)Nc4cc([Si](C)(C)C)nn4-c4ccc(C)cc4)c4ccccc34)n2)cc(C(=O)NCCN2CCOCC2)c1,6.848,2,6.891480775132279,323
COc1cc2c(cc1C(F)(F)F)N(C(=O)Nc1cccc(-c3c(C)ccnc3C)c1)CC2,6.7,2,6.62654246164021,324
O=C1NCC(=O)N(CCCCN2CCN(c3cccc4sccc34)CC2)c2cc(F)ccc21,7.61,8,7.627310898148144,325
CC1(C(=O)N[C@H]2CC[C@H](CCN3CCC(c4cccc5c4OCO5)CC3)CC2)COC1,7.66,9,7.747764046296302,326
O=S(=O)(c1ccc(Cl)cc1)C1CCN(CCc2ccc(F)cc2F)CC1,8.85,7,8.613524630952378,35
CN1CC(C)(C)N2c3c(cccc31)[C@@H]1CN(CCCC(=O)c3ccc(F)cc3)CC[C@@H]12,8.28,3,8.212237212000963,166
NC1c2ccccc2Cc2ccccc21,4.92,8,6.887072218253964,151
NC(=O)c1ccc(S(=O)(=O)C2CCN(CCc3ccc(F)cc3F)CC2)cc1,9.28,5,8.523402933862428,35
Cn1cnc(S(=O)(=O)N[C@H]2CC[C@H](CCN3CCN(c4cccc5c4OCO5)CC3)CC2)c1,7.169,6,7.420039756613761,327
CS(=O)(=O)CC(=O)N[C@H]1CC[C@H](CCN2CCC(c3coc4ccccc34)CC2)CC1,8.45,4,8.274737097041857,181
CCOC(=O)N[C@H]1CC[C@@H](CCN2CCN(c3nsc4ccccc34)CC2)CC1,9.57,6,9.074193882275134,328
CCOC(=O)N[C@H]1CC[C@H](CCN2CCN(c3nsc4ccccc34)CC2)CC1,9.28,4,9.224286317460315,328
[2H]c1c([2H])c([2H])c([C@@H]2C[C@@H](N3CCN(C([2H])([2H])[2H])C(C)(C)C3)c3cc(Cl)ccc32)c([2H])c1[2H],9.02,7,7.546668288359788,329
O=C1c2ncccc2CCN1CCN1CCN(c2nsc3cc(F)ccc23)CC1,8.521,1,8.432980480158726,330
CC(C)n1nc2c(c1-c1ccccc1)CCNCC2,7.62,10,7.790760954545457,67
COc1cc(SC(F)(F)F)c(OC)cc1CCNCC1CC1,7.868,9,7.5253469414381975,331
COc1ccccc1N1CCN(CCCCOc2ccn3ncc(/C=N/O)c3c2)CC1,7.03,2,6.822439990740743,248
COc1cccc(Nc2nc(Cc3ccccc3)nc3c2CCNCC3)c1,7.09,1,7.605864563492058,332
COc1ccc(CCN(CCCc2cccc(Br)c2)CCc2ccc3c(c2)OCO3)cc1OC,6.989,9,6.811230443121692,47
Brc1ccc(OCCc2ccccc2)c(OC2CNC2)c1,8.0,2,7.694051515873016,242
Cc1nc(C(=O)NCC(O)CN2CCN(c3cccc(Cl)c3Cl)CC2)c(C)n1-c1ccc2c(c1)OCCO2,8.008,1,7.088811619047619,333
COc1cnc2c(c1)CCN(CCN1CCN(c3nsc4ccccc34)CC1)C2=O,9.337,1,8.785572911135167,330
CC(C)COc1ccc(CN(Cc2ccc(F)cn2)C2=NC(=O)C3(CCN(C)CC34CC4)N2)cc1,7.26,10,7.977315611111109,334
Cc1noc2c1C(=O)N(CCN1CCN(c3nsc4ccccc34)CC1)CC2,9.152,6,8.766358121693125,335
Cc1cnn(C)c1C(=O)Nc1ccc(OCCN2CCCC2)c(-c2c(C)ncnc2C)c1,7.754,4,8.159175643578646,336
Cn1cc(CCN)c2ccccc21,6.68,9,7.265685902116403,86
COc1ccccc1N1CCN(CCCCOc2ccc3c(/C=N/O)cnn3c2)CC1,7.0,2,6.79201943386244,337
CCN(CCN1CCC(n2ncc3cc(F)ccc32)CC1)S(=O)(=O)CCO,8.51,3,8.726601761904762,338
CCCCc1ccc(CN(Cc2cnn(C)n2)C2=NOC3(CCN(C)CC3)N2)cc1,8.0,7,7.698112093073599,339
Cn1ncc(Cl)c1-c1cc(NC(=O)c2cccc(C(F)(F)F)c2)ccc1OCCN1CCNC(=O)C1,8.28,8,7.943373119047617,340
C[C@@H](COc1ccccc1Cl)n1nc(N2CCNCC2)ccc1=O,7.189,7,6.830308169552668,341
C[C@@H](Cn1ccc2ccc3ncccc3c21)NCc1ccc2c(c1)OCO2,6.424,4,6.85810145767196,342
O=C(NCCCCN1CCN(c2ccccc2)CC1)c1cc2ccccc2o1,6.41,6,7.497123272486767,99
CCOc1noc2c1CCNCC2,4.55,2,6.053039380952376,343
CN1CCCC(CN2c3ccccc3Sc3ccccc32)C1,6.69,2,7.851545904761904,344
O=S(=O)(NCCCN1CCN(c2nsc3ccccc23)CC1)c1ccc(OC(F)(F)F)cc1,8.02,6,8.066983801587307,345
Clc1ccc2[nH]c3c(c2c1)CCNC3c1ccc2ccccc2c1,7.82,10,6.646995842592599,346
CCCC([Se]c1ccccc1)c1nc(N)nc(N2CCN(C)CC2)n1,6.21,7,6.208595268518516,189
COCCC(=O)N[C@H]1CC[C@H](CCN2CCC(c3cccc4c3OCO4)CC2)CC1,7.419,4,7.554379961640213,62
Cc1noc(C)c1-c1cc(NC(=O)C2CC2)ccc1O[C@H]1CCNC1,6.73,2,7.748583578042318,314
Cc1noc(C)c1-c1cc(NC(=O)C2CC2)ccc1OC1CCNC1,8.0,10,7.256416380952378,314
CCN(CCCN1CCC(c2noc3cc(F)ccc23)CC1)S(=O)(=O)CCO,8.959,5,8.294569750000003,31
CC(=O)Nc1ccc(OCC(O)CN2CCC(c3noc4cc(F)ccc34)CC2)cc1,7.141,4,8.152737654761905,347
Cn1cc(CCN)c2c3c(ccc21)OCCC3,8.09,4,7.467088283068785,348
COCC(=O)N[C@H]1CC[C@H](CCN2CCN(c3nccc4sccc34)CC2)CC1,8.66,7,8.61290694312169,311
Cc1cc(OCc2nc(N)nc(N3CCN(C)CC3)n2)ccc1Cl,6.708,2,6.220102682539685,349
O=S(=O)(c1cncc2ccccc12)N1CCC[C@H]1CCN1CC=C(c2c[nH]c3ccc(Cl)cc23)CC1,6.62,3,6.918547423881671,350
COc1ccc2[nH]cc(CCCN3CCN(c4cccc5sccc45)CC3)c2c1,6.18,9,6.897507415343915,351
COc1ccc(NC(=O)Nc2ccc(Cl)cc2C(F)(F)F)cc1-c1c(Cl)cnn1C,7.886,5,8.67202509259259,102
COc1cnc2[nH]cc(CCN(C)C3CC3)c2c1,8.02,1,6.883476384199135,352
CSc1ccccc1N1CCN(CCCCNC(=O)c2n[nH]c3ccccc23)CC1,6.749,10,6.8881579259259205,103
COc1cc(Cl)c(OC)nc1CCN,6.578,3,6.995305835978832,353
CCc1cccc2c1C(=O)N1CCNC[C@H]1C2,7.649,9,6.820015816137564,147
CCCCc1ccc(S(=O)(=O)Nc2ccc3c(c2)CNCC3)cc1,7.9,2,7.509755599206348,354
CS(=O)c1ccc(-c2nc(-c3ccncc3)c(-c3ccc(F)cc3)[nH]2)cc1,7.921,1,6.970586000000002,355
CC(N)Cn1ccc2cc(Cl)c(F)cc21,7.4,4,7.174058169312167,86
O=C(CCCCN1CCN(c2ccccc2O)CC1)n1c2ccccc2c2ccccc21,6.59,4,6.9810618306878265,356
CCc1nc(C(=O)NCCCN2CCN(c3cccc(Cl)c3Cl)CC2)c(C)n1-c1ccccc1,7.32,7,7.534837445045694,101
COc1cccc(N2CCN(CCCCCCN3C(=O)c4cccc5cccc3c45)CC2)c1,6.19,9,6.279728552910056,357
COc1ccccc1CNCCc1c[nH]c2ncc(C#N)cc12,8.11,3,7.697522608465604,358
Cc1noc(C)c1-c1cc(NC(=O)C2CC2)ccc1OCCN1C[C@H]2C[C@H]2C1,7.86,10,8.046315466931214,359
COc1cc(SC(F)(F)F)c(OC)cc1CC(C)N,8.205,9,8.147232381553632,188
O=C(c1nn2ccccc2c1Br)N1CCN(CCc2ccc(F)cc2F)CC1,9.098,8,8.812694984126983,360
O=C(N[C@H]1CC[C@H](CCN2CCN(c3nccc4c3CCO4)CC2)CC1)c1ccc2c(c1)OCO2,7.752,8,7.849522714285708,361
CN(C)[C@H]1Cc2ccccc2[C@H](C2CCCCCCC2)C1,6.431,4,7.349933321428572,362
CN(C)[C@@H]1Cc2ccccc2[C@@H](C2CCCCCCC2)C1,7.52,4,7.349933321428572,362
Cn1ncc(Cl)c1-c1cc(NC(=O)Nc2ccc(Cl)cc2)ccc1OCCN1CCOCC1,9.212,4,9.392257966931215,363
CNCc1cc(OCc2cc(F)ccc2F)n(CCC(C)(C)C)n1,9.189,8,8.575288921837416,364
O=C1CCc2ccc(OCCCCN3CCN(c4cccc(Cl)c4Cl)CC3)cc2N1,8.035,8,7.476620476190473,365
CN(C)CC1C[C@@H]2c3ccccc3OCc3ccccc3[C@H]2O1,7.04,6,7.314954208152958,366
Cc1cc2c3c(c1Cl)C(C)CN3CCNC2,6.729,6,6.856897539682535,281
COc1cc(CCNCc2cccc3c2OCO3)c(OC)cc1C#N,7.665,9,7.093486874338614,367
Cc1nc2n(c(=O)c1CCN1CCN(c3cccc4sccc34)CC1)CCCC2(F)F,7.765,10,7.57868611640212,368
NC1CC1c1c[nH]c2ccc(F)cc12,7.99,9,6.9911873015873,369
CCN1C(=N)N(C)/C(=C/c2c[nH]c3cc(F)ccc23)C1=O,6.761,8,7.273239007936511,187
Fc1ccc(-c2ccc(CCCNc3ccc(CN4CCCCC4)cc3)nn2)cc1,7.47,3,6.984788718253967,370
Cn1c(=O)c2c(nc3n2CCC(=O)N3CCCN2CCN(c3ncccn3)CC2)n(C)c1=O,4.55,6,5.261652256613756,371
O=C(C[C@H]1COCCO1)N[C@H]1CC[C@H](CCN2CCC(c3cccc4c3OCO4)CC2)CC1,7.928,8,7.811984063251563,372
O=C(C[C@@H]1COCCO1)N[C@H]1CC[C@H](CCN2CCC(c3cccc4c3OCO4)CC2)CC1,7.77,1,7.874234841269842,372
O=C(CC1COCCO1)N[C@H]1CC[C@H](CCN2CCC(c3cccc4c3OCO4)CC2)CC1,7.858,6,7.839736613756613,372
O=C1Cc2cc(CCN3CCN(c4cc(F)cc5sccc45)CC3)ccc2N1,7.76,5,7.276096182539682,132
CC(C)COc1ccc(CN(Cc2ccn(C(F)F)n2)C2=NOC3(CCN(C)CC3)N2)cc1,8.0,3,7.753020547619052,373
NCCc1c[nH]c2ccc(Br)cc12,8.29,1,7.58691778439153,86
O=Cc1cnn2ccc(-n3cc(CCCN4CCN(c5cccc(Cl)c5Cl)CC4)nn3)cc12,8.16,1,7.706149042328039,374
Fc1ccc2[nH]c3c(c2c1)CCNC3c1ccccc1,7.05,9,6.582668214285713,44
O=C(c1cc(Br)cn2ccnc12)N1CCN(CCc2ccc(F)cc2F)CC1,8.301,10,8.697433087301588,375
Cn1nc(CCCN2CC[C@H]3[C@@H](C2)c2cccc4c2N3CC(=O)N4)c2ccc(F)cc21,7.91,1,8.09434233068783,376
O=C1CCc2ccc(OCCCCN3CCN(c4cccc5ccc(F)cc45)CC3)nc2N1,9.551,9,8.515145472222214,377
O=S(=O)(c1cccc2ncccc12)N1CCC(CCN2CCN(c3cccc(F)c3)CC2)CC1,6.18,4,6.686675195767194,41
CCC(Sc1cccc(Cl)c1Cl)c1nc(N)nc(N2CCNCC2)n1,6.94,6,6.823376472222216,257
Nc1nc2c(CCN3CCN(c4cccc5sccc45)CC3)cccc2s1,8.132,7,7.68618633597884,378
O=C(CCCCN1CCC(c2ccccc2)CC1)c1nc2ccccc2s1,8.469,3,6.833225210317461,379
CC(N)Cn1ccc2ccc3ccccc3c21,7.42,1,6.903956386243382,380
O=S(=O)(CC1CCN(CCCc2noc3cc(F)ccc23)C1)c1ccc(F)cc1,7.878,8,8.431479167989416,381
O=C1c2ccccc2C(=O)N1CCCCN1CCN(c2cccc3sccc23)CC1,6.168,6,7.038762119047619,382
CCC(Oc1cc(F)ccc1C(F)(F)F)c1nc(N)nc(N2CCN(C)CC2)n1,6.551,6,6.352347236772487,349
Cc1cccc(N2CCN(CCCC(=O)NCn3nc(CC(N)=O)c4cccc(F)c4c3=O)CC2)c1C,6.841,3,6.9505916997354555,153
Fc1ccc2c([C@@H]3CNCC[C@H]3F)c(-c3cccnc3)[nH]c2c1,9.46,2,9.495386208994708,383
O=C(c1ccc(F)cc1)C1CCN(CCc2ccc(I)cc2)CC1,8.44,5,8.361661882275138,85
Cc1cccc(N2CCN(CCCCNC(=O)c3ccccn3)CC2)n1,6.62,4,6.986942650793647,384
O=C(N[C@H]1C[C@H](CCN2CCN(c3cccc(Cl)c3Cl)CC2)C1)c1nccs1,9.102,8,8.243871775132282,385
CC(C)COc1ccc(CN(Cc2cc(-c3ccccc3)n(C)n2)C(=O)NC2CCN(C)CC2)cc1,7.26,1,7.741055956349208,386
CN1CCc2cc(NCc3ccccc3)c(O)cc2C(c2ccccc2)C1,8.348,5,7.052195429413179,247
COc1ccccc1N1CCN(CCCN2CCCCn3c2nc2c3c(=O)n(C)c(=O)n2C)CC1,6.25,2,6.290987393217891,387
Cc1ncnc(C)c1-c1cc(NC(=O)c2ccnn2C)ccc1OCCN1CCC1,8.053,8,8.047907506613754,388
O=C(N[C@H]1CC[C@H](CCN2CCC(c3noc4ccc(F)cc34)CC2)CC1)c1ccc(N2CCOCC2)cc1,7.651,5,7.752967226791723,389
CNCc1cc(OCc2ccccc2C)n(C(C)C2CCCCC2)n1,8.481,6,8.448796046296303,91
O=C1c2cccc3cccc(c23)N1CCCCCCN1CCN(c2ccccn2)CC1,6.05,10,6.635373753968252,390
CCN(CCN1CCC(c2c[nH]c3ccccc23)CC1)C(=O)[C@H](C)O,8.74,7,8.255896148148148,391
CCN(CCN1CCC(c2c[nH]c3ccccc23)CC1)C(=O)[C@@H](C)O,8.01,1,8.58011928547379,391
CCN(CCN1CCC(c2c[nH]c3ccccc23)CC1)C(=O)C(C)O,8.68,10,8.307350398148145,391
COc1cccc(CN2CC[C@H](NC(=O)c3ccc(-c4cccs4)cc3)C2)c1,7.66,10,7.360943888888884,392
CC(C)COc1ccc(CNC(=O)N(Cc2ccc(F)cc2)C2CCNCC2)cc1,9.221,2,7.865094210317461,18
N#Cc1ccc(S(=O)(=O)N(CCCN2CCC(c3noc4cc(F)ccc34)CC2)C2COC2)cc1,7.95,1,7.6968615476190525,393
CCN(CCN1CCC(c2noc3cc(F)ccc23)CC1)C(=O)C1CCCCC1O,9.521,3,8.951671457190955,394
CC(C)(C)NC1=NCCN=C(c2ccccc2)C1,7.456,3,7.137244583333336,395
O=S(=O)(NCCCN1CCN(c2noc3ccccc23)CC1)c1ccc2ccccc2c1,6.959,4,7.8905608941798935,396
NC(=O)c1ccccc1S(=O)(=O)c1ccc(/C=C/c2ccc(F)cc2F)cc1,9.189,10,7.868727041005294,397
COC1CCN(CCOc2ccc(NC(=O)C3CC3)cc2-c2c(C)ncnc2C)CC1,8.341,6,7.726974071428572,398
CNCCc1ccc(Cl)c(-c2ccccc2OC)c1,6.77,8,6.49914818915344,203
c1cc2c3c(c1)c1c(n3CCNC2)CCCCC1,6.701,6,6.591504470899473,399
COCCOc1ccc(NC(=O)c2cccc(C(F)(F)F)c2)cc1-c1ccnn1C,8.36,5,8.498391609788353,230
CC(C)COc1ccc(COC(=O)N(Cc2ccc(F)cc2F)C2CCN(C)CC2)cc1,7.6,10,9.22657056613756,74
Cc1c(C(=O)NCCCN2CCN(c3cccc(Cl)c3Cl)CC2)cc(-c2ccc(Cl)cc2)n1C,6.63,8,6.856757678571427,13
COC(=O)c1[nH]c2cc(F)ccc2c1[C@@H]1CNCC[C@H]1F,7.98,1,8.066547123015877,400
COC(=O)c1[nH]c2cc(F)ccc2c1C1CNCC[C@H]1F,7.983,2,8.048763517195766,400
COCN(C)C(=O)N[C@H]1CC[C@H](CCN2CCN(c3cccc(Cl)c3Cl)CC2)CC1,6.879,5,7.460601758056759,401
CCN(CCN1CCC(n2ccc3cc(F)ccc32)CC1)C(=O)C(C)O,8.4,4,8.422699076719578,402
NC(=O)c1cccc(S(=O)(=O)c2ccc(/C=C/c3ccc(F)cc3F)cc2)c1,9.7,10,8.711914471620972,397
O=C(N[C@H]1CC[C@H](CCN2CCN(c3nccc4c3CCO4)CC2)CC1)C1(O)CC1,8.229,6,8.062811973544973,403
CC(=O)NCc1ccc(OCCCN2CCC(c3noc4cc(F)ccc34)CC2)cc1,6.85,3,7.624205030423282,347
Cc1ccc(-n2nc(C(C)(C)C)cc2NC(=O)Nc2ccc(Oc3ccnc(Nc4cccc(C)c4)n3)c3ccccc23)cc1,6.772,8,6.87090234126984,64
CN(C)S(=O)(=O)N[C@H]1CC[C@H](CCN2CCN(c3nccc4c3CCO4)CC2)CC1,7.94,2,7.661339746031742,12
CCc1cccc(N2CCNCC2)c1Cl,8.152,4,7.295197326839824,404
COc1ccc(S(=O)(=O)NCCCN2CCN(c3cccc(C(F)(F)F)c3)CC2)cc1,6.452,1,6.770473612433859,405
COc1ccccc1N1CCN(CCCCC(=O)n2c3ccccc3c3ccccc32)CC1,6.348,6,6.7592528068783055,356
COc1ccc(NC(=O)Nc2ccccc2F)cc1-c1c(Br)cnn1C,8.9,8,9.157973785714288,102
NC(=O)c1cc(OCCCCN2CCN(c3nsc4ccccc34)CC2)ccn1,6.281,2,7.309589035612533,406
N#Cc1ccc(C(=O)N[C@H]2CC[C@H](CCN3CCC(c4cccc5c4CCO5)CC3)CC2)cc1,7.652,8,7.677813650793648,407
COc1ccc(NC(=O)Nc2ccc(Cl)cc2Cl)cc1-c1c(Br)cnn1C,9.3,8,9.068443908489657,102
O=C(NCCCF)c1ccc2c3c1C(CC(F)(F)F)CN3CCNC2,4.96,6,6.711258637566137,281
O=C1c2ccccc2CCCN1CCN1CCC(n2ccc3cc(F)ccc32)CC1,8.16,7,7.5844631839826855,408
Cc1nc(-c2ccc(-c3ccc(C(=O)Nc4ccc5c(c4)N(CCN(C)C)CCO5)cc3)c(C)c2)no1,8.4,4,7.200625596560852,409
O=C(NCCCCN1CCN(c2ccccc2)CC1)[C@H]1CCc2ccccc2N1,7.301,10,7.4756451071428565,410
O=C(NCCCCN1CCN(c2ccccc2)CC1)[C@@H]1CCc2ccccc2N1,7.66,3,7.342096546897542,410
Cc1ccc(NC(=O)Nc2ccc(OCCN3CCCCC3)c(-c3ccnn3C)c2)cc1,8.85,6,9.007523182539682,90
CCCc1nc(C(=O)NCC(O)CN2CCN(c3cccc(Cl)c3Cl)CC2)c(C)n1-c1ccc(OC)cc1,7.2,2,7.108695198412699,101
COc1cc(Br)c2c3c1C[C@H](N)C[C@@H]3CO2,7.255,1,6.826457320105816,411
COc1c(C)nc(C)nc1C(=O)NCCN1CCN(c2cccc(Cl)c2Cl)CC1,6.58,10,6.78213222354497,412
COc1cccc(C(=O)Nc2ccc(OCCN3CCN(C(C)=O)CC3)c(-c3ccnn3C)c2)c1,8.348,6,8.208172414502164,265
Cc1cc(C(=O)NC2CC(CCN3CCN(c4cccc(Cl)c4Cl)CC3)C2)on1,8.87,3,7.9644736111111145,413
CN(C)[C@@H]1CC[C@H](c2c[nH]c3ccc(C#N)cc23)C1,6.08,9,6.41019793650794,414
COc1cccc(CCN2CC[C@H]3[C@@H](C2)c2cccc4c2N3CCN4C)c1,7.056,1,7.262534468253968,415
CO[C@H]1CC[C@H](CC(=O)N[C@H]2CC[C@H](CCN3CCC(c4noc5ccc(Cl)cc45)CC3)CC2)CC1,7.609,2,7.796336607142863,241
CCc1c(CC2CCCC2)cnc2c1CC[C@@H]1CNCCN21,6.457,10,6.669720687830688,416
CCCCCCc1cc(OC)c(CC(C)N)nc1OC,8.509,3,7.9479009018759035,353
Cc1cc(CC(=O)N[C@H]2CC[C@H](CCN3CCN(c4cccc5c4OCO5)CC3)CC2)on1,7.64,10,7.7006951640211625,417
CC1CC(=O)Nc2c(CCN3CCN(c4noc5ccccc45)CC3)cc(F)cc21,9.55,8,8.513080817460317,418
COc1ccccc1N1CCN(CCCCNC(=O)c2ccn3nccc3c2)CC1,6.51,6,6.555011726190481,419
COc1cc(CCCCC(F)(F)F)c(OC)cc1CCN,8.2,2,7.908987814814818,188
O=C1NCc2cc(Cl)c(OCCCN3CCN(c4cccc5ccccc45)CC3)cc21,7.46,6,7.720320611111108,133
CN1CCC(c2cccc3cc(S(=O)(=O)c4ccccn4)cnc23)CC1,6.91,2,7.003471619047613,420
O[C@@]1(c2ccc(Cl)cc2)C[C@H]2CC[C@@H](C1)N2Cc1coc2ccccc12,6.77,8,7.352681952380953,421
COC1(C(=O)N[C@H]2CC[C@H](CCN3CCC(c4cccc5c4OCO5)CC3)CC2)CCCCC1,7.938,4,7.749288767195762,422
CC(C)CC(=O)N[C@H]1CC[C@H](CCN2CCC(c3cccc4c3CCO4)CC2)CC1,7.509,10,7.280322059523812,224
COc1cc2c(cc1C(F)(F)F)N(C(=O)Nc1cncc(-c3cnccc3C)c1)CC2,7.0,6,6.801154992063492,423
COc1cc(OCCC(F)(F)F)c(OC)cc1CCN,6.32,4,7.202336267316014,188
COc1ccc(Cl)c(F)c1C1CC1CN,6.92,8,6.585400711640213,69
CC1COc2ccc(CNC(=O)N(Cc3ccc(F)cc3)C3CCN(C)CC3)cc21,8.393,3,8.64308841534392,424
COc1cc2c3c(c1O)-c1cc([N+](=O)[O-])ccc1CC3N(C)CC2,6.04,3,6.553949330687836,78
CN(C)/C=N/N=C/c1cn(S(=O)(=O)c2ccc(I)cc2)c2cccc([N+](=O)[O-])c12,6.609,1,6.580673007936507,425
O=C(NC[C@@H]1CCOC1)c1ccc(C#Cc2ccccc2F)cc1,6.523,10,6.58655553884078,426
O=C(NCC1CCOC1)c1ccc(C#Cc2ccccc2F)cc1,6.523,2,6.61261412962962,426
Cc1cc(OCCCN2CCN(c3ccc(Cl)cc3)CC2)c2c(C)cc(=O)oc2c1,7.16,1,6.920582502645505,427
COc1ccc(NC(=O)Nc2ccc(F)cc2F)cc1-c1c(Br)cnn1C,9.246,1,9.130305783068785,102
CNCc1cc(F)c(Cl)cc1Oc1ccc(Cl)c(Cl)c1,6.639,3,6.6551423293650815,6
O=C1NC2CNCCN2c2cccc(C(F)(F)F)c21,6.74,8,6.4631403293650775,428
O=C(CCCN1C2CCC1CC(O)(c1ccccc1)C2)c1ccc(F)cc1,7.91,8,7.868857243386244,429
CNCc1ccccc1Oc1ccc(Cl)c(Cl)c1,6.141,7,6.8761602103174635,6
O=C1c2ccccc2S(=O)(=O)N1CCCCCCN1CCN(c2cccc3ccccc23)CC1,7.04,6,6.841478731481487,430
CC(C)(N=C1CC(c2ccc(F)cc2F)=NCCN1)C1CCC1,8.854,7,8.274249293650795,431
CNCc1ccc(Cl)cc1Oc1ccc(F)c(Cl)c1,7.213,3,7.256771161375664,6
CCCCSc1c(OC)cc(CCN)cc1OC,6.22,8,7.254571668192921,188
COc1ccccc1-n1c(C)nc(C(=O)NCCCN2CCN(c3cccc(Cl)c3C)CC2)c1C,7.89,10,6.928158298941794,101
O=C(NCCCCN1CCN(c2cccc(Cl)c2Cl)CC1)c1cc2ccccc2s1,7.77,6,7.2764018928571526,432
CC(O)C(=O)N(CC#N)CCN1CCC(c2noc3cc(F)ccc23)CC1,7.012,6,8.5271152010582,31
COc1cc(S(=O)(=O)C(F)F)c(OC)cc1CCN,7.97,9,7.90853439153439,188
CN(C)CC1(C)CC2c3ccccc3Cc3ccccc3N2O1,7.238,5,7.425320219576724,309
CN(C)CCCC1CC2c3ccccc3Cc3ccccc3N2O1,8.41,6,7.244823149470901,309
COc1cc2c(cc1OC)-c1c(OC)c(OC3CCCCC3)cc3c1[C@H](C2)N(C)CC3,6.27,7,6.6586045687830655,433
CCCNCCc1cccc2[nH]cc(S(=O)(=O)c3ccccc3)c12,6.2,3,6.556072164021165,56
C[C@H]1C=C(C2=Nc3cc(Cl)ccc3Nc3ccc(OC(F)(F)F)cc32)CCN1C,9.852,4,9.295349892857143,434
O=C(CC1COCCO1)N[C@H]1CC[C@H](CCN2CCC(c3coc4ccccc34)CC2)CC1,8.69,3,8.353799050264557,435
O=C(c1ccc(F)cc1)C1CCN(Cc2ccccc2I)CC1,6.72,9,7.606816165343918,200
NCCc1c[nH]c2ccc3c(c12)CCCO3,8.31,10,7.620766765873014,348
Cc1ccccc1N1CCN(CCCCOc2ccc3c(n2)NC(=O)CC3)CC1,7.29,5,8.771836166305913,436
CC1CCN(CCc2ccc(OCCCCN3CCC(c4noc5cc(F)ccc45)CC3)cc2)CC1,8.291,4,7.776123919312175,437
Cc1ccc2c(n1)C(=O)N(CCN1CCC(c3noc4ccccc34)CC1)CC2,7.704,7,8.003595921957666,228
COc1cc(SCCC(F)(F)F)c(OC)cc1CCN,8.035,4,7.66694617460317,188
COc1ccccc1NCCNc1nc(N)nc(NCCc2c[nH]c3ccccc23)n1,4.84,6,5.550062674603171,438
c1ccc(CCCOCC2CCN(Cc3ccccc3)CC2)cc1,6.745,3,6.620728003968247,439
O=C1c2ncccc2CCN1CCN1CCN(c2nsc3ccccc23)CC1,8.58,3,8.571197387566135,330
O=C(CO)N[C@H]1CC[C@H](CCN2CCC(c3coc4ccccc34)CC2)CC1,8.309,2,8.261129436507936,181
Cc1ncnc(C)c1-c1cc(NC(=O)C2(CF)CC2)ccc1OCCN1CCC1,7.866,1,8.109076235449743,440
c1ccc(-c2[nH]c3ccccc3c2C2CC3CCC(C2)N3)cc1,8.74,7,8.079307718253967,441
O=C(CCCN1CC[C@@H]2[C@H](C1)c1cccc3c1N2CCC3)c1ccc(F)cc1,8.11,3,8.772854353174607,442
O=C(CCCN1CC[C@H]2[C@@H](C1)c1cccc3c1N2CCC3)c1ccc(F)cc1,9.0,5,8.434081322751332,442
Fc1ccc2[nH]c3c(c2c1)CCNC3c1cccnc1F,6.41,10,7.084742380952377,443
Cn1c(=O)c2c(nc3n2CCCCN3CCCN2CCN(c3ccccc3)CC2)n(C)c1=O,6.589,5,6.451008120370369,387
Cc1cc(C(=O)NCCN2CCN(c3cccc(C)c3C)CC2)nc(C(C)(C)C)n1,7.16,8,6.792085746031748,412
O=C1c2ccccc2CCCN1CCN1CCC(n2c(=O)oc3cc(F)ccc32)CC1,6.73,6,7.390227861111113,444
COc1cc(CN(C(=O)OCc2ccc(OC(C)C)cc2)C2CCN(C)CC2)ccc1Cl,6.8,10,8.833579571428572,74
CC(N)Cc1c[nH]c2ccc(F)cc12,7.635,4,7.2916549669312145,86
CC(C)CCc1ccc(CNC(=O)N(Cc2ccc(F)cn2)C2CCN(C)CC2)cc1,7.27,5,8.072808679894178,225
O=C(C[C@@H](O)C(F)(F)F)N[C@H]1CC[C@H](CCN2CCN(c3nccc4c3CCO4)CC2)CC1,7.48,9,7.610196600529104,12
Cc1cccc(N2CCN(CCCNC(=O)c3cc(-c4ccccc4)n(Cc4ccccc4)c3C)CC2)c1C,6.65,9,6.7329586349206325,445
C[C@@H]1CNC[C@H]2Cc3ccc(C(F)(F)F)nc3N21,7.368,4,7.218567075396827,152
Cc1ncoc1C(=O)Nc1ccc(OC[C@H]2CCCCN2)c(-c2c(C)noc2C)c1,7.991,6,7.723983924603169,446
CSc1cc2c(cc1I)N(C(=O)Nc1cccnc1)CC2,6.3,3,6.841564432539678,447
O=Cc1cnn2ccc(-n3cc(CCN4CCN(c5cccc(Cl)c5Cl)CC4)nn3)cc12,7.3,9,7.964120765873012,448
COc1ccc(-n2cc(C(=O)NCC(O)CN3CCN(c4cccc(Cl)c4Cl)CC3)nc2-c2ccccc2)cc1,6.862,7,7.166662828042333,449
CCCC(C)c1ccnc2c1CC[C@@H]1CNCCN21,7.59,9,7.3833235507455495,450
CN1CCc2cc(Cl)c(NS(=O)(=O)c3ccc(-c4ccc(Cl)cc4)cc3)cc2CC1,7.5,4,7.530592825396827,451
C#CCN(C)Cc1ccc(OCCCCCN2CCN(c3cccc4c3ccn4S(=O)(=O)c3ccccc3)CC2)cc1,6.378,10,7.27708682671958,452
Nc1cccc2nc(C(=O)N3CCN(CCc4ccc(F)cc4F)CC3)cn12,8.85,1,8.503064550264549,453
O=C1Nc2ccccc2C12CCN(CCN1CCC(c3ccc(F)cc3)CC1)C2,6.588,3,7.626296813492065,454
O=S(=O)(NCCCCN1CCC(c2noc3cc(F)ccc23)CC1)c1csc2ccccc12,8.242,5,8.71897542328042,455
CCN(CC)CCOC(=O)C1(C2CCCCC2)CCCCC1,6.89,3,7.19900067857143,456
CCCCOc1ccc(CN(Cc2cnn(C)n2)C(=O)N[C@H]2CCN(C)CC23CC3)c(F)c1,8.0,4,8.064111193121693,457
COc1ccc(N2Cc3cc(Cl)cc(Cl)c3C2=O)cc1OCCN1[C@H](C)CCC[C@@H]1C,6.5,1,6.399626150793655,71
CCn1c(-c2ccccc2)cc(C(=O)NCCCN2CCN(c3cccc(C)c3C)CC2)c1C,7.12,5,6.905854734126985,13
NC[C@H]1C[C@@H]1c1c(OCC2CC2)ccc2c1CCO2,6.12,1,6.455408067460313,458
Cc1ccc(C(=O)N[C@H]2CC[C@H](CCN3CCN(c4nsc5ccccc45)CC3)CC2)[nH]1,8.89,4,9.21990300661375,459
Cc1cc(C2NCCc3c2[nH]c2ccc(Cl)cc32)sc1Br,6.11,6,6.823212161375662,290
O=S(=O)(c1cccc2ccccc12)N(CCCN1CCN(c2ccccc2)CC1)CC1CCCCC1,8.588,8,7.835607162698416,460
O=C(N[C@H]1CC[C@H](CCN2CCN(c3cccc4c3OCO4)CC2)CC1)C1CCC1,7.64,6,7.8254914007936485,461
Cc1ncncc1-c1cc(NC(=O)C2CC2)ccc1OCCN1CCOCC1,7.597,9,7.720089402116405,462
CC(C)COc1ccc(COC(=O)N(Cc2ccc(F)cc2)[C@H]2CCNC[C@H]2F)cc1,9.6,7,9.541569099206336,74
CC(C)COc1ccc(COC(=O)N(Cc2ccc(F)cc2)[C@@H]2CCNC[C@@H]2F)cc1,9.6,3,9.55915052513226,74
Nc1nc2cccc(CCN3CCN(c4cccc5sccc45)CC3)c2s1,7.799,2,7.952049478835986,463
O=C(N[C@H]1CC[C@H](CCN2CCC(c3coc4ccccc34)CC2)CC1)c1ccc(N2CCOCC2)cc1,7.96,8,8.087120828042329,464
O=C(CC1OCCCO1)N[C@H]1CC[C@H](CCN2CCC(c3noc4cc(F)c(F)cc34)CC2)CC1,8.029,3,7.902373470899474,465
CNc1ccc(-c2c3c(nn2C(C)C)CCNCC3)cc1,8.52,5,8.266380349206344,67
O=C1NC2CNCCN2c2ccc(Cl)cc21,6.4,5,6.4140854801587315,428
CCCNCc1ccc(Cl)c(-c2ccccc2OC)c1,6.17,1,6.669734137566138,203
CC1=NCCc2c1[nH]c1ccccc21,6.002,6,6.926421432539678,466
CC(C)COc1ccc(CNC(=O)N(Cc2ncc(F)cc2F)C2CCN(C)CC2)cc1,7.37,10,7.900514984126985,225
O=C(O)C1CN(C2CC[C@]3(Cc4ccccc4Cc4ccccc43)C2)C1,7.8,10,7.146628917989417,467
COc1ccccc1Nc1nc(N2CCNCC2)nc2ccccc12,7.34,5,6.771896857142855,214
Fc1ccc(SCCCN2CCC(c3ccc(Cl)cc3)CC2)cc1,6.95,2,7.095666070105818,468
CN1[C@@H]2CC[C@H]1C[C@H](N1CCC(c3c(-c4ccccc4)[nH]c4ccccc34)CC1)C2,8.857,7,7.8758668703703645,469
O=C1c2[nH]cnc2CCCN1CCN1CCN(c2nsc3ccccc23)CC1,8.28,7,8.6857460462963,470
CCC(=O)N[C@H]1CC[C@H](CCN2CCN(c3nccc4occc34)CC2)CC1,8.19,8,8.180589949735454,80
C#CC(C)(C)c1cc(NC(=O)Nc2ccc(Oc3ccnc(Nc4cc(C(=O)NCCN5CCOCC5)cc(C(F)(F)F)c4)n3)c3ccccc23)n(-c2ccc(C)cc2)n1,6.67,1,7.0128505462962965,323
O=C(CCCN1C2CCC1CC(O)(c1ccc(Cl)cc1)C2)c1ccc(F)cc1,7.51,1,7.042635755290998,429
Cc1ccc(Nc2nccc(Oc3ccc(NC(=O)Nc4cc(C(C)(C)C)nn4-c4ccc(C)cc4)c4ccccc34)n2)cc1,6.449,7,7.0955598201058185,64
O=[N+]([O-])c1ccc(CCN2CCN(c3ccccc3)CC2)cc1[N+](=O)[O-],8.29,4,6.9957588032708085,471
COc1ccccc1N1CCN(CCCCNC(=O)c2cccn3nccc23)CC1,7.0,10,6.694740914021161,472
COc1cccc(N2CCN(CCCCNC(=O)c3ccccn3)CC2)n1,6.852,1,7.2236978425926,384
Clc1ccc(-c2cc(Cl)cc3c2N2CCNCCC2C3)c(Cl)c1,6.37,2,7.061178042328042,473
O=C(NC1CCc2ccc(CCN3CCN(c4nsc5ccccc45)CC3)cc21)c1cccnc1,9.02,1,9.25385538624338,474
CCOc1ccccc1Cc1c(N)nc(SCCN2CCN(Cc3cccc(C(F)(F)F)c3)CC2)nc1N,7.157,9,7.1391587380952375,475
COc1cc(SCCCCCF)c(OC)cc1CC(C)N,8.47,7,8.147879287157286,188
Cc1noc(C)c1-c1cc(NC(=O)Cc2cccc(F)c2)ccc1OCCN1CCC1,8.347,8,8.105229954665704,476
COc1ccccc1-n1c(C)nc(C(=O)NCC(O)CN2CCN(c3cccc(Cl)c3C)CC2)c1C,6.431,9,7.0021772142857115,101
COc1ccccc1N1CCN(CCCCCNC(=O)c2nnn(Cc3ccccc3)c2C)CC1,6.85,10,6.760923575396826,477
O=C1[C@@H]2[C@H](C(=O)N1CCN1CCN(c3cccc4sccc34)CC1)[C@H]1C=C[C@@H]2C1,7.08,3,7.034700246031741,478
CNC(=O)c1cc(OCCCCN2CCN(c3cccc(Cl)c3Cl)CC2)ccc1Cl,6.47,7,6.666511596560847,479
CC(C)CNc1ccc(CN(Cc2ccn(C)n2)C(=O)NC2CCN(C)CC2)cc1,8.664,3,7.869502578643578,193
Cc1[nH]c2ccc(Br)cc2c1C1=CCNCC1,6.4,2,6.925342793650787,235
CCC(Oc1cc(Cl)cc(Cl)c1)c1nc(Nc2ccncc2)nc(N2CCN(C)CC2)n1,6.36,9,6.6604513531746035,116
Nc1nc(N)nc(NCCCCCN2CCN(c3cccc(Cl)c3Cl)CC2)n1,7.77,9,7.201769595238094,480
CCc1cc(OC)cc(CCNCc2cccc(F)c2)c1OC,8.62,2,7.78791111111111,115
COc1cccc2[nH]cc(CCNCc3ccc(-c4ccc(O)cc4)o3)c12,6.88,4,7.380418317460322,481
CC(C)Oc1ccc(COC(=O)N(Cc2ccc(C(F)(F)F)cc2F)C2CCN(C)CC2)cc1,8.4,8,8.843531359788368,74
Cc1c(OCCCN2CCN(c3cccc4cc(F)ccc34)CC2)ccc2c1C(=O)NC2,7.902,5,8.011690321428572,133
CCCCN1CCC(COc2nc3ccsc3n3cccc23)CC1,6.78,10,7.230808113756613,482
O=C(N[C@H]1CC[C@H](CCN2CCN3c4cccc5scc(c45)CC3C2)CC1)N1CCCC1,6.284,5,7.153983083333336,483
CCn1c(-c2ccc(Cl)cc2)cc(C(=O)NCCCN2CCN(c3cccc(C)c3C)CC2)c1C,6.82,1,6.715334715608465,13
c1ccc(Cc2ncc3c(n2)CCNCC3)cc1,7.17,3,8.244212690476193,484
Ic1ccc(Nc2nc(N3CCNCC3)nc3ccccc23)cc1,6.302,10,6.885690189153445,214
COc1cccc(N2CCN(CCCNC(=O)c3cc(-c4ccccc4)n(C)c3C)CC2)c1OC,6.18,3,6.553540992063489,13
O=C(O)C1=CCCN(C2CCC3(Cc4ccccc4Oc4ccccc43)C2)C1,6.4,2,7.152730370370373,485
COc1ccc(C2=CCN(c3cccc(F)c3)C2=O)cc1OCCN1CCCCC1,6.0,7,6.56407930952381,486
COc1cc(F)c(CN(C(=O)OCc2ccc(OCC(C)C)cc2)C2CCN(C)CC2)c(F)c1,9.0,3,8.550212198412698,74
CC(=O)c1c(C)cc2oc(=O)cc(C)c2c1OCCCN1CCN(c2ccc([N+](=O)[O-])cc2)CC1,6.54,2,7.365158705026454,427
O=S(=O)(c1cncc2ccccc12)N1CCC(CCN2CCN(c3ccc(Cl)c(Cl)c3)CC2)CC1,6.749,8,6.647388507936509,487
CCc1ccc(S(=O)(=O)N(C)C2CCN(C)CC2)cc1,6.34,6,6.577032642857146,122
CN1CCc2ccc3c4c2[C@H]1Cc1cccc(c1-4)[C@@H]3N,6.329,10,6.688690785714285,488
Cc1cc(CN(Cc2ccc(OCC(C)C)cc2)C2=NOC3(CCN(C)CC3)N2)on1,7.26,7,7.688657908730165,489
O=C1CCN1c1ccc2on(C[C@@H]3C[C@H]4c5ccccc5Oc5ccc(Br)cc5[C@H]4O3)c2c1,6.51,1,7.051571190476191,490
Cn1cc2c(OCC3CCN(CCc4ccccc4C(=O)O)CC3)nc3ccccc3c2c1,6.1,7,7.265098087782588,491
CC(N)Cc1c[nH]c2ccc3ccccc3c12,8.521,4,7.652648320105819,492
Fc1ccc2c([C@@H]3CNCC[C@H]3F)c(-c3ccc4ccccc4c3)[nH]c2c1,9.64,3,8.412315051587298,493
CN1CCC(C(=O)N[C@H]2CC[C@H](CCN3CCN(c4cccc5c4OCO5)CC3)CC2)CC1,7.82,2,7.84652120238095,494
CCCCCCOc1cc2c(cc1OC)-c1c(OC)c(OC)cc3c1[C@H](C2)N(C)CC3,6.24,1,6.620809267195773,78
Brc1ccc2c(c1)[C@H]1O[C@H](Cn3oc4ccc(-c5ccccc5)cc43)C[C@H]1c1ccccc1O2,6.51,2,6.9316867222222225,495
CCCCOc1ccc(CN(Cc2coc(C)n2)C(=O)CCC2CCNCC2)cc1F,7.26,8,8.156997917989413,496
CC1(NC2=NCCNC(c3ccc(F)cc3)=C2)CCCCC1,8.8,8,8.554443990500241,497
CN1CCC(N(Cc2ccc(F)cn2)C(=O)NCc2ccc(OCC(F)(F)F)c(Cl)c2)CC1,6.894,2,7.742668305555556,225
O=C(O)C1(F)CCN(C2CCC3(Cc4ccccc4Oc4ccccc43)C2)CC1,6.4,1,7.063894370370372,498
CC(C)CCC(=O)N[C@H]1CC[C@H](CCN2CCC(c3coc4ccccc34)CC2)CC1,7.88,10,7.985449230158728,181
CC(=O)c1c(OCCCCN2CCN(c3cc(C)ccc3C)CC2)ccc2c(C)cc(=O)oc12,7.33,8,7.290009264550264,83
COc1cccc(C(=O)Nc2ccc(OCCN3CCCC3)c(-c3c(C)ncnc3C)c2)c1,8.865,1,8.476756826719575,499
O=C(Nc1cccnc1)N[C@H]1CC[C@H](CCN2CCN(c3nsc4ccccc34)CC2)CC1,9.58,3,8.71728832804233,500
Cc1ccc(-n2nc(C(C)(C)C)cc2NC(=O)Nc2ccc(Oc3ccnc(Nc4ccccc4)n3)c3ccccc23)cc1,7.699,3,6.710484587301584,64
COc1ccc(CCc2ccccc2OC[C@H](CN(C)C)OC(=O)CCC(=O)O)cc1,8.08,7,7.883372289682542,501
COc1ccc(CCc2ccccc2OC[C@@H](CN(C)C)OC(=O)CCC(=O)O)cc1,8.192,4,7.9231587341269805,501
COc1ccc(CCc2ccccc2OCC(CN(C)C)OC(=O)CCC(=O)O)cc1,8.159,9,8.014947630952378,501
COc1cc2c(cc1OC)-c1c(OC)c(OC(C)C)cc3c1[C@H](C2)N(C)CC3,6.23,5,6.266912388888891,78
O=S(=O)(NCCCN1CCN(c2noc3ccccc23)CC1)c1cc2ccccc2s1,6.39,8,7.429918650793651,502
O=C1c2ccccc2S(=O)(=O)N1CCCCCCN1CCN(c2cccc3cccnc23)CC1,6.689,1,6.609922675925929,503
Cc1ccc(-c2nc(Cc3ccccc3)nc3c2CCNCC3)cc1,9.4,2,8.210459735449735,504
CN1CCC(N(C)S(=O)(=O)c2ccc(C(C)(C)C)cc2)CC1,6.29,2,6.627367230158736,122
COc1cc(N)c(Cl)cc1C(=O)NC1CCN(CCCOc2ccc(F)cc2)CC1OC,8.41,10,7.064761428571426,505
O=C1c2cccnc2CCN1CCN1CCC(c2noc3ccccc23)CC1,8.67,7,8.135236642857143,506
c1cnc2c(N3CCNCC3)cccc2c1,7.15,9,7.029237019841269,507
O=S(=O)(NCCCCN1CCC(c2noc3cc(F)ccc23)CC1)c1ccc(F)c(Cl)c1,8.048,10,8.542717592592599,274
NC(=O)N1CCN(c2cccc(Cl)c2)CC1,4.49,9,6.848921671957673,404
FC(F)(F)c1ccc(/C=C/COCC2CCN(Cc3ccccc3)CC2)cc1,6.489,5,6.865069324074078,508
NC1=NC2(CCCCC2)NC(Nc2cccc(Br)c2)=N1,6.678,6,6.569210907407404,509
CN1CCN(C2=Nc3cc(Cl)ccc3N(NC(=O)c3ccccc3Cl)c3ccccc32)CC1,9.0,6,8.578262153679656,32
COCCC(=O)N[C@H]1CC[C@H](CCN2CCC(c3cccc4c3CCO4)CC2)CC1,7.411,9,7.303464743386245,224
CCCCc1cc(OC)c(CCN)nc1OC,7.706,10,7.592052328042326,353
CCCN1CCc2cccc3c2[C@H]1Cc1cccc(OC(C)=O)c1-3,7.141,2,6.915827537037038,78
Cc1nc(C(=O)NCCCN2CCN(c3cccc(Cl)c3Cl)CC2)c(C)n1C1CCCC1,7.26,4,7.247602206349205,510
CCN(CCN1CCC(C2NOc3cc(F)ccc32)CC1)C(=O)C(O)COC,8.6,8,8.513307977513229,511
O=C1CCc2ccc(OCCCCN3CCN(c4ccc(O)c5c4OCC(=O)N5)CC3)cc2N1,6.368,6,6.830793607142861,512
N#CCCc1ccnc2c1CC[C@@H]1CNCCN21,6.078,6,6.820189324074069,450
CC(C)c1ccccc1OCCN1CCC(N(C)S(=O)(=O)c2cnn(C)c2)CC1,6.919,6,7.106811388888885,513
Cc1nc(CN(Cc2nc3ccccc3s2)C2=NOC3(CCN(C)CC3)N2)co1,8.0,6,7.731239595238096,514
CCCc1nc(C(=O)NCCCN2CCN(c3cccc(Cl)c3C)CC2)c(C)n1-c1ccccc1OC,6.769,2,7.124790760582015,101
CC(C)[C@@]1(NC(=O)[C@@H]2C[C@@H]3c4cccc5[nH]cc(c45)C[C@H]3N(C)C2)O[C@@]2(O)[C@@H]3CCCN3C(=O)[C@H](Cc3ccccc3)N2C1=O,8.095,10,7.8106502896825445,515
C(=C\c1ccccc1)/CN1CCN(C(c2ccccc2)c2ccccc2)CC1,6.715,5,6.913886378787876,516
CC1(C)CN2CCNCc3ccc(F)c1c32,6.458,5,6.778576786676283,281
CC(C)COc1ccc(CN(Cc2nn(C)cc2Cl)C(=O)NC2CCN(C)CC2)cc1,7.26,2,7.658212650793657,193
C/C=C/Cc1ccnc2c1CC[C@@H]1CNCCN21,8.3,7,7.380290559523814,450
N#Cc1cccc(NC(=O)NCCCN2CCC(Cc3ccccc3)CC2)c1,6.112,2,6.7494689417989395,517
Clc1ccc(N2CCN(CCCOc3ccccc3)CC2)cc1,7.702,3,7.019529670274172,294
COc1ccc(C2CCN(c3ccn4c(CC5CC5)nnc4c3Cl)CC2)cc1,7.62,8,6.728290920875422,518
CCCCc1ccc(S(=O)(=O)Nc2ccc3c(c2)CCNCC3)cc1,7.8,8,7.710659010582006,519
Cc1cccc(N2CCN(CCCNC(=O)c3nc(C(C)C)n(-c4ccccc4)c3C)CC2)c1C,6.979,9,7.140308820105823,101
CNC(=O)c1cccc(OCCCCN2CCN(c3nsc4ccccc34)CC2)c1,6.75,2,7.423832973544971,520
CN1CC[C@@H](N(Cc2ccc(F)cn2)C(=O)NCc2ccc(OC(F)F)cc2)[C@@H](F)C1,8.0,8,8.080131563492065,225
Fc1ccc(Nc2nc(N3CCOCC3)nc3ccccc23)cc1,6.629,5,6.9221493333333335,521
c1ccc(CN2CCC(c3c(-c4ccccc4)[nH]c4ccccc34)CC2)cc1,7.551,9,8.117862884920635,522
COc1cc(CCCC(F)(F)F)c(OC)nc1CCN,6.983,3,7.113860014550264,353
O=C(c1ccco1)N1CCC(CCN2CCN(c3nsc4ccccc34)CC2)CC1,8.659,7,8.839039997354494,523
O=C(Cc1cccs1)N[C@H]1CC[C@H](CCN2CCN(c3nsc4ccccc34)CC2)CC1,8.99,2,9.233802662698421,524
Cc1ncnc(C)c1-c1cc(NC(=O)c2cnccc2F)ccc1OCCN1CCC1,7.625,5,7.918245144179901,525
O=S(=O)(c1ccccc1)C1(CCCN2CCc3ccccc3C2)CCC1,7.19,3,6.808039149470901,526
CC(C)n1nc2c(c1-c1ccc(Cl)cc1Cl)CCNCC2,7.82,3,7.522671615079359,67
CC(C)COc1ccc(COC(=O)N(Cc2ccc(F)cc2)[C@@H]2CCN(C)C[C@@H]2F)cc1,9.6,10,9.547427531746024,74
CC(C)COc1ccc(COC(=O)N(Cc2ccc(F)cc2)[C@H]2CCN(C)C[C@H]2F)cc1,9.6,1,9.436450107142843,74
Cc1cccc(N2CCN(CCCCNC(=O)c3cc4ccccc4o3)CC2)c1,7.82,8,7.56793137830688,99
Oc1ccc(C2NCCc3c2[nH]c2ccc(O)cc32)cc1,6.801,2,6.799489202380951,44
COc1c(OCCOCCOc2cn(CCOCCOc3cccc([C@H](O)C4CCN(CCc5ccc(F)cc5)CC4)c3OC)nn2)cccc1[C@H](O)C1CCN(CCc2ccc(F)cc2)CC1,7.44,1,7.268620692279949,527
OCCN1CCN(c2nc(Nc3ccc(F)cc3)c3cn[nH]c3n2)CC1,6.79,2,7.187628085978834,528
Cn1c(=O)c2c(nc(N3CCN(C(c4ccccc4)c4ccccc4)CC3)n2C)n(C)c1=O,4.65,2,6.790874859788365,529
O=C1Nc2ccccc2C12CCN(CCN1CC=C(c3ccc(F)cc3)CC1)C2,7.12,1,7.047096301587306,530
Cc1cc2c(cc1C(F)(F)F)N(C(=O)Nc1ccc(Oc3cccnc3C)nn1)CC2,6.4,1,6.5373113095238145,531
CS(=O)(=O)Nc1cc(F)ccc1C(=O)CCCN1CC[C@H]2[C@@H](C1)c1cccc3c1N2CCCS3,8.12,8,8.145490851491102,174
O=C(CC1(O)CCCCC1)N[C@H]1CC[C@H](CCN2CCC(c3cccc4c3OCO4)CC2)CC1,7.802,9,7.68545501058201,321
Cn1nccc1-c1cc(NC(=O)Nc2ccccc2F)ccc1OCCN1CCCCC1,8.21,10,8.793182357142852,90
Cc1ccsc1C(=O)N[C@H]1CC[C@H](CCN2CCN(c3nsc4ccccc34)CC2)CC1,8.7,5,9.004038582010585,57
Clc1ccc2c3c1CCCN3CCNC2,6.41,5,6.679722199735445,532
Cc1c(CCN)c2cc(F)cc3c2n1C(C)CC3,6.02,4,6.599169478835979,533
O=C(CCCN1CCC2(CC1)C(=O)NCN2c1ccccc1)c1ccc(F)cc1,8.768,7,7.86532228968254,534
CC(=O)N[C@H]1CC[C@H](CCN2CCN(c3nccc4sccc34)CC2)CC1,8.48,5,8.711707074074075,311
CN(C(=O)N[C@H]1CC[C@H](CCN2CCN(c3nsc4ccccc34)CC2)CC1)c1ccccc1,9.25,7,9.068025360028864,535
CC(C)COc1ccc(CN(Cc2ccn(C)n2)C(=O)N[C@@H]2C[C@H]3CCC[C@@H](C2)N3C)cc1,8.0,9,7.6360183529341095,536
O=C(N[C@H]1CC[C@H](CCN2CCN(c3cccc4c3OCO4)CC2)CC1)C1(O)CCCC1,8.43,9,8.172349258898508,537
CNCc1cc(OCc2ccccc2)n(C(CF)C2CCCCC2)n1,8.55,8,8.579071785714286,91
CNCc1ccc(OC)cc1Oc1ccc(Cl)c(Cl)c1,6.979,10,7.047459834656095,6
[O-][S+](c1ccccc1)c1ccc(/C=C/c2ccc(F)cc2F)nc1,9.127,8,8.329288267195766,538
COC1CCN(CCOc2ccc(NC(=O)Nc3ccc(Cl)cc3)cc2-c2ccnn2C)CC1,9.92,9,8.720788083333334,90
CCNC(=O)c1cc(OCCCCN2CCC(c3noc4cc(F)ccc34)CC2)ccn1,7.02,3,7.301145296296297,539
CCCN(CCCCN1C(=O)CC2(CCCC2)CC1=O)C1COc2cccc(OC)c2C1,6.0,3,6.20851037037037,540
CC(=O)NCc1ccc(CCCCN2CCN(c3ccccc3)CC2)cc1,7.319,10,6.833902149470899,129
O=C(CCCN1CC[C@H]2[C@@H](C1)c1cccc3c1N2CCO3)c1ccc(F)cc1,9.05,3,8.327245626984126,541
O=C1CCc2cc(CCN3CCN(c4cccc5sc(F)cc45)CC3)ccc2N1,7.392,9,6.829013945767195,542
Clc1ccc(Cl)c(-c2cc(Cl)cc3c2N2CCNCCC2C3)c1,7.16,3,6.6242279748677255,473
Cc1ccc(-c2nc(C3CCCC3)nc3c2CCNCC3)cc1,8.6,7,7.62096609018759,543
CNC(C)c1cc(OCc2cc(F)ccc2F)n(CCC2CCCC2)n1,9.221,5,7.970604182539688,544
CC(C)COc1ccc(CN(Cc2ccco2)C(=O)NC2CCN(C)CC2)cc1,8.0,6,7.915641287037044,545
CCN(CCN1CCC(c2noc3ccc(C)cc23)CC1)S(=O)(=O)CCO,7.35,3,7.760505493025497,31
O=C(N[C@H]1CC[C@H](CCN2CCC(c3noc4cc(F)ccc34)CC2)CC1)c1ccc(N2CCOCC2)cc1,8.021,3,8.374113465608467,389
CC(C)COc1ccc(CNC(=O)N(Cc2cc3ccccc3cn2)C2CCN(C)CC2)cc1,9.184,5,7.46332269444445,546
COc1cc(C2CCCNC2)c(OC)cc1Cl,6.67,6,6.937212915343913,111
Cc1cccc(N2CCN(CCCNC(=O)c3cn(-c4ccccc4)c(-c4ccccc4)n3)CC2)c1C,7.88,3,7.2435704503366996,449
C=CCOc1c(OC)cc2c3c1-c1cc(NS(C)(=O)=O)ccc1CC3N(C)CC2,6.173,3,6.488378884920636,78
CCN(C)CCc1c(-c2cccs2)[nH]c2ccccc12,8.77,4,8.962389937830675,547
NC(=O)c1c2n(c3ccccc13)CCNCC2,7.34,6,6.506646496031752,548
CNCc1cc(OCc2ccccc2F)n(Cc2ccc(F)cc2)n1,8.92,7,8.563272988095243,253
Oc1ccc(Br)cc1C1NCCc2c1[nH]c1ccc(Cl)cc21,6.09,9,6.81180636375661,44
[2H]C([2H])(Cc1c[nH]c2ccccc12)N(C)C,6.94,6,7.127914944444445,86
CN(C)CCc1c[nH]c2ccccc12,7.32,2,6.877826664021161,86
O=C(NCCCCN1CCN(c2cccc(C(F)(F)F)c2)CC1)c1cc2ccccc2[nH]1,8.399,8,7.0813019484127,549
O=C1CCc2ccc(CCN3CCC(c4cccc5sccc45)CC3)cc2N1,7.6,7,7.322306178571427,550
CCS(=O)(=O)N[C@H]1CC[C@H](CCN2CCC(c3cccc4c3CCO4)CC2)CC1,7.46,10,7.480959415343911,224
CC(C)(CN1CCN(C2=Nc3ccccc3Cc3ccccc32)CC1)C(=O)O,7.06,6,7.377572406593402,551
CN(C)[C@H]1Cc2ccccc2[C@H](c2ccc(C(F)(F)F)cc2)C1,6.679,10,6.965879027777773,217
COc1ccc2[nH]cc(CCN(C(C)C)C(C)C)c2c1,6.667,10,6.824149711640213,86
Cc1nc(CN(Cc2ccc(OCC(F)(F)C(F)(F)F)cc2)C(=O)NC2CCN(C)CC2)co1,8.0,7,8.146847023809524,552
COc1ccc(OC)c(/C=C2\N=C(N)NC2=O)c1,6.34,3,6.552268623015875,553
O=C(CC(F)(F)F)N[C@H]1CC[C@H](CCN2CCN(c3cccc4c3OCO4)CC2)CC1,7.59,3,7.707400502525257,4
CC[C@@H]1CNCCc2ccc(Cl)cc21,6.5,7,6.687963433261181,39
CC[C@H]1CNCCc2ccc(Cl)cc21,6.6,3,6.8011335714285694,39
CN1CCc2ccc(O)cc2C(c2ccccc2)C1,6.88,10,7.0163629656084625,554
O=C(c1ccc(F)cc1)C1CCN(CCn2cnc3c(c2=O)CCCC3)CC1,8.12,2,8.028944922318423,555
Cc1ccc(-n2c(C)nc(C(=O)NCC(O)CN3CCN(c4cccc(C)c4C)CC3)c2C)cc1,7.168,4,6.633887289682541,101
Oc1c(Br)cccc1C1NCCc2c1[nH]c1ccc(Cl)cc21,7.13,10,6.461907712962957,44
COc1ccc(N2Cc3cc(Cl)c(Cl)cc3C2=O)cc1OCCN1CCC(C)CC1,6.3,3,6.26509072486772,71
CCOC(=O)Cc1nn(CNC(=O)CCN2CCN(c3ccc(C)c(C)c3)CC2)c(=O)c2ccccc12,6.36,2,6.687298310846558,40
Nc1cc(F)ccc1C(=O)CCCN1CC[C@H]2[C@@H](C1)c1cccc3c1N2CCCS3,9.336,5,8.570752178210684,174
Nc1cc(F)ccc1C(=O)CCCN1CC[C@@H]2[C@H](C1)c1cccc3c1N2CCCS3,8.38,6,8.974754534391536,174
c1cc2c3c(c1)c1c(n3CCNC2)CCC1,6.04,4,6.828312727513227,556
CCc1ccc(C(=O)N[C@H]2CC[C@H](CCN3CCC(c4coc5ccccc45)CC3)CC2)cc1,8.598,4,8.095507071428573,55
CCOc1ccc2c(c1)C(C1=C[C@H](C)N(C)CC1)=Nc1cc(Cl)ccc1N2,10.04,10,9.42688748436748,434
O=C(c1cccn2ccnc12)N1CCN(CCc2ccccc2Cl)CC1,8.399,4,7.109803673280425,375
Oc1ccccc1C1NCCc2c1[nH]c1ccc(F)cc21,7.583,9,6.978158462962962,44
Clc1ccc2[nH]c3c(c2c1)CCNC3c1ccc(Br)s1,6.04,6,6.8184742777777805,290
C=CCOc1ccc2c(c1[C@H]1C[C@@H]1CN)CCO2,6.207,6,6.437556372414621,557
COc1ccccc1N1CCN(CCCCN2C(=O)C3C4C(=O)CC(OC(C)=O)(CC4(C)C)C3C2=O)CC1,6.11,6,6.47324568650793,558
CC(CCN1CCN(c2cccc(C(F)(F)F)c2)CC1)NS(=O)(=O)c1ccc2ccccc2c1,6.75,10,7.262765785714291,559
N#Cc1ccc(S(=O)(=O)C2CCN(CCc3ccc(F)cc3F)CC2)cc1,8.59,2,8.934522535714285,35
COc1ccc(CN(C(=O)Cc2ccc(OCC(C)C)cc2)C2CCN(C)CC2)c(F)c1,8.1,10,7.6203926732804215,126
CO[C@H]1CC[C@H](CC(=O)N[C@H]2CC[C@H](CCN3CCN(c4nccc5c4CCO5)CC3)CC2)C1,7.65,1,7.700854089826839,560
CC(C)(C)CC(=O)N[C@H]1CC[C@H](CCN2CCN(c3nccc4c3CCO4)CC2)CC1,7.79,6,7.833566010582003,12
COc1cccc(Nc2nccc(Oc3ccc(NC(=O)Nc4cc(C(C)(C)C)nn4-c4ccc(C)cc4)c4ccccc34)n2)c1,6.924,1,6.888058026455029,64
COc1cc(F)cc2[nH]nc(CCN3CCC4CC43)c12,7.53,7,7.4327396666666585,561
CCC(Oc1cc(Cl)cc(Cl)c1)c1nc(N)nc(N2CCN(C)CC2)n1,6.33,6,6.312411079365079,349
Cc1ncnc(C)c1-c1cc(NC(=O)C2CC2)ccc1OCCN1CC2(COC2)C1,7.71,8,7.6928948730158755,562
C[C@@H](Cn1ccc2ccc3ncccc3c21)NCc1ccccc1Cl,6.184,8,6.68947839814815,563
CN1CCC=C(c2c[nH]c3c(Cl)c(F)ccc23)C1,7.82,8,6.9770877394179855,564
CCc1cccc(N2CCN(CCCCNC(=O)c3cc4ccccc4o3)CC2)c1Cl,8.62,4,7.830765354497355,99
NCC1CC1c1c(OCCF)ccc(Cl)c1F,6.03,5,6.370822730158731,69
O=c1c(-c2ccccc2)c2n(c(=O)n1CCCCN1CCCC(c3c[nH]c4ccccc34)C1)CCCC2,6.14,1,6.771797992063493,565
CC(C)(C)c1ccc(C(=O)N[C@H]2CC[C@H](CCN3CCC(c4cccc5c4CCO5)CC3)CC2)cc1,7.542,4,7.270410425925927,407
COCC(=O)N[C@H]1CC[C@H](CCN2CCN(c3nsc4ccccc34)CC2)CC1,9.62,7,9.04888072354497,328
O=C1COc2ccc(CCN3CCN(c4cc(F)cc5sccc45)CC3)cc2N1,6.482,8,7.423812682539688,566
COc1ccc2c(c1)Cc1ccccc1C2CN,8.12,1,7.066394906084656,151
COc1cc(Nc2nccc(Oc3ccc(NC(=O)Nc4cc(C(C)(C)C)cc(NS(C)(=O)=O)c4OC)c4ccccc34)n2)cc(OCCOCCOCC(=O)O)c1,7.638,9,7.223440150793649,567
C[C@H]1CN(CC[C@H]2CC[C@H](N3C(=O)CC4(CCCC4)CC3=O)CC2)CCc2ccc(Cl)cc21,7.79,10,7.23980827777778,568
CCCCCc1c(OC)cc(/C=C(\C)N)c(OC)c1C,7.244,2,6.9491264218374225,188
O=C(CO)N[C@H]1CC[C@H](CCN2CCN(c3cccc4c3OCO4)CC2)CC1,7.908,3,7.82857914285714,4
CN1CCC[C@@H]1Cc1c[nH]c2cc(F)c(F)cc12,6.9,3,6.579655219576717,34
C[C@@H]1C[C@H](C)N1C(=O)C1C=C2c3cccc4[nH]cc(c34)C[C@H]2N(C)C1,7.527,9,8.493734682539682,569
CCCCCSc1c(OC)cc(CCNCc2ccccc2OC)cc1OC,10.398,7,8.315225497354493,115
Fc1cccc(Nc2nc(Cc3ccccc3)nc3c2CCNCC3)c1,7.93,9,8.252663793650791,332
COc1cc(CCNCc2cccc3cc[nH]c23)c(OC)cc1Br,7.888,8,8.303093149470895,570
Cc1cccc(N2CCN(CCCCNC(=O)c3cc(-c4ccccc4)n(C)c3C)CC2)c1C,7.21,2,7.093794624847376,571
CC(N)Cn1ccc2cc(F)ccc21,6.8,6,6.742872333333334,86
O=C(NCCC(F)CN1CCN(c2cccc(Cl)c2Cl)CC1)c1ccc(-c2ccccn2)cc1,7.009,6,7.082468140211639,291
COc1ccc(NS(=O)(=O)c2sc3ccc(Cl)cc3c2C)cc1N1CCN2CCC[C@H]2C1,6.6,8,6.52520236892737,572
N#Cc1ccc(C(=O)N[C@H]2CC[C@H](CCN3CCC(c4cccc5c4OCO5)CC3)CC2)cc1,8.042,2,7.756192442520443,573
COc1ccc(F)cc1C1(F)CC1CN,6.45,5,7.214732275132277,69
CCOC(=O)Cc1nn(CNC(=O)CCCN2CCN(c3ccc(C)c(C)c3)CC2)c(=O)c2cc(F)ccc12,7.92,5,7.027184064814815,153
Fc1ccccc1Cc1ccnc2c1CC[C@@H]1CNCCN21,8.578,5,7.463690664021163,206
COc1ccccc1N1CCN(CCCN(CC2CCCCC2)S(=O)(=O)c2ccc3ccccc3c2)CC1,7.938,2,7.44169903042328,574
CN1CCc2c(c3cccc4c3n2-c2ccccc2CC4)C1,7.62,4,7.098741722222219,575
O=C1N[C@H]2CNC[C@@H]2c2cccc(Cl)c21,6.669,8,6.922040388888889,33
Cn1cc2c(n1)CCCN(CCN1CCN(c3nsc4ccccc34)CC1)C2=O,8.47,9,8.844196341269837,576
CC(=O)OC12C=C(C)C(C(C)C1)C1C(=O)N(CCCCN3CCN(c4ccc(F)cc4)CC3)C(=O)C12,6.77,2,7.0315312738095255,577
O=S(=O)(c1cncc2ccccc12)N1CCC(CCN2CCN(c3ccc(F)cc3)CC2)CC1,6.808,7,7.041971288359789,487
O/N=C/c1cnn2ccc(OCCCCN3CCN(c4cccc(Cl)c4Cl)CC3)cc12,8.255,8,7.415700736772488,248
Cn1ncc(Br)c1-c1cc(NC(=O)Nc2ccc(Cl)cc2)ccc1OCCc1ccccc1,7.75,9,8.528877880952384,578
O=C(N[C@H]1CC[C@H](CCN2CCC(c3coc4ccccc34)CC2)CC1)C1CC1,8.37,9,8.29782335449735,579
CN(C)[C@@H]1Cc2ccccc2[C@@H](c2ccccc2)C1,7.0,8,6.511704662698417,217
CN(C)[C@H]1Cc2ccccc2[C@H](c2ccccc2)C1,6.329,6,6.906797974025975,217
Cn1cnc2c1c(=O)n(CCCN1CCN(C(c3ccccc3)c3ccccc3)CC1)c(=O)n2C,7.23,9,6.557514169312169,580
CCCc1nc(C(=O)NCCCN2CCN(c3cccc(C)c3C)CC2)c(C)n1-c1ccc(OC)cc1,7.15,6,7.28134406349206,101
CC(=O)N1CCC(C)c2cc(F)cc(CCN3CCN(c4noc5ccccc45)CC3)c21,9.539,9,8.68560373412698,581
Cc1noc(C)c1-c1cc(NC(=O)C2CC2)ccc1OC[C@@H]1CCCCN1,7.305,3,7.796623219576716,582
O=S1(=O)c2cccc3cccc(c23)N1CCCCCCN1CCN(c2nsc3ccccc23)CC1,7.497,2,7.406420531746028,583
Clc1cccc(C2CCN(CCCCOc3ccc4scnc4c3)CC2)c1Cl,9.221,3,7.075851171957667,584
CC(C)n1nc2c(c1-c1ccc(C#N)cc1)CCNCC2,8.301,9,8.161990117724873,67
CCc1cc2c(ccc3c(CC)nn(C[C@H](C)N)c32)o1,7.29,6,7.36990753607504,585
O=C(N[C@H]1CC[C@H](CCN2CCN(c3nsc4ccccc34)CC2)CC1)OCc1ccccc1,9.431,5,9.06900295502645,586
O=C(N[C@H]1CC[C@@H](CCN2CCN(c3nsc4ccccc34)CC2)CC1)OCc1ccccc1,9.12,3,9.250261611231366,586
COc1ccc(N(CCCCN2CCC(O)(c3ccc(Cl)c(C(F)(F)F)c3)CC2)c2ccc(OC)cc2)cc1,6.048,2,6.749944461640214,587
COc1ccc(C2=C(C)CN(c3ccc(Cl)c(Cl)c3)C2=O)cc1OCCN1CCCCC1,6.3,8,6.33875158597884,486
CCC1CN2CCNCc3ccc(C(=O)NCCF)c1c32,6.67,8,6.503761783189035,281
CN1CCN(CC2C[C@@H]3c4ccccc4Sc4ccccc4[C@H]3O2)CC1,7.76,8,7.067680640692644,588
CC(C)COc1ccc(CNC(=O)N(Cc2ccn(C)n2)C2CCN(C)CC2)cc1,9.067,8,7.980399039682545,589
O=C(NCC1CCOCC1)c1ccc(C#Cc2ccc(F)cc2F)cc1,6.523,3,7.044776039682538,590
CCc1ccc(Cl)c2c1[C@H]1CNC[C@@H]1NC2=O,6.115,8,6.94886747643098,33
COc1ccc(NC(=O)N2CCN(c3ccc(C(F)(F)F)cc3)CC2)cc1N1CCN(C)CC1,6.21,8,6.3923490092592585,591
O=S(=O)(c1ccccc1)C1CCN(CCc2ccc(F)cc2F)CC1,9.481,6,8.65109742460318,35
CCCc1cc(OC)c(CC(N)CC)nc1OC,6.975,5,7.545891559523807,353
Cc1nc(-c2cccc(C(=O)N[C@H]3CC[C@H](CCN4CCN(c5nccc6c5CCO6)CC4)CC3)c2)no1,7.31,6,7.519516031746033,592
Cc1ncnc(C)c1-c1cc(NC(=O)C2CC2)ccc1OC[C@H]1CCN1,7.281,9,7.48652182142857,593
COCCNCCOc1ccc(NC(=O)C2(F)CC2)cc1-c1c(C)noc1C,8.943,3,8.281520234367484,594
CCc1cc(Oc2cc(Cl)ccc2CNC)ccc1Cl,7.33,3,7.355968269841276,6
COc1ccc(C2=C(C)CN(c3ccc(Cl)cc3)C2=O)cc1OCCN1CCCCC1,6.4,9,6.2549561560846545,486
COC(=O)C1=CCCN(C2CC[C@]3(Cc4ccccc4Cc4ccccc43)C2)C1,6.4,7,6.990914687830688,595
CCCn1c(-c2ccccc2)cc(C(=O)NCCCN2CCN(c3cccc(C)c3C)CC2)c1C,6.89,5,6.799653900072149,13
[2H]c1c([2H])c([2H])c([C@@H]2C[C@@H](N3CCNC(C)(C)C3)c3cc(Cl)ccc32)c([2H])c1[2H],9.08,4,7.385628486772489,329
O=S(=O)(NCCCCN1CCN(c2nsc3ccccc23)CC1)c1ccc(Cl)c(Cl)c1,7.92,9,8.020806222222213,596
CC([Se]c1cccc2ccccc12)c1nc(N)nc(N2CCN(C)CC2)n1,6.521,9,7.013047023809521,597
O=C(CCC(F)(F)F)N[C@H]1CC[C@H](CCN2CCC(c3cccc4c3CCO4)CC2)CC1,6.93,2,7.312729275132279,224
CC1CCN(CCc2ccc(OCCCN3CCC(c4noc5cc(F)ccc45)CC3)cc2)CC1,7.368,10,8.068104193121696,598
COc1ccc(NC(=O)Nc2cccc(C(F)(F)F)c2)cc1-c1c(Br)cnn1C,9.4,10,9.096704944444435,102
Cc1noc2c1C(=O)N(CCN1CCC(c3noc4ccccc34)CC1)CCC2,8.35,8,8.21148017460317,599
O=C(CN1CCN(C(=O)c2n[nH]cc2Cl)CC1)c1ccc(F)cc1,7.73,10,7.851168056878307,162
CN1CCC(N(Cc2ccc(F)cn2)C(=O)NCc2ccccc2O)CC1,7.208,3,7.606371749398751,225
CN(C)CC1c2ccccc2Cc2ccccc21,6.27,5,7.3311901173641205,151
CC1CC2(C)CC(=O)C1C1C(=O)N(CCCN3CCN(c4ccccc4)CC3)C(=O)C12,6.535,10,6.532151095238097,600
CN(Cc1cc(OCc2cc(F)ccc2F)n(CC2CCCC2)n1)C(=O)OC(C)(C)C,8.699,1,8.234672411375659,279
Cc1nc2c(o1)C(=O)N(CCN1CCC(c3noc4ccccc34)CC1)CC2,8.03,7,8.145699485449734,601
COc1ccc2c(c1)CC(CN1CCC(C(=O)c3ccc(F)cc3)CC1)CC2=O,7.79,6,7.615513103174607,602
O=C(N[C@H]1CC[C@H](CCN2CCC(c3cccc4c3CCO4)CC2)CC1)C1CC1(F)F,7.29,8,7.614960353174604,180
COc1ccccc1CNCCc1c[nH]c2ncc(Br)cc12,8.11,1,7.964995849206348,358
COc1cc(CC(=O)N[C@H]2CC[C@H](CCN3CCC(c4noc5cc(F)ccc45)CC3)CC2)cc(OC)c1,8.53,6,8.282108642857136,603
CCCCOc1ccc(CN(Cc2coc(C)n2)C(=O)CC2CCN(C)CC2)cc1F,9.296,9,7.575204900793652,604
CCN(CCN1CCC(c2noc3cc(F)ccc23)CC1)C(=O)[C@@H](C)O,8.699,5,8.74924224867724,31
CCN(CCN1CCC(c2noc3cc(F)ccc23)CC1)C(=O)C(C)O,9.18,8,8.541354398148144,31
CCN(CCN1CCC(c2noc3cc(F)ccc23)CC1)C(=O)[C@H](C)O,8.6,2,8.80811939417989,31
CCCc1ccc2c(c1)Oc1cc(Cl)ccc1N=C2N1CCN(CC(C)(C)C(=O)O)CC1,7.888,6,7.7492174550264465,605
CC(=O)c1ccc2c(c1)CC(CN1CCC(c3noc4cc(F)ccc34)CC1)CC2=O,7.5,10,8.095182841269843,318
Clc1ccc2[nH]c3c(c2c1)CCNC3c1ccccc1Br,6.392,6,7.149355265873021,44
O=C(CCCN1CCC(n2c(=O)[nH]c3ccccc32)CC1)c1ccc(F)cc1,8.92,5,8.241927345238098,606
COc1ccc(F)c(F)c1C1CC1CN,6.35,8,6.563616812169314,69
COc1ccc(C2NCCc3c2[nH]c2ccc(O)cc32)c(O)c1,9.305,10,7.224256801587302,44
c1cc2c3c(c1)c1c(n3CCNC2)CCCCCC1,6.629,5,6.6944381177248635,607
O=C1NCc2ccc(OCCCN3CCN(c4cccc5c4COCC5)CC3)cc21,7.96,2,7.482833617724867,608
O=C(N[C@H]1CC[C@H](CCN2CCC(c3noc4cc(F)ccc34)CC2)CC1)C1CCOCC1,8.76,2,8.558937916546414,609
O=C(Cc1ccc2c(c1)OCO2)N[C@H]1CC[C@H](CCN2CCC(c3coc4ccccc34)CC2)CC1,7.94,5,8.079957891534393,610
Cc1ccc(S(=O)(=O)N[C@H]2CC[C@H](CCN3CCC(c4coc5ccccc45)CC3)CC2)cc1,7.38,10,7.9534479383116805,611
O=C(N[C@H]1CC[C@H](CCN2CCC(c3coc4ccccc34)CC2)CC1)c1cnc(N2CCOCC2)cn1,8.088,6,8.063042079365076,612
Cc1nc(CN(Cc2ccc(OCC(C)C)cc2)C(=O)N[C@H]2CCNC[C@H]2F)co1,8.0,7,7.554649436507942,552
O=C1NCc2ccc(OCCCCN3CCN(c4cccc5c4OCCC5)CC3)cc21,7.77,8,7.940960888888885,613
O=C(C[C@H]1COCCO1)N[C@H]1CC[C@H](CCN2CCN(c3cccc4c3OCO4)CC2)CC1,8.11,9,7.9006125770803175,614
O=C(C[C@@H]1COCCO1)N[C@H]1CC[C@H](CCN2CCN(c3cccc4c3OCO4)CC2)CC1,7.911,6,7.97776864021163,614
O=C(CC1COCCO1)N[C@H]1CC[C@H](CCN2CCN(c3cccc4c3OCO4)CC2)CC1,7.93,7,7.967916626984121,614
O=c1ccc2ccc(CCCCCN3CCN(c4cccc5sccc45)CC3)cc2[nH]1,6.68,8,6.800188414021164,615
CC(C)Cc1ccnc2c1CC[C@@H]1CNCCN21,7.57,8,7.465276854497358,450
CN1CCN(C2=Nc3cc(Cl)ccc3N(NC(=O)c3c(F)cccc3C(F)(F)F)c3ccccc32)CC1,8.92,9,8.071663166666667,32
Cn1nccc1-c1cc(NC(=O)C(=O)c2ccc(F)cc2)ccc1OCCN,10.601,5,7.960424001322752,616
Fc1ccc2c(C3CCN(CCCOc4ccc(CN5CCCCC5)cc4F)CC3)noc2c1,8.189,10,8.117417720899475,617
Cc1nccc2c1C(=O)N(CCN1CCC(c3noc4ccccc34)CC1)CC2,8.8,9,8.580905023809528,618
CCc1cc2c(ccc3c(C)nn(C[C@H](C)N)c32)o1,7.34,4,7.45829373015872,585
O=c1n(CCCCN2CCN(c3cccc4scnc34)CC2)nc2c(F)cccn12,7.109,1,7.007818738095231,619
Fc1ccc(OCCCN2CCN(c3ncccn3)CC2)cc1,7.64,10,7.430839461640214,620
CC(C)C(=O)N[C@H]1CC[C@H](CCN2CCC(c3cccc4c3OCO4)CC2)CC1,7.77,1,7.6966772989418075,62
O=C(N[C@H]1CC[C@H](CCN2CCN(c3cccc4c3OCO4)CC2)CC1)c1cccnc1,7.941,6,7.906065499999992,621
COc1cc(OC2CCC(C)(C)CC2)c(F)cc1CNC(=O)[C@@H]1CCCN1,7.125,7,7.355996972222223,622
CCN1CCN2c3c(cccc31)[C@@H]1CN(CCCC(=O)c3ccc(F)cc3)CC[C@@H]12,8.679,4,8.15217023015873,166
NC(N)=NC(=O)c1ccc2c(c1)Cc1ccccc1-2,6.0,7,6.619251960317459,623
OC1(c2ccc(Cl)cc2)CCN(CCCSc2ccc(F)cc2)CC1,7.114,3,6.947328449735448,468
O=c1n(CCCCN2CCN(c3cccc4sccc34)CC2)nc2c(F)cc(F)cn12,7.57,1,7.388989570105814,119
CCC([Se]c1ccccc1)c1nc(N)nc(N2CCN(C)CC2)n1,6.0,5,6.268715968253968,189
O=c1[nH]c2ccccc2n1CCCN1CCC(n2c(=O)[nH]c3cc(Cl)ccc32)CC1,7.695,7,6.979466690476191,624
Cn1ncc2c1CCCN(CCN1CCN(c3nsc4ccccc34)CC1)C2=O,9.48,7,8.960786547619048,625
O=C(N[C@H]1CC[C@H](CCN2CCC(c3cccc4c3CCO4)CC2)CC1)c1ccc(N2CCOCC2)nc1,7.56,4,7.623810193121697,626
Cc1cc2c(s1)Nc1ccccc1N=C2N1CCNCC1,7.638,8,7.693579472222223,627
CC(=O)Nc1cc(F)ccc1C(=O)CCCN1CC[C@H]2[C@@H](C1)c1cccc3c1N2CCCS3,9.098,8,8.105282978475238,174
O=S(=O)(N[C@H]1CCN(CCCc2noc3ccccc23)C1)c1cc2ccccc2o1,9.61,6,9.185648124338629,628
O=S(=O)(N[C@@H]1CCN(CCCc2noc3ccccc23)C1)c1cc2ccccc2o1,9.46,3,9.2014149973545,628
COCCNCCOc1ccc(NC(=O)C2CC2)cc1-c1c(C)ncnc1C,8.364,6,7.49119913756614,96
CC(Oc1cccc(Cl)c1F)c1nc(N)nc(N2CCN(C)CC2)n1,6.948,10,6.369166103174602,349
CN1CCC(=C2c3ccccc3CCc3sccc32)CC1,8.12,6,7.673921039442042,629
N#Cc1ccc2[nH]cc(CCN3CCN(c4cccc5sccc45)CC3)c2c1,6.7,7,7.1091324047619056,630
Cc1nc2n(c(=O)c1CCN1CCN(c3cccc4sccc34)CC1)CCCC2(C)O,8.021,10,7.273890539682541,368
Clc1ccc2c(n1)N1CCNCC1C2,6.662,10,6.754820746031747,152
O=C(CC1CCCO1)N[C@H]1CC[C@H](CCN2CCN(c3cccc4c3OCO4)CC2)CC1,7.78,5,7.6829541335978835,631
O=C(O)C1CCN(C2CC[C@]3(Cc4ccccc4Cc4ccccc43)C2)C1,7.7,4,7.177104730158726,215
Cc1ccc(F)c(NC(=O)Nc2ccc(OCCN3CCCCC3)c(-c3ccnn3C)c2)c1,8.68,6,8.809749944444448,90
CN1CCN2c3c(cccc31)[C@@H]1CN(CCCc3noc4ccccc34)CC[C@@H]12,8.481,2,8.435444461640206,632
O=S(=O)(CC(F)(F)F)N[C@H]1CC[C@H](CCN2CCN(c3cccc4c3OCO4)CC2)CC1,7.5,10,7.41869781746032,4
O=C1NCc2ccc(OCCCCN3CCN(c4cccc5ccc(F)cc45)CC3)cc21,7.942,1,8.523265071428575,190
COc1cc2c3c(c1OCC1CC1)-c1cc(NC(C)=O)ccc1CC3N(C)CC2,6.011,4,6.3323169722222215,298
C#CCOCCOCCOc1cccc([C@H](O)C2CCN(CCc3ccc(F)cc3)CC2)c1OC,7.251,1,7.537171163179413,11
CN1CCC(C(=O)N[C@H]2CC[C@H](CCN3CCC(c4cccc5c4OCO5)CC3)CC2)CC1,8.229,2,7.779895208994723,633
CC(=O)N[C@H]1CC[C@H](CCN2CCC(c3noc4cc(C)ccc34)CC2)CC1,7.778,7,8.320731693121703,109
N[C@@H](Cc1ccc(OCCCCN2CCC(c3noc4cc(F)ccc34)CC2)cc1)C(=O)O,8.44,2,8.496992886243389,634
CCCN(CC)CCc1c[nH]c2c(F)cc(F)cc12,6.3,10,6.802126928571431,86
[C-]#[N+]c1ccc(S(=O)(=O)N[C@H]2CC[C@H](CCN3CCN(c4nsc5ccccc45)CC3)CC2)o1,8.325,3,8.781927632635885,635
CCOc1ccccc1N1CCN(CCCCCCN2C(=O)c3cccc4cccc2c34)CC1,6.142,4,6.3166853730158685,357
N#CCC(=O)N[C@H]1CC[C@H](CCN2CCC(c3cccc4c3CCO4)CC2)CC1,7.41,6,7.546150846560844,224
O=c1n(CCCCN2CCN(c3cccc4sccc34)CC2)nc2c(F)cccn12,7.447,1,7.054483304232801,119
Cn1cc2c(OCC3CCN(CCc4ccccc4)CC3)nc3ccccc3c2c1,7.1,1,6.8231068492063445,491
CCN(CCN1CCC(c2noc3cc(F)ccc23)CC1)C(=O)C(C)CO,9.05,3,8.869499377465127,31
O=C(CO)N[C@H]1CC[C@H](CCN2CCC(c3cccc4c3CCO4)CC2)CC1,7.598,8,7.523076468253965,224
O=C1NCN(c2ccccc2)C12CCN(CCCOc1ccc(F)cc1)CC2,8.155,6,7.734848436507937,636
COc1cccc(N2CCN(CCCCNC(=O)c3c[nH]c4ccccc34)CC2)c1,6.788,6,6.949324694444446,637
CCCN1CCc2cccc3c2[C@H]1Cc1cccc(OC(=O)CC)c1-3,6.96,1,6.94000293650794,78
COc1ccccc1N1CCN(CC(O)CCNC(=O)c2cnc3ccccc3c2)CC1,6.46,1,6.709576351851852,42
Clc1cccc2c1CN(CCCCc1nc3ccccc3s1)CC2,6.595,8,6.511846595238091,70
CCc1ccc(N2CCN(Cc3c[nH]c4ncccc34)CC2)cc1,6.201,3,6.763455526455029,638
CN1C(=O)COc2ccc(CCN3CCN(c4cccc5sccc45)CC3)cc21,6.34,1,7.363039107142857,566
c1ccc(-c2[nH]c3ccccc3c2CCN2CCCCC2)cc1,8.578,8,8.441985325396821,639
O=S(=O)(NCCCN1CCC(c2noc3cc(F)ccc23)CC1)c1cccs1,8.291,1,8.275345690476192,640
CN(C)CCN(Cc1ccccc1)S(=O)(=O)c1ccc(I)cc1,8.742,10,6.88780895238095,641
CC1=N[C@H](C(=O)O)Cc2c[nH]c3c(O)ccc1c23,7.59,1,6.8076230343915345,642
C[C@@H](N)Cc1c2c(c(Br)c3c1OCC3)OCC2,8.982,1,8.319693981481478,643
CC(N)Cc1c2c(c(Br)c3c1OCC3)OCC2,9.319,7,8.376118965608462,643
CCCCn1nc(CNC)cc1OCc1cc(F)ccc1F,8.189,2,8.562527916666665,364
COc1ccc(OC)c(C(=O)CCCCN2CCC3(CC2)NC(=O)NC3=O)c1,7.699,8,7.0329799285714305,644
CC(=O)O[C@@H]1[C@@H]2C[C@H]([C@@H]1OC(C)=O)[C@H]1C(=O)N(CCCCN3CCN(c4cccc5sccc45)CC3)C(=O)[C@@H]21,6.261,4,7.1183421139971115,645
Cc1ncnc(C)c1-c1cc(NC(=O)C2CC2)ccc1OCCN(C)CCS(C)(=O)=O,6.434,4,7.198926293650793,96
Cc1ccc(C2NCCc3c2[nH]c2ccc(Cl)cc32)c(C)c1,6.25,6,7.061183558201054,44
O=C1[C@@H]2[C@H](C(=O)N1CCCN1CCN(c3cccc4sccc34)CC1)[C@H]1C=C[C@@H]2C1,6.948,5,7.335755567460324,646
CCN1CCN(c2cc(-c3ccc(F)cc3)c3c(n2)CC[C@@H](O)CCC3)CC1,7.75,2,7.884917521164024,647
CCN1CCN(c2cc(-c3ccc(F)cc3)c3c(n2)CC[C@H](O)CCC3)CC1,8.017,4,7.74506661339586,647
CCCc1c(C(=O)NCCCCCN2CCN(c3ccccc3OC)CC2)nnn1Cc1ccccc1Br,7.209,1,7.32601468783069,477
COc1ccccc1N1CCN(CCC(C)NS(=O)(=O)c2ccc3ccccc3c2)CC1,6.18,8,6.894669798941803,559
Cc1ncnc(C)c1-c1cc(NC(=O)Cc2ccc(F)cn2)ccc1OCCN1CCC1,7.9,10,7.345571279100525,648
CN1CCc2ccc(NS(=O)(=O)c3ccc(-c4ccc(Cl)cc4)cc3)cc2CC1,6.7,10,7.17907283369408,451
CCCC1NCCc2c1[nH]c1ccc(Cl)cc21,6.19,3,6.98895775,649
CO[C@H]1CC[C@H](CC(=O)N[C@H]2CC[C@H](CCN3CCC(c4noc5cc(Cl)ccc45)CC3)CC2)C1,7.85,10,7.841447405363157,650
Cn1cc2c(n1)CCN(CCN1CCN(c3noc4ccccc34)CC1)C2=O,8.0,9,8.025637654761905,651
O=C(NCCCN1CCN(c2cccc(C(F)(F)F)c2)CC1)c1n[nH]c2ccccc12,6.82,5,6.760690253968253,652
O=C(N[C@H]1CC[C@H](CCN2CCC(c3cccc4c3CCO4)CC2)CC1)c1ccc(-n2cccc2)cc1,7.519,9,7.492277817460317,653
O=C(CCCN1CC[C@H]2[C@@H](C1)c1cccc3c1N2CCS3)c1ccc(F)cc1,8.89,10,8.450370697089957,654
COc1ccccc1N1CCN(CCC2CCc3ccc([N+](=O)[O-])cc3C2O)CC1,6.29,6,6.673198458994708,655
O=C(N[C@H]1CC[C@H](CCN2CCN(c3cccc4c3OCO4)CC2)CC1)C1CC1(F)F,7.57,3,7.779471638888893,320
CN1CCN(c2ccc(C(=O)N[C@H]3CC[C@H](CCN4CCN(c5nccc6c5CCO6)CC4)CC3)cc2)CC1,8.35,10,7.871070869047621,656
CCCCOc1ccc(CN(Cc2coc(C)n2)C2=NOC3(CCN(C)CC3)N2)c(F)c1,6.131,6,7.773781396825394,657
CN1CCC=C(c2n[nH]c3c(Cl)ccc(F)c23)C1,7.07,3,7.319019862914871,658
CCc1cc(Cl)c(OC)c(N2CCN(CC[C@H]3CC[C@H](NC(=O)CCOC)CC3)CC2)c1,6.8,7,6.783633050264554,401
COc1cc(CCNCc2ccc(Cl)cc2)c(OC)cc1Br,7.607,2,8.394409908730154,115
CSc1ncc2c(n1)CC(CN1CCC(c3noc4cc(F)ccc34)CC1)CC2=O,8.34,2,7.8821262989417935,659
CN(C)[C@@H]1Cc2ccccc2[C@@H](c2ccc(Cl)cc2)C1,6.6,1,7.129960794973544,217
CN(C)[C@H]1Cc2ccccc2[C@H](c2ccc(Cl)cc2)C1,7.3,10,6.699754537037034,217
CSc1nc(Cl)c2c(n1)N1CCCNC[C@H]1CC2,4.91,9,6.609956476190477,660
O=S(=O)(NCCCN1CCN(c2nsc3ccccc23)CC1)c1ccc(F)c(Cl)c1,7.852,6,8.08777333597883,345
O=S(=O)(c1cccc2ncccc12)N1CCC(CCN2CCN(c3ccccc3)CC2)CC1,6.19,7,6.653169400793651,41
OC1(c2ccc(Cl)c(C(F)(F)F)c2)CCN(CCCN(c2ccc(F)cc2)c2ccc(F)cc2)CC1,6.79,6,6.628652095959597,661
CCOc1ccc(CCOC(=O)N2CCN(CCCc3ccccc3)CC2)cc1,6.009,10,6.632860976190469,662
COc1cc2c(cn1)C(=O)N(CCN1CCN(c3nsc4ccccc34)CC1)CC2,9.399,10,8.926481533068785,236
CC(C)CC(=O)N[C@H]1CC[C@H](CCN2CCN(c3nccc4c3CCO4)CC2)CC1,7.802,7,7.7986816468254,12
COCc1ccc(CNC(=O)N(Cc2ccc(C)cn2)C2CCN(C)CC2)cc1,7.815,1,7.9803640158730165,225
CS(=O)(=O)N[C@H]1CC[C@H](CCN2CCC(c3cccc4c3CCO4)CC2)CC1,7.45,5,7.51377713492063,224
COc1cccc(CCN2C3C4C5CC6C7C5C3C7C2(O)C64)c1OC,6.02,2,7.06888696031746,663
O=C1Nc2ccccc2C12CCN(CCN1CCN(c3cccc(Cl)c3)CC1)C2,6.457,3,6.677378513227513,664
Cn1cnc(S(=O)(=O)N[C@H]2CC[C@H](CCN3CCC(c4cccc5c4OCO5)CC3)CC2)c1,7.189,5,7.365624591269845,665
[3H]C([3H])(N1CCC(C(=O)c2ccc(F)cc2)CC1)C([3H])([3H])n1c(=O)[nH]c2ccccc2c1=O,8.615,5,8.29259498412698,666
O=C(c1ccc(F)cc1)C1CCN(CCn2c(=O)[nH]c3ccccc3c2=O)CC1,9.218,1,8.510346031746026,666
CC(C)n1nc(C(=O)NCC2CCN(CCc3ccccn3)CC2)c2ccccc21,7.0,6,7.462559761904765,667
CC(C)COc1ccc(CNC(=O)N(Cc2cccc3cc[nH]c23)C2CCN(C)CC2)cc1,8.0,4,7.452002415343917,668
Cc1nc2n(c(=O)c1CCN1CCN(c3cccc4sccc34)CC1)CCCC2O,8.539,7,7.519190264790766,368
Cc1c(Cl)cccc1N1CCN(CCCNC(=O)c2nc(C)n(-c3ccccc3F)c2C)CC1,7.399,2,7.411731924603176,101
COc1ccc2c(c1)CCC1(CCN(CCCC(=O)c3ccc(F)cc3)CC1)O2,9.44,1,7.522061255291003,669
CC(C)C(=O)NC1CCc2cc(CCN3CCN(c4nsc5ccccc45)CC3)ccc21,9.189,3,9.34184687962963,26
CNCc1cc(F)ccc1Oc1ccc(Cl)c(Cl)c1,6.688,2,6.565075724867724,6
CCOC(=O)N1CCC(CCN2CCN(c3nsc4ccccc34)CC2)CC1,8.481,8,8.96106985185185,670
O=C1COc2ccccc2N1CCCN1CCN(c2nsc3ccccc23)CC1,8.24,6,8.613696944444444,671
NC(=O)NCCCCCCN1CCN(c2cccc(Cl)c2)CC1,6.71,7,6.72644376118326,404
CCC(CC)NC(=O)[C@@H]1C=C2c3cccc4[nH]c(Br)c(c34)C[C@H]2N(C)C1,8.77,1,8.295679104497363,53
COc1ccc2[nH]cc(CCNCc3ccccc3)c2c1,8.023,4,7.2053093981481515,672
O=S(=O)(NCCCN1CCC(c2noc3cc(F)ccc23)CC1)c1ccc(F)c(Cl)c1,8.822,2,8.353118640211642,673
CC(C)Oc1ccc(COC(=O)N(Cc2ccc(F)cc2F)C2CCN(C3CC3)CC2)cc1,8.6,5,8.682922146825394,674
CC(=O)Nc1ccc(C(=O)CCCN2CCN(c3ccccn3)CC2)cc1,6.97,6,6.722528775132275,675
Cc1cc(C)n2ccnc2c1C(=O)N1CCN(CCc2ccc(F)cc2F)CC1,8.44,4,8.63639421031746,375
CC(C)N(C)CCc1cccc2cccc(O)c12,7.44,8,6.970528476190476,676
CC(C)C[C@H]1C(=O)N[C@@H](Cc2ccccc2)[C@]2(O)O[C@@](C)(NC(=O)[C@@H]3C=C4c5cccc6[nH]cc(c56)C[C@H]4N(C)C3)C(=O)N12,7.798,2,7.8842188240740745,677
COc1cccc(C(=O)Nc2ccc(OCCN3CCC3)c(-c3c(C)ncnc3C)c2)c1,8.48,2,8.498628169312173,678
CC(=O)c1c(OCCCCN2CCN(c3cc(C)cc(C)c3)CC2)ccc2c(C)cc(=O)oc12,7.238,5,7.493993009259251,83
CN(C)CCC1=C(Cc2ccc(F)cc2)c2ccccc2C1,9.85,5,7.603303762746515,679
COc1cc(CCNCc2cccc(OC)c2OC)c(OC)cc1Br,8.509,4,8.30736943518518,115
COc1ccc(CNCCc2cc(OC)c(Br)cc2OC)cc1,7.866,4,8.07103958862434,115
N#CCC(=O)N[C@H]1CC[C@H](CCN2CCN(c3cccc4c3OCO4)CC2)CC1,7.73,3,7.727923833333335,4
O=C(N[C@H]1CC[C@H](CCN2CCC(c3cccc4c3CCO4)CC2)CC1)c1ccc(N2CCOCC2)cc1,7.752,3,7.595490929894183,680
c1ccc2c(N3CCN(CCCOc4ccc5c(c4)CNC5)CC3)cccc2c1,8.75,4,7.808809359788362,681
C=C(CN1CCN(C2=Cc3ccccc3Cn3ccnc32)CC1)C(=O)O,6.699,3,6.854826011904761,202
CCCc1nc(C(=O)NCCCN2CCN(c3cccc(Cl)c3C)CC2)c(C)n1-c1ccc(OC)cc1,7.819,9,7.235660916666672,101
Cc1nc(CN(Cc2ccc(OCC3CC(F)(F)C3)cc2)C2=NOC3(CCN(C)CC3)N2)co1,8.0,2,7.741663888888896,682
COc1cc(CCNCc2ccccn2)c(OC)cc1Br,7.41,9,7.271063817460317,683
CSc1cc2c(cc1C(F)(F)F)N(C(=O)Nc1ccc(Oc3cccnc3C)nc1)CC2,6.6,2,6.538428067099567,52
O=C(c1ccc(F)cc1)C1CCN(CCCCc2ccccc2)CC1,8.28,10,7.68433598412698,684
Cc1c(C(=O)NCCCN2CCN(c3cccc(Cl)c3Cl)CC2)nc(-c2ccccc2)n1-c1ccccc1F,7.71,4,7.713914320105817,449
CCCN1CCC[C@@H]2Cc3n[nH]cc3C[C@H]21,4.6,6,6.917376865079362,685
CCNCCc1cc(OC)c(Br)cc1OC,7.169,7,7.701408793650794,188
CC(=O)c1c(OCCCN2CCN(c3cccc(Cl)c3Cl)CC2)ccc2c(C)cc(=O)oc12,8.1,3,7.551990592592592,686
Cc1cc(C(=O)N[C@H]2CC[C@H](CCN3CCN(c4nccc5c4CCO5)CC3)CC2)on1,7.8,6,7.83298212566138,687
CNCc1cc(OCc2cc(Cl)ccc2F)n(CC2CC3CCC2C3)n1,9.14,1,8.699963249999998,688
O=C(N[C@H]1CC[C@H](CCN2CCN(c3cccc4c3OCO4)CC2)CC1)C1CCOCC1,8.111,2,7.90675286904762,689
CC(C)N(c1cccc(N2CCN(C)CC2)c1)S(=O)(=O)c1ccccc1,6.76,5,6.783109211640209,690
COc1cc2c(cn1)C(=O)N(CCN1CCN(c3noc4ccccc34)CC1)CC2,8.62,8,7.6156064206349265,49
COc1c(F)ccc2[nH]nc(CCN(C)C)c12,7.55,6,7.193147711640213,134
Cc1ccc2ccn(CC(C)N)c2c1,6.1,7,6.612930087301583,86
Fc1ccc(CCCCN2CCCN(c3ccc(Cl)cc3)CC2)cc1,6.291,6,6.9822020648148175,691
NCCc1c[nH]c2ccc(Cl)cc12,8.39,4,7.651404460197219,86
CS(=O)(=O)CC(=O)N[C@H]1CC[C@H](CCN2CCC(c3cccc4c3OCO4)CC2)CC1,7.569,8,7.630700056878307,62
CC(C)n1nc(C(=O)NCC2CCN(CCc3ccc([N+](=O)[O-])cc3)CC2)c2ccccc21,6.0,5,7.442102701058202,692
O=C(NCc1ccc(OCC(O)CN2CCN(c3noc4cc(F)ccc34)CC2)cc1)N(Cc1ccc(F)cc1)C1CCNCC1,7.368,5,7.565819751924005,693
CCCCN1CCN(c2cc(CC)cc(Cl)c2OC)CC1,6.33,10,7.0034364087301615,404
CCN(C)CCCc1cccc2[nH]cc(S(=O)(=O)c3ccccc3)c12,6.235,6,6.686319144901392,56
c1ccc(-c2[nH]c3ccccc3c2C2CCNCC2)cc1,7.92,9,7.8499145977633455,694
CN1CCN(c2ccc(C(=O)N[C@H]3CC[C@H](CCN4CCC(c5coc6ccccc56)CC4)CC3)cc2)CC1,8.052,2,8.080158126984134,695
CNCc1cc(OC(F)(F)c2ccccc2)n(CC2CCCCC2)n1,8.22,5,8.364668309523811,91
COc1ccc(N2Cc3c(c4cc(Cl)ccc4n3C)C2=O)cc1OCCN1CCC(C)CC1,6.9,2,6.53213669312169,696
CN(C)C[C@H]1CC2c3ccccc3Oc3ccc(Br)cc3[C@H]2O1,7.82,9,7.701508645502651,697
CN(C)C[C@@H]1C[C@H]2c3ccccc3Oc3ccc(Br)cc3[C@H]2O1,8.521,5,7.4846443158970635,697
CN(C)C[C@@H]1CC2c3ccccc3Oc3ccc(Br)cc3[C@H]2O1,7.42,10,8.034543270442521,697
CN(C)C[C@H]1C[C@H]2c3ccccc3Oc3ccc(Br)cc3[C@H]2O1,7.19,10,8.034543270442521,697
COc1cc(C[C@@H](C)N)c(OC)cc1Br,9.539,4,8.195798720899466,188
COc1cc(CC(C)N)c(OC)cc1Br,8.306,10,8.915255409692161,188
COc1cc(C[C@H](C)N)c(OC)cc1Br,8.72,4,8.195798720899466,188
COc1ccc(NC(=O)Nc2ccc(Cl)cc2C(F)(F)F)cc1-c1c(Br)cnn1C,8.95,6,9.13719963804713,102
COc1ccc(N2Cc3cccc(Br)c3C2=O)cc1OCCN1CCC(C)CC1,6.2,7,6.263381388888889,71
O=C(N[C@H]1CC[C@H](CCN2CCN(c3cccc4sccc34)CC2)CC1)N1CC(F)(F)C1,8.469,10,8.243204461640216,698
c1ccc(-c2[nH]c3ccccc3c2C2CCCNC2)cc1,9.0,9,7.81074544564694,310
O=c1c(-c2ccc(F)cc2)c2ccccn2c(=O)n1CCCCN1CCCC(c2c[nH]c3ccccc23)C1,6.361,10,7.080989637566138,258
COc1cc(CCNCc2ccccc2)c(OC)cc1C,8.026,4,7.809482420033667,115
C=CC(C)N(C)CCc1c[nH]c2ccc(F)cc12,6.25,1,6.782057587301584,86
CN(CCc1cccc2cccc(O)c12)C1CC1,7.22,5,7.027963043650795,699
CCC(O)C(=O)N[C@H]1CC[C@H](CCN2CCN(c3cccc4c3OCO4)CC2)CC1,7.59,9,7.797424591269841,4
COc1ccc(Cn2nnc(C(=O)NCCCCN3CCN(c4ccccc4OC)CC3)c2C)cc1,6.852,1,6.841740396825398,7
Fc1ccccc1Nc1nc(N2CCOCC2)nc2ccccc12,6.733,4,6.985527145502647,521
Cc1ccc(-n2c(C)nc(C(=O)NCCCN3CCN(c4cccc(C)c4C)CC3)c2C)cc1,7.48,2,7.162155374939872,101
COc1cc(CCNCc2ccc(C)cc2)c(OC)cc1Br,7.745,4,8.102672260582011,115
CNC(C)c1cc(C(F)(F)F)ccc1Oc1ccc(Cl)c(Cl)c1,6.54,8,6.827349265873013,6
COc1ccc(N2CCN(c3ccc(Cl)c(Cl)c3)C2=O)cc1OCCN(C)C,6.3,10,6.607946627585381,700
Cc1noc(C)c1-c1cc(NC(=O)Cc2cccc(F)c2)ccc1OC[C@H]1CCCCN1,8.772,10,8.218000246031748,701
Cc1nc2c(o1)CCN(CCN1CCC(c3noc4ccccc34)CC1)C2=O,8.419,2,7.896687452380952,702
Cn1cc2c(n1)C(=O)N(CCN1CCN(c3nsc4ccccc34)CC1)CCC2,8.74,9,8.573167453703702,703
Nc1nc(N)nc(NCCCCCCN2CCN(c3cccc(Cl)c3Cl)CC2)n1,7.89,2,7.433170515873013,704
C=CCOc1ccc(F)cc1[C@@H]1C[C@H]1CN,6.16,6,6.494894134920635,69
C=CCOc1ccc(F)cc1[C@H]1C[C@@H]1CN,6.43,1,6.280245579365083,69
CN(C)C1C=CC2(CC1)c1ccccc1C=Cc1ccc(Cl)cc12,9.0,3,7.88082882804233,705
O=C(N[C@H]1CC[C@H](CCN2CCC(c3cccc4c3OCO4)CC2)CC1)C1CC1(F)F,7.57,4,7.688544279100537,706
c1cncc(OC2CN(c3c4c(nc5ccnn35)CCNCC4)C2)c1,7.2,1,6.3794571489899035,707
O=C1CC(CN2CCC(C(=O)c3ccc(F)cc3)CC2)Cc2cc(-c3ccccc3)ccc21,6.2,2,7.361881890211639,708
O=C(CC1CCCCO1)N[C@H]1CC[C@H](CCN2CCC(c3noc4cc(Cl)ccc34)CC2)CC1,8.232,7,7.911138441798941,709
O=C(C[C@H]1CCCCO1)N[C@H]1CC[C@H](CCN2CCC(c3noc4cc(Cl)ccc34)CC2)CC1,7.82,5,8.006560834656083,709
O=C(C[C@@H]1CCCCO1)N[C@H]1CC[C@H](CCN2CCC(c3noc4cc(Cl)ccc34)CC2)CC1,7.86,7,7.911138441798941,709
N#Cc1ccc(CCOC(=O)NC2CCN(CCCC(c3ccc(F)cc3)c3ccc(F)cc3)CC2)cc1,6.168,5,7.25615132756133,710
CCCC(=O)Nc1ccc2c(c1)-c1c(OCC3CC3)c(OC)cc3c1C(C2)N(C)CC3,6.179,2,6.3731984312169345,298
O=C1c2ncccc2CCN1CCN1CCC(c2noc3ccc(F)cc23)CC1,7.28,8,7.725084126984132,228
CN1CCC[C@@H]1Cc1c[nH]c2c(F)cccc12,6.47,2,6.5910791455026425,34
O=C(N[C@H]1CC[C@H](CCN2CCC(c3coc4ccccc34)CC2)CC1)c1ccnc2ccccc12,8.06,10,8.06701764550265,711
COc1ccc(CCN(CCCc2ccc(Cl)cc2)CCc2ccc3c(c2)OCO3)cc1OC,6.44,5,6.750727507936504,47
Nc1nc(NCCNc2ccccc2)nc(NCCc2c[nH]c3ccccc23)n1,4.96,1,5.861993820105823,438
Oc1cc2c3c(c1Cl)-c1ccccc1CC3NCC2,6.22,4,6.7726047178932225,78
CC1(C)CCC(Oc2cc(F)c(CNC(=O)[C@@H]3CCCN3)cc2F)CC1,7.619,1,7.323039242063495,622
Cc1ncc(CC(=O)Nc2ccc(OCCN3CCCC3)c(-c3c(C)ncnc3C)c2)s1,8.281,3,7.952766297619047,712
C[C@H]1C[C@H](NS(=O)(=O)c2cc3ccccc3o2)CN1CCCc1noc2cc(F)ccc12,8.56,7,8.652352214285713,628
C[C@@H]1CNCCc2ccc(C(F)(F)F)cc21,7.0,9,6.904242314814818,39
C[C@H]1CNCCc2ccc(C(F)(F)F)cc21,6.9,1,6.9475808174603175,39
CC1CNCCc2ccc(C(F)(F)F)cc21,7.0,1,6.9475808174603175,39
Cc1nc(C)c2c(n1)CCN(CCN1CCC(c3noc4ccccc34)CC1)C2=O,8.639,1,8.28087820899471,713
O=C1COc2c(F)cc(CCN3CCN(c4cccc5sccc45)CC3)cc2N1,6.98,7,7.009046832010581,566
Cc1c(S(=O)(=O)NCCCCN2CCC(c3noc4cc(F)ccc34)CC2)sc2ccc(F)cc12,9.15,4,8.71301473280423,714
Cc1cccc(S(=O)(=O)NCCCCN2CCN(c3nsc4ccccc34)CC2)c1,9.4,1,8.180199115079363,596
CC1CN(c2ccc(C(=O)N[C@H]3CC[C@H](CCN4CCC(c5noc6cc(F)ccc56)CC4)CC3)cc2)CC(C)O1,7.67,7,8.296082657407405,389
CN1CCN2c3c(cccc31)[C@@H]1CN(CCCC(=O)c3ccncc3)CC[C@@H]12,8.33,1,7.533464202621451,715
CC(=O)c1c(OCCCN2CCN(c3ccccc3Br)CC2)ccc2c(C)cc(=O)oc12,8.15,3,7.851321366402118,686
CN(CC(F)(F)F)C(=O)[C@@H]1C=C2c3cccc4[nH]cc(c34)C[C@H]2N(C)C1,8.428,6,8.881699798941797,53
Cc1ncsc1C(=O)Nc1ccc(OCCN2CCCC2)c(-c2c(C)ncnc2C)c1,8.488,9,8.046578873015877,716
COc1cc2c(cc1Br)CCNCC2,7.0,7,7.184568465608464,39
CN(C)CCCN1c2ccccc2CCc2ccc(Cl)cc21,7.447,2,7.310107201058201,204
Fc1ccc(/C=C/COCC2CCN(Cc3ccccc3)CC2)cc1,7.509,9,7.032780974867723,508
COc1ccc(-n2c(C)nc(C(=O)NCC(O)CN3CCN(c4cccc(C)c4C)CC3)c2C)cc1OC,6.69,7,6.81627377128427,101
COc1cc2c(cc1OCCN1CCCCC1)N(C(=O)/C=C/c1ccccc1Cl)CC2,6.4,5,6.662202420634921,717
CCc1cc(OC)c(CC(C)N)nc1OC,8.24,7,7.42130483597884,353
Fc1cccc2c1nc(OCC1CCN(CCCc3ccc(I)cc3)CC1)c1cccnc12,6.091,2,7.1095485436507975,718
C#CC(C)(C)c1cc(NC(=O)Nc2ccc(Oc3ccnc(Nc4ccc5c(c4)NC(=O)C5)n3)c3ccccc23)n(-c2ccc(C)cc2)n1,7.06,3,6.629107194444444,719
O=S(=O)(c1cccc(F)c1)N1CCC(CCc2ccc(F)cc2F)CC1,6.836,3,7.9861663756613765,157
Cn1ccc2c1CCCN(CCN1CCC(c3noc4ccccc34)CC1)C2=O,9.098,2,8.68337676719576,720
CN(C)CC1CC2c3cc(F)ccc3Cc3ccc(F)cc3N2O1,7.964,5,7.849047824194325,309
O=S(=O)(c1ccc(/C=C/c2ccc(F)cc2)nc1)c1cccc(F)c1,8.019,9,8.15504247354497,51
CC(C)c1ccnc2c1CC[C@@H]1CNCCN21,7.49,2,7.2352091097883555,450
O=C(c1ccccc1)C1CCN(CCc2ccccc2)CC1,8.019,4,7.6272331588319044,85
NCC1c2ccccc2Cc2ccccc21,7.699,9,6.990502444444443,151
O=C1Cc2cc(CCN3CCN(c4cccc5ccccc45)CC3)ccc2N1,7.7,10,7.732007859788365,721
Cc1ccc2c(CCN)c[nH]c2c1,7.12,1,7.724711330687831,86
CN1CCN(CCC=C2c3ccccc3Sc3ccc(S(=O)(=O)N(C)C)cc32)CC1,7.301,1,7.544558246031745,722
CC(=O)N1CCC(C)c2cc(Cl)cc(CCN3CCN(c4nsc5ccccc45)CC3)c21,9.51,2,9.361426063492056,219
CNc1ncc2c(n1)CC(CN1CCC(c3noc4cc(F)ccc34)CC1)CC2=O,8.62,3,8.060999283068782,659
CCN(CCN1CCC(c2noc3cc(F)ccc23)CC1)C(=O)C(O)C(C)C,8.852,1,9.17528194841269,31
CCCc1ccc(CC(C)N)c(OC)c1,6.471,3,7.3094869880952364,188
O=C(NC1CCc2cc(CCN3CCN(c4nsc5ccccc45)CC3)ccc21)c1cccnc1,9.169,2,9.040805658730157,723
Cn1ncc(Br)c1-c1cc(NC(=O)Nc2ccc(Cl)cc2)ccc1OCCN1CCCC1,9.344,5,9.054851825396828,301
CCCCc1ccc(S(=O)(=O)Nc2ccc3c(c2)CCN(C)CC3)cc1,8.3,5,7.3008037394179865,519
Cc1ccc2c(C3CCN(CCN4CCc5cccnc5C4=O)CC3)noc2c1,8.0,5,8.346400880952384,228
Cn1cc(S(=O)(=O)N(CC2CC2)C2CCN(CCOc3ccccc3-c3ccccc3)CC2)cn1,7.52,8,7.215739242063491,724
COc1cc(CCN)c2c(c1OC)OCC2,6.122,3,7.507738214285719,725
CC(C)Oc1ccc(CC(=O)N(Cc2ccc(F)c(F)c2F)C2CCN(C)CC2)cc1,7.4,3,7.812727503968252,126
COc1ccccc1CNCCc1n[nH]c2cc(F)cc(F)c12,7.84,7,7.934516341269846,726
CCc1cc(C(=O)Nc2ccc(OC[C@H]3CCCCN3)c(-c3c(C)noc3C)c2)n(C)n1,7.44,6,7.451945365079369,727
COc1ccc(NC(=O)Nc2ccc(Cl)cc2)cc1-c1c(Cl)cnn1C,9.55,6,8.829366640211642,102
CCCCOc1ccc(CN(Cc2coc(CF)n2)C(=O)NC2CCN(C)CC2)cc1,8.0,2,8.243905000000005,552
CC(C)n1nc2c(c1-c1ccc(OC(F)(F)F)cc1)CCNCC2,7.4,5,8.3004375026455,67
CN(C)CCSC(C)(C)C,7.0,5,6.636593556878312,728
Cc1noc(C)c1C1NCCc2c1[nH]c1ccc(Cl)cc21,6.29,5,6.852969190476192,165
O=S1(=O)N(CCCCCCN2CCN(c3cccc(Cl)c3)CC2)c2cccc3c2N1CCC3,6.55,8,6.9288981626984105,729
O=S(=O)(c1cccc2ncccc12)N1CCCC[C@@H]1CCN1CCN(c2nsc3ccccc23)CC1,7.539,8,7.518417853174607,730
Cc1nc(C)c2c(=O)n(CCN3CCC(c4noc5ccccc45)CC3)ccc2n1,8.659,7,8.082668966931214,295
O=C(CCCN1CC[C@H]2[C@@H](C1)c1cccc3c1N2CCCS3)c1ccc(F)cc1,8.601,2,8.39405514550265,174
COc1ccc(N2CCC(c3ccc(Cl)c(Cl)c3)C2=O)cc1OCCN1CCC(C)CC1,6.4,10,6.33181791967291,731
COc1ccccc1CNC[C@H]1C[C@]1(F)c1ccccc1,6.5,2,7.385914396825398,276
CCCCSc1cc(OC)c(CC(C)N)cc1OC,8.02,8,8.498566885642136,188
O=C(N[C@H]1CC[C@H](CCN2CCN(c3cccc4c3OCO4)CC2)CC1)C1CCCO1,7.91,6,7.905187341269836,732
O=c1n(CCCCCCN2CCN(c3cccc(Cl)c3)CC2)c2cccc3c2n1CCC3,7.18,8,6.725351138888892,733
CC(=O)c1c(OCCCN2CCN(c3ccccc3F)CC2)ccc2c(C)cc(=O)oc12,7.569,9,7.26315105952381,686
Cc1ncnc(C)c1-c1cc(NC(=O)c2ccnn2C)ccc1OCCN1C[C@@H]2C[C@H]1CO2,8.051,7,7.888256785714287,734
CNCc1ccc(Cl)cc1Oc1ccc(F)c(C(F)(F)F)c1,7.31,9,7.248878182539674,6
CC(=O)N1CCC(C)c2cccc(CCN3CCN(c4nsc5ccccc45)CC3)c21,9.52,6,9.413442628306882,219
Cc1ncccc1Oc1ccc(NC(=O)N2CCc3cc(F)c(Cl)cc32)cn1,6.3,9,6.59891469047619,52
CC(C)COc1ccc(CC(=O)N(Cc2ccc(Cl)cc2Cl)C2CCN(C)CC2)cc1,6.6,2,7.471990170634922,126
O=C(N[C@H]1CC[C@H](CCN2CCC(c3cccc4c3CCO4)CC2)CC1)C1CCCO1,7.88,9,7.606453174603171,735
COCC(=O)N[C@H]1CC[C@H](CCN2CCN(c3cccc4c3OCO4)CC2)CC1,7.91,3,7.818099927248677,4
Cc1c(Cl)cccc1N1CCN(CCCCOc2ccc3c(n2)NC(=O)CC3)CC1,8.822,9,8.542757682539674,436
COc1cccc2nn(CCCCN3CCN(c4cccc5sccc45)CC3)c(=O)n12,7.89,5,7.223608435185191,119
CCSCCNC(=O)c1ccc2c3c1CCN3CCNC2,4.75,3,6.6059371137566165,281
Cc1c(C(=O)NCC(O)CN2CCN(c3cccc(Cl)c3Cl)CC2)nc(-c2ccccc2)n1-c1ccccc1,7.62,4,7.273863280423284,449
CN1[C@@H]2CC[C@H]1C[C@@H](OC(c1ccccc1)c1ccccc1)C2,7.89,3,7.331453682539681,736
CC(N)Cc1c2ccoc2c(Br)c2ccoc12,10.399,1,7.317274345238094,737
CCN(C)CCc1c(-c2ccc(F)cc2)[nH]c2ccccc12,9.368,8,9.032887912698405,249
O=S(=O)(c1cncc2ccccc12)N1CCC[C@H]1CCN1CCN(c2noc3ccccc23)CC1,7.48,4,7.492000257936511,738
Fc1ccc(CCN2CCC3(CCc4cccc(F)c4O3)CC2)c(F)c1,8.481,5,8.480374951058192,739
Cc1cc2c(cc1Cl)N(C(=O)Nc1ccc(Oc3cccnc3C)nc1)CC2,6.8,8,6.739461095238093,52
COc1cc(Cl)c(Cl)cc1C(=O)CCCCN1CCC2(CC1)NC(=O)NC2=O,8.2,8,7.001588362433863,644
COc1cc(C2CCCC2)c(OC)cc1CCN,6.871,10,7.020145416666669,740
[2H]C([2H])([2H])Oc1cc(C2CCCC2)c(OC([2H])([2H])[2H])cc1CCN,6.695,1,6.938375044733046,740
O=C(O)C=C1CN(C2CCC3(Cc4ccccc4Cc4ccccc43)C2)C1,7.3,8,7.130448466931213,741
CN(C(=O)NC1CC(CCN2CCN(c3cccc(Cl)c3Cl)CC2)C1)C1CC1,7.719,4,7.6869542301587295,742
OCCN1CCN(c2nc(Nc3ccc(Cl)cc3)c3ccccc3n2)CC1,6.045,7,6.693227686507938,214
Cc1ccc(CN(C(=O)NCc2ccc(OCC(C)C)cc2)C2CCN(C)CC2)nc1,8.0,2,8.066072714285715,225
Cc1nc(CN(Cc2ccc(OCC3CCC3)cc2)C2=NOC3(CCN(C)CC3)N2)co1,8.0,8,7.651536956349208,682
FC(F)(COc1ccc(Cl)cc1OC1CNC1)c1ccccc1,8.3,8,7.4072427063492094,242
COC(=O)N[C@H]1CC[C@@H](CCN2CCN(c3nsc4ccccc34)CC2)CC1,8.91,10,9.005564850529101,328
COC(=O)N[C@H]1CC[C@H](CCN2CCN(c3nsc4ccccc34)CC2)CC1,8.938,9,8.976705465608466,328
O=C(CC1COC1)N[C@H]1CC[C@H](CCN2CCC(c3cccc4c3CCO4)CC2)CC1,7.26,6,7.571999394420397,743
O=C(O)[C@@H]1CCCN(C2CC[C@]3(Cc4ccccc4Cc4ccccc43)C2)C1,7.2,5,7.33437864550264,744
Cc1noc(C)c1-c1cc(NC(=O)c2ccccc2)ccc1OCCN1CCC1,8.026,8,8.104983407407412,268
O=C1Nc2ccccc2OC1CCN1CCN(c2cccc3sccc23)CC1,6.0,8,7.670180813492064,745
CCCc1cccc2c1CC[C@@H]1CNCCN21,7.926,3,7.254884247955754,746
CCCc1cccc2c1CCC1CNCCN21,7.25,10,7.676497432539684,746
Cn1nccc1-c1cc(NC(=O)Nc2ccc(Cl)cc2)ccc1OCCN1CCCC1,9.82,6,9.201814369047622,301
Cc1cc(CC(=O)Nc2ccc(OCCN3CCCC3)c(-c3c(C)ncnc3C)c2)on1,8.037,6,7.664638817460318,747
Cc1cc(OCCN(C)C)nc2ccc(NC(=O)COc3ccc(Cl)cc3Cl)cc12,9.21,8,7.229890579365079,748
COc1ccccc1N1CCN(CCCN2C(=O)C3C4C(=O)CC(C)(CC4C)C3C2=O)CC1,6.37,7,6.205608154761907,600
Cn1nc(C2=CCCNC2)c2ccccc21,6.49,3,6.982675243386246,658
O=C(CC1(O)CCCCC1)N[C@H]1CC[C@H](CCN2CCN(c3cccc4c3OCO4)CC2)CC1,7.78,3,7.714444104497353,749
Cn1c(=O)cnn(CCCCN2CCN(c3cccc4ccc(O[11CH3])cc34)CC2)c1=O,7.38,5,7.288651482804232,750
COc1ccc2cccc(N3CCN(CCCCn4ncc(=O)n(C)c4=O)CC3)c2c1,7.377,8,7.240638599206346,750
CCN(C)CCc1c[nH]c2c(F)cccc12,6.02,10,6.961268034391535,86
Cc1ccccc1OC(=O)N[C@H]1CC[C@H](CCN2CCN(c3nsc4ccccc34)CC2)CC1,8.3,3,9.014479178571424,751
O=C1CCc2ccc(CCN3CCN(c4cccc5sc(F)cc45)CC3)cc2N1,6.59,4,7.152181544973546,752
CCN(CCN1CCC(C2NOc3cc(F)ccc32)CC1)C(=O)C(O)CN,8.399,3,8.420083623015868,511
Cc1noc2c1C(=O)CC(CN1CCC(c3c[nH]c4cc(F)ccc34)CC1)C2,8.0,1,7.995109334656084,753
O=C(Nc1ccc(Cl)cc1)N[C@H]1CC[C@H](CCN2CCC(c3cccc4c3OCO4)CC2)CC1,6.65,9,7.524095337301586,754
CCCCOC(=O)c1cc2c3c(ccc2[nH]1)OCC(CN1CCC2(CC1)C(=O)NCN2c1ccccc1)O3,7.032,3,6.9698104682539705,755
CCCn1c(-c2ccccc2)cc(C(=O)NCCCN2CCN(c3cc(F)ccc3F)CC2)c1C,6.87,5,7.3381765291005285,13
O=C(N[C@H]1CC[C@H](CCN2CCN(c3nsc4ccccc34)CC2)CC1)c1cc2cc([N+](=O)[O-])ccc2[nH]1,8.58,5,8.447218427729677,756
Cc1noc(C)c1-c1cc(NC(=O)C2CC2)ccc1OCCN1CCC2(CCC(=O)O2)CC1,8.024,10,7.479398240259746,757
Cc1cc2c(C3CCN(CCN4CCc5cccnc5C4=O)CC3)noc2cc1F,7.17,8,7.684283269841279,228
Cc1nc(CN(Cc2ccc(OCC(C)C)c(F)c2)C(=O)NC2CCN(C)CC2)co1,8.0,1,8.299810415343915,552
Cc1c(C(=O)NCCCN2CCN(c3cccc(Cl)c3Cl)CC2)cc(-c2ccccc2)n1N1CCCCC1,7.17,5,6.842625654761903,758
CCC(=O)NC1CCc2ccc(CCN3CCN(c4nsc5ccccc45)CC3)cc21,11.0,8,9.5565446468254,26
Fc1ccc2[nH]c3c(c2c1)CCNC3CCc1ccccc1,6.09,3,7.038038424603177,73
Cc1ccccc1CNc1cc2c(cc1O)C(c1ccccc1)CN(C)CC2,6.72,10,7.229441686507934,247
Nc1ccc(F)cc1C(=O)CCCN1CC[C@H]2[C@@H](C1)c1cccc3c1N2CCCS3,7.822,8,8.619858661014918,174
O=C(N[C@H]1CC[C@H](CCN2CCC(c3cccc4c3CCO4)CC2)CC1)c1ccc(N2CCS(=O)(=O)CC2)cc1,7.481,9,7.779834261904762,759
COc1ccc2[nH]cc(C3CCN(CCCCN4C(=O)CC(c5c[nH]c6ccc(OC)cc56)C4=O)CC3)c2c1,6.3,5,6.922900400793651,760
Cc1nc2n(c(=O)c1CCN1CCC(c3cccc4sccc34)CC1)CCCC2,8.291,2,7.444216166666668,761
Cn1ccc2c1CCCN(CCN1CCN(c3noc4ccccc34)CC1)C2=O,8.378,9,8.408216434343434,762
CCCCSc1c(OC)cc(CCNCc2ccccc2O)cc1OC,8.955,9,8.068197461640214,115
O=C1c2cnn(C3CC3)c2CCN1CCN1CCC(c2noc3ccccc23)CC1,8.78,5,8.545297895502651,763
Cc1nc2n(c(=O)c1CCN1CCN(c3csc4ccsc34)CC1)CCCC2O,6.188,9,7.383439582010583,764
Cn1c(=O)c2c(nc3n2CCC(=O)N3CCCN2CCN(c3cccc(Cl)c3)CC2)n(C)c1=O,6.74,1,6.132796137566133,765
O=C1CC(c2c[nH]c3ccc(F)cc23)C(=O)N1CCCCN1CCC(c2c[nH]c3ccccc23)CC1,7.301,8,7.095001960317458,760
COc1ccc(N2CC=C(c3cccc(F)c3)C2=O)cc1OCCN1CCCCC1,6.2,6,6.387753099206354,766
c1ccc2c(c1)nnn2CCCCN1CCN(c2nsc3ccccc23)CC1,9.702,9,8.185711349206343,767
CC(C)COc1ccc(CNC(=O)N(Cc2cn[nH]c2)C2CCN(C)CC2)cc1,6.301,2,7.412639411375667,768
COCC(=O)N[C@H]1CC[C@H](CCN2CCC(c3cccc4c3OCO4)CC2)CC1,7.83,6,7.7192233134920665,62
CN1CCc2cc(Cl)c(O)cc2[C@@H](c2ccccc2)C1,7.88,1,6.895657214285713,554
Cc1cccc(N2CCN(CCNC(=O)c3nc(C)n(-c4ccc(F)cc4)c3C)CC2)c1C,7.64,2,7.305666240740742,769
Cc1c(Cl)cccc1N1CCN(CCNC(=O)c2cc(-c3ccccc3)n(C)c2C)CC1,6.819,1,7.020894502645501,770
Cc1ccc(C(=O)N[C@H]2CC[C@H](CCN3CCC(c4cccc5c4OCO5)CC3)CC2)cn1,7.94,9,7.730828671957679,771
CCc1cc(-c2ccoc2)nc(N2CCN(C)CC2)n1,7.92,5,7.310056724867721,772
CCc1cc(Cl)c(OC)c(N2CCNCC2)c1,7.043,6,6.82428340079365,404
Cn1nc2c(c1C(F)(F)F)C(=O)N(CCN1CCN(c3nsc4ccccc34)CC1)CC2,9.282,7,9.243842395502647,773
O=C1CCc2ccc(CCN3CCN(c4cccc5sccc45)CC3)cc2N1,6.771,2,7.280404912698416,752
CCCCCCc1ccc(CCN)cc1,7.109,9,6.799497161375661,188
Cc1cnc(CN(C(=O)NCc2ccc(OCC(C)C)cc2)C2CCN(C)CC2)cn1,7.26,2,7.816824698412706,774
O=C(N[C@H]1CC[C@H](CCN2CCC(c3coc4ccccc34)CC2)CC1)C1CCC(C(F)(F)F)CC1,7.95,9,8.095902211640217,775
c1ccc2c(c1)Cc1ccccc1[C@H]1OC(CN3CCOCC3)C[C@H]21,6.36,9,6.918494195767192,776
O=C(O)[C@]12C[C@H]1CN(C1CC[C@]3(Cc4ccccc4Cc4ccccc43)C1)C2,7.5,8,6.949968992063493,130
CN1CCN(C2=Nc3cc(Cl)ccc3N(NC(=O)c3c(N)cccc3Cl)c3ccccc32)CC1,9.048,3,7.891447428571431,32
CN(C)[C@H]1Cc2ccccc2[C@@H](c2cccc(-c3cccc(F)c3)c2)C1,9.456,1,8.169217234126979,777
COc1c(OCCF)cccc1/C(=N/OCCN(C)C)C1CCN(CCc2ccc(F)cc2)CC1,7.244,6,7.503840784391532,778
Nc1cccn2cc(C(=O)N3CCN(CCc4ccc(F)cc4F)CC3)nc12,8.569,6,8.639326759259257,453
CNCc1nn(CC2CCCCC2)c(OCc2cc(F)ccc2F)c1F,7.822,4,8.407345886243387,91
COc1ccc(NC(=O)Nc2cc(C(F)(F)F)cc(C(F)(F)F)c2)cc1-c1c(Cl)cnn1C,8.7,7,8.599565249999994,102
O=S(=O)(c1ccccc1)N1C=Cc2ccccc2C1c1c[nH]c2ccccc12,4.5,3,6.011905246031746,779
CO[C@@H]1CC[C@@H](CC(=O)N[C@H]2CC[C@H](CCN3CCN(c4cccc5c4OCO5)CC3)CC2)C1,7.569,8,7.575457044011543,780
Cc1ncnc(C)c1-c1cc(NC(=O)CCF)ccc1OCCN1CCCC1,7.514,9,7.920184466931217,293
COc1cc(OC)cc(-n2c(C)nc(C(=O)NCCCN3CCN(c4cccc(C)c4C)CC3)c2C)c1,7.497,7,7.165051977513223,101
O=C1CC(CN2CCC(c3noc4cc(F)ccc34)CC2)Cc2[nH]ncc21,8.67,2,8.363180850889847,781
O=S(=O)(c1ccccc1)c1c[nH]c2cccc(CCN3CCCC3)c12,6.76,1,7.104712530182778,782
CO[C@@H](C)C(=O)N[C@H]1CC[C@H](CCN2CCN(c3cccc4c3OCO4)CC2)CC1,8.16,5,7.6653545158730125,4
CO[C@H](C)C(=O)N[C@H]1CC[C@H](CCN2CCN(c3cccc4c3OCO4)CC2)CC1,7.47,7,8.007667164021164,4
CCC([Se]c1ccc2ccccc2c1)c1nc(N)nc(N2CCN(C)CC2)n1,7.75,10,6.821189822270316,185
Oc1cccc(C2NCCc3c2[nH]c2ccc(O)cc32)c1,6.65,4,6.836432048941797,44
CNCCCC(c1ccccc1)c1ccccc1,6.12,1,6.951553374338622,783
Fc1ccc(F)c(COc2cc(CNC3CC3)nn2CC2CCCCC2)c1,8.31,2,8.623692234126977,784
COc1ccccc1-c1cc(CN(C)C)ccc1Cl,6.44,7,6.58211302645503,203
Cn1ncc(Cl)c1-c1cc(NC(=O)Nc2cc(F)cc(F)c2)ccc1OCCN1CCOCC1,9.51,9,9.264547166666672,363
Cc1cc2occc2c(N2CCN(CC[C@H]3CC[C@H](NC(=O)C4CCOCC4)CC3)CC2)n1,7.592,2,7.439748518518516,785
CC(Cc1c[nH]c2cccc(O)c12)N(C)C,6.009,8,6.968978084656078,86
CCN(C)CCc1c(-c2ccccc2)[nH]c2ccccc12,9.85,5,8.746085226190475,249
CN1CCN(CCCN2C(=O)c3ccccc3/C=C\c3ccccc32)CC1,4.32,2,6.277067722703221,786
O=C(NC[C@@H]1CCOC1)c1ccc(C#Cc2ccc(F)cc2)cc1,7.0,9,6.941526039682533,426
O=C(N[C@H]1CC[C@H](CCN2CCC(c3cccc4c3CCO4)CC2)CC1)C1CCOC1,7.61,4,7.749720801587305,787
CSc1nc(Cl)c2c(n1)N1CCNC[C@H]1CC2,6.89,4,6.285368666666664,788
C[C@H](N)Cn1ccc2cc(Cl)c3ncccc3c21,7.49,3,6.945674111111108,789
Cc1cccc(N2CCN(CCCNC(=O)c3nc(-c4ccccc4)n(-c4ccccc4)c3C)CC2)c1C,7.531,1,7.617732880952376,449
CN1CCC(NC(=O)N(Cc2cnn(C)n2)Cc2ccc(OCC(F)(F)C(F)(F)F)cc2F)CC1,9.084,10,7.986699325396821,270
Fc1ccc2c(C3CCN(CCCOc4ccc(CN5CCCCC5)c(F)c4)CC3)noc2c1,8.21,7,8.077970007936502,617
O=C(O)C1CCN(C2CCC3(C2)C(=O)c2cc(F)ccc2Sc2ccccc23)CC1,6.9,10,8.05696828703704,790
Cc1ccc2c(c1)N1[C@@H](CNC[C@H]1C)C2,7.66,5,7.4897857341269765,2
Cc1ncnc(C)c1-c1cc(NC(=O)c2c(F)ccn2C)ccc1OCCN1CCCC1,8.697,7,7.982523630952376,296
CO[C@H]1CC[C@H](CC(=O)N[C@H]2CC[C@H](CCN3CCN(c4nccc5sccc45)CC3)CC2)CC1,8.601,6,8.382565616402115,791
Fc1cccc(CCCNCCc2ccnc(-n3ccnc3)n2)c1,6.301,10,7.555502694444449,792
Fc1ccc(CCCCN2CCN(c3ncccn3)CC2)cc1,7.389,2,7.217944498677248,793
Cc1cc2c(cc1Cl)N(C(=O)Nc1cnc(Oc3cccnc3C)c(Cl)c1)CC2,6.9,1,6.791107443121691,52
Cc1cccc(N2CCN(CCCCNC(=O)[C@@H]3CCc4ccccc4N3)CC2)c1,8.29,6,7.297298334656087,410
Cc1cccc(N2CCN(CCCCNC(=O)[C@H]3CCc4ccccc4N3)CC2)c1,7.112,6,7.297298334656087,410
Cc1cc2c(cc1Cl)N(C(=O)Nc1cnc(Oc3cccnc3C)c(C)c1)CC2,6.9,1,6.76141806746032,52
COc1ccc(C2NCCc3c2[nH]c2ccc(F)cc32)c(OC)c1,6.78,4,7.183772884559883,44
O=C(NC/C=C/CN1CCN(c2cccc(Cl)c2Cl)CC1)c1ccc(-c2cccc(=O)[nH]2)cc1,7.81,7,7.178460628787884,794
Cc1ncnc(C)c1-c1cc(NC(=O)C2CC2)ccc1OCCN1CCC1,8.088,5,7.738708267195763,440
COc1ccccc1N1CCN(CCCCCNC(=O)c2nnn(Cc3ccccc3Br)c2C)CC1,7.39,4,7.02832513888889,477
CCC(N)Cc1cc(OC)c(CCCCCCF)cc1OC,6.879,2,8.10058862830688,188
CN1CCN(c2nc3c(c(N4CCSCC4)n2)CCNCC3)CC1,6.16,8,5.957032035714288,795
C[Si](C)(C)c1cc(NC(=O)Nc2ccc(Oc3ccnc(Nc4ccccc4)n3)c3ccccc23)n(-c2ccc(OCCN3CCOCC3)cc2)n1,6.46,5,6.8661411957671925,796
CC(C)(C)c1ccc(S(=O)(=O)N[C@H]2CC[C@H](CCN3CCN(c4nsc5ccccc45)CC3)CC2)s1,8.275,7,8.724430494708988,797
CN1CCC(NC(=O)N(Cc2ccc3c(c2)CCO3)Cc2ccn(C)n2)CC1,7.342,1,7.702941055555563,798
O=C(N[C@H]1CC[C@H](CCN2CCN(c3cccc4c3OCO4)CC2)CC1)C1CC(Cl)C1,7.62,9,7.754036452380958,461
CC(C)(C)c1ccc(C(O)CCCN2CCC(C(O)(c3ccccc3)c3ccccc3)CC2)cc1,6.865,7,7.251503634920635,799
Cc1nn(C[C@H](C)N)c2c1ccc1occc12,7.77,8,7.71629237830688,585
O=C(CC1CC1)N[C@H]1CC[C@H](CCN2CCC(c3cccc4c3CCO4)CC2)CC1,7.541,8,7.443272519841271,800
COc1ccc(NC(=O)c2ccc(Br)c(C)c2)cc1N1CCN(C)CC1,6.7,9,6.666197288720536,801
Cc1cc2c(cc1C(F)(F)F)N(C(=O)Nc1cnc(Oc3cccnc3C)cn1)CC2,6.2,8,6.614083420634921,802
Fc1ccc(OCCCN2CCN(c3ccccc3)CC2)cc1,7.24,8,7.25513940608466,294
CSc1c(Cl)cc2c(c1Cl)CCN2C(=O)Nc1cccnc1,7.2,4,6.857402031746031,447
O=C1CN2c3c(cccc3[C@@H]3CN(CCCOc4ccc(F)c(F)c4)CC[C@@H]32)N1,7.79,3,7.6415093293650775,210
Fc1ccc2c([C@@H]3CNCC[C@H]3F)c(-c3ccsc3)[nH]c2c1,9.96,3,9.046833065656564,803
CC(C)COc1ccc(CNC(=O)N(Cc2ccn(C)c2)[C@@H]2CCN(C)C[C@@H]2F)cc1,8.0,8,7.898005640211645,169
CCCOc1ccc(CNC(=O)N(Cc2ccn(C)n2)C2CCN(C)CC2)cc1,8.442,6,8.093132222222225,589
COc1cc(C2CCCNC2)c(OC)cc1SC(C)C,6.67,9,6.884536396825398,111
FC(F)(F)CCc1cccc2c1CC[C@@H]1CNCCN21,7.274,3,7.0555069715007255,746
COc1ccc2c(c1)c(CN1CCN(C)CC1)cn2S(=O)(=O)c1ccccc1Br,6.012,5,6.770260347883598,804
O=S(=O)(c1cccc2ncccc12)N1CCC(CCN2CCN(c3cccc(C(F)(F)F)c3)CC2)CC1,6.278,7,6.68113296031746,41
O=C(N[C@H]1CC[C@H](CCN2CCC(c3cccc4c3OCO4)CC2)CC1)C1(C(F)(F)F)CC1,7.72,2,7.703480830687833,706
Cc1c(OCCCCN2CCN(c3cccc4ccccc34)CC2)ccc2c1C(=O)NC2,8.9,4,8.166644230158733,190
CN1CCC2(CC1)NC(N(Cc1coc(C3CC3)n1)Cc1ccc(OCC(F)(F)F)cc1F)=NO2,8.0,5,7.464183849206349,95
Cc1ncsc1CC(=O)Nc1ccc(OC[C@H]2CCCCN2)c(-c2c(C)noc2C)c1,8.498,7,7.832989499398746,805
CC(C)COc1ccc(CNC(=O)N(Cc2ccc(F)cn2)[C@@H]2CCN3CCC[C@H]3C2)cc1,8.0,6,8.00767019047619,806
CC(C)(C)NC1=NCCNC(c2ccccc2)=C1,7.46,3,7.2255476283068765,285
CNCc1cc(OCc2ccc(F)cc2C)n(CC2CCCCC2)n1,8.852,2,8.835339810846557,91
COc1cccc(C(=O)Nc2ccc(OC[C@H]3CCCCN3)c(-c3c(C)ncnc3C)c2)c1,8.987,2,8.282778996031743,807
COc1cc(CCNCc2cccc(OC)c2F)c(OC)cc1Br,7.73,7,8.526127214285712,115
COc1ccc(CCN2CCC(Nc3nc4ccccc4n3Cc3ccc(F)cc3)CC2)cc1,7.975,10,7.149947310846562,808
O=C1c2ccc3c(c2C[C@@H]2CNCCN12)OCCC3,6.319,3,6.583403730158728,809
O=S(=O)(c1cccc2ncccc12)N1CCC[C@H]1CCN1CCN(c2cccc3c2OCCO3)CC1,6.96,2,6.655403275132278,810
O=S(=O)(c1cccc2ncccc12)N1CCC[C@@H]1CCN1CCN(c2cccc3c2OCCO3)CC1,6.529,3,6.929036993386239,810
CN1CCC2(CC1)NC(N(Cc1ccc(OCC(F)(F)F)cc1)Cc1coc(CF)n1)=NO2,8.0,4,7.8545132539682525,657
CN(C)C(=O)CCC(=O)N[C@H]1CC[C@H](CCN2CCC(c3cccc4c3CCO4)CC2)CC1,7.049,6,7.331805828042328,224
Nc1ccccc1C(=O)CCCN1CC[C@H]2[C@@H](C1)c1cccc3c1N2CCCS3,8.95,5,8.122161838985088,174
Nc1ccccc1C(=O)CCCN1CC[C@@H]2[C@H](C1)c1cccc3c1N2CCCS3,7.99,6,8.639372804232808,174
O=c1c(-c2ccccc2Cl)c2n(c(=O)n1CCCCN1CCCC(c3c[nH]c4ccccc34)C1)CCCC2,6.213,4,6.675586789682537,565
CN(C)C(=O)CCC(=O)N[C@H]1CC[C@H](CCN2CCN(c3nccc4c3CCO4)CC2)CC1,7.62,8,7.578654248677251,12
O=S(=O)(NCCCCN1CCC(c2noc3cc(F)ccc23)CC1)c1cc2ccccc2s1,9.281,1,8.724098653439153,714
COc1cc(OC)c(C(=O)CCCCN2CCC3(CC2)NC(=O)NC3=O)cc1NS(=O)(=O)c1ccc(C#N)cc1,6.1,2,6.651212542328042,811
COc1cc2c(cc1C(F)(F)F)N(C(=O)Nc1ccc(Oc3cccnc3)nc1)CC2,7.0,1,6.738903000000001,52
Cc1n[nH]c(C)c1S(=O)(=O)N1CCC(=C(F)c2ccc(Cl)c(Cl)c2)CC1,6.284,6,6.6522647103174615,812
Oc1cccc2[nH]cc(CCNC3CC3)c12,8.06,7,7.5108546415343955,813
O=C(NCCCCN1CCN(c2cccc(C(F)(F)F)c2)CC1)c1n[nH]c2ccccc12,6.77,4,6.928835515873012,103
O=C(c1ccc(F)cc1)C1CCN(CCC2CCc3occc3C2=O)CC1,7.463,3,7.875299164021162,814
Cc1nc(CN(Cc2csc3ccccc23)C2=NOC3(CCN(C)CC3)N2)co1,8.0,4,7.721018695767196,815
Cc1cc2c(cc1C(F)(F)F)N(C(=O)Nc1ccc(CCc3ccccn3)nc1)CC2,6.801,4,6.871525144300149,816
CNCc1cc(OCc2cccc(C)c2)n(C(C)C2CCCCC2)n1,8.251,7,8.587746182539677,91
Cc1ccc2cccc(N3CCN(CCCNC(=O)c4cc(-c5ccccc5)n(C)c4C)CC3)c2n1,6.08,5,6.9468377092352105,817
O=C(NC1CCc2ccc(CCN3CCN(c4nsc5ccccc45)CC3)cc21)C1CC1,9.52,6,9.860201279100533,818
O=C1CC(CN2CCC(c3c[nH]c4cc(F)ccc34)CC2)Cc2nc(N3CCCC3)sc21,8.1,6,7.59604938888889,819
O=C(N[C@H]1CC[C@H](CCN2CCC(c3cccc4c3OCO4)CC2)CC1)c1ccc(F)cc1,7.88,3,7.76351413492064,573
CC(C)n1cc2c(OCC3CCN(CCc4ccccc4)CC3)nc3ccccc3c2c1,7.0,1,6.946909884920632,491
CCN(C)CCc1c[nH]c2c(F)c(F)c(F)cc12,6.9,4,6.731419399470902,86
CCC(=O)N[C@H]1CC[C@H](CCN2CCN(c3cccc4c3OCO4)CC2)CC1,7.87,8,7.664691437830685,4
Cn1ncc2c1CCN(CCN1CCN(c3nsc4ccccc34)CC1)C2=O,9.16,3,9.222387634920638,820
O=C1NCCN1CCN1CCC(c2cn(-c3ccc(F)cc3)c3ccc(Cl)cc23)CC1,9.145,4,7.251008961640211,821
Cc1nc2n(c(=O)c1CCN1CCN(c3nccc4sccc34)CC1)CCCC2,7.46,1,8.129944845238091,16
O=CN[C@H]1CC[C@H](CCN2CCC(c3cccc4c3CCO4)CC2)CC1,6.97,8,7.432790994708994,224
CCCn1c(-c2ccccc2)cc(C(=O)NCCCN2CCN(c3cccc(C(F)(F)F)c3)CC2)c1C,6.39,7,6.627066838624339,13
Cc1ccc2c(c1)C(C1=C[C@H](C)N(C)CC1)=Nc1cc(Cl)ccc1N2,10.03,8,9.484981420634917,434
COc1ccc(F)cc1[C@H]1C[C@@H]1CNCCCOc1ccc2ccc(=O)[nH]c2c1,6.282,7,7.067434403439153,822
Cn1nc(Br)c2c1CCN(CCN1CCN(c3nsc4ccccc34)CC1)C2=O,9.0,7,9.202946200697447,820
O=C(c1ccc(OCCN2CCCCC2)cc1)c1c(-c2ccc(O)cc2)sc2cc(O)ccc12,6.11,4,6.989607249999999,823
CCC(C)Oc1cc2c(cc1OC)-c1c(OC)c(OC)cc3c1[C@H](C2)N(C)CC3,6.422,10,6.4742403862433875,78
CN1CCC(N(Cc2ccc(F)cc2F)C(=O)OCc2ccc(OCCCF)cc2)CC1,9.801,7,9.226148523809519,74
O=C(N[C@H]1CC[C@H](CCN2CCN(c3nccc4c3CCO4)CC2)CC1)c1ccccc1,8.119,5,7.837110932539683,824
Cc1nc2n(c(=O)c1CCN1CCN(c3nsc4ccccc34)CC1)CCCC2=O,8.192,1,8.318107046296289,825
CC(C)CCc1ccnc2c1CC[C@@H]1CNCCN21,7.54,6,7.365543650793647,450
COc1cc(C(F)(F)F)ccc1C1CCCNC1,6.67,6,6.955879301587301,111
O=C(NCCc1ccc(CN2CCCC2)cc1)c1ccc(-c2ccc(Cl)cc2)cc1,6.97,3,6.804328220899469,826
Cc1ccc(-n2nc(C(C)(C)C)cc2NC(=O)Nc2ccc(Oc3ccnc(Nc4ccc(Cl)cc4C)n3)c3ccccc23)cc1,6.876,7,7.170438923280422,64
O=C(Cc1ccc2c(c1)OCO2)N[C@H]1CC[C@H](CCN2CCC(c3cccc4c3OCO4)CC2)CC1,7.432,8,7.572158045815298,827
COc1ccc(C)c2c1C[C@@H]1CNCCN1C2=O,6.835,1,6.400994118686871,147
CCCc1ccc(S(=O)(=O)N(C)C2CCN(C)CC2)cc1,6.481,5,6.831372121693127,122
c1ccc(CCN2CCC3(CCc4ccccc4O3)CC2)cc1,7.8,3,7.605714615079364,739
CC(C)(O)C(=O)N[C@H]1CC[C@H](CCN2CCN(c3cccc4sccc34)CC2)CC1,9.367,6,8.683500873015879,828
COc1ccc(NC(=O)Nc2cccc(F)c2)cc1-c1c(Br)cnn1C,9.3,8,9.2607523968254,102
CC(C)c1ccc2c(c1)Oc1cc(Cl)ccc1N=C2N1CCN(CC(C)(C)C(=O)O)CC1,7.888,7,7.790555748677248,605
O=c1c2cnc(C(F)(F)F)cc2ccn1CCN1CCC(c2noc3ccccc23)CC1,8.348,9,8.344691191798935,829
Fc1ccc2c(C3CCN(CCCOc4ccc(CN5CCCC5)cc4Cl)CC3)noc2c1,8.0,5,8.144689420634924,830
CCCN(CCCCOc1ccc2c(/C=N/O)cnn2c1)[C@H]1CCc2c(O)cccc2C1,6.058,7,6.711137578042323,831
Cc1ccc2c(c1)Cc1ccccc1C(N1CCN(CC(C)(C)C(=O)O)CC1)=N2,7.301,8,7.366208005651749,551
COc1cc(CCN2CCCCC2)c(OC)cc1Br,6.43,6,7.285966211640205,832
O=C1NCc2ccc(OCCCN3CCN(c4cccc5ccccc45)CC3)cc21,7.828,7,7.994024589947091,133
Cn1nccc1-c1cc(NC(=O)Nc2ccc(C(F)(F)F)cc2)ccc1OCCN1CCCCC1,9.469,8,9.150077450817703,90
Cn1ncc(Cl)c1-c1cc(NC(=O)Nc2ccc(Cl)cc2)ccc1OCCN1CCCCC1,9.37,3,9.308016436507934,90
CCc1nc(C(=O)NCCN2CCN(c3cccc(Cl)c3Cl)CC2)c(C)n1-c1ccccc1,7.57,3,7.380207226310725,769
Cc1cc(CN(C(=O)NCc2ccc(OCC(C)C)cc2)[C@H]2CCNC[C@H]2F)nn1C,8.0,5,7.933188230158735,589
COc1cc(Br)c(OC)c2c1C(CN)CC2,7.28,10,7.521571341269844,833
Cn1ccc2c1CCCN(CCN1CCN(c3nsc4ccccc34)CC1)C2=O,8.92,3,9.151813928571427,834
CN1CCC(N(Cc2ccc(F)cn2)C(=O)NCc2ccc(OCC(F)(F)F)cc2)CC1,9.377,4,8.132003341269845,225
O=S(=O)(c1ccc(/C=C/c2ccc(F)cc2)nc1)c1ccccc1F,8.269,6,7.716484328042328,51
CCC1(N=C2CC(c3ccc(F)cc3)=NCCN2)CCCC1,9.097,5,7.959331096560841,835
COc1cc2c3c(c1OC)-c1cc(N(C)C)ccc1CC3N(C)CC2,6.53,7,6.289576027777774,78
CCSc1cc(OC)c(CCN)cc1OC,8.425,4,7.827231750000002,188
CNCCCN1c2ccccc2CCc2ccccc21,6.798,3,6.960607298220296,204
Cc1ncnc(C)c1-c1cc(NC(=O)c2cnoc2C)ccc1OCCN1CCCC1,7.658,10,7.778004977513229,836
CC1(C(=O)O)CCN(C2CCC3(Cc4ccccc4Cc4ccccc43)C2)CC1,7.4,5,7.037624121693121,744
C[C@H]1C[C@H](NS(=O)(=O)c2csc3ccccc23)CN1CCCc1noc2cc(F)ccc12,8.378,2,8.699043714526217,837
CN1CCC(N(Cc2ccc(F)cc2)C(=O)NCc2ccc(OCC(O)CN3CCN(c4nsc5ccccc45)CC3)cc2)CC1,9.06,9,8.016801218253976,838
CCCc1cc(OC)c(CC(CC)NCc2ccccc2OC)cc1OC,8.418,4,8.679611150793649,115
CNCc1cc(OCc2ccc(F)cc2F)n(C(C)C2CCCCC2)n1,9.242,3,9.006690546296294,91
CN(C)CCOC1=Cc2ccccc2Sc2ccc(Cl)cc21,9.171,10,7.105466763227511,839
CC(C)c1cc2cc(CNC(=O)N(Cc3ccc(F)cn3)C3CCN(C)CC3)ccc2o1,7.556,1,7.590005328042327,840
C[C@@H](Cn1ccc2ccc3ncccc3c21)NCc1ccc2ccccc2c1,6.695,7,6.470940600529099,841
COc1ccc2[nH]cc(CCN(C)C(C)C)c2c1,6.348,2,6.846494104497353,86
O=S(=O)(N[C@H]1CCN(CCCc2noc3ccccc23)C1)c1cc2ccccc2s1,9.13,1,8.881586492063498,842
O=S(=O)(N[C@@H]1CCN(CCCc2noc3ccccc23)C1)c1cc2ccccc2s1,8.5,5,9.13538300793651,842
CCC1(NC2=NCCNC(c3ccccc3F)=C2)CCCC1,8.44,5,7.9170109669312145,843
CCCc1c(C(=O)NCCCCN2CCN(c3cccc(Cl)c3Cl)CC2)nnn1Cc1ccccc1,8.6,4,7.5048425555555545,7
COc1ccc(-c2ccccc2)c(CNC(=O)NCCCN2CCN(c3ccccc3OC)CC2)c1,6.92,6,6.775953292328043,844
Cc1cc(C)c(OCCOCCN2CCN(Cc3ccccc3)CC2)c(C)c1,6.301,9,6.691635452380956,845
CC(Oc1cc(Cl)ccc1F)c1nc(N)nc(N2CCN(C)CC2)n1,6.202,7,6.401406998677248,349
COc1ccc(-c2c3c(nn2C(C)C)CCNCC3)cc1,8.521,10,8.09443765295816,67
O=C1C[C@]2(CN3CCC2CC3)Oc2c1ccc1ccccc21,4.3,2,5.217341813510563,846
O=C1CC2(CN3CCC2CC3)Oc2c1ccc1ccccc21,4.7,5,5.089609112942604,846
CC(C)COc1ccc(CN(Cc2ccc(F)cc2)C(=O)NC2CCN(C)CC2)cc1,9.1,2,8.1568822936508,847
CCS(=O)(=O)N[C@H]1CC[C@H](CCN2CCN(c3nccc4c3CCO4)CC2)CC1,7.75,3,7.724656673280422,12
CC(C)(Cc1ccccc1)NC1=NCCNC(c2ccccc2F)=C1,8.42,10,7.918885460317457,848
O=S(=O)(Nc1cc2c(c3ccccc13)OC1(N3CCOCC3)CCCCC21)c1ccccc1,4.47,1,7.278179953823949,849
COc1cc(C(F)(F)F)ccc1CN(C(=O)Cc1ccc(OCC(C)C)cc1)C1CCN(C)CC1,10.0,5,7.5414360235690205,126
O=C1Cc2cc(CCCCN3CCN(c4cccc5sccc45)CC3)ccc2N1,6.59,3,6.553364150793649,850
COc1ccc(CC(=O)Nc2ccc(OCCN3CCCC3)c(-c3c(C)ncnc3C)c2)cc1,8.794,3,8.153667706349205,297
CC1CN(CCN2CCC(c3noc4ccccc34)CC2)C(=O)c2ncccc21,7.92,2,8.512979521164016,228
O=C1CC(CN2CCN(c3ccccn3)CC2)Cc2ccccc21,6.01,6,6.633692391534393,851
COc1cccc2[nH]cc(CCN(C)C)c12,6.301,2,6.8919491547619005,86
COc1ccc(CCN2CCN(C(=O)c3nn(C)cc3Br)CC2)cc1,6.39,7,7.1089343531746,63
CC(C)C(=O)N[C@H]1CC[C@H](CCN2CCN(c3nccc4c3CCO4)CC2)CC1,7.99,3,7.833600190476187,12
COCCC(=O)N[C@H]1CC[C@H](CCN2CCC(c3noc4cc(Cl)c(F)cc34)CC2)CC1,7.358,5,7.842110621693112,109
CC(C)COc1ccc(CNC(=O)N(Cc2ccc(F)cn2)[C@H]2CCN(C)CC23CC3)cc1,9.13,6,8.100345924603175,213
O=C1COc2ccc(CCN3CCC(c4cccc5sccc45)CC3)cc2N1,6.76,4,7.471488611111105,852
CCCc1nc(C(=O)NCCCN2CCN(c3cccc(C)c3C)CC2)c(C)n1-c1ccccc1Cl,7.048,3,7.211046113756618,101
O=C(NC/C=C/C[N+]1([O-])CCN(c2cccc(Cl)c2Cl)CC1)c1ccc(-c2ccccn2)cc1,6.98,2,7.244205571428573,853
O=C(c1cccc2ccnn12)N1CCN(CCc2ccc(F)cc2F)CC1,9.399,5,8.527706732804226,854
O=C1c2cccc3cccc(c23)N1CCCCCCN1CCN(c2nsc3ccccc23)CC1,7.26,10,7.629116694444453,855
Cc1cc2c(cc1F)N(C(=O)Nc1ccc(Oc3cccnc3C)nc1)CC2,6.1,6,6.663089865079367,52
NC[C@H]1C[C@@H]1c1cccc(Cl)c1Cl,6.46,7,6.749781727513229,69
C=CCN(CC=C)CCc1c[nH]c2ccc(OC)cc12,6.661,4,6.62276940873016,86
COc1cccc(N2CCN(CCCCOc3ccc4c(C)cc(=O)oc4c3C(C)=O)CC2)c1,6.86,1,7.272220210317463,83
COc1cc(CCNC2COc3ccccc32)c(OC)cc1C#N,6.095,8,7.34757548280423,856
C=Cc1ccc(N2CCN(Cc3c[nH]c4ncccc34)CC2)cc1,6.292,5,6.530493236772488,638
Fc1ccc2c([C@@H]3CNCC[C@H]3F)c[nH]c2c1,7.16,7,6.875365571428576,400
Cc1ccc(C(=O)N[C@H]2CC[C@H](CCN3CCC(c4cccc5c4CCO5)CC3)CC2)cn1,7.59,8,7.681740223665219,857
Cc1ncnc(C)c1-c1cc(NC(=O)COC2CC2)ccc1OCCN1CCCC1,7.556,8,7.543501765873011,858
CN1CCC(N(Cc2ccc(F)cn2)C(=O)NCc2ccc(OCC(F)F)cc2)CC1,8.549,3,8.050804411375664,225
COc1cc2c(cc1C(F)(F)F)N(C(=O)Nc1cccc(-c3cccnc3C)c1)CC2,6.3,10,6.621596486772485,324
CCC(=O)N[C@H]1CC[C@H](CCN2CCN(c3nccc4c3CCO4)CC2)CC1,7.88,10,7.756685583333335,12
Nc1cc(F)ccc1C(=O)CCCN1CC[C@@H]2[C@H](C1)c1cccc3c1N2CCC3,8.92,10,9.069323662698412,442
Nc1cc(F)ccc1C(=O)CCCN1CC[C@H]2[C@@H](C1)c1cccc3c1N2CCC3,9.301,5,8.990602002284758,442
Cn1nccc1-c1cc(NC(=O)c2cccc(F)c2)ccc1OCCN1CCOCC1,8.29,9,8.177947431216937,262
Fc1ccc(CCCCN2CCN(c3ccc(Cl)cn3)CC2)cc1,8.04,3,7.04273191005291,859
CN1CCc2c(sc3ncn(CCN4CCN(c5cncc6ccccc56)CC4)c(=O)c23)C1,6.747,3,6.924711314814815,860
O=C1CCc2cc(Cl)c(CCN3CCN(c4cccc5sccc45)CC3)cc2N1,7.01,4,6.978328951659454,752
COc1cccc(N2CCN(CCCCNC(=O)c3ccccn3)CC2)c1,6.75,2,6.660687654160656,176
O=C(c1cccn2cc(Br)nc12)N1CCN(CCc2ccc(F)cc2F)CC1,8.77,2,8.719049329365088,375
O=C(N[C@H]1CC[C@H](CCN2CCN(c3nccc4c3CCO4)CC2)CC1)c1ccc(-n2cccc2)cc1,7.618,6,7.645072010582011,861
Cc1cc2c(n1C)CCCN(CCN1CCC(c3noc4ccccc34)CC1)C2=O,8.638,4,8.696548085978831,720
CNCc1cc(F)ccc1Oc1ccc(F)c(Cl)c1,6.24,2,6.868022205988452,6
CN1CCC[C@@H]1Cc1c[nH]c2ccc(NS(=O)(=O)c3cccc(Cl)c3)cc12,6.57,9,6.631987272486774,862
CN1CCCC1Cc1c[nH]c2ccc(NS(=O)(=O)c3cccc(Cl)c3)cc12,6.57,4,6.6208701031746,862
CO[C@@H]1CC[C@@H](CC(=O)N[C@H]2CC[C@H](CCN3CCC(c4noc5cc(F)c(F)cc45)CC3)CC2)C1,7.88,9,7.926701271164028,650
CCN(CCN1CCC(n2ncc3cc(F)ccc32)CC1)C(=O)[C@H](C)O,8.469,1,8.43667873809524,338
CCN(CCN1CCC(n2ncc3cc(F)ccc32)CC1)C(=O)[C@@H](C)O,8.33,3,8.51990088624339,338
O=C1Nc2ccccc2C12CCN(CCN1CCC(c3ccc(Cl)cc3)CC1)C2,6.39,3,6.778606227513228,454
Nc1cc(F)ccc1C(=O)CCCN1CC[C@@H]2[C@H](C1)c1cccc3c1N2CCCC3,9.05,7,9.107855944444434,863
Nc1cc(F)ccc1C(=O)CCCN1CC[C@H]2[C@@H](C1)c1cccc3c1N2CCCC3,9.22,8,8.95675692857143,863
Cc1cccc(C2NCCc3c2[nH]c2ccc(O)cc32)c1,6.611,4,6.659981666666667,44
O=C1c2cccc3cccc(c23)N1CCCCCCN1CCN(c2ccccc2F)CC1,6.28,7,6.522807674603174,357
COc1ccccc1N1CCN(CCCCCCn2c(=O)n3c4c(cccc42)CCC3)CC1,6.34,2,6.570906720899472,733
CCCc1nc(C(=O)NCCCN2CCN(c3cccc(Cl)c3Cl)CC2)c(C)n1-c1ccccc1OC,6.858,5,7.363666436507936,101
COc1cc(Nc2cc(Oc3ccc(NC(=O)Nc4cc(C(C)(C)C)cc(NS(C)(=O)=O)c4OC)c4ccccc34)ccn2)cc(OCCOCCOCC(=O)O)c1,7.638,4,7.218882263227518,864
Cn1c(=O)c2c(nc3n2CCCC(=O)N3CCCN2CCN(c3ncccn3)CC2)n(C)c1=O,4.41,3,5.3933150838420865,865
O=S(=O)(NCCCN1CCN(c2nsc3ccccc23)CC1)c1ccc2cc(Cl)ccc2c1,7.89,1,8.08532709523809,866
O=c1n(CCCCN2CCN(c3cccc4sccc34)CC2)nc2ccc(Cl)cn12,6.84,8,7.157711400793653,119
C[C@H]1C[C@H](NS(=O)(=O)c2ccc3ccccc3c2)CN1CCCc1noc2cc(F)ccc12,8.822,5,8.626423115079366,867
CNCc1cc(OCc2ccc(F)cc2)n(C(C)C2CCCCC2)n1,9.13,1,8.807946621184373,91
Cc1cc(OCCCN2CCC(c3noc4cc(F)ccc34)CC2)ccc1CN1CCCC1,7.94,3,8.089573759259252,830
CC(C)Oc1ccc(COC(=O)N(Cc2ccc(Cl)cc2)C2CCN(C)CC2)cc1,9.699,2,8.159701050264552,74
CCCCc1cc(-c2ccoc2)nc(N2CCN(C)CC2)n1,8.0,8,7.333093841269839,772
O=S(=O)(Nc1cc(Sc2cccc3cccnc23)c(O)c2ccccc12)c1ccc(F)cc1,4.54,2,6.715117572751319,868
COc1ccccc1N1CCN(CCCCNC(=O)/N=N/c2ccc(F)cc2)CC1,6.27,2,6.970715785714281,869
CCOC(=O)CCN1CCN(c2ccc3c(c2)CN(C(=O)OCc2ccccc2)CC3)CC1,6.32,5,6.886220982804237,870
O=C(N[C@H]1CC[C@H](CCN2CCN(c3nccc4c3CCO4)CC2)CC1)c1ccc(Cl)cc1,7.83,2,7.666794406565662,824
Cc1noc(C)c1-c1cc(NC(=O)C2CC2)ccc1OC1CNC1,8.187,5,7.306136371693124,871
Fc1ccc(CCN2CCC3(CCc4ccccc4O3)CC2)c(F)c1,8.62,2,8.170325506613755,739
N[C@H]1CC[C@H](CCN2CCN(c3nsc4ccccc34)CC2)CC1,9.679,8,8.808481358465604,328
C[C@H](N)CN1CCc2cc(F)c(C(F)(F)F)cc21,6.267,10,6.741195767195766,872
COC(=O)c1coc2c1C(=O)CC(CN1CCC(c3noc4cc(F)ccc34)CC1)C2,8.81,3,7.840913248677246,873
Cc1[nH]c(-c2ccccc2)cc1C(=O)NCCCN1CCN(c2cccc(Cl)c2)CC1,6.61,10,7.104810120370367,13
O=C1c2ncccc2CCC1CCN1CCN(c2noc3cc(F)ccc23)CC1,7.82,10,8.083483238095246,874
Cc1ncnc(C)c1-c1cc(NC(=O)c2ccncc2F)ccc1OCCN1CCC1,7.73,5,7.965928271164025,875
Clc1cccc(N2CCN(CCc3cn(-c4ccn5nccc5c4)nn3)CC2)c1Cl,8.15,9,8.223595204906204,448
CNCCCC1c2ccccc2Cc2ccccc21,7.888,9,7.322964190476188,151
COc1ccc2[nH]nc(CCNCc3ccccc3OC)c2c1,8.65,7,7.691937476791728,726
Fc1ccc(N2CCN(Cc3c[nH]c4ncccc34)CC2)cc1,6.632,8,6.913985716931217,638
C[C@@H]1C=C(c2c[nH]c3ncccc23)CNC1,7.38,7,7.4035394801587335,316
O=C1c2ncccc2CCN1CCN1CCN(c2noc3cc(F)ccc23)CC1,8.847,4,7.539053669312178,876
CN(C)CCN(Cc1cccs1)c1ccccn1,6.475,8,7.138989968253971,877
O=C1c2cccc3cccc(c23)N1CCCCCCN1CCN(c2cccc(Cl)c2Cl)CC1,6.39,2,6.723027046296297,357
CCc1cc(Cl)c(OC)c(N2CCN(C)CC2)c1,6.852,9,6.789103988095233,404
NC(=O)c1ccc(C(=O)CCCN2CCc3ccccc3C2)cc1,6.392,6,6.772989018518515,878
COc1nn(C[C@H](C)N)c2c1ccc1occc12,8.06,4,7.485671722222223,585
Clc1ccccc1O[C@H]1CCCc2ccc(N3CCNCC3)nc21,7.16,7,6.510372619047617,879
Clc1ccccc1O[C@@H]1CCCc2ccc(N3CCNCC3)nc21,6.24,10,7.083999293650798,879
Cc1cc2c(cc1OCCCN1CCN(c3cccc4cccc(F)c34)CC1)C(=O)NC2,7.18,2,7.861195484126979,133
O=S(=O)(NCCCCN1CCN(c2cccc(Cl)c2Cl)CC1)c1cncc2ccccc12,7.05,7,7.468122516233766,880
COc1ccccc1Cc1c(N)nc(SCCN2CCN(Cc3ccccc3C(F)(F)F)CC2)nc1N,7.32,5,7.275966553391055,475
COc1ccc(N2CCN(CCCN3CCN(C(=O)c4ccccc4)CC3)CC2)cc1,4.52,5,6.075411714285712,237
CC(=O)N[C@H]1CC[C@H](CCN2CCC(c3cccc4c3CCO4)CC2)CC1,7.43,5,7.350113642857142,224
CN1CCN2c3c(cccc31)[C@@H]1CN(CCCC(=O)c3ccc(F)cc3)CC[C@H]12,6.49,8,8.690635338624347,166
CN1CCN2c3c(cccc31)[C@H]1CN(CCCC(=O)c3ccc(F)cc3)CC[C@H]12,8.34,4,7.518285219576719,166
CN1CCN2c3c(cccc31)[C@@H]1CN(CCCC(=O)c3ccc(F)cc3)CC[C@@H]12,9.269,4,7.518285219576719,166
CN1CCN2c3c(cccc31)[C@@H]1C[NH+](CCCC(=O)c3ccc(F)cc3)CC[C@@H]12,8.155,6,7.918385480158729,881
CCC(=O)N[C@H]1CC[C@H](CCN2CCC(c3cccc4c3OCO4)CC2)CC1,7.78,2,7.62757478835979,62
CC(C)COc1ccc(CC(=O)N(Cc2ccc(F)cc2F)C2CCN(C)CC2)cc1,8.2,8,7.843292185185187,126
O=C(CC1COC1)N[C@H]1CC[C@H](CCN2CCC(c3coc4ccccc34)CC2)CC1,8.28,10,8.3387085568783,882
CN1CCC(N(Cc2ccc(F)cc2F)C(=O)NCc2ccc3c(c2)CC(C)(C)O3)CC1,7.684,4,8.43318044324195,424
COc1cccc(CC(=O)Nc2ccc(OC[C@H]3CCCCN3)c(-c3c(C)noc3C)c2)c1,8.33,1,8.321431797619043,701
CCCOc1ccc(CNC(=O)N(Cc2ccn(C)n2)[C@H]2CCN(C)CC23CC3)cc1,9.03,3,7.8133118730158735,275
O=c1n(CCCCCCN2CCN(c3cccc(C(F)(F)F)c3)CC2)nc2ccccn12,6.54,7,6.850442984126984,883
Cc1noc(C)c1-c1cc(NC(=O)Cc2ccc(F)cn2)ccc1OCCN1CCC1,6.74,5,7.870686734126984,884
O=C(NCCN1CCN(c2ncccn2)CC1)C12CC3CC(CC(C3)C1)C2,7.47,9,6.893353685185181,885
CCCOc1ccc(CNC(=O)N(Cc2cc(C)n(C)n2)[C@H]2CCNC[C@H]2F)cc1,8.0,9,7.999779244588748,589
CN(C)[C@@H]1Cc2ccccc2[C@@H](C2CCCCC2)C1,7.699,9,6.917067050505049,886
CN(C)[C@H]1Cc2ccccc2[C@H](C2CCCCC2)C1,7.098,4,7.294435847883604,886
CC1CC2(C)CC(=O)C1C1C(=O)N(CCCCN3CCN(c4ccccn4)CC3)C(=O)C12,6.24,8,6.399984002645507,887
CCCCCOc1cc2c3c(c1OC)-c1cc(OC)c(OC)cc1C[C@@H]3N(C)CC2,6.86,3,6.606728982804231,78
CCN(CC)C(=O)[C@@H]1C=C2c3cccc4[nH]cc(c34)C[C@H]2N(Cc2ccccc2OC)C1,7.485,1,8.433236230158728,142
CN1CCN(c2nc(Nc3ccc(Cl)cc3)c3cn[nH]c3n2)CC1,7.54,5,7.238703424603171,528
CN1CC[C@@H](Oc2ccc(Cl)cc2OCc2cccc(Cl)c2)C1,8.523,2,7.364279200577196,888
CN1CCN(c2nc(N)nc(CCC[Se]Cc3ccccc3)n2)CC1,6.08,1,6.657977701058202,889
O=C(N[C@H]1CC[C@H](CCN2CCN(c3nccc4c3CCO4)CC2)CC1)c1ccc(F)cc1,7.957,6,7.704878084656084,824
CCc1c(C2CCC2)cnc2c1CC[C@@H]1CNCCN21,6.02,4,7.1497218108465646,890
O=C(CCCN1CCN(c2cccc(Cl)c2Cl)CC1)Nc1ccn2ncc(/C=N\O)c2c1,8.59,4,7.8702465714285745,891
Cc1noc(C)c1-c1cc(NC(=O)c2ccnn2C)ccc1OCCN1CCC1,7.724,2,8.101506433381436,892
COc1cc2c(cc1Br)[C@H](C)CNCC2,7.52,1,7.10312368386243,39
COc1cc2c(cc1Br)[C@@H](C)CNCC2,7.098,3,7.266372448412699,39
COc1cc2c(cc1Br)C(C)CNCC2,7.1,9,7.26865252200577,39
CN1CCN2c3c(cccc31)[C@@H]1CN(CCCOc3ccc(F)cc3)CC[C@@H]12,8.62,3,7.840053898148147,893
COc1cc2c3c(c1OC)-c1cc(N)ccc1CC3N(C)CC2,6.23,5,6.438409912698409,78
Brc1ccc2c3c1CCN3CCNC2,6.521,8,6.733217892857143,281
Cn1nccc1-c1cc(NC(=O)c2ccc(C(F)(F)F)cc2)ccc1OCCN1CCOCC1,8.62,1,8.644543538359786,262
COc1cccc(N2CCN(CCCCNC(=O)c3n[nH]c4ccccc34)CC2)c1,6.89,7,6.63289809656085,103
c1ccc(CCN2CCCC(c3c(-c4ccccc4)[nH]c4ccccc34)C2)cc1,7.23,10,8.457740208994707,894
c1ccc2c(c1)Cc1cccc3c1C2CNC3,6.53,4,7.132286366402118,895
O=C(CC1CCC1)N[C@H]1CC[C@H](CCN2CCN(c3nccc4c3CCO4)CC2)CC1,7.88,5,7.80402261640212,156
O=C1NC2CNCCCN2c2cccc(Cl)c21,4.87,5,6.476729015873008,896
CC(C)COc1ccc(CNC(=O)N(Cc2cc[nH]n2)C2CCN(C)CC2)cc1,7.26,4,7.788766652116404,589
CC(C)Cc1ccc(C(=O)N[C@H]2CC[C@H](CCN3CCC(c4coc5ccccc45)CC3)CC2)cc1,8.57,1,8.285931496031758,55
CC1CN2CCNCc3cc(Cl)c(Cl)c1c32,6.595,10,6.810151884920637,281
Cc1cccc2c(C3CCN(CCN4CCc5cccnc5C4=O)CC3)noc12,7.04,1,7.0869586653439125,228
COc1ccc(CNC(=O)N(Cc2ccc(F)cn2)C2CCNCC23CC3)cc1,8.0,9,7.9742980026455035,213
Cc1c(C(=O)NCCCN2CCN(c3cccc4cccnc34)CC2)cc(-c2ccccc2)n1C,6.452,3,6.789141630952375,817
Clc1cccc(COc2cc(Cl)ccc2O[C@H]2CCNC2)c1,7.495,10,7.578282608465613,888
Clc1cccc(COc2cc(Cl)ccc2O[C@@H]2CCNC2)c1,7.854,10,7.578282608465613,888
O=C1c2cncnc2CCN1CCN1CCN(c2nsc3ccccc23)CC1,8.588,7,8.66730486507937,897
Cn1ncc2c1CCC(CCN1CCC(c3noc4ccccc34)CC1)C2=O,8.852,7,8.643482103174604,898
O=C(c1nn2ccccc2c1Cl)N1CCN(CCc2ccc(F)cc2F)CC1,9.22,9,8.709221076719583,360
CCOC(=O)c1cc2cc(OCCCCN3CCN(c4ccccc4OC)CC3)ccn2n1,7.109,8,6.902479649470894,248
C=CCN(CC=C)CCc1c[nH]c2ccc(C)cc12,6.14,6,6.985765764550259,86
NCC1CC1c1cc(F)c(F)cc1OCCF,6.44,6,6.368192097883595,69
O=C(NCc1ccccc1)N[C@H]1CC[C@H](CCN2CCN(c3nsc4ccccc34)CC2)CC1,9.04,2,8.965365571428574,899
O=C(NCc1ccccc1)N[C@H]1CC[C@@H](CCN2CCN(c3nsc4ccccc34)CC2)CC1,8.9,5,9.030559585978835,899
O=S(=O)(c1ccccc1)c1c[nH]c2cccc(CCNC3CCCC3)c12,7.615,9,7.182284695646945,900
CC1NC(CN(Cc2nc3cc(Br)ccc3o2)C2=NOC3(CCN(C)CC3)N2)=CO1,8.0,9,7.131938552910055,901
Fc1ccc(CCN2CCC3(C=Cc4cc(F)ccc4O3)CC2)c(F)c1,7.798,1,8.369950496031741,902
N#Cc1ccc(-c2nc(C3CCCC3)nc3c2CCNCC3)cc1,7.47,10,7.748830314814813,543
Fc1ccc(OC[C@@H]2CNCCO2)c2c1CCC2,7.068,6,6.837940451058199,903
CNC(=O)c1cccc(OCCCCN2CCN(c3cccc(Cl)c3Cl)CC2)c1C,6.07,2,6.470316079365082,479
CNCc1cc(OCc2cc(Cl)ccc2F)n(CC2CCCC2)n1,8.762,6,8.69113326190476,279
CC(C)Oc1cc2c(cc1NS(=O)(=O)c1ccc(-c3ccc(Cl)cc3)cc1)CCN(C)CC2,7.8,2,7.8786037830687885,451
Cc1c(C(=O)NCCCN2CCN(c3cccc(Cl)c3Cl)CC2)cc(-c2ccccc2)n1-c1ccc(F)cc1,8.389,6,7.473350696127948,904
O=C(CO)N[C@H]1CC[C@H](CCN2CCN(c3nccc4c3CCO4)CC2)CC1,7.91,2,7.7455428835978815,12
CC1(C)CN(CCN2CCC(c3noc4cc(F)ccc34)CC2)C(=O)c2ncccc21,9.32,8,8.15034501851852,228
Clc1ccccc1O[C@H]1CCc2ccc(N3CCNCC3)nc21,7.06,7,6.670275534391531,905
Clc1ccccc1OC1CCc2ccc(N3CCNCC3)nc21,6.63,3,6.950045238095239,905
O=C(N[C@H]1CC[C@H](CCN2CCC(c3coc4ccccc34)CC2)CC1)C1(O)CC1,8.518,4,8.318568126984129,579
CCC1(NC2=NCCNC(c3ccc(F)cc3)=C2)CCCC1,9.1,5,8.490955580687825,843
Cc1c2c(nn1C)CCN(CCN1CCC(c3noc4ccccc34)CC1)C2=O,9.43,7,8.605692382275134,906
CC(C)Oc1ccc(C(OC(=O)N(Cc2ccc(F)cc2)C2CCN(C)CC2)C(F)(F)F)cc1,7.5,4,7.759499382635891,74
COC(C)CC(=O)N[C@H]1CC[C@H](CCN2CCC(c3cccc4c3OCO4)CC2)CC1,7.472,2,7.558463849446849,62
CN1CCC(N(Cc2ccc(F)cc2F)C(=O)OCc2ccc(OCCF)cc2)CC1,9.8,10,9.682061708994704,74
Cc1ncccc1Oc1ccc(NC(=O)N2CCc3c2cc(C(F)(F)F)c2c3CCO2)cn1,6.3,10,6.68660901719577,907
O=C1NC2CNCCN2c2cccc(Cl)c21,6.48,3,6.468975027777778,428
O=C(CC1CCOCC1)N[C@H]1CC[C@H](CCN2CCC(c3coc4ccccc34)CC2)CC1,8.27,2,8.162493013227508,908
O=S(=O)(NCCCCN1CCN(c2noc3ccccc23)CC1)c1cc2ccc(Cl)cc2s1,7.959,7,7.618335436507935,909
CCCCn1cc(CCN(C)C)c2c(O)cccc21,7.005,9,6.831573411014911,86
COc1cc(CCCCCCF)c(OC)cc1CCN,8.815,3,7.560944563492066,188
Clc1ccc2c(c1)CC(CCN1CCN(c3ccccn3)CC1)C2,6.959,2,6.788603754282756,910
O=C1NC2CCNCCN2c2cccc(Cl)c21,6.835,7,6.399900400793655,911
CC1CCN(CC[C@H]2CCCN2S(=O)(=O)c2cccc(O)c2)CC1,8.301,2,6.80802440740741,912
COc1cccc(OC)c1CC(=O)N1CCC(C)c2cccc(CCN3CCN(c4nsc5ccccc45)CC3)c21,8.91,9,8.67764181084656,913
c1ccc(-c2[nH]c3ccccc3c2CCN2CCC2)cc1,7.358,6,8.310221338504078,914
CS(=O)(=O)c1ccc(C(=O)N[C@H]2CC[C@H](CCN3CCN(c4nccc5c4CCO5)CC3)CC2)s1,8.022,4,7.872745387566135,915
Cc1nc2ccccn2c(=O)c1CCN1CCC(C(=O)c2ccc(F)cc2)CC1,8.967,7,8.16172403487254,916
COc1cc(C2CCCNC2)c(OC)cc1C,6.79,5,6.808784035714288,111
Fc1ccc(-c2[nH]c3cc(F)ccc3c2[C@@H]2CNCC[C@H]2F)cc1,9.92,10,9.83494440476191,310
CCOC(=O)c1cc2cc(OCCCCN3CCN(c4cccc(Cl)c4Cl)CC3)ccn2n1,7.66,10,7.215116486772488,248
CCc1cc(OC)c(C[C@@H](C)N)cc1OC,9.016,9,7.826473391173638,188
CCc1ccc2c(c1)C(=O)N1CCNC[C@H]1C2,7.313,7,6.946236812169318,147
Cc1[nH]c2cccc(O)c2c1CCN(C)C,6.912,10,6.74151223148148,86
Cc1c(Cl)cccc1N1CCN(CCCNC(=O)c2nc(C)n(-c3ccc(F)cc3)c2C)CC1,7.42,5,7.267179404761908,101
Cc1ccc(C2NCCc3c2[nH]c2ccc(Cl)cc32)cc1,6.52,1,6.653471809523809,44
COc1cccc([C@H](O)C2CCN(CCc3ccc(F)cc3)CC2)c1OC,9.664,10,7.919129940476195,11
COc1cccc(C(O)C2CCN(CCc3ccc(F)cc3)CC2)c1OC,9.741,10,7.919129940476195,11
COc1ccccc1N1CCN(CCCCN2C(=O)C3C4C(=O)CC(C)(CC4C)C3C2=O)CC1,6.281,10,6.270958706349208,558
CC(C)COc1ccc(CNC(=O)N(Cc2ccc(F)cn2)C2CCN(C)C(CO)C2)cc1,8.0,6,7.794783960317459,225
O=C1NCc2cc(F)c(OCCCN3CCN(c4cccc5ccc(F)cc45)CC3)cc21,8.571,7,7.809399277777773,133
COc1ccc(N2CC=C(c3ccc(Br)cc3)C2=O)cc1OCCN1CCCCC1,6.8,8,6.202590924603179,766
O=C1Cc2cc(C(O)CN3CCN(c4cccc5sccc45)CC3)ccc2N1,7.831,4,7.26706810846561,132
CC(C)N(CCCN1CCC(c2noc3cc(F)ccc23)CC1)C(=O)c1ccccc1,7.93,7,7.827147079365077,917
CC(C)(O)C(=O)N[C@H]1CC[C@H](CCN2CCC(c3cccc4c3CCO4)CC2)CC1,8.098,10,7.5973829378306865,224
COc1c(O)ccc2c1CN1CCc3cc4c(cc3[C@@H]1C2)OCC4,6.32,1,6.536824698412699,918
CNC(C)c1cc(F)ccc1Oc1ccc(Cl)c(Cl)c1,6.521,1,6.749913448412702,6
OCCN1CCN(c2nc(NCc3ccccc3)c3ccccc3n2)CC1,6.282,10,6.700892539682542,919
NC[C@H]1C[C@]1(F)c1ccccc1Br,6.912,4,7.310020982804231,69
COc1ccc(-n2nc([Si](C)(C)C)cc2NC(=O)Nc2ccc(Oc3ccnc(Nc4ccccc4)n3)c3ccccc23)cn1,6.483,6,6.739246187830691,920
COc1ccc2sc(S(=O)(=O)N[C@H]3CC[C@H](CCN4CCN(c5nsc6ccccc56)CC4)CC3)cc2c1,8.97,1,8.654657137566135,172
CCCc1cc(OC)c(CCNCc2ccccc2F)cc1OC,8.87,2,8.203520961640208,115
COCCC(=O)N[C@H]1CC[C@H](CCN2CCC(c3noc4ccc(F)cc34)CC2)CC1,7.431,5,7.921932167989418,109
CN1CCN(c2ccc(C#N)c(NCc3ccccc3)c2)CC1,7.329,4,7.002737214646469,921
O=C(N[C@H]1CC[C@H](CCN2CCC(c3cccc4c3CCO4)CC2)CC1)c1ccc(Cl)cc1,7.74,3,7.522281724867733,407
O=C(N[C@H]1CC[C@H](CCN2CCN(c3nccc4c3CCO4)CC2)CC1)C1CCCO1,8.2,8,7.8863948452380885,922
CC1(C)CN2CCNCc3ccc(Cl)c1c32,6.545,4,6.827835673280417,281
O=C(C[C@@H]1CCCOC1)N[C@H]1CC[C@H](CCN2CCC(c3cccc4c3OCO4)CC2)CC1,7.698,2,7.634888931216933,923
O=C(C[C@H]1CCCOC1)N[C@H]1CC[C@H](CCN2CCC(c3cccc4c3OCO4)CC2)CC1,7.7,10,7.644429686507936,923
Cc1cnc(CN(Cc2ccc(OCC(C)C)cc2)C2=NC(=O)C3(CCN(C)CC3)N2)nc1,7.26,8,7.575421730158736,924
COCCN(C)CCOc1ccc(NC(=O)c2cccc(OC)c2)cc1-c1c(C)ncnc1C,8.578,8,8.188057648148144,144
Cc1nc(CN(Cc2ccc(OCC(C)C)cc2)C2=NOC3(CCNCC3)N2)co1,8.0,5,7.859215238095242,657
Cc1ccc(-c2noc3c2CCNCC3)cc1,6.86,8,6.742385189153438,925
CCCc1nc(C(=O)NCCCN2CCN(c3cccc(Cl)c3Cl)CC2)c(C)n1-c1ccc2c(c1)OCCO2,6.97,8,7.537395829365078,333
COc1cc(OC)c(C(=O)CCCCN2CCC3(CC2)NC(=O)NC3=O)cc1NS(=O)(=O)c1ccc(C(F)(F)F)cc1,6.2,8,6.232288734607984,811
CCC(CC)(CC)NC1=NCCNC(c2ccc(F)cc2F)=C1,8.43,5,8.435730037157283,285
c1ccc(Cc2cccc3c2CCC2CNCCN32)cc1,7.849,10,7.762405764790765,926
Oc1ccc2[nH]c3c(c2c1)CCNC3c1cc(F)ccc1O,6.665,8,7.324869600529102,44
COc1ccccc1N1CCN(CCCCCC(=O)NCc2ccccc2-c2ccccc2Cl)CC1,7.112,4,6.578070096200098,927
O=C(CCCN1CCC(c2ccccc2)CC1)c1nc2ccccc2s1,6.54,2,7.779429626068377,928
CCCCOc1ccc(CN(Cc2coc(C)n2)C(=O)C(F)C2CCN(C)CC2)cc1F,8.0,9,7.9132975039682485,604
CC[C@@H]1NCCN2C(=O)c3c(cccc3C(F)(F)F)[C@H]12,7.005,1,6.790295421717171,184
O=C1NCN(c2ccccc2)C12CCN(CCCCc1c[nH]c3ccccc13)CC2,6.01,2,7.025730182539687,929
COc1ccc2[nH]cc(C3CC(=O)N(CCCCN4CCC(c5c[nH]c6ccc(F)cc56)CC4)C3=O)c2c1,6.93,10,6.835544383597886,760
C1=C(c2c(-c3ccccc3)[nH]c3ccccc23)CCNC1,7.3,4,7.036032298941795,930
COc1ccc(N2CCN(CCC3OCCc4ccccc43)CC2)cc1,7.12,9,6.803370328282831,931
O=C1Nc2ccc(F)cc2C1CCCCN1CCN(c2ccccc2)CC1,7.26,7,7.7252945158730135,932
COc1ccccc1N1CCN(CCCC(=O)Nc2ccn3ncc(/C=N\O)c3c2)CC1,6.92,3,6.84210284920635,891
O=C1[C@@H]2[C@H]3CC[C@H](C3)[C@@H]2C(=O)N1CCCCCCN1CCN(c2cccc(Cl)c2)CC1,7.09,6,6.851664150793645,933
C#CC(C)(C)c1cc(NC(=O)Nc2ccc(Oc3ccnc(Nc4ccccc4)c3)c3ccccc23)n(-c2ccc(C)cc2)n1,6.567,1,6.803697752645506,934
COc1ccccc1N1CCN(CCCNC(=O)Nc2ccccc2-c2ccccc2)CC1,6.02,2,6.76557162169312,935
CNCc1cc(F)c(OC)cc1Oc1ccc(Cl)c(Cl)c1,7.129,1,6.9231722698412685,6
CN(C)CCCc1c[nH]c2cccc(O)c12,6.23,7,6.688454764550265,86
Cc1ccc2c(c1)c1c(n2CCc2ccccc2)CCN(C)C1,8.92,1,7.910859886243393,936
COc1ccc(CCN(CCCc2cccc(F)c2)CCc2ccc3c(c2)OCO3)cc1OC,6.731,10,6.76774955820106,47
CCOC[C@H]1[C@@H]2CNC[C@@]21c1ccc(Cl)c(Cl)c1,6.8,10,7.256096334656089,937
O=C(CC1COC1)N[C@H]1CC[C@H](CCN2CCC(c3cccc4c3OCO4)CC2)CC1,7.66,7,7.634856825396822,938
CN(C)CCCN1C(=O)c2ccccc2/C=C\c2ccccc21,4.77,4,5.680287666666666,939
CCCCCCOc1cc2c3c(c1OC)-c1cc(OC)c(OC)cc1C[C@@H]3N(C)CC2,6.67,3,6.464407589947086,78
O=C(NCC1(O)CCCCC1)c1ccc(C#Cc2ccc(F)cc2F)cc1,6.523,3,7.082710484126983,940
COc1cccc(C(=O)Nc2ccc(OCCNCCO)c(-c3ccnn3C)c2)c1,8.74,5,8.164963800264552,230
COc1ccccc1C1CCN(c2ccn3c(CC4CC4)nnc3c2Cl)CC1,6.806,3,6.858587355820108,518
Fc1ccc(Cc2nc3c(c(-c4ccc(F)cc4)n2)CNCC3)cc1,7.888,3,7.950525763227518,941
CCCN(CCN1CCC(c2noc3cc(F)ccc23)CC1)C(=O)C(C)O,9.098,8,8.5963219510582,31
CCC(Sc1ccccc1)c1nc(N)nc(N2CCN(C)CC2)n1,6.37,3,6.395574476190472,257
c1ccc2c(c1)CC1CCNCCN21,6.09,2,6.663846392857142,942
Cc1nscc1C(=O)Nc1ccc(OC[C@H]2CCCCN2)c(-c2c(C)noc2C)c1,8.397,3,8.154366207671956,943
Cc1noc(C)c1-c1cc(NC(=O)c2cc(Cl)ccn2)ccc1OCCN1CCCC1,8.405,4,7.911051652116404,944
O=C(CC1COCCO1)N[C@H]1CC[C@H](CCN2CCC(c3cccc4occc34)CC2)CC1,8.389,2,8.429364903439156,945
CC(=O)OC12C=C(C)C(C(C)C1)C1C(=O)N(CCCCN3CCN(c4ccccn4)CC3)C(=O)C12,6.015,6,6.479872496031742,946
C[C@H]1CN(CC[C@H]2CC[C@H](NC(=O)N(C)C)CC2)CCc2ccc(Cl)cc21,7.59,6,7.268234203703707,947
Cc1cccc2c1C(=O)NC1CCNCCN21,6.928,8,6.504504320105826,911
O=C(N[C@H]1CC[C@H](CCN2CCC(c3coc4ccccc34)CC2)CC1)C1CCCO1,8.54,4,8.262186029100526,948
Cc1cc2c(cc1Cl)CCN2C(=O)Nc1ccc(Oc2cccnc2C)nc1,6.801,4,6.665979797619045,52
COc1ccc(NC(=O)c2ccc(-c3ccc(-c4noc(C)n4)cc3C)cc2)cc1CCCN(C)C,8.2,9,7.560008174603181,196
Cc1cccc(-c2ccc(C(=O)NC/C=C/CN3CCN(c4cccc(Cl)c4Cl)CC3)cc2)n1,7.031,6,7.2346626772486795,949
Cc1ccc2c(c1)N1OC(CN(C)C)CC1c1ccccc1C2,8.51,2,7.721110948209195,309
CCCCCCc1ccc2c(c1)Cc1cc(OC)ccc1C2CN,7.37,1,7.480595059523809,151
Cc1ncc2c(n1)CCN(CCN1CCC(c3noc4ccccc34)CC1)C2=O,8.0,10,8.310974532227032,713
Fc1ccc(SCCCN2CCN(c3ccccn3)CC2)cc1,7.583,6,7.399407238095238,950
CCCn1c(-c2ccccc2)cc(C(=O)N(C)CCCN2CCN(c3cccc(C)c3C)CC2)c1C,7.77,9,6.7946475489418,13
CCN(C)CCc1c[nH]c2cc(F)c(Cl)cc12,6.932,1,6.786556588624344,86
Cc1c(C(=O)NCCCN2CCN(c3cccc(Cl)c3Cl)CC2)cc(-c2cccnc2)n1C,6.68,9,7.30028420767196,951
Cc1ccc(C2=CC(NC(C)(C)C)=NCCN2)cc1,7.96,8,7.003526449735441,285
O=C(c1ccc(F)cc1)C1CCN(CCN2CCCc3ccccc3C2=O)CC1,7.77,8,7.796396492063495,952
COc1ccc2[nH]cc(CCNCc3ccc(N)cc3)c2c1,6.65,7,6.917744507936507,672
COc1ccc(-c2ccc(C(=O)Nc3cccc(Cn4ncc(N5CCNCC5)cc4=O)c3C)cc2)cn1,8.2,3,7.191031000721505,953
CCOc1ccc(COC(=O)N(Cc2ccc(F)cc2F)C2CCN(C)CC2)cc1,9.699,7,9.634245603174602,74
CSc1cc2c(cc1F)CCN2C[C@H](C)N,7.199,5,6.860440361111106,872
O=c1[nH]cnc2ccc(CCCCCN3CCN(c4cccc5sccc45)CC3)cc12,6.698,7,6.708821345238094,954
COc1ccc2[nH]cc(CCNCCCc3ccccc3)c2c1,7.65,3,7.495165888888889,955
O=C(C[C@@H](O)C(F)(F)F)N[C@H]1CC[C@H](CCN2CCC(c3cccc4c3CCO4)CC2)CC1,7.27,1,7.383577329365078,224
CCC(Oc1cc(Cl)ccc1Cl)c1nc(Nc2ccccc2)nc(N2CCN(C)CC2)n1,6.47,8,6.779282952380951,956
CC(C)(C)Cc1ccnc2c1CC[C@@H]1CNCCN21,6.405,4,7.373785662698416,450
COc1ccccc1N1CCN(CCC2CCc3ccc(N)cc3C2O)CC1,6.8,1,6.9185089510582,655
CCOC(=O)Cc1nn(CNC(=O)CCN2CCN(c3cccc(C)c3C)CC2)c(=O)c2c(F)cccc12,6.82,5,6.6464011600529105,40
COc1nc(NCCCN2CCOCC2)nc(OC)c1NC(=O)c1ccc(Oc2cc3c(cc2C)CCC3(C)C)o1,6.232,6,6.988050964285712,957
CCn1c(-c2ccccc2)cc(C(=O)NCCCN2CCN(c3cccc(Cl)c3)CC2)c1C,7.04,4,6.875482211640208,13
Oc1ccc2[nH]c3c(c2c1)CCNC3c1ccccc1C(F)(F)F,6.92,2,6.847306748677247,44
Cc1ccc(-n2nc(C(C)(C)C)cc2NC(=O)Nc2ccc(Oc3ccnc(Nc4ccccc4C)n3)c3ccccc23)cc1,7.481,6,6.91776549074074,64
COc1c(OCCF)cccc1C(O)C1CCN(CCn2c(=S)[nH]c3ccccc3c2=O)CC1,6.449,3,7.086244924603172,958
CCCCCC(=O)Oc1cccc2c1-c1cccc3c1[C@@H](C2)N(CCC)CC3,6.961,3,6.902913055555563,78
COCCN1CCC(NC(=O)N(Cc2ccc(OCC(C)C)cc2)Cc2ccn(C)n2)CC1,7.26,6,7.897501267195776,193
CNc1nc(Cc2ccccc2)nc2c1CCNC[C@@H]2C,6.442,3,8.1673971984127,484
CCC(Sc1cc(Cl)ccc1Cl)c1nc(N)nc(N2CCN(C)CC2)n1,6.259,6,6.530041313612317,257
CC(C)(C)C(=O)N[C@H]1CC[C@H](CCN2CCN(c3nccc4c3CCO4)CC2)CC1,8.028,5,7.8204178042328,12
Cc1ncc2c(n1)CCN(CCN1CCN(c3nsc4ccccc34)CC1)C2=O,8.078,8,8.71228235582011,897
O=C(N[C@H]1CC[C@H](CCN2CCC(c3cccc4c3OCO4)CC2)CC1)C1(O)CCCCC1,8.408,2,7.97983583585858,422
Cc1cccc(S(=O)(=O)NCCN2CCN(c3nsc4ccccc34)CC2)c1,8.06,5,8.955787782828283,959
COc1cc(CN2CCCC2)ccc1OCCCN1CCC(c2noc3cc(F)ccc23)CC1,7.97,2,8.118791309523813,830
O=C(c1ccc(F)cc1)C1CCN(CCc2ccc(F)cc2)CC1,8.02,1,8.201714525132273,85
Cc1c(Cl)cccc1N1CCN(CCNC(=O)c2cc(C(C)(C)C)n(C)c2C)CC1,6.63,5,7.0565510105820115,960
COc1cscc1CNCC1CC1c1cc(F)ccc1OC,6.84,7,6.713875552910057,961
O=C(Nc1cccc(Cn2ncc(N3CCNCC3)c(Cl)c2=O)c1)c1ccc(-c2ccccc2)cc1,7.22,9,7.495693883597886,28
Nc1ccc2c(c1)C(=O)C(CCN1CCC(c3noc4cc(F)ccc34)CC1)CC2,8.3,5,8.49581031613757,962
O=C(O)C1CCC(N2CCN(C3=Cc4ccccc4Cn4ccnc43)CC2)CC1,6.225,10,6.968841236772488,963
COc1ccccc1N1CCN(CCCCNC(=O)c2nnn(Cc3ccccc3)c2C)CC1,6.209,7,6.756446579365081,7
COc1cc2c(cc1I)C(C)CNCC2,7.212,8,7.146124953703707,39
O=S(=O)(NCCCN1CCC(c2noc3cc(F)ccc23)CC1)c1cccc2scnc12,8.04,8,8.301566534391533,964
COC1Cc2ccccc2C2(CCN(CCCc3ccccc3)CC2)O1,6.339,7,7.185943432539686,965
N#Cc1cccc(NC(=O)NCCCN2CCC(Cc3ccc(F)cc3)C2)c1,6.75,7,7.185876167989417,966
O=S(=O)(NCCCN1CCN(c2cccc(Cl)c2Cl)CC1)c1cnc2ccc(Cl)cc2c1,6.94,5,7.424670332010586,967
NC(=O)[C@@H]1Cc2ccccc2CN1C(=O)CCCCN1CCN(c2ccccc2-c2ccccc2)CC1,6.78,6,6.873977195767197,968
CC(C)(C)C(=O)N[C@H]1CC[C@H](CCN2CCC(c3coc4ccccc34)CC2)CC1,8.22,10,8.184003785714289,181
O=S(=O)(c1ccc(F)cc1)N(CCCN1CCN(c2ccccc2)CC1)CC1CC1,6.849,3,7.466555652116396,969
CCCCCNC(=N)N/N=C/c1c[nH]c2ccc(OC)cc12,6.37,8,7.117865428571431,86
CCOc1ccccc1-c1cc(Cl)cc2cc3n(c12)CCNCC3,7.5,7,7.21851773941799,970
O=C1c2ccc(F)cc2CC1CCN1CCCN(c2ccc(Cl)cn2)CC1,7.886,10,7.257560931216928,971
CC(=O)NC1CCc2cc(CCN3CCN(c4nsc5ccccc45)CC3)ccc21,9.481,4,9.790987736772493,26
COc1cc(Br)c2c3c1[C@H](CN)CCC[C@@H]3CO2,6.699,4,6.898738051587303,972
COc1cc(Br)c2c3c1[C@@H](CN)CCC[C@@H]3CO2,6.77,8,6.837543587301585,972
COc1cccc(C(=O)Nc2ccc(OCCN)c(-c3ccnn3C)c2)c1,8.659,9,8.420948785714286,230
O=C1c2cnc(Br)cc2CCN1CCN1CCN(c2nsc3ccccc23)CC1,9.04,7,8.944394878306882,236
Cc1ccc2c(c1)C[C@@H]1CNCCN1C2=O,6.58,5,6.575194834656087,147
Cn1c(=O)c2c(nc(NCCCN3CCN(C(c4ccccc4)c4ccccc4)CC3)n2C)n(C)c1=O,6.511,4,6.529021599206352,973
CCN(C)CCc1c[nH]c2c(F)cc(OC)cc12,6.71,6,6.858836003968257,86
CNC(=O)c1cc(OCCCCN2CCN(c3nsc4ccccc34)CC2)ccn1,6.948,4,6.791775759259266,406
CN1CCC(N(Cc2ccn(C)n2)C(=O)NCc2ccc(OCC3CC3)cc2)C2(CC2)C1,8.0,10,8.142465370370369,974
CCCc1nc(C(=O)NCCCN2CCN(c3cccc(Cl)c3Cl)CC2)c(C)n1-c1ccccc1,7.679,3,7.436871015873021,101
COc1ccc(CN(C(=O)Cc2ccc(OCC(C)C)cc2)C2CCN(C)CC2)c(Cl)c1,6.9,3,7.536577932539687,126
CCN(CC)C(=O)[C@@H]1C=C2c3cccc4[nH]cc(c34)C[C@H]2N(CCc2cccnc2)C1,7.575,10,8.446754412698413,975
C[C@H](N)Cn1ncc2cc(F)ccc21,7.05,1,7.317501708994708,134
Clc1cccc(N2CCN(CCCc3cn(-c4ccn5nccc5c4)nn3)CC2)c1Cl,8.278,7,8.244356712602203,374
CS(=O)(=O)N[C@H]1CC[C@H](CCN2CCN(c3nccc4c3CCO4)CC2)CC1,7.66,4,7.7694856865079345,12
Oc1ccc(O)c(C2NCCc3c2[nH]c2ccc(F)cc32)c1,7.141,9,6.984264679894179,44
CC(=O)Nc1nc2c(CCN3CCN(c4cccc5sccc45)CC3)cccc2s1,7.389,9,7.4267923838383805,378
O=C(N[C@H]1CC[C@H](CCN2CCC(c3coc4ccccc34)CC2)CC1)c1ccc(N2CCOCC2)nc1,8.12,1,8.06145632142857,976
CC(=O)c1c(OCCCN2CCN(c3ccccc3C#N)CC2)ccc2c(C)cc(=O)oc12,7.12,7,7.313253778860026,686
CN(C)[C@@H]1Cc2ccccc2[C@@H](c2cccc(-c3ccccc3)c2)C1,8.314,9,7.660505615079368,777
CN(C)[C@H]1Cc2ccccc2[C@H](c2cccc(-c3ccccc3)c2)C1,6.66,9,7.660505615079368,777
CN(C)[C@@H]1Cc2ccccc2[C@H](c2cccc(-c3ccccc3)c2)C1,7.292,5,7.571380107142862,777
CNCc1cc(OCc2ccccc2F)n(C(C)C2CCCCC2)n1,8.96,6,8.753475152116406,91
O=c1ccc2ccc(CCN3CCN(c4cccc5sc(F)cc45)CC3)cc2[nH]1,6.432,3,7.023137666666662,977
CC1CCc2cc(F)cc3c(CCN)cn1c23,6.335,1,6.457064055555551,533
O=S(=O)(N[C@H]1CC[C@H](CCN2CCC(c3cccc4c3OCO4)CC2)CC1)c1ccccc1,7.28,5,7.299546656084661,978
COc1cc(SC(F)F)c(OC)cc1CCN,8.195,9,7.64700304725829,188
Cc1cc2c(cc1Cl)N(C(=O)Nc1ccc(OCc3nccn3C)nc1)CC2,6.6,3,6.791479464285711,979
Cc1ncnc(C)c1-c1cc(NC(=O)[C@@H](F)C(C)C)ccc1OC[C@H]1CCCCN1,7.726,6,7.889301801587305,980
N#Cc1ccccc1S(=O)(=O)C1CCN(CCc2ccc(F)cc2F)CC1,9.28,1,8.823295937830691,35
Cc1cccc(N2CCN(CCCCOc3ccc4c(n3)NC(=O)CC4)CC2)c1Cl,9.3,9,8.573482563492053,436
Cc1cccc(N2CCN(CC(O)CNC(=O)c3nc(C(C)C)n(-c4ccccc4)c3C)CC2)c1C,6.14,3,6.725500849206351,101
O=c1n(CCCCN2CCN(c3cccc4sccc34)CC2)nc2c(Cl)cccn12,6.432,2,7.0271920701058175,119
O=C(N[C@H]1CC[C@H](CCN2CCC(c3coc4ccccc34)CC2)CC1)C12CC3CC(CC(C3)C1)C2,7.76,10,8.212756851851855,981
Cc1c2c(nn1C)CCN(CCN1CC=C(c3noc4ccccc34)CC1)C2=O,8.56,5,8.415247580687828,982
O=C1CC(CN2CCC(C(=O)c3ccc(F)cc3)CC2)Cc2[nH]ncc21,7.368,10,7.345882626984129,983
CCCS(=O)(=O)N[C@H]1CC[C@H](CCN2CCN(c3nsc4ccccc34)CC2)CC1,9.47,3,8.865057732804228,328
Cc1cccc(N2CCN(CCc3ccc4[nH]nnc4c3)CC2)c1C,8.291,7,7.1291695066137635,984
Nc1ccccc1C(=O)CCCN1CC[C@@H]2[C@H](C1)c1cccc3c1N2CCCC3,8.509,5,8.437145370370372,863
Nc1ccccc1C(=O)CCCN1CC[C@H]2[C@@H](C1)c1cccc3c1N2CCCC3,9.15,5,8.437145370370372,863
C=CCOc1ccc(F)cc1[C@H]1C[C@@H]1CNCc1ccccc1OC,7.554,9,7.137566164021163,276
O=C(N[C@H]1CC[C@H](CCN2CCC(c3coc4ccccc34)CC2)CC1)c1ccc(F)cc1,8.249,4,7.86227221428571,55
CCN(CCc1ccccn1)Cc1csc(C2CCCC2)n1,6.1,6,8.04310438227513,985
O=C1CC(CN2CC=C(c3c[nH]c4cc(F)ccc34)CC2)Cc2nc(N3CCCC3)sc21,7.4,7,7.6245621825396785,986
Cc1ccc2c(c1)-c1c(ccn1CC(C)N)C2(C)C,7.0,9,7.0610394523809585,315
O=C1CCc2ccc(C(O)CCCCN3CCN(c4cccc5sccc45)CC3)cc2N1,6.97,10,7.2087870912698415,987
CC(C)COc1ccc(CNC(=O)N(Cc2ccn(C)n2)[C@H]2CCNC[C@H]2F)cc1,8.0,9,7.87983676984128,589
CNCc1cc(F)ccc1Oc1ccc(-c2ccccc2)cc1,6.42,8,7.375823592592592,988
COc1ccc(COC(=O)N(Cc2ccc(F)cc2F)C2CCN(C)CC2)cc1,9.3,9,9.508192908730159,74
CNC(=O)c1ccnc(OCCCCN2CCN(c3nsc4cc(F)ccc34)CC2)c1,7.28,9,7.107089063492064,280
CC(C)(O)CC(=O)N[C@H]1CC[C@H](CCN2CCC(c3coc4ccccc34)CC2)CC1,8.29,3,8.282977658730156,181
COc1ccc(CNCCc2cc(OC)c(Br)cc2OC)c(OC)c1,7.699,1,8.066542865079363,115
CCOC(=O)c1cccc(NC2=NC(N)=NC3(CCCCC3)N2)c1,6.76,1,6.60618678571429,509
O=C(N[C@H]1CC[C@H](CCN2CCN(c3nccc4occc34)CC2)CC1)c1ccnc2ccccc12,8.28,6,8.030788911375653,989
Cc1ccc(CN(Cc2ccc(OCC(C)C)cc2)C(=O)NC2CCN(C)CC2)s1,8.0,2,7.757384534872536,990
Oc1ccc2[nH]c3c(c2c1)CCNC3c1cccs1,6.46,9,6.77955547222222,290
Cc1cccc(N2CCN(CCCCNC(=O)c3ccccc3)CC2)n1,7.08,2,6.814954190476192,991
N#Cc1cc2c(cn1)C(=O)N(CCN1CCN(c3nsc4ccccc34)CC1)CC2,8.699,9,8.773777384920638,236
O=S(=O)(N[C@H]1CC[C@H](CCN2CCC(c3cccc4c3OCO4)CC2)CC1)c1ccc(F)cc1,7.18,7,7.560406186507939,978
O=C(O)[C@@H]1CCCN(C2CCC3(Cc4ccccc4Oc4ccccc43)C2)C1,7.0,1,6.9137467473545,498
CC(C)c1ccc(S(=O)(=O)N(C)C2CCN(C)CC2)cc1,6.792,8,6.420677014069265,122
Oc1ccc(-c2ccc(CNCCc3c[nH]c4ccc(Cl)cc34)o2)cc1,7.48,2,7.120541894179899,481
CC1CN(CCN2CCN(c3nsc4ccccc34)CC2)C(=O)c2cnn(C)c21,9.019,2,8.935704703703708,820
O=c1c2cnc(C(F)(F)F)cc2ccn1CCN1CCN(c2nsc3ccccc23)CC1,8.611,2,8.957359619047612,992
COc1ccc(NC(=O)Nc2ccc(F)c(F)c2)cc1-c1c(F)cnn1C,8.75,4,8.780231236772485,102
COc1ccc(N2Cc3sc4ccccc4c3C2=O)cc1OCCN1CCCCC1,6.4,2,6.3543005462962965,993
CC(C)Oc1ccc(NC(=O)Nc2ccc(Cl)cc2)cc1-c1c(Br)cnn1C,9.15,4,9.02332335064935,102
O=C(O)C1CN(C2CCC3(Cc4ccccc4Oc4ccccc43)C2)C1,7.5,8,6.9928085,994
CN(C)CC1CC2c3ccccc3Cc3cccc(Cl)c3N2O1,7.492,1,7.719087928210673,309
Cc1cccc(-c2cc3c(cc2O)C(c2ccccc2)CN(C)CC3)c1,6.789,4,7.173814633838382,995
CC(=O)c1c(OCCCCN2CCN(c3ccccc3C(F)(F)F)CC2)ccc2c(C)cc(=O)oc12,7.31,4,7.564537291005295,83
COc1ccc(CN(Cc2ccn(C)n2)C(=O)NC2CCN(C)CC2)cc1C,7.26,3,7.743424925204426,193
CC(C)(C)CC(=O)N[C@H]1CC[C@H](CCN2CCC(c3coc4ccccc34)CC2)CC1,7.99,6,8.067765539682537,181
CN(C)CCc1c[nH]c2cccc(F)c12,6.203,3,6.7745477857142795,86
Cc1ccc(Cl)cc1N(C)C(=O)c1cn(-c2ccc(F)cc2F)c(=O)c2ccccc12,4.82,6,7.213351511904764,996
Cc1coc(CN(Cc2ccc(OCC(C)C)cc2)C2=NOC3(CCN(C)CC3)N2)n1,8.0,2,7.481699607142868,997
O=C1C2CC(O)C(O)CC2C(=O)N1CCCCN1CCN(c2cccc3sccc23)CC1,7.07,7,6.995297189153444,998
CN(C)c1ccc(-c2cccc([C@@H]3C[C@@H](N(C)C)Cc4ccccc43)c2)cc1,7.824,6,7.741805416666665,777
CN(C)c1ccc(-c2cccc([C@H]3C[C@@H](N(C)C)Cc4ccccc43)c2)cc1,8.67,3,7.464501816137561,777
CN(C)c1ccc(-c2cccc([C@@H]3C[C@H](N(C)C)Cc4ccccc43)c2)cc1,6.91,9,8.191994547619052,777
Fc1ccc2[nH]c(-c3ccccc3)c([C@@H]3CNCC[C@H]3F)c2c1,8.4,3,8.859591927248667,310
Fc1ccc2[nH]c(-c3ccccc3)c(C3CNCC[C@H]3F)c2c1,8.398,5,8.74672083465608,310
Cc1ccc2[nH]cc(CCNCc3ccc(-c4ccc(O)cc4)o3)c2c1,7.66,4,7.282380924603174,481
COc1cc(CCNCc2cccc(OC)c2O)c(OC)cc1Br,9.143,1,7.932099166666667,115
Cc1cc2c(c(N3CCN(CC[C@H]4CC[C@H](NC(=O)C5CCOCC5)CC4)CC3)n1)CCO2,7.231,3,7.155040191798943,999
CC(C)(C)NC1=NCCNC(c2ccc(F)cc2F)=C1,7.96,2,7.72494257671958,285
O=C(N[C@H]1CC[C@H](CCN2CCN(c3cccc4c3OCO4)CC2)CC1)C1(O)CC1,8.11,1,8.144771285714288,320
Cc1c(S(=O)(=O)N[C@H]2CCN(CCCc3noc4ccccc34)C2)sc2ccc(F)cc12,8.41,10,8.94450867460318,842
Cc1c(S(=O)(=O)N[C@@H]2CCN(CCCc3noc4ccccc34)C2)sc2ccc(F)cc12,9.1,5,8.472278460826212,842
CCCn1c(-c2cccnc2)cc(C(=O)NCCCN2CCN(c3cccc(Cl)c3Cl)CC2)c1C,7.34,2,7.075405039682537,951
CN(C)CCc1c[nH]c2ccsc12,6.56,6,6.968153769841271,1000
Cn1nccc1-c1cc(NC(=O)Nc2ccc(Cl)cc2)ccc1OCCN1CCNCC1,7.752,10,9.190032308201049,1001
CCOc1cc(OC)c(CC(C)N)cc1OC,7.323,6,7.193305175925922,188
CC(C)c1ccccc1OCCN1CCC(N(C)S(=O)(=O)c2ccc(F)cc2)CC1,6.419,9,6.614406003968251,1002
[2H]c1[nH]c2c([2H])c([2H])c([2H])c([2H])c2c1C1=CCN(C)CC1,6.301,3,7.074815279100524,235
O=C(N[C@H]1CC[C@H](CCN2CCN(c3nccc4c3CCO4)CC2)CC1)C1CCC1,7.998,6,7.956541497354492,1003
Cc1cc(C(=O)NCCCN2CCN(c3cccc(Cl)c3Cl)CC2)nc(C)n1,6.78,5,6.99231032010582,30
Fc1ccc2c(c1Cl)CCNCC2,6.89,1,7.162715484126987,39
CC(C)N(C)CCc1cn(C)c2cccc(O)c12,6.95,9,6.809975684824439,86
Fc1ccc(-c2cncc(CN3CCN(c4cccc5c4OCCO5)CC3)c2)cc1,6.6,4,7.51080205026455,1004
CC(=O)c1c(C)cc2oc(=O)cc(C)c2c1OCCCN1CCN(c2cccc(Cl)c2Cl)CC1,7.18,9,7.8164815634920615,427
CCN1CCc2cc3ccccc3n2CC1,7.52,5,6.988614302910056,548
NCC1CC1c1c(OCCF)ccc(Cl)c1Cl,6.021,6,6.520237210918721,69
Cn1ncc(Cl)c1-c1cc(NC(=O)Nc2ccc(F)cc2F)ccc1OCCN1CCOCC1,9.82,7,9.209202019841268,363
O=C1c2ccccc2CCCN1CCN1CCC(n2ccc3ccccc32)CC1,7.716,2,7.175586998677243,408
O=S(=O)(NCCCCN1CCN(c2nsc3ccccc23)CC1)c1cnc2ccccn12,8.091,8,8.05893148809524,1005
NC[C@H]1C[C@@H]1c1c(OCC2CC2)ccc2occc12,6.34,8,6.5096967241462265,1006
CO[C@H](C(=O)N[C@H]1CC[C@H](CCN2CCN(c3cccc4c3OCO4)CC2)CC1)C(C)C,7.38,6,7.638539712361713,4
CO[C@@H](C(=O)N[C@H]1CC[C@H](CCN2CCN(c3cccc4c3OCO4)CC2)CC1)C(C)C,7.62,1,7.503725084656083,4
O=C1c2ccc(Cl)cc2CCC12CCN(CCc1ccccc1)CC2,7.798,9,6.899405921957676,1007
CC1SC(C)(C)C(=O)N1CCCCN1CCN(c2csc3cc(F)ccc23)CC1,7.935,1,7.688563699735444,1008
O=C(N[C@H]1CC[C@H](CCN2CCC(c3noc4ccc(F)cc34)CC2)CC1)c1ccc(N2CCCCC2)cc1,8.152,3,7.622594066137566,192
CCCn1c(-c2ccc(Cl)cc2)cc(C(=O)NCCCN2CCN(c3cccc(Cl)c3Cl)CC2)c1C,6.479,9,6.8302779312169335,13
c1ccc(Cc2ccc3c4c2CCN4CCNC3)cc1,7.17,2,7.036970972222224,1009
Brc1ccc2c(c1)c1c3n2CCN(Cc2ccccc2)C3CCC1,4.6,7,7.121348457671959,1010
CCN(CC)C(=O)[C@@H]1C=C2c3cccc4[nH]cc(c34)C[C@H]2N(Cc2ccccn2)C1,7.547,6,8.10158485449735,1011
CCOc1ccc(CC(=O)N(Cc2ccc(F)cc2F)C2CCN(C)CC2)cc1,7.8,4,8.10342533213084,126
CC(=O)c1c(OCCCN2CCN(c3cc(C)cc(C)c3)CC2)ccc2c(C)cc(=O)oc12,7.9,8,7.325918869047625,686
O=S1(=O)c2cccc3cccc(c23)N1CCCCCCN1CCN(c2cccc(Cl)c2Cl)CC1,6.75,3,6.779656637566139,45
O=c1ccc2cnc(OCCCCN3CCN(c4cccc(Cl)c4Cl)CC3)cc2[nH]1,8.539,8,7.712587080687837,1012
CCc1cc(Cl)c(OC)c(N2CCN(CC[C@H]3CC[C@H](NC(=O)NC)CC3)CC2)c1,6.682,5,6.8749541746031735,401
CO[C@H]1CC[C@H](CC(=O)N[C@H]2CC[C@H](CCN3CCN(c4nccc5occc45)CC3)CC2)CC1,8.25,6,8.113155645502646,1013
C[C@H](N)Cn1ccc2ccc3cccnc3c21,6.568,10,7.189973760582013,1014
CC(C)Oc1ccc(CC(=O)N(Cc2ccc(Cl)cc2Cl)C2CCN(C)CC2)cc1,6.5,10,7.226869361832608,126
Cc1ncnc(C)c1-c1cc(NC(=O)CN2CCn3cccc3C2)ccc1OCCN1CCCC1,7.896,5,7.646240522486776,1015
COc1cccc(Nc2nc(N3CCN(c4ccc(F)cc4)CC3)nc3[nH]ncc23)c1,6.46,8,6.809925962962971,1016
CN1CCc2c(sc3ncn(CCN4CCN(c5ccnc6ccccc56)CC4)c(=O)c23)C1,8.92,3,6.989802410052909,1017
O=C(O)C1(O)CCN(C2CCC3(Cc4ccccc4Cc4ccccc43)C2)CC1,7.0,5,6.861971880952382,744
O=c1oc2ccccc2n1CCCCCCN1CCN(c2nsc3ccccc23)CC1,8.22,5,8.091642190476193,1018
CCN(CCN1CCC(c2noc3ccc(C)cc23)CC1)C(=O)[C@H](C)O,8.26,4,8.119283370370372,31
Oc1cc2c(c(-c3ccc4ccccc4c3)c1O)CCNCC2c1ccccc1,6.43,6,6.9195096587301625,1019
Cc1cc2c(ccc3cnn(C[C@H](C)N)c32)o1,9.11,8,7.777097642857143,585
CN(C)C1CC[C@]2(Cc3ccccc3Cc3ccccc32)C1,7.9,7,7.23845946296296,1020
O=C1Cc2cc(CCN3CCC(c4cccc5sccc45)CC3)c(Cl)cc2N1,7.551,3,7.242036916666672,1021
COc1cc(CC(C)NC(=O)OCc2ccccc2)c(OC)cc1CCCC(F)(F)F,7.411,3,8.081607638888887,1022
CN(CCc1cn(C)c2cccc(O)c12)CC1CC1,6.852,5,7.087921294011547,1023
O=C1CN2c3c(cccc3[C@@H]3CN(CCCC(=O)c4ccc(F)cc4)CC[C@@H]32)N1,7.959,9,8.211533940476192,1024
CN(C)[C@@H]1Cc2ccccc2[C@@H](c2cccc(-c3ccc(F)cc3)c2)C1,9.538,3,8.353609275132287,777
CN(C)[C@H]1Cc2ccccc2[C@H](c2cccc(-c3ccc(F)cc3)c2)C1,8.27,5,8.92067814314389,777
Cc1cccc(C)c1C(=O)NN1c2ccc(Cl)cc2N=C(N2CCN(C)CC2)c2ccccc21,8.66,7,8.263505433862433,32
O=C1CN2c3c(cccc3[C@@H]3CN(CCCc4n[nH]c5cc(F)ccc45)CC[C@@H]32)N1,8.588,7,7.966976345238099,376
Cn1ncc(Cl)c1-c1cc(NC(=O)C2CCC(C(F)(F)F)CC2)ccc1OCCN,9.588,8,8.107138650793654,1025
Clc1ccc(-c2noc3c2CCNCC3)cc1,6.4,7,6.7913234087301495,925
CCN(CCN1CCC(c2n[nH]c3cc(F)ccc23)CC1)C(=O)C(C)O,8.888,3,8.681615638888886,1026
COc1ccccc1CCN1CC[C@@H]2[C@H](C1)c1cccc3c1N2CCCN3C,7.469,5,6.9927191230158705,1027
COc1ccccc1CCN1CC[C@H]2[C@@H](C1)c1cccc3c1N2CCCN3C,6.721,7,7.456566773448764,1027
Cc1cccc(C(=O)Nc2ccc(OCCN3CCC3)c(-c3c(C)ncnc3C)c2)c1,8.47,2,8.306929908730156,678
O=C1c2cccc(Cl)c2C(=O)N1CCCCN1CCN(c2cccc3sccc23)CC1,6.55,10,6.6515816746031735,382
Cc1ncnc(C)c1-c1cc(NC(=O)C2CCOC2)ccc1OCCN1CCCC1,7.34,6,7.85605793073593,1028
COc1cc(Cl)c(Cl)cc1C1CC1CN,7.228,4,6.777815801587303,69
COCCC(=O)N[C@H]1CC[C@H](CCN2CCC(c3noc4cc(Cl)ccc34)CC2)CC1,7.781,9,7.796872091269841,109
Cc1cc2c(n1C)CCCN(CCN1CCN(c3nsc4ccccc34)CC1)C2=O,9.06,10,8.945709698412703,834
COC[C@H]1CC[C@H](CC(=O)N[C@H]2CC[C@H](CCN3CCC(c4noc5cc(Cl)ccc45)CC3)CC2)CC1,7.72,7,7.80994032936507,241
O=C1Nc2ccccc2C1CCCCN1CCN(c2ccc(Cl)cc2)CC1,7.76,1,7.137056019841275,932
Cc1cc2c(cc1Cl)N(C(=O)Nc1ccc(OCc3ccccn3)nc1)CC2,6.1,3,6.561458587301587,1029
Clc1ccc2c(c1)CCc1cccnc1C2=C1CCNCC1,7.755,2,7.122722351370852,1030
Clc1ccc2[nH]c3c(c2c1)CCNC3c1cncnc1,6.05,3,6.689410073833577,199
Cc1cn2c(n1)C(N1CCN(CC(C)(C)C(=O)O)CC1)=Cc1ccccc1C2,6.9,1,6.941445710197213,202
O=S(=O)(c1cccc2ncccc12)N1CCC[C@H]1CCN1CCN(c2noc3ccccc23)CC1,7.31,2,7.585200470899461,1031
CC1CN(CCN2CCN(c3noc4ccccc34)CC2)C(=O)c2ccn(C)c21,8.399,6,8.357982353174599,1032
CC1CCCN(CCc2cccc3[nH]cc(S(=O)(=O)c4ccccc4)c23)C1,7.29,9,7.12658621560847,278
O=C1Nc2cccc3c2C1(CCCCN1CC=C(c2ccccc2)CC1)CCC3,7.009,9,6.967355105339109,1033
CC[C@H](O)CC(=O)N[C@H]1CC[C@H](CCN2CCN(c3nccc4c3CCO4)CC2)CC1,7.521,9,7.479528333333331,12
CC[C@@H](O)CC(=O)N[C@H]1CC[C@H](CCN2CCN(c3nccc4c3CCO4)CC2)CC1,7.378,2,7.532415977513221,12
Cc1ncoc1C(=O)Nc1ccc(OCCN2CCCC2)c(-c2c(C)noc2C)c1,7.851,5,7.91427626984127,1034
COc1cc2c(c(C(F)(F)F)c1)C(=O)N1CCNC[C@@H]21,6.195,4,6.637063555555555,184
Cn1ncc(Br)c1-c1cc(NC(=O)Nc2ccc(Cl)cc2)ccc1OC(F)(F)F,8.45,6,9.18710271212121,102
CC(C)c1cc2c(cc1NS(=O)(=O)c1ccc(-c3ccc(Cl)cc3)cc1)CCN(C)CC2,8.3,9,7.631759706349203,451
O=C(NCC1CC(F)(F)C1)c1ccc(C#Cc2ccccc2F)cc1,6.523,9,6.851754835978834,195
O=S(=O)(c1cccc2ncccc12)N1CCC[C@H]1CCN1CCN(c2nsc3ccccc23)CC1,7.8,8,7.655628119047619,1035
O=S(=O)(c1cccc2ncccc12)N1CCC[C@@H]1CCN1CCN(c2nsc3ccccc23)CC1,7.68,1,7.772102694444446,1035
CCSc1cc(OC)c(CC(C)N)nc1OC,7.492,7,7.133802189153437,353
O=C(N[C@H]1CC[C@H](CCN2CCC(c3cccc4c3CCO4)CC2)CC1)C1(O)CCC1,7.91,8,7.883647107022615,1036
CO[C@H]1CC[C@H](CC(=O)N[C@H]2CC[C@H](CCN3CCN(c4nccc5c4CCO5)CC3)CC2)CC1,7.828,10,7.586876265873019,1037
Cc1cc2c(cc1I)N(C(=O)Nc1cccnc1)CC2,7.2,10,6.699024645502647,447
O=c1ccc(OCCCN2CCC(c3noc4cc(F)ccc34)CC2)nn1-c1c(F)cccc1F,9.521,4,8.268180515873013,1038
O=C1c2cncnc2CCN1CCN1CCC(c2noc3ccccc23)CC1,8.12,9,8.133904335978833,713
CC1(C)CC(=O)N(CCCCN2CCN(c3cccc4sccc34)CC2)C(=O)C1,6.87,8,7.55200129028379,1039
O=S(=O)(c1cccc2cccnc12)N(CCCN1CCN(c2cccc(C(F)(F)F)c2)CC1)CC1CCCCC1,7.54,10,7.80629329497354,50
CNCc1cc(F)ccc1Oc1ccccc1,6.172,4,6.623359726190475,6
CCOc1ccc(-c2cc(Cl)cc3c2N2CCNCCC2C3)cc1,6.74,4,6.776379404761905,473
O=C1c2oc(C3CC3)nc2CCN1CCN1CCC(c2noc3ccccc23)CC1,8.4,8,8.190788999999999,1040
C[C@@H]1NC(NCC(F)F)=Nc2cccc(Cl)c21,6.309,9,7.153776396825396,1041
Cc1ccc(Oc2cc(Cl)ccc2O[C@H]2CCNC2)cc1,6.824,6,7.038287416666669,29
Cc1ccc(Oc2cc(Cl)ccc2O[C@@H]2CCNC2)cc1,6.921,1,6.9843049589947075,29
Cc1ccc(C2=CC(NC(C)(C)Cc3ccccc3)=NCCN2)cc1,8.62,8,7.46444693518518,848
CC(Sc1ccccc1Cl)c1nc(N)nc(N2CCN(C)CC2)n1,6.39,9,6.514483650793654,257
COc1ccc(-c2ccccc2)cc1C(=O)CCCCN1CCC2(CC1)NC(=O)NC2=O,9.0,4,6.969124158730161,1042
Cc1cccc(N2CCN(C[C@@H](O)CNC(=O)c3nc(C)n(-c4ccccc4)c3C)CC2)c1C,6.19,9,6.9178400537518066,101
Cc1cccc(N2CCN(CC(O)CNC(=O)c3nc(C)n(-c4ccccc4)c3C)CC2)c1C,6.61,9,6.9178400537518066,101
Cc1cccc(N2CCN(C[C@H](O)CNC(=O)c3nc(C)n(-c4ccccc4)c3C)CC2)c1C,7.14,10,6.4275711899951915,101
CC1(C)Cc2c(c3cccc4c3n2CCNC4)C(C)(C)C1,6.82,5,7.296481886243388,1043
N#Cc1cnn2ccc(OCCCCN3CCN(c4cccc(Cl)c4Cl)CC3)cc12,6.31,9,7.269535523809524,248
CN1CCC[C@@H]1Cc1c[nH]c2ccc(NS(=O)(=O)c3ccccc3Cl)cc12,6.43,7,6.5503304246031755,862
CN1CCCC1Cc1c[nH]c2ccc(NS(=O)(=O)c3ccccc3Cl)cc12,6.435,4,6.622478107142855,862
CC(C)COc1ccc(CCOC(=O)N(Cc2ccc(F)cc2)[C@@H]2CCN(C)C[C@@H]2F)cc1,7.8,7,7.6434478963166415,1044
CC(C)COc1ccc(CCOC(=O)N(Cc2ccc(F)cc2)[C@H]2CCN(C)C[C@H]2F)cc1,7.801,3,7.6581942696007745,1044
O=S(=O)(c1ccccc1-c1cccc2cccnc12)N1CCC(CCc2ccc(F)cc2F)CC1,8.68,4,8.134163167989412,1045
Cn1nccc1-c1cc(NC(=O)c2ccc(F)c(F)c2)ccc1OCCN1CCOCC1,8.389,4,8.231686785714277,262
CN1CCN(C2=Cn3cccc3Sc3ccccc32)CC1,8.96,5,7.561893289682541,1046
Cc1ccc(CCN2CCN(c3nsc4ccccc34)CC2)c2c1C(C)CC(=O)N2,9.89,1,9.455514845238094,94
CNCc1cc(OCc2cc(Cl)ccc2F)n(CCC(C)(C)CO)n1,8.23,7,8.56069972222222,364
COc1ccc(CCN2CC[C@H]3[C@@H](C2)c2cccc4c2N3CCN4C)cc1,6.9,7,7.356638996031742,415
O=C1CC(CN2CCC(C(=O)c3ccc(F)cc3)CC2)Cc2ccccc21,8.513,5,7.367513420634919,602
CCCc1nc(C(=O)NC[C@H](O)CN2CCN(c3cccc(Cl)c3Cl)CC2)cn1-c1ccc(Cl)cc1,6.58,8,7.049207240740736,101
CCCc1nc(C(=O)NCC(O)CN2CCN(c3cccc(Cl)c3Cl)CC2)cn1-c1ccc(Cl)cc1,6.75,8,7.049207240740736,101
CCN(CC)CCCOc1ccc(NC(=O)Nc2ccc(Cl)cc2)cc1-c1ccnn1C,9.26,6,8.960030309523802,102
CCCCC(=O)Oc1cccc2c1-c1cccc3c1[C@@H](C2)N(CCC)CC3,7.04,5,7.046861833333337,78
COc1cc(CCNCc2cccc3ccsc23)c(OC)cc1Br,8.77,4,8.55504557936508,1047
Cc1noc(C)c1-c1cc(NC(=O)c2ccccc2)ccc1OCCN1C[C@@H]2C[C@H]1CO2,8.194,9,8.07579416137566,1048
Cn1c(=O)c2c(nc3n2CCCCN3CCCN2CCN(c3cccc(Cl)c3)CC2)n(C)c1=O,6.48,1,6.637555277777776,387
c1ccc2oc(SCCCCCCN3CCN(c4nsc5ccccc45)CC3)nc2c1,7.89,5,7.813980436507941,1049
COc1c(Cl)ccc2c1C(=O)N1CCNC[C@@H]21,6.075,7,6.893149070105822,184
O=C(CCCN1CCN2c3cccc4scc(c34)CC2C1)c1ccc(F)cc1,6.495,5,7.522261309218555,1050
O=C(N[C@H]1CC[C@H](CCN2CCC(c3cccc4c3CCO4)CC2)CC1)c1ccc(C(F)(F)F)cc1,6.87,2,7.582629734126984,407
Cc1cc2c(cc1C(F)(F)F)N(C(=O)Nc1ccc(COc3ccccn3)nc1)CC2,7.0,6,6.417112023809529,1051
C=C[C@H]1CN2CCc3c([nH]c4cccc(OC)c34)[C@@H]2C[C@@H]1/C(=C\OC)C(=O)OC,6.09,3,6.744241969576719,1052
COc1ccccc1N1CCN(CCCCCCN2C(=O)c3ccccc3S2(=O)=O)CC1,6.12,4,6.3889074246031745,141
N#Cc1cccc(NC(=O)NCCCN2CCC(Cc3ccc(F)cc3)CC2)c1,6.779,9,6.9217352513227475,517
Cc1nc2n(c(=O)c1CCN1CCN(c3cccc4sccc34)CC1)CCC=C2,7.265,10,7.639475791005296,1053
N#Cc1ccc(C(=O)N[C@H]2CC[C@H](CCN3CCN(c4cccc5c4OCO5)CC3)CC2)cc1,7.66,6,7.841859674603173,1054
Fc1ccc(-c2nc(C3CCCC3)nc3c2CNCC3)cc1,8.659,2,7.821587265512275,1055
CN(C)[C@@H]1Cc2ccccc2[C@H](c2cccc(-c3ccco3)c2)C1,6.971,8,7.660555510582009,1056
CN(C)[C@H]1Cc2ccccc2[C@@H](c2cccc(-c3ccco3)c2)C1,7.721,3,7.211221015873019,1056
COc1cc(OC)cc(-n2c(C)nc(C(=O)NCCN3CCN(c4cccc(C)c4C)CC3)c2C)c1,7.012,8,7.150652253968253,769
COc1cc(F)c(CN(C(=O)Cc2ccc(OCC(C)C)cc2)C2CCN(C)CC2)c(F)c1,7.5,8,7.985860714285712,126
O=C1c2ncccc2CCN1CCN1CCC(c2noc3cc(F)c(F)cc23)CC1,7.37,1,7.4318363531745995,228
COc1cc2c(cc1Cl)CCNCC2C,7.0,9,7.353808132275132,39
O=C1c2cccc3cccc(c23)C(=O)N1CCCCCCN1CCN(c2nsc3ccccc23)CC1,7.278,5,7.480679305555556,1057
CCc1cc(C)c2c(c1)C[C@@H]1CNCCN1C2=O,6.341,6,6.4274217711640205,147
Cc1cccc(N2CCN(CCCNC(=O)c3cc(C(C)(C)C)n(C)c3C)CC2)c1C,6.41,10,6.873283896825396,1058
Cc1c(C(=O)NCCCN2CCN(c3ccc(F)cc3)CC2)cc(-c2ccccc2)n1C,7.66,9,7.291628888888891,13
Cc1ncnc(C)c1-c1cc(NC(=O)Cc2cncs2)ccc1OCCN1CCCC1,8.35,8,7.812915063492069,712
Clc1ccc2c(c1)N=C(NC1CCN(Cc3ccccc3)CC1)c1cccnc1O2,6.548,10,6.773010958994713,1059
Cc1cccc(N2CCN(CCCC(=O)NCn3nc(CC(N)=O)c4ccccc4c3=O)CC2)c1C,6.591,3,6.998550246031749,153
CO[C@H](C)CC(=O)N[C@H]1CC[C@H](CCN2CCC(c3noc4cc(Cl)ccc34)CC2)CC1,7.8,8,7.836101997354503,109
COC(C)CC(=O)N[C@H]1CC[C@H](CCN2CCC(c3noc4cc(Cl)ccc34)CC2)CC1,7.888,7,7.79484326984127,109
CO[C@@H](C)CC(=O)N[C@H]1CC[C@H](CCN2CCC(c3noc4cc(Cl)ccc34)CC2)CC1,7.8,4,7.843190244708999,109
COc1ccccc1N1CCN(CCOCCOc2cc(C)cc(C)c2C)CC1,6.1,8,6.387159162698417,1060
CN1CCC(=C2c3ccccc3C=Cc3ccccc32)CC1,9.01,10,6.871957415343913,1061
O=C(N[C@H]1CCN(Cc2ccccc2)C1)c1ccc(-c2cccs2)cc1,8.74,9,7.1421241521164,392
O=C(CCCN1CC[C@H]2[C@@H](C1)c1cccc3c1N2CCCS3)c1ccccc1,8.569,10,8.027018359788366,174
O=C1CN2c3c(cccc3[C@@H]3CN(CCCc4noc5cc(F)ccc45)CC[C@@H]32)N1,8.509,8,8.484621920634922,1062
COc1c2n(c3ccc(Cl)cc13)CCNC2,7.055,8,6.9545778478836,38
N#Cc1ccc(CCOC(=O)N2CCN(CCCC(c3ccc(F)cc3)c3ccc(F)cc3)CC2)cc1,6.148,4,6.762802429894181,1063
O=S(=O)(NCCCCN1CCN(c2nsc3ccccc23)CC1)c1cc2ccc(Cl)cc2s1,8.19,2,8.063003460317464,1064
COc1c(OCCOCCOCCOCCOc2ccc(C3CCN(c4ccn5c(CC6CC6)nnc5c4Cl)CC3)cc2)cccc1C(=O)C1CCN(CCc2ccc(F)cc2)CC1,7.008,8,6.7066751283068795,1065
Cc1nc(C(C)C)sc1C(=O)Nc1ccc(OC[C@H]2CCCCN2)c(-c2c(C)noc2C)c1,7.775,9,7.797463257936511,1066
O=S(=O)(c1ccccc1)c1cnc2c(N3CCNCC3)cccc2c1,7.59,10,7.122607388888891,1067
c1cc(N2CCN(CCc3ccc4ncsc4c3)CC2)c2ccsc2c1,7.99,1,7.699830556637811,1068
Cc1noc(C)c1-c1cc(NC(=O)c2ccccc2)ccc1OC1CNC1,8.159,8,7.945003507936502,1069
COc1ccc(S(=O)(=O)N(CCCN2CCN(c3ccccc3OC)CC2)CC2CCCCC2)cc1,7.789,4,7.2849716904762,1070
c1ccc2c(N3CCN(CCCCOc4ccc5c(c4)CNC5)CC3)cccc2c1,8.29,9,8.081762587301585,1071
C1=C(c2c[nH]c3cnccc23)CNCC1,6.82,10,6.978947317460318,1072
CC(=O)c1c(OCCCN2CCN(c3ccc([N+](=O)[O-])cc3)CC2)ccc2c(C)cc(=O)oc12,7.378,10,7.192171527777779,686
Cn1ncc2c1CCCC(CCN1CCC(c3noc4ccccc34)CC1)C2=O,9.12,1,8.577174849206358,1073
CC(C)c1ncc2c(=O)n(CCN3CCN(c4nsc5ccccc45)CC3)ccc2n1,8.22,8,8.527801246031753,1074
O=C(N[C@H]1CC[C@H](CCN2CCC(c3cccc4c3CCO4)CC2)CC1)c1ccc(-n2cccn2)cc1,7.561,10,7.471461277777771,1075
CC1CN(CCN2CCC(c3noc4ccccc34)CC2)C(=O)c2ccn(C)c21,9.06,6,8.594630613756609,1076
CN1C[C@@H](NS(=O)(=O)N(C)C)C[C@@H]2c3cccc4c3c(cn4C)C[C@H]21,7.7,2,6.900664848484853,1077
Cc1ccc(-n2nc(C(C)(C)C)cc2NC(=O)Nc2ccc(Oc3ccnc(Nc4ccc(O)cc4C)n3)c3ccccc23)cc1,7.444,7,7.14529191931217,64
Cc1cc2c(cn1)C(=O)N(CCN1CCC(c3noc4ccccc34)CC1)CC2,9.0,6,8.53585949603175,618
COc1ccccc1N1CCN(CCCCOc2ccn3ncc(C#N)c3c2)CC1,6.96,10,6.48167008730159,248
CCOc1cccc(-c2cc(Cl)cc3c2N2CCNCCC2C3)c1,6.631,8,6.942135821428571,473
CCCCCc1c(OC)cc(CC(C)N)cc1OC,6.733,3,7.338267158730161,188
Fc1ccc(CCN2CCC(CCOCC#Cc3ccccc3)CC2)cc1,7.071,5,7.401158953703704,1078
O=C1c2ccccc2CCCN1CCN1CCC(Oc2ccc(F)cc2)CC1,7.497,8,7.585301449735451,1079
CCOC(=O)c1ccc2on(C[C@@H]3C[C@H]4c5ccccc5Oc5ccc(Br)cc5[C@H]4O3)c2c1,7.01,9,6.867270780423279,1080
C[C@H]1C[C@H](NS(=O)(=O)c2ccc3cc(Cl)ccc3c2)CN1CCCc1noc2cc(F)ccc12,7.888,8,8.52448399470899,867
Cc1nc(CN(Cc2ccc3ccccc3c2)C2=NOC3(CCN(C)CC3)N2)co1,8.0,4,7.7457462632275185,1081
CC(C)n1ncc2c1CCN(CCN1CCC(c3noc4ccccc34)CC1)C2=O,8.232,5,8.54699412385763,1082
O=C1CCc2ccc(OCCCCN3CCN(c4cccc(C(F)(F)F)c4Cl)CC3)nc2N1,7.92,9,8.573446933862423,436
O=C(NC1CC1)c1ccnc(OCCCCN2CCC(c3noc4cc(F)ccc34)CC2)c1,7.27,3,7.603314408730162,1083
Cn1cc(Br)c(C(=O)N2CCN(CC(O)c3ccc(F)cc3)CC2)n1,6.432,9,7.641056522486779,63
Cc1ncnc(C)c1-c1cc(NC(=O)C2(F)CC2)ccc1OCCN1CCC1,8.583,10,7.9892042936507925,440
Oc1ccc(-c2ccc(CNCCc3c[nH]c4ccccc34)o2)cc1,6.758,2,6.996596400793653,481
COc1ccc(N2Cc3c(c4cccc(F)c4n3C)C2=O)cc1OCCN1CCC(C)CC1,6.6,8,6.610175691678688,696
CCn1ncc2c1CCN(CCN1CCN(c3nsc4ccccc34)CC1)C2=O,8.92,6,8.981132033910537,820
O=C1CCc2cc(OCCCCCCN3CCN(c4nsc5ccccc45)CC3)ccc2N1,7.7,1,7.305350373015877,1084
Cc1ccc2c(c1)c1c(n2CCc2ccc(C)nc2)CCN(C)C1,6.675,2,8.078593635040884,1085
CC(C)(C)Oc1ccc(C(=O)N[C@H]2CC[C@H](CCN3CCC(c4coc5ccccc45)CC3)CC2)cc1,8.26,5,8.240272260276752,55
O=C(C[C@H]1CC[C@H](O)CC1)N[C@H]1CC[C@H](CCN2CCN(c3nccc4occc34)CC2)CC1,8.06,8,8.181734638888889,1013
COc1ccc(CCN(CCCc2ccccc2Cl)CCc2ccc3c(c2)OCO3)cc1OC,7.37,6,7.007800387566138,47
c1ccc(CCNCC2c3ccccc3Cc3ccccc32)cc1,6.4,2,6.900334671957668,1086
COc1ccc(N2CC=C(c3cccc(C(F)(F)F)c3)C2=O)cc1OCCN1CCCCC1,6.1,5,6.272730760582019,766
CCN(CC)C(=O)N[C@H]1C[C@@H]2c3cccc4[nH]cc(c34)C[C@H]2N(C)C1,8.32,2,7.3196687037037025,1077
O=C(N[C@H]1CC[C@H](CCN2CCN(c3cccc4c3OCO4)CC2)CC1)c1ccnc2ccccc12,7.86,3,7.8663563095238125,1087
Cc1ncnc(C)c1-c1cc(NC(=O)c2cc(F)ccn2)ccc1OCCN1CCCC1,7.582,3,7.460690007936505,1088
Cc1ccc(CNC(=O)N(Cc2ccc(F)cn2)C2CCNCC23CC3)cc1,8.0,6,7.8917652817460295,213
CCCCCCOc1nsnc1C1=CCCN(C)C1,6.9,6,7.065862749999994,1089
CC(C)CNc1ccc(CNC(=O)N(Cc2ccc(F)cn2)[C@H]2CCNC[C@H]2F)cc1,9.071,4,7.867484797619051,225
CCn1c(-c2ccc(Cl)cc2)cc(C(=O)NCCCN2CCN(c3cccc(Cl)c3Cl)CC2)c1C,6.82,2,6.643030703703703,13
O=C1c2ccc(F)cc2C(=O)N1CCCCN1CCN(c2cccc3sccc23)CC1,6.593,4,6.917828427248678,382
C#CC(C)(C)c1cc(NC(=O)Nc2ccc(Oc3ccnc(Nc4cc(C)c5[nH]ncc5c4)n3)c3ccccc23)n(-c2ccc(C)cc2)n1,6.42,4,6.865961050264547,306
CC(C)c1ccccc1OCCN1CCC(N(CC2CC2)S(=O)(=O)c2cnn(C)c2)CC1,6.421,7,7.321964427008173,1090
COc1ccc(NC(=O)Nc2ccc(Br)cc2)cc1-c1c(Br)cnn1C,9.45,2,9.190042830687824,102
O=C(N[C@H]1CC[C@H](CCN2CCC(c3coc4ccccc34)CC2)CC1)c1ccc(C2CC2)cc1,8.67,3,8.115500000000003,1091
COc1ccc(Cc2c(N)nc(SCCN3CCN(Cc4ccccc4Cl)CC3)nc2N)cc1,8.242,9,7.822629515873016,475
O=CNc1cc(F)ccc1C(=O)CCCN1CC[C@H]2[C@@H](C1)c1cccc3c1N2CCCS3,7.048,8,8.243031866041369,174
O=C1[C@@H]2[C@H](C(=O)N1CCCCN1CCN(c3cccc4scnc34)CC1)[C@H]1C=C[C@@H]2C1,6.02,4,6.8243404960317395,1092
CC(C)n1cc2c(n1)CCN(CCN1CCN(c3nsc4ccccc34)CC1)C2=O,8.95,8,9.067136003968253,773
Cc1ncnc(C)c1-c1cc(NC(=O)C2CC2)ccc1OCCN1CCOCC1,8.28,8,7.680210080687833,462
Nc1ccc(C(=O)CCCN2CCN(c3ccccn3)CC2)cc1,6.767,1,6.598272425925926,675
CCN(CCN1CCC(c2c[nH]c3cc(F)ccc23)CC1)C(=O)[C@H](C)O,9.301,5,8.708600051587299,391
OC(CCc1ccccc1)CN1CCC2(CCc3cc(F)ccc3O2)CC1,7.51,7,7.706952598003853,1093
OC1(c2ccc(Cl)cc2)CCN(CCCOc2ccc(F)cc2)CC1,7.085,8,7.010710821428572,1094
CCCC(C)Oc1cc2c3c(c1OC)-c1cc(OC)c(OC)cc1C[C@@H]3N(C)CC2,6.611,3,6.62947385978836,78
CCC(C)C(=O)N[C@H]1CC[C@H](CCN2CCN(c3nccc4c3CCO4)CC2)CC1,7.88,3,7.844060666666666,12
O=C1COc2c(F)cc(CCCCN3CCN(c4cccc5sccc45)CC3)cc2N1,6.02,9,6.918454805555553,1095
N#Cc1ccc(C(=O)CCCN2CCc3ccccc3C2)cc1,7.64,2,6.9886650753968285,878
O=C1NCc2ccc(OCCCCN3CCN(c4cccc5cccc(F)c45)CC3)c(Cl)c21,8.948,2,8.209617764550263,190
Fc1ccc2c([C@@H]3CNCC[C@H]3F)c(C3CCCCC3)[nH]c2c1,9.6,4,9.212873484126977,1096
Fc1ccc2c(C3CNCC[C@H]3F)c(C3CCCCC3)[nH]c2c1,9.602,8,9.29381516618568,1096
Cn1ncc(Cl)c1-c1cc(NC(=O)c2cc(Br)cs2)ccc1OCCN,8.92,4,8.843305349206352,1097
COc1cc2c(cc1C(F)(F)F)N(C(=O)Nc1cncc(-c3ccc(F)cc3)c1)CC2,6.6,9,7.027707104497357,1098
O=C(Nc1cccnc1)N1CCc2cc(I)c(Cl)cc21,7.0,5,6.6566691904761885,447
COc1cc([N+](=O)[O-])c(OC)cc1CC(C)N,8.26,3,7.62158323148148,188
CC(=O)N[C@H]1CC[C@H](CCN2CCC(c3cccc4occc34)CC2)CC1,8.169,9,8.158420829365076,223
Cc1cccc2c1C(=O)N[C@H]1CNC[C@H]21,7.075,6,6.404654702380951,33
O=C1CCc2ccc(OCCCCN3CCCN(c4cccc(Cl)c4Cl)CC3)nc2N1,8.13,1,9.122627235449736,1099
CCCc1cc(OC)c(CC(N)CC)cc1OC,7.232,9,7.798309969336215,188
CC(N)Cn1ccc2c(F)cccc21,6.8,8,6.988385595238092,86
Clc1ccc2c(c1)N=C(NCCN1CCCCC1)c1cccnc1O2,6.001,7,7.0819075291005325,1100
O=C(c1ccc(F)cc1)C1CCN(CCc2ccccc2I)CC1,8.71,2,8.41885149206349,85
O=C1c2cccnc2CCN1CCN1CCN(c2noc3ccccc23)CC1,7.92,1,8.0282346521164,1101
CN1CCCC(c2c(-c3ccccc3)[nH]c3ccccc23)C1,8.33,4,7.9165979841269865,310
COc1ccc2c(n1)C(=O)N(CCN1CCC(c3noc4ccccc34)CC1)CC2,7.839,8,7.896998859788355,228
COc1ccc(CSC(=O)N(Cc2ccc(F)cc2F)C2CCN(C)CC2)cc1,7.6,2,7.740751496031744,1102
CC1CC(=O)Nc2c(CCN3CCN(c4n[s+]([O-])c5ccccc45)CC3)cc(F)cc21,8.651,9,7.407183780423282,1103
COc1cc(C2CCCNC2)c(OC)cc1C#N,6.115,7,6.839865821428572,111
COc1ccc(NC(=O)c2ccc(-c3ccc(-c4noc(C)n4)cc3C)cc2)cc1OCCN(C)C,7.375,3,7.428586269841271,196
CN(C)CCc1c[nH]c2sccc12,6.972,8,6.846021202861954,1104
O=C(c1cn2ccccc2n1)N1CCN(CCc2ccc(F)cc2F)CC1,8.37,5,8.550025137566138,453
CNCc1ccc(F)cc1Oc1ccc(Cl)c(Cl)c1,6.188,10,7.18733878006253,6
COc1ccc(N2CC=C(c3cccc(Cl)c3)C2=O)cc1OCCN1CCCCC1,6.2,4,6.165152873015869,766
COCC(=O)N[C@H]1CC[C@H](CCN2CCN(c3cccc4sccc34)CC2)CC1,9.018,10,8.741791723544974,828
COCCC(=O)N[C@H]1CC[C@H](CCN2CCN(c3nccc4occc34)CC2)CC1,8.09,4,8.132624428571432,80
CCCN(CCCCNC(=O)/C=C/c1ccc(F)cc1)C1Cc2ccccc2C1,7.05,4,6.72847281481481,1105
O=C1Cc2cc(CCN3CCC(c4cccc5sccc45)CC3)ccc2N1,7.94,2,7.297736141534395,1021
CCNC(=O)Nc1cc(F)ccc1C(=O)CCCN1CC[C@H]2[C@@H](C1)c1cccc3c1N2CCCS3,7.96,8,7.865658123977872,174
CC(C(=O)N1c2ccccc2Sc2ccccc21)c1ccccc1,6.75,7,6.804207968253968,1106
CC(=O)c1cccc(NC(=O)NCCCN2CCC(Cc3ccc(F)cc3)CC2)c1,6.712,1,6.930905261904754,517
N#Cc1ccc2[nH]cc(CCCN3CCN(c4cccc5sccc45)CC3)c2c1,6.09,9,7.025705047619042,351
COc1ccc2[nH]cc(CCN)c2c1,8.319,9,7.780862411375661,86
CN(CCc1c[nH]c2ccccc12)Cc1ccc(-c2ccccc2)o1,6.7,9,6.756955314814822,481
O=C1NCc2ccc(OCCCCN3CCN(c4cccc5c4COCC5)CC3)cc21,8.26,2,7.62726526455026,1107
O=C(NCCC(O)CN1CCN(c2cccc(Cl)c2Cl)CC1)c1ccc(-c2ccccn2)cc1,7.37,4,7.42406740873016,291
CN(C)CC1CC2c3ccccc3Cc3ccc(Cl)cc3N2O1,8.458,6,7.932817226190476,309
Cc1cnc(N2CCN(CC[C@H]3CC[C@H](NC(=O)CC4CCOCC4)CC3)CC2)c2ccoc12,7.93,10,8.0040317420635,1108
O=C(N[C@H]1CC[C@H](CCN2CCN(c3nccc4c3CCO4)CC2)CC1)c1ccc(N2CCS(=O)(=O)CC2)cc1,7.78,1,7.973370440836945,1109
O=C(NCCCCN1CCN(c2cccc(F)c2)CC1)c1n[nH]c2ccccc12,6.612,9,7.0668818492063545,103
O=C1CSc2ccc(CCN3CCN(c4cccc5sccc45)CC3)cc2N1,7.281,6,7.252727034391528,1110
Cc1cc2c(cc1C(F)(F)F)N(C(=O)Nc1ccc(OCc3ncccc3C)nc1)CC2,6.8,10,6.5813157328042315,1029
CC(=O)c1c(OCCCCN2CCN(c3ccc([N+](=O)[O-])cc3)CC2)ccc2c(C)cc(=O)oc12,6.81,9,7.188440067460308,83
Cc1nc2sccn2c(=O)c1CCN1CCC(=C(c2ccc(F)cc2)c2ccc(F)cc2)CC1,9.09,8,7.533802262265513,1111
COc1ccccc1N1CCN(CCCCC(=O)NCc2ccccc2-c2ccccc2Cl)CC1,6.32,2,6.9864897050264565,1112
Cn1ncc2c1CCCN(CCN1CCC(c3noc4ccccc34)CC1)C2=O,9.03,2,8.6303925,1113
CCCN(CC)CCc1c[nH]c2cc(Cl)c(F)cc12,6.04,9,6.713497313492057,86
O=C1NCN(c2ccccc2)C12CCN(CC1COc3ccccc3O1)CC2,6.15,3,6.794803884920636,1114
CC(C)(O)C(=O)N[C@H]1CC[C@H](CCN2CCN(c3cccc4c3OCO4)CC2)CC1,8.239,2,8.055881432539682,4
Cc1nc(C(=O)NCCCN2CCN(c3cccc(C)c3C)CC2)cc(C(C)(C)C)n1,6.34,2,6.765632424603172,30
CCNC(=O)c1cccc(OCCCCN2CCN(c3cccc(Cl)c3Cl)CC2)c1,6.172,8,6.805867219817223,479
Fc1ccc2cccc(N3CCN(CCCOc4ccc5c(c4)CNC5)CC3)c2c1,9.14,2,8.50908067592593,681
CC(C)COc1ccc(CNC(=O)N(Cc2ncc(F)cc2O)C2CCN(C)CC2)cc1,7.26,6,7.741279119047625,225
CCN(C)CCc1cccc2cccc(O)c12,7.39,5,7.063571939153438,676
O=C(N[C@H]1CC[C@H](CCN2CCN(c3nccc4c3CCO4)CC2)CC1)c1ccc(C(F)(F)F)cc1,7.73,2,7.6382888968253955,824
Cc1ccc2sc(S(=O)(=O)N[C@@H]3CCN(CCCc4noc5ccccc45)C3)cc2c1,9.23,5,8.88946115873016,842
Cc1ccc2sc(S(=O)(=O)N[C@H]3CCN(CCCc4noc5ccccc45)C3)cc2c1,8.878,8,9.052960563492057,842
CCCNCC(O)COc1ccccc1C(=O)CCc1ccccc1,6.455,7,6.9826875901875916,1115
CCc1cc2c(ccc3c(OC)nn(C[C@H](C)N)c32)o1,7.42,1,7.421835079365076,585
CC(=O)c1c(C)cc2oc(=O)cc(C)c2c1OCCCCN1CCN(c2ccc([N+](=O)[O-])cc2)CC1,7.34,6,7.283929242063497,1116
C=CCN(CC=C)CCc1c[nH]c2ccc(Br)cc12,6.32,6,6.882252203703703,86
CC(C)(NC1=NCCNC(c2ccc(F)cc2F)=C1)C1CCC1,8.85,9,8.229990305555562,1117
O=C(NC1CCC(CCN2CCC(c3coc4ccccc34)CC2)CC1)c1ccc2ncccc2c1,7.959,1,8.057972153439154,1118
CC1(O)CC(CNC(=O)c2ccc(C#Cc3ccccc3F)cc2)C1,6.523,3,6.809136501322751,195
COC1CN(CCOc2ccc(NC(=O)Nc3ccc(Cl)cc3)cc2-c2ccnn2C)C1,9.002,6,9.158765785714287,1119
CC1CC2(C)CC(=O)C1C1C(=O)N(OCCCN3CCN(c4ccccc4)CC3)C(=O)C12,6.52,6,6.463118124338626,299
COc1ccc2c(c1)C(=O)N1CCNC[C@H]1C2,7.2,6,6.299563503968253,147
Cc1nc(C(=O)NCCCN2CCN(c3cccc(Cl)c3Cl)CC2)c(C)n1-c1ccccc1,7.73,5,7.445340276334773,101
Cc1ccc2c(n1)C(=O)N(CCN1CCN(c3noc4ccccc34)CC1)CC2,7.07,3,8.047964015873012,876
c1ccc(-c2c3c(nn2C2CC2)CCNCC3)cc1,7.521,9,7.655581250000002,1120
COc1cccc(NC(=O)NCCCN2CCC(Cc3ccc(F)cc3)CC2)c1,6.65,6,7.172560470899475,517
Cn1nccc1-c1cc(NC(=O)Nc2ccc(F)cc2)ccc1OCCN1CCCCC1,9.078,9,8.929812411375663,90
CCN(CCN1CCC(c2noc3cc(F)ccc23)CC1)C(=O)CO,8.77,3,8.750012445767194,31
COc1ccccc1N1CCN(CCCc2cn(-c3ccn4nccc4c3)nn2)CC1,7.08,9,6.995267257936511,374
CCCN1CCc2cc3ccccc3n2CC1,7.251,9,7.071735293650792,548
CCCCCc1cc(OC)c(CCN)cc1OC,8.149,5,8.152446043650793,188
CC1CC(=O)c2c(N3CCN(C)CC3)cccc2N1S(=O)(=O)c1ccc2ccccc2c1,7.32,3,6.39929555387205,1121
O=S(=O)(NCCCCN1CCN(c2noc3ccccc23)CC1)c1cc2ccccc2s1,6.72,7,7.683382031746032,909
CCC1NCCc2c1[nH]c1ccc(O)cc21,6.71,2,6.7993980674603165,649
Cc1cc(C(=O)N2CCN(CC(=O)c3ccc(F)cc3)CC2)nn1C(C)(C)C,8.031,9,7.870947248677258,162
CCCn1c(-c2ccccc2)cc(C(=O)NCCCN2CCN(c3cccc(Cl)c3)CC2)c1C,6.719,7,6.692896853174608,13
C[C@H](N)Cn1ncc2ccc3sccc3c21,8.17,10,8.10545614021164,1122
CN1CCc2ccc(NS(=O)(=O)c3ccc(-c4ccc(F)c(Cl)c4)cc3)cc2CC1,7.3,4,7.044245011904759,451
COCc1ccnc2c1CC[C@@H]1CNCCN21,6.992,7,6.557032160052908,450
COc1cccc(N2CCN(CCCCNC(=O)c3ccccc3)CC2)n1,6.959,9,7.112983205026454,991
CCN(CCN1CCC(c2c[nH]c3cc(F)ccc23)CC1)C(=O)CCO,9.22,9,8.804609238095244,391
Cc1ccc2sc(S(=O)(=O)N[C@H]3CC[C@H](CCN4CCN(c5nsc6ccccc56)CC4)CC3)cc2c1,8.998,10,8.723489185185183,172
O=C(CC(F)(F)F)N[C@H]1CC[C@H](CCN2CCN(c3nccc4c3CCO4)CC2)CC1,7.96,7,7.754921804232804,12
COc1cc(CCN)cc(OC)c1SC(F)(F)F,7.365,6,6.763823620370371,188
O=C(CCCN1CCc2ccccc2C1)c1ccccc1,8.41,6,6.927740529100527,878
CCOC(=O)Nc1cc(F)ccc1C(=O)CCCN1CC[C@H]2[C@@H](C1)c1cccc3c1N2CCCS3,7.291,1,7.796199571428566,174
COc1cc2c(cc1C(F)(F)F)N(C(=O)Nc1cccc(-c3cccnc3)c1Cl)CC2,6.6,3,6.718809123015876,324
CC(C)Oc1ccc(COC(=O)N(Cc2ccc(F)cc2)[C@@H]2CCNC[C@@H]2F)cc1,10.0,6,9.77814965476191,74
CC(C)Oc1ccc(COC(=O)N(Cc2ccc(F)cc2)[C@H]2CCNC[C@H]2F)cc1,10.0,8,9.761738283068789,74
CCSc1cc2c(cc1F)CCN2C[C@H](C)N,6.99,3,7.192747226190474,872
COc1cccc(OC2CN(c3c4c(nc5ccnn35)CCNCC4)C2)c1,7.399,9,7.038648189153442,1123
COc1cccc(N2CCN(CCCCNC(=O)c3ccc4ccccc4n3)CC2)c1,7.16,2,7.0820475447330455,1124
CCN(CC)CCOC(=O)[C@@H](Cc1cccc2ccccc12)C[C@H]1CCCO1,6.83,6,6.867794511904767,1125
CCN(CC)CCOC(=O)C(Cc1cccc2ccccc12)CC1CCCO1,6.563,5,6.926496769841275,1125
CCN(CC)CCOC(=O)[C@@H](Cc1cccc2ccccc12)C[C@@H]1CCCO1,6.685,4,6.882939873015875,1125
Cc1nc2n(c(=O)c1CCN1CCC(c3noc4cc(F)ccc34)CC1)CCCC2F,7.6,9,8.236821981481476,292
N#Cc1ccc(C(=O)N[C@H]2CC[C@H](CCN3CCN(c4nsc5ccccc45)CC3)CC2)o1,8.989,5,8.843951240740742,1
CC(C)COc1ccc(CNC(=O)N(Cc2ncc(F)cn2)C2CCN(C)CC2)cc1,7.988,5,7.776677984126986,1126
Cc1c(Cl)cccc1N1CCN(CC(O)CNC(=O)c2nc(C)n(C3CCCC3)c2C)CC1,7.01,4,6.881682800264554,510
Cc1ncsc1CCN1CCN(c2cccc3sccc23)CC1,7.303,3,7.316905968253973,1127
Cc1cccc(N2CCN(CCCNC(=O)c3nc(C)n(-c4ccc(F)cc4)c3C)CC2)c1C,6.93,4,7.334199074074072,101
Cc1ncnc(C)c1-c1cc(NC(=O)c2c(F)cnn2C)ccc1OCCN1CCC1,8.303,3,8.139452945767191,388
O=C1c2ccc(F)cc2CC1CCN1CCCN(c2ccccn2)CC1,7.23,3,7.367740678571432,971
Fc1ccc2c(C3CCN(CCCOc4ccc(CN5CCOCC5)c(F)c4)CC3)noc2c1,8.282,2,8.181667965608467,226
Cn1nccc1-c1cc(NC(=O)Nc2ccc(Cl)cc2)ccc1OCCN1CCCCC1,9.39,4,9.300090494708993,90
O=S(=O)(c1ccc(C(F)(F)F)cc1)N(CCCN1CCN(c2ccccc2)CC1)CC1CC1,7.15,4,7.162320333333335,969
CNCc1cc(OCc2cc(Cl)ccc2F)n(C(C)C2CCCCC2)n1,8.852,6,8.619478787037046,91
COc1ccc(S(=O)(=O)N(CCCN2CCN(c3ccccc3)CC2)CC2CC2)cc1,6.87,5,6.965750772486775,969
CC(C)COc1ccc(CNC(=O)N(Cc2ncco2)C2CCN(C)CC2)cc1,7.0,3,7.497295900793658,1128
CN1CCN(C2=Cc3ccccc3Cn3cccc32)CC1,8.269,3,7.315398490740736,1129
Cc1cc(C(=O)N2CCN(CC(=O)c3ccc(F)cc3)CC2)nn1-c1ccccc1,7.959,8,7.9514260066137545,1130
Fc1ccc(Nc2nc(N3CCN(c4ccccc4)CC3)nc3[nH]ncc23)cc1,7.57,5,7.22714353571429,1016
CCN(CC)C(=O)[C@@H]1C=C2c3cccc4[nH]cc(c34)C[C@H]2N(Cc2cccc(OC)c2)C1,8.467,2,7.684452865079362,142
COc1cc(C(F)(F)F)c(OC)cc1[C@@H]1CCCN(C)C1,6.41,10,6.945552116402116,111
Cc1cccc(CN(Cc2ccc(OCC(C)C)cc2)C2=NOC3(CCN(C)CC3)N2)n1,7.26,5,7.882708841269843,1131
NC[C@H]1C[C@]1(F)c1cccc(Cl)c1,7.639,7,6.907199284391531,69
CCCN(C)CCc1c[nH]c2ccc(F)cc12,6.719,2,6.591638960317465,86
O=C(NC1CCNCC1)c1ccn(S(=O)(=O)c2cccc(Cl)c2)c1-c1cccc(F)c1,4.97,8,7.4878968875661345,1132
O=C1c2ncccc2CCN1CCN1CCN(c2noc3ccccc23)CC1,7.833,5,8.002746708994707,876
COc1ccc(N2Cc3c(c4ccccc4n3C)C2=O)cc1OCCN1CCCCC1,6.3,9,6.351682929773928,696
Cc1ncnc(C)c1-c1cc(NC(=O)c2ccc(C#N)cc2)ccc1OCCN1CCC1,7.863,2,8.295598752645503,678
COc1c(OCCOCCOCCOCCOCCOCCOCCOCCOc2ccc(C3CCN(c4ccn5c(CC6CC6)nnc5c4Cl)CC3)cc2)cccc1C(=O)C1CCN(CCc2ccc(F)cc2)CC1,6.797,3,6.69383402777778,1133
COc1ccc2c(c1)c(CN1CCN(C)CC1)cn2S(=O)(=O)c1ccc(C(C)C)cc1,6.264,6,6.59513092724868,804
Cc1ccc(N2CCN(CCCCc3ccc(F)cc3)CC2)nc1,6.86,7,7.491357246031742,859
C=C(F)COc1ccc2occc2c1[C@H]1C[C@@H]1CN,6.45,5,6.673321305555555,1134
O=C(N[C@H]1CC[C@H](CCN2CCN3c4cccc5scc(c45)CC3C2)CC1)N1CCCCC1,6.347,6,6.9513557526455045,1135
Fc1cccc2c([C@@H]3CNCC[C@H]3F)c(-c3ccccc3)[nH]c12,9.34,6,8.324128026575275,310
Clc1ccc(-c2ccc(CCCNc3ccc(CN4CCCCC4)cc3)cc2)cc1,6.17,2,6.750951767195767,1136
COc1ccc2[nH]cc(CCNCCCCc3ccccc3)c2c1,7.775,2,7.3225029920634945,1137
COc1ccccc1N1CCN(CCCCNC(=O)c2cc3ccccc3s2)CC1,6.92,8,6.783239347883598,432
CCCCC/C=C\C/C=C\CCCCCCCC(=O)Oc1cccc2[nH]cc(CCN(C)C)c12,6.289,2,6.728482297378548,86
Cc1ccccc1C(=O)Nc1ccc(OCCN2CCCC2)c(-c2c(C)ncnc2C)c1,7.686,10,8.017312301587301,499
O=C1CCc2cccc(CCN3CCN(c4nsc5ccccc45)CC3)c2N1,9.551,6,9.581416904761902,94
CC(C)COc1ccc(CN(Cc2ccc(F)cn2)C(=O)N[C@@H]2CCNC[C@@H]2F)cc1,7.26,5,7.970552702380951,43
O=c1ccc(-c2ccc(S(=O)(=O)Nc3cccc4c3CCCC4)s2)n[nH]1,4.57,6,6.853135293650795,1138
CNCc1cc(OCc2ccc(F)cc2Cl)n(CC2CCCCC2)n1,9.282,2,8.793179649470893,91
O=S(=O)(N[C@H]1CCN(CCCc2noc3ccccc23)C1)c1ccc(F)c(Cl)c1,8.189,7,8.317897563492057,158
O=S(=O)(N[C@@H]1CCN(CCCc2noc3ccccc23)C1)c1ccc(F)c(Cl)c1,8.28,9,8.247971719576723,158
CNCc1ccc(Cl)cc1Oc1ccc(Cl)c(Cl)c1,7.05,9,7.095088398148144,6
CC(C)(C)c1ccc2c(c1Cl)CCN2C(=O)Nc1cccnc1,6.2,1,6.776880734126989,447
O=C1c2cnc(OC3COC3)cc2CCN1CCN1CCN(c2nsc3ccccc23)CC1,8.721,1,8.75639447222222,1139
Cc1cc2occc2c(N2CCN(CC[C@H]3CC[C@H](NC(=O)CC4CCOCC4)CC3)CC2)n1,7.12,10,7.5234758015873044,1108
O=C1NCc2cc(F)c(OCCCCN3CCN(c4cccc5cc(F)ccc45)CC3)cc21,7.86,5,7.919428526455026,190
COc1ccc(N2CC=C(c3ccc(Cl)c(Cl)c3)C2=O)cc1OCCN1CCC(C)CC1,6.1,6,6.3269045873015894,766
Cc1ccccc1-c1cccc2c1N1CCNCCC1C2,6.831,3,7.0598223558201045,473
CCCOc1ccc(CNC(=O)N(Cc2ccn(C)c2)[C@H]2CCNC[C@H]2F)cc1,9.323,5,7.592050646825401,169
CCc1cc(Cl)c(OC)c(N2CCN(CCCCNC(=O)c3cc4ccccc4[nH]3)CC2)c1,7.221,8,7.126434158730162,549
Cc1cccc(N2CCN(CCCC(=O)NCn3nc(CC(N)=O)c4ccc(F)cc4c3=O)CC2)c1C,6.8,3,6.933641017195772,153
O=S(=O)(NCCCCN1CCN(c2noc3ccccc23)CC1)c1cnc2ccccn12,7.89,3,7.377747472222225,1140
CNCc1cc(OCc2cc(F)ccc2F)n(CC2CC3CCC2C3)n1,9.12,4,8.690453726190471,688
O=C1c2cc(C(F)(F)F)ccc2C[C@@H]2CNCCN12,6.972,6,6.720066821428571,147
O=C(c1nc2ccccn2c1Br)N1CCN(CCc2ccc(F)cc2F)CC1,8.72,2,8.891910629629631,453
C[C@H]1CN(CC[C@H]2CC[C@H](NC(=O)c3ccco3)CC2)CCc2ccc(Cl)cc21,7.112,4,7.769253144540641,1141
CNC(=O)c1cc(OCCCCN2CCC(c3noc4cc(F)ccc34)CC2)ccc1F,7.82,4,7.4240700476190495,634
CCCCCOc1ccc2c(c1)Cc1ccccc1C2CN,7.64,10,7.6384688783068775,151
O=C(N[C@H]1CC[C@H](CCN2CCC(c3noc4ccc(F)cc34)CC2)CC1)c1ccc(N2CCS(=O)(=O)CC2)cc1,7.91,7,7.772474702380951,1142
[C][C][C]c1c([C]Oc2ccc([C]=NN=C([N])[N])c(O[C])c2)ccc(C(=O)[C][C])c1[O],6.606,5,6.547631337301591,1143
CCCC(=O)N[C@H]1CC[C@H](CCN2CCN(c3nsc4ccccc34)CC2)CC1,9.06,6,9.198151824074067,328
CC(=O)c1cccc(NC(=O)Nc2ccc(OCCN3CCCCC3)c(-c3ccnn3C)c2)c1,7.842,5,8.759993063492061,90
CN1CCC(N(Cc2ccc(F)cn2)C(=O)NCc2ccc(OCC(C)(C)F)cc2)CC1,8.27,6,8.226561414021159,225
CC(NC(=O)c1ccc(C#Cc2ccccc2F)cc1)C1CCOCC1,6.523,1,6.904187420634912,590
CC(C)n1nc(C(=O)NCC2CCN(CCc3ccccc3)CC2)c2ccccc21,7.5,6,7.281326833333344,692
O=C1c2ncccc2CCN1CCN1CCC(c2noc3cccc(F)c23)CC1,6.761,9,7.746623800264551,228
COc1cccc2[nH]cc(C3=CCCN(C)C3)c12,7.22,1,7.034629584656082,564
CN1CCN2c3c(cccc31)[C@@H]1CN(CCCC(=O)c3ccccc3)CC[C@@H]12,8.238,1,7.758645757936504,166
CC(C)c1cc2c(ccc3cnn(C[C@H](C)N)c32)o1,7.06,8,7.650837579365076,585
CCCOc1ccc(CNC(=O)N(Cc2ccc(F)cn2)C2CCN(C)CC2)cc1,8.0,6,8.235633158730154,225
CN1CCN(c2nc(N)nc(C(C)(C)Oc3ccccc3Cl)n2)CC1,6.241,1,6.433959640211644,349
Cn1ccc2c1CCN(CCN1CCC(c3noc4ccccc34)CC1)C2=O,8.959,2,8.461454256493504,1076
COc1ccc(Nc2nc(N3CCN(c4ccc(F)cc4)CC3)nc3[nH]ncc23)cc1,6.16,7,7.000384944444445,1016
CC(=O)Nc1ccc(OCCCN2CCN(c3cccc(C(F)(F)F)c3)CC2)cc1,6.35,10,6.723560359788362,294
Cc1noc(C)c1-c1cc(NC(=O)c2ccncc2)ccc1OCCN1CCCC1,6.924,5,8.045274705026463,1144
Cn1nccc1-c1cc(NC(=O)Nc2cccc(Cl)c2)ccc1OCCN1CCCCC1,9.48,9,8.889986780423273,90
Cc1cccc(S(=O)(=O)NCCN2CCC(c3noc4cc(F)ccc34)CC2)c1,8.458,6,8.608232858465607,1145
CC(C)NC(=O)N(C1CCCCCCC1)C1CCN(CCCOc2ccc(F)cc2)CC1,7.1,1,7.724093298941799,1146
Cc1ccc(Cl)c([C@H]2C[C@@H]2CN)c1F,6.481,4,6.500649869047618,69
CN(C)c1ccc2c(c1)-c1cccc3c1C(C2)N(C)CC3,6.249,10,6.870627965608464,78
CCN(CCN1CCC(c2noc3cc(F)ccc23)CC1)C(=O)C(C)(C)O,9.098,6,8.939160222222228,31
COc1cc(SCCCCCF)c(OC)cc1CCN,8.672,3,7.9190859960317415,188
CCC(Oc1cccc(Cl)c1F)c1nc(N)nc(N2CCN(C)CC2)n1,6.68,2,6.594773936147193,349
O=S(=O)(NCCCN1CCN(c2nsc3ccccc23)CC1)c1cccs1,8.04,3,8.58040537037038,1147
Cc1cc2c(cc1C(F)(F)F)N(C(=O)Nc1ccc(OCc3ccccn3)nc1)CC2,6.2,5,6.682790138888888,1029
CCSc1cc(OC)c(CC(N)CC)cc1OC,7.223,4,7.508335091269845,188
CSc1ccc2c(c1)N(CCC1CCCCN1C)c1ccccc1S2,8.36,6,7.528434693121692,1148
OC(c1ccc(F)cc1)C1CCN(CCc2ccc(F)cc2)CC1,8.789,6,7.743374616402121,11
COc1ccc(-n2c(C)nc(C(=O)NCCCN3CCN(c4cccc(Cl)c4Cl)CC3)c2C)cc1,7.7,5,7.637576968253972,101
Cc1nc2n(c(=O)c1CCN1CCN(c3cccc4c3OC(F)(F)O4)CC1)CCCC2,6.48,7,6.860268316137567,1149
CC1CC2(C)CC(=O)C1C1C(=O)N(CCCCN3CCN(c4ccccc4)CC3)C(=O)C12,6.74,5,6.584007948412694,558
CCc1c(C)[nH]c2c1C(=O)C(CN1CCOCC1)CC2,6.495,4,7.116651123015877,1150
O=C1N(c2ccc(OCCN3CCCCC3)nc2)CCN1c1ccc(Cl)c(Cl)c1,6.0,2,6.809646256854259,1151
Cc1cc2c(c(C(F)(F)F)c1)C(=O)N1CCNC[C@@H]21,6.515,4,6.607049046296293,184
CC(C)(O)CC(=O)N[C@H]1CC[C@H](CCN2CCN(c3nccc4c3CCO4)CC2)CC1,7.6,6,7.691997617724865,12
Clc1ccc(N2CCN(CCCc3nc4ccccc4s3)CC2)cc1,7.442,4,6.604600882275135,1152
Cc1c2n(c3ccccc13)CCNCC2,7.92,4,7.375485328042334,548
CN1CCN(c2nc3c(c(Nc4ccc(F)cc4)n2)CCNCC3)CC1,6.745,1,6.865386666666663,1153
O=C(N[C@H]1CC[C@H](CCN2CCC(c3cccc4c3CCO4)CC2)CC1)C(F)(F)F,7.259,5,7.412589230158724,224
COc1ccc(F)cc1C1CC1CNCc1sccc1OC,6.83,6,6.570782809523812,1154
Cc1cnc(N2CCN(CC[C@H]3CC[C@H](NC(=O)C4CCOCC4)CC3)CC2)c2c1OCC2,7.708,4,7.576136302910054,999
c1cc2c3c(c1)c1c(n3CCO2)CCNCC1,8.389,8,7.154512756613755,1155
CC(C)n1nc2c(c1-c1ccc(C(F)(F)F)cc1)CCNCC2,8.699,4,8.07585963492064,67
CN(C)CCSc1nc2ccccc2s1,6.0,9,6.739985961640212,1156
Clc1ccc2c(c1)N=C(N1CCN(CCc3ccccc3)CC1)c1cccnc1O2,6.747,6,7.236718355820103,1157
Cn1ncc(Br)c1-c1cc(NC(=O)Nc2ccc(Cl)cc2)ccc1OCc1ccccc1,8.134,10,8.219209669312171,1158
CCOC(=O)Cc1nn(CNC(=O)CCCN2CCN(c3cccc(C)c3C)CC2)c(=O)c2c(F)cccc12,6.981,10,7.066893912698412,153
COc1ccc(N2Cc3ccc(Cl)c(Cl)c3C2=O)cc1OCCN1CCC(C)CC1,6.3,1,6.330613753968259,71
Cc1ncnc(C)c1-c1cc(NC(=O)c2cncc(F)c2)ccc1OCCN1CCCC1,7.355,1,7.5745496547619044,1159
COc1ccc(Nc2nccc(Oc3ccc(NC(=O)Nc4cc(C(C)(C)C)nn4-c4ccc(C)cc4)c4ccccc34)n2)cc1OC,6.979,1,6.861533281746033,64
CCS(=O)(=O)N[C@H]1CC[C@H](CCN2CCN(c3nccc4occc34)CC2)CC1,8.07,5,8.111906966931215,80
CNCc1cc(OCc2cc(F)c(F)cc2F)n(Cc2ccc(C)cc2)n1,8.62,9,8.528848126984125,253
CN(C)/C=N/N=C/c1cn(S(=O)(=O)c2ccccc2)c2cccc([N+](=O)[O-])c12,6.481,4,6.519623043650797,425
NC(=O)C1CCN(c2c(S(=O)(=O)c3ccccc3)cnc3ccc(Cl)cc23)CC1,4.83,7,6.768369777777778,1160
O=C(c1cc2ncccn2n1)N1CCN(CCc2ccc(F)cc2F)CC1,8.25,8,8.458475729677735,1161
COC(COc1ccc(Cl)cc1OC1CNC1)c1ccccc1,8.097,9,7.550230260582013,242
c1ccc(-c2c3c(nn2C2CCC2)CCNCC3)cc1,8.52,4,7.567091515873019,1162
O=C1c2ccccc2CCCN1CCN1CCC(n2c(O)nc3cc(F)ccc32)CC1,6.52,7,7.442020916666668,1163
CO[C@H]1CC[C@H](CC(=O)N[C@H]2CC[C@H](CCN3CCN(c4cccc5c4OCO5)CC3)CC2)CC1,7.528,1,7.505559195767197,749
Cc1ncnc(C)c1-c1cc(NC(=O)C2CC2)ccc1OC[C@H]1CCCN1,7.524,8,7.7207811587301585,1164
Cc1noc(C)c1-c1cc(NC(=O)C2CC2)ccc1OCC1CCN1,7.319,5,7.47237883994709,1165
O=C(c1cnn2ccccc12)N1CCN(CCc2ccc(F)cc2F)CC1,8.742,5,8.475594423280418,1166
CC[C@@H](CO)NC(=O)[C@@H]1C=C2c3cccc4c3c(cn4C)C[C@H]2N(C)C1,8.21,9,8.306426626984125,53
Oc1cc(Cl)ccc1C1NCCc2c1[nH]c1ccc(F)cc21,6.64,1,7.050036051282048,44
CCCCC(Oc1cccc(Cl)c1Cl)c1nc(N)nc(N2CCN(C)CC2)n1,6.33,7,6.673662857142858,349
CC(C)Oc1ccc(COC(=O)Oc2ccc([N+](=O)[O-])cc2)cc1,10.8,2,6.956027473544973,1167
O=C(CC1COC1)N[C@H]1CC[C@H](CCN2CCN(c3nccc4c3CCO4)CC2)CC1,7.959,2,7.757722230278979,1168
CN(C)C(=O)N[C@H]1CC[C@H](CCN2CCN(c3cccc(Cl)c3Cl)CC2)CC1,7.64,1,7.5815836058201,401
CN(C)C(=O)NC1CCC(CCN2CCN(c3cccc(Cl)c3Cl)CC2)CC1,7.697,9,7.518340342592592,401
CC(C)Oc1ccc(COC(=O)N(Cc2ccc(Cl)cc2F)C2CCN(C)CC2)cc1,9.3,2,8.449824145502644,74
O=C1NCc2ccc(OCCCCN3CCN(c4cccc5cc(F)ccc45)CC3)c(F)c21,8.511,2,8.22686275661376,190
Cc1nc2n(c(=O)c1CCN1CCN(c3nsc4ccccc34)CC1)CCCC2F,7.05,8,7.948094892857137,1169
CCCc1ccc2c(c1)C[C@@H]1CNCCN1C2=O,6.56,8,6.732861261904766,147
Cc1ncnc(C)c1-c1cc(NC(=O)CCc2ccn(C)n2)ccc1OCCN1CCCC1,7.287,6,7.04023275,1170
COc1ccccc1N1CCN(CCCCCNC(=O)c2cnn3ccccc23)CC1,6.89,7,6.653378791005296,1171
O=S(=O)(NCCCCN1CCC(c2noc3cc(F)ccc23)CC1)c1ccc(OC(F)(F)F)cc1,8.442,8,8.229522158609903,274
CCCC(=O)N[C@H]1CC[C@H](CCN2CCN(c3cccc4c3OCO4)CC2)CC1,7.55,3,7.679861575396829,4
CC1(C)OC[C@H](CC(=O)N[C@H]2CC[C@H](CCN3CCC(c4noc5cc(Cl)ccc45)CC3)CC2)O1,7.6,3,7.919759148148151,1172
Cn1cnc2c1C(=O)N(CCN1CCN(c3nsc4ccccc34)CC1)CC2,9.96,7,8.685892662698421,1173
CC(C)COc1ccc(CNC(=O)N(Cc2ccc(F)cc2)[C@H]2CCN(C)CC23CC3)cc1,9.242,8,7.763739551587299,1174
O=C1Nc2ccc(Cl)cc2C1(c1c[nH]c2ccccc12)c1c[nH]c2ccccc12,4.77,6,6.203847119047617,1175
O=C1c2cn[nH]c2CCCN1CCN1CCC(c2noc3ccccc23)CC1,8.57,9,8.849691944444432,1113
COc1cccc(N2CCN(CCCCCCN3C(=O)c4cccc5cccc(c45)C3=O)CC2)c1,6.48,10,5.84968818783069,1176
CC(=O)Nc1ccc(CCCCN2CCN(c3ccccn3)CC2)cc1,6.435,2,6.840821756613755,859
O=S(=O)(CC1CCN(CCCc2noc3cc(F)ccc23)C1)c1cccc(C(F)(F)F)c1,8.526,8,8.5556189484127,381
CC1CNCCc2ccc(Br)cc21,6.298,1,6.950538810846562,39
COc1ccccc1CCNCC1CC1c1cc(F)ccc1OC,6.51,5,7.025040908730152,1177
O=C(N[C@H]1C[C@H](CCN2CCN(c3cccc(Cl)c3Cl)CC2)C1)c1ccno1,9.009,10,8.152260956349206,413
O=S(=O)(CC1CCN(CCCc2noc3cc(F)ccc23)C1)c1ccc(F)c(F)c1,7.888,5,8.323244861111112,381
CN(C)CCC=C1c2ccccc2CCc2ccccc21,8.09,2,7.385296900793655,1178
O=C(NC[C@H]1C[C@@H]1CN1CCN(c2cccc(Cl)c2Cl)CC1)c1ccc(-c2ccccn2)cc1,7.33,9,6.554176904761911,1179
O=C(NC[C@H]1C[C@H]1CN1CCN(c2cccc(Cl)c2Cl)CC1)c1ccc(-c2ccccn2)cc1,6.05,5,7.254528620370367,1179
CNCc1cc(OCc2ccccc2)n(CC2CCCCC2)n1,8.564,4,8.475737785714289,91
Cc1ccc(CCn2c3c(c4cc(C)ccc42)CN(C)CC3)cc1,8.96,6,7.900654892857145,936
Cc1n[nH]c(C)c1S(=O)(=O)N1CCC(=C(C#N)c2ccc(OC(F)(F)F)cc2)CC1,6.824,1,6.522826981481479,812
Fc1ccc(-c2c3c(nn2C2CCC2)CCNCC3)cc1,9.0,9,8.028089597883598,1162
O=C(NCCC(O)CN1CCN(c2cccc3ccccc23)CC1)c1cnc2ccccc2c1,8.62,2,7.7038268399470935,1180
CC(C)COc1ccc(CN(Cc2cnn(C)c2)C2=NOC3(CCN(C)CC3)N2)cc1,7.26,1,7.659837468253971,1181
COc1ccc(N2Cc3c(c4cc(F)ccc4n3C)C2=O)cc1OCCN1CCC(C)CC1,6.801,5,6.7234788624338595,696
O=C(c1ccc(Cl)cc1)N1CCN(CCN2CCC3(C2)C(=O)Nc2ccccc23)CC1,4.76,2,6.366771411375661,1182
Cc1cc(C(=O)N2CCN(CC(=O)c3ccc(F)cc3)CC2)n[nH]1,7.44,8,7.658603865079362,162
CC1CC(=O)Nc2c(CCN3CCN(c4nsc5ccccc45)CC3)cccc21,9.659,8,9.701615555555557,94
COc1cc(C2CCCNC2)c(OC)cc1SC,7.165,8,6.7278967037037045,111
CC(=O)OC(CCNC(=O)c1ccc(-c2ccccn2)cc1)CN1CCN(c2cccc(Cl)c2Cl)CC1,7.051,5,7.183895769841267,291
O=C(NCc1ccc(OC(F)F)cc1)N(Cc1ccc(F)cn1)[C@@H]1CCNC[C@@H]1F,8.0,10,8.10957632539682,225
O=C(N[C@H]1CC[C@H](CCN2CCC(c3cccc4c3OCO4)CC2)CC1)c1ccccc1,8.29,9,7.74746489417989,573
C[C@@H]1CNCCc2cc(Cl)c(Cl)cc21,7.0,4,7.340372017195767,39
CC1CNCCc2cc(Cl)c(Cl)cc21,7.75,1,7.362599099206348,39
C[C@H]1CNCCc2cc(Cl)c(Cl)cc21,8.0,4,7.340372017195767,39
O=C1c2cnccc2CCN1CCN1CCC(c2noc3ccccc23)CC1,8.078,7,8.63744488492063,618
CCN(C)CCc1c[nH]c2c(Br)cc(F)cc12,6.42,10,7.441742329365082,86
O=C(N[C@H]1CC[C@H](CCN2CCC(c3cccc4c3CCO4)CC2)CC1)c1ccccc1,7.94,7,7.545976167989422,407
O=S(=O)(c1ccc2ccccc2c1)N(CCCN1CCN(c2cccc(C(F)(F)F)c2)CC1)CC1CC1,6.66,9,7.5415623333333315,1183
Cc1cccc2c1Cc1ccccc1C1CC(CN(C)C)ON21,7.04,5,7.613973561808552,309
CN(C)C[C@H]1C[C@H]2c3ccccc3Oc3ccccc3[C@@H]2O1,7.038,5,7.415237528739775,697
CN(C)CC1C[C@@H]2c3ccccc3Oc3ccccc3[C@H]2O1,7.43,8,7.302815679172684,697
CN(C)CC1C[C@H]2c3ccccc3Oc3ccccc3[C@H]2O1,7.031,9,7.408574603054353,697
CN(C)CC1CC2c3ccccc3Oc3ccccc3C2O1,7.8,6,7.194114654761905,697
CCCOc1ccc(CNC(=O)N(Cc2ccn(C)n2)[C@H]2CCNC[C@H]2F)cc1,8.0,4,8.188084611111107,589
O=C1CC(CN2CCC(C(=O)c3ccc(F)cc3)CC2)Cc2oc(-c3ccccc3)cc21,7.76,6,7.33886257936508,1184
CCCc1ccc(CCN)c(OC)c1,6.708,7,6.918831757936508,188
COc1cccc(N2CCN(CCCCNC(=O)c3cccc(C)n3)CC2)c1,6.622,2,6.7623761177248705,176
CNCc1cc(OCc2ccccc2C#N)n(CC2CCCC2)n1,8.569,8,8.140848753968262,279
O[C@@H]1CCCN(Cc2ccc(OCCCc3ccc(-c4ccc(Cl)cc4)nn3)cc2)C1,6.22,4,6.921340816498319,1185
CNCc1ccc(Cl)cc1Oc1ccc(F)c(C)c1,7.48,3,7.845668293650792,6
O=S1(=O)c2cccc3cccc(c23)N1CCCCCCN1CCN(c2ccccc2Cl)CC1,6.261,3,6.585290130952379,45
CCCC(=O)NC1CCc2cc(CCN3CCN(c4nsc5ccccc45)CC3)ccc21,9.3,3,9.40685755820106,26
O=C(CCCN1CCCN(c2ccc(Cl)cn2)CC1)c1ccc(F)cc1,8.05,7,7.458146944444443,1186
O=S(=O)(c1ccccc1)n1cc(Cl)c2cc3c(cc21)CCNCC3,7.6,2,6.708369382876385,1187
O=C1[C@@H]2[C@H](C(=O)N1CCCCN1CCN(c3cccc4sccc34)CC1)[C@H]1C=C[C@@H]2C1,7.606,3,6.96634716269841,1188
O=C(N[C@H]1CC[C@H](CCN2CCN(c3nccc4c3CCO4)CC2)CC1)c1ccc(Cl)cc1Cl,7.66,7,7.650567720899471,824
O=C1c2c(Br)n[nH]c2CCN1CCN1CCC(c2noc3ccccc23)CC1,9.389,2,8.740158017316011,1082
O=S(=O)(N[C@H]1CC[C@H](CCN2CCN(c3nsc4ccccc34)CC2)CC1)c1cc2ccccc2o1,8.605,6,8.670086261904764,1189
O=S(=O)(N[C@H]1CC[C@@H](CCN2CCN(c3nsc4ccccc34)CC2)CC1)c1cc2ccccc2o1,8.74,1,8.594910630952386,1189
Cn1cc2c(OCC3CCN(CCc4ccc(CO)cc4)CC3)nc3ccccc3c2c1,7.5,6,6.800043019841271,491
Cc1cc(CN(Cc2ccc(OCC(C)C)cc2)C2=NOC3(CCN(C)CC3)N2)co1,8.0,5,7.502952738095238,1190
Cc1cc2c(s1)Nc1ccccc1N=C2N1CCN(C)CC1,8.544,4,7.583527720899473,627
F[C@@H]1CCNC[C@H]1c1c(-c2ccccc2)[nH]c2cc(Cl)ccc12,8.64,1,8.683673134920639,310
Fc1ccc2[nH]c3c(c2c1)CCNC3c1ccccc1Br,7.009,8,6.782466644781143,44
COc1cc(CC(C)NCc2ccccc2OC)c(OC)cc1C,7.339,3,7.72824958201058,115
CCCCCCC(=O)Oc1cccc2c1-c1cccc3c1[C@@H](C2)N(CCC)CC3,7.021,8,6.7943508015873,78
CN(C)C(=O)N[C@H]1CC[C@H](CCN2CCN(c3nsc4ccccc34)CC2)CC1,9.22,5,9.06988263227514,328
O=c1ccc2ccc(CCN3CCN(c4cccc5sccc45)CC3)cc2[nH]1,7.02,6,7.2153427764550235,977
COc1cc(F)ccc1/C=C/c1ccc(S(=O)(=O)c2ccccc2F)cn1,7.19,8,8.124541793650788,51
CN(C)CC1C[C@@H]2c3ccccc3Sc3ccccc3[C@H]2O1,7.51,7,7.627862608465612,300
Cc1nc2c(o1)CCCN(CCN1CCC(c3noc4ccccc34)CC1)C2=O,7.84,6,8.148036849206353,1191
CN1CCN(CCOc2ccc(NC(=O)Nc3ccc(Cl)cc3)cc2-c2ccnn2C)CC1,8.679,10,9.192634284391524,1001
NC(=O)c1ccccc1OCCCN1CCN(c2cccc3c2ccn3S(=O)(=O)c2ccccc2)CC1,7.54,8,6.872427042328037,1192
O=c1ccc2ccc(CCN3CCN(c4cccc5c4CCS5)CC3)cc2[nH]1,7.11,7,7.067514675925924,1193
O=C(N[C@H]1CC[C@H](CCN2CCN(c3nsc4ccccc34)CC2)CC1)c1cc2ccccc2[nH]1,9.192,8,8.843741470899477,756
O=C(N[C@H]1CC[C@@H](CCN2CCN(c3nsc4ccccc34)CC2)CC1)c1cc2ccccc2[nH]1,8.88,2,9.036367584415595,756
Oc1ccc2[nH]c3c(c2c1)CCNC3C1CCCCC1,6.551,4,6.779054535714288,240
CNCc1cc(OCc2ccccc2F)n(CC2CCCCC2)n1,9.189,10,8.707956900793663,91
COc1cccc(N2CCN(CCCCNC(=O)c3cc4ccccc4n3C)CC2)c1,6.51,6,7.153732992063493,549
CC(C)[C@H]1CNC[C@H]2c3cccc(C(F)(F)F)c3C(=O)N12,7.335,10,6.718623359788357,184
O=c1[nH]c2ccc(CCN3CCN(c4cccc5sc(F)cc45)CC3)cc2[nH]1,6.802,2,7.164044031746036,1194
CCCCc1ccnc2c1CC[C@@H]1CNCCN21,7.972,2,7.769772670634925,450
O=S(=O)(NCCCN1CCN(c2nsc3ccccc23)CC1)c1cc2ccc(Cl)cc2s1,8.021,6,7.943700333333333,1195
CN(C)S(=O)(=O)N[C@H]1CC[C@H](CCN2CCC(c3cccc4c3CCO4)CC2)CC1,7.71,3,7.488358645502643,224
COc1ccc(N2Cc3cc(Cl)cc(Cl)c3C2=O)cc1OCCN1CCCCCC1,6.2,1,6.3243521785714325,1196
CC(=O)Nc1ccc(OCCCN2CCC(c3noc4cc(F)ccc34)CC2)cc1C,6.87,4,7.610078927248675,347
CNC(=O)c1ccc(OCCCCN2CCN(c3cccc(Cl)c3Cl)CC2)cc1,6.088,7,6.607687912698417,479
CC(C)(C)NS(=O)(=O)c1ccc(-c2sc(C(=O)N[C@H]3C[C@H](C(=O)O)C3)nc2CC2CCCCC2)c2ccccc12,9.19,9,7.4248871626984165,1197
CN(C)CCSc1cccc(-c2ccccc2)n1,6.5,10,6.517246415343913,1198
[2H]C([2H])([2H])N1CCC(c2c[nH]c3ccccc23)CC1,6.301,3,6.638538645502644,391
[2H]c1[nH]c2c([2H])c([2H])c([2H])c([2H])c2c1C1CCN(C)CC1,6.301,1,6.486426658730161,391
O=C1CCc2ccc(CCN3CCN(c4cc(F)cc5sccc45)CC3)cc2N1,7.11,2,7.395326664021166,752
CN1CCN(c2nc(Nc3ccc(F)cc3)c3cn[nH]c3n2)CC1,7.62,8,7.156526832130835,528
CC(C)COc1ccc(CNC(=O)N(Cc2cncnc2)C2CCN(C)CC2)cc1,7.0,9,7.035556456349207,1199
CC(C)COc1ccc(COC(=O)N(Cc2ccc(F)cc2Cl)C2CCN(C)CC2)cc1,8.1,4,8.4714526058201,74
O=S(=O)(c1cccc2cnccc12)N1CCC[C@@H]1CCN1CCN(c2cccc3sccc23)CC1,7.721,1,7.840791732804229,1200
O=S(=O)(c1cccc2cnccc12)N1CCC[C@H]1CCN1CCN(c2cccc3sccc23)CC1,8.048,7,7.559722063492065,1200
Cc1noc(C)c1-c1cc(NC(=O)C2CC2)ccc1OCCN(C)C1CCC1,7.38,7,7.643650068783069,1201
C[C@H](N)CN1CCc2cc(F)c(I)cc21,6.736,10,6.656151896825397,872
O=C(NCC1CCC(F)(F)CC1)c1ccc(C#Cc2ccccc2F)cc1,7.0,10,6.874604902116398,940
CC(C)COc1ccc(CNC(=O)N(Cc2ccc(F)cc2)C2CCN(C(=O)CC[C@H](N)C(=O)O)CC2)cc1,8.08,4,7.242958980158731,18
Cn1ncc(Br)c1-c1cc(NC(=O)Nc2ccc(Cl)cc2)ccc1OCCN1CCCCC1,9.18,1,8.824581007936507,90
CCC(Sc1cc(Cl)ccc1Cl)c1nc(N)nc(N2CCNCC2)n1,6.728,1,6.799645277777779,257
c1ccc(N2CCN(CCCc3nc4ccccc4s3)CC2)nc1,7.34,5,6.7448195701058244,1202
C/C=C/CC(=O)N[C@H]1CC[C@H](CCN2CCN(c3nccc4c3CCO4)CC2)CC1,7.64,6,7.724532423280423,12
CCCc1nc(C(=O)NCCCN2CCN(c3cccc(C)c3C)CC2)c(C)n1-c1ccccc1OC,6.6,8,6.879950428571427,101
CS(=O)(=O)N[C@H]1CC[C@H](CCN2CCC(c3cccc4c3OCO4)CC2)CC1,7.5,1,7.570655579365076,62
Cc1cc2ccn(CCN3CCN(c4noc5ccccc45)CC3)c(=O)c2cn1,8.43,3,7.624266876623378,1203
c1cc(CC2CCC2)c2c(c1)N1CCNCC1CC2,6.9,2,7.253608813492067,1204
Cc1cccc(N2CCN(C[C@H](O)CNC(=O)c3nc(C)n(-c4ccccc4F)c3C)CC2)c1C,6.57,5,6.712067014550268,101
Cc1cccc(N2CCN(C[C@@H](O)CNC(=O)c3nc(C)n(-c4ccccc4F)c3C)CC2)c1C,6.61,8,6.484639957671953,101
Cc1cccc(N2CCN(CC(O)CNC(=O)c3nc(C)n(-c4ccccc4F)c3C)CC2)c1C,6.24,5,6.712067014550268,101
CC1Cc2cccc(CCN3CCN(c4nsc5ccccc45)CC3)c2NC1=O,8.972,6,9.630226554473301,94
O=C(C[C@@H]1CCCO1)N[C@H]1CC[C@H](CCN2CCC(c3cccc4c3OCO4)CC2)CC1,7.471,8,7.62150717460317,1205
O=C(C[C@H]1CCCO1)N[C@H]1CC[C@H](CCN2CCC(c3cccc4c3OCO4)CC2)CC1,7.552,6,7.599967301587301,1205
O=C(CC1CCCO1)N[C@H]1CC[C@H](CCN2CCC(c3cccc4c3OCO4)CC2)CC1,7.68,1,7.5540756296296365,1205
Cc1c(S(=O)(=O)N[C@H]2C[C@H](C)N(CCCc3noc4cc(F)ccc34)C2)sc2ccc(Cl)cc12,8.16,9,8.439384093073594,842
CCCc1cc(OC)c(CCN)nc1OC,8.38,3,7.67833618783068,353
CCC(Sc1ccc(Cl)c(Cl)c1)c1nc(N)nc(N2CCN(C)CC2)n1,6.261,7,6.509980776455025,257
O=S(=O)(N[C@H]1CC[C@H](CCN2CCC(c3cccc4c3CCO4)CC2)CC1)c1ccc(F)cc1,7.061,7,7.6080532746512795,1206
COc1ccc(OC)c(CC(C)N)c1,6.328,3,7.289032637566135,188
CCN(CCN1CCC(c2noc3cc(F)ccc23)CC1)S(=O)(=O)CCO,8.569,1,8.273334085978846,31
CCCC(Sc1cc(Cl)cc(Cl)c1)c1nc(N)nc(N2CCN(C)CC2)n1,6.301,5,6.602057170634921,257
Cc1cc2c(cc1C(F)(F)F)N(C(=O)Nc1ccc(OCc3cncn3C)nc1)CC2,7.0,10,6.840728315416063,1207
Cc1cc2c(cc1OCCCCN1CCN(c3cccc4cccc(F)c34)CC1)C(=O)NC2,7.26,1,7.766209734126984,190
Cn1ncc2c1CCN(CCN1CCN(c3noc4ccccc34)CC1)C2=O,7.92,1,8.220568253968256,1208
O=C(Nc1ccccc1)N[C@H]1CC[C@H](CCN2CCN(c3nsc4ccccc34)CC2)CC1,9.529,9,8.81779770502645,535
O=C(Nc1ccccc1)N[C@H]1CC[C@@H](CCN2CCN(c3nsc4ccccc34)CC2)CC1,8.62,6,9.241216166666668,535
CN1CCC=C(c2n[nH]c3c(Cl)cc(F)cc23)C1,7.704,2,7.131045480158732,658
O=C(N[C@H]1CC[C@H](CCN2CCN(c3nsc4ccccc34)CC2)CC1)C1CC1,9.46,10,9.140617644179901,1209
C=CCOc1ccc(COC(=O)N(Cc2ccc(F)cc2F)C2CCN(C)CC2)cc1,9.3,4,9.702264173280417,74
CCC(N)Cc1c[nH]c2ccc(Cl)cc12,6.6,5,7.29085125132275,86
CCCN(CC)CCc1c[nH]c2ccccc12,7.52,2,6.672170367724863,86
CC(C)COc1ccc(CNC(=O)N(Cc2ccn(C)n2)C2CCNCC23CC3)cc1,8.0,10,7.943654021164023,275
Nc1ccccc1C(=O)CCCN1CC[C@H]2[C@@H](C1)c1cccc3c1N2CCO3,8.798,9,8.145781043650796,541
Nc1ccccc1C(=O)CCCN1CC[C@@H]2[C@H](C1)c1cccc3c1N2CCO3,7.92,10,8.530343531746032,541
Cc1[nH]c(C(C)(C)C)cc1C(=O)NCCCN1CCN(c2cccc(Cl)c2Cl)CC1,6.97,6,7.042934006613757,1058
C[C@H](N)CN1CCc2ccc3c(c21)CCCO3,6.527,7,7.089447080687837,1210
CNCC1CC2c3ccccc3Cc3ccccc3N2O1,7.883,7,7.4945710000000005,309
c1ccc(-c2nc3cc(CCN4CCN(c5ccccc5)CC4)ccc3[nH]2)cc1,6.12,5,7.079454675925925,1211
O=C(N[C@H]1CC[C@@H](CCN2CCN(c3nsc4ccccc34)CC2)CC1)c1ccc[nH]1,9.091,7,9.403622399470901,459
O=C(N[C@H]1CC[C@H](CCN2CCN(c3nsc4ccccc34)CC2)CC1)c1ccc[nH]1,9.539,5,9.140691630952382,459
N#Cc1ccc2nn(CCCCN3CCN(c4cccc5sccc45)CC3)c(=O)n2c1,7.959,4,7.116091228835976,119
N[C@@H](Cc1c[nH]c2ccc(O)cc12)C(=O)O,8.803,3,6.685023009259259,86
COc1ccc2[nH]cc(CCNCc3ccc(-c4cnc5ccccc5c4)o3)c2c1,6.072,7,7.025679682539676,1212
CN1CCC(N(Cc2ccc(F)cc2F)C(=O)OCc2ccc(C(C)(F)F)cc2)CC1,9.4,7,9.422114037037025,74
Cn1c(=O)[nH]c2ccc(CCN3CCN(c4cccc5sccc45)CC3)cc21,7.03,10,7.007651933862436,1194
O=C(CCCCN1CCN(c2ccccc2)CC1)c1nc2ccccc2s1,6.69,3,6.613172882275134,1213
Cc1ncoc1C(=O)Nc1ccc(OCCN2CCCC2)c(-c2c(C)ncnc2C)c1,8.141,10,7.958258943121697,1214
Cc1ccc2c(c1)Cc1ccccc1N1OC(CN(C)C)CC21,7.98,4,7.524469428571429,309
Oc1c(Br)cccc1C1NCCc2c1[nH]c1ccc(F)cc21,6.94,8,6.843449767797013,44
Cc1[nH]c(-c2ccc(Cl)cc2)cc1C(=O)NCCCN1CCN(c2cccc(Cl)c2Cl)CC1,6.979,8,6.934586634920632,13
COc1ccc2[nH]cc(CCNCc3ccc(C)cc3)c2c1,7.24,9,7.134446886243384,672
CC(=O)c1c(C)cc2oc(=O)cc(C)c2c1OCCCCN1CCN(c2ccc(Cl)cc2)CC1,8.77,3,7.501430359788358,1116
O=C(CCCN1C2CCC1CC(c1ccccc1)C2)c1ccc(F)cc1,6.97,6,8.192937765873017,429
Nc1cc(F)ccc1C(=O)CCCN1CC[C@H]2[C@@H](C1)c1cccc3c1N2CCO3,9.7,10,8.693412653439157,541
Nc1cc(F)ccc1C(=O)CCCN1CC[C@@H]2[C@H](C1)c1cccc3c1N2CCO3,8.551,5,9.13506719805194,541
Fc1ccc(CCCCN2CCc3ccccc3C2)cc1,6.14,1,6.7703764828042345,1215
CN1CCC(N(Cc2ccc(F)cc2F)C(=O)OCc2ccc(OC3CC3)cc2)CC1,10.49,8,9.46540420502645,1216
CC1(C)c2ccccc2C(CN)c2ccccc21,6.48,4,6.77499738095238,151
Cc1cccc(N2CCN(CCCNC(=O)c3nc(C)n(-c4cccc(Cl)c4)c3C)CC2)c1C,7.01,5,7.285231972222223,101
O=C(CCCN1CCC(c2noc3cc(F)ccc23)CC1)c1cc2c3c(c1)CCN3C(=O)CC2,9.15,4,8.293305456349206,1217
O=C1CN2c3c(cccc3[C@@H]3CN(CCCOc4ccccc4)CC[C@@H]32)N1,8.55,4,7.397851279100532,210
Cc1cccc(C2NCCc3c2[nH]c2ccc(Cl)cc32)c1,6.32,2,6.629802640211644,44
O=C1CC(CN2CCC(c3noc4cc(F)ccc34)CC2)Cc2nc(N3CCCC3)sc21,7.7,6,8.225314328042334,1218
COc1ccccc1Cc1c(N)nc(SCCN2CCN(Cc3cccc(C(F)(F)F)c3)CC2)nc1N,7.22,3,7.221111178571429,475
Cc1ccc(S(=O)(=O)N[C@H]2CC[C@@H](CCN3CCN(c4nsc5ccccc45)CC3)CC2)o1,8.781,1,8.702674764550254,635
Cc1ccc(S(=O)(=O)N[C@H]2CC[C@H](CCN3CCN(c4nsc5ccccc45)CC3)CC2)o1,8.661,2,8.784175837301586,635
O=C(NCc1ccc(OCC(O)CN2CCN(c3nsc4ccccc34)CC2)cc1)N(Cc1ccc(F)cc1)C1CCNCC1,7.27,10,8.702552353174598,838
O=C(c1ccc(Cl)cc1)C1CCN(CCN2CCCc3ccccc3C2=O)CC1,7.11,1,7.323972044612794,952
Cc1c(C(=O)NCCCN2CCN(c3cccc(Cl)c3)CC2)cc(-c2ccccc2)n1N1CCCCC1,6.36,3,6.827600701058199,758
Cc1cccc(N2CCN(CCCNC(=O)c3nc(C)n(-c4ccc(Cl)cc4)c3C)CC2)c1C,7.17,5,7.2769536917989415,101
COc1ccc(NC(=O)Nc2cc(C(F)(F)F)cc(C(F)(F)F)c2)cc1-c1c(Br)cnn1C,9.05,6,8.77202175925926,102
COc1cc2c(cc1C(F)(F)F)N(C(=O)Nc1cnc(Oc3cccnc3C)cc1C)CC2,6.2,7,6.504313436507937,52
CN(C)C[C@@H]1C[C@H]2c3ccccc3Oc3ccc(F)cc3[C@H]2O1,6.981,7,7.22113464682539,697
CN(C)C[C@H]1C[C@H]2c3ccccc3Oc3ccc(F)cc3[C@H]2O1,6.372,4,7.5757694022366495,697
CN(C)CCC1c2ccccc2Cc2ccccc21,7.078,8,7.109580285714279,151
c1cc(N2CCN(CCCCc3nnnn3C3CCCCC3)CC2)c2ccsc2c1,7.38,6,7.170903559523809,1219
COc1cc(N)c(Cl)cc1C(=O)CCC1CCN(CCNS(=O)(=O)c2ccc(N)c(Br)c2)CC1,6.481,2,7.15898817460318,1220
CC(C)COc1ccc(CC(=O)N(Cc2ccc(Cl)cc2C(F)(F)F)C2CCN(C)CC2)cc1,7.699,1,7.971075853174607,126
FC(F)(F)c1ccnc(N2CC[C@H]3CNC[C@H]32)n1,6.938,2,6.70399427020202,239
FC(F)(F)c1ccnc(N2CCC3CNCC32)n1,6.659,10,6.831981875661377,239
CCCCSc1cc(OC)c(CCN)cc1OC,8.108,9,8.072039731481476,188
O=Cc1cnn2ccc(OCCCCN3CCN(c4ccc(O)c5c4OCCO5)CC3)cc12,6.0,10,6.773219034391536,138
O=C1c2c(ccc(Cl)c2Cl)[C@@H]2CNCCN12,6.42,7,6.8044182777777795,184
O=C1c2nc(Cl)ccc2CCN1CCN1CCN(c2noc3ccccc23)CC1,7.57,8,7.514736777777772,876
COc1ccc(-n2c(C)nc(C(=O)NCCCN3CCN(c4cccc(Cl)c4C)CC3)c2C)cc1,7.64,5,7.495187621693124,101
[2H]C([2H])([2H])N(C([2H])([2H])[2H])C([2H])([2H])C([2H])([2H])c1c[nH]c2cccc(OCc3ccccc3)c12,7.138,4,6.857748503968249,1221
CN(C)CCc1c[nH]c2cccc(OCc3ccccc3)c12,6.972,6,7.038158810846559,1221
O=C(NC1CCc2ccc(CCN3CCN(c4nsc5ccccc45)CC3)cc21)c1ccno1,10.098,7,8.9155353478836,1222
COc1cccc(CC(=O)N2CCC(C)c3cccc(CCN4CCN(c5nsc6ccccc56)CC4)c32)c1,8.97,10,9.023129519480518,913
Cn1ncc(Br)c1-c1cc(NC(=O)Nc2ccc(Cl)cc2)ccc1OCc1ccc(Cl)cc1,7.8,6,8.499932880952377,1158
O=C(N[C@H]1CCN(Cc2ccc(C(F)(F)F)cc2)C1)c1ccc(-c2cccs2)cc1,6.888,2,7.002572369047621,392
CN(C)CC1CC2c3cccc(F)c3Cc3ccccc3N2O1,7.497,3,7.407303739538237,309
COc1ccc(S(=O)(=O)N[C@H]2CC[C@H](CCN3CCC(c4noc5cc(F)ccc45)CC3)CC2)cc1,8.36,4,8.430028082010576,9
COc1cc2c(cc1OC)C(=O)CC(CN1CCC(C(=O)c3ccc(F)cc3)CC1)C2,7.788,9,7.325673316137565,602
Fc1ccc(SCCCN2CCc3ccccc3C2)cc1,6.482,2,6.875694112433857,1223
CC(C)COc1ccc(CNC(=O)N(Cc2ccn(C)n2)[C@@H]2CCN(C)CC23CC3)cc1,7.0,8,8.480170902116408,275
CC(C)COc1ccc(CNC(=O)N(Cc2ccn(C)n2)[C@H]2CCN(C)CC23CC3)cc1,9.05,3,7.516162354497363,275
CS(=O)(=O)CC(=O)N[C@H]1CC[C@H](CCN2CCC(c3cccc4c3CCO4)CC2)CC1,7.45,6,7.570118455026455,224
COc1ccc(CNC2=NOC3(CCN(C)CC3)N2Cc2ccc(F)cc2)cc1,6.523,10,7.301717031746043,1224
NCC1CC1c1c(OCCF)ccc(F)c1Cl,6.1,10,6.338352708994707,69
CN1CCC(N(C)S(=O)(=O)c2cccc3ccccc23)CC1,6.3,10,6.777812937830682,1225
COC(CCC(=O)N[C@H]1CC[C@H](CCN2CCN(c3nccc4c3CCO4)CC2)CC1)OC,7.741,1,7.631596875180379,12
CNCc1ccc(Cl)cc1Oc1ccc(Cl)cc1,8.181,9,7.37378354629629,6
Fc1ccc2c(C3CCN(CCCOc4ccc(CN5CCOCC5)cc4Cl)CC3)noc2c1,8.242,5,8.21617212698413,226
COc1ccc(S(=O)(=O)N(CCCN2CCN(c3ccc(F)cc3)CC2)CC2CCCCC2)cc1,8.47,7,7.532414693121695,1070
O=C(CC1CCOCC1)N[C@H]1CC[C@H](CCN2CCN(c3nccc4occc34)CC2)CC1,8.21,9,8.303394091269842,1108
Cn1nccc1-c1cc(NC(=O)c2cccc(C(F)(F)F)c2)ccc1OCCN1CCOCC1,9.152,7,8.398114781746035,262
CC(C)(C)NC1=NCCNC(c2ccc(F)cc2)=C1,7.68,10,7.59680094312169,285
O=C1NCc2ccc(OCCCN3CCN(c4cccc5c4CCC5)CC3)cc21,8.5,7,8.043858286315539,1226
C[C@@H]1CNC[C@H]2Cc3ccc(COCC4CC4)nc3N21,7.13,6,7.116952248677252,1227
CC(C)COc1ccc(CN(Cc2ccccn2)C2=NOC3(CCN(C)CC3)N2)cc1,8.0,10,7.763813500000003,1131
Oc1ccc(C2NCCc3c2[nH]c2ccc(F)cc32)cc1,7.24,1,6.968156373015872,44
Cc1cc2c(s1)Nc1ccccc1N=C2N1CC[N+](C)([O-])CC1,6.951,3,7.537132589947086,1228
O=C(N[C@H]1CC[C@H](CCN2CCC(c3coc4ccccc34)CC2)CC1)C1CC1(F)F,8.068,3,8.284142710317461,579
O=C(CC1COC1)N[C@H]1CC[C@H](CCN2CCN(c3cccc4c3OCO4)CC2)CC1,7.71,4,7.782341067821062,1229
O=C1c2ccccc2S(=O)(=O)N1CCCCCCN1CCN(c2ccc(Cl)c(Cl)c2)CC1,6.549,8,6.5359825317460265,141
Fc1ccc(-c2nc(-c3ccccc3)nc3c2CNCC3)cc1,7.301,4,7.565631108465609,1230
O=C(N[C@H]1CC[C@H](CCN2CCC(c3cccc4c3OCO4)CC2)CC1)C1CC(Cl)C1,7.73,3,7.63484798280424,1231
CCCn1c(-c2ccccc2)cc(C(=O)NCCN2CCN(c3cccc(Cl)c3Cl)CC2)c1C,6.39,2,6.875533305555553,770
CC[C@H](O)CC(=O)N[C@H]1CC[C@H](CCN2CCC(c3coc4ccccc34)CC2)CC1,8.04,4,8.084415380591633,181
CC[C@@H](O)CC(=O)N[C@H]1CC[C@H](CCN2CCC(c3coc4ccccc34)CC2)CC1,8.06,7,8.083347845238094,181
CNCc1cc(OCc2cccc(Cl)c2)n(CC2CCc3ccccc3O2)n1,8.31,1,7.980937727513228,1232
c1ccc2c(c1)Cc1ccccc1C21CCNC1,8.4,5,6.972340100529098,1233
COc1ccccc1N1CCN(CCCC(=O)Nc2ccn3nccc3c2)CC1,6.509,6,6.664697440476193,891
CC(C)c1ccccc1OCCN1CCC(N(CC2CC2)S(=O)(=O)c2ccc(F)cc2)CC1,6.382,4,6.530146210317466,255
OC1(c2ccc(Cl)cc2)CCN(Cc2c[nH]c3ccccc23)CC1,6.105,6,6.949699232804234,1234
CC(=O)c1ccc2c(c1)CC(CN1CCC(C(=O)c3ccc(F)cc3)CC1)CC2=O,7.2,4,7.701503839947086,602
CCSc1cc(OC)c(CC(N)CC)nc1OC,6.188,2,7.4608912976190505,353
CC(=O)N1CCN(CCOc2ccc(NC(=O)c3cccc(F)c3)cc2-c2c(Cl)cnn2C)CC1,8.659,1,8.479116846560842,265
COc1cccc(NC(=O)NCCCN2CCCC(CCc3ccccc3)C2)c1,6.1,6,6.607988231481484,1235
COc1ccc(-c2c(=O)n(CCCCN3CCCC(c4c[nH]c5ccccc45)C3)c(=O)n3ccccc23)cc1,7.679,6,6.678203707070704,258
O=C(CN1CCC(S(=O)(=O)c2ccccc2)CC1)c1ccc(F)cc1F,8.62,5,8.021131817460313,164
O=[N+]([O-])c1ccc(S(=O)(=O)N(CCCN2CCN(c3ccccc3)CC2)CC2CCCCC2)cc1,8.378,9,7.521511324074074,1070
CCC(CC)Cn1nc(CNC)cc1OCc1cc(Cl)ccc1F,9.28,6,8.58132393915344,364
O=S(=O)(NCCCCN1CCC(c2noc3cc(F)ccc23)CC1)c1ccc2cc(Cl)ccc2c1,9.22,1,8.596286670634916,1236
CN1CCN(c2nc(N)nc(CCC[Se]c3ccccc3)n2)CC1,6.381,9,6.683710596560844,1237
COC(C)CNC(=O)c1ccc2c3c1CCN3CCNC2,6.08,1,5.589158764550264,281
O=C(CCCN1CCC(O)(c2ccc(Cl)cc2)CC1)c1ccc(F)cc1,7.279,9,7.356912436507937,1238
COc1ccc(S(=O)(=O)N(C)C2CCN(C)CC2)cc1,6.08,3,6.605155531746032,122
Nc1ccc2c(c1)C(O)C(CCN1CCC(c3noc4cc(F)ccc34)CC1)CC2,8.18,9,8.441432145382397,1239
O=S(=O)(c1cccc2ncccc12)N1CCCCC[C@H]1CCN1CCN(c2nsc3ccccc23)CC1,7.521,4,7.592106617724865,1240
Cn1nc2c(c1Br)C(=O)N(CCN1CCN(c3nsc4ccccc34)CC1)CC2,9.269,8,9.258028576719578,773
COc1cc(C2CCCNC2)c(OC)cc1I,7.005,4,6.857481023809523,111
Cc1cccc(N2CCN(CC(O)CNC(=O)c3nc(-c4ccccc4)n(-c4ccc(F)cc4)c3C)CC2)c1C,7.15,7,7.194466494708999,449
CC(=O)c1c(OCCCCN2CCN(c3ccccc3F)CC2)ccc2c(C)cc(=O)oc12,7.33,4,7.368563670634918,83
Clc1ccc2[nH]c3c(c2c1)CCNC3C1CCOCC1,6.43,1,6.56295746031746,1241
CCCC([Se]c1cc(C)ccc1C)c1nc(N)nc(N2CCN(C)CC2)n1,6.29,8,6.421130944444446,189
COc1cc2c(cn1)CCN(CCN1CCN(c3nsc4ccccc34)CC1)C2=O,8.852,5,9.11795225529101,1242
O=S(=O)(c1ccc2ccccc2c1)N(CCCN1CCN(c2ccccc2)CC1)CC1CCCCC1,9.15,7,7.855926531746028,574
CCC(C)C(=O)N[C@H]1CC[C@H](CCN2CCC(c3cccc4c3OCO4)CC2)CC1,7.6,5,7.632343925925923,62
Cc1cc2c(cc1Br)N(C(=O)Nc1cccnc1)CC2,7.2,7,6.968578280423279,447
CN(C)C(=O)N[C@H]1CC[C@H](CCN2CCC(c3cccc4c3CCO4)CC2)CC1,6.919,2,7.52577289153439,224
O=C(Nc1cccnc1)N1CCc2ccc(Cl)cc21,6.1,6,6.651695603174607,447
COc1cccc(Nc2nc(N3CCN(C)CC3)nc3[nH]ncc23)c1,8.04,3,7.0951419351851825,528
c1cnc(N2CCN(CCCCc3nc4ccccc4s3)CC2)nc1,6.65,10,6.835762035714291,1243
CC(=O)c1c(OCCCN2CCN(c3ccc(Cl)cc3)CC2)ccc2c(C)cc(=O)oc12,8.02,10,7.633725038359793,686
Cc1cc2c(cc1Cl)N(C(=O)Nc1ccc(Oc3cccnc3Cl)nc1)CC2,7.0,6,6.784052524410776,52
CCOC1CC1C(=O)Nc1ccc(OCCN2CCOCC2)c(-c2c(C)noc2C)c1,7.697,1,7.589057035714286,1244
O=C(NCCCCCCn1nc2ccccn2c1=O)N1CCN(c2cccc(Cl)c2)CC1,6.28,10,6.812181158730162,1245
CCC(=O)N(C1CCCCCCC1)C1CCN(CCCOc2ccc(F)cc2)CC1,7.749,1,7.602577076719577,1146
C=CCN(CC=C)CCc1c[nH]c2ccccc12,6.15,1,6.795896547619046,86
CCOc1cc2c(cc1Br)C(C)CNCC2,6.96,1,7.067286325396832,39
CC(=O)c1c(OCCCCN2CCN(c3cccc(Cl)c3Cl)CC2)ccc2c(C)cc(=O)oc12,7.52,5,7.61320826190476,83
O=C(CCCN1CCc2ccccc2CC1)c1ccc(Cl)cc1,6.55,9,7.1294094179894225,1246
Cc1cc(CC(=O)N[C@H]2CC[C@H](CCN3CCC(c4coc5ccccc45)CC3)CC2)on1,8.111,4,8.078854217893218,1247
O=C1NCc2ccc(OCCCN3CCN(c4cccc5c4CCO5)CC3)cc21,8.37,2,7.490282099206357,1248
COc1cc(F)c(F)cc1CN(C(=O)OCc1ccc(OCC(C)C)cc1)C1CCN(C)CC1,10.0,8,8.717076805555552,74
CC(C)Nc1cc2c(cc1NS(=O)(=O)c1ccc(-c3ccc(Cl)cc3)cc1)CCN(C)CC2,8.8,10,7.6385026269841285,451
O=c1n(CCCCN2CCN(c3cccc4sccc34)CC2)nc2ccc(F)cn12,7.334,9,7.202771206349204,119
O=S(=O)(c1ccnc2ccccc12)N1CCCC[C@@H]1CCN1CCN(c2nsc3ccccc23)CC1,7.46,5,7.690181421957674,1249
O=C1[C@@H]2[C@H]3CC[C@H](C3)[C@@H]2C(=O)N1CCCCCCN1CCN(c2ccccc2Cl)CC1,6.27,7,6.939902190476189,933
COc1ccc(-n2c(-c3ccccc3)nc(C(=O)NCC(O)CN3CCN(c4cccc(C)c4C)CC3)c2C)cc1,6.731,1,7.09227349603174,449
CN(C)[C@H]1CC[C@@H](c2c[nH]c3ccc(F)cc23)C1,4.55,6,6.666347592592592,414
CN(C)CCCC1c2ccccc2Cc2ccccc21,7.66,7,7.289001541005288,151
O=C(O)c1ccc(CN2CCC(CN[C@@H]3C[C@H]3c3ccccc3)CC2)cc1,4.7,8,6.899090582010578,1250
CC(C)Oc1ccc(COC(=O)N(Cc2ccc(Cl)cc2C(F)(F)F)C2CCN(C)CC2)cc1,10.0,3,8.472770190476187,74
CC(C)(CN1CCN(C2=Nc3ccc(F)cc3Oc3cc(F)ccc32)CC1)C(=O)O,7.89,6,7.753966320105811,605
O=S(=O)(NCCCCN1CCC(c2noc3cc(F)ccc23)CC1)c1ccc2ccccc2c1,8.77,9,8.893233047619049,1236
O=C1COc2ccccc2N1CCCN1CCC(c2noc3cc(F)ccc23)CC1,8.57,7,8.246354888888888,1251
O=C1CC(CN2CCC(c3noc4cc(F)ccc34)CC2)Cc2nc(-c3ccccc3)ncc21,6.9,7,8.321325432539682,1252
Cc1nc2n(c(=O)c1CCN1CCN(c3nsc4ccccc34)CC1)CCCC2(C)O,8.469,4,8.01824178042328,1169
O=S(=O)(c1ccc2ccccc2c1)N(CCCN1CCN(c2ccc(F)cc2)CC1)CC1CCCCC1,9.3,8,7.649983645502649,574
Cc1ccnc2[nH]cc(C3=CCCN(C)C3)c12,6.98,3,7.306864571428575,316
O=C(N[C@H]1CC[C@H](CCN2CCC(c3noc4cc(F)ccc34)CC2)CC1)c1cnc(N2CCOCC2)cn1,8.42,4,8.529632216931219,1253
O=C(NC1CCc2cc(CCN3CCN(c4nsc5ccccc45)CC3)ccc21)C1CC1,9.35,2,9.544996154761906,1254
COc1ccc(-n2c(-c3ccccc3)nc(C(=O)NCC(O)CN3CCN(c4cccc(Cl)c4C)CC3)c2C)cc1,6.77,6,7.1337717817460335,449
CO[C@@H](C)C(=O)N[C@H]1CC[C@H](CCN2CCC(c3cccc4c3OCO4)CC2)CC1,7.538,3,7.884336869047611,62
CO[C@H](C)C(=O)N[C@H]1CC[C@H](CCN2CCC(c3cccc4c3OCO4)CC2)CC1,8.02,9,7.57776514285715,62
CC(C)COc1ccc(CN(Cc2ccc(F)cc2)C2=NOC3(CCN(C)CC3)N2)cc1,8.0,4,7.768156902116404,1255
CC(C)Oc1ccc(COC(=O)N(Cc2ccc(F)cc2F)C2CCN(C3COC3)CC2)cc1,7.6,4,9.291746886243384,1256
Cc1nc2n(c(=O)c1CCN1CCN(c3cncc4sccc34)CC1)CCCC2O,7.18,6,7.191360226190474,1257
C[C@@H]1CNCCc2ccc(Cl)c(F)c21,6.0,6,6.4795159761904735,39
CC1CNCCc2ccc(Cl)c(F)c21,6.09,1,6.4133031375661345,39
CC(C)COc1ccc(CC(=O)N(Cc2ccc(C(F)(F)F)cc2Cl)C2CCN(C)CC2)cc1,10.0,6,7.330732458994707,126
CCc1c(COC(C)C)cnc2c1CC[C@@H]1CNCCN21,6.33,5,6.834121726190474,450
COc1ncc2c(n1)CCN(CCN1CCC(c3noc4ccccc34)CC1)C2=O,8.07,5,7.836398156084656,713
O=S(=O)(c1ccccc1Cl)N1CCC(CCc2ccc(F)cc2F)CC1,8.212,2,7.871978305555552,157
O=C(NCc1ccc(OCC(O)CN2CCN(c3noc4cc(F)ccc34)CC2)cc1)N(Cc1cc(F)c(F)cc1F)C1CCNCC1,7.301,1,7.499407460317459,693
CCC(=O)N[C@H]1CC[C@H](CCN2CCC(c3cccc4c3CCO4)CC2)CC1,7.462,4,7.385021452380944,224
CNCc1ccc(Cl)cc1Oc1cccc(Cl)c1,7.31,8,7.728589161375659,6
COc1cc(C(F)(F)F)ccc1CN(C(=O)OCc1ccc(OC(C)C)cc1)C1CCN(C)CC1,10.0,5,9.005980829365077,74
Cc1ncnc(C)c1-c1cc(NC(=O)c2ccccc2)ccc1OCCN1C[C@@H]2C[C@H]1CO2,8.256,6,8.18429887037037,1258
COc1cc(F)c(F)cc1CN(C(=O)Cc1ccc(OC(C)C)cc1)C1CCN(C)CC1,10.0,10,8.05615840740741,126
O=C(CCCN1CCN(c2cccnc2)CC1)c1ccc(F)cc1,6.52,7,7.198404242063486,1259
NCc1cc(OCc2cc(F)ccc2F)n(CC2CCCC2)n1,7.92,1,8.318212223544979,279
COc1cc(OCCC(F)F)c(OC)cc1CCN,6.41,1,7.415299859788362,188
Cc1noc(C)c1-c1cc(NC(=O)c2ccc(F)cc2)ccc1OC[C@H]1CCCCN1,8.535,1,8.170028477513227,1260
O=S(=O)(c1ccccc1)N(CCCN1CCC(c2noc3cc(F)ccc23)CC1)C1COC1,8.03,7,7.732310547619052,393
O=C(N[C@H]1CC[C@H](CCN2CCC(c3noc4cc(F)ccc34)CC2)CC1)c1ccc(N2CCOCC2)c(F)c1,7.76,2,8.222343593915342,389
CN1C[C@H](C(=O)N[C@]2(C)O[C@@]3(O)[C@@H]4CCCN4C(=O)[C@H](Cc4ccccc4)N3C2=O)C[C@@H]2c3cccc4[nH]cc(c34)C[C@H]21,8.1,8,7.68433252898028,515
COc1cc(SCC(F)F)c(OC)cc1CCN,7.52,7,7.809597088624341,188
CC1CNCCc2c(Cl)cc(Cl)cc21,6.835,3,7.097439207671959,39
Cc1ccc2c(c1)C(Oc1ccc(Cl)cc1OC1CNC1)CC2,8.097,3,7.335540978835982,1261
COc1cc2c3c(c1O)-c1cc(N)ccc1CC3N(C)CC2,6.07,1,6.405557347883596,78
O=S(=O)(c1ccc(F)cc1)N1CCC(CCc2ccc(F)cc2F)CC1,7.282,7,7.642528539923036,157
CC(C)COc1ccc(CNC(=O)N(Cc2ccncc2)C2CCN(C)CC2)cc1,7.0,2,7.699029015873022,1262
O=S(=O)(c1cccc2ncccc12)N1CCC(CCN2CCN(c3cccc(Cl)c3)CC2)CC1,6.708,9,6.494952264550259,41
Cc1cc2c(cc1Cl)N(C(=O)Nc1ccc(Oc3cnccc3C)nc1)CC2,8.101,10,7.085599150793655,52
NCC1c2ccccc2Cc2cc(Br)ccc21,8.815,3,7.153183825396824,151
O=C(N[C@H]1CC[C@H](CCN2CCC(c3coc4ccccc34)CC2)CC1)c1ccc(C(F)(F)F)cc1,8.322,1,8.114885856902351,55
O=S(=O)(c1cncc2ccccc12)N1CCCC[C@@H]1CCN1CCN(c2cccc3sccc23)CC1,7.19,3,7.658318531746036,1263
O=C(N[C@H]1CC[C@H](CCN2CCN(c3nsc4ccccc34)CC2)CC1)OCc1cccs1,9.221,8,8.894484682539685,1264
Cn1nccc1-c1cc(NC(=O)Nc2cccc(F)c2)ccc1OCCN1CCOCC1,9.09,5,8.616930424603174,363
O=C1Nc2ccccc2C12CCN(CCN1CCN(c3ccc(F)cc3)CC1)C2,7.23,9,6.955354267195771,664
CNC(C)c1ccccc1Oc1ccc(Cl)c(Cl)c1,6.421,8,6.805691199855699,6
Cc1ccc(-c2n[nH]c3c2CCNCC3)cc1,6.8,1,7.044516813492059,1265
O=S(=O)(N[C@H]1CC[C@H](CCN2CCN(c3nccc4c3CCO4)CC2)CC1)c1ccccc1,7.15,7,7.430348071428574,1266
CCOC(=O)Cc1nn(CNC(=O)CCN2CCN(c3ccc(C)c(C)c3)CC2)c(=O)c2cc(F)ccc12,6.881,3,7.007403375661374,40
CCCn1c(-c2ccccc2)cc(C(=O)NCCCN2CCN(c3ccccc3OC)CC2)c1C,6.02,6,6.513858632275134,13
Fc1cccc(Cc2ccnc3c2CC[C@@H]2CNCCN32)c1,6.865,4,7.805853746031744,206
O=c1n(CCCCCCN2CCN(c3nsc4ccccc34)CC2)c2cccc3c2n1CCC3,7.92,2,8.05699962253487,1267
CC(Oc1ccc(Br)cc1OC1CNC1)c1cccc(Cl)c1,7.137,4,6.9271030334295345,72
CCCN(CC)CCc1c[nH]c2ccc(F)c(F)c12,6.15,10,6.759276607142858,86
CCOP(=O)(OCC)c1ccc2[nH]cc(CCN(C)C)c2c1,6.209,7,6.967838857142856,86
O=C(N[C@H]1CC[C@H](CCN2CCC(c3cccc4c3CCO4)CC2)CC1)c1ccc(-c2ccccc2)cc1,7.55,6,7.342412415343911,1268
O=c1[nH]c2ccc(CCN3CCN(c4cccc5sccc45)CC3)cc2o1,8.32,10,7.611286087301589,1269
CN1CCN2c3c(cccc31)[C@@H]1CN(CCNC(=O)c3ccc(F)cc3)CC[C@@H]12,6.172,1,7.724323671957673,1270
CC(N)Cc1c[nH]c2ccc(O)cc12,8.31,10,7.853434830687829,86
C1=CC2CNCCN3C[C@@H]4CCC[C@@H]4C(=C1)C23,6.828,6,7.087948633597884,1271
COc1cc(C(F)(F)F)c(OC)cc1CCN,8.471,7,8.04223338888889,188
Cc1c(Br)c(C(=O)N2CCN(CC(=O)c3ccc(F)cc3)CC2)nn1C,8.34,3,8.212839964285713,162
CC(C)COc1ccc(CN(Cc2ccn(C)n2)C(=O)NC23CCN(CC2)CC3)cc1,7.26,4,7.836618404761905,1272
COc1cccn2c(=O)n(CCCCN3CCN(c4cccc5sccc45)CC3)nc12,7.07,5,6.840191988095235,119
O=C(CCCN1CCC(O)(c2ccc(Cl)c(C(F)(F)F)c2)CC1)c1ccc(F)cc1,8.351,10,7.187337382275127,1238
CS(=O)(=O)CC(=O)N[C@H]1CC[C@H](CCN2CCN(c3cccc4c3OCO4)CC2)CC1,7.658,5,7.701379570105827,4
Cc1noc2c1C(=O)N(CCN1CCC(c3noc4ccccc34)CC1)CC2,8.098,9,8.33182646693121,1273
CC(C)COc1ccc(CN(Cc2ccco2)C2=NC(=O)C3(CCN(C)CC3)N2)cc1,8.0,2,7.499917455026457,1274
COc1ccnc2[nH]cc(C3=CCCN(C)C3)c12,7.253,4,7.048133423280425,316
Nc1ccccc1C(=O)CCCN1CC[C@@H]2[C@H](C1)c1cccc3c1N2CCC3,8.43,3,8.752765525132277,442
Nc1ccccc1C(=O)CCCN1CC[C@H]2[C@@H](C1)c1cccc3c1N2CCC3,9.1,4,8.44938418783069,442
Cc1cccc2c1C(=O)N1CCNC[C@H]1C2,7.017,9,6.648935339947087,147
CN(C)/C=N/N=C/c1cn(S(=O)(=O)c2cccc3ccccc23)c2cccc([N+](=O)[O-])c12,6.258,9,6.310169416768413,1275
Cc1c(Cl)cccc1N1CCN(CCCNC(=O)c2nc(-c3ccccc3)n(-c3ccccc3)c2C)CC1,7.86,7,7.581060173280426,449
O=S(=O)(NCCCN1CCC(c2noc3cc(F)ccc23)CC1)c1ccc2cc(Cl)ccc2c1,8.51,8,8.713331773809522,1276
Cc1c(C(=O)NCCCN2CCN(c3cccc(Cl)c3)CC2)cc(-c2ccccc2)n1Cc1ccccc1,6.749,9,6.699345059523808,445
OC1(c2ccc(Cl)cc2)CCN(CCCc2nc3ccccc3s2)CC1,6.78,9,6.789747097883599,1277
Cc1c(Cn2ncc(N3CCNCC3)cc2=O)cccc1NC(=O)c1ccc(-c2ccccc2)cc1,7.7,1,7.518350222222225,28
O=C(N[C@H]1CC[C@H](CCN2CCC(c3coc4ccccc34)CC2)CC1)c1ccc2c(c1)OCO2,8.06,2,8.072811957671961,1278
O=C1COc2cc(F)c(CCN3CCN(c4cccc5sccc45)CC3)cc2N1,7.089,1,7.35754507275132,566
CSc1ccc2c(c1)N(C[C@H](C)N)CC2,6.783,9,6.669805874338627,872
O=C(NCCCCCCN1CCN(c2nsc3ccccc23)CC1)c1ccccc1,8.399,5,7.5818768518518525,1279
O=C(c1cccn2cc(-c3ccccc3)nc12)N1CCN(CCc2ccc(F)cc2)CC1,7.34,8,7.711332059523807,1280
CN1CCN(c2nc(Nc3ccccc3)c3cn[nH]c3n2)CC1,7.6,8,7.274435025252529,528
COc1cccc(N2CCN(CCCCNC(=O)c3cc4ccccc4o3)CC2)c1,7.4,2,7.192341234487737,99
N#Cc1cnn2ccc(NC(=O)CCCN3CCN(c4cccc(Cl)c4Cl)CC3)cc12,8.25,3,7.616473777777783,891
CCOC(=O)Cn1c(NCCCN2CCN(c3ccccc3)CC2)nc2c1c(=O)n(C)c(=O)n2C,6.0,5,6.363986912698411,1281
COc1ccccc1N1CCN(CCCCNC(=O)c2cc3ccccn3n2)CC1,6.425,9,6.477392358465609,139
COc1cc(F)c(Cl)cc1C1CC1CN,6.745,7,6.639993615079365,69
CN1CCCC(n2nc(Cc3ccc(Cl)cc3)c3ccccc3c2=O)CC1,6.64,6,7.091173752164506,1282
COC(C)CC(=O)N[C@H]1CC[C@H](CCN2CCN(c3cccc4c3OCO4)CC2)CC1,7.61,6,7.598922688552185,4
O=C1[C@@H]2[C@H](C(=O)N1CCCCN1CCN(c3cccc4ccsc34)CC1)[C@H]1C=C[C@@H]2C1,7.497,3,7.287646255291005,1283
CCc1nc(N)[nH]c1-c1cn(S(=O)(=O)c2ccccc2)c2ccccc12,6.97,10,6.521902802429056,48
Fc1ccc2c(C3=CCCNC3)n[nH]c2c1,7.238,9,7.308471109788361,658
O=c1n(CCCCCCN2CCN(c3cccc4c3OCCO4)CC2)nc2ccccn12,6.36,10,6.864680600529107,1284
Cc1c(C(=O)NCCCN2CCN(c3ccccc3Br)CC2)cc(-c2ccccc2)n1C,6.658,4,6.968880714285716,13
Cc1c(Cl)cc2c(c1Cl)CCN2C(=O)Nc1cccnc1,7.497,10,6.831796415584419,447
O=S(=O)(c1ccccc1)c1c[nH]c2cccc(CCN3CCCCCC3)c12,7.401,10,7.0231713584656035,1285
CCC1(C)CC(=O)N(CCCCN2CCN(c3cccc4sccc34)CC2)C(=O)C1,7.588,10,7.262981608465609,1039
CCSc1cc(OC)c(CC(C)N)cc1OC,8.265,8,7.900071358465609,188
O=S(=O)(NCCCN1CCC(c2noc3cc(F)ccc23)CC1)c1ccc2ccccc2c1,8.551,8,8.825966539682527,1276
O=C(N[C@H]1CC[C@H](CCN2CCC(c3noc4cc(F)ccc34)CC2)CC1)C1COc2ccccc2O1,8.59,10,8.469810484126981,1286
Cc1noc(C)c1-c1cc(NC(=O)C2CC2)ccc1OCCN1CCCC1,8.113,9,7.741546470418467,1287
Nc1ccc2c(c1)N(CCCCN1CCN(c3cccc4sccc34)CC1)S(=O)(=O)CC2,8.551,8,7.286082616402118,1288
N#CCC(=O)N[C@H]1CC[C@H](CCN2CCC(c3noc4cc(Cl)ccc34)CC2)CC1,7.809,1,7.813916636604133,109
Cc1ccn2c(=O)c(CCN3CC[C@H]4[C@@H](C3)c3cccc5c3N4CCN5C)c(C)nc2c1,6.152,5,7.074468902116403,1289
OC1(c2ccc(Cl)c(C(F)(F)F)c2)CCN(CCCC(c2ccc(F)cc2)c2ccc(F)cc2)CC1,6.441,6,6.3242523036315585,1290
O=C1c2ccccc2S(=O)(=O)N1CCCCCN1CCN(c2ccccc2)CC1,6.5,10,6.496959257936504,5
Cc1noc(C)c1-c1cc(NC(=O)[C@@H]2C[C@@H]2F)ccc1OCCN1CCCC1,8.207,9,8.200209926767675,1287
O=S(=O)(NCCCN1CCN(c2nsc3ccccc23)CC1)c1cc2ccccc2s1,7.959,5,8.085438362433852,1195
CC(=O)c1c(C)cc2oc(=O)cc(C)c2c1OCCCN1CCN(c2ccccc2C#N)CC1,7.19,10,6.912186027777779,427
Cc1cc2c(cn1)C(=O)N(CCN1CCC(c3noc4ccccc34)CC1)CC21CC1,8.66,6,8.40935254761904,1291
CC(C)COc1ccc(CC2=NOC3(CCN(C)CC3)N2Cc2ccc(F)cc2O)cc1,8.0,5,7.681473652116403,1292
COc1ccc(CN(C(=O)OCc2ccc(OC(C)C)cc2)C2CCN(C)CC2)c(Cl)c1,7.801,4,8.056124595238092,74
Cn1cc(C(F)(F)F)c(C(=O)N2CCN(CC(=O)c3ccc(F)cc3)CC2)n1,7.55,3,8.040478769841265,162
Clc1cccc(N2CC[C@H]3CNC[C@H]32)c1,6.38,8,6.8438783015873,1293
CN1CCC(N(Cc2ccc(F)cn2)C(=O)NCc2ccc(OCC(F)(F)F)c(Br)c2)CC1,8.018,1,7.722280968253967,225
CCCCOc1ccc(CN(Cc2cnn(C)n2)C(=O)N[C@H]2CCN(C)CC23CC3)cc1F,8.0,1,8.029372252645507,457
O=C(O)C1CC(N2CCN(C3=Cc4ccccc4Cn4ccnc43)CC2)C1,6.1,4,6.861629171957674,1294
O=C(N[C@H]1CC[C@H](CCN2CCC(c3cccc4occc34)CC2)CC1)C1CCOCC1,8.66,9,8.41854160846561,1295
CC(CCN1CCN(c2ccccc2)CC1)NS(=O)(=O)c1ccc2ccccc2c1,7.9,6,6.978210956349206,559
CN1CCC(N(Cc2ccc(F)cn2)C(=O)NCc2ccc(OC(F)F)cc2)CC1,8.0,1,8.146588345238097,225
O=C(NCc1ccc(OCC2CC2)cc1)N(Cc1ccc(F)cn1)C1CCNCC12CC2,8.0,2,7.9138930158730165,1296
CCOc1cc2c3c(c1OC)-c1cc(OC)c(OC)cc1C[C@@H]3N(C)CC2,6.29,5,6.483753423280428,78
CC(=O)N1CCN(CCOc2ccc(NC(=O)c3cccc(C(F)(F)F)c3)cc2-c2ccnn2C)CC1,8.37,8,8.279070563492061,265
Cc1ncnc(C)c1-c1cc(NC(=O)CNC2CCCC2)ccc1OCCN1CCCC1,6.91,9,7.642712334656088,1297
C=CCOc1c(OC)cc2c3c1-c1cc(N(C)C)ccc1CC3N(C)CC2,6.499,1,6.399144448412697,78
O=c1c2ncccc2ccn1CCN1CCN(c2noc3ccccc23)CC1,7.721,2,8.106125863756615,1298
Nc1nc(SCCN2CCN(Cc3cccc(C(F)(F)F)c3)CC2)nc(N)c1Cc1ccccc1O,7.03,1,7.374642321428573,475
COc1ccccc1N1CCN(CCCCN2C(=O)C3C4C(C)=CC(OC(C)=O)(CC4C)C3C2=O)CC1,6.13,9,6.2730000317460295,577
O=C(NC1CC1)c1cc(OCCCCN2CCC(c3noc4cc(F)ccc34)CC2)ccn1,6.779,4,7.579520082251078,1299
COc1ccc(N2CCN(CCCOc3c(C)cc(C)cc3C)CC2)cc1,6.111,8,6.710779871693124,294
Cn1ncc(Br)c1-c1cccc(NC(=O)Nc2ccc(Cl)cc2)c1,7.72,8,7.206629272486774,102
COC(CC(=O)N[C@H]1CC[C@H](CCN2CCC(c3coc4ccccc34)CC2)CC1)OC,8.23,3,8.109922264790768,181
O=C1CC(c2c[nH]c3ccccc23)C(=O)N1CCCCN1CCC(c2c[nH]c3ccc(F)cc23)CC1,7.15,3,7.095671215608465,760
CC(C)COc1ccc(CNC(=O)N(Cc2ccc(F)cn2)C2CCN(C)C3(CC3)C2)cc1,8.096,7,8.160930992063498,1300
Cc1cc2c(cc1OCCCCN1CCN(c3cccc4cc(F)ccc34)CC1)C(=O)NC2,7.53,10,7.554436198412695,190
CCCc1nc(C(=O)NCCCN2CCN(c3cccc(Cl)c3Cl)CC2)c(C)n1-c1ccccc1F,7.679,10,7.389196816137566,101
COc1c(OCCOCCOCCOCCOCCOCCOCCOCCOCCOCCOCCOCCOc2ccc(C3CCN(c4ccn5c(CC6CC6)nnc5c4Cl)CC3)cc2)cccc1C(=O)C1CCN(CCc2ccc(F)cc2)CC1,6.425,2,6.8396382380952385,1301
Cc1ccc2on(C[C@@H]3C[C@H]4c5ccccc5Oc5ccc(Br)cc5[C@H]4O3)c2c1,7.44,3,6.875939321428565,1080
N#Cc1ccc2on(C[C@@H]3C[C@H]4c5ccccc5Oc5ccc(Br)cc5[C@H]4O3)c2c1,6.731,10,6.7294240488215475,1080
COc1ccc2[nH]nc(C3=CCCNC3)c2c1,6.27,4,7.361752456950452,658
Cn1c(=O)c2c(nc3n2CCCN3CCCCN2CCN(c3ccccc3)CC2)n(C)c1=O,6.61,9,6.445078961640213,1302
[2H]C([2H])([2H])Oc1cc(C(C)(C)C)c(OC([2H])([2H])[2H])cc1CCN,7.959,4,8.068391374338624,188
COc1cc(C(C)(C)C)c(OC)cc1CCN,8.19,1,7.848979236772485,188
CN1C2CCC1CC(OC(c1ccc(F)cc1)c1ccc(F)cc1)C2,7.76,10,7.741744664021156,736
COc1ccccc1CCCN1CC[C@@H]2[C@H](C1)c1cccc3c1N2CCC3,7.745,9,7.2691190307840365,1303
COc1ccccc1CCCN1CC[C@H]2[C@@H](C1)c1cccc3c1N2CCC3,7.244,5,7.59365594047618,1303
Cc1c(C(=O)NCCN2CCN(c3cccc(Cl)c3Cl)CC2)cc(C(C)(C)C)n1C,7.301,7,6.867239548941793,960
O=C(COc1ccc(-c2ccc(Cl)cc2)cc1)Nc1ccc(CN2CCCCC2)cc1,7.04,10,6.9816425345117885,1304
Cc1cnoc1C(=O)Nc1ccc(OC[C@H]2CCCCN2)c(-c2c(C)ncnc2C)c1,7.565,4,7.493167958994709,1305
CCCCOc1ccc(CN(Cc2coc(C)n2)C(=O)N[C@H]2CCN(C)CC23CC3)cc1F,8.0,4,7.996193472582977,1306
COc1cccc2c1-c1c(ccn1CC(C)N)C2,6.4,1,6.76844434307359,315
COc1ccc(C2NCCc3c2[nH]c2ccc(Cl)cc32)cc1OC,7.091,10,6.739224682780181,44
N#Cc1ccc(C(=O)N[C@H]2CC[C@H](CCN3CCN(c4nccc5c4CCO5)CC3)CC2)cc1,7.89,6,7.897554140211642,824
Cn1ccc2cc(S(=O)(=O)N[C@@H]3CCN(CCCc4noc5ccccc45)C3)ccc21,9.61,5,8.881147417989421,1307
Cn1ccc2cc(S(=O)(=O)N[C@H]3CCN(CCCc4noc5ccccc45)C3)ccc21,9.35,7,9.064192746031747,1307
Cc1ncnc(C)c1-c1cc(NC(=O)c2cccc(C#N)c2)ccc1OCCN1CCC1,8.77,4,8.156734883597881,678
O=C1[C@@H]2[C@H]3CC[C@H](C3)[C@@H]2C(=O)N1CCCCCCN1CCN(c2cccc(Cl)c2Cl)CC1,6.79,1,6.808344939153439,933
COCc1ccc(CCN2CCC(COc3nc4ccccc4c4cn(C)cc34)CC2)cc1,6.7,7,7.201941878306875,491
O=C1NCc2cc(F)c(OCCCN3CCN(c4cccc5ccccc45)CC3)cc21,7.49,9,7.99523769312168,133
CCc1ccc2c(c1)Oc1cc(Cl)ccc1N=C2N1CCN(CC(C)(C)C(=O)O)CC1,7.888,7,7.858332057479558,605
CC(C)COc1ccc(CN(Cc2ccn(C)n2)C(=O)N[C@@H]2CCNC[C@H]2F)cc1,7.26,4,7.95295977777778,193
CC(C)(C)c1ccc(C(=O)CCCN2CCC(OC(c3ccccc3)c3ccccc3)CC2)cc1,7.315,8,7.116052624819625,1308
c1ccc2cc(COC3CCNCC3)ccc2c1,6.156,4,6.963998404761907,1309
Cc1nc2ccc(CCCCCN3CCN(c4cccc5sccc45)CC3)cc2c(=O)[nH]1,6.11,1,7.013149456349201,954
O=C1NCc2ccc(OCCCCN3CCN(c4cccc5cc(F)ccc45)CC3)cc21,8.02,3,8.136350390211641,190
O=c1ccc(-n2ccc3ccccc32)nn1CCCCN1CCN(c2cccc(C(F)(F)F)c2)CC1,7.08,6,6.6642372380952395,1310
CCCCC(=O)N[C@H]1CC[C@H](CCN2CCC(c3cccc4c3CCO4)CC2)CC1,6.988,1,7.129695850048095,224
Cc1cccc(N2CCN(CCCNC(=O)c3cn[nH]c3C)CC2)c1,7.481,10,6.993945900793651,1311
O=S(=O)(c1cncc2ccccc12)N1CCC[C@@H]1CCN1CCN(c2cccc3[nH]ccc23)CC1,7.12,5,6.961555907768158,1312
O=S(=O)(c1cncc2ccccc12)N1CCC[C@H]1CCN1CCN(c2cccc3[nH]ccc23)CC1,7.09,10,6.927586686507933,1312
Cc1cccc(N2CCN(CCCNC(=O)c3nc(C)n(-c4ccccn4)c3C)CC2)c1C,6.529,4,6.939373953703702,1313
CN(C1CCN(CCOc2ccccc2C(C)(C)C)CC1)S(=O)(=O)c1cnn(C)c1,6.252,6,6.855514464285712,513
FC(F)(F)c1ccc(-c2nc(Cc3ccccc3)nc3c2CCNCC3)cc1,9.1,10,8.50288990873017,504
C[C@H](N)Cc1cccc(C(F)(F)F)c1,6.73,3,6.8869540992063545,188
CC(=O)c1c(OCCCN2CCN(c3ccccc3Cl)CC2)ccc2c(C)cc(=O)oc12,7.659,6,7.80143808333334,686
O=C1c2cccc3cccc(c23)N1CCCCCCN1CCN(c2ccc(Cl)c(Cl)c2)CC1,6.309,9,6.4522536111111135,357
CNC(=O)c1cc(Oc2ccc(NC(=O)Nc3ccc(Cl)c(C(F)(F)F)c3)cc2)ccn1,6.071,4,6.632291101851849,1314
CCCC(=O)N[C@H]1CC[C@H](CCN2CCC(c3cccc4c3OCO4)CC2)CC1,7.45,10,7.601313156084656,62
CC(C)COc1ccc(CNC(=O)N(Cc2ccc(F)cn2)C2CCN(C)CC2)cc1,7.925,7,8.059144306036556,225
O=S(=O)(c1ccc2ccccc2c1)N(CCCN1CCN(c2ccccc2)CC1)CC1CC1,7.447,5,7.096066791005293,1183
Cc1ncnc(C)c1-c1cc(NC(=O)[C@@H]2C[C@H]2F)ccc1O[C@@H]1CCCNC1,7.724,2,7.858303469576719,1315
Cc1ncnc(C)c1-c1cc(NC(=O)[C@@H]2C[C@@H]2F)ccc1O[C@@H]1CCCNC1,7.893,2,7.858303469576719,1315
COc1ccccc1-n1c(C)nc(C(=O)NCC(O)CN2CCN(c3cccc(Cl)c3Cl)CC2)c1C,7.282,4,7.167270205026448,101
Cn1cc(Br)c(C(=O)N2CCN(CCc3cccc(F)c3)CC2)n1,6.268,6,7.945473859788358,63
CN(C)CC1CC2c3cccc(C(F)(F)F)c3Cc3ccccc3N2O1,6.0,7,7.4777213626743695,309
CC(C)COc1ccc(CNC(=O)N(Cc2ccc(F)cc2)C2CCN(CCN(C)C)CC2)cc1,7.12,10,7.907000195767195,18
CC(C)COc1ccc(CN(Cc2cocn2)C(=O)NC2CCN(C)CC2)cc1,8.0,7,7.873751317460327,552
c1cc(CC2CCCCO2)c2c(n1)N1CCNC[C@H]1CC2,6.67,3,7.078189444444441,1316
COc1ccc(N2Cc3c(F)c(F)cc(Cl)c3C2=O)cc1OCCN1CCC(C)CC1,6.3,1,6.529238140211638,71
CNC(C)c1ccccc1Oc1ccc(Cl)cc1,6.75,5,6.830517439153437,6
C[C@@H]1CNC[C@H]2c3cccc(C(F)(F)F)c3C(=O)N12,6.985,2,6.717563873015875,184
C[C@H]1CNC[C@H]2c3cccc(C(F)(F)F)c3C(=O)N12,6.433,7,6.980802112433868,184
CC(=O)NC1CCN(Cc2ccc(CCNC(=O)c3ccc(-c4ccc(F)cc4)cc3)cc2)CC1,6.442,9,7.017128198412698,124
O=C1c2ccccc2CCCN1CCN1CCC(Oc2ccccc2)CC1,6.81,9,7.29178075925926,1079
CC(=O)N[C@H]1CC[C@H](CCN2CCN(c3nsc4ccccc34)CC2)CC1,8.238,1,9.284168308201066,328
CCNCc1ccc(Cl)c(-c2ccccc2OC)c1,6.04,4,6.532211190476193,203
N#Cc1ccc(C(=O)N[C@H]2CC[C@H](CCN3CCC(c4coc5ccccc45)CC3)CC2)cc1,8.23,2,8.179245841269843,55
Cc1ccc2c3c1C(C)CN3CCNC2,7.058,2,6.7523358994708955,281
COc1cccc(NC(=O)NCCCN2CCC(Cc3ccccc3)CC2)c1,6.21,6,6.493060064814816,517
O=C1Nc2ccccc2C12CCN(CCN1CCN(c3ccc(Cl)c(Cl)c3)CC1)C2,6.57,10,6.616998006613762,664
O=S(=O)(c1cccc2cccnc12)N(CCCN1CCN(c2cccc(C(F)(F)F)c2)CC1)CC1CC1,7.122,10,7.050450687830688,312
O=C(N[C@H]1CC[C@H](CCN2CCC(c3cccc4c3CCO4)CC2)CC1)c1ccc(-c2cccnc2)cc1,7.59,3,7.49974646164021,1317
O=C(N[C@H]1CC[C@H](CCN2CCC(c3coc4ccccc34)CC2)CC1)C(F)(F)F,8.06,1,8.18964266666666,181
Cc1nc(CN(Cc2ccc(OCC(C)C)cc2)C2=NOC3(CCN(C)CC3)N2)c(C)o1,7.26,1,7.698048805555562,657
c1ccc(CCN2CCC(c3c(-c4ccccc4)[nH]c4ccccc34)CC2)cc1,9.31,3,7.746028482804225,1318
CCC(C)(CC)NC1=NCCNC(c2ccc(C)cc2)=C1,7.83,8,7.320997501442995,285
O=S(=O)(NCCCN1CCN(c2noc3ccccc23)CC1)c1ccc(OC(F)(F)F)cc1,6.02,1,7.184123325396826,1319
Cn1cnc2c1CCCN(CCN1CCC(c3noc4ccccc34)CC1)C2=O,8.72,1,8.320765464285712,1320
COc1cc(Br)c(OC)c2c1[C@H](CN)C2,9.458,4,8.225123555555554,1321
COc1cc(Br)c(OC)c2c1C(CN)C2,9.138,8,8.312190371693108,1321
COc1cc(Br)c(OC)c2c1[C@@H](CN)C2,7.82,10,8.80597806084656,1321
O=C1Cc2cc(CCN3CCN(c4cncc5sccc45)CC3)c(Cl)cc2N1,6.94,5,7.092373030423279,1322
O=S(=O)(c1cncc2ccccc12)N1CCC(CCN2CCN(c3cccc(C(F)(F)F)c3)CC2)CC1,6.79,4,6.518883202380951,487
O=C(N[C@H]1CCN(Cc2ccc(F)cc2)C1)c1ccc(-c2cccs2)cc1,7.852,7,7.450110862433859,392
CS(=O)(=O)N[C@H]1CC[C@H](CCN2CCC(c3noc4ccc(F)cc34)CC2)CC1,7.56,9,7.840705236772486,109
OC1(c2ccc(Cl)cc2)CC2CCC(C1)N2CCCSc1ccc(F)cc1,7.05,8,6.757566998556996,1323
CCN(C(=O)Cc1ccc(S(=O)(=O)N(C)C)cc1)C1CCN(CCC(c2ccccc2)c2ccccc2)CC1,6.098,1,7.170806422059423,1324
S=C(NCCN1CCN(c2ncccn2)CC1)C12CC3CC(CC(C3)C1)C2,7.21,6,7.21635210846561,1325
O=C(CO)N[C@H]1CC[C@H](CCN2CCC(c3noc4cc(F)c(F)cc34)CC2)CC1,7.93,1,7.795649013227513,109
O=S(=O)(c1cccc2ncccc12)N1CCC(CCN2CCN(c3cccc(Cl)c3Cl)CC2)CC1,6.54,4,6.604490458994708,41
CN1CCc2cc(-c3ccc(O)cc3)c(O)cc2C(c2ccccc2)C1,6.08,1,7.008265791005288,995
OCC1CCN(Cc2ccc(OCCCc3ccc(-c4ccc(Cl)cc4)nn3)cc2)CC1,6.101,5,6.599749869047621,1185
COc1ccc2c(c1)CC(CN1CCN(c3ccccc3OC)CC1)CC2=O,6.05,9,6.384882150793652,1326
c1ccc(CCN2C3CCC2CC(N2CCC(c4c(-c5ccccc5)[nH]c5ccccc45)CC2)C3)cc1,8.755,5,8.176549970899467,1327
Cc1ccc(N(CC2=NCCN2)c2cccc(O)c2)cc1,6.72,7,6.913803813492064,1328
CNCc1cc(Cl)ccc1Oc1ccc(Cl)c(Cl)c1,6.369,4,6.64785774074074,6
CN1CCC(N(Cc2ccc(F)cn2)C(=O)NCc2ccc(OCCCC(F)F)cc2)CC1,8.245,2,8.225283489417986,225
CCCCCc1cc(OC)c(CC(CC)NCc2ccccc2OC)cc1OC,8.815,8,8.456954382034635,115
CC(C)c1ccc(Nc2nc(N3CCN(CCO)CC3)nc3ccccc23)cc1,6.828,5,6.644598705026449,214
O=S(=O)(NCCN1CCN(c2nsc3ccccc23)CC1)c1ccc2ccccc2c1,9.048,4,8.657055838624336,1329
COCCN(C)CCOc1ccc(NC(=O)C2CC2)cc1-c1c(C)ncnc1C,7.493,10,7.295084373015873,96
O=C1c2c(Cl)cccc2C[C@@H]2CNCCN12,6.545,9,6.737130863756615,147
CN(C)[C@@H]1Cc2ccccc2[C@@H](c2cccc(C(F)(F)F)c2)C1,7.1,9,7.0326654380711835,217
CC[C@@H]1O[C@](/C=C/C2CC2)(C(F)(F)F)c2c(ccc(F)c2F)NC1=O,4.82,9,7.2517427089947155,1330
Cc1ccc(C2=CC(NC(C)(C)C)=NCCN2)c(F)c1,7.85,3,7.429316746031747,285
CN1CCC(NC2=Nc3cc(Cl)ccc3Oc3ncccc32)CC1,6.45,2,6.825533497354496,1331
Cc1nc(C(=O)NCCCN2CCN(c3cccc(Cl)c3Cl)CC2)c(C)n1-c1ccccc1C(F)(F)F,7.238,7,7.479157494708996,101
CN(C)CC1CC2c3ccccc3Cc3ccc(F)cc3N2O1,8.94,1,7.8213768333333356,309
CCCCOc1cc2c(cc1OC)-c1c(OC)c(OC)cc3c1[C@H](C2)N(C)CC3,6.57,5,6.482823882275135,78
O=C(N[C@H]1CC[C@H](CCN2CCN(c3nccc4c3CCO4)CC2)CC1)c1cnc(N2CCOCC2)cn1,7.74,9,7.8521525608465605,1332
CNCCc1c[nH]c2cccc(O)c12,8.21,3,7.321038115079359,86
Cc1cccnc1-c1ccc(C(=O)NC/C=C/CN2CCN(c3cccc(Cl)c3Cl)CC2)cc1,7.329,7,7.025710094997597,949
COc1ccc2c(c1Cl)CCNCC2,7.21,5,6.971061777777779,39
O=S(=O)(NCCCN1CCC(c2noc3cc(F)ccc23)CC1)c1cccc2ccccc12,8.77,2,8.87398486507936,1333
Cn1ncc(Br)c1-c1cccc(NC(=O)Nc2ccc(OC(F)(F)F)cc2)c1,6.92,6,7.544304744708996,102
O=c1[nH]c2ccc(CCN3CCN(c4cccc5sccc45)CC3)cc2s1,8.12,5,7.3971645370370345,1334
Cc1nc(CN(Cc2cn3ccccc3n2)C2=NOC3(CCN(C)CC3)N2)co1,7.26,5,7.676783281746032,1335
CNCc1cc(OCc2cc(C)ccc2F)n(C(C)C2CCCCC2)n1,8.601,5,8.737279642857148,91
CC1(CN)c2ccccc2Cc2ccccc21,7.189,5,6.767436266594519,151
CCOC1CC1C(=O)Nc1ccc(OCCN2CCC2)c(-c2c(C)noc2C)c1,7.11,10,7.975360058201054,37
CCC(=O)N[C@H]1CC[C@H](CCN2CCC(c3coc4ccccc34)CC2)CC1,8.347,7,8.258426955026454,181
Cc1ncnc(C)c1-c1cc(NC(=O)c2ccccc2)ccc1OCCN1CCCC1,8.351,1,8.178988678571429,499
COc1ccc2[nH]cc(CCN3CCN(c4cccc5sccc45)CC3)c2c1,7.592,9,6.973530965608465,630
O=C1Nc2ccccc2C12CCN(CCN1CCN(c3ccccc3Cl)CC1)C2,6.34,4,6.79770534126984,664
CN1C(=N)N(C)/C(=C/c2c[nH]c3cc(F)ccc23)C1=O,6.63,2,7.078378415343914,187
COc1ccc(NC(=O)Nc2ccc(F)cc2)cc1-c1c(Br)cnn1C,9.6,5,9.144163029100527,102
Cc1cc2c(cn1)C(=O)N(CCN1CC=C(c3noc4ccccc34)CC1)CC2,7.942,1,8.399741441798948,1336
Cc1ccc(-n2nc(C(C)(C)C)cc2NC(=O)Nc2ccc(OCCN3CCOCC3)c3ccccc23)cc1,9.432,10,7.079895924843674,1337
O=C(CCCN1CCCN(c2ccc(Cl)cc2)CC1)c1ccc(F)cc1,7.63,4,7.153221822751322,1338
O=C(N[C@H]1CC[C@H](CCN2CCN(c3nccc4c3CCO4)CC2)CC1)c1ccnc2ccccc12,8.44,9,7.728771614718614,1339
CN1C(=O)c2c(cccc2C(F)(F)F)[C@H]2CNC[C@@H]21,7.063,1,6.885844170634923,33
Cc1cc(OCCCN2CCC(c3noc4cc(F)ccc34)CC2)ccc1CN1CCOCC1,8.29,5,8.162938948412709,226
CN1CCN(Cc2ccc(OCCCN3CCC(c4noc5cc(F)ccc45)CC3)cc2)CC1,8.329,10,8.113427547619043,1340
O=C1Cc2cc(CCN3CCN(c4nsc5ccccc45)CC3)c(Cl)cc2N1,9.781,1,9.284299211640212,1341
CCOc1ccccc1-c1cc(Cl)cc2c1N1CCNCCC1C2,6.66,5,6.8935602936507925,473
COc1ccc(CCN(CCCc2ccc(Br)cc2)CCc2ccc3c(c2)OCO3)cc1OC,6.66,10,6.847401122507123,47
O=S1(=O)c2ccccc2CCC12CCN(CCc1ccc(F)cc1F)CC2,9.39,1,8.567508952380953,1342
Cc1ccccc1C(=O)Nc1ccc(OCCN2CCC2)c(-c2c(C)ncnc2C)c1,7.59,7,8.116087690476188,678
COc1ccc(Cn2nnc(C(=O)NCCCCCN3CCN(c4cccc(Cl)c4Cl)CC3)c2C)cc1,8.492,6,7.697878332010586,477
O=C(Cc1noc2ccccc12)N[C@H]1CC[C@H](CCN2CCN(c3nccc4c3CCO4)CC2)CC1,7.56,3,7.7015311494709024,1343
CCN(CCN1CCC(c2noc3cc(F)ccc23)CC1)C(=O)C1(O)CCOCC1,8.82,5,8.702505158730167,1344
CCCCC(C)Oc1cc2c(cc1OC)-c1c(OC)c(OC)cc3c1[C@H](C2)N(C)CC3,6.35,1,6.688716328042329,78
CC(C)N1CCC(N(Cc2ccc(F)cn2)C(=O)NCc2ccc(OCC(F)(F)F)cc2)CC1,8.003,10,7.928654071428574,225
O=C1CN2c3c(cccc3[C@@H]3CN(CCCOc4ccc(F)cc4)CC[C@@H]32)N1,8.08,9,8.027721511904762,210
O=C1CN2c3c(cccc3[C@H]3CN(CCCOc4ccc(F)cc4)CC[C@H]32)N1,7.959,1,8.064152961640211,210
CCc1ccc2c(c1)Oc1cc(C)ccc1N=C2N1CCN(CC2(C(=O)O)CC2)CC1,7.888,10,7.807927328042327,59
O=C(CCCN1CCN(c2ccc(Cl)cn2)CC1)c1ccc(F)cc1,7.34,1,7.634322502645507,675
c1ccc(-c2c3c(nn2-c2ccccc2)CCNCC3)cc1,6.22,3,7.466805246031748,1345
Cc1nc2c(o1)C(=O)N(CCN1CCC(c3noc4ccccc34)CC1)CCC2,7.881,4,8.171596424603178,1346
O=C(NCCCCN1CCN(c2cccc3ccccc23)CC1)c1ccccc1,8.521,4,7.529223511904757,1347
Fc1ccc(CCN2CCC3(CCc4ccccc4C3)CC2)c(F)c1,8.539,10,8.534509726190475,1348
O=C(NC/C=C/CN1CCN(c2cccc(Cl)c2Cl)CC1)c1ccc(-c2cccc[n+]2[O-])cc1,7.24,8,7.358055277777777,1349
O=C(c1ccccc1F)N1CCC(CCc2ccc(F)cc2F)CC1,8.409,4,7.951071384439639,1350
O=C1NCc2ccc(OCCCCN3CCN(c4cccc5ccccc45)CC3)c(F)c21,8.97,2,8.544533296296295,190
O=C1c2c(cccc2C(F)(F)F)C2CNCCN12,6.92,9,6.892311206349209,184
O=C1c2c(cccc2C(F)(F)F)[C@@H]2CNCCN12,6.991,6,6.86186954629629,184
CCCCN(C(=O)N[C@H]1CC[C@H](CCN2CCN(c3nsc4ccccc34)CC2)CC1)c1ccccc1,7.97,5,7.719720449735455,535
Cc1ncnc(C)c1-c1cc(NC(=O)C2CC2)ccc1O[C@@H]1CCCNC1,8.137,4,7.307139574074077,1315
CCOC(=O)Cc1nn(CNC(=O)CCCN2CCN(c3ccc(C)c(C)c3)CC2)c(=O)c2ccccc12,8.05,2,7.021095424603174,153
c1cc(Cc2ccc3c(c2)OCO3)c2c(c1)N1CCNCC1CC2,7.75,9,7.32542534126984,1351
C[C@@H](N)Cn1ccc2cc(F)c(F)cc21,7.0,2,7.059500895502643,86
C[C@H](N)Cn1ccc2cc(F)c(F)cc21,7.205,8,6.9227266984126965,86
Cc1ccc2onc(C3CCN(CCN4CCc5cccnc5C4=O)CC3)c2c1,8.098,10,7.556778186507936,228
Oc1ccc(-c2ccc(CNCCc3c[nH]c4cc(F)ccc34)o2)cc1,7.019,4,7.627573452501207,481
O=C(N[C@H]1CC[C@H](CCN2CCN(c3nsc4ccccc34)CC2)CC1)C(F)(F)F,9.2,9,9.217900485449738,328
N#Cc1c(CN2CCN(CCc3ccccc3)CC2)cn2ccccc12,7.23,7,7.216043229797979,1352
CCCCOc1ccc(CN(Cc2coc(C)n2)C2=NOC3(CCN(C)CC3)N2)cc1,8.0,9,7.8474050555555594,657
Cc1noc2ccn(CCN3CCN(c4nsc5ccccc45)CC3)c(=O)c12,8.398,8,8.685981878306876,1353
Cc1c(Cl)cccc1N1CCN(CCCNC(=O)c2nc(C)n(C3CCCC3)c2C)CC1,7.092,3,7.288460587301585,510
O=c1c2ncccc2ccn1CCN1CCC(c2noc3cc(F)ccc23)CC1,8.55,10,8.275237198412695,1354
COC1(C(=O)Nc2ccc(OCCN3CCCC3)c(-c3c(C)ncnc3C)c2)CC1,8.028,6,7.747993845238097,1355
COc1cc(CCNCc2cccc(O)c2)c(OC)cc1Br,7.866,5,8.089259650793647,115
O=c1[nH]c(CCN2CCN(c3cccc4sccc34)CC2)nc2ccccc12,7.67,5,7.3637761319143795,1356
CN1CCC(N(Cc2ccc(F)cn2)C(=O)NCc2ccc(OCCCC(F)(F)F)cc2)CC1,8.565,4,7.820318615079364,225
COc1ccc(NC(=O)Nc2ccc(OCCN3CCCCC3)c(-c3ccnn3C)c2)cc1,9.27,1,8.751826654761903,90
CC(=O)NC1CCN(Cc2ccc(OCCCc3ccc(-c4ccc(F)cc4)nn3)cc2)CC1,6.15,2,6.917903171041921,1185
CN(C)CCc1cn(C)c2cccc(O)c12,6.199,5,6.916449657407412,86
O=C(NCCC(O)CN1CCN(c2cccc(Cl)c2Cl)CC1)c1cc2ccccc2[nH]1,7.319,8,7.164970819291824,549
Cc1nc(C(=O)NCCCN2CCN(c3cccc(Cl)c3Cl)CC2)cc(-c2ccccc2)n1,7.458,9,7.022012259259263,1357
CC(C)COc1ccc(CN(Cc2ccn(C)n2)C(=O)NC2CCN(C)C3(CCC3)C2)cc1,8.0,4,7.850775162698416,1358
Cc1ccc(N2CCN(CCC(=O)NCc3nc4ccccc4c(=O)n3-c3ccccc3)CC2)cc1C,6.321,7,6.940674785714282,1359
O=C1CCc2ccc(OCCCCN3CCN(c4cccc(F)c4Cl)CC3)nc2N1,7.51,10,8.37813107671958,436
Cc1noc(C)c1-c1cc(NC(=O)Cc2nccs2)ccc1OC[C@H]1CCCCN1,8.325,4,8.22642190079365,1360
CCCN1C[C@H](C(=O)N2[C@@H](C)C[C@@H]2C)C=C2c3cccc4[nH]cc(c34)C[C@H]21,8.84,2,8.120797341269844,569
O=C(NC1CCc2cc(CCN3CCN(c4nsc5ccccc45)CC3)ccc21)C(F)(F)F,9.82,8,9.374046363395871,26
O=c1n(CCCCCCN2CCN(c3cccc(Cl)c3Cl)CC2)nc2ccccn12,7.33,4,7.0507554060846545,883
Cc1nc2n(c(=O)c1CCN1CCN(c3noc4cc(F)ccc34)CC1)CCCC2O,8.539,1,7.956834198412701,1361
Cc1ncnc(C)c1-c1cc(NC(=O)CCc2cncs2)ccc1OCCN1CCCC1,7.652,9,7.942731990740743,1362
CC(C)=CC(=O)N[C@H]1CC[C@H](CCN2CCN(c3nccc4c3CCO4)CC2)CC1,7.79,4,7.8409923333333325,12
CCc1cc2c(cn1)C(=O)N(CCN1CCN(c3nsc4ccccc34)CC1)CC2,9.161,9,8.987984697089955,236
COc1cc2c3c(c1)-c1c(cccc1OC(=O)c1ccc(F)cc1)C[C@H]3N(C)CC2,6.35,10,6.87543249470899,1363
NC[C@H]1C[C@@H]1c1ccccc1O,6.29,4,6.6746140978836035,69
O=C1CCc2cc(OCCCN3CCN(c4ccccn4)CC3)ccc2N1,6.52,10,6.778790220899472,1364
O=C(N[C@H]1CC[C@H](CCN2CCC(c3cccc4c3OCO4)CC2)CC1)C1CCC1,7.771,6,7.796351085978834,1231
Cc1cc(OCCCN2CCN(c3ccccc3F)CC2)c2c(C)cc(=O)oc2c1,7.26,5,7.081830600529101,427
CCOc1ccc(NC(=O)Nc2ccc(Cl)cc2)cc1-c1c(Br)cnn1C,9.2,7,9.121252182539685,102
CNCCc1c[nH]c2ccccc12,7.29,9,7.314556636483889,86
Fc1ccc(C(c2ccc(F)cc2)N2CCN(CCCCc3nc4ccccc4s3)CC2)cc1,6.285,1,6.705435293650792,1365
O=C1c2ccccc2S(=O)(=O)N1CCCCCCN1CCN(c2ccccc2C(F)(F)F)CC1,6.038,10,6.746491097883597,141
Cc1c(F)ccc(CN(C(=O)OCc2ccc(OC(C)C)cc2)C2CCN(C)CC2)c1F,10.0,2,7.999386625661375,74
O=c1ccc2ccc(CCCCCN3CCN(c4cccc5sncc45)CC3)cc2[nH]1,6.45,8,7.2277579682539725,1366
CN1CCC(N(Cc2ccc(F)cn2)C(=O)NCc2ccc3c(c2)CC(C)(C)O3)CC1,8.566,3,8.1731161468254,272
CCCc1cnc2c(c1CC)CC[C@@H]1CNCCN21,7.61,8,6.893490794973542,450
Cc1ccc2c(c1)Oc1cc(Cl)ccc1N=C2N1CCN(CC2(C(=O)O)CC2)CC1,7.89,1,7.849010103174606,59
CCCN(CCC)CCc1c[nH]c2ccc(F)cc12,6.65,6,6.630780685185184,86
CC(C)C(=O)NC1CCc2ccc(CCN3CCN(c4nsc5ccccc45)CC3)cc21,9.12,6,9.709013013227516,26
O=[N+]([O-])c1ccc2c(c1Cl)CCNCC2,7.291,10,7.013440617845119,39
COc1cccc(NC(=O)Nc2ccc(OCCN3CCCCC3)c(-c3ccnn3C)c2)c1,8.48,10,8.857778859788356,90
COc1cc2c(cc1C(F)(F)F)N(C(=O)Nc1ccc(C(C)(C)C)c(-c3cccnc3)c1)CC2,6.0,5,6.878431792328044,324
CCCC(=O)NC1CCc2ccc(CCN3CCN(c4nsc5ccccc45)CC3)cc21,9.348,7,9.661078411375657,26
O=C1CCc2ccc(OCCCN3CCN4c5cccc6scc(c56)CC4C3)cc2N1,6.796,8,6.9250235317460325,1367
c1cnc2c(c1)CC[C@@H]1CNCCN21,4.0,3,6.716806366402117,450
COc1ccc(CCN(CC/C=C\c2ccccc2)Cc2ccc3c(c2)OCO3)cc1OC,6.65,1,6.955513578042325,1368
O=S(=O)(c1cccc2cnccc12)N1CCC[C@H]1CCN1CCN(c2noc3ccccc23)CC1,7.39,10,7.497718595238092,1369
O=C1c2ccccc2C(=O)N1CCCCN1CC=C(c2c[nH]c3ccc(F)cc23)CC1,7.0,8,7.090416411375656,1370
Cc1noc(C)c1-c1cc(NC(=O)C2CC2)ccc1OC[C@H]1CCCN1,7.381,6,7.5522775793650725,1371
COc1c(OCCOCCOCCOCCOCCOc2ccc(C3CCN(c4ccn5c(CC6CC6)nnc5c4Cl)CC3)cc2)cccc1C(=O)C1CCN(CCc2ccc(F)cc2)CC1,6.62,2,6.834942667989416,1372
CCOc1ccc(CCNC(=O)N2CCN(CCCC(c3ccc(F)cc3)c3ccc(F)cc3)CC2)cc1,6.64,3,6.892077242905241,1373
CNCCc1c[nH]c2ccc(OC)cc12,7.879,6,7.374055144179894,86
CC(N)Cn1ccc2c1-c1cc(F)ccc1C2(C)C,7.497,1,6.850687939153437,315
CCCc1nc(C(=O)NCCCN2CCN(c3cccc(C)c3C)CC2)cn1-c1ccccc1,6.878,7,7.257036535714283,101
Cc1nc2n(c(=O)c1CCN1CCN(c3cccc4c3CCS4)CC1)CCCC2O,7.58,6,7.002275044973547,1374
COc1cccc(CNCCc2cc(OC)c(Br)cc2OC)c1,8.005,4,8.071162830687834,115
Nc1nc2ccc(CCN3CCN(c4cccc5sccc45)CC3)cc2s1,8.79,7,7.7855922192159746,1068
Cc1cc(N2CCN(C)CC2)c2c(c1)N(S(=O)(=O)c1ccc3ccccc3c1)C(C)CC2=O,6.151,9,6.9239570502645496,1121
O=C1c2ccccc2CCCN1CCN1CCC(n2nnc3ccccc32)CC1,6.57,8,6.970728435185188,1375
O=S(=O)(c1ccccc1)c1ccc(CCc2ccc(F)cc2F)cc1,8.847,5,8.42230022222222,1376
C[C@@H](N)Cc1ccc2c(c1)OCO2,6.477,1,6.760550828042329,1377
O=C1CCc2ccc(OCCCCN3CCCN(c4cccc(Cl)c4Cl)CC3)cc2N1,8.25,3,7.428151161375663,1378
CC(C)(C)NC1=NCCNC(c2ccccc2F)=C1,7.75,5,7.515780093915338,285
CC(=O)c1c(C)cc2oc(=O)cc(C)c2c1OCCCN1CCN(c2ccccc2F)CC1,7.55,10,7.174346789682537,427
O=C(c1nnc(NC2CCCC2)c2cc(Cl)c(Cl)cc12)N1CCC(O)CC1,4.89,4,7.044090816137568,1379
C/C=C/CC(=O)N[C@H]1CC[C@H](CCN2CCC(c3coc4ccccc34)CC2)CC1,7.911,6,8.025302091269836,181
c1csc(-c2ccnc3c2CC[C@@H]2CNCCN32)c1,7.16,1,7.197698559403554,1380
Cc1ccc2c(c1C)N1[C@H](CNC[C@H]1C)C2,6.99,7,7.440200234126991,2
Cc1ccc2c(c1C)N1[C@@H](CNC[C@H]1C)C2,7.469,8,7.215694078042327,2
c1ccc2c3c([nH]c2c1)CCNCC3,8.0,10,7.135487462962966,1381
Clc1ccccc1-c1cccc2c1N1CCNCCC1C2,7.088,7,6.9575111230158715,473
O=S(=O)(c1ccc(/C=C/c2cccc(F)c2)nc1)c1ccccc1F,6.82,2,8.05403357142857,51
COc1ccccc1N1CCN(CCCC(=O)Nc2ccn3ncc(C=O)c3c2)CC1,6.521,2,6.699329961640212,891
O=S(=O)(N[C@H]1CCN(CCCc2noc3ccccc23)C1)c1cc2ccc(Cl)cc2s1,8.021,10,8.874096051587292,842
O=S(=O)(N[C@@H]1CCN(CCCc2noc3ccccc23)C1)c1cc2ccc(Cl)cc2s1,9.1,4,8.320974773809521,842
Cc1ccc2c(N3CCN(CCc4cccc(NC(=O)c5ccccc5)c4)CC3)cccc2n1,7.1,1,6.903884349206344,1382
COc1ccc(N2CCN(c3ccc(Cl)c(Cl)c3)C2=O)cc1OCCN1CCCCC1,6.2,3,6.2777320740740725,1383
NC[C@H]1C[C@]1(F)c1cccc(F)c1,8.545,6,6.73061292857143,69
CC(C)c1ccccc1OCCN1CCC(N(C)S(=O)(=O)c2ccccc2)CC1,6.58,5,6.541707857142858,1002
O=C(N[C@H]1CC[C@H](CCN2CCC(c3cccc4c3CCO4)CC2)CC1)c1ccnc2ccccc12,7.62,7,7.719835880952379,1384
O=C(N[C@H]1CC[C@H](CCN2CCC(c3noc4cc(F)ccc34)CC2)CC1)c1ccc2c(c1)OCO2,8.77,7,8.311941064814812,1385
O=C(N[C@H]1CC[C@H](CCN2CCC(c3coc4ccccc34)CC2)CC1)C(O)C(F)(F)F,8.22,2,8.197779228835984,181
O=c1n(CCCCN2CCC(c3cc(F)cc4oncc34)CC2)nc2ccccn12,7.822,4,7.355583338143344,1386
O=C1c2ccccc2S(=O)(=O)N1CCCCCCN1CCN(c2ccccc2F)CC1,6.511,9,6.719964942881192,141
CN1CCN(c2ccc(C(=O)N[C@H]3CC[C@H](CCN4CCC(c5cccc6c5CCO6)CC4)CC3)cc2)CC1,8.078,8,7.535397613756613,1387
O=C(N[C@H]1CC[C@H](CCN2CCC(c3cccc4c3OCO4)CC2)CC1)c1ccnc2ccccc12,7.64,1,7.825939109788363,1388
CCCCCCc1cc(OC)c(CC(C)N)cc1OC,9.3,7,8.38525659126984,188
Cc1cc2c(cn1)C(=O)N(CCN1CCN(c3noc4ccccc34)CC1)CC2(C)C,8.48,2,8.504029156084652,49
CCc1cc(Cl)c(OC)c(N2CCN(CCCCNC(=O)c3cc4ccccc4o3)CC2)c1,7.6,4,7.2376338214285685,99
Cc1ncnc(C)c1-c1cc(NC(=O)[C@@H]2C[C@H]2F)ccc1OCCN1CCCC1,8.682,7,8.040308527777778,1355
CCn1nc2c(c1-c1ccccc1)CCNCC2,7.221,3,7.410806818783072,67
CN(CCCc1ccc(-c2ccc(Cl)cc2)cc1)c1ccc(CN2CCCCC2)cc1,6.19,7,6.74431167063492,1136
C=CCOc1ccc(Cl)c(Cl)c1C1CC1CN,6.37,8,6.494797555194807,69
C[C@@H]1CNC[C@@H]2Cc3ccccc3N21,7.235,7,7.429156753968259,2
C[C@@H]1CNC[C@H]2Cc3ccccc3N21,8.72,9,7.232843538359784,2
C[C@H]1CNC[C@@H]2Cc3ccccc3N21,6.37,9,7.232843538359784,2
CC(C)(C)c1cc2c(cc1Cl)N(C(=O)Nc1cccnc1)CC2,6.2,6,6.562807535714287,447
O=C1c2ccccc2S(=O)(=O)N1CCCCCCN1CCN(c2cccc(Cl)c2Cl)CC1,6.6,2,6.924083447089947,141
O=S(=O)(c1cccc(F)c1)C1(F)CCN(CCc2ccc(F)cc2F)CC1,9.52,5,9.235776273809527,35
Cc1ccc2c(c1)N1CCNCC1NC2=O,6.221,1,6.245909145502647,428
O=S(=O)(NCCCN1CCC(c2noc3cc(F)ccc23)CC1)c1csc2ccccc12,8.8,7,8.593896584656084,1389
CCN(CC)C(=O)[C@@H]1C=C2c3cccc4[nH]cc(c34)C[C@H]2N(CCc2ccccc2OC)C1,8.9,9,7.806359101851852,1390
COc1ccc(N2Cc3c(c4cc(Cl)ccc4n3C)C2=O)cc1OCCN1CCCCC1,6.8,1,6.449771644179893,696
CN(C)CCSc1cccc(C2(O)CCCCC2)n1,6.32,3,6.620062067460322,1391
COc1ccc(N2Cc3c(c4ccc(Cl)cc4n3C)C2=O)cc1OCCN1CCCCC1,6.5,7,6.487319955026452,696
CCCN1C[C@H](C(=O)NC(CC)CC)C=C2c3cccc4[nH]cc(c34)C[C@H]21,8.936,8,8.565905958994714,53
O=S(=O)(NCCCN1CCN(c2nsc3ccccc23)CC1)c1ccc(Cl)c(Cl)c1,7.601,8,8.113117678571433,345
Cc1cc2c(cc1C(F)(F)F)N(C(=O)Nc1ccc(OCc3ccccn3)nn1)CC2,6.6,1,6.648245249999995,1392
COc1ccc(CCN(CCCc2cccc(I)c2)CCc2ccc3c(c2)OCO3)cc1OC,6.77,1,6.878692706349196,47
Nc1cc(O)ccc1C(=O)CCCN1CC[C@H]2[C@@H](C1)c1cccc3c1N2CCCS3,7.048,2,7.728383328042331,174
CNCc1cc(OCc2cc(F)ccc2F)n(CC2CCCCC2)n1,8.96,7,8.78106753571428,91
COc1ccc2[nH]cc(CCNCc3ccc(-c4cccc(O)c4)o3)c2c1,7.539,2,7.056726256613753,481
O=C(N[C@H]1CC[C@H](CCN2CCC(c3cccc4c3CCO4)CC2)CC1)C1CCCOC1,7.67,6,7.74472468386243,1393
CN1CCN2c3nccc(CCC(F)(F)F)c3CC[C@@H]2C1,7.24,2,7.102237489417994,450
COC(=O)c1coc2c1C(=O)CC(CN1CCC(C(=O)c3ccc(F)cc3)CC1)C2,7.59,1,7.4492668373015904,75
COCCC(=O)N[C@H]1CC[C@H](CCN2CCC(c3coc4ccccc34)CC2)CC1,8.33,10,8.181626133597883,181
Cc1ncnc(C)c1-c1cc(NC(=O)Cc2ccno2)ccc1OCCN1CCCC1,7.445,8,7.79273163492063,747
O=C1c2nc(F)ccc2CCN1CCN1CCC(c2noc3ccccc23)CC1,7.82,2,7.915477443121695,228
C=CCOc1ccc2occc2c1[C@H]1C[C@@H]1CN,6.671,9,6.548143580687831,1134
Cc1ncccc1Oc1ccc(NC(=O)N2CCc3c2cc(Cl)c(C)c3Cl)cn1,7.2,7,6.964857592592599,52
O=C1CCc2ccc(OCCCCN3CCN(c4cccc(Cl)c4F)CC3)nc2N1,7.981,9,8.214089753968246,436
C[C@H]1CC[C@@H](Oc2c(F)cc(CNC(=O)[C@@H]3CCCN3)cc2F)CC1,6.82,9,7.517832214285712,622
COc1ccc(Cn2nnc(C(=O)NCCCCCN3CCN(c4ccccc4OC)CC3)c2C)cc1,7.031,7,7.008057232804237,477
O=C(N[C@H]1CC[C@H](CCN2CCC(c3coc4ccccc34)CC2)CC1)C1CCOC1,8.228,10,8.499476117724857,1394
Fc1ccc(OCCCN2CCCN(c3ccc(Cl)cc3)CC2)cc1,6.25,10,7.196851317460324,1395
CC(C)c1ccccc1OCCN1CCC(NS(=O)(=O)c2cccc(F)c2)CC1,6.75,7,6.569308702380954,1002
CN1CCC(N(C)S(=O)(=O)c2cccc(Cl)c2)CC1,6.01,6,6.530193858946606,122
Cc1ccc2c(c1Br)CCN2C(=O)Nc1cccnc1,6.9,5,6.878634100529098,447
O=S(=O)(NCCCCN1CCC(c2noc3cc(F)ccc23)CC1)c1cccc2ccccc12,9.22,6,8.733053666666668,1396
Cc1ncnc(C)c1-c1cc(NC(=O)C2CC2)ccc1OCCN1CCC(CC(=O)O)CC1,6.708,3,7.087924615079371,398
COc1ccc2[nH]cc(CCNCc3ccc(-c4ccc(O)cc4)o3)c2c1,7.39,1,7.393675833333333,481
Cc1ccc(-n2nc([Si](C)(C)C)cc2NC(=O)Nc2ccc(Oc3ccnc(Nc4ccccc4)n3)c3ccccc23)cc1,6.818,10,6.580687964285719,64
O=C(CCCN1CCc2ccccc2C1)c1ccc(F)cc1,7.85,9,7.45450248809524,878
CC(C)COc1ccc(CN(Cc2ccn(C)n2)C(=O)NC2C3CCC2CN(C)C3)cc1,7.26,10,7.78982001190477,1397
C=CCOc1cc2c(cc1OC)-c1c(OC)c(OC)cc3c1[C@H](C2)N(C)CC3,6.418,2,6.554809722222219,78
COc1cc(CC(C)NC(=O)OCc2ccccc2)c(OC)cc1/C=C/CC(C)C,7.712,5,7.668893199735457,1022
COc1ccc2occc2c1[C@H]1C[C@@H]1CN,7.431,9,6.856689473544975,1134
COc1ccc2occc2c1[C@@H]1C[C@H]1CN,6.96,10,7.075198519332515,1134
CN(C)Cc1cc(N)ccc1Oc1ccc(Cl)c(Cl)c1,6.14,1,6.674835924603171,6
Cn1ncc(Br)c1-c1cc(NC(=O)Nc2ccc(F)cc2)ccc1OCCN1CCCC1,9.442,4,9.316204203703704,301
O=C(N[C@H]1CC[C@H](CCN2CCN(c3nccc4c3CCO4)CC2)CC1)C1CCOCC1,8.23,5,8.03989616149592,999
Cc1ncnc(C)c1-c1cc(NC(=O)c2ccccc2)ccc1OCCN1CCC1,8.158,1,8.145411865079366,678
Clc1ccc2[nH]cc(C3=CCCNC3)c2c1,7.35,7,7.103757896825396,564
Oc1ccc2[nH]c3c(c2c1)CCNC3c1cc(Br)ccc1O,6.341,9,6.84319936892737,44
Fc1ccc2c([C@@H]3CNCC[C@H]3F)c(-c3ccccc3)[nH]c2c1,10.22,3,9.65590869047618,310
Fc1ccc2c(C3CNCC[C@H]3F)c(-c3ccccc3)[nH]c2c1,10.222,8,9.869865719336218,310
COc1ccc(N2Cc3cccc(Cl)c3C2=O)cc1OCCN1CCC(C)CC1,6.1,1,6.235629978835984,71
c1csc(Cc2cccc3c2CCC2CNCCN32)c1,7.226,7,7.453543001322758,1398
O=S(=O)(NC1CC(CCN2CCN(c3cccc(Cl)c3Cl)CC2)C1)C1CC1,7.357,7,7.782986238095238,1399
O=C1NCc2ccc(OCCCCN3CCN(c4cccc5cccc(F)c45)CC3)cc21,8.74,5,8.093167304232793,190
COc1ccc(OC)c(CCCN(CCc2ccc(OC)c(OC)c2)CCc2ccc3c(c2)OCO3)c1,6.04,9,6.916914702380952,47
Cc1noc(C)c1-c1cc(NC(=O)c2cc(F)ccn2)ccc1OCCN1CCCC1,7.708,10,7.527519900793655,944
COCCC(=O)N[C@H]1CC[C@H](CCN2CCN(c3cccc(Cl)c3Cl)CC2)CC1,7.27,6,7.42369775324675,401
N#Cc1cccc(S(=O)(=O)C2CCN(CCc3ccc(F)cc3F)CC2)c1,9.18,5,8.854873203703706,35
CNCc1cc(C)c(C)cc1Oc1ccc(Cl)c(Cl)c1,7.1,4,6.867005063492066,6
CCN(C)CCc1c(-c2cccc([N+](=O)[O-])c2)[nH]c2ccccc12,9.85,6,9.049141792328044,249
Cc1cccc(N2CCN(CCCNC(=O)c3cc(-c4ccccc4)n(CC(C)C)c3C)CC2)c1C,6.049,10,6.598700349206356,13
Brc1cncc2c1CC[C@@H]1CNCCN21,7.14,8,6.809799162698415,1400
COc1cc2c(cn1)C(=O)N(CCN1CCC(c3noc4ccccc34)CC1)CC2,8.777,5,8.187409648989899,618
C[C@H](N)Cn1ncc2ccc3ocnc3c21,7.329,2,8.142285985449735,1401
Fc1ccc(OC2CN(c3c4c(nc5ccnn35)CCNCC4)C2)cc1,8.521,6,7.278769285714288,1123
Cc1ccc(S(=O)(=O)CC2CCN(CCCc3noc4cc(F)ccc34)C2)cc1C,8.77,7,8.233606452380952,381
O=C(N[C@H]1CC[C@H](CCN2CCN(c3nsc4ccccc34)CC2)CC1)Oc1ccc([N+](=O)[O-])cc1,7.9,4,8.583889907407409,751
OCCN1CCN(c2nc(Nc3ccc(F)cc3)c3ccccc3n2)CC1,6.358,10,6.917132055555556,214
COc1cc(CC(C)N)c(OC)cc1F,7.38,1,7.4624495833333295,188
O=C1CCc2ccc(OCCCCN3CCN(c4cccc5c4OCCC5)CC3)nc2N1,9.721,5,8.754991952380955,1402
COC(=O)C(C)(C)CN1CCC(N(Cc2ccc(F)cc2F)C(=O)OCc2ccc(OC(C)C)cc2)CC1,8.0,4,8.589524101851852,74
Cc1noc(C)c1-c1cc(NC(=O)C2CC2)ccc1OCCN1CCC(CC(=O)O)CC1,6.633,4,7.256219287037034,1403
O/N=C/c1cnn2ccc(OCCCCN3CCN(c4ccc(O)c5c4OCCO5)CC3)cc12,6.115,10,6.864749720899473,138
c1cc2c(cn1)N1CCNC[C@H]1CC2,4.0,3,6.741742281746032,1400
Cc1noc2c1C(=O)CC(CN1CCC(C(=O)c3ccc(F)cc3)CC1)C2,7.389,1,7.210012825396822,1404
CCc1cc(Cl)c(OC)c(N2CCN(CC(O)CCNC(=O)c3cc4ccccc4[nH]3)CC2)c1,6.73,5,7.170881484126982,549
COc1ccccc1CNC[C@H]1C[C@@H]1c1cc(F)ccc1OCCF,7.62,10,6.977945761904762,276
Cc1c(Cl)cccc1N1CCN(CC(O)CNC(=O)c2nc(C)n(-c3cccc(Cl)c3)c2C)CC1,6.74,2,6.824092125661373,101
CNCc1ccc(Cl)c(-c2ccccc2OC)c1,6.42,9,6.627634788359779,203
C[C@@H](O)CC(=O)N[C@H]1CC[C@H](CCN2CCC(c3noc4cc(Cl)ccc34)CC2)CC1,7.89,8,7.859671853174604,109
CNCc1cc(OCC2CC=CC=C2Cl)n(C(C)C2CCCCC2)n1,8.679,5,7.818072698412699,1405
CCOC(=O)c1oc2c(c1C)C(=O)CC(CN1CCC(c3noc4cc(F)ccc34)CC1)C2,8.08,5,8.265509022486775,873
COc1ccc(CCOc2ccc(Cl)cc2OC2CNC2)cc1,8.398,4,7.526670227513227,242
Nc1ncc(-c2cn(S(=O)(=O)c3ccccc3)c3ccccc23)[nH]1,6.05,8,6.370155976190474,48
CCCCNCCc1ccc(Cl)c(-c2ccccc2OC)c1,6.242,2,6.458457849206347,203
Fc1ccc(CCCCN2CCN(c3ccccn3)CC2)cc1,7.3,9,7.237312724867724,859
CN(C)CCn1cc(S(=O)(=O)c2cccc3ccccc23)c2cccnc21,6.029,10,6.871531613035114,1406
C1=C(N2CCNCC2)c2nccn2Cc2ccccc21,8.1,2,7.017028244708996,202
Cc1n[nH]c(C)c1S(=O)(=O)N1CCC(=Cc2ccc(Cl)cc2F)CC1,6.222,10,6.579305493386246,812
CC(C)c1ncc2c(n1)CCN(CCN1CCN(c3nsc4ccccc34)CC1)C2=O,8.37,3,8.781080096560853,897
N#Cc1ccc2c(c1Cl)CCNCC2,7.521,9,7.175078805555558,39
C#CCN(C)C(=O)[C@@H]1C=C2c3cccc4[nH]cc(c34)C[C@H]2N(C)C1,9.074,2,8.253733107142855,53
CCN1CCCC1CNC(=O)c1cc(S(=O)(=O)CC)c(N)cc1OC,6.2,10,6.642573931818184,1407
COc1cc(C[C@@H](C)N)c(OC)cc1C,7.829,1,7.548851682539677,188
COc1cc(CC(C)N)c(OC)cc1C,8.577,4,7.773994615079369,188
COc1cc(C[C@H](C)N)c(OC)cc1C,6.431,4,7.773994615079369,188
Cn1nccc1-c1cc(NC(=O)Nc2ccc(Cl)cc2)ccc1OCCN1CCC1,9.16,5,9.210336775132276,1119
O=C1Cc2cc(CCN3CCN(c4cccc5sc(F)cc45)CC3)ccc2N1,7.78,2,7.297447945563698,132
Cc1nc2n(c(=O)c1CCN1CCN(c3nsc4ccccc34)CC1)CCCC2O,8.29,2,7.746074902116399,1169
C[C@H](N)Cn1ncc2ccc(O)c(I)c21,7.68,7,7.876311914021167,134
Cc1ccc(S(=O)(=O)N/N=C2\CCCc3c2[nH]c2ccc(Cl)cc32)cc1,4.49,4,6.840493740740743,1408
CCCc1nc(C(=O)NCCCN2CCN(c3cccc(Cl)c3Cl)CC2)c(C)n1-c1ccc(OC)cc1,8.29,1,7.409529567460318,101
Cc1cccc(N2CCN(CCCNC(=O)c3cc(-c4ccccc4)n(C)c3C)CC2)c1C,7.24,7,6.898184857142859,13
O=C1NCc2cc(F)c(OCCCN3CCN(c4cccc5cc(F)ccc45)CC3)cc21,7.42,4,8.089606452380957,133
Cc1ccc(F)c(CN(C(=O)OCc2ccc(OC(C)C)cc2)C2CCN(C)CC2)c1F,7.7,9,8.997565440476183,74
c1cc(C2CCCC2)c2c(n1)N1CCNC[C@H]1CC2,7.383,6,6.8997188439153385,1409
CC1CCN(C(=O)C2CCCCC2)c2c(CCN3CCN(c4nsc5ccccc45)CC3)cccc21,9.23,7,8.699599392857145,1410
COc1cccc(CNCCc2c[nH]c3ncc(F)cc23)c1,8.08,4,7.467209260582014,358
O=C(Nc1cccnc1)N1CCc2cc(Cl)c(Cl)cc21,6.6,10,6.44963687205387,447
O=C1CC(CN2CCC(c3noc4cc(F)ccc34)CC2)Cc2cc(-c3ccccc3)ccc21,7.8,9,8.227892464285707,1411
Cc1c(Cl)cccc1N1CCN(C[C@H](O)CNC(=O)c2nc(-c3ccccc3)n(-c3ccc(F)cc3)c2C)CC1,7.021,1,7.525436726190484,449
Cc1c(Cl)cccc1N1CCN(C[C@@H](O)CNC(=O)c2nc(-c3ccccc3)n(-c3ccc(F)cc3)c2C)CC1,7.698,2,7.250349629629617,449
Cc1c(Cl)cccc1N1CCN(CC(O)CNC(=O)c2nc(-c3ccccc3)n(-c3ccc(F)cc3)c2C)CC1,7.57,8,7.310778632275135,449
Cc1nc(C(=O)NCCCN2CCN(c3cccc(Cl)c3Cl)CC2)c(C)n1-c1ccccc1Cl,7.52,6,7.547635312169315,101
Clc1ncnc2c1CC[C@@H]1CNCCCN21,4.0,10,6.410178484126989,660
C[C@@H]1NCCN2C(=O)c3c(cccc3C(F)(F)F)[C@H]12,6.962,10,6.863420263227514,184
Cc1cccc(N2CCN(CCCCOc3ccc4c(n3)NC(=O)CC4)CC2)c1C,9.458,5,8.962455031385282,436
CCN(CC)CCc1c[nH]c2cccc(F)c12,6.09,2,6.75366750132275,86
COc1cccc2cc3n(c12)CCNC3,6.391,7,6.965279084656083,38
O=C(c1cccn2cc(Cl)nc12)N1CCN(CCc2ccc(F)cc2F)CC1,8.82,7,8.6375199510582,375
C[C@@H](Oc1ccc(Br)cc1OC1CNC1)c1cccc(C(F)(F)F)c1,6.686,10,7.022071555555555,72
O=S(=O)(NCCCCCCN1CCN(c2nsc3ccccc23)CC1)c1ccccc1,7.822,1,8.142604541005294,1412
O=C(O)CCNC1CC[C@]2(Cc3ccccc3Cc3ccccc32)C1,6.8,6,7.661442235449733,1020
CC1CN2CCNCc3ccc(Br)c1c32,6.837,8,6.903687837301586,281
O=C(N[C@H]1CC[C@H](CCN2CCC(c3coc4ccccc34)CC2)CC1)c1ccc(N2CCS(=O)(=O)CC2)cc1,8.0,9,8.073832718253964,1413
CC(=O)c1c(OCCCCN2CCN(c3ccccc3C#N)CC2)ccc2c(C)cc(=O)oc12,7.04,10,7.177251301587303,83
O=C(CCCN1CC[C@H]2[C@@H](C1)c1cccc3c1N2CCCC3)c1ccc(F)cc1,8.959,4,8.36071443939394,863
O=C1CCc2cc(CCCCN3CCN(c4ccccn4)CC3)ccc2N1,6.26,5,6.607620998677252,1414
CCCn1c(-c2ccncc2)cc(C(=O)NCCCN2CCN(c3cccc(Cl)c3Cl)CC2)c1C,7.469,8,7.155939210317456,1415
O=C1c2ccccc2S(=O)(=O)N1CCCCCCN1CCN(c2ccccc2Cl)CC1,6.578,1,6.50039035714286,141
COc1cc(C(C)=O)c(OC)cc1CC(C)N,7.094,1,7.550308722222223,188
CC(=O)N[C@H]1CC[C@H](CCN2CCN(c3nccc4occc34)CC2)CC1,8.04,4,8.09658060978837,80
Oc1cc(Cl)ccc1C1NCCc2c1[nH]c1ccc(Cl)cc21,7.285,3,6.883223587301589,44
CC(C)(C)NC1=NCCN=C(c2ccc(F)cc2F)C1,7.959,6,7.476554236531988,395
O=C1c2ccccc2S(=O)(=O)N1CCCN1CCN(c2cccc(C(F)(F)F)c2)CC1,6.157,1,6.654656630952376,1416
COc1ccccc1N1CCN(CCCCOc2ccn3ncc(C=O)c3c2)CC1,6.458,4,6.8509104669312135,248
O=C(N[C@H]1CC[C@H](CCN2CCC(c3cccc4c3OCO4)CC2)CC1)C1CCS(=O)(=O)C1,8.34,5,7.846814018518523,1417
Cn1ncc2c1CCN(CCN1CCC(c3noc4ccccc34)CC1)C2=O,8.222,2,8.436061843795093,1082
Nc1cc(Cl)ccc1C(=O)CCCN1CC[C@H]2[C@@H](C1)c1cccc3c1N2CCCS3,7.16,10,7.687834726190472,174
CC[C@@H](C)NC(=O)[C@@H]1C=C2c3cccc4[nH]cc(c34)C[C@H]2N(C)C1,8.971,10,7.623430656084656,53
CC[C@@H](C)NC(=O)[C@H]1C=C2c3cccc4[nH]cc(c34)C[C@H]2N(C)C1,7.074,7,8.730692250000004,53
COc1ccccc1N1CCN(CCCN2C(=O)COc3ccccc32)CC1,6.56,7,6.560458812770564,1418
O=C(O)C1=CCN(C2CCC3(Cc4ccccc4Oc4ccccc43)C2)CC1,7.6,8,6.725586220899473,485
Cc1c(OCCCN2CCN(c3cccc4ccccc34)CC2)ccc2c1C(=O)NC2,8.03,10,8.346384555555558,133
O=C1c2cccc3cccc(c23)C(=O)N1CCCCCCN1CCN(c2ccccn2)CC1,6.25,5,6.2942809510582025,1419
CN1CCN(Cc2ccc(OCCCCN3CCC(c4noc5cc(F)ccc45)CC3)cc2)CC1,8.37,9,8.199912251322745,1420
O=C1NCc2cc(Cl)c(OCCCCN3CCN(c4cccc5cccc(F)c45)CC3)cc21,7.598,8,8.16310727645503,190
Clc1ccc2[nH]c3c(c2c1)CCNC3c1ccccc1,6.61,7,6.6621663802308815,44
CCCCC(Oc1cc(Cl)cc(Cl)c1)c1nc(Nc2ccccc2)nc(N2CCN(C)CC2)n1,6.541,8,6.566183178571428,956
O=C(Nc1ccc(Cl)cc1)N[C@H]1CC[C@H](CCN2CCN(c3cccc4c3OCO4)CC2)CC1,7.23,2,7.353987220298225,1421
COc1cc(C(F)(F)F)c(OC)cc1[C@@H]1CCCNC1,8.49,1,7.209125649470898,111
COc1cc(C(F)(F)F)c(OC)cc1C1CCCNC1,7.781,10,7.446801064814819,111
COc1cc(C(F)(F)F)c(OC)cc1[C@H]1CCCNC1,6.82,4,7.8626813412698375,111
C[C@@H]1CN(Cc2ccc(-c3ccc(F)cc3F)cc2)C(=O)O1,6.49,2,7.393009037037035,1422
CCc1c(Cc2ccccc2)cnc2c1CC[C@@H]1CNCCN21,7.43,8,6.94309547486772,1423
Cc1nc(-c2ccc(C(=O)N[C@H]3CC[C@H](CCN4CCC(c5cccc6c5CCO6)CC4)CC3)cc2)no1,7.262,4,7.578255621572869,1424
NC[C@H]1C[C@@H]1c1cccc(O)c1,6.609,7,6.484708378306873,69
Oc1cc(Br)ccc1C1NCCc2c1[nH]c1ccc(Cl)cc21,6.27,7,7.048013829365079,44
CC(C)(C)Oc1ccc(C(=O)N[C@H]2CC[C@H](CCN3CCN(c4nccc5c4CCO5)CC3)CC2)cc1,7.38,8,7.761171515873011,824
CC(=O)c1c(OCCCCN2CCN(c3ccc(Cl)cc3)CC2)ccc2c(C)cc(=O)oc12,7.25,10,7.53530463359788,83
C[C@H](N)Cn1ncc2ccc(F)cc21,7.088,8,7.248438501322753,134
CC(C)COc1ccc(CN(Cc2cc(C(F)(F)F)ccn2)C(=O)NC2CCN(C)CC2)cc1,7.26,4,7.882060111111117,43
O=C1[C@@H]2[C@H](C(=O)N1CCCCN1CCN(c3cccc4c3OCCO4)CC1)[C@H]1C=C[C@@H]2C1,6.07,6,6.472380464405961,1425
COc1ccccc1N1CCN(CCCCCCN2C(=O)c3cccc4cccc(c34)C2=O)CC1,6.47,2,6.505872399711401,1176
Clc1ccc2[nH]c3c(c2c1)CCNC3C1CCCCC1,6.53,3,6.651235174603177,240
CCN(CCN1CCC(c2noc3cc(F)ccc23)CC1)C(=O)C1CN(C(C)=O)CCC1O,8.62,4,8.524682951058196,307
C[C@H](N)CN1CCc2ccc3c(c21)CCO3,7.08,5,6.581843253968251,1426
O=c1n(CC2CCC(CN3CCN(c4cccc(Cl)c4)CC3)CC2)nc2ccccn12,6.31,6,6.906061768037517,1427
O=C1NC2CCNCCN2c2ccccc21,6.589,2,6.418708090048835,911
COc1cc(CCNCCCCc2ccccc2)c(OC)cc1Br,7.427,8,8.056758468253973,1428
COc1ccc(N2CCN(CC[C@H]3OCCc4cc(C(N)=O)ccc43)CC2)cc1,6.659,10,6.718403979677728,931
COc1ccc(N2CCN(CC[C@@H]3OCCc4cc(C(N)=O)ccc43)CC2)cc1,6.608,2,6.750865261904759,931
COc1ccc(N2CCN(CCC3OCCc4cc(C(N)=O)ccc43)CC2)cc1,6.852,5,6.620125587301585,931
CCN(CCN1CCC(c2noc3ccc(F)cc23)CC1)C(=O)[C@H](C)O,7.822,9,8.375145246031748,31
O=C1[C@@H]2[C@H](C(=O)N1CCCCN1CCN(c3cccc4sc(F)cc34)CC1)[C@H]1C=C[C@@H]2C1,7.08,2,6.850155107623861,1188
Cn1c(=O)[nH]c2cc(CCN3CCN(c4cccc5sccc45)CC3)ccc21,6.449,6,7.155725380952381,1194
COCC(=O)N[C@H]1CC[C@H](CCN2CCC(c3noc4cc(F)c(F)cc34)CC2)CC1,7.98,4,7.792858896825394,109
CCCc1c(C(=O)NCCCCN2CCN(c3ccccc3OC)CC2)nnn1Cc1ccccc1Br,7.358,5,7.271702461640212,7
C[C@@H](Cn1ccc2ccc3ncccc3c21)NCc1ccccc1,6.08,4,6.6376223544973545,563
O=C1CCc2ccc(OCCCCN3CCN(c4ccccc4Cl)CC3)nc2N1,7.799,4,8.491630714285716,436
CN(C)CCc1c(-c2ccccc2)[nH]c2ccccc12,8.36,9,8.350219275132265,249
CC1(C)N=C(N)N=C(Nc2cccc(Br)c2)N1,6.108,2,6.7908310978836,1429
COc1ccccc1N1CCN(CCOCCOc2c(C)cccc2C)CC1,6.579,3,6.2413663253968314,1060
COc1cc([Se]C(F)(F)F)c(OC)cc1CCN,8.472,7,7.64879502777778,188
COc1ccc(C2(C)CCN(c3ccc(Cl)c(Cl)c3)C2=O)cc1OCCN1CCCCC1,6.3,8,6.307938145502652,1430
c1ccc(C2CCN(CC3C[C@@H]4c5ccccc5Sc5ccccc5[C@H]4O3)CC2)cc1,7.16,5,7.197779079365085,1431
Cc1n[nH]c2c1C(=O)N(CCN1CCC(c3noc4ccccc34)CC1)CC2,8.8,5,8.819448567460327,1082
CC1(C)C2C(=O)N(CCCCN3CCN(c4cccc5sccc45)CC3)C(=O)C21,7.98,10,7.303634070105822,1432
CCN1CCN(Cc2ccc(NC(=O)Nc3ccc(Oc4cc(NC)ncn4)cc3)cc2C(F)(F)F)CC1,7.137,3,7.264296000000004,1433
CN(C)CCC=C1c2ccccc2COc2ccccc21,7.69,6,7.583593160173163,1434
Clc1ccc(-c2ccc(CCCNc3ccc(CN4CCCCC4)cc3)nn2)cc1,6.86,10,6.858782513708517,370
CC(C)Oc1ccc(CC(=O)N(Cc2ccc(F)cc2F)[C@@H]2CCN(C)C[C@@H]2F)cc1,8.0,8,7.950728111111115,126
COc1cc2c3c(c1)N(C)CCN3[C@H]1CCN(CCCC(=O)c3ccc(F)cc3)C[C@@H]21,8.458,8,8.328236223544975,166
Cc1noc(C)c1-c1cc(NC(=O)c2c(F)cnn2C)ccc1OCCN1CCCC1,8.585,7,8.092993325396822,1435
O=C(N[C@H]1CC[C@H](CCN2CCC(c3cccc4c3OCO4)CC2)CC1)C1(O)CC1,8.09,4,8.092919566137565,706
O=S(=O)(c1ccc(F)cc1)N(CCCN1CCN(c2ccccc2)CC1)CC1CCCCC1,7.88,3,7.867649903439141,1070
CO[C@@H]1CC[C@@H](CC(=O)N[C@H]2CC[C@H](CCN3CCN(c4nccc5occc45)CC3)CC2)C1,8.19,9,8.156114750000008,1436
Cn1cc(Br)c(C(=O)N2CCN(CC(=O)c3ccc(C(F)(F)F)cc3)CC2)n1,6.06,7,6.954174895502641,162
CNCc1cc(OCc2ccc(F)cc2)n(CC2CCCC2)n1,8.89,7,8.589433453703707,279
COc1ccc(N2Cc3cc(Cl)c(Cl)c(C)c3C2=O)cc1OCCN1CCC(C)CC1,6.4,7,6.305456637566142,71
O=S(=O)(NCCCN1CCN(c2noc3ccccc23)CC1)c1ccc(Cl)c(Cl)c1,6.54,7,7.61818575396826,1319
Cc1nc(N)[nH]c1-c1cn(S(=O)(=O)c2cccc3ccccc23)c2ccccc12,6.31,8,6.105041157407401,1437
COc1c(OCCOCCOCCOCCOCCOCCOc2cccc(C(=O)C3CCN(CCc4ccc(F)cc4)CC3)c2OC)cccc1C(=O)C1CCN(CCc2ccc(F)cc2)CC1,7.399,10,7.0629703862433875,1438
O=C(NCCCCN1CCN(c2ccccc2Cl)CC1)c1n[nH]c2ccccc12,6.84,5,6.8486570582010575,103
CC1CC(=O)Nc2c(CCN3CCN(c4noc5ccccc45)CC3)cccc21,6.721,9,8.930711959475703,418
O=C(CC1CCOCC1)N[C@H]1CC[C@H](CCN2CCN(c3nccc4sccc34)CC2)CC1,8.52,5,8.591966152116406,1439
CNCc1cc(OCc2cc(F)ccc2Cl)n(CC2CCCCC2)n1,8.68,7,8.865472943121691,91
Cc1ncnc(C)c1-c1cc(NC(=O)c2ccnn2C)ccc1OCCN1CCOCC1,7.886,8,8.027288496873496,1440
O=Cc1c2n(c3ccccc13)CCNCC2,7.539,5,7.243897792328044,548
CN(C)CCSc1nc(-c2ccccc2)cs1,6.192,8,6.732013628306883,1441
Clc1ccc2c(c1)C(N1CCN(CCc3ccccc3)CC1)=Nc1cccnc1N2,6.99,10,7.398487763227508,1442
COc1ccccc1OCCNCC(O)COc1cccc2[nH]c3ccccc3c12,6.66,6,6.796690592592589,1443
Clc1ccc(N2CCN(Cc3c[nH]c4ncccc34)CC2)cc1,6.609,7,6.488582880952385,638
COc1ccc2[nH]cc(CC(C)N)c2c1,8.34,3,7.899240826719577,86
COc1ccc(NC(=O)N2CCN(c3ccc(Cl)cc3)CC2)cc1N1CCN(C)CC1,6.0,3,6.428935472222221,591
CC(C)Oc1cccc2c1C(=O)N1CCNCC21,6.539,5,6.8199781349206345,184
O=C1c2ncccc2CCN1CCN1CCC(c2noc3c(F)cccc23)CC1,6.929,5,7.369700373015874,228
O=C1NCc2cc(Cl)c(OCCCCN3CCN(c4cccc5ccccc45)CC3)cc21,7.61,7,7.774284981481484,190
CCOC(=O)Cc1nn(CNC(=O)CCN2CCN(c3ccc(C)c(C)c3)CC2)c(=O)c2c(F)cccc12,6.35,1,6.923614886243382,40
Cc1[nH]c(-c2ccccc2)cc1C(=O)NCCCN1CCN(c2cccc(Cl)c2Cl)CC1,6.521,10,7.245581480158728,13
O=C(N[C@H]1CC[C@H](CCN2CCN(c3nsc4ccccc34)CC2)CC1)c1sccc1Br,8.54,6,8.690352214285724,57
Cc1nc2n(c(=O)c1CCN1CCN(c3ncnc4sccc34)CC1)CCCC2,6.09,3,7.176554440476193,1444
Cc1c(S(=O)(=O)NCCCCN2CCN(c3nsc4ccccc34)CC2)sc2ccc(F)cc12,8.19,5,8.113337936507936,1064
CCOCCC(=O)Nc1ccc(OCCN2CCCC2)c(-c2c(C)noc2C)c1,7.106,10,7.6290294034391595,1445
CCc1cccc(N2CCN(C[C@@H](O)CCNC(=O)c3cc4ccccc4[nH]3)CC2)c1Cl,6.028,4,7.531988709235208,549
CCc1cccc(N2CCN(C[C@H](O)CCNC(=O)c3cc4ccccc4[nH]3)CC2)c1Cl,7.67,6,6.901084858465608,549
CCc1cccc(N2CCN(CC(O)CCNC(=O)c3cc4ccccc4[nH]3)CC2)c1Cl,7.551,3,6.913855864117365,549
CN1CCN(c2nc(N)nc(C[Se]c3ccccc3)n2)CC1,6.435,6,6.123218468253968,189
O=C(NCCCCN1CCN(c2ccccc2)CC1)c1cccnc1,6.668,5,6.974182747354494,1446
O=C(CCCN1CCN(c2ccccn2)CC1)c1ccc2c(c1)CCC2,6.461,10,6.991575620129871,1447
COc1ccc(N2Cc3c(c4ccc(F)cc4n3C)C2=O)cc1OCCN1CCC(C)CC1,6.6,1,6.882465679894179,696
Cn1ncc2c1CC(CN1CCC(C(=O)c3ccc(F)cc3)CC1)CC2=O,7.52,3,7.531915047619045,983
CNCc1ccc(C(F)(F)F)cc1Oc1ccc(Cl)cc1,6.49,2,7.170280825396825,6
N#Cc1cccnc1N1CCN(CCCN2CCN(c3ccccc3)CC2)CC1,4.89,3,5.979741454545457,93
COc1cc(CCNCc2ccc([N+](=O)[O-])cc2)c(OC)cc1Br,6.89,9,7.991992396825401,115
[C-]#[N+]c1ccc2sc(S(=O)(=O)N[C@H]3CC[C@H](CCN4CCN(c5nsc6ccccc56)CC4)CC3)cc2c1,8.45,10,8.710902641534393,172
Cc1cnoc1C(=O)Nc1ccc(O[C@@H]2CCCNC2)c(-c2c(C)ncnc2C)c1,7.041,1,7.7910212870370374,1448
CC(C)Oc1cc2c(cc1Br)C(C)CNCC2,7.01,2,7.195704103174606,39
CSc1ncc2c(n1)CC(CN1CCC(C(=O)c3ccc(F)cc3)CC1)CC2=O,6.99,5,7.435881031746034,113
COc1cc(C(=O)C(C)(C)C)c(OC)cc1CCN,6.07,6,7.295902825396823,188
Cn1nccc1-c1cc(NC(=O)Nc2cccc(F)c2)ccc1OCCN1CCCCC1,9.002,10,8.946320038359794,90
CCCN1CCN(CCCCN2C(=O)CC3(CCCC3)CC2=O)CC12COc1cccc(OC)c1C2,4.95,7,6.405241378667626,1449
COc1cc(CCNCc2cccc3ncoc23)c(OC)cc1Br,7.96,4,8.266564255291001,1450
O=C1c2ccccc2CCN1CCCCN1CCN2c3cccc4scc(c34)CC2C1,6.201,2,6.695348420634915,1451
COc1ccc2c3c(ccc2c1)Cc1ccccc1C3CN,7.679,3,7.4227116785714236,1452
COc1cc2c(cc1OC1CCCCC1)C[C@H]1c3c(cc(OC)c(OC)c3-2)CCN1C,6.24,7,6.605365564814814,1453
C[C@H](N)CN1CCc2cc(F)c(Cl)cc21,6.606,9,6.716662208994706,872
O=C1C[C@]2(CN3CCC2CC3)Oc2cc(Br)ccc21,4.82,5,5.701308452380944,1454
Cc1nc(C(=O)NCCCN2CCN(c3cccc(Cl)c3Cl)CC2)c(C)n1-c1ccc(Cl)cc1,7.52,8,7.540291982804232,101
Cn1cnc2c1CCN(CCN1CCC(c3noc4ccccc34)CC1)C2=O,7.85,9,8.61850081746032,194
Cc1ccc(-c2c3c(nn2C(C)C)CCNCC3)cc1,9.0,6,8.12541725,67
Cn1ccc2c1CCN(CCN1CCN(c3nsc4ccccc34)CC1)C2=O,9.64,9,9.021771429894182,1455
COc1ccc(NC(=O)Nc2ccc(Cl)cc2)cc1-c1c(Br)cnn1C,9.152,9,9.298296407407408,102
O=C(N[C@H]1CCN(Cc2ccc(Cl)c(Cl)c2)C1)c1ccc(-c2cccs2)cc1,7.659,2,7.236488683862436,392
COc1ccc2[nH]cc(CCNCc3ccc(Cl)cc3)c2c1,6.615,3,7.666686703703702,672
O=c1c2cnccc2ccn1CCN1CCN(c2nsc3ccccc23)CC1,8.89,9,8.860630746031743,992
CC(=O)N[C@H]1CC[C@H](CCN2CCN(c3cccc4c3OCO4)CC2)CC1,7.79,6,7.539499223544979,4
O=C(N[C@H]1CC[C@H](CCN2CCN(c3nsc4ccccc34)CC2)CC1)OC1CC1,8.641,4,9.00133819227994,1456
O=C(Cc1ccc2c(c1)OCO2)N[C@H]1CC[C@H](CCN2CCN(c3nccc4c3CCO4)CC2)CC1,7.471,1,7.697072178090426,1457
Oc1cccc(C2NCCc3c2[nH]c2ccc(F)cc32)c1,6.68,7,7.095592912217412,44
COc1ccc(CCN(CCCc2ccc(I)cc2)CCc2ccc3c(c2)OCO3)cc1OC,6.54,7,6.802557002164501,47
CN(C)CCSc1cccc(Br)n1,6.57,9,6.791206776455029,353
CCC(Oc1cccc(Cl)c1Cl)c1nc(Nc2ccccc2)nc(N2CCN(C)CC2)n1,6.93,10,6.663806939033193,956
CN1CCC(N(Cc2ccc(F)cc2F)C(=O)NCc2ccc(OCCF)cc2)CC1,8.078,5,8.044031638888894,18
CC(C)c1nc(CN2CC[C@H](c3ccccc3)C2)cs1,6.55,1,6.677429915343922,1458
COc1ccccc1-n1c(C)nc(C(=O)NCCCN2CCN(c3cccc(C)c3C)CC2)c1C,6.841,5,7.014498570105819,101
O=c1ccc2cnc(OCCCCN3CCN(c4cccc(Cl)c4Cl)CC3)nc2[nH]1,8.492,7,7.650078451058203,1459
O=C1NCc2ccc(OCCCCN3CCN(c4cccc5c4CCCC5)CC3)cc21,8.47,6,8.12115711111111,1460
O=C(N[C@H]1CC[C@H](CCN2CCC(c3coc4ccccc34)CC2)CC1)c1ccc(-n2cccn2)cc1,7.65,9,8.011727439153436,1461
CC(C)COc1ccc(CNC(=O)N(Cc2ccc(F)nn2)C2CCN(C)CC2)cc1,7.83,9,7.664071761904766,1462
CNCc1ccc(C(F)(F)F)cc1Oc1ccc(Cl)c(Cl)c1,6.44,10,7.0060482222222165,6
O=C(CF)N[C@H]1CC[C@H](CCN2CCN(c3cccc4c3OCO4)CC2)CC1,7.5,2,7.675731384920632,4
Cc1ncnc(C)c1-c1cc(NC(=O)Cc2ccn(C)c2)ccc1OCCN1CCCC1,7.657,10,7.985990966931214,1463
Fc1ccc(Nc2nc(N3CCN(Cc4ccccc4)CC3)nc3[nH]ncc23)cc1,7.28,6,6.80594208333333,1464
N#Cc1cn2cccc(C(=O)N3CCN(CCc4ccc(F)cc4F)CC3)c2n1,8.551,5,8.707965953703711,375
Fc1ccccc1N1CCN(Cc2c[nH]c3ncccc23)CC1,6.618,3,6.750053952380947,638
Cc1ccc2c(c1)Oc1cc(Cl)ccc1N=C2N1CCN(CC(C)(C)C(=O)O)CC1,7.89,5,7.851988007936505,605
CC1Cc2cc(CNC(=O)N(Cc3ccc(F)cc3)C3CCN(C)CC3)ccc2O1,9.45,6,8.163498031746025,424
O=C(C[C@@H]1CCCO1)N[C@H]1CC[C@H](CCN2CCC(c3cccc4c3CCO4)CC2)CC1,7.489,9,7.501427349206348,1465
O=C(CC1CCCO1)N[C@H]1CC[C@H](CCN2CCC(c3cccc4c3CCO4)CC2)CC1,7.569,3,7.472190773809527,1465
O=C(C[C@H]1CCCO1)N[C@H]1CC[C@H](CCN2CCC(c3cccc4c3CCO4)CC2)CC1,7.449,7,7.518633220899468,1465
[O-][S+](c1ccc(/C=C/c2ccc(F)cc2F)nc1)c1ccccc1F,8.458,6,8.596908507936506,538
Cc1noc(C)c1-c1cc(NC(=O)C2CC2)ccc1O[C@H]1CCCNC1,6.144,10,7.668063517195758,1466
O=S(=O)(NCCCN1CCC(c2noc3cc(F)ccc23)CC1)c1cnc2ccccn12,8.189,3,8.226858980158731,1467
CNC(C)c1ccccc1Oc1ccc(C)cc1,7.26,1,7.029481768518516,6
CCN(CCN1CCC(c2noc3cc(Cl)ccc23)CC1)C(=O)[C@H](C)O,8.319,1,8.493135247354498,31
Cc1c(OCCCCN2CCN(c3cccc4cccc(F)c34)CC2)ccc2c1C(=O)NC2,8.41,5,8.456563537037033,190
CNCc1cc(OCc2cc(F)ccc2F)n(CC2CCC(F)(F)CC2)n1,8.77,6,8.685589428571427,91
Oc1ccc2[nH]c3c(c2c1)CCNC3c1ccccc1F,7.635,6,6.932751789682543,44
O=S(=O)(N[C@H]1CC[C@H](CCN2CCC(c3cccc4c3CCO4)CC2)CC1)c1ccccc1,7.099,5,7.3540787922077975,1206
COc1cc(CCCCCF)c(OC)cc1CCN,7.241,3,7.554984936507934,188
Fc1ccc(OCCCN2CCC(c3ccc(Cl)cc3)CC2)cc1,6.92,4,7.0621308888888885,1094
CC1(CCN2CCN(c3noc4ccccc34)CC2)CCc2cccnc2C1=O,8.94,10,7.781793441798943,874
CC(C)c1nc2c(N3CCNCC3)ccnc2n1Cc1cccc(Cl)c1,6.16,9,6.774535121693122,1468
Cc1nc(C(=O)Nc2ccc(OC[C@H]3CCCCN3)c(-c3c(C)noc3C)c2)c(C)o1,6.526,2,7.358058166666663,1469
CCNC(=O)N(CCCN(C)C)C(=O)[C@@H]1C[C@@H]2c3cccc4c3c(cn4C)C[C@H]2N(C)C1,4.94,10,7.680072558201058,1077
Cc1ccc2c(c1Cl)C(=O)N[C@H]1CNC[C@H]21,7.785,5,6.717705224867728,33
O=c1ccc2ccc(CCCCN3CCN(c4cccc5sccc45)CC3)cc2[nH]1,6.611,8,6.832253366402118,1470
[2H]C([2H])([2H])N(C([2H])([2H])[2H])C([2H])([2H])C([2H])([2H])c1c[nH]c2cccc(OC(=O)CCCCCCCC/C=C\C/C=C\CCCCC)c12,6.018,9,6.77357864021164,86
O=S(=O)(NCCCCN1CCN(c2nsc3ccccc23)CC1)c1ccc(F)c(Cl)c1,7.822,7,8.102809818783063,596
CCC(=O)N[C@H]1CC[C@H](CCN2CCN(c3nsc4ccccc34)CC2)CC1,8.959,2,9.129717161375668,328
CSc1cc2c(cc1C(F)(F)F)N(C(=O)Nc1cccnc1)CC2,6.4,4,6.606214679894174,447
O=C(N[C@H]1CC[C@H](CCN2CCN(c3nsc4ccccc34)CC2)CC1)Oc1ccccc1,9.18,5,9.128578181216927,751
CN(C)CCc1c(Cl)[nH]c2ccccc12,6.35,9,8.122499552910051,86
COc1cc2c3c(c1OC)-c1ccccc1CC3N(C)CC2,6.32,5,6.255483011904757,78
CO[C@H]1CC[C@H](CC(=O)N[C@H]2CC[C@H](CCN3CCC(c4noc5cc(F)c(F)cc45)CC3)CC2)CC1,8.118,6,7.801821180097676,241
COc1ccc2c(c1)CCC1(CCN(CCc3ccc(F)cc3F)CC1)O2,8.74,7,8.21643037301587,739
COc1ccc(Cc2c(N)nc(SCCN3CCN(Cc4ccc(C)cc4)CC3)nc2N)cc1,7.9,4,7.577005241702738,475
NC(=O)C1CCN(CCCN2c3ccccc3Sc3ccc(Cl)cc32)CC1,8.985,5,7.30417547751323,287
O=C(O)C1CCN(C2CCC3(C2)C(=O)c2cc(Cl)ccc2Oc2ccccc23)CC1,6.4,1,7.117110793650795,1471
Cc1ncnc(C)c1-c1cc(NC(=O)C2CC(F)(F)C2)ccc1OCCN1CCCC1,8.348,10,8.002556526455033,1472
COc1ccc(CNC(=O)N(Cc2cc(C)n(C)n2)C2CCN(C)CC23CC3)cc1,8.0,10,8.05834709126984,275
O=C1Cc2c(ccc3c2OC[C@H](CNCCCC2CCc4c([nH]c5ccc(F)cc45)C2)O3)N1,8.221,8,7.786841862433868,1473
COc1ccc2c(c1)-c1c(ccn1C[C@H](C)N)C2,6.9,9,6.816526896825411,315
COc1ccc2c(c1)-c1c(ccn1C[C@@H](C)N)C2,6.9,2,6.833943150793662,315
COc1ccc2c(c1)-c1c(ccn1CC(C)N)C2,6.9,1,6.8643557063492135,315
Cc1cccc2c1N1[C@@H](CNC[C@H]1C)C2,7.368,10,7.2186755542328065,2
CCCCCCCc1cc(OC)c(CC(C)N)cc1OC,8.469,6,8.57805908597883,188
CCN(CCN1CCC(c2noc3ccccc23)CC1)S(=O)(=O)CCO,7.96,7,8.114253075396835,31
c1ccc2c(N3CCN(CCc4ccc5[nH]cnc5c4)CC3)cccc2c1,7.82,7,7.697070992063489,1474
CC(C)COc1ccc(CNC(=O)N(Cc2ccc(F)cn2)[C@H]2CCN(C)C[C@@H]2O)cc1,7.59,1,7.959987964285727,225
COc1ccc2c(c1)CC(CN1CCC(c3noc4cc(F)ccc34)CC1)CC2=O,7.58,4,8.075721404761905,318
CCc1cccc(N2CCN(CC(F)CCNC(=O)c3cc4ccccc4[nH]3)CC2)c1Cl,6.209,10,7.124592003487255,549
O=C(NCCCCN1CCN(c2ccccc2)CC1)c1cc2ccccc2cn1,7.4,7,7.305928208994707,68
Cc1ncnc(C)c1-c1cc(NC(=O)C2CC2)ccc1OC[C@H]1CCCCN1,8.026,10,7.649287838143338,128
COc1ccc(-n2c(C)nc(C(=O)NCC(O)CN3CCN(c4cccc(C)c4C)CC3)c2C)cc1,6.76,3,6.809238328042331,101
O=C1c2nc(Cl)ccc2CCN1CCN1CCC(c2noc3ccccc23)CC1,7.97,3,7.978139404761906,228
CSc1ccc(Oc2ccccc2CN(C)C)cc1,6.34,8,6.72621286507937,6
Cc1ncnc(C)c1-c1cc(NC(=O)C2CC2)ccc1OCCN(C)CC1CC1,7.708,3,7.277772933982678,1475
Cc1ccc(C2NCCc3c2[nH]c2ccc(F)cc32)c(C)c1,6.44,5,6.682596562169317,44
c1ccc(CCCCNCC2c3ccccc3Cc3ccccc32)cc1,6.44,2,6.941381030423282,1476
NCC12CCC(c3ccccc31)c1ccccc12,6.11,8,6.872609753968256,1477
CCN1CCC(N(Cc2ccc(F)cn2)C(=O)NCc2ccc3c(c2)CC(C)(C)O3)CC1,8.503,7,8.321417424603174,272
COCCC(=O)N[C@H]1CC[C@H](CCN2CCC(c3noc4cc(F)c(F)cc34)CC2)CC1,7.889,3,7.753490931216936,109
O=C1c2ccccc2S(=O)(=O)N1CCCCCCN1CCN(c2ncccn2)CC1,6.74,1,6.252729093915346,1478
O=C(NC[C@H]1CC[C@H](CN2CCN(c3nsc4cc(Cl)ccc34)CC2)CC1)c1ccco1,9.492,9,8.09057717857143,1479
O=C(N[C@H]1CC[C@H](CCN2CCN(c3nccc4c3CCO4)CC2)CC1)C1CC1,7.957,9,7.959277357142848,403
CC(C)Oc1ccc(CC(=O)N(Cc2ccc(F)cc2F)C2CCN(C)CC2)cc1,8.3,10,7.818395387566131,126
CCc1cc2c(cc1Cl)N(C(=O)Nc1cccnc1)CC2,6.4,4,6.8574366468253976,447
O=C(NCCCCN1CCN(c2ccccc2)CC1)c1ccc2ncccc2c1,7.18,7,7.140994739177483,1480
Clc1ccc(N2CCCN(CCCc3nc4ccccc4s3)CC2)cc1,6.159,1,6.954133598124099,1481
CSc1cccc2c1C(=O)N1CCNCC21,6.74,10,6.788993369047617,184
CC(=O)c1c(OCCCN2CCN(c3ccccc3C(F)(F)F)CC2)ccc2c(C)cc(=O)oc12,7.699,9,7.530410216931219,686
CCCCn1cc(CCCOc2ccc(C(=O)NCCCCN(CCC)[C@@H]3CCc4c(O)cccc4C3)cc2OC)nn1,6.0,1,6.170218776455023,1482
CCCCn1cc(CCCOc2ccc(C(=O)NCCCCN(CCC)[C@H]3CCc4c(O)cccc4C3)cc2OC)nn1,6.149,9,6.311059044973542,1482
CC(C)COc1ccc(CNC(=O)N(Cc2cn(C)c3ccccc23)C2CCN(C)CC2)cc1,7.0,5,7.456125896825398,1483
CS(=O)(=O)c1ccc(C(=O)N[C@H]2CC[C@H](CCN3CCC(c4cccc5c4CCO5)CC3)CC2)cc1,7.831,1,7.492067084656084,407
Cc1nc(CN(Cc2ccc(OCC(F)(F)F)cc2)C2=NOC3(CCN(C)CC3)N2)co1,8.0,1,7.888550555555554,657
COc1cccc2[nH]nc(C3=CCCNC3)c12,7.101,8,6.847974158730162,658
COCCC(=O)N[C@H]1CC[C@H](CCN2CCC(c3noc4cc(F)ccc34)CC2)CC1,8.74,1,7.898745277777783,109
O=S(=O)(N[C@H]1CC[C@H](CCN2CCC(c3noc4cc(F)ccc34)CC2)CC1)c1cccnc1,8.61,6,8.454512061087065,1484
NCCC1c2ccccc2Cc2ccccc21,6.32,4,7.138897480158727,151
CC(Oc1cc(C(F)(F)F)ccc1C(F)(F)F)c1nc(N)nc(N2CCN(C)CC2)n1,6.1,5,6.501458626984127,349
COC1(C(=O)N[C@H]2CC[C@H](CCN3CCN(c4cccc5c4OCO5)CC3)CC2)CCCCC1,7.74,10,7.891932705026454,1485
CCCN1CCc2cccc3c2C1Cc1cccc(OCc2cn(CCCCN4CCN(c5ccccc5OC)CC4)nn2)c1-3,6.76,2,6.268968082010586,1486
C[C@H]1C[C@H](NS(=O)(=O)c2cccc(Cl)c2)CN1CCCc1noc2cc(F)ccc12,8.41,8,8.466943259259258,158
CC(N)C1c2ccccc2Cc2ccccc21,6.71,2,6.979123857142854,151
O=S(=O)(N[C@H]1CC[C@H](CCN2CCN(c3nccc4c3CCO4)CC2)CC1)c1ccc(F)cc1,7.407,9,7.373819589947089,1266
COCCOCCOCCOc1cc(Nc2nccc(Oc3ccc(NC(=O)Nc4cc([Si](C)(C)C)nn4-c4ccc(C)cc4)c4ccccc34)n2)cc(OC)c1,6.69,3,6.977540633597881,64
CC(C)CC(=O)N[C@H]1CC[C@H](CCN2CCC(c3coc4ccccc34)CC2)CC1,8.06,9,8.17695287698413,181
N#Cc1cccc2nn(CCCCN3CCN(c4cccc5sccc45)CC3)c(=O)n12,6.98,6,6.926042641534388,119
COc1ccc(N2CCC(C)(c3ccc(Cl)c(Cl)c3)C2=O)cc1OCCN1CCCCC1,6.2,1,6.430469235449728,731
O=C(CO)N[C@H]1CC[C@H](CCN2CCN(c3nccc4sccc34)CC2)CC1,8.852,10,8.585738279100534,311
O=C1CCc2ccc(OCCCCN3CCN(c4ccc(O)c5ncccc45)CC3)cc2N1,7.409,6,7.04893224603175,1487
O=S(=O)(NCCCCN1CCN(c2noc3ccccc23)CC1)c1ccc2cc(Cl)ccc2c1,8.11,1,8.09264782275132,1488
CNCc1ccc(Cl)cc1Oc1ccc(Cl)c(C)c1,8.042,10,7.582094157407411,6
Cc1cccc(N2CCN(CCNC(=O)c3nc(C(C)C)n(-c4ccccc4)c3C)CC2)c1C,7.8,4,7.000439170634924,769
Brc1ccc2[nH]nc(C3=CCCNC3)c2c1,7.272,5,7.16994719047619,658
Cc1c(Cn2ncc(N3CCNCC3)c(Cl)c2=O)cccc1NC(=O)c1ccc(-c2ccccc2)cc1,7.282,1,7.645315992063494,28
COc1ccccc1N1CCN(CCCN2CCCn3c2nc2c3c(=O)n(C)c(=O)n2C)CC1,6.312,8,6.097510736772485,168
O=C(c1ccccc1)N(CCCN1CCC(c2noc3cc(F)ccc23)CC1)C1COC1,7.73,3,8.03399097089947,1489
Cc1cccc(N2CCN(CCCNC(=O)c3cc(-c4ccccc4)[nH]c3C)CC2)c1C,6.52,5,7.1860002103174585,13
CCO[C@@H](C)c1ccc2c(n1)N1[C@@H](CNC[C@H]1C)C2,7.189,1,7.1240139285714275,152
CNc1ccccc1C(=O)CCCN1CC[C@H]2[C@@H](C1)c1cccc3c1N2CCCS3,7.209,1,8.195257548941798,174
CCS(=O)(=O)N[C@H]1CC[C@H](CCN2CCC(c3noc4cc(F)ccc34)CC2)CC1,8.779,3,8.50495523941799,109
COCCC(=O)N[C@H]1CC[C@H](CCN2CCN(c3ncc(C)c4c3CCO4)CC2)CC1,7.43,6,7.415494915343908,12
CC(C)C[C@H]1C(=O)N2CCC[C@H]2[C@]2(O)O[C@](NC(=O)[C@@H]3C=C4c5cccc6[nH]c(Br)c(c56)C[C@H]4N(C)C3)(C(C)C)C(=O)N12,7.322,6,7.93050667989418,1490
CN(C)[C@@H]1Cc2ccccc2[C@@H](c2cccc(F)c2)C1,6.96,5,6.785831156084661,217
CN(C)[C@H]1Cc2ccccc2[C@H](c2cccc(F)c2)C1,6.5,3,7.083073281746032,217
O=C(NCc1ccc(OCC(O)CN2CCN(c3cccc(Cl)c3Cl)CC2)cc1)N(Cc1ccc(F)cc1)C1CCNCC1,7.04,5,6.6454189748677255,1491
CNCc1cc(OCc2cccc(Cl)c2)n(CC2OC3CCC2CC3)n1,8.03,6,8.356797236772485,1492
Cc1cccc(N2CCN(CCCCNC(=O)c3ccc4ccccc4n3)CC2)c1,7.77,3,7.174107833333337,1124
O=S(=O)(c1ccc(F)cc1)c1ccc(CCc2ccc(F)cc2)cn1,7.721,4,7.51362334656084,1493
Cc1ncnc(C)c1-c1cc(NC(=O)C2(F)CCC2)ccc1OC[C@H]1CCCCN1,8.307,8,8.02023755026455,1494
COc1ccc(S(=O)(=O)N(CCCN2CCN(c3ccccc3)CC2)CC2CCCCC2)cc1,8.028,7,7.380897093915341,1070
CC(C)C(O)Cc1ccc(CNC(=O)N(Cc2ccc(F)cc2)C2CCN(C)CC2)cc1,8.172,9,8.332190015873016,18
O=C(CO)N[C@H]1CC[C@H](CCN2CCC(c3cccc4c3OCO4)CC2)CC1,7.67,1,7.7984374497354505,62
COc1ccc2[nH]cc(CCN3CCC3)c2c1,8.15,9,7.039531050264553,1495
F[C@@H]1CCNC[C@H]1c1c(-c2ccccc2)[nH]c2ccc(Cl)cc12,7.99,10,8.238183838624344,310
F[C@@H]1CCNCC1c1c(-c2ccccc2)[nH]c2ccc(Cl)cc12,7.991,9,8.27562353968254,310
COc1cc(-n2cc(O)n(-c3ccc(Oc4ccccc4)cc3)c2=O)ccc1OCCN1CCCC1,6.481,7,6.942669416666666,1496
O=C(CC(F)(F)F)N[C@H]1CC[C@H](CCN2CCC(c3noc4cc(F)ccc34)CC2)CC1,8.558,6,8.45536684126984,109
O=C1CC2(CCCC2)CC(=O)N1CCCCN1CCN(c2cccc3sccc23)CC1,7.54,3,7.181739935185179,1497
CCCN1CCN(c2ccc3c(c2)C(N(C)C(=O)OCc2ccccc2)CCC3)CC1,6.501,4,7.768051500000001,1498
COc1ccc2c(C3CCN(CCN4CCc5cccnc5C4=O)CC3)noc2c1,6.66,3,7.8171858359788375,228
c1ccc(Cc2ccnc3c2CC[C@@H]2CNCCN32)nc1,7.17,8,7.607562948412701,1499
CN1CCN2c3c(cccc31)[C@@H]1CN(CC3CC(c4ccc(F)cc4)=NO3)CC[C@@H]12,7.3,2,7.67809008465608,1500
COc1cccc(N2CCN(CCCCCCN3C(=O)c4ccccc4S3(=O)=O)CC2)c1,6.468,6,6.285392136243385,141
CCc1ncc2c(n1)CCN(CCN1CCN(c3nsc4ccccc34)CC1)C2=O,8.89,8,8.774919792328047,897
CN(C)[C@H]1Cc2ccccc2[C@H](c2ccccc2Br)C1,6.12,6,6.908203398148149,217
Cc1ncnc(C)c1-c1cc(NC(=O)C2(CF)CC2)ccc1OCCN1CCCC1,8.068,9,8.10096694444444,1355
CN(C)[C@@H]1Cc2ccccc2[C@H](c2cccc(Br)c2)C1,6.4,3,7.234097734126984,217
CN(C)[C@H]1Cc2ccccc2[C@@H](c2cccc(Br)c2)C1,7.495,5,6.893948979437238,217
CN(C)[C@@H]1Cc2ccccc2[C@@H](c2cccc(Br)c2)C1,7.699,2,6.840406632478637,217
CN(C)[C@H]1Cc2ccccc2[C@H](c2cccc(Br)c2)C1,6.583,10,7.146672513227518,217
Cc1cccc(N2CCN(CCCNC(=O)c3cc(-c4ccc(Cl)cc4)[nH]c3C)CC2)c1C,7.038,5,7.105339619047617,13
Cc1cc(CN2C(Cc3ccc(OC(F)F)cc3)=NOC23CCN(C)CC32CC2)nn1C,8.0,2,7.579363394179897,1501
Clc1cccc(COc2cncc(N3CCNCC3)n2)c1,7.09,5,6.857856835978838,1502
Fc1ccc(CCN2CCC3(CCc4c(F)cccc4O3)CC2)c(F)c1,8.3,10,8.510598481481479,739
O=C(N[C@H]1CC[C@H](CCN2CCN(c3nsc4ccccc34)CC2)CC1)c1cc2ccccc2s1,9.141,4,8.559883118233625,1503
O=C(N[C@H]1CC[C@@H](CCN2CCN(c3nsc4ccccc34)CC2)CC1)c1cc2ccccc2s1,8.7,4,8.559883118233625,1503
O=C(Nc1cccnc1)N1CCc2cc(Cl)c(C(F)(F)F)cc21,6.801,6,6.5227273769841325,447
O=S(=O)(NCCCCN1CCC(c2noc3cc(F)ccc23)CC1)c1cnc2ccccn12,8.021,10,8.286155386243395,1504
O=C1c2ccccc2S(=O)(=O)N1CCCCCCN1CCN(c2ccc(Cl)cc2)CC1,6.52,10,6.617519523809524,141
Cn1cc2c(n1)C(=O)N(CCN1CCC(c3noc4ccccc34)CC1)CCC2,8.3,10,8.383876234126985,1505
NCCc1c[nH]c2cc(F)cc(O)c12,8.2,3,7.879199281746026,86
CC(C)(C)NC1=NCCNC(c2ccccc2Cl)=C1,7.12,9,7.2799827843915335,285
Cc1c(C(=O)NCCCN2CCN(c3ccc(Cl)cc3Cl)CC2)cc(-c2ccccc2)n1C,6.671,9,6.897671140211641,13
Nc1nc(SCCN2CCN(Cc3ccccc3Cl)CC2)nc(N)c1Cc1ccccc1O,7.64,5,7.505248370370372,475
Cc1cccc(C2NCCc3c2[nH]c2ccc(F)cc32)c1,6.801,9,6.549212214285717,44
CC1CNCCc2cc(Cl)ccc21,6.817,9,6.9520503611111115,39
COc1cc(CCCCF)c(OC)nc1CCN,6.987,8,7.691096490740741,353
O=C(NCCCCN1CCN(c2ccccc2F)CC1)c1cc2ccccc2o1,7.747,3,7.485477037037037,99
CCOC1CC1C(=O)Nc1ccc(OC[C@H]2CCCCN2)c(-c2c(C)ncnc2C)c1,8.043,1,7.6637372380952336,128
CC(Sc1cc(Cl)cc(Cl)c1)c1nc(N)nc(N2CCN(C)CC2)n1,6.75,6,6.452946037037037,257
Cc1nc2n(c(=O)c1CCN1CCN(c3nsc4ccccc34)CC1)CCCC2Cl,7.22,10,7.857561253968251,1169
NC[C@@H]1C[C@@H]1c1cc(F)ccc1OCC1CC1,6.05,3,6.246517582010587,1506
NC[C@H]1C[C@@H]1c1cc(F)ccc1OCC1CC1,6.049,2,6.241671222222223,1506
O=C(NCCCCN1CCN(c2ccc(O)cc2)CC1)c1cc2ccccc2cn1,7.77,4,7.104339869047622,68
O=C(CCCN1CCN(c2cccc(Cl)c2Cl)CC1)Nc1ccn2nccc2c1,8.31,10,7.62810485714286,891
Cc1ncnc(C)c1-c1cc(NC(=O)Cc2ccc(F)cc2)ccc1OCCN1CCCC1,8.886,9,8.301264148148153,297
O=C1CCc2cc(CCN3CCC(c4cccc5sccc45)CC3)ccc2N1,6.731,7,7.403122206349206,1507
Clc1cccc(COc2ccc(Br)cc2OC2CNC2)c1,7.378,2,7.49025411375661,72
Brc1ccc2c(c1)[C@H]1O[C@H](Cn3oc4ccc(N5CCOCC5)cc43)C[C@H]1c1ccccc1O2,6.51,10,6.872523498556998,1508
Cc1ncoc1CC(=O)Nc1ccc(OCCN2CCC2)c(-c2c(C)ncnc2C)c1,8.007,8,7.750574916666666,1509
CC(C)Oc1ccc(COC(=O)N(Cc2ccc(F)cc2F)C2CCN(CC(C)(C)C(=O)O)CC2)cc1,8.5,5,8.556535301587294,74
CN1CCC(N(Cc2ccc(F)cn2)C(=O)NCc2ccc(OC(CF)CF)cc2)CC1,8.616,6,8.218085738095237,225
O=C1NCc2ccc(OCCCCN3CCN(c4cccc5ccc(F)cc45)CC3)c(F)c21,8.679,3,8.660042138888889,190
O[C@@H]1CCNC[C@H]1c1c(-c2ccccc2)[nH]c2ccccc12,8.48,2,7.697769595238094,310
Cn1ncc2c1CC(CN1CCC(c3noc4cc(F)ccc34)CC1)CC2=O,7.76,4,8.352577644179895,781
COc1ccc(NC(=O)Nc2ccc(C(F)(F)F)cc2)cc1-c1c(Br)cnn1C,9.15,9,9.271907693121697,102
COc1cccc(CNCCc2cccc3ccc(OC)cc23)c1,7.04,6,7.391765685185184,1510
O=C(N[C@H]1CC[C@H](CCN2CCC(c3noc4ccc(F)cc34)CC2)CC1)c1ccc2c(c1)OCO2,7.95,10,7.795250329365075,1385
CN(C1CCN(CCOc2ccccc2-c2ccccc2)CC1)S(=O)(=O)c1ccc(F)cc1,7.161,6,7.483362010582006,234
Nc1ccc(CCCCN2CCN(c3ccccn3)CC2)cc1,6.202,9,6.6398835170755195,859
COc1c(Br)cc([18F])cc1CCNCc1ccccc1O,8.141,2,7.910712626984123,115
Cc1ncc2c(=O)n(CCN3CCN(c4noc5ccccc45)CC3)ccc2n1,6.91,7,7.894793682539686,1511
COCCCOc1cc(C(=O)N(C[C@@H]2CNC[C@H]2Cc2ccccc2)C(C)C)ccc1OC,6.0,3,6.914063996031747,1512
O=C(NC1CCc2cc(CCN3CCN(c4nsc5ccccc45)CC3)ccc21)c1ccc(F)cc1,8.78,4,8.967218325396834,1513
CCC[C@@H](F)C(=O)Nc1ccc(OC[C@H]2CCCCN2)c(-c2c(C)ncnc2C)c1,8.246,6,7.471134531746034,980
O=C(NC1CCc2ccc(CCN3CCN(c4nsc5ccccc45)CC3)cc21)c1ccc(Cl)cc1,10.0,2,8.710078838624344,171
COc1ccccc1CCN1CC[C@@H]2[C@H](C1)c1cccc3c1N2CCC3,7.62,6,7.301327347883598,1514
O=C1Nc2cc(Cl)c(Cl)cc2N2CCNCC12,7.923,2,6.865155261904763,1515
O=c1n(CCCN2CCN(c3cccc(Cl)c3)CC2)nc2ccccn12,7.157,7,6.86074592989418,1516
CNCc1cc(OCc2cc(F)ccc2F)n(CCC(C)C)n1,8.822,9,8.484123109788365,364
CNC(=O)c1cc(OCCCCN2CCN(c3cccc(Cl)c3Cl)CC2)ccn1,6.32,3,6.571721900072155,1517
CC(C)Cc1ccc(CNC(=O)N(Cc2ccc(F)cn2)C2CCN(C)CC2)cc1,7.83,3,7.98576725661376,225
CNCCC=C1c2ccccc2CCc2ccccc21,7.555,4,7.342391947089954,1178
CCCC(=O)N[C@H]1CC[C@H](CCN2CCC(c3coc4ccccc34)CC2)CC1,8.26,9,8.168150050264554,181
CC(C)c1ccccc1OCCN1CCC(N(C)S(=O)(=O)c2cccc(F)c2)CC1,6.639,5,6.527299920634922,1002
Cc1ncnc(C)c1-c1cc(NC(=O)C2CC2)ccc1OCCN(C)CCS(C)=O,6.635,6,7.230762837301584,96
Cc1cccc2c1C[C@@H]1CNCCN1C2=O,6.345,7,6.730178969576719,147
CC(Oc1cccc(Cl)c1)c1nc(N)nc(N2CCN(C)CC2)n1,6.23,2,6.399485298941801,349
Fc1ncccc1C1NCCc2c1[nH]c1ccc(Cl)cc21,6.46,9,6.807140140211637,443
Cc1csc(CN(C(=O)NCc2ccc(OCC(C)C)cc2)C2CCN(C)CC2)c1,8.0,8,7.591726548941803,1518
COc1ccc(N2CC=C(c3ccc(Br)cc3)C2=O)cc1OCCN1CCC(C)CC1,6.4,6,6.393691079365082,766
O=C1C[C@]2(CN3CCC2CC3)Oc2cc3ccccc3cc21,4.3,10,5.496591642857143,1519
COc1cc(SCC#N)c(OC)cc1CCN,7.825,2,7.468773203703711,188
OCc1cc2cc(OCCCCN3CCN(c4cccc(Cl)c4Cl)CC3)ccn2n1,7.8,8,7.470334424603173,248
Clc1cc2c(c(-c3ccccc3Cl)c1)N1CCNCCC1C2,6.991,6,6.987796579365076,473
O=S(=O)(Nc1ccccc1-c1nccc2ccccc12)c1ccc(Cl)cc1,4.74,9,5.771657980158724,1520
O=C1NCc2ccc(OCCCCN3CCN(c4cccc5c4CCC5)CC3)cc21,8.0,7,8.070864453703711,1521
Oc1c(Cl)cccc1C1NCCc2c1[nH]c1ccc(Cl)cc21,6.472,4,7.060434926286671,44
CCC(Sc1cc(Cl)cc(Cl)c1)c1nc(N)nc(N2CCN(C)CC2)n1,6.75,3,6.425701818783064,257
c1ccc(CNCC2c3ccccc3Cc3ccccc32)cc1,6.14,10,7.096363892857142,1522
Cc1ccc(C2NCCc3c2[nH]c2ccc(F)cc32)cc1,6.68,9,6.637032369047623,44
Cc1cnc(CNc2nc(N)nc3ccn(Cc4ccccn4)c23)o1,6.189,8,6.865458555555555,1523
O=C(N[C@H]1CC[C@H](CCN2CCN(c3cccc4sccc34)CC2)CC1)c1ccco1,9.201,6,8.511530281746035,1524
CCN(CCCN1CCC(c2noc3cc(F)ccc23)CC1)C(=O)[C@H](C)O,8.08,10,8.843400054232797,31
COc1ccc(N2Cc3cccc(Cl)c3C2=O)cc1OCCN1CCCCC1,6.0,8,6.356014947089947,71
O=C1N[C@H]2CNC[C@@H]2c2cccc(C(F)(F)F)c21,7.208,9,6.9300060542328055,33
CN1CCN(c2nc(N)nc(C(C)(C)Sc3ccccc3Cl)n2)CC1,6.05,6,6.483701724867726,257
O=C1c2cc(Cl)c(Cl)cc2CC1CCN1CCN(c2ccccn2)CC1,6.8,9,6.627571742063494,273
C[C@@H]1CNC[C@@H]2Cc3ccc(Cl)nc3N21,7.269,6,7.261929052910056,152
C[C@@H]1CNC[C@H]2Cc3ccc(Cl)nc3N21,7.378,1,7.19913605687831,152
CCCCNCc1ccc(Cl)c(-c2ccccc2OC)c1,6.551,9,6.586686946368447,203
COc1cccc(OC(=O)N[C@H]2CC[C@H](CCN3CCN(c4nsc5ccccc45)CC3)CC2)c1,8.849,4,8.66719032671958,751
CC(C)COc1ccc(CNC(=O)N(Cc2ccc(F)cc2)C2CC(N(C)C)C2)cc1,6.843,1,7.758792533068782,1525
CN(C)C(=O)CCC(=O)N[C@H]1CC[C@H](CCN2CCC(c3coc4ccccc34)CC2)CC1,8.109,3,8.031310989417998,181
OCCN1CCN(CCCN2c3ccccc3Sc3ccc(C(F)(F)F)cc32)CC1,8.29,8,7.545542472823472,1526
COc1ccc2[nH]cc(C(C)CN)c2c1,8.659,9,7.2209495542328055,86
O=C1CCc2ccc(OCCCCN3CCN(c4cccc5cc(F)ccc45)CC3)nc2N1,8.458,1,8.725303671957676,377
C[C@@H]1CNC[C@H]2Cc3ccc(CO)cc3N21,6.54,1,6.792560416666663,2
CC(C)COc1ccc(CN(Cc2ccc(C#N)cn2)C(=O)NC2CCN(C)CC2)cc1,7.26,1,7.841468560846566,43
CN(C)S(=O)(=O)N[C@H]1CC[C@H](CCN2CCN(c3cccc4c3OCO4)CC2)CC1,7.668,8,7.6353768174603145,4
CN1CCN(c2cccc(N(CC3CC3)S(=O)(=O)c3ccc4ccccc4c3)c2)CC1,7.058,4,6.890097252645501,1527
O=C(c1ccc(-n2cnc([N+](=O)[O-])c2)cc1)C1CC1,7.339,3,6.943000752645497,1528
Oc1ccccc1C1NCCc2c1[nH]c1ccc(Cl)cc21,7.291,1,7.153006449735448,44
COc1ccc(NC(=O)Nc2ccc(N(C)C)cc2)cc1-c1c(Br)cnn1C,8.05,9,9.174458380952387,102
CNCc1cc(OCc2ccccc2)n(CC2(C)CCCCC2)n1,8.55,9,8.342917961640214,91
O=C1Cc2cc(CCN3CCN(c4cccc5sc(F)cc45)CC3)c(Cl)cc2N1,6.14,2,7.130454261904764,132
Cn1nccc1-c1cc(NC(=O)Nc2cc(F)cc(F)c2)ccc1OCCN1CCCCC1,9.04,9,8.787587211640213,90
O=C(c1cccc2cccnc12)N1CCC(CCc2ccc(F)cc2F)CC1,8.54,1,7.875063261904758,1529
O=Cc1cnn2ccc(NC(=O)CCCN3CCN(c4cccc(Cl)c4Cl)CC3)cc12,8.2,2,7.9527931693121685,891
O=C(N[C@H]1CC[C@H](CCN2CCC(c3cccc4c3OCO4)CC2)CC1)c1ccc(Cl)cc1,7.661,2,7.550559597282346,573
Nc1nc(-c2ccc(F)cc2)c([C@@H]2CCN(CCCC(=O)c3ccc(F)cc3)C2)s1,8.718,7,7.85061381349206,1530
O=S(=O)(Nc1ccc2nccc(N3CCNCC3)c2c1)c1ccc(-c2ccccc2)cc1,6.3,7,6.568507484126981,1531
O=C1COc2ccc(OCCCCN3CCN(c4cccc(Cl)c4Cl)CC3)cc2N1,7.916,4,7.318805063492061,1532
COc1ccc(N2Cc3sc4ccccc4c3C2=O)cc1OCCN1CCC(C)CC1,6.1,4,6.480528232804232,993
Fc1ccc2c(C3CCN(CCCOc4ccc(CN5CCOCC5)c(Cl)c4)CC3)noc2c1,8.2,3,8.229543952380943,226
Cc1cc2c(cc1C(F)(F)F)N(C(=O)Nc1cnc(Oc3cccnc3C)c(Cl)c1)CC2,6.6,7,6.795337646825395,52
Cc1nc2n(c(=O)c1CCN1CCC(c3noc4cc(F)ccc34)CC1)CCCC2O,8.482,2,8.226102359788356,292
CCCCC(=O)N[C@H]1CC[C@H](CCN2CCC(c3coc4ccccc34)CC2)CC1,7.88,4,8.032569574074072,181
CNCc1cc(F)ccc1Oc1ccc(Cl)cc1,6.303,2,6.861435864718619,6
O=C(N[C@H]1CC[C@H](CCN2CCN(c3nccc4c3CCO4)CC2)CC1)C(O)C(F)(F)F,7.94,10,7.761915599206354,12
CS(=O)(=O)N[C@H]1CC[C@H](CCN2CCN(c3nsc4ccccc34)CC2)CC1,9.55,2,8.994810349206345,328
O=C(NCc1ccc(-c2ccc(Cl)cc2)cc1)Nc1ccc(CN2CCCCC2)cc1,7.539,7,6.8403389788359785,1533
O=C(CO)N[C@H]1CC[C@H](CCN2CCN(c3nccc4occc34)CC2)CC1,8.251,8,8.082679957671964,80
O=S(=O)(c1ccc(/C=C/c2ccc(F)cc2F)nc1)c1ccccc1F,8.59,2,8.628650014550267,51
Cc1ncnc(C)c1-c1cc(NC(=O)C2CC2)ccc1OCCN1CCN(S(C)(=O)=O)CC1,8.158,3,7.565531780423283,1534
CC(C)Oc1ccccc1Cc1c(N)nc(SCCN2CCN(Cc3cccc(C(F)(F)F)c3)CC2)nc1N,6.919,5,7.264854863997113,475
Cc1cnoc1C(=O)Nc1ccc(OCCN2CCCC2)c(-c2c(C)noc2C)c1,7.623,8,7.795506875661375,1535
O=C1CCc2ccc(OCCCCN3CCN(c4cccc5cccc(F)c45)CC3)nc2N1,9.17,6,8.396055231962482,377
CNc1ccc2c(c1Cl)CCNCC2,7.05,5,7.064300706349206,39
Cc1ccc(CN(C(=O)OCc2ccc(OC(C)C)cc2)C2CCN(C)CC2)c(F)c1,7.3,10,9.046026126984124,74
CCN(C)CCc1c(-c2ccc(C#N)cc2)[nH]c2ccccc12,8.588,5,8.50097625396825,249
O=C(CCCN1CCC(S(=O)(=O)c2ccccc2)CC1)c1ccc(F)cc1,7.822,1,8.231440698412703,1536
Cc1noc(C)c1-c1cc(NC(=O)[C@@H]2C[C@H]2F)ccc1OC[C@H]1CCCCN1,8.924,1,7.8014164606782135,582
COc1ccc(C2NCCc3c2[nH]c2ccc(Cl)cc32)c(O)c1,8.08,6,7.650307100529097,44
O=S(=O)(c1cccc2cccnc12)N(CCCN1CCN(c2ccccc2)CC1)CC1CCCCC1,7.46,10,7.775162264550258,50
CC(C)COc1ccc(CNC(=O)N(Cc2ncc(F)cn2)C2CCN(CCCN(C)C)CC2)cc1,8.664,5,7.521590003968246,1126
Cc1nc(CN(Cc2cc3ccccc3s2)C2=NOC3(CCN(C)CC3)N2)co1,8.0,5,7.856337507936511,1537
CCc1c(C(=O)N[C@H]2CC[C@H](CCN3CCN(c4nsc5ccccc45)CC3)CC2)sc2ccccc12,8.31,8,8.553029698412706,1503
COCC(=O)N[C@H]1CC[C@H](CCN2CCC(c3cccc4c3CCO4)CC2)CC1,7.56,7,7.467131547619042,224
CC(C)n1nc(C(=O)NCC2CCN(CCc3ccc(N)cc3)CC2)c2ccccc21,7.1,8,6.907501907407409,692
Cc1cccc(S(=O)(=O)NCCCN2CCN(c3nsc4ccccc34)CC2)c1,8.89,6,8.261495222222226,345
Cc1cccc(Oc2cc(Cl)ccc2O[C@H]2CCNC2)c1,7.086,8,6.979198439153438,29
Cn1cc2c(n1)CCCN(CCN1CCC(c3noc4ccccc34)CC1)C2=O,8.672,8,8.479009357142857,1538
Cc1cc2c(o1)C(=O)N(CCN1CCN(c3nsc4ccccc34)CC1)CC2,8.509,1,8.929215597883598,1539
CC(C)c1nc2c(N3CCNCC3)ccnc2n1Cc1cccc(F)c1,6.32,3,6.776031579365082,1468
O=C1c2cn(C3CC3)nc2CCN1CCN1CCN(c2nsc3ccccc23)CC1,8.96,9,9.03522067869168,1540
CNCc1cc(OCc2cc(F)c(F)cc2F)n(CCC(C)(C)C)n1,8.74,2,8.617259063492062,364
COc1ccc2c(c1)Oc1cc(F)ccc1N=C2N1CCN(CC(C)(C)C(=O)O)CC1,7.428,6,7.774652365079363,605
O=S(=O)(N[C@H]1CC[C@@H](CCN2CCN(c3nsc4ccccc34)CC2)CC1)c1ccco1,9.13,4,9.036208555555566,635
O=S(=O)(N[C@H]1CC[C@H](CCN2CCN(c3nsc4ccccc34)CC2)CC1)c1ccco1,9.346,6,8.943387198412692,635
Cc1ccccc1[C@@H]1C[C@@H](N(C)C)Cc2ccccc21,6.16,10,6.377352661375656,217
Cc1ccccc1[C@H]1C[C@H](N(C)C)Cc2ccccc21,6.0,3,6.499570599206351,217
O=C1CCc2ccc(CCCCCN3CCN(c4cccc(Cl)c4Cl)CC3)nc2N1,9.1,9,7.598994443121687,1541
COc1ccc2[nH]cc(C3=CCN(Cc4cc(=O)[nH]c5ccccc45)CC3)c2c1,6.45,1,6.943401428571429,1542
C[C@@H](Oc1ccc(C(F)(F)F)cc1OC1CNC1)c1cccc(C(F)(F)F)c1,6.22,10,6.962770813492063,72
O=S(=O)(Nc1cc(Sc2cccc3cccnc23)c(O)c2ccccc12)c1ccccc1,4.47,10,5.743740488095238,868
Cc1cc(OCCCCN2CCN(c3ccccc3F)CC2)c2c(C)cc(=O)oc2c1,6.92,6,6.9848056688311715,1116
Cc1ccc2c(c1)Oc1cc(C(F)F)ccc1C(N1CCN(CC(C)(C)C(=O)O)CC1)=N2,7.89,9,7.836411885521884,605
C[C@H]1C[C@H](NS(=O)(=O)c2cc3ccccc3s2)CN1CCCc1noc2cc(F)ccc12,9.16,3,8.571929248677257,842
c1ccc(CCc2ccnc3c2CC[C@@H]2CNCCN32)cc1,7.97,3,7.73177244047619,1543
CNCc1cc(OCc2cc(F)ccc2F)n(CC2(F)CCCCC2)n1,8.798,8,8.593979689033183,91
COc1ccc(N2CC=C(c3ccc(C)cc3)C2=O)cc1OCCN1CCC(C)CC1,6.2,5,6.278701416666667,766
O=C1[C@@H]2[C@H]3CC[C@H](C3)[C@@H]2C(=O)N1C[C@@H]1CCCC[C@H]1CN1CCN(c2nsc3ccccc23)CC1,8.7,2,8.42558305555555,1544
O=C1C2C3CCC(C3)C2C(=O)N1CC1CCCCC1CN1CCN(c2nsc3ccccc23)CC1,8.7,2,8.42558305555555,1544
COc1ccc(CCN(CCCc2cccc(Cl)c2)CCc2ccc3c(c2)OCO3)cc1OC,6.902,8,6.808176990740742,47
COc1ccccc1N1CCN(CCCCNC(=O)c2n[nH]c3ccccc23)CC1,6.492,3,6.566189480158732,103
O=C1c2ccccc2CCCN1CCCCN1CCN2c3cccc4scc(c34)CC2C1,6.523,5,6.508347867724873,1545
Cc1c(Cl)ccc2c1N1CCNC[C@@H]1C2,7.28,9,7.780462925925926,2
Cc1c(Cl)ccc2c1N1CCNC[C@H]1C2,8.209,8,7.32018815211641,2
O[C@@]1(c2ccc(Cl)cc2)C[C@H]2CC[C@@H](C1)N2Cc1csc2ccccc12,7.15,9,7.065103087301592,1546
COc1ccccc1CNCCc1nc(OC)c(Br)cc1OC,9.128,9,8.056127231361224,1547
Cc1nc(CC(=O)Nc2ccc(OCCN3CCCC3)c(-c3c(C)ncnc3C)c2)no1,7.038,8,7.31263738095238,1548
CCCC(=O)Oc1cccc2c1-c1cccc3c1[C@@H](C2)N(CCC)CC3,7.25,1,6.922845284391536,78
CN(C)CCn1ccc2ccccc21,6.205,9,6.885557396825398,86
Cc1noc(C)c1-c1cc(NC(=O)C2(CF)CC2)ccc1OC[C@H]1CCCCN1,8.042,4,7.911546166666671,582
COc1cccc(-c2ccc(CNCCc3c[nH]c4ccc(OC)cc34)o2)c1,6.668,9,7.176047346560844,481
Cc1noc(C)c1-c1cc(NC(=O)Cc2cnsc2)ccc1OC[C@H]1CCCCN1,9.182,7,8.088627417989422,1549
CCCCCc1c(OC)cc(CCNCc2ccccc2OC)cc1OC,8.78,1,8.182797342592586,115
Cc1cccc(N2CCN(CCCNC(=O)c3nc(-c4ccccc4)n(-c4ccc(F)cc4)c3C)CC2)c1C,7.56,4,7.601515689153434,449
Clc1ccc2cc3n(c2c1)CCNC3,7.203,5,6.546318335978841,38
Cc1[nH]c(-c2ccccn2)cc1C(=O)NCCCN1CCN(c2cccc(Cl)c2Cl)CC1,7.68,5,7.174261056878313,1550
Cc1cc(C(=O)N[C@H]2CC[C@H](CCN3CCC(c4cccc5c4CCO5)CC3)CC2)on1,7.44,2,7.732929124338628,1551
O=S(=O)(c1cncc2ccccc12)N1CCC(CCN2CCN(c3cccc(F)c3)CC2)CC1,6.16,8,6.936899066137568,487
O=S(=O)(c1cncc2ccccc12)N1CCC(CCN2CCN(c3cccc(Cl)c3Cl)CC2)CC1,6.43,8,6.702932853174602,487
COc1cc(SC(C)(C)C)c(OC)cc1CCN,6.82,6,7.550399710317458,188
CN(C)CC1CC2c3ccccc3Cc3cc(F)ccc3N2O1,8.161,4,8.078556399591147,309
COc1ccc(NC(=O)Nc2ccc(Cl)c(C(F)(F)F)c2)cc1-c1c(F)cnn1C,7.914,7,8.697624452380948,102
Cc1ccc2c(c1)Oc1sc(Cl)cc1C(N1CCN(CC(C)(C)C(=O)O)CC1)=N2,8.31,2,7.790417080687824,1552
COc1ccc(N2Cc3c(c4cc(Cl)c(Cl)cc4n3C)C2=O)cc1OCCN1CCCCC1,6.3,4,6.600580401635407,696
Cc1nc(CN(Cc2ccc(CCC(F)(F)F)cc2F)C(=O)NC2CCN(C)CC2)co1,9.021,6,8.307277583213086,552
O=C(N[C@H]1CC[C@H](CCN2CCC(c3coc4ccccc34)CC2)CC1)c1ccccc1,8.36,6,8.16550850396825,55
O=[N+]([O-])c1ccc(C(O)C2CCN(CCc3ccccc3)CC2)cc1,8.94,5,7.598120960317462,11
O=C(c1ccc(F)cc1)C1CCN(CC2C[C@@H]3c4ccccc4Cc4ccccc4[C@H]3O2)CC1,6.362,7,7.099369093915346,1553
O=C(N[C@H]1CC[C@H](CCN2CCC(c3cccc4c3CCO4)CC2)CC1)c1ccc(F)cc1,7.85,4,7.554692317460321,407
O=S(=O)(N[C@H]1CCN(CCCc2noc3ccccc23)C1)c1cccc2ccccc12,8.959,7,9.314112370370369,1554
O=S(=O)(N[C@@H]1CCN(CCCc2noc3ccccc23)C1)c1cccc2ccccc12,9.35,5,9.114997678571436,1554
CCN(CC)CCc1c(-c2ccccc2)[nH]c2ccccc12,8.551,8,9.058389900793646,249
CCCOc1ccc(CNC(=O)N(Cc2ccn(C)c2)[C@H]2CCN(C)C[C@H]2F)cc1,8.0,3,7.9418809325396795,169
COc1ccc(C(=O)Nc2ccc(OCCN3CCC3)c(-c3c(C)ncnc3C)c2)cc1,8.081,6,8.22229410834536,678
Fc1ccc(Cc2ccnc3c2CC[C@@H]2CNCCN32)cc1,7.834,6,7.399665642376141,206
c1ccc2c(c1)CCN(CCCCc1c[nH]c3ccccc13)C2,6.032,10,6.734301873737377,1555
CN1CCN(c2cccc(N(Cc3ccccc3)S(=O)(=O)c3ccc4ccccc4c3)c2)CC1,7.301,6,7.166653123015875,1556
COCCC(=O)N[C@H]1CC[C@H](CCN2CCN(c3nc(C)cc4occc34)CC2)CC1,7.06,8,7.607334817460325,80
CCCCN1CCN2c3c(cccc31)[C@@H]1CN(CCCC(=O)c3ccc(F)cc3)CC[C@@H]12,7.85,3,7.989955689153438,166
O=C(NCCCCN1CCN(c2cccc3ccccc23)CC1)c1cc2ccccc2[nH]1,7.26,1,7.718836898148143,1557
C[C@@H]1CNCCN1c1ccc(=O)n(CCOc2ccccc2Cl)n1,6.942,2,7.127390732804236,341
COc1cc([S+]([O-])C(F)(F)F)c(OC)cc1CCN,7.723,8,7.209531014550268,188
O=S(=O)(NCCCN1CCN(c2cccc(C(F)(F)F)c2)CC1)c1ccc2ccccc2c1,7.021,6,7.053099965608468,559
Cc1ncnc(C)c1-c1cc(NC(=O)C2CC2)ccc1OCCN1CCC(C)C1,6.314,7,7.919484796777289,1355
COc1c(Br)cc([18F])cc1CCNCc1cccc2c1OCO2,8.77,10,7.884021161375661,367
COc1ccccc1N1CCN(CCCOc2ccc3c(C)cc(=O)oc3c2C(C)=O)CC1,8.1,9,7.138610630952382,686
Fc1ccccc1OC1CN(c2c3c(nc4ccnn24)CCNCC3)C1,6.189,8,7.492614142857136,1123
CNCCC1c2ccccc2Cc2ccccc21,7.04,3,7.1717834761904715,151
Cn1c(=O)c2c(nc3n2CCCN3CCCN2CCN(c3cccc(Cl)c3)CC2)n(C)c1=O,6.9,8,6.463574109788363,168
O=S(=O)(N[C@H]1CC[C@H](CCN2CCN(c3cccc4c3OCO4)CC2)CC1)c1ccccc1,7.192,6,7.307018803751803,155
O=C1c2cccc(F)c2C(=O)N1CCCCN1CCN(c2cccc3sccc23)CC1,6.5,8,6.762083037999038,382
CN(C)CC1CC2c3cc(F)ccc3Cc3ccccc3N2O1,7.27,10,8.04735944179894,309
O=C1CN2c3c(cccc3[C@@H]3CN(CCCOc4ccc(F)cc4F)CC[C@@H]32)N1,7.822,9,7.922641785714286,210
Cc1ccc(-n2nc(C(C)(C)C)cc2NC(=O)Nc2ccc(Oc3ccnc(Nc4cccc(Cl)c4)n3)c3ccccc23)cc1,6.582,10,6.870535551587298,64
Cn1cc(Br)c(C(=O)N2CCN(CCc3ccccc3)CC2)n1,7.169,5,7.208608760582009,63
CN1CCN(C2=Nc3ccccc3Cc3ccccc32)CC1,7.886,4,7.550696541005288,551
CCC(N)Cc1cc(OC)c(SCCCCC(F)(F)F)cc1OC,7.606,1,8.134359785714285,188
CC(CN1c2ccccc2Sc2ccccc21)N(C)C,7.64,1,7.402518346560845,1558
C#CC1=CC[C@H](N(CCC)CCCCNC(=O)c2ccc(-c3ccccc3)cc2)CC1,4.55,3,7.059542813492059,1559
COCCC(=O)N[C@H]1CC[C@H](CCN2CCN(c3nccc4sccc34)CC2)CC1,8.458,2,8.599246746031746,311
Oc1cccc2[nH]cc(CCN3CCC3)c12,7.925,6,6.714472279100533,1495
COc1cc(SSC(F)(F)F)c(OC)cc1CCN,7.11,2,7.590346625300629,188
CCC1CC(=O)c2c(N3CCN(C)CC3)cccc2N1S(=O)(=O)c1ccc2ccccc2c1,6.34,7,6.786684000000003,1121
Cc1cccc(N2CCN(CCCNC(=O)c3nc(C)n(-c4ccc5c(c4)OCCO5)c3C)CC2)c1C,7.39,2,7.183332965608467,333
O=S(=O)(NCCCCN1CCN(c2nsc3ccccc23)CC1)c1ccc(OC(F)(F)F)cc1,8.66,3,7.884358211640209,596
O=C1CC2(CCCCC2)CC(=O)N1CCCCN1CCN(c2cccc3sccc23)CC1,6.99,7,7.384285075396832,1560
Fc1ccc(SCCCN2CCCN(c3ccc(Cl)cc3)CC2)cc1,6.79,7,6.93614125264551,1561
Cn1cc(Br)c(C(=O)N2CCN(CCc3ccc(Cl)cc3)CC2)n1,7.47,2,6.908549462962965,63
[11CH3]N1CCN(c2cccc3cc(S(=O)(=O)c4cccc(F)c4)cnc23)CC1,9.8,6,8.602521985449743,1067
CN1CCN(c2cccc3cc(S(=O)(=O)c4cccc(F)c4)cnc23)CC1,9.41,5,8.940574415343919,1067
CCc1c(C(=O)NCCCN2CCN(c3cccc(C)c3C)CC2)nc(-c2ccc(Cl)cc2Cl)n1-c1ccc(Br)cc1,6.898,7,7.430274333333337,449
CC1CN2CCNCc3ccc(Cl)c1c32,6.996,8,6.854334476190476,281
CCC1(NC2=NCCN=C(c3ccccc3F)C2)CCCC1,8.444,1,8.155543150793651,1562
CCCc1ccc(CN(Cc2coc(C)n2)C(=O)NC2CCN(C)CC2)cc1,8.0,8,8.021323376984133,552
COc1cccc(N2CCN(CCCOc3cc(C)cc4oc(=O)cc(C)c34)CC2)c1,6.97,5,6.93162039417989,427
COc1ccc(-n2c(-c3ccccc3)nc(C(=O)NCCCN3CCN(c4cccc(C)c4C)CC3)c2C)cc1,7.62,3,7.5716571891534405,449
CCn1cc(CCN(C)C)c2c(O)cccc21,6.709,7,6.820164123015874,86
CNC(=O)c1cccc(OCCCCN2CCN(c3cccc(Cl)c3Cl)CC2)c1F,7.521,2,6.689905161375667,479
O=C1c2ncccc2CCN1CCN1CCN(c2noc3ccc(F)cc23)CC1,6.908,3,8.159705809523805,876
CCN(CCN1CCC(c2noc3cc(F)ccc23)CC1)C(=O)C1(O)CC1,8.96,5,8.85773988888889,1563
Cc1ccc2[nH]cc(CCN)c2c1,8.22,10,7.6203824457671985,86
C[C@H]1CCCCN1CCc1c(-c2ccccc2)[nH]c2ccccc12,8.399,7,9.178692579365087,639
C[C@@H]1CCCCN1CCc1c(-c2ccccc2)[nH]c2ccccc12,9.74,3,8.495024648148151,639
COc1ccc2[nH]nc(CCNCc3ccccc3)c2c1,7.54,10,7.312937333333331,726
O=S(=O)(NCCCCN1CCN(c2cccc(Cl)c2Cl)CC1)c1ccc2cccnc2c1,7.659,8,7.471873571428576,1564
O=C(CC1CCOCC1)N[C@H]1CC[C@H](CCN2CCC(c3ccc(F)c4occc34)CC2)CC1,7.51,9,7.722489264550265,1565
Cn1cc(Br)c(C(=O)N2CCN(CC(=O)c3ccccc3F)CC2)n1,6.57,5,7.308634178571433,162
CC(Oc1ccc(Cl)c(Cl)c1)c1nc(N)nc(N2CCN(C)CC2)n1,6.24,7,6.436044886243388,349
O=C1CCc2ccc(OCCCCN3CCN(c4cccc5c(F)cccc45)CC3)nc2N1,8.481,3,8.624015744709,377
O=S(=O)(c1ccccc1)C1CCN(CCCc2ccccc2)CC1,7.822,8,7.411592511904765,1566
CCCn1c(-c2ccccc2)cc(C(=O)NCCCCN2CCN(c3cccc(Cl)c3Cl)CC2)c1C,6.98,3,6.713995137566142,571
Cn1ncc2c1C(=O)N(CCN1CCN(c3nsc4ccccc34)CC1)CCC2,7.749,7,8.883735023809523,1567
COc1ccc(OC)c(S(=O)(=O)n2cc(/C=N/N=C/N(C)C)c3c([N+](=O)[O-])cccc32)c1,6.32,3,6.628737387566138,425
COCC(=O)N[C@H]1CC[C@H](CCN2CCN(c3nccc4c3CCO4)CC2)CC1,7.959,3,7.800742882275128,12
CS(=O)(=O)N[C@H]1CC[C@H](CCN2CCC(c3coc4ccccc34)CC2)CC1,8.268,5,8.056523735449735,181
Clc1ccc2[nH]nc(C3=CCCNC3)c2c1,7.6,9,7.0403845328652865,658
COc1ccccc1N1CCN(CCCNC(=O)NN(Cc2ccccc2)c2ccccc2)CC1,7.189,1,7.261935284391533,1568
COc1cc2c(cc1C(F)(F)F)N(C(=O)Nc1cccc(-c3cccnc3)c1)CC2,6.7,7,6.633956054232809,324
Cn1nccc1-c1cc(NC(=O)Nc2ccc(Cl)cc2)ccc1OCCN1CCCOCC1,9.66,2,9.027216925925925,1569
CNc1ncc2c(n1)CC(CN1CCC(C(=O)c3ccc(F)cc3)CC1)CC2=O,8.19,5,7.566204559523808,113
O=S(=O)(c1ccc(/C=C/c2ccncc2)nc1)c1ccccc1F,6.1,3,7.646108148148152,1570
F[C@H]1CCNC[C@@H]1c1c(-c2ccccc2)[nH]c2ccccc12,6.66,2,8.46517087169312,310
F[C@@H]1CCNC[C@H]1c1c(-c2ccccc2)[nH]c2ccccc12,9.37,5,7.658633517195773,310
F[C@H]1CCNCC1c1c(-c2ccccc2)[nH]c2ccccc12,6.658,9,8.490737880351134,310
F[C@@H]1CCNCC1c1c(-c2ccccc2)[nH]c2ccccc12,9.367,10,7.6295415637325625,310
O=C1c2ccccc2CCCN1CCN1CCC(c2c[nH]c3ccccc23)CC1,8.77,6,7.218005777777771,1571
CNCc1cc(OCc2cc(F)ccc2F)n(Cc2ccc(C)cc2)n1,8.57,7,8.76424431878307,253
CC1(c2cccc(OCc3ccccc3)c2)C(=O)Nc2cc(Cl)cc(Cl)c2C1=O,6.14,5,7.067970514790766,1572
Fc1ccc(-c2c3c(nn2C2CC2)CCNCC3)cc1,8.221,3,7.692986024771527,1120
COc1ccc2[nH]cc(C3CC3N)c2c1,7.51,9,7.0291553015873065,369
COc1cc(CCNCc2ccccc2F)c(OC)cc1C#N,6.48,8,7.695529956349202,115
CNCc1cc(OCc2cc(Cl)ccc2F)n(CC2CC2)n1,8.52,2,8.45338107936508,1573
CCN(CCCN1CCC(c2noc3cc(F)ccc23)CC1)S(=O)(=O)C(C)CO,8.92,7,8.340181530423278,31
COc1ccc2c(c1)CC(CN1CCN(c3ccccn3)CC1)CC2=O,6.16,6,6.3305817658730135,851
O=C1c2ccccc2CCCN1CCN1CCC(N2C(=O)Cc3cc(F)ccc32)CC1,7.37,2,7.301012867724865,1574
COc1cc(CCNCc2ccccc2OC)c(OC)cc1C#N,8.44,2,7.799676559523814,115
O=S(=O)(NCCCCN1CCN(c2cccc(Cl)c2Cl)CC1)c1ccc2ncccc2c1,7.64,1,7.451025052910047,1575
CN(C)CC1CC2c3ccccc3Cc3c(F)cccc3N2O1,7.62,9,7.593800421957679,309
O=C(CC1(O)CCC1)N[C@H]1CC[C@H](CCN2CCC(c3cccc4c3OCO4)CC2)CC1,7.57,4,7.67587968253968,1576
O=C(/C=C/c1ccc(Cl)c(Cl)c1)NCCCCCN1CCC(c2c[nH]c3ccc(O)cc23)CC1,7.7,4,7.223610982804236,1577
COc1cc(CCNCc2cccc3c2OCC3)c(OC)cc1Br,8.679,7,8.247564900793648,1578
CCc1ncccc1Oc1ccc(NC(=O)N2CCc3cc(C)c(Cl)cc32)cn1,6.699,9,6.72039114285714,52
CCN(C)CCc1c(-c2cccc(C(F)(F)F)c2)[nH]c2ccccc12,9.89,8,9.246146654761896,249
OC1(c2ccc(Cl)c(C(F)(F)F)c2)CCN(CCCCC(c2ccc(F)cc2)c2ccc(F)cc2)CC1,6.0,5,6.502257452380953,1579
CCCCOc1ccc(S(=O)(=O)N(C)C2CCN(C)CC2)cc1,7.112,2,6.973525658730154,122
Cc1cc(=O)oc2c(Cl)c(OCCCCN3CCC(c4noc5cc(F)ccc45)CC3)ccc12,8.465,2,8.150899879629621,1580
O=S1(=O)c2cccc3cccc(c23)N1CCCCCCN1CCN(c2ccccc2F)CC1,6.422,2,6.8099618756613784,45
Cc1cccc(N2CCN(CCCNC(=O)c3cc(-c4ccc(Cl)cc4)n(C)c3C)CC2)c1C,6.67,9,7.006596420634922,13
C=C(C)COc1ccc(Cl)cc1[C@H]1C[C@@H]1CN,6.042,1,6.521291829365075,69
O=C1c2c(OC(F)(F)F)cccc2C2CNCCN12,7.115,4,6.743595813492065,184
O=C(NC1CCC(CCN2CCN(c3cccc4sccc34)CC2)CC1F)c1ccco1,9.046,6,7.80316934126984,1524
O=C1NCc2ccc(OCCCN3CCN(c4cccc5cc(F)ccc45)CC3)c(F)c21,8.27,10,8.437069111111112,133
Cn1ccnc1C1NCCc2c1[nH]c1ccc(O)cc21,7.101,7,6.7823816587301575,1581
O=C1NCc2ccc(OCCCN3CCN(c4cccc5ccccc45)CC3)c(F)c21,8.658,7,8.357329078042325,133
c1cc2ccc3c(c2o1)CCNCC3,7.0,8,7.240999073593071,1582
COc1cc(CCNCc2ccc[nH]c2=O)c(OC)cc1Br,6.91,5,8.106996947570945,1583
CCC(C)(CC)NC1=NCCN=C(c2ccc(C)cc2)C1,7.827,1,7.7998204920635,395
CC(C)Oc1ccc(COC(=O)N(Cc2cc(F)c(F)cc2F)C2CCN(C)CC2)cc1,7.8,7,9.060883361111104,74
CNC(C)c1ccc(Cl)cc1Oc1ccc(C)cc1,8.45,10,7.2512791931216904,6
CCCN(CC)CCc1c[nH]c2c(F)c(F)ccc12,6.52,5,6.550615373015872,86
O=C(CCC(F)(F)F)N[C@H]1CC[C@H](CCN2CCN(c3nccc4c3CCO4)CC2)CC1,7.529,6,7.6566654769119715,12
Cc1nc(C(=O)NCCN2CCN(c3cccc(Cl)c3Cl)CC2)c(C)n1-c1ccccc1,7.51,2,7.496761932539689,769
N#Cc1ccc2c(c1)C(=O)CC1(CCN(CCc3ccc(F)cc3F)CC1)O2,6.82,5,8.462018325396823,1584
CSc1cc2c(cc1C(F)(F)F)N(C(=O)Nc1cccc(-c3ccncc3)c1)CC2,6.801,9,6.896420862433862,1585
c1ccc(Cc2nc3c(c(Nc4ccccc4)n2)CCNCC3)cc1,8.39,10,7.903314702380953,332
O=S(=O)(c1ccc2cc[nH]c2c1)N1CCC[C@@H]1CCN1CCC(Oc2ccc(Cl)cc2)CC1,7.2,2,7.076607777777778,1586
Cc1ccc(S(=O)(=O)N(CCCCCCN2CCN(c3nsc4ccccc34)CC2)c2ccccc2)cc1,7.58,8,7.505627485449739,1587
CCNC(=O)c1ccnc(OCCCCN2CCC(c3noc4cc(F)ccc34)CC2)c1,7.17,7,7.386811209235205,1588
CC(=O)c1c(OCCCN2CCN(c3cccc(F)c3)CC2)ccc2c(C)cc(=O)oc12,6.39,4,6.896517346560845,686
C=CCN[C@@H](C)Cn1ccc2ccc3ncccc3c21,6.067,8,6.652899517195767,789
COc1cc2c(cc1OC)C(=O)CC(CN1CCC(c3noc4cc(F)ccc34)CC1)C2,8.08,5,7.889777177248677,318
Fc1ccc(SCCCN2CCN(c3ccc(Cl)cc3)CC2)cc1,7.278,10,6.95311578354979,1589
COc1ccc(C2CCN(c3ccc(Cl)c(Cl)c3)C2=O)cc1OCCN1CCCCC1,6.1,9,6.305480531746023,1430
COCCc1ccnc2c1CC[C@@H]1CNCCN21,7.001,1,6.51034760714286,450
CC(c1ccccc1Oc1ccc(Cl)c(Cl)c1)N(C)C,7.058,10,6.832117810846559,6
Cn1ncc2c1C(=O)N(CCN1CCC(c3noc4ccccc34)CC1)CC2,8.14,8,8.464257731361226,1590
CCC1(CCCCN2CCN(c3ccc(Cl)cc3)CC2)C(=O)Nc2cc(F)ccc21,7.716,10,7.215284111111109,932
Fc1ccc2c(c1)CCC1(CCN(C3CCc4ccccc4C3)CC1)O2,7.021,4,7.567571849206358,1591
O=C(CN1CCN(CCCc2c[nH]c3ccc(F)cc23)CC1)N(c1ccccc1)C1CCCCC1,6.68,6,7.5302188888888955,1592
CN(C)CCn1cc(S(=O)(=O)c2cccc(Cl)c2)c2cccnc21,6.88,2,6.811199506613755,1593
CC(C)COc1ccc(CN(Cc2cn(C)cn2)C2=NOC3(CCN(C)CC3)N2)cc1,8.0,6,7.816310698412701,1594
Cc1cc2c(cc1C(F)(F)F)N(C(=O)Nc1cnc(OCc3ccccn3)c(C)c1)CC2,7.399,3,6.652411362433863,1029
COc1ccc(F)c(Cl)c1C1CC1CN,6.515,2,6.732049916666662,69
CCCCOc1ccc(CN(Cc2coc(C)n2)C(=O)N[C@H]2CCN(C)CC23CC3)cc1,8.0,4,7.928891163780665,1306
CNCc1ccc(C#N)cc1Oc1ccc(Cl)c(Cl)c1,6.5,9,6.922776584656088,6
Cc1cccc(N2CCN(CCCNC(=O)c3nc(C)n(-c4ccccc4Cl)c3C)CC2)c1C,7.098,6,7.271495506613759,101
O=C(N[C@H]1CC[C@H](CCN2CCC(c3cccc4c3CCO4)CC2)CC1)C1(O)CC1,8.03,7,7.88416866534391,180
CCC(Oc1ccc(Cl)c(Cl)c1)c1nc(N)nc(N2CCN(C)CC2)n1,6.159,4,6.346045900793652,349
CC(=O)N[C@H]1CC[C@H](CCN2CCN(c3nc(C)cc4occc34)CC2)CC1,7.122,8,7.67527607936509,80
COc1cc2c(cc1C(F)(F)F)N(C(=O)Nc1cccc(-c3cccnc3)c1C)CC2,6.4,3,6.769260293650797,324
O=C1CCc2ccc(OCCCCN3CCN(c4cccc5ccccc45)CC3)nc2N1,9.852,9,8.468929198412695,377
c1ccc(-c2[nH]c3ccccc3c2CCN2CCCC2)cc1,8.05,10,8.38947842989417,1595
C[C@H](N)CN1CCc2ccc(Br)cc21,6.222,6,6.791384816859071,872
CSc1nc(C)cc(C(=O)NCCN2CCN(c3cccc(Cl)c3Cl)CC2)n1,7.26,3,7.160601059523807,412
Cc1cc2c(c(N3CCN(CC[C@H]4CC[C@H](NC(=O)CC5CCOCC5)CC4)CC3)n1)CCO2,6.712,10,7.119541867724869,27
CCC(N)Cc1c[nH]c2ccc(F)cc12,6.61,5,7.470468669312166,86
O=S(=O)(N[C@H]1CCN(CCCc2noc3ccccc23)C1)c1ccc2ccccc2c1,9.48,4,9.369623742063496,867
O=S(=O)(N[C@@H]1CCN(CCCc2noc3ccccc23)C1)c1ccc2ccccc2c1,9.61,10,9.263853170634928,867
CCC[C@@H](C)NC(=O)[C@@H]1C=C2c3cccc4[nH]cc(c34)C[C@H]2N(CCC)C1,8.8,3,8.590003838624348,53
CN1CCN2c3c(cccc31)[C@@H]1CN(CCCc3ccccc3O)CC[C@@H]12,7.051,5,7.512213425925921,1596
COc1ccc(F)cc1C1CC1CNCc1ccsc1OC,6.33,10,6.832471130952378,961
CN1CN(c2ccccc2)C2(CCN(CCCC(=O)c3ccc(F)cc3)CC2)C1=O,8.058,4,7.992089456349204,534
Cc1ncnc(C)c1-c1cc(NC(=O)C2(F)CC2)ccc1OC1CNC1,7.837,2,7.7100031719576725,15
OC1(c2ccc(Cl)cc2)CC2CCC(C1)N2CCCSc1ccccc1F,6.94,9,6.851991230519483,1323
COc1ccccc1CCCN(CCc1ccc(OC)c(OC)c1)CCc1ccc2c(c1)OCO2,6.85,8,6.989041396825389,47
CN1CCC(c2cn(-c3ccc(F)cc3)c3ccc(-c4ncn(C)n4)cc23)CC1,7.05,10,7.708915115079365,1597
COc1cccc(NC(=O)NCCCN2CCCC(Cc3ccccc3)C2)c1,6.04,8,6.431759050264547,1598
CN(C)/C=N/N=C/c1cn(S(=O)(=O)c2ccc3ccccc3c2)c2cccc([N+](=O)[O-])c12,6.362,2,6.3699072063492075,1599
Cc1cc2c(cc1OCCCN1CCN(c3cccc4cc(F)ccc34)CC1)C(=O)NC2,7.28,4,7.677986650793649,133
Cc1ccc2c(N3CCN(CCc4cccc(NC(=O)c5cnccn5)c4)CC3)cccc2n1,6.8,1,6.900510119047617,1600
Cc1ccc(CN(Cc2ccc(OCC(C)C)cc2)C2=NC(=O)C3(CCN(C)CC3)N2)nc1,8.0,1,7.684786007936509,1601
O=C1Nc2ccccc2C12CCN(CCCN1CCN(c3ccc(Cl)cc3)CC1)C2,6.15,7,6.920467267195769,1602
CCN(CC)C(=O)[C@@H]1C=C2c3cccc4[nH]cc(c34)C[C@H]2N(C(=O)Nc2ccccc2)C1,6.122,3,8.613108575396824,1603
C[C@@H](O)C(=O)N[C@H]1CC[C@H](CCN2CCN(c3cccc4c3OCO4)CC2)CC1,8.058,4,7.886501050264551,4
O=C1c2ccc(Cl)cc2CC1CCCN1CCN(c2ccccn2)CC1,6.27,2,6.8018229464886915,79
O=C(c1ccc(F)cc1)C1CCN(CCc2cccc(I)c2)CC1,9.29,4,8.037337944444443,85
COc1cc(S(=O)(=O)CF)c(OC)cc1CCN,8.225,8,7.625624613636364,188
O=C(C1CCCCC1)N(CCN1CCN(c2ccccc2)CC1)c1ccccn1,6.75,6,7.299024150793654,1604
CCCCCSc1cc(OC)c(C[C@@H](C)N)cc1OC,8.516,4,8.646401523809514,188
CCCCCSc1cc(OC)c(C[C@H](C)N)cc1OC,8.747,10,8.590634152116403,188
CCCCCSc1cc(OC)c(CC(C)N)cc1OC,8.801,5,8.561192551587295,188
O=C(N[C@H]1CC[C@H](CCN2CCN(c3nsc4ccccc34)CC2)CC1)C1CCCCC1,9.44,4,9.141328052096057,1605
CC(N)Cn1ccc2c1-c1cc(Br)ccc1C2,7.0,2,6.93307089814815,315
Clc1ccc2c(c1)cc1n2CCNC1,6.317,6,7.023869887566138,38
O=C(CC1CCCO1)N[C@H]1CC[C@H](CCN2CCC(c3noc4cc(Cl)c(F)cc34)CC2)CC1,7.51,1,7.911958274531022,1606
O=C(N[C@H]1CC[C@H](CCN2CCN(c3cccc4c3OCO4)CC2)CC1)c1ccccc1,7.732,9,7.754842222222228,1054
Cc1cc(C(=O)N[C@H]2CC[C@H](CCN3CCC(c4coc5ccccc45)CC3)CC2)on1,8.04,10,8.17822125132275,1607
O=C1c2ccoc2CCC1CCN1CCC(c2noc3cc(F)ccc23)CC1,9.14,6,8.493558847883602,1608
CCc1cc(Cl)c(OC)c(N2CCN(CC[C@H]3CC[C@H](NC(=O)N(C)C)CC3)CC2)c1,6.17,6,7.107210328042328,401
O=C1NCc2ccc(OCCCN3CCN(c4cccc5c4OCCC5)CC3)cc21,7.598,6,7.811715596560848,1609
Nc1ccc2c(c1)C(=O)C(CCN1CCC(C(=O)c3ccc(F)cc3O)CC1)CC2,7.63,4,7.944234567460326,1610
NCCc1c[nH]c2c(Cl)cccc12,7.73,5,7.402145333333332,86
CCCCOc1ccc(CN(Cc2coc(C)n2)C(=O)N[C@H]2CCN(C)CC23CC3)c(F)c1,8.0,8,8.072738113756616,1306
COc1cc(F)c(F)cc1C1CC1CN,6.491,3,6.573347462962963,69
CC(C)OCc1ccc(CNC(=O)N(Cc2ccc(F)cn2)C2CCN(C)CC2)cc1,8.354,4,8.267205698412706,225
COc1ccc2c(c1[C@H]1C[C@@H]1CN)CCO2,6.931,1,6.551638701058196,557
COc1ccc2c(c1[C@@H]1C[C@H]1CN)CCO2,6.53,2,6.832733834656084,557
Cc1n[nH]c(C)c1S(=O)(=O)N1CCC(=C(F)c2ccc(Cl)cc2F)CC1,6.398,5,6.533400019841269,812
COc1ncc2c(n1)CCN(CCN1CCN(c3nsc4ccccc34)CC1)C2=O,8.312,8,8.777782996031746,897
CCc1cc2c(ccc3cnn(CC(C)N)c32)o1,7.886,8,7.648691870573867,585
CCc1cc2c(ccc3cnn(C[C@H](C)N)c32)o1,7.459,9,7.895402130952379,585
O=C(CCCCN1CCCN(c2ccc(Cl)cc2)CC1)c1nc2ccccc2s1,6.0,2,6.561937203703706,1611
CCCn1c(C)c(C(=O)NCCN2CCN(c3cccc(Cl)c3Cl)CC2)c(C)c1-c1ccccc1,7.601,8,7.211832763227513,770
CCCCCc1cc(OC)c(CCN)nc1OC,8.199,4,7.6409994007936435,353
NC1CCc2ccc(CCN3CCN(c4nsc5ccccc45)CC3)cc21,10.048,2,9.856896226190477,26
O=S(=O)(NCCCN1CCN(c2cccc(Cl)c2Cl)CC1)c1ccc2cccnc2c1,7.33,4,7.341034509259258,1612
CCCCC(Sc1cccc(Cl)c1Cl)c1nc(N)nc(N2CCN(C)CC2)n1,6.75,9,6.524367051587303,257
CC(N)Cc1c[nH]c2ccc(Cl)cc12,8.2,1,7.62761719312169,86
O=C(N[C@H]1CC[C@H](CCN2CCN(c3cccc4c3OCO4)CC2)CC1)C(F)(F)F,7.45,3,7.766587898148144,4
CC(C)Oc1ccc(COC(=O)N(Cc2ccc(F)cc2)[C@H]2CCN(C)C[C@H]2F)cc1,10.0,2,9.618235234126972,74
CC(C)Oc1ccc(COC(=O)N(Cc2ccc(F)cc2)[C@@H]2CCN(C)C[C@@H]2F)cc1,10.0,2,9.618235234126972,74
CC(C)COc1ccc(CNC(=O)N(Cc2cc(F)n(C)n2)C2CCN(C)CC2)cc1,8.0,9,7.98876965656566,589
CC(C)COc1ccc(CNC(=O)N(Cc2ccc(F)cc2)C2CCN(C(=O)CCC(=O)O)CC2)cc1,6.499,7,7.516837289682541,18
O=S(=O)(c1ccc(/C=C/c2ccc(F)cc2O)nc1)c1ccccc1F,9.72,5,8.102378263227516,51
Cc1ncc2c(=O)n(CCN3CCN(c4nsc5ccccc45)CC3)ccc2n1,8.238,6,8.502508711640207,1074
CSc1ccc2c(c1)Oc1cc(Cl)ccc1N=C2N1CCN(CC(C)(C)C(=O)O)CC1,7.89,5,7.719039963203457,605
CC(C)c1nc2c(o1)C(=O)N(CCN1CCN(c3nsc4ccccc34)CC1)CC2,8.588,8,8.67663528703704,149
O=C(N[C@H]1CC[C@H](CCN2CCC(c3cccc4c3CCO4)CC2)CC1)C1CCC1,7.69,2,7.613533318783075,1036
CC(Oc1cc(Cl)cc(Cl)c1)c1nc(N)nc(N2CCN(C)CC2)n1,6.383,7,6.4224797275132275,349
COc1cc(Br)c(OC)nc1CC(C)N,8.67,4,7.310897653439153,353
COc1cc(OC)c(C(=O)CCCCN2CCC3(CC2)NC(=O)NC3=O)cc1NS(=O)(=O)c1ccc(OC(F)(F)F)cc1,6.0,2,6.519346738095237,811
COc1cc(OC)c(C2NCCc3c2[nH]c2ccc(O)cc32)cc1OC,8.41,3,7.1566922037037,44
O=C1NCc2cc(F)c(OCCCCN3CCN(c4cccc5ccc(F)cc45)CC3)cc21,8.0,1,8.2600880515873,190
O=S(=O)(c1ccccc1)c1ccc(/C=C/c2ccc(F)cc2F)cc1,8.88,1,8.713213784391536,397
NCC1c2ccccc2Cc2cc(CCCc3ccccc3)ccc21,8.49,2,7.443076025132275,1613
OC1(c2ccc(Cl)cc2)CC2CCC(C1)N2CCCSc1cccc(F)c1,6.29,5,7.051845708994709,1323
O=C(N[C@H]1CC[C@H](CCN2CCC(c3cccc4c3OCO4)CC2)CC1)N1CCc2ccccc21,7.598,6,7.5179429298941765,1614
COc1ccc(F)cc1C1CC1CNCc1ccccc1C#N,6.14,1,6.850336092592591,276
CCCN(CC)CCc1c[nH]c2ccc(F)cc12,7.16,10,6.594326175324675,86
Cc1cccc(N2CCN(CCNC(=O)c3cc(C(C)(C)C)n(C)c3C)CC2)c1C,7.44,6,6.683887166666663,960
COc1ccccc1N1CCN(CCc2ccc3[nH]nnc3c2)CC1,6.85,5,6.897891387566132,984
c1ccc(CCN2[C@@H]3CC[C@H]2CC(c2c(-c4ccccc4)[nH]c4ccccc24)C3)cc1,8.92,10,7.938324626984128,1615
CN(C)Cc1cn(C)c2cccc(O)c12,6.301,2,6.87123587698413,86
O=C(NCCCCN1CCN(c2ccccc2)CC1)c1ccc2ccccc2n1,7.009,8,7.158829343915337,1124
O=C1NCN(c2ccccc2)C12CCN(CCCC(c1ccc(F)cc1)c1ccc(F)cc1)CC2,8.022,5,7.056955203703708,1616
COc1cc2c3c(c1OCC1CC1)-c1cc(NS(C)(=O)=O)ccc1CC3N(C)CC2,6.36,10,6.2857580066137535,298
O=c1c2cncnc2ccn1CCN1CCC(c2noc3ccccc23)CC1,7.699,7,8.282207063492061,295
O=C(c1cc2n(n1)CCCC2)N1CCN(CCc2ccc(F)cc2F)CC1,8.588,4,8.291977857142856,1617
CN(C)CCSc1cccc(C2CCCCC2)n1,6.639,9,6.7657845529100635,1391
CN(C)C1C=CC2(CC1)c1ccccc1CCc1ccc(Cl)cc12,9.244,10,7.870911041005287,1618
O=C(NCCc1ccccc1)N[C@H]1CC[C@H](CCN2CCN(c3nsc4ccccc34)CC2)CC1,8.378,3,8.852281599206348,1619
CC1CCN(C(=O)c2ccccc2)c2c(CCN3CCN(c4nsc5ccccc45)CC3)cccc21,9.212,8,8.926739674603182,1620
Cn1c(=O)n(C)c2cc(CCN3CCN(c4cccc5sccc45)CC3)ccc21,7.058,10,6.986044250841754,1194
O=C(NC1CC1)c1cncc(OCCCCN2CCC(c3noc4cc(F)ccc34)CC2)c1,7.048,4,7.60999958225108,1621
NC[C@H]1C[C@@H]1c1ccc(Cl)cc1Cl,7.29,3,6.498793014550264,69
CCCn1c(-c2ccccc2)cc(C(=O)NCCCN2CCN(c3cccc(Cl)c3Cl)CC2)c1C,6.49,6,6.7708043214285745,13
CN1CCN(CCc2ccc(OCCCN3CCC(c4noc5cc(F)ccc45)CC3)cc2)CC1,8.07,3,7.839236193121695,1622
O=C1Cc2cc(CCCCN3CCN(c4cccc5sc(F)cc45)CC3)ccc2N1,6.12,2,6.632525982600731,850
CCCN(CCc1c[nH]c2ccc(F)cc12)C1CCC1,6.25,8,6.372707772486774,110
CC(C)Oc1ccc(COC(=O)N(Cc2ccc(F)cc2C(F)(F)F)C2CCN(C)CC2)cc1,8.7,5,9.066997873015875,74
CC(C)COc1ccc(CC(=O)N(Cc2ccc(C(F)(F)F)cc2F)C2CCN(C)CC2)cc1,7.699,2,8.035733976190475,126
O=S(=O)(N[C@H]1CC[C@@H](CCN2CCN(c3nsc4ccccc34)CC2)CC1)c1cc2ccccc2[nH]1,8.401,10,8.937712502645507,1623
CN(C)CC1CC2c3ccccc3Cc3ccncc3N2O1,6.41,5,7.630692709956705,1624
Cn1ncc2c1C(=O)N(CCN1CCN(c3nsc4ccccc34)CC1)CC2,9.348,7,8.891978265873018,1625
CCN(CCN1CCC(c2noc3cc(F)ccc23)CC1)C(=O)[C@H]1NCC[C@H]1O,8.0,5,8.497600904761907,1626
O=C(N[C@H]1CC[C@H](CCN2CCC(c3cccc4c3OCO4)CC2)CC1)C1CCCO1,7.841,4,7.72380346031746,1627
c1cc(C2CCC2)c2c(n1)N1CCNC[C@H]1CC2,6.969,7,7.205238314454062,1628
CCC(Oc1cccc(Cl)c1Cl)c1nc(N)nc(N2CCNCC2)n1,6.93,2,6.850935762866757,349
O=S(=O)(c1ccccc1)n1cccc1-c1cccc(N2CCNCC2)c1,4.8,4,6.773968873015879,1629
Fc1ccc2[nH]c3c(c2c1)CCNC3c1cccs1,6.39,6,6.678703849206349,290
C=CCOc1ccc(F)cc1[C@H]1C[C@@H]1CNC,6.55,7,6.425049347883599,69
CC(C)Cc1nc2c(c(-c3ccc(F)cc3)n1)CNCC2,7.54,7,8.0504666005291,1630
CCN(C)CCc1c(-c2ccccc2F)[nH]c2ccccc12,9.52,7,8.944163738095234,249
CC(CCN1CCN(c2ccc(F)cc2)CC1)NS(=O)(=O)c1ccc2ccccc2c1,8.209,1,7.816095166666669,559
CN1CCC(N(Cc2ccc(F)cn2)C(=O)NCc2ccc(OCCC(F)F)cc2)CC1,8.255,9,8.267361189153444,225
O=C(NC[C@@H]1CCOC1)c1ccc(C#Cc2ccc(F)cc2F)cc1,7.0,5,6.826212753968248,426
Cc1c(OCCCN2CCN(c3cccc4cccc(F)c34)CC2)ccc2c1C(=O)NC2,7.792,2,8.350323986772482,133
O=C1c2ccccc2S(=O)(=O)N1CCCCCN1CCN(c2cccc(C(F)(F)F)c2)CC1,6.79,1,6.591813783068779,5
CCC1CNCCc2cc(OC)c(Br)cc21,7.0,2,7.172455434704182,39
CNCCCC12CCC(c3ccccc31)c1ccccc12,7.47,4,7.198059301587306,1477
N#CCCC(=O)N[C@H]1CC[C@H](CCN2CCC(c3noc4cc(Cl)ccc34)CC2)CC1,7.622,5,8.012748124338632,109
COc1c(O)cccc1C(=O)C1CCN(CCc2ccc(F)cc2)CC1,7.96,7,8.498616183862433,85
O=c1c2cnccc2ccn1CCN1CCC(c2noc3ccccc23)CC1,8.078,10,8.305549769841269,829
CC(N)Cc1c[nH]c2ccccc12,7.64,1,7.619760002645503,86
CC1(O)CCC(CC(=O)N[C@H]2CC[C@H](CCN3CCC(c4noc5cc(Cl)ccc45)CC3)CC2)CC1,7.822,5,7.898915949735451,241
O=C(Cc1ccc2c(c1)OCO2)N[C@H]1CC[C@H](CCN2CCC(c3noc4cc(F)ccc34)CC2)CC1,8.68,7,8.379808414021161,1631
CSc1nc(C)cc(C(=O)NCCN2CCN(c3cccc(C)c3C)CC2)n1,7.33,8,7.00420486111111,412
O=C1[C@@H]2[C@H]3CC[C@H](C3)[C@@H]2C(=O)N1CCCCN1CCN(c2cccc3sccc23)CC1,7.56,4,7.466557239417994,645
O=C(C[C@@H](O)C(F)(F)F)N[C@H]1CC[C@H](CCN2CCC(c3coc4ccccc34)CC2)CC1,8.012,10,8.130123928571436,181
O=C(N[C@H]1CC[C@H](CCN2CCC(c3cccc4c3CCO4)CC2)CC1)c1ccc(N2CCCCC2)cc1,6.862,2,7.6395697724867615,1632
NCCc1c[nH]c2cccc(F)c12,7.55,3,7.5906668253968235,86
O=C(CCO)N[C@H]1CC[C@H](CCN2CCC(c3coc4ccccc34)CC2)CC1,8.08,5,8.32570706746032,181
Cn1cc(Cl)c(C(=O)N2CCN(CC(=O)c3ccc(F)cc3)CC2)n1,8.431,8,7.929633755291007,162
O=S(=O)(N[C@H]1CCN(CCCc2noc3ccccc23)C1)c1ccc2cc(Cl)ccc2c1,7.716,7,8.518198761904761,867
O=S(=O)(N[C@@H]1CCN(CCCc2noc3ccccc23)C1)c1ccc2cc(Cl)ccc2c1,8.269,2,8.278484404761906,867
O=C(c1ccccc1)N(CCCN1CCC(c2noc3cc(F)ccc23)CC1)CC1CC1,7.39,2,7.964872251082247,1633
O=C(C[C@H]1C[C@H](CO)C1)N[C@H]1CC[C@H](CCN2CCN(c3cccc4c3OCO4)CC2)CC1,7.601,7,7.578296433862433,81
Cc1ccc(C)c([Se]C(C)(C)c2nc(N)nc(N3CCN(C)CC3)n2)c1,6.271,8,6.15993808465609,189
Cn1c(=O)c2c(nc(NCCCN3CCN(c4ccccc4)CC3)n2C)n(C)c1=O,6.708,9,6.1149344497354505,1281
CCCCC(=O)N[C@H]1CC[C@H](CCN2CCN(c3nccc4c3CCO4)CC2)CC1,7.61,1,7.644391626984125,12
Cc1c(S(=O)(=O)NCCCCN2CCC(c3noc4cc(F)ccc34)CC2)sc2ccc(Cl)cc12,9.0,8,8.649787894179893,714
O=C1c2ccccc2S(=O)(=O)N1CCCCCCN1CCN(c2ccccc2)CC1,6.49,1,6.504899580687826,141
O=C(Nc1cc2ccccc2s1)N[C@H]1CC[C@H](CCN2CCN(c3nsc4ccccc34)CC2)CC1,8.05,5,8.773188273809518,1634
COc1ccc2[nH]cc(CCN3CCCCC3)c2c1,6.758,6,7.647966203342953,1635
O=C1c2ccccc2CCCN1CCN1CCC(n2nnc3cc(F)ccc32)CC1,7.31,7,7.362800407527666,1375
C[C@H]1SC(c2ccc(-c3ccccc3)cc2)=N[C@H]1Cc1c[nH]cn1,6.509,5,6.98129467460317,1636
C[C@@H]1SC(c2ccc(-c3ccccc3)cc2)=N[C@H]1Cc1c[nH]cn1,6.62,6,6.960843792328043,1636
Cc1ccccc1C(OCCN(C)C)c1ccccc1,6.63,7,6.805610375356126,783
COc1ccc2cc(S(=O)(=O)N[C@H]3CCN(CCCc4noc5ccccc45)C3)ccc2c1,8.24,4,8.946426186507937,867
COc1ccc2cc(S(=O)(=O)N[C@@H]3CCN(CCCc4noc5ccccc45)C3)ccc2c1,9.03,8,8.476608453703706,867
O=C1CC2(CCCC2)CC(=O)N1CCCCN1CCN(c2ncccn2)CC1,6.358,2,6.717219808201059,1637
Clc1ccc2c(c1)C(N1CCNCC1)=Nc1ccccc1O2,8.81,10,7.642406996031741,605
COc1ccc(CNC(=O)N(Cc2ccc(F)cn2)C2CCN(C)CC23CC3)cc1,8.0,7,8.068224342592591,213
CC1CN(C)c2cccc3c2N1[C@H]1CCN(CCCC(=O)c2ccc(F)cc2)C[C@@H]31,8.24,1,8.372702502645499,166
CCCc1nc(C(=O)NCC(O)CN2CCN(c3cccc(C)c3C)CC2)c(C)n1-c1ccc2c(c1)OCCO2,6.531,5,6.788862224146222,333
O=S(=O)(CC1CCN(CCCc2noc3cc(F)ccc23)C1)c1ccc(F)c(Cl)c1,8.2,2,8.375405851731603,381
O=C(CC1OCCCO1)N[C@H]1CC[C@H](CCN2CCC(c3noc4cc(Cl)ccc34)CC2)CC1,7.75,5,7.928628900793649,465
CNCc1cc(F)ccc1Oc1ccc(C)c(C)c1,7.28,7,6.558309875661376,6
O=S(=O)(N[C@H]1CC[C@H](CCN2CCN(c3nsc4ccccc34)CC2)CC1)c1c[nH]c2ccccc12,8.73,8,8.443539317460319,1638
CCn1cc2c(n1)CCN(CCN1CCN(c3nsc4ccccc34)CC1)C2=O,8.98,2,8.37152419660895,773
COc1ccccc1CNCC1CC1(F)c1cc(F)ccc1OC,7.509,7,7.194544458994712,276
Fc1ccc(OC[C@@H]2CC[C@H]3CN(c4ncc(F)cn4)CCN3C2)cc1,6.431,10,7.405822283068788,1639
Cc1ncnc(C)c1-c1cc(NC(=O)c2ccccc2F)ccc1OCCN1CCC1,8.441,8,8.015497206349202,678
CN1CCC(N(Cc2ccc(F)cc2F)C(=O)OCc2ccc(OCC(C)(C)O)cc2)CC1,10.2,9,9.008164752645502,74
COc1ccccc1N1CCN(CCCCNc2nc(N)nc(NCCc3c[nH]c4ccccc34)n2)CC1,6.462,5,5.8358208994709,1640
Cn1ncc2c1CCC(CCN1CCN(c3nsc4ccccc34)CC1)C2=O,9.64,2,9.016848880952388,1641
O=C(Nc1ccc(OCc2ccccn2)nc1)N1CCc2ccc(C(F)(F)F)cc21,6.6,8,6.484883301587303,1029
CCCCCSc1cc(OC)c(CC(N)CC)cc1OC,8.247,3,8.155245757936502,188
O=S1(=O)c2cccc3cccc(c23)N1CCCCCCN1CCN(c2cccc(C(F)(F)F)c2)CC1,6.222,8,6.606742191798935,45
O=C(N[C@H]1CC[C@H](CCN2CCC(c3cccc4c3CCO4)CC2)CC1)c1ccc2c(c1)OCO2,7.64,5,7.595134646705142,1642
Clc1cccc(-c2n[nH]cc2N2CCCNCC2)c1,6.049,3,6.504783576719577,1643
Oc1ccc(C2CCN(c3ccn4c(CC5CC5)nnc4c3Cl)CC2)cc1,6.931,2,7.10810807936508,518
NCCc1c[nH]c2ccc(O)cc12,8.02,5,7.583559499999998,86
O=S(=O)(c1ccc2ccccc2c1)N(CCCN1CCN(c2cccc(C(F)(F)F)c2)CC1)CC1CCCCC1,7.881,1,7.82238768386243,574
Cc1nc2n(c(=O)c1CCN1CCN(c3cccc4sccc34)CC1)CCCC2=O,7.36,2,7.599943341269846,1644
CCCC(Oc1cccc(Cl)c1Cl)c1nc(N)nc(N2CCN(C)CC2)n1,6.51,6,6.557768460317453,349
O=C(NCC1(O)COC1)c1ccc(C#Cc2ccccc2F)cc1,6.125,6,6.8002944351851875,1645
COc1c(OCCOCCOCCOCCOCCOCCOCCOCCOCCOCCOc2ccc(C3CCN(c4ccn5c(CC6CC6)nnc5c4Cl)CC3)cc2)cccc1C(=O)C1CCN(CCc2ccc(F)cc2)CC1,6.811,1,6.669201063492065,1646
CC(C)COc1ccc(CN(Cc2ccc(F)cn2)C(=O)NC2CCN(C)CC2)cc1,8.0,1,8.076847972222224,43
CN1CCN(C2=Nc3cc(Cl)ccc3Nc3ccccc32)CC1,8.447,4,7.849811710317469,1647
OC(c1ccnc2c1CC[C@@H]1CNCCN21)C1CCC1,7.23,4,7.114196511904772,1648
Cc1[nH]c(-c2ccccc2)cc1C(=O)NCCN1CCN(c2cccc(Cl)c2Cl)CC1,7.4,10,7.226950990259737,770
CCC(C)Oc1cc2c3c(c1OC)-c1cc(OC)c(OC)cc1C[C@@H]3N(C)CC2,6.53,4,6.4545016230158705,78
Cn1nccc1-c1cc(NC(=O)Nc2ccccc2)ccc1OCCN1CCCCC1,8.85,6,8.862483146825399,90
Cc1ccc(-n2nc([Si](C)(C)C)cc2NC(=O)Nc2ccc(Oc3ccnc(Nc4ccc5c(c4)NC(=O)C5)n3)c3ccccc23)cc1,6.267,3,6.630237448412699,719
O=C(Nc1cccnc1)N1CCc2ccc(C(F)(F)F)cc21,6.3,7,6.560653837301584,447
CC(=O)OC12C=C(C)C(C(C)C1)C1C(=O)N(CCCCN3CCN(c4ccccc4)CC3)C(=O)C12,6.54,1,6.433307116161615,577
Clc1cccc(Nc2nc(Cc3ccccc3)nc3c2CCNCC3)c1,8.355,3,8.069590132635884,332
Cc1nc2n(c(=O)c1CCN1CCC(c3noc4cc(F)ccc34)CC1)CCCC2,9.577,1,7.975657116402113,292
CC(CN1CCC(c2noc3cc(F)ccc23)CC1)N1CCc2cccnc2C1=O,8.098,7,8.083597334656087,228
Cc1c(S(=O)(=O)NCCCN2CCC(c3noc4cc(F)ccc34)CC2)sc2ccc(F)cc12,8.64,10,8.654541996031746,1649
CCCc1nc(C(=O)NCCN2CCN(c3cccc(Cl)c3Cl)CC2)c(C)n1-c1ccccc1,7.41,8,7.429745013227513,769
CNCc1cc(OCc2ccccc2Cl)n(CC2CCCC2)n1,7.96,2,8.519272428571435,279
COc1ccccc1Nc1nc(N2CCN(CCO)CC2)nc2ccccc12,6.838,3,6.5227668386243405,214
CCCN(CCNC(=O)/C=C/c1ccc(F)cc1)C1Cc2ccccc2C1,6.679,2,7.297862103174604,1650
O=C(N[C@H]1CC[C@H](CCN2CCN(c3nccc4c3CCO4)CC2)CC1)C1CCCOC1,8.2,7,7.998439353174599,1651
CC1CC(=O)Nc2c(CCN3CCN(c4nsc5ccccc45)CC3)cc(Cl)cc21,10.3,7,9.697533764550268,94
CC(C)n1nc2c(c1-c1ccc(F)cc1)CCNCC2,8.1,8,7.909409678571429,67
CN([C@H]1CC[C@H](CCN2CCN(c3nsc4ccccc34)CC2)CC1)S(=O)(=O)c1cccs1,8.92,6,8.957415082010582,797
Nc1ccc2on(C[C@@H]3C[C@H]4c5ccccc5Oc5ccc(Br)cc5[C@H]4O3)c2c1,6.592,7,6.822847702380952,1080
O=c1c2cnc(C3CC3)nc2ccn1CCN1CCN(c2nsc3ccccc23)CC1,8.8,9,8.482323538359784,1652
COc1ccc(NC(=O)N2CCc3cc(OC)c(C(F)(F)F)cc32)cc1-c1cccnc1,6.7,8,6.886929898148149,324
CCc1nc2c(o1)C(=O)N(CCN1CCC(c3noc4ccccc34)CC1)CC2,8.109,7,8.193422706349205,601
CN1CCC(N(Cc2ccc(F)cc2)C(=O)NCc2ccc(OCC(F)(F)F)cc2)CC1,8.098,8,8.4286004973545,18
Fc1ccc(Cc2nc3c(c(-c4ccc(F)cc4)n2)CCNCC3)cc1,9.15,5,8.530151780423283,504
COCCC(=O)N[C@H]1CC[C@H](CCN2CCN(c3nc(C)cc4c3CCO4)CC2)CC1,6.592,2,7.063154941798942,12
CCN(C)C(=O)N[C@H]1CC[C@H](CCN2CCN(c3nsc4ccccc34)CC2)CC1,9.3,4,9.240147345238094,328
O=S(=O)(NCCCCN1CCN(c2nsc3ccccc23)CC1)c1ccc2ccccc2c1,8.82,10,8.012145084656087,1653
CN1CCc2ccc(OCCCN3CCC(c4noc5cc(F)ccc45)CC3)cc2C1=O,7.334,4,8.00763427116402,1654
CC(Oc1cccc(F)c1F)c1nc(N)nc(N2CCN(C)CC2)n1,6.151,1,6.59120116666667,349
CC(C)C(=O)N[C@H]1CC[C@H](CCN2CCC(c3cccc4c3CCO4)CC2)CC1,7.7,8,7.421774222222219,224
CO[C@@H]1CC[C@@H](CC(=O)N[C@H]2CC[C@H](CCN3CCC(c4noc5cc(Cl)ccc45)CC3)CC2)OC1,8.02,5,7.849335685185177,709
Cn1ccc2c(S(=O)(=O)N[C@H]3CCN(CCCc4noc5ccccc45)C3)cccc21,8.888,10,8.627031174603177,1655
Cn1ccc2c(S(=O)(=O)N[C@@H]3CCN(CCCc4noc5ccccc45)C3)cccc21,8.04,6,9.00072608213083,1655
CC(C)COc1ccc(CNC(=O)N(Cc2ncc(O)cc2F)C2CCN(C)CC2)cc1,7.26,7,7.527512919312169,225
CC(C)COc1ccc(CNC(=O)N(Cc2ccc(F)cn2)[C@H]2CCN(C)C[C@H]2F)cc1,8.0,7,8.02503249206349,225
Cc1noc(C)c1-c1cc(NC(=O)C2CC2)ccc1OCCN1CC[C@@H](O)C1,7.145,6,7.8021861238576244,1287
O=S(=O)(c1ccc(F)cc1)C1CCN(CCc2ccc(F)cc2F)CC1,9.38,6,8.731692800264554,35
O=C(c1cccn2ccnc12)N1CCN(CC(F)c2ccc(F)cc2)CC1,8.0,6,7.787140054232807,375
Nc1cc(F)ccc1C(=O)CCCN1CC[C@H]2[C@@H](C1)c1cccc3c1N2CCS3,9.52,9,8.824661867724874,654
Nc1cc(F)ccc1C(=O)CCCN1CC[C@@H]2[C@H](C1)c1cccc3c1N2CCS3,8.82,5,9.163474229797977,654
Cc1ccccc1N1CCN(CCc2nnc3n2CCCC3)CC1,6.49,9,6.841387513227509,1656
O=C1c2cn(C3CC3)nc2CCN1CCN1CCC(c2noc3ccccc23)CC1,8.551,1,8.59249098941799,1657
Cc1nc2c(o1)CC(CN1CCC(C(=O)c3ccc(F)cc3)CC1)CC2=O,6.9,2,7.547950784632033,1658
Nc1ccccc1C(=O)CCCN1CC[C@H]2[C@@H](C1)c1cccc3c1N2CCS3,9.1,7,8.309140992063499,654
Nc1ccccc1C(=O)CCCN1CC[C@@H]2[C@H](C1)c1cccc3c1N2CCS3,8.18,10,8.77802867809043,654
OCCN1CCN(CCCN2c3ccccc3Sc3ccc(Cl)cc32)CC1,8.252,4,7.978164298941804,1526
CC(C)Oc1ccc2occc2c1[C@@H]1C[C@H]1CN,6.03,7,6.551426755651754,1134
CC(C)Oc1ccc2occc2c1[C@H]1C[C@@H]1CN,6.53,8,6.299628367724868,1134
Cc1cc(F)ccc1CN(C(=O)Cc1ccc(OCC(C)C)cc1)C1CCN(C)CC1,6.7,10,7.803057876984124,126
CC(C)C1Cc2cc(CNC(=O)N(Cc3ccc(F)cn3)C3CCN(C)CC3)ccc2O1,8.276,5,8.068334841269843,272
Cc1c(C(=O)NCCCCN2CCN(c3cccc(Cl)c3Cl)CC2)cc(-c2ccccc2)n1C,7.551,10,6.709564124098126,571
CC1(C(=O)N[C@H]2CC[C@H](CCN3CCN(c4cccc5c4OCO5)CC3)CC2)COC1,7.81,5,7.824370703703702,1659
COc1ccccc1N1CCN(CCCNC(=O)NCc2ccccc2-c2ccccc2)CC1,6.85,5,6.605069029100527,844
O=C1c2ncccc2CCN1CCN1CCC(c2nsc3ccccc23)CC1,8.718,7,7.485015908730159,1660
CC(C)Oc1ccc(COC(=O)N(Cc2ccc(C(F)(F)F)cc2Cl)C2CCN(C)CC2)cc1,7.6,7,8.687454303511302,74
O=C(N[C@H]1CC[C@H](CCN2CCN(c3nsc4ccccc34)CC2)CC1)c1cccnc1,9.539,8,9.041638190476187,1661
Cc1nc2c(o1)C(=O)N(CCN1CCN(c3noc4ccccc34)CC1)CC2,6.749,8,7.903193015873017,1662
COC(C)(C)C(=O)N[C@H]1CC[C@H](CCN2CCN(c3cccc4c3OCO4)CC2)CC1,7.952,10,7.791511408730155,4
COc1cc(CCN)cc(OC)c1OC,6.829,1,6.5597001240981205,188
O=S(=O)(NCCCCN1CCN(c2noc3ccccc23)CC1)c1ccc(F)c(Cl)c1,7.77,5,7.573241333333338,1663
CCOc1c(OC)cc(CCN)cc1OC,6.668,1,6.79256918121693,188
CN(C)C[C@H]1CC2c3ccccc3Oc3ccc(Cl)cc3[C@H]2O1,8.221,1,8.047850298941807,697
CN(C)C[C@@H]1C[C@H]2c3ccccc3Oc3ccc(Cl)cc3[C@H]2O1,8.301,8,7.940097400793652,697
CN(C)C[C@@H]1CC2c3ccccc3Oc3ccc(Cl)cc3[C@H]2O1,7.659,1,8.047850298941807,697
CN(C)C[C@H]1C[C@H]2c3ccccc3Oc3ccc(Cl)cc3[C@H]2O1,7.959,9,8.02380416233767,697
Cc1ncccc1Oc1ccc(NC(=O)N2CCc3ccc(C(F)(F)F)cc32)cn1,6.801,3,6.6340149378306865,52
COc1cc2c(cc1C(F)(F)F)N(C(=O)Nc1cccc(-c3ccccn3)c1)CC2,6.3,8,6.71903757407407,1664
O=C1c2cn[nH]c2CCN1CCN1CCC(c2noc3ccccc23)CC1,9.23,3,8.784968361111112,1082
CCCCOc1ccc(CN(Cc2coc(C)n2)C(=O)CN2CCN(C)CC2)cc1F,8.907,2,7.3854636782106775,1665
CC(=O)c1c(OCCCCN2CCN(c3cccc(Br)c3)CC2)ccc2c(C)cc(=O)oc12,8.189,4,7.780617460317462,83
O=C(CO)N[C@H]1CC[C@H](CCN2CCC(c3noc4cc(Cl)ccc34)CC2)CC1,7.82,5,8.008054873015874,109
Fc1ccc2c(C3CCN(CCCCOc4ccc(CN5CCOCC5)cc4)CC3)noc2c1,8.35,10,8.277474055555556,1666
COc1ccc2c(c1)Oc1cc(Cl)ccc1N=C2N1CCN(CC(C)(C)C(=O)O)CC1,7.428,2,7.719887956349209,605
Cc1cccc(N2CCN(CCCCNC(=O)c3cc4ccccc4o3)CC2)n1,7.57,7,7.038555608465606,1667
O=c1ccc2ccc(OCCCN3CCN4c5cccc6scc(c56)CC4C3)cc2[nH]1,6.125,4,7.313151838624341,1668
CC(C)COc1ccc(CN(Cc2ccn(C)c2)C(=O)NC2CCN(C)CC2)cc1,8.0,9,7.927069321428573,1669
COc1cc2c(cc1OCC1CC1)C[C@H]1c3c(cc(OC)c(OC)c3-2)CCN1C,6.24,4,6.386119698412696,1670
Cc1c(C(=O)NCCN2CCN(c3cccc(Cl)c3Cl)CC2)c(C)n(C)c1-c1ccccc1,7.481,7,7.624235756613757,770
COC(CC(=O)N[C@H]1CC[C@H](CCN2CCC(c3cccc4c3CCO4)CC2)CC1)OC,7.158,9,7.362644527777779,224
Nc1nc(SCCN2CCN(Cc3ccccc3Cl)CC2)nc(N)c1Cc1ccccc1Cl,7.925,5,7.66106096825397,475
O=C(NCCC(O)CN1CCN(c2cccc(Cl)c2Cl)CC1)c1ccc2c(c1)Cc1ccccc1-2,6.26,8,6.808428250000001,1671
Cc1c(S(=O)(=O)NCCCCN2CCN(c3noc4ccccc34)CC2)sc2ccc(F)cc12,8.13,4,7.606166147787396,909
Clc1ccc2[nH]c3c(c2c1)CCNC3CCc1ccccc1,7.19,4,6.83004705952381,73
O=C(N[C@H]1CC[C@H](CCN2CCC(c3noc4cc(F)ccc34)CC2)CC1)c1ccc(N2CCOCC2)nn1,8.5,8,8.36045861904762,1672
CNCc1ccc(Cl)cc1Oc1ccc(C)c(C)c1,8.47,9,7.651213924603169,6
Fc1ccc(CCN2CCC3(CCc4ccc(F)cc4O3)CC2)c(F)c1,8.509,2,8.148197078042328,739
COc1cc(OC)c(C2NCCc3c2[nH]c2ccc(Cl)cc32)cc1OC,7.858,10,7.021360068783071,44
Clc1ccc2[nH]c3c(c2c1)CCNC3c1ccncc1Cl,6.07,6,6.8530817632275145,1673
Cn1ncc(Cl)c1-c1cc(NC(=O)c2ccc(F)c(C(F)(F)F)c2)ccc1OCCN,9.0,3,8.845702322751322,230
CCOCC(=O)Nc1ccc(OCCN2CCCC2)c(-c2c(C)ncnc2C)c1,6.917,2,7.5579658928571405,293
FC(F)(F)CC1CN2CCNCc3cccc1c32,6.254,9,6.875747022486776,281
Fc1ccc2[nH]c3c(c2c1)CCNC3c1ccccc1F,6.52,4,6.779935379629628,44
O=C1C[C@@H](CN2CCC(c3noc4cc(F)ccc34)CC2)Cc2occc21,8.6,4,8.270902558201055,873
O=C1CC(CN2CCC(c3noc4cc(F)ccc34)CC2)Cc2occc21,8.105,8,8.438865685185188,873
O=C1C[C@H](CN2CCC(c3noc4cc(F)ccc34)CC2)Cc2occc21,8.29,1,8.325712875661372,873
Cc1noc(C)c1-c1cc(NC(=O)c2cnoc2C)ccc1OC[C@H]1CCCCN1,7.979,6,7.685402373015865,1674
CC(C)COc1ccc(CNC(=O)N(Cc2ccc(F)cc2)C2CCN(C)CC2)cc1,8.835,7,8.424748269841261,18
O=C1c2cn(-c3ccccc3)nc2CCN1CCN1CCN(c2nsc3ccccc23)CC1,9.74,1,8.851258080687824,1675
O=C(NCCCCN1CCN(c2ccc(F)cc2)CC1)c1cc2ccccc2cn1,8.1,1,7.774993280423284,68
C[C@@H]1CN(CCC2CC(NC(=O)C(C)(C)O)C2)CCN1c1cccc(Cl)c1Cl,8.016,9,8.147747373015875,1676
COc1ccccc1N1CCN(CCCN(CC2CC2)S(=O)(=O)c2ccc3ccccc3c2)CC1,7.068,5,6.873719246031746,1183
COc1ccc2[nH]cc(C3CCN(CCCCN4C(=O)CC(c5c[nH]c6ccc(F)cc56)C4=O)CC3)c2c1,6.68,8,7.002756679894181,760
CSc1ccc2c(c1)C(N1CCN(C)CC1)Cc1ccccc1S2,7.613,10,7.558203923280418,1677
CC(=O)N1CCN(CCOc2ccc(NC(=O)c3cccc(F)c3)cc2-c2ccnn2C)CC1,7.822,5,8.305622074074082,265
CCN(CC)CCc1ccc(Cl)c(-c2ccccc2OC)c1,6.169,3,6.587419839947092,203
Cc1ccn(CC(=O)N[C@H]2CC[C@H](CCN3CCC(c4noc5cc(F)ccc45)CC3)CC2)n1,8.55,5,8.52832369312169,1678
CC(C)COc1ccc(CNC(=O)N(Cc2ccc(F)cc2)C2CCN(C)CC2)cn1,8.039,7,7.976572177729675,1679
O=C(CCCN1CC[C@H]2[C@@H](C1)c1cccc3c1N2CCN3Cc1ccccc1)c1ccc(F)cc1,8.33,7,7.2477883875661355,1680
O=C(CCCN1CC=C(n2c(=O)[nH]c3ccccc32)CC1)c1ccc(F)cc1,8.86,3,7.971796904761903,1681
Cc1nc2c(o1)C(=O)N(CCN1CCN(c3nsc4ccccc34)CC1)CC2,8.509,8,8.639832965608464,149
O=C(C[C@H]1COCCO1)N[C@H]1CC[C@H](CCN2CCC(c3cccc4c3CCO4)CC2)CC1,7.71,3,7.580344738095228,1682
O=C(CC1COCCO1)N[C@H]1CC[C@H](CCN2CCC(c3cccc4c3CCO4)CC2)CC1,7.65,2,7.632193445767207,1682
O=C(C[C@@H]1COCCO1)N[C@H]1CC[C@H](CCN2CCC(c3cccc4c3CCO4)CC2)CC1,7.55,4,7.674661238095241,1682
CN(C)CCc1c[nH]c2ccc3c(c12)CCCO3,7.77,7,7.304273740740738,348
COc1c(OCCOCCN=[N+]=[N-])cccc1[C@H](O)C1CCN(CCc2ccc(F)cc2)CC1,7.33,10,7.2549898015873,11
C[N+](C)(C)CCc1c[nH]c2cccc(O)c12,6.17,4,7.042572064814813,86
CC1CN(c2ccc(C(=O)N[C@H]3CC[C@H](CCN4CCC(c5noc6ccc(F)cc56)CC4)CC3)cc2)CC(C)O1,7.0,4,7.888968280423273,389
COc1ccc2[nH]cc(CCNCc3ccc([N+](=O)[O-])cc3)c2c1,6.482,3,7.4141955925925975,672
O=S(=O)(c1cncc2ccccc12)N1CCC(CCN2CCN(c3ccccc3)CC2)CC1,6.389,10,6.549744059523807,487
COCCNCCOc1ccc(NC(=O)c2ccccc2)cc1-c1c(C)ncnc1C,8.321,8,8.117817166666667,144
C=CCOc1cc(F)c(F)cc1C1CC1CN,6.08,3,6.40813542063492,69
Cn1nccc1-c1cc(NC(=O)NCc2ccc(Cl)cc2)ccc1OCCN1CCCC1,7.991,9,8.789325503968243,1683
O=C1c2ncccc2CCN1CCN1CCC(c2noc3cc(F)ccc23)CC1,9.095,7,7.759736564814815,228
CC[C@@H](C)NC(=O)[C@@H]1C=C2c3cccc4[nH]cc(c34)C[C@H]2N(CC)C1,8.662,6,8.038782079365085,53
COc1ccc(CCN(CCCc2ccccc2I)CCc2ccc3c(c2)OCO3)cc1OC,7.122,10,6.988242511904759,47
Cc1ccn(CCN2CCC(Cc3ccccc3F)CC2)n1,6.478,8,7.195016748677249,1684
O=C(CN1CCC(CN2Cc3ccccc3C2=O)CC1)c1ccc(F)cc1,8.12,8,7.737565344757097,1685
Cn1ncc(Br)c1-c1cc(NC(=O)Nc2ccc(Cl)cc2)ccc1OCCN1CCOCC1,9.2,10,9.029658499999995,363
COc1ccc(N2CC=C(c3cccc(Cl)c3)C2=O)cc1OCCN1CCC(C)CC1,6.1,1,6.254681735449742,766
COC(C)CC(=O)N[C@H]1CC[C@H](CCN2CCN(c3nccc4c3CCO4)CC2)CC1,7.519,2,7.701524468253962,12
O=C(CCCN1CCN(c2ccc(Cl)cc2)CC1)c1ccc(F)cc1,6.96,6,7.282570341269843,1686
CN1CCc2ccc([N+](=O)[O-])c(Cl)c2CC1,6.399,2,6.9421662195767215,39
CN1CCN2c3ncccc3Cc3ccccc3C2C1,7.856,1,7.468070711640218,1687
CNCc1cc(OCc2cc(Cl)ccc2F)n(C(C)C2CCCC2)n1,8.601,3,8.766618940476187,279
Cc1ncnc(C)c1-c1cc(NC(=O)c2cnoc2C)ccc1OC[C@H]1CCCCN1,7.26,3,7.649517354497351,1688
O=S(=O)(c1ccc(-n2ccnn2)cc1)C1(F)CCN(CCc2ccc(F)cc2F)CC1,9.18,3,8.79573408201058,1689
COc1cc2c(cc1C(F)(F)F)N(C(=O)Nc1cccnc1)CC2,6.0,10,6.734917653439155,447
CCN(C)CCc1cn(C)c2cccc(O)c12,6.88,1,6.717966221260218,86
N#Cc1ccc(S(=O)(=O)C2(F)CCN(CCc3ccc(F)cc3F)CC2)cc1,8.57,7,8.949010224867724,35
CC(C)COc1ccc(CN(Cc2ccn(C)n2)C(=O)N[C@H]2CCN(C)C[C@H]2F)cc1,8.0,7,7.715107047619051,193
CCc1cccc(N2CCN(CC(F)CCNC(=O)c3cc4ccccc4o3)CC2)c1Cl,6.472,4,7.444170346560848,99
O=S(=O)(Nc1ccn(Cc2cccc3ccccc23)n1)c1ccc(Br)s1,4.73,2,6.780849545454546,1690
CS(=O)(=O)c1ccc(C(=O)N[C@H]2CC[C@H](CCN3CCC(c4cccc5c4CCO5)CC3)CC2)s1,7.502,4,7.792892879629632,1691
CN1CCc2c(c3cccc4c3n2Cc2ccccc2C4)C1,6.13,2,7.289489551587304,1692
O=C(N[C@H]1CC[C@H](CCN2CCC(c3cccc4c3OCO4)CC2)CC1)c1ccc2c(c1)OCCO2,7.7,2,7.6428538697691195,1693
O=C1c2ccccc2S(=O)(=O)N1CCCCCCN1CCN(c2nsc3ccccc23)CC1,7.64,7,8.062841953222703,1694
CC(C)COc1ccc(CNC(=O)N(Cc2ccc(F)cc2)C2CCC(N(C)C)C2)cc1,6.988,7,7.62610980026455,1695
Cc1sc2ccccc2c1[C@@H]1C=CN=CN1,6.45,10,6.710189656084657,1696
O=C(C[C@@H]1CC[C@@H](O)C1)N[C@H]1CC[C@H](CCN2CCC(c3noc4cc(F)c(F)cc34)CC2)CC1,7.941,7,7.956150191798938,650
CCN(CCN1CCC(c2noc3cc(F)ccc23)CC1)S(=O)(=O)C(C)CO,6.528,1,8.609794589947086,31
Cc1noc(C)c1-c1cc(NC(=O)C(C)(C)F)ccc1OC[C@H]1CCCCN1,7.449,2,8.070719051587298,1697
O=C(N[C@H]1CCN(Cc2ccc(OC(F)(F)F)cc2)C1)c1ccc(-c2cccs2)cc1,6.85,1,7.148659142857135,392
COc1cc(CCNCCCc2ccccc2)c(OC)cc1Br,7.36,1,8.170069294973535,1698
COc1ccccc1N1CCN(CCCOc2ccc(C)cc2C)CC1,6.279,7,6.535790880952378,294
COc1cc2c(cc1C(F)(F)F)N(C(=O)Nc1cc(F)cc(-c3cccnc3)c1)CC2,6.9,10,6.87122751984127,324
CN1CCC(c2c[nH]c3c(F)cccc23)C1,6.429,2,6.6774024788359805,1699
CC1(CCCCN2CCN(c3ccccn3)CC2)Cc2cc(Cl)ccc2C1=O,6.24,7,6.6623023994709,1700
[C]N([C])[C][C]O[N]/C(=[C]/[C]=C1[C]=[C]C(=O)[C]=[C]1)c1ccccc1F,9.669,7,6.700619284391535,1701
CCN(CCN1CCC(c2noc3cc(F)ccc23)CC1)C(=O)C1(O)CCCNC1,9.22,5,8.504109845238098,307
FC(F)(F)c1ccc2c3c1CCN3CCNC2,6.777,6,6.8576453066378065,281
Cc1oc(-c2ccc3ccccc3c2)nc1CN1CCO[C@H](CCN)C1,6.03,4,7.381331535113033,1702
O=C(NCCCCN1CCN(c2cccc3ccccc23)CC1)c1cnc2ccccc2c1,9.481,3,7.797849171957675,1180
CCS(=O)(=O)N[C@H]1CC[C@H](CCN2CCN(c3nccc4sccc34)CC2)CC1,8.539,1,8.580341043650781,311
O=C1COc2ccc(CCN3CCN(c4cccc5sccc45)CC3)cc2N1,7.378,9,7.003092670634925,566
CC(C)COc1ccc(CN(Cc2ccn(C3CC3)n2)C2=NOC3(CCN(C)CC3)N2)cc1,8.0,10,7.487357399470901,1703
Brc1ccc2c(c1)[C@H]1O[C@H](Cn3oc4ccc(CN5CCOCC5)cc43)C[C@H]1c1ccccc1O2,6.72,5,6.805693551587298,1704
CN1CCN2c3c(cccc31)[C@@H]1CN(CCCc3n[nH]c4cc(F)ccc34)CC[C@@H]12,7.75,8,8.29099120502646,1705
COCCC(=O)N[C@H]1CC[C@H](CCN2CCN(c3nccc4c3CCO4)CC2)CC1,7.62,7,7.679762781746026,12
CN(C)CCCSc1ccccc1NC(=O)/C=C/c1ccccc1,7.801,8,7.206598542328047,1706
CC1(C)CCNc2c(CCN3CCN(c4nsc5ccccc45)CC3)cccc21,9.742,2,9.398795006132751,219
O=S(=O)(NC1CCN(CCOc2ccccc2C2CCCC2)CC1)c1cccc(F)c1,6.52,3,7.6654078015873015,1707
CC(C)Oc1ccccc1C(=O)Nc1ccccc1C(=O)Nc1cccc(S(=O)(=O)C(F)(F)F)c1,6.01,7,6.743788622414616,1708
COc1ccc(Nc2nc(N3CCN(CCO)CC3)nc3ccccc23)c(OC)c1,6.23,10,6.8257393121693095,214
CC(=O)c1c(OCCCCN2CCN(c3cccc(F)c3)CC2)ccc2c(C)cc(=O)oc12,6.399,8,6.917557853174606,83
COc1ccc2c(c1)C1CC(CN(C)C)ON1c1ccccc1C2,6.52,10,7.497009141534387,309
Cc1nc(C)c(C(=O)Nc2ccc(OC[C@H]3CCCCN3)c(-c3c(C)noc3C)c2)o1,6.629,5,7.433744693121693,446
CCC([Se]c1cc(C)ccc1C)c1nc(N)nc(N2CCN(C)CC2)n1,6.24,2,6.266658245911497,189
CNCCC(Oc1ccc(C(F)(F)F)cc1)c1ccccc1,6.71,9,7.064523708994707,1709
CC(C)COc1ccc(CNC(=O)N(Cc2ccn(C)c2)C2CCN(C)CC2)cc1,8.0,3,7.602354535714288,169
CC(=O)Oc1cccc2[nH]cc(CCN(C)C)c12,6.53,3,6.806343894179896,86
CC(C)c1nc2c(o1)C(=O)N(CCN1CCC(c3noc4ccccc34)CC1)CC2,8.19,9,8.223433305555554,601
O=S(=O)(c1cccc2ncccc12)N1CCC(CCN2CCN(c3ccc(F)cc3)CC2)CC1,6.858,8,6.755275371693116,41
CC(C)COc1ccc(CN(Cc2coc(C3CC3)n2)C2=NOC3(CCN(C)CC3)N2)cc1,6.017,6,7.929506960317461,95
N#Cc1cccnc1N1CCN(CCCN2CCN(c3cccc(Cl)c3Cl)CC2)CC1,6.329,2,6.292574671957674,93
COc1cc(CCNCc2cccc(O)c2)c(OC)cc1C#N,6.673,5,7.951289626984127,115
Cc1ccc(OC2CCN(CCN3CCCc4ccccc4C3=O)CC2)cc1,7.26,1,7.084079097883599,1079
COc1cc(C(C)(C)C)c(OC)cc1CC(C)N,8.432,3,8.202084931216929,188
C[C@@H]1CNCCN1c1ccc(=O)n(CCOc2ccccc2C(F)(F)F)n1,7.39,8,6.872637353174602,341
Clc1cncc(NCCCN2CCN(c3ccccc3)CC2)n1,7.54,10,6.866739705026454,1710
COc1ccc2c(N3CCN(CCN4CCc5cccnc5C4=O)CC3)noc2c1,6.664,10,7.281084845238091,876
CN(C)Cc1ccccc1Oc1ccc(Cl)c(Cl)c1,6.84,8,6.67208918614719,6
Fc1ccccc1Nc1nc(N2CCNCC2)nc2ccccc12,7.16,9,6.842406846560845,214
CNCC1C[C@@H]2c3ccccc3Cc3ccccc3[C@H]2O1,7.31,8,7.3019512089947085,24
CNC[C@@H]1C[C@H]2c3ccccc3Cc3ccccc3[C@@H]2O1,7.13,9,7.466524637566137,24
OC1c2ccc(F)cc2CC1CCN1CCN(c2ccccn2)CC1,6.238,7,7.276869007936505,910
CNCc1cc(OCc2ccc(F)cc2Cl)n(C(C)C2CCCCC2)n1,9.06,9,8.901444797619046,91
CCCc1nc(C(=O)NCCCN2CCN(c3cccc(Cl)c3C)CC2)c(C)n1-c1ccc(F)cc1,7.269,4,7.364719736772486,101
CN(C)CC1CC2c3ccccc3Cc3ccc(-c4ccccc4)cc3N2O1,7.65,3,7.813739751442999,1711
COc1cc2c(cc1OC)-c1c(OC)c(OC)cc3c1[C@H](C2)N(C)CC3,6.013,7,6.288471714285712,78
CNCc1cc(OCc2cc(F)c(F)cc2F)n(CCC(C)C)n1,8.89,10,8.65827936904762,364
COc1cccc(C(=O)Nc2ccc(OC3CNC3)c(-c3c(C)noc3C)c2)c1,9.071,9,7.803359120370369,1069
O=C1NCc2ccc(OCCCN3CCN(c4cccc5cccc(F)c45)CC3)cc21,7.95,1,8.349154797619054,133
Cc1cc2c(cc1Cl)N(C(=O)Nc1cnc(Oc3cccnc3C)nc1)CC2,6.2,4,6.615905037037036,1712
Fc1ccc2c(c1)CC(CCN1CCCN(c3ccccn3)CC1)C2,7.368,10,7.202090376984128,1713
NCCn1ncc2ccc(O)cc21,7.699,3,6.683554174603182,134
O=S(=O)(c1cccc2cccnc12)N(CCCN1CCN(c2ccc(Cl)c(Cl)c2)CC1)CC1CCCCC1,8.112,6,7.466143587301585,50
Fc1ccc2c(c1)CC(CCN1CCc3ccccc3C1)C2,6.281,3,7.0497590158730175,1714
Fc1ccc2cccc(N3CCN(CCCCOc4ccc5c(c4)CNC5)CC3)c2c1,9.32,9,8.22309089682539,1071
Fc1ccc(N2CCN(CCNc3cncc(Cl)n3)CC2)cc1,6.99,2,7.109348604497356,231
C[C@@H]1CNC[C@@H]2Cc3ccc(Br)nc3N21,7.24,4,7.249989861111112,152
C[C@@H]1CNC[C@H]2Cc3ccc(Br)nc3N21,7.28,5,7.1880045353535325,152
COc1cc2c(cc1OC)-c1c(OC)c(OCc3ccc(Br)cc3)cc3c1[C@H](C2)N(C)CC3,7.018,4,6.69331934391534,1715
Cc1nn(C)c2c1C(=O)N(CCN1CCN(c3noc4ccccc34)CC1)CCC2,8.61,1,8.300885751322749,1716
O=C1c2ccccc2S(=O)(=O)N1CCCCCN1CCN(c2cccc(Cl)c2Cl)CC1,6.9,9,6.812993119047616,5
CO[C@@H]1[C@@H](OC)[C@H](C)[C@@](O)(CC(=O)O)O[C@H]1[C@H](C)[C@H]1O[C@@]2(CC[C@@](C)([C@H]3CC[C@@](C)([C@@H]4O[C@@H]([C@H]5O[C@](C)(O)[C@H](C)C[C@@H]5C)C[C@@H]4O[C@@H]4C[C@H](OC)[C@@H](OC)[C@H](C)O4)O3)O2)C[C@H](O)[C@H]1C,8.335,2,7.42702538528139,1717
COc1ccc(F)cc1C1CC1CNCc1ccccc1OCCF,6.4,9,7.17385269047619,276
CC(C)Oc1ccc(COC(=O)N(Cc2ccc(F)cc2OC(F)(F)F)C2CCN(C)CC2)cc1,10.0,6,8.514191996031746,74
CN(C)S(=O)(=O)N[C@H]1CC[C@H](CCN2CCC(c3cccc4c3OCO4)CC2)CC1,7.682,6,7.6169322195767215,62
CC(C)(O)CC(=O)N[C@H]1CC[C@H](CCN2CCN(c3cccc4c3OCO4)CC2)CC1,7.65,4,7.612055406445401,4
CCN1CCN(c2cc(-c3ccc(F)cc3)c3c(n2)CCC[C@H](O)CC3)CC1,7.73,6,7.867957490740751,647
CCN1CCN(c2cc(-c3ccc(F)cc3)c3c(n2)CCC[C@@H](O)CC3)CC1,7.831,4,7.7674873558201005,647
Nc1ccc2c(N3CCN(CC[C@H]4CC[C@H](NC(=O)c5ccco5)CC4)CC3)nsc2c1,8.368,9,8.751282654761903,1
c1ccc(CN2CCCC(c3c(-c4ccccc4)[nH]c4ccccc34)C2)cc1,7.699,5,7.67792982142857,1718
CCCN1CCc2cccc3c2C1Cc1cccc(OCCCn2cc(CCN4CCN(c5ccccc5OC)CC4)nn2)c1-3,6.61,2,6.2234852724867755,1719
Cc1nc2c(o1)CC(CN1CCC(c3c[nH]c4cc(F)ccc34)CC1)CC2=O,8.3,8,7.8229620407647875,1720
Cn1nc(C(=O)N2CCN(CC(=O)c3ccc(F)cc3)CC2)cc1-c1ccco1,8.319,5,7.94396574603174,1721
COCC(=O)N[C@H]1CC[C@H](CCN2CCC(c3coc4ccccc34)CC2)CC1,8.472,2,8.336274724867721,181
Cc1cc2c(cc1OCCCN1CCN(c3cccc4ccccc34)CC1)C(=O)NC2,7.251,9,7.5340314867724905,133
CCCCOc1ccc(CN(Cc2coc(C)n2)C2=NOC3(CCN(C)CC3)N2)c(Br)c1,8.0,10,7.4106352936507935,657
NCCc1cn(S(=O)(=O)c2c(Cl)nc3sccn23)c2ccccc12,6.96,7,6.8527690818903295,1722
O=C1Cc2c(CCN3CCN(c4cccc5sccc45)CC3)cccc2N1,8.071,5,7.453738554232805,1723
O=C(N[C@H]1CC[C@H](CCN2CCC(c3coc4ccccc34)CC2)CC1)c1ccc(Cl)cc1,8.043,5,8.160411788359788,55
Cc1ccc(CNc2cc3c(cc2O)C(c2ccccc2)CN(C)CC3)cc1,6.06,9,7.568570464285716,247
CCN(CCO)CCOc1ccc(NC(=O)C2CC2)cc1-c1c(C)ncnc1C,7.176,3,7.056375482804229,96
O=C(N[C@H]1C[C@H](CCN2CCN(c3cccc(Cl)c3Cl)CC2)C1)c1cccc2ncccc12,8.724,9,8.073726187830687,1724
O=C(N[C@H]1CC[C@H](CCN2CCC(c3noc4cc(F)ccc34)CC2)CC1)c1ccc(Cl)cc1,8.57,9,8.22960156024531,1725
CNC(=O)c1cccc(OCCCCN2CCN(c3cccc4sccc34)CC2)c1,6.668,8,7.219670935185189,1726
CN1CCC(N(Cc2ccc(F)cn2)C(=O)NCc2ccc3c(c2)C=CC(C)(C)O3)CC1,7.62,7,8.147044646825393,1727
Cc1ncnc(C)c1-c1cc(NC(=O)c2ncsc2C)ccc1OC[C@H]1CCCCN1,7.971,2,7.767795708273212,1728
COc1ccc(NC(=O)Nc2cccc(C(C)=O)c2)cc1-c1c(Br)cnn1C,8.5,3,9.044737505291005,102
CCN(CCN1CCC(c2noc3cc(F)c(C)cc23)CC1)S(=O)(=O)CCO,7.272,4,7.732806181216933,31
[C]([C]=C(c1ccccc1)c1ccccc1)O[C][C]1[C][C]N([C]c2ccccc2)[C][C]1,7.538,5,6.382856488095239,1729
CN1CCN(c2nc(N)nc(C(C)(C)[Se]c3ccccc3)n2)CC1,6.1,10,6.300998107142854,189
CC(=O)c1c(OCCCN2CCN(c3cccc(Br)c3)CC2)ccc2c(C)cc(=O)oc12,8.221,9,7.895647941798948,686
CCc1c(CC2CCCCO2)cnc2c1CC[C@@H]1CNCCN21,6.05,7,6.608257488095239,1730
Cc1ccc(N2CCN(Cc3nc4ccccc4[nH]3)CC2)cc1C,6.43,9,6.857335223063977,1731
O=C(C[C@@H]1CCCO1)N[C@H]1CC[C@H](CCN2CCN(c3nccc4c3CCO4)CC2)CC1,7.602,6,7.80598510990862,1732
O=C(C[C@H]1CCCO1)N[C@H]1CC[C@H](CCN2CCN(c3nccc4c3CCO4)CC2)CC1,7.84,3,7.717327218253968,1732
O=C(CC1CCCO1)N[C@H]1CC[C@H](CCN2CCN(c3nccc4c3CCO4)CC2)CC1,7.779,10,7.733758725468982,1732
CC(=O)c1c(OCCCCN2CCN(c3ccccc3Br)CC2)ccc2c(C)cc(=O)oc12,8.0,1,7.873357916666664,83
C#CCOc1ccc(Cl)cc1[C@H]1C[C@@H]1CN,6.0,8,6.6712438495671025,69
O=C(N[C@H]1CC[C@H](CCN2CCN(c3nccc4c3CCO4)CC2)CC1)c1ccc(-c2cccnc2)cc1,7.91,5,7.578460006132759,1733
S=c1n(CCCCCCN2CCN(c3cccc(Cl)c3)CC2)c2cccc3c2n1CCC3,6.589,7,6.853270952380954,1734
O=S(=O)(NCCCN1CCN(c2ccc(Cl)c(Cl)c2)CC1)c1ccc2ccccc2c1,7.72,4,6.9503348994708976,559
O=S(=O)(NCCCN1CCN(c2nsc3ccccc23)CC1)c1cccc2scnc12,8.078,8,7.9761518187830704,1735
COc1cc2c(cc1C(F)(F)F)N(C(=O)Nc1cncc(-c3cccnc3)c1)CC2,7.2,5,6.828811537037038,423
O=C1[C@@H]2[C@H](C(=O)N1CCCCCN1CCN(c3cccc4sccc34)CC1)[C@H]1C=C[C@@H]2C1,6.502,10,7.202834198412701,1736
COc1ccccc1N1CCN(CCC2CCc3ccc(N)cc3C2=O)CC1,7.37,2,6.599007656084659,1737
Cc1n[nH]c(C)c1S(=O)(=O)N1CCC(=Cc2ccc(Cl)cc2)CC1,6.119,7,6.558637875300629,812
O=C1NCc2ccc(OCCCCN3CCN(c4cccc5ccccc45)CC3)cc21,8.3,9,7.941561015873012,190
Clc1ccc(N2CCN(CCCCc3nc4ccccc4s3)CC2)cc1,6.88,8,6.6495565778018255,1738
CSc1cc2c(cc1C(F)(F)F)N(C(=O)Nc1cccc(-c3cccnc3)c1)CC2,7.1,5,6.741237105820102,324
CCn1nc(-c2cccc3cccnc23)cc1-c1cccnn1,6.82,2,6.390976946729196,1739
C[C@H]1Oc2c(cccc2N2CCN(CCCc3c[nH]c4ccc(F)cc34)CC2)NC1=O,7.699,9,7.131183731481484,1740
COc1ccc(-n2cc(C(=O)NCCCN3CCN(c4cccc(C)c4C)CC3)nc2-c2ccccc2)cc1,7.721,7,7.503347030423285,449
C[C@H](N)Cn1ccc2ccc3ncccc3c21,7.503,9,6.803614445767196,789
CCN(C)CCc1c(-c2ccc(Cl)cc2)[nH]c2ccccc12,8.458,5,9.016966305555554,249
FC(F)(F)CC1CN2CCNCc3ccc(Br)c1c32,6.924,2,6.660454238095237,281
O=C1Cc2c(ccc3c2OC[C@H](CNCC2CCc4[nH]c5ccc(F)cc5c4C2)O3)N1,8.7,6,7.7061013057960555,1741
NS(=O)(=O)NCCCCCCN1CCN(c2cccc(Cl)c2)CC1,6.48,9,6.71595276058201,404
CC(C)=CC(=O)N[C@H]1CC[C@H](CCN2CCC(c3cccc4c3CCO4)CC2)CC1,7.22,2,7.399052130952387,224
O=S(=O)(NCCCCCCN1CCN(c2nsc3ccccc23)CC1)c1cccc2ccccc12,7.2,4,7.626449548941798,1742
O=C(O)CC1CN(C2CCC3(Cc4ccccc4Cc4ccccc43)C2)C1,7.3,2,7.360646832010584,467
O=C1c2ccc(Cl)cc2C[C@@H]2CNCCN12,6.4,4,6.665514576719573,147
CN(C)CCN(Cc1ccc(-c2ccc(CNCCc3ccccc3)cc2)cc1)C(=O)CCC1CCCC1,6.1,4,7.249479001322749,1743
CCC(C)c1nc2c(c(-c3ccc(F)cc3)n1)CNCC2,7.959,10,7.8240864973545,1630
Cc1c(C(=O)NCCCN2CCN(c3cccc(Cl)c3)CC2)cc(-c2ccccc2)n1-c1ccc(F)cc1,7.64,6,7.370410073112078,904
COc1ccccc1N1CCN(CCCCCNC(=O)c2cc3ccccn3n2)CC1,6.66,5,6.5255590714285745,1744
CCCc1cc(OC)c(CCNCc2ccccc2)cc1OC,9.013,7,8.069750051587297,115
CN(C)[C@@H]1Cc2ccccc2[C@@H](c2cccc(-c3ccccc3F)c2)C1,9.092,6,7.648803442520442,777
CN(C)[C@@H]1Cc2ccccc2[C@H](c2cccc(-c3ccccc3F)c2)C1,7.387,8,8.7808020952381,777
OC1(c2ccc(Cl)cc2)C[C@H]2CC[C@@H](C1)N2CCCCc1ccc(F)cc1,6.5,7,6.711199984126987,1745
OC1(c2ccc(Cl)cc2)CC2CCC(C1)N2CCCCc1ccc(F)cc1,6.5,9,6.734627891534384,1745
CN(C)CCn1cc(S(=O)(=O)c2cccc(F)c2)c2cccnc21,6.457,8,8.079985539682545,1593
O=C(CC1CCOCC1)N[C@H]1CC[C@H](CCN2CCC(c3cccc4c3OCO4)CC2)CC1,7.529,9,7.671075748677252,14
COc1ccc(-c2c(=O)n(CCCCN3CCCC(c4c[nH]c5ccc(OC)cc45)C3)c(=O)n3ccccc23)cc1,6.502,5,7.132529735449736,258
O=C(C[C@@H]1CCCCO1)N[C@H]1CC[C@H](CCN2CCN(c3cccc4c3OCO4)CC2)CC1,7.459,2,7.678338345238094,1746
O=C(C[C@H]1CCCCO1)N[C@H]1CC[C@H](CCN2CCN(c3cccc4c3OCO4)CC2)CC1,7.921,2,7.678338345238094,1746
COc1ccc2ncc(=O)n(CCCCN3CCN(c4cccc5sccc45)CC3)c2c1,7.68,5,7.070949044973546,1747
Cn1ccc(C(=O)N2CCN(CC(=O)c3ccc(F)cc3)CC2)n1,7.431,8,7.829615850529098,162
Cc1cccc2c(CCN)c[nH]c12,7.35,3,7.290977416666666,86
COc1ccc(N2CCC(C)(c3ccc(Cl)c(Cl)c3)C2=O)cc1OCCN1CCC(C)CC1,6.3,9,6.407543185185192,731
CC(O)C(=O)N(CCN1CCC(c2noc3cc(F)ccc23)CC1)CC1CC1,9.1,6,8.67007570502646,1748
Cc1cc(C)c2c(c1)[C@H]1CNC[C@@H]1NC2=O,6.394,7,6.506887972222224,33
CN1CCN(CC(=O)N[C@H]2CC[C@H](CCN3CCC(c4cccc5c4OCO5)CC3)CC2)CC1,7.51,4,7.771281150793655,1749
COc1ccc(CCN(C)CCCC(C#N)(c2ccc(OC)c(OC)c2)C(C)C)cc1OC,6.63,8,6.842689922799423,1428
OC1(c2ccc(Cl)c(C(F)(F)F)c2)CCN(CCCC(c2ccccc2)c2ccccc2)CC1,6.0,4,6.725372240740746,1290
COc1ccc(CCN(CCCc2ccccc2)CCc2ccc3c(c2)OCO3)cc1OC,6.78,7,6.803093575396827,47
CC(=O)c1c(OCCCN2CCN(c3cc(C)ccc3C)CC2)ccc2c(C)cc(=O)oc12,6.99,6,7.70278518650794,686
CNC(=O)c1cccc(OCCCCN2CCC(c3noc4cc(F)ccc34)CC2)c1,7.34,9,7.277476410894661,634
Cc1cnc2c(c1)CCN(CCN1CCN(c3noc4ccccc34)CC1)C2=O,8.64,9,7.919178339947091,876
c1ccc2c(c1)Cc1ccccc1N1OC(CN3CCCC3)CC21,7.601,6,7.027446049422792,1750
O=S1(=O)NCCc2ccc(CCN3CCN(c4cccc5sccc45)CC3)cc21,8.779,2,7.273508841269845,1751
O=S(=O)(c1ccc(F)cc1)N(CCCN1CCC(c2noc3cc(F)ccc23)CC1)C1COC1,7.822,1,7.689442169312174,393
O=c1c(-c2ccc(F)cc2)c2n(c(=O)n1CCCCN1CCCC(c3c[nH]c4ccc(F)cc34)C1)CCCC2,6.32,3,6.835611481481482,565
O=c1c2cnc(C(F)(F)F)cc2ccn1CCN1CCN(c2noc3ccccc23)CC1,7.64,7,8.089110093915343,1203
CCS(=O)(=O)N[C@H]1CC[C@H](CCN2CCC(c3coc4ccccc34)CC2)CC1,8.292,10,8.286994733285228,181
CCC(N)Cc1cc(OC)c(SCCCCCF)cc1OC,8.255,7,7.707128128427136,188
Cc1ccc2c(N3CCN(CCc4cccc(-n5cccn5)c4)CC3)cccc2n1,6.4,7,8.321656129629629,1752
Cc1cccc(N)c1C(=O)NN1c2ccc(Cl)cc2N=C(N2CCN(C)CC2)c2ccccc21,8.54,2,8.202432809403557,32
O=C(N[C@H]1CC[C@H](CCN2CCC(c3noc4cc(F)ccc34)CC2)CC1)c1ccc(-n2cccc2)cc1,8.61,6,8.468697962962967,1753
O=c1c(-c2ccccc2F)c2n(c(=O)n1CCCCN1CCCC(c3c[nH]c4ccccc34)C1)CCCC2,6.489,1,6.774377952380952,565
Fc1ccc2[nH]c3c(c2c1)CCNC3c1ccc2ccccc2c1,6.71,8,7.303597901394898,346
O=CN[C@H]1CC[C@H](CCN2CCC(c3coc4ccccc34)CC2)CC1,7.871,4,8.02775325,181
CC(C)(C)CC(C)(C)c1ccc(OCCOCC[N+](C)(C)Cc2ccccc2)cc1,7.16,1,6.787174850529101,1754
COc1c2c(nn1C)CCN(CCN1CCN(c3nsc4ccccc34)CC1)C2=O,9.34,3,8.922824981481485,773
Clc1ccccc1CCOc1cncc(N2CCNCC2)n1,6.51,6,7.760612054232803,1755
COc1cc2c(cc1Cl)[C@H](C)CNCC2,7.497,1,6.976081292328048,39
COc1cc2c(cc1Cl)[C@@H](C)CNCC2,6.699,9,7.300935243386238,39
COc1cc2c(cc1Cl)C(C)CNCC2,7.15,7,7.107028175925919,39
CN(C)CCc1cn(CC2CC2)c2cccc(O)c12,7.55,8,6.817864223544972,1756
Cc1ccc(S(=O)(=O)c2cnc3ccc(F)cc3c2SCc2ccc(Cl)cc2)cc1,4.51,4,6.4793962984608,1757
O=C(N[C@H]1CC[C@H](CCN2CCN(c3cccc4c3OCO4)CC2)CC1)C1(O)CCCCC1,8.329,8,8.230582783068789,1485
CCOc1ccc2occc2c1[C@@H]1C[C@H]1CN,6.23,3,6.774431865079364,1134
CCOc1ccc2occc2c1[C@H]1C[C@@H]1CN,6.96,5,6.417627285714285,1134
Oc1c(F)ccc2[nH]cc(CCNC3CC3)c12,8.13,9,7.5781715634920666,813
O=C1c2occc2CCN1CCN1CCC(c2noc3ccccc23)CC1,8.998,1,8.269795105820105,1758
CC(C)c1nc2c(c(-c3ccc(F)cc3)n1)CCNCC2,8.4,2,7.785806357142866,1759
CCCC(=O)N[C@H]1CC[C@H](CCN2CCC(c3cccc4c3CCO4)CC2)CC1,7.03,2,7.4399195873015875,224
O=C(N[C@H]1CC[C@H](CCN2CCC(c3noc4cc(F)ccc34)CC2)CC1)C1(C(F)(F)F)CCC1,8.648,6,8.496660579365082,1760
CC(C)COc1ccc(CNC(=O)N(Cc2ccn(C(F)F)n2)C2CCN(C)CC2)cc1,8.0,2,8.046489125661388,589
O=C(O)C1=CCCN(C2CC[C@]3(Cc4ccccc4Cc4ccccc43)C2)C1,6.9,1,6.936380615079367,595
Cn1cnc2c1C(=O)N(CCN1CCC(c3noc4ccccc34)CC1)CCC2,8.378,7,8.662947822751322,1761
Nc1cc(Br)ccc1C(=O)CCCN1CC[C@H]2[C@@H](C1)c1cccc3c1N2CCCS3,7.101,10,8.029318182539683,174
CN1CCN(C)C(c2c(-c3ccccc3)[nH]c3ccccc23)C1,6.5,9,7.87555398412699,1762
COc1c(OCCOCCOCCOc2ccc(C3CCN(c4ccn5c(CC6CC6)nnc5c4Cl)CC3)cc2)cccc1C(=O)C1CCN(CCc2ccc(F)cc2)CC1,6.13,8,6.708039294973546,1763
O=C(NC1CC1)c1cc(OCCCCN2CCN(c3nsc4ccccc34)CC2)ccn1,6.49,3,7.482876593915336,1764
Cc1nc2c(o1)CCCN(CCN1CCN(c3nsc4ccccc34)CC1)C2=O,8.329,7,8.502693616402116,1765
COc1cccc(C(=O)C2CCN(CCn3c(=S)[nH]c4ccccc4c3=O)CC2)c1OC,6.386,4,6.912410948412698,1766
Fc1ccc(C(c2ccc(F)cc2)N2CCN(C/C=C/c3ccccc3)CC2)cc1,6.665,10,7.416178382275131,516
COc1cccc2c1C(=O)N1CCNC[C@H]1C2,6.245,5,6.657783404761904,147
Cn1cc2c(n1)CCN(CCN1CCN(c3nsc4ccccc34)CC1)C2=O,9.21,7,8.738049214285718,773
CCN(CC)CCOc1ccc(NC(=O)Nc2ccc(Cl)cc2)cc1-c1ccnn1C,9.37,9,9.256972937830682,102
CC(C)n1nc(C(=O)NCC2CCN(CCc3ccc(O)cc3)CC2)c2ccccc21,8.0,8,6.9977925952381,692
CCCN(CCCN1CCC(c2noc3cc(F)ccc23)CC1)C(=O)c1ccccc1,7.138,1,7.962168486772486,917
O=C1c2ncccc2CCN1CCN1CCN(c2noc3cc(Cl)ccc23)CC1,7.11,5,7.999669222222216,876
CN(C)[C@@H]1Cc2ccccc2[C@@H](c2ccc(Br)cc2)C1,6.659,9,7.0329451007695996,217
CN(C)[C@H]1Cc2ccccc2[C@H](c2ccc(Br)cc2)C1,7.22,8,6.723340280423281,217
O=S(=O)(c1ccc(F)cc1)N1CC=C(CCc2ccc(F)cc2F)CC1,7.66,2,7.73168973665224,1767
O=C(c1ccc(F)cc1)C1CCN(CCn2c(=S)[nH]c3ccccc3c2=O)CC1,8.997,4,7.952609420634921,1766
CCN(CCN1CCC(c2noc3cc(F)ccc23)CC1)C(=O)C1CN(C)CC1O,9.0,1,8.563636628306881,1768
O=C(CC1CCOCC1)N[C@H]1CC[C@H](CCN2CCC(c3cccc4occc34)CC2)CC1,8.05,6,8.232882901154401,1565
CC(C)COc1ccc(CN(Cc2cccn2C)C(=O)NC2CCN(C)CC2)cc1,8.0,7,7.884057896825397,1769
O=S(=O)(NCCCN1CCC(c2noc3cc(F)ccc23)CC1)c1cc2ccccc2s1,9.048,6,8.897522195767198,1649
O=C1c2c(cccc2C(F)(F)F)C[C@@H]2CNCCN12,7.05,10,6.758493044973544,147
Cc1ccc(C2NCCc3c2[nH]c2ccc(O)cc32)cc1,6.505,9,6.7910212817460325,44
O=C1CCc2ccc(OCCCCN3CCN(c4ccc(F)c5ccccc45)CC3)nc2N1,7.931,4,8.42964551709402,377
Cc1ccc2c(C3CCN(CCn4ccc5cccnc5c4=O)CC3)noc2c1,8.0,9,8.266813115680614,1354
Cn1cc2c(n1)C(=O)N(CCN1CCC(c3noc4ccccc34)CC1)CC2,8.07,3,8.339492218253966,1770
CCCN1CCc2cccc3c2C1Cc1cccc(OCCCCN2CCN(c4ccccc4OC)CC2)c1-3,4.0,7,6.75476125,1771
Fc1ccccc1N1CCN(CCCNc2cncc(Cl)n2)CC1,7.0,3,7.090517468253972,1710
O=C(N[C@H]1CC[C@H](CCN2CCN(c3cccc4c3OCO4)CC2)CC1)C1(O)CCC1,8.22,1,8.133341523809527,461
COc1ccccc1N1CCN(CCOCCOc2c(C)cc(C)cc2C)CC1,6.143,6,6.339266969576713,1060
Cc1ccc2c(c1)-c1c(ccn1CC(C)N)C2,7.2,7,6.837135444444443,315
O=C(NC1CC1)c1ccc2c3c1CCN3CCNC2,4.66,1,6.558819498556993,1772
O=C1c2cn[nH]c2CCN1CCN1CCN(c2nsc3ccccc23)CC1,9.22,3,8.631699496031745,820
Cc1ccc(S(=O)(=O)N[C@H]2CC[C@H](CCN3CCN(c4nsc5ccccc45)CC3)CC2)cc1,9.59,1,8.72556548544974,1773
Cc1c(Cl)cccc1N1CCN(CC(O)CNC(=O)c2nc(C)n(-c3ccccc3F)c2C)CC1,6.708,6,6.683967716931218,101
Cc1nc2n(c1C)Cc1ccccc1C=C2N1CCN(CC(C)(C)C(=O)O)CC1,6.4,8,7.21137648689274,202
Cc1cccc(N2CCN(CCCCNC(=O)c3nc(C)n(-c4ccccc4Cl)c3C)CC2)c1C,7.92,9,7.295402977513234,1774
O=[N+]([O-])c1ccc2sc(S(=O)(=O)N[C@H]3CC[C@H](CCN4CCN(c5nsc6ccccc56)CC4)CC3)cc2c1,8.64,5,8.443265948893702,172
O=C1CC(CN2CCC(c3noc4cc(F)ccc34)CC2)Cc2[nH]c3ccccc3c21,8.93,6,8.242831924603177,1775
[2H]C([2H])([2H])N(C([2H])([2H])[2H])C([2H])([2H])C([2H])([2H])c1c[nH]c2cccc(O)c12,7.13,2,6.699581015873016,86
CN(C)CCc1c[nH]c2cccc(O)c12,7.62,7,6.686388447089949,86
Cn1cc2c(n1)CCN(CCN1CCC(c3noc4ccccc34)C1)C2=O,7.14,7,8.379911793650793,1776
CCCCCSc1cc(OC)c(CCN)cc1OC,8.351,4,8.27805029629629,188
COc1cccc2c1CC(CNCCCCN1C(=O)CC3(CCCC3)CC1=O)CO2,7.31,6,6.150382884920638,1777
O=c1n(CCCCN2CCN(c3cccc4sccc34)CC2)nc2ccccn12,7.469,6,7.1757631269841236,119
CN1CCC(N(Cc2ccc(F)cn2)C(=O)NCc2ccc(OCCCCF)cc2)CC1,8.337,8,8.204055541005292,225
CCC1(NC2=NCCNC(c3ccc(F)cc3F)=C2)CCCC1,8.96,6,8.347395376984135,843
Cc1c(Cl)cccc1N1CCN(CC(O)CNC(=O)c2nc(C)n(-c3ccc4c(c3)OCCO4)c2C)CC1,6.9,1,6.824935513227509,333
COc1cccc(N2CCN(CCCCOc3cc(C)cc4oc(=O)cc(C)c34)CC2)c1,6.74,9,6.890414634920635,1116
COc1c(C)nc(C)nc1C(=O)NCCN1CCN(c2cccc(C)c2C)CC1,6.08,2,6.562255420634922,412
O=C(N[C@H]1CC[C@H](CCN2CCN(c3nccc4occc34)CC2)CC1)C1CCOCC1,8.54,3,8.372032690476198,785
CC(=O)N[C@H]1CC[C@H](CCN2CCN(c3nccc4c3CCO4)CC2)CC1,7.64,2,7.655564365079373,12
O=C(N[C@H]1CC[C@H](CCN2CCC(c3noc4cc(F)ccc34)CC2)CC1)c1ccc(N2CCS(=O)(=O)CC2)cc1,8.61,7,8.259900443121689,1142
Cc1c(OCCCCN2CCN(c3cccc4cc(F)ccc34)CC2)ccc2c1C(=O)NC2,7.85,3,8.192814777777778,190
Cc1nc(CN(Cc2cccs2)C2=NOC3(CCN(C)CC3)N2)co1,7.26,10,7.559757164021168,1778
CCCc1ccc(CN(Cc2coc(C)n2)C(=O)NC2CCN(C)CC2)c(F)c1,8.0,6,8.525422654761913,552
O=C1NCc2cc(F)c(OCCCCN3CCN(c4cccc5ccccc45)CC3)cc21,7.888,3,7.812794584896581,190
CN1CCC(N(Cc2ccc(F)cc2F)C(=O)OCc2ccc(OC(C)(C)C)cc2)CC1,10.0,6,9.08740253571429,74
Cc1ncnc(C)c1-c1cc(NC(=O)c2ccn(C)n2)ccc1OCCN1CCCC1,6.106,7,7.769371097883601,1779
CS(=O)(=O)c1ccc(C(=O)N[C@H]2CC[C@H](CCN3CCC(c4coc5ccccc45)CC3)CC2)s1,8.108,4,8.206736031746036,1780
CC(C)c1ccc2[nH]cc(C3=CCCNC3)c2c1,7.007,3,6.951756488095243,564
Cc1ccc2c(c1)C(=O)NC1CNCCN21,6.031,8,6.266664421957679,428
O=S(=O)(c1ccc(F)cc1)c1ccc(CCc2ccc(F)cc2)nc1,7.639,4,8.370184242063491,1781
Cc1ncsc1CC(=O)Nc1ccc(OCCN2CCCC2)c(-c2c(C)ncnc2C)c1,7.857,5,7.841214047619051,712
CC(=O)N[C@H]1CC[C@H](CCN2CCC(c3ccc(F)c4occc34)CC2)CC1,7.479,6,7.6454751507936525,223
CC(C)(C)CC(=O)N[C@H]1CC[C@H](CCN2CCC(c3cccc4c3CCO4)CC2)CC1,7.27,10,7.313198158730156,224
O=[N+]([O-])c1ccc2c(c1)C(O)C(CCN1CCC(c3noc4cc(F)ccc34)CC1)CC2,7.96,1,8.119652787037035,1239
O=C(N[C@H]1CC[C@H](CCN2CCN(c3nccc4c3CCO4)CC2)CC1)C(F)(F)F,7.72,3,7.830956482804231,12
O=c1n(CCCCN2CCN(c3cccc4sccc34)CC2)nc2c(Br)cccn12,6.88,9,6.949768847883601,119
CCc1nc(C(=O)NCC(O)CN2CCN(c3cccc(C)c3C)CC2)c(C)n1-c1ccccc1,6.33,8,6.5415855224867725,101
CNCc1cc(OCc2cc(F)ccc2F)n(Cc2ccc(Cl)cc2)n1,8.92,8,8.563059956228958,253
COc1cc(CCNCc2ccccc2O[11CH3])c(OC)cc1Br,9.301,3,8.260105912938915,115
CCN(CC)C(=O)[C@@H]1C=C2c3cccc4[nH]cc(c34)C[C@H]2NC1,8.221,4,8.393093778980273,53
Cc1cc(CC(=O)N[C@H]2CC[C@H](CCN3CCC(c4cccc5c4CCO5)CC3)CC2)on1,7.481,3,7.480456681216932,1782
Cc1c(C(=O)NCCN2CCN(c3cccc(Cl)c3Cl)CC2)cc(-c2ccccc2)n1C,6.76,7,7.124638161736416,770
COc1cc(S(=O)(=O)C(F)(F)F)c(OC)cc1CCN,8.721,7,7.250781292328047,188
Cc1cc(OCCCN2CCN(c3ccccc3C#N)CC2)c2c(C)cc(=O)oc2c1,6.7,7,7.0309014759499755,427
O=C(N[C@H]1CC[C@H](CCN2CCN(c3nccc4occc34)CC2)CC1)C1CC1,8.358,8,8.269379349206355,1783
COc1ccccc1N1CCN(CCCOc2c(C)cccc2C)CC1,6.72,3,6.348917876984131,294
O=C(N[C@H]1CC[C@H](CCN2CCN(c3nsc4cc([N+](=O)[O-])ccc34)CC2)CC1)c1ccco1,8.742,3,8.473726611111104,1
CCCc1ccc(CN(Cc2coc(C)n2)C(=O)NC2CCN(C)CC2)cc1F,9.26,5,8.047909396825396,552
COc1cccc2[nH]cc(C3CC3N)c12,7.34,2,7.029324486772483,369
Cc1ncnc(C)c1-c1cc(NC(=O)[C@@H]2C[C@@H]2F)ccc1OC[C@H]1CCCCN1,7.903,4,8.292266876984126,128
CCc1cc2c(cc1OC)C(=O)N1CCNC[C@@H]21,6.33,2,6.70989081902357,184
CN(C)CCC1CC2c3ccccc3Cc3ccccc3N2O1,7.04,10,7.6614201785714275,309
CC1(C)CCNc2c(CCN3CCN(c4nsc5ccccc45)CC3)cc(F)cc21,9.55,8,9.395067345238092,219
Cc1ncnc(C)c1-c1cc(NC(=O)C2CC2)ccc1OCCN1CCC2(CC1)CNC2=O,7.374,8,7.4065931759259245,1784
Cn1ncc2c1CCCN(CCN1CCN(c3noc4ccccc34)CC1)C2=O,8.55,9,8.202611410052908,1716
O=C(NCCCCN1CCN(c2ccccc2)CC1)c1n[nH]c2ccccc12,6.87,10,6.730275103174607,103
O=C(N[C@H]1CC[C@H](CCN2CCN(c3nccc4c3CCO4)CC2)CC1)c1ccc(N2CCOCC2)nc1,7.81,4,7.6550921507936485,1785
Fc1ccc(-c2nc(C3CCC3)nc3c2CNCC3)cc1,7.959,5,8.022956226190475,1786
O=C(N[C@H]1CC[C@H](CCN2CCN(c3nsc4ccccc34)CC2)CC1)OCc1cc2ccccc2o1,8.589,1,8.673987825396818,1787
COc1cc2c(cc1C(F)(F)F)N(C(=O)Nc1cc3c(c(-c4cccnc4)c1)OCC3)CC2,6.6,1,7.31532514285714,1788
Cc1ncc2c(n1)CCN(CCN1CCN(c3noc4ccccc34)CC1)C2=O,7.64,1,7.723008976190487,1789
Fc1ccc(Nc2nc(N3CCN(c4ccc(F)cc4)CC3)nc3[nH]ncc23)cc1,7.75,6,6.840427678571435,1016
O=C1COc2ccccc2N1CCCCN1CCN(c2cccc3sccc23)CC1,8.793,4,6.769499936507935,1790
Cc1cc2nc3c(nc2cc1C)[C@@H]1CCC(C3)N1,6.4,3,6.572467357142857,87
COc1cc(CCNCc2cccc3cn[nH]c23)c(OC)cc1Br,7.92,1,8.066712019841273,1791
O=S(=O)(N[C@H]1CC[C@H](CCN2CCN(c3nsc4ccccc34)CC2)CC1)c1cc[nH]c1,8.825,6,8.929784884920629,1792
O=C(c1cnn2c1CCCC2)N1CCN(CCc2ccc(F)cc2F)CC1,7.75,3,8.529475017195772,1793
COc1ccc(NC(=O)Nc2cccc(C#N)c2)cc1-c1c(Br)cnn1C,8.75,2,8.884040805555564,102
Cc1nc(C)n(CC(=O)N2CCN(c3sc(C(F)(F)F)nc3-c3nc4ccc(-c5noc(C)n5)cc4[nH]3)C[C@H]2C)n1,4.8,5,7.026650863997116,1794
Fc1ccc2c(c1Cc1ccccc1)CCC1CNCCN21,8.1,1,7.723818498677249,926
CN1CCC(N(Cc2ncc(F)cc2F)C(=O)NCc2ccc(OCCCC(F)F)cc2)CC1,8.29,6,7.798856093554594,225
NC[C@H]1C[C@@H]1c1ccc(Cl)cc1F,6.111,10,6.676621539682544,69
COc1cc(Cl)c(OC)nc1CC(C)N,6.394,3,7.394126367724865,353
CC1SC2(CCCC2)C(=O)N1CCCCN1CCN(c2csc3cc(F)ccc23)CC1,8.324,3,7.455428376984124,1795
Cc1cccc(S(=O)(=O)CC2CCN(CCCc3noc4cc(F)ccc34)C2)c1,8.23,3,8.132985290764793,381
Cc1cccc(S(=O)(=O)N[C@H]2CCN(CCCc3noc4ccccc34)C2)c1,8.99,4,8.390692559523803,158
Cc1cccc(S(=O)(=O)N[C@@H]2CCN(CCCc3noc4ccccc34)C2)c1,8.37,2,8.7081909616402,158
Oc1ccc2[nH]c3c(c2c1)CCNC3Cc1ccccc1,6.54,3,6.909974386243386,1796
Oc1cc(Br)ccc1C1NCCc2c1[nH]c1ccc(F)cc21,6.831,3,6.889614255651759,44
O=C1c2c(cc(C3CC3)cc2C(F)(F)F)[C@@H]2CNCCN12,6.277,8,6.920470264550262,1797
CCCCc1cc(OC)c(C2CCCNC2)cc1OC,6.52,10,7.199773346801356,111
CNC(=O)c1ccnc(OCCCCN2CCC(c3noc4cc(F)ccc34)CC2)c1,7.21,5,7.171831664021167,1588
CN1C[C@H](C(=O)N(CC(F)F)CC(F)F)C=C2c3cccc4[nH]cc(c34)C[C@H]21,9.265,6,8.972370996031747,53
Cc1c(Cl)ccc2c1N1[C@H](CNC[C@H]1C)C2,7.641,1,8.022291109668119,2
Cc1c(Cl)ccc2c1N1[C@@H](CNC[C@H]1C)C2,8.59,7,7.58896517592592,2
NCCc1cn2c3c(cccc13)CCC2,6.285,7,6.879024402116402,533
CC(C)(C)OC(=O)N1CCCC1CNC1CCC(c2cc(F)ccc2F)(S(=O)(=O)c2ccc(Cl)cc2)CC1,6.32,1,6.791667806878307,1798
Cn1ncc2c1C(=O)N(CCN1CCC(c3noc4ccccc34)CC1)CCC2,8.4,5,8.56686375408851,1799
CC(C)C(=O)N[C@H]1CC[C@H](CCN2CCN(c3cccc4c3OCO4)CC2)CC1,7.777,5,7.686884178451179,4
O=C(N[C@H]1CC[C@H](CCN2CCC(c3coc4ccccc34)CC2)CC1)c1ccc(-n2cccc2)cc1,7.991,6,8.001006559523805,1800
CCN(CCN1CCN(c2noc3ccccc23)CC1)C(=O)C(C)O,7.238,2,7.877593700937953,1801
Cn1nc(Br)c2c1CCN(CCN1CCC(c3noc4ccccc34)CC1)C2=O,8.822,2,8.851273521284266,1082
O=C1c2ccc(F)cc2CC1CCN1CCCN(c2ccc(Cl)cc2)CC1,6.72,5,7.271476417989415,1802
CN(C)CC1=CC2=CN(S(=O)(=O)c3ccccc3)C3=CC=CC(O1)C23,7.189,7,7.16203435978836,1803
Cc1nc2ccc(CCN3CCN(c4cccc5sccc45)CC3)cc2c(=O)[nH]1,7.92,2,7.251119146825399,1804
CC(C)(CN1CCN(C2=Cc3ccccc3Cn3c(Cl)cnc32)CC1)C(=O)O,7.2,4,6.878396480158729,202
O=C1NCc2cc(F)c(OCCCCN3CCN(c4cccc5cccc(F)c45)CC3)cc21,8.46,6,8.122309523809527,190
Cc1nc(CN(Cc2ccc(OCC(C)C)cc2F)C2=NOC3(CCNCC3)N2)co1,8.0,2,7.445289440476191,657
FC(F)(F)c1ccccc1-c1cccc2c1N1CCNCCC1C2,7.065,5,7.019909731481483,473
CC(C)(O)CC(=O)N[C@H]1CC[C@H](CCN2CCC(c3cccc4c3OCO4)CC2)CC1,7.582,9,7.593147337301592,62
COc1cc(OC)c(OC)cc1CC(C)N,6.58,5,7.748354500000002,188
O=S(=O)(c1cccc2cnccc12)N1CCC[C@H]1CCN1CCN(c2nsc3ccccc23)CC1,7.747,6,7.810144510582009,1805
O=S(=O)(c1cccc2cnccc12)N1CCC[C@@H]1CCN1CCN(c2nsc3ccccc23)CC1,7.82,2,7.795258854497356,1805
CC(=O)Nc1ccc(OCCCN2CCC(c3noc4cc(F)ccc34)CC2)cc1,8.109,6,7.171497309523806,347
CCN(CCN1CCC(c2noc3cc(F)ccc23)CC1)C(=O)C1CC(O)C1,9.048,10,9.025101829365083,1806
Cc1ncnc(C)c1-c1cc(NC(=O)Cc2cnco2)ccc1OCCN1CCCC1,7.199,7,7.7755825410052894,1807
O=C1CC(c2ccccc2)c2cccc(CCN3CCN(c4nsc5ccccc45)CC3)c2N1,9.74,9,9.291680130952379,1808
CC(=O)OC12C=C(C)C(C(C)C1)C1C(=O)N(OCCCN3CCN(c4ccccc4)CC3)C(=O)C12,6.43,5,6.4114440449735435,207
CCCOc1ccc(CNC2=NOC3(CCN(C)CC34CC4)N2Cc2ccn(C)n2)cc1,6.523,2,7.5031089920635035,1809
CC(=O)N1CCN(CCOc2ccc(NC(=O)C3CC3)cc2-c2c(C)ncnc2C)CC1,7.754,7,7.828753951058204,1534
COc1ccc2oc(C(=O)NCCC(F)CN3CCN(c4cccc(Cl)c4Cl)CC3)cc2c1,6.56,1,7.144941912217418,99
Cc1nc(COc2ccc(Cl)cc2OC2CNC2)cs1,6.65,6,7.784052600168357,1810
C(=C\c1ccccc1)/COCC1CCN(CCc2ccccc2)CC1,6.602,1,7.058894226551229,1811
CC1CCCCN1CCOc1ccc(NC(=O)Nc2ccc(Cl)cc2)cc1-c1ccnn1C,9.078,9,8.615663496031745,90
N#Cc1cc2cc(OCCCCN3CCN(c4cccc(Cl)c4Cl)CC3)ccn2n1,7.091,5,7.084789238095242,248
COc1ccc(S(=O)(=O)n2cc(/C=N/N=C/N(C)C)c3c([N+](=O)[O-])cccc32)cc1,6.69,5,6.422505128908129,425
CCCCOc1ccc(CN(Cc2coc(C)n2)C(=O)C[C@H]2[C@@H]3CNC[C@@H]32)cc1F,7.26,9,7.492947808201058,1812
COc1ccc2c(=O)c3cc(CN4CCN(c5ccccc5OC)CC4)ccc3oc2c1,6.251,10,6.9510212010582,1813
Fc1ccc(OCCCN2CCN(c3ccc(Cl)cc3)CC2)cc1,7.22,5,7.055793278499276,294
O=C(N[C@H]1CC[C@H](CCN2CCC(c3noc4cc(F)ccc34)CC2)CC1)C1(O)CC1,8.84,4,8.526343623015876,1814
NC[C@H]1C[C@@H]1c1ccc(F)c(F)c1,6.24,9,6.498856836219336,69
O=[N+]([O-])c1ccc(S(=O)(=O)N(CCCN2CCN(c3ccccc3)CC2)CC2CC2)cc1,6.747,8,7.352480871693121,969
S=C1CCc2ccc(CCN3CCN(c4cccc5sccc45)CC3)cc2N1,7.26,1,7.094842956349209,1815
CCC(=O)N[C@H]1CC[C@H](CCN2CCN(c3nccc4sccc34)CC2)CC1,8.59,9,8.698727958994715,311
C[C@H](N)Cn1ncc2ccc(O)c(F)c21,8.238,10,7.56975537830688,134
CC(=O)Nc1ccc(OCCCCN2CCC(c3noc4cc(F)ccc34)CC2)cc1,6.65,8,7.565560730158729,634
COc1cccc(Cc2c(N)nc(SCCN3CCN(Cc4cccc(C(F)(F)F)c4)CC3)nc2N)c1,7.348,8,7.24188871428571,475
O=C1c2ccccc2S(=O)(=O)N1CCCCN1CCN(c2ncccn2)CC1,4.82,3,6.468194640211638,1816
CN1CCN(c2cccc3c2C(=O)CCN3S(=O)(=O)c2ccc3ccccc3c2)CC1,6.12,8,6.817374730158726,1121
CCCOc1ccc(CN(Cc2coc(C)n2)C2=NOC3(CCN(C)CC3)N2)cc1,8.0,7,7.839792767676772,657
O=C1N(CCN2Cc3ccccc3C2)CCN1c1cccc(Cl)c1,6.2,5,6.715301637566138,1817
CC(=O)Nc1ccc(OCCCN2CCC(c3noc4cc(F)ccc34)CC2)cc1F,7.38,6,7.252190765873009,347
CCNCCc1c[nH]c2ccccc12,7.42,4,7.1214650291005315,86
COC(=O)c1cc2c3c(ccc2[nH]1)OCC(CN1CCC(Nc2ccccc2)(C(N)=O)CC1)O3,6.767,8,7.05840613624338,1818
Fc1cccc(OC2CN(c3c4c(nc5ccnn35)CCNCC4)C2)c1,7.497,8,7.803561070105813,1123
Cc1cc(S(=O)(=O)Nc2ccc3c(c2)CCN(C)CC3)ccc1-c1ccc(Cl)cc1,6.9,5,7.1426048773448825,451
COc1ccc(F)cc1[C@H]1C[C@@H]1CNCc1cccs1,6.36,6,6.393984984126984,1154
COc1ccc(F)cc1[C@@H]1C[C@H]1CNCc1cccs1,6.17,4,6.492529288359784,1154
O=C1c2cccc3cccc(c23)N1CCCCCCN1CCN(c2cccc3cccnc23)CC1,6.65,1,6.317277500721497,1819
CN1CCC(N(Cc2ccc(F)cc2)C(=O)NCc2ccc(OCC(F)F)cc2)CC1,8.193,2,8.279936838624343,18
O=C1c2ncccc2CCC1CCN1CCN(c2nsc3ccccc23)CC1,8.52,7,8.961942301587307,1820
O=C(N[C@H]1CC[C@H](CCN2CCC(c3coc4ccccc34)CC2)CC1)c1ccc(-c2cccnc2)cc1,7.89,5,8.058833194444441,1821
Cn1nccc1-c1cc(NC(=O)c2cccc(C(F)(F)F)c2)ccc1OCCN1CCCC1,8.43,9,8.530745294973546,36
O=C1c2ccc(Cl)cc2CC1CCN1CCN(c2ccccn2)CC1,6.95,10,6.630104114237619,273
CCCN1CCc2cc(OC)cc3c2[C@H]1Cc1cccc(OC(=O)c2ccc(F)cc2)c1-3,6.381,2,6.928889735449734,1363
CCc1ccc2c(c1)C[C@@H]1CNCCN1C2=O,6.638,5,6.836812821428574,147
CN1CCC(c2c(-c3ccccc3)[nH]c3ccccc23)CC1,8.11,9,8.24015670238095,694
O=S(=O)(NCCN1CCC(c2noc3cc(F)ccc23)CC1)c1ccc2ccccc2c1,8.742,1,8.881313166666665,1822
NC[C@H]1C[C@]1(F)c1ccccc1,8.007,7,6.867973771164024,69
CC(C)(C)c1cc(NC(=O)Nc2ccc(Oc3ccnc(Nc4ccccc4)n3)c3ccccc23)n(-c2ccc(O)cc2)n1,6.762,7,7.005581599206346,64
O=S(=O)(c1cncc2ccccc12)N1CC[C@@H]1CCN1CCN(c2nsc3ccccc23)CC1,7.62,8,8.120756154761905,1823
O=C(N[C@H]1CC[C@H](CCN2CCN(c3nccc4c3CCO4)CC2)CC1)c1ccc(N2CCCCC2)cc1,7.72,8,7.844494099206355,1824
OC1(c2ccc(Cl)c(C(F)(F)F)c2)CCN(CCCCCc2ccc(F)cc2)CC1,6.051,1,6.764694441798942,1825
COc1cc2c(cc1OC)-c1c(OC)c(OCC3CC3)cc3c1[C@H](C2)N(C)CC3,6.62,2,6.488441728835981,1826
Cc1cc2c(cc1Cl)N(C(=O)Nc1ccc(OCc3ccncc3)nc1)CC2,7.101,1,6.408841041847035,1827
[C]c1ccc([C])c([C]Oc2ccc([C]=NN=C([N])[N])cc2)c1,6.245,7,6.996988705026456,1143
CNCc1cc(OCc2cc(Cl)ccc2F)n(CC(C)(C)C)n1,8.12,10,8.122821645502647,364
COc1cc(CCNCc2cccc3nc[nH]c23)c(OC)cc1Br,8.11,2,8.02266798412699,1828
COc1c(OCCOCCOCCOCCOCCOCCOc2ccc(C3CCN(c4ccn5c(CC6CC6)nnc5c4Cl)CC3)cc2)cccc1C(=O)C1CCN(CCc2ccc(F)cc2)CC1,6.785,4,6.740956518518523,1829
CCC(C)N(CCc1c[nH]c2ccc(F)cc12)C1CC1,6.47,9,6.439019019841271,813
COc1ccccc1N1CCN(C/C=C/CNC(=O)c2ccc(-c3ccccn3)cc2)CC1,7.122,9,6.717258158730162,949
O=S(=O)(N[C@H]1CC[C@@H](CCN2CCN(c3nsc4ccccc34)CC2)CC1)c1cccs1,9.301,1,9.154883059523808,797
O=S(=O)(N[C@H]1CC[C@H](CCN2CCN(c3nsc4ccccc34)CC2)CC1)c1cccs1,9.521,2,9.11463007142856,797
CCN(CCCN1CCN(c2noc3cc(F)ccc23)CC1)S(=O)(=O)C(C)CO,8.96,4,7.495292948412702,1801
O=C(CC1CC1)N[C@H]1CC[C@H](CCN2CCN(c3cccc4c3OCO4)CC2)CC1,7.91,1,7.676642533068784,1830
CCCCc1cc2c(c(C(F)(F)F)c1)C(=O)N1CCNC[C@@H]21,6.201,10,7.161749841269844,184
COc1ccc(CCCN(CCc2ccc(OC)c(OC)c2)CCc2ccc3c(c2)OCO3)cc1,6.57,8,6.58823654761904,47
CNC(=O)c1ccc2c(c1)CCO[C@@H]2CCN1CCN(c2ccc(OC)cc2)CC1,6.23,7,6.787621261904761,931
CNC(=O)c1ccc2c(c1)CCO[C@H]2CCN1CCN(c2ccc(OC)cc2)CC1,6.78,4,6.42996676851852,931
CNC(C)c1ccc(OC)cc1Oc1ccc(Cl)c(Cl)c1,7.06,5,7.147567636483885,6
CCc1nc2c(N3CCNCC3)ccnc2n1Cc1cccc(Cl)c1,6.35,6,6.858434433862429,1468
CC(=O)OC12C=C(C)C(C(C)C1)C1C(=O)N(OCCCN3CCN(c4cccc(Cl)c4)CC3)C(=O)C12,6.42,7,6.695114723544972,207
Cc1[nH]c(-c2ccccc2)c(C)c1C(=O)NCCCN1CCN(c2cccc(Cl)c2Cl)CC1,7.409,7,7.270757146825398,13
c1ccc2c(CCN3CCC3)c[nH]c2c1,7.043,3,7.346577355459356,1495
COc1ccccc1N1CCN(CCCNC(=O)NN(Cc2ccc(F)cc2)c2ccccc2)CC1,6.89,5,7.234299089947088,1568
Cc1cccc(N2CCN(CC(O)CNC(=O)c3nc(-c4ccccc4)n(-c4ccccc4)c3C)CC2)c1C,7.231,8,6.9895496785714295,449
COc1ccc(NC(=O)Nc2ccc(Cl)cc2)cc1-c1c(Br)cnn1C(C)C,9.1,9,7.970043129629632,102
CCCc1cc(OC)c(CC(C)N)cc1OC,9.046,1,7.61266195767195,188
O=C1c2ccc(Cl)cc2CC1CCN1CCc2ccccc2C1,6.115,8,6.709885653439152,1831
O=C(N[C@H]1CC[C@H](CCN2CCC(c3cccc4c3OCO4)CC2)CC1)C(O)C(F)(F)F,7.85,10,7.708090091269844,62
O=C(N[C@H]1CC[C@H](CCN2CCC(c3cccc4c3OCO4)CC2)CC1)[C@@H](O)C(F)(F)F,7.71,3,7.782147404761909,62
O=C(N[C@H]1CC[C@H](CCN2CCC(c3cccc4c3OCO4)CC2)CC1)[C@H](O)C(F)(F)F,7.68,6,7.781887285714288,62
CN1CCN2c3ccccc3Cc3ccccc3[C@H]2C1,8.52,10,7.415173611111115,1832
CN1CCN2c3ccccc3Cc3ccccc3C2C1,8.52,10,7.415173611111115,1832
O=S(=O)(CC1CCN(CCCc2noc3cc(F)ccc23)C1)c1cccc(Cl)c1,8.36,10,8.149043058201057,381
COc1ccc2oc(C(=O)N[C@H]3CC[C@H](CCN4CCN(c5nsc6ccccc56)CC4)CC3)cc2c1,8.95,8,8.684319353174615,19
COc1ccc(N2CC=C(c3ccc(F)cc3)C2=O)cc1OCCN1CCCCC1,6.4,10,6.543650349206345,766
O=C(O)C1CCN(C2CCC3(Cc4ccccc4Oc4ccccc43)C2)CC1,6.5,10,6.965931335978836,498
CCCOc1ccc2occc2c1[C@H]1C[C@@H]1CN,6.41,8,6.490662674603174,1134
O=C1N[C@H]2CNC[C@@H]2c2ccc(Cl)c(Cl)c21,6.954,4,6.920762895502645,33
Cc1nc2n(c(=O)c1CCN1CCC(c3noc4cc(F)ccc34)CC1)CCCC2Cl,7.67,10,8.216122503968252,292
Fc1ccc(-c2nc(Cc3ccccc3)nc3c2CCNCC3)cc1,9.22,7,8.25086987445888,504
NCC(c1ccccc1)c1ccc(Br)cc1,7.52,8,7.031940587301589,783
O=C(NCCCCN1CCN(c2ccccn2)CC1)c1n[nH]c2ccccc12,6.4,4,6.745947277777776,1833
CN(C)c1ccc2on(C[C@@H]3C[C@H]4c5ccccc5Oc5ccc(Br)cc5[C@H]4O3)c2c1,7.021,5,6.899062288359788,1080
Cc1c(O)ccc2cnn(C[C@H](C)N)c12,8.74,5,7.743659096560846,134
Cc1cc2c(cc1Cl)N(C(=O)Nc1cccnc1)CC2,6.8,2,6.629217380952383,447
CCCCOc1ccc(COC(=O)N(Cc2ccc(F)cc2F)C2CCN(C)CC2)cc1,8.9,6,9.002263075396831,74
O=C1N[C@@H]2[C@@H](CS[C@@H]2CCCCCN2CCN(c3cccc4sccc34)CC2)N1,7.779,7,7.678492084415582,1834
O=C(N[C@H]1CC[C@H](CCN2CCN(c3nsc4ccccc34)CC2)CC1)N1CCOCC1,8.49,6,9.085154935185189,1835
O=C(Nc1n[nH]cc1Br)N1CCN(CCc2ccc(F)cc2)CC1,7.06,3,7.490537182539686,1836
Cc1cccc(S(=O)(=O)NCCCCN2CCN(c3noc4ccccc34)CC2)c1,7.58,5,7.6508260859788315,1663
OC(c1ccc(F)cc1)C1CCN(CCc2ccccc2I)CC1,9.04,6,8.16922868386243,11
COC(CN1CCN(c2cccc3sccc23)CC1)c1cccc2c1OCC(=O)N2,7.77,7,7.0933692261904735,1837
COc1ccc(N2CCN(CCCCCCN3C(=O)c4cccc5cccc(c45)C3=O)CC2)cc1,4.22,2,6.538941221500724,1176
CCC(C)C(=O)N[C@H]1CC[C@H](CCN2CCC(c3coc4ccccc34)CC2)CC1,8.182,10,8.136330912698408,181
CCCNC(C)Cc1cc(OC)c(Br)cc1OC,7.05,3,7.753701941798941,188
Cc1noc(C)c1-c1cc(NC(=O)C2CC2)ccc1OC1CN(C)C1,7.336,1,7.648743505291002,871
Cc1c(C(=O)NCCCN2CCN(c3cccc(Cl)c3Cl)CC2)cc(-c2ccccc2)n1CC(C)C,6.39,7,6.76769689586339,13
O=C(N[C@H]1CC[C@H](CCN2CCN(c3cccc4c3OCO4)CC2)CC1)c1ccc2c(c1)OCCO2,7.971,5,7.567934304232807,1838
Cc1n[nH]c(C)c1S(=O)(=O)N1CC/C(=C(\C#N)c2ccc(Cl)cc2)C(C)C1,6.328,6,6.707352374338619,812
CCC(CC)NC(=O)[C@@H]1C=C2c3cccc4[nH]cc(c34)C[C@H]2NC1,9.328,5,8.213246962962959,53
Cc1n[nH]c(C)c1S(=O)(=O)N1CCC(=C(C#N)c2ccc(Cl)cc2F)CC1,6.745,5,6.862311462962969,812
Cc1noc(C)c1-c1cc(NC(=O)c2ccnn2C)ccc1OC[C@H]1CCCCN1,8.375,6,8.002549145502645,727
Fc1ccc2c(C3CCN(CCCOc4ccc(CN5CCCCC5)cc4)CC3)noc2c1,8.291,1,8.024918541005285,617
COc1cc(OC)c(C(=O)CCCCN2CCC3(CC2)NC(=O)NC3=O)cc1NS(=O)(=O)c1ccc(Cl)cc1,6.1,9,6.580144927248677,811
O=C1NCc2ccc(OCCCN3CCN(c4cccc5ccc(F)cc45)CC3)cc21,8.471,5,8.228680206349205,133
C[C@H]1C[C@H](NS(=O)(=O)c2cc3ccc(F)cc3s2)CN1CCCc1noc2cc(F)ccc12,9.19,3,8.524431486772487,842
CCCN(CCC)CCc1cccc2c1CC(=O)N2,6.85,8,7.018792223544976,1839
Cc1ncnc(C)c1-c1cc(NC(=O)Cc2cncc(F)c2)ccc1OCCN1CCCC1,7.476,6,7.817308440476188,1840
O=C1c2ncoc2CCN1CCN1CCC(c2noc3ccccc23)CC1,7.29,3,8.326601335978832,702
COc1ccccc1N1CCN(CCc2cn(-c3ccn4ncc(C=O)c4c3)nn2)CC1,7.05,9,6.936719658730159,448
CC(C)COc1ccc(CNC(=O)N(Cc2cn(C)cn2)C2CCN(C)CC2)cc1,8.0,2,8.258084730158735,1841
CN(C)C(=O)N[C@H]1CC[C@H](CCN2CCN(c3cccc4c3OCO4)CC2)CC1,7.34,3,7.65419899206349,4
Clc1c2n(c3ccccc13)CCNCC2,8.19,9,7.572323615079358,548
O=C1c2ccccc2CCCN1CCCCN1CCN(c2cccc(Cl)c2Cl)CC1,7.995,5,6.744545992063497,1842
COc1cc2c(cc1C(F)(F)F)N(C(=O)Nc1cncc(-c3ccncc3)c1)CC2,7.2,6,6.828178742063489,1843
Cc1ccc([C@H]2C[C@@H]2CN)c(Br)c1,6.331,4,6.766374205026458,69
CN1CCC2(ON=C(Cc3ccc(OC4CC4)cc3)N2Cc2ccn(C)n2)C2(CC2)C1,8.0,3,7.472752501322751,1844
CN1CCC(N(Cc2ccc(F)cn2)C(=O)NCc2ccc3c(c2)CCC(C)(C)O3)CC1,7.285,7,8.293574773809521,1845
O=C(C[C@@H]1CCCOC1)N[C@H]1CC[C@H](CCN2CCN(c3cccc4c3OCO4)CC2)CC1,7.58,3,7.640437842592598,1846
O=C(C[C@H]1CCCOC1)N[C@H]1CC[C@H](CCN2CCN(c3cccc4c3OCO4)CC2)CC1,7.61,6,7.633757928571423,1846
Clc1ccc2[nH]c3c(c2c1)CCNC3c1cc2ccccc2s1,6.821,8,7.1581173121693125,1847
O=C1c2ncccc2CCN1CCN1CCC(c2noc3ccccc23)CC1,8.358,9,8.298681300264557,228
Cc1cccc2[nH]cc(C3=CCCNC3)c12,7.79,3,6.939472775132273,564
COc1cc(OC)c(-c2ccccc2)cc1C(=O)CCCCN1CCC2(CC1)NC(=O)NC2=O,6.4,9,7.409527105820096,1042
CN(C)S(=O)(=O)N[C@H]1CC[C@H](CCN2CCN(c3nccc4occc34)CC2)CC1,8.28,2,8.086066894179899,80
CN1CCC(N(Cc2ccc(F)cn2)C(=O)NCc2ccc(OC(F)(F)C(F)(F)F)cc2)CC1,7.74,7,8.00683294312169,225
CCN(c1cccc(N2CCN(C)CC2)c1)S(=O)(=O)c1ccc2ccccc2c1,6.66,9,6.861065376984131,1848
CCCc1nc(C(=O)NCCCN2CCN(c3cccc(Cl)c3C)CC2)cn1-c1ccc(Cl)cc1,7.699,10,7.270087535714285,101
COc1ccc(CC2=NOC3(CCN(C)CC34CC4)N2Cc2cc(C)n(C)n2)cc1,8.0,2,7.428553567460321,1501
Cc1c(C(=O)NCCCN2CCN(c3cccc(Cl)c3Cl)CC2)nc(-c2ccccc2)n1-c1ccccc1,7.849,7,7.664640513227517,449
CC(C)[C@H]1C(=O)N2CCC[C@H]2[C@]2(O)O[C@](NC(=O)[C@@H]3C=C4c5cccc6[nH]cc(c56)C[C@H]4N(C)C3)(C(C)C)C(=O)N12,7.825,10,7.737682141654642,1490
O=C1[C@@H]2[C@H]3CC[C@H](C3)[C@@H]2C(=O)N1CCCCCCN1CCN(c2nsc3ccccc23)CC1,8.399,4,7.810683071428573,1849
CNCc1cc(OCc2cc(F)c(F)cc2F)n(CC2CCCC2)n1,8.888,6,8.72305172619048,279
O=S(=O)(N[C@H]1CC[C@@H](CCN2CCN(c3nsc4ccccc34)CC2)CC1)c1ccc[nH]1,8.998,4,8.876364641534394,1850
Cn1ncc2c1CCCC(CCN1CCN(c3nsc4ccccc34)CC1)C2=O,9.33,10,9.003069932539676,1851
Cc1nc2c(o1)CC(CN1CC=C(c3c[nH]c4cc(F)ccc34)CC1)CC2=O,7.1,3,7.517234988095242,1852
Clc1ccc(-c2nn(Cc3ccccc3)c3c2CCNCC3)cc1,7.0,2,7.123765357142859,1853
Fc1ccc(N2CCN(CCC3OCCc4ccccc43)CC2)cc1,8.238,1,7.070732960317464,931
CNCc1cc(OCc2cc(F)ccc2F)n(C(C)C2CCCCC2)n1,8.74,3,8.829232988095244,91
C[C@@H]1CNC[C@H]2Cc3ccc(CO)nc3N21,6.03,1,6.48948509126984,152
COc1ccc(NC(=O)Nc2ccc(F)cc2F)cc1-c1c(Cl)cnn1C,9.1,5,8.685631299903797,102
COc1cc(Br)c(OC)c(CCNCc2cccc(F)c2)c1,8.57,1,8.010470657407398,115
CCN(CCN1CCC(c2noc3cc(F)ccc23)CC1)C(=O)C(O)CCC(=O)OC,9.22,7,8.19890841269841,31
CCCCOc1ccc(CN(Cc2coc(C)n2)C2=NOC3(CCN(C)CC3)N2)cc1F,6.153,7,7.554818767195772,657
O=C(Nc1cccc([N+](=O)[O-])c1)N[C@H]1CC[C@H](CCN2CCN(c3nsc4ccccc34)CC2)CC1,8.3,10,8.506964507936509,535
COc1cc([C@@H]2CCCNC2)c(OC)cc1Br,7.16,9,6.863001502645508,111
COc1cc([C@H]2CCCNC2)c(OC)cc1Br,6.065,3,7.4105849338624346,111
O=[N+]([O-])c1ccccc1N1CCN(CCCCCCN2c3cccc4cccc(c34)S2(=O)=O)CC1,6.272,5,6.783681675925927,45
O=c1ccc(N2CCNCC2)nn1CCOc1ccccc1Cl,6.593,9,6.984354444925443,341
CCCn1c(C)nc(C(=O)NCC(O)CN2CCN(c3cccc(Cl)c3C)CC2)c1C,6.32,3,6.391953306517553,1854
Cc1c2c(nn1C)CCN(CCN1CCN(c3nsc4ccccc34)CC1)C2=O,9.822,9,9.101290611111114,773
COc1ccccc1N1CCN(CCCNC(=O)c2cc3ccccn3n2)CC1,6.25,8,6.530274535714287,1855
COc1ccccc1N1CCN(CC2CC(=O)c3ccccc3C2)CC1,6.29,1,6.309370788359788,1326
C(#Cc1ccccc1)COC1CCN(CCc2ccccc2)CC1,7.143,5,7.4121850952380965,1856
CC(C)COc1ccc(CN(Cc2ccn(C)n2)C(=O)OC2CCN(C)CC2)cc1,7.26,1,8.031226762385767,1857
O=C1c2cc(Cl)ccc2C[C@@H]2CNCCN12,7.055,4,6.823348742063489,147
Cc1cccc(-c2c(O)c(O)cc3c2CCN(C)CC3c2cccc(C)c2)c1,6.919,4,7.262993236892728,1858
O=S(=O)(c1cncc2ccccc12)N1CCCCC[C@H]1CCN1CCN(c2cccc3sccc23)CC1,7.539,6,7.404257547619046,1859
CC[C@@H](CO)NC(=O)[C@@H]1C=C2c3cccc4[nH]cc(c34)C[C@H]2N(C)C1,8.865,2,8.637441734126986,53
CCNCCc1ccc(Cl)c(-c2ccccc2OC)c1,6.28,9,6.41564360906686,203
O=C1c2ccc(C(F)(F)F)cc2C[C@@H]2CNCCN12,6.1,4,6.852157059523806,147
Cc1ccc(C(=O)N[C@H]2CC[C@H](CCN3CCN(c4nccc5c4CCO5)CC3)CC2)cn1,7.81,2,7.8935720013227515,1860
CCNCCc1c[nH]c2ccc(OC)cc12,7.085,10,7.376306574074076,86
[2H]C([2H])([2H])c1cc(OC)c(CCN)cc1OC,8.0,2,7.959479267195762,188
O=C(/C=C/c1ccccc1)N(Cc1ccc(-c2ccc(CNCCc3ccccc3)cc2)cc1)Cc1cccnc1,6.1,3,6.346401484126977,1861
O=C(C=Cc1ccccc1)N(Cc1ccc(-c2ccc(CNCCc3ccccc3)cc2)cc1)Cc1cccnc1,6.1,5,6.3599333029100515,1861
COc1cc([S+]([O-])C(F)F)c(OC)cc1CCN,7.567,3,7.919668902116393,188
Clc1ccc(N2CCCN(CCCCc3nc4ccccc4s3)CC2)cc1,6.799,3,6.597606599206351,1862
CC(CN)c1c[nH]c2ccccc12,7.39,4,7.4966546984127005,86
O=S(=O)(NCCCN1CCN(c2cccc(Cl)c2Cl)CC1)c1ccc2ncccc2c1,7.189,2,7.4054170595238205,1863
O=S(=O)(c1cccc2ncccc12)N1CCCC[C@@H]1CCN1CCN(c2cccc3sccc23)CC1,7.458,6,7.303248351851854,1864
Cc1c(C(=O)NCCCN2CCN(c3cccc(Cl)c3)CC2)cc(-c2ccccc2)n1C,7.04,10,6.858896272486772,13
Clc1ccc2c(c1)N1CCNCC1C2,7.5,1,7.077990367724874,2
O=C(CCO)N[C@H]1CC[C@H](CCN2CCN(c3nccc4occc34)CC2)CC1,7.989,7,8.194038281746039,80
O=C1c2ccccc2S(=O)(=O)N1CCCCCCN1CCN(c2cccc(Cl)c2)CC1,6.441,6,6.633876555555562,141
Fc1ccc(-c2nc(C3CC3)nc3c2CNCC3)cc1,7.399,7,7.542362162698409,1865
CCN(CC)CC1CC2c3ccccc3Cc3ccccc3N2O1,7.368,1,7.548235448005697,309
O=C(O)C1(F)CCCN(C2CC[C@]3(Cc4ccccc4Cc4ccccc43)C2)C1,7.1,10,7.225017900793651,744
CC(N)Cn1ccc2cc(Br)ccc21,6.801,1,6.974986919312172,86
CCCCc1ccc(S(=O)(=O)Nc2ccc3c(c2)CN(C)C3)cc1,8.3,7,7.297668379268885,1866
Cc1nc2ccccn2c(=O)c1CCN1CCN(c2cccc3sccc23)CC1,8.04,7,7.38473127777778,1867
O=C(CCCN1C2CCC1CN(c1ccc(Cl)cn1)C2)c1ccc(F)cc1,7.29,2,7.593571865079362,1868
CC(C)(C)C1CCC(C(=O)N[C@H]2CC[C@H](CCN3CCC(c4coc5ccccc45)CC3)CC2)CC1,8.22,2,8.114143664021164,775
Cc1ccc(CN2CC[C@H](NC(=O)c3cccc(-c4cccs4)c3)C2)cc1,6.21,4,7.247340765873021,161
COc1ccccc1N1CCN(CCC2CCc3ccc([N+](=O)[O-])cc3C2=O)CC1,6.1,4,6.8082769484127,1737
Cc1[nH]c(-c2ccccc2)c(C)c1C(=O)NCCN1CCN(c2cccc(Cl)c2Cl)CC1,7.43,3,7.34048972486773,770
Cc1cc(CN(C(=O)NCc2ccc(OCC(C)C)cc2)C2CCN(C)CC23CC3)nn1C,8.0,5,8.025573338624344,275
O=C(Cc1ccc2c(c1)OCO2)N[C@H]1CC[C@H](CCN2CCN(c3cccc4c3OCO4)CC2)CC1,7.29,4,7.567902678571424,1869
CN(C)/C=N/N=C/c1cn(S(=O)(=O)c2ccc(F)cc2)c2cccc([N+](=O)[O-])c12,6.152,7,6.223941599206349,425
O=C1C2CCCCC2C(=O)N1CCCCN1CCN(c2cccc3sccc23)CC1,7.469,1,8.000780451058196,998
O=C1c2cccc3cccc(c23)N1CCCCCCN1CCN(c2ccc(Cl)cc2)CC1,6.372,10,6.36151820995671,357
CC(N)Cc1ccc2ccccc2c1,6.33,9,7.004737678571431,676
Cc1nc(-c2ccc(-c3ccc(C(=O)Nc4cc5c(c(OCCN(C)C)c4)OCC5)cc3)c(C)c2)no1,7.3,9,7.565859939393939,1870
O=C(CCC(F)(F)F)N[C@H]1CC[C@H](CCN2CCC(c3coc4ccccc34)CC2)CC1,7.83,3,7.98170717460318,181
[2H]C([2H])(N)Cc1cc(OC)c(SC)cc1OC,6.447,5,6.9812274933862435,188
COc1cc(SC)c(OC)cc1CCN,6.529,8,7.04003786111111,188
[2H]C([2H])([2H])Oc1cc(SC)c(OC([2H])([2H])[2H])cc1CCN,6.759,4,6.858303698412706,188
CCCn1c(-c2ccccc2)cc(C(=O)NCCCCN2CCN(c3cccc(C)c3C)CC2)c1C,6.101,5,6.774250221500724,571
O=S(=O)(c1ccc(-n2cccn2)cc1)C1(F)CCN(CCc2ccc(F)cc2F)CC1,8.7,3,8.81563823015873,1871
COc1cccc(C(=O)Nc2ccc(OCCN3CCN(C(N)=O)CC3)c(-c3ccnn3C)c2)c1,8.29,2,8.20172230555556,265
C1=C(c2n[nH]c3ccccc23)CNCC1,6.49,9,6.943814415343916,658
Cc1ncccc1Oc1ccc(NC(=O)N2CCc3cc(Br)c(C(F)(F)F)cc32)cn1,6.9,3,6.6504967182539625,52
O=C1Nc2ccccc2C12CCN(CCN1CCN(c3ccc(Cl)cc3)CC1)C2,7.169,1,6.3658303477633496,664
Cc1[nH]c2ccc(F)cc2c1C1=CCNCC1,6.02,1,6.907788330687833,235
N#Cc1ccc(CCOC(=O)N2CCN(CCCc3ccccc3)CC2)cc1,6.069,1,6.715267096662595,662
Fc1ccc(OCCCN2CCc3ccccc3C2)cc1,6.49,7,6.879632624338619,1872
O=C(OCc1ccccc1)N1CCc2ccc(N3CCN(C4CCCC4)CC3)cc2C1,6.529,9,7.10532111399712,1873
Cn1nccc1-c1cc(NC(=O)c2cccc(C(F)(F)F)c2)ccc1OCCN1CCNC(=O)C1,6.54,6,8.41774514862915,340
O=C(N[C@H]1CC[C@H](CCN2CCC(c3ccc(F)c4occc34)CC2)CC1)C1CCOCC1,7.94,7,7.735190361471861,1295
Cc1nc2c(o1)CC(CN1CCC(c3noc4cc(F)ccc34)CC1)CC2=O,7.7,5,8.000649761544006,1874
S=C(NCCCc1c[nH]cn1)NCCCN(Cc1ccc(Cl)c(Cl)c1)c1ccc(Br)cn1,6.69,2,7.404028031746035,1875
O=C1c2cnccc2CCN1CCN1CCN(c2nsc3ccccc23)CC1,8.43,9,8.906584801587298,236
CNC(=O)c1cc(OCCCCN2CCN(c3cccc(Cl)c3Cl)CC2)cc(C(C)=O)c1,6.308,2,7.008481621693123,479
CNCc1cc(Cl)ccc1Oc1ccc(C)c(C)c1,7.29,4,7.331656170634915,6
OCCOCCN1CCN(C2=Nc3ccccc3Sc3ccccc32)CC1,7.214,4,7.164297599206351,1876
CC(=O)N[C@H]1CC[C@H](CCN2CCC(c3cccc4c3OCO4)CC2)CC1,7.62,10,7.606938894179895,62
c1cc2nc3c(c(N4CCCCC4)n2n1)CCNCC3,6.23,9,6.937359072751322,1877
CN1CCc2cccc3c2C1Cc1ccc(N)cc1-3,6.171,8,6.527528777777781,78
Fc1ccc(CCCCN2CCN(c3cccnc3)CC2)cc1,6.493,5,7.170694264550266,1878
Nc1nc(NCCc2c[nH]c3ccccc23)nc(NCCN2CCN(c3ccccc3)CC2)n1,7.17,6,6.480327023809524,1879
CCCc1nc(C(=O)NCC(O)CN2CCN(c3cccc(Cl)c3C)CC2)c(C)n1-c1ccccc1,6.7,8,6.665912530423278,101
CN1CCN(CC2C[C@@H]3c4ccccc4Cc4ccccc4[C@H]3O2)CC1,6.362,10,7.1286171626984105,1880
O=S(=O)(NCCCCCCN1CCN(c2nsc3ccccc23)CC1)c1ccc2ccccc2c1,7.36,1,7.794916701058199,1881
O=C(CCCCN1CCN(c2ccc(Cl)cc2)CC1)c1nc2ccccc2s1,6.28,1,6.609106647065897,1213
COc1ccc(Cl)cc1-c1cc(Cl)cc2c1N1CCNCCC1C2,6.12,1,6.820343513227513,473
Cc1ncnc(C)c1-c1cc(NC(=O)c2ccc(F)cc2)ccc1OCCN1CCC1,8.767,10,8.112287843915341,678
COc1cc2c3c(c1OC1CC1)-c1cc(N)ccc1CC3N(C)CC2,6.959,3,6.843946238095239,1882
O=C(c1cccn2ccnc12)N1CCN(CCc2ccc(F)cc2F)CC1,8.798,1,8.524431095238096,375
COc1ccc2c(n1)C(=O)N(CCN1CCN(c3noc4ccccc34)CC1)CC2,7.02,4,7.3273501534391565,876
FC(F)(F)c1ccc(OCc2ccccc2)c(OC2CNC2)c1,7.174,3,7.514016173280426,72
Cn1nccc1-c1cc(NC(=O)c2cccc(C(F)(F)F)c2)ccc1OCCN1CCC(F)(F)C1,7.92,5,8.458615160052913,36
CCCc1c(C(=O)NCCCCN2CCN(c3ccccc3OC)CC2)nnn1Cc1ccccc1,6.96,5,7.083421898148152,7
COc1ccc(F)cc1C1CC1CNC1(c2ccccc2OC)CC1,6.18,7,6.937865932539689,1883
Cn1nccc1-c1cc(NC(=O)Nc2ccc(Cl)cc2)ccc1OCCN1CCSCC1,9.24,9,9.361557452380952,1884
Cc1nn(C)c2c1C(=O)N(CCN1CCC(c3noc4ccccc34)CC1)CCC2,8.799,2,8.75674589682539,1113
CC(C)COc1ccc(CN(Cc2ccn(C)n2)C(=O)N[C@@H]2C[C@H]3CC[C@@H](C2)N3C)cc1,7.26,4,7.826763928571433,1885
c1ccc(CCCNCC2c3ccccc3Cc3ccccc32)cc1,6.65,4,6.737884199735454,1886
CCCCSc1c(OC)cc(CCNCc2ccccc2OC)cc1OC,8.747,10,8.96736319312169,115
O=C(c1cc2ccccn2n1)N1CCN(CCc2ccc(F)cc2F)CC1,8.24,10,8.750146171957665,360
O=S(=O)(c1cccc2ncccc12)N1CCC(CCN2CCN(c3ccc(Cl)c(Cl)c3)CC2)CC1,6.47,2,6.618977599206349,41
Cc1cc2c(OCC(CNC(C)(C)C)OC(=O)c3ccccc3)cccc2[nH]1,6.07,1,6.986212503968254,1887
COc1ccccc1N1CCN(C/C=C/CNC(=O)c2ccc3c(c2)Cc2ccccc2-3)CC1,7.181,9,6.71180867592593,1888
COc1ccc2c(c1OC)C[C@@H]1c3c(cc4c(c3-2)OCO4)CCN1C,6.25,1,6.27703481349206,1889
CN(C)C(=O)N[C@H]1CC[C@H](CCN2CCN(c3nccc4c3CCO4)CC2)CC1,7.541,5,7.719887305555553,12
Cc1c(S(=O)(=O)NCCCN2CCN(c3nsc4ccccc34)CC2)sc2ccc(F)cc12,7.85,4,8.111657531746037,1195
COc1cccc2[nH]cc(C3=CCCNC3)c12,7.296,3,7.033940739417989,564
CN1CCN(C(c2ccccc2)c2ccccc2)CC1,6.92,4,7.0459526150793685,1890
COc1ccc(CCCN2CCC(CCC(=O)c3cc(Cl)c(N)c4c3OCCO4)CC2)cc1OC,6.3,6,6.894584531746031,1891
Cc1cccc(N2CCN(CCCCNC(=O)c3cc4ccccc4cn3)CC2)c1,7.82,3,7.4316983108465635,68
CC(C)c1ccc(Nc2nc(N3CCNCC3)nc3ccccc23)cc1,7.378,9,6.752475922919669,214
O=C1c2cnc(C(F)(F)F)cc2CCN1CCN1CCN(c2nsc3ccccc23)CC1,8.588,2,9.112443563492072,236
CC1CNCCc2cc(O)c(Br)cc21,7.2,7,6.936196488095238,39
O=C1c2cccc3cccc(c23)N1CCCCCCN1CCN(c2ccccc2Cl)CC1,6.27,9,6.347233944444448,357
Cc1cc2c(cc1Br)N(C(=O)Nc1ccc(Oc3cccnc3C)nc1)CC2,6.8,1,6.9102518690476185,52
CNC(=O)c1cc(OCCCCN2CCN(c3nsc4ccccc34)CC2)ccc1F,7.46,7,7.038211103174601,520
COc1cc2c(cc1OC(C)C)C[C@H]1c3c(cc(OC)c(OC)c3-2)CCN1C,6.12,2,6.321586386243386,78
O=C1NCc2ccc(OCCCN3CCN(c4cccc5cccc(F)c45)CC3)c(Cl)c21,8.45,6,8.665154113756612,133
CC(C)COc1ccc(COC(=O)N(Cc2ccc(F)cc2O)C2CCN(C)CC2)cc1,7.801,5,9.278499626984123,74
O=C(NCC1(O)CCC1)c1ccc(C#Cc2ccc(F)cc2F)cc1,7.0,1,6.808390056878306,195
CNC(=O)c1cc(OCCCCN2CCC(c3noc4cc(F)ccc34)CC2)ccn1,6.609,7,7.055286702380956,539
O=C(NCc1ccc(OCC(O)CN2CCN(c3noc4cc(F)ccc34)CC2)cc1)N(Cc1ccc(F)cc1F)C1CCNCC1,7.329,3,7.489977187109187,693
Cc1noc(C)c1-c1cc(NC(=O)C2CC2)ccc1OCCN1CCC2(CCOC2=O)CC1,7.171,10,7.6004146172438745,1892
C1=C(CCN2CCc3ccccc3C2)CCc2ccccc21,6.01,8,6.9925877460317425,1893
O=C(NC[C@H]1CC[C@H](CN2CCN(c3nsc4ccccc34)CC2)CC1)c1ccco1,7.8,3,9.28694507010581,1479
CCN(CCN1CCC(n2ncc3cc(F)ccc32)CC1)S(=O)(=O)C(C)CO,8.822,4,8.168184850529112,338
COc1cc2c(cc1OCc1ccc(Br)cc1)C[C@H]1c3c(cc(OC)c(OC)c3-2)CCN1C,6.379,2,6.818498285714289,1894
COc1ccc2c(c1)c(-c1cnc(N)[nH]1)cn2S(=O)(=O)c1ccccc1,6.1,4,6.260824219576717,48
CC(C)COc1ccc(CNC(=O)N(Cc2ccccn2)C2CCN(C)CC2)cc1,8.0,8,7.722985634920642,225
CCOc1ccccc1N1CCN(CCCCNC(=O)c2n[nH]c3ccccc23)CC1,6.499,3,6.692211755291005,103
COc1cc(SCC(F)(F)C(F)F)c(OC)cc1CCN,7.444,2,8.064054902116403,188
CC(C)COc1ccc(CNC(=O)N(Cc2cccc3cccnc23)C2CCN(C)CC2)cc1,8.0,4,7.196959642857148,1895
c1ncc2c(c1CC1CCCCC1)CC[C@@H]1CNCCN21,6.97,4,7.193065793650789,1896
COc1ccc2c(c1)CCC1(CCN(CCN3CCNC3=O)CC1)O2,6.01,4,7.3652233068783035,1897
CCCn1c(C)nc(C(=O)NCC(O)CN2CCN(c3cccc(C)c3C)CC2)c1C,6.078,4,6.304243407407401,1854
CCCn1c(-c2ccc(Cl)cc2)cc(C(=O)NCCCN2CCN(c3cccc(C)c3C)CC2)c1C,6.718,8,6.653904863756616,13
C[C@@H](C(O)c1ccc(O)cc1)N1CCC(Cc2ccccc2)CC1,6.376,4,6.460255619029126,11
C[C@@H]([C@@H](O)c1ccc(O)cc1)N1CCC(Cc2ccccc2)CC1,6.43,2,6.407318423039928,11
C[C@H]([C@H](O)c1ccc(O)cc1)N1CCC(Cc2ccccc2)CC1,6.47,1,6.399794338263592,11
C[C@H]([C@@H](O)c1ccc(O)cc1)N1CCC(Cc2ccccc2)CC1,6.29,9,6.439000609769858,11
C[C@@H]([C@H](O)c1ccc(O)cc1)N1CCC(Cc2ccccc2)CC1,6.38,8,6.440297055796063,11
O=S(=O)(NCCCN1CCN(c2noc3ccccc23)CC1)c1cc2ccc(Cl)cc2s1,7.2,5,7.579892866402123,502
COc1ccccc1N1CCN(c2nc(N)nc(NCCc3c[nH]c4ccccc34)n2)CC1,4.56,4,6.211729019841267,1898
Clc1c(Br)ccc2c1CCNCC2,8.0,7,6.990066527777778,39
Cc1cccc(OCCOCCN2CCN(CCc3ccccc3)CC2)c1C,6.284,1,6.733884644179896,1899
CC(C)COc1ccc(CC(=O)N(Cc2ccc(Cl)cc2F)C2CCN(C)CC2)cc1,7.3,8,7.24686441919192,126
O=S(=O)(c1ccc(Cl)cc1)N(CCCN1CCC(c2noc3cc(F)ccc23)CC1)C1COC1,7.458,3,8.004538952380956,393
NC(=O)c1ccc(S(=O)(=O)c2ccc(/C=C/c3ccc(F)cc3F)cc2)cc1,9.19,3,9.046427440476196,397
O=S(=O)(NCCCCN1CCN(c2cccc(Cl)c2Cl)CC1)c1cnc2ccccc2c1,7.469,5,7.419542152116404,1900
C[C@@H]1CCC[C@H](C)N1CCOc1ccc(NC(=O)Nc2ccc(Cl)cc2)cc1-c1ccnn1C,7.79,5,9.24973758201058,90
O=C(NCc1ccc(OCC(O)CN2CCC(C3c4ccc(Cl)cc4CCc4cccnc43)CC2)cc1)N(Cc1ccc(F)cc1)C1CCNCC1,6.088,4,6.873598119047619,1901
Cc1nc2n(c(=O)c1CCN1CCN(c3cccc4c3OC(F)(F)O4)CC1)CCCC2O,6.611,9,7.131850310846565,1149
Cc1c(C(=O)NCCCN2CCN(c3cccc(Cl)c3Cl)CC2)cc(-c2ccccn2)n1C,7.368,5,7.142746685185186,1550
Cc1cc(OCCCN2CCN(c3cccc(Cl)c3Cl)CC2)c2c(C)cc(=O)oc2c1,7.38,7,7.02438051455026,427
O=C1CCc2ccc(OCCCCN3CCN(c4ccc(O)c5c4OCCO5)CC3)cc2N1,6.798,4,6.740813059523808,1902
CCN(CC(F)(F)F)C(=O)[C@@H]1C=C2c3cccc4[nH]cc(c34)C[C@H]2N(C)C1,8.707,5,8.983636802910047,53
CN(C)CCO/N=C(/C=C/c1ccc(O)cc1)c1ccccc1F,8.921,3,7.2328013902116455,1903
Cc1nc2c(c(=O)n1CCN1CCC(C(=O)c3ccc(F)cc3)CC1)CCCC2,8.58,3,8.037794939153436,555
CCN(CCCN1CCC(c2noc3ccccc23)CC1)S(=O)(=O)C(C)CO,8.7,9,8.22718684391534,31
C[C@H](O)c1ccccc1S(=O)(=O)c1ccc(/C=C/c2ccc(F)cc2)cc1,9.659,9,7.6382678187830715,397
CC(O)c1ccccc1S(=O)(=O)c1ccc(/C=C/c2ccc(F)cc2)cc1,10.15,9,7.6382678187830715,397
COc1ccccc1N1CCN(CCCON2C(=O)C3C4C(=O)CC(C)(CC4C)C3C2=O)CC1,6.198,10,6.2841362190957195,299
Fc1ccc(CCCCN2CCN(c3ccc(-c4ccccc4)cn3)CC2)cc1,6.831,2,6.980578002645504,1904
CC(C)COc1ccc(CCOC(=O)N(Cc2ccc(F)cc2)[C@@H]2CCNC[C@@H]2F)cc1,7.2,10,7.432074207671958,1044
CC(C)COc1ccc(CCOC(=O)N(Cc2ccc(F)cc2)[C@H]2CCNC[C@H]2F)cc1,7.2,5,7.428125716931212,1044
[3H]C([3H])([3H])N1C[C@H](C(=O)N(CC)CC)C=C2c3cccc4[nH]cc(c34)C[C@H]21,7.67,4,8.531119581890323,53
CCN(CC)C(=O)[C@@H]1C=C2c3cccc4[nH]cc(c34)C[C@H]2N(C)C1,8.078,8,8.308464895502652,53
CNCc1cc(OCc2ccc(F)cc2C)n(C(C)C2CCCCC2)n1,9.03,3,8.804682617724863,91
O=c1c2ncccc2ccn1CCN1CCN(c2nsc3ccccc23)CC1,8.781,1,8.9386299457672,1905
COc1ccc(N2CCC(c3ccc(Cl)c(Cl)c3)C2=O)cc1OCCN1CCC(C(C)C)CC1,6.4,10,6.424026759740251,731
NC1=Nc2ccc(Cl)c(Cl)c2CN1,6.36,8,6.679136906084654,1041
Cc1ccc(C(C)C)c(OCc2nc(N)nc(N3CCN(C)CC3)n2)c1,6.37,4,7.327368066378067,349
O=C(CC(F)(F)F)N[C@H]1CC[C@H](CCN2CCC(c3cccc4c3OCO4)CC2)CC1,7.741,3,7.62635305555556,62
COc1ccc(N2Cc3cc(Cl)c(C)c(Cl)c3C2=O)cc1OCCN1CCC(C)CC1,6.2,2,6.480856023809532,71
Cc1cc2c(cc1C(F)(F)F)N(C(=O)Nc1ccc(OCc3cnccn3)nc1)CC2,6.5,5,6.932447350529102,1906
Cc1ccc(-n2nc(C(C)(C)C)cc2NC(=O)Nc2ccc(Oc3ccnc(Nc4ccc(F)cc4)n3)c3ccccc23)cc1,6.674,10,6.915398205507451,64
CNCCc1c[nH]c2cc(F)cc(O)c12,8.24,10,7.643877891534392,86
CC(C)COc1ccc(CNC(=O)N(Cc2cccc3[nH]cnc23)C2CCN(C)CC2)cc1,6.301,10,7.531981101851852,1907
CCN(C)CCc1c(-c2cccc(F)c2)[nH]c2ccccc12,10.098,5,8.832285558201054,249
COc1ccc2c(c1)C(C)CNCC2,6.458,5,6.831226470899472,39
CC(=O)N1CCC(c2ccccc2)c2cccc(CCN3CCN(c4nsc5ccccc45)CC3)c21,8.67,2,9.164149542328033,1908
COc1ccc(NC(=O)Nc2ccc(Cl)cc2)cc1-c1ccnn1C,8.9,3,7.7633687777777745,102
O=C(O)C1(F)CCN(C2CC[C@]3(Cc4ccccc4Cc4ccccc43)C2)CC1,7.3,7,7.045833097883598,744
NCCc1c[nH]c2ccc(F)c(O)c12,8.39,4,7.8909880343915395,86
c1ccc(-c2[nH]c3ccccc3c2C2CNCCO2)cc1,7.747,10,7.261418037037041,1909
C[C@H](N)Cn1ncc2ccc(O)c(Cl)c21,7.92,4,7.898912386243382,134
COc1ccc(Nc2nccc(Oc3ccc(NC(=O)Nc4cc(C(C)(C)C)nn4-c4ccc(C)cc4)c4ccccc34)n2)c(C)c1,6.821,6,7.047994917989416,64
C[C@@H](NCCCc1cccc(C(F)(F)F)c1)c1cccc2ccccc12,6.08,6,6.958736206349207,1910
Cc1c(CCN)c2cccc3c2n1CCC3,6.17,9,6.974003129629634,533
OC(c1ccc(F)cc1)C1CCN(CCCCc2ccccc2)CC1,6.9,9,8.090050201058197,1911
COc1ccccc1N1CCN(CCCC(=O)Nc2ccn3ncc(C#N)c3c2)CC1,6.42,7,6.809242099206353,891
NCC1CC1c1cc(Cl)c(F)cc1OCCF,6.185,2,6.424771588864835,69
COc1c(OCCOCCOCCOCCOCCOc2cccc(C(=O)C3CCN(CCc4ccc(F)cc4)CC3)c2OC)cccc1C(=O)C1CCN(CCc2ccc(F)cc2)CC1,7.526,10,7.068338203703706,1912
CCc1cc(OC)c(CCN)cc1OC,8.602,1,7.764726173280425,188
O=C(CCc1ccc(-c2ccc(Cl)cc2)cc1)Nc1ccc(CN2CCCCC2)cc1,6.86,10,6.8761345015632545,1913
CN(C1CCN(CCOc2ccccc2-c2ccccc2)CC1)S(=O)(=O)c1cnn(C)c1,7.24,2,7.163991653679653,1914
O=S(=O)(c1ccc(F)cc1)C1(F)CCN(CCc2ccc(F)cc2F)CC1,9.409,2,8.980444265873016,35
CCc1c(CC2CCCCC2)cnc2c1CC[C@@H]1CNCCN21,6.152,9,6.68695446031746,1915
Cc1ccc2c(c1)Oc1cc(F)ccc1N=C2N1CCN(CC2(C(=O)O)CC2)CC1,7.43,6,7.714205242063484,59
O=S(=O)(c1cncc2ccccc12)N1CCC(CCN2CCN(c3cccc(Cl)c3)CC2)CC1,6.8,9,6.597196650793649,487
CC(C)COc1ccc(CNC(=O)N(Cc2ccc(F)cc2)C2CCN(C(=O)C[C@H](N)C(=O)O)CC2)cc1,7.46,4,7.218123174603179,18
COc1cccc(N2CCN(CCCCOc3c(C(C)=O)c(C)cc4oc(=O)cc(C)c34)CC2)c1,6.28,6,7.295397484126993,1116
c1ccc2c(c1)CCc1ccccc1C21CCNC1,6.96,3,7.297086896825397,1916
O=C1c2sccc2CCN1CCN1CCC(c2noc3ccccc23)CC1,9.35,7,8.414156380952377,1917
Cc1ncnc(C)c1-c1cc(NC(=O)C2(O)CC2)ccc1OCCN1CCCC1,7.62,5,7.747808255291011,1355
O=C(c1ccc(N2CCN(Cc3ccccc3)CC2)cc1)C1CC1,7.42,1,7.081261273569024,1918
CSc1cc2c(cc1Br)N(C(=O)Nc1cccnc1)CC2,6.3,7,6.70723412566138,447
Cc1ccc(-n2nc(C(C)(C)C)cc2NC(=O)Nc2ccc(Oc3ccnc(Nc4ccc(O)cc4)n3)c3ccccc23)cc1,6.785,5,6.986443873015873,64
CCCn1c(-c2ccccc2)cc(C(=O)N(C)CCCN2CCN(c3cccc(Cl)c3Cl)CC2)c1C,7.48,8,7.0992531415343985,13
O=C(O)C1=CCN(C2CCC3(Cc4ccccc4Cc4ccccc43)C2)CC1,7.1,6,7.271279711640211,595
C[C@H](O)c1ccc2c(n1)N1[C@@H](CNC[C@H]1C)C2,6.41,7,6.70379784920635,152
COc1ccc(N2CCN(CCCN3CCN(c4ncccc4C#N)CC3)CC2)cc1,4.4,7,6.079542556878307,93
CC(C)(Cc1ccccc1)NC1=NCCN=C(c2ccccc2F)C1,8.42,3,8.040926826719573,1919
CN1CCc2ccc(NS(=O)(=O)c3ccc(-c4ccc(C#N)cc4)cc3)cc2CC1,6.1,8,7.002988924603172,451
CCOC(=O)Cc1nn(CNC(=O)CCN2CCN(c3cccc(C)c3C)CC2)c(=O)c2ccccc12,6.36,3,6.79334621031746,40
CC(C)(O)C(=O)N[C@H]1CC[C@H](CCN2CCC(c3coc4ccccc34)CC2)CC1,8.649,6,8.279353988095238,181
Cc1cc(OCCCCN2CCN(c3ccc(Cl)cc3)CC2)c2c(C)cc(=O)oc2c1,6.33,3,7.116940537037041,1116
O=S(=O)(c1cccc2cccnc12)N(CCCN1CCN(c2ccc(F)cc2)CC1)CC1CC1,8.08,10,7.619544787037033,312
O=C(CCCN1CC[C@H]2[C@@H](C1)c1cccc3c1N2CC3)c1ccc(F)cc1,8.539,8,8.564421677248683,1920
Cc1ncsc1C(=O)Nc1ccc(OC[C@H]2CCCCN2)c(-c2c(C)noc2C)c1,8.57,10,8.247820197089942,1066
O=C(CCCc1ccccc1)N1CCN(CCCC(c2ccc(F)cc2)c2ccc(F)cc2)CC1,6.02,10,7.155997394660892,1921
CCCC(Oc1cc(Cl)cc(Cl)c1)c1nc(N)nc(N2CCN(C)CC2)n1,6.31,1,6.423837845238097,349
CC(=O)c1ccc2c(c1)oc(=O)n2CCCCN1CCN(c2ccc(F)cc2)CC1,6.5,2,7.2309110529100495,1922
O=S1(=O)c2cccc3cccc(c23)N1CCCN1CCN(c2ccc(F)cc2)CC1,9.915,6,7.5240564338624365,1923
COc1ccc2[nH]cc(CCNCc3ccc(-c4ccc(Cl)cc4)o3)c2c1,6.218,9,7.182337178571427,481
CCc1cc(Cl)c(OC)c(N2CCN(CC(O)CCNC(=O)c3cc4ccccc4o3)CC2)c1,7.368,9,7.157230088143337,99
COc1ccccc1N1CCN(CCCNC(=O)Nc2ccccc2-c2ccc(-c3ccccc3)cc2)CC1,6.798,4,6.420729598605099,1924
CCN(CCN1CCC(c2noc3ccccc23)CC1)C(=O)C(C)O,8.19,3,8.486143781746035,31
COc1cc(CCNC2CCOc3ccccc32)c(OC)cc1Br,6.85,8,7.2895921721981765,1925
Clc1cccc(N2CCNCC2)c1,7.16,1,7.0365478571428515,404
CNCc1ccc(Cl)cc1Oc1ccc(Cl)c(F)c1,7.24,4,7.2027461812169316,6
CNCc1cc(C(F)(F)F)ccc1Oc1ccc(C)cc1,7.46,6,6.969326132275134,6
O=S(=O)(c1ccccc1)C1CCN(Cc2ccccc2)CC1,6.2,4,7.245051531746037,1926
CCC(Oc1cc(Cl)ccc1Cl)c1nc(N)nc(N2CCN(C)CC2)n1,6.319,1,6.3474486097883585,349
CNCc1cc(OCc2ccccc2)n(CC2CC3CCC2C3)n1,9.0,1,8.397960980158722,688
COc1ccccc1N1CCN(CCCCOc2ccc3ccnn3c2)CC1,6.679,4,6.5939001309523855,337
O=C(NCCC(F)CN1CCN(c2cccc(Cl)c2Cl)CC1)c1cc2ccccc2[nH]1,6.67,3,7.0324142539682555,549
CCNC(=O)Nc1cccc(CCN2CCN(c3cccc4nc(C)ccc34)CC2)c1,6.5,3,6.798806149470895,1927
Cc1ncoc1C(=O)Nc1ccc(OC[C@H]2CCCCN2)c(-c2c(C)ncnc2C)c1,7.452,10,7.73759422174122,1928
O=S(=O)(NCCCN1CCN(c2noc3ccccc23)CC1)c1cccs1,6.01,10,7.362484567460316,1929
O=S(=O)(c1ccc(F)cc1)c1ccc(/C=C/c2ccc(F)cc2)nc1,7.77,4,8.38553769444444,51
O=C1c2cccc3cccc(c23)N1CCCCCCN1CCN(c2ncccn2)CC1,7.37,5,6.2956167870370345,1930
CNCc1cc(OCc2ccccc2)n(C(C)C2CCCCC2)n1,8.92,5,8.471210829365083,91
COc1cccc(N2CCN(CCCCNC(=O)c3cc4ccccc4cn3)CC2)c1,7.48,3,7.273872075396824,68
CC(C)(CN1CCN(C2=Nc3ccccc3Oc3cccc(F)c32)CC1)C(=O)O,7.301,9,7.468833359788364,605
CC(C)N(c1cccc(N2CCN(C)CC2)c1)S(=O)(=O)c1cccc2ccccc12,6.91,9,6.865315064814819,1931
COC(=O)N[C@H]1CC[C@H](CCN2CCN(c3cccc4c3OCO4)CC2)CC1,7.679,6,7.617548480158732,4
Clc1ccc2c(c1)N=C(N1CCN(C3CCCCC3)CC1)c1cccnc1O2,7.04,9,6.993173367724867,1932
O=S(=O)(N[C@H]1CCN(CCCc2noc3ccccc23)C1)c1csc2ccccc12,8.959,3,9.044453915343913,837
O=S(=O)(N[C@@H]1CCN(CCCc2noc3ccccc23)C1)c1csc2ccccc12,9.38,9,8.844063789682542,837
CCN(CCN1CCC(c2noc3cc(F)ccc23)CC1)C(=O)C(O)C(F)(F)F,9.221,6,8.731652013708512,31
Cc1cccc(N2CCN(CC(O)CNC(=O)c3nc(C)n(-c4ccccc4Cl)c3C)CC2)c1C,6.499,1,6.743517165103413,101
Cc1nc2n(c(=O)c1CCN1CCN(c3cccc4sccc34)CC1)CCCC2F,7.99,7,7.7413520386002865,368
CCN(CCc1c[nH]c2ccc(F)cc12)C1CCC1,6.26,4,6.318199511904763,110
O=S(=O)(c1cncc2ccccc12)N1CCC[C@H]1CCN1CCN(c2nsc3ccccc23)CC1,7.89,8,7.968370424603177,1933
O=S(=O)(c1cncc2ccccc12)N1CCC[C@@H]1CCN1CCN(c2nsc3ccccc23)CC1,8.0,6,7.8775278756613805,1933
Oc1ccc(C2NCCc3c2[nH]c2ccc(Cl)cc32)cc1,7.03,1,6.845112976190477,44
Cc1ncnc(C)c1-c1cc(NC(=O)c2ccccc2)ccc1OCCN1CC(F)C1,7.876,2,8.309216842592594,678
Cc1cccc(N2CCN(CCCCNC(=O)c3cc4ccccc4o3)CC2)c1C,8.44,6,7.626642773809524,99
CNCc1ccc(Cl)cc1Oc1ccc(C)cc1,8.929,6,7.725911309523809,6
Cc1cccc(N2CCN(CCCNC(=O)c3nc(C)n(CC(C)C)c3C)CC2)c1C,6.66,9,6.861760538359792,1854
CCCCCc1cc(OC)c(CC(C)N)cc1OC,8.267,9,8.3045978042328,188
CC(=O)N[C@H]1CC[C@H](CCN2CCN(c3nc(C)cc4c3CCO4)CC2)CC1,6.67,5,7.0583219034391504,12
c1cc(CC2CCCC2)c2c(n1)N1CCNC[C@H]1CC2,7.942,1,7.051689427248678,1934
COc1ccc2[nH]cc(CCNCc3ccc(F)cc3)c2c1,7.129,1,7.517058309523815,672
CCCN(CCCCNC(=O)/N=N/c1ccc(F)cc1)C1Cc2ccccc2C1,6.26,5,6.901993283068784,1935
CCN(CCN1CCC(c2c[nH]c3ccccc23)CC1)S(=O)(=O)CCO,8.798,4,7.9334823730158694,391
Fc1ccc(-c2[nH]c3cc(F)ccc3c2C2CCCNC2)cc1,10.048,3,8.865826530423279,310
CC(C)CCC(=O)N[C@H]1CC[C@H](CCN2CCN(c3nccc4c3CCO4)CC2)CC1,7.61,8,7.614639018518522,12
O/N=C/c1cc2cc(OCCCCN3CCN(c4cccc(Cl)c4Cl)CC3)ccn2n1,8.101,1,7.624969912698413,248
CC(Oc1cc(F)ccc1C(F)(F)F)c1nc(N)nc(N2CCN(C)CC2)n1,6.201,2,6.4461042579365095,349
O=C1CC(CN2CCC(c3noc4cc(F)ccc34)CC2)Cc2oc(-c3ccccc3)cc21,8.16,3,8.005866547619043,1936
CN(C)CC1CC2c3ccccc3Oc3ccc(Cl)cc3N2O1,8.72,6,7.588496306980057,1937
CC(C)COc1ccc(CNC(=O)N(Cc2ccc(F)cc2)C2CCN(CC(=O)N(C)C)CC2)cc1,6.83,4,7.767407447089956,18
CNC(=O)c1cc(OCCCCN2CCN(c3cccc(Cl)c3Cl)CC2)ccc1C,6.339,8,6.672251433862433,479
CC(C)(CN1CCN(C2=Cc3ccccc3Cn3cc(F)nc32)CC1)C(=O)O,7.0,9,7.061953219576726,202
Cc1cccc(Cl)c1[C@H]1C[C@@H]1CN,6.14,5,6.573287332010585,69
CN1CCc2cccc3c2[C@H]1Cc1ccc(O)c(O)c1-3,6.92,3,6.385153793650789,78
CN1C[C@H](C(=O)N(CCF)CC(F)F)C=C2c3cccc4[nH]cc(c34)C[C@H]21,9.485,7,9.116086514550268,53
O=C1CCc2ccc(OCCCCN3CCN(c4cccc5c4CCCC5)CC3)nc2N1,10.048,2,9.34010444973545,1938
Cc1nc2c(o1)C(=O)N(CCN1CCN(c3nsc4ccccc34)CC1)CCC2,8.551,3,8.420222756613759,1939
O=C1NCc2ccc(OCCCN3CCN(c4cccc5cccc(F)c45)CC3)c(F)c21,8.46,3,8.493838292568539,133
Cc1cc(CC(=O)N[C@H]2CC[C@H](CCN3CCC(c4cccc5c4OCO5)CC3)CC2)on1,7.7,3,7.5991582142857155,1940
O=S(=O)(NCCCCN1CCN(c2nsc3ccccc23)CC1)c1cccs1,8.26,10,8.436398558201045,1941
FC(F)(F)CCc1c(Cl)cnc2c1CC[C@@H]1CNCCN21,7.47,7,6.614704354497354,450
c1ccc2c(N3CCNCC3)cccc2c1,7.209,8,7.388605293290037,1942
CCCc1c(C(=O)NCCCCN2CCN(c3ccccc3OC)CC2)nnn1Cc1ccc(OC)cc1,7.539,10,7.122670019841265,7
COc1cccc(CCc2ccccc2OC[C@H](O)CN(C)C)c1,9.122,4,8.176511527777778,501
COc1cccc(CCc2ccccc2OC[C@@H](O)CN(C)C)c1,9.01,2,8.28202314153439,501
O=c1[nH]c2ccccc2n1C1CCN(CCCOc2ccc(F)cc2)CC1,8.5,9,8.12187112962963,1943
O=C(N[C@H]1CCN(Cc2ccc(F)c(F)c2)C1)c1ccc(-c2cccs2)cc1,7.8,6,7.548283370370374,392
COc1cc(SC(F)(F)F)c(OC)cc1CCN,9.46,8,7.5908482777777815,188
O=C(c1ccc(-n2ccnc2)cc1)C1CC1,7.3,1,6.852600146825401,1528
Cc1ncnc(C)c1-c1cc(NC(=O)Cc2nccs2)ccc1OCCN1CCC1,7.939,7,7.886728361111113,1944
COc1ccc(-c2ccc(CNCCc3c[nH]c4ccc(OC)cc34)o2)cc1,7.46,9,7.189160146825396,481
Nc1ccc2c(c1)C(O)C(CCN1CCC(C(=O)c3ccc(F)cc3O)CC1)CC2,8.35,3,7.6785352764550225,1945
CCOCc1ccc(CN(Cc2coc(C)n2)C2=NOC3(CCN(C)CC3)N2)cc1,7.26,5,7.972136595238095,657
CNCc1cc(OCc2cc(Cl)ccc2F)n(CC(C)C)n1,8.35,8,8.554554887445883,364
Cc1cc2c(cc1OCCCCN1CCN(c3cccc4ccccc34)CC1)C(=O)NC2,7.432,9,7.573528925925928,190
Cc1c(Cl)cccc1N1CCN(CC(O)CNC(=O)c2nc(C)n(-c3ccc(F)cc3)c2C)CC1,6.59,10,7.074315074074075,101
CC(C)c1ccc(C(=O)N[C@H]2CC[C@H](CCN3CCC(c4coc5ccccc45)CC3)CC2)cc1,8.59,3,8.256149567460316,55
COc1cc(CCNCc2cccc3ccoc23)c(OC)cc1Br,9.22,6,8.213952258297256,1946
CC(=O)N[C@H]1CC[C@H](CCN2CCC(c3noc4ccc(F)cc34)CC2)CC1,7.33,8,7.854866908008661,109
CCCCOc1ccc(CN(Cc2coc(C(F)F)n2)C(=O)NC2CCN(C)CC2)cc1,9.367,6,7.947837521164024,552
CCN(CCF)C(=O)[C@@H]1C=C2c3cccc4[nH]cc(c34)C[C@H]2N(C)C1,9.444,1,8.722121134920632,53
COc1cc2c(cc1OCc1ccccc1)C[C@H]1c3c(cc(OC)c(OC)c3-2)CCN1C,6.668,1,6.679001626984129,1894
O=Cc1cnn2ccc(OCCCCN3CCN(c4cccc(Cl)c4Cl)CC3)cc12,6.62,8,7.18662014033189,248
COc1ccc(C2=CC(NC(C)(C)C)=NCCN2)cc1,6.27,1,7.462926999999997,285
CC(=O)c1ccc(C(=O)N[C@H]2CC[C@H](CCN3CCN(c4nsc5ccccc45)CC3)CC2)o1,8.42,5,8.848931208994708,1
Clc1cccc(N2CCN(CC3C[C@@H]4c5ccccc5Cc5ccccc5[C@H]4O3)CC2)c1,7.25,10,6.9496167010582015,1947
Cc1cc(C(=O)Nc2ccc(OCCN3CCCC3)c(-c3c(C)ncnc3C)c2)co1,7.879,4,8.002029145502643,1948
CN1CCC(NC(=O)N(Cc2ccc(OC(F)(F)F)cc2)Cc2ccn(C)n2)CC1,8.51,2,7.998844432539688,193
O=C1COc2ccccc2N1CCCN1CCN(c2cccc3[nH]c(=O)oc23)CC1,6.25,5,7.207395421957669,1949
CCCn1c(-c2ccccn2)cc(C(=O)NCCCN2CCN(c3cccc(Cl)c3Cl)CC2)c1C,7.238,4,7.380736798340544,1550
CC(=O)Nc1nc2cc(CCN3CCN(c4cccc5sccc45)CC3)ccc2s1,7.12,5,7.516833013107265,88
CC(=O)c1c(C)cc2oc(=O)cc(C)c2c1OCCCCN1CCN(c2ccccc2F)CC1,8.05,10,7.195046626984125,1116
O=C(NCC1CC1)c1ccc2c3c1CCN3CCNC2,4.75,3,6.415481378306881,1950
CCc1nn(CCCN2CCN(c3cccc(Cl)c3)CC2)c(=O)n1CCOc1ccccc1,8.131,8,6.7531358174603175,1951
OCCN1CCN(c2nc(Nc3cccc(O)c3)c3ccccc3n2)CC1,6.57,3,6.537071887566137,214
CCOC1CC1C(=O)Nc1ccc(OCCN2CCCC2)c(-c2c(C)noc2C)c1,8.07,6,7.474055282106781,1287
COc1ccc(-n2c(-c3ccccc3)nc(C(=O)NCCCN3CCN(c4cccc(Cl)c4Cl)CC3)c2C)cc1,7.89,6,7.715692380952384,449
CC(C)COc1ccc(CN(Cc2ccc(F)cn2)C(=O)NC2CCNCC2)cc1,8.0,8,7.99851259126984,43
CC(C)COc1ccc(CNC(=O)N(Cc2cccnc2)C2CCN(C)CC2)cc1,7.0,2,7.538327000000004,1952
Cc1cccc(N2CCN(CC(O)CNC(=O)c3nc(C)n(CC(C)C)c3C)CC2)c1C,6.0,1,6.389625984126986,1854
O=C(c1ccc(F)cc1)C1CCN(Cc2ccc(I)cc2)CC1,6.64,4,7.390586153439158,200
O=C1c2cccc3cccc(c23)N1CCCCCCN1CCN(c2cccc(Cl)c2)CC1,6.37,1,6.3415163994709,357
COc1cc2c(cc1C(F)(F)F)N(C(=O)Nc1cccc(-c3cnccc3C)c1)CC2,6.6,7,6.648790132275132,324
CC(C)COc1ccc(CNC(=O)N(Cc2nccs2)C2CCN(C)CC2)cc1,7.26,10,7.555724903439157,1953
Cc1nc2c(OCc3ccccc3)cccn2c(=O)c1CCN1CCN(c2cccc3sccc23)CC1,6.458,6,7.446762400793651,1954
CCCc1nc(C(=O)NCCCN2CCN(c3cccc(C)c3C)CC2)c(C)n1-c1ccc2c(c1)OCCO2,6.619,7,7.2704970423280395,333
CCc1ccc2c(c1)C(C1=C[C@H](C)N(C)CC1)=Nc1cc(Cl)ccc1N2,9.85,7,9.600301735449731,434
Cc1ccc(Nc2nc(N3CCN(CCO)CC3)nc3ccccc23)c(C)c1,6.57,10,6.761865161375662,214
CN1CC2c3ccccc3Oc3ccc(Cl)cc3C2C1,9.313,9,7.2649240145502665,1955
CS(=O)(=O)N[C@H]1CC[C@H](CCN2CCN(c3cccc4c3OCO4)CC2)CC1,7.48,10,7.659198288359792,4
O=C(NC1CC(CCN2CCN(c3cccc(Cl)c3Cl)CC2)C1)c1ncco1,8.378,4,8.2546443994709,1956
O=C(C[C@@H]1CCCCO1)N[C@H]1CC[C@H](CCN2CCC(c3cccc4c3OCO4)CC2)CC1,7.552,4,7.819131867724862,1957
O=C(CC1CCCCO1)N[C@H]1CC[C@H](CCN2CCC(c3cccc4c3OCO4)CC2)CC1,7.809,8,7.700561732804234,1957
O=C(C[C@H]1CCCCO1)N[C@H]1CC[C@H](CCN2CCC(c3cccc4c3OCO4)CC2)CC1,7.899,7,7.663993784391529,1957
CCc1ccc(OCc2ccccc2C(=O)Nc2ccc3nc(C)cc(N)c3c2)cc1,6.26,4,7.000456932539685,1958
CCc1cc(OC)c(C2CCCNC2)cc1OC,7.175,6,7.137732615079364,111
O=S(=O)(c1ccc(C(F)(F)F)cc1)N(CCCN1CCN(c2ccccc2)CC1)CC1CCCCC1,8.15,7,7.618115448412697,1070
CN(C)[C@@H]1Cc2ccccc2[C@H](c2cccc(Cl)c2)C1,6.03,1,7.118455508898519,217
CN(C)[C@@H]1Cc2ccccc2[C@@H](c2cccc(Cl)c2)C1,7.399,5,6.609905999999998,217
CN(C)[C@H]1Cc2ccccc2[C@H](c2cccc(Cl)c2)C1,6.89,9,6.763967809523812,217
CC(=O)Nc1nc2ccc(CCN3CCN(c4cccc5sccc45)CC3)cc2s1,7.722,3,7.264433039682543,1068
Oc1ccc(-c2ccc(CNCCc3c[nH]c4ncc(F)cc34)o2)cc1,7.5,2,7.490906755291012,1959
CN1CCN(C2=Nc3cc(Cl)ccc3N(NC(=O)c3cccc4ccccc34)c3ccccc32)CC1,9.0,3,8.077866232804235,1960
CN(C)CCc1c[nH]c2ccc(O)cc12,6.792,6,7.1611918544973525,86
CNC(=O)c1cccc(OCCCCN2CCN(c3cccc(Cl)c3Cl)CC2)c1OC,6.141,9,6.543568784632038,479
CCSc1cc(OC)c(CCN)nc1OC,8.39,1,7.049808055435304,353
O=C1c2cnccc2C2(CC2)CN1CCN1CCN(c2noc3ccccc23)CC1,8.492,9,8.237800892857145,1961
CCC(C)(CC)NC1=NCCN=C(c2ccc(F)cc2)C1,8.824,10,7.844551416666669,395
O=c1n(CCCCCCN2CCN(c3cccc(Cl)c3)CC2)nc2ccccn12,6.468,7,6.872147567460318,883
CCN(CCN1CCC(c2noc3cc(F)ccc23)CC1)C(=O)C(C)(C)CO,9.699,3,8.998671684704185,31
CNCc1cc(Cl)ccc1Oc1ccc(Cl)cc1,7.042,5,6.841583027056274,6
O=C1CCc2ccc(OCCCCN3CCN(c4cccc(Cl)c4Cl)CC3)nc2N1,9.89,5,8.311381490740747,436
C[C@@H]1CNCCc2ccc(Cl)c(Cl)c21,6.892,9,6.72953206746032,39
CC1CNCCc2ccc(Cl)c(Cl)c21,6.68,2,6.859614921957668,39
CCC(C)(CC)NC1=NCCNC(c2ccccc2F)=C1,7.84,1,7.99976772089947,285
CCOc1cc(C2CCCNC2)c(OC)cc1C(F)(F)F,7.25,3,7.080153362794616,111
CCc1nc2c(N3CCNCC3)ccnc2n1Cc1cccc(F)c1,6.358,6,6.84277589454065,1468
C#CCN(CC)C(=O)[C@@H]1C=C2c3cccc4[nH]cc(c34)C[C@H]2N(C)C1,9.17,8,8.474961219215976,53
CC(C)(CN1CCN(C2=Cc3ccccc3Cn3ccnc32)CC1)C(=O)O,7.1,4,6.900259119047626,202
C[C@@H](N)Cc1c[nH]c2ccc3c(c12)CCCO3,8.44,1,8.360541029100531,348
CC(N)Cc1c[nH]c2ccc3c(c12)CCCO3,8.44,9,8.411236523809528,348
C[C@H](N)Cc1c[nH]c2ccc3c(c12)CCCO3,8.699,8,8.277239251322758,348
CC(C)COc1ccc(OC(=O)N(Cc2ccc(F)cc2)[C@H]2CCN(C)C[C@H]2F)cc1,7.0,8,7.349348710317458,1962
CC(C)COc1ccc(OC(=O)N(Cc2ccc(F)cc2)[C@@H]2CCN(C)C[C@@H]2F)cc1,7.0,9,7.372410376984135,1962
COc1ccc(Nc2nc(Cc3ccccc3)nc3c2CCNCC3)cc1,7.24,2,7.806591896825404,332
COC1(CC(=O)Nc2ccc(OC[C@H]3CCCCN3)c(-c3c(C)noc3C)c2)CC1,7.178,10,7.870507384920634,1963
Cn1ncc(Cl)c1-c1cc(NC(=O)Nc2ccc(Cl)cc2)ccc1OCCN1CCCC1,9.588,8,9.279929749999999,301
O=S(=O)(c1ccc2ccccc2c1)N(CCCN1CCN(c2ccc(F)cc2)CC1)CC1CC1,7.29,10,7.793981666666673,1183
Cc1nc(CN(Cc2ccc(OCC(C)C)cc2)C(=O)OC2CCN(C)CC2)co1,8.0,8,7.576054376984125,1964
Cc1cncc2c1CCN(CCN1CCC(c3noc4ccccc34)CC1)C2=O,8.79,10,8.566548017676764,618
COc1cc(CCNCc2ccccc2O)c(OC)cc1C#N,8.518,1,7.264115671957668,115
O=C(N[C@H]1CC[C@H](CCN2CCC(c3noc4cc(F)ccc34)CC2)CC1)c1ccnc(N2CCOCC2)c1,8.61,1,8.419498752645508,1965
Fc1ccc2c(C3CCN(CCCOc4ccc(CN5CCOCC5)cc4F)CC3)noc2c1,8.251,7,8.24626803174603,226
CC(C)COC(=O)N[C@H]1CC[C@H](CCN2CCN(c3nsc4ccccc34)CC2)CC1,8.51,5,9.18748112169312,328
COCCNCCOc1ccc(NC(=O)c2cccc(C(F)(F)F)c2)cc1-c1c(Cl)cnn1C,10.09,5,8.474215675925928,230
Cn1cc2c(n1)C(=O)N(CCN1CCN(c3nsc4ccccc34)CC1)CC2,8.41,1,8.902982701539212,1966
Cc1cccc(N2CCN(CCCCNC(=O)c3cc4ccccc4cn3)CC2)n1,7.551,7,6.924593739417984,261
CNC(=O)c1cc(OCCCCN2CCN(c3cccc4sc(F)cc34)CC2)ccn1,7.19,2,6.982527863756608,106
CC(=N)NCCOc1ccc(NC(=O)C2CC2)cc1-c1c(C)ncnc1C,7.279,1,7.732459087301589,96
CCc1cccc(N2CCN(CC[C@H]3CC[C@H](NC(=O)c4ccnc5ccccc45)CC3)CC2)c1Cl,7.822,4,7.665496943121696,1967
CCCCC(C)Oc1cc2c3c(c1OC)-c1cc(OC)c(OC)cc1C[C@@H]3N(C)CC2,6.81,3,6.436233351851847,78
O=S1(=O)c2cccc3cccc(c23)N1CCCCCCN1CCN(c2ccc(Cl)c(Cl)c2)CC1,6.6,1,6.553141067460311,45
CCN(CC#N)C(=O)[C@@H]1C=C2c3cccc4[nH]cc(c34)C[C@H]2N(C)C1,9.556,10,8.513989428571424,53
O=C(O)CCN1CCN(C2=Cc3ccccc3Cn3ccnc32)CC1,6.5,7,7.137931220899474,202
Cc1ccc(-c2ccc(S(=O)(=O)Nc3ccc4c(c3)CCN(C)CC4)cc2)s1,7.3,9,7.055351801587312,1968
O=S(=O)(N[C@H]1CC[C@H](CCN2CCC(c3cccc4c3OCO4)CC2)CC1)N1CCOCC1,7.25,6,7.47294391534391,1969
Cc1cc(C)c2c(c1)C[C@@H]1CNCCN1C2=O,6.361,8,6.586679432539684,147
CCN(CCN1CCC(c2noc3cc(F)ccc23)CC1)C(=O)[C@H]1CC[C@@H](O)CC1,9.3,1,9.227059944444441,394
CCN(CCN1CCC(c2noc3cc(F)ccc23)CC1)C(=O)[C@H]1CC[C@H](O)CC1,8.96,5,9.347412736772473,394
CCN(CCN1CCC(c2noc3cc(F)ccc23)CC1)C(=O)C1CCC(O)CC1,9.4,7,9.207139171957678,394
C[C@@H](O)C(=O)N[C@H]1CC[C@H](CCN2CCC(c3cccc4c3OCO4)CC2)CC1,7.97,9,7.824108892857142,62
COc1ccc2c(c1)c(-c1[nH]c(N)nc1C)cn2S(=O)(=O)c1ccccc1,6.17,6,6.458757134920636,48
O=C(NCCCl)c1ccc2c3c1CCN3CCNC2,4.72,4,5.7586042579365095,281
Cc1cc(C(=O)N2CCN(CC(=O)c3ccc(F)cc3)CC2)nn1C,8.07,4,7.889876563492065,162
CCOc1ccccc1N1CCN(CCCCCCN2C(=O)c3cccc4cccc(c34)C2=O)CC1,6.338,3,6.194118726190476,1176
CCCc1cncc2c1CC[C@@H]1CNCCN21,7.389,2,7.6081863293650835,1400
COc1ccc2[nH]cc(CCNCc3ccc(I)cc3)c2c1,6.79,3,7.640601969576719,672
Cc1noc(C)c1-c1cc(NC(=O)C2CC2)ccc1OCCN1C[C@@H]2C[C@H]1CO2,8.39,7,7.7761065568783,1970
O=C(N[C@H]1CC[C@H](CCN2CCN(c3nsc4ccccc34)CC2)CC1)OC1CCCCC1,8.789,6,8.689291723544972,1971
O=C(N[C@H]1CC[C@H](CCN2CCC(c3cccc4c3CCO4)CC2)CC1)c1ccc(Cl)cc1Cl,7.501,6,7.3649714153439145,407
O=C(N[C@H]1CC[C@H](CCN2CCN(c3nsc4ccccc34)CC2)CC1)c1ccccc1,9.62,9,9.270609378306876,1972
CC(C)COc1ccc(CC(=O)N(Cc2ccc(F)cc2Cl)C2CCN(C)CC2)cc1,6.699,6,6.993938291005295,126
COc1cc2c(cc1C(F)(F)F)C(C)CNCC2,7.38,7,7.003118223544973,39
CC(C)Oc1ccc(COC(=O)N(Cc2ccc(F)cc2F)C2CCN(C)CC2)cc1,9.9,9,9.380428908730153,74
CCCCn1c(NCCCN2CCN(c3ccccc3)CC2)nc2c1c(=O)n(C)c(=O)n2C,6.211,10,6.696856353174607,1281
Nc1nc(NCCNc2cccc(Cl)c2Cl)nc(NCCc2c[nH]c3ccccc23)n1,4.74,7,6.155040124338625,438
Cc1c(Cl)cccc1N1CCN(CCCNC(=O)c2nc(C)n(-c3ccccc3Cl)c2C)CC1,7.54,6,7.504270650793651,101
O=c1[nH]c2ccccc2n1CCCCCCN1CCN(c2nsc3ccccc23)CC1,8.221,1,8.155851539682542,1973
CN1CCC(N(Cc2ccc(F)cc2)C(=O)NCc2ccc(OCC(O)CN3CCN(C(=O)OC(C)(C)C)CC3)cc2)CC1,8.716,9,7.568625944444442,1974
CC(C)COc1ccc(CNC(=O)N(Cc2ccc(F)cn2)[C@H]2CCNC[C@H]2F)cc1,8.0,10,7.920135801587302,225
Fc1ccc2c(C3CCN(CCCOc4ccc(CCN5CCCCC5)cc4)CC3)noc2c1,8.028,4,7.69915467724868,598
CC1(C)C(=O)Nc2cccc3c2N1[C@H]1CCN(CCCOc2ccc(F)cc2)C[C@@H]31,8.07,2,7.879941678571421,210
CC(=O)c1c(C)cc2oc(=O)cc(C)c2c1OCCCN1CCN(c2ccc(Cl)cc2)CC1,8.4,10,7.50136670238095,427
O=S(=O)(NCCCN1CCC(c2noc3cc(F)ccc23)CC1)c1ccc(Cl)c(Cl)c1,8.66,5,8.500758517195766,673
Cc1ncnc(C)c1-c1cc(NC(=O)C2CC2)ccc1OCCN1CC(O)C1,7.863,9,7.684423095238091,440
COc1ccc(CC(=O)Nc2ccc(OCCN3CCC3)c(-c3c(C)noc3C)c2)cc1,8.277,6,8.187349168229922,476
Cc1ccccc1OCc1nc(N)nc(N2CCN(C)CC2)n1,4.76,10,6.37674091269841,349
O=C1c2oc(C3CC3)nc2CCN1CCN1CCN(c2nsc3ccccc23)CC1,8.82,7,8.643938694444445,1975
O=C1COc2ccccc2N1CCCN1CCN(c2cccc(Cl)c2Cl)CC1,7.12,8,7.374032970899469,1418
O=C(Nc1cccnn1)N1CC(C/C=C/c2cncc(Oc3ccc(C(F)(F)F)cn3)n2)C1,6.6,6,7.3926887936508,1976
CCC(Oc1cccc(Cl)c1Cl)c1nc(N)nc(N2CCN(C)CC2)n1,6.68,8,6.471490000000002,349
COc1ccc2[nH]c(C(=O)NCCC(F)CN3CCN(c4cccc(Cl)c4Cl)CC3)cc2c1,6.57,6,6.80224537169312,549
COc1cc2c(cc1C(F)(F)F)N(C(=O)Nc1ccc(Oc3cccnc3C)nc1)CC2,6.1,9,6.601251642857141,52
O=C(c1cnn2cc(Cl)ccc12)N1CCN(CCc2ccc(F)cc2F)CC1,8.23,2,8.791362126984124,1166
Cc1noc(C)c1-c1cc(NC(=O)C2CC2)ccc1OCCN1CCC1,8.09,3,7.716437112433866,37
NC[C@@H]1C[C@@H]1c1cc(O)ccc1OCC1CC1,6.43,4,6.460089595238098,1506
CN1CCC(N(Cc2ccc(F)cn2)C(=O)NCc2cccc(O)c2)CC1,6.886,4,7.7519112830687815,225
Cn1c(F)cc2c1CCN(CCN1CCN(c3nsc4ccccc34)CC1)C2=O,8.89,7,9.29124061507936,1455
O=S(=O)(c1ccccc1)C1(CCCN2CCC3CCCCC3C2)CCC1,6.24,10,7.276240888888885,1977
COC(=O)Nc1cccc(CCN2CCN(c3cccc4nc(C)ccc34)CC2)c1,6.7,8,6.659102753968252,1927
O=C(CC1CCOCC1)N[C@H]1CC[C@H](CCN2CCN(c3nccc4c3CCO4)CC2)CC1,7.7,7,7.754846756613753,27
C[C@@H](N)Cn1ncc2ccc(O)cc21,6.979,5,7.6372602142857176,134
C[C@H](N)Cn1ncc2ccc(O)cc21,7.92,4,7.292812531746035,134
COc1cccc(N2CCN(CCCOc3c(C(C)=O)c(C)cc4oc(=O)cc(C)c34)CC2)c1,7.32,7,7.00453743386243,427
Fc1ccc(CCCCN2CCN(c3cccc(-c4ccccc4)n3)CC2)cc1,6.582,8,7.073202025132274,1978
O=S(=O)(c1ccc(N2CCC2)cc1)C1(F)CCN(CCc2ccc(F)cc2F)CC1,9.0,5,8.714772363756614,1979
CCCc1nc(C(=O)NCCCN2CCN(c3cccc(C)c3C)CC2)c(C)n1-c1ccc(F)cc1,7.509,5,7.152361501322756,101
Cc1ccnc2c1CC[C@@H]1CNCCN21,7.349,1,5.9839318452380965,450
Cc1ccc(S(=O)(=O)n2cc(/C=N/N=C/N(C)C)c3c([N+](=O)[O-])cccc32)cc1,6.598,4,6.534659035714287,425
COc1ccc(N2Cc3c(c4ccc(Cl)cc4n3C)C2=O)cc1OCCN1CCC(C)CC1,6.6,5,6.549214484126989,696
Cc1cc2c(cc1Cl)N(C(=O)Nc1ccc(OCc3nccs3)nc1)CC2,6.1,4,6.7536614761904765,1980
O=c1[nH]c(=O)n(CCCCN2CCN(c3cccc4sccc34)CC2)c2ccccc12,6.89,4,7.336471150793652,1981
COc1ccccc1CNCCc1c[nH]c2ncc(F)cc12,8.48,4,7.6137549758297265,358
COc1cc(CCNCc2cccnc2)c(OC)cc1Br,7.08,7,7.338435839947096,1982
CC(C)(C)NC1=NCCN=C(c2ccccc2Cl)C1,7.119,5,7.597367809523815,395
C[C@@H]1CNC[C@H]2Cc3ccccc3C(=O)N21,6.955,8,6.781796055555556,147
c1cc(CC2CCC2)c2c(n1)N1CCNC[C@H]1CC2,7.875,4,6.83759546296297,1648
c1cc(CC2CCC2)c2c(n1)N1CCNCC1CC2,6.235,8,7.649161341269849,1648
COc1ccc(F)cc1C1CC1CNCc1ccccc1O,7.11,3,6.605412646825398,276
Cc1c2c(nn1C)CCN(CCN1CCN(c3noc4ccccc34)CC1)C2=O,8.588,4,8.25137373809524,651
CC1CC2(C)CC(=O)C1C1C(=O)N(OCCCN3CCN(c4cccc(Cl)c4)CC3)C(=O)C12,6.96,3,6.546735079365085,299
CCc1cccc(N2CCN(C)CC2)c1Cl,8.492,1,7.231966592592597,404
N=C(N)N/N=C/c1c(Cl)cccc1Cl,6.68,10,6.418353458994708,188
Nc1nc(SCCN2CCN(Cc3ccccc3C(F)(F)F)CC2)nc(N)c1Cc1ccccc1,7.212,3,7.505199735449737,475
CCCn1c(-c2ccccc2)cc(C(=O)NCCCN2CCN(c3cccc(Br)c3)CC2)c1C,6.66,8,6.7970764298941795,13
CNCc1ccccc1-c1csc([C@H](C)Nc2nc(C)nc3cc(OC)c(OC)cc23)c1,7.16,8,6.938290091269844,1983
CNCc1ccccc1-c1csc([C@@H](C)Nc2nc(C)nc3cc(OC)c(OC)cc23)c1,6.88,3,7.166320816137568,1983
Cc1ncnc(C)c1-c1cc(NC(=O)c2ccccc2F)ccc1OCCN1CCCC1,7.772,6,8.273224608465606,499
CCc1cccc(N2CCN(CCCCNC(=O)c3cc4ccccc4[nH]3)CC2)c1Cl,8.282,7,7.344563646825395,549
COc1cc2c(cc1OC)C1CC(O)C(CC(C)C)CN1CC2,8.17,2,7.177784555555554,1984
Cc1ccc2c(ccn2CC(C)N)c1,6.1,9,6.624022558201057,86
O=C(CCCN1CCN(c2ncccn2)CC1)c1ccc(F)cc1,7.659,1,7.4474381613756595,1985
Cn1cc(Br)c(C(=O)N2CCN(CCc3ccc(F)cc3)CC2)n1,8.44,4,7.311294675204428,63
Cc1ccc2c(c1)Oc1cc(F)ccc1C(N1CCN(CC3(C(=O)O)CC3)CC1)=N2,7.89,6,7.714205242063484,59
CCCc1nc(C(=O)NCC(O)CN2CCN(c3cccc(C)c3C)CC2)c(C)n1-c1ccc(Cl)cc1,6.831,5,6.743511161375665,101
Cc1c(S(=O)(=O)Nc2ccc3nccc(N4CCN(C)CC4)c3c2)sc2ccc(Cl)cc12,6.0,9,6.860931994708999,1986
COc1cc2c(CCN3CCC4CC43)n[nH]c2cc1F,8.09,8,7.2423653783068795,561
Cc1ccccc1C1=CC(NC(C)(C)C)=NCCN1,6.95,4,7.434492187830694,285
O=S(=O)(c1cncc2ccccc12)N1CCC[C@@H]1CCN1CCN(c2cccc3sccc23)CC1,7.583,1,7.777537309523806,1987
O=S(=O)(c1cncc2ccccc12)N1CCC[C@H]1CCN1CCN(c2cccc3sccc23)CC1,8.048,7,7.527515182539684,1987
CCCn1oc2c(c1=O)CCNCC2,4.0,8,6.235053441798942,1988
O=S(=O)(c1ccc(Cl)cc1)C1(F)CCN(CCc2ccc(F)cc2F)CC1,9.19,3,8.980717052910059,35
Cc1ncnc(C)c1-c1cc(NC(=O)c2ccc(F)cn2)ccc1OCCN1CCCC1,6.873,2,7.887506697089956,1088
COc1ccc(N2Cc3cc(F)cc(C(F)(F)F)c3C2=O)cc1OCCN1CCC(C)CC1,6.6,6,6.831310436507939,71
Fc1ccc2[nH]nc(C3=CCCNC3)c2c1,7.48,7,7.142777980158732,658
NC[C@@H]1C[C@H]1c1c(OCCF)ccc2occc12,6.41,3,6.505858107142861,1134
NC[C@H]1C[C@@H]1c1c(OCCF)ccc2occc12,7.656,3,6.505858107142861,1134
CC(=O)N1CCC(C)c2c(C)ccc(CCN3CCN(c4nsc5ccccc45)CC3)c21,9.122,4,9.29298079497355,219
O=C(O)C1CN(C2CC[C@]3(Cc4ccccc4Cc4ccccc43)C2)CCO1,7.0,9,6.872306384920638,1989
COc1cc(CC(C)N)cc(OC)c1OC,7.311,7,6.8035241388888865,188
Cc1cc2c(cc1Cl)N(C(=O)Nc1ccc(Oc3cccnc3C(C)C)nc1)CC2,6.1,3,6.8006457352092315,52
CN1CCC(N(C)S(=O)(=O)c2ccc(Cl)cc2)CC1,6.27,2,6.410075105820105,122
Fc1ccc(-c2cc(Cl)cc3c2N2CCNCCC2C3)cc1,6.84,4,7.318008888888888,473
CCc1cc(NC(=O)N2CCc3cc(OC)c(C(F)(F)F)cc32)cc(-c2cccnc2)c1,6.699,4,6.684488944444443,324
Cn1cc(Br)c(C(=O)N2CCN(CC(=O)c3ccc(F)cc3)CC2)n1,8.409,3,7.974745444444442,162
Cc1c(Cl)cccc1N1CCN(CCCNC(=O)c2nc(C)n(CC(C)C)c2C)CC1,7.34,4,6.898408044973544,1854
O=S(=O)(CC1CCN(CCCc2noc3cc(F)ccc23)C1)c1ccc2ccccc2c1,9.61,2,8.538377522486767,1990
CN1CCN(CCCN2c3ccccc3Sc3ccc(Cl)cc32)CC1,8.425,10,7.835077433862434,1526
O=C(NCc1ccc(OCC(O)CN2CCN(c3noc4cc(F)ccc34)CC2)cc1)N(Cc1c(F)cc(F)cc1F)C1CCNCC1,7.44,10,7.579766698172202,693
Cc1cccc(N2CCN(CCCNC(=O)c3nc(C)n(-c4ccccc4)c3C)CC2)c1C,7.04,10,7.244183646825398,101
CCCc1nc(C(=O)NCCCN2CCN(c3cccc(Cl)c3C)CC2)c(C)n1-c1ccc2c(c1)OCCO2,7.33,5,7.141061330808084,333
O=C1NCc2ccc(OCCCN3CCN(c4cccc5c4CCCC5)CC3)cc21,8.31,5,8.13620434583934,1991
CCCCCc1cc(OC)c(CC(C)NCc2ccccc2O)cc1OC,8.567,10,8.237013281746027,115
O=C(CCCN1CCN(CC2CC(=O)c3ccccc3C2)CC1)c1ccc(F)cc1,6.94,7,7.524030156084654,1992
O=C(NCCCCN1CCN(c2cccc(Cl)c2Cl)CC1)c1cc2ccccc2[nH]1,7.51,3,7.699780634920632,549
O=C1CCc2cc(CCCCN3CCC(c4cccc5sccc45)CC3)ccc2N1,6.97,4,7.26320081746031,1993
CCN(CCN1CCC(c2c[nH]c3ccccc23)CC1)C(=O)CCO,8.55,5,8.17544554437229,391
O=S(=O)(c1ccccc1Cl)n1cc(C2=CCNCC2)c2ccccc21,6.22,6,6.690485313492061,1994
CNC(C)c1cc(F)ccc1Oc1ccc(Cl)cc1,6.688,6,6.606427529100526,6
Cn1nccc1-c1cc(NC(=O)Nc2ccc(Cl)cc2)ccc1OCCCN1CCOCC1,8.4,9,9.280275202380945,1995
CCCCCCc1ccc2c(c1)Cc1ccccc1C2CN,8.15,1,7.549060059523807,151
CNCc1ccc(Br)cc1Oc1ccc(Cl)c(Cl)c1,7.17,9,6.665975326719577,6
Cc1ccc2c(c1)Oc1cc(F)ccc1C(N1CCN(CC(C)(C)C(=O)O)CC1)=N2,7.888,3,7.806199465608469,605
COc1ccc(NC(=O)N2CCN(c3ccc(-c4ccccc4)cc3)CC2)cc1N1CCN(C)CC1,6.769,6,6.5173710211640214,1996
Cc1cnc(-c2ccnc(C(C)(C)O)n2)cc1-n1c(C)cc(OCc2ccc(F)cc2F)c(Cl)c1=O,8.194,10,7.782676554232801,1997
O=C(C[C@H]1CC[C@H](O)CC1)N[C@H]1CC[C@H](CCN2CCN(c3nccc4sccc34)CC2)CC1,8.4,4,8.606362994708993,791
Cc1nc(C(=O)NCCCN2CCN(c3cccc(Cl)c3Cl)CC2)c(C)n1-c1ccc2c(c1)OCCO2,8.062,8,7.626908825396825,333
N#Cc1cc(F)ccc1/C=C/c1ccc(S(=O)(=O)c2ccccc2F)cn1,8.002,2,8.474739722222218,51
Cc1noc(C)c1-c1cc(NC(=O)c2c(F)cnn2C)ccc1OC1CNC1,8.866,7,8.243611743386246,1998
C[C@@H](Cn1ccc2ccc3ncccc3c21)NCC1CCCCC1,6.03,10,7.226205554232805,1999
Cc1nc2n(c(=O)c1CCN1CCN(c3cc(F)cc4sccc34)CC1)CCCC2,7.87,2,7.515028637566129,368
CCN(CCN1CCC(c2noc3cc(Cl)ccc23)CC1)S(=O)(=O)CCO,7.7,3,7.995755758898513,31
Cc1cccc(N2CCN(CCCNC(=O)c3cc(-c4ccccc4)n(N4CCCCC4)c3C)CC2)c1C,6.878,3,6.791064388888886,758
CN1CCC(NC(=O)N(Cc2ccc(C3CC3)cc2)Cc2ccn(C)n2)CC1,8.364,5,7.978242503968257,2000
NCCc1c[nH]c2ccc(C(N)=O)cc12,6.26,3,6.905661007936504,86
O=C1c2[nH]ncc2CCN1CCN1CCC(c2noc3ccccc23)CC1,8.751,1,8.72593391005291,1590
COc1ccc(Cl)cc1C(=O)CCCCN1CCC2(CC1)NC(=O)NC2=O,7.9,1,7.255266928571429,644
Cc1cc(C(=O)NCCCN2CCN(c3cccc(C)c3C)CC2)nc(C2CC2)n1,6.59,5,7.157685824074074,2001
O=S(=O)(c1ccccc1)c1c[nH]c2cccc(CCN3CCCCC3)c12,7.11,4,7.043272150793652,278
CN1CCC(N(Cc2ccc(F)cc2)C(=O)NCc2ccc(OCC(O)CN3CCC(c4noc5cc(F)ccc45)CC3)cc2)CC1,9.41,1,7.948647321428572,2002
CC(C)CCC(=O)N[C@H]1CC[C@H](CCN2CCC(c3cccc4c3CCO4)CC2)CC1,7.139,5,7.127019804232806,224
C[C@H](N)Cn1ccc2ccc3ccncc3c21,6.562,6,7.14892371693122,2003
CN1C(=O)CCc2ccc(CCN3CCN(c4cccc5sccc45)CC3)cc21,7.27,4,7.092416599206344,752
Cc1nn(C)c2c1C(=O)N(CCN1CCN(c3nsc4ccccc34)CC1)CC2,8.96,5,9.25318986772487,820
O=C(CCc1ccccc1)NC1CCc2ccc(CCN3CCN(c4nsc5ccccc45)CC3)cc21,9.02,10,9.27058869047619,2004
COc1cccc2[nH]cc(CCN)c12,8.04,5,6.9349940608465594,86
C(#Cc1ccccc1)COCCC1CCN(CC2CC2)CC1,6.024,6,6.945950466931213,2005
Cc1[nH]c2cccc(NC(=O)c3ccc(F)cc3)c2c1CCN(C)C,6.0,6,8.271019265873022,2006
Clc1ccc2c(c1Cl)CCNCC2,7.03,10,7.175136436507938,39
CCCc1nc(C(=O)NCC(O)CN2CCN(c3cccc(C)c3C)CC2)c(C)n1-c1ccc(F)cc1,6.49,5,6.799836399470903,101
COc1ccc(-n2nc(C(C)(C)C)cc2NC(=O)Nc2ccc(Oc3ccnc(Nc4ccccc4)n3)c3ccccc23)cc1,6.77,8,6.958485669312167,64
CN(C)C(=O)N[C@H]1CC[C@H](CCN2CCC(c3cccc4c3OCO4)CC2)CC1,7.34,2,7.609108742063502,62
O=C1NCc2ccc(OCCCN3CCN(c4cccc5cc(F)ccc45)CC3)cc21,8.45,4,8.096371961640214,133
CSc1nc(C)cc(C(=O)NCCCN2CCN(c3cccc(C)c3C)CC2)n1,7.269,2,6.882319973544974,30
N[C@H]1C[C@@H]1c1c[nH]c2ccccc12,6.88,1,6.961417853174597,369
NC1CC1c1c[nH]c2ccccc12,6.788,2,6.990250772486773,369
N[C@@H]1C[C@H]1c1c[nH]c2ccccc12,7.01,3,6.912817177248678,369
CCCC(=O)Nc1ccc2c(c1)-c1c(OC)c(OC)cc3c1C(C2)N(C)CC3,6.38,2,6.259494894179894,78
O=C(N[C@H]1CC[C@H](CCN2CCN(c3nsc4ccccc34)CC2)CC1)c1sc2ccccc2c1Cl,8.452,2,8.57780140873016,1503
O=S(=O)(NCCCCN1CCN(c2cccc(Cl)c2Cl)CC1)c1cnc2ccc(Cl)cc2c1,7.378,2,7.307908015873013,1900
COc1cc(C(=O)N[C@H]2CC[C@H](CCN3CCC(c4noc5cc(F)ccc45)CC3)CC2)ccn1,8.79,10,8.119193797619047,2007
COCCC(=O)N[C@H]1CC[C@H](CCN2CCN(c3cccc4c3OCO4)CC2)CC1,7.67,4,7.6183232460317445,4
Cc1cc(Cl)ccc1OC(C)C(=O)O,6.822,7,6.862117560846557,188
Cn1nccc1-c1cc(NC(=O)c2ccc(F)cc2)ccc1OCCN1CCOCC1,7.75,3,8.254364161375664,262
CC(C)COc1ccc(CN(Cc2cnn(C)n2)C(=O)OC2CCN(C)CC2)cc1,8.583,8,7.508421846560847,2008
O=C(CC1CC1)N[C@H]1CC[C@H](CCN2CCC(c3coc4ccccc34)CC2)CC1,8.289,5,8.238743960317455,2009
COc1cc(Cl)ccc1C(=O)CCCCN1CCC2(CC1)NC(=O)NC2=O,6.9,6,7.582649082010585,644
O=S(=O)(NCCCN1CCN(c2noc3ccccc23)CC1)c1ccc(F)c(Cl)c1,7.009,5,7.32230663888889,1319
O=C(N[C@H]1CC[C@H](CCN2CCN(c3nccc4c3CCO4)CC2)CC1)C1(O)CCC1,8.01,4,8.18281072089947,1003
CC(C)COc1ccc(CN(Cc2cnn(C)n2)C2=NOC3(CCN(C)CC3)N2)cc1F,8.0,7,7.754497539682543,339
C[C@H]1C[C@H](NS(=O)(=O)c2ccc(F)c(Cl)c2)CN1CCCc1noc2cc(F)ccc12,8.453,7,8.356863636243379,158
O=C(CCCN1CC[C@H]2[C@@H](C1)c1cccc3c1N2CCN3)c1ccc(F)cc1,9.028,9,8.353501904761904,166
O=C(CCCN1CC[C@@H]2[C@H](C1)c1cccc3c1N2CCN3)c1ccc(F)cc1,8.26,10,8.717807044973553,166
Cn1nccc1-c1cc(NC(=O)Nc2ccccc2Cl)ccc1OCCN1CCCCC1,8.6,7,9.143632285714284,90
CN1CCC(N(Cc2ccc(F)cn2)C(=O)NCc2ccc(O)cc2)CC1,7.936,8,7.579190869047618,225
CCC1NCCc2c1[nH]c1ccc(Cl)cc21,6.4,4,6.654364121693121,649
Cc1ncnc(C)c1-c1cc(NC(=O)c2c(F)cnn2C)ccc1OCCN1CCCC1,8.273,2,8.126093928571432,336
O=C(NCCC1CCOCC1)c1ccc(C#Cc2ccc(F)cc2F)cc1,7.0,7,6.990336321428567,2010
COc1cc2c(cc1OC)-c1c(OC)c(OCc3ccccc3)cc3c1[C@H](C2)N(C)CC3,7.062,9,6.736179751322752,1715
CN1CCC(N(Cc2ccc(F)cn2)C(=O)NCc2ccc(OCC(F)(F)F)c(C(F)(F)F)c2)CC1,7.54,6,7.781671695767197,225
CCC(C)OC(=O)Nc1ccc(OCCN2CCCC2)c(-c2c(Br)cnn2C)c1,8.96,9,8.350951781746037,2011
Fc1ccc2c(C3CCN(CCCOc4ccc(CN5CCOCC5)cc4)CC3)noc2c1,8.36,4,8.212766567460323,226
O=S(=O)(c1ccc(F)cc1)N1CC=c2ccccc2=C1c1c[nH]c2ccccc12,4.58,9,7.121804578042326,2012
COc1ccccc1N1CCN(CCCNC(=O)c2cnccn2)CC1,4.45,9,6.470937156084659,2013
CCOCC(=O)N[C@H]1CC[C@H](CCN2CCN(c3nccc4occc34)CC2)CC1,8.13,5,8.25723870767196,80
COc1ccc(N2CC=C(c3ccc(Cl)c(Cl)c3)C2=O)cc1OCCN1CCCCC1,6.2,1,6.232068877946134,766
CCCCOc1ccc(CN(Cc2coc(C)n2)C(=O)CN2CCN(C)CC2)cc1,8.0,7,7.930677857744112,1665
COc1ccc(N2CCC(c3ccc(Cl)c(Cl)c3)C2=O)cc1OCCN1CCC(C)(C)CC1,6.4,9,6.395912244709,731
Cc1ccc(-n2nc([Si](C)(C)C)cc2NC(=O)Nc2ccc(Oc3ccnc(Nc4cccc(OCCN5CCOCC5)c4)n3)c3ccccc23)cc1,6.503,8,6.75696363095238,2014
CN(C)CCn1ccc2cc(F)c(F)cc21,6.527,1,6.749598793650796,86
Cc1c(C(=O)NCC(O)CN2CCN(c3cccc(Cl)c3Cl)CC2)nc(-c2ccccc2)n1-c1ccc(F)cc1,7.03,10,7.494090786556041,449
Cc1ncnc(C)c1-c1cc(NC(=O)C2CC2)ccc1OCCN1CCN(C=O)CC1,8.007,3,7.640880742063496,1534
Fc1ccc(SCCCN2CCN(c3ncccn3)CC2)cc1,7.57,5,7.382835679894178,2015
COc1cc(Cc2c(N)nc(SCCN3CCN(Cc4ccccc4Cl)CC3)nc2N)cc(OC)c1OC,8.368,7,7.369277855098609,475
CN(C)CC1C[C@@H]2c3ccccc3N(C)c3ccccc3[C@H]2O1,7.091,6,7.311681795935547,2016
COc1ccc2cnn(C[C@H](C)N)c2c1,7.705,6,7.667144276455027,134
COC(=O)[C@H](Cc1cnc[nH]1)NC(=O)[C@H]1N=C(c2ccccc2O)S[C@@H]1C,6.509,5,7.865493017556511,2017
O=S(=O)(c1ccccc1)c1ccc(/C=C/c2ccc(F)cc2F)nc1,9.07,8,8.374776239417988,51
COc1cc2c3c(c1OC)-c1cc4c(cc1C[C@@H]3N(C)CC2)OCO4,6.08,2,6.167665514550261,2018
COc1cc2c3c(c1OC)-c1cc4c(cc1CC3N(C)CC2)OCO4,6.08,3,6.1718712208994715,2018
O=C(Nc1ccccc1)c1[nH]c2cc(F)ccc2c1[C@@H]1CNCC[C@H]1F,10.05,3,8.63247588492063,2019
O=C1COc2ccc(CCCCN3CCN(c4cccc5sccc45)CC3)cc2N1,6.149,9,6.872715531746036,1095
O=C(CCCN1CCc2ccccc2C1)c1ccc(O)cc1,6.105,2,7.07872135978836,878
CCCCOc1ccc(CC(=O)N(Cc2ccc(F)cc2F)C2CCN(C)CC2)cc1,7.2,10,7.835494671957672,126
Cc1ncnc(C)c1-c1cc(NC(=O)C2CC2)ccc1OCCN1CCN(C(=O)CO)CC1,7.735,1,7.632694092592589,1534
COc1ccc2c(c1)[C@H]1O[C@@H](CN(C)C)C[C@H]1c1ccccc1O2,6.71,4,7.421753648027896,697
COc1ccc2c(c1)[C@H]1O[C@H](CN(C)C)C[C@H]1c1ccccc1O2,7.659,7,6.947158936507935,697
O=C(CC1CC1)N[C@H]1CC[C@H](CCN2CCC(c3cccc4c3OCO4)CC2)CC1,7.752,8,7.634100604497351,2020
Cc1nc2n(c(=O)c1CCN1CCN(c3cccc4sc(F)cc34)CC1)CCCC2O,7.29,2,7.463971083694079,368
C/C=C/CC(=O)N[C@H]1CC[C@H](CCN2CCC(c3cccc4c3CCO4)CC2)CC1,7.11,5,7.263848550264558,224
CC(=O)N[C@H]1CC[C@H](CCN2CCC(c3noc4cc(F)c(F)cc34)CC2)CC1,7.751,2,7.827412687830693,109
COc1cc(N2CC(=O)N(c3ccc(Oc4ccccc4)cc3)C2=O)ccc1OCCN1CCCC1,6.48,5,6.565325470899477,2021
N[C@@H](Cc1ccc(OCC(O)CN2CCC(c3noc4cc(F)ccc34)CC2)cc1)C(=O)O,8.67,1,7.8866618531746,347
CN1CCC(N(Cc2ccc(F)cn2)C(=O)NCc2ccc(OCC(F)(F)F)c(F)c2)CC1,8.085,6,8.204169582010584,225
CCN(CCN1CCC(c2c[nH]c3cc(F)ccc23)CC1)S(=O)(=O)CCO,9.3,3,8.78990860978836,391
COc1ccc(S(=O)(=O)N(CCCN2CCN(c3cccc(C(F)(F)F)c3)CC2)CC2CC2)cc1,6.14,6,7.231202743386243,969
COc1ccccc1N1CCN(CCCCOc2ccn3nc(/C=N/O)cc3c2)CC1,7.028,5,7.122280488095234,248
CNC(=O)c1ccc2c3c1CCN3CCNC2,4.73,10,5.626664648268398,281
COc1cc(/C=C/C(=O)NCCn2c(C(F)(F)F)cc3ccccc32)cc(OC)c1OC,4.12,8,6.760588082010583,2022
COCC(=O)N[C@H]1CC[C@H](CCN2CCN(c3nccc4occc34)CC2)CC1,8.358,4,8.209411403439159,80
CC1(C(=O)O)CCN(C2CC[C@]3(Cc4ccccc4Cc4ccccc43)C2)C1,7.9,1,7.331728808201057,215
Cc1nc(-c2ccc(C(=O)N[C@H]3CC[C@H](CCN4CCC(c5coc6ccccc56)CC4)CC3)cc2)no1,7.82,1,7.9723407579365055,2023
C=CCOc1c(OC)cc2c3c1-c1cc(N)ccc1CC3N(C)CC2,6.63,8,6.463187383597879,78
COc1cc(CCN(C)C)c(OC)cc1Br,7.09,5,7.5005624629629635,188
CC(C)(C)c1ccoc1C(=O)N[C@H]1CC[C@H](CCN2CCN(c3nsc4ccccc34)CC2)CC1,8.592,8,8.609452851851854,1
O=C(N[C@H]1CC[C@H](CCN2CCN(c3nccc4c3CCO4)CC2)CC1)c1ccc(N2CCOCC2)cc1,8.347,4,7.669181325396827,2024
COc1ncc2c(n1)CCN(CCN1CCN(c3noc4ccccc34)CC1)C2=O,7.64,5,7.461019216931217,1789
C[C@@H](CO)NC(=O)[C@@H]1C=C2c3cccc4[nH]cc(c34)C[C@H]2N(C)C1,8.93,9,8.473719055555552,53
COc1cc2c(cc1OC)CN(CCCCc1nc3cc(Cl)ccc3s1)CC2,6.195,10,7.279659489417994,70
Cc1c(S(=O)(=O)N[C@H]2CCN(CCCc3noc4ccccc34)C2)sc2ccc(Cl)cc12,8.05,10,8.618951552910051,842
Cc1c(S(=O)(=O)N[C@@H]2CCN(CCCc3noc4ccccc34)C2)sc2ccc(Cl)cc12,8.551,4,8.197603976190473,842
CCCc1nc(C(=O)NCC(O)CN2CCN(c3cccc(C)c3C)CC2)c(C)n1-c1ccc(OC)cc1,6.9,3,6.67340390343915,101
O=C(c1ccc(F)cc1)C1CCN(CC(O)COc2ccc(CNC(=O)N(Cc3ccc(F)cc3)C3CCNCC3)cc2)CC1,6.178,8,7.14842324338624,2025
CNC(C)c1ccc(Cl)cc1Oc1ccc(C)c(C)c1,8.17,10,7.111772186507935,6
CN1CCN(c2nc(N)nc(CS(=O)(=O)c3ccccc3Cl)n2)CC1,4.94,5,6.231725235449736,2026
COc1ccc(N2CCC(c3ccc(Cl)c(Cl)c3)C2=O)cc1OCCN1CCCCC1,6.3,6,6.227802193121696,731
COc1ccc2[nH]cc(C3CCN(CCCCN4C(=O)CC(c5c[nH]c6ccccc56)C4=O)CC3)c2c1,6.3,6,7.230612920634922,760
Cn1nccc1-c1cc(NC(=O)Nc2ccc(Cl)cc2)ccc1OCCN1CCOCC1,9.721,8,8.980987548941803,363
CCCN(CCNC(=O)/N=N/c1cc(F)c(F)c(F)c1)C1Cc2ccccc2C1,6.29,8,7.224099850529098,2027
CN(C)[C@H]1Cc2ccccc2[C@H](c2cccc(-c3cccs3)c2)C1,7.699,7,8.249480801587294,2028
CN(C)[C@@H]1Cc2ccccc2[C@@H](c2cccc(-c3cccs3)c2)C1,8.67,2,7.6782951865079365,2028
Fc1ccccc1-c1cc(Cl)cc2c1N1CCNCCC1C2,6.85,9,6.958213284391531,473
COc1cc(CC(C)NCc2ccccc2O)c(OC)cc1C#N,6.514,2,7.224941884920636,115
CCCN1CCN(Cc2ccccc2)CC12COc1cccc(OC)c1C2,4.61,2,6.300291968253964,2029
Cc1ncnc(C)c1-c1cc(NC(=O)C2CC2)ccc1O[C@H]1CCNC1,7.16,10,7.4401991630591615,2030
O=C1c2cccnc2CCN1CCN1CCC(c2noc3cc(F)ccc23)CC1,6.979,6,8.599067939153432,506
COc1cc(CC(C)N(C)C)c(OC)cc1Br,7.028,3,7.585656187830685,188
O=C(c1c2n(c3ccccc13)CCNCC2)C(F)(F)F,7.4,10,7.255733685185189,548
CCCn1c(-c2ccccc2)cc(C(=O)NCCCN2CCN(c3cccc4cccnc34)CC2)c1C,6.68,7,6.71131502116402,817
COCCNCCOc1ccc(NC(=O)C2CC2)cc1-c1c(C)noc1C,8.967,6,7.5736442830687825,594
CC(=O)OC12C=C(C)C(C(C)C1)C1C(=O)N(CCCN3CCN(c4ccccc4)CC3)C(=O)C12,6.24,2,6.531041522847518,2031
NC[C@H]1C[C@@H]1c1ccccc1Br,6.89,9,6.72489115608466,69
NCC1CC1c1ccccc1Br,6.816,8,6.751184837301586,69
COc1ccc(Cl)c(Cl)c1C1CC1CN,7.12,6,6.708752834656084,69
Cc1cc(F)ccc1CN(C(=O)OCc1ccc(OC(C)C)cc1)C1CCN(C)CC1,7.801,7,8.925315273809513,74
O=C1c2ccccc2S(=O)(=O)N1CCCCCN1CCN(c2ccc(Cl)cc2)CC1,6.858,3,6.5347631587301604,5
CCC(Oc1cc(Cl)ccc1F)c1nc(N)nc(N2CCN(C)CC2)n1,6.112,2,6.3716533439153435,349
Cc1cc(C(C)(C)C)c(O)c(C)c1CC1=NCCN1,6.375,9,7.145766256613753,2032
COc1ccccc1N1CCN(CCCOc2ccc3c(C)cc(=O)oc3c2)CC1,6.76,9,6.798744496031746,686
CCCc1nn(C[C@H](C)N)c2c1ccc1occc12,7.19,5,7.486365438071195,585
O=c1[nH]c2ccc(CCN3CCN(c4cccc5sccc45)CC3)cc2[nH]1,8.309,5,7.380233587301588,1194
CN1C[C@H](CNC(=O)OCc2ccccc2)C[C@@H]2c3cccc4c3c(cn4C)C[C@H]21,9.798,3,8.032925252645503,2033
CN1CC(CNC(=O)OCc2ccccc2)CC2c3cccc4c3c(cn4C)CC21,8.64,5,8.649598925925924,2033
COc1ccc2[nH]cc(CCNCc3ccc(-c4cn[nH]c4)o3)c2c1,7.551,8,7.108277738095239,2034
CCCN1CCc2cccc3c2[C@H]1Cc1cccc(O)c1-3,6.94,4,6.892311070105824,78
C[C@H](N)Cn1ccc2ccc(F)cc21,6.6,3,6.719975006012507,86
CC(N)Cn1ccc2ccc(F)cc21,6.6,4,6.741819527777779,86
Cc1ncnc(C)c1-c1cc(NC(=O)c2cnsc2C)ccc1OCCN1CCCC1,8.199,10,8.002764250000006,2035
Cc1nc2c(o1)CCN(CCN1CCN(c3nsc4ccccc34)CC1)C2=O,8.378,9,8.553371571428578,2036
COc1ccc2onc(C3CCN(CCN4CCc5cccnc5C4=O)CC3)c2c1,6.79,1,7.142194150793653,228
CC(C)(C)NC1=NCCNC(c2cccc(C(F)(F)F)c2)=C1,6.29,5,7.503175887566135,285
Cn1ccc2c1CCCN(CCN1CCC(c3noc4ccccc34)C1)C2=O,7.86,10,8.62363379761904,2037
COc1ccccc1N1CCN(CCCCCCN2C(=O)[C@@H]3[C@H]4CC[C@H](C4)[C@@H]3C2=O)CC1,6.108,3,6.590496964285713,933
C[C@H](N)Cn1ncc2ccc3occc3c21,9.109,9,7.9558672063492075,585
COc1cc(SCCCF)c(OC)cc1CCN,7.923,6,7.782106222222221,188
O=C(NCCCc1ccccc1)c1cc2c3c(ccc2[nH]1)OCC(CNCCCc1ccccc1)O3,7.553,4,7.067146900793647,2038
CC1CN(CCN2CCN(c3nsc4ccccc34)CC2)C(=O)c2ccn(C)c21,9.091,9,9.00784615873016,1455
O=C1CCc2cc(CCCCN3CCN(c4cccc5sccc45)CC3)ccc2N1,6.399,2,6.652944653439156,205
Cc1cccc(C2CN(C)CCc3c2cc(O)c(O)c3-c2ccc3ccccc3c2)c1,7.368,10,7.25379657142857,1019
CS(=O)(=O)CC(=O)N[C@H]1CC[C@H](CCN2CCC(c3noc4cc(Cl)ccc34)CC2)CC1,7.82,6,7.84310062301587,109
Oc1cccc2[nH]cc(CCN3CCCC3)c12,6.369,7,7.309767998677253,2039
CCCc1cc(OC)c(CC(C)NCc2ccccc2OC)cc1OC,8.701,10,8.533733612433856,115
C#CCCCSc1cc(OC)c(CCN)cc1OC,8.654,10,8.050483603174602,188
CCCc1ccnc2c1CC[C@@H]1CNCCN21,8.19,6,7.5509039153439135,450
CCc1ccnc2c1CC[C@@H]1CNCCN21,7.79,1,6.78607295634921,450
C=CCOc1cc(Cl)c(Cl)cc1C1CC1CN,6.78,9,6.5627239523809555,69
CC#CC(=O)N[C@H]1CC[C@H](CCN2CCC(c3cccc4c3CCO4)CC2)CC1,7.34,2,7.5417489537037,224
Cc1c(Cl)cccc1N1CCN(CCCNC(=O)c2nc(-c3ccccc3)n(-c3ccc(F)cc3)c2C)CC1,7.91,3,7.591422361111113,449
O=S(=O)(c1cccc(N2CCNCC2)c1)n1cccc1-c1ccccc1,6.38,10,5.888800484126983,243
O=C(NC1CCc2ccc(CCN3CCN(c4nsc5ccccc45)CC3)cc21)c1ccco1,9.26,5,9.475743747354503,2040
O=C(NCCCCN1CCN(c2ccc(F)cc2)CC1)c1n[nH]c2ccccc12,7.18,5,6.953824084656083,103
CCCc1nc(C(=O)NCCCN2CCN(c3cccc(Cl)c3C)CC2)c(C)n1-c1ccccc1,6.81,2,7.444369047619045,101
CNCc1cc(OCc2ccc(F)cc2C)n(CC2CCCCO2)n1,8.32,9,8.741261354497352,2041
O=c1ccc2ccc(OCCCCN3CCN(c4cccc(Cl)c4Cl)CC3)nc2[nH]1,8.798,10,7.523634047619043,2042
O=S(=O)(c1ccc(C(F)(F)F)cc1)N(CCCN1CCC(c2noc3cc(F)ccc23)CC1)C1COC1,7.03,3,8.055898785714286,393
c1ccc2c(c1)Cc1ccccc1N1OC(CN3CCOCC3)CC21,6.85,8,6.992341469576721,2043
CN1C[C@H](C(=O)N[C@]2(C)O[C@@]3(O)[C@@H]4CCCN4C(=O)[C@H](Cc4ccccc4)N3C2=O)C=C2c3cccc4[nH]cc(c34)C[C@H]21,8.679,3,7.683024342592592,2044
O=S(=O)(c1ccc(F)cc1)N1CCC(F)(CCc2ccc(F)cc2F)CC1,7.62,8,7.5362850370370325,157
NCC1c2ccccc2Cc2cc(O)ccc21,6.97,9,7.2148089329004295,151
O=C1c2cc([N+](=O)[O-])ccc2CCC1CCN1CCC(c2noc3cc(F)ccc23)CC1,7.72,7,8.178871174603174,962
c1ccc2c(N3CCN(CCc4ccc5c(c4)NCN5)CC3)cccc2c1,7.82,6,7.6676516547619045,2045
CCN(C)CCc1cccc2ccc(OC)cc12,7.07,4,7.029025620370373,676
Cc1ncnc(C)c1-c1cc(NC(=O)c2ccnn2C)ccc1OCCN1CCCC1,8.197,2,7.986248621693125,336
O=S(=O)(NCCCCN1CCN(c2noc3ccccc23)CC1)c1ccc(OC(F)(F)F)cc1,6.68,2,7.329210906204905,1663
Cc1c(Cl)cccc1N1CCN(CCCNC(=O)c2nc(C)n(-c3ccc4c(c3)OCCO4)c2C)CC1,7.551,10,7.462367458994712,333
CCOC1CC1C(=O)Nc1ccc(OCCN2CCOCC2)c(-c2c(C)ncnc2C)c1,7.51,10,7.808361093915341,462
Cc1cc(CN(C(=O)NCc2ccc(OCC(C)C)cc2)C2CCN(C)CC2)nn1C,8.0,4,7.991624963924962,589
O=C(CCCN1CC[C@H]2c3cccc4c3N(CCO4)[C@H]2CC1)c1ccc(F)cc1,7.852,6,8.437595080567586,2046
O=C(N[C@H]1CC[C@H](CCN2CCC(c3coc4ccccc34)CC2)CC1)c1ccc(-c2ccccc2)cc1,8.28,4,7.990704468253971,2047
Cn1ncc(Cl)c1-c1cc(NC(=O)Nc2ccc(F)cc2F)ccc1OCCN1CCCC1,9.551,5,9.10000042724867,301
CN1CCC(N(Cc2ccc(F)cn2)C(=O)NCc2ccc(C3CC3)cc2)CC1,8.0,10,7.963487156084655,2048
COc1ccccc1-n1c(C)nc(C(=O)NCCCN2CCN(c3cccc(Cl)c3Cl)CC2)c1C,7.989,6,7.325266517195771,101
Oc1ccc2[nH]c3c(c2c1)CCNC3c1ccc(Br)cc1O,6.44,6,7.25019047883598,44
COc1ccc(CCN(CCCc2ccccc2F)CCc2ccc3c(c2)OCO3)cc1OC,7.19,1,7.101082071428568,47
CC#CC(=O)N[C@H]1CC[C@H](CCN2CCN(c3nccc4c3CCO4)CC2)CC1,7.912,10,7.710610280423279,12
CN1CCc2cc3ccccc3n2CC1,7.551,2,7.177234843915344,548
CN1CCC(N(C)S(=O)(=O)c2ccc(-c3ccccc3)cc2)CC1,6.55,4,6.843216751322752,2049
N=C(N)c1ccc(OCCCCCOc2ccc(C(=N)N)cc2)cc1,6.06,2,7.214431820105818,2050
Cc1cc([C@H]2C[C@@H]2CN)ccc1F,6.63,9,6.542870994949493,69
CNC(=O)c1cccc(OCCCCN2CCC(c3noc4cc(F)ccc34)CC2)n1,6.871,4,7.332019009259264,1588
C[C@H](N)CN1CCc2ccc(Cl)cc21,6.384,6,6.771943876984129,872
COc1ccc2c(c1)N(CCN(C)C)/C(=C/C(C)=O)S2,4.36,6,6.943691329365077,2051
Cc1ccc2c(c1)Oc1cc(C)ccc1C(N1CCN(CC(C)(C)C(=O)O)CC1)=N2,7.89,8,7.839531829725825,605
Cc1c(C(=O)N(C)CCCN2CCN(c3cccc(Cl)c3Cl)CC2)cc(-c2ccccc2)n1C,7.409,1,7.262383858465607,13
CCNc1c2c(nc3ccnn13)CCNCC2,6.86,9,6.484912824074075,2052
Clc1cccc(N2CCN(CCCCc3cn(-c4ccn5nccc5c4)nn3)CC2)c1Cl,9.19,8,7.765816515873013,2053
CCCc1nc(C(=O)NCCN2CCN(c3cccc(Cl)c3Cl)CC2)cn1-c1ccc(Cl)cc1,7.161,2,7.299003104497353,769
O=C(N[C@H]1CC[C@H](CCN2CCC(c3coc4ccccc34)CC2)CC1)c1ccc(Cl)cc1Cl,7.911,4,8.149211920634919,55
c1ccc(Cc2nc3c(c(N4CCSCC4)n2)CCNCC3)cc1,6.46,2,7.863866354497356,2054
O=C1CC(CN2CCC(C(=O)c3ccc(F)cc3)CC2)Cc2occc21,7.215,2,7.464822179894177,75
CN(C)CC[C@@H](Oc1cccc2c1OCO2)c1ccc(F)cc1,7.442,4,7.834878523809521,2055
COc1cc2c3c(c1OCC1CC1)-c1cc(NC(N)=O)ccc1CC3N(C)CC2,6.069,1,6.449334396825393,298
CCOc1ccccc1-c1cccc2c1N1CCNCCC1C2,6.34,10,7.0993112037037065,473
COc1ccc(N2CC=C(c3ccc(Cl)cc3)C2=O)cc1OCCN1CCC(C)CC1,6.2,1,6.26863607671958,766
C[C@@H]1NC(N)=Nc2cccc(Cl)c21,6.59,1,6.383624283068784,1041
COc1ccc(CN(Cc2ccc(F)cn2)C(=O)NC2CCN(C)CC2)cc1,8.0,10,7.862895809523807,43
Nc1nc(NCCCCN2CCN(c3cccc(Cl)c3Cl)CC2)nc(NCCc2c[nH]c3ccccc23)n1,6.652,9,7.055370203703701,1640
CNC[C@H]1C[C@]1(F)c1ccccc1,6.81,5,6.9069859973544965,69
O=S(=O)(c1ccccc1)C1CCN(CCc2ccccc2)CC1,8.92,7,7.23092571560846,35
CN1CCc2cc(Br)c(O)cc2C(c2ccccc2)C1,7.92,1,6.773802293650789,554
OC1CCN(Cc2ccc(OCCCc3ccc(-c4ccc(F)cc4)nn3)cc2)CC1,6.618,6,7.069358873015871,1185
CCOC(=O)Cc1nn(CNC(=O)CCCN2CCN(c3cccc(C)c3C)CC2)c(=O)c2cc(F)ccc12,6.91,6,7.083761134920625,153
COc1ccc(NS(=O)(=O)c2sc3ccc(Cl)cc3c2C)cc1N1CCN2CCCCC2C1,6.2,1,6.7282184100529125,2056
Cc1nocc1C(=O)Nc1ccc(OC[C@H]2CCCCN2)c(-c2c(C)noc2C)c1,8.293,10,7.8078752738095245,1674
N#Cc1c2n(c3ccccc13)CCNCC2,7.08,8,7.380007414261657,548
COc1cc2c(cc1OC)C(=O)CC(CN1CCN(c3ccccn3)CC1)C2,6.18,4,6.368673010582015,851
Cn1cc(Cl)c(C(=O)N2CCN(CCc3ccccc3F)CC2)n1,7.442,8,7.5072845436507984,63
CS(=O)(=O)N[C@H]1CC[C@H](CCN2CCN(c3nccc4occc34)CC2)CC1,8.169,1,8.083460015873024,80
NCCn1cc(S(=O)(=O)c2cccc(Cl)c2)c2cccnc21,7.96,3,6.694971907407413,1593
Cc1cc(OCCCCN2CCN(c3cccc(Cl)c3Cl)CC2)c2c(C)cc(=O)oc2c1,6.78,9,7.225407761904765,1116
Cc1ncnc(C)c1-c1cc(NC(=O)Cc2cccc(F)c2)ccc1OCCN1CCC1,8.857,7,8.187599343915338,2057
c1ccc(OCCCN2CCN(c3ccccc3)CC2)cc1,7.339,1,7.137045015873012,294
C#CC(O)C(=O)N(CC)CCN1CCC(c2noc3cc(F)ccc23)CC1,8.66,3,8.73650684175084,31
COc1ccc2[nH]cc(CCNCc3ccc(Br)cc3)c2c1,9.57,9,6.899855945767195,672
CO[C@@H](C)C(=O)N[C@H]1CC[C@H](CCN2CCN(c3nccc4c3CCO4)CC2)CC1,7.7,4,8.024147420634918,12
CO[C@H](C)C(=O)N[C@H]1CC[C@H](CCN2CCN(c3nccc4c3CCO4)CC2)CC1,8.152,8,7.791466177248676,12
CNC(=O)c1cncc(OCCCCN2CCC(c3noc4cc(F)ccc34)CC2)c1,7.08,9,7.140659301106301,54
CC(C)COc1ccc(CC(=O)N(Cc2ccc(F)cc2)C2CCN(C)CC2)cc1F,8.6,9,8.039778031746032,126
O=C(N[C@H]1CC[C@H](CCN2CCN(c3cccc4c3OCO4)CC2)CC1)N1CCc2ccccc21,7.54,4,7.760486367724864,2058
O=S(=O)(CC1CCN(CCCc2noc3cc(F)ccc23)C1)c1ccc(Cl)c(Cl)c1,8.77,1,8.226631242063487,381
[N]C([N])=NN=[C]c1cccc(O[C]c2ccc(C(=O)c3ccccc3)cc2)c1,6.747,8,6.579538923280423,2059
O=S(=O)(NCCCN1CCN(c2nsc3ccccc23)CC1)c1ccc2ccccc2c1,8.0,10,7.960930658730153,866
CCCC(Oc1cc(Cl)ccc1Cl)c1nc(N)nc(N2CCN(C)CC2)n1,6.419,4,6.423685464285712,349
CCCn1c(C)nc(C(=O)NCCCN2CCN(c3cccc(Cl)c3Cl)CC2)c1C,7.58,5,7.110533571428573,1854
CN(C)CCN(Cc1ccc(-c2ccc(CNCCc3ccccc3)cc2)cc1)C(=O)/C=C/c1ccccc1,6.4,10,6.520897224867724,2060
CN(C)CCN(Cc1ccc(-c2ccc(CNCCc3ccccc3)cc2)cc1)C(=O)C=Cc1ccccc1,6.4,7,6.544038391534396,2060
CCCCCc1ccnc2c1CC[C@@H]1CNCCN21,8.639,4,7.665412444444446,450
O=S(=O)(c1ccc(F)cc1)N(CC1CC1)C1CCN(CCOc2ccccc2-c2ccccc2)CC1,7.16,10,7.349909477513232,2061
O=S(=O)(N[C@H]1CCN(CCCc2noc3ccccc23)C1)c1ccc(F)cc1,7.817,8,8.187522293650797,158
O=S(=O)(N[C@@H]1CCN(CCCc2noc3ccccc23)C1)c1ccc(F)cc1,7.94,4,8.135272587301587,158
Cc1cccc(N2CCN(CCCC(=O)NCc3nc4ccc(F)cc4c(=O)n3-c3ccccc3)CC2)c1C,6.38,3,6.791349835978836,2062
O=C(CC1C[C@H](O)CO1)N[C@H]1CC[C@H](CCN2CCN(c3nccc4c3CCO4)CC2)CC1,7.65,10,7.787689011904761,1732
Cn1cnc2c1C(=O)N(CCN1CCC(c3noc4ccccc34)CC1)CC2,9.02,1,8.240660576719572,2063
COCCOc1cccc(C(=O)C2CCN(CCc3ccc(F)cc3)CC2)c1OC,8.231,1,7.6626909232804215,85
Fc1ccc2[nH]c3c(c2c1)CCNC3c1ccccc1Cl,6.56,3,6.84872663359788,44
Cc1ncnc(C)c1-c1cc(NC(=O)Cc2cc(C)n(C)n2)ccc1OCCN1CCCC1,6.16,4,7.662581912698414,2064
COc1ccccc1N1CCN(CCNC(=O)c2cnn3ccccc23)CC1,6.24,2,6.725177836459838,2065
CN1CCN(C2=Nc3ccccc3Oc3ccc(Cl)cc32)CC1,8.659,9,8.026237703703709,605
CCCN(c1cccc(N2CCN(C)CC2)c1)S(=O)(=O)c1ccc2ccccc2c1,6.41,6,6.794499658730159,1848
CC(C)COc1ccc(CC(=O)N(Cc2ccc(F)cc2)C2CCN(C)CC2)c(F)c1,8.2,10,8.24406687698413,126
O=C(N[C@H]1CC[C@H](CCN2CCC(c3noc4cc(F)c(F)cc34)CC2)CC1)C1CCOCC1,8.107,8,7.898482448412692,609
C[C@@H](N)Cn1ccc2cc(F)c(Cl)cc21,7.1,7,7.301360826719571,86
C[C@H](N)Cn1ccc2cc(F)c(Cl)cc21,7.358,3,7.1800528690476195,86
CCN(CCN1CCN(c2noc3cc(F)ccc23)CC1)C(=O)C(C)O,7.989,7,7.9900950859788376,1801
CNCCc1cccc2[nH]cc(S(=O)(=O)c3ccccc3)c12,6.412,3,6.591455231481479,56
COc1cc(CN2CCCCC2)ccc1OCCCN1CCC(c2noc3cc(F)ccc23)CC1,8.05,4,8.105560440476177,617
C[C@H]1C[C@H](NS(=O)(=O)c2cc3ccc(Cl)cc3s2)CN1CCCc1noc2cc(F)ccc12,8.38,9,8.716756043650784,842
Cn1nc(-c2cccc3ccccc23)cc1C(=O)N1CCC(CO)CC1,7.12,9,7.108589206349205,2066
O=S(=O)(c1cccc2ncccc12)N1CCC[C@H]1CCN1CCN(c2cccc3sccc23)CC1,7.44,5,7.511780343915345,2067
O=S(=O)(c1cccc2ncccc12)N1CCC[C@@H]1CCN1CCN(c2cccc3sccc23)CC1,7.25,9,7.623280773809526,2067
CC(=O)N[C@H]1CC[C@H](CCN2CCC(c3coc4ccccc34)CC2)CC1,8.29,10,8.136143213924964,181
NCCCN1c2ccccc2CCc2ccccc21,6.4,6,7.19176463756614,204
CC[C@@H](O)CC(=O)N[C@H]1CC[C@H](CCN2CCC(c3cccc4c3CCO4)CC2)CC1,6.91,7,7.299608623015873,224
O=C1CCc2ccc(OCCCCN3CCN(c4cccc5c4CCC5)CC3)nc2N1,9.8,1,8.992425067460314,2068
Cc1cc(CN(Cc2ccc(OCC(C)C)cc2)C2=NOC3(CCN(C)CC3)N2)no1,8.0,4,7.880551222222227,2069
COc1cc(CC(C)N)c(OC)cc1CCCc1ccccc1,8.0,4,7.718106957671956,2070
CNCc1cc(Br)ccc1Oc1ccc(Cl)c(Cl)c1,6.102,1,6.783022658730155,6
CCN(CC)CCOc1ccc(NC(=O)Nc2ccc(F)cc2)cc1-c1ccnn1C,9.07,5,8.892648484126983,102
CN1CCc2c(c3cccc4c3n2CCc2ccccc2-4)C1,6.59,9,7.367702789682542,2071
Cc1ccc2c(N3CCN(CCc4cccc(NS(C)(=O)=O)c4)CC3)cccc2n1,6.1,4,6.919617339947093,1927
COc1ccc(NC(=O)N2CCN(CCc3ccc(F)cc3)CC2)cc1-c1c(Cl)cnn1C,6.81,5,8.098825617364113,2072
OC1c2ccccc2CCC12CCN(CCc1ccccc1)CC2,9.399,6,7.397965685185188,1348
O=S(=O)(NCCCCN1CCN(c2nsc3ccccc23)CC1)c1cc2ccccc2s1,8.221,8,8.149685750000003,1064
Clc1ccc(-c2ccc(C#Cc3ccc(OCCN4CCCC4)cc3)nc2)cc1,6.3,9,6.837167457671958,2073
CC(=O)N1CC(CCN2CCN(c3cccc4sccc34)CC2)c2ccccc21,6.27,5,7.262568111111108,2074
COc1cc(CCNCc2cccnc2OC)c(OC)cc1Br,7.1,5,8.201160436507939,1982
CC(C)(C)Oc1ccc(C(=O)N[C@H]2CC[C@H](CCN3CCC(c4cccc5c4CCO5)CC3)CC2)cc1,7.369,8,7.501692506613756,407
CN1CCC(N(Cc2ccc(F)cn2)C(=O)NCc2ccc(OCC3CC3)cc2)C2(CC2)C1,8.0,3,8.293105859788351,1296
O=C(CC1CCCO1)N[C@H]1CC[C@H](CCN2CCC(c3noc4cc(Cl)ccc34)CC2)CC1,7.888,7,7.983418342592588,1606
O=C(C[C@H]1CCCO1)N[C@H]1CC[C@H](CCN2CCC(c3noc4cc(Cl)ccc34)CC2)CC1,8.209,10,7.875439167989418,1606
COC(=O)N[C@H]1CC[C@H](CCN2CCC(c3cccc4c3OCO4)CC2)CC1,7.66,1,7.620088595238099,62
O=S(=O)(N[C@H]1CC[C@H](CCN2CCN(c3cccc4c3OCO4)CC2)CC1)N1CCOCC1,7.49,7,7.390423857142856,2075
C[C@]1(O)CC[C@@H](C(=O)N[C@H]2CC[C@H](CCN3CCN(c4nccc5c4CCO5)CC3)CC2)CC1,8.21,7,7.91733216931217,2076
C[C@]1(O)CC[C@H](C(=O)N[C@H]2CC[C@H](CCN3CCN(c4nccc5c4CCO5)CC3)CC2)CC1,7.9,3,8.113846388888891,2076
Cc1ncnc(C)c1-c1cc(NC(=O)c2ccccc2)ccc1OCCN1C[C@H]2C[C@H]2C1,8.44,4,8.230044861111109,2077
CC(C)COc1ccc(OC(=O)N(Cc2ccc(F)cc2)[C@@H]2CCNC[C@@H]2F)cc1,7.4,6,7.548495551587303,1962
CC(C)COc1ccc(OC(=O)N(Cc2ccc(F)cc2)[C@H]2CCNC[C@H]2F)cc1,7.4,7,7.567240966931216,1962
O=C(CC(F)(F)F)N[C@H]1CC[C@H](CCN2CCC(c3cccc4c3CCO4)CC2)CC1,7.468,7,7.306675865079359,224
CN(C(=O)N[C@H]1CC[C@H](CCN2CCN(c3nsc4ccccc34)CC2)CC1)c1cccs1,8.97,9,9.0238889457672,2078
Cc1noc(C)c1-c1cc(NC(=O)C2CC2)ccc1OCCN(C)CC1CC1,7.327,2,7.483606091510345,2079
O=C1NCc2cc(F)c(OCCCN3CCN(c4cccc5cccc(F)c45)CC3)cc21,8.922,3,7.919976469817222,133
O=S(=O)(c1ccccc1-c1cccc2ccccc12)N1CCC(CCc2ccc(F)cc2F)CC1,8.77,1,7.934824502645496,2080
CC1CC(=O)N(C)c2c(CCN3CCN(c4nsc5ccccc45)CC3)cccc21,9.77,4,9.5457625,94
Cc1nc2n(c(=O)c1CCN1CCN(c3cccc4sccc34)CC1)CCCC2,8.37,9,7.446173514550267,368
Cn1cnc2c1C(=O)N(CCN1CCN(c3nsc4ccccc34)CC1)CCC2,8.89,9,8.839757476190481,470
O=C1Nc2ccccc2C12CCN(CCN1CCN(c3ccccc3)CC1)C2,6.302,6,6.7286906865079334,664
CC(C)COc1ccc(CN(Cc2ccc(F)cn2)C2=NOC3(CCN(C)CC3)N2)cc1,8.0,6,7.8087097420634946,1131
CCN(CC)c1nc2c(c(-c3ccc(C)cc3)n1)CNCC2,7.699,6,7.560262142857143,1630
CC(C)Oc1ccc(COC(=O)N(Cc2ccc(F)cc2F)C2CCNCC2)cc1,9.6,8,9.354176130952391,74
Cn1c(=O)c2c(nc3n2CCCC(=O)N3CCCN2CCN(c3cccc(Cl)c3)CC2)n(C)c1=O,6.45,2,6.656250797619043,2081
Cc1cc(OCCCCN2CCN(c3ccccc3C#N)CC2)c2c(C)cc(=O)oc2c1,6.95,9,6.8965482896825385,1116
CC(C)Oc1ccc(COC(=O)N(Cc2c(F)cc(Cl)cc2F)C2CCN(C)CC2)cc1,9.1,5,8.863963400793645,74
Cc1nc(-c2ccc(-c3ccc(C(=O)Nc4ccc5c(c4)C4(CCN(C)CC4)CO5)cc3)c(C)c2)no1,6.0,6,7.469772786435785,2082
NC[C@H]1C[C@@H]1c1ccccc1F,6.167,6,6.671687940476193,69
O=C(N[C@H]1CC[C@H](CCN2CCN(c3cccc4c3OCO4)CC2)CC1)C1CCS(=O)(=O)C1,8.37,5,7.866882126984129,2083
CNCc1cc(OC)c(OC)cc1Oc1ccc(Cl)c(Cl)c1,6.602,7,7.342291626984133,6
COc1ccccc1OCCNc1nc(N)nc(NCCc2c[nH]c3ccccc23)n1,4.89,9,5.841540690476195,2084
O=C(O)CC1CCN(C2CCC3(Cc4ccccc4Cc4ccccc43)C2)CC1,6.2,2,7.253265547619047,744
COc1ccc(S(=O)(=O)N(CCCN2CCN(c3ccc(F)cc3)CC2)CC2CC2)cc1,7.14,4,7.48723400276576,969
Cc1cc2c(cc1Cl)CCN2C(=O)Nc1cccnc1,6.4,7,6.730841982804228,447
O=C(N[C@H]1CCN(Cc2ccccc2)C1)c1cccc(-c2cccs2)c1,6.339,1,7.553608712962961,161
O=c1n(CCCCCCN2CCN(c3cccc4ccccc34)CC2)nc2ccccn12,6.651,8,7.370590310846567,2085
COc1cnc2n1Cc1ccccc1C=C2N1CCN(CC(C)(C)C(=O)O)CC1,6.6,6,6.922012175925925,202
NC(=O)C(=O)c1c2n(c3ccccc13)CCNCC2,6.5,10,6.34723674531025,548
CC(C)COc1ccc(CN(Cc2cnn(C)n2)C2=NOC3(CCN(C)CC3)N2)c(F)c1,8.0,3,7.605373031746032,339
COc1ccc(NC(=O)Nc2ccc(OC)c(-c3c(Br)cnn3C)c2)cc1,9.35,2,8.956302911375664,102
NC[C@H]1C[C@@H]1c1ccccc1Cl,6.78,10,6.577207977513226,69
O=S(=O)(Nc1ccc2nccc(N3CCNCC3)c2c1)c1ccc2c(Cl)cccc2c1,6.0,9,6.9426682248677265,2086
Fc1ccc2c(C3CCN(CCCOc4ccc(CN5CCCC5)cc4)CC3)noc2c1,8.068,10,8.039117546296291,830
CC(C)N(C(=O)N[C@H]1CC[C@H](CCN2CCN(c3nsc4ccccc34)CC2)CC1)C(C)C,9.42,10,9.061053167989417,328
Cc1c(C(=O)NCCCN2CCN(c3cccc(Cl)c3Cl)CC2)cc(-c2ccncc2)n1C,7.409,3,7.1205303822751285,1415
CC(C)(O)CC(=O)N[C@H]1CC[C@H](CCN2CCC(c3cccc4c3CCO4)CC2)CC1,7.25,1,7.465295924603176,224
O=C(N[C@H]1CC[C@H](CCN2CCC(c3cccc4c3CCO4)CC2)CC1)C1CCOCC1,7.891,2,7.64373805291006,2087
COc1ccc(CNCCc2c[nH]c3ccc(OC)cc23)cc1,7.4,7,7.212332527777777,672
O=C(Cc1noc2ccccc12)N[C@H]1CC[C@H](CCN2CCC(c3cccc4c3CCO4)CC2)CC1,7.51,2,8.044294092592594,2088
c1ccc2c(c1)cc1n2CCNCC1,7.747,7,7.119370624338624,548
COc1ccc2c(c1)c1c(n2C)CN(c2ccc(OC)c(OCCN3CCCCC3)c2)C1=O,6.0,8,6.513046442760942,696
COCCNC(=O)c1ccc2c3c1C(CC(F)(F)F)CN3CCNC2,6.66,5,6.125399436507933,281
O=c1c2cccnc2ccn1CCN1CCN(c2nsc3ccccc23)CC1,9.31,5,8.770493007936505,2089
O=C(CC1CC1)N[C@H]1CC[C@H](CCN2CCN(c3nccc4c3CCO4)CC2)CC1,7.862,6,7.844003529220771,2090
O=S(=O)(c1cncc2ccccc12)N1CCC[C@H]1CCN1CCC(c2noc3cc(F)ccc23)CC1,8.221,9,8.108759865079362,2091
C#CC1=CC[C@H](N(CCC)CCCCNC(=O)c2ccc(OCCCc3cn(CCCC)nn3)c(OC)c2)CO1,4.85,9,6.846349956349209,2092
Cc1cc(C(=O)NCCCN2CCN(c3cccc(C)c3C)CC2)nc(C(C)(C)C)n1,6.56,2,6.814209752645501,30
O=c1c2cccnc2ccn1CCN1CCN(c2noc3ccccc23)CC1,8.97,3,7.625772358104852,2093
Cc1ncnc(C)c1-c1cc(NC(=O)Cc2ccccc2)ccc1OCCN1CCCC1,8.688,10,8.247413980158735,297
COCCC(=O)N[C@H]1CC[C@H](CCN2CCN(c3ncc(C)c4occc34)CC2)CC1,7.92,9,7.835346769841277,80
Cc1oc(-c2ccco2)nc1CN1CCN([C@@H]2CCc3ccccc3C2)CC1,7.278,8,7.141004132034632,2094
O=C1NCc2ccc(OCCCCN3CCN(c4cccc5c4CCO5)CC3)cc21,7.271,8,7.880651933862434,2095
COc1cccc(-n2cc(C(=O)N(C)c3cccc(Cl)c3)c3ccccc3c2=O)c1,4.54,3,6.41641543783069,996
Cc1ccc2c(c1)c1c(n2/C=C\c2ccccc2)CCN(C)C1,9.0,5,7.597947398148149,2096
CCc1nc(CN(Cc2ccc(OCC(C)C)cc2)C2=NOC3(CCN(C)CC3)N2)co1,8.0,1,7.8009772222222225,657
O=S(=O)(CC1CCN(CCCc2noc3cc(F)ccc23)C1)c1cccc(F)c1,7.399,8,8.356088167989418,381
CCCc1nc(C(=O)NCC(O)CN2CCN(c3cccc(C)c3C)CC2)cn1-c1ccc(Cl)cc1,6.831,7,6.731117953703706,101
Cc1ccc(C(=O)N[C@H]2CC[C@H](CCN3CCN(c4cccc5sccc45)CC3)CC2)o1,9.041,5,8.547333412698412,1524
O=S(=O)(c1cccc2ncccc12)N1CC[C@@H]1CCN1CCN(c2cccc3sccc23)CC1,8.15,3,7.34960851851852,2097
O=c1c2cnccc2ccn1CCN1CCN(c2noc3ccccc23)CC1,7.583,5,8.02800478835978,1203
COc1cc(Br)c(OC)nc1CCN,7.003,7,7.189651211640216,353
Cn1nccc1-c1cc(NC(=O)Nc2cccc(C(F)(F)F)c2)ccc1OCCN1CCCCC1,9.6,4,8.840122481481478,90
CN1CCC(N(Cc2ccc(F)cn2)C(=O)NCc2ccc(OCCF)cc2)CC1,8.235,3,8.058017849206351,225
CC(=O)c1c(OCCCCN2CCN(c3ccccc3Cl)CC2)ccc2c(C)cc(=O)oc12,7.699,10,7.542306895502647,83
Nc1nc(SCCN2CCN(Cc3ccccc3Cl)CC2)nc(N)c1Cc1ccccc1,7.74,2,7.7325828030303,475
COc1ccc(S(=O)(=O)N(CCCN2CCN(c3cccc(C(F)(F)F)c3)CC2)CC2CCCCC2)cc1,7.71,3,7.503977190476191,1070
Cc1cc(F)ccc1/C=C/c1ccc(S(=O)(=O)c2ccccc2F)cn1,8.088,9,8.248966486772488,51
C=CCN(CC=C)CCc1c[nH]c2ccc(Cl)cc12,6.39,8,6.499126421356416,86
COc1ccc(N2CC=C(c3ccc(Cl)cc3)C2=O)cc1OCCN1CCCCC1,6.0,5,6.309166793650803,766
CO[C@H]1CCN(CCOc2ccc(NC(=O)C3CC3)cc2-c2c(C)ncnc2C)C1,7.81,7,7.779998768398273,1355
CO[C@@H]1CCN(CCOc2ccc(NC(=O)C3CC3)cc2-c2c(C)ncnc2C)C1,7.606,6,7.745535634920637,1355
O=S(=O)(NCCCN1CCC(c2noc3cc(F)ccc23)CC1)c1ccc(OC(F)(F)F)cc1,8.42,8,8.055057518398266,673
Cc1ccc2c(c1)Oc1cc(F)ccc1N=C2N1CCN(CC(C)(C)C(=O)O)CC1,7.888,8,7.779186912217416,605
CCN(C)CCc1c[nH]c2ccc(F)cc12,7.69,6,6.573893869047618,86
c1ccc2nc(N3CCNCC3)ccc2c1,7.229,1,7.093786054232799,2098
N#Cc1ccn2c(=O)n(CCCCN3CCN(c4cccc5sccc45)CC3)nc2c1,6.14,9,7.171631977513233,119
CC(C)n1nc2c(c1-c1ccc(Cl)cc1)CCNCC2,9.0,5,8.124331624338616,67
Clc1ccc2[nH]c3c(c2c1)CCNC3c1cccs1,6.14,1,6.646300190476189,290
Cn1ccnc1-c1cc(-c2cccc3ccccc23)nn1C,7.03,6,6.8324928939393965,2099
C(=C\c1ccccc1)/COCC1CCN(CCCc2ccccc2)CC1,6.548,9,7.02161102248677,2100
COc1cc(CCNCc2ccccc2F)c(OC)cc1C,7.967,7,7.856985298941792,115
O=S(=O)(NCCCN1CCC(c2noc3cc(F)ccc23)CC1)c1cc2ccc(Cl)cc2s1,8.588,6,8.790504285714288,1649
COc1ccccc1N1CCN(CCCCOc2ccn3nc(C=O)cc3c2)CC1,6.747,10,6.9678779854497375,248
CCN(C)CCc1cccc2[nH]cc(S(=O)(=O)c3ccccc3)c12,6.365,2,6.6284090674603195,56
O=S(=O)(c1cccc2ncccc12)N1CCC[C@H]1CCN1CCN(c2cccc3[nH]ccc23)CC1,6.611,7,6.707654537037035,2101
O=S(=O)(c1cccc2ncccc12)N1CCC[C@@H]1CCN1CCN(c2cccc3[nH]ccc23)CC1,6.35,2,6.871482398989896,2101
O=C1CCc2ccc(OCCCCN3CCN(c4c(F)ccc5ccccc45)CC3)nc2N1,8.17,2,8.452497489417988,377
O=C(CCCN1CCN(c2ccccn2)CC1)c1ccc(F)cc1,7.27,6,7.599372874338619,675
CCN(CC)C(=O)[C@@H]1C=C2c3cccc4[nH]cc(c34)C[C@H]2N(CC2CC2)C1,8.652,4,8.191855862433867,2102
COc1c(O)ccc2c1CN1CCc3cc4c(cc3[C@@H]1C2)OCCO4,6.44,2,6.461760788359793,2103
O=C1NCCN1CCN1CCCC(c2c(-c3ccccc3)[nH]c3ccccc23)C1,7.58,10,8.026421571428564,2104
C[C@@H]1CNCCc2ccc(Cl)cc21,6.595,3,6.840193794973539,39
C[C@H]1CNCCc2ccc(Cl)cc21,7.08,10,6.668358583333337,39
CC1CNCCc2ccc(Cl)cc21,6.64,4,6.812397226190477,39
COCCC(=O)N[C@H]1CC[C@H](CCN2CCC(c3ccc(F)c4occc34)CC2)CC1,7.51,3,7.699759998677253,223
CCCc1cnc2c(c1)CC[C@@H]1CNCCN21,7.66,3,7.079393919312168,450
Cn1nc2c(c1Br)C(=O)N(CCN1CCC(c3noc4ccccc34)CC1)CC2,9.42,8,8.81104468783069,906
Cc1noc(C)c1-c1cc(NC(=O)Cc2cncc(F)c2)ccc1OCCN1CCC1,7.836,7,7.510033273809525,2105
Cc1noc(C)c1-c1cc(NC(=O)c2c(F)cnn2C)ccc1OCCN1CCOCC1,8.232,4,8.20144384920635,2106
Cc1nc2n(c(=O)c1CCN1CCN(c3nsc4ccccc34)CC1)CCCC2(F)F,7.77,1,8.384086960317457,1169
Clc1ccc(-c2n[nH]c3c2CCNCC3)cc1,6.73,3,6.901834337301593,1265
CN1CCN(C2=Nc3cc(Cl)ccc3Oc3ncccc32)CC1,6.69,9,7.611271960317463,2107
COc1cccc(N2CCN(CCCOc3ccc4c(C)cc(=O)oc4c3C(C)=O)CC2)c1,7.52,6,7.370243951058204,686
CC(C)COc1ccc(COC(=O)N(Cc2ccc(Cl)cc2Cl)C2CCN(C)CC2)cc1,8.0,10,8.41948152116402,74
COc1ccc2c(c1)Cc1ccn(CC(C)N)c1-2,6.4,7,6.868369750000011,315
CCN1CCN(c2cc(-c3ccc(F)cc3)c3c(n2)CCCCCC3)CC1,9.091,9,7.4316981100288615,647
COc1ccccc1N1CCN(CCCCNC(=O)c2cccc3ccnn23)CC1,6.109,8,6.666307949735452,2108
O=C(N[C@H]1CC[C@H](CCN2CCC(c3noc4cc(F)ccc34)CC2)CC1)c1cnc(N2CCOCC2)nc1,8.61,7,8.455071853174601,2109
O=C1[C@@H]2[C@H]3CC[C@H](C3)[C@@H]2C(=O)N1CCCCN1CCN(c2ccc3ccsc3c2)CC1,6.89,3,7.133447793650797,2110
COc1cc(OCC2CCCCC2)c(F)cc1CNC(=O)[C@@H]1CCCN1,6.301,1,7.320066793243797,2111
O=C(O)C1(CN2CCN(C3=Nc4ccc(F)cc4Oc4cc(F)ccc43)CC2)CC1,7.89,6,7.618071693121686,59
O=C1[C@@H]2[C@@H]3C[C@@H]([C@@H](O)[C@H]3O)[C@@H]2C(=O)N1CCCCN1CCN(c2cccc3sccc23)CC1,7.088,5,6.920049058201057,645
C[C@H](N)Cn1ncc2ccc(Cl)c(Cl)c21,8.04,4,7.75379232539683,134
O=c1n(CCCCCCN2CCN(c3nsc4ccccc34)CC2)nc2ccccn12,8.3,8,8.051901825998073,2112
CCS(=O)(=O)c1nc(S(=O)(=O)c2ccc(Cl)cc2)c(N2CCc3ccccc3C2)s1,6.515,7,6.990676890211639,2113
CC(C)Oc1ccc(CC(=O)N(Cc2ccc(F)cc2Cl)C2CCN(C)CC2)cc1,6.5,9,7.314078190476191,126
Fc1ccc2c([C@@H]3CNCC[C@H]3F)c(-c3cccc4ccccc34)[nH]c2c1,9.47,3,8.368314174963922,2114
O=S(=O)(c1ccccc1)N(CCCCCCN1CCN(c2nsc3ccccc23)CC1)c1cccc(C(F)(F)F)c1,7.19,5,7.572635063492063,1587
O=S(=O)(c1cccc2cccnc12)N(CCCN1CCN(c2ccccc2)CC1)CC1CC1,6.54,4,7.134326600529101,312
O=S(=O)(c1ccc(F)cc1)N1CCC(O)(CCc2ccc(F)cc2F)CC1,6.721,4,7.777622583333334,157
Cc1noc(C)c1-c1cc(NC(=O)C2CC2)ccc1OCCN1CCN2C(=O)CCC2C1,7.609,6,7.755637470899464,2115
O=C(N[C@H]1CC[C@H](CCN2CCC(c3coc4ccccc34)CC2)CC1)c1ccc(C2CCCCC2)cc1,8.24,4,8.126742587301592,2116
CC(N)Cn1ccc2cc(Cl)ccc21,6.7,6,7.117331937710438,86
O=C(N[C@H]1CC[C@H](CCN2CCC(c3noc4cc(Cl)ccc34)CC2)CC1)C(O)C(F)(F)F,7.66,9,7.980974637566136,109
CNC(=O)c1ccc(OC)c(OCCCCN2CCN(c3cccc(Cl)c3Cl)CC2)c1,6.078,2,6.507519560846566,479
CC(=O)c1cccc(NC(=O)Nc2ccc(OCCN3CCCC3)c(-c3ccnn3C)c2)c1,8.3,3,8.493545384920639,301
COc1cc(CCNCc2ccccc2)c(OC)cc1Br,9.091,10,7.7168426666666585,115
Cc1cccc(N2CCN(CCCNC(=O)c3cc(-c4ccccc4)n(-c4ccc(F)cc4)c3C)CC2)c1C,8.16,7,7.620934029100528,904
CCn1nc(-c2cccc3ccccc23)cc1-c1cccnn1,6.05,10,6.7738603875661365,2117
Cc1c(C(=O)NCCCN2CCN(c3cccc(Cl)c3Cl)CC2)cc(C(C)(C)C)n1C,6.789,2,7.02136161243386,1058
O=C(N[C@H]1CC[C@H](CCN2CCC(c3coc4ccccc34)CC2)CC1)C1CCC1,8.26,5,8.312819555555551,2118
Cn1cc(Br)c(C(=O)N2CCN(CCc3ccccc3F)CC2)n1,7.747,6,7.271536787037031,63
CCN(CCN1CCC(c2noc3cc(F)ccc23)CC1)C(=O)C1CNCC1O,9.1,5,8.489310793650791,1768
CNc1nc(C(F)(F)c2ccccc2)nc2c1CCNCC2,6.922,6,7.481268343915344,484
O=C(CC1CCOCC1)N[C@H]1CC[C@H](CCN2CCN(c3cccc4c3OCO4)CC2)CC1,7.58,6,7.661358478835976,2119
[2H]C([2H])([2H])N1CCC[C@@H]1Cc1c[nH]c2cccc(O)c12,6.301,4,6.423477127946125,34
CN1CCC[C@@H]1Cc1c[nH]c2cccc(O)c12,6.301,10,6.465830825396823,34
[2H]C([2H])(c1c[nH]c2cccc(O)c12)[C@H]1CCCN1C([2H])([2H])[2H],6.301,5,6.520406683982683,34
O=S(=O)(N[C@H]1CCN(CCCc2noc3ccccc23)C1)c1cc2ccc(F)cc2s1,8.959,9,9.121762972222225,842
O=S(=O)(N[C@@H]1CCN(CCCc2noc3ccccc23)C1)c1cc2ccc(F)cc2s1,9.4,3,8.849100091269845,842
Cc1nc2c(O)cccn2c(=O)c1CCN1CCN(c2cccc3sccc23)CC1,7.149,1,7.4210952103174606,1867
CC(N)Cn1ccc2c1-c1cc(Cl)ccc1C2,6.699,6,7.082444873015874,315
Cc1cnc(N2CCN(CC[C@H]3CC[C@H](NC(=O)C4CCOCC4)CC3)CC2)c2ccoc12,8.25,3,7.981278222222219,785
CCNCc1cc(OCc2cc(F)ccc2F)n(CC2CCCCC2)n1,8.469,2,8.663905792328034,91
Cc1nc2c(o1)CCN(CCN1CCN(c3noc4ccccc34)CC1)C2=O,8.418,10,7.217648588624344,2120
CC1(CNC(=O)c2ccc(C#Cc3ccc(F)cc3F)cc2)CCOCC1,6.523,5,6.9724018386243305,590
Cc1ncnc(C)c1-c1cc(NC(=O)Cc2ncsc2C)ccc1OCCN1CCCC1,6.148,3,8.005884055555555,2121
CNC(=O)c1cc(OCCCCN2CCN(c3cccc4sccc34)CC2)ccc1F,7.098,4,6.910086728835983,1726
CN1CC[C@@H]2CN3CCc4cccc(c43)[C@@H]2C1,6.48,5,6.882471068783073,2122
O=S(=O)(NCCCCN1CCN(c2nsc3ccccc23)CC1)c1ccc2cc(Cl)ccc2c1,8.09,5,8.087655253968254,1653
Cc1n[nH]c(C)c1S(=O)(=O)N1CCC(=C(F)c2ccc(Cl)c(F)c2)CC1,6.721,5,6.592690194444442,812
Fc1ccc2c(CCNCc3cccc(OCC(F)(F)C(F)F)c3)c[nH]c2c1,6.101,10,7.252968191798942,672
O=C(CC(F)(F)F)N[C@H]1CC[C@H](CCN2CCC(c3coc4ccccc34)CC2)CC1,8.092,9,8.119785269841273,181
O=C(CCCN1CCN(c2cccc(C(F)(F)F)c2)CC1)NCc1nc2cc(F)ccc2c(=O)n1-c1ccccc1,6.209,7,7.112707821428573,2062
O=C(CC1CCC1)N[C@H]1CC[C@H](CCN2CCC(c3coc4ccccc34)CC2)CC1,8.308,4,8.097752624338625,2123
COc1cccc2c1C[C@@H]1CNCCN1C2=O,6.14,6,6.349871115079368,147
CC#CC(=O)N[C@H]1CC[C@H](CCN2CCC(c3coc4ccccc34)CC2)CC1,8.101,3,8.192017256613754,181
Cc1ccc2c(n1)N1[C@@H](CNC[C@H]1C)C2,6.868,2,6.7473177936507955,152
Oc1ccc(C2NCCc3c2[nH]c2ccc(Cl)cc32)c(O)c1,8.82,2,6.919610347883601,44
COc1cc(CCCCF)c(OC)cc1CCN,7.241,10,7.7544969338624306,188
O=C(NCC1(O)CCC1)c1ccc(C#Cc2ccc(F)cc2)cc1,7.0,3,7.0329105978836,195
O=C1Cc2cc(CCN3CCN(c4cccc5sccc45)CC3)ccc2N1,8.198,6,7.733743567460321,132
CC(C)C(=O)N[C@H]1CC[C@H](CCN2CCC(c3coc4ccccc34)CC2)CC1,8.24,9,8.245750929894175,181
CC(C)COc1ccc(CN(Cc2ccc(F)cc2)C2=NC(=O)C3(CCN(C)CC3)N2)cc1,8.0,5,7.734797124338628,2124
COc1ccc(NC(=O)c2ccc(-c3ccc(-c4noc(C)n4)cc3C)cc2)cc1N1CCN(C)CC1,7.692,8,7.165172894179898,2125
O=C(CC1CCC2(CC1)OCCO2)N[C@H]1CC[C@H](CCN2CCC(c3noc4cc(Cl)ccc34)CC2)CC1,8.08,5,7.880954228835978,2126
Cc1cccc(N2CCN(CC(O)CNC(=O)c3nc(C)n(-c4ccc(F)cc4)c3C)CC2)c1C,7.108,4,6.858169115199616,101
CC(C)C[C@H]1C(=O)N2CCC[C@H]2[C@]2(O)O[C@](NC(=O)[C@@H]3C=C4c5cccc6[nH]cc(c56)C[C@H]4N(C)C3)(C(C)C)C(=O)N12,7.59,6,8.023281584656083,1490
CCOCCC(=O)N[C@H]1CC[C@H](CCN2CCC(c3cccc4c3OCO4)CC2)CC1,7.26,7,7.384836805555549,62
CCCn1c(-c2ccccc2)cc(C(=O)NCCCN2CCN(c3cccc(OC)c3OC)CC2)c1C,6.059,4,6.533851922318422,13
O=C(NCCCCN1CCN(c2ccccn2)CC1)c1ccc2ccccc2n1,7.16,10,6.723671835978837,2127
Cc1cc(C)cc(-c2nc(NC(=O)c3cccnc3)sc2-c2ccncc2)c1,6.019,1,6.454365289201544,2128
c1ccc(Cc2cncc3c2CC[C@@H]2CNCCN32)cc1,8.591,7,7.810776699735457,2129
COc1ccc(CN(CCN(C)C)c2ccccn2)cc1,6.27,1,7.148735152116405,2130
CC(C)COc1ccc(CNC(=O)N(Cc2ccc(Cl)cn2)C2CCN(C)CC2)cc1,9.536,10,7.5997175580808065,225
CCCN1C[C@H](CSC)C[C@@H]2c3cccc4[nH]cc(c34)C[C@H]21,7.891,10,7.756210055555552,1077
COc1ccc(-n2c(-c3ccccc3)nc(C(=O)NCCCN3CCN(c4cccc(Cl)c4C)CC3)c2C)cc1,7.68,3,7.714739050865807,449
COc1ccc(-n2nc(C(C)(C)C)cc2NC(=O)Nc2ccc(Oc3ccnc(Nc4ccc(O)cc4)n3)c3ccccc23)cc1,7.222,6,6.944549460317459,64
Fc1ccc(Nc2nc(Cc3ccccc3)nc3c2CCNCC3)cc1,8.71,6,8.038248507936503,332
COc1ccccc1-n1c(C)nc(C(=O)NCC(O)CN2CCN(c3cccc(C)c3C)CC2)c1C,6.41,10,6.57858627248677,101
Cc1ncnc(C)c1-c1cc(NC(=O)[C@H]2C[C@@H](F)C2)ccc1OCCN1CCCC1,8.498,6,8.167425414021166,1472
CC(C)n1ncc2c1CCN(CCN1CCN(c3nsc4ccccc34)CC1)C2=O,9.078,4,8.984298666666668,820
Fc1ccc2[nH]c3c(c2c1)CCNC3C1CCOCC1,6.45,4,6.89414081481482,1241
COc1cc(C2CNC2)c(OC)cc1Br,8.8,5,7.509359199735451,2131
CCc1cccc(N2CCN(CC[C@H]3CC[C@H](NC(=O)COC)CC3)CC2)c1Cl,7.68,10,7.368338452380956,401
O=C(N[C@H]1CC[C@H](CCN2CCN(c3nccc4c3CCO4)CC2)CC1)C1CC1(F)F,7.76,1,7.902101626984125,403
O=C1CCc2ccc(OCCCCN3CCN(c4cccc(Cl)c4C(F)(F)F)CC3)nc2N1,8.85,10,8.243670865079366,436
CN(C)CCN1C(=O)c2ccccc2/C=C\c2ccccc21,4.13,9,5.668167173280428,939
O=C(CCO)N[C@H]1CC[C@H](CCN2CCC(c3cccc4c3CCO4)CC2)CC1,7.21,1,7.597819406685899,224
Cc1cccc(S(=O)(=O)NCCCN2CCC(c3noc4cc(F)ccc34)CC2)c1,8.431,7,8.433633780423282,673
O=C1c2ccccc2CC1CCN1CCc2ccccc2C1,6.409,10,6.585781107142854,1831
COc1ccccc1N1CCN(CCCCNC(=O)c2nnn(Cc3ccccc3Br)c2C)CC1,6.82,5,7.039023716931218,7
[O-][S+](c1ccccc1)c1ccc(/C=C/c2ccc(F)cc2)nc1,8.11,3,8.083203658730161,538
CNCc1cc(OCc2ccccc2)n(Cc2ccccc2)n1,8.26,8,8.002253761904756,253
CCCc1nc(C(=O)NCC(O)CN2CCN(c3cccc(Cl)c3C)CC2)c(C)n1-c1ccc(OC)cc1,6.24,1,6.9660445013227505,101
CN1CCC(c2c[nH]c3ccc(F)cc23)C1,6.979,1,6.416476448412701,1699
COc1cccc(C2CCN(c3ccn4c(CC5CC5)nnc4c3Cl)CC2)c1,6.494,9,7.138164551948056,518
O=C(C[C@H]1COCCO1)N[C@H]1CC[C@H](CCN2CCN(c3nccc4c3CCO4)CC2)CC1,8.09,9,7.919162875661373,2132
O=C(C[C@@H]1COCCO1)N[C@H]1CC[C@H](CCN2CCN(c3nccc4c3CCO4)CC2)CC1,7.93,6,8.01399385449735,2132
O=C(CC1COCCO1)N[C@H]1CC[C@H](CCN2CCN(c3nccc4c3CCO4)CC2)CC1,8.01,2,7.974005084656086,2132
CC(C)(C)Oc1ccc(C(=O)N[C@H]2CC[C@H](CCN3CCC(c4noc5cc(F)ccc45)CC3)CC2)cc1,8.76,4,8.30684184391535,1725
Cc1[nH]nc(C(=O)N2CCN(CC(=O)c3ccc(F)cc3)CC2)c1Br,8.34,8,7.886888996031745,162
CCC(Oc1cc(F)ccc1F)c1nc(N)nc(N2CCN(C)CC2)n1,6.241,7,6.458419285714294,349
O=C(N[C@H]1CC[C@H](CCN2CCC(c3cccc4c3OCO4)CC2)CC1)C1COc2ccccc2C1,7.661,3,7.785777424603172,2133
CCN(CCN1CCC(C2NOc3cc(F)ccc32)CC1)C(=O)C(O)CNC(C)=O,8.659,1,8.081102563492065,511
NCCc1cn2c3c(cc(Cl)cc13)SCC2,6.33,8,6.779232126984132,2134
Cc1ncc2c(n1)CCC(CCN1CCC(c3noc4ccccc34)CC1)C2=O,8.51,6,8.233151436507931,2135
Cc1c(C(=O)NCCCN2CCN(c3cccc(Cl)c3Cl)CC2)cc(-c2ccccc2)n1Cc1ccccc1,6.45,5,6.819760623015879,445
COC[C@@H]1CCCN1CCc1c(-c2ccccc2)[nH]c2ccccc12,9.59,6,8.4080121574074,1595
CN1CCc2cc(NCc3cccc(Cl)c3)c(O)cc2C(c2ccccc2)C1,7.995,9,7.47700340079365,247
CN1CC(=O)N(CCCCN2CCN(c3cccc4sccc34)CC2)c2ccccc2C1=O,7.368,8,7.159409937830687,325
CC(C)Oc1ccc(COC(=O)N(Cc2c(F)ccc(F)c2F)C2CCN(C)CC2)cc1,8.4,7,8.936523046296294,74
Cc1cc2c(cc1C(F)(F)F)N(C(=O)Nc1ccc(Oc3cncnc3C)nc1)CC2,7.1,8,6.958416588023088,2136
CCCCCCCCCOc1ccc2[nH]cc(CCN)c2c1,6.58,2,7.228118240740733,86
CCC1NCCc2c1[nH]c1ccc(F)cc21,6.22,3,6.736158793650793,649
Cc1cc(C(=O)Nc2cccc(N3CCN(C)CC3)c2)ccc1Br,6.5,10,6.939006855820107,801
CCOc1cc(C(F)(F)F)c(OC)cc1C1CCCNC1,6.905,9,7.203997708994707,111
FC(F)(F)c1ccnc(COc2ccc(Cl)cc2OC2CNC2)c1,7.119,1,7.596201960317459,2137
Cc1c(C(=O)NCCCN2CCN(c3cccc(Cl)c3Cl)CC2)cc(-c2ccccc2)n1C,7.335,10,6.8158734642857155,13
O=C1NCc2ccc(OCCCCN3CCN(c4cccc5c4CCOC5)CC3)cc21,7.95,7,7.828869000000001,2138
CC(C)COc1ccc(COC(=O)N(Cc2ccc(F)cc2)C2CCN(C)CC2)cc1,9.9,7,8.923916431216913,74
COc1cc(OC)c(C2NCCc3c2[nH]c2ccc(F)cc32)cc1OC,7.404,10,7.136520928571431,44
CCCc1nc(CN2CC[C@H](c3ccccc3)C2)cs1,6.37,6,7.161297267195767,1458
Cc1noc2c1C(=O)N(CCN1CCN(c3nsc4ccccc34)CC1)CCC2,8.312,3,8.792448070105824,2139
CN1CCC(N(Cc2ccc(F)cc2F)C(=O)NCc2ccc(OCC(F)F)cc2)CC1,8.048,2,8.066484321428572,18
CCn1cc(CN2CCN(c3cccc4[nH]c(-c5ccc(C(C)(C)C)cc5)nc34)CC2)c(=O)[nH]c1=O,6.639,9,6.908761920634921,2140
NCC1c2ccccc2CCc2ccccc21,6.95,1,6.869717924603172,2141
O=C1CC(CN2CCC(C(=O)c3ccc(F)cc3)CC2)Cc2nc(-c3ccccc3)ncc21,6.2,7,7.52507113095238,2142
O=C(NCCCCN1CCN(c2cccc(Cl)c2Cl)CC1)c1ccc(-c2ccccn2)cc1,7.64,9,7.268078535714294,291
CN(C)Cc1c[nH]c2cccc(O)c12,6.037,1,6.970159396825397,86
CCCc1nc(C(=O)NCC(O)CN2CCN(c3cccc(Cl)c3C)CC2)c(C)n1-c1ccc2c(c1)OCCO2,6.623,5,6.830847662698416,333
Fc1ccc2c([C@@H]3CNCC[C@H]3F)c(-c3ccoc3)[nH]c2c1,9.27,10,9.361081547619047,2143
CCCCCCc1cc(OC)c(CC(N)CC)cc1OC,8.043,10,8.1355983560606,188
O=C(NCCCCN1CCN(c2cccc(Cl)c2Cl)CC1)c1ccc2c(c1)Cc1ccccc1-2,6.169,9,6.759067531746029,1671
COc1cc(CCN)cc(OC)c1SCCC(C)C,6.01,2,7.086040199735451,188
O=C(NCCCCN1CCN(c2cccc(Cl)c2Cl)CC1)c1cc2ccccc2o1,8.141,2,7.7092362749287755,99
CCCOCCNC(=O)c1ccc2c3c1CCN3CCNC2,6.298,10,6.190887086580086,281
CN1CCCCC1c1c(-c2ccccc2)[nH]c2ccccc12,7.85,3,8.103255410052906,2144
Cc1ncnc(C)c1-c1cc(NC(=O)C2C3COCC32)ccc1OCCN1CCCC1,7.611,3,7.733455162698411,2145
CN1CCc2nc(N3CCN(C)CC3)nc(Nc3ccc(F)cc3)c2CC1,6.17,7,7.133721785714288,1153
O=S(=O)(NCCCCN1CCN(c2noc3ccccc23)CC1)c1ccc2ccccc2c1,9.152,10,7.422196519841273,1488
C[C@@H]1CNC[C@H]2Cc3ccc(C(F)(F)F)cc3N21,8.122,9,7.090960123015869,2
Oc1ccc(-c2ccc(CNCCc3c[nH]c4ccc(F)cc34)o2)cc1,7.959,7,7.1163196309523835,481
CC(C)N(CCc1c[nH]c2ccc(F)cc12)C1CCC1,6.06,2,6.379419527777779,110
CCCCCCc1ccc(C(CN)c2ccccc2)cc1,6.7,4,6.9650767010582,783
O=C(NCCCCN1CCN(c2ccccc2F)CC1)c1n[nH]c2ccccc12,6.738,1,6.846507564814816,103
COc1ccc(N2CCN(c3ccc(C)c(C(F)(F)F)c3)C2=O)cc1OCCN1CCCCC1,6.4,3,6.368819089947085,1383
CN1CCN(c2ccc3c(c2)N(S(=O)(=O)c2ccc4ccccc4c2)CCC3=O)CC1,6.438,5,6.554290571428573,2146
Cn1ccc2c1CCN(CCN1CCN(c3noc4ccccc34)CC1)C2=O,8.61,1,8.177260682539679,1032
CCCCCSc1c(OC)cc(CCN)cc1OC,7.553,9,6.832594968253967,188
CCCC(C)Oc1cc2c(cc1OC)-c1c(OC)c(OC)cc3c1[C@H](C2)N(C)CC3,6.611,4,6.554594531746029,78
CCC(C)(CC)NC1=NCCNC(c2ccc(F)cc2)=C1,8.82,10,7.870427104497356,285
O=C(Cc1noc2ccccc12)N[C@H]1CC[C@H](CCN2CCC(c3coc4ccccc34)CC2)CC1,8.09,7,8.094122661375662,2147
Cc1c(Cl)cccc1N1CCN(CCCNC(=O)c2nc(-c3ccccc3)n(-c3ccccc3)c2Cn2cncn2)CC1,7.91,1,7.488065908730159,2148
COc1ccc2c(n1)N1[C@@H](CNC[C@H]1C)C2,6.291,7,6.671845708994716,152
N#Cc1ccccc1S(=O)(=O)N1CCC(CCc2ccc(F)cc2F)CC1,8.091,9,8.039643025132277,157
O=C1c2ccccc2CCCN1CCN1CCC(N2C(=O)Cc3ccccc32)CC1,6.65,10,7.034885388888889,1574
Cc1cccc2c1ccn2CC(C)N,7.0,2,6.804714472222223,86
COc1ccccc1N1CCN(CCCCNS(=O)(=O)c2ccc(C)cc2)CC1,6.31,10,6.498935047619046,2149
CC(C)CN(C)CCc1c[nH]c2ccc(F)cc12,6.12,7,6.654231138888884,86
COc1cc(CCN)c(OC)cc1Br,8.9,8,8.221814982804235,188
COc1ccc2c(c1)c(C1=CCNCC1)cn2S(=O)(=O)c1ccc2cccnc2c1,6.0,7,6.6066618015872995,2150
O=C(CCO)N[C@H]1CC[C@H](CCN2CCN(c3nccc4c3CCO4)CC2)CC1,7.45,5,7.808972062169311,12
COc1ccc(C(=O)N(Cc2ccc(C)cc2)C2CCN(C)CC2)cc1,8.659,4,7.2916848664021225,2151
O=Cc1cnn2ccc(-n3cc(CCCCN4CCN(c5cccc(Cl)c5Cl)CC4)nn3)cc12,7.82,2,7.962750779100529,2053
NCCc1ccc(CCCc2ccccc2)cc1,7.22,8,7.0546563968254015,2070
COc1ccc(NC(=O)Nc2cc(F)cc(F)c2)cc1-c1c(Br)cnn1C,9.2,3,9.274968142857142,102
CN1CCC[C@@H]1CCO[C@](C)(c1ccccc1)c1ccc(Cl)cc1,7.77,2,7.212442087301585,2152
COc1cccc(C(=O)Nc2ccc(OCCO)c(-c3c(Cl)cnn3C)c2)c1,9.291,3,8.535252750000003,230
CN1CCC(N(Cc2ccc(F)cn2)C(=O)NCc2ccc(OCCC(F)(F)F)cc2)CC1,8.574,9,8.047390555555555,225
COCC(=O)N[C@H]1CC[C@H](CCN2CCC(c3cccc4occc34)CC2)CC1,8.38,10,8.33642903499278,223
O=C(N[C@H]1CC[C@H](CCN2CCN(c3nccc4c3CCO4)CC2)CC1)C1CCOC1,8.0,1,8.103729900793647,2153
O=S(=O)(c1ccc(/C=C/c2ccccc2O)nc1)c1ccccc1F,8.44,1,8.062617206349206,51
Cn1cc2c(OCC3CCN(CCc4ccc(N)cc4)CC3)nc3ccccc3c2c1,6.6,7,7.240758684343437,491
O=C1CCc2ccc(OCCCCN3CCN(c4cc(F)cc5ccccc45)CC3)nc2N1,8.72,6,8.106507749999999,377
COc1ccc(N2CC=C(c3ccc(F)cc3)C2=O)cc1OCCN1CCC(C)CC1,6.6,6,6.788016927248682,766
Cc1nc(C(=O)Nc2ccc(OC[C@H]3CCCCN3)c(-c3c(C)noc3C)c2)c(C)s1,7.064,7,7.805276152116406,2154
Cn1ncc(Br)c1-c1cc(NC(=O)Nc2ccc(O)cc2)ccc1OCCN1CCCC1,8.72,2,8.910999220899471,301
O=S(=O)(N[C@H]1CC[C@H](CCN2CCN(c3nsc4ccccc34)CC2)CC1)c1ccc(Cl)o1,8.905,1,8.643442107142858,635
OC(c1ccc(F)cc1)C1CCN(CCc2ccc(I)cc2)CC1,7.49,6,7.8940994060846545,11
COCCN(C)CCOc1ccc(NC(=O)c2cccc(F)c2)cc1-c1c(C)ncnc1C,7.903,7,8.073733724867731,144
Fc1ccc(Cl)c2[nH]nc(C3=CCCNC3)c12,7.539,8,7.092111544973542,658
Fc1ccc(-c2n[nH]c3c2CCNCC3)cc1,6.76,2,7.131059775132279,1265
O=C1NCCN1CCN1CCC(c2c(-c3ccccc3)[nH]c3ccccc23)CC1,8.14,1,8.054349205026462,2155
CCc1cc(Oc2ccc(F)cc2CNC)ccc1Cl,6.561,6,6.694464322751321,6
CO[C@@H]1CCN(CCOc2ccc(NC(=O)C3CC3)cc2-c2c(C)noc2C)C1,8.259,4,7.741935322751327,1287
CO[C@H]1CCN(CCOc2ccc(NC(=O)C3CC3)cc2-c2c(C)noc2C)C1,7.827,2,7.973791249999994,1287
NC(=O)c1cccc(S(=O)(=O)C2CCN(CCc3ccc(F)cc3F)CC2)c1,9.301,1,8.914051085978839,35
O=C(NCCCCN1CCN(c2cnc3ccccc3c2)CC1)c1cc2ccccc2cn1,6.0,3,7.434328293650792,2156
CN1CCN(CC(=O)N[C@H]2CC[C@H](CCN3CCN(c4cccc5c4OCO5)CC3)CC2)CC1,7.793,1,7.73858841666666,2157
CCN(CCN1CCC(n2ncc3cc(F)ccc32)CC1)C(=O)CCO,8.679,2,8.400823123617121,338
COc1ccccc1N1CCN(CC(O)CCNC(=O)c2ccc(-c3ccccn3)cc2)CC1,6.16,5,6.678274620370374,291
COc1ccc2cccc(CCN(C)C)c2c1,7.02,1,7.082405538359782,676
CC(C)N(CCN1CCC(c2noc3cc(F)ccc23)CC1)C(=O)CCO,8.82,10,8.799563653439149,31
CNCc1cc(OCc2ccccc2)n(C(C)C2CCCC2)n1,8.282,7,8.583195892857145,279
O=S(=O)(NCCCCN1CCN(c2nsc3ccccc23)CC1)c1cccc2scnc12,8.122,9,8.043627973544966,2158
O=S(=O)(CC1CCN(CCCc2noc3cc(F)ccc23)C1)c1ccc(C(F)(F)F)cc1,8.71,1,8.267202469576716,381
CCCc1nc(C(=O)NCCCN2CCN(c3cccc(Cl)c3Cl)CC2)cn1-c1ccc(Cl)cc1,7.15,4,7.30206123015873,101
Cc1ccc(Sc2ccccc2N2CCNCC2)c(C)c1,6.75,6,7.313221271164016,2159
O=C1c2ccc(Cl)cc2CC1CCCCN1CCN(c2ccccn2)CC1,6.38,2,6.693815774531021,1700
c1ccc2c(N3CCN(CCc4ccc5[nH]nnc5c4)CC3)cccc2c1,7.99,8,7.723518565536315,2160
CN1CCC(N(Cc2ccc(F)cc2F)C(=O)OCc2ccc(OC(CF)CF)cc2)CC1,10.101,10,9.126828870370371,74
Oc1ccc(N2CCN(CCCCOc3ccn4nccc4c3)CC2)c2cccnc12,6.7,7,7.1793183975468935,2161
CC(Oc1cc(Cl)ccc1Cl)c1nc(N)nc(N2CCN(C)CC2)n1,6.45,8,6.348143964285719,349
COc1cccc(NC(=O)N[C@H]2CC[C@H](CCN3CCN(c4nsc5ccccc45)CC3)CC2)c1,8.548,5,8.804560764550265,535
Cc1ccc(Nc2c(S(=O)(=O)c3ccccc3)cnc3ccc(Cl)cc23)cc1,4.99,2,5.9402618624338634,2162
O=C(Cc1coc2ccccc12)N[C@H]1CC[C@H](CCN2CCN(c3nsc4ccccc34)CC2)CC1,8.73,5,8.757738611111112,2163
CN1CCC=C(c2n[nH]c3cc(F)ccc23)C1,7.33,5,7.255536555555561,658
O=C(CC1CCOCC1)N[C@H]1CC[C@H](CCN2CCC(c3cccc4c3CCO4)CC2)CC1,7.41,6,7.548346638888896,2164
Cc1cc2c(cc1NS(=O)(=O)c1ccc(-c3ccc(Cl)cc3)cc1)CCN(C)CC2,7.7,1,7.471639003968256,451
Cc1ccc(C)c([Se]C(C)c2nc(N)nc(N3CCN(C)CC3)n2)c1,6.05,10,6.5140324007936545,189
COc1ccc(Cl)c2c1[C@@H]1CNCCN1C2=O,6.865,5,6.526556029100529,184
[O-][S+](c1ccc(/C=C/c2ccc(F)cc2)nc1)c1ccccc1F,8.339,6,8.0310634973545,538
COc1ccccc1N1CCN(CCCNS(=O)(=O)c2ccc3ccccc3c2)CC1,7.07,6,6.5503777391774864,559
O=C1Nc2ccccc2C12CCN(CCN1CCC(Oc3ccc(Cl)cc3)CC1)C2,6.462,9,6.98411247883598,2165
NCC1CC2c3ccccc3Cc3ccccc3N2O1,7.798,10,6.961312125661371,309
CCCCOc1cc2c3c(c1OC)-c1cc(OC)c(OC)cc1C[C@@H]3N(C)CC2,6.729,1,6.65306334824435,78
O=C(O)C1CCN(C2CC[C@]3(Cc4ccccc4Cc4ccccc43)C2)CC1,7.1,8,7.0399653558201045,744
Cc1cccc([C@@]2(F)C[C@@H]2CN)c1,6.79,4,7.539951716931217,69
CN(C)CCc1cccc2cccc(O)c12,7.28,4,7.03232347619048,676
CCCCN1CCN(c2cccc(CC)c2Cl)CC1,7.28,8,7.52734852777778,404
Cc1noc2ccn(CCN3CCC(c4noc5ccccc45)CC3)c(=O)c12,8.01,9,8.160900125661364,2166
CCc1cc2c([C@H]3C[C@@H]3CN)c(OC)ccc2o1,6.03,5,6.824242341269839,1134
N[C@@H](Cc1ccc(OCCCN2CCC(c3noc4cc(F)ccc34)CC2)cc1)C(=O)O,9.77,1,7.540454873015864,347
Cc1nc2ccccn2c1C(=O)N1CCN(CCc2ccc(F)cc2F)CC1,8.46,3,8.623685216931218,259
Cc1ncccc1Oc1ccc(NC(=O)N2CCc3cc(Cl)c(Cl)cc32)cn1,6.6,10,6.861684841269847,52
O=C1c2c(Br)nn(Br)c2CCN1CCN1CCN(c2nsc3ccccc23)CC1,9.0,7,8.992568241702738,820
CO[C@]1(C)CC[C@H](CC(=O)N[C@H]2CC[C@H](CCN3CCC(c4noc5cc(Cl)ccc45)CC3)CC2)CC1,7.852,2,7.817421595238097,241
COC1(C)CCC(CC(=O)N[C@H]2CC[C@H](CCN3CCC(c4noc5cc(Cl)ccc45)CC3)CC2)CC1,7.72,6,7.81865821560846,241
CO[C@]1(C)CC[C@@H](CC(=O)N[C@H]2CC[C@H](CCN3CCC(c4noc5cc(Cl)ccc45)CC3)CC2)CC1,7.798,2,7.817421595238097,241
C=CCN1C[C@H](C(=O)N[C@H](C)CC)C=C2c3cccc4[nH]cc(c34)C[C@H]21,8.697,8,8.50824968939394,53
Cc1c(Cl)cccc1N1CCN(CC(O)CNC(=O)c2nc(-c3ccccc3)n(-c3ccccc3)c2C)CC1,7.24,6,7.245953399470903,449
O=C(C1CCCCC1)N(CCN1CC=C(c2ccccc2)CC1)c1ccccn1,7.27,1,7.126430865079371,2167
CCc1nn(C[C@H](C)N)c2c1ccc1occc12,7.96,7,7.502670140211636,585
CN(C)CC1=Cc2cn(S(=O)(=O)c3cccc4ccccc34)c3cccc(c23)O1,6.31,6,7.332106682539682,2168
[O-][S+](CCCN1CCC(c2ccc(Cl)cc2)CC1)c1ccc(F)cc1,6.652,2,7.391922218253964,2169
CN1CCC2C(C1)c1cccc3c1N2c1ccccc1CS3,8.7,3,7.2948025634920635,2170
Cc1ccccc1Oc1cc(Cl)ccc1O[C@H]1CCNC1,6.658,4,7.030226099206353,29
Cn1ncc(Br)c1-c1cc(NC(=O)Nc2ccc(Cl)cc2)ccc1O,9.1,3,8.685431911255408,102
O=c1[nH]c2ccccc2n1C1CCN(CCCC(c2ccc(F)cc2)c2ccc(F)cc2)CC1,8.207,1,7.317763623015873,2171
Cc1noc2c1C(=O)CC(CN1CCC(c3noc4cc(F)ccc34)CC1)C2,7.765,7,8.029617164021165,2172
COc1ccc2[nH]c(C)c(CCNCc3ccc(-c4ccc(O)cc4)o3)c2c1,7.378,7,7.3554686349206335,481
Cc1ncnc(C)c1-c1cc(NC(=O)c2c(F)cnn2C)ccc1OC1CNC1,8.542,3,8.179722248677251,2173
c1cc(CC2CCCCC2)c2c(n1)N1CCNC[C@H]1CC2,7.361,7,7.2131865277777765,2174
O=C(CCCN1C2CCC1CN(c1ccc(Cl)cc1)CC2)c1ccc(F)cc1,6.71,7,7.218469809523814,2175
O=C(NC1CCC(CCN2CCC(c3cccc4c3CCO4)CC2)CC1)c1ccc2ncccc2c1,7.51,4,7.569489380711884,2176
O=C(N[C@H]1CC[C@H](CCN2CCC(c3cccc4c3CCO4)CC2)CC1)C(O)C(F)(F)F,7.582,2,7.535815462962967,224
CNC(=O)c1cc(OCCCCN2CCN(c3cccc(Cl)c3Cl)CC2)ccc1F,6.44,9,6.873378765271766,479
COc1cc(CCN)cc(OC)c1SCCCC(C)C,7.456,5,6.9170514568302055,188
Fc1ccc2[nH]cc(CCN(C3CCC3)C3CC3)c2c1,6.58,4,6.208301678571432,2177
O=C(N[C@H]1CC[C@H](CCN2CCC(c3coc4ccccc34)CC2)CC1)C1CCCOC1,8.33,2,8.447177186507933,2178
O=S(=O)(NCCCN1CCN(c2nsc3ccccc23)CC1)c1cnc2ccccn12,7.92,5,8.149472406084653,2179
CCCc1nc(C(=O)NCCCN2CCN(c3cccc(C)c3C)CC2)cn1-c1ccc(F)cc1,6.85,4,7.170279073232326,101
CC(C)(C)c1nc2c(c(-c3ccc(F)cc3)n1)CNCC2,8.301,9,7.404352236772484,1630
CNCc1cc(OCc2cc(Cl)ccc2F)n(CC2CCCCC2)n1,8.895,5,8.897810821428573,91
Cc1cccc(N2CCN(CC(O)CNC(=O)c3nc(C)n(-c4ccc5c(c4)OCCO5)c3C)CC2)c1C,6.63,6,6.824989784391534,333
Cc1cc2c(cc1Cl)N(C(=O)Nc1ccc(OCc3cccnc3)nc1)CC2,6.1,8,6.807122563492066,2180
C1=C(c2c[nH]c3ccccc23)CCN(Cc2ccco2)C1,6.76,10,7.0129011190476165,2181
Cc1ccc2c(c1)C(=O)N1CCNC[C@H]1C2,6.885,10,6.879180127946132,147
Cc1nc2n(c(=O)c1CCN1CCC(c3cccc4sccc34)CC1)CCCC2O,8.12,8,7.588854150793654,761
COc1cc2c3c(c1OCC1CC1)-c1cc(N)ccc1CC3N(C)CC2,6.959,8,6.530141486772485,298
Cc1cc(C(=O)Nc2ccc(C)c(N3CCN(C)CC3)c2)ccc1Br,6.9,1,6.693438265873012,801
COc1ccc(NC(=O)Nc2ccc(F)c(F)c2)cc1-c1c(Cl)cnn1C,9.45,3,8.718168355820108,102
O=S1(=O)CCc2ccc(O)cc2N1CCCCN1CCN(c2cccc3sccc23)CC1,7.73,10,7.422881026455023,1288
CNC(=O)c1cccc(OCCCCN2CCN(c3cccc4sccc34)CC2)n1,6.972,2,7.504369952380948,2182
CN1CCC(N(Cc2ccc(F)cn2)C(=O)NCc2ccc(OCCCF)cc2)CC1,8.615,3,8.186714097883605,225
COc1cc(/C=C2\N=C(N)NC2=O)c(OC)cc1Br,7.48,1,6.471624063492067,553
COc1ccc(N2CC=C(c3ccc(Cl)c(Cl)c3)C2=O)cc1OCCN1CCCC1,6.2,10,6.223701270923524,2183
COc1ccc(C(=O)N[C@H]2CC[C@H](CCN3CCC(c4noc5cc(F)ccc45)CC3)CC2)cc1,8.439,9,8.325207785714285,1725
NCCc1c2c(c(Br)c3c1OCC3)OCC2,7.936,8,7.640834189153435,643
C(=C\c1ccccc1)/CN(C/C=C/c1ccccc1)C1CCN(Cc2ccccc2)CC1,6.26,10,6.867050198412696,2184
CC(=O)N(C)c1ccc(OCCCN2CCC(c3noc4cc(F)ccc34)CC2)cc1,7.9,7,7.540104466089466,347
OCCN1CCN(CC2C[C@@H]3c4ccccc4Cc4ccccc4[C@H]3O2)CC1,7.06,7,6.823826454064452,1880
CCCC([Se]c1cc(Cl)ccc1F)c1nc(N)nc(N2CCN(C)CC2)n1,6.512,8,6.455625724747472,189
COc1ccc(NC(=O)Nc2ccc(C(C)C)cc2)cc1-c1c(Br)cnn1C,9.05,10,9.110073706349205,102
O=C(CCCN1CCCN(c2ccccn2)CC1)c1ccc(F)cc1,8.918,7,7.390836238095236,1186
Cc1ccc(C(=O)NC2CCc3ccc(CCN4CCN(c5nsc6ccccc56)CC4)cc32)cc1,8.521,3,8.932149865079362,171
CCCOc1ccc(CN(Cc2ccn(C)n2)C2=NOC3(CCN(C)CC3)N2)cc1,8.0,3,7.814167003968261,373
O=C1c2cccc3cccc(c23)N1CCCCCCN1CCN(c2cccc(C(F)(F)F)c2)CC1,6.111,9,6.43645317989418,357
O=S(=O)(c1cccc2cccnc12)N1CCC(CCc2ccc(F)cc2F)CC1,8.679,10,8.121216942640691,2185
CC(C)COc1ccc(CNC(=O)N(Cc2ncccc2F)C2CCN(C)CC2)cc1,7.26,1,7.584555269841277,225
COc1cc(CCNCc2cccc3c2OCO3)c(OC)cc1Br,8.605,6,8.089886186507936,367
Cc1ncnc(C)c1-c1cc(NC(=O)c2ncoc2C)ccc1OCCN1CCCC1,7.943,8,7.916252740740734,2186
CC(C)(O)C(=O)N[C@H]1CC[C@H](CCN2CCN(c3nccc4c3CCO4)CC2)CC1,8.11,4,8.01353279761905,12
CCSc1ccc2c(c1)N(C[C@H](C)N)CC2,6.501,2,6.763420591269843,872
COc1ccccc1C1NCCc2c1[nH]c1ccc(F)cc21,6.9,1,6.778673912698412,44
Cc1ccc(F)cc1CO[C@H]1CCc2ccc(N3CCNC[C@H]3C)nc21,6.77,4,8.021990597883597,2187
Cc1nc(Nc2ncc(C(=O)Nc3c(C)cccc3Cl)s2)cc(N2CCN(CCO)CC2)n1,7.569,3,6.896957376984127,2188
COc1ccc(CN(Cc2coc(C)n2)C(=O)OC2CCN(C)CC2)cc1,7.26,7,7.746225561207316,1964
COc1ccc(Cc2c(N)nc(SCCN3CCN(Cc4ccccc4C)CC3)nc2N)cc1,7.94,5,7.644958472222229,475
O=C(NC1CCc2ccc(CCN3CCN(c4nsc5ccccc45)CC3)cc21)c1ccc(F)cc1,8.61,10,9.016630615079356,171
Cn1c2c(c3ccccc31)CCNCC2,7.676,9,7.3669290489418,1381
CCC([Se]c1cccc2ccccc12)c1nc(N)nc(N2CCN(C)CC2)n1,6.7,6,6.754536166666667,597
Cc1cc(CCN2CCN(c3noc4ccccc34)CC2)c2c(c1)C(C)CC(=O)N2,9.551,6,8.49354933597884,418
CC(C)(O)C(=O)N[C@H]1CC[C@H](CCN2CCC(c3cccc4c3OCO4)CC2)CC1,8.32,4,7.903673120370376,62
CC(=O)Nc1cccc(CCN2CCN(c3cccc4nc(C)ccc34)CC2)c1,6.6,3,6.83653755026455,1927
O=C(CCO)N[C@H]1CC[C@H](CCN2CCC(c3noc4cc(F)c(F)cc34)CC2)CC1,7.61,2,7.897806216931219,109
Clc1ccc2c(c1)N=C(N1CCNCC1)c1cccnc1O2,6.88,10,7.19642670238095,2107
O=C(NC/C=C/CN1CCN(c2cccc(Cl)c2Cl)CC1)c1ccc2c(c1)Cc1ccccc1-2,6.48,4,6.805247638888889,1888
CN1CCC(=C2c3ccccc3CC(=O)c3sccc32)CC1,7.655,7,7.171208440476187,2189
O=C(CCC(F)(F)F)N[C@H]1CC[C@H](CCN2CCC(c3cccc4c3OCO4)CC2)CC1,7.498,1,7.51425332407408,62
C=CCOc1cc2c3c(c1OC)-c1cc(OC)c(OC)cc1C[C@@H]3N(C)CC2,6.998,6,6.520707457671957,78
O=C(Nc1cccnc1)N1CCc2c1ccc(Cl)c2Cl,6.2,9,6.750294830327078,447
CS(=O)(=O)CC(=O)N[C@H]1CC[C@H](CCN2CCN(c3nccc4c3CCO4)CC2)CC1,7.792,3,7.658010776455034,12
Cn1cnc2c1CCN(CCN1CCN(c3nsc4ccccc34)CC1)C2=O,8.19,10,9.10202865476191,2190
Cn1cc(Br)c(C(=O)N2CCN(CC(=O)c3ccc(F)cc3F)CC2)n1,7.157,3,7.645011211640214,162
CCN(CCN1CCC(c2noc3cc(F)ccc23)CC1)C(=O)C1(O)CCNC1,8.699,2,8.701775361712365,1768
O=C(N[C@H]1CC[C@H](CCN2CCN(c3cccc4c3OCO4)CC2)CC1)c1ccc(N2CCOCC2)cc1,6.93,10,7.823883902116401,2191
Cc1nc(CN(Cc2ccc(OCC(F)(F)C(F)(F)F)cc2)C2=NOC3(CCN(C)CC3)N2)co1,8.0,6,7.877678603174601,657
CC(=O)N1CCC(C)c2c(C)ccc(CCN3CCN(c4noc5ccccc45)CC3)c21,9.49,1,8.717759158730162,581
O=C1c2ccc(F)cc2CC1CCN1CCN(c2ccccn2)CC1,7.12,3,7.202120400793652,273
FC(F)(F)c1cccc(N2CC[C@H]3CNC[C@H]32)c1,6.78,2,6.788544334656088,1293
O=S(=O)(c1cccc2ncccc12)N1CC[C@@H]1CCN1CCN(c2nsc3ccccc23)CC1,7.521,1,7.852759153439153,2192
O=c1[nH]c2cccc(N3CCN(CC4CCc5[nH]c6ccc(F)cc6c5C4)CC3)c2o1,6.888,7,7.679882167989415,2193
COc1cccc(C(=O)Nc2ccc(OCCN3CCOCC3)c(-c3ccnn3C)c2)c1,8.296,9,8.311589773809517,262
CNCc1cc(OCc2cc(F)ccc2F)n(CC(C)(C)C)n1,8.12,3,8.357606623015869,364
O=C1c2ccccc2CCCN1CCN1CCC(Oc2ccc(Cl)cc2)CC1,7.13,3,7.108709370370374,1079
O=C(N[C@H]1CC[C@H](CCN2CCN(c3nccc4sccc34)CC2)CC1)C1CCOCC1,8.77,7,8.524410383597884,2194
CN1CCN2c3c(cc(Br)cc31)[C@@H]1CN(CCCC(=O)c3ccc(F)cc3)CC[C@@H]12,8.4,9,8.065830638888887,166
Cc1cc2c(cc1C(F)(F)F)N(C(=O)Nc1ccc(Oc3cccnc3C)nc1)CC2,7.145,4,6.626950761904758,52
CCN1C(=N)N(C)/C(=C\c2c[nH]c3ccccc23)C1=O,6.182,1,6.538177981481477,187
CC(=O)N1CCN(CCOc2ccc(NC(=O)Nc3ccc(Cl)cc3)cc2-c2ccnn2C)CC1,9.019,5,8.840757574074074,1001
CCc1[nH]c2ccc(OC)cc2c1CCN(C)C,6.209,6,7.035410071308322,86
CCCOc1ccc(CNC(=O)N(Cc2ccc(F)cn2)[C@@H]2CCNC[C@@H]2F)cc1,8.0,4,8.035574444444446,225
O=C1NCc2ccc(OCCCN3CCN(c4cccc5ccc(F)cc45)CC3)c(F)c21,9.04,5,8.496243250000003,133
CCOc1ccc2c(c1[C@@H]1C[C@H]1CN)CCO2,6.01,6,6.660903925324675,557
CCOc1ccc2c(c1[C@H]1C[C@@H]1CN)CCO2,6.95,10,6.20389762169312,557
Fc1ccc(-c2nc(C3CCCC3)nc3c2CCNCC3)cc1,7.888,8,8.295134784151035,543
O=C(N[C@H]1CC[C@H](CCN2CCC(c3noc4cc(F)ccc34)CC2)CC1)c1ccc(N2CCOCC2)nc1,8.569,3,8.521000912698415,2195
CC(C)OCc1ccnc2c1CC[C@@H]1CNCCN21,6.65,5,7.23043684343434,450
COc1cc(CCNCc2ccccc2OC)c(OC)cc1I,10.013,8,9.005967899470892,115
[3H]C([3H])([3H])Oc1cc(I)c(OC)cc1CCNCc1ccccc1OC([3H])([3H])[3H],9.915,6,9.177586883597883,115
O=C(NCC1CCOCC1)c1ccc(C#Cc2ccccc2F)cc1,6.523,3,6.635585862554104,590
Cc1cccc(N2CCN(CCCNC(=O)c3nc(C)n(-c4ccccc4F)c3C)CC2)c1C,7.189,2,7.085351747354498,101
CCc1cc2c(c(C(F)(F)F)c1)C(=O)N[C@H]1CNC[C@H]21,6.51,10,6.644380613756613,33
CCC(Oc1cc(F)ccc1Cl)c1nc(N)nc(N2CCN(C)CC2)n1,6.51,6,6.310219749999996,349
Cc1ccc2c(N3CCN(CCc4cccc(N5CCOC5=O)c4)CC3)cccc2n1,6.1,1,6.940476133237132,2196
O=C(c1ccc([N+](=O)[O-])cc1)C1CCN(CCc2ccccc2)CC1,8.03,6,7.865464619047629,85
CN(C)CCCN1c2ccccc2Sc2ccccc21,7.905,4,7.564615300264554,1558
CCCn1c(-c2ccccc2)cc(C(=O)NCCCN2CCN(c3cccc(OC)c3)CC2)c1C,6.818,5,6.64617748941799,13
CC(C)N(c1cccc(N2CCN(C)CC2)c1)S(=O)(=O)c1ccc2ccccc2c1,6.929,6,6.952805757936504,1848
Nc1nc(N)nc(NCCCCN2CCN(c3cccc(Cl)c3Cl)CC2)n1,7.62,9,7.08096719047619,2197
CCCCCOc1cc2c(cc1OC)-c1c(OC)c(OC)cc3c1[C@H](C2)N(C)CC3,6.62,4,6.46217236904762,78
O=S(=O)(NCCN1CCC(c2noc3cc(F)ccc23)CC1)c1cccc2ccccc12,9.15,9,8.813018697089943,2198
O=C(N[C@H]1CC[C@H](CCN2CCN(c3nsc4ccccc34)CC2)CC1)Oc1ccc(Cl)cc1,8.1,5,8.738808253968248,751
Cc1cc2c(cn1)C(=O)N(CCN1CCN(c3noc4ccccc34)CC1)CC21CC1,8.659,6,8.40841756349206,1961
O=C1[C@@H]2[C@H]3CC[C@H](C3)[C@@H]2C(=O)N1CCCCCCN1CCN(c2ccc(Cl)cc2)CC1,7.14,4,6.812934309523815,933
Cc1ccc(C(=O)N[C@H]2CC[C@H](CCN3CCC(c4coc5ccccc45)CC3)CC2)cn1,8.291,2,8.16681432936508,2199
COc1ccc(S(=O)(=O)NCCCN2CCN(c3ccc(F)cc3)CC2)cc1,7.13,5,7.134992297619042,405
Nc1nc(NCCCCN2CCN(c3ccccc3)CC2)nc(NCCc2c[nH]c3ccccc23)n1,7.62,8,6.633208391534392,1640
COc1ccc(NS(=O)(=O)c2sc3ccc(Cl)cc3c2C)cc1N1CCN(C)CC1,6.0,7,6.629333259259255,2200
COc1cc(Cl)ccc1CN(C(=O)OCc1ccc(OC(C)C)cc1)C1CCN(C)CC1,10.0,7,8.542390781746034,74
O=S(=O)(c1ccccc1F)C1(F)CCN(CCc2ccc(F)cc2F)CC1,9.49,7,9.207143591269842,35
CO[C@H]1CC[C@H](CC(=O)N[C@H]2CC[C@H](CCN3CCN(c4nccc5sccc45)CC3)CC2)C1,8.368,8,8.44812377525253,2201
CO[C@@H]1CC[C@@H](CC(=O)N[C@H]2CC[C@H](CCN3CCN(c4nccc5sccc45)CC3)CC2)C1,8.34,2,8.494290928571434,2201
CC(C)Oc1cccnc1N(C)C1CCN(Cc2ccc(I)cc2)CC1,6.562,1,6.8301248677248685,2202
CCCCC([Se]c1ccccc1)c1nc(N)nc(N2CCN(C)CC2)n1,6.472,6,6.51409789682539,189
COc1cccc2c1Cc1ccccc1C2CN,6.908,2,7.224099017195767,151
Clc1ccc2c(c1)CCNCC2,7.025,4,7.221195458032708,39
CCCCCc1cc(OC)c(CC(N)CO)cc1OC,7.287,7,7.916063242063492,188
COc1ccc(CCN(CCCc2cc(OC)c(OC)c(OC)c2)CCc2ccc3c(c2)OCO3)cc1OC,6.84,7,6.575526220899471,47
COc1ccccc1N1CCN(CCCCOc2ccn3nc(C#N)cc3c2)CC1,6.389,1,6.806826854497356,248
Cn1nccc1-c1cc(NC(=O)c2ccno2)ccc1OCCN,7.04,7,8.563203357142864,2203
COCCN(C)CCOc1ccc(NC(=O)c2c(F)cnn2C)cc1-c1c(C)ncnc1C,8.024,10,8.039676017316024,2204
COCCC(=O)N[C@H]1CC[C@H](CCN2CCC(c3cccc4occc34)CC2)CC1,8.15,9,8.229476718253965,223
N#CCC(=O)N[C@H]1CC[C@H](CCN2CCC(c3cccc4c3OCO4)CC2)CC1,7.65,6,7.733286440476186,62
Cc1cccc(N2CCN(CC(O)CNC(=O)c3nc(C)n(-c4cccc(Cl)c4)c3C)CC2)c1C,6.56,1,6.757287928330922,101
CNC[C@H]1C[C@@H]1c1cc(F)ccc1OC,6.57,8,6.620803596200102,69
CN1CCN2c3c(cccc31)[C@@H]1CN(CCCc3noc4cc(F)ccc34)CC[C@@H]12,8.6,4,8.405262809523808,632
Clc1cncc(NCCCCN2CCN(c3ccccc3)CC2)n1,6.87,4,7.080566575036073,2205
O=C1c2ccccc2CCCN1CCN1CCC(n2c(=O)oc3ccccc32)CC1,6.01,9,7.137729085978834,444
O=C1C2CC=CCC2C(=O)N1CCCCN1CCN(c2cccc3sccc23)CC1,9.221,7,7.167639329365078,2206
CNC(=O)c1ccc2[nH]nc(Cc3ccc4c(cnn4C)c3)c2c1,6.62,7,7.497323838624335,2207
O=c1ccc2ccc(OCCCCN3CCN(c4cccc5sccc45)CC3)cc2[nH]1,9.329,3,6.803434518518523,2208
CC(C)COc1ccc(CN(Cc2cccs2)C(=O)NC2CCN(C)CC2)cc1,8.0,2,7.871108688311691,990
NCCc1c[nH]c2ccc(F)cc12,8.58,3,7.833172410052906,86
CCc1ccc(CN(C(=O)OCc2ccc(OC(C)C)cc2)C2CCN(C)CC2)c(F)c1,8.6,7,8.820852693121688,74
NC[C@H]1C[C@@H]1c1ccc(F)cc1Cl,6.815,7,6.5738110185185175,69
O=C1CCc2cc(OCCCN3CCN(c4ccccn4)CC3)ccc21,6.792,8,6.430431981481488,2209
CC(C)COc1ccc(CNC(=O)N(Cc2cc3c(cn2)OCCO3)C2CCN(C)CC2)cc1,6.66,8,7.777404748677248,2210
Cc1[nH]nc(C(=O)N2CCN(CC(=O)c3ccc(F)cc3)CC2)c1F,7.96,5,7.866414750000002,162
O=S(=O)(c1cccc2cccnc12)N(CCCN1CCN(c2ccc(F)cc2)CC1)CC1CCCCC1,8.291,4,7.998308400793646,50
CCCN(C)CCOc1ccc(NC(=O)C2CC2)cc1-c1c(C)ncnc1C,7.425,10,7.265604261904764,96
CCC(Oc1cc(F)ccc1OC)c1nc(N)nc(N2CCN(C)CC2)n1,6.088,1,6.545546888888891,349
COc1ccc(-n2c(C)nc(C(=O)NCCCN3CCN(c4cccc(C)c4C)CC3)c2C)cc1,7.201,1,7.240933297619046,101
O=S(=O)(NCCCCN1CCC(c2noc3cc(F)ccc23)CC1)c1cccc2scnc12,8.07,1,8.241193731481488,2211
NCCCCNC(=O)COc1ccc(CCCn2ncc3c2nc(N)n2nc(-c4ccco4)nc32)cc1,8.72,6,6.842674881673879,2212
FC(F)(F)CCc1ccnc2c1CC[C@@H]1CNCCN21,6.332,10,7.508209753968257,450
O=C(CCCN1CCCc2ccccc2C1)c1ccc(Cl)cc1,6.92,5,6.978173120065122,2213
COc1ccc(-c2nc(C3CCCC3)nc3c2CCNCC3)cc1,7.959,1,7.609153075396827,543
Fc1ccc(CCCCN2C3CCC2CN(c2ccc(Cl)cn2)C3)cc1,7.03,2,7.364183125661375,2214
c1ccc(-c2ccc(CNCCc3c[nH]c4ccccc34)o2)cc1,6.338,6,6.874932276214528,481
O=S(=O)(NCCCCN1CCC(c2noc3cc(F)ccc23)CC1)c1cc2ccc(Cl)cc2s1,9.098,5,8.778732031746024,714
O=S(=O)(c1cncc2ccccc12)N1CCC[C@@H]1CCN1CCN(c2cccc3c2OCCO3)CC1,6.41,3,7.010522651996148,2215
O=S(=O)(c1cncc2ccccc12)N1CCC[C@H]1CCN1CCN(c2cccc3c2OCCO3)CC1,7.04,1,6.670046873015874,2215
Cc1nc2n(c(=O)c1CCN1CCN(c3cccc4sccc34)CC1)CCCC2Cl,7.91,3,7.817813403439154,368
O=C(NC/C=C/CN1CCN(c2cccc(Cl)c2Cl)CC1)c1ccc(-c2ccccn2)cc1,7.21,7,7.119385083333336,949
CCOCN(C)C(=O)N[C@H]1CC[C@H](CCN2CCN(c3cccc(Cl)c3Cl)CC2)CC1,7.221,6,7.429758310846557,401
Cn1cc(C(=O)C(=O)N[C@H]2CN3CCC2CC3)c2ccccc21,4.9,10,5.898602563492064,2216
Cn1cc(C(=O)C(=O)N[C@@H]2CN3CCC2CC3)c2ccccc21,4.6,2,6.00318885714286,2216
COc1ccc2c(c1)CC(Oc1ccc(Cl)cc1OC1CNC1)C2,7.456,1,7.255649711640209,2217
CCc1cc2c(c(C(F)(F)F)c1)C(=O)N(C)[C@H]1CNC[C@H]21,6.08,2,6.846535313492069,33
O=C(N[C@H]1CC[C@H](CCN2CCN(c3cccc4sccc34)CC2)CC1)C1(O)CC1,9.585,3,8.72071046825398,2218
CN(C)CC1CC2c3c(cccc3C(F)(F)F)Cc3ccccc3N2O1,7.169,9,7.2959863425925855,309
Cc1ccc2c(c1)N1CCNCCC1NC2=O,6.181,1,6.571528253968252,911
CCn1nc(-c2cccc3cccnc23)cc1-c1ccc(N)nn1,6.2,9,6.8101890119047646,1739
CCOc1cc2c(cc1OC)-c1c(OC)c(OC)cc3c1[C@H](C2)N(C)CC3,6.089,7,6.29644172222222,78
O=C1CC(CN2CCC(c3noc4cc(F)ccc34)CC2)Cc2ncncc21,7.63,3,8.036360765873019,659
CCC(C)C(=O)N[C@H]1CC[C@H](CCN2CCC(c3cccc4c3CCO4)CC2)CC1,7.191,8,7.371724224867724,224
CCC(Oc1cc(Cl)ccc1Cl)c1nc(N)nc(N2CCNCC2)n1,7.209,10,6.662516798941797,349
O=C1c2ncccc2CCC1CCN1CCN(c2noc3ccccc23)CC1,8.22,6,8.012008006613764,874
O=C(CCCN1CCN(CCC2Cc3ccccc3C2=O)CC1)c1ccc(F)cc1,7.17,5,7.56689478174603,2219
Cc1cc(CC(=O)N[C@H]2CC[C@H](CCN3CCN(c4nccc5c4CCO5)CC3)CC2)on1,7.819,9,7.663538002645507,2220
CN(C)CCCN1c2ccccc2Sc2ccc(Cl)cc21,8.23,10,7.684214458994708,1558
O=C(N[C@H]1CC[C@H](CCN2CCC(c3cccc4c3OCO4)CC2)CC1)C(F)(F)F,7.429,1,7.610683212962962,62
COc1ccc(S(=O)(=O)n2cc(C)c3cc(Cl)ccc32)cc1NC1CCN(C)CC1,6.27,5,6.791947378306878,2221
CN(C)S(=O)(=O)N[C@H]1CC[C@H](CCN2CCC(c3coc4ccccc34)CC2)CC1,8.358,5,8.094836394179895,181
CCN(CCN1CCC(c2noc3cc(F)ccc23)CC1)C(=O)C1CN(C(C)=O)CC1O,8.24,8,8.635614853174607,1768
O=C(NCC(O)CCN1CCN(c2cccc(Cl)c2Cl)CC1)c1ccc(-c2ccccn2)cc1,7.81,8,7.295936206349206,291
Cc1noc(C)c1-c1cc(NC(=O)C2CC23CCOCC3)ccc1OC[C@H]1CCCCN1,7.556,6,7.35613511640212,2222
OCCOCCN1CCN(C(c2ccccc2)c2ccc(Cl)cc2)CC1,7.3,7,6.747490301587302,1890
Cc1cccc(N2CCN(CCCCNC(=O)c3cc(-c4ccccc4)[nH]c3C)CC2)c1C,8.0,1,6.979558884920635,571
COc1ccccc1N1CCN(CCCCOc2ccc3c(c2)NC(=O)CO3)CC1,6.929,3,6.641351682539686,1532
Cc1ccc2c3c1C(C)(C)CN3CCNC2,6.673,6,6.707129628306882,281
COc1cc(CC(C)N)c(OC)cc1CCCCC(F)(F)F,7.799,3,8.175655513227515,188
CCN(CCN1CCC(c2noc3cc(F)ccc23)CC1)C(=O)C1CN(C)CCC1O,8.141,10,8.771146020923524,307
CCC(CC)NC(=O)[C@H]1C=C2c3cccc4[nH]cc(c34)C[C@H]2N(C)C1,7.25,7,8.663291802910058,53
O=c1ccc2ccc(CCN3CCN(c4cncc5sccc45)CC3)cc2[nH]1,6.54,1,7.206428428571431,2223
O=S(=O)(NCCCCN1CCN(c2cccc(Cl)c2Cl)CC1)c1cccc2cccnc12,7.54,9,7.360222957671952,2224
Cn1nccc1-c1cc(NC(=O)Cc2ccc(F)cc2)ccc1OCCN1CCCCC1,7.862,9,8.374956652116408,2225
Cc1ccc(Oc2ccccc2CN(C)C)cc1,7.13,3,6.6442580634920665,6
O=C(N[C@H]1CC[C@H](CCN2CCN(c3nccc4c3CCO4)CC2)CC1)c1ccc(-c2ccccc2)cc1,7.63,4,7.692410080567585,2226
CCCc1nc(C(=O)NCC(O)CN2CCN(c3cccc(Cl)c3C)CC2)cn1-c1ccc(Cl)cc1,6.97,6,6.770766899470902,101
CC(C)(C)c1ccc(S(=O)(=O)N[C@H]2CC[C@H](CCN3CCC(c4coc5ccccc45)CC3)CC2)cc1,7.501,4,7.98295212962963,611
CCN(CC(F)F)C(=O)[C@@H]1C=C2c3cccc4[nH]cc(c34)C[C@H]2N(C)C1,9.539,9,8.734449742063491,53
CC(=O)Nc1nc2cccc(CCN3CCN(c4cccc5sccc45)CC3)c2s1,7.46,8,7.421037313492061,463
C=C(C)COc1ccc2occc2c1[C@H]1C[C@@H]1CN,6.585,2,6.6395573611111125,1134
CCc1cc(C)c2c(c1)[C@H]1CNC[C@@H]1NC2=O,6.132,9,6.660450654761904,33
COc1ccc(-n2c(C)nc(C(=O)NCC(O)CN3CCN(c4cccc(Cl)c4C)CC3)c2C)cc1,7.25,8,6.783743166666668,101
Clc1cccc(-c2n[nH]cc2N2CCNCC2)c1,6.08,5,6.634092056878309,2227
CNCCc1cc(OC)c(Br)cc1OC,8.009,5,8.129323234126984,188
N#Cc1c[nH]c2c(C(=O)N3CCN(CCc4ccc(F)cc4F)CC3)cccc12,9.06,1,8.466142022486766,121
CC(C)(C)NC1=NCCN=C(c2ccc(F)cc2)C1,7.678,6,7.496985886724389,395
CCN(CCOC)CCOc1ccc(NC(=O)C2CC2)cc1-c1c(C)ncnc1C,6.752,10,7.542452801587298,96
Cc1cc2c(cc1C(F)(F)F)N(C(=O)Nc1ccc(OCc3ccccn3)cc1)CC2,6.4,4,6.86681082683983,2228
O=C1C2CCCC2C(=O)N1CCCCN1CCN(c2cccc3sccc23)CC1,8.96,8,7.666870272486769,2229
CCCc1nc(C(=O)NCCCN2CCN(c3cccc(C)c3C)CC2)c(C)n1-c1ccccc1,7.122,5,7.03251707202982,101
COc1cc(CCNCc2ccc(F)cc2)c(OC)cc1Br,7.995,8,7.9425889450456815,115
O=C1c2cnc(C3CC3)nc2CCN1CCN1CCN(c2nsc3ccccc23)CC1,8.92,10,8.740248656084665,2230
COc1ccc(N2Cc3cc(Cl)cc(Cl)c3C2=O)cc1OCCN1CCC(C)(C)CC1,6.4,5,6.356758764550274,71
Oc1ccc2[nH]c3c(c2c1)CCNC3c1cncnc1,6.096,10,6.6639390767195765,199
CC(C)COc1ccc(CNC(=O)N(Cc2cccc(F)n2)C2CCN(C)CC2)cc1,7.26,1,8.017645365079366,225
COc1ccc2[nH]cc(CCN(C)C)c2c1,7.856,6,6.957735460317455,86
CNCc1cc(OCc2cc(F)ccc2F)n(CC2CCCC2)n1,8.659,2,8.879661367724868,279
CC(=O)Nc1ccc(OCCCN2CCN(c3cccc4ccsc34)CC2)cc1,6.961,3,7.303802588624342,2231
CC(=O)Nc1ccc(OCCCN2CCN(c3nsc4ccccc34)CC2)cc1,6.931,9,7.373873748677249,2232
OC1(c2ccc(Cl)cc2)CCN(CCCCc2ccc(F)cc2)CC1,6.52,5,6.882046228835979,2233
O=C1[C@@H]2[C@H]3CC[C@H](C3)[C@@H]2C(=O)N1CCCCCCN1CCN(c2cccc(C(F)(F)F)c2)CC1,6.722,10,7.0337223425925925,933
Cc1nc(CN(Cc2ccc(CCC(F)(F)F)cc2)C(=O)NC2CCN(C)CC2)co1,8.0,6,8.04689245238095,552
O=C(Cc1ccc2c(c1)OCO2)N[C@H]1CC[C@H](CCN2CCC(c3cccc4c3CCO4)CC2)CC1,7.342,8,7.53662721115921,2234
O=S(=O)(N[C@H]1CC[C@H](CCN2CCN(c3nsc4ccccc34)CC2)CC1)c1cccnc1,8.091,1,8.911957160774412,2235
COc1ccccc1CNC[C@@H]1C[C@H]1c1cc(F)ccc1OC,7.145,4,6.8840452473544955,276
COc1ccccc1CNC[C@H]1C[C@@H]1c1cc(F)ccc1OC,6.86,6,6.945443783068784,276
O=C(N[C@H]1CC[C@H](CCN2CCN(c3cccc4c3OCO4)CC2)CC1)c1ccc(F)cc1,7.54,7,7.7258909725829685,1054
O=C(c1ccccc1)N(CCCN1CCN(c2cccc(Cl)c2Cl)CC1)CC1CC1,6.12,9,7.24576752741703,2236
CC(=O)N[C@H]1CC[C@H](CCN2CCC(c3noc4cc(F)ccc34)CC2)CC1,8.65,10,8.39612457010582,109
CC1CC2(C)CC(=O)C1C1C(=O)N(CCCCN3CCN(c4ccc(F)cc4)CC3)C(=O)C12,6.99,1,7.0381915859788355,558
CCSc1cc(OC)c(C2CCCNC2)cc1OC,7.07,10,6.953091575396828,111
Cc1cccc2c1C1CC(CN(C)C)ON1c1ccccc1C2,7.32,10,7.398391769841269,309
O=C1c2cccnc2CCN1CCN1CCN(c2nsc3ccccc23)CC1,8.65,7,8.668295268518527,2237
Fc1ccc(-c2noc3c2CCNCC3)cc1,6.328,5,7.16497209259259,925
COc1ccc2[nH]cc(C3CC(=O)N(CCCCN4CCC(c5c[nH]c6ccccc56)CC4)C3=O)c2c1,7.51,7,6.519911828042323,760
Fc1ccc(-c2nc(Cc3ccccc3)nc3c2CNCC3)cc1,7.699,10,7.810622128427122,941
Cc1nc2n(c(=O)c1CCN1CCC(c3noc4cc(F)ccc34)CC1)CCCC2(F)F,8.15,4,8.117597952380953,292
COc1cccc2c(CCN)c[nH]c12,6.3,9,7.430955805555561,86
Cc1ncnc(C)c1-c1cc(NC(=O)CC2CCOC2)ccc1OCCN1CCCC1,7.886,8,7.6390220198412715,2238
Cc1cncc2c1CCN(CCN1CCN(c3noc4ccccc34)CC1)C2=O,7.95,7,8.323912026455028,49
Fc1cccc(CCN2CCN(CCCc3c[nH]c4ccc(-n5cnnc5)cc34)CC2)c1,6.431,3,7.076006080687828,2239
COc1cc(S(=O)(=O)C(C)(C)C)c(OC)cc1CCN,6.28,1,8.065318064814816,188
Nc1nc(NCCc2c[nH]c3ccccc23)nc(N2CCN(c3ccccc3)CC2)n1,4.97,9,6.456785034391541,1898
O=S(=O)(c1ccc2c(c1)CCNCC2)N1CCC(Oc2ccccc2Cl)CC1,7.497,1,6.8876883310948305,2240
COc1cc(SCCC(F)F)c(OC)cc1CCN,8.519,1,7.7898289586339615,188
COc1cc2c(cc1NS(=O)(=O)c1ccc(-c3ccc(Cl)cc3)cc1)CCN(C)CC2,7.6,5,7.232519272486774,451
CN1CCC(N(Cc2ccc(F)cc2)C(=O)NCc2ccc3c(c2)CC(C)(C)O3)CC1,9.957,6,8.243408976190477,424
CC(N)Cn1ccc2c1-c1cc(F)ccc1C2,6.7,5,6.929889514550262,315
COc1cccc([C@@H](C)NCCCc2ccccc2Cl)c1,6.74,4,7.367462999398752,2241
C[C@H]1SC(c2ccccc2O)=N[C@H]1CO,8.0,1,7.7430096904761925,2242
C[C@@H]1SC(c2ccccc2O)=N[C@H]1CO,8.0,6,7.7755816309523835,2242
C[C@H]1SC(c2ccccc2O)=N[C@@H]1CO,8.0,3,7.7275263905723905,2242
CC(C)COc1ccc(COC(=O)N(Cc2ccc(F)c(F)c2F)C2CCN(C)CC2)cc1,8.9,6,8.905243496031757,74
CN1CCN2c3c(cccc31)[C@H]1CCN(CCCC(=O)c3ccc(F)cc3)CC[C@H]12,7.77,2,8.473793440476188,2243
CN1CCN2c3c(cccc31)[C@@H]1CCN(CCCC(=O)c3ccc(F)cc3)CC[C@@H]12,8.77,9,7.909889760582012,2243
CN1CCC(N(Cc2ccc(F)cn2)C(=O)NCc2ccc(OCC(F)(F)C(F)F)cc2)CC1,8.0,8,8.064492603174605,225
Cc1nccc2c1C(=O)N(CCN1CCN(c3noc4ccccc34)CC1)CC2,8.278,7,8.29098282407408,49
O=C1NCc2ccc(OCCCN3CCN(c4cccc5ccccc45)CC3)c(Cl)c21,8.688,7,8.38448640079365,133
O=S(=O)(NCCCCN1CCN(c2noc3ccccc23)CC1)c1ccc(Cl)c(Cl)c1,8.0,3,7.421268488095238,1663
CCc1ccc2c(c1OC)C(=O)N1CCNC[C@@H]21,7.025,2,6.717604517316015,184
CCN(CCN1CCC(c2noc3cc(F)ccc23)CC1)C(=O)C1CNCCC1O,8.21,4,8.764218314814812,307
Cc1cccc(COc2ccc(NC(=O)N3CCc4cc(C)c(C(F)(F)F)cc43)cn2)n1,6.0,3,6.685459055555551,1029
Cc1noc(C)c1-c1cc(NC(=O)C(F)c2ccccc2)ccc1OC[C@H]1CCCCN1,8.469,8,8.078953603174607,701
O=C1c2ccccc2C(=O)N1CCCCCCN1CCN(c2nsc3ccccc23)CC1,7.62,9,8.046290249999991,2244
Cc1nc(N)[nH]c1-c1cn(S(=O)(=O)c2ccccc2)c2ccccc12,7.0,7,6.275959554112554,48
CN(C)CCC1=C(Cc2cnccn2)c2ccccc2C1,9.221,2,7.0886388042328035,2245
OCCN1CCN(c2nc(Nc3ccccc3F)c3ccccc3n2)CC1,6.85,2,6.661892357142857,214
CN(C)c1ccc(C(=O)N[C@H]2CC[C@H](CCN3CCC(c4noc5cc(F)ccc45)CC3)CC2)cc1,7.942,8,8.48559457142857,1725
CC1CN(C2=Cc3ccccc3Cn3ccnc32)CC(C)N1CCC(=O)O,7.4,10,6.916587223785477,202
[2H]C([2H])([2H])N1CCC[C@@H]1Cc1c[nH]c2cccc(F)c12,6.301,10,6.559221489417987,34
Cn1ncc(Cl)c1-c1cc(NC(=O)c2cccc(F)c2)ccc1OCCN1CCOCC1,9.22,8,8.527347232804232,262
O=C1[C@@H]2[C@H]3CC[C@H](C3)[C@@H]2C(=O)N1CCCCN1CCC(c2noc3cc(F)ccc23)CC1,8.282,10,8.467135814814808,2246
Cn1cc2c(n1)CCN(CCN1CCC(c3noc4ccccc34)CC1)C2=O,8.46,8,8.421516285714285,906
O=C1CC2(CCCC2)CC(=O)N1CCCCNCC1COc2ccccc2C1,7.251,3,6.928722623015872,1777
CCCOc1ccc2c(c1[C@H]1C[C@@H]1CN)CCO2,6.13,4,6.358973456349211,557
COc1c(C)ccc2c1C[C@@H]1CNCCN1C2=O,6.188,7,6.55305283994709,147
CCCc1nc(C(=O)NCC(O)CN2CCN(c3cccc(Cl)c3Cl)CC2)c(C)n1-c1ccc(F)cc1,6.709,1,6.94949959126984,101
CCOC(=O)[C@@H]1CN(CCn2c(=O)[nH]c3ccccc3c2=O)CC[C@H]1c1ccc(F)cc1,7.43,8,8.212630612433863,2247
Cc1ccccc1-c1cc(Cl)cc2c1N1CCNCCC1C2,7.058,10,6.840461361111116,473
CCCc1nc(C(=O)NCCCN2CCN(c3cccc(C)c3C)CC2)cn1-c1ccc(Cl)cc1,7.49,3,7.176244134920638,101
Cc1ccc(CNc2nc(Nc3ccc(F)cc3)c3cn[nH]c3n2)cc1,6.02,10,7.166731357623857,2248
O=C1NCc2ccc(OCCCCN3CCN(c4cccc5c4COC5)CC3)cc21,6.9,1,7.916925523809523,2249
CNCC1c2ccccc2Cc2ccccc21,7.28,5,6.929849023809521,151
Cc1cccnc1CN(Cc1ccc(OCC(C)C)cc1)C(=O)NC1CCN(C)CC1,8.0,10,7.776651182539682,43
COc1ccccc1N1CCN(CCCCNC(=O)c2ccc3c(c2)Cc2ccccc2-3)CC1,6.81,1,6.655332870490619,1671
CC(C)(C)c1ccc(C(=O)N[C@H]2CC[C@H](CCN3CCN(c4nccc5c4CCO5)CC3)CC2)cc1,7.18,7,7.700122558201051,824
CC(C)(C)[C@@]1(O)CCN2C[C@@H]3c4ccccc4CCc4cccc(c43)[C@H]2C1,8.53,1,7.016801085738337,2250
O=S1(=O)c2cccc3cccc(c23)N1CCCCCCN1CCN(c2ccccn2)CC1,6.35,7,6.62207987037037,2251
CC(C)COc1ccc(CNC(=O)N(Cc2cccc3ccncc23)C2CCN(C)CC2)cc1,7.0,9,7.578360130952373,2252
COc1cc(CCNC2COc3ccccc32)c(OC)cc1Br,7.635,9,7.106133999999993,856
c1cc(C2CC2)c2c(n1)N1CCNC[C@H]1CC2,6.4,7,7.302317867364116,2253
CN(C)CCOC(c1ccccc1)c1ccccc1,6.295,4,6.618848507936507,783
