path,category,extension,size_kb,in_git
.coverage,"Root: application, build and project files",(none),52.0,no
.dockerignore,"Root: application, build and project files",(none),0.1,yes
.gcloudignore,"Root: application, build and project files",(none),0.6,yes
.github/workflows/ci.yml,"Root: application, build and project files",yml,3.1,yes
.gitignore,"Root: application, build and project files",(none),4.8,yes
.pytest_cache/.gitignore,"Root: application, build and project files",(none),0.0,no
.pytest_cache/CACHEDIR.TAG,"Root: application, build and project files",TAG,0.2,no
.pytest_cache/README.md,"Root: application, build and project files",md,0.3,no
.pytest_cache/v/cache/lastfailed,"Root: application, build and project files",(none),0.3,no
.pytest_cache/v/cache/nodeids,"Root: application, build and project files",(none),9.5,no
.regen_backup_path,"Root: application, build and project files",(none),0.0,yes
.streamlit/config.toml,"Root: application, build and project files",toml,0.9,yes
api.py,"Root: application, build and project files",py,9.0,yes
app.py,"Root: application, build and project files",py,215.7,yes
ARCHIVE_MANIFEST.csv,"Root: application, build and project files",csv,234.5,yes
assets/brainsafe_mark_256.png,Application assets,png,102.8,yes
assets/brainsafe_mark_512.png,Application assets,png,344.1,yes
assets/sai_net_logo.png,Application assets,png,344.1,yes
assets/sai_net_logo_original_green.png,Application assets,png,28.6,yes
assets/sssihl_logo.png,Application assets,png,76.0,yes
audit/AUDIT_REPORT.md,"Root: application, build and project files",md,99.1,no
audit/DEPOSIT.md,"Root: application, build and project files",md,5.3,no
audit/evidence/duplicate_audit.csv,"Root: application, build and project files",csv,2.9,no
audit/evidence/health_full.txt,"Root: application, build and project files",txt,3.7,no
audit/evidence/leak_external.py,"Root: application, build and project files",py,2.8,no
audit/evidence/leak_external.txt,"Root: application, build and project files",txt,5.8,no
audit/evidence/leak_internal.py,"Root: application, build and project files",py,3.3,no
audit/evidence/leak_internal.txt,"Root: application, build and project files",txt,5.1,no
audit/evidence/repro_cv.csv,"Root: application, build and project files",csv,0.5,no
audit/evidence/repro_cv.py,"Root: application, build and project files",py,3.1,no
audit/evidence/repro_cv.txt,"Root: application, build and project files",txt,2.3,no
audit/evidence/repro_scaffold.py,"Root: application, build and project files",py,2.7,no
audit/evidence/repro_scaffold.txt,"Root: application, build and project files",txt,0.4,no
audit/evidence/scaffold_mismatch.py,"Root: application, build and project files",py,1.9,no
audit/evidence/venv_freeze.txt,"Root: application, build and project files",txt,1.9,no
audit/EXECUTIVE_SUMMARY.md,"Root: application, build and project files",md,11.3,no
audit/FIXES.md,"Root: application, build and project files",md,28.4,no
audit/MANUSCRIPT_NUMBERS.md,"Root: application, build and project files",md,14.1,no
audit/REGENERATION.md,"Root: application, build and project files",md,17.2,no
caches_manifest.json,"Root: application, build and project files",json,12.5,yes
CITATION.cff,"Root: application, build and project files",cff,1.3,yes
data/_bindingdb_cache/A2A.json,"Root: application, build and project files",json,593.8,no
data/_bindingdb_cache/A2A_censored.csv,"Root: application, build and project files",csv,34.5,no
data/_bindingdb_cache/A2A_labelled.csv,"Root: application, build and project files",csv,332.3,no
data/_bindingdb_cache/AChE.json,"Root: application, build and project files",json,236.7,no
data/_bindingdb_cache/AChE_censored.csv,"Root: application, build and project files",csv,0.6,no
data/_bindingdb_cache/AChE_labelled.csv,"Root: application, build and project files",csv,144.4,no
data/_bindingdb_cache/BACE1.json,"Root: application, build and project files",json,916.8,no
data/_bindingdb_cache/BACE1_censored.csv,"Root: application, build and project files",csv,1.9,no
data/_bindingdb_cache/BACE1_labelled.csv,"Root: application, build and project files",csv,464.9,no
data/_bindingdb_cache/BChE.json,"Root: application, build and project files",json,140.9,no
data/_bindingdb_cache/BChE_censored.csv,"Root: application, build and project files",csv,0.7,no
data/_bindingdb_cache/BChE_labelled.csv,"Root: application, build and project files",csv,88.9,no
data/_bindingdb_cache/D2.json,"Root: application, build and project files",json,778.6,no
data/_bindingdb_cache/D2_censored.csv,"Root: application, build and project files",csv,6.7,no
data/_bindingdb_cache/D2_labelled.csv,"Root: application, build and project files",csv,366.5,no
data/_bindingdb_cache/GSK3B.json,"Root: application, build and project files",json,407.8,no
data/_bindingdb_cache/GSK3B_censored.csv,"Root: application, build and project files",csv,39.1,no
data/_bindingdb_cache/GSK3B_labelled.csv,"Root: application, build and project files",csv,204.9,no
data/_bindingdb_cache/hERG_labelled.csv,"Root: application, build and project files",csv,0.0,no
data/_bindingdb_cache/HT2A.json,"Root: application, build and project files",json,608.0,no
data/_bindingdb_cache/HT2A_censored.csv,"Root: application, build and project files",csv,14.1,no
data/_bindingdb_cache/HT2A_labelled.csv,"Root: application, build and project files",csv,283.5,no
data/_bindingdb_cache/MAO_A.json,"Root: application, build and project files",json,62.9,no
data/_bindingdb_cache/MAO_A_censored.csv,"Root: application, build and project files",csv,0.4,no
data/_bindingdb_cache/MAO_A_labelled.csv,"Root: application, build and project files",csv,38.4,no
data/_bindingdb_cache/MAO_B.json,"Root: application, build and project files",json,161.7,no
data/_bindingdb_cache/MAO_B_censored.csv,"Root: application, build and project files",csv,3.8,no
data/_bindingdb_cache/MAO_B_labelled.csv,"Root: application, build and project files",csv,96.3,no
data/_bindingdb_cache/SERT.json,"Root: application, build and project files",json,339.0,no
data/_bindingdb_cache/SERT_censored.csv,"Root: application, build and project files",csv,5.8,no
data/_bindingdb_cache/SERT_labelled.csv,"Root: application, build and project files",csv,174.0,no
data/_chembl_cache/A1_inactive.json,"Root: application, build and project files",json,64.6,no
data/_chembl_cache/A2A_inactive.json,"Root: application, build and project files",json,82.1,no
data/_chembl_cache/A2A_y.json,"Root: application, build and project files",json,850.8,no
data/_chembl_cache/a3b4nAChR_inactive.json,"Root: application, build and project files",json,15.2,no
data/_chembl_cache/a4b2nAChR_inactive.json,"Root: application, build and project files",json,26.9,no
data/_chembl_cache/a7nAChR_inactive.json,"Root: application, build and project files",json,28.8,no
data/_chembl_cache/AChE.json,"Root: application, build and project files",json,870.9,no
data/_chembl_cache/AChE_inactive.json,"Root: application, build and project files",json,117.6,no
data/_chembl_cache/AChE_std.json,"Root: application, build and project files",json,899.0,no
data/_chembl_cache/AChE_y.json,"Root: application, build and project files",json,780.7,no
data/_chembl_cache/antioxidant_dpph_raw.json,"Root: application, build and project files",json,376.2,no
data/_chembl_cache/BACE1.json,"Root: application, build and project files",json,1440.6,no
data/_chembl_cache/BACE1_inactive.json,"Root: application, build and project files",json,83.0,no
data/_chembl_cache/BACE1_std.json,"Root: application, build and project files",json,1927.4,no
data/_chembl_cache/BACE1_y.json,"Root: application, build and project files",json,1703.6,no
data/_chembl_cache/BChE_inactive.json,"Root: application, build and project files",json,96.9,no
data/_chembl_cache/BChE_std.json,"Root: application, build and project files",json,512.1,no
data/_chembl_cache/BChE_y.json,"Root: application, build and project files",json,445.1,no
data/_chembl_cache/Cav3_2_inactive.json,"Root: application, build and project files",json,18.9,no
data/_chembl_cache/CB1_inactive.json,"Root: application, build and project files",json,431.6,no
data/_chembl_cache/CGRP_inactive.json,"Root: application, build and project files",json,4.2,no
data/_chembl_cache/COX2_inactive.json,"Root: application, build and project files",json,116.4,no
data/_chembl_cache/CSF1R_inactive.json,"Root: application, build and project files",json,21.7,no
data/_chembl_cache/D2_inactive.json,"Root: application, build and project files",json,144.3,no
data/_chembl_cache/D2_y.json,"Root: application, build and project files",json,1420.5,no
data/_chembl_cache/D3_inactive.json,"Root: application, build and project files",json,35.9,no
data/_chembl_cache/DAT_inactive.json,"Root: application, build and project files",json,60.4,no
data/_chembl_cache/DHODH_inactive.json,"Root: application, build and project files",json,65.5,no
data/_chembl_cache/extended_candidates.json,"Root: application, build and project files",json,2.3,no
data/_chembl_cache/GABA_A_inactive.json,"Root: application, build and project files",json,6.2,no
data/_chembl_cache/GABAA_a5_inactive.json,"Root: application, build and project files",json,1.5,no
data/_chembl_cache/GBA1_inactive.json,"Root: application, build and project files",json,27.6,no
data/_chembl_cache/GluA2_inactive.json,"Root: application, build and project files",json,6.3,no
data/_chembl_cache/GluN2B_inactive.json,"Root: application, build and project files",json,4.5,no
data/_chembl_cache/GSK3B.json,"Root: application, build and project files",json,857.4,no
data/_chembl_cache/GSK3B_inactive.json,"Root: application, build and project files",json,166.7,no
data/_chembl_cache/GSK3B_std.json,"Root: application, build and project files",json,880.1,no
data/_chembl_cache/GSK3B_y.json,"Root: application, build and project files",json,764.2,no
data/_chembl_cache/H3_inactive.json,"Root: application, build and project files",json,27.5,no
data/_chembl_cache/HDAC1_inactive.json,"Root: application, build and project files",json,140.2,no
data/_chembl_cache/HDAC6_inactive.json,"Root: application, build and project files",json,124.0,no
data/_chembl_cache/hERG.json,"Root: application, build and project files",json,1286.7,no
data/_chembl_cache/hERG_inactive.json,"Root: application, build and project files",json,706.7,no
data/_chembl_cache/hERG_std.json,"Root: application, build and project files",json,1577.4,no
data/_chembl_cache/hERG_y.json,"Root: application, build and project files",json,1379.4,no
data/_chembl_cache/HT1A_inactive.json,"Root: application, build and project files",json,44.2,no
data/_chembl_cache/HT2A_inactive.json,"Root: application, build and project files",json,73.8,no
data/_chembl_cache/HT2A_y.json,"Root: application, build and project files",json,809.4,no
data/_chembl_cache/HT6_inactive.json,"Root: application, build and project files",json,17.9,no
data/_chembl_cache/HT7_inactive.json,"Root: application, build and project files",json,22.4,no
data/_chembl_cache/KEAP1_inactive.json,"Root: application, build and project files",json,11.0,no
data/_chembl_cache/LRRK2_inactive.json,"Root: application, build and project files",json,14.8,no
data/_chembl_cache/MAO_A.json,"Root: application, build and project files",json,412.5,no
data/_chembl_cache/MAO_A_inactive.json,"Root: application, build and project files",json,314.1,no
data/_chembl_cache/MAO_A_std.json,"Root: application, build and project files",json,425.9,no
data/_chembl_cache/MAO_A_y.json,"Root: application, build and project files",json,364.0,no
data/_chembl_cache/MAO_B.json,"Root: application, build and project files",json,621.1,no
data/_chembl_cache/MAO_B_inactive.json,"Root: application, build and project files",json,268.9,no
data/_chembl_cache/MAO_B_std.json,"Root: application, build and project files",json,641.1,no
data/_chembl_cache/MAO_B_y.json,"Root: application, build and project files",json,547.4,no
data/_chembl_cache/mGluR5_inactive.json,"Root: application, build and project files",json,74.0,no
data/_chembl_cache/MT1_inactive.json,"Root: application, build and project files",json,6.5,no
data/_chembl_cache/mTOR_inactive.json,"Root: application, build and project files",json,117.8,no
data/_chembl_cache/Nav1_1_inactive.json,"Root: application, build and project files",json,17.6,no
data/_chembl_cache/Nav1_5_inactive.json,"Root: application, build and project files",json,200.6,no
data/_chembl_cache/Nav1_6_inactive.json,"Root: application, build and project files",json,19.1,no
data/_chembl_cache/Nav1_7_inactive.json,"Root: application, build and project files",json,67.8,no
data/_chembl_cache/Nav1_8_inactive.json,"Root: application, build and project files",json,3.7,no
data/_chembl_cache/NET_inactive.json,"Root: application, build and project files",json,33.1,no
data/_chembl_cache/NLRP3_inactive.json,"Root: application, build and project files",json,27.4,no
data/_chembl_cache/np_AChE.json,"Root: application, build and project files",json,671.6,no
data/_chembl_cache/np_KEAP1.json,"Root: application, build and project files",json,154.2,no
data/_chembl_cache/np_MAO_B.json,"Root: application, build and project files",json,643.3,no
data/_chembl_cache/OPRK1_inactive.json,"Root: application, build and project files",json,127.3,no
data/_chembl_cache/OPRM1_inactive.json,"Root: application, build and project files",json,161.9,no
data/_chembl_cache/OX1_inactive.json,"Root: application, build and project files",json,75.6,no
data/_chembl_cache/OX2_inactive.json,"Root: application, build and project files",json,160.9,no
data/_chembl_cache/P2X7_inactive.json,"Root: application, build and project files",json,27.3,no
data/_chembl_cache/pathway_verification.json,"Root: application, build and project files",json,7.9,no
data/_chembl_cache/PDE10A_inactive.json,"Root: application, build and project files",json,49.2,no
data/_chembl_cache/PDE4B_inactive.json,"Root: application, build and project files",json,13.2,no
data/_chembl_cache/RIPK1_inactive.json,"Root: application, build and project files",json,30.0,no
data/_chembl_cache/SERT_inactive.json,"Root: application, build and project files",json,53.3,no
data/_chembl_cache/SERT_y.json,"Root: application, build and project files",json,632.2,no
data/_chembl_cache/Sigma1_inactive.json,"Root: application, build and project files",json,9.1,no
data/_chembl_cache/SIRT1_inactive.json,"Root: application, build and project files",json,28.2,no
data/_chembl_cache/TAAR1_inactive.json,"Root: application, build and project files",json,18.5,no
data/_chembl_cache/target_search.json,"Root: application, build and project files",json,5.0,no
data/_chembl_cache/uniprot_map.json,"Root: application, build and project files",json,1.7,no
data/_prospective_cache/decoy.npz,"Root: application, build and project files",npz,12105.2,no
data/_prospective_cache/evaluation.npz,"Root: application, build and project files",npz,3550.1,no
data/_pubchem_cache/AChE_inactives.csv,"Root: application, build and project files",csv,0.0,no
data/_pubchem_cache/BACE1_added.csv,"Root: application, build and project files",csv,0.8,no
data/_pubchem_cache/BACE1_inactives.csv,"Root: application, build and project files",csv,0.9,no
data/_pubchem_cache/BChE_inactives.csv,"Root: application, build and project files",csv,0.0,no
data/_pubchem_cache/CGRP_inactives.csv,"Root: application, build and project files",csv,0.0,no
data/_pubchem_cache/CSF1R_inactives.csv,"Root: application, build and project files",csv,0.0,no
data/_pubchem_cache/external_100_smiles.json,"Root: application, build and project files",json,9.9,no
data/_pubchem_cache/GABA_A_inactives.csv,"Root: application, build and project files",csv,0.0,no
data/_pubchem_cache/GluA2_inactives.csv,"Root: application, build and project files",csv,0.0,no
data/_pubchem_cache/GluN2B_inactives.csv,"Root: application, build and project files",csv,0.0,no
data/_pubchem_cache/GSK3B_added.csv,"Root: application, build and project files",csv,262.5,no
data/_pubchem_cache/GSK3B_inactives.csv,"Root: application, build and project files",csv,851.0,no
data/_pubchem_cache/hERG_inactives.csv,"Root: application, build and project files",csv,841.3,no
data/_pubchem_cache/HT2A_inactives.csv,"Root: application, build and project files",csv,0.0,no
data/_pubchem_cache/HT6_inactives.csv,"Root: application, build and project files",csv,0.0,no
data/_pubchem_cache/LRRK2_inactives.csv,"Root: application, build and project files",csv,0.0,no
data/_pubchem_cache/MAO_A_inactives.csv,"Root: application, build and project files",csv,0.0,no
data/_pubchem_cache/MAO_B_added.csv,"Root: application, build and project files",csv,0.1,no
data/_pubchem_cache/MAO_B_inactives.csv,"Root: application, build and project files",csv,0.1,no
data/_pubchem_cache/mGluR5_inactives.csv,"Root: application, build and project files",csv,0.0,no
data/_pubchem_cache/MT1_inactives.csv,"Root: application, build and project files",csv,0.0,no
data/_pubchem_cache/Nav1_6_inactives.csv,"Root: application, build and project files",csv,0.0,no
data/_pubchem_cache/NLRP3_inactives.csv,"Root: application, build and project files",csv,0.0,no
data/_pubchem_cache/OX1_inactives.csv,"Root: application, build and project files",csv,198.4,no
data/_pubchem_cache/OX2_inactives.csv,"Root: application, build and project files",csv,11.8,no
data/_pubchem_cache/P2X7_inactives.csv,"Root: application, build and project files",csv,0.0,no
data/_pubchem_cache/PDE10A_inactives.csv,"Root: application, build and project files",csv,0.0,no
data/_pubchem_cache/Sigma1_inactives.csv,"Root: application, build and project files",csv,0.0,no
data/adme/caco2_permeability.csv,"Training data, ADME endpoints",csv,89.9,no
data/adme/clearance_hepatocyte.csv,"Training data, ADME endpoints",csv,87.0,no
data/adme/kpuu.csv,"Training data, ADME endpoints",csv,58.7,no
data/adme/lipophilicity.csv,"Training data, ADME endpoints",csv,339.0,no
data/adme/logbb.csv,"Training data, ADME endpoints",csv,78.2,no
data/adme/pgp_inhibition.csv,"Training data, ADME endpoints",csv,101.7,no
data/adme/pgp_substrate.csv,"Training data, ADME endpoints",csv,141.7,no
data/adme/plasma_protein_binding.csv,"Training data, ADME endpoints",csv,154.3,no
data/adme/solubility.csv,"Training data, ADME endpoints",csv,656.5,no
data/adme/SOURCE.md,"Training data, ADME endpoints",md,1.4,no
data/brainsafe_expanded.csv,"Root: application, build and project files",csv,49.0,no
data/brainsafe_FINAL.csv,"Root: application, build and project files",csv,87.2,no
data/brainsafe_master.csv,"Root: application, build and project files",csv,66.1,no
data/brainsafe_master_v2.csv,"Root: application, build and project files",csv,83.1,no
data/brainsafe_SCIENTIFIC_FIXED.csv,"Root: application, build and project files",csv,95.1,no
data/brainsafe_training_set.csv,"Root: application, build and project files",csv,18.6,no
data/brainsafe_training_set_325.csv,"Root: application, build and project files",csv,44.0,no
data/clinical_cns_reference.csv,"Root: application, build and project files",csv,37.9,no
data/core_panel_target_ids.json,"Root: application, build and project files",json,2.2,no
data/endpoints/_summary.json,"Training data, per endpoint",json,1.8,no
data/endpoints/A1.csv,"Training data, per endpoint",csv,340.6,no
data/endpoints/A2A.csv,"Training data, per endpoint",csv,544.4,no
data/endpoints/a3b4nAChR.csv,"Training data, per endpoint",csv,46.6,no
data/endpoints/a4b2nAChR.csv,"Training data, per endpoint",csv,71.7,no
data/endpoints/a7nAChR.csv,"Training data, per endpoint",csv,93.9,no
data/endpoints/AChE.csv,"Training data, per endpoint",csv,403.7,no
data/endpoints/BACE1.csv,"Training data, per endpoint",csv,832.0,no
data/endpoints/BBB.csv,"Training data, per endpoint",csv,468.9,no
data/endpoints/BChE.csv,"Training data, per endpoint",csv,262.3,no
data/endpoints/Cav3_2.csv,"Training data, per endpoint",csv,56.8,no
data/endpoints/CB1.csv,"Training data, per endpoint",csv,604.9,no
data/endpoints/CGRP.csv,"Training data, per endpoint",csv,89.7,no
data/endpoints/COX2.csv,"Training data, per endpoint",csv,299.9,no
data/endpoints/CSF1R.csv,"Training data, per endpoint",csv,197.8,no
data/endpoints/D2.csv,"Training data, per endpoint",csv,672.1,no
data/endpoints/D3.csv,"Training data, per endpoint",csv,440.3,no
data/endpoints/DAT.csv,"Training data, per endpoint",csv,213.9,no
data/endpoints/DHODH.csv,"Training data, per endpoint",csv,156.4,no
data/endpoints/GABA_A.csv,"Training data, per endpoint",csv,25.3,no
data/endpoints/GABAA_a5.csv,"Training data, per endpoint",csv,43.3,no
data/endpoints/GBA1.csv,"Training data, per endpoint",csv,54.5,no
data/endpoints/GluA2.csv,"Training data, per endpoint",csv,16.1,no
data/endpoints/GluN2B.csv,"Training data, per endpoint",csv,105.0,no
data/endpoints/GSK3B.csv,"Training data, per endpoint",csv,429.1,no
data/endpoints/H3.csv,"Training data, per endpoint",csv,289.9,no
data/endpoints/HDAC1.csv,"Training data, per endpoint",csv,549.8,no
data/endpoints/HDAC6.csv,"Training data, per endpoint",csv,476.5,no
data/endpoints/hERG.csv,"Training data, per endpoint",csv,845.9,no
data/endpoints/HT1A.csv,"Training data, per endpoint",csv,404.9,no
data/endpoints/HT2A.csv,"Training data, per endpoint",csv,463.9,no
data/endpoints/HT6.csv,"Training data, per endpoint",csv,279.1,no
data/endpoints/HT7.csv,"Training data, per endpoint",csv,185.3,no
data/endpoints/KEAP1.csv,"Training data, per endpoint",csv,50.7,no
data/endpoints/LRRK2.csv,"Training data, per endpoint",csv,120.4,no
data/endpoints/MAO_A.csv,"Training data, per endpoint",csv,262.5,no
data/endpoints/MAO_B.csv,"Training data, per endpoint",csv,324.7,no
data/endpoints/mGluR5.csv,"Training data, per endpoint",csv,183.0,no
data/endpoints/MT1.csv,"Training data, per endpoint",csv,58.3,no
data/endpoints/mTOR.csv,"Training data, per endpoint",csv,418.9,no
data/endpoints/Nav1_1.csv,"Training data, per endpoint",csv,44.7,no
data/endpoints/Nav1_5.csv,"Training data, per endpoint",csv,196.0,no
data/endpoints/Nav1_6.csv,"Training data, per endpoint",csv,73.4,no
data/endpoints/Nav1_7.csv,"Training data, per endpoint",csv,633.8,no
data/endpoints/Nav1_8.csv,"Training data, per endpoint",csv,43.9,no
data/endpoints/NET.csv,"Training data, per endpoint",csv,216.5,no
data/endpoints/NFKB1.csv,"Training data, per endpoint",csv,14.6,no
data/endpoints/NLRP3.csv,"Training data, per endpoint",csv,49.0,no
data/endpoints/NR3C1.csv,"Training data, per endpoint",csv,8.2,no
data/endpoints/NRF2.csv,"Training data, per endpoint",csv,38.4,no
data/endpoints/OPRK1.csv,"Training data, per endpoint",csv,537.8,no
data/endpoints/OPRM1.csv,"Training data, per endpoint",csv,636.3,no
data/endpoints/OX1.chembl_only.csv,"Training data, per endpoint",csv,459.2,no
data/endpoints/OX1.csv,"Training data, per endpoint",csv,511.4,no
data/endpoints/OX2.chembl_only.csv,"Training data, per endpoint",csv,532.9,no
data/endpoints/OX2.csv,"Training data, per endpoint",csv,605.6,no
data/endpoints/P2X7.csv,"Training data, per endpoint",csv,321.6,no
data/endpoints/PDE10A.csv,"Training data, per endpoint",csv,368.8,no
data/endpoints/PDE4B.csv,"Training data, per endpoint",csv,150.3,no
data/endpoints/RIPK1.csv,"Training data, per endpoint",csv,264.9,no
data/endpoints/SERT.csv,"Training data, per endpoint",csv,346.0,no
data/endpoints/Sigma1.csv,"Training data, per endpoint",csv,186.6,no
data/endpoints/SIRT1.csv,"Training data, per endpoint",csv,54.7,no
data/endpoints/TAAR1.csv,"Training data, per endpoint",csv,22.2,no
data/endpoints_reg/antioxidant_dpph.csv,"Training data, per endpoint",csv,218.7,no
data/endpoints_reg/pka_all.csv,"Training data, per endpoint",csv,714.2,no
data/endpoints_reg/pka_basic.csv,"Training data, per endpoint",csv,396.8,no
data/external/admetlab/admetlab_input_ALL240.smi,External structure libraries,smi,14.2,no
data/external/admetlab/admetlab_input_BBB.smi,External structure libraries,smi,7.4,no
data/external/admetlab/admetlab_input_hERG.smi,External structure libraries,smi,6.8,no
data/external/admetlab/admetlab_testset.csv,External structure libraries,csv,17.4,no
data/external/approved_drugs_targets.tsv,External structure libraries,tsv,0.5,no
data/external/BBB_Final_GNN_Dataset_2026_CLEAN_v5.csv,External structure libraries,csv,163.3,no
data/external/chembl34_smiles_clean.tsv,External structure libraries,tsv,113231.0,no
data/external/coconut_smiles.tsv,External structure libraries,tsv,73430.3,no
data/external/COMPREHENSIVE_DRUG_DATABASE.tsv,External structure libraries,tsv,3.4,no
data/external/drug_smiles.tsv,External structure libraries,tsv,0.1,no
data/external/drugbank_smiles.tsv,External structure libraries,tsv,979.3,no
data/external/natural_all_CNS.tsv,External structure libraries,tsv,26629.0,no
data/external/processed/external_bbb_test.csv,External structure libraries,csv,214.3,no
data/external/processed/external_drugs.csv,External structure libraries,csv,1747.4,no
data/external/processed/external_summary.csv,External structure libraries,csv,0.2,no
data/external/processed/flavonoid_panel.csv,External structure libraries,csv,7006.0,no
data/external/processed/natural_products_coverage.csv,External structure libraries,csv,33267.1,no
data/external/pubchem_natural_smiles_clean.tsv,External structure libraries,tsv,400.6,no
data/external/SOURCE.md,External structure libraries,md,3.0,no
data/processed/compound_library.csv,Derived data tables,csv,11523.0,no
data/processed/cv_predictions/A2A_random_oof.csv,Derived data tables,csv,551.3,no
data/processed/cv_predictions/A2A_scaffold_oof.csv,Derived data tables,csv,551.3,no
data/processed/cv_predictions/AChE_random_oof.csv,Derived data tables,csv,400.5,no
data/processed/cv_predictions/AChE_scaffold_oof.csv,Derived data tables,csv,400.3,no
data/processed/cv_predictions/adme/caco2_permeability_random_oof.csv,Derived data tables,csv,83.9,no
data/processed/cv_predictions/adme/caco2_permeability_scaffold_oof.csv,Derived data tables,csv,83.8,no
data/processed/cv_predictions/adme/clearance_hepatocyte_random_oof.csv,Derived data tables,csv,79.5,no
data/processed/cv_predictions/adme/clearance_hepatocyte_scaffold_oof.csv,Derived data tables,csv,79.4,no
data/processed/cv_predictions/adme/kpuu_random_oof.csv,Derived data tables,csv,52.6,no
data/processed/cv_predictions/adme/kpuu_scaffold_oof.csv,Derived data tables,csv,52.6,no
data/processed/cv_predictions/adme/lipophilicity_random_oof.csv,Derived data tables,csv,309.3,no
data/processed/cv_predictions/adme/lipophilicity_scaffold_oof.csv,Derived data tables,csv,309.2,no
data/processed/cv_predictions/adme/logbb_random_oof.csv,Derived data tables,csv,72.0,no
data/processed/cv_predictions/adme/logbb_scaffold_oof.csv,Derived data tables,csv,71.9,no
data/processed/cv_predictions/adme/pgp_inhibition_random_oof.csv,Derived data tables,csv,89.2,no
data/processed/cv_predictions/adme/pgp_inhibition_scaffold_oof.csv,Derived data tables,csv,89.2,no
data/processed/cv_predictions/adme/pgp_substrate_random_oof.csv,Derived data tables,csv,125.2,no
data/processed/cv_predictions/adme/pgp_substrate_scaffold_oof.csv,Derived data tables,csv,125.2,no
data/processed/cv_predictions/adme/plasma_protein_binding_random_oof.csv,Derived data tables,csv,140.2,no
data/processed/cv_predictions/adme/plasma_protein_binding_scaffold_oof.csv,Derived data tables,csv,140.2,no
data/processed/cv_predictions/adme/solubility_random_oof.csv,Derived data tables,csv,596.6,no
data/processed/cv_predictions/adme/solubility_scaffold_oof.csv,Derived data tables,csv,596.3,no
data/processed/cv_predictions/antioxidant_DPPH_random_oof.csv,Derived data tables,csv,262.4,no
data/processed/cv_predictions/antioxidant_DPPH_scaffold_oof.csv,Derived data tables,csv,262.4,no
data/processed/cv_predictions/BACE1_random_oof.csv,Derived data tables,csv,767.9,no
data/processed/cv_predictions/BACE1_scaffold_oof.csv,Derived data tables,csv,769.8,no
data/processed/cv_predictions/BBB_random_oof.csv,Derived data tables,csv,294.0,no
data/processed/cv_predictions/BBB_scaffold_oof.csv,Derived data tables,csv,293.9,no
data/processed/cv_predictions/BChE_random_oof.csv,Derived data tables,csv,259.3,no
data/processed/cv_predictions/BChE_scaffold_oof.csv,Derived data tables,csv,259.0,no
data/processed/cv_predictions/D2_random_oof.csv,Derived data tables,csv,650.0,no
data/processed/cv_predictions/D2_scaffold_oof.csv,Derived data tables,csv,650.0,no
data/processed/cv_predictions/GSK3B_random_oof.csv,Derived data tables,csv,426.6,no
data/processed/cv_predictions/GSK3B_scaffold_oof.csv,Derived data tables,csv,427.0,no
data/processed/cv_predictions/hERG_random_oof.csv,Derived data tables,csv,851.0,no
data/processed/cv_predictions/hERG_scaffold_oof.csv,Derived data tables,csv,850.7,no
data/processed/cv_predictions/HT2A_random_oof.csv,Derived data tables,csv,464.9,no
data/processed/cv_predictions/HT2A_scaffold_oof.csv,Derived data tables,csv,464.9,no
data/processed/cv_predictions/MAO_A_random_oof.csv,Derived data tables,csv,254.4,no
data/processed/cv_predictions/MAO_A_scaffold_oof.csv,Derived data tables,csv,254.2,no
data/processed/cv_predictions/MAO_B_random_oof.csv,Derived data tables,csv,314.7,no
data/processed/cv_predictions/MAO_B_scaffold_oof.csv,Derived data tables,csv,314.6,no
data/processed/cv_predictions/SERT_random_oof.csv,Derived data tables,csv,331.7,no
data/processed/cv_predictions/SERT_scaffold_oof.csv,Derived data tables,csv,331.7,no
data/processed/endpoint_labels_long.csv,Derived data tables,csv,8538.1,no
data/raw/brainsafe_libs_lean/BBB_Final_GNN_Dataset_2026_CLEAN_v5.csv,Source data as retrieved,csv,163.3,no
data/raw/brainsafe_libs_lean/chembl34_smiles_clean.tsv,Source data as retrieved,tsv,113231.0,no
data/raw/brainsafe_libs_lean/coconut_smiles.tsv,Source data as retrieved,tsv,73430.3,no
data/raw/brainsafe_libs_lean/COMPREHENSIVE_DRUG_DATABASE.tsv,Source data as retrieved,tsv,3.4,no
data/raw/brainsafe_libs_lean/drug_smiles.tsv,Source data as retrieved,tsv,0.1,no
data/raw/brainsafe_libs_lean/drugbank_smiles.tsv,Source data as retrieved,tsv,979.3,no
data/raw/brainsafe_libs_lean/natural_all_CNS.tsv,Source data as retrieved,tsv,26629.0,no
data/raw/brainsafe_libs_lean/pubchem_natural_smiles_clean.tsv,Source data as retrieved,tsv,400.6,no
data/raw/measured_endpoints_SOURCE.md,Source data as retrieved,md,3.3,no
data/readacross/ADRA1A.csv,Read-across index inputs,csv,107.8,no
data/readacross/ADRA2A.csv,Read-across index inputs,csv,41.6,no
data/readacross/ADRB2.csv,Read-across index inputs,csv,109.2,no
data/readacross/CASP3.csv,Read-across index inputs,csv,60.9,no
data/readacross/CB2.csv,Read-across index inputs,csv,369.5,no
data/readacross/COX1.csv,Read-across index inputs,csv,19.6,no
data/readacross/CTSB.csv,Read-across index inputs,csv,45.8,no
data/readacross/D1.csv,Read-across index inputs,csv,63.3,no
data/readacross/D4.csv,Read-across index inputs,csv,130.6,no
data/readacross/H1.csv,Read-across index inputs,csv,79.6,no
data/readacross/HT2C.csv,Read-across index inputs,csv,160.2,no
data/readacross/HT3A.csv,Read-across index inputs,csv,37.7,no
data/readacross/HT4.csv,Read-across index inputs,csv,45.7,no
data/readacross/JNK3.csv,Read-across index inputs,csv,61.8,no
data/readacross/M1.csv,Read-across index inputs,csv,125.3,no
data/readacross/M2.csv,Read-across index inputs,csv,125.9,no
data/readacross/M3.csv,Read-across index inputs,csv,151.8,no
data/readacross/OPRD1.csv,Read-across index inputs,csv,319.1,no
data/readacross/p38a.csv,Read-across index inputs,csv,268.4,no
data/readacross/PARP1.csv,Read-across index inputs,csv,228.8,no
data/readacross/PDE5.csv,Read-across index inputs,csv,99.7,no
data/readacross/ROCK1.csv,Read-across index inputs,csv,106.5,no
data/README.md,"Root: application, build and project files",md,2.2,no
data/silver_candidates.csv,"Root: application, build and project files",csv,20.8,no
deploy/gcloud/deploy_cloud_run.md,Deployment instructions,md,6.1,yes
deploy/huggingface/DEPLOY.md,Deployment instructions,md,16.1,yes
deploy/huggingface/Dockerfile,Deployment instructions,(none),2.2,yes
deploy/huggingface/prepare_space.py,Deployment instructions,py,9.8,yes
deploy/huggingface/push_to_space.sh,Deployment instructions,sh,2.2,yes
deploy/huggingface/README.md,Deployment instructions,md,1.9,yes
deploy/huggingface/requirements.txt,Deployment instructions,txt,1.8,yes
deploy/huggingface/verify_space.py,Deployment instructions,py,4.6,yes
DEPLOY.md,"Root: application, build and project files",md,7.3,yes
Dockerfile,"Root: application, build and project files",(none),4.2,yes
docs/_report_figures/flowchart_1.png,Documentation,png,200.1,no
docs/_report_figures/flowchart_2.png,Documentation,png,292.1,no
docs/_report_figures/flowchart_3.png,Documentation,png,93.2,no
docs/_report_figures/flowchart_4.png,Documentation,png,191.3,no
docs/about_preview.html,Documentation,html,4843.4,no
docs/ADME_RESULTS.md,Documentation,md,4.9,no
docs/app_preview.html,Documentation,html,149.8,no
docs/BS_BENCHMARK_ANALYSIS.md,Documentation,md,9.4,no
docs/BS_LLM_benchmark_protocol.md,Documentation,md,5.5,no
docs/BS_MODEL_CARD.md,Documentation,md,36.0,no
docs/DATA_DICTIONARY.md,Documentation,md,4.7,no
docs/DATA_HEADROOM_A2.md,Documentation,md,1.8,no
docs/DATA_MANIFEST.docx,Documentation,docx,15.5,no
docs/DATA_MANIFEST.md,Documentation,md,8.1,no
docs/decisions_log.docx,Documentation,docx,16.9,no
docs/decisions_log.md,Documentation,md,11.5,no
docs/ENDPOINT_JUSTIFICATION.docx,Documentation,docx,18.8,no
docs/ENDPOINT_JUSTIFICATION.md,Documentation,md,14.8,no
docs/EXPANSION_PLAN.md,Documentation,md,8.4,no
docs/INACTIVES_EXPERIMENT.md,Documentation,md,3.3,no
docs/METHODOLOGY_AUDIT.md,Documentation,md,6.0,no
docs/METHODS.docx,Documentation,docx,15.3,no
docs/METHODS.md,Documentation,md,7.6,no
docs/ML_METHODS_AND_FORMULAS.docx,Documentation,docx,18.2,no
docs/ML_METHODS_AND_FORMULAS.md,Documentation,md,11.5,no
docs/MODEL_SELECTION_AND_DATA.md,Documentation,md,2.7,no
docs/nar_manuscript_reference.docx,Documentation,docx,11.5,no
docs/nar_twocolumn_preview_reference.docx,Documentation,docx,11.5,no
docs/PROJECT_STRUCTURE.md,Documentation,md,1.4,no
docs/report_reference.docx,Documentation,docx,36.1,no
docs/RF_CV_RESULTS.md,Documentation,md,5.1,no
docs/TECHNICAL_REPORT.docx,Documentation,docx,4014.9,no
docs/TECHNICAL_REPORT.md,Documentation,md,117.8,no
docs/THESIS_SESSION_PROMPT.md,Documentation,md,5.0,no
docs/VALIDATION.docx,Documentation,docx,15.8,no
docs/VALIDATION.md,Documentation,md,7.8,no
figures/_oof_cache.npz,Manuscript figures,npz,1005.9,no
figures/fig1_workflow.png,Manuscript figures,png,227.4,no
figures/fig2_dataset.png,Manuscript figures,png,137.4,no
figures/fig3_validation.png,Manuscript figures,png,94.5,no
figures/fig4_roc_calibration.png,Manuscript figures,png,354.0,no
figures/fig5_conformal_comparison.png,Manuscript figures,png,177.5,no
figures/fig6_benchmark.png,Manuscript figures,png,108.9,no
figures/fig7_regression.png,Manuscript figures,png,1886.2,no
figures/fig8_generalisation.png,Manuscript figures,png,273.0,no
FOR_GUIDES_REVIEW/10_decisions_log.docx,"Root: application, build and project files",docx,16.9,no
FOR_GUIDES_REVIEW/11_supplementary_table_S1_model_inventory.csv,"Root: application, build and project files",csv,23.6,no
FOR_GUIDES_REVIEW/1_manuscript_condensed_for_NAR.docx,"Root: application, build and project files",docx,748.8,no
FOR_GUIDES_REVIEW/2_manuscript_extended_full.docx,"Root: application, build and project files",docx,2143.9,no
FOR_GUIDES_REVIEW/3_supplementary_information.docx,"Root: application, build and project files",docx,1390.4,no
FOR_GUIDES_REVIEW/4_graphical_abstract.pdf,"Root: application, build and project files",pdf,57.5,no
FOR_GUIDES_REVIEW/4_graphical_abstract.png,"Root: application, build and project files",png,416.3,no
FOR_GUIDES_REVIEW/5_endpoint_justification.docx,"Root: application, build and project files",docx,18.8,no
FOR_GUIDES_REVIEW/6_data_manifest.docx,"Root: application, build and project files",docx,15.5,no
FOR_GUIDES_REVIEW/7_ml_methods_and_formulas.docx,"Root: application, build and project files",docx,18.2,no
FOR_GUIDES_REVIEW/8_technical_report.docx,"Root: application, build and project files",docx,4014.9,no
FOR_GUIDES_REVIEW/9_validation_summary.docx,"Root: application, build and project files",docx,15.8,no
FOR_GUIDES_REVIEW/figures/Figure10_endpoint_selection.png,"Root: application, build and project files",png,457.4,no
FOR_GUIDES_REVIEW/figures/Figure11_external_validation.png,"Root: application, build and project files",png,424.0,no
FOR_GUIDES_REVIEW/figures/Figure1_architecture.png,"Root: application, build and project files",png,527.2,no
FOR_GUIDES_REVIEW/figures/Figure2_feature_vector.png,"Root: application, build and project files",png,272.8,no
FOR_GUIDES_REVIEW/figures/Figure3_cv_design.png,"Root: application, build and project files",png,280.5,no
FOR_GUIDES_REVIEW/figures/Figure4_pools_and_thresholds.png,"Root: application, build and project files",png,512.6,no
FOR_GUIDES_REVIEW/figures/Figure5_negative_class.png,"Root: application, build and project files",png,435.5,no
FOR_GUIDES_REVIEW/figures/Figure6_validation.png,"Root: application, build and project files",png,625.1,no
FOR_GUIDES_REVIEW/figures/Figure7_binder_panel.png,"Root: application, build and project files",png,580.0,no
FOR_GUIDES_REVIEW/figures/Figure8_use_case.png,"Root: application, build and project files",png,244.7,no
FOR_GUIDES_REVIEW/figures/Figure9_model_atlas.png,"Root: application, build and project files",png,440.5,no
FOR_GUIDES_REVIEW/figures/FigureS_decision_tree_example.png,"Root: application, build and project files",png,621.2,no
FOR_GUIDES_REVIEW/figures/GraphicalAbstract.png,"Root: application, build and project files",png,416.3,no
FOR_GUIDES_REVIEW/README.md,"Root: application, build and project files",md,3.7,no
inversion/audit_mesh_map.py,Inversion and falsification analysis,py,3.6,no
inversion/cache/chembl_drug_smiles.json,Inversion and falsification analysis,json,29.6,no
inversion/cache/chembl_indications.json,Inversion and falsification analysis,json,18.3,no
inversion/cache/H6_scored.json,Inversion and falsification analysis,json,275.4,no
inversion/H1H2H3.log,Inversion and falsification analysis,log,2.1,no
inversion/H4.log,Inversion and falsification analysis,log,6976.8,no
inversion/H5.log,Inversion and falsification analysis,log,2.5,no
inversion/inv_barrier_necessity.py,Inversion and falsification analysis,py,13.2,no
inversion/inv_clinical_indication.py,Inversion and falsification analysis,py,14.6,no
inversion/inv_disease_discrimination.py,Inversion and falsification analysis,py,6.5,no
inversion/inv_disease_layer.py,Inversion and falsification analysis,py,10.9,no
inversion/inv_distant_specificity.py,Inversion and falsification analysis,py,7.0,no
inversion/inv_panel_independence.py,Inversion and falsification analysis,py,10.1,no
inversion/inv_readacross_value.py,Inversion and falsification analysis,py,4.8,no
inversion/inv_target_discrimination.py,Inversion and falsification analysis,py,8.1,no
inversion/PLAN.md,Inversion and falsification analysis,md,5.3,no
inversion/REPORT.md,Inversion and falsification analysis,md,11.3,no
inversion/results/GRAPH_FINGERPRINT.json,Inversion and falsification analysis,json,0.1,no
inversion/results/H10_barrier_necessity.csv,Inversion and falsification analysis,csv,5.2,no
inversion/results/H1_disease_layer.csv,Inversion and falsification analysis,csv,0.2,no
inversion/results/H2_weight_ablation.csv,Inversion and falsification analysis,csv,0.1,no
inversion/results/H3_gating.csv,Inversion and falsification analysis,csv,0.2,no
inversion/results/H4_distant_predictions.csv,Inversion and falsification analysis,csv,36.2,no
inversion/results/H4_distant_specificity.csv,Inversion and falsification analysis,csv,0.3,no
inversion/results/H5_readacross_per_target.csv,Inversion and falsification analysis,csv,0.8,no
inversion/results/H5_readacross_value.csv,Inversion and falsification analysis,csv,0.2,no
inversion/results/H6_clinical_indication.csv,Inversion and falsification analysis,csv,0.6,no
inversion/results/H6_clinical_indication_predictions.csv,Inversion and falsification analysis,csv,85.8,no
inversion/results/H6_clinical_per_indication.csv,Inversion and falsification analysis,csv,0.4,no
inversion/results/H6_mesh_mapping_audit.csv,Inversion and falsification analysis,csv,7.2,no
inversion/results/H7_disease_sensitivity.csv,Inversion and falsification analysis,csv,0.6,no
inversion/results/H7_target_discrimination.csv,Inversion and falsification analysis,csv,2.2,no
inversion/results/H8_family_correlation.csv,Inversion and falsification analysis,csv,1.4,no
inversion/results/H8_panel_independence.csv,Inversion and falsification analysis,csv,0.5,no
inversion/results/H9_disease_discrimination.csv,Inversion and falsification analysis,csv,0.3,no
inversion/results/H9_disease_discrimination_summary.csv,Inversion and falsification analysis,csv,0.2,no
inversion/results/VERDICTS.csv,Inversion and falsification analysis,csv,1.7,no
inversion/summarise.py,Inversion and falsification analysis,py,25.6,no
LICENSE,"Root: application, build and project files",(none),1.1,yes
logo/Brainsafe logo.png,Source logos,png,1591.1,yes
logo/SSSIHL logo.png,Source logos,png,42.5,yes
Makefile,"Root: application, build and project files",(none),5.3,yes
manuscript/_legends_old.txt,Manuscript,txt,4.3,no
manuscript/_superseded/BrainSafe_AI_Manuscript.docx,Manuscript,docx,583.9,no
manuscript/_superseded/BS_MANUSCRIPT_FINAL.md,Manuscript,md,37.6,no
manuscript/_superseded/figures_july_scheme/Figure10_performance.png,Manuscript,png,152.0,no
manuscript/_superseded/figures_july_scheme/Figure11_decision_analysis.png,Manuscript,png,231.7,no
manuscript/_superseded/figures_july_scheme/Figure1_endpoint_rationale.png,Manuscript,png,663.5,no
manuscript/_superseded/figures_july_scheme/Figure2_mechanism.png,Manuscript,png,323.5,no
manuscript/_superseded/figures_july_scheme/Figure3_model_selection.png,Manuscript,png,164.0,no
manuscript/_superseded/figures_july_scheme/Figure4_validation.png,Manuscript,png,170.2,no
manuscript/_superseded/figures_july_scheme/Figure5_cv_design_and_errorbars.png,Manuscript,png,314.0,no
manuscript/_superseded/figures_july_scheme/Figure6_all_endpoints.png,Manuscript,png,219.8,no
manuscript/_superseded/figures_july_scheme/Figure7_temporal_by_domain.png,Manuscript,png,284.3,no
manuscript/_superseded/figures_july_scheme/Figure8_scaffold_holdout.png,Manuscript,png,307.7,no
manuscript/_superseded/figures_july_scheme/Figure9_specificity.png,Manuscript,png,206.8,no
manuscript/_superseded/NAR_WebServer_BrainSafe_draft.docx,Manuscript,docx,607.2,no
manuscript/_superseded/README.md,Manuscript,md,2.8,no
manuscript/figures/Figure10_endpoint_selection.pdf,Manuscript,pdf,37.5,no
manuscript/figures/Figure10_endpoint_selection.png,Manuscript,png,457.4,no
manuscript/figures/Figure11_external_validation.pdf,Manuscript,pdf,37.4,no
manuscript/figures/Figure11_external_validation.png,Manuscript,png,424.0,no
manuscript/figures/Figure1_architecture.pdf,Manuscript,pdf,41.7,no
manuscript/figures/Figure1_architecture.png,Manuscript,png,527.2,no
manuscript/figures/Figure2_feature_vector.pdf,Manuscript,pdf,61.7,no
manuscript/figures/Figure2_feature_vector.png,Manuscript,png,272.8,no
manuscript/figures/Figure3_cv_design.pdf,Manuscript,pdf,52.9,no
manuscript/figures/Figure3_cv_design.png,Manuscript,png,280.5,no
manuscript/figures/Figure4_pools_and_thresholds.pdf,Manuscript,pdf,40.0,no
manuscript/figures/Figure4_pools_and_thresholds.png,Manuscript,png,512.6,no
manuscript/figures/Figure5_negative_class.pdf,Manuscript,pdf,49.0,no
manuscript/figures/Figure5_negative_class.png,Manuscript,png,435.5,no
manuscript/figures/Figure6_validation.pdf,Manuscript,pdf,49.0,no
manuscript/figures/Figure6_validation.png,Manuscript,png,625.1,no
manuscript/figures/Figure7_binder_panel.pdf,Manuscript,pdf,62.9,no
manuscript/figures/Figure7_binder_panel.png,Manuscript,png,580.0,no
manuscript/figures/Figure8_use_case.pdf,Manuscript,pdf,29.4,no
manuscript/figures/Figure8_use_case.png,Manuscript,png,244.7,no
manuscript/figures/Figure9_model_atlas.pdf,Manuscript,pdf,40.1,no
manuscript/figures/Figure9_model_atlas.png,Manuscript,png,440.5,no
manuscript/figures/FigureS_decision_tree_example.pdf,Manuscript,pdf,72.2,no
manuscript/figures/FigureS_decision_tree_example.png,Manuscript,png,621.2,no
manuscript/figures/GraphicalAbstract.pdf,Manuscript,pdf,57.5,no
manuscript/figures/GraphicalAbstract.png,Manuscript,png,416.3,no
manuscript/NAR_condensed_built.md,Manuscript,md,24.0,no
manuscript/NAR_condensed_draft.md,Manuscript,md,21.1,no
manuscript/NAR_proposal_onepage.docx,Manuscript,docx,12.7,no
manuscript/NAR_proposal_onepage.md,Manuscript,md,5.0,no
manuscript/NAR_WebServer_BrainSafe.docx,Manuscript,docx,2143.9,no
manuscript/NAR_WebServer_BrainSafe_built.md,Manuscript,md,63.8,no
manuscript/NAR_WebServer_BrainSafe_condensed.docx,Manuscript,docx,748.8,no
manuscript/NAR_WebServer_BrainSafe_condensed_print_preview.docx,Manuscript,docx,752.5,no
manuscript/NAR_WebServer_BrainSafe_draft.md,Manuscript,md,54.2,no
manuscript/NAR_WebServer_BrainSafe_with_figure.docx,Manuscript,docx,2526.2,no
manuscript/references.md,Manuscript,md,10.0,no
manuscript/references_links.json,Manuscript,json,3.4,no
manuscript/references_verified.json,Manuscript,json,18.5,no
manuscript/Supplementary_Information.docx,Manuscript,docx,1390.4,no
manuscript/Supplementary_Information_built.md,Manuscript,md,4.7,no
manuscript/tables_generated.md,Manuscript,md,16.3,no
model_fetch.py,"Root: application, build and project files",py,7.4,yes
models_manifest.json,"Root: application, build and project files",json,39.9,yes
models_rf/A1_binder.joblib,Deployed model artefacts and metadata,joblib,4100.1,no
models_rf/A1_binder_meta.json,Deployed model artefacts and metadata,json,0.6,yes
models_rf/A2A.joblib,Deployed model artefacts and metadata,joblib,22303.5,no
models_rf/A2A_binder.joblib,Deployed model artefacts and metadata,joblib,6372.8,no
models_rf/A2A_binder_meta.json,Deployed model artefacts and metadata,json,0.6,yes
models_rf/A2A_meta.json,Deployed model artefacts and metadata,json,1.0,yes
models_rf/a3b4nAChR_binder.joblib,Deployed model artefacts and metadata,joblib,494.0,no
models_rf/a4b2nAChR_binder.joblib,Deployed model artefacts and metadata,joblib,1110.7,no
models_rf/a7nAChR_binder.joblib,Deployed model artefacts and metadata,joblib,878.4,no
models_rf/a7nAChR_binder_meta.json,Deployed model artefacts and metadata,json,0.6,yes
models_rf/AChE.joblib,Deployed model artefacts and metadata,joblib,8170.8,no
models_rf/AChE_calibrated.joblib,Deployed model artefacts and metadata,joblib,34020.2,no
models_rf/AChE_meta.json,Deployed model artefacts and metadata,json,1.1,yes
models_rf/ad_per_endpoint.pkl,Deployed model artefacts and metadata,pkl,14446.0,no
models_rf/ad_reference.pkl,Deployed model artefacts and metadata,pkl,21899.4,no
models_rf/adme/caco2_permeability.joblib,Deployed model artefacts and metadata,joblib,3396.4,no
models_rf/adme/caco2_permeability_meta.json,Deployed model artefacts and metadata,json,0.3,yes
models_rf/adme/clearance_hepatocyte.joblib,Deployed model artefacts and metadata,joblib,3406.6,no
models_rf/adme/clearance_hepatocyte_meta.json,Deployed model artefacts and metadata,json,0.3,yes
models_rf/adme/kpuu.joblib,Deployed model artefacts and metadata,joblib,2209.1,no
models_rf/adme/kpuu_meta.json,Deployed model artefacts and metadata,json,0.2,yes
models_rf/adme/lipophilicity.joblib,Deployed model artefacts and metadata,joblib,13594.5,no
models_rf/adme/lipophilicity_meta.json,Deployed model artefacts and metadata,json,0.2,yes
models_rf/adme/logbb.joblib,Deployed model artefacts and metadata,joblib,3580.2,no
models_rf/adme/logbb_meta.json,Deployed model artefacts and metadata,json,0.2,yes
models_rf/adme/pgp_inhibition.joblib,Deployed model artefacts and metadata,joblib,1940.7,no
models_rf/adme/pgp_inhibition_meta.json,Deployed model artefacts and metadata,json,0.3,yes
models_rf/adme/pgp_substrate.joblib,Deployed model artefacts and metadata,joblib,2954.8,no
models_rf/adme/pgp_substrate_meta.json,Deployed model artefacts and metadata,json,0.3,yes
models_rf/adme/plasma_protein_binding.joblib,Deployed model artefacts and metadata,joblib,6407.1,no
models_rf/adme/plasma_protein_binding_meta.json,Deployed model artefacts and metadata,json,0.3,yes
models_rf/adme/solubility.joblib,Deployed model artefacts and metadata,joblib,36279.8,no
models_rf/adme/solubility_meta.json,Deployed model artefacts and metadata,json,0.2,yes
models_rf/antioxidant_DPPH.joblib,Deployed model artefacts and metadata,joblib,10377.1,no
models_rf/antioxidant_DPPH_meta.json,Deployed model artefacts and metadata,json,1.0,yes
models_rf/BACE1.joblib,Deployed model artefacts and metadata,joblib,7392.6,no
models_rf/BACE1_calibrated.joblib,Deployed model artefacts and metadata,joblib,33888.7,no
models_rf/BACE1_meta.json,Deployed model artefacts and metadata,json,1.2,yes
models_rf/BBB.joblib,Deployed model artefacts and metadata,joblib,7182.1,no
models_rf/BBB_calibrated.joblib,Deployed model artefacts and metadata,joblib,42867.7,no
models_rf/BBB_meta.json,Deployed model artefacts and metadata,json,1.2,yes
models_rf/BChE.joblib,Deployed model artefacts and metadata,joblib,4711.6,no
models_rf/BChE_calibrated.joblib,Deployed model artefacts and metadata,joblib,20515.3,no
models_rf/BChE_meta.json,Deployed model artefacts and metadata,json,1.1,yes
models_rf/binder_modes.json,Deployed model artefacts and metadata,json,58.0,yes
models_rf/binder_modes.prespecificity.json,Deployed model artefacts and metadata,json,52.3,yes
models_rf/Cav3_2_binder.joblib,Deployed model artefacts and metadata,joblib,619.4,no
models_rf/CB1_binder.joblib,Deployed model artefacts and metadata,joblib,5795.1,no
models_rf/CB1_binder_meta.json,Deployed model artefacts and metadata,json,0.6,yes
models_rf/CGRP_binder.joblib,Deployed model artefacts and metadata,joblib,775.1,no
models_rf/COX2_binder.joblib,Deployed model artefacts and metadata,joblib,2831.5,no
models_rf/COX2_binder_meta.json,Deployed model artefacts and metadata,json,0.7,yes
models_rf/CSF1R_binder.joblib,Deployed model artefacts and metadata,joblib,3620.1,no
models_rf/CSF1R_binder_meta.json,Deployed model artefacts and metadata,json,0.6,yes
models_rf/D2.joblib,Deployed model artefacts and metadata,joblib,26007.8,no
models_rf/D2_binder.joblib,Deployed model artefacts and metadata,joblib,6915.4,no
models_rf/D2_binder_meta.json,Deployed model artefacts and metadata,json,0.6,yes
models_rf/D2_meta.json,Deployed model artefacts and metadata,json,1.0,yes
models_rf/D3_binder.joblib,Deployed model artefacts and metadata,joblib,6386.3,no
models_rf/D3_binder_meta.json,Deployed model artefacts and metadata,json,0.6,yes
models_rf/DAT_binder.joblib,Deployed model artefacts and metadata,joblib,2791.9,no
models_rf/DAT_binder_meta.json,Deployed model artefacts and metadata,json,0.6,yes
models_rf/DHODH_binder.joblib,Deployed model artefacts and metadata,joblib,1716.0,no
models_rf/endpoint_context.json,Deployed model artefacts and metadata,json,2.2,yes
models_rf/feature_names.json,Deployed model artefacts and metadata,json,13.1,yes
models_rf/GABA_A_binder.joblib,Deployed model artefacts and metadata,joblib,560.5,no
models_rf/GABA_A_binder_meta.json,Deployed model artefacts and metadata,json,0.6,yes
models_rf/GBA1_binder.joblib,Deployed model artefacts and metadata,joblib,310.5,no
models_rf/GBA1_binder_meta.json,Deployed model artefacts and metadata,json,0.6,yes
models_rf/GluA2_binder.joblib,Deployed model artefacts and metadata,joblib,105.0,no
models_rf/GluN2B_binder.joblib,Deployed model artefacts and metadata,joblib,1594.6,no
models_rf/GluN2B_binder_meta.json,Deployed model artefacts and metadata,json,0.6,yes
models_rf/GSK3B.joblib,Deployed model artefacts and metadata,joblib,7583.7,no
models_rf/GSK3B_calibrated.joblib,Deployed model artefacts and metadata,joblib,31596.5,no
models_rf/GSK3B_meta.json,Deployed model artefacts and metadata,json,1.2,yes
models_rf/H3_binder.joblib,Deployed model artefacts and metadata,joblib,5564.7,no
models_rf/H3_binder_meta.json,Deployed model artefacts and metadata,json,0.6,yes
models_rf/HDAC1_binder.joblib,Deployed model artefacts and metadata,joblib,4889.1,no
models_rf/HDAC1_binder_meta.json,Deployed model artefacts and metadata,json,0.7,yes
models_rf/HDAC6_binder.joblib,Deployed model artefacts and metadata,joblib,4555.5,no
models_rf/HDAC6_binder_meta.json,Deployed model artefacts and metadata,json,0.7,yes
models_rf/hERG.joblib,Deployed model artefacts and metadata,joblib,13705.9,no
models_rf/hERG_calibrated.joblib,Deployed model artefacts and metadata,joblib,56684.9,no
models_rf/hERG_meta.json,Deployed model artefacts and metadata,json,1.2,yes
models_rf/holdout/A1_binder.joblib,Deployed model artefacts and metadata,joblib,3818.1,no
models_rf/holdout/A1_binder_holdout.json,Deployed model artefacts and metadata,json,147.6,no
models_rf/holdout/A2A_binder.joblib,Deployed model artefacts and metadata,joblib,6023.8,no
models_rf/holdout/A2A_binder_holdout.json,Deployed model artefacts and metadata,json,272.7,no
models_rf/holdout/a3b4nAChR_binder.joblib,Deployed model artefacts and metadata,joblib,466.9,no
models_rf/holdout/a3b4nAChR_binder_holdout.json,Deployed model artefacts and metadata,json,23.1,no
models_rf/holdout/a4b2nAChR_binder.joblib,Deployed model artefacts and metadata,joblib,1015.5,no
models_rf/holdout/a4b2nAChR_binder_holdout.json,Deployed model artefacts and metadata,json,37.5,no
models_rf/holdout/a7nAChR_binder.joblib,Deployed model artefacts and metadata,joblib,839.4,no
models_rf/holdout/a7nAChR_binder_holdout.json,Deployed model artefacts and metadata,json,42.5,no
models_rf/holdout/binder_modes.json,Deployed model artefacts and metadata,json,11.0,no
models_rf/holdout/binder_modes.json.pre_regen,Deployed model artefacts and metadata,pre_regen,12.3,no
models_rf/holdout/Cav3_2_binder_holdout.json,Deployed model artefacts and metadata,json,27.1,no
models_rf/holdout/CB1_binder.joblib,Deployed model artefacts and metadata,joblib,5710.2,no
models_rf/holdout/CB1_binder_holdout.json,Deployed model artefacts and metadata,json,340.3,no
models_rf/holdout/CGRP_binder.joblib,Deployed model artefacts and metadata,joblib,702.5,no
models_rf/holdout/CGRP_binder_holdout.json,Deployed model artefacts and metadata,json,61.2,no
models_rf/holdout/COX2_binder.joblib,Deployed model artefacts and metadata,joblib,3041.4,no
models_rf/holdout/COX2_binder_holdout.json,Deployed model artefacts and metadata,json,146.7,no
models_rf/holdout/CSF1R_binder.joblib,Deployed model artefacts and metadata,joblib,3359.8,no
models_rf/holdout/CSF1R_binder_holdout.json,Deployed model artefacts and metadata,json,115.3,no
models_rf/holdout/D2_binder.joblib,Deployed model artefacts and metadata,joblib,6637.3,no
models_rf/holdout/D2_binder_holdout.json,Deployed model artefacts and metadata,json,262.9,no
models_rf/holdout/D3_binder.joblib,Deployed model artefacts and metadata,joblib,5766.4,no
models_rf/holdout/D3_binder_holdout.json,Deployed model artefacts and metadata,json,261.6,no
models_rf/holdout/DAT_binder.joblib,Deployed model artefacts and metadata,joblib,2340.5,no
models_rf/holdout/DAT_binder_holdout.json,Deployed model artefacts and metadata,json,102.5,no
models_rf/holdout/DHODH_binder.joblib,Deployed model artefacts and metadata,joblib,1621.9,no
models_rf/holdout/DHODH_binder_holdout.json,Deployed model artefacts and metadata,json,90.7,no
models_rf/holdout/GABA_A_binder.joblib,Deployed model artefacts and metadata,joblib,530.3,no
models_rf/holdout/GABA_A_binder_holdout.json,Deployed model artefacts and metadata,json,12.8,no
models_rf/holdout/GBA1_binder.joblib,Deployed model artefacts and metadata,joblib,389.5,no
models_rf/holdout/GBA1_binder_holdout.json,Deployed model artefacts and metadata,json,29.4,no
models_rf/holdout/GluA2_binder.joblib,Deployed model artefacts and metadata,joblib,262.3,no
models_rf/holdout/GluA2_binder_holdout.json,Deployed model artefacts and metadata,json,11.8,no
models_rf/holdout/GluN2B_binder.joblib,Deployed model artefacts and metadata,joblib,1535.8,no
models_rf/holdout/GluN2B_binder_holdout.json,Deployed model artefacts and metadata,json,47.5,no
models_rf/holdout/H3_binder.joblib,Deployed model artefacts and metadata,joblib,5063.9,no
models_rf/holdout/H3_binder_holdout.json,Deployed model artefacts and metadata,json,176.0,no
models_rf/holdout/HDAC1_binder.joblib,Deployed model artefacts and metadata,joblib,4478.0,no
models_rf/holdout/HDAC1_binder_holdout.json,Deployed model artefacts and metadata,json,263.9,no
models_rf/holdout/HDAC6_binder.joblib,Deployed model artefacts and metadata,joblib,4445.6,no
models_rf/holdout/HDAC6_binder_holdout.json,Deployed model artefacts and metadata,json,267.7,no
models_rf/holdout/heldout_actives.json,Deployed model artefacts and metadata,json,955.4,no
models_rf/holdout/heldout_actives.json.pre_regen,Deployed model artefacts and metadata,pre_regen,1034.9,no
models_rf/holdout/HT1A_binder.joblib,Deployed model artefacts and metadata,joblib,5906.9,no
models_rf/holdout/HT1A_binder_holdout.json,Deployed model artefacts and metadata,json,219.3,no
models_rf/holdout/HT2A_binder.joblib,Deployed model artefacts and metadata,joblib,6848.1,no
models_rf/holdout/HT2A_binder_holdout.json,Deployed model artefacts and metadata,json,225.8,no
models_rf/holdout/HT6_binder.joblib,Deployed model artefacts and metadata,joblib,4075.8,no
models_rf/holdout/HT6_binder_holdout.json,Deployed model artefacts and metadata,json,151.1,no
models_rf/holdout/HT7_binder.joblib,Deployed model artefacts and metadata,joblib,2836.6,no
models_rf/holdout/HT7_binder_holdout.json,Deployed model artefacts and metadata,json,90.2,no
models_rf/holdout/KEAP1_binder.joblib,Deployed model artefacts and metadata,joblib,260.2,no
models_rf/holdout/KEAP1_binder_holdout.json,Deployed model artefacts and metadata,json,33.5,no
models_rf/holdout/LRRK2_binder.joblib,Deployed model artefacts and metadata,joblib,1842.1,no
models_rf/holdout/LRRK2_binder_holdout.json,Deployed model artefacts and metadata,json,76.5,no
models_rf/holdout/mGluR5_binder.joblib,Deployed model artefacts and metadata,joblib,2429.0,no
models_rf/holdout/mGluR5_binder_holdout.json,Deployed model artefacts and metadata,json,78.5,no
models_rf/holdout/MT1_binder.joblib,Deployed model artefacts and metadata,joblib,1080.6,no
models_rf/holdout/MT1_binder_holdout.json,Deployed model artefacts and metadata,json,31.3,no
models_rf/holdout/mTOR_binder.joblib,Deployed model artefacts and metadata,joblib,3925.6,no
models_rf/holdout/mTOR_binder_holdout.json,Deployed model artefacts and metadata,json,249.5,no
models_rf/holdout/Nav1_1_binder.joblib,Deployed model artefacts and metadata,joblib,256.8,no
models_rf/holdout/Nav1_1_binder_holdout.json,Deployed model artefacts and metadata,json,35.2,no
models_rf/holdout/Nav1_5_binder.joblib,Deployed model artefacts and metadata,joblib,1050.2,no
models_rf/holdout/Nav1_5_binder_holdout.json,Deployed model artefacts and metadata,json,153.1,no
models_rf/holdout/Nav1_6_binder.joblib,Deployed model artefacts and metadata,joblib,545.5,no
models_rf/holdout/Nav1_6_binder_holdout.json,Deployed model artefacts and metadata,json,33.9,no
models_rf/holdout/Nav1_7_binder.joblib,Deployed model artefacts and metadata,joblib,3589.4,no
models_rf/holdout/Nav1_7_binder_holdout.json,Deployed model artefacts and metadata,json,310.6,no
models_rf/holdout/Nav1_8_binder.joblib,Deployed model artefacts and metadata,joblib,558.2,no
models_rf/holdout/Nav1_8_binder_holdout.json,Deployed model artefacts and metadata,json,21.4,no
models_rf/holdout/NET_binder.joblib,Deployed model artefacts and metadata,joblib,3001.9,no
models_rf/holdout/NET_binder_holdout.json,Deployed model artefacts and metadata,json,94.7,no
models_rf/holdout/NFKB1_binder_holdout.json,Deployed model artefacts and metadata,json,10.7,no
models_rf/holdout/NLRP3_binder.joblib,Deployed model artefacts and metadata,joblib,512.9,no
models_rf/holdout/NLRP3_binder_holdout.json,Deployed model artefacts and metadata,json,23.6,no
models_rf/holdout/NR3C1_binder_holdout.json,Deployed model artefacts and metadata,json,6.3,no
models_rf/holdout/NRF2_binder_holdout.json,Deployed model artefacts and metadata,json,28.4,no
models_rf/holdout/OPRK1_binder.joblib,Deployed model artefacts and metadata,joblib,5001.9,no
models_rf/holdout/OPRK1_binder_holdout.json,Deployed model artefacts and metadata,json,298.6,no
models_rf/holdout/OPRM1_binder.joblib,Deployed model artefacts and metadata,joblib,5751.4,no
models_rf/holdout/OPRM1_binder_holdout.json,Deployed model artefacts and metadata,json,359.8,no
models_rf/holdout/OX1_binder.joblib,Deployed model artefacts and metadata,joblib,3974.8,no
models_rf/holdout/OX1_binder_holdout.json,Deployed model artefacts and metadata,json,279.9,no
models_rf/holdout/OX2_binder.joblib,Deployed model artefacts and metadata,joblib,5330.0,no
models_rf/holdout/OX2_binder_holdout.json,Deployed model artefacts and metadata,json,313.8,no
models_rf/holdout/P2X7_binder.joblib,Deployed model artefacts and metadata,joblib,4477.2,no
models_rf/holdout/P2X7_binder_holdout.json,Deployed model artefacts and metadata,json,165.2,no
models_rf/holdout/PDE10A_binder.joblib,Deployed model artefacts and metadata,joblib,6193.6,no
models_rf/holdout/PDE10A_binder_holdout.json,Deployed model artefacts and metadata,json,232.3,no
models_rf/holdout/PDE4B_binder.joblib,Deployed model artefacts and metadata,joblib,2352.6,no
models_rf/holdout/PDE4B_binder_holdout.json,Deployed model artefacts and metadata,json,85.7,no
models_rf/holdout/RIPK1_binder.joblib,Deployed model artefacts and metadata,joblib,2040.0,no
models_rf/holdout/RIPK1_binder_holdout.json,Deployed model artefacts and metadata,json,161.1,no
models_rf/holdout/SERT_binder.joblib,Deployed model artefacts and metadata,joblib,5785.9,no
models_rf/holdout/SERT_binder_holdout.json,Deployed model artefacts and metadata,json,165.8,no
models_rf/holdout/Sigma1_binder.joblib,Deployed model artefacts and metadata,joblib,3905.7,no
models_rf/holdout/Sigma1_binder_holdout.json,Deployed model artefacts and metadata,json,91.1,no
models_rf/holdout/SIRT1_binder.joblib,Deployed model artefacts and metadata,joblib,488.6,no
models_rf/holdout/SIRT1_binder_holdout.json,Deployed model artefacts and metadata,json,41.2,no
models_rf/holdout/TAAR1_binder.joblib,Deployed model artefacts and metadata,joblib,250.4,no
models_rf/holdout/TAAR1_binder_holdout.json,Deployed model artefacts and metadata,json,14.7,no
models_rf/HT1A_binder.joblib,Deployed model artefacts and metadata,joblib,6375.2,no
models_rf/HT1A_binder_meta.json,Deployed model artefacts and metadata,json,0.6,yes
models_rf/HT2A.joblib,Deployed model artefacts and metadata,joblib,20236.5,no
models_rf/HT2A_binder.joblib,Deployed model artefacts and metadata,joblib,7145.2,no
models_rf/HT2A_binder_meta.json,Deployed model artefacts and metadata,json,0.6,yes
models_rf/HT2A_meta.json,Deployed model artefacts and metadata,json,1.0,yes
models_rf/HT6_binder.joblib,Deployed model artefacts and metadata,joblib,4537.2,no
models_rf/HT6_binder_meta.json,Deployed model artefacts and metadata,json,0.6,yes
models_rf/HT7_binder.joblib,Deployed model artefacts and metadata,joblib,3018.1,no
models_rf/HT7_binder_meta.json,Deployed model artefacts and metadata,json,0.6,yes
models_rf/KEAP1_binder.joblib,Deployed model artefacts and metadata,joblib,321.1,no
models_rf/KEAP1_binder_meta.json,Deployed model artefacts and metadata,json,0.6,yes
models_rf/LRRK2_binder.joblib,Deployed model artefacts and metadata,joblib,1931.1,no
models_rf/LRRK2_binder_meta.json,Deployed model artefacts and metadata,json,0.6,yes
models_rf/MAO_A.joblib,Deployed model artefacts and metadata,joblib,5648.5,no
models_rf/MAO_A_calibrated.joblib,Deployed model artefacts and metadata,joblib,23266.9,no
models_rf/MAO_A_meta.json,Deployed model artefacts and metadata,json,1.1,yes
models_rf/MAO_B.joblib,Deployed model artefacts and metadata,joblib,7628.7,no
models_rf/MAO_B_calibrated.joblib,Deployed model artefacts and metadata,joblib,31265.9,no
models_rf/MAO_B_meta.json,Deployed model artefacts and metadata,json,1.1,yes
models_rf/mGluR5_binder.joblib,Deployed model artefacts and metadata,joblib,2393.3,no
models_rf/mGluR5_binder_meta.json,Deployed model artefacts and metadata,json,0.6,yes
models_rf/MT1_binder.joblib,Deployed model artefacts and metadata,joblib,1172.4,no
models_rf/MT1_binder_meta.json,Deployed model artefacts and metadata,json,0.6,yes
models_rf/mTOR_binder.joblib,Deployed model artefacts and metadata,joblib,4213.2,no
models_rf/mTOR_binder_meta.json,Deployed model artefacts and metadata,json,0.7,yes
models_rf/Nav1_1_binder.joblib,Deployed model artefacts and metadata,joblib,188.8,no
models_rf/Nav1_5_binder.joblib,Deployed model artefacts and metadata,joblib,800.1,no
models_rf/Nav1_5_binder_meta.json,Deployed model artefacts and metadata,json,0.6,yes
models_rf/Nav1_6_binder.joblib,Deployed model artefacts and metadata,joblib,493.1,no
models_rf/Nav1_7_binder.joblib,Deployed model artefacts and metadata,joblib,3689.6,no
models_rf/Nav1_8_binder.joblib,Deployed model artefacts and metadata,joblib,506.0,no
models_rf/NET_binder.joblib,Deployed model artefacts and metadata,joblib,3144.9,no
models_rf/NET_binder_meta.json,Deployed model artefacts and metadata,json,0.6,yes
models_rf/NFKB1_binder.joblib,Deployed model artefacts and metadata,joblib,114.0,no
models_rf/NLRP3_binder.joblib,Deployed model artefacts and metadata,joblib,564.9,no
models_rf/NLRP3_binder_meta.json,Deployed model artefacts and metadata,json,0.6,yes
models_rf/NR3C1_binder.joblib,Deployed model artefacts and metadata,joblib,80.2,no
models_rf/NRF2_binder.joblib,Deployed model artefacts and metadata,joblib,314.8,no
models_rf/OPRK1_binder.joblib,Deployed model artefacts and metadata,joblib,5356.1,no
models_rf/OPRK1_binder_meta.json,Deployed model artefacts and metadata,json,0.7,yes
models_rf/OPRM1_binder.joblib,Deployed model artefacts and metadata,joblib,6022.5,no
models_rf/OPRM1_binder_meta.json,Deployed model artefacts and metadata,json,0.7,yes
models_rf/OX1_binder.joblib,Deployed model artefacts and metadata,joblib,4326.9,no
models_rf/OX1_binder_meta.json,Deployed model artefacts and metadata,json,0.6,yes
models_rf/OX2_binder.joblib,Deployed model artefacts and metadata,joblib,5528.2,no
models_rf/OX2_binder_meta.json,Deployed model artefacts and metadata,json,0.6,yes
models_rf/P2X7_binder.joblib,Deployed model artefacts and metadata,joblib,4901.6,no
models_rf/P2X7_binder_meta.json,Deployed model artefacts and metadata,json,0.6,yes
models_rf/PDE10A_binder.joblib,Deployed model artefacts and metadata,joblib,6552.4,no
models_rf/PDE10A_binder_meta.json,Deployed model artefacts and metadata,json,0.6,yes
models_rf/PDE4B_binder.joblib,Deployed model artefacts and metadata,joblib,2537.8,no
models_rf/PDE4B_binder_meta.json,Deployed model artefacts and metadata,json,0.7,yes
models_rf/pka_basic.joblib,Deployed model artefacts and metadata,joblib,32906.7,no
models_rf/pka_basic_meta.json,Deployed model artefacts and metadata,json,0.3,yes
models_rf/readacross_index.pkl,Deployed model artefacts and metadata,pkl,23205.8,no
models_rf/RIPK1_binder.joblib,Deployed model artefacts and metadata,joblib,2173.4,no
models_rf/SERT.joblib,Deployed model artefacts and metadata,joblib,15798.0,no
models_rf/SERT_binder.joblib,Deployed model artefacts and metadata,joblib,6253.2,no
models_rf/SERT_binder_meta.json,Deployed model artefacts and metadata,json,0.6,yes
models_rf/SERT_meta.json,Deployed model artefacts and metadata,json,1.0,yes
models_rf/Sigma1_binder.joblib,Deployed model artefacts and metadata,joblib,4214.7,no
models_rf/Sigma1_binder_meta.json,Deployed model artefacts and metadata,json,0.6,yes
models_rf/SIRT1_binder.joblib,Deployed model artefacts and metadata,joblib,351.8,no
models_rf/SIRT1_binder_meta.json,Deployed model artefacts and metadata,json,0.6,yes
models_rf/TAAR1_binder.joblib,Deployed model artefacts and metadata,joblib,255.3,no
NAR_PROPOSAL/NAR_proposal_onepage.docx,"Root: application, build and project files",docx,12.7,no
NAR_PROPOSAL/NAR_proposal_onepage.pdf,"Root: application, build and project files",pdf,79.9,no
NAR_PROPOSAL/README.md,"Root: application, build and project files",md,2.2,no
NAR_SUBMISSION/1_manuscript.docx,"Root: application, build and project files",docx,748.8,no
NAR_SUBMISSION/2_graphical_abstract.pdf,"Root: application, build and project files",pdf,57.5,no
NAR_SUBMISSION/2_graphical_abstract.png,"Root: application, build and project files",png,416.3,no
NAR_SUBMISSION/3_supplementary_information.docx,"Root: application, build and project files",docx,1390.4,no
NAR_SUBMISSION/4_supplementary_table_S1_model_inventory.csv,"Root: application, build and project files",csv,23.6,no
NAR_SUBMISSION/README.md,"Root: application, build and project files",md,2.3,no
NPASS data/NPASS3.0_activities.txt,"Root: application, build and project files",txt,102785.7,no
NPASS data/NPASS3.0_Coculture.tsv,"Root: application, build and project files",tsv,90.1,no
NPASS data/NPASS3.0_Engineer.tsv,"Root: application, build and project files",tsv,255.6,no
NPASS data/NPASS3.0_naturalproducts_generalinfo.txt,"Root: application, build and project files",txt,47245.4,no
NPASS data/NPASS3.0_naturalproducts_species_pair.txt,"Root: application, build and project files",txt,113958.1,no
NPASS data/NPASS3.0_naturalproducts_structure.txt,"Root: application, build and project files",txt,63217.1,no
NPASS data/NPASS3.0_Symbiont.tsv,"Root: application, build and project files",tsv,69.9,no
NPASS data/NPASS3.0_target.txt,"Root: application, build and project files",txt,647.9,no
NPASS data/NPASS3.0_toxicity.txt,"Root: application, build and project files",txt,3224.2,no
packages.txt,"Root: application, build and project files",txt,0.0,yes
pytest.ini,"Root: application, build and project files",ini,0.4,yes
README.md,"Root: application, build and project files",md,8.5,yes
REPOSITORY_INVENTORY.csv,"Root: application, build and project files",csv,72.7,yes
REPOSITORY_MAP.md,"Root: application, build and project files",md,3.9,yes
repro/provenance.json,"Root: application, build and project files",json,14.9,no
repro/PROVENANCE.md,"Root: application, build and project files",md,6.9,no
repro/run_log.json,"Root: application, build and project files",json,3.0,no
REPRODUCE.md,"Root: application, build and project files",md,8.6,yes
requirements.txt,"Root: application, build and project files",txt,0.9,yes
results/action_type_availability.csv,"Root: application, build and project files",csv,0.4,no
results/batch4_audit.csv,"Root: application, build and project files",csv,0.8,no
results/batch4_fetch_summary.csv,"Root: application, build and project files",csv,0.4,no
results/batch5_fetch_summary.csv,"Root: application, build and project files",csv,0.2,no
results/binder_cv_run.log,"Root: application, build and project files",log,3.8,no
results/deployed_specificity_audit.csv,"Root: application, build and project files",csv,2.6,no
results/extraction_validation.csv,"Root: application, build and project files",csv,1.7,no
results/figures/fig_adme_performance.png,Result figures,png,64.0,no
results/figures/fig_applicability_coverage.png,Result figures,png,45.1,no
results/figures/fig_calibration.png,Result figures,png,50.1,no
results/figures/fig_compound_counts.png,Result figures,png,59.5,no
results/figures/fig_descriptor_importance.png,Result figures,png,79.2,no
results/figures/fig_feature_block_ablation.png,Result figures,png,71.4,no
results/figures/fig_gnn_vs_rf.png,Result figures,png,46.6,no
results/figures/fig_kpuu_exposure.png,Result figures,png,51.8,no
results/figures/fig_learning_curve.png,Result figures,png,66.2,no
results/figures/fig_rf_classification_auroc.png,Result figures,png,44.9,no
results/figures/fig_rf_regression_r2.png,Result figures,png,40.1,no
results/gnn/gnn_vs_rf.csv,Graph-network comparison results,csv,0.3,no
results/model_compression.csv,"Root: application, build and project files",csv,2.4,no
results/provenance_audit.csv,"Root: application, build and project files",csv,1.0,no
results/remaining_gaps.csv,"Root: application, build and project files",csv,0.8,no
results/specificity_decisions.csv,"Root: application, build and project files",csv,2.2,no
results/state_dependence_extracted.csv,"Root: application, build and project files",csv,594.7,no
results/state_dependence_feasibility.csv,"Root: application, build and project files",csv,0.4,no
results/state_dependence_pairs.csv,"Root: application, build and project files",csv,9.6,no
results/state_dependence_papers.csv,"Root: application, build and project files",csv,93.7,no
results/state_dependence_to_retrieve.csv,"Root: application, build and project files",csv,3.2,no
results/tables/adme_cv_folds.csv,Result tables,csv,22.9,no
results/tables/adme_cv_summary.csv,Result tables,csv,2.1,no
results/tables/applicability_bbb_validation.csv,Result tables,csv,0.2,no
results/tables/applicability_coverage.csv,Result tables,csv,0.2,no
results/tables/applicability_measures.csv,Result tables,csv,0.3,no
results/tables/background_specificity.csv,Result tables,csv,2.1,no
results/tables/background_specificity_disjoint.csv,Result tables,csv,1.3,no
results/tables/binder_cv_folds.csv,Result tables,csv,198.2,no
results/tables/binder_cv_folds.pre_retrain.csv,Result tables,csv,198.2,no
results/tables/binder_cv_summary.csv,Result tables,csv,19.4,no
results/tables/binder_vs_measured_inactives.csv,Result tables,csv,2.3,no
results/tables/bindingdb_yield.csv,Result tables,csv,0.4,no
results/tables/calibration.csv,Result tables,csv,0.3,no
results/tables/cns_exposure_demo.csv,Result tables,csv,0.6,no
results/tables/decision_tree_example_full.txt,Result tables,txt,34.3,no
results/tables/drugbank_screen_summary.csv,Result tables,csv,0.3,no
results/tables/endpoint_rebuild_provenance.csv,Result tables,csv,0.5,no
results/tables/expansion_audit.csv,Result tables,csv,2.2,no
results/tables/expansion_inactives.csv,Result tables,csv,2.1,no
results/tables/external_100_predictions.csv,Result tables,csv,4.2,no
results/tables/external_100_summary.csv,Result tables,csv,0.8,no
results/tables/external_bbb_validation.csv,Result tables,csv,0.4,no
results/tables/external_cross_source.csv,Result tables,csv,0.8,no
results/tables/external_cross_source_compounds.csv,Result tables,csv,122.4,no
results/tables/external_natural_products.csv,Result tables,csv,65.4,no
results/tables/external_natural_products_summary.csv,Result tables,csv,5.6,no
results/tables/external_novelty_strata.csv,Result tables,csv,1.3,no
results/tables/external_prospective.csv,Result tables,csv,16.3,no
results/tables/external_prospective_compounds.csv,Result tables,csv,4041.0,no
results/tables/external_prospective_core.csv,Result tables,csv,1.2,no
results/tables/external_prospective_core_compounds.csv,Result tables,csv,1108.7,no
results/tables/feature_block_ablation.csv,Result tables,csv,2.1,no
results/tables/feature_descriptor_importance.csv,Result tables,csv,5.6,no
results/tables/final_thresholds.csv,Result tables,csv,3.3,no
results/tables/fingerprint_collisions.csv,Result tables,csv,0.5,no
results/tables/inactives_audit.csv,Result tables,csv,0.4,no
results/tables/inactives_merge_provenance.csv,Result tables,csv,0.3,no
results/tables/integrity_audit.csv,Result tables,csv,0.8,no
results/tables/integrity_calibration_per_target.csv,Result tables,csv,0.7,no
results/tables/inversion_validation.csv,Result tables,csv,1.2,no
results/tables/learning_curve.csv,Result tables,csv,1.0,no
results/tables/library_sp3_coverage.csv,Result tables,csv,0.6,no
results/tables/library_summary.csv,Result tables,csv,0.5,no
results/tables/manuscript_T1_endpoints.csv,Result tables,csv,4.2,no
results/tables/manuscript_T2_per_fold.csv,Result tables,csv,35.5,no
results/tables/manuscript_T3_variance.csv,Result tables,csv,1.2,no
results/tables/manuscript_T4_variance_decomposition.csv,Result tables,csv,1.7,no
results/tables/manuscript_Table1_core.csv,Result tables,csv,2.1,no
results/tables/manuscript_Table2_binder_validation.csv,Result tables,csv,2.5,no
results/tables/manuscript_Table2_binders.csv,Result tables,csv,1.8,no
results/tables/manuscript_Table3_adme.csv,Result tables,csv,1.2,no
results/tables/manuscript_Table5_temporal.csv,Result tables,csv,0.6,no
results/tables/manuscript_Table6_scaffold_holdout.csv,Result tables,csv,2.2,no
results/tables/master_feature_vectors.csv,Result tables,csv,764789.1,no
results/tables/master_training_usage.csv,Result tables,csv,26458.1,no
results/tables/MASTER_validation_summary.csv,Result tables,csv,1.3,no
results/tables/model_comparison.csv,Result tables,csv,8.1,no
results/tables/model_family_significance.csv,Result tables,csv,3.9,no
results/tables/MODEL_INVENTORY.csv,Result tables,csv,23.6,no
results/tables/MODEL_INVENTORY.md,Result tables,md,12.2,no
results/tables/natural_product_candidates.csv,Result tables,csv,790.5,no
results/tables/natural_product_coverage.csv,Result tables,csv,0.2,no
results/tables/noncns_specificity_predictions.csv,Result tables,csv,73.0,no
results/tables/noncns_specificity_summary.csv,Result tables,csv,1.3,no
results/tables/np_endpoint_assay_composition.csv,Result tables,csv,0.2,no
results/tables/np_endpoints_built.csv,Result tables,csv,0.5,no
results/tables/np_target_survey.csv,Result tables,csv,114.9,no
results/tables/npass_candidates.csv,Result tables,csv,1003.8,no
results/tables/npass_coverage.csv,Result tables,csv,2.0,no
results/tables/permutation_null.csv,Result tables,csv,1.0,no
results/tables/pka_model.csv,Result tables,csv,0.3,no
results/tables/pubchem_inactives_summary.csv,Result tables,csv,0.1,no
results/tables/pubchem_merge_provenance.csv,Result tables,csv,0.2,no
results/tables/rf_conformal.csv,Result tables,csv,0.6,no
results/tables/rf_conformal_scaffold.csv,Result tables,csv,0.6,no
results/tables/rf_cv_folds.csv,Result tables,csv,33.4,no
results/tables/rf_cv_summary.csv,Result tables,csv,2.9,no
results/tables/rf_cv_summary_chembl_only_baseline.csv,Result tables,csv,2.9,no
results/tables/rf_cv_summary_pre_expansion.csv,Result tables,csv,2.9,no
results/tables/rf_cv_summary_pre_inactives.csv,Result tables,csv,2.9,no
results/tables/rf_temporal.csv,Result tables,csv,0.6,no
results/tables/scaffold_holdout_results.csv,Result tables,csv,2.3,no
results/tables/screening_thresholds.csv,Result tables,csv,2.0,no
results/tables/sensitivity_reconciliation.csv,Result tables,csv,4.4,no
results/tables/shap_attribution.csv,Result tables,csv,1.0,no
results/tables/stereochemistry_audit.csv,Result tables,csv,0.6,no
results/tables/stereochemistry_pairs.csv,Result tables,csv,531.0,no
results/tables/temporal_by_domain.csv,Result tables,csv,2.3,no
results/tables/temporal_diagnosis.csv,Result tables,csv,1.5,no
results/tables/uncharging_impact_by_endpoint.csv,Result tables,csv,1.2,no
results/tables/unique_compound_count.csv,Result tables,csv,0.4,no
results/tables/worked_example.csv,Result tables,csv,62.7,no
results/unmodelled_target_data.csv,"Root: application, build and project files",csv,5.6,no
reviewer_package/08.09.26/00_README.md,Reviewer package,md,2.5,no
reviewer_package/08.09.26/01_MASTER_endpoint_inventory.csv,Reviewer package,csv,37.5,no
reviewer_package/08.09.26/02_training_input_files.csv,Reviewer package,csv,18.2,no
reviewer_package/08.09.26/03_crossvalidation_summary.csv,Reviewer package,csv,5.5,no
reviewer_package/08.09.26/04_crossvalidation_per_fold.csv,Reviewer package,csv,66.3,no
reviewer_package/08.09.26/05_feature_definitions.csv,Reviewer package,csv,161.9,no
reviewer_package/08.09.26/06_model_registry.csv,Reviewer package,csv,9.5,no
reviewer_package/08.09.26/07_binder_panel_training_design.csv,Reviewer package,csv,7.5,no
reviewer_package/08.09.26/08_DATA_DICTIONARY.md,Reviewer package,md,6.0,no
reviewer_package/08.09.26/09_PROVENANCE_AND_LIMITATIONS.md,Reviewer package,md,3.4,no
reviewer_package/08.09.26/BrainSafe_AI_training_record.xlsx,Reviewer package,xlsx,11944.5,no
reviewer_package/08.09.26/MASTER_external_test_results.csv,Reviewer package,csv,621.4,no
reviewer_package/08.09.26/MASTER_external_test_summary.csv,Reviewer package,csv,1.3,no
reviewer_package/08.09.26/MASTER_training_inputs.csv,Reviewer package,csv,27431.5,no
reviewer_package/08.09.26/REVIEW/00_START_HERE.md,Reviewer package,md,3.4,no
reviewer_package/08.09.26/REVIEW/01_INPUTS/01_MASTER_endpoint_inventory.csv,Reviewer package,csv,37.5,no
reviewer_package/08.09.26/REVIEW/01_INPUTS/02_training_input_files.csv,Reviewer package,csv,18.2,no
reviewer_package/08.09.26/REVIEW/01_INPUTS/COMPOUND_MATRIX_endpoints_as_columns.csv,Reviewer package,csv,20593.2,no
reviewer_package/08.09.26/REVIEW/01_INPUTS/MASTER_training_inputs.csv,Reviewer package,csv,27431.5,no
reviewer_package/08.09.26/REVIEW/02_CROSS_VALIDATION/adme_cv_folds.csv,Reviewer package,csv,22.8,no
reviewer_package/08.09.26/REVIEW/02_CROSS_VALIDATION/adme_cv_summary.csv,Reviewer package,csv,2.1,no
reviewer_package/08.09.26/REVIEW/02_CROSS_VALIDATION/binder_cv_folds.csv,Reviewer package,csv,186.5,no
reviewer_package/08.09.26/REVIEW/02_CROSS_VALIDATION/binder_cv_summary.csv,Reviewer package,csv,18.4,no
reviewer_package/08.09.26/REVIEW/02_CROSS_VALIDATION/manuscript_T2_per_fold.csv,Reviewer package,csv,35.5,no
reviewer_package/08.09.26/REVIEW/02_CROSS_VALIDATION/rf_cv_summary.csv,Reviewer package,csv,2.9,no
reviewer_package/08.09.26/REVIEW/03_EXTERNAL_VALIDATION/H6_clinical_indication.csv,Reviewer package,csv,0.6,no
reviewer_package/08.09.26/REVIEW/03_EXTERNAL_VALIDATION/manuscript_Table5_temporal.csv,Reviewer package,csv,0.6,no
reviewer_package/08.09.26/REVIEW/03_EXTERNAL_VALIDATION/manuscript_Table6_scaffold_holdout.csv,Reviewer package,csv,2.2,no
reviewer_package/08.09.26/REVIEW/03_EXTERNAL_VALIDATION/MASTER_external_test_results.csv,Reviewer package,csv,621.8,no
reviewer_package/08.09.26/REVIEW/03_EXTERNAL_VALIDATION/MASTER_external_test_summary.csv,Reviewer package,csv,1.3,no
reviewer_package/08.09.26/REVIEW/03_EXTERNAL_VALIDATION/noncns_specificity_summary.csv,Reviewer package,csv,1.2,no
reviewer_package/08.09.26/REVIEW/03_EXTERNAL_VALIDATION/VERDICTS.csv,Reviewer package,csv,1.2,no
reviewer_package/08.09.26/REVIEW/04_MODELS/05_feature_definitions.csv,Reviewer package,csv,161.9,no
reviewer_package/08.09.26/REVIEW/04_MODELS/06_model_registry.csv,Reviewer package,csv,9.5,no
reviewer_package/08.09.26/REVIEW/04_MODELS/07_binder_panel_training_design.csv,Reviewer package,csv,7.5,no
reviewer_package/08.09.26/REVIEW/04_MODELS/models_manifest.json,Reviewer package,json,30.8,no
reviewer_package/08.09.26/REVIEW/BrainSafe_AI_training_record.xlsx,Reviewer package,xlsx,11944.5,no
reviewer_package/data/cv_predictions/A2A_random_oof.csv,Reviewer package,csv,558.8,no
reviewer_package/data/cv_predictions/A2A_scaffold_oof.csv,Reviewer package,csv,558.9,no
reviewer_package/data/cv_predictions/AChE_random_oof.csv,Reviewer package,csv,347.4,no
reviewer_package/data/cv_predictions/AChE_scaffold_oof.csv,Reviewer package,csv,347.2,no
reviewer_package/data/cv_predictions/antioxidant_DPPH_random_oof.csv,Reviewer package,csv,271.5,no
reviewer_package/data/cv_predictions/antioxidant_DPPH_scaffold_oof.csv,Reviewer package,csv,271.5,no
reviewer_package/data/cv_predictions/BACE1_random_oof.csv,Reviewer package,csv,788.5,no
reviewer_package/data/cv_predictions/BACE1_scaffold_oof.csv,Reviewer package,csv,791.7,no
reviewer_package/data/cv_predictions/BBB_random_oof.csv,Reviewer package,csv,664.0,no
reviewer_package/data/cv_predictions/BBB_scaffold_oof.csv,Reviewer package,csv,663.6,no
reviewer_package/data/cv_predictions/BChE_random_oof.csv,Reviewer package,csv,210.2,no
reviewer_package/data/cv_predictions/BChE_scaffold_oof.csv,Reviewer package,csv,210.2,no
reviewer_package/data/cv_predictions/D2_random_oof.csv,Reviewer package,csv,643.1,no
reviewer_package/data/cv_predictions/D2_scaffold_oof.csv,Reviewer package,csv,643.0,no
reviewer_package/data/cv_predictions/GSK3B_random_oof.csv,Reviewer package,csv,388.3,no
reviewer_package/data/cv_predictions/GSK3B_scaffold_oof.csv,Reviewer package,csv,389.9,no
reviewer_package/data/cv_predictions/hERG_random_oof.csv,Reviewer package,csv,497.7,no
reviewer_package/data/cv_predictions/hERG_scaffold_oof.csv,Reviewer package,csv,497.6,no
reviewer_package/data/cv_predictions/HT2A_random_oof.csv,Reviewer package,csv,461.2,no
reviewer_package/data/cv_predictions/HT2A_scaffold_oof.csv,Reviewer package,csv,461.2,no
reviewer_package/data/cv_predictions/MAO_A_random_oof.csv,Reviewer package,csv,152.7,no
reviewer_package/data/cv_predictions/MAO_A_scaffold_oof.csv,Reviewer package,csv,152.6,no
reviewer_package/data/cv_predictions/MAO_B_random_oof.csv,Reviewer package,csv,247.6,no
reviewer_package/data/cv_predictions/MAO_B_scaffold_oof.csv,Reviewer package,csv,247.6,no
reviewer_package/data/cv_predictions/SERT_random_oof.csv,Reviewer package,csv,337.7,no
reviewer_package/data/cv_predictions/SERT_scaffold_oof.csv,Reviewer package,csv,337.8,no
reviewer_package/data/endpoint_measurements_long.csv,Reviewer package,csv,8538.1,no
reviewer_package/data/endpoints/A2A.csv,Reviewer package,csv,524.3,no
reviewer_package/data/endpoints/AChE.csv,Reviewer package,csv,334.1,no
reviewer_package/data/endpoints/antioxidant_dpph.csv,Reviewer package,csv,218.7,no
reviewer_package/data/endpoints/BACE1.csv,Reviewer package,csv,782.3,no
reviewer_package/data/endpoints/BBB.csv,Reviewer package,csv,468.9,no
reviewer_package/data/endpoints/BChE.csv,Reviewer package,csv,203.2,no
reviewer_package/data/endpoints/D2.csv,Reviewer package,csv,612.4,no
reviewer_package/data/endpoints/GSK3B.csv,Reviewer package,csv,374.1,no
reviewer_package/data/endpoints/hERG.csv,Reviewer package,csv,457.0,no
reviewer_package/data/endpoints/HT2A.csv,Reviewer package,csv,434.3,no
reviewer_package/data/endpoints/MAO_A.csv,Reviewer package,csv,142.5,no
reviewer_package/data/endpoints/MAO_B.csv,Reviewer package,csv,235.6,no
reviewer_package/data/endpoints/SERT.csv,Reviewer package,csv,319.7,no
reviewer_package/data/feature_names_1036.json,Reviewer package,json,13.1,no
reviewer_package/data/master_compound_library.csv,Reviewer package,csv,11523.0,no
reviewer_package/figures/fig_adme_performance.png,Reviewer package,png,64.0,no
reviewer_package/figures/fig_applicability_coverage.png,Reviewer package,png,45.1,no
reviewer_package/figures/fig_calibration.png,Reviewer package,png,50.1,no
reviewer_package/figures/fig_compound_counts.png,Reviewer package,png,59.5,no
reviewer_package/figures/fig_descriptor_importance.png,Reviewer package,png,79.2,no
reviewer_package/figures/fig_feature_block_ablation.png,Reviewer package,png,71.4,no
reviewer_package/figures/fig_gnn_vs_rf.png,Reviewer package,png,46.6,no
reviewer_package/figures/fig_kpuu_exposure.png,Reviewer package,png,51.8,no
reviewer_package/figures/fig_learning_curve.png,Reviewer package,png,65.0,no
reviewer_package/figures/fig_rf_classification_auroc.png,Reviewer package,png,44.9,no
reviewer_package/figures/fig_rf_regression_r2.png,Reviewer package,png,40.1,no
reviewer_package/MANIFEST.md,Reviewer package,md,4.2,no
reviewer_package/model_outputs/BLANKS.csv,Reviewer package,csv,1.2,no
reviewer_package/model_outputs/BrainSafe_models_inputs_and_folds.xlsx,Reviewer package,xlsx,16069.3,no
reviewer_package/model_outputs/FEATURE_VECTOR.csv,Reviewer package,csv,304.6,no
reviewer_package/model_outputs/MEASUREMENTS_LONG.csv,Reviewer package,csv,47419.9,no
reviewer_package/model_outputs/OUTPUT_CATALOGUE.csv,Reviewer package,csv,41.2,no
reviewer_package/model_outputs/PROVENANCE.csv,Reviewer package,csv,0.6,no
reviewer_package/model_outputs/README.md,Reviewer package,md,9.5,no
reviewer_package/model_outputs/RECIPE_ADME___exposure.csv,Reviewer package,csv,4.0,no
reviewer_package/model_outputs/RECIPE_binder_classifier.csv,Reviewer package,csv,30.9,no
reviewer_package/model_outputs/RECIPE_potency_regression.csv,Reviewer package,csv,2.3,no
reviewer_package/model_outputs/RECIPE_target_classifier.csv,Reviewer package,csv,4.2,no
reviewer_package/model_outputs/TRAINING_COMPOSITION.csv,Reviewer package,csv,9.5,no
reviewer_package/model_outputs/TRAINING_MATRIX.csv,Reviewer package,csv,41718.5,no
reviewer_package/model_outputs/TRAINING_SOURCES.csv,Reviewer package,csv,7.0,no
reviewer_package/notebooks/01_master_data_and_features.ipynb,Reviewer package,ipynb,4.9,no
reviewer_package/notebooks/01_master_data_and_features.py,Reviewer package,py,2.9,no
reviewer_package/notebooks/02_reproduce_10fold_training_testing.ipynb,Reviewer package,ipynb,9.2,no
reviewer_package/notebooks/02_reproduce_10fold_training_testing.py,Reviewer package,py,6.6,no
reviewer_package/notebooks/03_model_comparison.ipynb,Reviewer package,ipynb,5.8,no
reviewer_package/notebooks/03_model_comparison.py,Reviewer package,py,4.1,no
reviewer_package/notebooks/04_validation_calibration_conformal_temporal.ipynb,Reviewer package,ipynb,4.7,no
reviewer_package/notebooks/04_validation_calibration_conformal_temporal.py,Reviewer package,py,2.3,no
reviewer_package/README.md,Reviewer package,md,3.8,no
reviewer_package/results/adme_cv_folds.csv,Reviewer package,csv,22.8,no
reviewer_package/results/adme_cv_summary.csv,Reviewer package,csv,2.1,no
reviewer_package/results/applicability_bbb_validation.csv,Reviewer package,csv,0.2,no
reviewer_package/results/applicability_coverage.csv,Reviewer package,csv,0.3,no
reviewer_package/results/bindingdb_yield.csv,Reviewer package,csv,0.4,no
reviewer_package/results/calibration.csv,Reviewer package,csv,0.3,no
reviewer_package/results/cns_exposure_demo.csv,Reviewer package,csv,0.6,no
reviewer_package/results/drugbank_screen_summary.csv,Reviewer package,csv,0.3,no
reviewer_package/results/endpoint_rebuild_provenance.csv,Reviewer package,csv,0.4,no
reviewer_package/results/expansion_audit.csv,Reviewer package,csv,2.2,no
reviewer_package/results/external_bbb_validation.csv,Reviewer package,csv,0.1,no
reviewer_package/results/feature_block_ablation.csv,Reviewer package,csv,2.1,no
reviewer_package/results/feature_descriptor_importance.csv,Reviewer package,csv,5.6,no
reviewer_package/results/inactives_audit.csv,Reviewer package,csv,0.4,no
reviewer_package/results/inactives_merge_provenance.csv,Reviewer package,csv,0.3,no
reviewer_package/results/inversion_validation.csv,Reviewer package,csv,0.6,no
reviewer_package/results/learning_curve.csv,Reviewer package,csv,1.0,no
reviewer_package/results/library_summary.csv,Reviewer package,csv,0.5,no
reviewer_package/results/model_comparison.csv,Reviewer package,csv,4.8,no
reviewer_package/results/pubchem_inactives_summary.csv,Reviewer package,csv,0.2,no
reviewer_package/results/rf_conformal.csv,Reviewer package,csv,0.3,no
reviewer_package/results/rf_cv_folds.csv,Reviewer package,csv,8.0,no
reviewer_package/results/rf_cv_summary.csv,Reviewer package,csv,2.9,no
reviewer_package/results/rf_cv_summary_chembl_only_baseline.csv,Reviewer package,csv,2.9,no
reviewer_package/results/rf_cv_summary_pre_inactives.csv,Reviewer package,csv,2.9,no
reviewer_package/results/rf_temporal.csv,Reviewer package,csv,0.6,no
reviewer_package/scripts/calibrate.py,Reviewer package,py,3.8,no
reviewer_package/scripts/featurize.py,Reviewer package,py,3.7,no
reviewer_package/scripts/model_comparison.py,Reviewer package,py,5.2,no
reviewer_package/scripts/rebuild_endpoints.py,Reviewer package,py,5.5,no
reviewer_package/scripts/rf_conformal_temporal.py,Reviewer package,py,5.0,no
reviewer_package/scripts/train_rf.py,Reviewer package,py,9.3,no
reviewer_package/scripts/validate_inversion.py,Reviewer package,py,5.7,no
SCRIPT_INDEX.csv,"Root: application, build and project files",csv,22.8,yes
serve.py,"Root: application, build and project files",py,2.9,yes
src/brainsafe/adme/cns_exposure.py,Source code,py,3.9,yes
src/brainsafe/adme/fetch_adme.py,Source code,py,4.7,yes
src/brainsafe/adme/fetch_pgp_substrate.py,Source code,py,2.9,yes
src/brainsafe/adme/README.md,Source code,md,2.2,yes
src/brainsafe/adme/train_adme.py,Source code,py,5.9,yes
src/brainsafe/analysis/add_reference_links.py,Source code,py,6.1,yes
src/brainsafe/analysis/build_audit_package.py,Source code,py,27.5,yes
src/brainsafe/analysis/build_manuscript.py,Source code,py,2.8,yes
src/brainsafe/analysis/build_manuscript_condensed.py,Source code,py,2.9,yes
src/brainsafe/analysis/build_manuscript_print_preview.py,Source code,py,4.1,yes
src/brainsafe/analysis/build_manuscript_with_figure.py,Source code,py,2.4,yes
src/brainsafe/analysis/build_master_inputs_and_external.py,Source code,py,10.5,yes
src/brainsafe/analysis/build_master_validation.py,Source code,py,7.7,yes
src/brainsafe/analysis/build_model_inventory.py,Source code,py,8.6,yes
src/brainsafe/analysis/build_review_folder.py,Source code,py,11.0,yes
src/brainsafe/analysis/build_reviewer_matrix.py,Source code,py,17.0,yes
src/brainsafe/analysis/build_reviewer_package.py,Source code,py,34.3,yes
src/brainsafe/analysis/build_reviewer_workbook.py,Source code,py,17.9,yes
src/brainsafe/analysis/build_reviewer_workbook_full.py,Source code,py,12.6,yes
src/brainsafe/analysis/build_supplementary_information.py,Source code,py,6.8,yes
src/brainsafe/analysis/build_technical_report.py,Source code,py,106.9,yes
src/brainsafe/analysis/check_manuscript_numbers.py,Source code,py,14.3,yes
src/brainsafe/analysis/cite.py,Source code,py,7.5,yes
src/brainsafe/analysis/figure_endpoint_rationale.py,Source code,py,5.7,yes
src/brainsafe/analysis/figure_temporal.py,Source code,py,4.5,yes
src/brainsafe/analysis/figures_powered_validation.py,Source code,py,8.8,yes
src/brainsafe/analysis/figures_validation.py,Source code,py,8.8,yes
src/brainsafe/analysis/manuscript_tables.py,Source code,py,17.9,yes
src/brainsafe/analysis/per_endpoint_report.py,Source code,py,6.4,yes
src/brainsafe/analysis/reorganise_repository.py,Source code,py,19.6,yes
src/brainsafe/analysis/report_reference_docx.py,Source code,py,6.0,yes
src/brainsafe/analysis/technical_report_docx.py,Source code,py,9.7,yes
src/brainsafe/analysis/temporal_diagnosis.py,Source code,py,8.8,yes
src/brainsafe/analysis/variance_decomposition.py,Source code,py,4.1,yes
src/brainsafe/analysis/verify_references.py,Source code,py,7.8,yes
src/brainsafe/analysis/verify_references_strict.py,Source code,py,17.7,yes
src/brainsafe/analysis/worked_example.py,Source code,py,3.7,yes
src/brainsafe/build_ad_per_endpoint.py,Source code,py,2.1,yes
src/brainsafe/build_ad_reference.py,Source code,py,1.6,yes
src/brainsafe/build_endpoint_context.py,Source code,py,2.8,yes
src/brainsafe/build_manuscript_docx.py,Source code,py,2.6,yes
src/brainsafe/build_manuscript_figures.py,Source code,py,9.1,yes
src/brainsafe/build_readacross_index.py,Source code,py,3.2,yes
src/brainsafe/data/_tls.py,Source code,py,4.9,yes
src/brainsafe/data/assess_remaining_gaps.py,Source code,py,9.1,yes
src/brainsafe/data/assess_state_dependence.py,Source code,py,6.9,yes
src/brainsafe/data/assess_unmodelled_targets.py,Source code,py,12.3,yes
src/brainsafe/data/audit_batch4.py,Source code,py,7.5,yes
src/brainsafe/data/build_compound_library.py,Source code,py,13.4,yes
src/brainsafe/data/build_np_endpoints.py,Source code,py,9.2,yes
src/brainsafe/data/fetch_antioxidant.py,Source code,py,5.9,yes
src/brainsafe/data/fetch_batch2.py,Source code,py,4.5,yes
src/brainsafe/data/fetch_batch3.py,Source code,py,3.3,yes
src/brainsafe/data/fetch_batch4.py,Source code,py,7.0,yes
src/brainsafe/data/fetch_batch5.py,Source code,py,4.8,yes
src/brainsafe/data/fetch_bindingdb.py,Source code,py,8.6,yes
src/brainsafe/data/fetch_clinical.py,Source code,py,4.2,yes
src/brainsafe/data/fetch_endpoints.py,Source code,py,12.3,yes
src/brainsafe/data/fetch_natural_products.py,Source code,py,10.6,yes
src/brainsafe/data/fetch_new_targets.py,Source code,py,3.4,yes
src/brainsafe/data/fetch_pka.py,Source code,py,5.2,yes
src/brainsafe/data/fetch_pubchem_expansion.py,Source code,py,5.0,yes
src/brainsafe/data/fetch_pubchem_inactives.py,Source code,py,5.5,yes
src/brainsafe/data/fetch_readacross_targets.py,Source code,py,4.5,yes
src/brainsafe/data/find_targets.py,Source code,py,4.1,yes
src/brainsafe/data/harvest_state_dependence.py,Source code,py,9.0,yes
src/brainsafe/data/ingest_npass.py,Source code,py,10.6,yes
src/brainsafe/data/integrate_external.py,Source code,py,11.9,yes
src/brainsafe/data/merge_pubchem_inactives.py,Source code,py,5.2,yes
src/brainsafe/data/package_caches.py,Source code,py,5.7,yes
src/brainsafe/data/rebuild_endpoints.py,Source code,py,12.9,yes
src/brainsafe/data/rebuild_with_inactives.py,Source code,py,3.7,yes
src/brainsafe/data/recover_expansion_inactives.py,Source code,py,8.4,yes
src/brainsafe/data/survey_np_targets.py,Source code,py,8.0,yes
src/brainsafe/data/validate_extraction.py,Source code,py,7.5,yes
src/brainsafe/data/verify_pathways.py,Source code,py,5.5,yes
src/brainsafe/evaluation/app_health.py,Source code,py,23.6,yes
src/brainsafe/evaluation/applicability_domain.py,Source code,py,4.5,yes
src/brainsafe/evaluation/applicability_measures.py,Source code,py,8.8,yes
src/brainsafe/evaluation/audit_expansion.py,Source code,py,2.7,yes
src/brainsafe/evaluation/audit_inactives.py,Source code,py,3.6,yes
src/brainsafe/evaluation/background_specificity_disjoint.py,Source code,py,5.1,yes
src/brainsafe/evaluation/binder_cv_per_fold.py,Source code,py,11.0,yes
src/brainsafe/evaluation/binder_vs_measured_inactives.py,Source code,py,2.7,yes
src/brainsafe/evaluation/deployed_specificity_audit.py,Source code,py,6.4,yes
src/brainsafe/evaluation/external_100.py,Source code,py,12.1,yes
src/brainsafe/evaluation/external_100_stats.py,Source code,py,5.4,yes
src/brainsafe/evaluation/external_cross_source.py,Source code,py,8.3,yes
src/brainsafe/evaluation/external_natural_products.py,Source code,py,10.7,yes
src/brainsafe/evaluation/external_novelty_strata.py,Source code,py,5.1,yes
src/brainsafe/evaluation/external_prospective.py,Source code,py,19.9,yes
src/brainsafe/evaluation/external_prospective_core.py,Source code,py,8.7,yes
src/brainsafe/evaluation/external_validation.py,Source code,py,5.4,yes
src/brainsafe/evaluation/feature_analysis.py,Source code,py,6.7,yes
src/brainsafe/evaluation/fingerprint_collisions.py,Source code,py,4.3,yes
src/brainsafe/evaluation/integrity_audit.py,Source code,py,9.0,yes
src/brainsafe/evaluation/learning_curve.py,Source code,py,4.2,yes
src/brainsafe/evaluation/library_sp3_coverage.py,Source code,py,4.3,yes
src/brainsafe/evaluation/model_comparison.py,Source code,py,8.3,yes
src/brainsafe/evaluation/model_family_significance.py,Source code,py,6.6,yes
src/brainsafe/evaluation/noncns_specificity.py,Source code,py,6.6,yes
src/brainsafe/evaluation/noncns_specificity_fast.py,Source code,py,8.1,yes
src/brainsafe/evaluation/permutation_null.py,Source code,py,5.0,yes
src/brainsafe/evaluation/provenance_audit.py,Source code,py,7.3,yes
src/brainsafe/evaluation/refresh_background_specificity.py,Source code,py,4.0,yes
src/brainsafe/evaluation/rf_conformal_temporal.py,Source code,py,9.2,yes
src/brainsafe/evaluation/scaffold_holdout_panel.py,Source code,py,8.1,yes
src/brainsafe/evaluation/scaffold_holdout_report.py,Source code,py,3.6,yes
src/brainsafe/evaluation/sensitivity_reconciliation.py,Source code,py,7.1,yes
src/brainsafe/evaluation/shap_attribution.py,Source code,py,3.8,yes
src/brainsafe/evaluation/stereochemistry_audit.py,Source code,py,5.4,yes
src/brainsafe/evaluation/unique_compound_count.py,Source code,py,3.6,yes
src/brainsafe/evaluation/validate_inversion.py,Source code,py,17.9,yes
src/brainsafe/features/encodings.py,Source code,py,1.8,yes
src/brainsafe/features/featurize.py,Source code,py,7.5,yes
src/brainsafe/figures/fig01_architecture.py,Source code,py,16.0,yes
src/brainsafe/figures/fig02_feature_vector.py,Source code,py,8.8,yes
src/brainsafe/figures/fig03_cv_design.py,Source code,py,8.2,yes
src/brainsafe/figures/fig04_pools_and_thresholds.py,Source code,py,11.3,yes
src/brainsafe/figures/fig05_negative_class.py,Source code,py,10.5,yes
src/brainsafe/figures/fig06_validation.py,Source code,py,9.6,yes
src/brainsafe/figures/fig07_binder_panel.py,Source code,py,9.3,yes
src/brainsafe/figures/fig08_use_case.py,Source code,py,9.4,yes
src/brainsafe/figures/fig09_model_atlas.py,Source code,py,10.4,yes
src/brainsafe/figures/fig10_endpoint_selection.py,Source code,py,8.4,yes
src/brainsafe/figures/fig11_external_validation.py,Source code,py,8.1,yes
src/brainsafe/figures/fig_decision_tree_example.py,Source code,py,13.7,yes
src/brainsafe/figures/fig_graphical_abstract.py,Source code,py,16.1,yes
src/brainsafe/figures/style.py,Source code,py,8.5,yes
src/brainsafe/figures/thesis_T1_scoring_pipeline.py,Source code,py,11.2,yes
src/brainsafe/figures/thesis_T2_enrichment_and_gate.py,Source code,py,11.3,yes
src/brainsafe/figures/thesis_T3_uncertainty_stack.py,Source code,py,13.2,yes
src/brainsafe/figures/thesis_T4_falsification.py,Source code,py,11.2,yes
src/brainsafe/gnn/gin_model.py,Source code,py,2.6,yes
src/brainsafe/gnn/graph_features.py,Source code,py,2.9,yes
src/brainsafe/gnn/README.md,Source code,md,2.6,yes
src/brainsafe/gnn/train_gnn.py,Source code,py,6.5,yes
src/brainsafe/models/_train_nav17.py,Source code,py,0.9,yes
src/brainsafe/models/_train_ox.py,Source code,py,0.9,yes
src/brainsafe/models/apply_specificity_decisions.py,Source code,py,11.8,yes
src/brainsafe/models/calibrate.py,Source code,py,3.8,yes
src/brainsafe/models/calibrate_background_specificity.py,Source code,py,7.1,yes
src/brainsafe/models/calibrate_binder_thresholds.py,Source code,py,5.3,yes
src/brainsafe/models/compress_models.py,Source code,py,5.5,yes
src/brainsafe/models/final_thresholds.py,Source code,py,7.1,yes
src/brainsafe/models/package_models.py,Source code,py,4.4,yes
src/brainsafe/models/pools.py,Source code,py,6.8,yes
src/brainsafe/models/screening_thresholds.py,Source code,py,4.8,yes
src/brainsafe/models/train_batch2.py,Source code,py,8.2,yes
src/brainsafe/models/train_binders_hybrid.py,Source code,py,12.8,yes
src/brainsafe/models/train_measured_label_holdout.py,Source code,py,7.4,yes
src/brainsafe/models/train_new_binders.py,Source code,py,7.1,yes
src/brainsafe/models/train_pka.py,Source code,py,5.0,yes
src/brainsafe/models/train_receptor_binders.py,Source code,py,9.0,yes
src/brainsafe/models/train_rf.py,Source code,py,13.0,yes
src/brainsafe/panel.py,Source code,py,11.2,yes
src/brainsafe/viz/make_figures.py,Source code,py,10.9,yes
submission_package/00_SUBMIT_TO_NAR/1_manuscript.docx,"Root: application, build and project files",docx,748.8,no
submission_package/00_SUBMIT_TO_NAR/2_graphical_abstract.pdf,"Root: application, build and project files",pdf,57.5,no
submission_package/00_SUBMIT_TO_NAR/2_graphical_abstract.png,"Root: application, build and project files",png,416.3,no
submission_package/00_SUBMIT_TO_NAR/3_supplementary_information.docx,"Root: application, build and project files",docx,1390.4,no
submission_package/00_SUBMIT_TO_NAR/4_supplementary_table_S1_model_inventory.csv,"Root: application, build and project files",csv,23.6,no
submission_package/01_PROPOSAL/proposal_one_page.docx,"Root: application, build and project files",docx,12.7,no
submission_package/01_PROPOSAL/proposal_one_page.md,"Root: application, build and project files",md,5.0,no
submission_package/02_MANUSCRIPT/01_manuscript_for_NAR.docx,"Root: application, build and project files",docx,748.8,no
submission_package/02_MANUSCRIPT/01_manuscript_for_NAR.md,"Root: application, build and project files",md,21.1,no
submission_package/02_MANUSCRIPT/01b_supplementary_information.docx,"Root: application, build and project files",docx,1390.4,no
submission_package/02_MANUSCRIPT/02_manuscript_extended.docx,"Root: application, build and project files",docx,2143.9,no
submission_package/02_MANUSCRIPT/manuscript.md,"Root: application, build and project files",md,63.8,no
submission_package/02_MANUSCRIPT/manuscript_source.md,"Root: application, build and project files",md,54.2,no
submission_package/02_MANUSCRIPT/references.md,"Root: application, build and project files",md,10.0,no
submission_package/02_MANUSCRIPT/references_pubmed_links.json,"Root: application, build and project files",json,3.4,no
submission_package/02_MANUSCRIPT/references_verification.json,"Root: application, build and project files",json,18.5,no
submission_package/02_MANUSCRIPT/supplementary_tables.md,"Root: application, build and project files",md,16.3,no
submission_package/03_FIGURES/Figure10_endpoint_selection.pdf,"Root: application, build and project files",pdf,37.5,no
submission_package/03_FIGURES/Figure10_endpoint_selection.png,"Root: application, build and project files",png,457.4,no
submission_package/03_FIGURES/Figure11_external_validation.pdf,"Root: application, build and project files",pdf,37.4,no
submission_package/03_FIGURES/Figure11_external_validation.png,"Root: application, build and project files",png,424.0,no
submission_package/03_FIGURES/Figure1_architecture.pdf,"Root: application, build and project files",pdf,41.7,no
submission_package/03_FIGURES/Figure1_architecture.png,"Root: application, build and project files",png,527.2,no
submission_package/03_FIGURES/Figure2_feature_vector.pdf,"Root: application, build and project files",pdf,61.7,no
submission_package/03_FIGURES/Figure2_feature_vector.png,"Root: application, build and project files",png,272.8,no
submission_package/03_FIGURES/Figure3_cv_design.pdf,"Root: application, build and project files",pdf,52.9,no
submission_package/03_FIGURES/Figure3_cv_design.png,"Root: application, build and project files",png,280.5,no
submission_package/03_FIGURES/Figure4_pools_and_thresholds.pdf,"Root: application, build and project files",pdf,40.0,no
submission_package/03_FIGURES/Figure4_pools_and_thresholds.png,"Root: application, build and project files",png,512.6,no
submission_package/03_FIGURES/Figure5_negative_class.pdf,"Root: application, build and project files",pdf,49.0,no
submission_package/03_FIGURES/Figure5_negative_class.png,"Root: application, build and project files",png,435.5,no
submission_package/03_FIGURES/Figure6_validation.pdf,"Root: application, build and project files",pdf,49.0,no
submission_package/03_FIGURES/Figure6_validation.png,"Root: application, build and project files",png,625.1,no
submission_package/03_FIGURES/Figure7_binder_panel.pdf,"Root: application, build and project files",pdf,62.9,no
submission_package/03_FIGURES/Figure7_binder_panel.png,"Root: application, build and project files",png,580.0,no
submission_package/03_FIGURES/Figure8_use_case.pdf,"Root: application, build and project files",pdf,29.4,no
submission_package/03_FIGURES/Figure8_use_case.png,"Root: application, build and project files",png,244.7,no
submission_package/03_FIGURES/Figure9_model_atlas.pdf,"Root: application, build and project files",pdf,40.1,no
submission_package/03_FIGURES/Figure9_model_atlas.png,"Root: application, build and project files",png,440.5,no
submission_package/03_FIGURES/FigureS_decision_tree_example.pdf,"Root: application, build and project files",pdf,72.2,no
submission_package/03_FIGURES/FigureS_decision_tree_example.png,"Root: application, build and project files",png,621.2,no
submission_package/03_FIGURES/GraphicalAbstract.pdf,"Root: application, build and project files",pdf,57.5,no
submission_package/03_FIGURES/GraphicalAbstract.png,"Root: application, build and project files",png,416.3,no
submission_package/04_TECHNICAL_REPORT/data_manifest.docx,"Root: application, build and project files",docx,15.5,no
submission_package/04_TECHNICAL_REPORT/data_manifest.md,"Root: application, build and project files",md,8.1,no
submission_package/04_TECHNICAL_REPORT/decision_tree_example_full.txt,"Root: application, build and project files",txt,34.3,no
submission_package/04_TECHNICAL_REPORT/decisions_log.docx,"Root: application, build and project files",docx,16.9,no
submission_package/04_TECHNICAL_REPORT/decisions_log.md,"Root: application, build and project files",md,11.5,no
submission_package/04_TECHNICAL_REPORT/endpoint_justification.docx,"Root: application, build and project files",docx,18.8,no
submission_package/04_TECHNICAL_REPORT/endpoint_justification.md,"Root: application, build and project files",md,14.8,no
submission_package/04_TECHNICAL_REPORT/methods.docx,"Root: application, build and project files",docx,15.3,no
submission_package/04_TECHNICAL_REPORT/methods.md,"Root: application, build and project files",md,7.6,no
submission_package/04_TECHNICAL_REPORT/ml_methods_and_formulas.docx,"Root: application, build and project files",docx,18.2,no
submission_package/04_TECHNICAL_REPORT/ml_methods_and_formulas.md,"Root: application, build and project files",md,11.5,no
submission_package/04_TECHNICAL_REPORT/technical_report.docx,"Root: application, build and project files",docx,4014.9,no
submission_package/04_TECHNICAL_REPORT/technical_report.md,"Root: application, build and project files",md,117.8,no
submission_package/04_TECHNICAL_REPORT/validation_summary.docx,"Root: application, build and project files",docx,15.8,no
submission_package/04_TECHNICAL_REPORT/validation_summary.md,"Root: application, build and project files",md,7.8,no
submission_package/05_CODE/01_data_acquisition/_tls.py,"Root: application, build and project files",py,4.9,no
submission_package/05_CODE/01_data_acquisition/assess_remaining_gaps.py,"Root: application, build and project files",py,9.1,no
submission_package/05_CODE/01_data_acquisition/assess_state_dependence.py,"Root: application, build and project files",py,6.9,no
submission_package/05_CODE/01_data_acquisition/assess_unmodelled_targets.py,"Root: application, build and project files",py,12.3,no
submission_package/05_CODE/01_data_acquisition/audit_batch4.py,"Root: application, build and project files",py,7.5,no
submission_package/05_CODE/01_data_acquisition/build_compound_library.py,"Root: application, build and project files",py,13.4,no
submission_package/05_CODE/01_data_acquisition/build_np_endpoints.py,"Root: application, build and project files",py,9.2,no
submission_package/05_CODE/01_data_acquisition/fetch_antioxidant.py,"Root: application, build and project files",py,5.9,no
submission_package/05_CODE/01_data_acquisition/fetch_batch2.py,"Root: application, build and project files",py,4.5,no
submission_package/05_CODE/01_data_acquisition/fetch_batch3.py,"Root: application, build and project files",py,3.3,no
submission_package/05_CODE/01_data_acquisition/fetch_batch4.py,"Root: application, build and project files",py,7.0,no
submission_package/05_CODE/01_data_acquisition/fetch_batch5.py,"Root: application, build and project files",py,4.8,no
submission_package/05_CODE/01_data_acquisition/fetch_bindingdb.py,"Root: application, build and project files",py,8.6,no
submission_package/05_CODE/01_data_acquisition/fetch_clinical.py,"Root: application, build and project files",py,4.2,no
submission_package/05_CODE/01_data_acquisition/fetch_endpoints.py,"Root: application, build and project files",py,12.3,no
submission_package/05_CODE/01_data_acquisition/fetch_natural_products.py,"Root: application, build and project files",py,10.6,no
submission_package/05_CODE/01_data_acquisition/fetch_new_targets.py,"Root: application, build and project files",py,3.4,no
submission_package/05_CODE/01_data_acquisition/fetch_pka.py,"Root: application, build and project files",py,5.2,no
submission_package/05_CODE/01_data_acquisition/fetch_pubchem_expansion.py,"Root: application, build and project files",py,5.0,no
submission_package/05_CODE/01_data_acquisition/fetch_pubchem_inactives.py,"Root: application, build and project files",py,5.5,no
submission_package/05_CODE/01_data_acquisition/fetch_readacross_targets.py,"Root: application, build and project files",py,4.5,no
submission_package/05_CODE/01_data_acquisition/find_targets.py,"Root: application, build and project files",py,4.1,no
submission_package/05_CODE/01_data_acquisition/harvest_state_dependence.py,"Root: application, build and project files",py,9.0,no
submission_package/05_CODE/01_data_acquisition/ingest_npass.py,"Root: application, build and project files",py,10.6,no
submission_package/05_CODE/01_data_acquisition/integrate_external.py,"Root: application, build and project files",py,11.9,no
submission_package/05_CODE/01_data_acquisition/merge_pubchem_inactives.py,"Root: application, build and project files",py,5.2,no
submission_package/05_CODE/01_data_acquisition/package_caches.py,"Root: application, build and project files",py,5.7,no
submission_package/05_CODE/01_data_acquisition/rebuild_endpoints.py,"Root: application, build and project files",py,12.9,no
submission_package/05_CODE/01_data_acquisition/rebuild_with_inactives.py,"Root: application, build and project files",py,3.7,no
submission_package/05_CODE/01_data_acquisition/recover_expansion_inactives.py,"Root: application, build and project files",py,8.4,no
submission_package/05_CODE/01_data_acquisition/survey_np_targets.py,"Root: application, build and project files",py,8.0,no
submission_package/05_CODE/01_data_acquisition/validate_extraction.py,"Root: application, build and project files",py,7.5,no
submission_package/05_CODE/01_data_acquisition/verify_pathways.py,"Root: application, build and project files",py,5.5,no
submission_package/05_CODE/02_featurisation/encodings.py,"Root: application, build and project files",py,1.8,no
submission_package/05_CODE/02_featurisation/featurize.py,"Root: application, build and project files",py,7.5,no
submission_package/05_CODE/03_model_training/_train_nav17.py,"Root: application, build and project files",py,0.9,no
submission_package/05_CODE/03_model_training/_train_ox.py,"Root: application, build and project files",py,0.9,no
submission_package/05_CODE/03_model_training/apply_specificity_decisions.py,"Root: application, build and project files",py,11.8,no
submission_package/05_CODE/03_model_training/calibrate.py,"Root: application, build and project files",py,3.8,no
submission_package/05_CODE/03_model_training/calibrate_background_specificity.py,"Root: application, build and project files",py,7.1,no
submission_package/05_CODE/03_model_training/calibrate_binder_thresholds.py,"Root: application, build and project files",py,5.3,no
submission_package/05_CODE/03_model_training/compress_models.py,"Root: application, build and project files",py,5.5,no
submission_package/05_CODE/03_model_training/final_thresholds.py,"Root: application, build and project files",py,7.1,no
submission_package/05_CODE/03_model_training/package_models.py,"Root: application, build and project files",py,4.4,no
submission_package/05_CODE/03_model_training/pools.py,"Root: application, build and project files",py,6.8,no
submission_package/05_CODE/03_model_training/screening_thresholds.py,"Root: application, build and project files",py,4.8,no
submission_package/05_CODE/03_model_training/train_batch2.py,"Root: application, build and project files",py,8.2,no
submission_package/05_CODE/03_model_training/train_binders_hybrid.py,"Root: application, build and project files",py,12.8,no
submission_package/05_CODE/03_model_training/train_measured_label_holdout.py,"Root: application, build and project files",py,7.4,no
submission_package/05_CODE/03_model_training/train_new_binders.py,"Root: application, build and project files",py,7.1,no
submission_package/05_CODE/03_model_training/train_pka.py,"Root: application, build and project files",py,5.0,no
submission_package/05_CODE/03_model_training/train_receptor_binders.py,"Root: application, build and project files",py,9.0,no
submission_package/05_CODE/03_model_training/train_rf.py,"Root: application, build and project files",py,13.0,no
submission_package/05_CODE/04_validation/app_health.py,"Root: application, build and project files",py,23.6,no
submission_package/05_CODE/04_validation/applicability_domain.py,"Root: application, build and project files",py,4.5,no
submission_package/05_CODE/04_validation/applicability_measures.py,"Root: application, build and project files",py,8.8,no
submission_package/05_CODE/04_validation/audit_expansion.py,"Root: application, build and project files",py,2.7,no
submission_package/05_CODE/04_validation/audit_inactives.py,"Root: application, build and project files",py,3.6,no
submission_package/05_CODE/04_validation/background_specificity_disjoint.py,"Root: application, build and project files",py,5.1,no
submission_package/05_CODE/04_validation/binder_cv_per_fold.py,"Root: application, build and project files",py,11.0,no
submission_package/05_CODE/04_validation/binder_vs_measured_inactives.py,"Root: application, build and project files",py,2.7,no
submission_package/05_CODE/04_validation/deployed_specificity_audit.py,"Root: application, build and project files",py,6.4,no
submission_package/05_CODE/04_validation/external_100.py,"Root: application, build and project files",py,12.1,no
submission_package/05_CODE/04_validation/external_100_stats.py,"Root: application, build and project files",py,5.4,no
submission_package/05_CODE/04_validation/external_cross_source.py,"Root: application, build and project files",py,8.3,no
submission_package/05_CODE/04_validation/external_natural_products.py,"Root: application, build and project files",py,10.7,no
submission_package/05_CODE/04_validation/external_novelty_strata.py,"Root: application, build and project files",py,5.1,no
submission_package/05_CODE/04_validation/external_prospective.py,"Root: application, build and project files",py,19.9,no
submission_package/05_CODE/04_validation/external_prospective_core.py,"Root: application, build and project files",py,8.7,no
submission_package/05_CODE/04_validation/external_validation.py,"Root: application, build and project files",py,5.4,no
submission_package/05_CODE/04_validation/feature_analysis.py,"Root: application, build and project files",py,6.7,no
submission_package/05_CODE/04_validation/fingerprint_collisions.py,"Root: application, build and project files",py,4.3,no
submission_package/05_CODE/04_validation/integrity_audit.py,"Root: application, build and project files",py,9.0,no
submission_package/05_CODE/04_validation/learning_curve.py,"Root: application, build and project files",py,4.2,no
submission_package/05_CODE/04_validation/library_sp3_coverage.py,"Root: application, build and project files",py,4.3,no
submission_package/05_CODE/04_validation/model_comparison.py,"Root: application, build and project files",py,8.3,no
submission_package/05_CODE/04_validation/model_family_significance.py,"Root: application, build and project files",py,6.6,no
submission_package/05_CODE/04_validation/noncns_specificity.py,"Root: application, build and project files",py,6.6,no
submission_package/05_CODE/04_validation/noncns_specificity_fast.py,"Root: application, build and project files",py,8.1,no
submission_package/05_CODE/04_validation/permutation_null.py,"Root: application, build and project files",py,5.0,no
submission_package/05_CODE/04_validation/provenance_audit.py,"Root: application, build and project files",py,7.3,no
submission_package/05_CODE/04_validation/refresh_background_specificity.py,"Root: application, build and project files",py,4.0,no
submission_package/05_CODE/04_validation/rf_conformal_temporal.py,"Root: application, build and project files",py,9.2,no
submission_package/05_CODE/04_validation/scaffold_holdout_panel.py,"Root: application, build and project files",py,8.1,no
submission_package/05_CODE/04_validation/scaffold_holdout_report.py,"Root: application, build and project files",py,3.6,no
submission_package/05_CODE/04_validation/sensitivity_reconciliation.py,"Root: application, build and project files",py,7.1,no
submission_package/05_CODE/04_validation/shap_attribution.py,"Root: application, build and project files",py,3.8,no
submission_package/05_CODE/04_validation/stereochemistry_audit.py,"Root: application, build and project files",py,5.4,no
submission_package/05_CODE/04_validation/unique_compound_count.py,"Root: application, build and project files",py,3.6,no
submission_package/05_CODE/04_validation/validate_inversion.py,"Root: application, build and project files",py,17.9,no
submission_package/05_CODE/05_falsification/audit_mesh_map.py,"Root: application, build and project files",py,3.6,no
submission_package/05_CODE/05_falsification/inv_barrier_necessity.py,"Root: application, build and project files",py,13.2,no
submission_package/05_CODE/05_falsification/inv_clinical_indication.py,"Root: application, build and project files",py,14.6,no
submission_package/05_CODE/05_falsification/inv_disease_discrimination.py,"Root: application, build and project files",py,6.5,no
submission_package/05_CODE/05_falsification/inv_disease_layer.py,"Root: application, build and project files",py,10.9,no
submission_package/05_CODE/05_falsification/inv_distant_specificity.py,"Root: application, build and project files",py,7.0,no
submission_package/05_CODE/05_falsification/inv_panel_independence.py,"Root: application, build and project files",py,10.1,no
submission_package/05_CODE/05_falsification/inv_readacross_value.py,"Root: application, build and project files",py,4.8,no
submission_package/05_CODE/05_falsification/inv_target_discrimination.py,"Root: application, build and project files",py,8.1,no
submission_package/05_CODE/05_falsification/summarise.py,"Root: application, build and project files",py,25.6,no
submission_package/05_CODE/06_figures/fig01_architecture.py,"Root: application, build and project files",py,16.0,no
submission_package/05_CODE/06_figures/fig02_feature_vector.py,"Root: application, build and project files",py,8.8,no
submission_package/05_CODE/06_figures/fig03_cv_design.py,"Root: application, build and project files",py,8.2,no
submission_package/05_CODE/06_figures/fig04_pools_and_thresholds.py,"Root: application, build and project files",py,11.3,no
submission_package/05_CODE/06_figures/fig05_negative_class.py,"Root: application, build and project files",py,10.5,no
submission_package/05_CODE/06_figures/fig06_validation.py,"Root: application, build and project files",py,9.6,no
submission_package/05_CODE/06_figures/fig07_binder_panel.py,"Root: application, build and project files",py,9.3,no
submission_package/05_CODE/06_figures/fig08_use_case.py,"Root: application, build and project files",py,9.4,no
submission_package/05_CODE/06_figures/fig09_model_atlas.py,"Root: application, build and project files",py,10.4,no
submission_package/05_CODE/06_figures/fig10_endpoint_selection.py,"Root: application, build and project files",py,8.4,no
submission_package/05_CODE/06_figures/fig11_external_validation.py,"Root: application, build and project files",py,8.1,no
submission_package/05_CODE/06_figures/fig_decision_tree_example.py,"Root: application, build and project files",py,13.7,no
submission_package/05_CODE/06_figures/fig_graphical_abstract.py,"Root: application, build and project files",py,16.1,no
submission_package/05_CODE/06_figures/style.py,"Root: application, build and project files",py,8.5,no
submission_package/05_CODE/06_figures/thesis_T1_scoring_pipeline.py,"Root: application, build and project files",py,11.2,no
submission_package/05_CODE/06_figures/thesis_T2_enrichment_and_gate.py,"Root: application, build and project files",py,11.3,no
submission_package/05_CODE/06_figures/thesis_T3_uncertainty_stack.py,"Root: application, build and project files",py,13.2,no
submission_package/05_CODE/06_figures/thesis_T4_falsification.py,"Root: application, build and project files",py,11.2,no
submission_package/05_CODE/07_reporting/add_reference_links.py,"Root: application, build and project files",py,6.1,no
submission_package/05_CODE/07_reporting/build_audit_package.py,"Root: application, build and project files",py,27.5,no
submission_package/05_CODE/07_reporting/build_manuscript.py,"Root: application, build and project files",py,2.8,no
submission_package/05_CODE/07_reporting/build_manuscript_condensed.py,"Root: application, build and project files",py,2.9,no
submission_package/05_CODE/07_reporting/build_manuscript_print_preview.py,"Root: application, build and project files",py,4.1,no
submission_package/05_CODE/07_reporting/build_manuscript_with_figure.py,"Root: application, build and project files",py,2.4,no
submission_package/05_CODE/07_reporting/build_master_inputs_and_external.py,"Root: application, build and project files",py,10.5,no
submission_package/05_CODE/07_reporting/build_master_validation.py,"Root: application, build and project files",py,7.7,no
submission_package/05_CODE/07_reporting/build_model_inventory.py,"Root: application, build and project files",py,8.6,no
submission_package/05_CODE/07_reporting/build_review_folder.py,"Root: application, build and project files",py,11.0,no
submission_package/05_CODE/07_reporting/build_reviewer_matrix.py,"Root: application, build and project files",py,17.0,no
submission_package/05_CODE/07_reporting/build_reviewer_package.py,"Root: application, build and project files",py,34.3,no
submission_package/05_CODE/07_reporting/build_reviewer_workbook.py,"Root: application, build and project files",py,17.9,no
submission_package/05_CODE/07_reporting/build_reviewer_workbook_full.py,"Root: application, build and project files",py,12.6,no
submission_package/05_CODE/07_reporting/build_supplementary_information.py,"Root: application, build and project files",py,6.8,no
submission_package/05_CODE/07_reporting/build_technical_report.py,"Root: application, build and project files",py,106.9,no
submission_package/05_CODE/07_reporting/check_manuscript_numbers.py,"Root: application, build and project files",py,14.3,no
submission_package/05_CODE/07_reporting/cite.py,"Root: application, build and project files",py,7.5,no
submission_package/05_CODE/07_reporting/figure_endpoint_rationale.py,"Root: application, build and project files",py,5.7,no
submission_package/05_CODE/07_reporting/figure_temporal.py,"Root: application, build and project files",py,4.5,no
submission_package/05_CODE/07_reporting/figures_powered_validation.py,"Root: application, build and project files",py,8.8,no
submission_package/05_CODE/07_reporting/figures_validation.py,"Root: application, build and project files",py,8.8,no
submission_package/05_CODE/07_reporting/manuscript_tables.py,"Root: application, build and project files",py,17.9,no
submission_package/05_CODE/07_reporting/per_endpoint_report.py,"Root: application, build and project files",py,6.4,no
submission_package/05_CODE/07_reporting/reorganise_repository.py,"Root: application, build and project files",py,16.6,no
submission_package/05_CODE/07_reporting/report_reference_docx.py,"Root: application, build and project files",py,6.0,no
submission_package/05_CODE/07_reporting/technical_report_docx.py,"Root: application, build and project files",py,9.7,no
submission_package/05_CODE/07_reporting/temporal_diagnosis.py,"Root: application, build and project files",py,8.8,no
submission_package/05_CODE/07_reporting/variance_decomposition.py,"Root: application, build and project files",py,4.1,no
submission_package/05_CODE/07_reporting/verify_references.py,"Root: application, build and project files",py,7.8,no
submission_package/05_CODE/07_reporting/verify_references_strict.py,"Root: application, build and project files",py,17.7,no
submission_package/05_CODE/07_reporting/worked_example.py,"Root: application, build and project files",py,3.7,no
submission_package/05_CODE/08_application/api.py,"Root: application, build and project files",py,9.0,no
submission_package/05_CODE/08_application/app.py,"Root: application, build and project files",py,215.7,no
submission_package/05_CODE/08_application/model_fetch.py,"Root: application, build and project files",py,7.4,no
submission_package/05_CODE/08_application/panel_registry.py,"Root: application, build and project files",py,11.2,no
submission_package/05_CODE/09_tests/test_external_validation.py,"Root: application, build and project files",py,6.2,no
submission_package/05_CODE/09_tests/test_featurisation.py,"Root: application, build and project files",py,6.8,no
submission_package/05_CODE/09_tests/test_integration_smoke.py,"Root: application, build and project files",py,9.4,no
submission_package/05_CODE/09_tests/test_panel_app_consistency.py,"Root: application, build and project files",py,21.5,no
submission_package/05_CODE/09_tests/test_pipeline_invariants.py,"Root: application, build and project files",py,13.6,no
submission_package/05_CODE/10_integrity_tooling/check_freshness.py,"Root: application, build and project files",py,43.8,no
submission_package/05_CODE/10_integrity_tooling/compress_models.py,"Root: application, build and project files",py,6.5,no
submission_package/06_TRAINING_DATA/adme/caco2_permeability.csv,"Root: application, build and project files",csv,89.9,no
submission_package/06_TRAINING_DATA/adme/clearance_hepatocyte.csv,"Root: application, build and project files",csv,87.0,no
submission_package/06_TRAINING_DATA/adme/kpuu.csv,"Root: application, build and project files",csv,58.7,no
submission_package/06_TRAINING_DATA/adme/lipophilicity.csv,"Root: application, build and project files",csv,339.0,no
submission_package/06_TRAINING_DATA/adme/logbb.csv,"Root: application, build and project files",csv,78.2,no
submission_package/06_TRAINING_DATA/adme/pgp_inhibition.csv,"Root: application, build and project files",csv,101.7,no
submission_package/06_TRAINING_DATA/adme/pgp_substrate.csv,"Root: application, build and project files",csv,141.7,no
submission_package/06_TRAINING_DATA/adme/plasma_protein_binding.csv,"Root: application, build and project files",csv,154.3,no
submission_package/06_TRAINING_DATA/adme/solubility.csv,"Root: application, build and project files",csv,656.5,no
submission_package/06_TRAINING_DATA/endpoints/A1.csv,"Root: application, build and project files",csv,340.6,no
submission_package/06_TRAINING_DATA/endpoints/A2A.csv,"Root: application, build and project files",csv,544.4,no
submission_package/06_TRAINING_DATA/endpoints/a3b4nAChR.csv,"Root: application, build and project files",csv,46.6,no
submission_package/06_TRAINING_DATA/endpoints/a4b2nAChR.csv,"Root: application, build and project files",csv,71.7,no
submission_package/06_TRAINING_DATA/endpoints/a7nAChR.csv,"Root: application, build and project files",csv,93.9,no
submission_package/06_TRAINING_DATA/endpoints/AChE.csv,"Root: application, build and project files",csv,403.7,no
submission_package/06_TRAINING_DATA/endpoints/BACE1.csv,"Root: application, build and project files",csv,832.0,no
submission_package/06_TRAINING_DATA/endpoints/BBB.csv,"Root: application, build and project files",csv,468.9,no
submission_package/06_TRAINING_DATA/endpoints/BChE.csv,"Root: application, build and project files",csv,262.3,no
submission_package/06_TRAINING_DATA/endpoints/Cav3_2.csv,"Root: application, build and project files",csv,56.8,no
submission_package/06_TRAINING_DATA/endpoints/CB1.csv,"Root: application, build and project files",csv,604.9,no
submission_package/06_TRAINING_DATA/endpoints/CGRP.csv,"Root: application, build and project files",csv,89.7,no
submission_package/06_TRAINING_DATA/endpoints/COX2.csv,"Root: application, build and project files",csv,299.9,no
submission_package/06_TRAINING_DATA/endpoints/CSF1R.csv,"Root: application, build and project files",csv,197.8,no
submission_package/06_TRAINING_DATA/endpoints/D2.csv,"Root: application, build and project files",csv,672.1,no
submission_package/06_TRAINING_DATA/endpoints/D3.csv,"Root: application, build and project files",csv,440.3,no
submission_package/06_TRAINING_DATA/endpoints/DAT.csv,"Root: application, build and project files",csv,213.9,no
submission_package/06_TRAINING_DATA/endpoints/DHODH.csv,"Root: application, build and project files",csv,156.4,no
submission_package/06_TRAINING_DATA/endpoints/GABA_A.csv,"Root: application, build and project files",csv,25.3,no
submission_package/06_TRAINING_DATA/endpoints/GABAA_a5.csv,"Root: application, build and project files",csv,43.3,no
submission_package/06_TRAINING_DATA/endpoints/GBA1.csv,"Root: application, build and project files",csv,54.5,no
submission_package/06_TRAINING_DATA/endpoints/GluA2.csv,"Root: application, build and project files",csv,16.1,no
submission_package/06_TRAINING_DATA/endpoints/GluN2B.csv,"Root: application, build and project files",csv,105.0,no
submission_package/06_TRAINING_DATA/endpoints/GSK3B.csv,"Root: application, build and project files",csv,429.1,no
submission_package/06_TRAINING_DATA/endpoints/H3.csv,"Root: application, build and project files",csv,289.9,no
submission_package/06_TRAINING_DATA/endpoints/HDAC1.csv,"Root: application, build and project files",csv,549.8,no
submission_package/06_TRAINING_DATA/endpoints/HDAC6.csv,"Root: application, build and project files",csv,476.5,no
submission_package/06_TRAINING_DATA/endpoints/hERG.csv,"Root: application, build and project files",csv,845.9,no
submission_package/06_TRAINING_DATA/endpoints/HT1A.csv,"Root: application, build and project files",csv,404.9,no
submission_package/06_TRAINING_DATA/endpoints/HT2A.csv,"Root: application, build and project files",csv,463.9,no
submission_package/06_TRAINING_DATA/endpoints/HT6.csv,"Root: application, build and project files",csv,279.1,no
submission_package/06_TRAINING_DATA/endpoints/HT7.csv,"Root: application, build and project files",csv,185.3,no
submission_package/06_TRAINING_DATA/endpoints/KEAP1.csv,"Root: application, build and project files",csv,50.7,no
submission_package/06_TRAINING_DATA/endpoints/LRRK2.csv,"Root: application, build and project files",csv,120.4,no
submission_package/06_TRAINING_DATA/endpoints/MAO_A.csv,"Root: application, build and project files",csv,262.5,no
submission_package/06_TRAINING_DATA/endpoints/MAO_B.csv,"Root: application, build and project files",csv,324.7,no
submission_package/06_TRAINING_DATA/endpoints/mGluR5.csv,"Root: application, build and project files",csv,183.0,no
submission_package/06_TRAINING_DATA/endpoints/MT1.csv,"Root: application, build and project files",csv,58.3,no
submission_package/06_TRAINING_DATA/endpoints/mTOR.csv,"Root: application, build and project files",csv,418.9,no
submission_package/06_TRAINING_DATA/endpoints/Nav1_1.csv,"Root: application, build and project files",csv,44.7,no
submission_package/06_TRAINING_DATA/endpoints/Nav1_5.csv,"Root: application, build and project files",csv,196.0,no
submission_package/06_TRAINING_DATA/endpoints/Nav1_6.csv,"Root: application, build and project files",csv,73.4,no
submission_package/06_TRAINING_DATA/endpoints/Nav1_7.csv,"Root: application, build and project files",csv,633.8,no
submission_package/06_TRAINING_DATA/endpoints/Nav1_8.csv,"Root: application, build and project files",csv,43.9,no
submission_package/06_TRAINING_DATA/endpoints/NET.csv,"Root: application, build and project files",csv,216.5,no
submission_package/06_TRAINING_DATA/endpoints/NFKB1.csv,"Root: application, build and project files",csv,14.6,no
submission_package/06_TRAINING_DATA/endpoints/NLRP3.csv,"Root: application, build and project files",csv,49.0,no
submission_package/06_TRAINING_DATA/endpoints/NR3C1.csv,"Root: application, build and project files",csv,8.2,no
submission_package/06_TRAINING_DATA/endpoints/NRF2.csv,"Root: application, build and project files",csv,38.4,no
submission_package/06_TRAINING_DATA/endpoints/OPRK1.csv,"Root: application, build and project files",csv,537.8,no
submission_package/06_TRAINING_DATA/endpoints/OPRM1.csv,"Root: application, build and project files",csv,636.3,no
submission_package/06_TRAINING_DATA/endpoints/OX1.chembl_only.csv,"Root: application, build and project files",csv,459.2,no
submission_package/06_TRAINING_DATA/endpoints/OX1.csv,"Root: application, build and project files",csv,511.4,no
submission_package/06_TRAINING_DATA/endpoints/OX2.chembl_only.csv,"Root: application, build and project files",csv,532.9,no
submission_package/06_TRAINING_DATA/endpoints/OX2.csv,"Root: application, build and project files",csv,605.6,no
submission_package/06_TRAINING_DATA/endpoints/P2X7.csv,"Root: application, build and project files",csv,321.6,no
submission_package/06_TRAINING_DATA/endpoints/PDE10A.csv,"Root: application, build and project files",csv,368.8,no
submission_package/06_TRAINING_DATA/endpoints/PDE4B.csv,"Root: application, build and project files",csv,150.3,no
submission_package/06_TRAINING_DATA/endpoints/RIPK1.csv,"Root: application, build and project files",csv,264.9,no
submission_package/06_TRAINING_DATA/endpoints/SERT.csv,"Root: application, build and project files",csv,346.0,no
submission_package/06_TRAINING_DATA/endpoints/Sigma1.csv,"Root: application, build and project files",csv,186.6,no
submission_package/06_TRAINING_DATA/endpoints/SIRT1.csv,"Root: application, build and project files",csv,54.7,no
submission_package/06_TRAINING_DATA/endpoints/TAAR1.csv,"Root: application, build and project files",csv,22.2,no
submission_package/06_TRAINING_DATA/endpoints_regression/antioxidant_dpph.csv,"Root: application, build and project files",csv,218.7,no
submission_package/06_TRAINING_DATA/endpoints_regression/pka_all.csv,"Root: application, build and project files",csv,714.2,no
submission_package/06_TRAINING_DATA/endpoints_regression/pka_basic.csv,"Root: application, build and project files",csv,396.8,no
submission_package/06_TRAINING_DATA/master_training_usage.csv,"Root: application, build and project files",csv,26458.1,no
submission_package/06_TRAINING_DATA/SOURCE_provenance.md,"Root: application, build and project files",md,3.3,no
submission_package/07_MODELS/binder_panel_registry.json,"Root: application, build and project files",json,58.0,no
submission_package/07_MODELS/endpoint_base_rates.json,"Root: application, build and project files",json,2.2,no
submission_package/07_MODELS/model_inventory.csv,"Root: application, build and project files",csv,23.6,no
submission_package/07_MODELS/models_manifest_with_checksums.json,"Root: application, build and project files",json,39.9,no
submission_package/07_MODELS/per_model_metadata/A1_binder_meta.json,"Root: application, build and project files",json,0.6,no
submission_package/07_MODELS/per_model_metadata/A2A_binder_meta.json,"Root: application, build and project files",json,0.6,no
submission_package/07_MODELS/per_model_metadata/A2A_meta.json,"Root: application, build and project files",json,1.0,no
submission_package/07_MODELS/per_model_metadata/a7nAChR_binder_meta.json,"Root: application, build and project files",json,0.6,no
submission_package/07_MODELS/per_model_metadata/AChE_meta.json,"Root: application, build and project files",json,1.1,no
submission_package/07_MODELS/per_model_metadata/adme/caco2_permeability_meta.json,"Root: application, build and project files",json,0.3,no
submission_package/07_MODELS/per_model_metadata/adme/clearance_hepatocyte_meta.json,"Root: application, build and project files",json,0.3,no
submission_package/07_MODELS/per_model_metadata/adme/kpuu_meta.json,"Root: application, build and project files",json,0.2,no
submission_package/07_MODELS/per_model_metadata/adme/lipophilicity_meta.json,"Root: application, build and project files",json,0.2,no
submission_package/07_MODELS/per_model_metadata/adme/logbb_meta.json,"Root: application, build and project files",json,0.2,no
submission_package/07_MODELS/per_model_metadata/adme/pgp_inhibition_meta.json,"Root: application, build and project files",json,0.3,no
submission_package/07_MODELS/per_model_metadata/adme/pgp_substrate_meta.json,"Root: application, build and project files",json,0.3,no
submission_package/07_MODELS/per_model_metadata/adme/plasma_protein_binding_meta.json,"Root: application, build and project files",json,0.3,no
submission_package/07_MODELS/per_model_metadata/adme/solubility_meta.json,"Root: application, build and project files",json,0.2,no
submission_package/07_MODELS/per_model_metadata/antioxidant_DPPH_meta.json,"Root: application, build and project files",json,1.0,no
submission_package/07_MODELS/per_model_metadata/BACE1_meta.json,"Root: application, build and project files",json,1.2,no
submission_package/07_MODELS/per_model_metadata/BBB_meta.json,"Root: application, build and project files",json,1.2,no
submission_package/07_MODELS/per_model_metadata/BChE_meta.json,"Root: application, build and project files",json,1.1,no
submission_package/07_MODELS/per_model_metadata/CB1_binder_meta.json,"Root: application, build and project files",json,0.6,no
submission_package/07_MODELS/per_model_metadata/COX2_binder_meta.json,"Root: application, build and project files",json,0.7,no
submission_package/07_MODELS/per_model_metadata/CSF1R_binder_meta.json,"Root: application, build and project files",json,0.6,no
submission_package/07_MODELS/per_model_metadata/D2_binder_meta.json,"Root: application, build and project files",json,0.6,no
submission_package/07_MODELS/per_model_metadata/D2_meta.json,"Root: application, build and project files",json,1.0,no
submission_package/07_MODELS/per_model_metadata/D3_binder_meta.json,"Root: application, build and project files",json,0.6,no
submission_package/07_MODELS/per_model_metadata/DAT_binder_meta.json,"Root: application, build and project files",json,0.6,no
submission_package/07_MODELS/per_model_metadata/GABA_A_binder_meta.json,"Root: application, build and project files",json,0.6,no
submission_package/07_MODELS/per_model_metadata/GBA1_binder_meta.json,"Root: application, build and project files",json,0.6,no
submission_package/07_MODELS/per_model_metadata/GluN2B_binder_meta.json,"Root: application, build and project files",json,0.6,no
submission_package/07_MODELS/per_model_metadata/GSK3B_meta.json,"Root: application, build and project files",json,1.2,no
submission_package/07_MODELS/per_model_metadata/H3_binder_meta.json,"Root: application, build and project files",json,0.6,no
submission_package/07_MODELS/per_model_metadata/HDAC1_binder_meta.json,"Root: application, build and project files",json,0.7,no
submission_package/07_MODELS/per_model_metadata/HDAC6_binder_meta.json,"Root: application, build and project files",json,0.7,no
submission_package/07_MODELS/per_model_metadata/hERG_meta.json,"Root: application, build and project files",json,1.2,no
submission_package/07_MODELS/per_model_metadata/HT1A_binder_meta.json,"Root: application, build and project files",json,0.6,no
submission_package/07_MODELS/per_model_metadata/HT2A_binder_meta.json,"Root: application, build and project files",json,0.6,no
submission_package/07_MODELS/per_model_metadata/HT2A_meta.json,"Root: application, build and project files",json,1.0,no
submission_package/07_MODELS/per_model_metadata/HT6_binder_meta.json,"Root: application, build and project files",json,0.6,no
submission_package/07_MODELS/per_model_metadata/HT7_binder_meta.json,"Root: application, build and project files",json,0.6,no
submission_package/07_MODELS/per_model_metadata/KEAP1_binder_meta.json,"Root: application, build and project files",json,0.6,no
submission_package/07_MODELS/per_model_metadata/LRRK2_binder_meta.json,"Root: application, build and project files",json,0.6,no
submission_package/07_MODELS/per_model_metadata/MAO_A_meta.json,"Root: application, build and project files",json,1.1,no
submission_package/07_MODELS/per_model_metadata/MAO_B_meta.json,"Root: application, build and project files",json,1.1,no
submission_package/07_MODELS/per_model_metadata/mGluR5_binder_meta.json,"Root: application, build and project files",json,0.6,no
submission_package/07_MODELS/per_model_metadata/MT1_binder_meta.json,"Root: application, build and project files",json,0.6,no
submission_package/07_MODELS/per_model_metadata/mTOR_binder_meta.json,"Root: application, build and project files",json,0.7,no
submission_package/07_MODELS/per_model_metadata/Nav1_5_binder_meta.json,"Root: application, build and project files",json,0.6,no
submission_package/07_MODELS/per_model_metadata/NET_binder_meta.json,"Root: application, build and project files",json,0.6,no
submission_package/07_MODELS/per_model_metadata/NLRP3_binder_meta.json,"Root: application, build and project files",json,0.6,no
submission_package/07_MODELS/per_model_metadata/OPRK1_binder_meta.json,"Root: application, build and project files",json,0.7,no
submission_package/07_MODELS/per_model_metadata/OPRM1_binder_meta.json,"Root: application, build and project files",json,0.7,no
submission_package/07_MODELS/per_model_metadata/OX1_binder_meta.json,"Root: application, build and project files",json,0.6,no
submission_package/07_MODELS/per_model_metadata/OX2_binder_meta.json,"Root: application, build and project files",json,0.6,no
submission_package/07_MODELS/per_model_metadata/P2X7_binder_meta.json,"Root: application, build and project files",json,0.6,no
submission_package/07_MODELS/per_model_metadata/PDE10A_binder_meta.json,"Root: application, build and project files",json,0.6,no
submission_package/07_MODELS/per_model_metadata/PDE4B_binder_meta.json,"Root: application, build and project files",json,0.7,no
submission_package/07_MODELS/per_model_metadata/pka_basic_meta.json,"Root: application, build and project files",json,0.3,no
submission_package/07_MODELS/per_model_metadata/SERT_binder_meta.json,"Root: application, build and project files",json,0.6,no
submission_package/07_MODELS/per_model_metadata/SERT_meta.json,"Root: application, build and project files",json,1.0,no
submission_package/07_MODELS/per_model_metadata/Sigma1_binder_meta.json,"Root: application, build and project files",json,0.6,no
submission_package/07_MODELS/per_model_metadata/SIRT1_binder_meta.json,"Root: application, build and project files",json,0.6,no
submission_package/08_VALIDATION_RESULTS/adme_cv_folds.csv,"Root: application, build and project files",csv,22.9,no
submission_package/08_VALIDATION_RESULTS/adme_cv_summary.csv,"Root: application, build and project files",csv,2.1,no
submission_package/08_VALIDATION_RESULTS/applicability_bbb_validation.csv,"Root: application, build and project files",csv,0.2,no
submission_package/08_VALIDATION_RESULTS/applicability_coverage.csv,"Root: application, build and project files",csv,0.2,no
submission_package/08_VALIDATION_RESULTS/applicability_measures.csv,"Root: application, build and project files",csv,0.3,no
submission_package/08_VALIDATION_RESULTS/background_specificity.csv,"Root: application, build and project files",csv,2.1,no
submission_package/08_VALIDATION_RESULTS/background_specificity_disjoint.csv,"Root: application, build and project files",csv,1.3,no
submission_package/08_VALIDATION_RESULTS/binder_cv_folds.csv,"Root: application, build and project files",csv,198.2,no
submission_package/08_VALIDATION_RESULTS/binder_cv_folds.pre_retrain.csv,"Root: application, build and project files",csv,198.2,no
submission_package/08_VALIDATION_RESULTS/binder_cv_summary.csv,"Root: application, build and project files",csv,19.4,no
submission_package/08_VALIDATION_RESULTS/binder_vs_measured_inactives.csv,"Root: application, build and project files",csv,2.3,no
submission_package/08_VALIDATION_RESULTS/bindingdb_yield.csv,"Root: application, build and project files",csv,0.4,no
submission_package/08_VALIDATION_RESULTS/calibration.csv,"Root: application, build and project files",csv,0.3,no
submission_package/08_VALIDATION_RESULTS/cns_exposure_demo.csv,"Root: application, build and project files",csv,0.6,no
submission_package/08_VALIDATION_RESULTS/drugbank_screen_summary.csv,"Root: application, build and project files",csv,0.3,no
submission_package/08_VALIDATION_RESULTS/endpoint_rebuild_provenance.csv,"Root: application, build and project files",csv,0.5,no
submission_package/08_VALIDATION_RESULTS/expansion_audit.csv,"Root: application, build and project files",csv,2.2,no
submission_package/08_VALIDATION_RESULTS/expansion_inactives.csv,"Root: application, build and project files",csv,2.1,no
submission_package/08_VALIDATION_RESULTS/external_100_predictions.csv,"Root: application, build and project files",csv,4.2,no
submission_package/08_VALIDATION_RESULTS/external_100_summary.csv,"Root: application, build and project files",csv,0.8,no
submission_package/08_VALIDATION_RESULTS/external_bbb_validation.csv,"Root: application, build and project files",csv,0.4,no
submission_package/08_VALIDATION_RESULTS/external_cross_source.csv,"Root: application, build and project files",csv,0.8,no
submission_package/08_VALIDATION_RESULTS/external_cross_source_compounds.csv,"Root: application, build and project files",csv,122.4,no
submission_package/08_VALIDATION_RESULTS/external_natural_products.csv,"Root: application, build and project files",csv,65.4,no
submission_package/08_VALIDATION_RESULTS/external_natural_products_summary.csv,"Root: application, build and project files",csv,5.6,no
submission_package/08_VALIDATION_RESULTS/external_novelty_strata.csv,"Root: application, build and project files",csv,1.3,no
submission_package/08_VALIDATION_RESULTS/external_prospective.csv,"Root: application, build and project files",csv,16.3,no
submission_package/08_VALIDATION_RESULTS/external_prospective_compounds.csv,"Root: application, build and project files",csv,4041.0,no
submission_package/08_VALIDATION_RESULTS/external_prospective_core.csv,"Root: application, build and project files",csv,1.2,no
submission_package/08_VALIDATION_RESULTS/external_prospective_core_compounds.csv,"Root: application, build and project files",csv,1108.7,no
submission_package/08_VALIDATION_RESULTS/feature_block_ablation.csv,"Root: application, build and project files",csv,2.1,no
submission_package/08_VALIDATION_RESULTS/feature_descriptor_importance.csv,"Root: application, build and project files",csv,5.6,no
submission_package/08_VALIDATION_RESULTS/final_thresholds.csv,"Root: application, build and project files",csv,3.3,no
submission_package/08_VALIDATION_RESULTS/fingerprint_collisions.csv,"Root: application, build and project files",csv,0.5,no
submission_package/08_VALIDATION_RESULTS/inactives_audit.csv,"Root: application, build and project files",csv,0.4,no
submission_package/08_VALIDATION_RESULTS/inactives_merge_provenance.csv,"Root: application, build and project files",csv,0.3,no
submission_package/08_VALIDATION_RESULTS/integrity_audit.csv,"Root: application, build and project files",csv,0.8,no
submission_package/08_VALIDATION_RESULTS/integrity_calibration_per_target.csv,"Root: application, build and project files",csv,0.7,no
submission_package/08_VALIDATION_RESULTS/inversion_validation.csv,"Root: application, build and project files",csv,1.2,no
submission_package/08_VALIDATION_RESULTS/learning_curve.csv,"Root: application, build and project files",csv,1.0,no
submission_package/08_VALIDATION_RESULTS/library_sp3_coverage.csv,"Root: application, build and project files",csv,0.6,no
submission_package/08_VALIDATION_RESULTS/library_summary.csv,"Root: application, build and project files",csv,0.5,no
submission_package/08_VALIDATION_RESULTS/manuscript_T1_endpoints.csv,"Root: application, build and project files",csv,4.2,no
submission_package/08_VALIDATION_RESULTS/manuscript_T2_per_fold.csv,"Root: application, build and project files",csv,35.5,no
submission_package/08_VALIDATION_RESULTS/manuscript_T3_variance.csv,"Root: application, build and project files",csv,1.2,no
submission_package/08_VALIDATION_RESULTS/manuscript_T4_variance_decomposition.csv,"Root: application, build and project files",csv,1.7,no
submission_package/08_VALIDATION_RESULTS/manuscript_Table1_core.csv,"Root: application, build and project files",csv,2.1,no
submission_package/08_VALIDATION_RESULTS/manuscript_Table2_binder_validation.csv,"Root: application, build and project files",csv,2.5,no
submission_package/08_VALIDATION_RESULTS/manuscript_Table2_binders.csv,"Root: application, build and project files",csv,1.8,no
submission_package/08_VALIDATION_RESULTS/manuscript_Table3_adme.csv,"Root: application, build and project files",csv,1.2,no
submission_package/08_VALIDATION_RESULTS/manuscript_Table5_temporal.csv,"Root: application, build and project files",csv,0.6,no
submission_package/08_VALIDATION_RESULTS/manuscript_Table6_scaffold_holdout.csv,"Root: application, build and project files",csv,2.2,no
submission_package/08_VALIDATION_RESULTS/MASTER_validation_summary.csv,"Root: application, build and project files",csv,1.3,no
submission_package/08_VALIDATION_RESULTS/model_comparison.csv,"Root: application, build and project files",csv,8.1,no
submission_package/08_VALIDATION_RESULTS/model_family_significance.csv,"Root: application, build and project files",csv,3.9,no
submission_package/08_VALIDATION_RESULTS/MODEL_INVENTORY.csv,"Root: application, build and project files",csv,23.6,no
submission_package/08_VALIDATION_RESULTS/natural_product_candidates.csv,"Root: application, build and project files",csv,790.5,no
submission_package/08_VALIDATION_RESULTS/natural_product_coverage.csv,"Root: application, build and project files",csv,0.2,no
submission_package/08_VALIDATION_RESULTS/noncns_specificity_predictions.csv,"Root: application, build and project files",csv,73.0,no
submission_package/08_VALIDATION_RESULTS/noncns_specificity_summary.csv,"Root: application, build and project files",csv,1.3,no
submission_package/08_VALIDATION_RESULTS/np_endpoint_assay_composition.csv,"Root: application, build and project files",csv,0.2,no
submission_package/08_VALIDATION_RESULTS/np_endpoints_built.csv,"Root: application, build and project files",csv,0.5,no
submission_package/08_VALIDATION_RESULTS/np_target_survey.csv,"Root: application, build and project files",csv,114.9,no
submission_package/08_VALIDATION_RESULTS/npass_candidates.csv,"Root: application, build and project files",csv,1003.8,no
submission_package/08_VALIDATION_RESULTS/npass_coverage.csv,"Root: application, build and project files",csv,2.0,no
submission_package/08_VALIDATION_RESULTS/permutation_null.csv,"Root: application, build and project files",csv,1.0,no
submission_package/08_VALIDATION_RESULTS/pka_model.csv,"Root: application, build and project files",csv,0.3,no
submission_package/08_VALIDATION_RESULTS/pubchem_inactives_summary.csv,"Root: application, build and project files",csv,0.1,no
submission_package/08_VALIDATION_RESULTS/pubchem_merge_provenance.csv,"Root: application, build and project files",csv,0.2,no
submission_package/08_VALIDATION_RESULTS/rf_conformal.csv,"Root: application, build and project files",csv,0.6,no
submission_package/08_VALIDATION_RESULTS/rf_conformal_scaffold.csv,"Root: application, build and project files",csv,0.6,no
submission_package/08_VALIDATION_RESULTS/rf_cv_folds.csv,"Root: application, build and project files",csv,33.4,no
submission_package/08_VALIDATION_RESULTS/rf_cv_summary.csv,"Root: application, build and project files",csv,2.9,no
submission_package/08_VALIDATION_RESULTS/rf_cv_summary_chembl_only_baseline.csv,"Root: application, build and project files",csv,2.9,no
submission_package/08_VALIDATION_RESULTS/rf_cv_summary_pre_expansion.csv,"Root: application, build and project files",csv,2.9,no
submission_package/08_VALIDATION_RESULTS/rf_cv_summary_pre_inactives.csv,"Root: application, build and project files",csv,2.9,no
submission_package/08_VALIDATION_RESULTS/rf_temporal.csv,"Root: application, build and project files",csv,0.6,no
submission_package/08_VALIDATION_RESULTS/scaffold_holdout_results.csv,"Root: application, build and project files",csv,2.3,no
submission_package/08_VALIDATION_RESULTS/screening_thresholds.csv,"Root: application, build and project files",csv,2.0,no
submission_package/08_VALIDATION_RESULTS/sensitivity_reconciliation.csv,"Root: application, build and project files",csv,4.4,no
submission_package/08_VALIDATION_RESULTS/shap_attribution.csv,"Root: application, build and project files",csv,1.0,no
submission_package/08_VALIDATION_RESULTS/stereochemistry_audit.csv,"Root: application, build and project files",csv,0.6,no
submission_package/08_VALIDATION_RESULTS/stereochemistry_pairs.csv,"Root: application, build and project files",csv,531.0,no
submission_package/08_VALIDATION_RESULTS/temporal_by_domain.csv,"Root: application, build and project files",csv,2.3,no
submission_package/08_VALIDATION_RESULTS/temporal_diagnosis.csv,"Root: application, build and project files",csv,1.5,no
submission_package/08_VALIDATION_RESULTS/uncharging_impact_by_endpoint.csv,"Root: application, build and project files",csv,1.2,no
submission_package/08_VALIDATION_RESULTS/unique_compound_count.csv,"Root: application, build and project files",csv,0.4,no
submission_package/08_VALIDATION_RESULTS/worked_example.csv,"Root: application, build and project files",csv,62.7,no
submission_package/09_FALSIFICATION_SUITE/falsification_report.md,"Root: application, build and project files",md,11.3,no
submission_package/09_FALSIFICATION_SUITE/graph_fingerprint.json,"Root: application, build and project files",json,0.1,no
submission_package/09_FALSIFICATION_SUITE/results/H10_barrier_necessity.csv,"Root: application, build and project files",csv,5.2,no
submission_package/09_FALSIFICATION_SUITE/results/H1_disease_layer.csv,"Root: application, build and project files",csv,0.2,no
submission_package/09_FALSIFICATION_SUITE/results/H2_weight_ablation.csv,"Root: application, build and project files",csv,0.1,no
submission_package/09_FALSIFICATION_SUITE/results/H3_gating.csv,"Root: application, build and project files",csv,0.2,no
submission_package/09_FALSIFICATION_SUITE/results/H4_distant_predictions.csv,"Root: application, build and project files",csv,36.2,no
submission_package/09_FALSIFICATION_SUITE/results/H4_distant_specificity.csv,"Root: application, build and project files",csv,0.3,no
submission_package/09_FALSIFICATION_SUITE/results/H5_readacross_per_target.csv,"Root: application, build and project files",csv,0.8,no
submission_package/09_FALSIFICATION_SUITE/results/H5_readacross_value.csv,"Root: application, build and project files",csv,0.2,no
submission_package/09_FALSIFICATION_SUITE/results/H6_clinical_indication.csv,"Root: application, build and project files",csv,0.6,no
submission_package/09_FALSIFICATION_SUITE/results/H6_clinical_indication_predictions.csv,"Root: application, build and project files",csv,85.8,no
submission_package/09_FALSIFICATION_SUITE/results/H6_clinical_per_indication.csv,"Root: application, build and project files",csv,0.4,no
submission_package/09_FALSIFICATION_SUITE/results/H6_mesh_mapping_audit.csv,"Root: application, build and project files",csv,7.2,no
submission_package/09_FALSIFICATION_SUITE/results/H7_disease_sensitivity.csv,"Root: application, build and project files",csv,0.6,no
submission_package/09_FALSIFICATION_SUITE/results/H7_target_discrimination.csv,"Root: application, build and project files",csv,2.2,no
submission_package/09_FALSIFICATION_SUITE/results/H8_family_correlation.csv,"Root: application, build and project files",csv,1.4,no
submission_package/09_FALSIFICATION_SUITE/results/H8_panel_independence.csv,"Root: application, build and project files",csv,0.5,no
submission_package/09_FALSIFICATION_SUITE/results/H9_disease_discrimination.csv,"Root: application, build and project files",csv,0.3,no
submission_package/09_FALSIFICATION_SUITE/results/H9_disease_discrimination_summary.csv,"Root: application, build and project files",csv,0.2,no
submission_package/09_FALSIFICATION_SUITE/results/VERDICTS.csv,"Root: application, build and project files",csv,1.7,no
submission_package/10_REPRODUCIBILITY/CITATION.cff,"Root: application, build and project files",cff,1.3,no
submission_package/10_REPRODUCIBILITY/deployment_notes.md,"Root: application, build and project files",md,16.1,no
submission_package/10_REPRODUCIBILITY/Dockerfile_server,"Root: application, build and project files",(none),2.2,no
submission_package/10_REPRODUCIBILITY/LICENSE,"Root: application, build and project files",(none),1.1,no
submission_package/10_REPRODUCIBILITY/Makefile,"Root: application, build and project files",(none),5.3,no
submission_package/10_REPRODUCIBILITY/requirements_server.txt,"Root: application, build and project files",txt,1.8,no
submission_package/10_REPRODUCIBILITY/requirements_training.txt,"Root: application, build and project files",txt,0.9,no
submission_package/PACKAGE_CONTENTS.json,"Root: application, build and project files",json,2.2,no
submission_package/README.md,"Root: application, build and project files",md,2.7,no
supplementary/STable0_data_provenance.csv,Supplementary tables,csv,1.5,no
supplementary/STable10_label_threshold_robustness.csv,Supplementary tables,csv,1.1,no
supplementary/STable11_assay_type_composition.csv,Supplementary tables,csv,0.6,no
supplementary/STable12_assay_sensitivity.csv,Supplementary tables,csv,0.2,no
supplementary/STable13_llm_scoreboard.csv,Supplementary tables,csv,0.4,no
supplementary/STable14_significance.csv,Supplementary tables,csv,0.5,no
supplementary/STable15_cv_comparison.csv,Supplementary tables,csv,0.4,no
supplementary/STable1_classification_metrics.csv,Supplementary tables,csv,1.3,no
supplementary/STable2_receptor_regression.csv,Supplementary tables,csv,0.3,no
supplementary/STable3_antioxidant_measured.csv,Supplementary tables,csv,0.2,no
supplementary/STable4_threshold_sensitivity.csv,Supplementary tables,csv,5.9,no
supplementary/STable5_similarity_binned_auroc.csv,Supplementary tables,csv,1.3,no
supplementary/STable6_clinical_reference_composition.csv,Supplementary tables,csv,0.2,no
supplementary/STable7_benchmark_vs_literature.csv,Supplementary tables,csv,0.2,no
supplementary/STable8_llm_capability_comparison.csv,Supplementary tables,csv,1.4,no
supplementary/STable9_baseline_comparison.csv,Supplementary tables,csv,0.4,no
tests/test_external_validation.py,"Root: application, build and project files",py,6.2,yes
tests/test_featurisation.py,"Root: application, build and project files",py,6.8,yes
tests/test_integration_smoke.py,"Root: application, build and project files",py,9.4,yes
tests/test_panel_app_consistency.py,"Root: application, build and project files",py,23.3,yes
tests/test_pipeline_invariants.py,"Root: application, build and project files",py,13.6,yes
thesis/build_docx.py,"Root: application, build and project files",py,4.9,no
thesis/chapter01_introduction.md,"Root: application, build and project files",md,19.6,no
thesis/chapter02_data.md,"Root: application, build and project files",md,19.3,no
thesis/chapter03_representation_and_models.md,"Root: application, build and project files",md,21.7,no
thesis/chapter04_uncertainty.md,"Root: application, build and project files",md,26.3,no
thesis/chapter05_thresholds.md,"Root: application, build and project files",md,17.0,no
thesis/chapter06_binder_panel.md,"Root: application, build and project files",md,12.3,no
thesis/chapter07_gating_and_pathway_graph.md,"Root: application, build and project files",md,20.8,no
thesis/chapter08_validation.md,"Root: application, build and project files",md,18.3,no
thesis/chapter09_falsification.md,"Root: application, build and project files",md,33.9,no
thesis/chapter10_limitations.md,"Root: application, build and project files",md,28.2,no
thesis/code_walkthrough.md,"Root: application, build and project files",md,25.6,no
thesis/criteria_justification.md,"Root: application, build and project files",md,30.2,no
thesis/docx/BrainSafe_Project.docx,"Root: application, build and project files",docx,150.1,no
thesis/docx/BrainSafe_project_description.docx,"Root: application, build and project files",docx,150.5,no
thesis/docx/BrainSafe_thesis.docx,"Root: application, build and project files",docx,119.7,no
thesis/docx/chapter01_introduction.docx,"Root: application, build and project files",docx,30.7,no
thesis/docx/chapter02_data.docx,"Root: application, build and project files",docx,31.2,no
thesis/docx/chapter03_representation_and_models.docx,"Root: application, build and project files",docx,32.2,no
thesis/docx/chapter04_uncertainty.docx,"Root: application, build and project files",docx,34.6,no
thesis/docx/chapter05_thresholds.docx,"Root: application, build and project files",docx,30.2,no
thesis/docx/chapter06_binder_panel.docx,"Root: application, build and project files",docx,28.0,no
thesis/docx/chapter07_gating_and_pathway_graph.docx,"Root: application, build and project files",docx,33.0,no
thesis/docx/chapter08_validation.docx,"Root: application, build and project files",docx,30.7,no
thesis/docx/chapter09_falsification.docx,"Root: application, build and project files",docx,38.0,no
thesis/docx/chapter10_limitations.docx,"Root: application, build and project files",docx,35.7,no
thesis/docx/code_walkthrough.docx,"Root: application, build and project files",docx,37.4,no
thesis/docx/criteria_justification.docx,"Root: application, build and project files",docx,38.4,no
thesis/docx/external_audit_report.docx,"Root: application, build and project files",docx,32.4,no
thesis/docx/ml_foundations.docx,"Root: application, build and project files",docx,49.6,no
thesis/docx/script_compendium.docx,"Root: application, build and project files",docx,36.6,no
thesis/docx/viva_preparation.docx,"Root: application, build and project files",docx,45.0,no
thesis/external_audit_report.md,"Root: application, build and project files",md,18.7,no
thesis/figures/FigureT1_scoring_pipeline.pdf,"Root: application, build and project files",pdf,64.8,no
thesis/figures/FigureT1_scoring_pipeline.png,"Root: application, build and project files",png,535.6,no
thesis/figures/FigureT2_enrichment_and_gate.pdf,"Root: application, build and project files",pdf,58.4,no
thesis/figures/FigureT2_enrichment_and_gate.png,"Root: application, build and project files",png,504.9,no
thesis/figures/FigureT3_uncertainty_stack.pdf,"Root: application, build and project files",pdf,50.2,no
thesis/figures/FigureT3_uncertainty_stack.png,"Root: application, build and project files",png,483.5,no
thesis/figures/FigureT4_falsification.pdf,"Root: application, build and project files",pdf,58.3,no
thesis/figures/FigureT4_falsification.png,"Root: application, build and project files",png,612.4,no
thesis/ml_foundations.md,"Root: application, build and project files",md,42.5,no
thesis/presentations/BrainSafe_master.pptx,"Root: application, build and project files",pptx,2102.6,no
thesis/presentations/BrainSafe_ML_foundations.pptx,"Root: application, build and project files",pptx,122.7,no
thesis/presentations/build_chapter01_defence.py,"Root: application, build and project files",py,52.0,no
thesis/presentations/build_chapter03_defence.py,"Root: application, build and project files",py,29.7,no
thesis/presentations/build_chapter04_defence.py,"Root: application, build and project files",py,26.3,no
thesis/presentations/build_chapter05_defence.py,"Root: application, build and project files",py,23.8,no
thesis/presentations/build_chapter06_defence.py,"Root: application, build and project files",py,22.0,no
thesis/presentations/build_chapter07_defence.py,"Root: application, build and project files",py,22.0,no
thesis/presentations/build_chapter08_defence.py,"Root: application, build and project files",py,25.7,no
thesis/presentations/build_chapter09_defence.py,"Root: application, build and project files",py,30.3,no
thesis/presentations/build_chapter10_defence.py,"Root: application, build and project files",py,26.6,no
thesis/presentations/build_master_deck.py,"Root: application, build and project files",py,48.3,no
thesis/presentations/build_ml_foundations_deck.py,"Root: application, build and project files",py,67.1,no
thesis/presentations/chapter01_defence.pptx,"Root: application, build and project files",pptx,749.5,no
thesis/presentations/chapter03_defence.pptx,"Root: application, build and project files",pptx,82.1,no
thesis/presentations/chapter04_defence.pptx,"Root: application, build and project files",pptx,85.2,no
thesis/presentations/chapter05_defence.pptx,"Root: application, build and project files",pptx,67.8,no
thesis/presentations/chapter06_defence.pptx,"Root: application, build and project files",pptx,65.4,no
thesis/presentations/chapter07_defence.pptx,"Root: application, build and project files",pptx,71.7,no
thesis/presentations/chapter08_defence.pptx,"Root: application, build and project files",pptx,81.7,no
thesis/presentations/chapter09_defence.pptx,"Root: application, build and project files",pptx,74.5,no
thesis/presentations/chapter10_defence.pptx,"Root: application, build and project files",pptx,67.3,no
thesis/presentations/deck_common.py,"Root: application, build and project files",py,8.0,no
thesis/presentations/validate_deck.py,"Root: application, build and project files",py,10.5,no
thesis/script_compendium.md,"Root: application, build and project files",md,26.8,no
thesis/verify_chapter_numbers.py,"Root: application, build and project files",py,56.9,no
thesis/viva_preparation.md,"Root: application, build and project files",md,40.9,no
tools/build_data_manifest.py,"Root: application, build and project files",py,10.1,yes
tools/build_endpoint_justification.py,"Root: application, build and project files",py,14.3,yes
tools/build_evidence_map.py,"Root: application, build and project files",py,7.4,yes
tools/build_master_training_vectors.py,"Root: application, build and project files",py,6.6,yes
tools/build_ml_formulas.py,"Root: application, build and project files",py,15.4,yes
tools/build_provenance.py,"Root: application, build and project files",py,7.0,yes
tools/build_start_here.py,"Root: application, build and project files",py,6.1,yes
tools/build_submission_package.py,"Root: application, build and project files",py,13.9,yes
tools/build_supplementary_docx.py,"Root: application, build and project files",py,1.9,yes
tools/check_freshness.py,"Root: application, build and project files",py,43.8,yes
tools/compress_models.py,"Root: application, build and project files",py,6.5,yes
tools/correct_registry_sensitivity.py,"Root: application, build and project files",py,5.0,yes
tools/freshness_state.json,"Root: application, build and project files",json,1.8,yes
tools/install_hooks.py,"Root: application, build and project files",py,3.2,yes
tools/reproduce.py,"Root: application, build and project files",py,5.4,yes
validation/DISCREPANCY_REPORT.md,"Root: application, build and project files",md,18.8,no
validation/repro/calibration_curve.csv,"Root: application, build and project files",csv,6.4,no
validation/repro/calibration_curve.png,"Root: application, build and project files",png,428.1,no
validation/repro/calibration_importance_meta.json,"Root: application, build and project files",json,0.3,no
validation/repro/calibration_summary.csv,"Root: application, build and project files",csv,0.6,no
validation/repro/environment.json,"Root: application, build and project files",json,9.4,no
validation/repro/feature_importance.csv,"Root: application, build and project files",csv,14.5,no
validation/repro/leakage_report.csv,"Root: application, build and project files",csv,1.7,no
validation/repro/leakage_summary.json,"Root: application, build and project files",json,0.7,no
validation/repro/null_models.csv,"Root: application, build and project files",csv,3.6,no
validation/repro/null_models_meta.json,"Root: application, build and project files",json,0.1,no
validation/repro/pip_freeze.txt,"Root: application, build and project files",txt,1.9,no
validation/repro/r00_environment.py,"Root: application, build and project files",py,4.4,no
validation/repro/r01_leakage.py,"Root: application, build and project files",py,8.8,no
validation/repro/r02_recompute_cv.py,"Root: application, build and project files",py,11.4,no
validation/repro/r03_ledger.py,"Root: application, build and project files",py,23.1,no
validation/repro/r04_null_models.py,"Root: application, build and project files",py,6.9,no
validation/repro/r05_calibration_importance.py,"Root: application, build and project files",py,10.7,no
validation/repro/r06_shap.py,"Root: application, build and project files",py,9.7,no
validation/repro/recomputed_bootstrap.csv,"Root: application, build and project files",csv,2.9,no
validation/repro/recomputed_folds.csv,"Root: application, build and project files",csv,49.6,no
validation/repro/recomputed_meta.json,"Root: application, build and project files",json,0.4,no
validation/repro/recomputed_summary.csv,"Root: application, build and project files",csv,7.4,no
validation/repro/shap_meta.json,"Root: application, build and project files",json,0.4,no
validation/repro/shap_summary.png,"Root: application, build and project files",png,106.0,no
validation/repro/shap_values.csv,"Root: application, build and project files",csv,107.0,no
validation/repro/shap_vs_permutation.csv,"Root: application, build and project files",csv,0.2,no
validation/repro/stale_before/binder_modes_BEFORE_threshold_resync.json,"Root: application, build and project files",json,51.1,no
validation/repro/stale_before/noncns_specificity_summary.csv,"Root: application, build and project files",csv,1.3,no
validation/repro/stale_before/scaffold_holdout_results.csv,"Root: application, build and project files",csv,2.2,no
validation/REPRO_LEDGER.csv,"Root: application, build and project files",csv,24.3,no
