smiles,label,pchembl,year,source
Brc1ccc(Cn2cnc3c(N4CCOCC4)ncnc32)cc1,1,6.28,2017,ChEMBL
Brc1cccnc1Oc1ccc(Nc2nc3ccccc3o2)cc1,1,6.92,2014,ChEMBL
Brc1cccnc1Oc1ccc(Nc2nc3ccccc3s2)cc1,1,6.16,2014,ChEMBL
C#CCN(Cc1ccc(OC)cc1)c1cc(OC[C@H]2C[C@@H]2c2ccc(OC)cn2)nn(C)c1=O,1,8.1,2016,ChEMBL
C#CCNc1nc(-n2cc(-c3ccccn3)cn2)nc(N)c1Br,1,7.75,2016,ChEMBL
C#CCNc1nc(-n2cc(-c3cnccn3)cn2)nc(N)c1Br,1,8.35,2016,ChEMBL
C#CCNc1nc(-n2cncn2)nc(N)c1Br,1,8.24,2016,ChEMBL
C#CCNc1nc(-n2ncc3ccccc32)nc(N)c1Br,1,7.39,2016,ChEMBL
C#CCNc1nc(-n2ncc3ccccc32)nc(NCC)c1Br,1,6.92,2016,ChEMBL
C#CCNc1nc(-n2ncc3ccncc32)nc(N)c1Br,1,8.49,2016,ChEMBL
C#CCn1cc(-c2cccs2)nc1CCc1nc2c(OC)ccc(C)n2n1,1,8.39,2015,ChEMBL
C#CCn1cc(-c2cncs2)nc1CCC1=NN2C(C)=CC=C(OC)C2N1,1,8.39,2017,ChEMBL
C(#Cc1nc2c(N3CCOCC3)ccnn2c1-c1ccc(N2CCNCC2)nc1)c1ccc2ccccc2n1,1,8.52,2016,ChEMBL
C(=C/c1cn2c(-c3ccc(-c4nnc[nH]4)nc3)cnc(N3CCOCC3)c2n1)\c1ccc2ccccc2n1,1,7.92,2016,ChEMBL
C(=C/c1cn2c(-c3ccc(-c4nnn[nH]4)nc3)cnc(N3CCOCC3)c2n1)\c1ccc2ccccc2n1,1,8.52,2016,ChEMBL
C(=C/c1cn2c(-c3ccc(N4CCNCC4)nc3)cnc(C3CCOCC3)c2n1)\c1ccc2ccccc2n1,1,6.21,2016,ChEMBL
C(=C/c1cn2c(-c3ccc(N4CCNCC4)nc3)cnc(N3CCOCC3)c2n1)\c1ccc2ccccc2n1,1,7.3,2016,ChEMBL
C(=C/c1cn2c(-c3cnc4nc[nH]c4c3)cnc(N3CCOCC3)c2n1)\c1ccc2ccccc2n1,1,7.89,2016,ChEMBL
C(=C/c1nc2c(N3CCOCC3)ccnn2c1-c1ccc(-c2nnn[nH]2)cc1)\c1ccc2ccccc2n1,1,8.22,2015,ChEMBL
C(=C/c1nc2c(N3CCOCC3)ccnn2c1-c1ccc(-c2nnn[nH]2)nc1)\c1ccc2ccccc2n1,1,8.7,2015,ChEMBL
C(=C/c1nc2c(N3CCOCC3)ccnn2c1-c1ccc(N2CCNCC2)nc1)\c1ccc2ccccc2n1,1,7.675,2016,ChEMBL
C(=C/c1nc2c(N3CCOCC3)ccnn2c1-c1ccc(Sc2cnn[nH]2)nc1)\c1ccc2ccccc2n1,1,8.1,2015,ChEMBL
C(=C/c1nc2c(N3CCOCC3)ccnn2c1-c1ccc(Sc2nnc[nH]2)nc1)\c1ccc2ccccc2n1,1,8.22,2015,ChEMBL
C(=C/c1nc2c(N3CCOCC3)ccnn2c1-c1cccc(-c2nnn[nH]2)c1)\c1ccc2ccccc2n1,1,8.4,2015,ChEMBL
C(=C/c1nc2c(N3CCOCC3)ccnn2c1N1CCCCC1)\c1ccc2ccccc2n1,1,7.14,2015,ChEMBL
C(=C/c1ncc2ccccc2n1)\c1cn2c(-c3ccc(N4CCNCC4)nc3)cnc(N3CCOCC3)c2n1,1,6.89,2016,ChEMBL
C(=C/c1ncccn1)\c1cn2c(-c3ccc(N4CCNCC4)nc3)cnc(N3CCOCC3)c2n1,1,6.17,2016,ChEMBL
C1=C(c2ccc(-c3cnc(N4CCOCC4)c4nc(COc5ccc6ccccc6n5)cn34)cn2)CCNC1,1,7.46,2016,ChEMBL
C1=C(c2cccnc2Oc2ccc(Nc3nc4ccccc4s3)cc2)CCC1,1,6.95,2014,ChEMBL
C1=C(c2cccnc2Oc2ccc(Nc3nc4ccccc4s3)cc2)CCCC1,1,7.14,2014,ChEMBL
C1=C(c2cccnc2Oc2ccc(Nc3nc4ccccc4s3)cc2)CCNC1,1,8.78,2014,ChEMBL
C1=C(c2cccnc2Oc2ccc(Nc3nc4ccccc4s3)cc2)CCOC1,1,8.66,2014,ChEMBL
C1=CO[C@H](c2cccnc2Oc2ccc(Nc3nc4ccccc4s3)cc2)CC1,1,7.65,2014,ChEMBL
C=C(F)CNc1nc(C2CC2)nc(Cl)c1C,1,6.75,2015,ChEMBL
C=CCNc1ccc(-c2cnnc3cc(OC)c(OC)cc23)cn1,1,7.79,2012,ChEMBL
C=CCn1ccc(-c2cnc(C)nc2OC[C@H]2C[C@@H]2c2ccc(C)cn2)cc1=O,1,9.29,2016,ChEMBL
C=CCn1ccc(-c2cnc(C)nc2OC[C@H]2C[C@@H]2c2ccc(OC)cn2)cc1=O,1,9.34,2016,ChEMBL
C=Cc1c([C@@H]2C[C@H]2c2cc(-n3nc(C)nc3C)nc(C)n2)nc2ccccn12,1,8.42,2016,ChEMBL
C=Cc1cc(-c2cnnc3cc(OC)c(OC)cc23)cnc1NC(C)C,1,8.15,2012,ChEMBL
C=Cc1cnc(C)nc1OC[C@H]1C[C@@H]1c1ccc(C)cn1,1,7.98,2017,ChEMBL
CC(=O)C1CCN(c2nccnc2C2CN(C(=O)c3nc4ccccc4[nH]3)C2)CC1,1,7.92,2017,ChEMBL
CC(=O)N(C)c1cccc(-n2ccc(=O)c(-c3ccnn3-c3ccccc3F)n2)c1,1,8.22,2012,ChEMBL
CC(=O)N(CCc1nc2ccccc2c(=O)n1-c1ccc(-c2ccccc2)cc1)C(C)=O,1,7.31,2015,ChEMBL
CC(=O)N(CCc1nc2ccccc2c(=O)n1-c1ccc(C#N)cc1)C(C)=O,1,6.58,2015,ChEMBL
CC(=O)N(CCc1nc2ccccc2c(=O)n1-c1ccc(C)cc1)C(C)=O,1,7.06,2015,ChEMBL
CC(=O)N(CCc1nc2ccccc2c(=O)n1-c1ccc(Cl)cc1)C(C)=O,1,6.91,2015,ChEMBL
CC(=O)N(CCc1nc2ccccc2c(=O)n1-c1ccc(F)cc1)C(C)=O,1,6.55,2015,ChEMBL
CC(=O)N(CCc1nc2ccccc2c(=O)n1-c1cccc(C)c1)C(C)=O,1,6.96,2015,ChEMBL
CC(=O)N1C=C(c2cccnc2Oc2ccc(C(=O)c3nc4ccccc4[nH]3)cc2)CCC1,1,9.67,2014,ChEMBL
CC(=O)N1CC(c2cccnc2Oc2ccc(C(=O)c3nc4ccccc4[nH]3)cc2)C1,1,9.03,2014,ChEMBL
CC(=O)N1CC(c2nc(C)c3sc4cc(OCc5ccc6ccccc6n5)ccc4n23)C1,1,8.17,2013,ChEMBL
CC(=O)N1CC2(C1)CN(c1nccnc1C1CN(C(=O)c3nc4ccccc4[nH]3)C1)C2,1,6.31,2017,ChEMBL
CC(=O)N1CC=C(c2cccnc2Oc2ccc(C(=O)c3nc4ccccc4[nH]3)cc2)CC1,1,9.71,2014,ChEMBL
CC(=O)N1CC=C(c2cccnc2Oc2ccc(Nc3nc4ccccc4s3)cc2)CC1,1,9.44,2014,ChEMBL
CC(=O)N1CC=C(c2cncnc2Oc2ccc(C(=O)c3nc4ccccc4[nH]3)cc2)CC1,1,8.81,2014,ChEMBL
CC(=O)N1CC=C(c2nccnc2C2CN(c3ccc4ccccc4n3)C2)CC1,1,9.22,2017,ChEMBL
CC(=O)N1CCC(c2cccnc2O[C@H]2C[C@@H](Nc3ccc4ccccc4n3)C2)CC1,1,8.88,2015,ChEMBL
CC(=O)N1CCC(c2cccnc2Oc2ccc(C(=O)c3nc4ccccc4[nH]3)cc2)CC1,1,9.9,2014,ChEMBL
CC(=O)N1CCC(c2cccnc2Oc2ccc(C(=O)c3nc4ccccc4n3C)cc2)CC1,1,8.97,2014,ChEMBL
CC(=O)N1CCC(c2cccnc2Oc2ccc(Nc3nc4ccccc4s3)cc2)CC1,1,9.76,2014,ChEMBL
CC(=O)N1CCC(c2cccnc2Oc2ccc([C@H](O)c3nc4ccccc4[nH]3)cc2)CC1,1,8.38,2014,ChEMBL
CC(=O)N1CCC(c2nc(C)c3sc4cc(OCc5ccc6ccccc6n5)ccc4n23)CC1,1,8.05,2013,ChEMBL
CC(=O)N1CCC(c2nc3ccccc3nc2OC2CN(c3ccc4ccccc4n3)C2)CC1,1,8.59,2014,ChEMBL
CC(=O)N1CCC(c2nccnc2C2CN(c3ccc4ccccc4n3)C2)CC1,1,7.47,2017,ChEMBL
CC(=O)N1CCC(c2nccnc2OC2CN(c3ccc4ccccc4n3)C2)CC1,1,6.04,2014,ChEMBL
CC(=O)N1CCC(c2nccnc2O[C@H]2CC[C@H](Nc3nc4ccccc4s3)CC2)CC1,1,7.34,2015,ChEMBL
CC(=O)N1CCC(c2nccnc2O[C@H]2C[C@@H](Nc3ccc(C)cn3)C2)CC1,1,7.18,2015,ChEMBL
CC(=O)N1CCC(c2nccnc2O[C@H]2C[C@@H](Nc3ccc4ccccc4n3)C2)CC1,1,8.31,2015,ChEMBL
CC(=O)N1CCC(c2nccnc2O[C@H]2C[C@@H](Nc3nc4ccccc4s3)C2)CC1,1,8.56,2015,ChEMBL
CC(=O)N1CCC(c2nccnc2O[C@H]2C[C@H](Nc3ccc(C)cn3)C2)CC1,1,7.07,2015,ChEMBL
CC(=O)N1CCC(c2nccnc2O[C@H]2C[C@H](Nc3ccc4ccccc4n3)C2)CC1,1,7.8,2015,ChEMBL
CC(=O)N1CCC(c2nccnc2Oc2ccc(C(=O)c3nc4ccccc4[nH]3)cc2)CC1,1,9.870000000000001,2021,ChEMBL
CC(=O)N1CCCC(c2cccnc2Oc2ccc(C(=O)c3nc4ccccc4[nH]3)cc2)C1,1,10.3,2012,ChEMBL
CC(=O)N1CCCC[C@@H]1c1cccnc1Oc1ccc(C(=O)c2nc3ccccc3[nH]2)cc1,1,10.19,2014,ChEMBL
CC(=O)N1CCCN(c2nccnc2C2CN(C(=O)c3nc4ccccc4[nH]3)C2)CC1,1,7.07,2017,ChEMBL
CC(=O)N1CCCN(c2nccnc2C2CN(c3ccc4ccccc4n3)C2)CC1,1,7.79,2017,ChEMBL
CC(=O)N1CCC[C@@H](c2cccnc2Oc2ccc(C(=O)c3nc4ccccc4[nH]3)cc2)C1,1,8.79,2014,ChEMBL
CC(=O)N1CCC[C@@H](c2cccnc2Oc2ccc(Nc3nc4ccccc4s3)cc2)C1,1,9.57,2014,ChEMBL
CC(=O)N1CCC[C@H](c2cccnc2Oc2ccc(C(=O)c3nc4ccccc4[nH]3)cc2)C1,1,10.46,2014,ChEMBL
CC(=O)N1CCN(c2cccnc2Oc2ccc(Nc3nc4ccccc4s3)cc2)CC1,1,8.18,2014,ChEMBL
CC(=O)N1CCN(c2ncc(-c3ccc(N4CCNCC4)nc3)n3cc(COc4ccc5ccccc5n4)nc23)CC1,1,6.65,2016,ChEMBL
CC(=O)N1CCN(c2nccnc2C2CN(C(=O)c3nc4ccccc4[nH]3)C2)CC1,1,6.72,2017,ChEMBL
CC(=O)N1CCN(c2nccnc2C2CN(c3ccc4ccccc4n3)C2)CC1,1,7.54,2017,ChEMBL
CC(=O)N1CCN(c2nccnc2O[C@H]2C[C@@H](Nc3ccc4ccccc4n3)C2)CC1,1,7.62,2015,ChEMBL
CC(=O)N1CCN(c2nccnc2O[C@H]2C[C@@H](Nc3nc4ccccc4s3)C2)CC1,1,8.03,2015,ChEMBL
CC(=O)N1CCN(c2nccnc2Oc2ccc(C(=O)c3nc4ccccc4[nH]3)cc2)CC1,1,8.29,2014,ChEMBL
CC(=O)N1CC[C@@H](c2cccnc2Oc2ccc(C(=O)c3nc4ccccc4[nH]3)cc2)C1,1,9.28,2014,ChEMBL
CC(=O)NS(=O)(=O)c1ccc(-c2c(/C=C/c3ccc4ccccc4n3)nc3c(N4CCOCC4)ccnn23)cc1,1,8.68,2016,ChEMBL
CC(=O)NS(=O)(=O)c1ccc(-c2c(CCc3ccc4ccccc4n3)nc3c(N4CCOCC4)ccnn23)cc1,1,9.0,2015,ChEMBL
CC(=O)NS(=O)(=O)c1ccc(-c2cnc(N3CCOCC3)c3nc(/C=C/c4ccc5ccccc5n4)cn23)cc1,1,8.4,2016,ChEMBL
CC(=O)NS(=O)(=O)c1ccc(-c2cnc(N3CCOCC3)c3nc(COc4ccc5ccccc5n4)cn23)cc1,1,8.05,2016,ChEMBL
CC(=O)Nc1ccc(-c2cc(C(=O)O)c3ccccc3n2)cc1,0,4.05,2013,ChEMBL
CC(=O)Nc1ccc(-c2nccnc2C2CN(c3ccc4ccccc4n3)C2)cc1,1,8.63,2017,ChEMBL
CC(=O)Nc1cccc(-c2nccnc2C2CN(c3ncc4ccccc4n3)C2)c1,1,9.2,2017,ChEMBL
CC(=O)Nc1ncccc1-c1cc(N2CC(c3nc4ccccc4n3C)C2)nc(C)n1,1,7.12,2016,ChEMBL
CC(=O)c1ccc(-c2c(C#Cc3ccc4ccccc4n3)nc3c(N4CCOCC4)ccnn23)cc1,1,8.05,2015,ChEMBL
CC(=O)c1ccc(-c2cc(N3CC(c4nc5ccccc5n4C)C3)nc(C)n2)nc1,1,8.05,2016,ChEMBL
CC(=O)c1ccc(-c2nccnc2C2CN(C(=O)c3nc4ccccc4[nH]3)C2)cc1,1,7.61,2017,ChEMBL
CC(=O)c1ccc(-c2nccnc2C2CN(c3ccc4ccccc4n3)C2)cc1,1,8.52,2017,ChEMBL
CC(=O)c1ccc(-c2nccnc2C2CN(c3ncc4ccccc4n3)C2)cc1,1,8.13,2017,ChEMBL
CC(=O)c1ccc(-c2nccnc2O[C@H]2C[C@@H](Nc3nc4ccccc4s3)C2)cn1,1,8.56,2015,ChEMBL
CC(=O)c1ccc(C(C)=O)c2c(C)c(C(=O)Nc3cc(C(C)(C)O)c4ccccc4n3)sc12,1,8.265,2019,ChEMBL
CC(=O)c1ccc(C(C)=O)c2c(C)c(C(=O)Nc3cc(C(C)O)c4ccccc4n3)sc12,1,8.7,2016,ChEMBL
CC(=O)c1ccc(C(C)=O)c2c(C)c(C(=O)Nc3cc(C)c4ccccc4n3)sc12,1,8.66,2016,ChEMBL
CC(=O)c1ccc(C(C)=O)c2c(C)c(C(=O)Nc3cc(CN(C)C(C)=O)c4ccccc4n3)sc12,1,8.64,2016,ChEMBL
CC(=O)c1ccc(C(C)=O)c2c(C)c(C(=O)Nc3cc(CN4CC(O)C4)c4ccccc4n3)sc12,1,8.92,2016,ChEMBL
CC(=O)c1ccc(C(C)=O)c2c(C)c(C(=O)Nc3cc(CN4CCC(O)C4)c4ccccc4n3)sc12,1,8.82,2016,ChEMBL
CC(=O)c1ccc(C(C)=O)c2c(C)c(C(=O)Nc3cc(CO)c4ccccc4n3)sc12,1,9.05,2016,ChEMBL
CC(=O)c1ccc(C(C)=O)c2c(C)c(C(=O)Nc3ccc4ccccc4n3)sc12,1,8.8,2016,ChEMBL
CC(=O)c1ccc(C(C)=O)c2sc(C(=O)Nc3cc(C(C)(C)O)c4ccccc4n3)cc12,1,7.904999999999999,2019,ChEMBL
CC(=O)c1ccc(C(C)O)c2c(C)c(C(=O)Nc3cc(C(C)(C)O)c4ccccc4n3)sc12,1,8.11,2016,ChEMBL
CC(=O)c1ccc(CO)c2c(C)c(C(=O)Nc3ccc4c(CO)cccc4n3)sc12,1,8.68,2016,ChEMBL
CC(=O)c1ccc(COC(C)C)c2c(C)c(C(=O)Nc3cc(C(C)(C)O)c4ccccc4n3)sc12,1,7.8,2016,ChEMBL
CC(=O)c1cccc(-c2nccnc2C2CN(C(=O)c3nc4ccccc4[nH]3)C2)c1,1,7.82,2017,ChEMBL
CC(=O)c1cccc(-c2nccnc2C2CN(c3ccc4ccccc4n3)C2)c1,1,8.91,2017,ChEMBL
CC(=O)c1cccc(-c2nccnc2C2CN(c3ncc4ccccc4n3)C2)c1,1,8.87,2017,ChEMBL
CC(=O)c1cccc2c(C)c(C(=O)Nc3ccc4ccccc4n3)sc12,1,8.12,2019,ChEMBL
CC(=O)c1ccnc(-c2cc(N3CC(c4nc5ccccc5n4C)C3)nc(C)n2)c1,1,7.51,2016,ChEMBL
CC(=O)c1sc(C)nc1-c1cnn(C)c1C(=O)NC1CCn2nc(-c3cccc(F)c3)nc2C1,1,7.28,2017,ChEMBL
CC(=O)c1sc(C)nc1-c1cnn(C)c1C(=O)NC1CCn2nc(-c3ccccc3)nc2C1,1,7.28,2017,ChEMBL
CC(C)(C#N)c1ccc(-c2nccnc2C2CN(c3ccc4ccccc4n3)C2)cc1,1,8.13,2017,ChEMBL
CC(C)(C(=O)O)c1ccc(-c2c([C@H]3C[C@H](c4ccc5ccccc5n4)C3)nc3c(N4CCOCC4)ccnn23)cc1,1,8.7,2015,ChEMBL
CC(C)(C)OC(=O)N1CC2CN(c3nccnc3C3CN(c4ccc5ccccc5n4)C3)CC2C1,1,8.52,2017,ChEMBL
CC(C)(C)OC(=O)N1CC=C(c2cccnc2Oc2ccc(Nc3nc4ccccc4s3)cc2)CC1,1,7.35,2014,ChEMBL
CC(C)(C)OC(=O)N1CC=C(c2nccnc2C2CN(c3ccc4ccccc4n3)C2)CC1,1,9.15,2017,ChEMBL
CC(C)(C)OC(=O)N1CCC(c2cccnc2Oc2ccc(C(=O)c3nc4ccccc4[nH]3)cc2)CC1,1,9.15,2014,ChEMBL
CC(C)(C)OC(=O)N1CCCN(c2nccnc2C2CN(c3ccc4ccccc4n3)C2)CC1,1,6.65,2017,ChEMBL
CC(C)(C)OC(=O)N1C[C@@H]2CN(c3nccnc3C3CN(c4ccc5ccccc5n4)C3)C[C@@H]2C1,1,9.0,2017,ChEMBL
CC(C)(C)OC(=O)NC1CN(c2nccnc2C2CN(c3ccc4ccccc4n3)C2)C1,1,8.25,2017,ChEMBL
CC(C)(C)OC(=O)N[C@@H]1CCN(c2nccnc2C2CN(c3ccc4ccccc4n3)C2)C1,1,7.68,2017,ChEMBL
CC(C)(C)OC(=O)N[C@H]1CCCN(c2nccnc2C2CN(c3ccc4ccccc4n3)C2)C1,1,7.89,2017,ChEMBL
CC(C)(C)n1nc(-c2ccccn2)cc1NC(=O)c1nc(C2CC2)ccc1Nc1cncnc1,1,7.89,2013,ChEMBL
CC(C)(CC(=O)O)c1ccc(-c2c([C@H]3C[C@H](c4ccc5ccccc5n4)C3)nc3c(N4CCOCC4)ccnn23)cc1,1,9.0,2015,ChEMBL
CC(C)(CNC(=O)c1cccnc1Oc1ccc(C(=O)c2nc3ccccc3[nH]2)cc1)c1ccccn1,1,8.83,2014,ChEMBL
CC(C)(CO)NC(=O)c1ccncc1NC(=O)c1nc(C2CC2)cnc1Nc1cncnc1,1,8.25,2014,ChEMBL
CC(C)(CO)NC(=O)c1ncccc1NC(=O)c1nc(C2CC2)cnc1Nc1cncnc1,1,9.52,2014,ChEMBL
CC(C)(Cc1ccc(F)cc1)NC(=O)c1cccnc1Oc1ccc(C(=O)c2nc3ccccc3[nH]2)cc1,1,8.0,2014,ChEMBL
CC(C)(O)C1CCN(c2nccnc2C2CN(C(=O)c3nc4ccccc4[nH]3)C2)CC1,1,7.335,2017,ChEMBL
CC(C)(O)C1CCN(c2nccnc2Oc2ccc(C(=O)c3nc4ccccc4[nH]3)cc2)CC1,1,8.55,2013,ChEMBL
CC(C)(O)C1CCN(c2nccnc2Oc2ccc(Nc3nc4ccccc4s3)cc2)CC1,1,8.38,2012,ChEMBL
CC(C)(O)CNC(=O)c1c(F)cc(F)cc1NC(=O)c1nc(C2CC2)cnc1Nc1cncnc1,1,8.96,2014,ChEMBL
CC(C)(O)CNC(=O)c1c(F)cccc1NC(=O)c1nc(C2CC2)cnc1Nc1cncnc1,1,8.01,2014,ChEMBL
CC(C)(O)CNC(=O)c1c(NC(=O)c2nc(C3CC3)cnc2Nc2cncnc2)ccc(F)c1F,1,8.34,2014,ChEMBL
CC(C)(O)CNC(=O)c1c(NC(=O)c2nc(C3CC3)cnc2Nc2cncnc2)cnn1CC(F)(F)F,1,7.6,2014,ChEMBL
CC(C)(O)CNC(=O)c1c(NC(=O)c2nc(C3CC3)cnc2Nc2cncnc2)cnn1CC1CCCO1,1,9.7,2014,ChEMBL
CC(C)(O)CNC(=O)c1c(NC(=O)c2nc(C3CC3)cnc2Nc2cncnc2)cnn1CC1CCO1,1,8.96,2014,ChEMBL
CC(C)(O)CNC(=O)c1c(NC(=O)c2nc(C3CC3)cnc2Nc2cncnc2)cnn1CCC(F)(F)F,1,7.89,2014,ChEMBL
CC(C)(O)CNC(=O)c1cc(C#N)ccc1NC(=O)c1nc(C2CC2)cnc1Nc1cncnc1,1,9.15,2014,ChEMBL
CC(C)(O)CNC(=O)c1cc(C(F)(F)F)ccc1NC(=O)c1nc(C2CC2)cnc1Nc1cncnc1,1,8.64,2014,ChEMBL
CC(C)(O)CNC(=O)c1cc(Cl)ncc1NC(=O)c1nc(C2CC2)cnc1Nc1cncnc1,1,8.8,2014,ChEMBL
CC(C)(O)CNC(=O)c1cc(F)c(F)cc1NC(=O)c1nc(C2CC2)cnc1Nc1cncnc1,1,9.22,2014,ChEMBL
CC(C)(O)CNC(=O)c1cc(F)ccc1NC(=O)c1nc(C2CC2)cnc1Nc1cncnc1,1,8.85,2014,ChEMBL
CC(C)(O)CNC(=O)c1cc(OCCO)ccc1NC(=O)c1nc(C2CC2)cnc1Nc1cncnc1,1,9.3,2014,ChEMBL
CC(C)(O)CNC(=O)c1ccc(F)c(F)c1NC(=O)c1nc(C2CC2)cnc1Nc1cncnc1,1,8.57,2014,ChEMBL
CC(C)(O)CNC(=O)c1ccc(F)cc1NC(=O)c1nc(C2CC2)cnc1Nc1cncnc1,1,9.4,2014,ChEMBL
CC(C)(O)CNC(=O)c1cccc(F)c1NC(=O)c1nc(C2CC2)cnc1Nc1cncnc1,1,8.22,2014,ChEMBL
CC(C)(O)CNC(=O)c1ccncc1NC(=O)c1nc(C(C)(C)C)ncc1Nc1cncnc1,1,8.37,2014,ChEMBL
CC(C)(O)CNC(=O)c1ccncc1NC(=O)c1nc(C2CC2)ccc1Nc1cncnc1,1,8.68,2014,ChEMBL
CC(C)(O)CNC(=O)c1ccncc1NC(=O)c1nc(C2CC2)cnc1Nc1cncnc1,1,8.96,2014,ChEMBL
CC(C)(O)CNC(=O)c1cnccc1NC(=O)c1nc(C2CC2)cnc1Nc1cncnc1,1,9.4,2014,ChEMBL
CC(C)(O)CNC(=O)c1nc(C2CC2)ccc1NC(=O)c1nc(C2CC2)cnc1Nc1cncnc1,1,9.4,2014,ChEMBL
CC(C)(O)CNC(=O)c1nc(C2CCCO2)ccc1NC(=O)c1nc(C2CC2)cnc1Nc1cncnc1,1,10.0,2014,ChEMBL
CC(C)(O)CNC(=O)c1ncccc1NC(=O)c1nc(C(C)(C)C)ncc1Nc1cncnc1,1,8.96,2014,ChEMBL
CC(C)(O)CNC(=O)c1ncccc1NC(=O)c1nc(C2CC2)cnc1Nc1cncnc1,1,9.4,2014,ChEMBL
CC(C)(O)CNC(=O)c1ncncc1NC(=O)c1nc(C2CC2)cnc1Nc1cncnc1,1,8.96,2014,ChEMBL
CC(C)(O)c1ccc(-c2nccnc2C2CN(c3ccc4ccccc4n3)C2)cc1,1,8.38,2017,ChEMBL
CC(C)(O)c1cccc(-c2nccnc2C2CN(c3ccc4ccccc4n3)C2)c1,1,8.47,2017,ChEMBL
CC(C)(O)c1cccc2nn(CCc3ccc4ccccc4n3)c(=O)n12,1,7.14,2016,ChEMBL
CC(C)=C[C@H]1Oc2cc(O)ccc2-c2oc3c4c(cc(O)c3c(=O)c21)OC(C)(C)C=C4,1,6.29,2018,ChEMBL
CC(C)CC(=O)N1CCc2nc(-c3ccc(Br)cc3)nc(N(C)Cc3ccccc3)c2C1,1,6.28,2023,ChEMBL
CC(C)CC(=O)N1CCc2nc(-c3ccncc3)nc(N(C)CCc3ccccn3)c2C1,1,6.06,2012,ChEMBL
CC(C)CC(=O)N1CCc2nc(-c3cncc(-c4cn[nH]c4)c3)nc(N(C)Cc3ccccc3)c2C1,1,7.82,2014,ChEMBL
CC(C)CC(=O)N1CCc2nc(-c3cncc(-c4cncnc4)c3)nc(N(C)Cc3ccccc3)c2C1,1,7.2,2014,ChEMBL
CC(C)CC1CCN(c2nccnc2C2CN(c3ccc4ccccc4n3)C2)C1,1,7.66,2017,ChEMBL
CC(C)CCn1c2c(c3c(O)cc(O)cc31)CCn1c-2nc2ccccc2c1=O,0,4.49,2020,ChEMBL
CC(C)CNC(=O)c1c(NC(=O)c2nc(C3CC3)cnc2Nc2cncnc2)cnn1C,1,8.36,2014,ChEMBL
CC(C)C[C@H](NC(=O)[C@H](C)N)C(=O)N[C@@H](C)C(=O)N[C@@H](CCCCNC(=O)c1ccc(-c2c(C#Cc3ccc4ccccc4n3)nc3c(N4CCOCC4)ccnn23)cc1)C(N)=O,1,7.96,2015,ChEMBL
CC(C)Cc1nc2ccc(OCc3ccc4ccccc4n3)cc2n1-c1ccccc1,1,6.07,2013,ChEMBL
CC(C)Cc1ncc(Nc2cncnc2)c(C(=O)Nc2cc(-c3ccccn3)nn2C)n1,1,7.55,2013,ChEMBL
CC(C)Cc1ncc(Nc2cncnc2)c(C(=O)Nc2cccnc2C(=O)NCC(C)(C)O)n1,1,8.51,2014,ChEMBL
CC(C)Cn1nc(-c2ccccn2)cc1NC(=O)c1nc(C2CC2)ccc1Nc1cncnc1,1,9.0,2013,ChEMBL
CC(C)Cn1ncc(NC(=O)c2nc(C3CC3)cnc2Nc2cncnc2)c1C(=O)NCC(C)(C)O,1,7.67,2014,ChEMBL
CC(C)N(C)C(=O)c1c(NC(=O)c2nc(C3CC3)cnc2Nc2cncnc2)cnn1C,1,7.19,2014,ChEMBL
CC(C)N(C)C(=O)c1nn(C)cc1NC(=O)c1nc(C2CC2)ccc1Nc1cncnc1,1,7.66,2014,ChEMBL
CC(C)N1CCCN(c2nccnc2C2CN(c3ccc4ccccc4n3)C2)CC1,1,6.18,2017,ChEMBL
CC(C)NC(=O)c1ncccc1NC(=O)c1nc(C2CC2)cnc1Nc1cncnc1,1,8.31,2014,ChEMBL
CC(C)Nc1nccnc1C1CN(C(=O)c2nc3ccccc3[nH]2)C1,1,6.88,2017,ChEMBL
CC(C)OCCNC(=O)c1ccncc1NC(=O)c1nc(C2CC2)cnc1Nc1cncnc1,1,8.59,2014,ChEMBL
CC(C)Oc1cc(F)cc(-c2nccnc2C2CN(c3ccc4ccccc4n3)C2)c1,1,10.96,2017,ChEMBL
CC(C)Oc1ccc(-c2nccnc2C2CN(c3ccc4ccccc4n3)C2)cc1,1,8.14,2017,ChEMBL
CC(C)Oc1cccc(-c2nccnc2C2CN(C(=O)c3nc4ccccc4[nH]3)C2)c1,1,7.38,2017,ChEMBL
CC(C)Oc1cccc2c1C(=O)N(CCc1nc3ccccc3c(=O)n1-c1ccc(O)cc1)C2=O,1,9.55,2014,ChEMBL
CC(C)Oc1cccc2c1C(=O)N(CCc1nc3ccccc3c(=O)n1-c1ccc(OCCF)cc1)C2=O,1,9.72,2014,ChEMBL
CC(C)Oc1cccc2c1C(=O)N(CCc1nc3ccccc3c(=O)n1-c1ccc(OCc3ccccc3)cc1)C2=O,1,9.08,2014,ChEMBL
CC(C)Oc1cccc2c1C(=O)N(CCc1nc3ccccc3c(=O)n1C1CCCCC1)C2=O,1,7.96,2014,ChEMBL
CC(C)Oc1cccc2c1C(=O)N(CCc1nc3ncccc3c(=O)n1-c1ccc3cn[nH]c3c1)C2=O,1,9.32,2014,ChEMBL
CC(C)Oc1nc(-c2ccc(Cl)nc2)nc2c1CN(C(=O)N(C)c1cn[nH]c1)CC2,1,9.0,2012,ChEMBL
CC(C)Oc1nc(-c2ccc(Cl)nc2)nc2c1CN(C(=O)Nc1cnn(C)c1)CC2,1,9.05,2013,ChEMBL
CC(C)Oc1nc(-c2ccc(Cl)nc2)nc2c1CN(C(=O)c1cn(C)cn1)CC2,1,8.34,2013,ChEMBL
CC(C)Oc1nc(-c2ccc(Cl)nc2)nc2c1CN(C(=O)c1cn(C)cn1)CC2.Cl,1,8.35,2012,ChEMBL
CC(C)Oc1nc(-c2ccc(Cl)nc2)nc2c1CN(S(=O)(=O)c1cccnc1)CC2,1,9.2,2013,ChEMBL
CC(C)Oc1nc(-c2cccnc2)nc2c1CN(C(=O)Nc1ccc3ccn(C)c3c1)CC2,1,8.04,2013,ChEMBL
CC(C)Oc1nc(-c2cccnc2)nc2c1CN(C(=O)Nc1ccccc1)CC2,1,7.77,2012,ChEMBL
CC(C)Oc1nc(-c2cccnc2)nc2c1CN(c1nc3ccccc3o1)CC2,1,7.8,2013,ChEMBL
CC(C)Oc1nc(-c2ccncc2)nc2c1CN(C(=O)Nc1ccccc1)CC2,1,7.01,2012,ChEMBL
CC(C)[C@H](NC(=O)c1ccc(-c2c(/C=C/c3ccc4ccccc4n3)nc3c(N4CCOCC4)ccnn23)cc1)C(=O)O,1,8.1,2015,ChEMBL
CC(C)[C@H](NC(=O)c1ccc(-c2c(C#Cc3ccc4ccccc4n3)nc3c(N4CCOCC4)ccnn23)cc1)C(=O)O,1,8.4,2015,ChEMBL
CC(C)[C@H](NC(=O)c1ccc(-c2c(CCc3ccc4ccccc4n3)nc3c(N4CCOCC4)ccnn23)cc1)C(=O)O,1,8.4,2015,ChEMBL
CC(C)[C@H](NC(=O)c1ccc(-c2cnc(N3CCOCC3)c3nc(/C=C/c4ccc5ccccc5n4)cn23)cc1)C(=O)O,1,7.85,2016,ChEMBL
CC(C)[C@H](NC(=O)c1ccc(-c2cnc(N3CCOCC3)c3nc(CCc4ccc5ccccc5n4)cn23)cc1)C(=O)O,1,8.3,2016,ChEMBL
CC(C)[C@H](Nc1ccc(-c2c(/C=C/c3ccc4ccccc4n3)nc3c(N4CCOCC4)ccnn23)cc1)C(=O)O,1,8.0,2015,ChEMBL
CC(C)[C@H](Nc1ccc(-c2cnc(N3CCOCC3)c3nc(/C=C/c4ccc5ccccc5n4)cn23)cc1)C(=O)O,1,7.52,2016,ChEMBL
CC(C)c1cc(C(=O)N2CCOCC2)c(NC(=O)c2nc(C3CC3)ccc2Nc2cncnc2)s1,1,7.56,2014,ChEMBL
CC(C)c1ccc(Cn2c(Nc3ccc(Oc4ncccc4C4CCOCC4)cc3)nc3ccccc32)cc1,1,7.5,2014,ChEMBL
CC(C)c1ccc(NC(=O)c2nc(C3CC3)cnc2Nc2cncnc2)c(C(=O)NCC(C)(C)O)c1,1,8.96,2014,ChEMBL
CC(C)c1cccc(-c2nccnc2C2CN(C(=O)c3nc4ccccc4[nH]3)C2)c1,1,7.38,2017,ChEMBL
CC(C)c1ccccc1-c1ccc(-c2nc3ccncc3c(O)c2C#N)cc1,1,8.52,2012,ChEMBL
CC(C)c1nc2ccc(OCc3ccc4ccccc4n3)cc2n1-c1ccccc1,1,7.04,2013,ChEMBL
CC(C)c1nc2ccc(OCc3ccc4ccccc4n3)cc2n1-c1ccncc1,1,6.22,2013,ChEMBL
CC(C)c1ncc(Nc2cncnc2)c(C(=O)Nc2cc(-c3ccccn3)nn2C)n1,1,7.7,2013,ChEMBL
CC(C)c1ncc(Nc2cncnc2)c(C(=O)Nc2cccnc2C(=O)NCC(C)(C)O)n1,1,8.54,2014,ChEMBL
CC(C)c1ncc(Nc2cncnc2)c(C(=O)Nc2cnccc2C(=O)NCC(C)(C)O)n1,1,8.19,2014,ChEMBL
CC(C)n1cc(-c2ccccc2)nc1CSc1nc2ccccn2n1,1,6.42,2017,ChEMBL
CC(C)n1nc(-c2ccccn2)cc1NC(=O)c1nc(C2CC2)ccc1Nc1cncnc1,1,8.52,2013,ChEMBL
CC(C)n1ncc(NC(=O)c2nc(C3CC3)cnc2Nc2cncnc2)c1C(=O)NCC(C)(C)O,1,7.6,2014,ChEMBL
CC(CO)CNC(=O)c1c(NC(=O)c2nc(C3CC3)cnc2Nc2cncnc2)cnn1C,1,8.82,2014,ChEMBL
CC(CO)NC(=O)c1nn(C)cc1NC(=O)c1nc(C2CC2)ccc1Nc1cncnc1,1,7.77,2014,ChEMBL
CC(NC(=O)c1c(NC(=O)c2nc(C3CC3)cnc2Nc2cncnc2)cnn1C)C(F)(F)F,1,8.28,2014,ChEMBL
CC(O)(C1CCN(c2nccnc2Oc2ccc(Nc3nc4ccccc4s3)cc2)CC1)C(F)(F)F,1,6.86,2012,ChEMBL
CC(O)C1CCN(c2nccnc2C2CN(C(=O)c3nc4ccccc4[nH]3)C2)CC1,1,7.25,2017,ChEMBL
CC(O)C1CCN(c2nccnc2Oc2ccc(Nc3nc4ccccc4s3)cc2)CC1,1,8.62,2012,ChEMBL
CC(O)c1ccc(-c2nccnc2C2CN(C(=O)c3nc4ccccc4[nH]3)C2)cc1,1,7.54,2017,ChEMBL
CC(O)c1cccc(-c2nccnc2C2CN(C(=O)c3nc4ccccc4[nH]3)C2)c1,1,7.11,2017,ChEMBL
CC(Sc1nc(-c2ccc(Cl)s2)c(C#N)c(=O)[nH]1)c1cccc(Cl)c1,1,6.17,2024,ChEMBL
CC([18F])C(=O)N1CCC(c2nccnc2Oc2ccc(C(=O)c3nc4ccccc4[nH]3)cc2)CC1,1,9.89,2021,ChEMBL
CC1(C)CCCN1C(=O)c1ccncc1NC(=O)c1nc(C2CC2)ccc1Nc1cncnc1,1,7.61,2014,ChEMBL
CC1(C)CCN(C(=O)c2ccncc2NC(=O)c2nc(C3CC3)ccc2Nc2cncnc2)C1,1,7.06,2014,ChEMBL
CC1(C)CCN(c2nccnc2C2CN(C(=O)c3nc4ccccc4[nH]3)C2)CC1,1,7.32,2017,ChEMBL
CC1(C)CCN(c2nccnc2C2CN(c3ccc4ccccc4n3)C2)C1,1,7.89,2017,ChEMBL
CC1(C)CN(c2nccnc2C2CN(c3ccc4ccccc4n3)C2)CCO1,1,8.22,2017,ChEMBL
CC1(NC(=O)c2ccncc2NC(=O)c2nc(C3CC3)cnc2Nc2cncnc2)COC1,1,8.24,2014,ChEMBL
CC1(NC(=O)c2ncccc2NC(=O)c2nc(C3CC3)cnc2Nc2cncnc2)COC1,1,9.4,2014,ChEMBL
CC1(O)CCN(c2nccnc2C2CN(c3ccc4ccccc4n3)C2)CC1,1,8.01,2017,ChEMBL
CC1=C(C(=O)OCC2CCCCC2)C(c2ccc(OC(F)F)c(OCC3CC3)c2)N(C(=O)SCc2ccccc2)C(=O)N1,1,6.22,2024,ChEMBL
CC1=CC(C)=NC2NC(CCc3nc(-c4ccc(C)o4)cn3C)=NN12,1,7.42,2017,ChEMBL
CC1=CC(C)=NC2NC(CCc3nc(-c4cccnc4)cn3C)=NN12,1,7.36,2017,ChEMBL
CC1=CC(C)=NC2NC(CCc3nc(-c4cccs4)cn3C)=NN12,1,8.38,2017,ChEMBL
CC1=CC=C(C)N2N=C(CCc3nc(-c4ccc(C)o4)cn3C)NC12,1,8.38,2017,ChEMBL
CC1=CC=C(C)N2N=C(CCc3nc(-c4cccs4)cn3C)NC12,1,9.0,2017,ChEMBL
CC1=CC=C(C)N2N=C(CCc3nc(-c4cscn4)cn3C)NC12,1,9.4,2017,ChEMBL
CC1=CC=C(C)N2N=C(CCc3nc(-c4nccs4)cn3C)NC12,1,8.64,2017,ChEMBL
CC1=CC=CC2NC(/C=C\c3nc(-c4ccc(C)s4)cn3COCC[Si](C)(C)C)=NN12,1,6.68,2017,ChEMBL
CC1=CC=CC2NC(/C=C\c3nc(-c4ccco4)cn3COCC[Si](C)(C)C)=NN12,1,7.34,2017,ChEMBL
CC1=CC=CC2NC(CCc3nc(-c4cccnc4)cn3C)=NN12,1,7.15,2017,ChEMBL
CC1=CC=CC2NC(CCc3nc(-c4cccs4)c[nH]3)=NN12,1,9.27,2017,ChEMBL
CC1=CC=CC2NC(CCc3nc(-c4cccs4)cn3C)=NN12,1,8.04,2017,ChEMBL
CC1=CC=CC2NC(CCc3nc(-c4cccs4)cn3C[C@@H](O)CCl)=NN12,1,8.55,2017,ChEMBL
CC1=CC=CC2NC(CCc3nc(-c4cccs4)cn3C[C@@H](O)CN(C)C(C)C)=NN12,1,7.01,2017,ChEMBL
CC1=CC=CC2NC(CCc3nc(-c4cccs4)cn3C[C@@H](O)CN(C)C)=NN12,1,7.33,2017,ChEMBL
CC1=CC=CC2NC(CCc3nc(-c4cccs4)cn3C[C@@H](O)CN(C)CC#N)=NN12,1,8.06,2017,ChEMBL
CC1=CC=CC2NC(CCc3nc(-c4cccs4)cn3C[C@@H](O)CN(C)CCO)=NN12,1,7.8,2017,ChEMBL
CC1=CC=CC2NC(CCc3nc(-c4cccs4)cn3C[C@@H](O)CN3CCCC3)=NN12,1,7.24,2017,ChEMBL
CC1=CC=CC2NC(CCc3nc(-c4cccs4)cn3C[C@@H](O)CN3CCOCC3)=NN12,1,7.85,2017,ChEMBL
CC1=CC=CC2NC(CCc3nc(-c4cccs4)cn3C[C@@H](O)CNC(C)C)=NN12,1,7.34,2017,ChEMBL
CC1=CC=CC2NC(CCc3nc(-c4cccs4)cn3C[C@@H](O)CNCCO)=NN12,1,7.52,2017,ChEMBL
CC1=CC=CC2NC(CCc3nc(-c4cncs4)cn3C)=NN12,1,7.41,2017,ChEMBL
CC1=CC=CN2N=C(CCc3nc(-c4cccnc4)cn3C)NC12,1,7.12,2017,ChEMBL
CC1=CC=CN2N=C(CCc3nc(-c4cccs4)c[nH]3)NC12,1,9.0,2017,ChEMBL
CC1=CC=CN2N=C(CCc3nc(-c4cccs4)cn3C)NC12,1,7.82,2017,ChEMBL
CC1=CC=CN2N=C(CCc3nc(-c4cncs4)cn3C)NC12,1,7.44,2017,ChEMBL
CC1=CN(O)C(C)c2nc(CCc3cn4c(n3)-c3ccccc3C4)nn21,1,8.62,2015,ChEMBL
CC1=CN=C(C)C2NC(CCc3nc(-c4ccc(C)o4)cn3C)=NN12,1,8.17,2017,ChEMBL
CC1=CN=C(C)C2NC(CCc3nc(-c4cccnc4)cn3C)=NN12,1,8.05,2017,ChEMBL
CC1=CN=C(C)C2NC(CCc3nc(-c4ccco4)cn3C)=NN12,1,9.41,2017,ChEMBL
CC1=CN=C(C)C2NC(CCc3nc(-c4ccncc4)cn3C)=NN12,1,9.26,2017,ChEMBL
CC1=CN=C(C)C2NC(CCc3nc(-c4ccoc4)cn3C)=NN12,1,8.54,2017,ChEMBL
CC1=CN=C(C)C2NC(CCc3nc(-c4cnccn4)cn3C)=NN12,1,9.28,2017,ChEMBL
CC1=CN=C(C)C2NC(CCc3nc(-c4cncnc4)cn3C)=NN12,1,9.36,2017,ChEMBL
CC1=CN=C(C)C2NC(CCc3nc(-c4cncs4)cn3C)=NN12,1,8.16,2017,ChEMBL
CC1=CN=C(C)C2NC(CCc3nc(-c4cscn4)cn3C)=NN12,1,8.89,2017,ChEMBL
CC1=CN=C(C)C2NC(CCc3nc(-c4nccs4)cn3C)=NN12,1,8.57,2017,ChEMBL
CC1=CN=C(C)N2N=C(CCc3nc(-c4nccs4)cn3C)NC12,1,7.92,2017,ChEMBL
CC1CCC(C)N1C(=O)c1ccncc1NC(=O)c1nc(C2CC2)ccc1Nc1cncnc1,1,7.07,2014,ChEMBL
CC1CCC(C)N1C(=O)c1nn(C)cc1NC(=O)c1nc(C2CC2)ccc1Nc1cncnc1,1,7.34,2014,ChEMBL
CC1CCCCN1C(=O)c1c(NC(=O)c2nc(C3CC3)cnc2Nc2cncnc2)cnn1C,1,7.47,2014,ChEMBL
CC1CCCCN1C(=O)c1ncccc1NC(=O)c1nc(C2CC2)cnc1Nc1cncnc1,1,7.8,2014,ChEMBL
CC1CCCCN1c1nccnc1C1CN(C(=O)c2nc3ccccc3[nH]2)C1,1,7.2,2017,ChEMBL
CC1CCCN(c2nccnc2C2CN(C(=O)c3nc4ccccc4[nH]3)C2)C1,1,7.8,2017,ChEMBL
CC1CCCN(c2nccnc2O[C@H]2C[C@@H](Nc3nc4ccccc4s3)C2)C1,1,7.53,2015,ChEMBL
CC1CCCN1C(=O)c1c(NC(=O)c2nc(C3CC3)cnc2Nc2cncnc2)cnn1C,1,7.32,2014,ChEMBL
CC1CCCN1C(=O)c1ccncc1NC(=O)c1nc(C2CC2)ccc1Nc1cncnc1,1,6.94,2014,ChEMBL
CC1CCCN1C(=O)c1ncccc1NC(=O)c1nc(C2CC2)cnc1Nc1cncnc1,1,8.24,2014,ChEMBL
CC1CCCN1C(=O)c1nn(C)cc1NC(=O)c1nc(C2CC2)ccc1Nc1cncnc1,1,7.94,2014,ChEMBL
CC1CCCN1c1cccc(/C=C/c2nc(N(C)C)c3cc(Cl)ccc3n2)n1,1,7.57,2017,ChEMBL
CC1CCCN1c1cccc(CCc2nc(N(C)C)c3cc(Cl)ccc3n2)n1,1,7.09,2017,ChEMBL
CC1CCCN1c1nccnc1C1CN(C(=O)c2nc3ccccc3[nH]2)C1,1,7.83,2017,ChEMBL
CC1CCN(c2cccnc2C2CN(c3ccc4ccccc4n3)C2)C1,1,6.06,2017,ChEMBL
CC1CCN(c2nccnc2C2CN(C(=O)c3nc4ccccc4[nH]3)C2)C1,1,8.05,2017,ChEMBL
CC1CCN(c2nccnc2C2CN(C(=O)c3nc4ccccc4[nH]3)C2)CC1,1,7.57,2017,ChEMBL
CC1CCN(c2nccnc2C2CN(c3ccc4ccccc4n3)C2)CC1,1,9.1,2017,ChEMBL
CC1CCN(c2nccnc2O[C@H]2C[C@@H](Nc3nc4ccccc4s3)C2)C1,1,8.16,2015,ChEMBL
CC1COCCN1C(=O)c1ncccc1NC(=O)c1nc(C2CC2)cnc1Nc1cncnc1,1,7.5,2014,ChEMBL
CCC(=O)Nc1ccc2nc(-c3ccccc3)cc(O)c2c1,0,4.6,2013,ChEMBL
CCC(=O)c1ccc(C(C)=O)c2sc(C(=O)Nc3cc(C(C)(C)O)c4ccccc4n3)c(C)c12,1,7.7,2016,ChEMBL
CCC(=O)c1cccc2c(C)c(C(=O)Nc3cc(C(C)(C)O)c4ccccc4n3)sc12,1,8.32,2016,ChEMBL
CCC(C)CNC(=O)c1cn(CC)c(=O)c2cc(OC)c(OC)cc12,1,6.46,2018,ChEMBL
CCC(C)Oc1cc(C)ccc1CNC(=O)c1cn(CC)c(=O)c2cc(OC)c(OC)cc12,1,6.46,2018,ChEMBL
CCC(C)n1cc(-c2cccs2)nc1CCc1cn2c(C)cc(C)nc2n1,1,7.92,2017,ChEMBL
CCC(C)n1cc(C(=O)NC2CCc3ccccc32)c2cc(OC)c(OC)cc2c1=O,1,6.82,2018,ChEMBL
CCC(CC)C(=O)c1cccc2c(C)c(C(=O)Nc3cc(C(C)(C)O)c4ccccc4n3)sc12,1,7.6,2016,ChEMBL
CCC(CC)n1cc(C(=O)NC2CC(=O)c3sccc32)c2cc(OC)c(OC)cc2c1=O,1,6.82,2018,ChEMBL
CCC(CC)n1cc(C(=O)NC2CCc3c(Cl)cccc32)c2cc(OC)c(OC)cc2c1=O,1,6.46,2018,ChEMBL
CCC(CC)n1cc(C(=O)NC2CCc3cc(F)ccc32)c2cc(OC)c(OC)cc2c1=O,1,6.82,2018,ChEMBL
CCC(CC)n1cc(C(=O)NC2CCc3ccc(C)cc32)c2cc(OC)c(OC)cc2c1=O,1,6.82,2018,ChEMBL
CCC(CC)n1cc(C(=O)NC2CCc3ncccc32)c2cc(OC)c(OC)cc2c1=O,1,6.46,2018,ChEMBL
CCC(CC)n1cc(C(=O)NCC2CCCCC2)c2cc(OC)c(OC)cc2c1=O,1,6.82,2018,ChEMBL
CCC(CC)n1cc(C(=O)NCc2c(C)noc2C)c2cc(OC)c(OC)cc2c1=O,1,6.82,2018,ChEMBL
CCC(CC)n1cc(C(=O)NCc2cc(C)cs2)c2cc(OC)c(OC)cc2c1=O,1,6.82,2018,ChEMBL
CCC(CC)n1cc(C(=O)NCc2cc(C)no2)c2cc(OC)c(OC)cc2c1=O,1,6.82,2018,ChEMBL
CCC(CC)n1cc(C(=O)NCc2cc(C)on2)c2cc(OC)c(OC)cc2c1=O,1,6.46,2018,ChEMBL
CCC(CC)n1cc(C(=O)NCc2cc(C)sc2C)c2cc(OC)c(OC)cc2c1=O,1,6.46,2018,ChEMBL
CCC(CC)n1cc(C(=O)NCc2cc(F)cc(F)c2)c2cc(OC)c(OC)cc2c1=O,1,6.82,2018,ChEMBL
CCC(CC)n1cc(C(=O)NCc2ccc(C#N)o2)c2cc(OC)c(OC)cc2c1=O,1,6.46,2018,ChEMBL
CCC(CC)n1cc(C(=O)NCc2ccc(C)cc2)c2cc(OC)c(OC)cc2c1=O,1,6.82,2018,ChEMBL
CCC(CC)n1cc(C(=O)NCc2ccc(C)o2)c2cc(OC)c(OC)cc2c1=O,1,6.82,2018,ChEMBL
CCC(CC)n1cc(C(=O)NCc2ccc(C)s2)c2cc(OC)c(OC)cc2c1=O,1,6.82,2018,ChEMBL
CCC(CC)n1cc(C(=O)NCc2ccc(F)c(F)c2)c2cc(OC)c(OC)cc2c1=O,1,6.82,2018,ChEMBL
CCC(CC)n1cc(C(=O)NCc2ccccc2CN(C)C)c2cc(OC)c(OC)cc2c1=O,1,6.46,2018,ChEMBL
CCC(CC)n1cc(C(=O)NCc2ccccn2)c2cc(OC)c(OC)cc2c1=O,1,6.82,2018,ChEMBL
CCC(CC)n1cc(C(=O)NCc2cccnc2)c2cc(OC)c(OC)cc2c1=O,1,6.82,2018,ChEMBL
CCC(CC)n1cc(C(=O)NCc2ccn(C)n2)c2cc(OC)c(OC)cc2c1=O,1,6.46,2018,ChEMBL
CCC(CC)n1cc(C(=O)NCc2ccncc2)c2cc(OC)c(OC)cc2c1=O,1,6.46,2018,ChEMBL
CCC(CC)n1cc(C(=O)NCc2ccoc2C)c2cc(OC)c(OC)cc2c1=O,1,6.46,2018,ChEMBL
CCC(CC)n1cc(C(=O)NCc2csc(C)n2)c2cc(OC)c(OC)cc2c1=O,1,6.82,2018,ChEMBL
CCC(CC)n1cc(C(=O)NCc2nc(C)cs2)c2cc(OC)c(OC)cc2c1=O,1,6.82,2018,ChEMBL
CCC(CC)n1cc(C(=O)NCc2ncc(C)o2)c2cc(OC)c(OC)cc2c1=O,1,6.46,2018,ChEMBL
CCC(CC)n1cc(C(=O)NCc2ncc(C)s2)c2cc(OC)c(OC)cc2c1=O,1,6.82,2018,ChEMBL
CCC(CC)n1cc(C(=O)NCc2nccs2)c2cc(OC)c(OC)cc2c1=O,1,6.82,2018,ChEMBL
CCC(CC)n1cc(C(=O)NCc2nncs2)c2cc(OC)c(OC)cc2c1=O,1,6.46,2018,ChEMBL
CCC(CC)n1cc(C(=O)NCc2occc2C)c2cc(OC)c(OC)cc2c1=O,1,6.82,2018,ChEMBL
CCC(CC)n1cc(C(=O)NCc2sccc2C)c2cc(OC)c(OC)cc2c1=O,1,6.82,2018,ChEMBL
CCC(CC)n1cc(C(=O)NCc2scnc2C)c2cc(OC)c(OC)cc2c1=O,1,6.46,2018,ChEMBL
CCC(CC)n1cc(C(=O)N[C@@H](C)c2ccc(F)cc2)c2cc(OC)c(OC)cc2c1=O,1,6.82,2018,ChEMBL
CCC(CC)n1cc(C(=O)N[C@@H]2CCc3ccccc32)c2cc(OC)c(OC)cc2c1=O,1,6.46,2018,ChEMBL
CCC(CC)n1nc(C(=O)NC2CCc3ncccc32)c2cc(OC)c(OC)cc2c1=O,1,6.82,2018,ChEMBL
CCC(O)c1ccc(-c2cnc(C)nc2OC[C@H]2C[C@@H]2c2ccc(C)cn2)cn1,1,9.47,2017,ChEMBL
CCC(O)c1nc(C)nn1-c1cc(C2C[C@H]2c2nc3ccccc3n2C)nc(C)n1,1,9.075,2016,ChEMBL
CCC(O)c1nc(C)nn1-c1cc(N2CC(c3nc4ccccc4n3C)C2)nc(C)n1,1,9.29,2016,ChEMBL
CCC(O)c1nc(C)nn1-c1cc([C@@H]2C[C@H]2c2nc3ccccc3n2C)nc(C)n1,1,9.23,2016,ChEMBL
CCC1COc2ccc(CCc3nc4c(C)ncc(C)n4n3)nc2N1,1,7.26,2017,ChEMBL
CCC1c2ccccc2-c2cc(Cc3cncc4cc(OC)c(OC)cc34)ccc21,1,7.58,2015,ChEMBL
CCCC(=O)c1cccc2c(C)c(C(=O)Nc3cc(C(C)(C)O)c4ccccc4n3)sc12,1,8.59,2016,ChEMBL
CCCC(C)NC(=O)c1cn(CC)c(=O)c2cc(OC)c(OC)cc12,1,6.46,2018,ChEMBL
CCCC(O)c1ccc(Cl)c(-c2nnc3c(C)nc4ccc(C)nc4n23)c1,1,6.27,2015,ChEMBL
CCCCC(=O)c1cccc2c(C)c(C(=O)Nc3cc(C(C)(C)O)c4ccccc4n3)sc12,1,8.0,2016,ChEMBL
CCCCCCc1nc(C)c2c(C)nc3ccc(OC)nc3n12,1,6.65,2010,ChEMBL
CCCCCNC(=O)c1cn(CC)c(=O)c2cc(OC)c(OC)cc12,1,6.46,2018,ChEMBL
CCCCCc1nc(C)c2c(C)nc3ccc(OC)nc3n12,1,7.29,2010,ChEMBL
CCCCN(C(=O)c1ccncc1)c1ccc(OCc2ccc3ccccc3n2)cc1,1,6.18,2013,ChEMBL
CCCCN(C)C(=O)c1c(NC(=O)c2nc(C3CC3)cnc2Nc2cncnc2)cnn1C,1,7.74,2014,ChEMBL
CCCCNC(=O)c1cn(CC)c(=O)c2cc(OC)c(OC)cc12,1,6.82,2018,ChEMBL
CCCCNC(=O)c1cn(CCc2ccc3ccccc3n2)c(=O)c2cc(OC)ccc12,1,6.82,2018,ChEMBL
CCCCOc1ccc(F)c(-c2nc(C)c3nnc4ccc(OC)nc4n23)c1,1,6.17,2021,ChEMBL
CCCCc1nc2ccc(OC)cc2cc1Cc1c(=O)[nH]c(CCC)c2cc(OC)c(OC)cc12,1,7.03,2017,ChEMBL
CCCCc1ncc(Cc2ccc3nc(C)ccc3c2)c2cc(OC)c(OC)cc12,1,6.81,2018,ChEMBL
CCCCc1ncc(Cc2cnc3cc(C)ccc3c2)c2cc(OC)c(OC)cc12,1,6.02,2018,ChEMBL
CCCCc1ncc(Cc2cnc3ccccc3c2)c2cc(OC)c(OC)cc12,1,7.04,2018,ChEMBL
CCCN(C)C(=O)c1c(NC(=O)c2nc(C3CC3)cnc2Nc2cncnc2)cnn1C,1,7.9,2014,ChEMBL
CCCN(CCC)C(=O)c1c(NC(=O)c2nc(C3CC3)cnc2Nc2cncnc2)cnn1C,1,7.37,2014,ChEMBL
CCCNc1nc(C2CC2)nc(Cl)c1C,1,6.06,2015,ChEMBL
CCCNc1nc2ccc(OC)cc2cc1Cc1c(=O)[nH]c(C)c2cc(OC)c(OC)cc12,1,8.57,2017,ChEMBL
CCCNc1nc2ccc(OC)cc2cc1Cc1c(=O)[nH]c(CC)c2cc(OC)c(OC)cc12,1,9.3,2017,ChEMBL
CCCNc1nc2ccc(OC)cc2cc1Cc1c(=O)[nH]c(CCC)c2cc(OC)c(OC)cc12,1,8.82,2017,ChEMBL
CCCOCc1ccc(C(C)=O)c2sc(C(=O)Nc3cc(C(C)(C)O)c4ccccc4n3)c(C)c12,1,7.96,2016,ChEMBL
CCCOc1ccc(-c2cc(C(=O)O)c3ccccc3n2)cc1,1,6.27,2013,ChEMBL
CCCOc1ccc(-c2nccnc2C2CN(c3ccc4ccccc4n3)C2)cc1Cl,1,10.77,2017,ChEMBL
CCCOc1ccc(F)c(-c2nc(C)c3nnc4ccc(OC)nc4n23)c1,1,6.55,2022,ChEMBL
CCCOc1cccc2ccc(Cc3cncc4cc(OC)c(OC)cc34)nc12,1,6.5,2018,ChEMBL
CCCOc1ccccc1-c1nc2[nH]nnc2c(=O)[nH]1,0,4.66,2005,ChEMBL
CCCOc1nc(Cl)c(C)c(NCc2sc(C)nc2C)n1,1,8.29,2015,ChEMBL
CCCOc1nc2ccc(OC)nc2n2c(CC)nc(C)c12,1,6.83,2010,ChEMBL
CCCSc1nnc2n(-c3ccccc3)c(=O)c3c(C)c(C)sc3n12,1,6.7,2015,ChEMBL
CCCc1[nH]c(=O)c(Cc2cc3cc(C)ccc3nc2N(C)C)c2cc(OC)c(OC)cc12,1,6.16,2017,ChEMBL
CCCc1[nH]c(=O)c(Cc2cc3cc(C)ccc3nc2NC)c2cc(OC)c(OC)cc12,1,8.72,2017,ChEMBL
CCCc1[nH]c(=O)c(Cc2cc3cc(C)ccc3nc2NCC)c2cc(OC)c(OC)cc12,1,8.82,2017,ChEMBL
CCCc1[nH]c(=O)c(Cc2cc3cc(OC)c(F)cc3nc2NCC)c2cc(OC)c(OC)cc12,1,8.62,2017,ChEMBL
CCCc1[nH]c(=O)c(Cc2cc3cc(OC)ccc3nc2C(F)(F)F)c2cc(OC)c(OC)cc12,1,6.35,2017,ChEMBL
CCCc1[nH]c(=O)c(Cc2cc3cc(OC)ccc3nc2CC)c2cc(OC)c(OC)cc12,1,7.8,2017,ChEMBL
CCCc1[nH]c(=O)c(Cc2cc3cc(OC)ccc3nc2NC(C)C)c2cc(OC)c(OC)cc12,1,9.1,2017,ChEMBL
CCCc1[nH]c(=O)c(Cc2cc3cc(OC)ccc3nc2NC)c2cc(OC)c(OC)cc12,1,9.47,2014,ChEMBL
CCCc1[nH]c(=O)c(Cc2cc3cc(OC)ccc3nc2NCC(F)(F)F)c2cc(OC)c(OC)cc12,1,7.64,2017,ChEMBL
CCCc1[nH]c(=O)c(Cc2cc3cc(OC)ccc3nc2NCC)c2cc(OC)c(OC)cc12,1,9.55,2017,ChEMBL
CCCc1[nH]c(=O)c(Cc2cc3cc(OC)ccc3nc2NCCNC(C)=O)c2cc(OC)c(OC)cc12,1,8.36,2017,ChEMBL
CCCc1[nH]c(=O)c(Cc2cc3cc(OC)ccc3nc2NCCOC)c2cc(OC)c(OC)cc12,1,8.64,2017,ChEMBL
CCCc1[nH]c(=O)c(Cc2cc3cc(OCC)c(F)cc3nc2NCC)c2cc(OC)c(OC)cc12,1,9.52,2017,ChEMBL
CCCc1[nH]c(=O)c(Cc2cc3cc(OCC)ccc3nc2NCC)c2cc(OC)c(OC)cc12,1,8.34,2017,ChEMBL
CCCc1[nH]c(=O)c(Cc2cc3cc(OCC)ccc3nc2NCCNC(C)=O)c2cc(OC)c(OC)cc12,1,8.74,2017,ChEMBL
CCCc1[nH]c(=O)c(Cc2cc3cc(OCC4CC4)ccc3nc2NCCNC(C)=O)c2cc(OC)c(OC)cc12,1,8.0,2017,ChEMBL
CCCc1[nH]c(=O)c(Cc2cc3cc4c(cc3nc2N(C)C)OCO4)c2cc(OC)c(OC)cc12,1,6.25,2017,ChEMBL
CCCc1[nH]c(=O)c(Cc2cc3cc4c(cc3nc2NC)OCO4)c2cc(OC)c(OC)cc12,1,8.96,2017,ChEMBL
CCCc1[nH]c(=O)c(Cc2cc3cc4c(cc3nc2NCC)OCO4)c2cc(OC)c(OC)cc12,1,8.92,2017,ChEMBL
CCCc1[nH]c(=O)c(Cc2ccc3ccccc3c2)c2cc(OC)c(OC)cc12,1,7.47,2017,ChEMBL
CCCc1[nH]c(=O)c(Cc2ccc3nc(C)ccc3c2)c2cc(OC)c(OC)cc12,1,8.49,2017,ChEMBL
CCCc1[nH]c(=O)c(Cc2ccc3oc4ccccc4c3c2)c2cc(OC)c(OC)cc12,1,9.3,2017,ChEMBL
CCCc1[nH]c(=O)c(Cc2cnc3cc(OC)ccc3c2)c2cc(OC)c(OC)cc12,1,8.4,2017,ChEMBL
CCCc1[nH]c(=O)c(Cc2cnc3ccc(OC)cc3c2)c2cc(OC)c(OC)cc12,1,8.8,2017,ChEMBL
CCCc1[nH]c(=O)c(Cc2cnc3ccccc3c2)c2cc(OC)c(OC)cc12,1,8.21,2017,ChEMBL
CCCc1cc(C)nc2nc(CCc3nc(-c4ccccc4)cn3C)nn12,1,8.44,2017,ChEMBL
CCCc1ccc(-c2nc3ccccc3c(C(=O)O)c2C)cc1,1,6.4,2007,ChEMBL
CCCc1ccc(-c2nccnc2C2CN(c3ccc4ccccc4n3)C2)cc1,1,8.0,2017,ChEMBL
CCCc1cnc(C)c(-c2cc3nc(N4CCCC4)cc(N(C)C4CCOCC4)n3n2)n1,1,9.19,2015,ChEMBL
CCCc1nc(C(=O)OC)c2c(C)nc3ccc(OC)nc3n12,1,6.54,2010,ChEMBL
CCCc1nc(C(=O)OCC)c2c(C)nc3ccc(OC)nc3n12,1,6.49,2010,ChEMBL
CCCc1nc(C)c2c(=O)nc(-c3cc(S(=O)(=O)N4CCN(CC)CC4)ccc3OCC)[nH]n12,1,6.08,2013,ChEMBL
CCCc1nc(C)c2c(C#N)nc3ccc(OC)nc3n12,1,7.96,2010,ChEMBL
CCCc1nc(C)c2c(C(F)(F)F)nc3ccc(OC)nc3n12,1,7.34,2010,ChEMBL
CCCc1nc(C)c2c(C(F)F)nc3ccc(OC)nc3n12,1,8.13,2010,ChEMBL
CCCc1nc(C)c2c(C)nc3ccc(C)nc3n12,1,8.08,2010,ChEMBL
CCCc1nc(C)c2c(C)nc3ccc(OC(F)F)nc3n12,1,7.88,2010,ChEMBL
CCCc1nc(C)c2c(C)nc3ccc(OC)nc3n12,1,7.955,2019,ChEMBL
CCCc1nc(C)c2c(C)nc3cccnc3n12,1,7.49,2010,ChEMBL
CCCc1nc(C)c2c(C)nc3sc(C)nc3n12,1,7.06,2019,ChEMBL
CCCc1nc(C)c2c(C)nc3sc(OC)nc3n12,1,7.08,2019,ChEMBL
CCCc1nc(C)c2c(C)nc3scnc3n12,1,6.94,2019,ChEMBL
CCCc1nc(C)c2c(CC)nc3ccc(OC)nc3n12,1,7.91,2010,ChEMBL
CCCc1nc(C)c2c(N(C(=O)OC)C(=O)OC)nc3ccc(OC)nc3n12,1,7.09,2010,ChEMBL
CCCc1nc(C)c2c(N(C)C(=O)OC)nc3ccc(OC)nc3n12,1,6.31,2010,ChEMBL
CCCc1nc(C)c2c(N(C)C)nc3ccc(OC)nc3n12,1,6.84,2010,ChEMBL
CCCc1nc(C)c2c(N(S(C)(=O)=O)S(C)(=O)=O)nc3ccc(OC)nc3n12,1,7.82,2010,ChEMBL
CCCc1nc(C)c2c(NC(=O)NC(C)C)nc3ccc(OC)nc3n12,1,6.42,2010,ChEMBL
CCCc1nc(C)c2c(NC(=O)NC)nc3ccc(OC)nc3n12,1,6.27,2010,ChEMBL
CCCc1nc(C)c2c(NC(=O)OC)nc3ccc(OC)nc3n12,1,7.64,2010,ChEMBL
CCCc1nc(C)c2c(NC(=O)OCC)nc3ccc(OC)nc3n12,1,6.69,2010,ChEMBL
CCCc1nc(C)c2c(NC(C)=O)nc3ccc(OC)nc3n12,1,6.33,2010,ChEMBL
CCCc1nc(C)c2c(NC(N)=O)nc3ccc(OC)nc3n12,1,7.26,2010,ChEMBL
CCCc1nc(C)c2c(NC)nc3ccc(OC)nc3n12,1,6.61,2010,ChEMBL
CCCc1nc(C)c2c(NS(=O)(=O)C(C)C)nc3ccc(OC)nc3n12,1,6.88,2010,ChEMBL
CCCc1nc(C)c2c(NS(=O)(=O)C(F)(F)F)nc3ccc(OC)nc3n12,1,7.27,2010,ChEMBL
CCCc1nc(C)c2c(NS(=O)(=O)CC)nc3ccc(OC)nc3n12,1,7.41,2010,ChEMBL
CCCc1nc(C)c2c(NS(=O)(=O)CCC)nc3ccc(OC)nc3n12,1,6.21,2010,ChEMBL
CCCc1nc(C)c2c(NS(C)(=O)=O)nc3ccc(OC)nc3n12,1,8.145,2012,ChEMBL
CCCc1nc(C)c2c(OC(C)C)nc3ccc(OC)nc3n12,1,6.41,2010,ChEMBL
CCCc1nc(C)c2c(OC)nc3ccc(OC)nc3n12,1,7.61,2010,ChEMBL
CCCc1nc(C)c2c(OCCCc3ccccc3)nc3ccc(OC)nc3n12,1,6.02,2010,ChEMBL
CCCc1nc(C)c2c(OCCc3ccccc3)nc3ccc(OC)nc3n12,1,6.42,2010,ChEMBL
CCCc1nc(C)c2c(S(C)(=O)=O)nc3ccc(OC)nc3n12,1,7.63,2010,ChEMBL
CCCc1nc(C)c2c(SC)nc3ccc(OC)nc3n12,1,6.68,2010,ChEMBL
CCCc1nc(C)c2c([S+](C)[O-])nc3ccc(OC)nc3n12,1,7.05,2010,ChEMBL
CCCc1nc(C)c2cnc3ccc(OC)nc3n12,1,7.47,2010,ChEMBL
CCCc1nc(C)nn1-c1cc(N2CC(c3nc4ccccc4n3C)C2)nc(C)n1,1,9.39,2016,ChEMBL
CCCc1nc(N)c(Cc2ccc3oc4ccccc4c3c2)c2cc(OC)c(OC)cc12,1,6.01,2017,ChEMBL
CCCc1nc2ccc(OCc3ccc4ccccc4n3)cc2n1-c1ccccc1,1,6.52,2013,ChEMBL
CCCc1nc2cccnc2n1-c1ccc(Nc2ccc(C)cn2)cc1,1,8.17,2014,ChEMBL
CCCc1nc2cccnc2n1-c1ccc(Nc2nc3ccccc3s2)cc1,1,7.68,2014,ChEMBL
CCCc1ncc(Cc2cc3cc(C)ccc3nc2O)c2cc(OC)c(OC)cc12,1,6.82,2018,ChEMBL
CCCc1ncc(Cc2cc3cc(OC)ccc3nc2NC)c2cc(OC)c(OC)cc12,1,8.02,2018,ChEMBL
CCCc1ncc(Cc2cc3cc(OC)ccc3nc2NCC)c2cc(OC)c(OC)cc12,1,8.01,2018,ChEMBL
CCCc1ncc(Cc2cc3cc(OC)ccc3nc2NCCNC(C)=O)c2cc(OC)c(OC)cc12,1,7.96,2018,ChEMBL
CCCc1ncc(Cc2cc3cc(OC)ccc3nc2O)c2cc(OC)c(OC)cc12,1,7.2,2018,ChEMBL
CCCc1ncc(Cc2cc3cc(OC)ccc3nc2OCC#N)c2cc(OC)c(OC)cc12,1,6.8,2018,ChEMBL
CCCc1ncc(Cc2cc3cc(OC)ccc3nc2OCCNC(C)=O)c2cc(OC)c(OC)cc12,1,7.19,2018,ChEMBL
CCCc1ncc(Cc2cc3cc(OCC)ccc3nc2O)c2cc(OC)c(OC)cc12,1,7.0,2018,ChEMBL
CCCc1ncc(Cc2cc3ccccc3cn2)c2cc(OC)c(OC)cc12,1,6.8,2018,ChEMBL
CCCc1ncc(Cc2cc3ccccc3nc2O)c2cc(OC)c(OC)cc12,1,7.44,2018,ChEMBL
CCCc1ncc(Cc2ccc3c(C(F)(F)F)ccc(O)c3n2)c2cc(OC)c(OC)cc12,1,6.31,2018,ChEMBL
CCCc1ncc(Cc2ccc3c(C(F)(F)F)ccc(OC(C)(C)C(N)=O)c3n2)c2cc(OC)c(OC)cc12,1,7.23,2015,ChEMBL
CCCc1ncc(Cc2ccc3c(C(F)(F)F)ccc(OCC(N)=O)c3n2)c2cc(OC)c(OC)cc12,1,6.99,2018,ChEMBL
CCCc1ncc(Cc2ccc3c(c2)oc(=O)n3C)c2cc(OC)c(OC)cc12,1,8.36,2018,ChEMBL
CCCc1ncc(Cc2ccc3cccc(NC(=O)CN)c3n2)c2cc(OC)c(OC)cc12,1,7.82,2018,ChEMBL
CCCc1ncc(Cc2ccc3cccc(NC(=O)CO)c3n2)c2cc(OC)c(OC)cc12,1,7.82,2015,ChEMBL
CCCc1ncc(Cc2ccc3cccc(NC(=O)COC(C)=O)c3n2)c2cc(OC)c(OC)cc12,1,6.69,2018,ChEMBL
CCCc1ncc(Cc2ccc3cccc(NS(N)(=O)=O)c3n2)c2cc(OC)c(OC)cc12,1,9.09,2018,ChEMBL
CCCc1ncc(Cc2ccc3cccc(O)c3n2)c2cc(OC)c(OC)cc12,1,7.7,2018,ChEMBL
CCCc1ncc(Cc2ccc3cccc(OC(C)(C)C(N)=O)c3n2)c2cc(OC)c(OC)cc12,1,7.23,2018,ChEMBL
CCCc1ncc(Cc2ccc3cccc(OC(C)=O)c3n2)c2cc(OC)c(OC)cc12,1,6.96,2018,ChEMBL
CCCc1ncc(Cc2ccc3cccc(OCC(=O)NC)c3n2)c2cc(OC)c(OC)cc12,1,7.29,2018,ChEMBL
CCCc1ncc(Cc2ccc3cccc(OCC(=O)NC4CC4)c3n2)c2cc(OC)c(OC)cc12,1,7.15,2018,ChEMBL
CCCc1ncc(Cc2ccc3cccc(OCC(=O)O)c3n2)c2cc(OC)c(OC)cc12,1,8.31,2018,ChEMBL
CCCc1ncc(Cc2ccc3cccc(OCC(N)=O)c3n2)c2cc(OC)c(OC)cc12,1,8.565,2018,ChEMBL
CCCc1ncc(Cc2ccc3cccc(OCCC(=O)O)c3n2)c2cc(OC)c(OC)cc12,1,8.64,2018,ChEMBL
CCCc1ncc(Cc2ccc3cccc(OCCNC(C)=O)c3n2)c2cc(OC)c(OC)cc12,1,7.24,2018,ChEMBL
CCCc1ncc(Cc2ccc3cccc(OCCO)c3n2)c2cc(OC)c(OC)cc12,1,8.18,2018,ChEMBL
CCCc1ncc(Cc2ccc3cccc(OCc4nnn[nH]4)c3n2)c2cc(OC)c(OC)cc12,1,8.33,2018,ChEMBL
CCCc1ncc(Cc2ccc3nc(C)ccc3c2)c2cc(OC)c(OC)cc12,1,7.7,2018,ChEMBL
CCCc1ncc(Cc2ccc3oc(=O)[nH]c3c2)c2cc(OC)c(OC)cc12,1,7.19,2018,ChEMBL
CCCc1ncc(Cc2ccc3oc(=O)n(CC(N)=O)c3c2)c2cc(OC)c(OC)cc12,1,7.06,2018,ChEMBL
CCCc1ncc(Cc2ccc3oc4ccccc4c3c2)c2cc(OC)c(OC)cc12,1,6.56,2018,ChEMBL
CCCc1ncc(Cc2cnc3cc(C)ccc3c2)c2cc(OC)c(OC)cc12,1,8.28,2018,ChEMBL
CCCc1ncc(Cc2cnc3ccc(O)c(C(F)(F)F)c3c2)c2cc(OC)c(OC)cc12,1,7.89,2018,ChEMBL
CCCc1ncc(Cc2cnc3ccc(O)cc3c2)c2cc(OC)c(OC)cc12,1,8.03,2018,ChEMBL
CCCc1ncc(Cc2cnc3ccc(OCC(N)=O)cc3c2)c2cc(OC)c(OC)cc12,1,8.19,2018,ChEMBL
CCCc1ncc(Cc2cnc3ccc(OP(=O)(O)O)cc3c2)c2cc(OC)c(OC)cc12,1,7.21,2018,ChEMBL
CCCc1ncc(Cc2cnc3ccccc3c2)c2cc(OC)c(OC)cc12,1,7.96,2018,ChEMBL
CCCc1ncc(Cc2coc3ccc(C)cc3c2=O)c2cc(OC)c(OC)cc12,1,7.51,2018,ChEMBL
CCCc1ncc(Cc2coc3ccc(F)cc3c2=O)c2cc(OC)c(OC)cc12,1,7.27,2018,ChEMBL
CCCc1ncc2c(C)nc3ccc(OC)nc3n12,1,7.6,2010,ChEMBL
CCCc1ncc2c(OC)nc3ccc(OC)nc3n12,1,7.04,2010,ChEMBL
CCCn1c(C2CN(c3cc(-n4nc(C)nc4C)nc(C)n3)C2)nc2ccccc21,1,7.89,2016,ChEMBL
CCCn1cc(-c2ccccc2)nc1C1CC1c1nc2c(C)ncc(C)n2n1,1,8.18,2013,ChEMBL
CCCn1cc(-c2ccccc2)nc1CCc1nc2cc(C)cc(C)n2n1,1,7.58,2017,ChEMBL
CCCn1cc(-c2ccccc2)nc1CCc1nc2nc(C)cc(C)n2n1,1,9.16,2017,ChEMBL
CCCn1cc(-c2ccccc2)nc1SCc1cn2c(C)cc(C)nc2n1,1,8.04,2017,ChEMBL
CCCn1cc(-c2cccnc2)nc1CCC1=NN2C(C)=CC=C(C)C2N1,1,8.24,2017,ChEMBL
CCCn1cc(-c2cccnc2)nc1CCC1=NN2C(C)=CC=C(OC)C2N1,1,7.62,2017,ChEMBL
CCCn1cc(-c2cccnc2)nc1CCC1=NN2C(C)=CC=CC2N1,1,7.31,2017,ChEMBL
CCCn1cc(-c2cccnc2)nc1CCc1nc2cccc(C)n2n1,1,7.31,2015,ChEMBL
CCCn1cc(-c2cccs2)nc1CCC1=NN2C(C)=CC=C(OC)C2N1,1,8.92,2017,ChEMBL
CCCn1cc(-c2cccs2)nc1CCc1cn2c(C)cc(C)nc2n1,1,8.47,2017,ChEMBL
CCCn1cc(-c2cccs2)nc1CCc1nc2c(OC)ccc(C)n2n1,1,8.92,2015,ChEMBL
CCCn1nc(-c2ccccn2)cc1NC(=O)c1nc(C2CC2)ccc1Nc1cncnc1,1,8.7,2013,ChEMBL
CCN(C(=O)c1ccncc1)c1ccc(OCc2ccc3ccccc3n2)cc1,1,6.12,2013,ChEMBL
CCN(C)C(=O)c1c(NC(=O)c2nc(C3CC3)cnc2Nc2cncnc2)cnn1C,1,7.47,2014,ChEMBL
CCN(C)C(=O)c1cnn(C)c1C(=O)Nc1ccc2nc(-c3ccccc3)nn2c1,1,8.66,2016,ChEMBL
CCN(C)C(=O)c1cnn(C)c1C(=O)Nc1ccc2nc(N(C)C)nn2c1,1,7.47,2016,ChEMBL
CCN(C)C(=O)c1cnn(C)c1C(=O)Nc1ccc2nc(N(CC)CC)nn2c1,1,8.0,2016,ChEMBL
CCN(C)C(=O)c1cnn(C)c1C(=O)Nc1ccc2nc(N3CCC(OC)C3)nn2c1,1,7.77,2016,ChEMBL
CCN(C)C(=O)c1cnn(C)c1C(=O)Nc1ccc2nc(N3CCCC3)nn2c1,1,8.72,2016,ChEMBL
CCN(C)C(=O)c1cnn(C)c1C(=O)Nc1ccc2nc(N3CCOCC3)nn2c1,1,7.51,2016,ChEMBL
CCN(C)C(=O)c1cnn(C)c1C(=O)Nc1ccn2cc(-c3ccccc3)nc2n1,1,8.72,2012,ChEMBL
CCN(C)C(=O)c1ncccc1NC(=O)c1nc(C2CC2)cnc1Nc1cncnc1,1,8.21,2014,ChEMBL
CCN(C)C(=O)c1ncncc1NC(=O)c1nc(C2CC2)cnc1Nc1cncnc1,1,7.28,2014,ChEMBL
CCN(C)c1cnc(Nc2cncnc2)c(C(=O)Nc2cnn(C)c2C(=O)NC)n1,1,7.69,2014,ChEMBL
CCN(C)c1nc(CCc2nc(N3CCCC3)nn2C)nn2c(C)c(C)nc12,1,8.3,2017,ChEMBL
CCN(C)c1nc(CCc2nc3c(C)ncc(C)n3n2)n(C)n1,1,6.99,2016,ChEMBL
CCN(CC(F)F)c1ncc(-c2cnnc3cc(OC)c(OC)cc23)cc1C,1,8.24,2012,ChEMBL
CCN(CC)C(=O)c1c(NC(=O)c2nc(C3CC3)cnc2Nc2cncnc2)cnn1C,1,7.140000000000001,2014,ChEMBL
CCN(CC)C(=O)c1cc(-c2cccs2)nc2c1c(C)nn2-c1ccccc1C,0,4.46,2015,ChEMBL
CCN(CC)C(=O)c1ccc(C(=O)NC)c(NC(=O)c2nc(C(C)(C)C)ncc2Nc2cncnc2)c1,1,6.41,2014,ChEMBL
CCN(CC)C(=O)c1cnn(C)c1C(=O)Nc1ccc2nc(N(CC)CC)nn2c1,1,7.72,2016,ChEMBL
CCN(CC)C(=O)c1cnn(C)c1C(=O)Nc1ccc2nc(N3CCC(OC)C3)nn2c1,1,7.53,2016,ChEMBL
CCN(CC)C(=O)c1cnn(C)c1C(=O)Nc1ccc2nc(N3CCCC3)nn2c1,1,8.46,2016,ChEMBL
CCN(CC)C[C@H](O)Cn1cc(-c2cccs2)nc1CCC1=NN2C(C)=CC=CC2N1,1,7.11,2017,ChEMBL
CCN(CC)C[C@H](O)Cn1cc(-c2cccs2)nc1CCc1nc2cccc(C)n2n1,1,7.11,2015,ChEMBL
CCN(CC)c1ccc(-c2c(COc3ccc4ccccc4n3)nc3c(N4CCOCC4)ccnn23)cn1,1,6.16,2015,ChEMBL
CCN(CC)c1nc(CCc2nc(N3CCCC3)nn2C)nn2c(C)c(C)nc12,1,8.85,2017,ChEMBL
CCN(CC)c1nc(CCc2nc3c(C)ncc(C)n3n2)n(C)n1,1,7.3,2016,ChEMBL
CCN(CC)c1nc2ccc(NC(=O)c3c(C(=O)N(C)C4CC4)cnn3C)cn2n1,1,8.64,2016,ChEMBL
CCN(CC)c1nc2ccc(NC(=O)c3c(C(=O)N4CCC4)cnn3C)cn2n1,1,8.48,2016,ChEMBL
CCN(CC)c1nc2ccc(NC(=O)c3c(C(=O)N4CCCC4)cnn3C)cn2n1,1,8.48,2016,ChEMBL
CCN(CC)c1nc2ccc(NC(=O)c3c(C(=O)N4CCOCC4)cnn3C)cn2n1,1,8.129999999999999,2016,ChEMBL
CCN(CCO)C(=O)c1c(NC(=O)c2nc(C3CC3)cnc2Nc2cncnc2)cnn1C,1,6.93,2014,ChEMBL
CCN(CCO)C(=O)c1ncccc1NC(=O)c1nc(C2CC2)cnc1Nc1cncnc1,1,7.27,2014,ChEMBL
CCN(c1nc(CCc2nc3c(C)ncc(C)n3n2)n(C)n1)C1CC1,1,6.73,2016,ChEMBL
CCNC(=O)c1c(NC(=O)c2nc(C3CC3)cnc2Nc2cncnc2)cnn1C,1,8.41,2014,ChEMBL
CCNC(=O)c1c(NC(=O)c2nc(C3CC3)cnc2Nc2cncnc2)cnn1CC,1,7.94,2014,ChEMBL
CCNC(=O)c1ccc2nc(C)c3nnc(-c4ccccc4Cl)n3c2c1,1,7.609999999999999,2022,ChEMBL
CCNC(=O)c1ccc2nc(C)c3nnc(-c4ccccc4F)n3c2c1,1,7.39,2013,ChEMBL
CCNC(=O)c1ccc2nc(C)c3nnc(-c4ccccc4OC)n3c2c1,1,7.48,2013,ChEMBL
CCNC(=O)c1ccc2nc(C)c3nnc(-c4ccccn4)n3c2c1,1,7.7,2013,ChEMBL
CCNC(=O)c1ccc2nc(C)c3nnc(-c4cccnc4OC)n3c2c1,1,7.48,2013,ChEMBL
CCNC(=O)c1ncccc1NC(=O)c1nc(C2CC2)cnc1Nc1cncnc1,1,8.64,2014,ChEMBL
CCNc1nc(-n2cc(-c3ccncn3)cn2)nc(N)c1Br,1,7.43,2016,ChEMBL
CCNc1nc(-n2cc(-c3ccncn3)cn2)nc(NCc2nc3ccccc3[nH]2)c1Br,1,7.53,2016,ChEMBL
CCNc1nc(-n2cc(C(=O)N3CCOCC3)cn2)nc(N)c1Br,1,8.09,2016,ChEMBL
CCNc1nc(-n2ncc3ccccc32)nc(N)c1Br,1,7.66,2016,ChEMBL
CCNc1nc(-n2ncc3ccccc32)nc(N)c1Cl,1,7.91,2016,ChEMBL
CCNc1nc(CCc2nc(N3CCCC3)nn2C)nn2c(C)c(C)nc12,1,8.22,2017,ChEMBL
CCNc1nc2cc(F)c(OC)cc2cc1Cc1c(=O)[nH]c(CC)c2cc(OC)c(OC)cc12,1,8.85,2017,ChEMBL
CCNc1nc2ccc(OC)cc2cc1Cc1c(=O)[nH]c(C(C)C)c2cc(OC)c(OC)cc12,1,7.96,2017,ChEMBL
CCNc1nc2ccc(OC)cc2cc1Cc1c(=O)[nH]c(CC)c2cc(OC)c(OC)cc12,1,9.4,2017,ChEMBL
CCNc1nc2ccc(OC)cc2cc1Cc1c(=O)[nH]c(CNC(C)=O)c2cc(OC)c(OC)cc12,1,7.33,2017,ChEMBL
CCNc1nc2ccc(OC)cc2cc1Cc1c(=O)[nH]c(CNS(C)(=O)=O)c2cc(OC)c(OC)cc12,1,6.66,2017,ChEMBL
CCNc1nc2ccc(OC)cc2cc1Cc1c(=O)[nH]c(COC)c2cc(OC)c(OC)cc12,1,8.74,2017,ChEMBL
CCNc1nc2ccc(OC)cc2cc1Cc1c(OC(C)=O)nc(CNC(C)=O)c2cc(OC)c(OC)cc12,1,6.76,2017,ChEMBL
CCNc1nc2ccc(OC)cc2cc1Cc1cncc2cc(OC)c(OC)cc12,1,7.5,2018,ChEMBL
CCNc1nc2ccc(OCC)cc2cc1Cc1c(=O)[nH]c(C(C)C)c2cc(OC)c(OC)cc12,1,7.54,2017,ChEMBL
CCNc1nc2ccc(OCC)cc2cc1Cc1c(=O)[nH]c(CC)c2cc(OC)c(OC)cc12,1,8.3,2017,ChEMBL
CCOC(=O)C(=O)Nc1cccc2ccc(Cc3cnc(CC)c4cc(OC)c(OC)cc34)nc12,1,6.3,2018,ChEMBL
CCOC(=O)C1CCC(c2cnc(C)nc2OC[C@H]2C[C@@H]2c2ccc(OC)cn2)CC1,1,8.1,2017,ChEMBL
CCOC(=O)CCc1ccc(NC(=O)c2nc(C3CC3)cnc2Nc2cncnc2)c(C(=O)NC)c1,1,9.22,2014,ChEMBL
CCOC(=O)COc1cccc2ccc(Cc3cnc(CC)c4cc(OC)c(OC)cc34)nc12,1,7.23,2018,ChEMBL
CCOC(=O)COc1cccc2ccc(Cc3cnc(COC)c4cc(OC)c(OC)cc34)nc12,1,7.15,2018,ChEMBL
CCOC(=O)COc1cccc2ccc(Cc3cncc4cc(OC)c(OC)cc34)nc12,1,7.29,2018,ChEMBL
CCOC(=O)Cc1nc(C)nn1-c1cc(N2CC(c3nc4ccccc4n3C)C2)nc(C)n1,1,8.59,2016,ChEMBL
CCOC(=O)Cc1nc(N2CC(c3nc4ccccc4n3C)C2)cc(-n2nc(C)nc2C)n1,1,8.51,2016,ChEMBL
CCOC(=O)Cn1nc(-c2ccccn2)cc1NC(=O)c1nc(C2CC2)ccc1Nc1cncnc1,1,8.4,2013,ChEMBL
CCOC(=O)N(C)C1CCN(c2nccnc2C2CN(c3ccc4ccccc4n3)C2)C1,1,8.7,2017,ChEMBL
CCOC(=O)NC1CCN(c2nccnc2C2CN(c3ccc4ccccc4n3)C2)C1,1,9.0,2017,ChEMBL
CCOC(=O)c1[nH]nnc1-c1cnc(C)nc1OC[C@H]1C[C@@H]1c1ccc(OC)cn1,1,7.85,2017,ChEMBL
CCOC(=O)c1c(C2CN(c3cc(=O)n4ccccc4n3)C2)nc2ccccn12,1,7.55,2025,ChEMBL
CCOC(=O)c1c(C2CN(c3cc(C(=O)N4CCN(C)CC4)c4ccccc4n3)C2)nc2ccccn12,1,7.96,2025,ChEMBL
CCOC(=O)c1c(C2CN(c3cc(C(=O)N4CCNC5(CC5)C4)c4ccccc4n3)C2)nc2ccccn12,1,8.33,2025,ChEMBL
CCOC(=O)c1c(C2CN(c3cc(C(=O)NC)c4ccccc4n3)C2)nc2cc(C)ccn12,1,8.7,2025,ChEMBL
CCOC(=O)c1c(C2CN(c3cc(C(=O)NC)c4ccccc4n3)C2)nc2ccccn12,1,8.66,2025,ChEMBL
CCOC(=O)c1c(C2CN(c3cc(C(=O)NCC(F)F)c4ccccc4n3)C2)nc2ccccn12,1,8.7,2025,ChEMBL
CCOC(=O)c1c(C2CN(c3cc(C(=O)NCCN(CC)CC)c4ccccc4n3)C2)nc2ccccn12,1,8.46,2025,ChEMBL
CCOC(=O)c1c(C2CN(c3cc(C(=O)OC)c4ccccc4n3)C2)nc2ccccn12,1,8.08,2025,ChEMBL
CCOC(=O)c1c(C2CN(c3cc(C)c4ccccc4n3)C2)nc2ccccn12,1,8.15,2025,ChEMBL
CCOC(=O)c1c(C2CN(c3cc(NC(=O)CN(C)C)c4ccccc4n3)C2)nc2ccccn12,1,8.85,2025,ChEMBL
CCOC(=O)c1c(C2CN(c3ccc4ccccc4n3)C2)nc2ccccn12,1,8.82,2025,ChEMBL
CCOC(=O)c1cc2c3cccnc3cc(CCc3nc(-c4ccccc4)cn3C)n2n1,1,6.66,2014,ChEMBL
CCOC(=O)c1ccc(-c2nccnc2C2CN(c3ccc4ccccc4n3)C2)cc1,1,8.7,2017,ChEMBL
CCOC(=O)c1ccc2nc(C)c3nnc(-c4ccccc4Cl)n3c2c1,1,7.48,2013,ChEMBL
CCOC(=O)c1cn(C)c(=O)cc1-c1cnc(C)nc1OC[C@H]1C[C@@H]1c1ccc(OC)cn1,1,7.0,2016,ChEMBL
CCOC(=O)c1cnc(O)cc1-c1cnc(C)nc1OC[C@H]1C[C@@H]1c1ccc(OC)cn1,1,7.38,2017,ChEMBL
CCOC(C(=O)c1ccc(-c2cc(OC)c(Cl)c(OC)c2)o1)c1ccc(-c2nnc(C)s2)cc1,1,9.21,2016,ChEMBL
CCOC1CCN(c2ccc(-c3cnnc4cc(OC)c(OC)cc34)cn2)CC1,1,7.89,2012,ChEMBL
CCOCC(O)Cn1cc(-c2cccs2)nc1CCc1cn2c(C)cc(C)nc2n1,1,8.1,2017,ChEMBL
CCOCCc1sc(-c2cnn(C)c2C(=O)NC2CCn3nc(-c4ccccc4)nc3C2)nc1C,1,7.28,2017,ChEMBL
CCOCCn1c(C2CN(c3cc(-n4nc(C)nc4C)nc(C)n3)C2)nc2ccccc21,1,8.07,2016,ChEMBL
CCOCc1ccc(C(C)=O)c2sc(C(=O)Nc3cc(C(C)(C)O)c4ccccc4n3)c(C)c12,1,8.52,2016,ChEMBL
CCOCc1cccc2nc(NC(=O)c3sc4c(C(C)=O)ccc(COC)c4c3C)ccc12,1,8.8,2016,ChEMBL
CCO[C@@H](C(=O)c1ccc(-c2cc(OC)c(Cl)c(OC)c2)o1)c1ccc(-c2nnc(C)s2)cc1,1,8.24,2016,ChEMBL
CCO[C@H](C(=O)c1ccc(-c2cc(OC)c(Cl)c(OC)c2)o1)c1ccc(-c2nnc(C)s2)cc1,1,9.36,2016,ChEMBL
CCOc1cc(-c2cnc(C)nc2OC[C@H]2C[C@@H]2c2ccc(OC)cn2)ccn1,1,9.85,2017,ChEMBL
CCOc1cc(F)cc2c1nc(C)c1c(C)nc(-c3ccccc3C)n12,1,8.12,2011,ChEMBL
CCOc1cc2c(Cc3ccc4oc5ccccc5c4c3)cncc2cc1OC,1,6.54,2018,ChEMBL
CCOc1cc2c(Cc3cnc4ccccc4c3)cncc2cc1OC,1,7.04,2018,ChEMBL
CCOc1cc2cncc(Cc3cnc4ccccc4c3)c2cc1OCC,1,6.78,2018,ChEMBL
CCOc1ccc(-c2nccnc2C2CN(c3ccc4ccccc4n3)C2)cc1,1,7.76,2017,ChEMBL
CCOc1ccc(-c2nccnc2C2CN(c3ccc4ccccc4n3)C2)cc1Cl,1,10.965,2017,ChEMBL
CCOc1ccc(F)c(-c2nc(C)c3nnc4ccc(OC)nc4n23)c1,1,6.94,2012,ChEMBL
CCOc1ccc(O[C@@H]2CCN(c3ncnc4cc(OC)c(OC)cc34)C2)cc1,1,7.27,2008,ChEMBL
CCOc1ccc2cc(Cc3c(=O)[nH]c(C)c4cc(OC)c(OC)cc34)cnc2c1,1,7.68,2017,ChEMBL
CCOc1cccc(-c2cnc(C)nc2OC[C@H]2C[C@@H]2c2ccc3ccccc3n2)c1,1,9.344999999999999,2017,ChEMBL
CCOc1cccc(-c2nccnc2C2CN(C(=O)c3nc4ccccc4[nH]3)C2)c1,1,7.52,2017,ChEMBL
CCOc1cccc(-c2nccnc2C2CN(c3ccc4ccccc4n3)C2)c1,1,8.41,2017,ChEMBL
CCOc1cccc(-c2ncn3c2-c2cc(OC)c(OC)cc2CC3)c1,1,8.1,2012,ChEMBL
CCOc1cccc(O[C@@H]2CCN(c3ncnc4cc(OC)c(OC)cc34)C2)c1,1,7.03,2008,ChEMBL
CCOc1cccc2c1C(=O)N(CCc1nc3ccccc3c(=O)n1-c1ccc(OC)cc1)C2=O,1,9.0,2015,ChEMBL
CCOc1cccc2ccc(Cc3cncc4cc(OC)c(OC)cc34)nc12,1,7.31,2018,ChEMBL
CCOc1cccc2ncc(Cc3c(=O)[nH]c(C)c4cc(OC)c(OC)cc34)cc12,1,8.22,2017,ChEMBL
CCOc1ccccc1-c1ccc(-c2cc(NCCC(=O)O)c3ccccc3n2)cc1,1,7.46,2007,ChEMBL
CCOc1ccccc1-c1ccc(-c2cc(O)c3cnccc3n2)cc1,1,6.25,2012,ChEMBL
CCOc1ccccc1-c1ccc(-c2nc3cc(C)ccc3c(N[C@H](C)C(=O)O)c2C#N)cc1,1,8.22,2007,ChEMBL
CCOc1ccccc1-c1ccc(-c2nc3cc(Cl)ccc3c(N[C@H](C)C(=O)O)c2C#N)cc1,1,7.68,2007,ChEMBL
CCOc1ccccc1-c1ccc(-c2nc3cc(F)c(F)cc3c(N[C@H](C)C(=O)O)c2C#N)cc1,1,7.0,2007,ChEMBL
CCOc1ccccc1-c1ccc(-c2nc3ccc(Cl)cc3c(N[C@H](C)C(=O)O)c2C#N)cc1,1,7.75,2007,ChEMBL
CCOc1ccccc1-c1ccc(-c2nc3ccc(F)cc3c(C(=O)NCCOCCN)c2C)cc1,1,6.0,2013,ChEMBL
CCOc1ccccc1-c1ccc(-c2nc3ccc(F)cc3c(C(=O)O)c2C)cc1,1,8.77,2013,ChEMBL
CCOc1ccccc1-c1ccc(-c2nc3ccc(F)cc3c(C(N)=O)c2C)cc1,1,6.36,2013,ChEMBL
CCOc1ccccc1-c1ccc(-c2nc3ccc(F)cc3c(N(C)C(C)C(=O)O)c2C#N)cc1,1,8.0,2007,ChEMBL
CCOc1ccccc1-c1ccc(-c2nc3ccc(F)cc3c(N(C)CC(=O)O)c2C#N)cc1,1,8.4,2007,ChEMBL
CCOc1ccccc1-c1ccc(-c2nc3ccc(F)cc3c(N(CC(=O)O)c3ccccc3)c2C#N)cc1,1,6.92,2007,ChEMBL
CCOc1ccccc1-c1ccc(-c2nc3ccc(F)cc3c(N(CC)CC(=O)O)c2C#N)cc1,1,8.15,2007,ChEMBL
CCOc1ccccc1-c1ccc(-c2nc3ccc(F)cc3c(NC(C)C(=O)O)c2C#N)cc1,1,8.22,2007,ChEMBL
CCOc1ccccc1-c1ccc(-c2nc3ccc(F)cc3c(NC(CC(F)(F)F)C(=O)O)c2C#N)cc1,1,8.7,2007,ChEMBL
CCOc1ccccc1-c1ccc(-c2nc3ccc(F)cc3c(NC(CC)C(=O)O)c2C#N)cc1,1,8.3,2007,ChEMBL
CCOc1ccccc1-c1ccc(-c2nc3ccc(F)cc3c(NC(Cc3ccccc3)C(=O)O)c2C#N)cc1,1,8.52,2007,ChEMBL
CCOc1ccccc1-c1ccc(-c2nc3ccc(F)cc3c(NC(Cc3cccnc3)C(=O)O)c2C#N)cc1,1,9.52,2007,ChEMBL
CCOc1ccccc1-c1ccc(-c2nc3ccc(F)cc3c(NC3(C(=O)O)CC3)c2C#N)cc1,1,9.0,2007,ChEMBL
CCOc1ccccc1-c1ccc(-c2nc3ccc(F)cc3c(NC3(C(=O)O)CCCC3)c2C#N)cc1,1,7.8,2007,ChEMBL
CCOc1ccccc1-c1ccc(-c2nc3ccc(F)cc3c(NCC(=O)O)c2C#N)cc1,1,8.15,2007,ChEMBL
CCOc1ccccc1-c1ccc(-c2nc3ccc(F)cc3c(NCCC(=O)O)c2C#N)cc1,1,8.7,2007,ChEMBL
CCOc1ccccc1-c1ccc(-c2nc3ccc(F)cc3c(NCCCC(=O)O)c2C#N)c(C)c1,1,6.92,2007,ChEMBL
CCOc1ccccc1-c1ccc(-c2nc3ccc(F)cc3c(NCCCC(=O)O)c2C#N)c(F)c1,1,8.4,2007,ChEMBL
CCOc1ccccc1-c1ccc(-c2nc3ccc(F)cc3c(NCCCC(=O)O)c2C#N)cc1,1,8.52,2007,ChEMBL
CCOc1ccccc1-c1ccc(-c2nc3ccc(F)cc3c(NCCCC(=O)O)c2C#N)cc1C,1,7.47,2007,ChEMBL
CCOc1ccccc1-c1ccc(-c2nc3ccc(F)cc3c(NCCCC(=O)O)c2C#N)cc1F,1,7.75,2007,ChEMBL
CCOc1ccccc1-c1ccc(-c2nc3ccc(F)cc3c(N[C@@H](C)C(=O)O)c2C#N)cc1,1,8.4,2007,ChEMBL
CCOc1ccccc1-c1ccc(-c2nc3ccc(F)cc3c(N[C@@H](Cc3ccccc3)C(=O)O)c2C#N)cc1,1,8.7,2007,ChEMBL
CCOc1ccccc1-c1ccc(-c2nc3ccc(F)cc3c(N[C@H](C)C(=O)O)c2C#N)c(F)c1,1,7.1,2007,ChEMBL
CCOc1ccccc1-c1ccc(-c2nc3ccc(F)cc3c(N[C@H](C)C(=O)O)c2C#N)cc1,1,8.16,2013,ChEMBL
CCOc1ccccc1-c1ccc(-c2nc3ccc(F)cc3c(N[C@H](C)C(=O)O)c2C#N)cc1F,1,6.8,2007,ChEMBL
CCOc1ccccc1-c1ccc(-c2nc3ccc(F)cc3c(N[C@H](Cc3ccccc3)C(=O)O)c2C#N)cc1,1,7.66,2007,ChEMBL
CCOc1ccccc1-c1ccc(-c2nc3ccc(OC)cc3c(N[C@H](C)C(=O)O)c2C#N)cc1,1,8.52,2007,ChEMBL
CCOc1ccccc1-c1ccc(-c2nc3ccccc3c(N[C@H](C)C(=O)O)c2C#N)cc1,1,8.7,2007,ChEMBL
CCOc1ccccc1-c1ccc(-c2nc3ccncc3c(O)c2C#N)cc1,1,7.92,2013,ChEMBL
CCOc1ccccc1-c1ccc(-c2nc3ccncc3c(OC)c2C#N)cc1,1,6.5,2012,ChEMBL
CCOc1cccn2c(C)c(C3CC3c3nc4c(C)ncc(C)n4n3)nc12,1,7.26,2020,ChEMBL
CCOc1cccn2cc(C3CC3c3nc4c(C)ncc(C)n4n3)nc12,1,7.26,2020,ChEMBL
CCOc1nc(C)nc2c1CN(c1ncnn3c(C)nc([C@@H]4CCOC4)c13)CC2,1,9.56,2015,ChEMBL
CCOc1nc(C)nn1-c1cc([C@@H]2C[C@H]2c2nc3ccccc3n2C)nc(C)n1,1,9.31,2015,ChEMBL
CCOc1nc(C2CC2)nc2c1CN(c1ncnn3c(C)nc([C@@H]4CCOC4)c13)CC2,1,9.78,2015,ChEMBL
CCOc1nc([C@@H]2C[C@H]2c2nc3ccccc3n2C)cc(-n2nc(C)nc2C)n1,1,9.27,2015,ChEMBL
CC[C@@H](O)n1cc(-c2cccs2)nc1CCC1=NN2C(C)=CC=CC2N1,1,8.19,2017,ChEMBL
CC[C@]1(O)CC[C@@H](c2cccnc2Oc2ccc(C(=O)c3nc4ccccc4[nH]3)cc2)CC1,1,8.59,2014,ChEMBL
CC[C@]1(O)CC[C@@H](c2cnc(C)nc2OC[C@H]2C[C@@H]2c2ccc(C)cn2)CC1,1,7.71,2017,ChEMBL
CC[C@]1(O)CC[C@H](c2cccnc2Oc2ccc(C(=O)c3nc4ccccc4[nH]3)cc2)CC1,1,9.17,2014,ChEMBL
CC[C@]1(O)CC[C@H](c2cnc(C)nc2OC[C@H]2C[C@@H]2c2ccc(C)cn2)CC1,1,7.82,2017,ChEMBL
CCc1[nH]c(=O)c(Cc2cc3cc(OC)ccc3nc2N=[N+]=[N-])c2cc(OC)c(OC)cc12,1,6.7,2017,ChEMBL
CCc1[nH]c(=O)c(Cc2cc3cc(OC)ccc3nc2NC(C)C)c2cc(OC)c(OC)cc12,1,8.46,2017,ChEMBL
CCc1[nH]c(=O)c(Cc2cc3cc(OC)ccc3nc2NC)c2cc(OC)c(OC)cc12,1,8.8,2017,ChEMBL
CCc1[nH]c(=O)c(Cc2cc3cc(OC)ccc3nc2NCC(F)(F)F)c2cc(OC)c(OC)cc12,1,7.52,2017,ChEMBL
CCc1[nH]c(=O)c(Cc2cc3cc(OC)ccc3nc2NCCNC(C)=O)c2cc(OC)c(OC)cc12,1,8.82,2017,ChEMBL
CCc1[nH]c(=O)c(Cc2cc3cc(OC)ccc3nc2NCCOC)c2cc(OC)c(OC)cc12,1,8.7,2017,ChEMBL
CCc1[nH]c(=O)c(Cc2cc3cc(OC)ccc3nc2NCc2ccccc2)c2cc(OC)c(OC)cc12,1,8.1,2017,ChEMBL
CCc1[nH]c(=O)c(Cc2cc3cc(OCC4CC4)ccc3nc2NCCNC(C)=O)c2cc(OC)c(OC)cc12,1,8.41,2017,ChEMBL
CCc1[nH]c(=O)c(Cc2cc3cc4c(cc3nc2NC)OCO4)c2cc(OC)c(OC)cc12,1,8.66,2017,ChEMBL
CCc1[nH]c(=O)c(Cc2ccc3ccccc3c2)c2cc(OC)c(OC)cc12,1,7.96,2017,ChEMBL
CCc1[nH]c(=O)c(Cc2ccc3nc(C)ccc3c2)c2cc(OC)c(OC)cc12,1,8.12,2017,ChEMBL
CCc1[nH]c(=O)c(Cc2ccc3oc4ccccc4c3c2)c2cc(OC)c(OC)cc12,1,9.92,2017,ChEMBL
CCc1[nH]c(=O)c(Cc2cccc(-c3ccc(OC)cc3)c2)c2cc(OC)c(OC)cc12,0,4.97,2017,ChEMBL
CCc1[nH]c(=O)c(Cc2cccc(-c3cccc(N)c3)c2)c2cc(OC)c(OC)cc12,1,7.28,2017,ChEMBL
CCc1[nH]c(=O)c(Cc2cnc3cc(OC)ccc3c2)c2cc(OC)c(OC)cc12,1,7.89,2017,ChEMBL
CCc1[nH]c(=O)c(Cc2cnc3ccc(OC)cc3c2)c2cc(OC)c(OC)cc12,1,9.4,2017,ChEMBL
CCc1[nH]c(=O)c(Cc2cnc3ccccc3c2)c2cc(OC)c(OC)cc12,1,7.57,2017,ChEMBL
CCc1c(C(=O)Nc2cc(C(C)(C)O)c3ccccc3n2)sc2c(C(C)=O)ccc(C(C)=O)c12,1,8.3,2016,ChEMBL
CCc1c(C(=O)Nc2cc(CN3CC[C@@H](O)C3)c3ccccc3n2)sc2c(C(C)=O)ccc(COC)c12,1,9.04,2016,ChEMBL
CCc1c(C(=O)Nc2ccc3ccccc3n2)sc2c(-c3ccncc3)cccc12,1,8.28,2019,ChEMBL
CCc1c2c(nn1C)CCN(c1ncnn3c(C)nc([C@@H]4CCOC4)c13)C2,1,7.86,2015,ChEMBL
CCc1cc(-c2cnc(C)nc2OC[C@H]2C[C@@H]2c2ccc(C)cn2)cn(C)c1=O,1,9.46,2016,ChEMBL
CCc1cc(-c2cnc(C)nc2OC[C@H]2C[C@@H]2c2ccc(OC)cn2)cn(C)c1=O,1,9.73,2016,ChEMBL
CCc1cc(-c2cnnc3cc(OC)c(OC)cc23)cnc1NC(C)C,1,8.96,2012,ChEMBL
CCc1cc(-c2nc(CCNC(=O)c3c(C(=O)N4CCC4)cnn3C)c(C)s2)ccn1,1,6.43,2014,ChEMBL
CCc1cc(C(F)(F)F)c2nc(CCc3nc(N4CCCC4)nn3C)nn2c1C,1,8.46,2016,ChEMBL
CCc1cc(CNc2cc(OC[C@H]3C[C@@H]3c3ccc(C)cn3)nn(C)c2=O)n(C)n1,1,10.57,2016,ChEMBL
CCc1cc(CNc2cc(OC[C@H]3C[C@@H]3c3ccc(OC)cn3)nn(C)c2=O)n(C)n1,1,10.24,2016,ChEMBL
CCc1cc(CNc2cc(OC[C@H]3C[C@@H]3c3ccn(C)n3)nn(C)c2=O)n(C)n1,1,9.53,2016,ChEMBL
CCc1ccc(-c2cnc(C)nc2OC[C@H]2C[C@@H]2c2ccc(OC)cn2)cn1,1,9.07,2017,ChEMBL
CCc1ccc(-c2cnc(C)nc2OC[C@H]2C[C@@H]2c2ccc3ccccc3n2)cc1,1,8.765,2017,ChEMBL
CCc1ccc(-c2nccnc2C2CN(c3ccc4ccccc4n3)C2)cc1,1,8.21,2017,ChEMBL
CCc1ccc(C)n2nc(CCc3ccc4cc(F)ccc4n3)nc12,1,7.535,2017,ChEMBL
CCc1ccc(C)n2nc(CCc3cn(C)c(-c4ccccc4)n3)nc12,1,7.64,2015,ChEMBL
CCc1ccc(C)n2nc(CCc3nc(-c4ccccc4)cn3C)nc12,1,9.03,2017,ChEMBL
CCc1ccc(CNC(=O)c2cn(C(CC)CC)c(=O)c3cc(OC)c(OC)cc23)s1,1,6.46,2018,ChEMBL
CCc1ccc(CNC(=O)c2cn(CC)c(=O)c3cc(OC)c(OC)cc23)cc1,1,6.46,2018,ChEMBL
CCc1ccc(NC(=O)c2nc(C3CC3)cnc2Nc2cncnc2)c(C(=O)NC)n1,1,8.26,2014,ChEMBL
CCc1ccc(NC(=O)c2nc(C3CC3)cnc2Nc2cncnc2)c(C(=O)NCC(C)(C)O)n1,1,9.4,2014,ChEMBL
CCc1ccc(Nc2cncnc2)c(C(=O)Nc2cc(-c3ccccn3)nn2C)n1,1,8.7,2013,ChEMBL
CCc1ccc(Nc2cncnc2)c(C(=O)Nc2cc(-c3ccccn3)nn2CCO)n1,1,9.0,2013,ChEMBL
CCc1ccc([C@@H]2C[C@@H]2COc2nc(C)ncc2C2CCC(=O)CC2)nc1,1,8.46,2017,ChEMBL
CCc1ccc([C@@H]2C[C@@H]2COc2nc(C)ncc2C2CCC3(CC2)OCCO3)nc1,1,8.53,2017,ChEMBL
CCc1ccc([C@@H]2C[C@@H]2COc2nc(C)ncc2[C@H]2CC[C@@H](O)CC2)nc1,1,8.76,2017,ChEMBL
CCc1ccc([C@@H]2C[C@@H]2COc2nc(C)ncc2[C@H]2CC[C@H](O)CC2)nc1,1,9.3,2017,ChEMBL
CCc1ccc([C@H]2C[C@@H]2COc2nc(C)ncc2-c2ccc(C(C)(C)O)nc2)nc1,1,9.260000000000002,2017,ChEMBL
CCc1ccc([C@H]2C[C@@H]2COc2nc(C)ncc2-c2cn(C)nc2C(C)O)nc1,1,9.754999999999999,2017,ChEMBL
CCc1cccc(NC(=O)N2CCc3nc(-c4cccnc4)nc(OC4CCN(C)CC4)c3C2)c1,1,7.85,2013,ChEMBL
CCc1cccc2nc(CSc3nc(-c4ccccc4)cn3C)nn12,1,8.12,2017,ChEMBL
CCc1ccccc1-c1ccc(-c2cc(NCCC(=O)O)c3ccccc3n2)cc1,1,7.46,2007,ChEMBL
CCc1ccccc1-c1ccc(-c2nc3ccncc3c(O)c2C#N)cc1,1,8.05,2012,ChEMBL
CCc1ccccc1-c1cnc(C)nc1OC[C@H]1C[C@@H]1c1ccc(C)cn1,1,8.49,2017,ChEMBL
CCc1cnc(C)n2nc(CCc3nc(-c4ccccc4)cn3C)nc12,1,8.96,2017,ChEMBL
CCc1cnc(C)n2nc(CCc3nc(N4CCCC4)nn3C)nc12,1,8.42,2016,ChEMBL
CCc1cnn(-c2cc(N3CC(c4nc5ccccc5n4C)C3)nc(C)n2)c1,1,8.47,2016,ChEMBL
CCc1nc(C)c2c(C#N)nc3ccc(OC)nc3n12,1,7.44,2010,ChEMBL
CCc1nc(C)c2c(C)nc3ccc(OC)nc3n12,1,7.8,2010,ChEMBL
CCc1nc(C)c2c(NC(C)=O)nc3ccc(OC)nc3n12,1,6.76,2010,ChEMBL
CCc1nc(C)c2c(NC)nc3ccc(OC)nc3n12,1,6.32,2010,ChEMBL
CCc1nc(C)c2c(NS(C)(=O)=O)nc3ccc(OC)nc3n12,1,7.19,2010,ChEMBL
CCc1nc(C)c2c(OC(C)C)nc3ccc(OC)nc3n12,1,6.14,2010,ChEMBL
CCc1nc(C)c2c(OC)nc3ccc(OC)nc3n12,1,7.2,2010,ChEMBL
CCc1nc(C)c2c(SC)nc3ccc(OC)nc3n12,1,6.21,2010,ChEMBL
CCc1nc(C)c2c([S+](C)[O-])nc3ccc(OC)nc3n12,1,6.55,2010,ChEMBL
CCc1nc(C)nc2c1CN(c1ncnn3c(C)nc(-c4ccccc4F)c13)CC2,1,9.24,2015,ChEMBL
CCc1nc(C)nc2c1CN(c1ncnn3c(C)nc([C@@H]4CCOC4)c13)CC2,1,9.2,2015,ChEMBL
CCc1nc(C)nn1-c1cc(N2CC(c3nc4ccccc4n3C)C2)nc(C(F)(F)F)n1,1,9.55,2016,ChEMBL
CCc1nc(C)nn1-c1cc(N2CC(c3nc4ccccc4n3C)C2)nc(C)n1,1,9.09,2016,ChEMBL
CCc1nc(C)nn1-c1cc(N2CC(c3nc4ccccc4n3C)C2)nc(OC)n1,1,9.4,2016,ChEMBL
CCc1nc(C)nn1-c1cc([C@@H]2C[C@H]2c2nc3ccccc3n2C)nc(C)n1,1,9.4,2015,ChEMBL
CCc1nc(C)nn1-c1cc([C@H]2C[C@@H]2c2nc3ccccc3n2C)nc(C)n1,1,9.02,2015,ChEMBL
CCc1nc(C2CC2)nc2c1CN(c1ncnn3c(C)nc([C@@H]4CCOC4)c13)CC2,1,10.11,2015,ChEMBL
CCc1nc(CC)n(-c2cc(N3CC(c4nc5ccccc5n4C)C3)nc(C)n2)n1,1,8.48,2016,ChEMBL
CCc1nc(CC)n(-c2cc([C@@H]3C[C@H]3c3nc4ccccc4n3C)nc(C)n2)n1,1,8.55,2015,ChEMBL
CCc1nc(CNC(=O)c2cn(C(CC)CC)c(=O)c3cc(OC)c(OC)cc23)cs1,1,6.46,2018,ChEMBL
CCc1nc([C@H]2C[C@@H]2c2nc3ccccc3n2C)cc(-n2nc(C)nc2C)n1,1,8.92,2015,ChEMBL
CCc1nc2c(N3CCOCC3)ncnc2n1Cc1ccc(-c2ccccc2)cc1,1,6.78,2017,ChEMBL
CCc1nc2ccc(OCc3ccc4ccccc4n3)cc2n1-c1ccccc1,1,6.68,2013,ChEMBL
CCc1nc2ccc(OCc3cccc(N4CCCC4)n3)nn2c1C,1,6.27,2017,ChEMBL
CCc1nc2ccc(OCc3nc(-c4ccccc4)cn3C)nn2c1C,1,6.58,2019,ChEMBL
CCc1nc2cccnc2n1-c1ccc(Nc2ccc(C)cn2)cc1,1,7.33,2014,ChEMBL
CCc1nc2cccnc2n1-c1ccc(Nc2nc3ccccc3s2)cc1,1,7.67,2014,ChEMBL
CCc1ncc(C)c2nc(CCc3nc(N4CCCC4)nn3C)nn12,1,8.31,2016,ChEMBL
CCc1ncc(Cc2cc3cc(OC)ccc3nc2O)c2cc(OC)c(OC)cc12,1,7.36,2018,ChEMBL
CCc1ncc(Cc2cc3ccccc3cn2)c2cc(OC)c(OC)cc12,1,7.5,2018,ChEMBL
CCc1ncc(Cc2ccc3cccc(C#N)c3n2)c2cc(OC)c(OC)cc12,1,7.34,2018,ChEMBL
CCc1ncc(Cc2ccc3cccc(C(N)=O)c3n2)c2cc(OC)c(OC)cc12,1,7.11,2018,ChEMBL
CCc1ncc(Cc2ccc3cccc(CNS(N)(=O)=O)c3n2)c2cc(OC)c(OC)cc12,1,7.89,2018,ChEMBL
CCc1ncc(Cc2ccc3cccc(NC(=O)C(N)=O)c3n2)c2cc(OC)c(OC)cc12,1,7.77,2018,ChEMBL
CCc1ncc(Cc2ccc3cccc(NC(C)=O)c3n2)c2cc(OC)c(OC)cc12,1,7.77,2018,ChEMBL
CCc1ncc(Cc2ccc3cccc(NC(N)=O)c3n2)c2cc(OC)c(OC)cc12,1,7.24,2018,ChEMBL
CCc1ncc(Cc2ccc3cccc(NS(=O)(=O)CC)c3n2)c2cc(OC)c(OC)cc12,1,8.46,2018,ChEMBL
CCc1ncc(Cc2ccc3cccc(NS(C)(=O)=O)c3n2)c2cc(OC)c(OC)cc12,1,8.08,2018,ChEMBL
CCc1ncc(Cc2ccc3cccc(NS(N)(=O)=O)c3n2)c2cc(OC)c(OC)cc12,1,9.28,2018,ChEMBL
CCc1ncc(Cc2ccc3cccc(O)c3n2)c2cc(OC)c(OC)cc12,1,7.96,2018,ChEMBL
CCc1ncc(Cc2ccc3cccc(OCC(N)=O)c3n2)c2cc(OC)c(OC)cc12,1,7.7,2018,ChEMBL
CCc1ncc(Cc2ccc3cccc(OCCC(=O)O)c3n2)c2cc(OC)c(OC)cc12,1,8.3,2018,ChEMBL
CCc1ncc(Cc2ccc3cccc(OCCN)c3n2)c2cc(OC)c(OC)cc12,1,6.72,2018,ChEMBL
CCc1ncc(Cc2ccc3cccc(OCCO)c3n2)c2cc(OC)c(OC)cc12,1,6.72,2015,ChEMBL
CCc1ncc(Cc2ccc3cccc(OCc4nnn[nH]4)c3n2)c2cc(OC)c(OC)cc12,1,7.51,2018,ChEMBL
CCc1ncc(Cc2ccc3nc(C)ccc3c2)c2cc(OC)c(OC)cc12,1,7.55,2018,ChEMBL
CCc1ncc(Cc2ccc3oc4ccccc4c3c2)c2cc(OC)c(OC)cc12,1,6.47,2018,ChEMBL
CCc1ncc(Cc2cnc3ccc(N(C)S(C)(=O)=O)cc3c2)c2cc(OC)c(OC)cc12,1,7.37,2018,ChEMBL
CCc1ncc(Cc2cnc3ccc(N)cc3c2)c2cc(OC)c(OC)cc12,1,7.89,2018,ChEMBL
CCc1ncc(Cc2cnc3ccc(N4CCCC4=O)cc3c2)c2cc(OC)c(OC)cc12,1,7.82,2018,ChEMBL
CCc1ncc(Cc2cnc3ccc(NC(=O)C(N)=O)cc3c2)c2cc(OC)c(OC)cc12,1,8.46,2018,ChEMBL
CCc1ncc(Cc2cnc3ccc(NS(C)(=O)=O)cc3c2)c2cc(OC)c(OC)cc12,1,7.8,2018,ChEMBL
CCc1ncc(Cc2cnc3ccc(NS(N)(=O)=O)cc3c2)c2cc(OC)c(OC)cc12,1,8.34,2018,ChEMBL
CCc1ncc(Cc2cnc3ccc(O)cc3c2)c2cc(OC)c(OC)cc12,1,7.55,2018,ChEMBL
CCc1ncc(Cc2cnc3ccccc3c2)c2cc(OC)c(OC)cc12,1,7.72,2018,ChEMBL
CCc1nn(C)c2c1CN(c1ncnn3c(C)nc([C@@H]4CCOC4)c13)CC2,1,9.31,2015,ChEMBL
CCc1nnc(-c2cnn(C)c2C(=O)NC2CCn3nc(-c4ccccc4)nc3C2)s1,1,7.28,2017,ChEMBL
CCn1c(=O)oc2cc(Cc3cncc4cc(OC)c(OC)cc34)ccc21,1,7.5,2018,ChEMBL
CCn1c(=O)oc2ccc(Cc3cncc4cc(OC)c(OC)cc34)cc21,1,8.11,2018,ChEMBL
CCn1c(C)c(-c2cnc(C)nc2OC[C@H]2C[C@@H]2c2ccc(C)cn2)ccc1=O,1,8.71,2016,ChEMBL
CCn1c(C)c(-c2cnc(C)nc2OC[C@H]2C[C@@H]2c2ccc(OC)cn2)ccc1=O,1,8.75,2016,ChEMBL
CCn1c(C)c(-c2cnc(C)nc2OC[C@H]2C[C@@H]2c2ccc3ccccc3n2)ccc1=O,1,10.35,2016,ChEMBL
CCn1c(C2CN(c3cc(-n4nc(C)nc4C)nc(C)n3)C2)nc2ccccc21,1,8.23,2016,ChEMBL
CCn1c2ccccc2c2cc(Cc3cncc4cc(OC)c(OC)cc34)ccc21,1,7.58,2018,ChEMBL
CCn1cc(-c2ccccc2)nc1C1CC1c1nc2c(C)ncc(C)n2n1,1,8.75,2013,ChEMBL
CCn1cc(-c2ccccc2)nc1CCc1nc2cc(C)cc(C)n2n1,1,7.44,2017,ChEMBL
CCn1cc(-c2ccccc2)nc1CSc1nc2cc(C)cc(C)n2n1,1,7.17,2017,ChEMBL
CCn1cc(-c2ccccc2)nc1CSc1nc2ccccn2n1,1,6.58,2017,ChEMBL
CCn1cc(-c2ccccc2)nc1SCc1cn2c(C)cc(C)nc2n1,1,7.0,2017,ChEMBL
CCn1cc(-c2cnc(C)nc2OC[C@H]2C[C@@H]2c2ccc(C)cn2)cc(C)c1=O,1,9.27,2016,ChEMBL
CCn1cc(-c2cnc(C)nc2OC[C@H]2C[C@@H]2c2ccc(C)cn2)ccc1=O,1,8.96,2016,ChEMBL
CCn1cc(-c2cnc(C)nc2OC[C@H]2C[C@@H]2c2ccc(OC)cn2)cc(C)c1=O,1,9.42,2016,ChEMBL
CCn1cc(-c2cnc(C)nc2OC[C@H]2C[C@@H]2c2ccc(OC)cn2)ccc1=O,1,8.97,2016,ChEMBL
CCn1cc(-c2cnc(C)nc2OC[C@H]2C[C@@H]2c2ccc(OC)cn2)nn1,1,8.61,2017,ChEMBL
CCn1cc(-c2cnc(C)nc2OC[C@H]2C[C@@H]2c2ccc3ccccc3n2)ccc1=O,1,10.62,2016,ChEMBL
CCn1cc(C(=O)N2Cc3ccccc3C2)c2cc(OC)c(OC)cc2c1=O,1,6.46,2018,ChEMBL
CCn1cc(C(=O)NC(C)CC(C)C)c2cc(OC)c(OC)cc2c1=O,1,6.46,2018,ChEMBL
CCn1cc(C(=O)NC(C)c2ccc(F)cc2)c2cc(OC)c(OC)cc2c1=O,1,6.82,2018,ChEMBL
CCn1cc(C(=O)NC(C)c2ccccc2)c2cc(OC)c(OC)cc2c1=O,1,6.46,2018,ChEMBL
CCn1cc(C(=O)NC2CCc3c(C)cccc32)c2cc(OC)c(OC)cc2c1=O,1,6.46,2018,ChEMBL
CCn1cc(C(=O)NC2CCc3c(F)cccc32)c2cc(OC)c(OC)cc2c1=O,1,6.46,2018,ChEMBL
CCn1cc(C(=O)NC2CCc3cc(C)ccc32)c2cc(OC)c(OC)cc2c1=O,1,6.46,2018,ChEMBL
CCn1cc(C(=O)NC2CCc3cc(Cl)ccc32)c2cc(OC)c(OC)cc2c1=O,1,6.46,2018,ChEMBL
CCn1cc(C(=O)NC2CCc3cc(F)ccc32)c2cc(OC)c(OC)cc2c1=O,1,6.46,2018,ChEMBL
CCn1cc(C(=O)NC2CCc3ccc(C)cc32)c2cc(OC)c(OC)cc2c1=O,1,6.46,2018,ChEMBL
CCn1cc(C(=O)NC2CCc3ccc(F)cc32)c2cc(OC)c(OC)cc2c1=O,1,6.46,2018,ChEMBL
CCn1cc(C(=O)NC2CCc3ccc(OC)cc32)c2cc(OC)c(OC)cc2c1=O,1,6.46,2018,ChEMBL
CCn1cc(C(=O)NC2CCc3ccccc32)c2cc(OC)c(OC)cc2c1=O,1,6.82,2018,ChEMBL
CCn1cc(C(=O)NC2CCc3sccc32)c2cc(OC)c(OC)cc2c1=O,1,6.640000000000001,2018,ChEMBL
CCn1cc(C(=O)NC2CCc3sccc32)c2cnc(OC)cc2c1=O,1,6.82,2018,ChEMBL
CCn1cc(C(=O)NCC2CCCCC2)c2cc(OC)c(OC)cc2c1=O,1,6.46,2018,ChEMBL
CCn1cc(C(=O)NCCC(C)(C)C)c2cc(OC)c(OC)cc2c1=O,1,6.46,2018,ChEMBL
CCn1cc(C(=O)NCc2c(F)cccc2F)c2cc(OC)c(OC)cc2c1=O,1,6.46,2018,ChEMBL
CCn1cc(C(=O)NCc2cc(C)cs2)c2cc(OC)c(OC)cc2c1=O,1,6.82,2018,ChEMBL
CCn1cc(C(=O)NCc2cc(F)cc(F)c2)c2cc(OC)c(OC)cc2c1=O,1,6.82,2018,ChEMBL
CCn1cc(C(=O)NCc2ccc(C)c(F)c2F)c2cc(OC)c(OC)cc2c1=O,1,6.46,2018,ChEMBL
CCn1cc(C(=O)NCc2ccc(C)cc2)c2cc(OC)c(OC)cc2c1=O,1,6.82,2018,ChEMBL
CCn1cc(C(=O)NCc2ccc(C)cc2F)c2cc(OC)c(OC)cc2c1=O,1,6.46,2018,ChEMBL
CCn1cc(C(=O)NCc2ccc(C)cc2OC(C)(C)C)c2cc(OC)c(OC)cc2c1=O,1,6.46,2018,ChEMBL
CCn1cc(C(=O)NCc2ccc(C)cc2OC(C)(C)CC)c2cc(OC)c(OC)cc2c1=O,1,6.46,2018,ChEMBL
CCn1cc(C(=O)NCc2ccc(C)cc2OC(C)C)c2cc(OC)c(OC)cc2c1=O,1,6.46,2018,ChEMBL
CCn1cc(C(=O)NCc2ccc(C)cc2OC)c2cc(OC)c(OC)cc2c1=O,1,6.46,2018,ChEMBL
CCn1cc(C(=O)NCc2ccc(C)cc2OC2CCOC2)c2cc(OC)c(OC)cc2c1=O,1,6.46,2018,ChEMBL
CCn1cc(C(=O)NCc2ccc(C)cc2OCC(F)(F)F)c2cc(OC)c(OC)cc2c1=O,1,6.46,2018,ChEMBL
CCn1cc(C(=O)NCc2ccc(C)cc2OCC2CC2)c2cc(OC)c(OC)cc2c1=O,1,6.46,2018,ChEMBL
CCn1cc(C(=O)NCc2ccc(C)cc2OCC2CCCO2)c2cc(OC)c(OC)cc2c1=O,1,6.46,2018,ChEMBL
CCn1cc(C(=O)NCc2ccc(C)cc2OCCOC)c2cc(OC)c(OC)cc2c1=O,1,6.46,2018,ChEMBL
CCn1cc(C(=O)NCc2ccc(C3CC3)cc2)c2cc(OC)c(OC)cc2c1=O,1,6.46,2018,ChEMBL
CCn1cc(C(=O)NCc2ccc(F)c(F)c2)c2cc(OC)c(OC)cc2c1=O,1,6.82,2018,ChEMBL
CCn1cc(C(=O)NCc2ccc(F)cc2)c2cc(OC)c(OC)cc2c1=O,1,6.46,2018,ChEMBL
CCn1cc(C(=O)NCc2ccc(F)cc2F)c2cc(OC)c(OC)cc2c1=O,1,6.46,2018,ChEMBL
CCn1cc(C(=O)NCc2ccc(OC)cc2)c2cc(OC)c(OC)cc2c1=O,1,6.46,2018,ChEMBL
CCn1cc(C(=O)NCc2cccc(Cl)c2)c2cc(OC)c(OC)cc2c1=O,1,6.82,2018,ChEMBL
CCn1cc(C(=O)NCc2cccc(F)c2)c2cc(OC)c(OC)cc2c1=O,1,6.46,2018,ChEMBL
CCn1cc(C(=O)NCc2cccc(F)c2F)c2cc(OC)c(OC)cc2c1=O,1,6.46,2018,ChEMBL
CCn1cc(C(=O)NCc2ccccc2)c2cc(OC)c(OC)cc2c1=O,1,6.82,2018,ChEMBL
CCn1cc(C(=O)NCc2ccccc2C)c2cc(OC)c(OC)cc2c1=O,1,6.82,2018,ChEMBL
CCn1cc(C(=O)NCc2ccccc2CN2CCOCC2)c2cc(OC)c(OC)cc2c1=O,1,6.46,2018,ChEMBL
CCn1cc(C(=O)NCc2ccccc2Cl)c2cc(OC)c(OC)cc2c1=O,1,6.46,2018,ChEMBL
CCn1cc(C(=O)NCc2ccccc2F)c2cc(OC)c(OC)cc2c1=O,1,6.46,2018,ChEMBL
CCn1cc(C(=O)NCc2ccccc2OC)c2cc(OC)c(OC)cc2c1=O,1,6.46,2018,ChEMBL
CCn1cc(C(=O)NCc2ccccn2)c2cc(OC)c(OC)cc2c1=O,1,6.46,2018,ChEMBL
CCn1cc(C(=O)NCc2cccnc2)c2cc(OC)c(OC)cc2c1=O,1,6.46,2018,ChEMBL
CCn1cc(C(=O)NCc2ccncn2)c2cc(OC)c(OC)cc2c1=O,1,6.46,2018,ChEMBL
CCn1cc(C(=O)NCc2csc(C)n2)c2cc(OC)c(OC)cc2c1=O,1,6.46,2018,ChEMBL
CCn1cc(C(=O)NCc2cscn2)c2cc(OC)c(OC)cc2c1=O,1,6.46,2018,ChEMBL
CCn1cc(C(=O)N[C@@H](C)c2ccc(C)cc2)c2cc(OC)c(OC)cc2c1=O,1,6.46,2018,ChEMBL
CCn1cc(C(=O)N[C@@H](C)c2ccc(F)cc2)c2cc(OC)c(OC)cc2c1=O,1,6.82,2018,ChEMBL
CCn1cc(C(=O)Nc2ccc(C)cc2)c2cc(OC)c(OC)cc2c1=O,1,6.82,2018,ChEMBL
CCn1cc(C(=O)Nc2ccc(F)cc2)c2cc(OC)c(OC)cc2c1=O,1,6.46,2018,ChEMBL
CCn1cc(C(=O)Nc2ccc(N3CCOCC3)cc2)c2cc(OC)c(OC)cc2c1=O,1,6.82,2018,ChEMBL
CCn1cc(C(=O)Nc2cccc(C)c2)c2cc(OC)c(OC)cc2c1=O,1,6.46,2018,ChEMBL
CCn1cc(C(=O)Nc2cccc(OC)c2)c2cc(OC)c(OC)cc2c1=O,1,6.82,2018,ChEMBL
CCn1cc(C(=O)Nc2ccccc2)c2cc(OC)c(OC)cc2c1=O,1,6.46,2018,ChEMBL
CCn1cc(C(=O)Nc2ccccc2OC)c2cc(OC)c(OC)cc2c1=O,1,6.46,2018,ChEMBL
CCn1cc(C(=O)Nc2ccncc2)c2cc(OC)c(OC)cc2c1=O,1,6.46,2018,ChEMBL
CCn1cc(NC(=O)c2nc(C3CC3)cnc2Nc2cncnc2)c(C(=O)NC)n1,1,6.93,2014,ChEMBL
CCn1cc(NC(=O)c2nc(C3CC3)cnc2Nc2cncnc2)c(C(=O)NCC2CCCO2)n1,1,7.4,2014,ChEMBL
CCn1ccc(-c2cnc(C)nc2OC[C@H]2C[C@@H]2c2ccc(C)cn2)cc1=O,1,8.85,2016,ChEMBL
CCn1ccc(-c2cnc(C)nc2OC[C@H]2C[C@@H]2c2ccc(OC)cn2)cc1=O,1,9.12,2016,ChEMBL
CCn1ccc(-c2cnc(C)nc2OC[C@H]2C[C@@H]2c2ccc3ccccc3n2)cc1=O,1,10.68,2016,ChEMBL
CCn1ccc(CNc2cc(OC[C@H]3C[C@@H]3c3ccc(OC)cn3)nn(C)c2=O)n1,1,8.23,2016,ChEMBL
CCn1nc(-c2ccccn2)cc1NC(=O)c1nc(C2CC2)ccc1Nc1cncnc1,1,8.3,2013,ChEMBL
CCn1nc(C#Cc2nc3c(C)ncc(C)n3n2)nc1N1CCCC1,1,8.35,2016,ChEMBL
CCn1nc(CCc2nc3c(C)ncc(C)n3n2)nc1N1CCCC1,1,7.54,2016,ChEMBL
CCn1nc(N2CCCC2)nc1/C=C/c1nc2c(C)ncc(C)n2n1,1,7.92,2016,ChEMBL
CCn1nc(N2CCCC2)nc1/C=C/c1nc2nc(C)cc(C)n2n1,1,6.69,2016,ChEMBL
CCn1nc(N2CCCC2)nc1CCc1nc2c(C)ncc(C)n2n1,1,8.25,2016,ChEMBL
CCn1nc(N2CCCC2)nc1CCc1nc2ccccc2nc1C,1,7.26,2016,ChEMBL
CCn1nc(N2CCCC2)nc1CCc1nc2nc(C)cc(C)n2n1,1,7.96,2016,ChEMBL
CCn1nc(OC[C@H]2C[C@@H]2c2ccc(OC)cn2)cc(NCc2nnc(C)s2)c1=O,1,10.49,2016,ChEMBL
CCn1ncc(NC(=O)c2nc(C3CC3)cnc2Nc2cncnc2)c1C(=O)N(C)C,1,7.65,2014,ChEMBL
CCn1ncc(NC(=O)c2nc(C3CC3)cnc2Nc2cncnc2)c1C(=O)N1CCOCC1,1,7.05,2014,ChEMBL
CCn1ncc(NC(=O)c2nc(C3CC3)cnc2Nc2cncnc2)c1C(=O)NC,1,8.17,2014,ChEMBL
CCn1ncc(NC(=O)c2nc(C3CC3)cnc2Nc2cncnc2)c1C(=O)NCC(C)(C)O,1,7.77,2014,ChEMBL
CCn1ncc(NC(=O)c2nc(C3CC3)cnc2Nc2cncnc2)c1C(=O)NCC(C)C,1,8.42,2014,ChEMBL
CCn1ncc(NC(=O)c2nc(C3CC3)cnc2Nc2cncnc2)c1C(=O)NCC1CCCO1,1,7.6,2014,ChEMBL
CCn1ncc2c(Cl)c(Cc3cncc4cc(OC)c(OC)cc34)cnc21,1,6.48,2018,ChEMBL
CCn1ncc2c(O)c(Cc3cncc4cc(OC)c(OC)cc34)cnc21,1,6.62,2018,ChEMBL
CCn1ncc2c1CN(c1ncnn3c(C)nc(-c4ccccc4F)c13)CC2,1,9.1,2015,ChEMBL
CCn1ncc2c1CN(c1ncnn3c(C)nc([C@@H]4CCOC4)c13)CC2,1,8.99,2015,ChEMBL
CCn1nnc(-c2ccc(-c3cnc(C)nc3OC[C@H]3C[C@@H]3c3ccc(OC)cn3)cc2)n1,1,8.85,2017,ChEMBL
CCn1nnc(-c2ccc(-c3cnc(C)nc3OC[C@H]3C[C@@H]3c3ccc(OC)cn3)cn2)n1,1,9.11,2017,ChEMBL
CCn1nnc(-c2cnc(C)nc2OC[C@H]2C[C@@H]2c2ccc(OC)cn2)n1,1,7.71,2017,ChEMBL
CCn1nnnc1-c1ccc(-c2cnc(C)nc2OC[C@H]2C[C@@H]2c2ccc(OC)cn2)cc1,1,9.11,2017,ChEMBL
CCn1nnnc1-c1ccc(-c2cnc(C)nc2OC[C@H]2C[C@@H]2c2ccc(OC)cn2)cn1,1,8.94,2017,ChEMBL
CN(C(=O)OC(C)(C)C)C1CCN(c2nccnc2C2CN(c3ccc4ccccc4n3)C2)C1,1,8.7,2017,ChEMBL
CN(C(=O)c1c(NC(=O)c2nc(C3CC3)cnc2Nc2cncnc2)cnn1C)C1CC1,1,7.28,2014,ChEMBL
CN(C(=O)c1c(NC(=O)c2nc(C3CC3)cnc2Nc2cncnc2)cnn1C)C1CCOCC1,1,7.38,2014,ChEMBL
CN(C(=O)c1c(NC(=O)c2nc(C3CC3)cnc2Nc2cncnc2)cnn1C)C1COC1,1,6.72,2014,ChEMBL
CN(C(=O)c1cc(-c2ccccc2)n[nH]1)c1ccc(OCc2ccc3ccccc3n2)cc1,1,7.62,2015,ChEMBL
CN(C(=O)c1cc(-c2ccccn2)[nH]n1)c1ccc(OCB2C=Cc3ccccc3N2)cc1,1,7.19,2015,ChEMBL
CN(C(=O)c1cc(-c2ccccn2)n[nH]1)c1ccc(OCc2ccc3ccccc3n2)cc1,1,7.92,2015,ChEMBL
CN(C(=O)c1cc(-c2cccnc2)n[nH]1)c1ccc(OCc2ccc3ccccc3n2)cc1,1,7.89,2013,ChEMBL
CN(C(=O)c1cc(-c2ccncc2)n[nH]1)c1ccc(OCc2ccc3ccccc3n2)cc1,1,6.96,2013,ChEMBL
CN(C(=O)c1ccc(-n2ccnc2)cc1)c1ccc(OCc2ccc3ccccc3n2)cc1,1,6.34,2013,ChEMBL
CN(C(=O)c1ccc(OCc2ccc3ccccc3n2)cc1)c1ccc2nccn2c1,1,6.89,2013,ChEMBL
CN(C(=O)c1ccc(OCc2ccc3ccccc3n2)cc1)c1ccc2ncnn2c1,1,6.62,2013,ChEMBL
CN(C(=O)c1ccc(OCc2ccc3ccccc3n2)cc1)c1ccc2ncoc2c1,1,7.03,2013,ChEMBL
CN(C(=O)c1ccc(OCc2ccc3ccccc3n2)cc1)c1ccc2ncsc2c1,1,7.8,2013,ChEMBL
CN(C(=O)c1ccc(OCc2ccc3ccccc3n2)cc1)c1ccccc1,1,6.02,2013,ChEMBL
CN(C(=O)c1ccc(OCc2ccc3ccccc3n2)cc1)c1ccn2ncnc2c1,1,6.4,2013,ChEMBL
CN(C(=O)c1ccc(OCc2ccc3ccccc3n2)cc1)c1ccncc1,1,6.85,2013,ChEMBL
CN(C(=O)c1ccc2ncsc2c1)c1ccc(OCc2ccc3ccccc3n2)cc1,1,7.51,2015,ChEMBL
CN(C(=O)c1ccc2ncsc2c1)c1ccc(OCc2nc3ccccc3n2C)cc1,1,7.21,2013,ChEMBL
CN(C(=O)c1ccc2ncsc2c1)c1ccc(OCc2nc3ccccc3o2)cc1,1,6.04,2013,ChEMBL
CN(C(=O)c1ccccc1)c1ccc(OCc2ccc3ccccc3n2)cc1,1,6.18,2013,ChEMBL
CN(C(=O)c1ccncc1)c1ccc(OCc2ccc3ccccc3n2)cc1,1,6.6,2015,ChEMBL
CN(C(=O)c1cnc(-c2cccnc2)s1)c1ccc(OCc2ccc3ccccc3n2)cc1,1,7.06,2013,ChEMBL
CN(C(=O)c1cnc(-c2ccncc2)s1)c1ccc(OCc2ccc3ccccc3n2)cc1,1,7.06,2013,ChEMBL
CN(C(=O)c1cnn(C)c1C(=O)NCCc1nc(-c2ccccc2)cn1C)C1CCC1,1,8.13,2014,ChEMBL
CN(C(=O)c1cnn(C)c1C(=O)NCCc1nc(-c2ccccc2)cn1C)C1CCCC1,1,7.27,2014,ChEMBL
CN(C(=O)c1cnn(C)c1C(=O)NCCc1nc2ccccc2n1C)C1CC1,1,7.51,2014,ChEMBL
CN(C(=O)c1cnn(C)c1C(=O)Nc1ccc2nc(-c3ccccc3)nn2c1)C1CC1,1,9.05,2016,ChEMBL
CN(C(=O)c1cnn(C)c1C(=O)Nc1ccc2nc(-c3cccnc3)nn2c1)C1CC1,1,8.17,2016,ChEMBL
CN(C(=O)c1cnn(C)c1C(=O)Nc1ccc2nc(N3CCCC3)nn2c1)C1CC1,1,9.0,2016,ChEMBL
CN(C(=O)c1cnn(C)c1C(=O)Nc1ccc2nc(N3CCOCC3)nn2c1)C1CC1,1,8.14,2016,ChEMBL
CN(C(=O)c1csc(-c2cccnc2)n1)c1ccc(OCB2C=Cc3ccccc3N2)cc1,1,6.48,2015,ChEMBL
CN(C(=O)c1csc(-c2cccnc2)n1)c1ccc(OCc2ccc3ccccc3n2)cc1,1,6.77,2015,ChEMBL
CN(C(=O)c1nc(-c2cccnc2)cs1)c1ccc(OCB2C=Cc3ccccc3N2)cc1,1,6.48,2022,ChEMBL
CN(C(=O)c1ncccc1NC(=O)c1nc(C2CC2)cnc1Nc1cncnc1)C1CC1,1,7.57,2014,ChEMBL
CN(C(=O)c1ncccc1NC(=O)c1nc(C2CC2)cnc1Nc1cncnc1)C1CCOCC1,1,6.37,2014,ChEMBL
CN(C(=O)c1nn(C)cc1NC(=O)c1nc(C2CC2)ccc1Nc1cncnc1)C1CC1,1,7.97,2014,ChEMBL
CN(C(=O)c1nn(C)cc1NC(=O)c1nc(C2CC2)ccc1Nc1cncnc1)C1CCCC1,1,8.06,2014,ChEMBL
CN(C(=O)c1nn(C)cc1NC(=O)c1nc(C2CC2)ccc1Nc1cncnc1)C1CCCCC1,1,7.9,2014,ChEMBL
CN(C)C(=O)C1CCN(c2nccnc2C2CN(C(=O)c3nc4ccccc4[nH]3)C2)CC1,1,7.78,2017,ChEMBL
CN(C)C(=O)C1CCN(c2nccnc2C2CN(c3ccc4ccccc4n3)C2)CC1,1,8.45,2017,ChEMBL
CN(C)C(=O)c1c(F)cc(F)cc1NC(=O)c1nc(C2CC2)cnc1Nc1cncnc1,1,7.78,2014,ChEMBL
CN(C)C(=O)c1c(F)cccc1NC(=O)c1nc(C2CC2)cnc1Nc1cncnc1,1,9.05,2014,ChEMBL
CN(C)C(=O)c1c(NC(=O)c2nc(C3CC3)cnc2Nc2cncnc2)ccc(F)c1F,1,7.62,2014,ChEMBL
CN(C)C(=O)c1c(NC(=O)c2nc(C3CC3)cnc2Nc2cncnc2)cnn1C,1,7.49,2014,ChEMBL
CN(C)C(=O)c1cc(F)c(F)cc1NC(=O)c1nc(C2CC2)cnc1Nc1cncnc1,1,7.55,2014,ChEMBL
CN(C)C(=O)c1cc(F)ccc1NC(=O)c1nc(C2CC2)cnc1Nc1cncnc1,1,8.11,2014,ChEMBL
CN(C)C(=O)c1ccc(-c2nccnc2C2CN(C(=O)c3nc4ccccc4[nH]3)C2)cc1,1,7.58,2017,ChEMBL
CN(C)C(=O)c1ccc(F)c(F)c1NC(=O)c1nc(C2CC2)cnc1Nc1cncnc1,1,6.47,2014,ChEMBL
CN(C)C(=O)c1ccc(F)cc1NC(=O)c1nc(C2CC2)cnc1Nc1cncnc1,1,7.71,2014,ChEMBL
CN(C)C(=O)c1cccc(-c2nccnc2C2CN(C(=O)c3nc4ccccc4[nH]3)C2)c1,1,6.27,2017,ChEMBL
CN(C)C(=O)c1cccc(-c2nccnc2C2CN(c3ccc4ccccc4n3)C2)c1,1,7.75,2017,ChEMBL
CN(C)C(=O)c1cccc(F)c1NC(=O)c1nc(C2CC2)cnc1Nc1cncnc1,1,6.43,2014,ChEMBL
CN(C)C(=O)c1cccc(S(=O)(=O)N2CCS[C@H]2C(=O)O[C@@H](Cc2c(Cl)c[n+]([O-])cc2Cl)c2ccc(OC(F)F)c(OCC3CC3)c2)c1,1,6.09,2017,ChEMBL
CN(C)C(=O)c1ccncc1NC(=O)c1nc(C2CC2)ccc1Nc1cncnc1,1,7.06,2014,ChEMBL
CN(C)C(=O)c1cnn(C)c1C(=O)Nc1ccn2cc(-c3ccccc3)nc2c1,1,9.7,2012,ChEMBL
CN(C)C(=O)c1nc(C2CC2)ccc1NC(=O)c1nc(C2CC2)cnc1Nc1cncnc1,1,7.69,2014,ChEMBL
CN(C)C(=O)c1ncccc1NC(=O)c1nc(C2CC2)cnc1Nc1cncnc1,1,8.22,2014,ChEMBL
CN(C)C(=O)c1ncncc1NC(=O)c1nc(C2CC2)cnc1Nc1cncnc1,1,7.04,2014,ChEMBL
CN(C)C(=O)c1nn(-c2ccccn2)cc1NC(=O)c1nc(C2CC2)ccc1Nc1cncnc1,1,8.14,2014,ChEMBL
CN(C)C(=O)c1nn(C)cc1NC(=O)c1nc(C2CC2)ccc1Nc1cncnc1,1,7.5,2014,ChEMBL
CN(C)C(=O)c1nn(CC(F)(F)F)cc1NC(=O)c1nc(C2CC2)ccc1Nc1cncnc1,1,6.47,2014,ChEMBL
CN(C)C1CCN(C(=O)c2ccncc2NC(=O)c2nc(C3CC3)cnc2Nc2cncnc2)C1,1,7.13,2014,ChEMBL
CN(C)C1CCN(C(=O)c2nn(C)cc2NC(=O)c2nc(C3CC3)ccc2Nc2cncnc2)C1,1,7.74,2014,ChEMBL
CN(C)C1CCN(c2nccnc2C2CN(c3ccc4ccccc4n3)C2)C1,1,7.21,2017,ChEMBL
CN(C)CCNC(=O)c1c(NC(=O)c2nc(C3CC3)cnc2Nc2cncnc2)cnn1C,1,7.28,2014,ChEMBL
CN(C)CCn1nc(-c2ccccn2)cc1NC(=O)c1nc(C2CC2)ccc1Nc1cncnc1,1,9.0,2013,ChEMBL
CN(C)CCn1nc(NC(=O)c2nc(C3CC3)ccc2Nc2cncnc2)cc1-c1ccccn1,1,7.62,2013,ChEMBL
CN(C)Cc1c(-c2ccccc2)[nH]c2ccc(Cl)cc2c1=O,0,3.99,2013,ChEMBL
CN(C)Cc1ccccc1-c1ccc(-c2nc3ccncc3c(O)c2C#N)cc1,1,6.84,2012,ChEMBL
CN(C)S(=O)(=O)c1cccc(-c2nccnc2C2CN(c3ccc4ccccc4n3)C2)c1,1,7.77,2017,ChEMBL
CN(C)[C@@H]1CCN(c2nccnc2C2CN(c3ccc4ccccc4n3)C2)C1,1,7.01,2017,ChEMBL
CN(C)c1c(CNc2cc(OC[C@H]3C[C@@H]3c3ccn(C)n3)nn(C)c2=O)cnn1C,1,7.12,2016,ChEMBL
CN(C)c1ccc(-c2c(COc3ccc4ccccc4n3)nc3c(N4CCOCC4)ccnn23)cn1,1,6.9,2015,ChEMBL
CN(C)c1ccc(-c2cnc(N3CCOCC3)c3nc(COc4ccc5ccccc5n4)cn23)cn1,1,7.21,2016,ChEMBL
CN(C)c1ccc(-c2nccnc2C2CN(c3ccc4ccccc4n3)C2)cc1,1,7.915,2017,ChEMBL
CN(C)c1cccc(-c2nccnc2C2CN(c3ccc4ccccc4n3)C2)c1,1,8.7,2017,ChEMBL
CN(C)c1cccc(/C=C/c2nc(N(C)C)c3cc(Cl)ccc3n2)n1,1,6.12,2017,ChEMBL
CN(C)c1nc(/C=C/c2cccc(N(C)CCO)n2)nc2ccc(Cl)cc12,1,6.62,2017,ChEMBL
CN(C)c1nc(/C=C/c2cccc(N3CCC(CO)C3)n2)nc2ccc(Cl)cc12,1,6.66,2017,ChEMBL
CN(C)c1nc(/C=C/c2cccc(N3CCCC3=O)n2)nc2ccc(Cl)cc12,1,6.09,2017,ChEMBL
CN(C)c1nc(CCc2cccc(N3CCC(CO)C3)n2)nc2ccc(Cl)cc12,1,6.82,2017,ChEMBL
CN(C)c1nc(CCc2cccc(N3CCC(O)C3)n2)nc2ccc(Cl)cc12,1,6.11,2017,ChEMBL
CN(C)c1nc(CCc2cccc(N3CCC(O)C3)n2)nc2ccccc12,1,6.32,2017,ChEMBL
CN(C)c1nc(OCc2cccc(N3CCCC3)n2)nc2ccc(Cl)cc12,1,8.15,2017,ChEMBL
CN(C)c1nc2c(c(N(C)CCc3ccccn3)n1)CN(C(=O)Nc1ccccc1)CC2,1,6.29,2012,ChEMBL
CN(C)c1nc2ccc(NC(=O)c3c(C(=O)N(C)C4CC4)cnn3C)cn2n1,1,8.28,2016,ChEMBL
CN(C)c1nc2ccc(NC(=O)c3c(C(=O)N4CC(F)C4)cnn3C)cn2n1,1,7.6,2016,ChEMBL
CN(C)c1nc2ccc(NC(=O)c3c(C(=O)N4CCC4)cnn3C)cn2n1,1,8.09,2016,ChEMBL
CN(C)c1nc2ccc(NC(=O)c3c(C(=O)N4CCCC4)cnn3C)cn2n1,1,7.54,2016,ChEMBL
CN(C)c1nc2ccc(NC(=O)c3c(C(=O)N4CCOCC4)cnn3C)cn2n1,1,7.44,2016,ChEMBL
CN(C)c1nc2ccc(OCc3ccc4ccccc4n3)cc2n1-c1ccccc1,1,6.82,2013,ChEMBL
CN(C)c1nc2ccccc2nc1/C=C/c1nc(NC2CCOCC2)cc(N2CCCC2)n1,1,9.66,2021,ChEMBL
CN(C)c1ncc(-c2nccnc2C2CN(c3ccc4ccccc4n3)C2)cn1,1,10.64,2017,ChEMBL
CN(C1CCN(c2nccnc2C2CN(c3ccc4ccccc4n3)C2)C1)S(C)(=O)=O,1,8.25,2017,ChEMBL
CN(CC(C)(C)O)C(=O)c1c(NC(=O)c2nc(C3CC3)cnc2Nc2cncnc2)cnn1C,1,7.79,2014,ChEMBL
CN(CC(C)(C)O)C(=O)c1ncccc1NC(=O)c1nc(C2CC2)cnc1Nc1cncnc1,1,7.68,2014,ChEMBL
CN(CC(C)(C)O)C(=O)c1nn(C)cc1NC(=O)c1nc(C2CC2)cnc1Nc1cncnc1,1,7.82,2014,ChEMBL
CN(CC(F)(F)F)C(=O)c1c(NC(=O)c2nc(C3CC3)cnc2Nc2cncnc2)cnn1C,1,7.03,2014,ChEMBL
CN(CC(F)(F)F)C(=O)c1ncccc1NC(=O)c1nc(C2CC2)cnc1Nc1cncnc1,1,8.09,2014,ChEMBL
CN(CC(O)CO)C(=O)c1ccncc1NC(=O)c1nc(C2CC2)ccc1Nc1cncnc1,1,6.67,2014,ChEMBL
CN(CC(O)CO)C(=O)c1nn(C)cc1NC(=O)c1nc(C2CC2)ccc1Nc1cncnc1,1,7.71,2014,ChEMBL
CN(CC1CCCO1)C(=O)c1c(NC(=O)c2nc(C3CC3)cnc2Nc2cncnc2)cnn1C,1,7.17,2014,ChEMBL
CN(CCCO)C(=O)c1ccncc1NC(=O)c1nc(C2CC2)ccc1Nc1cncnc1,1,7.25,2014,ChEMBL
CN(CCCO)C(=O)c1nn(C)cc1NC(=O)c1nc(C2CC2)ccc1Nc1cncnc1,1,8.14,2014,ChEMBL
CN(CCF)C(=O)c1c(NC(=O)c2nc(C3CC3)cnc2Nc2cncnc2)cnn1C,1,7.45,2014,ChEMBL
CN(CCO)C(=O)c1c(NC(=O)c2nc(C3CC3)cnc2Nc2cncnc2)cnn1C,1,7.26,2014,ChEMBL
CN(CCO)C(=O)c1ccncc1NC(=O)c1nc(C2CC2)ccc1Nc1cncnc1,1,7.72,2014,ChEMBL
CN(CCO)C(=O)c1ncccc1NC(=O)c1nc(C2CC2)cnc1Nc1cncnc1,1,7.9,2014,ChEMBL
CN(CCO)C(=O)c1nn(C)cc1NC(=O)c1nc(C2CC2)ccc1Nc1cncnc1,1,8.12,2014,ChEMBL
CN(CCc1ccccn1)c1nc(-c2cccc(Br)c2)nc2c1CN(C(=O)Nc1ccccc1)CC2,1,6.0,2012,ChEMBL
CN(CCc1ccccn1)c1nc(-c2ccccc2)nc2c1CN(C(=O)Nc1ccccc1)CC2,1,6.3,2012,ChEMBL
CN(CCc1ccccn1)c1nc(-c2ccccn2)nc2c1CN(C(=O)Nc1ccccc1)CC2,1,6.06,2012,ChEMBL
CN(CCc1ccccn1)c1nc(-c2cccnc2)nc2c1CN(C(=O)Nc1ccccc1)CC2,1,6.92,2012,ChEMBL
CN(CCc1ccccn1)c1nc(-c2ccncc2)nc2c1CN(C(=O)NC(C)(C)C)CC2,1,6.65,2012,ChEMBL
CN(CCc1ccccn1)c1nc(-c2ccncc2)nc2c1CN(C(=O)Nc1cccc(F)c1)CC2,1,6.81,2012,ChEMBL
CN(CCc1ccccn1)c1nc(-c2ccncc2)nc2c1CN(C(=O)Nc1ccccc1)CC2,1,7.03,2012,ChEMBL
CN(CCc1ccccn1)c1nc(-c2ccncc2)nc2c1CN(C(=O)Nc1ccncc1)CC2,1,6.93,2012,ChEMBL
CN(CCc1ccccn1)c1nc(-c2ccncc2)nc2c1CN(C(=O)OC(C)(C)C)CC2,1,6.73,2012,ChEMBL
CN(CCc1ccccn1)c1nc(-c2ccncc2)nc2c1CN(C(=O)c1ccc(Cl)cc1)CC2,1,6.28,2012,ChEMBL
CN(CCc1ccccn1)c1nc(-c2ccncc2)nc2c1CN(S(C)(=O)=O)CC2,1,6.07,2012,ChEMBL
CN(c1ccc(Oc2ncccc2-c2cccnc2)cc1)c1nc2ccccc2s1,1,7.82,2014,ChEMBL
CN1C(=O)Cc2cc(-c3nccnc3C3CN(c4ncc5ccccc5n4)C3)ccc21,1,7.75,2017,ChEMBL
CN1C(=O)N(C)S(=O)(=O)c2cc(-c3cnc(N4CCOCC4)c4nc(/C=C/c5ccc6ccccc6n5)cn34)ccc21,1,8.1,2016,ChEMBL
CN1C(=O)NS(=O)(=O)c2cc(-c3cnc(N4CCOCC4)c4nc(/C=C/c5ccc6ccccc6n5)cn34)ccc21,1,8.52,2016,ChEMBL
CN1C(=O)Nc2ccc(-c3cnc(N4CCOCC4)c4nc(/C=C/c5ccc6ccccc6n5)cn34)cc2S1(=O)=O,1,7.75,2016,ChEMBL
CN1C(=O)c2c(nn(Cc3ccc(C(F)(F)F)nc3)c2Nc2ccccc2)N2C1=N[C@@H]1CCC[C@@H]12,0,4.72,2016,ChEMBL
CN1CC(NC(=O)c2c(NC(=O)c3nc(C4CC4)cnc3Nc3cncnc3)cnn2C)C1,1,7.96,2014,ChEMBL
CN1CC(c2cccnc2Oc2ccc(C(=O)c3nc4ccccc4[nH]3)cc2)CC1=O,1,9.68,2012,ChEMBL
CN1CC=C(c2ccc(-c3c(COc4ccc5ccccc5n4)nc4c(N5CCOCC5)ccnn34)cn2)CC1,1,7.37,2015,ChEMBL
CN1CCC(N(C)C(=O)c2c(NC(=O)c3nc(C4CC4)cnc3Nc3cncnc3)cnn2C)C1,1,6.54,2014,ChEMBL
CN1CCC(NC(=O)c2c(NC(=O)c3nc(C4CC4)cnc3Nc3cncnc3)cnn2C)CC1,1,7.16,2014,ChEMBL
CN1CCC(c2cccnc2Oc2ccc(C(=O)c3nc4ccccc4[nH]3)cc2)CCC1=O,1,9.66,2014,ChEMBL
CN1CCC(n2nc(-c3ccccn3)cc2NC(=O)c2nc(C3CC3)ccc2Nc2cncnc2)CC1,1,8.4,2013,ChEMBL
CN1CCCC(NC(=O)c2c(NC(=O)c3nc(C4CC4)cnc3Nc3cncnc3)cnn2C)C1,1,7.54,2014,ChEMBL
CN1CCCN(c2nccnc2C2CN(c3ccc4ccccc4n3)C2)CC1,1,6.63,2017,ChEMBL
CN1CCN(c2ccc(-c3c(CN(C)c4ccc5ccccc5n4)nc4c(N5CCOCC5)ccnn34)cn2)CC1,1,6.17,2015,ChEMBL
CN1CCN(c2ccc(-c3cnc(N4CCOCC4)c4nc(COc5ccc6ccccc6n5)cn34)cn2)CC1,1,7.38,2016,ChEMBL
CN1CCN(c2ncc(-c3cnc(N4CCOCC4)c4nc(COc5ccc6ccccc6n5)cn34)cn2)CC1,1,7.72,2016,ChEMBL
CN1CCN(c2nccnc2C2CN(c3ccc4ccccc4n3)C2)CC1=O,1,8.66,2017,ChEMBL
CN1CCN(c2nccnc2O[C@H]2C[C@@H](Nc3nc4ccccc4s3)C2)CC1,1,6.91,2015,ChEMBL
CN1CCN(c2nccnc2O[C@H]2C[C@@H](Nc3ncc4ccccc4n3)C2)CC1,1,6.5,2015,ChEMBL
CN1CCN(c2nccnc2Oc2ccc(C(=O)c3nc4ccccc4[nH]3)cc2)CC1,1,7.69,2013,ChEMBL
CN1CCN(c2nccnc2Oc2ccc(C(=O)c3nc4ccccc4[nH]3)cc2)CC1=O,1,8.77,2013,ChEMBL
CN1CC[C@@H](c2cccnc2Oc2ccc(Nc3nc4ccccc4s3)cc2)CC1=O,1,9.0,2014,ChEMBL
CN1CC[C@H](c2cccnc2Oc2ccc(C(=O)c3nc4ccccc4[nH]3)cc2)CC1=O,1,9.19,2014,ChEMBL
CN1C[C@@H](c2cccnc2Oc2ccc(C(=O)c3nc4ccccc4[nH]3)cc2)CC1=O,1,9.27,2014,ChEMBL
CN1C[C@@H](c2cccnc2Oc2ccc(Nc3nc4ccccc4s3)cc2)CC1=O,1,9.71,2014,ChEMBL
CN1C[C@H](c2cccnc2Oc2ccc(C(=O)c3nc4ccccc4[nH]3)cc2)CC1=O,1,9.905000000000001,2014,ChEMBL
CN1c2cc(-c3cnc(N4CCOCC4)c4nc(/C=C/c5ccc6ccccc6n5)cn34)ccc2NS1(=O)=O,1,8.52,2016,ChEMBL
CNC(=O)C1CCN(c2nccnc2C2CN(C(=O)c3nc4ccccc4[nH]3)C2)CC1,1,7.8,2017,ChEMBL
CNC(=O)C1CCN(c2nccnc2C2CN(c3ccc4ccccc4n3)C2)CC1,1,8.6,2017,ChEMBL
CNC(=O)COc1ccc(NC(=O)c2nc(C3CC3)cnc2Nc2cncnc2)c(C(=O)NC)c1,1,8.77,2014,ChEMBL
CNC(=O)c1[nH]nnc1C(=O)Nc1ccn2cc(-c3ccccc3)nc2n1,1,7.46,2012,ChEMBL
CNC(=O)c1c(C)cccc1NC(=O)c1nc(C2CC2)cnc1Nc1cncnc1,1,7.74,2014,ChEMBL
CNC(=O)c1c(Cl)cccc1NC(=O)c1nc(C2CC2)cnc1Nc1cncnc1,1,7.66,2014,ChEMBL
CNC(=O)c1c(F)cc(F)cc1NC(=O)c1nc(C2CC2)cnc1Nc1cncnc1,1,9.52,2014,ChEMBL
CNC(=O)c1c(F)cccc1NC(=O)c1nc(C2CC2)cnc1Nc1cncnc1,1,7.16,2014,ChEMBL
CNC(=O)c1c(NC(=O)c2nc(C(C)(C)C)cnc2Nc2cncnc2)cnn1C,1,8.6,2014,ChEMBL
CNC(=O)c1c(NC(=O)c2nc(C(C)(C)O)cnc2Nc2cncnc2)cnn1C,1,7.55,2014,ChEMBL
CNC(=O)c1c(NC(=O)c2nc(C(C)(C)O)ncc2Nc2cncnc2)cnn1C,1,6.6,2014,ChEMBL
CNC(=O)c1c(NC(=O)c2nc(C(C)=O)cnc2Nc2cncnc2)cnn1C,1,6.79,2014,ChEMBL
CNC(=O)c1c(NC(=O)c2nc(C(C)C)cnc2Nc2cncnc2)cnn1C,1,8.09,2014,ChEMBL
CNC(=O)c1c(NC(=O)c2nc(C(C)C)ncc2Nc2ccc(F)cc2)cnn1C,1,6.33,2014,ChEMBL
CNC(=O)c1c(NC(=O)c2nc(C(C)C)ncc2Nc2cccc(F)c2)cnn1C,1,7.29,2014,ChEMBL
CNC(=O)c1c(NC(=O)c2nc(C(C)C)ncc2Nc2cncc(F)c2)cnn1C,1,7.62,2014,ChEMBL
CNC(=O)c1c(NC(=O)c2nc(C(C)O)cnc2Nc2cncnc2)cnn1C,1,7.2,2014,ChEMBL
CNC(=O)c1c(NC(=O)c2nc(C3CC3)ccc2Nc2cncnc2)cnn1CC1CC1,1,6.59,2014,ChEMBL
CNC(=O)c1c(NC(=O)c2nc(C3CC3)ccc2Nc2cncnc2)cnn1CCC(F)(F)F,1,6.69,2014,ChEMBL
CNC(=O)c1c(NC(=O)c2nc(C3CC3)ccc2Nc2cncnc2)cnn1CCOC,1,8.92,2014,ChEMBL
CNC(=O)c1c(NC(=O)c2nc(C3CC3)cnc2Nc2cccnc2)cnn1C,1,7.95,2014,ChEMBL
CNC(=O)c1c(NC(=O)c2nc(C3CC3)cnc2Nc2cnccn2)cnn1C,1,6.37,2014,ChEMBL
CNC(=O)c1c(NC(=O)c2nc(C3CC3)cnc2Nc2cncnc2)ccc(C)c1C,1,7.26,2014,ChEMBL
CNC(=O)c1c(NC(=O)c2nc(C3CC3)cnc2Nc2cncnc2)ccc(F)c1F,1,8.57,2014,ChEMBL
CNC(=O)c1c(NC(=O)c2nc(C3CC3)cnc2Nc2cncnc2)cccc1OC,1,8.51,2014,ChEMBL
CNC(=O)c1c(NC(=O)c2nc(C3CC3)cnc2Nc2cncnc2)cnn1C,1,8.094999999999999,2014,ChEMBL
CNC(=O)c1c(NC(=O)c2nc(C3CC3)cnc2Nc2cncnc2)cnn1C(C)C,1,7.94,2014,ChEMBL
CNC(=O)c1c(NC(=O)c2nc(C3CC3)cnc2Nc2cncnc2)cnn1C1CCOC1,1,7.8,2014,ChEMBL
CNC(=O)c1c(NC(=O)c2nc(C3CC3)cnc2Nc2cncnc2)cnn1CC(C)C,1,7.23,2014,ChEMBL
CNC(=O)c1c(NC(=O)c2nc(C3CC3)cnc2Nc2cncnc2)cnn1CC(F)(F)F,1,7.57,2014,ChEMBL
CNC(=O)c1c(NC(=O)c2nc(C3CC3)cnc2Nc2cncnc2)cnn1CC1CCCO1,1,8.85,2014,ChEMBL
CNC(=O)c1c(NC(=O)c2nc(C3CC3)cnc2Nc2cncnc2)cnn1CC1CCO1,1,8.7,2014,ChEMBL
CNC(=O)c1c(NC(=O)c2nc(C3CC3)cnc2Nc2cncnc2)cnn1CC1CCOC1,1,7.595000000000001,2014,ChEMBL
CNC(=O)c1c(NC(=O)c2nc(C3CC3)cnc2Nc2cncnc2)cnn1CCC(F)(F)F,1,7.71,2014,ChEMBL
CNC(=O)c1c(NC(=O)c2nc(C3CC3)cnc2Nc2cncnc2)cnn1CCO,1,8.49,2014,ChEMBL
CNC(=O)c1c(NC(=O)c2nc(C3CC3)cnc2Nc2cncnc2)cnn1CCOC,1,8.92,2014,ChEMBL
CNC(=O)c1c(NC(=O)c2nc(C3CC3)ncc2Nc2cncnc2)cnn1C,1,7.46,2014,ChEMBL
CNC(=O)c1c(NC(=O)c2nc(C3CCC3)ncc2Nc2cncnc2)cnn1C,1,7.93,2014,ChEMBL
CNC(=O)c1c(NC(=O)c2nc(C3CCOC3)cnc2Nc2cncnc2)cnn1C,1,8.54,2014,ChEMBL
CNC(=O)c1c(NC(=O)c2nc(CC(C)C)ncc2Nc2cncnc2)cnn1C,1,7.89,2014,ChEMBL
CNC(=O)c1c(NC(=O)c2nc(COC)ccc2Nc2cncnc2)cnn1C,1,6.84,2014,ChEMBL
CNC(=O)c1c(NC(=O)c2nc(COC)ccc2Nc2cncnc2)cnn1CCOC,1,7.55,2014,ChEMBL
CNC(=O)c1c(NC(=O)c2nc(Cl)ccc2Nc2cncnc2)cnn1C,1,6.47,2014,ChEMBL
CNC(=O)c1c(NC(=O)c2nc(N3CCC3)cnc2Nc2cncnc2)cnn1C,1,6.84,2014,ChEMBL
CNC(=O)c1c(NC(=O)c2nc(N3CCCC3)cnc2Nc2cncnc2)cnn1C,1,7.62,2014,ChEMBL
CNC(=O)c1c(NC(=O)c2nc(N3CCN(C)CC3)cnc2Nc2cncnc2)cnn1C,1,6.16,2014,ChEMBL
CNC(=O)c1c(NC(=O)c2nc(N3CCOCC3)cnc2Nc2cncnc2)cnn1C,1,8.39,2014,ChEMBL
CNC(=O)c1c(NC(=O)c2nc(OC)cnc2Nc2cncnc2)cnn1C,1,6.75,2014,ChEMBL
CNC(=O)c1c(NC(=O)c2nc(OCC(F)(F)F)cnc2Nc2cncnc2)cnn1C,1,7.31,2014,ChEMBL
CNC(=O)c1c(NC(=O)c2nc(OCC(F)(F)F)ncc2Nc2cncnc2)cnn1C,1,6.9,2014,ChEMBL
CNC(=O)c1c(NC(=O)c2nc([C@@H]3CCOC3)cnc2Nc2cncnc2)cnn1C,1,8.15,2014,ChEMBL
CNC(=O)c1c(NC(=O)c2nc([C@H]3CCOC3)cnc2Nc2cncnc2)cnn1C,1,7.92,2014,ChEMBL
CNC(=O)c1cc(C#Cc2nc(N3CCCC3)nn2C)nn2c(C)c(C(F)(F)F)nc12,1,8.68,2017,ChEMBL
CNC(=O)c1cc(C#Cc2nc(N3CCCC3)nn2C)nn2c(C)c(C)nc12,1,9.0,2017,ChEMBL
CNC(=O)c1cc(C#N)ccc1NC(=O)c1nc(C2CC2)cnc1Nc1cncnc1,1,8.46,2014,ChEMBL
CNC(=O)c1cc(C(C)C)ccc1NC(=O)c1nc(C2CC2)cnc1Nc1cncnc1,1,8.89,2014,ChEMBL
CNC(=O)c1cc(C(F)(F)F)ccc1NC(=O)c1nc(C2CC2)cnc1Nc1cncnc1,1,8.41,2014,ChEMBL
CNC(=O)c1cc(CCC(=O)O)ccc1NC(=O)c1nc(C2CC2)cnc1Nc1cncnc1,1,9.4,2014,ChEMBL
CNC(=O)c1cc(CCc2nc(-c3ccccn3)cn2C)nn2c(C)c(C(F)(F)F)nc12,1,8.1,2019,ChEMBL
CNC(=O)c1cc(CCc2nc(N3CCCC3)nn2C)nn2c(C)c(C(F)(F)F)nc12,1,7.86,2017,ChEMBL
CNC(=O)c1cc(CCc2nc(N3CCCC3)nn2C)nn2c(C)c(C)nc12,1,8.7,2017,ChEMBL
CNC(=O)c1cc(CCc2nc(N3CCCC3=O)cn2-c2ccccc2)nn2c(C)c(C(F)(F)F)nc12,1,8.54,2017,ChEMBL
CNC(=O)c1cc(CCc2nc(N3CCCC3=O)cn2C)nn2c(C)c(C(F)(F)F)nc12,1,6.95,2017,ChEMBL
CNC(=O)c1cc(Cl)ncc1NC(=O)c1nc(C2CC2)cnc1Nc1cncnc1,1,8.74,2014,ChEMBL
CNC(=O)c1cc(F)c(F)cc1NC(=O)c1nc(C2CC2)cnc1Nc1cncnc1,1,9.1,2014,ChEMBL
CNC(=O)c1cc(F)ccc1NC(=O)c1nc(C2CC2)cnc1Nc1cncnc1,1,9.1,2014,ChEMBL
CNC(=O)c1cc(N2CC(c3nc4ccccn4c3C(=O)NC)C2)nc2ccccc12,1,7.69,2025,ChEMBL
CNC(=O)c1cc(N2CC(c3nc4ccccn4c3C(=O)NC3CC3)C2)nc2ccccc12,1,7.29,2025,ChEMBL
CNC(=O)c1cc(N2CC(c3nc4ccccn4c3C(=O)NCC(F)F)C2)nc2ccccc12,1,7.13,2025,ChEMBL
CNC(=O)c1cc(N2CC(c3nc4ccccn4c3C(=O)NCCOC)C2)nc2ccccc12,1,7.31,2025,ChEMBL
CNC(=O)c1cc(N2CC(c3nc4ccccn4c3C(=O)OC(C)C)C2)nc2ccccc12,1,8.82,2025,ChEMBL
CNC(=O)c1cc(N2CC(c3nc4ccccn4c3C(=O)OC3CCOCC3)C2)nc2ccccc12,1,8.92,2025,ChEMBL
CNC(=O)c1cc(N2CC(c3nc4ccccn4c3C(=O)OC3COC3)C2)nc2ccccc12,1,8.37,2025,ChEMBL
CNC(=O)c1cc(N2CC(c3nc4ccccn4c3C(=O)OCC(F)F)C2)nc2ccccc12,1,8.43,2025,ChEMBL
CNC(=O)c1cc(NC(C)=O)ccc1NC(=O)c1nc(C2CC2)cnc1Nc1cncnc1,1,9.4,2014,ChEMBL
CNC(=O)c1cc(OC)ccc1NC(=O)c1nc(C2CC2)cnc1Nc1cncnc1,1,9.3,2014,ChEMBL
CNC(=O)c1cc(OCC(C)(C)O)ccc1NC(=O)c1nc(C2CC2)cnc1Nc1cncnc1,1,8.68,2014,ChEMBL
CNC(=O)c1cc(OCCO)ccc1NC(=O)c1nc(C2CC2)cnc1Nc1cncnc1,1,9.1,2014,ChEMBL
CNC(=O)c1cc(OCCOC)ccc1NC(=O)c1nc(C2CC2)cnc1Nc1cncnc1,1,9.0,2014,ChEMBL
CNC(=O)c1ccc(-c2cnc(C)nc2OC[C@H]2C[C@@H]2c2ccc(OC)cn2)cn1,1,8.63,2017,ChEMBL
CNC(=O)c1ccc(-c2nccnc2C2CCN(c3ccc4cc(F)ccc4n3)CC2)cc1F,1,8.55,2014,ChEMBL
CNC(=O)c1ccc(-c2nccnc2C2CCN(c3ccc4ccc(Cl)cc4n3)CC2)cc1F,1,7.54,2014,ChEMBL
CNC(=O)c1ccc(-c2nccnc2C2CCN(c3ccc4ccc(F)cc4n3)CC2)cc1F,1,8.2,2014,ChEMBL
CNC(=O)c1ccc(-c2nccnc2C2CCN(c3ccc4cccc(F)c4n3)CC2)cc1F,1,8.12,2014,ChEMBL
CNC(=O)c1ccc(-c2nccnc2C2CCN(c3ccc4ccccc4n3)CC2)cc1F,1,8.51,2014,ChEMBL
CNC(=O)c1ccc(-c2nccnc2C2CN(c3ccc4cc(F)ccc4n3)C2)cc1F,1,8.77,2014,ChEMBL
CNC(=O)c1ccc(-c2nccnc2C2CN(c3ccc4ccc(F)cc4n3)C2)cc1F,1,9.3,2014,ChEMBL
CNC(=O)c1ccc(-c2nccnc2C2CN(c3ccc4ccccc4n3)C2)cc1F,1,8.4,2014,ChEMBL
CNC(=O)c1ccc(-c2nccnc2C2CN(c3ccc4ncc(Cl)cc4n3)C2)cc1F,1,8.44,2014,ChEMBL
CNC(=O)c1ccc(-c2nccnc2C2CN(c3ncc4cc(F)c(Cl)cc4n3)C2)cc1F,1,8.41,2014,ChEMBL
CNC(=O)c1ccc(-c2nccnc2C2CN(c3ncc4cc(F)ccc4n3)C2)cc1F,1,7.78,2014,ChEMBL
CNC(=O)c1ccc(-c2nccnc2C2CN(c3ncc4ccc(Cl)cc4n3)C2)cc1F,1,8.23,2014,ChEMBL
CNC(=O)c1ccc(-c2nccnc2C2CN(c3ncc4ccc(F)cc4n3)C2)cc1F,1,7.51,2014,ChEMBL
CNC(=O)c1ccc(-c2nccnc2C2CN(c3ncc4ccccc4n3)C2)cc1F,1,8.12,2014,ChEMBL
CNC(=O)c1ccc(-c2nccnc2OC2CN(c3ccc4ccccc4n3)C2)cc1,0,4.35,2014,ChEMBL
CNC(=O)c1ccc(F)c(F)c1NC(=O)c1nc(C2CC2)cnc1Nc1cncnc1,1,8.74,2014,ChEMBL
CNC(=O)c1ccc(F)cc1NC(=O)c1nc(C2CC2)cnc1Nc1cncnc1,1,9.15,2014,ChEMBL
CNC(=O)c1cccc(-c2nccnc2C2CN(c3ccc4ccccc4n3)C2)c1,1,9.15,2017,ChEMBL
CNC(=O)c1cccc(F)c1NC(=O)c1nc(C2CC2)cnc1Nc1cncnc1,1,8.55,2014,ChEMBL
CNC(=O)c1cccc2c(C)c(C(=O)Nc3ccc4ccccc4n3)sc12,1,7.64,2019,ChEMBL
CNC(=O)c1ccccc1NC(=O)c1nc(C2CC2)ccc1Nc1cncnc1,1,8.89,2014,ChEMBL
CNC(=O)c1ccncc1NC(=O)c1nc(C2CC2)ccc1Nc1cncnc1,1,7.86,2014,ChEMBL
CNC(=O)c1ccncc1NC(=O)c1nc(C2CC2)cnc1Nc1cncnc1,1,8.68,2014,ChEMBL
CNC(=O)c1nc(-c2ccccn2)sc1NC(=O)c1nc(C2CC2)ccc1Nc1cncnc1,1,8.85,2014,ChEMBL
CNC(=O)c1nc(C)ccc1NC(=O)c1nc(C2CC2)cnc1Nc1cncnc1,1,8.46,2014,ChEMBL
CNC(=O)c1nc(C)ncc1NC(=O)c1nc(C2CC2)cnc1Nc1cncnc1,1,7.71,2014,ChEMBL
CNC(=O)c1nc(C2CC2)ccc1NC(=O)c1nc(C2CC2)cnc1Nc1cncnc1,1,9.1,2014,ChEMBL
CNC(=O)c1nc(C2CCCO2)ccc1NC(=O)c1nc(C2CC2)cnc1Nc1cncnc1,1,9.7,2014,ChEMBL
CNC(=O)c1nc(COC)ccc1NC(=O)c1nc(C2CC2)cnc1Nc1cncnc1,1,8.43,2014,ChEMBL
CNC(=O)c1ncccc1NC(=O)c1nc(C2CC2)cnc1Nc1cncnc1,1,8.89,2014,ChEMBL
CNC(=O)c1ncncc1NC(=O)c1nc(C2CC2)cnc1Nc1cncnc1,1,8.28,2014,ChEMBL
CNC(=O)c1nn(C)cc1NC(=O)c1nc(C(C)(C)C)ncc1Nc1cncnc1,1,8.47,2014,ChEMBL
CNC(=O)c1nn(C)cc1NC(=O)c1nc(C(C)C)ncc1Nc1cncnc1,1,8.06,2014,ChEMBL
CNC(=O)c1nn(C)cc1NC(=O)c1nc(C(C)O)cnc1Nc1cncnc1,1,6.77,2014,ChEMBL
CNC(=O)c1nn(C)cc1NC(=O)c1nc(C2CC2)ccc1Nc1cncnc1,1,8.34,2014,ChEMBL
CNC(=O)c1nn(C)cc1NC(=O)c1nc(C2CC2)cnc1Nc1cncnc1,1,8.28,2014,ChEMBL
CNC(=O)c1nn(C)cc1NC(=O)c1nc(C2CC2)ncc1Nc1cncnc1,1,8.1,2014,ChEMBL
CNC(=O)c1nn(C)cc1NC(=O)c1nc(C2CCCCC2)ncc1Nc1cncnc1,1,8.72,2014,ChEMBL
CNC(=O)c1nn(C)cc1NC(=O)c1nc(C2CCCO2)ccc1Nc1cncnc1,1,7.23,2014,ChEMBL
CNC(=O)c1nn(C)cc1NC(=O)c1nc(C2CCCO2)cnc1Nc1cncnc1,1,7.02,2014,ChEMBL
CNC(=O)c1nn(C)cc1NC(=O)c1nc(C2CCOC2)ccc1Nc1cncnc1,1,8.07,2014,ChEMBL
CNC(=O)c1nn(C)cc1NC(=O)c1nc(C2CCOC2)cnc1Nc1cncnc1,1,7.79,2014,ChEMBL
CNC(=O)c1nn(C)cc1NC(=O)c1nc(CC(C)C)cnc1Nc1cncnc1,1,7.95,2014,ChEMBL
CNC(=O)c1nn(C)cc1NC(=O)c1nc(CC(C)C)ncc1Nc1cncnc1,1,7.745,2014,ChEMBL
CNC(=O)c1nn(C)cc1NC(=O)c1nc(NCCOC)cnc1Nc1cncnc1,1,6.91,2014,ChEMBL
CNC(=O)c1nn(CC(F)(F)F)cc1NC(=O)c1nc(C2CC2)ccc1Nc1cncnc1,1,6.86,2014,ChEMBL
CNC(=O)c1nn(CC2CC2)cc1NC(=O)c1nc(C2CC2)ccc1Nc1cncnc1,1,6.3,2014,ChEMBL
CNC(=O)c1nn(CCC(F)(F)F)cc1NC(=O)c1nc(C2CC2)ccc1Nc1cncnc1,1,6.83,2014,ChEMBL
CNC(=O)c1nn(CCOC)cc1NC(=O)c1nc(C2CC2)ccc1Nc1cncnc1,1,7.04,2014,ChEMBL
CNC(=O)c1nnsc1NC(=O)c1nc(C2CC2)ccc1Nc1cncnc1,1,7.6,2014,ChEMBL
CNCC[C@H](O)Cn1cc(-c2cccs2)nc1CCC1=NN2C(C)=CC=CC2N1,1,7.29,2017,ChEMBL
CNCC[C@H](O)Cn1cc(-c2cccs2)nc1CCc1nc2cccc(C)n2n1,1,7.29,2015,ChEMBL
CNC[C@H](O)Cn1cc(-c2cccs2)nc1CCC1=NN2C(C)=CC=CC2N1,1,7.16,2017,ChEMBL
CNC[C@H](O)Cn1cc(-c2cccs2)nc1CCc1nc2cccc(C)n2n1,1,7.16,2015,ChEMBL
CNc1cc(-c2cccnc2Oc2ccc(Nc3nc4ccc(F)c(F)c4[nH]3)cc2)ccn1,1,8.01,2013,ChEMBL
CNc1ccc2c(n1)CCN(c1ncnn3c(C)nc([C@@H]4CCOC4)c13)C2,1,9.48,2015,ChEMBL
CNc1nc([C@@H]2C[C@H]2c2nc3ccccc3n2C)cc(-n2nc(C)nc2C)n1,1,9.11,2015,ChEMBL
CNc1nc2cc(O)c(O)cc2cc1Cc1c(=O)[nH]c(C)c2cc(OC)c(OC)cc12,1,7.57,2017,ChEMBL
CNc1nc2cc3c(cc2cc1Cc1c(=O)[nH]c(C)c2cc(OC)c(OC)cc12)OCO3,1,8.57,2017,ChEMBL
CNc1nc2ccc(C)cc2cc1Cc1c(=O)[nH]c(C)c2cc(OC)c(OC)cc12,1,7.89,2017,ChEMBL
CNc1nc2ccc(OC)cc2cc1Cc1c(=O)[nH]c(C)c2cc(OC)c(OC)cc12,1,8.22,2017,ChEMBL
CO/N=C(\c1ccccn1)C1CCN(C(=O)c2nc(-c3ccc(OC)c4nc(C(F)(F)F)ccc34)oc2CN)CC1,1,6.92,2007,ChEMBL
COC(=O)CCc1nc(C)nn1-c1cc(N2CC(c3nc4ccccc4n3C)C2)nc(C)n1,1,9.31,2016,ChEMBL
COC(=O)Cn1cc(-c2cnc(C)nc2OC[C@H]2C[C@@H]2c2ccc(C)cn2)ccc1=O,1,8.36,2016,ChEMBL
COC(=O)Cn1cc(-c2cnc(C)nc2OC[C@H]2C[C@@H]2c2ccc(OC)cn2)ccc1=O,1,8.44,2016,ChEMBL
COC(=O)Cn1ccc(-c2cnc(C)nc2OC[C@H]2C[C@@H]2c2ccc(C)cn2)cc1=O,1,9.4,2016,ChEMBL
COC(=O)Cn1ccc(-c2cnc(C)nc2OC[C@H]2C[C@@H]2c2ccc(OC)cn2)cc1=O,1,9.55,2016,ChEMBL
COC(=O)N(C)C1CCN(c2nccnc2C2CN(c3ccc4ccccc4n3)C2)C1,1,9.28,2017,ChEMBL
COC(=O)N1CC(c2nccnc2O[C@H]2C[C@@H](Nc3nc4ccccc4s3)C2)C1,1,7.76,2015,ChEMBL
COC(=O)N1CCC(c2cccnc2O[C@H]2C[C@@H](Nc3nc4ccccc4s3)C2)CC1,1,8.5,2015,ChEMBL
COC(=O)N1CCC(c2nccnc2OC2CN(c3ccc4ccccc4n3)C2)CC1,0,4.19,2014,ChEMBL
COC(=O)N1CCC(c2nccnc2O[C@H]2C[C@@H](Nc3nc4ccccc4s3)C2)CC1,1,8.37,2015,ChEMBL
COC(=O)NC1CCN(c2nccnc2C2CN(c3ccc4ccccc4n3)C2)C1,1,8.7,2017,ChEMBL
COC(=O)NCCNc1nc(-c2cccnc2)nc2c1CN(C(=O)Nc1ccccc1)CC2,1,7.02,2014,ChEMBL
COC(=O)c1ccc(-c2cccnc2Oc2ccc(Nc3nc4ccccc4s3)cc2)cc1,1,7.14,2014,ChEMBL
COC(=O)c1ccc(-c2cnc(C)nc2OC[C@H]2CC2c2ccc(C)cn2)cn1,1,8.66,2017,ChEMBL
COC(=O)c1ccc(-c2nc3cc(Cc4cncc5cc(OC)c(OC)cc45)ccc3o2)cc1,1,7.21,2018,ChEMBL
COC(=O)c1ccc(-c2nccnc2OC2CN(c3ccc4ccccc4n3)C2)cc1,0,4.42,2014,ChEMBL
COC(=O)c1ccc(CN2CC(c3ccc(OC)c4oc5ccccc5c34)CC2=O)c(F)c1,1,7.41,2012,ChEMBL
COC(=O)c1cccc(-c2nccnc2C2CN(c3ccc4ccccc4n3)C2)c1,1,9.7,2017,ChEMBL
COC(=O)c1cnc(-c2cnc(C)nc2OC[C@H]2C[C@@H]2c2ccc(OC)cn2)cn1,1,8.01,2017,ChEMBL
COC(=O)c1nc(N2CC(c3nc4ccccc4n3C)C2)cc(-n2nc(C)nc2C)n1,1,8.74,2016,ChEMBL
COC(C)(C)CNC(=O)c1c(NC(=O)c2nc(C3CC3)cnc2Nc2cncnc2)cnn1C,1,8.57,2014,ChEMBL
COC(C)(C)CNC(=O)c1ccncc1NC(=O)c1nc(C2CC2)cnc1Nc1cncnc1,1,8.8,2014,ChEMBL
COC(C)c1ccc(C(C)=O)c2sc(C(=O)Nc3cc(C(C)(C)O)c4ccccc4n3)c(C)c12,1,8.04,2016,ChEMBL
COC1=CC=C(C)N2N=C(/C=C\c3nc(-c4cccs4)cn3C)NC12,1,8.57,2017,ChEMBL
COC1=CC=C(C)N2N=C(CCc3nc(-c4ccc(C)o4)cn3C)NC12,1,7.7,2017,ChEMBL
COC1=CC=C(C)N2N=C(CCc3nc(-c4cccs4)cn3C)NC12,1,8.89,2017,ChEMBL
COC1=CC=C(C)N2N=C(CCc3nc(-c4cccs4)cn3CCN3CCOCC3)NC12,1,9.48,2017,ChEMBL
COC1=CC=C(C)N2N=C(CCc3nc(-c4ccoc4)cn3C)NC12,1,8.4,2017,ChEMBL
COC1=CC=C(C)N2N=C(CCc3nc(-c4ccsc4)cn3C)NC12,1,8.77,2017,ChEMBL
COC1=CC=C(C)N2N=C(CCc3nc(-c4cncs4)cn3C)NC12,1,8.04,2017,ChEMBL
COC1=CC=C(C)N2N=C(CCc3nc(-c4cncs4)cn3CCCC#N)NC12,1,8.77,2017,ChEMBL
COC1=CC=C(C)N2N=C(CCc3nc(-c4cocc4C)cn3C)NC12,1,8.51,2017,ChEMBL
COC1=CC=CN2N=C(/C=C\c3nc(-c4ccc(C)o4)cn3C)NC12,1,6.85,2017,ChEMBL
COC1=CC=CN2N=C(/C=C\c3nc(-c4cccs4)cn3C)NC12,1,7.21,2017,ChEMBL
COC1=CC=CN2N=C(/C=C\c3nc(-c4ccoc4)cn3C)NC12,1,7.33,2017,ChEMBL
COC1=CC=CN2N=C(/C=C\c3nc(-c4ccsc4)cn3C)NC12,1,7.28,2017,ChEMBL
COC1=CC=CN2N=C(/C=C\c3nc(-c4cncs4)cn3C)NC12,1,7.07,2017,ChEMBL
COC1=CC=CN2N=C(/C=C\c3nc(-c4cscc4C)cn3C)NC12,1,7.26,2017,ChEMBL
COC1=CC=CN2N=C(CCc3nc(-c4ccc(C)o4)cn3C)NC12,1,7.25,2017,ChEMBL
COC1=CC=CN2N=C(CCc3nc(-c4cccs4)cn3C)NC12,1,7.895,2017,ChEMBL
COC1=CC=CN2N=C(CCc3nc(-c4ccsc4)cn3C)NC12,1,7.8,2017,ChEMBL
COC1=CC=CN2N=C(CCc3nc(-c4cncs4)cn3C)NC12,1,7.44,2017,ChEMBL
COC1=CC=CN2N=C(CCc3nc(-c4cscc4C)cn3C)NC12,1,7.43,2017,ChEMBL
COC1=CN(c2ccc(-n3cccn3)cc2F)N=C(c2ccnn2-c2ccccc2)C1O,1,9.52,2019,ChEMBL
COC1CCN(C(=O)c2ccncc2NC(=O)c2nc(C3CC3)ccc2Nc2cncnc2)C1,1,7.03,2014,ChEMBL
COC1CCN(C(=O)c2nn(C)cc2NC(=O)c2nc(C3CC3)ccc2Nc2cncnc2)C1,1,8.08,2014,ChEMBL
COC1CCN(c2cccnc2Oc2ccc(Nc3nc4ccccc4s3)cc2)CC1,1,8.5,2014,ChEMBL
COC1CCN(c2nc(CCc3nc4c(C)ncc(C)n4n3)n(C)n2)C1,1,7.07,2016,ChEMBL
COC1CCN(c2nc3ccc(NC(=O)c4c(C(=O)N(C)C5CC5)cnn4C)cn3n2)C1,1,8.46,2016,ChEMBL
COC1CCN(c2nc3ccc(NC(=O)c4c(C(=O)N5CCC5)cnn4C)cn3n2)C1,1,8.31,2016,ChEMBL
COC1CCN(c2nc3ccc(NC(=O)c4c(C(=O)N5CCCC5)cnn4C)cn3n2)C1,1,8.12,2016,ChEMBL
COC1CCN(c2nc3ccc(NC(=O)c4c(C(=O)N5CCOCC5)cnn4C)cn3n2)C1,1,7.64,2016,ChEMBL
COC1CCN(c2ncc(-c3ccc(N4CCNCC4)nc3)n3cc(COc4ccc5ccccc5n4)nc23)CC1,1,7.05,2016,ChEMBL
COC1CCN(c2nccnc2C2CN(C(=O)c3nc4ccccc4[nH]3)C2)CC1,1,7.335,2017,ChEMBL
COC1CCN(c2nccnc2Oc2ccc(C(=O)c3nc4ccccc4[nH]3)cc2)CC1,1,8.14,2013,ChEMBL
COC1CN(C(=O)c2cccc3nc(NC(=O)c4sc5c(C(C)=O)ccc(CO)c5c4C)ccc23)C1,1,9.05,2016,ChEMBL
COC1CN(c2nccnc2C2CN(c3ccc4ccccc4n3)C2)C1,1,7.68,2017,ChEMBL
COCC(=O)N1CCC(c2cccnc2O[C@H]2C[C@@H](Nc3ccc4ccccc4n3)C2)CC1,1,9.02,2015,ChEMBL
COCC(=O)N1CCC(c2cccnc2O[C@H]2C[C@@H](Nc3nc4ccccc4s3)C2)CC1,1,8.89,2015,ChEMBL
COCC(=O)N1CCC(c2nccnc2C2CN(c3ccc4ccccc4n3)C2)CC1,1,7.2,2017,ChEMBL
COCC(=O)N1CCC(c2nccnc2O[C@H]2C[C@@H](Nc3ccc4ccccc4n3)C2)CC1,1,8.3,2015,ChEMBL
COCC(=O)N1CCC(c2nccnc2O[C@H]2C[C@@H](Nc3nc4ccccc4s3)C2)CC1,1,8.18,2015,ChEMBL
COCC(=O)NC1CCN(c2nccnc2C2CN(c3ccc4ccccc4n3)C2)C1,1,8.36,2017,ChEMBL
COCC(C)(C)CNC(=O)c1ccncc1NC(=O)c1nc(C2CC2)cnc1Nc1cncnc1,1,8.96,2014,ChEMBL
COCC(C)NC(=O)c1ccncc1NC(=O)c1nc(C2CC2)ccc1Nc1cncnc1,1,8.38,2014,ChEMBL
COCC(C)NC(=O)c1nn(C)cc1NC(=O)c1nc(C2CC2)ccc1Nc1cncnc1,1,8.16,2014,ChEMBL
COCC(O)Cn1cc(-c2cccs2)nc1CCC1=NN2C(C)=CC=CC2N1,1,8.12,2017,ChEMBL
COCC(O)Cn1cc(-c2cccs2)nc1CCC1=NN2C=CC=C(C)C2N1,1,8.08,2017,ChEMBL
COCC(O)Cn1cc(-c2cccs2)nc1CCc1cn2c(C)cc(C)nc2n1,1,8.1,2015,ChEMBL
COCC(O)Cn1cc(-c2cccs2)nc1CCc1nc2c(C)cccn2n1,1,8.08,2015,ChEMBL
COCC(O)Cn1cc(-c2cccs2)nc1CCc1nc2cccc(C)n2n1,1,8.12,2015,ChEMBL
COCC(O)Cn1cc(-c2cncs2)nc1CCc1cn2c(C)cc(C)nc2n1,1,7.24,2017,ChEMBL
COCC1CCN(c2nccnc2C2CN(C(=O)c3nc4ccccc4[nH]3)C2)CC1,1,7.73,2017,ChEMBL
COCC1CCN(c2nccnc2C2CN(c3ccc4ccccc4n3)C2)C1,1,8.18,2017,ChEMBL
COCC1CCN(c2nccnc2Oc2ccc(Nc3nc4ccccc4s3)cc2)CC1,1,7.71,2012,ChEMBL
COCCN(C)C(=O)c1ncccc1NC(=O)c1nc(C2CC2)cnc1Nc1cncnc1,1,7.57,2014,ChEMBL
COCCN(C)C(=O)c1ncncc1NC(=O)c1nc(C2CC2)cnc1Nc1cncnc1,1,7.05,2014,ChEMBL
COCCNc1cc(O)c2c(=O)c3c(-c4nccs4)[nH]c(Cc4ccc5c(c4)OCO5)c3oc2c1,1,7.34,2018,ChEMBL
COCCNc1nc(-n2ncc3ccccc32)nc(N)c1Br,1,7.59,2016,ChEMBL
COCCNc1nccnc1C1CN(C(=O)c2nc3ccccc3[nH]2)C1,1,7.23,2017,ChEMBL
COCCOCCOc1ccc(-c2cnc(N3CCOCC3)c3nc(/C=C/c4ccc5ccccc5n4)cn23)cc1,1,7.08,2016,ChEMBL
COCCOCCOc1ccc(-c2cnc(N3CCOCC3)c3nc(CCc4ccc5ccccc5n4)cn23)cc1,1,9.0,2016,ChEMBL
COCCOCc1cccc2nc(NC(=O)c3sc4c(C(C)=O)ccc(COC)c4c3C)ccc12,1,9.12,2016,ChEMBL
COCCOc1cc(C)c2nc3[nH]nc(C)c3c(CN3CCCOCC3)c2c1,1,9.0,2012,ChEMBL
COCCOc1cc(Cl)c(C)n2nc(CCc3nc(N4CCCC4)nn3C)nc12,1,9.64,2016,ChEMBL
COCCOc1cc(N2CCCC2)nc(/C=C/c2nc(C)c(C)c(N(C)C)n2)n1,1,8.74,2021,ChEMBL
COCCOc1ccc(-c2cnc(C)nc2OC[C@H]2C[C@@H]2c2ccc(C)cn2)cn1,1,9.24,2017,ChEMBL
COCCOc1ccc(NC(=O)c2nc(C3CC3)cnc2Nc2cncnc2)c(C(=O)NCC(C)(C)O)c1,1,9.15,2014,ChEMBL
COCCOc1nc(-c2ccc(C)nc2)nc2c1CN(C(=O)c1cnn3ccccc13)CC2,1,7.9,2013,ChEMBL
COCCOc1nc(-c2ccc(Cl)nc2)nc2c1CN(C(=O)Oc1ccccc1)CC2,1,7.78,2013,ChEMBL
COCCOc1nc(-c2ccc(Cl)nc2)nc2c1CN(C(=O)c1cnn3ccccc13)CC2,1,9.035,2013,ChEMBL
COCCOc1nc(-c2ccc(Cl)nc2)nc2c1CN(C(=O)c1ncn3ccccc13)CC2,1,9.0,2023,ChEMBL
COCCOc1nc(-c2ccncc2)nc2c1CN(C(=O)Nc1ccccc1)CC2,1,6.87,2012,ChEMBL
COCCOc1nc([C@@H]2C[C@H]2c2nc3ccccc3n2C)cc(-n2nc(C)nc2C)n1,1,8.97,2015,ChEMBL
COCCc1ccc(-c2c(C)nc3c(N4CCOCC4)ccnn23)cn1,1,7.89,2021,ChEMBL
COCCc1nc(C)nn1-c1cc(N2CC(c3nc4ccccc4n3C)C2)nc(C)n1,1,8.72,2016,ChEMBL
COCCn1c(C)c(-c2cnc(C)nc2OC[C@H]2C[C@@H]2c2ccc(C)cn2)ccc1=O,1,8.51,2016,ChEMBL
COCCn1c(C)c(-c2cnc(C)nc2OC[C@H]2C[C@@H]2c2ccc(OC)cn2)ccc1=O,1,8.84,2016,ChEMBL
COCCn1c(C)c(-c2cnc(C)nc2OC[C@H]2C[C@@H]2c2ccc3ccccc3n2)ccc1=O,1,10.35,2016,ChEMBL
COCCn1cc(-c2ccccc2)nc1CCNC(=O)c1c(C(=O)N2CCC2)cnn1C,1,8.51,2014,ChEMBL
COCCn1cc(-c2cccs2)nc1CCc1cn2c(C)cc(C)nc2n1,1,6.89,2017,ChEMBL
COCCn1cc(-c2cnc(C)nc2OC[C@H]2C[C@@H]2c2ccc(C)cn2)ccc1=O,1,8.86,2016,ChEMBL
COCCn1cc(-c2cnc(C)nc2OC[C@H]2C[C@@H]2c2ccc(OC)cn2)ccc1=O,1,9.09,2016,ChEMBL
COCCn1cc(-c2cncs2)nc1CCc1cn2c(C)cc(C)nc2n1,1,6.68,2017,ChEMBL
COCCn1cc(NC(=O)c2nc(C3CC3)ccc2Nc2cncnc2)c(C(=O)N(C)C)n1,1,6.91,2014,ChEMBL
COCCn1ccc(-c2cnc(C)nc2OC[C@H]2C[C@@H]2c2ccc(C)cn2)cc1=O,1,9.379999999999999,2016,ChEMBL
COCCn1ccc(-c2cnc(C)nc2OC[C@H]2C[C@@H]2c2ccc(OC)cn2)cc1=O,1,9.26,2016,ChEMBL
COCCn1ccc(-c2cnc(C)nc2OC[C@H]2C[C@@H]2c2ccc3ccccc3n2)cc1=O,1,10.92,2016,ChEMBL
COCCn1nc(-c2ccccc2)nc1CCNC(=O)c1c(C(=O)N2CCC2)cnn1C,1,6.52,2014,ChEMBL
COCCn1ncc(NC(=O)c2nc(C3CC3)cnc2Nc2cncnc2)c1C(=O)N(C)C,1,7.9,2014,ChEMBL
COCOc1c(C)cc(-c2cnc(N3CCOCC3)c3nc(/C=C/c4ccc5ccccc5n4)cn23)cc1C,1,7.72,2016,ChEMBL
COC[C@@H](C)Oc1nc([C@@H]2C[C@H]2c2nc3ccccc3n2C)cc(-n2nc(C)nc2C)n1,1,9.2,2015,ChEMBL
COC[C@H](C)NC(=O)c1cccnc1Oc1ccc(C(=O)c2nc3ccccc3[nH]2)cc1,1,7.89,2014,ChEMBL
COC[C@H](C)Nc1ccc(-c2cnnc3cc(OC)c(OC)cc23)cn1,1,8.0,2012,ChEMBL
COC[C@H](C)Oc1nc(-c2ccc(Cl)nc2)nc2c1CN(C(=O)Nc1ccc(C)nc1)CC2,1,9.04,2013,ChEMBL
COC[C@H](C)Oc1nc(-c2ccc(Cl)nc2)nc2c1CN(C(=O)c1ncn3ccccc13)CC2,1,9.37,2013,ChEMBL
COC[C@H](C)Oc1nc([C@@H]2C[C@H]2c2nc3ccccc3n2C)cc(-n2nc(C)nc2C)n1,1,9.05,2015,ChEMBL
COC[C@H](Cc1ccccc1)NC(=O)c1cccnc1Oc1ccc(C(=O)c2nc3ccccc3[nH]2)cc1,1,8.79,2014,ChEMBL
COC[C@H]1CCCN1c1nc(CCc2nc3c(C)ncc(C)n3n2)n(C)n1,1,7.85,2016,ChEMBL
COC[C@H]1CCCN1c1nc2n(n1)CCC(NC(=O)c1c(-c3nc(C(F)F)cs3)cnn1C)C2,1,7.28,2017,ChEMBL
COC[C@H]1CCCN1c1nccnc1C1CN(c2ccc3ccccc3n2)C1,1,6.09,2017,ChEMBL
COCc1cc2c3cccnc3cc(CCc3nc(-c4ccccc4)cn3C)n2n1,1,7.38,2014,ChEMBL
COCc1ccc(C(=O)C(C)(C)C)c2sc(C(=O)Nc3cc(CN4CC[C@@H](O)C4)c4ccccc4n3)c(C)c12,1,10.07,2016,ChEMBL
COCc1ccc(C(=O)C(C)C)c2sc(C(=O)Nc3cc(CN4CC[C@@H](O)C4)c4ccccc4n3)c(C)c12,1,9.51,2016,ChEMBL
COCc1ccc(C(C)=O)c2sc(C(=O)Nc3cc(C(=O)N4CC[C@@H](O)C4)c4ccccc4n3)c(C)c12,1,8.59,2016,ChEMBL
COCc1ccc(C(C)=O)c2sc(C(=O)Nc3cc(C(C)(C)O)c4ccccc4n3)c(C)c12,1,8.74,2016,ChEMBL
COCc1ccc(C(C)=O)c2sc(C(=O)Nc3cc(C(C)O)c4ccccc4n3)c(C)c12,1,9.05,2016,ChEMBL
COCc1ccc(C(C)=O)c2sc(C(=O)Nc3cc(CN(C)CCO)c4ccccc4n3)c(C)c12,1,9.03,2016,ChEMBL
COCc1ccc(C(C)=O)c2sc(C(=O)Nc3cc(CN4CC(O)C4)c4ccccc4n3)c(C)c12,1,9.31,2016,ChEMBL
COCc1ccc(C(C)=O)c2sc(C(=O)Nc3cc(CN4CCC(F)(F)C4)c4ccccc4n3)c(C)c12,1,9.07,2016,ChEMBL
COCc1ccc(C(C)=O)c2sc(C(=O)Nc3cc(CN4CCC(F)CC4)c4ccccc4n3)c(C)c12,1,9.36,2016,ChEMBL
COCc1ccc(C(C)=O)c2sc(C(=O)Nc3cc(CN4CCC(O)C4)c4ccccc4n3)c(C)c12,1,9.54,2016,ChEMBL
COCc1ccc(C(C)=O)c2sc(C(=O)Nc3cc(CN4CCC(O)CC4)c4ccccc4n3)c(C)c12,1,9.46,2016,ChEMBL
COCc1ccc(C(C)=O)c2sc(C(=O)Nc3cc(CN4CCCC(O)C4)c4ccccc4n3)c(C)c12,1,9.3,2016,ChEMBL
COCc1ccc(C(C)=O)c2sc(C(=O)Nc3cc(CN4CCCC4)c4ccccc4n3)c(C)c12,1,8.21,2016,ChEMBL
COCc1ccc(C(C)=O)c2sc(C(=O)Nc3cc(CN4CCN(C)CC4)c4ccccc4n3)c(C)c12,1,9.1,2016,ChEMBL
COCc1ccc(C(C)=O)c2sc(C(=O)Nc3cc(CN4CCNCC4)c4ccccc4n3)c(C)c12,1,8.54,2016,ChEMBL
COCc1ccc(C(C)=O)c2sc(C(=O)Nc3cc(CN4CCOCC4)c4ccccc4n3)c(C)c12,1,8.68,2016,ChEMBL
COCc1ccc(C(C)=O)c2sc(C(=O)Nc3cc(CN4CC[C@@H](F)C4)c4ccccc4n3)c(C)c12,1,9.3,2016,ChEMBL
COCc1ccc(C(C)=O)c2sc(C(=O)Nc3cc(CN4CC[C@@H](O)C4)c4ccccc4n3)c(C)c12,1,9.39,2016,ChEMBL
COCc1ccc(C(C)=O)c2sc(C(=O)Nc3cc(CN4CC[C@H](O)C4)c4ccccc4n3)c(C)c12,1,9.510000000000002,2016,ChEMBL
COCc1ccc(C(C)=O)c2sc(C(=O)Nc3cc(Cl)c4ccccc4n3)c(C)c12,1,7.75,2016,ChEMBL
COCc1ccc(C(C)=O)c2sc(C(=O)Nc3cc(N(C)C)c4ccccc4n3)c(C)c12,1,9.35,2016,ChEMBL
COCc1ccc(C(C)=O)c2sc(C(=O)Nc3cc(N)c4ccccc4n3)c(C)c12,1,10.27,2016,ChEMBL
COCc1ccc(C(C)=O)c2sc(C(=O)Nc3cc(N4CCN(C)CC4)c4ccccc4n3)c(C)c12,1,8.8,2016,ChEMBL
COCc1ccc(C(C)=O)c2sc(C(=O)Nc3cc(N4CCOCC4)c4ccccc4n3)c(C)c12,1,8.96,2016,ChEMBL
COCc1ccc(C(C)=O)c2sc(C(=O)Nc3ccc4c(C(=O)N(C)C)cccc4n3)c(C)c12,1,9.59,2016,ChEMBL
COCc1ccc(C(C)=O)c2sc(C(=O)Nc3ccc4c(C(=O)N5CC(F)(F)C5)cccc4n3)c(C)c12,1,9.38,2016,ChEMBL
COCc1ccc(C(C)=O)c2sc(C(=O)Nc3ccc4c(C(=O)N5CC(F)C5)cccc4n3)c(C)c12,1,9.96,2016,ChEMBL
COCc1ccc(C(C)=O)c2sc(C(=O)Nc3ccc4c(C(=O)N5CC(O)C5)cccc4n3)c(C)c12,1,9.96,2016,ChEMBL
COCc1ccc(C(C)=O)c2sc(C(=O)Nc3ccc4c(C(=O)N5CC(OC)C5)cccc4n3)c(C)c12,1,9.27,2016,ChEMBL
COCc1ccc(C(C)=O)c2sc(C(=O)Nc3ccc4c(C(=O)N5CCC5)cccc4n3)c(C)c12,1,9.68,2016,ChEMBL
COCc1ccc(C(C)=O)c2sc(C(=O)Nc3ccc4c(C(=O)N5CCN(C)CC5)cccc4n3)c(C)c12,1,9.51,2016,ChEMBL
COCc1ccc(C(C)=O)c2sc(C(=O)Nc3ccc4c(C(=O)N5CCOCC5)cccc4n3)c(C)c12,1,9.32,2016,ChEMBL
COCc1ccc(C(C)=O)c2sc(C(=O)Nc3ccc4c(C(=O)NN5CCCC5)cccc4n3)c(C)c12,1,8.92,2016,ChEMBL
COCc1ccc(C(C)=O)c2sc(C(=O)Nc3ccc4c(C(=O)O)cccc4n3)c(C)c12,1,9.96,2016,ChEMBL
COCc1ccc(C(C)=O)c2sc(C(=O)Nc3ccc4c(C(=O)OC)cccc4n3)c(C)c12,1,7.92,2016,ChEMBL
COCc1ccc(C(C)=O)c2sc(C(=O)Nc3ccc4c(C(C)(C)O)cccc4n3)c(C)c12,1,8.52,2016,ChEMBL
COCc1ccc(C(C)=O)c2sc(C(=O)Nc3ccc4c(C(C)=O)cccc4n3)c(C)c12,1,9.04,2016,ChEMBL
COCc1ccc(C(C)=O)c2sc(C(=O)Nc3ccc4c(C(C)O)cccc4n3)c(C)c12,1,9.28,2016,ChEMBL
COCc1ccc(C(C)=O)c2sc(C(=O)Nc3ccc4c(C)cccc4n3)c(C)c12,1,8.8,2016,ChEMBL
COCc1ccc(C(C)=O)c2sc(C(=O)Nc3ccc4c(CN(C)C)cccc4n3)c(C)c12,1,8.74,2016,ChEMBL
COCc1ccc(C(C)=O)c2sc(C(=O)Nc3ccc4c(CN5CC(O)C5)cccc4n3)c(C)c12,1,9.41,2016,ChEMBL
COCc1ccc(C(C)=O)c2sc(C(=O)Nc3ccc4c(CN5CC(OC)C5)cccc4n3)c(C)c12,1,8.92,2016,ChEMBL
COCc1ccc(C(C)=O)c2sc(C(=O)Nc3ccc4c(CN5CCOCC5)cccc4n3)c(C)c12,1,8.89,2016,ChEMBL
COCc1ccc(C(C)=O)c2sc(C(=O)Nc3ccc4c(CN5CC[C@@H](F)C5)cccc4n3)c(C)c12,1,8.92,2016,ChEMBL
COCc1ccc(C(C)=O)c2sc(C(=O)Nc3ccc4c(CN5CC[C@@H](O)C5)cccc4n3)c(C)c12,1,9.12,2016,ChEMBL
COCc1ccc(C(C)=O)c2sc(C(=O)Nc3ccc4c(CN5CC[C@H](O)C5)cccc4n3)c(C)c12,1,8.96,2016,ChEMBL
COCc1ccc(C(C)=O)c2sc(C(=O)Nc3ccc4c(CO)cccc4n3)c(C)c12,1,8.96,2016,ChEMBL
COCc1ccc(C(C)=O)c2sc(C(=O)Nc3ccc4c(COC(=O)CCC(=O)O)cccc4n3)c(C)c12,1,9.215,2016,ChEMBL
COCc1ccc(C(C)=O)c2sc(C(=O)Nc3ccc4c(COC(=O)CN)cccc4n3)c(C)c12,1,8.96,2016,ChEMBL
COCc1ccc(C(C)=O)c2sc(C(=O)Nc3ccc4c(COC(=O)[C@@H](N)C(C)C)cccc4n3)c(C)c12,1,8.15,2016,ChEMBL
COCc1ccc(C(C)=O)c2sc(C(=O)Nc3ccc4c(COC(=O)[C@@H](N)CO)cccc4n3)c(C)c12,1,9.13,2016,ChEMBL
COCc1ccc(C(C)=O)c2sc(C(=O)Nc3ccc4c(COC(=O)[C@H](C)N)cccc4n3)c(C)c12,1,8.96,2016,ChEMBL
COCc1ccc(C(C)=O)c2sc(C(=O)Nc3ccc4c(COC(C)=O)cccc4n3)c(C)c12,1,9.07,2016,ChEMBL
COCc1ccc(C(C)=O)c2sc(C(=O)Nc3ccc4c(COC(F)F)cccc4n3)c(C)c12,1,8.7,2016,ChEMBL
COCc1ccc(C(C)=O)c2sc(C(=O)Nc3ccc4c(COCCO)cccc4n3)c(C)c12,1,9.27,2016,ChEMBL
COCc1ccc(C(C)=O)c2sc(C(=O)Nc3ccc4c(COP(=O)(O)O)cccc4n3)c(C)c12,1,9.11,2016,ChEMBL
COCc1ccc(C(C)=O)c2sc(C(=O)Nc3ccc4c(CS(C)(=O)=O)cccc4n3)c(C)c12,1,9.08,2016,ChEMBL
COCc1ccc(C(C)=O)c2sc(C(=O)Nc3ccc4ccccc4n3)c(C)c12,1,8.96,2016,ChEMBL
COCc1ccc(NC(=O)c2nc(C3CC3)cnc2Nc2cncnc2)c(C(=O)NCC(C)(C)O)n1,1,9.3,2014,ChEMBL
COCc1ccc(Nc2cncnc2)c(C(=O)Nc2cc(-c3ccccn3)nn2C)n1,1,8.15,2013,ChEMBL
COCc1ccc(Nc2cncnc2)c(C(=O)Nc2cc(-c3ccccn3)nn2CCO)n1,1,8.3,2013,ChEMBL
COCc1cccc(-c2nccnc2C2CN(C(=O)c3nc4ccccc4[nH]3)C2)c1,1,7.35,2017,ChEMBL
COCc1cccc2nc(NC(=O)c3sc4c(C(C)=O)ccc(CO)c4c3C)ccc12,1,9.92,2016,ChEMBL
COCc1cccc2nc(NC(=O)c3sc4c(C(C)=O)ccc(COC)c4c3C)ccc12,1,9.075,2016,ChEMBL
COCc1nc(C)nn1-c1cc(C2C[C@H]2c2nc3ccccc3n2C)nc(C)n1,1,9.31,2016,ChEMBL
COCc1nc(C)nn1-c1cc(N2CC(c3nc4ccccc4n3C)C2)nc(C(F)(F)F)n1,1,9.03,2016,ChEMBL
COCc1nc(C)nn1-c1cc(N2CC(c3nc4ccccc4n3C)C2)nc(C)n1,1,8.82,2016,ChEMBL
COCc1nc(C)nn1-c1cc(N2CC(c3nc4ccccc4n3C)C2)nc(C2CC2)n1,1,8.6,2016,ChEMBL
COCc1nc(C)nn1-c1cc([C@H]2C[C@@H]2c2nc3ccccc3n2C)nc(C)n1,1,8.85,2015,ChEMBL
COCc1nc2ccc(OCc3ccc4ccccc4n3)cc2n1-c1ccccc1,1,6.78,2013,ChEMBL
COCc1ncc(Cc2ccc3cccc(N)c3n2)c2cc(OC)c(OC)cc12,1,8.07,2018,ChEMBL
COCc1ncc(Cc2ccc3cccc(NS(N)(=O)=O)c3n2)c2cc(OC)c(OC)cc12,1,9.74,2018,ChEMBL
COCc1ncc(Cc2ccc3cccc(O)c3n2)c2cc(OC)c(OC)cc12,1,7.72,2018,ChEMBL
COCc1ncc(Cc2ccc3cccc(OCC(N)=O)c3n2)c2cc(OC)c(OC)cc12,1,7.68,2018,ChEMBL
COCc1ncc(Cc2ccc3cccc(OCCO)c3n2)c2cc(OC)c(OC)cc12,1,7.55,2018,ChEMBL
COCc1ncc(Cc2cnc3ccc(O)c(C(F)(F)F)c3c2)c2cc(OC)c(OC)cc12,1,8.35,2018,ChEMBL
COCc1ncc(Cc2cnc3ccc(O)cc3c2)c2cc(OC)c(OC)cc12,1,8.25,2018,ChEMBL
COCc1ncc(Nc2cncnc2)c(C(=O)Nc2cc(-c3ccccn3)nn2C)n1,1,6.59,2013,ChEMBL
COCc1ncnn1-c1cc([C@@H]2C[C@H]2c2nc3ccccc3n2C)nc(C)n1,1,8.28,2015,ChEMBL
CON(C)C(=O)c1c(NC(=O)c2nc(C3CC3)cnc2Nc2cncnc2)cnn1C,1,8.66,2014,ChEMBL
CO[C@@H](C)c1nc(C)nn1-c1cc([C@@H]2C[C@H]2c2nc3ccccc3n2C)nc(C)n1,1,8.68,2015,ChEMBL
CO[C@H](C)c1nc(C)nn1-c1cc(C2C[C@H]2c2nc3ccccc3n2C)nc(C)n1,1,8.68,2016,ChEMBL
CO[C@H]1CC[C@H](Nc2cc(N3CCCC3)nc3cc(-c4nc5c(nc4C)OCCC5)nn23)CC1,1,9.05,2015,ChEMBL
COc1c(C)cnc(/C=C/c2cccc(N3CCCC3)n2)c1C,1,6.1,2017,ChEMBL
COc1c(C)cnc(CCc2cccc(N3CCCC3)n2)c1C,1,6.21,2017,ChEMBL
COc1c(Cl)ccc2nc(CCc3cccc(N4CCCC4)n3)[nH]c(=O)c12,1,6.33,2017,ChEMBL
COc1c(OCc2ccc(F)cc2)cc2oc3cc4c(c(OC/C=C/C(=O)O)c3c(=O)c2c1CC=C(C)C)C=CC(C)(C)O4,1,6.58,2021,ChEMBL
COc1cc(-c2c(/C=C/c3ccc4ccccc4n3)nc3c(N4CCOCC4)ccnn23)ccc1C(=O)O,1,7.66,2015,ChEMBL
COc1cc(-c2c(CCc3ccc4ccccc4n3)nc3c(N4CCOCC4)ccnn23)ccc1C(=O)O,1,8.22,2015,ChEMBL
COc1cc(-c2ccc(F)nc2)cc2c1nc(C)c1c(C)nc(-c3ccc(F)nc3)n12,1,8.48,2016,ChEMBL
COc1cc(-c2ccc(F)nc2)cc2c1nc(C)c1c(C)nc(-c3cccnc3)n12,1,9.48,2016,ChEMBL
COc1cc(-c2ccc(F)nc2)cc2c1nc(C)c1c(C)nc(-c3ccncc3)n12,1,9.39,2016,ChEMBL
COc1cc(-c2ccc(F)nc2)cc2c1nc(C)c1c(C)nc(Br)n12,1,7.99,2016,ChEMBL
COc1cc(-c2ccc(F)nc2)cc2c1nc(C)c1c(C)ncn12,1,7.58,2016,ChEMBL
COc1cc(-c2cccnc2)cc2c1nc(C)c1c(C)nc(-c3ccc(F)nc3)n12,1,9.06,2016,ChEMBL
COc1cc(-c2cccnc2)cc2c1nc(C)c1c(C)nc(-c3cccnc3)n12,1,9.96,2016,ChEMBL
COc1cc(-c2cccnc2)cc2c1nc(C)c1c(C)nc(-c3cccnc3F)n12,1,10.43,2016,ChEMBL
COc1cc(-c2cccnc2)cc2c1nc(C)c1c(C)nc(-c3ccnc(F)c3)n12,1,9.34,2016,ChEMBL
COc1cc(-c2cccnc2F)cc2c1nc(C)c1c(C)nc(-c3cccnc3F)n12,1,10.32,2016,ChEMBL
COc1cc(-c2cccnc2Oc2ccc(C(=O)c3nc4ccccc4[nH]3)cc2)ccn1,1,8.79,2014,ChEMBL
COc1cc(-c2cccnc2Oc2ccc(Nc3nc4ccccc4s3)cc2)ccn1,1,7.92,2014,ChEMBL
COc1cc(-c2ccnc(F)c2)cc2c1nc(C)c1c(C)nc(-c3ccnc(F)c3)n12,1,8.8,2016,ChEMBL
COc1cc(-c2ccncc2)cc2c1nc(C)c1c(C)nc(-c3ccc(F)nc3)n12,1,9.0,2016,ChEMBL
COc1cc(-c2cnc(C)nc2OC[C@H]2C[C@@H]2c2ccc(C)cn2)cc2nccn12,1,9.09,2017,ChEMBL
COc1cc(-c2cnc(C)nc2OC[C@H]2C[C@@H]2c2ccc(C)cn2)cn(C)c1=O,1,9.46,2016,ChEMBL
COc1cc(-c2cnc(C)nc2OC[C@H]2C[C@@H]2c2ccc(C)cn2)cnn1,1,8.21,2017,ChEMBL
COc1cc(-c2cnc(C)nc2OC[C@H]2C[C@@H]2c2ccc3c(n2)CCC3)cn(C)c1=O,1,10.35,2016,ChEMBL
COc1cc(-c2cnc(C)nc2OC[C@H]2C[C@@H]2c2ccc3ccccc3n2)cc2nccn12,1,10.4,2017,ChEMBL
COc1cc(-c2ncc(-c3ccc(N4CCNCC4)nc3)n3cc(/C=C/c4ccc5ccccc5n4)nc23)ccn1,1,6.61,2016,ChEMBL
COc1cc(-c2ncc(-c3ccc(N4CCNCC4)nc3)n3cc(COc4ccc5ccccc5n4)nc23)ccn1,1,6.55,2016,ChEMBL
COc1cc(-c2nccnc2C2CN(C(=O)c3nc4ccccc4[nH]3)C2)ccc1F,1,6.87,2017,ChEMBL
COc1cc(-c2nccnc2C2CN(C(=O)c3nc4ccccc4[nH]3)C2)ccn1,1,7.03,2017,ChEMBL
COc1cc(-c2nccnc2C2CN(c3ccc4ccccc4n3)C2)cc(C(F)(F)F)c1,1,10.825,2017,ChEMBL
COc1cc(-c2nccnc2C2CN(c3ccc4ccccc4n3)C2)ccc1F,1,8.53,2017,ChEMBL
COc1cc(-c2nccnc2C2CN(c3ccc4ccccc4n3)C2)ccn1,1,8.7,2017,ChEMBL
COc1cc(/C=C/c2nc(N3CCCC3)nn2C)nn2c(C)c(C(F)(F)F)nc12,1,9.0,2017,ChEMBL
COc1cc(/C=C/c2nc3c(N4CCOCC4)ccnn3c2-c2ccc(C(=O)O)cc2)nc2ccccc12,1,8.22,2015,ChEMBL
COc1cc(Br)cc2c1nc(C)c1c(C)nc(-c3ccc(F)nc3)n12,1,8.53,2016,ChEMBL
COc1cc(Br)cc2c1nc(C)c1c(C)nc(-c3cccnc3F)n12,1,9.92,2016,ChEMBL
COc1cc(Br)cc2c1nc(C)c1c(C)nc(-c3ccnc(F)c3)n12,1,8.5,2016,ChEMBL
COc1cc(C#N)cc2c1nc(C)c1c(C)nc(-c3ccc(F)nc3)n12,1,7.69,2016,ChEMBL
COc1cc(C#N)cc2c1nc(C)c1c(C)nc(-c3cccnc3F)n12,1,8.77,2016,ChEMBL
COc1cc(C(=O)O)ccc1-c1c(/C=C/c2ccc3ccccc3n2)nc2c(N3CCOCC3)ccnn12,1,8.52,2015,ChEMBL
COc1cc(C(F)(F)F)cc2c1nc(C)c1c(C)nc(-c3ccncc3C)n12,1,10.05,2011,ChEMBL
COc1cc(C(F)(F)F)cc2c1nnc1c(C)nc(-c3cccc(F)c3C)n12,1,8.73,2012,ChEMBL
COc1cc(C(F)(F)F)cc2c1nnc1c(C)nc(-c3ccncc3C)n12,1,8.83,2012,ChEMBL
COc1cc(C(F)(F)F)cc2c1nnc1c(C)nc(-c3cnccc3C)n12,1,8.29,2012,ChEMBL
COc1cc(C)c2nc3[nH]nc(C)c3c(C(=O)c3ccncc3)c2c1,1,9.0,2012,ChEMBL
COc1cc(C)c2nc3[nH]nc(C)c3c(C(C#N)c3ccccc3)c2c1,1,7.92,2012,ChEMBL
COc1cc(C)c2nc3[nH]nc(C)c3c(C(C)(O)c3ccncc3)c2c1,1,8.4,2012,ChEMBL
COc1cc(C)c2nc3[nH]nc(C)c3c(C(F)c3ccncc3)c2c1,1,9.52,2012,ChEMBL
COc1cc(C)c2nc3[nH]nc(C)c3c(C(O)c3ccc(F)cc3)c2c1,1,7.08,2012,ChEMBL
COc1cc(C)c2nc3[nH]nc(C)c3c(C(O)c3ccccc3)c2c1,1,7.3,2012,ChEMBL
COc1cc(C)c2nc3[nH]nc(C)c3c(C(O)c3ccccn3)c2c1,1,7.27,2012,ChEMBL
COc1cc(C)c2nc3[nH]nc(C)c3c(C(O)c3cccnc3)c2c1,1,8.0,2012,ChEMBL
COc1cc(C)c2nc3[nH]nc(C)c3c(C(O)c3ccnc(F)c3)c2c1,1,10.15,2012,ChEMBL
COc1cc(C)c2nc3[nH]nc(C)c3c(C(O)c3ccncc3)c2c1,1,10.22,2012,ChEMBL
COc1cc(C)c2nc3[nH]nc(C)c3c(C(O)c3cncn3C)c2c1,1,7.68,2012,ChEMBL
COc1cc(C)c2nc3[nH]nc(C)c3c(C(O)c3cncs3)c2c1,1,8.7,2012,ChEMBL
COc1cc(C)c2nc3[nH]nc(C)c3c(C(O)c3ncco3)c2c1,1,9.22,2012,ChEMBL
COc1cc(C)c2nc3[nH]nc(C)c3c(CN3CC4CC3CO4)c2c1,1,7.34,2012,ChEMBL
COc1cc(C)c2nc3[nH]nc(C)c3c(CN3CCC(C(F)(F)F)CC3)c2c1,1,6.06,2012,ChEMBL
COc1cc(C)c2nc3[nH]nc(C)c3c(CN3CCC(CO)C3)c2c1,1,7.5,2012,ChEMBL
COc1cc(C)c2nc3[nH]nc(C)c3c(CN3CCC(F)CC3)c2c1,1,6.7,2012,ChEMBL
COc1cc(C)c2nc3[nH]nc(C)c3c(CN3CCC(O)CC3)c2c1,1,7.24,2012,ChEMBL
COc1cc(C)c2nc3[nH]nc(C)c3c(CN3CCCC(C(F)(F)F)C3)c2c1,1,6.45,2012,ChEMBL
COc1cc(C)c2nc3[nH]nc(C)c3c(CN3CCCC3)c2c1,1,7.62,2012,ChEMBL
COc1cc(C)c2nc3[nH]nc(C)c3c(CN3CCCCC3)c2c1,1,6.09,2012,ChEMBL
COc1cc(C)c2nc3[nH]nc(C)c3c(CN3CCCOCC3)c2c1,1,8.3,2012,ChEMBL
COc1cc(C)c2nc3[nH]nc(C)c3c(CN3CCNC(=O)C3)c2c1,1,8.05,2012,ChEMBL
COc1cc(C)c2nc3[nH]nc(C)c3c(CN3CCNCC3)c2c1,1,7.31,2012,ChEMBL
COc1cc(C)c2nc3[nH]nc(C)c3c(CN3CCN[C@H](C)C3)c2c1,1,7.52,2012,ChEMBL
COc1cc(C)c2nc3[nH]nc(C)c3c(CN3CCOC(C)(C)C3)c2c1,1,6.77,2012,ChEMBL
COc1cc(C)c2nc3[nH]nc(C)c3c(CN3CCOC(C)C3)c2c1,1,8.52,2012,ChEMBL
COc1cc(C)c2nc3[nH]nc(C)c3c(CN3CCOC(CO)C3)c2c1,1,9.22,2012,ChEMBL
COc1cc(C)c2nc3[nH]nc(C)c3c(CN3CCOCC3)c2c1,1,9.0,2012,ChEMBL
COc1cc(C)c2nc3[nH]nc(C)c3c(CN3CC[C@@H](O)C3)c2c1,1,8.52,2012,ChEMBL
COc1cc(C)c2nc3[nH]nc(C)c3c(CN3C[C@@H](C)O[C@@H](C)C3)c2c1,1,7.58,2012,ChEMBL
COc1cc(C)c2nc3[nH]nc(C)c3c(CN3[C@@H]4CC[C@H]3C[C@@H](O)C4)c2c1,1,6.58,2012,ChEMBL
COc1cc(C)c2nc3[nH]nc(C)c3c(N(C)C3CCOCC3)c2c1,1,7.39,2012,ChEMBL
COc1cc(C)c2nc3[nH]nc(C)c3c(N3CCC(C(N)=O)CC3)c2c1,1,8.52,2012,ChEMBL
COc1cc(C)c2nc3[nH]nc(C)c3c(N3CCC(CN)CC3)c2c1,1,9.3,2012,ChEMBL
COc1cc(C)c2nc3[nH]nc(C)c3c(N3CCC(N)CC3)c2c1,1,9.0,2012,ChEMBL
COc1cc(C)c2nc3[nH]nc(C)c3c(N3CCC(NC(N)=O)CC3)c2c1,1,7.57,2012,ChEMBL
COc1cc(C)c2nc3[nH]nc(C)c3c(N3CCC(O)CC3)c2c1,1,7.85,2012,ChEMBL
COc1cc(C)c2nc3[nH]nc(C)c3c(N3CCCC(CO)C3)c2c1,1,7.54,2012,ChEMBL
COc1cc(C)c2nc3[nH]nc(C)c3c(N3CCCCC3)c2c1,1,6.44,2012,ChEMBL
COc1cc(C)c2nc3[nH]nc(C)c3c(N3CCCNCC3)c2c1,1,7.82,2012,ChEMBL
COc1cc(C)c2nc3[nH]nc(C)c3c(N3CCCOCC3)c2c1,1,8.44,2012,ChEMBL
COc1cc(C)c2nc3[nH]nc(C)c3c(N3CCN(C(N)=O)[C@@H](C)C3)c2c1,1,8.48,2012,ChEMBL
COc1cc(C)c2nc3[nH]nc(C)c3c(N3CCNCC3)c2c1,1,7.015000000000001,2012,ChEMBL
COc1cc(C)c2nc3[nH]nc(C)c3c(N3CCOC(CO)C3)c2c1,1,8.02,2012,ChEMBL
COc1cc(C)c2nc3[nH]nc(C)c3c(N3CCOCC3)c2c1,1,7.64,2012,ChEMBL
COc1cc(C)c2nc3[nH]nc(C)c3c(N3CCSCC3)c2c1,1,6.71,2012,ChEMBL
COc1cc(C)c2nc3[nH]nc(C)c3c(NC3CCNCC3)c2c1,1,7.26,2012,ChEMBL
COc1cc(C)c2nc3[nH]nc(C)c3c(NC3CCOCC3)c2c1,1,7.92,2012,ChEMBL
COc1cc(C)c2nc3[nH]nc(C)c3c(NCC3CCCCO3)c2c1,1,6.89,2012,ChEMBL
COc1cc(C)c2nc3[nH]nc(C)c3c(NCC3CCNCC3)c2c1,1,7.82,2012,ChEMBL
COc1cc(C)c2nc3[nH]nc(C)c3c(NCC3CCOCC3)c2c1,1,7.28,2012,ChEMBL
COc1cc(C)c2nc3[nH]nc(C)c3c(NCC3CN(C)CCO3)c2c1,1,6.55,2012,ChEMBL
COc1cc(C)c2nc3[nH]nc(C)c3c(NCC3CNCCO3)c2c1,1,8.3,2012,ChEMBL
COc1cc(C)c2nc3[nH]nc(C)c3c(NCCC3CCOCC3)c2c1,1,6.39,2012,ChEMBL
COc1cc(C)c2nc3[nH]nc(C)c3c(NCCc3ccncc3)c2c1,1,7.16,2012,ChEMBL
COc1cc(C)c2nc3[nH]nc(C)c3c(NCc3ccccn3)c2c1,1,8.22,2012,ChEMBL
COc1cc(C)c2nc3[nH]nc(C)c3c(NCc3ccncc3)c2c1,1,9.22,2012,ChEMBL
COc1cc(C)c2nc3[nH]nc(C)c3c(OC3CCOCC3)c2c1,1,8.51,2012,ChEMBL
COc1cc(C)cn2c(C)c(C3CC3c3nc4c(C)ncc(C)n4n3)nc12,1,7.26,2020,ChEMBL
COc1cc(C)cn2c(C)c([C@@H]3C[C@H]3c3nc4c(C)ncc(C)n4n3)nc12,1,6.89,2020,ChEMBL
COc1cc(C)cn2c(F)c(C3CC3c3nc4c(C)ncc(C)n4n3)nc12,1,7.26,2020,ChEMBL
COc1cc(CCc2nc(N3CCCC3)nn2C)nn2c(C)c(C(F)(F)F)nc12,1,8.7,2017,ChEMBL
COc1cc(CCc2nc(N3CCCC3)nn2C)nn2c(C)c(C)nc12,1,8.52,2017,ChEMBL
COc1cc(CCc2nc3c(C)ncc(C)n3n2)nc2cc(F)ccc12,1,7.01,2017,ChEMBL
COc1cc(CCc2nc3c(C)ncc(C)n3n2)nc2ccc(F)cc12,1,7.0649999999999995,2017,ChEMBL
COc1cc(CCc2nc3c(C)ncc(C)n3n2)nc2ccccc12,1,7.6899999999999995,2017,ChEMBL
COc1cc(CCc2nc3c(OC)ccc(C)n3n2)nc2ccccc12,1,7.015000000000001,2017,ChEMBL
COc1cc(CCc2nc3cccc(C)n3n2)nc2ccccc12,1,6.785,2017,ChEMBL
COc1cc(CNc2ccc(-c3c(-c4ccncc4)cnn3C)cc2)nc2ccccc12,1,6.19,2013,ChEMBL
COc1cc(CNc2ccc(-c3nn(C)cc3-c3ccncc3)cc2)nc2ccccc12,0,4.86,2013,ChEMBL
COc1cc(COc2ccc(-c3c(-c4ccncc4)cnn3C)cc2)nc2ccccc12,1,9.44,2013,ChEMBL
COc1cc(COc2ccc(-c3nn(C)cc3-c3ccncc3)cc2)nc2ccccc12,1,9.55,2013,ChEMBL
COc1cc(CSc2ccc(-c3nn(C)cc3-c3ccncc3)cc2)nc2ccccc12,1,6.78,2013,ChEMBL
COc1cc(Cc2nccc3cc(OC)c(OCCF)cc23)ccc1F.O=C(O)C(=O)O,1,6.52,2011,ChEMBL
COc1cc(Cc2nccc3cc(OC)c(OCCF)cc23)ccc1OCCF.O=C(O)C(=O)O,1,6.61,2011,ChEMBL
COc1cc(Cl)c(C)n2nc(CCc3nc(N4CCCC4)nn3C)nc12,1,9.36,2016,ChEMBL
COc1cc(Cl)c2nc(C)c3c(C)nc(-c4ccncc4C)n3c2c1,1,9.1,2011,ChEMBL
COc1cc(F)c2nc(C)c3c(C)nc(-c4c(C)nn(C)c4C)n3c2c1,1,8.54,2011,ChEMBL
COc1cc(F)c2nc(C)c3c(C)nc(-c4cccnc4C)n3c2c1,1,8.82,2011,ChEMBL
COc1cc(F)c2nc(C)c3c(C)nc(-c4ccncc4C)n3c2c1,1,8.41,2011,ChEMBL
COc1cc(F)c2nc(C)c3c(C)nc(-c4cnccc4C)n3c2c1,1,7.93,2011,ChEMBL
COc1cc(F)c2nnc3c(C)nc(-c4ccccc4OC)n3c2c1,1,8.08,2012,ChEMBL
COc1cc(F)c2nnc3c(C)nc(-c4sccc4C)n3c2c1,1,8.03,2012,ChEMBL
COc1cc(F)c2nnc3c(c(-c4ccccc4Cl)nn3C)c2c1,1,6.53,2019,ChEMBL
COc1cc(F)cc2c1nc(C)c1c(C)nc(-c3c(C)nn(C)c3C)n12,1,9.07,2011,ChEMBL
COc1cc(F)cc2c1nc(C)c1c(C)nc(-c3ccccc3C)n12,1,9.46,2011,ChEMBL
COc1cc(F)cc2c1nc(C)c1c(C)nc(-c3cccnc3C)n12,1,9.26,2011,ChEMBL
COc1cc(F)cc2c1nc(C)c1c(C)nc(-c3ccncc3C)n12,1,9.15,2011,ChEMBL
COc1cc(F)cc2c1nc(C)c1c(C)nc(-c3cnccc3C)n12,1,8.7,2011,ChEMBL
COc1cc(F)cc2c1nc(C)c1c(C)nc(-c3sc(C)nc3C)n12,1,8.82,2011,ChEMBL
COc1cc(F)cc2c1nnc1c(C)nc(-c3c(C)nn(C)c3C)n12,1,7.88,2012,ChEMBL
COc1cc(F)cc2c1nnc1c(C)nc(-c3cccc(F)c3C)n12,1,8.45,2012,ChEMBL
COc1cc(F)cc2c1nnc1c(C)nc(-c3cccnc3C)n12,1,8.11,2012,ChEMBL
COc1cc(F)cc2c1nnc1c(C)nc(-c3ccncc3C)n12,1,8.14,2012,ChEMBL
COc1cc(F)cc2c1nnc1c(C)nc(-c3cnccc3C)n12,1,7.59,2012,ChEMBL
COc1cc(F)cc2c1nnc1c(C)nc(-c3sc(C)nc3C)n12,1,7.93,2012,ChEMBL
COc1cc(F)cc2c1nnc1c(C)nc(-c3sccc3C)n12,1,8.78,2012,ChEMBL
COc1cc(F)cc2c1nnc1c2c(-c2ccccc2Cl)nn1C,1,7.6,2019,ChEMBL
COc1cc(F)cc2c1nnc1c2c(-c2cccnc2C)nn1C,1,7.08,2019,ChEMBL
COc1cc(F)cc2c1nnc1c2c(-c2ccncc2C)nn1C,1,7.68,2019,ChEMBL
COc1cc(F)cn2c(C)c(C3CC3c3nc4c(C)ncc(C)n4n3)nc12,1,7.26,2020,ChEMBL
COc1cc(F)cn2c(C)c([C@@H]3C[C@H]3c3nc4c(C)ncc(C)n4n3)nc12,1,6.52,2020,ChEMBL
COc1cc(N2CCOCC2)cc2c1nc(C)c1c(C)nc(-c3cccnc3C)n12,1,10.0,2011,ChEMBL
COc1cc(N2CCOCC2)cc2c1nc(C)c1c(C)nc(-c3ccncc3C)n12,1,8.77,2011,ChEMBL
COc1cc(N2CCOCC2)cc2c1nnc1c(C)nc(-c3ccccc3C)n12,1,8.81,2012,ChEMBL
COc1cc(N2CCOCC2)cc2c1nnc1c(C)nc(-c3ccccc3Cl)n12,1,9.07,2012,ChEMBL
COc1cc(N2CCOCC2)cc2c1nnc1c(C)nc(-c3ccncc3C)n12,1,8.4,2012,ChEMBL
COc1cc(NC(=O)N2CCc3nc(-c4ccc(Cl)nc4)nc(OC4CCOC4)c3C2)ccn1,1,9.08,2013,ChEMBL
COc1cc(NC(=O)c2sc3c(C(C)=O)ccc(C(C)=O)c3c2C)nc2ccccc12,1,8.36,2016,ChEMBL
COc1cc(OC(F)F)cc2c1nc(C)c1c(C)nc(-c3cccnc3C)n12,1,10.22,2011,ChEMBL
COc1cc(OC(F)F)cc2c1nnc1c(C)nc(-c3ccncc3C)n12,1,8.15,2012,ChEMBL
COc1cc(OC)c2nc(C)c3c(C)nc(-c4cccnc4C)n3c2c1,1,9.85,2011,ChEMBL
COc1cc(OC)c2nc(C)c3c(C)nc(-c4ccncc4C)n3c2c1,1,9.7,2011,ChEMBL
COc1cc(OC)c2nc(C)c3c(C)nc(-c4cnccc4C)n3c2c1,1,9.3,2011,ChEMBL
COc1cc(OC)c2nc(C3CC3c3nc4c(C)ncc(C)n4n3)c(C)n2c1,1,7.26,2020,ChEMBL
COc1cc(OC)c2nc3[nH]nc(C)c3c(CN3CCCOCC3)c2c1,1,7.85,2012,ChEMBL
COc1cc(OC)c2nnc3c(C)nc(-c4ccccc4C(F)(F)F)n3c2c1,1,8.47,2012,ChEMBL
COc1cc(OC)c2nnc3c(C)nc(-c4ccccc4C)n3c2c1,1,8.29,2012,ChEMBL
COc1cc(OC)c2nnc3c(C)nc(-c4ccccc4Cl)n3c2c1,1,9.55,2012,ChEMBL
COc1cc(OC)c2nnc3c(C)nc(-c4cccnc4C)n3c2c1,1,8.83,2012,ChEMBL
COc1cc(OC)c2nnc3c(C)nc(-c4ccncc4C)n3c2c1,1,8.69,2012,ChEMBL
COc1cc(OC)c2nnc3c(C)nc(-c4cnccc4C)n3c2c1,1,8.38,2012,ChEMBL
COc1cc(OC)c2nnc3c(c(-c4cccc(C(N)=O)c4)nn3C)c2c1,1,6.26,2019,ChEMBL
COc1cc(OC)c2nnc3c(c(-c4ccccc4Cl)nn3C)c2c1,1,7.64,2019,ChEMBL
COc1cc(OC)c2nnc3c(c(-c4cccnc4C)nn3C)c2c1,1,8.3,2019,ChEMBL
COc1cc(OC)c2nnc3c(c(-c4ccnc(C)c4)nn3C)c2c1,1,6.98,2019,ChEMBL
COc1cc(OC)c2nnc3c(c(-c4sc(C)nc4C)nn3C)c2c1,1,7.96,2019,ChEMBL
COc1cc(OC)c2nnc3c(c(C4CC4)nn3C)c2c1,1,6.27,2019,ChEMBL
COc1cc(OC)cc(-c2nccnc2C2CN(C(=O)c3nc4ccccc4[nH]3)C2)c1,1,7.25,2017,ChEMBL
COc1cc(OC)nc(N2CCN(C(=O)c3nc(-c4ccc(OC)c5nc(C(F)(F)F)ccc45)oc3CN)CC2)n1,1,6.12,2007,ChEMBL
COc1cc(OCc2ccccc2)cc2c1nc(C)c1c(C)nc(-c3cccnc3C)n12,1,10.3,2011,ChEMBL
COc1cc(OCc2ccccc2)cc2c1nnc1c(C)nc(-c3ccncc3C)n12,1,9.15,2012,ChEMBL
COc1cc(OCc2nc(-c3ccccc3)cn2C)nn2c(C)c(C(F)(F)F)nc12,1,7.93,2019,ChEMBL
COc1cc2c(-c3ccc(N4CCC(C)(O)CC4)nc3)cnnc2cc1O,0,4.97,2015,ChEMBL
COc1cc2c(-c3cnc(N4CCC(O)(c5ccc(F)nc5)CC4)c(C)c3)cnnc2cc1OCCCF,1,7.1,2015,ChEMBL
COc1cc2c(-c3cnc(N4CCC(O)(c5ccc(F)nc5)CC4)c(C)c3)cnnc2cc1OCc1ccc2ccccc2n1,1,6.29,2015,ChEMBL
COc1cc2c(-c3cnc(N4CCC(O)(c5ccc(F)nc5)CC4)c(C)c3)cnnc2cc1OCc1ccccc1,1,6.46,2015,ChEMBL
COc1cc2c(C(=O)NC3CCc4ccccc43)cn(C(C)C)c(=O)c2cc1OC,1,6.46,2018,ChEMBL
COc1cc2c(C(=O)NC3CCc4ccccc43)cn(CCc3ccc4ccccc4n3)c(=O)c2cc1OC,1,6.46,2018,ChEMBL
COc1cc2c(C(C)C)[nH]c(=O)c(Cc3cnc4ccccc4c3)c2cc1OC,1,7.06,2017,ChEMBL
COc1cc2c(C)[nH]c(=O)c(Cc3ccc4ccccc4c3)c2cc1OC,1,7.85,2017,ChEMBL
COc1cc2c(C)[nH]c(=O)c(Cc3ccc4ccccc4n3)c2cc1OC,1,6.89,2017,ChEMBL
COc1cc2c(C)[nH]c(=O)c(Cc3ccc4cnccc4c3)c2cc1OC,1,6.48,2017,ChEMBL
COc1cc2c(C)[nH]c(=O)c(Cc3ccc4ncccc4c3)c2cc1OC,1,7.07,2017,ChEMBL
COc1cc2c(C)[nH]c(=O)c(Cc3cccc(-c4ccccc4)n3)c2cc1OC,1,7.03,2017,ChEMBL
COc1cc2c(C)[nH]c(=O)c(Cc3cccc(-c4ccncc4)n3)c2cc1OC,1,7.0,2017,ChEMBL
COc1cc2c(C)[nH]c(=O)c(Cc3cccc(Oc4ccccc4)c3)c2cc1OC,1,6.85,2017,ChEMBL
COc1cc2c(C)[nH]c(=O)c(Cc3cccc4cnccc34)c2cc1OC,1,6.48,2017,ChEMBL
COc1cc2c(C)[nH]c(=O)c(Cc3ccnc4ccccc34)c2cc1OC,1,6.58,2017,ChEMBL
COc1cc2c(C)[nH]c(=O)c(Cc3ccncc3)c2cc1OC,1,6.65,2017,ChEMBL
COc1cc2c(C)[nH]c(=O)c(Cc3cnc4cccc(OC)c4c3)c2cc1OC,1,7.77,2017,ChEMBL
COc1cc2c(C)[nH]c(=O)c(Cc3cnc4ccccc4c3)c2cc1OC,1,7.62,2017,ChEMBL
COc1cc2c(C)[nH]c(=O)c(Cc3cncc(-c4ccccc4)c3)c2cc1OC,1,7.01,2017,ChEMBL
COc1cc2c(Cc3ccc(SC)cc3)nccc2cc1OCCF.O=C(O)C(=O)O,1,6.95,2011,ChEMBL
COc1cc2c(Cc3ccc4cccc(N)c4n3)cnc(C)c2cc1OC,1,7.89,2018,ChEMBL
COc1cc2c(Cc3ccc4cccc(NS(N)(=O)=O)c4n3)cnc(C)c2cc1OC,1,9.15,2018,ChEMBL
COc1cc2c(Cc3ccc4cccc(O)c4n3)cnc(C)c2cc1OC,1,7.38,2018,ChEMBL
COc1cc2c(Cc3ccc4cccc(O)c4n3)cnc(C3CC3)c2cc1OC,1,6.82,2018,ChEMBL
COc1cc2c(Cc3ccc4cccc(OCC(N)=O)c4n3)cnc(C)c2cc1OC,1,7.19,2018,ChEMBL
COc1cc2c(Cc3ccc4cccc(OCC(N)=O)c4n3)cnc(C3CC3)c2cc1OC,1,7.17,2018,ChEMBL
COc1cc2c(Cc3ccc4ccccc4c3)cnc(C)c2cc1OC,1,6.71,2018,ChEMBL
COc1cc2c(Cc3ccc4nc(C)ccc4c3)cnc(-c3ccccc3)c2cc1OC,1,6.83,2018,ChEMBL
COc1cc2c(Cc3ccc4nc(C)ccc4c3)cnc(C)c2cc1OC,1,8.37,2018,ChEMBL
COc1cc2c(Cc3ccc4nc(C)ccc4c3)cnc(C3CC3)c2cc1OC,1,7.6,2018,ChEMBL
COc1cc2c(Cc3ccc4nc(C)ccc4c3)cnc(C3CCCCC3)c2cc1OC,1,6.43,2018,ChEMBL
COc1cc2c(Cc3ccc4nc(C)ccc4c3)cnc(CC(C)C)c2cc1OC,1,7.51,2018,ChEMBL
COc1cc2c(Cc3ccc4oc5ccccc5c4c3)cnc(C)c2cc1OC,1,6.74,2018,ChEMBL
COc1cc2c(Cc3cnc4cc(C)ccc4c3)cnc(C)c2cc1OC,1,8.15,2018,ChEMBL
COc1cc2c(Cc3cnc4ccc(O)cc4c3)cnc(C)c2cc1OC,1,7.75,2018,ChEMBL
COc1cc2c(Cc3cnc4ccccc4c3)cnc(C)c2cc1OC,1,7.31,2018,ChEMBL
COc1cc2c(Cc3cnc4ccccc4c3)cnc(C3CC3)c2cc1OC,1,7.38,2018,ChEMBL
COc1cc2c(Cc3cnc4ccccc4c3)cnc(CC(C)C)c2cc1OC,1,7.7,2018,ChEMBL
COc1cc2c(cc1OC)-c1c(-c3ccc(Cl)cc3)ncn1CC2,1,6.74,2012,ChEMBL
COc1cc2c(cc1OC)-c1c(-c3cccc(Br)c3)ncn1CC2,1,7.5,2012,ChEMBL
COc1cc2c(cc1OC)-c1c(-c3cccc(Cl)c3)ncn1CC2,1,7.48,2012,ChEMBL
COc1cc2c(cc1OC)-c1c(-c3cccc(N4CCOCC4)c3)ncn1CC2,1,8.19,2012,ChEMBL
COc1cc2c(cc1OC)-c1c(-c3ccccc3)ncn1CC2,1,6.92,2012,ChEMBL
COc1cc2c(cc1OC)-c1c(-c3ccccc3Cl)ncn1CC2,1,6.2,2012,ChEMBL
COc1cc2c(cc1OC)-c1c(-c3ccccc3OC)ncn1CC2,1,6.67,2012,ChEMBL
COc1cc2c(cc1OC)-c1c(-c3ccccn3)ncn1CC2,1,6.62,2012,ChEMBL
COc1cc2c(cc1OC)-c1c(-c3cccnc3)nc(C)n1CC2,1,7.6,2012,ChEMBL
COc1cc2c(cc1OC)-c1c(-c3cccnc3)ncn1C(C)C2,1,7.92,2012,ChEMBL
COc1cc2c(cc1OC)-c1c(-c3cccnc3)ncn1CC2,1,7.54,2012,ChEMBL
COc1cc2c(cc1OC)-c1c(-c3ccncc3)ncn1CC2,1,7.0,2012,ChEMBL
COc1cc2c(cc1OC)-c1c(-c3cnc(C(=O)N(C)C(C)(C)C)s3)ncn1CC2,1,8.06,2012,ChEMBL
COc1cc2c(cc1OC)-c1c(-c3cnc(C(=O)N4CCCOCC4)s3)ncn1CC2,1,8.82,2012,ChEMBL
COc1cc2c(cc1OC)-c1c(-c3cnc(C(=O)N4CCOCC4)s3)ncn1CC2,1,8.0,2012,ChEMBL
COc1cc2c(cc1OC)-c1c(-c3cnc(C(=O)NC4CCOCC4)s3)ncn1CC2,1,8.37,2012,ChEMBL
COc1cc2c(cc1OC)-c1c(-c3cnc(C(=O)NCc4ccccc4)s3)ncn1CC2,1,7.4,2012,ChEMBL
COc1cc2c(cc1OC)-c1c(-c3cnc(C)s3)ncn1CC2,1,6.73,2012,ChEMBL
COc1cc2c(cc1OC)-c1c(-c3cnc(CN4CCCOCC4)s3)ncn1CC2,1,8.42,2012,ChEMBL
COc1cc2c(cc1OC)-c1c(-c3cnc(CN4CCOCC4)s3)ncn1CC2,1,8.18,2012,ChEMBL
COc1cc2c(cc1OC)-c1c(-c3cnc(CO)s3)ncn1CC2,1,7.58,2012,ChEMBL
COc1cc2c(cc1OC)-c1c(-c3cnc(N4CCOCC4)s3)ncn1CC2,1,7.58,2012,ChEMBL
COc1cc2c(cc1OC)-c1c(-c3cncn3C)ncn1CC2,1,6.58,2012,ChEMBL
COc1cc2c(cc1OC)-c1c(-c3cncnc3)ncn1CC2,1,7.4,2012,ChEMBL
COc1cc2c(cc1OC)-c1c(-c3cnco3)ncn1CC2,1,7.51,2012,ChEMBL
COc1cc2c(cc1OC)-c1c(-c3cncs3)nc(C)n1CC2,1,7.7,2012,ChEMBL
COc1cc2c(cc1OC)-c1c(-c3cncs3)ncn1CC2,1,7.46,2012,ChEMBL
COc1cc2c(cc1OC)-c1c(-c3cocn3)ncn1CC2,1,6.29,2012,ChEMBL
COc1cc2c(cc1OC)-c1c(-c3cscn3)ncn1CC2,1,6.07,2012,ChEMBL
COc1cc2c(cc1OC)-c1c(C3CCCCC3)ncn1CC2,1,6.7,2012,ChEMBL
COc1cc2c(cc1OC)[C@H](CCc1c[nH]c3cc(C)ccc13)N(C=O)CC2,1,6.04,2019,ChEMBL
COc1cc2c(cn1)CN(c1ncnn3c(C)nc(-c4ccccc4F)c13)CC2,1,8.24,2015,ChEMBL
COc1cc2c(cn1)CN(c1ncnn3c(C)nc([C@@H]4CCOC4)c13)CC2,1,8.71,2015,ChEMBL
COc1cc2c[n+]([O-])cc(Cc3ccc4oc5ccccc5c4c3)c2cc1OC,1,7.51,2018,ChEMBL
COc1cc2ccccc2nc1/C=C/c1nc2c(N3CCOCC3)ccnn2c1-c1ccc(C(=O)O)cc1,1,8.22,2015,ChEMBL
COc1cc2ccccc2nc1COc1ccc(-c2c(-c3ccncc3)cnn2C)cc1,1,9.62,2013,ChEMBL
COc1cc2ccccc2nc1COc1ccc(-c2nn(C)cc2-c2ccncc2)cc1,1,9.4,2013,ChEMBL
COc1cc2ccnc(Cc3ccc(OC)c(OCCF)c3)c2cc1OC.O=C(O)C(=O)O,1,7.26,2011,ChEMBL
COc1cc2ccnc(Cc3ccc(OCCF)c(OC)c3)c2cc1OC.O=C(O)C(=O)O,1,7.26,2011,ChEMBL
COc1cc2ccnc(Cc3ccc(OCCOCCF)c(OC)c3)c2cc1OC.O=C(O)C(=O)O,1,7.55,2011,ChEMBL
COc1cc2ccnc(Cc3ccc(SC)cc3)c2cc1OCCF.O=C(O)C(=O)O,1,6.62,2011,ChEMBL
COc1cc2ccnc(Cc3cccc(F)c3)c2cc1OCCF.O=C(O)C(=O)O,1,6.33,2011,ChEMBL
COc1cc2cnc(C)c(Cc3ccc4cccc(O)c4n3)c2cc1OC,1,7.39,2018,ChEMBL
COc1cc2cnc(C)c(Cc3cnc4ccccc4c3)c2cc1OC,1,7.41,2018,ChEMBL
COc1cc2cncc(Cc3cc4ccccc4cn3)c2cc1OC,1,7.52,2018,ChEMBL
COc1cc2cncc(Cc3cc4ccccc4nc3Cl)c2cc1OC,1,7.02,2018,ChEMBL
COc1cc2cncc(Cc3cc4ccccc4nc3N(C)C)c2cc1OC,1,6.85,2018,ChEMBL
COc1cc2cncc(Cc3ccc4[nH]c(=O)oc4c3)c2cc1OC,1,7.47,2018,ChEMBL
COc1cc2cncc(Cc3ccc4[nH]cnc4c3)c2cc1OC,1,7.13,2018,ChEMBL
COc1cc2cncc(Cc3ccc4c(c3)CCC(C)(C)O4)c2cc1OC,1,7.09,2018,ChEMBL
COc1cc2cncc(Cc3ccc4c(c3)CCN4C)c2cc1OC,1,6.88,2018,ChEMBL
COc1cc2cncc(Cc3ccc4c(c3)Cc3ccccc3-4)c2cc1OC,1,6.96,2018,ChEMBL
COc1cc2cncc(Cc3ccc4c(c3)OCCN4C)c2cc1OC,1,7.16,2018,ChEMBL
COc1cc2cncc(Cc3ccc4c(c3)oc(=O)n4C)c2cc1OC,1,8.44,2018,ChEMBL
COc1cc2cncc(Cc3ccc4cccc(N)c4n3)c2cc1OC,1,7.89,2018,ChEMBL
COc1cc2cncc(Cc3ccc4cccc(NS(N)(=O)=O)c4n3)c2cc1OC,1,9.38,2018,ChEMBL
COc1cc2cncc(Cc3ccc4cccc(O)c4n3)c2cc1OC,1,7.64,2018,ChEMBL
COc1cc2cncc(Cc3ccc4cccc(OC)c4n3)c2cc1OC,1,7.34,2018,ChEMBL
COc1cc2cncc(Cc3ccc4cccc(OCC(N)=O)c4n3)c2cc1OC,1,7.68,2018,ChEMBL
COc1cc2cncc(Cc3ccc4cccc(OCCO)c4n3)c2cc1OC,1,7.38,2018,ChEMBL
COc1cc2cncc(Cc3ccc4cccc(OCc5cccnc5)c4n3)c2cc1OC,1,7.05,2018,ChEMBL
COc1cc2cncc(Cc3ccc4cccc(OCc5ccncc5)c4n3)c2cc1OC,1,6.67,2018,ChEMBL
COc1cc2cncc(Cc3ccc4ccccc4c3)c2cc1OC,1,6.98,2018,ChEMBL
COc1cc2cncc(Cc3ccc4ccccc4n3)c2cc1OC,1,6.68,2018,ChEMBL
COc1cc2cncc(Cc3ccc4nc(-c5ccc(CO)cc5)oc4c3)c2cc1OC,1,7.7,2018,ChEMBL
COc1cc2cncc(Cc3ccc4nc(C)ccc4c3)c2cc1OC,1,8.19,2015,ChEMBL
COc1cc2cncc(Cc3ccc4nc(C)ccc4n3)c2cc1OC,1,8.19,2018,ChEMBL
COc1cc2cncc(Cc3ccc4ncccc4c3)c2cc1OC,1,7.27,2018,ChEMBL
COc1cc2cncc(Cc3ccc4oc(-c5ccc(C#N)cc5)nc4c3)c2cc1OC,1,6.83,2018,ChEMBL
COc1cc2cncc(Cc3ccc4oc(-c5ccc(C(=O)O)cc5)nc4c3)c2cc1OC,1,8.565000000000001,2018,ChEMBL
COc1cc2cncc(Cc3ccc4oc(-c5ccc(CO)cc5)nc4c3)c2cc1OC,1,7.72,2018,ChEMBL
COc1cc2cncc(Cc3ccc4oc(-c5ccc(N)cc5)nc4c3)c2cc1OC,1,7.31,2018,ChEMBL
COc1cc2cncc(Cc3ccc4oc(-c5cccc(CO)c5)nc4c3)c2cc1OC,1,7.55,2018,ChEMBL
COc1cc2cncc(Cc3ccc4oc(-c5ccccc5)nc4c3)c2cc1OC,1,6.72,2018,ChEMBL
COc1cc2cncc(Cc3ccc4oc(-c5ccccc5CO)nc4c3)c2cc1OC,1,7.02,2018,ChEMBL
COc1cc2cncc(Cc3ccc4oc(=O)[nH]c4c3)c2cc1OC,1,7.55,2018,ChEMBL
COc1cc2cncc(Cc3ccc4oc5ccccc5c4c3)c2cc1OC,1,8.12,2018,ChEMBL
COc1cc2cncc(Cc3ccc4sccc4c3)c2cc1OC,1,7.0,2018,ChEMBL
COc1cc2cncc(Cc3cnc4cc(C)ccc4c3)c2cc1OC,1,8.92,2018,ChEMBL
COc1cc2cncc(Cc3cnc4ccc(O)c(C(F)(F)F)c4c3)c2cc1OC,1,8.22,2018,ChEMBL
COc1cc2cncc(Cc3cnc4ccc(O)cc4c3)c2cc1OC,1,8.54,2018,ChEMBL
COc1cc2cncc(Cc3cnc4ccc(OCC(=O)O)cc4c3)c2cc1OC,1,8.1,2018,ChEMBL
COc1cc2cncc(Cc3cnc4ccc(OCC(N)=O)cc4c3)c2cc1OC,1,8.6,2018,ChEMBL
COc1cc2cncc(Cc3cnc4ccccc4c3)c2cc1OC,1,7.89,2018,ChEMBL
COc1cc2cncc(Cc3coc4c(Cl)cc(Cl)cc4c3=O)c2cc1OC,1,7.57,2018,ChEMBL
COc1cc2cncc(Cc3coc4ccc(C)cc4c3=O)c2cc1OC,1,8.29,2018,ChEMBL
COc1cc2cncc(Cc3coc4ccc(Cl)cc4c3=O)c2cc1OC,1,7.7,2018,ChEMBL
COc1cc2cncc(Cc3coc4ccc(F)cc4c3=O)c2cc1OC,1,7.42,2018,ChEMBL
COc1cc2cncc(Cc3coc4ccccc4c3=O)c2cc1OC,1,7.39,2018,ChEMBL
COc1cc2cnnc(N3CC(O)CC(c4ccccc4)C3)c2cc1OC,1,8.52,2014,ChEMBL
COc1cc2nc(C(C)C)n(-c3ccccc3)c2cc1OCc1ccc2ccccc2n1,1,7.6,2013,ChEMBL
COc1cc2nc(C)c(C)n2nc1C#Cc1nc(N2CCCC2)nn1C,1,8.57,2017,ChEMBL
COc1cc2nc(CCc3nc(-c4ccccc4)cn3C)nn2c(C)n1,1,6.8,2017,ChEMBL
COc1cc2nc(N3CC(c4nc5cc(C)ccc5n4-c4ccccc4)C3)nc(N)c2cc1OC,1,7.16,2025,ChEMBL
COc1cc2nc(SCC#N)n3nc(C)nc3c2cc1OC,1,6.1,2011,ChEMBL
COc1cc2ncn(-c3ccccc3)c2cc1OCc1ccc2ccccc2n1,1,6.67,2013,ChEMBL
COc1cc2ncnc(C(=O)c3ccc(F)cc3)c2cc1OC,1,6.39,2019,ChEMBL
COc1cc2ncnc(N3CC(O)CC(c4ccccc4)C3)c2cc1OC,1,8.52,2014,ChEMBL
COc1cc2ncnc(N3CCNC(c4cc(Cl)ccc4Cl)C3)c2cc1OC,1,7.115,2013,ChEMBL
COc1cc2ncnc(N3CCNC(c4cc(OC)c(OC)c(OC)c4)C3)c2cc1OC,1,7.05,2013,ChEMBL
COc1cc2ncnc(N3CCNC(c4ccc(N(C)C)cc4)C3)c2cc1OC,1,6.72,2013,ChEMBL
COc1cc2ncnc(N3CCNC(c4ccc5c(c4)OCO5)C3)c2cc1OC,1,7.21,2013,ChEMBL
COc1cc2ncnc(N3CCNC(c4ccccc4OC)C3)c2cc1OC,1,6.75,2013,ChEMBL
COc1cc2ncnc(N3CCN[C@@H](c4ccccc4)C3)c2cc1OC,1,7.19,2013,ChEMBL
COc1cc2ncnc(N3CCOC(c4ccc(C(F)(F)F)cc4)C3)c2cc1OC,1,6.58,2013,ChEMBL
COc1cc2ncnc(N3CCOC(c4ccc(C)cc4)C3)c2cc1OC,1,7.1,2013,ChEMBL
COc1cc2ncnc(N3CCOC(c4ccc(Cl)cc4)C3)c2cc1OC,1,6.7,2013,ChEMBL
COc1cc2ncnc(N3CCOC(c4ccc(F)cc4)C3)c2cc1OC,1,6.96,2013,ChEMBL
COc1cc2ncnc(N3CCOC(c4ccccc4Cl)C3)c2cc1OC,1,6.18,2013,ChEMBL
COc1cc2ncnc(N3CCOCC3)c2cc1OCCNc1nc2ccccc2s1,1,8.77,2019,ChEMBL
COc1cc2ncnc(N3CCSC(c4ccccc4)C3)c2cc1OC,1,7.05,2013,ChEMBL
COc1cc2ncnc(N3CC[C@@H](Oc4cc5ccccc5cn4)C3)c2cc1OC,1,7.72,2008,ChEMBL
COc1cc2ncnc(N3CC[C@@H](Oc4ccc(C#N)cc4)C3)c2cc1OC,1,7.25,2008,ChEMBL
COc1cc2ncnc(N3CC[C@@H](Oc4ccc(C(C)(C)C)cc4)C3)c2cc1OC,1,7.0,2008,ChEMBL
COc1cc2ncnc(N3CC[C@@H](Oc4ccc5c(c4)CCC5)C3)c2cc1OC,1,7.17,2008,ChEMBL
COc1cc2ncnc(N3CC[C@@H](Oc4ccc5ccccc5c4)C3)c2cc1OC,1,7.92,2008,ChEMBL
COc1cc2ncnc(N3CC[C@@H](Oc4ccc5cccnc5c4)C3)c2cc1OC,1,7.92,2008,ChEMBL
COc1cc2ncnc(N3CC[C@@H](Oc4ccc5nc(C)ccc5c4)C3)c2cc1OC,1,7.75,2008,ChEMBL
COc1cc2ncnc(N3CC[C@@H](Oc4ccc5ncccc5c4)C3)c2cc1OC,1,7.92,2008,ChEMBL
COc1cc2ncnc(N3CC[C@@H](Oc4cccc(-c5ccccc5)c4)C3)c2cc1OC,1,6.87,2008,ChEMBL
COc1cc2ncnc(N3CC[C@@H](Oc4cccc5ccccc45)C3)c2cc1OC,1,6.68,2008,ChEMBL
COc1cc2ncnc(N3CC[C@@H](Oc4ccccc4C#N)C3)c2cc1OC,1,6.89,2008,ChEMBL
COc1cc2ncnc(N3CC[C@@H](Oc4ccccc4C(C)C)C3)c2cc1OC,1,6.77,2008,ChEMBL
COc1cc2ncnc(N3CC[C@@H](Oc4ccccc4C(F)(F)F)C3)c2cc1OC,1,6.09,2008,ChEMBL
COc1cc2ncnc(N3CC[C@@H](Oc4ccccc4C)C3)c2cc1OC,1,6.49,2008,ChEMBL
COc1cc2ncnc(N3CC[C@@H](Oc4ccccc4Cl)C3)c2cc1OC,1,6.7,2008,ChEMBL
COc1cc2ncnc(N3CC[C@@H](Oc4ccccc4OC(F)(F)F)C3)c2cc1OC,1,6.73,2008,ChEMBL
COc1cc2ncnc(N3CC[C@@H](Oc4ccccc4OC)C3)c2cc1OC,1,6.62,2008,ChEMBL
COc1cc2ncnc(N3CC[C@@H](Oc4ccccn4)C3)c2cc1OC,1,6.91,2008,ChEMBL
COc1cc2ncnc(N3CC[C@@H](Oc4cccnc4)C3)c2cc1OC,1,6.89,2008,ChEMBL
COc1cc2ncnc(N3CC[C@@H](Oc4ccncc4)C3)c2cc1OC,1,6.95,2008,ChEMBL
COc1cc2ncnc(N3CC[C@@H](Oc4cnc5ccccc5n4)C3)c2cc1OC,1,7.8,2021,ChEMBL
COc1cc2ncnc(N3CC[C@@H](Oc4ncc(Cl)cn4)C3)c2cc1OC,1,7.36,2008,ChEMBL
COc1cc2ncnc(NCCc3c[nH]c4ccc(O)cc34)c2cc1OC,1,9.19,2024,ChEMBL
COc1cc2nnc3[nH]nc(C)c3c2cc1OC,1,7.08,2019,ChEMBL
COc1cc2nnc3c(c(C)nn3C)c2cc1OC,1,6.77,2019,ChEMBL
COc1cc2nncc(-c3ccc(C#N)nc3)c2cc1OC,1,7.03,2012,ChEMBL
COc1cc2nncc(-c3ccc(C(F)(F)F)nc3)c2cc1OC,1,6.5,2012,ChEMBL
COc1cc2nncc(-c3ccc(C)nc3)c2cc1OC,1,6.74,2012,ChEMBL
COc1cc2nncc(-c3ccc(CC(C)C)nc3)c2cc1OC,1,7.39,2012,ChEMBL
COc1cc2nncc(-c3ccc(Cl)nc3)c2cc1OC,1,6.23,2012,ChEMBL
COc1cc2nncc(-c3ccc(N(C)C(C)C)nc3)c2cc1OC,1,8.24,2012,ChEMBL
COc1cc2nncc(-c3ccc(N)nc3)c2cc1OC,1,6.91,2012,ChEMBL
COc1cc2nncc(-c3ccc(N4CC(OC)C4)nc3)c2cc1OC,1,7.73,2012,ChEMBL
COc1cc2nncc(-c3ccc(N4CCC(C)(O)CC4)nc3)c2cc1OC,1,7.74,2015,ChEMBL
COc1cc2nncc(-c3ccc(N4CCC(O)(c5ccccn5)CC4)nc3)c2cc1OC,1,7.88,2012,ChEMBL
COc1cc2nncc(-c3ccc(N4CCC(O)(c5cccnc5)CC4)nc3)c2cc1OC,1,7.85,2015,ChEMBL
COc1cc2nncc(-c3ccc(N4CCOCC4)nc3)c2cc1OC,1,7.67,2012,ChEMBL
COc1cc2nncc(-c3ccc(NC(C)C)nc3)c2cc1OC,1,8.12,2012,ChEMBL
COc1cc2nncc(-c3ccc(NC(C)C)nc3C)c2cc1OC,1,6.9,2012,ChEMBL
COc1cc2nncc(-c3ccc(NC4CC4)nc3)c2cc1OC,1,7.43,2012,ChEMBL
COc1cc2nncc(-c3ccc(NC4CCC4)nc3)c2cc1OC,1,7.96,2012,ChEMBL
COc1cc2nncc(-c3ccc(NC4CCCC4)nc3)c2cc1OC,1,8.36,2012,ChEMBL
COc1cc2nncc(-c3ccc(NCC(C)C)nc3)c2cc1OC,1,8.12,2012,ChEMBL
COc1cc2nncc(-c3ccc(NCC(F)(F)F)nc3)c2cc1OC,1,7.91,2012,ChEMBL
COc1cc2nncc(-c3ccc(NCC4CC4)nc3)c2cc1OC,1,8.52,2012,ChEMBL
COc1cc2nncc(-c3ccc(OC(C)C)nc3)c2cc1OC,1,7.61,2012,ChEMBL
COc1cc2nncc(-c3cccnc3)c2cc1OC,0,4.79,2012,ChEMBL
COc1cc2nncc(-c3cnc(N4CCC(C(C)(C)O)CC4)c(C(F)F)c3)c2cc1OC,1,8.92,2012,ChEMBL
COc1cc2nncc(-c3cnc(N4CCC(C(C)(C)O)CC4)c(C)c3)c2cc1OC,1,8.31,2012,ChEMBL
COc1cc2nncc(-c3cnc(N4CCC(C(C)(C)O)CC4)c(C4CC4)c3)c2cc1OC,1,8.89,2012,ChEMBL
COc1cc2nncc(-c3cnc(N4CCC(C(C)(C)O)CC4)c(Cl)c3)c2cc1OC,1,8.21,2012,ChEMBL
COc1cc2nncc(-c3cnc(N4CCC(C)(O)CC4)c(C)c3)c2cc1OC,1,8.49,2012,ChEMBL
COc1cc2nncc(-c3cnc(N4CCC(O)(C5CC5)CC4)c(C)c3)c2cc1OC,1,8.74,2012,ChEMBL
COc1cc2nncc(-c3cnc(N4CCC(O)(c5ccc(Cl)nc5)CC4)c(C)c3)c2cc1OC,1,8.01,2015,ChEMBL
COc1cc2nncc(-c3cnc(N4CCC(O)(c5ccc(F)nc5)CC4)c(C)c3)c2cc1OC,1,8.54,2015,ChEMBL
COc1cc2nncc(-c3cnc(N4CCC(O)(c5ccccn5)CC4)c(C)c3)c2cc1OC,1,8.59,2012,ChEMBL
COc1cc2nncc(-c3cnc(N4CCC(O)(c5ccccn5)CC4)c(Cl)c3)c2cc1OC,1,8.24,2012,ChEMBL
COc1cc2nncc(-c3cnc(N4CCC(O)(c5cccnc5)CC4)c(C)c3)c2cc1OC,1,8.82,2015,ChEMBL
COc1cc2nncc(-c3cnc(N4CCC(O)(c5cccnc5)CC4)c(Cl)c3)c2cc1OC,1,8.26,2015,ChEMBL
COc1cc2nncc(-c3cnc(NC(C)C)c(C#N)c3)c2cc1OC,1,7.76,2012,ChEMBL
COc1cc2nncc(-c3cnc(NC(C)C)c(C(C)(C)O)c3)c2cc1OC,1,8.59,2012,ChEMBL
COc1cc2nncc(-c3cnc(NC(C)C)c(C(F)F)c3)c2cc1OC,1,8.62,2012,ChEMBL
COc1cc2nncc(-c3cnc(NC(C)C)c(C(N)=O)c3)c2cc1OC,1,7.79,2012,ChEMBL
COc1cc2nncc(-c3cnc(NC(C)C)c(C)c3)c2cc1OC,1,8.72,2021,ChEMBL
COc1cc2nncc(-c3cnc(NC(C)C)c(C)c3)c2cc1O[11CH3],1,8.72,2021,ChEMBL
COc1cc2nncc(-c3cnc(NC(C)C)c(C4CC4)c3)c2cc1OC,1,8.82,2012,ChEMBL
COc1cc2nncc(-c3cnc(NC(C)C)c(CO)c3)c2cc1OC,1,8.8,2012,ChEMBL
COc1cc2nncc(-c3cnc(NC(C)C)c(Cl)c3)c2cc1OC,1,8.4,2012,ChEMBL
COc1cc2nncc(-c3cnc(NC(C)C)c(F)c3)c2cc1OC,1,8.01,2012,ChEMBL
COc1cc2nncc(-c3cnc(N[C@@H](C)Cc4ccccn4)c(C)c3)c2cc1OC,1,9.1,2012,ChEMBL
COc1cc2nncc(N3CC(O)CC(c4ccccc4)C3)c2cc1OC,1,9.0,2014,ChEMBL
COc1ccc(-c2[nH]c(=O)ccc2-c2ccc(OCc3ccc4ccccc4n3)cc2)cc1,1,8.72,2015,ChEMBL
COc1ccc(-c2c(C#N)c(=O)n(Cc3ccccc3)c3c(N[C@H](C)c4ccccn4)cccc23)cc1,0,4.67,2024,ChEMBL
COc1ccc(-c2cc(N3CCn4ccnc4C3)nc(/C=C/c3nc(N(C)C)c4ccccc4n3)n2)cc1OC,1,9.36,2012,ChEMBL
COc1ccc(-c2ccc(CNc3c(C)nc4c(N5CCOCC5)nccn34)cc2)cc1OC,1,6.34,2017,ChEMBL
COc1ccc(-c2ccc(Cn3c(C)nc4c(N5CCOCC5)ncnc43)cc2)cc1,1,7.21,2017,ChEMBL
COc1ccc(-c2cccc(Cc3c(=O)[nH]c(C)c4cc(OC)c(OC)cc34)n2)cc1,1,7.3,2017,ChEMBL
COc1ccc(-c2cccnc2Oc2ccc(C(=O)c3nc4ccccc4[nH]3)cc2)c(OC)n1,1,9.16,2014,ChEMBL
COc1ccc(-c2cccnc2Oc2ccc(C(=O)c3nc4ccccc4[nH]3)cc2)cn1,1,8.9,2014,ChEMBL
COc1ccc(-c2cccnc2Oc2ccc(C(=O)c3nc4ccccc4[nH]3)cc2)nc1,1,8.06,2014,ChEMBL
COc1ccc(-c2cccnc2Oc2ccc(C(=O)c3nc4ccccc4n3C)cc2)c(OC)n1,1,8.94,2014,ChEMBL
COc1ccc(-c2cccnc2Oc2ccc(C(=O)c3nc4ccccc4n3C)cc2)cc1,1,8.1,2015,ChEMBL
COc1ccc(-c2cccnc2Oc2ccc(Nc3nc4ccccc4s3)cc2)cn1,1,7.62,2014,ChEMBL
COc1ccc(-c2ccnc(F)c2)c(Oc2ccc(C(=O)c3nc4ccccc4[nH]3)cc2)n1,1,8.73,2014,ChEMBL
COc1ccc(-c2ccnc(Oc3cccc(-c4cn(C)c5cc6ccccc6nc45)c3)n2)cc1,1,6.99,2014,ChEMBL
COc1ccc(-c2cn(C)c(CSc3nc4ccccc4c4nc(C)nn34)n2)cc1,1,7.19,2011,ChEMBL
COc1ccc(-c2cn(C)nc2-c2ccc(C#Cc3cccc(C)n3)cc2)cc1,1,6.82,2017,ChEMBL
COc1ccc(-c2cnc(C)nc2OC[C@H]2C[C@@H]2c2ccc3ccccc3n2)cc1,1,9.39,2017,ChEMBL
COc1ccc(-c2cncc(Cc3c(=O)[nH]c(C)c4cc(OC)c(OC)cc34)c2)cc1,1,7.16,2017,ChEMBL
COc1ccc(-c2nc(-c3cccs3)[nH]c2-c2ccc(OC)cc2)cc1,1,7.46,2012,ChEMBL
COc1ccc(-c2nc(C(=O)N3CCC(O)(c4ccccc4)CC3)c(CN)o2)c2ccc(C(F)(F)F)nc12,1,6.22,2007,ChEMBL
COc1ccc(-c2nc(C(=O)N3CCC4(CC3)C(=O)NCN4c3ccccc3)c(CN)o2)c2ccc(C(F)(F)F)nc12,1,7.7,2007,ChEMBL
COc1ccc(-c2nc(C(=O)N3CCN(c4ncccn4)CC3)c(CN)o2)c2ccc(C(F)(F)F)nc12,1,6.37,2007,ChEMBL
COc1ccc(-c2nc(C(=O)N3CC[C@@H](NC(=O)OC(C)(C)C)C3)c(CN)o2)c2ccc(C(F)(F)F)nc12,1,6.89,2007,ChEMBL
COc1ccc(-c2nccnc2C2CN(C(=O)c3nc4ccccc4[nH]3)C2)cc1,1,7.49,2017,ChEMBL
COc1ccc(-c2nccnc2C2CN(C(=O)c3nc4ccccc4[nH]3)C2)cc1C,1,7.7,2017,ChEMBL
COc1ccc(-c2nccnc2C2CN(C(=O)c3nc4ccccc4[nH]3)C2)cc1OC,1,7.73,2017,ChEMBL
COc1ccc(-c2nccnc2C2CN(c3ccc4ccccc4n3)C2)cc1,1,8.7,2017,ChEMBL
COc1ccc(-c2nccnc2C2CN(c3ccc4ccccc4n3)C2)cc1F,1,8.52,2017,ChEMBL
COc1ccc(-c2nccnc2Oc2ccc(-c3cn(C)c4cc5ccccc5nc34)cc2)cc1,1,6.82,2014,ChEMBL
COc1ccc(-c2ncn3c2-c2cc(OC)c(OC)cc2CC3)cc1,1,6.94,2012,ChEMBL
COc1ccc(-n2c(CCCN3C(=O)c4ccccc4C3=O)nc3ccccc3c2=O)cc1,1,6.66,2015,ChEMBL
COc1ccc(-n2c(CCN(C(C)=O)C(C)=O)nc3cc(C)ccc3c2=O)cc1,1,7.82,2015,ChEMBL
COc1ccc(-n2c(CCN(C(C)=O)C(C)=O)nc3cc(Cl)ccc3c2=O)cc1,1,7.35,2015,ChEMBL
COc1ccc(-n2c(CCN(C(C)=O)C(C)=O)nc3cc(OC)ccc3c2=O)cc1,1,7.41,2015,ChEMBL
COc1ccc(-n2c(CCN(C(C)=O)C(C)=O)nc3ccc(Cl)cc3c2=O)cc1,1,6.79,2015,ChEMBL
COc1ccc(-n2c(CCN(C(C)=O)C(C)=O)nc3cccc(Cl)c3c2=O)cc1,1,6.77,2015,ChEMBL
COc1ccc(-n2c(CCN(C(C)=O)C(C)=O)nc3ccccc3c2=O)cc1,1,7.21,2015,ChEMBL
COc1ccc(-n2c(CCN(C(C)=O)C(C)=O)nc3ccccc3c2=O)cc1OC,1,7.19,2015,ChEMBL
COc1ccc(-n2c(CCN3C(=O)c4c(Cl)ccc(Cl)c4C3=O)nc3ccccc3c2=O)cc1,1,8.2,2015,ChEMBL
COc1ccc(-n2c(CCN3C(=O)c4ccc(C)cc4C3=O)nc3ccccc3c2=O)cc1,1,7.58,2014,ChEMBL
COc1ccc(-n2c(CCN3C(=O)c4ccc(Cl)cc4C3=O)nc3ccccc3c2=O)cc1,1,7.52,2015,ChEMBL
COc1ccc(-n2c(CCN3C(=O)c4cccc(-c5ccncc5)c4C3=O)nc3ccccc3c2=O)cc1,1,10.14,2015,ChEMBL
COc1ccc(-n2c(CCN3C(=O)c4cccc(-c5ncco5)c4C3=O)nc3ccccc3c2=O)cc1,1,8.74,2014,ChEMBL
COc1ccc(-n2c(CCN3C(=O)c4cccc(-c5nccs5)c4C3=O)nc3ccccc3c2=O)cc1,1,8.74,2015,ChEMBL
COc1ccc(-n2c(CCN3C(=O)c4cccc(Br)c4C3=O)nc3ccccc3c2=O)cc1,1,8.08,2015,ChEMBL
COc1ccc(-n2c(CCN3C(=O)c4cccc(C#N)c4C3=O)nc3ccccc3c2=O)cc1,1,7.48,2014,ChEMBL
COc1ccc(-n2c(CCN3C(=O)c4cccc(C)c4C3=O)nc3ccccc3c2=O)cc1,1,7.710000000000001,2015,ChEMBL
COc1ccc(-n2c(CCN3C(=O)c4cccc(Cl)c4C3=O)nc3ccccc3c2=O)cc1,1,8.11,2015,ChEMBL
COc1ccc(-n2c(CCN3C(=O)c4cccc(O)c4C3=O)nc3ccccc3c2=O)cc1,1,7.68,2015,ChEMBL
COc1ccc(-n2c(CCN3C(=O)c4cccc(OC(C)C)c4C3=O)nc3cc(C)ccc3c2=O)cc1,1,10.0,2014,ChEMBL
COc1ccc(-n2c(CCN3C(=O)c4cccc(OC(C)C)c4C3=O)nc3ccccc3c2=O)cc1,1,9.82,2015,ChEMBL
COc1ccc(-n2c(CCN3C(=O)c4cccc(OC(C)C)c4C3=O)nc3nc(C)ccc3c2=O)cc1,1,10.0,2012,ChEMBL
COc1ccc(-n2c(CCN3C(=O)c4cccc(OC(C)C)c4C3=O)nc3ncccc3c2=O)cc1,1,9.34,2015,ChEMBL
COc1ccc(-n2c(CCN3C(=O)c4cccc(OC)c4C3=O)nc3cc(C)ccc3c2=O)cc1,1,8.92,2014,ChEMBL
COc1ccc(-n2c(CCN3C(=O)c4cccc(OC)c4C3=O)nc3ccccc3c2=O)cc1,1,8.7,2015,ChEMBL
COc1ccc(-n2c(CCN3C(=O)c4cccc(OC5CCC5)c4C3=O)nc3ccccc3c2=O)cc1,1,9.0,2014,ChEMBL
COc1ccc(-n2c(CCN3C(=O)c4cccc(OCC(F)(F)F)c4C3=O)nc3ccccc3c2=O)cc1,1,9.1,2014,ChEMBL
COc1ccc(-n2c(CCN3C(=O)c4cccc(OCC(F)(F)F)c4C3=O)nc3nc(C)ccc3c2=O)cc1,1,8.68,2014,ChEMBL
COc1ccc(-n2c(CCN3C(=O)c4cccc(OCC5CC5)c4C3=O)nc3ccccc3c2=O)cc1,1,8.89,2014,ChEMBL
COc1ccc(-n2c(CCN3C(=O)c4ccccc4C3=O)nc3cc(Cl)ccc3c2=O)cc1,1,7.11,2014,ChEMBL
COc1ccc(-n2c(CCN3C(=O)c4ccccc4C3=O)nc3ccccc3c2=O)cc1,1,7.06,2014,ChEMBL
COc1ccc(-n2c(CCN3C(=O)c4ccccc4C3=O)nc3ncccc3c2=O)cc1,1,7.41,2014,ChEMBL
COc1ccc(-n2c(CCNC(=O)Nc3ccccc3-c3ccccc3)nc3ccccc3c2=O)cc1,1,7.32,2014,ChEMBL
COc1ccc(-n2c(CCNC(=O)c3ccccc3OC)nc3ccccc3c2=O)cc1,1,6.85,2014,ChEMBL
COc1ccc(-n2c(CCc3cn(C(=O)OC(C)(C)C)c4ccccc34)nc3ccccc3c2=O)cc1,1,7.41,2014,ChEMBL
COc1ccc(Br)cc1Cc1nccc2cc(OC)c(OCCF)cc12.O=C(O)C(=O)O,1,6.06,2011,ChEMBL
COc1ccc(C#Cc2nc3c(N4CCOCC4)ccnn3c2-c2ccc(C(=O)O)cc2)nc1,1,8.7,2015,ChEMBL
COc1ccc(C(=O)c2ncnc3cc(OC)c(OC)cc23)cc1,1,6.05,2019,ChEMBL
COc1ccc(C(=O)c2ncnc3cc(OC)c(OCCNc4nc5ccccc5s4)cc23)cc1,1,9.06,2019,ChEMBL
COc1ccc(C(C#N)c2c3cc(OC)cc(C)c3nc3[nH]nc(C)c23)cc1,1,8.7,2012,ChEMBL
COc1ccc(C(O)c2c3cc(OC)cc(C)c3nc3[nH]nc(C)c23)cc1,1,8.7,2012,ChEMBL
COc1ccc(C)n2nc(/C=C/c3cc(Cl)c4cccc(F)c4n3)nc12,1,7.095000000000001,2017,ChEMBL
COc1ccc(C)n2nc(/C=C/c3nc(-c4cccs4)cn3C)nc12,1,8.57,2015,ChEMBL
COc1ccc(C)n2nc(CCc3c[nH]c(-c4ccccc4)n3)nc12,1,8.23,2015,ChEMBL
COc1ccc(C)n2nc(CCc3cc(C)c4ccccc4n3)nc12,1,7.6,2017,ChEMBL
COc1ccc(C)n2nc(CCc3ccc4cc(F)ccc4n3)nc12,1,7.545,2017,ChEMBL
COc1ccc(C)n2nc(CCc3ccc4cccc(F)c4n3)nc12,1,6.77,2017,ChEMBL
COc1ccc(C)n2nc(CCc3ccc4ccccc4n3)nc12,1,7.76,2017,ChEMBL
COc1ccc(C)n2nc(CCc3cn(C)c(-c4ccccc4)n3)nc12,1,7.1,2015,ChEMBL
COc1ccc(C)n2nc(CCc3cn(C)c(-c4cccs4)n3)nc12,1,8.05,2015,ChEMBL
COc1ccc(C)n2nc(CCc3nc(-c4ccc(C)o4)cn3C)nc12,1,7.7,2015,ChEMBL
COc1ccc(C)n2nc(CCc3nc(-c4ccccc4)cn3C)nc12,1,8.6,2017,ChEMBL
COc1ccc(C)n2nc(CCc3nc(-c4cccnc4)cn3C)nc12,1,7.62,2015,ChEMBL
COc1ccc(C)n2nc(CCc3nc(-c4cccs4)c[nH]3)nc12,1,8.96,2015,ChEMBL
COc1ccc(C)n2nc(CCc3nc(-c4cccs4)cn3C)nc12,1,8.82,2015,ChEMBL
COc1ccc(C)n2nc(CCc3nc(-c4cccs4)cn3CCCC#N)nc12,1,8.77,2015,ChEMBL
COc1ccc(C)n2nc(CCc3nc(-c4cccs4)cn3CCN3CCOCC3)nc12,1,9.48,2015,ChEMBL
COc1ccc(C)n2nc(CCc3nc(-c4ccoc4)cn3C)nc12,1,8.4,2015,ChEMBL
COc1ccc(C)n2nc(CCc3nc(-c4ccsc4)cn3C)nc12,1,8.77,2015,ChEMBL
COc1ccc(C)n2nc(CCc3nc(-c4cncs4)cn3C)nc12,1,8.04,2015,ChEMBL
COc1ccc(C)n2nc(CCc3nc(-c4cscc4C)cn3C)nc12,1,8.51,2015,ChEMBL
COc1ccc(C2=NN(C3CCCCCC3)C(=O)[C@@H]3CC=CC[C@H]23)cc1OCCCCOc1ccc(-c2nnn[nH]2)cc1,1,6.3,2016,ChEMBL
COc1ccc(C2CC(=O)N(Cc3ccc(-c4cccnc4)cc3F)C2)c2c1oc1ccccc12,1,7.82,2012,ChEMBL
COc1ccc(C2CC(=O)N(Cc3ccc(-c4ccno4)cc3)C2)c2c1oc1ccccc12,1,7.77,2012,ChEMBL
COc1ccc(C2CC(c3ccccc3C)=NN2c2ccc(C(=O)N3CCN(C)CC3)cc2)cc1,0,4.395,2021,ChEMBL
COc1ccc(C2CC2c2cc(-n3nc(C)nc3Cc3ccc(OC)c(OC)c3)nc(C)n2)nc1,1,9.41,2015,ChEMBL
COc1ccc(C2C[C@@H]2COc2nc(C)ncc2-c2ccc(-c3nc(C)no3)cc2)nc1,1,8.52,2017,ChEMBL
COc1ccc(C2C[C@@H]2COc2nc(C)ncc2-c2ccc(C#N)cc2)nc1,1,8.92,2017,ChEMBL
COc1ccc(C2C[C@@H]2COc2nc(C)ncc2-c2ccc3[nH]ccc3c2)nc1,1,8.67,2017,ChEMBL
COc1ccc(CC(C)(O)c2cccc3nn(CCc4ccc5ccccc5n4)c(=O)n23)cc1,1,7.96,2016,ChEMBL
COc1ccc(CCCCc2cc(NCc3sc(C)nc3C)n3nccc3n2)nc1,1,9.43,2015,ChEMBL
COc1ccc(CCNC(=O)c2cccnc2Oc2ccc(Nc3nc4ccccc4s3)cc2)cc1,1,8.61,2014,ChEMBL
COc1ccc(CCNc2c(C)nc3c(N4CCOCC4)nccn23)c(-c2ccccc2)c1,1,6.47,2017,ChEMBL
COc1ccc(CCNc2c(C)nc3c(N4CCOCC4)nccn23)c(Br)c1,1,6.61,2017,ChEMBL
COc1ccc(CCOc2ccc3c(c2)nc(C)c2nnc(-c4ccccc4Cl)n23)cc1OC,1,7.32,2017,ChEMBL
COc1ccc(CNc2cc(OC[C@H]3C[C@@H]3c3ccc(C)cn3)nn(C)c2=O)cc1,1,10.13,2016,ChEMBL
COc1ccc(CNc2cc(OC[C@H]3C[C@@H]3c3ccc(F)cn3)nn(C)c2=O)cc1,1,8.89,2016,ChEMBL
COc1ccc(CNc2cc(OC[C@H]3C[C@@H]3c3ccc(OC)cn3)nn(C)c2=O)cc1,1,10.68,2016,ChEMBL
COc1ccc(CNc2cc(OC[C@H]3C[C@@H]3c3ccn(C)n3)nn(C)c2=O)cc1,1,9.3,2016,ChEMBL
COc1ccc(CNc2nc(OCc3ccccn3)ncc2C(=O)c2cc(OC)c(OC)c(OC)c2)cc1Cl,1,6.55,2021,ChEMBL
COc1ccc(CNc2nccnc2C2CN(c3ccc4ccccc4n3)C2)cc1,1,6.72,2017,ChEMBL
COc1ccc(COc2cc(-n3nc(C)nc3Cc3ccc(OC)c(OC)c3)nc(C)n2)nc1,1,8.48,2015,ChEMBL
COc1ccc(C[C@@H](CO)NC(=O)c2cccnc2Oc2ccc(C(=O)c3nc4ccccc4[nH]3)cc2)cc1,1,8.85,2014,ChEMBL
COc1ccc(Cc2nc(C)nn2-c2cc(/C=C/c3ccc(C)cn3)nc(C)n2)cc1OC,1,9.96,2015,ChEMBL
COc1ccc(Cc2nc(C)nn2-c2cc(/C=C/c3ccc4ncccc4n3)nc(C)n2)cc1OC,1,11.0,2015,ChEMBL
COc1ccc(Cc2nc(C)nn2-c2cc(C#Cc3ccc4ccccc4n3)nc(C)n2)cc1OC,1,10.64,2015,ChEMBL
COc1ccc(Cc2nc(C)nn2-c2cc(C#Cc3ccc4ccccc4n3)nc(C)n2)nc1OC,1,10.14,2015,ChEMBL
COc1ccc(Cc2nc(C)nn2-c2cc(C#Cc3ccc4ncccc4n3)nc(C)n2)cc1OC,1,9.09,2015,ChEMBL
COc1ccc(Cc2nc(C)nn2-c2cc(C3CC3c3cc4n(n3)CCC4)nc(C)n2)cc1OC,1,9.3,2015,ChEMBL
COc1ccc(Cc2nc(C)nn2-c2cc(C3CC3c3ccc(C)cn3)nc(C)n2)cc1OC,1,9.68,2015,ChEMBL
COc1ccc(Cc2nc(C)nn2-c2cc(C3CC3c3ccc4ncccc4n3)nc(C)n2)cc1OC,1,10.17,2015,ChEMBL
COc1ccc(Cc2nc(C)nn2-c2cc(C3CC3c3nc(C)no3)nc(C)n2)cc1OC,1,6.61,2015,ChEMBL
COc1ccc(Cc2nc(C)nn2-c2cc(C3CC3c3nnc(C)o3)nc(C)n2)cc1OC,1,7.06,2015,ChEMBL
COc1ccc(Cc2nc(C)nn2-c2cc(C3CC3c3nnc(C)s3)nc(C)n2)cc1OC,1,8.01,2015,ChEMBL
COc1ccc(Cc2nc(C)nn2-c2cc(CCc3ccc(C)cn3)nc(C)n2)cc1OC,1,9.85,2015,ChEMBL
COc1ccc(Cc2nc(C)nn2-c2cc(CCc3ccc4ccccc4n3)nc(C)n2)nc1OC,1,10.55,2015,ChEMBL
COc1ccc(Cc2nc(C)nn2-c2cc(CCc3ccc4ncccc4n3)nc(C)n2)cc1OC,1,10.57,2015,ChEMBL
COc1ccc(Cc2nc(C)nn2-c2cc([C@H]3C[C@@H]3c3nc4ccccc4[nH]3)nc(C)n2)cc1OC,1,10.57,2015,ChEMBL
COc1ccc(Cc2nccc3cc(OC)c(OC)cc23)cc1.O=C(O)C(=O)O,1,7.31,2011,ChEMBL
COc1ccc(Cc2nccc3cc(OC)c(OC)cc23)cc1OC,1,7.4,2025,ChEMBL
COc1ccc(Cc2nccc3cc(OC)c(OC)cc23)cc1OC.Cl,1,6.3100000000000005,2022,ChEMBL
COc1ccc(Cc2nccc3cc(OC)c(OCCF)cc23)c(F)c1.O=C(O)C(=O)O,1,6.3,2011,ChEMBL
COc1ccc(Cc2nccc3cc(OC)c(OCCF)cc23)cc1Br.O=C(O)C(=O)O,1,6.61,2011,ChEMBL
COc1ccc(Cc2nccc3cc(OC)c(OCCF)cc23)cc1C.O=C(O)C(=O)O,1,6.61,2011,ChEMBL
COc1ccc(Cc2nccc3cc(OC)c(OCCF)cc23)cc1F.O=C(O)C(=O)O,1,6.7,2011,ChEMBL
COc1ccc(Cc2nccc3cc(OC)c(OCCF)cc23)cc1OCCF.O=C(O)C(=O)O,1,6.7,2011,ChEMBL
COc1ccc(Cc2nccc3cc(OCCF)c(OC)cc23)cc1C.O=C(O)C(=O)O,1,7.23,2011,ChEMBL
COc1ccc(Cc2nccc3cc(OCCF)c(OC)cc23)cc1F.O=C(O)C(=O)O,1,7.31,2011,ChEMBL
COc1ccc(Cl)c(-c2nc(C(F)(F)F)c3c(C)nc4ccc(OC)nc4n23)c1,1,6.94,2011,ChEMBL
COc1ccc(Cl)c(-c2nc(C)c3nnc4ccc(-c5ccnc(F)c5)cc4n23)c1,1,7.28,2021,ChEMBL
COc1ccc(Cl)c(-c2nnc3c(C)nc4cc(Cl)ccc4n23)c1,1,6.32,2017,ChEMBL
COc1ccc(Cl)c(-c2nnc3c(C)nc4ccc(Cl)cc4n23)c1,1,6.98,2017,ChEMBL
COc1ccc(Cl)c(-c2nnc3c(C)nc4ccc(F)cc4n23)c1,1,6.55,2017,ChEMBL
COc1ccc(Cl)c(-c2nnc3c(C)nc4ccccc4n23)c1,1,6.52,2017,ChEMBL
COc1ccc(Cn2c(=O)n3ncnc3c3c4c(sc32)CN(C(=O)C2CC2(F)F)CC4)cc1,1,7.23,2017,ChEMBL
COc1ccc(Cn2c(=O)n3ncnc3c3c4c(sc32)CN(CC2CCOCC2)CC4)c(F)c1,1,6.16,2017,ChEMBL
COc1ccc(Cn2c(Nc3ccc(Oc4ncccc4C4CCOCC4)cc3)nc3ccccc32)cc1,1,8.77,2014,ChEMBL
COc1ccc(Cn2cc(CNc3cc(OC[C@H]4C[C@@H]4c4ccc(OC)cn4)nn(C)c3=O)c(C)n2)cc1,1,8.24,2016,ChEMBL
COc1ccc(Cn2nc(C#Cc3cnc4ccc(Cl)cc4n3)nc2N2CCCC2)cc1,1,7.75,2016,ChEMBL
COc1ccc(Cn2nc(C#Cc3nc4cc(Cl)ccn4n3)nc2N2CCCC2)cc1,1,6.32,2016,ChEMBL
COc1ccc(Cn2nc(CCc3nc4c(Cl)cc(Cl)c(C)n4n3)nc2N2CCCC2)cc1,1,8.49,2016,ChEMBL
COc1ccc(Cn2nc(N3CCCC3)nc2CCc2nc3c(C)ncc(C)n3n2)cc1,1,8.3,2016,ChEMBL
COc1ccc(Cn2nc(N3CCCC3)nc2CCc2nc3c(Cl)cc(Cl)c(C)n3n2)cc1,1,9.14,2016,ChEMBL
COc1ccc(Cn2nc(OC[C@H]3C[C@@H]3c3ccc(OC)cn3)cc(NCc3nnc(C)s3)c2=O)cc1,1,7.12,2016,ChEMBL
COc1ccc(F)c(-c2nc(C)c3nnc4c(F)cc(OC)cc4n23)c1,1,8.02,2012,ChEMBL
COc1ccc(F)c(-c2nc(C)c3nnc4ccc(OC)nc4n23)c1,1,8.01,2012,ChEMBL
COc1ccc(NC(=O)N2CCc3nc(-c4ccncc4)nc(N(C)CCc4ccccn4)c3C2)cc1,1,6.91,2012,ChEMBL
COc1ccc(NC(=O)[C@H](C)Nc2nc3c(cnn3C3CCCC3)c(=O)[nH]2)cc1,0,4.48,2014,ChEMBL
COc1ccc(OC)c(-c2nnc3ccc(-c4ccc(OC)c(O[C@@H]5CCOC5)c4)nn23)c1,1,6.41,2009,ChEMBL
COc1ccc(OC)c(-c2nnc3n2N=C(c2ccc(OC)c(OC)c2)CS3)c1,1,6.08,2009,ChEMBL
COc1ccc(OC)c(-c2nnc3n2N=C(c2ccc(OC)c(O[C@@H]4CCOC4)c2)CS3)c1,1,6.2,2009,ChEMBL
COc1ccc(OC)c(Cc2nccc3cc(OC)c(OCCF)cc23)c1.O=C(O)C(=O)O,1,6.58,2011,ChEMBL
COc1ccc(OC)n2nc(CCc3nc(-c4ccccc4)cn3C)nc12,1,7.48,2017,ChEMBL
COc1ccc(O[C@@H]2CCN(c3ncnc4cc(OC)c(OC)cc34)C2)cc1OC,1,7.17,2008,ChEMBL
COc1ccc([C@H]2CC2COc2nc(C)ncc2-c2ccc(-c3nn[nH]n3)cc2)nc1,1,10.0,2017,ChEMBL
COc1ccc([C@H]2C[C@@H]2COc2cc(N(Cc3ccc(C)nc3C)Cc3ccc(C)nc3C)c(=O)n(C)n2)nc1,1,8.23,2016,ChEMBL
COc1ccc([C@H]2C[C@@H]2COc2cc(NC(=O)c3cc(C)nn3C)c(=O)n(C)n2)nc1,1,7.12,2016,ChEMBL
COc1ccc([C@H]2C[C@@H]2COc2cc(NC(=O)c3cnn(C)c3Cl)c(=O)n(C)n2)nc1,1,7.12,2016,ChEMBL
COc1ccc([C@H]2C[C@@H]2COc2cc(NCCc3nccs3)c(=O)n(C)n2)nc1,1,7.99,2016,ChEMBL
COc1ccc([C@H]2C[C@@H]2COc2cc(NCc3c(C)nn(C)c3Cl)c(=O)n(C)n2)nc1,1,8.8,2016,ChEMBL
COc1ccc([C@H]2C[C@@H]2COc2cc(NCc3c(C)noc3C)c(=O)n(C)n2)nc1,1,9.42,2016,ChEMBL
COc1ccc([C@H]2C[C@@H]2COc2cc(NCc3c[nH]nn3)c(=O)n(C)n2)nc1,1,10.32,2016,ChEMBL
COc1ccc([C@H]2C[C@@H]2COc2cc(NCc3cc(C)ccn3)c(=O)n(C)n2)nc1,1,9.56,2016,ChEMBL
COc1ccc([C@H]2C[C@@H]2COc2cc(NCc3cc(C)on3)c(=O)n(C)n2)nc1,1,11.0,2016,ChEMBL
COc1ccc([C@H]2C[C@@H]2COc2cc(NCc3ccc(C)c(C)n3)c(=O)n(C)n2)nc1,1,9.39,2016,ChEMBL
COc1ccc([C@H]2C[C@@H]2COc2cc(NCc3ccc(C)cn3)c(=O)n(C)n2)nc1,1,10.72,2016,ChEMBL
COc1ccc([C@H]2C[C@@H]2COc2cc(NCc3ccc(C)nc3)c(=O)n(C)n2)nc1,1,10.6,2016,ChEMBL
COc1ccc([C@H]2C[C@@H]2COc2cc(NCc3ccc(C)nn3)c(=O)n(C)n2)nc1,1,10.41,2016,ChEMBL
COc1ccc([C@H]2C[C@@H]2COc2cc(NCc3ccc(Cl)c(C)n3)c(=O)n(C)n2)nc1,1,8.89,2016,ChEMBL
COc1ccc([C@H]2C[C@@H]2COc2cc(NCc3ccc(F)c(C)n3)c(=O)n(C)n2)nc1,1,8.28,2016,ChEMBL
COc1ccc([C@H]2C[C@@H]2COc2cc(NCc3cccc(C)n3)c(=O)n(C)n2)nc1,1,8.57,2016,ChEMBL
COc1ccc([C@H]2C[C@@H]2COc2cc(NCc3ccccn3)c(=O)n(C)n2)nc1,1,9.15,2016,ChEMBL
COc1ccc([C@H]2C[C@@H]2COc2cc(NCc3cccnc3)c(=O)n(C)n2)nc1,1,9.58,2016,ChEMBL
COc1ccc([C@H]2C[C@@H]2COc2cc(NCc3cccnc3C)c(=O)n(C)n2)nc1,1,10.28,2016,ChEMBL
COc1ccc([C@H]2C[C@@H]2COc2cc(NCc3ccnc(C)c3)c(=O)n(C)n2)nc1,1,9.91,2016,ChEMBL
COc1ccc([C@H]2C[C@@H]2COc2cc(NCc3ccnn3C)c(=O)n(C)n2)nc1,1,9.72,2016,ChEMBL
COc1ccc([C@H]2C[C@@H]2COc2cc(NCc3cn(C)nn3)c(=O)n(C)n2)nc1,1,10.18,2016,ChEMBL
COc1ccc([C@H]2C[C@@H]2COc2cc(NCc3cncc(C)c3)c(=O)n(C)n2)nc1,1,10.31,2016,ChEMBL
COc1ccc([C@H]2C[C@@H]2COc2cc(NCc3cnccc3C)c(=O)n(C)n2)nc1,1,7.94,2016,ChEMBL
COc1ccc([C@H]2C[C@@H]2COc2cc(NCc3cnccn3)c(=O)n(C)n2)nc1,1,8.24,2016,ChEMBL
COc1ccc([C@H]2C[C@@H]2COc2cc(NCc3cncnc3)c(=O)n(C)n2)nc1,1,8.77,2016,ChEMBL
COc1ccc([C@H]2C[C@@H]2COc2cc(NCc3cnn(C(F)F)c3)c(=O)n(C)n2)nc1,1,9.84,2016,ChEMBL
COc1ccc([C@H]2C[C@@H]2COc2cc(NCc3cnn(C)c3)c(=O)n(C)n2)nc1,1,10.85,2016,ChEMBL
COc1ccc([C@H]2C[C@@H]2COc2cc(NCc3cnn(C)c3)nc(C)n2)nc1,1,10.27,2023,ChEMBL
COc1ccc([C@H]2C[C@@H]2COc2cc(NCc3cnn(C)c3Cl)c(=O)n(C)n2)nc1,1,8.9,2016,ChEMBL
COc1ccc([C@H]2C[C@@H]2COc2cc(NCc3cnn(C)c3N(C)C)c(=O)n(C)n2)nc1,1,7.37,2016,ChEMBL
COc1ccc([C@H]2C[C@@H]2COc2cc(NCc3cnn(C)n3)c(=O)n(C)n2)nc1,1,9.19,2016,ChEMBL
COc1ccc([C@H]2C[C@@H]2COc2cc(NCc3csc(C)n3)c(=O)n(C)n2)nc1,1,7.78,2016,ChEMBL
COc1ccc([C@H]2C[C@@H]2COc2cc(NCc3nc(C)c(C)s3)c(=O)n(C)n2)nc1,1,10.32,2016,ChEMBL
COc1ccc([C@H]2C[C@@H]2COc2cc(NCc3nc(C)ccc3C)c(=O)n(C)n2)nc1,1,7.31,2016,ChEMBL
COc1ccc([C@H]2C[C@@H]2COc2cc(NCc3nc(C)ccc3F)c(=O)n(C)n2)nc1,1,7.26,2016,ChEMBL
COc1ccc([C@H]2C[C@@H]2COc2cc(NCc3nc(C)nn3C)c(=O)n(C)n2)nc1,1,8.55,2016,ChEMBL
COc1ccc([C@H]2C[C@@H]2COc2cc(NCc3ncccc3C)c(=O)n(C)n2)nc1,1,7.49,2016,ChEMBL
COc1ccc([C@H]2C[C@@H]2COc2cc(NCc3nnc(C)s3)c(=O)n(C)n2)nc1,1,10.82,2016,ChEMBL
COc1ccc([C@H]2C[C@@H]2COc2cc(NCc3nnc(C)s3)n3nccc3n2)nc1,1,10.92,2015,ChEMBL
COc1ccc([C@H]2C[C@@H]2COc2cc(NCc3nnc(C)s3)nc(C)n2)nc1,1,10.42,2023,ChEMBL
COc1ccc([C@H]2C[C@@H]2COc2cc(NCc3nnc(C)s3)nc(N)n2)nc1,1,10.3,2015,ChEMBL
COc1ccc([C@H]2C[C@@H]2COc2cc(NCc3oc(C)nc3C)n3nccc3n2)nc1,1,8.89,2015,ChEMBL
COc1ccc([C@H]2C[C@@H]2COc2nc(C)c(C)nc2-c2cncc(OC)c2)nc1,1,9.66,2015,ChEMBL
COc1ccc([C@H]2C[C@@H]2COc2nc(C)ncc2-c2c[nH]nn2)nc1,1,8.87,2017,ChEMBL
COc1ccc([C@H]2C[C@@H]2COc2nc(C)ncc2-c2c[nH]oc2=O)nc1,1,8.63,2017,ChEMBL
COc1ccc([C@H]2C[C@@H]2COc2nc(C)ncc2-c2cc(=O)[nH][nH]2)nc1,1,9.05,2017,ChEMBL
COc1ccc([C@H]2C[C@@H]2COc2nc(C)ncc2-c2cc(=O)[nH]cc2C)nc1,1,9.21,2016,ChEMBL
COc1ccc([C@H]2C[C@@H]2COc2nc(C)ncc2-c2cc(=O)[nH]cc2Cl)nc1,1,9.41,2016,ChEMBL
COc1ccc([C@H]2C[C@@H]2COc2nc(C)ncc2-c2cc(=O)[nH]n2C)nc1,1,7.64,2017,ChEMBL
COc1ccc([C@H]2C[C@@H]2COc2nc(C)ncc2-c2cc(=O)n(C)cc2C#N)nc1,1,8.13,2016,ChEMBL
COc1ccc([C@H]2C[C@@H]2COc2nc(C)ncc2-c2cc(=O)n(C)cc2C(F)(F)F)nc1,1,8.52,2016,ChEMBL
COc1ccc([C@H]2C[C@@H]2COc2nc(C)ncc2-c2cc(=O)n(C)cc2C)nc1,1,9.3,2016,ChEMBL
COc1ccc([C@H]2C[C@@H]2COc2nc(C)ncc2-c2cc(=O)n(C)cc2C2CC2)nc1,1,9.23,2016,ChEMBL
COc1ccc([C@H]2C[C@@H]2COc2nc(C)ncc2-c2cc(=O)n(C)cc2Cl)nc1,1,8.95,2016,ChEMBL
COc1ccc([C@H]2C[C@@H]2COc2nc(C)ncc2-c2cc(=O)n(C)cc2S(C)(=O)=O)nc1,1,7.17,2016,ChEMBL
COc1ccc([C@H]2C[C@@H]2COc2nc(C)ncc2-c2cc(=O)n(C)cc2SC)nc1,1,7.9,2016,ChEMBL
COc1ccc([C@H]2C[C@@H]2COc2nc(C)ncc2-c2cc(=O)n(C)cc2[S+](C)[O-])nc1,1,7.255,2016,ChEMBL
COc1ccc([C@H]2C[C@@H]2COc2nc(C)ncc2-c2cc(=O)n(C)cn2)nc1,1,8.22,2016,ChEMBL
COc1ccc([C@H]2C[C@@H]2COc2nc(C)ncc2-c2cc(=O)n(C)n2C)nc1,1,8.11,2017,ChEMBL
COc1ccc([C@H]2C[C@@H]2COc2nc(C)ncc2-c2cc(=O)n(C)nc2O)nc1,1,7.67,2016,ChEMBL
COc1ccc([C@H]2C[C@@H]2COc2nc(C)ncc2-c2cc(=O)n(C)nc2OC)nc1,1,8.66,2016,ChEMBL
COc1ccc([C@H]2C[C@@H]2COc2nc(C)ncc2-c2cc(C#N)c(=O)n(C)c2C)nc1,1,9.93,2016,ChEMBL
COc1ccc([C@H]2C[C@@H]2COc2nc(C)ncc2-c2cc(C#N)n(C)c2)nc1,1,9.05,2017,ChEMBL
COc1ccc([C@H]2C[C@@H]2COc2nc(C)ncc2-c2cc(C(F)(F)F)cnc2Cl)nc1,1,9.36,2017,ChEMBL
COc1ccc([C@H]2C[C@@H]2COc2nc(C)ncc2-c2cc(C)c(=O)n(C)c2)nc1,1,9.14,2016,ChEMBL
COc1ccc([C@H]2C[C@@H]2COc2nc(C)ncc2-c2cc(C)c(=O)n(C)n2)nc1,1,8.91,2016,ChEMBL
COc1ccc([C@H]2C[C@@H]2COc2nc(C)ncc2-c2cc(C)n(C)c(=O)c2)nc1,1,9.105,2016,ChEMBL
COc1ccc([C@H]2C[C@@H]2COc2nc(C)ncc2-c2cc(Cl)ncc2C(F)(F)F)nc1,1,9.0,2017,ChEMBL
COc1ccc([C@H]2C[C@@H]2COc2nc(C)ncc2-c2cc(Cl)ncc2OC)nc1,1,9.1,2017,ChEMBL
COc1ccc([C@H]2C[C@@H]2COc2nc(C)ncc2-c2cc(Cl)ncc2OCOCC[Si](C)(C)C)nc1,1,7.72,2017,ChEMBL
COc1ccc([C@H]2C[C@@H]2COc2nc(C)ncc2-c2cc(F)c(=O)n(C)c2)nc1,1,8.89,2016,ChEMBL
COc1ccc([C@H]2C[C@@H]2COc2nc(C)ncc2-c2cc(OC)c(=O)n(C)c2)nc1,1,9.82,2016,ChEMBL
COc1ccc([C@H]2C[C@@H]2COc2nc(C)ncc2-c2cc(OC)nn2C)nc1,1,7.52,2017,ChEMBL
COc1ccc([C@H]2C[C@@H]2COc2nc(C)ncc2-c2ccc(-c3nc(CCl)no3)cc2)nc1,1,8.93,2017,ChEMBL
COc1ccc([C@H]2C[C@@H]2COc2nc(C)ncc2-c2ccc(-c3nc(CO)no3)cc2)nc1,1,9.03,2017,ChEMBL
COc1ccc([C@H]2C[C@@H]2COc2nc(C)ncc2-c2ccc(-c3ncno3)cc2)nc1,1,9.82,2017,ChEMBL
COc1ccc([C@H]2C[C@@H]2COc2nc(C)ncc2-c2ccc(-c3ncon3)cc2)nc1,1,8.94,2017,ChEMBL
COc1ccc([C@H]2C[C@@H]2COc2nc(C)ncc2-c2ccc(-c3nn[nH]n3)nc2)nc1,1,9.89,2017,ChEMBL
COc1ccc([C@H]2C[C@@H]2COc2nc(C)ncc2-c2ccc(-c3nnn(C(F)F)n3)cc2)nc1,1,8.48,2017,ChEMBL
COc1ccc([C@H]2C[C@@H]2COc2nc(C)ncc2-c2ccc(-c3nnn(C)n3)cc2)nc1,1,8.7,2017,ChEMBL
COc1ccc([C@H]2C[C@@H]2COc2nc(C)ncc2-c2ccc(-c3nnn(C)n3)nc2)nc1,1,8.79,2017,ChEMBL
COc1ccc([C@H]2C[C@@H]2COc2nc(C)ncc2-c2ccc(-c3nnnn3C(F)F)cc2)nc1,1,8.69,2017,ChEMBL
COc1ccc([C@H]2C[C@@H]2COc2nc(C)ncc2-c2ccc(-c3nnnn3C)cc2)nc1,1,8.97,2017,ChEMBL
COc1ccc([C@H]2C[C@@H]2COc2nc(C)ncc2-c2ccc(-c3nnnn3C)nc2)nc1,1,8.75,2017,ChEMBL
COc1ccc([C@H]2C[C@@H]2COc2nc(C)ncc2-c2ccc(-c3noc(C)n3)cc2)nc1,1,8.71,2017,ChEMBL
COc1ccc([C@H]2C[C@@H]2COc2nc(C)ncc2-c2ccc(-c3noc(CO)n3)cc2)nc1,1,8.69,2017,ChEMBL
COc1ccc([C@H]2C[C@@H]2COc2nc(C)ncc2-c2ccc(=O)[nH]n2)nc1,1,8.36,2016,ChEMBL
COc1ccc([C@H]2C[C@@H]2COc2nc(C)ncc2-c2ccc(=O)n(-c3ccccc3)c2)nc1,1,8.33,2016,ChEMBL
COc1ccc([C@H]2C[C@@H]2COc2nc(C)ncc2-c2ccc(=O)n(C(C)C)c2)nc1,1,9.08,2016,ChEMBL
COc1ccc([C@H]2C[C@@H]2COc2nc(C)ncc2-c2ccc(=O)n(C(F)F)c2)nc1,1,8.92,2016,ChEMBL
COc1ccc([C@H]2C[C@@H]2COc2nc(C)ncc2-c2ccc(=O)n(C)c2)nc1,1,8.885,2016,ChEMBL
COc1ccc([C@H]2C[C@@H]2COc2nc(C)ncc2-c2ccc(=O)n(C)c2C)nc1,1,9.95,2016,ChEMBL
COc1ccc([C@H]2C[C@@H]2COc2nc(C)ncc2-c2ccc(=O)n(C)n2)nc1,1,8.55,2016,ChEMBL
COc1ccc([C@H]2C[C@@H]2COc2nc(C)ncc2-c2ccc(=O)n(CC(F)(F)F)c2)nc1,1,8.51,2016,ChEMBL
COc1ccc([C@H]2C[C@@H]2COc2nc(C)ncc2-c2ccc(=O)n(CC(F)F)c2)nc1,1,8.64,2016,ChEMBL
COc1ccc([C@H]2C[C@@H]2COc2nc(C)ncc2-c2ccc(=O)n(CC3CC3)c2)nc1,1,9.42,2016,ChEMBL
COc1ccc([C@H]2C[C@@H]2COc2nc(C)ncc2-c2ccc(=O)n(CCC#N)c2)nc1,1,8.75,2016,ChEMBL
COc1ccc([C@H]2C[C@@H]2COc2nc(C)ncc2-c2ccc(=O)n(OC)c2)nc1,1,8.72,2016,ChEMBL
COc1ccc([C@H]2C[C@@H]2COc2nc(C)ncc2-c2ccc(Br)cc2)nc1,1,8.3,2017,ChEMBL
COc1ccc([C@H]2C[C@@H]2COc2nc(C)ncc2-c2ccc(Br)cn2)nc1,1,7.94,2017,ChEMBL
COc1ccc([C@H]2C[C@@H]2COc2nc(C)ncc2-c2ccc(C#N)n2C)nc1,1,9.03,2017,ChEMBL
COc1ccc([C@H]2C[C@@H]2COc2nc(C)ncc2-c2ccc(C(=O)NCC(F)(F)F)nc2)nc1,1,9.17,2017,ChEMBL
COc1ccc([C@H]2C[C@@H]2COc2nc(C)ncc2-c2ccc(C(=O)NCCO)cc2)nc1,1,8.97,2017,ChEMBL
COc1ccc([C@H]2C[C@@H]2COc2nc(C)ncc2-c2ccc(C(=O)NCCO)nc2)nc1,1,9.19,2017,ChEMBL
COc1ccc([C@H]2C[C@@H]2COc2nc(C)ncc2-c2ccc(C(=O)O)cc2)nc1,1,9.54,2017,ChEMBL
COc1ccc([C@H]2C[C@@H]2COc2nc(C)ncc2-c2ccc(C(=O)O)nn2)nc1,1,8.57,2017,ChEMBL
COc1ccc([C@H]2C[C@@H]2COc2nc(C)ncc2-c2ccc(C(C)(C)O)nn2)nc1,1,8.4,2017,ChEMBL
COc1ccc([C@H]2C[C@@H]2COc2nc(C)ncc2-c2ccc(C(N)=O)nc2)nc1,1,8.85,2017,ChEMBL
COc1ccc([C@H]2C[C@@H]2COc2nc(C)ncc2-c2ccc(C(O)C(F)(F)F)nc2)nc1,1,9.555,2017,ChEMBL
COc1ccc([C@H]2C[C@@H]2COc2nc(C)ncc2-c2ccc(C(O)C(F)F)nc2)nc1,1,9.684999999999999,2017,ChEMBL
COc1ccc([C@H]2C[C@@H]2COc2nc(C)ncc2-c2ccc(C)nc2)nc1,1,9.1,2015,ChEMBL
COc1ccc([C@H]2C[C@@H]2COc2nc(C)ncc2-c2ccc(C)nn2)nc1,1,7.99,2017,ChEMBL
COc1ccc([C@H]2C[C@@H]2COc2nc(C)ncc2-c2ccc(C3(O)CCC3)nc2)nc1,1,9.92,2017,ChEMBL
COc1ccc([C@H]2C[C@@H]2COc2nc(C)ncc2-c2ccc(C3(O)CCCC3)nc2)nc1,1,10.22,2017,ChEMBL
COc1ccc([C@H]2C[C@@H]2COc2nc(C)ncc2-c2ccc(C3(O)COC3)nc2)nc1,1,9.8,2017,ChEMBL
COc1ccc([C@H]2C[C@@H]2COc2nc(C)ncc2-c2ccc(CO)nn2)nc1,1,7.92,2017,ChEMBL
COc1ccc([C@H]2C[C@@H]2COc2nc(C)ncc2-c2ccc(Cl)nc2)nc1,1,8.89,2017,ChEMBL
COc1ccc([C@H]2C[C@@H]2COc2nc(C)ncc2-c2ccc(O)nc2)nc1,1,9.03,2017,ChEMBL
COc1ccc([C@H]2C[C@@H]2COc2nc(C)ncc2-c2ccc(OC(CO)CO)nc2)nc1,1,8.32,2017,ChEMBL
COc1ccc([C@H]2C[C@@H]2COc2nc(C)ncc2-c2ccc(OCC3CC3)nc2)nc1,1,9.3,2017,ChEMBL
COc1ccc([C@H]2C[C@@H]2COc2nc(C)ncc2-c2ccc(S(C)(=O)=O)nc2)nc1,1,8.53,2017,ChEMBL
COc1ccc([C@H]2C[C@@H]2COc2nc(C)ncc2-c2ccc([S+](C)[O-])nc2)nc1,1,8.67,2017,ChEMBL
COc1ccc([C@H]2C[C@@H]2COc2nc(C)ncc2-c2ccn(C(F)F)c(=O)c2)nc1,1,8.71,2016,ChEMBL
COc1ccc([C@H]2C[C@@H]2COc2nc(C)ncc2-c2ccn(C)c(=O)c2)nc1,1,8.81,2016,ChEMBL
COc1ccc([C@H]2C[C@@H]2COc2nc(C)ncc2-c2ccn(C)c(=O)c2C#N)nc1,1,8.09,2016,ChEMBL
COc1ccc([C@H]2C[C@@H]2COc2nc(C)ncc2-c2ccn(C)c(=O)c2SC)nc1,1,7.74,2016,ChEMBL
COc1ccc([C@H]2C[C@@H]2COc2nc(C)ncc2-c2ccn(CC#N)c(=O)c2)nc1,1,9.36,2016,ChEMBL
COc1ccc([C@H]2C[C@@H]2COc2nc(C)ncc2-c2ccn(CC(=O)O)c(=O)c2)nc1,1,8.01,2016,ChEMBL
COc1ccc([C@H]2C[C@@H]2COc2nc(C)ncc2-c2ccn(CC(F)(F)F)c(=O)c2)nc1,1,9.52,2016,ChEMBL
COc1ccc([C@H]2C[C@@H]2COc2nc(C)ncc2-c2ccn(CC(F)F)c(=O)c2)nc1,1,9.41,2016,ChEMBL
COc1ccc([C@H]2C[C@@H]2COc2nc(C)ncc2-c2ccn(CCC#N)c(=O)c2)nc1,1,9.03,2016,ChEMBL
COc1ccc([C@H]2C[C@@H]2COc2nc(C)ncc2-c2ccn(CCO)c(=O)c2)nc1,1,9.19,2016,ChEMBL
COc1ccc([C@H]2C[C@@H]2COc2nc(C)ncc2-c2ccnc(F)c2)nc1,1,9.48,2017,ChEMBL
COc1ccc([C@H]2C[C@@H]2COc2nc(C)ncc2-c2ccnc(N)c2C#N)nc1,1,8.43,2017,ChEMBL
COc1ccc([C@H]2C[C@@H]2COc2nc(C)ncc2-c2ccnc(OC(C)C)c2)nc1,1,9.74,2017,ChEMBL
COc1ccc([C@H]2C[C@@H]2COc2nc(C)ncc2-c2cn(C)[nH]c2=O)nc1,1,9.15,2017,ChEMBL
COc1ccc([C@H]2C[C@@H]2COc2nc(C)ncc2-c2cn(C)c(=O)cn2)nc1,1,7.78,2016,ChEMBL
COc1ccc([C@H]2C[C@@H]2COc2nc(C)ncc2-c2cn(C)nc2C(F)(F)F)nc1,1,9.7,2017,ChEMBL
COc1ccc([C@H]2C[C@@H]2COc2nc(C)ncc2-c2cn(C)nc2C(O)C(F)(F)F)nc1,1,9.03,2017,ChEMBL
COc1ccc([C@H]2C[C@@H]2COc2nc(C)ncc2-c2cn(C)oc2=O)nc1,1,8.18,2017,ChEMBL
COc1ccc([C@H]2C[C@@H]2COc2nc(C)ncc2-c2cnc(C(=O)O)cn2)nc1,1,8.9,2017,ChEMBL
COc1ccc([C@H]2C[C@@H]2COc2nc(C)ncc2-c2cnc(C(C)(C)O)cn2)nc1,1,8.5,2017,ChEMBL
COc1ccc([C@H]2C[C@@H]2COc2nc(C)ncc2-c2cnc(CO)cn2)nc1,1,7.92,2017,ChEMBL
COc1ccc([C@H]2C[C@@H]2COc2nc(C)ncc2-c2cnc(O)nc2)nc1,1,8.79,2017,ChEMBL
COc1ccc([C@H]2C[C@@H]2COc2nc(C)ncc2-c2cnco2)nc1,1,8.11,2017,ChEMBL
COc1ccc([C@H]2C[C@@H]2COc2nc(C)ncc2-c2cnn(C)c(=O)c2)nc1,1,8.24,2016,ChEMBL
COc1ccc([C@H]2C[C@@H]2COc2nc(C)ncc2-c2cnn(C)c(=O)c2Cl)nc1,1,9.14,2016,ChEMBL
COc1ccc([C@H]2C[C@@H]2COc2nc(C)ncc2-c2cnn(C)c2)nc1,1,9.6,2015,ChEMBL
COc1ccc([C@H]2C[C@@H]2COc2nc(C)ncc2-c2cnnn2C(F)F)nc1,1,8.18,2017,ChEMBL
COc1ccc([C@H]2C[C@@H]2COc2nc(C)ncc2-c2cnsc2)nc1,1,8.95,2017,ChEMBL
COc1ccc([C@H]2C[C@@H]2COc2nc(C)ncc2-c2csc(C)n2)nc1,1,9.11,2015,ChEMBL
COc1ccc([C@H]2C[C@@H]2COc2nc(C)ncc2-c2ncno2)nc1,1,7.64,2017,ChEMBL
COc1ccc([C@H]2C[C@@H]2COc2nc(C)ncc2-c2nn(C)c(=O)cc2C)nc1,1,8.26,2016,ChEMBL
COc1ccc([C@H]2C[C@@H]2COc2nc(C)ncc2-c2nn[nH]c2CO)nc1,1,7.8,2017,ChEMBL
COc1ccc([C@H]2C[C@@H]2COc2nc(C)ncc2-c2nn[nH]n2)nc1,1,8.03,2017,ChEMBL
COc1ccc([C@H]2C[C@@H]2COc2nc(C)ncc2-c2nnc(C3CC3)s2)nc1,1,8.38,2015,ChEMBL
COc1ccc([C@H]2C[C@@H]2COc2nc(C)ncc2-c2nnn(C(F)F)n2)nc1,1,7.48,2017,ChEMBL
COc1ccc([C@H]2C[C@@H]2COc2nc(C)ncc2-c2nnn(C)n2)nc1,1,7.67,2017,ChEMBL
COc1ccc([C@H]2C[C@@H]2COc2nc(C)ncc2-c2noc(CO)n2)nc1,1,7.52,2017,ChEMBL
COc1ccc([C@H]2C[C@@H]2COc2nc(C)ncc2-c2ocnc2C)nc1,1,9.04,2017,ChEMBL
COc1ccc([C@H]2C[C@@H]2COc2nc(C)ncc2/C=C/c2cccnc2)nc1,1,9.22,2015,ChEMBL
COc1ccc([C@H]2C[C@@H]2COc2nc(C)ncc2C2(F)CCCCC2)nc1,1,7.71,2017,ChEMBL
COc1ccc([C@H]2C[C@@H]2COc2nc(C)ncc2C2=CC(=O)CC2)nc1,1,8.76,2017,ChEMBL
COc1ccc([C@H]2C[C@@H]2COc2nc(C)ncc2C2=CCC(O)CC2)nc1,1,9.82,2015,ChEMBL
COc1ccc([C@H]2C[C@@H]2COc2nc(C)ncc2C2=CCOCC2)nc1,1,9.12,2017,ChEMBL
COc1ccc([C@H]2C[C@@H]2COc2nc(C)ncc2C2CCC(=O)C2)nc1,1,8.08,2017,ChEMBL
COc1ccc([C@H]2C[C@@H]2COc2nc(C)ncc2C2CCC(=O)CC2)nc1,1,8.43,2017,ChEMBL
COc1ccc([C@H]2C[C@@H]2COc2nc(C)ncc2C2CCC(C(=O)O)CC2)nc1,1,8.28,2017,ChEMBL
COc1ccc([C@H]2C[C@@H]2COc2nc(C)ncc2C2CCC(C(C)(C)O)CC2)nc1,1,9.19,2017,ChEMBL
COc1ccc([C@H]2C[C@@H]2COc2nc(C)ncc2C2CCC(C(N)=O)CC2)nc1,1,9.245000000000001,2017,ChEMBL
COc1ccc([C@H]2C[C@@H]2COc2nc(C)ncc2C2CCC3(CC2)OCCO3)nc1,1,8.55,2017,ChEMBL
COc1ccc([C@H]2C[C@@H]2COc2nc(C)ncc2C2CCCC(=O)C2)nc1,1,9.32,2017,ChEMBL
COc1ccc([C@H]2C[C@@H]2COc2nc(C)ncc2CN2CCC(F)(F)C2)nc1,1,7.22,2015,ChEMBL
COc1ccc([C@H]2C[C@@H]2COc2nc(C)ncc2[C@@H]2CC[C@@H](O)C2)nc1,1,8.26,2017,ChEMBL
COc1ccc([C@H]2C[C@@H]2COc2nc(C)ncc2[C@H]2CC[C@@H](O)C2)nc1,1,8.25,2017,ChEMBL
COc1ccc([C@H]2C[C@@H]2COc2nc(Cl)c(C)c(NCc3cnn(C)n3)n2)nc1,1,9.11,2014,ChEMBL
COc1ccc([C@H]2C[C@@H]2COc2nc(N)nc(NCc3nnc(C)s3)c2F)nc1,1,9.3,2015,ChEMBL
COc1ccc([C@H]2C[C@@H]2COc2nc3cccnc3cc2-c2cnn(CCO)c2)nc1,1,9.64,2015,ChEMBL
COc1ccc([C@H]2C[C@@H]2COc2nc3cccnc3cc2C2CCCN(C(C)=O)C2)nc1,1,8.6,2015,ChEMBL
COc1ccc([C@H]2C[C@@H]2COc2ncc(C)cc2-c2cnn3c2CCC3)nc1,1,9.47,2015,ChEMBL
COc1ccc2[nH]c(C(=O)N3CCc4nc(-c5cccnc5)nc(OC(C)C)c4C3)cc2n1,1,9.1,2013,ChEMBL
COc1ccc2c(=O)n(-c3ccc4cc[nH]c4c3)c(CCN3C(=O)c4cccc(OC(C)C)c4C3=O)nc2c1,1,10.26,2014,ChEMBL
COc1ccc2c(=O)n(-c3cccc(C)c3)c(CCN3C(=O)c4cccc(OC(C)C)c4C3=O)nc2c1,1,10.11,2014,ChEMBL
COc1ccc2c(=O)n(-c3cccc(C)c3)c(CCN3C(=O)c4cccc(OC)c4C3=O)nc2c1,1,9.15,2014,ChEMBL
COc1ccc2c(N[C@@H](C)Cc3cc(C)[nH]n3)ncnc2c1OC,1,6.39,2018,ChEMBL
COc1ccc2c([C@H]3CCc4ccc(Cl)cc43)nccc2c1OC,1,6.6,2014,ChEMBL
COc1ccc2c(c1)-c1nc(CCc3nc4c(C)ncc(C)n4n3)cn1C2,1,8.16,2014,ChEMBL
COc1ccc2c(c1)CCN(c1ncnn3c(C)nc([C@@H]4CCOC4)c13)C2,1,8.95,2015,ChEMBL
COc1ccc2c(c1)Cn1cc(CCc3nc4c(C)ncc(C)n4n3)nc1-2,1,9.54,2015,ChEMBL
COc1ccc2c(c1)nc(C)c1nnc(-c3c(Cl)cccc3Cl)n12,1,6.48,2017,ChEMBL
COc1ccc2c(c1)nc(C)c1nnc(-c3cc(F)ccc3C)n12,1,6.79,2017,ChEMBL
COc1ccc2c(c1)nc(C)c1nnc(-c3ccccc3Cl)n12,1,7.17,2017,ChEMBL
COc1ccc2c(c1)nc(C)c1nnc(-c3ccccc3F)n12,1,6.65,2017,ChEMBL
COc1ccc2c(c1)nc(CCc1nc(-c3ccccc3)cn1C)n1nc(C)cc21,1,7.51,2011,ChEMBL
COc1ccc2c(c1)nc(CCn1c(=O)n(C)c3cccnc31)n2-c1ccccc1,1,8.2,2014,ChEMBL
COc1ccc2c(c1)nc(CCn1c(=O)n(C)c3cccnc31)n2-c1ccccn1,1,6.66,2014,ChEMBL
COc1ccc2c(c1)nc(CCn1c(=O)n(C)c3cccnc31)n2-c1cccnc1,1,7.43,2014,ChEMBL
COc1ccc2c(c1)nc(CCn1c(=O)n(C)c3cccnc31)n2-c1ccncc1,1,7.01,2014,ChEMBL
COc1ccc2c(c1)nc(CSc1nc(-c3ccccc3)cn1C)n1nc(C)cc21,1,7.0,2011,ChEMBL
COc1ccc2c(c1OCCF)CN(c1ncnn3c(C)nc([C@@H]4CCOC4)c13)CC2,1,10.41,2015,ChEMBL
COc1ccc2c(n1)CCN(c1ncnn3c(C)nc([C@@H]4CCOC4)c13)C2,1,9.05,2015,ChEMBL
COc1ccc2c(n1)CN(c1ncnn3c(C)nc([C@@H]4CCOC4)c13)CC2,1,8.56,2015,ChEMBL
COc1ccc2c(n1)CN(c1ncnn3c(C)nc([C@H]4CCOC4)c13)CC2,1,8.56,2015,ChEMBL
COc1ccc2cc(Cc3c(=O)[nH]c(C)c4cc(OC)c(OC)cc34)cnc2c1,1,7.54,2017,ChEMBL
COc1ccc2cc(Cc3cncc4cc(OC)c(OC)cc34)ccc2c1,1,7.27,2018,ChEMBL
COc1ccc2cc(Cc3cncc4cc(OC)c(OC)cc34)cnc2c1,1,7.75,2018,ChEMBL
COc1ccc2cc(O[C@@H]3CCN(c4ncnc5cc(OC)c(OC)cc45)C3)ccc2c1,1,7.75,2008,ChEMBL
COc1ccc2ccc(/C=C/c3nc4c(C)ncc(C)n4n3)nc2c1,1,7.89,2015,ChEMBL
COc1ccc2ccc(COc3ccc(-c4c(-c5ccncc5)cnn4C)cc3)nc2c1,1,7.02,2013,ChEMBL
COc1ccc2ccc(COc3ccc(-c4nn(C)cc4-c4ccncc4)cc3)nc2c1,1,7.34,2013,ChEMBL
COc1ccc2ccc(CSc3ccc(-c4c(-c5ccncc5)cnn4C)cc3)nc2c1,1,6.2,2013,ChEMBL
COc1ccc2ccc(CSc3ccc(-c4nn(C)cc4-c4ccncc4)cc3)nc2c1,1,6.4,2013,ChEMBL
COc1ccc2ccc(O[C@@H]3CCN(c4ncnc5cc(OC)c(OC)cc45)C3)cc2c1,1,7.77,2008,ChEMBL
COc1ccc2nc(C#N)c3c(C)nc(-c4ccccc4Cl)n3c2n1,1,8.22,2011,ChEMBL
COc1ccc2nc(C#N)c3c(C)nc(C4CCCCC4)n3c2n1,1,8.02,2010,ChEMBL
COc1ccc2nc(C(F)(F)F)c3c(C)nc(-c4ccccc4Cl)n3c2n1,1,6.71,2011,ChEMBL
COc1ccc2nc(C(F)F)c3c(C)nc(-c4ccccc4Cl)n3c2n1,1,8.14,2011,ChEMBL
COc1ccc2nc(C)c3c(C(F)(F)F)nc(-c4cc(Cl)ccc4Cl)n3c2n1,1,6.76,2011,ChEMBL
COc1ccc2nc(C)c3c(C(F)(F)F)nc(-c4cc(F)ccc4Cl)n3c2n1,1,7.06,2011,ChEMBL
COc1ccc2nc(C)c3c(C(F)(F)F)nc(-c4ccc(F)cc4Cl)n3c2n1,1,6.99,2011,ChEMBL
COc1ccc2nc(C)c3c(C(F)(F)F)nc(-c4ccccc4C)n3c2n1,1,7.22,2011,ChEMBL
COc1ccc2nc(C)c3c(C(F)(F)F)nc(-c4ccccc4Cl)n3c2n1,1,7.36,2011,ChEMBL
COc1ccc2nc(C)c3c(C)nc(-c4c(C)n[nH]c4C)n3c2n1,1,7.89,2011,ChEMBL
COc1ccc2nc(C)c3c(C)nc(-c4c(C)nn(C)c4C)n3c2n1,1,8.21,2011,ChEMBL
COc1ccc2nc(C)c3c(C)nc(-c4c(C)noc4C)n3c2n1,1,7.34,2011,ChEMBL
COc1ccc2nc(C)c3c(C)nc(-c4cc(Cl)ccc4Cl)n3c2n1,1,8.13,2011,ChEMBL
COc1ccc2nc(C)c3c(C)nc(-c4ccc(C)nc4)n3c2n1,1,7.13,2011,ChEMBL
COc1ccc2nc(C)c3c(C)nc(-c4ccc(F)cc4Cl)n3c2n1,1,8.37,2011,ChEMBL
COc1ccc2nc(C)c3c(C)nc(-c4cccc(C(N)=O)c4)n3c2n1,1,8.74,2011,ChEMBL
COc1ccc2nc(C)c3c(C)nc(-c4ccccc4C(F)(F)F)n3c2n1,1,7.62,2011,ChEMBL
COc1ccc2nc(C)c3c(C)nc(-c4ccccc4C(N)=O)n3c2n1,1,6.73,2011,ChEMBL
COc1ccc2nc(C)c3c(C)nc(-c4ccccc4C)n3c2n1,1,8.13,2011,ChEMBL
COc1ccc2nc(C)c3c(C)nc(-c4ccccc4Cl)n3c2n1,1,8.72,2011,ChEMBL
COc1ccc2nc(C)c3c(C)nc(-c4ccccc4OC(F)(F)F)n3c2n1,1,7.84,2011,ChEMBL
COc1ccc2nc(C)c3c(C)nc(-c4ccccc4OC)n3c2n1,1,7.69,2011,ChEMBL
COc1ccc2nc(C)c3c(C)nc(-c4cccn4C)n3c2n1,1,7.74,2011,ChEMBL
COc1ccc2nc(C)c3c(C)nc(-c4cccnc4)n3c2n1,1,7.88,2011,ChEMBL
COc1ccc2nc(C)c3c(C)nc(-c4cccnc4C)n3c2n1,1,8.38,2011,ChEMBL
COc1ccc2nc(C)c3c(C)nc(-c4cccnc4OC)n3c2n1,1,7.86,2011,ChEMBL
COc1ccc2nc(C)c3c(C)nc(-c4ccncc4C)n3c2n1,1,8.28,2011,ChEMBL
COc1ccc2nc(C)c3c(C)nc(-c4ccncc4Cl)n3c2n1,1,8.44,2011,ChEMBL
COc1ccc2nc(C)c3c(C)nc(-c4cn[nH]c4)n3c2n1,1,7.85,2011,ChEMBL
COc1ccc2nc(C)c3c(C)nc(-c4cnccc4C)n3c2c1,1,7.62,2011,ChEMBL
COc1ccc2nc(C)c3c(C)nc(-c4cnccc4C)n3c2n1,1,7.96,2011,ChEMBL
COc1ccc2nc(C)c3c(C)nc(-c4cnccc4Cl)n3c2n1,1,8.1,2011,ChEMBL
COc1ccc2nc(C)c3c(C)nc(-c4cnccc4OC)n3c2n1,1,7.83,2011,ChEMBL
COc1ccc2nc(C)c3c(C)nc(-c4cncnc4)n3c2n1,1,7.18,2011,ChEMBL
COc1ccc2nc(C)c3c(C)nc(-c4sc(C)nc4C)n3c2n1,1,8.43,2011,ChEMBL
COc1ccc2nc(C)c3c(C)nc(-c4sccc4C)n3c2n1,1,8.55,2011,ChEMBL
COc1ccc2nc(C)c3c(C)nc(C)n3c2n1,1,7.09,2010,ChEMBL
COc1ccc2nc(C)c3c(C)nc(C4CCCCC4)n3c2n1,1,8.55,2010,ChEMBL
COc1ccc2nc(C)c3c(C)nc(CC(C)C)n3c2n1,1,8.85,2010,ChEMBL
COc1ccc2nc(C)c3c(C)nc(CCc4ccccc4)n3c2n1,1,6.94,2010,ChEMBL
COc1ccc2nc(C)c3c(C)nc(Cc4ccccc4)n3c2n1,1,7.67,2010,ChEMBL
COc1ccc2nc(C3CC3c3cc(-n4nc(C)nc4C)nc(C)n3)[nH]c2c1,1,7.52,2015,ChEMBL
COc1ccc2nc(CCc3nc(-c4ccccc4)cn3C)n3nc(C)cc3c2c1,1,6.37,2011,ChEMBL
COc1ccc2nc(CCc3nc4c(OC)ccc(C)n4n3)ccc2c1,1,7.92,2017,ChEMBL
COc1ccc2nc(CCc3nc4nc(C)cc(C)n4n3)ccc2c1,1,6.77,2015,ChEMBL
COc1ccc2nc(COc3ccc(-c4c(-c5ccncc5)cnn4C)cc3)ccc2c1,1,8.75,2013,ChEMBL
COc1ccc2nc(COc3ccc(-c4nn(C)cc4-c4ccncc4)cc3)ccc2c1,1,8.74,2013,ChEMBL
COc1ccc2nc(CSc3ccc(-c4c(-c5ccncc5)cnn4C)cc3)ccc2c1,1,6.21,2013,ChEMBL
COc1ccc2nc(CSc3ccc(-c4nn(C)cc4-c4ccncc4)cc3)ccc2c1,1,6.38,2013,ChEMBL
COc1ccc2nc(NCC(F)(F)F)c(Cc3c(=O)[nH]c(C(C)C)c4cc(OC)c(OC)cc34)cc2c1,1,7.26,2017,ChEMBL
COc1ccc2nc(NCCNC(C)=O)c(Cc3c(=O)[nH]c(C)c4cc(OC)c(OC)cc34)cc2c1,1,8.57,2017,ChEMBL
COc1ccc2nc(O)c(Cc3cncc4cc(OC)c(OC)cc34)cc2c1,1,7.6,2018,ChEMBL
COc1ccc2nc(OC)c3c(C)nc(C)n3c2n1,1,6.57,2010,ChEMBL
COc1ccc2nc(SCC#N)n3nc(C)nc3c2c1,1,6.6,2011,ChEMBL
COc1ccc2nc3[nH]nc(C)c3c(CN3CCCOCC3)c2c1,1,6.82,2012,ChEMBL
COc1ccc2nc3[nH]nc(C)c3c(N3CCNCC3)c2c1,1,6.23,2012,ChEMBL
COc1ccc2nnc3c(C)nc(-c4cc(Cl)ccc4Cl)n3c2c1,1,7.62,2012,ChEMBL
COc1ccc2nnc3c(C)nc(-c4cc(Cl)ccc4Cl)n3c2n1,1,7.28,2012,ChEMBL
COc1ccc2nnc3c(C)nc(-c4cc(OCCCC[18F])ccc4F)n3c2n1,1,8.14,2021,ChEMBL
COc1ccc2nnc3c(C)nc(-c4cc(OCCC[18F])ccc4F)n3c2n1,1,8.14,2021,ChEMBL
COc1ccc2nnc3c(C)nc(-c4ccc(Cl)cc4Cl)n3c2n1,1,7.82,2012,ChEMBL
COc1ccc2nnc3c(C)nc(-c4ccc(F)cc4C)n3c2n1,1,7.34,2012,ChEMBL
COc1ccc2nnc3c(C)nc(-c4ccc(F)cc4Cl)n3c2n1,1,7.88,2012,ChEMBL
COc1ccc2nnc3c(C)nc(-c4ccccc4C)n3c2n1,1,7.32,2012,ChEMBL
COc1ccc2nnc3c(C)nc(-c4ccccc4Cl)n3c2n1,1,7.779999999999999,2013,ChEMBL
COc1ccc2nnc3c(C)nc(-c4cncc(C)c4)n3c2n1,1,7.29,2012,ChEMBL
COc1ccc2nnc3c(C)nc(-c4cnccc4C)n3c2n1,1,6.41,2012,ChEMBL
COc1ccc2nnc3c(C)nc(-c4sc(C)nc4C)n3c2n1,1,7.19,2012,ChEMBL
COc1ccc2occ(CCc3nc4cc(C)ccc4n3-c3ccccc3)c(=O)c2c1,1,7.77,2022,ChEMBL
COc1cccc(-c2c(/C=C/c3ccc4c(C(=O)NS(C)(=O)=O)cccc4n3)nc3c(N4CCOCC4)ccnn23)c1,1,8.22,2015,ChEMBL
COc1cccc(-c2c(/C=C/c3ccc4c(C(=O)O)cccc4n3)nc3c(N4CCOCC4)ccnn23)c1,1,9.0,2015,ChEMBL
COc1cccc(-c2cccnc2C2CN(c3ccc4ccccc4n3)C2)c1,1,8.31,2017,ChEMBL
COc1cccc(-c2cccnc2Oc2ccc(C(=O)c3nc4ccccc4[nH]3)cc2)n1,1,8.63,2014,ChEMBL
COc1cccc(-c2cccnc2Oc2ccc(Nc3nc4ccccc4s3)cc2)c1,1,7.41,2014,ChEMBL
COc1cccc(-c2cccnc2Oc2ccc(Nc3nc4ccccc4s3)cc2)n1,1,6.79,2014,ChEMBL
COc1cccc(-c2cn(C)c(CCNC(=O)c3c(C(=O)N4CCC4)cnn3C)n2)c1,1,7.42,2014,ChEMBL
COc1cccc(-c2cn(C)c(CSc3nc4cc(C)cc(C)n4n3)n2)c1,1,6.77,2017,ChEMBL
COc1cccc(-c2cn(C)c(CSc3nc4nc(C)cc(C)n4n3)n2)c1,1,7.1,2017,ChEMBL
COc1cccc(-c2cn(C)c(SCc3cn4c(C)cc(C)nc4n3)n2)c1,1,6.68,2017,ChEMBL
COc1cccc(-c2nc(C)c3nnc4c(OC)cc(F)cc4n23)c1,1,8.04,2012,ChEMBL
COc1cccc(-c2nc3ccccc3nc2C2CN(c3ccc4ccccc4n3)C2)c1,1,8.65,2017,ChEMBL
COc1cccc(-c2nccnc2C2CN(C(=O)c3nc4ccccc4[nH]3)C2)c1,1,7.06,2017,ChEMBL
COc1cccc(-c2nccnc2C2CN(c3ccc4cc(C)ccc4n3)C2)c1,1,8.21,2017,ChEMBL
COc1cccc(-c2nccnc2C2CN(c3ccc4cc(Cl)ccc4n3)C2)c1,1,8.31,2017,ChEMBL
COc1cccc(-c2nccnc2C2CN(c3ccc4ccc(F)cc4n3)C2)c1,1,8.91,2017,ChEMBL
COc1cccc(-c2nccnc2C2CN(c3ccc4cccc(C)c4n3)C2)c1,1,6.0,2017,ChEMBL
COc1cccc(-c2nccnc2C2CN(c3ccc4cccc(Cl)c4n3)C2)c1,1,6.96,2017,ChEMBL
COc1cccc(-c2nccnc2C2CN(c3ccc4ccccc4n3)C2)c1,1,8.52,2017,ChEMBL
COc1cccc(-c2nccnc2C2CN(c3ccc4cccnc4n3)C2)c1,1,7.1,2017,ChEMBL
COc1cccc(-c2nccnc2C2CN(c3ccc4cnccc4n3)C2)c1,1,8.1,2017,ChEMBL
COc1cccc(-c2nccnc2C2CN(c3nc4ccc(F)cc4s3)C2)c1,1,7.54,2015,ChEMBL
COc1cccc(-c2nccnc2C2CN(c3nc4ccc(OC)cc4s3)C2)c1,1,8.0,2017,ChEMBL
COc1cccc(-c2nccnc2C2CN(c3nc4ccccc4cc3C#N)C2)c1,1,8.21,2017,ChEMBL
COc1cccc(-c2nccnc2C2CN(c3nc4ccccc4s3)C2)c1,1,7.8,2017,ChEMBL
COc1cccc(-c2nccnc2C2CN(c3ncc4cc(Cl)ccc4n3)C2)c1,1,7.12,2017,ChEMBL
COc1cccc(-c2nccnc2C2CN(c3ncc4ccccc4n3)C2)c1,1,8.03,2017,ChEMBL
COc1cccc(-c2ncn3c2-c2cc(OC)c(OC)cc2CC3)c1,1,7.52,2012,ChEMBL
COc1cccc(/C=C/c2cn3c(-c4ccc(C(=O)O)cc4)cnc(N4CCOCC4)c3n2)n1,1,8.22,2016,ChEMBL
COc1cccc(/C=C/c2nc3c(N4CCOCC4)ccnn3c2-c2ccc(C(=O)O)cc2)n1,1,7.21,2015,ChEMBL
COc1cccc(C2CN(c3nc(-c4cccnc4)nc4c3CN(C(=O)Nc3ccccc3)CC4)CCN2)c1,1,6.82,2014,ChEMBL
COc1cccc(C2CN(c3ncnc4cc(OC)c(OC)cc34)CCN2)c1,1,7.48,2013,ChEMBL
COc1cccc(NC(=O)c2nc(C3CC3)cnc2Nc2cncnc2)c1C(=O)N(C)C,1,7.915,2014,ChEMBL
COc1cccc(Oc2nccnc2C2CN(C(=O)c3nc4ccccc4[nH]3)C2)c1,1,6.11,2017,ChEMBL
COc1cccc([C@@H]2CN(c3ncnc4cc(OC)c(OC)cc34)CCN2)c1,1,6.22,2013,ChEMBL
COc1cccc([C@H]2CN(c3ncnc4cc(OC)c(OC)cc34)CCN2)c1,1,7.85,2013,ChEMBL
COc1cccc([C@H]2C[C@@H]2COc2nc(C)ncc2C2CCC(=O)CC2)n1,1,8.53,2017,ChEMBL
COc1cccc([C@H]2C[C@@H]2COc2nc(C)ncc2C2CCC3(CC2)OCCO3)n1,1,8.79,2017,ChEMBL
COc1cccc2[nH]c(C3CC3c3nc4c(C)ncc(C)n4n3)nc12,1,6.52,2020,ChEMBL
COc1cccc2[nH]c(Nc3ccc(Oc4ncccc4C4CCOCC4)cc3)nc12,1,9.38,2014,ChEMBL
COc1cccc2c(C(=O)O)cc(-c3ccccc3)nc12,1,6.85,2013,ChEMBL
COc1cccc2c1-c1nc(CCc3nc4c(C)ncc(C)n4n3)cn1C2,1,9.36,2015,ChEMBL
COc1cccc2c1C(=O)N(CCc1nc3ccccc3c(=O)n1-c1ccc3cnn(C)c3c1)C2=O,1,9.02,2014,ChEMBL
COc1cccc2c1C(=O)N(CCc1nc3ccccc3c(=O)n1-c1ccc3cnn([11CH3])c3c1)C2=O,1,9.02,2012,ChEMBL
COc1cccc2c1Cn1cc(CCc3nc4c(C)ncc(C)n4n3)nc1-2,1,9.36,2015,ChEMBL
COc1cccc2c1nc(C1CC1c1nc3c(C)ncc(C)n3n1)n2C,1,6.52,2020,ChEMBL
COc1cccc2c1nc(CCc1nc(-c3ccccc3)cn1C)n1nc(C)cc21,1,7.43,2011,ChEMBL
COc1cccc2c1nc(CCn1c(=O)n(C)c3cccnc31)n2-c1ccccc1,1,8.14,2014,ChEMBL
COc1cccc2c1nc(CSc1nc(-c3ccccc3)cn1C)n1nc(C)cc21,1,7.08,2011,ChEMBL
COc1cccc2c1nnc1c(C)nc(-c3ccccc3C)n12,1,8.48,2012,ChEMBL
COc1cccc2c1nnc1c(C)nc(-c3ccccc3Cl)n12,1,8.62,2012,ChEMBL
COc1cccc2ccc(CCc3nc4c5ncccc5ccc4n3C)nc12,1,6.12,2020,ChEMBL
COc1cccc2ccc(CNc3ccc(-c4nn(C)cc4-c4ccncc4)cc3)nc12,0,4.96,2013,ChEMBL
COc1cccc2ccc(COc3ccc(-c4c(-c5ccncc5)cnn4C)cc3)nc12,1,6.7,2013,ChEMBL
COc1cccc2ccc(COc3ccc(-c4nn(C)cc4-c4ccncc4)cc3)nc12,1,7.38,2013,ChEMBL
COc1cccc2ccc(CSc3ccc(-c4nn(C)cc4-c4ccncc4)cc3)nc12,1,6.2,2013,ChEMBL
COc1cccc2ccc(N3CC(c4nc5cc(C)ccc5n4-c4ccccc4)C3)nc12,1,6.91,2025,ChEMBL
COc1cccc2nc(/C=C/c3nc4c(C)ncc(C)n4n3)ccc12,1,7.72,2015,ChEMBL
COc1cccc2nc(C)c3nnc(-c4ccccc4Cl)n3c12,1,8.05,2013,ChEMBL
COc1cccc2nc(COc3ccc(-c4c(-c5ccncc5)cnn4C)cc3)ccc12,1,7.09,2013,ChEMBL
COc1cccc2nc(COc3ccc(-c4nn(C)cc4-c4ccncc4)cc3)ccc12,1,7.22,2013,ChEMBL
COc1ccccc1-c1cc(N2CC(c3nc4ccccc4n3C)C2)nc(C)n1,1,7.2,2016,ChEMBL
COc1ccccc1-c1ccc(-c2nc3ccncc3c(O)c2C#N)cc1,1,7.89,2012,ChEMBL
COc1ccccc1-c1cccnc1Oc1ccc(C(=O)c2nc3ccccc3[nH]2)cc1,1,8.6,2014,ChEMBL
COc1ccccc1-c1cn(C)c(CCNC(=O)c2c(C(=O)N3CCC3)cnn2C)n1,1,8.77,2014,ChEMBL
COc1ccccc1-c1cn(C)c(CCc2nc3nc(C)cc(C)n3n2)n1,1,7.5,2017,ChEMBL
COc1ccccc1-c1cn(C)c(CSc2nc3cc(C)cc(C)n3n2)n1,1,6.48,2017,ChEMBL
COc1ccccc1-c1cn2ccc(-c3nc4c(C)ncc(C)n4n3)nc2n1,1,7.28,2018,ChEMBL
COc1ccccc1-c1nc(C)c2nnc3c(OC)cc(F)cc3n12,1,8.19,2012,ChEMBL
COc1ccccc1-c1nc2cc(NC(=O)c3c(-c4nc(C(F)F)c(Cl)s4)cnn3C)cc(Cl)n2n1,1,7.28,2017,ChEMBL
COc1ccccc1-c1nc2ccc(-c3nc4c(C)ncc(C)n4n3)cc2[nH]1,1,7.71,2018,ChEMBL
COc1ccccc1-c1nccnc1C1CN(C(=O)c2nc3ccccc3[nH]2)C1,1,7.01,2017,ChEMBL
COc1ccccc1-c1nccnc1C1CN(c2ccc3ccccc3n2)C1,1,8.7,2017,ChEMBL
COc1ccccc1-c1nnc2c(C)nc3ccc(C(F)(F)F)cc3n12,1,6.58,2017,ChEMBL
COc1ccccc1-c1nnc2c(C)nc3ccc(Cl)cc3n12,1,6.74,2017,ChEMBL
COc1ccccc1-c1nnc2c(C)nc3ccccc3n12,1,6.0,2017,ChEMBL
COc1cccn2c(C)c(C3CC3c3nc4c(C)ncc(C)n4n3)nc12,1,7.26,2020,ChEMBL
COc1cccn2c(F)c(C3CC3c3nc4c(C)ncc(C)n4n3)nc12,1,7.26,2020,ChEMBL
COc1cccn2c(F)c([C@@H]3C[C@H]3c3nc4c(C)ncc(C)n4n3)nc12,1,7.26,2020,ChEMBL
COc1cccn2cc(C3CC3c3nc4c(C)ncc(C)n4n3)nc12,1,6.52,2020,ChEMBL
COc1cccn2nc(/C=C/c3nc(-c4ccc(C)o4)cn3C)nc12,1,6.85,2015,ChEMBL
COc1cccn2nc(/C=C/c3nc(-c4cccs4)cn3C)nc12,1,7.21,2015,ChEMBL
COc1cccn2nc(/C=C/c3nc(-c4ccoc4)cn3C)nc12,1,7.33,2015,ChEMBL
COc1cccn2nc(/C=C/c3nc(-c4ccsc4)cn3C)nc12,1,7.28,2015,ChEMBL
COc1cccn2nc(/C=C/c3nc(-c4cncs4)cn3C)nc12,1,7.07,2015,ChEMBL
COc1cccn2nc(/C=C/c3nc(-c4cscc4C)cn3C)nc12,1,7.26,2015,ChEMBL
COc1cccn2nc(CCc3nc(-c4ccc(C)o4)c[nH]3)nc12,1,6.92,2015,ChEMBL
COc1cccn2nc(CCc3nc(-c4ccc(C)o4)cn3C)nc12,1,7.25,2015,ChEMBL
COc1cccn2nc(CCc3nc(-c4cccnc4)c[nH]3)nc12,1,6.57,2015,ChEMBL
COc1cccn2nc(CCc3nc(-c4cccs4)c[nH]3)nc12,1,7.55,2015,ChEMBL
COc1cccn2nc(CCc3nc(-c4cccs4)cn3C)nc12,1,8.35,2015,ChEMBL
COc1cccn2nc(CCc3nc(-c4ccsc4)cn3C)nc12,1,7.8,2015,ChEMBL
COc1cccn2nc(CCc3nc(-c4cncs4)c[nH]3)nc12,1,7.21,2015,ChEMBL
COc1cccn2nc(CCc3nc(-c4cncs4)cn3C)nc12,1,7.44,2015,ChEMBL
COc1cccn2nc(CCc3nc(-c4cscc4C)cn3C)nc12,1,7.43,2015,ChEMBL
COc1cccn2nc(CSc3nc(-c4ccccc4)cn3C)nc12,1,7.4,2017,ChEMBL
COc1cccnc1-c1cc(N2CC(c3nc4ccccc4n3C)C2)nc(C)n1,1,7.39,2016,ChEMBL
COc1cccnc1-c1cccnc1Oc1ccc(C(=O)c2nc3ccccc3[nH]2)cc1,1,7.77,2014,ChEMBL
COc1cccnc1-c1cccnc1Oc1ccc(Nc2nc3ccccc3s2)cc1,1,6.63,2014,ChEMBL
COc1cccnc1-c1nc2ccc(-c3nc4c(C)ncc(C)n4n3)cc2[nH]1,1,7.4,2018,ChEMBL
COc1cccnc1[C@H]1C[C@@H]1COc1cc(NCc2cnn(C)c2)nc(C)n1,1,8.44,2015,ChEMBL
COc1ccn(-c2cc(N3CC(c4nc5ccccc5n4C)C3)nc(C)n2)n1,1,8.33,2016,ChEMBL
COc1ccn2c(C)c(C3CC3c3nc4c(C)ncc(C)n4n3)nc2c1,1,6.52,2020,ChEMBL
COc1ccnc(-c2cccnc2Oc2ccc(C(=O)c3nc4ccccc4[nH]3)cc2)c1,1,8.39,2014,ChEMBL
COc1ccnc(-c2cccnc2Oc2ccc(C(=O)c3nc4ccccc4n3C)cc2)c1,1,8.75,2014,ChEMBL
COc1ccnc(-c2cnn(C)c2C(=O)NC2CCn3nc(-c4ccccc4)nc3C2)c1,1,7.28,2017,ChEMBL
COc1ccnc(C2CC2COc2nc(Cl)c(C)c(NCc3sc(C)nc3C)n2)c1,1,11.0,2016,ChEMBL
COc1ccnc2c1nc(CCn1c(=O)n(C)c3c(C)ccnc31)n2-c1ccccc1,1,8.02,2014,ChEMBL
COc1ccnc2c1nc(CCn1c(=O)n(C)c3cccnc31)n2-c1ccccc1,1,7.55,2014,ChEMBL
COc1ccnc2c1nc(CCn1c(=O)n(C)c3nccnc31)n2-c1ccccc1,1,6.96,2014,ChEMBL
COc1ccnc2c1nnc1c(C)nc(-c3cccnc3C)n12,1,7.91,2012,ChEMBL
COc1ccnc2c1nnc1c(C)nc(-c3ccncc3C)n12,1,8.0,2012,ChEMBL
COc1ccnc2c1nnc1c(C)nc(-c3cnccc3C)n12,1,7.37,2012,ChEMBL
COc1ccncc1-c1cccnc1Oc1ccc(C(=O)c2nc3ccccc3[nH]2)cc1,1,10.14,2014,ChEMBL
COc1ccncc1-c1cccnc1Oc1ccc(Nc2nc3ccccc3s2)cc1,1,9.04,2014,ChEMBL
COc1cn(-c2ccc(C3CCOCC3)cc2F)nc(-c2ccnn2-c2ccccc2)c1=O,1,9.11,2021,ChEMBL
COc1cn(-c2ccc(N3CCCC3)cc2F)nc(-c2ccnn2-c2ccccc2)c1=O,1,9.64,2015,ChEMBL
COc1cn(-c2ccc(N3CCCC3=O)cc2F)nc(-c2ccnn2-c2ccccc2)c1=O,1,9.1,2015,ChEMBL
COc1cn(-c2ccc(N3CCOC3=O)cc2F)nc(-c2ccnn2-c2ccccc2)c1=O,1,9.03,2015,ChEMBL
COc1cn(-c2ccc3c(c2F)C(C)(C)C(=O)N3C(C)C)nc(-c2ccnn2-c2ccccc2)c1=O,1,9.96,2015,ChEMBL
COc1cn(-c2ccc3c(c2F)C(C)(C)C(=O)N3C)nc(-c2ccnn2-c2ccccc2)c1=O,1,9.66,2015,ChEMBL
COc1cn(-c2ccc3c(c2F)C(C)(C)C(=O)N3C2CCC2)nc(-c2ccnn2-c2ccccc2)c1=O,1,9.92,2015,ChEMBL
COc1cn(-c2ccc3c(c2F)C(C)(C)C(=O)N3CC2CC2)nc(-c2ccnn2-c2ccccc2)c1=O,1,10.1,2015,ChEMBL
COc1cn(-c2ccc3c(c2F)C2(CCC2)C(=O)N3C)nc(-c2ccnn2-c2ccccc2)c1=O,1,9.89,2015,ChEMBL
COc1cn(-c2ccccc2F)nc(-c2ccnn2-c2ccccc2)c1=O,1,7.92,2021,ChEMBL
COc1cn(C)nc(-c2ccnn2-c2ccccc2)c1=O,1,6.0,2016,ChEMBL
COc1cn(C2CC2)nc(-c2ccnn2-c2ccccc2)c1=O,1,6.89,2016,ChEMBL
COc1cn(CC(F)(F)F)nc(-c2ccnn2-c2ccccc2)c1=O,1,6.26,2016,ChEMBL
COc1cn(CC2CC2)nc(-c2ccnn2-c2ccccc2)c1=O,1,6.77,2016,ChEMBL
COc1cnc2c(c1)CN(c1ncnn3c(C)nc(-c4ccccc4F)c13)CC2,1,8.85,2015,ChEMBL
COc1cnc2c(c1)CN(c1ncnn3c(C)nc([C@@H]4CCOC4)c13)CC2,1,9.42,2015,ChEMBL
COc1cncc(-c2cccnc2Oc2ccc(C(=O)c3nc4ccccc4[nH]3)cc2)c1,1,9.21,2014,ChEMBL
COc1cncc(-c2cccnc2Oc2ccc(Nc3nc4ccccc4s3)cc2)c1,1,8.39,2014,ChEMBL
COc1cncc(-c2nc(C)c3nnc4c(F)cc(OC)cc4n23)c1,1,7.34,2012,ChEMBL
COc1cncc(-c2nc(C)c3nnc4ccc(OC)nc4n23)c1,1,7.04,2012,ChEMBL
COc1cncc(-c2nccnc2C2CN(C(=O)c3nc4ccccc4[nH]3)C2)c1,1,6.19,2017,ChEMBL
COc1cncc(-c2nccnc2C2CN(c3ccc4ccccc4n3)C2)c1,1,10.605,2017,ChEMBL
COc1cnccc1-c1cccnc1Oc1ccc(C(=O)c2nc3ccccc3[nH]2)cc1,1,9.58,2014,ChEMBL
COc1cnccc1-c1cccnc1Oc1ccc(C(=O)c2nc3ccccc3n2C)cc1,1,9.92,2014,ChEMBL
COc1cnccc1-c1cccnc1Oc1ccc(Nc2nc3ccccc3s2)cc1,1,9.13,2014,ChEMBL
COc1cnccc1-c1cnc(C)nc1OC[C@H]1C[C@@H]1c1ccc(C)cn1,1,9.33,2017,ChEMBL
COc1cnn(-c2cc(N3CC(c4nc5ccccc5n4C)C3)nc(C)n2)c1,1,8.49,2016,ChEMBL
COc1nc(-c2ccc(C)cn2)cc(N2CC(c3nc4ccccc4n3C)C2)n1,1,8.89,2016,ChEMBL
COc1nc(-c2cccnc2)nc2c1CN(C(=O)Nc1ccccc1)CC2,1,7.03,2012,ChEMBL
COc1nc(-c2ccncc2)nc2c1CN(C(=O)Nc1ccccc1)CC2,1,6.38,2012,ChEMBL
COc1nc(C)ccc1-c1cc(N2CC(c3nc4ccccc4n3C)C2)nc(C)n1,1,7.57,2016,ChEMBL
COc1nc(C)n2nc(CCc3nc(-c4ccccc4)cn3C)nc2c1C,1,7.54,2017,ChEMBL
COc1nc(C)nc2c1CN(c1ncnn3c(C)nc([C@@H]4CCOC4)c13)CC2,1,9.510000000000002,2015,ChEMBL
COc1nc(C2CC2)nc2c1CN(c1ncnn3c(C)nc(-c4ccccc4F)c13)CC2,1,9.0,2015,ChEMBL
COc1nc(CCc2nc(N3CCCC3)nn2C)nn2c(C)c(C)nc12,1,8.7,2017,ChEMBL
COc1nc(Cl)c(C)c(NCc2sc(C)nc2C)n1,1,8.07,2015,ChEMBL
COc1nc(N2CC(c3nc4cc(C)ccc4n3-c3ccccc3)C2)nc2ccccc12,1,7.01,2025,ChEMBL
COc1nc(N2CC(c3nc4ccccc4n3C)C2)cc(-n2cc(C(C)O)cn2)n1,1,7.43,2016,ChEMBL
COc1nc(N2CC(c3nc4ccccc4n3C)C2)cc(-n2cc(C)cn2)n1,1,9.09,2016,ChEMBL
COc1nc(N2CC(c3nc4ccccc4n3C)C2)cc(-n2nc(C)nc2C(C)O)n1,1,8.92,2016,ChEMBL
COc1nc(N2CC(c3nc4ccccc4n3C)C2)cc(-n2nc(C)nc2C)n1,1,9.12,2016,ChEMBL
COc1nc(N2CC(c3nc4ccccc4n3C)C2)cc(-n2nc(C)nc2C2CC2)n1,1,8.74,2016,ChEMBL
COc1nc(N2CC(c3nc4ccccc4n3C)C2)cc(-n2ncc(C)n2)n1,1,8.85,2016,ChEMBL
COc1nc(OC[C@H]2C[C@@H]2c2ccc3ncccc3n2)nc(NCc2cnn(C)c2)c1C,1,9.77,2014,ChEMBL
COc1nc([C@H]2C[C@@H]2c2nc3ccccc3n2C)cc(-n2nc(C)nc2C)n1,1,8.89,2015,ChEMBL
COc1nc2ccccc2cc1-c1cccnc1Oc1ccc(C(=O)c2nc3ccccc3[nH]2)cc1,1,6.38,2014,ChEMBL
COc1nc2cccnc2n1-c1ccc(C(=O)c2nc3ccccc3[nH]2)cc1,1,7.82,2014,ChEMBL
COc1nc2cccnc2n1-c1ccc(Nc2ccc(C)cn2)cc1,1,8.39,2014,ChEMBL
COc1nc2cccnc2n1-c1ccc(Nc2ccc(Cl)cn2)cc1,1,7.4,2014,ChEMBL
COc1nc2cccnc2n1-c1ccc(Nc2ccc3ccccc3n2)cc1,1,6.94,2014,ChEMBL
COc1nc2cccnc2n1-c1ccc(Nc2nc3ccccc3[nH]2)cc1,1,9.3,2014,ChEMBL
COc1nc2cccnc2n1-c1ccc(Nc2nc3ccccc3s2)cc1,1,8.24,2014,ChEMBL
COc1nc2cccnc2n1C1CC(Nc2nc3ccccc3s2)C1,1,8.66,2014,ChEMBL
COc1nc2cccnc2n1C1CCC(Nc2nc3ccccc3s2)CC1,1,6.57,2014,ChEMBL
COc1nc2cccnc2n1[C@H]1C[C@@H](Nc2nc3ccccc3s2)C1,1,8.47,2014,ChEMBL
COc1nc2cccnc2n1[C@H]1C[C@H](Nc2nc3ccccc3s2)C1,1,9.1,2014,ChEMBL
COc1ncc(-c2cccnc2Oc2ccc(Nc3nc4ccccc4s3)cc2)cn1,1,8.73,2014,ChEMBL
COc1ncc(-c2ccnc(F)c2)c(Oc2ccc(C(=O)c3nc4ccccc4[nH]3)cc2)n1,1,7.64,2014,ChEMBL
COc1ncc(C2CC2)nc1C(=O)Nc1ccc2nc(-c3ccccc3)nn2c1,1,7.77,2016,ChEMBL
COc1ncc(CNc2nc(C3CC3)nc(Cl)c2C)s1,1,8.0,2015,ChEMBL
COc1ncc(Cc2nc(C)nn2-c2cc(CCc3ccc4ccccc4n3)nc(C)n2)nc1OC,1,10.25,2015,ChEMBL
COc1nccc2c1CN(c1ncnn3c(C)nc([C@@H]4CCOC4)c13)CC2,1,9.23,2015,ChEMBL
COc1ncccc1-c1cc(N2CC(c3nc4ccccc4n3C)C2)nc(C)n1,1,7.57,2016,ChEMBL
COc1ncccc1-c1cccnc1Oc1ccc(C(=O)c2nc3ccccc3[nH]2)cc1,1,8.94,2014,ChEMBL
COc1ncccc1-c1cccnc1Oc1ccc(Nc2nc3ccccc3s2)cc1,1,8.6,2014,ChEMBL
COc1ncccc1-c1cnc(C)nc1OC[C@H]1C[C@@H]1c1ccc(C)cn1,1,9.13,2017,ChEMBL
COc1ncccc1-c1nccnc1O[C@H]1C[C@@H](Nc2nc3ccccc3s2)C1,1,8.39,2015,ChEMBL
COc1nncc(-c2cnc(C)nc2OC[C@H]2C[C@@H]2c2ccc(C)cn2)c1Cl,1,8.63,2017,ChEMBL
COn1cc(-c2cnc(C)nc2OC[C@H]2C[C@@H]2c2ccc(C)cn2)ccc1=O,1,8.63,2016,ChEMBL
COn1cc(-c2cnc(C)nc2OC[C@H]2C[C@@H]2c2ccc3ccccc3n2)ccc1=O,1,10.28,2016,ChEMBL
CS(=O)(=O)C1CCN(c2nccnc2C2CN(c3ccc4ccccc4n3)C2)C1,1,7.48,2017,ChEMBL
CS(=O)(=O)NC(=O)C1CCN(c2c(/C=C/c3ccc4ccccc4n3)nc3c(N4CCOCC4)ccnn23)CC1,1,8.52,2015,ChEMBL
CS(=O)(=O)NC(=O)CCc1ccc(-c2c(/C=C/c3ccc4ccccc4n3)nc3c(N4CCOCC4)ccnn23)cc1,1,7.96,2015,ChEMBL
CS(=O)(=O)NC(=O)CCc1ccc(-c2c(/C=C/c3ccc4ccccc4n3)nc3c(N4CCOCC4)ccnn23)cn1,1,8.7,2015,ChEMBL
CS(=O)(=O)NC(=O)Nc1ccc(-c2c(/C=C/c3ccc4ccccc4n3)nc3c(N4CCOCC4)ccnn23)cc1,1,8.1,2015,ChEMBL
CS(=O)(=O)NC(=O)Nc1ccc(-c2c(CCc3ccc4ccccc4n3)nc3c(N4CCOCC4)ccnn23)cc1,1,8.22,2015,ChEMBL
CS(=O)(=O)NC(=O)Nc1ccc(-c2cnc(N3CCOCC3)c3nc(CCc4ccc5ccccc5n4)cn23)cc1,1,8.0,2016,ChEMBL
CS(=O)(=O)NC(=O)c1ccc(-c2c(/C=C/c3ccc4ccccc4n3)nc3c(N4CCOCC4)ccnn23)cc1,1,8.3,2015,ChEMBL
CS(=O)(=O)NC(=O)c1ccc(-c2c(/C=C/c3ccc4ccccc4n3)nc3c(N4CCOCC4)ccnn23)cc1F,1,8.4,2015,ChEMBL
CS(=O)(=O)NC(=O)c1ccc(-c2c(/C=C/c3ccc4ccccc4n3)nc3c(N4CCOCC4)ccnn23)cn1,1,8.7,2015,ChEMBL
CS(=O)(=O)NC(=O)c1ccc(-c2c(C#Cc3ccc4ccccc4n3)nc3c(N4CCOCC4)ccnn23)cc1,1,9.0,2015,ChEMBL
CS(=O)(=O)NC(=O)c1ccc(-c2c(C#Cc3ccc4ccccc4n3)nc3c(N4CCOCC4)ccnn23)cn1,1,8.84,2016,ChEMBL
CS(=O)(=O)NC(=O)c1ccc(-c2c(CCc3ccc4ccccc4n3)nc3c(N4CCOCC4)ccnn23)cc1,1,8.7,2015,ChEMBL
CS(=O)(=O)NC(=O)c1ccc(-c2c(CCc3ccc4ccccc4n3)nc3c(N4CCOCC4)ccnn23)cn1,1,9.0,2015,ChEMBL
CS(=O)(=O)NC(=O)c1ccc(-c2c(CSc3ccc4ccccc4n3)nc3c(N4CCOCC4)ccnn23)cc1,1,8.52,2015,ChEMBL
CS(=O)(=O)NC(=O)c1ccc(-c2cnc(N3CCOCC3)c3nc(/C=C/c4ccc5ccccc5n4)cn23)cc1,1,6.81,2016,ChEMBL
CS(=O)(=O)NC(=O)c1ccc(-c2cnc(N3CCOCC3)c3nc(/C=C/c4ccc5ccccc5n4)cn23)cn1,1,8.7,2016,ChEMBL
CS(=O)(=O)NC(=O)c1ccc(-c2cnc(N3CCOCC3)c3nc(COc4ccc5ccccc5n4)cn23)cn1,1,8.7,2016,ChEMBL
CS(=O)(=O)NC(=O)c1ccc(-c2cnc(N3CCOCC3)c3nc(CSc4ccc5ccccc5n4)cn23)cc1,1,8.7,2016,ChEMBL
CS(=O)(=O)NC(=O)c1cccc2nc(/C=C/c3cn4nc(Cl)cc(N5CCOCC5)c4n3)ccc12,1,8.52,2015,ChEMBL
CS(=O)(=O)NC(=O)c1cccc2nc(/C=C/c3nc4c(N5CCOCC5)cc(Cl)nn4c3-c3cccnc3)ccc12,1,7.24,2015,ChEMBL
CS(=O)(=O)NC(=O)c1cccc2nc(/C=C/c3nc4c(N5CCOCC5)ccnn4c3-c3ccccc3)ccc12,1,8.4,2015,ChEMBL
CS(=O)(=O)NC(=O)c1cccc2nc(/C=C/c3nc4c(N5CCOCC5)ccnn4c3-c3ccccn3)ccc12,1,8.4,2015,ChEMBL
CS(=O)(=O)NC1CCN(c2nccnc2C2CN(c3ccc4ccccc4n3)C2)C1,1,7.96,2017,ChEMBL
CS(=O)(=O)Nc1ccc(-c2c(/C=C/c3ccc4ccccc4n3)nc3c(N4CCOCC4)ccnn23)cc1,1,7.85,2015,ChEMBL
CS(=O)(=O)Nc1ccc(-c2c(CCc3ccc4ccccc4n3)nc3c(N4CCOCC4)ccnn23)cc1,1,8.1,2015,ChEMBL
CS(=O)(=O)Nc1ccc(-c2cnc(N3CCOCC3)c3nc(CCc4ccc5ccccc5n4)cn23)cn1,1,9.0,2016,ChEMBL
CS(=O)(=O)Nc1ccc(-c2cnc(N3CCOCC3)c3nc(COc4ccc5ccccc5n4)cn23)cn1,1,9.0,2016,ChEMBL
CS(=O)(=O)Nc1ccc(-c2nccnc2C2CN(c3ncc4ccccc4n3)C2)cc1,1,8.47,2017,ChEMBL
CS(=O)(=O)Nc1cccc(-c2nccnc2C2CN(c3ncc4ccccc4n3)C2)c1,1,8.02,2017,ChEMBL
CSc1cccc(-c2nccnc2C2CN(c3ccc4ccccc4n3)C2)c1,1,8.4,2017,ChEMBL
CSc1cncc(-c2cccnc2Oc2ccc(C(=O)c3nc4ccccc4[nH]3)cc2)c1,1,8.97,2014,ChEMBL
CSc1cncc(-c2cccnc2Oc2ccc(Nc3nc4ccccc4s3)cc2)c1,1,8.49,2014,ChEMBL
CSc1nc(N2CC(c3nc4ccccc4n3C)C2)cc(-n2nc(C)nc2C)n1,1,9.7,2016,ChEMBL
CSc1nc(OC[C@H]2C[C@@H]2c2ccccn2)nc(NCc2cnn(C)c2)c1C,1,9.77,2014,ChEMBL
CSc1nc([C@@H]2C[C@H]2c2nc3ccccc3n2C)cc(-n2nc(C)nc2C)n1,1,9.43,2015,ChEMBL
C[C@@H](CNC(=O)c1cccnc1Oc1ccc(C(=O)c2nc3ccccc3[nH]2)cc1)c1ccccc1,1,8.57,2014,ChEMBL
C[C@@H](Cc1ccc(F)cc1)NC(=O)c1cccnc1Oc1ccc(C(=O)c2nc3ccccc3[nH]2)cc1,1,8.379999999999999,2014,ChEMBL
C[C@@H](Cc1ccccn1)NC(=O)c1cccnc1Oc1ccc(C(=O)c2nc3ccccc3[nH]2)cc1,1,9.14,2014,ChEMBL
C[C@@H](c1ccc2ncccc2c1)c1nnc2ccc(-c3ccc(F)c(F)c3)nn12,1,6.39,2013,ChEMBL
C[C@@H](c1ccc2ncccc2c1)c1nnc2ccc(-c3cccc(C#N)c3)nn12,1,6.37,2013,ChEMBL
C[C@@H](c1ccc2ncccc2c1)c1nnc2ccc(-c3cnn(C)c3)nn12,1,7.07,2013,ChEMBL
C[C@@H]1CCN(c2nccnc2O[C@H]2C[C@@H](Nc3nc4ccccc4s3)C2)C1,1,8.49,2015,ChEMBL
C[C@@H]1CN(c2nc3cc(NC(=O)c4c(-c5nc(C(F)F)c(Cl)s5)cnn4C)ccn3n2)C[C@H](C)O1,1,7.28,2017,ChEMBL
C[C@@]1(O)CCC[C@@H](c2cccnc2Oc2ccc(C(=O)c3nc4ccccc4[nH]3)cc2)C1,1,8.79,2014,ChEMBL
C[C@@]1(O)CCC[C@@H](c2cccnc2Oc2ccc(Nc3nc4ccccc4s3)cc2)C1,1,8.44,2014,ChEMBL
C[C@@]1(O)CC[C@@H](c2cccnc2Oc2ccc(C(=O)c3nc4ccccc4[nH]3)cc2)C1,1,9.28,2014,ChEMBL
C[C@@]1(O)CC[C@@H](c2cccnc2Oc2ccc(Nc3nc4ccccc4s3)cc2)C1,1,7.97,2014,ChEMBL
C[C@@]1(O)CC[C@H](c2cccnc2Oc2ccc(C(=O)c3nc4ccccc4[nH]3)cc2)C1,1,8.72,2014,ChEMBL
C[C@@]1(O)CC[C@H](c2cccnc2Oc2ccc(Nc3nc4ccccc4s3)cc2)C1,1,9.05,2014,ChEMBL
C[C@H](CNC(=O)c1cccnc1Oc1ccc(C(=O)c2nc3ccccc3[nH]2)cc1)c1ccccc1,1,8.05,2014,ChEMBL
C[C@H](Cc1ccc(F)cc1)NC(=O)c1cccnc1Oc1ccc(C(=O)c2nc3ccccc3[nH]2)cc1,1,9.87,2014,ChEMBL
C[C@H](Cc1ccccn1)NC(=O)c1cccnc1Oc1ccc(C(=O)c2nc3ccccc3[nH]2)cc1,1,8.17,2014,ChEMBL
C[C@H](N)C(=O)N[C@@H](CCCCNC(=O)c1ccc(-c2c(C#Cc3ccc4ccccc4n3)nc3c(N4CCOCC4)ccnn23)cc1)C(N)=O,1,8.3,2015,ChEMBL
C[C@H](Nc1nc2c(cnn2C2CCCC2)c(=O)[nH]1)c1ccc(Cl)cc1,1,8.64,2024,ChEMBL
C[C@H]1CCN(c2nccnc2O[C@H]2C[C@@H](Nc3nc4ccccc4s3)C2)C1,1,8.1,2015,ChEMBL
C[C@H]1CCN1c1nc(N2C[C@@H]3[C@@H](CC(=O)O)[C@@H]3C2)cc(C(F)(F)F)n1,0,4.96,2020,ChEMBL
C[C@](O)(C1CCN(c2nccnc2Oc2ccc(C(=O)c3nc4ccccc4[nH]3)cc2)CC1)C(F)(F)F,1,7.61,2013,ChEMBL
C[C@]1(O)CCCC(c2cccnc2Oc2ccc(C(=O)c3nc4ccccc4[nH]3)cc2)C1,1,8.91,2014,ChEMBL
C[C@]1(O)CCC[C@H](c2cccnc2Oc2ccc(C(=O)c3nc4ccccc4[nH]3)cc2)C1,1,8.94,2014,ChEMBL
C[C@]1(O)CCC[C@H](c2cccnc2Oc2ccc(Nc3ccccn3)cc2)C1,1,7.62,2014,ChEMBL
C[C@]1(O)CCC[C@H](c2cccnc2Oc2ccc(Nc3nc4ccccc4s3)cc2)C1,1,8.29,2014,ChEMBL
C[C@]1(O)CC[C@@H](c2cccnc2Oc2ccc(C(=O)c3nc4ccccc4[nH]3)cc2)C1,1,9.12,2014,ChEMBL
C[C@]1(O)CC[C@@H](c2cccnc2Oc2ccc(C(=O)c3nc4ccccc4[nH]3)cc2)CC1,1,8.79,2014,ChEMBL
C[C@]1(O)CC[C@@H](c2cccnc2Oc2ccc(Nc3nc4ccccc4s3)cc2)C1,1,8.54,2014,ChEMBL
C[C@]1(O)CC[C@@H](c2cccnc2Oc2ccc(Nc3nc4ccccc4s3)cc2)CC1,1,7.9,2014,ChEMBL
C[C@]1(O)CC[C@H](c2cccnc2Oc2ccc(C(=O)c3nc4ccccc4[nH]3)cc2)C1,1,9.18,2014,ChEMBL
C[C@]1(O)CC[C@H](c2cccnc2Oc2ccc(C(=O)c3nc4ccccc4[nH]3)cc2)CC1,1,8.85,2014,ChEMBL
C[C@]1(O)CC[C@H](c2cccnc2Oc2ccc(Nc3nc4ccccc4s3)cc2)C1,1,8.64,2014,ChEMBL
C[C@]1(O)CC[C@H](c2cccnc2Oc2ccc(Nc3nc4ccccc4s3)cc2)CC1,1,8.35,2014,ChEMBL
Cc1c(-c2ccc(-c3ccccc3OCC#N)cc2)nc2ccncc2c1O,1,6.34,2012,ChEMBL
Cc1c(-c2ccccc2)nc2ccccc2c1C(=O)O,0,4.54,2013,ChEMBL
Cc1c(Br)cc(C(F)(F)F)c2nc(CCc3nc(N4CCCC4)nn3C)nn12,1,9.32,2016,ChEMBL
Cc1c(Br)cc(Cl)c2nc(CCc3nc(N4CCCC4)nn3C)nn12,1,8.91,2016,ChEMBL
Cc1c(C#N)cc(C#N)c2nc(CCc3nc(N4CCCC4)nn3C)nn12,1,7.51,2016,ChEMBL
Cc1c(C#N)cc(C(F)(F)F)c2nc(CCc3nc(N4CCCC4)nn3C)nn12,1,8.16,2016,ChEMBL
Cc1c(C#N)cc(Cl)c2nc(CCc3nc(N4CCCC4)nn3C)nn12,1,8.67,2016,ChEMBL
Cc1c(C#N)ccc2nc(CCc3nc(N4CCCC4)nn3C)nn12,1,8.46,2016,ChEMBL
Cc1c(C#N)nc2ccc(/C=C/c3nc(-c4ccccc4)cn3C)nn12,1,7.86,2019,ChEMBL
Cc1c(C#N)nc2ccc(/C=C/c3nc(N4CCCC4)nn3C)nn12,1,8.3,2017,ChEMBL
Cc1c(C#N)nc2ccc(CCc3nc(-c4ccccc4)cn3C)nn12,1,8.27,2019,ChEMBL
Cc1c(C#N)nc2ccc(CCc3nc(N4CCCC4)nn3C)nn12,1,7.68,2017,ChEMBL
Cc1c(C#N)nc2ccc(OCc3nc(-c4ccccc4)cn3C)nn12,1,7.62,2019,ChEMBL
Cc1c(C(=O)N2CC=CC2)cnn1C(=O)Nc1ccn2cc(-c3ccccc3)nc2n1,1,8.05,2024,ChEMBL
Cc1c(C(=O)N2CCC2)cnn1C(=O)Nc1ccn2cc(-c3ccc(Cl)s3)nc2n1,1,8.4,2024,ChEMBL
Cc1c(C(=O)N2CCC2)cnn1C(=O)Nc1ccn2cc(-c3ccccc3)nc2n1,1,8.52,2024,ChEMBL
Cc1c(C(=O)N2CCC2)cnn1CC(=O)Nc1ccn2cc(-c3ccccc3)nc2n1,1,8.4,2024,ChEMBL
Cc1c(C(=O)N2CCCC2)cnn1C(=O)Nc1ccn2cc(-c3ccccc3)nc2n1,1,8.52,2024,ChEMBL
Cc1c(C(=O)NCc2c[nH]cn2)cnn1C(=O)Nc1ccn2cc(-c3ccccc3)nc2n1,1,8.7,2024,ChEMBL
Cc1c(C(=O)NCc2cocn2)cnn1C(=O)Nc1ccn2cc(-c3ccccc3)nc2n1,1,9.0,2024,ChEMBL
Cc1c(C(=O)Nc2cc(C(C)(C)O)c3ccccc3n2)sc2c(C(=O)C(C)(C)C)cccc12,1,9.0,2016,ChEMBL
Cc1c(C(=O)Nc2cc(C(C)(C)O)c3ccccc3n2)sc2c(C(=O)C(C)C)cccc12,1,9.33,2016,ChEMBL
Cc1c(C(=O)Nc2cc(C(C)(C)O)c3ccccc3n2)sc2c(C(=O)C3CC3)cccc12,1,9.04,2016,ChEMBL
Cc1c(C(=O)Nc2cc(C(C)(C)O)c3ccccc3n2)sc2c(C(=O)C3CCC3)cccc12,1,9.17,2016,ChEMBL
Cc1c(C(=O)Nc2cc(C(C)(C)O)c3ccccc3n2)sc2c(C(=O)C3CCCC3)cccc12,1,8.4,2016,ChEMBL
Cc1c(C(=O)Nc2cc(C(C)(C)O)c3ccccc3n2)sc2c(C(=O)CC(C)C)cccc12,1,8.0,2016,ChEMBL
Cc1c(C(=O)Nc2ccc3ccccc3n2)sc2c(-c3ccccn3)cccc12,1,7.21,2019,ChEMBL
Cc1c(C(=O)Nc2ccc3ccccc3n2)sc2c(-c3cccnc3)cccc12,1,6.92,2019,ChEMBL
Cc1c(C(=O)Nc2ccc3ccccc3n2)sc2c(-c3ccncc3)cccc12,1,8.33,2019,ChEMBL
Cc1c(C(=O)Nc2ccc3ccccc3n2)sc2c(-c3ccoc3)cccc12,1,6.5,2019,ChEMBL
Cc1c(C(=O)Nc2ccc3ccccc3n2)sc2c(C#N)cccc12,1,6.96,2019,ChEMBL
Cc1c(C(=O)Nc2ccc3ccccc3n2)sc2c(C(=O)N(C)C)cccc12,1,7.36,2019,ChEMBL
Cc1c(C(=O)Nc2ccc3ccccc3n2)sc2c(C(N)=O)cccc12,1,7.64,2019,ChEMBL
Cc1c(C(=O)Nc2ccc3ccccc3n2)sc2c(I)cccc12,1,6.7,2019,ChEMBL
Cc1c(C(F)(F)F)nc2c(OCC(F)(F)F)cc(C#Cc3nc(N4CCCC4)nn3C)nn12,1,8.52,2017,ChEMBL
Cc1c(C(F)(F)F)nc2c(OCC(F)(F)F)cc(CCc3nc(N4CCCC4)nn3C)nn12,1,8.03,2017,ChEMBL
Cc1c(C(F)(F)F)nc2ccc(C#Cc3nc(N4CCCC4)n(C)n3)nn12,1,8.4,2017,ChEMBL
Cc1c(C(F)(F)F)nc2ccc(C#Cc3nc(N4CCCC4=O)cn3-c3ccccc3)nn12,1,7.66,2017,ChEMBL
Cc1c(C(F)(F)F)nc2ccc(C#Cc3nc(N4CCCC4=O)cn3C)nn12,1,7.12,2017,ChEMBL
Cc1c(C(F)(F)F)nc2ccc(CCc3nc(-c4ccccc4)cn3C)nn12,1,7.69,2019,ChEMBL
Cc1c(C(F)(F)F)nc2ccc(CCc3nc(N4CCCC4)n(C)n3)nn12,1,7.72,2017,ChEMBL
Cc1c(C(F)(F)F)nc2ccc(CCc3nc(N4CCCC4)nn3C)nn12,1,7.92,2017,ChEMBL
Cc1c(C(F)(F)F)nc2ccc(CCc3nc(N4CCCC4=O)cn3-c3ccccc3)nn12,1,8.51,2017,ChEMBL
Cc1c(C(F)(F)F)nc2ccc(CCc3nc(N4CCCC4=O)cn3C)nn12,1,6.93,2017,ChEMBL
Cc1c(C(F)(F)F)nc2ccc(NCc3cccc(N4CCCC4)n3)nn12,1,6.7,2017,ChEMBL
Cc1c(C(F)(F)F)nc2ccc(OCc3nc(-c4ccccc4)cn3C)nn12,1,7.46,2019,ChEMBL
Cc1c(C(F)(F)F)nc2ccc(OCc3nc(N4CCCC4)nn3C)nn12,1,6.54,2017,ChEMBL
Cc1c(C(F)(F)F)nn2ccc(C#Cc3nc(N4CCCC4)nn3C)nc12,1,8.06,2017,ChEMBL
Cc1c(C(F)(F)F)nn2ccc(CCc3nc(N4CCCC4)nn3C)nc12,1,7.48,2017,ChEMBL
Cc1c(C(F)F)nc2ccc(C#Cc3nc(-c4ccccc4)cn3C)nn12,1,7.33,2019,ChEMBL
Cc1c(C(F)F)nc2ccc(C#Cc3nc(N4CCCC4)nn3C)nn12,1,8.3,2017,ChEMBL
Cc1c(C(F)F)nc2ccc(CCc3nc(-c4ccccc4)cn3C)nn12,1,8.19,2019,ChEMBL
Cc1c(C(F)F)nc2ccc(CCc3nc(N4CCCC4)nn3C)nn12,1,8.1,2017,ChEMBL
Cc1c(C(N)=O)nc2ccc(OCc3nc(-c4ccccc4)cn3C)nn12,1,6.94,2019,ChEMBL
Cc1c(C2CC2)nc2ccc(C#Cc3nc(-c4ccccc4)cn3C)nn12,1,7.92,2019,ChEMBL
Cc1c(CCc2ccc3cc(C(F)(F)F)cnc3n2)nc2c3cccnc3ccn12,1,6.12,2020,ChEMBL
Cc1c(CO)nc2ccc(OCc3nc(-c4ccccc4)cn3C)nn12,1,6.44,2019,ChEMBL
Cc1c(Cl)cc(Br)c2nc(CCc3nc(N4CCCC4)nn3C)nn12,1,9.0,2016,ChEMBL
Cc1c(Cl)cc(C#N)c2nc(CCc3nc(N4CCCC4)nn3C)nn12,1,8.65,2016,ChEMBL
Cc1c(Cl)cc(C(C)(C)O)c2nc(CCc3nc(N4CCCC4)nn3C)nn12,1,7.12,2016,ChEMBL
Cc1c(Cl)cc(C(F)(F)F)c2nc(C#Cc3nc(N4CCCC4)nn3C)nn12,1,9.06,2016,ChEMBL
Cc1c(Cl)cc(C(F)(F)F)c2nc(CCc3nc(N4CCC(F)(F)C4)nn3C)nn12,1,8.01,2016,ChEMBL
Cc1c(Cl)cc(C(F)(F)F)c2nc(CCc3nc(N4CCCC4)n(C)n3)nn12,1,9.36,2016,ChEMBL
Cc1c(Cl)cc(C(F)(F)F)c2nc(CCc3nc(N4CCCC4)n(C4CC4)n3)nn12,1,8.8,2016,ChEMBL
Cc1c(Cl)cc(C(F)(F)F)c2nc(CCc3nc(N4CCCC4)nn3C)nn12,1,9.22,2016,ChEMBL
Cc1c(Cl)cc(C(F)(F)F)c2nc(CCc3nc(N4CCCC4)nn3C3CC3)nn12,1,9.14,2016,ChEMBL
Cc1c(Cl)cc(C(F)(F)F)c2nc(CCc3nc(N4CCCC4)nn3C3CCOCC3)nn12,1,9.46,2016,ChEMBL
Cc1c(Cl)cc(C(F)(F)F)c2nc(CCc3nc(N4CC[C@@H](F)C4)nn3C)nn12,1,8.57,2016,ChEMBL
Cc1c(Cl)cc(C(F)F)c2nc(CCc3nc(N4CCCC4)nn3C)nn12,1,9.05,2016,ChEMBL
Cc1c(Cl)cc(C2CC2)c2nc(CCc3nc(N4CCCC4)nn3C)nn12,1,8.0,2016,ChEMBL
Cc1c(Cl)cc(Cl)c2nc(CCc3n[nH]c(N4CCCC4)n3)nn12,1,9.66,2016,ChEMBL
Cc1c(Cl)cc(Cl)c2nc(CCc3nc(N4CCCC4)nn3C)nn12,1,9.2,2016,ChEMBL
Cc1c(Cl)cc(O)c2nc(CCc3nc(N4CCCC4)nn3C)nn12,1,8.38,2016,ChEMBL
Cc1c(Cl)cc(OC(F)F)c2nc(CCc3nc(N4CCCC4)n(C)n3)nn12,1,9.26,2016,ChEMBL
Cc1c(Cl)cc(OC(F)F)c2nc(CCc3nc(N4CCCC4)nn3C)nn12,1,9.64,2016,ChEMBL
Cc1c(Cl)cc(OC2CCOCC2)c2nc(CCc3nc(N4CCCC4)nn3C)nn12,1,9.44,2016,ChEMBL
Cc1c(Cl)cc(OCC(=O)N2CCCOC2)c2nc(CCc3nc(N4CCCC4)nn3C)nn12,1,8.68,2016,ChEMBL
Cc1c(Cl)cc(OCC(F)(F)F)c2nc(CCc3nc(N4CCCC4)nn3C)nn12,1,9.29,2016,ChEMBL
Cc1c(Cl)cc(OCCN2CCOCC2)c2nc(CCc3nc(N4CCCC4)nn3C)nn12,1,8.86,2016,ChEMBL
Cc1c(Cl)cc(OC[C@H]2C[C@@H]2c2ccccn2)nc1NCc1cnn(C)c1,1,8.49,2023,ChEMBL
Cc1c(Cl)cc(S(C)(=O)=O)c2nc(CCc3nc(N4CCCC4)nn3C)nn12,1,7.06,2016,ChEMBL
Cc1c(Cl)ccc2nc(CCc3nc(N4CCCC4)n(C)n3)nn12,1,8.67,2016,ChEMBL
Cc1c(Cl)ccc2nc(CCc3nc(N4CCCC4)nn3C)nn12,1,9.01,2016,ChEMBL
Cc1c(Cl)cccc1C(=O)Nc1cc(-c2nc3ccccc3[nH]2)[nH]n1,1,7.0,2016,ChEMBL
Cc1c(Cl)cccc1C(=O)Nc1ncc(-c2nc3ccccc3n2C)s1,1,7.8,2016,ChEMBL
Cc1c(Cl)nc(C2CC2)nc1N(C)Cc1cnn(C)c1,1,6.66,2015,ChEMBL
Cc1c(Cl)nc(C2CC2)nc1NC(C)c1ccncc1,1,6.05,2015,ChEMBL
Cc1c(Cl)nc(C2CC2)nc1NCc1cccnc1,1,6.0,2015,ChEMBL
Cc1c(Cl)nc(C2CC2)nc1NCc1ccncc1,1,6.7,2015,ChEMBL
Cc1c(Cl)nc(C2CC2)nc1NCc1ccoc1,1,6.17,2015,ChEMBL
Cc1c(Cl)nc(C2CC2)nc1NCc1ccon1,1,6.09,2015,ChEMBL
Cc1c(Cl)nc(C2CC2)nc1NCc1cncs1,1,6.0,2015,ChEMBL
Cc1c(Cl)nc(C2CC2)nc1NCc1cnn(C)c1,1,7.43,2015,ChEMBL
Cc1c(Cl)nc(OCCCc2ccc3ncccc3n2)nc1NCc1cnn(C)c1,1,8.68,2014,ChEMBL
Cc1c(Cl)nc(OC[C@@H]2C[C@H]2c2ccc3ncccc3n2)nc1NCc1cnn(C)c1,1,10.72,2014,ChEMBL
Cc1c(Cl)nc(OC[C@H]2C[C@@H]2c2ccc3ncccc3n2)nc1NCc1nc(C)n(C)n1,1,8.09,2014,ChEMBL
Cc1c(Cl)nc(OC[C@H]2C[C@@H]2c2ccccn2)nc1NCc1cnn(C)c1,1,9.36,2023,ChEMBL
Cc1c(Cl)nc2ccc(C#Cc3nc(N4CCCC4)nn3C)nn12,1,8.88,2017,ChEMBL
Cc1c(Cl)nc2ccc(CCc3nc(N4CCCC4)nn3C)nn12,1,8.26,2017,ChEMBL
Cc1c(NCc2cnn(C)c2)cc(OC[C@H]2C[C@@H]2c2ccccn2)nc1Cl,1,10.33,2023,ChEMBL
Cc1c(NCc2cnn(C)c2)nc(OC[C@H]2C[C@@H]2c2ccccn2)nc1N(C)C,1,7.28,2014,ChEMBL
Cc1c(OC[C@H]2C[C@@H]2c2ccccn2)nc2ccnn2c1NCc1cnn(C)c1,1,8.6,2015,ChEMBL
Cc1cc(-c2cc(Cl)cnc2Oc2ccc(C(=O)c3nc4ccccc4[nH]3)cc2)ccn1,1,9.09,2014,ChEMBL
Cc1cc(-c2cc(Cl)cnc2Oc2ccc(C(=O)c3nc4ccccc4n3C)cc2)ccn1,1,9.13,2014,ChEMBL
Cc1cc(-c2ccc(-c3nc4ccncc4c(O)c3C#N)cc2)ccn1,1,7.57,2012,ChEMBL
Cc1cc(-c2ccc(Cn3c(C)nc4c(N5CCOCC5)ncnc43)cc2)ccn1,1,7.25,2017,ChEMBL
Cc1cc(-c2ccccc2)n2nc(CCc3nc(-c4ccccc4)cn3C)nc2n1,1,8.55,2017,ChEMBL
Cc1cc(-c2cccnc2O[C@H]2CC[C@H](Nc3nc4ccccc4s3)CC2)ccn1,1,7.71,2015,ChEMBL
Cc1cc(-c2cccnc2Oc2ccc(C(=O)c3nc4ccccc4[nH]3)cc2)ccn1,1,9.12,2014,ChEMBL
Cc1cc(-c2cccnc2Oc2ccc(C(=O)c3nc4ccccc4n3C)cc2)ccn1,1,8.21,2014,ChEMBL
Cc1cc(-c2cccnc2Oc2ccc(Cc3nc4ccccc4s3)cc2)ccn1,1,7.58,2014,ChEMBL
Cc1cc(-c2cccnc2Oc2ccc(Nc3nc4ccccc4s3)cc2)ccn1,1,8.3,2014,ChEMBL
Cc1cc(-c2ccco2)[nH]n1,0,3.07,2016,ChEMBL
Cc1cc(-c2ccncc2)n(-c2ccc(OCc3ccc4ccccc4n3)cc2)n1,1,9.3,2021,ChEMBL
Cc1cc(-c2cnc(C)nc2OC[C@H]2C[C@@H]2c2ccc3ccccc3n2)ccn1,1,11.0,2017,ChEMBL
Cc1cc(-c2nc(C)c3c(C)nc4scnc4n23)ccn1,1,6.9,2019,ChEMBL
Cc1cc(-c2nc(C)c3sc4cc(OCc5ccc6ccccc6n5)ccc4n23)ccn1,1,8.06,2013,ChEMBL
Cc1cc(-c2nccnc2C2CN(C(=O)c3nc4ccccc4[nH]3)C2)ccc1F,1,7.89,2017,ChEMBL
Cc1cc(-c2nccnc2C2CN(C(=O)c3nc4ccccc4[nH]3)C2)ccn1,1,7.43,2017,ChEMBL
Cc1cc(-c2nccnc2C2CN(c3ccc4ccccc4n3)C2)cnc1F,1,10.915,2017,ChEMBL
Cc1cc(-c2nccnc2O[C@H]2C[C@@H](Nc3nc4ccccc4s3)C2)ccn1,1,7.69,2015,ChEMBL
Cc1cc(C#Cc2nc(N3CCCC3)nn2C)nn2c(C)c(C(F)(F)F)nc12,1,8.8,2017,ChEMBL
Cc1cc(C(=O)N2CC[C@@H](C)[C@H](c3cc(C(F)F)nc4ncnn34)C2)cc(C)n1,1,7.26,2024,ChEMBL
Cc1cc(C(=O)Nc2cc(OC[C@H]3C[C@@H]3c3ccn(C)n3)nn(C)c2=O)n(C)n1,1,7.12,2016,ChEMBL
Cc1cc(C(C)C)n2nc(CCc3nc(-c4ccccc4)cn3C)nc2n1,1,8.32,2017,ChEMBL
Cc1cc(C(F)(F)F)c2nc(CCc3nc(N4CCCC4)nn3C)nn2c1C,1,8.84,2016,ChEMBL
Cc1cc(C(F)(F)F)n(-c2cc(N3CC(c4nc5ccccc5n4C)C3)nc(C)n2)n1,1,8.4,2016,ChEMBL
Cc1cc(C)c2nc(CCc3nc(-c4ccccc4)cn3C)nn2c1,1,7.72,2017,ChEMBL
Cc1cc(C)n(-c2cc(N3CC(c4nc5ccccc5n4C)C3)nc(C)n2)n1,1,8.07,2016,ChEMBL
Cc1cc(C)n2c(Br)c(CSc3nc4ccccc4[nH]3)nc2n1,1,6.68,2018,ChEMBL
Cc1cc(C)n2cc(/C=C/c3ccc4ccccc4n3)nc2n1,1,6.5,2017,ChEMBL
Cc1cc(C)n2cc(/C=C/c3nc(-c4cccnc4)cn3C)nc2n1,1,6.66,2015,ChEMBL
Cc1cc(C)n2cc(/C=C/c3nc(-c4ccco4)cn3C)nc2n1,1,7.6,2017,ChEMBL
Cc1cc(C)n2cc(/C=C/c3nc(-c4cccs4)cn3C)nc2n1,1,8.06,2017,ChEMBL
Cc1cc(C)n2cc(/C=C/c3nc(-c4cccs4)cn3COCC[Si](C)(C)C)nc2n1,1,7.09,2017,ChEMBL
Cc1cc(C)n2cc(/C=C/c3nc(-c4ccoc4)cn3C)nc2n1,1,6.85,2015,ChEMBL
Cc1cc(C)n2cc(/C=C/c3nc(-c4ccsc4)cn3C)nc2n1,1,7.25,2017,ChEMBL
Cc1cc(C)n2cc(/C=C/c3nc(-c4cnccn4)cn3C)nc2n1,1,6.47,2017,ChEMBL
Cc1cc(C)n2cc(/C=C/c3nc(-c4cncs4)cn3C)nc2n1,1,7.01,2017,ChEMBL
Cc1cc(C)n2cc(/C=C/c3nc(-c4cscn4)cn3C)nc2n1,1,6.75,2017,ChEMBL
Cc1cc(C)n2cc(/C=C/c3nc(C4C=COC4)cn3C)nc2n1,1,6.85,2017,ChEMBL
Cc1cc(C)n2cc(/C=C\c3ccc4ccccc4n3)nc2n1,1,6.62,2017,ChEMBL
Cc1cc(C)n2cc(/C=C\c3nc(-c4ccccc4)cn3C)nc2n1,1,7.04,2015,ChEMBL
Cc1cc(C)n2cc(C=Cc3nc(-c4ccccc4)cn3C)nc2n1,1,7.04,2017,ChEMBL
Cc1cc(C)n2cc(CC(=O)N3CCn4c3nc3ccccc34)nc2n1,1,6.56,2019,ChEMBL
Cc1cc(C)n2cc(CCc3ccc4ccccc4n3)nc2n1,1,6.51,2017,ChEMBL
Cc1cc(C)n2cc(CCc3nc(-c4ccccc4)cn3C)nc2n1,1,7.17,2017,ChEMBL
Cc1cc(C)n2cc(CCc3nc(-c4cccs4)c[nH]3)nc2n1,1,8.12,2017,ChEMBL
Cc1cc(C)n2cc(CCc3nc(-c4cccs4)cn3C(C)C)nc2n1,1,6.8,2017,ChEMBL
Cc1cc(C)n2cc(CCc3nc(-c4cccs4)cn3C)nc2n1,1,7.35,2017,ChEMBL
Cc1cc(C)n2cc(CCc3nc(-c4cccs4)cn3C3CCCC3)nc2n1,1,7.34,2015,ChEMBL
Cc1cc(C)n2cc(CCc3nc(-c4cccs4)cn3CC(C)C)nc2n1,1,7.92,2015,ChEMBL
Cc1cc(C)n2cc(CCc3nc(-c4cccs4)cn3CC(O)CF)nc2n1,1,7.85,2017,ChEMBL
Cc1cc(C)n2cc(CCc3nc(-c4cccs4)cn3CCC(C)C)nc2n1,1,8.17,2017,ChEMBL
Cc1cc(C)n2cc(CCc3nc(-c4cccs4)cn3CCF)nc2n1,1,7.21,2017,ChEMBL
Cc1cc(C)n2cc(CCc3nc(-c4cccs4)cn3CCN3CCOCC3)nc2n1,1,7.44,2017,ChEMBL
Cc1cc(C)n2cc(CCc3nc(-c4cccs4)cn3COCC[Si](C)(C)C)nc2n1,1,8.02,2017,ChEMBL
Cc1cc(C)n2cc(CCc3nc(-c4cccs4)cn3[C@@H](C)CO)nc2n1,1,8.06,2017,ChEMBL
Cc1cc(C)n2cc(CCc3nc(-c4ccsc4)cn3C)nc2n1,1,7.48,2017,ChEMBL
Cc1cc(C)n2cc(CCc3nc(-c4cncs4)cn3C(C)(O)c3ccc(Cl)cc3)nc2n1,1,8.24,2017,ChEMBL
Cc1cc(C)n2cc(CCc3nc(-c4cncs4)cn3CC(O)c3ccc(Cl)cc3)nc2n1,1,8.24,2015,ChEMBL
Cc1cc(C)n2cc(CSc3nc(-c4ccccc4)cc(C(F)(F)F)n3)nc2n1,1,7.41,2019,ChEMBL
Cc1cc(C)n2cc(CSc3nc(-c4ccccc4)cn3C(C)C)nc2n1,1,7.04,2017,ChEMBL
Cc1cc(C)n2cc(CSc3nc(-c4ccccc4)cn3C)nc2c1,1,6.85,2017,ChEMBL
Cc1cc(C)n2cc(CSc3nc(-c4ccccc4)cn3C)nc2n1,1,7.7,2017,ChEMBL
Cc1cc(C)n2cc(CSc3nc(-c4ccccc4)cn3CC#N)nc2n1,1,7.28,2017,ChEMBL
Cc1cc(C)n2cc(CSc3nc(-c4ccccc4)cn3CC(N)=O)nc2n1,1,6.6,2017,ChEMBL
Cc1cc(C)n2cc(CSc3nc(-c4ccccc4)cn3CC3CC3)nc2n1,1,7.92,2017,ChEMBL
Cc1cc(C)n2cc(CSc3nc(-c4ccccc4)cn3CC3CCOCC3)nc2n1,1,7.23,2017,ChEMBL
Cc1cc(C)n2cc(CSc3nc(-c4ccccc4)cn3CCC(C)C)nc2n1,1,8.27,2017,ChEMBL
Cc1cc(C)n2cc(CSc3nc(-c4ccccc4)cn3CCN3CCOCC3)nc2n1,1,7.66,2017,ChEMBL
Cc1cc(C)n2cc(CSc3nc(-c4ccccc4)cn3Cc3ccc(Cl)cc3)nc2n1,1,6.33,2017,ChEMBL
Cc1cc(C)n2cc(CSc3nc(-c4ccccc4)cn3Cc3ccccc3)nc2n1,1,7.08,2017,ChEMBL
Cc1cc(C)n2cc(CSc3nc(-c4ccccc4)cn3N)nc2n1,1,6.96,2017,ChEMBL
Cc1cc(C)n2nc(-c3ccc4c(c3)nc(-c3ccccc3)n4C)nc2n1,1,6.1,2018,ChEMBL
Cc1cc(C)n2nc(-c3ccc4cc(-c5ccccc5)nn4c3)nc2n1,1,6.11,2018,ChEMBL
Cc1cc(C)n2nc(-c3ccc4nc(-c5ccccc5)[nH]c4c3)nc2n1,1,7.33,2018,ChEMBL
Cc1cc(C)n2nc(-c3ccc4nc(-c5ccccc5)n(C)c4c3)nc2n1,1,6.38,2018,ChEMBL
Cc1cc(C)n2nc(-c3ccc4nc(-c5ccccn5)[nH]c4c3)nc2n1,1,6.55,2018,ChEMBL
Cc1cc(C)n2nc(-c3ccc4nc(-c5ccncc5)[nH]c4c3)nc2n1,1,6.02,2018,ChEMBL
Cc1cc(C)n2nc(-c3ccn4cc(-c5ccccc5)nc4n3)nc2n1,1,7.02,2018,ChEMBL
Cc1cc(C)n2nc(-c3ccn4cc(-c5ccccn5)nc4n3)nc2n1,1,6.55,2018,ChEMBL
Cc1cc(C)n2nc(-c3ccn4cc(-c5nccs5)nc4n3)nc2n1,1,6.34,2018,ChEMBL
Cc1cc(C)n2nc(-c3ccn4nc(-c5ccccc5)nc4c3)nc2n1,1,6.42,2018,ChEMBL
Cc1cc(C)n2nc(/C=C/c3cccc(N4CCCC4)n3)nc2n1,1,7.51,2017,ChEMBL
Cc1cc(C)n2nc(/C=C/c3nc(N(C)C4CC4)nn3C)nc2n1,1,7.24,2016,ChEMBL
Cc1cc(C)n2nc(C3CC3c3nc(-c4ccccc4)cn3C)nc2n1,1,7.84,2013,ChEMBL
Cc1cc(C)n2nc(CC(=O)N3CC(C)n4c3nc3ccccc34)nc2n1,1,6.54,2019,ChEMBL
Cc1cc(C)n2nc(CC(=O)N3CCn4c3nc3cccc(C)c34)nc2n1,1,6.55,2019,ChEMBL
Cc1cc(C)n2nc(CC(=O)N3CCn4c3nc3ccccc34)nc2c1,1,6.87,2019,ChEMBL
Cc1cc(C)n2nc(CC(=O)N3CCn4c3nc3ccccc34)nc2n1,1,7.28,2019,ChEMBL
Cc1cc(C)n2nc(CC(=O)N3c4nc5ccccc5n4CC3(C)C)nc2n1,1,7.13,2019,ChEMBL
Cc1cc(C)n2nc(CC(=O)N3c4nc5ccccc5n4CC3C)nc2n1,1,7.16,2019,ChEMBL
Cc1cc(C)n2nc(CC(=O)N3c4nc5ccccc5n4C[C@@H]3C)nc2n1,1,7.55,2019,ChEMBL
Cc1cc(C)n2nc(CC(=O)N3c4nc5ccccc5n4C[C@@H]3c3ccccc3)nc2n1,1,7.12,2019,ChEMBL
Cc1cc(C)n2nc(CCN3CCn4c3nc3ccccc34)nc2n1,1,6.86,2019,ChEMBL
Cc1cc(C)n2nc(CCNc3ccc4ccccc4n3)nc2n1,1,6.53,2019,ChEMBL
Cc1cc(C)n2nc(CCNc3nc4ccccc4[nH]3)nc2n1,1,6.98,2019,ChEMBL
Cc1cc(C)n2nc(CCNc3nc4ccccc4n3C)nc2n1,1,7.06,2019,ChEMBL
Cc1cc(C)n2nc(CCc3cc(O)n4nc(C)cc4n3)nc2n1,1,7.36,2021,ChEMBL
Cc1cc(C)n2nc(CCc3cc(O)n4nc5ccccc5c4n3)nc2n1,1,8.7,2021,ChEMBL
Cc1cc(C)n2nc(CCc3cc(O)n4nc5ncccc5c4n3)nc2n1,1,8.54,2019,ChEMBL
Cc1cc(C)n2nc(CCc3ccc4ccccc4n3)nc2n1,1,7.14,2017,ChEMBL
Cc1cc(C)n2nc(CCc3cccc(N4CCCC4)n3)nc2n1,1,6.96,2017,ChEMBL
Cc1cc(C)n2nc(CCc3ccn4nc5ccccc5c4n3)nc2n1,1,7.11,2019,ChEMBL
Cc1cc(C)n2nc(CCc3cncc(N4CCCC4)n3)nc2n1,1,6.52,2017,ChEMBL
Cc1cc(C)n2nc(CCc3nc(-c4ccc(C)o4)cn3C)nc2n1,1,7.42,2015,ChEMBL
Cc1cc(C)n2nc(CCc3nc(-c4ccc(F)cc4F)cn3C)nc2n1,1,7.1,2017,ChEMBL
Cc1cc(C)n2nc(CCc3nc(-c4ccccc4)c[nH]3)nc2c1,1,7.82,2017,ChEMBL
Cc1cc(C)n2nc(CCc3nc(-c4ccccc4)c[nH]3)nc2n1,1,8.28,2017,ChEMBL
Cc1cc(C)n2nc(CCc3nc(-c4ccccc4)cn3C(C)C)nc2n1,1,8.47,2017,ChEMBL
Cc1cc(C)n2nc(CCc3nc(-c4ccccc4)cn3C)nc2c1,1,7.77,2017,ChEMBL
Cc1cc(C)n2nc(CCc3nc(-c4ccccc4)cn3C)nc2n1,1,7.92,2018,ChEMBL
Cc1cc(C)n2nc(CCc3nc(-c4ccccc4)cn3CC(C)(C)O)nc2n1,1,7.54,2017,ChEMBL
Cc1cc(C)n2nc(CCc3nc(-c4ccccc4)cn3CC(C)C)nc2n1,1,8.89,2017,ChEMBL
Cc1cc(C)n2nc(CCc3nc(-c4ccccc4)cn3CC(C)O)nc2n1,1,7.89,2017,ChEMBL
Cc1cc(C)n2nc(CCc3nc(-c4ccccc4)cn3CCN(C(C)C)C(C)C)nc2n1,1,8.06,2017,ChEMBL
Cc1cc(C)n2nc(CCc3nc(-c4ccccc4)cn3CCN3CCCCC3)nc2n1,1,8.57,2017,ChEMBL
Cc1cc(C)n2nc(CCc3nc(-c4ccccc4)cn3CCN3CCN(C)C3=O)nc2n1,1,8.36,2017,ChEMBL
Cc1cc(C)n2nc(CCc3nc(-c4ccccc4)cn3CCN3CCOCC3)nc2c1,1,8.22,2017,ChEMBL
Cc1cc(C)n2nc(CCc3nc(-c4ccccc4)cn3CCN3CCOCC3)nc2n1,1,8.85,2017,ChEMBL
Cc1cc(C)n2nc(CCc3nc(-c4ccccc4)cn3C[C@@H](C)O)nc2n1,1,7.96,2017,ChEMBL
Cc1cc(C)n2nc(CCc3nc(-c4ccccc4)cn3C[C@H](C)O)nc2n1,1,8.26,2017,ChEMBL
Cc1cc(C)n2nc(CCc3nc(-c4cccnc4)cn3C)nc2n1,1,7.36,2015,ChEMBL
Cc1cc(C)n2nc(CCc3nc(-c4cccs4)cn3C)nc2n1,1,8.38,2015,ChEMBL
Cc1cc(C)n2nc(CCc3nc(N(C)C4CC4)nn3C)nc2n1,1,6.89,2016,ChEMBL
Cc1cc(C)n2nc(CCc3nc(N4CCC4)nn3C)nc2n1,1,7.04,2016,ChEMBL
Cc1cc(C)n2nc(CCc3nc(N4CCCC4)nn3C)nc2n1,1,7.63,2016,ChEMBL
Cc1cc(C)n2nc(CCc3nc(N4CCCC4)nn3CC(F)(F)F)nc2n1,1,7.69,2016,ChEMBL
Cc1cc(C)n2nc(CCc3nc(N4CCCC4=O)cn3C)nc2n1,1,6.75,2017,ChEMBL
Cc1cc(C)n2nc(CCc3nc4c5cccnc5ccn4n3)nc2n1,1,7.26,2020,ChEMBL
Cc1cc(C)n2nc(CSc3nc(-c4ccccc4)c[nH]3)nc2n1,1,7.62,2017,ChEMBL
Cc1cc(C)n2nc(CSc3nc(-c4ccccc4)cn3C)nc2c1,1,7.58,2017,ChEMBL
Cc1cc(C)n2nc(CSc3nc(-c4ccccc4)cn3C)nc2n1,1,7.6,2017,ChEMBL
Cc1cc(C)n2nc(CSc3nc(-c4ccccc4)cn3CC(C)C)nc2n1,1,8.38,2017,ChEMBL
Cc1cc(C)n2nc(CSc3nc(-c4ccccc4)cn3CCN3CCN(C)C3=O)nc2n1,1,7.6,2017,ChEMBL
Cc1cc(C)n2nc(CSc3nc(-c4ccccc4)cn3CCN3CCOCC3)nc2n1,1,8.3,2017,ChEMBL
Cc1cc(C)n2nc(SCc3cn4c(n3)-c3ccccc3C4)nc2n1,1,6.58,2014,ChEMBL
Cc1cc(C)n2nc(SCc3nc(-c4ccc(F)cc4)cn3C)nc2c1,1,6.75,2017,ChEMBL
Cc1cc(C)n2nc(SCc3nc(-c4cccc(Cl)c4)cn3C)nc2c1,1,6.75,2017,ChEMBL
Cc1cc(C)n2nc(SCc3nc(-c4cccc(F)c4)cn3C)nc2c1,1,7.0,2017,ChEMBL
Cc1cc(C)n2nc(SCc3nc(-c4ccccc4)c[nH]3)nc2c1,1,7.19,2017,ChEMBL
Cc1cc(C)n2nc(SCc3nc(-c4ccccc4)cn3C(C)C)nc2c1,1,7.16,2017,ChEMBL
Cc1cc(C)n2nc(SCc3nc(-c4ccccc4)cn3C)nc2c1,1,7.21,2017,ChEMBL
Cc1cc(C)n2nc(SCc3nc(-c4ccccc4)cn3C)nc2n1,1,6.92,2017,ChEMBL
Cc1cc(C)n2nc(SCc3nc(-c4ccccc4)cn3CC#N)nc2c1,1,7.16,2017,ChEMBL
Cc1cc(C)n2nc(SCc3nc(-c4ccccc4)cn3CC(N)=O)nc2c1,1,6.68,2017,ChEMBL
Cc1cc(C)n2nc(SCc3nc(-c4ccccc4)cn3CC3CC3)nc2c1,1,7.47,2017,ChEMBL
Cc1cc(C)n2nc(SCc3nc(-c4ccccc4)cn3Cc3ccc(Cl)cc3)nc2c1,1,6.39,2017,ChEMBL
Cc1cc(C)n2nc(SCc3nc(-c4ccccc4)cn3Cc3ccccc3)nc2c1,1,7.32,2017,ChEMBL
Cc1cc(C)n2nc(SCc3nc(-c4ccccc4Cl)cn3C)nc2c1,1,6.6,2017,ChEMBL
Cc1cc(C)n2nc(SCc3nc(-c4ccccc4F)cn3C)nc2c1,1,6.62,2017,ChEMBL
Cc1cc(CCc2nc(-c3ccccn3)cn2C)nn2c(C)c(C(F)(F)F)nc12,1,8.43,2019,ChEMBL
Cc1cc(CCc2nc(N3CCCC3)nn2C)nn2c(C)c(C(F)(F)F)nc12,1,7.78,2017,ChEMBL
Cc1cc(CCc2nc3c(C)ncc(C)n3n2)nc2ccccc12,1,7.234999999999999,2017,ChEMBL
Cc1cc(CCc2nc3cccc(C)n3n2)nc2ccccc12,1,6.835,2017,ChEMBL
Cc1cc(CN(C)c2nc(C3CC3)nc(Cl)c2C)on1,1,6.27,2015,ChEMBL
Cc1cc(CNc2cc(OC[C@H]3C[C@@H]3c3ccc(Cl)cn3)nn(C)c2=O)n(C)n1,1,10.7,2016,ChEMBL
Cc1cc(CNc2cc(OC[C@H]3C[C@@H]3c3ccc(F)cn3)nn(C)c2=O)n(C)n1,1,10.0,2016,ChEMBL
Cc1cc(CNc2cc(OC[C@H]3C[C@@H]3c3ccc(OC(F)F)cn3)nn(C)c2=O)n(C)n1,1,10.34,2016,ChEMBL
Cc1cc(CNc2cc(OC[C@H]3C[C@@H]3c3ccc4ccccc4n3)nc(C)n2)n(C)n1,1,9.22,2015,ChEMBL
Cc1cc(CNc2cc(OC[C@H]3C[C@@H]3c3ccn(C)n3)nn(C)c2=O)n(C)n1,1,10.36,2016,ChEMBL
Cc1cc(CNc2cc(OC[C@H]3C[C@@H]3c3ccn(C)n3)nn(C)c2=O)nn1C,1,8.44,2016,ChEMBL
Cc1cc(CNc2nc(C3CC3)nc(Cl)c2C)no1,1,7.29,2015,ChEMBL
Cc1cc(CNc2nc(C3CC3)nc(Cl)c2C)on1,1,7.42,2015,ChEMBL
Cc1cc(CO)n2nc(CCc3nc(-c4ccccc4)cn3C)nc2n1,1,7.82,2017,ChEMBL
Cc1cc(Cl)c(C)n2nc(/C=C/c3nc(N4CCCC4)n(C)n3)nc12,1,9.82,2016,ChEMBL
Cc1cc(Cl)c(C)n2nc(CCc3nc(N4CCCC4)n(C)n3)nc12,1,9.24,2016,ChEMBL
Cc1cc(Cl)c(C)n2nc(CCc3nc(N4CCCC4)nn3C)nc12,1,9.535,2016,ChEMBL
Cc1cc(Cl)c(C)n2nc([C@H]3C[C@@H]3c3nc(N4CCCC4)nn3C)nc12,1,8.3,2016,ChEMBL
Cc1cc(Cl)c2nc(CCc3nc4c(C)ncc(C)n4n3)ccc2c1,1,6.54,2015,ChEMBL
Cc1cc(Cl)cc2c(C(O)c3ccccn3)c3c(C)n[nH]c3nc12,1,7.41,2012,ChEMBL
Cc1cc(Cl)cc2c(C(O)c3cccnc3)c3c(C)n[nH]c3nc12,1,7.96,2012,ChEMBL
Cc1cc(Cl)cc2c(C(O)c3ccnc(F)c3)c3c(C)n[nH]c3nc12,1,9.0,2012,ChEMBL
Cc1cc(Cl)cc2c(C(O)c3ccncc3)c3c(C)n[nH]c3nc12,1,9.7,2012,ChEMBL
Cc1cc(Cl)cc2c(C(O)c3cncn3C)c3c(C)n[nH]c3nc12,1,7.68,2012,ChEMBL
Cc1cc(Cl)cc2c(C(O)c3ncco3)c3c(C)n[nH]c3nc12,1,9.4,2012,ChEMBL
Cc1cc(Cl)cc2c(CN3C4CCC3CC4)c3c(C)n[nH]c3nc12,1,6.64,2012,ChEMBL
Cc1cc(Cl)cc2c(CN3CC4CC3CO4)c3c(C)n[nH]c3nc12,1,7.22,2012,ChEMBL
Cc1cc(Cl)cc2c(CN3CCCOCC3)c3c(C)n[nH]c3nc12,1,7.39,2012,ChEMBL
Cc1cc(Cl)cc2c(N3CCNCC3)c3c(C)n[nH]c3nc12,1,7.46,2012,ChEMBL
Cc1cc(Cl)cn2cc(CSc3nc(-c4ccccc4)cn3C)nc12,1,6.05,2017,ChEMBL
Cc1cc(Cl)cn2nc(SCc3nc(-c4ccccc4)cn3C)nc12,1,7.04,2017,ChEMBL
Cc1cc(F)cc(-c2nccnc2C2CN(C(=O)c3nc4ccccc4[nH]3)C2)c1,1,7.41,2017,ChEMBL
Cc1cc(N)ccc1O,0,4.8,2016,ChEMBL
Cc1cc(N2CCCC2)nc(/C=C/c2ccc3ccccc3n2)n1,1,6.28,2017,ChEMBL
Cc1cc(N2CCOCC2)n2nc(CCc3nc(-c4ccccc4)cn3C)nc2n1,1,8.16,2017,ChEMBL
Cc1cc(O)cc2c(CN3CCCOCC3)c3c(C)n[nH]c3nc12,1,8.7,2012,ChEMBL
Cc1cc(OC(C)C)cc2c(CN3CCCOCC3)c3c(C)n[nH]c3nc12,1,8.1,2012,ChEMBL
Cc1cc(OC(F)(F)F)cc2c(CN3CCCOCC3)c3c(C)n[nH]c3nc12,1,7.72,2012,ChEMBL
Cc1cc([C@H]2C[C@@H]2c2nc3ccccc3n2C)cc(-n2nc(C)nc2C)n1,1,7.74,2015,ChEMBL
Cc1cc2c(cn1)CN(c1ncnn3c(C)nc(-c4ccccc4F)c13)CC2,1,8.23,2015,ChEMBL
Cc1cc2c(cn1)CN(c1ncnn3c(C)nc([C@@H]4CCOC4)c13)CC2,1,8.75,2015,ChEMBL
Cc1cc2c3cc(Cl)ccc3nc(CCc3nc(-c4ccccc4)cn3C)n2n1,1,7.8,2011,ChEMBL
Cc1cc2c3cc(Cl)ccc3nc(CSc3nc(-c4ccccc4)cn3C)n2n1,1,6.96,2011,ChEMBL
Cc1cc2c3ccc(Cl)cc3nc(CCc3nc(-c4ccccc4)cn3C)n2n1,1,7.3,2011,ChEMBL
Cc1cc2c3ccc(Cl)cc3nc(CSc3nc(-c4ccccc4)cn3C)n2n1,1,6.89,2011,ChEMBL
Cc1cc2c3cccc(C)c3nc(CCc3nc(-c4ccccc4)cn3C)n2n1,1,7.11,2011,ChEMBL
Cc1cc2c3cccc(C)c3nc(CSc3nc(-c4ccccc4)cn3C)n2n1,1,6.8,2011,ChEMBL
Cc1cc2c3cccc(Cl)c3nc(CCc3nc(-c4ccccc4)cn3C)n2n1,1,7.28,2011,ChEMBL
Cc1cc2c3cccc(Cl)c3nc(CSc3nc(-c4ccccc4)cn3C)n2n1,1,7.14,2011,ChEMBL
Cc1cc2c3ccccc3cc(CCc3nc(-c4ccccc4)cn3C)n2n1,1,6.05,2014,ChEMBL
Cc1cc2c3ccccc3cc(CCc3nc4ccccc4n3C)n2n1,1,6.0,2014,ChEMBL
Cc1cc2c3ccccc3nc(CCc3nc(-c4ccccc4)cn3C)n2n1,1,7.3,2014,ChEMBL
Cc1cc2c3ccccc3nc(CSc3nc(-c4ccccc4)cn3C)n2n1,1,7.32,2011,ChEMBL
Cc1cc2c3cccnc3cc(CCc3nc(-c4ccccc4)cn3C)n2n1,1,7.4,2014,ChEMBL
Cc1cc2c3cccnc3cc(CCc3nc4ccccc4n3C)n2n1,1,6.77,2014,ChEMBL
Cc1cc2c3ccncc3cc(CCc3nc(-c4ccccc4)cn3C)n2n1,1,7.4,2014,ChEMBL
Cc1cc2c3cnccc3cc(CCc3nc(-c4ccccc4)cn3C)n2n1,1,7.26,2014,ChEMBL
Cc1cc2c3cnccc3cc(CCc3nc4ccccc4n3C)n2n1,1,6.32,2014,ChEMBL
Cc1cc2ccccc2nc1-c1ccccc1,0,3.37,2013,ChEMBL
Cc1cc2nc(C)c(C)n2nc1C#Cc1nc(N2CCCC2)nn1C,1,9.0,2017,ChEMBL
Cc1cc2nc(C)c(C)n2nc1CCc1nc(N2CCCC2)nn1C,1,6.71,2017,ChEMBL
Cc1cc2nc(C3CC3c3nc4c(C)ncc(C)n4n3)c(C)n2cc1F,1,6.52,2020,ChEMBL
Cc1cc2nc(CCc3nc(N4CCCC4)nn3C)nn2c(C)n1,1,7.23,2016,ChEMBL
Cc1cc2nc(CCc3nc4c(C)ncc(C)n4n3)ccc2cc1F,1,8.06,2015,ChEMBL
Cc1cc2nc(SCc3nc(-c4ccccc4)cn3C)nn2c(C)c1Br,1,6.38,2017,ChEMBL
Cc1ccc(-c2[nH]c(=O)ccc2-c2ccc(OCc3ccc4ccccc4n3)cc2)cc1,1,8.73,2015,ChEMBL
Cc1ccc(-c2c(COc3ccc4ccccc4n3)nc3c(N4CCOCC4)ccnn23)cn1,1,6.94,2015,ChEMBL
Cc1ccc(-c2c[nH]c(CCc3nc4cccc(C)n4n3)n2)o1,1,7.47,2015,ChEMBL
Cc1ccc(-c2cc(N3CC(c4nc5ccccc5n4C)C3)nc(C(F)(F)F)n2)nc1,1,9.05,2016,ChEMBL
Cc1ccc(-c2cc(N3CC(c4nc5ccccc5n4C)C3)nc(C)n2)c(F)n1,1,8.1,2016,ChEMBL
Cc1ccc(-c2cc(N3CC(c4nc5ccccc5n4C)C3)nc(C)n2)nc1,1,9.0,2016,ChEMBL
Cc1ccc(-c2ccc(-c3cc(NCCC(=O)O)c4ccccc4n3)cc2)cc1,1,6.85,2007,ChEMBL
Cc1ccc(-c2ccc(Cn3cnc4c(N5CCOCC5)ncnc43)cc2)cc1,1,7.12,2017,ChEMBL
Cc1ccc(-c2cccc3nn(CCc4ccc5ccccc5n4)c(=O)n23)cc1,1,7.77,2016,ChEMBL
Cc1ccc(-c2cccnc2Oc2ccc(C(=O)c3nc4ccccc4[nH]3)cc2)cn1,1,9.75,2014,ChEMBL
Cc1ccc(-c2cccnc2Oc2ccc(Nc3nc4ccccc4n3C)cc2)cn1,1,9.47,2014,ChEMBL
Cc1ccc(-c2cccnc2Oc2ccc(Nc3nc4ccccc4s3)cc2)cn1,1,9.1,2014,ChEMBL
Cc1ccc(-c2cn(C)c(/C=C/c3nc4c(F)cccn4n3)n2)o1,1,6.28,2015,ChEMBL
Cc1ccc(-c2cn(C)c(/C=C\C3=NN4C=CC=C(F)C4N3)n2)o1,1,6.28,2017,ChEMBL
Cc1ccc(-c2cn(C)c(CCC3=NN4C=CC=C(F)C4N3)n2)o1,1,7.03,2017,ChEMBL
Cc1ccc(-c2cn(C)c(CCc3ccc4ncccc4n3)n2)cn1,1,6.12,2020,ChEMBL
Cc1ccc(-c2cn(C)c(CCc3nc4c(C)ccc(C)n4n3)n2)o1,1,8.38,2015,ChEMBL
Cc1ccc(-c2cn(C)c(CCc3nc4c(C)ncc(C)n4n3)n2)o1,1,8.17,2015,ChEMBL
Cc1ccc(-c2cn(C)c(CCc3nc4c(F)cccn4n3)n2)o1,1,7.03,2015,ChEMBL
Cc1ccc(-c2cn(COCC[Si](C)(C)C)c(/C=C/c3nc4cccc(C)n4n3)n2)s1,1,6.68,2015,ChEMBL
Cc1ccc(-c2cn3ccc(-c4nc5c(C)ncc(C)n5n4)cc3n2)c(C)c1,1,7.96,2015,ChEMBL
Cc1ccc(-c2cnc(C)nc2OC[C@H]2C[C@@H]2c2ccc3ccccc3n2)cc1,1,8.8,2017,ChEMBL
Cc1ccc(-c2cnc(C)nc2OC[C@H]2C[C@@H]2c2ccc3ccccc3n2)cn1,1,10.7,2017,ChEMBL
Cc1ccc(-c2cnc(N3CCOCC3)c3nc(COc4ccc5ccccc5n4)cn23)cn1,1,7.52,2016,ChEMBL
Cc1ccc(-c2cnn(C)c2C(=O)NC2CCn3cc(-c4ccccc4)nc3C2)nc1,1,7.28,2017,ChEMBL
Cc1ccc(-c2cnn(C)c2C(=O)NC2CCn3nc(-c4ccccc4)nc3C2)nc1,1,7.28,2017,ChEMBL
Cc1ccc(-c2nc(C)c3c(C)nc4scnc4n23)cn1,1,6.19,2019,ChEMBL
Cc1ccc(-c2nc(C)nn2-c2cc(N3CC(c4nc5ccccc5n4C)C3)nc(C)n2)cn1,1,8.0,2016,ChEMBL
Cc1ccc(-c2nc(CCNC(=O)c3c(C(=O)N4CCC4)cnn3C)c(C)s2)cc1,1,6.18,2014,ChEMBL
Cc1ccc(-c2nc(CCc3nc4c(C)ncc(C)n4n3)cn2C)o1,1,8.46,2015,ChEMBL
Cc1ccc(-c2nc3c(c(OC(C)C)n2)CN(C(=O)Nc2cnccc2C)CC3)cn1,1,8.1,2012,ChEMBL
Cc1ccc(-c2nccnc2C2CN(c3ncc4ccccc4n3)C2)cc1,1,8.15,2017,ChEMBL
Cc1ccc(-c2nccnc2O[C@H]2C[C@@H](Nc3nc4cc(F)ccc4s3)C2)cn1,1,7.71,2015,ChEMBL
Cc1ccc(-c2nccnc2O[C@H]2C[C@@H](Nc3nc4ccccc4s3)C2)cn1,1,8.47,2015,ChEMBL
Cc1ccc(-c2nccnc2O[C@H]2C[C@@H](Nc3ncc4ccccc4n3)C2)cn1,1,8.61,2015,ChEMBL
Cc1ccc(-c2nccnc2O[C@H]2C[C@H](Nc3nc4ccccc4s3)C2)cc1F,1,7.395,2015,ChEMBL
Cc1ccc(C(=O)N2CCc3nc(-c4ccc(Cl)nc4)nc(OC(C)C)c3C2)cn1,1,8.0,2013,ChEMBL
Cc1ccc(C(C)(C)O)cc1-c1nnc2c(C)nc3cc(C(C)C)cnc3n12,1,6.52,2015,ChEMBL
Cc1ccc(C)n2cc(CCc3nc4c5cccnc5ccc4n3C)nc12,1,7.26,2020,ChEMBL
Cc1ccc(C)n2cc(CCc3nc4c5cccnc5ccn4n3)nc12,1,6.609999999999999,2020,ChEMBL
Cc1ccc(C)n2nc(CCc3c[nH]c(-c4ccco4)n3)nc12,1,9.21,2015,ChEMBL
Cc1ccc(C)n2nc(CCc3c[nH]c(-c4cccs4)n3)nc12,1,9.47,2015,ChEMBL
Cc1ccc(C)n2nc(CCc3c[nH]c(-c4ccoc4)n3)nc12,1,9.19,2015,ChEMBL
Cc1ccc(C)n2nc(CCc3c[nH]c(-c4cncs4)n3)nc12,1,8.51,2015,ChEMBL
Cc1ccc(C)n2nc(CCc3c[nH]c(-c4cscn4)n3)nc12,1,8.46,2015,ChEMBL
Cc1ccc(C)n2nc(CCc3c[nH]c(-c4nccs4)n3)nc12,1,8.8,2015,ChEMBL
Cc1ccc(C)n2nc(CCc3ccc4ccccc4n3)nc12,1,7.345000000000001,2017,ChEMBL
Cc1ccc(C)n2nc(CCc3cn(C)c(-c4ccco4)n3)nc12,1,9.12,2015,ChEMBL
Cc1ccc(C)n2nc(CCc3cn4c(n3)-c3ccccc3C4)nc12,1,9.16,2014,ChEMBL
Cc1ccc(C)n2nc(CCc3nc(-c4ccccc4)cn3C)nc12,1,9.49,2017,ChEMBL
Cc1ccc(C)n2nc(CCc3nc(-c4ccccc4)nn3C)nc12,1,8.17,2012,ChEMBL
Cc1ccc(C)n2nc(CCc3nc(-c4cccnc4)cn3C)nc12,1,8.24,2015,ChEMBL
Cc1ccc(C)n2nc(CCc3nc(-c4cccs4)cn3C)nc12,1,9.0,2015,ChEMBL
Cc1ccc(C)n2nc(CCc3nc(-c4ccsc4)nn3C)nc12,1,8.28,2012,ChEMBL
Cc1ccc(C)n2nc(CCc3nc(-c4cscn4)cn3C)nc12,1,9.4,2015,ChEMBL
Cc1ccc(C)n2nc(CCc3nc(-c4nccs4)cn3C)nc12,1,8.64,2015,ChEMBL
Cc1ccc(C)n2nc(CCc3nc(N4CCCC4)nn3C)nc12,1,8.39,2016,ChEMBL
Cc1ccc(C2(O)CCOCC2)cc1-c1nnc2c(C)nc3ccc(C4CC4)nc3n12,1,6.0,2015,ChEMBL
Cc1ccc(C2CC2c2cc(-n3nc(C)nc3Cc3ccccc3)nc(C)n2)nc1,1,9.68,2015,ChEMBL
Cc1ccc(C2CN(c3cc(-n4nc(C)nc4C)nc(C)n3)C2)nc1,1,6.39,2016,ChEMBL
Cc1ccc(C2C[C@@H]2COc2nc(C)ncc2-c2cc(C)ccc2C)nc1,1,9.15,2017,ChEMBL
Cc1ccc(C2C[C@@H]2COc2nc(C)ncc2-c2ccc(F)c(F)c2)nc1,1,8.96,2017,ChEMBL
Cc1ccc(C2C[C@@H]2COc2nc(C)ncc2-c2ccc3[nH]ccc3c2)nc1,1,8.49,2017,ChEMBL
Cc1ccc(C2C[C@@H]2COc2nc(C)ncc2-c2cccc(OC(F)(F)F)c2)nc1,1,8.96,2017,ChEMBL
Cc1ccc(C2C[C@@H]2COc2nc(C)ncc2-c2ccccc2C(F)(F)F)nc1,1,8.51,2017,ChEMBL
Cc1ccc(C2C[C@@H]2COc2nc(C)ncc2-c2ccnc(F)c2)nc1,1,9.26,2017,ChEMBL
Cc1ccc(C2C[C@@H]2COc2nc(C)ncc2-c2cn(C)nc2C(F)F)nc1,1,9.4,2017,ChEMBL
Cc1ccc(C2C[C@@H]2COc2nc(C)ncc2-c2cnc(C(C)(C)O)cc2C)nc1,1,10.7,2017,ChEMBL
Cc1ccc(C2C[C@@H]2COc2nc(C)ncc2C2(F)CCC(O)CC2)nc1,1,8.11,2017,ChEMBL
Cc1ccc(C2C[C@@H]2COc2nc(C)ncc2C2CCC(F)(F)CC2)nc1,1,7.92,2017,ChEMBL
Cc1ccc(CCC(C)(C)O)cc1-c1nnc2c(C)nc3ccc(C4CC4)nc3n12,1,6.0,2015,ChEMBL
Cc1ccc(CCNC(=O)c2cccnc2Oc2ccc(C(=O)c3nc4ccccc4[nH]3)cc2)cc1,1,8.51,2014,ChEMBL
Cc1ccc(CCc2cc(-n3nc(C)nc3C)nc(C)n2)nc1,1,9.85,2015,ChEMBL
Cc1ccc(CNc2cc(OC[C@H]3C[C@@H]3c3ccc(C)cn3)nn(C)c2=O)nc1,1,10.29,2016,ChEMBL
Cc1ccc(CNc2cc(OC[C@H]3C[C@@H]3c3ccc(Cl)cn3)nn(C)c2=O)c(C)n1,1,10.72,2016,ChEMBL
Cc1ccc(CNc2cc(OC[C@H]3C[C@@H]3c3ccc(F)cn3)nn(C)c2=O)c(C)n1,1,10.47,2016,ChEMBL
Cc1ccc(CNc2cc(OC[C@H]3C[C@@H]3c3ccc(F)cn3)nn(C)c2=O)nc1,1,9.11,2016,ChEMBL
Cc1ccc(CNc2cc(OC[C@H]3C[C@@H]3c3ccc(OC(F)F)cn3)nn(C)c2=O)c(C)n1,1,10.55,2016,ChEMBL
Cc1ccc(CNc2cc(OC[C@H]3C[C@@H]3c3ccccn3)nn(C)c2=O)c(C)n1,1,10.68,2016,ChEMBL
Cc1ccc(CNc2cc(OC[C@H]3C[C@@H]3c3ccn(C)n3)nn(C)c2=O)c(C)n1,1,10.64,2016,ChEMBL
Cc1ccc(CNc2cc(OC[C@H]3C[C@@H]3c3ccn(C)n3)nn(C)c2=O)cn1,1,9.09,2016,ChEMBL
Cc1ccc(CNc2cc(OC[C@H]3C[C@@H]3c3ccn(C)n3)nn(C)c2=O)nc1,1,9.32,2016,ChEMBL
Cc1ccc(CNc2nc(C3CC3)nc(Cl)c2C)cn1,1,6.89,2015,ChEMBL
Cc1ccc(F)cc1-c1nnc2c(C)nc3ccc(C(F)(F)F)cc3n12,1,6.57,2017,ChEMBL
Cc1ccc(F)cc1-c1nnc2c(C)nc3ccc(Cl)cc3n12,1,6.71,2017,ChEMBL
Cc1ccc(F)cc1-c1nnc2c(C)nc3ccc(F)cc3n12,1,6.26,2017,ChEMBL
Cc1ccc(F)cc1-c1nnc2c(C)nc3ccccc3n12,1,6.46,2017,ChEMBL
Cc1ccc(N2CC(c3nccnc3N3CCC(CO)CC3)C2)nc1,1,6.23,2017,ChEMBL
Cc1ccc(NC(=O)N2CCc3nc(-c4ccc(Cl)nc4)nc(OC(C)C)c3C2)cn1,1,9.22,2013,ChEMBL
Cc1ccc(NC(=O)N2CCc3nc(N4CCCC4)nc(OC(C)C)c3C2)cn1,1,7.5,2013,ChEMBL
Cc1ccc(NC(=O)c2nc(C3CC3)cnc2Nc2cncnc2)c(C(=O)N(C)C)n1,1,7.87,2014,ChEMBL
Cc1ccc(NC(=O)c2nc(C3CC3)cnc2Nc2cncnc2)c(C(=O)N2CCC2)n1,1,8.72,2014,ChEMBL
Cc1ccc(NC(=O)c2nc(C3CC3)cnc2Nc2cncnc2)c(C(=O)NCC(C)(C)O)n1,1,9.52,2014,ChEMBL
Cc1ccc(N[C@H]2C[C@@H](Oc3ncccc3C3CCOCC3)C2)nc1,1,8.08,2015,ChEMBL
Cc1ccc(N[C@H]2C[C@H](Oc3ncccc3C3CCOCC3)C2)nc1,1,7.75,2015,ChEMBL
Cc1ccc(Nc2ccc(-n3c(C)nc4cccnc43)cc2)nc1,1,7.29,2014,ChEMBL
Cc1ccc(Nc2cncnc2)c(C(=O)Nc2ccn(-c3ccccc3)n2)n1,1,7.05,2013,ChEMBL
Cc1ccc(Nc2cncnc2)c(C(=O)Nc2ccn(-c3ccccn3)n2)n1,1,6.43,2013,ChEMBL
Cc1ccc(Nc2cncnc2)c(C(=O)Nc2ccn(-c3ccncc3)n2)n1,1,7.32,2013,ChEMBL
Cc1ccc(O)c2nc(CCc3ccc4cc(F)ccc4n3)nn12,1,7.41,2017,ChEMBL
Cc1ccc(O)cc1-c1nnc2c(C)nc3ccc(C(C)C)nc3n12,1,7.8,2015,ChEMBL
Cc1ccc(O)cc1-c1nnc2c(C)nc3ccc(C(F)(F)F)nc3n12,1,6.77,2015,ChEMBL
Cc1ccc(O)cc1-c1nnc2c(C)nc3ccc(C4CC4)nc3n12,1,8.0,2015,ChEMBL
Cc1ccc(O)cc1-c1nnc2c(C)nc3ccccc3n12,1,6.8,2017,ChEMBL
Cc1ccc(O)cc1-c1nnc2c(C)nc3cccnc3n12,1,6.59,2015,ChEMBL
Cc1ccc(OC2COCC2O)cc1-c1nnc2c(C)nc3ccc(C4CC4)nc3n12,1,7.04,2015,ChEMBL
Cc1ccc([C@H]2C[C@@H]2COc2cc(NC(=O)c3cc(C)nn3C)c(=O)n(C)n2)nc1,1,7.29,2016,ChEMBL
Cc1ccc([C@H]2C[C@@H]2COc2cc(NCc3c(C)nn(C)c3Cl)c(=O)n(C)n2)nc1,1,8.81,2016,ChEMBL
Cc1ccc([C@H]2C[C@@H]2COc2cc(NCc3c(Cl)c(C)nn3C)c(=O)n(C)n2)nc1,1,9.32,2016,ChEMBL
Cc1ccc([C@H]2C[C@@H]2COc2cc(NCc3ccc(C)nc3)c(=O)n(C)n2)nc1,1,9.92,2016,ChEMBL
Cc1ccc([C@H]2C[C@@H]2COc2cc(NCc3ccnn3C)c(=O)n(C)n2)nc1,1,9.86,2016,ChEMBL
Cc1ccc([C@H]2C[C@@H]2COc2cc(NCc3cn(C)nc3C(F)(F)F)c(=O)n(C)n2)nc1,1,10.25,2016,ChEMBL
Cc1ccc([C@H]2C[C@@H]2COc2cc(NCc3cnc(C)s3)c(=O)n(C)n2)nc1,1,10.96,2016,ChEMBL
Cc1ccc([C@H]2C[C@@H]2COc2cc(NCc3cnn(C)c3)c(=O)n(C)n2)nc1,1,10.14,2016,ChEMBL
Cc1ccc([C@H]2C[C@@H]2COc2cc(NCc3cnn(C)c3)nc(C)n2)nc1,1,10.305,2023,ChEMBL
Cc1ccc([C@H]2C[C@@H]2COc2cc(NCc3cnn4ccccc34)c(=O)n(C)n2)nc1,1,8.96,2016,ChEMBL
Cc1ccc([C@H]2C[C@@H]2COc2cc(NCc3nc(C)c(C)s3)c(=O)n(C)n2)nc1,1,10.35,2016,ChEMBL
Cc1ccc([C@H]2C[C@@H]2COc2cc(NCc3nc(C)cs3)c(=O)n(C)n2)nc1,1,8.01,2016,ChEMBL
Cc1ccc([C@H]2C[C@@H]2COc2cc(NCc3nnc(C)s3)nc(C)n2)nc1,1,9.67,2023,ChEMBL
Cc1ccc([C@H]2C[C@@H]2COc2cc(Oc3ccc(C)nc3)n3nccc3n2)nc1,1,7.7,2015,ChEMBL
Cc1ccc([C@H]2C[C@@H]2COc2nc(C)nc(NCc3nnc(C)s3)c2Cl)nc1,1,8.41,2015,ChEMBL
Cc1ccc([C@H]2C[C@@H]2COc2nc(C)ncc2-c2c(C)cccc2C)nc1,1,8.35,2017,ChEMBL
Cc1ccc([C@H]2C[C@@H]2COc2nc(C)ncc2-c2c(F)cccc2F)nc1,1,8.85,2017,ChEMBL
Cc1ccc([C@H]2C[C@@H]2COc2nc(C)ncc2-c2cc(=O)[nH]cc2C)nc1,1,9.0,2016,ChEMBL
Cc1ccc([C@H]2C[C@@H]2COc2nc(C)ncc2-c2cc(=O)n(C)cc2C)nc1,1,8.67,2016,ChEMBL
Cc1ccc([C@H]2C[C@@H]2COc2nc(C)ncc2-c2cc(=O)n(C)cc2Cl)nc1,1,8.95,2016,ChEMBL
Cc1ccc([C@H]2C[C@@H]2COc2nc(C)ncc2-c2cc(=O)n(C)cn2)nc1,1,8.26,2016,ChEMBL
Cc1ccc([C@H]2C[C@@H]2COc2nc(C)ncc2-c2cc(C#N)c(=O)n(C)c2C)nc1,1,9.37,2016,ChEMBL
Cc1ccc([C@H]2C[C@@H]2COc2nc(C)ncc2-c2cc(C)c(=O)n(C)c2)nc1,1,9.39,2016,ChEMBL
Cc1ccc([C@H]2C[C@@H]2COc2nc(C)ncc2-c2cc(C)c(=O)n(C)n2)nc1,1,8.74,2016,ChEMBL
Cc1ccc([C@H]2C[C@@H]2COc2nc(C)ncc2-c2cc(C)n(C)c(=O)c2)nc1,1,8.81,2016,ChEMBL
Cc1ccc([C@H]2C[C@@H]2COc2nc(C)ncc2-c2cc(F)c(=O)n(C)c2)nc1,1,8.81,2016,ChEMBL
Cc1ccc([C@H]2C[C@@H]2COc2nc(C)ncc2-c2cc(F)cc(F)c2)nc1,1,9.34,2017,ChEMBL
Cc1ccc([C@H]2C[C@@H]2COc2nc(C)ncc2-c2cc(O)ccn2)nc1,1,7.59,2017,ChEMBL
Cc1ccc([C@H]2C[C@@H]2COc2nc(C)ncc2-c2ccc(=O)n(-c3ccccc3)c2)nc1,1,8.31,2016,ChEMBL
Cc1ccc([C@H]2C[C@@H]2COc2nc(C)ncc2-c2ccc(=O)n(C(C)C)c2)nc1,1,9.09,2016,ChEMBL
Cc1ccc([C@H]2C[C@@H]2COc2nc(C)ncc2-c2ccc(=O)n(C(C)C)c2C)nc1,1,8.37,2016,ChEMBL
Cc1ccc([C@H]2C[C@@H]2COc2nc(C)ncc2-c2ccc(=O)n(C(F)F)c2)nc1,1,8.96,2016,ChEMBL
Cc1ccc([C@H]2C[C@@H]2COc2nc(C)ncc2-c2ccc(=O)n(C)c2)nc1,1,8.855,2016,ChEMBL
Cc1ccc([C@H]2C[C@@H]2COc2nc(C)ncc2-c2ccc(=O)n(C)c2C)nc1,1,9.66,2016,ChEMBL
Cc1ccc([C@H]2C[C@@H]2COc2nc(C)ncc2-c2ccc(=O)n(C3CC3)c2)nc1,1,9.29,2016,ChEMBL
Cc1ccc([C@H]2C[C@@H]2COc2nc(C)ncc2-c2ccc(=O)n(CC#N)c2)nc1,1,8.46,2016,ChEMBL
Cc1ccc([C@H]2C[C@@H]2COc2nc(C)ncc2-c2ccc(=O)n(CC(F)F)c2)nc1,1,8.59,2016,ChEMBL
Cc1ccc([C@H]2C[C@@H]2COc2nc(C)ncc2-c2ccc(=O)n(CC3CC3)c2)nc1,1,9.01,2016,ChEMBL
Cc1ccc([C@H]2C[C@@H]2COc2nc(C)ncc2-c2ccc(=O)n(CCC#N)c2)nc1,1,8.67,2016,ChEMBL
Cc1ccc([C@H]2C[C@@H]2COc2nc(C)ncc2-c2ccc(=O)oc2)nc1,1,8.37,2017,ChEMBL
Cc1ccc([C@H]2C[C@@H]2COc2nc(C)ncc2-c2ccc(C(C)(C)O)nc2)nc1,1,10.22,2017,ChEMBL
Cc1ccc([C@H]2C[C@@H]2COc2nc(C)ncc2-c2ccc(C(C)(C)O)nc2C)nc1,1,9.64,2017,ChEMBL
Cc1ccc([C@H]2C[C@@H]2COc2nc(C)ncc2-c2ccc(C(C)O)nc2)nc1,1,9.62,2017,ChEMBL
Cc1ccc([C@H]2C[C@@H]2COc2nc(C)ncc2-c2ccc(C(F)(F)F)cc2)nc1,1,8.24,2017,ChEMBL
Cc1ccc([C@H]2C[C@@H]2COc2nc(C)ncc2-c2ccc(C(O)C(C)C)nc2)nc1,1,9.11,2017,ChEMBL
Cc1ccc([C@H]2C[C@@H]2COc2nc(C)ncc2-c2ccc(C(O)C(F)(F)F)nc2)nc1,1,9.434999999999999,2017,ChEMBL
Cc1ccc([C@H]2C[C@@H]2COc2nc(C)ncc2-c2ccc(C)cc2C)nc1,1,8.61,2017,ChEMBL
Cc1ccc([C@H]2C[C@@H]2COc2nc(C)ncc2-c2ccc(F)c(C)c2)nc1,1,8.95,2017,ChEMBL
Cc1ccc([C@H]2C[C@@H]2COc2nc(C)ncc2-c2ccc(OC(C)C)nc2C)nc1,1,8.82,2017,ChEMBL
Cc1ccc([C@H]2C[C@@H]2COc2nc(C)ncc2-c2ccc3ncc(C)n3c2)nc1,1,9.41,2017,ChEMBL
Cc1ccc([C@H]2C[C@@H]2COc2nc(C)ncc2-c2ccc3nccn3c2)nc1,1,9.2,2017,ChEMBL
Cc1ccc([C@H]2C[C@@H]2COc2nc(C)ncc2-c2cccc(C(C)C)c2)nc1,1,8.67,2017,ChEMBL
Cc1ccc([C@H]2C[C@@H]2COc2nc(C)ncc2-c2cccc(C(F)(F)F)c2)nc1,1,9.08,2017,ChEMBL
Cc1ccc([C@H]2C[C@@H]2COc2nc(C)ncc2-c2cccc(OC(C)C)c2)nc1,1,9.52,2017,ChEMBL
Cc1ccc([C@H]2C[C@@H]2COc2nc(C)ncc2-c2ccccc2OC(F)(F)F)nc1,1,8.5,2017,ChEMBL
Cc1ccc([C@H]2C[C@@H]2COc2nc(C)ncc2-c2cccn3ccnc23)nc1,1,7.43,2017,ChEMBL
Cc1ccc([C@H]2C[C@@H]2COc2nc(C)ncc2-c2cccoc2=O)nc1,1,7.65,2017,ChEMBL
Cc1ccc([C@H]2C[C@@H]2COc2nc(C)ncc2-c2ccn(C(C)C)c(=O)c2)nc1,1,8.92,2016,ChEMBL
Cc1ccc([C@H]2C[C@@H]2COc2nc(C)ncc2-c2ccn(C(F)F)c(=O)c2)nc1,1,8.74,2016,ChEMBL
Cc1ccc([C@H]2C[C@@H]2COc2nc(C)ncc2-c2ccn(C)c(=O)c2)nc1,1,8.76,2016,ChEMBL
Cc1ccc([C@H]2C[C@@H]2COc2nc(C)ncc2-c2ccn(C3CC3)c(=O)c2)nc1,1,9.03,2016,ChEMBL
Cc1ccc([C@H]2C[C@@H]2COc2nc(C)ncc2-c2ccn(CC#N)c(=O)c2)nc1,1,8.97,2016,ChEMBL
Cc1ccc([C@H]2C[C@@H]2COc2nc(C)ncc2-c2ccn(CC(F)(F)F)c(=O)c2)nc1,1,9.13,2016,ChEMBL
Cc1ccc([C@H]2C[C@@H]2COc2nc(C)ncc2-c2ccn(CC(F)F)c(=O)c2)nc1,1,8.74,2016,ChEMBL
Cc1ccc([C@H]2C[C@@H]2COc2nc(C)ncc2-c2ccn(CCC#N)c(=O)c2)nc1,1,8.8,2016,ChEMBL
Cc1ccc([C@H]2C[C@@H]2COc2nc(C)ncc2-c2ccn(CCO)c(=O)c2)nc1,1,9.0,2016,ChEMBL
Cc1ccc([C@H]2C[C@@H]2COc2nc(C)ncc2-c2ccncc2C(F)(F)F)nc1,1,9.23,2017,ChEMBL
Cc1ccc([C@H]2C[C@@H]2COc2nc(C)ncc2-c2ccncc2C)nc1,1,9.4,2017,ChEMBL
Cc1ccc([C@H]2C[C@@H]2COc2nc(C)ncc2-c2cn(C)c(=O)cn2)nc1,1,7.89,2016,ChEMBL
Cc1ccc([C@H]2C[C@@H]2COc2nc(C)ncc2-c2cn(C)nc2C(O)C(F)F)nc1,1,8.83,2017,ChEMBL
Cc1ccc([C@H]2C[C@@H]2COc2nc(C)ncc2-c2cnc(C)cc2C)nc1,1,9.06,2017,ChEMBL
Cc1ccc([C@H]2C[C@@H]2COc2nc(C)ncc2-c2cnc3[nH]ncc3c2)nc1,1,9.43,2017,ChEMBL
Cc1ccc([C@H]2C[C@@H]2COc2nc(C)ncc2-c2cncnc2)nc1,1,8.59,2017,ChEMBL
Cc1ccc([C@H]2C[C@@H]2COc2nc(C)ncc2-c2cnn(C)c(=O)c2)nc1,1,8.2,2016,ChEMBL
Cc1ccc([C@H]2C[C@@H]2COc2nc(C)ncc2-c2cnnc(Br)c2)nc1,1,8.36,2017,ChEMBL
Cc1ccc([C@H]2C[C@@H]2COc2nc(C)ncc2-c2cnnc(C)c2)nc1,1,8.52,2017,ChEMBL
Cc1ccc([C@H]2C[C@@H]2COc2nc(C)ncc2-c2cnsc2)nc1,1,8.7,2017,ChEMBL
Cc1ccc([C@H]2C[C@@H]2COc2nc(C)ncc2-c2nn(C)c(=O)cc2C)nc1,1,8.01,2016,ChEMBL
Cc1ccc([C@H]2C[C@@H]2COc2nc(C)ncc2C2=CC(=O)OC2)nc1,1,7.86,2017,ChEMBL
Cc1ccc([C@H]2C[C@@H]2COc2nc(C)ncc2C2=CCOCC2)nc1,1,8.71,2017,ChEMBL
Cc1ccc([C@H]2C[C@@H]2COc2nc(C)ncc2C2CCC(=O)CC2)nc1,1,8.43,2017,ChEMBL
Cc1ccc([C@H]2C[C@@H]2COc2nc(C)ncc2C2CCC3(CC2)OCCO3)nc1,1,8.55,2017,ChEMBL
Cc1ccc([C@H]2C[C@@H]2COc2nc(C)ncc2C2CCCCC2)nc1,1,8.64,2017,ChEMBL
Cc1ccc([C@H]2C[C@@H]2COc2nc(C)ncc2[C@H]2CC[C@@H](C(C)(C)O)CC2)nc1,1,7.9,2017,ChEMBL
Cc1ccc([C@H]2C[C@@H]2COc2nc(C)ncc2[C@H]2CC[C@@](C)(O)CC2)nc1,1,7.91,2017,ChEMBL
Cc1ccc([C@H]2C[C@@H]2COc2nc(C)ncc2[C@H]2CC[C@](C)(O)CC2)nc1,1,8.16,2017,ChEMBL
Cc1ccc([C@H]2C[C@@H]2COc2nc(N)nc(NCc3nnc(C)s3)c2C#N)nc1,1,8.8,2015,ChEMBL
Cc1ccc2[nH]c(CCN3C(=O)c4cccc5cccc(c45)C3=O)nc2c1,1,8.68,2019,ChEMBL
Cc1ccc2[nH]c(CCc3coc4ccc(Cl)cc4c3=O)nc2c1,1,6.95,2021,ChEMBL
Cc1ccc2c(=O)n(-c3ccc(OC[18F])cc3)c(CCN3C(=O)c4cccc(OC(C)C)c4C3=O)nc2c1,1,10.01,2021,ChEMBL
Cc1ccc2c(=O)n(-c3ccc(O[11CH3])cc3)c(CCN3C(=O)c4cccc(OC(C)C)c4C3=O)nc2n1,1,10.0,2012,ChEMBL
Cc1ccc2c(=O)n(-c3ccc4c(cnn4C)c3)c(CCN3C(=O)c4ccccc4C3=O)nc2c1,1,10.6,2015,ChEMBL
Cc1ccc2c(=O)n(-c3ccc4cn[nH]c4c3)c(CCN3C(=O)c4cccc(OC(C)C)c4C3=O)nc2c1,1,10.0,2014,ChEMBL
Cc1ccc2c(=O)n(-c3ccc4cnn(C)c4c3)c(CCN3C(=O)c4cccc(OC(C)C)c4C3=O)nc2c1,1,10.62,2014,ChEMBL
Cc1ccc2c(=O)n(-c3ccc4cnn(CC[18F])c4c3)c(CCN3C(=O)c4cccc(OC(C)C)c4C3=O)nc2c1,1,10.54,2021,ChEMBL
Cc1ccc2c(c1)nc(/C=C/c1cccc3cccnc13)n2-c1cccc(OCCCN2CCN(C)CC2)c1,1,8.55,2025,ChEMBL
Cc1ccc2c(c1)nc(/C=C/c1cccc3cccnc13)n2-c1cccc(OCCCN2CCN(C)CC2)c1.Cl.Cl.Cl,1,8.55,2024,ChEMBL
Cc1ccc2c(c1)nc(C1CN(c3ccc4ccccc4n3)C1)n2-c1ccccc1,1,7.97,2025,ChEMBL
Cc1ccc2c(c1)nc(C1CN(c3cnc4ccccc4n3)C1)n2-c1ccccc1,1,7.13,2025,ChEMBL
Cc1ccc2c(c1)nc(C1CN(c3nc(Cl)nc4ccccc34)C1)n2-c1ccccc1,1,7.51,2025,ChEMBL
Cc1ccc2c(c1)nc(CCN1C(=O)c3cccc4cccc(c34)C1=O)n2-c1ccccc1,1,9.12,2019,ChEMBL
Cc1ccc2c(c1)nc(CCN1C(=O)c3cccc4cccc(c34)C1=O)n2-c1ccncc1,1,9.36,2019,ChEMBL
Cc1ccc2c(c1)nc(CCN1C(=O)c3cccc4cccc(c34)C1=O)n2C1CCOCC1,1,7.92,2019,ChEMBL
Cc1ccc2c(c1)nc(CCNC(=O)c1c(C(=O)N3CCC3)cnn1C)n2C,1,7.46,2014,ChEMBL
Cc1ccc2c(c1)nc(CCc1coc3ccc(Br)cc3c1=O)n2-c1ccccc1,1,7.77,2022,ChEMBL
Cc1ccc2c(c1)nc(CCc1coc3ccc(Cl)cc3c1=O)n2-c1ccccc1,1,7.715,2022,ChEMBL
Cc1ccc2c(c1)nc(CCc1coc3ccc(F)cc3c1=O)n2-c1ccccc1,1,7.77,2022,ChEMBL
Cc1ccc2c(c1)nc(CCc1coc3ccc(I)cc3c1=O)n2-c1ccccc1,1,7.77,2022,ChEMBL
Cc1ccc2c(c1)nc(CCc1coc3ccccc3c1=O)n2-c1ccccc1,1,7.28,2021,ChEMBL
Cc1ccc2c(c1)nc(CCc1coc3ccccc3c1=O)n2Cc1cncs1,1,6.3,2021,ChEMBL
Cc1ccc2c(c1)nc(CCc1coc3ccccc3c1=O)n2Cc1nccs1,1,6.3,2024,ChEMBL
Cc1ccc2c(c1)nc(CCc1nc(C)c3ccccn13)n2-c1ccccc1,1,6.23,2014,ChEMBL
Cc1ccc2c(c1)nc(CCc1nc(C)c3cccnn13)n2-c1ccccc1,1,8.04,2014,ChEMBL
Cc1ccc2c(c1)nc(CCc1nc(C)c3ncccn13)n2-c1ccccc1,1,6.68,2014,ChEMBL
Cc1ccc2c(c1)nc(CCc1ncc3cccnn13)n2-c1ccccc1,1,7.04,2014,ChEMBL
Cc1ccc2c(c1)nc(CCn1c(=O)c(C)nc3cccnc31)n2-c1ccccc1,1,7.55,2014,ChEMBL
Cc1ccc2c(c1)nc(CCn1c(=O)n(C)c3cccnc31)n2-c1ccccc1,1,8.04,2014,ChEMBL
Cc1ccc2c(c1)nc(CCn1nc(C)c3cccnc31)n2-c1ccccc1,1,8.08,2014,ChEMBL
Cc1ccc2c(c1)nc1n2CCN1C(=O)Cc1nc2nc(C)cc(C)n2n1,1,6.36,2019,ChEMBL
Cc1ccc2c(n1)CCN(c1ncnn3c(C)nc([C@@H]4CCOC4)c13)C2,1,9.55,2015,ChEMBL
Cc1ccc2c(n1)CN(c1ncnn3c(C)nc([C@@H]4CCOC4)c13)CC2,1,9.27,2015,ChEMBL
Cc1ccc2ccc(CCc3cn4ccc5ncccc5c4n3)nc2n1,1,6.12,2020,ChEMBL
Cc1ccc2ccc(CCc3nc4c5cccnc5ccn4c3C)nc2n1,1,6.12,2020,ChEMBL
Cc1ccc2nc(C(=O)N3CC(c4nccnc4-c4ccccc4)C3)[nH]c2c1,1,7.41,2017,ChEMBL
Cc1ccc2nc(C)c3nnc(-c4cc(C(O)C(C)C)ccc4Cl)n3c2n1,1,6.03,2015,ChEMBL
Cc1ccc2nc(C)c3nnc(-c4cc(C5(O)CCC5)ccc4Cl)n3c2n1,1,6.73,2015,ChEMBL
Cc1ccc2nc(C)c3nnc(-c4cc(C5(O)CCC5)ccc4F)n3c2n1,1,6.31,2015,ChEMBL
Cc1ccc2nc(C)c3nnc(-c4cc(CO)ccc4Cl)n3c2n1,1,6.54,2015,ChEMBL
Cc1ccc2nc(C)c3nnc(-c4cc(O)ccc4Cl)n3c2n1,1,7.44,2015,ChEMBL
Cc1ccc2nc(C)c3nnc(-c4cc(OCCCO)ccc4Cl)n3c2n1,1,6.015,2015,ChEMBL
Cc1ccc2nc(C)c3nnc(-c4cc(OCCO)ccc4Cl)n3c2n1,1,6.52,2015,ChEMBL
Cc1ccc2nc(C)c3nnc(-c4cccc(O)c4)n3c2n1,1,6.39,2015,ChEMBL
Cc1ccc2nc(C)c3nnc(-c4cccc(OCCCO)c4)n3c2n1,1,6.07,2015,ChEMBL
Cc1ccc2nc(C3CC3c3cc(-n4nc(C)nc4C)nc(C)n3)[nH]c2c1,1,7.46,2015,ChEMBL
Cc1ccc2nc(C3CN(c4cc(-n5nc(C)nc5C)nc(C)n4)C3)[nH]c2c1,1,7.41,2016,ChEMBL
Cc1ccc2nc(CCc3nc(-c4ccccc4)cn3C)n3nc(C)cc3c2c1,1,7.8,2011,ChEMBL
Cc1ccc2nc(CCc3nc(N4CCCC4)nn3C)nn2c1C,1,7.99,2016,ChEMBL
Cc1ccc2nc(CSc3nc(-c4ccccc4)cn3C)n3nc(C)cc3c2c1,1,7.12,2011,ChEMBL
Cc1ccc2nc(N3CC(c4nccnc4N4CCC(CO)CC4)C3)ccc2c1,1,8.93,2017,ChEMBL
Cc1ccc2nc(SCC#N)n3nc(C)nc3c2c1,1,6.34,2011,ChEMBL
Cc1ccc2nc([C@@H]3C[C@H]3c3cc(-n4nc(C)nc4C)nc(C)n3)cn2c1,1,7.62,2016,ChEMBL
Cc1ccc2nc3n(c2c1)CCN3C(=O)Cc1nc2nc(C)cc(C)n2n1,1,6.38,2019,ChEMBL
Cc1cccc(-c2cc(N3CC(c4nc5ccccc5n4C)C3)nc(C)n2)n1,1,8.26,2016,ChEMBL
Cc1cccc(-c2cccnc2C2CN(c3ccc4ccccc4n3)C2)c1,1,8.21,2017,ChEMBL
Cc1cccc(-c2cnc(C)nc2OC[C@H]2C[C@@H]2c2ccc3ccccc3n2)c1,1,9.095,2017,ChEMBL
Cc1cccc(-c2cnn(C)c2C(=O)NC2CCn3nc(-c4ccccc4)nc3C2)n1,1,7.28,2017,ChEMBL
Cc1cccc(-c2cnn(C)c2C(=O)NC2CCn3nc(N4CCCC4)nc3C2)n1,1,7.28,2017,ChEMBL
Cc1cccc(-c2nc3ccccc3nc2C2CN(c3ccc4ccccc4n3)C2)c1,1,8.4,2017,ChEMBL
Cc1cccc(-c2nccnc2C2CN(C(=O)c3nc4ccccc4[nH]3)C2)c1,1,7.83,2017,ChEMBL
Cc1cccc(-c2nccnc2C2CN(c3ccc4ccccc4n3)C2)c1,1,8.75,2017,ChEMBL
Cc1cccc(-c2nccnc2C2CN(c3cnc4ccccc4n3)C2)c1,1,7.68,2017,ChEMBL
Cc1cccc(-c2nccnc2C2CN(c3nc4ccccc4s3)C2)c1,1,7.5,2017,ChEMBL
Cc1cccc(-c2nccnc2C2CN(c3ncc4ccccc4n3)C2)c1,1,7.92,2017,ChEMBL
Cc1cccc(C#Cc2ccc(-c3c(-c4ccncc4)nc4n3CCC4)cc2)n1,1,6.82,2017,ChEMBL
Cc1cccc(C#Cc2ccc(-c3nn(C)cc3-c3cccnc3)cc2)n1,1,6.43,2017,ChEMBL
Cc1cccc(C#Cc2ccc(-c3nn(C)cc3-c3ccnn3C)cc2)n1,1,6.82,2017,ChEMBL
Cc1cccc(C#Cc2ccc(-c3nn(C)cc3-c3cn[nH]c3)cc2)n1,1,6.5649999999999995,2018,ChEMBL
Cc1cccc(C#Cc2ccc(-c3nn(C)cc3-c3cncnc3)cc2)n1,1,6.82,2017,ChEMBL
Cc1cccc(C(=O)Nc2cc(-c3nc4ccccc4[nH]3)[nH]n2)c1Cl,1,6.55,2016,ChEMBL
Cc1cccc(C)c1NC(=O)C1CCCN(c2nccnc2C2CN(c3ccc4ccccc4n3)C2)C1,1,8.0,2017,ChEMBL
Cc1cccc(N2CC(c3nccnc3N3CCC(CO)CC3)C2)n1,1,6.66,2017,ChEMBL
Cc1cccc([C@H]2C[C@@H]2COc2cc(NCc3ccccn3)c(=O)n(C)n2)n1,1,8.47,2016,ChEMBL
Cc1cccc([C@H]2C[C@@H]2COc2cc(NCc3cccnc3)c(=O)n(C)n2)n1,1,8.89,2016,ChEMBL
Cc1cccc([C@H]2C[C@@H]2COc2cc(NCc3cnn(C)c3)c(=O)n(C)n2)n1,1,10.05,2016,ChEMBL
Cc1cccc([C@H]2C[C@@H]2COc2cc(NCc3ncc(C)s3)c(=O)n(C)n2)n1,1,10.43,2016,ChEMBL
Cc1cccc([C@H]2C[C@@H]2COc2cc(NCc3nnc(C)s3)c(=O)n(C)n2)n1,1,10.48,2016,ChEMBL
Cc1cccc([C@H]2C[C@@H]2COc2nc(C)ncc2-c2ccc(C(C)(C)O)nc2)n1,1,8.765,2017,ChEMBL
Cc1cccc([C@H]2C[C@@H]2COc2nc(C)ncc2-c2cn(C)nc2C(C)O)n1,1,8.945,2017,ChEMBL
Cc1cccc([C@H]2C[C@@H]2COc2nc(C)ncc2C2CCC(=O)CC2)n1,1,7.73,2017,ChEMBL
Cc1cccc([C@H]2C[C@@H]2COc2nc(C)ncc2C2CCC3(CC2)OCCO3)n1,1,8.18,2017,ChEMBL
Cc1cccc2ccc(N3CC(c4nccnc4N4CCC(CO)CC4)C3)nc12,1,6.35,2017,ChEMBL
Cc1cccc2nc(/C=C/c3nc(-c4ccco4)cn3COCC[Si](C)(C)C)nn12,1,7.34,2015,ChEMBL
Cc1cccc2nc(C(=O)N3CC(c4nccnc4-c4ccccc4)C3)[nH]c12,1,7.41,2017,ChEMBL
Cc1cccc2nc(CCc3cn4c(n3)-c3ccccc3C4)nn12,1,8.21,2015,ChEMBL
Cc1cccc2nc(CCc3nc(-c4ccccc4)c[nH]3)nn12,1,8.55,2017,ChEMBL
Cc1cccc2nc(CCc3nc(-c4ccccc4)cn3C(C)C)nn12,1,7.64,2017,ChEMBL
Cc1cccc2nc(CCc3nc(-c4ccccc4)cn3C)nn12,1,7.85,2017,ChEMBL
Cc1cccc2nc(CCc3nc(-c4ccccc4)cn3CC(C)C)nn12,1,8.8,2017,ChEMBL
Cc1cccc2nc(CCc3nc(-c4ccccc4)cn3CCC3CCCCN3)nn12,1,8.89,2015,ChEMBL
Cc1cccc2nc(CCc3nc(-c4ccccc4)cn3CCCC3CCCNC3)nn12,1,7.6,2015,ChEMBL
Cc1cccc2nc(CCc3nc(-c4ccccc4)cn3CCCN3CCCCC3)nn12,1,7.6,2017,ChEMBL
Cc1cccc2nc(CCc3nc(-c4ccccc4)cn3CCN(C(C)C)C(C)C)nn12,1,8.14,2017,ChEMBL
Cc1cccc2nc(CCc3nc(-c4ccccc4)cn3CCN3CCCCC3)nn12,1,8.89,2017,ChEMBL
Cc1cccc2nc(CCc3nc(-c4ccccc4)cn3CCN3CCN(C)C3=O)nn12,1,8.55,2017,ChEMBL
Cc1cccc2nc(CCc3nc(-c4ccccc4)cn3CCN3CCOCC3)nn12,1,8.09,2017,ChEMBL
Cc1cccc2nc(CCc3nc(-c4cccnc4)c[nH]3)nn12,1,8.02,2015,ChEMBL
Cc1cccc2nc(CCc3nc(-c4cccnc4)cn3C)nn12,1,7.15,2015,ChEMBL
Cc1cccc2nc(CCc3nc(-c4cccs4)c[nH]3)nn12,1,9.27,2015,ChEMBL
Cc1cccc2nc(CCc3nc(-c4cccs4)cn3C)nn12,1,8.04,2015,ChEMBL
Cc1cccc2nc(CCc3nc(-c4cccs4)cn3C[C@@H](O)CCl)nn12,1,8.55,2015,ChEMBL
Cc1cccc2nc(CCc3nc(-c4cccs4)cn3C[C@@H](O)CN(C)C(C)C)nn12,1,7.01,2015,ChEMBL
Cc1cccc2nc(CCc3nc(-c4cccs4)cn3C[C@@H](O)CN(C)C)nn12,1,7.33,2015,ChEMBL
Cc1cccc2nc(CCc3nc(-c4cccs4)cn3C[C@@H](O)CN(C)CC#N)nn12,1,8.06,2015,ChEMBL
Cc1cccc2nc(CCc3nc(-c4cccs4)cn3C[C@@H](O)CN(C)CCO)nn12,1,7.8,2015,ChEMBL
Cc1cccc2nc(CCc3nc(-c4cccs4)cn3C[C@@H](O)CN3CCCC3)nn12,1,7.24,2015,ChEMBL
Cc1cccc2nc(CCc3nc(-c4cccs4)cn3C[C@@H](O)CN3CCOCC3)nn12,1,7.85,2015,ChEMBL
Cc1cccc2nc(CCc3nc(-c4cccs4)cn3C[C@@H](O)CNC(C)C)nn12,1,7.34,2015,ChEMBL
Cc1cccc2nc(CCc3nc(-c4cccs4)cn3C[C@@H](O)CNCCO)nn12,1,7.52,2015,ChEMBL
Cc1cccc2nc(CCc3nc(-c4cccs4)cn3[C@@H](C)CO)nn12,1,8.19,2015,ChEMBL
Cc1cccc2nc(CCc3nc(-c4ccsc4)c[nH]3)nn12,1,8.24,2015,ChEMBL
Cc1cccc2nc(CCc3nc(-c4cncs4)cn3C)nn12,1,7.41,2015,ChEMBL
Cc1cccc2nc(CCc3nc(N4CCCC4)nn3C)nn12,1,7.25,2016,ChEMBL
Cc1cccc2nc(CCc3nc4c5cccnc5ccn4n3)nn12,1,7.26,2020,ChEMBL
Cc1cccc2nc(CSc3nc(-c4ccccc4)cn3C)cn12,1,6.32,2017,ChEMBL
Cc1ccccc1-c1[nH]c(=O)ccc1-c1ccc(OCc2ccc3ccccc3n2)cc1,1,8.3,2015,ChEMBL
Cc1ccccc1-c1nc(C)c2c(C)nc3c(O)cc(F)cc3n12,1,7.19,2011,ChEMBL
Cc1ccccc1-c1nc(C)c2c(C)nc3c(OC(F)F)cc(F)cc3n12,1,8.72,2011,ChEMBL
Cc1ccccc1-c1nc(C)c2c(C)nc3c(OCC(F)(F)F)cc(F)cc3n12,1,7.94,2011,ChEMBL
Cc1ccccc1-c1nc(C)c2c(C)nc3c(OCC4CC4)cc(F)cc3n12,1,6.99,2011,ChEMBL
Cc1ccccc1-c1nc(C)c2c(C)nc3ccc(F)cc3n12,1,7.84,2011,ChEMBL
Cc1ccccc1-c1nc2ccc(-c3nc4c(C)ncc(C)n4n3)cc2[nH]1,1,6.62,2018,ChEMBL
Cc1ccccc1-c1nccnc1C1CN(c2ncc3ccccc3n2)C1,1,7.75,2017,ChEMBL
Cc1ccccc1-c1nnc2c(C)nc3ccc(Cl)cc3n12,1,7.04,2017,ChEMBL
Cc1cccn2c(=O)n(CCc3ccc4ccccc4n3)nc12,1,7.13,2016,ChEMBL
Cc1cccn2cc(CCNC(=O)c3c(C(=O)N4CCC4)cnn3C)nc12,1,6.38,2014,ChEMBL
Cc1cccn2cc(CSc3nc(-c4ccccc4)c[nH]3)nc12,1,6.43,2017,ChEMBL
Cc1cccn2cc(CSc3nc(-c4ccccc4)cn3C)nc12,1,6.64,2017,ChEMBL
Cc1cccn2nc(CCc3nc(-c4ccccc4)cn3C)nc12,1,7.92,2017,ChEMBL
Cc1cccn2nc(CCc3nc(-c4ccccc4)cn3CCN3CCOCC3)nc12,1,8.09,2017,ChEMBL
Cc1cccn2nc(CCc3nc(-c4cccnc4)c[nH]3)nc12,1,7.19,2015,ChEMBL
Cc1cccn2nc(CCc3nc(-c4cccnc4)cn3C)nc12,1,7.12,2015,ChEMBL
Cc1cccn2nc(CCc3nc(-c4cccs4)c[nH]3)nc12,1,9.0,2015,ChEMBL
Cc1cccn2nc(CCc3nc(-c4cccs4)cn3C)nc12,1,7.82,2015,ChEMBL
Cc1cccn2nc(CCc3nc(-c4cncs4)cn3C)nc12,1,7.44,2015,ChEMBL
Cc1cccnc1-c1cnn(C)c1C(=O)NC1CCn2nc(-c3ccccc3)nc2C1,1,7.28,2017,ChEMBL
Cc1cccnc1C(=O)N1CC(c2nccnc2-c2ccccc2)C1,0,4.92,2017,ChEMBL
Cc1cccnc1N[C@H]1CC[C@H](Oc2ncccc2C2CCOCC2)CC1,1,7.34,2015,ChEMBL
Cc1ccn2c(C)c(C3CC3c3nc4c(C)ncc(C)n4n3)nc2c1,1,6.52,2020,ChEMBL
Cc1ccn2cc([C@@H]3C[C@H]3c3cc(-n4nc(C)nc4C)nc(C)n3)nc2c1,1,7.36,2016,ChEMBL
Cc1ccn2nc(CCc3nc(N4CCCC4)n(C)n3)nc2c1C,1,8.14,2016,ChEMBL
Cc1ccn2nc(CCc3nc(N4CCCC4)nn3C)nc2c1C,1,8.35,2016,ChEMBL
Cc1ccn2nc(CCc3nc(N4CCCC4)nn3C)nc2c1[N+](=O)[O-],1,7.02,2016,ChEMBL
Cc1ccn2nc(SCc3nc(-c4ccccc4)cn3C)nc2c1,1,6.77,2017,ChEMBL
Cc1ccnc(-c2cnc(C)nc2OC[C@H]2CC2c2ccc3ccccc3n2)c1,1,9.92,2017,ChEMBL
Cc1ccnc(-c2cnn(C)c2C(=O)NC2CCn3cc(-c4cccc(F)c4)nc3C2)n1,1,7.28,2017,ChEMBL
Cc1ccnc(-c2cnn(C)c2C(=O)NC2CCn3cc(-c4ccccc4)nc3C2)n1,1,7.28,2017,ChEMBL
Cc1ccnc(-c2cnn(C)c2C(=O)NC2CCn3nc(-c4ccccc4)nc3C2)c1,1,7.28,2017,ChEMBL
Cc1ccnc(C2CC2COc2nc(Cl)c(C)c(NCc3sc(C)nc3C)n2)c1,1,11.0,2016,ChEMBL
Cc1ccnc(N[C@H]2CC[C@H](Oc3ncccc3C3CCOCC3)CC2)c1,1,6.82,2015,ChEMBL
Cc1ccnc([C@H]2C[C@@H]2COc2nc(C)ncc2-c2ccc(C(C)(C)O)nc2)c1,1,8.435,2017,ChEMBL
Cc1ccnc([C@H]2C[C@@H]2COc2nc(C)ncc2-c2cn(C)nc2C(C)O)c1,1,8.684999999999999,2017,ChEMBL
Cc1ccnc([C@H]2C[C@@H]2COc2nc(C)ncc2C2CCC(=O)CC2)c1,1,7.51,2017,ChEMBL
Cc1ccnc([C@H]2C[C@@H]2COc2nc(C)ncc2C2CCC3(CC2)OCCO3)c1,1,7.77,2017,ChEMBL
Cc1ccncc1-c1nc(C)c2c(C)nc3c(F)cc(F)cc3n12,1,7.1,2011,ChEMBL
Cc1ccncc1-c1nc(C)c2c(C)nc3ccc(C(F)(F)F)cc3n12,1,7.45,2011,ChEMBL
Cc1ccncc1-c1nc(C)c2c(C)nc3ccc(Cl)cc3n12,1,7.54,2011,ChEMBL
Cc1ccncc1-c1nc(C)c2c(C)nc3ccc(F)cc3n12,1,6.8,2011,ChEMBL
Cc1ccncc1-c1nc(C)c2c(C)nc3ccc(OC(F)(F)F)cc3n12,1,7.34,2011,ChEMBL
Cc1ccncc1-c1nc(C)c2c(C)nc3ccccc3n12,1,6.95,2011,ChEMBL
Cc1ccncc1-c1nccnc1C1CN(c2ccc3ccccc3n2)C1,1,10.585,2017,ChEMBL
Cc1ccncc1NC(=O)N1CCc2nc(-c3ccc(C(F)(F)F)nc3)nc(OC(C)C)c2C1,1,6.61,2012,ChEMBL
Cc1ccncc1NC(=O)N1CCc2nc(-c3ccc(Cl)nc3)nc(OC(C)C)c2C1,1,9.22,2012,ChEMBL
Cc1ccncc1NC(=O)N1CCc2nc(-c3ccc(F)nc3)nc(OC(C)C)c2C1,1,8.52,2012,ChEMBL
Cc1ccncc1NC(=O)N1CCc2nc(-c3ccc(O)nc3)nc(OC(C)C)c2C1,1,7.2,2012,ChEMBL
Cc1ccncc1NC(=O)N1CCc2nc(-c3cccnc3)nc(OC(C)C)c2C1,1,8.1,2012,ChEMBL
Cc1cn(-c2cc(N3CC(c4nc5ccccc5n4C)C3)nc(C(F)(F)F)n2)nn1,1,8.25,2016,ChEMBL
Cc1cn(-c2cc(N3CC(c4nc5ccccc5n4C)C3)nc(C)n2)nn1,1,8.51,2016,ChEMBL
Cc1cn(-c2cc(N3CC(c4nc5ccccc5n4C)C3)nc(C3CC3)n2)nn1,1,8.96,2016,ChEMBL
Cc1cn(-c2ccccc2)nc1CCNC(=O)c1c(C(=O)N2CCC2)cnn1C,1,7.84,2014,ChEMBL
Cc1cn(-c2nccnc2C2CN(c3ccc4ccccc4n3)C2)cn1,1,8.3,2017,ChEMBL
Cc1cn2nc(C#Cc3nc(N4CCCC4)nn3C)ccc2n1,1,7.99,2017,ChEMBL
Cc1cn2nc(C)c(C)c2nc1C#Cc1nc(N2CCCC2)nn1C,1,8.18,2017,ChEMBL
Cc1cn2nc(C)c(C)c2nc1CCc1nc(N2CCCC2)nn1C,1,7.12,2017,ChEMBL
Cc1cn2nc(CCc3nc(N4CCCC4)nn3C)ccc2n1,1,6.84,2017,ChEMBL
Cc1cn2nc(OCc3cccc(N4CCCC4)n3)ccc2n1,1,6.58,2017,ChEMBL
Cc1cn2nc(OCc3nc(-c4ccccc4)cn3C)ccc2n1,1,6.88,2019,ChEMBL
Cc1cn2nccc2nc1-c1cc2nc(N3CCCC3)cc(NCC(C)(C)O)n2n1,1,8.6,2015,ChEMBL
Cc1cnc(-c2nc(C)nn2-c2cc(N3CC(c4nc5ccccc5n4C)C3)nc(C)n2)cn1,1,7.58,2016,ChEMBL
Cc1cnc(-c2nc3ccc(-c4nc5c(C)ncc(C)n5n4)cc3[nH]2)s1,1,6.7,2018,ChEMBL
Cc1cnc(C)c(-c2cnn(C)c2C(=O)NC2CCn3nc(-c4ccccc4)nc3C2)n1,1,7.28,2017,ChEMBL
Cc1cnc(C)n2nc(/C=C/c3nc(N4CCC4)nn3C)nc12,1,7.13,2016,ChEMBL
Cc1cnc(C)n2nc(/C=C/c3nc(N4CCCC4=O)cn3-c3ccccc3)nc12,1,7.71,2017,ChEMBL
Cc1cnc(C)n2nc(CCc3ccc4cc(C(C)C)ccc4n3)nc12,1,7.465,2017,ChEMBL
Cc1cnc(C)n2nc(CCc3nc(-c4ccccc4)cn3C)nc12,1,8.14,2017,ChEMBL
Cc1cnc(C)n2nc(CCc3nc(-c4nccs4)cn3C)nc12,1,7.92,2015,ChEMBL
Cc1cnc(C)n2nc(CCc3nc(N4CCCC4)nn3C)nc12,1,8.09,2016,ChEMBL
Cc1cnc(C)n2nc(CCc3nc(N4CCCC4=O)cn3-c3ccccc3)nc12,1,8.49,2017,ChEMBL
Cc1cnc(C)n2nc(CCc3nc(N4CCCC4=O)cn3C)nc12,1,7.41,2017,ChEMBL
Cc1cnc(C)n2nc(CCc3nc(N4CCCC4=O)cn3CC(F)(F)F)nc12,1,6.78,2017,ChEMBL
Cc1cnc(C)n2nc(CCc3nc(N4CCCC4=O)cn3CC(F)F)nc12,1,7.57,2017,ChEMBL
Cc1cnc(C)n2nc(CCc3nc(N4CCCC4=O)cn3CC3CC3)nc12,1,7.83,2017,ChEMBL
Cc1cnc(C)n2nc(CCc3nc(N4CCCC4C)nn3C)nc12,1,7.73,2016,ChEMBL
Cc1cnc(C)n2nc(CCc3nc(N4CCC[C@@H]4C(F)(F)F)nn3C)nc12,1,7.56,2016,ChEMBL
Cc1cnc(C)n2nc(CCc3nc(N4CCC[C@@H]4C)nn3C)nc12,1,8.05,2016,ChEMBL
Cc1cnc(C)n2nc(CCc3nc(N4CCC[C@H]4C)nn3C)nc12,1,6.88,2016,ChEMBL
Cc1cnc(C)n2nc(CCc3nc4c5cccnc5ccc4n3C)nc12,1,7.26,2020,ChEMBL
Cc1cnc(CNc2cc(OC[C@@H]3C[C@H]3c3nn(C)c4ccccc34)nn(C)c2=O)s1,1,9.93,2016,ChEMBL
Cc1cnc(CNc2cc(OC[C@H]3CC3c3ccn(C)n3)nn(C)c2=O)s1,1,10.01,2016,ChEMBL
Cc1cnc(CNc2cc(OC[C@H]3C[C@@H]3c3ccc(F)cn3)nn(C)c2=O)s1,1,9.75,2016,ChEMBL
Cc1cnc(CNc2cc(OC[C@H]3C[C@@H]3c3nn(C)c4ccccc34)nn(C)c2=O)s1,1,8.85,2016,ChEMBL
Cc1cnc(CO)c2nc(CCc3cn4c(n3)-c3ccccc3C4)nn12,1,8.16,2015,ChEMBL
Cc1cnc(COc2ccc(-c3nn(CCF)cc3-c3ccncc3)cc2)c(C)c1,1,9.01,2015,ChEMBL
Cc1cnc(COc2ccc(-c3nn(CC[18F])cc3-c3ccncc3)cc2)c(C)c1,1,8.7,2021,ChEMBL
Cc1cnc(Nc2cncnc2)c(C(=O)Nc2cc(-c3ccccn3)nn2C)n1,1,7.68,2013,ChEMBL
Cc1cnc(Nc2cncnc2)c(C(=O)Nc2cc(-c3ccccn3)nn2CCO)n1,1,8.4,2013,ChEMBL
Cc1cnc(OC[C@H]2C[C@@H]2c2ccccn2)cc1NCc1cnn(C)c1,1,8.11,2023,ChEMBL
Cc1cnc(Oc2ccc(C(=O)c3nc4ccccc4[nH]3)cc2)c(-c2ccnc(C)c2)c1,1,8.86,2014,ChEMBL
Cc1cnc(Oc2ccc(C(=O)c3nc4ccccc4n3C)cc2)c(-c2ccnc(C)c2)c1,1,8.94,2014,ChEMBL
Cc1cnc2c(-c3ccc(Oc4ncccc4-c4ccncc4)cc3)cn(C)c2c1,1,9.52,2014,ChEMBL
Cc1cnc2c(C(=O)NC3(c4ccc(Cl)cc4F)CCOCC3)c(C)nn2c1,1,6.26,2023,ChEMBL
Cc1cnc2c(C(=O)NC3(c4ccc(Cl)cc4F)CCOCC3)cnn2c1,0,4.91,2023,ChEMBL
Cc1cnc2c(c1)nc(C)c1nnc(-c3cc(O)ccc3Cl)n12,1,6.91,2015,ChEMBL
Cc1cnc2c(c1)nc(CCN1C(=O)c3cccc4cccc(c34)C1=O)n2-c1ccccc1,1,9.0,2019,ChEMBL
Cc1cnc2c(c1)nc(CCN1C(=O)c3cccc4cccc(c34)C1=O)n2-c1ccncc1,1,7.64,2019,ChEMBL
Cc1cnc2c(c1)nc(CCn1c(=O)n(C)c3cccnc31)n2-c1ccccc1,1,6.7,2014,ChEMBL
Cc1cncc(-c2cnn(C)c2C(=O)NC2CCn3cc(-c4cccc(F)c4)nc3C2)n1,1,7.28,2017,ChEMBL
Cc1cncc(-c2nccnc2C2CN(C(=O)c3nc4ccccc4[nH]3)C2)c1,1,6.71,2017,ChEMBL
Cc1cncc(-c2nccnc2C2CN(c3ccc4ccccc4n3)C2)c1,1,10.795,2017,ChEMBL
Cc1cncc2nc(CCc3nc(N4CCCC4)nn3C)nn12,1,6.6,2016,ChEMBL
Cc1cnccc1-c1nc(C)c2c(C)nc3c(Cl)cc(C(F)(F)F)cc3n12,1,9.15,2011,ChEMBL
Cc1cnccc1-c1nc(C)c2c(C)nc3c(F)cc(F)cc3n12,1,7.66,2011,ChEMBL
Cc1cnccc1-c1nc(C)c2c(C)nc3c(F)cc(OC(F)F)cc3n12,1,8.46,2011,ChEMBL
Cc1cnccc1-c1nc(C)c2c(C)nc3c(F)cc(OCC(F)(F)F)cc3n12,1,8.26,2011,ChEMBL
Cc1cnccc1-c1nc(C)c2c(C)nc3c(F)cc(OCC4CC4)cc3n12,1,8.24,2011,ChEMBL
Cc1cnccc1-c1nc(C)c2c(C)nc3ccc(C(F)(F)F)cc3n12,1,8.13,2011,ChEMBL
Cc1cnccc1-c1nc(C)c2c(C)nc3ccc(Cl)cc3n12,1,7.96,2011,ChEMBL
Cc1cnccc1-c1nc(C)c2c(C)nc3ccc(F)cc3n12,1,7.31,2011,ChEMBL
Cc1cnccc1-c1nc(C)c2c(C)nc3ccc(OC(F)(F)F)cc3n12,1,8.08,2011,ChEMBL
Cc1cnccc1-c1nccnc1O[C@H]1C[C@@H](Nc2nc3ccccc3s2)C1,1,8.37,2015,ChEMBL
Cc1cnccc1-c1nnc2c(C)nc3ccc(Cl)cc3n12,1,6.13,2017,ChEMBL
Cc1cnccc1-c1nnc2c(C)nc3ccccc3n12,1,6.03,2017,ChEMBL
Cc1cnn(-c2cc(N3CC(c4nc5ccccc5n4C)C3)nc(C(F)(F)F)n2)c1,1,8.92,2016,ChEMBL
Cc1cnn(-c2cc(N3CC(c4nc5ccccc5n4C)C3)nc(C(F)(F)F)n2)n1,1,8.92,2016,ChEMBL
Cc1cnn(-c2cc(N3CC(c4nc5ccccc5n4C)C3)nc(C)n2)c1,1,9.21,2016,ChEMBL
Cc1cnn(-c2cc(N3CC(c4nc5ccccc5n4C)C3)nc(C)n2)n1,1,8.77,2016,ChEMBL
Cc1cnn(-c2cc(N3CC(c4nc5ccccc5n4C)C3)nc(C3CC3)n2)c1,1,9.28,2016,ChEMBL
Cc1cnn(-c2cc(N3CC(c4nc5ccccc5n4C)C3)nc(C3CC3)n2)n1,1,9.27,2016,ChEMBL
Cc1cnn(-c2nccnc2C2CN(c3ccc4ccccc4n3)C2)c1,1,7.7,2017,ChEMBL
Cc1cnn(C)c1CNc1cc(OC[C@H]2C[C@@H]2c2ccn(C)n2)nn(C)c1=O,1,8.03,2016,ChEMBL
Cc1csc(-c2ccccn2)n1,0,3.49,2016,ChEMBL
Cc1csc(-c2cnn(C)c2C(=O)NC2CCn3nc(-c4ccccc4)nc3C2)n1,1,7.28,2017,ChEMBL
Cc1csc(-c2nc3ccc(-c4nc5c(C)ncc(C)n5n4)cc3[nH]2)n1,1,6.93,2018,ChEMBL
Cc1csc(-c2nccnc2C2CN(C(=O)c3nc4ccccc4[nH]3)C2)c1,1,7.89,2017,ChEMBL
Cc1cscc1-c1c[nH]c(CCc2nc3cccc(C)n3n2)n1,1,7.35,2015,ChEMBL
Cc1n[nH]c2nc3c(OC(F)(F)F)cc(Br)cc3c(CN3CCCOCC3)c12,1,7.43,2012,ChEMBL
Cc1n[nH]c2nc3ccc(C(F)(F)F)cc3c(CN3CCCOCC3)c12,1,6.98,2012,ChEMBL
Cc1n[nH]c2nc3ccc(Cl)cc3c(N3CCNCC3)c12,1,6.38,2012,ChEMBL
Cc1n[nH]c2nc3ccccc3c(N3CCNCC3)c12,1,6.26,2012,ChEMBL
Cc1nc(-c2cc(Cl)ccc2Cl)n2c1nnc1ccc(Cl)cc12,1,7.11,2012,ChEMBL
Cc1nc(-c2ccc(C#N)cn2)cc(N2CC(c3nc4ccccc4n3C)C2)n1,1,8.62,2016,ChEMBL
Cc1nc(-c2ccc(Cl)cn2)cc(N2CC(c3nc4ccccc4n3C)C2)n1,1,8.96,2016,ChEMBL
Cc1nc(-c2ccc3nc(-c4ccccc4)[nH]c3c2)nc2ccccc12,1,6.5,2018,ChEMBL
Cc1nc(-c2cccc(C(F)(F)F)n2)cc(N2CC(c3nc4ccccc4n3C)C2)n1,1,8.89,2016,ChEMBL
Cc1nc(-c2cccc(C(N)=O)c2)n2c1c(C)nc1scnc12,1,7.7,2019,ChEMBL
Cc1nc(-c2ccccc2)cc(N2CC(c3nc4ccccc4n3C)C2)n1,1,7.2,2016,ChEMBL
Cc1nc(-c2ccccc2)nn1CCNC(=O)c1c(C(=O)N2CCC2)cnn1C,1,6.87,2014,ChEMBL
Cc1nc(-c2ccccc2C(=O)O)cc(N2CC(c3nc4ccccc4n3C)C2)n1,1,7.72,2016,ChEMBL
Cc1nc(-c2ccccc2F)c2c(N3CCc4c(c(C(F)(F)F)nn4C)C3)ncnn12,1,8.89,2015,ChEMBL
Cc1nc(-c2ccccc2F)c2c(N3CCc4cc(C5CC5)ncc4C3)ncnn12,1,8.28,2015,ChEMBL
Cc1nc(-c2ccccc2F)c2c(N3CCc4ccc(C(F)(F)F)nc4C3)ncnn12,1,7.67,2015,ChEMBL
Cc1nc(-c2ccccc2F)c2c(N3CCc4ccc(C5CC5)nc4C3)ncnn12,1,8.22,2015,ChEMBL
Cc1nc(-c2ccccc2F)c2c(N3CCc4cnn(C(C)C)c4C3)ncnn12,1,9.18,2015,ChEMBL
Cc1nc(-c2ccccc2F)c2c(N3CCc4cnn(C)c4C3)ncnn12,1,8.440000000000001,2015,ChEMBL
Cc1nc(-c2ccccc2F)c2c(N3CCc4cnn(C5CC5)c4C3)ncnn12,1,9.0,2015,ChEMBL
Cc1nc(-c2ccccc2F)c2c(N3CCc4cnn(CC5CCC5)c4C3)ncnn12,1,8.71,2015,ChEMBL
Cc1nc(-c2ccccc2F)c2c(N3CCc4nc(C5CC5)n(C)c(=O)c4C3)ncnn12,1,8.88,2015,ChEMBL
Cc1nc(-c2ccccc2F)c2c(N3CCc4nc(C5CC5)nc(C(F)(F)F)c4C3)ncnn12,1,8.34,2015,ChEMBL
Cc1nc(-c2ccccc2F)c2c(N3CCc4nc(C5CC5)ncc4C3)ncnn12,1,8.23,2015,ChEMBL
Cc1nc(-c2ccccc2F)cc(N2CC(c3nc4ccccc4n3C)C2)n1,1,7.82,2016,ChEMBL
Cc1nc(-c2ccccc2O)cc(N2CC(c3nc4ccccc4n3C)C2)n1,1,7.52,2016,ChEMBL
Cc1nc(-c2ccccc2OC(F)F)cc(N2CC(c3nc4ccccc4n3C)C2)n1,1,7.66,2016,ChEMBL
Cc1nc(-c2ccccn2)cc(N2CC(c3nc4ccccc4n3C)C2)n1,1,8.74,2016,ChEMBL
Cc1nc(-c2cccnc2)cc(N2CC(c3nc4ccccc4n3C)C2)n1,1,7.12,2016,ChEMBL
Cc1nc(-c2cccnn2)cc(N2CC(c3nc4ccccc4n3C)C2)n1,1,7.96,2016,ChEMBL
Cc1nc(-c2ccn3cc(-c4ccccc4)nc3n2)nc2ccccc12,1,6.79,2018,ChEMBL
Cc1nc(-c2ccn3nc(-c4ccccc4)nc3c2)nc2ccccc12,1,6.05,2018,ChEMBL
Cc1nc(-c2ccncc2)cc(N2CC(c3nc4ccccc4n3C)C2)n1,1,7.34,2016,ChEMBL
Cc1nc(-c2ccncc2)n2c1sc1cc(OCc3ccc4ccccc4n3)ccc12,1,8.31,2013,ChEMBL
Cc1nc(-c2ccnnc2)n2c1sc1cc(OCc3ccc4ccccc4n3)ccc12,1,7.86,2013,ChEMBL
Cc1nc(-c2cnn(C)c2C(=O)NC2CCn3nc(-c4ccc(F)cc4)nc3C2)c(C)s1,1,7.28,2017,ChEMBL
Cc1nc(-c2cnn(C)c2C(=O)NC2CCn3nc(-c4ccc(F)cc4)nc3C2)sc1C1CC1,1,7.28,2017,ChEMBL
Cc1nc(-c2cnn(C)c2C(=O)NC2CCn3nc(-c4ccccc4)nc3C2)c(Br)s1,1,7.28,2017,ChEMBL
Cc1nc(-c2cnn(C)c2C(=O)NC2CCn3nc(-c4ccccc4)nc3C2)c(C(C)O)s1,1,7.28,2017,ChEMBL
Cc1nc(-c2cnn(C)c2C(=O)NC2CCn3nc(-c4ccccc4)nc3C2)c(C)s1,1,7.28,2017,ChEMBL
Cc1nc(-c2cnn(C)c2C(=O)NC2CCn3nc(-c4ccccc4)nc3C2)sc1C1CC1,1,7.28,2017,ChEMBL
Cc1nc(-c2ncco2)cc(N2CC(c3nc4ccccc4n3C)C2)n1,1,7.7,2016,ChEMBL
Cc1nc(-c2nccs2)cc(N2CC(c3nc4ccccc4n3C)C2)n1,1,8.66,2016,ChEMBL
Cc1nc(-n2nc(C)nc2C)cc(C2(F)CC(c3nc4ccccc4n3C)C2)n1,1,7.06,2016,ChEMBL
Cc1nc(C#Cc2nc(N3CCCC3=O)cn2C)nc2c(C)cccc12,1,8.34,2017,ChEMBL
Cc1nc(C(=O)N2CCC2)c(C(=O)NCCc2nc(-c3ccccc3)cn2C)n1C,1,7.07,2014,ChEMBL
Cc1nc(C(C)O)n(-c2cc(N3CC(c4nc5ccccc5n4C)C3)nc(C(F)(F)F)n2)n1,1,9.08,2016,ChEMBL
Cc1nc(C(C)O)n(-c2cc(N3CC(c4nc5ccccc5n4C)C3)nc(C3CC3)n2)n1,1,9.68,2016,ChEMBL
Cc1nc(C(F)(F)F)n2nc(CCc3nc(N4CCCC4)nn3C)nc2c1C,1,7.99,2016,ChEMBL
Cc1nc(C)c(-c2cc3nc(N4CCCC4)cc(NCC(C)(C)O)n3n2)nc1CC(C)C,1,9.22,2015,ChEMBL
Cc1nc(C)c(-c2nc(C)c3sc4cc(OCc5ccc6ccccc6n5)ccc4n23)s1,1,9.05,2013,ChEMBL
Cc1nc(C)c(C2CC2)nc1-c1cc2nc(N3CCCC3)cc(NC3CCOCC3)n2n1,1,9.16,2015,ChEMBL
Cc1nc(C)c(C2CC2)nc1-c1cc2nc(N3CCCC3)cc(NCC(C)(C)O)n2n1,1,9.74,2015,ChEMBL
Cc1nc(C)c(CCc2cccc(N3CCCC3)n2)nc1C,1,6.22,2017,ChEMBL
Cc1nc(C)c(CNc2cc(C(=O)NCCc3ccccn3)nc3ccnn23)s1,1,8.96,2015,ChEMBL
Cc1nc(C)c(CNc2cc(C(=O)NC[C@H]3C[C@@H]3c3ccc4ccccc4n3)nc3ccnn23)s1,1,9.74,2015,ChEMBL
Cc1nc(C)c(CNc2cc(C(C)C[C@@H]3C[C@H]3c3ccccn3)nc3ccnn23)s1,1,7.11,2015,ChEMBL
Cc1nc(C)c(CNc2cc(C3CC3)nc3ccnn23)s1,1,8.04,2016,ChEMBL
Cc1nc(C)c(CNc2cc(CCC#Cc3ccc4ccccc4n3)nc3ccnn23)s1,1,9.85,2015,ChEMBL
Cc1nc(C)c(CNc2cc(Cl)nc3ccnn23)s1,1,7.24,2016,ChEMBL
Cc1nc(C)c(CNc2cc(OC[C@H]3C[C@@H]3c3ccccn3)nc(C3CC3)n2)s1,1,8.8,2015,ChEMBL
Cc1nc(C)c(CNc2nc(C3CC3)nc(Cl)c2C)s1,1,8.32,2015,ChEMBL
Cc1nc(C)c(CNc2nc(CCC#Cc3ccccn3)nc(Cl)c2C)s1,1,8.96,2016,ChEMBL
Cc1nc(C)c(CNc2nc(CCCCc3ccccn3)nc(Cl)c2C)s1,1,9.4,2016,ChEMBL
Cc1nc(C)c(CNc2nc(CCCOc3ccccn3)nc(Cl)c2C)s1,1,8.51,2016,ChEMBL
Cc1nc(C)c(CNc2nc(CC[C@H]3C[C@@H]3c3ccccn3)nc(Cl)c2C)s1,1,8.77,2016,ChEMBL
Cc1nc(C)c(CNc2nc(NCC(C)(C)Cc3ccccn3)nc(Cl)c2C)s1,1,7.72,2016,ChEMBL
Cc1nc(C)c(CNc2nc(NCCCc3ccccn3)nc(Cl)c2C)s1,1,8.39,2016,ChEMBL
Cc1nc(C)c(CNc2nc(OCC#Cc3ccccn3)nc(Cl)c2C)s1,1,8.51,2016,ChEMBL
Cc1nc(C)c(CNc2nc(OCC3CC3C3CCCN3C)nc(Cl)c2C)s1,1,7.13,2016,ChEMBL
Cc1nc(C)c(CNc2nc(OCC3CC3c3ccc(C#N)cn3)nc(Cl)c2C)s1,1,8.85,2016,ChEMBL
Cc1nc(C)c(CNc2nc(OCC3CC3c3ccc4ccccc4n3)nc(Cl)c2C)s1,1,11.0,2016,ChEMBL
Cc1nc(C)c(CNc2nc(OCC3CC3c3ccc4ncccc4n3)nc(Cl)c2C)s1,1,10.7,2016,ChEMBL
Cc1nc(C)c(CNc2nc(OCC3CC3c3ccncc3)nc(Cl)c2C)s1,1,8.08,2016,ChEMBL
Cc1nc(C)c(CNc2nc(OCC3CC3c3cn(C)cn3)nc(Cl)c2C)s1,1,10.7,2016,ChEMBL
Cc1nc(C)c(CNc2nc(OCC3CC3c3cncn3C)nc(Cl)c2C)s1,1,7.69,2016,ChEMBL
Cc1nc(C)c(CNc2nc(OCC3CC3c3ncccn3)nc(Cl)c2C)s1,1,8.44,2016,ChEMBL
Cc1nc(C)c(CNc2nc(OCCC3CCCCC3)nc(Cl)c2C)s1,1,6.4,2015,ChEMBL
Cc1nc(C)c(CNc2nc(OCCC3CCCCN3)nc(Cl)c2C)s1,1,6.23,2015,ChEMBL
Cc1nc(C)c(CNc2nc(OCCCc3ccc4cccnc4n3)nc(Cl)c2C)s1,1,9.96,2015,ChEMBL
Cc1nc(C)c(CNc2nc(OCCCc3ccccn3)nc(Cl)c2C)s1,1,8.96,2016,ChEMBL
Cc1nc(C)c(CNc2nc(OCCCc3cn4ccccc4n3)nc(Cl)c2C)s1,1,10.33,2015,ChEMBL
Cc1nc(C)c(CNc2nc(OCCCc3cnc4ccccc4n3)nc(Cl)c2C)s1,1,9.43,2015,ChEMBL
Cc1nc(C)c(CNc2nc(OCCCc3nc4ccccc4[nH]3)nc(Cl)c2C)s1,1,10.67,2015,ChEMBL
Cc1nc(C)c(CNc2nc(OCCCc3nc4ccccc4s3)nc(Cl)c2C)s1,1,10.26,2015,ChEMBL
Cc1nc(C)c(CNc2nc(OCCO)nc(Cl)c2C)s1,1,7.92,2015,ChEMBL
Cc1nc(C)c(CNc2nc(OCCOc3ccc4cccnc4n3)nc(Cl)c2C)s1,1,10.4,2015,ChEMBL
Cc1nc(C)c(CNc2nc(OCCc3ccccc3)nc(Cl)c2C)s1,1,8.05,2015,ChEMBL
Cc1nc(C)c(CNc2nc(OCCc3ccccn3)nc(C#N)c2C)s1,1,7.0,2014,ChEMBL
Cc1nc(C)c(CNc2nc(OCCc3ccccn3)nc(Cl)c2C)s1,1,8.7,2015,ChEMBL
Cc1nc(C)c(CNc2nc(OC[C@@H]3C[C@H]3c3ccccn3)nc(Cl)c2C)s1,1,8.07,2016,ChEMBL
Cc1nc(C)c(CNc2nc(OC[C@H]3C[C@@H]3c3ccc4ncccc4n3)nc(Cl)c2C)o1,1,9.31,2014,ChEMBL
Cc1nc(C)c(CNc2nc(OC[C@H]3C[C@@H]3c3ccc4ncccc4n3)ncc2C)s1,1,10.24,2014,ChEMBL
Cc1nc(C)c(CNc2nc(OC[C@H]3C[C@@H]3c3ccccn3)nc(-c3ncco3)c2C)s1,1,8.19,2014,ChEMBL
Cc1nc(C)c(CNc2nc(OC[C@H]3C[C@@H]3c3ccccn3)nc(Cl)c2C)s1,1,10.52,2016,ChEMBL
Cc1nc(C)c(CNc2nc(OC[C@H]3C[C@H]3c3ccccn3)nc(Cl)c2C)s1,1,7.81,2016,ChEMBL
Cc1nc(C)c2c(n1)CCN(c1ncnn3c(C)nc(-c4ccccc4F)c13)C2,1,8.63,2015,ChEMBL
Cc1nc(C)c2c(n1)CCN(c1ncnn3c(C)nc([C@@H]4CCOC4)c13)C2,1,8.54,2015,ChEMBL
Cc1nc(C)c2nc(CCc3nc(N4CCCC4)nn3C)nn2c1C,1,7.43,2016,ChEMBL
Cc1nc(C)n(-c2cc(N3CC(c4nc5ccccc5n4C)C3)nc(-n3cccn3)n2)n1,1,9.21,2016,ChEMBL
Cc1nc(C)n(-c2cc(N3CC(c4nc5ccccc5n4C)C3)nc(-n3ccnc3C)n2)n1,1,9.59,2016,ChEMBL
Cc1nc(C)n(-c2cc(N3CC(c4nc5ccccc5n4C)C3)nc(C#N)n2)n1,1,9.55,2016,ChEMBL
Cc1nc(C)n(-c2cc(N3CC(c4nc5ccccc5n4C)C3)nc(C(F)(F)F)n2)n1,1,8.96,2016,ChEMBL
Cc1nc(C)n(-c2cc(N3CC(c4nc5ccccc5n4C)C3)nc(C3CC3)n2)n1,1,9.34,2016,ChEMBL
Cc1nc(C)n(-c2cc(N3CC(c4nc5ccccc5n4C)C3)nc(CC#N)n2)n1,1,8.89,2016,ChEMBL
Cc1nc(C)n(-c2cc(N3CC(c4nc5ccccc5n4C)C3)nc(N3CCCC3)n2)n1,1,9.54,2016,ChEMBL
Cc1nc(C)n(-c2cc(N3CC(c4nc5ccccc5n4C)C3)nc(OC(C)C)n2)n1,1,9.42,2016,ChEMBL
Cc1nc(C)n(-c2cc(N3CC(c4nc5ccccc5n4C)C3)nc(OCc3ccnn3C)n2)n1,1,9.89,2016,ChEMBL
Cc1nc(C)n(-c2cc(N3CC(c4nc5ccccc5n4C)C3)nc(OCc3ccno3)n2)n1,1,9.4,2016,ChEMBL
Cc1nc(C)n(-c2cc(N3CC(c4nc5ccccc5n4C)C3)nc(OCc3ccon3)n2)n1,1,9.31,2016,ChEMBL
Cc1nc(C)n(-c2cc(N3CC(c4nc5ccccc5n4C)C3)nc(OCc3nccs3)n2)n1,1,9.55,2016,ChEMBL
Cc1nc(C)n(-c2cc([C@@H]3C[C@H]3c3nc4ccccc4n3C)nc(C#N)n2)n1,1,10.07,2015,ChEMBL
Cc1nc(C)n(-c2cc([C@@H]3C[C@H]3c3nc4ccccc4n3C)nc(C(C)(C)O)n2)n1,1,9.06,2015,ChEMBL
Cc1nc(C)n(-c2cc([C@@H]3C[C@H]3c3nc4ccccc4n3C)nc(N3CC(C)(O)C3)n2)n1,1,8.96,2015,ChEMBL
Cc1nc(C)n(-c2cc([C@@H]3C[C@H]3c3nc4ccccc4n3C)nc(N3CC(F)(F)C3)n2)n1,1,9.12,2015,ChEMBL
Cc1nc(C)n(-c2cc([C@@H]3C[C@H]3c3nc4ccccc4n3C)nc(N3CCC[C@H]3C)n2)n1,1,9.43,2015,ChEMBL
Cc1nc(C)n(-c2cc([C@@H]3C[C@H]3c3nc4ccccc4n3C)nc(N3CC[C@@H](F)C3)n2)n1,1,9.24,2015,ChEMBL
Cc1nc(C)n(-c2cc([C@@H]3C[C@H]3c3nc4ccccc4n3C)nc(O)n2)n1,1,7.72,2015,ChEMBL
Cc1nc(C)n(-c2cc([C@@H]3C[C@H]3c3nc4ccccc4n3C)nc(OC3CCC3)n2)n1,1,9.38,2015,ChEMBL
Cc1nc(C)n(-c2cc([C@@H]3C[C@H]3c3nc4ccccc4n3C)nc(OCC3(C)CC3)n2)n1,1,9.08,2015,ChEMBL
Cc1nc(C)n(-c2cc([C@@H]3C[C@H]3c3nc4ccccc4n3C)nc(OCC3CCO3)n2)n1,1,8.89,2015,ChEMBL
Cc1nc(C)n(-c2cc([C@@H]3C[C@H]3c3nc4ccccc4n3C)nc(OCCO)n2)n1,1,8.96,2015,ChEMBL
Cc1nc(C)n(-c2cc([C@H]3C[C@@H]3c3nc4ccccc4n3C)cnn2)n1,1,7.42,2015,ChEMBL
Cc1nc(C)n(-c2cc([C@H]3C[C@@H]3c3nc4ccccc4n3C)nc(C(F)(F)F)n2)n1,1,8.85,2015,ChEMBL
Cc1nc(C)n(-c2cc([C@H]3C[C@@H]3c3nc4ccccc4n3C)nc(C(N)=O)n2)n1,1,8.8,2015,ChEMBL
Cc1nc(C)n(-c2cc([C@H]3C[C@@H]3c3nc4ccccc4n3C)nc(C3CC3)n2)n1,1,9.17,2015,ChEMBL
Cc1nc(C)n(-c2cc([C@H]3C[C@@H]3c3nc4ccccc4n3C)nc(N(C)C)n2)n1,1,8.92,2015,ChEMBL
Cc1nc(C)n(-c2cc([C@H]3C[C@@H]3c3nc4ccccc4n3C)nc(N)n2)n1,1,8.38,2015,ChEMBL
Cc1nc(C)n(-c2cc([C@H]3C[C@@H]3c3nc4ccccc4n3C)nc(N3CCCC3)n2)n1,1,8.92,2015,ChEMBL
Cc1nc(C)n(-c2cc([C@H]3C[C@@H]3c3nc4ccccc4n3C)nc(N3CCN(C)CC3)n2)n1,1,8.51,2015,ChEMBL
Cc1nc(C)n(-c2cc([C@H]3C[C@@H]3c3nc4ccccc4n3C)nc(N3CCNCC3)n2)n1,1,8.7,2015,ChEMBL
Cc1nc(C)n(-c2cc([C@H]3C[C@@H]3c3nc4ccccc4n3C)nc(NC(C)(C)C)n2)n1,1,8.77,2015,ChEMBL
Cc1nc(C)n(-c2cc([C@H]3C[C@@H]3c3nc4ccccc4n3C)nc(NC(C)C)n2)n1,1,8.72,2015,ChEMBL
Cc1nc(C)n(-c2cc([C@H]3C[C@@H]3c3nc4ccccc4n3C)nc(OC(C)C)n2)n1,1,9.21,2015,ChEMBL
Cc1nc(C)n(-c2cc([C@H]3C[C@@H]3c3nc4ccccc4n3C)nc(OCC(F)(F)F)n2)n1,1,8.82,2015,ChEMBL
Cc1nc(C)n(-c2cc([C@H]3C[C@@H]3c3nc4ccccc4n3C)nc(OCC3CC3)n2)n1,1,8.96,2015,ChEMBL
Cc1nc(C)n(-c2cc([C@H]3C[C@@H]3c3nc4ccccc4n3C)nc(OCCF)n2)n1,1,8.92,2015,ChEMBL
Cc1nc(C)n2nc(CCc3nc(N4CCCC4)nn3C)nc2c1C,1,7.87,2016,ChEMBL
Cc1nc(C)n2nc(CCc3nc(N4CCCC4)nn3C)nc2c1Cl,1,8.03,2016,ChEMBL
Cc1nc(C2CC(c3nc4ccccc4n3C)C2)cc(-n2nc(C)nc2C)n1,1,8.440000000000001,2016,ChEMBL
Cc1nc(C2CC2)n(-c2cc(N3CC(c4nc5ccccc5n4C)C3)nc(C(F)(F)F)n2)n1,1,8.85,2016,ChEMBL
Cc1nc(C2CC2)nc2c1CN(c1ncnn3c(C)nc(-c4ccccc4F)c13)CC2,1,9.01,2015,ChEMBL
Cc1nc(C2CC2c2nc3cc(F)c(F)cc3[nH]2)cc(-n2nc(C)nc2C)n1,1,7.6,2015,ChEMBL
Cc1nc(C2CC2c2nc3ccc(Cl)cc3[nH]2)cc(-n2nc(C)nc2C)n1,1,7.51,2015,ChEMBL
Cc1nc(C2CC2c2nc3ccc(F)cc3[nH]2)cc(-n2nc(C)nc2C)n1,1,7.85,2015,ChEMBL
Cc1nc(C2CC2c2nc3ccc(OC(F)F)cc3[nH]2)cc(-n2nc(C)nc2C)n1,1,7.24,2015,ChEMBL
Cc1nc(C2CC2c2nc3cccc(C)c3[nH]2)cc(-n2nc(C)nc2C)n1,1,7.78,2015,ChEMBL
Cc1nc(C2CC2c2nc3ccccc3[nH]2)cc(-n2nc(C)nc2C)n1,1,8.17,2015,ChEMBL
Cc1nc(C2CC2c2nc3ccccc3n2-c2ccccc2)cc(-n2nc(C)nc2C)n1,1,7.41,2015,ChEMBL
Cc1nc(C2CC2c2nc3ccccc3n2C)cc(-n2nc(C)nc2C(C)C)n1,1,8.77,2015,ChEMBL
Cc1nc(C2CC2c2nc3ccccc3n2C)cc(-n2nc(C)nc2C)n1,1,8.46,2015,ChEMBL
Cc1nc(C2CC2c2nc3ccccc3n2Cc2ccccc2)cc(-n2nc(C)nc2C)n1,1,7.87,2015,ChEMBL
Cc1nc(C2CC2c2nc3ccccn3c2C)cc(-n2nc(C)nc2C)n1,1,8.68,2019,ChEMBL
Cc1nc(C2CC2c2nnc(C)o2)cc(-n2nc(C)nc2C)n1,1,6.04,2015,ChEMBL
Cc1nc(C2CC2c2nnc(C)s2)cc(-n2nc(C)nc2C)n1,1,6.91,2015,ChEMBL
Cc1nc(C2CCOC2)n2c1sc1cc(OCc3ccc4ccccc4n3)ccc12,1,7.73,2013,ChEMBL
Cc1nc(C2CCOCC2)c2c(N3CCc4c(c(C(C)C)nn4C)C3)ncnn12,1,9.06,2015,ChEMBL
Cc1nc(C2CCOCC2)c2c(N3CCc4ncccc4C3)ncnn12,1,8.05,2015,ChEMBL
Cc1nc(C2CCOCC2)n(-c2cc(N3CC(c4nc5ccccc5n4C)C3)nc(C(F)(F)F)n2)n1,1,8.74,2016,ChEMBL
Cc1nc(C2CCOCC2)n2c1sc1cc(OCc3ccc4ccccc4n3)ccc12,1,8.13,2013,ChEMBL
Cc1nc(C2CNC2)n2c1sc1cc(OCc3ccc4ccccc4n3)ccc12,1,6.8,2013,ChEMBL
Cc1nc(C2C[C@H]2c2cn3ccccc3n2)cc(-n2nc(C)nc2C)n1,1,8.24,2016,ChEMBL
Cc1nc(C2C[C@H]2c2nc3ccccc3n2C)cc(-n2nc(C)nc2C(C)(C)O)n1,1,8.38,2016,ChEMBL
Cc1nc(C2C[C@H]2c2nc3ccccc3n2C)cc(-n2nc(C)nc2C(O)C(C)C)n1,1,9.33,2016,ChEMBL
Cc1nc(C2C[C@H]2c2nc3ccccc3n2C)cc(-n2nc(C)nc2C(O)C(F)(F)F)n1,1,9.24,2016,ChEMBL
Cc1nc(C2C[C@H]2c2nc3ccccc3n2C)cc(-n2nc(C)nc2[C@@H](C)O)n1,1,8.96,2016,ChEMBL
Cc1nc(C2C[C@H]2c2nc3ccccc3n2C)cc(-n2nc(C)nc2[C@@H](O)c2ccccc2)n1,1,9.21,2016,ChEMBL
Cc1nc(C2C[C@H]2c2nc3ccccc3n2C)cc(-n2nc(C)nc2[C@H](C)O)n1,1,9.13,2016,ChEMBL
Cc1nc(C2C[C@H]2c2nc3ccccc3n2C)cc(-n2nc(C)nc2[C@H](O)c2ccccc2)n1,1,10.05,2016,ChEMBL
Cc1nc(CCc2ccc3ncccc3n2)cc(-n2nc(C)nc2C)n1,1,7.14,2015,ChEMBL
Cc1nc(CNc2cc(OC[C@H]3C[C@@H]3c3ccn(C)n3)nn(C)c2=O)sc1C,1,9.43,2016,ChEMBL
Cc1nc(CNc2nc(-n3ncc4ccccc43)nc(N)c2Br)cs1,1,7.73,2016,ChEMBL
Cc1nc(CNc2nc(C3CC3)nc(Cl)c2C)cs1,1,7.75,2015,ChEMBL
Cc1nc(CNc2nc(OC[C@H]3C[C@@H]3c3ccc4ncccc4n3)nc(Cl)c2C)n(C)n1,1,8.66,2014,ChEMBL
Cc1nc(N2CC(c3nc4c(C(F)(F)F)cccc4n3C)C2)cc(-n2nc(C)nc2C)n1,1,7.43,2016,ChEMBL
Cc1nc(N2CC(c3nc4c(C)cccc4n3C)C2)cc(-n2nc(C)nc2C)n1,1,7.66,2016,ChEMBL
Cc1nc(N2CC(c3nc4c(F)cccc4n3C)C2)cc(-n2nc(C)nc2C)n1,1,7.77,2016,ChEMBL
Cc1nc(N2CC(c3nc4ccc(F)cc4[nH]3)C2)cc(-n2nc(C)nc2C)n1,1,8.1,2016,ChEMBL
Cc1nc(N2CC(c3nc4cccc(C)c4[nH]3)C2)cc(-n2nc(C)nc2C)n1,1,7.77,2016,ChEMBL
Cc1nc(N2CC(c3nc4cccc(F)c4[nH]3)C2)cc(-n2nc(C)nc2C)n1,1,7.72,2016,ChEMBL
Cc1nc(N2CC(c3nc4cccc(F)c4n3C)C2)cc(-n2nc(C)nc2C)n1,1,8.15,2016,ChEMBL
Cc1nc(N2CC(c3nc4ccccc4[nH]3)C2)cc(-n2nc(C)nc2C)n1,1,8.24,2016,ChEMBL
Cc1nc(N2CC(c3nc4ccccc4n3C)C2)cc(-n2cc(C#N)cn2)n1,1,8.38,2016,ChEMBL
Cc1nc(N2CC(c3nc4ccccc4n3C)C2)cc(-n2cc(C(F)(F)F)cn2)n1,1,8.57,2016,ChEMBL
Cc1nc(N2CC(c3nc4ccccc4n3C)C2)cc(-n2cc(C)c(C)n2)n1,1,9.2,2016,ChEMBL
Cc1nc(N2CC(c3nc4ccccc4n3C)C2)cc(-n2cc(CO)cn2)n1,1,8.08,2016,ChEMBL
Cc1nc(N2CC(c3nc4ccccc4n3C)C2)cc(-n2ccc(C(C)C)n2)n1,1,9.19,2016,ChEMBL
Cc1nc(N2CC(c3nc4ccccc4n3C)C2)cc(-n2ccc(C(F)(F)F)n2)n1,1,9.12,2016,ChEMBL
Cc1nc(N2CC(c3nc4ccccc4n3C)C2)cc(-n2ccc(C3CC3)n2)n1,1,9.13,2016,ChEMBL
Cc1nc(N2CC(c3nc4ccccc4n3C)C2)cc(-n2cccn2)n1,1,8.6,2016,ChEMBL
Cc1nc(N2CC(c3nc4ccccc4n3C)C2)cc(-n2nc(C(F)(F)F)nc2C)n1,1,8.15,2016,ChEMBL
Cc1nc(N2CC(c3nc4ccccc4n3C)C2)cc(-n2nc(C)c(C)c2C)n1,1,9.03,2016,ChEMBL
Cc1nc(N2CC(c3nc4ccccc4n3C)C2)cc(-n2nc(C)nc2-c2c(F)cccc2F)n1,1,9.62,2016,ChEMBL
Cc1nc(N2CC(c3nc4ccccc4n3C)C2)cc(-n2nc(C)nc2-c2ccc(C#N)cc2)n1,1,7.8,2016,ChEMBL
Cc1nc(N2CC(c3nc4ccccc4n3C)C2)cc(-n2nc(C)nc2-c2ccccc2)n1,1,8.17,2016,ChEMBL
Cc1nc(N2CC(c3nc4ccccc4n3C)C2)cc(-n2nc(C)nc2-c2ccccc2Cl)n1,1,9.46,2016,ChEMBL
Cc1nc(N2CC(c3nc4ccccc4n3C)C2)cc(-n2nc(C)nc2-c2ccccc2F)n1,1,8.92,2016,ChEMBL
Cc1nc(N2CC(c3nc4ccccc4n3C)C2)cc(-n2nc(C)nc2-c2cccnc2)n1,1,8.12,2016,ChEMBL
Cc1nc(N2CC(c3nc4ccccc4n3C)C2)cc(-n2nc(C)nc2C(C)C)n1,1,8.51,2016,ChEMBL
Cc1nc(N2CC(c3nc4ccccc4n3C)C2)cc(-n2nc(C)nc2C(O)C(C)C)n1,1,9.39,2016,ChEMBL
Cc1nc(N2CC(c3nc4ccccc4n3C)C2)cc(-n2nc(C)nc2C(O)C(F)(F)F)n1,1,9.96,2016,ChEMBL
Cc1nc(N2CC(c3nc4ccccc4n3C)C2)cc(-n2nc(C)nc2C(O)C(F)F)n1,1,8.855,2016,ChEMBL
Cc1nc(N2CC(c3nc4ccccc4n3C)C2)cc(-n2nc(C)nc2C(O)C2CC2)n1,1,9.44,2016,ChEMBL
Cc1nc(N2CC(c3nc4ccccc4n3C)C2)cc(-n2nc(C)nc2C(O)CC(F)(F)F)n1,1,8.49,2016,ChEMBL
Cc1nc(N2CC(c3nc4ccccc4n3C)C2)cc(-n2nc(C)nc2C(O)CF)n1,1,9.47,2016,ChEMBL
Cc1nc(N2CC(c3nc4ccccc4n3C)C2)cc(-n2nc(C)nc2C)n1,1,8.68,2016,ChEMBL
Cc1nc(N2CC(c3nc4ccccc4n3C)C2)cc(-n2nc(C)nc2C2CC(=O)N(C)C2)n1,1,8.41,2016,ChEMBL
Cc1nc(N2CC(c3nc4ccccc4n3C)C2)cc(-n2nc(C)nc2C2CC2)n1,1,8.35,2016,ChEMBL
Cc1nc(N2CC(c3nc4ccccc4n3C)C2)cc(-n2nc(C)nc2C2CCCCC2)n1,1,8.7,2016,ChEMBL
Cc1nc(N2CC(c3nc4ccccc4n3C)C2)cc(-n2nc(C)nc2C2CCOCC2)n1,1,8.66,2016,ChEMBL
Cc1nc(N2CC(c3nc4ccccc4n3C)C2)cc(-n2nc(C)nc2CN2CCCC2=O)n1,1,9.59,2016,ChEMBL
Cc1nc(N2CC(c3nc4ccccc4n3C)C2)cc(-n2nc(C)nc2COc2ccccc2)n1,1,8.92,2016,ChEMBL
Cc1nc(N2CC(c3nc4ccccc4n3C)C2)cc(-n2nc(C)nc2C[C@@H](C)O)n1,1,9.0,2016,ChEMBL
Cc1nc(N2CC(c3nc4ccccc4n3C)C2)cc(-n2nc(C)nc2C[C@H](C)O)n1,1,8.7,2016,ChEMBL
Cc1nc(N2CC(c3nc4ccccc4n3C)C2)cc(-n2nc(C)nc2Cc2cc(F)ccc2F)n1,1,10.19,2016,ChEMBL
Cc1nc(N2CC(c3nc4ccccc4n3C)C2)cc(-n2nc(C)nc2Cc2ccc(F)cc2)n1,1,9.92,2016,ChEMBL
Cc1nc(N2CC(c3nc4ccccc4n3C)C2)cc(-n2nc(C)nc2[C@@H](C)O)n1,1,9.280000000000001,2016,ChEMBL
Cc1nc(N2CC(c3nc4ccccc4n3C)C2)cc(-n2nncc2C)n1,1,8.07,2016,ChEMBL
Cc1nc(N2CC(c3nc4ccccc4n3CC#N)C2)cc(-n2nc(C)nc2C)n1,1,7.85,2016,ChEMBL
Cc1nc(N2CC(c3nc4ccccc4n3CCC#N)C2)cc(-n2nc(C)nc2C)n1,1,8.3,2016,ChEMBL
Cc1nc(N2CC(c3nc4ccccc4n3CCCC#N)C2)cc(-n2nc(C)nc2C)n1,1,8.02,2016,ChEMBL
Cc1nc(N2CC(c3nc4ccccc4n3CCF)C2)cc(-n2nc(C)nc2C)n1,1,8.21,2016,ChEMBL
Cc1nc(N2CC(c3nc4ccccc4n3CCO)C2)cc(-n2nc(C)nc2C)n1,1,8.18,2016,ChEMBL
Cc1nc(NCc2cc(C)on2)cc(OC[C@H]2C[C@@H]2c2ccccn2)n1,1,8.96,2015,ChEMBL
Cc1nc(NCc2ccncc2C)cc(OC[C@H]2C[C@@H]2c2ccccn2)n1,1,8.28,2015,ChEMBL
Cc1nc(NCc2cnn(C)c2)cc(OC[C@H]2C[C@@H]2c2ccc(C(F)F)cn2)n1,1,8.46,2015,ChEMBL
Cc1nc(NCc2cnn(C)c2)cc(OC[C@H]2C[C@@H]2c2ccccn2)n1,1,9.870000000000001,2023,ChEMBL
Cc1nc(NCc2nnc(C)s2)cc(OC[C@H]2C[C@@H]2c2ccc(-c3cccnc3)cn2)n1,1,9.0,2015,ChEMBL
Cc1nc(NCc2nnc(C)s2)cc(OC[C@H]2C[C@@H]2c2ccc(C3CC3)cn2)n1,1,10.1,2015,ChEMBL
Cc1nc(NCc2nnc(C)s2)cc(OC[C@H]2C[C@@H]2c2ccc3ncccc3n2)n1,1,10.7,2015,ChEMBL
Cc1nc(NCc2nnc(C)s2)cc(OC[C@H]2C[C@@H]2c2ccccn2)n1,1,9.48,2023,ChEMBL
Cc1nc(NCc2nnc(C3CC3)s2)cc(OC[C@H]2C[C@@H]2c2ccccn2)n1,1,8.42,2015,ChEMBL
Cc1nc(NCc2sc(C)nc2C)c(C)c(OC[C@H]2C[C@@H]2c2ccccn2)n1,1,7.38,2015,ChEMBL
Cc1nc(OCc2ccc3ccccc3n2)cc(-n2nc(C)nc2Cc2nc(C)sc2C)n1,1,7.21,2015,ChEMBL
Cc1nc([C@@H]2CCOC2)c2c(N3CCc4c(c(C(C)C)nn4C)C3)ncnn12,1,10.35,2015,ChEMBL
Cc1nc([C@@H]2CCOC2)c2c(N3CCc4c(c(C5CC5)nn4C)C3)ncnn12,1,9.59,2015,ChEMBL
Cc1nc([C@@H]2CCOC2)c2c(N3CCc4cc(C5CC5)ncc4C3)ncnn12,1,9.33,2015,ChEMBL
Cc1nc([C@@H]2CCOC2)c2c(N3CCc4ccc(C(F)(F)F)nc4C3)ncnn12,1,9.53,2015,ChEMBL
Cc1nc([C@@H]2CCOC2)c2c(N3CCc4ccc(C5CC5)nc4C3)ncnn12,1,9.68,2015,ChEMBL
Cc1nc([C@@H]2CCOC2)c2c(N3CCc4cccnc4C3)ncnn12,1,9.11,2015,ChEMBL
Cc1nc([C@@H]2CCOC2)c2c(N3CCc4cnn(C(C)C)c4C3)ncnn12,1,9.21,2015,ChEMBL
Cc1nc([C@@H]2CCOC2)c2c(N3CCc4cnn(C)c4C3)ncnn12,1,8.47,2015,ChEMBL
Cc1nc([C@@H]2CCOC2)c2c(N3CCc4cnn(C5CC5)c4C3)ncnn12,1,9.37,2015,ChEMBL
Cc1nc([C@@H]2CCOC2)c2c(N3CCc4cnn(CC(C)C)c4C3)ncnn12,1,9.12,2015,ChEMBL
Cc1nc([C@@H]2CCOC2)c2c(N3CCc4cnn(CC(F)(F)F)c4C3)ncnn12,1,8.59,2015,ChEMBL
Cc1nc([C@@H]2CCOC2)c2c(N3CCc4cnn(CC5CCC5)c4C3)ncnn12,1,9.46,2015,ChEMBL
Cc1nc([C@@H]2CCOC2)c2c(N3CCc4nc(C5CC5)n(C)c(=O)c4C3)ncnn12,1,9.66,2015,ChEMBL
Cc1nc([C@@H]2CCOC2)c2c(N3CCc4nc(C5CC5)oc4C3)ncnn12,1,8.94,2015,ChEMBL
Cc1nc([C@@H]2CCOC2)c2c(N3CCc4ncccc4C3)ncnn12,1,8.85,2015,ChEMBL
Cc1nc([C@@H]2CCOC2)c2c(N3CCc4nn(C)c(C5CC5)c4C3)ncnn12,1,9.96,2015,ChEMBL
Cc1nc([C@@H]2CCOC2)c2c(N3CCc4nn(C5CC5)cc4C3)ncnn12,1,9.58,2015,ChEMBL
Cc1nc([C@@H]2CCOC2)c2c(N3CCc4noc(C5CC5)c4C3)ncnn12,1,9.39,2015,ChEMBL
Cc1nc([C@@H]2CCOC2)c2c(N3Cc4c(cnn4C)C(C)C3)ncnn12,1,8.39,2015,ChEMBL
Cc1nc([C@@H]2CCOC2)c2c(N3Cc4c(cnn4C)[C@H](C)C3)ncnn12,1,8.6,2015,ChEMBL
Cc1nc([C@@H]2C[C@H]2c2cc3n(n2)CCCC3)cc(-n2nc(C)nc2C)n1,1,7.22,2015,ChEMBL
Cc1nc([C@@H]2C[C@H]2c2ccc3ccccc3n2)cc(-n2nc(C)nc2C)n1,1,8.22,2015,ChEMBL
Cc1nc([C@@H]2C[C@H]2c2cn3c(C)cccc3n2)cc(-n2nc(C)nc2C)n1,1,8.08,2016,ChEMBL
Cc1nc([C@@H]2C[C@H]2c2cn3ccc(F)cc3n2)cc(-n2nc(C)nc2C)n1,1,7.89,2016,ChEMBL
Cc1nc([C@@H]2C[C@H]2c2nc3ccc(F)cc3[nH]2)cc(-n2nc(C)nc2C)n1,1,8.04,2015,ChEMBL
Cc1nc([C@@H]2C[C@H]2c2nc3ccccc3[nH]2)cc(-n2nc(C)nc2C)n1,1,8.59,2015,ChEMBL
Cc1nc([C@@H]2C[C@H]2c2nc3ccccc3n2C(C)C)cc(-n2nc(C)nc2C)n1,1,7.87,2015,ChEMBL
Cc1nc([C@@H]2C[C@H]2c2nc3ccccc3n2C)cc(-n2cnc(C)n2)n1,1,8.05,2015,ChEMBL
Cc1nc([C@@H]2C[C@H]2c2nc3ccccc3n2C)cc(-n2nc(Br)nc2C)n1,1,8.7,2015,ChEMBL
Cc1nc([C@@H]2C[C@H]2c2nc3ccccc3n2C)cc(-n2nc(C)nc2C(C)(C)C)n1,1,7.86,2015,ChEMBL
Cc1nc([C@@H]2C[C@H]2c2nc3ccccc3n2C)cc(-n2nc(C)nc2C(C)(C)O)n1,1,8.38,2015,ChEMBL
Cc1nc([C@@H]2C[C@H]2c2nc3ccccc3n2C)cc(-n2nc(C)nc2C)n1,1,8.85,2015,ChEMBL
Cc1nc([C@@H]2C[C@H]2c2nc3ccccc3n2C)cc(-n2nc(C)nc2C2CCN(C)CC2)n1,1,8.41,2015,ChEMBL
Cc1nc([C@@H]2C[C@H]2c2nc3ccccc3n2C)cc(-n2nc(C)nc2C2CCOCC2)n1,1,8.96,2015,ChEMBL
Cc1nc([C@@H]2C[C@H]2c2nc3ccccc3n2C)cc(-n2nc(C)nc2CF)n1,1,8.51,2015,ChEMBL
Cc1nc([C@@H]2C[C@H]2c2nc3ccccc3n2C)cc(-n2nc(C)nc2[C@@H]2CCCO2)n1,1,8.24,2015,ChEMBL
Cc1nc([C@@H]2C[C@H]2c2nc3ccccc3n2CC2CCCCO2)cc(-n2nc(C)nc2C)n1,1,8.22,2015,ChEMBL
Cc1nc([C@@H]2C[C@H]2c2nc3ccccc3n2CC2CCCO2)cc(-n2nc(C)nc2C)n1,1,7.89,2015,ChEMBL
Cc1nc([C@@H]2C[C@H]2c2nc3ccccc3n2CCN(C)C)cc(-n2nc(C)nc2C)n1,1,7.85,2015,ChEMBL
Cc1nc([C@@H]2C[C@H]2c2nc3ccccc3n2Cc2ccccn2)cc(-n2nc(C)nc2C)n1,1,7.88,2015,ChEMBL
Cc1nc([C@@H]2C[C@H]2c2nc3ccccc3n2Cc2cccnc2)cc(-n2nc(C)nc2C)n1,1,8.0,2015,ChEMBL
Cc1nc([C@@H]2C[C@H]2c2nc3ccccc3n2Cc2ccncc2)cc(-n2nc(C)nc2C)n1,1,7.74,2015,ChEMBL
Cc1nc([C@@H]2C[C@H]2c2nc3ccccn3c2C)cc(-n2nc(C)nc2C)n1,1,8.68,2016,ChEMBL
Cc1nc([C@@H]2C[C@H]2c2nc3ccccn3c2I)cc(-n2nc(C)nc2C)n1,1,8.05,2016,ChEMBL
Cc1nc([C@@]23COC[C@@H]2C3)n2c1sc1cc(OCc3ccc4ccccc4n3)ccc12,1,8.16,2013,ChEMBL
Cc1nc([C@H](C)O)n(-c2cc(C3C[C@H]3c3nc4ccccc4n3C)nc(C(F)(F)F)n2)n1,1,8.55,2016,ChEMBL
Cc1nc([C@H](C)O)n(-c2cc(C3C[C@H]3c3nc4ccccc4n3C)nc(C3CC3)n2)n1,1,9.44,2016,ChEMBL
Cc1nc([C@H]2CCCO2)c2c(N3CCc4cnn(C)c4C3)ncnn12,1,8.12,2015,ChEMBL
Cc1nc([C@H]2CCOC2)c2c(N3CCc4c(c(C(C)C)nn4C)C3)ncnn12,1,9.74,2015,ChEMBL
Cc1nc([C@H]2CCOC2)c2c(N3CCc4ncccc4C3)ncnn12,1,8.32,2015,ChEMBL
Cc1nc([C@H]2CCOC2)c2c(N3CCn4ncc(C(F)(F)F)c4C3)ncnn12,1,8.48,2015,ChEMBL
Cc1nc([C@H]2C[C@@H]2c2nc3ccccc3[nH]2)cc(-n2nc(C)nc2C)n1,1,7.42,2015,ChEMBL
Cc1nc([C@H]2C[C@@H]2c2nc3ccccc3n2C)cc(-n2nc(C)nc2-c2cccnc2)n1,1,7.89,2015,ChEMBL
Cc1nc([C@H]2C[C@@H]2c2nc3ccccc3n2C)cc(-n2nc(C)nc2C)n1,1,7.85,2015,ChEMBL
Cc1nc([C@H]2C[C@@H]2c2nc3ccccc3n2C)cc(-n2nc(C)nc2C2CC2)n1,1,8.54,2015,ChEMBL
Cc1nc([C@H]2C[C@@H]2c2nc3ccccc3n2C)cc(-n2nc(C)nc2C2CCCCC2)n1,1,8.6,2015,ChEMBL
Cc1nc([C@H]2C[C@@H]2c2nc3ccccc3n2C)cc(-n2nc(C)nc2CN(C)C)n1,1,7.97,2015,ChEMBL
Cc1nc([C@H]2C[C@@H]2c2nc3ccccc3n2CCF)cc(-n2nc(C)nc2C)n1,1,8.54,2015,ChEMBL
Cc1nc([C@H]2C[C@@H]2c2nc3ccccc3s2)cc(-n2nc(C)nc2C)n1,1,7.265000000000001,2015,ChEMBL
Cc1nc([C@]23COC[C@H]2C3)n2c1sc1cc(OCc3ccc4ccccc4n3)ccc12,1,8.29,2013,ChEMBL
Cc1nc2c(C(C)C)cc(C#Cc3nc(N4CCCC4)nn3C)nn2c1C,1,9.0,2017,ChEMBL
Cc1nc2c(C(C)C)cc(CCc3nc(N4CCCC4)nn3C)nn2c1C,1,8.05,2017,ChEMBL
Cc1nc2c(C)c(C)c(CCc3nc(-c4ccccc4)cn3C)nn2c1C,1,7.97,2019,ChEMBL
Cc1nc2c(C)c(C)c(OCc3nc(-c4ccccc4)cn3C)nn2c1C,1,8.77,2019,ChEMBL
Cc1nc2c(C)cc(CCc3nc(N4CCCC4)nn3C)nn2c1C,1,8.7,2017,ChEMBL
Cc1nc2c(C3CC3)cc(C#Cc3nc(N4CCCC4)nn3C)nn2c1C,1,9.0,2017,ChEMBL
Cc1nc2c(C3CC3)cc(CCc3nc(N4CCCC4)nn3C)nn2c1C,1,8.54,2017,ChEMBL
Cc1nc2c(C3CCC3)cc(C#Cc3nc(N4CCCC4)nn3C)nn2c1C,1,9.05,2017,ChEMBL
Cc1nc2c(C3CCC3)cc(CCc3nc(N4CCCC4)nn3C)nn2c1C,1,8.64,2017,ChEMBL
Cc1nc2c(Cl)nc(CCc3nc(N4CCCC4)n(C)n3)nn2c1C,1,7.96,2017,ChEMBL
Cc1nc2c(Cl)nc(CCc3nc(N4CCCC4)nn3C)nn2c1C,1,8.4,2017,ChEMBL
Cc1nc2c(N(C)C)nc(CCc3nc(N4CCCC4)nn3C)nn2c1C,1,8.7,2017,ChEMBL
Cc1nc2c(N3CCCC3)cc(CCc3nc(N4CCCC4)nn3C)nn2c1C,1,8.3,2017,ChEMBL
Cc1nc2c(N3CCOCC3)ccnn2c1-c1ccc(C2(O)CCOCC2)nc1,1,7.57,2021,ChEMBL
Cc1nc2c(N3CCOCC3)nccn2c1NCCc1c(Cl)cccc1Cl,1,6.35,2017,ChEMBL
Cc1nc2c(N3CCOCC3)nccn2c1NCc1ccc(-c2cccnc2)cc1,1,6.28,2017,ChEMBL
Cc1nc2c(N3CCOCC3)nccn2c1NCc1ccc(-c2ccncc2)cc1,1,6.41,2017,ChEMBL
Cc1nc2c(N3CCOCC3)ncnc2n1Cc1ccc(-c2ccc(Cl)cc2)cc1,1,6.78,2017,ChEMBL
Cc1nc2c(N3CCOCC3)ncnc2n1Cc1ccc(-c2cccc(Cl)c2)cc1,1,6.59,2017,ChEMBL
Cc1nc2c(N3CCOCC3)ncnc2n1Cc1ccc(-c2ccccc2)cc1,1,6.95,2017,ChEMBL
Cc1nc2c(N3CCOCC3)ncnc2n1Cc1ccc(-c2ccccc2Cl)cc1,1,7.42,2017,ChEMBL
Cc1nc2c(N3CCOCC3)ncnc2n1Cc1ccc(-c2cccnc2)cc1,1,7.21,2017,ChEMBL
Cc1nc2c(N3CCOCC3)ncnc2n1Cc1ccc(-c2ccncc2)cc1,1,6.94,2017,ChEMBL
Cc1nc2c(N3CCOCC3)ncnc2n1Cc1ccc(-c2cnc3[nH]ncc3c2)cc1,1,7.22,2017,ChEMBL
Cc1nc2c(N3CCOCC3)ncnc2n1Cc1ccc(-c2cncnc2)cc1,1,7.12,2017,ChEMBL
Cc1nc2c(N3CCOCC3)ncnc2n1Cc1ccc(-c2cnn(C)c2)cc1,1,7.17,2017,ChEMBL
Cc1nc2c(N3CCOCC3)ncnc2n1Cc1ccc(Br)cc1,1,6.49,2017,ChEMBL
Cc1nc2c(N3CCOCC3)ncnc2n1Cc1ccc(C(=O)Nc2ccccc2)cc1,1,6.89,2017,ChEMBL
Cc1nc2c(NC(C)C)nc(CCc3nc(N4CCCC4)nn3C)nn2c1C,1,8.52,2017,ChEMBL
Cc1nc2c(O)nc(CCc3nc(N4CCCC4)nn3C)nn2c1C,1,6.65,2017,ChEMBL
Cc1nc2c(OC(C)C)cc(/C=C/c3nc(N4CCCC4)nn3C)nn2c1C,1,9.31,2017,ChEMBL
Cc1nc2c(OC(C)C)cc(C#Cc3nc(N4CCCC4)nn3C)nn2c1C,1,9.0,2017,ChEMBL
Cc1nc2c(OC(C)C)cc(CCc3nc(N4CCCC4)nn3C)nn2c1C,1,8.52,2017,ChEMBL
Cc1nc2c(S(C)(=O)=O)cc(C#Cc3nc(N4CCCC4)nn3C)nn2c1C,1,8.3,2017,ChEMBL
Cc1nc2c(S(C)(=O)=O)cc(CCc3nc(N4CCCC4)nn3C)nn2c1C,1,7.39,2017,ChEMBL
Cc1nc2c([C@H](C)c3ccc(C(F)(F)F)c(F)c3)nn(CCO)c2c(=O)[nH]1,0,4.75,2021,ChEMBL
Cc1nc2c(c(=O)n1C)CN(c1ncnn3c(C)nc([C@@H]4CCOC4)c13)CC2,1,8.79,2015,ChEMBL
Cc1nc2c(c(C(F)(F)F)n1)CN(c1ncnn3c(C)nc([C@@H]4CCOC4)c13)CC2,1,8.44,2015,ChEMBL
Cc1nc2c(nc1-c1cc3nc(N4CCCC4)cc(NC4CCOCC4)n3n1)CCCO2,1,8.6,2015,ChEMBL
Cc1nc2c(nc1-c1cc3nc(N4CCCC4)cc(NCC(C)(C)O)n3n1)CCCO2,1,9.09,2015,ChEMBL
Cc1nc2c(nc1-c1cc3nc(N4CCCC4)cc(N[C@H]4CC[C@](C)(O)CC4)n3n1)CCCO2,1,9.57,2015,ChEMBL
Cc1nc2c(s1)CN(c1ncnn3c(C)nc([C@H]4CCOC4)c13)CC2,1,8.6,2015,ChEMBL
Cc1nc2c3c(Br)cccc3nc(SCC#N)n2n1,1,6.0,2011,ChEMBL
Cc1nc2c3c(C(F)(F)F)cccc3nc(SCC#N)n2n1,1,6.35,2011,ChEMBL
Cc1nc2c3c(C)cccc3nc(SCC#N)n2n1,1,6.77,2011,ChEMBL
Cc1nc2c3c(c(CCc4nc(N5CCCC5)nn4C)nn2c1C)CCCC3,1,8.22,2017,ChEMBL
Cc1nc2c3cc(Br)ccc3nc(SCC#N)n2n1,1,7.46,2011,ChEMBL
Cc1nc2c3cc(Cl)ccc3nc(SCC#N)n2n1,1,6.89,2011,ChEMBL
Cc1nc2c3cc(F)ccc3nc(SCC#N)n2n1,1,6.34,2011,ChEMBL
Cc1nc2c3ccc(F)cc3nc(SCC#N)n2n1,1,6.5,2011,ChEMBL
Cc1nc2c3ccccc3nc(SCC#N)n2n1,1,6.51,2011,ChEMBL
Cc1nc2c3ccccc3nc(SCc3ccc4ccccc4n3)n2n1,1,6.8,2011,ChEMBL
Cc1nc2c3ccccc3nc(SCc3ccncc3)n2n1,1,6.42,2011,ChEMBL
Cc1nc2c3ccccc3nc(SCc3cn4ccccc4n3)n2n1,1,7.82,2011,ChEMBL
Cc1nc2c3ccccc3nc(SCc3cn4cccnc4n3)n2n1,1,7.26,2011,ChEMBL
Cc1nc2c3ccccc3nc(SCc3cn4ccsc4n3)n2n1,1,6.92,2011,ChEMBL
Cc1nc2c3ccccc3nc(SCc3nc(-c4ccccc4)cn3C)n2n1,1,6.72,2011,ChEMBL
Cc1nc2c3ccccc3nc(SCc3nc(-c4ccccc4Cl)cn3C)n2n1,1,6.82,2011,ChEMBL
Cc1nc2c3ccccc3nc(SCc3nc4ccccc4[nH]3)n2n1,1,7.92,2011,ChEMBL
Cc1nc2c3ccccc3nc(SCc3nc4ccccc4n3C)n2n1,1,7.85,2011,ChEMBL
Cc1nc2c3ccccc3nc(SCc3nc4ccccc4o3)n2n1,1,6.96,2011,ChEMBL
Cc1nc2c3ccccc3nc(SCc3ncc[nH]3)n2n1,1,6.0,2011,ChEMBL
Cc1nc2cc(C(C)C)c(C#Cc3nc(N4CCCC4)nn3C)nn2c1C,1,8.59,2017,ChEMBL
Cc1nc2cc(C(C)C)cnc2n2c(-c3cc(OCC(C)(C)O)ccc3Cl)nnc12,1,6.1,2015,ChEMBL
Cc1nc2cc(C(F)(F)F)c(C#Cc3nc(N4CCCC4)nn3C)nn2c1C,1,7.96,2017,ChEMBL
Cc1nc2cc(C(F)(F)F)c(CCc3nc(N4CCCC4)nn3C)nn2c1C,1,6.78,2017,ChEMBL
Cc1nc2cc(C(F)(F)F)ccc2n2c(-c3cccc(Cl)c3Cl)nnc12,1,7.11,2017,ChEMBL
Cc1nc2cc(C(F)(F)F)ccc2n2c(-c3ccccc3F)nnc12,1,6.49,2017,ChEMBL
Cc1nc2cc(C3CCC3)c(C#Cc3nc(N4CCCC4)nn3C)nn2c1C,1,9.22,2017,ChEMBL
Cc1nc2cc(C3CCCCC3)c(CCc3nc(N4CCCC4)nn3C)nn2c1C,1,7.7,2017,ChEMBL
Cc1nc2cc(Cl)ccc2n2c(-c3c(F)cccc3F)nnc12,1,6.99,2017,ChEMBL
Cc1nc2cc(Cl)ccc2nc1C#Cc1nc(N2CCCC2)nn1C,1,7.97,2016,ChEMBL
Cc1nc2cc(O)ccc2n2c(-c3ccccc3Cl)nnc12,1,6.56,2017,ChEMBL
Cc1nc2cc(OCc3ccc4ccccc4n3)ccc2n2c(-c3ccccc3Cl)nnc12,1,9.0,2017,ChEMBL
Cc1nc2cc(Oc3ccc(F)cc3)ccc2n2c(-c3ccccc3Cl)nnc12,1,6.93,2017,ChEMBL
Cc1nc2ccc(/C=C/c3nc(-c4ccccc4)nn3C)nn2c1C,1,8.89,2019,ChEMBL
Cc1nc2ccc(Br)cc2n2c(-c3ccccc3Cl)nnc12,1,7.6,2017,ChEMBL
Cc1nc2ccc(C#Cc3nc(-c4ccccc4)cn3C)nn2c1CO,1,9.0,2019,ChEMBL
Cc1nc2ccc(C#Cc3nc(N4CCCC4)nn3C)nn2c1Cl,1,8.6,2017,ChEMBL
Cc1nc2ccc(C(=O)N(C)Cc3ccccc3)cc2n2c(-c3ccccc3Cl)nnc12,1,7.48,2013,ChEMBL
Cc1nc2ccc(C(=O)NCCN3CCCC3)cc2n2c(-c3ccccc3Cl)nnc12,1,7.7,2013,ChEMBL
Cc1nc2ccc(C(=O)NCCc3ccccc3)cc2n2c(-c3ccccc3Cl)nnc12,1,7.39,2013,ChEMBL
Cc1nc2ccc(C(=O)NCc3ccccc3)cc2n2c(-c3ccccc3Cl)nnc12,1,7.54,2013,ChEMBL
Cc1nc2ccc(C(C)C)nc2n2c(-c3cc(C4(O)CCC4)ccc3Cl)nnc12,1,7.11,2015,ChEMBL
Cc1nc2ccc(C(C)C)nc2n2c(-c3cc(C4(O)CCC4)ccc3F)nnc12,1,6.26,2015,ChEMBL
Cc1nc2ccc(C(C)C)nc2n2c(-c3cc(O)ccc3F)nnc12,1,8.1,2015,ChEMBL
Cc1nc2ccc(C(F)(F)F)cc2n2c(-c3cccc(Cl)c3Cl)nnc12,1,6.47,2017,ChEMBL
Cc1nc2ccc(C(F)(F)F)cc2n2c(-c3ccccc3Cl)nnc12,1,7.36,2017,ChEMBL
Cc1nc2ccc(C(F)(F)F)cc2n2c(-c3ccccc3F)nnc12,1,6.33,2017,ChEMBL
Cc1nc2ccc(C(F)(F)F)nc2n2c(-c3cc(O)ccc3Cl)nnc12,1,7.36,2015,ChEMBL
Cc1nc2ccc(C3CC3)nc2n2c(-c3cc(C4(O)CCC4)ccc3Cl)nnc12,1,6.52,2015,ChEMBL
Cc1nc2ccc(C3CC3)nc2n2c(-c3cc(C4(O)CCC4)ccc3F)nnc12,1,6.25,2015,ChEMBL
Cc1nc2ccc(C3CC3)nc2n2c(-c3cc(CCC(C)(C)O)ccc3Cl)nnc12,1,6.05,2015,ChEMBL
Cc1nc2ccc(C3CC3)nc2n2c(-c3cc(CCC(C)(C)O)ccc3F)nnc12,1,6.17,2015,ChEMBL
Cc1nc2ccc(C3CC3)nc2n2c(-c3cc(O)ccc3Cl)nnc12,1,7.82,2015,ChEMBL
Cc1nc2ccc(C3CC3)nc2n2c(-c3cc(O)ccc3F)nnc12,1,8.3,2015,ChEMBL
Cc1nc2ccc(C3CC3)nc2n2c(-c3cc(OC4CCOCC4O)ccc3F)nnc12,1,6.215,2015,ChEMBL
Cc1nc2ccc(C3CC3)nc2n2c(-c3cc(OC4COCC4O)ccc3Cl)nnc12,1,6.9,2015,ChEMBL
Cc1nc2ccc(C3CC3)nc2n2c(-c3cc(OC4COCC4O)ccc3F)nnc12,1,7.66,2015,ChEMBL
Cc1nc2ccc(C3CC3)nc2n2c(-c3cc(OC4COCCC4O)ccc3F)nnc12,1,6.42,2015,ChEMBL
Cc1nc2ccc(C3CC3)nc2n2c(-c3cc(OCC(C)(C)O)ccc3F)nnc12,1,6.07,2015,ChEMBL
Cc1nc2ccc(C3CC3)nc2n2c(-c3cc(OC[C@H](C)O)ccc3Cl)nnc12,1,6.08,2015,ChEMBL
Cc1nc2ccc(CCc3cccc(N4CCCC4)n3)nn2c1C,1,6.2,2017,ChEMBL
Cc1nc2ccc(CCc3nc(-c4ccccc4)cn3C)nn2c1CO,1,8.47,2019,ChEMBL
Cc1nc2ccc(CCc3nc(-c4ccccc4)nn3C)nn2c1C,1,7.56,2019,ChEMBL
Cc1nc2ccc(CCc3nc(-c4ccccn4)cn3C)nn2c1C,1,8.48,2019,ChEMBL
Cc1nc2ccc(CCc3nc(-c4ccncc4)cn3C)nn2c1C,1,7.49,2019,ChEMBL
Cc1nc2ccc(CCc3nc(-c4ccnnc4)cn3C)nn2c1C,1,7.09,2019,ChEMBL
Cc1nc2ccc(CCc3nc(-c4cnccn4)cn3C)nn2c1C,1,7.48,2019,ChEMBL
Cc1nc2ccc(CCc3nc(-c4cncnc4)cn3C)nn2c1C,1,7.01,2019,ChEMBL
Cc1nc2ccc(CCc3nc(-c4ncccn4)cn3C)nn2c1C,1,8.04,2019,ChEMBL
Cc1nc2ccc(CCc3nc(N4CCCC4)nn3C)nn2c1C,1,7.96,2017,ChEMBL
Cc1nc2ccc(CCc3nc(N4CCCC4)nn3C)nn2c1CO,1,6.71,2017,ChEMBL
Cc1nc2ccc(CCc3nc(N4CCCC4)nn3C)nn2c1Cl,1,7.84,2017,ChEMBL
Cc1nc2ccc(CN3CCC(O)CC3)cc2n2c(-c3ccccc3Cl)nnc12,1,7.7,2013,ChEMBL
Cc1nc2ccc(CN3CCN(C)CC3)cc2n2c(-c3ccccc3Cl)nnc12,1,7.54,2013,ChEMBL
Cc1nc2ccc(CN3CCOCC3)cc2n2c(-c3ccccc3Cl)nnc12,1,7.48,2013,ChEMBL
Cc1nc2ccc(Cl)cc2n2c(-c3cc(Cl)ccc3Cl)nnc12,1,6.88,2017,ChEMBL
Cc1nc2ccc(Cl)cc2n2c(-c3cc(O)ccc3Cl)nnc12,1,7.89,2017,ChEMBL
Cc1nc2ccc(Cl)cc2n2c(-c3cc(OCC(C)O)ccc3Cl)nnc12,1,6.21,2017,ChEMBL
Cc1nc2ccc(Cl)cc2n2c(-c3cc(OCC(F)c4ccccn4)ccc3Cl)nnc12,1,6.02,2017,ChEMBL
Cc1nc2ccc(Cl)cc2n2c(-c3cc(OCCCO)ccc3Cl)nnc12,1,6.5,2017,ChEMBL
Cc1nc2ccc(Cl)cc2n2c(-c3ccccc3Cl)nnc12,1,7.35,2017,ChEMBL
Cc1nc2ccc(Cl)cc2n2c(-c3ccccc3F)nnc12,1,6.67,2017,ChEMBL
Cc1nc2ccc(Cl)cc2nc1C#Cc1nc(N2CCCC2)nn1C,1,8.29,2016,ChEMBL
Cc1nc2ccc(F)cc2n2c(-c3ccccc3Cl)nnc12,1,7.09,2017,ChEMBL
Cc1nc2ccc(F)cc2n2c(-c3ccccc3F)nnc12,1,6.26,2017,ChEMBL
Cc1nc2ccc(F)cc2nc1-c1cc2nc(N3CC[C@@H](F)C3)cc(NCC(C)(C)O)n2n1.Cl,1,10.21,2019,ChEMBL
Cc1nc2ccc(F)cc2nc1-c1cc2nc(N3CC[C@H](F)C3)cc(N[C@H]3CC[C@@](C)(O)CC3)n2n1,1,9.92,2015,ChEMBL
Cc1nc2ccc(F)cc2nc1/C=C/c1nc(NC2CCOCC2)cc(N2CCCC2)n1,1,9.85,2024,ChEMBL
Cc1nc2ccc(NC3CCOCC3)cc2n2c(-c3ccccc3Cl)nnc12,1,7.48,2013,ChEMBL
Cc1nc2ccc(N[C@H]3CC[C@H](O)CC3)cc2n2c(-c3ccccc3Cl)nnc12,1,7.39,2013,ChEMBL
Cc1nc2ccc(OCc3ccc4ccccc4n3)cc2n1-c1ccccc1,1,6.52,2013,ChEMBL
Cc1nc2ccc(OCc3ccc4ccccc4n3)cc2n2c(-c3ccccc3Cl)nnc12,1,8.0,2017,ChEMBL
Cc1nc2ccc(OCc3cccc(N4CCCC4)n3)nn2c1C,1,6.8,2017,ChEMBL
Cc1nc2ccc(OCc3nc(-c4ccccc4)cn3C)nn2c1C,1,8.14,2019,ChEMBL
Cc1nc2ccc(OCc3nc(-c4ccccc4)nn3C)nn2c1C,1,7.29,2019,ChEMBL
Cc1nc2ccc(OCc3nc(N4CCCC4)nn3C)nn2c1C,1,7.01,2017,ChEMBL
Cc1nc2ccc(SCc3nc(N4CCCC4)nn3C)nn2c1C,1,6.25,2017,ChEMBL
Cc1nc2ccccc2c(C(=O)O)c1C,0,3.3,2013,ChEMBL
Cc1nc2ccccc2n2c(-c3c(F)cccc3Cl)nnc12,1,7.39,2017,ChEMBL
Cc1nc2ccccc2n2c(-c3cc(Cl)ccc3Cl)nnc12,1,6.48,2017,ChEMBL
Cc1nc2ccccc2n2c(-c3cc(O)ccc3Cl)nnc12,1,7.21,2017,ChEMBL
Cc1nc2ccccc2n2c(-c3cc(OCC(C)O)ccc3Cl)nnc12,1,6.11,2017,ChEMBL
Cc1nc2ccccc2n2c(-c3cc(OCCO)ccc3Cl)nnc12,1,6.26,2017,ChEMBL
Cc1nc2ccccc2n2c(-c3cccc(Cl)c3Cl)nnc12,1,6.44,2017,ChEMBL
Cc1nc2ccccc2n2c(-c3ccccc3Cl)nnc12,1,6.71,2017,ChEMBL
Cc1nc2ccccc2n2c(-c3ccccc3F)nnc12,1,6.46,2017,ChEMBL
Cc1nc2ccccc2nc1-c1cc2nc(N3CCC(F)C3)cc(N([11CH3])C3CCOCC3)n2n1,1,10.22,2021,ChEMBL
Cc1nc2ccccc2nc1-c1cc2nc(N3CC[C@@H](F)C3)cc(N(C)C3CCOCC3)n2n1.Cl,1,10.21,2019,ChEMBL
Cc1nc2ccccc2nc1-c1cc2nc(N3CC[C@@H](F)C3)cc(N([11CH3])C3CCOCC3)n2n1,1,10.22,2015,ChEMBL
Cc1nc2ccccc2nc1/C=C/c1cccc(N2CCCC2)n1,1,7.05,2017,ChEMBL
Cc1nc2ccccc2nc1/C=C/c1nc(N2CCCC2)nn1C,1,6.98,2016,ChEMBL
Cc1nc2ccccc2nc1/C=C/c1nc(NC2CCOCC2)cc(N2CCCC2)n1,1,10.22,2021,ChEMBL
Cc1nc2ccccc2nc1/C=C/c1nc(OC2CCOCC2)cc(N2CCCC2)n1,1,9.05,2012,ChEMBL
Cc1nc2ccccc2nc1CCc1cccc(N2CCCC2)n1,1,6.92,2017,ChEMBL
Cc1nc2ccccc2nc1CCc1nc(C(=O)NC[C@@H]2CCCO2)cc(N2CCCC2)n1,1,8.48,2012,ChEMBL
Cc1nc2ccccc2nc1CCc1nc(N2CCCC2)nn1C,1,7.21,2016,ChEMBL
Cc1nc2ccccc2nc1CCc1nc2ccccc2[nH]1,1,6.12,2020,ChEMBL
Cc1nc2ccccc2nc1OCc1cc(OC2CCOCC2)nc(N2CCCC2)n1,1,9.66,2012,ChEMBL
Cc1nc2ccccc2nc1OCc1cccc(N2CCCC2)n1,1,7.52,2017,ChEMBL
Cc1nc2ccccc2nc1OCc1nc(OC2CCOCC2)cc(N2CCCC2)n1,1,9.21,2012,ChEMBL
Cc1nc2cccnc2n1-c1ccc(Nc2nc3ccccc3s2)cc1,1,7.43,2014,ChEMBL
Cc1nc2cccnc2n2c(-c3cc(O)ccc3Cl)nnc12,1,6.415,2015,ChEMBL
Cc1nc2cccnc2n2c(-c3cc(O)ccc3F)nnc12,1,6.475,2015,ChEMBL
Cc1nc2cccnc2n2c(-c3cc(OC4COCCC4O)ccc3Cl)nnc12,1,6.18,2015,ChEMBL
Cc1nc2ccncc2nc1-c1cc2nc(N3CCCC3)cc(NC3CCOCC3)n2n1,1,9.82,2015,ChEMBL
Cc1nc2cnccc2nc1-c1cc2nc(N3CCCC3)cc(NC3CCOCC3)n2n1,1,9.55,2015,ChEMBL
Cc1nc2nc(CCc3nc(-c4ccccc4)cn3C)nn2c(C)c1C,1,7.82,2017,ChEMBL
Cc1nc2sc3cc(OCc4ccc5ccccc5n4)ccc3n2c1-c1ccncc1,1,6.45,2013,ChEMBL
Cc1ncc(-c2cc(=O)[nH]cc2C)c(OC[C@H]2C[C@@H]2c2ccc3ccccc3n2)n1,1,10.96,2016,ChEMBL
Cc1ncc(-c2cc(=O)[nH]cc2C)c(OC[C@H]2C[C@@H]2c2ccccn2)n1,1,8.08,2016,ChEMBL
Cc1ncc(-c2cc(=O)n(C)cc2C)c(OC[C@H]2C[C@@H]2c2ccc3c(n2)CCC3)n1,1,10.48,2016,ChEMBL
Cc1ncc(-c2cc(=O)n(C)cc2C)c(OC[C@H]2C[C@@H]2c2ccc3ccccc3n2)n1,1,10.46,2016,ChEMBL
Cc1ncc(-c2cc(=O)n(C)cc2C)c(OC[C@H]2C[C@@H]2c2ccccn2)n1,1,7.78,2016,ChEMBL
Cc1ncc(-c2cc(=O)n(C)cc2Cl)c(OC[C@H]2C[C@@H]2c2ccc3ccccc3n2)n1,1,10.4,2016,ChEMBL
Cc1ncc(-c2cc(=O)n(C)cn2)c(OC[C@H]2C[C@@H]2c2ccc3ccccc3n2)n1,1,9.64,2016,ChEMBL
Cc1ncc(-c2cc(C)n(C)c(=O)c2)c(OC[C@H]2C[C@@H]2c2ccc3ccccc3n2)n1,1,10.39,2016,ChEMBL
Cc1ncc(-c2cc(F)c(=O)n(C)c2)c(OC[C@H]2C[C@@H]2c2ccc3ccccc3n2)n1,1,10.39,2016,ChEMBL
Cc1ncc(-c2ccc(=O)n(-c3ccccc3)c2)c(OC[C@H]2C[C@@H]2c2ccc3ccccc3n2)n1,1,9.67,2016,ChEMBL
Cc1ncc(-c2ccc(=O)n(C(C)C)c2)c(OC[C@H]2C[C@@H]2c2ccc3ccccc3n2)n1,1,10.85,2016,ChEMBL
Cc1ncc(-c2ccc(=O)n(C(F)F)c2)c(OC[C@H]2C[C@@H]2c2ccc3ccccc3n2)n1,1,10.32,2016,ChEMBL
Cc1ncc(-c2ccc(=O)n(C)c2)c(OC[C@H]2C[C@@H]2c2ccc3c(n2)CCC3)n1,1,9.28,2016,ChEMBL
Cc1ncc(-c2ccc(=O)n(C)c2)c(OC[C@H]2C[C@@H]2c2ccc3ccccc3n2)n1,1,10.28,2016,ChEMBL
Cc1ncc(-c2ccc(=O)n(C)c2C)c(OC[C@H]2C[C@@H]2c2ccc3c(n2)CCC3)n1,1,9.32,2016,ChEMBL
Cc1ncc(-c2ccc(C#N)cc2)c(OC[C@H]2C[C@@H]2c2ccc3ccccc3n2)n1,1,9.56,2017,ChEMBL
Cc1ncc(-c2ccc(C(=O)O)cc2)c(OC[C@H]2C[C@@H]2c2ccc3ccccc3n2)n1,1,9.96,2017,ChEMBL
Cc1ncc(-c2ccc(C(C)(C)O)nc2)c(OC[C@@H]2C[C@H]2c2ccc(Br)cn2)n1,1,8.07,2017,ChEMBL
Cc1ncc(-c2ccc(C(C)(C)O)nc2)c(OC[C@H]2CC2c2ccccn2)n1,1,8.96,2017,ChEMBL
Cc1ncc(-c2ccc(C(C)(C)O)nc2)c(OC[C@H]2C[C@@H]2c2ccc(C#N)cn2)n1,1,7.75,2017,ChEMBL
Cc1ncc(-c2ccc(C(C)(C)O)nc2)c(OC[C@H]2C[C@@H]2c2ccc(C(F)(F)F)cn2)n1,1,7.87,2017,ChEMBL
Cc1ncc(-c2ccc(C(C)(C)O)nc2)c(OC[C@H]2C[C@@H]2c2ccc(F)cn2)n1,1,9.24,2017,ChEMBL
Cc1ncc(-c2ccc(C(C)(C)O)nc2)c(OC[C@H]2C[C@@H]2c2ccc3ccccc3n2)n1,1,10.7,2017,ChEMBL
Cc1ncc(-c2ccc(C(C)(C)O)nc2)c(OC[C@H]2C[C@@H]2c2ncccc2C)n1,1,8.68,2017,ChEMBL
Cc1ncc(-c2ccc(C(C)(C)O)nc2C)c(OC[C@H]2C[C@@H]2c2ccccn2)n1,1,8.67,2017,ChEMBL
Cc1ncc(-c2ccc(C(C)O)cc2)c(OC[C@H]2C[C@@H]2c2ccc3ccccc3n2)n1,1,9.99,2017,ChEMBL
Cc1ncc(-c2ccc(C(C)O)cc2)c(OC[C@H]2C[C@@H]2c2ccccn2)n1,1,8.42,2017,ChEMBL
Cc1ncc(-c2ccc(C(F)(F)F)nc2)c(OC[C@H]2CC2c2ccccn2)n1,1,7.63,2017,ChEMBL
Cc1ncc(-c2ccc(C(F)(F)F)nc2)c(OC[C@H]2C[C@@H]2c2ccc3ccccc3n2)n1,1,9.92,2017,ChEMBL
Cc1ncc(-c2ccc(C3(O)CCCC3)nc2)c(OC[C@H]2C[C@@H]2c2ccccn2)n1,1,8.98,2017,ChEMBL
Cc1ncc(-c2ccc(CO)cc2)c(OC[C@H]2C[C@@H]2c2ccc3ccccc3n2)n1,1,9.79,2017,ChEMBL
Cc1ncc(-c2ccc(CO)nc2)c(OC[C@H]2C[C@@H]2c2ccc3ccccc3n2)n1,1,11.0,2017,ChEMBL
Cc1ncc(-c2ccc3ncc(C)n3c2)c(OC[C@H]2C[C@@H]2c2ccc3ccccc3n2)n1,1,10.7,2017,ChEMBL
Cc1ncc(-c2ccc3nccn3c2)c(OC[C@H]2C[C@@H]2c2ccc3ccccc3n2)n1,1,10.4,2017,ChEMBL
Cc1ncc(-c2cccn3ccnc23)c(OC[C@H]2C[C@@H]2c2ccc3ccccc3n2)n1,1,8.39,2017,ChEMBL
Cc1ncc(-c2cccnc2)c(OC[C@H]2C[C@@H]2c2ccc3ccccc3n2)n1,1,11.0,2017,ChEMBL
Cc1ncc(-c2ccn(C)c(=O)c2)c(OC[C@@H]2C[C@H]2c2ccc(Cl)cn2)n1,1,7.0,2016,ChEMBL
Cc1ncc(-c2ccn(C)c(=O)c2)c(OC[C@@H]2C[C@H]2c2ccc(F)cn2)n1,1,7.05,2016,ChEMBL
Cc1ncc(-c2ccn(C)c(=O)c2)c(OC[C@@H]2C[C@H]2c2ccc(OC(F)F)cn2)n1,1,7.0,2016,ChEMBL
Cc1ncc(-c2ccn(C)c(=O)c2)c(OC[C@H]2C[C@@H]2c2ccc(Cl)cn2)n1,1,7.83,2016,ChEMBL
Cc1ncc(-c2ccn(C)c(=O)c2)c(OC[C@H]2C[C@@H]2c2ccc(F)cn2)n1,1,7.56,2016,ChEMBL
Cc1ncc(-c2ccn(C)c(=O)c2)c(OC[C@H]2C[C@@H]2c2ccc(OC(F)F)cn2)n1,1,8.04,2016,ChEMBL
Cc1ncc(-c2ccn(C)c(=O)c2)c(OC[C@H]2C[C@@H]2c2ccc3c(n2)CCC3)n1,1,9.42,2016,ChEMBL
Cc1ncc(-c2ccn(C)c(=O)c2)c(OC[C@H]2C[C@@H]2c2ccc3ccccc3n2)n1,1,10.52,2016,ChEMBL
Cc1ncc(-c2ccn(C)c(=O)c2)c(OC[C@H]2C[C@@H]2c2ccccn2)n1,1,7.97,2016,ChEMBL
Cc1ncc(-c2ccncc2)c(OC[C@H]2C[C@@H]2c2ccc3ccccc3n2)n1,1,9.864999999999998,2017,ChEMBL
Cc1ncc(-c2cn(C)nc2C(C)O)c(OC[C@@H]2C[C@H]2c2ccc3c(n2)CCC3)n1,1,9.280000000000001,2017,ChEMBL
Cc1ncc(-c2cn(C)nc2C(C)O)c(OC[C@H]2C[C@@H]2c2ccccn2)n1,1,8.83,2017,ChEMBL
Cc1ncc(-c2cn(C)nc2CO)c(OC[C@H]2CC2c2ccccn2)n1,1,8.04,2017,ChEMBL
Cc1ncc(-c2cnc(C(C)(C)O)cc2C)c(OC[C@H]2C[C@@H]2c2ccccn2)n1,1,10.0,2017,ChEMBL
Cc1ncc(-c2cnc3[nH]ncc3c2)c(OC[C@H]2C[C@@H]2c2ccc3ccccc3n2)n1,1,9.725,2017,ChEMBL
Cc1ncc(-c2cnc3ccccn23)c(OC[C@H]2C[C@@H]2c2ccc3ccccc3n2)n1,1,10.22,2017,ChEMBL
Cc1ncc(-c2cncnc2)c(OC[C@H]2C[C@@H]2c2ccc3ccccc3n2)n1,1,9.379999999999999,2017,ChEMBL
Cc1ncc(-c2cnn(C)c2)c(OC[C@H]2C[C@@H]2c2ccn(C)n2)n1,1,8.49,2015,ChEMBL
Cc1ncc(-c2ncccc2F)c(OC[C@H]2C[C@@H]2c2ccc3ccccc3n2)n1,1,9.29,2017,ChEMBL
Cc1ncc(-c2nccnc2O[C@H]2C[C@@H](Nc3nc4ccccc4s3)C2)cn1,1,8.49,2015,ChEMBL
Cc1ncc(C(O)c2c3cc(Cl)cc(C)c3nc3[nH]nc(C)c23)cn1,1,8.52,2012,ChEMBL
Cc1ncc(C)n2cc(CCc3nc4c5cccnc5ccc4n3C)nc12,1,7.26,2020,ChEMBL
Cc1ncc(C)n2cc(CCc3nc4c5cccnc5ccn4n3)nc12,1,7.26,2020,ChEMBL
Cc1ncc(C)n2nc(-c3cc4nc(-c5ccccc5)cn4cc3N3CCCC3)nc12,1,8.46,2015,ChEMBL
Cc1ncc(C)n2nc(-c3ccc4cc(-c5ccccc5)nn4c3)nc12,1,6.24,2018,ChEMBL
Cc1ncc(C)n2nc(-c3ccc4nc(-c5ccc(Cl)s5)[nH]c4c3)nc12,1,6.79,2018,ChEMBL
Cc1ncc(C)n2nc(-c3ccc4nc(-c5ccc(F)cc5)[nH]c4c3)nc12,1,7.27,2018,ChEMBL
Cc1ncc(C)n2nc(-c3ccc4nc(-c5cccc(Br)c5)[nH]c4c3)nc12,1,6.84,2018,ChEMBL
Cc1ncc(C)n2nc(-c3ccc4nc(-c5cccc(F)c5)[nH]c4c3)nc12,1,6.76,2018,ChEMBL
Cc1ncc(C)n2nc(-c3ccc4nc(-c5ccccc5)[nH]c4c3)nc12,1,7.57,2018,ChEMBL
Cc1ncc(C)n2nc(-c3ccc4nc(-c5ccccc5C#N)[nH]c4c3)nc12,1,6.42,2018,ChEMBL
Cc1ncc(C)n2nc(-c3ccc4nc(-c5ccccc5F)[nH]c4c3)nc12,1,7.43,2018,ChEMBL
Cc1ncc(C)n2nc(-c3ccc4nc(-c5ccccc5OC(F)(F)F)[nH]c4c3)nc12,1,6.55,2018,ChEMBL
Cc1ncc(C)n2nc(-c3ccc4nc(-c5ccccn5)[nH]c4c3)nc12,1,7.2,2018,ChEMBL
Cc1ncc(C)n2nc(-c3ccc4nc(-c5cccnc5)[nH]c4c3)nc12,1,6.78,2018,ChEMBL
Cc1ncc(C)n2nc(-c3ccc4nc(-c5ccco5)[nH]c4c3)nc12,1,7.17,2018,ChEMBL
Cc1ncc(C)n2nc(-c3ccc4nc(-c5cccs5)[nH]c4c3)nc12,1,7.55,2018,ChEMBL
Cc1ncc(C)n2nc(-c3ccc4nc(-c5cncs5)[nH]c4c3)nc12,1,6.87,2018,ChEMBL
Cc1ncc(C)n2nc(-c3ccc4nc(-c5cscn5)[nH]c4c3)nc12,1,6.57,2018,ChEMBL
Cc1ncc(C)n2nc(-c3ccc4nc(-c5ncccc5F)[nH]c4c3)nc12,1,7.16,2018,ChEMBL
Cc1ncc(C)n2nc(-c3ccc4nc(-c5nccn5C)[nH]c4c3)nc12,1,6.55,2018,ChEMBL
Cc1ncc(C)n2nc(-c3ccc4nc(-c5nccs5)[nH]c4c3)nc12,1,7.08,2018,ChEMBL
Cc1ncc(C)n2nc(-c3cccc4nc(-c5ccccc5)[nH]c34)nc12,1,7.45,2018,ChEMBL
Cc1ncc(C)n2nc(-c3ccn4cc(-c5ccc(F)cc5)nc4n3)nc12,1,7.12,2018,ChEMBL
Cc1ncc(C)n2nc(-c3ccn4cc(-c5cccc(C6CC6)c5)nc4c3)nc12,1,9.48,2015,ChEMBL
Cc1ncc(C)n2nc(-c3ccn4cc(-c5cccc(Cl)c5)nc4n3)nc12,1,6.97,2018,ChEMBL
Cc1ncc(C)n2nc(-c3ccn4cc(-c5cccc(N6CC[C@H](F)C6)c5)nc4c3)nc12,1,9.8,2015,ChEMBL
Cc1ncc(C)n2nc(-c3ccn4cc(-c5ccccc5)nc4c3)nc12,1,10.0,2018,ChEMBL
Cc1ncc(C)n2nc(-c3ccn4cc(-c5ccccc5)nc4n3)nc12,1,7.46,2018,ChEMBL
Cc1ncc(C)n2nc(-c3ccn4cc(-c5ccccc5Br)nc4n3)nc12,1,6.84,2018,ChEMBL
Cc1ncc(C)n2nc(-c3ccn4cc(-c5ccccn5)nc4c3)nc12,1,9.8,2015,ChEMBL
Cc1ncc(C)n2nc(-c3ccn4cc(-c5ccccn5)nc4n3)nc12,1,6.94,2018,ChEMBL
Cc1ncc(C)n2nc(-c3ccn4cc(-c5nccs5)nc4n3)nc12,1,6.87,2018,ChEMBL
Cc1ncc(C)n2nc(-c3ccn4cc(C5CC5)nc4c3)nc12,1,7.58,2015,ChEMBL
Cc1ncc(C)n2nc(-c3ccn4nc(-c5ccccc5)nc4c3)nc12,1,6.57,2018,ChEMBL
Cc1ncc(C)n2nc(/C=C/c3ccc4cc(C(F)(F)F)ccc4n3)nc12,1,6.31,2015,ChEMBL
Cc1ncc(C)n2nc(/C=C/c3ccc4cc(F)ccc4n3)nc12,1,6.84,2017,ChEMBL
Cc1ncc(C)n2nc(/C=C/c3ccc4ccc(C(F)(F)F)cc4n3)nc12,1,7.074999999999999,2017,ChEMBL
Cc1ncc(C)n2nc(/C=C/c3cccc(N4CCCC4)n3)nc12,1,7.92,2017,ChEMBL
Cc1ncc(C)n2nc(/C=C/c3cn4c(n3)-c3ccccc3C4)nc12,1,8.36,2014,ChEMBL
Cc1ncc(C)n2nc(/C=C/c3cncc(N4CCCC4)n3)nc12,1,7.75,2017,ChEMBL
Cc1ncc(C)n2nc(/C=C/c3nc(N(C)C4CC4)nn3C)nc12,1,6.58,2016,ChEMBL
Cc1ncc(C)n2nc(/C=C/c3nc(N(C)CC4CC4)nn3C)nc12,1,7.1,2016,ChEMBL
Cc1ncc(C)n2nc(/C=C/c3nc(N4CCCC4)cc(N4CCOCC4)n3)nc12,1,9.44,2022,ChEMBL
Cc1ncc(C)n2nc(/C=C/c3nc(N4CCCC4)n(C)n3)nc12,1,8.17,2016,ChEMBL
Cc1ncc(C)n2nc(/C=C/c3nc(N4CCCC4)nn3C)nc12,1,7.56,2016,ChEMBL
Cc1ncc(C)n2nc(/C=C/c3nc(N4CCCC4=O)cn3-c3ccccc3)nc12,1,8.02,2017,ChEMBL
Cc1ncc(C)n2nc(/C=C/c3nc(N4CCCC4=O)cn3C)nc12,1,7.26,2017,ChEMBL
Cc1ncc(C)n2nc(/C=C/c3nc(N4CCCC4=O)cn3C3CC3)nc12,1,7.09,2017,ChEMBL
Cc1ncc(C)n2nc(/C=C/c3nc(N4CCCCCC4)nn3C)nc12,1,6.75,2016,ChEMBL
Cc1ncc(C)n2nc(/C=C/c3nc(N4CCN(C)C4=O)cn3C)nc12,1,6.79,2017,ChEMBL
Cc1ncc(C)n2nc(C#Cc3nc(N4CCCC4)nn3C)nc12,1,9.1,2016,ChEMBL
Cc1ncc(C)n2nc(C#Cc3nc(N4CCCC4=O)cn3C)nc12,1,7.54,2017,ChEMBL
Cc1ncc(C)n2nc(C3CC3c3cn4ccc5c(c4n3)OCCO5)nc12,1,7.26,2020,ChEMBL
Cc1ncc(C)n2nc(C3CC3c3nc(-c4ccccc4)cn3C)nc12,1,7.26,2020,ChEMBL
Cc1ncc(C)n2nc(C3CC3c3nc4c(C5CC5)cccn4c3C)nc12,1,7.26,2020,ChEMBL
Cc1ncc(C)n2nc(C3CC3c3nc4c(OC(F)F)cccn4c3C)nc12,1,6.52,2020,ChEMBL
Cc1ncc(C)n2nc(C3CC3c3nc4c5c(ccn4c3C)OCCO5)nc12,1,7.26,2020,ChEMBL
Cc1ncc(C)n2nc(C3CC3c3nc4c5c(ccn4c3F)OCCO5)nc12,1,7.26,2020,ChEMBL
Cc1ncc(C)n2nc(C3CC3c3nc4c5cccc(F)c5ccn4c3C)nc12,1,7.26,2020,ChEMBL
Cc1ncc(C)n2nc(C3CCC3c3cn4ccc5c(c4n3)OCCO5)nc12,1,6.52,2020,ChEMBL
Cc1ncc(C)n2nc(C3CCC3c3nc4c5cccnc5ccn4c3C)nc12,1,6.52,2020,ChEMBL
Cc1ncc(C)n2nc(C=Cc3cn4c(n3)-c3ccccc3C4)nc12,1,8.36,2015,ChEMBL
Cc1ncc(C)n2nc(CC(=O)N3CCn4c3nc3ccccc34)nc12,1,7.36,2019,ChEMBL
Cc1ncc(C)n2nc(CC(=O)N3c4nc5ccccc5n4C[C@@H]3C)nc12,1,8.08,2019,ChEMBL
Cc1ncc(C)n2nc(CC(C)c3nc(N4CCCC4)nn3C)nc12,1,6.49,2016,ChEMBL
Cc1ncc(C)n2nc(CC(C)c3nc4c5cccnc5ccc4n3C)nc12,1,7.26,2020,ChEMBL
Cc1ncc(C)n2nc(CCc3c[nH]c(-c4ccc(F)cc4)n3)nc12,1,7.92,2015,ChEMBL
Cc1ncc(C)n2nc(CCc3c[nH]c(-c4ccccc4)n3)nc12,1,8.38,2015,ChEMBL
Cc1ncc(C)n2nc(CCc3c[nH]c(-c4ccco4)n3)nc12,1,9.01,2015,ChEMBL
Cc1ncc(C)n2nc(CCc3c[nH]c(-c4cccs4)n3)nc12,1,9.435,2015,ChEMBL
Cc1ncc(C)n2nc(CCc3c[nH]c(-c4ccoc4)n3)nc12,1,9.57,2015,ChEMBL
Cc1ncc(C)n2nc(CCc3c[nH]c(-c4cncs4)n3)nc12,1,8.19,2015,ChEMBL
Cc1ncc(C)n2nc(CCc3c[nH]c(-c4cscn4)n3)nc12,1,8.46,2015,ChEMBL
Cc1ncc(C)n2nc(CCc3c[nH]c(-c4nccs4)n3)nc12,1,9.2,2015,ChEMBL
Cc1ncc(C)n2nc(CCc3cc(F)c4ccccc4n3)nc12,1,7.38,2017,ChEMBL
Cc1ncc(C)n2nc(CCc3cc(O)c4cc(F)ccc4n3)nc12,1,6.885,2017,ChEMBL
Cc1ncc(C)n2nc(CCc3cc(O)c4ccc(F)cc4n3)nc12,1,6.41,2017,ChEMBL
Cc1ncc(C)n2nc(CCc3ccc4c(Cl)cc(Cl)cc4n3)nc12,1,7.41,2015,ChEMBL
Cc1ncc(C)n2nc(CCc3ccc4c(F)c(F)cc(F)c4n3)nc12,1,6.44,2015,ChEMBL
Cc1ncc(C)n2nc(CCc3ccc4c(F)cc(F)cc4n3)nc12,1,6.96,2015,ChEMBL
Cc1ncc(C)n2nc(CCc3ccc4c(F)ccc(F)c4n3)nc12,1,6.12,2020,ChEMBL
Cc1ncc(C)n2nc(CCc3ccc4c(F)cccc4n3)nc12,1,6.73,2017,ChEMBL
Cc1ncc(C)n2nc(CCc3ccc4c(n3)N(C)C(C)CO4)nc12,1,6.52,2017,ChEMBL
Cc1ncc(C)n2nc(CCc3ccc4c(n3)NC(C)(C)CO4)nc12,1,6.52,2017,ChEMBL
Cc1ncc(C)n2nc(CCc3ccc4c(n3)NC(C)CC4)nc12,1,7.26,2017,ChEMBL
Cc1ncc(C)n2nc(CCc3ccc4c(n3)NC(C)CO4)nc12,1,7.26,2017,ChEMBL
Cc1ncc(C)n2nc(CCc3ccc4c(n3)N[C@@H](C)CC4)nc12,1,7.26,2017,ChEMBL
Cc1ncc(C)n2nc(CCc3ccc4c(n3)N[C@@H](C)CO4)nc12,1,6.52,2017,ChEMBL
Cc1ncc(C)n2nc(CCc3ccc4c(n3)N[C@H](C)CC4)nc12,1,7.26,2017,ChEMBL
Cc1ncc(C)n2nc(CCc3ccc4c(n3)N[C@H](C)CO4)nc12,1,7.26,2017,ChEMBL
Cc1ncc(C)n2nc(CCc3ccc4cc(C#N)c(Cl)cc4n3)nc12,1,7.23,2015,ChEMBL
Cc1ncc(C)n2nc(CCc3ccc4cc(Cl)cc(F)c4n3)nc12,1,6.62,2015,ChEMBL
Cc1ncc(C)n2nc(CCc3ccc4cc(Cl)ccc4n3)nc12,1,7.38,2015,ChEMBL
Cc1ncc(C)n2nc(CCc3ccc4cc(F)cc(F)c4n3)nc12,1,6.52,2015,ChEMBL
Cc1ncc(C)n2nc(CCc3ccc4cc(F)ccc4n3)nc12,1,7.43,2017,ChEMBL
Cc1ncc(C)n2nc(CCc3ccc4cc5c(cc4n3)OC(F)(F)O5)nc12,1,6.28,2015,ChEMBL
Cc1ncc(C)n2nc(CCc3ccc4cc5c(cc4n3)OCCO5)nc12,1,8.4,2015,ChEMBL
Cc1ncc(C)n2nc(CCc3ccc4cc5c(cc4n3)OCO5)nc12,1,7.89,2015,ChEMBL
Cc1ncc(C)n2nc(CCc3ccc4ccc(C(F)(F)F)cc4n3)nc12,1,7.51,2017,ChEMBL
Cc1ncc(C)n2nc(CCc3ccc4ccc(Cl)c(Cl)c4n3)nc12,1,6.12,2020,ChEMBL
Cc1ncc(C)n2nc(CCc3ccc4ccc(Cl)cc4n3)nc12,1,7.345000000000001,2017,ChEMBL
Cc1ncc(C)n2nc(CCc3ccc4ccc(F)cc4n3)nc12,1,7.04,2017,ChEMBL
Cc1ncc(C)n2nc(CCc3ccc4ccc5ccccc5c4n3)nc12,1,6.12,2020,ChEMBL
Cc1ncc(C)n2nc(CCc3ccc4ccccc4n3)nc12,1,7.72,2017,ChEMBL
Cc1ncc(C)n2nc(CCc3cccc(N4CCCC4)n3)nc12,1,8.35,2017,ChEMBL
Cc1ncc(C)n2nc(CCc3cn(C)c(-c4ccccc4)n3)nc12,1,7.35,2015,ChEMBL
Cc1ncc(C)n2nc(CCc3cn(C)c(-c4ccco4)n3)nc12,1,8.96,2015,ChEMBL
Cc1ncc(C)n2nc(CCc3cn(C)c(-c4cccs4)n3)nc12,1,9.0,2015,ChEMBL
Cc1ncc(C)n2nc(CCc3cn(C)c(-c4cncs4)n3)nc12,1,7.66,2015,ChEMBL
Cc1ncc(C)n2nc(CCc3cn(C)c(-c4cscn4)n3)nc12,1,7.96,2015,ChEMBL
Cc1ncc(C)n2nc(CCc3cn(C)c(-c4nccs4)n3)nc12,1,8.11,2015,ChEMBL
Cc1ncc(C)n2nc(CCc3cn4c(n3)-c3c(F)cccc3C4)nc12,1,9.1,2015,ChEMBL
Cc1ncc(C)n2nc(CCc3cn4c(n3)-c3cc(F)ccc3C4)nc12,1,8.51,2014,ChEMBL
Cc1ncc(C)n2nc(CCc3cn4c(n3)-c3ccc(F)cc3C4)nc12,1,9.74,2015,ChEMBL
Cc1ncc(C)n2nc(CCc3cn4c(n3)-c3cccc(F)c3C4)nc12,1,8.92,2015,ChEMBL
Cc1ncc(C)n2nc(CCc3cn4c(n3)-c3ccccc3C4)nc12,1,9.4,2014,ChEMBL
Cc1ncc(C)n2nc(CCc3cn4c(n3)-c3ccccc3C4C(C)(C)O)nc12,1,7.68,2014,ChEMBL
Cc1ncc(C)n2nc(CCc3cn4c(n3)-c3ccccc3CC4)nc12,1,9.09,2015,ChEMBL
Cc1ncc(C)n2nc(CCc3cn4ccccc4n3)nc12,1,7.26,2020,ChEMBL
Cc1ncc(C)n2nc(CCc3cncc(N4CCCC4)n3)nc12,1,6.85,2017,ChEMBL
Cc1ncc(C)n2nc(CCc3nc(-c4ccccc4)cn3C)nc12,1,8.74,2017,ChEMBL
Cc1ncc(C)n2nc(CCc3nc(-c4cccnc4)cn3C)nc12,1,8.05,2015,ChEMBL
Cc1ncc(C)n2nc(CCc3nc(-c4ccco4)nn3C)nc12,1,8.34,2012,ChEMBL
Cc1ncc(C)n2nc(CCc3nc(-c4cccs4)cn3C)nc12,1,9.41,2015,ChEMBL
Cc1ncc(C)n2nc(CCc3nc(-c4ccncc4)cn3C)nc12,1,9.26,2015,ChEMBL
Cc1ncc(C)n2nc(CCc3nc(-c4ccoc4)cn3C)nc12,1,8.54,2015,ChEMBL
Cc1ncc(C)n2nc(CCc3nc(-c4cnccn4)cn3C)nc12,1,9.28,2015,ChEMBL
Cc1ncc(C)n2nc(CCc3nc(-c4cncnc4)cn3C)nc12,1,9.36,2015,ChEMBL
Cc1ncc(C)n2nc(CCc3nc(-c4cncs4)cn3C)nc12,1,8.16,2015,ChEMBL
Cc1ncc(C)n2nc(CCc3nc(-c4cscn4)cn3C)nc12,1,8.89,2015,ChEMBL
Cc1ncc(C)n2nc(CCc3nc(-c4nccs4)cn3C)nc12,1,8.57,2015,ChEMBL
Cc1ncc(C)n2nc(CCc3nc(-n4ccccc4=O)cn3C)nc12,1,6.71,2017,ChEMBL
Cc1ncc(C)n2nc(CCc3nc(-n4ccccc4=O)cn3CC3CC3)nc12,1,6.82,2017,ChEMBL
Cc1ncc(C)n2nc(CCc3nc(N(C)C)nn3C)nc12,1,6.48,2016,ChEMBL
Cc1ncc(C)n2nc(CCc3nc(N(C)C4CC4)nn3C)nc12,1,7.37,2016,ChEMBL
Cc1ncc(C)n2nc(CCc3nc(N4CC(C)C4)nn3C)nc12,1,6.97,2016,ChEMBL
Cc1ncc(C)n2nc(CCc3nc(N4CC(F)(F)C4)nn3C)nc12,1,6.32,2016,ChEMBL
Cc1ncc(C)n2nc(CCc3nc(N4CC(F)C4)nn3C)nc12,1,7.25,2016,ChEMBL
Cc1ncc(C)n2nc(CCc3nc(N4CC5CCC5C4)nn3C)nc12,1,6.56,2016,ChEMBL
Cc1ncc(C)n2nc(CCc3nc(N4CCC(C(F)F)C4)nn3C)nc12,1,7.32,2016,ChEMBL
Cc1ncc(C)n2nc(CCc3nc(N4CCC(F)(F)C4)nn3C)nc12,1,6.78,2016,ChEMBL
Cc1ncc(C)n2nc(CCc3nc(N4CCC(O)C4)nn3C)nc12,1,6.88,2016,ChEMBL
Cc1ncc(C)n2nc(CCc3nc(N4CCC4)nn3C)nc12,1,8.85,2016,ChEMBL
Cc1ncc(C)n2nc(CCc3nc(N4CCC5(CC5)C4)nn3C)nc12,1,7.86,2016,ChEMBL
Cc1ncc(C)n2nc(CCc3nc(N4CCCC4)n(C)n3)nc12,1,8.57,2016,ChEMBL
Cc1ncc(C)n2nc(CCc3nc(N4CCCC4)n(C4CC4)n3)nc12,1,8.09,2016,ChEMBL
Cc1ncc(C)n2nc(CCc3nc(N4CCCC4)n(CC4CC4)n3)nc12,1,8.18,2016,ChEMBL
Cc1ncc(C)n2nc(CCc3nc(N4CCCC4)n[nH]3)nc12,1,8.73,2016,ChEMBL
Cc1ncc(C)n2nc(CCc3nc(N4CCCC4)nn3-c3ccccc3)nc12,1,9.54,2016,ChEMBL
Cc1ncc(C)n2nc(CCc3nc(N4CCCC4)nn3C)nc12,1,8.24,2016,ChEMBL
Cc1ncc(C)n2nc(CCc3nc(N4CCCC4)nn3C3CC3)nc12,1,8.69,2016,ChEMBL
Cc1ncc(C)n2nc(CCc3nc(N4CCCC4)nn3CC(F)(F)F)nc12,1,7.77,2016,ChEMBL
Cc1ncc(C)n2nc(CCc3nc(N4CCCC4)nn3CC(F)F)nc12,1,8.49,2016,ChEMBL
Cc1ncc(C)n2nc(CCc3nc(N4CCCC4)nn3CC3CC3)nc12,1,8.88,2016,ChEMBL
Cc1ncc(C)n2nc(CCc3nc(N4CCCC4=O)cn3-c3ccccc3)nc12,1,8.89,2017,ChEMBL
Cc1ncc(C)n2nc(CCc3nc(N4CCCC4=O)cn3C)nc12,1,7.75,2017,ChEMBL
Cc1ncc(C)n2nc(CCc3nc(N4CCCC4=O)cn3C3CC3)nc12,1,7.57,2017,ChEMBL
Cc1ncc(C)n2nc(CCc3nc(N4CCCC4=O)cn3CC(F)(F)F)nc12,1,7.43,2017,ChEMBL
Cc1ncc(C)n2nc(CCc3nc(N4CCCC4=O)cn3CC(F)F)nc12,1,7.33,2017,ChEMBL
Cc1ncc(C)n2nc(CCc3nc(N4CCCC4=O)cn3CC3CC3)nc12,1,7.77,2017,ChEMBL
Cc1ncc(C)n2nc(CCc3nc(N4CCCC4=O)nn3C)nc12,1,6.54,2016,ChEMBL
Cc1ncc(C)n2nc(CCc3nc(N4CCCC4C)nn3C)nc12,1,7.55,2016,ChEMBL
Cc1ncc(C)n2nc(CCc3nc(N4CCCCC4)nn3C)nc12,1,7.5,2016,ChEMBL
Cc1ncc(C)n2nc(CCc3nc(N4CCC[C@@H]4C(F)(F)F)nn3C)nc12,1,7.47,2016,ChEMBL
Cc1ncc(C)n2nc(CCc3nc(N4CCC[C@@H]4C)nn3C)nc12,1,8.26,2016,ChEMBL
Cc1ncc(C)n2nc(CCc3nc(N4CCC[C@H]4C)nn3C)nc12,1,7.24,2016,ChEMBL
Cc1ncc(C)n2nc(CCc3nc(N4CC[C@@H](C)C4)nn3C)nc12,1,8.05,2016,ChEMBL
Cc1ncc(C)n2nc(CCc3nc(N4CC[C@@H](F)C4)nn3C)nc12,1,7.97,2016,ChEMBL
Cc1ncc(C)n2nc(CCc3nc(N4CC[C@@H](NC(=O)OC(C)(C)C)C4)nn3C)nc12,1,6.77,2016,ChEMBL
Cc1ncc(C)n2nc(CCc3nc(N4CC[C@H](C)C4)nn3C)nc12,1,8.26,2016,ChEMBL
Cc1ncc(C)n2nc(CCc3nc(N4CC[C@H](F)C4)nn3C)nc12,1,6.91,2016,ChEMBL
Cc1ncc(C)n2nc(CCc3nc4c(ccc5ncccc54)[nH]3)cc12,1,7.26,2020,ChEMBL
Cc1ncc(C)n2nc(CCc3nc4c5c(ccn4c3C)NCCO5)nc12,1,7.26,2020,ChEMBL
Cc1ncc(C)n2nc(CCc3nc4c5cccnc5ccn4n3)cc12,1,7.26,2020,ChEMBL
Cc1ncc(C)n2nc(CCc3nc4c5cccnc5ccn4n3)nc12,1,7.26,2020,ChEMBL
Cc1ncc(C)n2nc(CCc3nc4ccc5ncccc5n4n3)nc12,1,6.609999999999999,2020,ChEMBL
Cc1ncc(C)n2nc([C@@H]3C[C@H]3c3nc(-c4ccccc4)cn3C)nc12,1,6.89,2020,ChEMBL
Cc1ncc(C)n2nc([C@H]3C[C@@H]3c3nc4c5cccnc5ccc4n3C)nc12,1,6.52,2020,ChEMBL
Cc1ncc(C)n2nc([C@H]3C[C@@H]3c3nc4c5cccnc5ccn4c3C)nc12,1,6.52,2020,ChEMBL
Cc1ncc(C2(O)CCC3(CC2)OCCO3)c(OC[C@H]2C[C@@H]2c2ccc3ccccc3n2)n1,1,8.2,2017,ChEMBL
Cc1ncc(C2CCC(=O)CC2)c(OC[C@H]2C[C@@H]2c2ccc3ccccc3n2)n1,1,10.22,2017,ChEMBL
Cc1ncc(C2CCC3(CC2)OCCO3)c(OC[C@@H](C)Cc2ccc3ccccc3n2)n1,1,9.14,2017,ChEMBL
Cc1ncc(C2CCC3(CC2)OCCO3)c(OC[C@H]2C[C@@H]2c2ccc3ccccc3n2)n1,1,10.22,2017,ChEMBL
Cc1ncc(C2CCC3(CC2)OCCO3)c(OC[C@H]2C[C@H]2c2ccccn2)n1,1,7.56,2017,ChEMBL
Cc1ncc(CNc2cc(OC[C@@H]3C[C@H]3c3nn(C)c4ccccc34)nn(C)c2=O)s1,1,10.11,2016,ChEMBL
Cc1ncc(CNc2cc(OC[C@H]3C[C@@H]3c3ccc(Cl)cn3)nn(C)c2=O)s1,1,10.19,2016,ChEMBL
Cc1ncc(CNc2cc(OC[C@H]3C[C@@H]3c3ccc(F)cn3)nn(C)c2=O)s1,1,9.76,2016,ChEMBL
Cc1ncc(CNc2cc(OC[C@H]3C[C@@H]3c3ccc(OC(F)F)cn3)nn(C)c2=O)s1,1,9.96,2016,ChEMBL
Cc1ncc(CNc2cc(OC[C@H]3C[C@@H]3c3ccccn3)nc3ccnn23)s1,1,9.96,2015,ChEMBL
Cc1ncc(CNc2cc(OC[C@H]3C[C@@H]3c3ccn(C)n3)nn(C)c2=O)s1,1,10.05,2016,ChEMBL
Cc1ncc(CNc2cc(OC[C@H]3C[C@@H]3c3nn(C)c4ccccc34)nn(C)c2=O)s1,1,8.67,2016,ChEMBL
Cc1ncc(CNc2nc(C3CC3)nc(Cl)c2C)s1,1,7.58,2015,ChEMBL
Cc1ncc(NC(=O)c2nc(C3CC3)cnc2Nc2cncnc2)c(C(=O)NCC(C)(C)O)n1,1,9.22,2014,ChEMBL
Cc1ncc(Nc2cncnc2)c(C(=O)Nc2cn(C)nc2C(=O)NCC(C)(C)O)n1,1,7.1,2014,ChEMBL
Cc1ncc([C@@H]2CCC3(C[C@H]2O)OCCO3)c(OC[C@H]2C[C@@H]2c2ccc3ccccc3n2)n1,1,8.15,2017,ChEMBL
Cc1ncc([C@H]2CC[C@@H](O)CC2)c(OC[C@H]2C[C@H]2c2ccc3ccccc3n2)n1,1,10.15,2017,ChEMBL
Cc1ncc([C@H]2CC[C@H](O)CC2)c(OC[C@H]2C[C@@H]2c2ccccn2)n1,1,8.32,2017,ChEMBL
Cc1ncc([C@H]2CC[C@H](O)CC2)c(OC[C@H]2C[C@H]2c2ccc3ccccc3n2)n1,1,11.0,2017,ChEMBL
Cc1ncc2c(n1)CCN(c1ncnn3c(C)nc(-c4ccccc4F)c13)C2,1,7.73,2015,ChEMBL
Cc1ncc2c(n1)CCN(c1ncnn3c(C)nc([C@@H]4CCOC4)c13)C2,1,8.35,2015,ChEMBL
Cc1nccc(-c2ccc(-c3nc4ccncc4c(O)c3C#N)cc2)c1Cl,1,9.0,2012,ChEMBL
Cc1ncccc1-c1nc(C)c2c(C)nc3ccc(C(F)(F)F)cc3n12,1,8.17,2011,ChEMBL
Cc1ncccc1-c1nc(C)c2c(C)nc3scnc3n12,1,7.37,2019,ChEMBL
Cc1ncccc1-c1nccnc1OC1CN(c2ccc3ccccc3n2)C1,0,4.01,2014,ChEMBL
Cc1ncccc1-c1nccnc1O[C@H]1C[C@@H](Nc2nc3ccccc3s2)C1,1,8.71,2015,ChEMBL
Cc1ncccc1-c1nnc2c(C)nc3ccc(Cl)cc3n12,1,6.42,2017,ChEMBL
Cc1ncccc1-c1nnc2c(C)nc3ccc(F)cc3n12,1,6.0,2017,ChEMBL
Cc1nccn2nc(-c3ccn4c(C)c(-c5ccccc5)nc4c3)nc12,1,8.62,2015,ChEMBL
Cc1ncsc1CNc1nc(-n2cc(-c3cnccn3)cn2)nc(N)c1Br,1,7.78,2016,ChEMBL
Cc1ncsc1CNc1nc(-n2ncc3ccccc32)nc(N)c1Br,1,8.54,2016,ChEMBL
Cc1ncsc1CNc1nc(-n2ncc3ccncc32)nc(N)c1Br,1,9.4,2016,ChEMBL
Cc1ncsc1CNc1nc(-n2ncc3cnccc32)nc(N)c1Br,1,9.52,2016,ChEMBL
Cc1ncsc1CNc1nc(-n2ncc3ncccc32)nc(N)c1Br,1,9.22,2016,ChEMBL
Cc1nn(C)c(C)c1-c1ccc(-c2nc3ccncc3c(O)c2C#N)cc1,1,7.89,2012,ChEMBL
Cc1nn(C)c(Cl)c1CNc1cc(OC[C@H]2C[C@@H]2c2ccn(C)n2)nn(C)c1=O,1,7.93,2016,ChEMBL
Cc1nn2ccc(C#Cc3nc(-c4ccccc4)cn3C)nc2c1C,1,8.82,2019,ChEMBL
Cc1nn2ccc(C#Cc3nc(N4CCCC4)nn3C)nc2c1C,1,8.59,2017,ChEMBL
Cc1nn2ccc(CCc3cccc(N4CCCC4)n3)nc2c1C,1,6.52,2017,ChEMBL
Cc1nn2ccc(CCc3nc(-c4ccccc4)cn3C)nc2c1C,1,8.62,2019,ChEMBL
Cc1nn2ccc(CCc3nc(N4CCCC4)nn3C)nc2c1C,1,8.68,2017,ChEMBL
Cc1nn2ccc(OCc3cccc(N4CCCC4)n3)nc2c1C,1,7.16,2017,ChEMBL
Cc1nn2ccc(OCc3nc(-c4ccccc4)cn3C)nc2c1C,1,8.47,2019,ChEMBL
Cc1nnc(-c2cnn(C)c2C(=O)NC2CCn3cc(-c4cc(F)ccc4F)nc3C2)s1,1,7.28,2017,ChEMBL
Cc1nnc(CN(C)c2cc(OC[C@H]3C[C@@H]3c3ccc4ccccc4n3)nn(C)c2=O)s1,1,9.04,2016,ChEMBL
Cc1nnc(CNc2c(F)c(OC[C@H]3C[C@@H]3c3ccccn3)nc3ccnn23)s1,1,10.1,2015,ChEMBL
Cc1nnc(CNc2cc(OC[C@H]3C[C@@H]3c3ccc(Cl)cn3)nn(C)c2=O)s1,1,10.09,2016,ChEMBL
Cc1nnc(CNc2cc(OC[C@H]3C[C@@H]3c3ccc(F)cn3)nn(C)c2=O)s1,1,9.27,2016,ChEMBL
Cc1nnc(CNc2cc(OC[C@H]3C[C@@H]3c3ccc(OC(F)F)cn3)nn(C)c2=O)s1,1,9.8,2016,ChEMBL
Cc1nnc(CNc2cc(OC[C@H]3C[C@@H]3c3ccccn3)nc(CF)n2)s1,1,8.96,2015,ChEMBL
Cc1nnc(CNc2cc(OC[C@H]3C[C@@H]3c3ccccn3)nc3cccnc23)s1,1,9.96,2023,ChEMBL
Cc1nnc(CNc2cc(OC[C@H]3C[C@@H]3c3ccn(C)n3)nn(C)c2=O)s1,1,10.0,2016,ChEMBL
Cc1nnc(CNc2cc(OC[C@H]3C[C@@H]3c3nn(C)c4ccccc34)nn(C)c2=O)s1,1,9.04,2016,ChEMBL
Cc1nnc(CNc2nc(N)nc(OC[C@H]3C[C@@H]3c3ccc(Cl)cn3)c2F)s1,1,8.44,2015,ChEMBL
Cc1nnc(CNc2nc(N)nc(OC[C@H]3C[C@@H]3c3ccc4c(n3)CCC4)c2F)s1,1,10.05,2015,ChEMBL
Cc1nnc2ccc(C#Cc3nc(N4CCCC4)nn3C)nn12,1,7.42,2017,ChEMBL
Cc1nnc2ccc(CCc3nc(N4CCCC4)nn3C)nn12,1,6.27,2017,ChEMBL
Cc1noc(C)c1-c1ccc(CNc2c(C)nc3c(N4CCOCC4)nccn23)cc1,1,6.29,2017,ChEMBL
Cc1noc(C)c1-c1ccc(Cn2c(C)nc3c(N4CCOCC4)ncnc32)cc1,1,6.92,2017,ChEMBL
Cc1noc(C)c1CNc1cc(OC[C@H]2C[C@@H]2c2ccn(C)n2)nn(C)c1=O,1,8.39,2016,ChEMBL
Cc1noc(C2CCN(c3nccnc3C3CN(c4ccc5ccccc5n4)C3)C2)n1,1,9.0,2017,ChEMBL
Cc1noc(COc2nc(N3CC(c4nc5ccccc5n4C)C3)cc(-n3nc(C)nc3C)n2)n1,1,9.15,2016,ChEMBL
Cc1nsc(-c2cnn(C)c2C(=O)NC2CCn3nc(-c4ccccc4)nc3C2)n1,1,7.28,2017,ChEMBL
Cc1oc(-c2ccccc2)nc1CC(C)(C)NC(=O)c1c(C(=O)N2CCC2)cnn1C,1,7.11,2014,ChEMBL
Cc1oc(-c2ccccc2)nc1CCNC(=O)c1c(C(=O)N(C)C2CC2)cnn1C,1,7.86,2014,ChEMBL
Cc1oc(-c2ccccc2)nc1CCNC(=O)c1c(C(=O)N2CC(F)C2)cnn1C,1,7.73,2014,ChEMBL
Cc1oc(-c2ccccc2)nc1CCNC(=O)c1c(C(=O)N2CC3(COC3)C2)cnn1C,1,6.63,2014,ChEMBL
Cc1oc(-c2ccccc2)nc1CCNC(=O)c1c(C(=O)N2CCC2)cnn1C,1,7.84,2014,ChEMBL
Cc1oc(-c2ccccc2)nc1CCNC(=O)c1c(C(=O)N2CCCC2)cnn1C,1,7.56,2014,ChEMBL
Cc1oc(-c2ccccc2)nc1CCNC(=O)c1c(C(=O)N2CCOCC2)cnn1C,1,7.34,2014,ChEMBL
Cc1oc(-c2ccccc2)nc1CCNC(=O)c1c(C(=O)N2CCSCC2)cnn1C,1,6.59,2014,ChEMBL
Cc1sc(-c2ccccc2)nc1CCNC(=O)c1c(C(=O)N2CCC2)cnn1C,1,7.78,2014,ChEMBL
Cc1sc(CCNC(=O)c2c(C(=O)N3CCC3)nnn2C)nc1-c1ccccc1,1,6.75,2014,ChEMBL
Cl.O=C(Nc1ccc2ccccc2n1)/C(=C/c1ccccc1)c1ccccc1,1,6.36,2019,ChEMBL
Clc1cc(Cl)n2nccc2n1,0,4.62,2016,ChEMBL
Clc1cc(N2CCOCC2)c2nc([C@H]3C[C@H](c4ccc5ccccc5n4)C3)cn2n1,1,7.72,2015,ChEMBL
Clc1ccc(-c2cccnc2Oc2ccc(Nc3nc4ccccc4s3)cc2)cn1,1,8.98,2014,ChEMBL
Clc1ccc(-c2nccnc2C2CN(c3ncc4ccccc4n3)C2)cc1,1,8.32,2017,ChEMBL
Clc1ccc(-c2nccnc2O[C@H]2C[C@@H](Nc3nc4ccccc4s3)C2)cn1,1,8.12,2015,ChEMBL
Clc1ccc(C2=CCOCC2)c(O[C@H]2C[C@@H](Nc3nc4ccccc4s3)C2)n1,1,8.45,2015,ChEMBL
Clc1ccc(N[C@H]2C[C@@H](Oc3ncccc3C3CCOCC3)C2)nc1,1,7.33,2015,ChEMBL
Clc1ccc(N[C@H]2C[C@H](Oc3ncccc3C3CCOCC3)C2)nc1,1,6.145,2015,ChEMBL
Clc1ccc2nc(/C=C/c3cccc(N4CCCC4)n3)nc(N3CCOCC3)c2c1,1,8.2,2017,ChEMBL
Clc1ccc2nc(CCc3cccc(N4CCCC4)n3)nc(N3CCOCC3)c2c1,1,8.48,2017,ChEMBL
Clc1ccc2nc(N3CC(c4nccnc4-c4ccccc4)C3)[nH]c2c1,1,7.3,2017,ChEMBL
Clc1ccc2nc(OCc3cccc(N4CCCC4)n3)nc(N3CCOCC3)c2c1,1,8.6,2017,ChEMBL
Clc1ccc2nc(OCc3cccc(N4CCCC4)n3)nc(OC3CCCOC3)c2c1,1,7.03,2017,ChEMBL
Clc1ccc2ncc(CCc3n[nH]c(N4CCCC4)n3)nc2c1,1,7.48,2016,ChEMBL
Clc1cccc(-c2nccnc2C2CN(c3ncc4ccccc4n3)C2)c1,1,8.21,2017,ChEMBL
Clc1cccc2nc(CSc3nc(-c4ccccc4)cn3CCN3CCOCC3)nn12,1,7.48,2017,ChEMBL
Clc1ccccc1-c1nccnc1C1CN(c2ncc3ccccc3n2)C1,1,7.51,2017,ChEMBL
Clc1cccn2cc(C3CCC3c3cn4cccc(Cl)c4n3)nc12,1,6.52,2020,ChEMBL
Clc1cccn2nc(CSc3nc(-c4ccccc4)cn3CCN3CCOCC3)nc12,1,7.77,2017,ChEMBL
Cn1c(-c2cnc(NC(=O)c3cccc(C#N)c3)s2)nc2ccccc21,1,6.92,2016,ChEMBL
Cn1c(=O)[nH]c2ccc(-c3nccnc3C3CN(c4ncc5ccccc5n4)C3)cc21,1,8.38,2017,ChEMBL
Cn1c(=O)c(N2CC(c3nc4cc(F)ccc4n3-c3ccccc3)C2)nc2ccccc21,1,9.22,2025,ChEMBL
Cn1c(C(=O)N2CC(c3nccnc3-c3ccccc3)C2)nc2ccccc21,1,6.74,2017,ChEMBL
Cn1c(C(=O)N2CC(c3nccnc3N3CCC(O)CC3)C2)nc2ccccc21,1,6.46,2017,ChEMBL
Cn1c(C(=O)N2CC(c3nccnc3N3CCCCC3)C2)nc2ccccc21,1,6.87,2017,ChEMBL
Cn1c(C(=O)c2ccc(Oc3ncccc3-c3cc[nH]c(=O)c3)cc2)nc2ccccc21,1,8.89,2014,ChEMBL
Cn1c(C(=O)c2ccc(Oc3ncccc3-c3ccccc3)cc2)nc2ccccc21,1,7.73,2015,ChEMBL
Cn1c(C(=O)c2ccc(Oc3ncccc3-c3cccnc3)cc2)nc2ccccc21,1,8.43,2015,ChEMBL
Cn1c(C(=O)c2ccc(Oc3ncccc3-c3ccnc(Cl)c3)cc2)nc2ccccc21,1,7.99,2014,ChEMBL
Cn1c(C(=O)c2ccc(Oc3ncccc3-c3ccnc(F)c3)cc2)nc2ccccc21,1,7.99,2014,ChEMBL
Cn1c(C(=O)c2ccc(Oc3ncccc3C3(F)CCOCC3)cc2)nc2ccccc21,1,9.13,2014,ChEMBL
Cn1c(C(=O)c2ccc(Oc3ncccc3C3=CCOCC3)cc2)nc2ccccc21,1,9.16,2014,ChEMBL
Cn1c(C(=O)c2ccc(Oc3ncccc3C3CCOCC3)cc2)nc2cc(F)ccc21,1,9.03,2014,ChEMBL
Cn1c(C(=O)c2ccc(Oc3ncccc3C3CCOCC3)cc2)nc2ccccc21,1,9.29,2014,ChEMBL
Cn1c(C(=O)c2ccc(Oc3nccnc3N3CCOCC3)cc2)nc2ccccc21,1,7.9,2013,ChEMBL
Cn1c(C2CC2c2ccc3ccccc3n2)nc2c3cccnc3ccc21,1,6.52,2020,ChEMBL
Cn1c(CCCCOc2cn(CC3CC3)nc(-c3ccnn3-c3ccccc3)c2=O)nc2ccccc21,1,6.12,2016,ChEMBL
Cn1c(CCCOc2cn(CC3CC3)nc(-c3ccnn3-c3ccccc3)c2=O)nc2ccccc21,1,9.09,2016,ChEMBL
Cn1c(CCOc2cn(CC3CC3)nc(-c3ccnn3-c3ccccc3)c2=O)nc2ccccc21,1,7.6,2016,ChEMBL
Cn1c(CCc2cccc(-c3ccccn3)n2)nc2c3cccnc3ccc21,1,6.12,2020,ChEMBL
Cn1c(CCc2nc3ccccc3o2)nc2c3cccnc3ccc21,1,6.609999999999999,2020,ChEMBL
Cn1c(CCc2nc3ccccn3n2)nc2c3cccnc3ccc21,1,7.26,2020,ChEMBL
Cn1c(CCc2nc3ccccn3n2)nc2c3ncccc3ccc21,1,6.609999999999999,2020,ChEMBL
Cn1c(CCc2nc3ccccn3n2)nc2c3nccnc3ccc21,1,6.609999999999999,2020,ChEMBL
Cn1c(Cl)nc(C(=O)N2CCC2)c1C(=O)NCCc1nc2ccccc2n1C,1,6.18,2014,ChEMBL
Cn1c(Nc2ccc(Oc3ncccc3-c3cccnc3)cc2)nc2ccccc21,1,9.6,2014,ChEMBL
Cn1c(Nc2ccc(Oc3nccnc3N3CCC(CO)CC3)cc2)nc2ccccc21,1,10.25,2012,ChEMBL
Cn1c(OCCOc2cn(CC3CC3)nc(-c3ccnn3-c3ccccc3)c2=O)nc2ccccc21,1,8.39,2016,ChEMBL
Cn1c([C@@H]2C[C@H]2c2ccc3ccccc3n2)nc2c3cccnc3ccc21,1,6.52,2020,ChEMBL
Cn1c([C@H]2C[C@@H]2c2ccc3ccccc3n2)nc2c3cccnc3ccc21,1,7.26,2020,ChEMBL
Cn1c2ccccc2c2cc(C3(COc4ncccc4-c4cncnc4)CC3)cnc21,1,6.01,2014,ChEMBL
Cn1c2ccccc2c2cc(CCOc3ncccc3-c3ccc(Cl)cc3)cnc21,1,6.23,2014,ChEMBL
Cn1c2ccccc2c2cc(CCOc3ncccc3-c3ccc(F)cc3)cnc21,1,7.16,2014,ChEMBL
Cn1c2ccccc2c2cc(CCOc3ncccc3-c3ccncc3)cnc21,1,7.98,2014,ChEMBL
Cn1c2ccccc2c2cc(CCOc3ncccc3-c3cncnc3)cnc21,1,7.62,2014,ChEMBL
Cn1c2ccccc2c2cc(CCOc3nccnc3-c3ccc(Cl)cc3)cnc21,1,6.72,2014,ChEMBL
Cn1c2ccccc2c2cc(CCOc3nccnc3-c3ccc(F)cc3)cnc21,1,7.38,2014,ChEMBL
Cn1c2ccccc2c2cc(CCOc3nccnc3-c3ccncc3)cnc21,1,7.95,2014,ChEMBL
Cn1c2ccccc2c2cc(CCOc3nccnc3-c3cncnc3)cnc21,1,7.17,2014,ChEMBL
Cn1cc(-c2cc3ccncc3nc2OC[C@H]2C[C@@H]2c2ccc3ncccc3n2)cn1,1,10.4,2015,ChEMBL
Cn1cc(-c2ccc(-c3nc4ccncc4c(O)c3C#N)cc2)cn1,1,6.22,2012,ChEMBL
Cn1cc(-c2ccc(F)cc2)nc1CSc1nc2ccccn2n1,1,6.24,2017,ChEMBL
Cn1cc(-c2ccc(Oc3nccc(-c4cncnc4)n3)cc2)c2nc3ccccc3cc21,1,6.89,2014,ChEMBL
Cn1cc(-c2ccc(Oc3ncccc3-c3ccncc3)cc2)c2ncc(Cl)cc21,1,8.59,2014,ChEMBL
Cn1cc(-c2ccc(Oc3ncccc3-c3ccncc3)cc2)c2ncccc21,1,8.89,2014,ChEMBL
Cn1cc(-c2ccc(Oc3nccnc3-c3ccc(F)cc3)cc2)c2nc3ccccc3cc21,1,6.75,2014,ChEMBL
Cn1cc(-c2ccc(Oc3nccnc3-c3ccncc3)cc2)c2nc3ccccc3cc21,1,8.07,2014,ChEMBL
Cn1cc(-c2ccc(Oc3nccnc3-c3ccncc3)cc2)c2ncc(Cl)cc21,1,7.15,2014,ChEMBL
Cn1cc(-c2ccc(Oc3nccnc3-c3ccncc3)cc2)c2ncccc21,1,8.2,2014,ChEMBL
Cn1cc(-c2ccc(Oc3nccnc3-c3cncnc3)cc2)c2nc3ccccc3cc21,1,7.72,2014,ChEMBL
Cn1cc(-c2cccc(Cl)c2)nc1CSc1nc2ccccn2n1,1,6.09,2017,ChEMBL
Cn1cc(-c2cccc(F)c2)nc1CSc1nc2ccccn2n1,1,6.37,2017,ChEMBL
Cn1cc(-c2cccc(F)c2F)nc1CCc1ccc2ccccc2n1,1,6.12,2020,ChEMBL
Cn1cc(-c2cccc(Oc3nccc(-c4ccc(F)cc4)n3)c2)c2nc3ccccc3cc21,1,6.94,2014,ChEMBL
Cn1cc(-c2cccc(Oc3nccc(-c4cn[nH]c4)n3)c2)c2nc3ccccc3cc21,1,7.68,2014,ChEMBL
Cn1cc(-c2cccc(Oc3nccc(-c4cncnc4)n3)c2)c2nc3ccccc3cc21,1,7.74,2014,ChEMBL
Cn1cc(-c2cccc(Oc3nccc(N4CCOCC4)n3)c2)c2nc3ccccc3cc21,1,7.54,2014,ChEMBL
Cn1cc(-c2cccc(Oc3nccnc3-c3cncnc3)c2)c2nc3ccccc3cc21,1,6.57,2014,ChEMBL
Cn1cc(-c2ccccc2)nc1C#Cc1ccc2nc(C(F)(F)F)cn2n1,1,9.0,2019,ChEMBL
Cn1cc(-c2ccccc2)nc1C#Cc1ccc2nc(C3CC3)c(CC#N)n2n1,1,8.72,2019,ChEMBL
Cn1cc(-c2ccccc2)nc1CCNC(=O)c1c(C(=O)N2CCC2)cnn1C,1,8.4,2014,ChEMBL
Cn1cc(-c2ccccc2)nc1CCNC(=O)c1c(C(=O)N2CCC2)nc(C(F)(F)F)n1C,1,7.25,2014,ChEMBL
Cn1cc(-c2ccccc2)nc1CCNC(=O)c1c(C(=O)N2CCC2)nnn1C,1,7.13,2014,ChEMBL
Cn1cc(-c2ccccc2)nc1CCNC(=O)c1c(C(=O)N2CCOCC2)cnn1C,1,7.91,2014,ChEMBL
Cn1cc(-c2ccccc2)nc1CCc1cc2ncccc2c2cc(C(F)(F)F)nn12,1,6.72,2014,ChEMBL
Cn1cc(-c2ccccc2)nc1CCc1ccc2nc(C(F)(F)F)cn2n1,1,7.08,2019,ChEMBL
Cn1cc(-c2ccccc2)nc1CCc1ccc2nc(C3CC3)c(CO)n2n1,1,6.18,2019,ChEMBL
Cn1cc(-c2ccccc2)nc1CCc1cncc(N2CCCN2)n1,1,6.92,2017,ChEMBL
Cn1cc(-c2ccccc2)nc1CCc1nc2c(F)cccn2n1,1,6.92,2017,ChEMBL
Cn1cc(-c2ccccc2)nc1CCn1nc2cccc(-c3ccncc3)n2c1=O,1,8.7,2016,ChEMBL
Cn1cc(-c2ccccc2)nc1CCn1nc2cccc(Br)n2c1=O,1,8.14,2016,ChEMBL
Cn1cc(-c2ccccc2)nc1CCn1nc2cccc(N3CCOCC3)n2c1=O,1,9.39,2016,ChEMBL
Cn1cc(-c2ccccc2)nc1COc1ccc2nc(C(F)(F)F)cn2n1,1,6.48,2019,ChEMBL
Cn1cc(-c2ccccc2)nc1COc1ccc2nc(C3CC3)c(CO)n2n1,1,6.78,2019,ChEMBL
Cn1cc(-c2ccccc2)nc1COc1ccc2nc(C3CC3)cn2n1,1,6.77,2019,ChEMBL
Cn1cc(-c2ccccc2)nc1COc1ccc2nc3c(n2n1)CCC3,1,7.33,2019,ChEMBL
Cn1cc(-c2ccccc2)nc1CSc1nc2ccccc2n1-c1ccccc1,1,6.48,2017,ChEMBL
Cn1cc(-c2ccccc2)nc1CSc1nc2ccccn2n1,1,7.12,2017,ChEMBL
Cn1cc(-c2ccccc2)nc1CSc1nc2ncccc2[nH]1,1,6.08,2017,ChEMBL
Cn1cc(-c2ccccc2)nc1SCc1cc2ccccn2n1,1,6.37,2017,ChEMBL
Cn1cc(-c2ccccc2)nc1SCc1cn2c(C(F)(F)F)cccc2n1,1,7.18,2017,ChEMBL
Cn1cc(-c2ccccc2)nc1SCc1cn2c(Cl)cccc2n1,1,6.66,2017,ChEMBL
Cn1cc(-c2ccccc2)nc1SCc1cn2ccc(C#N)cc2n1,1,6.44,2017,ChEMBL
Cn1cc(-c2ccccc2)nc1SCc1nc2ccccc2n1-c1ccccc1,1,6.24,2017,ChEMBL
Cn1cc(-c2cccnc2)nc1CCNC(=O)c1c(C(=O)N2CCC2)cnn1C,1,7.96,2014,ChEMBL
Cn1cc(-c2cccnc2Oc2ccc(C(=O)c3nc4ccccc4[nH]3)cc2)cn1,1,8.2,2014,ChEMBL
Cn1cc(-c2cccs2)nc1/C=C/c1nc2c(F)cccn2n1,1,7.0,2015,ChEMBL
Cn1cc(-c2cccs2)nc1/C=C\C1=NN2C=CC=C(F)C2N1,1,7.0,2017,ChEMBL
Cn1cc(-c2cccs2)nc1CCC1=NN2C=CC=C(F)C2N1,1,7.33,2017,ChEMBL
Cn1cc(-c2cccs2)nc1CCc1nc2c(F)cccn2n1,1,7.33,2015,ChEMBL
Cn1cc(-c2ccncc2)c(-c2ccc(C#Cc3nccs3)cc2)n1,1,6.82,2017,ChEMBL
Cn1cc(-c2ccncc2)c(-c2ccc(C#Cc3nccs3)cc2)n1.O=C(O)C(F)(F)F,1,7.0,2018,ChEMBL
Cn1cc(-c2ccncc2)c(-c2ccc(OCc3cc(-n4cc(CCF)nn4)c4ccccc4n3)cc2)n1,1,8.51,2015,ChEMBL
Cn1cc(-c2ccncc2)c(-c2ccc(OCc3cc(CCCF)c4ccccc4n3)cc2)n1,1,8.74,2015,ChEMBL
Cn1cc(-c2ccncc2)c(-c2ccc(OCc3cc(CF)c4ccccc4n3)cc2)n1,1,9.17,2015,ChEMBL
Cn1cc(-c2ccncc2)c(-c2ccc(OCc3cc(COCCF)c4ccccc4n3)cc2)n1,1,9.19,2015,ChEMBL
Cn1cc(-c2ccncc2)c(-c2ccc(OCc3cc(F)c4ccccc4n3)cc2)n1,1,9.15,2015,ChEMBL
Cn1cc(-c2ccncc2)c(-c2ccc(OCc3cc(NCCF)c4ccccc4n3)cc2)n1,1,9.28,2015,ChEMBL
Cn1cc(-c2ccncc2)c(-c2ccc(OCc3cc(OCCF)c4ccccc4n3)cc2)n1,1,9.49,2015,ChEMBL
Cn1cc(-c2ccncc2)c(-c2ccc(OCc3cc(OCCOCCF)c4ccccc4n3)cc2)n1,1,9.57,2015,ChEMBL
Cn1cc(-c2ccncc2)c(-c2ccc(OCc3cc(OCCOCCOCCF)c4ccccc4n3)cc2)n1,1,9.62,2015,ChEMBL
Cn1cc(-c2ccncc2)c(-c2ccc(OCc3cc(OCCOCCOCCOCCF)c4ccccc4n3)cc2)n1,1,9.48,2015,ChEMBL
Cn1cc(-c2ccncc2)c(-c2ccc(OCc3cc4ccccc4cn3)cc2)n1,1,9.74,2011,ChEMBL
Cn1cc(-c2ccncc2)c(-c2ccc(OCc3ccc4cc(F)ccc4n3)cc2)n1,1,9.54,2015,ChEMBL
Cn1cc(-c2ccncc2)c(-c2ccc(OCc3ccc4cc(OCCF)ccc4n3)cc2)n1,1,7.47,2015,ChEMBL
Cn1cc(-c2ccncc2)c(-c2ccc(OCc3ccc4ccccc4n3)cc2)n1,1,8.9,2024,ChEMBL
Cn1cc(-c2ccncc2)c(-c2ccc(OCc3ccc4ncccc4n3)cc2)n1,1,8.98,2015,ChEMBL
Cn1cc(-c2ccncc2)c(-c2ccc(OCc3cnc4ccccc4n3)cc2)n1,1,8.29,2021,ChEMBL
Cn1cc(-c2ccncc2)c(-c2ccc(OCc3nc4ccccc4c(=O)n3C)cc2)n1,1,8.7,2015,ChEMBL
Cn1cc(-c2ccncc2)c(-c2ccc(OCc3nc4ccccc4cc3OCCF)cc2)n1,1,9.59,2015,ChEMBL
Cn1cc(-c2ccncc2)c(OCCCc2ccc3ccccc3n2)n1,1,8.05,2021,ChEMBL
Cn1cc(-c2ccncc2)c(OCc2ccc(-c3ccc4ccccc4n3)cc2)n1,1,7.54,2021,ChEMBL
Cn1cc(-c2cncs2)nc1/C=C/c1nc2c(F)cccn2n1,1,6.52,2015,ChEMBL
Cn1cc(-c2cncs2)nc1CCC1=NN2C=CC=C(F)C2N1,1,6.52,2017,ChEMBL
Cn1cc(-c2nccnc2C2CN(C(=O)c3nc4ccccc4[nH]3)C2)cn1,1,6.67,2017,ChEMBL
Cn1cc(-n2cnc3ccc(OCc4ccc5ccccc5n4)cc32)cn1,1,6.11,2013,ChEMBL
Cn1cc(C2=CCC(Oc3nccnc3-c3cncnc3)CC2)c2ncccc21,1,6.87,2014,ChEMBL
Cn1cc(C2CCC(Oc3nccnc3-c3cncnc3)CC2)c2ncccc21,1,6.26,2014,ChEMBL
Cn1cc(CCOc2nccnc2-c2cncnc2)c2nc3ccccc3cc21,1,6.91,2014,ChEMBL
Cn1cc(CNc2cc(C#N)nc(OC[C@H]3C[C@@H]3c3ccccn3)n2)cn1,1,7.46,2014,ChEMBL
Cn1cc(CNc2cc(OC[C@@H]3C[C@H]3c3nn(C)c4ccccc34)nn(C)c2=O)cn1,1,9.71,2016,ChEMBL
Cn1cc(CNc2cc(OC[C@H]3C[C@@H]3c3ccc(Cl)cn3)nn(C)c2=O)cn1,1,9.47,2016,ChEMBL
Cn1cc(CNc2cc(OC[C@H]3C[C@@H]3c3ccc(F)cn3)nn(C)c2=O)cn1,1,8.9,2016,ChEMBL
Cn1cc(CNc2cc(OC[C@H]3C[C@@H]3c3ccc(OC(F)F)cn3)nn(C)c2=O)cn1,1,9.26,2016,ChEMBL
Cn1cc(CNc2cc(OC[C@H]3C[C@@H]3c3ccccn3)nc3ccccc23)cn1,1,9.31,2023,ChEMBL
Cn1cc(CNc2cc(OC[C@H]3C[C@@H]3c3ccccn3)nc3cccnc23)cn1,1,9.06,2023,ChEMBL
Cn1cc(CNc2cc(OC[C@H]3C[C@@H]3c3ccccn3)nc3ccncc23)cn1,1,9.92,2023,ChEMBL
Cn1cc(CNc2cc(OC[C@H]3C[C@@H]3c3ccccn3)nc3ccnn23)cn1,1,9.64,2023,ChEMBL
Cn1cc(CNc2cc(OC[C@H]3C[C@@H]3c3ccccn3)nc3cnccc23)cn1,1,9.89,2023,ChEMBL
Cn1cc(CNc2cc(OC[C@H]3C[C@@H]3c3ccccn3)nc3ncccc23)cn1,1,8.07,2023,ChEMBL
Cn1cc(CNc2cc(OC[C@H]3C[C@@H]3c3ccn(C)n3)nn(C)c2=O)cn1,1,9.32,2016,ChEMBL
Cn1cc(CNc2cc(OC[C@H]3C[C@@H]3c3nn(C)c4ccccc34)nn(C)c2=O)cn1,1,8.72,2016,ChEMBL
Cn1cc(CNc2nc(-n3ncc4ccccc43)nc(N)c2Br)cn1,1,7.13,2016,ChEMBL
Cn1cc(NC(=O)c2nc(C3CC3)ccc2Nc2cncnc2)c(C(=O)N2CC(O)C2)n1,1,7.5,2014,ChEMBL
Cn1cc(NC(=O)c2nc(C3CC3)ccc2Nc2cncnc2)c(C(=O)N2CC3(COC3)C2)n1,1,7.24,2014,ChEMBL
Cn1cc(NC(=O)c2nc(C3CC3)ccc2Nc2cncnc2)c(C(=O)N2CCC(C)(C)C2)n1,1,8.14,2014,ChEMBL
Cn1cc(NC(=O)c2nc(C3CC3)ccc2Nc2cncnc2)c(C(=O)N2CCC(F)(F)C2)n1,1,8.49,2014,ChEMBL
Cn1cc(NC(=O)c2nc(C3CC3)ccc2Nc2cncnc2)c(C(=O)N2CCC(O)C2)n1,1,7.56,2014,ChEMBL
Cn1cc(NC(=O)c2nc(C3CC3)ccc2Nc2cncnc2)c(C(=O)N2CCC2)n1,1,7.47,2014,ChEMBL
Cn1cc(NC(=O)c2nc(C3CC3)ccc2Nc2cncnc2)c(C(=O)N2CCCC2(C)C)n1,1,8.09,2014,ChEMBL
Cn1cc(NC(=O)c2nc(C3CC3)ccc2Nc2cncnc2)c(C(=O)N2CCCC2)n1,1,8.15,2014,ChEMBL
Cn1cc(NC(=O)c2nc(C3CC3)ccc2Nc2cncnc2)c(C(=O)N2CCCC2CO)n1,1,8.41,2014,ChEMBL
Cn1cc(NC(=O)c2nc(C3CC3)ccc2Nc2cncnc2)c(C(=O)N2CCCCC2)n1,1,8.12,2014,ChEMBL
Cn1cc(NC(=O)c2nc(C3CC3)ccc2Nc2cncnc2)c(C(=O)N2CCNC(=O)C2)n1,1,7.88,2014,ChEMBL
Cn1cc(NC(=O)c2nc(C3CC3)ccc2Nc2cncnc2)c(C(=O)N2CCOCC2)n1,1,7.94,2014,ChEMBL
Cn1cc(NC(=O)c2nc(C3CC3)ccc2Nc2cncnc2)c(C(=O)NC2CC2)n1,1,8.51,2014,ChEMBL
Cn1cc(NC(=O)c2nc(C3CC3)ccc2Nc2cncnc2)c(C(=O)NC2CCC2)n1,1,8.51,2014,ChEMBL
Cn1cc(NC(=O)c2nc(C3CC3)ccc2Nc2cncnc2)c(C(=O)NC2CCCC2)n1,1,8.35,2014,ChEMBL
Cn1cc(NC(=O)c2nc(C3CC3)ccc2Nc2cncnc2)c(C(=O)NC2CCCCC2)n1,1,8.22,2014,ChEMBL
Cn1cc(NC(=O)c2nc(C3CC3)ccc2Nc2cncnc2)c(C(=O)NCC(C)(C)O)n1,1,8.51,2014,ChEMBL
Cn1cc(NC(=O)c2nc(C3CC3)ccc2Nc2cncnc2)c(C(=O)NCC(O)CO)n1,1,8.09,2014,ChEMBL
Cn1cc(NC(=O)c2nc(C3CC3)ccc2Nc2cncnc2)c(C(=O)NCCO)n1,1,8.09,2014,ChEMBL
Cn1cc(NC(=O)c2nc(C3CC3)ccc2Nc2cncnc2)c(C(N)=O)n1,1,8.12,2014,ChEMBL
Cn1cc(NC(=O)c2nc(C3CC3)cnc2Nc2cncnc2)c(C(=O)NCC(C)(C)O)n1,1,8.74,2014,ChEMBL
Cn1cc(NC(=O)c2nc(C3CC3)cnc2Nc2cncnc2)c(C(=O)NCC2CCCO2)n1,1,7.72,2014,ChEMBL
Cn1ccc([C@H]2C[C@@H]2COc2cc(Br)c(=O)n(C)n2)n1,1,10.89,2016,ChEMBL
Cn1ccc([C@H]2C[C@@H]2COc2cc(NCc3ccnn3C)c(=O)n(C)n2)n1,1,8.82,2016,ChEMBL
Cn1ccc([C@H]2C[C@@H]2COc2cc(NCc3nccs3)c(=O)n(C)n2)n1,1,8.09,2016,ChEMBL
Cn1ccc2cc(-c3nccnc3C3CN(c4ncc5ccccc5n4)C3)ccc21,1,8.22,2017,ChEMBL
Cn1ccc2cc(-c3nccnc3C3CN(c4ncc5ccccc5n4)C3)ccc2c1=O,1,7.76,2017,ChEMBL
Cn1ccc2ccc(-c3nccnc3C3CN(c4ncc5ccccc5n4)C3)cc21,1,8.53,2017,ChEMBL
Cn1ccc2nc(COc3ccc(-c4ccc(=O)[nH]c4-c4ccc(Cl)cc4)cc3)ccc21,1,9.14,2015,ChEMBL
Cn1ccc2nc(COc3ccc(-c4ccc(=O)[nH]c4-c4ccc(F)cc4)cc3)ccc21,1,8.76,2015,ChEMBL
Cn1ccc2nc(COc3ccc(-c4ccc(=O)[nH]c4-c4ccncc4)cc3)ccc21,1,7.92,2015,ChEMBL
Cn1cnc(-c2cnn(C)c2C(=O)NC2CCn3cc(-c4ccccc4)nc3C2)c1,1,7.28,2017,ChEMBL
Cn1cncc1Cn1nc(-c2ccccn2)cc1NC(=O)c1nc(C2CC2)ccc1Nc1cncnc1,1,8.7,2013,ChEMBL
Cn1nc(-c2ccc(-c3c(/C=C/c4ccc5ccccc5n4)nc4c(N5CCOCC5)ccnn34)cc2)nc1O,1,7.89,2015,ChEMBL
Cn1nc(-c2ccc(-c3c(/C=C/c4ccc5ccccc5n4)nc4c(N5CCOCC5)ccnn34)cc2F)[nH]c1=O,1,7.92,2015,ChEMBL
Cn1nc(-c2ccc(-c3c(CCc4ccc5ccccc5n4)nc4c(N5CCOCC5)ccnn34)cc2)nc1O,1,7.82,2015,ChEMBL
Cn1nc(-c2ccc(-c3cnc(N4CCOCC4)c4nc(CCc5ccc6ccccc6n5)cn34)cc2)nc1O,1,7.574999999999999,2016,ChEMBL
Cn1nc(-c2ccc(Cl)cn2)cc1NC(=O)c1nc(C2CC2)ccc1Nc1cncnc1,1,8.52,2013,ChEMBL
Cn1nc(-c2cccc(Cl)n2)cc1NC(=O)c1nc(C2CC2)ccc1Nc1cncnc1,1,8.52,2013,ChEMBL
Cn1nc(-c2ccccc2)nc1CCNC(=O)c1c(C(=O)N2CCC2)cnn1C,1,7.67,2014,ChEMBL
Cn1nc(-c2ccccn2)cc1NC(=O)c1nc(C(C)(C)C)ncc1Nc1cncnc1,1,8.4,2013,ChEMBL
Cn1nc(-c2ccccn2)cc1NC(=O)c1nc(C2CC2)ccc1Nc1cncnc1,1,8.3,2013,ChEMBL
Cn1nc(-c2ccccn2)cc1NC(=O)c1nc(C2CC2)cnc1Nc1cncnc1,1,8.4,2013,ChEMBL
Cn1nc(-c2ccccn2)cc1NC(=O)c1nc(C2CC2)ncc1Nc1cncnc1,1,7.06,2013,ChEMBL
Cn1nc(-c2ccccn2)cc1NC(=O)c1nc(C2CCCCC2)ncc1Nc1cncnc1,1,8.22,2013,ChEMBL
Cn1nc(-c2cccnc2)nc1CCNC(=O)c1c(C(=O)N2CCC2)cnn1C,1,6.68,2014,ChEMBL
Cn1nc(N2CCCC2)nc1C#Cc1ccc2nc(Cl)cn2n1,1,7.25,2017,ChEMBL
Cn1nc(N2CCCC2)nc1CCc1ccc2nc(Cl)cn2n1,1,6.47,2017,ChEMBL
Cn1nc(N2CCCC2)nc1CCc1ccc2nc3c(n2n1)CCC3,1,7.39,2017,ChEMBL
Cn1nc(N2CCCC2)nc1CCc1nc2c(Br)cc(C(F)(F)F)cn2n1,1,7.44,2016,ChEMBL
Cn1nc(N2CCCC2)nc1CCc1nc2c(Cl)cc(C(F)(F)F)cn2n1,1,6.98,2016,ChEMBL
Cn1nc(N2CCCC2)nc1CCc1nc2cc(C#N)ccn2n1,1,6.5,2016,ChEMBL
Cn1nc(N2CCCC2)nc1CCc1nc2cc(C(F)(F)F)c(F)c(N)n2n1,1,7.49,2016,ChEMBL
Cn1nc(N2CCCC2)nc1CCc1nc2cc(C(F)(F)F)ccn2n1,1,6.48,2016,ChEMBL
Cn1nc(N2CCCC2)nc1CCc1nc2ccc(C#N)cn2n1,1,6.42,2016,ChEMBL
Cn1nc(N2CCCC2)nc1CCc1nc2ccc(Cl)cn2n1,1,7.2,2016,ChEMBL
Cn1nc(N2CCCC2)nc1CCc1nc2ccc3ccccc3n2n1,1,7.54,2016,ChEMBL
Cn1nc(N2CCCC2)nc1CCc1nc2cccc(C(F)(F)F)n2n1,1,7.25,2016,ChEMBL
Cn1nc(NC(=O)c2nc(C3CC3)ccc2Nc2cncnc2)cc1-c1ccccn1,1,6.49,2013,ChEMBL
Cn1ncc(-c2cc(F)ccn2)c1C(=O)NC1CCn2nc(-c3ccccc3)nc2C1,1,7.28,2017,ChEMBL
Cn1ncc(-c2ccc(F)cn2)c1C(=O)NC1CCn2nc(-c3ccccc3)nc2C1,1,7.28,2017,ChEMBL
Cn1ncc(-c2cccc(C#N)n2)c1C(=O)NC1CCn2nc(-c3ccccc3)nc2C1,1,7.28,2017,ChEMBL
Cn1ncc(-c2cccc(C(F)(F)F)n2)c1C(=O)NC1CCn2nc(-c3ccccc3)nc2C1,1,7.28,2017,ChEMBL
Cn1ncc(-c2ccncc2)c1-c1ccc(OCc2cc(-n3cc(CCF)nn3)c3ccccc3n2)cc1,1,8.3,2015,ChEMBL
Cn1ncc(-c2ccncc2)c1-c1ccc(OCc2cc(COCCF)c3ccccc3n2)cc1,1,8.95,2015,ChEMBL
Cn1ncc(-c2ccncc2)c1-c1ccc(OCc2cc(NCCF)c3ccccc3n2)cc1,1,9.43,2015,ChEMBL
Cn1ncc(-c2ccncc2)c1-c1ccc(OCc2cc(OCCF)c3ccccc3n2)cc1,1,8.94,2015,ChEMBL
Cn1ncc(-c2ccncc2)c1-c1ccc(OCc2cc(OCCOCCF)c3ccccc3n2)cc1,1,9.44,2015,ChEMBL
Cn1ncc(-c2ccncc2)c1-c1ccc(OCc2cc(OCCOCCOCCF)c3ccccc3n2)cc1,1,9.33,2015,ChEMBL
Cn1ncc(-c2ccncc2)c1-c1ccc(OCc2cc(OCCOCCOCCOCCF)c3ccccc3n2)cc1,1,9.52,2015,ChEMBL
Cn1ncc(-c2ccncc2)c1-c1ccc(OCc2ccc3cc(F)ccc3n2)cc1,1,9.12,2015,ChEMBL
Cn1ncc(-c2cscn2)c1C(=O)NC1CCn2cc(-c3ccccc3)nc2C1,1,7.28,2017,ChEMBL
Cn1ncc(-c2nc(C#N)cs2)c1C(=O)NC1CCn2nc(-c3ccc(F)cc3)nc2C1,1,7.28,2017,ChEMBL
Cn1ncc(-c2nc(C#N)cs2)c1C(=O)NC1CCn2nc(-c3ccccc3)nc2C1,1,7.28,2017,ChEMBL
Cn1ncc(-c2nc(C(C)(C)C)cs2)c1C(=O)NC1CCn2cc(-c3ccccc3)nc2C1,1,7.28,2017,ChEMBL
Cn1ncc(-c2nc(C(C)(C)C)cs2)c1C(=O)NC1CCn2nc(-c3ccccc3)nc2C1,1,7.28,2017,ChEMBL
Cn1ncc(-c2nc(C(F)F)c(C3CC3)s2)c1C(=O)NC1CCn2nc(-c3ccc(F)cc3)nc2C1,1,7.28,2017,ChEMBL
Cn1ncc(-c2nc(C(F)F)c(C3CC3)s2)c1C(=O)NC1CCn2nc(-c3cccc(F)c3)nc2C1,1,7.28,2017,ChEMBL
Cn1ncc(-c2nc(C(F)F)c(C3CC3)s2)c1C(=O)NC1CCn2nc(-c3ccccc3)nc2C1,1,7.28,2017,ChEMBL
Cn1ncc(-c2nc(C(F)F)c(Cl)s2)c1C(=O)NC1CCn2nc(-c3cccc(F)c3)nc2C1,1,7.28,2017,ChEMBL
Cn1ncc(-c2nc(C(F)F)cs2)c1C(=O)NC1CCn2nc(-c3cccc(F)c3)nc2C1,1,7.28,2017,ChEMBL
Cn1ncc(-c2nc(C(F)F)cs2)c1C(=O)NC1CCn2nc(-c3ccccc3F)nc2C1,1,7.28,2017,ChEMBL
Cn1ncc(-c2ncccc2C#N)c1C(=O)NC1CCn2nc(-c3ccccc3)nc2C1,1,7.28,2017,ChEMBL
Cn1ncc(-c2nccs2)c1C(=O)NC1CCn2cc(-c3ccccc3)nc2C1,1,7.28,2017,ChEMBL
Cn1ncc(C(=O)N2CC(F)C2)c1C(=O)Nc1ccc2nc(-c3ccccc3)nn2c1,1,8.82,2016,ChEMBL
Cn1ncc(C(=O)N2CC(F)C2)c1C(=O)Nc1ccc2nc(N3CCOCC3)nn2c1,1,7.58,2016,ChEMBL
Cn1ncc(C(=O)N2CCC2)c1C(=O)NC(C)(C)Cc1nc(-c2ccccc2)no1,1,6.12,2014,ChEMBL
Cn1ncc(C(=O)N2CCC2)c1C(=O)NCCc1ccn(-c2ccccc2)n1,1,7.71,2014,ChEMBL
Cn1ncc(C(=O)N2CCC2)c1C(=O)NCCc1cn2ccccc2n1,1,7.06,2014,ChEMBL
Cn1ncc(C(=O)N2CCC2)c1C(=O)NCCc1cnn(-c2ccccc2)n1,1,6.65,2014,ChEMBL
Cn1ncc(C(=O)N2CCC2)c1C(=O)NCCc1csc(-c2ccccc2)n1,1,7.48,2014,ChEMBL
Cn1ncc(C(=O)N2CCC2)c1C(=O)NCCc1csc(-c2ncccn2)n1,1,7.62,2014,ChEMBL
Cn1ncc(C(=O)N2CCC2)c1C(=O)NCCc1nc(-c2ccc(Cl)cc2)no1,1,6.4,2014,ChEMBL
Cn1ncc(C(=O)N2CCC2)c1C(=O)NCCc1nc(-c2cccc(F)c2)nn1-c1ccccc1,1,9.17,2014,ChEMBL
Cn1ncc(C(=O)N2CCC2)c1C(=O)NCCc1nc(-c2ccccc2)n[nH]1,1,8.42,2014,ChEMBL
Cn1ncc(C(=O)N2CCC2)c1C(=O)NCCc1nc(-c2ccccc2)nn1-c1ccccc1,1,9.41,2014,ChEMBL
Cn1ncc(C(=O)N2CCC2)c1C(=O)NCCc1nc(-c2ccccc2)nn1-c1ccccn1,1,9.33,2014,ChEMBL
Cn1ncc(C(=O)N2CCC2)c1C(=O)NCCc1nc(-c2ccccc2)nn1-c1cccnc1,1,9.28,2014,ChEMBL
Cn1ncc(C(=O)N2CCC2)c1C(=O)NCCc1nc(-c2ccccc2)nn1C1CC1,1,8.47,2014,ChEMBL
Cn1ncc(C(=O)N2CCC2)c1C(=O)NCCc1nc(-c2ccccc2)nn1CC(F)(F)F,1,7.35,2014,ChEMBL
Cn1ncc(C(=O)N2CCC2)c1C(=O)NCCc1nc(-c2ccccc2)nn1CC1CC1,1,8.25,2014,ChEMBL
Cn1ncc(C(=O)N2CCC2)c1C(=O)NCCc1nc(-c2ccccc2)nn1Cc1ccccc1,1,8.43,2014,ChEMBL
Cn1ncc(C(=O)N2CCC2)c1C(=O)NCCc1nc(-c2ccccc2)no1,1,7.19,2014,ChEMBL
Cn1ncc(C(=O)N2CCC2)c1C(=O)NCCc1nc(-c2ccccc2)oc1-c1ccccc1,1,9.15,2014,ChEMBL
Cn1ncc(C(=O)N2CCC2)c1C(=O)NCCc1nc(-c2ccccc2)oc1-c1cccnc1,1,8.74,2014,ChEMBL
Cn1ncc(C(=O)N2CCC2)c1C(=O)NCCc1nc(-c2cccnc2)n[nH]1,1,7.87,2014,ChEMBL
Cn1ncc(C(=O)N2CCC2)c1C(=O)NCCc1nc(-c2ccncc2)n[nH]1,1,6.15,2014,ChEMBL
Cn1ncc(C(=O)N2CCC2)c1C(=O)NCCc1nc2cc(Cl)ccc2n1C,1,7.69,2014,ChEMBL
Cn1ncc(C(=O)N2CCC2)c1C(=O)NCCc1nc2ccccc2n1C,1,7.8,2014,ChEMBL
Cn1ncc(C(=O)N2CCC2)c1C(=O)NCCc1nc2ccccc2s1,1,6.72,2014,ChEMBL
Cn1ncc(C(=O)N2CCC2)c1C(=O)NCCc1nc2ccccn2n1,1,6.59,2014,ChEMBL
Cn1ncc(C(=O)N2CCC2)c1C(=O)NCCc1noc(-c2ccccc2)n1,1,6.69,2014,ChEMBL
Cn1ncc(C(=O)N2CCC2)c1C(=O)NCCn1ccc(-c2ccccc2)n1,1,7.14,2014,ChEMBL
Cn1ncc(C(=O)N2CCC2)c1C(=O)NCCn1cnc(-c2ccccc2)n1,1,6.96,2014,ChEMBL
Cn1ncc(C(=O)N2CCC2)c1C(=O)Nc1cc2nc(-c3ccccc3)cn2cc1Br,1,10.0,2019,ChEMBL
Cn1ncc(C(=O)N2CCC2)c1C(=O)Nc1ccc2nc(-c3ccccc3)nn2c1,1,9.22,2016,ChEMBL
Cn1ncc(C(=O)N2CCC2)c1C(=O)Nc1ccc2nc(-c3cccnc3)nn2c1,1,7.36,2016,ChEMBL
Cn1ncc(C(=O)N2CCC2)c1C(=O)Nc1ccc2nc(-c3cscn3)nn2c1,1,8.1,2016,ChEMBL
Cn1ncc(C(=O)N2CCC2)c1C(=O)Nc1ccc2nc(N3CCCC3)nn2c1,1,9.1,2016,ChEMBL
Cn1ncc(C(=O)N2CCC2)c1C(=O)Nc1ccc2nc(N3CCOCC3)nn2c1,1,7.64,2016,ChEMBL
Cn1ncc(C(=O)N2CCCC2)c1C(=O)NCCc1nc2ccccc2n1C,1,6.84,2014,ChEMBL
Cn1ncc(C(=O)N2CCCC2)c1C(=O)Nc1ccc2nc(-c3ccccc3)nn2c1,1,8.92,2016,ChEMBL
Cn1ncc(C(=O)N2CCCC2)c1C(=O)Nc1ccc2nc(-c3cccnc3)nn2c1,1,7.75,2016,ChEMBL
Cn1ncc(C(=O)N2CCCC2)c1C(=O)Nc1ccc2nc(N3CCCC3)nn2c1,1,8.92,2016,ChEMBL
Cn1ncc(C(=O)N2CCCC2)c1C(=O)Nc1ccc2nc(N3CCOCC3)nn2c1,1,7.81,2016,ChEMBL
Cn1ncc(C(=O)N2CCOCC2)c1C(=O)NCCc1nc2ccccc2n1C,1,6.4,2014,ChEMBL
Cn1ncc(C(=O)N2CCOCC2)c1C(=O)Nc1ccc2nc(-c3ccccc3)nn2c1,1,8.6,2016,ChEMBL
Cn1ncc(C(=O)N2CCOCC2)c1C(=O)Nc1ccc2nc(-c3cccnc3)nn2c1,1,7.88,2016,ChEMBL
Cn1ncc(C(=O)N2CCOCC2)c1C(=O)Nc1ccc2nc(N3CCOCC3)nn2c1,1,7.2,2016,ChEMBL
Cn1ncc(C(=O)N2CCOCC2)c1C(=O)Nc1ccn2cc(-c3ccccc3)nc2c1,1,10.0,2019,ChEMBL
Cn1ncc(C(=O)O)c1C(=O)Nc1ccc2nc(-c3ccccc3)nn2c1,1,7.33,2016,ChEMBL
Cn1ncc(NC(=O)c2nc(C3CC3)c(C3CCCO3)nc2Nc2cncnc2)c1C(=O)NCCF,1,6.91,2014,ChEMBL
Cn1ncc(NC(=O)c2nc(C3CC3)cnc2Nc2cccnc2)c1C(=O)N1CCC1,1,7.11,2014,ChEMBL
Cn1ncc(NC(=O)c2nc(C3CC3)cnc2Nc2cncnc2)c1C(=O)N1CC(F)(F)C1,1,7.63,2014,ChEMBL
Cn1ncc(NC(=O)c2nc(C3CC3)cnc2Nc2cncnc2)c1C(=O)N1CC(F)C1,1,7.83,2014,ChEMBL
Cn1ncc(NC(=O)c2nc(C3CC3)cnc2Nc2cncnc2)c1C(=O)N1CCC1,1,7.9,2014,ChEMBL
Cn1ncc(NC(=O)c2nc(C3CC3)cnc2Nc2cncnc2)c1C(=O)N1CCCC1,1,7.95,2014,ChEMBL
Cn1ncc(NC(=O)c2nc(C3CC3)cnc2Nc2cncnc2)c1C(=O)N1CCCCC1,1,7.48,2014,ChEMBL
Cn1ncc(NC(=O)c2nc(C3CC3)cnc2Nc2cncnc2)c1C(=O)N1CCCO1,1,9.1,2014,ChEMBL
Cn1ncc(NC(=O)c2nc(C3CC3)cnc2Nc2cncnc2)c1C(=O)N1CCOCC1,1,6.83,2014,ChEMBL
Cn1ncc(NC(=O)c2nc(C3CC3)cnc2Nc2cncnc2)c1C(=O)NC(C)(C)CO,1,8.47,2014,ChEMBL
Cn1ncc(NC(=O)c2nc(C3CC3)cnc2Nc2cncnc2)c1C(=O)NC1(C)COC1,1,8.44,2014,ChEMBL
Cn1ncc(NC(=O)c2nc(C3CC3)cnc2Nc2cncnc2)c1C(=O)NC1CCCC1O,1,8.28,2014,ChEMBL
Cn1ncc(NC(=O)c2nc(C3CC3)cnc2Nc2cncnc2)c1C(=O)NC1CCN(C(=O)OC(C)(C)C)C1,1,8.17,2014,ChEMBL
Cn1ncc(NC(=O)c2nc(C3CC3)cnc2Nc2cncnc2)c1C(=O)NC1CCOC1,1,8.46,2014,ChEMBL
Cn1ncc(NC(=O)c2nc(C3CC3)cnc2Nc2cncnc2)c1C(=O)NC1COC1,1,8.18,2014,ChEMBL
Cn1ncc(NC(=O)c2nc(C3CC3)cnc2Nc2cncnc2)c1C(=O)NCC(C)(C)CO,1,8.96,2014,ChEMBL
Cn1ncc(NC(=O)c2nc(C3CC3)cnc2Nc2cncnc2)c1C(=O)NCC(C)(C)O,1,8.35,2014,ChEMBL
Cn1ncc(NC(=O)c2nc(C3CC3)cnc2Nc2cncnc2)c1C(=O)NCC(C)(F)F,1,8.66,2014,ChEMBL
Cn1ncc(NC(=O)c2nc(C3CC3)cnc2Nc2cncnc2)c1C(=O)NCC(F)(F)F,1,8.68,2014,ChEMBL
Cn1ncc(NC(=O)c2nc(C3CC3)cnc2Nc2cncnc2)c1C(=O)NCC(F)F,1,8.655,2014,ChEMBL
Cn1ncc(NC(=O)c2nc(C3CC3)cnc2Nc2cncnc2)c1C(=O)NCC1CCCO1,1,8.4,2014,ChEMBL
Cn1ncc(NC(=O)c2nc(C3CC3)cnc2Nc2cncnc2)c1C(=O)NCCC(C)(C)O,1,8.52,2014,ChEMBL
Cn1ncc(NC(=O)c2nc(C3CC3)cnc2Nc2cncnc2)c1C(=O)NCCF,1,8.55,2014,ChEMBL
Cn1ncc(NC(=O)c2nc(C3CC3)cnc2Nc2cncnc2)c1C(=O)NC[C@@H]1CCCO1,1,8.54,2014,ChEMBL
Cn1ncc(NC(=O)c2nc(C3CC3)cnc2Nc2cncnc2)c1C(=O)NC[C@H]1CCCO1,1,8.48,2014,ChEMBL
Cn1ncc(NC(=O)c2nc(C3CC3)cnc2Nc2cncnc2)c1C(=O)N[C@@H]1CCOC1,1,8.46,2014,ChEMBL
Cn1ncc(NC(=O)c2nc(C3CC3)cnc2Nc2cncnc2)c1C(=O)N[C@H]1CCOC1,1,8.16,2014,ChEMBL
Cn1ncc(NC(=O)c2nc(C3CC3)cnc2Nc2cncnc2)c1C(N)=O,1,8.07,2014,ChEMBL
Cn1ncc2c(N3CCOCC3)nc(OCc3cccc(N4CCCC4)n3)nc21,1,6.56,2017,ChEMBL
FC(F)(F)C1CCN(c2nccnc2C2CN(c3ccc4ccccc4n3)C2)CC1,1,8.19,2017,ChEMBL
FC(F)(F)Cn1cc(-c2ccncc2)c(-c2ccc(OCc3ccc4ccccc4n3)cc2)n1,1,9.52,2015,ChEMBL
FC(F)(F)Oc1ccc(-c2nccnc2C2CN(c3ccc4ccccc4n3)C2)cc1,1,7.76,2017,ChEMBL
FC(F)(F)Oc1cccc(-c2nccnc2C2CN(c3ccc4ccccc4n3)C2)c1,1,8.18,2017,ChEMBL
FC(F)(F)c1cc(-c2cccnc2Oc2ccc(Cc3nc4ccccc4[nH]3)cc2)ccn1,1,6.93,2014,ChEMBL
FC(F)(F)c1cc(-c2cccnc2Oc2ccc(Nc3nc4ccccc4[nH]3)cc2)ccn1,1,7.43,2014,ChEMBL
FC(F)(F)c1ccc(-c2nccnc2C2CN(c3ccc4ccccc4n3)C2)cc1,1,7.57,2017,ChEMBL
FC(F)(F)c1ccc(-c2nccnc2C2CN(c3ccc4ccccc4n3)C2)cn1,1,10.85,2017,ChEMBL
FC(F)(F)c1ccc(N[C@H]2C[C@@H](Oc3ncccc3C3CCOCC3)C2)nc1,1,6.145,2015,ChEMBL
FC(F)(F)c1ccc(N[C@H]2C[C@H](Oc3ncccc3C3CCOCC3)C2)nc1,1,6.665,2015,ChEMBL
FC(F)(F)c1cccc(-c2nccnc2C2CN(c3ccc4ccccc4n3)C2)c1,1,7.87,2017,ChEMBL
FC(F)(F)c1ncccc1-c1nccnc1C1CN(c2ccc3ccccc3n2)C1,1,9.91,2017,ChEMBL
FC(F)(c1ccc(Oc2ncccc2C2CCOCC2)cc1)c1nc2ccccc2[nH]1,1,7.94,2014,ChEMBL
FC(F)n1c2ccccc2c2cc(CCOc3ncccc3-c3cncnc3)cnc21,1,7.48,2014,ChEMBL
FC1(F)CCN(c2nccnc2C2CN(c3ccc4ccccc4n3)C2)C1,1,7.8,2017,ChEMBL
FC1(F)CCN(c2nccnc2C2CN(c3ccc4ccccc4n3)C2)CC1,1,8.07,2017,ChEMBL
FC1(F)CCN(c2nccnc2O[C@H]2C[C@@H](Nc3nc4ccccc4s3)C2)C1,1,7.96,2015,ChEMBL
FC1(F)CN(c2nccnc2C2CN(c3ccc4ccccc4n3)C2)C1,1,7.57,2017,ChEMBL
FC1(c2cccnc2Oc2ccc(Nc3nc4ccccc4s3)cc2)CCOCC1,1,8.67,2014,ChEMBL
FC1CCN(c2nccnc2C2CN(c3ccc4ccccc4n3)C2)CC1,1,8.85,2017,ChEMBL
FCCn1cc(-c2ccncc2)c(-c2ccc(OCc3ccc4ccccc4n3)cc2)n1,1,9.2,2015,ChEMBL
FCCn1cc(-c2ccncc2)c(-c2ccc(OCc3ccc4ncccc4n3)cc2)n1,1,9.7,2015,ChEMBL
FCCn1cc(-c2ccncc2)c(-c2ccc(OCc3nc4ccccc4o3)cc2)n1,1,8.33,2015,ChEMBL
FCCn1cc(-c2ccncc2)c(-c2ccc(OCc3ncc4ccccc4n3)cc2)n1,1,9.74,2015,ChEMBL
F[C@H]1CCN(c2nccnc2C2CN(c3ccc4ccccc4n3)C2)C1,1,7.64,2017,ChEMBL
Fc1cc(-c2cccnc2Oc2ccc(Nc3nc4ccccc4s3)cc2)ccn1,1,7.99,2014,ChEMBL
Fc1cc(-c2nccnc2C2CN(c3ccc4ccccc4n3)C2)cc(C(F)(F)F)c1,1,10.92,2017,ChEMBL
Fc1cc(-c2nccnc2C2CN(c3ccc4ccccc4n3)C2)ccn1,1,8.0,2017,ChEMBL
Fc1cc2[nH]c(CCc3cnc4ccccc4n3)nc2cc1Cl,1,6.12,2020,ChEMBL
Fc1cc2ncn(-c3ccccc3)c2cc1OCc1ccc2ccccc2n1,1,6.31,2013,ChEMBL
Fc1ccc(-c2nc(F)ccc2-c2ccc(OCc3ccc4ccccc4n3)cc2)cc1,1,6.46,2015,ChEMBL
Fc1ccc(-c2ncc(F)cc2-c2ccc(OCc3ccc4ccccc4n3)cc2)cc1,1,6.71,2015,ChEMBL
Fc1ccc(-c2nccnc2C2CN(c3ccc4ccccc4n3)C2)cc1,1,8.7,2017,ChEMBL
Fc1ccc(-c2nccnc2C2CN(c3ccc4ccccc4n3)C2)cc1F,1,11.0,2017,ChEMBL
Fc1ccc(Cn2c(Nc3ccc(Oc4ncccc4C4CCOCC4)cc3)nc3ccccc32)cc1,1,8.04,2014,ChEMBL
Fc1ccc2nc(N[C@H]3C[C@@H](Oc4nccnc4C4CCOCC4)C3)sc2c1,1,7.82,2015,ChEMBL
Fc1ccc2sc(N[C@H]3C[C@@H](Oc4nccnc4C4CCOCC4)C3)nc2c1,1,7.74,2015,ChEMBL
Fc1cccc(-c2c[nH]c(CCc3ccc4ccccc4n3)n2)c1F,1,6.12,2020,ChEMBL
Fc1cccc(-c2nccnc2C2CN(c3ccc4ccccc4n3)C2)c1,1,8.4,2017,ChEMBL
Fc1cccc2nc(N[C@H]3C[C@@H](Oc4nccnc4C4CCOCC4)C3)sc12,1,7.57,2015,ChEMBL
Fc1cccc2sc(N[C@H]3C[C@@H](Oc4nccnc4C4CCOCC4)C3)nc12,1,7.89,2015,ChEMBL
Fc1ccccc1-c1nccnc1C1CN(c2ccc3ccccc3n2)C1,1,8.0,2017,ChEMBL
Fc1cnc(O[C@H]2C[C@@H](Nc3nc4c(F)cccc4s3)C2)c(C2CCOCC2)c1,1,8.27,2015,ChEMBL
Fc1cnc(O[C@H]2C[C@@H](Nc3nc4cc(F)ccc4s3)C2)c(C2CCOCC2)c1,1,8.46,2015,ChEMBL
Fc1cnc(O[C@H]2C[C@@H](Nc3nc4ccc(F)cc4s3)C2)c(C2CCOCC2)c1,1,8.84,2015,ChEMBL
Fc1cnc(O[C@H]2C[C@@H](Nc3nc4cccc(F)c4s3)C2)c(C2CCOCC2)c1,1,8.61,2015,ChEMBL
Fc1cncc(-c2nccnc2C2CN(c3ccc4ccccc4n3)C2)c1,1,10.915,2017,ChEMBL
Ic1cccnc1Oc1ccc(Nc2nc3ccccc3s2)cc1,1,7.4,2014,ChEMBL
N#CC1CCCN(c2nccnc2C2CN(C(=O)c3nc4ccccc4[nH]3)C2)C1,1,7.06,2017,ChEMBL
N#CC1CCN(c2cccnc2O[C@H]2C[C@@H](Nc3nc4ccccc4s3)C2)CC1,1,8.9,2015,ChEMBL
N#CC1CCN(c2nccnc2C2CN(C(=O)c3nc4ccccc4[nH]3)C2)CC1,1,8.28,2017,ChEMBL
N#CC1CCN(c2nccnc2C2CN(c3ccc4ccccc4n3)C2)CC1,1,9.89,2017,ChEMBL
N#CC1CCN(c2nccnc2C2CN(c3ncc4ccccc4n3)C2)CC1,1,8.82,2017,ChEMBL
N#CC1CCN(c2nccnc2O[C@H]2C[C@@H](Nc3ccc4ccccc4n3)C2)CC1,1,8.65,2015,ChEMBL
N#CC1CCN(c2nccnc2O[C@H]2C[C@@H](Nc3nc4ccccc4s3)C2)C1,1,8.97,2015,ChEMBL
N#CC1CCN(c2nccnc2O[C@H]2C[C@@H](Nc3nc4ccccc4s3)C2)CC1,1,8.64,2015,ChEMBL
N#CCCn1nc(-c2ccccn2)cc1NC(=O)c1nc(C2CC2)ccc1Nc1cncnc1,1,6.77,2013,ChEMBL
N#CCOc1ccccc1-c1ccc(-c2nc3ccncc3c(O)c2C#N)cc1,1,8.7,2012,ChEMBL
N#CCSc1nc2ccccc2c2nc(/C=N/O)nn12,1,6.02,2011,ChEMBL
N#C[C@@H]1CCN(c2nccnc2O[C@H]2C[C@@H](Nc3nc4ccccc4s3)C2)C1,1,9.14,2015,ChEMBL
N#C[C@H]1CCN(c2nccnc2O[C@H]2C[C@@H](Nc3nc4ccccc4s3)C2)C1,1,8.28,2015,ChEMBL
N#Cc1c(-c2ccc(-c3ccccc3C(F)(F)F)cc2)nc2ccncc2c1O,1,8.52,2012,ChEMBL
N#Cc1c(-c2ccc(-c3ccccc3CN3CCOCC3)cc2)nc2ccncc2c1O,1,7.17,2012,ChEMBL
N#Cc1c(-c2ccc(-c3ccccc3CO)cc2)nc2ccncc2c1O,1,6.97,2012,ChEMBL
N#Cc1c(-c2ccc(-c3ccccc3Cl)cc2)nc2ccncc2c1O,1,8.1,2012,ChEMBL
N#Cc1c(-c2ccc(-c3ccccc3F)cc2)nc2ccncc2c1O,1,7.66,2012,ChEMBL
N#Cc1c(-c2ccc(-c3ccccc3O)cc2)nc2ccncc2c1O,1,7.19,2012,ChEMBL
N#Cc1c(-c2ccc(-c3ccccc3OC(F)(F)F)cc2)nc2ccncc2c1O,1,9.0,2012,ChEMBL
N#Cc1c(-c2ccc(-c3cccnc3)cc2)nc2ccncc2c1O,1,7.01,2012,ChEMBL
N#Cc1c(-c2ccc(-c3ccncc3)cc2)nc2ccncc2c1O,1,7.28,2012,ChEMBL
N#Cc1c(-c2ccc(-c3ccncc3Cl)cc2)nc2ccncc2c1O,1,7.51,2012,ChEMBL
N#Cc1c(-c2ccc(-c3cncnc3)cc2)nc2ccncc2c1O,1,6.13,2012,ChEMBL
N#Cc1c(-c2ccc(Cl)s2)nc(SCc2cccc(Cl)c2)[nH]c1=O,1,7.15,2024,ChEMBL
N#Cc1cc(-c2cccnc2Oc2ccc(C(=O)c3nc4ccccc4[nH]3)cc2)ccn1,1,8.56,2014,ChEMBL
N#Cc1cc(-c2nccnc2C2CN(c3ccc4ccccc4n3)C2)ccc1F,1,8.15,2017,ChEMBL
N#Cc1ccc(-c2c(/C=C/c3ccc4c(C(=O)O)cccc4n3)nc3c(N4CCOCC4)ccnn23)cc1,1,9.0,2015,ChEMBL
N#Cc1ccc(-c2cccnc2O[C@H]2C[C@@H](Nc3ccc4ccccc4n3)C2)cn1,1,8.89,2015,ChEMBL
N#Cc1ccc(-c2cccnc2O[C@H]2C[C@H](Nc3nc4ccccc4s3)C2)cn1,1,8.89,2015,ChEMBL
N#Cc1ccc(-c2cccnc2Oc2ccc(C(=O)c3nc4ccccc4s3)cc2)cc1,1,6.61,2014,ChEMBL
N#Cc1ccc(-c2cccnc2Oc2ccc(Nc3nc4ccccc4s3)cc2)cc1,1,8.16,2014,ChEMBL
N#Cc1ccc(-c2nccnc2C2CN(c3ccc4ccccc4n3)C2)cc1,1,8.52,2017,ChEMBL
N#Cc1ccc(-c2nccnc2C2CN(c3ccc4ccccc4n3)C2)cc1F,1,8.22,2017,ChEMBL
N#Cc1ccc(-c2nccnc2OC2CN(c3ccc4ccccc4n3)C2)cc1,0,4.35,2014,ChEMBL
N#Cc1ccc(-c2nccnc2O[C@H]2C[C@@H](Nc3ccc4ccccc4n3)C2)cn1,1,8.08,2015,ChEMBL
N#Cc1ccc(-c2nccnc2O[C@H]2C[C@@H](Nc3nc4ccccc4s3)C2)cn1,1,8.13,2015,ChEMBL
N#Cc1ccc(-c2nccnc2O[C@H]2C[C@@H](Nc3ncc4ccccc4n3)C2)cn1,1,8.11,2015,ChEMBL
N#Cc1ccc(C#Cc2nc3c(N4CCOCC4)ccnn3c2-c2ccc(C(=O)O)cc2)nc1,1,7.66,2015,ChEMBL
N#Cc1ccc(N[C@H]2C[C@@H](Oc3ncccc3C3CCOCC3)C2)nc1,1,6.23,2015,ChEMBL
N#Cc1ccc(N[C@H]2C[C@H](Oc3ncccc3C3CCOCC3)C2)nc1,1,6.06,2015,ChEMBL
N#Cc1ccc2nc(Nc3ccc(Oc4ncccc4C(F)(F)F)cc3)[nH]c2c1,1,6.95,2014,ChEMBL
N#Cc1cccc(-c2cccnc2Oc2ccc(Nc3nc4ccccc4s3)cc2)c1,1,7.74,2014,ChEMBL
N#Cc1cccc(-c2nccnc2C2CN(C(=O)c3nc4ccccc4[nH]3)C2)c1,1,6.65,2017,ChEMBL
N#Cc1cccc(-c2nccnc2C2CN(c3ccc4ccccc4n3)C2)c1,1,8.52,2017,ChEMBL
N#Cc1cccc(C(=O)Nc2ncc(-c3nc4ccccc4[nH]3)s2)c1,1,6.96,2016,ChEMBL
N#Cc1cccc(C(=O)Nc2ncc(-c3nc4ccccc4n3CCN)s2)c1,1,6.31,2016,ChEMBL
N#Cc1ccccc1-c1ccc(-c2nc3ccncc3c(O)c2C#N)cc1,1,7.68,2012,ChEMBL
N#Cc1cnn(-c2nccnc2C2CN(c3ccc4ccccc4n3)C2)c1,1,7.18,2017,ChEMBL
NC(=O)C1CCN(c2nccnc2C2CN(C(=O)c3nc4ccccc4[nH]3)C2)CC1,1,8.51,2017,ChEMBL
NC(=O)C1CCN(c2nccnc2C2CN(c3ccc4ccccc4n3)C2)CC1,1,9.32,2017,ChEMBL
NC(=O)C1CCN(c2nccnc2OC2CN(c3ccc4ccccc4n3)C2)CC1,0,4.96,2014,ChEMBL
NC(=O)CNc1nc(-c2ccc(Cl)cc2)nc2ccccc12,0,4.31,2013,ChEMBL
NC(=O)[C@@H](N)CCCCNC(=O)c1ccc(-c2c(C#Cc3ccc4ccccc4n3)nc3c(N4CCOCC4)ccnn23)cc1,1,8.3,2015,ChEMBL
NC(=O)c1cc(-c2nccnc2C2CN(c3ccc4ccccc4n3)C2)ccc1F,1,9.22,2017,ChEMBL
NC(=O)c1ccc(-c2cccnc2O[C@H]2C[C@@H](Nc3ccc4ccccc4n3)C2)cn1,1,9.59,2015,ChEMBL
NC(=O)c1ccc(-c2cccnc2O[C@H]2C[C@@H](Nc3nc4ccccc4s3)C2)cn1,1,9.89,2015,ChEMBL
NC(=O)c1ccc(-c2cnc(N3CCOCC3)c3nc(COc4ccc5ccccc5n4)cn23)cn1,1,7.8,2016,ChEMBL
NC(=O)c1ccc(-c2nccnc2C2CN(c3ccc4ccccc4n3)C2)cc1,1,8.89,2017,ChEMBL
NC(=O)c1ccc(-c2nccnc2C2CN(c3ccc4ccccc4n3)C2)cc1F,1,8.7,2017,ChEMBL
NC(=O)c1ccc(-c2nccnc2O[C@H]2C[C@@H](Nc3ccc4ccccc4n3)C2)cn1,1,8.42,2015,ChEMBL
NC(=O)c1ccc(-c2nccnc2O[C@H]2C[C@@H](Nc3nc4ccccc4s3)C2)cn1,1,8.53,2015,ChEMBL
NC(=O)c1cccc(-c2nccnc2C2CN(c3ccc4ccccc4n3)C2)c1,1,9.1,2017,ChEMBL
NC1CCN(c2nccnc2C2CN(c3ccc4ccccc4n3)C2)C1,1,7.42,2017,ChEMBL
NCC(=O)N[C@@H](CCCCNC(=O)c1ccc(-c2c(C#Cc3ccc4ccccc4n3)nc3c(N4CCOCC4)ccnn23)cc1)C(N)=O,1,8.22,2015,ChEMBL
NS(=O)(=O)N1CCC(c2cnc(N3CCOCC3)c3nc(COc4ccc5ccccc5n4)cn23)CC1,1,6.96,2016,ChEMBL
NS(=O)(=O)N1CCN(c2c(CSc3ccc4ccccc4n3)nc3c(N4CCOCC4)ccnn23)CC1,1,7.86,2016,ChEMBL
NS(=O)(=O)N1CCN(c2ccc(-c3c(CSc4ccc5ccccc5n4)nc4c(N5CCOCC5)ccnn34)cn2)CC1,1,7.75,2015,ChEMBL
NS(=O)(=O)c1ccc(-c2c(CCc3ccc4ccccc4n3)nc3c(N4CCOCC4)ccnn23)cc1,1,8.15,2015,ChEMBL
NS(=O)(=O)c1ccc(-c2cnc(N3CCOCC3)c3nc(COc4ccc5ccccc5n4)cn23)cc1,1,9.0,2016,ChEMBL
NS(=O)(=O)c1ccc(-c2cnc(N3CCOCC3)c3nc(COc4ccc5ccccc5n4)cn23)cn1,1,7.85,2016,ChEMBL
Nc1ccc(-c2c(/C=C/c3ccc4ccccc4n3)nc3c(N4CCOCC4)ccnn23)cn1,1,8.22,2015,ChEMBL
Nc1ccc(-c2ccc(OCc3ccc4ccccc4n3)cc2)c(-c2ccc(Cl)cc2)n1,1,6.44,2015,ChEMBL
Nc1ccc(-c2cnc(N3CCOCC3)c3nc(CCc4ccc5ccccc5n4)cn23)cc1,1,8.05,2016,ChEMBL
Nc1ccc(-c2nc3ccccc3nc2C2CN(c3ccc4ccccc4n3)C2)cc1,1,8.81,2017,ChEMBL
Nc1ccc(-c2nccnc2C2CN(c3ccc4ccccc4n3)C2)cc1,1,8.28,2017,ChEMBL
Nc1ccc(-c2nccnc2C2CN(c3ccc4ccccc4n3)C2)cc1F,1,8.36,2017,ChEMBL
Nc1ccc(-c2nccnc2C2CN(c3ncc4ccccc4n3)C2)cc1F,1,8.17,2017,ChEMBL
Nc1ccc2[nH]c(-c3ccc(Cl)cc3)cc(=O)c2c1,0,4.72,2013,ChEMBL
Nc1cccc(-c2nccnc2C2CN(c3ccc4ccccc4n3)C2)c1,1,7.96,2017,ChEMBL
Nc1ccccc1-c1nccnc1C1CN(c2ccc3ccccc3n2)C1,1,6.88,2017,ChEMBL
Nc1cccnc1Nc1ccc(Nc2nc3ccccc3s2)cc1,1,6.39,2014,ChEMBL
Nc1nc(-n2cc(-c3ccc4ccccc4n3)cn2)nc(NC2CCOCC2)c1Br,1,8.02,2016,ChEMBL
Nc1nc(-n2cc(-c3ccccn3)cn2)nc(-n2cccn2)c1Br,1,7.04,2016,ChEMBL
Nc1nc(-n2cc(-c3ccccn3)cn2)nc(NCc2cncs2)c1Br,1,8.15,2016,ChEMBL
Nc1nc(-n2cc(C(=O)O)cn2)nc(NCC2CC2)c1Br,1,7.52,2016,ChEMBL
Nc1nc(-n2cncn2)nc(NCC2CC2)c1Br,1,8.47,2016,ChEMBL
Nc1nc(-n2cncn2)nc(NCc2cncs2)c1Br,1,8.89,2016,ChEMBL
Nc1nc(-n2ncc3ccccc32)nc(NC2CCOCC2)c1Br,1,7.66,2016,ChEMBL
Nc1nc(-n2ncc3ccccc32)nc(NCC2CC2)c1Br,1,7.28,2016,ChEMBL
Nc1nc(-n2ncc3ccccc32)nc(NCc2cncs2)c1Br,1,8.8,2016,ChEMBL
Nc1nc(-n2ncc3ccncc32)nc(NCC2CC2)c1Br,1,8.74,2016,ChEMBL
Nc1nc(-n2ncc3ccncc32)nc(NCc2cncs2)c1Br,1,10.22,2016,ChEMBL
Nc1nc2c(Cl)cccc2s1,0,3.68,2018,ChEMBL
Nc1nc2c3ccccc3nc(-c3ccccc3Br)n2n1,1,6.0,2011,ChEMBL
Nc1ncc2cc(-c3nccnc3OC3CN(c4ccc5ccccc5n4)C3)ccc2n1,1,6.67,2014,ChEMBL
Nn1cc(-c2ccccc2)nc1SCc1cn2cc(Cl)ccc2n1,1,6.08,2017,ChEMBL
O=C(NC1(c2ccc(C(F)(F)F)cc2F)CCOC1)c1cnn2cc(C3CC3)cnc12,0,4.97,2023,ChEMBL
O=C(NC1CC1)c1cccc(-c2nccnc2C2CN(c3ccc4ccccc4n3)C2)c1,1,8.47,2017,ChEMBL
O=C(NC1CC1)c1ccncc1NC(=O)c1nc(C2CC2)ccc1Nc1cncnc1,1,8.68,2014,ChEMBL
O=C(NC1CC1)c1ccsc1NC(=O)c1nc(C2CC2)ccc1Nc1cncnc1,1,9.3,2014,ChEMBL
O=C(NC1CC1)c1nocc1NC(=O)c1nc(C2CC2)cnc1Nc1cncnc1,1,8.21,2014,ChEMBL
O=C(NC1CCC1)c1ccncc1NC(=O)c1nc(C2CC2)ccc1Nc1cncnc1,1,8.96,2014,ChEMBL
O=C(NC1CCCC1)c1ccncc1NC(=O)c1nc(C2CC2)ccc1Nc1cncnc1,1,8.89,2014,ChEMBL
O=C(NC1CCCCC1)c1ccncc1NC(=O)c1nc(C2CC2)ccc1Nc1cncnc1,1,8.7,2014,ChEMBL
O=C(NC1CCOC1)c1ccncc1NC(=O)c1nc(C2CC2)cnc1Nc1cncnc1,1,8.6,2014,ChEMBL
O=C(NC1COC1)c1ccncc1NC(=O)c1nc(C2CC2)cnc1Nc1cncnc1,1,8.59,2014,ChEMBL
O=C(NC1COC1)c1ncccc1NC(=O)c1nc(C2CC2)cnc1Nc1cncnc1,1,8.57,2014,ChEMBL
O=C(NCC(O)CO)c1ccncc1NC(=O)c1nc(C2CC2)ccc1Nc1cncnc1,1,8.39,2014,ChEMBL
O=C(NCC1CCCO1)c1ccncc1NC(=O)c1nc(C2CC2)cnc1Nc1cncnc1,1,8.82,2014,ChEMBL
O=C(NCCO)Nc1ccc(-c2cnc(N3CCOCC3)c3nc(/C=C/c4ccc5ccccc5n4)cn23)cc1,1,7.51,2016,ChEMBL
O=C(NCCO)c1ccncc1NC(=O)c1nc(C2CC2)ccc1Nc1cncnc1,1,8.48,2014,ChEMBL
O=C(NCCO)c1ncccc1NC(=O)c1nc(C2CC2)cnc1Nc1cncnc1,1,9.4,2014,ChEMBL
O=C(Nc1c(C(=O)N2CCC2)ccc(F)c1F)c1nc(C2CC2)cnc1Nc1cncnc1,1,7.06,2014,ChEMBL
O=C(Nc1cc(-c2ccc(Br)cc2)no1)c1nc(C2CC2)ccc1Nc1cncnc1,1,6.11,2013,ChEMBL
O=C(Nc1cc(-c2ccc(Cl)cn2)nn1CCO)c1nc(C2CC2)ccc1Nc1cncnc1,1,8.7,2013,ChEMBL
O=C(Nc1cc(-c2cccc(Cl)n2)nn1CCO)c1nc(C2CC2)ccc1Nc1cncnc1,1,9.0,2013,ChEMBL
O=C(Nc1cc(-c2ccccc2)nn1CCO)c1nc(C2CC2)ccc1Nc1cncnc1,1,6.91,2013,ChEMBL
O=C(Nc1cc(-c2ccccc2)no1)c1nc(C2CC2)ccc1Nc1cncnc1,1,6.21,2013,ChEMBL
O=C(Nc1cc(-c2ccccn2)nn1C1CCCCC1)c1nc(C2CC2)ccc1Nc1cncnc1,1,9.0,2013,ChEMBL
O=C(Nc1cc(-c2ccccn2)nn1C1CCOCC1)c1nc(C2CC2)ccc1Nc1cncnc1,1,9.0,2013,ChEMBL
O=C(Nc1cc(-c2ccccn2)nn1CC(F)(F)F)c1nc(C2CC2)ccc1Nc1cncnc1,1,8.7,2013,ChEMBL
O=C(Nc1cc(-c2ccccn2)nn1CC1CCCC1)c1nc(C2CC2)ccc1Nc1cncnc1,1,9.0,2013,ChEMBL
O=C(Nc1cc(-c2ccccn2)nn1CC1CCCCC1)c1nc(C2CC2)ccc1Nc1cncnc1,1,9.0,2013,ChEMBL
O=C(Nc1cc(-c2ccccn2)nn1CCN1CCOCC1)c1nc(C2CC2)ccc1Nc1cncnc1,1,8.7,2013,ChEMBL
O=C(Nc1cc(-c2ccccn2)nn1CCO)c1nc(C2CC2)ccc1Nc1cncnc1,1,8.7,2013,ChEMBL
O=C(Nc1cc(-c2ccccn2)nn1CCc1ccccc1)c1nc(C2CC2)ccc1Nc1cncnc1,1,8.3,2013,ChEMBL
O=C(Nc1cc(-c2ccccn2)nn1Cc1ccccc1)c1nc(C2CC2)ccc1Nc1cncnc1,1,8.7,2013,ChEMBL
O=C(Nc1cc(-c2ccccn2)no1)c1nc(C2CC2)ccc1Nc1cncnc1,1,8.4,2013,ChEMBL
O=C(Nc1cc(F)c(F)cc1C(=O)N1CCC1)c1nc(C2CC2)cnc1Nc1cncnc1,1,7.51,2014,ChEMBL
O=C(Nc1cc(F)cc(F)c1C(=O)N1CCC1)c1nc(C2CC2)cnc1Nc1cncnc1,1,7.45,2014,ChEMBL
O=C(Nc1cc(F)ccc1C(=O)N1CCC1)c1nc(C2CC2)cnc1Nc1cncnc1,1,9.0,2014,ChEMBL
O=C(Nc1cc2cccccc-2n1)/C(=C/c1ccccc1)c1ccccc1,1,6.29,2019,ChEMBL
O=C(Nc1ccc(-c2ccccn2)s1)c1nc(C2CC2)ccc1Nc1cncnc1,1,9.0,2013,ChEMBL
O=C(Nc1ccc(-c2cnc(N3CCOCC3)c3nc(/C=C/c4ccc5ccccc5n4)cn23)cc1)N(CCO)CCO,1,7.36,2016,ChEMBL
O=C(Nc1ccc(C2CC2)nc1C(=O)N1CCC1)c1nc(C2CC2)cnc1Nc1cncnc1,1,8.07,2014,ChEMBL
O=C(Nc1ccc(F)c(F)c1C(=O)N1CCC1)c1nc(C2CC2)cnc1Nc1cncnc1,1,7.81,2014,ChEMBL
O=C(Nc1ccc(F)cc1C(=O)N1CCC1)c1nc(C2CC2)cnc1Nc1cncnc1,1,8.35,2014,ChEMBL
O=C(Nc1ccc2ccccc2n1)c1cc2cccc(-c3ccncc3)c2s1,1,7.33,2019,ChEMBL
O=C(Nc1ccc2ccccc2n1)c1nc2c(N3CCOCC3)ccnn2c1-c1ccc(N2CCNCC2)nc1,1,6.12,2015,ChEMBL
O=C(Nc1cccc(F)c1C(=O)N1CCC1)c1nc(C2CC2)cnc1Nc1cncnc1,1,8.96,2014,ChEMBL
O=C(Nc1ccccc1)N1CCc2nc(-c3ccc(F)nc3)nc(NCCc3ccccn3)c2C1,1,6.95,2014,ChEMBL
O=C(Nc1ccccc1)N1CCc2nc(-c3cccnc3)nc(NCC3C=NC(c4ccccc4)=N3)c2C1,1,8.66,2012,ChEMBL
O=C(Nc1ccccc1)N1CCc2nc(-c3cccnc3)nc(NCc3cnc(-c4ccccc4)[nH]3)c2C1,1,8.66,2014,ChEMBL
O=C(Nc1ccccc1)N1CCc2nc(-c3ccncc3)nc(N3CCc4ccncc4C3)c2C1,1,6.79,2014,ChEMBL
O=C(Nc1ccccc1)N1CCc2nc(-c3ccncc3)nc(NCCc3ccccn3)c2C1,1,7.32,2014,ChEMBL
O=C(Nc1ccccc1)N1CCc2nc(-c3ccncc3)nc(NCc3ccccn3)c2C1,1,6.72,2014,ChEMBL
O=C(Nc1cccnc1)c1cccc2nn(CCc3ccc4ccccc4n3)c(=O)n12,1,7.01,2016,ChEMBL
O=C(Nc1cccnc1C(=O)N1CCC1)c1nc(C2CC2)cnc1Nc1cncnc1,1,8.26,2014,ChEMBL
O=C(Nc1cccnc1C(=O)N1CCCC1)c1nc(C2CC2)cnc1Nc1cncnc1,1,8.6,2014,ChEMBL
O=C(Nc1cccnc1C(=O)N1CCCCC1)c1nc(C2CC2)cnc1Nc1cncnc1,1,7.79,2014,ChEMBL
O=C(Nc1ccn(-c2ccc(F)cc2)n1)c1nc(C2CC2)ccc1Nc1cncnc1,1,7.64,2013,ChEMBL
O=C(Nc1ccn(-c2ccncc2)n1)c1nc(C2CC2)ccc1Nc1cncnc1,1,8.0,2013,ChEMBL
O=C(Nc1ccn2cc(-c3ccccc3)nc2n1)c1nc(C2CC2)ccc1Nc1cncnc1,1,8.22,2012,ChEMBL
O=C(Nc1cn(-c2ccccn2)cn1)c1nc(C2CC2)ccc1Nc1cncnc1,1,7.48,2013,ChEMBL
O=C(Nc1cn(-c2ccccn2)cn1)c1nc(C2CC2)cnc1Nc1cncnc1,1,6.73,2013,ChEMBL
O=C(Nc1cn2c(-c3ccc(N4CCNCC4)nc3)cnc(N3CCOCC3)c2n1)c1ccc2ccccc2n1,1,6.51,2016,ChEMBL
O=C(Nc1cnc(-c2ccccn2)s1)c1nc(C2CC2)ccc1Nc1cncnc1,1,8.7,2013,ChEMBL
O=C(Nc1cnccc1C(=O)N1CC(O)C1)c1nc(C2CC2)ccc1Nc1cncnc1,1,9.4,2014,ChEMBL
O=C(Nc1cnccc1C(=O)N1CC2(COC2)C1)c1nc(C2CC2)ccc1Nc1cncnc1,1,6.24,2014,ChEMBL
O=C(Nc1cnccc1C(=O)N1CCC(F)(F)C1)c1nc(C2CC2)ccc1Nc1cncnc1,1,7.18,2014,ChEMBL
O=C(Nc1cnccc1C(=O)N1CCC(O)C1)c1nc(C2CC2)ccc1Nc1cncnc1,1,6.75,2014,ChEMBL
O=C(Nc1cnccc1C(=O)N1CCC1)c1nc(C2CC2)ccc1Nc1cncnc1,1,7.8500000000000005,2014,ChEMBL
O=C(Nc1cnccc1C(=O)N1CCCC1)c1nc(C2CC2)ccc1Nc1cncnc1,1,7.73,2014,ChEMBL
O=C(Nc1cnccc1C(=O)N1CCCC1CO)c1nc(C2CC2)ccc1Nc1cncnc1,1,7.255000000000001,2014,ChEMBL
O=C(Nc1cncnc1C(=O)N1CCCC1)c1nc(C2CC2)cnc1Nc1cncnc1,1,7.28,2014,ChEMBL
O=C(Nc1cncnc1C(=O)N1CCCCC1)c1nc(C2CC2)cnc1Nc1cncnc1,1,7.09,2014,ChEMBL
O=C(Nc1cnn(-c2ccccn2)c1)c1nc(C2CC2)ccc1Nc1cncnc1,1,7.26,2013,ChEMBL
O=C(Nc1nc2c(N3CCOCC3)ccnn2c1-c1ccc(N2CCNCC2)nc1)c1ccc2ccccc2n1,1,6.22,2015,ChEMBL
O=C(Nc1nnc(-c2ccccc2)s1)c1nc(C2CC2)ccc1Nc1cncnc1,1,6.36,2013,ChEMBL
O=C(Nc1nnc(-c2cnccn2)s1)c1nc(C2CC2)ccc1Nc1cncnc1,1,6.13,2013,ChEMBL
O=C(Nc1sccc1C(=O)N1CCOCC1)c1nc(C2CC2)ccc1Nc1cncnc1,1,9.4,2014,ChEMBL
O=C(O)C1(c2ccc(-c3c([C@H]4C[C@H](c5ccc6ccccc6n5)C4)nc4c(N5CCOCC5)ccnn34)cc2)CC1,1,8.7,2015,ChEMBL
O=C(O)C1CCC(Nc2c(/C=C/c3ccc4ccccc4n3)nc3c(N4CCOCC4)ccnn23)CC1,1,8.15,2015,ChEMBL
O=C(O)C1CCN(c2c(/C=C/c3ccc4ccccc4n3)nc3c(N4CCOCC4)ccnn23)CC1,1,8.15,2015,ChEMBL
O=C(O)C1CCN(c2ccc(-c3c(/C=C/c4ccc5ccccc5n4)nc4c(N5CCOCC5)ccnn34)cc2)CC1,1,8.44,2016,ChEMBL
O=C(O)C1CCN(c2ccc(-c3c([C@H]4C[C@@H](c5ccc6ccccc6n5)C4)nc4c(N5CCOCC5)ccnn34)cc2)CC1,1,7.03,2015,ChEMBL
O=C(O)C1CCN(c2ccc(-c3c([C@H]4C[C@H](c5ccc6ccccc6n5)C4)nc4c(N5CCOCC5)ccnn34)cc2)CC1,1,8.594999999999999,2016,ChEMBL
O=C(O)C1CCN(c2ccc(-c3cnc(N4CCOCC4)c4nc(/C=C/c5ccc6ccccc6n5)cn34)cc2)CC1,1,8.22,2016,ChEMBL
O=C(O)C1CCN(c2nccnc2Oc2ccc(Nc3nc4ccccc4s3)cc2)CC1,1,8.55,2012,ChEMBL
O=C(O)CC(=O)Nc1ccc(-c2cnc(N3CCOCC3)c3nc(/C=C/c4ccc5ccccc5n4)cn23)cc1,1,7.75,2016,ChEMBL
O=C(O)CC(=O)Nc1ccc(-c2cnc(N3CCOCC3)c3nc(CCc4ccc5ccccc5n4)cn23)cc1,1,7.96,2016,ChEMBL
O=C(O)CC1(c2ccc(-c3c([C@H]4C[C@H](c5ccc6ccccc6n5)C4)nc4c(N5CCOCC5)ccnn34)cc2)COC1,1,9.0,2015,ChEMBL
O=C(O)CC1CCN(c2c(/C=C/c3ccc4ccccc4n3)nc3c(N4CCOCC4)ccnn23)CC1,1,8.15,2015,ChEMBL
O=C(O)CCC(=O)N1CCN(c2c(/C=C/c3ccc4ccccc4n3)nc3c(N4CCOCC4)ccnn23)CC1,1,8.3,2015,ChEMBL
O=C(O)CCC(=O)Nc1ccc(-c2c(/C=C/c3ccc4ccccc4n3)nc3c(N4CCOCC4)ccnn23)cc1,1,8.05,2015,ChEMBL
O=C(O)CCC(=O)Nc1ccc(-c2c(CCc3ccc4ccccc4n3)nc3c(N4CCOCC4)ccnn23)cc1,1,8.4,2015,ChEMBL
O=C(O)CCC(=O)Nc1ccc(-c2cnc(N3CCOCC3)c3nc(/C=C/c4ccc5ccccc5n4)cn23)cc1,1,7.92,2016,ChEMBL
O=C(O)CCC(=O)Nc1ccc(-c2cnc(N3CCOCC3)c3nc(CCc4ccc5ccccc5n4)cn23)cc1,1,8.4,2016,ChEMBL
O=C(O)CCNC(=O)c1ccc(-c2c(/C=C/c3ccc4ccccc4n3)nc3c(N4CCOCC4)ccnn23)cc1,1,8.4,2015,ChEMBL
O=C(O)CCNC(=O)c1ccc(-c2c(CCc3ccc4ccccc4n3)nc3c(N4CCOCC4)ccnn23)cc1,1,8.52,2015,ChEMBL
O=C(O)CCNC(=O)c1ccc(-c2cnc(N3CCOCC3)c3nc(/C=C/c4ccc5ccccc5n4)cn23)cc1,1,8.175,2016,ChEMBL
O=C(O)CCNC(=O)c1ccc(-c2cnc(N3CCOCC3)c3nc(CCc4ccc5ccccc5n4)cn23)cc1,1,8.399999999999999,2016,ChEMBL
O=C(O)CCNc1cc(-c2ccc(-c3ccccc3C(F)(F)F)cc2)nc2ccccc12,1,7.52,2007,ChEMBL
O=C(O)CCNc1cc(-c2ccc(-c3ccccc3CN3CCOCC3)cc2)nc2ccccc12,1,7.35,2007,ChEMBL
O=C(O)CCNc1ccc(-c2c(/C=C/c3ccc4ccccc4n3)nc3c(N4CCOCC4)ccnn23)cc1,1,8.52,2015,ChEMBL
O=C(O)CCc1ccc(-c2c(/C=C/c3ccc4ccccc4n3)nc3c(N4CCOCC4)ccnn23)cc1,1,8.3,2015,ChEMBL
O=C(O)CCc1ccc(-c2c(/C=C/c3ccc4ccccc4n3)nc3c(N4CCOCC4)ccnn23)cn1,1,8.7,2015,ChEMBL
O=C(O)CCc1ccc(-c2c([C@H]3C[C@H](c4ccc5ccccc5n4)C3)nc3c(N4CCOCC4)ccnn23)cc1,1,8.66,2016,ChEMBL
O=C(O)CN1CCC(c2c(/C=C/c3ccc4ccccc4n3)nc3c(N4CCOCC4)ccnn23)CC1,1,7.41,2015,ChEMBL
O=C(O)CN1CCC(c2c(C#Cc3ccc4ccccc4n3)nc3c(N4CCOCC4)ccnn23)CC1,1,8.15,2015,ChEMBL
O=C(O)CN1CCC(c2cnc(N3CCOCC3)c3nc(COc4ccc5ccccc5n4)cn23)CC1,1,6.39,2016,ChEMBL
O=C(O)CNC(=O)c1ccc(-c2c(/C=C/c3ccc4ccccc4n3)nc3c(N4CCOCC4)ccnn23)cc1,1,8.05,2015,ChEMBL
O=C(O)CNC(=O)c1ccc(-c2c(CCc3ccc4ccccc4n3)nc3c(N4CCOCC4)ccnn23)cc1,1,8.3,2015,ChEMBL
O=C(O)CNc1ccc(-c2c(/C=C/c3ccc4ccccc4n3)nc3c(N4CCOCC4)ccnn23)cn1,1,8.52,2015,ChEMBL
O=C(O)CNc1ccc(-c2c(C#Cc3ccc4ccccc4n3)nc3c(N4CCOCC4)ccnn23)cn1,1,9.0,2015,ChEMBL
O=C(O)CNc1ccc(-c2cnc(N3CCOCC3)c3nc(/C=C/c4ccc5ccccc5n4)cn23)cc1,1,7.62,2016,ChEMBL
O=C(O)CNc1ccc(-c2cnc(N3CCOCC3)c3nc(/C=C/c4ccc5ccccc5n4)cn23)cn1,1,8.7,2016,ChEMBL
O=C(O)CNc1ccc(-c2cnc(N3CCOCC3)c3nc(COc4ccc5ccccc5n4)cn23)cn1,1,8.7,2016,ChEMBL
O=C(O)Cc1ccc(-c2cnc(N3CCOCC3)c3nc(COc4ccc5ccccc5n4)cn23)cn1,1,7.82,2016,ChEMBL
O=C(O)Cn1cc(-c2cnc(N3CCOCC3)c3nc(C#Cc4ccc5ccccc5n4)cn23)cn1,1,9.0,2016,ChEMBL
O=C(O)[C@@H]1CCCN1C(=O)c1ccc(-c2c(/C=C/c3ccc4ccccc4n3)nc3c(N4CCOCC4)ccnn23)cc1,1,8.22,2015,ChEMBL
O=C(O)[C@@H]1CCCN1C(=O)c1ccc(-c2c(CCc3ccc4ccccc4n3)nc3c(N4CCOCC4)ccnn23)cc1,1,8.22,2015,ChEMBL
O=C(O)[C@@H]1CCCN1C(=O)c1ccc(-c2cnc(N3CCOCC3)c3nc(/C=C/c4ccc5ccccc5n4)cn23)cc1,1,7.7,2016,ChEMBL
O=C(O)[C@@H]1CCCN1C(=O)c1ccc(-c2cnc(N3CCOCC3)c3nc(CCc4ccc5ccccc5n4)cn23)cc1,1,8.15,2016,ChEMBL
O=C(O)[C@@H]1C[C@@H]1c1ccc(-c2c([C@H]3C[C@H](c4ccc5ccccc5n4)C3)nc3c(N4CCOCC4)ccnn23)cc1,1,9.0,2015,ChEMBL
O=C(O)c1c(O)c(-c2c[nH]c3ccccc23)nc2ccccc12,0,4.82,2013,ChEMBL
O=C(O)c1c(O)c(-c2ccccc2)nc2ccccc12,0,4.82,2013,ChEMBL
O=C(O)c1cc(-c2ccccc2)nc2ccccc12,0,3.9,2013,ChEMBL
O=C(O)c1cc(/C=C/c2cn3ccnc(N4CCOCC4)c3n2)nc2ccccc12,1,8.7,2016,ChEMBL
O=C(O)c1cc(/C=C/c2cn3nc(Cl)cc(N4CCOCC4)c3n2)nc2ccccc12,1,8.7,2015,ChEMBL
O=C(O)c1cc2ccccc2nc1/C=C/c1cn2nc(Cl)cc(N3CCOCC3)c2n1,1,9.0,2015,ChEMBL
O=C(O)c1ccc(-c2c(/C=C/c3ccc4c(n3)CCCC4)nc3c(N4CCOCC4)ccnn23)cc1,1,8.3,2015,ChEMBL
O=C(O)c1ccc(-c2c(/C=C/c3ccc4c(n3)CCCC4)nc3c(N4CCOCC4)ccnn23)cn1,1,7.92,2015,ChEMBL
O=C(O)c1ccc(-c2c(/C=C/c3ccc4ccccc4n3)nc3c(N4CCOCC4)ccnn23)cc1,1,8.76,2016,ChEMBL
O=C(O)c1ccc(-c2c(/C=C/c3ccc4ccccc4n3)nc3c(N4CCOCC4)ccnn23)cc1F,1,8.52,2015,ChEMBL
O=C(O)c1ccc(-c2c(/C=C/c3ccc4ccccc4n3)nc3c(N4CCOCC4)ccnn23)cc1O,1,8.52,2015,ChEMBL
O=C(O)c1ccc(-c2c(/C=C/c3ccc4ccccc4n3)nc3c(N4CCOCC4)ccnn23)cn1,1,8.4,2015,ChEMBL
O=C(O)c1ccc(-c2c(/C=C/c3ccc4ccccc4n3)nc3c(N4CCOCC4)ccnn23)nc1,1,8.7,2015,ChEMBL
O=C(O)c1ccc(-c2c(/C=C/c3ccc4ccccc4n3)nc3c(N4CCOCC4)ccnn23)o1,1,8.7,2015,ChEMBL
O=C(O)c1ccc(-c2c(/C=C/c3ccc4ccccc4n3)nc3c(N4CCOCC4)ccnn23)s1,1,9.0,2015,ChEMBL
O=C(O)c1ccc(-c2c(/C=C/c3ccccn3)nc3c(N4CCOCC4)ccnn23)cc1,1,7.05,2015,ChEMBL
O=C(O)c1ccc(-c2c(/C=C/c3nc4ccccc4s3)nc3c(N4CCOCC4)ccnn23)cc1,1,7.72,2015,ChEMBL
O=C(O)c1ccc(-c2c(C#Cc3ccc(C(F)(F)F)cn3)nc3c(N4CCOCC4)ccnn23)cc1,1,7.66,2015,ChEMBL
O=C(O)c1ccc(-c2c(C#Cc3cccc(C(F)(F)F)n3)nc3c(N4CCOCC4)ccnn23)cc1,1,7.75,2015,ChEMBL
O=C(O)c1ccc(-c2c(C#Cc3ccccn3)nc3c(N4CCOCC4)ccnn23)cc1,1,8.7,2015,ChEMBL
O=C(O)c1ccc(-c2c(C#Cc3nc4ccccc4s3)nc3c(N4CCOCC4)ccnn23)cc1,1,9.0,2015,ChEMBL
O=C(O)c1ccc(-c2c(C3CN(c4ccc5ccccc5n4)C3)nc3c(N4CCOCC4)ccnn23)cc1,1,8.7,2015,ChEMBL
O=C(O)c1ccc(-c2c(CCc3ccc4c(n3)CCCC4)nc3c(N4CCOCC4)ccnn23)cc1,1,8.52,2015,ChEMBL
O=C(O)c1ccc(-c2c(CCc3ccc4ccccc4n3)nc3c(N4CCOCC4)ccnn23)cc1,1,8.96,2016,ChEMBL
O=C(O)c1ccc(-c2c(CCc3ccc4ccccc4n3)nc3c(N4CCOCC4)ccnn23)cc1O,1,9.0,2015,ChEMBL
O=C(O)c1ccc(-c2c(CSc3ccc4ccccc4n3)nc3c(N4CCOCC4)ccnn23)cc1,1,9.0,2015,ChEMBL
O=C(O)c1ccc(-c2c([C@@H]3C[C@H]3c3ccc4ccccc4n3)nc3c(N4CCOCC4)cc(Cl)nn23)cc1,1,8.15,2015,ChEMBL
O=C(O)c1ccc(-c2c([C@@H]3C[C@H]3c3ccc4ccccc4n3)nc3c(N4CCOCC4)cc(Cl)nn23)cc1F,1,7.92,2015,ChEMBL
O=C(O)c1ccc(-c2c([C@H]3C[C@@H](c4ccc5ccccc5n4)C3)nc3c(N4CCOCC4)ccnn23)cc1,1,7.89,2015,ChEMBL
O=C(O)c1ccc(-c2c([C@H]3C[C@H](c4ccc5ccccc5n4)C3)nc3c(N4CCOCC4)cc(Cl)nn23)cc1,1,9.0,2015,ChEMBL
O=C(O)c1ccc(-c2c([C@H]3C[C@H](c4ccc5ccccc5n4)C3)nc3c(N4CCOCC4)ccnn23)cc1,1,9.22,2016,ChEMBL
O=C(O)c1ccc(-c2cnc(N3CCOCC3)c3nc(/C=C/c4ccc5ccccc5n4)cn23)cc1F,1,8.3,2016,ChEMBL
O=C(O)c1ccc(-c2cnc(N3CCOCC3)c3nc(/C=C/c4ccc5ccccc5n4)cn23)nc1,1,7.92,2016,ChEMBL
O=C(O)c1ccc(-c2cnc(N3CCOCC3)c3nc(C#Cc4ccccn4)cn23)cc1,1,7.92,2016,ChEMBL
O=C(O)c1ccc(-c2cnc(N3CCOCC3)c3nc(C#Cc4nc5ccccc5s4)cn23)cc1,1,8.15,2016,ChEMBL
O=C(O)c1ccc(-c2cnc(N3CCOCC3)c3nc(CCc4ccc5ccccc5n4)cn23)cc1,1,8.52,2016,ChEMBL
O=C(O)c1ccc(-c2cnc(N3CCOCC3)c3nc(CCc4ccc5ccccc5n4)cn23)cn1,1,8.7,2016,ChEMBL
O=C(O)c1ccc(-c2cnc(N3CCOCC3)c3nc([C@H]4C[C@@H](c5ccc6ccccc6n5)C4)cn23)cc1,1,7.07,2016,ChEMBL
O=C(O)c1ccc(-c2cnc(N3CCOCC3)c3nc([C@H]4C[C@H](c5ccc6ccccc6n5)C4)cn23)cc1,1,8.15,2016,ChEMBL
O=C(O)c1ccc(Nc2c(/C=C/c3ccc4ccccc4n3)nc3c(N4CCOCC4)ccnn23)c(F)c1,1,9.0,2015,ChEMBL
O=C(O)c1ccc(Nc2c(/C=C/c3ccc4ccccc4n3)nc3c(N4CCOCC4)ccnn23)cc1,1,8.3,2015,ChEMBL
O=C(O)c1ccc2ccc(/C=C/c3cn4nc(Cl)cc(N5CCOCC5)c4n3)nc2c1,1,7.28,2015,ChEMBL
O=C(O)c1cccc(-c2c(/C=C/c3ccc4ccccc4n3)nc3c(N4CCOCC4)ccnn23)c1,1,8.4,2015,ChEMBL
O=C(O)c1cccc2nc(/C=C/c3cn4nccc(N5CCOCC5)c4n3)ccc12,1,9.0,2015,ChEMBL
O=C(O)c1cccc2nc(/C=C/c3nc4c(N5CCOCC5)cc(Cl)nn4c3-c3cccnc3)ccc12,1,8.7,2015,ChEMBL
O=C(O)c1cccc2nc(/C=C/c3nc4c(N5CCOCC5)ccnn4c3-c3cccnc3)ccc12,1,8.52,2015,ChEMBL
O=C(O)c1cccnc1Oc1ccc(Nc2nc3ccccc3s2)cc1,1,6.19,2014,ChEMBL
O=C(c1ccc(Oc2ncccc2-c2cc[nH]c(=O)c2)cc1)c1nc2ccccc2[nH]1,1,8.93,2014,ChEMBL
O=C(c1ccc(Oc2ncccc2-c2cccc3ncccc23)cc1)c1nc2ccccc2[nH]1,1,9.47,2014,ChEMBL
O=C(c1ccc(Oc2ncccc2-c2cccnc2)cc1)c1nc2ccccc2[nH]1,1,9.59,2014,ChEMBL
O=C(c1ccc(Oc2ncccc2-c2cccnc2)cc1)c1nc2ccccc2s1,1,7.5,2014,ChEMBL
O=C(c1ccc(Oc2ncccc2-c2cccnc2)cc1)c1nc2ncccc2[nH]1,1,8.32,2014,ChEMBL
O=C(c1ccc(Oc2ncccc2-c2cccnc2F)cc1)c1nc2ccccc2[nH]1,1,9.79,2014,ChEMBL
O=C(c1ccc(Oc2ncccc2-c2ccnc(C(F)(F)F)c2)cc1)c1nc2ccccc2[nH]1,1,8.21,2014,ChEMBL
O=C(c1ccc(Oc2ncccc2-c2ccnc(Cl)c2)cc1)c1nc2ccccc2[nH]1,1,8.79,2014,ChEMBL
O=C(c1ccc(Oc2ncccc2-c2ccnc(F)c2)cc1)c1nc2ccc(F)cc2[nH]1,1,8.81,2014,ChEMBL
O=C(c1ccc(Oc2ncccc2-c2ccnc(F)c2)cc1)c1nc2ccccc2[nH]1,1,9.1,2014,ChEMBL
O=C(c1ccc(Oc2ncccc2-c2ccnc3ccccc23)cc1)c1nc2ccccc2[nH]1,1,9.17,2014,ChEMBL
O=C(c1ccc(Oc2ncccc2-c2ccncc2)cc1)c1nc2ccccc2[nH]1,1,9.59,2014,ChEMBL
O=C(c1ccc(Oc2ncccc2-c2ccncn2)cc1)c1nc2ccccc2[nH]1,1,8.13,2014,ChEMBL
O=C(c1ccc(Oc2ncccc2-c2cncnc2)cc1)c1nc2ccccc2[nH]1,1,9.57,2014,ChEMBL
O=C(c1ccc(Oc2ncccc2-c2cnn(C3CC3)c2)cc1)c1nc2ccccc2[nH]1,1,7.64,2014,ChEMBL
O=C(c1ccc(Oc2ncccc2-c2ncnc3nc[nH]c23)cc1)c1nc2ccccc2[nH]1,1,7.49,2014,ChEMBL
O=C(c1ccc(Oc2ncccc2Br)cc1)c1nc2ccc(F)cc2[nH]1,1,7.13,2014,ChEMBL
O=C(c1ccc(Oc2ncccc2Br)cc1)c1nc2ccccc2[nH]1,1,7.35,2014,ChEMBL
O=C(c1ccc(Oc2ncccc2Br)cc1)c1nc2ncccc2[nH]1,1,7.84,2014,ChEMBL
O=C(c1ccc(Oc2ncccc2C(=O)NC2(Cc3ccccc3)CC2)cc1)c1nc2ccccc2[nH]1,1,9.78,2014,ChEMBL
O=C(c1ccc(Oc2ncccc2C(=O)NC2Cc3ccccc3C2)cc1)c1nc2ccccc2[nH]1,1,7.25,2014,ChEMBL
O=C(c1ccc(Oc2ncccc2C(=O)NCCBr)cc1)c1nc2ccccc2[nH]1,1,7.56,2014,ChEMBL
O=C(c1ccc(Oc2ncccc2C(=O)NCCc2ccc(C(F)(F)F)cc2)cc1)c1nc2ccccc2[nH]1,1,8.0,2014,ChEMBL
O=C(c1ccc(Oc2ncccc2C(=O)NCCc2ccccc2)cc1)c1nc2ccccc2[nH]1,1,8.56,2014,ChEMBL
O=C(c1ccc(Oc2ncccc2C(=O)NCCc2ccccn2)cc1)c1nc2ccccc2[nH]1,1,8.76,2014,ChEMBL
O=C(c1ccc(Oc2ncccc2C(=O)NCCc2cccs2)cc1)c1nc2ccccc2[nH]1,1,8.53,2014,ChEMBL
O=C(c1ccc(Oc2ncccc2C(=O)N[C@@H](CO)Cc2ccccc2)cc1)c1nc2ccccc2[nH]1,1,7.89,2014,ChEMBL
O=C(c1ccc(Oc2ncccc2C(=O)N[C@H](CO)Cc2ccc(O)cc2)cc1)c1nc2ccccc2[nH]1,1,8.44,2014,ChEMBL
O=C(c1ccc(Oc2ncccc2C(=O)N[C@H](CO)Cc2ccccc2)cc1)c1nc2ccccc2[nH]1,1,9.08,2014,ChEMBL
O=C(c1ccc(Oc2ncccc2C(=O)O)cc1)c1nc2ccccc2[nH]1,1,6.56,2014,ChEMBL
O=C(c1ccc(Oc2ncccc2C2(C(F)F)CCOCC2)cc1)c1nc2ccccc2[nH]1,1,8.68,2014,ChEMBL
O=C(c1ccc(Oc2ncccc2C2(F)CCOCC2)cc1)c1nc2ccccc2[nH]1,1,9.51,2014,ChEMBL
O=C(c1ccc(Oc2ncccc2C2=CCOCC2)cc1)c1nc2ccccc2[nH]1,1,9.12,2014,ChEMBL
O=C(c1ccc(Oc2ncccc2C2CCNCC2)cc1)c1nc2ccccc2[nH]1,1,8.68,2014,ChEMBL
O=C(c1ccc(Oc2ncccc2C2CCOC2)cc1)c1nc2ccccc2n1CCF,1,8.64,2014,ChEMBL
O=C(c1ccc(Oc2ncccc2C2CCOCC2)cc1)c1nc2ccc(F)cc2[nH]1,1,9.32,2014,ChEMBL
O=C(c1ccc(Oc2ncccc2C2CCOCC2)cc1)c1nc2ccccc2[nH]1,1,9.885,2014,ChEMBL
O=C(c1ccc(Oc2ncccc2C2CCOCC2)cc1)c1nc2ncccc2[nH]1,1,8.87,2014,ChEMBL
O=C(c1ccc(Oc2ncccc2C2CCS(=O)(=O)CC2)cc1)c1nc2ccccc2[nH]1,1,9.2,2014,ChEMBL
O=C(c1ccc(Oc2ncccc2Cl)cc1)c1nc2ccc(F)cc2[nH]1,1,7.25,2014,ChEMBL
O=C(c1ccc(Oc2ncccc2N2CCCC2)cc1)c1nc2ccccc2[nH]1,1,7.85,2014,ChEMBL
O=C(c1ccc(Oc2ncccc2N2CCCCC2)cc1)c1nc2ccccc2[nH]1,1,7.88,2014,ChEMBL
O=C(c1ccc(Oc2ncccc2N2CCOCC2)cc1)c1nc2ccccc2[nH]1,1,8.8,2014,ChEMBL
O=C(c1ccc(Oc2ncccc2N2CCOCC2)cc1)c1nc2ccccc2s1,1,7.0,2014,ChEMBL
O=C(c1ccc(Oc2ncccc2[C@@H]2CCCO2)cc1)c1nc2ccccc2[nH]1,1,8.09,2014,ChEMBL
O=C(c1ccc(Oc2ncccc2[C@@H]2CCCOCC2)cc1)c1nc2ccccc2[nH]1,1,10.3,2014,ChEMBL
O=C(c1ccc(Oc2ncccc2[C@@H]2CCC[C@@H](O)C2)cc1)c1nc2ccccc2[nH]1,1,9.535,2014,ChEMBL
O=C(c1ccc(Oc2ncccc2[C@@H]2CCC[C@H](O)C2)cc1)c1nc2ccccc2[nH]1,1,9.325,2014,ChEMBL
O=C(c1ccc(Oc2ncccc2[C@@H]2CCOC2)cc1)c1nc2ccccc2[nH]1,1,9.335,2014,ChEMBL
O=C(c1ccc(Oc2ncccc2[C@@H]2CC[C@@H](CO)C2)cc1)c1nc2ccccc2[nH]1,1,9.5,2014,ChEMBL
O=C(c1ccc(Oc2ncccc2[C@@H]2CC[C@@H](O)C2)cc1)c1nc2ccccc2[nH]1,1,9.78,2014,ChEMBL
O=C(c1ccc(Oc2ncccc2[C@@H]2CC[C@H](CO)C2)cc1)c1nc2ccccc2[nH]1,1,9.51,2014,ChEMBL
O=C(c1ccc(Oc2ncccc2[C@@H]2CC[C@H](O)C2)cc1)c1nc2ccccc2[nH]1,1,9.17,2014,ChEMBL
O=C(c1ccc(Oc2ncccc2[C@@H]2CC[C@](O)(C(F)(F)F)C2)cc1)c1nc2ccccc2[nH]1,1,8.8,2014,ChEMBL
O=C(c1ccc(Oc2ncccc2[C@H]2CCCCO2)cc1)c1nc2ccccc2[nH]1,1,8.06,2014,ChEMBL
O=C(c1ccc(Oc2ncccc2[C@H]2CCCO2)cc1)c1nc2ccccc2[nH]1,1,8.17,2014,ChEMBL
O=C(c1ccc(Oc2ncccc2[C@H]2CCCOC2)cc1)c1nc2ccccc2[nH]1,1,9.28,2014,ChEMBL
O=C(c1ccc(Oc2ncccc2[C@H]2CCC[C@@H](O)C2)cc1)c1nc2ccccc2[nH]1,1,9.0,2014,ChEMBL
O=C(c1ccc(Oc2ncccc2[C@H]2CCC[C@H](O)C2)cc1)c1nc2ccccc2[nH]1,1,8.77,2014,ChEMBL
O=C(c1ccc(Oc2ncccc2[C@H]2CCOC2)cc1)c1nc2ccccc2[nH]1,1,9.23,2014,ChEMBL
O=C(c1ccc(Oc2ncccc2[C@H]2CC[C@@H](CO)C2)cc1)c1nc2ccccc2[nH]1,1,9.67,2014,ChEMBL
O=C(c1ccc(Oc2ncccc2[C@H]2CC[C@@H](O)C2)cc1)c1nc2ccccc2[nH]1,1,9.39,2014,ChEMBL
O=C(c1ccc(Oc2ncccc2[C@H]2CC[C@@H](O)CC2)cc1)c1nc2ccccc2[nH]1,1,9.51,2014,ChEMBL
O=C(c1ccc(Oc2ncccc2[C@H]2CC[C@@](O)(C(F)(F)F)C2)cc1)c1nc2ccccc2[nH]1,1,9.14,2014,ChEMBL
O=C(c1ccc(Oc2ncccc2[C@H]2CC[C@@](O)(C(F)(F)F)CC2)cc1)c1nc2ccccc2[nH]1,1,8.83,2014,ChEMBL
O=C(c1ccc(Oc2ncccc2[C@H]2CC[C@H](CO)C2)cc1)c1nc2ccccc2[nH]1,1,9.7,2014,ChEMBL
O=C(c1ccc(Oc2ncccc2[C@H]2CC[C@H](O)C2)cc1)c1nc2ccccc2[nH]1,1,9.26,2014,ChEMBL
O=C(c1ccc(Oc2ncccc2[C@H]2CC[C@H](O)CC2)cc1)c1nc2ccccc2[nH]1,1,10.0,2014,ChEMBL
O=C(c1ccc(Oc2ncccc2[C@H]2CC[C@](O)(C(F)(F)F)CC2)cc1)c1nc2ccccc2[nH]1,1,7.9,2014,ChEMBL
O=C(c1ccc(Oc2ncccc2[C@H]2CC[C@]3(CCO3)CC2)cc1)c1nc2ccccc2[nH]1,1,9.19,2014,ChEMBL
O=C(c1ccc(Oc2nccnc2C2CCOCC2)cc1)c1nc2ccccc2[nH]1,1,9.1,2014,ChEMBL
O=C(c1ccc(Oc2nccnc2N2CCC(O)CC2)cc1)c1nc2ccccc2[nH]1,1,8.39,2013,ChEMBL
O=C(c1ccc(Oc2nccnc2N2CCCCC2)cc1)c1nc2ccccc2[nH]1,1,8.13,2013,ChEMBL
O=C(c1ccc(Oc2nccnc2N2CCCOCC2)cc1)c1nc2ccccc2[nH]1,1,8.29,2013,ChEMBL
O=C(c1ccc(Oc2nccnc2N2CCOCC2)cc1)c1nc2ccccc2[nH]1,1,8.35,2014,ChEMBL
O=C(c1ccc(Oc2nccnc2N2CCOCC2)cc1)c1nc2ccccc2s1,1,6.78,2013,ChEMBL
O=C(c1ccc(Oc2ncncc2C2=CCNCC2)cc1)c1nc2ccccc2[nH]1,1,8.02,2014,ChEMBL
O=C(c1ccccn1)C1CC(Oc2ncccc2C2CCOCC2)C1,1,6.6,2015,ChEMBL
O=C(c1ccccn1)N1CC(c2nccnc2-c2ccccc2)C1,1,6.08,2017,ChEMBL
O=C(c1nc2ccc(Cl)cc2[nH]1)N1CC(c2nccnc2-c2ccccc2)C1,1,7.16,2017,ChEMBL
O=C(c1nc2ccc(F)cc2[nH]1)N1CC(c2nccnc2-c2ccccc2)C1,1,7.43,2017,ChEMBL
O=C(c1nc2cccc(Cl)c2[nH]1)N1CC(c2nccnc2-c2ccccc2)C1,1,6.88,2017,ChEMBL
O=C(c1nc2cccc(Cl)c2[nH]1)N1CC(c2nccnc2-c2cccnc2)C1,1,6.23,2017,ChEMBL
O=C(c1nc2cccc(F)c2[nH]1)N1CC(c2nccnc2-c2ccccc2)C1,1,7.36,2017,ChEMBL
O=C(c1nc2ccccc2[nH]1)C1CC(Oc2ncccc2C2CCOCC2)C1,1,8.765,2015,ChEMBL
O=C(c1nc2ccccc2[nH]1)N1CC(c2cccnc2-c2ccccc2)C1,1,6.29,2015,ChEMBL
O=C(c1nc2ccccc2[nH]1)N1CC(c2nc3ccccc3cc2-c2ccccc2)C1,1,7.08,2017,ChEMBL
O=C(c1nc2ccccc2[nH]1)N1CC(c2nc3ccccc3nc2-c2ccccc2)C1,1,7.47,2017,ChEMBL
O=C(c1nc2ccccc2[nH]1)N1CC(c2nc3ccccc3nc2N2CCC(O)CC2)C1,1,7.94,2017,ChEMBL
O=C(c1nc2ccccc2[nH]1)N1CC(c2nc3ccccc3nc2N2CCCCC2)C1,1,7.57,2017,ChEMBL
O=C(c1nc2ccccc2[nH]1)N1CC(c2ncc(F)cc2-c2ccccc2)C1,1,6.07,2017,ChEMBL
O=C(c1nc2ccccc2[nH]1)N1CC(c2ncccc2-c2ccccc2)C1,1,7.66,2017,ChEMBL
O=C(c1nc2ccccc2[nH]1)N1CC(c2nccnc2-c2ccc(CO)cc2)C1,1,7.4,2017,ChEMBL
O=C(c1nc2ccccc2[nH]1)N1CC(c2nccnc2-c2cccc(CO)c2)C1,1,7.47,2017,ChEMBL
O=C(c1nc2ccccc2[nH]1)N1CC(c2nccnc2-c2cccc(OC(F)(F)F)c2)C1,1,7.45,2017,ChEMBL
O=C(c1nc2ccccc2[nH]1)N1CC(c2nccnc2-c2ccccc2)C1,1,7.61,2017,ChEMBL
O=C(c1nc2ccccc2[nH]1)N1CC(c2nccnc2-c2ccncc2)C1,1,6.6,2017,ChEMBL
O=C(c1nc2ccccc2[nH]1)N1CC(c2nccnc2C2CCOCC2)C1,1,6.91,2017,ChEMBL
O=C(c1nc2ccccc2[nH]1)N1CC(c2nccnc2N2CC3(COC3)C2)C1,1,6.88,2017,ChEMBL
O=C(c1nc2ccccc2[nH]1)N1CC(c2nccnc2N2CCC(C(F)(F)F)CC2)C1,1,7.69,2017,ChEMBL
O=C(c1nc2ccccc2[nH]1)N1CC(c2nccnc2N2CCC(CCO)CC2)C1,1,8.03,2017,ChEMBL
O=C(c1nc2ccccc2[nH]1)N1CC(c2nccnc2N2CCC(CO)C2)C1,1,7.18,2017,ChEMBL
O=C(c1nc2ccccc2[nH]1)N1CC(c2nccnc2N2CCC(CO)CC2)C1,1,8.14,2017,ChEMBL
O=C(c1nc2ccccc2[nH]1)N1CC(c2nccnc2N2CCC(O)CC2)C1,1,7.63,2017,ChEMBL
O=C(c1nc2ccccc2[nH]1)N1CC(c2nccnc2N2CCC(c3ccccc3)C2)C1,1,7.33,2017,ChEMBL
O=C(c1nc2ccccc2[nH]1)N1CC(c2nccnc2N2CCC2)C1,1,7.05,2017,ChEMBL
O=C(c1nc2ccccc2[nH]1)N1CC(c2nccnc2N2CCC3(CC2)COC3)C1,1,7.56,2017,ChEMBL
O=C(c1nc2ccccc2[nH]1)N1CC(c2nccnc2N2CCCC(CO)C2)C1,1,7.69,2017,ChEMBL
O=C(c1nc2ccccc2[nH]1)N1CC(c2nccnc2N2CCCC(O)C2)C1,1,7.45,2017,ChEMBL
O=C(c1nc2ccccc2[nH]1)N1CC(c2nccnc2N2CCCC(O)CC2)C1,1,7.43,2017,ChEMBL
O=C(c1nc2ccccc2[nH]1)N1CC(c2nccnc2N2CCCC2)C1,1,7.66,2017,ChEMBL
O=C(c1nc2ccccc2[nH]1)N1CC(c2nccnc2N2CCCC2c2ccccc2)C1,1,6.79,2017,ChEMBL
O=C(c1nc2ccccc2[nH]1)N1CC(c2nccnc2N2CCCCC2)C1,1,7.97,2017,ChEMBL
O=C(c1nc2ccccc2[nH]1)N1CC(c2nccnc2N2CCCCCC2)C1,1,7.47,2017,ChEMBL
O=C(c1nc2ccccc2[nH]1)N1CC(c2nccnc2N2CCCOCC2)C1,1,7.2,2017,ChEMBL
O=C(c1nc2ccccc2[nH]1)N1CC(c2nccnc2N2CCC[C@@H](O)C2)C1,1,7.15,2017,ChEMBL
O=C(c1nc2ccccc2[nH]1)N1CC(c2nccnc2N2CCC[C@@H]2CO)C1,1,6.98,2017,ChEMBL
O=C(c1nc2ccccc2[nH]1)N1CC(c2nccnc2N2CCC[C@H](O)C2)C1,1,6.77,2017,ChEMBL
O=C(c1nc2ccccc2[nH]1)N1CC(c2nccnc2N2CCC[C@H]2CO)C1,1,6.04,2017,ChEMBL
O=C(c1nc2ccccc2[nH]1)N1CC(c2nccnc2N2CCOCC2)C1,1,6.85,2017,ChEMBL
O=C(c1nc2ccccc2[nH]1)N1CC(c2nccnc2N2CC[C@@H](O)C2)C1,1,7.14,2017,ChEMBL
O=C(c1nc2ccccc2[nH]1)N1CC(c2nccnc2N2CC[C@H](O)C2)C1,1,7.2,2017,ChEMBL
O=C(c1nc2ccccc2[nH]1)N1CC(c2nccnc2N2CCc3ccccc3C2)C1,1,8.17,2017,ChEMBL
O=C(c1nc2ccccc2[nH]1)N1CC(c2nccnc2N2Cc3ccccc3C2)C1,1,7.37,2017,ChEMBL
O=C(c1nc2ccccc2[nH]1)N1CC(c2nccnc2NC2CCCC2)C1,1,7.44,2017,ChEMBL
O=C(c1nc2ccccc2[nH]1)N1CC(c2nccnc2NC2CCCCC2)C1,1,7.41,2017,ChEMBL
O=C(c1nc2ccccc2[nH]1)N1CC(c2nccnc2NCCO)C1,1,6.13,2017,ChEMBL
O=C(c1nc2ccccc2[nH]1)N1CC(c2nccnc2NCc2ccccc2)C1,1,6.77,2017,ChEMBL
O=C(c1nc2ccccc2[nH]1)N1CC(c2nccnc2Oc2ccccc2)C1,1,6.14,2017,ChEMBL
O=C(c1nc2ccccc2[nH]1)N1CCC(c2ncccc2-c2ccccc2)CC1,1,7.66,2017,ChEMBL
O=C(c1nc2ccccc2[nH]1)N1CCC(c2ncccc2N2CCc3ccccc32)CC1,1,6.04,2017,ChEMBL
O=C(c1nc2ccccc2[nH]1)N1CCC(c2nccnc2-c2ccccc2)CC1,1,7.04,2017,ChEMBL
O=C(c1nc2ccccc2[nH]1)N1CCC(c2nccnc2N2CCC(CO)CC2)CC1,1,8.01,2017,ChEMBL
O=C(c1nc2ccccc2n1CC(F)(F)F)N1CC(c2nccnc2-c2ccccc2)C1,1,6.05,2017,ChEMBL
O=C(c1nc2ccccc2n1CC(F)(F)F)N1CC(c2nccnc2N2CCC(O)CC2)C1,1,6.02,2017,ChEMBL
O=C(c1nc2ccccc2n1CC(F)(F)F)N1CC(c2nccnc2N2CCCCC2)C1,1,6.24,2017,ChEMBL
O=C(c1nc2ccccc2s1)N1CC(c2nccnc2-c2ccccc2)C1,1,6.35,2017,ChEMBL
O=C1C=C(c2cccnc2Oc2ccc(C(=O)c3nc4ccccc4[nH]3)cc2)CC1,1,9.0,2014,ChEMBL
O=C1C=C(c2cccnc2Oc2ccc(Nc3nc4ccccc4s3)cc2)CC1,1,8.55,2014,ChEMBL
O=C1CCC(c2cccnc2Oc2ccc(C(=O)c3nc4ccccc4[nH]3)cc2)CC1,1,10.55,2014,ChEMBL
O=C1CCC(c2cccnc2Oc2ccc(Nc3nc4ccccc4s3)cc2)CC1,1,9.91,2014,ChEMBL
O=C1CCCC(c2cccnc2Oc2ccc(C(=O)c3nc4ccccc4[nH]3)cc2)CC1,1,10.11,2014,ChEMBL
O=C1CC[C@@H](c2cccnc2Oc2ccc(C(=O)c3nc4ccccc4[nH]3)cc2)C1,1,10.68,2014,ChEMBL
O=C1CC[C@@H](c2cccnc2Oc2ccc(C(=O)c3nc4ccccc4[nH]3)cc2)CCN1,1,10.23,2014,ChEMBL
O=C1CC[C@@H](c2cccnc2Oc2ccc(Nc3nc4ccccc4s3)cc2)C1,1,9.77,2014,ChEMBL
O=C1CC[C@H](c2cccnc2Oc2ccc(C(=O)c3nc4ccccc4[nH]3)cc2)C1,1,10.02,2014,ChEMBL
O=C1CN(C(=O)c2ccncc2NC(=O)c2nc(C3CC3)ccc2Nc2cncnc2)CCN1,1,6.63,2014,ChEMBL
O=C1CN(c2ncc(-c3ccc(N4CCNCC4)nc3)n3cc(COc4ccc5ccccc5n4)nc23)CCN1,1,7.07,2016,ChEMBL
O=C1Cc2cc(-c3nccnc3C3CN(c4ncc5ccccc5n4)C3)ccc2N1,1,8.02,2017,ChEMBL
O=C1NC(=O)C(c2ccc(-c3cnc(N4CCOCC4)c4nc(/C=C/c5ccc6ccccc6n5)cn34)cc2)N1,1,7.34,2016,ChEMBL
O=C1NC(=O)C(c2ccc(-c3cnc(N4CCOCC4)c4nc(/C=C/c5ccc6ccccc6n5)cn34)cc2)O1,1,7.96,2016,ChEMBL
O=C1NC(=O)C(c2ccc(-c3cnc(N4CCOCC4)c4nc(CCc5ccc6ccccc6n5)cn34)cc2)O1,1,8.22,2016,ChEMBL
O=C1NS(=O)(=O)c2cc(-c3cnc(N4CCOCC4)c4nc(CCc5ccc6ccccc6n5)cn34)ccc21,1,9.0,2016,ChEMBL
O=C1NS(=O)(=O)c2cccc(-c3cnc(N4CCOCC4)c4nc(/C=C/c5ccc6ccccc6n5)cn34)c21,1,9.0,2016,ChEMBL
O=C1[N-]c2ccc(-c3cnc(N4CCOCC4)c4nc(CCc5ccc6ccccc6n5)cn34)cc2C1(F)F.[K+],1,7.85,2016,ChEMBL
O=C1c2cccc3cccc(c23)C(=O)N1CCCSc1nc2ccccc2[nH]1,1,6.74,2019,ChEMBL
O=C1c2cccc3cccc(c23)C(=O)N1CCc1ccc2ccccc2n1,1,7.7,2019,ChEMBL
O=C1c2cccc3cccc(c23)C(=O)N1CCc1n[nH]c(=S)n1-c1ccccc1,1,7.17,2019,ChEMBL
O=C1c2cccc3cccc(c23)C(=O)N1CCc1nc(-c2ccccc2)c[nH]1,1,8.0,2019,ChEMBL
O=C1c2cccc3cccc(c23)C(=O)N1CCc1nc2cc(F)ccc2n1C1CCOCC1,1,6.54,2019,ChEMBL
O=C1c2ccccc2C(=O)N1CCc1nc2ccccc2c(=O)n1-c1ccc2[nH]ccc2c1,1,7.89,2015,ChEMBL
O=C1c2ccccc2C(=O)N1CCc1nc2ccccc2c(=O)n1-c1cccc(-c2ccccc2)c1,1,7.85,2014,ChEMBL
O=S(=O)(Cc1nc2c(N3CCOCC3)ccnn2c1-c1ccc(N2CCNCC2)nc1)c1ccc2ccccc2n1,1,6.37,2015,ChEMBL
O=S(=O)(NCCO)c1ccc(-c2cnc(N3CCOCC3)c3nc(/C=C/c4ccc5ccccc5n4)cn23)cc1,1,7.58,2016,ChEMBL
O=S(=O)(c1ccc(-c2nccnc2C2CN(c3ccc4ccccc4n3)C2)cc1)N1CCCCC1,1,7.67,2017,ChEMBL
O=S(=O)(c1ccc(-c2nccnc2C2CN(c3ccc4ccccc4n3)C2)cc1)N1CCOCC1,1,7.48,2017,ChEMBL
O=S(=O)(c1ccccc1)C1CCN(c2nccnc2C2CN(c3ccc4ccccc4n3)C2)C1,1,8.1,2017,ChEMBL
O=S1(=O)CCN(c2ncc(-c3ccc(N4CCNCC4)nc3)n3cc(COc4ccc5ccccc5n4)nc23)CC1,1,7.25,2016,ChEMBL
O=S1(=O)CCN(c2nccnc2O[C@H]2C[C@@H](Nc3nc4ccccc4s3)C2)CC1,1,7.73,2015,ChEMBL
O=[N+]([O-])c1cccc2cccnc12,0,4.03,2016,ChEMBL
O=c1[nH]c(-c2ccc(-c3c(/C=C/c4ccc5ccccc5n4)nc4c(N5CCOCC5)ccnn34)cc2)no1,1,8.440000000000001,2016,ChEMBL
O=c1[nH]c(-c2ccc(-c3cnc(N4CCOCC4)c4nc(/C=C/c5ccc6ccccc6n5)cn34)cn2)no1,1,8.3,2016,ChEMBL
O=c1[nH]c(-c2ccc(-c3cnc(N4CCOCC4)c4nc(CCc5ccc6ccccc6n5)cn34)cn2)no1,1,9.0,2016,ChEMBL
O=c1[nH]c(CCc2cccc(N3CCCC3)n2)nc2ccc(Cl)cc12,1,7.0,2017,ChEMBL
O=c1[nH]c(CCc2cccc(N3CCCC3)n2)nc2cccc(Cl)c12,1,6.4,2017,ChEMBL
O=c1[nH]c(CCc2nc(-c3ccc(F)cc3)c[nH]2)nc2ccccc12,1,6.12,2020,ChEMBL
O=c1[nH]c(CCc2nc(-c3cccc4cccnc34)c[nH]2)nc2ccccc12,1,6.12,2020,ChEMBL
O=c1[nH]c2ccc(-c3cnc(N4CCOCC4)c4nc(CCc5ccc6ccccc6n5)cn34)cc2o1,1,7.89,2016,ChEMBL
O=c1[nH]cc(-c2cccc(OC(F)(F)F)c2)cc1-c1ccnn1-c1ccccc1,1,10.2,2016,ChEMBL
O=c1[nH]cc(-c2cccc(OC(F)(F)F)c2)nc1-c1ccnn1-c1ccccc1,1,9.99,2016,ChEMBL
O=c1[nH]cnn1-c1ccc(-c2cnc(N3CCOCC3)c3nc(CCc4ccc5ccccc5n4)cn23)cc1,1,7.6,2016,ChEMBL
O=c1[nH]nc(-c2ccc(-c3c(/C=C/c4ccc5ccccc5n4)nc4c(N5CCOCC5)ccnn34)cc2F)[nH]1,1,8.05,2015,ChEMBL
O=c1[nH]ncn1-c1ccc(-c2cnc(N3CCOCC3)c3nc(/C=C/c4ccc5ccccc5n4)cn23)cc1,1,7.04,2016,ChEMBL
O=c1[nH]ncn1-c1ccc(-c2cnc(N3CCOCC3)c3nc(CCc4ccc5ccccc5n4)cn23)cc1,1,7.42,2016,ChEMBL
O=c1c(/C=C/c2nc3cc(Cl)ccc3n2-c2ccccc2)coc2ccc(F)cc12,1,8.19,2024,ChEMBL
O=c1c(N2CC(c3nc4cc(F)ccc4n3-c3ccccc3)C2)nc2ccccc2n1CCN1CCOCC1,1,9.1,2025,ChEMBL
O=c1c(OCCN2CCn3c2nc2ccccc23)cn(CC2CC2)nc1-c1ccnn1-c1ccccc1,1,9.12,2016,ChEMBL
O=c1c2ccccc2oc2c(Cc3ccc4c(c3)OCO4)[nH]c(-c3nccs3)c12,1,6.82,2017,ChEMBL
O=c1cc(-c2ccc3c(c2)OCO3)[nH]c2ccccc12,0,4.92,2013,ChEMBL
O=c1ccc(-c2ccc(C(F)(F)F)cc2)c(-c2ccc(OCc3ccc4ccccc4n3)cc2)[nH]1,1,7.43,2015,ChEMBL
O=c1ccc(-c2ccc(F)cc2)c(-c2ccc(OCc3ccc4ccccc4n3)cc2)[nH]1,1,7.38,2015,ChEMBL
O=c1ccc(-c2ccc(OCc3ccc4[nH]ccc4n3)cc2)c(-c2ccc(Cl)cc2)[nH]1,1,9.52,2015,ChEMBL
O=c1ccc(-c2ccc(OCc3ccc4[nH]ccc4n3)cc2)c(-c2ccc(F)cc2)[nH]1,1,9.48,2015,ChEMBL
O=c1ccc(-c2ccc(OCc3ccc4[nH]ccc4n3)cc2)c(-c2ccccc2)[nH]1,1,9.68,2015,ChEMBL
O=c1ccc(-c2ccc(OCc3ccc4[nH]ccc4n3)cc2)c(-c2ccncc2)[nH]1,1,9.27,2015,ChEMBL
O=c1ccc(-c2ccc(OCc3ccc4ccccc4n3)cc2)c(-c2ccc(C(F)(F)F)cc2)[nH]1,1,8.19,2015,ChEMBL
O=c1ccc(-c2ccc(OCc3ccc4ccccc4n3)cc2)c(-c2ccc(Cl)cc2)[nH]1,1,8.96,2015,ChEMBL
O=c1ccc(-c2ccc(OCc3ccc4ccccc4n3)cc2)c(-c2ccc(F)cc2)[nH]1,1,8.79,2015,ChEMBL
O=c1ccc(-c2ccc(OCc3ccc4ccccc4n3)cc2)c(-c2ccc(F)cc2F)[nH]1,1,8.85,2015,ChEMBL
O=c1ccc(-c2ccc(OCc3ccc4ccccc4n3)cc2)c(-c2cccc(F)c2)[nH]1,1,8.91,2015,ChEMBL
O=c1ccc(-c2ccc(OCc3ccc4ccccc4n3)cc2)c(-c2ccccc2)[nH]1,1,8.95,2015,ChEMBL
O=c1ccc(-c2ccc(OCc3ccc4ccccc4n3)cc2)c(-c2ccccc2F)[nH]1,1,8.57,2015,ChEMBL
O=c1ccc(-c2ccc(OCc3ccc4ccccc4n3)cc2)c(-c2cccnc2)[nH]1,1,7.73,2015,ChEMBL
O=c1ccc(-c2ccc(OCc3ccc4ccccc4n3)cc2)c(-c2ccncc2)[nH]1,1,8.91,2015,ChEMBL
O=c1ccc(-c2ccc(OCc3ccc4ncccc4n3)cc2)c(-c2ccc(F)cc2)[nH]1,1,7.66,2015,ChEMBL
O=c1ccc(-c2ccc(OCc3ccc4ncccc4n3)cc2)c(-c2ccccc2)[nH]1,1,7.67,2015,ChEMBL
O=c1ccc(-c2ccc(OCc3ccccn3)cc2)c(-c2ccc(Cl)cc2)[nH]1,1,6.87,2015,ChEMBL
O=c1ccc(-c2ccc(OCc3nc4ccccc4s3)cc2)c(-c2ccc(F)cc2)[nH]1,1,6.03,2015,ChEMBL
O=c1ccc(-c2cccc(OC(F)(F)F)c2)cn1-c1ccnn1-c1ccccc1,1,8.19,2016,ChEMBL
O=c1ccc(-c2ccccc2)c(-c2ccc(OCc3ccc4ccccc4n3)cc2)[nH]1,1,7.54,2015,ChEMBL
O=c1ccc(-c2ccncc2)c(-c2ccc(OCc3ccc4ccccc4n3)cc2)[nH]1,1,8.48,2015,ChEMBL
O=c1ccn(-c2ccc(OCC(F)(F)F)cc2)nc1-c1ccnn1-c1ccnc2ccccc12,1,9.0,2012,ChEMBL
O=c1ccn(-c2ccc3ncccc3c2)nc1-c1ccnn1-c1cccc(Cl)c1,1,8.15,2012,ChEMBL
O=c1ccn(-c2cccc(OC(F)(F)F)c2)nc1-c1ccnn1-c1ccccc1,1,9.285,2016,ChEMBL
O=c1ccn(-c2ccncc2)nc1-c1ccnn1-c1ccnc2ccccc12,1,8.05,2012,ChEMBL
O=c1ccn(-c2cncc(OC(F)F)c2)nc1-c1ccnn1-c1ccccc1F,1,7.57,2012,ChEMBL
O=c1n(CCc2ccc3ccccc3n2)nc2c(-c3ncco3)cccn12,1,7.66,2016,ChEMBL
O=c1n(CCc2ccc3ccccc3n2)nc2c(Br)cccn12,1,7.43,2016,ChEMBL
O=c1n(CCc2ccc3ccccc3n2)nc2ccc(-c3cccnc3)cn12,1,6.29,2016,ChEMBL
O=c1n(CCc2ccc3ccccc3n2)nc2ccc(Br)cn12,1,6.81,2016,ChEMBL
O=c1n(CCc2ccc3ccccc3n2)nc2cccc(-c3ccccc3)n12,1,7.7,2016,ChEMBL
O=c1n(CCc2ccc3ccccc3n2)nc2cccc(-c3cccnc3)n12,1,8.05,2016,ChEMBL
O=c1n(CCc2ccc3ccccc3n2)nc2cccc(-c3ccncc3)n12,1,8.36,2016,ChEMBL
O=c1n(CCc2ccc3ccccc3n2)nc2cccc(-c3cncs3)n12,1,7.64,2016,ChEMBL
O=c1n(CCc2ccc3ccccc3n2)nc2cccc(Br)n12,1,7.23,2016,ChEMBL
O=c1n(CCc2ccc3ccccc3n2)nc2cccc(N3CCCCC3)n12,1,7.72,2016,ChEMBL
O=c1n(CCc2ccc3ccccc3n2)nc2cccc(N3CCOCC3)n12,1,8.6,2016,ChEMBL
O=c1n(CCc2ccc3ccccc3n2)nc2cccc(NCc3cccnc3)n12,1,7.92,2016,ChEMBL
O=c1n(CCc2ccc3ncccc3n2)nc2c(-c3ccncc3)cccn12,1,6.99,2016,ChEMBL
O=c1n(C[C@@H]2C[C@H]2c2ccccn2)nc2cccc(N3CCOCC3)n12,1,6.26,2016,ChEMBL
O=c1ncn(-c2ccc(-c3c(/C=C/c4ccc5ccccc5n4)nc4c(N5CCOCC5)ccnn34)cc2F)[nH]1,1,8.3,2015,ChEMBL
OC(c1ccc(-c2c(/C=C/c3ccc4ccccc4n3)nc3c(N4CCOCC4)ccnn23)cc1)(C(F)(F)F)C(F)(F)F,1,7.28,2015,ChEMBL
OC(c1ccc(-c2c(CCc3ccc4ccccc4n3)nc3c(N4CCOCC4)ccnn23)cc1)(C(F)(F)F)C(F)(F)F,1,7.39,2015,ChEMBL
OC(c1ccc(-c2cnc(N3CCOCC3)c3nc(/C=C/c4ccc5ccccc5n4)cn23)cc1)(C(F)(F)F)C(F)(F)F,1,7.52,2016,ChEMBL
OC(c1ccc(Oc2ncccc2C2=CCOCC2)cc1)c1nc2ccccc2s1,1,6.29,2014,ChEMBL
OC(c1ccc(Oc2ncccc2C2CCOCC2)cc1)c1nc2ccccc2[nH]1,1,7.34,2014,ChEMBL
OC1(c2cccnc2Oc2ccc(Nc3nc4ccccc4s3)cc2)CCOCC1,1,9.31,2014,ChEMBL
OC1CC=C(c2cccnc2Oc2ccc(Nc3nc4ccccc4s3)cc2)CC1,1,8.89,2014,ChEMBL
OC1CCN(Cc2cccnc2Oc2ccc(Nc3nc4ccccc4s3)cc2)C1,1,7.62,2014,ChEMBL
OC1CCN(c2ncc(-c3ccc(N4CCNCC4)nc3)n3cc(COc4ccc5ccccc5n4)nc23)CC1,1,7.11,2016,ChEMBL
OC1CCN(c2nccnc2C2CN(c3ccc4ccccc4n3)C2)CC1,1,8.3,2017,ChEMBL
OC1CCN(c2nccnc2OC2CN(c3ccc4ccccc4n3)C2)CC1,0,4.27,2014,ChEMBL
OC1CN(c2nccnc2OC2CN(c3ccc4ccccc4n3)C2)C1,0,4.44,2014,ChEMBL
OCC1(CC2CC2)CCN(c2nccnc2C2CN(c3ccc4ccccc4n3)C2)CC1,1,8.4,2017,ChEMBL
OCC1CCCN(c2nccnc2O[C@H]2C[C@@H](Nc3nc4ccccc4s3)C2)C1,1,8.44,2015,ChEMBL
OCC1CCN(c2cc(F)cnc2C2CN(c3ccc4ccccc4n3)C2)CC1,1,6.74,2017,ChEMBL
OCC1CCN(c2ccccc2Oc2ccc(Nc3nc4ccccc4[nH]3)cc2)CC1,1,9.03,2012,ChEMBL
OCC1CCN(c2cccnc2OC2CN(c3ccc4ccccc4n3)C2)CC1,1,6.0,2014,ChEMBL
OCC1CCN(c2cccnc2Oc2ccc(Nc3nc4ccccc4[nH]3)cc2)CC1,1,6.38,2012,ChEMBL
OCC1CCN(c2ccnnc2C2CN(c3ccc4ccccc4n3)C2)CC1,1,7.49,2017,ChEMBL
OCC1CCN(c2cnccc2OC2CN(c3ccc4ccccc4n3)C2)CC1,1,6.83,2014,ChEMBL
OCC1CCN(c2cnccc2Oc2ccc(Nc3nc4ccccc4[nH]3)cc2)CC1,1,10.12,2012,ChEMBL
OCC1CCN(c2nc3ccccc3nc2C2CN(c3ccc4ccccc4n3)C2)CC1,1,8.61,2017,ChEMBL
OCC1CCN(c2nc3ccccc3nc2OC2CN(c3ccc4ccccc4n3)C2)CC1,1,6.67,2014,ChEMBL
OCC1CCN(c2ncccc2Oc2ccc(Nc3nc4ccccc4[nH]3)cc2)CC1,1,10.01,2012,ChEMBL
OCC1CCN(c2nccnc2C2CCN(c3ccc4ccccc4n3)CC2)CC1,1,8.76,2017,ChEMBL
OCC1CCN(c2nccnc2C2CN(c3ccc(Br)cn3)C2)CC1,1,6.33,2017,ChEMBL
OCC1CCN(c2nccnc2C2CN(c3ccc(Cl)cn3)C2)CC1,1,6.31,2017,ChEMBL
OCC1CCN(c2nccnc2C2CN(c3ccc4cc(Cl)ccc4n3)C2)CC1,1,8.94,2017,ChEMBL
OCC1CCN(c2nccnc2C2CN(c3ccc4cc(F)ccc4n3)C2)CC1,1,8.43,2017,ChEMBL
OCC1CCN(c2nccnc2C2CN(c3ccc4ccc(Cl)cc4n3)C2)CC1,1,9.3,2017,ChEMBL
OCC1CCN(c2nccnc2C2CN(c3ccc4ccc(F)cc4n3)C2)CC1,1,10.0,2017,ChEMBL
OCC1CCN(c2nccnc2C2CN(c3ccc4cccc(Cl)c4n3)C2)CC1,1,7.63,2017,ChEMBL
OCC1CCN(c2nccnc2C2CN(c3ccc4cccc(F)c4n3)C2)CC1,1,8.64,2017,ChEMBL
OCC1CCN(c2nccnc2C2CN(c3ccc4ccccc4n3)C2)CC1,1,8.94,2017,ChEMBL
OCC1CCN(c2nccnc2C2CN(c3ccc4cccnc4n3)C2)CC1,1,7.38,2017,ChEMBL
OCC1CCN(c2nccnc2C2CN(c3cnc4cc(Cl)ccc4n3)C2)CC1,1,7.84,2017,ChEMBL
OCC1CCN(c2nccnc2C2CN(c3cnc4ccc(Cl)cc4n3)C2)CC1,1,9.3,2015,ChEMBL
OCC1CCN(c2nccnc2C2CN(c3cnc4ccccc4n3)C2)CC1,1,8.28,2015,ChEMBL
OCC1CCN(c2nccnc2C2CN(c3nc4ccccc4s3)C2)CC1,1,7.49,2017,ChEMBL
OCC1CCN(c2nccnc2C2CN(c3ncc4cc(Cl)ccc4n3)C2)CC1,1,8.17,2017,ChEMBL
OCC1CCN(c2nccnc2C2CN(c3ncc4ccc(Cl)cc4n3)C2)CC1,1,10.0,2017,ChEMBL
OCC1CCN(c2nccnc2C2CN(c3ncc4cccc(Cl)c4n3)C2)CC1,1,7.93,2017,ChEMBL
OCC1CCN(c2nccnc2C2CN(c3ncc4ccccc4n3)C2)CC1,1,8.59,2017,ChEMBL
OCC1CCN(c2nccnc2OC2CCN(c3ccc4ccccc4n3)CC2)CC1,1,6.6899999999999995,2014,ChEMBL
OCC1CCN(c2nccnc2OC2CN(c3ccc4ccccc4n3)C2)C1,0,4.39,2014,ChEMBL
OCC1CCN(c2nccnc2OC2CN(c3ccc4ccccc4n3)C2)CC1,1,7.119999999999999,2014,ChEMBL
OCC1CCN(c2nccnc2OC2CN(c3cnc4ccccc4n3)C2)CC1,0,4.52,2014,ChEMBL
OCC1CCN(c2nccnc2OC2CN(c3nc4ccccc4s3)C2)CC1,0,4.68,2014,ChEMBL
OCC1CCN(c2nccnc2OC2CN(c3ncc4ccccc4n3)C2)CC1,0,4.89,2014,ChEMBL
OCC1CCN(c2nccnc2O[C@@H]2CCN(c3ccc4ccccc4n3)C2)CC1,0,4.52,2014,ChEMBL
OCC1CCN(c2nccnc2O[C@H]2CCN(c3ccc4ccccc4n3)C2)CC1,0,4.34,2014,ChEMBL
OCC1CCN(c2nccnc2O[C@H]2C[C@@H](Nc3nc4ccccc4s3)C2)CC1,1,8.5,2015,ChEMBL
OCC1CCN(c2nccnc2O[C@H]2C[C@@H](Nc3ncc4ccccc4n3)C2)CC1,1,7.96,2015,ChEMBL
OCC1CCN(c2nccnc2Oc2ccc(Nc3nc4ccccc4[nH]3)cc2)CC1,1,10.04,2012,ChEMBL
OCC1CCN(c2nccnc2Oc2ccc(Nc3nc4ccccc4o3)cc2)CC1,1,9.29,2012,ChEMBL
OCC1CCN(c2nccnc2Oc2ccc(Nc3nc4ccccc4s3)cc2)CC1,1,8.2,2014,ChEMBL
OCC1CCN(c2ncncc2Oc2ccc(Nc3nc4ccccc4[nH]3)cc2)CC1,1,9.28,2012,ChEMBL
OCCC1CCN(c2nccnc2OC2CN(c3ccc4ccccc4n3)C2)CC1,0,4.75,2014,ChEMBL
OCCN(CCO)c1nc(N2CCCCC2)c2nc(N(CCO)CCO)nc(N3CCCCC3)c2n1,1,6.0,2005,ChEMBL
OC[C@@H]1CCCN(c2nccnc2O[C@H]2C[C@@H](Nc3nc4ccccc4s3)C2)C1,1,8.55,2015,ChEMBL
OC[C@@H]1CCCN1c1nccnc1C1CN(c2ccc3ccccc3n2)C1,1,7.84,2017,ChEMBL
OC[C@@H]1CCN(c2nccnc2C2CN(c3ccc4ccccc4n3)C2)C1,1,8.22,2017,ChEMBL
OC[C@@H]1C[C@H](F)CN1c1nccnc1C1CN(c2ccc3ccccc3n2)C1,1,7.52,2017,ChEMBL
OC[C@H]1CCCN(c2nccnc2O[C@H]2C[C@@H](Nc3nc4ccccc4s3)C2)C1,1,7.58,2015,ChEMBL
OC[C@H]1CCN(c2nccnc2C2CN(c3ccc4ccccc4n3)C2)C1,1,8.22,2017,ChEMBL
OCc1ccc(-c2ccc(OCc3ccc4ccccc4n3)cc2)c(-c2ccc(F)cc2)n1,1,6.92,2015,ChEMBL
OCc1ccc(-c2nccnc2C2CN(c3ccc4ccccc4n3)C2)cc1,1,8.29,2017,ChEMBL
OCc1ccc(-c2nccnc2OC2CN(c3ccc4ccccc4n3)C2)cc1,0,4.99,2014,ChEMBL
OCc1cccc(-c2nccnc2C2CN(c3ccc4ccccc4n3)C2)c1,1,8.17,2017,ChEMBL
OCc1cccc(-c2nccnc2OC2CN(c3ccc4ccccc4n3)C2)c1,0,4.5,2014,ChEMBL
OCc1cn(-c2nccnc2C2CN(c3ccc4ccccc4n3)C2)cn1,1,6.57,2017,ChEMBL
OCc1cnn(-c2nccnc2C2CN(c3ccc4ccccc4n3)C2)c1,1,7.04,2017,ChEMBL
O[C@@H]1CCC[C@@H](c2cccnc2Oc2ccc(Nc3nc4ccccc4s3)cc2)C1,1,8.54,2014,ChEMBL
O[C@@H]1CCC[C@H](c2cccnc2Oc2ccc(Nc3nc4ccccc4s3)cc2)C1,1,8.82,2014,ChEMBL
O[C@@H]1CCN(c2nccnc2C2CN(c3ccc4ccccc4n3)C2)C1,1,8.15,2017,ChEMBL
O[C@@H]1CCN(c2nccnc2O[C@H]2C[C@@H](Nc3nc4ccccc4s3)C2)C1,1,7.85,2015,ChEMBL
O[C@@H]1CC[C@@H](c2cccnc2Oc2ccc(Nc3nc4ccccc4s3)cc2)C1,1,9.54,2014,ChEMBL
O[C@@H]1CC[C@H](c2cccnc2Oc2ccc(Nc3nc4ccccc4s3)cc2)C1,1,8.58,2014,ChEMBL
O[C@H]1CCC[C@@H](c2cccnc2Oc2ccc(Nc3nc4ccccc4s3)cc2)C1,1,8.43,2014,ChEMBL
O[C@H]1CCC[C@H](c2cccnc2Oc2ccc(Nc3nc4ccccc4s3)cc2)C1,1,8.565000000000001,2014,ChEMBL
O[C@H]1CCN(c2nccnc2O[C@H]2C[C@@H](Nc3nc4ccccc4s3)C2)C1,1,7.76,2015,ChEMBL
O[C@H]1CC[C@@H](c2cccnc2Oc2ccc(Nc3nc4ccccc4s3)cc2)C1,1,8.6,2014,ChEMBL
O[C@H]1CC[C@@H](c2cccnc2Oc2ccc(Nc3nc4ccccc4s3)cc2)CC1,1,8.79,2014,ChEMBL
O[C@H]1CC[C@H](c2cccnc2Oc2ccc(Nc3nc4ccccc4s3)cc2)C1,1,8.92,2014,ChEMBL
O[C@H]1CC[C@H](c2cccnc2Oc2ccc(Nc3nc4ccccc4s3)cc2)CC1,1,8.2,2014,ChEMBL
O[C@H]1CN(c2nccnc2C2CN(c3ccc4ccccc4n3)C2)C[C@@H]1O,1,7.07,2017,ChEMBL
Oc1c(F)cc(-c2c(CCc3ccc4ccccc4n3)nc3c(N4CCOCC4)ccnn23)cc1F,1,9.0,2015,ChEMBL
Oc1cc(-c2ccc(Cl)cc2)nc2ccccc12,0,4.3,2013,ChEMBL
Oc1ccc(-c2c(/C=C/c3ccc4ccccc4n3)nc3c(N4CCOCC4)ccnn23)cn1,1,8.22,2015,ChEMBL
Oc1ccc(-c2nccnc2C2CN(c3ccc4ccccc4n3)C2)cc1,1,8.36,2017,ChEMBL
Oc1cccc(-c2nc3ccccc3nc2C2CN(c3ccc4ccccc4n3)C2)c1,1,9.0,2017,ChEMBL
Oc1cccc(-c2nccnc2C2CN(c3ccc4ccccc4n3)C2)c1,1,8.33,2017,ChEMBL
Oc1cccc2nc(CCc3cnc4ccccc4n3)[nH]c12,1,6.12,2020,ChEMBL
Oc1ccccc1-c1nccnc1C1CN(c2ccc3ccccc3n2)C1,1,7.47,2017,ChEMBL
Oc1cnc(-c2ccc(F)cc2)c(-c2ccc(OCc3ccc4ccccc4n3)cc2)c1,1,6.64,2015,ChEMBL
Oc1nc(-c2ccc(-c3c(/C=C/c4ccc5ccccc5n4)nc4c(N5CCOCC5)ccnn34)cn2)no1,1,8.52,2015,ChEMBL
Oc1nc(-c2ccc(-c3c(CCc4ccc5ccccc5n4)nc4c(N5CCOCC5)ccnn34)cn2)no1,1,9.0,2015,ChEMBL
Oc1nc(-c2ccc(-c3c(COc4ccc5ccccc5n4)nc4c(N5CCOCC5)ccnn34)cn2)no1,1,8.3,2015,ChEMBL
Oc1nc(O)c(-c2ccc(-c3c(/C=C/c4ccc5ccccc5n4)nc4c(N5CCOCC5)ccnn34)cc2)o1,1,8.035,2016,ChEMBL
Oc1nc(O)c(-c2ccc(-c3c(CCc4ccc5ccccc5n4)nc4c(N5CCOCC5)ccnn34)cc2)o1,1,8.4,2015,ChEMBL
Oc1nc2ncc(-c3cnc(N4CCOCC4)c4nc(/C=C/c5ccc6ccccc6n5)cn34)cc2[nH]1,1,8.1,2016,ChEMBL
Oc1nc2ncc(-c3cnc(N4CCOCC4)c4nc(CCc5ccc6ccccc6n5)cn34)cc2[nH]1,1,8.15,2016,ChEMBL
Oc1ncn(-c2ccc(-c3c(/C=C/c4ccc5ccccc5n4)nc4c(N5CCOCC5)ccnn34)cc2)n1,1,8.14,2016,ChEMBL
Oc1ncn(-c2ccc(-c3c(/C=C/c4ccc5ccccc5n4)nc4c(N5CCOCC5)ccnn34)cn2)n1,1,8.4,2015,ChEMBL
Oc1ncn(-c2ccc(-c3c(CCc4ccc5ccccc5n4)nc4c(N5CCOCC5)ccnn34)cc2)n1,1,8.3,2015,ChEMBL
Oc1ncn(-c2ccc(-c3cnc(N4CCOCC4)c4nc(/C=C/c5ccc6ccccc6n5)cn34)cc2)n1,1,7.85,2016,ChEMBL
Oc1ncn(-c2ccc(-c3cnc(N4CCOCC4)c4nc(CCc5ccc6ccccc6n5)cn34)cc2)n1,1,8.4,2016,ChEMBL
Oc1nnnn1-c1ccc(-c2c(CCc3ccc4ccccc4n3)nc3c(N4CCOCC4)ccnn23)cc1,1,8.4,2015,ChEMBL
[11CH3]N(c1cc(N2CC[C@@H](F)C2)nc2cc(-c3cnc4c(n3)CCCC4)nn12)C1CCOCC1,1,10.22,2021,ChEMBL
[11CH3]Oc1cn(-c2ccc(C3CCOCC3)cc2F)nc(-c2ccnn2-c2ccccc2)c1=O,1,9.11,2021,ChEMBL
[18F]CCn1cc(-c2ccncc2)c(-c2ccc(OCc3ccc4ccccc4n3)cc2)n1,1,8.5,2021,ChEMBL
[2H]C([2H])C([2H])([2H])Oc1cn(-c2ccc(C3CCOCC3)cc2F)nc(-c2ccnn2-c2ccccc2)c1=O,1,8.01,2021,ChEMBL
[2H]C([2H])Oc1cn(-c2ccc(C3CCOCC3)cc2F)nc(-c2ccnn2-c2ccccc2)c1=O,1,8.74,2021,ChEMBL
[C-]#[N+]COc1nc2ccc(OC)cc2cc1Cc1cnc(CCC)c2cc(OC)c(OC)cc12,1,6.8,2015,ChEMBL
c1cc(CCc2nc(N3CCOCC3)c3ccccc3n2)nc(N2CCCC2)c1,1,7.34,2017,ChEMBL
c1cc(COc2ccc3nc(C4CC4)cn3n2)nc(N2CCCC2)c1,1,6.22,2017,ChEMBL
c1cc(COc2nc(N3CCOCC3)c3ccccc3n2)nc(N2CCCC2)c1,1,7.3,2017,ChEMBL
c1ccc(-c2c[nH]c(CSc3nc4ccccn4n3)n2)cc1,1,7.06,2017,ChEMBL
c1ccc(-c2ccc(Cn3cnc4c(N5CCOCC5)ncnc43)cc2)cc1,1,6.99,2017,ChEMBL
c1ccc(-c2cccc(-c3nccnc3C3CN(c4ccc5ccccc5n4)C3)c2)cc1,1,8.7,2017,ChEMBL
c1ccc(-c2cn[nH]c2-c2ccc(OCc3ccc4ccccc4n3)cc2)nc1,1,6.43,2021,ChEMBL
c1ccc(-c2nccnc2C2CN(c3ccc4ccccc4n3)C2)cc1,1,8.92,2017,ChEMBL
c1ccc(-c2nccnc2C2CN(c3nc4ccccc4[nH]3)C2)cc1,1,6.72,2017,ChEMBL
c1ccc(-c2nccnc2OC2CN(c3ccc4ccccc4n3)C2)cc1,0,4.41,2014,ChEMBL
c1ccc(-n2c(C3CC3)nc3ccc(OCc4ccc5ccccc5n4)cc32)cc1,1,6.75,2013,ChEMBL
c1ccc(-n2ccc(CCc3cnc4ccccc4n3)n2)cc1,1,6.12,2020,ChEMBL
c1ccc(-n2cnc3ccc(OCc4ccc5ccccc5n4)cc32)cc1,1,6.51,2013,ChEMBL
c1ccc(-n2cnc3ccc(OCc4ccc5ccccc5n4)nc32)cc1,1,7.05,2013,ChEMBL
c1ccc(-n2ncc3cc(Oc4ncccc4C4CCCCC4)ccc32)nc1,1,6.38,2014,ChEMBL
c1ccc(C2CCN(c3nccnc3C3CN(c4ccc5ccccc5n4)C3)C2)cc1,1,8.3,2017,ChEMBL
c1ccc(CC2CCN(c3nccnc3C3CN(c4ccc5ccccc5n4)C3)C2)cc1,1,8.3,2017,ChEMBL
c1ccc(CCC2CCN(c3nccnc3C3CN(c4ccc5ccccc5n4)C3)C2)cc1,1,8.0,2017,ChEMBL
c1ccc(COc2cccc(-c3nccnc3C3CN(c4ccc5ccccc5n4)C3)c2)cc1,1,7.97,2017,ChEMBL
c1ccc(Nc2ccc(Oc3nccnc3N3CCOCC3)cc2)nc1,1,7.44,2013,ChEMBL
c1ccc(Oc2ccc(-c3nccnc3C3CN(c4ccc5ccccc5n4)C3)cc2)cc1,1,7.47,2017,ChEMBL
c1ccc(Oc2ccc(Nc3nc4ccccc4[nH]3)cc2)nc1,1,7.35,2013,ChEMBL
c1ccc([C@H]2C[C@@H]2COc2cc(NCc3cn[nH]c3)n3nccc3n2)nc1,1,9.62,2015,ChEMBL
c1ccc2[nH]c(Nc3ccc(Oc4nccnc4N4CCOCC4)cc3)nc2c1,1,8.96,2013,ChEMBL
c1ccc2cc(Cn3cnc4c(N5CCOCC5)ncnc43)ccc2c1,1,6.97,2017,ChEMBL
c1ccc2nc(C3CC3c3cn4nccc(N5CCOCC5)c4n3)ccc2c1,1,8.4,2015,ChEMBL
c1ccc2nc(CCc3cn4c(-c5ccc(-c6nnc[nH]6)nc5)cnc(N5CCOCC5)c4n3)ccc2c1,1,8.3,2016,ChEMBL
c1ccc2nc(CCc3cn4c(-c5ccc(-c6nnn[nH]6)nc5)cnc(N5CCOCC5)c4n3)ccc2c1,1,9.0,2016,ChEMBL
c1ccc2nc(CCc3cn4c(-c5ccc(N6CCNCC6)nc5)cnc(N5CCOCC5)c4n3)ccc2c1,1,7.46,2016,ChEMBL
c1ccc2nc(CCc3cn4c(-c5ccc(Sc6cnn[nH]6)cc5)cnc(N5CCOCC5)c4n3)ccc2c1,1,7.77,2016,ChEMBL
c1ccc2nc(CCc3nc4c(N5CCOCC5)ccnn4c3-c3ccc(-c4nnn[nH]4)nc3)ccc2c1,1,9.0,2015,ChEMBL
c1ccc2nc(CCc3nc4c(N5CCOCC5)ccnn4c3-c3ccc(N4CCNCC4)nc3)ccc2c1,1,7.695,2016,ChEMBL
c1ccc2nc(CCc3nc4ccc5ncccc5n4n3)cnc2c1,1,6.12,2020,ChEMBL
c1ccc2nc(CNc3nc4c(N5CCOCC5)ccnn4c3-c3ccc(N4CCNCC4)nc3)ccc2c1,1,7.26,2015,ChEMBL
c1ccc2nc(COc3ccc4c(c3)sc3nnc(-c5ccncc5)n34)ccc2c1,1,6.18,2013,ChEMBL
c1ccc2nc(COc3ccc4ncn(-c5ccncc5)c4c3)ccc2c1,1,7.0,2013,ChEMBL
c1ccc2nc(COc3ccc4ncn(-c5ccncn5)c4c3)ccc2c1,1,7.14,2013,ChEMBL
c1ccc2nc(COc3ccc4ncn(-c5nccs5)c4c3)ccc2c1,1,7.8,2013,ChEMBL
c1ccc2nc(Cc3nc4c(N5CCOCC5)ccnn4c3-c3ccc(N4CCNCC4)nc3)ccc2c1,1,6.91,2016,ChEMBL
c1ccc2nc(N3CC(Oc4nccnc4-c4cccc5ncccc45)C3)ccc2c1,0,4.37,2014,ChEMBL
c1ccc2nc(N3CC(Oc4nccnc4-c4ccncc4)C3)ccc2c1,0,4.92,2014,ChEMBL
c1ccc2nc(N3CC(Oc4nccnc4N4CCCCC4)C3)ccc2c1,0,4.5,2014,ChEMBL
c1ccc2nc(N3CC(Oc4nccnc4N4CCOCC4)C3)ccc2c1,0,4.54,2014,ChEMBL
c1ccc2nc(N3CC(c4cn5c(-c6ccc(N7CCNCC7)nc6)cnc(N6CCOCC6)c5n4)C3)ccc2c1,1,6.65,2016,ChEMBL
c1ccc2nc(N3CC(c4nccnc4-c4ccc5[nH]ncc5c4)C3)ncc2c1,1,7.915,2017,ChEMBL
c1ccc2nc(N3CC(c4nccnc4-c4ccc5cc[nH]c5c4)C3)ncc2c1,1,8.28,2017,ChEMBL
c1ccc2nc(N3CC(c4nccnc4-c4ccc5scnc5c4)C3)ncc2c1,1,8.36,2017,ChEMBL
c1ccc2nc(N3CC(c4nccnc4-c4ccncc4)C3)ccc2c1,1,8.4,2017,ChEMBL
c1ccc2nc(N3CC(c4nccnc4-c4cncnc4)C3)ccc2c1,1,10.05,2017,ChEMBL
c1ccc2nc(N3CC(c4nccnc4N4CC5CC5C4)C3)ccc2c1,1,8.52,2017,ChEMBL
c1ccc2nc(N3CC(c4nccnc4N4CC5CCC(CC5)C4)C3)ccc2c1,1,7.46,2017,ChEMBL
c1ccc2nc(N3CC(c4nccnc4N4CC5CCCC5C4)C3)ccc2c1,1,8.4,2017,ChEMBL
c1ccc2nc(N3CC(c4nccnc4N4CCC(c5ccncc5)C4)C3)ccc2c1,1,9.0,2017,ChEMBL
c1ccc2nc(N3CC(c4nccnc4N4CCCC4)C3)ccc2c1,1,8.52,2017,ChEMBL
c1ccc2nc(N3CC(c4nccnc4N4CCCC4c4nccs4)C3)ccc2c1,1,7.06,2017,ChEMBL
c1ccc2nc(N3CC(c4nccnc4N4CCCCC4)C3)ccc2c1,1,8.41,2017,ChEMBL
c1ccc2nc(N3CC(c4nccnc4N4CCCCCC4)C3)ccc2c1,1,8.52,2017,ChEMBL
c1ccc2nc(N3CC(c4nccnc4N4CCOCC4)C3)ccc2c1,1,7.83,2017,ChEMBL
c1ccc2nc(N3CC(c4nccnc4N4C[C@H]5CC[C@@H](CC5)C4)C3)ccc2c1,1,7.46,2017,ChEMBL
c1ccc2nc(N3CC(c4nccnc4N4C[C@H]5C[C@@H]4CO5)C3)ccc2c1,1,7.81,2017,ChEMBL
c1ccc2nc(NCc3nc4c(N5CCOCC5)ccnn4c3-c3ccc(N4CCNCC4)nc3)ccc2c1,1,6.81,2015,ChEMBL
c1ccc2nc(N[C@H]3C[C@@H](Oc4nccnc4C4CCOCC4)C3)ccc2c1,1,8.12,2015,ChEMBL
c1ccc2nc(OCc3cn4c(-c5ccc(-c6nnn[nH]6)cc5)cnc(N5CCOCC5)c4n3)ccc2c1,1,8.7,2016,ChEMBL
c1ccc2nc(OCc3cn4c(-c5ccc(-c6nnn[nH]6)nc5)cnc(N5CCOCC5)c4n3)ccc2c1,1,9.0,2016,ChEMBL
c1ccc2nc(OCc3cn4c(-c5ccc(C6CCNCC6)nc5)cnc(N5CCOCC5)c4n3)ccc2c1,1,7.05,2016,ChEMBL
c1ccc2nc(OCc3cn4c(-c5ccc(N6CCNCC6)nc5)cnc(-c5ccc6[nH]cnc6c5)c4n3)ccc2c1,1,7.27,2016,ChEMBL
c1ccc2nc(OCc3cn4c(-c5ccc(N6CCNCC6)nc5)cnc(-c5ccncc5)c4n3)ccc2c1,1,7.7,2016,ChEMBL
c1ccc2nc(OCc3cn4c(-c5ccc(N6CCNCC6)nc5)cnc(N5CCOCC5)c4n3)ccc2c1,1,6.984999999999999,2016,ChEMBL
c1ccc2nc(OCc3cn4c(-c5ccc(N6CCNCC6)nc5)cnc(N5CCOCC5)c4n3)ncc2c1,1,6.94,2016,ChEMBL
c1ccc2nc(OCc3cn4c(-c5ccc(N6CCOCC6)nc5)cnc(N5CCOCC5)c4n3)ccc2c1,1,7.29,2016,ChEMBL
c1ccc2nc(OCc3cn4c(-c5ccc(Sc6cnn[nH]6)nc5)cnc(N5CCOCC5)c4n3)ccc2c1,1,8.22,2016,ChEMBL
c1ccc2nc(OCc3cn4c(-c5ccc(Sc6nnc[nH]6)nc5)cnc(N5CCOCC5)c4n3)ccc2c1,1,7.54,2016,ChEMBL
c1ccc2nc(OCc3cn4c(-c5cnc(N6CCNCC6)nc5)cnc(N5CCOCC5)c4n3)ccc2c1,1,7.23,2016,ChEMBL
c1ccc2nc(OCc3cn4c(C5CCNCC5)cnc(N5CCOCC5)c4n3)ccc2c1,1,6.02,2016,ChEMBL
c1ccc2nc(SCc3cn4c(-c5ccc(-c6nnn[nH]6)nc5)cnc(N5CCOCC5)c4n3)ccc2c1,1,8.7,2016,ChEMBL
c1ccc2nc(SCc3cn4c(-c5ccc(N6CCNCC6)nc5)cnc(N5CCOCC5)c4n3)ccc2c1,1,7.24,2016,ChEMBL
c1ccc2nc(SCc3nc4c(N5CCOCC5)ccnn4c3-c3ccc(-c4nnn[nH]4)nc3)ccc2c1,1,8.7,2015,ChEMBL
c1ccc2nc(SCc3nc4c(N5CCOCC5)ccnn4c3-c3ccc(N4CCNCC4)nc3)ccc2c1,1,7.7,2016,ChEMBL
c1ccc2ncc(-c3nccnc3OC3CN(c4ccc5ccccc5n4)C3)cc2c1,0,4.42,2014,ChEMBL
c1ccc2ncc(OCCc3nc4c(N5CCOCC5)ccnn4c3-c3ccc(N4CCNCC4)nc3)cc2c1,1,6.02,2015,ChEMBL
c1ccc2sc(N[C@H]3C[C@@H](Oc4nccnc4N4CCOCC4)C3)nc2c1,1,7.65,2015,ChEMBL
c1ccc2sc(N[C@H]3C[C@@H](Oc4nccnc4N4CCn5cncc5C4)C3)nc2c1,1,8.16,2015,ChEMBL
c1ccc2sc(Nc3ccc(-n4cnc5cccnc54)cc3)nc2c1,1,6.98,2014,ChEMBL
c1ccc2sc(Nc3ccc(Oc4nccnc4N4CCOCC4)cc3)nc2c1,1,8.37,2013,ChEMBL
c1ccc2sc(Nc3ccc(Oc4ncncc4C4CCOCC4)cc3)nc2c1,1,8.08,2014,ChEMBL
c1cnc(C2CN(c3ccc4ccccc4n3)C2)c(N2CCCCC2)c1,1,8.28,2017,ChEMBL
c1cnc(O[C@H]2CC[C@H](Nc3ccc4ccccc4n3)CC2)c(C2CCOCC2)c1,1,7.04,2015,ChEMBL
c1cnc(O[C@H]2CC[C@H](Nc3nc4ccccc4o3)CC2)c(C2CCOCC2)c1,1,7.92,2015,ChEMBL
c1cnc(O[C@H]2CC[C@H](Nc3nc4ccccc4s3)CC2)c(C2CCOCC2)c1,1,7.49,2015,ChEMBL
c1cnc(O[C@H]2C[C@@H](Nc3ccc4ccccc4n3)C2)c(C2CCOCC2)c1,1,8.82,2015,ChEMBL
c1cnc(O[C@H]2C[C@@H](Nc3nc4ccccc4[nH]3)C2)c(C2CCOCC2)c1,1,8.82,2015,ChEMBL
c1cnc(O[C@H]2C[C@@H](Nc3nc4ccccc4s3)C2)c(C2CCOCC2)c1,1,9.12,2015,ChEMBL
c1cnc(O[C@H]2C[C@H](Nc3nc4ccccc4[nH]3)C2)c(C2CCOCC2)c1,1,8.58,2015,ChEMBL
c1cnc(O[C@H]2C[C@H](Nc3nc4ccccc4s3)C2)c(C2CCOCC2)c1,1,8.5,2015,ChEMBL
c1cnc(Oc2ccc(Nc3nc4ccccc4[nH]3)cc2)c(C2CCOCC2)c1,1,9.57,2014,ChEMBL
c1cnc(Oc2ccc(Nc3nc4ccccc4o3)cc2)c(C2CCOCC2)c1,1,9.43,2014,ChEMBL
c1cnc(Oc2ccc(Nc3nc4ccccc4s3)cc2)c(-c2ccc3c(c2)CCO3)c1,1,7.37,2014,ChEMBL
c1cnc(Oc2ccc(Nc3nc4ccccc4s3)cc2)c(-c2ccc3c(c2)OCCO3)c1,1,7.36,2014,ChEMBL
c1cnc(Oc2ccc(Nc3nc4ccccc4s3)cc2)c(-c2ccc3c(c2)OCO3)c1,1,7.23,2014,ChEMBL
c1cnc(Oc2ccc(Nc3nc4ccccc4s3)cc2)c(-c2cccc3ncccc23)c1,1,8.16,2014,ChEMBL
c1cnc(Oc2ccc(Nc3nc4ccccc4s3)cc2)c(-c2ccnc3ccccc23)c1,1,8.14,2014,ChEMBL
c1cnc(Oc2ccc(Nc3nc4ccccc4s3)cc2)c(-c2ccncc2)c1,1,8.4,2014,ChEMBL
c1cnc(Oc2ccc(Nc3nc4ccccc4s3)cc2)c(-c2ccncn2)c1,1,7.65,2014,ChEMBL
c1cnc(Oc2ccc(Nc3nc4ccccc4s3)cc2)c(-c2cncnc2)c1,1,9.52,2014,ChEMBL
c1cnc(Oc2ccc(Nc3nc4ccccc4s3)cc2)c(C2CCOCC2)c1,1,9.36,2014,ChEMBL
c1cnc(Oc2ccc(Nc3nc4ccccc4s3)cc2)c(N2CCOCC2)c1,1,9.02,2014,ChEMBL
c1cnc(Oc2ccc(Nc3nc4ccccc4s3)cc2)c([C@@H]2CCCCO2)c1,1,7.5,2014,ChEMBL
c1cnc(Oc2ccc(Nc3nc4ccccc4s3)cc2)c([C@@H]2CCCOC2)c1,1,8.6,2014,ChEMBL
c1cnc(Oc2ccc(Nc3nc4ccccc4s3)cc2)c([C@@H]2CCCOCC2)c1,1,8.55,2014,ChEMBL
c1cnc(Oc2ccc(Nc3nc4ccccc4s3)cc2)c([C@@H]2CCOC2)c1,1,9.35,2014,ChEMBL
c1cnc(Oc2ccc(Nc3nc4ccccc4s3)cc2)c([C@H]2CCCO2)c1,1,7.27,2014,ChEMBL
c1cnc(Oc2ccc(Nc3nc4ccccc4s3)cc2)c([C@H]2CCOC2)c1,1,9.075,2014,ChEMBL
c1cnc(Oc2ccc3c(cnn3-c3nc4ccccc4s3)c2)c(C2CCOCC2)c1,1,7.24,2014,ChEMBL
c1cnc2nc(CCc3nc4c5cccnc5ccn4n3)ccc2c1,1,6.12,2020,ChEMBL
c1cnc2ncnn2c1,1,7.34,2017,ChEMBL
c1cncc(-c2c(COc3ccc4ccccc4n3)nc3c(N4CCOCC4)ccnn23)c1,1,6.61,2015,ChEMBL
c1cncc(-c2cccnc2Oc2ccc(Nc3nc4ccccc4[nH]3)cc2)c1,1,9.75,2014,ChEMBL
c1cncc(-c2cccnc2Oc2ccc(Nc3nc4ccccc4s3)cc2)c1,1,8.89,2014,ChEMBL
c1cncc(-c2cnc(N3CCOCC3)c3nc(COc4ccc5ccccc5n4)cn23)c1,1,7.51,2016,ChEMBL
c1cncc(-c2nccnc2OC2CN(c3ccc4ccccc4n3)C2)c1,0,4.96,2014,ChEMBL
c1cncc(C2CCN(c3nccnc3C3CN(c4ccc5ccccc5n4)C3)C2)c1,1,9.0,2017,ChEMBL
c1coc(-c2c[nH]c(CCc3ccc4ccccc4n3)n2)c1,1,6.12,2020,ChEMBL
