smiles,y_true,fold,prediction,scaffold_group
CC(=O)N1N=C(c2ccc(-c3ccccc3)cc2)CC1c1ccc2c(c1)OCO2,1,1,0.7294560412726644,0
CCOC(=O)C1=C(C)Nc2nc3c(c(N)c2C1c1ccc(OC)c(OC)c1)CCCC3,1,9,0.856607640966187,1
CCNC(=O)Oc1ccc2c(c1)C(N)CC2,0,5,0.5407366107009516,2
CN1CCN(c2c3c(nc4ccc([N+](=O)[O-])cc24)CCCC3)CC1,1,1,0.7630341714546497,3
C[C@H](CC[C@@H](O)C(C)(C)O)[C@H]1CC[C@@]2(C)C3=CC[C@H]4C(C)(C)C(=O)CC[C@]4(C)C3=CC[C@]12C,0,3,0.13169366506805635,4
CN(C)C(=O)Oc1cccc(-c2cn3c(C(F)(F)F)cccc3[n+]2C)c1,0,1,0.39054849940209924,5
CC[N+](CC)(CCCCCn1c(=O)cc(C)n(CCCCCn2c(C)cc(=O)n(C)c2=O)c1=O)Cc1ccccc1[N+](=O)[O-],1,9,0.958716457227877,6
COc1cc2c(cc1OC)C(=O)C(Oc1cccc(CN3CCCCC3)c1)C2,1,2,0.964883178708349,7
CC(OC[n+]1ccn(C)c1/C=N/O)C1CCCCC1,0,9,0.08033906653733948,8
O=C1c2ccccc2C(=O)N1CCCCCCCNCc1ccccc1F,1,5,0.9683902025596507,9
COc1cc2cc(C(=O)C3CCC[N+](C)(CC4CCCCO4)CC3)sc2cc1OC,1,1,0.8711633920233881,10
COc1cc(/C=C/C(=O)Nc2ccccc2)ccc1OCCCCN1CCCC1,0,7,0.08352467635250861,11
O=C(CNCc1ccccc1F)Nc1ccc2nc3n(c(=O)c2c1)CCC3,1,6,0.9363410048366942,12
CCN(CC)c1ccc(/C=C/c2cc(N3CCCCC3)c3ccccc3n2)cc1,0,1,0.603962345846517,13
Cc1cccc(C(=O)N2Cc3ccc(N4C(=O)c5ccccc5C4=O)cc3CC2=O)c1,1,2,0.8265605979404168,14
S=C(NNc1c2c(nc3ccccc13)CCCC2)Nc1ccccc1,1,4,0.9170627795909403,15
COc1ccc(C2CC(c3ccc(Br)cc3)=NN2c2ccc(S(N)(=O)=O)cc2)cc1OC,1,5,0.9207456684906026,16
CC(C)(C)c1cccc(C(=O)C(F)F)c1,1,2,0.6904173682314463,17
Cc1c(N2CCN(C)CC2)nc2ccccc2c1C(=O)NCCCCCCCNc1c2c(nc3ccccc13)CCCC2,1,8,0.9910934807291241,18
O=C(c1ccc(OCCCc2c[nH]cn2)cc1)C1CC1,0,1,0.4526476156805804,19
Clc1ccc(CN2CCC(c3cc4ccccc4o3)CC2)cc1,0,1,0.2282658247714642,20
C#CCNC1CCc2c(OC(=O)N(C)C)cccc21,1,4,0.6365422534557589,2
CCCCNC(=O)OCCCCCCCCCCCCCCOC(=O)NCCCC,1,2,0.9199216412612723,21
C#CCN(C)Cc1cc2cc(OCCCC3CCN(Cc4ccccc4)CC3)ccc2n1C,1,3,0.5674895166558955,22
CC(=O)Oc1cccc([N+](C)(C)C)c1C,0,1,0.5410318681806998,17
COc1cc2c(cc1OC)C(=O)[C@H](CC1CCN(Cc3ccccc3)CC1)C2,1,4,0.9826657049462707,23
CC1(C)CC(=O)C2=C(C1)Oc1nc3c(c(N)c1[C@H]2c1ccccc1C(F)(F)F)CCCC3,0,7,0.23453838590007228,24
O=C(NCCC1CCN(Cc2ccccc2)CC1)c1cc(=O)c2ccccc2o1,1,4,0.9563003480750427,25
COc1ccc(/C=N/NC(=O)CN2CCN(Cc3ccccc3)CC2)cc1OC,0,8,0.409619900304962,26
CN(CCOCCNC(=S)NC(=O)c1ccc(Cl)cc1)Cc1ccccc1,1,5,0.9189580714413957,27
O/N=C/c1nc(CCCCNc2c3c(nc4ccc(Cl)cc24)CCCC3)ccc1O,0,6,0.8662158320961066,28
CCCCN1CCC(CCC(=O)c2cc(I)c(N)cc2OC)CC1,1,1,0.9272036894171372,29
COc1cc2c(cc1OC)C(=O)C(CC1(F)CCN(Cc3ccc(F)cc3)CC1)C2,1,6,0.9416766279856065,23
COC1=CC(=O)[C@]2(C)[C@]3(O)Cc4c(cc(-c5cc(OC)c(OC)c(OC)c5)oc4=O)O[C@]3(C)CC[C@]2(O)C1(C)C,1,7,0.6538241838025621,30
COc1c(C(=O)CCC2CCN(CC3CCCCC3)CC2)cc(F)c(N)c1I,1,1,0.949443251874856,31
COC(=O)c1c(O)cccc1CCCCCCCCNc1c2c(nc3cc(Cl)ccc13)CCCC2,1,7,0.9945785069127578,32
Nc1ccccc1C(=O)/C=C/c1cccc(Cl)c1Cl,1,10,0.5244745384174662,33
CC(=O)NCCc1c[nH]c2ccc(OC(=O)NCCCNc3c4c(nc5ccccc35)CCCC4)cc12,1,2,0.9808353574340144,34
CCOC(=O)c1c(C)nc(N2CCN(S(=O)(=O)c3ccc(N)cc3)CC2)nc1-c1ccc(OC)c(OC)c1,1,7,0.9433998313874302,35
COc1ccc(C(=O)N2Cc3ccc(N4C(=O)c5ccccc5C4=O)cc3CC2=O)cc1,1,9,0.7498617439443283,14
O=C(CN1CCN(C(=O)c2ccc(Br)cc2)CC1)N1CCN(CCCc2c[nH]c3ccc(F)cc23)CC1,0,7,0.08235166974436813,36
CN1CC[C@@]2(C)c3cc(OC(=O)NC(C)(C)C)ccc3N(C)[C@@H]12,0,3,0.6995729126165499,37
N/C(=N\O)c1cccc(NC(=O)Nc2ccc(C(F)(F)F)cc2)c1,0,8,0.09230388247410683,38
O=C1c2ccccc2C(=O)N1CCCCCCCNCc1ccccc1,1,9,0.9402511122955292,9
c1ccc(CN2CCC(CCSc3ccc(-c4ccccc4)nn3)CC2)cc1,1,1,0.847715949454136,39
O=C(O)CCCC[C@@H]1CCSS1,1,8,0.3452569883777006,40
Cc1c(C)c2c(c(C)c1O)CCC(C)(C(=O)NCCCCNc1c3c(nc4ccccc14)CCCC3)O2,1,8,0.9397829721791646,41
CC(C)C1=N[C@H]2CC[C@]34C[C@]35C(=O)C[C@]3(C)[C@@H]([C@H](C)N(C)Cc6ccc(C(F)(F)F)cc6)[C@H](O)C[C@@]3(C)[C@@H]5CC[C@H]4[C@]2(C)CS1,1,5,0.9066912512182294,42
O=C(CCC1CCN(Cc2cccc(Cl)c2)CC1)c1ccc2c(c1)CCN2,1,6,0.9420473684699103,43
CN1CC[C@@]2(C)c3cc(OC(=O)Nc4ccccc4)ccc3N[C@@H]12,1,9,0.8567222152746559,44
Cc1ccccc1NC(=O)Oc1ccc2c(c1)[C@]1(C)CCO[C@@H]1N2C,1,7,0.939904357768971,45
COc1ccc(F)c[n+]1C,0,9,0.3428310060469418,46
CCc1ccc(SC(=O)OCC[N+](C)(C)C)cc1,0,1,0.42073123115136385,17
CCN(CCCCCCN1CCN(CCCCCCN(CC)Cc2ccccc2OC)C1=O)Cc1ccccc1OC,1,1,0.896060106801231,47
CCN(C)C(=O)Oc1ccc2c(c1)C=CC(C)N(C)C2CCOc1ccc([N+](=O)[O-])cc1,1,1,0.6056147887793104,48
COC(=O)C1=C(Nc2ccc(F)cc2)C[C@@H](c2ccccc2)N(c2ccc(F)cc2)[C@@H]1c1ccccc1,0,8,0.8863228034735232,49
COc1ccc(/C=C/C(=O)NCCC2CCN(Cc3ccccc3)CC2)c(OC)c1,1,9,0.9170179820390937,50
CC(C)C1=N[C@H]2CC=C3CC4C(=O)C[C@]5(C)[C@@H]([C@H](C)N(C)C)[C@H](O)C[C@@]5(C)[C@@H]4CC[C@H]3[C@]2(C)CO1,1,6,0.5479142419441552,51
CC(=O)N[C@H]1CC[C@@]2(C)[C@@H](CC[C@@H]3[C@@H]2CC[C@]2(C)[C@@H]([C@H](C)N(C)C)CC[C@@H]32)C1,0,9,0.07732367661335639,52
CC(c1cccc(OC(=O)N(C)C)c1)N(C)C,1,6,0.7211713050178342,17
COc1ccc2cc(C(=O)NCCC3CCN(Cc4ccccc4)CC3)ccc2c1,1,9,0.9444827058414631,53
O=C1/C(=C/c2ccccc2F)CN(C(=O)C[C@H]2C[C@H]3CCCN3[C@]23C(=O)Nc2ccccc23)C/C1=C\c1ccccc1F,0,7,0.014542572805307881,54
Cc1cccc(CN2CCC(CCC(=O)c3ccc4c(c3)NCCCC4)CC2)c1,1,4,0.9243553222049011,55
CN(CCCOc1ccc2cc(-c3ccccc3)c(=O)oc2c1)Cc1cccc(OC(=O)NCCCCCc2ccccc2)c1,1,5,0.9686677274084347,56
c1cc[n+](CCCCCCC[n+]2cccc3ccccc32)cc1,1,4,0.6547976331415895,57
COc1cc(/C=C/C(=O)N2CCc3ccccc3C2)ccc1OC(=O)N(c1ccccc1)c1ccccc1,0,4,0.12567889203969332,58
Cc1ccc(S(=O)(=O)SCc2ccccc2)cc1,1,5,0.808621055087193,59
COc1cc2c(cc1OC)C(=O)C(Oc1cccc(CN3CCOCC3)c1)C2,1,1,0.893380889528177,60
O=C(COc1ccc(Cl)cc1)NCCN1CCN(Cc2ccccc2)CC1,1,1,0.7722822867822967,61
C[N+](C)(CCNC(=O)C(=O)NCC[N+](C)(C)Cc1ccccc1Cl)Cc1ccccc1Cl,1,1,0.6398649407931893,62
C[C@@H]1CCC[C@H](C)N1S(=O)(=O)c1cc(Cl)ccc1Cl,1,8,0.7356662681186705,63
COc1ccc2c(c1)c1ccnc(C)c1n2C,0,3,0.32407686327889607,64
O=C(CCCCC1CCSS1)NCCNc1c2c(nc3ccccc13)CCCC2,1,9,0.9798019962475164,65
Nc1c2c(nc3c1C(c1cccc([N+](=O)[O-])c1)NC(=S)N3)CCCC2,0,8,0.4551238106122689,66
c1ccc(CCCCN2CCCc3[nH]c4ccccc4c3C2)cc1,0,4,0.36984083893914965,67
Cc1cc(=O)oc2cc(OCc3ccc(CN(C)Cc4ccccc4)cc3)ccc12,1,10,0.8516911803951408,68
C=CCN1CC[C@@]2(C)c3cc(OC(=O)NC)ccc3N(C)[C@@H]12,1,10,0.6930918063391143,37
COc1cccc(CC2CCN(CCOc3ccc4c(c3)oc(=O)c3ccccc34)CC2)c1,0,10,0.11846866090197207,69
O=C(CNc1ccc2oc(=O)ccc2c1)N1CCN(c2ccccc2)CC1,1,10,0.6748021982385832,70
Fc1ccc(Br)cc1CNCCCCCCCCNc1ccnc2cc(Cl)ccc12,1,10,0.9810953144081842,71
COc1ccc(-c2cc3cc(OCCCN(C)Cc4cccc(OC(=O)NCCCCCc5ccccc5)c4)ccc3oc2=O)cc1,1,3,0.9418833253278316,72
CC(=O)NCCc1c[nH]c2ccc(OC(=O)NCCCCCCCNc3c4c(nc5ccccc35)CCCC4)cc12,1,1,0.999058976219153,73
CCOC(=O)C1C(C)=Nc2nc3c(c(N)c2C1c1ccc(OC)cc1)CCCC3,1,2,0.875829914994077,74
COc1ccccc1CNCCCCCC=Nc1cc(O)c(NCCCCCCNCc2ccccc2OC)cc1O,1,2,0.8657727659567876,75
CCN(CCCCN1C(=O)c2ccccc2C1=O)Cc1ccccc1OC,1,3,0.8685457892981513,76
CCNC(=O)Oc1cccc(CN(C)CCCOc2ccc3c(=O)c4ccccc4oc3c2)c1,1,2,0.9652199436338527,77
O=C(CN1CCN(Cc2ccccc2)CC1)Nc1n[nH]c2ncccc12,1,8,0.6830114720924686,78
CNC(=O)c1sc(-c2ccnc(NC(=O)C3CC3)c2)nc1OCCCc1cn(CCNc2c3c(nc4ccccc24)CCCC3)nn1,1,1,0.9785717854185084,79
CCc1cc(=NCCC2CCN(Cc3ccccc3)CC2)[nH]nc1-c1ccccc1,1,2,0.8793575275300268,80
O=C(NCCCCCCCNc1c2c(nc3ccccc13)CCC2)c1cc2ccccc2o1,1,2,0.9943054511494744,81
O=c1ccc2cc(/N=C/c3ccc(F)cc3)ccc2o1,1,1,0.8736968067409301,82
CN(C)C(=O)Oc1cccc([N+](C)(C)C)c1,1,9,0.638638390237661,17
COc1cc([C@@H](O)[C@H](CO[C@@H]2O[C@H](CO)[C@@H](O)[C@H](O)[C@H]2O)Oc2ccc(CCCO)cc2OC)ccc1O,1,3,0.43607819687478655,83
Brc1ccc(-c2nnn3c2C2c4ccccc4CCN2Cc2ccccc2-3)cc1,1,9,0.5445768689978029,84
Cc1cc(O)cc(O)c1C(=O)O,0,9,0.16580326237298712,17
CCC(C)(C)NCC(O)c1cc(O)cc(OC(=O)N(C)C)c1,0,2,0.4137436877167053,17
C=C1C[C@]23C[C@H]1CC[C@H]2[C@]1(C)CCC[C@](C)(CO)[C@@H]1C[C@@H]3O,0,6,0.23006585695673545,85
CCN(CCCCCC=Nc1cc(O)c(NCCCCCCN(CC)Cc2ccncc2)cc1O)Cc1ccncc1,1,8,0.9600496009420977,86
CCCCNC(=O)OCCCCCCCCCCCCCCO,1,2,0.9050917818903786,21
COc1cc(/C=C/C(=O)Nc2ccccc2)ccc1OCCCCCCCCCCN1CCCC1,0,6,0.17473613591047468,87
Fc1ccc(Br)c(CNCCCCCCCCNc2ccnc3cc(Cl)ccc23)c1,1,2,0.9790926726523967,71
CC(C)=CCC[C@]1(C)[C@@H](CC=C(C)C)C[C@]2(CC=C(C)C)C(=O)C3=C(O[C@@H](C(C)(C)O)[C@@H]3O)[C@@]1(C(=O)C(C)C)C2=O,0,6,0.04485249196193022,88
CCOc1cc2c(cc1OCC)C(=O)C(C)C2,1,2,0.7691983602413852,89
Cc1cccc(C(=O)Nc2ccc3c(c2)CN(C(=O)c2cccc(Cl)c2)C(=O)C3)c1,1,2,0.9324552113449139,90
COc1cc(CCC(=O)/C=C/c2ccc(CNc3c4c(nc5cc(Cl)ccc35)CC3CC(C)=CC4C3)cc2)ccc1O,1,1,0.9078973474458402,91
CN(C)C(=O)Oc1cc(OC(=O)N(C)C)cc(C(O)CNC(C)(C)C)c1,0,6,0.4502350082037911,17
COc1cc(-c2cccc3c2N(C)CC3)c(CN2CC[C@@]34C=C[C@H](O)C[C@@H]3Oc3c(OC)ccc(c34)C2)c(OC)c1OC,0,5,0.5914136508542613,92
COc1cccc(CN(C)CCCOc2ccc3c(c2)oc(=O)c2ccccc23)c1,0,2,0.4443765465985181,93
COc1ccc(-c2cc3c(c(=O)o2)C[C@@]2(O)[C@@]4(C)C(=O)[C@@]5(OC)C(=O)O[C@]4(CC[C@@]2(C)O3)C5(C)C)cc1,1,4,0.6623924061020569,94
CN(C)C(=O)Oc1cccc2c1cc(C(=O)N(C)C)c[n+]2C,1,3,0.8930466093919364,95
Nc1c2c(nc3ccccc13)OCCC2,1,1,0.7387212445298408,96
CCOC(OCC)c1ccc(/C=C/C(=O)/C=C/c2ccc(C(OCC)OCC)cc2)cc1,0,8,0.280674935168291,97
C/C(=C\CC[C@@H](C)[C@H]1CC[C@@]2(C)C3=CC[C@H]4C(C)(C)[C@@H](O)CC[C@]4(C)C3=CC[C@]12C)CO,0,2,0.10273865898167286,98
Cc1ccc(C(=O)NC(=S)NCCOCCN(C)Cc2ccccc2)cc1,1,9,0.8974212485676486,27
CC(=O)NCCc1c[nH]c2ccc(OC(=O)NCCCCNc3c4c(nc5ccccc35)CCCC4)cc12,1,6,0.9947477097142553,100
NS(=O)(=O)c1ccc(NC(=S)NCCN2CCCCC2)cc1,0,10,0.5677950497592412,101
COc1cc2c(cc1OC)SC(C(=O)CCc1cc[n+](CC3CC3)cc1)C2,1,6,0.9223566244961906,102
CCOC(=O)C1=C(C)Nc2nc3c(c(N)c2C1c1cccc([N+](=O)[O-])c1)CC(Cl)(Cl)CC3,1,10,0.9107658636215005,1
O=C(NCCCCCCNc1c2c(nc3ccccc13)CCCC2)c1cc2ccccc2oc1=O,1,9,0.9981393116687233,103
Nc1n[nH]c2nc(-c3ccc(Br)cc3)cc(-c3ccc(Br)cc3)c12,1,2,0.7248709015363002,104
C[C@@H]1C[C@H]2CC(=O)[C@H]3CCC[N+]4([O-])CCC[C@]2(O)[C@]34C1,1,8,0.31461408918613903,105
CCN(CC)Cc1ccc(/C=C2\Oc3cc(OC)c(OC)cc3C2=O)cc1O,1,4,0.41772451160998714,106
FC(F)(F)c1ccc2c(NCCCCCCCCNc3cccc(Cl)c3)ccnc2c1,1,7,0.9715789391317841,107
CCOC(=O)C1=C(Nc2ccc(F)cc2)CC(c2ccc(C(F)(F)F)cc2)N(c2ccc(F)cc2)C1c1ccc(C(F)(F)F)cc1,1,2,0.7829269692925489,49
NC(=O)c1cc[n+](CCCCC[n+]2cccc(NC(=O)/C=N\O)c2)cc1,0,5,0.07155449288160973,108
Oc1cc(O)cc(Oc2c(O)cc(O)c3c2Oc2c(OCc4ccccc4)cc4oc5c(Oc6cc(O)cc(O)c6)c(O)cc(O)c5c4c2O3)c1,0,5,0.25129991040250926,109
O=[N+]([O-])c1ccc(CNC2CCN(Cc3ccccc3)C2)cc1,1,6,0.8208323178019722,110
O=C1NC(=S)NC(=O)C1=CNNC(=S)Nc1ccc(Br)cc1,0,5,0.17645847133526787,111
CCN(CC)CCCCCOc1ccc2c(c1)CC/C(=C\c1ccc(CN(C)Cc3ccccc3)cc1)C2=O,1,6,0.78143777317714,112
C[n+]1c2ccccc2c(-c2ccc(NC(=O)C(F)(F)F)cc2)c2ccccc21,0,5,0.344435497584974,113
CCC1=CC2Cc3nc4cc(F)cc(F)c4c(N)c3C(C1)C2,1,3,0.7536517452639752,114
Cc1cccc2sc(NC(=O)CCN3CCN(C4CCN(C)CC4)CC3)nc12,0,2,0.2787963868868228,115
CNC(=O)Oc1cccc(CN(C)CCCCCCCOc2ccc(-c3oc4ccccc4c3C(=O)c3ccc(C)cc3)cc2)c1,1,8,0.6217539110016832,116
O=C(Cn1nc(-c2ccccc2)c(-c2ccccc2)nc1=O)Nc1ccc(Br)cc1,1,9,0.9054558324276836,117
COc1ccc(-c2nc(NC3CCN(Cc4ccc(C(F)(F)F)cc4)CC3)sc2-c2ccc(OC)cc2)cc1,1,8,0.9117419051653664,118
O=C(CCN1CCC2c3ccccc3NC2C1)Nc1ccc(/C=C2\CCn3c2nc2ccccc2c3=O)cc1,1,3,0.9093792940738173,119
COc1ccc(Cn2cc(C(=O)NCCNc3c4c(nc5ccccc35)CCCC4)c(=O)c3ccccc32)cc1,1,9,0.9186179731986668,120
CN(C)Cc1ccc(CSCCN/C=C(/NCCSCc2ccc(CN(C)C)o2)[N+](=O)[O-])o1,1,2,0.707711572229377,121
COc1ccc(-c2cc3c(c(=O)o2)C[C@@]2(O)[C@@]4(C)CCC(=O)C(C)(C)[C@@]4(O)CC[C@@]2(C)O3)cc1,1,5,0.7271625608264691,122
Clc1ccc2c(NCCCCCCCNc3c4c(nc5ccccc35)-c3ccccc3C4)c3c(nc2c1)CCCC3,1,4,0.9969114298724954,123
COc1cc(CNCCCCCCNC2=CC(=O)C(NCCCCCCNCc3ccc(O)c(OC)c3)=CC2=O)ccc1O,1,2,0.7824320790091427,124
CCN(CCCCCCNC1=CC(=O)C(C)=C(C)C1=O)Cc1ccccc1OC,1,5,0.9130805919534721,125
CC(=O)C1=CN(Cc2ccccc2C)C=CC1CC1Cc2cc(C)c(C)cc2C1=O,1,10,0.7481507634382806,126
Nc1c2c(nc3ncccc13)CCCC2,1,10,0.7252580170501307,127
Cc1ccc(C(=O)c2c(-c3ccc(OCCCCCCCN(C)Cc4ccccc4)cc3)oc3ccccc23)cc1,0,6,0.16947738852799143,116
COc1ccc2c3c1O[C@H]1C[C@@H](O)C=C[C@@]31CCN(C)C2,1,10,0.7965333057536932,128
FC(F)(F)c1ccc2c(NCCCCCCCCNc3ccccc3)ccnc2c1,1,3,0.966218384315646,107
c1ccc(CN2CCC(CCc3noc4cc(C5CCCCC5)ccc34)CC2)cc1,1,6,0.916542618295183,129
CCN1CCN(Cc2ccc(NC(=O)c3cc4cc([N+](=O)[O-])ccc4oc3=O)cc2Cl)CC1,1,3,0.666561689289737,130
O=C(c1ccccc1)c1cc(O)c(Br)cc1O,1,9,0.514194670388715,131
Cc1c(C)c2c(c(C)c1O)CCC(C)(C(=O)NCCCCCCNc1c3c(nc4ccccc14)CCCC3)O2,1,1,1.0,132
c1ccc(CN2CCC(CCNc3cc4c(nn3)-c3ccccc3CCC4)CC2)cc1,1,4,0.9166553200509093,133
C#CCN(Cc1ccc(O)c2ncccc12)C(C#N)CCC1CCN(Cc2ccccc2)CC1,1,3,0.7007082956726403,134
CC1=CC2CC(C1)Cc1nc3ccccc3c(N)c12,1,4,0.7663530837744619,135
CN(CCC1CCN(Cc2ccccc2)CC1)Cc1c[nH]c2ccccc12,0,3,0.7100257705335483,136
COc1cc(CNC(=O)CCCCCNc2c3c(nc4cc(Cl)ccc24)CC2C=C(C)CC3C2)ccc1O,1,1,0.9841126762784899,137
c1cc(C[n+]2cccc3ccccc32)cc(C[n+]2cccc3ccccc32)c1,0,9,0.4395932502593401,138
COc1ccc2c3c1O[C@H]1C[C@@H](OC(=O)NC4CCN(Cc5ccccc5)CC4)C=C[C@@]31CCN(C)C2,1,7,0.8619937889524342,139
COCC[N+]1(C)CCCC(C(=O)c2cc3cc(OC)c(OC)cc3s2)CC1,1,2,0.8813603130120601,140
NCCCCCCCCCCCCNc1c2c(nc3ccccc13)CCCC2,1,3,0.9769542504774362,141
CCCCCCCNC(=O)Oc1ccc2c(c1)[C@]1(C)CCN(Cc3ccccc3)C1C2,1,3,0.8827059666755154,142
COc1cc(/C=C/C(=O)NCC(=O)Nc2ccccc2C(F)(F)F)ccc1O,0,1,0.22205467268440945,143
Fc1cc(F)cc(CN2CCC(CNc3nc(-c4ccc(Cl)cc4)c(-c4ccc(Cl)cc4)s3)CC2)c1,1,6,0.9300676389102318,144
c1ccc2c[n+](CCCCCC[n+]3ccc4ccccc4c3)ccc2c1,1,10,0.44125836604282936,145
COc1cc2c(cc1OC)C(=O)/C(=C/c1ccc(CN3CCCC3)cc1)C2,1,2,0.9465375493505108,146
CN(C)C(=O)Oc1cccc(-c2cn3c(Cl)cccc3[n+]2C)c1,0,8,0.25700374349394545,5
COc1ccc(-c2cc(=O)c3ccc(OCCN4CCOCC4)cc3o2)cc1,1,8,0.6906383818371876,147
COc1cc2c(cc1OC)C(=O)C1(C2)C(c2ccccc2)CN(C)C12C(=O)Nc1ccc([N+](=O)[O-])cc12,0,7,0.24916625711771365,148
COc1cc(N)c(Cl)cc1/C(CCC1CCN(CC2CCCCC2)CC1)=N/O,1,7,0.8077812459772363,149
COc1ccc2c(c1)CCC(Cc1cc[n+](Cc3ccccc3C)cc1C(F)(F)F)C2=O,1,1,0.8724589208370255,150
FC(F)(F)c1ccc(/C=N/C2CCN(Cc3ccccc3)CC2)cc1,1,9,0.7768324690905483,151
C#CCNC1CCc2ccc(OC(=O)N(CC)C3CCCCC3)cc21,0,2,0.277388475109887,152
N#CC(c1ccc2c(c1)OCO2)N1CCCC1,0,4,0.13439979693287993,153
C[n+]1ccn(COCC(C)(C)[N+](=O)[O-])c1/C=N/O,0,4,0.16902028567476882,154
COc1cc(CCC(=O)/C=C/c2ccc(CNc3c4c(nc5cc(Cl)ccc35)CC3CC(C)=CC4C3)cc2)cc(CN(C)C)c1O,1,3,0.8651543876120907,91
C[n+]1ccc2c3ccccc3n(CCc3ccccc3)c2c1,1,2,0.448377474453637,155
Cn1c2ccccc2c2cc[n+](-c3ccc(Cl)cc3)cc21,1,1,0.7523847161176384,156
O=C1/C(=C/c2ccc[nH]2)CN(Cc2ccccc2)C/C1=C\c1ccc[nH]1,0,3,0.3798984952770608,157
COc1ccc(-c2oc3cc(Br)c(I)cc3c(=O)c2O)cc1,1,6,0.738380948147083,158
O=C(c1cccc(Cl)c1Cl)n1nc(OCCN2CCCCC2)c2ccccc21,0,2,0.2841776488705575,159
FC(F)(F)Oc1ccc(CNC2CCN(Cc3ccccc3)CC2)cc1,1,6,0.9004434041804807,160
CN(C)c1ccc(C(=O)NCCNc2c3c(nc4ccccc24)CCCC3)cc1,1,1,0.9753754636952444,161
C/N=C1/CCc2c1n(C)c1ccc(OC(=O)NC)c(Cl)c21,1,8,0.81099771065483,162
CC(CN1CCN(Cc2ccccc2)CC1)N(C(=O)c1cccc([N+](=O)[O-])c1)c1ccccn1,1,8,0.6943482757574756,163
O=C(NCCCCCNc1c2c(nc3cc(Cl)ccc13)CCCC2)Oc1ccc2cc[nH]c2c1,1,5,0.9991166894575763,164
CCOC(=O)/C(=N\Nc1ccccc1C(=O)OCC)C(=O)C(F)(F)F,1,1,0.314289922321332,17
Cc1cc(-c2c3ccccc3[n+](C)c3ccccc23)cc(C)c1C,0,2,0.1694062175262499,113
Oc1ccc(CCOCCCCCNc2c3c(nc4ccccc24)CCCC3)cc1,1,6,0.9933686305968031,165
CC[N+](C)(CCCCCCOCCCCCCCCOCCCCCC[N+](C)(CC)Cc1ccccc1OC)Cc1ccccc1OC,1,8,0.8307879026795397,166
C/C(=C\CC[C@@H](C)[C@H]1CC[C@@]2(C)C3=C(CC[C@]12C)[C@@]1(C)CC[C@H](O)C(C)(C)[C@@H]1CC3=O)CO,0,10,0.13919053207448834,167
Cc1ccc(S(=O)(=O)NCCCCCNc2c3c(nc4ccccc24)CCCC3)cc1,1,3,0.9866988425956077,168
O=C1C=CC(=O)C=C1,1,6,0.4967460208944214,169
C[C@H](c1cccc(OC(=O)N(C)C)c1)N1CCCCC1,1,4,0.5431443907126103,170
CCN(CCCCCCOc1ccc(-c2cc(=O)c3c(OC)c(OC)c(OC)cc3o2)cc1)Cc1ccccc1OC,1,10,0.9569586275200301,171
N/C(=N\O)c1cccc(NC(=O)Nc2ccc(O)cc2)c1,0,5,0.08466461136264071,38
CC1Cc2ccc(F)cc2C1=O,1,2,0.7740295771709438,89
CCN(CCCCCOc1cc(O)c2c(c1)OC(c1ccc(O)cc1)CC2=O)Cc1ccccc1,1,5,0.5464425591474229,172
Cc1ccc(C(=O)c2coc3ccc(OCC(=O)Nc4ccccc4)cc23)cc1,1,5,0.8309047128975532,173
Nc1c2c(nc3ccc(-c4ccsc4)cc13)CCCC2,1,6,0.8523801263444455,174
Cc1cc(=O)oc2cc(OCc3cc[n+](Cc4ccccc4F)cc3)ccc12,1,6,0.9201250910094371,175
O=C1c2ccccc2C(=O)c2c(O)c(O)cc(O)c21,1,2,0.3455621987838744,176
COc1cccc(CCCCCCCCNc2c3c(nc4cc(Cl)ccc24)CCCC3)c1,1,4,0.9619679305274299,32
COc1cc2c(cc1O)CCC(C)(CCC(=O)NCCCCCCCNc1c3c(nc4cc(Cl)ccc14)CCCC3)O2,1,7,0.9907974969397636,177
O=C(CCC1CCN(Cc2ccc(O)cc2)CC1)c1cc2c3c(ccn3C(=O)CC2)c1,1,5,0.9363792441147513,178
CCN(CC)CCOc1ccc(/C=C/C(=O)Nc2ccccc2)cc1OC,0,3,0.04969448902881914,179
c1ccc([C@@H]2CC(c3c4ccccc4cc4ccccc34)N=N2)nc1,1,7,0.637269391184875,180
COc1ccc2[nH]c(C(=O)Nc3ccc4nc5n(c(=O)c4c3)CCC5)cc2c1,1,3,0.769433535037124,181
COc1cc2c(cc1OC)C(c1ccccc1)N(CCCCCCn1ccnc1/C=N/O)CC2,0,5,0.22416071780897734,182
CSc1nc(-c2ccc(Cl)cc2)nn1C(=O)N(C)C,1,10,0.8969838226860738,183
C#CCNC1CCc2c(Cl)cc(OC(=O)N(C)CC)cc21,0,8,0.15819891059498425,2
COc1ccc2c(=O)cc(-c3ccc(CN(C)Cc4ccccc4)cc3)oc2c1,0,7,0.5718941579580621,184
Cc1cccc2nc3c(c(N)c12)CCCO3,1,10,0.8404359793849837,96
c1ccc2c(c1)CN1CCCCCCCC1=N2,0,7,0.5278133572256001,185
C[C@]1(CO)CCC[C@]2(C)[C@H]1C[C@H](O)[C@@]13C[C@@H](CC[C@@H]21)[C@]1(C)O[C@@H]13,0,7,0.26012293578408296,186
C=C(C)[C@@H](O)CC[C@]1(C)[C@@H](CC=C(C)C)C[C@]2(CC=C(C)C)C(=O)C3=C(O[C@H](C(C)(C)O)C3)[C@@]1(C(=O)C(C)C)C2=O,0,10,0.12285712929079362,88
O=C(N/N=C/c1ccc(F)cc1F)N1CCN(c2ccccn2)CC1,1,1,0.630795498336716,187
C#CCNC1CCc2ccc(OC(=O)N(CC)CCCC)cc21,0,5,0.21829306234545898,2
NC(=O)c1cc[n+](C/C=C/C[n+]2ccc(/C=N/O)c(F)c2)cc1,0,9,0.03172166763932747,188
COc1cccc2cc[n+](-c3ccc(I)cc3)cc12,1,3,0.8797564982969861,189
CCOC(=O)c1c(O)cc(O)c(Cc2c(O)cc(C)c(C(=O)OCC)c2O)c1C,0,1,0.23954436250553546,190
N/C(=N\O)c1cccc(NC(=O)Nc2ccc(Br)cc2)c1,0,5,0.09780678087632223,38
CC1Cc2ccccc2C1=O,1,1,0.7367243252278387,89
CC[N+](C)(CCCCCC(=O)N(C)CCCCCCCCN(C)C(=O)CCCCC[N+](C)(CC)Cc1ccccc1Cl)Cc1ccccc1Cl,1,6,0.9359804448658764,191
c1ccc2oc(CNCCCCCCNc3c4c(nc5ccccc35)CCC4)cc2c1,1,8,0.9935184341953572,192
O=C(NCCCCCNc1c2c(nc3cc(F)ccc13)CCCC2)Oc1ccc(-c2cc3cccnc3[nH]2)cc1,1,8,0.9907914369734345,193
CON(C)C(=O)Oc1ccc(-c2cc(=O)c3c(OC(=O)N(C)OC)cc(OC(=O)N(C)OC)cc3o2)cc1,0,9,0.4236288023817466,158
O=c1c2ccc(OCCCCCCCNc3c4c(nc5ccccc35)CCCC4)cc2oc2ncccc12,1,7,0.9818780664034462,194
Cc1ccc(N/C=C/C(=O)c2cc3ccccc3o2)cc1,1,8,0.821460905028288,195
CN(C)Cc1ccc(CSCCSCc2ccc(CN(C)C)o2)o1,1,6,0.7733761867230452,196
NC(=O)c1cc[n+](C/C=C/C[n+]2cc(F)c(/C=N/O)c(F)c2)cc1,0,3,0.03439887859390212,188
CCOc1cc(N)c(Cl)cc1C(=O)CCC1CCN(CC2CCCCC2)CC1,1,5,0.97459522752461,31
COc1ccc2cc(C(=O)NCCCCCNc3c4c(nc5ccccc35)CCCC4)c(=O)oc2c1,1,5,0.9884542952931576,197
O=C(Cn1nc(-c2ccccc2)c(-c2ccccc2)nc1=O)Nc1ccccc1O,1,5,0.7337910262463896,117
CN[C@@H](CCOc1ccc([N+](=O)[O-])cc1)c1ccc(OC(=O)N(C)C)cc1,1,5,0.6948885462205412,198
COCCNC(=O)c1cc2c(OC(=O)N(C)C)cccc2[n+](C)c1,1,10,0.926468171819285,95
COc1cc2[se]n(CCCCCCNc3c4c(nc5ccccc35)CCCC4)c(=O)c2cc1OC,1,2,0.9825985976587106,199
COc1cc2c(cc1OC)C(=O)C(=Cc1cc[n+](Cc3cccc([N+](=O)[O-])c3)cc1)C2,1,7,0.9078698126264629,200
CC(C)(C)c1cc[n+](CCCCCCCC[n+]2ccc(C(C)(C)C)cc2)cc1,1,10,0.8143526418923004,201
CC1(C)Oc2cc3oc(=O)ccc3cc2C[C@@H]1O,0,3,0.3752397745727012,202
CCN(CC)CCCCCOc1ccc2c(c1)C(=O)/C(=C/c1ccc(CN(C)Cc3ccccc3)cc1)C2,1,1,0.8734715893638668,203
COc1nc(-c2ccnc(NC(=O)C3CC3)c2)sc1C(=O)NCCCCCCNc1c2c(nc3ccccc13)CCCC2,1,2,0.991376124028949,204
CN(C)CCCCCOc1ccc(C(=O)/C=C/c2ccccc2)cc1,0,7,0.1143693965940384,33
COc1ccc(Cn2cc(C(=O)NCCCCNc3c4c(nc5ccccc35)CCCC4)c(=O)c3ccccc32)cc1,1,7,0.9624680535902284,205
N/C(=N\O)c1cccc(NC(=O)Nc2cccc(O)c2)c1,0,4,0.041838126480526504,38
COc1cc2cc(-c3ccc(CN(C)Cc4cccc(C)c4)cc3)c(=O)oc2cc1OC,1,8,0.8516455433388296,206
CC(=O)O[C@H]1[C@H]2c3cc4c(cc3CN3CCC(=C[C@@H]1O)[C@H]23)OCO4,1,4,0.47404046851070036,207
CCCCCCCNC(=O)Oc1ccc2c(c1)CN(C)C(c1cc[nH]c1)N2C,1,8,0.844695351834829,208
COc1cc2occ(-c3ccc(OC4CCN(Cc5ccccc5)CC4)cc3)c(=O)c2cc1OC,1,5,0.6550887525075908,209
COc1cc2nc(C(=O)NCCC3CCN(Cc4ccccc4)CC3)cc(OC)c2cc1OC,1,5,0.9327480880193567,210
CCN(CC)Cc1ccc(C=C2Cc3cc(OC)c(OC)cc3C2=O)cc1,1,1,0.9603912256266087,211
CC[N+]1(Cc2ccccc2[N+](=O)[O-])CCCCCn2c(C)cc(=O)n(c2=O)CCCCC[N+](CC)(Cc2ccccc2[N+](=O)[O-])CCCCCn2c(=O)cc(C)n(c2=O)CCCCC1,1,5,0.8273073694626654,212
Nc1c2c(nc3ccccc13)C(O)CCC2,1,9,0.5732366838186542,141
CCN(CCC1CCN(Cc2ccccc2)CC1)c1ccccc1,0,1,0.8915604262673037,213
CNC(=O)c1sc(-c2ccnc(NC(=O)C3CC3)c2)nc1OCC1CCN(Cc2ccc(Cl)cc2)CC1,0,2,0.25909239898090686,214
CNC(NCCNCc1ccc(CN2CCCCC2)o1)=C(C#N)C#N,1,4,0.8606220388672148,215
CCN(C)C(=O)Oc1cccc2c1C(N)CC2,0,8,0.5220054930371729,2
CC(=O)Nc1cccc2n1cc(-c1ccc(OC(=O)N(C)C)cc1)[n+]2C,1,8,0.34281150216448236,5
O=C(c1ccc(O)cc1)c1cc(O)c(Br)cc1O,1,3,0.5256135833912045,131
CSc1ccc(/C=C2/S/C(=N/c3ccc4oc(=O)ccc4c3)NC2=O)cc1,1,1,0.8903498706328385,216
CC(C)(C)OC(=O)N1CCN(c2nccc(NCc3cccc4ccccc34)n2)CC1,0,4,0.21221006605867404,217
COc1cc2c(cc1OC)C(=O)C(CC1CCN(Cc3ccc(O)c4ncccc34)CC1)C2,0,1,0.6578703299824927,218
O=C(CCc1c[nH]c2ccccc12)NCCCCCCCCCNc1c2c(nc3cc(Cl)ccc13)CCCC2,1,3,0.9966537183404527,219
COc1cc2c(c(OC)c1)CC(NC(=O)OCc1ccccc1)C2,1,4,0.7007894361208407,220
CC(=O)n1cc(/C=C2\CN(Cc3ccccc3)CCC2=O)c2ccccc21,0,4,0.1938058394158818,221
CN(C)Cc1ccc(CSCc2ccc(CSCc3ccc(CN(C)C)o3)cc2)o1,1,5,0.7797315082350428,222
C[n+]1cc(Br)ccc1/C=N/O,0,6,0.09490709901170813,46
CC1CCN(CC2CCCCC2)CC1,1,4,0.5156543300991653,223
COC(=O)C1=C(C)Nc2nc3c(c(N)c2C1c1cccc([N+](=O)[O-])c1)CSC3,1,8,0.8096377960494784,224
COC(=O)C1=C(Nc2ccc(Br)cc2)C[C@@H](c2ccc(Cl)cc2)N(c2ccc(Br)cc2)[C@@H]1c1ccc(Cl)cc1,1,3,0.6880624189909135,49
COc1cc2c(cc1OC)C[N+](C)(CCCCCCc1cccc(OC)[n+]1C)CC2,1,1,0.8645698819403452,225
CS[C@@H](Cn1nnc2cc(C#Cc3ccc(N4CC5(COC5)C4)cc3)ccc21)N(O)C=O,0,3,0.2590271764480639,226
CNC(=O)Oc1ccc2c(c1)[C@]1(C)CCN(C)C1N2C=O,1,10,0.7787257834291142,37
c1ccc2c(c1)ccc[n+]2CCCCCCC[n+]1cccc2ccccc21,1,9,0.6239244474316233,227
C[N+](C)(C)CCOC(=O)c1ccc(Oc2nc(Oc3ccc(C(=O)OCC[N+](C)(C)C)cc3)nc(Oc3ccc(C(=O)OCC[N+](C)(C)C)cc3)n2)cc1,1,4,0.5423476622164483,228
COc1cc2c(cc1OC)C(=O)C(=Cc1cc[n+](Cc3ccccc3F)cc1)C2,1,1,0.9616165380809423,200
CC1=C[C@H]2Cc3nc4cc(Cl)ccc4c(NCCCCCCCCCCCCNc4c5c(nc6cc(Cl)ccc46)C[C@@H]4C=C(C)C[C@H]5C4)c3[C@@H](C1)C2,1,1,0.9733603672530322,229
COc1cc2c(cc1OC)CC(CC1CCN(CCCNc3c4c(nc5cc(Cl)ccc35)CCCC4)CC1)C2,1,6,0.9911846863830306,230
COc1cc2onc(CCC3CCN(Cc4ccccc4)CC3)c2cc1C,1,5,0.9379216471350528,231
CCN(CCCCCCN1C(=O)c2ccc(-c3ccc4c(c3)C(=O)N(CCCCCCN(CC)Cc3ccccc3OC)C4=O)cc2C1=O)Cc1ccccc1OC,1,9,0.8990869055550039,232
CS[C@@H](Cn1nnc2cc(C#Cc3ccc(-n4ccnc4CO)cc3)ccc21)N(O)C=O,0,1,0.3548111487351675,233
CC(C)N1CCN(c2ccc(OCC3COC(Cn4cncn4)(c4ccc(Cl)cc4Cl)O3)cc2)CC1,0,8,0.6040353309015757,234
Clc1cc(Cl)c2c(SCCCCCCCNc3c4c(nc5ccccc35)CCCC4)c3c(nc2c1)CCCC3,1,1,0.9717303857033723,235
C[C@H](CC[C@H](O)C(C)(C)O)[C@H]1CC[C@@]2(C)C3=CC[C@H]4C(C)(C)[C@@H](O)CC[C@]4(C)C3=CC[C@]12C,0,9,0.13385321625266858,98
CCOc1ccc(Cc2nc3cc(C(=O)N(CC)CC)ccc3n2CCCCNc2c3c(nc4ccccc24)CCCC3)cc1,1,7,0.9871346273472047,236
CCCCC1=NC2(CCCC2)C(=O)N1Cc1cc(OC)c(OC)cc1Br,1,4,0.6820977115457955,237
CCN(CCCNC1=CC(=O)C(NCCCCCCNC(=O)CCCCC2CCSS2)=CC1=O)Cc1ccccc1OC,1,5,0.8942920926352271,238
COc1cc2cc(C(=O)CCc3cc[n+](Cc4ccccc4)cc3)sc2cc1OC,1,4,0.9604356357134107,239
COc1ccc(C(=O)c2cc(OC)c(Br)cc2OC)cc1,1,6,0.6262583127969941,131
CC(C)COc1cccc(-c2ccc3nc4c(c(N)c3c2)CCCC4)c1,1,6,0.6842860895549041,240
CN1Cc2cc(O)ccc2N(C)C1c1c(Cl)cccc1Cl,0,1,0.5109676379893486,241
Nc1c2c(nc3c1CCCC3)CCCC2,1,7,0.7395283229990602,242
NCCCCCCCCCNc1c2c(nc3ccccc13)CCCC2,1,9,0.9885781885499785,141
O=C(O)c1c(O)cccc1CCCCCCCCNc1c2c(nc3cc(Cl)ccc13)CCCC2,1,4,0.9861520868859692,32
CC1=CC2Cc3nc4cc(Cl)ccc4c(NCc4ccc(CNC(=O)c5cc(O)c6c(c5)C(=O)c5cccc(O)c5C6=O)cc4)c3C(C1)C2,1,3,0.796886489535829,243
CCc1ccc(N2C(=O)C3CN(C)C4(C(=O)c5ccccc5C4=O)C3C2=O)cc1,0,2,0.1738847627232623,244
O=C(Nc1cc(-c2cn(CCNc3c4c(nc5ccccc35)CCCC4)nn2)ccn1)Nc1cccc2c1[C@@H]1CCCCN1C2=O,1,9,0.970734733641616,245
COc1cc(NC(=O)Cn2nc(-c3ccccc3)c(-c3ccccc3)nc2=O)cc(OC)c1OC,1,9,0.8163577155946798,117
O=C1CC2CCc3ccsc3C2=NN1CCN1CCN(Cc2ccccc2)CC1,1,6,0.5718415904593882,246
CC(C)c1ccc(NC(=O)Oc2ccc3c(c2)[C@]2(C)CCN(C)C2N3Cc2ccccc2)cc1,0,5,0.7423283835296476,247
COc1cccc(CN(C)CCCCCCCOc2ccc3c(=O)c4ccccc4oc3c2)c1,0,2,0.5424806385363575,248
O=C(NCCCCCCNc1c2c(nc3cc(Cl)ccc13)CCCC2)c1c[nH]c2ccccc12,1,9,0.9984759658580412,249
CCN1CCN(C2CCN(C(=O)COc3ccc(-c4ccccc4)cc3)CC2)CC1,0,8,0.1255873595449706,250
CC(C)C1=N[C@H]2CC[C@]34C[C@]35C(=O)C[C@]3(C)[C@@H]([C@H](C)N(C)CCCN6C(=O)c7ccccc7C6=O)[C@H](O)C[C@@]3(C)[C@@H]5CC[C@H]4[C@]2(C)CS1,1,6,0.8673091747227507,251
c1ccc(CN2CCC(CCNc3cc4ccc5ccccc5c4nn3)CC2)cc1,1,1,0.8665336782003429,252
COc1ccc(CN2CCN(C(=O)/C=C/c3ccc(O)c(OC)c3)CC2)cc1,0,8,0.11786129233141066,253
COc1cc(CCc2ccc(Nc3c4c(nc5ccccc35)CCCC4)cc2)cc(OC)c1,0,5,0.9084046878696527,254
N#Cc1cc2c(cn1)[nH]c1ncc(-c3ccc(CN4CCCCC4)nc3)cc12,1,1,0.7893109754978176,255
COc1ccc(C(=O)CCC2C=CN(Cc3cccc(Cl)c3)C=C2C#N)cc1OC,1,5,0.7214572285945317,256
Cc1c(OCc2ccccc2)cccc1N1CCN(CCCCCCNc2c3c(nc4c2CCCC4)CCCC3)CC1,1,9,0.8546278889702054,257
O=C(NCCCCCNc1c2c(nc3cc(Br)ccc13)CCCC2)Oc1ccc(-c2cc3cccnc3[nH]2)cc1,1,7,0.9976117564237944,193
CCN(CC)CCCOc1ccc(C(=O)/C=C/c2ccccc2)cc1,0,6,0.07171971306540026,33
O=C1Cc2cc(OCc3ccc(F)cc3)ccc2C=C1C(=O)NCCc1c[nH]c2ccccc12,1,5,0.61893419676998,258
CN1CCC(C[C@H]2Cc3ccccc3C2=O)CC1,1,7,0.7258766195166895,259
CC(=O)c1c(-c2ccc(OCCCCCCCN(C)Cc3ccccc3)cc2)oc2ccccc12,0,4,0.3270876925126919,260
C=CCN1CC[C@@]23C=C[C@H](O)C[C@@H]2Oc2c(OC)ccc(c23)C1,1,2,0.6485668192817715,128
CCCNCC(=O)Nc1ccc2nc3n(c(=O)c2c1)CCC3,1,4,0.9009987678045943,261
COc1cc2c(cc1OC)C(=O)/C(=C/c1ccc(CN3CCN(C)CC3)c(O)c1)O2,0,10,0.5307668034345633,262
CCOc1ccc(Cc2nc3cc(C(=O)NCCCCCNc4c5c(nc6ccccc46)CCCC5)ccc3n2CCC(C)C)cc1,1,2,0.9862784393938729,263
CC(C)C1=N[C@H]2CC=C3C[C@H]4C(=O)C[C@]5(C)[C@@H]([C@H](C)N(C)C)[C@H](OC(=O)C(C)(C)C)C[C@@]5(C)[C@@H]4CC[C@H]3[C@]2(C)CO1,1,6,0.48870130225182484,51
O=c1c(NCCCCc2c3c(nc4cc(Cl)ccc24)CCCC3)c(NCCCCc2c3c(nc4ccc(Cl)cc24)CCCC3)c1=O,1,9,0.9041964603405241,264
CN1CC[C@@]2(C)c3cc(OC(=O)NCCN4CCOCC4)ccc3N(C)[C@@H]12,1,4,0.657643021557453,265
COc1cc2c(cc1OC)C(=O)C(CC1CCN(CC3CCCCC3)CC1)C2,1,8,0.8910346645609362,266
COc1ccccc1CN(C)[C@@H](C)[C@H]1[C@H](O)C[C@@]2(C)[C@@H]3CC[C@H]4[C@]5(C)CSC(C(C)C)=N[C@H]5CC[C@@]45C[C@@]35C(=O)C[C@]12C,1,7,0.9048920595151314,42
O=C1c2ccccc2C(=O)C12N1CSC[C@@H]1[C@@H](c1cccc3ccccc13)[C@@]21CSc2ccccc2C1=O,0,9,0.1522918644406482,267
COc1ccc2c(ccc[n+]2C)c1,0,9,0.3145831772255256,95
COc1ccccc1C(=O)Nc1ccc2c(c1)CN(C(=O)c1cccc(Cl)c1)C(=O)C2,1,9,0.9370582028248371,90
Cc1ccc(S(=O)(=O)SCc2ccc(C(F)(F)F)cc2)cc1,1,9,0.8612876953442414,59
COc1ccc2cc(C(=O)Nc3ccc(CN4CCN(C)CC4)c(C(F)(F)F)c3)c(=O)oc2c1,1,7,0.7043906260760721,130
CSc1nc(-c2ccc(C)cc2)nn1C(=O)N(C)C,1,3,0.8447843101407525,183
C#CCN(C)C(=O)Oc1cccc2c(CN(C)CCC3CCCCCC3)c[nH]c12,1,2,0.826348612341712,268
CNC(=O)Oc1cccc(CN(C)CCCCCCOc2ccc3c(c2)O/C(=C\c2cc(OC)c(OC)c(OC)c2)C3=O)c1,1,7,0.8325471424414352,269
Cc1ccc2[nH]cc(CCNC(=O)Oc3cccc([C@H](C)N(C)C)c3)c2c1,1,3,0.8139190910617929,270
CCN(CC)CCOc1cccc(/C=C2\COc3ccccc3C2=O)c1,0,7,0.4211594167672726,271
COc1ccc2c(c1)c1cnccc1n2CCC(=O)N1c2ccccc2Sc2ccccc21,1,3,0.5985798469673216,272
CCOC(=O)c1c(C)nc(N2CCN(S(=O)(=O)c3ccc(N)c(OC)c3)CC2)nc1-c1ccc(OC)cc1,1,9,0.9569002282003007,35
Cc1cccc(F)c1,1,4,0.7698166326698684,17
C#CCN(C)C1CCc2ccc(OC(=O)N(C)C)cc21,0,8,0.37638106886942074,2
CCN(CCCCCCN1C(=O)c2ccccc2C1=O)Cc1ccccc1OC,1,3,0.9124131280136267,273
CC12CC3CC(C)(C1)CC(N)(C3)C2,1,10,0.36644787594166245,274
Cc1ccc2nc3c(c(Nc4[nH]nc5ncccc45)c2c1)CCCC3,1,6,0.7936914374474784,275
Cc1cc(=O)[nH]c2c1C(=O)C(NCCNc1c3c(nc4ccccc14)CCCC3)=CC2=O,1,4,0.9522363113288927,276
O=C(CCC1CCN(Cc2ccccc2)CC1)c1ccc2c(c1)OCO2,1,6,0.9797774460398244,277
CC1(C)CC(=O)C2=C(C1)Oc1nc3c(c(N)c1[C@H]2c1cccc([N+](=O)[O-])c1)CCCC3,0,4,0.21242855939634395,24
O=[N+]([O-])c1ccc(NCCCCCCCCNc2ccnc3cc(C(F)(F)F)ccc23)cc1,1,1,0.9479498172745372,107
CC(=O)O[C@@H]1C[C@@]2(C)Oc3cc(C)oc(=O)c3C[C@@H]2[C@@]2(C)C=CC(=O)C(C)(C)[C@H]12,0,8,0.4242694051761985,278
C#CC1(OC[n+]2ccn(C)c2/C=N/O)CCCC1,0,10,0.05031669147515272,279
O=C(COc1ccccc1C(F)(F)F)NCCN1CCN(Cc2ccccc2)CC1,1,1,0.7973616437192319,61
COc1cc(N)c(Cl)cc1C(=O)NC1CCN(Cc2ccccc2)CC1,1,1,0.7735781923484417,280
O=C1c2ccccc2CCN1CCC1CCN(Cc2ccccc2)CC1,1,1,0.9234681851283381,281
COC(=O)c1c(CCCCCCCCNc2c3c(nc4cc(Cl)ccc24)CCCC3)cccc1OC,1,9,0.9919067327731755,32
COc1cc2c(cc1OC)C(=O)C(CC1(F)CCN(Cc3cccc(F)c3)CC1)C2,1,10,0.9450891392011552,23
Cc1cc(C2(c3cc(C)c(O)c(C)c3)CCCCC2)cc(C)c1O,0,7,0.38766357189274,282
O=C(/C=N\O)Nc1ccc[n+](CCC[n+]2cccc(NC(=O)/C=N\O)c2)c1,0,3,0.030872419901428354,283
COc1c(C(=O)CCC2CCN(CC3CCCCC3)CC2)cc(Cl)c2c1ccn2Cc1ccccc1,1,8,0.9221239598573614,284
C#CCN[C@@H]1CCc2ccc(OC(=O)N(C)CCC)cc21,0,6,0.08932924736890206,2
O=C(c1cccc(Cl)c1Cl)n1nc(OCCCN2CCCCC2)c2ccccc21,0,10,0.3798141959527445,285
COc1cccc2c1C=[N+](c1ccc(Cl)cc1)CC2,1,2,0.8287488997526199,286
CN1CCCc2ccc(C(=O)CCC3CCN(Cc4ccccc4)CC3)cc21,1,7,0.9837889254527648,287
CN1c2ccccc2C(n2cnc([N+](=O)[O-])n2)c2ccccc21,0,4,0.42816444494728007,288
CN(CCCCCN1C(=O)c2ccccc2C1=O)Cc1ccccc1F,1,10,0.8838076202890117,289
Nc1c2c(nc3cccc(F)c13)OCCC2,1,2,0.8581749015777016,96
COc1ccc2c(c1)[nH]c1c(C)nccc12,0,7,0.3228034460718816,64
COc1c(C(=O)CCC2CCN(Cc3ccccc3)CC2)cc(Cl)c2[nH]ccc12,1,10,0.9149485709199752,290
CN(Cc1ccccc1)Cc1ccc(C(=O)c2ccc(NC(=O)CN3CCCCC3)cc2)cc1,1,8,0.8331320689393998,291
Cc1ccc(C2NC(=S)Nc3nc4c(c(N)c32)CCCC4)cc1,0,2,0.34086787948556657,66
CN[C@@H](C)C1=CC[C@H]2[C@@H]3CC=C4C[C@@H](OC)CC[C@]4(C)[C@H]3CC[C@]12C,0,3,0.20767716490964624,292
Clc1ccc(COC(Cn2ccnc2)c2ccc(Cl)cc2Cl)c(Cl)c1,0,10,0.4161251004779775,293
CCCCCCCNC(=O)Oc1cccc(CN(CCCOc2ccc3c(=O)c4ccccc4oc3c2)C(C)C)c1,1,7,0.9896776174284688,77
CCCCNCC(=O)Nc1ccc2nc3n(c(=O)c2c1)CCC3,1,10,0.8961718038065988,261
COc1ccc(C2CC(c3ccc(Cl)cc3)=NN2c2ccc(S(N)(=O)=O)cc2)c(OC)c1,1,6,0.9428184682454496,16
O=C(/C=N\O)Nc1ccc[n+](CCCCCCC[n+]2cccc(NC(=O)/C=N\O)c2)c1,0,6,0.09631933812993741,294
CCCCOc1ccc(C(=O)CCN2CCCCC2)cc1,1,2,0.5011392242677539,295
CCN(CCCCCCNC1=C(c2ccccc2)C(=O)C(NCCCCCCN(CC)Cc2ccccc2OC)=C(c2ccccc2)C1=O)Cc1ccccc1OC,1,3,0.7916110312425879,296
Cc1cc(C)c(S(=O)(=O)Nc2ccc(C3C4=C(CC(C)(C)CC4=O)N(c4ccc(Br)cc4)C4=C3C(=O)CC(C)(C)C4)cc2)c(C)c1,1,5,0.5938563243840456,297
COc1cccc2cc(CNCCCCCCNc3c4c(nc5ccccc35)CCCC4)oc12,1,4,0.9917862984370699,298
O=C(CCc1c[nH]c2ccccc12)NCCCCCCCCNc1c2c(nc3cc(Cl)ccc13)CCCC2,1,1,0.9997490611761659,299
COc1cc2c(cc1OC)CC(CC1CCN(CCCNc3c4c(nc5cc(Cl)ccc35)CC3C=C(C)CC4C3)CC1)C2,1,2,0.9794200024073263,300
CCOC(=O)c1ccc2nc(-c3cccnc3)c3c(c2c1)NCCC3,0,2,0.4278411479732635,301
CCN(CC)CCCCCCOc1ccc(C(=O)c2ccc(CN(C)Cc3ccccc3)cc2)cc1,1,5,0.9117758456152881,302
COc1cc(/C=C/C(=O)N(Cc2cccc3[nH]c4ccccc4c23)C(C)C)ccc1O,0,9,0.42802541196697563,303
COc1ccc(/C=C2\COc3cc(OCCCCCCNc4c5c(nc6ccccc46)CCCC5)ccc3C2=O)cc1,1,3,0.982616553711464,304
C[Si](C)(C)c1c([Si](C)(C)C)c(=P(c2ccccc2)(c2ccccc2)c2ccccc2)c1=O,1,7,0.6188082256320567,305
O=C1c2ccccc2C(=O)N1CCCCCCCCNCc1ccccc1,1,8,0.9595052460897529,306
Cc1ccc(S(=O)(=O)SCc2ccc(Cl)cc2)cc1,1,3,0.9064656064748685,59
CC(=O)N1CCN(c2nccc(NC(c3ccccc3)c3ccccc3)n2)CC1,0,4,0.1597513577582012,307
COc1cc2oc(-c3ccc(NCCCCNc4c5c(nc6cc(Cl)ccc46)CCCC5)cc3)cc(=O)c2c(OC)c1OC,1,3,0.9962807594763179,308
CCCCCCCNC(=O)Oc1ccc2c(c1)C1CCN(CCC)C1C2,1,10,0.9412241393409132,309
CCC1=CC2Cc3nc4cccc(Cl)c4c(N)c3C(C1)C2,1,4,0.8772902010851982,114
COc1cc2c(cc1O)C(Cc1ccc(O)c(Oc3cc(CC4c5cc(O)c(OC)cc5CCN4C)ccc3OC)c1)N(C)CC2,0,10,0.3743041332715281,310
CCN(CC)C(C)CN1c2ccccc2Sc2ccccc21,1,3,0.4090671210073691,311
COc1ccccc1C(=O)N1Cc2cc(NC(=O)c3ccccc3)ccc2CC1=O,1,1,0.9521002629739532,90
CCOC(=O)C1=C(C)Oc2nc3c(c(N)c2[C@H]1c1cccc(OC)c1)CCC3,0,8,0.30599429344944,312
O=[N+]([O-])c1ccc2nc3c(c(Nc4[nH]nc5ncccc45)c2c1)CCCC3,1,3,0.8112933367764329,275
COc1cc(/C=C/C(=O)NCCC2CCN(Cc3ccccc3)CC2)ccc1OC(C)=O,1,6,0.8670824032863974,50
CCC1C/C(=C\c2cc(OC)c(OC)c(OC)c2Br)C(=O)c2ccccc21,1,6,0.5426295052612833,313
O=C1CC(c2ccc(OCCCCN3CCc4ccccc4C3)cc2)Oc2cc(OCCCCN3CCc4ccccc4C3)cc(O)c21,0,7,0.4490320090429082,314
N#CC(C#N)c1nc2ccccc2n1CCNCc1ccc(CN2CCCCC2)o1,1,5,0.7948423082231252,315
CNC(=O)c1sc(-c2ccnc(NC(=O)C3CC3)c2)nc1OCC1CCN(Cc2ccc(F)c(F)c2)CC1,0,5,0.2496995661933858,214
O=C1CC(c2ccc(OCCCCN3CCN(Cc4ccccc4)CC3)cc2)Oc2cc(OCCCCN3CCN(Cc4ccccc4)CC3)cc(O)c21,0,9,0.44177186980890376,316
O=[N+]([O-])c1ccc(-c2nnc(N3CCN(c4ccccn4)CC3)o2)cc1,1,10,0.8111217481840004,317
CCN(CCCCCC(=O)N(C)CCCCCCCCN(C)C(=O)CCCCCN(CC)Cc1ccccc1Cl)Cc1ccccc1Cl,1,10,0.9052339559807299,318
Cc1c(C)c2c(c(C)c1O)CCC(C)(C(=O)NCCCCCCCNc1c3c(nc4cc(Cl)ccc14)CCCC3)O2,1,2,0.9497102948876133,319
c1cnc2nc3c(c(NCCCCCCCNc4c5c(nc6ncccc46)CCCC5)c2c1)CCCC3,1,5,0.9499351799836914,320
Cn1cc[n+](COCc2ccccc2)c1/C=N/O,0,1,0.059415591163237844,321
C[C@@H](c1cccc(OC(=O)NCCCNc2c3c(nc4ccccc24)CCCC3)c1)N(C)C,1,8,0.9899572467055153,322
COc1ccc(-c2cc(-c3ccc(Br)cc3)nc3[nH]nc(N)c23)cc1OC,1,8,0.8328675590415049,104
Clc1ccc2c(NCCCNCCCCCCOc3cccc4[nH]c5ccccc5c34)c3c(nc2c1)CCCC3,1,3,0.9973632034211293,323
CCOC(=O)C1=C(C)Oc2nc3c(c(N)c2[C@H]1c1cccc(OC)c1)CCCCC3,0,2,0.22185579910700098,324
COc1cc2c(cc1OC)C(Cc1ccc(OCCCCCCN3CCOCC3)cc1)NCC2,0,4,0.42886533789351516,325
O=C1C=C(NCCCNCc2ccc(-c3nc4ccccc4s3)cc2)C(=O)C=C1NCCCNCc1ccc(-c2nc3ccccc3s2)cc1,0,5,0.6315173378259534,326
COc1ccc(COc2nn(CCN(C(C)C)C(C)C)c3ccc([N+](=O)[O-])cc23)cc1,0,6,0.6971106797080139,327
O=C(CCc1cc[n+](Cc2ccccc2)cc1)c1ccc2c(c1)OCO2,1,9,0.726229205771651,328
O=C(CCC1CCN(Cc2cccc([N+](=O)[O-])c2)CC1)c1cc2c3c(ccn3C(=O)CC2)c1,1,6,0.9607552435626301,178
Cc1ccc(C(C)C)cc1OCC(O)CNCc1cccnc1,1,4,0.568126166392909,329
COc1cc2oc(-c3ccc(NCCNc4c5c(nc6cc(Cl)ccc46)CCCC5)cc3)cc(=O)c2c(OC)c1OC,1,10,0.94740672691999,330
c1ccc2c(c1)ccc[n+]2CCCCCC[n+]1cccc2ccccc21,0,7,0.6097393313525413,331
COc1cccc(CCCCCCCCNc2c3c(nc4ccccc24)CCCC3)c1,1,6,0.948749836609887,32
COc1cc(CCc2ccc(Nc3c4c(nc5cc(Cl)ccc35)CCCC4)cc2)cc(OC)c1,1,1,0.6928895731273221,254
c1ccc(-c2cnc(NCN3CCCCC3)nn2)cc1,0,7,0.11999847415440111,332
COc1ccc2nc3c(c(NCCCCCCCCN(CC(=O)Nc4ccc5ccccc5c4)C(=O)/C=C/c4ccc(O)c(OC)c4)c2c1)CCCC3,1,2,0.7526481698505149,333
CN(C)Cc1ccc(CSCCCCCCCCSCc2ccc(CN(C)C)o2)o1,1,5,0.9501681501657671,334
CN1C[C@@H](c2ccc(Br)cc2)[C@@]2(CSc3ccccc3C2=O)C12C(=O)c1ccccc1C2=O,0,3,0.027221944469578777,335
O=c1ccoc2ccc(OCCCCCN3CCOCC3)cc12,0,5,0.5334872746854774,336
c1ccc2c(NCCCCSc3c4c(nc5ccccc35)CCCC4)c3c(nc2c1)CCCC3,1,5,0.9910231368451936,337
CC[N+](C)(CCCCCC(=O)N(C)CCCCCCCCN(C)C(=O)CCCCC[N+](C)(CC)Cc1ccccc1)Cc1ccccc1,1,3,0.8389139311221085,191
C[C@@H]1CC[C@]2(C(=O)O)CC[C@]3(C)C(=CC[C@@H]4[C@@]5(C)C(C=O)=C[C@@](C)(COC(=O)c6ccc(F)cc6)[C@@H]5CC[C@]43C)[C@@H]2[C@]1(C)O,0,8,0.2071480969441327,338
C#CC1CCCCC1OC[n+]1ccn(C)c1/C=N/O,0,1,0.04558660305351787,339
CCN(CCCCCCNC1=CC(=O)C(OC)=CC1=O)Cc1ccccc1OC,1,9,0.8669133361133362,125
NC(=O)c1cc2c(cn1)[nH]c1ncc(-c3ccc(CN4CCCCC4)cc3)cc12,1,7,0.8040218006045127,340
c1ncc(-c2cc3c(cn2)[nH]c2ncc(-c4ccc(CN5CCCCC5)cc4)cc23)cn1,1,1,0.9403797751616533,341
c1ccc2c(NCCCCCCCNc3c4c(nc5ccccc35)CCC4)c3c(nc2c1)CCC3,1,2,0.997909297576388,342
Nc1c2c(nc3ccc(-c4cncnc4)cc13)CCCC2,1,8,0.851308752611381,343
CN(Cc1ccc(COc2ccc3c(CO)cc(=O)oc3c2)cc1)Cc1ccco1,1,1,0.8218861444841185,344
O=C1c2ccc([N+](=O)[O-])cc2C(=O)N1CCC1CCN(Cc2ccc(Cl)cc2)CC1,1,7,0.9173669893189691,345
COc1cc2c(cc1OC)C(c1ccccc1)N(CCCCCCc1cc(C)nc(/C=N/O)c1O)CC2,0,5,0.14300329704250805,346
COc1cccc2cc[n+](-c3ccc(Cl)cc3)cc12,1,1,0.8820196071748679,189
CNC(=O)c1sc(-c2ccnc(NC(=O)C3CC3)c2)nc1OCCOCc1cn(CCNc2c3c(nc4ccccc24)CCCC3)nn1,1,9,0.9800732235953437,347
COc1cc2c(cc1OC)C(=O)C(CCCCCCCc1cccc(OC)[n+]1C)C2,1,8,0.9411369425192104,348
Clc1ccc(CNC2CCN(Cc3ccccc3)C2)cc1,1,7,0.8422060654789777,110
c1ccc2c(NCCCCCCN3CCOCC3)c3c(nc2c1)CCCC3,1,4,0.9996091566542773,349
C/C=C1\[C@H]2C=C(C)C[C@]1(/N=C/c1ccc(N(C)C)cc1)c1ccc(=O)[nH]c1C2,1,2,0.8738622996895172,350
Cc1ccc(C(=O)OC(C(=O)O)C(OC(=O)c2ccc(C)cc2)C(=O)O)cc1,1,7,0.4003134797272802,351
COc1cccc(CCc2cccc(OC)[n+]2C)[n+]1C,1,7,0.4874855425157268,352
Clc1ccc2c(NCCCNCCCCOc3cccc4[nH]c5ccccc5c34)c3c(nc2c1)CCCC3,1,10,0.9942670824890164,353
CCCCCCCNc1c2c(nc3cc(F)ccc13)CCCC2,1,7,0.9298599616359028,141
Clc1ccc([C@@H]2CC(c3c4ccccc4cc4ccccc34)=NN2)cc1,1,4,0.8157004119240073,354
COc1ccc(-c2cc(-c3ccccc3)nc3[nH]nc(N)c23)cc1,0,9,0.6398246860619523,104
C[C@@H]1CC[C@]2(C(=O)NCc3ccc(Cl)cc3)CC[C@]3(C)C(=CC[C@@H]4[C@@]5(C)C[C@@H](O)[C@H](O)[C@@](C)(CO)[C@@H]5CC[C@]43C)[C@@H]2[C@]1(C)O,0,1,0.052162583671740696,355
Nc1c2c(nc3ccccc13)-c1ccccc1C2,1,8,0.25539146683750774,356
COc1ccc2c(c1)CCCc1c-2nc2ccccc2c1N,0,2,0.3240887238135506,357
CNC(=O)Oc1ccc2c(c1)[C@]1(C)CCN(C)O[C@@H]1N2C,1,1,0.9022929136011187,358
C/C=C1\C2C=C(C)C[C@]1(N)CC(NCCCCCCCNc1c3c(nc4ccccc14)CCCC3)C2,1,6,0.9864153721396964,359
COc1ccc2c(c1)C/C(=C\C1CCN(Cc3ccccc3)CC1)C2=O,1,10,0.6887488294406486,360
Cc1ccc(/C=C2\CN(C(=O)C[C@H]3C[C@H]4CCCN4[C@]34C(=O)Nc3ccccc34)C/C(=C\c3ccc(C)cc3)C2=O)cc1,0,1,0.0417185574469656,54
c1ccc2c(NCCCCCCCCSc3c4c(nc5ccccc35)CCCC4)c3c(nc2c1)CCCC3,1,6,0.9986023997116227,361
CN(CCOCCNC(=S)NC(=O)c1ccc2ccccc2c1)Cc1ccccc1,1,2,0.863121751817454,362
O=[N+]([O-])c1ccc(/C=N/C2CCN(Cc3ccccc3)CC2)cc1,1,5,0.7119980564253868,151
CC[N+](CC)(CCCCCn1c(C)cc(=O)n(CCCCC[N+](CC)(CC)Cc2ccccc2)c1=O)Cc1ccccc1,1,6,0.8146920041158193,363
Cc1ccc2nc3c(c(N4CCN(C)CC4)c2c1)CCCC3,1,4,0.7689373177668396,3
COc1cc2c(cc1OC)C(=O)/C(=C/c1cc[n+](Cc3ccc(Br)cc3)cc1)C2,1,4,0.9792174637504011,200
CC1=C[C@@H]2Cc3nc4cc(F)ccc4c(N)c3[C@H](C1)C2,1,10,0.7039448059463609,114
c1ccc2oc(CNCCCCCCCNc3c4c(nc5ccccc35)CCC4)cc2c1,1,10,0.9974895394265777,364
O=C(CCc1c[nH]c2ccccc12)NCCCCCCNc1c2c(nc3cc(Cl)ccc13)CCCC2,1,6,1.0,365
O=C(CCC1CCN(Cc2ccccc2)CC1)c1ccc2[nH]ccc2c1,1,8,0.931295528120561,290
CC(=O)NCCc1c[nH]c2ccc(OC(=O)NCCCCCCCCCCCCNc3c4c(nc5ccccc35)CCCC4)cc12,1,4,0.9976489056778348,366
NC(=O)c1cc[n+](CCC[n+]2ccc(/C=N/O)c(F)c2)cc1,0,9,0.01916619902225363,283
COc1cc2c(cc1OC)C(=O)C(Oc1ccc(C(C)N3CCOCC3)cc1)C2,1,2,0.8796548856551398,367
COc1ccc2[nH]cc(CCNC(=O)CCc3cc[n+](Cc4ccccc4F)cc3)c2c1,1,4,0.8646838572780197,368
COC(=O)/C=C/C(=O)Nc1cccc(OCCCCSC(=S)N2CCCCC2)c1,1,7,0.6865136504652003,369
CN(CCCOc1ccc2ccc(=O)oc2c1)Cc1cccc(OC(=O)NCCCCCCc2ccccc2)c1,1,2,0.9852718435100004,370
COc1cc2c(cc1OC)C(c1ccccc1)N(CCCCCCc1ccc(O)c(/C=N/O)n1)CC2,0,2,0.05140621297416481,371
FC(F)(F)c1ccc2c(NCCCCCCCCNc3ccccc3Cl)ccnc2c1,1,4,0.936560949226934,107
CCN(C)Cc1cccc(CC2Cc3cc(OC)c(OC)cc3C2=O)c1,1,6,0.9519992083491629,372
COc1ccc2c(c1)CCC(Cc1cc[n+](Cc3cccc(C)c3)cc1Br)C2=O,1,5,0.861539588488915,150
c1ccc2c(NCCCCCCCNc3c4c(nc5ccccc35)CCCC4)ccnc2c1,1,10,0.989813668716282,373
CC1=CC2Cc3nc4ccccc4c(NCCCCCCCCCCCCNc4c5c(nc6ccccc46)CCCC5)c3C(C1)C2,1,7,0.9928967083488143,374
O=C(NCCCCCCCNc1c2c(nc3ccccc13)CCCC2)c1cc2cc(OC(F)(F)F)ccc2oc1=O,1,2,0.9962511151755704,375
O=C1c2ccccc2C(=O)N1CCC1CCN(Cc2ccccc2)CC1,1,2,0.9793479792326149,345
O=C(NO)c1ccc(Nc2ccnc3ccccc23)cc1,1,6,0.5355563367648999,376
O=C1C(NCCCNc2c3c(nc4cc(Cl)ccc24)CCCC3)=CC(=O)c2c(O)cccc21,1,1,0.9941716045053228,377
CC(C)Cc1ccc(/C=C2\Oc3ccccc3C2=O)cc1,1,3,0.5066401181898637,106
CCN1CC[C@@]2(C)c3cc(OC(=O)NC(C)(C)C)ccc3C[C@@H]12,0,1,0.7523153153612676,309
c1ccc2c(NCCCCCSSCCCCCNc3c4c(nc5ccccc35)CCCC4)c3c(nc2c1)CCCC3,1,7,0.9966666666666667,378
N#Cc1cccnc1N1CCN(c2cc(Oc3cccc4cccnc34)ncn2)CC1,1,9,0.6241843116700672,379
C[N+](C)(C)c1cccc(O)c1,1,3,0.5186203489972877,17
COc1ccc2cc([C@H](C)C(=O)N/N=C3\c4cc(OC)c(OC)cc4CC3CC3CCN(Cc4ccccc4)CC3)ccc2c1,1,5,0.7947717810328647,380
COc1cc2c(cc1OC)C(=O)C(CC1CCN(Cc3cccc(Cl)c3)CC1)C2,1,7,0.9189075255004332,23
COc1cccc2cc(C(=O)NCCCCCCNc3c4c(nc5ccccc35)CCCCC4)oc12,1,9,0.9984759658580412,381
COc1ccc(/C=C/C(=O)Nc2cc[n+](Cc3ccc(F)cc3)cc2)cc1OC,1,3,0.5075436929755782,382
O=C1CN(CCN2CCOCC2)C(=O)CN1CCC(c1ccccc1)c1ccccc1,0,1,0.36583699164795164,383
CC1=CC2Cc3nc4cc(Cl)ccc4c(NCCCCCCCCCCCNC(=O)c4cc(O)c5c(c4)C(=O)c4cccc(O)c4C5=O)c3C(C1)C2,1,2,0.9805515963725357,384
Cc1ccccc1C,1,6,0.6491622868574566,17
OCCN1CCN(c2nccc(NCc3ccccc3)n2)CC1,0,6,0.07541863411109916,385
Cc1ccc(Nc2nccc(N(C)c3ccc4c(C)n(C)nc4c3)n2)cc1S(N)(=O)=O,1,4,0.6713737360768232,386
CN(C)c1ccc(C(=O)NCCCCCCCNc2c3c(nc4ccccc24)CCCC3)cc1,1,9,0.9977958803929406,387
c1ccc2c(NCCCCCCNc3c4c(nc5ncccc35)CCCCC4)c3c(nc2c1)CCCCC3,1,2,0.9904302473875691,388
COc1ccc(C2CC(c3ccc(Br)cc3)=NN2c2ccc(S(N)(=O)=O)cc2)c(OC)c1,1,6,0.9376550228942397,16
O=C(CCC1CCN(Cc2cccc([N+](=O)[O-])c2)CC1)c1ccc2c(c1)NCCCC2,1,3,0.8771579799268129,55
Nc1c2c(nc3nc(-c4ccccc4)cc(C(F)(F)F)c13)-c1ccccc1CC2,0,2,0.4753516659593416,389
CC(C)C1CCN(c2nccc(NC(c3ccccc3)c3ccccc3)n2)CC1,0,3,0.0782730783322159,390
Cc1ccc(C)c(NC(=O)Oc2ccc3c(c2)[C@]2(C)CCN(C)[C@@H]2N3C)c1,1,3,0.951654014556399,44
O=C(NC1CCN(Cc2ccccc2)CC1)c1cncc(NC(=O)c2ccnc3[nH]ccc23)c1,1,2,0.7850366426624957,391
CCCCNC(=O)Oc1ccc2c(c1)[C@]1(C)CCN(C)C1N2C,1,2,0.6875934242382207,37
CCOC(=O)C1=C(C)Nc2nc3c(c(N)c2[C@H]1c1cccc([N+](=O)[O-])c1)CCCC3,1,5,0.9221552639953793,1
CC(=O)O[C@H]1C=C2CCN3Cc4cc5c(cc4[C@H]([C@@H]1OC(=O)c1ccccc1)[C@@H]23)OCO5,1,3,0.6299556075251428,392
COc1cc(NC(=O)Cn2nc(-c3ccccc3)c(-c3ccccc3)nc2=O)cc(OC)c1,1,10,0.8832187692012338,117
COc1ccccc1C(=O)CCC1CCN(CC2CCCCC2)CC1,1,3,0.9058754940408174,31
C[N+]1(Cc2ccccc2)CCC(CCC(=O)c2ccc3c(c2)OCCO3)CC1,1,8,0.9205376762860416,393
O=C(NCCCCCNc1c2c(nc3cc(Cl)ccc13)CCCC2)Oc1ccc(-c2cc3cccnc3[nH]2)cc1,1,9,0.9956932323401494,193
CNC(=O)Oc1ccc2c(c1)[C@]1(C)CC[N@@+](C)([O-])[C@@H]1N2C,1,8,0.8992333711975937,394
O=c1[nH]c(CNCCC2CCN(Cc3ccccc3)CC2)nc2c1cnn2C1CCCC1,1,4,0.8982743584773959,395
N#Cc1cc(C#N)c(NCCCC2CCN(Cc3ccccc3)CC2)nc1Cl,1,9,0.9351788383394046,396
CN1CC2C(=O)N(c3cccc(F)c3)C(=O)C2C12C(=O)c1ccccc1C2=O,0,2,0.20635614115275125,244
COc1cccc2cc[n+](-c3ccc(Br)cc3Br)cc12,1,1,0.8478812933461619,189
CCCCOc1cc(-c2nc(C)no2)ccc1N,1,6,0.6048973149727371,397
c1ccc2c(c1)Cc1c-2nc2ccccc2c1NCCCCCCCNc1c2c(nc3ccccc13)CCCC2,1,10,0.990444740919566,123
CCCCOC(=O)CC[C@@H](C)[C@H]1CC[C@@]2(C)C3=C(C(=O)C[C@]12C)[C@@]1(C)CC[C@H](O)C(C)(C)[C@@H]1C[C@@H]3O,0,8,0.2803532933224063,398
Cc1c(C)c2c(c(C)c1O)CCC(C)(C(=O)NCCCNc1c3c(nc4ccccc14)CCCC3)O2,1,8,0.9426506812140385,399
CCCCCCCCCCCC1=C(O)C(=O)C=C(NCCC2CCN(Cc3ccccc3)CC2)C1=O,1,2,0.8879801875480063,400
CCCN(CCC)CCOc1ccc(C(=O)/C=C/c2ccccc2)cc1,0,6,0.0841509894546634,33
N[C@@H](Cc1c[nH]c2ccccc12)C(=O)NCCCCCNc1c2c(nc3ccccc13)CCCC2,1,4,0.9552184348665413,401
COc1cc2oc(C(=O)OCCC3CCN(Cc4ccccc4)CC3)cc(=O)c2cc1OC,1,3,0.9607168381288548,402
COC(=O)/C=C/c1ccc(OCCCCCN2CCN(CC(=O)Nc3c4c(nc5ccccc35)CCCC4)CC2)c(OC)c1,1,2,0.7286618492015484,403
CCC(=O)Oc1ccc(C)c([N+](C)(C)C)c1,0,3,0.4667882408609762,17
CS(=O)(=O)Nc1ccc2c(CCC3CCN(Cc4ccccc4)CC3)noc2c1,1,6,0.9394197899612402,231
COc1cc2c(cc1O)C(=O)C(Cc1cc[n+](Cc3cccc(Cl)c3)cc1C(C)=O)C2,1,5,0.8717749232169593,404
COC(=O)C1=C(C)O[P@@](=O)(OC)CC[C@H]1COCc1ccccc1,0,1,0.49167899262207365,405
COc1cc2cc(C(=O)C=C3CC[N+](C)(Cc4ccccc4)CC3)sc2cc1OC,1,3,0.8004659973755586,406
COc1cc2c(cc1OC)C(=O)C(Cc1cc[n+](Cc3ccccc3C)cc1C(C)=O)C2,1,7,0.9889644675252943,404
CC1=CC2Cc3nc4[nH]ncc4c(N)c3C(C1)C2,0,6,0.5124995823610683,407
c1ccc2c(NCCCCCCCNc3ccncc3)c3c(nc2c1)CCCC3,1,10,0.998036266142722,408
Cc1ccc(NCC[C@@H]2CCCN3CCCC[C@H]23)c2c(=O)c3ccccc3oc12,1,5,0.5786398961057158,409
COc1ccc2nc3c(c(NCCCCCNC(=S)N[C@]45CC6C[C@@H](C[C@@H](C6)C4)C5)c2c1)CCCC3,1,8,0.6688294105600211,410
CC(C)=CCc1c(O)cc(O)c2c1O[C@H](c1ccccc1)CC2=O,1,3,0.23406031079867176,411
CCN(CC)c1ccc(/C=C2\Cc3cc(OC)c(OCCN4CCCCC4)cc3C2=O)cc1,1,3,0.9547623599120489,412
CCN(CCCCCC=Nc1cc(O)c(C)c(C)c1O)Cc1ccccc1OC,1,8,0.8517580181027179,413
NC(=O)c1sc(-c2ccnc(NC(=O)C3CC3)c2)nc1OCCC1CCN(Cc2ccc(F)c(F)c2)CC1,0,2,0.5029370992136103,414
Cc1cccc(C[n+]2ccc(COc3ccc4c(C)cc(=O)oc4c3)cc2)c1,1,8,0.9367273668339423,175
CC1=C[C@H]2Cc3nc4cc(Cl)ccc4c(NCCCCCCCNc4c5c(nc6ccccc46)CCCC5)c3[C@@H](C1)C2,1,2,0.9998537576678848,415
Nc1c2c(nc3nc(-c4ccccc4)cc(C(F)(F)F)c13)-c1ccccc1C2,0,2,0.5315721117596107,416
Nc1c2c(nc3c(Cl)cc(Cl)cc13)CCC2,0,8,0.5865107260244369,417
Clc1ccc2c(Nc3ccccc3)c3c(nc2c1)CCCC3,1,4,0.8723336850275111,418
O=C(O[C@H]1[C@H]2c3cc4c(cc3CN3CCC(=C[C@@H]1O)[C@H]23)OCO4)c1ccccc1,1,8,0.5937266455119085,392
CCOC(=O)C1=C(C)Nc2nc3c(c(N)c2C1c1ccccc1OC)CC(C)CC3,1,2,0.8536675883653813,1
COc1cc(/C=C/C(=O)NCC(=O)Nc2cccc(Br)c2)ccc1O,0,10,0.06962467260263704,143
Fc1ccc(CN2CCC(Nc3nc(-c4ccc(Cl)cc4)c(-c4ccc(Cl)cc4)s3)CC2)c(Cl)c1,1,10,0.8482904131803355,118
CN(C)Cc1ccc(CSCCCCCSCc2ccc(CN(C)C)o2)o1,1,6,0.921645586272107,419
COc1cc2c(cc1OC)C(=O)C(CC1(F)CCN(Cc3ccccc3F)CC1)C2,1,1,0.9450206359162234,23
CC1=C(NC2CCN(Cc3ccccc3)CC2)C(=O)c2ccccc2C1=O,0,4,0.6269601910960834,420
CCOC(OCC)c1ccc(/C=C2\CNC/C(=C\c3ccc(C(OCC)OCC)cc3)C2=O)cc1,1,9,0.2935954335908434,421
COc1cc2c(cc1OC)C(=O)C(Cc1cccc(CN3CCCCC3)c1)C2,1,5,0.9684018746017131,422
Fc1ccc(C[n+]2ccc(CCNc3nc4ccc(F)cc4s3)cc2)cc1,1,6,0.823138950061272,423
CCCCNC(=O)Oc1cccc(CN(CCCOc2ccc3c(=O)c4ccccc4oc3c2)C(C)C)c1,1,1,0.9856900975763949,77
N#CC(C#N)=C1NCCN1CCNCc1ccc(CN2CCCC(O)C2)o1,1,6,0.7935793380601566,424
CCOC(=O)c1c(C)nc2nc3c(c(N)c2c1-c1ccc(F)cc1)CCCC3,1,3,0.20363526625722692,425
O=C1c2ccccc2C(=O)C12N1CSC[C@@H]1[C@@H](c1ccc(Cl)cc1)[C@@]21CSc2ccccc2C1=O,0,6,0.025104707788824746,426
CC(=O)c1cccc(N/C=C/C(=O)c2cc3ccccc3o2)c1,1,8,0.8009733948028522,195
COc1cc2c(cc1O)CCC(C)(CC(=O)NCCCCCCCCCNc1c3c(nc4ccccc14)CCCC3)O2,1,5,0.9938165523554822,427
COc1cc(/C=C/C(=O)N2CCC(Cc3ccccc3)CC2)ccc1OC(=O)N(C)C,0,6,0.12125786355410191,428
O=C1/C(=C/c2ccc(Br)cc2)CN(Cc2ccc3ccccc3c2)C/C1=C\c1ccc(Br)cc1,1,7,0.4681808278109288,429
COc1ccc(C(=O)CCc2cc[n+](Cc3cccc(Cl)c3)cc2C(C)=O)cc1OC,1,9,0.8886888638912721,430
COc1cc(/C=C/C(=O)NCCCCCCNc2c3c(nc4ccccc24)CCCC3)cc(OC)c1OCc1nc(C)c(C)nc1C,1,2,0.9679799247416495,431
COc1cc(N)c(Cl)cc1C(=O)CCC1CCN(CC2CC2)CC1,1,8,0.9797173708807577,432
O=C1/C(=C/c2ccccc2F)CN(C(=O)[C@H]2C[C@H]3CCCN3[C@]23C(=O)Nc2cc(Cl)ccc23)C/C1=C\c1ccccc1F,0,5,0.059051023182159185,433
O=C1CCN(Cc2ccccc2)C/C1=C\c1cn(C(=O)c2ccc(Cl)cc2)c2ccccc12,0,8,0.10811671358302424,434
COc1ccc2nc(NCCc3cc[n+](Cc4ccc(F)cc4)cc3)sc2c1,1,5,0.9085324886660265,423
Fc1cccc(CNCCCCCCCCNc2ccnc3cc(Cl)ccc23)c1,1,5,0.9373769109091014,71
Cc1cc(=O)oc2cc(OCc3cc[n+](Cc4cccc(Br)c4)cc3)ccc12,1,3,0.956634879712441,175
Oc1ccc(CNc2c3c(nc4ccccc24)CCCC3)cc1O,1,4,0.87272309193945,435
O=S(=O)(c1ccccc1)n1ccc2c(N3CCN(CCCNc4c5c(nc6ccccc46)CCCC5)CC3)cccc21,1,2,0.9945487625406693,436
COc1cc([C@H]2OC[C@H]3[C@@H]2CO[C@@H]3c2cc(OC)c3c(c2)OCO3)cc(OC)c1OC,1,10,0.5173460475539078,437
O=C(CCCCCNc1c2c(nc3ccccc13)CCCC2)NCCc1c[nH]c2ccc(O)cc12,1,7,0.9913933560309073,438
O=C(COc1ccc(Cl)cc1[N+](=O)[O-])NCCN1CCN(Cc2ccccc2)CC1,1,6,0.8715019560108984,61
COc1cc2c(cc1OC)C(=O)C(CC1CCN(Cc3ccc4cccc(O)c4n3)CC1)C2,0,8,0.6624346573321233,439
FC(F)(F)c1ccc(CN2CCN(c3nccc(NCc4ccccc4)n3)CC2)cc1,0,4,0.19417253164400514,440
CN(C)C(=O)Oc1cccc2c1cc(C(=O)Nc1ccccc1)c[n+]2C,1,7,0.8251154284200923,441
CCN(CC)CCCOc1ccc(C(=O)c2ccc(CN(C)Cc3ccccc3)cc2)cc1,1,7,0.8750132071054755,302
O=[N+]([O-])C1C(Cc2c[nH]cn2)NC2(c3ccccc3-c3nc4ccccc4nc32)C1c1ccco1,0,1,0.143197185193757,442
COc1ccccc1CN(C)CCCCOc1ccc(-c2cc(=O)c3c(OC)c(OC)c(OC)cc3o2)cc1,1,8,0.8626878926798264,443
COc1cc2c(cc1O)C(=O)C(CC1CCN(Cc3ccccc3)CC1)C2,1,3,0.8452802759553573,23
O=C(CCC1CCN(Cc2ccccc2F)CC1)c1ccc2c(c1)NCCCC2,1,2,0.9253170321801989,55
O=C(CCCCCCNc1c2c(nc3cc(Cl)ccc13)CCCC2)NCCc1c[nH]c2ccccc12,1,5,0.9998067168219772,444
CN(C)CCCOc1cccc(/C=C2\COc3ccccc3C2=O)c1,0,6,0.4458500166301706,271
c1ccc2c(NCCc3ccc(CCNc4c5c(nc6ccccc46)CCCC5)cc3)c3c(nc2c1)CCCC3,1,7,0.9849961342517224,445
CCCCCCCNc1c2c(nc3ccc(C)cc13)CCCC2,1,2,0.8549795751506312,141
CCN(CCCCCCn1c(=O)c(=O)n(CCCCCCN(CC)Cc2ccccc2OC)c2ccccc21)Cc1ccccc1OC,1,8,0.9308358142004037,446
CC1=CC2Cc3nc4cc(Cl)ccc4c(NCCCN(C)CCCNc4c5c(nc6cc(Cl)ccc46)CCCC5)c3C(C1)C2,1,8,0.9945083515129223,447
O=C1C=C(NCCCCCCNCc2ccc(-c3nc4ccccc4s3)cc2)C(=O)C=C1NCCCCCCNCc1ccc(-c2nc3ccccc3s2)cc1,1,6,0.4074121080651669,448
CCCCCCCNC(=O)Oc1ccc(Cc2nc3cc(C(=O)N4CCCCC4)ccc3n2CCC(C)C)cc1,1,9,0.7971299482379562,449
C#CCN(Cc1ccc2cccc(O)c2n1)C(C#N)CCC1CCN(Cc2ccccc2)CC1,1,6,0.6620613465134068,450
COc1ccc(C2=NN(C(C)=O)C(c3ccc(N4CCC(C)CC4)cc3)C2)cc1OC,0,10,0.4422853199690283,451
CCN(CCCCCCNC1=CC(=O)C(NCCCCCCNC(=O)CCCCC2CCSS2)=CC1=O)Cc1ccccc1OC,1,9,0.8833077090312579,452
O=[N+]([O-])c1cccc2c(NCCCCCCCCNc3c4c(nc5ccccc35)CCCC4)c3c(nc12)CCCC3,1,1,0.9836780938487512,453
COc1ccc2c(c1OC)C(=O)CC2CCC1CCN(Cc2ccccc2)CC1,1,4,0.9078772772986131,454
CNC(=O)Oc1cccc(CN(C)CCCOc2ccc3c(=O)c4ccccc4oc3c2)c1,1,9,0.9586016395766298,77
CC(=O)N(C)[C@@H](C)[C@H]1CC[C@H]2[C@@H]3CC=C4C[C@@H](N(C)C)CC[C@]4(C)[C@H]3CC[C@]12C,0,2,0.0894711661395843,455
COc1ncc(-c2ccc3nc4c(c(N)c3c2)CCCC4)cn1,1,8,0.8079494741393904,343
O=C1CCCCN1CCC1CCN(Cc2ccccc2)CC1,1,8,0.8398261173066167,456
O=C(CNc1ccc(F)cc1)Nc1ccc2oc(=O)ccc2c1,1,2,0.753422442537047,457
CCN(CC)C(=O)Oc1ccc(/C=C/C(=O)N2CCC(Cc3ccccc3)CC2)cc1OC,0,10,0.11378692756449717,428
O=C(COc1ccc(I)cc1)NCCCN1CCCCC1,0,9,0.3347918673750022,458
CC(C)CCSC(=O)OCC[N+](C)(C)C,0,2,0.20306855067861265,21
Cc1ccc(-c2noc(-c3cccc(OCC4CCN(Cc5ccccc5Cl)CC4)c3)n2)cn1,1,6,0.8535894973270327,459
Cc1cc(-c2ccccc2)n[nH]c1=NCCC1CCN(Cc2ccccc2)CC1,1,1,0.922777856524418,80
COc1ccc2c(c1)C(=O)/C(=C/C1CCN(Cc3ccccc3)CC1)C2,1,2,0.7393522987493362,360
Nc1cc(-c2ccc(Cl)cc2)nc2nc(-c3ccccc3)cc(C(F)(F)F)c12,1,10,0.3857674916470936,460
FC(F)(F)c1ccc(-c2nnc(NC3CCN(Cc4ccccc4)CC3)o2)cc1,1,3,0.781918031231161,461
O=C(CCC1CCN(Cc2cccc(F)c2)CC1)c1ccc2c(c1)NCCCC2,1,10,0.9143587447528839,55
CCN(Cc1ccccc1)Cc1ccc(C(=O)c2ccc(OC)c(OC)c2)cc1,1,1,0.597909380440721,302
COc1cc(/C=C/C(=O)Nc2ccccc2)ccc1OCCCN(C)C,0,6,0.0634020374834451,179
O=C(/C=C/c1ccccc1)c1ccccc1,0,9,0.3616753645417857,33
CCN(CCCCCC(=O)Nc1ccc(-c2ccc(NC(=O)CCCCCN(CC)Cc3ccccc3OC)cc2)cc1)Cc1ccccc1OC,1,8,0.8740750442705193,462
CN(C)C(=O)Oc1cccc(C(=O)/C=C/c2ccc(O)cc2)c1,1,5,0.3873944033746322,33
Nc1c2c(nc3c(Cl)cccc13)CCCC2,1,2,0.6836991650375832,141
COc1cc2c(cc1OC)C(=O)C(C)C2,1,1,0.9221767758635095,89
CCN(CCCCCC=Nc1cc(O)c(NCCCCCCNC(=O)CCCCC2CCSS2)cc1O)Cc1ccccc1OC,1,7,0.8895824667325785,463
CCC1=CC2Cc3nc4cc(Cl)ccc4c(NCCn4cc(CCCCCCN5CCc6cc(OC)c(OC)cc6C5c5cccc([N+](=O)[O-])c5)nn4)c3C(C1)C2,1,8,0.867825215911342,464
Oc1cc(O)cc(Oc2c(O)cc(O)c3c2Oc2c(O)cc(Oc4c(O)cc(Oc5c(O)cc(O)c6c5Oc5c(O)cc(O)cc5O6)cc4O)cc2O3)c1,0,9,0.1162863861190187,465
Cc1ccc(-c2noc(-c3cccc(OCC4CCN(Cc5ccccc5F)CC4)c3)n2)cn1,1,10,0.8781801824486738,459
COc1ncc(-c2ccc3nc4c(c(N)c3c2)CCCC4)c(OC)n1,1,5,0.7891961056576944,343
COc1cc2c(cc1OC)C(=O)C1(C2)C(c2ccccc2Cl)C(c2ccccc2)NC12C(=O)Nc1ccc(Cl)cc12,0,3,0.22071572524244193,466
O=C(Nc1cc(Cl)nc(Cl)c1)OCCCCCNCc1c[nH]c2ccccc12,1,2,0.7445818706460787,467
Cn1c2nc3ccccc3c-2c(NCCCCCCNc2c3c(nc4ccccc24)CCCC3)c2ccccc21,1,3,0.9953287745881543,468
c1ccc(-c2nn(-c3ccccc3)cc2-c2nc(-c3ccccc3)c(-c3ccccc3)n2-c2ccccc2)cc1,0,10,0.5672490569359542,469
CCN(CCCCCC(=O)N(CCCCCCCCN(C(=O)CCCCCN(CC)Cc1ccccc1OC)C(C)C)C(C)C)Cc1ccccc1OC,1,8,0.8968577707856585,318
COn1cc(CCNC(=S)NCCCCCNc2c3c(nc4ccccc24)CCCC3)c2ccccc21,1,8,0.9753060375003781,470
COc1cc2c(cc1O)CC(CC1CCN(Cc3ccccc3)CC1)C2=O,1,8,0.8578709615602357,23
Cc1ccc2oc(=O)c(C(=O)NCCCCCNc3c4c(nc5ccccc35)CCCC4)cc2c1,1,9,0.9973568828958115,197
CCNC(=O)Oc1ccc2c(c1)[C@]1(C)CCOC1N2C,1,2,0.765209457242865,471
COc1cccc(OC)c1C(C)NS(=O)(=O)NC(=O)OCc1ccccc1,1,9,0.8156968972897146,472
COc1cc(C(=O)NCCCCCCC(=O)NNc2c3c(nc4ccccc24)CCCC3)cc(OC)c1OC,1,5,0.9944528756648765,473
NS(=O)(=O)c1ccc(C(=O)n2[nH]c(=O)c3cc([N+](=O)[O-])ccc3c2=O)cc1,1,2,0.6407583148211858,474
COc1ccc(Cn2cc(C(=O)NCCNc3c4c(nc5cc(Cl)ccc35)CCCC4)c(=O)c3ccccc32)cc1,1,4,0.9642120940090958,120
CC(C)C1=N[C@H]2CC[C@]34C[C@]35C(=O)C[C@]3(C)[C@@H]([C@H](C)N(C)C)[C@H](O)C[C@@]3(C)[C@@H]5CC[C@H]4[C@]2(C)CS1,1,4,0.9014727310761088,475
C#CCNC1CCc2ccc(OC(=O)NCC)cc21,0,7,0.4254037435131671,2
CO[C@H]1O[C@@](C)(c2nccc3cc4c(cc23)OCO4)c2ccc3c(c21)OCO3,0,6,0.31404093461122345,476
COc1ccc(C(C)NS(N)(=O)=O)cc1,1,5,0.668532950221395,17
CC(C)C1=N[C@H]2CC[C@]34C[C@]35C(=O)C[C@]3(C)[C@@H]([C@H](C)N(C)CCc6ccccc6)[C@H](O)C[C@@]3(C)[C@@H]5CC[C@H]4[C@]2(C)CS1,1,8,0.9416001890766952,477
Cc1c(C)c2c(c(C)c1O)CCC(C)(C(=O)NCCCCNc1c3c(nc4cc(Cl)ccc14)CCCC3)O2,1,10,0.9688046190588229,41
O=C(NCCN1CCCC1)N1c2ccccc2Sc2ccccc21,0,9,0.4846283991050579,478
COc1c(F)c[n+](CCCCCOc2ccc3c(C)cc(=O)oc3c2)cc1F,1,10,0.8611466627503459,479
Cc1ccc(C(=O)Nc2cc3cc(C)ccc3oc2=O)cc1,0,9,0.35922492161622205,480
COc1ccc2[nH]cc(CCNC(=O)Cn3cc(CCCCN4CC[C@@]56C=C[C@H](O)C[C@@H]5Oc5c(OC)ccc(c56)C4)nn3)c2c1,1,1,0.796290403998688,481
O=C(NCCCCCCCCCCNc1c2c(nc3cc(Cl)ccc13)CCCC2)c1cc(=O)c2cc(O)ccc2o1,1,6,0.9981393116687233,482
COc1c(C(=O)CCC2CCN(CC3CCCCC3)CC2)cc(Cl)c2[nH]ccc12,1,8,0.9300998698037648,483
COC(=O)C[N+]1(C)CCC(CCC(=O)c2cc3cc(OC)c(OC)cc3s2)CC1,1,7,0.9230354137609722,484
O=C1C=C(NCCNc2c3c(nc4ccccc24)CCCC3)C(=O)c2ccccc21,1,8,0.9730890747105136,485
COc1cccc2cc(C(=O)NCCCCCCCNc3c4c(nc5ccccc35)CCCC4)oc12,1,2,1.0,486
CCCCCCCCCN(Cc1ccccc1OC)C(=O)CCCCCNCc1ccc(-c2ccc(-c3ccc(CNCCCCCC(=O)NCc4ccccc4OC)cc3)cc2)cc1,0,8,0.6646840732708893,487
N#Cc1c(N)nc(NCCCCC2CCN(Cc3ccccc3)CC2)c(C#N)c1-c1ccccc1,1,4,0.9267811862729771,488
Fc1ccc(NCCCCCCCCNc2ccnc3cc(C(F)(F)F)ccc23)cc1,1,6,0.9588914451499524,107
c1ccc(-c2ccc(NCCCCCN3CCc4ccccc4C3)nn2)cc1,0,3,0.3337514433778374,489
CN(CCCOc1ccc([N+](=O)[O-])cc1)C(=O)c1cnc(CC(=O)c2ccc3c(c2)OCO3)nc1,1,1,0.5140716183213487,490
CC1c2[nH]c3ccccc3c2CCN1C(=O)/C=C/c1ccc(O)c(O)c1,0,5,0.3049650125950399,491
CC(C)(C)c1cc(/C=C/C(=O)NCCC2CCN(Cc3ccc(F)cc3)CC2)cc(C(C)(C)C)c1O,1,9,0.8719672676811444,50
Cc1cc(=O)[nH]c2c1C(=O)C(NCNc1c3c(nc4ccccc14)CCCC3)=CC2=O,1,1,0.8764187571031287,492
COc1ccc(OC)c(Br)c1,1,6,0.40071232118841615,17
Nc1c2c(nc3ccccc13)-c1ccccc1NCC2,0,6,0.23974721755121436,493
CNC(=O)Oc1ccc2c(c1)[C@]1(C)CCN[C@@H]1N2C,1,7,0.8679674198328617,37
Cc1ccc2[nH]c3c(c2c1)CN(CCCCCN1CCc2[nH]c4ccc(C)cc4c2C1)CC3,1,9,0.5631066988252029,494
COc1cc(OC)c2c(=O)cc(C(=O)NCCCCCCCCCCNc3c4c(nc5cc(Cl)ccc35)CCCC4)oc2c1,1,6,0.9954385577169931,482
COc1ccc(NC(=O)C2CCN(Cc3ccccc3)CC2)cc1OC,1,1,0.7298651325393499,495
CC(C)N1CCN(c2nccc(NCc3ccccc3)n2)CC1,0,4,0.050146948331604074,385
O=C(CCC1CCN(Cc2ccccc2Cl)CC1)c1ccc2c(c1)CCN2,1,3,0.92770286859318,43
COc1cc2c(cc1OC)C(=O)C(Oc1ccc(CN3CCOCC3)cc1)C2,1,1,0.8817463614670558,367
CCN(CCCCCCN1C(=O)c2cccc3cccc(c23)C1=O)Cc1ccccc1OC,1,2,0.871261112156022,496
O=C1CC2CCc3ccsc3C2=NN1CCCCN1CCN(Cc2ccccc2)CC1,1,1,0.8439281452380099,497
O=C(Nc1ccc2c(c1)CN(C(=O)c1cccc(Cl)c1)C(=O)C2)c1cccc(Cl)c1,1,10,0.9243428413324477,90
O=C(CCCC1CCSS1)NCCCNc1c2c(nc3cc(Cl)ccc13)CCCC2,1,2,0.9795305264179025,498
Cc1ccc(O)c(CNc2c(N)n(C)c(=O)n(C)c2=O)c1,1,1,0.4536290792078313,499
COc1ccc(C(C)NS(=O)(=O)NC(=O)OCc2ccccc2)cc1OC,1,1,0.8075667030843706,472
O=c1c2cc(OCCCN3CCCCC3)ccc2nc2n1CCCCC2,1,3,0.648572746690569,500
CC1=CC2Cc3nc4cc(Cl)ccc4c(NCCO)c3C(C1)C2,1,9,0.7814358084850576,114
CN(CCCCNc1c2c(nc3ccccc13)CCCC2)CCCNc1c2c(nc3ccccc13)CCCC2,1,6,0.9965343987849317,501
CCCN1CCN(c2nccc(NC(c3ccccc3)c3ccccc3)n2)CC1,0,4,0.13261516956944908,307
O=C(NCCCCCCCCCNc1c2c(nc3cc(Cl)ccc13)CCCC2)c1ccc2nc(-c3ccc(Cl)cc3)c3c(c2c1)OCCC3,1,4,0.9976957412268748,502
CC1=CC2Cc3nc4cc(Cl)ccc4c(NCCCCCCCCCCNC(=O)c4cc(O)c5c(c4)C(=O)c4cccc(O)c4C5=O)c3C(C1)C2,1,1,0.985297806422509,503
CN(CCCNc1c2c(nc3ccccc13)CCCC2)CCCNc1c2c(nc3ccccc13)CCCC2,1,4,0.9834943139753616,504
Nc1c2c(nc3c(Br)cc(Br)cc13)CCC2,0,3,0.4082904187024088,417
Cc1ccc2c(Nc3ccccc3)c3c(nc2c1)CCCC3,1,9,0.8089293345472242,418
COCCN1CCN(c2nccc(NCc3cccc4ccccc34)n2)CC1,0,9,0.09177840862832613,217
Oc1cccc(C2=Nc3ccccc3SC(c3ccccc3)C2)c1,0,8,0.13920866731688997,505
c1ccc(CN2CCC(CCNc3noc4ccccc34)CC2)cc1,1,9,0.9079256306591755,506
CC(=O)NCCc1c[nH]c2ccc(OC(=O)NCCCCCNc3c4c(nc5ccccc35)CCCC4)cc12,1,5,0.9974737927471411,507
COc1c(C(=O)CCC2CCN(CC3CCCCC3)CC2)ccc2[nH]ccc12,1,1,0.8786082140025762,483
CC[N+](C)(CCCCCC(=O)N(C)CCCCCCCCN(C)C(=O)CCCCC[N+](C)(CC)Cc1ccccc1C)Cc1ccccc1C,1,9,0.9016415442337211,191
COc1cc2oc(-c3cccc(OCC(=O)NCCCCCCNc4c5c(nc6cc(Cl)ccc46)CCCC5)c3)cc(=O)c2c(OC)c1OC,1,9,0.9970202287064935,508
CCCCCN1CC(C)(C)CN=C1/C=N/O,0,9,0.05291233645158281,509
CC1(C)CC(=O)C2=C(C1)Nc1nc3c(c(N)c1[C@H]2c1ccccc1)CCCC3,1,5,0.7789171075966744,510
COc1cc2c(cc1OC)C(=O)/C(=C/c1ccc(CN(C)Cc3ccccc3)cc1)CC2,1,7,0.7229644925674892,112
CCN(C)C(=O)OCC1CCN(Cc2ccccc2)CC1,0,5,0.5322112173381769,170
C/C=C1\[C@H]2C=C(C)C[C@]1(/N=C/C(=C/c1ccccc1)CCCCC)c1ccc(=O)[nH]c1C2,1,9,0.7724228049043923,511
c1ccc(-c2nnc(NCN3CCCCC3)s2)cc1,0,9,0.23000038833001346,512
COc1ccccc1NC(=S)NCCN1CCCCC1,0,9,0.3950506744880506,101
O=C(NCCCCCCCNc1c2c(nc3cc(Cl)ccc13)CCCC2)c1c[nH]c2ccccc12,1,6,1.0,513
c1ccc(-c2cnc(NCN3CCCCC3)nc2)cc1,0,2,0.10996952737111688,514
CC1CCN(CC2Cc3ccccc3C2=O)CC1,1,9,0.78505490146795,515
C/C=C1\[C@H]2C=C(C)C[C@]1(/N=C/c1ccc(O)c(OCC)c1)c1ccc(=O)[nH]c1C2,1,1,0.8135910847967897,350
CSc1nc(-c2ccc(OC(F)(F)F)cc2)nn1C(=O)N(C)C,1,4,0.8580701808628229,183
Cc1ccc2nc3c(c(NCCN4CCN(C)CC4)c2c1)CCCC3,1,8,0.8201940341040949,516
C#CCNc1ccccc1-c1cc(-c2ccc(OCCN3CCCCC3)cc2)nc(N)n1,0,5,0.7165967963286993,517
CCN(C)C(=O)Oc1ccc(C(CCOc2ccc([N+](=O)[O-])cc2)NC)cc1,1,8,0.5993101331250498,198
COc1ccc(OC)c(C(C)NS(=O)(=O)NC(=O)OCc2ccccc2)c1,1,8,0.8118892501846445,472
Cn1c2ccccc2c2cc[n+](-c3ccc(Br)cc3Br)cc21,1,7,0.7418860789606553,156
CCOC(=O)c1c(C)nc2nc3c(c(N)c2c1-c1ccccc1)CCCCC3,0,2,0.2000264327572293,518
COc1ccc2[nH]c3c(c2c1)CN(Cc1ccccc1)CC3,0,7,0.16573689916697204,519
CSc1nc(-c2ccc3ccccc3c2)nn1C(=O)N(C)C,1,2,0.7202843244042905,520
CCOC(=O)c1c(C)nc(N2CCN(S(=O)(=O)c3ccc(NC(C)=O)c(F)c3)CC2)nc1-c1ccc(OC)c(OC)c1,1,6,0.9509465931756398,35
CC(c1cc(O)cc2oc(=O)c3ccccc3c12)N(C)C,0,2,0.2253405618375232,521
CC(=O)NCCc1c[nH]c2ccc(OC(=O)NCCCCCCCCCCCCNc3c4c(nc5cc(Cl)ccc35)CCCC4)cc12,1,10,0.9979090103624947,366
CCNC(=O)Oc1ccc2c(c1)[C@]1(C)CCN(C)C1N2C,1,2,0.6504917032245345,37
O=C(Cc1c[nH]c2ccc(Br)cc12)NCCCCCCCNc1c2c(nc3cc(Cl)ccc13)CCCC2,1,8,0.9926402638136248,522
C=C(C)CN1CC[C@@]23C=C[C@H](O)C[C@@H]2Oc2c(OC)ccc(c23)C1,1,7,0.5962105757631021,128
COc1cccc(NC(=O)Nc2cccc(/C(N)=N/O)c2)c1,0,2,0.1381631890422314,38
CCOC(=O)C1=C(C)Oc2nc3c(c(N)c2[C@H]1c1cccs1)CCC3,0,9,0.2647413948757452,523
COc1ccc2c3c1OC1C[C@@H](O)C=C[C@@]31CC[N+](C)(C)C2,1,5,0.5449381994689456,524
Fc1cccc(-c2cnc3cccnc3n2)c1,1,1,0.6279758308827612,525
c1ccc2c(c1)ccc[n+]2CCCCCCCCC[n+]1cccc2ccccc21,1,6,0.8266087580631759,526
CN(CCCOc1ccc2c(c1)oc(=O)c1ccccc12)Cc1cccc(OC(=O)NCCCCCc2ccccc2)c1,1,8,0.9000438958049096,527
COc1ccc2cc(C(=O)NCCCCCCNc3c4c(nc5ccccc35)CCCC4)c(=O)oc2c1,1,5,0.9927012791593633,103
CC(C)n1cc(C(=O)C(F)F)cn1,1,8,0.5629912784495743,528
CC1=CC2Cc3nc4oc(C5CCC5)nc4c(N)c3C(C1)C2,0,4,0.2990393986783623,529
CCN(CCCCCC=Nc1cc(O)c(OC)cc1O)Cc1ccccc1OC,1,4,0.682542277248168,413
CCN(CCCCOc1ccc(-c2coc3cc(OCCCCN(CC)Cc4ccccc4OC)cc(O)c3c2=O)cc1)Cc1ccccc1OC,1,5,0.7581318555458832,530
CCCCC/N=C(/C=N/O)N(C)C,0,8,0.09721818545988847,21
O=C1c2ccccc2C(=O)N1CCCCCCCNCc1cccc(Cl)c1,1,8,0.9337154122977089,9
COc1ccc2c(c1)CCC(NS(=O)(=O)N(C)C)C2,1,2,0.8735946458155804,531
O=C(CCc1c[nH]c2ccccc12)NCCCCCCCNc1c2c(nc3cc(Cl)ccc13)CCCC2,1,5,0.9998067168219772,532
CCN(CC)c1ccc(/C=C/c2ccc3ccccc3[n+]2C)c(Cl)c1,1,10,0.7012501965872052,533
CCCCCCNc1c2c(nc3ccc(OC)cc13)CCCC2,1,1,0.6008613191874757,141
Fc1ccc(CNCCCCCCCCNc2ccnc3cc(Cl)ccc23)c(F)c1,1,2,0.989017970756247,71
COc1ccc2oc(=O)c(-c3cccc(CN(C)Cc4ccccc4)c3)cc2c1,1,3,0.6923390382651871,534
CNC(=O)Oc1cccc(CN(C)CCCCCCCOc2ccc3c(c2)O/C(=C\c2cc(OC)c(OC)c(OC)c2)C3=O)c1,1,4,0.8534970002503769,535
C[C@@H](C(=O)NCCCNCCCNC1=CC(=O)C(NCCCNCCCNC(=O)[C@H](C)c2ccc(-c3ccccc3)c(F)c2)=CC1=O)c1ccc(-c2ccccc2)c(F)c1,0,7,0.6762907517054894,536
Cc1ccc(NC(=O)c2coc3ccc(/C=C/C(=O)OCCN(C)C)cc3c2=O)cc1,1,5,0.732437143112444,537
C=CC(=O)N1C/C(=C\c2ccc(Cl)cc2Cl)C(=O)/C(=C/c2ccc(Cl)cc2Cl)C1,0,8,0.27678200230181904,421
CCN(CCCCCCNC1=CC(=O)C(NCCCCCCN(CC)Cc2ccccc2C)=CC1=O)Cc1ccccc1C,1,9,0.9226193261658525,124
CN(C)c1ccccc1CNCCCCCCCNc1c2c(nc3ccccc13)CCCC2,1,9,0.9890743943133837,538
O=[N+]([O-])C1C(Cc2c[nH]cn2)NC2(c3ccccc3-c3nc4ccccc4nc32)C1c1ccccn1,0,7,0.12222080383770603,539
CN(CCCOc1ccc([N+](=O)[O-])cc1)C(=O)c1cnc(CC(=O)c2cccs2)nc1,1,9,0.5723333484641988,540
NC(=O)c1cc[n+](COC[n+]2ccccc2/C=N/O)cc1,0,4,0.10941850528771445,541
FC(F)(F)c1ccc(-c2nnc(CNC3CCN(Cc4ccccc4)C3)o2)cc1,1,4,0.7944405645662662,542
C#CCNCCc1cccc(OC(=O)N(C)CCC)c1,0,4,0.23674930313672282,17
O=[N+]([O-])c1cccc([C@@H]2CC(c3c4ccccc4cc4ccccc34)N=N2)c1,1,10,0.6734250094442772,543
CCN1CCCC1CNc1ccc(-c2ccccc2)nn1,0,1,0.17553718998006923,544
Clc1ccc2c(NCc3ccccn3)c3c(nc2c1)CCCC3,1,3,0.954426028241421,545
COc1cc2c(cc1OC)C(=O)/C(=C/c1cccc(CN(C)C)c1)C2,1,9,0.8321744980674689,211
CC(C)(C)c1cc[n+](Cc2ccc(C[n+]3ccc(C(C)(C)C)cc3)cc2)cc1,1,5,0.5750685885474056,546
COc1c(-c2ccc(O)cc2)cc2oc3cc(O)c(O)cc3c2c1O,0,2,0.40725538402008465,547
CCN(C)Cc1ccc(CNCCN2CCN=C2C(C#N)C#N)o1,1,7,0.8330637016406635,548
C[C@@H](c1cccc(OC(=O)NCCCCCNc2c3c(nc4cc(Br)ccc24)CCCC3)c1)N(C)C,1,7,0.9839742701752946,549
COc1ccc2cc3[n+](cc2c1OCc1ccc([N+](=O)[O-])cc1)CCc1cc2c(cc1-3)OCO2,1,10,0.46320908490979285,550
CC(=O)N(CCC1CCN(Cc2ccccc2)CC1)c1cccc(F)c1,1,1,0.9564760847777942,213
O=C1C(=O)N2CCc3cc4c(c5c3c2c1c1ccccc15)OCO4,0,5,0.2893195217298508,551
c1ccc2c(c1)cc1ccc3cccc4ccc2c1c34,0,8,0.5304606062896828,552
CNC(=O)Oc1cccc(CN(C)CCCCCCCOc2ccc3c(c2)CCC(=Cc2cc(OC)c(OC)c(OC)c2)C3=O)c1,1,8,0.8887894939195545,553
CCCN(CCC)CCCCCCOc1ccc(C(=O)/C=C/c2ccccc2)cc1,0,3,0.05880713304941893,33
COc1cc2c(cc1OC)C(=O)C(CC1CCN(CCNc3c4c(nc5cc(Cl)ccc35)CCCC4)CC1)C2,1,10,0.9926479015030308,554
COc1cc(/C=C/C(=O)NCCCCCCNc2c3c(nc4ccccc24)CCCC3)cc(OC)c1O,1,3,0.9830481379334537,555
COc1ccc(-c2cc3c(c(=O)o2)C[C@]2(O)[C@@]4(C)C(=O)C=CC(C)(C)[C@]4(O)CC[C@@]2(C)O3)cc1,1,5,0.8342488532453253,30
CNC(=O)c1sc(-c2ccnc(NC(=O)CNCCNc3c4c(nc5ccccc35)CCCC4)c2)nc1OCC(C)(C)C,1,5,0.9645595860937998,556
O=C(NNC(=S)Nc1ccc(Cl)c(Cl)c1)c1ccccc1O,1,8,0.4043208839050232,557
O=C(NO)c1ccc(Nc2c3ccccc3nc3ccc(F)cc23)cc1,1,5,0.8045886717357366,558
NC(=O)c1sc(-c2ccnc(NC(=O)CNCCNc3c4c(nc5ccccc35)CCCC4)c2)nc1OCC1CC1,1,2,0.9715914249624965,559
CC(Cc1ccc(O)cc1)C1CCC(C)C(c2ccc(O)cc2)C1,1,9,0.3537003311390993,560
COc1cccc2oc(C(=O)NCCC3CCN(Cc4ccccc4)CC3)cc(=O)c12,1,8,0.9604813775748062,25
COc1ccc(C(=O)CCc2cc[n+](Cc3cccc(Cl)c3)cc2C(=O)O)cc1OC,1,4,0.8831178484182156,430
COc1ccc(C(=O)NC2CCN(Cc3c(F)cccc3Cl)CC2)cc1OC,1,9,0.7182758780664329,280
CC(C)C1=N[C@H]2CC[C@]34C[C@]35C(=O)C[C@]3(C)[C@@H]([C@H](C)N(C)C)[C@H](O)C[C@@]3(C)[C@@H]5CC[C@H]4[C@]2(C)C=C1,1,2,0.6765307165097865,561
NCCCNc1c2c(nc3cc(Cl)ccc13)CCCC2,1,5,0.8930367858234284,141
CNC(=O)c1sc(-c2ccnc(NC(=O)CNCCNc3c4c(nc5ccc(OC)cc35)CCCC4)c2)nc1OCC1CC1,1,10,0.8495437622056298,559
CC(C)(C)[Si](C)(C)O[C@H]1C=C2CCN3Cc4cc5c(cc4[C@H]([C@@H]1OC(=O)c1ccccc1)[C@@H]23)OCO5,1,6,0.6867394247684683,392
COCCn1cnc2cc(NC(=O)c3ccccc3)cc(C(=O)NCc3cc(F)cc(F)c3)c21,1,8,0.7279809108422696,562
CC(C)NCc1cccc2[nH]c3ccccc3c12,0,5,0.42301449667270374,563
COc1ccc(C(C#N)N2CCCCC2)cc1OC,0,6,0.17883622491186354,170
COC(=O)c1cc2c(N)c3c(nc2nc1C)CCCC3,1,9,0.6367612165740439,127
CCN(C)C(=O)Oc1ccc(/C=C/C(=O)N2CCN(Cc3ccccc3)CC2)cc1,0,2,0.19785846192695156,253
CN(Cc1ccccc1)Cc1ccc(/C=C2\Cc3ccccc3C2=O)cc1,0,6,0.616130894413291,203
O=C1c2ccccc2C(=O)C12N1CSC[C@@H]1[C@@H](c1cccc(Br)c1)[C@@]21CSc2ccccc2C1=O,0,2,0.06808234906327212,426
c1ncc(-c2cc3c(cn2)[nH]c2ncc(-c4ccc(CN5CCCCC5)cc4)cc23)s1,1,8,0.9073796776356607,564
COc1cc2oc(-c3ccc(NCCCNc4c5c(nc6cc(Cl)ccc46)CCCC5)cc3)cc(=O)c2c(OC)c1OC,1,2,0.9889475070724372,565
C=CC[N+](C)(C)c1ccccc1OC,1,6,0.46421070351023286,17
COc1cc2c(cc1OC)C(=O)C(=Cc1cc[n+](Cc3ccc(F)cc3)cc1)C2,1,1,0.9665036614782182,200
CC(=O)Nc1nc(Cl)c2c(ncn2C2O[C@H](C(=O)O)[C@@H](OC(C)=O)[C@@H](OC(C)=O)[C@H]2OC(C)=O)n1,0,4,0.22456993225567876,566
CCN(CC)CCOc1ccc(-c2nc3cc(C)ccc3[nH]2)cc1,0,3,0.50040729749226,567
COc1cc(/C=C/C(=O)N2CCCCC2)ccc1OC(=O)N(c1ccccc1)c1ccccc1,0,8,0.14162631907742992,568
Nc1c2c(nc3ccccc13)-c1ccccc1CC2,0,8,0.21728190956284454,569
Cc1cc(=O)[nH]c2c1C(=O)C(NCCCNc1c3c(nc4cc(Cl)ccc14)CCCC3)=CC2=O,1,10,0.9647845212120956,570
CC(C)(C)OC(=O)n1cc(/C=C2\CN(Cc3ccccc3)CCC2=O)c2ccccc21,0,3,0.2830832298360358,221
CCCCN(CC(=O)NCc1ccccc1)C(=O)CCCCCn1cc[n+](C)c1/C=N\O,0,10,0.26121955880845066,571
Brc1ccc(-n2cc(COc3ccc(/C=N/Nc4c5c(nc6ccccc46)CCCC5)cc3)nn2)cc1,0,1,0.7479717101706391,572
COc1cc(N)c(Cl)cc1C(=O)CCC1CCN(CC2CCCCC2C)CC1,1,5,0.9550566465614277,31
O=C(CCC1CCN(Cc2ccccc2)CC1)c1ccc2c(c1)CCCN2c1ccccc1,1,1,0.9837130787833248,573
C/C=C(\C)C(=O)O[C@H]1C[C@@H](OC(C)=O)[C@@]2(C(=O)OC)CO[C@H]3[C@@H](O)[C@@](C)([C@]45O[C@@]4(C)[C@H]4C[C@@H]5O[C@@H]5OC=C[C@@]54O)[C@H]4[C@]1(CO[C@]4(O)C(=O)OC)[C@@H]32,0,6,0.29319604892263235,574
CCCCCCCNC(=O)Oc1cccc(CN(C)CCCOc2ccc3ccc(=O)oc3c2)c1,1,2,0.9891060055207599,575
[2H]C([2H])([2H])Oc1cc(N)c(Cl)cc1C(=O)CCC1CCN(CC2CCCCC2)CC1,1,7,0.9873997697684249,31
COc1cc(N)c(Cl)cc1C(=O)CCC1CCN(CC2CCCCC2)CC1,1,4,0.9981336436305992,31
COc1cc(-c2cc3c(c(=O)o2)C[C@]2(O)[C@@]4(C)C(=O)C=CC(C)(C)[C@]4(O)CC[C@@]2(C)O3)cc(OC)c1O,1,7,0.6413255223853721,30
COc1ccc(CN2CCCCC2COc2ccc(C(=O)/C=N\O)cn2)cc1OC,1,3,0.4199243281738778,576
CCCNC(=O)Oc1cccc(CN(C)CCCOc2ccc3c(=O)ccoc3c2)c1,1,3,0.9379290984957364,577
COc1cc2cc(C(=O)CCc3cc[n+](Cc4ccc(F)cc4)cc3)sc2cc1OC,1,2,0.966751762799228,239
O=C(NCCCCCCCCCCNc1c2c(nc3cc(Cl)ccc13)CCCC2)c1cc(=O)c2c(O)cc(O)cc2o1,1,7,0.9921861155170065,482
O=C(CCCCC1CCSS1)NCCCNc1c2c(nc3ccccc13)CCCC2,1,10,0.9847043335267133,578
COc1cc(/C=C/C(=O)N2CCN(c3cccc([N+](=O)[O-])c3)CC2)ccc1O,0,7,0.23443362263105433,579
COc1ccc([C@@H]2CC(=O)c3c(cc(O)c(C/C=C(\C)CCC=C(C)C)c3O)O2)cc1O,0,1,0.15083451817177207,411
CCN1/C(=C/C(C)=O)Sc2ccc(OC(=O)NCCc3ccccc3)cc21,0,9,0.4139180383019466,580
O=C(CO[N+](=O)[O-])NCCCNc1c2c(nc3ccccc13)CCCC2,1,9,0.9704260805640522,141
N/C(=N\O)c1cccc(NC(=O)Nc2cccc([N+](=O)[O-])c2)c1,0,4,0.15618584803536123,38
O=C(COc1ccccc1C(F)(F)F)NCC1CCN(Cc2ccccc2)CC1,1,8,0.9014585307902148,581
Cc1ccc2[nH]c3ccncc3c2c1,0,6,0.28502808392873114,582
COc1ccc2c(c1)CCC(Cc1cc[n+](Cc3ccc(Cl)cc3)cc1C(C)=O)C2=O,1,9,0.9750476383811961,150
CN1CC[C@@]2(C)c3cc(OC(=O)NCCCCCCCN4CCOCC4)ccc3N(C)[C@@H]12,1,2,0.8173495604694287,583
CN1C(=O)Cc2cc3onc(CCC4CCN(Cc5ccccc5)CC4)c3cc21,1,1,0.9670814286129296,584
O=C1c2c(sc3c2CCCCC3)OC(c2ccc(Cl)cc2)N1c1ccc(Cl)cc1,0,5,0.7627716128932784,585
Cc1ccc2c(c1)C(=O)C(=O)N2C(=O)N(C)C,1,4,0.6054299847464133,586
Cc1ccc([C@@H](C)CC(=O)CC(C)C)cc1,0,7,0.49324191505218445,17
CC(C)(O)[C@@H]1Cc2cc3ccc(=O)oc3cc2O1,0,2,0.41668931968416,587
COc1cc2c(cc1OC)C(=O)C1(C2)C(c2ccccc2)CN(C)C12C(=O)Nc1ccc(Cl)cc12,0,9,0.2130579989579065,148
CC(C)=NNc1cc(NCCSCc2ccc(CN(C)C)o2)c([N+](=O)[O-])cc1[N+](=O)[O-],1,5,0.8237645594850287,588
Nc1c2c(nc3cc(F)ccc13)CCCC2,1,10,0.895082749230776,141
O=C1C(Cl)=C(NCCNc2c3c(nc4ccccc24)CCCC3)C(=O)c2ccccc21,1,2,0.9831397119340772,485
O=C(/C=C/c1ccc(O)cc1)n1ccc2cc(O)c(O)cc21,0,3,0.23594870731272602,589
COc1cc2[nH]c(C(=O)NCCC3CCN(Cc4ccccc4)CC3)cc(=O)c2cc1OC,1,7,0.9664509282625723,590
COc1cc(/C=C/C(=O)NCC(=O)Nc2ccc(F)cc2)ccc1O,0,2,0.15931622283852623,143
COc1ccc2[nH]cc(CCNC(=O)C3CCN(Cc4ccccc4)CC3)c2c1,0,10,0.6950625003701351,591
CN(C)Cc1ccc(CSCCNc2cc(Nc3ncccc3[N+](=O)[O-])c([N+](=O)[O-])cc2[N+](=O)[O-])o1,1,4,0.9236581862216169,592
C=CC(=O)N1C/C(=C\c2ccccc2)C(=O)/C(=C/c2ccccc2)C1,0,1,0.11596451817634522,421
COc1ccc(NC(=O)Oc2ccc3c(c2)[C@]2(C)CCN(C)[C@@H]2N3C)cc1,1,3,0.9366263896683813,44
COc1cc(CNCCCCCC=Nc2cc(O)c(NCCCCCCNCc3ccc(O)c(OC)c3)cc2O)ccc1O,1,6,0.8477037228413625,75
OCCN1CCN(c2nccc(NC(c3ccccc3)c3ccccc3)n2)CC1,0,10,0.07994504028055192,307
O=C(CCO[N+](=O)[O-])NCCCCNc1c2c(nc3ccccc13)CCCC2,1,1,0.9893663328214154,141
COc1ccc(/C=N/NC(=O)CN2CCC(Cc3ccccc3)CC2)cc1OC,0,4,0.3087135324013273,593
O=S(=O)(c1ccccc1)n1ccc2c(N3CCN(CCCCCCCCNc4c5c(nc6ccccc46)CCCC5)CC3)cccc21,1,1,0.9889962079566901,594
O=C(CCC1CCN(Cc2ccc(F)cc2)CC1)c1cc2c3c(ccn3C(=O)CC2)c1,1,1,0.9909725079952785,178
NC(=O)c1cc[n+](CCCC[n+]2cccc(NC(=O)/C=N\O)c2)cc1,0,8,0.03558732358192683,595
Nc1ccccc1C(=O)/C=C/c1ccc(Cl)nc1,0,5,0.5774249343671357,596
CNc1ccccc1-c1nc(C(=O)OC)cs1,0,7,0.23674852507163366,597
N#Cc1ccc2[nH]cc(CCCCN3CCN(c4ccc(C(=O)CCC5CCN(Cc6ccccc6)CC5)cc4)CC3)c2c1,1,6,0.7461024386848799,598
CC(C)Cc1ccc(C(C)C(=O)NCCCNCCCNC2=CC(=O)C(NCCCNCCCNC(=O)C(C)c3ccc(CC(C)C)cc3)=CC2=O)cc1,1,4,0.5036694456924409,599
COc1cc2c(cc1OC)C(=O)C(Cc1cc[n+](Cc3ccccc3)cc1C(C)=O)CC2,1,1,0.9627685964941776,150
C[Si](C)(C)c1cccc(C(=O)C(F)(F)F)c1,1,5,0.5797611165534734,17
CCN(CCCCCCOc1ccc2c(C)c(C)c(=O)oc2c1)Cc1ccccc1,1,9,0.829131565637254,600
C/C(NCCCCNc1c2c(nc3ccccc13)CCCC2)=C(/N=N/c1ccc(C)cc1)C(=O)c1ccccc1,1,5,0.9440763313434871,601
CCOc1ccc(Cc2nc3cc(C(=O)N(CC)CC)ccc3n2CCCCN2CCCCC2)cc1,0,7,0.4194616086594305,602
COC(=O)C(C)CC(=O)C[C@@H](C)[C@H]1C[C@H](O)[C@@]2(C)C3=C(C(=O)C[C@]12C)[C@@]1(C)CCC(=O)C(C)(C)[C@@H]1C[C@@H]3O,0,2,0.10032988177114875,603
COc1cc2c(cc1OC)C(=O)/C(=C/c1ccc(N3CC[N+](C)(Cc4ccccc4Cl)CC3)cc1)C2,1,6,0.8861067115234372,604
COc1ccc(-c2cc(=O)c3ccc(OCCN4CCN(CCO)CC4)cc3o2)cc1,1,10,0.6519345813241895,605
COc1ccc2oc(-c3ccc(CN(C)Cc4ccccc4)cc3)cc(=O)c2c1,0,4,0.46815674517234906,184
CN1C(=O)Cc2cc3c(CCC4CCN(Cc5ccccc5)CC4)noc3cc21,1,10,0.9646829025832795,606
COc1c(CC=C(C)C)c(O)cc2c1C[C@H](c1ccc(O)c(CC=C(C)C)c1O)CO2,0,9,0.35960706835275935,607
COc1ccc2[nH]c3cc[n+](C)cc3c2c1,0,10,0.3322349583295892,608
O=C(NCCCCCc1ccccc1)Oc1ccc(-n2cc(COc3ccc4ccc(=O)oc4c3)nn2)cc1,0,7,0.8981650555203207,609
COc1cc2cc(C3CC[N+](C)(Cc4ccccc4)CC3O)sc2cc1OC,0,8,0.6570331221921006,610
CC1=C[C@@H]2Cc3nc4cc(Cl)ccc4c(NCCCCCCCNc4c5c(nc6cc(Cl)ccc46)CCCC5)c3[C@H](C1)C2,1,10,1.0,415
CCN1CCc2sc(-c3cnc4[nH]c5cnc(C#N)cc5c4c3)cc2C1,1,9,0.6843832869906531,611
COc1ccc2c(N)c3c(nc2c1)CCCC3,1,5,0.7473492605131878,141
CCN(CC)Cc1ccc(/C=C2\Cc3ccccc3C2=O)cc1,1,5,0.5591505175569391,211
O=C1Cc2cc3onc(CCC4CCN(Cc5ccccc5)CC4)c3cc2N1,1,1,0.9631006284647015,584
Cc1c(Cl)c(=O)oc2cc(OCCN3CCN(CCCNc4c5c(nc6ccccc46)CCCC5)CC3)ccc12,1,9,0.9754612942500778,612
CCN(CC)CC(O)COc1cc(C(C)C)ccc1C,1,4,0.526826565176816,17
O=c1c2cc(OCCCN3CCCCC3)ccc2nc2n1Cc1ccccc1-2,1,5,0.7506126890557521,613
O=C(O)CC1(CC(=O)c2cc(O)ccc2O)C=C(CO)CCC1,0,5,0.4106949822931447,614
CCCCCN1CCc2cc(C(=O)CCC3CCN(Cc4ccccc4)CC3)ccc21,1,7,0.9684551571451139,43
CCN(CCC(=O)NCCCNc1c2c(nc3ccccc13)CCCC2)C1CCCCC1,1,5,0.991520154824402,615
COc1cc2oc3cccc(O)c3c(=O)c2c(O)c1CN(C)C,0,2,0.3825724276094029,616
O=C(c1c2ccccc2cc2ccccc12)N1c2ccccc2Sc2ccccc21,1,5,0.521569065003198,617
Cc1ccc(-c2nc(NCC3CCN(Cc4ccccc4C(F)(F)F)CC3)sc2-c2ccc(C)cc2)cc1,1,1,0.9419344044167794,144
O=C(CCC1CCN(Cc2ccccc2O)CC1)c1cc2c3c(ccn3C(=O)CC2)c1,1,3,0.9423065564507115,178
COc1cc(/C=C/C(=O)N2CCN(c3ccc(Cl)cc3)CC2)ccc1O,0,9,0.11833723959767938,579
O=C(O)c1sc(-c2ccnc(NC(=O)C3CC3)c2)nc1OCCNc1c2c(nc3ccccc13)CCCC2,1,8,0.9775305714154843,618
Cc1ccc(C2CC(c3cccc(O)c3)=Nc3ccccc3S2)cc1,0,4,0.2992539136451955,505
O=C(/C=C/c1c[nH]c2ccccc12)NCCCCCCNc1c2c(nc3cc(Cl)ccc13)CCCC2,1,7,0.9743441645706716,619
COc1ccc([C@H]2O[C@@H](O)[C@H]3[C@@H]2C(=O)O[C@@H]3c2ccc(OC)c(OC)c2)cc1OC,1,10,0.6052883416288899,620
COc1ccc(-c2cc(-c3ccc(OC)cc3)c3c(N)n[nH]c3n2)cc1,1,10,0.5528643206135305,104
CCN(CC)CCCCCOc1ccc(C(=O)c2ccc(CN(C)Cc3ccccc3)cc2)cc1,1,4,0.892151520717963,302
COc1cccc(CC2CCN(CCCCOc3ccc4c5c(c(=O)oc4c3)CCCC5)CC2)c1,0,8,0.3675761007160528,621
CCNC(=O)Oc1ccc2c(c1)C1(C)COC(O2)O1,1,5,0.7033877188323475,622
S=C(NCc1ccccc1)NNc1c2c(nc3ccccc13)CCCC2,1,6,0.8695185369934366,623
Clc1ccc(Cn2cc(CNC3CCCCCC3)nn2)cc1,1,2,0.6997288939771561,624
CC(C)(C)OC(=O)Nc1ccc(O)c(C(=O)NCCCN2CCCCC2)c1,1,3,0.5811131605331809,625
COc1ccc(CCC(=O)Nc2nc(-c3cc4ccccc4oc3=O)cs2)cc1OC,1,9,0.6831805096466328,626
COc1ccc2[nH]cc(CCNC(=O)CCCCn3cc(CN4CC[C@@]56C=C[C@H](O)C[C@@H]5Oc5c(OC)ccc(c56)C4)nn3)c2c1,1,5,0.7588312377391346,627
C=C(C)[C@]1(O)CC[C@@]2(C)C3=Cc4c(cc(-c5cccnc5)oc4=O)O[C@]3(C)[C@@H](O)C[C@@H]2[C@@]12CCC(=O)OC2,0,9,0.445221702988454,628
COc1ccc(Cn2cc(C(=O)NCCCCCCCNc3c4c(nc5ccccc35)CCCC4)c(=O)c3ccccc32)cc1,1,3,0.9067470116736817,629
Cc1ccc(C2c3c(nc4c(c3N)CCCC4)N=C3CC(C)(C)CC(=O)C32)cc1,1,6,0.6590178928113466,630
Cc1cc(O)c(C)c(O)c1,0,4,0.3317166908280772,17
Cc1ccccc1NC(=O)Oc1ccc2c(c1)[C@]1(C)CC[N@@+](C)([O-])[C@@H]1N2C,1,5,0.9706266397351659,631
COc1ccccc1NC(=O)C1CCN(Cc2ccccc2)CC1,1,1,0.7255505601881589,495
COc1cccc2cc[n+](-c3ccc(Br)cc3F)cc12,1,1,0.7994923780641883,189
CCCCCCCNC(=O)Oc1ccc(Cc2nc3cc(C(=O)N(CC)CC)ccc3n2CCC(C)C)cc1,1,10,0.8197207564021777,632
O=C1CCN(Cc2ccccc2)C/C1=C\c1cccn1C(=O)c1ccccc1,0,4,0.21722799561850187,633
COc1cc2c(cc1OC)C(=O)C(Oc1cccc(C(C)N(C)C)c1)C2,1,2,0.8966221670694665,634
CCC(C)n1cc(C(=O)C(F)(F)F)cn1,1,7,0.7441143911310696,528
CN(C)C(=O)Oc1cccc2c1cc(C(=O)NCCOCCO)c[n+]2C,1,9,0.8604283944008898,95
CCCCC1=C(C)Cc2c1nc1ccccc1c2N,0,9,0.5653522096571693,635
COc1ccc(C(C)NS(=O)(=O)NC(=O)OCc2ccccc2)cc1,1,9,0.6551623969453502,472
COc1ccc(NC(=S)NCCN2CCOCC2)cc1Cl,0,3,0.3122420803288314,636
COc1ccc(N(CCC2CCN(Cc3ccccc3)CC2)C(C)=O)cc1,1,3,0.9091528430698569,213
C=CCNCC(=O)Nc1ccc2nc3n(c(=O)c2c1)CCC3,1,10,0.859997980818196,261
CC[C@@H](CN1CCCC1=O)C(=O)NCCCCCCCNc1c2c(nc3cc(Cl)ccc13)C[C@H]1C=C(C)C[C@@H]2C1,1,10,0.9515739972749727,637
COc1cccc(CN2CCC(CCC(=O)c3cc4c5c(ccn5C(=O)CC4)c3)CC2)c1,1,6,0.8532710959038837,178
COc1ccc(NC(=O)C2CCN(Cc3ccccc3)CC2)cc1,1,2,0.7356646943984723,495
CN(CCCOc1ccc2c(=O)c3ccccc3oc2c1)Cc1cccc(OC(=O)NCCCCCCCCCN2CCOCC2)c1,1,3,0.9834489561646962,638
CC1=CC2Cc3nc4cc(Cl)ccc4c(NCCCCCCCCC(=O)NCc4cc[nH]c(=O)c4)c3C(C1)C2,1,2,0.9657009033136099,639
CCOc1ccc(Cc2nc3cc(C(=O)NCCSSCCNc4c5c(nc6ccccc46)CCCC5)ccc3n2CCC(C)C)cc1,1,4,0.9763653637871983,640
COc1cccc(CN2CCC(/C=C3\Cc4cccc(OC)c4C3=O)CC2)c1,0,3,0.5518834736868452,360
Oc1cccc(C2=Nc3ccccc3SC(c3ccc(Cl)cc3)C2)c1,0,4,0.27469971563902157,505
CCN(C)Cc1cccc(/C=C2\Cc3cc(OC)c(OC)cc3C2=O)c1,1,8,0.8929851536755647,211
C#CCCCOc1ccc(-c2cc(=O)c3ccccc3o2)cc1CN1CCCCC1,1,7,0.6317101740704246,642
Cn1c2nc3ccccc3c-2c(NCCCCCCCCNc2c3c(nc4ccccc24)CCCC3)c2ccccc21,1,9,0.9925844695907231,643
CN(Cc1ccccc1)Cc1ccc(C(=O)c2ccc(OCCCCCN3CCCCC3)cc2)cc1,1,2,0.9046849382222582,644
COc1cc(/C=C/C(=O)N2CCC(Cc3ccccc3)CC2)ccc1OC(=O)N(c1ccccc1)c1ccccc1,0,3,0.13558505307160046,645
COc1ccc2[nH]c3c(C)[n+](C)ccc3c2c1,1,10,0.3932534943700889,646
Cc1cc(=O)[nH]c2c1C(=O)C(NCCCCNc1c3c(nc4cc(Cl)ccc14)CCCC3)=CC2=O,1,2,0.9708301073807797,647
CCCC(C)n1cc(C(=O)CF)cn1,0,1,0.5495164208001938,528
COc1ccc(-c2nc(NCC3CCN(Cc4c(F)cccc4Cl)CC3)sc2-c2ccc(OC)cc2)cc1,1,10,0.9079226888855726,144
COc1ccc(OCC(=O)NCC2CCN(Cc3ccccc3)CC2)cc1,1,8,0.7963897097929562,581
O=C(NCCCCCCCCCCNc1c2c(nc3cc(Cl)ccc13)CCCC2)c1ccc2nc(-c3ccc(Cl)cc3)c3c(c2c1)OCCC3,1,7,0.9896951415116687,648
COc1c(F)c[n+](CCCCOc2ccc3c(C)cc(=O)oc3c2)cc1F,1,4,0.7759009308091245,649
O=C1CCN(Cc2ccccc2)C/C1=C\c1cn(C(=O)c2ccc(F)cc2)c2ccccc12,0,10,0.08053346354258105,434
O=C(CCCCc1cccs1)NCCCNc1c2c(nc3cc(Cl)ccc13)CCCC2,1,5,0.9675067826731669,650
CNC(=O)Oc1cccc(CN(C)CCCCCCCOc2ccc3c(c2)OC(=Cc2ccccc2)C3=O)c1,1,7,0.77492787610274,535
c1ccc(CNc2ccnc(NC3CCN(Cc4ccccc4)CC3)n2)cc1,0,9,0.16573379483198897,651
CC1=CC2Cc3nc4cc(Cl)ccc4c(NCCCCCCCCCCCCNc4c5c(nc6cc(Cl)ccc46)CCCC5)c3C(C1)C2,1,7,0.9976117564237944,374
COc1ccc2c3c1O[C@H]1C[C@@H](O)C=C[C@@]31CCN(CCCCc1cn(CC(=O)NCCc3c[nH]c4ccccc34)nn1)C2,1,1,0.7836737513673274,481
CC(C)N(CCN1CC(=O)N(CCc2ccc(Cl)cc2Cl)CC1=O)C(C)C,0,2,0.4192764149966799,652
COc1ccc([C@@H]2CC(c3c4ccccc4cc4ccccc34)N=N2)cc1,1,10,0.6352858981278918,543
O=C(NCCCCCCNc1c2c(nc3cc(Cl)ccc13)CCCC2)Oc1ccc(-c2cc3cccnc3[nH]2)cc1,1,2,0.9976126363956354,653
COc1c(O)cc(C2CC(=O)c3c(cc(O)c(C/C=C(\C)CCC=C(C)C)c3O)O2)cc1O,0,1,0.14251987899860338,411
O=C(CC[C@H](NC(=O)CNC(=O)OCc1ccccc1)C(=O)N[C@@H](Cc1ccccc1)C(=O)OCc1ccccc1)NCC(=O)Nc1cccc2c(NCCCCCCCCNc3c4c(nc5ccccc35)CCCC4)c3c(nc12)CCCC3,1,3,0.9395499230697085,654
COc1cc2c(cc1OC)C(=O)C(CC1CCN(Cc3ncccc3C)CC1)C2,1,7,0.8819229390249723,655
CCOc1ccc(Cc2nc3cc(C(=O)NCCCNc4c5c(nc6ccccc46)CCCC5)ccc3n2CCC(C)C)cc1,1,9,0.9932177281222889,656
c1ccc2c(NCCCCCCCN3CCOCC3)c3c(nc2c1)CCCC3,1,1,0.9942397405491029,657
Nc1c2c(nc3ccc(F)cc13)CCCC2,1,10,0.7967053637465524,141
c1ccc2c[n+](CCCCCCCC[n+]3ccc4ccccc4c3)ccc2c1,1,3,0.9081524828089284,658
CCCCC1=NC2(CCCC2)C(=O)N1CC(=O)c1ccc(Cl)cc1,1,8,0.641905674201015,659
COc1ccc(C(F)(F)F)c[n+]1C,0,7,0.24405415504257155,46
CCN1CCN(C2CCN(C(=O)COc3ccc(I)cc3)CC2)CC1,0,2,0.22811426667563756,660
COc1cc2cc(NC(=O)CCCNCc3ccccc3)c(=O)oc2cc1OC,1,8,0.7629470693273069,661
CCOC(=O)c1c(C)nc2nc3c(c(N)c2c1-c1ccc(Cl)cc1)CCCCC3,0,6,0.3043678431636958,518
CCCCCN1CCCN=C1/C=N/O,0,8,0.10399197408937566,509
O=C(CN1CCC2c3ccccc3NC2C1)Oc1ccc(/C=C2\CCn3c2nc2ccccc2c3=O)cc1,1,4,0.7591524498249738,662
O=C(/C=N\O)Nc1ccc[n+](CCCCC[n+]2cccc(NC(=O)/C=N\O)c2)c1,0,8,0.032224396029815486,108
COc1ccc(-[n+]2ccc3cccc(OC)c3c2)cc1,1,9,0.8541998000334388,189
CCC1=CC2Cc3nc4cc(C)cc(C)c4c(N)c3C(C1)C2,1,6,0.7087657214915762,114
Nc1c2c(nc3ccccc13)CCCCC2,1,5,0.8252122736049553,663
Cc1cc(-c2ccc(Cl)cc2)nnc1NCCN1CCOCC1,0,3,0.32791663118421477,664
CNC(=O)Oc1ccc2c(c1)[C@]1(C)CCN(C)[C@@H]1N2,1,4,0.8332943148636263,37
CC(C)(C)c1cccc(C(=O)CF)c1,1,10,0.5785422540160555,17
CNC(=O)Oc1cccc(CN(C)CCCCCCCOc2ccc3c(c2)CC/C(=C/c2cc(O)c(O)c(O)c2)C3=O)c1,1,8,0.8963974928542175,553
CC(=O)N(CCCCNc1c2c(nc3ccccc13)CCCC2)CCCNc1c2c(nc3ccccc13)CCCC2,1,2,0.9961314701269072,501
COc1cc2c(cc1OC)CC(CC1CCN(CCNc3c4c(nc5ccccc35)CCCC4)CC1)C2,1,2,0.9684929652096222,665
CN(CCC1CCCCCC1)Cc1c[nH]c2c(OC(=O)N(C)Cc3ccccc3)cccc12,1,8,0.7961150121153745,666
O=C(NCCCCCCCCCCNc1c2c(nc3ccccc13)CCCC2)c1cc(=O)c2cc(O)ccc2o1,1,5,0.9997563297676466,482
Nc1c2c(nc3cc(Cl)ccc13)CCCC2,1,2,0.8882379414922055,141
CC[N+](CC)(CC)CCOCCOCCOC(=O)[C@]1(C)CCC[C@@]2(C)[C@@H]3CC[C@@]4(C)C[C@]3(CC[C@@H]21)CC4=O,0,4,0.26687335696271897,667
CNCOc1cccc(CN(C)CCCCCCCOc2ccc3c(=O)c4ccccc4oc3c2)c1,1,9,0.6207138326013499,248
COc1ccc2[nH]cc(CCNC(=O)CCCCn3cc(CCCCN4CC[C@@]56C=C[C@H](O)C[C@@H]5Oc5c(OC)ccc(c56)C4)nn3)c2c1,1,5,0.8210158376461479,668
COc1ccccc1/C=C1\CN(C(=O)C[C@H]2C[C@H]3CCCN3[C@]23C(=O)Nc2ccccc23)C[C@@]2(C[C@H]3CCCN3[C@@]23C(=O)Nc2ccccc23)C1=O,0,3,0.0773786147113587,669
CCN(Cc1ccccc1)Cc1ccc(-c2cc3ccc(OCCNC(=O)Cc4cc(F)cc(F)c4)cc3oc2=O)cc1,1,3,0.8675165601055265,670
COc1cccc(CN(C)CCOc2ccc3c(c2)oc(=O)c2ccccc23)c1,0,3,0.37447803332048524,671
CC(c1cc(O)c2c(c1)oc(=O)c1ccccc12)N(C)C,0,8,0.1834803907180553,521
C=C[C@@H]1[C@H]2C=C(C)C[C@]1(NC)c1ccc(=O)[nH]c1C2,0,3,0.42953572537157053,672
CCCCCCOC[n+]1ccn(C)c1/C=N/O,0,9,0.03967472888405172,154
O=C(N1CCCCC1)n1nc(-c2ccc(Cl)cc2)nc1SCC(F)(F)F,1,3,0.7183390845907501,673
COc1cc2c(cc1OC)C(c1ccccc1)N(CCc1cn(CCCCC3=C[C@H]4Cc5nc6cc(Cl)ccc6c(N)c5[C@H](C3)C4)nn1)CC2,1,6,0.6589250404626248,674
COc1cccc(CCCCCc2cccc(OC)[n+]2C)[n+]1C,1,5,0.7109732780780345,675
CCCCCCCNC(=O)Oc1ccc2c(c1)C1(C)CCN(CC)C2C1,1,5,0.9601995923598929,676
CCCCN(CCCC)CCCCOc1ccc(C(=O)/C=C/c2ccccc2)cc1,0,8,0.0690573383931764,33
COc1cc2c(cc1OCc1ccccc1)CCC(C)(CC(=O)NCCCCCCCCNc1c3c(nc4cc(Cl)ccc14)CCCC3)O2,1,6,0.9931017954897561,677
COc1ccccc1CN1CCC(N2CCC(NC3=CC(=O)c4ccccc4C3=O)CC2)CC1,0,1,0.5560366519179402,678
Cc1ccc2oc(=O)c(C(=O)NCCCCCCCNc3c4c(nc5ccccc35)CCCC4)cc2c1,1,5,0.9972504749739566,375
O=C(COc1ccc2occ(C(=O)c3ccccc3)c2c1)Nc1ccccc1,1,5,0.7938539348166684,173
COc1cc2c(cc1OC)C(=O)/C(=C/c1ccc(CN3CCCCC3)c(O)c1)O2,1,4,0.36426678896816794,679
CN1CCN(Cc2ccc3c(c2)C(=O)C(=O)N3C(=O)c2ccccc2)CC1,1,8,0.6768107960510079,680
CNC(=O)Oc1ccc2c(c1)CN(CCCOc1ccc3c(=O)c4ccccc4oc3c1)CC2,1,8,0.7793364136861971,681
CNC(=O)Oc1ccc2c(c1)c(C)cn2Nc1ccncc1F,1,8,0.5867205278713041,682
Cc1c(C)c2ccc(OCc3ccc(CN(C)Cc4ccccc4)cc3)cc2oc1=O,1,5,0.8022422470208369,68
CNc1cc(NCCSCc2ccc(CN(C)C)o2)c([N+](=O)[O-])cc1[N+](=O)[O-],1,4,0.91706817220196,588
Cc1ccccc1NC(=O)Oc1ccc2c(c1)[C@]1(C)CCN(C)C1N2Cc1ccccc1,1,2,0.6554413680099479,247
COc1ccccc1C(=O)Nc1ccc2c(c1)CN(C(=O)c1ccccc1)C(=O)C2,1,9,0.9367315461162817,90
CCOc1nn(-c2cccc(OCc3ccccc3)c2)c(=O)o1,1,7,0.41794956469530287,683
C/C=C1/CN2CCc3c([nH]c4ccccc34)[C@@H]2CC1/C(=C\C(=O)OC)OC,1,5,0.4032913568833685,684
c1ccc2c(c1)CCCN1Cc3cc(OCCCN4CCCCC4)ccc3N=C21,1,9,0.8156781936172984,685
O=C(/C=N/O)c1cnc(OCC2CCN(Cc3ccccc3)CC2)nc1,0,6,0.6415134914391198,686
CNC(NCCNCc1ccc(CN2CCCC2)o1)=C(C#N)C#N,1,9,0.838048865043533,687
CNC(=O)Oc1ccc2c(c1)[C@]1(C)CCN(Cc3ccccc3)[C@@H]1N2C,1,10,0.8974241894608588,688
Nc1cccc2c(NCCCCCCCCNc3c4c(nc5ccccc35)CCCC4)c3c(nc12)CCCC3,1,10,0.985099660050288,453
COC(=O)CC[C@@H](C)[C@H]1CC(=O)[C@@]2(C)C3=C(C(=O)[C@@H](OC(C)=O)[C@]12C)[C@@]1(C)CC[C@H](O)C(C)(C)[C@@H]1CC3=O,0,1,0.24932904896961885,689
O=C(CCCCC1CCSS1)NCCCCCCNc1c2c(nc3ccccc13)CCCC2,1,5,0.9931468668181396,690
CN(C)Cc1ccc(CSCCNc2ccc([N+](=O)[O-])cc2[N+](=O)[O-])o1,1,3,0.9177005279879024,588
COc1cc(/C=C2\CCc3cc([N+](=O)[O-])ccc3C2=O)c(Br)c(OC)c1OC,1,10,0.6151369942593425,313
CCN(CCCNC1=CC(=O)C(NCCCN(CC)Cc2ccccc2OC)=CC1=O)Cc1ccccc1OC,1,8,0.9409111293462508,691
O=[N+]([O-])OCCCCCCNCCCCNc1c2c(nc3ccccc13)CCCC2,1,10,0.9988393763290704,141
COc1cc2oc(C(=O)NCCC3CCN(Cc4ccccc4)CC3)cc(=O)c2cc1OC,1,10,0.9883812468214918,25
CCOc1ccc(Cc2nc3cc(C(=O)N(CC)CC)ccc3n2CCCCCNc2c3c(nc4ccccc24)CCCC3)cc1,1,10,0.99346348054813,692
COc1ccc2c(c1)CCC(Cc1cc[n+](Cc3cccc(C)c3)cc1C(C)=O)C2=O,1,5,0.9558294663382081,150
COc1ccc2c(c1)C[C@@H]1c3c(cc4c(c3-2)OCO4)CCN1C,0,8,0.3906205661934073,693
CN(C)Cc1ccc(CSCCNc2cc(Nc3ccccc3)c([N+](=O)[O-])cc2[N+](=O)[O-])o1,1,2,0.9719323005525028,694
C/C=C1\C2C=C(C)C[C@]1(C(=O)OC)CC(NCCCCCCCNc1c3c(nc4ccccc14)CCCC3)C2,1,7,0.9860212130197188,359
CCC1=CC2Cc3nc4ccccc4c(NCCCCCCCCNc4c5c(nc6ccccc46)CCCC5)c3C(C1)C2,1,1,0.9948070464048256,695
COc1cc(/C=C/C(=O)NCCC2CCN(Cc3ccccc3)CC2)cc(OC)c1O,1,7,0.9431734228008535,50
Cc1c(C)c2c(c(C)c1O)CCC(C)(C(=O)NCCCCCCCNc1c3c(nc4ccccc14)CCCC3)O2,1,1,1.0,319
COC(=O)C1=C(C)OP(=O)(OC)CCC1,0,2,0.30349733124225486,696
Cc1ccc2nc3c(c(NCCCl)c2c1)CCCC3,1,7,0.7983334596594968,141
c1ccc2c(NCCN3CCOCC3)c3c(nc2c1)CCCC3,1,1,0.9198426549876167,697
O=C(/C=C/c1cccs1)c1ccc(OCCCCBr)cc1,1,1,0.32536477347065795,698
COc1ccc(-c2nc(NC(=O)C3CCN(Cc4cccc(F)c4)CC3)sc2-c2ccc(OC)cc2)cc1,1,1,0.8366358664686413,699
CC(C)NC(=O)c1cc2c(OC(=O)N(C)C)cccc2[n+](C)c1,1,7,0.8936430448267462,95
Nc1c2c(nc3ccccc13)CCC2,1,10,0.7622161005250948,417
Cc1c(C)c2c(c(C)c1O)CCC(C)(C(=O)NCCNc1c3c(nc4ccccc14)CCCC3)O2,1,10,0.9367517310976848,700
O=C(NCCNc1c2c(nc3ccccc13)CCCC2)c1ccc(F)cc1,1,3,0.977343023392249,161
CCN(CCCC=Nc1cc(O)c(NCCCCN(CC)Cc2ccccc2OC)cc1O)Cc1ccccc1OC,1,3,0.9697033290968045,701
CCCCNC(=O)OCCCCCCCCCCO,1,6,0.8781531768587892,21
CCCCN[C@@H](Cc1c[nH]c2ccccc12)C(=O)NCCC1CCCN(Cc2ccccc2)CC1,0,3,0.4364387481315486,702
Fc1ccc(CN2CCC(c3cc4ccccc4o3)CC2)cc1,0,8,0.28681922298305695,20
C[C@@H](c1cccc(OC(=O)NCCCCNc2c3c(nc4ccccc24)CCCC3)c1)N(C)C,1,9,0.9881124988045512,703
CC(=O)c1ccccc1NC(=O)c1ccc(OCCCC[n+]2ccc3ccccc3c2)cc1,1,8,0.9004481401461828,704
Fc1ccc(CNC2CCN(Cc3ccccc3)C2)c(F)c1,1,4,0.8100417498752628,110
O=C(CN1CCN(C(=O)c2ccc(Cl)cc2)CC1)N1CCN(CCCc2c[nH]c3ccc(F)cc23)CC1,0,7,0.06988949477040046,36
CC[N+](CC)(CCCCCn1c(=O)cc(C)n(CCCn2c(C)cc(=O)n(C)c2=O)c1=O)Cc1ccccc1C(F)(F)F,1,3,0.9111734044994944,705
COc1cc2oc3c(Oc4cc(O)cc(O)c4)c(O)cc(O)c3c2c2c1Oc1c(Oc3cc(O)cc(O)c3)c(O)cc(O)c1O2,0,3,0.19504601327046628,706
O=C(c1ccc(OCCN2CCCCC2)cc1)c1c(-c2ccc(O)cc2)sc2cc(O)ccc12,1,6,0.5787257771328005,707
c1ccc2c(NCCCCCCCCNc3ccncc3)c3c(nc2c1)CCCC3,1,9,0.9984759658580412,708
CN(C)Cc1ccc(CSCCNc2cc(N)c([N+](=O)[O-])cc2[N+](=O)[O-])o1,1,3,0.9339459601057799,588
COc1cc2c(cc1OC(=O)CCCCC1CCSS1)C(=O)C(CC1CCN(Cc3ccccc3)CC1)C2,1,8,0.862553724092514,709
CN1c2ccccc2C(NCCCCCCC(=O)CCCCNc2c3c(nc4ccccc24)CCCC3)c2ccc(Cl)cc2S1(=O)=O,1,2,0.9738152905135085,710
CC(=O)Nc1nc(Cl)c2c(ncn2C2O[C@H](C(=O)NCc3ccccc3)[C@@H](OC(C)=O)[C@@H](OC(C)=O)[C@H]2OC(C)=O)n1,0,9,0.24525844548184225,711
Cc1cccc(CN2CCC(CCC(=O)c3ccc4c(c3)CCN4)CC2)c1,1,10,0.9165187829032592,43
Cc1cccc2c3c(ccc12)C1=C(C(=O)C3=O)[C@@H](C)CO1,1,7,0.549993685098428,712
COc1cc2c(cc1OC)C(=O)C(CC1CCN(Cc3ccccn3)CC1)C2,1,1,0.9358106837872846,655
Oc1cccc(C2=Nc3ccccc3SC(c3cccc(O)c3)C2)c1,0,9,0.12406585160026942,505
CCCCCCCNC(=O)Oc1cccc(CN(C)CCCOc2ccc3c4c(c(=O)oc3c2)CCCC4)c1,1,7,0.970789123199156,713
COc1cc(N)c(Cl)cc1C(=O)CCC1CCN(CCC2CCCCC2)CC1,1,6,0.9750971846744434,714
CCN(CCCCCC=Nc1cc(O)c(NCCCCCCN(CC)Cc2cccnc2)cc1O)Cc1cccnc1,1,3,0.9273832476527085,715
Nc1c2c(nc3ccccc13)-c1ccccc1CS2,0,1,0.2687515526534652,716
CN(CCOCCNC(=S)NC(=O)c1ccccc1)C1CCCCC1,1,9,0.6352021051553665,717
COc1ccc(Cn2cc(C(=O)NCCCCCNc3c4c(nc5ccccc35)CCCC4)c(=O)c3ccccc32)cc1,1,3,0.9218135100481504,718
CN(CCCCCCCOc1ccc(-c2oc3ccccc3c2C(=O)c2ccccc2)cc1)Cc1ccccc1,0,7,0.1328020688142888,116
COc1ccc(NC(=O)Nc2cccc(/C(N)=N/O)c2)cc1,0,3,0.067186685802765,38
CCN(CC)CCS/C(=N\O)c1nc(Cc2ccccc2)no1,0,3,0.4252993560077359,719
COc1ccc(C(=O)O[C@]2(C)[C@H](C)CC[C@]3(C(=O)O)CC[C@]4(C)C(=CC[C@@H]5[C@@]6(C)C[C@@H](O)[C@H](O)[C@@](C)(CO)[C@@H]6CC[C@]54C)[C@@H]32)cc1,0,5,0.11883514052685042,720
COc1ccccc1CN(CCCCCC(=O)N(C)CCCCCCCCN(C)C(=O)CCCCCN(Cc1ccccc1OC)C(C)C)C(C)C,1,1,0.840609955414483,318
COc1ccccc1CN(C)CCCCCC(=O)N(C)CCCCCCCCN(C)C(=O)CCCCCN(C)Cc1ccccc1OC,1,6,0.9369944899417544,318
COc1cc(/C=C/C(=O)N2CCN(c3ccc(C)cc3)CC2)ccc1O,0,3,0.10255413560764899,579
CCN(CC)CCOc1ccc2c(=O)cc(-c3ccc(OC)cc3)oc2c1,1,9,0.6823712074956566,158
CNC(=O)Oc1cccc2c1SC[C@@H]1CCN(C)[C@H]21,1,7,0.7106573956276351,721
COC1=CC(=O)C(N2CCC(C3CCN(Cc4ccccc4OC)CC3)CC2)=CC1=O,0,4,0.5496995732067295,722
CNC(=O)c1cc2c(OC(=O)N(C)C)cccc2[n+](C)c1,1,1,0.9089375748885238,95
COc1cc(/C=C/c2nnc(-c3ccc(OC(F)(F)F)cc3)o2)ccc1O,1,2,0.795884027689814,723
Cc1cc(NS(=O)(=O)c2ccc(-n3cc(COc4ccccc4-c4nc(Cc5ccccc5)no4)nn3)cc2)no1,1,3,0.6933021118836167,724
CN1CC[C@@]2(C)c3cc(OC(=O)NCCCCCCCCCCCCN4CCOCC4)ccc3N(C)[C@@H]12,1,10,0.9148765426161767,725
Cc1c(C)c2c(c(C)c1O)CCC(C)(C(=O)NCCCCCCCCCCNc1c3c(nc4ccccc14)CCCC3)O2,1,3,0.9583697964825615,726
CCSc1nc(-c2ccc(Cl)cc2)nn1C(=O)N(C)C,1,3,0.7274465250224168,183
Cc1c(C)c2c(c(C)c1O)CCC(C)(C(=O)NCCCCCCCCNc1c3c(nc4ccccc14)CCCC3)O2,1,1,1.0,727
COc1ccc(CCOCCCCCNc2c3c(nc4ccccc24)CCCC3)cc1OC,1,6,0.9646436564624182,165
COc1cc(O)c(C(=O)/C=C/c2ccc(F)cc2)cc1I,1,6,0.7020877081080121,33
COc1cc(CNC(=O)CCCCNc2c3c(nc4cc(Cl)ccc24)CC2C=C(C)CC3C2)ccc1O,1,1,0.9817064062659866,728
CSP(C)(=O)OC1CCCCC1,0,10,0.40997801340387713,729
Cc1ccc2c(c1)C1(C(=O)N2)C(C#N)=C(N)N2CCCNC2=C1[N+](=O)[O-],1,8,0.5885187653021685,730
c1ncc(-c2cc3c(cn2)[nH]c2ncc(-c4ccc(CN5CCCCC5)cc4)cc23)o1,1,4,0.9200918426888101,731
Cc1ccccc1NC(=O)Oc1ccc2c(c1)[C@]1(C)CCN[C@@H]1N2,1,6,0.8584900050310794,44
O=S(=O)(c1ccccc1)n1ccc2c(N3CCN(CCNc4c5c(nc6ccccc46)CCCC5)CC3)cccc21,1,1,0.9798189686191381,732
COc1ccc2cc(C(=O)CCC3CC[N+](C)(Cc4ccccc4)CC3)ccc2c1,1,8,0.8578120171406218,733
COc1cc(/C=C/C(=O)N2CCN(Cc3ccccc3)CC2)ccc1O,0,3,0.06964153404577661,253
O=C(NCCCCCCNCc1ccc2ccccc2c1)c1cc(Cl)nc(Cl)c1,0,10,0.8740184049378857,734
CCCC[N+](C)(CCCc1c[nH]c2ccccc12)CCC1CCCCCC1,0,2,0.46345480054887483,735
COc1cccc2c1C=[N+](c1ccc(Br)cc1)CC2,1,10,0.7462220347560177,286
c1ccc(COC[C@H]2NC[C@H](OCc3ccccc3)[C@@H](OCc3ccccc3)[C@@H]2OCc2ccccc2)cc1,0,1,0.4010610712494614,736
CC1=CC2Cc3nc4cc(Cl)ccc4c(NCCCCCCNC(=O)[C@@H](N)Cc4c[nH]c5ccccc45)c3C(C1)C2,1,10,0.9660915527903401,737
Oc1ccc(CCOCCCCCNc2c3c(nc4ccccc24)CCCC3)cc1O,1,2,0.9795420301728933,165
FC(F)(F)c1ccc(CNC2CCN(Cc3ccccc3)C2)cc1,1,4,0.9284434192593721,110
COc1cc(C(=O)NCCC(=O)NNc2c3c(nc4ccccc24)CCCC3)cc(OC)c1OC,1,4,0.9465439294546775,738
C/C=C1/C(=O)C[C@@]2(C)[C@@H]3CC[C@H]4C(C)(C)[C@@H](N(C)C)CC[C@@]45C[C@@]35CC[C@]12C,0,8,0.2864910736428353,739
COc1cc2c(cc1OCCCCCC1CCSS1)CC(CC1CCN(Cc3ccccc3)CC1)C2=O,1,3,0.8432036675587927,740
CCCCNC(=O)Oc1cccc(CN(CC)CCCOc2ccc3c(=O)c4ccccc4oc3c2)c1,1,4,0.9861283069616661,77
CCN(CC)Cc1ccc(/C=C2\Cc3ccc(OC)cc3C2=O)cc1,1,3,0.7412775985099117,211
O/N=C/c1cc[n+](COC[n+]2ccc(/C=N/O)cc2)cc1,0,8,0.08596606221496858,541
O=C(Nc1ccc(CN2CCOCC2)cc1C(=O)C(=O)N1C(=O)CCC1=O)c1ccccc1,1,2,0.6488538858942895,741
CC[C@@]1(c2cccc(OC(=O)Nc3ccccc3)c2)CCCCN(C)C1,1,8,0.6644514821621652,742
COc1cc2c(cc1O)CC(C)C2=O,1,9,0.7493114827749369,89
Clc1ccc(CNCCCCCCCCNc2ccnc3cc(Cl)ccc23)c(Cl)c1,1,5,0.9278435768849866,71
COc1cc(N)c(I)cc1C(=O)CCC1CCN(CC2CCCCC2)CC1,1,9,0.9871487313405934,31
O=C(NNC=C1C(=O)NC(=S)NC1=O)Nc1ccccc1,0,7,0.12880900030385714,743
C[C@@H]1CCC[C@H](C)N1S(=O)(=O)c1ccc(Cl)cc1,1,2,0.8040646257713511,63
C=CCNCC(O)COc1cc(C(C)C)ccc1C,1,4,0.5750127821186256,17
O/N=C/C1=NCCCN1Cc1cc(C(F)(F)F)cc(C(F)(F)F)c1,0,8,0.24521863982545455,744
Nc1c2c(nc3ccc(Br)cc13)CCCCC2,0,7,0.6829270935788371,663
O=C(Nc1cc2ccccc2oc1=O)c1ccc([N+](=O)[O-])cc1,0,10,0.398534631889381,480
O=C(CCC1CCN(Cc2cccc(F)c2)CC1)c1ccc2c(c1)CCN2,1,3,0.9470891289223228,43
CC1=CC2Cc3nc4ccccc4c(NCCCCCCCCCCNc4c5c(nc6cc(Cl)ccc46)CCCC5)c3C(C1)C2,1,10,1.0,745
O=c1cc(-c2ccc(O)cc2)oc2cccc(OCc3ccccc3)c12,1,3,0.5099842556037485,746
NS(=O)(=O)c1ccc(/N=C/c2cc(Br)cc(Br)c2O)cc1,1,9,0.6821297937843201,747
C[C@H](Cc1ccccc1)NC(=O)Oc1cccc([C@H](C)N(C)C)c1,1,6,0.7452158692849742,748
NS(=O)(=O)c1cccc(NC(=S)N/N=C2\C(=O)N(Cc3ccccc3)c3ccc([N+](=O)[O-])cc32)c1,1,4,0.6903726222177995,749
O=C1C(=O)c2ccc([N+](=O)[O-])c3c([N+](=O)[O-])ccc1c23,1,4,0.5276080847887563,750
Cc1cccc2sc(NC(=O)CCN3CCN(c4ccccn4)CC3)nc12,0,3,0.35392415251423726,751
c1nnc(-c2cc3c(cn2)[nH]c2ncc(-c4ccc(CN5CCCCC5)cc4)cc23)o1,1,7,0.8488536620046084,752
COc1ccc2c(c1)C(=O)/C(=C/c1ccc(CN(C)Cc3ccccc3)cc1)C2,1,4,0.47887105391490764,203
COc1ccc(C[C@H]2c3c(ccc(OC)c3O)CCN2C)cc1,0,5,0.39621621034548915,753
Cc1ccc2[nH]c3c(c2c1)CN(Cc1ccccc1)CC3,0,10,0.2724814089293406,519
CC(C)(C)c1cc[n+](COC[n+]2ccc(C(C)(C)C)cc2)cc1,0,3,0.1571258879572743,541
CC1=CC2Cc3nc4cc(Cl)ccc4c(NCCCCCCNc4c5c(nc6ccccc46)CCCC5)c3C(C1)C2,1,8,1.0,754
CC1c2[nH]c3ccccc3c2C[C@@H](C(=O)NCCCCCCNc2c3c(nc4ccccc24)CCCC3)N1C(=O)OC(C)(C)C,1,8,0.9598517894607693,755
Nc1c2c(nc3ccccc13)CCCC2O,1,1,0.6829338691377457,141
COc1cc2c(cc1OC)C(=O)C(CC1C=CN(Cc3ccccc3)C=C1C(C)=O)CC2,1,10,0.7024011763800494,756
O=C(/C=C/c1ccc(OCCCCCCN2CCCC2)cc1)c1ccc(OCCCCCCN2CCCC2)cc1O,1,4,0.3903619120928455,757
O=c1[nH]c(COCCC2CCN(Cc3ccccc3)CC2)nc2c1cnn2C1CCCC1,1,10,0.8544874153934142,758
COc1cc2c(cc1OC)C(=O)/C(=C/c1ccc(N3CC[N+](C)(Cc4ccccc4Br)CC3)cc1)C2,1,3,0.8474160354185406,604
CC(=O)NCCc1c[nH]c2ccc(OC(=O)NCCCCCCCNc3c4c(nc5cc(Cl)ccc35)CCCC4)cc12,1,2,0.9986182502595556,73
Cc1c(C)c2ccc(OCCCN(C)Cc3ccccc3)cc2oc1=O,1,1,0.7633572231989283,575
CCOC(=O)c1c(C)nc2nc3c(c(N)c2c1-c1ccccc1OC)CCCCC3,0,2,0.3502261634893664,518
N#CC(c1ccc(O)cc1)N1CCCCC1,0,5,0.1897942796195487,170
O=C1C(=O)N(C(=O)c2ccccc2)c2ccc(CN3CCCCC3)cc21,1,7,0.6537227817396453,759
COc1ccc2nc(NCCc3cc[n+](Cc4c(F)cccc4F)cc3)sc2c1,1,8,0.884547701419339,423
CCN(CCCCCCNC1=CC(=O)C(NCCCCCCN(CC)Cc2cccs2)=CC1=O)Cc1cccs1,1,3,0.9174643931744456,760
COCC[N+]1(C)CCC(CCC(=O)c2cc3cc(OC)c(OC)cc3s2)CC1,1,5,0.9388446114723361,484
Fc1ccc(F)c(CN(CCCCCCCCNc2ccnc3cc(Cl)ccc23)c2cc(F)ccc2F)c1,1,10,0.8943090846746131,761
Cn1cc[n+](COCC2CCCc3ccccc32)c1/C=N/O,0,2,0.15783402669055405,762
C[C@@H]1CCC[C@H](C)N1S(=O)(=O)c1ccc(C(C)(C)C)cc1,1,9,0.7385936006254039,63
CS[C@@H](Cn1nnc2cc(C#Cc3ccc(N4C[C@H](O)[C@@H](O)C4)cc3)ccc21)N(O)C=O,0,2,0.2834807621476314,763
CNC(=O)Oc1cccc(-c2cn3ccccc3[n+]2C)c1,1,9,0.4101216501443169,5
COc1cccc(CN2CCC(CCC(=O)c3ccc4c(c3)NCCCC4)CC2)c1,1,10,0.6725527258919288,55
CCCCN(CCOc1cccc2c(OC(=O)N(C)C)cccc12)CCC1CCCCCC1,1,6,0.7522524105226718,764
C/C=C(\C)C(=O)N[C@@H]1C=C2CC[C@H]3[C@@H]4CC[C@H]([C@H](C)N(C)C)[C@@]4(C)CC[C@@H]3[C@@]2(C)C[C@@H]1O,0,10,0.16546328461352475,765
CCNCc1ccc2nc(-c3cccnc3)c3c(c2c1)NCCC3,0,10,0.5227738466442912,301
CCN1CCN(C2CCN(C(=O)COc3ccc(-c4ccc(OC)cc4)cc3)CC2)CC1,0,9,0.18632298543088743,250
COc1ccc(NC(=O)CNC(=O)/C=C/c2ccc(O)c(OC)c2)cc1,0,9,0.09459546185045939,143
COc1ccc2c(c1)O/C(=C\c1ccc(OCCN3CCCCC3)c(Cl)c1)C2=O,1,4,0.6305813552676134,766
Brc1ccc([N+]2=Cc3ccccc3CC2)cc1,0,2,0.6731050205675454,286
CCC1=CC2Cc3nc4cc(Cl)ccc4c(NCCN=[N+]=[N-])c3C(C1)C2,1,9,0.87335792006851,114
CN1CCN(CCC(=O)Nc2n[nH]c3ncccc23)CC1,1,2,0.6757650110939063,767
c1ccc2c[n+](CCCCC[n+]3ccc4ccccc4c3)ccc2c1,0,3,0.6554657512442416,768
COc1cc2c(cc1OC)C(=O)C(CC1(F)CCN(Cc3ccccc3)CC1)C2,1,3,0.9487903946377186,23
N[C@@H](Cc1c[nH]c2ccccc12)C(=O)NCCCCCCCCNc1c2c(nc3ccccc13)CCCC2,1,6,0.96558271219562,299
COc1cc2cc(C(=O)NCCCCCCCNc3c4c(nc5ccccc35)CCCC4)c(=O)oc2cc1OC,1,4,0.9973606113664033,375
COc1cccc2cc[n+](-c3ccc(C(F)(F)F)cc3)cc12,1,7,0.8643514349566669,189
COc1cc([C@H]2OC[C@H]3[C@@H]2CO[C@@H]3c2cc(OC)c(OC)c(OC)c2)cc(OC)c1OC,1,9,0.7156572273518456,769
COc1cc(CNc2ccnc(NC3CCN(Cc4ccccc4)CC3)n2)cc(OC)c1OC,0,3,0.3226649873501285,651
CCCCCCCNC(=O)Oc1cccc(CN(CCC)CCCOc2ccc3c(=O)c4ccccc4oc3c2)c1,1,6,0.9786591077593223,77
Cc1ccc2nc3c(c(N4CCCCC4)c2c1)CCCC3,1,9,0.7071350092041521,770
CC1CCN(CCc2ccccc2)CC1,1,2,0.6000616767928529,771
CC[N+](CC)(CC)CCOc1cc(OCC[N+](CC)(CC)CC)cc(C(=O)NCCCCCC(=O)NNc2c3c(nc4cc(Cl)ccc24)CCCC3)c1,1,6,0.9700579744195714,772
CCN(CC)C(=O)/C=C/c1ccc(OC(=O)N(C)C)c(OC)c1,0,3,0.19268836513807702,17
Cc1ccc(NC(=O)COc2ccc(O)c(-c3cn[nH]c3-c3ccc(C)cc3)c2)cc1,1,3,0.8432571577375545,773
Cc1ccc(S(=O)(=O)SCc2ccc(F)cc2)cc1,1,4,0.8980598102520401,59
COC(=O)c1ccc(/C=N/NC(=O)c2ccc(Cl)nc2)cc1,1,1,0.7007999687341853,774
COc1ccc2[nH]cc(CCNC(=O)CCCCCCNc3c4c(nc5cc(Cl)cc(Cl)c35)CCCC4)c2c1,1,5,0.9063703126748712,444
CC1N[C@H](C(=O)NCCCCCCNc2c3c(nc4ccccc24)CCCC3)Cc2c1[nH]c1ccccc21,1,8,0.9945636881398772,755
Cc1ccc(NC(=O)Oc2ccc3c(c2)[C@]2(C)CCN(C)[C@@H]2N3C)cc1,1,10,0.9360131411777983,44
S=C(NNc1c2c(nc3ccccc13)CCCC2)Nc1ccc(Cl)cc1,1,2,0.9269236455972115,15
CCOC(=O)C1C(C)=Nc2nc3c(c(N)c2C1c1ccccc1)CCCC3,1,5,0.8155413759975559,74
CC(=O)Nc1nc(Cl)c2ncn(C3O[C@H]4[C@H](OC(=O)[C@@H]4O)[C@H]3OC(C)=O)c2n1,0,10,0.31177820370943826,775
COc1cc2oc(C(=O)NCCCC3CCN(Cc4ccccc4)CC3)cc(=O)c2cc1OC,1,1,0.9457176033506732,776
CC1=CC2Cc3nc4cc(Cl)ccc4c(O)c3C(C1)C2,0,1,0.6372428263538952,114
CCN(CC)C(=O)c1ccc2c(c1)nc(Cc1ccc(OC(=O)N3CCC3)cc1)n2CCC(C)C,1,3,0.4391713137635941,777
CCN(C)C(=O)Oc1ccc2c(c1)C(N)CC2,0,7,0.26810961931985844,2
CC[N+]1(Cc2ccccc2[N+](=O)[O-])CCCCCn2c(C)cc(=O)n(c2=O)CCCCC[N+](CC)(Cc2ccccc2[N+](=O)[O-])Cc2ccc(cc2)C1,1,8,0.7995127985146682,778
COc1ccc2c(c1)c(/C=C1\CN(Cc3ccccc3)CCC1=O)cn2C(=O)c1ccccc1,0,7,0.1894914448441161,434
CN1CCC(CCCC2Cc3ccccc3C2=O)CC1,1,6,0.7865010401461193,779
O=C1c2ccccc2CN1CCC1CCN(Cc2ccccc2)CC1,1,9,0.9177249601281929,780
O=C(NCCCCCNc1c2c(nc3cc(Cl)ccc13)CCCC2)c1ccc2nc(-c3ccc(Cl)cc3)c3c(c2c1)NCCC3,1,4,0.9882177707220281,781
CC[N+](CC)(CCCCCn1c(=O)cc(C)n(CCCCCn2c(C)cc(=O)n(C)c2=O)c1=O)Cc1ccccc1C(F)(F)F,1,9,0.9643351598476672,6
CC(C)(C)OC(=O)N[C@@H](Cc1c[nH]c2ccccc12)C(=O)NCCNc1c2c(nc3ccccc13)CCCC2,1,6,0.9464128289599355,782
CCCn1c2c(c3c(Br)c(OC(=O)NC)ccc31)CC/C2=N/CC,1,10,0.7970554998833079,162
CNC(=O)Oc1cccc2c1CCC1C2CCN1CCC1CCCCC1,1,1,0.7764969800439896,783
O=C(c1cccc(F)c1F)n1nc(OCCN2CCCC2)c2ccccc21,0,3,0.32141265949779124,784
O=C(COc1ccc(Cc2ccccc2)cc1)NCCN1CCN(Cc2ccccc2)CC1,1,10,0.8228394236528562,785
C/C(=C\CC[C@@H](C)[C@H]1CC[C@@]2(C)C3=CC[C@H]4C(C)(C)[C@@H](O)CC[C@]4(C)C3=CC[C@]12C)C(=O)O,0,7,0.07594445988322472,98
CN(CCCC(F)F)Cc1ccc(COc2ccc3c(CO)cc(=O)oc3c2)cc1,1,3,0.7870877056298691,786
COC(=O)C1=C(C)Nc2nc3c(c(N)c2C1c1cccc([N+](=O)[O-])c1)CCCC3Cl,1,8,0.7838544549364518,1
COc1ccc(CN2CCC(c3oc4ccccc4c3C(=O)c3ccccc3)CC2)cc1,0,4,0.12416229076994595,787
c1cc(CCNc2c3c(nc4ccccc24)CCCC3)nc(CCNc2c3c(nc4ccccc24)CCCC3)c1,1,2,0.9848094276096038,788
CNC(=O)Oc1ccc2c(c1)[C@]1(C)CC[N+](C)(C)C1N2C,1,7,0.9106743955082044,394
COc1ccc(-c2nc(NC(=O)C3CCN(Cc4c(F)cccc4Cl)CC3)sc2-c2ccc(OC)cc2)cc1,1,1,0.8055489678937554,699
CC1=CC2Cc3nc4cc(Cl)ccc4c(NCCCCCNC(=O)c4cc(O)c5c(c4)C(=O)c4cccc(O)c4C5=O)c3C(C1)C2,1,9,0.9839814007560658,789
O=C(CCC1CCN(Cc2ccccc2)CC1)c1ccc2[nH]c(-c3ccccc3)nc2c1,1,6,0.9134751723374724,790
CN=C(NCCNCc1ccc(CN2CCCC2)o1)C(C#N)C#N,1,8,0.8220733225479728,687
COc1cc2c(cc1O)CCC(C)(CCNCCCCCCCNc1c3c(nc4cc(Cl)ccc14)CCCC3)O2,1,7,0.9880849322517978,791
O=c1c2ccccc2[se]n1-c1ccc(CN2CCCCC2)cc1,0,8,0.49947191644007377,792
Cc1ccccc1NC1=C([N+](=O)[O-])C2(NN1)C(=O)Nc1ccc([N+](=O)[O-])cc12,0,7,0.2672448522725871,793
COc1ccc(NCC2CCN(Cc3ccccc3)CC2)cc1OC,1,10,0.805427569872021,794
CNC(=O)Oc1cccc(CN(C)CCCOc2ccc3ccccc3c2)c1,1,9,0.8822133040140989,795
O=C(Nc1ccc2c(c1)CN(C(=O)c1ccccc1)C(=O)C2)c1cccc(Cl)c1,1,10,0.9398398233108831,90
COc1c2c(cc3c1OCO3)[C@]13C=C[C@H](OC)C[C@@H]1[N@](C2)C[C@H]3OC(=O)c1ccccc1C,0,3,0.2323246518224183,796
CCN(CCCCCC(=O)N(C)CCCCCCCCN(C)C(=O)CCCCCN(CC)Cc1ccccc1[N+](=O)[O-])Cc1ccccc1[N+](=O)[O-],1,4,0.9096607432060949,318
COc1cc2c(cc1OC)C(=O)C(Cc1cc[n+](CCc3ccccc3)cc1C(N)=O)C2,1,5,0.8407950052283727,797
CC(C)(O[C@@H]1O[C@H](CO)[C@@H](O)[C@H](O)[C@H]1O)[C@H]1Cc2cc3ccc(=O)oc3cc2O1,0,9,0.497078575288261,798
O=C1c2ccccc2C(=O)N1CCCCCNCc1ccc(F)cc1,1,4,0.8870096136767345,289
CCCCOC[n+]1ccn(C)c1/C=N/O,0,6,0.02361115699720571,154
CCN(CCCOc1ccc2c(=O)c3ccccc3oc2c1)Cc1cccc(OC(=O)NC)c1,1,3,0.9765553720319488,77
CCCCN[C@@H](Cc1c[nH]c2ccccc12)C(=O)NCCC1CCN(Cc2ccccc2)CC1,0,2,0.5127038149799695,799
O=C(Nc1ccc2c(c1)CN(C(=O)c1cccc(Cl)c1)C(=O)C2)c1ccccc1,1,2,0.951754997763747,90
COc1ccc([C@H]2Oc3cc(O)c(C/C=C(\C)CCC=C(C)C)c(O)c3C(=O)[C@@H]2O)cc1O,0,10,0.1112314009611895,411
CC1=CC2Cc3nc4cccc(F)c4c(N)c3C(C1)C2,1,1,0.8313654563008364,114
COc1ccc2c(c1)CCC(Cc1cc[n+](Cc3ccccc3Cl)cc1C(N)=O)C2=O,1,10,0.8761335551121554,150
O=C(NO)c1ccc(Nc2c3ccccc3nc3ccccc23)cc1,1,10,0.6665424538520536,558
CCN1CC[C@H]2c3cc(OC(=O)NC)ccc3CC21,1,6,0.6908469237770414,309
CC1CCN(Cc2ccc(CNCCN3CCNC3=C(C#N)C#N)o2)CC1,1,8,0.8683992688503209,424
CC(=O)NCCc1c[nH]c2ccc(OC(=O)NCCCCCCCCNc3c4c(nc5ccccc35)CCCC4)cc12,1,7,0.9971005647593749,800
C#CCNCCc1cccc(OC(=O)N(C)C)c1,1,9,0.5414628900134576,17
CN(CCCOc1ccc2c(=O)c3ccccc3oc2c1)Cc1cccc(OC(=O)NCCCCCCN2CCOCC2)c1,1,7,0.9825921938520696,801
Cc1cc(=O)oc2cc(CNCCC3CCN(Cc4ccccc4)CC3)ccc12,1,8,0.9160272440373554,802
COc1cc(CCC(=O)NCCCCCC(=O)NNc2c3c(nc4ccccc24)CCCC3)cc(OC)c1OC,1,3,0.9700472272826333,803
CN/C([CH-][N+](=O)[O-])=[NH+]\CCSCc1ccc(CN(C)C)o1,1,5,0.6409030327784561,804
O=C(NCCCNc1c2c(nc3ccccc13)CCCC2)c1sc(-c2ccnc(NC(=O)C3CCC3)c2)nc1OCC1CC1,1,6,0.9956937785685629,805
Cc1cc(=O)oc2cc(OCc3cc[n+](Cc4cccc([N+](=O)[O-])c4)cc3)ccc12,1,4,0.8642105403684455,175
COc1ccc2[nH]cc(CCNC(=O)/C=C/c3cc[n+](Cc4cccc(F)c4)cc3)c2c1,1,7,0.8196913909913157,806
Nc1ccc(C(=O)CCC2CCN(CC3CCCCC3)CC2)c(OCCF)c1,1,8,0.9225520246406848,31
O=C(NCCCCCCNc1c2c(nc3ccccc13)CCCC2)c1ccccc1O,1,4,0.9935498120490801,807
c1cc(-c2cc3c(cn2)[nH]c2ncc(-c4ccc(CN5CCCCC5)cc4)cc23)ccn1,1,4,0.9225024386616743,808
O=C1Nc2ccc([N+](=O)[O-])cc2C12NNC(Nc1ccc(Cl)cc1)=C2[N+](=O)[O-],0,7,0.35398299820783863,793
N[C@@H](Cc1c[nH]c2ccccc12)C(=O)NCCNc1c2c(nc3ccccc13)CCCC2,1,9,0.8203447484424342,782
COc1cc2c(cc1OC)C(=O)[C@@H]([C@H](O)C1CC[N+](C)(Cc3ccccc3)CC1)C2,1,6,0.6761421891437513,809
c1ccc2c(NCCc3ccc(OCCCN4CCCCC4)cc3)c3c(nc2c1)CCCC3,1,1,0.9555039420652561,810
CCOC(=O)c1c(C)nc(N2CCN(S(=O)(=O)c3ccc(NC(C)=O)c(Cl)c3)CC2)nc1-c1ccc(OC)c(OC)c1,1,6,0.9389113267524999,35
O=C(CN1CCN(C(=O)c2ccccc2Br)CC1)N1CCN(CCCc2c[nH]c3ccc(F)cc23)CC1,0,8,0.13088292240962993,36
O=c1c2ccccc2nc2n1C(C1CN=Cc3[nH]c4ccccc4c31)CC2O,0,7,0.35956286242215074,811
O=C(CCC1CCN(CC2CCCCC2)CC1)c1ccc2c(ccn2Cc2ccccc2)c1,1,7,0.9384516191648519,284
CCOCC[n+]1ccc(CCC(=O)c2cc3cc(OC)c(OC)cc3s2)cc1,1,7,0.9319531388591483,812
C[C@@H](c1cccc(OC(=O)NCCc2c[nH]c3ccc(O)cc23)c1)N(C)C,1,8,0.7860502068021293,270
Cc1ccc2cc(C3CC(c4cc(Cl)sc4Cl)=NN3)c(Cl)nc2c1,1,6,0.6625188759695614,813
COC(=O)c1ccc(C[n+]2ccc(CCC(=O)C3Cc4cc(OC)c(OC)cc4S3)cc2)cc1,1,2,0.9131415252922364,814
COc1cc(/C=C/C(=O)N2CCN(Cc3ccccc3)CC2)ccc1OC(=O)N(c1ccccc1)c1ccccc1,0,7,0.1507066085969144,815
CCCOc1ccccc1CN(CC)CCCCCC(=O)N(C)CCCCCCCCN(C)C(=O)CCCCCN(CC)Cc1ccccc1OCCC,1,3,0.9120196637204242,318
Clc1ccc2c(NCCCCCN3c4ccccc4Sc4ccccc43)c3c(nc2c1)CCCC3,1,4,0.977696916485423,816
NC(=O)c1cc[n+](CCC[n+]2ccc(/C=N/O)c(Cl)c2)cc1,0,8,0.022326839244304272,283
Cc1c2[nH]c3ccc(O)cc3c2cc[n+]1C,1,2,0.4397012040994983,646
CN(C)Cc1c(O)c(O)c(O)c2c(=O)cc(-c3ccccc3)oc12,0,7,0.33445522837991265,158
Nc1c2c(nc3ccccc13)-c1ccc(F)cc1C2,1,6,0.41676642974621186,356
Cc1cc(Br)cc(C)c1OCC(=O)NCCN1CCN(Cc2ccccc2)CC1,1,3,0.824477319545628,61
CCN(CCCCCn1c(C)cc(=O)n(CCCCCN(CC)Cc2cccc(C(=O)OC)c2)c1=O)Cc1cccc(C(=O)OC)c1,1,8,0.8363605389101199,817
O=C(Nc1cc(COCc2cn(CCNc3c4c(nc5ccccc35)CCCC4)nn2)ccn1)Nc1cccc2c1C1CCCCN1C2=O,1,10,0.9802485880961109,818
COc1ccc(CN(CC(=O)NC(C)C)C(=O)CCCCCn2cc[n+](C)c2/C=N\O)cc1,0,4,0.2773216622445273,819
COc1cc2c(cc1OC)C(c1ccccc1)N(CCCCCc1ccnc(/C=N/O)c1O)CC2,0,7,0.04513884243710438,820
O=C1CCN(Cc2ccccc2)C/C1=C\c1ccn(C(=O)c2ccccc2)c1,0,7,0.19054187008722148,821
Cc1c(C)c2c(c(C)c1O)CCC(C)(C(=O)NCCCCCNc1c3c(nc4ccccc14)CCCC3)O2,1,10,0.9424431831596632,822
O=C(CCCCC1CCSS1)NCCCCNc1c2c(nc3ccccc13)CCCC2,1,2,0.9918921050697833,823
COc1cccc(C(C)N(C)CCCNC(=O)CCCCC2CCSS2)c1,0,4,0.704512567802107,824
COc1ccc(C2CC(c3ccccc3)=NN2c2ccc(S(N)(=O)=O)cc2)c(OC)c1,1,2,0.9276080203032857,16
Cc1c(C)c2ccc(OCC3CCN(CCCO)CC3)cc2oc1=O,1,1,0.6486747938181691,825
COc1ccc(C2CC(c3cc(F)ccc3F)=NN2c2ccc(S(N)(=O)=O)cc2)cc1OC,1,7,0.9573818252377062,16
CCNc1c2c(nc3ccc(OC)cc13)CCCC2,0,8,0.5234827011082454,141
CCOC(=O)C1C(C)=Nc2nc3c(c(N)c2C1c1ccc(OC)c(OC)c1)CCCC3,1,3,0.7703780081506325,74
CCCCCCCCNc1c2c(nc3ccc(OC)cc13)CCCC2,1,2,0.6732086100482393,141
O=C(NCCCCCNc1c2c(nc3ccccc13)CCCC2)c1cc2cc(OC(F)(F)F)ccc2oc1=O,1,6,0.9988265469706474,197
O=[N+]([O-])OCCNCCCCNc1c2c(nc3ccccc13)CCCC2,1,4,0.9936081311562209,141
COc1ccc(/C=N/NC(=O)CN2CCC(Cc3ccccc3)CC2)cc1,0,2,0.2777889961235873,593
COc1cc2ccnc3c2c(c1OC)COC3(CC(O)CO)OC,0,1,0.32283375111015505,826
COc1cc2c(c(OC)c1)C(=O)C(C)C2,1,9,0.7749066698294869,89
CCOC(OCC)c1ccc(/C=C2\CC/C(=C\c3ccc(C(OCC)OCC)cc3)C2=O)cc1,0,5,0.21654899663427304,827
CN(C)c1ccc(/C=C2/S/C(=N/c3ccc4oc(=O)ccc4c3)NC2=O)cc1,1,3,0.9035383804259266,216
CN(C)CCCN(c1nc2ccccc2[nH]1)c1nc2ccccc2[nH]1,0,7,0.3165004100221262,828
CC(=O)Nc1cc(C(=O)Nc2cncc(OCC3CCN(Cc4ccc(F)cc4)CC3)c2)ccn1,1,9,0.8343599875012195,829
CC(C)=CCOc1c2ccoc2cc2oc(=O)ccc12,0,9,0.45652983742364045,830
CCNC(=S)N/N=C/c1c(OC)cc(OC)c2c(-c3ccccc3)c[nH]c12,0,7,0.5274556629230903,831
CC(=O)NC=C1C(=O)NC(=O)NC1=O,0,5,0.18498541621929482,832
CCN(CCCCNC1=CC(=O)C(NCCCCN(CC)Cc2ccccc2OC)=CC1=O)Cc1ccccc1OC,1,6,0.9522336978869607,833
C[C@@H]([C@H]1CC[C@H]2[C@@H]3CC[C@H]4C[C@@H](N(C)C)CC[C@]4(C)[C@H]3CC[C@]12C)N(C)C,0,7,0.04561779308733183,52
CCNC1CCc2ccc(OC(=O)N(C)C)cc21,0,6,0.43600630169391386,2
O=C(Cn1nc(-c2ccccc2)c(-c2ccccc2)nc1=O)Nc1ccc([N+](=O)[O-])cc1Cl,1,8,0.8563549490520067,117
CN1CC[C@@]2(C)c3cc(OC(=O)N4CCc5ccccc5C4)ccc3N(C)[C@@H]12,1,10,0.628369114553986,834
CC1=CC2Cc3nc4cc(Cl)ccc4c(N)c3C(C1)C2NS(C)(=O)=O,1,3,0.7741554509517863,114
CCN(C)C(=O)Oc1ccc(C2CC(=O)c3c(OC(=O)N(C)CC)cc(OC(=O)N(C)CC)cc3O2)cc1,0,9,0.40793195353173606,411
N/C(=N\O)c1cccc(NC(=O)Nc2ccccc2C(F)(F)F)c1,0,7,0.07325902847322578,38
CCOC(=O)c1c(C)nc(N2CCN(S(=O)(=O)c3ccc(NC(C)=O)c(Cl)c3)CC2)nc1-c1ccccc1,1,8,0.9222422818393701,35
COc1ccc(C2c3c(nc4c(c3N)CCCC4)N=C3CC(C)(C)CC(=O)C32)cc1,1,6,0.6276117150114172,630
C[C@@H]([C@H]1[C@H](O)C[C@@]2(C)[C@@H]3CC[C@H]4[C@]5(C)COC(C(C)(C)F)=N[C@H]5CC[C@@]45C[C@@]35C(=O)C[C@]12C)N(C)C,1,4,0.7282973464334747,835
O=C(CNCc1ccccc1[N+](=O)[O-])Nc1ccc2nc3n(c(=O)c2c1)CCC3,1,2,0.9075608682227285,12
COc1cc2c(cc1OC)C(=O)/C(=C/c1ccc(CN3CCCCC3)cc1)C2,1,7,0.9039633143170314,836
COc1ccc(-c2cc(=O)c3ccc(OCCN4CCCC4)cc3o2)cc1,1,4,0.7931182486185531,837
CC1(C)CC(=O)C2=C(C1)Nc1nc3c(c(N)c1[C@H]2c1ccncc1)CCCC3,1,9,0.8035840148980083,838
Cc1cc(F)c(CNCCCCCCCCNc2ccnc3cc(Cl)ccc23)cc1F,1,5,0.9647117159798866,71
C[C@@H](c1cccc(OC(=O)NCCCCCNc2c3c(nc4cc(Cl)ccc24)CCCC3)c1)N(C)C,1,2,0.9986269330319079,549
CN(C)CCCN1C(=O)CSC1c1ccc(F)cc1Cl,0,8,0.1580684496727447,839
O=C1C=C(NCCCNc2c3c(nc4cc(Cl)ccc24)CCCC3)C(=O)c2ccccc21,1,6,0.9982085023903293,377
C[C@@H]1O[C@@H](OC[C@H]2O[C@@H](Oc3c(-c4ccc(O)c(O)c4)oc4cc(O)cc(O)c4c3=O)[C@H](O)[C@@H](O)[C@@H]2O)[C@H](O)[C@H](O)[C@H]1O,1,10,0.4122134456023088,840
O=c1c(O)c(-c2cc(O)c(O)c(O)c2)oc2cc(O)cc(O)c12,1,6,0.13383333776845666,158
Cc1c(Cl)c(=O)oc2cc(OCCCCSC(=S)N3C(C)CCCC3C)ccc12,1,3,0.817279663609284,841
O=C(CN1CCN(C(=O)c2cccc(Br)c2)CC1)N1CCN(CCCc2c[nH]c3ccc(F)cc23)CC1,0,8,0.08054399005353652,36
c1ccc(CN2CCC(CNc3ccc(-c4ccccc4)nn3)CC2)cc1,0,5,0.6798360443066042,842
CN(C)C(=O)Oc1ccc(-c2cn3c(NC(=O)c4ccccc4)cccc3[n+]2C)cc1,1,7,0.5737092276560058,843
COc1ccc2c3c1O[C@H]1C[C@@H](OC(=O)NC4CCN(Cc5cccc(F)c5)CC4)C=C[C@@]31CCN(C)C2,1,1,0.8906096894512486,139
CC1(C)CCCC2(C)OC(=O)C=C12,1,1,0.31933813880863243,844
CC1=CC2Cc3nc4cc(Cl)ccc4c(NCCCCCCCCCNc4c5c(nc6cc(Cl)ccc46)CCCC5)c3C(C1)C2,1,3,0.9976126363956354,845
CCOc1ccc(Cc2nc3cc(C(=O)NCCCCCCNc4c5c(nc6ccccc46)CCCC5)ccc3n2CCC(C)C)cc1,1,2,0.9778004902906785,846
COc1cc2oc(=O)c(OCCCCOc3cc(O)cc(N(C)C)c3)c(C)c2cc1OC,1,10,0.7359513442491316,847
c1ccc(CN2CCC(CCN=c3cc4c(n[nH]3)-c3ccccc3C4)CC2)cc1,1,1,0.9249645419613208,848
C[C@H](CCC(=O)O)[C@H]1CC(=O)[C@@]2(C)C3=C(C(=O)C[C@]12C)[C@@]1(C)CCC(=O)C(C)(C)[C@@H]1C[C@@H]3O,0,9,0.11472680513090386,849
COc1cccc(CN2CCN(CCCCOc3ccc4c(c3)oc(=O)c3ccccc34)CC2)c1,0,5,0.23083319439210323,850
O=C(CCC1CCN(Cc2ccccc2)CC1)c1ccc2c(c1)CNCCO2,1,5,0.9338855596461819,851
O=S(=O)(c1ccccc1)n1ccc2c(N3CCN(CCCCCCNc4c5c(nc6ccccc46)CCCC5)CC3)cccc21,1,7,0.9988012896956847,852
CN1C[C@@H](c2ccccc2Br)[C@@]2(CSc3ccccc3C2=O)C12C(=O)c1ccccc1C2=O,0,7,0.03826738256363364,335
O=[N+]([O-])c1ccc(OCC(O)CN2CCCN(c3nc4ccc(Cl)cc4s3)CC2)cc1,1,3,0.7222732734285212,853
COc1cc(CCC(=O)NCCCC(=O)NNc2c3c(nc4ccccc24)CCCC3)cc(OC)c1OC,1,6,0.9792061391822506,854
CNC(=O)c1sc(-c2ccnc(NC(=O)CNCCNc3c4c(nc5ccccc35)CCCC4)c2)nc1OC(C)C,1,1,0.9871589413161229,556
CC(C)=CC[C@H]1C[C@]2(CC=C(C)C)C(=O)[C@]3(CC=C(C)C)O[C@@]1(C(=O)C(C)C)[C@@]2(O)C(C)(C)C3=O,0,10,0.19784304973181552,855
O=C(C[n+]1ccc(/C=N/O)cc1)Nc1nc(-c2ccccc2)cs1,0,9,0.1611306689850916,856
CN(CCCCNc1c2c(nc3c(NC(=O)CNC(=O)CC[C@H](NC(=O)CNC(=O)OCc4ccccc4)C(=O)N[C@@H](Cc4ccccc4)C(=O)OCc4ccccc4)cccc13)CCCC2)CCCNc1c2c(nc3ccccc13)CCCC2,1,3,0.9190184111308097,857
CC(C)c1ccc(COc2ccc3[nH]c(=O)oc(=O)c3c2)cc1,0,8,0.34646534490492537,858
O=C(/C=C/c1ccccc1)NCCC1CCN(Cc2ccccc2)CC1,1,7,0.9166370055388046,50
C/C=C1\[C@H]2C=C(C)C[C@]1(/N=C/C=C/c1ccccc1)c1ccc(=O)[nH]c1C2,1,5,0.8615710115347575,511
COc1cc2c(cc1OC)C(c1ccccc1)N(CCCCc1ccnc(/C=N/O)c1O)CC2,0,10,0.05022738438401137,859
C#CCNc1c2c(nc3ccccc13)CCCC2,1,8,0.8793902130391144,141
CCN(CCCCCC=Nc1cc(O)c(NCCCCCCN(CC)Cc2ccc(OC)cc2)cc1O)Cc1ccc(OC)cc1,1,7,0.9176211098140595,75
CCCCCCCNC(=O)Oc1ccc2c(c1)C1CCN(C)C2C1,1,3,0.924706420549637,676
COc1ccc2cc(-c3ccc(CN(C)Cc4ccccc4)cc3)c(=O)oc2c1,1,5,0.7363433264637558,206
CC1(C)C=Cc2c(ccc(C(=O)/C=C/c3ccc(O)cc3)c2O)O1,0,6,0.4072793212833099,860
COc1cc(O)c2c(=O)c3cccc(O)c3oc2c1,0,3,0.334473091448326,616
CC(=O)O[C@H]1[C@H]2c3cc4c(cc3CN3CCC(=C[C@@H]1O[Si](C)(C)C(C)(C)C)[C@H]23)OCO4,1,10,0.7258459114419115,207
Fc1ccc(CNC2CCN(Cc3ccccc3)C2)cc1,1,5,0.8410288790229461,110
O=c1cc(-c2ccc(O)c(O)c2)oc2cc(O)cc(O)c12,0,4,0.3326181068017289,158
COc1ccc(CCNc2nc(CC(N)=O)nc3ccccc23)cc1OC,0,10,0.6672870319031449,861
CCN(CCCCCCOCCCCCCCCOCCCCCCN(CC)Cc1ccccc1OC)Cc1ccccc1OC,1,5,0.9017440617652015,862
CN(C)CCCCCCCNc1c2c(nc3ccccc13)CCCC2,1,1,0.972468456568534,141
COc1cc2c(c(CO)c1OC)C[C@H]1c3c(cc4c(c3OC)OCO4)CC[N+]1=C2,0,1,0.30308437243607195,863
CN(CCCCNc1ccc(-c2ccccc2)nn1)Cc1ccccc1,0,6,0.5450036982188587,864
Nc1c2c(nc3ccc(-c4ccc(F)nc4)cc13)CCCC2,1,7,0.9059964187199696,865
CNC(=O)c1sc(-c2ccnc(NC(=O)C3CC3)c2)nc1OCC1CCN(Cc2ccc(Cl)c(Cl)c2)CC1,0,6,0.29941474100945326,214
Cc1cccc2sc(NC(=O)CCN3CCN(CCCN(C)C)CC3)nc12,1,1,0.4271279781165464,866
Cc1ccccc1NC(=O)Cn1nc(-c2ccccc2)c(-c2ccccc2)nc1=O,1,8,0.8279791239870299,117
COc1ccc2cc3[n+](cc2c1OCc1ccc(C(F)(F)F)cc1)CCc1cc2c(cc1-3)OCO2,1,1,0.5732871891904332,550
CC1=CC2Cc3nc4cc(Cl)ccc4c(NCCN=[N+]=[N-])c3C(C1)C2,1,10,0.8470913996304038,114
COc1ccc(NC(=O)c2cc(=O)c3cc(/C=C/C(=O)OCCN(C)C)ccc3o2)cc1,1,10,0.7997977942232232,867
NCCCCCCNC1=CC(=O)c2ccccc2C1=O,0,9,0.5525392391468287,868
COc1cc2c(cc1OC)[Se](=O)N(CCC1CCN(Cc3ccccc3)CC1)C2=O,1,10,0.8966281179440636,869
CCN(CC)CCCCOc1ccc(C(=O)/C=C/c2ccccc2)cc1,0,4,0.03784971278351954,33
COc1ccc2c(c1)CCC(Cc1cc[n+](Cc3cccc(F)c3)cc1C(C)=O)C2=O,1,4,0.9780550338503211,150
O=C(CCc1ccc2nc(-c3ccccc3)c3c(c2c1)OCCC3)NCCCCNc1c2c(nc3cc(Cl)ccc13)CCCC2,1,4,0.9983674587737316,870
O=C1N/C(=N\c2ccc3oc(=O)ccc3c2)S/C1=C/c1ccc(Br)cc1,1,8,0.9264019574135396,216
COc1cc(N)c(Cl)cc1C(=O)CCC1CCN(Cc2cccnc2)CC1,1,2,0.9644221389115728,871
CCN(CC)Cc1ccc(CNCCN2CCN=C2C(C#N)C#N)o1,1,5,0.8856140022571252,548
CN1c2ccc(OC(=O)Nc3ccccc3)cc2[C@]2(C)CCN[C@H]12,1,6,0.9231562496870018,44
c1ccc2c(NCCCCCCCNc3c4c(nc5ccccc35)CCCC4)c3c(nc2c1)CCCC3,1,10,1.0,872
CC1=C[C@H]2Cc3nc4cc(Cl)ccc4c(NCCCCCCCCCCNc4c5c(nc6cc(Cl)ccc46)C[C@@H]4C=C(C)C[C@H]5C4)c3[C@@H](C1)C2,1,8,0.9921192502817513,873
CN(C)C(=O)Oc1ccc2c(c1)[C@]1(C)CCN(C)C1N2C,1,8,0.6619293316777928,37
CCN(CC)CCOc1ccc(C(=O)c2c(-c3ccc(OCCCCCCCN(C)Cc4ccccc4)cc3)oc3ccccc23)cc1,0,5,0.1365089561862771,116
O=C(/C=C/c1ccc([N+](=O)[O-])cc1)NCCC1CCN(Cc2ccccc2)CC1,1,7,0.9292385012195546,50
Cc1cccc(C)c1,1,6,0.7652115432507668,17
COc1cc2c(cc1OC)C(=O)C(CC1CCN(Cc3cc(N)c4ccccc4n3)CC1)C2,1,7,0.7373386278397267,439
Cc1ccc(O)cc1,1,5,0.6236600369995206,17
COc1cc2c(cc1OC)C(=O)C(CC1CCN(CCCNc3c4c(nc5ccccc35)CCCC4)CC1)C2,1,9,0.9885142576151825,874
NC(=O)c1cc[n+](CCCC[n+]2ccc(/C=N/O)c(F)c2)cc1,0,3,0.019246390197948663,595
COc1ccc(CN2CCC(c3cc4ccccc4o3)CC2)cc1OC,0,9,0.26871154885617404,20
COc1ccc([C@H]2OC(=O)[C@H]3[C@@H]2C(=O)O[C@@H]3c2ccc3c(c2)OCO3)cc1OC,1,5,0.5585427627696716,875
Nc1ccc2oc(C(=O)NCCC3CCN(Cc4ccccc4)CC3)cc(=O)c2c1,1,1,0.9698482047706045,25
CCN(C)C(=O)Oc1ccc(/C=C/C(=O)N2CCC(Cc3ccccc3)CC2)cc1OC,0,6,0.08992889157655251,428
COc1ccc2nc3c(c(NCCCNC4=C(Cl)C(=O)c5ccccc5C4=O)c2c1)CCCC3,1,4,0.8019790354679668,377
c1ccc2c(CNc3ccnc(N4CCOCC4)n3)cccc2c1,0,4,0.07185139877283349,876
C[Si]1(Cl)C=CC(=O)C1=P(c1ccccc1)(c1ccccc1)c1ccccc1,1,4,0.6060374089777898,877
c1ccc(-c2ncc(NCN3CCCCC3)nn2)cc1,0,4,0.20809621747414278,878
N#Cc1cc2c(cn1)[nH]c1ncc(-c3ccc(CN4CCC[C@@H](O)C4)cc3)cc12,1,1,0.7509173655152703,340
COc1ccc2c(c1)CCC(Cc1cc[n+](Cc3ccc(C)cc3)cc1C(C)=O)C2=O,1,5,0.9439429610177359,150
COc1ccc(C2=NN(C(C)=O)C(c3ccc(N4CCC(Cc5ccccc5)CC4)cc3)C2)cc1OC,0,1,0.4563162340128028,879
O=C(CCOCCc1c[nH]c2ccccc12)NCCCCCNc1c2c(nc3cc(Cl)ccc13)CCCC2,1,4,1.0,880
O=C(NNC(=S)Nc1ccccc1[N+](=O)[O-])c1sccc1Cl,1,2,0.43406537301163317,881
CCN(CCCCCCNC1=C(F)C(=O)C(NCCCCCCN(CC)Cc2ccccc2OC)=C(F)C1=O)Cc1ccccc1OC,1,7,0.9493116081401584,124
C[C@@]12CC[C@@H]3[C@@](CC[C@H]4[C@@]3(C)CCC[C@@]4(C)C(=O)OCC[N+](C)(C)Cc3ccccc3)(CC1=O)C2,0,1,0.3843867416390686,882
Clc1ccc2c(NCCCCCCNc3c4c(nc5cc(Cl)ccc35)CCCC4)c3c(nc2c1)CCCC3,1,5,0.9976126363956354,883
O=C(Nc1ccc2c(c1)CN(C(=O)c1ccccc1)C(=O)C2)c1ccccc1,1,5,0.8876769551365391,90
O=C(CCC1CCN(Cc2ccc(F)cc2)CC1)c1ccc2c(c1)CCN2,1,7,0.8752727087236409,43
c1cc[n+](CCCCCCCCCC[n+]2cccc3ccccc32)cc1,1,8,0.8603098065684148,884
O=C(c1ccc(F)cc1)N(CCC1CCN(Cc2ccccc2)CC1)c1ccccc1,1,2,0.9367284524362909,885
C/C=C1\[C@H]2C=C(C)C[C@]1(/N=C/c1ccc(O)c(OC)c1)c1ccc(=O)[nH]c1C2,1,10,0.8221514680660409,350
N#Cc1ccc(C[n+]2ccc(C(=O)NCCc3c[nH]c4ccccc34)cc2)cc1,0,8,0.45270164064225943,886
c1ccc2c(NCCCCCCNc3c4c(nc5ccccc35)CCCC4)c3c(nc2c1)CCCC3,1,5,0.9986034540447326,883
CC(=O)Nc1ccc2c(c1)C(=O)N(CCC1CCN(Cc3ccccc3)CC1)C2=O,1,2,0.9546916502458148,345
O=c1c(O)c(-c2ccc(O)cc2)oc2cc(O)cc(O)c12,0,1,0.39999872441450557,158
C[C@@H]1CCC[C@H](C)N1S(=O)(=O)c1cccc([N+](=O)[O-])c1,1,8,0.7518797584702043,63
C#CCNC(C)Cc1cccc(OC(=O)N(C)CCCC)c1,0,3,0.22216262517039742,17
O=C(COc1ccc(-c2ccccc2)cc1)NCCCN1CCCCC1,0,4,0.4844152064383232,887
O=C(CCCCCNc1c2c(nc3cc(Cl)ccc13)CCCC2)NCCc1cc2ccccc2[nH]1,1,6,0.9844756093722492,888
C=C[C@@H]1[C@H]2C=C(C)C[C@]1(N)c1ccc(=O)[nH]c1C2,1,3,0.44906002592312233,672
CC(C)c1ccc(NC(=O)Oc2ccc3c(c2)[C@]2(C)CC[N+](C)(C)C2N3C)cc1,1,4,0.9449282472538441,631
Nc1c2c(nc3ccc(-c4ccc(Cl)s4)cc13)CCCC2,1,4,0.8604883491667729,889
COc1c(O)cc(C2Oc3cc(O)c(C/C=C(\C)CCC=C(C)C)c(O)c3C(=O)[C@@H]2O)cc1O,0,5,0.0928336276919271,411
CCCCCCOC(=O)[C@H](CCC(=O)NCCC1CCN(Cc2ccccc2)CC1)NC(=O)Cc1cc2ccc(Cl)cc2s1,1,6,0.8708935993073507,890
CC1=CC2Cc3nc4ccccc4c(NCCCCCCCCCCNc4c5c(nc6ccccc46)CCCC5)c3C(C1)C2,1,3,0.9890926071717052,745
COc1cccc2c1CCC(NC(=O)OCc1ccccc1)C2,1,8,0.7685466742777252,891
COc1cc2ncnc(N3CCN(c4ccc(Br)cc4)CC3)c2cc1OC,1,4,0.7495501206096675,892
Cc1cccc2sc(NC(=O)CCN3CCN(c4ncccn4)CC3)nc12,0,6,0.22226770338898152,893
C[C-](C)/N=[NH+]/c1cc(NCCSCc2ccc(CN(C)C)o2)c([N+](=O)[O-])cc1[N+](=O)[O-],1,6,0.915730194804333,588
COc1cccc(CN2CCC(/C=C3\Cc4cc(OC)ccc4C3=O)CC2)c1,1,9,0.35488799211943783,360
COc1cc(CNC(=O)c2ccc(CNc3c4c(nc5cc(Cl)ccc35)CC3C=C(C)CC4C3)cc2)ccc1O,1,3,0.8655046618642837,894
CC(C)n1cc(C(=O)C(F)(F)F)cn1,1,4,0.6777309509391749,528
CC(C)(C)c1cc[n+](CCCCCCCCCC[n+]2ccc(C(C)(C)C)cc2)cc1,1,8,0.8179844912132181,895
CO[P@]1(=O)CC[C@H]2COC(=O)C2=C(C)O1,0,6,0.4648695581456879,896
CC1(C)CC(=O)C2=C(C1)Oc1nc3c(c(N)c1[C@H]2c1ccccc1)CCCC3,0,3,0.14302528823338573,24
CCCCN1CCC(CCC(=O)c2cc(Cl)c(N)cc2OC)CC1,1,6,0.9246808809964011,29
O=C(CCC1CCN(CC2CCCCC2)CC1)c1ccc2[nH]ccc2c1,1,4,0.9613992046354537,483
C[n+]1ccccc1/C=N/O,0,3,0.07919426015820412,46
O=c1c2ccccc2[se]n1-c1ccc(OCCN2CCCCC2)cc1,0,8,0.4398615355193607,897
COc1cc2c(cc1OC)/C(=N\NC(=O)C(C)c1ccc(CC(C)C)cc1)C(CC1CCN(Cc3ccccc3)CC1)C2,1,2,0.9015787059680823,898
COc1ccc(-c2cc(-c3ccc(OC)c(OC)c3)c3c(N)n[nH]c3n2)cc1,1,4,0.6788799564569734,104
NC(=O)c1cc[n+](CCCC[n+]2ccc(/C=N/O)c(Cl)c2)cc1,0,3,0.025394287856724786,595
Cc1cc2cc3n(c(=O)c2cn1)CCc1c-3[nH]c2ccccc12,0,1,0.41907605335508635,899
CN(C)C(=O)N[C@H]1CCc2c(O)cccc2C1,1,6,0.8141730044303911,531
CN(C)CCOC(=O)/C=C/c1ccc2oc(C(=O)Nc3ccccc3)cc(=O)c2c1,1,8,0.7877529271611201,867
COc1cc2c(cc1OC)C(=O)/C(=C/c1cc[n+](Cc3cccc(F)c3)cc1)C2,1,6,0.9815237853293308,200
c1ccc(CN2CCC(CCc3noc4cc(N5CCOCC5)ccc34)CC2)cc1,1,5,0.9225622798879746,900
CC(=O)O[C@@]12CCN(C(C)=O)[C@@H]1N(C(C)=O)c1ccc(OC(=O)NCCCCCCNc3c4c(nc5ccccc35)CCCC4)cc12,1,4,0.9328376158153336,901
CC(C)=CCNCC(=O)Nc1ccc2nc3n(c(=O)c2c1)CCC3,1,3,0.8032750001207873,261
COc1ccc2[nH]c3ccncc3c2c1,0,8,0.22276462480624526,582
CN(C)CCCN1C(=O)CSC1c1cccc(Cl)c1,0,6,0.28240578163619373,839
CN(Cc1ccccc1)Cc1ccc(C(=O)c2ccc(NC(=O)CN3CCOCC3)cc2)cc1,1,3,0.8386365139874628,902
CCN(CC)CCCCCCCCCCOc1ccc(/C=C/C(=O)Nc2ccccc2)cc1OC,0,8,0.13593523344412092,179
Fc1ccc(-c2nnc(N3CCN(c4ccccn4)CC3)o2)c(F)c1,1,9,0.7467822234460879,317
CC(C)=CCC1=C2O[C@H](C(C)(C)O)C[C@@]23C[C@H](CC=C(C)C)[C@@](C)(CCC(=O)C(C)C)[C@@](C(=O)C(C)C)(C1=O)C3=O,0,5,0.1970324775870717,903
COc1cc2c(cc1OC)C(=O)C(CC1C=CN(Cc3cccc(Cl)c3)C=C1C(N)=O)C2,0,3,0.8781302522223721,126
CCN(CC=Nc1cc(O)c(NCCN(CC)Cc2ccccc2OC)cc1O)Cc1ccccc1OC,1,1,0.83832398035019,904
O=C(Nc1ccccc1)OC1CN2CCC1CC2,1,3,0.36701452282603186,905
COc1ccc(NC(=O)C2CCN(C(=O)c3ccccc3)CC2)cc1OC,1,9,0.7095534901026352,906
CN(C(=O)Oc1ccc2c(c1)[C@]1(C)CCN(C)[C@@H]1N2C)c1ccccc1,1,4,0.6840939737772068,44
O=C(Nc1ccc2c(c1)C(=O)N(CCC1CCN(Cc3ccccc3)CC1)C2=O)c1ccccc1,1,7,0.9843283174533923,907
CC(C)C1=N[C@H]2CC[C@]34C[C@]35C(=O)C[C@]3(C)[C@@H]([C@H](C)N(C)CCN6C(=O)c7ccccc7C6=O)[C@H](O)C[C@@]3(C)[C@@H]5CC[C@H]4[C@]2(C)CS1,1,3,0.9050066223207693,908
c1cc[n+](Cc2ccc3ccc(C[n+]4ccccc4)cc3c2)cc1,1,3,0.45526647967453204,909
O=C(/C=N/O)Nc1ccc[n+](Cc2cccc(C[n+]3cccc(NC(=O)/C=N/O)c3)c2)c1,0,4,0.17944136339549474,910
C=CC[n+]1ccc(CCC(=O)c2cc3cc(OC)c(OC)cc3s2)cc1,1,9,0.9128203868734139,812
CCN(CCCNc1c2c(nc3ccccc13)CCCC2)CCCNc1c2c(nc3ccccc13)CCCC2,1,6,0.9948401893795805,504
CN(Cc1ccnc(NC(=O)Nc2cccc3c2C2CCCCN2C3=O)c1)Cc1cn(CCNc2c3c(nc4ccccc24)CCCC3)nn1,1,1,0.95297423041191,911
Cc1ccccc1NC(=O)Oc1ccc2c(c1)[C@]1(C)CCN(C)[C@@H]1N2C,1,10,0.9559575240426773,44
CCC(=O)N(CCC1CCN(Cc2ccccc2)CC1)c1ccccc1,1,7,0.8666726115792203,213
O=c1ccc2cc(/N=C/c3ccccc3)ccc2o1,1,5,0.845326782850865,82
COc1cc(CCCCCCCCNc2c3c(nc4cc(Cl)ccc24)CCCC3)cc(OC)c1,1,4,0.968161850049258,32
COc1cc(CNC(=O)CCCCCCNc2c3c(nc4cc(Cl)ccc24)CC2C=C(C)CC3C2)ccc1O,1,3,0.9977470329957475,912
N#CC(C#N)=C1NCCN1CCNCc1ccc(CN2CCC(O)CC2)o1,1,2,0.7414077032953242,424
Clc1ccc2c(c1)N=C1CCCCCN1C2,1,4,0.6008755387277143,913
Cc1ccc2nc3c(c(NCCN4CCOCC4)c2c1)CCCC3,1,8,0.8149637170880626,697
CO[C@@H]1C=C[C@@]23c4cc5c(cc4CN(C[C@@H]2OC(=O)c2ccc([N+](=O)[O-])cc2)C3C1)OCO5,0,4,0.2721204794194322,796
COc1ccc(CNc2c3c(nc4cc(Cl)ccc24)CCCC3)cc1OC,1,4,0.9221953618391087,435
CN(C)C(=O)Oc1cccc2c1CCC2N,1,9,0.7854506679475755,2
c1ccc(-c2ccc(NCCN3CCc4ccccc4C3)nn2)cc1,0,6,0.1828104421901759,914
COc1cc(O)cc2c1Oc1c(Oc3cc(O)cc(O)c3)c(O)cc(O)c1O2,0,6,0.1756176815993161,915
COc1ccc2c(c1)c(CC(=O)NCCCNCCCNC1=CC(=O)C(NCCCNCCCNC(=O)Cc3c(C)n(C(=O)c4ccc(Cl)cc4)c4ccc(OC)cc34)=CC1=O)c(C)n2C(=O)c1ccc(Cl)cc1,0,7,0.6556644715288613,916
O=C(COc1ccc(Cl)cc1[N+](=O)[O-])NCC1CCN(Cc2ccccc2)CC1,1,8,0.9295378447218237,581
C#CCN(C)Cc1cc2cc(OCCCC3CCN(Cc4ccccc4)CC3)ccc2[nH]1,0,4,0.6909223776000922,22
COc1ccc2c3c1O[C@H]1C[C@@H](O)C=C[C@@]31CCN(CCCN1CCCCC1)C2,1,2,0.6135193788466178,917
C[C@@H]1CCC[C@H](C)N1S(=O)(=O)c1ccccc1,1,2,0.7706069957919707,63
COc1cc(/C=C/C(=O)O)ccc1OCCCCCCN1CCCC1,0,7,0.19421496483363287,918
N[C@@H](Cc1c[nH]c2ccccc12)C(=O)NCCC(=O)Nc1c2c(nc3ccccc13)CCCC2,0,3,0.8234561460463411,919
COc1cc(C(=O)NCCCC(=O)NNc2c3c(nc4ccccc24)CCCC3)cc(OC)c1OC,1,7,0.9653497857731471,920
O=C(NCCC1CCN(Cc2ccccc2)CC1)c1cc(=O)c2c(O)cc(O)cc2o1,1,10,0.9000308127370745,25
CCOC(=O)c1c(C)nc(N2CCN(S(=O)(=O)c3ccc(N)c(F)c3)CC2)nc1-c1ccc(OC)c(OC)c1,1,3,0.9465084018171898,35
COc1cc2c(cc1OC)/C(=N\NC(=O)C(NC(=O)C(C)c1ccc(CC(C)C)cc1)C(C)C)C(CC1CCN(Cc3ccccc3)CC1)C2,1,10,0.785809516058802,921
COc1cc2c(cc1OC)C(=O)C(Oc1cccc(C(C)N3CCCC3)c1)C2,1,2,0.9611617778982958,922
CN(C)c1ccc(C2NC(=S)Nc3nc4c(c(N)c32)CCCC4)cc1,0,7,0.27484307496624155,66
CC[N+](C)(CCCCCC(=O)N1CCC(CCCC2CCN(C(=O)CCCCC[N+](C)(CC)Cc3ccccc3OC)CC2)CC1)Cc1ccccc1OC,1,10,0.8066960995937336,923
COc1ccc(C(O)c2nccc3cc(OC)c(OC)cc23)cc1OC,0,9,0.4390118706904032,924
O=C(CCCN1CCC2c3ccccc3NC2C1)Oc1ccc(/C=C2\CCn3c2nc2ccccc2c3=O)cc1,1,3,0.9350462594361579,925
C[C@@]12CC[C@@H]3[C@@](CC[C@H]4[C@@]3(C)CCC[C@@]4(C)C(=O)OCC[N+](C)(C)CCCCCCCCCC[N+](C)(C)CCOC(=O)[C@]3(C)CCC[C@@]4(C)[C@@H]5CC[C@@]6(C)C[C@]5(CC[C@@H]43)CC6=O)(CC1=O)C2,0,10,0.36484586758182885,926
CC(C)(C)c1cc[n+](CCCCCCC[n+]2ccc(C(C)(C)C)cc2)cc1,1,7,0.7982109922185125,294
c1ccc([C@@H]2CC(c3c4ccccc4cc4ccccc34)=NN2)nc1,1,10,0.7318376186940744,927
Cn1cc[n+](COC[n+]2ccccc2/C=N/O)c1/C=N/O,0,3,0.10034769646681825,928
Nc1c2c(nc3c1C(c1ccccc1)c1ccc4ccccc4c1O3)CCCC2,1,8,0.761205912093779,929
C[C@@H]([C@H]1CC=C2[C@@H]3CCC4=C[C@@H](N(C)C)CC[C@]4(C)[C@H]3CC[C@@]21C)N(C)C,0,8,0.13508193959637765,930
COc1ccc2[nH]cc(CCNC(=O)Cn3cc(CN4CCc5cc(OC)c(OC)cc5C4CCCN4C(=O)c5ccccc5C4=O)nn3)c2c1,0,9,0.6671659515382912,931
Clc1ccc(C(Cn2ccnc2)OCc2csc3c(Cl)cccc23)c(Cl)c1,1,5,0.40240761030192707,932
CCCCCCCNc1c2c(nc3cc(OC)ccc13)CCCC2,1,1,0.8265120949131805,141
COc1ccccc1CN(CCCCCCNC1=CC(=O)C(NCCCCCCN(Cc2ccccc2OC)C(C)C)=CC1=O)C(C)C,1,8,0.8823496765906418,124
CN(CCCOc1ccc2c(=O)c3ccccc3oc2c1)Cc1cccc(OC(=O)Nc2ccccc2)c1,1,4,0.8838585965800636,933
CN(C)S(=O)(=O)NC1CCc2ccc(O)cc2C1,1,4,0.8069145373575861,531
Cc1ccccc1/C=C1\CN(C(=O)C[C@H]2C[C@H]3CCCN3[C@]23C(=O)Nc2ccccc23)C[C@@]2(C[C@H]3CCCN3[C@@]23C(=O)Nc2ccccc23)C1=O,0,5,0.02569637907937884,669
CN(C)c1ccc(-c2c3cc(O)c(=O)cc-3oc3cc(O)c(O)cc23)cc1,0,2,0.4226060542380814,934
O=C(NCCCCCNc1c2c(nc3cc(Br)ccc13)CCCC2)Oc1ccc2cc[nH]c2c1,1,3,0.991915933927756,164
COc1cc2c(cc1OC)C(=O)C(CC1CCN(CCCNc3c4c(nc5cc(Cl)ccc35)CCCC4)CC1)C2,1,5,0.9937023133211911,874
COc1cc2oc(-c3ccc(OCC(=O)NCCCCCNc4c5c(nc6cc(Cl)ccc46)CCCC5)cc3)cc(=O)c2c(OC)c1OC,1,8,0.9909167451877382,935
C#CCNc1nc(NCCCCC2CCN(Cc3ccccc3)CC2)c(C#N)cc1C#N,1,4,0.8846212537442238,936
COc1ccc([C@@H]2CC(c3c4ccccc4cc4ccccc34)=NN2)cc1,1,10,0.7466835493718801,354
COc1cc2c(cc1OC)CN(CC1CCN(Cc3cc(F)cc(/C=N/O)c3O)CC1)CC2,0,10,0.2708153853276585,937
NC(=O)c1cc[n+](CCCC[n+]2cc(Cl)c(/C=N/O)c(Cl)c2)cc1,0,6,0.0305609734731225,595
CCCCCCNC(=O)Oc1ccc2c(c1)[C@]1(C)CCN(CCC)[C@@H]1C2,1,1,0.966888849162014,309
O=C1c2c(ccc(O)c2O)CCn2cccc21,0,7,0.4386408017513918,938
CN1CC[C@@]2(C)c3cc(OC(=O)Nc4ccccc4)ccc3N(C)[C@H]2O1,1,7,0.9568786110096715,939
CC1=CC2Cc3nc4cc(Cl)ccc4c(NCCCCCNC(=O)[C@@H](N)Cc4c[nH]c5ccccc45)c3C(C1)C2,1,9,0.9588071192137733,940
Cn1c(=O)sc2cc(C(=O)CCN3CCN(Cc4ccccc4)CC3)ccc21,1,3,0.6453852676369992,941
C=CC[C@@H]1[C@H](O)[C@@H](OCc2ccccc2)[C@H](O)CN1CCCCCCCC,0,5,0.5646621523127351,942
CC(=O)N1CC[C@@]2(O)c3cc(OC(=O)Nc4ccccc4)ccc3N[C@@H]12,1,7,0.7211235344434285,44
Cc1ccc2[nH]c(-c3ccc(OCCN4CCOCC4)cc3)nc2c1,0,8,0.5506907803662549,943
COc1cc2c(cc1OC)/C(=N\N)C(CC1CCN(Cc3ccccc3)CC1)C2,1,4,0.870980136549976,944
Cc1ccc2c(c1)c1c(n2CCc2ccc(C)nc2)CCN(C)C1,0,5,0.5454930259535645,945
COc1ccc(CN(C)[C@@H](C)[C@H]2[C@H](O)C[C@@]3(C)[C@@H]4CC[C@H]5[C@]6(C)CSC(C(C)C)=N[C@H]6CC[C@@]56C[C@@]46C(=O)C[C@]23C)cc1,1,5,0.9220339063069095,42
CC1=CC2Cc3nc4cc(Cl)ccc4c(Cl)c3C(C1)C2,0,3,0.4910468834637881,114
COc1cc2c(cc1O)CCC(C)(CC(=O)NCCOCCOCCNc1c3c(nc4cc(Cl)ccc14)CCCC3)O2,1,6,0.9713998385811088,946
COc1ccc2nc3c(c(NCCCNC4=CC(=O)c5c(O)cccc5C4=O)c2c1)CCCC3,1,7,0.8075372559077599,377
Clc1ccc([C@@H]2CC(c3c4ccccc4cc4ccccc34)N=N2)cc1,1,6,0.7430445954757487,543
O=C(CCN1CCCCC1)Nc1ccc2nc(-c3cc4ccccc4[nH]3)[nH]c(=O)c2c1,1,3,0.7165071462381172,947
CN(C)c1cccc(-c2ccc3nc4c(c(N)c3c2)CCCC4)c1,1,9,0.769976291009597,240
CCCNc1cc(NCCSCc2ccc(CN(C)C)o2)c([N+](=O)[O-])cc1[N+](=O)[O-],1,4,0.9499411235012305,588
CCCCCCCNC(=O)Oc1ccc2c(c1)[C@]1(C)CCN(CC)C1C2,1,9,0.9432729585288178,309
CNC(=O)c1sc(-c2ccnc(NC(=O)CNCCNc3c4c(nc5ccccc35)CCCC4)c2)nc1OCC1CCC1,1,1,0.992710521392583,948
O=C(NCCCCCc1ccccc1)Oc1cccc(Cn2cc(COc3ccc4ccc(=O)oc4c3)nn2)c1,1,6,0.7023677501050691,949
CC1=C[C@@H]2Cc3nc4cc(Cl)ccc4c(NCCCN(C)CCCCNc4c5c(nc6ccccc46)CCCC5)c3[C@H](C1)C2,1,5,0.9978334409882306,950
Cc1cc2ccc(OCc3ccc(CN(C)Cc4ccccc4)cc3)cc2oc1=O,1,7,0.8001464162385868,68
CCC1=CC2Cc3nc4cc(Cl)ccc4c(Cl)c3C(C1)C2,0,2,0.691079232231703,114
Clc1ccc2c(NCCCNCC34CC5CC(CC(C5)C3)C4)ccnc2c1,1,5,0.8057379451123475,951
O=c1c(OC2O[C@H](CO)[C@H](O)[C@H](O)[C@H]2O)c(-c2ccc(O)cc2)oc2cc(O)cc(O)c12,1,6,0.29368952608753307,952
O=C(c1ccccc1)c1ccc2c(c1)C(=O)N(CCC1CCN(Cc3ccccc3)CC1)C2=O,1,5,0.9277396514088321,953
CC1(C)C(=O)CC[C@@]2(C)[C@H]1CC[C@@]1(C)CC3=CC(=O)[C@H]4C(C)(C)[C@H](O)CC[C@]4(C)[C@H]3CC[C@@H]12,0,1,0.2833664772327097,954
COc1ccc(C(=O)Cc2ncc(C(=O)Nc3ccncc3)cn2)cc1,0,10,0.48352352069081805,955
COc1cc2c(cc1O)CCC(C)(CCC(=O)NCCCCCCCCNc1c3c(nc4cc(Cl)ccc14)CCCC3)O2,1,9,0.9915702557990919,956
CN(Cc1ccc(COc2ccc3c(CO)cc(=O)oc3c2)cc1)Cc1cccnc1,1,9,0.8558101951298104,957
O=c1c2cc(Cl)ccc2oc2ccc(OCCCCCN3CCCCCC3)cc12,1,5,0.8009242160325013,958
COc1cc2c(cc1OC)C(=O)C(Oc1cccc(CN(C)C)c1)C2,1,10,0.8913346145213091,634
COc1ccc(OC)c(C(C)NS(N)(=O)=O)c1,1,2,0.7493429357831448,17
Cc1ccc(NC(=O)c2cc(=O)c3cc(/C=C/C(=O)OCCN(C)C)ccc3o2)cc1,1,7,0.840856277526285,867
CNC(=O)Oc1cccc(CN(C)CCCCCCCOc2ccc3c(c2)O/C(=C\c2ccc4ccccc4c2)C3=O)c1,1,5,0.7944619803946887,959
COc1ccc2c(c1)C/C(=C/c1ccccc1-c1ccc3nc(N)ccc3c1)C2=O,1,5,0.7124280743318483,960
Cc1cc(C)cc(Oc2ccc3nc4c(c(N)c3c2)CCCCC4)c1,1,6,0.42167241269225675,961
O=C(Nc1cccc(-c2cn(CCNc3c4c(nc5ccccc35)CCCC4)nn2)n1)Nc1cccc2c1C1CCCCN1C2=O,1,2,0.9457179752606257,962
FC(F)(F)Oc1ccc(/C=N\C2CCN(Cc3ccccc3)C2)cc1,1,4,0.7882240151609392,963
O=C(NCCCNc1c2c(nc3cc(Cl)ccc13)CCCC2)c1nc2ccc([N+](=O)[O-])cc2s1,1,10,0.9724828623997142,964
C=CC(=O)N1C/C(=C\c2ccc(F)cc2)C(=O)/C(=C/c2ccc(F)cc2)C1,0,5,0.1752198729286458,421
CC(=O)NCCc1c[nH]c2ccc(OC(=O)NCCCCCCNc3c4c(nc5ccccc35)CCCC4)cc12,1,6,0.9966083980455319,965
C#CC(C)(C)OC[n+]1ccn(C)c1/C=N/O,0,1,0.023438483746916663,154
CCN(CCCCCC(=O)Nc1ccc(CCc2ccc(NC(=O)CCCCCN(CC)Cc3ccccc3OC)cc2)cc1)Cc1ccccc1OC,1,8,0.8298691240944627,966
COc1cc2c(cc1OC)C(=O)/C(=C/c1ccc(N3CC[N+](C)(Cc4cccc(Cl)c4)CC3)cc1)C2,1,7,0.8774332558939939,604
CCC1=CC2CC(C1)Cc1nc3ccccc3c(N)c12,1,6,0.7577139415512218,135
OCc1cc2cc(OCCCC3CCN(Cc4ccccc4)CC3)ccc2[nH]1,0,1,0.7528701254401,22
CC(=O)NCCc1c[nH]c2ccc(OC(=O)NCCCCCCCCCCCCNc3c4c(nc5ccc(Cl)cc35)CCCC4)cc12,1,6,0.9332783884477771,366
N#CC(c1ccc2c(c1)OCO2)N1CCOCC1,0,3,0.20393706838846987,967
C[C@@H]1CCC[C@H](C)N1Cc1ccc(-c2cnc3[nH]c4cnc(C#N)cc4c3c2)cc1,1,1,0.8092470179310751,340
CCN(CC)CCS/C(=N\O)c1nc(C)no1,0,10,0.3249701541353171,968
Cc1ccc2oc(=O)c(C(=O)NCCCCCCNc3c4c(nc5ccccc35)CCCC4)cc2c1,1,8,1.0,103
CCCCNC(=O)OCCCCCCCCO,1,3,0.8603106697642136,21
c1cc[n+](CCCCCCCCC[n+]2ccc3ccccc3c2)cc1,1,4,0.7816691387336636,969
c1ccc2[nH]c(N3CCCCC3)nc2c1,0,3,0.24054656958825396,970
CC1=CC2Cc3nc4cc(Cl)ccc4c(NCCCCCCCCNc4c5c(nc6cc(Cl)ccc46)CCCC5)c3C(C1)C2,1,1,1.0,695
COc1ccc2[nH]cc(CCNC(=O)CCc3cc[n+](Cc4ccc(F)cc4)cc3)c2c1,1,7,0.8471879511706957,368
C[C@H](CCC=C(CO)CO)[C@H]1CC[C@@]2(C)C3=CC[C@H]4C(C)(C)C(=O)CC[C@]4(C)C3=CC[C@]12C,0,10,0.11854520281533364,4
COC(=O)C1=C(C)Nc2nc3c(c(N)c2C1c1ccccc1)CC(C)(C)CC3,1,10,0.9038263224830992,1
C#CCNC(C)Cc1cccc(OC(=O)N(C)C)c1,1,3,0.4771071936340333,17
CC(=O)N1N=C(c2ccc(C)cc2)CC1c1ccc(-c2ccccc2)cc1,1,7,0.7310563483775092,971
O=C(CCC1CCN(Cc2ccccc2)CC1)c1ccc2c(c1)CNCCC2,1,2,0.9753901837581345,972
COc1ccc(C2CC(c3ccc(Cl)cc3)=NN2c2ccc(S(N)(=O)=O)cc2)cc1OC,1,2,0.9417575366355715,16
FC(F)(F)c1ccc2c(NCCCCCCCCNc3cc4ccccc4s3)ccnc2c1,1,7,0.8995300366729773,973
CCN(CC)CCCCCCCOc1ccc2c(c1)C(=O)/C(=C/c1ccc(CN(C)Cc3ccccc3)cc1)C2,1,4,0.8456150147311768,203
C#CC(C)NCCc1cccc(OC(=O)N(C)C)c1,1,2,0.623268040752662,17
Cc1ccc(-c2ccc3nc4c(c(N)c3c2)CCCC4)o1,1,2,0.6902183824288668,974
Clc1ccc2[nH]c(-c3ccc(OCCN4CCCCC4)cc3)nc2c1,1,10,0.6108146663636981,975
COCC[n+]1ccc(CCC(=O)c2cc3cc(OC)c(OC)cc3s2)cc1,1,9,0.9337360483125603,812
O=C(CCC1CCN(CC2CCCCC2)CC1)c1cc(Cl)c2[nH]ccc2c1,1,8,0.8836412503267123,483
O=C(CN1CCN(C(=O)c2cccc(Cl)c2)CC1)N1CCN(CCCc2c[nH]c3ccc(F)cc23)CC1,0,4,0.11613295634313649,36
C#CCN(C)Cc1ccc(OC(=O)N(C)C)c2ncccc12,1,5,0.5116880192966232,976
CNC(=O)Oc1cccc(CN(C)CCCCCCCOc2ccc3c(c2)OC/C(=C/c2cc(O)c(O)c(O)c2)C3=O)c1,1,7,0.8403032274417671,977
Oc1ccccc1[C@@H]1CC(c2c3ccccc3cc3ccccc23)=NN1,1,1,0.7501862375897654,354
COc1ccc(Cn2cc(C(=O)NCCCCCCNc3c4c(nc5ccccc35)CCCC4)c(=O)c3ccccc32)cc1,1,2,0.9287269601593712,978
CCOC(=O)C1=C(C)Nc2nc3c(c(N)c2C1c1ccncc1)CCCC3,1,9,0.8859266942195838,979
COc1cccc(C#N)[n+]1C,0,1,0.21711997044832226,46
COc1cc2c(cc1OCc1ccccc1)CCC(C)(CC(=O)NCCCCCCCNc1c3c(nc4cc(Cl)ccc14)CCCC3)O2,1,3,0.991086331317537,980
COc1cc(/C=C/c2nnc(-c3ccc(C(F)(F)F)cc3)o2)ccc1O,1,5,0.7779410471471065,723
COc1cc(C(=O)NCCCCCC(=O)NNc2c3c(nc4ccccc24)CCCC3)cc(OC)c1OC,1,9,0.9942472024131177,772
C#CCNC1CCc2c(Cl)cc(OC(=O)N(C)CCC)cc21,0,9,0.12736940087464266,2
O=C(Cn1nc(-c2ccccc2)c(-c2ccccc2)nc1=O)Nc1ccccc1[N+](=O)[O-],1,5,0.7863601302099229,117
Cc1c(C(=O)NN2CCCCC2)nn(-c2ccc(Cl)cc2Cl)c1-c1ccc(Cl)cc1,0,6,0.7151338253851133,981
C[C@@H]1CC[C@]2(C(=O)O)CC[C@]3(C)C(=CC[C@@H]4[C@@]5(C)C(C=O)=C[C@@](C)(COC(=O)CCc6ccccc6)[C@@H]5CC[C@]43C)[C@@H]2[C@]1(C)O,0,1,0.25397876704647043,982
CCNC(=O)c1ccc2nc(-c3ccc(Cl)cc3)c3c(c2c1)N(Cc1ccccc1)CCC3,1,9,0.669069169391161,983
COc1cccc2c1CC[C@H](NC(=O)N(C)C)C2,1,7,0.8473186763971285,531
Cc1ccccc1NC(=O)Oc1ccc2c(c1)[C@]1(C)CCO[C@@H]1O2,1,4,0.8998771960024354,984
CNC(=O)Oc1ccc2c(c1)[C@]1(C)CCN[C@@H]1N2,1,1,0.7949551508486489,37
CCOC(=O)c1c(C)nc(N2CCN(S(=O)(=O)c3ccc(N)c(F)c3)CC2)nc1-c1ccc(OC)cc1,1,7,0.952564108197992,35
C[N+](C)(CC#CCOC1=NOCC1)CCCCCCCCCCNc1c2c(nc3ccccc13)CCCC2,1,10,0.9808563494550188,985
CN1CCC(/C=C2\Cc3ccccc3C2=O)CC1,1,1,0.5588697143622907,986
c1ccc(COc2ccc(CCOCCCCCNc3c4c(nc5ccccc35)CCCC4)cc2OCc2ccccc2)cc1,1,10,0.987297721072952,987
CO[C@H]1C[C@H]2C(=C[C@@H]1OC(=O)c1cc([N+](=O)[O-])cc([N+](=O)[O-])c1)[C@H]1CN2Cc2cc3c(cc21)OCO3,0,10,0.443788448150665,988
N[C@@H](Cc1c[nH]c2ccccc12)C(=O)NCCCCCCNc1c2c(nc3ccccc13)CCCC2,1,8,0.9538934122573918,365
CCCCC1OC(=O)c2cc(OCc3ccc(CN4CCCCC4)c(O)c3)ccc21,1,7,0.46141389269387334,989
CCCN(CCC)c1ccc(/C=C2\Cc3cc(OC)c(OCCN4CCCCC4)cc3C2=O)cc1,1,6,0.8899714693055457,412
CCCCC1(O)c2nc3ccccc3c(N)c2CC1C,0,1,0.5673254930192976,417
CN(C)CCCCCCOc1ccc(C(=O)/C=C/c2ccccc2)cc1,0,5,0.05418078803886047,33
Cc1cc(=O)oc2cc(OCc3cc[n+](Cc4ccccc4)cc3)ccc12,1,7,0.9141347368254886,175
COc1cc2c(cc1OC)SC(C(=O)CCc1cc[n+](C)cc1)C2,1,8,0.8029852667062052,990
COc1ccc(-c2c3ccccc3[n+](C)c3ccccc23)cc1,0,10,0.12797337903804484,113
C[C@H](CC[C@H](O)[C@](C)(O)CO)[C@H]1CC[C@@]2(C)C3=CC[C@H]4C(C)(C)C(=O)CC[C@]4(C)C3=CC[C@]12C,0,10,0.1586174860529374,4
CCCCNC(=O)OCCCCCCCCCCOC(=O)NCCCC,1,7,0.9376644003822795,21
CCOc1ccc(Cc2nc3cc(C(=O)NCCOCCOCCNc4c5c(nc6ccccc46)CCCC5)ccc3n2CCC(C)C)cc1,1,2,0.9612164945180647,991
Brc1ccc(CNC2CCN(Cc3ccccc3)C2)cc1,1,7,0.8565536798562436,110
FC(F)(F)c1ccc(CNC2CCN(Cc3ccccc3)CC2)cc1,1,10,0.9239860176605704,160
COc1cccc2cc(-c3ccc(NC(=O)c4ccc(CCl)cc4)cc3)c(=O)oc12,1,10,0.8082922180770632,992
CCCCNC1c2ccccc2-c2ccccc21,0,10,0.47210311917959863,993
O=C(/C=N/O)Nc1ccc[n+](Cc2ccc(C[n+]3cccc(NC(=O)/C=N/O)c3)cc2)c1,0,3,0.12750102566277838,546
COc1cc2cc(NC(=O)C3CCN(Cc4ccccc4)CC3)c(=O)oc2cc1OC,1,10,0.8525265496903913,994
C/C=C1\[C@H]2C=C(C)C[C@]1(/N=C/C=C/c1ccc(N(C)C)cc1)c1ccc(=O)[nH]c1C2,1,2,0.8318382861467684,511
Clc1ccc(-c2nnc(N3CCN(c4ccccn4)CC3)o2)cc1,1,10,0.8353815851142407,317
CCNC(=O)c1ccc2nc(-c3ccc(Cl)cc3)c3c(c2c1)NCCC3,1,9,0.589653295914684,995
CNC(=O)Oc1cccc(CN(C)CCCCOc2ccc3c(=O)c4ccccc4oc3c2)c1,1,9,0.9738154514556967,996
c1ccc2c(NCCCCCCCCNc3c4c(nc5ccccc35)CCC4)c3c(nc2c1)CCC3,1,7,0.9981393116687235,997
CCN(CCCCCCNC1=CC(=O)C(NCCCCCCN(CC)Cc2ccccc2)=CC1=O)Cc1ccccc1,1,8,0.960738809391238,124
CN1C[C@@H](c2cccs2)[C@@]2(CSc3ccccc3C2=O)C12C(=O)c1ccccc1C2=O,0,9,0.10305805536202,998
COc1cc2oc(C(=O)NCCCCCCCCCCNc3c4c(nc5cc(Cl)ccc35)CCCC4)cc(=O)c2cc1OC,1,3,0.9976126363956354,482
O=C1CC2CCc3ccsc3C2=NN1CN1CCN(Cc2ccccc2)CC1,0,1,0.7808122124152631,999
NC(=O)c1cc[n+](CCC[n+]2ccc(/C=N/O)cc2)cc1,0,6,0.013054287755829359,283
O=C(Nc1cc(Cl)nc(Cl)c1)OCCCCCNCc1ccccc1,1,8,0.8273889464651122,1000
O=Cc1ccc2n1CCc1cc(O)c(O)cc1C2,0,7,0.4063011749926556,1001
COc1ccc(N2C(=O)C3CN(C)C4(C(=O)c5ccccc5C4=O)C3C2=O)cc1,1,1,0.08612914108390754,244
Cc1ccc2ccc(CNCCCCCCCCNc3c4c(nc5ccccc35)CCCC4)c(O)c2n1,1,3,0.9921028061571875,1002
CCN(CCCCC=Nc1cc(O)c(NCCCCCN(CC)Cc2ccccc2OC)cc1O)Cc1ccccc1OC,1,4,0.9782727358571968,1003
Cc1ccccc1CN1CCC(CNc2nc(-c3ccc(Cl)cc3)c(-c3ccc(Cl)cc3)s2)CC1,1,1,0.8970331286559308,144
CCCCNC(=O)Oc1ccc2c(c1)C1CCN(CC)C2C1,1,8,0.7778395453679565,676
C[C@@H]1[C@@H]2CC[C@@H]3C(=CC[C@]4(C)[C@@H]([C@H](C)N(C)C)[C@H](O)C[C@@]34C)C=C2CC[C@@H]1N(C)C,0,1,0.2287311532125545,1004
COc1ccc(C(=O)c2c(C3CCN(Cc4ccccc4)CC3)oc3ccccc23)cc1,0,1,0.18320483326741746,787
O=C(CCN1CCN(Cc2ccccc2)CC1)Nc1n[nH]c2ncccc12,1,1,0.7661767625919625,1005
C=CC[N+]1(C)CCN(c2ccc(/C=C3\Cc4cc(OC)c(OC)cc4C3=O)cc2)CC1,1,6,0.9369303659683236,1006
CCN(CCCCNC(=O)COc1ccc(-c2cc(=O)c3c(OC)c(OC)c(OC)cc3o2)cc1)Cc1ccccc1OC,1,7,0.8885604988560353,1007
Nc1c2c(nc3cccc(Cl)c13)C1CCC2C1,1,1,0.7533969273324949,1008
CCOC(=O)c1c(C)nc(N2CCN(S(=O)(=O)c3ccc(NC(C)=O)cc3)CC2)nc1-c1ccccc1,1,8,0.8717471162892431,35
O=[N+]([O-])OCCCCCCNCCCNc1c2c(nc3ccccc13)CCCC2,1,3,0.9950284531038034,141
COc1cc2c(cc1OC)/C(=N\NC(=O)c1ccccc1OC(C)=O)C(CC1CCN(Cc3ccccc3)CC1)C2,1,10,0.7871637805055595,1009
Cc1cccc2sc(NC(=O)CCN3CCN(Cc4cc(F)ccc4F)CC3)nc12,0,6,0.5460804800812042,1010
N[C@@H](Cc1c[nH]c2ccccc12)C(=O)NCCCNc1c2c(nc3cc(Cl)ccc13)CCCC2,1,9,0.9419416333685406,1011
COc1ccc(/C=C/C(=O)NCCC2CCN(Cc3ccccc3)CC2)cc1OC,1,5,0.9041716626749534,50
O=C1C=Cc2ccccc2C1=O,1,1,0.5286459746271328,1012
CN(CCOCCNC(=S)NC(=O)c1ccccc1)Cc1ccccc1,1,2,0.8889462339778481,27
O=C(CCC1CCN(Cc2cccc(Cl)c2)CC1)c1cc2c3c(ccn3C(=O)CC2)c1,1,5,0.9549701336694169,178
COc1ccc(C2c3c(nc4c(c3N)CCCC4)Oc3ccc4ccccc4c32)cc1OC,1,5,0.606089787310701,1013
N/C(=N\O)c1cccc(NC(=O)Nc2ccc([N+](=O)[O-])cc2)c1,0,6,0.09347553167811945,38
CN1CCCCc2ccc(C(=O)CCC3CCN(Cc4ccccc4)CC3)cc21,1,5,0.9565907453633787,55
CC1CCCCN1CCCNC(=O)c1cc(NC(=O)OC(C)(C)C)ccc1O,1,5,0.6799846414097265,625
CCCCCCNC(=O)Oc1ccc2c(c1)C1CCN(C)C2C1,1,4,0.893932867677302,676
COc1cc2cc(C(=O)C3CCC[N+](C)(Cc4ccc([N+](=O)[O-])o4)CC3)sc2cc1OC,1,3,0.8762213204307724,1014
O=C(NCCN1CCCCC1)N1c2ccccc2Sc2ccccc21,1,6,0.34581057224283257,1015
FC12CC3CC(NCCCCCNc4c5c(nc6cc(Cl)ccc46)CCCC5)(CC(C1)c1ccccc13)C2,1,2,0.9856256685053815,1016
COc1cc(CNC(=O)CCCC/C=C/CNc2c3c(nc4cc(Cl)ccc24)CC2C=C(C)CC3C2)ccc1O,1,5,0.9115651267346174,1017
O=C(CCC1CCN(Cc2ccccc2)CC1)c1ccc2c(c1)NC(c1ccccc1)N2,1,8,0.9183770016010967,1018
O=C1C(=O)N(Cc2ccc(Cl)c(Cl)c2)c2ccccc21,0,4,0.677510262442619,1019
CC[N+](C)(CCCCCC(=O)N(C)CCCCCCCCN(C)C(=O)CCCCC[N+](C)(CC)Cc1ccccc1C(F)(F)F)Cc1ccccc1C(F)(F)F,1,7,0.9028863008695449,191
COc1cc(/C=C/C(=O)NCC(=O)Nc2ccc(Br)cc2)ccc1O,0,1,0.10333494182143406,143
O=C1C(NCCCNc2c3c(nc4ccccc24)CCCC3)=CC(=O)c2c(O)cccc21,1,7,0.9802853615139977,377
O=C(COc1ccc(Cl)cc1Cl)Nc1ccc(CN2CCCCC2)cc1,1,7,0.7029068225791957,1020
O=C(NCCCCCNc1c2c(nc3ccccc13)CCCC2)c1cc2ccccc2oc1=O,1,3,0.9963147617848956,197
COc1cc2cc(C(=O)CCc3cc[n+](Cc4ccsc4)cc3)sc2cc1OC,1,1,0.9290242401938207,1021
CN(Cc1ccccc1)Cc1ccc(C(=O)c2ccc(OCCCN3CCC(n4c(=O)[nH]c5ccccc54)CC3)cc2)cc1,1,6,0.5934012391340405,1022
C/C(=C\C1=CCN(C(=O)CCc2ccccc2)C(=O)C1)N1C(=O)c2ccccc2C1=O,1,3,0.5472341451150436,1023
S=C(NCCCCNc1c2c(nc3ccccc13)CCCC2)NCCc1c[nH]c2ccccc12,1,4,0.9844418223032505,1024
CCN(C)C(=O)Oc1cccc(CCNC)c1,0,7,0.35489746347988066,17
CCC(C)n1cc(C(=O)C(F)F)cn1,1,5,0.6404982332989221,528
CCN(C)C(=O)Oc1ccc(/C=C/C(=O)N2CCCCC2)cc1OC,0,8,0.12991969430997843,1025
CCn1c2ccccc2c2cc(/C=C/c3ccc4ccccc4[n+]3C)ccc21,1,2,0.6041117681311065,1026
O=C(/C=N\O)Nc1ccc[n+](CCCC[n+]2cccc(NC(=O)/C=N\O)c2)c1,0,1,0.019731030641492304,595
O=C(COc1ccc(-c2ccccc2)cc1)NCCN1CCN(Cc2ccccc2)CC1,1,3,0.8338705973589972,1027
O=C(NCCCCCCCNc1c2c(nc3ccccc13)CCCC2)c1cc2ccccc2oc1=O,1,1,0.9976126363956354,375
CCN(CCCCCCNC1=CC(=O)C(NCCCCCCN(CC)Cc2ccc(OC)cc2)=CC1=O)Cc1ccc(OC)cc1,1,9,0.9040803312301053,124
CCNCC(=O)Nc1ccc2nc3n(c(=O)c2c1)CCC3,1,5,0.9111280318282566,261
Oc1ccc(CN2CCC(c3cc4ccccc4o3)CC2)cc1,0,2,0.2398451920060772,20
COc1cc(/C=C/C(=O)NCCCCCCNc2c3c(nc4ccccc24)CCCC3)ccc1O,1,4,0.9664397827013467,555
CCOC(=O)c1c(C)nc(N2CCN(S(=O)(=O)c3ccc(N)c(Cl)c3)CC2)nc1-c1ccccc1,1,10,0.9378134625068923,35
CCCCCCNC(=O)Oc1ccc2c(c1)C1(C)CCN(CC)C2C1,1,8,0.903105781847954,676
O=C(CCc1ccc2nc(-c3ccccc3)c3c(c2c1)OCCC3)NCCCCCCNc1c2c(nc3cc(Cl)ccc13)CCCC2,1,5,0.9994207818271099,1028
COc1ccc(N(C)C(=O)Oc2ccc3c(c2)C(N)CC3)cc1,1,9,0.44311774554382133,1029
O=C(/C=C/c1ccc([N+](=O)[O-])cc1)NCCCCCCNc1c2c(nc3ccccc13)CCCC2,1,7,0.9761748856880331,555
O=C1[C@H](O)C[C@]23CCCN1[C@@H]2c1c([nH]c2ccccc12)CC3,0,1,0.36580779452479156,1030
COC(=O)C(CC1=NO[C@@H]2CCC[C@@H]2[C@H]1c1ccccc1)C(=O)OC,0,5,0.3296217460854244,1031
NC(=O)c1cc[n+](CCCC[n+]2ccc(/C=N/O)cc2)cc1,0,4,0.003201064599415532,595
O=c1oc2cc(OCCCN3CCN(Cc4ccccc4)CC3)ccc2c2c1CCCC2,1,3,0.6600317889013629,1032
CC(C)=CCC/C(C)=C/CC/C(C)=C\Cc1c(O)cc(O)c(CC=C(C)C)c1-c1cc2ccc(O)cc2o1,0,4,0.40063810182980897,1033
O=C1CC2CCc3sccc3C2=NN1CCCCN1CCN(Cc2ccccc2)CC1,1,9,0.6975801772565763,1034
CC(=O)NCCc1c[nH]c2ccc(OC(=O)NCCCCCCCCCCNc3c4c(nc5ccccc35)CCCC4)cc12,1,1,0.999058976219153,1035
COc1cc2c(cc1OC)C(=O)/C(=C/c1ccc(CN(C)Cc3ccccc3)c(O)c1)O2,0,5,0.6662538256263943,1036
CN1CCC(/C=C/C=C2\Cc3ccccc3C2=O)CC1,1,8,0.6395924364151384,1037
CNC(=O)Oc1cccc(CN(C)CCCOc2ccc3c(c2)OC(=Cc2ccc4ccccc4c2)C3=O)c1,1,8,0.8240315530715323,1038
COc1cc2c(cc1OC)C(c1cccc([N+](=O)[O-])c1)N(CCCCCCc1cn(CCNc3c4c(nc5cc(Cl)ccc35)CC3C=C(C)CC4C3)nn1)CC2,1,3,0.8941672090108197,464
COc1cc2c(cc1OC)C(=O)C(CCCCCc1cccc(OC)[n+]1C)C2,1,5,0.9455595663459584,1039
CCCCCCCCCCCCCCCCNCC(=O)Nc1ccc2nc3n(c(=O)c2c1)CCC3,1,7,0.923573878731106,261
C[C@@H]1CC[C@]2(C(=O)NC3CCCCC3)CC[C@]3(C)C(=CC[C@@H]4[C@@]5(C)C[C@@H](O)[C@H](O)[C@@](C)(CO)[C@@H]5CC[C@]43C)[C@@H]2[C@]1(C)O,0,2,0.07764743544325729,1040
CCCCCCCCCCCCCNc1c2c(nc3ccc(OC)cc13)CCCC2,0,10,0.6287480651959665,141
O=C1C(=O)c2cc([N+](=O)[O-])ccc2-c2ccccc21,1,10,0.4939407254085354,1041
CN(CCCCCCCOc1ccc(-c2oc3ccccc3c2C(=O)c2ccc(OCCN3CCOCC3)cc2)cc1)Cc1ccccc1,0,3,0.2909201100350182,1042
O=c1c2ccccc2oc2ccc(OCCCCCN3CCCCCC3)cc12,1,1,0.6660608398829991,958
COc1cc(CNC(=O)CCCC/C=C/CCCNc2c3c(nc4cc(Cl)ccc24)CC2C=C(C)CC3C2)ccc1O,1,6,0.977519672434878,1043
CCN(CCCCCC=Nc1c(C)c(O)c(NCCCCCCN(CC)Cc2ccccc2OC)c(C)c1O)Cc1ccccc1OC,1,1,0.9074958957781195,75
c1ccc2c[n+](Cc3ccc4ccc(C[n+]5ccc6ccccc6c5)cc4c3)ccc2c1,1,3,0.5080939234590808,1044
CC[N+](CC)(CCCCCn1c(=O)cc(C)n(CCCCCCn2c(C)cc(=O)n(C)c2=O)c1=O)Cc1ccccc1[N+](=O)[O-],1,3,0.9805882805083244,1045
O=c1oc2cc(OCCCCN3CCC(Cc4ccccc4)CC3)ccc2c2ccccc12,0,5,0.3130527142167696,1046
COCCOC(=O)C1=C(C)Nc2nc3c(c(N)c2C1c1ccccc1Cl)CC(C)(C)CC3,1,8,0.8839295551584008,1
Nc1c2c(nc3ccccc13)CCCc1ccccc1-2,0,4,0.5307364246892002,1047
CCN(CC)CCCOc1ccc2nc3n(c(=O)c2c1)CCCCC3,0,3,0.6302425792453407,1048
COc1cc2c(cc1OC)C(=O)C(Oc1ccc(CN(C)C)cc1)C2,1,9,0.8664864865339158,634
Cc1c(C)c2ccc(OCC3CCN(Cc4cccc(C(F)(F)F)c4)CC3)cc2oc1=O,1,2,0.8728918994278213,1049
CCN(Cc1ccccc1)C(=O)/C=C/c1ccc(OC(=O)N(c2ccccc2)c2ccccc2)c(OC)c1,0,1,0.2842314269489315,1050
CCN(CC)Cc1ccc(C(=O)c2ccc(OC)c(OC)c2)cc1,0,1,0.48716857901152905,131
Cc1cccc2n1cc(-c1cccc(OC(=O)N(C)C)c1)[n+]2C,0,9,0.16823547446365816,5
CN(Cc1ccc(COc2ccc3c(CO)cc(=O)oc3c2)cc1)Cc1cccc(Cl)c1,1,10,0.7771339566998872,68
Oc1ccc([C@@H]2CC(c3c4ccccc4cc4ccccc34)=NN2)c(O)c1,1,3,0.649618760502893,354
COc1cc2c(cc1OC)C(=O)C(CCCCCCc1cccc(OC)[n+]1C)C2,1,4,0.949697545247682,1051
COc1c(F)ccc[n+]1C,0,7,0.2674108133609482,46
CCCCCCCCCC(C)C1OCc2c[n+](C)c(C)c(OC(=O)N(C)C)c2CO1,1,10,0.6013821788506476,1052
N#Cc1cc(C#N)c(NCCC2CCN(Cc3ccccc3)CC2)nc1Cl,1,8,0.9626323601454552,1053
CN(C)c1ccc(C(=O)NCCCCCCCCNc2c3c(nc4ccccc24)CCCC3)cc1,1,2,0.9987104900423024,1054
CCCCNC(=O)OCCCCCOC(=O)NCCCC,1,2,0.8589742101659289,21
CC(C)(C)OC(=O)N1CCN(c2nccc(NCc3ccccc3)n2)CC1,0,3,0.1445684073629983,385
CCCCCCCCc1noc(/C(=N/O)SCCN(CC)CC)n1,1,9,0.375393739022039,968
CC1=CC2Cc3nc4cc(Cl)ccc4c(NCCCCCCCCC(=O)Nc4cn[nH]c4)c3C(C1)C2,1,5,0.9833462078529862,1055
Cc1c(C)c2c(c(C)c1O)CCC(C)(C(=O)NCCC1CCN(Cc3ccccc3F)CC1)O2,1,2,0.7830073097515328,1056
COc1cccc(CN2CCN(CCCOc3ccc4c(c3)oc(=O)c3ccccc34)CC2)c1,0,3,0.16792046758073817,1057
CCCCCCCNc1c2c(nc3cc(C)ccc13)CCCC2,1,1,0.9318943359079858,141
CNC(=O)Oc1cccc(C(C)N(C)C)c1,1,3,0.7347165809474703,17
C[C@@H]([C@H]1[C@H](O)C[C@@]2(C)[C@@H]3C=C[C@H]4C(C)(C)[C@@H](N(C)C)[C@H](O)C[C@@]45C[C@@]35CC[C@]12C)N(C)C,0,9,0.3218254456919675,1058
CC/N=C1/CCc2c1n(C)c1ccc(OC(=O)NC)c(Cl)c21,1,2,0.8125953990570447,162
c1ccc2c(c1)ccc[n+]2CCCCCCCCCCCC[n+]1cccc2ccccc21,1,8,0.7978277574626156,1059
CCCNC(C)C(=O)Nc1c(C)csc1-c1nc(Cc2ccccc2)no1,1,3,0.7916763123618193,1060
CCCCN(CCc1c[nH]c2cc(O)ccc12)CCC1CCCCCC1,0,2,0.4753799559617908,1061
Oc1ccc(CNCCCCCCNc2c3c(nc4ccccc24)CCCC3)cc1O,1,6,0.9831023606311525,1062
N#Cc1cc(-c2ccccc2)nnc1NCCN1CCOCC1,0,1,0.3060236353399122,664
CCN(CC)Cc1cc(N)ccc1O,0,7,0.4144288593672788,17
COc1ccc2[nH]cc(CCNC(=O)Oc3cccc([C@H](C)N(C)C)c3)c2c1,1,5,0.8507276453802675,270
N/C(=N\O)c1cccc(NC(=O)Nc2cccc(Cl)c2)c1,0,5,0.13360515143796683,38
CCOC(=O)C1C(C)=Nc2nc3c(c(N)c2C1c1ccc(C)cc1)CCCC3,1,4,0.9242515854130047,74
CC[C@H]1[C@H](C[C@H](C)C(=O)OC)O[C@]23CC[C@@H]([C@@H]4C[C@H](C)C(=O)O4)N2CCCC[C@H]13,0,7,0.30342656037643134,1063
Cc1c(C)c2c(c(C)c1O)CCC(C)(C(=O)NCCNc1c3c(nc4cc(Cl)ccc14)CCCC3)O2,1,8,0.9536855481722463,700
Cc1ccc(/C=C2\CN(C(=O)C[C@H]3C[C@H]4CCCN4[C@]34C(=O)Nc3ccccc34)C[C@@]3(C[C@H]4CCCN4[C@@]34C(=O)Nc3ccccc34)C2=O)cc1,0,7,0.017305165881089088,669
O=C(CN1CCN(C(=O)c2cccc(Cl)c2)CC1)N1CCN(CCCc2c[nH]c3ccccc23)CC1,0,5,0.11825629164416848,36
CN(C)CCCN1C(=O)CSC1c1cccc(F)c1,0,1,0.209694445111298,839
O=C(c1ccncc1)N(CCC1CCN(Cc2ccccc2)CC1)c1ccccc1,1,8,0.9341749134123926,1064
N#CC(C#N)=C1NCCN1CCNCc1ccc(CN2CC=CCC2)o1,1,7,0.7029919028360612,1065
O=C1c2ccccc2C(=O)N1CCCCCNCc1cccc(Cl)c1,1,9,0.858934452496134,289
CN(Cc1ccccc1)Cc1ccc(COc2ccc3c(C(F)F)cc(=O)oc3c2)cc1,1,4,0.7367837071411291,68
Cc1c(C)c2ccc(OCC3CCCN(CCCC(F)F)C3)cc2oc1=O,1,1,0.6793837693055027,1066
CN(C)C(=O)Oc1cccc2c1cc(C(=O)NC1CCCCC1)c[n+]2C,1,3,0.8412586117015001,1067
CN(C)C(=O)Oc1cccc2c1C(N)CC2,1,3,0.6383235955892221,2
COc1ccccc1NCC1CCN(Cc2ccccc2)CC1,1,9,0.8050616085001236,794
O=C1[C@H]2Cc3c([nH]c4ccccc34)[C@@H](c3ccc4c(c3)OCO4)N2C(=O)CN1CCC1CCN(Cc2ccccc2)CC1,1,2,0.8373862899772709,1068
O=C1CCN(Cc2ccccc2)C/C1=C\c1cn(C(=O)c2ccc([N+](=O)[O-])cc2)c2ccccc12,0,5,0.16471956561497997,434
COc1ccc(Cn2cc(C(=O)NCCCNc3c4c(nc5ccccc35)CCCC4)c(=O)c3ccccc32)cc1,1,9,0.9247351856956154,1069
O=C(Cc1cc(=O)oc2cc(O)ccc12)NCCCNCCNCCCNc1c2c(nc3ccccc13)CCCC2,1,2,0.9487259903224852,1070
Nc1c2c(nc3cccc(Cl)c13)CCCC2,1,6,0.8987041026259764,141
CC(C)c1cc2cc3ccc(=O)oc3cc2o1,0,5,0.5224054087652421,830
O=C(/C=C/Nc1ccc(Br)cc1)c1cc2ccccc2o1,1,8,0.8377642753229434,195
CCCCCCNC(=O)Oc1ccc2c(c1)C1CCN(CC)C2C1,1,8,0.9186140854723465,676
Clc1ccc(CN2CCN(c3nccc(NCc4ccccc4)n3)CC2)cc1,0,7,0.08631148435286613,440
C[C@@H](c1cccc(OC(=O)NCCCCCNc2c3c(nc4cc(F)ccc24)CCCC3)c1)N(C)C,1,5,0.998140379738159,549
CCN(CCCCCC=Nc1cc(O)c(NCCCCCCN(CC)[C@@H](C)c2ccccc2OC)cc1O)[C@@H](C)c1ccccc1OC,1,5,0.8985367773743409,75
CCOc1ccc(Cc2nc3cc(C(=O)N(CC)CCCCNc4c5c(nc6ccccc46)CCCC5)ccc3n2CCC(C)C)cc1,1,5,0.982004421837236,1071
CCCCC1=NC2(CCCC2)C(=O)N1Cc1ccc(-c2ccccc2C#N)cc1,1,2,0.8310266187112322,1072
COc1ccc2c(c1)CCC(Cc1cc[n+](CC3CCCCC3)cc1C(C)=O)C2=O,1,10,0.8284188405846653,1073
Cc1ccc(C(C)C)cc1OCC(O)CNC(C)(C)C,1,10,0.5979964904894327,17
O=C(CCC1CCN(Cc2ccccc2)CC1)c1ccc2c(c1)NCCC2,1,9,0.9687827976384417,287
NC(=O)O,0,6,0.3453937715003404,21
CN(Cc1ccccc1)Cc1ccc(/C=C2\Cc3ccc(OCCCCN4CCOCC4)cc3C2=O)cc1,1,5,0.6680851394293593,1074
COc1cc2cc(-c3ccc(CN(C)Cc4ccccc4)cc3)c(=O)oc2cc1OC,1,2,0.925588618828788,206
O=C1C(NCCNc2c3c(nc4ccccc24)CCCC3)=CC(=O)c2c(O)cccc21,1,1,0.9625402095178127,485
O=C1c2ccccc2NCN1CCC1CCN(Cc2ccccc2)CC1,1,4,0.9191499234839978,1075
NC12CC3CC(F)(CC(C1)c1cc(NC(=O)CCCNc4c5c(nc6cc(Cl)ccc46)CCCC5)ccc13)C2,1,9,0.9658646731379215,1076
Cc1ccccc1C[n+]1ccc(COc2ccc3c(C)cc(=O)oc3c2)cc1,1,1,0.9433382172841417,175
C[C@@H](c1cccc(OC(=O)NCCCCCCNc2c3c(nc4cc(Br)ccc24)CCCC3)c1)N(C)C,1,7,0.9839742701752946,1077
COc1cc2c(cc1O)CCC(C)(CCC(=O)NCCCCCCNc1c3c(nc4cc(Cl)ccc14)CCCC3)O2,1,2,0.9938590798532712,1078
O=[N+]([O-])c1ccc(CNC2CCN(Cc3ccccc3)CC2)cc1,1,2,0.8545057952051945,160
COc1cc2ncnc(N3CCN(c4ccc([N+](=O)[O-])cc4)CC3)c2cc1OC,1,10,0.8027101781655007,892
COC(=O)C1=C(C)Nc2nc3c(c(N)c2C1c1ccccc1)CSCC3,1,1,0.8332076975313332,1079
c1ccc2c(CNc3ccnc(N4CCSCC4)n3)cccc2c1,0,8,0.04821105283720892,1080
O=c1cc(/N=N/N=P(CCP(=N/N=N/c2cc(=O)oc3ccccc23)(c2ccccc2)c2ccccc2)(c2ccccc2)c2ccccc2)c2ccccc2o1,1,5,0.5824037491084507,1081
c1cc[n+](CCCCCCCCCCCC[n+]2cccc3ccccc32)cc1,1,1,0.9095604656511597,1082
O=c1cc(-c2ccc(O)cc2)oc2cc(O)cc(O)c12,1,1,0.2909181561015259,158
COc1ccc(-c2oc3cc(OC)c(I)cc3c(=O)c2O)cc1,1,8,0.6316832906315739,158
COC(=O)C1=C(C)Nc2nc3c(c(N)c2C1c1cccc([N+](=O)[O-])c1)CC(C)(C)CC3,1,10,0.9005679861282342,1
O=C(/C=C/c1ccc(O)cc1)NCCc1ccc(O)c(O)c1,0,3,0.2990368612657704,1083
CN(C)Cc1ccc(CSCCNc2cc(F)c([N+](=O)[O-])cc2[N+](=O)[O-])o1,1,4,0.9261063796607601,588
CC(C)N(C(=O)Oc1ccc2c(CN(C)CCC3CCCCCC3)c[nH]c2c1)C(C)C,1,7,0.5624267687568766,268
O=C(NCC1CCN(Cc2ccccc2)CC1)c1c(O)c2cc(O)c(O)cc2[nH]c1=O,1,9,0.6786564371693923,1084
COc1cc(CNCCCNC2=CC(=O)C(NCCCNCc3ccc(O)c(OC)c3)=CC2=O)ccc1O,1,9,0.6675004390108451,691
O=C(NCCCCCCNc1c2c(nc3ccccc13)CCCC2)[C@@H]1Cc2c([nH]c3ccccc23)CN1,1,1,0.9897064102750668,755
O=C(COc1ccc(O)c(-c2cn[nH]c2-c2ccc(Cl)cc2)c1)Nc1ccc(Cl)cc1,1,7,0.8939803768453691,773
COc1ccc2c(c1)CC/C(=C\c1ccc(CN(C)Cc3ccccc3)cc1)C2=O,1,5,0.4977730351169038,112
COc1ccc2oc(=O)c(C(=O)NCCCCCCNc3c4c(nc5ccccc35)CCCC4)cc2c1,1,8,0.9972355459774221,103
CNC(=O)c1sc(-c2ccnc(NC(=O)C3CC3)c2)nc1OCCOCc1cn(CCNc2c3c(nc4cc(Cl)ccc24)CCCC3)nn1,1,10,0.9597738152810894,347
COc1ccc2oc(=O)c(-c3ccc(CN(C)Cc4ccccc4)cc3)cc2c1,1,10,0.7440612771982142,206
O=C(c1cnn(C2CCCC2)c1)C(F)F,1,6,0.5783530482937365,1085
CN(CCC(=O)N1CCN(CCNc2c3c(nc4ccccc24)CCCC3)CC1)C1CCCCC1,1,9,0.9908753570850363,1086
CCCCCCCNC(=O)Oc1cccc2c1OCC1CCN(C)C21,1,3,0.837776799427893,1087
COc1cc2c(cc1OC)C(=O)/C(=C/c1cc[n+](Cc3ccc(F)cc3)cc1)OC2,1,5,0.8675698112695321,1088
CN(C)Cc1ccc(CSCCNc2cc(Oc3ccc([N+](=O)[O-])cc3)c([N+](=O)[O-])cc2[N+](=O)[O-])o1,1,6,0.9046550517105533,1089
O=C(Nc1ccc(OC(F)(F)F)cc1)NC1CCN(C(=O)CCCCNc2c3c(nc4cc(Cl)ccc24)CCCC3)CC1,1,2,0.9801702550670673,1090
COc1cc2c(cc1OC)C(=O)/C(=C/C1CCN(Cc3cc(N)c4ccccc4n3)CC1)C2,1,5,0.6927865546553493,1091
O=C(COc1ccc([N+](=O)[O-])cc1)NCC1CCN(Cc2ccccc2)CC1,1,3,0.8855001823372768,581
Cc1cc(-c2ccccc2)nnc1NCCN1CCOCC1,0,8,0.2445768077429843,664
O=C(NCCC1CCN(Cc2ccccc2)CC1)c1ccccc1,1,6,0.8873686431626411,1092
CCN(CCCCCCNc1ccc(NCCCCCCN(CC)Cc2ccccc2OC)cc1)Cc1ccccc1OC,1,6,0.8191253369879291,1093
O=C(C[n+]1ccc(/C=N/O)cc1)Nc1nccs1,0,9,0.08115225908092513,1094
COc1ccc2[nH]cc(CCNC(=O)CNC(=O)/C=C/c3ccc(O)c(OC)c3)c2c1,1,7,0.5333294118096443,1095
CC(C)N1CCN(c2nccc(NC(c3ccccc3)c3ccccc3)n2)CC1,0,5,0.09085138152726811,307
CC1CCCCN1CCCN1CC(=O)N(CCc2ccc(F)cc2)CC1=O,0,2,0.5288427408427462,1096
COc1cc2cc(-c3cccc(CN(C)Cc4ccccc4)c3)c(=O)oc2cc1OC,1,1,0.8622736666081403,534
O=C1CN(/N=C/c2ccc(-c3ccc([N+](=O)[O-])cc3)o2)C(=O)N1CCC1CCN(Cc2ccccc2)CC1,1,7,0.9177529633115836,1097
c1ccc2c(CCCCCCCCNc3c4c(nc5ccccc35)CCCC4)c3c(nc2c1)CCCC3,1,10,0.9964874767312483,1098
COc1ccc(C(=O)Cc2ncc(C(=O)N(C)CCCOc3ccc(OC)c(OC)c3)cn2)cc1,0,4,0.4119839416347192,1099
Clc1ccc(COC(Cn2ccnc2)c2ccc(Cl)cc2Cl)cc1,0,8,0.4381112624418708,293
NCCCCCCCCNc1c2c(nc3ccccc13)CCCC2,1,3,0.9737513147151792,141
COc1ccc(C(=O)c2ccc(CN3CCc4ccccc4C3)cc2)cc1OC,0,3,0.45515131465608505,1100
CCN(CC)c1ccc(/C=C/c2ccc3ccccc3[n+]2C)c(OC)n1,1,9,0.6217750185388943,1101
CCN(C)C(=O)Oc1ccc(/C=C/C(=O)N2CCc3ccccc3C2)cc1OC,0,3,0.05466662016917006,1102
Cc1cccc2sc(NC(=O)CCN3CCN(Cc4ccc(C(C)(C)C)cc4)CC3)nc12,0,4,0.5778839490416922,1010
O=C(COc1cc(F)ccc1[N+](=O)[O-])NCCN1CCN(Cc2ccccc2)CC1,1,8,0.8858242196847906,61
CN(C)CCNc1cc(NCCSCc2ccc(CN(C)C)o2)c([N+](=O)[O-])cc1[N+](=O)[O-],1,8,0.9677986835640917,588
N#CC(C#N)=C1Nc2ccccc2N1CCNCc1ccc(CN2CCCCC2)o1,1,9,0.7576084551809996,1103
CN(Cc1ccccc1)Cc1ccc(/C=C2\Cc3ccc(OCCCCCN4CCC(c5ccccc5)CC4)cc3C2=O)cc1,0,8,0.8139626082301068,1104
Nc1c2c(nc3c(Br)cc(Br)cc13)CCCCC2,0,10,0.46455806135465366,663
COc1cccc(CCCCCCCCc2cccc(OC)[n+]2C)[n+]1C,1,10,0.7375681469338569,1105
CCCN(CCCOc1ccc2c(=O)c3ccccc3oc2c1)Cc1cccc(OC(=O)NC)c1,1,1,0.9604895363729664,77
c1ccc2c(c1)ccc[n+]2CCCCCCCC[n+]1cccc2ccccc21,1,1,0.801838377095325,1106
COc1ccc(OC)c(C2CC(c3cc(F)ccc3F)=NN2c2ccc(S(N)(=O)=O)cc2)c1,1,7,0.9584217279709797,16
Cc1ccc2nc3c(c(N4CCN(c5c6c(nc7ccc(C)cc57)CCCC6)CC4)c2c1)CCCC3,1,4,0.6902453409798536,1107
Fc1ccc2c(NCCCCCCCCNc3c4c(nc5cc(F)ccc35)CCCC4)c3c(nc2c1)CCCC3,1,2,0.9923728037524847,453
C[C@@H]1CC[C@]2(C(=O)O)CC[C@]3(C)C(=CC[C@@H]4[C@@]5(C)C[C@@H](OC(=O)c6ccc(Cl)cc6)[C@H](O)[C@@](C)(CO)[C@@H]5CC[C@]43C)[C@@H]2[C@]1(C)OC(=O)c1ccc(Cl)cc1,0,6,0.20906870060955873,1108
COc1ccc(-c2nc(NCC3CCN(Cc4ccccc4C)CC3)sc2-c2ccc(OC)cc2)cc1,1,2,0.9001204876149872,144
CCN(CCCOc1ccc(-c2cc(=O)c3c(OC)c(OC)c(OC)cc3o2)cc1)Cc1ccccc1OC,1,8,0.9426807191839528,1109
O=C(CCCCN1CCN(Cc2ccccc2)CC1)Nc1ccc2nc3n(c(=O)c2c1)CCC3,1,7,0.8441379858236796,1110
CC(=O)N1CCN(c2nccc(NCc3ccccc3)n2)CC1,0,10,0.05406122412926596,385
CCN(CCCCCOc1ccc2c(=O)c3ccccc3oc2c1)Cc1cccc(OC(=O)NC)c1,1,2,0.9787702788758829,1111
Cc1ccc(NC(=O)COc2ccc3occ(C(=O)c4ccc(Cl)cc4)c3c2)cc1,1,7,0.8993696163285172,173
COc1cc(CCC(=O)NCC(=O)NNc2c3c(nc4ccccc24)CCCC3)cc(OC)c1OC,1,10,0.8947595203399614,1112
CCN(CCCCCCNC1=C(C)C(=O)C(NCCCCCCN(CC)Cc2ccccc2OC)=C(C)C1=O)Cc1ccccc1OC,1,10,0.9836126504022055,124
CC1CCCN(Cc2ccc(CNCCN3CCNC3=C(C#N)C#N)o2)C1,1,10,0.959321855529461,424
C#CCN[C@H]1CCc2ccc(OC(=O)N(C)CC)cc21,0,2,0.04870822773652224,2
Cc1cc(=O)oc2cc(OCc3ccc(CN(C)Cc4cccc(Cl)c4)cc3)ccc12,1,5,0.8582223982387643,68
Cc1cc(=O)oc2ccc(OC/C=C/CCn3cnc4c(N5CCCCC5)ncnc43)cc12,0,5,0.6661812551056493,1113
CCN(CC)Cc1cccc(/C=C2\Cc3cc(OC)c(OC)cc3C2=O)c1,1,5,0.9396759364285153,211
CCOC(=O)Cc1csc(NC(=O)C[n+]2cccc(/C=N/O)c2)n1,0,1,0.07839605224554255,1094
COc1cccc(CCCCCCCc2cccc(OC)[n+]2C)[n+]1C,1,10,0.7131892357873729,1114
CC(c1ccc2c(c1)oc(=O)c1ccccc12)N(C)C,0,8,0.3388280166194131,521
CCN(CC)CC(=O)Nc1ccc(C(=O)c2ccc(CN(C)Cc3ccccc3)cc2)cc1,1,6,0.8464587153020513,302
c1ccc2oc(CNCCCCCCCNc3c4c(nc5ccccc35)CCCC4)cc2c1,1,1,0.9967911802008522,1115
O=C(/C=C/c1ccc(O)cc1O)NCCC1CCN(Cc2ccccc2)CC1,1,3,0.9138870844802185,50
COc1cc(/C=C/C(=O)N2CCN(c3ccccc3)CC2)ccc1O,0,7,0.07201246843548643,579
COc1cc2c(cc1OC)C(=O)/C(=C/c1ccc(OCCN[N+]3(C)CCN(c4ccc(/C=C5\Cc6cc(OC)c(OC)cc6C5=O)cc4)CC3)cc1)C2,0,6,0.7919386410109881,1116
CN(C)Cc1ccc(CSCCNC(=O)NCCSCc2ccc(CN(C)C)o2)o1,0,8,0.8820723393561103,1117
O=C1/C(=C/c2ccccc2Cl)CN(C(=O)C[C@H]2C[C@H]3CCCN3[C@]23C(=O)Nc2ccccc23)C/C1=C\c1ccccc1Cl,0,5,0.04768542167507897,54
O/N=C/C1=NCCN1Cc1cc(C(F)(F)F)cc(C(F)(F)F)c1,0,3,0.16218563968570418,1118
Cc1ccccc1/C=C1\CN(C(=O)[C@H]2C[C@H]3CCCN3[C@]23C(=O)Nc2cc(Cl)ccc23)C/C(=C\c2ccccc2C)C1=O,0,2,0.08757888822511958,433
O/N=C/c1cc[n+](CCC[n+]2ccc(/C=N/O)cc2)cc1,0,7,0.03328986635584836,283
CN1CC[C@@]2(C)c3cc(OC(=O)NCCCCCCCCCCCN4CCOCC4)ccc3N(C)[C@@H]12,1,6,0.8818727939938986,1119
CC(C)Cc1cc(N)c2c(C(F)(F)F)cc(-c3ccccc3)nc2n1,0,9,0.5205588113674156,1120
CCCCCCNC(=O)Oc1ccc2c(c1)[C@@H]1CCN(CCC)C1C2,1,2,0.9647726886506037,309
COc1ccc(OC)c(NC2=C([N+](=O)[O-])C3(NN2)C(=O)Nc2ccc([N+](=O)[O-])cc23)c1,0,4,0.3057827529955459,793
CCOC(=O)c1c(C)nc(N2CCN(S(=O)(=O)c3ccc(NC(C)=O)c(F)c3)CC2)nc1-c1ccc(OC)cc1,1,5,0.9701428782695394,35
COc1cccc(CN2CCN(C(=O)/C=C/c3ccc(O)c(OC)c3)CC2)c1,0,6,0.09604117435794754,253
C=CCOc1ccc(/C=N/[C@@]23CC(C)=C[C@@H](Cc4[nH]c(=O)ccc42)/C3=C\C)cc1,1,3,0.9081450252217981,350
CCCC[N+]1(C)CCN(c2ccc(/C=C3\Cc4cc(OC)c(OC)cc4C3=O)cc2)CC1,1,2,0.9123813283942187,1006
COc1ccc2c(c[n+](C)c3c4cc5c(cc4ccc23)OCO5)c1OC,1,10,0.5004368077029157,1121
COc1cc2cc(C(=O)CC(OC)C3CC[N+](C)(Cc4ccccc4)CC3)sc2cc1OC,1,9,0.8335858652024409,1122
Cn1c(NCCCCCCCNc2c3c(nc4cc(Cl)ccc24)CCCC3)nc(-c2ccncc2F)cc1=O,1,5,0.9826611080840667,1123
Nc1ccc2c(CCC3CCN(Cc4ccccc4)CC3)noc2c1,1,2,0.9533807924775507,231
COc1cc2cc(C(=O)CC3(O)CC[N+](C)(Cc4ccccc4)CC3)sc2cc1OC,1,1,0.8165988523478841,1124
CCN(CCCCCC(=O)N1Cc2ccc3c4c(ccc(c24)C1)CN(C(=O)CCCCCN(CC)Cc1ccccc1OC)C3)Cc1ccccc1OC,1,4,0.8744459933152579,1125
O=C(NCCCNc1c2c(nc3ccccc13)CCC2)c1cnc(Cl)c(Cl)c1,1,2,0.9720941618338544,1126
CCCNC(=O)Oc1cccc(CN(C)CCCOc2ccc3c(=O)c4ccccc4oc3c2)c1,1,2,0.960968779830059,77
O=C1c2ccccc2C(=O)N1CCCCCNCc1ccc(F)cc1F,1,8,0.927956093061314,289
CCN(CCCCCCN1C(=O)c2ccc3c4c(ccc(c24)C1=O)C(=O)N(CCCCCCN(CC)Cc1ccccc1OC)C3=O)Cc1ccccc1OC,1,2,0.9158560883061048,1127
Nc1c2c(nc3cc(Br)ccc13)CCCC2,1,4,0.7966436099187614,141
CC1CCCCN1c1nc2ccccc2[nH]1,0,5,0.32345382604620654,970
Cc1ccccc1NC(=O)Oc1ccc2c(c1)[C@]1(C)CC[N@@+](C)(O)[C@@H]1N2C,1,1,0.9771392514436518,631
CC1=C(C(=O)OC(C)C)C(c2cncnc2)c2c(nc3c(c2N)CC(C)(C)CC3)N1,1,2,0.7697990695657855,1128
CN(C)CCCCCCCCCNc1c2c(nc3ccccc13)CCCC2,1,5,0.987703813753377,141
Nc1c2c(nc3ccc(F)cc13)CCC2,1,10,0.7129769939459076,417
c1ccc(CCNc2ccnc(N3CCSCC3)n2)cc1,0,6,0.045663269541638726,1129
N[C@@H](Cc1c[nH]c2ccccc12)C(=O)NCCNc1c2c(nc3cc(Cl)ccc13)CCCC2,1,3,0.9518395008911007,782
CC(C)c1ccc(NC(=O)OCC2CCCN(Cc3ccccc3)C2)cc1,0,6,0.6602873864390597,1130
COc1cc2c(cc1OC)C(=O)C(Cc1cc[n+](Cc3ccccc3)cc1C#N)C2,1,9,0.8968722508127428,404
O=C(Cc1cc(=O)oc2cc(O)ccc12)NCCCNc1c2c(nc3ccccc13)CCCC2,1,4,0.9731522120010356,1131
COc1ccccc1CNCCCCCC(=O)N(C)CCCCCCCCN(C)C(=O)CCCCCNCc1ccccc1OC,1,4,0.8237124658423595,318
CC1=CC2Cc3nc4cc(Cl)ccc4c(NCCCCCCCCCNC(=O)c4cc(O)cc(O)c4)c3C(C1)C2,1,6,0.9738105183872872,1132
C/C=C1\[C@H]2C=C(C)C[C@]1(/N=C/c1cc(OC)cc(OC)c1)c1ccc(=O)[nH]c1C2,1,10,0.9206727294486776,350
Cc1ccc(-c2csc(NC(=O)C[n+]3ccc(/C=N/O)cc3)n2)cc1,0,9,0.16997351518226314,856
O=C1c2cccnc2C(=O)N1CCC1CCN(Cc2ccccc2)CC1,1,8,0.9188132760038443,1133
O=[N+]([O-])C1C(Cc2c[nH]cn2)NC2(c3ccccc3-c3nc4ccccc4nc32)C1c1ccccc1,0,1,0.12414991389401692,1134
COc1cc2oc(C(=O)NC3CCN(Cc4ccccc4)CC3)cc(=O)c2cc1OC,1,1,0.8108872286582675,1135
C[Si]1(Cl)C=C/C(=N\c2ccccc2)C1=P(c1ccccc1)(c1ccccc1)c1ccccc1,1,8,0.6224639285245189,1136
CN(CCCOc1ccc2ccc(=O)oc2c1)Cc1cccc(OC(=O)NCCCCCc2ccccc2)c1,1,8,0.9724767931788366,1137
Clc1ccc2c(NCCCNCCCOc3cccc4[nH]c5ccccc5c34)c3c(nc2c1)CCCC3,1,1,0.9894752504149605,1138
C/C=C1\[C@H]2C=C(C)C[C@]1(/N=C/c1ccc(C#N)cc1)c1ccc(=O)[nH]c1C2,1,9,0.8885371920653953,350
O=C1C=C(NCCNc2c3c(nc4cc(Cl)ccc24)CCCC3)C(=O)c2ccccc21,1,10,0.9730346840865485,485
O=c1[nH]c2cc(Cl)ccc2c(=O)n1CCC1CCN(Cc2ccccc2)CC1,1,10,0.8684750788275278,1139
COc1cc2c(cc1OC)C(=O)/C(=C/C1CCN(Cc3ccccc3)CC1)C2,1,9,0.7470763882115392,360
COc1cccc2c1CCCC2NS(=O)(=O)NC(=O)OCc1ccccc1,1,7,0.7416131349553342,1140
COc1cc(/C=C/C(=O)c2ccc(OCCN3CCCC3)cc2)ccc1OCc1nc(C)c(C)nc1C,1,4,0.3130319370220403,1141
CN(C)Cc1ccc(CSCCNC(=NC#N)NCCSCc2ccc(CN(C)C)o2)o1,1,10,0.7041952069714893,1142
c1ccc(-c2ccc(NCN3CCCCC3)nc2)cc1,0,6,0.25435989811738663,1143
O=C(CN1CCN(C(=O)c2ccc(Cl)cc2)CC1)N1CCN(CCCc2c[nH]c3ccccc23)CC1,0,10,0.04071359213986152,36
CN(CCCCCCOc1ccc(/C=C2\COc3ccccc3C2=O)cc1)Cc1ccccc1,0,2,0.482461230221701,1144
NC(=O)c1sc(-c2ccnc(NC(=O)C3CC3)c2)nc1OCCCC1CCN(Cc2ccc(F)cc2)CC1,1,3,0.4220957525680291,1145
CCN(C)Cc1ccc(CC2Cc3cc(OC)c(OC)cc3C2=O)cc1,1,4,0.9354276203001823,372
CCCC[C@@H](O)/C=C/C=C/C(=O)O,1,1,0.3816502492027601,21
Cc1c(C)c2c(c(C)c1O)CCC(C)(C(=O)NCCCCCCNc1c3c(nc4cc(Cl)ccc14)CCCC3)O2,1,8,0.9513615496281765,132
Nc1c2c(nc3cccc(Cl)c13)OCCC2,1,3,0.8671246487261176,96
CN(C)C(=O)Oc1cccc(CCN)c1,1,10,0.6134609924241485,17
O=C1c2ccccc2C(=O)N1CCCCCCNCc1ccccc1F,1,6,0.9517204606528903,273
N#Cc1cc(C#N)c(NCCCC2CCN(Cc3ccccc3)CC2)nc1N,1,9,0.8906140008306435,396
Cc1cccc2c1ccc1c3c(c(=O)oc(=O)c12)[C@@H](C)CO3,0,7,0.4261257056172483,1146
c1ccc2c[n+](CCCCCCCCCC[n+]3ccc4ccccc4c3)ccc2c1,1,10,0.895931865546324,1147
CCOC(=O)c1c(C)nc(N2CCN(S(=O)(=O)c3ccc(NC(C)=O)cc3)CC2)nc1-c1ccc(OC)cc1,1,9,0.9229320092631759,35
COC(=O)CNC(=O)c1cc2c(OC(=O)N(C)C)cccc2[n+](C)c1,1,7,0.8702948889562003,95
O=C(OC1Cc2c(O)cc(O)cc2OC1c1ccc(O)c(O)c1)c1cc(O)c(O)c(O)c1,0,9,0.33210377953989767,1148
NC(=O)c1cc[n+](CCC[n+]2ccccc2/C=N/O)cc1,0,9,0.07936703740673351,283
N#Cc1cc2c(cn1)[nH]c1ncc(-c3ccc(CN4CCC(O)CC4)cc3)cc12,1,5,0.814583929305983,340
Cc1nc2cc(C(=O)CCC3CCN(Cc4ccccc4)CC3)ccc2[nH]1,1,9,0.948711362947396,1149
COc1cc2c(cc1OC(C)C)CC(C)C2=O,1,2,0.8260409669626144,89
C=C(C)[C@H](CC=C(C)C)Cc1c(O)cc(OC)c2c1O[C@H](c1ccc(O)cc1O)CC2=O,0,9,0.36407389352101055,411
CC(=O)Nc1nc(Cl)c2ncn(C3O[C@H](C(=O)O)[C@@H](OC(C)=O)[C@@H](OC(C)=O)[C@H]3OC(C)=O)c2n1,0,8,0.12132406331066245,1150
CN(C)CCOc1ccc(-c2nc3ccccc3[nH]2)cc1,0,7,0.2436184764996916,567
CC1=CC2Cc3nc4cc(Cl)ccc4c(NCCCCCCCCCCNc4c5c(nc6cc(Cl)ccc46)CCCC5)c3C(C1)C2,1,7,0.9976117564237944,745
CC(=O)c1c[n+](Cc2ccccc2C)ccc1CC1Cc2cc(OCC(F)(F)F)ccc2C1=O,1,1,0.9263598797935853,404
COc1ccc2c3c1O[C@H]1C[C@@H](O)C=C[C@@]31CCN(CCCCCCNC13CC4CC(C)(CC(C)(C4)C1)C3)C2,1,10,0.7732004239182791,1151
Nc1c2c(nc3cc([N+](=O)[O-])ccc13)-c1ccccc1C2,0,7,0.501961639214885,356
COc1cccc2c1CCC(NS(=O)(=O)N(C)C)C2,1,4,0.8418126376200683,531
CCN(CC)C(=O)Oc1ccc(/C=C/C(=O)N2CCN(Cc3ccccc3)CC2)cc1OC,0,5,0.11759826994395661,253
CCCCCCNC(=O)Oc1cccc(CN(CCC)CCCOc2ccc3c(=O)c4ccccc4oc3c2)c1,1,4,0.9902864012250999,77
COC(=O)/C=C/C(=O)Nc1ccc(OCCCCSC(=S)N2CCCCC2C)cc1,1,6,0.576630756229365,369
COc1ccc(C(=O)CCc2cc[n+](Cc3cccc(F)c3)cc2C#N)cc1OC,1,8,0.8778728968324172,430
COc1cc2cc(-c3ccc(CN(C)Cc4ccc([N+](=O)[O-])cc4)cc3)c(=O)oc2cc1OC,0,2,0.9345115499680973,206
CCN(CC)Cc1ccc(NC(=O)c2ccccc2)c(C(=O)C(=O)N(CC)CC)c1,1,9,0.7470510043495583,1152
COc1cc(N)c(Cl)cc1C(=O)CCC1CCN(Cc2ccccc2)CC1,1,2,0.9869949693216142,1153
CN(C)Cc1ccc(CSCc2ccc(CN(C)C)o2)o1,0,3,0.6565343541191672,1154
CC(CC(=O)C[C@@H](C)[C@H]1CC(=O)[C@@]2(C)C3=C(C(=O)C[C@]12C)[C@@]1(C)CC[C@H](O)C(C)(C)[C@@H]1C[C@@H]3O)C(=O)O,0,9,0.09007933439506544,1155
CN(C)c1ccc(C(=O)NCCCCCCCCCNc2c3c(nc4ccccc24)CCCC3)cc1,1,4,1.0,1156
COc1ccc(NC(S)=NCCN2CCC(C)CC2)cc1Cl,0,4,0.558980373903096,1157
COc1cccc(CC2CCN(CCOc3ccc4c5c(c(=O)oc4c3)CCCC5)CC2)c1,0,3,0.36013851241914924,1158
O=C(CCN1CCCC1)Nc1ccc2c(c1)CN1CCc3c([nH]c4ccccc34)C1=N2,1,6,0.7739563718621246,1159
CCCOc1ccccc1C[N+](C)(CC)CCCCCC(=O)N(C)CCCCCCCCN(C)C(=O)CCCCC[N+](C)(CC)Cc1ccccc1OCCC,1,8,0.9055513804847635,191
Cc1ccc2[nH]c(-c3ccc(OCCN(C)C)cc3)nc2c1,0,7,0.30737250214297995,567
COc1cc(CCCCCCCCNc2c3c(nc4ccccc24)CCCC3)cc(OC)c1,1,3,0.9610337443320837,32
COc1cc2c(cc1O)CCC(C)(CC(=O)NCCCCCCNc1c3c(nc4ccccc14)CCCC3)O2,1,8,0.9885189514605245,1160
CNC(=O)Oc1ccc2c(c1)[C@]1(C)CCO[C@@H]1N2C,1,3,0.9243031693417557,471
CN(CCCN1CCN(CCNc2c3c(nc4ccccc24)CCCC3)CC1)C1CCCCC1,1,9,0.9771005245784747,1161
CC(C)(C)c1cc[n+](CCOCC[n+]2ccc(C(C)(C)C)cc2)cc1,0,6,0.2399324534140256,1162
CN(C)/C=C/C(=O)c1cc2ccccc2o1,1,5,0.47711887911033735,1163
O=C1c2ccccc2C(=O)C12N1CSC[C@@H]1[C@@H](c1ccc(Cl)cc1Cl)[C@@]21CSc2ccccc2C1=O,0,4,0.06206531908115276,426
COc1cc(C#N)cc[n+]1C,0,9,0.32552169246760426,46
O=C1/C(=C/c2ccc(F)cc2)CN(C(=O)[C@H]2C[C@H]3CCCN3[C@]23C(=O)Nc2cc(Cl)ccc23)C/C1=C\c1ccc(F)cc1,0,8,0.10468213091193039,433
CN(Cc1ccc(COc2ccc3c(CO)cc(=O)oc3c2)cc1)Cc1ccsc1,1,2,0.8325585778043045,1164
c1cc[n+](CCCCCCC[n+]2ccc3ccccc3c2)cc1,1,1,0.6495002394344225,1165
COc1cccc2c(CCC3CCN(Cc4ccccc4)CC3)noc12,1,6,0.9042358395346156,231
CC(C)c1ccccc1NC(=O)Oc1ccc2c(c1)[C@]1(C)CCN(C)[C@@H]1N2C,1,8,0.897928503019125,44
COc1cc2c(cc1OC)SC(C(=O)CCc1cc[n+](Cc3coc([N+](=O)[O-])c3)cc1)C2,1,10,0.8990103747111587,1166
CCC(OC[n+]1ccn(C)c1/C=N/O)C(C)(C)C,0,5,0.04392913139899612,154
N#Cc1cc(C#N)c(NCCCCC2CCN(Cc3ccccc3)CC2)nc1N,1,6,0.9394681517939064,936
COc1cc2c(c(O)c1OC)CCN1Cc3c(ccc(O)c3OC)C[C@@H]21,0,1,0.44592088079727094,1167
C[C@@H]([C@H]1[C@H](O)C[C@@]2(C)[C@@H]3CC[C@@H]4C(=CC3=CC[C@]12C)CC[C@H](N(C)C)C4(C)C)N(C)C,0,1,0.17013939863131136,1004
O=C(Nc1cncc(OCC2CCN(Cc3ccccc3)CC2)c1)c1ccnc(NC(=O)C2CC2)c1,1,3,0.9125232808193485,1168
Cc1c(C)c2c(c(C)c1O)CCC(C)(C(=O)NCCCCCCCCNc1c3c(nc4cc(Cl)ccc14)CCCC3)O2,1,6,0.9572822003584982,727
CON(C)C(=O)Oc1ccc(-c2cc(=O)c3c(O)cc(OC(=O)N(C)OC)cc3o2)cc1,0,5,0.35632976577677233,158
COc1cc(/C=C/C(=O)Nc2ccccc2)ccc1OCCCCCCN1CCCCC1,1,4,0.03904239907463816,1169
CCN(C)C(=O)Oc1ccc(-c2cc(=O)c3c(OC(=O)N(C)CC)cc(OC(=O)N(C)CC)cc3o2)cc1,0,4,0.44246963671135336,158
CCOC(=O)C1=C(C(F)(F)F)Nc2nc3c(c(N)c2C1c1cccc([N+](=O)[O-])c1)CC(C)(C)CC3,1,9,0.7794988703300292,1
N#Cc1cc2c(cn1)[nH]c1ncc(-c3nc(CN4CCCCC4)cs3)cc12,1,9,0.8073220609593337,1170
O=C(CCc1c[nH]c2ccccc12)NCCCCCCCCCCNc1c2c(nc3cc(Cl)ccc13)CCCC2,1,1,0.9997490611761659,1171
O=C(NCCCCCc1ccccc1)Oc1ccc(Cn2cc(COc3ccc4ccc(=O)oc4c3)nn2)cc1,1,8,0.6821673001039116,1172
CN1C[C@@H](c2ccc(F)cc2)[C@@]2(CSc3ccccc3C2=O)C12C(=O)c1ccccc1C2=O,0,2,0.07524024450353674,335
COc1cc2c(c3c1OCOC3)C[C@H]1c3c(cc4c(c3OC)OCO4)CC[N+]1=C2,0,6,0.317376343025292,1173
Cc1ccccc1NC(=O)Oc1ccc2c(c1)[C@]1(C)CO[C@@H](C1)O2,1,7,0.8093914042405891,1174
COc1cc2c(cc1OC)C[N+](C)(CCCCCc1cccc(OC)[n+]1C)CC2,1,5,0.84157306100865,1175
CCCCCCCNC(=O)Oc1ccc2c(c1)[C@]1(C)CCN(C)[C@@H]1C2,1,2,0.9443872884718199,309
CCOC(=O)c1c(C)nc(N2CCN(S(=O)(=O)c3ccc(N)cc3)CC2)nc1-c1ccc(OC)cc1,1,4,0.9081573536673682,35
COC(=O)C(CC1=C(c2ccccc2)CC(C)(C)ON1C(C)=O)C(=O)OC,0,10,0.27044591754390157,1176
O/N=C/c1cc(Cl)cc(CN2CCC(c3ccc(F)cc3)CC2)c1O,0,6,0.32038562321052294,1177
COc1ccc(-c2cc(=O)c3cc(OC)c(O)c([C@@H]4CCC(=O)N4)c3o2)cc1,0,7,0.5201845363824613,1178
COc1cc(/C=C/C(=O)NCCC2CCN(Cc3ccccc3)CC2)ccc1O,1,10,0.8725580970867987,50
COc1cc2ncnc(N3CCN(c4ccccc4[N+](=O)[O-])CC3)c2cc1OC,1,1,0.7919990233777764,892
CCN(CC)Cc1cccc(CC2Cc3cc(OC)c(OC)cc3C2=O)c1,1,4,0.9436809278070949,372
COc1cc(CNC(=O)CCCCCCCCNc2c3c(nc4cc(Cl)ccc24)CC2C=C(C)CC3C2)ccc1O,1,10,0.9984767357018579,1179
CCCCN(CCCC)CCCCCOc1ccc(C(=O)/C=C/c2ccccc2)cc1,0,8,0.1125821441458531,33
ICC1CN=C(Nc2ccccn2)S1,0,9,0.4207240698754012,1180
CN1CCCc2cc(C(=O)CCC3CCN(Cc4ccccc4)CC3)ccc21,1,7,0.9870849362493014,1181
O=C(Nc1ccccc1)OC1CCN(C2Cc3ccccc3C2)CC1,0,1,0.632323291184274,1182
Cc1ccc(S(=O)(=O)NCCCCNc2c3c(nc4ccccc24)CCCC3)cc1,1,8,0.978620624872096,1183
Cc1ccc2c(c1)C(=O)C(C)C2,1,2,0.8272153527843689,89
CCCCN[C@@H](Cc1c[nH]c2ccccc12)C(=O)NCCC1CCN(CC2CCN(C)CC2)CC1,0,2,0.5795664447215381,1184
COc1ccc([C@H]2OC[C@H]3[C@@H]2CO[C@@H]3c2cc(OC)c(OC)c(OC)c2)cc1OC,1,4,0.6910333572666482,769
COc1ccc(/C=C/C(=O)c2ccccc2O)cc1OC,0,7,0.33271387244226447,33
CNC(=O)Oc1ccc2c(c1)[C@]1(C)CCN(C)[C@@H]1N2Cc1ccccc1,1,5,0.8399743316059706,1185
Cn1c2ccccc2c2cc[n+](-c3ccc(Br)cc3)cc21,1,5,0.8673648974678774,156
Nc1c2c(nc3ccc(O)cc13)CCCC2,1,2,0.7345327219392478,141
CC1=CC2Cc3nc4cc(Cl)ccc4c(NCCCCCCCCCNC(=O)c4ccc[nH]c4=O)c3C(C1)C2,1,6,0.9599325340285304,1186
O=C1NCCCc2c1c1ccccc1n2CCc1ccccc1,0,4,0.42680224908829434,1187
COc1ccc2nc(NCCc3cc[n+](Cc4ccccc4)cc3)sc2c1,1,10,0.8229441532195225,423
COc1cc(/C=C/C(=O)n2ccc3cc(O)c(O)cc32)ccc1O,0,4,0.1346984625529979,589
C[N+]1(Cc2ccccc2)CCC(CCC(=O)c2ccc3c(c2)OCO3)CC1,1,5,0.9059847735089577,1188
O=C1c2ccccc2C(=O)C12N1CSC[C@@H]1[C@@H](c1ccc(F)cc1)[C@@]21CSc2ccccc2C1=O,0,2,0.08459897752804606,426
COc1cc2cc(C(=O)NCCC3CCN(Cc4ccccc4)CC3)[nH]c2cc1OC,1,4,0.9205925770350175,1189
Nc1c2c(nc3cc(Cl)ccc13)C[C@H]1C=C(CCCCn3cc(CO)nn3)C[C@H]2C1,1,3,0.7606605755216519,1190
Cc1ccc2c(c1)C(=O)C(=O)N2Cc1ccc(Br)cc1,1,6,0.681568611815371,1019
CCCCCCOC(=O)[C@H](CCC(=O)NCCC1CCN(Cc2ccccc2)CC1)NC(=O)OCc1ccccc1,1,3,0.931922884378755,1191
CCOC(=O)c1c(C)nc(N2CCN(S(=O)(=O)c3ccc(N)c(Cl)c3)CC2)nc1-c1ccc(OC)c(OC)c1,1,2,0.9611651337819257,35
COC1c2c(ccc3c2OCO3)-c2ccc3cc4c(cc3c2N1C)OCO4,0,5,0.398011955746898,1192
COc1cc2c(cc1OC)C(=O)/C(=C/c1cc[n+](Cc3ccc(C)cc3)cc1)C2,1,10,0.9711156777594777,200
COc1cc(/C=C/C(=O)NCC(=O)Nc2cccc(C#N)c2)ccc1O,0,9,0.10553129469942649,143
Oc1cc(O)cc(Oc2c(O)cc(O)c3c2Oc2c(OCc4ccccc4)cc(Oc4c(O)cc(Oc5c(O)cc(O)c6c5Oc5c(O)cc(O)cc5O6)cc4O)cc2O3)c1,0,2,0.14030790204720842,1193
O=C(CCC1CCN(CC2CCCC2)CC1)c1ccc2[nH]ccc2c1,1,6,0.9274963769848963,1194
COc1ccc(-c2cc3c(c(=O)o2)C[C@]2(O)[C@@]4(C)C(=O)C=CC(C)(C)[C@]4(O)CC[C@@]2(C)O3)cc1OC,1,10,0.7857224720047201,30
O=C(CC1CCN(Cc2ccccc2)CC1)Nc1n[nH]c2cc(-c3cccnc3)ccc12,1,8,0.8478910686453289,1195
COc1cccc(C(c2ccc(F)cc2)N2CCN(c3cnccn3)CC2)c1O,1,9,0.5974003523742908,1196
CCN(CC)CCCOc1ccc2nc3n(c(=O)c2c1)Cc1ccccc1-3,1,8,0.643883494868234,1197
O=c1c2cc(OCCCN3CCCCC3)ccc2nc2n1CCc1ccccc1-2,1,6,0.731300422136754,1198
C[C@@H](c1cccc(OC(=O)NCCCCCCNc2c3c(nc4ccccc24)CCCC3)c1)N(C)C,1,9,0.9968596311910259,1077
CCN(CC)CCCOc1ccc(/C=C/C(=O)Nc2ccccc2)cc1OC,0,1,0.04434157225257783,179
C#CCN(C)Cc1ccc(C(=O)c2ccc(OC)c(OC)c2)cc1,0,9,0.3911583682987958,131
C[C@@H]([C@H]1CC[C@H]2[C@@H]3CC[C@H]4C[C@@H](N)CC[C@]4(C)[C@H]3CC[C@]12C)N(C)C,0,9,0.18003447670860895,52
c1cncc(-c2cc3c(cn2)[nH]c2ncc(-c4ccc(CN5CCCCC5)cc4)cc23)c1,1,5,0.9257885532358587,1199
COc1cc(/C=C/C(=O)NCCC2CCN(Cc3ccccc3)CC2)cc(OC)c1OC,1,1,0.9429311349715367,50
c1ccc2oc(CN(CCCCCCCNc3c4c(nc5ccccc35)CCC4)Cc3cc4ccccc4o3)cc2c1,1,2,0.9810575383222575,1200
CC(C)(C)c1cc[n+](CCCCCC[n+]2ccc(C(C)(C)C)cc2)cc1,1,5,0.5629147834030149,1201
COc1cc2c(cc1OC)C(Cc1ccc(OCCCCCCN3CCN(c4ccccc4)CC3)cc1)NCC2,0,2,0.3353507285850275,1202
CCOC(=O)c1c(C)nc(N2CCN(S(=O)(=O)c3ccc(NC(C)=O)c(OC)c3)CC2)nc1-c1ccc(OC)c(OC)c1,1,5,0.9593615397916601,35
COc1cc(CN2CCC(CCC(=O)c3cc(Cl)c(N)cc3OC)CC2)ccc1O,1,8,0.9145014152108097,1153
COC(=O)Nc1ccc2n(c1)cc(-c1ccccc1)[n+]2C,0,10,0.36958262213581256,5
O=C(C[C@H]1C[C@H]2CCCN2[C@]12C(=O)Nc1ccccc12)N1C/C(=C\c2cccc([N+](=O)[O-])c2)C(=O)[C@]2(C[C@H]3CCCN3[C@@]23C(=O)Nc2ccccc23)C1,0,7,0.17292822220170623,669
CC(=O)c1c[n+](Cc2ccccc2C)ccc1CC1Cc2cc(Cl)ccc2C1=O,1,5,0.9261396979391261,404
CCC(C)n1cc(C(=O)CF)cn1,0,5,0.492272648344003,528
N/C(=N\O)c1cccc(NC(=O)Nc2cccc(C(F)(F)F)c2)c1,0,8,0.07689698778128916,38
Nc1oc2ccccc2c(=O)c1/C=C1\COc2ccccc2C1=O,1,9,0.39338989279148523,1203
Cc1ccc2nc3c(c(N)c2c1)CCCCC3,0,6,0.7842604957973949,663
COc1cc2cc(C(=O)CC3CCCC[N+](C)(Cc4ccccc4)CC3)sc2cc1OC,1,5,0.8819580556641006,1204
COc1ccc2c(c1)CCC(Cc1cc[n+](Cc3ccccc3C)cc1C(C)=O)C2=O,1,2,0.9879894113853307,150
Cc1ccccc1CNCC(=O)Nc1ccc2nc3n(c(=O)c2c1)CCC3,1,2,0.9279127295323654,12
CN(C)CCCCCCCCCCNc1c2c(nc3ccccc13)CCCC2,1,4,0.9888602607014114,141
CC[N+](C)(CCCCCC(=O)N1CCC(CCC2CCN(C(=O)CCCCC[N+](C)(CC)Cc3ccccc3OC)CC2)CC1)Cc1ccccc1OC,1,10,0.8159603909712617,1205
Nc1c2c(nc3cc([N+](=O)[O-])ccc13)CCCC2,1,9,0.7927369302670128,141
COc1cc2cc(C(O)C3CC[N+](C)(Cc4ccccc4)CC3)sc2cc1OC,0,1,0.719772502637893,1206
COc1cc2cc(C(=O)C3CCC[N+](C)(Cc4ccccc4)CC3)sc2cc1OC,1,6,0.8853449250193618,1207
CCN(CCC(=O)NCCNc1c2c(nc3ccccc13)CCCC2)C1CCCCC1,1,1,0.9882754969167682,1208
NS(=O)(=O)c1ccc(C(=O)n2[nH]c(=O)c3c(F)cccc3c2=O)cc1,1,10,0.7498709210848861,474
Cc1cc(C)cc(NC(=O)Oc2ccc3c(c2)[C@]2(C)CCN(C)[C@@H]2N3C)c1,1,9,0.9559678075466316,44
FC(F)(F)c1ccc2c(NCCCCCCCCNc3cc4ccccc4o3)ccnc2c1,1,2,0.879670712786604,1209
C#CCN1CCc2nc3nc(N4CCCC4)c(C#N)cc3c(N)c2C1,1,9,0.4782780789794567,1210
C[C@H]1C=C2N3CC[C@@H](O)C24[C@H](CC(=O)[C@H]4C[C@H](O)C3)C1,0,6,0.35375250549334014,1211
CC[N+](C)(CCCCCC(=O)Nc1ccc(CCc2ccc(NC(=O)CCCCC[N+](C)(CC)Cc3ccccc3OC)cc2)cc1)Cc1ccccc1OC,1,9,0.8333244333237946,1212
COc1ccccc1CN(C)CCCCCCNC1=CC(=O)C(NCCCCCCN(C)Cc2ccccc2OC)=CC1=O,1,6,0.9013409306352734,124
Cc1ccccc1F,1,5,0.7043670947859879,17
COc1cccc(CN(C)[C@@H](C)[C@H]2[C@H](O)C[C@@]3(C)[C@@H]4CC[C@H]5[C@]6(C)CSC(C(C)C)=N[C@H]6CC[C@@]56C[C@@]46C(=O)C[C@]23C)c1,1,2,0.9220876836522529,42
COc1cc2c(cc1OC)C(=O)C(CC1CC[N+](C)(Cc3ccccc3)CC1)C2,1,10,0.8261484750837742,809
CN(CCC1CCCCCC1)Cc1c[nH]c2c(O)cccc12,0,1,0.4837203230583223,268
CCN(C)C(=O)Oc1ccc(/C=C/C(=O)N2CCC(Cc3ccccc3)CC2)cc1,0,10,0.2600115448108995,428
CCCCNC(=O)Oc1cccc(CN(CCC)CCCOc2ccc3c(=O)c4ccccc4oc3c2)c1,1,6,0.9741944882817518,77
O=C(NCCCNc1c2c(nc3ccccc13)CCCC2)c1ccc(F)cc1,1,10,0.9962015425308652,1213
CNC(=O)Oc1ccc2c(c1)OC[C@@H]1CCN(C)[C@H]21,1,2,0.627336361552515,1087
CCN(CCC(=O)NCCCCNc1c2c(nc3ccccc13)CCCC2)C1CCCCC1,1,2,0.9900355093764089,1214
O=C(CC1CCN(Cc2ccccc2F)CC1)Nc1n[nH]c2cc(-c3cccnc3)ccc12,1,1,0.7917256468940226,1195
COc1cc2[se]n(-c3ccc(CCN4CCCCC4)cc3)c(=O)c2cc1OC,0,9,0.41627588768315815,1215
COc1ccc(NCC2CCN(Cc3ccccc3)CC2)cc1,1,8,0.7773700123128624,794
Nc1ccc2c(N)c3c(nc2c1)-c1ccccc1C3,0,6,0.3667812625589288,356
COc1cc2c(cc1O)CCC(C)(CC(=O)NCCCCCCCCNc1c3c(nc4ccccc14)CCCC3)O2,1,9,0.9941853123477044,1216
COc1ccc2nc3c(c(NCCNC(=O)c4sc(-c5ccnc(NC(=O)C6CC6)c5)nc4OC)c2c1)CCCC3,1,4,0.8586167860814714,1217
COc1ccc(C(F)(F)F)c[n+]1CCCCC[n+]1cc(C(F)(F)F)ccc1OC,0,5,0.6753563366668396,108
COc1cc2[nH]c(=O)c(C(=O)NCC3CCN(Cc4ccccc4)CC3)c(O)c2cc1OC,1,6,0.8173107027462903,1084
CC1CCN(c2nccc(NC(c3ccccc3)c3ccccc3)n2)CC1,0,6,0.0848731194795001,390
COc1c(C(=O)CCC2CCN(Cc3ccccc3)CC2)cc(Cl)c2[nH]c([Si](C)(C)C)cc12,1,5,0.9312950816852262,290
Nc1c2c(nc3cccc(F)c13)C1CC(C2)C1,1,6,0.6453332265499777,1218
CCCCC1=NC2(CCCC2)C(=O)N1Cc1cc2c(cc1C)OCO2,1,7,0.6723490056782376,1219
COc1ccc(/C=N/c2ccc3oc(=O)ccc3c2)cc1,1,10,0.7882251746726051,82
FC(F)(F)Oc1ccc(-c2nnc(N3CCN(c4ccccn4)CC3)o2)cc1,1,5,0.8712777723556834,317
CCOC(=O)C1=C(Nc2ccc(F)cc2)CC(c2ccc(F)cc2)N(c2ccc(F)cc2)C1c1ccc(F)cc1,1,3,0.7312067519524921,49
CCOC(=O)C1=C(C)Nc2nc3c(c(N)c2C1c1ccc(C(F)(F)F)cc1)CC(C)CC3,1,9,0.8734130795794743,1
COc1cc2c(cc1OC)C(Cc1ccc(OCCCCCCN3CCC(O)(Cc4ccccc4)CC3)cc1)NCC2,0,9,0.3801353971519125,1220
O=C(NCCCCCCNc1c2c(nc3cc(Br)ccc13)CCCC2)Oc1ccc2cc[nH]c2c1,1,2,0.9929098073916339,1221
O=C(/C=C/Nc1ccc(F)cc1)c1cc2ccccc2o1,1,6,0.8516324279408494,195
COc1ccc2c3c1O[C@H]1C[C@@H](O)C=C[C@@]31CCN(C/C=C/CNC13CC4CC(C)(CC(C)(C4)C1)C3)C2,1,8,0.6796279068334072,1222
CCC(=O)CNC(=O)Nc1nc2ccc(-c3oc4c(OC)c(O)c(O)c(OC)c4c(=O)c3O)cc2s1,1,9,0.5722559860864203,1223
C/C=C(\C)C(=O)N[C@@H]1[C@H](OC(C)=O)[C@@H]2CC[C@H]3C4=CC[C@H]([C@H](C)N(C)C)[C@@]4(C)CC[C@@H]3[C@@]2(C)C[C@@H]1O,0,3,0.15772735068269939,1224
COc1ccc(CN2CCC(c3oc4ccccc4c3C(=O)c3ccc(OC)c(OC)c3)CC2)cc1OC,0,8,0.21588011277807614,787
O=C(CCC1CCN(Cc2ccccc2Cl)CC1)c1cc2c3c(ccn3C(=O)CC2)c1,1,8,0.981450511825013,178
O=C1c2c(sc3c2CCCCC3)OC(c2ccccc2)N1c1ccccc1,1,4,0.43569764416613294,585
NC(=O)c1cc[n+](CCC[n+]2cc(Cl)c(/C=N/O)c(Cl)c2)cc1,0,3,0.06740303773334151,283
CCCCC1=NC2(CCCC2)C(=O)N1CCN1C(=O)c2ccccc2C1=O,1,7,0.6741636400800108,1225
CC(=O)c1c[n+](Cc2cccc(Cl)c2)ccc1CC1Cc2cc(O)ccc2C1=O,1,5,0.8716272416825831,404
CCOC(=O)c1c(C)nc2nc3c(c(N)c2c1-c1ccc(OC)cc1)CCC3,0,10,0.3196659725435105,1226
O=C(Nc1ccc(OC(F)(F)F)cc1)NC1CCN(C(=O)CCCNc2c3c(nc4cc(Cl)ccc24)CCCC3)CC1,1,10,0.9773080191116496,1227
CCN(C)Cc1ccc(/C=C2\Cc3cc(OC)c(OC)cc3C2=O)cc1,1,10,0.922758334708479,211
Cc1cc(/C=N/O)c(O)c(CNc2ccc(Cn3cncn3)cc2)c1,1,5,0.2670610491221814,1228
N[C@H](Cc1c[nH]c2ccccc12)C(=O)NCCCCCCNc1c2c(nc3cc(Cl)ccc13)CCCC2,1,9,0.9799706611431365,365
COc1ccc2c(=O)oc3c(OC)cc(CCN(C)C)c4c(=O)oc1c2c34,1,2,0.4600739354947516,1229
Cc1ccccc1NC(=O)Nc1cccc(/C(N)=N/O)c1,0,10,0.05732350873310493,38
N[C@@H](CO)C(=O)O,0,7,0.3021396326358206,21
O=C1Cc2cc3c(CCC4CCN(Cc5ccccc5)CC4)noc3cc2N1,1,4,0.9612371687484647,606
COc1cc2ccnc3c2c(c1OC)C(Br)OC3=O,0,6,0.3083858362966235,1230
[C]OP(=O)(O[C])O[C]=C(Cl)Cl,1,4,0.3140481672572988,21
CCCCNC(=O)Oc1cccc(CN(C)CCCOc2ccc3ccc(=O)oc3c2)c1,1,5,0.9849089826857941,575
COc1ccc(C2c3c(nc(C)[nH]c3=O)Oc3c2n(C(C)=O)c2ccccc32)cc1[N+](=O)[O-],0,2,0.4041230784623427,1231
C=CC(=O)N1C/C(=C\c2cccc3ccccc23)C(=O)/C(=C/c2cccc3ccccc23)C1,0,3,0.26727330417071604,1232
CN(Cc1ccccc1)Cc1ccc(/C=C2\Cc3ccc(OCCCCCN4CCCCC4)cc3C2=O)cc1,1,7,0.7722744711710469,1233
COc1ccc2[nH]cc(CCNC(=O)/C=C/c3cc[n+](Cc4ccc(F)cc4)cc3)c2c1,1,1,0.8344635966350239,806
COc1cc(/C=C/C(=O)N2CCN(Cc3ccc(F)cc3)CC2)ccc1O,0,1,0.10801961051969691,253
O=[N+]([O-])c1cccc([C@@H]2CC(c3c4ccccc4cc4ccccc34)=NN2)c1,1,4,0.8024735605382962,354
O=C(CCC1CCN(Cc2ccccc2)CC1)c1ccc2c(c1)CCNCC2,1,10,0.950935948790501,1234
COc1ccc2c(=O)cc(C(=O)NCCN3CCCCC3)oc2c1,1,4,0.55250060148038,1235
CCCCCCN(C)C(=O)Oc1ccc2c(c1)C(N)CC2,1,7,0.3387074856221523,2
CCc1ccccc1NC(=O)Oc1ccc2c(c1)[C@]1(C)CC[N+](C)([O-])[C@@H]1N2C,1,7,0.9355376910892669,631
CN(C)Cc1ccc(CSCCNc2cc(Nc3ccccc3C#N)c([N+](=O)[O-])cc2[N+](=O)[O-])o1,1,5,0.9235847994787186,694
COc1cccc(C2CC(c3cc(F)cc(F)c3)=NN2c2ccc(S(N)(=O)=O)cc2)c1OC,1,5,0.9197685213479955,16
CC(C)CC/N=C(/C=N/O)N(C)C,0,1,0.1284971268687125,21
CC1CC[C@@]2(C)c3cc(OC(=O)Nc4ccccc4)ccc3C(C)[C@@H]12,1,1,0.8321219761899314,1236
Cc1c(C)c2ccc(OCC3CCN(Cc4ccccc4)CC3)cc2oc1=O,1,5,0.885012916563741,1049
CCOC(=O)C1=C(C)N=C2SC(c3ccc([N+](=O)[O-])cc3)=NN2C1c1ccc(C=O)cn1,1,7,0.5996241246081505,1237
C[n+]1c2ccccc2c(-c2ccc(F)cc2)c2ccccc21,0,3,0.2029593451371489,113
COc1cc2cc(C(=O)C3CCC[N+](C)(CC(=O)OC(C)(C)C)CC3)sc2cc1OC,1,1,0.7909566905481973,140
Fc1ccc2c(NCCCCCCCNc3c4c(nc5cc(F)ccc35)CCCC4)c3c(nc2c1)CCCC3,1,5,0.9983399762646047,872
CN(CCCCSc1c2c(nc3ccccc13)CCCC2)CCCNc1c2c(nc3ccccc13)CCCC2,1,3,0.9846711283569526,1238
CN(Cc1ccccc1)Cc1ccc(C(=O)c2ccc(OCCCN3CCOCC3)cc2)cc1,1,6,0.7956885816719701,1239
COc1cccc2c1CC(C)C2=O,1,9,0.8169963527586467,89
COc1cc(/C=C/C(=O)Nc2ccccc2)ccc1OCCN(C)C,0,3,0.1128028406013152,179
CC(C)c1ccc(N2C(=O)C3CN(C)C4(C(=O)c5ccccc5C4=O)C3C2=O)cc1,0,7,0.12531063938855722,244
Cc1cc(=O)oc2cc(OCc3cc[n+](Cc4ccccc4Br)cc3)ccc12,1,7,0.9276510606406823,175
O=C(CCC1CCN(Cc2cccc(Cl)c2)CC1)c1ccc2c(c1)NCCCC2,1,3,0.9163656392077691,55
COc1ccc(Cn2cc(C(=O)NCCCNc3c4c(nc5cc(Cl)ccc35)CCCC4)c(=O)c3ccccc32)cc1,1,9,0.9672488645903068,1069
COc1ccc2[nH]cc(CCNC(=O)CN(CCCCCCCCNc3c4c(nc5ccccc35)CCCC4)C(=O)CCCC[C@@H]3CCSS3)c2c1,1,7,0.9291905680979141,1240
CC(=O)N1N=C(c2ccc(-c3ccccc3)cc2)CC1c1ccc2ccccc2c1,1,5,0.850024351112417,1241
O=C1c2ccccc2CC1CC1CCN(c2ccccc2)CC1,1,5,0.5520279664893055,1242
O=C(NCCCCCCCNc1c2c(nc3ccccc13)CCCC2)c1cc2ccccc2o1,1,2,0.9979924522717181,486
COc1ccc2[nH]cc(CCNC(=O)Nc3cccc(/C(N)=N/O)c3)c2c1,1,2,0.35880206391847774,1243
COc1cc2c(cc1OC)C(=O)C(CC1CCN(Cc3ccc(F)cc3)CC1)C2,1,7,0.9723040253093226,23
Cc1ccc(-c2nc(SCC(F)(F)F)n(C(=O)N(C)C)n2)cc1,1,3,0.7218983864402586,183
CNC(=O)c1sc(-c2ccnc(NC(=O)CNCCNc3c4c(nc5ccccc35)CCCC4)c2)nc1OCC1CC1,1,7,0.987595380791986,559
CCCCCCSC(=O)OCC[N+](C)(C)C,0,10,0.19351323746184793,21
N#CC(C#N)=C1NCCN1CCNCc1ccc(CN2CCCCCC2)o1,1,3,0.8615354743674404,1244
CN(C)Cc1ccc(CSCCCCCCCCCSCc2ccc(CN(C)C)o2)o1,1,1,0.8856359940840154,1245
COc1ccc2c(=O)cc(C(=O)NCCC3CCN(Cc4ccccc4)CC3)oc2c1,1,6,0.9640095766462142,25
CCCCCCOC(=O)[C@H](CCC(=O)NCCC1CCN(Cc2ccccc2)CC1)NC(=O)OC(C)(C)C,1,9,0.8450555776442112,170
O=C(CCc1c[nH]c2ccccc12)NCCCCCNc1c2c(nc3cc(Cl)ccc13)CCCC2,1,10,0.9998021029298101,401
CCOC(=O)C1C(C)=Nc2nc3c(c(N)c2C1c1cccc(OC)c1)CCCC3,1,1,0.7847742148674342,74
CCN(C)C(=O)Oc1ccc2c(c1)C(NC)CC2,0,7,0.21770025767140547,2
CN1C[C@@H](c2ccccc2)[C@@]2(CSc3ccccc3C2=O)C12C(=O)c1ccccc1C2=O,0,4,0.046359573953393296,335
Cc1ccccc1NC1=C([N+](=O)[O-])C2(NN1)C(=O)Nc1c(C(F)(F)F)cccc12,0,2,0.31994852121663686,793
N#CC(C#N)C1=NCCN1CCNCc1ccc(CN2CCCC(O)C2)o1,1,3,0.8432776131222349,1246
Cc1ccccc1Oc1ccc2nc3c(c(N)c2c1)CCC3,0,9,0.5831768698721802,1247
O=c1c2ccccc2[se]n1CCCCCCNc1c2c(nc3ccccc13)CCCC2,1,10,0.9922790360791495,199
O=C(CCC1CCN(Cc2ccccc2)CC1)c1ccc2c(c1)N(Cc1ccccc1)CC2,1,10,0.9647673369576563,1248
COC(=O)C1=C(Nc2ccccc2)C[C@@H](c2ccc(Cl)cc2)N(c2ccccc2)[C@@H]1c1ccc(Cl)cc1,1,6,0.7116493561999031,49
COC(=O)C[N+]1(C)CCC(CCC(=O)C2Cc3cc(OC)c(OC)cc3S2)CC1,1,4,0.8372094647061751,1249
CCCCN1CCC(CCC(=O)c2ccc3[nH]ccc3c2)CC1,1,9,0.8566588466622195,1250
CN(Cc1ccccc1)Cc1ccc(C(=O)c2ccc(NC(=O)CCCCN3CCCCC3)cc2)cc1,1,7,0.81179338342891,1251
C[C@@H](c1cccc(OC(=O)NCCc2c[nH]c3ccccc23)c1)N(C)C,1,7,0.817355847479904,270
O=C(COc1ccc([N+](=O)[O-])cc1)NCCN1CCN(Cc2ccccc2)CC1,1,4,0.8682638346295041,61
c1ccc(-c2nnc(N3CCN(c4ccccn4)CC3)o2)cc1,1,1,0.8102004611472979,317
CC1=CC(=O)[C@](C)(O)C(=O)/C1=C\Nc1ccc(Oc2ccc(C#N)cc2)cc1,0,10,0.3202763483913279,1252
CCCC/N=C(/C=N/O)N(C)C,0,6,0.10124010631873205,21
CCCN(C)c1ccc(/C=C2\Cc3cc(OC)c(OCCN4CCCCC4)cc3C2=O)cc1,1,1,0.9124957823355417,412
CN1CC2C(=O)N(Cc3ccccc3)C(=O)C2C12C(=O)c1ccccc1C2=O,0,1,0.24711299258926697,1253
COC(=O)c1c(C)cc(O)cc1O,0,10,0.21194135461609154,17
Cc1cc(=O)oc2cc(OCCSC(=S)N3CCCC3)ccc12,1,2,0.8132412765016915,1254
Cc1cc2onc(CCC3CCN(Cc4ccccc4)CC3)c2cc1C,1,3,0.9574148611446492,231
C=C(C)[C@H]1CC[C@@](C)(O)[C@@H](C2=C(O)C(CC=C(C)C)(CC=C(C)C)C(=O)C(C(=O)C(C)C)=C2O)C1,0,9,0.23652015870894938,1255
CC[N+](C)(CCCCCC(=O)N(C)CCCCCCCCN(C)C(=O)CCCCC[N+](C)(CC)Cc1ccccc1[N+](=O)[O-])Cc1ccccc1[N+](=O)[O-],1,7,0.9212288161381188,191
Cc1ccc2oc(-c3ccc(OCCCCCCN4CCCCC4)cc3)cc(=O)c2c1,1,1,0.7411139253186069,1256
CCOC(OCC)c1ccc(/C=C/C(=O)C2CCc3ccccc3C2=O)cc1,0,6,0.27767575706987635,1257
O=C(CCCNc1c2c(nc3ccccc13)CCCC2)CCCNc1c2c(nc3ccccc13)CCCC2,1,9,0.9931428438096134,1258
CC1=C(C(=O)OC2CCC2)C(c2ccccc2F)c2c(nc3c(c2N)CC(C)(C)CC3)N1,1,6,0.8450915569248498,1259
O=C(C[C@H]1C[C@H]2CCCN2[C@]12C(=O)Nc1ccccc12)N1C/C(=C\c2ccccc2Cl)C(=O)[C@]2(C[C@H]3CCCN3[C@@]23C(=O)Nc2ccccc23)C1,0,4,0.04475494151139793,669
CC(C)(C)C(=O)NCCCCNc1c2c(nc3ccccc13)CCCC2,1,10,0.9723783693794824,141
COc1cc2c(cc1OC)C(=O)C(C(O)C1CC[N+](Cc3ccccc3)(Cc3ccccc3)CC1)C2,0,2,0.7827412122503944,1260
C#CCN(C)CCc1cccc(OC(=O)N(C)CC)c1,0,2,0.2236261000463394,17
C[C@@H]1CCC[C@H](C)N1S(C)(=O)=O,1,8,0.4626627164261607,1261
COc1cccc(C2CC(c3cc(F)ccc3F)=NN2c2ccc(S(N)(=O)=O)cc2)c1OC,1,5,0.9148081733495148,16
CCN(CCCCCCNC1=CC(=O)C(NCCCCCCN(CC)Cc2ccccc2Cl)=CC1=O)Cc1ccccc1Cl,1,9,0.9296071101124979,124
CN(C)c1ccc(/C=C/c2ccc3ccccc3[n+]2C)cc1,1,5,0.6099375475651064,533
CCC1=CC2Cc3nc4cc(Cl)ccc4c(NCCCN4CCC(CC5Cc6cc(OC)c(OC)cc6C5)CC4)c3C(C1)C2,1,9,0.9591725447505358,300
COc1cc2c(cc1OC)C(=O)C(=Cc1ccc(N3CC[N+](C)(Cc4ccccn4)CC3)cc1)C2,1,6,0.8717847134411314,1262
CCCCNC(=O)OCCCCCCCCCCCCCCCCO,1,3,0.9255420208753664,21
CN(C)Cc1ccc(CSCCNc2ccc(F)cc2[N+](=O)[O-])o1,1,10,0.8364425594244567,588
Clc1ccc2c(NCCCNCCCCCOc3cccc4[nH]c5ccccc5c34)c3c(nc2c1)CCCC3,1,6,1.0,1263
CN1CCN(c2nccc(NCc3cccc4ccccc34)n2)CC1,0,5,0.030346902017815768,217
COc1cc2c(cc1O)CCC(C)(CC(=O)NCCCCCCCNc1c3c(nc4cc(Cl)ccc14)CCCC3)O2,1,9,0.9984759658580412,1264
O=C(CCC1CCN(Cc2ccccc2F)CC1)c1cc2c3c(ccn3C(=O)CC2)c1,1,4,0.9813946666830683,178
O=C(Cc1c[nH]c2ccccc12)NCCCCCCCNc1c2c(nc3cc(Cl)ccc13)CCCC2,1,6,1.0,522
Cc1cc(-c2c3ccccc3[n+](C)c3ccccc23)cc(C)c1O,0,7,0.1479502754674411,113
COc1ccc(C(=O)CNc2ccc3oc(=O)ccc3c2)cc1,1,6,0.7173536703885566,1265
COc1ccc([C@@H]2c3[nH]c4ccccc4c3C[C@H]3C(=O)N(CCC4CCN(Cc5ccccc5)CC4)CC(=O)N23)cc1,1,5,0.7986890197631031,1266
CCN(CC)c1cc(/C=C2/OC(=O)c3cc(OC)c(OC)cc32)ccc1O,1,8,0.576254890452341,1267
Nc1ccc(-c2nc(-c3ccccc3N)no2)cc1,1,6,0.5493111230079603,1268
CC1(C)C[C@@H](c2ccccc2)C(CN2C(=O)c3ccccc3C2=O)=NO1,0,7,0.46776826294229523,1269
OCc1cc(O)cc(O)c1,0,10,0.18824635101369963,17
COc1cc2c(cc1OC)C(=O)C(Oc1ccc(C(C)N3CCCC3)cc1)C2,1,6,0.9459123533473898,1270
N#CC(C#N)=C1NCCN1CCNCc1ccc(CN2CCOCC2)o1,0,10,0.9349259170436413,1271
COc1cc2c(cc1OC)C(=O)C(Oc1ccc(CN3CCCC3)cc1)C2,1,8,0.9766454829315264,1270
COc1cc(C(=O)NCCCCCCCCC(=O)NNc2c3c(nc4ccccc24)CCCC3)cc(OC)c1OC,1,7,0.9875962240362652,1272
COc1ccccc1C(C)NS(=O)(=O)NC(=O)OCc1ccccc1,1,10,0.8037786023992975,472
O=C(Cc1sc(Nc2ccc(C3CCCCC3)cc2)nc1O)Nc1ccc(OC(F)(F)F)cc1,1,6,0.7132630130843438,1273
O=c1oc2cc(OCCN3CCN(Cc4ccccc4)CC3)ccc2c2ccccc12,1,6,0.4524383728861498,1274
COc1ccc2cc(C(=O)N[C@@H](CCC(=O)NCCC3CCN(Cc4ccccc4)CC3)C(=O)O)ccc2c1,0,9,0.8556183054895367,1275
COc1cc(/C=C/c2nnc(-c3ccc(F)cc3)o2)ccc1O,1,4,0.7848814823986578,723
O=C1/C(=C/c2ccc(O)cc2)COc2ccccc21,0,5,0.39125878217704213,271
CCOC(OCC)c1ccc(/C=C2\COC/C(=C\c3ccc(C(OCC)OCC)cc3)C2=O)cc1,0,6,0.4257435308325639,1276
O=[N+]([O-])C1C(Cc2c[nH]cn2)NC2(c3ccccc3-c3nc4ccccc4nc32)C1c1ccc(Br)cc1,0,3,0.13768588513105603,1134
CNC(=O)Oc1cccc(CN(C)CCCCCCCOc2ccc(-c3cc(=O)c4ccccc4o3)cc2)c1,1,4,0.9373105571883062,1277
CC1=CC2Cc3nc4cc(Cl)ccc4c(NCCCl)c3C(C1)C2,1,10,0.7621068240850044,114
CCOC(=O)C1=C(C)Oc2nc3c(c(N)c2[C@H]1c1ccc(OC)c(OC)c1)CCCCC3,0,6,0.4063874844176924,324
O=C(/C=N/O)Nc1ccc[n+](CC[n+]2cccc(NC(=O)/C=N/O)c2)c1,0,6,0.04294552623356887,1278
COc1ccc(/C=C2\COc3cc(OCCCCCCCCNc4c5c(nc6ccccc46)CCCC5)ccc3C2=O)cc1,1,7,0.9834418380518559,1279
CCOc1ccc(Cc2nc3cc(C(=O)N(CC)CC)ccc3n2CCCCCCN2CCCCC2)cc1,0,8,0.4118453456251935,1280
O=C(CN1CCN(C(=O)c2ccc(F)cc2)CC1)N1CCN(CCCc2c[nH]c3ccccc23)CC1,0,6,0.04768126354768609,36
CCOC(=O)C1=C(C)Oc2nc3c(c(N)c2[C@H]1c1ccc(OC)cc1)CCCC3,1,2,0.27801318105496775,1281
O=[N+]([O-])OCCCNCCCCNc1c2c(nc3ccccc13)CCCC2,1,2,0.9780366951395574,141
O=C(CCN1CCC2c3ccccc3NC2C1)Oc1ccc(/C=C2\CCn3c2nc2ccccc2c3=O)cc1,1,4,0.8385194120417303,1282
CC1=CC2Cc3nc4cc(F)cc(F)c4c(N)c3C(C1)C2,1,3,0.6491751983127018,114
CC(C)c1ccc(NC(=O)Oc2ccc3c(c2)[C@]2(C)CCN(C)[C@@H]2N3C)cc1,1,2,0.8945609591818091,44
COc1cc2cc(C(=O)CCc3cc[n+](CC4CC4)cc3)sc2cc1OC,1,1,0.9342545812331788,1283
COC(=O)C1=C(Nc2ccc(Cl)cc2)C[C@@H](c2ccc(F)cc2)N(c2ccc(Cl)cc2)[C@@H]1c1ccc(F)cc1,1,1,0.7836571410538165,49
N/C(=N\O)c1nc(CCCCCNc2c3c(nc4ccccc24)CCCC3)ccc1O,1,2,0.7689785743655215,1284
COc1ccccc1CNCCCNCCCNCCC[n+]1c(-c2ccccc2)c2cc(N)ccc2c2ccc(N)cc21,1,8,0.6184736835199272,1285
CN(CCCCCCCOc1ccc(-c2cc3ccccc3o2)cc1)Cc1ccccc1,0,5,0.6640551402024774,260
Fc1cc(Br)ccc1CNCCCCCCCCNc1ccnc2cc(Cl)ccc12,1,4,0.9743842397328003,71
O=C(CNCc1cc(F)cc(F)c1)Nc1ccc2nc3n(c(=O)c2c1)CCC3,1,5,0.9260664587375591,12
CNC(=O)Oc1ccc(-c2cn3ccccc3[n+]2C)cc1,0,5,0.5810201213251763,5
COc1ccc(-[n+]2ccc3c4ccccc4n(C)c3c2)cc1,1,1,0.6430255931493303,156
CC(C)(CO[N+](=O)[O-])C(=O)NCCCNc1c2c(nc3ccccc13)CCCC2,1,2,0.9734897075890924,141
CN(C)Cc1ccc(CSCCNc2cc(NCc3cccnc3)c([N+](=O)[O-])cc2[N+](=O)[O-])o1,1,8,0.926743958433603,1286
CCn1c(C)nc2cc(C(=O)CCC3CCN(Cc4ccccc4)CC3)ccc21,1,2,0.9151875739649249,1149
C#CCNC1CCc2ccc(OC(=O)N(C)c3ccc(OC)cc3)cc21,1,6,0.45366003286667717,1029
COc1ccc(/C=C2/S/C(=N/c3ccc4oc(=O)ccc4c3)NC2=O)cc1,1,6,0.9011861389450352,216
Nc1c2c(nc3c(Cl)cccc13)C1CCC2C1,1,4,0.6388484428543945,1008
Cc1c(S(=O)(=O)c2ccc(Cl)cc2)csc1C(=O)NC1CCN(Cc2ccccc2)CC1,1,1,0.7592822212459247,1287
CCCCCCCNC(=O)Oc1ccc2c(c1)[C@@H]1CCN(CC)[C@@H]1C2,1,2,0.9273690811495396,309
COc1ccc2[nH]cc(CCNC(=O)CCCCCCNc3c4c(nc5ccccc35)CCCC4)c2c1,1,7,0.9660918458953768,444
COc1c(F)c[n+](CCC[n+]2cc(F)c(OC)c(F)c2)cc1F,0,1,0.3014181279970454,283
CC(C)(C)c1cc[n+](CCCCC[n+]2ccc(C(C)(C)C)cc2)cc1,0,7,0.5273427635753207,108
NC(=O)c1cc[n+](COC[n+]2ccc(/C=N/O)cc2)cc1,0,9,0.04829300409492771,541
C#CCCOC[n+]1ccc(/C=N/O)cc1,0,6,0.061281732690583346,46
O=c1[nH]c2ccccc2c(=O)n1CCC1CCN(Cc2ccccc2)CC1,1,5,0.8486347431900194,1139
O=C1NC(=S)NC(=O)C1=CNNC(=S)Nc1ccc(C(F)(F)F)cc1,0,2,0.1636124187697571,111
CN(C)Cc1ccc(CSCCCCCCCSCc2ccc(CN(C)C)o2)o1,1,1,0.9161290494349091,1288
Cc1ccc(C2c3ccc4ccccc4c3Oc3nc4c(c(N)c32)CCCC4)cc1,1,3,0.7465170935840575,929
CCN(C)Cc1ccc(CNCCN2CCNC2=C(C#N)C#N)o1,1,10,0.9218194520284895,1289
NC(=O)c1sc(-c2ccnc(NC(=O)C3CC3)c2)nc1OCCNc1c2c(nc3ccccc13)CCCC2,1,1,0.9767116640695299,618
c1ccc2c(NCCCCCCCCCNc3c4c(nc5ccccc35)CCCC4)ccnc2c1,1,10,0.989813668716282,1290
O=C(CNc1ccc2oc(=O)ccc2c1)c1ccccc1,1,2,0.6656653329570829,1265
O=c1c(/C=N/Nc2ccc(C(F)(F)F)cc2)coc2cc3oc(-c4cccc(Cl)c4)cc3cc12,0,2,0.6277893721122895,1292
COc1ccc(CN2CCC(c3oc4ccccc4c3C(=O)c3ccccc3)CC2)cc1OC,0,9,0.18409578124581985,787
c1ccc(CN2CCC(CCc3n[nH]c4ccccc34)CC2)cc1,1,10,0.8720122112507555,1293
CC1=C[C@H]2Cc3nc4cc(Cl)ccc4c(NCCCCCCCCNc4c5c(nc6cc(Cl)ccc46)C[C@@H]4C=C(C)C[C@H]5C4)c3[C@@H](C1)C2,1,8,0.9982288705205099,1294
Clc1ccc(CNC2CCN(Cc3ccccc3)CC2)cc1,1,7,0.8615029148029627,160
C#CCN(C)Cc1cc2cc(OCCCN3CCCCC3)ccc2n1C,1,6,0.5424364042507425,1295
COc1cccc2cc[n+](-c3ccc(F)cc3)cc12,1,10,0.8540889789534515,189
COc1cc2c(cc1OC)C(=O)C(Cc1cc[n+](Cc3cccc(Cl)c3)cc1C(N)=O)C2,1,10,0.873994784843449,404
CC1=CC2Cc3nc4ccccc4c(N)c3C(C1)C2,1,7,0.7232890327242588,114
COc1ccc2[nH]cc(CCNC(=O)CC3CCN(Cc4cccc(C)c4)CC3)c2c1,0,4,0.6829749575271084,1296
C/C=C1\[C@H]2C=C(C)C[C@]1(/N=C/c1ccc(OC)cc1)c1ccc(=O)[nH]c1C2,1,7,0.8956108517406219,350
O=C(NCCCCCNc1c2c(nc3cc(F)ccc13)CCCC2)Oc1ccc2cc[nH]c2c1,1,1,0.9928451739423879,164
COc1ccc(OCC(=O)NCCN2CCN(Cc3ccccc3)CC2)cc1,1,2,0.7605648795553037,61
COc1cc2c(cc1OC)C(=O)C(CC1CCN(Cc3cccc(Cl)n3)CC1)C2,1,2,0.8697952661697202,655
c1ccc2c(c1)Cc1c-2nc2ccccc2c1NCCCCCCCNc1c2c(nc3ccccc13)-c1ccccc1C2,1,4,0.7807808483214749,1297
CCc1ccccc1NC(=O)Oc1ccc2c(c1)[C@]1(C)CCN(C)[C@@H]1N2C,1,3,0.9546107570809415,44
C=C1c2ccc(Cl)cc2N=C2CCCCCN12,1,2,0.6574055742840221,1298
CCCCCCNC(=O)Oc1cccc(CN(C)CCCCCOc2ccc3c(=O)c4ccccc4oc3c2)c1,1,6,0.9900722773162522,1111
C=CC(CBr)Nc1c2c(nc3ccc(OC)cc13)CCCC2,0,10,0.570150453628636,141
CN1C[C@@H](c2ccc(Cl)cc2)[C@@]2(CSc3ccccc3C2=O)C12C(=O)c1ccccc1C2=O,0,9,0.03437210637362418,335
CC[C@H](C)C1=N[C@H]2CC=C3C[C@H]4C(=O)C[C@]5(C)[C@@H]([C@H](C)N(C)C)[C@H](O)C[C@@]5(C)[C@@H]4CC[C@H]3[C@]2(C)CO1,1,3,0.7913901076293032,51
CN(CCCOc1ccc2c(=O)c3ccccc3oc2c1)Cc1cccc(OC(=O)NCCCCCCCN2CCOCC2)c1,1,4,0.9828983894509872,1299
c1ccc2c(c1)-c1ccccc1C2NC1CCCCC1,0,6,0.3934775527829808,1300
O=C1SCc2ccccc21,0,2,0.5416101537258068,1301
CNC(=O)Oc1cccc(CN(C)CCCOc2ccc3c(=O)c4cccnc4oc3c2)c1,1,5,0.9463572982152658,1302
CCCCCCCCc1ccc(O)cc1,0,2,0.4072495662522794,17
COc1c(F)c[n+](C)cc1F,0,10,0.24578656860534176,46
O=C(CCc1c[nH]c2ccccc12)NCCCCCCNc1c2c(nc3ccccc13)CCCC2,1,10,0.9998021029298101,365
O=C(Nc1cncc(OCC2CCN(Cc3ccccc3)CC2)c1)c1ccnc2[nH]ccc12,1,1,0.8725704063653853,1303
O=c1cc(-c2ccc(OCCCCN3CCC(Cc4ccccc4)CC3)cc2)oc2cc(OCCCCN3CCC(Cc4ccccc4)CC3)cc(O)c12,1,7,0.4634551526648419,1304
Cc1ccc(NC(=O)COc2ccc3occ(C(=O)c4ccc(C)cc4)c3c2)cc1,1,3,0.9018881313645126,173
COc1ccc2c(c1)C[C@@H](NC(=O)N(C)C)CC2,1,5,0.8393935136209048,531
O=C(NCCCCCCCCNc1c2c(nc3cc(Cl)ccc13)CCCC2)c1c[nH]c2ccccc12,1,9,0.9984759658580412,1305
COc1ccc2nc3c(c(NCCNC4=CC(=O)c5c(O)cccc5C4=O)c2c1)CCCC3,1,4,0.7789444880844921,485
COc1ccc(-c2cc3c(c(=O)o2)C(=O)C2[C@@]4(C)CC[C@H](O)[C@@](C)(CO)C4C[C@H](O)[C@@]2(C)O3)cc1OC,0,7,0.23127729949228568,1306
COc1cc2c(cc1OC)C(=O)C(Oc1cccc(CN3CCCC3)c1)C2,1,7,0.9673582448068072,922
COC(=O)/C=C/C(=O)Nc1cccc(OCCCCSC(=S)N2CCCCC2C)c1,1,6,0.6501978819225989,369
Fc1ccc(CN2CCN(c3nccc(NCc4ccccc4)n3)CC2)cc1,0,10,0.11786298328507447,440
COCC[n+]1ccc(CCC(=O)C2Cc3cc(OC)c(OC)cc3S2)cc1,1,9,0.9063580847140826,990
COc1cc(/C=C/C(=O)NCC(=O)Nc2ccccc2)ccc1O,0,4,0.024668697428363657,143
CC1CCN(c2nccc(NCc3cccc4ccccc34)n2)CC1,0,4,0.08012149371869436,1307
O=C(NCCC1CCN(Cc2ccccc2)CC1)c1cc(=O)c2cc(O)ccc2[nH]1,1,6,0.9099014600247082,590
CNC(=O)Oc1cccc(CN(C)CCCOc2ccc(C(=O)c3ccccc3)cc2)c1,1,9,0.878545771665862,1308
CCC(C)(C)SC(=O)OCC[N+](C)(C)C,0,2,0.21602079336279023,21
CCOC(OCC)c1ccc(/C=C2\CN(Cc3ccccc3)C/C(=C\c3ccc(C(OCC)OCC)cc3)C2=O)cc1,0,6,0.48973427963148936,1309
CN(CCCN1CCN(CCNc2c3c(nc4ccccc24)CCCC3)CC1)c1ccccc1,1,2,0.9843496036770661,1310
N#Cc1c(Cl)nc(NCCCCC2CCN(Cc3ccccc3)CC2)c(C#N)c1-c1ccccc1,1,10,0.9674243874843848,488
CC(C)(C)c1cc[n+](CC[n+]2ccc(C(C)(C)C)cc2)cc1,0,5,0.20962114004747362,1278
CCN(CC)Cc1ccc(C(=O)c2c(-c3ccc(OCCCCCCCN(C)Cc4ccccc4)cc3)oc3ccccc23)cc1,0,10,0.15210477215249213,116
O=C(C[n+]1ccccc1)N/N=C/c1ccc(/C=N/NC(=O)C[n+]2ccccc2)cc1,1,1,0.3299324224191344,1311
OCCN(CCCCNc1c2c(nc3ccccc13)CCCC2)CCCNc1c2c(nc3ccccc13)CCCC2,1,4,0.9945759642430547,501
O=C1CC2Cc3ccsc3C2=NN1CCCCN1CCN(Cc2ccccc2)CC1,1,7,0.7283132580826585,1312
O=C1Cc2ccccc2C(=O)N1CCC1CCN(Cc2ccccc2)CC1,1,4,0.976541418615223,1313
O=C(Nc1nc(-c2ccc(Cl)cc2)c(-c2ccc(Cl)cc2)s1)C1CCN(Cc2cc(F)cc(F)c2)CC1,1,10,0.8945035110938451,699
COc1ccc2c3c1O[C@H]1C[C@@H](OC(=O)NC4CCN(Cc5cccc(C(F)(F)F)c5)CC4)C=C[C@@]31CCN(C)C2,1,6,0.8831394240736807,139
COc1nc(-c2ccnc(NC(=O)C3CC3)c2)sc1C(=O)NCNc1c2c(nc3ccccc13)CCCC2,1,4,0.8639522834226818,1314
CN(Cc1ccccc1)Cc1ccc(C(=O)c2ccc(OCCCCCCN3CCCCC3)cc2)cc1,1,1,0.9050921594441318,1315
CCN1CCCCc2ccc(C(=O)CCC3CCN(Cc4ccccc4)CC3)cc21,1,3,0.958135881423199,55
CCC1=CC2Cc3nc4oc(C5CC5)nc4c(N)c3C(C1)C2,0,2,0.5951952762896544,1316
O=C(Cc1cc(=O)oc2cc(O)ccc12)NCCCCNc1c2c(nc3ccccc13)CCCC2,1,6,0.9741701750465113,1317
c1cc[n+](CCCCCCCC[n+]2ccccc2)cc1,0,9,0.5648981134555545,201
COc1cc2c(c(OC)c1OC)C(=O)C(C)C2,1,4,0.7207948767069804,89
FC(F)(F)c1cccc(-c2cc(-c3cccs3)n(-c3ccc(Br)cc3)n2)c1,1,4,0.624172123800206,1318
CCCCC1=NC2(CCCC2)C(=O)N1Cc1ccc(Br)cc1,1,8,0.7614989238765023,237
CCN(CCCCCC(=O)N1CCC(CCC2CCN(C(=O)CCCCCN(CC)Cc3ccccc3OC)CC2)CC1)Cc1ccccc1OC,1,8,0.9291241389536208,1319
COc1cc(/C=C/c2nnc(-c3ccc(F)cc3F)o2)ccc1O,1,3,0.7162942670180922,723
COc1cccc2c1C=[N+](c1ccc(C)cc1)CC2,1,6,0.724888404710138,286
COc1ccc2c(c1)CC(Cc1cc[n+](Cc3ccccc3C)cc1C(C)=O)C2=O,1,5,0.9646136206502303,404
CNC(=O)c1sc(-c2ccnc(NC(=O)CNCCCCCCCCNc3c4c(nc5ccccc35)CCCC4)c2)nc1OCC1CC1,1,2,0.9851015276069696,1320
CCCCC1OC(=O)c2cc(OCc3ccc(CN4CCN(C)CC4)c(O)c3)ccc21,0,4,0.7462515007295818,1321
CN1CC[C@@]2(C)c3cc(OC(=O)NCCCCCCN4CCOCC4)ccc3N(C)[C@@H]12,1,4,0.6877091342112269,1322
COc1cc(/C=C/C(=O)NCC(=O)Nc2ccc(C)cc2)ccc1O,0,1,0.07175289518692979,143
COc1cc2c(cc1OC)C(=O)C(Oc1ccc(CN3CCN(C)CC3)cc1)C2,1,4,0.9361043438539339,1323
COc1ccc(C(=O)n2cc(/C=C3\CN(Cc4ccccc4)CCC3=O)c3ccccc32)cc1,0,8,0.055654365354141505,434
CCN(CCCCCC(=O)N1CCN(C(=O)CCCCCN(CC)Cc2ccccc2OC)CC1)Cc1ccccc1OC,1,2,0.9120533059859685,1324
CC(C)(C)c1cc[n+](CCC[n+]2ccc(C(C)(C)C)cc2)cc1,0,2,0.29371389235867706,283
COc1ccc(Cn2cc(C(=O)NCCCCCCCCNc3c4c(nc5cc(Cl)ccc35)CCCC4)c(=O)c3ccccc32)cc1,1,7,0.9224491068379598,1325
CN(CCCCCCCN1C(=O)c2ccccc2C1=O)Cc1ccccc1,1,8,0.9293415243432542,9
COc1cc2ncnc(N3CCN(Cc4ccc(Cl)cc4)CC3)c2cc1OC,1,2,0.8469448318164527,1326
O=C(CCC1CCN(Cc2ccccc2)CC1)c1cc2c3c(c1)CCN3C(=O)CC2,1,7,0.9893685759971572,1327
COc1ccc2c3c1O[C@H]1C[C@@H](O)C=C[C@@]31CCN(CCCCc1cn(CCCC(=O)NCCc3c[nH]c4ccccc34)nn1)C2,1,3,0.8759020771337785,1328
COc1ccc2[nH]cc(CCNC(=O)CN(CCCCCCCCNc3c4c(nc5ccccc35)CCCC4)C(=O)/C=C/c3ccc(O)c(OC)c3)c2c1,1,3,0.9225800417770493,1329
COc1c(C(=O)CCC2CCN(CC3CCCCC3)CC2)cc(Cl)c2c1ccn2S(=O)(=O)c1ccccc1,1,10,0.9153510572068758,1330
NC(=O)c1ccc2c(CCC3CCN(Cc4ccccc4)CC3)noc2c1,1,3,0.9362607343542981,231
O=C(CCN1CCCCC1)N1CCN(CCNc2c3c(nc4ccccc24)CCCC3)CC1,1,8,0.9579549350632242,1331
CCCCCCOC(=O)[C@H](CCC(=O)NCCC1CCN(Cc2ccccc2)CC1)NC(=O)c1cccs1,1,1,0.905838847504174,1332
COc1ccc2nc3c(c(NCCCCCNC(=O)[C@@H](N)Cc4c[nH]c5ccccc45)c2c1)CCCC3,1,9,0.6585979670136356,401
c1ccc2c(c1)CN1Cc3cc(OCCCN4CCCCC4)ccc3N=C21,1,3,0.8039319517822827,1333
c1cc(CCNc2c3c(nc4ccccc24)CCCC3)cc(CCNc2c3c(nc4ccccc24)CCCC3)c1,1,2,0.9847893465016297,1334
CN[C@H]1CC[C@@]2(C)[C@@H](CC[C@@H]3[C@@H]2CC[C@]2(C)C([C@H](C)N(C)C)=CC[C@@H]32)C1,0,3,0.23370623347390784,1335
CCOC(=O)c1c(C)nc(N2CCN(S(=O)(=O)c3ccc(NC(C)=O)c(OC)c3)CC2)nc1-c1ccccc1,1,2,0.9483754241050667,35
CC(=O)Nc1ccc2c(CCC3CCN(Cc4ccccc4)CC3)noc2c1,1,8,0.9640978376791429,231
C#CCOP(C)(=O)OC(C(=O)OC)C(F)(F)F,0,1,0.2428400770766071,21
O=C1NCCc2c1ccc(O)c2O,0,2,0.26019141939515483,1336
CCNCc1ccc2nc(-c3ccc(Cl)cc3)c3c(c2c1)N(Cc1ccccc1)CCC3,1,4,0.7843384329964458,983
CCCCNC(=O)Oc1ccc2c(c1)[C@]1(C)CCN(CC)[C@@H]1C2,1,6,0.8063074899965286,309
CCN(CCCCCCCCCCCCn1cc(C=O)c2cc(OC)ccc21)Cc1cccc(O)c1,0,3,0.45613282495612717,1337
COc1ccc2c(c1)CCc1c-2nc2ccccc2c1N,0,10,0.21420738314224944,569
COc1cc(C(=O)NCC(=O)NNc2c3c(nc4ccccc24)CCCC3)cc(OC)c1OC,1,9,0.8997572026073685,1338
CC(=O)Nc1nc(Cl)c2ncn(C3O[C@H](CC(=O)NCc4ccccc4)[C@H](OC(C)=O)[C@H]3OC(C)=O)c2n1,0,5,0.2477990071322121,1339
O=C(CCC1CCN(Cc2ccc([N+](=O)[O-])cc2)CC1)c1cc2c3c(ccn3C(=O)CC2)c1,1,3,0.9762860146768926,178
C#CCCOC[n+]1ccn(C)c1C,0,5,0.24478735772504148,154
COc1cc2c(cc1OC)SC(C(=O)CC1(O)CC[N+](C)(Cc3ccccc3)CC1)C2,1,4,0.724336955756654,1340
CSc1ccc(/C=N/c2ccc3oc(=O)ccc3c2)cc1,1,7,0.8682118092881456,82
O=c1c(/C=N/Nc2ccc(C(F)(F)F)cc2)coc2c1ccc1oc(-c3cccc(F)c3)cc12,0,7,0.49998182096643573,1341
CN(Cc1ccccc1)Cc1ccc(C(=O)c2ccc3ccccc3c2)cc1,0,9,0.6874663532549293,1342
Brc1ccc(-c2nnc(N3CCN(c4ccccn4)CC3)o2)cc1,1,7,0.8999209621767162,317
CCCCNC(=O)OCCCCCCCCOC(=O)NCCCC,1,9,0.9380912313014621,21
CCN(CCCCCC(=O)N1CCC(CCCC2CCN(C(=O)CCCCCN(CC)Cc3ccccc3OC)CC2)CC1)Cc1ccccc1OC,1,6,0.9328233205361018,1343
O=C(CNCc1ccccc1)Nc1ccc2nc3n(c(=O)c2c1)CCC3,1,10,0.9269995908968997,12
COC(=O)CC1=NO[C@@H]2CCCC[C@@H]2[C@H]1c1ccccc1,0,8,0.3712762731793584,1344
Cc1ccc2c(c1)c1cnccc1n2CCC(=O)N1c2ccccc2Sc2ccccc21,1,6,0.6689638294161722,272
CC(C)n1c2ccccc2c2cc[n+](-c3ccccc3)cc21,1,9,0.7000265384879584,156
COc1cc2c(cc1OC)C(=O)/C(=C/c1ccc(CN(C)C)c(O)c1)O2,0,6,0.5613224527875375,106
O=C1Cc2c(ccc3c(CCC4CCN(Cc5ccccc5)CC4)noc23)N1,1,4,0.9320284065632234,1345
Cn1ncc2cc(C(=O)Nc3ccc(Cl)c(Cl)c3)ccc21,0,6,0.5664362092440086,1346
COc1ccc2c(c1)C/C(=C\c1ccc(CN(C)Cc3ccccc3)cc1)C2=O,0,1,0.796400970156832,203
COc1cc2oc(-c3ccc(OCCCCN(C)Cc4ccccc4)cc3)cc(=O)c2c(OC)c1OC,1,2,0.7107135370072114,443
COc1cc(C2c3ccc4ccccc4c3Oc3nc4c(c(N)c32)CCCC4)ccc1O,1,6,0.7243451350678327,929
CCCCN1CC(C)(C)CN=C1/C=N/O,0,4,0.07937966319805712,509
CCN(CCCCCCNC1=C(Cl)C(=O)C(NCCCCCCN(CC)Cc2ccccc2OC)=C(Cl)C1=O)Cc1ccccc1OC,1,5,0.9452367662357964,124
COc1ccc(CNC(=O)C2CCN(C(=O)c3ccccc3)CC2)cc1OC,1,7,0.5307446612758778,1347
COc1ccc(C(F)(F)F)c[n+]1CCCCCOc1ccc2c(C)cc(=O)oc2c1,1,10,0.7461582522256559,479
CN1CC2C(=O)N(c3ccc(F)cc3)C(=O)C2C12C(=O)c1ccccc1C2=O,0,4,0.13079177919098742,244
C#CCOc1cccc(-c2cc(-c3ccc(OCCN4CCOCC4)cc3)nc(C)n2)c1,1,8,0.596451914685798,1348
CCOC(=O)c1c(C)nc(N2CCN(S(=O)(=O)c3ccc(N)c(OC)c3)CC2)nc1-c1ccccc1,1,5,0.9271197893143428,35
CCOc1cc(N)ccc1C(=O)CCC1CCN(CC2CCCCC2)CC1,1,4,0.9613075306617614,31
N#CC(C#N)=C1NCCN1CCNCc1ccc(CN2CCCCC2)o1,1,7,0.7818675446216914,424
COc1cc2c(cc1OC)C(c1ccccc1)N(CCCCCc1ccc(O)c(/C=N/O)n1)CC2,0,8,0.030057540854901917,1349
CCOC(=O)c1c(C)nc(N2CCN(S(=O)(=O)c3ccc(NC(C)=O)c(OC)c3)CC2)nc1-c1ccc(OC)cc1,1,2,0.9436472118316526,35
c1cc(-c2cnc3[nH]c4cnc(-c5cnoc5)cc4c3c2)ccc1CN1CCCCC1,1,1,0.9455719054024481,1350
O=C(NCCCCCCNc1c2c(nc3ccccc13)CCCC2)c1cc2c(cn1)[nH]c1ccccc12,1,6,0.9741056183562309,1351
CCCCOc1cc(-c2nc(-c3ccccc3)no2)ccc1N,1,8,0.5779324525215234,1268
CN(CCCCCN1C(=O)c2ccccc2C1=O)Cc1cccc(Cl)c1,1,9,0.8529260849667128,289
COc1ccccc1CN1CCC(CCC(=O)c2cc3c4c(ccn4C(=O)CC3)c2)CC1,1,10,0.9350267087050128,178
Cc1ccc(NC(=O)c2cc(=O)c3cc(/C=C/C(=O)OCCN(C)C)ccc3o2)cc1C,1,6,0.8509972133401156,867
COc1cc2c(cc1OCc1ccccc1)CCC(C)(CC(=O)NCCCCCCCCCNc1c3c(nc4cc(Cl)ccc14)CCCC3)O2,1,7,0.9912589501829249,1352
CC[N+](CC)(CCNC(=O)C(=O)NCC[N+](CC)(CC)Cc1ccccc1Cl)Cc1ccccc1Cl,1,6,0.7017105383737625,62
CN1CCC(CC/C=C2\Cc3ccccc3C2=O)CC1,1,9,0.7674472534386458,1353
CO[P@]1(=O)OC[C@H]2COC(=O)C2=C(C)O1,1,3,0.2701830832137374,1354
COc1cc2c(cc1OC)C[N+](C)(CCCCCCCc1cccc(OC)[n+]1C)CC2,1,4,0.8607478051790092,1355
N[C@@H](Cc1c[nH]c2ccccc12)C(=O)NCCCCCCCNc1c2c(nc3cc(Cl)ccc13)CCCC2,1,7,0.9943032586359524,532
CCC(CC)n1cc(C(=O)C(F)F)cn1,1,1,0.7979992288630392,528
CCCCCCNC(=O)Oc1ccc2c(c1)N(CC)/C(=C/C(C)=O)S2,0,2,0.5652470036677808,1356
COc1cc2c(cc1OC)C(=O)/C(=C/c1cc[n+](Cc3ccccc3Br)cc1)C2,1,8,0.9615077692962641,200
COc1nc(-c2ccnc(NC(=O)C3CC3)c2)sc1C(=O)NCCNc1c2c(nc3cc(Cl)ccc13)CCCC2,1,3,0.9857552895513557,1217
CCCCCCOC(=O)[C@H](CCC(=O)NCCC1CCN(Cc2ccccc2)CC1)NC(=O)c1cc2ccsc2s1,1,1,0.9332534853335551,1357
C[N+]1(Cc2ccccc2)CCC(CCC(=O)c2ccc3c(c2)NCCCC3)CC1,1,5,0.8630557704417151,1358
O=C(NCCC1CCN(Cc2ccccc2)CC1)c1cc(=O)c2cc([N+](=O)[O-])ccc2o1,1,8,0.9537536829784445,25
CCOC(=O)C1=C(C)Nc2nc3c(c(N)c2C1c1cccnc1)CCCC3,1,1,0.8978122743116749,1359
C/N=C1/CCc2c1n(C)c1ccc(OC(=O)N(C)C)c(Br)c21,1,1,0.724346437763213,162
COC(=O)/C(=N\Nc1ccccc1[N+](=O)[O-])C(=O)C(F)(F)F,0,7,0.45825893603421375,17
Cc1nc(C(=O)NCCCCCCNc2c3c(nc4ccccc24)CCCC3)cc2c1[nH]c1ccccc12,1,8,0.9975107523680575,1351
CCN(C)C(=O)Oc1ccc(/C=C/C(=O)N(CC)Cc2ccccc2)cc1OC,0,1,0.2522717376820621,1360
C#CCNCCc1cccc(OC(=O)N(C)CC)c1,0,7,0.29787747612990645,17
COc1cc2c(cc1OC)C(=O)C(Cc1cc[n+](Cc3cccc(C)c3)cc1C(C)=O)C2,1,6,0.9718628632994398,404
COc1cc2c(cc1OC)C(=O)C(Cc1cc[n+](Cc3ccccc3C)cc1C(N)=O)C2,1,10,0.9035110160089461,404
O=C(NCCCCCCNc1c2c(nc3ccccc13)CCCCC2)c1cc2ccccc2o1,1,9,0.990302172899925,381
COc1cc2c(cc1OC)C(c1ccccc1)N(CCCCc1ccc(O)c(/C=N/O)n1)CC2,0,4,0.05339278231989604,1361
O=C1CC[C@@]2(C=CNC3=C2C2=NCCc4c[nH]c(c42)C3=O)C=C1Br,0,7,0.27168682855538856,1362
Cc1cccc2nc3c(c(N)c12)CCCCC3,1,7,0.8163457519257503,663
C[n+]1c2ccccc2c(-c2ccccc2)c2ccccc21,0,9,0.09496998165075399,113
c1cc[n+](CCCCCCCCCCC[n+]2cccc3ccccc32)cc1,1,6,0.9095607318488558,1363
CCOC(=O)c1c(C)nc(N2CCN(S(=O)(=O)c3ccc(NC(C)=O)cc3)CC2)nc1-c1ccc(OC)c(OC)c1,1,7,0.9264554507832569,35
CCN(CCCCCCNc1ccc(CCc2ccc(NCCCCCCN(CC)Cc3ccccc3OC)cc2)cc1)Cc1ccccc1OC,0,2,0.947218633009318,1364
Cc1cc(C(=O)CCC2CC[N+](C)(Cc3ccccc3)CC2)nn1-c1ccccc1,1,7,0.8761866279090604,1365
COC(=O)c1c[n+](Cc2ccccc2C)ccc1CC1Cc2cc(OC)c(OC)cc2C1=O,1,8,0.9580663372358625,404
N/C(=N\O)c1cccc(NC(=O)Nc2cccc(Br)c2)c1,0,1,0.12127803591273299,38
Cc1ccc(S(=O)(=O)SCc2ccc(C(C)(C)C)cc2)cc1,1,9,0.8181417926829432,59
COc1ccc(C(=O)Cc2ncc(C(=O)NC3CCN(Cc4ccccc4)CC3)cn2)cc1,0,2,0.6885831451990257,1366
O=C(O)COc1ccc(C2CC(c3c[nH]c4ccccc34)=NN2C(=O)c2ccccc2)cc1,1,9,0.5096612092564068,1367
O=C(Nc1cc(Cl)nc(Cl)c1)OCCCCCCNCc1ccccc1,1,6,0.8235700131182616,1368
O=C(CCc1ccc2nc(-c3ccccc3)c3c(c2c1)OCCC3)NCCCCCNc1c2c(nc3cc(Cl)ccc13)CCCC2,1,1,0.9982563478571302,1369
COc1cc(C(=O)NNc2c3c(nc4ccccc24)CCCC3)cc(OC)c1OC,1,3,0.9166666664961811,1370
CCOC(=O)[C@@H](CCC(=O)NCCC1CCN(Cc2ccccc2)CC1)NC(=O)c1ccccc1,1,1,0.8374464240812274,99
O=C(CN1CCN(C(=O)c2cccc(Br)c2)CC1)N1CCN(CCCc2c[nH]c3ccccc23)CC1,0,6,0.07981647934889721,36
CC(=O)N1N=C(c2ccc(Br)cc2)CC1c1ccc(-c2ccccc2)cc1,1,9,0.8449291279452773,971
O=c1[nH]c2ccc(OCc3ccc(F)cc3)cc2c(=O)o1,0,5,0.35535761304469093,858
Cc1ccc(S(=O)(=O)SCc2ccc(C#N)cc2)cc1,1,8,0.8404322458982565,59
COc1cccc(C)c1,1,9,0.6488741365182722,17
CN1c2ccc(OC(=O)NCC3CCCCC3)cc2[C@]2(C)CCN(CCc3ccccc3)[C@H]12,1,10,0.8194255833522307,1371
c1ccc2oc(CN(CCCCCCCNc3c4c(nc5ccccc35)CCCCC4)Cc3cc4ccccc4o3)cc2c1,1,2,0.9884119045644436,1372
CCN(CC)C(=O)Oc1ccc2c(c1)[C@]1(C)CCN(C)C1N2C,0,8,0.6118765965719891,37
CCOC(=O)C1=C(C)Oc2nc3c(c(N)c2[C@H]1c1cccs1)CCCC3,0,10,0.30121303828237683,1373
O=c1ccoc2ccc(OCCCN3CCCCCC3)cc12,0,5,0.6089860633955673,1374
CCOC(=O)C1=C(C)Oc2nc3c(c(N)c2[C@H]1c1cccnc1)CCCCC3,0,1,0.31393390037474367,1375
COc1ccc2c(c1)c(CC(=O)N/N=C1\c3cc(OC)c(OC)cc3CC1CC1CCN(Cc3ccccc3)CC1)c(C)n2C(=O)c1ccc(Cl)cc1,1,8,0.7528713292886792,1376
CCCCN1CCC(CCC(=O)c2ccc(N)cc2OC)CC1,1,6,0.8722649474697872,29
COc1ccc2c(c1)CCC(Cc1cc[n+](Cc3ccccc3F)cc1C(C)=O)C2=O,1,9,0.974899460409963,150
c1ccc2c(NCCCCCCNc3c4c(nc5ccccc35)CCC4)c3c(nc2c1)CCC3,1,6,0.9968237806840459,1377
Cc1cccc(C(=O)N2Cc3cc(NC(=O)c4ccccc4)ccc3CC2=O)c1,1,10,0.9394747596904589,90
CC(C)C1CCN(c2nccc(NCc3ccccc3)n2)CC1,0,1,0.047664897962627364,1378
COc1ccc(C(=O)Cc2ncc(C(=O)NCc3cccs3)cn2)cc1,0,4,0.4031099489011879,1379
O=C(Nc1ccc(-c2cn(CCNc3c4c(nc5ccccc35)CCCC4)nn2)cn1)Nc1cccc2c1C1CCCCN1C2=O,1,5,0.9456956149950377,1380
CC(C)Cn1cc(C(=O)C(F)(F)F)cn1,1,4,0.6080405249701148,528
OCCC1CCN(Cc2ccc(OCCCN3CCCCC3)cc2)CC1,1,9,0.7241007244527945,1381
O=C1c2ccc([N+](=O)[O-])cc2C(=O)N1C1CCN(Cc2ccccc2)CC1,0,5,0.7667857181957219,1382
Nc1cc(-c2cccs2)nc2nc(-c3ccccc3)cc(C(F)(F)F)c12,0,9,0.5566911012191414,1383
CN1CCc2c(c3ccccc3n2Cc2ccccc2C(=O)NCCO[N+](=O)[O-])C1,0,10,0.6424561259179963,1384
CN(C)Cc1ccc(CSCCNc2cc(NCCSCc3ccc(CN(C)C)o3)c([N+](=O)[O-])cc2[N+](=O)[O-])o1,1,8,0.9662398684698875,1385
CCOC(=O)C1=C(C)Nc2nc3c(c(N)c2[C@H]1c1ccccc1[N+](=O)[O-])CCCC3,1,9,0.8811303078355812,1
COC(=O)c1c(CCCCCCCCNc2c3c(nc4ccccc24)CCCC3)cccc1OC,1,8,0.9789886456468709,32
COc1ccc2cc3[n+](cc2c1OC(C)c1ccccc1)CCc1cc2c(cc1-3)OCO2,1,8,0.46710111982441693,550
CCN(CC)CCCCCOc1ccc(C(=O)/C=C/c2ccccc2)cc1,0,7,0.045442230763510165,33
COc1ccc(C(C#N)N2CCOCC2)cc1OC,0,9,0.18541893827143183,1386
CCN(CC)c1ccc(-c2c3ccccc3[n+](C)c3ccccc23)cc1,0,3,0.2534274970965183,113
Cc1cc(NS(=O)(=O)c2ccc(N/C=C/C(=O)c3cc4ccccc4o3)cc2)no1,1,2,0.783242498286811,1387
O=C1C=C(NCCCNCc2cc3ccccc3o2)C(=O)C=C1NCCCNCc1cc2ccccc2o1,0,3,0.6576643492170469,1388
O=C(NCCCCNc1c2c(nc3ccccc13)CCCC2)c1ccc(F)cc1,1,3,0.9888633182450471,1389
CCCCN1CCc2cc(C(=O)CCC3CCN(Cc4ccccc4)CC3)ccc21,1,10,0.977426632691224,43
CN(CCC(=O)NCCNc1c2c(nc3ccccc13)CCCC2)C1CCCCC1,1,8,0.9795140897396628,1208
CN(CCCCCN1C(=O)c2ccccc2S1(=O)=O)Cc1ccccc1,1,7,0.6630327307691718,1390
O/N=C/c1cc[n+](COC[n+]2ccccc2/C=N/O)cc1,1,1,0.017860533047421096,541
c1ccc(C[n+]2cccc3ccccc32)c(C[n+]2cccc3ccccc32)c1,0,1,0.35519921430393114,1391
C/C=C1\[C@H]2C=C(C)C[C@]1(NC1OCC3=C4CC(C)(C)[C@H](O)[C@H]4[C@@H](C)CCC31O)c1ccc(=O)[nH]c1C2,1,5,0.6914339062601331,1392
c1cnc2nc3c(c(NCCCCCCNc4c5c(nc6ncccc46)CCCC5)c2c1)CCCC3,1,8,0.918273817611644,1393
CCOC(=O)c1c(C)nc2nc3c(c(N)c2c1-c1ccc(OC)cc1)CCCCCC3,0,4,0.21238404494457816,1394
COc1cc(/C=C/C(=O)NCC(=O)NCCc2c[nH]c3ccc(Cl)cc23)ccc1O,1,3,0.4951703225482485,1095
CCOC(=O)c1c(C)nc(N2CCN(S(=O)(=O)c3ccc(NC(C)=O)c(F)c3)CC2)nc1-c1ccccc1,1,3,0.9346906489224451,35
O=C(CCC1CCN(Cc2cccc(F)c2)CC1)c1cc2c3c(ccn3C(=O)CC2)c1,1,10,0.9816703972153751,178
CN1CC[C@@]23C=C[C@H](O)C[C@@H]2Oc2c(O)ccc(c23)C1,1,7,0.5329590598513338,128
Cc1c(C)c2ccc(OCC3CCN(CCCO[N+](=O)[O-])CC3)cc2oc1=O,1,9,0.7685076035858275,825
O=C(NCCCC1CCN(Cc2ccccc2)CC1)c1cc(=O)c2cc(O)ccc2o1,1,6,0.9227836981926705,776
CC[N+](CC)(CC)CCOc1cccc(OCC[N+](CC)(CC)CC)c1OCC[N+](CC)(CC)CC,0,8,0.6704649294713375,17
COc1cc2cc(-c3ccc(C[N+](C)(C)Cc4ccccc4)cc3)c(=O)oc2cc1OC,1,10,0.829943881695299,1395
COc1cc2cc(C(=O)C3CCC[N+](C)(CC#N)CC3)sc2cc1OC,1,7,0.8054134889725004,140
CCNC(=O)Oc1cccc2c1OC[C@@H]1CCN(C)[C@H]21,1,1,0.763262505581802,1087
Nc1c2c(nc3cccc(F)c13)CCCC2,1,6,0.9126227525918292,141
COc1nc(-c2ccnc(NC(=O)C3CC3)c2)sc1C(=O)NCCNc1c2c(nc3ccccc13)CCCC2,1,7,0.9951519779165826,1217
Cn1cc(-c2cc3c(cn2)[nH]c2ncc(-c4ccc(CN5CCCCC5)cc4)cc23)cn1,1,7,0.9138152150109029,1396
C[C@H]1CN2C(=O)[C@]34Cc5c([nH]c6c7c(ccc56)OC(C)(C)CC7=O)C(C)(C)[C@@H]3C[C@@]2(C1)C(=O)N4,0,4,0.4579695360682167,1397
CCN(CCCCCCNC(=O)CCCCC1CCSS1)Cc1ccccc1OC,1,5,0.787062392950746,1398
C#CCN[C@@H]1CCc2ccc(OC(=O)N(C)CCCC)cc21,0,6,0.11404378375901153,2
CC(=O)N(C)c1cccc2n1cc(-c1ccc(OC(=O)N(C)C)cc1)[n+]2C,0,10,0.3492844314981778,5
N#CC(c1ccc2c(c1)OCO2)N1CCCCC1,0,3,0.18264089036125067,1399
CN1CC2C(=O)N(c3ccc(Br)cc3)C(=O)C2C12C(=O)c1ccccc1C2=O,0,5,0.13056084564692572,244
CN1CC[C@@]2(C)c3cc(OC(=O)Nc4ccccc4)ccc3N(C)C12,1,3,0.9289699044111378,44
CC1=CC2Cc3nc4ccccc4c(NCCCCCCCCCCCCNc4c5c(nc6cc(Cl)ccc46)CCCC5)c3C(C1)C2,1,3,1.0,374
C=CC(=O)N1C/C(=C\c2ccc(C)cc2)C(=O)/C(=C/c2ccc(C)cc2)C1,0,2,0.13655515821991365,421
COc1cc(/C=C/C(=O)NCCC(=O)Nc2ccccc2)ccc1O,0,6,0.26611098843020625,1400
N#Cc1ccc2[nH]cc(CCC(=O)NCCCCCCNc3c4c(nc5cc(Cl)ccc35)CCCC4)c2c1,1,6,0.9952707730160603,365
CSc1nc(-c2ccc(Cl)cc2)nn1C(=O)N1CCCCC1,1,5,0.7651530184318113,673
COc1cc(-c2cc3c(c(=O)o2)C[C@]2(O)[C@@]4(C)C(=O)C=CC(C)(C)[C@]4(O)CC[C@@]2(C)O3)cc(OC)c1OC,1,8,0.8069902954150704,30
CCN(CCCCCCNC1=CC(=O)C(NCCCCCCN(CC)Cc2ccncc2)=CC1=O)Cc1ccncc1,1,7,0.9601893709854837,1401
CCOC(=O)C1=C(C)N(CCC2CCN(Cc3ccccc3)CC2)C(=O)NC1c1coc2c(Cl)cc(Cl)cc2c1=O,1,6,0.8377491060186458,1402
COc1cc(N)c(Cl)cc1C(=O)C(C)CC1CCN(CC2CCCCC2)CC1,1,8,0.7508810362586684,31
C=CC(C)(C)c1cc([C@@H]2CC(=O)c3c(O)cc(O)c(CC=C(C)C)c3O2)c(O)cc1O,0,1,0.27393033392387955,411
COc1ccccc1/C=C1\CN(C(=O)[C@H]2C[C@H]3CCCN3[C@]23C(=O)Nc2cc(Cl)ccc23)C/C(=C\c2ccccc2OC)C1=O,0,5,0.15357477024920846,433
CC(C)c1ccc([C@@H]2[C@H]3CSCN3C3(C(=O)c4ccccc4C3=O)[C@]23CSc2ccccc2C3=O)cc1,0,6,0.07591320204158823,426
c1ccc(CN2CCC(Nc3nccc(NCc4ccc5c(c4)OCO5)n3)CC2)cc1,0,2,0.2477810907677352,1403
CC(=O)c1ccccc1NC(=O)c1ccc(OCCCCC[n+]2ccc3ccccc3c2)cc1,1,9,0.9415930311054413,1404
Oc1cc(O)cc(Oc2c(O)cc(O)c3c2Oc2c(O)cc(O)cc2O3)c1,0,4,0.12399047475213094,915
NC(=O)c1cc[n+](C/C=C/C[n+]2cc(Cl)c(/C=N/O)c(Cl)c2)cc1,0,3,0.07756318642792469,188
COc1cccc2cc(C(=O)NCCCCCCCNc3c4c(nc5ccccc35)CCCCC4)oc12,1,3,0.9972073463160976,1405
Cc1cc(CCNc2c3c(nc4ccccc24)CCCC3)cc(CCNc2c3c(nc4ccccc24)CCCC3)c1,1,8,0.9623378234330701,1334
COC(=O)c1c(O)cccc1CCCCCCCCNc1c2c(nc3ccccc13)CCCC2,1,9,0.981807113264264,32
CN(CCC(=O)NCCCNc1c2c(nc3ccccc13)CCCC2)C1CCCCC1,1,4,1.0,615
CN(C)CCOc1ccc(/C=C2\COc3ccccc3C2=O)cc1,1,5,0.2969692753352431,271
O=C(NO)c1ccc(Nc2c3ccccc3nc3ccc(Br)cc23)cc1,1,6,0.8161456403319293,558
CN1CC[C@@]2(C)c3cc(OC(=O)NCCCCN4CCOCC4)ccc3N(C)[C@@H]12,0,7,0.937031694601499,1406
COc1ccccc1N1C(=O)C2CN(C)C3(C(=O)c4ccccc4C3=O)C2C1=O,0,5,0.33193038080337256,244
c1ccc(CN2CCC(CCc3noc4ccccc34)CC2)cc1,1,3,0.9369940567706891,231
C[C@@H]1CC[C@]2(C(=O)NCc3ccc(Br)cc3)CC[C@]3(C)C(=CC[C@@H]4[C@@]5(C)C[C@@H](O)[C@H](O)[C@@](C)(CO)[C@@H]5CC[C@]43C)[C@@H]2[C@]1(C)O,0,8,0.03843389223976641,355
CC(=O)c1c[n+](Cc2ccccc2C)ccc1CC1Cc2cc3c(cc2C1=O)OCO3,1,2,0.8670540893484179,1407
FC12CC3CC(NCCCCNc4c5c(nc6cc(Cl)ccc46)CCCC5)(CC(C1)c1ccccc13)C2,1,7,0.9784180383218927,1408
CNC(=O)Oc1ccc2c(c1)SC[C@@H]1CCN(C)[C@H]21,1,8,0.6829248167116976,721
COc1cc2c(cc1OC)C(=O)C(CC1CCN(Cc3ncc(C)cc3C)CC1)C2,1,6,0.9091720603695129,655
CCCCOC(=O)CC[C@@H](C)[C@H]1CC[C@@]2(C)C3=C(C(=O)C[C@]12C)[C@@]1(C)CCC(=O)C(C)(C)[C@@H]1C[C@@H]3O,0,8,0.3144312666746996,603
Cn1c2ccccc2c2cc[n+](-c3ccc(I)cc3)cc21,1,1,0.7253300491483292,156
O=c1c2cc(OCCCN3CCCCC3)ccc2nc2n1CCCc1ccccc1-2,1,3,0.6906583300288508,1409
COc1cc2[se]n(CCC3CCN(Cc4ccccc4)CC3)c(=O)c2cc1OC,1,8,0.9453283459324221,1410
CCOC(=O)c1c(C)nc2nc3c(c(N)c2c1-c1cccc([N+](=O)[O-])c1)CCCCC3,0,7,0.3475990414349917,518
CCC1=CC2Cc3nc4cc(Cl)ccc4c(NCCN4CCC(CC5Cc6cc(OC)c(OC)cc6C5)CC4)c3C(C1)C2,1,5,0.9296128685517292,1411
C(=C/C[n+]1ccc2ccccc2c1)/C[n+]1ccc2ccccc2c1,0,4,0.38460586666122426,1412
COc1cc2oc(-c3ccc(OCC(=O)NCCCCCCNc4c5c(nc6cc(Cl)ccc46)CCCC5)cc3)cc(=O)c2c(OC)c1OC,1,1,0.9899989078397763,1413
O=C(C[C@H]1C[C@H]2CCCN2[C@]12C(=O)Nc1ccccc12)N1C/C(=C\c2ccccc2F)C(=O)[C@]2(C[C@H]3CCCN3[C@@]23C(=O)Nc2ccccc23)C1,0,9,0.019128159870143636,669
COc1cccc(N(CCC2CCN(Cc3ccccc3)CC2)C(C)=O)c1,1,7,0.8928907871293277,213
C/C=C1\[C@H]2C=C(C)C[C@]1(N[C@H]1OC(=O)C3=C4CC(C)(C)C[C@H]4[C@@H](C)[C@@H](O)C[C@]31OC)c1ccc(=O)[nH]c1C2,1,6,0.6685418753132285,1414
CCCCCCCCCCCCNCC(=O)Nc1ccc2nc3n(c(=O)c2c1)CCC3,1,6,0.9659439429825855,261
CC1CCCCN1Cc1ccc(CNCCN2CCNC2=C(C#N)C#N)o1,1,2,0.871053657353325,424
COc1ccc(C(F)(F)F)c[n+]1CCCCOc1ccc2c(C)cc(=O)oc2c1,1,7,0.7780702220039657,649
O=C1C=C(NCCCCCCNCc2nc3ccccc3s2)C(=O)C=C1NCCCCCCNCc1nc2ccccc2s1,0,3,0.6829368733731851,1415
CC1=CC2Cc3nc4cc(Cl)ccc4c(NCCCCCCCCCNc4c5c(nc6ccccc46)CCCC5)c3C(C1)C2,1,4,1.0,845
c1ccc(CN2CCC(CCNc3ccc(-c4ccccc4)nn3)CC2)cc1,1,4,0.6796107082391477,1416
O=C(NCCCCNc1c2c(nc3ccccc13)CCCC2)Oc1ccc(-c2cc3cccnc3[nH]2)cc1,1,6,0.9948880686154001,1417
C=CCN(CCCCNc1c2c(nc3ccccc13)CCCC2)CCCNc1c2c(nc3ccccc13)CCCC2,1,4,0.9928379091869062,501
Cc1ccc(S(=O)(=O)SCc2ccc([N+](=O)[O-])cc2)cc1,1,1,0.8517217916833827,59
CC(C)(C)c1cc[n+](CCCCCCCCCCC[n+]2ccc(C(C)(C)C)cc2)cc1,1,7,0.8892128872501747,1418
COc1ccc2cc3[n+](cc2c1OCc1ccccc1C)CCc1cc2c(cc1-3)OCO2,0,7,0.6090159431704877,550
CNC(=O)Oc1ccc2c(c1)[C@]1(C)CCN(C)[C@@H]1N2C,1,8,0.7871222708030206,37
Cc1cc(=O)oc2cc(OCCCCCSC(=S)N3CCCCC3)ccc12,1,5,0.9437821039316655,1419
CC1CCCN(Cc2ccc(CNCCN3CCN=C3C(C#N)C#N)o2)C1,1,1,0.9128538393860335,1246
Cc1ccc(C(=O)/C=C/c2ccc(N3CCCCC3)cc2)s1,1,9,0.4724751785889598,1420
COc1ccc2nc3c(c(NCCCCCCNC(=O)[C@@H](N)Cc4c[nH]c5ccccc45)c2c1)CCCC3,1,8,0.7112455291003336,365
COc1cc2cc(C(=O)CCc3cc[n+](Cc4ccc([N+](=O)[O-])o4)cc3)sc2cc1OC,1,9,0.8812977354289586,1421
CN(C)Cc1ccc(CSCCNc2cc(NN)c([N+](=O)[O-])cc2[N+](=O)[O-])o1,1,7,0.8940168659757559,588
COc1ccc(OC)c2c1CC(C)C2=O,1,10,0.8100716858822107,89
O=C(/C=C/c1ccc(OCCCCN2CCC(Cc3ccccc3)CC2)cc1)c1c(O)cc(OCCCCN2CCC(Cc3ccccc3)CC2)cc1O,0,10,0.4846233279942036,1422
CCOP(=O)(C#N)N(C)C,0,6,0.31235051806260694,21
COc1cc(C(=O)NCCCCC(=O)NNc2c3c(nc4ccccc24)CCCC3)cc(OC)c1OC,1,7,0.9767546373598421,1423
CC(=O)c1ccccc1NC(=O)c1ccc(OCCCCC[n+]2ccccc2)cc1,1,3,0.8718179741914215,1424
CC[C@H]1C[C@@H]2CN3CCc4c([nH]c5cc([C@H]6C[C@H]7C(C(=O)OC)[C@H](Cc8c6[nH]c6ccccc86)N(C)C[C@H]7CC)ccc45)[C@](C(=O)OC)(C2)[C@H]13,1,4,0.659733223899026,1425
FC(F)(F)c1ccc2c(NCCCCCCCCNc3ccc(Cl)cc3)ccnc2c1,1,1,0.9788940127280944,107
CCN(CC)CCc1ccc(Oc2ccc(C(=O)c3ccc(CN(C)Cc4ccccc4)cc3)cc2)cc1,1,2,0.7649666868057717,1426
c1ccc(CNc2ccnc(N3CCOCC3)n2)cc1,0,9,0.028316660929839373,1427
CN1CC[C@@]2(C)c3cc(OC(=O)NCCCCCCCCN4CCOCC4)ccc3N(C)[C@@H]12,1,9,0.8862243287065342,1428
C=C(C)[C@H](O)CC[C@]1(C)[C@@H](CC=C(C)C)C[C@@]2(CC=C(C)C)C(=O)[C@]1(C(=O)C(C)C)C(=O)C1=C2O[C@@H](C(C)(C)O)C1,0,2,0.05252337659868651,88
CN(CCCNc1ccc(-c2ccccc2)nn1)Cc1ccccc1,0,9,0.3305780058228559,1429
O=C(NCCCCCCCCCCNc1c2c(nc3cc(Cl)ccc13)CCCC2)c1cc(=O)c2ccccc2o1,1,8,1.0,482
Nc1c2c(nc3c1C(c1ccccc1)NC(=S)N3)CCCC2,0,8,0.23958600808670277,66
CNC(NCCNCc1ccc(CN(C)C)o1)=C(C#N)C#N,1,2,0.7545744386180724,804
COc1ccc(C(=O)Nc2cc3ccccc3oc2=O)cc1,0,1,0.1923551389381092,480
COC(=O)/C1=C/N(C)CCc2cc(OC)c(OC)cc2C(C)=C=C1c1ccccc1,0,5,0.5311432724336373,1430
CN(CCCCCCCCN1C(=O)c2ccccc2C1=O)Cc1ccccc1F,1,5,0.9402810432637313,306
O=C(CCC1CCN(Cc2ccccc2)CC1)c1ccc2c(c1)NCCCC2,1,5,0.9576543822702117,55
c1ccc(CN2CCC(CNc3noc4ccccc34)CC2)cc1,1,9,0.8126708591864207,1431
COc1cc2ncnc(N3CCN(c4ccccc4)CC3)c2cc1OC,1,8,0.7613229985901694,892
COc1cc2c(cc1OC)C(=O)C(C1CC[N+](C)(Cc3ccccc3)CC1)=C2,1,5,0.7214216726039958,1432
N#Cc1cc(C#N)c(NCCC2CCN(Cc3ccccc3)CC2)nc1N,1,5,0.917571951161725,1053
CCN(Cc1ccccc1)Cc1ccc(-c2cc3cc(OC)c(OC)cc3oc2=O)cc1,1,1,0.8534757674289825,206
Cc1ccc(C(C)C)cc1OCC(O)CNCCC1=CCCCC1,1,2,0.6643132444838099,1433
COc1cc2c(cc1OC)CC(CC1CCN(CCNc3c4c(nc5cc(Cl)ccc35)CCCC4)CC1)C2,1,2,0.9857087250769644,665
c1cc2[nH]c3nc(NCCCCCCN4CCCC4)nnc3c2cc1N1CCCCC1,1,8,0.737950774226912,1434
CCOC(=O)C1=C(C)Nc2nc3c(c(N)c2[C@H]1c1ccccc1)CCCC3,1,5,0.9310724151706724,1
CCCCNC(=O)OCCCCCCCCCCCCOC(=O)NCCCC,1,4,0.9478720144253966,21
CCN1/C(=C/C(C)=O)Sc2ccc(OC(=O)NCc3cccnc3)cc21,0,7,0.37400185675114994,1435
CN(CCC(=O)NCCCCNc1c2c(nc3ccccc13)CCCC2)C1CCCCC1,1,3,0.9928707661184122,1214
Cn1ncc2c1-c1c(Br)sc(Br)c1C2NC(=O)CN1CCN(Cc2ccccc2F)CC1,1,3,0.6912980614904096,1436
COc1ccc2oc(C(=O)NCCCC3CCN(Cc4ccccc4)CC3)cc(=O)c2c1,1,9,0.904292853101653,776
O=S(=O)(CCCN1CCN(Cc2ccccc2)CC1)NCCNc1cccc2ccccc12,1,6,0.691342736406225,1437
C#CCCCC[n+]1ccn(C(C)(C)C)c1/C=N/O,0,2,0.06385254779677633,154
Oc1ccc2c(CCC3CCN(Cc4ccccc4)CC3)noc2c1,1,1,0.9442116666214948,231
O=C1CN(CCN2CCCC2)C(=O)CN1CCCn1ccnc1,0,1,0.30516986663740764,1438
C#CCN(Cc1ccc2cccc(O)c2n1)C(C#N)C1CCN(Cc2ccccc2)CC1,0,10,0.5666127988640035,1439
Cc1ccc2cc3c(ccc4ccccc43)c3c2c1CC3,0,1,0.3986129583940572,1440
N[C@@H](CCC(=O)NCCNc1c2c(nc3ccccc13)CCCC2)C(=O)NCCNc1c2c(nc3ccccc13)CCCC2,1,3,0.9757596705738869,1441
CC(C)(C)c1ccc(NCCCCCCCCNc2ccnc3cc(C(F)(F)F)ccc23)cc1,1,4,0.9521745564944231,107
N#Cc1cc2c(cn1)[nH]c1ncc(-c3ccc(CN4CCCCC4)cc3)cc12,1,8,0.832833781513164,340
CCCCCCCNC(=O)Oc1cccc(-n2cc(COc3ccc4ccc(=O)oc4c3)nn2)c1,1,2,0.7590392567322933,1442
CCCCCCNC(=O)Oc1cccc(CN(CC)CCCOc2ccc3c(=O)c4ccccc4oc3c2)c1,1,5,0.9951181471410124,77
Cc1cccc(NC(=O)Oc2ccc3c(c2)[C@]2(C)CCN(C)[C@@H]2N3C)c1,1,5,0.9403102448053194,44
Oc1ccc(/C=N/c2c3c(nc4ccccc24)CCCC3)cc1O,1,9,0.6051960394385338,1443
O=[N+]([O-])c1cccc(-c2cnc3cccnc3n2)c1,1,9,0.66951390420182,525
COc1cc2c(cc1OC)C(=O)/C(=C/c1cccc(CN3CCCC3)c1)C2,1,7,0.8564823088780257,1444
CC(CC(C)(C)C)OC[n+]1ccn(C)c1/C=N/O,0,9,0.03127257200370968,154
CNC(=O)c1sc(-c2ccnc(NC(=O)C3CC3)c2)nc1OC1CCN(Cc2ccccc2)CC1,0,8,0.4727490837625454,1445
CC(C)(C)c1cc[n+](Cc2cccc(C[n+]3ccc(C(C)(C)C)cc3)c2)cc1,1,4,0.6886453497868378,910
O=[N+]([O-])c1ccc2nc(NCCc3cc[n+](Cc4ccc(F)cc4)cc3)sc2c1,1,10,0.8429759829929722,423
COc1cc(C(=O)NCCCCCCCC(=O)NNc2c3c(nc4ccccc24)CCCC3)cc(OC)c1OC,1,5,0.9927208787292279,1446
c1ccc(C(Nc2ccnc(N3CCNCC3)n2)c2ccccc2)cc1,0,10,0.0904571655067787,307
CN(CCNc1c2c(nc3ccccc13)CCCC2)Cc1ccnc(/C(N)=N/O)c1O,0,10,0.6445017862288015,1447
CN(C)CCCN1C(=O)CSC1c1ccc(F)cc1F,0,3,0.1438713775224768,839
CCCSc1nc(-c2ccc(Cl)cc2)nn1C(=O)N(C)C,1,3,0.7370477891941724,183
CC1(C)CC(=O)C2=C(C1)Nc1nc3c(c(N)c1[C@H]2c1ccc(F)cc1)CCCC3,1,10,0.811806859399889,510
COc1cccc2cc(CNCCCCCCNc3c4c(nc5ccccc35)CCC4)oc12,1,5,0.9834542681921168,192
O=C1SCc2cccc([N+](=O)[O-])c21,0,9,0.5384906209960109,1301
CN=C(NCCNCc1ccc(CN2CCCCC2)o1)C(C#N)C#N,1,9,0.8039545005541939,215
COc1cc2oc(-c3cccc(OCC(=O)NCCCCCNc4c5c(nc6cc(Cl)ccc46)CCCC5)c3)cc(=O)c2c(OC)c1OC,1,10,0.9857594654285368,1448
COc1cccc(CC2CCN(CCCCOc3ccc4c(c3)oc(=O)c3ccccc34)CC2)c1,0,4,0.1509954377130925,1046
COc1ccc2c3c1O[C@H]1C[C@@H](OC(=O)NC4CCN(Cc5ccc(OC(F)(F)F)cc5)CC4)C=C[C@@]31CCN(C)C2,1,8,0.868769961747365,139
COC(=O)c1ccccc1C[n+]1ccc(CC2Cc3cc(OC)c(OC)cc3C2=O)c(C(=O)Oc2c(Cl)cc(Cl)cc2Cl)c1,1,8,0.8199739785710458,1449
CSc1nc(-c2ccc(C(F)(F)F)cc2)nn1C(=O)N(C)C,1,9,0.8868625219167414,183
Nc1ccc(C(=O)CCC2CCN(CC3CCCCC3)CC2)cc1,1,4,0.9103241384600776,31
COc1cc2c(cc1OC)C(=O)C(CC1CCN(c3ccccc3)CC1)C2,1,10,0.8714322232641343,1242
Nc1c2c(nc3ccc(Cl)cc13)CCCC2,1,3,0.7658451613475497,141
O=C1c2ccccc2C(=O)C12N1CSC[C@@H]1[C@@H](c1ccccc1Cl)[C@@]21CSc2ccccc2C1=O,0,4,0.043089612403854165,426
CN(CCC1CCCCCC1)Cc1c[nH]c2c(OC(=O)N(C)C)cccc12,1,9,0.7038982211887922,268
CC(=O)N(CCC1CCN(Cc2ccccc2)CC1)c1ccccc1,1,4,0.8750977109153515,213
CCN(CC)CCCCCCOc1ccc(C(=O)/C=C/c2ccccc2)cc1,0,3,0.03992421959693733,33
c1cc[n+](CCCCCCCC[n+]2ccc3ccccc3c2)cc1,1,3,0.8435604655638272,1450
CCN1CC[C@@]2(C)c3cc(OC(=O)NCc4ccccc4)ccc3CC12,1,6,0.7776765576441496,1451
CN1CC2C(=O)N(c3ccccc3)C(=O)C2C12C(=O)c1ccccc1C2=O,0,4,0.1066858199789376,244
CN1CCN(c2ccc(-c3cnc4[nH]c5cnc(C#N)cc5c4c3)cc2)CC1,1,8,0.6019800535312473,1452
CN(CCCCCCCCN1C(=O)c2ccccc2C1=O)Cc1ccccc1,1,7,0.9207680991153576,306
CC(=O)c1ccccc1NC(=O)c1ccc(OCCCCCC[n+]2ccccc2)cc1,1,2,0.8898834049916116,1453
CC(=O)N[C@@H](Cc1c[nH]c2ccccc12)C(=O)NCCCCCCNc1c2c(nc3ccccc13)CCCC2,1,1,0.9877250065541705,365
O=C(CN1CCN(Cc2ccccc2)CC1)NC1c2cnn(-c3ccccc3)c2-c2c(Br)sc(Br)c21,1,10,0.7626140031801537,1454
c1ccc2oc(C3CCNCC3)cc2c1,0,10,0.3079230822680561,1455
COc1cccc2nc3c(c(N)c12)CCCC3,1,5,0.8826428661015128,141
NC(=O)c1cc[n+](CCCC[n+]2cc(F)c(/C=N/O)c(F)c2)cc1,0,5,0.0222280715513097,595
c1ccc2c(NCCCCCCCCCN3CCOCC3)c3c(nc2c1)CCCC3,1,9,0.9920428059782325,1456
COc1ccc2c(c1)CCC(Cc1cc[n+](Cc3ccccc3C)cc1C(N)=O)C2=O,1,4,0.875258115826015,150
NS(=O)(=O)c1ccc(N2N=C(c3cccs3)CC2c2ccc(Br)cc2)cc1,1,5,0.8063605711631477,1457
CO[C@H](CNC(=O)/C=C/c1ccc(O)cc1)c1ccc(O)c(O)c1,0,8,0.20194841676346229,1083
CC1CCN(Cc2ccccc2)CC1,1,6,0.6810177484032428,170
Cc1ccc2c(c1)C(=O)C(=O)N2Cc1ccccc1[N+](=O)[O-],1,10,0.7667658772303635,1019
COc1ccc(C(=O)N2CCN(CC(=O)N3CCN(CCCc4c[nH]c5ccccc45)CC3)CC2)cc1,0,6,0.08202817920604404,36
Oc1cccc(C2=Nc3ccccc3SC(c3ccccc3F)C2)c1,0,7,0.1950482267980878,505
COc1cc(N)c(F)cc1C(=O)CCC1CCN(CC2CCCCC2)CC1,1,4,0.9482642555369549,31
CCOC(=O)/C(=N\Nc1ccccc1[N+](=O)[O-])C(=O)C(F)(F)F,1,1,0.298547634706137,17
C#CC(C)C(C)OC[n+]1ccn(C)c1/C=N/O,0,10,0.053152134080428494,154
CCN(CC)CCCN1CC(=O)N(C2CC2)CC1=O,0,10,0.21358182213482516,1458
CN1c2ccc(OC(=O)Nc3ccccc3)cc2[C@]2(C)CC[N@@+](C)([O-])[C@H]12,1,10,0.9678140141806637,631
CC(C)N(CCOc1ccc(-c2nc3ccccc3[nH]2)cc1)C(C)C,0,3,0.3508269468868894,567
Nc1ccc2c(c1)C(=O)N(CCC1CCN(Cc3ccccc3)CC1)C2=O,1,3,0.9625940852692927,345
COc1ccc(-c2cc(=O)c3ccc(OCCN4CCC(C)CC4)cc3o2)cc1,1,2,0.7353742426435883,1459
CNC(=O)Oc1cccc(CN(C)CCCCCCCOc2ccc3c(c2)O/C(=C\c2ccc(Cl)c(Cl)c2)C3=O)c1,1,1,0.6397438953265951,535
CCOc1ccc(/C=N/NC(=O)CN2CCC(Cc3ccccc3)CC2)cc1,0,10,0.298922290225801,593
CN1CCC(CCN2C(=O)c3ccccc3C2=O)CC1,1,4,0.7494780411499407,1460
Cc1ccc2nc3c(c(NCCO)c2c1)CCCC3,1,3,0.7720533111333338,141
CC(C)c1ccc(NC(=O)Oc2ccc3c(c2)[C@]2(C)CC[N+](C)(CCc4ccccc4)C2N3C)cc1,1,3,0.7550374823578646,1461
O=C1NC(=S)NC(=O)C1=CNNC(=S)Nc1ccc(F)cc1,0,9,0.1957376710893846,111
COc1ccccc1C1NC(=S)Nc2nc3c(c(N)c21)CCCC3,0,2,0.4488297580521701,66
CCN(CCCCCNC1=CC(=O)C(NCCCCCN(CC)Cc2ccccc2OC)=CC1=O)Cc1ccccc1OC,1,4,0.9780065143745914,1462
COc1cc2c(cc1OC)C(=O)C(CC1CCN(Cc3cccc(C)c3)CC1)C2,1,2,0.9080793688230301,23
COc1ccc(CN2CCC(Nc3nc(-c4ccc(OC)cc4)c(-c4ccc(OC)cc4)s3)CC2)cc1,1,1,0.833012082097022,118
CCN(CCCCOc1ccc(-c2cc(=O)c3c(O)c(OC)c(OC)cc3o2)cc1)Cc1ccccc1OC,1,1,0.931709600095009,443
[O-][S+]1CCN(c2nccc(NCc3ccccc3)n2)CC1,0,2,0.06347821361428814,1463
COc1cccc(C(=O)N2CCN(CC(=O)N3CCN(CCCc4c[nH]c5ccc(F)cc45)CC3)CC2)c1,0,6,0.11995051942209806,36
CC(C)=CCC[C@]1(C)[C@@H](CC=C(C)C)C[C@@]2(CC=C(C)C)C(=O)[C@]1(C(=O)C(C)C)C(=O)C1=C2O[C@@H](C(C)(C)O)[C@@H]1O,0,7,0.058464974430217066,88
O=C(CCCCNc1c2c(nc3cc(Cl)ccc13)CCCC2)NC12CC3CC(F)(CC(C1)c1ccccc13)C2,1,6,0.9918230186171745,1464
CNC(=O)Oc1cccc(CN(C)CCCOc2ccc3c(=O)ccoc3c2)c1,1,2,0.9075255350720287,577
CCN(CC)CCOC(=O)/C=C/c1ccc2oc(C(=O)Nc3ccc(Cl)cc3)cc(=O)c2c1,1,2,0.7533437092879225,867
CSc1cccc(/N=C2\NC(=O)C(CC(=O)Nc3ccc(F)c(F)c3)S2)c1,1,7,0.5953010469754075,1465
COc1cc2c(cc1OC)CC(CC1CCN(CCCNc3c4c(nc5ccccc35)CCCC4)CC1)C2,1,4,0.9853449854164683,230
O=C(/C=C/c1ccc(O)c(O)c1)n1ccc2cc(O)c(O)cc21,0,2,0.13019614711541413,589
c1ccc(CCNc2ccnc(N3CCOCC3)n2)cc1,0,7,0.03610853029608059,1466
CN(C)c1ccccc1CNCCCCCCCCCNc1c2c(nc3ccccc13)CCCC2,1,5,0.994668204010135,1467
COc1cccc2cc(C(=O)NCCCCCCCNc3c4c(nc5ccccc35)CCC4)oc12,1,8,1.0,81
COc1cc2oc(C(=O)NCCCCCCCCCCNc3c4c(nc5ccccc35)CCCC4)cc(=O)c2cc1OC,1,4,0.9930628619432842,482
CCCCC1=NC2(CCCC2)C(=O)N1Cc1ccc(-c2ccccc2-n2nnnc2C(c2ccccc2)(c2ccccc2)c2ccccc2)cc1,1,10,0.701427410263152,1468
O=c1cc(-c2ccc(OCCCCN3CCN(Cc4ccccc4)CC3)cc2)oc2cc(OCCCCN3CCN(Cc4ccccc4)CC3)cc(O)c12,1,7,0.39623224866893425,1469
COc1cc2ncnc(N3CCN(C(c4ccccc4)c4ccccc4)CC3)c2cc1OC,1,5,0.7497603853620493,1470
CN(CCOCCNC(=S)NC(=O)c1ccc2c(c1)C(=O)c1ccccc1-2)Cc1ccccc1,1,10,0.9009907920521553,1471
CCCc1cc(=NCCC2CCN(Cc3ccccc3)CC2)[nH]nc1-c1ccccc1,1,4,0.9216575275766354,80
CN(CCCCCCCCOc1ccc2c(=O)c3ccccc3oc2c1)Cc1ccccc1,0,10,0.5739774574520994,1472
C=CCCNCC(=O)Nc1ccc2nc3n(c(=O)c2c1)CCC3,1,6,0.7992905398484002,261
N[C@@H](Cc1c[nH]c2ccccc12)C(=O)NCCCNc1c2c(nc3ccccc13)CCCC2,1,6,0.8792513999448247,1011
Nc1nn(-c2c3c(nc4ccc([N+](=O)[O-])cc24)CCCC3)c2ncccc12,1,4,0.7098682189138599,1473
Cc1ccc(S(=O)(=O)SCc2ccc(C(C)C)cc2)cc1,1,2,0.8753139614839862,59
CCN(CC)CCCCOc1cc(O)c2c(=O)c(-c3ccc(O)cc3)coc2c1,1,8,0.601719627010044,1474
CC[N+](CC)(CCCCCn1c(=O)cc(C)n(CCCCn2c(C)cc(=O)n(C)c2=O)c1=O)Cc1ccccc1C(F)(F)F,1,8,0.9656874014592396,1475
COc1ccc(C2CC(c3cc(F)cc(F)c3)=NN2c2ccc(S(N)(=O)=O)cc2)cc1OC,1,8,0.9437697714909359,16
COc1ccc(Cn2cc(C(=O)NCCCCNc3c4c(nc5cc(Cl)ccc35)CCCC4)c(=O)c3ccccc32)cc1,1,8,0.9747601519960807,205
CCn1cc(CNCc2c[nH]nc2-c2ccc(-c3ccccc3)cc2)cn1,1,2,0.575832033073643,1476
CN1c2ccc(OC(=O)Nc3ccccc3)cc2[C@]2(C)CC[N+](C)(C)C12,1,6,0.9755235311374779,631
CCOC(=O)c1c(C)nc(N2CCN(S(=O)(=O)c3ccc(N)c(Cl)c3)CC2)nc1-c1ccc(OC)cc1,1,2,0.953086123092119,35
O=C(/C=C/c1ccc(N2CCCCC2)cc1)c1sccc1Cl,1,7,0.40308426218329807,1420
O=C(CCC1CCN(Cc2ccc(F)cc2)CC1)c1ccc2c(c1)NCCCC2,1,10,0.8767416984477783,55
O=C1C(=O)N(Cc2ccc(Br)cc2)c2ccc(Br)cc21,1,7,0.6309983996627848,1019
COc1cc(/C=C/C(=O)N2CCN(Cc3cccc(Cl)c3)CC2)ccc1O,0,8,0.2052312302519083,253
CCN(CCCCCC(=O)N1CCC(CC2CCN(C(=O)CCCCCN(CC)Cc3ccccc3OC)CC2)CC1)Cc1ccccc1OC,1,3,0.9022102778691032,1477
CC1=C[C@H]2Cc3nc4cc(Cl)ccc4c(NCCCCCCNc4c5c(nc6cc(Cl)ccc46)C[C@@H]4C=C(C)C[C@H]5C4)c3[C@@H](C1)C2,1,9,0.9908286672818916,1478
Cc1ccc(-c2nc(NCC3CCN(Cc4cc(F)cc(F)c4)CC3)sc2-c2ccc(C)cc2)cc1,1,8,0.9175878042745848,144
C[C@@H](c1cccc(OC(=O)N(C)[C@@H](C)Cc2ccccc2)c1)N(C)C,1,5,0.5430891136590018,748
Brc1ccc(Cn2cc(CNC3CCCCCC3)nn2)cc1,1,4,0.7387363786791985,624
Cc1c(C)c2ccc(OCCCCCCN(C)Cc3ccccc3)cc2oc1=O,1,9,0.8279580137896658,600
CNCCc1cccc(OC(=O)N(C)C)c1,1,5,0.6390828156986685,17
CCCCNC(=O)Oc1cccc(CN(C)CCCOc2ccc3c(=O)ccoc3c2)c1,1,10,0.9567862230949777,577
Nc1cc(-c2ccccc2Br)nc2nc(-c3ccccc3)cc(C(F)(F)F)c12,1,1,0.43842506497822264,460
NS(=O)(=O)c1ccc(C(=O)n2[nH]c(=O)c3c([N+](=O)[O-])cccc3c2=O)cc1,1,5,0.782631580961443,474
Cc1ccc(S(=O)(=O)SCc2ccc(OC(F)(F)F)cc2)cc1,1,10,0.8933064059645708,59
COc1ccc(N2CCN(C(=O)/C=C/c3ccc(O)c(OC)c3)CC2)cc1,0,1,0.05572833200635744,579
CCOC(=O)C1C(C)=Nc2nc3c(c(N)c2C1c1cccc([N+](=O)[O-])c1)CCCC3,1,8,0.8073540615805578,74
CC1(C)CC(=O)C2=C(C1)Oc1nc3c(c(N)c1[C@H]2c1ccc([N+](=O)[O-])cc1)CCCC3,0,3,0.16436434068234307,24
COc1c2c(cc3c1OCO3)[C@]13C=C[C@H](OC)C[C@@H]1[N@](C2)C[C@H]3OC(=O)c1ccccc1[N+](=O)[O-],0,1,0.19063558553167503,796
C[C@@H]1CC[C@]2(C(=O)NCCc3c[nH]c4ccccc34)CC[C@]3(C)C(=CC[C@@H]4[C@@]5(C)C[C@@H](O)[C@H](O)[C@@](C)(CO)[C@@H]5CC[C@]43C)[C@@H]2[C@]1(C)O,0,9,0.2239754598612624,1479
Nc1c2c(nc3c1C(c1ccc(F)cc1)NC(=S)N3)CCCC2,0,6,0.2508257987697103,66
C#CCNC1CCc2ccc(OC(=O)N(C)CCCCCC)cc21,0,10,0.24588957540922204,2
CC(C)c1ccc(NC(=O)Oc2ccc3c(c2)[C@]2(C)CCOC2O3)cc1,1,5,0.8136445320254763,984
O=C(C[C@H]1C[C@H]2CCCN2[C@]12C(=O)Nc1ccccc12)N1C/C(=C\c2cccc3ccccc23)C(=O)[C@]2(C[C@H]3CCCN3[C@@]23C(=O)Nc2ccccc23)C1,0,3,0.13905225737362978,1480
O/N=C/c1nccc(CCCCCNc2c3c(nc4ccccc24)CCCC3)c1O,1,3,0.7804517069603557,1481
CC(=O)Nc1nc(Cl)c2ncn(C3O[C@H](C(=O)NCc4ccccc4)[C@@H](OC(C)=O)[C@@H](OC(C)=O)[C@H]3OC(C)=O)c2n1,0,5,0.17184630381108304,1482
COc1ccccc1C(C)NS(N)(=O)=O,1,3,0.7798869985331394,17
CCNC(=O)Oc1cccc2c1CC[C@@H]1CCN(C)[C@H]21,1,6,0.7708035589551736,1483
c1ccc(C2=NNC(NCN3CCCCC3)=NC2)cc1,0,1,0.2733862821560403,1484
Cc1ccccc1NC(=O)Oc1ccc2c(c1)[C@]1(C)CCNC1N2C,1,7,0.9353703666037079,44
Fc1ccc(/C=N\C2CCN(Cc3ccccc3)C2)c(F)c1,1,1,0.69823760030364,963
CCOC(=O)c1csc(NC(=O)C[n+]2cccc(/C=N/O)c2)n1,0,3,0.07627452699185186,1094
c1ccc([C@@H]2CC(c3c4ccccc4cc4ccccc34)=NN2)cc1,1,8,0.712108895135167,354
COc1cc2c(c3c1OCOC3)C[C@H]1c3c(cc4c(c3OC)OCO4)CCN1C2,0,4,0.3939853962955234,1485
COc1cc2cc(-c3ccc(CN(C)Cc4cccc([N+](=O)[O-])c4)cc3)c(=O)oc2cc1OC,1,5,0.6946576640885755,206
CCc1ccccc1SC(=O)OCC[N+](C)(C)C,0,10,0.2893005047304184,17
O=C(COc1cc(F)ccc1[N+](=O)[O-])NCC1CCN(Cc2ccccc2)CC1,1,6,0.895104230441674,581
CNC(=O)Oc1cccc(CN(C)CCCCCCCOc2ccc3c(=O)c4ccccc4oc3c2)c1,1,9,0.9677303619687306,248
Cc1ccc2[nH]c3c(c2c1)CN(CCCCCCN1CCc2[nH]c4ccc(C)cc4c2C1)CC3,1,8,0.7210558833665617,1486
CCN1/C(=C/C(C)=O)Sc2ccc(OC(=O)OCCOCCNC(=O)c3cc4c(OC(=O)N(C)C)cccc4[n+](C)c3)cc21,1,6,0.6679488660124367,1487
COc1ccc(/C=C/C(=O)c2cc(I)c(Cl)cc2O)cc1,1,5,0.6420980439716291,33
Cc1c(C)c2ccc(OCC3CCN(Cc4cccc(OCCCO)c4)CC3)cc2oc1=O,1,1,0.7361720372016551,1049
CN(Cc1ccc(COc2ccc3c(CO)cc(=O)oc3c2)cc1)Cc1cccc(F)c1,1,10,0.7850304157246983,68
CCOP(=O)(OCC)C(NCCc1ccc(OC)cc1)c1coc2ccccc2c1=O,1,4,0.6727270356543881,1488
CN(C)Cc1ccc(CSCCCCSCc2ccc(CN(C)C)o2)o1,1,2,0.9033349941571119,1489
Clc1cccc(Cl)c1CO/N=C/c1cc[n+](CCCc2ccccc2)cc1,1,8,0.5816981163791466,1490
COc1cc(/C=C2\Oc3cc(OCCN4CCCCC4)ccc3C2=O)cc(OC)c1OC,1,4,0.7749655904408541,1491
COc1ccc2c(c1)c(C=O)cn2CCCCCCCCCCCCN(C)Cc1cccc(O)c1,0,7,0.2713441047236012,1337
c1ccc(CN2CCC(CCc3nsc4ccccc34)CC2)cc1,1,4,0.8975705240215032,1492
O/N=C/C1=NCCN1Cc1ccccc1,0,3,0.12065623120042838,1118
CN1CCN(c2nccc(NC(c3ccccc3)c3ccccc3)n2)CC1,0,7,0.08743303618900194,307
COc1ccc(/C=C/C(=O)Nc2cc[n+](Cc3cccc(F)c3)cc2)cc1OC,1,5,0.5182044844227107,382
FC(F)(F)Oc1ccc(/C=N/C2CCN(Cc3ccccc3)CC2)cc1,1,2,0.8735486310912499,151
O=C1C(NCCNc2c3c(nc4cc(Cl)ccc24)CCCC3)=CC(=O)c2c(O)cccc21,1,3,0.9875468442952205,485
COc1cc(N)c(Br)cc1C(=O)CCC1CCN(CC2CCCCC2)CC1,1,1,0.9902826991403667,31
Cc1c(Cl)c(=O)oc2cc(OCCCCSC(=S)N3CCCCC3C)ccc12,1,4,0.8265041999122854,841
C=[N+]1N=C(CCC2CCN(Cc3ccccc3)CC2)c2ccccc21,1,5,0.8641416642024304,1494
c1ccc(CN2CCC(CCN=c3[nH]nc(-c4ccccc4)c4ccccc34)CC2)cc1,1,9,0.9174381722577717,1495
Fc1ccc2[nH]c3c(c2c1)CN(Cc1ccccc1)CC3,0,1,0.23660856851053078,519
COc1ccc(/C=N/NC(=O)CN2CCN(Cc3ccccc3)CC2)cc1,0,10,0.3368934115256799,26
CC(=O)N1N=C(c2ccc3c(c2)OCO3)CC1c1ccc(-c2ccccc2)cc1,1,1,0.6609986235665245,1496
COc1cc(/C=C/c2nnc(-c3ccc(Cl)cc3)o2)ccc1O,1,9,0.8058061168663114,723
CC[N+](CC)(CC)CCOc1ccc(C(=O)NCCCCCC(=O)NNc2c3c(nc4ccccc24)CCCC3)cc1,1,2,0.9648310015737286,772
CCCCC[N+]1(C)CCN(c2ccc(/C=C3\Cc4cc(OC)c(OC)cc4C3=O)cc2)CC1,1,5,0.9008441877456423,1006
CN1CC[C@H]2COc3c(O)cccc3[C@H]21,0,6,0.579371126302833,1087
COc1cc2cc(C(=O)CCC3CC[N+](C)(Cc4ccc([N+](=O)[O-])o4)CC3)sc2cc1OC,1,7,0.9220521568069239,1497
Cc1cccc(C(=O)Nc2ccc3c(c2)CN(C(=O)c2cccc(C)c2)C(=O)C3)c1,1,3,0.949520026528606,90
O=C(Oc1cc(O)c2c(=O)cc(-c3ccc(O)cc3)oc2c1)N1CCCCC1,0,5,0.5057803256988381,1498
c1ccc2c(NCCCCCCCSc3c4c(nc5ccccc35)CCCC4)c3c(nc2c1)CCCC3,1,1,1.0,235
C[C@@H]([C@H]1CC[C@H]2[C@@H]3CC[C@H]4C[C@@H](N(C)C(=O)/C=C/c5ccccc5)CC[C@]4(C)[C@H]3CC[C@]12C)N(C)C,0,8,0.2614128198247325,1499
CCCCCCOC(=O)[C@H](CCC(=O)NCCC1CCN(Cc2ccccc2)CC1)NC(=O)c1cc2cccnc2s1,1,5,0.9170398327802484,1500
CCCCCCCNC(=O)Oc1ccc2c(c1)[C@]1(C)CCN(CCC)[C@@H]1C2,1,3,0.9564269078818558,309
COc1cccc2cc(CN(CCCCCCNc3c4c(nc5ccccc35)CCCC4)Cc3cc4cccc(OC)c4o3)oc12,1,4,0.9815037635371673,1501
COc1cccc(CCCCCCc2cccc(OC)[n+]2C)[n+]1C,1,7,0.7459321667231873,1502
CCN(CC)CCNC(=O)N1c2ccccc2Sc2ccccc21,0,6,0.49607458542547894,311
COc1cc(/C=N/NC(=O)c2ccc(Cl)nc2)ccc1O,1,9,0.7987211954265168,774
CN(C)S(=O)(=O)NC1CCc2c(O)cccc2C1,1,1,0.8072556628354056,531
c1ccc2c[n+](Cc3ccc(C[n+]4ccc5ccccc5c4)cc3)ccc2c1,0,10,0.606850270942343,1503
O=C(NCCC1CCN(Cc2ccccc2)CC1)c1cc(=O)c2cc(O)ccc2o1,1,4,0.9797079669145209,25
COc1ccc(C(=O)c2ccc(CN(C)Cc3ccccc3)cc2)cc1OC,1,4,0.6245437716527156,302
CC1CCc2nc3nc(-c4ccccc4)cc(C(F)(F)F)c3c(N)c2C1,1,10,0.4093267300246601,1504
O=C(NCCCCCCNc1c2c(nc3ccccc13)CCCC2)c1cc2cc(OC(F)(F)F)ccc2oc1=O,1,7,0.9903409387379973,103
CCN(C)C(=O)OCC1CCCN(Cc2ccccc2)C1,0,9,0.26184603880116125,170
COc1ccc([C@H]2C3=C(CC(C)(C)CC3=O)Nc3nc4c(c(N)c32)CCCC4)cc1,1,2,0.7402266669593565,510
CCC1=CC2Cc3nc4cc(Cl)ccc4c(N)c3[C@@H](C1)C2,1,2,0.917274180584587,114
COc1cc(/C=N/O)c(O)c(CN2CCC(CN3CCc4cc(OC)c(OC)cc4C3)CC2)c1,0,9,0.1877727628351978,937
CCN(Cc1ccccc1)Cc1ccc(-c2cc3ccc(OCCNC(=O)CCc4ccc(F)c(F)c4)cc3oc2=O)cc1,1,5,0.8401468070006605,1505
CCOC(=O)C1=C(C)Nc2nc3c(c(N)c2[C@H]1c1ccc(C)cc1)CCCC3,1,6,0.9565550083182811,1
O=C(NCCCCCCCCNc1c2c(nc3ccccc13)CCCC2)c1ccccc1O,1,4,0.9935498120490801,1054
CCOC(=O)C1=C(C)Nc2nc3c(c(N)c2[C@H]1c1ccc([N+](=O)[O-])cc1)CCCC3,1,10,0.9375036852789642,1
CCN(CCCCCC=Nc1cc(O)c(NCCCCCCN(CC)CCc2ccccc2OC)cc1O)CCc1ccccc1OC,1,2,0.9184198579521732,1506
CN(CCCCCOc1ccc2ccc(=O)oc2c1)Cc1cccc(OC(=O)NCCCCCc2ccccc2)c1,1,6,0.9725245138744725,1507
O=C(Nc1ccc(OC(F)(F)F)cc1)OC1CN(C(c2ccccc2)c2ccccc2)C1,1,1,0.6576981163049979,1508
c1ccc2c(NCCCCC[Se][Se]CCCCCNc3c4c(nc5ccccc35)CCCC4)c3c(nc2c1)CCCC3,1,8,0.9955017995210071,1509
Cc1cc(=O)oc2cc(OCc3cc[n+](Cc4ccc(Br)cc4)cc3)ccc12,1,9,0.9561617804336858,175
O=C(NC1CCN(Cc2ccc(F)cc2)CC1)c1cncc(NC(=O)c2ccnc3[nH]ccc23)c1,1,4,0.7949117908142037,391
C[C@@H](c1cccc(OC(=O)NCCc2c[nH]c3ccc(Cl)cc23)c1)N(C)C,1,3,0.7738778802727473,270
CCOC(=O)c1cc2c(OC(=O)N(C)C)cccc2[n+](C)c1,1,4,0.864054002342596,95
O=C(CNCCCc1ccccc1)Nc1ccc2nc3n(c(=O)c2c1)CCC3,1,4,0.9303216054608373,1510
CCCNC(C)C(=O)Nc1c(C)csc1-c1nc(-c2ccccc2)no1,1,9,0.7414820565236889,1511
C#CCCCC[n+]1ccccc1/C=N/O,0,9,0.1045878428062716,46
CC(=O)c1c[n+](Cc2ccccc2C)ccc1CC1Cc2cc(C)c(C)cc2C1=O,1,7,0.9508101881973892,404
Clc1ccc2c(NCCCCCCCNc3c4c(nc5cc(Cl)ccc35)-c3ccccc3C4)c3c(nc2c1)CCCC3,1,1,0.9984770405299204,123
O=C(CCOCCc1c[nH]c2ccccc12)NCCCCCCCNc1c2c(nc3cc(Cl)ccc13)CCCC2,1,3,0.9966537183404527,1512
O=C(COc1ccc(-c2ccccc2)cc1)N1CCC(N2CCOCC2)CC1,0,10,0.22047355389956957,1513
O=S(=O)(c1ccccc1)n1ccc2c(N3CCN(CCCCCCCNc4c5c(nc6ccccc46)CCCC5)CC3)cccc21,1,3,0.9971792900422152,1514
O=c1c2ccccc2nc2n1C(c1cncc3[nH]c4ccccc4c13)CC2O,0,5,0.34091171136454534,1515
c1ccc(-c2ccc(NCCCN3CCc4ccccc4C3)nn2)cc1,0,6,0.18978960784205604,1516
O=C(CCCC[C@@H]1CCSS1)NCCCNc1c2c(nc3cc(Cl)ccc13)CCCC2,1,4,0.9842345358355145,578
Fc1ccc(C(c2ccc(F)cc2)N2CCN(CCN3CCCCC3)CC2)cc1,1,8,0.6810336557829456,1517
O=S(=O)(c1ccccc1)n1ccc2c(N3CCN(CCCCCNc4c5c(nc6ccccc46)CCCC5)CC3)cccc21,1,9,0.9948734889845056,1518
C/C=C(\C)C(=O)N[C@@H]1[C@H](O)C2CC[C@H]3C4=CC[C@H]([C@H](C)N(C)C)[C@@]4(C)CC[C@@H]3[C@@]2(C)C[C@@H]1O,0,7,0.1004400781082594,1224
C=CC[N+](C)(C)c1cccc(OC(C)=O)c1,1,1,0.48417447729112856,17
Cc1cc[n+](C/C=C/C[n+]2ccc(C)cc2)cc1,1,9,0.38567818221919287,188
CCOc1ccc(Cc2nc3cc(C(=O)N(CC)CC)ccc3n2CCOCCOCCNc2c3c(nc4ccccc24)CCCC3)cc1,1,7,0.9658425025836682,1519
O=C1c2cccc([N+](=O)[O-])c2C(=O)N1CCC1CCN(Cc2ccccc2)CC1,1,6,0.9668158167415555,345
Cc1nc(C(=O)NCCCCCCCCNc2c3c(nc4ccccc24)CCCC3)cc2c1[nH]c1ccccc12,1,10,0.9944794304875305,1520
CCCC(C)n1cc(C(=O)C(F)(F)F)cn1,1,4,0.6310332316855515,528
Nc1c2c(nc3ccc(-c4cccs4)cc13)CCCC2,1,1,0.7985729228727872,889
O=C(CN1CCN(C(=O)c2ccc(Br)cc2)CC1)N1CCN(CCCc2c[nH]c3ccccc23)CC1,0,3,0.0320671680191579,36
CC(C)(C)c1cc[n+](/C=C2\C=CC3=CC/C(=C\[n+]4ccc(C(C)(C)C)cc4)C=C3C2)cc1,1,10,0.6319645093280756,1521
C#CCN(CC)C1CCc2ccc(OC(=O)N(C)C)cc21,0,1,0.2734940557352633,2
C/C=C1\[C@H]2C=C(C)C[C@]1(/N=C/c1ccc(OC)cc1OC)c1ccc(=O)[nH]c1C2,1,7,0.8631420437886856,350
COc1ccc2c3c1O[C@H]1C[C@@H](O)C=C[C@@]31CCN(C=O)C2,0,10,0.7636995495522928,128
COc1cc(O)c2c(c1)C(=O)c1cc(O)c(O)cc1CCN2,0,1,0.32749890407965176,1522
Cc1c(C)c2ccc(OCCN3CCN(CCCNc4c5c(nc6ccccc46)CCCC5)CC3)cc2oc1=O,1,7,0.9706240143973256,612
CN(C)c1ccccc1CNCCCCCCCCNc1c2c(nc3ccccc13)CCCC2,1,9,0.9914626378895891,1523
CCCC(C)n1cc(C(=O)C(F)F)cn1,1,3,0.5955343421276501,528
O=C(/C=C/c1ccc(-c2ccccc2)cc1)Nc1nc2ccc(O)cc2s1,1,9,0.5876901580247139,1524
CCN(C)C(=O)Oc1cccc(CNCCc2c[nH]c3cc(F)ccc23)c1,0,7,0.5907947104333308,1525
CCN(CCCCCC=Nc1cc(O)c2ncccc2c1O)Cc1ccccc1OC,1,4,0.7472105348471443,1526
CN(C)C(=O)Oc1ccc2c(c1)C(N)CC2,1,9,0.3665681392191113,2
Brc1ccc(CN2CCN(c3nccc(NCc4ccccc4)n3)CC2)cc1,0,3,0.07382250992282753,440
Cc1cccc([N+](=O)[O-])c1,1,6,0.6001624429037471,17
CCNC(=O)Oc1ccc2c(c1)[C@@]1(C)CO[C@H](C1)O2,1,2,0.6680449575456481,1527
Cc1ccccc1NC1=C([N+](=O)[O-])C2(NN1)C(=O)Nc1ccc(Br)cc12,0,10,0.23931860108094946,793
COc1cc2cc(C(=O)C3CC[N+](C)(Cc4ccccc4)CCC3OC)sc2cc1OC,1,10,0.890407617999082,1207
O=C(C[n+]1cccc(/C=N/O)c1)Nc1nccs1,0,10,0.0882882604213069,1094
O=C(OC[C@H]1O[C@@H](OC(=O)c2cc(O)c(O)c(O)c2)[C@H](OC(=O)c2cc(O)c(O)c(O)c2)[C@@H](OC(=O)c2cc(O)c(O)c(O)c2)[C@@H]1O)c1cc(O)c(O)c(O)c1,0,1,0.38820988173153836,1528
O=c1ccc2cc(/N=C/c3ccc(Cl)cc3)ccc2o1,1,10,0.8601918793546813,82
CC(=O)N(C)CCC1CCN(Cc2ccccc2)CC1,1,5,0.7603556524790869,170
CN(C)c1ccc2nc3ccc(=[N+](C)C)cc-3sc2c1,1,7,0.47535121109638934,1529
COc1cccc(OC)c1C(C)NS(N)(=O)=O,1,2,0.745772651870842,17
COc1ccc(NC(=S)NNc2c3c(nc4ccccc24)CCCC3)cc1,1,7,0.8595707804958327,15
O=C(NCCC1CCN(Cc2ccccc2)CC1)c1coc2cc(OCc3ccccc3)ccc2c1=O,1,8,0.8672157457357016,1530
COc1cc2c(cc1OC)C(=O)C(Cc1cc[n+](Cc3ccccc3)cc1C(C)=O)C2,1,9,0.9824151015611885,404
COc1cc(CNC(=O)CCCCCCCNc2c3c(nc4cc(Cl)ccc24)CC2C=C(C)CC3C2)ccc1O,1,8,0.9982991085642959,1531
C#CCCCOC[n+]1ccn(C)c1/C=N/O,0,9,0.0332975241657339,154
COc1ccc(-c2nc(NC3CCN(Cc4ccc(C)cc4)CC3)sc2-c2ccc(OC)cc2)cc1,1,1,0.8419637897191327,118
C#CCNC(C)Cc1cccc(OC(=O)N(C)CCC)c1,0,3,0.15645114582651018,17
COc1cc2c(cc1OC)C(=O)C(Cc1cc[n+](Cc3ccccc3)cc1)C2,1,7,0.9368047433329291,404
O=C(/C=N/O)c1cccnc1OCC1CCN(Cc2ccccc2)CC1,1,7,0.3810471747757955,1532
CCN(CCCCCCN1CC(=O)N(CCCCCCN(CC)Cc2ccccc2OC)CC1=O)Cc1ccccc1OC,1,4,0.9207372278984061,1533
CCN(CC)Cc1ccc(C=C2Cc3cc(OC)ccc3C2=O)cc1,1,6,0.7643540089250048,211
CNC(=O)Oc1cccc(CN(C)CCCOc2ccc(-c3ccccc3)cc2)c1,1,9,0.865858048699074,1534
CCOC(=O)C1=C(C)Nc2nc3c(c(N)c2[C@H]1c1ccc(F)cc1)CCCC3,1,2,0.9385233335159672,1
COc1ccc2nc3c(c(N)c2c1)CCCCC3,0,5,0.609039120655169,663
CNC(=O)Oc1cccc(CN(C)CCCOc2ccc3c(=O)cc(-c4ccccc4)oc3c2)c1,1,5,0.9492587572114661,1535
Cc1cc(=O)oc2cc(OCc3cc[n+](Cc4ccc(F)cc4)cc3)ccc12,1,10,0.9510518706351027,175
CC(=O)N(CCC1CCN(Cc2ccccc2)CC1)c1ccncc1,1,8,0.8577653098294066,1536
CCN(CCCCCCNC1=CC(=O)C(NCCCCCCN(CC)CCc2ccccc2OC)=CC1=O)CCc1ccccc1OC,1,5,0.8869653531836744,1537
c1ccc2c(c1)[nH]c1ccncc12,0,8,0.283297510330431,582
CC[N+](CC)(CCCCCn1c(=O)cc(C)n(CCCCCCn2c(C)cc(=O)n(C)c2=O)c1=O)Cc1ccccc1C(F)(F)F,1,4,0.9581004630090945,1045
O=C(NCCCCCCCCCCNc1c2c(nc3ccccc13)CCCC2)c1cc(=O)c2ccccc2o1,1,5,0.9997563297676466,482
O=C1/C(=C/c2ccc(N3CCCC3)cc2)CC/C1=C\c1ccc(N2CCCC2)cc1,0,7,0.407362989438551,1538
COc1cc2cc(C(=O)CCC3CC[N+](C)(CC(=O)OC(C)(C)C)CC3)sc2cc1OC,1,3,0.8949385013122196,484
Cc1c(/N=C/c2ccccc2O)cc2c(c1N)C(C)(C)CC2(C)C,0,3,0.43351980649402977,1539
COc1ccc2c3ccnc(C)c3n(CC3CC(c4ccccc4)=NO3)c2c1,0,1,0.5334013561853294,1540
C[C@@H](c1cccc(OC(=O)NCCCCCNc2c3c(nc4ccccc24)CCCC3)c1)N(C)C,1,7,0.995374466877369,549
COc1cc(/C=C/C(=O)NCC(=O)Nc2cccc(C)c2)ccc1O,0,3,0.08383036111972653,143
O=c1c(O)c(-c2ccc(O)c(O)c2)oc2cc(O)cc(O)c12,0,5,0.3670405292451668,158
O=S(=O)(/N=C(\NCCCCCCCNc1c2c(nc3ccccc13)CCCC2)N1CC(c2ccccc2)C(c2ccc(Cl)cc2)=N1)c1ccc(Cl)cc1,1,4,0.9412780091952045,1541
COc1cc(CNC(=O)CCCCCCCCNc2c3c(nc4cc(Cl)ccc24)CC2C=C(C)CC3C2)ccn1,1,2,0.9694171035288752,1542
CCN(CC)CCNC(=O)c1ccc(N)cc1,1,2,0.40497751237841717,17
S=C(NNc1c2c(nc3ccccc13)CCCC2)Nc1ccc(Br)cc1,1,7,0.8973522300662681,15
COc1ccc2c3c([nH]c2c1)C(C)=NCC3,0,1,0.336545282490663,1543
CC[n+]1ccc(CCC(=O)c2cc3cc(OC)c(OC)cc3s2)cc1,1,7,0.8804227948965143,812
O=C1N/C(=N\c2ccc3oc(=O)ccc3c2)S/C1=C/c1ccccc1,1,4,0.8450280767172791,216
CCN(CCCCCCNC1=CC(=O)c2ccccc2C1=O)Cc1ccccc1OC,1,3,0.8880893438454869,1544
COc1ccc(-c2cc3c(c(=O)o2)C(=O)C2[C@@]4(C)CC[C@H](O)[C@@](C)(CO)C4C[C@H](O)[C@@]2(C)O3)cc1,0,2,0.21197774990203405,1306
Cc1cc(=O)oc2cc(OCCN3CCN(CC(=O)Nc4c5c(nc6ccccc46)CCCC5)CC3)ccc12,1,4,0.7501377768179024,1545
O=C(CCC1CCN(Cc2ccccc2)CC1)c1ccc2c(c1)CCCCN2,1,9,0.9502613138442689,1546
c1ccc2c(NCCCCC[Se]CCCCCNc3c4c(nc5ccccc35)CCCC4)c3c(nc2c1)CCCC3,1,7,0.9944176093800615,1547
O=C1c2ccccc2C(=O)C12N1CSC[C@@H]1[C@@H](c1cccs1)[C@@]21CSc2ccccc2C1=O,0,9,0.10314112778780392,1548
Cc1nc(N)ncc1-c1nnnn1-c1ccc(-c2ccccc2)cc1,0,9,0.44811548252636574,1549
COC(=O)c1c(C)cc(O)c(Cc2c(O)cc(C)cc2O)c1O,0,7,0.25664433953389043,190
COc1ccc2sc3c(C)ccc(NCCC4CCN(C)CC4)c3c(=O)c2c1,0,6,0.7480380666417524,1550
CC/C(=C(/CC)c1ccc(O)cc1)c1ccc(O)cc1,0,8,0.33521755529434094,1551
CC/N=C1/CCc2c1n(C)c1ccc(OC(=O)NC)c(Br)c21,1,6,0.84289422895929,162
COc1cc2c(cc1O)CCC(C)(CC(=O)NCCCCCCCNc1c3c(nc4ccccc14)CCCC3)O2,1,9,0.9941853123477044,1264
Fc1cc(C(F)(F)F)ccc1CNCCCCCCCCNc1ccnc2cc(Cl)ccc12,1,8,0.9819311944286802,71
CNC(=O)c1sc(-c2ccnc(NC(=O)C3CC3)c2)nc1OCCc1cn(CCNc2c3c(nc4ccccc24)CCCC3)nn1,1,8,0.9898224526975173,1552
CCN1CCN(Cc2ccc(NC(=O)c3cc4cc(Br)ccc4oc3=O)cc2Cl)CC1,1,3,0.6567112557531508,130
CN(C)CCCCCCCCCCCCNc1c2c(nc3ccccc13)CCCC2,1,6,0.9540327465101689,141
COc1cc2c(cc1OC)C(=O)C(Oc1ccc(C(C)N(C)C)cc1)C2,1,5,0.8487784377179348,634
COc1cc2c(cc1OC)C(=O)/C(=C/c1ccc(N3CC[N+](C)(Cc4ccccc4)CC3)cc1)C2,1,3,0.8458003295257089,604
Oc1cccc(CCCCCCCCNc2c3c(nc4cc(Cl)ccc24)CCCC3)c1,1,6,0.9881424113862791,32
COc1cc2c(cc1OC)C(=O)C(CC1CCN(Cc3ccccc3Cl)CC1)C2,1,5,0.9316014726755736,23
CN(CCCOc1ccc2ccc(=O)oc2c1)Cc1cccc(OC(=O)NC2CCCCC2)c1,1,8,0.9425266453486292,1553
CNC(=O)Oc1ccc2c(c1)CC[C@@H]1CCN(C)[C@H]21,1,10,0.724753268318621,1483
Cc1ccc(-c2noc(-c3cccc(OCC4CCN(Cc5ccccc5)CC4)c3)n2)cn1,1,4,0.881748703472346,459
O=C(Cc1cc(=O)oc2cc(O)ccc12)N/N=C1\SCC(=O)N1c1c2c(nc3ccccc13)CCCC2,0,1,0.7819324295946986,1554
Cc1cc(=O)oc2cc(OCCCN(C)Cc3cccc(OC(=O)NCCCCCc4ccccc4)c3)ccc12,1,8,0.9791261387958745,1137
CC(=O)NCCc1c[nH]c2ccc(OC(=O)NCCNc3c4c(nc5cc(Cl)ccc35)CCCC4)cc12,1,4,0.9457931819149623,1555
CN1CCN(c2nccc(NCc3ccccc3)n2)CC1,0,7,0.030366723914882043,385
O=C(CCC1CCN(Cc2ccccc2)CC1)c1ccc2c(c1)NCC2,1,7,0.9496504561811318,1556
CO[C@]1(c2cn(O)c(=O)c(C(=O)[C@H]3[C@@H]4CC[C@@H](C)C[C@H]4C=C[C@H]3C)c2O)CC[C@@H](O)[C@H]2O[C@H]21,1,5,0.22134230582270067,1557
O=C(NCCCCCCCCNc1c2c(nc3cc(Cl)ccc13)CCCC2)c1ccc2nc(-c3ccc(Cl)cc3)c3c(c2c1)OCCC3,1,7,0.9912191756536275,1558
Cc1cccc2sc(NC(=O)CCN3CCN(CCN(C(C)C)C(C)C)CC3)nc12,1,8,0.48374549572781406,866
CN(CCCCCN1C(=O)c2ccccc2C1=O)Cc1ccccc1,1,1,0.8377292405880036,289
C[C@]12CC[C@H](O)[C@@](C)(CO)C1C[C@H](O)[C@@]1(C)Oc3cc(-c4ccc(Cl)nc4)oc(=O)c3C(=O)C21,0,6,0.1985954659756189,1559
Fc1ccccc1-c1ccc(N[C@H]2C[C@@H]3CN(CC4CCOCC4)C[C@@H]3C2)nn1,1,7,0.5075202959812227,1560
O=C(NCCCCCCNc1c2c(nc3ccccc13)CCCC2)Oc1ccc2cc[nH]c2c1,1,5,1.0,1221
CN1CC2C(=O)N(c3ccc(Cl)cc3)C(=O)C2C12C(=O)c1ccccc1C2=O,0,10,0.07397084737293175,244
Cc1cccc(N/C=C/C(=O)c2cc3ccccc3o2)c1,1,2,0.8637377604702389,195
C#CCNC(C)Cc1cccc(OC(=O)N(C)CC)c1,0,7,0.19710917522480423,17
FC(F)(F)Oc1ccc(CNC2CCN(Cc3ccccc3)C2)cc1,1,3,0.9206117869965306,110
COc1ccc(C(F)(F)F)c[n+]1CCCCCO,0,8,0.250591318783685,46
O=C1/C(=C/C2CCN(Cc3ccccc3)CC2)Cc2cccc(O)c21,1,6,0.5791548964555984,360
Cc1cccc(O)c1,1,4,0.6551709524860015,17
COc1ccc(-c2csc(NC(=O)C[n+]3ccc(/C=N/O)cc3)n2)cc1,0,8,0.15641042490226492,856
CN(CCCCCCCOc1cccc(-c2oc3ccccc3c2C(=O)c2ccccc2)c1)Cc1ccccc1,1,2,0.22614293659300302,1561
COc1ccc(-c2nc(NC(=O)C3CCN(Cc4ccccc4C(F)(F)F)CC3)sc2-c2ccc(OC)cc2)cc1,1,2,0.8908805727380408,699
CC(C)(C)[Si](C)(C)O[C@H]1C=C2CCN3Cc4cc5c(cc4[C@H]([C@@H]1O)[C@@H]23)OCO5,1,9,0.6753335739270119,207
Cc1ccc(-c2[nH]ncc2-c2cc(OCC(=O)Nc3ccc(Cl)cc3)ccc2O)cc1,1,3,0.8537002426409714,773
COc1cc2c(cc1OC)C(=O)C(Cc1ccc(CN(C)C)cc1)C2,1,7,0.8925222530095158,372
c1cc[n+](CCCCCCCCCCC[n+]2ccccc2)cc1,1,1,0.5111220228765577,1418
c1ccc2c(NCCCCCCCCN3CCOCC3)c3c(nc2c1)CCCC3,1,9,0.9920428059782325,1562
COc1ccc(-c2nc(SC)n(C(=O)N(C)C)n2)cc1,1,7,0.8330162726591737,183
CN(C)c1ccc(/C=C2/CCC/C(=C\c3ccc(N(C)C)cc3[N+](=O)[O-])C2=O)c([N+](=O)[O-])c1,0,10,0.678541267712037,1563
CN1CC[C@@]2(C)c3cc(OC(=O)Nc4ccccc4)ccc3N(C=O)C12,1,3,0.8361768531766302,44
Fc1ccc2c(NCCCCCCNc3c4c(nc5cc(F)ccc35)CCCC4)c3c(nc2c1)CCCC3,1,10,0.9956522794215664,883
Cc1c(C)c2ccc(OCCCCN(C)Cc3ccccc3)cc2oc1=O,1,1,0.814683861119371,1564
CCCCCCCNC(=O)Oc1ccc2c(c1)C1CCN(CC)C2C1,1,1,0.954828540132306,676
C[C@@H]1CC[C@]2(C(=O)NCc3ccccc3)CC[C@]3(C)C(=CC[C@@H]4[C@@]5(C)C[C@@H](O)[C@H](O)[C@@](C)(CO)[C@@H]5CC[C@]43C)[C@@H]2[C@]1(C)O,0,6,0.03498248071426498,355
COc1cc2cc(-c3ccc(CN(C)Cc4ccc(C)cc4)cc3)c(=O)oc2cc1OC,1,10,0.8476332172401138,206
CC1=C(C(=O)OCCN(C)C)C(c2ccccc2)c2c(nc3c(c2N)CC(F)(F)CC3)N1,1,7,0.8681254307504397,1
CCC1=CC2Cc3nc4ccccc4c(N)c3C(C1)C2,1,8,0.893048579819205,114
CC(=O)n1c2c(c3ccccc31)Oc1nc(C)[nH]c(=O)c1C2c1ccccc1[N+](=O)[O-],0,4,0.3342352565833162,1231
COc1cc(OC)c2c(=O)cc(C(=O)NCCC3CCN(Cc4ccccc4)CC3)oc2c1,1,7,0.9540662234082873,25
CC(=O)Nc1cc(O)c(C(=O)CCC2CCN(CC3CCCCC3)CC2)cc1Cl,1,10,0.863498023356088,31
CC(C)c1ccc(NC(=O)Oc2ccc3c(c2)[C@]2(C)CCNC2N3C)cc1,1,7,0.9062391411667047,44
NS(=O)(=O)c1ccc(NCc2cccc(Cl)c2O)cc1,1,6,0.5989292126637749,1565
N#Cc1c(N)nc(NCCCC2CCN(Cc3ccccc3)CC2)c(C#N)c1-c1ccccc1,1,2,0.9410588771134509,1566
CNC(=O)Oc1cccc2c1CCC1CCN(C)C21,1,7,0.7806856169141141,1483
COc1ccc([N+](=O)[O-])c[n+]1C,0,4,0.37073796516936514,46
COc1cccc2n1cc(-c1cccc(OC(=O)N(C)C)c1)[n+]2C,0,2,0.30444065495986933,5
COc1cc2cc(C(=O)CCc3cc[n+](CC4CCC4)cc3)sc2cc1OC,1,5,0.942392970335947,1567
Cc1ccc(NC(=O)Oc2ccc3c(c2)[C@]2(C)CCN(C)[C@@H]2N3C)c(C)c1,1,4,0.9449265840336574,44
Cc1ccc([C@H]2C3=C(CC(C)(C)CC3=O)Oc3nc4c(c(N)c32)CCCC4)cc1,0,4,0.3990451557815618,24
CCN(CCCCCC=Nc1cc(O)c(NCCCCCCN(CC)Cc2ccccc2OC)cc1O)Cc1ccccc1OC,1,4,0.9854552086108733,75
CCN(CCCN1CCN(CCNc2c3c(nc4ccccc24)CCCC3)CC1)C1CCCCC1,1,2,0.976594476674832,1161
O=C1C(Cl)=C(NCCNc2c3c(nc4cc(Cl)ccc24)CCCC3)C(=O)c2ccccc21,1,4,0.9876829847387621,485
CCN1CCc2cc(C(=O)CCC3CCN(Cc4ccccc4)CC3)ccc21,1,8,0.9885913452503826,43
COc1cccc([C@H]2C3=C(CC(C)(C)CC3=O)Oc3nc4c(c(N)c32)CCCC4)c1,0,5,0.18376107072511347,24
CCN(CC)Cc1ccc(CNCCN2CCNC2=C(C#N)C#N)o1,1,2,0.8234826870246743,1289
Cc1c(C)c2ccc(OCCCCCNCc3ccccc3)cc2oc1=O,1,7,0.9114474074441055,1568
COc1ccc2c(c1OC)CC(C)C2=O,1,8,0.7736970565314281,89
CCCCCCCNC(=O)Oc1ccc2c(c1)[C@]1(C)CCN(C)[C@@H]1N2C,1,6,0.9050441859055037,37
CC1=C[C@H]2Cc3[nH]c(=O)ccc3[C@@]3(C1)[C@@H]2[C@H](Cl)CCN3C,0,1,0.4846364545163916,1569
CCCCCCOC(=O)[C@H](CCC(=O)NCCC1CCN(Cc2ccccc2)CC1)NC(=O)c1cc(Br)cs1,1,8,0.9397190876379394,1332
CCC1=CC2Cc3nc4ccc(Cl)cc4c(N)c3C(C1)C2,1,5,0.794199302647406,114
CCN(CCCCCC(=O)Nc1ccc(Cc2ccc(NC(=O)CCCCCN(CC)Cc3ccccc3OC)cc2)cc1)Cc1ccccc1OC,1,4,0.8951260494995185,1570
Cc1ccc(-c2noc(-c3cccc(OCC4CCN(Cc5cccc(F)c5)CC4)c3)n2)cn1,1,6,0.8642511596595688,459
COc1cc(O)c2c(=O)cc(C(=O)NCCCCCCCCCCNc3c4c(nc5ccccc35)CCCC4)oc2c1,1,10,0.9874386479128956,482
COc1ccc(CN2CCC(CCN3C(=O)c4ccc([N+](=O)[O-])cc4C3=O)CC2)cc1,1,7,0.8829828891651718,345
O=S(=O)(Nc1ccc2c(CCC3CCN(Cc4ccccc4)CC3)noc2c1)c1ccccc1,1,3,0.9416999236054422,1571
C[C@]12CC[C@H](O)[C@@](C)(CO)C1C[C@H](O)[C@@]1(C)Oc3cc(-c4cccnc4)oc(=O)c3C(=O)C21,0,2,0.16679570865811882,1559
CCC1=CC2Cc3nc4cc(Cl)cc(Cl)c4c(N)c3C(C1)C2,1,7,0.7536299592685886,114
O=C1c2c(sc3c2CCCCC3)OC(c2ccc(Cl)cc2)N1c1ccccc1,1,10,0.4567500996115107,585
c1ccc(NCCCCCCCCCCCCNc2c3c(nc4ccccc24)CCCC3)cc1,1,5,0.9899143103615035,1572
O=C(c1ccccc1)N(CCC1CCN(Cc2ccccc2)CC1)c1ccccc1,1,9,0.9341111319025217,885
COc1ccc2cc(C(=O)NCCCCCCCNc3c4c(nc5ccccc35)CCCC4)c(=O)oc2c1,1,9,0.9792740439258326,375
CN(CCOCCNC(=S)Nc1ccc(OC(F)(F)F)cc1)Cc1ccccc1,1,4,0.8145455636014521,1573
O=C(CCC1CCN(Cc2ccccc2)CC1)c1ccc2c(c1)CCN2,1,7,0.9190643723592785,43
CNCCC(Oc1ccc(C(F)(F)F)cc1)c1ccccc1,1,3,0.4058844875197789,1574
c1ccc(CN2CCC(CNc3nsc4ccccc34)CC2)cc1,1,5,0.824922291071476,1575
COc1ccc2c(c1OC)c1c3c4c(cc5c(c42)OCO5)CCN3C(=O)C1=O,0,8,0.3444810416871582,551
CN(Cc1ccccc1)Cc1ccc(COc2ccc3c(CO)cc(=O)oc3c2)cc1,1,10,0.7913266723122222,68
CNC(=O)Oc1cccc(CN(C)CCCCCCCOc2ccc(-c3cc4ccccc4oc3=O)cc2)c1,1,9,0.8675212754924735,1576
c1ccc2c(NCCCCCCCCCSc3c4c(nc5ccccc35)CCCC4)c3c(nc2c1)CCCC3,1,6,0.9986023997116227,1577
O=C1C=C(NCCCNc2c3c(nc4ccccc24)CCCC3)C(=O)c2ccccc21,1,10,0.9829677900852968,377
Nc1c2c(nc3c1C(c1cccc(Br)c1)NC(=S)N3)CCCC2,1,1,0.3136770339122363,66
CNC(=O)c1sc(-c2ccnc(NC(=O)CNCCCCNc3c4c(nc5ccccc35)CCCC4)c2)nc1OCC1CC1,1,1,0.9940042887294602,1578
COc1cc2c(cc1OC)SC(C(=O)CC(O)C1CC[N+](C)(Cc3ccccc3)CC1)C2,1,7,0.7895589662136644,1579
COc1cc(N)c(Cl)cc1C(=O)CCC1CCN(CC2CCNCC2)CC1,1,3,0.9369511701172066,1580
CCOc1ccc(Cc2nc3cc(C(=O)N(CC)CC)ccc3n2CCNc2c3c(nc4ccccc24)CCCC3)cc1,1,5,0.9844487694796931,1581
CCCNC(C)C(=O)Nc1c(C)csc1-c1nc(-c2ccccc2N)no1,1,7,0.7265754114872863,1511
COc1cc2cc(C(=O)C3CCC[N+](C)(CCOc4ccccc4)CC3)sc2cc1OC,1,8,0.8587194966938048,1582
C#CCN[C@@H]1CCc2ccccc21,1,9,0.26294593661020577,2
CCOC(=O)C1C(C)=Nc2nc3c(c(N)c2C1c1ccc([N+](=O)[O-])cc1)CCCC3,1,5,0.8262339381901165,74
O=C(CCC1CCN(Cc2ccc(Cl)cc2)CC1)c1cc2c3c(ccn3C(=O)CC2)c1,1,7,0.9735832566144735,178
COc1ccc(CCNc2c3c(nc4cc(Cl)ccc24)CCCC3)cc1OC,1,5,0.9576740164468528,1583
COc1ccc2oc(C(=O)NCCC3CCN(Cc4ccccc4)CC3)cc(=O)c2c1,1,10,0.9769301002224644,25
COc1ccc(/C=N/NC(=O)c2ccc(Cl)nc2)cc1OC,1,8,0.7595123614001756,774
COc1cc(N)c(Cl)cc1C(=O)CCC1CCN(CC2CCCC2)CC1,1,2,0.9908159086358385,1584
CN(C)C(=O)Oc1ccc[n+](C)c1,1,7,0.5117391541643582,46
CNc1ccccc1-c1nc(C(N)=O)cs1,0,10,0.2918508976220062,597
CC1=CC2Cc3nc4cc(Cl)ccc4c(N)c3C(C1)C2NC=O,1,2,0.7597215560410858,114
CN(C)Cc1ccc(CSCc2ccc(-c3ccc(CSCc4ccc(CN(C)C)o4)cc3)cc2)o1,1,8,0.7644335372668404,1585
N#Cc1ccc(C(=O)n2cc(/C=C3\CN(Cc4ccccc4)CCC3=O)c3ccccc32)cc1,0,8,0.08262784624628317,434
COc1cc2cc(C(=O)CC3=CC[N+](C)(Cc4ccccc4)CC3)sc2cc1OC,1,8,0.8230877087272901,1586
Cc1ccc(-c2c3ccccc3[n+](C)c3ccccc23)cc1,0,10,0.14151277592201816,113
Fc1ccc(CNC2CCN(Cc3ccccc3)CC2)c(F)c1,1,6,0.8006592960478852,160
COc1cc2c(cc1OC)SC(CC1CC[N+](C)(Cc3ccccc3)CC1)C2,0,7,0.7642608865053946,1587
CC(C)(C)c1cc(/C=C/C(=O)NCCC2CCN(Cc3ccccc3F)CC2)cc(C(C)(C)C)c1O,1,4,0.8097083440332402,50
CCOC(=O)/C(=N\Nc1cccc(C)c1)C(=O)C(F)(F)F,0,6,0.40604933249772285,17
COc1cc2nc3ccccc3c(Nc3ccc(C(=O)NO)cc3)c2c(OC)c1OC,1,10,0.7335433546173793,558
Nc1cc(OCCF)c(C(=O)CCC2CCN(CC3CCCCC3)CC2)cc1Cl,1,7,0.9323823690313471,31
CC(C)(C)c1cc[n+](CCCCCCCCC[n+]2ccc(C(C)(C)C)cc2)cc1,1,8,0.792760867565609,1588
Brc1ccc(/C=C2/CNCC3=C2N=C2SC=C(c4ccc5ccccc5c4)N2C3c2ccc(Br)cc2)cc1,1,9,0.6483428659418495,1589
CN(C)CCN1CCN(Cc2ccc(C(=O)Nc3nc4ccccc4s3)cc2)CC1,1,5,0.6767230704793143,1590
COc1ccc(-c2ccc(/C=N/N3CC(=O)N(CCC4CCN(Cc5ccccc5)CC4)C3=O)o2)cc1,1,2,0.870946918013441,1097
CN(C)c1ccc(/C=C2\CCc3ccccc3C2=O)c([N+](=O)[O-])c1,0,3,0.5046522690537962,313
C[n+]1ccc(/C=N/O)cc1,0,9,0.07272199956117878,46
CCOC(=O)C1=C(C)Nc2nc3c(c(N)c2[C@@H]1c1ccccc1OC)CCCC3,1,6,0.863943236590558,1
Cc1c(C)c2ccc(OCC3CCN(Cc4cccc(F)c4)CC3)cc2oc1=O,1,9,0.863664133113181,1049
CCN(CC)CCCCOc1ccc2c(c1)C(=O)/C(=C/c1ccc(CN(C)Cc3ccccc3)cc1)C2,1,7,0.8861712542249395,203
O=C(CN1CCN(C(=O)c2ccccc2F)CC1)N1CCN(CCCc2c[nH]c3ccccc23)CC1,0,2,0.09596610250301386,36
O=C1C2=C(C3=NCCc4c[nH]c1c43)C1(C=CN2)C=C(Br)C(O)C(Br)=C1,0,5,0.20015756529067044,1591
COc1cc(/C=C/C(=O)NCC(=O)Nc2ccc(C#N)cc2)ccc1O,0,5,0.07008366647296775,143
Cc1ccc(N)cc1,1,6,0.6923968053406507,17
CN(C)C(=O)Oc1cccc2c1cc(C(=O)NCCOCCOCCN1C(=O)c3ccccc3C1=O)c[n+]2C,1,7,0.7869600549581104,1592
c1ccc2c(NCCCN3CCN(CCCNc4c5c(nc6ccccc46)CCCC5)CC3)c3c(nc2c1)CCCC3,1,1,0.9969540810598406,1593
CN(CCCOc1ccc2ccc(=O)oc2c1)Cc1cccc(OC(=O)NCCCCCCCN2CCOCC2)c1,1,8,0.9561520728904244,1594
C#CCN(C)C(C)Cc1cccc(OC(=O)N(C)CCC)c1,0,5,0.18363529695890288,17
O=C(Nc1cccc(C2=NCCN2)c1)Nc1cccc(C2=NCCN2)c1,1,7,0.3603491180092683,1595
O=c1c(O)c(-c2ccc(Cl)cc2)oc2cc(F)c(I)cc12,1,3,0.7155547080019151,158
CN(C)c1ccc(C(=O)NCCCCNc2c3c(nc4ccccc24)CCCC3)cc1,1,3,0.9894707538830346,1389
O=C(NCCCCCCCCNc1c2c(nc3cc(Cl)ccc13)CCCC2)c1ccc2nc(-c3ccc(Cl)cc3)c3c(c2c1)NCCC3,1,7,0.9949509029884434,1596
CCOC(=O)C1=C(C)Nc2nc3c(c(N)c2[C@H]1c1cccc(OC)c1)CCCC3,1,1,0.8393521230136162,1
O=C1c2ccccc2C(=O)C12N1CSC[C@@H]1[C@@H](c1ccc(Br)cc1)[C@@]21CSc2ccccc2C1=O,0,5,0.023614298794865533,426
CCN(CCCCCC=Nc1c(O)c(F)c(NCCCCCCN(CC)Cc2ccccc2OC)c(O)c1F)Cc1ccccc1OC,1,7,0.8596868143085593,75
COc1cc(C(C)N(C)C)c2c(c1)oc(=O)c1ccccc12,0,1,0.3237311691000048,521
COc1cc(/C=C/C(=O)N2CCc3ccccc3C2)ccc1OC(=O)N(C)C,0,2,0.08106072271654516,1102
CN(C)C1CCC(CCN(CCCc2c[nH]c3ccccc23)CCC2CCCCCC2)CC1,0,10,0.4175536668289206,1597
COc1cc2c(cc1OC)C(=O)/C(=C/c1ccc(O)c(CN(C)C)c1)O2,1,7,0.3037215854366391,106
O=C(Cn1nc(-c2ccccc2)c(-c2ccccc2)nc1=O)Nc1ccc(F)cc1,1,6,0.8831191008022709,117
O=c1c2ccccc2nc2n1CCC2O,0,4,0.3839425195120224,261
C#CC(C)NCCc1cccc(OC(=O)N(C)CC)c1,0,5,0.29752266755908713,17
N#Cc1cc2c(cn1)[nH]c1ncc(-c3ccc(CN4CCOCC4)cc3)cc12,0,9,0.9045313845150891,1598
CCN(CC)CCCCCCCOc1ccc(C(=O)c2ccc(CN(C)Cc3ccccc3)cc2)cc1,1,2,0.8663474419320268,302
CC(C)(C)OC(=O)N[C@@H](CCC(=O)NCCNc1c2c(nc3ccccc13)CCCC2)C(=O)NCCNc1c2c(nc3ccccc13)CCCC2,1,3,0.9536328520339256,1441
CCCCCCOC(=O)[C@H](CCC(=O)NCCC1CCN(Cc2ccccc2)CC1)NC(=O)c1cc2ccccc2s1,1,8,0.9198375432530322,1599
COc1ccc(NCC(=O)Nc2ccc3oc(=O)ccc3c2)cc1,1,8,0.7235682965328588,457
c1cc2cc3c(cc2c([C@H]2Oc4ccc5c(c4O2)OCO5)n1)OCO3,0,7,0.24260410035224259,1600
COc1ccc2[nH]c(C(=O)NCCC3CCN(Cc4ccccc4)CC3)cc(=O)c2c1,1,2,0.9615477062721868,590
CN1CCN(CC2Cc3ccccc3C2=O)CC1,1,1,0.6798111456166805,1601
CCN(CC)Cc1cccc(C(=O)c2c(-c3ccc(OCCCCCCCN(C)Cc4ccccc4)cc3)oc3ccccc23)c1,0,10,0.1683426842262203,116
C[C@@H]([C@H]1CC[C@H]2[C@@H]3CC[C@H]4C[C@@H](NC(=O)c5ccccc5)CC[C@]4(C)[C@H]3CC[C@]12C)N(C)C,0,3,0.340167435200095,1602
COc1cc(O)c2c(c1)C[C@@H]1c3c(cc4c(c3-2)OCO4)CCN1C,0,2,0.24364895785658264,693
COC(=O)C(CC1=C(c2ccc(OC)cc2)CC(C)(C)ON1C(C)=O)C(=O)OC,0,9,0.2431302147307431,1176
O=C1N/C(=N\c2ccc3oc(=O)ccc3c2)S/C1=C/c1ccc(F)cc1,1,2,0.9236172915011301,216
CN1CCC(CCc2c(O)c3ccccc3[nH]c2=O)CC1,1,1,0.6215900811464339,1603
COc1cccc(-c2ccc(/C=N/N3CC(=O)N(CCC4CCN(Cc5ccccc5)CC4)C3=O)o2)c1,1,3,0.8901202631738924,1097
O=C(COc1ccc(O)c(-c2cn[nH]c2-c2ccccc2)c1)Nc1ccccc1,1,9,0.8164412045845711,773
CCN1CCN(C2CCN(C(=O)COc3ccc(-c4ccccc4F)cc3)CC2)CC1,0,6,0.21514024737940915,250
COc1cc2cc(C(=O)CCC3CC[N+](C)(Cc4ccccc4)CC3)sc2cc1OC,1,9,0.9756583696332073,1122
CCCCCCCNc1c2c(nc3cc([N+](=O)[O-])ccc13)CCCC2,1,5,0.959811895472057,141
Cc1n(C)cc[n+]1COC(C)C(C)(C)C,0,7,0.2554122585426604,154
CCCCCCNC(=O)Oc1cccc(CN(C)CCCOc2ccc3c(=O)cc(-c4ccccc4)oc3c2)c1,1,8,0.9827011173471281,1535
C/C=C(\C)C(=O)N[C@H]1C(OC(C)=O)C[C@@]2(C)C(CC[C@H]3C4CC=C([C@H](C)N(C)C)[C@@]4(C)CC[C@@H]32)[C@H]1OC(C)=O,0,3,0.19191540092761686,1335
COc1cc2oc(-c3ccc(CN4CCCC4)cc3)cc(=O)c2cc1OC,1,5,0.7415493571921917,1604
CCNCc1ccc2nc(-c3ccc(Cl)cc3)c3c(c2c1)NCCC3,1,10,0.6838987578733984,995
O=C(CCN1CCOCC1)Nc1n[nH]c2ncccc12,1,3,0.7590785626467145,1605
[O-]/[N+](=C\c1ccc2cccc(O)c2n1)Cc1ccccc1,1,1,0.4104006253215294,1606
CC(=O)N1CCN(c2nccc(NCCc3ccccc3)n2)CC1,0,1,0.10836365712227296,1607
c1ccc2c(NCCCCNCCCSc3c4c(nc5ccccc35)CCCC4)c3c(nc2c1)CCCC3,1,5,0.9892993541382396,1608
CN(CCCOc1ccc([N+](=O)[O-])cc1)C(=O)c1cnc(N2CCN(c3ccc(C(=O)N4CCOCC4)cc3[N+](=O)[O-])CC2)nc1,1,4,0.6021973760980157,1609
CC[N+](CC)(CC)CCOc1cc(OCC[N+](CC)(CC)CC)c(C(=O)NCCCCCC(=O)NNc2c3c(nc4cc(Cl)ccc24)CCCC3)cc1OCC[N+](CC)(CC)CC,1,7,0.956255581986062,772
COc1ccc(C2SCC(=O)N2c2ccc3oc(=O)ccc3c2)cc1,1,6,0.6623830721744409,1610
C[C@@H](c1cccc(OC(=O)NCCCCCCNc2c3c(nc4cc(F)ccc24)CCCC3)c1)N(C)C,1,1,0.9938783254973363,1077
COc1ccc(CSS(=O)(=O)c2ccc(C)cc2)cc1,1,3,0.8675281877629436,59
COc1cc2c(cc1OC)C(=O)C(Cc1cccc(CN(C)C)c1)C2,1,7,0.9127231384256403,372
CC(C)Cn1cc(C(=O)C(F)F)cn1,0,1,0.8007663493518763,528
Cc1cc(Br)cc(C)c1OCC(=O)NCC1CCN(Cc2ccccc2)CC1,1,1,0.858523290422453,581
C#CCNC1CCc2cccc(OC(=O)N(C)CCC)c21,0,1,0.3681089603974961,2
C/C=C1\[C@H]2C=C(C)C[C@]1(NC1OCC3=C4CC(C)(C)C[C@H]4[C@@H](C)[C@H](O)CC31O)c1ccc(=O)[nH]c1C2,1,1,0.7319985210572082,1392
CNC(=O)Oc1cccc(CN(C)CCCCCCCCCCOc2ccc3c(=O)c4ccccc4oc3c2)c1,1,6,0.9647739821677623,1611
COc1cc2c(cc1OC)C(=O)C(CC1CCN(Cc3cccc(F)n3)CC1)C2,1,2,0.8749224107815059,655
COc1ccc(Cn2cc(C(=O)NCCCCCNc3c4c(nc5cc(Cl)ccc35)CCCC4)c(=O)c3ccccc32)cc1,1,1,0.9675326850738043,718
Cc1cccc(C)c1NC(=O)Oc1ccc2c(c1)[C@]1(C)CCN(C)[C@@H]1N2C,1,5,0.9167729816866635,44
COc1ccc(/C=C2\COc3cc(OCCCCCNc4c5c(nc6ccccc46)CCCC5)ccc3C2=O)cc1,1,4,0.9834904801455315,1612
Cc1cccc2nc3c(c(N)c12)CCC3,1,1,0.8751515106453659,417
O=C(c1ccc([N+](=O)[O-])cc1)N(CCC1CCN(Cc2ccccc2)CC1)c1ccccc1,1,4,0.9339222072392469,885
Oc1cc(O)cc(Oc2c(O)cc(O)c3c2Oc2c(O)cc4oc5c(Oc6cc(O)cc(O)c6)c(O)cc(O)c5c4c2O3)c1,0,10,0.10715398514932599,706
Cc1noc(-c2ccc(N)cc2)n1,1,1,0.6223534071071087,397
COc1ccc(C(C#N)N2CCCC2)cc1OC,0,2,0.18161193421761382,1613
C[n+]1ccn(CCN2CCCC2)c1/C=N/O,0,6,0.09578929439534474,1614
COc1ccc(OC)c(CN2CCC(c3oc4ccccc4c3C(=O)c3ccc(OC)c(OC)c3)CC2)c1,0,6,0.24538798475649362,787
CCN1CCC2CC1c1ccc(OC(=O)NC)cc12,1,8,0.6637101347663986,676
CC(=O)N(CCCCNc1c2c(nc3ccccc13)CCCC2)CCCSc1c2c(nc3ccccc13)CCCC2,1,4,0.9914302844623194,1608
O=C(CCCOc1cccc2[nH]c3ccccc3c12)NCCCNc1c2c(nc3ccccc13)CCCC2,1,9,0.9872373653699728,1615
COc1cc(/C=C/C(=O)NCC(=O)Nc2cccc(F)c2)ccc1O,0,5,0.0518817797399625,143
CC[n+]1ccc(CCC(=O)C2Cc3cc(OC)c(OC)cc3S2)cc1,1,6,0.8834569676905293,990
Clc1ccc(CNC2CCN(Cc3ccccc3)CC2)c(Cl)c1,1,6,0.745241925844234,160
COc1ccc2c3c1O[C@H]1C[C@@H](OC(=O)NC4CCN(Cc5ccccc5F)CC4)C=C[C@@]31CCN(C)C2,1,10,0.8417675593627726,139
c1ccc2c(NCCCCCCCCCNc3ccncc3)c3c(nc2c1)CCCC3,1,8,1.0,1616
O=C(CCN1CCN(c2ccccc2)CC1)Nc1n[nH]c2ncccc12,1,10,0.7375298743510372,1617
O=C(/C=C/c1ccc(F)cc1)c1cc(I)c(Br)cc1O,1,7,0.6514291722895464,33
CN(CCCOc1ccc2c3c(c(=O)oc2c1)CCCC3)Cc1cccc(OC(=O)NCCCCCc2ccccc2)c1,1,8,0.9533971676959798,1618
O=C(CCC1CCN(Cc2cccc(O)c2)CC1)c1cc2c3c(ccn3C(=O)CC2)c1,1,7,0.9675296759457879,178
COc1cc(-c2nnc(N3CCN(c4ccccn4)CC3)o2)cc(OC)c1OC,1,6,0.7254112810932138,317
CC(=O)NCCc1c[nH]c2ccc(OC(=O)NCCCCCCCCCCNc3c4c(nc5cc(Cl)ccc35)CCCC4)cc12,1,5,0.9954163357088167,1035
CC(C)(C)OC(=O)N[C@@H](Cc1c[nH]c2ccccc12)C(=O)NCCCCCCNc1c2c(nc3ccccc13)CCCC2,1,6,0.9688167020280942,365
c1ccc(CNc2ccnc(N3CCSCC3)n2)cc1,0,10,0.019933249676867763,1619
CC1=C[C@H]2Cc3[nH]c(=O)ccc3[C@@]3(C1)[C@@H]2[C@H](C)CN3C,0,9,0.417632148532285,1620
COc1cc2c(cc1OC)/C(=N\NC(=O)C(CC(C)C)NC(=O)C(C)c1ccc(CC(C)C)cc1)C(CC1CCN(Cc3ccccc3)CC1)C2,1,3,0.8386362120702081,921
COc1cc2[se]n(CCCC3CCN(Cc4ccccc4)CC3)c(=O)c2cc1OC,1,8,0.9366509003496024,1621
COc1cc2c(cc1OC)C(=O)C1(C2)C(c2ccc(F)cc2)C(c2ccccc2)NC12C(=O)Nc1ccc([N+](=O)[O-])cc12,0,8,0.2317655752328166,466
Cc1cccc2sc(NC(=O)CCN3CCN(c4ccncc4)CC3)nc12,0,8,0.32632663000259965,1622
CN(C)C(=O)Oc1cccc2c1CCC2N(C)C,1,5,0.7064419230128984,2
Clc1ccc(Cn2cc(CNC34CC5CC(CC(C5)C3)C4)nn2)cc1,1,1,0.7239365605774765,1623
C[n+]1c2ccccc2c(N)c2ccccc21,0,9,0.2329628175623497,1624
c1ccc2c(NCCCCCCCNc3c4c(nc5ccccc35)CCCCC4)c3c(nc2c1)CCCCC3,1,8,1.0,1625
CN(CCCCCNc1ccc(-c2ccccc2)nn1)Cc1ccccc1,1,4,0.2967308394463943,1626
COc1cc2c(cc1OC)C(=O)C(Cc1cc[n+](Cc3ccccc3Cl)cc1C(C)=O)C2,1,9,0.9788874373654513,404
COc1cc2c(cc1OC)C(=O)C(CC1CCN(Cc3cccc([N+](=O)[O-])c3)CC1)C2,1,1,0.8823839145324807,23
CC(C)(c1ccc(-c2cnc3[nH]c4cnc(C#N)cc4c3c2)cc1)N1CCCCC1,1,1,0.7913254287519339,340
CC(=O)O[C@@H]1C[C@@]2(C)[C@@H]3CC[C@H]4[C@](C)(CO)[C@@H](NC(=O)c5ccccc5)C=C[C@]4(O)CC3=CC[C@]2(C)[C@H]1[C@H](C)N(C)C,0,8,0.2834003081263878,1627
O=C(NCCCCCNc1c2c(nc3ccccc13)CCCC2)[C@@H]1CCCN1CCNc1c2c(nc3ccccc13)CCCC2,1,10,0.9659415639606724,1628
Cc1ccc(C(=O)Nc2cc3ccccc3oc2=O)cc1,0,6,0.19417348304258145,480
COc1ccc(C2C(c3ccccc3)NC3(C(=O)Nc4ccc([N+](=O)[O-])cc43)C23Cc2cc(OC)c(OC)cc2C3=O)cc1OC,0,7,0.23120446103216627,466
CC1=CC2Cc3nc4cc(Cl)ccc4c(NCCCCCCCCNC(=O)c4cc(O)c5c(c4)C(=O)c4cccc(O)c4C5=O)c3C(C1)C2,1,7,0.995641205047513,1629
CC[N+](CC)(CC)CCOc1ccc(C(=O)NCCCCCC(=O)NNc2c3c(nc4cc(Cl)ccc24)CCCC3)cc1,1,8,0.9724903671323449,772
COc1cc2c(cc1OCc1ccccc1)CCC(C)(CC(=O)NCCCCCCNc1c3c(nc4cc(Cl)ccc14)CCCC3)O2,1,2,0.9934036210125907,1630
CN1c2ccc(OC(=O)NC3CCCCC3)cc2[C@]2(C)CCN(CCc3ccccc3)[C@H]12,1,1,0.8422313537316202,1631
COc1ccc2c(c1)CCC(Cc1cc[n+](Cc3cccc(C(F)(F)F)c3)cc1C(C)=O)C2=O,1,8,0.9540649184095839,150
COc1cc2c(cc1OC)C(O)C(CC1CCN(c3ccccc3)CC1)C2,1,5,0.6279779824155423,1632
CN(CCOCCNC(=S)NC(=O)c1ccc2c(c1)C(=O)c1ccccc1C2=O)Cc1ccccc1,1,9,0.8705727572322051,1633
COc1ccc2c(c1)C(=O)/C(=C/C1CCN(Cc3ccc4c(c3)OCO4)CC1)C2,0,10,0.5082981426782568,1634
COc1cc2nc3c(c(N)c2cc1OC)C1CC(C)=CC(C3)C1,0,1,0.7144114220756282,114
Nc1c2c(nc3cc(Cl)ccc13)C1CCC2C1,1,7,0.7277247701697578,1008
O=C(NCCCNc1c2c(nc3ccccc13)CCCC2)Oc1ccc(-c2cc3cccnc3[nH]2)cc1,1,9,0.9696272561823719,1635
FC(F)(F)c1ccc(-c2nnc(N3CCN(c4ccccn4)CC3)o2)cc1,1,8,0.8848925659697259,317
CCCCCCCCCCCCCCNc1c2c(nc3ccc(OC)cc13)CCCC2,0,9,0.570619295364543,141
CCNC(=O)c1sc(-c2ccnc(NC(=O)CNCCNc3c4c(nc5ccccc35)CCCC4)c2)nc1OCC1CC1,1,7,0.9758947914249624,559
O=C(CCN1CCCCC1)Nc1n[nH]c2ncccc12,1,2,0.667323632384806,1636
Nc1c2c(nc3ccccc13)C1CCC2C1,1,6,0.6383235204498573,1008
CN(C)CCCOc1ccc(C(=O)/C=C/c2ccccc2)cc1,0,7,0.19397020007979743,33
CCc1c(C(=O)NCCCCNc2c3c(nc4ccccc24)CCCC3)nc(-c2ccccc2Cl)n1-c1ccc(Cl)cc1,1,10,0.9525728063406759,1637
c1ccc2oc(CNCCCCCCCNc3c4c(cc5ccccc35)CCCC4)cc2c1,1,9,0.7908132809681292,1638
COc1cc(/C=C/C(=O)Nc2ccccc2)ccc1OCCN1CCCCC1,0,1,0.10340247108803054,1639
COc1ccc2c3c1O[C@H]1C[C@@H](O)C=C[C@@]31CCN(CCCCCCCCN1C(=O)c3ccccc3S1(=O)=O)C2,1,9,0.7001597629321673,1640
Brc1ccc(Cn2cc(CNC34CC5CC(CC(C5)C3)C4)nn2)cc1,1,6,0.7132005961592223,1623
CNC(=O)Oc1cccc(CN(C)CCCCCCCCOc2ccc3c(=O)c4ccccc4oc3c2)c1,1,4,0.9652600707529851,1472
COc1ccccc1CN(C)CCCN(C)CCCNCCC[n+]1c(-c2ccccc2)c2cc(N)ccc2c2ccc(N)cc21,1,6,0.7404692155967203,1285
COc1cc2c(cc1OC)C(=O)/C(=C/c1cc[n+](Cc3ccccc3C)cc1)C2,1,4,0.9293598064913886,200
COc1ccc2c(=O)cc(C(=O)NCCC3CCN(Cc4ccccc4)CC3)[nH]c2c1,1,4,0.9297136749405983,590
c1ccc2c[n+](CCCC[n+]3ccc4ccccc4c3)ccc2c1,0,3,0.5492560655798551,1641
COc1ccc(C(=O)Cc2ncc(C(=O)N(C)CCCOc3ccc(C(F)(F)F)cc3)cn2)cc1,0,5,0.5776467391201524,1099
CNC(=O)Oc1ccc2c(c1)[C@]1(C)CCN(CCc3ccccc3)[C@@H]1N2C,1,3,0.9301996846834476,1642
CSc1n[nH]c2nc3c(c(N)c12)C1CC(C)=CC(C3)C1,0,4,0.4425407668434179,407
c1cc(C[n+]2ccc(N3CCCCC3)cc2)ccc1C[n+]1ccc(N2CCCCC2)cc1,1,5,0.6120026319423025,1643
COc1c(C(=O)CCC2CCN(CC3CCCCC3)CC2)cc(F)c(N)c1Br,1,8,0.9476968182208452,31
CC[C@H]1O[C@@H]2O[C@H](/C=C/C=C/C=C/c3oc(=O)cc(OC/C=C(\C)C(=O)OC)c3C)[C@H](O)[C@]2(C)[C@@]1(C)O,0,8,0.49297194347077966,1644
COc1cc2c(cc1OC)CN(CC1CCN(Cc3cc(C)cc(/C=N/O)c3O)CC1)CC2,0,8,0.2835052778717049,937
O=C1C=C2S[C@H]3C[C@]2(C=C1Br)C1=C(N3)C(=O)c2[nH]cc3c2C1=NCC3,0,1,0.3100484221191557,1645
CNC(=O)Oc1ccc2c(c1)[C@]1(C)CC[N@@+](C)(O)[C@@H]1N2C,1,2,0.9063345993387191,394
CC[C@H]1[C@@H]2OC(=O)[C@@](C)(O)[C@@H]2[C@@]23CC[C@@H]([C@@H]4C[C@H](C)C(=O)O4)N2CCCC[C@H]13,0,5,0.3603046557962881,1646
CCCCCCNC(=O)Oc1cccc(CN(C)CCCOc2ccc3c(=O)c4cccnc4oc3c2)c1,1,8,0.9836716800665263,1302
Brc1ccc2c(CCC3CCN(Cc4ccccc4)CC3)noc2c1,1,1,0.9801533135137726,231
COc1cccc2c1C(=O)/C(=C/C1CCN(Cc3ccc4c(c3)OCO4)CC1)C2,0,6,0.39835385576889965,1634
CCN(C)C(=O)Oc1cccc(CCN)c1,0,3,0.36755043355388994,17
Oc1cccc(CCCCCCCCNc2c3c(nc4ccccc24)CCCC3)c1,1,2,0.991323340998462,32
Cc1cc(NS(=O)(=O)c2ccc(-n3cc(COc4ccccc4-c4nc(-c5ccccc5)no4)nn3)cc2)no1,1,2,0.7668171986231314,1647
O=c1c2cc(OCCCN3CCCCC3)ccc2nc2n1CCCC2,1,3,0.6211764007444407,1648
C[C@@H]1CC[C@]2(C(=O)O)CC[C@]3(C)C(=CC[C@@H]4[C@@]5(C)C[C@@H](OC(=O)c6ccc(Cl)cc6)[C@H](OC(=O)c6ccc(Cl)cc6)[C@@](C)(CO)[C@@H]5CC[C@]43C)[C@@H]2[C@]1(C)O,0,6,0.2588905658185859,1649
COc1ccc2oc(C(=O)NCCCCCCCCCCNc3c4c(nc5cc(Cl)ccc35)CCCC4)cc(=O)c2c1,1,1,0.9858231955820831,482
O=C(NCCCCCCCNc1c2c(nc3cc(Cl)ccc13)CCCC2)c1ccc2nc(-c3ccc(Cl)cc3)c3c(c2c1)OCCC3,1,3,0.9967972627684711,1650
COc1cc2c(cc1OC)C(=O)C(CC1(F)CCN(Cc3cc(F)c(F)cc3F)CC1)C2,1,2,0.8444065815852242,23
CCC1=CC2Cc3nc4cc(Cl)ccc4c(NCCO)c3C(C1)C2,1,9,0.8106601743127416,114
CC1(C)CC(=O)C2=C(C1)Oc1nc3c(c(N)c1[C@H]2c1ccc(F)cc1)CCCC3,0,4,0.34544538405107245,24
CCOC(OCC)c1ccc(/C=C2\CN(C)C/C(=C\c3ccc(C(OCC)OCC)cc3)C2=O)cc1,1,5,0.26406453951226627,421
c1cc[n+](CCCCCCCCC[n+]2cccc3ccccc32)cc1,1,9,0.8274564085178711,1651
Cn1cc[n+](COCCCc2ccccc2)c1/C=N/O,0,5,0.08224222881083953,1652
CN(CCOCCNC(=S)NC(=O)c1cccc([N+](=O)[O-])c1)Cc1ccccc1,1,3,0.8599757314875931,27
O=C(CN1CCN(Cc2ccccc2)CC1)Nc1ccc(C(F)(F)F)cc1Cl,1,7,0.6831746042848799,1653
COC(=O)c1c[n+](Cc2ccccc2)ccc1CC1Cc2cc(OC)c(OC)cc2C1=O,1,5,0.929783519991354,404
C#CCOc1ccc(-c2cc(-c3ccc(OCCN4CCOCC4)cc3)nc(N)n2)cc1,1,4,0.4710640352619519,1348
NS(=O)(=O)c1ccc(C(=O)n2[nH]c(=O)c3ccc(C(=O)O)cc3c2=O)cc1,1,2,0.7131943518237965,474
O=C(CCCCCNc1c2c(nc3cccc(Cl)c13)CCCC2)NCCc1c[nH]c2ccccc12,1,1,0.8887241083527162,438
COc1ccc2c3c1O[C@H]1C[C@@H](O)C=C[C@@]31CCN(CC#CCNC13CC4CC(C)(CC(C)(C4)C1)C3)C2,1,1,0.7062932259607704,1654
COc1cc2cc(C(=O)NCCCCCCNc3c4c(nc5ccccc35)CCCC4)c(=O)oc2cc1OC,1,4,0.9949732477620387,103
CCN(CCCOc1ccc(-c2cc(=O)c3c(O)c(OC)c(OC)cc3o2)cc1)Cc1ccccc1OC,1,4,0.9361522428805025,1109
Cc1cc2c(c(C)c1CCO[C@@H]1O[C@H](CO)[C@@H](O)[C@H](O)[C@H]1O)C(=O)C(C)(C)[C@H]2O,0,8,0.409089212150409,1655
NC1=C2CCCCC2=NC2CCCCC12,1,8,0.4455562883035058,1656
Cc1cccc2sc(NC(=O)CCN3CCN(CC4CCCCC4)CC3)nc12,1,7,0.4268741454612988,1657
Cc1cc(O)cc(OC(=O)c2c(C)cc(O)c(C=O)c2O)c1,0,4,0.3017276612473147,1658
CCC1=CC2Cc3nc4cccc(F)c4c(N)c3C(C1)C2,1,6,0.8534863829473984,114
N#Cc1cc2c(cn1)[nH]c1ncc(-c3ccc(CN4CCC(F)CC4)cc3)cc12,1,4,0.837494507236704,340
COc1cc2oc(C(=O)OCC3CCN(Cc4ccccc4)CC3)cc(=O)c2cc1OC,1,7,0.8304465226783205,1659
c1cc[n+](CCCCCCCCCC[n+]2ccc3ccccc3c2)cc1,1,2,0.8846803579644982,1660
CC(=O)N(CCCNc1c2c(nc3ccccc13)CCCC2)CCCSc1c2c(nc3ccccc13)CCCC2,1,5,0.986515320087925,1661
c1ccc2oc(CN(CCCCCCCNc3c4c(nc5ccccc35)CCCC4)Cc3cc4ccccc4o3)cc2c1,1,9,0.9908290685014326,1662
C=CC(=O)N1C/C(=C\c2ccccc2Cl)C(=O)/C(=C/c2ccccc2Cl)C1,0,2,0.0962056669397718,421
COc1ccc(C2CC(c3ccc(F)cc3)=NN2c2ccc(S(N)(=O)=O)cc2)c(OC)c1,1,2,0.9604575514907124,16
COc1cccc[n+]1C,0,3,0.33932571128355865,46
COc1cc2cc(C(=O)CCC3CC[N+](C)(CC4CCCCO4)CC3)sc2cc1OC,1,5,0.9335364542521176,1663
c1ccc(CN2CCc3[nH]c4ccccc4c3C2)cc1,0,10,0.16534588096253602,519
CC(=O)N(CCC1CCN(Cc2ccccc2)CC1)c1ccc(F)cc1,1,10,0.9192846561374103,213
CCN1CC[C@@]2(C)c3cc(OC(=O)Nc4ccccc4)ccc3C[C@@H]12,1,1,0.8491090581893762,1664
COc1ccc(C(=O)N2CCN(CC(=O)N3CCN(CCCc4c[nH]c5ccc(F)cc45)CC3)CC2)cc1,0,4,0.08703359794245683,36
Cc1cccc2sc(NC(=O)CCN3CCN(C(C)(C)C)CC3)nc12,1,10,0.25744425982868646,866
O=C(CCCCC1CCSS1)NCCCCCNc1c2c(nc3ccccc13)CCCC2,1,3,0.9902037841557191,1665
CC(C)N1CCN(c2nccc(NCc3cccc4ccccc34)n2)CC1,0,10,0.050085805735270696,217
Cc1ccc(-[n+]2ccc3c4ccccc4n(C)c3c2)cc1,1,1,0.7185758217984699,156
O=C(CCCNc1c2c(nc3cc(Cl)ccc13)CCCC2)NC12CC3CC(F)(CC(C1)c1ccccc13)C2,1,3,0.9885749588175308,1666
COc1cc2c(cc1OC)C(c1ccccc1)N(CCCCCn1ccnc1/C=N/O)CC2,0,5,0.2273136935902522,1667
CCOC(=O)[n+]1ccc2c([nH]c3cc(OC)ccc32)c1C,1,7,0.48684051546146395,646
COc1ccc(C(=O)OC[C@]2(C)C=C(C=O)[C@@]3(C)[C@H]2CC[C@]2(C)[C@@H]3CC=C3[C@H]4[C@](C(=O)O)(CC[C@@H](C)[C@@]4(C)OC(=O)c4ccc(OC)cc4)CC[C@]32C)cc1,0,7,0.27882247894544876,1668
CCOC(=O)c1c(C)cc(OC(=O)c2c(C)cc(O)cc2O)cc1O,0,8,0.1874450240227849,1658
CN1CCCC[C@H]1c1ccc(-c2cccnc2)nc1,0,9,0.42747798036361123,1669
COc1cc(/C=C/C(=O)Nc2ccccc2)ccc1OCCN1CCCC1,0,4,0.06269655445716767,1670
CN1CC[C@@]2(C)c3cc(OC(=O)NCc4ccccc4)ccc3N(C)C12,1,1,0.8747591602799442,1671
Cn1cc[n+](COCC2CCCCC2)c1/C=N/O,0,3,0.08976798792732528,8
C=CC(=O)N1C/C(=C\c2ccccc2F)C(=O)/C(=C/c2ccccc2F)C1,0,5,0.1488781498246376,421
CN(CCCOc1ccc2c(=O)c3cccnc3oc2c1)Cc1cccc(OC(=O)NCCCCCc2ccccc2)c1,1,6,0.9714038199174891,1672
COc1cc(/C=C/C(=O)OCCCCCN(C)Cc2cccc(OC(=O)N(C)C)c2)ccc1O,1,2,0.4451515413584396,1673
Clc1ccc2c(NCCCCCCCNc3c4c(nc5cc(Cl)ccc35)CCCC4)c3c(nc2c1)CCCC3,1,3,1.0,872
COc1ccc(-c2cc3c(c(=O)o2)C[C@]2(O)[C@@]4(C)CC[C@@H](O)C(C)(C)[C@]4(O)CC[C@@]2(C)O3)cc1,1,7,0.6113885415824126,1674
C=CC(=O)N1C/C(=C\c2ccc(Cl)cc2)C(=O)/C(=C/c2ccc(Cl)cc2)C1,0,8,0.14331797441120156,421
CC(=O)N1N=C(c2ccc(-c3ccccc3)cc2)CC1c1ccccc1[N+](=O)[O-],1,7,0.7134789325834525,1675
COc1ccc2c(c1)CCC(Cc1cc[n+](Cc3ccccc3Cl)cc1C(C)=O)C2=O,1,10,0.9364191088057644,150
CCN(Cc1ccccc1OC)C(=O)CCCCCNC1=CC(=O)C(NCCCCCC(=O)N(CC)Cc2ccccc2OC)=CC1=O,0,10,0.8610308300383548,1676
COc1cc2c(cc1OC)SC(C(=O)CCc1cc[n+](Cc3ccccc3)cc1)C2,1,3,0.9699111714436174,814
COc1cc2c(cc1O)CCC(C)(CC(=O)NCCCCCCCCCNc1c3c(nc4cc(Cl)ccc14)CCCC3)O2,1,8,0.9980867570923434,427
CC(C)NC(=O)Oc1ccc2c(c1)[C@]1(C)CCN(C)C1N2C,0,4,0.7119629958736937,37
CC(C)=CC(=O)N[C@H]1CC[C@@]2(C)[C@@H](CC[C@@H]3[C@@H]2CC[C@]2(C)C([C@H](C)N(C)C)=CC[C@@H]32)[C@H]1O,0,10,0.14511540990165167,1335
CCCCCCNC(=O)Oc1ccc2c(c1)[C@]1(C)CCN(CC)[C@@H]1C2,1,9,0.9386092834624007,309
O=C1c2ccccc2C(=O)N1CCCCCCCNCc1ccc(F)cc1,1,1,0.9437071191644009,9
O=C(NCCc1c[nH]c2ccccc12)c1ccc(OCCCC[n+]2cccc3ccccc32)cc1,1,8,0.6406289903153806,1677
COc1cc2c(cc1OC)C(=O)/C(=C/c1cc[n+](Cc3ccccc3)cc1)C2,1,1,0.9650654375272808,200
COc1ccc2c(c1OC)C(=O)C(C)C2,1,5,0.8009306527817003,89
CN(CCC1CCCCCC1)Cc1c[nH]c2ccccc12,0,10,0.37999020275918977,268
CCOC(=O)c1c(C)nc2nc3c(c(N)c2c1-c1ccc(C)cc1)CCCCC3,0,4,0.27413282350114715,518
c1ccc(CNc2ccnc(N3CCNCC3)n2)cc1,0,6,0.041213785589471086,385
COc1cc(/C=C/C(=O)NCC(=O)Nc2ccccc2F)ccc1O,0,8,0.09994882334021543,143
c1ccc2c(c1)ccc[n+]2CCCC[n+]1cccc2ccccc21,0,3,0.4623562697212797,1678
COc1cc2c(cc1OCCN1CCCCC1)C(=O)/C(=C/c1ccc(N(C)C)cc1)C2,1,7,0.9382645797813438,412
CC1=CC2Cc3nc4cc(Cl)ccc4c(N)c3C(C1)C2N,1,1,0.7772965783011868,114
O=C(Nc1cncc(OCC2CCN(Cc3ccccc3Cl)CC2)c1)c1ccnc(NC(=O)C2CC2)c1,1,7,0.863390598838194,1168
CCOC(=O)c1c(C)nc(N2CCN(S(=O)(=O)c3ccc(NC(C)=O)c(Cl)c3)CC2)nc1-c1ccc(OC)cc1,1,10,0.9572681021449728,35
O=C1/C(=C/c2ccc(F)cc2)COc2cc(OCCCCCCNc3c4c(nc5ccccc35)CCCC4)ccc21,1,8,0.9842157694184279,304
CCOc1ccc2c(c1)O/C(=C\c1ccc(OCCN3CCCCC3)cc1)C2=O,1,1,0.7531399921565559,766
c1ccc2c(NCCc3cocc3CCNc3c4c(nc5ccccc35)CCCC4)c3c(nc2c1)CCCC3,1,3,0.9896912622090351,1679
O=C1C(Cl)=C(NCCCNc2c3c(nc4ccccc24)CCCC3)C(=O)c2ccccc21,1,8,0.9849706078863778,377
Cc1ccc(C(=O)N2CCN(CC(=O)N3CCN(CCCc4c[nH]c5ccccc45)CC3)CC2)cc1,0,5,0.10599810030940575,36
CN[C@H]1CCC2=CC3=CC[C@]4(C)[C@@H]([C@H](C)N(C)C)[C@H](O)C[C@@]4(C)[C@@H]3CC[C@H]2C1(C)C,0,2,0.15899893868571935,1004
O=C1CCN(Cc2ccccc2)C/C1=C\c1ccc[nH]1,0,1,0.2123159760113884,1680
O=c1cc(-c2ccc(CN3CCCCC3)cc2)oc2ccccc12,1,8,0.5461545013027624,1681
O=C(CCc1c[nH]c2ccccc12)NCCCCCCCNc1c2c(nc3ccccc13)CCCC2,1,3,0.9962250046285138,532
COc1ccccc1/C=C1\CN(C(=O)C[C@H]2C[C@H]3CCCN3[C@]23C(=O)Nc2ccccc23)C/C(=C\c2ccccc2OC)C1=O,0,10,0.07577697041460374,54
Cc1c(C)c2c(c(C)c1O)CCC(C)(C(=O)NCCCCCNc1c3c(nc4cc(Cl)ccc14)CCCC3)O2,1,2,0.9489599605797651,822
C[C@@H]([C@H]1[C@H](O)C[C@@]2(C)[C@@H]3CC[C@@H]4C(=CC[C@@H]5N=C(C(C)(C)C)OC[C@]54C)C[C@H]3C(=O)C[C@]12C)N(C)C,1,4,0.6793794163979927,51
O=C1C(Cl)=C(Cl)C(=O)C(Cl)=C1Cl,1,9,0.43049806842559796,169
COc1cc2cc(NC(=O)[C@@H]3CCC[C@H](NCc4ccccc4)C3)c(=O)oc2cc1OC,1,1,0.7535361414167173,1682
COc1cccc(C2c3c(nc(C)[nH]c3=O)Oc3c2n(C(C)=O)c2ccccc32)c1,0,3,0.3764055536742894,1231
COc1cccc2c1C=[N+](c1ccc(I)cc1)CC2,1,1,0.7647718642193007,286
CCOC(=O)C1=C(C)Oc2nc3c(c(N)c2C1c1ccc(C)cc1)CCCC3,1,5,0.31272423443007963,1281
c1ccc(COc2ccc(CCOCCCCCNc3c4c(nc5ccccc35)CCCC4)cc2)cc1,1,7,0.9665173103695636,1683
COc1cc(N)ccc1C(=O)CCC1CCN(CC2CCCCC2)CC1,1,2,0.9802371662042394,31
O=C1Cc2cc(N3C(=O)c4ccccc4C3=O)ccc2CN1C(=O)c1ccccc1,1,5,0.7646486810296869,14
COc1ccc(CN2CCC(CCC(=O)c3ccc4c(c3)NCCCC4)CC2)cc1,0,7,0.8624924110690112,55
c1ccc2c(c1)CCN1Cc3cc(OCCCN4CCCCC4)ccc3N=C21,1,8,0.8114697935901528,1684
COc1ccc2nc3c(c(NCCCCCNC(=O)C4(C)CCc5c(C)c(O)c(C)c(C)c5O4)c2c1)CCCC3,0,1,0.8559237662202724,822
Cc1cccc(NC(=O)Oc2ccc3c(c2)[C@]2(C)CCN(C)[C@@H]2N3C)c1C,1,5,0.9535336285947803,44
COc1cccc(CN(C)Cc2ccc(-c3cc4cc(OC)c(OC)cc4oc3=O)cc2)c1,1,10,0.8255370131278217,206
O=c1c(-c2ccc(OCCCCN3CCN(Cc4ccccc4)CC3)cc2)coc2cc(OCCCCN3CCN(Cc4ccccc4)CC3)cc(O)c12,0,8,0.5981436806111792,1685
c1cc(C[N+]23CCC(CC2)CC3)cc(-c2cccc(C[N+]34CCC(CC3)CC4)c2)c1,1,8,0.6271406211231656,1686
CCOc1ccc(Cc2nc3cc(C(=O)NCCNc4c5c(nc6ccccc46)CCCC5)ccc3n2CCC(C)C)cc1,1,2,0.9784611054126561,1687
NC(=O)c1cc[n+](C/C=C/C[n+]2ccc(/C=N/O)cc2)cc1,0,5,0.021637256865544498,188
CCN(CC)c1ccc(/C=C/c2ccc3ccccc3[n+]2C)c(OC)c1,1,8,0.7316305231995839,533
Cc1ccccc1NC(=O)Oc1ccc2c(c1)[C@]1(C)CCN(C)O[C@@H]1N2C,1,2,0.9645756499872732,939
CNC(=O)c1sc(-c2ccnc(NC(=O)CNCCNc3c4c(nc5ccccc35)CCCC4)c2)nc1OC,1,8,0.9753895646632535,556
COc1ccccc1CN1CCCCCC(=O)N(C)CCCCCCCCN(C)C(=O)CCCCCN(Cc2ccccc2OC)Cc2ccc(cc2)-c2ccc(cc2)C1,0,6,0.6042315150711282,1688
O=C1CN(/N=C/c2ccc(-c3ccccc3[N+](=O)[O-])o2)C(=O)N1CCC1CCN(Cc2ccccc2)CC1,1,10,0.8840553503211779,1097
COc1ccc(C(=O)CCc2cc[n+](Cc3ccccc3C(F)(F)F)cc2C#N)cc1OC,1,7,0.8033536207426422,430
CCOC(OCC)c1ccc(/C=C2\CCC/C(=C\c3ccc(C(OCC)OCC)cc3)C2=O)cc1,0,9,0.228018588723882,1563
O=C(CCCCC1CCSS1)NCCCCCCCNc1c2c(nc3ccccc13)CCCC2,1,3,0.9905985566329828,1689
N[C@@H](Cc1c[nH]c2ccccc12)C(=O)NCCCCCCCNc1c2c(nc3ccccc13)CCCC2,1,2,0.9782335981235485,532
C/C=C1/[C@@H]2Cc3[nH]c(=O)ccc3[C@@]1(N)C[C@]1(C)O[C@H]21,0,1,0.516172978330577,1690
CNC(=O)Oc1cccc(CN(C)CCCCCCCOc2cccc(-c3cc(=O)c4ccccc4o3)c2)c1,1,1,0.9519228507560045,1691
CC1=C[C@H]2Cc3nc4cc(Cl)ccc4c(N)c3[C@@H](C1)C2,1,9,0.6256664583550716,114
CC(=O)CCC[N+](C)(C)C,0,1,0.27555936352173555,21
Cc1cc(=O)oc2cc(OCc3nnc(-c4ccc(O)c(O)c4)o3)ccc12,0,7,0.42551555060423946,1692
CNC(=O)Oc1cccc2c1OC[C@@H]1CCN(C)[C@H]21,1,7,0.6908410057635708,1087
Cc1ccc2oc(-c3ccc(OCCCCCCN4CCCCCC4)cc3)cc(=O)c2c1,1,1,0.7228003960611915,1693
O=C(C[C@H]1C[C@H]2CCCN2[C@]12C(=O)Nc1ccccc12)N1C/C(=C\c2ccc(F)cc2)C(=O)[C@]2(C[C@H]3CCCN3[C@@]23C(=O)Nc2ccccc23)C1,0,4,0.026109209875204528,669
O=C(Nc1nc(-c2ccc(Cl)cc2)c(-c2ccc(Cl)cc2)s1)C1CCN(Cc2cccc(F)c2)CC1,1,3,0.8783653025963905,699
CC1(C)CCN(Cc2ccc(-c3cnc4[nH]c5cnc(C#N)cc5c4c3)cc2)CC1,1,8,0.7718058745035502,340
Cc1ccc2[nH]c(-c3ccc(OCCN4CCCC4)cc3)nc2c1,1,2,0.46588786911776897,1694
c1ccc2c[n+](CCCCCCCCCCC[n+]3ccc4ccccc4c3)ccc2c1,1,3,0.8926583312828059,1695
CCCCNc1c2c(nc3ccc(OC)cc13)CCCC2,0,2,0.6094953385147157,141
CCOC(=O)c1ccc2nc(-c3cccnc3)c3c(c2c1)N(Cc1ccccc1)C(=O)CC3,0,7,0.6071878474904849,1696
Fc1cc(C(F)(F)F)ccc1CN(CCCCCCCCNc1ccnc2cc(Cl)ccc12)c1ccc(C(F)(F)F)cc1F,1,1,0.9276970394719644,761
COc1cc(NC(C)=O)c(Cl)cc1C(=O)CCC1CCN(CC2CCCCC2)CC1,1,8,0.9513262821659816,31
C/N=C1/CCc2c1n(C)c1ccc(OC(=O)NC)c(Br)c21,1,6,0.8597169595067676,162
CCN(CCCCCCNC1=C(Br)C(=O)C(NCCCCCCN(CC)Cc2ccccc2OC)=C(Br)C1=O)Cc1ccccc1OC,1,8,0.9226265380189674,124
CCOC(=O)c1c(C)nc2nc3c(c(N)c2c1-c1ccccc1)CCCC3,1,7,0.14510826596921922,425
COc1cc2c(cc1OC)C(=O)C(Oc1cccc(CN3CCN(C)CC3)c1)C2,1,9,0.8905399868108287,1697
c1ccc2c(NCCCCCCCCNc3c4c(nc5ccccc35)CCCC4)ccnc2c1,1,9,0.9981393116687235,1698
CN(CCCNc1c2c(nc3ccccc13)CCCC2)Cc1ccnc(/C(N)=N/O)c1O,0,6,0.7236102328079345,1699
N[C@@H](Cc1c[nH]c2ccccc12)C(=O)NCCCCCCCCNc1c2c(nc3cc(Cl)ccc13)CCCC2,1,10,0.9935003200346362,299
COc1cc(N)c(Cl)cc1C(=O)CCC1CCN(Cc2ccncc2)CC1,1,2,0.9520773372510604,1700
COc1cc2cc(C(=O)C3=CC[N+](C)(Cc4ccccc4)CC3)sc2cc1OC,1,5,0.7824852144262531,1701
c1cc[n+](CCCCCCCCCC[n+]2ccccc2)cc1,1,3,0.47503794963391005,895
CCCCN1CCC(CCC(=O)c2cc(Br)ccc2OC)CC1,1,8,0.8941432492256018,29
CC(C)c1ccc(NC(=O)OCC2CCCN(C3Cc4ccccc4C3)C2)cc1,0,6,0.6639170851639017,1702
CCC1=CC2Cc3nc4cnccc4c(N)c3C(C1)C2,1,9,0.7620231987752127,1703
Cc1c(C)c2c(c(C)c1O)CCC(C)(C(=O)NCCCNc1c3c(nc4cc(Cl)ccc14)CCCC3)O2,1,7,0.9676070900561189,399
COc1cc2c(cc1OC)CN(c1cc[n+](Cc3ccc(C[n+]4ccc(N5CCCCC5)cc4)cc3)cc1)CC2,1,7,0.6871831951326268,1704
O=c1oc2cc(OCCN3CCC(Cc4ccccc4)CC3)ccc2c2ccccc12,0,1,0.3670185344481628,69
CN(C)c1cc[n+](CCCCOc2ccc(C(=O)NCCc3c[nH]c4ccccc34)cc2)cc1,1,4,0.6174815151632437,1705
COC(=O)[C@H](C)CC(=O)C[C@@H](C)[C@H]1C[C@@H]2OC(C)(C)O[C@H]3C[C@H]4C(C)(C)C(=O)CC[C@]4(C)C4=C3[C@@]2(C)[C@]1(C)CC4=O,0,1,0.16091998951640196,1706
COc1ccc(C(=O)COc2cccc([N+](C)(C)Cc3ccccc3)c2)cc1OC,1,1,0.6884914503295243,1707
CCOc1ccc(/C=N/NC(=O)CN2CCN(Cc3ccccc3)CC2)cc1,0,8,0.3884012124893839,26
C/C=C1\[C@H]2C=C(C)C[C@]1(/N=C/C(C)=C/c1ccccc1)c1ccc(=O)[nH]c1C2,1,9,0.7742990791335157,511
C#CCCOC[n+]1ccn(C)c1/C=N/O,0,2,0.02058327372849133,154
CCCCC1OC(=O)c2cc(OCc3ccc(CN(CC)CC)c(O)c3)ccc21,1,5,0.5411955551181878,1708
N=C(N)NS(=O)(=O)c1ccc(N/C=C/C(=O)c2cc3ccccc3o2)cc1,1,7,0.6945987692255698,195
Cc1cc(=O)oc2cc(OCc3nnc(-c4cc(O)c(O)c(O)c4)o3)ccc12,0,2,0.45790984768089144,1692
CN[C@@H](C)[C@H]1[C@H](O)C[C@@]2(C)[C@@H]3CC[C@@H]4C(=CC[C@@H]5N=C(C(C)C)OC[C@]54C)C[C@H]3C(=O)C[C@]12C,1,6,0.504866285938658,51
O=C1CCc2cc3c(CCC4CCN(Cc5ccccc5)CC4)noc3cc2N1,1,7,0.9469606649505999,1709
COc1ccccc1Oc1ccc2nc3c(c(N)c2c1)CCCC3,1,2,0.5110341527391934,1710
C[N+](C)(CC#CCOC1=NOCC1)CCCCCCCCCC[N+](C)(C)CCCN1C(=O)c2ccccc2C1=O,0,5,0.7430343681403994,1711
CN(Cc1ccc(COc2ccc3c(CO)cc(=O)oc3c2)cc1)Cc1cccs1,1,2,0.8004951092741069,1712
O=C(CCCCN1CCC2c3ccccc3NC2C1)Nc1ccc(/C=C2\CCn3c2nc2ccccc2c3=O)cc1,1,2,0.8628949018376346,1713
Cc1ccc(C)cc1,1,2,0.7696581694004209,17
Nc1cc(-c2ccccc2)nc2ccccc12,0,8,0.4593508090756731,1714
COc1cc2cc(C(=O)CCC3CC[N+](C)(Cc4ccccc4)CC3)n(C)c2cc1OC,1,9,0.9309172877205505,1715
CC(=O)N(C)[C@@H](C)[C@H]1[C@H](O)C[C@@]2(C)[C@@H]3CC[C@H]4[C@]5(C)CSC(C(C)C)=N[C@H]5CC[C@@]45C[C@@]35C(=O)C[C@]12C,1,8,0.8662126705537192,475
CC(CCCCn1c(=O)c2c(ncn2C)n(C)c1=O)=NNC(=O)COc1ccccc1-c1nc(-c2ccccc2)no1,1,6,0.6688756014443571,1716
Cc1cc(N2CCCCC2)nc2ccccc12,1,10,0.5089281733974609,1717
CCOc1ccc(Cc2nc3cc(C(=O)N(CC)CC)ccc3n2CCCCCCNc2c3c(nc4ccccc24)CCCC3)cc1,1,3,0.9905749823645204,1718
CC1=CC2Cc3nc4cc(Cl)ccc4c(NCCCCCCNC(=O)c4cc(O)c5c(c4)C(=O)c4cccc(O)c4C5=O)c3C(C1)C2,1,5,0.9905080992883972,1719
O=C(CO/N=[N+](\[O-])N1CCCC1)NCCCCNc1c2c(nc3ccccc13)CCCC2,1,1,0.9722284034560066,1720
O=C(C[O+]=NN([O-])N1CCCC1)NCCCCNc1c2c(nc3ccccc13)CCCC2,1,3,0.9465874512494099,1721
COc1ccc2oc(C(=O)NCCCCCCCCCCNc3c4c(nc5ccccc35)CCCC4)cc(=O)c2c1,1,10,0.9687483218322575,482
c1ccc2c[n+](CCCCCCCCC[n+]3ccc4ccccc4c3)ccc2c1,1,9,0.8745892263064462,1722
CC(=O)NCCc1c[nH]c2ccc(OC(=O)NCCCCCCCNc3c4c(nc5ccc(Cl)cc35)CCCC4)cc12,1,5,0.9198436197673283,73
CC(C)(C)OC(=O)N1Cc2[nH]c3ccccc3c2C[C@H]1C(=O)NCCCCCCNc1c2c(nc3ccccc13)CCCC2,1,1,0.9825591932280895,755
COc1cc2c(cc1OC)C(=O)C(Oc1ccc(C(C)N3CCCCC3)cc1)C2,1,8,0.9568504782093172,1723
COc1ccc2oc(C(=O)NC3CCN(Cc4ccccc4)CC3)cc(=O)c2c1,1,2,0.7609852789545108,1135
Cc1csc(-c2ccc3nc4c(c(N)c3c2)CCCC4)c1,1,7,0.8144497530172575,889
O=C(CCC1CCN(Cc2ccccc2)CC1)c1ccc2c(c1)CCCN2,1,9,0.9582363363748732,1181
CC1=CC2Cc3nc4oc(C5CC5)nc4c(N)c3C(C1)C2,0,2,0.360893181664925,1316
CC(=O)c1ccccc1NC(=O)c1ccc(OCCCC[n+]2cccc3ccccc32)cc1,1,10,0.8264267019668641,1724
COc1ccc2c(c1)c(C=O)cn2CCCCCCCCCCCCN(C)Cc1ccc(O)cc1,0,10,0.34212122300889597,1337
O=C(Nc1cc2ccccc2oc1=O)c1ccc(Cl)cc1,0,8,0.24023758092950956,480
CCN(CCCCNc1c2c(nc3ccccc13)CCCC2)CCCNc1c2c(nc3ccccc13)CCCC2,1,9,1.0,501
CC1=C(C(=O)OCC2CC2)C(c2ccccc2Cl)c2c(nc3c(c2N)CC(C)(C)CC3)N1,1,9,0.842862838046346,1725
CCN(CCCCCCN1CCN(CCCCCCN(CC)Cc2ccccc2OC)C(=O)C1=O)Cc1ccccc1OC,1,1,0.9256787491129804,1726
c1cc2c(cc1OCCCN1CCCCC1)CN1CCCC1=N2,1,7,0.7661852558624488,1727
CO[C@H]1CC[C@@]2(C)C(=CC[C@@H]3[C@@H]2CC[C@]2(C)C([C@H](C)N(C)C=O)=CC[C@@H]32)C1,0,5,0.13104941058132397,292
C(=NNc1c2c(nc3ccccc13)CCCC2)c1ccc(OCc2cn(-c3ccccc3)nn2)cc1,1,7,0.486083816605153,572
CN(CCCCCCCN1C(=O)c2ccccc2C1=O)Cc1ccccc1F,1,3,0.941242437021924,9
CCc1c2c(nc3ccc(OC(=O)N4CCC(N5CCCCC5)CC4)cc13)-c1cc3c(c(=O)n1C2)COC(=O)[C@]3(O)CC,1,1,0.6053778589261457,1728
COc1ccc2nc3c(c(NCCCNC(=O)c4sc(-c5ccnc(NC(=O)C6CC6)c5)nc4OC)c2c1)CCCC3,1,6,0.9118063807346583,1729
CC(=O)c1ccccc1NC(=O)c1ccc(OCCCCC[n+]2cccc3ccccc32)cc1,1,2,0.8294976349307538,1730
NS(=O)(=O)c1ccc(NCc2cccc(Br)c2O)cc1,1,6,0.6504452518537425,1565
COc1cc(O)c(C(C)=O)c(-c2c(C)cc(O)c3oc4c(O)cc(C)c(-c5cc(OC)cc(O)c5C(=O)O)c4c23)c1,0,3,0.24632092241231565,1731
COc1cc2c(cc1OC)C(=O)C(CC1CCN(Cc3ccccc3C)CC1)C2,1,4,0.9376209372832295,23
O=C(COc1ccc(CCc2ccccc2)cc1)NCC1CCN(Cc2ccccc2)CC1,1,7,0.8358798731979538,1732
CN(C)CCCN1C(=O)CSC1c1ccc(Cl)cc1Cl,0,8,0.21161252754719093,839
CCOC(=O)C1=C(Nc2ccc(Cl)cc2)C[C@@H](c2ccc(OC)cc2)N(c2ccc(Cl)cc2)[C@@H]1c1ccc(OC)cc1,1,9,0.8442059794682139,49
Nc1ccc2c(c1)c(-c1ccccc1)[n+](CCCNCCCNCCCNc1c3c(nc4ccccc14)CCCC3)c1cc(N)ccc21,1,5,0.9064782645173302,1733
COc1cc2c(cc1OC)C(=O)C(CC1C=CN(Cc3ccccc3C)C=C1C(C)=O)C2,1,7,0.8028286387386548,126
CC1=C(C(=O)OC(C)C)C(c2cccc(F)c2)c2c(nc3c(c2N)CC(C)(C)CC3)N1,1,3,0.86562819910231,1
O=C(/C=N/O)Nc1ccc[n+](Cc2ccccc2C[n+]2cccc(NC(=O)/C=N/O)c2)c1,0,2,0.10315122445211564,1734
COc1cc2c(cc1O)CCC(C)(CCNCCCCCCCCNc1c3c(nc4cc(Cl)ccc14)CCCC3)O2,1,1,0.9912963437437992,1735
CN(C)C(=O)Oc1ccc(-c2cn3ccccc3[n+]2C)cc1,0,7,0.2047781571833281,5
O=C(/C=N/O)NCCCCCCNc1c2c(nc3ccccc13)CCCC2,1,3,0.8716210792953134,141
COc1cc(CCC(=O)NCCCCC(=O)NNc2c3c(nc4ccccc24)CCCC3)cc(OC)c1OC,1,2,0.984924222318371,1736
O=C(O[C@H]1CN2Cc3cc4c(cc3[C@]13C=C[C@@H](O)C[C@H]23)OCO4)c1ccccc1Cl,0,10,0.2049016561443881,796
CCN(CCCCOc1ccc(-c2cc(=O)c3c(OC)c(OC)c(OC)cc3o2)cc1)Cc1ccccc1OC,1,9,0.9785420550479019,443
c1ccc(CN2CCC(CCNc3cc4c(nn3)-c3ccccc3CCCC4)CC2)cc1,1,5,0.9136837450629165,1737
COc1cc2c(Nc3ccc(C(=O)/C=C/c4nc(C)c(C)nc4C)cc3)ncnc2c(OC)c1OC,1,4,0.618096529337468,1738
CN(C)c1ccc(/C=C2/CNC/C(=C\c3ccc(N(C)C)cc3[N+](=O)[O-])C2=O)c([N+](=O)[O-])c1,1,4,0.3952574369504035,421
CC1CCN(c2nccc(NCc3ccccc3)n2)CC1,0,7,0.055080778469964065,1378
COc1ccc(C#N)c[n+]1C,0,9,0.18864519064736507,46
O=c1c2ccccc2nc2n1CCC2,0,2,0.5368871966250945,261
CN1C[C@@H](c2ccc(Cl)cc2Cl)[C@@]2(CSc3ccccc3C2=O)C12C(=O)c1ccccc1C2=O,0,4,0.060887327607548274,335
O=C(C[n+]1ccc2ccccc2c1)Nc1ccccc1Br,0,4,0.5278390168182822,1739
C[C@H](CC(=O)C[C@@H](C)[C@H]1CC(=O)[C@@]2(C)C3=C(C(=O)C[C@]12C)[C@@]1(C)CCC(=O)C(C)(C)[C@@H]1CC3=O)C(=O)O,0,4,0.09382775403502215,1740
COc1ccc(OC)c(C2CC(c3cc(F)cc(F)c3)=NN2c2ccc(S(N)(=O)=O)cc2)c1,1,2,0.9467948150593805,16
COc1ccc([C@H]2O[C@@H](O)[C@H]3[C@@H]2C(=O)O[C@@H]3c2cc(OC)c3c(c2)OCO3)cc1OC,1,3,0.5462028751840401,1741
O=C(CNc1ccc2oc(=O)ccc2c1)N1CCOCC1,1,2,0.5695815039124897,1742
CCCN1CCc2cc(C(=O)CCC3CCN(Cc4ccccc4)CC3)ccc21,1,4,0.9838960261598276,43
c1ccc2c(c1)[nH]c1c[n+](CCCCCCCCCCCC[n+]3ccc4c(c3)[nH]c3ccccc34)ccc12,0,2,0.6706096661069909,1743
CCN(CC)CCCOc1ccc2nc3n(c(=O)c2c1)CCc1ccccc1-3,1,5,0.564092862857421,1744
O=C1c2ccccc2C(=O)N1CCCCCCCNCc1ccc(F)cc1F,1,4,0.9670402881214938,9
CC(=O)O[C@@H]1C[C@@]2(C)[C@@H]3C[C@H]4OC[C@@]5(C)[C@@H](NC(=O)c6ccccc6)C=C[C@@](O)(CC3=CC[C@]2(C)[C@H]1[C@H](C)N(C)C)[C@@H]45,0,6,0.3491595820076828,1745
CCN1CCN(Cc2ccc(/C=C3\Oc4cc(OC)c(OC)cc4C3=O)cc2O)CC1,0,10,0.5079226808207122,262
O=C(NCCCCCCNc1c2c(nc3ccccc13)CCCC2)Oc1ccc(-c2cc3cccnc3[nH]2)cc1,1,2,0.9987104900423024,653
COc1cc2c(cc1OC)C(c1ccccc1)N(CCCCc1cnc(/C=N/O)c(O)c1)CC2,0,5,0.1105892223914716,1746
O=C(CCC1CCN(Cc2ccccc2)CC1)c1cc2c3c(c1)CCN3C(=O)CCC2,1,5,0.9554938424982267,1747
CNC(=O)Oc1cccc(CN(C)CCCCCCCOc2ccc3c(c2)O/C(=C\c2cc(O)c(O)c(O)c2)C3=O)c1,1,9,0.8284959987419062,535
COc1cc2cc(-c3ccc(CN(CCO)Cc4ccccc4)cc3)c(=O)oc2cc1OC,1,6,0.8563212526774847,206
COc1ccc2c(CCC3CCN(Cc4ccccc4)CC3)noc2c1,1,5,0.9135308579398469,231
O=C(CCCCCN1CCC2c3ccccc3NC2C1)Nc1ccc(/C=C2\CCn3c2nc2ccccc2c3=O)cc1,1,7,0.9150336583418626,1748
CNCCCN1C(=O)CSC1c1ccc(Cl)cc1Cl,0,9,0.3922707204753871,839
Fc1ccc(C(c2ccc(F)cc2)N2CCN(CCN3CCCC3)CC2)cc1,1,6,0.7043101406569002,1749
CC[C@H]1C[C@@H]2C[C@H]3c4[nH]c5cc([C@@H]6C[C@H]7C(C(=O)OC)[C@@H](Cc8c6[nH]c6ccccc86)N(C)C[C@H]7CC)ccc5c4CCN(C2)[C@@H]13,1,9,0.7180436577661428,1425
C#CCCCC[n+]1cn(C)c(/C=N/O)n1,0,10,0.11343374427711483,1750
CC(=O)c1ccccc1NC(=O)c1ccc(OCCCCCC[n+]2ccc3ccccc3c2)cc1,1,5,0.9196386443925061,1751
O/N=C/C1=NCCN1Cc1ccc(Cl)cc1Cl,0,4,0.1585718643556525,1118
O=C1/C(=C/c2ccc(OCCN3CCCCC3)cc2)Oc2ccccc21,1,6,0.7271746285752615,766
CC1(C)O[C@@H]2[C@@H](O)[C@H]3NC(=O)O[C@H]3C[C@@H]2O1,0,3,0.2956044316017721,1752
COC(=O)/C(=N\Nc1ccc(OC)cc1)C(=O)C(F)(F)F,0,4,0.30191815211509365,17
C=C1c2cc(Cl)ccc2N=C2CCCCCN12,1,5,0.7117966298828987,1298
CCN(CCC(=O)N1CCN(CCNc2c3c(nc4ccccc24)CCCC3)CC1)C1CCCCC1,1,10,0.9857497118509972,1086
COc1cccc2cc(CNCCCCCCCNc3c4c(nc5ccccc35)CCCCC4)oc12,1,1,1.0,1753
Cc1cccc2sc(NC(=O)CCN3CCN(C4CCCCC4)CC3)nc12,0,8,0.39512358287501154,1754
COc1cc2c(cc1O)CCC(C)(CCNCCCCCCCCCNc1c3c(nc4cc(Cl)ccc14)CCCC3)O2,1,4,0.9874029185661357,1755
COc1ccc2c(c1)C(=O)N(CCC1CCN(Cc3ccccc3)CC1)C2=O,1,3,0.9251522755127358,345
CC(=O)N1N=C(c2ccccc2[N+](=O)[O-])CC1c1ccc(-c2ccccc2)cc1,1,7,0.7049074172067011,971
O=c1c(-c2ccc(OCCCCN3CCCCC3)cc2)coc2cc(OCCCCN3CCCCC3)cc(O)c12,1,8,0.6454589344458698,1756
CSc1ccc(C2SCC(=O)N2c2ccc3oc(=O)ccc3c2)cc1,1,9,0.7399621544647859,1610
CC(C)C1=N[C@H]2CC[C@]34C[C@]35C(=O)C[C@]3(C)[C@@H]([C@H](C)N(C)CCCc6ccccc6)[C@H](O)C[C@@]3(C)[C@@H]5CC[C@H]4[C@]2(C)CS1,1,7,0.9218713556478171,1757
CC[N+](CC)(CC)CCOc1cc(OCC[N+](CC)(CC)CC)cc(C(=O)NCCCCCC(=O)NNc2c3c(nc4ccccc24)CCCC3)c1,1,1,0.9568150639987256,772
O=C1N/C(=N\c2ccc3oc(=O)ccc3c2)S/C1=C/c1ccc(Cl)cc1,1,4,0.8988058919888865,216
CCOCCN1CCN(CCC(=O)Nc2nc3c(C)cccc3s2)CC1,0,8,0.46795249695071345,866
Cc1cccc2nc3c(c(N)c12)CCCC3,1,4,0.9432527684365274,141
CCN(CC)c1ccc(/C=C/c2ccc3ccccc3[n+]2C)cc1,1,4,0.5972742165980606,533
CCN(CCCCCC(=O)N(C)CCCCCCCCN(C)C(=O)CCCCCN(CC)Cc1ccccc1OC)Cc1ccccc1OC,1,3,0.9540585340030412,318
c1ccc2c(NCCCCCCCCCCNc3ccncc3)c3c(nc2c1)CCCC3,1,6,0.9962517644414332,1758
CCN(CCCCCCNC1=CC(=O)C(NCCCCCCN(CC)Cc2cccnc2)=CC1=O)Cc1cccnc1,1,5,0.9317554792158759,1759
CCN(CCCCN1C(=O)c2ccccc2C1=O)Cc1ccccc1,1,2,0.7935507395208893,76
O=C(Nc1cncc(C(=O)NC2CCN(Cc3ccccc3)CC2)c1)c1ccnc(NC(=O)C2CC2)c1,1,10,0.7764271467191702,1760
COc1cc2c(cc1OC)/C(=C/c1ccc(N3CCCCC3)c(O)c1)OC2=O,1,8,0.6818381412209868,1761
CCCN(CCC)CCCOc1ccc(C(=O)/C=C/c2ccccc2)cc1,0,4,0.03536041505746217,33
CCN(CC)CCOc1cccc(C(=O)c2c(-c3ccc(OCCCCCCCN(C)Cc4ccccc4)cc3)oc3ccccc23)c1,0,8,0.2233094501540968,116
COc1ccc(Cn2cc(C(=O)NCCCCCCCCNc3c4c(nc5ccc(OC)cc35)CCCC4)c(=O)c3ccccc32)cc1,0,6,0.8893974463996644,1325
COc1cc(/C=C/C(=O)NCCNc2c3c(nc4ccccc24)CCCC3)ccc1OCc1ccccc1,1,7,0.9338889372073577,1762
Brc1cccc(-c2nnc3sc(-c4ccoc4)nn23)c1,1,7,0.5341753058227697,1763
C/C=C(\C)C(=O)N[C@H]1CC[C@@]2(C)C(=CC[C@H]3[C@@H]4CC[C@H]([C@H](C)N(C)C)[C@@]4(C)CC[C@@H]32)[C@H]1O,0,4,0.05631194251983099,455
c1cc[n+](CCCCCCCC[n+]2cccc3ccccc32)cc1,1,5,0.766672009689329,1764
COc1ccc(CN2CCC(c3oc4ccccc4c3C(=O)c3ccc(OC)cc3)CC2)cc1,0,1,0.1662369403036379,787
CC(=O)Nc1nc(NCc2ccccc2)c2ncn(C3O[C@H](CC(=O)NCc4ccccc4)[C@H](OC(C)=O)[C@H]3OC(C)=O)c2n1,0,9,0.30288952108376527,1765
CC(=O)N1N=C(c2ccc3ccccc3c2)CC1c1ccc(-c2ccccc2)cc1,1,3,0.8337168870789973,1766
CCN(C)C(=O)Oc1cccc2c1CCC2N,1,3,0.4607258984129346,2
CC(=O)Nc1cc(-c2nc(OCC3CC3)c(C(=O)NCCCNc3c4c(nc5ccccc35)CCCC4)s2)ccn1,1,10,0.9780389529460507,1767
CC1=CC2Cc3nc4cc(Cl)ccc4c(NCCCCCCCNC(=O)[C@@H](N)Cc4c[nH]c5ccccc45)c3C(C1)C2,1,6,0.9661896759685689,1768
Cn1c2nc3ccccc3c-2c(NCCCCNc2c3c(nc4ccccc24)CCCC3)c2ccccc21,1,9,0.9742082701045195,1769
O/N=C/C1=NCCCN1Cc1ccccc1,0,5,0.12485174793798864,744
COc1ccc2[nH]cc(C(=O)NCCC3CCN(Cc4ccccc4)CC3)c2c1,1,9,0.794238065305392,1770
Clc1ccccc1C(c1ccccc1)(c1ccccc1)n1ccnc1,0,2,0.5382791351967048,1771
COc1cc2c(cc1OC)C(=O)C(=Cc1cc[n+](Cc3cccc(Br)c3)cc1)C2,1,9,0.9691335519473981,200
CCOC(=O)C1=C(Nc2ccc(F)cc2)C[C@@H](c2ccc(Cl)cc2)N(c2ccc(F)cc2)[C@@H]1c1ccc(Cl)cc1,1,3,0.7612828408072719,49
COc1ccc2c(c1)c(C=O)cn2CCCCCCCCCCCCN(C)Cc1ccc(OC)c(OC)c1,0,9,0.4308253036808715,1337
C[C@@H]1CC[C@]2(C(=O)O)CC[C@]3(C)C(=CC[C@@H]4[C@@]5(C)C[C@@H](OC(=O)c6ccc(C(F)(F)F)cc6)[C@H](OC(=O)c6ccc(C(F)(F)F)cc6)[C@@](C)(CO)[C@@H]5CC[C@]43C)[C@@H]2[C@]1(C)O,0,6,0.27977018572597695,1649
O=C(NCCCCCCCCCCNc1c2c(nc3cc(Cl)ccc13)CCCC2)c1cc(=O)c2cc(O)c(O)cc2o1,1,1,0.9969114298724954,482
O=C(NCCCCCNc1c2c(nc3ccccc13)CCCC2)Oc1ccc2cc[nH]c2c1,1,1,0.9942734315328714,164
O=C1CCN(Cc2ccccc2)C/C1=C\c1cn(C(=O)c2ccccc2)c2ccccc12,0,6,0.026801935135326752,434
O=C1c2ccccc2C(=O)C12N1CSC[C@@H]1[C@@H](c1cccc(F)c1)[C@@]21CSc2ccccc2C1=O,0,8,0.04565375261325559,426
O=C(Nc1ccccc1)OCC1CCCN(Cc2ccccc2)C1,0,4,0.5611092280306283,1130
CC1=C[C@@H]2Cc3nc4cc(Cl)ccc4c(NCCCCC(=O)N4CCC(NC(=O)Nc5ccc(OC(F)(F)F)cc5)CC4)c3[C@H](C1)C2,1,10,0.8974340213402157,1772
Clc1ccc2c(NCCCCCCCCNc3c4c(nc5cc(Cl)ccc35)CCCC4)c3c(nc2c1)CCCC3,1,3,1.0,453
CCCCC1=NC2(CCCC2)C(=O)N1Cc1ccc(-c2ccccc2C(=O)OC(C)(C)C)cc1,1,1,0.7739751123767317,1072
CC(=O)N(C)[C@@H](C)[C@H]1CC[C@H]2[C@@H]3CC[C@H]4C[C@@H](N(C)C)CC[C@]4(C)[C@H]3CC[C@]12C,0,3,0.09251813012383861,52
COc1cc(/C=C/C(=O)Nc2ccccc2)ccc1OCCCN1CCCCC1,0,5,0.1095178460162739,1773
CC(C)c1cc(-c2ccccc2)n[nH]c1=NCCC1CCN(Cc2ccccc2)CC1,1,10,0.9000170830428751,80
N#Cc1cc(C#N)c(NCCCCC2CCN(Cc3ccccc3)CC2)nc1Cl,1,4,0.9576975207419235,936
CCN(CCCCCCNC1=CC(=O)C(NCCCCCCN(CC)Cc2ccccc2OC)=CC1=O)Cc1ccccc1OC,1,10,0.9956269848185847,124
NC(=O)c1cc[n+](CCC[n+]2cc(F)c(/C=N/O)c(F)c2)cc1,0,7,0.00826509427405609,283
C/C=C1\C2C=C(C)C[C@]1(N)CC(NCCCCCCCNc1c3c(nc4ccccc14)CCCC3)C2(C)C,1,7,0.9812914821039336,359
COc1cccc(C2c3ccc4cccnc4c3Oc3nc4c(c(N)c32)CCCC4)c1,1,4,0.5877262593791871,1774
Nc1cccc2c1C(=O)N(CCC1CCN(Cc3ccccc3)CC1)C2=O,1,5,0.9593295288899516,345
c1ccc(-c2ccc(NCCCCN3CCc4ccccc4C3)nn2)cc1,0,10,0.20483076533944783,1775
O=C(Nc1cc2ccccc2oc1=O)c1ccc(Cl)c(Cl)c1,0,10,0.2735278469081846,480
CC(C)N(CCNC(=O)N1c2ccccc2Sc2ccccc21)C(C)C,1,1,0.41953314422446986,311
Nc1c2c(nc3c1cc(-c1ccccc1)n3-c1ccccc1)CCCC2,0,4,0.5673872346012606,1776
COc1cccc(CN2CCC(/C=C3\Cc4ccc(OC)cc4C3=O)CC2)c1,0,2,0.6546671124692762,360
O=C1c2ccccc2CCCC1CC1CCN(c2ccccc2)CC1,0,4,0.7265728157637542,1777
Nc1c2c(nc3ccc(-c4ccc(Cl)nc4)cc13)CCCC2,1,2,0.8327461701678133,865
Cc1c(Cl)nc2ccccc2c1C(=O)NCCCCCCCNc1c2c(nc3ccccc13)CCCC2,1,6,0.9759941096263574,1778
Cc1ccc(-c2nc(NCC3CCN(Cc4ccc(F)cc4)CC3)sc2-c2ccc(C)cc2)cc1,1,2,0.9507423298137635,144
OCCCCCCCCc1ccc(CN2CCCC2)c(O)c1,0,5,0.28492400132852436,1613
CCOC(=O)c1c(C)nc2nc3c(c(N)c2c1-c1ccccc1)CCCCCC3,0,4,0.2319230678657641,1394
CNC1CCc2cccc(OC(=O)N(C)C)c21,1,9,0.5654120001026048,2
O=C(c1cnn(C2CCCC2)c1)C(F)(F)F,1,7,0.6586629479205135,1085
COc1ccc2c(c1)c(C=O)cn2CCCCCCCCCCN(C)Cc1ccc(O)cc1,1,5,0.152620781273715,1779
COc1ccc2c(c1)CC(NS(=O)(=O)N(C)C)CC2,1,6,0.838084845461733,531
CCCCCCCCNC(=O)Oc1ccc2c(c1)[C@]1(C)CCN(C)C1N2C,1,8,0.9130696336386164,37
O=C(O[C@@H]1C=C[C@]23CCN(Cc4cc5c(cc42)OCO5)[C@H]3C1)c1ccccc1[N+](=O)[O-],0,9,0.39730121731731205,1780
COc1cc2c(cc1OC)SC(C(=O)CCc1cc[n+](Cc3ccsc3)cc1)C2,1,10,0.9303980285566875,1781
CCN(CCCCCCNC1=CC(=O)c2ncccc2C1=O)Cc1ccccc1OC,1,7,0.9038214224334723,1782
COc1cc2cc(C(=O)CC(O)C3CC[N+](C)(Cc4ccccc4)CC3)sc2cc1OC,1,6,0.850523567431611,1122
CC[N+](C)(CCCCCC(=O)N(C)CCCCCCCCN(C)C(=O)CCCCC[N+](C)(CC)Cc1ccccc1OC)Cc1ccccc1OC,1,5,0.9232096144684783,191
CN1CCc2cc(C(=O)CCC3CCN(Cc4ccccc4)CC3)ccc21,1,5,0.9634858420678776,43
CC(=O)Oc1cc([N+](C)(C)C)ccc1C,1,8,0.39647038955097014,17
Cc1cc(=O)[nH]c2c1C(=O)C(NCCCCNc1c3c(nc4ccccc14)CCCC3)=CC2=O,1,9,0.9817586917888583,647
N#Cc1ccccc1CNCC(=O)Nc1ccc2nc3n(c(=O)c2c1)CCC3,1,6,0.8871643657738996,12
O=C1c2ccccc2C(=O)N1CCCCCNCc1ccccc1F,1,4,0.8996063281605592,289
CN1CC[C@@]2(C)c3cc(OC(=O)NCCCCCCCCCCN4CCOCC4)ccc3N(C)[C@@H]12,1,6,0.8734187733592887,1783
CCN(CC)CCCCOc1ccc(/C=C2\COc3ccccc3C2=O)cc1,0,9,0.41901960201699606,271
CCOc1cc(/C=N/NC(=O)c2ccc(Cl)nc2)ccc1O,1,4,0.7580071206720931,774
Cc1cc(-c2ccc3c(c2)OCO3)nnc1NCCN1CCCCC1,1,3,0.43026242750910815,1784
C#CCNC1CCc2ccc(OC(=O)N(C)c3ccccc3)cc21,1,1,0.33280868360522525,1029
CN(C)C(=O)N[C@H]1CCc2ccc(O)cc2C1,1,3,0.8258734154113541,531
CCN(CC)CCN1CC(=O)N(CCc2ccccc2)CC1=O,0,8,0.2846592589281241,652
O=C(Nc1ccccc1)c1ccc2c(c1)C(=O)N(CCC1CCN(Cc3ccccc3)CC1)C2=O,1,10,0.9380844065820304,1785
CCCCCCNC(=O)Oc1cccc(CN(C)CCCCOc2ccc3c(=O)c4ccccc4oc3c2)c1,1,4,0.9910675115514416,996
COc1ccccc1NCc1cc(=O)oc2cc3oc4ccccc4c3cc12,1,9,0.6714547933841977,1786
CC(C)(CO[N+](=O)[O-])C(=O)NCCCCNc1c2c(nc3ccccc13)CCCC2,1,9,0.9780325941423396,141
O=C(NCCCNc1c2c(nc3ccccc13)CCCC2)c1sc(-c2ccnc(NC(=O)C3CC3)c2)nc1OCC1CC1,1,5,0.9944703755295423,1787
COc1ccc(-c2cc3ccc(OCCCN(C)Cc4cccc(OC(=O)NCCCCCc5ccccc5)c4)cc3oc2=O)cc1,1,4,0.9512293664808885,56
COc1ccc([C@H]2C3=C(CC(C)(C)CC3=O)Oc3nc4c(c(N)c32)CCCC4)cc1,0,4,0.29042438789380265,24
CCOCC[n+]1ccc(CCC(=O)C2Cc3cc(OC)c(OC)cc3S2)cc1,1,8,0.9214465709684619,990
CC[N+](C)(C)c1cccc(O)c1,1,4,0.45715134961472,17
C/C=C(\C)C(=O)NC1=CC[C@@]2(C)[C@@H](CC[C@H]3C4CC[C@H]([C@H](C)N(C)C)[C@@]4(C)CC[C@@H]32)C1=O,0,9,0.15091427829463677,1788
CC(=O)N1CCN(c2nccc(NCc3cccc4ccccc34)n2)CC1,0,6,0.07692788375328641,217
CCCCCCNC(=O)Oc1cccc(CN(C)CCCOc2ccc3c(=O)ccoc3c2)c1,1,4,0.968935278754109,577
O=C(NCCCCCCCCCCNc1c2c(nc3ccccc13)CCCC2)c1cc(=O)c2c(O)cc(O)cc2o1,1,5,0.9811740910900445,482
CN(C)c1ccc(/C=C/C(=O)C2CCc3ccccc3C2=O)cc1,0,10,0.3622638589302449,1257
COc1ccc2c(c1)C(=O)C(C)C2,1,9,0.7971650894456372,89
O=C(NCCCCCCCNc1c2c(nc3ccccc13)CCCCC2)c1cc2ccccc2o1,1,3,0.9983254636916334,1405
O=C1/C(=C/C2CCN(Cc3ccccc3)CC2)Cc2cc3c(cc21)OCO3,1,1,0.6036589436689941,1789
Cc1cc(/C=N/O)c(O)c(CNc2ncccc2OCc2ccccc2)c1,0,2,0.43560836214433757,1790
CCN1CC[C@@]2(C)c3cc(OC(=O)NC)ccc3CC12,1,10,0.7566173754968486,309
c1ccc(CN2CCC(CCNc3cc4c(nn3)-c3ccccc3CC4)CC2)cc1,1,3,0.9355679493589887,1791
COc1ccccc1-c1ccc(/C=N/N2CC(=O)N(CCC3CCN(Cc4ccccc4)CC3)C2=O)o1,1,3,0.9191609912393894,1097
Clc1ccc2c(NCc3cccnc3)c3c(nc2c1)CCCC3,1,10,0.9215240802194662,1792
COc1cc(/C=C/C(=O)O)ccc1OCCCCCCN1CCCCC1,0,10,0.20730945322362895,1793
Nc1c2c(nc3cc(Cl)c(Cl)cc13)CCCC2,1,1,0.6809476893296899,141
c1ccc(CN2CCC(CCOc3ccc(-c4ccccc4)nn3)CC2)cc1,1,1,0.8458719782979152,1794
CC1=C[C@@H]2Cc3nc4cc(Cl)ccc4c(NCCCCCCCCCNC(=O)c4cc(O)c5c(c4)C(=O)c4cccc(O)c4C5=O)c3[C@H](C1)C2,1,2,0.9876231051337464,1795
CCc1ccc(CN2CCC(c3cc4ccccc4o3)CC2)cc1,0,2,0.2367217581396679,20
CN(CCC(=O)N1CCN(CCNc2c3c(nc4ccccc24)CCCC3)CC1)c1ccccc1,1,10,0.9806305359107247,1796
O=c1c(NCCCCCCCc2c3c(nc4ccccc24)CCCC3)c(NCCCCCCCc2c3c(nc4ccccc24)CCCC3)c1=O,1,8,0.8737935128403554,1797
NS(=O)(=O)c1ccc(/N=C/c2cc(Br)cc(Cl)c2O)cc1,1,10,0.7174933719386417,747
COc1cccc2cc(CN(CCCCCCCNc3c4c(nc5ccccc35)CCCCC4)Cc3cc4cccc(OC)c4o3)oc12,1,2,0.9718721910523288,1372
C[C@@H]1CCC[C@H](C)N1S(=O)(=O)c1ccccc1[N+](=O)[O-],1,5,0.7952906724639924,63
CC#CCCOC[n+]1ccn(C)c1/C=N/O,0,7,0.061032309583817085,154
O=C(Cn1nc(-c2ccccc2)c(-c2ccccc2)nc1=O)Nc1ccccc1Cl,1,9,0.8675934567743036,117
COc1cc2c(cc1OC)C(=O)C(Oc1cccc(C(C)N3CCOCC3)c1)C2,1,7,0.9234752670434075,60
C[C@@H]1CC[C@]2(C(=O)NCc3cccc(Cl)c3)CC[C@]3(C)C(=CC[C@@H]4[C@@]5(C)C[C@@H](O)[C@H](O)[C@@](C)(CO)[C@@H]5CC[C@]43C)[C@@H]2[C@]1(C)O,0,5,0.20537661206320798,355
Oc1c(CNCCCCCCCCCNc2c3c(nc4ccccc24)CCCC3)cc(Cl)c2cccnc12,1,2,0.9716541606797,1798
COC(=O)/C(=N\Nc1ccc(C)cc1)C(=O)C(F)(F)F,0,4,0.37187496221627653,17
COc1cc2c(cc1OC)C(=O)C(Cc1cc[n+](Cc3ccccc3)cc1Br)C2,1,7,0.9592788083501487,404
COc1cc2[se]n(-c3ccc(OCCN4CCCCC4)cc3)c(=O)c2cc1OC,1,5,0.3223714366527161,897
COc1cc2cc(C(=O)C3CC[N+](C)(Cc4ccccc4)CCC3O)sc2cc1OC,1,7,0.8569775398279622,1207
COc1cc(/C=C/C(=O)N2CCN(Cc3cccc(F)c3)CC2)ccc1O,0,2,0.1608436470566283,253
CC(C)=CCC/C(C)=C/Cc1c(O)ccc2cc(-c3cc(O)cc(O)c3CC=C(C)C)oc12,0,1,0.28635199222795665,1033
COc1ccc2[nH]cc(CCNC(=O)CCc3cc[n+](Cc4cccc(F)c4)cc3)c2c1,1,3,0.8491167690048689,368
CNC(=O)Oc1cccc(CN(C)CCCCCCCOc2ccc3c(c2)C/C(=C\c2cc(O)c(O)c(O)c2)C3=O)c1,1,10,0.8882226880038576,1799
COc1ccc(C2CC(=O)c3ccc4c(c3O2)C=CC(C)(C)O4)cc1,0,8,0.4230778558449784,1800
COc1ccc(C2CC(c3cc(F)cc(F)c3)=NN2c2ccc(S(N)(=O)=O)cc2)c(OC)c1,1,8,0.9569420696593874,16
CCN(CCCCCCNC1=CC(=O)C(NCCCCCCN(CC)Cc2cccc(OC)c2)=CC1=O)Cc1cccc(OC)c1,1,6,0.920018314578418,124
Nc1c2c(nc3nc(-c4ccccc4)cc(C(F)(F)F)c13)CCCCC2,0,6,0.5039932538881879,1801
N#Cc1ccccc1-c1ccc(CN2CCN(C(c3ccc(F)cc3)c3ccc(F)cc3)CC2)cc1,1,1,0.7051995638974624,1802
CC(=O)N(C)[C@H]1CC[C@@]2(C)[C@@H](CC[C@@H]3[C@@H]2CC[C@]2(C)[C@@H]([C@H](C)N(C)C)CC[C@@H]32)C1,0,4,0.054509915702661796,52
c1ccc2c(c1)ccc[n+]2CCOCC[n+]1cccc2ccccc21,0,3,0.3772332464417272,1803
COc1ccc(CN(CC(=O)NCc2ccccc2)C(=O)CCCCCn2cc[n+](C)c2/C=N\O)cc1,0,6,0.27947402646809655,1804
O=C(NCCCCCCNc1c2c(nc3ccccc13)CCCC2)c1cc2ccccc2o1,1,9,0.9970202287064935,1805
COc1ccc2c3c1O[C@H]1C[C@@H](OCc4ccc(Cc5ccccc5F)cn4)C=C[C@@]31CCN(C)C2,1,8,0.6606064630423402,1806
C#CCNCC(=O)Nc1ccc2nc3n(c(=O)c2c1)CCC3,1,9,0.79606501815226,261
O=C(Cn1nc2ncccc2c1NC(=O)Cn1nc2ncccc2c1NC(=O)CN1CCN(Cc2ccccc2)CC1)Nc1[nH]nc2ncccc12,0,8,0.5614511516290995,1807
c1ccc2c(NCCSSCCNc3c4c(nc5ccccc35)CCCC4)c3c(nc2c1)CCCC3,1,4,0.9877836602583859,1808
CC(=O)C1=C(O)C=C2Oc3c(C(C)=O)c(O)c(C)c(O)c3[C@@]2(C)C1=O,0,8,0.37763826555452074,1809
C[C@]12CC[C@H](O)[C@@](C)(CO)C1C[C@H](O)[C@@]1(C)Oc3cc(-c4ccccc4)oc(=O)c3C(=O)C21,0,4,0.11898770293768178,1306
CN1C[C@@H](c2cccc(Br)c2)[C@@]2(CSc3ccccc3C2=O)C12C(=O)c1ccccc1C2=O,0,6,0.0497746562939618,335
CCCCCCNC(=O)Oc1cccc(CN(CCCOc2ccc3c(=O)c4ccccc4oc3c2)C(C)C)c1,1,6,0.975798349241328,77
CNC(=O)c1sc(-c2ccnc(NC(=O)CNCCNc3c4c(nc5cc(Cl)ccc35)CCCC4)c2)nc1OCC1CC1,1,4,0.9864770499480864,559
CN(Cc1ccccc1)Cc1ccc(C(=O)c2ccc(OCCCN3CCCCC3)cc2)cc1,1,8,0.8703690546485694,1810
C[C@@H](c1cccc(OC(=O)NCCNc2c3c(nc4ccccc24)CCCC3)c1)N(C)C,1,9,0.967096810053916,1811
COc1cc2c(cc1OC)/C(=C\c1ccc(O)c(N3CCCCC3)c1)OC2=O,1,7,0.6742340727685013,1812
Nc1c2c(nc3ccccc13)CC(O)CC2,1,3,0.6531925428456067,141
COc1ccccc1CNCCCCCCNC1=CC(=O)C(NCCCCCCNCc2ccccc2OC)=CC1=O,1,3,0.8359125680952998,124
COc1cc2c(cc1OC)C(=O)C(Cc1cc[n+](Cc3cccc(Cl)c3)cc1C(C)=O)C2,1,2,0.9708637373507714,404
O=c1oc2ccccc2cc1-c1ccc(Br)cc1,0,1,0.48664698436176074,1813
COc1c(C(=O)CCC2CCN(CC3CCCCC3)CC2)cc(Cl)c2c1ccn2C,1,6,0.9620180624779412,483
COc1ccccc1CN(C)Cc1ccc(-c2cc3cc(OC)c(OC)cc3oc2=O)cc1,1,6,0.8625435427832402,206
COc1cc2ccnc3c2c(c1OC)COC3=O,0,7,0.3367373211371293,1230
COc1cc2c(cc1OC)C(=O)/C(=C/c1ccc(N3CCN(C)CC3)cc1)C2,1,3,0.8035506809258429,1814
COC(=O)C1=C(Nc2ccccc2)C[C@@H](c2ccc3c(c2)OCO3)N(c2ccccc2)[C@@H]1c1ccc2c(c1)OCO2,1,3,0.6750821114597745,1815
CCN(CCCCNC(=O)COc1ccc(-c2cc(=O)c3c(O)c(OC)c(OC)cc3o2)cc1)Cc1ccccc1OC,1,1,0.8736441383443732,1007
CNC(=O)Oc1cccc(CN(C)CCCOc2ccccc2)c1,1,2,0.7741174360127709,1816
COc1cc2c(cc1O)C(=O)C(C)C2,1,6,0.7968644417342821,89
COc1ccccc1CN(CCCCCCCCN(Cc1ccccc1OC)C(=O)CCCCCN)C(=O)CCCCCN,0,6,0.7666463681574783,1817
c1cc2c(cc1OCCCN1CCCCC1)CN1CCCCC1=N2,1,10,0.8101078340581389,1818
O=C(Cn1nc(-c2ccccc2)c(-c2ccccc2)nc1=O)Nc1cc(Br)cc(Br)c1,1,1,0.9245310583772531,117
c1cnc2nc3c(c(NCCCCCCCCNc4c5c(nc6ncccc46)CCCC5)c2c1)CCCC3,1,7,0.9502843753051105,1819
COc1cc2c(cc1OC)C(=O)C(CC1CCN(Cc3cccc(F)c3)CC1)C2,1,3,0.9783053117781457,23
c1ccc2c(c1)c1cnccc1n2CCCCCCCCCn1c2ccccc2c2cnccc21,1,6,0.6104508674321644,1820
O=C(CCCc1c[nH]c2ccccc12)NCCCCCNc1c2c(nc3cc(Cl)ccc13)CCCC2,1,1,0.9982261017060862,1821
COc1cc2c(cc1OC)C(=O)C(Oc1cccc(C(C)N3CCN(C)CC3)c1)C2,1,9,0.9275573235369795,1697
c1ccc2c(NCc3ccc(-c4ccc(CNc5c6c(nc7ccccc57)CCCC6)cc4)cc3)c3c(nc2c1)CCCC3,1,1,0.8824719064685828,1822
CC1=CC2Cc3nc4cc(Cl)ccc4c(NCCCCCCCNC(=O)c4cc(O)c5c(c4)C(=O)c4cccc(O)c4C5=O)c3C(C1)C2,1,4,0.9988430110257271,1823
COc1cc2c(cc1OC)C(=O)[C@]1(C2)[C@H](c2ccc(C)cc2)[C@H](Cc2c[nH]c3ccccc23)NC12C(=O)Nc1ccccc12,0,5,0.34095600304601803,1824
CC[N+](CC)(CC)CCOc1cc(OCC[N+](CC)(CC)CC)c(C(=O)NCCCCCC(=O)NNc2c3c(nc4ccccc24)CCCC3)cc1OCC[N+](CC)(CC)CC,1,4,0.9383318703875352,772
O=C(NCCCCCCNc1c2c(nc3cc(F)ccc13)CCCC2)Oc1ccc2cc[nH]c2c1,1,5,0.998140379738159,1221
CCCCN(CCC1CCCCCC1)Cc1cc2ccccc2cc1O,0,1,0.6225173452203506,1825
COc1cc2c(cc1OC)C(=O)C(CC1CCN(Cc3ccccc3F)CC1)C2,1,10,0.949960590257354,23
COc1cc(N)c(Cl)cc1C(=O)CCC1CCN(Cc2ccc(O)c(O)c2)CC1,1,10,0.8840330583518003,1153
Clc1ccc2c(NCCCCCCCOc3cccc(-c4cc5ccccc5o4)c3)c3c(nc2c1)CCCC3,1,10,0.9946938039363021,1826
COc1ccccc1C(=O)O[C@H]1CN2Cc3cc4c(cc3[C@]13C=C[C@@H](O)C[C@H]23)OCO4,0,4,0.3034699910721516,796
NS(=O)(=O)c1ccc(NC(=S)NNc2c3c(nc4ccccc24)CCCC3)cc1,1,6,0.8305450092634941,15
O=C(NCCCCCCNc1c2c(nc3ccccc13)CCCC2)c1cc2c([nH]c3ccccc32)c(-c2ccc(F)cc2)n1,1,9,0.988621302042986,1827
Cc1ccc(/C=C2/CNCC3=C2N=C2SC=C(c4ccc5ccccc5c4)N2C3c2ccc(C)cc2)cc1,1,9,0.6527965173143436,1589
CCN(C)C(=O)Oc1ccc2c(c1)CC(N)CC2,0,1,0.4101448051621767,531
CC(C)c1ccc(NC(=O)Oc2ccc3c(c2)[C@]2(C)CCN(CCc4ccccc4)[C@@H]2N3C)cc1,1,6,0.7220231843455115,1828
O=C(NCCCCCCNc1c2c(nc3cc(Cl)ccc13)CCCC2)c1ccc2nc(-c3ccc(Cl)cc3)c3c(c2c1)OCCC3,1,3,0.9967972627684711,1829
N[C@@H](Cc1c[nH]c2ccccc12)C(=O)NCCCCNc1c2c(nc3cc(Cl)ccc13)CCCC2,1,8,0.9632097234656205,1830
O=C(CN1CCCCC1)Nc1ccc2nc3c4[nH]c5ccccc5c4ccn3c(=O)c2c1,1,3,0.7195665274314009,1831
CCOC(=O)C1=C(Nc2ccccc2)C[C@@H](c2ccc(F)cc2)N(c2ccccc2)[C@@H]1c1ccc(F)cc1,1,2,0.7507116938436444,49
COc1ccc2onc(CCC3CCN(Cc4ccccc4)CC3)c2c1,1,8,0.9149784268834769,231
O=C(NCCNc1c2c(nc3ccccc13)CCCC2)C(=O)NCCNc1c2c(nc3ccccc13)CCCC2,1,6,0.9883987228620709,1832
CC1=CC(=O)[C@](C)(O)C(=O)/C1=C\Nc1ccc(Oc2ccc([N+](=O)[O-])cc2)cc1,0,1,0.3765756396047614,1252
O=C(/C=C/Nc1ccccc1C(=O)O)c1cc2ccccc2o1,1,2,0.7600258885921402,195
CC[N+](CC)(CCCCCn1c(C)cc(=O)n(CCCCC[N+](CC)(CC)Cc2ccccc2[N+](=O)[O-])c1=O)Cc1ccccc1[N+](=O)[O-],1,2,0.9375251038680197,363
COc1ccc(C2CC(c3ccc(F)cc3)=NN2c2ccc(S(N)(=O)=O)cc2)cc1OC,1,5,0.9336022215457761,16
COc1ccc2c(c1)C(=O)c1nccc3cc4c(c-2c13)OCO4,0,9,0.28239183549537117,1833
COc1cc(CNC(=O)Cc2cn(CCCCC3=CC4Cc5nc6cc(Cl)ccc6c(N)c5C(C3)C4)nn2)ccc1O,1,4,0.8070747984959603,1834
COc1ccc2c(c1)CCC(Cc1cc[n+](Cc3cccc(Cl)c3)cc1C(C)=O)C2=O,1,10,0.967927455926583,150
CN(C)C(=O)Oc1ccc(-c2cn3c(Cl)cccc3[n+]2C)cc1,0,8,0.27376492925812346,5
COc1cc(-c2ccc3nc4c(c(N)c3c2)CCCC4)ccn1,1,10,0.7909003381232197,1835
CC(=O)N(CCCCSc1c2c(nc3ccccc13)CCCC2)CCCNc1c2c(nc3ccccc13)CCCC2,1,6,0.9972772555537261,1238
O=C1CNc2cc3onc(CCC4CCN(Cc5ccccc5)CC4)c3cc2C1,1,6,0.9495673957032822,1836
c1ccc(CN2CCC(CCCc3noc4ccccc34)CC2)cc1,1,7,0.8937584722222005,1837
COc1ccc(C(=O)Cc2ncc(C(=O)N3CCN(Cc4ccccc4)CC3)cn2)cc1,0,2,0.4625956775619695,1838
O=C(COc1ccccc1)N1CCN(C2CCN(Cc3ccccc3)CC2)CC1,0,2,0.4014753117712998,1839
O=C1Cc2ccccc2CN1CCC1CCN(Cc2ccccc2)CC1,1,2,0.9536876498263474,1840
COc1cc2nc(N(C)CCCNC(=O)C3CCCO3)nc(N)c2cc1OC,1,10,0.644727692634983,1841
CCCCCCSc1nc(-c2ccc(C)cc2)nn1C(=O)N(C)C,1,5,0.7330792542072152,183
C[C@H]1C[C@@]23CC[C@H]4[C@@](C)(CCC[C@@]4(C)C(=O)OCC[N+](C)(C)C)[C@@H]2CC[C@]1(Cl)C3,0,2,0.29697468540046534,1842
O=C(Nc1ccc2c(CCC3CCN(Cc4ccccc4)CC3)noc2c1)c1ccccc1,1,6,0.9733074270674659,1843
O=C(CCC1CCN(Cc2ccccc2)CC1)c1ccc2c(c1)NCCCCC2,1,2,0.9392357866415165,1844
Cc1ccc(C2=CSC3=NC4=C(CNC/C4=C/c4ccc(Br)cc4)C(c4ccc(Br)cc4)N23)cc1,1,8,0.684425512402593,1845
Cc1cc(Cl)cc2c1N(C)C(=O)/C2=N\NC(=S)Nc1cccc(S(N)(=O)=O)c1,1,9,0.6355601878657924,1846
COc1cc(C(=O)c2ccccc2)c(OC)cc1Br,1,9,0.6117224639023243,131
CC(C)C1=N[C@H]2CC[C@]34C[C@]35C(=O)C[C@]3(C)[C@@H]([C@H](C)N(C)Cc6ccccc6)[C@H](O)C[C@@]3(C)[C@@H]5CC[C@H]4[C@]2(C)CS1,1,8,0.9583405733262849,42
O=C(NCCc1c[nH]c2ccccc12)c1ccc[n+](Cc2ccccc2F)c1,0,1,0.4092120072060329,1847
COc1cccc(CC2CCN(CCCOc3ccc4c(c3)oc(=O)c3ccccc34)CC2)c1,0,4,0.13909401491610865,1848
CC(C)C1=N[C@H]2CC[C@]34C[C@]35C(=O)C[C@]3(C)[C@@H]([C@H](C)N(C)Cc6cccc(C(F)(F)F)c6)[C@H](O)C[C@@]3(C)[C@@H]5CC[C@H]4[C@]2(C)CS1,1,5,0.9048643739685612,42
C#CCN[C@@H]1CCc2cc(Cl)c(OC(=O)N(C)CCC)cc21,0,6,0.17843995074442057,2
COc1ccc(C(=O)CCc2cc[n+](Cc3cccc(Cl)c3)cc2C#N)cc1OC,1,9,0.9039241578077787,430
CN1CC(=O)N2[C@H](c3ccc4c(c3)OCO4)c3[nH]c4ccccc4c3C[C@@H]2C1=O,0,9,0.4864521364039942,1849
COc1cc2c3c(c1)c1cc(=O)c(OC)cc-1cn3CC2,0,3,0.4524951953226749,1850
O=C1c2ccc([N+](=O)[O-])cc2C(=O)N1CCC1CCN(Cc2ccccc2)CC1,1,4,0.9506041157654967,345
Cc1ccc(CNc2ccnc(NC3CCN(Cc4ccccc4)CC3)n2)cc1,0,8,0.1560581156764038,651
Cc1cc(=O)oc2cc(OCCCSC(=S)N3CCCCC3)ccc12,1,6,0.9017698708798136,1851
COc1nc(-c2ccnc(NC(=O)C3CC3)c2)sc1C(=O)NCCCNc1c2c(nc3cc(Cl)ccc13)CCCC2,1,8,0.9923931696208238,1729
CN(C)CCc1cccc(OC(=O)N(C)C)c1,1,4,0.6211562097913289,17
C/C=C1\C2C=C(C(F)(F)F)CC1(N)c1ccc(O)nc1C2,1,4,0.4529191615688589,1852
CN(CCC1CCCCCC1)Cc1c[nH]c2c(OC(=O)N3CCCCC3)cccc12,1,9,0.6806249139172513,1853
COc1cc2cc(C(=O)NCCCCCNc3c4c(nc5ccccc35)CCCC4)c(=O)oc2cc1OC,1,4,0.9949732477620387,197
COc1cc(/C=C/C(=O)N2CCN(c3ccc(F)cc3)CC2)ccc1O,0,2,0.1754338361274852,579
CCOC(=O)[C@H](CCC(=O)NCCC1CCN(Cc2ccccc2)CC1)NC(=O)c1ccc2cc(OC)ccc2c1,1,6,0.7112897562316909,1275
CCCCCCCNC(=O)Oc1ccc(Cn2cc(COc3ccc4ccc(=O)oc4c3)nn2)cc1,1,1,0.8339434407978001,1854
CC(C)=CC[C@H]1C[C@@]2(CC=C(C)C)C(=O)[C@](C(=O)C(C)C)(C(=O)C3=C2O[C@H](C(C)(C)O)C3)[C@]1(C)CCC(=O)C(C)C,0,10,0.14890860078822976,88
COc1ccc2[nH]cc(CCNC(=O)/C=C/c3cc[n+](Cc4ccccc4F)cc3)c2c1,1,10,0.7760180677640058,806
Cc1ccc(F)cc1,1,2,0.7218635700873942,17
O=C(NCCCCCNc1c2c(nc3cc(Cl)ccc13)CCCC2)c1c[nH]c2ccccc12,1,5,0.9920393724364351,1855
CN(Cc1ccccc1)Cc1ccc(C(=O)c2ccc(OCCCCCCCN3CCCCC3)cc2)cc1,1,3,0.8905592696912631,1856
CN(C)CCCC1(c2ccc(F)cc2)OCc2cc(C#N)ccc21,0,5,0.4930927488203697,1857
CN(CCCCOc1ccc2c3c(c(=O)oc2c1)CCCC3)Cc1ccccc1,1,5,0.706291338147622,1858
CCCCCCCCCCNCC(=O)Nc1ccc2nc3n(c(=O)c2c1)CCC3,1,3,0.9615157739031143,261
c1ccc2c[n+](CCCCCCC[n+]3ccc4ccccc4c3)ccc2c1,1,2,0.750883582675917,1859
CNC(=O)Oc1ccc2c(c1)c1c(n2C)/C(=N\CCc2ccccc2)CC1,1,2,0.7426870551863902,1860
O=C(Nc1ccc(OC(F)(F)F)cc1)NC1CCN(C(=O)CCNc2c3c(nc4cc(Cl)ccc24)CCCC3)CC1,1,4,0.9473864724275803,1861
COc1ccccc1/C=C/C=C(\Br)S(=O)(=O)F,1,4,0.518776170543172,17
CC(C)c1ccc([C@@H]2CN(C)C3(C(=O)c4ccccc4C3=O)[C@]23CSc2ccccc2C3=O)cc1,0,9,0.052046118442786726,335
c1cc[n+](CCCCCC[n+]2ccccc2)cc1,0,2,0.4059819673671451,1201
Cc1nc2ccc(C(=O)CCC3CCN(Cc4ccccc4)CC3)cc2s1,1,2,0.948289823134927,1862
CN1CCN(c2nccc(NCCc3ccccc3)n2)CC1,0,4,0.0826420887773228,1607
O=C(CCO[N+](=O)[O-])NCCCNc1c2c(nc3ccccc13)CCCC2,1,3,0.9854608269639749,141
CCN(CCCCCCNC1=CC(=O)C(NCCCNC(=O)CCCCC2CCSS2)=CC1=O)Cc1ccccc1OC,1,9,0.9034604282862678,1863
COc1cc2c(cc1OC)C(=O)C(Oc1ccc(C(C)N3CCN(C)CC3)cc1)C2,1,6,0.9312460372353388,1323
CCc1nc(C(=O)NCCCCCCNc2c3c(nc4ccccc24)CCCC3)cc2c1[nH]c1ccccc12,1,4,0.9915932600848439,1351
COc1cc2c(cc1OC)C(=O)/C(=C/c1ccc(OCCN3CCCCC3)cc1)C2,1,7,0.9101205992637655,1864
COc1ccc(C2c3ccc4ccccc4c3Oc3nc4c(c(N)c32)CCCC4)c(OC)c1,1,4,0.6729282600468042,929
C[C@@]12CCN(Cc3ccccc3)C1N(Cc1ccccc1)c1ccc(OC(=O)Nc3ccccc3)cc12,0,10,0.7006797543810008,1865
O=C(CCCN1C(=O)c2ccccc2C1=O)N1CCCCCC1,1,10,0.5505146688496331,1866
O=C(CCC1CCN(Cc2ccccc2)CC1)c1ccc2c(c1)CCN2c1ccccc1,1,1,0.9763010863777657,1867
N#CC(C#N)C1=NCCN1CCNCc1ccc(CN2CCC(O)CC2)o1,1,3,0.839438226339526,1246
Cc1cc(=NCCC2CCN(Cc3ccccc3)CC2)[nH]nc1-c1ccccc1,1,10,0.9407699901013562,80
COc1cccc2cc(C(=O)NCCCCCCNc3c4c(nc5ccccc35)CCCC4)oc12,1,7,1.0,1805
C[n+]1c(/C=C/c2cc3ccccc3[nH]2)ccc2ccccc21,1,4,0.5021300543410813,1868
CN(Cc1ccccc1)Cc1ccc(-c2cc3cc(N)ccc3oc2=O)cc1,1,6,0.7104085635975161,206
C/C(=C/CC[C@H](CO)c1cc2cc(O)c(O)cc2o1)CO,0,3,0.3661391871238407,1163
COC(=O)/C(=N\Nc1ccccc1)C(=O)C(F)(F)F,0,3,0.18607939941731036,17
Cn1ncc2c1-c1sccc1C2NC(=O)CN1CCN(Cc2ccccc2)CC1,1,3,0.6369083673028382,1869
O=C(CC1CCN(Cc2ccc(F)cc2)CC1)Nc1n[nH]c2cc(-c3cccnc3)ccc12,1,1,0.844553473634889,1195
COc1ccc(-c2nc(NCC3CCN(Cc4ccccc4C(F)(F)F)CC3)sc2-c2ccc(OC)cc2)cc1,1,3,0.9288717362427245,144
CC(COC(=O)c1ccc(Oc2nc(Oc3ccc(C(=O)OCC(C)N(C)C)cc3)nc(Oc3ccc(C(=O)OCC(C)N(C)C)cc3)n2)cc1)N(C)C,0,4,0.5394780232326212,228
CCOC(=O)C1=C(C)Oc2nc3c(c(N)c2[C@H]1c1ccc(OC)c(OC)c1)CCC3,0,6,0.4085645855706331,312
CCOP(=O)(OCC)Oc1ccc([N+](=O)[O-])cc1,1,10,0.5197647657917556,17
COc1cc2cc(C(=O)CCC3CC[N+](C)(CCOc4ccccc4)CC3)sc2cc1OC,1,9,0.9050500930938453,1870
COc1ccccc1CN1CCC(CCC(=O)c2ccc3c(c2)CCN3)CC1,1,10,0.8011499294513835,43
COC(=O)C1=CO[C@@H](C)[C@H]2C[n+]3ccc4c([nH]c5ccccc54)c3C[C@H]12,1,3,0.5795044905341958,1871
CC(C)C1=N[C@H]2CC[C@]34C[C@]35C(=O)C[C@]3(C)[C@@H]([C@H](C)N(C)C(=O)c6ccccc6)[C@H](O)C[C@@]3(C)[C@@H]5CC[C@H]4[C@]2(C)CS1,1,2,0.8782350142381123,1872
COc1ccc(/C=C/C(=O)c2cc(I)c(OC)cc2O)cc1,1,1,0.6211144258189472,33
O=C(/C=C/Nc1cccc(Br)c1)c1cc2ccccc2o1,1,1,0.9128444216929054,195
O=C(O)c1cccc(N/C=C/C(=O)c2cc3ccccc3o2)c1,1,4,0.8472078991247801,195
O=C(CCCCCCCCc1ccc(O)c(O)c1)c1c(O)ccc(C(CCCCCCCCc2ccc(O)c(O)c2)c2c(O)cccc2O)c1O,0,6,0.31045705356084224,1873
O=C(CCc1ccc2nc(-c3ccccc3)c3c(c2c1)OCCC3)NCCCCCCCNc1c2c(nc3cc(Cl)ccc13)CCCC2,1,3,0.9939847933406939,1874
NC(=O)c1cc[n+](CCC[n+]2cccc(NC(=O)/C=N\O)c2)cc1,0,4,0.03558010885094971,283
Cc1ccc2onc(CCC3CCN(Cc4ccccc4)CC3)c2c1,1,3,0.9651439880395905,231
N#CC1=C(N)N2CCCNC2=C([N+](=O)[O-])C12C(=O)Nc1ccc(F)cc12,1,5,0.5328888506143133,730
Cc1cccc(-c2cnc3cccnc3n2)c1,1,4,0.6254317377279676,525
COc1ccc(CCOCCCCCNc2c3c(nc4ccccc24)CCCC3)cc1,1,1,0.966019484506126,165
O=C(CO[N+](=O)[O-])NCCCCNc1c2c(nc3ccccc13)CCCC2,1,6,0.986195052626815,141
O=C(CCC1CCN(Cc2ccccc2)CC1)c1cc2c3c(c1)CCC(=O)N3CCC2,1,8,0.9888251724524886,1875
COc1cc2nc3c(c(N4CCOCC4)c2cc1OC)CCCC3,1,9,0.7011405402995889,1876
COc1cc2[se]n(CCCCC3CCN(Cc4ccccc4)CC3)c(=O)c2cc1OC,1,4,0.9497331486695331,1877
c1ccc(CN2CCN(c3nc(-c4ccccc4)nc4ccccc34)CC2)cc1,1,3,0.58134037465982,1878
CCCNC(=O)Oc1ccc2c(c1)[C@]1(C)CCN(CC)[C@@H]1C2,1,3,0.7416229937027505,309
O=C(NC1CCN(Cc2ccccc2)CC1)c1ccc2c(c1)OCCCO2,1,6,0.6886702378967381,1879
COc1cccc(C(F)(F)F)[n+]1C,0,7,0.3890954623952197,46
CC(C)(C)c1cccc(C(=O)C(F)(F)F)c1,1,8,0.6759801842657818,17
N[C@@H](Cc1c[nH]c2ccccc12)C(=O)NCCCCCNc1c2c(nc3cc(Cl)ccc13)CCCC2,1,9,0.9743885961493068,401
C[n+]1ccc2c3ccccc3n(CCCCCCCCCn3c4ccccc4c4cc[n+](C)cc43)c2c1,1,8,0.7183237336667254,1880
COc1ccc2[nH]cc(CCNC(=O)CN(CCCC3CCN(Cc4ccccc4)CC3)C(=O)/C=C/c3ccc(O)c(OC)c3)c2c1,1,8,0.7187330297247698,1881
N#CC(C#N)C1=NCCN1CCNCc1ccc(CN2CCCC2)o1,1,4,0.8860622687551017,1882
CCCN1CCN(c2nccc(NCc3cccc4ccccc34)n2)CC1,0,6,0.04034577167271981,217
CC(C)(C)c1cc[n+](C[n+]2ccc(C(C)(C)C)cc2)cc1,0,5,0.26703283376882536,1883
O=C(O)c1c(O)cccc1CCCCCCCCNc1c2c(nc3ccccc13)CCCC2,1,2,0.9944760078499003,32
COc1ccc2c3c1O[C@H]1C[C@@H](O)C=C[C@@]31CCN(CCCCc1cn(CCCCC(=O)NCCc3c[nH]c4ccccc34)nn1)C2,1,1,0.8473093277933292,668
O=C(CCC1CCN(Cc2ccccc2)CC1)c1ccccc1,1,3,0.9019779622474446,1153
COc1ccc(NC(=O)C2CCN(C(=O)c3ccccc3)CC2)cc1,1,7,0.5560806631814385,906
CCC1=CC2Cc3nc4cc(F)ccc4c(N)c3C(C1)C2,1,7,0.8336821520642698,114
Cc1cc(=O)oc2cc(OCCSC(=S)N(C)C)ccc12,0,2,0.624423224764003,1884
Fc1ccc2[nH]c3ccncc3c2c1,0,8,0.385921935993379,582
O=C(/C=C/c1ccc(OCc2ccccc2)cc1)NCCNc1c2c(nc3ccccc13)CCCC2,1,3,0.918767702274612,1762
C#CC(C)OC[n+]1ccn(C)c1/C=N/O,0,4,0.03000805649158556,154
N#Cc1c(N)nc(NCCC2CCN(Cc3ccccc3)CC2)c(C#N)c1-c1ccccc1,1,4,0.9135465576974059,1885
O=C1C(=O)N(C(=O)c2ccccc2)c2ccc(CNc3ccc(Br)cc3)cc21,1,4,0.8580204721735182,1886
Cc1ccc2c(N)c3c(nc2c1)CCCC3,1,9,0.8507058035755066,141
O=C1c2ccccc2C(=O)C12N1CSC[C@@H]1[C@@H](c1ccccc1)[C@@]21CSc2ccccc2C1=O,0,2,0.017261239554673753,426
Nc1cc(O)c(C(=O)CCC2CCN(CC3CCCCC3)CC2)cc1Cl,1,7,0.9359056205374088,31
O=C1CCN(Cc2ccccc2)C/C1=C\c1c[nH]c2ccc(OCc3ccccc3)cc12,0,1,0.3776897403084959,1887
Cc1c(C)c2ccc(OCCCN(Cc3cccc(F)c3)C(C)C)cc2oc1=O,1,4,0.8474042327779263,575
COc1cc(Oc2c(O)cc(Oc3c(O)cc(O)c4c3Oc3c(O)cc(O)cc3O4)cc2O)cc2c1Oc1c(Oc3cc(O)cc(O)c3)c(O)cc(O)c1O2,0,9,0.1397593372732024,465
Cc1nc(C(=O)NCCCCNc2c3c(nc4ccccc24)CCCC3)cc2c1[nH]c1ccccc12,1,2,0.9837450458957717,1888
COc1ccc(CCN2CC(=O)N(CCc3ccccn3)CC2=O)cc1OC,0,10,0.4319738501514085,1889
COc1ccc(/C=C/C(=O)c2ccc3c(c2O)C=CC(C)(C)O3)cc1,0,6,0.4161575519522364,860
C=CCC1(OC)OCc2c(OC)c(OC)cc3ccnc1c23,0,10,0.2690294387935603,826
CCCN(CCC)CCCCCOc1ccc(C(=O)/C=C/c2ccccc2)cc1,0,10,0.03222000888140549,33
CCCCCCOC(=O)[C@@H](CCC(=O)NCCC1CCN(Cc2ccccc2)CC1)NC(=O)c1ccccc1,1,9,0.9539902237865597,99
CCN(CCCCCC(=O)N(C)CCCCCCCCN(C)C(=O)CCCCCN(CC)Cc1ccccc1C)Cc1ccccc1C,1,8,0.9181005352049281,318
C[C@@H]1CC[C@H]2[C@H](C(=O)c3c4c(cn(O)c3=O)[C@@]3(O)CC[C@H](O)[C@H](O4)[C@@H]3O)[C@H](C)C=C[C@@H]2C1,0,4,0.3145576303246969,1890
CCCCCCCNC(=O)Oc1cccc(CN(C)CCCCCOc2ccc3c4c(c(=O)oc3c2)CCCC4)c1,1,1,0.9441920902379735,1891
C#CCN(C)CCc1cccc(OC(=O)N(C)C)c1,1,3,0.48423413115693903,17
COc1c2c(cc3c1OCO3)[C@]13C=C[C@H](OC)C[C@@H]1[N@](C2)C[C@H]3OC(=O)c1cccc([N+](=O)[O-])c1,0,5,0.23281113273856363,796
COc1ccc(C2CC(c3cc(F)ccc3F)=NN2c2ccc(S(N)(=O)=O)cc2)c(OC)c1,1,1,0.9656896365821327,16
COc1cc2c(cc1OC)SC(C(=O)CCc1cc[n+](Cc3ccc(F)cc3)cc1)C2,1,10,0.9372628376227946,814
COc1cc2c3cc1Oc1c(O)c(OC)cc4c1[C@@H](Cc1ccc(O)c(c1)Oc1ccc(cc1)C[C@@H]3N(C)CC2)N(C)CC4,0,5,0.3152829320144633,1892
c1ccc2c(CNc3ccnc(N4CCNCC4)n3)cccc2c1,0,4,0.0608683449707992,217
CC[n+]1cc(C(=O)NC)cc2c(OC(=O)N(C)C)cccc21,1,2,0.8608069307224506,95
CNC(=O)c1sc(-c2ccnc(NC(=O)CNCCNc3c4c(nc5ccccc35)CCCC4)c2)nc1OCC(C)C,1,9,0.9939312918537284,556
CN1CCC(CCC2C(=O)Nc3ccccc3C2=O)CC1,1,4,0.7109404082744846,1893
COc1cc2c(cc1OC)C(=O)/C(=C/c1cc[n+](Cc3ccc([N+](=O)[O-])cc3)cc1)C2,1,7,0.8797240464711509,200
CCOC(=O)c1cc2c(N)c3c(nc2nc1C)CCCC3,1,7,0.5774101401726669,127
CC1=C[C@@H]2Cc3nc4cc(Cl)ccc4c(NCCCN(C)CCCCNc4c5c(nc6cc(Cl)ccc46)CCCC5)c3[C@H](C1)C2,1,2,0.9948745921125486,950
O=c1c(O)c(-c2ccc(O)c(O)c2)oc2cc(O)ccc12,1,6,0.28936094397356243,158
Fc1cccc(NCCCCCCCCNc2ccnc3cc(C(F)(F)F)ccc23)c1,1,10,0.9698355829361947,107
O=C(CCCCCCNc1c2c(nc3ccccc13)CCCC2)NCCc1c[nH]c2ccccc12,1,1,0.997723974728373,444
C[N@+]1(Cc2ccccc2)CC[C@H](CCC(=O)c2ccc3c(c2)CCO3)CC1,1,3,0.9242076015353651,1894
COc1cc(-c2cc(-c3ccc(Br)cc3)nc3[nH]nc(N)c23)cc(OC)c1OC,1,5,0.824214254961646,104
COc1cc2c(cc1OC)SC(C(=O)CCc1cc[n+](CC3CCC3)cc1)C2,1,9,0.9014031942202071,1895
Cc1ccccc1NC(=O)Oc1ccc2c(c1)[C@]1(C)CC[N+](C)(C)C1N2C,1,1,0.9762596724374061,631
COc1ccc(/N=C/c2cn(-c3ccc(OC)cc3)cc2/C=N/c2ccc(OC)cc2)cc1,0,6,0.5670811884826381,1896
C[C@@H]([C@H]1CC[C@H]2[C@@H]3CC[C@H]4C[C@@H](NC(=O)c5ccccc5)[C@@H](O)C[C@]4(C)[C@H]3CC[C@]12C)N(C)C,0,9,0.33395800766241857,1602
COc1cccc(/C=C/C(=O)NCCC2CCN(Cc3ccccc3)CC2)c1,1,6,0.9040860254385045,50
COc1cc(/C=C/c2nnc(-c3ccc(Cl)cc3Cl)o2)ccc1O,1,3,0.6901585726283319,723
CCN(CC)C(=O)Oc1ccc(/C=C/C(=O)N2CCc3ccccc3C2)cc1OC,0,8,0.06020208865922402,1102
COc1cc(O)c2c(c1)C1=C(c3c(O)c(O)cc(C)c3-c3cc(OC)cc(O)c3C(=O)O)C(=O)C(O)=CC1(C)OC2=O,0,7,0.2753565244587202,1897
Cc1cc(NS(=O)(=O)c2ccc(NC(=O)COc3ccccc3-c3nc(-c4ccccc4)no3)cc2)no1,1,10,0.7986477746771773,1898
c1cc2c(cc1OCCCN1CCCCC1)CN1CCCCCC1=N2,1,5,0.8527248102402536,1899
CCN(CC)Cc1cc2cc(c1O)Oc1ccc(cc1)C[C@H]1c3cc(c(OC)cc3CCN1C)Oc1c(OC)c(OC)cc3c1[C@@H](C2)N(C)CC3,0,4,0.37569869827408114,1892
O=C(CCCCCCCCc1ccc(O)c(O)c1)c1c(O)ccc(C(CCCCCCCCc2ccc(O)cc2)c2c(O)cccc2O)c1O,0,9,0.30306492867689233,1873
Cc1cccc2sc(NC(=O)CCN3CCN(CCN(C)C)CC3)nc12,1,2,0.35386687159626234,866
Cc1ccc2c(NCc3ccccc3)c3c(nc2c1)CCCC3,1,10,0.8884545091742492,435
Cc1cc(C)c(C(=O)n2nc(OCCN3CCCCC3)c3ccccc32)c(C)c1,0,10,0.37106102340895514,159
NC(=O)c1cc[n+](C/C=C/C[n+]2ccc(/C=N/O)c(Cl)c2)cc1,0,8,0.0337614247306206,188
CNC(=O)c1sc(-c2ccnc(NC(=O)CNCCCCCCNc3c4c(nc5ccccc35)CCCC4)c2)nc1OCC1CC1,1,6,0.9910092381588993,1900
CNC(=O)Oc1cccc(CN(C)CCCCCCOc2ccc(C(=O)/C=C/c3cc(OC)c(OC)c(OC)c3)c(O)c2)c1,1,7,0.7549061402387179,1901
O=C1c2ccccc2C(=O)N1CCCCCCCCNCc1ccccc1F,1,7,0.9777257828117744,306
C[n+]1ccn(COCCS(C)(=O)=O)c1/C=N/O,0,5,0.12499798134354868,154
O=C(NCCCCCCNc1c2c(nc3ccccc13)CCCC2)c1cc2c([nH]c3ccccc32)c(-c2ccccc2)n1,1,1,0.9912604244752468,1827
COc1cc2c(cc1OC)C(=O)C(CC1CCN(Cc3ccc(C)cc3)CC1)C2,1,10,0.9780809685744756,23
COC(=O)C(CC1=C(c2ccc(Cl)cc2)CC(C)(C)ON1C(C)=O)C(=O)OC,0,10,0.3209319947393291,1176
CCOC(=O)C1=CN(C)c2cccc(OC(=O)N(C)C)c2C1,1,7,0.6724894482502937,1902
COc1ccc2cc3[n+](cc2c1OCc1ccc(C)cc1)CCc1cc2c(cc1-3)OCO2,0,1,0.5580725118725135,550
Cc1cc(=O)oc2cc(OCCSC(=S)N3CCCCC3)ccc12,1,4,0.8345281227941517,1903
COc1cc(CCC(=O)/C=C/CCCNc2c3c(nc4cc(Cl)ccc24)CC2CC(C)=CC3C2)ccc1O,1,10,0.9463390305565103,1904
CNc1ccccc1-c1nc(C(=O)O)cs1,0,10,0.3083269409144335,597
CCOC(=O)C1=C(C)Oc2nc3c(c(N)c2[C@H]1c1ccccc1OC)CCCCC3,0,4,0.296280937069155,324
COc1cc2c(cc1OC)C(=O)C(Oc1ccc(CN3CCCCC3)cc1)C2,1,1,0.966759755111197,1723
N#CC(C#N)=C1NCCN1CCNCc1ccc(CN2CCCC2)o1,1,4,0.8383251295497449,1905
CN(CCCOc1ccc2cc(-c3ccc(Cl)cc3)c(=O)oc2c1)Cc1cccc(OC(=O)NCCCCCc2ccccc2)c1,1,4,0.9424679140307333,56
Cn1cc(C(=O)NCCCCCCCNc2c3c(nc4cc(Cl)ccc24)CCCC3)c2ccccc21,1,3,0.9953373172119511,513
O=C(NCCCCNc1c2c(nc3ccccc13)CCCC2)Oc1ccc2cc[nH]c2c1,1,3,0.9896098133241152,1906
CN[C@@H](C)[C@H]1[C@H](O)C[C@@]2(C)[C@@H]3CC[C@H]4[C@]5(C)CSC(C(C)C)=N[C@H]5CC[C@@]45C[C@@]35C(=O)C[C@]12C,1,1,0.8246229047799744,475
COc1cc2c(cc1OC)C(=O)C(Cc1ccc(CN3CCCC3)cc1)C2,1,1,0.9726479035520975,1907
c1cc[n+](CCCCCCCCCCC[n+]2ccc3ccccc3c2)cc1,1,9,0.9028874130252104,1908
COc1cc2c(cc1O)CCC(C)(CC(=O)NCCCCCCCCNc1c3c(nc4cc(Cl)ccc14)CCCC3)O2,1,10,0.9996090294884539,1216
C[C@@H]1CC[C@]2(C(=O)NCc3cccc(Br)c3)CC[C@]3(C)C(=CC[C@@H]4[C@@]5(C)C[C@@H](O)[C@H](O)[C@@](C)(CO)[C@@H]5CC[C@]43C)[C@@H]2[C@]1(C)O,0,9,0.10065864508264288,355
O=C1c2ccccc2C(=O)N1CCCCCCCCNCc1cccc(Cl)c1,1,4,0.9571686914526455,306
COCCN1CCN(c2nccc(NC(c3ccccc3)c3ccccc3)n2)CC1,0,4,0.18543153317727207,307
CCN1CCN(c2ccc(C3CC(c4ccc(OC)c(OC)c4)=NN3C(C)=O)cc2)CC1,0,5,0.49766910681365656,1909
COc1ccc(NC(=S)NCCN(C)C)cc1Cl,0,1,0.31882157860900584,17
CCCCCCCSC(=O)OCC[N+](C)(C)C,0,1,0.22011088092744227,21
COc1cccc(CN2CCN(CCOc3ccc4c(c3)oc(=O)c3ccccc34)CC2)c1,0,2,0.26723853471199316,1274
CN(C)C(=O)NC1CCc2cc(O)ccc2C1,1,10,0.7781700214047965,531
Cc1cc(=O)[nH]c2c1C(=O)C(NCCNc1c3c(nc4cc(Cl)ccc14)CCCC3)=CC2=O,1,10,0.9422963549644501,276
C[N+](C)(CC#CCOC1=NOCC1)CCCCCCCNc1c2c(nc3ccccc13)CCCC2,1,9,0.9700668302599168,1910
Cc1cn2cc(C(N)=O)ccc2[n+]1C,0,8,0.3243870843390285,1911
Nc1ccccc1C(=O)/C=C/c1cnc2ccccc2c1,1,4,0.4445478558376134,1912
Cc1ccc2c(N)c3c(nc2c1)CCCCC3,1,9,0.7034541892129261,663
O=C(N/N=C/c1ccc([N+](=O)[O-])cc1)c1ccc(Cl)nc1,1,8,0.7014620807332375,774
C[N+]1(Cc2ccccc2)CCC(CCC(=O)c2ccc3c(c2)CCCCO3)CC1,1,5,0.8878771083548556,1913
Cc1c(C)c2ccc(OCC3CCN(Cc4cccc(OCCCO[N+](=O)[O-])c4)CC3)cc2oc1=O,1,1,0.7033553780274857,1049
CC(C)OC[n+]1ccn(C)c1/C=N/O,0,10,0.021554299468937332,154
COc1cccc2cc[n+](-c3ccc(Br)cc3)cc12,1,10,0.8860183663484247,189
CN(Cc1ccccc1)Cc1ccc(COc2ccc3ccc(=O)oc3c2)cc1,1,2,0.782869457028708,68
C#CCOP(C)(=O)OC(C(F)(F)F)C(F)(F)F,0,4,0.25890756252288044,21
COc1cc2c(C)c(OC)c(=O)oc2cc1OCCCCOc1cc(O)cc(N(C)C)c1,1,3,0.7332931892903765,1914
O=C(CCc1ccc2nc(-c3ccccc3)c3c(c2c1)OCCC3)NCCCCCCCCNc1c2c(nc3cc(Cl)ccc13)CCCC2,1,10,0.995862411216879,1915
CN(CCc1cccnc1)Cc1ccc(COc2ccc3c(CO)cc(=O)oc3c2)cc1,0,9,0.8463287982689404,1916
COC(=O)c1c[n+](Cc2cccc(Cl)c2)ccc1CCC(=O)c1ccc(OC)c(OC)c1,1,10,0.9133950571749072,430
COc1ccc(Cc2nccc3cc(OC)c(OC)cc23)cc1OC,0,2,0.4258753378013014,924
CNC(=O)Oc1cccc(CN(C)CCCOc2cccc(Cc3ccccc3)c2)c1,1,5,0.959599338653401,1917
CN(CCOCCNC(=S)NC(=O)c1ccc(Cl)c(Cl)c1)Cc1ccccc1,1,4,0.9176101728458044,27
CCCCCCCNc1c2c(nc3ccc(OC)cc13)CCCC2,1,8,0.6438314997318307,141
COc1ccc(-c2ccccc2/C=C2/Cc3cc(OC)ccc3C2=O)cc1,1,3,0.6757410622910033,1918
COc1ccc(-c2cc3c(c(=O)o2)C[C@@]2(O)[C@@]4(C)C=CC(=O)C(C)(C)[C@@]4(O)CC[C@@]2(C)O3)cc1,1,1,0.767047925161444,1919
Cc1cccc(-c2nccc(N3CCOCC3)n2)c1,1,7,0.46291660694161274,1920
COc1cc2c(c(O)c1OC)CC[n+]1cc3c(OC)c(O)ccc3cc1-2,0,7,0.35461962162396865,1921
CNC(=O)Oc1cccc(CN(C)CCCCCCCCCOc2ccc3c(=O)c4ccccc4oc3c2)c1,1,6,0.9634402157434812,1922
CC(C)C1CCN(c2nccc(NCc3cccc4ccccc34)n2)CC1,0,8,0.06669241951543087,1307
CC[N+]1(Cc2ccccc2[N+](=O)[O-])CCCCCC[N+](CC)(Cc2ccccc2[N+](=O)[O-])CCCCCn2c(=O)cc(C)n(c2=O)CCCCC1,1,9,0.8687381964151384,1923
COc1cc2c(cc1OC)CC(CN1CCN(CCCNc3c4c(nc5cc(Cl)ccc35)C[C@H]3C=C(C)C[C@@H]4C3)CC1)C2,1,10,0.9777193353283351,1924
COc1ccc(C(C)NS(N)(=O)=O)cc1OC,1,8,0.7165002265071523,17
COc1ccccc1NC(=O)C1CCN(C(=O)c2ccccc2)CC1,1,7,0.6150038672368475,906
O=c1[nH]c(CCCCC2CCN(Cc3ccccc3)CC2)nc2c1cnn2C1CCCC1,1,6,0.8472143264151542,1925
CC(CC(=O)C[C@@H](C)[C@H]1C[C@H](O)[C@@]2(C)C3=C(C(=O)C[C@]12C)[C@@]1(C)CCC(=O)C(C)(C)[C@@H]1CC3)C(=O)O,0,5,0.08323018509588363,603
CC(C)=CC[C@]12C[C@@H]3[C@@H]4[C@@H](O)C(C)(C)[C@@H](C(C)C)CC4(C1=O)C(=O)[C@](C(=O)c1ccccc1)(C2=O)C3(C)C,0,7,0.32148870360687726,1926
CCOC(=O)c1sc(-c2ccnc(NC(=O)C3CC3)c2)nc1OCCNc1c2c(nc3ccccc13)CCCC2,1,4,0.9750051474915749,618
CNC(=O)Oc1cccc(CN(C)CCCCCCCOc2ccc3c(c2)O/C(=C\c2cc(Cl)cc(Cl)c2)C3=O)c1,0,2,0.9669999350943373,535
CC1(c2nccc3cc4c(cc23)OCO4)OC(O)c2c1ccc1c2OCO1,0,4,0.2734635635283969,476
CCN(C)C(=O)Oc1cccc([C@H](C)N(C)C)c1,1,2,0.3250544355780493,17
Cc1ccc(-c2nc(NCC3CCN(Cc4ccccc4C)CC3)sc2-c2ccc(C)cc2)cc1,1,4,0.9468616065604637,144
O=C(NCCc1c[nH]c2ccccc12)c1ccc[n+](Cc2ccccc2)c1,0,6,0.3648178554963026,1847
O=C(NCCCNc1c2c(nc3ccccc13)CCCC2)Oc1ccc2cc[nH]c2c1,1,10,0.9865614998866467,1927
N#Cc1ccc2c(CCC3CCN(Cc4ccccc4)CC3)noc2c1,1,3,0.9590683491902727,231
C[n+]1c2ccccc2c(-c2cccs2)c2ccccc21,0,3,0.22641469805732475,1928
CCCCCCCNc1c2c(nc3cc(Cl)ccc13)CCCC2,1,10,0.9594340152580747,141
CCN(CCCCCC=Nc1cc(O)c(NCCCCCCN(CC)Cc2ccco2)cc1O)Cc1ccco1,1,5,0.9210706782060206,1929
COP(=O)(OC)O/C(C)=C1\CCOC1=O,0,6,0.4046019657522915,1930
CN(C)C(=O)Oc1ccc2c(c1)C=CCN(C)[C@@H]2CCOc1ccc([N+](=O)[O-])cc1,1,4,0.7510595987921462,48
N[C@@H](Cc1ccc2ccccc2c1)C(=O)NCC(=O)Nc1c2c(nc3ccccc13)CCCC2,0,3,0.8198275559330159,1931
CC[N+](CC)(CCCCCn1c(=O)cc(C)n(CCCn2c(C)cc(=O)n(C)c2=O)c1=O)Cc1ccccc1[N+](=O)[O-],1,5,0.8948868213616027,705
CN1CCN(Cc2ccc(NC(=O)c3cc4cc(Cl)ccc4oc3=O)cc2Cl)CC1,1,10,0.7747142627041573,130
COc1ccc(OC)c(CN2CCC(c3oc4ccccc4c3C(=O)c3ccccc3)CC2)c1,0,6,0.15240121827110692,787
Cc1ccccc1NC(=O)Oc1ccc2c(c1)[C@]1(C)CCN(CCc3ccccc3)C1N2C,1,6,0.8327423406206772,1828
C#CCCCCCCCCCN(C)C(=O)Oc1cccc2c(CN(C)CCC3CCCCCC3)c[nH]c12,1,10,0.7939988810621045,268
CC1=CC2Cc3nc4cc(Cl)ccc4c(NCCCCCCCCCNS(=O)(=O)c4cn[nH]c4)c3C(C1)C2,1,5,0.9528098818206028,1932
CNC(=O)Oc1cccc(CN(C)CCCOc2ccc3ccc(=O)oc3c2)c1,1,10,0.9379693390426621,575
NS(=O)(=O)c1ccc(C(=O)n2[nH]c(=O)c3cc(F)ccc3c2=O)cc1,1,6,0.6917722051499223,474
CCN(CCCCCCNC1=CC(=O)C(NCCCCCCN(CC)[C@@H](C)c2ccccc2OC)=CC1=O)[C@@H](C)c1ccccc1OC,1,1,0.8072645094649108,124
C#CCC1CCCc2ccc(OC(=O)N(C)CC)cc21,0,8,0.2927987864494422,531
Cc1ccc2[nH]c(-c3ccc(OCCN4CCCCC4)cc3)nc2c1,1,6,0.46279881757500085,975
CC(=O)NCCc1c[nH]c2ccc(OC(=O)NCCCCCCCCCCNc3c4c(nc5ccc(Cl)cc35)CCCC4)cc12,1,4,0.9009519866157977,1035
CN(CCC1CCN(Cc2ccccc2)CC1)C(=O)c1ccccc1,1,10,0.8451886804820014,1092
CCCCCCNC(=O)Oc1ccc2c(c1)[C@@H]1CCN(CC)C1C2,1,3,0.9028083956649865,309
c1cnc(Nc2nnc(-c3cccc4ccccc34)o2)nc1,1,7,0.4658254423700821,1933
Cc1c(C(C)C)c(=O)on1C(=O)N1CCC[C@H](C)C1,0,8,0.4615879015555955,1934
O=C(N1CCCCC1)n1nc(-c2ccc(Cl)cc2)nc1SCC1CC1,1,7,0.6939477369191983,1935
c1ccc(CCCCCNc2c3c(nc4ccccc24)CCCC3)nc1,1,8,0.9746150798348486,1284
CCn1c(=O)n(C)s/c1=N\CCC1CCN(Cc2ccccc2)CC1,1,1,0.8880192967536539,1936
CCN1CCc2cc(-c3cnc4[nH]c5cnc(C#N)cc5c4c3)ccc2C1,1,10,0.770313515785038,1937
COc1cc2ncnc(N3CCN(Cc4ccccc4)CC3)c2cc1OC,1,9,0.7736758323611191,1326
CC1=CC2Cc3nc4cc(Cl)ccc4c(NCCCCCCCCNc4c5c(nc6ccccc46)CCCC5)c3C(C1)C2,1,1,1.0,695
CC(C)C1=N[C@H]2CC[C@]34C[C@]35C(=O)C[C@]3(C)[C@@H]([C@H](C)N(C)C)[C@H](O)C[C@@]3(C)[C@@H]5CC[C@H]4[C@]2(C)CC1,1,1,0.7289546024368597,1938
COc1cc2c(cc1O)CC[n+]1cc3c(OC)c(O)ccc3cc1-2,0,4,0.3391182896238428,1921
COc1cc2c(cc1OC)C(=O)C(CC1(F)CCN(Cc3ccc(F)cc3F)CC1)C2,1,5,0.9410512901024354,23
O=C(CCCc1c[nH]c2ccccc12)NCCCCCCNc1c2c(nc3cc(Cl)ccc13)CCCC2,1,5,0.9998067168219772,1939
Cc1cc2c(cc1OC(=O)Nc1ccccc1)[C@]1(C)CCN(C)[C@@H]1N2C,1,6,0.7843254794570742,44
COc1cc2c(cc1OC)SC(C(=O)CC1C=CC[N+](C)(Cc3ccccc3)CC1)C2,1,2,0.7937537735423429,1940
O=C(CCC1CCN(Cc2ccccc2)CC1)c1cc2c3c(c1)CC(=O)N3CCC2,1,3,0.990798490500526,1941
Cc1ccc(C[n+]2ccc(COc3ccc4c(C)cc(=O)oc4c3)cc2)cc1,1,6,0.8893462342147186,175
CCCCNC(=O)Oc1cccc(CN(C)CCCOc2ccc3c(=O)c4ccccc4oc3c2)c1,1,7,0.9959455595627115,77
c1ccc(CN2CCC(CCc3nccc4ccccc34)CC2)cc1,1,8,0.8437445537577505,1942
CCCCCCCNC(=O)Oc1cccc(CN(C)CCCCCOc2ccc3c(c2)Oc2ncccc2C3)c1,1,2,0.9303905095116647,1943
c1cc(C[n+]2ccc(N3CCCCC3)cc2)cc(-c2cccc(C[n+]3ccc(N4CCCCC4)cc3)c2)c1,1,4,0.7024538388446164,1944
CN1CC[C@@]2(C)c3cc(OC(=O)NCCCCCCCCCN4CCOCC4)ccc3N(C)[C@@H]12,1,8,0.9107501955792932,1945
CC(C)=CCC/C(C)=C/Cc1c(O)cc2c(c1O)C(=O)C[C@@H](c1ccc(O)cc1)O2,0,5,0.15719416928139487,411
COc1cc(C(=O)NCCCCCCCCC(=O)NNc2c3c(cc4ccccc24)CCCC3)cc(OC)c1OC,1,6,0.8240336161210022,1946
COc1cc(CCC(=O)NCCC(=O)NNc2c3c(nc4ccccc24)CCCC3)cc(OC)c1OC,1,7,0.9309080297623501,1947
O=C(NCCCCCCCNc1c2c(nc3cc(Cl)ccc13)CCCC2)c1n[nH]c2ccccc12,1,10,0.9901626577086879,1948
COc1nc(-c2ccnc(NC(=O)C3CC3)c2)sc1C(=O)NCCCNc1c2c(nc3ccccc13)CCCC2,1,2,0.9961791522336043,1729
C[C@@H]1CC[C@H]2[C@H](C(=O)c3c(O)c([C@@]4(O)CC[C@@H](O)[C@H]5O[C@H]54)cn(O)c3=O)[C@H](C)C=C[C@@H]2C1,0,10,0.4361058214129416,1557
CCN1CCN(CCC(=O)Nc2nc3c(C)cccc3s2)CC1,0,1,0.40366957678616966,866
CCCCC1=NC2(CCCC2)C(=O)N1Cc1ccc(-c2ccccc2C(=O)OC)cc1,1,8,0.7417255753021099,1072
COC(=O)c1sc(-c2ccnc(NC(=O)C3CC3)c2)nc1OCCNc1c2c(nc3ccccc13)CCCC2,1,5,0.9754638690758505,618
O=C(/C=N\O)Nc1ccc[n+](CCCCCC[n+]2cccc(NC(=O)/C=N\O)c2)c1,0,9,0.054828712576633125,1201
COc1cc2cc(-c3ccc(CN(C)Cc4ccccc4C)cc3)c(=O)oc2cc1OC,1,7,0.86008948979208,206
c1ccc2c(c1)ccc[n+]2CCCCCCCCCCC[n+]1cccc2ccccc21,1,3,0.8798668938449727,1949
CCN(CC)CCCCCCOc1ccc2c(c1)C(=O)/C(=C/c1ccc(CN(C)Cc3ccccc3)cc1)C2,1,10,0.8995619116553369,203
Cc1ccc(S(=O)(=O)N2[C@H](C)CCC[C@@H]2C)cc1,1,3,0.8265357190857443,63
c1ccc(CN2CCC(CNc3n[nH]c4ccccc34)CC2)cc1,1,8,0.7489371214611592,1950
c1ccc(CN2CCC(Nc3ccc(-c4ccccc4)nn3)CC2)cc1,0,6,0.450077155445872,1951
COc1cc2c[n+]3c(cc2c(CO)c1OC)-c1c(cc2c(c1OC)OCO2)CC3,0,6,0.3646449458788857,1952
O=C(Nc1ccc(OC(F)(F)F)cc1)N1CCCN(CCc2ccccc2)CC1,1,10,0.608044320743471,1953
C[C@H](CCC(=O)O)[C@H]1CC(=O)[C@@]2(C)C3=C(C(=O)C[C@]12C)[C@@]1(C)CC[C@H](O)C(C)(C)[C@@H]1C[C@@H]3O,0,7,0.0644050119507219,1155
COc1ccc2cc3[n+](cc2c1OC)CCc1cc2c(cc1-3)OCO2,1,6,0.33313711266609486,1952
CN(C)CCCCCCCCNc1c2c(nc3ccccc13)CCCC2,1,1,0.9897739754636098,141
CCCCNC(=O)OCCCCCCCCCCCCO,1,6,0.9024469974705113,21
CCN(CCNC1=CC(=O)C(NCCN(CC)Cc2ccccc2OC)=CC1=O)Cc1ccccc1OC,1,5,0.8129243912437369,1954
COc1ccc(CN2CCC(c3cc4ccccc4o3)CC2)cc1,0,2,0.22452612596615074,20
CN(C)Cc1ccc(CSCCNc2cc(NCCCN3CCOCC3)c([N+](=O)[O-])cc2[N+](=O)[O-])o1,1,8,0.8705604724813342,1955
CCOC(=O)c1c(C)nc2nc3c(c(N)c2c1-c1cccc([N+](=O)[O-])c1)CCCC3,1,7,0.3911164843536438,425
COc1cc2c(cc1OC)C(=O)C(Cc1cccc(CN3CCCC3)c1)C2,1,9,0.9658083385012148,1956
COc1ccc(/C=C/C(=O)NCCC2CCN(Cc3ccccc3)CC2)cc1,1,6,0.916817980292011,50
C[C@@H]1CC[C@]2(C(=O)O)CC[C@]3(C)C(=CC[C@@H]4[C@@]5(C)C[C@@H](O)[C@H](O)[C@@](C)(CO)[C@@H]5CC[C@]43C)[C@@H]2[C@]1(C)O,0,8,0.04436252077542935,1957
CCCCCCCCNCC(=O)Nc1ccc2nc3n(c(=O)c2c1)CCC3,1,3,0.9603396368626195,261
CC[N+](CC)(CCCCCn1c(=O)cc(C)n(CCCCn2c(C)cc(=O)n(C)c2=O)c1=O)Cc1ccccc1[N+](=O)[O-],1,8,0.9535599945544678,1475
NC12CC3CC(F)(CC(C1)c1cc(NC(=O)CCCCNc4c5c(nc6cc(Cl)ccc46)CCCC5)ccc13)C2,1,9,0.972531339804588,1958
Cc1cccc(Oc2ccc3nc4c(c(N)c3c2)CCCCC4)c1,0,7,0.6151855930348927,961
CCOP(=O)(OCC)C(NCc1cccs1)c1cn(-c2ccccc2)nc1-c1ccc(Cl)cc1,1,10,0.7080307255128281,1959
COc1cc(/C=C2\Oc3cc(OCCN4CCCC4)ccc3C2=O)cc(OC)c1OC,1,7,0.771727763207849,1960
CCCCN(CCC1CCCCCC1)Cc1cn(OC(=O)N(C)C)c2ccccc12,1,2,0.6527023188018339,268
C#CCOC[n+]1ccn(C)c1/C=N/O,0,1,0.02674609648110156,154
O=[N+]([O-])OCCNCCCNc1c2c(nc3ccccc13)CCCC2,1,7,0.9671650014788764,141
c1ccc2c(NCCCCCCCCCCN3CCOCC3)c3c(nc2c1)CCCC3,1,6,0.9738934741324029,1961
CCN(CCCCCCCNC1=CC(=O)C(NCCCCCCCN(CC)Cc2ccccc2OC)=CC1=O)Cc1ccccc1OC,1,1,0.952451740702826,1962
COc1cc2c(cc1OC)C(=O)C(Cc1cc[n+](Cc3cccc(Cl)c3)cc1C(C)=O)CC2,1,6,0.9467561834610793,150
Cc1cc(=O)oc2cc(OCc3cc[n+](Cc4cccc(F)c4)cc3)ccc12,1,7,0.9581901824438231,175
O/N=C/c1ncc(CCCCCNc2c3c(nc4ccccc24)CCCC3)cc1O,1,5,0.8391912804223153,1963
CN(Cc1ccccc1)Cc1ccc(/C=C2\CCc3cc(OCCCCCN4CCCCC4)ccc3C2=O)cc1,1,9,0.7767319005171864,1964
COc1ccc2c(c1)CCC(NC(=O)N(C)C)C2,1,10,0.7646533512291414,531
COc1ccc(C2CC(c3ccccc3)=NN2c2ccc(S(N)(=O)=O)cc2)cc1OC,1,3,0.9029067690307532,16
CC1=CC2Cc3nc4cc(Cl)ccc4c(NCCCN(C)CCCNc4c5c(nc6ccccc46)CCCC5)c3C(C1)C2,1,6,0.9955478748183301,447
O=C(/C=C/c1ccc(Cl)cc1)NCCC1CCN(Cc2ccccc2)CC1,1,9,0.936660119154587,50
CCOC(=O)C1=C(C)Nc2nc3c(c(N)c2C1c1cccc([N+](=O)[O-])c1)CC(F)(F)CC3,1,1,0.9409864201787853,1
CCCCCCCCCCCCNc1c2c(nc3ccc(OC)cc13)CCCC2,1,4,0.4070350332075968,141
COc1ccc(Cn2cc(C(=O)NCCCCCCNc3c4c(nc5cc(Cl)ccc35)CCCC4)c(=O)c3ccccc32)cc1,1,3,0.955178591306234,978
O=C(CCCCCN1CCC2c3ccccc3NC2C1)Oc1ccc(/C=C2\CCn3c2nc2ccccc2c3=O)cc1,1,8,0.9021663197226896,1965
C#CCNC1CCCc2ccc(OC(=O)N(C)CC)cc21,0,4,0.06254697139782824,531
CC1=CC2Cc3nc4ncccc4c(N)c3C(C1)C2,1,7,0.5302576735048689,1966
O=C1CN(/N=C/c2ccc(-c3cccc([N+](=O)[O-])c3)o2)C(=O)N1CCC1CCN(Cc2ccccc2)CC1,1,1,0.9080152498439882,1097
O=c1c2cc(OCCCn3ccnc3)ccc2nc2n1CCCc1ccccc1-2,0,4,0.7415106801850143,1967
O=C1Nc2ccccc2CN1CCC1CCN(Cc2ccccc2)CC1,1,8,0.9001897881988272,1968
CCN(C)C(=O)Oc1cc(C(C)N(C)C)cc2oc(=O)c3ccccc3c12,0,3,0.37239221090779434,521
COc1ccccc1CNCCCCCC(=O)N1CCC(CCC2CCN(C(=O)CCCCCNCc3ccccc3OC)CC2)CC1,1,1,0.8870491867597241,1319
CC(=O)Nc1ccc2nc3c(c(N4CCCCC4)c2c1)CCCC3,1,3,0.7662113778377537,770
Cc1ccc([C@H]2C3=C(CC(C)(C)CC3=O)Nc3nc4c(c(N)c32)CCCC4)cc1,1,2,0.7812444746845799,510
S=C(NCCCCNc1c2c(nc3ccccc13)CCCC2)Nc1c[nH]c2ccccc12,1,1,0.9526731114588942,1969
COc1cc([C@H]2Oc3cc(O)c(C/C=C(\C)CCC=C(C)C)c(O)c3C(=O)[C@@H]2O)ccc1O,0,7,0.12470497098663223,411
COC(=O)c1cc2c(OC(=O)N(C)C)cccc2[n+]([11CH3])c1,1,1,0.8979226106941168,95
COC(=O)c1cc2c(OC(=O)N(C)C)cccc2[n+](C)c1,1,3,0.9013894317869654,95
CC(C)c1ccc(NC(=O)Oc2ccc3c(c2)[C@]2(C)CCC(C)[C@@H]2C3C)cc1,1,8,0.7718457016951014,1236
CC(=O)Nc1ccc(-c2c3ccccc3[n+](C)c3ccccc23)cc1,0,3,0.25119576425042306,113
c1ccc2c(NCCOCCOCCNc3c4c(nc5ccccc35)CCCC4)c3c(nc2c1)CCCC3,1,5,0.9822660790440719,1970
CN(CCCNC(=O)CCc1c[nH]c2ccccc12)CCCNc1c2c(nc3ccccc13)CCCC2,1,6,0.9847330664529731,1971
O=C1C(Cl)=C(NCCCNc2c3c(nc4cc(Cl)ccc24)CCCC3)C(=O)c2ccccc21,1,6,0.9970551215277778,377
OC1CCN2Cc3ccccc3N=C12,0,7,0.3589406785356032,1972
COc1ccc(C(=O)c2c(C3CCN(Cc4cc(OC)ccc4OC)CC3)oc3ccccc23)cc1,0,5,0.1461446203282756,787
CN(CCCOc1ccc2c(=O)c3ccccc3oc2c1)Cc1cccc(OC(=O)NCCCCCCCCN2CCOCC2)c1,1,10,0.9827631860462361,1973
N/C(=N\O)c1cccc(NC(=O)Nc2ccccc2F)c1,0,2,0.04647114980203583,38
Clc1ccc2c(NCCCCCCCCNC34CC5CC(CC(C5)C3)C4)ccnc2c1,1,6,0.8958582790873909,1974
Clc1ccc2c(NCc3ccccc3)c3c(nc2c1)CCCC3,1,10,0.930830266508925,435
CCCCCCNCC(=O)Nc1ccc2nc3n(c(=O)c2c1)CCC3,1,4,0.9303579799161446,261
COc1cc(/C=C/C(=O)Nc2ccccc2)ccc1OCCCCCCCCCCN1CCCCC1,0,10,0.18786372998158515,1975
CCN(CCCCCCNC1=CC(=O)C(NCCCCCCN(CC)Cc2ccco2)=CC1=O)Cc1ccco1,1,6,0.9456374663451173,1976
COc1cc2c(cc1OC)CC(CC1CCN(CCNc3c4c(nc5cc(Cl)ccc35)CC3C=C(C)CC4C3)CC1)C2,1,9,0.9494151531618336,1411
COc1ccc(Cn2cc(C(=O)NCCCCCCCCNc3c4c(nc5ccccc35)CCCC4)c(=O)c3ccccc32)cc1,1,6,0.9973648051189311,1325
COc1ccc2c(c1)C/C(=C/c1ccccc1-c1ccccc1)C2=O,1,3,0.6001012825504335,1918
OCCCCCCCCc1ccc(CN2CCCCC2)c(O)c1,0,8,0.30038884083773437,170
COc1cc(N)c(Cl)cc1C(=O)CCC1CCN(CC2CCC2)CC1,1,6,0.9863744813109825,1977
O=C(CCC1CCN(Cc2ccccc2F)CC1)c1ccc2c(c1)CCN2,1,8,0.9434539525353635,43
Clc1ccc2c(NCCCCCCCOc3ccc(-c4cc5ccccc5o4)cc3)c3c(nc2c1)CCCC3,1,3,0.9973632034211293,1978
CSc1nc(-c2ccc(-c3ccccc3)cc2)nn1C(=O)N(C)C,1,1,0.7544632717834862,1979
COc1cc(C(=O)n2nc(OCCN3CCCC3)c3ccccc32)cc(OC)c1OC,0,3,0.5100994473820211,784
CN1C/C(=C/c2ccc(N(C)C)cc2[N+](=O)[O-])C(=O)/C(=C/c2ccc(N(C)C)cc2[N+](=O)[O-])C1,1,8,0.4037941242410034,421
CCOC(=O)C1C(C)=Nc2nc3c(c(N)c2C1c1ccc(F)cc1)CCCC3,1,3,0.8900947545404769,74
[2H]c1ccc2nc3c(c(N)c2c1)CCCC3,1,6,0.9029035372272481,141
Nc1c2c(nc3ccccc13)CCCC2,1,5,0.8910476972420864,141
O=C(Nc1cncc(OCC2CCN(Cc3ccccc3F)CC2)c1)c1ccnc(NC(=O)C2CC2)c1,1,10,0.8282664980636347,1168
CCOC(=O)C1=C(C)Oc2nc3c(c(N)c2[C@H]1c1cccs1)CCCCC3,0,2,0.17298382538701446,1980
CNC(=O)Oc1cccc(CN(C)CCCOc2ccc(Cc3ccccc3)cc2)c1,1,9,0.9121256449466271,1981
Nc1c2c(nc3c1CCC3)CCCC2,1,6,0.6834138673883282,1982
CNC(=O)c1sc(-c2ccnc(NC(=O)C3CC3)c2)nc1OCCc1cn(CCNc2c3c(nc4cc(Cl)ccc24)CCCC3)nn1,1,7,0.9687525422505411,1552
CCN(CCCCCC(=O)N(C)CCCCCCCCN(C)C(=O)CCCCCN(CC)Cc1ccccc1)Cc1ccccc1,1,4,0.8569648412105747,318
C#CCN(CC#C)C(=O)Oc1cccc2c(CN(C)CCC3CCCCCC3)c[nH]c12,1,10,0.819208724334313,268
CNC(=O)Oc1cccc(CN(C)CCCOc2ccc3c(c2)O/C(=C\c2cc(O)c(O)c(O)c2)C3=O)c1,1,6,0.8113720216721357,1983
O=C(NCCCCCCCCCCNc1c2c(nc3ccccc13)CCCC2)c1cc(=O)c2cc(O)c(O)cc2o1,1,7,0.995989037097472,482
CC(C)OC(=O)C(C)(C)Oc1ccc(C(=O)c2ccc(Cl)cc2)cc1,0,8,0.5604246414903822,131
CCCCCCCNC(=O)Oc1cccc(CN(C)CCCOc2ccc3c(=O)c4cccnc4oc3c2)c1,1,3,0.993044514036293,1302
O=c1oc2cc(OCCCN3CCN(Cc4ccccc4)CC3)ccc2c2ccccc12,1,3,0.43880479008087975,1057
CC(C)(C)c1ccc(Oc2ccc3nc4c(c(N)c3c2)CCCCC4)cc1,0,5,0.6270989038429753,961
CC1=CC2Cc3nc4cc(Cl)ccc4c(NCCCCCCNc4c5c(nc6cc(Cl)ccc46)CCCC5)c3C(C1)C2,1,5,0.9990130597693624,754
Cc1ccccc1CN1CCC(C)CC1,1,2,0.6769083592412926,170
COc1cc2cc(-c3ccc(CN(C)Cc4ccccc4[N+](=O)[O-])cc3)c(=O)oc2cc1OC,1,3,0.7107728872030098,206
O=C(Nc1cncc(OCC2CCN(Cc3ccc(F)cc3)CC2)c1)c1ccnc(NC(=O)C2CC2)c1,1,5,0.903361821302033,1168
O=c1cc(-c2ccc(OCCCCN3CCc4ccccc4C3)cc2)oc2cc(OCCCCN3CCc4ccccc4C3)cc(O)c12,1,5,0.5716976631300553,1984
CN(Cc1ccccc1)Cc1ccc(-c2cc3cc([N+](=O)[O-])ccc3oc2=O)cc1,1,3,0.7455394543724775,206
COc1cc(/C=C/C(=O)Nc2ccccc2)ccc1OCCCN1CCCC1,0,1,0.06580472038560228,1985
CC(C)(C)c1cc[n+](CCCCCCCCCCCC[n+]2ccc(C(C)(C)C)cc2)cc1,1,5,0.8686659511383029,1986
COc1cc2cc(C(=O)CCCCC3CC[N+](C)(Cc4ccccc4)CC3)sc2cc1OC,1,6,0.9067076458384544,1987
O=C1CN(/N=C/c2ccc(-c3ccc([N+](=O)[O-])cc3)o2)C(=O)N1CCN1CCN(Cc2ccccc2)CC1,1,4,0.6163632528882969,1988
COc1ccc2[nH]cc(CCCN3CCN(C(=O)CN4CCN(C(=O)c5cccc(F)c5)CC4)CC3)c2c1,0,7,0.10542881716779844,36
C#CCNC1CCc2ccc(OC(=O)N(C)C3CCCCC3)cc21,0,5,0.28946077873252046,152
COc1cc(/C=C/C(=O)N2CCN(Cc3ccccc3)CC2)ccc1OC(=O)N(C)C,0,3,0.11240718085266271,253
O=C(C[C@H]1C[C@H]2CCCN2[C@]12C(=O)Nc1ccccc12)N1C/C(=C\c2ccccc2)C(=O)[C@]2(C[C@H]3CCCN3[C@@]23C(=O)Nc2ccccc23)C1,0,2,0.012372258859159047,669
CCOC(=O)C1=C(C)Nc2nc3c(c(N)c2C1c1ccccc1C(F)(F)F)CCCC3,1,9,0.8731514899955467,1
c1ccc2c(c1)CN[C@@H](CN(CC[C@H]1CCCNC1)[C@H]1CCCc3cccnc31)C2,0,2,0.5930530923398923,1989
COc1ccc2c(c1)C/C(=C/c1ccccc1-c1ccc3ccccc3c1)C2=O,1,9,0.7817937190227998,1990
COc1ccc(CN2CCC(CCC(=O)c3cc4c5c(ccn5C(=O)CC4)c3)CC2)cc1,1,5,0.8612665879535225,178
CCCNC(=O)c1sc(-c2ccnc(NC(=O)CNCCNc3c4c(nc5ccccc35)CCCC4)c2)nc1OCC1CC1,1,5,0.9736220493840726,559
CCCN1CCN(c2nccc(NCc3ccccc3)n2)CC1,0,5,0.012134959306317047,385
CCN1CCN(CCCNC(=O)COc2ccc(I)cc2)CC1,0,5,0.4656200620142238,1991
COc1ccc(NCc2ccc3c(c2)C(=O)C(=O)N3C(=O)c2ccccc2)cc1,1,5,0.7936503129386276,1886
O=C(CCOCCc1c[nH]c2ccccc12)NCCCCCCNc1c2c(nc3cc(Cl)ccc13)CCCC2,1,8,0.9982752107705475,1992
CC(C)C1=N[C@H]2CC[C@]34C[C@]35C(=O)C[C@]3(C)[C@@H]([C@H](C)N(C)C(=O)OC(C)(C)C)[C@H](O)C[C@@]3(C)[C@@H]5CC[C@H]4[C@]2(C)CS1,1,5,0.8432074267500221,475
CN(C)Cc1ccc(CNCCN2CCNC2=C(C#N)C#N)o1,1,7,0.7114889221916999,1289
O=C1/C(=C/c2ccc(F)cc2)CN(C(=O)C[C@H]2C[C@H]3CCCN3[C@]23C(=O)Nc2ccccc23)C/C1=C\c1ccc(F)cc1,0,2,0.02220503235343123,54
C#CCNc1c2c(nc3cc(Cl)ccc13)CCCC2,1,6,0.8433904281566222,141
Nc1c2c(nc3ccc(F)cc13)CCCCC2,1,6,0.8083357180423083,663
COc1ccc(-c2csc(NC(=O)CCN3CCCC3)n2)cc1,1,5,0.4932734498674438,1993
O=C(COc1ccc(CCc2ccccc2)cc1)NCCN1CCN(Cc2ccccc2)CC1,1,10,0.8049851363049867,1994
CN(C)Cc1ccc(CSCCNc2nnccc2[N+](=O)[O-])o1,1,10,0.744415952396077,1995
CCN(CC)C(C)c1cccc(OC2Cc3cc(OC)c(OC)cc3C2=O)c1,1,6,0.8947337064044837,634
COc1cc2c(cc1OC)C(=O)/C(=C/c1ccc(CN(C)C)cc1)C2,1,4,0.8650784787442977,211
COc1ccc(CN2CCC(CCC(=O)c3ccc4c(c3)CCN4)CC2)cc1,0,4,0.8266324476769513,43
Nc1c2c(nc3nc(-c4ccccc4)cc(C(F)(F)F)c13)CCCC2,1,3,0.3471126360812793,1504
COC(=O)C1=CO[C@H](OC)[C@H]2C(CN3CCN(Cc4nc(C)c(C)nc4C)CC3)=CC[C@@H]12,1,9,0.5425535672210766,1996
O=C(N/N=C/c1ccc(Br)cc1)N1CCN(c2ccccn2)CC1,1,6,0.5518627223305971,187
C/N=C1/CCc2c1n(C)c1cc(Cl)c(OC(=O)NC)cc21,1,9,0.6663555986462929,162
COc1cc(/C=C/C(=O)NCC(=O)Nc2ccccc2C)ccc1O,0,6,0.08216583689327712,143
C[C@@H]([C@H]1CC[C@H]2[C@@H]3CC=C4C[C@@H](N(C)C)CC[C@]4(C)[C@H]3CC[C@]12C)N(C)C,0,10,0.04215961380907794,455
Cc1cc(/C=N/O)c(O)c(CN2CCN(c3ccncc3)CC2)c1,0,1,0.2474735893387403,1997
Fc1ccc(F)c(CNCCCCCCCCNc2ccnc3cc(Cl)ccc23)c1,1,10,0.9893102170943932,71
CC(C)C1=N[C@H]2CC[C@]34C[C@]35C(=O)C[C@]3(C)[C@@H]([C@H](C)N(C)Cc6ccccc6C(F)(F)F)[C@H](O)C[C@@]3(C)[C@@H]5CC[C@H]4[C@]2(C)CS1,1,9,0.9402967881541232,42
O=S1(=O)CCN(c2nccc(NCc3ccccc3)n2)CC1,0,6,0.055975468589936725,1998
COc1cc2oc3cc(CN(C)Cc4ccccc4)ccc3c(=O)c2cc1OC,0,5,0.6824547958240854,1999
COc1cc2c(cc1OC)C(=O)/C(=C/c1cccc(CN3CCCCC3)c1)C2,1,7,0.8668102003975723,2000
CCCCCCCNC(=O)Oc1cccc(CN(C)CCCCCOc2ccc3ccc(=O)oc3c2)c1,1,6,0.980021384746651,1568
O=C(CCC1CCN(Cc2ccccc2[N+](=O)[O-])CC1)c1cc2c3c(ccn3C(=O)CC2)c1,1,4,0.9493782532491377,178
COc1ccc2nc3c(c(NCCCCNC(=O)[C@@H](N)Cc4c[nH]c5ccccc45)c2c1)CCCC3,0,5,0.9473167528159049,1830
COc1cc(N)c(Cl)cc1C(=O)CCC1CCN(CC2CCCCCC2)CC1,1,9,0.9940617651650488,2001
COc1ccc2[nH]cc(CCNC(=O)CN(CCC3CCN(Cc4ccccc4)CC3)C(=O)/C=C/c3ccc(O)c(OC)c3)c2c1,1,4,0.7134268751547433,2002
CNC(=O)Oc1cccc(CN(C)CCCCCOc2ccc3c(=O)c4ccccc4oc3c2)c1,1,2,0.9924896808621535,1111
O=C(c1ccccc1)c1c(C2CCN(Cc3ccccc3)CC2)oc2ccccc12,0,2,0.28412355544947954,787
O=C(CCNCCNc1c2c(nc3ccccc13)CCCC2)N1CCN(CCNc2c3c(nc4ccccc24)CCCC3)CC1,1,6,0.9921628546239426,2003
FC(F)(F)c1ccc2c(NCCCCCCCCNC3NCCN3)ccnc2c1,1,10,0.8893327964209061,2004
CCC1=CC2Cc3nc4ncccc4c(N)c3C(C1)C2,1,10,0.6726749466544871,1966
COc1ccc(/C=C2\Oc3cc(OCCN4CCCCC4)ccc3C2=O)cc1,1,9,0.8506595097139212,1491
CCOC(=O)c1csc(NC(=O)C[n+]2ccc(/C=N/O)cc2)n1,0,4,0.05134731416589444,1094
CCOc1ccc(Cc2nc3cc(C(=O)NCCCCNc4c5c(nc6ccccc46)CCCC5)ccc3n2CCC(C)C)cc1,1,6,0.9957878282420366,1071
CCN1/C(=C/C(C)=O)Sc2ccc(OC(=O)NC3CCCCC3)cc21,0,3,0.3456694355653992,2005
CN(CCCCCCCOc1ccc(-c2oc3ccccc3c2C(=O)c2c3ccccc3cc3ccccc23)cc1)Cc1ccccc1,0,3,0.2368388698526473,2006
NC(=O)c1sc(-c2ccnc(NC(=O)C3CC3)c2)nc1OCCC1CCN(Cc2ccccc2)CC1,1,7,0.4928158964984179,414
CCN(Cc1ccccc1)Cc1ccc(-c2cc3cc(OCCNC(=O)Cc4cc(F)cc(F)c4)ccc3oc2=O)cc1,1,1,0.8619672125153841,2007
CN(C)Cc1ccc(CSCCNc2cc(Nc3ccc(F)cc3)c([N+](=O)[O-])cc2[N+](=O)[O-])o1,1,4,0.9538589289327191,694
CCOC(=O)c1c(O)cc(O)c(Cc2c(O)cc(C)c(C(=O)OC)c2O)c1C,0,9,0.20427241879875035,190
Cc1ccccc1,1,2,0.7853669532589972,17
COc1ccccc1C(=O)N1Cc2ccc(N3C(=O)c4ccccc4C3=O)cc2CC1=O,1,10,0.7859894923807812,14
O=C(NCCCCCCNc1c2c(nc3ccccc13)CCC2)c1cc2ccccc2o1,1,3,0.9901762022963561,2008
CCCCNC(=O)OCCCCCCCCCCCCCCCCOC(=O)NCCCC,1,5,0.9278861011793562,21
Cc1ccc2cc(C3CC(c4sccc4Cl)=NN3)c(Cl)nc2c1,1,7,0.5965070071454919,2009
CCOC(=O)c1c(C)nc2nc3c(c(N)c2c1-c1ccccc1)CCC3,0,10,0.35892206577550617,1226
C[C@@H](c1cccc(OC(=O)NCCCCCCNc2c3c(nc4cc(Cl)ccc24)CCCC3)c1)N(C)C,1,4,0.9952303809977587,1077
COc1cc(/C=C/C(=O)Nc2ccccc2)ccc1OCCCCCN(C)C,0,5,0.04271611917327607,179
CCC(CC)n1cc(C(=O)C(F)(F)F)cn1,1,1,0.7858789542406006,528
COc1ccc2nc3c(c(NCCCCCCCNC(=O)[C@@H](N)Cc4c[nH]c5ccccc45)c2c1)CCCC3,1,2,0.7021424725465153,532
O=C(CCc1c[nH]c2ccccc12)NCCCCCNc1c2c(nc3ccccc13)CCCC2,1,10,0.9954713973384166,401
Cc1cccc2sc(NC(=O)CCN3CCN(Cc4cccc5ccccc45)CC3)nc12,0,7,0.3985604323294374,2010
C=CC(=O)N1C/C(=C\c2ccccc2C)C(=O)/C(=C/c2ccccc2C)C1,0,5,0.13774113881114494,421
CC1=C[C@H]2Cc3[nH]c(=O)ccc3[C@]3(C1)NCCC[C@H]23,1,3,0.4052638892650162,1569
COc1cc2c(cc1O)CCC(C)(CCNCCOCCOCCNc1c3c(nc4cc(Cl)ccc14)CCCC3)O2,1,2,0.9520322402077152,2011
COc1ccc2oc(=O)c(C(=O)NCCCCCNc3c4c(nc5ccccc35)CCCC4)cc2c1,1,10,0.9871766269547074,197
c1ccc2c(c1)ccc[n+]2CCCCCCCCCC[n+]1cccc2ccccc21,1,10,0.8717563975618087,2012
Oc1c(CNCCCCCCCCCNc2c3c(nc4ccccc24)CCCC3)ccc2cccnc12,1,4,0.9800526678151869,1798
CC1(COc2ccc(CC3SC(=O)NC3=O)cc2)CCCCC1,0,9,0.42989639313429373,2013
COc1ccc2oc(=O)c(C(=O)NCCCCCCCNc3c4c(nc5ccccc35)CCCC4)cc2c1,1,9,0.9869076983065501,375
CCN(CCCNC1=CC(=O)C(NCCCNC(=O)CCCCC2CCSS2)=CC1=O)Cc1ccccc1OC,1,5,0.8385070441020347,2014
NC(=O)c1sc(-c2ccnc(NC(=O)C3CC3)c2)nc1OCCC1CCN(Cc2c(F)cccc2F)CC1,0,10,0.5323027326928428,414
COc1ccc2c3c1O[C@H]1C[C@@H](OC(=O)NC4CCN(Cc5ccc(F)cc5)CC4)C=C[C@@]31CCN(C)C2,1,9,0.9094282004789409,139
Oc1cc(O)cc(Oc2c(O)cc(O)c3c2Oc2c(OCc4ccccc4)cc(O)cc2O3)c1,0,9,0.22550394501706605,2015
C=CC[n+]1ccc(CCC(=O)C2Cc3cc(OC)c(OC)cc3S2)cc1,1,4,0.9039724717860174,990
C=CC[N+](C)(C)c1ccc(CCC(=O)CCc2ccc([N+](C)(C)CC=C)cc2)cc1,1,6,0.642029763607642,2016
[C]C([C])=[C][C][N][C]C(=O)[N]c1ccc2nc3n(c(=O)c2c1)[C][C][C]3,1,10,0.5192391649975936,2017
Cc1cc(=O)oc2cc(OCCCCCCSC(=S)N3CCCCC3)ccc12,1,7,0.9152422446672805,2018
CON=C(CCC1CCN(CC2CCCCC2)CC1)c1cc(Cl)c(N)cc1OC,1,10,0.9285817507936454,149
CN(C)S(=O)(=O)N[C@H]1CCc2cc(O)ccc2C1,1,8,0.8460421794041264,531
CC1=C[C@H]2[C@H](O)C(=O)[C@H]3CCCN4CCC[C@H]2[C@]34C1,0,6,0.3156306307508904,2019
CCCCC1=NC2(CCCC2)C(=O)N1Cc1ccc([N+](=O)[O-])cc1,1,3,0.8141995505478292,237
CC1=CC2Cc3nc4cc(Cl)ccc4c(NCCCCCCCCC(=O)N4CCNC(=O)C4)c3C(C1)C2,1,6,0.9699554347877353,2020
CN(CCOCCNC(=S)NC(=O)c1ccc(-c2ccccc2)cc1)Cc1ccccc1,1,9,0.9001998909312688,2021
COc1cc2c(cc1OC)C(=O)C(CC1CCN(Cc3cccc(C)n3)CC1)C2,1,2,0.8465029769368564,655
COc1ccc(C(=O)Cc2ncc(C(=O)N(C)CCCOc3cccc(OC)c3)cn2)cc1,0,5,0.4802659068689367,1099
CCN(CC)CCCCCOc1ccc(/C=C/C(=O)Nc2ccccc2)cc1OC,0,7,0.06426520639673411,179
COc1cc2c(cc1OC)C(=O)/C(=C/c1cc[n+](Cc3cccc(C)c3)cc1)C2,1,3,0.9436336310858363,200
CNC(=O)Oc1cccc(CN(C)CCCCCCOc2ccc3c(=O)c4ccccc4oc3c2)c1,1,7,0.991470259877672,2022
c1ccc2c(NCCCCCCCCNc3c4c(nc5ccccc35)CCCCC4)c3c(nc2c1)CCCCC3,1,1,1.0,2023
CC(=O)c1c[n+](Cc2ccccc2C)ccc1CC1Cc2cc(C)ccc2C1=O,1,8,0.9554892227746241,404
CCCc1cc(N2CCC=N2)ccc1C(=O)O/N=C(\N)c1ccc(C(F)(F)F)cc1,0,9,0.600839006112211,2024
O=C(CCC1CCN(Cc2ccccc2)CC1)c1ccc2c(c1)OCCO2,1,7,0.9736174477770919,2025
O=C1c2ccccc2C(=O)N1CCCCCCCCNCc1ccc(F)cc1F,1,8,0.9593353119175888,306
CCN(CCOc1ccc(/C=C2\COc3ccccc3C2=O)cc1)Cc1ccccc1,0,3,0.5196736590958349,2026
Cc1cccc2c1CC(C)C2=O,1,6,0.7528459731729802,89
O=C(CCCCN1CCC2c3ccccc3NC2C1)Oc1ccc(/C=C2\CCn3c2nc2ccccc2c3=O)cc1,1,2,0.9114967780524705,2027
Cc1cc(Nc2nccc(-c3sc(C4CCNCC4)nc3-c3ccc(F)cc3)n2)ccn1,1,8,0.6023896613013235,2028
CC[N+](C)(CC)CCC[n+]1c(-c2ccccc2)c2cc(N)ccc2c2ccc(N)cc21,0,4,0.5789891562569793,2029
O=C(/C=C/c1ccc(O)cc1)n1ccc2cc(O)c(O[C@@H]3O[C@H](CO)[C@@H](O)[C@H](O)[C@H]3O)cc21,0,8,0.2918632744544404,2030
CCN(CC)CCCCOc1ccc(/C=C/C(=O)Nc2ccccc2)cc1OC,0,10,0.029908646441211502,179
Cc1cccc(C(=O)Nc2ccc3c(c2)CNC(=O)C3)c1,1,2,0.619463655438836,2031
COc1ccc(C(=O)NC(=S)NCCOCCN(C)Cc2ccccc2)cc1,1,6,0.8907932834326485,27
COc1cc(CNCCC=Nc2cc(O)c(NCCCNCc3ccc(O)c(OC)c3)cc2O)ccc1O,1,2,0.8007416911498924,2032
CN(C)c1ccc(C(=O)NCCCCCCNc2c3c(nc4ccccc24)CCCC3)cc1,1,9,0.9977958803929406,807
COc1cc2c(cc1OC)C(=O)C(Cc1ccc(CN3CCCCC3)cc1)C2,1,6,0.9709354845597926,2033
COc1cc2c(cc1OC)C(=O)C(Oc1cccc(C(C)N3CCCCC3)c1)C2,1,4,0.9544032169371361,7
O=C(Nc1cc(CCc2cn(CCNc3c4c(nc5ccccc35)CCCC4)nn2)ccn1)Nc1cccc2c1C1CCCCN1C2=O,1,5,0.9905344863167339,2034
COc1ccccc1C(=O)Nc1ccc2c(c1)CN(C(=O)c1ccccc1OC)C(=O)C2,1,9,0.8906125224518763,90
NCCCCCCCNc1c2c(nc3ccccc13)CCCC2,1,7,0.980181760058745,141
O=C1C(=O)N(Cc2ccccc2[N+](=O)[O-])c2ccc(Br)cc21,1,4,0.7487837818441817,1019
CCNC(=O)Oc1ccc2c(c1)[C@@]1(C)CCO[C@H]1O2,1,5,0.7599311127022362,2035
COc1ccc(OC)c(CN2CCC(c3cc4ccccc4o3)CC2)c1,0,5,0.31780097781813976,20
CC(OC[n+]1ccn(C)c1/C=N/O)C(C)(C)C,0,9,0.03384313231942302,154
COc1cc2cc(C(=O)CC3CCC(O)C[N+](C)(Cc4ccccc4)CC3)sc2cc1OC,1,9,0.8315588117498808,1204
CC(C)(C)c1ccc(/C(N)=N/OC(=O)c2cnn(-c3ccc([N+](=O)[O-])cc3)c2C(F)(F)F)cc1,1,1,0.48603520612869233,2036
Cc1ccccc1/C=C1\CN(C(=O)C[C@H]2C[C@H]3CCCN3[C@]23C(=O)Nc2ccccc23)C/C(=C\c2ccccc2C)C1=O,0,6,0.031594671381408666,54
CN(CCCOc1ccc2c(=O)c3cccnc3oc2c1)Cc1cccc(OC(=O)NCCCCCCCN2CCOCC2)c1,1,7,0.9691068760646512,2037
COc1ccc(Cn2cc(C(=O)NCCCCCCCNc3c4c(nc5cc(Cl)ccc35)CCCC4)c(=O)c3ccccc32)cc1,1,4,0.9517874294080423,629
C[C@@H]1CC[C@]2(C(=O)O)CC[C@]3(C)C(=CC[C@@H]4[C@@]5(C)C[C@@H](OC(=O)CCc6ccccc6)[C@H](O)[C@@](C)(CO)[C@@H]5CC[C@]43C)[C@@H]2[C@]1(C)O,0,10,0.1361882406073365,2038
O=C1c2ccccc2S(=O)(=O)N1CCCCCNCc1ccccc1,1,2,0.7452201685144292,1390
COc1ccc(C2=NN(C(C)=O)C(c3ccc(N4CCN(Cc5ccccc5)CC4)cc3)C2)cc1OC,0,5,0.5239547385092035,2039
O=c1c(O)c(-c2ccc(F)cc2)oc2cc(F)c(I)cc12,1,2,0.7342195919630996,158
Fc1ccc(CN2CCC(CNc3nc(-c4ccc(Cl)cc4)c(-c4ccc(Cl)cc4)s3)CC2)c(Cl)c1,1,8,0.9036979081473167,144
COc1cc(OC)c2c(=O)cc(C(=O)NCCCCCCCCCCNc3c4c(nc5ccccc35)CCCC4)oc2c1,1,3,0.9900680649961778,482
COc1ccccc1CN(CCCCCC=Nc1cc(O)c(NCCCCCCN(Cc2ccccc2OC)C(C)C)cc1O)C(C)C,1,8,0.939349122982018,75
O=C1CSC(c2ccc(F)cc2)N1c1ccc2oc(=O)ccc2c1,1,3,0.680036196257568,1610
O=[N+]([O-])C1C(Cc2c[nH]cn2)NC2(c3ccccc3-c3nc4ccccc4nc32)C1c1ccc(Cl)cc1,0,9,0.09209876628095862,1134
CNC(=O)Oc1ccc2c(c1)[C@@H]1[C@@H](CCN1C)CO2,0,1,0.8838817194189624,1087
CN1C[C@@H](c2cccc(F)c2)[C@@]2(CSc3ccccc3C2=O)C12C(=O)c1ccccc1C2=O,0,1,0.02982210243540877,335
c1ccc2c(NCCCCCCCCNc3c4c(nc5ccccc35)CCCC4)c3c(nc2c1)CCCC3,1,4,1.0,453
COc1ccc(C(=O)N(CCC2CCN(Cc3ccccc3)CC2)c2ccccc2)cc1,1,3,0.8895961217334648,885
CC(C)c1ccc(NC(=O)Oc2ccc3c(c2)[C@]2(C)CCN[C@@H]2N3)cc1,1,2,0.8481967230559696,44
COc1cc(CCC(=O)NNc2c3c(nc4ccccc24)CCCC3)cc(OC)c1OC,1,10,0.911078625533321,2040
O=C1c2ccccc2C(=O)N1CCCCCNCc1ccccc1,1,8,0.9016393359295887,289
NC(=O)N1c2ccccc2Sc2ccccc21,0,2,0.4538904775476,311
c1ccc(CN2CCC(CCc3ncnc4ccccc34)CC2)cc1,1,4,0.9213691295349423,2041
CC1CCN(Cc2cccc3ccccc23)CC1,1,5,0.6156485702889316,2042
CN1c2ccc(OC(=O)NCCCCCCN3CCCC3)cc2CN2CCc3ccccc3C21,1,2,0.7570916409842761,2043
COc1cc2ncnc(N3CCN(Cc4ccc(F)cc4)CC3)c2cc1OC,1,3,0.8047010189890764,1326
O=C1NC(=O)C(=CNNC(=S)Nc2cccc(C(F)(F)F)c2)C(=O)N1,0,3,0.21811229388491735,2044
CCN(CCCCCC(=O)N1CCC(C2CCN(C(=O)CCCCCN(CC)Cc3ccccc3OC)CC2)CC1)Cc1ccccc1OC,1,8,0.9135890548471853,2045
COc1ccc([C@H](O)[C@H](N)C(=O)O)cc1OC,1,4,0.33643316647862836,17
NCCCCCCCCCCNc1c2c(nc3ccccc13)CCCC2,1,7,0.9937877773815745,141
CN(C)c1ccc(/C=N/c2ccc3oc(=O)ccc3c2)cc1,1,1,0.8320758520717162,82
O=C1/C(=C/c2ccc(OCCN3CCCC3)cc2)Oc2ccccc21,1,1,0.6448862494042622,2046
CCOC(=O)Cc1csc(NC(=O)C[n+]2ccc(/C=N/O)cc2)n1,0,9,0.09225073073577071,1094
O=C(NCCCCCCNc1c2c(nc3cc(Cl)ccc13)CCCC2)Oc1ccc2cc[nH]c2c1,1,6,0.9974668970212827,1221
CCCCCCNC(=O)Oc1ccc2c(c1)[C@]1(C)CCN(C)C1C2,1,10,0.9255765084077672,309
CCN(CCCCOc1ccc(-c2cc(=O)c3c(O)cc(OCCCCN(CC)Cc4ccccc4)cc3o2)cc1)Cc1ccccc1,1,9,0.6991125185389518,2047
O=C(CO/N=[N+](\[O-])N1CCCC1)NCCCNc1c2c(nc3ccccc13)CCCC2,1,3,0.9554822888289406,2048
CNC(=O)Oc1cccc(CN(C)CC#CCOc2ccc3c(=O)c4ccccc4oc3c2)c1,1,5,0.871383887644379,2049
c1ccc(-c2ccc(NCCN3CCCCC3)nn2)cc1,0,7,0.14404327176158724,2050
O=C(NCCCCCCNc1c2c(nc3cc(F)ccc13)CCCC2)Oc1ccc(-c2cc3cccnc3[nH]2)cc1,1,4,0.9959381000872689,653
Cc1ccc2[nH]c3c(c2c1)CN(CCCCCCCN1CCc2[nH]c4ccc(C)cc4c2C1)CC3,1,9,0.6251673434927884,2051
C(=C/C1CCN(Cc2ccccc2)CC1)/c1noc2ccccc12,1,4,0.5492045857105634,2052
CN(CCCNC(=O)CCc1c[nH]c2ccccc12)CCCNc1c2c(nc3cc(Cl)ccc13)CCCC2,1,6,0.990644627448068,1971
Cn1ncc2c1-c1c(Br)sc(Br)c1C2NC(=O)CN1CCN(Cc2ccccc2)CC1,1,7,0.7872316067312839,1436
Cc1ccc(NC(=O)Oc2ccc3c(c2)[C@]2(C)CCN(C)[C@@H]2N3C)cc1C,1,8,0.9393700198756909,44
C[n+]1ccc2c(c1)c1ccccc1n2CCCCCCCCCn1c2ccccc2c2c[n+](C)ccc21,1,1,0.7444531196266592,2053
CCOC(=O)C1=C(C)Nc2nc3c(c(N)c2[C@H]1c1ccc(OC)cc1)CCCC3,1,3,0.9406997316263169,1
COc1ccc(-c2cc(-c3ccc(Br)cc3)nc3[nH]nc(N)c23)cc1,1,9,0.8167365686244848,104
N/C(=N\O)c1cccc(NC(=O)Nc2ccc(Cl)cc2)c1,0,1,0.06484172549449298,38
CCCNC(C)C(=O)Nc1c(C)csc1-c1nc(C)no1,1,5,0.5568320459855475,2054
CCc1ccccc1NC(=O)Oc1ccc2c(c1)[C@]1(C)CCN(C)O[C@@H]1N2C,1,5,0.9515057520120616,939
Cc1cc(=O)oc2cc(OCCCCSC(=S)N3CCCCC3)ccc12,1,8,0.9531122666675828,841
COc1cccc(CN(C)CCCCCC(=O)N(C)CCCCCCCCN(C)C(=O)CCCCCN(C)Cc2cccc(OC)c2)c1,1,5,0.747923149594678,318
Nc1ccc(C(=O)CCC2CCN(CC3CCCCC3)CC2)cc1Cl,1,10,0.9565383609358855,31
Cc1ccc(NC(=O)COc2ccc(O)c(-c3cn[nH]c3-c3ccccc3)c2)cc1,1,9,0.8752164992447248,773
COCc1nc2cnc3cc(-c4c(C)noc4C)c(OC[C@H]4CCNC4)cc3c2n1[C@H](C)c1ccccc1,0,7,0.6048461618950381,2055
Nc1c2c(nc3c1CCCO3)CCCC2,1,10,0.7094646808848584,2056
COc1cc2[se]n(-c3ccc(CCN4CCCC4)cc3)c(=O)c2cc1OC,0,6,0.36966243797074944,2057
CCCCN(CCC1CCCCCC1)Cc1ccc(OC(=O)N(C)C)c2ccccc12,1,7,0.6613849912635593,2058
C[N+](C)(C)CCCBr,0,3,0.3196905215920473,21
Cc1ccc([N+](=O)[O-])cc1,1,1,0.5733394005771816,17
CC1CCN(Cc2ccc(CNCCN3CCN=C3C(C#N)C#N)o2)CC1,1,7,0.91940801860849,1246
Cc1ccc2c(N)c3c(nc2c1)CCC3,1,8,0.864493052028286,417
C/C=C1\[C@H]2C=C(C)C[C@]1(/N=C/c1ccccc1OS(=O)(=O)[O-])c1ccc(=O)[nH]c1C2,1,2,0.7119334011242237,350
O=C(NCCCCNc1c2c(nc3cc(Cl)ccc13)CCCC2)c1ccc2nc(-c3ccc(Cl)cc3)c3c(c2c1)NCCC3,1,9,0.9854306250368217,2059
CO[C@@H]1[C@@H](O)[C@H]2c3cc4c(cc3CN3CC=C([C@H]1O)[C@H]23)OCO4,0,3,0.3703276559203089,2060
CCN(CCCCCCNC1=CC(=O)C(NCCCCCCN(CC)Cc2ccccn2)=CC1=O)Cc1ccccn1,1,5,0.920978071330016,2061
CCCCNC(=O)Oc1cccc(CN(C)CCCOc2ccc3c(=O)cc(-c4ccccc4)oc3c2)c1,1,8,0.9743733819644632,1535
CCOC(=O)C1=C(C)Nc2nc3c(c(N)c2C1c1cccc(Cl)c1)CC(C)(C)CC3,1,10,0.9028085555089442,1
CCCCCCNC(=O)Oc1cccc(CN(C)CCCOc2ccc3ccc(=O)oc3c2)c1,1,7,0.9954437746476736,575
COc1ccc(-c2ccc(OCC(=O)NCCCN3CCCCC3)cc2)cc1,0,3,0.48549031958378286,887
CN(C)Cc1ccc(CSCCCCCCSCc2ccc(CN(C)C)o2)o1,1,3,0.9609654894112145,2062
CC(c1cccc(OCCCNC(=O)CCCCC2CCSS2)c1)N(C)C,0,4,0.739359132164747,2063
C/C=C1\[C@H]2C=C(C)C[C@]1(N)c1ccc(=O)[nH]c1C2,1,6,0.523263732794291,2064
O=C1CCOc2cc(OCCCCCSC(=S)N3CCCCC3)ccc21,1,10,0.6670481831486468,2065
C[C@H]1CCCN1Cc1nc2cc(NC(=O)c3ccc4cnccc4c3)ccc2[nH]1,1,5,0.7040434908649403,2066
CCOC(=O)C1=C(C)Nc2nc3c(c(N)c2C1c1ccc(-c2ccccc2)cc1)CCCC3,1,7,0.8713680559800664,2067
O=C(NCCCCCCNc1c2c(nc3cc(Br)ccc13)CCCC2)Oc1ccc(-c2cc3cccnc3[nH]2)cc1,1,2,0.9941075205673617,653
Cc1ccccc1NC(=O)Oc1ccc2c(c1)[C@]1(C)CCN(C)[C@@H]1N2,1,10,0.9025474164737758,44
CNc1ccc(/C=C2\Cc3cc(OC)c(OCCN4CCCCC4)cc3C2=O)cc1,1,1,0.8817912131985709,412
COc1ccccc1C(=O)Nc1ccc2c(c1)CN(C(=O)c1cccc(C)c1)C(=O)C2,1,6,0.9592459929964287,90
CC1Cc2cc3c(cc2C1=O)OCO3,1,4,0.7366874680833472,2068
O=C(NCCCCCNc1c2c(nc3ccccc13)CCCC2)Oc1ccc(-c2cc3cccnc3[nH]2)cc1,1,10,1.0,193
Clc1ccc2c(c1)CN1CCCCCC1=N2,1,7,0.7396479373986693,913
C[C@@]12CCN[C@@H]1Nc1ccc(OC(=O)Nc3ccccc3)cc12,1,9,0.8199071333834965,44
CO[C@H]1CC[C@@]2(C)C(=CC[C@H]3[C@@H]4CC[C@H]([C@H](C)N(C)C)[C@@]4(C)CC[C@@H]32)C1,0,8,0.05843902457538737,455
CC1CCN(Cc2ccccc2[N+](=O)[O-])CC1,1,4,0.6649391499721128,170
C[C@@H]([C@H]1CC[C@@]2(C)[C@@H]3CC[C@@H]4C(=CC3=CC[C@]12C)CC[C@H](N(C)C)C4(C)C)N(C)C,0,6,0.16433135247574213,1004
COc1cc(/C=C/C(=O)N2CCc3ccccc3C2)ccc1OC(=O)N(C)OC,0,8,0.11236449828373862,1102
CCN(C)c1ccc(/C=C2\Cc3cc(OC)c(OCCN4CCCCC4)cc3C2=O)cc1,1,2,0.9449903162646772,412
O=C1/C(=C/c2ccccc2)CN(C(=O)[C@H]2C[C@H]3CCCN3[C@]23C(=O)Nc2cc(Cl)ccc23)C/C1=C\c1ccccc1,0,10,0.05588576392822494,433
COc1cc(O)c2c(=O)cc(C(=O)NCCCCCCCCCCNc3c4c(nc5cc(Cl)ccc35)CCCC4)oc2c1,1,10,0.9917944440962255,482
NC(=O)c1sc(-c2ccnc(NC(=O)C3CC3)c2)nc1OCCCC1CCN(Cc2ccccc2)CC1,1,3,0.47224041959223084,1145
c1ccc(CNc2ccnc(N3CCN(C4CCCCC4)CC3)n2)cc1,0,4,0.09559782523669175,2069
CN(C)c1ccc(C(=O)NCCCCCNc2c3c(nc4ccccc24)CCCC3)cc1,1,8,0.9987721679334057,2070
CN(C)CC(C)(C)c1cccc(OC(=O)NCCCCN2CCOCC2)c1,1,1,0.7373115807572642,2071
CCOc1ccc(Cc2nc3cc(C(=O)N(CC)CC)ccc3n2CCCNc2c3c(nc4ccccc24)CCCC3)cc1,1,2,0.9929810103410451,2072
CCCCNC(=O)OCCOC(=O)NCCCC,1,4,0.7151772873315513,21
CNC(=O)Oc1ccc2c(c1)[C@]1(C)CCN(C)[C@]1(C)N2C,1,8,0.8301430116410261,37
CCN(CCCCCCn1c(=O)c2cc3c(=O)n(CCCCCCN(CC)Cc4ccccc4OC)c(=O)c3cc2c1=O)Cc1ccccc1OC,1,4,0.8828003566093582,2073
O=C(Nc1cccc2c1C(=O)N(CCC1CCN(Cc3ccccc3)CC1)C2=O)c1ccccc1,1,5,0.9446190489085275,2074
COc1cccc2nc3c(c(N)c12)CCCO3,1,9,0.801429832254783,96
CC[N+](C)(CCCCCC(=O)N(CCCCCCCCN(C(=O)CCCCC[N+](C)(CC)Cc1ccccc1OC)C(C)C)C(C)C)Cc1ccccc1OC,1,10,0.8403168389857566,191
Cc1ccc2c(c1)c1cc[n+](-c3ccccc3)cc1n2C,1,6,0.8279842623904513,156
COc1ccc(-c2nc(C(=O)NCCCCCCNc3c4c(nc5ccccc35)CCCC4)cc3c2[nH]c2ccccc23)cc1,1,8,0.9776971390299193,1827
CN(C)c1ccc(C(=O)NCCCNc2c3c(nc4ccccc24)CCCC3)cc1,1,3,0.9917425380325143,1213
O=C1N[C@H](COCc2ccccc2)[C@@H](OCc2ccccc2)[C@H](OCc2ccccc2)[C@H]1OCc1ccccc1,0,9,0.5192670398197371,2075
CN(CCCOc1ccc2ccc(=O)oc2c1)Cc1cccc(OC(=O)NC2CCCC2)c1,1,6,0.9486018029536086,2076
O=C1/C(=C/c2ccccc2)CN(C(=O)C[C@H]2C[C@H]3CCCN3[C@]23C(=O)Nc2ccccc23)C/C1=C\c1ccccc1,0,8,0.016898328236105497,54
CCOC(=O)c1c(C)nc(N2CCN(S(=O)(=O)c3ccc(N)c(OC)c3)CC2)nc1-c1ccc(OC)c(OC)c1,1,1,0.9487696770152303,35
C[N+](C)(C)CCOC(=O)Nc1cc(Cl)nc(Cl)c1,0,7,0.46627979126117375,2077
Fc1ccc(-c2nnc(N3CCN(c4ccccn4)CC3)o2)cc1,1,10,0.8328105895379352,317
O=[N+]([O-])OCCCNCCCNc1c2c(nc3ccccc13)CCCC2,1,8,0.9752192542759827,141
CN(C)Cc1ccc(CSCCNc2cc(NCc3ccccc3)c([N+](=O)[O-])cc2[N+](=O)[O-])o1,1,5,0.9504417452731356,2078
COCCN1CCN(c2nccc(NCc3ccccc3)n2)CC1,0,6,0.06078604820896019,385
COc1ccccc1C(=O)N1Cc2cc(NC(=O)c3cccc(Cl)c3)ccc2CC1=O,1,2,0.9281611618272132,90
Cc1cc(/C=N/O)c(O)c(CN2CCC(c3ccncc3)CC2)c1,0,7,0.2346694782056314,2079
C[C@@H]1CC[C@]2(C(=O)NCc3ccccc3Br)CC[C@]3(C)C(=CC[C@@H]4[C@@]5(C)C[C@@H](O)[C@H](O)[C@@](C)(CO)[C@@H]5CC[C@]43C)[C@@H]2[C@]1(C)O,0,10,0.12829939709934995,355
CN(C)Cc1ccc(CSCCCSCc2ccc(CN(C)C)o2)o1,1,5,0.8804556494763356,2080
CCCCNC(=O)Oc1cccc(CN(C)CCCOc2ccc3c(=O)c4cccnc4oc3c2)c1,1,2,0.9740495367908802,1302
Fc1ccc(C(c2ccc(F)cc2)N2CCN(CCN3CCOCC3)CC2)cc1,1,8,0.5650936137022663,2081
CNC(=O)Oc1cccc(CN(CCCOc2ccc3c(=O)c4ccccc4oc3c2)C(C)C)c1,1,6,0.9508586997146004,77
Cc1cc(=O)oc2cc(OCc3ccc(-c4noc([C@@H]5CCCN5)n4)cc3)ccc12,0,10,0.726367506444937,2082
Cc1cc(=O)oc2cc(OCC(=O)N/N=C\c3ccc(C(=O)O)cc3)ccc12,1,4,0.6186984945952788,2083
CC[C@@]1(c2cccc(O)c2)CCCCN(CCCCCCCCCN2CCCC[C@@](CC)(c3cccc(O)c3)C2)C1,0,2,0.5510413348783255,2084
CCC(C)C(=O)[C@]12C(=O)[C@]3(CC=C(C)C)C[C@H](CC=C(C)C)[C@@]1(C)CC[C@@H](C(C)(C)O)OC2=C(CC=C(C)C)C3=O,0,9,0.21518953003740435,2085
O=c1ccc2cc(/N=C/c3ccc(Br)cc3)ccc2o1,1,4,0.8875863489745767,82
CN(Cc1ccccc1)Cc1ccc(/C=C2\Cc3ccc(OCCCCN4CCCCC4)cc3C2=O)cc1,1,5,0.7462945812679757,2086
O=C(CCC1CCN(Cc2cccc([N+](=O)[O-])c2)CC1)c1ccc2c(c1)CCN2,1,3,0.9083388542764652,43
Cc1[nH]c(C)c(/C=C2\CN(Cc3ccccc3)CCC2=O)c1C=O,0,3,0.3517234366911899,2087
