smiles,y_true,fold,prediction,scaffold_group
CCNC(=O)C[C@@H]1N=C(c2ccc(Cl)cc2)c2cc(OC)ccc2-n2c(C)nnc21,0,7,0.21250290467495714,0
Cc1c([C@@H](O)CN2CCC3(CC2)CC(=O)N(c2ccc(S(C)(=O)=O)cn2)C3)ccc2c1COC2=O,0,2,0.036937942858004176,1
Cc1cc(C)n(-c2cc(NC(=O)CCN(C)C)nc(-c3ccc(C)o3)n2)n1,1,8,0.38647511056444117,2
Cc1ccc(NC(=O)[C@H](COC(C)C)Oc2ncnc3c2cnn3-c2ncccc2Cl)nc1,0,9,0.010141998830854959,3
O=C(NCCN1CCC[C@@H]1Cn1nc(Cc2ccc(Cl)cc2)c2ccccc2c1=O)C1CCOCC1,1,10,0.6954441932125943,4
C#Cc1cccc(Nc2ncnc3cc(OCCOC)c(OCCOC)cc23)c1,0,4,0.2412441266777917,5
CN1C(=O)CN=C(c2ccccc2)c2cc(Cl)ccc21,0,10,0.3159832215005658,6
CCN1CCN(CC(=O)Nc2ccc(-c3cccc4c(=O)cc(N5CCOCC5)oc34)c3sc4ccccc4c23)CC1,0,9,0.17825642695577806,7
O=C(c1ccc2cc(Oc3ccc(F)cn3)ccc2n1)N1CCNCC1,0,8,0.03311101045405445,8
CCCN1C(=O)CC2(CCN(CC3CCN(C(=O)OCC)CC3)CC2)c2cccnc21,1,8,0.4679272458133055,9
CCCCN(Cc1cncn1Cc1ccc(C#N)cc1)[C@H]1CCN(Cc2ccccc2)C1=O,1,1,0.8152462443372132,10
CCC(=O)c1cc(-c2ccc(Cl)cc2)n(-c2ccc(S(N)(=O)=O)cc2)c1C,0,4,0.2322310233866931,11
c1ccc(CC2(c3ccc4[nH]ccc4c3)CCNC2)nc1,0,7,0.22866914516061357,12
O=C(Nc1ccnnc1)c1cc(N2CCOCC2)ccc1OCc1ccccc1,0,4,0.13034467680219733,13
Cc1c(-c2cc3cc(NC(=O)O[C@H]4COC[C@@H]4C)ncc3c(N)c2F)cnc2c1NCCO2,0,4,0.13855619003432915,14
N#C[C@@H]1[C@@H]2CCC[C@@H]2CN1C(=O)[C@@H](N)Cc1cc(F)c(F)cc1F,0,3,0.10748439803429413,15
COC1COCCC1N[C@@H]1C[C@H]2CN(C(=O)OCCN3CCOCC3)C[C@@]2(C(=O)N2CCc3ncc(C(F)(F)F)cc3C2)C1,0,8,0.025052242061742856,16
CN(C/C=C/c1ccc(C(F)(F)F)c(F)c1)Cc1ccc2c(c1)OCCC2,1,4,0.36303172666523026,17
O=C(NC(c1ccc(Cl)cc1)c1ccnc(F)c1)[C@@H]1CC[C@@H](N2CCOCC2)C[C@H]1c1ccc(Br)cc1,1,7,0.8117647619097641,18
N#Cc1ccc(Oc2ccc(S(=O)(=O)Nc3ccc(F)cn3)cc2C#N)cc1Cl,0,1,0.12566604961657982,19
CN(C)CCCOc1ccc(-c2ccc3ncc4c(c3c2)n([C@H]2CCCOC2)c(=O)n4C)cn1,0,4,0.09271875906248858,20
O=c1c2cc(Cc3ccc(Cl)nc3)c3ccccc3c2ncn1[C@H]1CCCC[C@@H]1O,0,9,0.2989478087275271,21
Cc1ccc2c(-c3nnc(SCCCCN4CCc5cc6c(cc5CC4)C(=O)N(C)C6)n3C)cccc2n1,0,1,0.752975918613566,22
CC(C)(C)c1nccn1Cc1cn(-c2ccc(Cl)c(Cl)c2)nn1,1,7,0.9505406258670035,23
C[C@H]1OC(=O)[C@]2(CCC(N)=O)CC(F)(F)[C@@H](C)[C@H](/C=C/c3ccc(-c4cccnc4C#N)cn3)[C@H]12,0,4,0.056671040905829376,24
COC(=O)C1CCN(C(=O)c2ccc(COc3ccc4nc(N)sc4c3)cc2)CC1,0,1,0.13205204372781013,25
CCc1nn2c(C)cc(C)nc2c1Cc1ccc(/C=C/CN2CCN(C[C@@H](O)CO)CC2)cc1,0,7,0.2214575768751383,26
CNC[C@H](c1ccc2ccccc2c1)[C@H](OCc1nc(C)no1)c1ccccc1,0,1,0.21880699474329524,27
Cc1nc2ccccc2n1C1CC2CCC(C1)N2CCC1(c2cccc(F)c2)CCN(C(=O)C2(C(=O)O)CCC2)CC1,0,9,0.24828932901252518,28
CNC(=O)c1nn(C)c2ccc(Nc3nccc(-n4cc(NCC5(N)CC5)c(C)n4)n3)cc12,0,6,0.05485678758252206,29
COc1ccc(COc2cnn(CC(=O)c3ccc(CN(C)C)cc3C)c(=O)c2)nc1,0,5,0.15696198520915108,30
COc1ccc2nccc(NC(=O)[C@]3(O)CC[C@@H](NCc4cc5c(cn4)OCCO5)CC3)c2n1,0,6,0.04909879190481813,31
O=C(CC1CCN(Cc2ccn(-c3ccc(C(F)(F)F)cc3)c2)CC1)NC(c1ccc(F)cc1)c1c[nH]c(=O)c(Cl)c1,0,3,0.26801213579172284,32
CCOc1ccc2cc(-c3nn(CC(C)(C)CO)c(N)c3C(N)=O)ccc2c1,0,2,0.028001875442912987,33
CNc1cc(F)cc2c1[nH]c1nc(Oc3cnc(C)nc3)nc(N3CC4CCNC4C3)c12,0,6,0.16314827765186773,34
Cc1ccc2c(N3CCN(CCCc4cccc5c4OCC(=O)N5)CC3)cccc2n1,1,5,0.6279468435268728,35
CCc1nccn1Cc1cn(-c2ccc(Cl)c(Cl)c2)nn1,1,5,0.9854729083327063,23
CNc1cc(F)cc2c(O)c(C(=O)Nc3ccc(C(=O)O)cc3)c(=O)[nH]c12,0,4,0.13720591948887376,36
CC(C)(C)[C@@H](CO)NC(=O)c1nn(-c2c[n+]([O-])ccn2)c2c1C[C@@H]1C[C@H]21,0,9,0.0901242386480708,37
O=C(O)c1ccc(-c2noc(C3CCN(C(=O)NC4CC4c4ccccc4)CC3)n2)cc1,0,5,0.09209450215755113,38
CC(=O)NC1CCc2ccc(CCN3CCN(c4nsc5ccccc45)CC3)cc21,1,5,0.8835306898297187,39
NC(=O)c1cccc(O[C@@H]2C[C@H]3CC[C@@H](C2)N3CC(=O)Nc2ccccc2)c1,1,8,0.4548466888281704,40
COc1ccc(CCN(C)CCCN(C(=O)c2ccc([N+](=O)[O-])cc2)c2ccc(OC)c(OC)c2)cc1OC,1,7,0.5257724683561477,41
Cc1cc(Nc2ncc(Cl)c(Nc3ccccc3S(=O)(=O)C(C)C)n2)c(OC(C)C)cc1C1CCN(C(=O)CN(C)C)CC1,0,6,0.24956542756047814,42
COc1cc([C@@H](C)C(=O)N2CC[C@H](Nc3ccc(-c4nc(C(F)F)n(C)n4)c(C)n3)C2)c(F)cn1,0,8,0.06667418344520895,43
[2H]C([2H])([2H])n1nc(-c2ccc(N[C@H]3CCN(C(=O)[C@H](C)c4cc(OC)ncc4F)C3)nc2C)nc1C(F)F,0,5,0.06120194202203197,43
CCC[C@@H](CCO)Nc1nc(N)nc2cnn(Cc3ncc(C4CCN(CCO)CC4)cc3OC)c12,0,10,0.05751161867641102,44
Fc1ccc2c(c1)nc(-c1ccccn1)n2-c1ccc(OCCCN2CCOCC2)cc1,1,6,0.6885990095922171,45
Cn1c([S+](C)[O-])nc(-c2ccc(F)cc2)c1-c1ccnc(N)c1,0,5,0.17500396613985755,46
CS(=O)(=O)c1cc(-c2ccccc2)cc(S(=O)(=O)c2ccc(CN)s2)c1,0,8,0.17553123863570305,47
O[C@H]1C[C@H](CN2CC[C@H](c3ccc(F)cc3Cl)[C@@H](O)C2)CCc2cccnc21,0,8,0.285409897099321,48
NCCn1nnc(-c2ccc(Oc3ncc(Cl)cc3F)cc2)n1,0,4,0.1410275093361418,49
N=C(N)N/N=C/c1ccc(-c2ccc(/C=N/Nc3ccccc3Br)cc2)cc1,1,1,0.29668928487814167,50
COCCCS(=O)(=O)c1ccc(-c2ccc(CCN3CCC[C@H]3C)cc2)cc1,0,10,0.6610350761326101,51
N[C@H](C(=O)N1CCCC1)[C@H]1CC[C@H](NS(=O)(=O)c2ccc(NS(=O)(=O)CC(F)(F)F)cc2)CC1,0,4,0.08065290732884689,52
O=C(NCc1ccc(OC(F)(F)F)cc1)C1c2ccccc2C(=O)N1C[C@@H]1CCCO1,0,7,0.13190183613062983,53
Nc1ncnc2c1c(-c1cccc(OCc3ccccc3)c1)cn2[C@H]1C[C@@H](CN2CCC2)C1,1,2,0.49054721858136713,54
CCOP(=O)(Cn1ccc(NC(=O)c2cc(Oc3cnc(C(=O)N4CCC4)nc3)cc(OC(C)C)c2)n1)OCC,0,5,0.03632482856208612,55
Cc1cc(N2C(=O)N(c3ccc(-c4ccc(C(=O)O)cc4C)cc3)C(=O)C23CCN(Cc2ncccc2C)CC3)ncn1,0,10,0.11986952568536331,56
CC(C)c1cc(C#N)cc2nc(-c3ccc(C(=O)NC[C@H]4CC[C@H](c5cccc(C(F)(F)F)c5)CC4)cc3)oc12,0,8,0.13013912316797055,57
CC(C#N)=C1CCN(c2ccc(N3C[C@H](Cn4cc(F)nn4)OC3=O)cc2F)CC1,0,9,0.1580816667909941,58
Cc1cc(-c2cnn(Cc3ccn(C)n3)c2)ccc1Cl,1,2,0.8590357127385728,59
CCN(CC)S(=O)(=O)Nc1ccc2ccc3ncc(-c4cnn(C)c4)cc3c(=O)c2c1,0,4,0.13337186403958295,60
Cc1c([C@@H](O)CN2CCC3(CC2)CCN(c2ccc(=O)n(C)n2)C3=O)ccc2c1COC2=O,0,3,0.010827403333941657,61
Cc1cnc(-c2ccnc(C(C)(C)O)n2)c(F)c1-n1c(C)cc(O[C@@H](C)c2ncc(F)cc2F)c(C)c1=O,0,2,0.14123709880376972,62
CC(C)Cn1c2ccc(Nc3ncccn3)cc2c2c3c(c4c(c21)CCc1nn(C)cc1-4)C(=O)NC3,0,2,0.22050367123681242,63
Cc1cnc(-c2nnc(SCCCN3C[C@@H]4C[C@]4(c4ccc(C(F)(F)F)cc4)C3)n2C)cn1,1,9,0.9755340050642599,64
Cn1c(=O)oc2ccc(-c3ccc(C[C@@H](C#N)NC(=O)[C@@H]4CNCCCO4)cc3)cc21,0,7,0.03288623603384836,65
O=C(O)CN(CCOc1ccc([N+](=O)[O-])cc1)CCc1ccc([N+](=O)[O-])cc1,1,5,0.718749774610522,66
Cn1nc(NCC(=O)NC2CN([C@H]3CC[C@@H](C(N)=O)CC3)C2)c2cc(C(F)(F)F)ccc21,0,10,0.03761317199656314,67
COc1cc(N2CCN(C(N)=O)CC2)ccc1Nc1ncc(Cl)c(-c2cnc3ccccn23)n1,0,1,0.04230789851618705,68
COc1cc(Nc2cc(Oc3ccc(NC(=O)Nc4cc(C(C)(C)C)cc(NS(C)(=O)=O)c4OC)c4ccccc34)ccn2)cc(OC)c1C(=O)NCCOCCOCCOP(=O)(O)O,0,2,0.08332667491707153,69
COc1cc(CCC(C)(C)N2Cc3cccc(C(=O)N(C)CCO)c3C2)ccc1O,0,6,0.24437332950084875,70
O=C(c1ccccn1)[C@]12Cc3cnn(-c4ccc(F)cc4)c3C=C1CCN(S(=O)(=O)c1cccc(C(F)(F)F)c1)C2,0,2,0.19371485118723983,71
N[C@H](C(=O)N1CCCC1)[C@H]1CC[C@H](NS(=O)(=O)c2ccc(F)cc2F)CC1,0,1,0.02942013815373994,52
C[C@H](Oc1cc2cc(C(N)=O)ccc2nc1N)c1cc2[nH]ncc2cc1-n1cccn1,0,3,0.11286861961710261,72
Cc1c(Cc2ccc(C(F)(F)F)nc2)c[nH]c1C(=O)NC1CC1,0,1,0.1030250412068339,73
CC(=O)N1CCC(c2ccc(-c3cc(C(=O)O)cc4cc(-c5ccc(C(F)(F)F)cc5)ccc34)cc2)CC1,0,5,0.17075670106955296,74
O=c1ccc2ncc(F)c3c2n1C[C@@]3(F)CN1CCC(NCc2cc3c(cn2)OCCO3)CC1,0,5,0.06380596869300714,75
Cc1ncc([C@]2(O)CC[C@H](N3CC(NC(=O)CNc4ncnc5ccc(C(F)(F)F)cc45)C3)CC2)s1,0,1,0.03208311487318691,76
Cc1cc(Nc2nc(Nc3ccccc3S(=O)(=O)C(C)C)c3c(C)[nH]nc3n2)c(OC(C)C)cc1C1CCN(C)CC1,0,6,0.48197147510906596,77
CC(C)Oc1ncc([C@]2(O)CC[C@H](N3CC(NC(=O)CNC(=O)c4cccc(C(F)(F)F)c4)C3)CC2)s1,0,3,0.03603992024808811,78
N#Cc1cccc(N2CCN(CCCCNC(=O)c3cc4ccccc4o3)CC2)c1,1,10,0.6762436562570041,79
Cc1c(CNC2CCCC2)nn(-c2ccc(Cl)cc2Cl)c1-c1ccc(Cl)cc1,1,7,0.542059688576817,80
C[C@@H]1CCCN1CCc1ccc2nc(-c3ccn4ncnc4n3)ccc2c1,0,8,0.4337955535800354,81
CCOC[C@@H](CC(C)C)NC(=O)[C@@H]1CNC[C@H](C(=O)N(c2cc(OCCCOC)c(C(C)C)cn2)C2CC2)C1,0,4,0.09666126649737124,82
CCCc1cc(-c2cc(C(=O)N(CCN(C)C)Cc3ccccc3)cc(C(F)(F)F)c2)nc(C#N)n1,1,9,0.592893212337911,83
Cc1nc(C)c(-c2nnc(SCCCN3CCc4ccc5oc(C(F)(F)F)nc5c4CC3)n2C)s1,1,1,0.9029340675733288,84
O=C(NC1CC1c1ccccc1)N1CCC(n2cncn2)CC1,0,2,0.058964543238439346,85
c1ccc(CN2CCN(Cc3nc(-c4ccccc4)no3)CC2)cc1,0,2,0.39618055036137356,86
CN1CCN[C@@H](C(=O)N2CCN(C(=O)Nc3ccc(Cl)c(Cl)c3)CC2)C1,0,1,0.10491501344516965,87
CC[C@H]1OC(=O)[C@H](C)[C@@H](O[C@H]2C[C@@](C)(OC)[C@@H](O)[C@H](C)O2)[C@H](C)[C@@H](O[C@@H]2O[C@H](C)C[C@H](N(C)C)[C@H]2O)[C@](C)(OC)C[C@@H](C)C(=O)[C@H](C)[C@@H](O)[C@]1(C)O,0,3,0.30524176542694914,88
CN(C)c1ccc(/C=C/c2c(F)cccc2F)nc1,0,6,0.14880060419684868,90
O=C1N([C@]2(c3ccccc3)CC[C@@H](N3CCC4(CCOC4)CC3)CC2)CCC1(O)c1cc(C(F)(F)F)cc(C(F)(F)F)c1,1,8,0.736325597685147,91
N#Cc1ccc(Cn2cncc2CN[C@H]2CCN(C(=O)c3cccnc3O)C2=O)cc1,0,6,0.07718250066096842,92
COCC(=O)N1CCC(n2nc(C)c(Nc3ncc(Cl)c(-c4cnn5ccccc45)n3)c2C)CC1,0,8,0.10176874735573582,93
CO[C@H]1C[C@@H](n2c(=O)n(C)c3cnc4cc(F)c(-c5ccc(NCCN(C)C)nc5)cc4c32)C1,0,3,0.07677835293960754,94
CC#Cc1cncc(-c2cc(C3(C4CC4)N=C(C)C(N)=N3)ccc2O)c1,0,10,0.15203991254897883,95
CN1CCC(N(C)C(=O)N2CC(c3cc(F)ccc3F)=C[C@@]2(CO)c2ccccc2)CC1,0,3,0.10317939908397153,96
Cc1ccc(-n2nccn2)c(C(=O)N2CCCN2Cc2ccn(-c3ccccc3)n2)c1,0,4,0.17715874971684772,97
Cc1nc2c3c(ccc2o1)CCN(CCCSc1nnc(-c2ocnc2C)n1C)CC3,0,3,0.6945072708739078,98
Cc1n[nH]c2ccc(NS(=O)(=O)CCCCF)cc12,0,10,0.1543682697305227,99
C[C@H]1Cc2c(ncnc2Oc2ccc3c(ccn3C(=O)Nc3cc(C(C)(C)C)on3)c2)CN1,0,4,0.09266528898320091,100
OC(c1ccc(F)c(-c2ncnc3cc(N4CCOCC4)ccc23)c1)c1nncc2sccc12,0,10,0.012892653383522317,101
CNC(=O)c1c(-c2ccc(O)cc2)oc2ccc(O)c(CN3CCCC3)c12,0,2,0.06102725943168308,102
NC(=O)Nc1ccc(F)cc1OC[C@@H](O)CN1CCC2(CC1)Cc1cc(Cl)ccc1O2,1,8,0.6505565153394443,103
COc1ccc(N2C(=O)C(C)(C)C2c2ccccc2OC)cc1,0,7,0.40003366615908836,104
COc1cccc(CN2CCC(NC(=O)c3cc(=O)c4ccc(F)cc4o3)CC2)c1,1,2,0.8306223789674418,105
OC(c1ccc(F)c(-c2ncnc3cc(N4CCOCC4)sc23)c1)c1nccs1,0,6,0.035896762173872915,106
COc1ccc2nccc(CC[C@H]3CC[C@H](NCc4cc5c(cn4)OCCO5)CC3)c2c1,1,4,0.43179778330254454,107
N[C@H]1CN(c2ccncn2)CC[C@@H]1c1cc(F)c(F)cc1F,0,1,0.12462336545084748,108
COCCCc1cc(CN(C(=O)[C@H]2CNCC[C@@H]2c2ccn(C)c(=O)c2)C2CC2)c2ccccc2n1,0,5,0.1313503587652126,109
N[C@@H]1c2ccccc2OC12CC1CCC(C2)N1c1cnc2c(N3CCCc4ncccc43)n[nH]c2n1,1,2,0.6956170144024418,110
Cc1c(F)c(N2CCNC(C)C2)cc2c1c(=O)c(C(=O)O)cn2C1CC1,0,6,0.13411663629674012,111
Cc1ccc(C(=O)Nc2ccc(CN3Cc4cn[nH]c4C3)c(Cl)c2)cc1C#Cc1cnc2cccnn12,0,10,0.5489372556159637,112
Cc1nc2cc(NC(=O)c3cc4sc(N5CCC(C(=O)N(C)C)CC5)nc4s3)ccc2o1,0,2,0.18309469670678177,113
COc1ccccc1-n1nc(C2CC(C)(C)OC(C)(C)C2)cc1-c1csc(Cl)c1,0,2,0.35676290690972556,114
CCc1nc(C)nn1CC(=O)N1CCN(c2sc(C(F)(F)F)nc2-c2cnc(C(F)(F)F)nc2)C[C@H]1C,1,9,0.6530450798965328,115
COc1ccc(-c2cc(-c3ccc(C(=O)N4CCOCC4)cc3)cnc2N)cn1,0,4,0.027375166912731525,116
COc1ccc(CN[C@@H]2CC[C@@H](C(=O)N3CCC(C(=O)N4CCCC4)(c4ccccc4)CC3)C(C)(C)C2)cc1,1,4,0.22480440388965686,117
CCC(NC(=O)c1ccc(Cl)cc1)[C@H]1[C@@H]2C[C@@H](n3cnc4cc(F)cc(F)c43)C[C@@H]21,1,7,0.6392661905993325,118
C[C@H]1C[C@@H](c2ccncc2NC(=O)c2ccc(F)c(-c3c(F)cccc3F)n2)C[C@@H](O)[C@@H]1O,0,10,0.1215678057316436,119
Clc1ccc(-n2c(-c3cnc(NC4CCOCC4)nc3)cc3ccncc32)cc1,1,6,0.42209429110405783,120
O=c1nc(NC2CCN(Cc3ccc4c(c3)OCO4)CC2)c2cc(Cl)ccc2n1CC(F)(F)F,1,2,0.8720634414974078,121
CN1[C@@H](c2ccc(OCc3ccccc3F)cc2)CC[C@H]1C(N)=O,0,9,0.1729793594093841,122
O=C(Nc1ccc([C@H]2CNCCO2)cc1)c1cc(Cl)nc(Cl)c1,0,10,0.07818722460512437,123
Cc1nc2ccccc2n1Cc1ccc(C(=O)N(C)[C@@H]2CCN(C3CCC3)C2)cc1,0,2,0.3677530568201626,124
C[C@H]1CCN1c1nc(N2CC[C@H](CCC(=O)O)C2)c2c(n1)C(F)(F)CC2,0,6,0.11748211363930863,125
NC(=O)c1cnc(NC(C2CC2)C2CC2)c2c1[nH]c1cc(-c3cnc(N)cn3)ccc12,1,1,0.41405053815515325,126
Cc1ccc2c(-c3nnc(SCCCN4CCc5cc6c(cc5CC4)OCCN6)n3C)cccc2n1,1,9,0.8568944592111647,127
CC(C)Cc1cc(CNC(=O)C2C3CN(C(=O)c4ccccc4)CC32)nn1-c1ccccc1,0,4,0.13720967142314866,128
CC(C)(C)c1cc(NC(=O)Nc2ccc(Oc3ccnc4[nH]c(=O)cnc34)cc2F)n(-c2cccc(F)c2)n1,0,4,0.09039046687385857,129
CC(C)c1nccn1Cc1cn(-c2ccc(Cl)c(Cl)c2)nn1,1,4,0.9799227023479188,23
Cn1nc(C(C(N)=O)c2ccc(F)c(-c3ncnc4cc(N5CCOCC5)ccc34)c2)ccc1=O,0,4,0.010004280372064385,130
O=C(c1ccccn1)[C@]12Cc3cnn(-c4ccc(F)cc4)c3C=C1CCN(S(=O)(=O)c1ccc(F)cc1)C2,1,2,0.1385329967469609,71
Cn1c(SCc2ccc(C(C)(C)C)cc2)nc(N)cc1=O,0,7,0.229320429497606,131
C[C@@H]1OCC2(CCN(c3nc4[nH]nc(-c5cccc(Cl)c5Cl)c4c(=O)n3C)CC2)[C@@H]1N,1,1,0.5591219483315613,132
Cc1c([C@@H](O)CN2CCC3(CC2)CCN(c2ccc(S(C)(=O)=O)nc2)C3)ccc2c1COC2=O,0,3,0.04407129744936002,133
Cc1nccc(N2C(=O)N(c3ccc(-c4ccc(C(=O)O)cc4C)cc3)C(=O)C23CCN(Cc2ncccc2C)CC3)n1,0,4,0.10042811991769614,56
C/C=C1/N(C)C(C)CC1(c1ccccc1)c1ccccc1,0,9,0.442651850584218,134
O=C(c1ccc2cc(Oc3cccc(C(F)(F)F)n3)ccc2n1)N1CCNCC1,0,7,0.11128153223367754,8
Cc1nn(C)cc1-c1nc2c(N3CCN(Cc4ccc(Cl)cc4)CC3)c(Cl)cnc2[nH]1,0,1,0.4418634482795952,135
O=C(CNCCc1c(Cl)cccc1Cl)N1CCc2ccccc2C1C1CCCCC1,0,4,0.3873806858382671,136
COCCCc1ccc(F)c2c(CN(C(=O)[C@H]3CNCC[C@]3(O)c3ccc(F)c(F)c3)C3CC3)cn(CCCOC)c12,1,9,0.7338580600672444,137
O=C(NC(=S)Nc1ccc(N2CCCCC2)c(Cl)c1)c1cccs1,1,2,0.3951981349795408,138
OC(CC1c2c(F)cccc2-c2cncn21)C1CCCCC1,0,2,0.14292528669115426,139
CNC(=O)c1nc(C)n2ccc(Nc3nccc(-n4cc(NCCN)cn4)n3)cc12,0,2,0.05179395435586829,140
COc1ncc2cc1NS(=O)(=O)c1cc(c(F)cc1F)C(=O)NCc1cccc(c1)-c1ccnc3ccc-2cc13,0,8,0.06603419059034865,141
CCC(O)(c1cn(Cc2ccc3c(-c4ccccc4)c(C(=O)O)sc3c2)nn1)C(F)(F)F,0,4,0.039566254194358115,142
Cc1noc(C)c1NC(=O)[C@@H]1CCCC[C@H]1C(=O)c1ccc(-c2cc[nH]n2)cc1,0,4,0.07987295571468532,143
O=C(Cc1ccccc1)NC1CCc2ccc(CCN3CCN(c4nsc5ccccc45)CC3)cc21,1,1,0.9738469394910806,144
C[C@@H](N1CCn2nc(-c3ccc(C#N)nc3)nc2C1)[C@](O)(Cn1cncn1)c1ccc(F)cc1F,0,2,0.12690226249159386,145
NC(=O)CN1CCN(Cc2nc(-c3cn(CC4CCOCC4)c4c(Cl)cccc34)no2)CC1,0,4,0.21148228468953328,146
N[C@@H]1CCCC12CCN(c1cnc3c(-c4cccc(Cl)c4Cl)n[nH]c3n1)CC2,1,3,0.7605906039306302,147
CC(C)c1cc(C#N)cc2nc(-c3ccc(C(=O)NCC4CN(c5ccc(-c6ccccc6C(N)=O)cn5)C(=O)O4)cc3)oc12,0,3,0.08831257718841398,148
O=S1(=O)NCCN1CCNc1nonc1/C(=N/O)Nc1ccc(F)c(Br)c1,0,10,0.08038184702770276,149
OC(c1ccc(F)c(-c2ncnc3cc(N4CCOCC4)ccc23)c1)c1ncnc2ccoc12,0,4,0.0,150
CCOC[C@@H](CC(C)C)NC(=O)[C@@H]1CNC[C@H](C(=O)N(c2cc(OCC)c(CC)cn2)C2CC2)C1,0,9,0.06838807072031944,82
CCN(CC)C(=O)c1ccc(C2=CC3(CCNCC3)Oc3ccccc32)c(O)c1,0,3,0.2791141628329579,151
CC(C)N1CCN(C(=O)N2CCC3(CCN(C4CCOCC4)CC3)C2)CC1,0,4,0.04486672771572742,152
NC(=O)c1cccc(O[C@@H]2C[C@H]3CC[C@@H](C2)N3C2CCCCC2)c1,1,8,0.6902224685277196,153
CCCCCOC(=O)N1CCN(C(=O)[C@H](CCC(=O)O)NC(=O)c2cc(N3CCC(C(=O)N4CCCC4)CC3)cc(-c3ccccc3)n2)CC1,0,3,0.15798816823292408,154
Cc1cc(Cl)nc(C)c1C(=O)NCC[C@@H](C)N1CCC(N(Cc2ccsc2)C(=O)CC#N)CC1,0,5,0.3237926959911403,155
CCCCCCCN(CC)CCCC(O)c1ccc(NS(C)(=O)=O)cc1,1,1,0.49274944774730006,156
O=C1COc2ccc(CN[C@@H]3CCN(CCn4c(=O)ccc5ncc(F)cc54)C[C@@H]3F)nc2N1,0,6,0.052926735700607304,157
O=C(C1CC12CCN(C1CCOCC1)CC2)N1CCN(C2CCCC2)CC1,0,10,0.037095934952182,158
C[C@H]1COc2c(N3C[C@H]4[C@H](C3)OCC[C@@H]4N)c(F)cc3cc(C(=O)O)c(=O)n1c23,0,3,0.03542882352112,159
C=Cc1c(N)ncnc1N1CCC(c2nc(-c3ccc(F)c(C(F)(F)F)c3)cn2CCN2CCC2)CC1,1,10,0.6391387717682233,160
COc1ccccc1Oc1ccccc1CN1CCC2(CC1)CCN(C(=O)c1ccccn1)CC2,1,9,0.8105731531860823,161
CN1Cc2ccc(-c3ccc(C[C@@H](C#N)NC(=O)C4(N)CCOCC4)cc3)cc2C1=O,0,6,0.07947113790951454,162
COc1cc(-c2cn(C3CCc4c(ccc5ccccc45)N(CC(F)(F)F)C3=O)nn2)ccc1-n1cnc(C)c1,1,5,0.6391161064176172,163
CC1(N)CCN(c2cnc3c(-c4cccc(Cl)c4Cl)n[nH]c3n2)CC1,1,9,0.5710220624628836,164
Cc1cncc(-n2c(=O)[nH]/c(=N\c3cc4cn(C)nc4cc3Cl)n(Cc3cc(Cl)c(F)cc3Sc3cccc(F)c3)c2=O)c1,0,1,0.19155809335002694,165
COc1ccc(S(=O)(=O)NCCc2cn(CC(=O)Nc3ccc(Cl)cc3)c3ccccc23)cc1,0,9,0.2620010502802299,166
Cn1c(=O)cnc2ccc(OCCNC[C@@H]3CN(c4cnc5c(n4)NC(=O)CO5)C(=O)O3)nc21,0,5,0.025002152823104223,167
N#Cc1ccc(-c2ccc(-c3nc4cc(C(F)(F)F)ccc4[nH]3)cc2)cn1,0,9,0.5355128690735211,168
COCC[C@H](Oc1ncnc2c1cnn2-c1ccccc1C(F)(F)F)C(=O)Nc1ccc(C)cn1,0,2,0.06423039310207432,169
COc1ccc(N2CCC3CN(CCCSc4nnc(-c5cnccn5)n4C)CC32)cc1,1,9,0.9419408708882031,170
COc1ccccc1NC(=O)Cc1c(-c2ccc(F)cc2)nc2ccc(C)nn12,0,10,0.04950377886311986,171
N#Cc1ccc(-c2ccc3c(c2)CCN(CCc2ccc4c(c2)COC4=O)C3)cc1F,1,6,0.6726876030673352,172
CC(C)COc1ncc(Oc2nccc3cc(C(=O)NS(C)(=O)=O)ccc23)cc1Cl,0,5,0.11392216891674968,173
CNc1cc(CCN2CCN(CCc3ccc4c(c3)COC4=O)CC2)ccc1C#N,1,7,0.7967661651802829,174
Clc1cccc(OC(c2ccccc2)C2CCNCC2)c1Cl,1,8,0.4939101141762534,175
C=CC(=O)N[C@H]1CCN(c2ccc(C(N)=O)c(Nc3ccc(N4CCCCC4)nc3)n2)C1,1,10,0.09646592992700508,176
CC(C)(C)c1cc(CN2CCN(CCCCCC(c3ccc(F)cc3)c3ccc(F)cc3)CC2)cc(C(C)(C)C)c1O,1,7,0.8601581892959278,177
COCCCC(=O)N(C)CCN1CCC[C@@H]1Cn1nc(Cc2ccc(Cl)cc2)c2ccccc2c1=O,1,10,0.7795841542479289,178
CCOc1ccc2cc(-c3nn(C(C)(C)CO)c(N)c3C(N)=O)ccc2n1,0,6,0.009069551050925086,179
CCc1nc(C)n(CC(=O)N2CCN(c3sc(C(F)(F)F)nc3-c3cnc(C(F)(F)F)nc3)C[C@H]2C)n1,1,6,0.6590776619651788,115
N#Cc1cccc(NC(=O)COc2ccc(C(=O)c3cc(Cl)ccc3Br)cc2)c1F,1,6,0.8530363140510655,180
O=C(NC1CCN(Cc2ccc(OCCCN(C3CC3)C3CC3)c(F)c2)CC1)c1cc(=O)c2ccc(F)cc2o1,1,10,0.38494186802105035,181
CNC(=O)N1C[C@@H]2C[C@@H](NC3CCOCC3OC)C[C@]2(C(=O)N2CCc3ncc(C(F)(F)F)cc3C2)C1,0,4,0.020162213631732682,182
CCCCCCC[N+](CC)(CC)CC#Cc1ccc(Cl)cc1,1,6,0.8480598049662872,156
Cc1ncnn1Cc1cn(-c2ccc(Cl)cc2)nn1,0,9,0.2619285168788719,183
C[C@@H](N)COc1cc(F)c2c(c1)CC(CN1CCC3(CC1)CN(c1cnc4c(n1)NC(=O)CO4)C(=O)O3)C2,0,7,0.15771361363349226,184
C[C@@H]1Cc2c(ccc3[nH]ncc23)[C@@H](c2ccc(N(C)C3CN(CCCF)C3)cn2)N1CC1(F)CC1,1,1,0.9283654868698373,185
O=C1NC(=O)/C(=C\c2ccccc2OCc2nnc(OCc3c(Cl)cccc3Cl)o2)S1,0,8,0.24193112280636958,186
CCC[C@@H](CCO)Nc1nc(N)nc(C)c1Cc1ccc(CN(CC)CC(=O)O)cc1OC,0,5,0.0748983350245878,187
O=c1cc(OCc2ccc(F)cc2)ccn1-c1ccc(OCCN2CCCC2)cc1,1,3,0.9323788431914168,188
C[C@@H](O)c1nc2cnc3[nH]ccc3c2n1[C@H]1CC[C@H](C#N)CC1,0,5,0.07321560791367322,189
CN(C)CC(O)Cn1ncc2cc(-n3ccc(OCc4ccccc4)cc3=O)ccc21,0,3,0.23793415407228607,190
CC(C)N(C)Cc1cccc(F)c1CNc1cc(F)c(S(=O)(=O)Nc2cscn2)c(F)c1,0,1,0.18043356054587484,191
Cc1ccc2c(N3CCN(CCc4cccc(N5CCNC5=O)c4)CC3)cccc2n1,0,7,0.8110311209125418,192
Nc1nc(N2CCC(N3Cc4cccnc4OC[C@@H]3Cc3ccc(Cl)cc3)CC2)n[nH]1,0,9,0.16554976877586425,193
CC1(COc2ccc3c(c2)[C@]2(COC(N)=N2)c2cc(-c4cncnc4)ccc2O3)COC1,0,1,0.2399059682265501,194
CC1COc2cnc(CNC34CCC(C[C@]5(O)Cn6c(=O)ccc7ncc(F)c5c76)(CC3)OC4)cc2O1,0,8,0.04902068823432497,195
O=C1C(c2cc(C(F)(F)F)cc(C(F)(F)F)c2)CCCN1[C@]1(c2ccccc2)CC[C@@H](N2CCC3(CCOC3)CC2)CC1,1,3,0.8847099125986922,196
N#C[C@H](Cc1ccc(-c2ccc3oc(=O)n(CC(F)F)c3c2)cc1)NC(=O)[C@@H]1CNCCCO1,0,5,0.07207620832383115,65
COc1ccc(NC(=O)N2CCN(c3nc(N)nc4scnc34)[C@@H](C)C2)c(C)n1,0,10,0.05101681178367764,197
CNC(=O)c1ccc(N2CCN(Cc3ccc4c5c(c(=O)[nH]c4c3)COCC5)CC2)cn1,0,4,0.039082748242993806,198
Cc1ccccc1N1CCC2CN(CCCSc3nnc(-c4cnccn4)n3C)CC21,1,6,0.9783671821073631,170
O=c1n(Cc2ccccc2)c2sc3c(c2c2ncnn12)CCN(CC1CCOCC1)C3,1,6,0.6145069435099252,199
COc1cccc2c1nc(N)n1nc(CN3CCN(c4cccnc4)C[C@H]3C)nc21,0,3,0.03082438328415476,200
Cc1cnc(-c2ccc3c(c2)CCN(CCCSc2nnc(-c4cc5ccccc5[nH]4)n2C)CC3)o1,1,3,0.9157527579085386,201
CC(Oc1ccc(S(C)(=O)=O)cc1C(=O)N1CCN(c2ncc(C(F)(F)F)cn2)CC1)C(F)(F)F,0,1,0.04901227521034144,202
CCC(=O)CCCCC[C@H](NC(=O)[C@H]1CC12CCN(C)CC2)c1ncc(-c2cc3ccc(C)nc3cc2F)[nH]1,0,6,0.020025165734146234,203
COc1ccc(C(O)c2cc(-c3ncnc4cc(N5CCOCC5)ccc34)c(F)cc2Cl)cc1,0,6,0.05275074662508282,204
COc1ccc2ncc(F)c(CCCN3CCN(CCSc4cccs4)C[C@@H]3C(=O)NC(=O)CC(=O)O)c2c1,1,9,0.2372523443382386,205
Cc1ncc(C)c(C(=O)N2CCC([C@H](N)Cc3cc(F)c(F)cc3F)CC2)n1,0,10,0.07858009081283396,206
O=C1NC(=O)C(c2nn(CCCN3CCCC3)c3ccccc23)=C1c1cn(-c2ccc3ccccc3c2)c2ccccc12,1,10,0.829061556272284,207
CCOC[C@@H](CC(C)C)NC(=O)[C@@H]1CNC[C@H](C(=O)N(c2cc(OC)c(C(C)C)cn2)C2CC2)C1,0,2,0.06334216506817546,82
CC1(C)C[C@@H](NC(=O)c2cccc3[nH]ncc23)c2cc(-c3ccc(Cl)cc3)c(-c3ccc(Cl)cc3Cl)nc2O1,0,2,0.5819797313109596,208
CN(C)CCCOc1ccc(-c2ccc3ncc4c(c3c2)n(C2CCOCC2)c(=O)n4C)cn1,0,2,0.06626572212998416,209
CC1CN(CCc2ccc([N+](=O)[O-])cc2)CCN1CCc1ccc([N+](=O)[O-])cc1,1,7,0.8170748626721596,210
N#CC1(NC(=O)[C@@H]2CCCC[C@H]2C(=O)N2CCN(c3nc4ncccc4s3)CC2)CC1,0,9,0.027047942532064002,211
CCCN(CCO)c1nc(N)nc2c3ccccc3n(Cc3cc(CN[C@@H]4COC[C@H]4O)ccc3OC)c12,1,2,0.6200754919020244,212
O=C(N[C@H](C1CC1)[C@H]1[C@@H]2C[C@@H](n3cnc4cc(F)c(F)cc43)C[C@@H]21)c1ccc(Cl)cc1,1,3,0.5904933595682622,213
CCCc1nccn1Cc1cn(-c2ccc(F)c(C(F)F)c2)nn1,1,3,0.9724081565761867,23
Fc1ccc(C2(COCc3cc(C(F)(F)F)cc(Cl)n3)CCNCC2)cc1,0,4,0.1866868420694647,214
C[C@@H]1[C@H](O)[C@@H](C)/C=C/C=C/C=C/C=C/C=C/C=C/C=C/[C@H](O[C@@H]2O[C@H](C)[C@@H](O)[C@H](N)[C@@H]2O)C[C@@H]2O[C@](O)(C[C@@H](O)C[C@@H](O)[C@H](O)CC[C@@H](O)C[C@@H](O)CC(=O)O[C@H]1C)C[C@H](O)[C@H]2C(=O)O,0,2,0.20907866217672086,215
N#Cc1ccc(N2N=C(c3ccc(C(=O)O)cc3)CC2c2ccc(F)cc2)cc1,0,5,0.3084271920600564,216
CC1(C)CC(Nc2ccc(-c3cccc4ccccc34)nn2)CC(C)(C)N1,0,2,0.5419181487926816,217
C[C@@H]1CN(C(=O)OC2(C(F)(F)F)COC2)CCN1c1ncc(OCc2ccc(CS(C)(=O)=O)cc2F)cn1,0,4,0.04000405192799151,218
C1=CCC(c2ccc3ccccc3c2)CNC1,0,3,0.17970133576149427,219
N#Cc1ccc(COc2ccc(F)c(N3CCC4(CC3)C[C@@H]4c3nc4ccc(C(=O)O)cc4n3C[C@@H]3CCO3)n2)c(F)c1,0,9,0.20720183932853645,220
C[C@@H](C(N)=O)[C@H](N)c1nc2ccc(C(C)(C)C)cc2[nH]1,0,10,0.07043222576675276,221
CNC(=O)c1nn(C)c2ccc(Nc3nccc(-n4cc(N[C@@H]5CCNC5)c(C)n4)n3)cc12,0,3,0.043092555440691446,222
Cn1c(SCCCN2CC3CCN(c4ccc(C(F)(F)F)cc4)C3C2)nnc1-c1cncnc1,1,10,0.9653138723306508,223
CC1OC2(CCN(CCc3ccc(F)cc3)CC2)CN(c2ccccc2)C1=O,1,4,0.9080394286928068,224
O=C(O)CCCn1nnc(-c2ccc(Oc3ccc(Cl)cc3)cc2)n1,0,5,0.1441333936484459,225
COc1cc2c(cc1OC)[C@@H](Cc1ccc(Oc3cc(C[C@@H]4c5cc(OC)c(OC)cc5CCN4C)ccc3O)cc1)N(C)CC2,0,5,0.4920567271302482,226
NC(=O)c1ccc(N[C@H]2CCCNC2)c2cc(-c3ccccc3)[nH]c12,0,3,0.18542831698790663,227
NC(=O)c1cccc(O[C@@H]2C[C@H]3CC[C@@H](C2)N3CC2CC2)c1,1,3,0.6526120333929463,228
NC1=NC(c2ccncc2)(c2cccc(-c3cncnc3)c2)c2ccccc21,0,2,0.20071916197710238,229
CNc1cc(Nc2cnc(C#N)c(O[C@H]3CCN(C)C3)n2)ncc1-c1cnn(C)c1,0,7,0.16527395440749074,230
O=C(N[C@@H]1COc2cccc(-c3cccnc3)c2C1)c1ccc(OCC(F)(F)F)nc1,0,7,0.1138531140643989,231
CCC(=O)CCCCC[C@H](NC(=O)[C@H]1CC12CCN(CC)CC2)c1ncc(-c2cc3ccn(CC)c(=O)c3cc2OC)o1,0,2,0.08517307449643648,232
Cc1cc(NC(=O)c2ccc(NS(=O)(=O)CCO)cc2C2=CCC3(CC2)CC3)nc(N2CCC(F)(F)CC2)c1,0,9,0.19448960884523156,233
Cc1cc(Cl)ccc1OC1CCN(CC2CCN([C@@](C)(Cc3ccc(F)cc3)C(=O)O)CC2)CC1,0,3,0.2451505051135994,234
Cc1cc2c(C(N)=O)c(N)n(-c3c(C)ccc(O)c3C)c2nc1C,0,6,0.0733659286870585,235
CCOc1ccc(-c2nnc([C@H]3C[C@H](NC(=O)c4cccc5nccnc45)C3)n2-c2ccccc2F)nc1,0,2,0.14866441189059626,236
CCCN(CCC)[C@H](c1ccccn1)[C@@H](c1ccccn1)N(CCC)C[C@H](O)CO,0,8,0.3022178083866193,237
CC1(C)Oc2ccc(Cl)cc2C2OCC3(CCN(CCn4ccnc4CO)CC3)CC21,1,2,0.6975833380048282,238
CC(=O)N1c2ccc(C(N)=O)cc2[C@H](Nc2ccc(Cl)cn2)C[C@@H]1C,0,1,0.1490628962995409,239
CCCN(CCO)CCCOc1cc2ncnc(Nc3cc(CC(=O)Nc4cccc(F)c4F)[nH]n3)c2cc1OC,0,1,0.12364094808613565,240
COc1cc(C(F)(F)F)ccc1COc1cccc(N2C=NN(Cc3nc4c(F)cc(C(=O)O)cc4n3C[C@@H]3CCO3)CC2)n1,0,2,0.2712263161726281,241
N=C(Nc1ccc2c(c1)CCCN2C1CCNC1)c1cccs1,0,3,0.17523827507727288,242
CN(C)C(=O)c1ccc(C(=C2CCN(Cc3cscn3)CC2)c2ccccn2)cc1,0,6,0.20619555200929526,243
CS(=O)(=O)c1ccc(-c2nc(C(=O)NCc3cn(-c4cc(Br)ccn4)nn3)cs2)cc1,0,2,0.1368210584216193,244
CNC(=O)C1CN(C(=O)c2onc3ccccc23)CC12CCN(C(=O)c1noc3ccccc13)CC2,0,1,0.16325401880092813,245
Cn1c(SCCCN2CC3CCN(c4ccc(C(F)(F)F)cc4)C3C2)nnc1-c1ccccn1,1,1,0.9764687755520445,246
COc1nccnc1C(C(N)=O)c1cc(-c2ncnc3cc(N4CCOCC4)cc(F)c23)c(F)cc1Cl,0,1,0.008983542133863405,247
CC(C)(C)c1ccc(CSc2nc(N)cc(O)n2)cc1,0,2,0.27518178289918455,248
N#Cc1cc(OC(F)(F)F)cc(-c2nc(-c3ccc4c(c3)CCN4C(=O)CCC(=O)O)no2)c1,0,9,0.17583145364391803,249
Cc1cc(COc2ccc(F)c(F)c2F)nc(-c2ccccn2)n1,0,5,0.3006746352427109,250
Cn1cc2c(Cl)c(-c3n[nH]c4nc(N5C[C@@H]6[C@H](C5)[C@@]6(CN)c5nc(Cl)cs5)cnc34)ccc2n1,0,8,0.27396719195771,251
NC(=O)c1cnc(N2CCC[C@H](N)C2)nc1Nc1cccc(C(F)(F)F)c1,1,8,0.1770574651459777,252
Cn1cc(-c2cc(C(=O)N[C@@H]3CCc4ccc(Oc5ccnc6c5CCC(=O)N6)cc4C3)cc(C(F)(F)F)c2)cn1,0,6,0.07091608492413264,253
CC(=O)c1cccc(NC(=O)N[C@@H]2CCCC[C@H]2CN2CCC[C@@H](Cc3ccc(F)cc3)C2)c1,1,6,0.36818445174926717,254
O=C(Nc1ccc([C@H]2CNCCO2)cc1)c1ccc(Cl)cn1,0,7,0.08747447968266708,255
Cc1cncc(Cn2nc(-c3ccc4oc(N)nc4c3)c3c(N)ncnc32)c1,0,6,0.08835799089146952,256
CC(O)c1csc(C(O)c2cc(-c3ncnc4cc(N5CCOCC5)ccc34)c(F)cc2Cl)n1,0,5,0.02282474170377295,257
CN(C)C(=O)c1ccc(C2=CC3(CCNCC3)Oc3ccccc32)cc1,0,2,0.37659874175505786,151
CCc1cc2ncc(CN3CCN(c4ccc(C(=O)NC)nc4C)CC3)cc2[nH]c1=O,0,6,0.008437314057676622,258
CC(C)Cc1cc(CNS(=O)(=O)c2cccc(F)c2)nn1-c1ccccc1,0,1,0.22818616211028422,259
Nc1ccnc(N2CCC(n3c(=O)n(Cc4ccccc4)c4cccnc43)CC2)c1,1,7,0.5916362543293358,260
Cc1ccc2c(N3CCN(CCc4c(F)ccc5c4ccc(=O)n5C)CC3)cccc2n1,0,2,0.7314576797123794,261
C#CC1(N(COP(=O)([O-])[O-])C(=O)C(=O)c2c(C)c(C(=O)Nc3ccc(F)c(C#N)c3)n(C)c2C)COC1,0,5,0.2007383192566465,262
O[C@H]1CC[C@H](Nc2ccn3ncc(-c4cccc(OC(F)(F)F)c4)c3n2)CC1,0,8,0.0802224160929233,263
CCNC(=O)c1ccc2c(c1)nc(C(F)F)n2[C@H]1CCN(CC2(O)CCCCC2)C[C@@H]1C,0,5,0.16858835707974756,264
CCC(=O)CCCCC[C@H](NC(=O)[C@H]1CC12CCN(C)CC2)c1ncc(-c2cc3ccc(C)nc3cc2OC)[nH]1,0,5,0.006861697778671279,203
O=C1COc2ccc(CNC34CCC(CCc5c(F)cnc6ccc(OCCCCCO)nc56)(CC3)OC4)nc2N1,1,5,0.5213375818998917,265
CCc1cc(-c2nnc(NCCCN3CCCCC3)o2)ccc1NC(=O)c1ccccc1F,0,1,0.08221797545797985,266
CNC(=O)c1c(-c2ccc(F)cc2)oc2cc(N(c3cc(Cl)c4c(c3)COB4O)S(C)(=O)=O)c(C3CC3)cc12,0,9,0.21491351372923423,267
Cn1cc(-c2cccc(NC(=O)c3cc4c(nc3O[C@H]3C[C@@H](O)C3)OC(C)(C)C4)n2)cn1,0,1,0.12711056621320768,268
Cc1nn(-c2ccccn2)c(=O)cc1-c1ccc(OC2CCN(C3CCC3)CC2)cc1,0,10,0.13308437175984728,269
CCS(=O)(=O)c1cc2cc(C[C@](O)(CC(C)(C)c3ccc(F)cc3C(N)=O)C(F)(F)F)[nH]c2cn1,0,7,0.16899801739936918,270
CCN1CCC(N2CCc3nc(Nc4ncc(F)c(-c5cc(F)c6nc(C)n(C(C)C)c6c5)n4)ccc3C2)CC1,0,6,0.42456968659228317,271
O=C(O)c1ccc2cccnc2c1N1CCN(CCc2ccc(OCCCN3CCCCCC3)cc2)CC1,0,1,0.33282600846742627,272
CCOC(=O)CCCOc1ccc2ncc(F)c(CCC34CCC(NCc5ccc6c(n5)NC(=O)CO6)(CC3)CO4)c2n1,1,8,0.5288078879516197,265
O=c1ccn2c(-c3ccc(F)cc3F)cccc2c1-c1cc(-c2nnco2)ccc1F,0,2,0.2249451124226122,273
CC1(C)CC(c2ccc(OC3CCN(C4CCC4)CC3)cc2)=NNC1=O,0,4,0.16709627303768035,274
COCCCn1cc(CN(C(=O)[C@H]2CNCC[C@@H]2c2ccn(C)c(=O)c2)C2CC2)c2c(Cl)cccc21,0,4,0.15629855079123053,275
CN(C)Cc1ccc2c(c1)CCN(C(=O)c1cc3cc(Br)ncc3n1C)C2,0,9,0.2221655367920384,276
COC(C(N)=O)[C@@]12CC(F)(F)[C@@H](C)[C@H](/C=C/c3ccc(-c4ccccc4C#N)cn3)[C@@H]1[C@@H](C)OC2=O,0,3,0.041601858429846296,277
Cn1c(=O)[nH]c2nc(-n3nc(Cc4ccccc4F)c4ccccc43)nc(N)c21,0,4,0.08091268137084182,278
CC(C)(O)COc1ccc(C(N)=O)c(O[C@H]2CCN(C(=O)Cc3ccc(OC(F)(F)F)cc3)C[C@@H]2F)c1,0,9,0.1125953983906787,279
COc1c(N2CC[C@@H]([C@H](C)NCCC#N)C2)ccc2c(=O)c(C(=O)O)cn(C3CC3)c12,0,3,0.04837951664229795,280
N#Cc1ccc(CNC(=O)N(c2cccc(F)c2)C2CCN(CCC3(c4cccc(F)c4)CCN(C(=O)c4ccc(F)cc4O)CC3)CC2)cc1,1,7,0.595853740074664,281
O=C(c1cccc(Cl)c1Cl)N(C1=CCOC=C1)[C@H]1CCNC1,0,1,0.13987214114224827,282
CCNC1=N[C@@H]2[C@@H](O)[C@H](O)[C@@H](COC)O[C@@H]2S1,0,4,0.058776960267175,283
CNc1ccc(/C=C/c2c(F)cccc2F)cc1,0,3,0.18147894209458063,284
CCOC(=O)C1CCCN(C(=N)c2ccc(C(=O)Nc3ccc(Cl)cc3C(=O)Nc3ccc(Cl)cn3)cc2)C1,1,2,0.5321034858033795,285
Cc1ccc(Cn2c(N3CCC(N(C)C)CC3)nc3ccccc32)cc1,1,4,0.9166117542075854,286
O=C(O)C[C@H](CN1CC[C@@H](CCc2ccc3c(n2)NCCC3)C1)c1cccc(C2CCOC2)c1,0,6,0.14730149407206256,287
COc1ccccc1N1CCN(Cc2nc3c4cccc(OC)c4nc(N)n3n2)[C@H](C)C1,0,10,0.03726987321305258,288
Cc1cccnc1CN1CCC2(CC1)C(=O)N(c1ccc(-c3ccc(C(=O)O)cc3)cc1)C(=O)N2c1cc(O)ncn1,0,1,0.3015299289939675,56
COc1ccc(OC)c(NC(=S)NC(=O)c2ccc(Br)o2)c1,1,8,0.2905760167053968,289
N/C(CC(O)c1cc2c(F)cc(F)cc2c2cc(C(F)(F)F)ccc12)=N\N=C\c1ccc(F)cc1,1,9,0.6709662972894885,290
CC(C)(O)c1ccc(C(Cc2cc[n+]([O-])cc2)c2ccc(OC(F)F)c(OC3CCC3)c2)cc1,0,7,0.25895803462829875,291
CCS(=O)(=O)C[C@@H]1C[C@H](N(C)C(C)C)CC[C@@H]1N1CC[C@H](NC(=O)c2cccc(-c3ccccc3)c2)C1=O,0,9,0.09178731134438133,292
N#Cc1cnc(Nc2cc(-c3c(OCF)cncc3OCCCN)[nH]n2)cn1,0,9,0.0998895398217103,293
O=C(Nc1ccc(-c2nc(N3C4CCC3COC4)nc(N3C4CCC3COC4)n2)cc1)Nc1ccc2c(c1)COC2=O,0,10,0.11232619796171162,294
O=C1CCc2c(Oc3ccc4c(c3)C[C@H](NC(=O)c3cc(-c5cn[nH]c5)cc(C(F)(F)F)c3)CC4)ccnc2N1,0,9,0.08028827897746581,253
CC(C)Oc1ccc(CC[C@@H](C)N2Cc3cc4c(cc3C2)OCO4)cc1OC(C)C,1,8,0.8126353585647577,295
CN(C/C=C/C=C/c1ccc(C(F)(F)F)cc1)Cc1ccc2c(c1)OCCO2,0,7,0.6389979148184023,296
Clc1ccc(-c2nc(COc3ccccc3CN3CCCCCCC3)cs2)cc1,1,10,0.7292508285633912,297
Cn1c(N2CCC3(CCC[C@H]3N)CC2)nc2[nH]nc(-c3cccc(Cl)c3Cl)c2c1=O,1,9,0.7379199368383191,298
N[C@@H]1c2cnccc2CC12CCN(c1cnc3c(N4CCCc5ncccc54)n[nH]c3n1)CC2,1,2,0.8401145173737682,299
Cc1ccc2c(-c3nnc(SCCCN4C[C@@H]5C[C@]5(c5ccc(C(F)(F)F)cc5)C4)n3C)cccc2n1,1,3,0.9838429804302509,300
CCc1noc(-c2nnc3n2CCN(C(=O)c2ccc(F)cc2)[C@@H]3C)n1,0,1,0.06214705521670433,301
Cn1c2c(c3cc(C(=O)N4CCCCC4)ccc31)CN(C1CCOCC1)CC2,0,8,0.1265498929212988,302
C[C@@H]1CN(CC2(c3ccncc3)CC2)CCN1S(=O)(=O)c1ccc(C(C)(O)C(F)(F)F)cc1,1,10,0.2183773635531681,303
CSc1c(C#N)c(=O)c2ccc(F)cc2n1-c1c(Cl)cccc1Cl,0,7,0.324209948178245,304
CNS(=O)(=O)c1cc(C(=O)N2CCC(CCN3C4CCC3CC(n3c(C)nc5ccccc53)C4)(c3cccc(F)c3)CC2)c(Cl)cc1F,0,5,0.031217832623735838,305
C1=C(c2ccccc2)c2ccccc2OC12CCNCC2,1,2,0.6742436563722679,151
CCOP(=O)(Sc1ccccc1)Sc1ccccc1,0,6,0.4935508613874605,306
Cn1c(=O)cnc2ccc(OCCNC[C@@H]3CN(c4ccc5c(n4)NC(=O)CO5)C(=O)O3)nc21,0,5,0.04783627763659116,307
CN1CCC[C@@H](NC(=O)Cn2nc(C(C)(C)O)n3c(cc4sc(Cl)cc43)c2=O)C1,0,1,0.11225271550296505,308
CCn1ccc([C@H]2CCNC[C@@H]2C(=O)N(Cc2cc(CCCOC)cc(OCCOC)c2)C2CC2)cc1=O,0,9,0.1533199512329557,309
O=C(NC1CCc2ccc(CCN3CCN(c4nsc5ccccc45)CC3)cc21)c1ccccc1,1,1,0.979842689209175,310
Cc1c([C@@H](O)CN2CCC3(CC2)CN(c2ccns2)C(=O)O3)ccc2c1COC2=O,0,3,0.09614126573226776,311
CC[C@@H]1CN(c2scnc2-c2nc3ccccc3[nH]2)CCN1C(=O)Cn1cnc2cccnc21,1,8,0.6375356220789982,312
O=C1NCc2ccc(OCCCN3CCN(c4cccc5cc(F)c(F)cc45)CC3)cc21,1,1,0.8705691992571696,313
CN1CCc2c(sc3c2c2ncnn2c(=O)n3Cc2ccc(Cl)cc2)C1,1,2,0.5891462298010568,314
Nc1nc2cc3c(cc2s1)CCN(Cc1ccccn1)CC3,0,9,0.12477312184362335,315
CN1CCCN(c2nccc3[nH]c(-c4cc(F)cc(F)c4)nc23)CC1,1,1,0.2739954723162814,316
CN(C)CCn1cc2c3c(cccc31)C1=C[C@@H](C(=O)N3CCCC3)CN(C(=O)Nc3ccccc3)[C@@H]1C2,0,3,0.32279313581213975,317
c1cnc2c(NC[C@H]3CCCNC3)nc(-c3cc[nH]n3)cc2n1,0,3,0.08910504413606865,318
O=c1ccc2ncc(F)c3c2n1C[C@@]3(O)CC12CCC(NCc3ccc4c(n3)NCCN4)(CC1)CO2,0,1,0.10194658763996532,319
Cc1cc(N2C[C@H]3CC[C@@H](C2)[C@@H]3Nc2nc3n(n2)CCCN3c2cc(F)cc(F)c2)ncn1,1,7,0.34665529558017405,320
CCOc1cc([C@](O)(CCN(C)C)[C@@H](c2cc3cc(Br)ccc3nc2OC)c2cccc3c2OCCO3)cc(OCC)n1,0,3,0.11001467179458127,321
O=C(NC(c1ccc(Cl)cc1)c1ccc(Cl)cc1)[C@@H]1CC[C@@H](N2CCOCC2)C[C@H]1c1ccc(Br)cc1,1,10,0.9037304823428267,322
Cc1ccc2nc(CN3CCCC3)n(Cc3ccc(Cl)cc3)c2c1,1,7,0.6037984313808585,323
CON=C1CCC(CN2CCN(c3nc(=O)c4cc(C(F)(F)F)cc([N+](=O)[O-])c4s3)CC2)CC1,0,9,0.23210170950669257,324
Cc1cccnc1CN1CCC2(CC1)C(=O)N(c1ccc(-c3ccno3)cc1)C(=O)N2c1cc(O)ncn1,0,2,0.35749893028312324,325
Cc1nc(Nc2n[nH]c3c2CN(C(=O)N[C@H](CN(C)C)c2ccccc2)C3(C)C)c2sccc2n1,0,1,0.21040667568380728,326
O=C(Nc1ccc(Cl)c(Cl)c1)N1CCN(C[C@@H]2CCCN(CC3CC3)C2)CC1,1,6,0.43188036887054904,327
N#CC1(CNC(=O)c2cc(Cl)cc(Cl)c2)CCN(CCc2ccccc2)CC1,1,6,0.6985075403632691,328
CCOc1cc2ncc(C(N)=O)c(Nc3ccc(F)cc3F)c2cc1C1CCN(C)CC1,0,7,0.20673846158678963,329
CCCc1nccn1Cc1cn(-c2ccc(Cl)cc2)nn1,1,3,0.9046857693872596,23
c1cc(-c2ccc(Oc3ccc(CN4CCCCC4)nc3)nc2)[nH]n1,0,6,0.2889457949732873,330
O=C(NCC(=O)N1CC[C@H](N[C@H]2CC[C@@](O)(c3ccc(-c4cnccn4)cn3)CC2)C1)c1cccc(C(F)(F)F)c1,0,8,0.04621240279318454,331
CCc1cc2c(nc1CNC13CCC(C[C@]4(O)Cn5c(=O)ccc6ncc(F)c4c65)(CC1)OC3)NC(=O)CO2,0,10,0.09052538601448804,332
CCc1ccn(CC(=O)N2CCN(c3sc(C(F)(F)F)nc3-c3cnc(C(F)(F)F)nc3)C[C@H]2CO)n1,1,6,0.8844512251339848,333
CN(C)S(=O)(=O)Nc1ccc2ccc3ncc(-c4cnn(C)c4)cc3c(=O)c2c1,0,1,0.05591244582942599,60
COc1ccc(C(=O)Oc2ccc(S(=O)(=O)C3(C(=O)NO)CCC4(CCNCC4)C3)cc2)cc1,0,4,0.07829617191487652,334
O=c1n(CC(O)CN2C3CCC2CC(OCc2ccccc2F)C3)nc2n1CCC2,0,2,0.22781755704967083,335
OC(c1cc(-c2ncnc3cc(N4CCOCC4)ccc23)ccc1F)c1ncnc2ccoc12,0,2,0.025046496113010158,150
COc1cc(C(=O)N2C[C@@H](n3cc(C4CC4)nn3)C[C@H]2C(=O)N[C@H]2CCCC[C@@H]2c2ccccc2)ccc1CN,0,2,0.16038840419894612,336
O=C1CCc2c(Oc3ccc4c(c3)C[C@H](NC(=O)c3cc(-c5cnc[nH]5)cc(C(F)(F)F)c3)CC4)ccnc2N1,0,3,0.05627065329967696,337
CCc1sc(CCc2cc(N3CCOCC3)cc(NC(C)c3cc(Cl)cc(NC(=O)OC(C)C)c3)n2)nc1C,1,6,0.32860279487156613,338
Cc1cc(-c2ccc3c(c2)CCN(CCCSc2nnc(-c4cccn4C)n2C)CC3)no1,1,5,0.9756060739193712,339
Fc1ccc(N/N=C/c2ccc(-c3cccc(/C=N/Nc4ccc(F)cc4)c3)cc2)cc1,0,2,0.37020975230862213,340
COc1ccc(CNC(=O)C2(c3ccccc3)CCN(c3cc(N)ccn3)CC2)cc1,1,8,0.39347318504679746,341
COc1ncc2cc1NS(=O)(=O)c1cccc(c1)C(=O)N1CCc3ccc(cc3C1)-c1ccnc3ccc-2cc13,0,7,0.10151128937850994,342
C[S+]([O-])c1ccc(-c2cnc3ccc(-c4cccc(S(=O)(=O)C5CC5)c4)nn23)cc1,1,1,0.3750670256184206,343
C[C@H](NC(=O)c1c(Cc2cccc(C(F)(F)F)c2)sc2c1CCOC2)c1ccc(C(=O)O)cc1,0,6,0.21811093231317766,344
Cc1cc(C)c([C@H](CCN2C3CCC2CC(n2c(C)nnc2C(C)C)C3)NC(=O)C2CCCCC2)s1,1,5,0.20322004912520325,345
Cc1n2cc[n+]1Cc1ccc(cc1)Oc1ccc(cc1)C[n+]1ccn(c1C)CCCn1cc[n+](c1C)Cc1ccc(cc1)Oc1ccc(cc1)C[n+]1ccn(c1C)CCC2,0,6,0.4592146580058071,346
O=C(Nc1cnc(N2CCNCC2)nc1)c1cc(C(=O)c2c(Cl)ccc(Cl)c2F)c[nH]1,0,10,0.12221367700967851,347
Cn1nccc1-c1nnc(SCCCN2CC[C@]3(C[C@@H]3c3ccc(C(F)(F)F)cc3)C2)n1C,1,3,0.9575429402367313,348
COc1ccccc1NC(=O)Cc1c(-c2ccc(F)cc2)nc2ccc(C)cn12,0,8,0.08551584017617564,349
CCCCNc1nc(N)nc2c(CC)nn(Cc3ncc(C4CCNCC4)cc3OC)c12,0,10,0.13644194905851756,44
COc1ccc(-c2nnc(C(=O)N3CC(Oc4ccc(CN5CCC(C)(O)C5)cc4)C3)o2)cc1,0,6,0.0545603690481031,350
O=c1ccc2ncc(F)c3c2n1C[C@@]3(O)CC12CCC(NCc3cc4c(cn3)S(=O)(=O)CCO4)(CC1)CO2,0,8,0.029477428570339127,351
c1ccc([C@@H]2C[C@H]2NC2CCNCC2)cc1,0,4,0.17110348901046288,352
CC1=NC(c2cccc(-c3cncc(Cl)c3)c2)(C2CC2)N=C1N,0,4,0.16437174381758,95
O=C(O)[C@H](Cc1ccc(F)cc1)N1CCC(CN2CCC(Oc3ccc(Cl)cc3)CC2)CC1,0,3,0.1756588503476364,234
Cc1nccnc1C(O)c1cc(-c2ncnc3cc(N4CCOCC4)cnc23)c(F)cc1Cl,0,7,0.014374899907252416,353
NC1(C(=O)NC(CCCN2CCOCC2)c2ccc(Cl)cc2)CCN(c2ncnc3[nH]ccc23)CC1,0,10,0.05350130492820882,354
Cc1ccc(C(=O)NCc2cn(C)nn2)cc1S(=O)(=O)Nc1ccc(Cl)cc1,0,9,0.0931126146886239,355
COc1ccc2cc1Nc1ncc(C(F)(F)F)c(n1)NCCCN(C)C2=O,0,9,0.11018353514378748,356
NC(c1ccccc1)C(O)(c1cccnc1)c1cccnc1,0,7,0.05303717397876453,357
Oc1ccc2c(c1)SC[C@H](c1ccc(F)cc1F)[C@@H]2c1ccc(OCCN2CC(CF)C2)cc1,0,5,0.15966134890397227,358
O=C(O)c1ccc2nc(CN3CCN(c4cccc(OCc5ccc(Cl)cn5)n4)CC3)n(C[C@@H]3CCO3)c2c1,0,1,0.13067687209375098,359
C[C@H](NC(=O)c1c(Nc2cccc(C(F)(F)F)c2)c2ccccc2n1C)c1ccc(C(=O)O)cc1,0,9,0.23806970387194942,360
Cc1nn(-c2ccc(CN)cc2)c(C)c1-c1ccc(F)cc1,0,8,0.36176120864911565,361
O=c1c(NCc2ccccn2)c(Nc2ccc(N3CCOCC3)cc2)c1=O,0,2,0.0767453347719485,362
CCCN(C(=O)c1ccccc1SC)[C@H]1CCNC1,0,1,0.09356872224297667,363
O=C(NC12CC3CC(CC(C3)C1)C2)c1cc(-c2ccc(F)cc2F)c[nH]1,0,9,0.24985018682436796,364
CCC(=O)CCCCC[C@H](NC(=O)[C@H]1CC12CCN(CC)CC2)c1ncc(-c2cc3ccc(C)nc3cc2OC)[nH]1,0,10,0.021782471334296224,203
CCOc1cc2ncc(C(N)=O)c(Nc3ccc(C)cc3F)c2cc1N1CCN(C)CC1,0,1,0.07474684422820475,365
Fc1ccc(N(CCNCCc2ccccc2)c2ccc(F)cc2)cc1,1,3,0.9029200077075584,366
OC(CC1c2ccccc2-c2cncn21)C1CCC(F)(F)CC1,0,4,0.18139771247284428,139
CCn1c([C@@H](C)NS(=O)(=O)c2ccc(C#N)nc2)nc2cnc(C3CC3)cc21,0,8,0.07503535595879733,367
C[C@H](C(=O)O)[C@@H](NC(=O)c1ncnc2[nH]ccc12)c1ccc(Br)cc1,0,9,0.08191399946505723,368
CNC(C(=O)N[C@](Cc1ccccc1)(c1ccc(F)cc1)c1cc(F)cc(C(F)(F)F)c1)C(O)(C(F)(F)F)C(F)(F)F,0,9,0.14497911482350087,369
Cn1cnc(-c2cnc(N)c(O[C@H]3CN(C(=O)Cc4ccc(OC(F)(F)F)cc4)C[C@@H]3F)c2)c1,0,5,0.06429383010491402,370
N#Cc1cnc2ccc(=O)n(CCN[C@H]3CC[C@H]4[C@H](C3)OC(=O)N4c3ccc4c(n3)NC(=O)CS4)c2c1,0,10,0.07093632397532233,371
C[C@@H](c1ccc(-c2cccc(-c3nn[nH]n3)c2)cc1)[C@H](N)C(=O)N1CC[C@H](F)C1,0,4,0.0788525333543373,372
C[C@@H](c1ncncc1F)[C@](O)(Cn1cncn1)c1ccc(F)cc1F,0,4,0.12764518252555007,373
NC(CC(=O)N1CCC[C@H]1C(=O)NCc1ccc(C(F)(F)F)cc1)Cc1ccccc1F,1,1,0.20558374742617216,374
O=C(c1ccccc1-c1ccc(OCCCN2CCCCC2)cc1)N1CCCCC1,1,9,0.49253659702368263,375
CS(=O)(=O)CCNCc1ccc(-c2ccc3ncnc(Nc4ccc(OCc5cccc(F)c5)c(Cl)c4)c3c2)o1,1,10,0.21396477008374282,376
Cc1nccn1Cc1cn(-c2cccc(C3CC3)c2)nn1,1,9,0.8810172404870285,377
O=C(NCCCNc1cc(-c2cn(-c3ccccc3)nc2-c2cccc(O)c2)ccn1)Nc1ccc(F)cc1,0,3,0.1835247995883584,378
COc1ccc2ncc(F)c(CCC34CCC(NCc5ccc6c(n5)NC(=O)CO6)(CC3)CO4)c2n1,1,5,0.9319081040370482,265
Cc1cccc(C)c1NC(=O)CC12CCCN1CCC2,0,7,0.1423231606322908,379
CCCC[C@@H]1C[C@H](N(C)C(C)C)CC[C@@H]1NC(=O)CNC(=O)c1cccc(C(F)(F)F)c1,1,8,0.18345027749045112,380
CC1COc2c(N3CC[C@@H]([C@@H](N)CC#N)C3)c(F)cc3c(=O)c(C(=O)O)cn1c23,0,4,0.03216059225366495,381
CN(CCOc1ccc([N+](=O)[O-])cc1)CCc1ccc([N+](=O)[O-])cc1,1,3,0.9099473874147499,66
CC1(C)C2=C3C=C4C5=[N+](CCC4OC3CCN2c2ccc(CC(=O)NCCCCN(CCOc3ccc(NS(C)(=O)=O)cc3)CCc3ccc(NS(C)(=O)=O)cc3)cc21)c1ccc(S(=O)(=O)[O-])cc1C5(C)C,1,7,0.9134918712489776,382
N[C@H]1Cn2c(nc3ccc(F)cc32)C[C@@H]1c1cc(F)c(F)cc1F,0,1,0.28618637562377996,383
Cc1csc([C@]2(CN)[C@@H]3CCN(c4cnc5c(-c6cccc(Cl)c6Cl)n[nH]c5n4)C[C@@H]32)n1,1,2,0.841948270167656,384
CC[C@@H](O)C(=O)N(CC)CCN1CCC(c2noc3cc(F)ccc23)CC1,1,3,0.11508947303495877,385
CC1OC2(CCN(CCc3cccc(F)c3)CC2)CN(c2ccccc2)C1=O,1,6,0.9317626816253027,224
Cc1cc(N2CCc3c(c(C)nn3CC34CCC(NCC(F)F)(CC3)CC4)C2)c2cnn(C)c2n1,0,7,0.07487913924449298,386
COc1ccc(-c2ccc(C(=O)O)cc2C)cc1-c1cnc(N2CCOCC2)nc1CN1C(=O)O[C@H](c2cc(C(F)(F)F)cc(C(F)(F)F)c2)[C@@H]1C,0,3,0.07657292967668872,387
Cc1nc2cc3c(cc2o1)CCN(CCCCSc1nnc(-c2ocnc2C)n1C)CC3,0,3,0.5775432111794773,388
COCc1ccc(-c2cc3c(cc2F)ncc2c3n([C@@H](C)C3CCOCC3)c(=O)n2C)cn1,0,7,0.11631546597767442,389
CCc1cc(F)cc2[nH]c(C(=O)N3CCN(C(=O)C(=O)NC4(c5nc(C)no5)CC(F)(F)C4)CC3)cc12,0,8,0.09958306379298908,390
CO[C@@H]1Cc2cc(Cl)ccc2-n2c(nnc2[C@H]2CC[C@H](Oc3ccccn3)CC2)C1,0,1,0.1038259991049804,391
Nc1nc(CC(=O)Nc2ccc(C[C@@H]3CC[C@H]([C@H](O)c4ccccc4)N3)cc2)cs1,0,5,0.09571190494009839,392
COc1cc(NC(=O)Cc2ccc(Cl)cc2)ccc1C[C@H]1COC(=O)N1,0,9,0.22412007354005353,393
COc1ncc(-c2nc(C(F)(F)F)sc2N2CCN(C(=O)Cn3nc(C)nc3C)[C@H](C)C2)cn1,0,1,0.09125291194853577,115
COc1cc(F)cc2c1nnc1c2c(-c2ccncc2C)nn1C,0,10,0.2155358893410637,394
O=C(N1CCCN(C2CCC2)CC1)N1CCC2(CCCN(S(=O)(=O)c3ccccc3)C2)C1,0,7,0.11700403901737398,395
O=C(NCCN1CCCC1)c1cc(-c2ccc(CN3CCOCC3)cc2)nc2ccc(F)cc12,0,3,0.29492156123880275,396
CC1OC2(CCN(CCc3ccccc3)CC2)CN(CCc2ccccc2)C1=O,1,5,0.9076036492493339,397
COc1ccc(-n2cnc3c(-c4ccccc4F)csc3c2=O)cc1,0,2,0.3182423574690259,398
COCCCc1cc(CN(C(=O)[C@H]2CNCC[C@@]23OC(=O)Cc2ccccc23)C2CC2)cc(OCCOC)c1,0,10,0.19853322441519533,399
CC(N1CCOCC1)C(O)(c1cccnc1)c1cccnc1,0,3,0.061233573789527755,400
Nc1ncnc2c1c(-c1cccc(O)c1)cn2[C@H]1C[C@@H](CN2CCC2)C1,1,8,0.226161783700336,401
CC(C(=O)NC1(c2ccccc2)CCC(N2CCC(O)(Cc3ccccc3)CC2)CC1)c1cc(C(F)(F)F)cc(C(F)(F)F)c1,1,7,0.6981840612534443,402
COc1ncc2cc1NS(=O)(=O)c1cccc(c1)C(=O)NCC1CCN(CC1)c1ncnc3ccc-2cc13,0,4,0.058957857550054615,403
CC(C)N1CCN(C2CCc3ccc(OCc4noc(-c5ccc(Cl)cc5)n4)cc32)CC1,1,9,0.717194594726835,404
COc1cccc(-c2cccc(C3(C)N=C(C)C(N)=N3)c2)c1,0,10,0.15013671131549308,405
Cc1nnn(-c2ccc(F)cc2)c1COc1ccc2c(n1)CCN(C(=O)NC1CCOC1)C2,0,6,0.09070742363382414,406
CCc1cc(F)cc2[nH]c(C(=O)N3CCN(C(=O)C(=O)NC4(C(F)(F)F)COC4)CC3)cc12,0,2,0.09328751777485944,407
Nc1nc2cnc(C(=O)N3CCOC[C@@H]3c3ccc(C(F)(F)F)cc3)cc2c2c1COC2,0,3,0.12304412582021307,408
CCCCc1cc(OC2CCN(CCCCS(=O)(=O)NCCC)CC2)c2ncccc2c1,1,8,0.9525631985279254,409
CC(C)(C)C(=O)N1Cc2ccc(/C=C/C(=O)NO)cc2C1,0,4,0.050252519250966535,410
O=C(Nc1ccccc1)N(c1ccc(Br)cc1)C1CCN(C2CCCC2)CC1,1,9,0.5122230540518307,411
O=C(O)c1cc(-c2ccc([C@]3(O)[C@@H]4CNC[C@H]3C4)cc2)c2ccc(-c3ccc(C(F)(F)F)cc3)cc2c1,0,5,0.13460273991646182,412
COc1ccc([C@@H](O)C[C@H]2c3cc(OC)c(OC)cc3CCN2C)cc1,1,2,0.49615667531311,413
Nc1ncc(-c2ccc(C(=O)N3CCC(O)CC3)cc2)nc1-c1ccc(C(F)(F)F)nc1,0,9,0.05425458321347489,414
CC(O)(c1cccc(-c2ncnc3cc(N4CCOCC4)ccc23)c1)c1nccs1,0,3,0.060345433602980725,257
COc1ncc(-c2nc(N3CCOCC3)c3ncn(CCCCCCC(=O)NO)c3n2)cn1,0,6,0.06385440399166722,415
Cn1c(=O)n(CCCO)c(=O)c2c1nc(C1(F)CCC(F)(F)CC1)n2Cc1ccc(C#N)cc1,0,2,0.08459435706008282,416
Cc1cccc(CN2[C@@H]3CC[C@H]2C[C@H](Oc2cccc(C(N)=O)c2)C3)c1,1,10,0.9104565872318652,417
COc1ccc2ncc(F)c([C@@H](O)CC[C@@H]3CCN(C4CC(c5cc(F)cc(F)c5)C4)C[C@@H]3C(=O)O)c2c1,0,10,0.07870254689257866,418
COc1cc2nccc(CCC34CCC(NCc5ccc6c(n5)NC(=O)CO6)(CC3)CO4)c2nc1C#N,1,10,0.9567182772907745,265
N#Cc1ccc(C(=O)N2CCN(c3ccc(OCCCN4CCCCCC4)cc3)C(=O)C2)cc1,0,8,0.14994175864570397,419
COCC(F)(F)CN1[C@H](c2ccc(NC3CN(CCCF)C3)cn2)c2ccc3[nH]ncc3c2C[C@H]1C,1,5,0.9082270736785315,420
CCOc1cccnc1Cc1ccc([C@H](F)C(=O)N[C@H](c2ccc(C)cc2)[C@@H](C)C(=O)O)cc1,0,4,0.15665968164319932,421
COc1ccc2c(c1C)C(=O)N(Cc1ccccc1-c1ccccc1)C2C(=O)NC(C)(C)C,0,10,0.067817925568358,422
Cc1c2c(nn1-c1nnc(-c3ccc(OC(C)C)c(Cl)c3)s1)CCN(CCC(=O)O)C2,0,7,0.22348370668783996,423
O=S1(=O)CC2(OCCO2)c2cc3nccc(Nc4ccc5scnc5c4)c3cc21,0,3,0.1537876769654469,424
COc1cc(NC(=O)c2ccccc2F)ccc1-c1nnc(NCCCCN2CCOCC2)o1,0,2,0.028454779588825505,425
Cn1c(SCCCN2CC[C@]3(C[C@@H]3c3ccc(C(F)(F)F)cc3)C2)nnc1-c1ccccn1,1,4,0.9941592863426721,426
CC(C)Oc1cc([C@@](Cc2ccccc2)(NC(=O)C(N)C(O)(C(F)(F)F)C(F)(F)F)c2cc(F)cc(OC(F)(F)C(F)F)c2)ccc1F,0,8,0.06361452999669495,369
CCCCN(C1CCNCC1)S(=O)(=O)c1ccc2ccccc2c1,1,5,0.3521604031550137,427
COc1ccc2ncc(F)c(CCC34CCC(NCc5ccc6c(n5)N(C)C(=O)CO6)(CC3)CO4)c2n1,1,5,0.6316216975873873,265
FC(F)Oc1cc(-n2cc(Cn3ccnc3C3CC3)nn2)ccc1Cl,1,7,0.958090453585271,428
C[C@@H]1C[C@H]2[C@@H]3CCc4cc(OCCCN5CCC[C@H]5C)ccc4[C@H]3CC[C@]2(C)NC1=O,0,10,0.07777026478611547,429
COc1ccc([C@H]2CN(CCc3cccc(OC)c3)C[C@@H]2CNC(=O)c2cccc(Cl)c2)cc1,1,1,0.8799243308428356,430
O=C(N[C@@H]1CCOC1=O)c1ccc2cc(Oc3ccc(C(F)(F)F)cn3)ccc2n1,0,8,0.07842412307127081,431
CC(=O)O[C@@H](C(=O)N1N=CC[C@H]1C(=O)NCc1cc(Cl)ccc1-n1cnnn1)c1ccc(F)cc1,0,7,0.06863829980759602,432
C[C@@H](N)c1cc(Cl)ccc1Cn1c(=S)[nH]c(=O)c2[nH]ccc21,0,7,0.15064589902836376,433
Cn1nccc1Cn1cc(-c2ccc(Cl)c(OC(F)F)c2)cn1,1,1,0.9145493256348747,434
Nc1ccc(-c2cccs2)cc1NC(=O)c1ccc(N2CCC3(CC2)CNC3=O)nc1,0,4,0.08968747675137882,435
CCNC(=O)c1ccc(OCc2cccc(C)n2)c(-c2cn(C)nn2)c1,0,1,0.08417614665236423,436
Nc1nccn1CC(O)c1ccc(Cl)cc1F,0,6,0.15365114729252838,437
CC(C)c1ncn(CC(=O)N2CCN(c3sc(C(F)(F)F)nc3-c3cnc(C(F)(F)F)nc3)C[C@@H]2CO)n1,1,2,0.9404848034420841,115
Cc1csc(C(=O)N[C@H]2CC[C@@H](NC(=O)c3cc(F)cnc3Oc3cccc(-c4ccc(CN5C[C@@H](C)N[C@@H](C)C5)cc4CN4CCOCC4)c3)CC2)n1,0,9,0.19524760636361088,438
Cc1cc(CN2C(=O)CN(c3ccc(C(F)(F)F)cc3)C2=O)cc(C)c1OC(C)(C)C(=O)O,0,2,0.13415345743914137,439
Cc1ncoc1-c1nnc(SCCCN2[C@@H]3CC[C@H]2C[C@@H](c2ccc(C(C)(C)C)cc2)C3)n1C,1,6,0.9209420559638882,440
Cc1ccc2c(N3CCN(CCc4cccc5c4OCC(=O)N5CC(F)F)CC3)cccc2n1,1,1,0.7729424261323983,441
FC(F)(F)Oc1cccc(-n2cc(Cn3ccnc3C3CC3)nn2)c1,1,1,0.9302613535583528,428
Cn1cnc(S(=O)(=O)NCCOc2ccc3c(c2)[C@@H](Cc2ccccc2)[C@@H](N2CCC2)CC3)c1,0,8,0.4317387763070592,442
Cc1ccccc1[C@@H]1CCN(C[C@@H]2CCc3cccnc3[C@@H](O)C2)C[C@H]1O,0,9,0.19891141534829976,48
Cc1c2cc(C#N)cc1NS(=O)(=O)CCCCC[C@H]1CN(CCN1C(=O)C(C)C)C2,0,8,0.0791273774709168,443
Cn1ccnc1[C@]1(O)CC[C@H](N2CC(NC(=O)CNC(=O)c3cccc(C(F)(F)F)c3)C2)CC1,0,7,0.05871699888076279,444
O=S1(=O)CCC(COc2ccc3c(c2)CCC2(CCN(C4CCC4)CC2)O3)CC1,0,10,0.2864053092580796,445
C[C@H](c1nc(-c2ccc(Cl)cc2Cl)no1)[C@H](N)C(=O)N1CCCC1,0,9,0.13665461851717595,446
Cc1cc(F)c(-c2ncnc3cc(N4CCOCC4)ccc23)cc1C(O)c1nccs1,0,8,0.016157775277659873,257
CC(=O)N1CCN(c2ccc(-c3cc4nccnc4c(NC[C@@H]4CNCCO4)n3)cc2F)CC1,0,1,0.07901962545067526,447
Fc1cc(-n2cc(Cn3ccnc3C3CC3)nn2)ccc1Cl,1,9,0.9458538816620294,428
Nc1nc(-c2ccc(CNC(=O)Cc3ccc(NS(=O)(=O)c4ccccc4)nc3)cc2)c[nH]1,0,9,0.10256113215248462,448
Cc1ccc([C@H]2CC[C@@H](N3CC(NC(=O)CNc4nn(C)c5ccc(C(F)(F)F)cc45)C3)CC2)cn1,0,4,0.12747050339596727,449
Cc1cc(CN2CCN(C(=O)/C=C/c3ccc(Cl)cc3Cn3nnc(C)n3)CC2)on1,0,9,0.07433362601625361,450
COc1ccc(NC(=O)c2ccc(C(=N)N(C)C)cc2N2CCCCC2)c(C(=O)Nc2ccc(Cl)cn2)c1,1,3,0.6207626865019337,451
Nc1nnc(N2CCC(N3C[C@H](C(=O)N4CC(F)C4)OC[C@@H]3Cc3ccc(Cl)cc3)CC2)[nH]1,0,6,0.026522849413297467,452
CC(C)n1ncc2c1C(=O)CC1(CCN(C(=O)c3ccc4[nH]ncc4c3)CC1)C2,0,6,0.1105975597143514,453
COc1ncccc1-c1noc(-c2nnn(Cc3ccc(CN4CCOCC4)cc3)c2N)n1,0,7,0.09883626492554304,454
Cc1nnc(C(C)C)n1C1CC2CCC(C1)N2CC[C@H](NC(=O)C1CCCCC1)c1cccnc1,0,1,0.43459917449665064,455
COc1cncc(OC[C@@H](O)CN)c1-c1cc(Nc2cnc(C#N)cn2)n[nH]1,0,1,0.06183661702759101,293
Cc1cccc(Cn2ccc3c(OC4CCN(Cc5cscn5)CC4)ncnc32)c1,1,6,0.8587048289061299,456
CN1CCC(S(=O)(=O)c2c(Cl)ccc(NC(=O)Nc3cccc(F)c3Cl)c2O)CC1,0,5,0.11680132467529357,457
COC(=O)N(C)c1c(N)nc(-n2nc(Cc3ccccc3F)c3ccccc32)nc1N,0,1,0.024381714859469973,458
COc1cc(F)ccc1[C@H]1CSc2cc(O)ccc2[C@H]1c1ccc(OCCN2CC(CF)C2)cc1,0,10,0.1897304508386142,358
COCCN1CCOc2c1cnn1c(-c3ccc4cccc(NCC5CCNCC5)c4n3)nnc21,0,9,0.10947618578879455,459
N[C@@H](CC(=O)N1CC(=O)Nc2ccccc2C1)[C@H]1CCc2cc(F)c(F)cc21,0,7,0.12175825503423783,460
COc1ncc2ncc(=O)n(CCN3CCC(NCc4cc5c(cn4)OCCO5)CC3)c2n1,0,2,0.055218572720027705,461
Cc1cc2ncccc2cc1Nc1ncc2c(n1)n([C@H]1CCN(C)C1)c(=O)n2C,0,3,0.07219723232518187,462
CCc1cc(-c2ccc3c(c2)-c2nnc(Nc4cccc(C(F)(F)F)c4)n2CCO3)ccn1,1,2,0.6896241500432687,463
COC(=O)N1Cc2cc(Cl)ccc2-n2c(nnc2C2CCN(c3ccccn3)CC2)C1,0,8,0.16362832211573036,464
COc1ccc(C(O)(c2cc(-c3ncnc4cc(N5CCOCC5)ccc34)c(F)cc2Cl)C(F)F)nn1,0,1,0.025872557717606662,465
COc1ccc(-c2nnc(C(=O)N3CC(Oc4ccc(CN5CC6(COC6)C5)cc4)C3)o2)cc1,0,5,0.01694201736499616,466
O=C(/C=C/c1ccc2c(c1)CN(S(=O)(=O)c1ccncc1)C2)NO,0,7,0.031217741687626324,467
CC(C)(Cc1ccc2ccccc2c1)NC[C@@H](O)COc1ccc(CCC(=O)O)cc1C#N,1,3,0.5889047280342189,468
C[C@@H]1CN(Cc2ccc(-n3ccnc3C(=O)N3CCC(Nc4cccc(F)c4)CC3)cc2)C[C@H](C)N1,0,4,0.2988558856983124,469
COCC(=O)N1CCC(c2ccc(C(=O)NC(=N)N)cc2C(F)(F)F)CC1,0,10,0.04950382229241173,470
Cc1ccc(C(=O)NCc2cn(C)nn2)cc1S(=O)(=O)Nc1ccc(-c2ccno2)cc1,0,2,0.04590677647042702,471
Cc1nccn1Cc1cn(-c2ccc(C(F)(F)F)cc2)nn1,1,7,0.9055999289464097,23
CCC[C@@H](CCO)Nc1nc(N)nc2cnn(Cc3ccc(CNC4CCOCC4)c4cccnc34)c12,0,3,0.14445323831548545,472
CCOC(=O)C1=C(CN2CCOCC2)NC(c2nccn2C)=NC1c1ccc(F)cc1Br,1,2,0.3425712780392963,473
CC1(C)[C@@H]2CC[C@]13CCN(CCN1CCN(c4cccc(Cl)c4)C1=O)C3C2,1,5,0.6590040420024394,474
CC(C)C[C@H](NC(=O)[C@H](CCc1ccccc1)NC(=O)CN1CCOCC1)C(=O)N[C@@H](Cc1ccccc1)C(=O)N[C@@H](CC(C)C)C(=O)[C@@]1(C)CO1,0,4,0.26454038270146407,475
Cc1cnc2c(C(=O)NCCO)cn(Cc3ncnc(N(C)C)c3C)c2c1,0,7,0.038461558969069345,476
C[C@@H]1Cc2c([nH]c3ccccc23)[C@@H](c2cc(F)cc(OCCNCCCF)c2F)N1CC(F)(F)F,0,7,0.3312066828543554,477
CCOc1cc(CN2CCC3(CC2)CC(=O)N(c2ccc(C(=O)O)cc2)C3)cc(OCC)c1-c1ccc(F)cc1,0,5,0.25464270662920435,478
Cn1c(SCCCN2CC3CCN(c4ccc(C(F)(F)F)cc4)C3C2)nnc1-c1cccnc1,1,4,0.9264998193286089,479
CCc1cc2c(cc1N1CCN(CC3(O)CCOCC3)CC1)C(C)(C)c1[nH]c3cc(C#N)ccc3c1C2=O,0,5,0.2091249677606077,480
COc1ccc2c(=O)cc(C(=O)NC3CCN(Cc4ccc5c(c4)OCO5)CC3)oc2c1,1,2,0.8428743142935915,481
CC1OC2(CCN(CCc3ccccc3)CC2)CN(c2ccccc2Cl)C1=O,1,4,0.861477173153145,224
N=C(Nc1ccc2c(c1)CCN2C1CCNCC1)c1cccs1,0,3,0.1741533602111931,482
O=C(Nc1ccc(F)cn1)[C@H](CN1CC(O)C1)Oc1ncnc2c1cnn2-c1c(F)cccc1Cl,0,7,0.014192913785311435,483
Fc1ccc(-c2c[nH]c([C@H]3Cc4c([nH]c5ccccc45)CN3)n2)cc1,1,2,0.6985432336946475,484
NC[C@H](NC(=O)c1ccc(-c2cc(F)c(Cl)c(F)c2)[nH]1)c1nc(CO)cs1,1,7,0.15945403029202973,485
COc1ccc(-c2ccc3c(N4CCOC[C@@H]4C)nc(-n4ccnc4)nc3n2)cc1CO,0,3,0.11269554099718948,486
O=C(Nc1ccncc1)c1cn(Cc2ccc(Cl)c(Cl)c2)c(=O)c2cnn(C3CCNCC3)c12,0,9,0.25025358835604017,487
CC(=O)NCCc1cc(Cl)c(Cl)c(CN(C(=O)[C@H]2CNCC[C@@H]2c2ccn(C)c(=O)c2)C2CC2)c1,0,3,0.07917261645095922,309
Cc1cc(-c2ccc(C(=O)[C@@H]3CCCC[C@H]3C(=O)Nc3cnn(C)c3C(=O)NOC(C)(C)C)cc2)[nH]n1,0,9,0.164341739263065,488
COC1(C(=O)N2Cc3cc(S(C)(=O)=O)ccc3C2C(=O)Nc2ccc(C(O)(C(F)(F)F)C(F)(F)F)cc2)CC1,0,10,0.06315831051440839,489
COc1nc2c(CCC34CCC(NCc5ccc6c(n5)NC(=O)CO6)(CC3)CO4)ccnc2cc1Cl,1,5,0.9513854272831866,265
Cc1nn(C)c(C)c1-c1nc2c(N3CCN(Cc4cccnc4)CC3)c(Br)cnc2[nH]1,0,9,0.24910965650831315,490
CC1OC2(CCN(CCc3ccccc3)CC2)CN(c2cncc(C(F)(F)F)c2)C1=O,1,5,0.7377836792396983,491
C=CC(=O)N1CCc2c(ncnc2N2CC[C@@H](Nc3ncc(Cl)c(OC)n3)C2)C1,0,3,0.16679661017639405,492
Cc1cc(-c2ccnc(Nc3cnn(C)c3)n2)ccc1CNC(=O)N1CC(OC(C)C)C1,0,10,0.10621821130891515,493
Nc1ccccc1NC(=O)c1ccc(N2CCC3(CC2)C(=O)NCN3c2ccccc2)nc1,0,10,0.06742689970399686,494
CC1(C)[C@H](Nc2c(C(N)=O)cnn3cc(-c4ccc(C#N)cc4)cc23)CC[C@]1(C)N,0,5,0.05596558840889211,495
CCSc1ncccc1C(=O)N1CC[C@H](NCc2cncn2Cc2ccc(C#N)cc2)C1=O,0,4,0.149724819101701,92
C[C@H](NC(=O)[C@H]1CNC[C@@H]1c1ccc(C(F)(F)F)cc1)c1ccc(N(C)C)cc1,0,1,0.23004643143335254,496
CN(CCCC(=O)NC1COC1)C(=O)c1ccc2c(c1)c1c(n2C)CC[C@@H](C2CCOCC2)C1,0,2,0.05548838008533008,497
CC1(C(=O)N2CC(c3nc(-c4ccc(C(=O)Nc5cc(C(F)(F)F)ccn5)cc4)c4c(N)nccn34)C2)COC1,1,4,0.12948451710942094,498
CC(C)Cc1cc(C(F)(F)F)cc(COCC2(c3ccc(F)cc3)CCN(C)CC2)n1,0,8,0.08195516751876789,214
FCCOc1cccc(CCN2CCC(CCc3ccccc3)CC2)c1,1,2,0.9754265813769536,499
CC(C)S(=O)(=O)N1CCC2(CCN(C(=O)N3CCCN(C4CCC4)CC3)C2)CC1,0,10,0.057983067059754576,500
CC(C)(C)COc1ccc2c(c1)[C@]1(COC(N)=N1)c1cc(-c3cncc(C#N)c3)ccc1O2,1,9,0.4388773122862212,501
COCc1ccc(-c2ccc3ncc(C(N)=O)c(N[C@@H](C)c4ccn(C)n4)c3c2)c(F)n1,0,7,0.09615730874500311,502
CCC(=O)NC1CCc2cc(CCN3CCN(c4nsc5ccccc45)CC3)ccc21,1,4,0.9497016952913574,39
O=C1COc2ccc(CNC34CCC(C[C@@]5(O)Cn6c(=O)ccc7ncc(Cl)c5c76)(CC3)OC4)nc2N1,0,7,0.0664451218641093,332
CC(C)N1CCN(C(=O)[C@H]2CC23CCN(C2CCOCC2)CC3)CC1,0,10,0.042794564304334086,503
CCc1cccc(CC)c1N1CCn2cc(-c3nc(Nc4ccc(N5CCC(C(=O)N6CC7(CN(C)C7)C6)CC5)cc4OC)nc4[nH]ccc34)cc2C1=O,0,5,0.23278318104180107,504
Cc1c([C@@H](O)CN2CCC3(CC2)CCN(c2ccc(C#N)cn2)C3)ccc2c1COC2=O,0,8,0.2656155552084865,505
NC(=O)c1cnn(-c2ccc(NCC3(c4ncccc4F)CCC3)nn2)c1,0,8,0.10270386937352646,506
CC(C)N1Cc2cc(C(F)(F)F)ncc2C2=CN=C(NCc3c(F)ccc4c3CCO4)N3C=NC(C1=O)C23,0,5,0.14787344684242526,507
CNc1cc(F)cc2c1[nH]c1nc(Oc3cnc(C)nc3)nc(N3CC(=CC(C)N)C3)c12,0,2,0.07282077100771797,508
Cc1cc2cc(C(=O)N3C[C@@H](C)CC[C@@H]3c3ccccc3)ncc2nc1N,0,6,0.3365045881643041,509
C[C@@H](Oc1nc(-c2cnn(C(F)F)c2)cc2ncsc12)[C@H]1CNC(=O)O1,0,8,0.11112121881267654,510
CNC(=O)[C@@H]1C[C@H](N2CCc3c(cccc3OC)C2)CN1C(=O)c1ccc(CN)c(OC)c1,0,7,0.05834870353728399,511
O=C(Nc1ccc(Cl)cc1)N1CCN(C[C@@H]2CCCN(C3CC3)C2)CC1,0,1,0.3813706146765749,512
CC(C)C(N1CCOCC1)C(O)(c1cccnc1)c1cccnc1,0,6,0.026325556379588298,400
Cc1ccc2nc(-c3ccc(F)cc3)c(CC(=O)N3CCNCC3)n2c1,0,5,0.045104643786815286,513
CC1(C)C[C@@H](NC(=O)c2n[nH]c3c2CCC3)c2cc(-c3ccc(Cl)cc3)c(-c3ccc(Cl)cc3Cl)nc2O1,0,1,0.7167305400602036,514
FC(F)(F)c1cccc(Nc2nnc3n2CCOc2ccc(-c4ccncc4)cc2-3)c1,1,4,0.8179977200947088,463
Cn1cc([C@@]2(c3nnc(N)o3)N[C@@H](c3nc(-c4ccc(F)cn4)c[nH]3)Cc3c2[nH]c2ccccc32)cn1,0,3,0.22600430410325847,515
CC1(C)C[C@@H](NC(=O)c2ccc3[nH]ncc3c2)c2cc(-c3ccc(Cl)cc3)c(-c3ccc(Cl)cc3Cl)nc2O1,1,3,0.47415690032481145,516
O=C(Nc1ccc(-c2nnc(NCCCCN3CCOCC3)o2)cc1)c1ccccc1F,0,10,0.028507381455199717,425
CCOC(=O)N1CCC(CN2CCC3(CC2)OC(=O)Nc2ncccc23)CC1,1,4,0.30096493478930053,517
C[C@@H](Nc1nc2c(cnn2C(C)(C)C)c(=O)n1Cc1ccc(F)cc1)c1ccc(Cl)cc1,0,3,0.43000282198281214,518
CCN(CC)Cc1csc(-c2cn(CC3CCOCC3)c3c(F)cccc23)n1,1,10,0.7667199384710203,519
Cc1ccc(NS(=O)(=O)c2cc(C(=O)NCc3cccnc3)ccc2C)cc1,0,6,0.09742850269392637,520
O=C(N1CCc2ncc(C(F)(F)F)cc2C1)[C@@]12CCC[C@@H]1C[C@@H](NC1CCCC1)C2,0,8,0.015062801349025899,521
O=C(O)c1cccc(CN2C(=O)/C(=C(\c3ccccc3)c3ccc(Cl)cc3)c3ccccc32)c1,0,4,0.4623121293558477,522
Nc1nnc(N2CCC(N3C[C@H](CF)OC[C@@H]3Cc3ccc(Br)cc3)CC2)[nH]1,0,1,0.05782314892145932,523
CCc1c(Nc2ncc(Cl)c(-c3cnn4ccccc34)n2)cnn1C1CCN(C(C)=O)CC1,0,9,0.09674596165799802,93
CCC(=O)CCCCC[C@H](NC(=O)[C@H]1CC12CCN(C)CC2)c1ncc(-c2ccc3nc(N4CCCC4)ccc3c2)[nH]1,0,7,0.06233605939546336,524
Cc1nnc2sc(C(=O)NCc3ccc(-c4cccnc4F)cc3)c(N)c2c1C,0,3,0.0945905660965424,525
CCOC(=O)N1CCC(CN2CC[C@H](N3C(=O)Cc4ccccc43)C2)CC1,1,10,0.22145064435324302,526
CC(C)(CO)n1cc(C(=O)c2cncc(NC(=O)Cc3ccc(Cl)cn3)c2)c2cnc(N)nc21,0,8,0.19301627540273544,527
Cc1cccnc1N(C(=O)c1ccc(-c2cnn3cccnc23)cc1)[C@@H]1CCCNC1,0,4,0.08457783362445316,528
Cc1cccc(-n2nc(C(C)(C)C)cc2NC(=O)Nc2ccc(Oc3ccnc4[nH]c(=O)cnc34)cc2F)c1,0,6,0.055239354423342324,129
Cc1ccc(C(=O)Nc2ccc3c(c2)C(F)(F)C[C@@H]3N2CCN(C)CC2)cc1C#Cc1cnc2cccnn12,0,8,0.40464013218476663,529
Nc1nc2ccc(C(=O)NCc3ccc(C(=O)NCc4ccccc4)cc3)cc2s1,0,1,0.06613234250316982,530
Cc1n[nH]c2ccc(-c3cncc(OC[C@@H](N)Cc4ccccc4)c3)cc12,0,3,0.3100225697529083,531
COc1cnc2c(C(=O)NCCO)cn(Cc3ncnc(OC)c3C)c2c1,0,5,0.03197426741589579,476
CS(=O)(=O)c1ccc(C(=O)Nc2ccc(Cl)c(-c3ccccn3)c2)c(Cl)c1,0,6,0.1753249129207705,532
CC(O)(COc1ccccc1C(F)(F)F)C(=O)Nc1ccc(S(F)(F)(F)(F)F)cc1,0,6,0.2008209854915399,533
COCCOCCNC(=O)C1c2cc(F)ccc2C(=O)N1CC(C)c1ccc(Cl)cc1,0,3,0.2656731091126968,534
Cc1ccc(-c2c[nH]c([C@H]3Cc4c([nH]c5ccccc45)[C@@H](C4CCOCC4)N3)n2)cc1,1,10,0.9872403044477719,535
O=C1c2nc3cccc(C(F)(F)F)c3n2CCN1CC1CC1,0,3,0.07810250940886657,536
NC(=O)c1cnc(N(CCO)[C@H]2CCCNC2)c2cc(-c3ccccc3)sc12,0,7,0.10649056088662588,537
CN(CCc1ccc(Cl)c(Cl)c1)C[C@H](O)COc1ccc(NS(C)(=O)=O)cc1,1,5,0.834056081370848,538
CNC[C@H](c1ccc(Cl)c(Cl)c1)[C@@H](O)c1cccc(N)c1,0,5,0.1203074338861014,539
Cc1cc(COc2ccc(S(=O)(=O)N(C)C3(C(=O)NO)CN(C(=O)C(C)C)C3)cc2)c2ccccc2n1,0,7,0.0843525123446614,540
CCCc1cc(Cn2cc(-c3ccc(Cl)c(OC(F)F)c3)cn2)n[nH]1,1,10,0.8834990115975997,59
CC(C)N1Cc2cc(-c3cc(-c4ccc(Cl)nc4)no3)ccc2C1=O,0,7,0.23391371733122787,541
Cc1cc(C#N)cnc1C(=O)Nc1ccc(F)c([C@]2(C)CO[C@@](C)(C(F)(F)F)C(N)=N2)c1,0,3,0.12086845538831556,542
Cc1ccc(COCc2cccc(COCc3ccc(C)cc3)[n+]2C)cc1,1,7,0.8565386413249392,543
Cc1nn(C)cc1NC(=O)[C@@H]1CCCC[C@H]1C(=O)c1ccc(-c2cc[nH]n2)cc1,0,5,0.048932825476755155,544
CNC(=O)c1cc(-n2ncc3cc(Nc4c(F)cccc4Cl)c(C)nc32)cs1,0,2,0.19091674428856278,545
Cc1nc(C)c(-c2ccc3cc(CCN4CCC[C@H]4C)ccc3n2)s1,0,1,0.4871636139270022,546
COc1ncc(-c2cc(OCCCCCCC(=O)NO)c3ncnc(C)c3c2)cc1F,0,7,0.10106737062578879,547
Cn1ncc2c(C(O)c3cc(-c4ncnc5cc(N6CCOCC6)ccc45)c(F)cc3Cl)ncnc21,0,10,0.00505149174617598,548
CCN(CC)C(=O)c1ccc(C(=C2CCNCC2)c2ccccn2)cc1,0,2,0.1559210321229947,549
Cc1cc2cc(/N=C(/NC#N)N[C@H]3CCCCN(CC(=O)N4CCCC4)C3=O)ccc2o1,0,10,0.13296854239452952,550
Oc1ccc(OC[C@@H](O)CN2CCN(c3ccc(Cl)cc3)CC2)cc1,0,8,0.4887745144599877,551
N#Cc1ccc(N2CCN(CCc3ccc(OCCCN4CCCCCC4)cc3)CC2)c2ncccc12,0,4,0.6051890965487575,272
COCCN1CCCC(Cn2c(-c3cccnc3C)nc3cn(-c4ccc(C#N)cc4)nc3c2=O)C1,0,4,0.21945644264789596,552
CNC(=O)c1cc(C(=O)N[C@H]2CC[C@H](O)CC2)c([C@@H](C)c2ccccc2)o1,0,1,0.11019862850624344,553
Cc1n[nH]c(C)c1Cn1cc(-c2ccc(F)c(C(C)(F)F)c2)cn1,1,10,0.8867588429038443,554
COc1ccc(-c2ncccc2NP(=O)(c2ccccc2)c2ccccc2)cc1,0,1,0.23713991944192572,555
Nc1nccn1Cc1cn(-c2ccc(Cl)c(OC(F)F)c2)nn1,1,1,0.6181010977284467,23
CC(=O)SCC(=O)c1ccc(NS(=O)(=O)c2ccc3c(c2)COOC3)nc1,0,4,0.09516672322183167,556
O=C(Nc1ccc(-c2nnc(NCCCCN3CCCOCC3)o2)cc1)c1ccccc1F,0,7,0.031779600397856225,557
CNC(=O)c1ccc(Nc2ncc(F)c(-c3cnc(C)n3C(C)C)n2)cc1F,0,3,0.04817610977982367,558
N/C1=N\C(=O)[C@@H]2CCCN2c2ccc(cc2)OCCCCCCNCC(=O)Nc2c(Cl)cc(cc2Cl)CN1,0,9,0.0757152041704854,559
Nc1ccc(-c2ccc(F)cc2)cc1NC(=O)c1ccc(N2CCC3(CC2)CNC(=O)O3)nc1,1,10,0.11080866752554702,560
Nc1nc2cc3c(cc2s1)CCN(Cc1ccncc1)CC3,0,10,0.10500789584400244,561
N#CC=C1CCN(c2ccc(N3C[C@H](Cn4ccnn4)OC3=O)cc2F)CC1,0,2,0.12785138052355666,58
N#Cc1cccc(NC(=O)COc2ccc(C(=O)c3cc(Cl)ccc3Br)cc2)c1,1,9,0.9194767158338752,180
CO[C@@H]1COCC[C@@H]1N(C)[C@@H]1CC[C@@](C(=O)N2CCN(c3cc(C(F)(F)F)ccn3)CC2)(C(C)C)C1,0,10,0.2324625258688039,562
O=C(CCCS(=O)(=O)c1ccccc1)Nc1nc(=O)[nH]cc1F,0,3,0.08950878145601697,563
Clc1ccc([C@]23CNC[C@H]2C3)cc1Cl,0,1,0.13094713812410352,564
Cc1ccc2oc(N3CCN4CCC3CC4)nc2n1,0,7,0.11782349855936239,565
Cn1ncc2c(C(O)c3cc(-c4ncnc5cc(N6CCOCC6)ccc45)ccc3Cl)ncnc21,0,4,0.01113070485269328,548
CCOC(=O)[C@H]1CC[C@@H](N2CC(NC(=O)CNc3nn(C(N)=O)c4ccc(C(F)(F)F)cc34)C2)CC1,0,6,0.06733027076280935,67
Cc1ccc2c(N3CCN(CCc4cccc5c4OCc4c(C(=O)NC6CC6)ncn4-5)CC3)cccc2n1,1,7,0.8776763342882805,566
Nc1ccccc1NC(=O)c1ccc2nc(N3CCNCC3)ccc2c1,0,3,0.09687817814753198,567
Cc1cnc(N2CCN(Cc3ccc4c(c3)[nH]c(=O)c3ncccc34)CC2)n1C,0,9,0.13072018068282418,568
O=C(COc1ccc(C(=O)c2cc(Cl)ccc2Br)cc1)Nc1cncc(C(=O)NCC2CC2)c1,1,7,0.8090956070923149,569
CC(C)(C)NC(=O)c1c[nH]c2ncc(-c3nn(CCCS(C)(=O)=O)c4ccc(OC(F)F)cc34)nc12,1,2,0.3583305360510989,570
CC(C)(CCc1ccc(F)cc1)N1Cc2ccc(F)cc2C1,1,2,0.8550682560378323,70
Cc1ccc(C(=O)NC2CC2)cc1-c1cc2cnn(-c3c(F)cccc3F)c2n(C)c1=O,0,6,0.194023611045232,571
COCCC(=O)NCCN1CCC[C@@H]1Cn1nc(Cc2ccc(Cl)cc2)c2ccccc2c1=O,1,2,0.781022777475092,178
Cc1c(OCCNCCC(F)F)ccc(F)c1[C@@H]1c2[nH]c3ccccc3c2C[C@@H](C)N1C[C@@H](C)C(=O)O,0,3,0.09931254625500932,477
CC(=O)NC[C@@H]1OC(=O)N2Cc3cc(-c4ccc(C#N)nc4)c(F)cc3O[C@@H]12,0,2,0.1060729624701363,572
Cc1cc(-n2cc(Cn3ccnc3C3CC3)nn2)ccc1F,1,6,0.949168441184004,428
COC(=O)c1cc(OC[C@H](COS(=O)(=O)[O-])OS(=O)(=O)[O-])ccc1OC[C@@H](COS(=O)(=O)[O-])OS(=O)(=O)[O-],0,7,0.13407245527889722,156
CNC(=O)c1c(-c2ccc(O)cc2F)oc2ccc(O)c(CN3CCC4(COC4)C3)c12,0,7,0.044878449484093495,573
COC(=O)C1(CNC(=O)c2cc(Cl)cc(Cl)c2)CCN(Cc2ccccc2OC)CC1,1,3,0.7882575634853424,574
OC(c1cccnc1-c1cccc(Cl)c1)C(c1cccnc1)c1ncco1,0,9,0.1335800384522896,575
COc1ncc2cc1NS(=O)(=O)c1cccc(c1)C(=O)NCc1cncc(c1)-c1ccnc3ccc-2cc13,0,7,0.029672028548425853,576
CC(C)NC(=O)NS(=O)(=O)c1ccc(OCCCN2CCCC2)cc1,0,10,0.016377833089978755,577
Cc1cc2ncccc2cc1Nc1ncc2c(n1)n(C1CCNCC1)c(=O)n2C,0,4,0.0713014243034377,578
C[C@H]1C[C@H]2CSC(N)=N[C@@]2(c2ccccc2)CO1,0,3,0.04423482552846467,579
CC(C)(O)c1ccc(C(Cc2cc[n+]([O-])cc2)c2ccc(OC(F)F)c(OC3CCC3)c2)cn1,0,7,0.05669116838342204,580
N#Cc1c(NC(=O)c2cc(-n3cnnc3)ccc2Cl)sc2c1CCCC2,0,4,0.20342802222332326,581
N#Cc1cccc(Cl)c1-n1ncc2c(O[C@@H](COCCO)C(=O)Nc3ccc(F)cn3)ncnc21,0,10,0.028791807311085105,169
Cc1cc(-n2cnnn2)ncc1C(C)C(=O)N1CCN(CCc2ccc3c(c2C)COC3=O)CC1,0,2,0.08823880080798621,582
Cn1nc(-c2cnc3[nH]cc(C(=O)N[C@]4(C)C[C@H](N)C4)c3n2)c2ccc(F)cc21,0,2,0.11566080109617395,583
CC1(c2ccc(S(N)(=O)=O)cc2)NC(=O)N(CC(=O)c2ncc(F)cc2F)C1=O,0,8,0.04805011891371365,584
CC1(C)c2nc(-c3ccc(F)cc3)c(Nc3ccc(F)cc3)n2CCN1C(=O)CN,0,8,0.07073569645275551,585
COCc1cnc(N2CCC([C@H]3C[C@H]3CCOc3ccc(CC(=O)N4CCC4)c(F)c3)CC2)nc1,0,9,0.19225204082727332,586
Cc1ccc(-c2c(C)c(CN[C@H]3CC[C@@H](F)C3)nn2-c2ncccc2Cl)cn1,0,6,0.08800398380707798,587
Cn1nccc1[C@H]1CN(C2CCN(c3nnc(N)[nH]3)CC2)[C@@H](Cc2ccc(Cl)cc2)CO1,0,1,0.041021189063330396,588
COc1ccc2c(=O)n(CC(O)CO)c(C#N)c(-c3cccc(F)c3)c2c1,0,8,0.07299559448664039,589
CNCC(Cc1ccccc1CO)c1ccc2ccccc2c1,0,4,0.12033998640095397,590
O=C(O)C1CCN(Cc2ccc(Oc3nc4ccccc4s3)cc2)CC1,0,10,0.13072352654809763,591
CN1CCC(COCc2cc(C(F)(F)F)cc(Cl)n2)(c2ccc(Cl)cc2)CC1,0,6,0.15047439213390143,214
C[C@H](CC[C@](C)(O)C(F)(F)F)[C@H]1CC[C@H]2[C@@H]3CC=C4C[C@@](C)(O)CC[C@]4(C)[C@H]3CC[C@]12C,0,6,0.34085738062585375,592
CC(=O)c1ccc(Oc2ccc3nc(C(=O)N4CCNCC4)ccc3c2)cc1,0,8,0.0652318371019897,593
Cc1ccc(S(=O)(=O)N/N=C/c2cn(CC(=O)Nc3ccc(F)cc3F)c3ccccc23)cc1,0,3,0.1430082706784335,594
COCCOCc1nn(C)c2c1CSCc1cc(n(C)n1)CSc1cc(c3ccc(F)cc3c1)OCCCc1c(C(=O)O)n(C)c3c-2c(Cl)ccc13,0,9,0.10338284148529647,595
N[C@H]1CN(c2ccn3cnnc3n2)CC[C@@H]1c1cc(F)c(F)cc1F,0,8,0.1294128909944379,596
Cc1ccccc1N1C(=O)/C(=C/c2ccco2)C(=O)NC1=S,1,2,0.21553257024182595,597
Cc1ccc2c(-c3nnc(SCCN4CCc5cc6nc(C)oc6c(C)c5CC4)n3C)cccc2n1,0,10,0.5723819031519225,598
O=C1NCCC12CCN(c1c(Cl)cncc1-c1cc3ccccc3s1)CC2,0,4,0.3285582537065948,599
Fc1ccc([C@@H]2C[C@H]2NCc2cn(-c3ccc4[nH]ncc4c3)nn2)cc1F,1,3,0.33884272415319977,600
COC(=O)C1CCN(C(=O)c2ccc3nc(N)sc3c2)CC1,0,1,0.0816130230809886,601
COc1cc(N)c(Cl)cc1C(=O)NC1CCN(Cc2ccccc2)CC1,1,7,0.4453448398455299,602
C[C@@H]1Cc2c([nH]c3ccccc23)[C@@H](c2c(Cl)ccc(OCCNCCCF)c2Cl)N1C[C@H](C)C(=O)O,0,4,0.08215118090022325,477
CC(C)(O)c1ccc(C(Cc2cc[n+]([O-])cc2)c2ccc(OC(F)F)c(OC3CC3)c2)cn1,0,3,0.03912169727447448,603
N#Cc1c(N)ncnc1N1CCC(c2nc(-c3ccc(F)c(C(F)(F)F)c3)cn2CCN2CCC2)CC1,1,6,0.4493252150603134,160
COc1ccc(CN(C)C)c(Oc2ccc(Cl)c(Cl)c2)c1,1,2,0.718445030634653,604
O=C(/C=C/c1ccc(CN(CCO)CCc2c[nH]c3ccccc23)cc1)NO,0,7,0.17387557935513998,605
O=C(O)C[C@H]1CC[C@@H](Oc2ccc(-c3ccc(-c4nc5cc(F)c(F)cc5[nH]4)cn3)cn2)CC1,0,10,0.04868159715591253,606
CNC[C@H](c1ccc2ccccc2c1)[C@H](O)c1ccccc1C,0,10,0.07081012116315008,590
CCC1CCC(C(=O)N[C@@H](CCN2C3CCC2CC(n2c(C)nnc2C(C)C)C3)c2ccsc2)CC1,0,1,0.5170945348478045,607
COc1nccnc1[C@H](O)c1cc(-c2ncnc3cc(N4CCOCC4)ccc23)c(F)cc1F,0,8,0.0,247
CC1(C)Oc2c(CN3CCC4(CC3)CCN(C(=O)c3ccc(N)cn3)CC4)cccc2C1(F)F,0,6,0.1451671593847387,608
CNc1cc(Nc2cccn(-c3ccccn3)c2=O)nc2c(C(=O)N[C@H]3CC[C@@H]3OC)cnn12,0,4,0.14238103186563505,609
CCn1cc(N2CCN(Cc3nc4c5cccc(OC)c5nc(N)n4n3)[C@H](C)C2)cn1,0,6,0.033088029287934605,610
c1ccc(N2CCN(CCCCCCN3CCN(c4ccccn4)CC3)CC2)cc1,0,5,0.6345612089390036,611
COC(C)(C)[C@@H]1C[C@H]1C(=O)Nc1cc2cc(C3CCN([C@]4(C)COC[C@@H]4O)CC3)c(Cl)cc2cn1,0,9,0.12236895761759849,612
NS(=O)(=O)c1ccc(OCCN2CCCCC2)cc1,0,6,0.10503843502589576,613
Cc1nc(-c2nnc3n2CCN(C(=O)c2ccc(-c4cccs4)cc2)[C@@H]3C)cs1,0,5,0.034652517442800325,614
Nc1c(-c2ccc([C@H]3CC[C@H](CC(=O)O)CC3)cc2)cnc2ccnn12,0,7,0.08236712425138872,615
Cc1cc(Cn2cc(-c3ccc(F)c(C)c3)cn2)n(C)n1,1,8,0.8814737669797778,434
COc1ccc2c(c1)c(NC1CCN(Cc3ccc4c(c3)OCO4)CC1)cc(=O)n2C,1,9,0.6767919421282739,616
COc1ccc2c(=O)n(CC(O)CO)c(C#N)c(-c3cccc(C(F)(F)F)c3)c2c1,0,4,0.08310304038768036,589
COc1cc2c(cc1OC)Nc1ncnc(Oc3ccc(NC(=O)C4(C(=O)Nc5ccc(F)cc5)CC4)cc3F)c1NC2,0,10,0.16389677166278133,617
Cc1cccc(Nc2nc(NC[C@@H]3CCCN3)ncc2C(N)=O)c1,1,1,0.3047686190861144,618
Fc1ccc(CN2CCN(c3ccc4nnc(C(F)(F)F)n4n3)CC2)cc1,0,6,0.25903182630597077,619
O=P(Nc1cc(F)ccc1-n1cccn1)(c1ccccc1)c1ccccc1,0,2,0.3163776290181021,620
Cc1cc(OCc2c(-c3c(Cl)cccc3Cl)noc2C2CC2)ccc1C1=NOC(c2cc(C(=O)O)nn2C(C)C)C1,0,2,0.08088883282306324,621
CC(C)Oc1cc(Nc2nc3c(cc2F)ncn3[C@@H](CO)c2ccc(F)cn2)n[nH]1,0,3,0.10130062545735843,622
Cn1ncc(C(=O)N2[C@@H]3CC[C@H]2C[C@@H](Nc2n[nH]c4ccc(F)cc24)C3)c1Cl,0,10,0.13001648711539057,623
CC(C)S(=O)(=O)N[C@H]1CN(C)C[C@@H]1c1ccc(-c2cccs2)cc1,0,8,0.28164490945325044,624
CC(C)(CO)Oc1ccc(C(N)=O)c(O[C@@H]2CCN(C(=O)Cc3ccc(OC(F)(F)F)cc3)C[C@@H]2F)c1,0,6,0.09576760871957682,279
C[C@H](c1ccc(F)cc1)N(Cc1cccc(C(=O)O)c1)C(=O)c1cnc2ccccc2c1,0,2,0.14622830894351574,625
NC(=O)Cn1nc(C(O)c2cc(-c3ncnc4cc(N5CCOCC5)ccc34)c(F)cc2Cl)ccc1=O,0,5,0.04816691580598273,130
Cc1cc(C)n(-c2cccc([C@H](CC(=O)[O-])C[N@@+]3(C)CC[C@@H](CCc4ccc5c(n4)NCCC5)C3)c2)n1,0,8,0.20711616267510172,626
COc1ccc2ncc(=O)n(CCN3CCC(NCc4cc5c(cn4)OCCO5)CC3)c2c1,0,3,0.023539007954594626,627
O=C(O)Cc1ccc(-n2cc(C3CCN(CCN4CCNC4=O)CC3)c3cc(Cl)ccc32)cc1,1,10,0.5942011960308894,628
O=S(=O)(c1ccc(Cl)cc1)C1CCN(CCc2ccc(F)cc2F)CC1,1,7,0.9024165351873463,629
Cc1ncccc1N1C[C@]2(CC[C@@H](c3nc4cc(OC(F)(F)F)ccc4[nH]3)CC2)OC1=O,0,10,0.31645461900059857,630
CC1(c2ccc(N3CCOC3=O)cc2)NC(=O)N(CC(=O)c2ccc(F)cc2F)C1=O,0,6,0.0789895162233094,631
Cc1cc(CNc2nc(N)nc3ccn(Cc4cc(Cl)ccn4)c23)no1,1,5,0.6617710253232586,632
Cc1cc(NCc2c(F)cccc2C(F)(F)F)c2cccc(C(N)=O)c2n1,1,7,0.45633173946690864,633
C[C@@H]1C[C@H](N)CN(c2ccncc2Nc2ncc3ccc(-c4c(F)cccc4F)nn23)C1,1,5,0.19817381332346323,634
CC(C)N1CC=C(c2ccc(/C(=C(/CCCO)c3ccccc3)c3cccc(O)c3)cc2)CC1,0,3,0.1907831922056561,635
CN(C)c1ccc(-c2cc3ncccc3c(NC[C@H]3CCCNC3)n2)cn1,0,2,0.10855738766067952,636
Cc1ccc2c(-c3nnc(SCCN4CCc5cc6nc(C)oc6cc5CC4)n3C)cccc2n1,0,9,0.5430698002155924,598
CCc1ncn(CC(=O)N2CCN(c3sc(C(F)(F)F)nc3-c3cnc(C(F)(F)F)nc3)C[C@H]2C)n1,1,8,0.9203089393841488,115
CNC[C@H](c1ccc2ccccc2c1)[C@H](OCCO)c1ccccc1,0,6,0.11023527084338927,590
CC(C)(O)c1ncc(C(Cc2cc[n+]([O-])cc2)c2ccc(OC(F)F)c(OC3CCC3)c2)s1,0,2,0.09546934039921634,637
Cc1nsc(-c2nnc3n2CCN(C(=O)c2ccc(C#N)cc2)[C@@H]3C)n1,0,1,0.053815766310847384,638
C[C@@H]1CCCN1CCc1ccc2nc(-c3ccncc3)ccc2c1,0,5,0.4249403491779709,639
COc1ccc2ncc(F)c(CC[C@@]3(O)CO[C@@H]4[C@@H](NCc5ccc6c(c5)OCCO6)CO[C@@H]43)c2n1,0,9,0.18583548372152536,640
CC(C)(C(=O)O)c1cccc(CCCN2CCC(=C3c4ccc(Cl)cc4CCc4cccnc43)CC2)c1,0,3,0.26727176778729805,641
CC(C)(Oc1ccc(-c2cnc(N)c(-c3ccc(Cl)cc3)c2)cc1)C(=O)O,0,10,0.17806870517450035,642
CCc1cccc2c(-c3nc(CN4CCCC4)cs3)cn(CC3CCOCC3)c12,1,2,0.6282177538602011,643
Nc1cccc(C(Cc2cccnc2-c2cccc(C(F)(F)F)c2)c2cccnc2)n1,0,9,0.1417705643451342,644
O=C(Nc1ccc(-c2nnc(NCCCN3CCCOCC3)o2)cc1)c1ccccc1F,0,10,0.033197822861729766,645
Cc1ccc(Nc2c(-c3ccc(F)cc3)nc3n2CCN(C(=O)CN)C3)cc1,0,5,0.06294275538842117,585
C[C@@]1(c2cc(CNC3(C(F)F)CC3)c(F)cc2F)CCSC(N)=N1,0,2,0.10440176714308302,646
C[C@@H]1CN(C(=O)[C@@H]2CN(C(C)(C)C)C[C@H]2c2ccc(F)cc2F)C[C@H](C)[C@@]1(O)c1ccccn1,1,4,0.6139275510793816,647
CC(=O)N(C)C1CCC([C@H](C)[C@H](N)C(=O)N2CC[C@H](F)C2)CC1,0,3,0.03593308230898889,648
O=C(NC1CC1)c1cn(-c2cccc(-c3cccnc3)c2)c2ncccc2c1=O,0,7,0.1679388242404158,649
CC(C)(CCc1ccc(O)c(OC(F)(F)F)c1)N1Cc2c(F)ccc(F)c2C1,0,1,0.4669047870926431,70
COCCCc1cc(CN(C(=O)[C@H]2CNCC[C@@H]2c2ccc(OCCOc3c(Cl)cc(C)cc3Cl)cc2)C2CC2)cc(OC[C@H]2C[C@@H]2C(=O)OCOC(=O)C(C)(C)C)c1,1,5,0.8790748656186429,650
CC1(C)CN(c2cc(N3CCC4(CCCC(=O)N4c4ccc(Cl)c(F)c4)CC3)ncn2)C1,0,8,0.28449842305121276,651
O=C(O)c1ccc(Sc2ccc(CN3CCC(N4C(=O)N(C5CCOCC5)C[C@H]4c4ccccc4)CC3)cn2)cc1,0,1,0.18141469081183978,652
CC(C)(O)[C@H]1CC[C@H](Nc2ccc3ncc(-c4cccc(Cl)c4)n3n2)CC1,0,10,0.18256592160620683,653
CC(F)[C@H]1CN(C2CCN(c3nnc(N)[nH]3)CC2)[C@@H](Cc2ccc(Cl)cc2)CO1,0,4,0.05174675840591521,523
O=c1cc(OCc2ccccc2)ccn1-c1ccc(OCCN2CCCC2)cc1,1,4,0.9754216279489545,188
Cc1cc(/C=C/C#N)cc(C)c1Oc1nc(NC2CCN(Cc3ccc(S(N)(=O)=O)cc3)CC2)nc2sccc12,1,5,0.4548040074931014,654
CCN(C)C(=O)c1ccc([C@H](c2cccc(NC(=O)C3CC3)c2)N2CCN(Cc3nc(C)cs3)CC2)cc1,0,4,0.17956675436084207,655
COc1ccc(Nc2cc(N[C@@H]3CCOC[C@@H]3N)nnc2C(N)=O)nc1C(C)C,0,7,0.21411639979563324,656
Cc1cnc(-c2nc3c(F)c(-c4cccc(Cl)c4C)c(CCC#N)cc3c3c2cc([C@@H](C)N2CCOCC2=O)n3[C@H]2[C@H]3CN[C@@H]2C3)cn1,0,8,0.26773912564219865,657
Cc1nc(C)c(-c2ccc3cc(CCN4CCC[C@H]4C)ccc3n2)o1,0,8,0.32024517365140664,658
CCN(CC)CCOc1ccc(-n2ccc(OCc3ccccc3)cc2=O)cc1,1,1,0.9067403183689674,659
Cc1nc(/C=C/[C@@H]2[C@@H]3[C@@H](C)OC(=O)[C@]3(C(N)=O)CC(F)(F)[C@H]2C)ccc1-c1ccccc1C#N,0,6,0.1012575422274845,277
Cc1nc(NC(=O)c2cc(CNC(=O)C(C)C)cnc2C(F)F)[nH]c1-c1ccc(C(F)(F)F)cc1,0,10,0.1889380555537347,660
[2H]C([2H])([2H])NC(=O)c1nnc(NC(=O)C2CC2)cc1Nc1cccc(-c2ncn(C)n2)c1OC,0,7,0.06428572838792061,661
COc1cc2c(cc1OC(C)C)[C@H](c1ccc(Cl)cc1)N(c1ccc(N(C)C[C@H]3CC[C@H](N4CCNC(=O)C4)CC3)cc1)C(=O)C2,0,5,0.3565438017305579,662
C[C@@H]1CCCCN1CCCNCc1ccc(CNCCCN2CCCC[C@H]2C)cc1,0,9,0.5210129351027111,663
CCN(CCN1CCC(n2ncc3cc(F)ccc32)CC1)S(=O)(=O)CCO,0,2,0.10446317651735286,664
O=C(N1CCc2ncc(C(F)(F)F)cc2C1)[C@@]12CCO[C@@H]1C[C@@H](NC1CCOCC1)C2,0,7,0.035528091064052116,665
Cc1ccc(Nc2nc(N[C@@H]3CCCC[C@@H]3N)ncc2C(N)=O)cc1,0,1,0.203728762812201,666
NC(=O)C(NC(=O)C1(N)CCN(c2ncnc3[nH]ccc23)CC1)c1ccc(Cl)cc1,0,2,0.04909888101790349,667
Cc1ccc(NC(=O)Nc2cc(-c3ccccc3-c3nn[nH]n3)ccc2OC(C(C)C)C(C)C)cc1,0,6,0.11461012940314433,668
COc1cccc(/C=C/C(=O)c2cc(OC)c(OC)cc2O)c1,0,3,0.17021541551087588,669
Cc1c(C(O)CN2CCN(C(=O)Cc3ccc(-n4cnnn4)cc3)CC2)ccc2c1COC2=O,0,3,0.028578275943268883,670
C[C@@H](NC(=O)c1ccc(Cl)cc1)[C@H]1[C@@H]2C[C@@H](n3cnc4cc(F)c(F)cc43)C[C@@H]21,1,7,0.5924698073700467,118
CCOc1cc(C(O)CN2CCN(C[C@H](O)c3ccc4c(c3C)COC4=O)CC2)ncc1C#N,0,10,0.06455175330717727,671
CN1CCN(C(=O)COc2ccc3cc(Oc4ccccn4)ccc3n2)CC1,0,8,0.06896753828878945,672
COC[C@H]1CN(C2CCN(c3nc(N)n[nH]3)CC2)[C@@H](Cc2ccc(Cl)cc2)CO1,0,5,0.12281989274389313,673
O=C(NC[C@H]1CC[C@@H](CCOc2ccccc2)CC1)c1cn[nH]c1,0,2,0.17091287491924953,674
N#Cc1ccc(COc2cccc(N3C=NN(Cc4nc5ccc(C(=O)O)cc5n4C[C@@H]4CCO4)CC3)n2)c(F)c1,0,10,0.14470892529056167,241
Cc1ccc(OC(=O)N(CC(=O)O)Cc2cccc(OCc3nc(-c4ccccc4Cl)oc3C)c2)cc1,0,2,0.08234759570134231,675
Cc1ncc(-c2ccccc2CCNC(=O)c2ccc(OCCOCC(F)(F)F)nc2)cn1,0,3,0.11058788667765701,676
CCC#CC[C@H](C)[C@H](O)/C=C/[C@H]1CCC(=O)N1CCCCCCC(=O)O,0,6,0.20256885169770725,677
COC(=O)C1=C(CN2CCN3C(=O)N(C4CCC(C(=O)O)CC4)C[C@@H]3C2)NC(c2nccs2)=N[C@H]1c1ccc(F)cc1Cl,0,8,0.0549603230720266,678
COc1cc2ccc(Br)cc2cc1[C@@H](c1cnc(OC)c(OC)c1)[C@@](O)(CCN(C)C)c1cccc2ccoc12,1,5,0.4908199319949163,679
Nc1ncnc2c1c(-c1cccc(OCC34CCC(CC3)O4)c1)cn2[C@H]1C[C@@H](CN2CC[S+]([O-])CC2)C1,0,3,0.3614509293013592,680
CCOc1cc(C(=O)N2CCC(N3CCCC3)CC2)ccc1Nc1cc2c(cn1)N(C)C(=O)c1ccccc1N2C,1,2,0.20679419710888317,681
C[C@@H]1CCCN1CCc1ccc2nc(-c3cn[nH]c3)ccc2c1,0,4,0.246038114239341,682
Cc1cc(N2CCCc3nc([C@@H](C)NC(=O)c4ccc(F)cc4)ccc32)ccn1,1,8,0.13356742228763188,683
C[C@H]1OC(=O)[C@]2(CC(N)=O)CC(F)(F)[C@@H](C)[C@H](/C=C/c3ccc(-c4ccccc4C#N)cn3)[C@H]12,0,9,0.022787331754488365,277
CC(C)(C)c1ccc2[nH]c(C(C)(C)N)nc2c1,0,8,0.15744654828760082,221
C[C@@H]1CN(C(=O)c2ccccc2)CCN1C(=O)C(=O)c1c[nH]c2ncccc12,0,4,0.05367145400323248,684
COC1COCCC1N[C@@H]1C[C@H]2C[C@H](OC)C[C@@]2(C(=O)N2CCc3ncc(C(F)(F)F)cc3C2)C1,0,10,0.025863711336326863,685
Cc1ccc(-c2nnc(SCCCN3C[C@@H]4C[C@]4(c4ccc(C(F)(F)F)cc4)C3)n2C)cn1,1,7,0.9836022887328634,686
CCN(C)C(=O)c1ccc([C@H](c2cccc(NC(=O)C3CCC3)c2)N2CCN(Cc3cccnc3)CC2)cc1,0,6,0.19955559010919086,687
COc1ccc(C(O)c2cc(-c3ncnc4cc(N5CCOCC5)ccc34)c(F)cc2F)cn1,0,2,0.004180294212483689,688
COC1COCCC1N[C@@H]1C[C@H]2CCC[C@@]2(C(=O)N2CCc3ccc(C#N)cc3C2)C1,0,1,0.04568334773556093,689
OC(c1ccc(F)c(-c2ncnc3cc(N4CCOCC4)ccc23)c1)c1ncnc2c1CCNC2,0,9,0.016352596870088158,690
C[C@@H](N)Cn1nnc(-c2ccc(Oc3ccc(Cl)cc3)cc2)n1,0,7,0.3151822729427639,225
COc1cccc(-c2cccc(C3(C)N=C(N)CCS3)c2)c1,0,4,0.16470772447038895,691
O=C(O)Cc1ccccc1N1CCC(CN2CCC(Oc3ccc(Cl)c(Cl)c3)CC2)CC1,0,5,0.09731826425399219,692
Cc1ncc(-c2ccnc(Nc3ccc(C(=O)NCCO)cc3)n2)n1C(C)C,0,5,0.04139041720062618,558
C[C@H]1CN(c2scnc2-c2nc3ccccc3[nH]2)CCN1C(=O)Cn1cnc2cccnc21,1,6,0.43069515492368554,312
CCNC1(CNC(=O)N2CCC(c3nc(-c4ccc5ccccc5n4)no3)CC2)CCCC1,0,7,0.1316952401042981,693
C[C@@H]1CN(c2nnc(C(F)(F)F)o2)CCN1c1ncc(OCc2ccc(CS(C)(=N)=O)cc2F)cn1,0,3,0.08875517722486743,694
O=C(O)c1ccnc2c(N3CCN(CCc4ccc(OCCCN5CCCCCC5)cc4)CC3)cccc12,0,2,0.32843078891652094,272
CCc1cccc(CNC(=O)c2nc3cccc(COCc4ccc(C(=O)O)cc4)c3c(=O)[nH]2)c1,0,10,0.13670900384786216,695
COC(=O)N1C[C@@H]2C[C@@H](NC3CCOCC3OC)C[C@]2(C(=O)N2CCc3ncc(C(F)(F)F)cc3C2)C1,0,8,0.0024836093188725697,182
Cc1onc(-c2c(Cl)cccc2Cl)c1NC(=O)OCc1c(F)cccc1Cl,0,8,0.17429899118429162,696
O=C(/C=C/c1ccc(CN2CCCC(c3c[nH]c4ccccc34)C2)c(F)c1)NO,0,6,0.1465073449478391,697
CCOc1cc(CN2CCC3(CC2)CCN(S(=O)(=O)c2cccnc2)CC3)cc(OCC)c1-c1ccc(F)cc1,1,5,0.5214531381108944,698
Cc1nnc(N2CC[C@@H](F)C2)c2nn(-c3ccc(OCC(F)(F)F)cc3)c(C)c12,1,5,0.3686367545231521,699
COc1cc(NC(C(=O)c2c[nH]c3ccccc23)c2ccccc2)cc(OCCO)c1,0,4,0.18476191114654852,700
COc1cc(F)c(O[C@H]2CC[C@@](C)(C(=O)O)CC2)cc1C(=O)N[C@H]1[C@@H]2CC[C@@H](C2)[C@H]1C(=O)Nc1ccc(F)c(S(F)(F)(F)(F)F)c1,0,7,0.2261344046951289,701
CC(C)[C@@H](NC(=O)c1cc(C(F)(F)F)ccc1F)C(=O)N1CCC2(CC1)C(=O)N(C)C(=O)N2c1ccc2[nH]ncc2c1,0,1,0.19779680656269527,702
Cc1cc(NCc2c(Cl)ccc(Cl)c2Cl)c2cccc(C(N)=O)c2n1,1,6,0.48632437495412406,633
Cc1nc2ccccc2n1C1CC2CCC(C1)N2CCC1(c2ccccc2)CCN(C(=O)c2ccc(S(N)(=O)=O)cc2)CC1,0,7,0.11214256021057835,305
O=C(NCC(=O)N1CC[C@H](N[C@H]2CC[C@@](O)(c3ccc(-c4ccncc4)cn3)CC2)C1)c1cccc(C(F)(F)F)c1,0,1,0.04689878713504351,703
CCCCc1nccn1Cc1cn(-c2ccc(Cl)cc2)nn1,1,2,0.9522239561940442,23
C[C@@H](Nc1nc(N[C@H](C)C(F)(F)F)nc(C2=C(F)[C@H](O)C(F)(F)CC2)n1)C(F)(F)F,0,2,0.1826741056655089,704
CC(C)(O)c1ccc(-c2ccn3c(CC4CC4(F)F)nnc3c2)cc1,0,5,0.22272203875483665,705
CC(C)Oc1cc(-n2cnc3ccc(N[C@@H](CO)c4ccc(F)cn4)nc32)n[nH]1,0,4,0.09880094479577597,706
Cn1nccc1[C@H]1CCCC[C@@H]1Oc1cc(F)c(S(=O)(=O)Nc2ccncn2)cc1F,0,4,0.011881554863932412,707
CCc1cc2ccc(CN3CCN(c4ccc(C(=O)NC)nc4)CC3)cc2[nH]c1=O,0,3,0.04121011939794674,708
COCC(=O)NCCN1CCC[C@@H]1Cn1nc(Cc2ccc(Cl)cc2)c2ccccc2c1=O,1,2,0.6194359901633059,178
O=C(C1CCN(c2cc(C(F)(F)F)ccn2)CC1)N1CC[C@H](N[C@H]2CC[C@@](O)(c3ccc(-c4ncccn4)cn3)CC2)C1,0,4,0.09619607160627998,709
C[C@@H]1Cc2c([nH]c3ccccc23)[C@@H](c2nccc(OCCNCCCF)c2F)N1CC(F)F,0,6,0.15620656106643027,710
Cc1nnn(-c2ccc(F)cc2)c1COc1ccc2c(n1)CCN(C(=O)C1CC(=O)N(C)C1)C2,0,2,0.0743003526883716,711
Cn1nccc1[C@H]1CCC[C@@H]1Oc1cc(F)c(S(=O)(=O)Nc2ncns2)cc1F,0,5,0.023867257896605255,712
O=C(O)C[C@H]1CC[C@H](OC2CCN(c3ccc(-c4nc5cc(F)c(F)cc5[nH]4)cn3)CC2)CC1,0,7,0.06928979744620004,713
O=C1CCc2ccc(OCCCCN3CCN(c4cccc(Cl)c4Cl)CC3)cc2N1,1,4,0.7184646174532662,714
O=C(O[C@H]1CN2CCC1CC2)N1CCc2ccccc2[C@@H]1c1ccc(F)cc1,1,7,0.5449392367014089,715
CC(C)C1CN(Cc2ccc3c(-c4cnn(C)c4)cc(C(N)=O)nc3c2)CCO1,0,7,0.05218020256035501,716
CO[C@H]1C[C@@H](n2c(=O)n(C)c3cnc4cc(F)c(-c5ccc(CS(C)(=O)=O)nc5)cc4c32)C1,0,3,0.049470233941492796,94
CC(C)(CCO)n1nc(-c2ccc3nc(OC4CC4)ccc3c2)c(C(N)=O)c1N,0,8,0.021051481546742436,717
Nc1cnc(-c2cnc3nc(N4CCC(N5CCCCC5)CC4)sc3c2)cn1,0,1,0.2235546776739345,718
COc1ccc(-c2ccc3c(N4CCOC[C@@H]4C)nc(N4CCOC[C@@H]4C)nc3n2)cc1C(C)O,0,1,0.09129643620929764,719
NCc1cccc(-c2cccc(COc3ccccc3CC(=O)O)c2)c1,0,1,0.19717760152102928,720
COc1cc2c(cc1F)ncc(=O)n2C[C@H](N)[C@H]1CC[C@H](NCc2ncc3c(n2)NC(=O)CO3)CC1,0,1,0.052721208158015676,721
O=C(CNC(=O)c1cccc(C(F)(F)F)c1)NC1CN([C@H]2CC[C@@](O)(c3cncs3)CC2)C1,0,8,0.015355071217946345,78
Nc1ccc(-c2ccccc2)cc1NC(=O)c1ccc(N2CCC3(CCNC3)CC2)nc1,1,9,0.2466747730661061,722
COc1ccc(CCN2C(=O)N(NS(C)(=O)=O)CC2c2ccc(C)cc2)cc1,0,4,0.11918104678440443,723
OC1CCN(Cc2ccc(Oc3nc4ccccc4s3)cc2)CC1,0,10,0.30066360058062885,591
O/N=C(\c1ccc(CN2CCC3(CC2)OCc2cc(F)ncc23)cc1)c1ccc(F)c(F)c1,1,2,0.8387358789739038,724
CC(C)(C)COc1ccc2c(c1)[C@]1(COC(N)=N1)c1cc(-c3cccnc3)ccc1O2,1,4,0.6772915284557441,501
CS(=O)(=O)Cc1cc(N2CCOCC2)nc(-c2ccc3[nH]ccc3c2)n1,0,8,0.04851228462710735,725
CC(Sc1nc2ncccc2n1-c1ccc(C2CC2)c2ccccc12)C(=O)O,0,4,0.24188740032052114,726
CCN(CC)C(=O)c1ccc(C2=CC3(CCN(C)CC3)Oc3ccccc32)cc1,1,3,0.33852899367996636,151
c1ccc(Cn2ccc3c(OC4CCN(Cc5cscn5)CC4)ncnc32)cc1,1,10,0.8436246761598105,456
Cn1cc(NC(=O)c2cccc(-c3ccc(C4CC4)nc3)n2)c(C(N)=O)n1,0,1,0.07223568211028171,727
C=CC(=O)N1CCC[C@@H](n2nc(-c3cccc(C(=O)Nc4ccc(C(C)C)c(C)c4)c3)c3c(N)ncnc32)C1,1,2,0.24784230406972046,728
CNC(=O)c1nn(C)c2ccc(Nc3nccc(-n4cc(N[C@@H]5CCCNC5)c(C)n4)n3)cc12,0,2,0.04639731801070632,729
CCC(CC)(CCOc1cc(CCCOC)cc(CN(C(=O)[C@H]2CNCC[C@@H]2c2ccc(OCCOc3c(Cl)cc(C)cc3Cl)cc2)C2CC2)c1)C(=O)O,1,8,0.9724344873117062,730
Cc1ccc2cc(CCN3CCC[C@H]3C)ccc2n1,0,1,0.30330589276449177,731
Cc1nc(N2CCOCC2)sc1-c1ccc2cc(CCN3CCC[C@H]3C)ccc2n1,0,6,0.4517604797842868,732
O=S(=O)(Nc1ccc([C@]23CNC[C@H]2C3)cc1)c1ccc(C(F)(F)F)cc1,1,5,0.418281518536441,733
O=C(c1cc(F)cc(Cl)c1)N1CCc2oc(-c3ccc(F)cn3)nc2C1,0,9,0.15773860846724821,734
COc1cc(N2C(=O)N(c3ccc(-c4ccc5cn[nH]c5c4)cc3)C(=O)C23CCN(Cc2ncccc2C)CC3)ncn1,1,3,0.2761351649559772,735
Cc1csc([C@@]2(CN)[C@@H]3CN(c4cnc5c(-c6ccn7nccc7c6Cl)n[nH]c5n4)C[C@@H]32)n1,1,8,0.526558771708285,736
Cc1cc(Cl)ccc1-c1nc2c(cc1-c1ccc(Cl)cc1)C(NC(=O)C(O)C(F)(F)F)CC(C)(C)O2,1,2,0.6407926573287731,737
Cc1cccnc1CN1CCC2(CC1)C(=O)N(c1ccc(-c3ccc(C(=O)O)cc3)cc1)C(=O)N2c1ncccn1,0,8,0.10777434754879309,738
Cc1c(C#N)cccc1[C@@H]1CN2CCN(C(=O)Cc3ccc(-n4cnnn4)nc3)C[C@@H]2CO1,0,3,0.02066482792353209,739
CNc1nn2cc3c(nc2c1S(=O)(=O)c1ccccc1)CCN(C)C3,1,3,0.18271391085264735,740
CC(C)(C)COc1ccc2c(c1)[C@]1(COC(N)=N1)c1cc(-c3cncnc3)ccc1O2,1,9,0.34883813155066434,741
CCCCCCCN(CC)CC#CCOC(c1ccccc1)c1ccccc1,1,2,0.8271078142164932,742
CN(CCO)C(=O)N1CC(c2cc(F)ccc2F)=C[C@H]1c1cccc(O)c1,0,7,0.15298906782871957,743
CCc1nccn1Cc1cn(-c2ccc(Cl)c(C(F)F)c2)nn1,1,8,0.9886966082245929,23
O=c1c2ccncc2c(Cc2ccc(Cl)cc2)nn1C[C@H]1CCCN1CCCCc1ccc(OCCCN2CCCCCC2)cc1,1,8,0.6832311600068691,744
Cc1ccc(NC(=O)[C@H](COC(C)C)Oc2ncnc3c2cnn3-c2ccccc2Cl)nc1,0,2,0.019334118443891154,169
CC1c2ccc(C#N)c(c2)Oc2cccc(c2)CN2CC[C@@H](NCc3cncn31)C2=O,0,5,0.45103469212629915,745
Cc1c([C@@H](O)CN2CCC3(CC2)CCN(c2cc(-c4ccccc4)ns2)C3=O)ccc2c1COC2=O,1,8,0.4024915316582484,746
CCC[C@@H](CO)Nc1nc(N)nc2c3ccccc3n(Cc3cc(CN[C@H]4CCOC4)cnc3OC)c12,0,4,0.3031460932850693,747
CCN(CC)CCNc1ccc(-n2ccc(OCc3ccccc3)cc2=O)cc1,1,3,0.6861834940487196,659
FC(F)Oc1cccc(-c2cnn(Cc3cc[nH]n3)c2)c1,1,1,0.6275874821547346,59
COc1cc(F)ccc1-c1cnc2sc(N3CC[C@@H](N)[C@H](O)C3)nn12,0,9,0.031118674538800052,748
Nc1nc2ccc(SCc3ccccc3)cc2s1,0,8,0.1760296457973145,749
CC1(C)C2=C3C=C4C5=[N+](CCC4OC3CCN2c2ccc(CC(=O)NCCCCCN(CCOc3ccc(NS(C)(=O)=O)cc3)CCc3ccc(NS(C)(=O)=O)cc3)cc21)c1ccc(S(=O)(=O)[O-])cc1C5(C)C,1,8,0.9630439944644816,750
c1cncc(C(Cc2ccccc2-c2ccncc2)c2cccnc2)c1,0,1,0.0990413203236729,751
CN1C[C@@H]2C[C@H]1CN2c1ccc(-c2cccc3[nH]ccc23)cn1,1,10,0.6947788110017639,752
CC(C)CN(C[C@@H](O)[C@H](Cc1ccccc1)NC(=O)O[C@H]1CO[C@H]2OCC[C@H]21)S(=O)(=O)c1ccc(N)cc1,0,9,0.15992997142151932,753
CCOC(=O)C1=C(CN2CCOCC2)NC(c2nccs2)=NC1c1ccccc1[N+](=O)[O-],1,3,0.26598060196437745,754
COc1ccc2ncc(F)c(CC[C@H]3OC[C@H](NCc4cc5c(cn4)OCCO5)CO3)c2n1,0,7,0.147698389686808,755
C[C@@H]1Cc2c(ccc3[nH]nc(F)c23)[C@@H](c2ccc(OC3CN(CCCF)C3)cn2)N1CC(F)(F)CO,1,2,0.7315478538499772,756
CSc1nc(-c2ccc(F)cc2)c(-c2ccnc(NC(C)=O)c2)n1C,0,8,0.22115852930099303,46
Cc1cn(C)c(-c2cccc([C@H](CC(=O)O)CN3CC[C@@H](CCc4ccc5c(n4)NCCC5)C3)c2)n1,0,8,0.1099655612783133,757
C[C@@H]1CN(c2sc(CN(C)C)nc2-c2nc3ccccc3[nH]2)CCN1C(=O)Cn1cnc2cccnc21,0,2,0.5436396795370239,312
COC(=O)c1ccc(CSc2ccc3nc(N)sc3c2)cc1,0,4,0.10486828254396562,749
Cc1cc(N2CC[C@H](N3CCC[C@@H]3C)C2)ccc1NC(=O)c1c(C)noc1C,0,2,0.3092770152746059,758
C[C@H]1C(=O)N(C)C=C(c2cnn(C)c2)c2cc([C@@H](O)CO)ccc21,0,7,0.17241670026164854,759
CCc1cc2ccc(CN3CCN(c4ccc(C(=O)NC)nn4)CC3)cc2[nH]c1=O,0,10,0.031555992005539615,760
Cc1ccc(CCOCCCc2cccc(CCCOCCc3ccc(C)cc3)[n+]2C)cc1,1,1,0.9406985600746998,761
CC(C)n1c(N2CCOC(CN)C2)nc2c(C#N)c(Br)c(Br)cc21,1,2,0.30449171086991716,762
Cc1[nH]c2ccccc2c1CC(=O)N1Cc2ccc(/C=C/C(=O)NO)cc2C1,0,7,0.08333478602313256,763
C[C@H]1Cc2c([nH]c3cc(Cl)c(F)cc23)[C@@]2(N1)C(=O)Nc1ccc(Cl)cc12,0,3,0.17324451903205812,764
C[C@@H](NC(=O)c1ccc(-c2ccc(Cl)cc2)o1)C(=O)N1CCN(CCCOc2ccc(C(=O)C3CC3)cc2)CC1,1,10,0.33954797143376597,765
CC(C)(C)NC(=O)C1c2cc(C#N)ccc2C(=O)N1Cc1ccccc1-c1ccccc1,0,3,0.09141651698018012,422
CCC(=O)N[C@H]1CC[C@H](CN(C)c2ccc(N3C(=O)Cc4cc(OC)c(O[C@H](C)CC)cc4[C@@H]3c3ccc(Cl)cc3)cc2)CC1,0,8,0.3298059237623491,766
Cc1cc2c(cc1CN(C)C)CCN(C(=O)c1cc3cc(Cl)ccc3n1C)C2,0,4,0.3826696737404304,767
O=C(O)C1CC(Nc2ccc(-c3ccc(-c4nc5cc(Cl)ccc5[nH]4)cn3)cn2)C1,0,9,0.14009761117977468,768
CNC(=O)c1c(NCC2CCC3(CCC3)CC2)nc(C#N)nc1OCCC1CCN(C)CC1,1,6,0.6276551038403742,769
COc1ccccc1N1CCN(CCCc2c[nH]c3ccc(F)cc23)CC1,1,6,0.7965191797860663,770
CCS(=O)(=O)N1CC(CC#N)(n2cc(-c3ccnc4[nH]ccc34)cn2)C1,0,10,0.008753515584830349,771
CCOc1ccc2cc(-c3nn(C(C)CCO)c(N)c3C(N)=O)cnc2c1,0,4,0.02654170006357327,772
C[C@H](Oc1cc2cc(F)ccc2nc1N)c1[nH]c(=O)ccc1-n1cccn1,0,3,0.07008515854539608,773
Cc1c([C@@H]2c3[nH]c4ccccc4c3C[C@@H](C)N2C[C@H](C)C(=O)O)ccnc1OCCNCCCF,0,9,0.04664718679140037,774
CN(C)c1ccc(-c2cc3nccnc3c(NC[C@H]3CCCNC3)n2)cn1,0,1,0.023293380185125907,775
Cc1ccc2c(-c3nnc(SCCCN4CC5CC5(c5ccc(C#N)cc5)C4)n3C)cccc2n1,1,7,0.9701156380457822,300
COCCN1Cc2c(nc(C)c(CN)c2-c2ccc(Cl)cc2Cl)C1=O,0,5,0.23322905077352896,776
O=C(NC[C@@H](O)CN1CCC(Oc2ccc(Cl)c(Cl)c2)CC1)n1c(=O)[nH]c2ccccc21,1,5,0.473440402665014,777
O=C(NCc1ccc(OCCC(F)(F)F)nc1)C1c2ccccc2C(=O)N1CCc1ccccn1,0,6,0.06256221878725811,778
COc1ccccc1CC(c1ccccc1F)N1CCNCC1,0,3,0.13948496899792984,779
COc1ncc2cc1NS(=O)(=O)c1cccc(c1)C(=O)NCc1cncc(c1)-c1ncnc3ccc-2cc13,0,6,0.01460727147073614,780
Cc1nc2c(c(-c3ccc(Cl)cc3Cl)c1CN)CN(CC(=O)O)C2=O,0,6,0.09327384172487348,776
Cn1c(SCCCN2CC3CCN(c4c(F)cc(F)cc4F)C3C2)nnc1-c1cnccn1,1,2,0.9271679030707346,170
Cn1c(SCCCN2CC3CCN(c4ccc(C(F)(F)F)cc4)C3C2)nnc1N1CCOCC1,1,10,0.705859165038762,781
COc1cc2ccc(Br)cc2cc1[C@@H](c1ccccc1)[C@@](O)(CCN(C)C)c1cccc2ccsc12,0,9,0.6824498844776108,782
CCn1c(N2CCCCC(N)C2)nc2c([N+](=O)[O-])c(Br)c(Br)cc21,1,4,0.6197932677576131,783
O=C(NNS(=O)(=O)c1ccc2ccccc2c1)c1ccccc1F,0,9,0.14290937820952257,784
Cn1ncc(C(=O)N2CCC(Nc3cc(=O)[nH]c4cc(F)c(F)cc34)CC2)c1Cl,0,2,0.07660025089247041,785
O=C(O)c1cc(-c2ccc([C@@H]3C[C@@H]4C[C@H]3C(=O)N4)cc2)c2ccc(-c3ccc(C(F)(F)F)cc3)cc2c1,0,1,0.1550175802206663,786
CCOC(=O)Cc1csc(NC(=S)NC(=O)c2ccc(Cl)cc2)n1,1,1,0.24989241710257276,787
c1ccc(-c2c[nH]c([C@H]3Cc4c([nH]c5ccccc45)C(C4CCCCC4)N3)n2)cc1,1,10,0.9887078831123669,788
COc1cc(N2C(=O)N(c3ccc(-c4ccc(C#N)cc4)cc3)C(=O)C23CCN(Cc2ncccc2C)CC3)ncn1,1,10,0.4705909259507454,56
Cc1nnn(Cc2cc(C(F)(F)F)ccc2/C=C/C(=O)N2CCC(c3noc(C)n3)CC2)n1,0,4,0.053439211704530296,789
Cc1occc1-c1nc(N)c(OC[C@@H](N)Cc2c[nH]c3ccccc23)cc1-c1cnc2[nH]nc(C)c2n1,0,4,0.2298185065690864,790
C[C@@H]1CN(c2nc(C(F)(F)F)no2)CCN1c1ncc(OCc2ccc(C[S+](C)[O-])cc2F)cn1,0,9,0.11935481690824377,791
CCCCCCCCCCc1cccc(CCCCCCCCCC)[n+]1C,1,1,0.9523853723139641,792
CS(=O)(=O)c1ccc(-c2cnc3ccc(-c4cccc(S(=O)(=O)C5CC5)c4)nn23)cc1,1,7,0.47998261799343794,343
CC[C@H]1[C@H](/C=C/c2ccc(-c3ccccc3C#N)cn2)[C@@H]2[C@@H](C)OC(=O)[C@]2(O)CC1(F)F,0,10,0.12047940645980186,277
COc1cc(Cl)c(-c2nc(SCC(=O)N(C)C)nc3[nH]cc(C#N)c23)cc1O,0,7,0.12762403435432781,793
Cc1cccc(NC(=O)c2ccc(-c3ccc(OC(F)(F)F)cc3)o2)c1,0,7,0.22523103171934808,794
CN(Cc1nc2ccccc2c(=O)[nH]1)Cc1nnc(-c2ccccc2)o1,0,7,0.12835818826007253,795
Cc1cnc(C)c(C(O)c2cc(-c3ncnc4cc(N5CCOCC5)ccc34)c(F)cc2F)n1,0,3,0.004248389194143414,247
CNC(=O)c1ccc(-c2ccc3c(c2)CCN(CCN2CCC[C@H]2C)C3=O)cc1,0,6,0.22382868033094083,796
Cc1onc(-c2ccc(Cl)cc2)c1-c1ccc2cc(CCN3CCC[C@H]3C)ccc2n1,1,6,0.7329178913943295,797
Cn1ccc([C@H]2CCNC[C@@H]2C(=O)N(Cc2cn(Cc3ccc(F)cc3)c3cccc(F)c23)C2CC2)cc1=O,1,6,0.5449785612051945,798
COc1ccc(C2CCN(CCN3CCOc4ccccc43)CC2)cc1OC,1,4,0.6453151119630215,799
CN1CCN(c2ncc(C(=O)Nc3ccc(OC(F)(F)F)cc3)cc2-c2cncnc2)CC1,1,8,0.13484983800300598,800
CN(C)CCCOc1ccc(CN2CCC(NC(=O)c3cc(=O)c4ccc(F)cc4o3)CC2)cc1F,0,6,0.6846175906833463,105
O=C1O[C@]2(CC[C@H](c3nc4cc(OC(F)(F)F)ccc4[nH]3)CC2)CN1c1cccnc1F,0,8,0.33234322532258953,630
Cc1cc(C(N)=O)c(-c2cccc(OC(=O)NCCN3CCN(c4ccccc4)CC3)c2)s1,1,2,0.28517037762400965,801
NC1=N[C@@]2(CO1)c1cc(-c3cccnc3F)ccc1Oc1c2cc(N2CC[C@@H](F)C2)nc1F,0,8,0.039586542945268186,802
Cc1ccc2c(-c3nnc(SCCC(C)N4CCc5cc6nc(C)oc6c(C)c5CC4)n3C)cccc2n1,0,9,0.6640148530106263,803
O=C(NC1CCN(Cc2ccccc2)CC1)c1cc(=O)c2ccc(F)cc2o1,1,1,0.7159022191956952,105
CS(=O)(=O)NC(=O)c1ccc2c(-c3ccc(C(F)(F)F)c(Cl)c3)nccc2c1,0,6,0.13492371250782256,804
CC(C)c1cc(C#N)cc2nc(-c3ccc(C(=O)NC[C@H]4CC[C@H](c5ccc(C(F)(F)F)cc5)CC4)cc3)oc12,0,8,0.12683398205339044,57
COc1cccc(-c2c(C(=O)N3CCCCC3CO)cc3ccccn23)c1,0,4,0.230340838246944,805
CNC(=O)[C@@]12C[C@@H]1[C@@H](n1cnc3c(NC)nc(C#Cc4ccc(F)c(F)c4)nc31)[C@H](O)[C@@H]2O,0,2,0.06787209355211984,806
C[C@H](c1ccnc(Cl)c1)N1[C@@H]2CC[C@H]1C[C@H](Oc1cccc(C(N)=O)c1)C2,1,3,0.8220334583516324,807
Cc1c([C@@H](O)CN2CCc3nc(-c4ccc(C#N)c(F)c4)ncc3C2)ccc2c1COC2=O,1,5,0.18411389851159585,808
CN(C)c1ccc(-c2cc3nccnc3c(NC[C@@H]3CNCCN3C)n2)cn1,0,1,0.0459789904673568,809
CC(C)Oc1cc([C@@](Cc2ccccc2)(NCC(N)C(O)(C(F)(F)F)C(F)(F)F)c2cc(F)cc(OC(F)(F)C(F)F)c2)ccc1F,0,7,0.21350360718772593,369
CCN(C(C)=O)c1ccc(OC)c2nc(NC(=O)c3ccnn3C)sc12,0,6,0.0963638460996975,810
Cc1nc(C)c(-c2ccc3cc(CCN4CCCC4C)ccc3n2)cc1C(N)=O,0,7,0.32698631742598516,811
CNC(=O)CN1CCC(n2nc(C)c(Nc3ncc(Cl)c(-c4cnn5ccccc45)n3)c2C)CC1,0,4,0.10865394052706714,93
COc1cc2nnc(C(N)=O)c(Nc3ccc(C)cc3F)c2cc1N1CCN(CCO)CC1,0,8,0.044504570559818546,812
CCC[C@@H](CCO)Nc1nc(N)nc2cnn(Cc3ccc(CNC4CCOCC4)cc3F)c12,0,9,0.0453347112245576,813
O=C(c1cc([C@H]2CCCN2c2cc(F)cc(F)c2)c2oc(N3CCOCC3)cc(=O)c2c1)N1CCOCC1,0,2,0.20890623643995673,814
O=[N+]([O-])c1ccc2c(c1)ncn2Cc1ccc(O)c2ncccc12,0,2,0.22646597827214546,815
Oc1ccc2c(c1)CC(CN1CCC3(CCc4ccccc43)CC1)NC2,1,4,0.6730679143079672,816
COc1cc([C@H](CC(=O)O)CN2CC(C(F)(F)CCc3ccc4c(n3)NCCC4)C2)ccc1F,0,7,0.276697888703112,817
CC(=O)c1cccc(-c2cccc(-n3cc(C(=O)Nc4nccc(Cl)c4Cl)c(=O)c4cccnc43)c2)c1,1,8,0.248814022346361,818
CC(=O)N1CCC(c2ccc(-c3cc4nccnc4c(NC[C@@H]4CNCCO4)n3)cc2F)CC1,0,1,0.07955567390031779,819
O=C(O)C1(CNc2ccc(-c3ccc(-c4nc5cc(Cl)ccc5[nH]4)cn3)cn2)CC1,0,3,0.09588600172644939,820
O=C([C@H]1CNCC[C@]1(O)c1ccc(F)c(F)c1)N(Cc1c[nH]c2cccc(Br)c12)C1CC1,1,5,0.6633844917897114,137
COc1ccc(-c2nnc(C(=O)N3CC(Oc4ccc(CN(C)C)c(F)c4)C3)o2)cc1,0,10,0.09743698599521008,821
COC1COCCC1N[C@@H]1C[C@H]2CCCC[C@@]2(C(=O)N2CCc3ncc(C(F)(F)F)cc3C2)C1,0,6,0.007471243550200937,822
COC1COCCC1N[C@@H]1C[C@H]2CN(C(=O)OCc3ccccc3)C[C@@]2(C(=O)N2CCc3ncc(C(F)(F)F)cc3C2)C1,0,2,0.04275755837130245,823
O=C(Nc1nc(=O)c2ccccc2s1)c1ccc(Cl)cc1,1,10,0.2105642129347139,824
Nc1nccc(Sc2cnc(N3CCC4(CCC[C@H]4N)CC3)cn2)c1Cl,0,3,0.22208188396770778,825
COc1cc(-c2cnc3nc(N4CCC(N5CCCCC5)CC4)sc3c2)ccn1,1,4,0.7559857879087032,826
C[C@@H]1CN(C(=O)[C@@H]2CN(C(C)(C)C)C[C@H]2c2ccc(F)cc2F)C[C@H](C)[C@@]1(O)c1ccc(F)cc1,1,5,0.7499018497125971,827
CN[C@H](C)C(=O)NC12CCC(Cn3nc(C)c4c3CCN(c3cc(C)nc5c3cnn5C)C4)(CC1)CC2,0,5,0.04202844180958747,386
O=C([C@H]1CNCC[C@@]12OCc1cc(F)c(F)cc12)N(Cc1cccc(Cl)c1Cl)C1CC1,0,4,0.16318561481218102,828
CN1CCC(COCc2cc(C(F)(F)F)cc(C#N)n2)(c2ccccc2)CC1,0,3,0.13427806174193774,214
Cc1n[nH]c(C)c1-c1ccc(NC(=O)[C@@H](NC(=O)c2ccnn2C(C)C)C(C2CC2)C2CC2)cc1,0,2,0.13752929343333603,829
CC(=O)Nc1cc(-c2cccc(N3CCN(C)CC3)n2)nc(-n2nc(C)cc2C)n1,1,4,0.1613444748892075,830
C[C@@H](O)CN(C)C1CCN(c2ccc(Nc3ncc4c5ccncc5n([C@H]5CC[C@H](C)CC5)c4n3)nn2)CC1,1,9,0.2092915206553092,831
FC1CN(C2CCOC2)CCC1c1cc2nc(Nc3cnn(C4CC4(F)F)c3Cl)ncc2cc1Cl,0,8,0.28876034119915306,832
CCc1cc(F)c2nc(N3CCC(NC4CCOCC4)CC3)c(-c3nc(C)no3)c(C)c2c1,1,3,0.33363763289408416,833
O=C(c1ccc(Oc2ccc(S(=O)(=O)C3(C(=O)NO)CCC4(CCNCC4)C3)cc2)cc1)N1CCCC1,0,9,0.07824509529765483,834
C[C@@H]1CCCN1CCc1ccc2nc(C3=NCCS3)ccc2c1,0,8,0.30770188067530363,835
Cn1ccc([C@H]2CCNC[C@@H]2C(=O)N(Cc2cn(Cc3ccccc3)c3cccc(F)c23)C2CC2)cc1=O,1,7,0.5029916994324609,798
Cc1cc(N2CCc3c(c(C)nn3CC34CCC(N5CCN(C)C(=O)C5)(CC3)CC4)C2)c2cnn(C)c2n1,0,2,0.08179338140164427,836
Cc1c(C(=O)NC2(c3noc(C(F)(F)F)n3)CC2)nn(-c2ccc(Cl)cc2Cl)c1-c1ccc(Cl)cc1,0,8,0.2617547655731809,837
CN1C(=O)N(c2cccc(C(F)(F)F)c2)C2=C(C(=O)CC2)[C@H]1c1ccc(C#N)cc1[S+](C)[O-],0,1,0.3025364677300433,838
Cc1cc(N2CCC(C3CCN(c4ncc(Cl)cn4)CC3)CC2)nc(C#N)n1,1,6,0.1866188553847254,839
CC1(C)CC(NC(=O)CCO)c2cc(-c3ccc(Cl)cc3)c(-c3ccc(Cl)cc3Cl)nc2O1,1,9,0.7741340339176803,737
OCCc1nccn1Cc1cn(-c2ccc(F)c(OC(F)F)c2)nn1,1,10,0.8145018196524614,23
NS(=O)(=O)c1ccc(Oc2cnc3ccc(=O)n(CCN4CCC(c5nc6cc(Cl)ccc6[nH]5)CC4)c3c2)cc1,0,10,0.17087601087850823,840
C[C@@H]1Cc2c(ccc3[nH]ncc23)[C@@H](c2ccc(NC3CN(CCCF)C3)c(F)n2)N1CC(F)(F)F,1,8,0.9688052834769555,420
CC(C)Oc1ccc(-c2nc(-c3ccc4c(c3)CCN(C(CO)CO)C4)no2)cc1C#N,0,4,0.10939927132584616,841
C[C@@H]1CCCN1CCc1ccc2nc(-c3cnc(-c4ccccc4)s3)ccc2c1,1,2,0.7426328203820486,842
Cc1nc(Nc2ncc(C(=O)Nc3c(Cl)ccnc3C)s2)cc(NN2CCN(CCO)CC2)n1,0,3,0.13592273253860065,843
C[C@@H](OC(=O)N1CCC(O[C@H]2CC[C@H](Oc3cnc(S(C)(=O)=O)cn3)CC2)CC1)C(F)(F)F,0,3,0.09672351611032967,844
Cc1n[nH]c(C)c1CCn1cc(-c2ccc(Cl)c(OC(F)F)c2)cn1,1,4,0.8525189206199677,845
O=C1COc2cc(F)c(CNC34CCC(C[C@]5(O)Cn6c(=O)ccc7ncc(F)c5c76)(CC3)OC4)nc2N1,0,5,0.04685797441662488,332
O=C(C1CC2(CCN(C3CCOCC3)CC2)C1)N1CCN(C2CCC2)CC1,0,4,0.010110158549618836,846
Cc1nnn(-c2ccc(F)cc2)c1COc1ccc2c(n1)CCN(CCS(C)(=O)=O)C2=O,0,5,0.1728150210006077,847
Cn1ccc(Cn2cc(-c3ccc(Cl)c(OC(F)F)c3)cn2)n1,1,9,0.943843826736845,59
Cc1cccnc1N(C(=O)N1CCC(c2cnn3cccnc23)CC1)[C@@H]1CCCNC1,0,7,0.14499419704013441,848
Cc1cc(NC(=O)COc2ccc(C(=O)c3cc(Cl)ccc3Br)cc2)ccn1,1,4,0.9072724145266537,849
CN1C(=O)c2ccc(Cl)cc2N2C(=O)CC[C@]12C(=O)Nc1cncc(Cl)c1,0,7,0.18352564032948326,850
Cc1ccc2c(N3CCN(CCc4cccc5c4OCc4c(C(=O)N6CCCCC6)ncn4-5)CC3)cccc2n1,1,5,0.7898826939815653,851
O=C(c1ccc(Cl)cc1)N1CCC2(CCN(Cc3ccccc3Oc3ccccc3)CC2)CC1,1,3,0.783463316191011,852
CN(C)[C@]1(c2ccccc2)CC[C@]2(CC1)OCCc1c3cc(F)ccc3[nH]c12,0,2,0.5128000779360656,853
Cc1nc(C(O)c2cnc(F)c(-c3ncnc4cc(N5CCOCC5)ncc34)c2)sc1C,0,1,0.04021372734830189,854
c1ccc(-c2[nH]c3ccccc3c2C2CC3CCC(C2)N3)cc1,1,6,0.7128342194998226,855
C[C@@H]1CN(C(=O)[C@H]2CN(c3ccccn3)C[C@@H]2c2ccc(F)cc2F)C[C@H](C)[C@@]1(O)c1ccccc1,1,5,0.7145862879541262,856
C[C@H]1CC(=O)NN=C1c1ccc(OC2CCN(C3CCC3)CC2)cc1,0,3,0.0884044676876962,274
O=C1COc2ccc(CNC34CCC(CCc5c(F)cnc6ccc(OCCC(F)(F)C(=O)O)nc56)(CC3)OC4)nc2N1,0,8,0.3677772487335428,265
COc1nc2ccccc2cc1-c1nnc([C@H](CCCCNC(=O)c2ccccc2SC)NC(=O)c2cncs2)o1,0,2,0.32464117287215427,857
Cc1c(N2CCC(C3(N)CC3)C2)c(F)cc2c(CC(=O)N(C)C)cc(=O)n(C3CC3)c12,0,2,0.14872176304903167,858
CN1C(=O)N(c2ccnc(C(F)(F)F)c2)C2=C(C(=O)CC2)C1c1ccc(C#N)cc1S(C)(=O)=O,0,3,0.21685454721483988,859
CN(C)CCCCc1ccc(C2(C)COC2)cc1,0,2,0.4941004438136772,860
COCCOc1cc(NC(=O)N2CCCc3cc(CN4C(=O)CN(C)CC4(C)C)c(C=O)nc32)ncc1C#N,0,9,0.08323774318130332,861
NC(=O)[C@@H]1CC[C@H](c2ccc(Oc3ccccc3)cc2)N1,0,1,0.06489185007238324,862
O=C1COc2ccc(CNC34CCC(CCc5c(F)cnc6cc(C(F)(F)F)cnc56)(CC3)OC4)nc2N1,1,4,0.9405105028283625,265
Cc1ncc(-c2c(C)c(CN[C@H]3CC[C@@H](F)C3)nn2-c2ncccc2Cl)cc1F,0,8,0.1433443871041021,587
CCO/N=C(/c1ccc(CN2CCC3(CC2)OCc2cc(F)ncc23)cc1)c1ccc(F)c(F)c1,1,7,0.8025284261094666,724
O=C(NC1CCN(Cc2ccn(-c3ccc(C(F)(F)F)cc3)c2)CC1)N1CC[C@H](O)C1,0,10,0.1699078401425806,863
Cc1nn(C)cc1NC(=O)[C@@H]1CCCC[C@H]1C(=O)c1ccc(-c2cc[nH]n2)cc1F,0,6,0.09357210706240979,544
Cn1c(SCCCN2CC[C@]3(C[C@@H]3c3ccc(C(F)(F)F)cc3)C2)nnc1C1CCCCC1,1,10,0.8056442967817461,864
OC(c1cc(-c2ncnc3cc(N4CCOCC4)ccc23)c(F)cc1F)c1ncnc2sccc12,0,3,0.012881941547640411,865
CS(=O)(=O)Cc1cc(N2CCOCC2)nc(-c2ccc(NC(=O)Nc3ccc(F)cc3)cc2)n1,0,3,0.08377304267855451,866
C[C@H]1COCCN1c1nc(N2CCOC[C@@H]2C)c2ccc(-c3ccc4nc[nH]c(=O)c4c3)nc2n1,0,1,0.06317571671487729,867
CS(=O)(=O)c1ccc2nc(N)n(CC(O)c3cccc(Cl)c3Cl)c2c1,0,10,0.10576768606147723,868
NS(=O)(=O)c1ccncc1-c1nc(NCc2ccccn2)c2c(-c3ccccc3)cccc2n1,0,5,0.2728936773854334,869
O=C(NC1CCN(Cc2ccc(OCCCN3CCCCC3)c(F)c2)CC1)c1cc(=O)c2ccc(F)cc2o1,0,5,0.49357518074181156,870
CCN(C(=O)Cc1ccc(S(C)(=O)=O)cc1)C1CCN(CC[C@@H](c2cc(F)cc(Cl)c2)C2CCN(S(C)(=O)=O)CC2)CC1,0,9,0.18675385443136638,871
O=C(O)c1ccc(N2CCC(CN3CCC(Oc4ccc(Cl)c(Cl)c4)CC3)CC2)cc1,0,5,0.09136533875563746,692
CCOc1nc(C(=O)NCc2ccc(S(C)(=O)=O)cc2)cc(N)c1C#N,0,6,0.07683533195217955,872
O=C(Cn1ccnc1[N+](=O)[O-])NCc1ccccc1,0,5,0.1674952000495006,873
COc1cccc(C2CCCN(CCN3CCN(c4cccc(Cl)c4)C3=O)C2)c1,1,10,0.8035421342971016,874
O=C(NC1CC1)c1cc(NCc2cnc(Nc3ccccn3)s2)c(F)cc1F,0,3,0.2344658233245709,875
C[C@@H]1OCC2(CCN(c3ncc(Sc4cccnc4C(F)(F)F)c(=O)[nH]3)CC2)[C@@H]1N,0,2,0.09146165928546202,876
CCN(CC)CCOC(=O)C1(C2CCCCC2)CCCCC1,0,10,0.30054260209738093,877
CNCC(c1ccc2ccccc2c1)[C@H](CO)c1ccccc1,0,3,0.08983643279325813,590
CCN(Cc1cc(C(F)(F)F)ccc1-c1cc(CC(=O)O)ccc1OC)C(=O)OCc1ccccc1,0,5,0.25470615053346196,878
NC(=O)c1cc(-c2ccc(F)cc2)c2ccc(C(N3CCOCC3)C(F)(F)F)cc2n1,0,1,0.15481009863037767,879
OC(c1cc(-c2ncnc3cc(N4CCOCC4)ccc23)c(F)cc1F)c1nncc2sccc12,0,2,0.01876999347260294,101
COc1nn(C)cc1Nc1nccc(-c2c[nH]c3c(NC(=O)[C@@H](C)N4CCN(C)CC4)cccc23)n1,0,7,0.0682679178240075,880
CC1(C)Cc2cccc(CN3CCC4(CC3)CCN(C(=O)c3ccc(N)cn3)CC4)c2O1,0,5,0.11093521658173572,608
CCOP(=O)(Cn1ccc(NC(=O)c2cc(Oc3ccc(C(=O)N4CCC4)nn3)cc(OC(C)C)c2)n1)OCC,0,3,0.052359259034867024,881
CCOc1ccccc1C[C@H](c1ccccc1)N1CCNCC1,0,4,0.1831273843708303,779
CN1CCc2cc3nc(N)sc3cc2CC1,0,4,0.07006434337916655,882
COc1ccc2c(=O)n(CCO)c(C#N)c(-c3cccc(F)c3)c2c1,0,3,0.13867202552179092,589
Cc1cc(C(=O)O)ccc1-c1ccc(N2C(=O)N(c3cc(C(F)(F)F)ncn3)C3(CCN(Cc4ncccc4C)CC3)C2=O)cc1,0,2,0.11950630798756857,56
Cc1cnc(Nc2ccc(N3CCC(N(C)CCO)CC3)c(F)c2)nc1-c1cnn(C(C)C)c1,0,5,0.2278392257238349,883
Cc1nccc(N2CCCc3nc([C@@H](C)NC(=O)c4ccc(F)cc4)ccc32)n1,0,5,0.22609632324745352,884
Cc1nc2cc3c(cc2o1)CCN(CCCSc1nnc(-c2cccnc2)n1C)CC3,0,10,0.4596228927678583,885
CCN(CC)Cc1cc(-c2ccc3ncc(-c4ccc([S+](C)[O-])cc4)n3n2)ccc1F,1,6,0.3399720421042191,886
COc1ccc2ncc(=O)n(C[C@H](N)[C@H]3CC[C@H](NCc4ncc5c(n4)NC(=O)CO5)CC3)c2c1,0,4,0.009790631386900991,721
CN(C)C(=O)C(CO)N(C)Cc1ccc2c(c1)CC[C@H](N1CCN(CCc3ccc(F)cc3)CC1=O)C2,0,3,0.23382888284428044,887
Fc1c(Cn2ccc3c(OC4CCN(Cc5ccccn5)CC4)ncnc32)cccc1C(F)(F)F,1,8,0.8687362688019281,888
CN(CC1CCOCC1)C1CCN(c2nc3ccccc3n2Cc2ccc(F)cc2)CC1,1,8,0.8714198078675505,889
Cc1cc(NC2CCc3cc(F)ccc3C2)n2nc(C(C)(F)F)nc2n1,1,6,0.5224199860371667,890
CNC(=O)c1ccc(N2CCN(Cc3ccc4nc(C(F)(F)F)c(=O)[nH]c4c3)CC2)c(F)n1,0,10,0.027989410227552226,891
COC1COCCC1N[C@@H]1C[C@H]2CN(C(C)C)C[C@@]2(C(=O)N2CCc3ncc(C(F)(F)F)cc3C2)C1,0,2,0.019762861245133097,182
CN(c1ccc(-c2cc3ccccc3s2)nn1)C1CC(C)(C)NC(C)(C)C1,1,2,0.6328390576823973,892
CCOC(=O)C1CCN(CCCOc2ccc(S(=O)(=O)NC(=O)Nc3ccccc3)cc2)CC1,0,5,0.08275013112810428,893
CCS(=O)(=O)C1CCN(C(=O)c2ccc(C[C@@H]3CC[C@H]([C@H](O)c4ccccc4)N3)cc2)CC1,0,9,0.07854220523827071,894
CN1CCC[C@@H](Nc2nnc(-c3ccc(C(F)(F)F)cc3O)n3ccnc23)C1,0,7,0.3740499937760308,895
Cc1ncc(-c2ccc3nc(NC(=O)C4CC4)sc3c2)cc1NC(=O)OC1CCOCC1,0,10,0.09009923305660515,896
Nc1cc(C(F)(F)F)c(-c2cc(N3CCOCC3)nc(N3CCOCC3)n2)cn1,0,2,0.11288489788812289,897
CNC(=O)c1ccc(Nc2nc(OC3CCCC3)c3c(-c4ccc5nc(C)oc5c4)c[nH]c3n2)c(OC)c1,0,10,0.17590932077236449,898
C[C@@H]1OCC2(CCN(c3nc4[nH]nc(Sc5ccnc(N)c5Cl)c4c(=O)n3C)CC2)[C@@H]1N,0,1,0.09906856302676473,899
CCOC(=O)C1=C(CN2CCOC[C@H]2CO)NC(c2nccs2)=N[C@H]1c1ccc(F)cc1Br,0,9,0.07367220437512087,754
Cc1cnc(NC(=O)[C@H](CN2CC(O)C2)Oc2ncnc3c2cnn3-c2c(Cl)cccc2Cl)cn1,0,1,0.027238896202645708,900
Cc1ccc2nc(-c3ccc(F)cc3)c(CC(=O)Nc3ccccc3)n2c1,0,3,0.1362624687482088,349
N#Cc1cccc(COc2ccc([C@H]3CC[C@@H](C(N)=O)N3)cc2)c1,0,5,0.09826601887492908,122
COc1ccc2ncc(=O)n(CCN3CC[C@@H](NCc4cc5c(cn4)OCCO5)[C@@H](O)C3)c2c1,0,1,0.022596658367761605,627
CN(C)CCN1CCN(c2ncc3cc(-c4ccccc4)c(-c4ccc(CN5CCC(c6nnc(-c7ccc(=O)[nH]c7)[nH]6)CC5)cc4)nc3n2)CC1,1,7,0.23754436063982387,901
CC[C@H](NC(=O)c1cncc2c1cnn2-c1ccc(F)cc1)c1ccnc(S(C)(=O)=O)c1,0,10,0.07812309464620935,902
CO[C@@H]1C[C@H](Cc2ccc(Cl)cc2)N(C2CCN(c3nc(N)n[nH]3)CC2)C1,0,10,0.1855776929796494,903
Cc1cc(Nc2nc(Nc3ccccc3S(=O)(=O)C(C)C)c3cn[nH]c3n2)c(OC(C)C)cc1C1CCN(C)CC1,1,7,0.21077094149594086,904
Cc1cc(F)ccc1OC1CCN(CC2CCN([C@@H](Cc3ccc(F)cc3)C(=O)O)CC2)CC1,0,1,0.14701758067610876,234
NC(=O)c1nn(CC(=O)N2[C@@H]3C[C@@H]3C[C@H]2C(=O)Nc2cccc(Br)n2)c2ccccc12,0,7,0.1621077506501145,905
NC(=O)c1cnc(N[C@H]2CCCNC2)c2cc(-c3ccccc3)sc12,0,7,0.050522469664199814,537
N#Cc1nc(CCCNc2ccccn2)cc(-c2cccc(C(F)(F)F)c2)n1,1,9,0.5616308437582559,906
O=C(O)C1CN(C2CC[C@]3(Cc4ccccc4Cc4ccccc43)C2)C1,0,9,0.10208512561128581,907
NC1=N[C@@]2(CO1)c1cc(-c3cccnc3F)ccc1Oc1c2cc(C2=COCCC2)nc1F,0,8,0.031384806826400366,908
COC(=O)[C@H]1C[C@@H]1COc1ccc2ncc(F)c(CCC34CCC(NCc5ccc6c(n5)NC(=O)CO6)(CC3)CO4)c2n1,1,8,0.48970687095755333,909
CC1(c2cc(NC(=O)n3ccc4cc(Oc5ncnc6c5CCNC6)ccc43)n[nH]2)CC1,0,10,0.0725252444528801,910
CN(C)Cc1cnn(-c2ccnc3[nH]c(-c4cn(C)c5ccc(C(=O)N(C)C)cc45)nc23)c1,0,3,0.0769180555555483,911
Cn1c(SCCCN2CC3CCN(c4ccccc4C(F)(F)F)C3C2)nnc1-c1ccccn1,1,1,0.9666549277037615,246
COc1ccc2ncc(F)c([C@@H](O)CC[C@@H]3CCN(C4CC(c5cc(F)ccc5F)C4)C[C@@H]3C(=O)O)c2n1,0,3,0.1157397058295909,912
COc1cc2ccc(Br)cc2cc1[C@@H](c1ccnc(OC)c1OC)[C@@](O)(CCN(C)C)c1ccc2occc2c1,1,7,0.735576257198442,913
O=C1NC(=O)C(c2ccccc2)(c2ccccc2)N1,0,4,0.16590918054249432,914
O=C(c1ccc(F)cc1)N1CCN(c2ccc(OC3CCN(C4CCCC4)CC3)cc2)C(=O)C1,0,9,0.10563618309563753,915
CN1C[C@H]2CCN(c3ccc(-c4ccc(C#N)cc4)cc3)[C@H]2C1,1,8,0.6587250269631609,916
CNC(=O)c1ccc(N2CCN(Cc3ccc4nc(CC(F)F)c(=O)[nH]c4c3)CC2)c(F)n1,0,3,0.01955110897860233,891
O=C(/C=C/c1ccc2c(c1)CN(S(=O)(=O)c1ccccc1)C2)NO,0,5,0.02371260499768577,917
CCCC[C@H]1CN(CC2CCOCC2)C(=O)OC12CCN(C1(C)CCN(C(=O)c3c(C)ncnc3C)CC1)CC2,0,3,0.2364397799671552,918
O=C(NC1CCc2ccc(CCN3CCN(c4nsc5ccccc45)CC3)cc21)c1cccnc1,1,5,0.8765931963835066,919
Cc1c(Cl)ccc(OC2CCN(C3CCN(C(=O)NS(=O)(=O)c4ccc(N(C)C)cc4)CC3)CC2)c1Cl,0,2,0.15650095704641673,920
C[C@@H]1Cc2c(ccc3[nH]ncc23)[C@@H](c2ncc(OC3CN(CCCF)C3)cc2F)N1CC(F)(F)CO,1,7,0.8952134664030318,756
C[C@@H]1CN(Cc2ccc(-c3cccnc3C(=O)N3CCC(Nc4ccc(F)cc4)CC3)cc2)C[C@H](C)N1,0,3,0.28035481258623224,921
CN(C)CC1(O)CCN(c2cc(NC(=O)N3CCCc4cc(CO)c(C=O)nc43)ncc2C#N)CC1,0,2,0.07557300318375293,922
CNc1cc(Nc2cnc(C#N)c(O[C@H](C)CN(C)C)n2)ncc1-c1cnn(C)c1,0,4,0.3468849508321849,923
COc1ccnnc1C(O)c1ccc(F)c(-c2ncnc3cc(N4CCOCC4)ccc23)c1,0,1,0.006233131520380523,465
C[C@H]1CN(c2ccc(C#N)cn2)CC[C@H]1Nc1c(C(N)=O)cnc2[nH]ccc12,0,3,0.10284377548407778,924
CO[C@]1(c2ccc(F)c(F)c2)CCNC[C@@H]1c1noc(-c2ccccc2CCNC(C)=O)c1Br,0,10,0.1666385528422622,925
Cn1c(=O)ccc2ncc(OCCNC[C@H]3CN(c4cnc5c(n4)NC(=O)CO5)C(=O)O3)nc21,0,8,0.029459514994295593,926
CN1CC[C@@]23CCCC[C@@H]2[C@@H]1Cc1ccc(N)cc13,0,10,0.14282038727841018,927
Cc1[nH]nc(Nc2ccnc3ccc(S(=O)(=O)C(C)(C)C)cc23)c1C,0,1,0.07849400609267532,928
C[C@@](O/N=C(\C(=O)N[C@@H]1C(=O)N2C(C(=O)O)=C(CSCCNC(=O)c3ccc(O)c(O)c3Cl)CS[C@H]12)c1nc(N)sc1Cl)(C(=O)O)C(F)(F)F,0,7,0.3388314281179243,929
COc1ccc([C@H]2CN(CCC3CCS(=O)(=O)CC3)C[C@@H]2CC(=O)Nc2cccc(Cl)c2)cc1,1,7,0.6510657689974315,930
CN(Cc1ccccc1)S(=O)(=O)Nc1ccc2ccc3ncc(-c4cnn(C)c4)cc3c(=O)c2c1,0,3,0.19099739584656641,931
Nc1ccc(-c2ccsc2)cc1NC(=O)c1ccc(N2CCC3(CC2)CNC(=O)O3)nc1,0,5,0.3279264705822003,932
COc1ccc2cccc(Oc3ccc4nc(C)n(C[C@H]5CCCN(C(C)C)C5)c(=O)c4n3)c2n1,0,2,0.28193257360582685,933
CC(C)N(C)[C@@H]1CC[C@H](N2CC[C@H](NC(=O)c3cc(F)cc(C(F)(F)F)c3)C2=O)[C@H](CS(=O)(=O)C(C)(C)C)C1,0,4,0.11475033125681877,934
Cc1nnc(C(=O)NC(C)(C)c2nc(C(=O)NCc3ccc(F)cc3)c(O)c(=O)n2C)o1,0,8,0.08909468071525631,935
COc1ccc(CCCN2C(=O)N(NS(C)(=O)=O)C[C@H]2c2ccc(OC)cc2)cc1,0,1,0.13000612337307246,936
O=C(NCC1CCCOC1)c1n[nH]c2ccc(-c3cccc(F)c3F)cc12,0,3,0.163111104733048,937
Cn1c(=O)cnc2cc(F)c(OCCNC[C@H]3CN(c4cnc5c(n4)NC(=O)CO5)C(=O)O3)nc21,0,7,0.06379850015995678,167
CCN(CC)C(=O)c1ccc(C2=CC3(CCNCC3)Oc3ccc(O)cc32)cc1,0,8,0.12406749503543707,151
COC[C@H]1Cn2cc(-c3nc(Nc4ccnn4C)ncc3C)cc2C(=O)N1Cc1cccc(C)n1,0,10,0.12052232717154282,938
CNC[C@H](c1ccc2ccccc2c1)[C@H](OCC(=O)NCCO)c1ccccc1,0,3,0.11723758882970427,590
CN(C(=O)c1ccc(-c2ccc(C(F)(F)F)cc2)cc1)[C@H]1CCN(C(=O)N(C)[C@@H]2CCN(CCCc3ccc(Cl)cc3)C2)C1,1,3,0.5970616413858781,939
c1ccc(Cc2ncc3c(n2)CCNCC3)cc1,0,8,0.13586969142292923,940
C[C@@H]1Cc2c(ccc3[nH]ncc23)[C@@H](c2ncc(NC3CN(CCCF)C3)cc2F)N1CC1(F)CC1,1,9,0.9878143577977833,185
Cc1ccc2c(c1)CC(CCN(C)C)=C2Cc1cnccn1,1,6,0.8315507624855276,941
CCNC(=N)NC(=O)Nc1c(CC)cc(C(=O)NCc2ccccc2)cc1CC,0,2,0.11513236671403568,942
COc1cc(N2C(=O)N(c3ccc(-c4ccc(C(=O)O)c(C)c4)cc3)C(=O)C23CCN(Cc2ncccc2C)CC3)ncn1,0,4,0.32239743130958676,56
CCn1c(-c2cnc(C)nc2)nc2c(N[C@H]3CCN(C(=O)C4CC4)C3)ncnc21,0,7,0.057348556563586,943
C[C@@H]1Cc2c(ccc3[nH]ncc23)[C@@H](c2c(F)cc(/C=C/C(=O)O)cc2F)N1CC(C)(C)F,0,8,0.2354078619010493,944
O=C(Cn1cnc(C2CC2)n1)N1CCN(c2sc(C(F)(F)F)nc2-c2cnc(C(F)(F)F)nc2)C[C@H]1CO,1,5,0.9141679107306876,945
COc1ccc(-c2cc(=O)c3c(O)cc(O)cc3o2)cc1,0,4,0.18921403752132102,946
COc1cnc(-c2ccccc2CCNC(=O)c2ccc(OCCC(F)(F)F)nc2)cn1,0,2,0.08226613812141409,947
CNC(=O)c1c(-c2ccc(O)cc2)oc2ccc(O)c(CN3CC4(CCO4)C3)c12,0,6,0.02613378140045389,948
Fc1ccc2c([C@@H]3CNCC[C@H]3F)c(-c3ccc4ccccc4c3)[nH]c2c1,1,1,0.5750106190832476,949
CCC(=O)CCCCC[C@H](NC(=O)[C@H]1CC12CCN(C)CC2)c1ncc(C2=CC3SC=NC3C=C2)[nH]1,0,9,0.13339139858244875,950
CCC(=O)CCCCC[C@H](NC(=O)C(=O)N1CCOCC1)c1ncc(-c2cc3ccccc3nc2OC)o1,0,5,0.1649597505905933,951
c1ccc(Nc2nc3c(s2)CCCc2n[nH]cc2-3)nc1,0,4,0.1596206688519512,952
CC1(CN2CCC3(CC2)CN(c2ncnnc2Oc2ccc(F)cc2C(=O)N2C4CCC2COC4)C3)CC1,0,3,0.11594871238686352,953
CS(=O)(=O)c1sc(C(=O)NC(=S)Nc2ccc(OC(F)(F)F)cc2)c2c1C=CCC2,1,4,0.20948811665506178,954
CC(C)S(=O)(=O)N[C@H]1CN(c2ccccc2)C[C@@H]1c1ccc(-c2ccc(F)nc2)cc1,1,2,0.5020117974578681,955
COc1ncc(OC)c2c(C(=O)C(=O)N3CCN(C(=O)c4ccccc4)CC3)c[nH]c12,0,7,0.04948627740629209,956
CC(C)(O/N=C(\C(=O)N[C@@H]1C(=O)N2C(C(=O)[O-])=C(C[N+]3(CCNC(=O)c4ccc(O)c(O)c4Cl)CCCC3)CS[C@H]12)c1csc(N)n1)C(=O)O,1,10,0.17393261195854756,957
Cn1cnc(C(=O)N(Cc2cccc(OC(F)(F)F)c2)C[C@H]2[C@@H]3CN(CC4CCCC4)C[C@@H]32)c1,1,1,0.6402415918973539,958
Cc1noc(C2(NC(=O)C(=O)N3CCN(C(=O)c4cc5cc(F)c(F)cc5[nH]4)CC3)CC(F)(F)C2)n1,0,8,0.08026972259660708,390
CCOC(=O)c1sc2nc(/C=C/c3ccc(-n4cnc(C)c4)c(OC)c3)nc(N)c2c1C,1,9,0.3072007972864793,959
CS(=O)(=O)c1cc(CNC(=O)c2cncc3c2cnn3-c2ccc(F)cc2)ccn1,0,9,0.06513586247091946,902
O=C(O)C(c1ccccc1)N1CCO[C@H](CN2CCC(Oc3ccc(Cl)c(Cl)c3)CC2)C1,0,4,0.2261245601378549,960
CN[C@@H](CC#N)[C@@H]1CCN(c2c(F)cc3c(=O)c(C(=O)O)cn(C4CC4)c3c2OC)C1,0,5,0.04560963202213742,280
COc1cc(N)c(Cl)cc1C(=O)N[C@@H]1CCN(CCCOc2ccc(F)cc2)C[C@@H]1OC,1,10,0.1982654651400988,961
C[C@@]1(c2cc(CNCCC(F)(F)F)c(F)cc2F)CCSC(N)=N1,0,1,0.1503732208926584,962
CC(C)[C@@]1(C(=O)O)CC[C@@](C)(c2nc(-c3ccc(C(=O)Nc4cc(C(F)(F)F)ccn4)cc3)c3c(N)nccn23)C1,0,6,0.16911037826992953,963
CCC(=O)CCCCC[C@H](NC(=O)[C@H]1CC12CCN(C)CC2)c1ncc(-c2ccc(-c3cnccn3)cc2)[nH]1,0,1,0.03688348227676506,964
O=c1cc(CO)n(-c2c(Cl)cccc2Cl)c2c(Cl)cnc(OC[C@@H](O)CO)c12,0,9,0.16517536334492816,965
O=S(=O)(Nc1cc(-c2ccsc2)no1)c1ccccc1F,0,3,0.17329046779811244,966
Cc1cc(Cn2cc(-c3ccc(F)c(Cl)c3)cn2)n(C)n1,1,3,0.9159623158123206,434
CN(C)C1CCN(c2nc3ccccc3n2Cc2ccc(F)cc2)CC1,1,8,0.9314358030802704,286
CC1(C)C2=C3C=C4C5=[N+](CCC4OC3CCN2c2ccc(CCCCCC(=O)NCCCCCCN(CCOc3ccc(NS(C)(=O)=O)cc3)CCc3ccc(NS(C)(=O)=O)cc3)cc21)c1ccc(S(=O)(=O)[O-])cc1C5(C)C,1,6,0.9307471295460156,967
COc1cnc(C(=O)Nc2ccc(F)c([C@]3(C)CS(=O)(=O)[C@@](C)(CF)C(=N)N3)c2)cn1,0,5,0.04865292204147272,968
CN(C)C(=O)c1cccc(-c2ccccc2CC(c2cccnc2)c2cccnc2)c1,0,5,0.13780760891249078,969
CCOC(=O)C1=C[C@]2(CC)CCCN3CCc4c(n1c1ccccc41)[C@@H]32,1,1,0.3689456951821147,970
Cn1cc(Cn2cc(-c3ccc(F)c(C(C)(F)F)c3)cn2)cn1,1,10,0.8971038933943206,554
CCC[C@@H](CCO)Nc1nc(N)nc2cnn(Cc3ncc(C4CCC5(CC4)CNC5)cc3OC)c12,0,7,0.03698471107764935,971
Cc1cc[n+]([O-])c(C)c1C(=O)N1CCC(C)(N2CCC(N(c3ccccc3)c3cccnc3)CC2)CC1,0,5,0.4694231421760743,972
CCCCS(=O)(=O)Nc1ccc2cnn(C)c2c1,0,10,0.1689509548009618,99
COc1cccc2c(N3CCC(C)(CNS(N)(=O)=O)CC3)c(C#N)cnc12,0,4,0.10163802352526692,973
COc1ccc(CCN2CCC(CCc3cccc(OCCF)c3)CC2)cc1,1,3,0.939615296131892,499
C[C@@H]1Cc2c([nH]c3ccccc23)[C@@H](c2nccc(OCCNCCCF)c2F)N1CC(F)(F)F,0,8,0.09101166803763716,710
O=C1COc2cnc(CNC34CCC(C[C@]5(O)Cn6c(=O)ccc7ncc(F)c5c76)(CC3)OC4)nc2N1,0,3,0.02855062364579473,974
Cc1cccc(N2CCN(C(=O)CNC(=O)c3cccc([N+](=O)[O-])c3)CC2)c1C,1,3,0.1648211477751289,975
COC[C@H](Oc1ncnc2c1cnn2-c1ncccc1Cl)C(=O)Nc1ccc(C)cn1,0,6,0.0004793594456416107,3
Cc1cc(-c2ccc3c(c2)CCN(CCCSc2nnc(-c4cccc(Cl)c4)n2C)CC3)no1,1,5,0.9740079124360329,976
COc1ccc(NC(=O)[C@H]2SCCNC2=O)cc1,0,1,0.09827474903266126,977
CCC(=O)CCCCC[C@H](NC(=O)[C@H]1CC12CCN(C)CC2)c1ncc(-c2ccc3nc(-c4ncco4)ccc3c2)[nH]1,0,8,0.087943833510034,978
Cc1cnc2c(NC(=O)c3cn4cc(C56COC(C)(C5)C6)nc4nc3OC(C)C)cnn2c1,0,9,0.059775045920605896,979
CC(C)(C)c1[nH]c2ccccc2c1C1CCCN(Cc2ccc(/C=C/C(=O)NO)cc2)C1,0,6,0.17100631903681007,697
COc1ccc(C(=O)NC(C)c2cnn(C)n2)cc1S(=O)(=O)Nc1ccc(Cl)cc1,0,3,0.07527618538841928,980
COc1cc(OC)cc(C(=O)NCC2(C(=O)O)CCN(Cc3ccc(C(F)(F)F)cc3)CC2)c1,0,3,0.45835472397256305,574
O=C(N[C@@H]1COc2cccc(-c3ccnc(CO)c3)c2C1)c1ccc(OCC(F)(F)F)nc1,0,8,0.0715474064769324,981
NC(=O)c1cccc2cc(C(=O)N3CCN(c4nc(-c5cnc(NC(=O)CN6CCOCC6)cc5C(F)(F)F)nc(N5CCOCC5)n4)CC3)oc12,0,10,0.1362692320118123,982
COc1ccc(C(=O)Nc2ccccc2C(=O)O)cc1Cl,0,1,0.22688454259605853,983
NC(=O)c1cccc(O[C@@H]2C[C@H]3CC[C@@H](C2)N3C2(c3ccccc3)CC2)c1,1,3,0.8426071585133313,984
[O-][S+]1CCC(C2N[C@@H](c3nc(-c4ccccc4)c[nH]3)Cc3c2[nH]c2ccccc32)CC1,1,9,0.802835046214279,985
Fc1ccc(C2CCN(CCCc3c[nH]c4ccc(F)cc34)CC2)c(-c2ccccc2)c1,1,2,0.680378649455331,986
C[C@H]1NC(=O)[C@]2(N)CC(F)(F)[C@@H](C)[C@H](/C=C/c3ccc(-c4ccccc4C#N)cn3)[C@H]12,0,7,0.11021226654666567,987
O[C@H]1CC[C@H](Nc2ccn3ncc(-c4cccc(C(F)(F)F)c4)c3n2)CC1,0,3,0.1895703156688879,263
CSc1ccc([C@@H]2N=C(OCc3ccc(NS(C)(=O)=O)cc3)N(C)Cc3ccccc32)cc1,0,2,0.323262808279009,988
C[C@@H]1CC[C@H](N)CN1c1ccncc1Nc1ncc2ccc(-c3c(F)cccc3F)nn12,0,9,0.4421933813327956,634
O=C(CCCCCCC(=O)Nc1ccc2ccnc(Nc3ccc(Br)cc3F)c2c1)NO,0,9,0.1276728666582356,989
CO[C@H]1CC[C@H](Nc2ccc3ncc(-c4cccc(OC(F)(F)F)c4)n3n2)CC1,0,7,0.16624904428625928,653
NC(=O)n1nc(NCC(=O)NC2CN([C@H]3CC[C@@H](c4ccc5c(c4)OCO5)CC3)C2)c2cc(C(F)(F)F)ccc21,0,4,0.17221031235617779,990
N#CC1(NC(=O)[C@@H]2CCCC[C@H]2C(=O)N2CCN(c3nc(C(F)(F)F)c(Cl)s3)CC2)CC1,0,9,0.09712434979977229,991
Nc1ccnc(N2CCC(C(=O)Nc3ccc4ccccc4n3)(c3ccccc3)CC2)c1,1,6,0.4412602114813234,992
Cc1[nH]ncc1Cn1cc(-c2ccc(F)c(C(F)F)c2)cn1,1,9,0.9572464731818968,554
CN1CCC(c2ccc(Nc3ncc4c(=O)n(-c5c(Cl)cccc5Cl)ccc4n3)cc2)CC1,1,6,0.7287307837382401,993
O=C1C2=C(CCN(Cc3ccccc3)C2)N2CCN=C2N1Cc1ccc(C(F)(F)F)cc1,0,7,0.5459570808084903,994
N#Cc1ccc2cc1Oc1ccc3c(c1)[C@@H](CC3)N1CC[C@@H](NCc3cncn3C2)C1=O,1,10,0.5469125330114601,995
Cc1nc2cn(Cc3ccccc3)cc2c(-c2ccc(Cl)cc2Cl)c1CN,0,7,0.4836554407533557,996
CC1(C)CC1NC(=O)[C@H]1CN(C2CCN(c3nnc(N)[nH]3)CC2)[C@@H](Cc2ccc(Cl)cc2)CO1,0,10,0.03753809146116341,997
CCCCCN(CCCCC)Cc1cc(C(=O)O)ccc1NC(=O)c1cc2cc(F)cc(NC)c2[nH]c1=O,0,3,0.22931666416240015,36
Cn1nc2cc1CCc1cc(c3ccc(F)cc3c1)OCCCc1c(C(=O)O)n(CCN3CCOCC3)c3c(c(Cl)ccc13)-c1c(cnn1C)CSC2,0,3,0.19077124453419442,998
Cc1noc(-c2ccc(CCN3CCC(Nc4nc5cc(F)ccc5n4C)CC3)cc2)n1,0,6,0.871424265755183,999
O=C1c2cc3ccccc3n2CCN1CCCCN1CCN(c2cccc(Cl)c2Cl)CC1,1,7,0.8306426102939902,1000
OC(c1cc(-c2ncnc3cc(N4CCOCC4)ccc23)c(F)cc1F)c1ncnc2c1CCNC2,0,6,0.02385741929460801,690
Cc1cc(C(O)c2ccc(F)c(-c3ncnc4cc(N5CCOCC5)ccc34)c2)n(C)c(=O)c1,0,5,0.018948214524377185,1001
O=C1CC[C@H](N2Cc3c(ccc4c3OC[C@H]3CN(CC5COC6(CCN(c7ccc([C@@H]8c9ccc(O)cc9CC[C@@H]8c8ccccc8)cc7)CC6)C5)CCN43)C2=O)C(=O)N1,0,3,0.2213560101659659,1002
Cn1c(SCCCN2CC[C@]3(C[C@@H]3c3ccc(C(F)(F)F)cc3)C2)nnc1-c1ccc(C(N)=O)cc1,1,9,0.7321323470570189,1003
O=C(Nc1cccc(C(F)(F)F)c1-c1cccnc1)c1cccc(-c2ncccc2OC(F)F)c1,0,6,0.22742543352418215,1004
O=C(O)c1ccc(NC(=O)[C@H](C2CCCCC2)n2c(-c3ccc(Cl)cc3)nc3cc(F)c(F)cc32)c(F)c1,0,1,0.3996625995560836,1005
O=C(O)c1cc(-c2ccc(-c3cc(CO)on3)cc2)c2ccc(-c3ccc(C(F)(F)F)cc3)cc2c1,0,4,0.19839609276584175,1006
COc1ccc([C@H]2CN(Cc3ccc(OC)c(OC)c3)C[C@@H]2CNC(=O)c2cccc(Cl)c2)cc1,1,4,0.7319549934162579,1007
Cc1cc(Cl)cc(N2C=Nc3cc(C)c(-c4cc(O)cc(F)c4)cc3C2C(=O)N(C)C[C@@H]2CCCN2)c1,1,3,0.5639156168172607,1008
CN1CC(C)(C(O)(c2ccccc2)c2ccc(OC(F)(F)F)cc2)C1,1,9,0.7933642065020631,1009
CC1COc2c(N3CC[C@@H]([C@H](C)NCCC#N)C3)c(F)cc3c(=O)c(C(=O)O)cn1c23,0,5,0.02518822820013067,381
N#CC1(NC(=O)[C@@H]2CCCC[C@H]2C(=O)N2CCN(c3nc(C4CC4)cs3)CC2)CC1,0,3,0.03941462091118444,1010
Cc1ccn(-c2cccc([C@H](CC(=O)O)CN3CC[C@@H](CCc4ccc5c(n4)NCCC5)C3)c2)n1,0,10,0.23055991019534186,1011
Cc1ccc(Nc2nccc3ccc(NC(=O)CCCCCCC(=O)NO)cc23)cc1,0,5,0.11603820888256006,989
CNC(=O)C1CC=C(c2cc(NC(=O)c3ccc(F)cc3Cl)ccc2OC)CC1,0,4,0.17453366678133478,1012
CCN1C(=O)N(c2ccc(C(F)(F)F)cc2)C(=O)C12CCN(C1CCCOCC1)CC2,1,6,0.27735112355053776,1013
COc1cc(-c2cn([C@H]3C[C@@H](C(C)(C)C)CCN(CC45CC6CC(CC(C6)C4)C5)C3=O)nn2)ccc1-n1cnc(C)c1,1,8,0.45494003686541135,1014
O=C(O)CC(NC(=O)NC1CCN(Cc2ccn(-c3ccc(C(F)(F)F)cc3)c2)CC1)c1ccccc1,0,4,0.09736473164909329,1015
O=P(NCc1ccccc1-c1cccnc1)(c1ccccc1)c1ccccc1,0,7,0.22756368285773387,1016
Cc1nccc(Nc2cc(NC3CCN(c4ccc(C#N)cc4)CC3)c(C(N)=O)cn2)n1,0,1,0.17303923158497006,1017
Cc1cc(C(N)=O)ccc1O[C@H]1C[C@H]2CC[C@@H](C1)N2Cc1ccccc1,1,3,0.8412027452007255,417
O=C(NC1CC1c1ccccc1)N1CCC(n2ccnn2)CC1,0,4,0.09707115028364406,1018
CCNC(=O)c1ccc2c(c1)nc(C)n2C1CCN(CC2(O)CCCCC2)CC1,0,7,0.11249877790949547,264
Cc1cccc(N2CCN(CCCCNC(=O)c3cc4ccccc4o3)CC2)c1,1,7,0.7216284332344255,79
C[S+]([O-])c1ccc(Nc2ccc3ncc(-c4ccc([S+](C)[O-])cc4)n3n2)cc1,0,9,0.12637598436397626,1019
Cc1nc2ncc(Oc3ccc(F)c4cccnc34)nc2c(=O)n1C[C@H]1CCCN(C(C)C)C1,0,5,0.3777164819739517,1020
COc1cc2c(cc1OC)[C@@H](C)C(=O)N(C)C=C2,0,6,0.14537561108495517,1021
Cc1cc(N2CCc3c(c(C)nn3CC34CCC(N5CCC5)(CC3)CC4)C2)c2cnn(C)c2n1,0,1,0.04602359226713888,1022
Cc1ccc(Cn2cnc(=O)c3cc(Oc4ncccc4C(F)(F)F)ccc32)c(F)c1,0,3,0.2825334492195299,1023
Nc1nnc(N2CCC(N3C[C@H](CN4CCOCC4)OC[C@@H]3Cc3ccc(Cl)cc3)CC2)[nH]1,0,5,0.02733392066020549,1024
O=C(NC1CC1c1ccccc1)N1CCC(c2nc(-c3ncccn3)no2)CC1,0,2,0.07371373944777507,1025
O=C(COc1ccc(C(=O)c2cc(Cl)ccc2Br)cc1)Nc1cccc(C(=O)NCC2CC2)c1,1,1,0.9146500661988701,1026
O=C(O)C[C@H]1CC[C@H](OC2CCN(c3ccc(-c4nc5ccccc5[nH]4)cn3)CC2)CC1,0,8,0.09222273933750903,713
Cc1cccc(NC(=O)c2ccc(-c3ccc(Cl)cc3)o2)c1,0,5,0.3241376339536315,794
COc1cccc2c1nc(N)n1nc(CN3CCN(c4ccccc4F)C[C@H]3C)nc21,0,2,0.04978971499350006,288
CNC(=O)c1ccc(C2=CC3(CCNCC3)Oc3ccccc32)cc1,0,4,0.26947837731698576,151
CN(C)C(=O)c1ccc(CN2CCc3cc4nc(N)sc4cc3CC2)cc1,0,4,0.16251837627140103,1027
NC(=O)c1cc(Cl)c2c(Cl)c(C#CC3CCOCC3)n([C@H]3CCCNC3)c2n1,1,5,0.8532644048592168,1028
C[C@@H]1Cc2c([nH]c3ccccc23)[C@@H](c2nccc(OCCNCCCF)c2F)N1CC1(F)COC1,0,10,0.12535810913922113,1029
C[C@@H]1CN(c2nnc(C(F)(F)F)o2)CCN1c1ncc(OCc2ccc(C#N)cc2F)cn1,0,8,0.11875462011583549,694
CC(=O)Nc1cccc(C2CCN(CCCn3c(-c4ccc(Cl)cc4)nc4ccccc43)CC2)c1,1,10,0.639082586280203,1030
COC1COCCC1N[C@@H]1C[C@H]2CN(C(=O)CCc3ccccc3)C[C@@]2(C(=O)N2CCc3ncc(C(F)(F)F)cc3C2)C1,0,5,0.11986839231592446,1031
C=CC(=O)N1C(=O)CC(c2ccc(F)cc2)Sc2ccccc21,0,10,0.2994383207254778,1032
c1nc(N[C@H]2CC[C@H](N3CCOCC3)CC2)c2c(C3CCOCC3)c[nH]c2n1,0,9,0.17176914045683447,1033
O=C(Nc1ccc(C[C@@H]2CC[C@H]([C@H](O)c3ccccc3)N2)cc1)[C@@H]1CCc2nccc(=O)n21,0,4,0.08304919511878549,1034
COc1cccc(NC(=O)Cc2c(-c3ccc(F)cc3)nc3ccc(C)cn23)c1,0,9,0.18666863373270182,349
Cc1noc(CNC(=O)c2ccc(C)c(S(=O)(=O)Nc3ccc(Cl)cc3)c2)n1,0,1,0.10466838773805093,1035
CCOC(=O)c1sc(NN=C(C(=O)OC)C(=O)OC)c(C(=O)OCC)c1C,1,4,0.16002230837880008,1036
COc1ccc(N2C(=O)[C@@H](Cc3cccc(OCCc4nc(-c5ccccc5)oc4C)c3)[C@H]2C(=O)O)cc1,0,2,0.1547102009457258,1037
O=C(N(CCOc1ccc([N+](=O)[O-])cc1)CCc1ccc([N+](=O)[O-])cc1)C(F)(F)F,1,7,0.72046246280611,66
CNCc1ccc(OC)cc1Oc1ccc(Cl)c(Cl)c1,1,10,0.6917578068514941,604
CCC[C@@H](CCO)Nc1nc(N)nc2cnn(Cc3ccc(CNC4CCOCC4)nc3)c12,0,5,0.060633840324407065,1038
CC(C)C(N1CCOCC1)C(O)(c1ccccc1)c1ccccc1,0,1,0.24324890829642767,1039
Cn1cnc(C(=O)N(Cc2cccc(OC(F)(F)F)c2)C[C@H]2[C@@H]3CN(CC4CC4)C[C@@H]32)c1,1,7,0.6059445023594112,1040
CN1CCCN(c2nccc3[nH]c(-c4ccc(F)c(F)c4)nc23)CC1,1,1,0.3392468659353972,316
COc1cccc2nc(C#Cc3cccnc3)ccc12,0,3,0.19943298176243712,1041
O=C(NCc1ccccc1)N(c1ccc(Br)cc1)C1CCN(C2CCCC2)CC1,1,2,0.6768607551881071,1042
Cn1cc(C(O)c2ccc(F)c(-c3ncnc4cc(N5CCOCC5)ccc34)c2)cn1,0,10,0.021408314823541948,1043
CCC(CN)=C1CN(c2nc(Oc3cnc(C)nc3)nc3[nH]c4c(NC)cc(F)cc4c23)C1,0,7,0.0184646536106897,508
OC(c1cc(-c2ncnc3cc(N4CCOCC4)ccc23)c(F)cc1F)c1nncc2ccsc12,0,9,0.022566905585587226,1044
CC(=O)Nc1cc(Nc2cc(NC3CCC3)n3ncc(C#N)c3n2)c(F)cc1C,0,4,0.05751981400561122,1045
CN(C)Cc1ccc2c(c1)CC[C@H](N(C)C(=O)c1ccc(-c3ccc(Cl)cn3)cc1)C2,0,6,0.33448874751106483,1046
O=C1COc2ccc(CNC34CCC(CCc5c(F)cnc6ccc(N7CCOCC7)nc56)(CC3)OC4)nc2N1,1,1,0.6775016605171932,1047
O=C(O)c1cc(-c2ccc([C@@H]3C[C@@H]4C[C@H]3NC4=O)cc2)c2ccc(-c3ccc(C(F)(F)F)cc3)cc2c1,0,2,0.13832739021668194,1048
CC(C)(C)OC(=O)NC[C@H]1CC[C@H](CNC(=O)c2cc(N3CCC(CCN4CC(O)C4)CC3)nc3ccccc23)CC1,0,2,0.16257115628118962,1049
N#C[C@H]1CCCC[C@@H]1n1cc(C(N)=O)c(Nc2ccccc2)n1,0,7,0.17039052504171986,1050
COc1ccc([C@H](Cc2nnn[nH]2)NC(=O)c2ncnc3[nH]ccc23)cc1,0,2,0.06850525647407715,1051
Cc1nsc(-c2nnc3n2CCN(C(=O)c2ccc(F)c(Cl)c2)[C@@H]3C)n1,0,8,0.07507975055946743,638
C[C@H](c1ccc(Cl)nc1)N1[C@@H]2CC[C@H]1C[C@H](Oc1cccc(C(N)=O)c1)C2,1,9,0.7480659099351934,1052
CC(C)(C)NC(=O)C1c2c(O)cccc2C(=O)N1Cc1ccccc1-c1ccccc1,0,5,0.055364361968997654,422
Cc1ccc(-c2c(C)c(CNC3CCC(F)(F)C3)nn2-c2ncccc2Cl)cn1,0,8,0.16742343135430207,587
O=C(O)c1ccccc1CN1CCC(CN2CCC(Oc3ccc(Cl)c(Cl)c3)CC2)CC1,0,5,0.12300318569524152,1053
OC(c1cccnn1)c1cc(-c2ncnc3cc(N4CCOCC4)ccc23)c(F)cc1F,0,2,0.007124897224088508,465
COc1ccc(CN2C[C@@H]3CN(S(=O)(=O)c4ccc(Cl)cc4)CC[C@@H]3Oc3c(NC(=O)C4CC4)cccc3C2=O)cc1,0,5,0.25428055910490166,1054
Cc1nnn(Cc2cc(Cl)ccc2/C=C/C(=O)N2CCN(Cc3cnn(C)c3)CC2)n1,0,8,0.11815222051955862,1055
COC(=O)c1cccc(C(=O)N2CCC(CCN3C4CCC3CC(n3c(C)nc5ccccc53)C4)(c3ccccc3)CC2)c1,1,2,0.26198185811667607,305
Fc1cccc(-c2c[nH]c([C@H]3Cc4c([nH]c5ccccc45)[C@@H](C4CCOCC4)N3)n2)c1,1,2,0.9872917670738957,535
COc1cc(Nc2cnc(C#N)c(O[C@@H]3CCN(C)C3)n2)ncc1-c1cnn(C)c1,0,10,0.13102532285832522,230
Nc1cccc(C(Cc2cccnc2-c2cc(Cl)cc(Cl)c2)c2cccnc2)n1,0,4,0.13060413216912103,644
CN(C)CCCn1nc(C2=C(c3cn(-c4cccnc4)c4ccccc34)C(=O)NC2=O)c2ccccc21,1,2,0.6512210941298038,1056
Cn1cnc(C(=O)N(Cc2cccc(Cl)c2)[C@H]2CC[C@@H](N)CC2)c1,0,1,0.2245167590097629,1057
CCN(CCOc1ccc([N+](=O)[O-])cc1)CCc1ccc([N+](=O)[O-])cc1,1,9,0.940595466820075,66
CCN(CCCC(=O)NC1CC1)C(=O)c1ccc2c(c1)c1c(n2C)CCC(C2CCOCC2)C1,0,1,0.11235870969562942,1058
Cc1nc(CN(c2ccccc2)C2CCN(C3(C)CCN(C(=O)c4c(C)cc[n+]([O-])c4C)CC3)CC2)cs1,0,6,0.3964213538857891,1059
Cc1nc2ccccc2n1-c1ccc(C(=O)N(C)[C@@H]2CCN(C3CCC3)C2)cc1,0,10,0.20247170148151536,1060
CN1CCC(COCc2cncc(Br)c2)(c2ccccc2)CC1,0,5,0.31141527738544816,1061
CCOc1ccc(NC(=O)C(C)C)cc1C(=O)NC(C)c1cccc(OC)n1,0,8,0.11247076165149904,1062
O=C(CNc1noc2ccc(C(F)(F)F)cc12)NC1CN([C@H]2CC[C@@H](c3nccs3)CC2)C1,1,9,0.4269330321522592,1063
O=C(Nc1ccc(S(=O)(=O)Nc2ccccc2C(=O)c2ccc(F)cn2)cc1)OCC1CCCO1,0,6,0.11695969652296509,1064
CC(C)(C)Oc1cc(CCC(C)(C)N2Cc3cccc(F)c3C2)ccc1O,0,5,0.4539448773651777,70
CCc1noc(-c2nnc3n2CCN(C(=O)c2ccc(-c4cccs4)cc2)[C@@H]3C)n1,0,3,0.11025580137048654,1065
Cc1nc(C)n(CC(=O)N2CCN(c3sc(C(F)(F)F)nc3-c3cnc(N4CCCC4)nc3)C[C@H]2C)n1,0,8,0.19401737165388808,1066
N[C@H](Cc1cc(F)c(F)cc1F)C1CCN(C(=O)c2cnc3ncccn23)CC1,0,1,0.10018647287495991,1067
CNC1CCN(c2ccc(NC(=O)c3ccc(-c4ccccc4)cc3)cn2)C1,1,9,0.15530896377519224,1068
C/C1=C/CC[C@@]2(C)O[C@@H]2[C@H]2OC(=O)[C@@H](CN3CCCC3)[C@@H]2CC1,0,6,0.2159547970022146,1069
Cn1cc(Cn2cc(-c3ccc(F)c(C(F)F)c3)cn2)cn1,1,5,0.9230730794896832,554
O=C(CNCC1(O)CCCCCC1)N1CCc2ccccc2C1C1CCCCC1,0,10,0.13994671028140776,1070
CC(=O)N1CCN(c2cnc3cc(C(F)(F)F)cc(NCc4cccc([N+](=O)[O-])c4)c3c2)CC1,1,10,0.44507921007853335,1071
[2H]C(Nc1cc(C(F)(F)F)cc2ncc(N3CCN(C(C)=O)CC3)cc12)c1cccc([N+](=O)[O-])c1,0,3,0.6380529128731949,1071
Cc1ncoc1-c1nnc(SCCCN2CCc3cc4nc(C(F)(F)C(F)(F)F)oc4cc3CC2)n1C,1,9,0.8557105148988922,1072
COc1ncccc1-c1nnc(SCCCN2CC[C@]3(C[C@@H]3c3ccc(C(F)(F)F)cc3)C2)n1C,1,8,0.9442181847079746,1073
CCOc1ccc(CCN2C(=O)N(NS(C)(=O)=O)C[C@@H]2c2ccc(OC)cc2)cc1,0,10,0.08356657769211007,723
NS(=O)(=O)c1ccc(Oc2cnc3ccc(=O)n(CCN4CCC(c5nc6cc(C(F)(F)F)ccc6[nH]5)CC4)c3c2)cc1,0,2,0.1942002751613804,840
CCc1ccc2c(=O)cc(C(=O)NC3CCN(Cc4ccc5c(c4)OCO5)CC3)oc2c1,1,2,0.8811433157286137,481
Clc1cccc(N2CCN(CCCCNc3nccc4ccccc34)CC2)c1Cl,1,10,0.7838920299640058,1074
CCN(C)CC(=O)NC12CCC(Cn3nc(C)c4c3CCN(c3cc(C)nc5c3cnn5C)C4)(CC1)CC2,0,5,0.04797288101806369,386
Cn1nccc1-c1cc(C(=O)N[C@@H]2CCc3ccc(Oc4ccnc5c4CCC(=O)N5)cc3C2)cc(C(F)(F)F)c1,0,2,0.06675762654052017,1075
CS(=O)(=O)N1CCN(Cc2ccc3c(c2)CC[C@H](N2CCN(CCc4ccc(F)cc4)CC2=O)C3)CC1,0,1,0.18782763674633107,1076
CCOc1ccc2c(c1)C(C1=C[C@H](C)N(C)CC1)=Nc1cc(Cl)ccc1N2,1,8,0.8398456392123154,1077
COc1ccc2nccc([C@@H](O)CC[C@@H]3CCN(C4CC(c5cccc(F)c5)C4)C[C@@H]3C(=O)O)c2c1,0,2,0.07192384570732371,418
FC(F)(F)c1ccc(C(F)(F)CN2CCC(Nc3ncnc4[nH]ncc34)CC2)nc1,0,3,0.12874516189473043,1078
Cc1nsc(-c2ncc3n2CCN(C(=O)c2ccc(F)c4occc24)C3C)n1,0,8,0.16564351622959333,1079
Cn1nc(NCC(=O)NC2CN([C@H]3CC[C@@H](c4cccnc4)CC3)C2)c2cc(C(F)(F)F)ccc21,0,8,0.13020522521415398,449
COc1cnc2c(NCc3nnc4ccc(-c5cc(F)cc(F)c5)nn34)ccnc2c1,1,8,0.1594183099802875,1080
COc1cc(OC)c(F)c(COc2cnc(Nc3cnn(CCN4CCNCC4)c3)nc2)c1F,0,4,0.12279262938419035,1081
CNC(=O)c1cccc(NC(=O)N2CCC(Oc3ccccc3Cl)CC2)c1,0,8,0.20385249635823618,1082
N#Cc1ccc(S(=O)(=O)C2CCN(CCc3ccc(F)cc3F)CC2)cc1,1,6,0.8515315316218884,629
CN(C)C/C=C/C(=O)N1CCN(c2cnc3cc(C(F)(F)F)cc(NCc4cccc([N+](=O)[O-])c4)c3c2)CC1,0,1,0.6238038978331526,1071
O=C(Nc1ccc([C@H]2CNCCO2)cc1)c1cncc(Cl)c1,0,5,0.07247490986572747,1083
O=P(c1ccccc1)(c1ccccc1)N(Cc1ccccn1)Cc1ccccn1,0,10,0.3088483365334376,1084
Cc1c(CO)ncn1CCN1CCC2(CC1)COC1c3cc(Cl)ccc3OC(C)(C)C1C2,1,2,0.6914723518127032,238
NC(=O)C(c1ccc(F)c(-c2ncnc3cc(N4CCOCC4)ccc23)c1)c1nncc2sccc12,0,6,0.013774296833376432,101
Cc1cc(C)n(-c2nc(C(F)(F)F)cc(=O)[nH]2)n1,0,1,0.0825310068086073,1085
CS(=O)(=O)c1nccc(-c2c(-c3cccc(OCc4ccccc4)c3)nc3sccn23)n1,0,1,0.24851598168231148,1086
COc1cc(CN2CCC(CNCCCCCC(c3ccc(F)cc3)c3ccc(F)cc3)C2)cc(OC)c1OC,1,2,0.8297612017541995,1087
C[C@@H]1CCCN1[C@H]1C[C@H](c2ccc(-c3ccc(C#N)cc3)cc2)C1,1,9,0.6425616090628293,1088
C=C1C(=O)[C@]23[C@H](O)[C@H]1CC[C@H]2[C@]12C=CCC(C)(C)[C@H]1[C@H](O)[C@@]3(OCc1cncs1)OC2,0,3,0.13855211349992796,1089
CCC(O)(c1cn(Cc2ccc3c(-c4ccccc4)c(C(=O)N(C)C)sc3c2)nn1)C(F)(F)F,0,1,0.20158032325880154,142
COc1c(C(C)(C)C)cc(C(=O)N2CCN(CCCCCC(c3ccc(F)cc3)c3ccc(F)cc3)CC2)cc1C(C)(C)C,1,6,0.8195555829087956,1090
OC(c1ccn2nccc2n1)c1cc(-c2ncnc3cc(N4CCOCC4)ccc23)c(F)cc1Cl,0,3,0.060599324204803344,1091
O=C(OCC1CCN(CC(O)CO)CC1)c1c2n(c3ccccc13)CCCO2,0,2,0.1821036773705291,1092
Cc1cc2ncccc2cc1Nc1ncc2c(n1)n([C@@H]1CN(C)C[C@@H]1F)c(=O)n2C,0,9,0.11636679467312976,462
COc1cc(-c2ccc3c(n2)[C@@H](C)N(c2cnn(CC(F)(F)F)c2)C3=O)cnc1OC,0,6,0.13799160786368916,1093
CC1=C(c2ccc(OCCCN3CCCC3)cc2)Oc2ccccc2S1,1,9,0.8525363273840896,1094
CC(C)(O)c1ccc(C(O)CCCN2CCC(C(O)(c3ccccc3)c3ccccc3)CC2)cc1,1,3,0.7152683368536867,1095
Cc1nccn1Cc1cn(-c2ccc(Cl)c(C(F)(F)F)c2)nn1,1,3,0.9783969605199488,23
COc1cccc(NC(=O)c2nnn(Cc3ccc(CN4CCOCC4)cc3)c2N)c1,0,2,0.10795006978655468,1096
Cc1ccc2c(-c3nnc(SCCCN4CC5CC5(c5ccc(C(C)(C)C)cc5)C4)n3C)cccc2n1,1,9,0.9799054154115883,300
Cc1nncn1-c1cccc([C@H](CC(=O)O)CN2CC[C@@H](CCc3ccc4c(n3)NCCC4)C2)c1,0,1,0.09493794750826869,1097
Cc1cnc(N2CCN(Cc3ccc4c(c3)[nH]c(=O)c3cccnc34)CC2)n1C,0,6,0.08958696348850306,1098
Cn1c(=O)sc2ccc(-c3ccc(C[C@@H](C#N)NC(=O)[C@@H]4CNCCCO4)cc3)cc21,0,8,0.06890004029845329,1099
Cc1cc(C#N)nc2c(CCC34CCC(NCc5ccc6c(n5)NC(=O)CO6)(CC3)CO4)ccnc12,1,5,0.9194557638007206,265
CC(C)N1CCCC1CNC(=O)N1CCC(c2nc(-c3ccc4ccccc4n3)no2)CC1,0,3,0.12305695871641847,1100
O=C(Nc1cc(Cl)ccc1Cl)NS(=O)(=O)c1ccc(OCCCCN2CCCC2)cc1,0,1,0.05128946743471727,1101
Cn1cc(-c2ccncc2)c(-c2ccc(F)cc2)n1,0,8,0.21551209419260847,1102
O=C([C@H]1CNCC[C@]1(O)c1ccc(F)c(F)c1)N(Cc1c[nH]c2cccc(Cl)c12)C1CC1,1,1,0.7126527435054428,137
Clc1ccc(C2(c3nnc4c(C5CC5)cccn34)CC2)cc1,0,7,0.5286899398840187,1103
COc1ncc2cc1NS(=O)(=O)c1cccc(c1)C(=O)NCc1cccc(c1)Cc1cnc3sc-2nn13,0,8,0.07904904502742478,1104
Cc1cc(-c2ccc3c(c2)CCN(CCCSc2nnc(-c4cccs4)n2C)CC3)no1,1,10,0.9379692915008786,1105
COc1ccc2nccc([C@@H](O)CC[C@@H]3CCN(CCSc4cccs4)C[C@@H]3C(=O)O)c2c1,0,10,0.17316606564290887,1106
CC(C)N1CCN(C(=O)c2ccc(CN3CCCCC3)cc2)CC1,0,9,0.08858512182262065,1107
COc1ccc(C(=O)NCc2nc(C)no2)cc1S(=O)(=O)Nc1ccc(C)cc1,0,1,0.05054485733493406,1035
COc1ccc(C(O)c2ccc(F)c(-c3ncnc4cc(N5CCOCC5)c(F)cc34)c2)nn1,0,3,0.005554511254186122,465
CC(C)(O)Cn1cc(-c2cnc3nc2N[C@H](CO)c2ccccc2OCCCCc2cc(ccc2C#N)N3)cn1,0,4,0.21241206805057164,1108
CNC(=O)Cn1cc(-c2cc3c(N[C@@H](c4ccc5c(c4)S(=O)(=O)CCC5)C(C)C)ncnc3[nH]2)cn1,0,2,0.08389238936667537,1109
Cn1c(=O)ccc2ncc(OCCNC[C@@H]3CN(c4ccc5c(n4)NC(=O)CO5)C(=O)O3)nc21,0,7,0.0549128632178335,1110
Cc1nccn1CC(NC(=O)CC1CCN(Cc2ccn(-c3ccc(C(F)(F)F)cc3)c2)CC1)c1ccccc1,0,6,0.321663623023548,1111
CNC[C@H](c1ccc(Cl)c(Cl)c1)[C@@H](O)c1ccccc1-c1cccs1,0,8,0.21491674684362985,1112
O=c1n(C[C@@H](O)CO)c2ccccc2n1C1CCN(C[C@H]2[C@H]3CC[C@H](C3)C23CC3)CC1,0,1,0.27578441751963356,1113
COc1ccc(CCN2CCC(CCc3ccccc3OCCF)CC2)cc1,1,1,0.9632263142081979,499
CC(C)Cn1cc(-c2ccncc2)c2ccncc21,0,8,0.17821619636696187,1114
CN1C(=O)CC[C@H]1CN(Cc1ccc(Cl)cc1)S(=O)(=O)c1cccc(C#N)c1,0,10,0.3684429853618315,1115
Cc1cc2ncc3c(n2n1)CN([C@H]1CC[C@H](c2cc(F)c(F)cc2F)[C@@H](N)C1)C3,1,10,0.35553922711153435,1116
NC(=O)c1cc(Cl)c2c(Cl)c(I)n(C3CCCNC3)c2n1,1,1,0.6095856580408106,1117
Cc1cc(C(=O)N2CCN(C(=O)C3CCCO3)CC2)ccc1OCc1cccc(Cl)c1,1,5,0.32864755537975054,1118
Nc1nnc(N2CCC(N3CC(F)(F)C[C@@H]3Cc3ccc(Cl)cc3)CC2)[nH]1,0,5,0.10397866614483114,1119
Cc1c(-c2ccc3cc(CCN4CCC[C@H]4C)ccc3n2)cnn1C,0,6,0.4056346278377263,682
O=C1COc2ccc(CN[C@H]3CO[C@H](CC4Cn5c(=O)ccc6ncc(F)c4c65)OC3)nc2N1,0,3,0.036148556975466865,1120
CC(=O)Nc1cccc(-c2ccc([C@H]3CN(C)C[C@@H]3NS(=O)(=O)C(C)C)cc2)c1,0,8,0.23704252323138106,1121
O=C(/C=C/c1ccc2c(c1)OC(F)(F)O2)N1CCN(C(=O)N2CCC2)CC1,0,7,0.06750869433511078,1122
CN1CCC(COCc2cc(C#N)cc(C3CC3)n2)(c2ccc(F)cc2)CC1,0,1,0.2006729380041589,1123
CCN(CC)C(=O)c1ccc([C@H](c2cccc(NC(=O)C3CC3)c2)N2CCN(Cc3ccc(F)cc3)CC2)cc1,0,8,0.34754491553153805,1124
Cc1c([C@@H](O)CN2CCC3(CC2)CCN(c2ccc(=O)n(C4CCCC4)n2)C3=O)ccc2c1COC2=O,0,5,0.14462531426806988,1125
COc1ncc(-c2ccc(C(=O)O)cc2C)cc1-c1ccc(C(F)(F)F)cc1CN1C(=O)O[C@H](c2cc(C(F)(F)F)cc(C(F)(F)F)c2)[C@@H]1C,1,5,0.05644619572644351,1126
O=C(NC[C@@H](O)CN1CCC(Oc2ccc(Cl)c(Cl)c2)CC1)c1c[nH]c(=O)c2cc(S(=O)(=O)NC3CC3)ccc12,1,1,0.6526833456408858,1127
COC(=O)C(CCCN(C)CCCc1nc2ccccc2[nH]1)(c1ccc(Br)cc1)C(C)C,1,7,0.4469902207198545,1128
Cc1cc(O[C@H](CCCCNCc2ccc(F)cc2)C(=O)NO)cc(C)c1F,1,6,0.3692781256392605,1129
C[C@@H](NC(=O)Cc1ccc(-c2cnn3ncccc23)cc1)c1ccc(OCC(F)(F)F)cn1,0,4,0.13117494776778454,1130
CS(=O)(=O)N1CC(CC#N)(n2cc(-c3ccnc4[nH]ccc34)cn2)C1,0,9,0.01922234986001626,771
OCc1ccc(-c2cc3c(N[C@H](CO)c4ccccc4)ncnc3[nH]2)cc1,0,1,0.06448011296367856,1131
CNCCNC(=O)c1cc2c([nH]c3c(C)cccc32)c(-c2ccc(Cl)c(Cl)c2)n1,1,6,0.24293929515419166,1132
Cc1c(C(=O)Nc2ccn(C)n2)ncn1Cc1cccc(C(F)(F)F)c1,0,4,0.1981102489958538,1133
CCN(C)C(=O)c1ccc([C@H](c2cccnc2)N2CCN(Cc3cscn3)CC2)cc1,0,6,0.22863563879905627,1134
CN(C)c1cccc([C@]2(O)CC[C@@H](N3CC(NC(=O)CNC(=O)c4cccc(C(F)(F)F)c4)C3)CC2)c1,0,7,0.0739245572162152,1135
C=CC(=O)Nc1cc(Nc2nccc(-c3cn(C)c4ccccc34)n2)c(OC)cc1N(C)CCN(C)C,0,9,0.09977455813769867,1136
O=C1COc2ccc(CNC34CCC(CCc5ccnc6cc(C(F)(F)F)cnc56)(CC3)OC4)nc2N1,1,10,0.9538453724844368,265
CC(C)(CO)n1nc(-c2ccc3cc(OC4CC4)ccc3c2)c(C(N)=O)c1N,0,10,0.03339719502680967,1137
COC1COCCC1N[C@@H]1C[C@H]2C[C@H](C(F)(F)F)C[C@@]2(C(=O)N2CCc3ncc(C(F)(F)F)cc3C2)C1,0,9,0.04761236104466398,685
C[C@@H]1CN(C(=O)Nc2cc(-c3cn([C@H]4CC[C@@](C)(O)CC4)c4cnccc34)ccn2)C[C@H](C)O1,0,8,0.17113018440311806,1138
C[C@H]1C[C@H]2CSC(N)=N[C@@]2(c2nc(NC(=O)c3cnc(OC(F)F)cn3)cs2)CO1,0,2,0.1415861180905218,1139
CC1(CN2CC[C@H](NC(=O)c3cc(-c4ccc(F)cc4F)on3)[C@@H](C(=O)NC3(c4ncccn4)CC3)C2)CC1,0,10,0.058567336254551336,1140
CN(C)Cc1ccncc1-c1ccc2[nH]nc(C(=O)NCC3CCOCC3)c2c1,0,8,0.08618287276205666,1141
CC(=O)C1=NN2c3cc(F)ccc3OC[C@H]2[C@@]1(CCCO)c1ccccc1,0,6,0.4422547050905791,1142
COc1ccccc1Oc1ccccc1CN1CCC2(CC1)CCN(C(=O)c1cc[n+]([O-])cc1)CC2,1,5,0.6142217917834029,1143
Cc1cc2nc(CC3CCNC(C)C3)n(Cc3ccc(Cl)cc3)c2cc1C,1,8,0.5383349565311392,1144
COc1ccc2ccc(=O)n(C[C@H](N)[C@H]3CC[C@H](NCc4ncc5c(n4)NC(=O)CO5)CC3)c2c1,0,2,0.027123968390060302,1145
Cn1c(SCCCN2CC[C@]3(C[C@@H]3c3ccc(C(F)(F)F)cc3)C2)nnc1-c1ccncc1,1,5,0.9847937441558763,1146
CCC[C@@H](CCO)Nc1nc(N)nc2cnn(Cc3ncc(C4CC5(C4)CN(C4CCOCC4)C5)cc3OC)c12,0,2,0.04910145556656431,1147
O=C(NC1C2CC3CC(C2)CC1C3)c1cc(-c2ccc(F)nc2F)c[nH]1,0,6,0.15540089572147772,1148
CO[C@H]1C[C@@H](n2c(=O)n(C)c3cnc4ccc(-c5ccc(OCCCN(C)C)nc5)cc4c32)C1,0,9,0.07635601612871286,94
COc1ccccc1Oc1cccc(CN2CCC(NC(=O)C3(c4ccccc4)CCNCC3)CC2)c1,1,4,0.41564976343802407,1149
CCC(NC(=O)c1ccc(Cl)cc1)[C@H]1[C@@H]2C[C@@H](n3cnc4ccccc43)C[C@@H]21,1,9,0.6758632816937762,118
Cc1nc2ccccc2n1C1CC2CCC(C1)N2CCC1(c2cccc(F)c2)CCN(C(=O)c2cc(S(=O)(=O)NC3CC3)c(F)cc2Cl)CC1,0,1,0.054462107079271786,1150
OCC(c1ccccc1)N1CCOCC1,0,2,0.11021071035300617,1151
CC#Cc1cccc2cc([C@H](C)Nc3ncnc(N)c3-c3nc(C)no3)n(-c3ccccc3)c(=O)c12,0,9,0.1831774907148317,1152
CCCOC(c1ccc2ccccc2c1)C1CNC1,1,10,0.2623176887853909,1153
Cc1nccc(N2CCC3(CCN(C[C@H](O)c4ccc5c(c4C)COC5=O)CC3)C2=O)n1,0,4,0.07846760050976051,1154
COc1ccc(-c2ccc(C(=O)O)cc2C)cc1-c1cnc(N(C)C)nc1CN1C(=O)O[C@H](c2cc(Cl)cc(C(F)(F)F)c2)[C@@H]1C,0,7,0.07646451680693793,1155
O=C(NCC1(O)CCCCC1)C1CCN(Cc2ccn(-c3ccc(C(F)(F)F)cc3)c2)CC1,0,9,0.18829589860129753,1156
CCn1nc([C@]2(c3cnn(C)c3)N[C@@H](c3nc(-c4ccc(F)cn4)c[nH]3)Cc3c2[nH]c2ccccc32)oc1=O,0,4,0.1387480923603777,1157
Cc1ccc2c(-c3nnc(SCCC(C)N4CCc5cc6c(cc5CC4)C(=O)N(C)C6)n3C)cccc2n1,0,9,0.5481452299166482,1158
NCc1ccc(F)c(C2CCN(C(=O)c3cc(C(=O)O)cc(-c4nc(-c5cccs5)no4)c3)CC2)c1,0,3,0.32520323659215394,1159
CCS(=O)(=O)c1ccc(C(NC(C)=O)C(=O)Nc2ccc(C(O)(C(F)(F)F)C(F)(F)F)cc2)nc1,0,9,0.05789642620348122,1160
Cc1c(NS(C)(=O)=O)ccc2c1C(=O)N(Cc1ccccc1-c1ccccc1)C2C(=O)NC(C)(C)C,0,1,0.08948535934544662,422
C[C@@H](c1ccc(-c2cn(C)c(=O)cc2CO)cc1)[C@H](N)C(=O)N1CC[C@H](F)C1,0,5,0.04660747137688328,1161
COc1nccc(OCC2(C)CNC2)c1-c1cc(Nc2cnc(C#N)cn2)n[nH]1,1,5,0.05610254142031915,1162
NC(=O)c1cc(-c2ccc(F)cc2)c2ccc(CN3CCOC3=O)cc2n1,0,3,0.10806156948373313,1163
COc1ccc([C@H]2CN(CCc3ccc(OC)c(OC)c3)C[C@@H]2CCc2cc3ccc(Cl)cc3[nH]2)cc1,1,1,0.7853747235236581,1164
COc1ccc(Nc2cc(NCCN)nnc2C(N)=O)nc1C(C)C,0,10,0.14535235428947446,1165
COc1ncc2cc1NS(=O)(=O)c1cccc(c1)C(=O)NCCn1cc(cn1)-c1ccnc3ccc-2cc13,0,1,0.06432505009173048,1166
Cc1ccc(NS(=O)(=O)c2cc(C(=O)NCc3nc(C)no3)ccc2C)cc1,0,4,0.04754407560119816,1035
CC(C)c1cc(C#N)cc2nc(-c3ccc(C(=O)NCC4CN(c5ccc(Cl)cn5)C(=O)O4)cc3)oc12,0,7,0.19765050468506223,1167
CS(=O)(=O)c1ccc(-c2cnc(NCc3ccco3)n3cnnc23)cc1,0,4,0.10586964637365089,1168
CCCCN(CCCC)CC(O)c1cc(Cl)cc2c1-c1ccc(Cl)cc1/C2=C/c1ccc(Cl)cc1,1,6,0.6710345822579237,1169
O=C1NC(=S)NC(=O)C1=NNc1ccc(S(=O)(=O)N2CCc3ccccc32)cc1,1,7,0.2121084407787097,1170
CN[C@H]1CC[C@@H](c2c[nH]c3ccc(NC(=N)c4cccs4)cc32)CC1,0,2,0.10589730778204233,1171
COc1cc(N2C(=O)N(c3ccc(-c4ccc(C(N)=O)cc4)cc3)C(=O)C23CCN(Cc2ncccc2C)CC3)ncn1,1,5,0.16650636617845055,56
COC(=O)C(CCC(=O)N1CCN(c2ccccc2OC)CC1)(c1ccc(Br)cc1)C(C)C,0,5,0.41707811077841195,1172
CN(c1ccc(-c2ccc(-n3cccn3)cc2O)nn1)C1CC(C)(C)NC(C)(C)C1,1,4,0.4792335806041201,1173
COc1ccc(C(C(N)=O)c2cc(-c3ncnc4cc(N5CCOCC5)ccc34)c(F)cc2Cl)nn1,0,1,0.0,465
OC(c1cc(-c2ncnc3cc(N4CCOCC4)ccc23)c(F)cc1F)c1nccnc1OC(F)F,0,1,0.009173909748173285,247
Cc1cc2c(F)c(Oc3ncnn4cc(OCCCS(C)(=O)=O)c(C)c34)ccc2[nH]1,0,4,0.19436164484094393,1174
CC(C)c1nccn1Cc1cn(-c2cccc(OC(F)(F)F)c2)nn1,1,2,0.9383834817629293,23
C[C@]1(CN)CC[C@@H](c2cnc3c(N4CCCc5ncccc54)n[nH]c3n2)CC1,0,2,0.39206555528556813,1175
CN1Cc2ccccc2[C@H](c2ccc(F)cc2F)N=C1CCc1ccc(NS(C)(=O)=O)cc1,0,9,0.5430404601109123,1176
CCOC(=O)N1CCC(CN2CCC3(CC2)CN(C(N)=O)c2ncccc23)CC1,1,4,0.39505263911126776,1177
COc1nn(C)cc1Nc1ncc(C)c(-c2c[nH]c3c(NC(=O)[C@@H](C)N4CCN(C)CC4)cccc23)n1,0,2,0.07371564279575828,880
COc1cc(-c2cn(C3CCCCNC3=O)nn2)ccc1-n1cnc(C)c1,0,6,0.08124859380305277,1178
Cc1c(Nc2c(C#N)cncc2-c2cc3cc(CN4CCN(C)CC4)ccc3o2)ccc2[nH]ccc12,0,6,0.35784100061155905,1179
O=[N+]([O-])c1ccc(CCN2CCN(CCc3ccc(-c4ncco4)cc3)CC2)cc1,1,6,0.7482107154093648,1180
COC1COCCC1N(CCCO)[C@@H]1C[C@H]2OCC[C@@]2(C(=O)N2CCc3ncc(C(F)(F)F)cc3C2)C1,0,7,0.12043641307049109,665
COc1cc2ccc(C#N)cc2cc1[C@@H](c1cccc(F)c1)[C@@](O)(CCN(C)C)c1cc2ccccc2o1,1,10,0.6627819138091952,1181
O=S(=O)(c1ccccc1)C1CCN(CCc2ccc(F)cc2F)CC1,1,1,0.8571180624209618,629
Cc1nsc(N2CCC3(CCN(C[C@H](O)c4ccc5c(c4C)COC5=O)CC3)C2=O)n1,0,7,0.05914608293428655,1182
COC1COCCC1N[C@@H]1C[C@H]2CN(c3nccs3)C[C@@]2(C(=O)N2CCc3ncc(C(F)(F)F)cc3C2)C1,0,3,0.03863437608581934,1183
CCNC(=O)c1n[nH]c2cc(-c3ccc(-n4cccc(C)c4=O)cc3Cl)ccc12,0,1,0.14006726683697118,1184
Fc1cccc(CN2CCN(c3ccc4nnc(C(F)(F)F)n4n3)CC2)c1F,0,6,0.3307296152331967,619
COc1cc(CCC(C)(C)N2Cc3ccc(F)cc3C2)ccc1OCCO,1,9,0.7175408260222074,70
Cc1cc(N2CCc3c(c(C)nn3CC34CCC(NC5COC5)(CC3)CC4)C2)c2cnn(C)c2n1,0,3,0.05311058027820861,1185
C[C@@H]1CN(c2c(F)c(N)c3c(=O)c(C(=O)O)cn(C4CC4)c3c2F)C[C@H](C)N1,0,4,0.06840866123615832,111
CCOc1cc(CN2CCC(Nc3nc4cc(C(N)=O)ccc4o3)CC2)cc(OCC)c1F,1,9,0.19430958512906343,1186
CCCCc1nccn1Cc1cn(-c2ccc(Cl)c(Cl)c2)nn1,1,8,0.9707857238497316,23
COc1c(N2C[C@@H]3CCCN[C@@H]3C2)c(F)cc2c(=O)c(C(=O)O)cn(C3CC3)c12,0,9,0.05512214108569078,1187
O=C(Nc1ccccc1)NS(=O)(=O)c1ccc(OCCCN2CCCCC2)cc1,0,5,0.02058499202125103,893
O=C(NC[C@@H]1OC(=O)N2c3ccc(N4CCOCC4=O)cc3OC[C@@H]12)c1ccc(Cl)s1,0,3,0.10760775096334282,1188
COCCCc1ccc(Cl)c(CN(C(=O)[C@H]2CNCC[C@]2(O)c2ccc(F)c(F)c2)C2CC2)c1,1,4,0.529474193886058,1189
Cc1cc(Cl)cc(N2C=Nc3cc(C)c(-c4cc(O)ccc4F)cc3C2C(=O)N(C)C[C@@H]2CCCN2)c1,1,2,0.5219729475746702,1008
C[n+]1c(C#Cc2ccc(-c3ccc(O)cc3)cc2)cccc1C#Cc1ccc(-c2ccc(O)cc2)cc1,1,2,0.6832572806154724,1190
COc1ccc(C(=O)Nc2csc([C@]34CO[C@@H](C)C[C@H]3CSC(N)=N4)n2)nc1,0,6,0.07306277539455784,1191
Cc1cc2ncnn2cc1Nc1ncc2c(n1)n([C@H]1CC[C@@](C)(O)CC1)c(=O)n2C,0,3,0.07846766687648069,1192
COc1cc(NC2CN(CCCF)C2)ccc1[C@@H]1c2ccc3[nH]ncc3c2C[C@@H](C)N1CC(F)(F)CO,0,3,0.9540377916926033,1193
COc1ccc(CCN2C(=O)N(NS(=O)(=O)CC#N)C[C@@H]2c2ccc(OC)cc2)cc1,0,4,0.12561570687734364,723
O=c1[nH]c(=O)n(COCc2ccccc2)c(Sc2cc(F)ccc2F)c1C1CC1,0,2,0.44504610261089367,1194
COc1ccc(-c2c(C#N)c(=O)n(Cc3ccccc3)c3c(N[C@H](C)c4ccccn4)cccc23)cc1,0,9,0.30829144519590174,1195
N[C@@H]1CN(c2ccncc2Nc2ncc3ccc(-c4ncccc4F)nn23)C[C@H](N)[C@H]1O,0,10,0.18628734090776605,1196
CCOP(=O)(Cn1ccc(NC(=O)c2cc(Oc3ccc(C(=O)N4CCC4)cn3)cc(OC(C)C)c2)n1)OCC,0,9,0.04030406321653612,1197
CCCC1NC(C)C2C(=O)N=C(c3cc(S(=O)(=O)N4CCN(CC)CC4)ccc3OCC)NN12,0,3,0.16611207073599404,1198
CC(C)COc1cccc(/C=C2\SC(=O)NC2=O)c1N1CCC[C@@H](N)C1,0,4,0.09190749379678187,1199
NS(=O)(=O)NCCNc1nonc1/C(=N/O)Nc1ccc(F)c(Br)c1,0,2,0.08423092237041678,1200
CC(C)n1nc(C(=O)NCC2CCN(CCN3CCOCC3)CC2)c2ccccc21,0,6,0.1998303689986938,1201
O=C(NCc1nc2ccccc2[nH]1)NC1CCN(Cc2ccn(-c3ccc(C(F)(F)F)cc3)c2)CC1,0,9,0.17420724662364206,1202
CC(=O)Nc1cc(Nc2cc(NC3CC3)n3ncc(C#N)c3n2)ccc1N(C)CCN,0,5,0.09073698574102107,1203
O=C(O[C@H]1CN2CCC1CC2)N1CCc2ccccc2[C@@H]1c1ccccc1,1,5,0.5662983681561045,715
CO[C@H]1CC[C@H](Nc2ccn3ncc(-c4cccc(Cl)c4)c3n2)CC1,0,2,0.26572064139856655,263
O=C(CCNCCC1CCN(Cc2ccccc2)CC1)NN(c1ccccc1)c1ccccc1,0,3,0.4523885563123194,1204
COC(=O)CCCCOc1ccc2ncc(F)c(CCC34CCC(NCc5ccc6c(n5)NC(=O)CO6)(CC3)CO4)c2n1,1,5,0.5602277460692071,265
N[C@H]1CCN(c2cc3c(cc2F)n2ccnc2c(=O)n3C2CC2)C1,0,8,0.13231573856670095,1205
c1cc(C2CCCCC2)ccc1OCCCN1CCCCC1,1,9,0.881004401955905,1206
Cc1cnc(Nc2ccnn2C)nc1-c1cn2c(n1)C(=O)N(Cc1ccc(F)c(F)c1)[C@@H](C)C2,0,7,0.13979483643409896,1207
C=CC(=O)Nc1cc(Nc2ncc(C)c(-c3cn(C)c4ccccc34)n2)c(OC)cc1N(C)CCN(C)C,0,10,0.15916868227042702,1136
COc1cc2ncnc(Nc3cccc(Cl)c3F)c2cc1CN1CCOCC1,0,1,0.3444282899751755,1208
Nc1nc(-c2ccc(F)cc2)c(-c2ccnc(Nc3ccc(N4CCNCC4)cc3)n2)s1,0,7,0.3155005836585662,1209
COC1OC2(CCN(Cc3ccccc3)CC2)c2cnn(-c3ccccc3)c21,1,7,0.6894790237030994,1210
COc1ccc2nc(C)cc(OCC(=O)Nc3ccccc3OC)c2c1,0,5,0.17742432507419237,1211
COc1ccc(-c2cc3c(N[C@@H]4CC[C@](C)(N)C4(C)C)c(C(N)=O)cnn3c2)cc1,0,5,0.06662790624620994,495
CN1N=C(C(O)c2cc(-c3ncnc4cc(N5CCOCC5)ccc34)c(F)cc2Cl)CCC1=O,0,2,0.02040644241167537,1212
O=C(CNc1ncnc2ccc(C(F)(F)F)cc12)NC1CN([C@H]2CC[C@@](O)(c3nccs3)CC2)C1,0,6,0.04029271274476129,1213
N#Cc1ccc(-c2ccc(C[C@@H](C#N)NC(=O)[C@@H]3CNCCCO3)cc2)cc1,0,9,0.062074796421812156,1214
O=C1COc2ccccc2N1CCN1CCC(NCc2cc3c(cn2)OCCO3)CC1,0,4,0.11800170921091824,1215
CCN1CCN(c2cc3[nH]c(S[C@]4(C)CC[C@@H](c5nc(C)no5)CC4)nc3cc2Cl)CC1,1,5,0.2673895293632155,1216
Cc1ncoc1-c1nnc(SCCCN2CC[C@]3(C[C@@H]3c3cc(Cl)cc(Cl)c3)C2)n1C,1,8,0.9510340517269522,1217
COc1cc(F)ccc1Oc1cc(C(F)(F)F)ncc1C(=O)Nc1ccnnc1,0,10,0.12173013941802471,1218
Clc1ccc(-n2cc(Cn3ncnc3C3CCCC3)nn2)cc1,0,4,0.14283252719689635,1219
C[C@H]1CC[C@H](Cn2c(N3CCO[C@@H]4CCC[C@H]43)nc3cc(-c4noc(=O)[nH]4)nc(-c4cncc(Cl)c4)c32)CC1,0,8,0.3051395491807369,1220
Cc1cc(-c2ccnc3[nH]nc(C(F)(F)F)c23)cc(C2(CN)CCC2)c1,1,4,0.24641046185042706,1221
Cn1cc2c(Cl)c(-c3n[nH]c4nc(N5C[C@@H]6[C@H](C5)[C@@]6(CN)c5cnsn5)cnc34)ccc2n1,0,5,0.13989389741753455,1222
COc1nn(C)cc1C(=O)Nc1cccc(-c2cncn2C(C)C)n1,0,6,0.07739900440683843,1223
COc1ncc2cc1NS(=O)(=O)c1cccc(c1)C(=O)NCc1cncc(c1)-c1cnn3ccc-2nc13,0,9,0.07431432493274814,1224
Cc1cc(C)nc(Nc2cc(NC[C@@H](N)C(F)(F)F)cnc2C(N)=O)c1,0,5,0.11373563276960283,1225
CCN(C)C(=O)c1ccc([C@H](c2cccnc2)N2CCN(Cc3ccccn3)CC2)cc1,0,6,0.21614410646179152,1226
CN1CCOc2c1cnn1c(-c3ccc4ccnc(NCC5(F)CCNCC5)c4c3)nnc21,0,3,0.14261666688957386,1227
CC[C@H]1OC(=O)[C@H](C)C(=O)[C@H](C)[C@@H](O[C@@H]2O[C@H](C)C[C@H](N(C)C)[C@H]2O)[C@](C)(O)C[C@@H](C)C(=O)[C@H](C)[C@H]2N(C3CN(Cc4ccnc5ncccc45)C3)C(=O)O[C@]12C,0,7,0.1138563430397237,1228
CN(C)CCCOc1ccc(-c2ccc3ncc4c(c3c2)n([C@H]2C[C@@H](O)C2)c(=O)n4C)cn1,0,6,0.0700088293191084,94
Nc1nnc(N2CCC(N3C[C@H](N4CCOCC4)CC[C@@H]3Cc3ccc(Cl)cc3)CC2)[nH]1,0,7,0.07623961204141327,1229
O=C(c1ccc(-n2nnc3cccnc32)cc1)N(c1ncccc1Cl)[C@@H]1CCCNC1,0,6,0.04720297932453842,1230
COCC(F)(F)CN1[C@H](c2ccc(NC3CN(CCCF)C3)cc2OC)c2ccc3[nH]ncc3c2C[C@H]1C,1,2,0.8953353416728465,1193
COc1cc2c(NC3CCN(C)C(=O)C3)cc(-c3ccc(C)o3)nc2cc1OCCCN1CCCC1,0,1,0.23520811404662945,1231
CC(CC#N)N1C(=O)c2ccccc2C1C(=O)NCc1ccc(OC(F)(F)F)cc1,0,7,0.09307103466603464,1232
CN(C)c1ccc(-c2cc3nccnc3c(OC[C@@H]3CCCNC3)n2)cn1,0,4,0.0668975999388103,1233
Cc1ncn(CC(=O)N2CCN(c3sc(C(F)(F)F)nc3-c3cnc(C(F)(F)F)nc3)C[C@H]2CCO)n1,1,3,0.8744864636000484,115
Cc1cnc(-c2ccc3c(c2)CCN(CCCSc2nnc(-c4cccn4C)n2C)CC3)o1,1,9,0.9588246571206682,1234
CCN(CC)C(=O)c1ccc([C@H](c2cccc(NC(=O)OC)c2)N2CCN(Cc3cccnc3)CC2)cc1,0,2,0.19632562837139542,1235
COCCCn1cc(CN(C(=O)[C@H]2CNCC[C@@H]2c2ccn(C)c(=O)c2)C2CC2)c2c(F)cccc21,0,1,0.19424153601726468,275
O=c1ccc2ncc(F)c3c2n1C[C@@]3(O)CC12CCC(NCc3ncc4c(c3Cl)OCCO4)(CC1)CO2,0,8,0.04141128633292111,195
Cc1nccn1C[C@H]1CCc2c(c3ccccc3n2C)C1=O,1,2,0.4144358105699108,1236
C/C(O)=C(\C#N)C(=O)Nc1cc(O[C@@H](C)C(F)(F)F)c(C(=O)c2ccccc2Cl)cc1F,0,3,0.17264703312516255,1237
CCC[C@@H](CO)Nc1nc(N)nc2cnn(Cc3ccc(CNC4CCOCC4)cc3OC)c12,0,9,0.05197962261800085,813
Cc1cc(-c2ccc3c(c2)CCN(CCCSc2nnc(-c4ccc(C#N)cc4)n2C)CC3)no1,1,9,0.9653829286128833,976
CC(C)c1nn(CC(=O)N[C@@H]2CCCN(C)C2)c(=O)c2cc3sc(Cl)cc3n12,0,6,0.14158575432058212,308
CN1CCN(Cc2cnc(NC(=O)/C(=N/N3CCCC3)c3ccc(S(=O)(=O)C4CC4)cc3)s2)CC1,0,6,0.11590418307847242,1238
COc1ccc(-c2nnc(C(=O)N3CCC(Oc4ccc(CN5CCN(C)CC5)cc4)CC3)o2)cc1,0,10,0.08424551660563101,1239
Nc1nc2ccc(S(=O)(=O)Cc3ccc(Cl)c(Cl)c3)cc2s1,0,8,0.20220220280999412,1240
Cc1ccc([C@@H](C)N2[C@@H]3CC[C@H]2C[C@H](Oc2cccc(C(N)=O)c2)C3)cn1,1,6,0.7976298656333776,1052
CCNc1cc(N2CCOCC2)cc(CCc2nc(C)c(CC)o2)n1,1,4,0.8366325448626801,1241
O=C(O)[C@H]1CC[C@@H](OC2CCN(c3ccc(-c4nc5cc(F)ccc5[nH]4)cn3)CC2)CC1,0,5,0.075437406974331,713
CNc1cc(Nc2cccn(-c3ncccc3F)c2=O)nc2c(C(=O)N[C@@H]3C[C@@H]3F)cnn12,0,7,0.11251983181745637,1242
c1ccc2c(-c3coc4cc(-c5ccc(N6CCNCC6)cc5)cnc34)ccnc2c1,0,6,0.4817252259360473,1243
CC(C)(CO)n1nc(-c2ccc3nc(OC4CC4)ccc3c2)c(C(N)=O)c1N,0,9,0.011026887871243098,717
C[C@@H]1CN(c2nc(N3CCOC[C@@H]3C)c3ncc(-c4ccccc4)nc3n2)C[C@H](C)O1,0,10,0.14953678196568532,1244
O=C(NC1CCN(Cc2ccn(-c3ccc(C(F)(F)F)cc3)c2)CC1)N1CCCC(C(=O)N2CCCC2)C1,0,2,0.16832571986686454,1245
CN(C)c1ccc(C(=O)N(CC(=O)NC2CCCCC2)Cc2ccc(C(=O)NO)cc2)cc1,0,1,0.13422275430896036,1246
CN1CCN(C)C(C(=O)N2CCN(C(=O)Nc3ccc(Cl)c(Cl)c3)CC2)C1,0,9,0.11880610706184344,87
CCOC(=O)NC(=O)c1ccsc1NC(=O)c1ccc(S(=O)(=O)N2CCCC2)cc1,0,5,0.09297639692513172,1247
Cc1c(-c2ccc(N3CCC(F)(F)C3)cc2)[nH]c2cc(F)cc(F)c2c1=O,0,2,0.36854327931054637,1248
CN(C(=O)Cc1ccc(-n2cnnn2)cc1)[C@@H]1CCN(Cc2ccc(C(F)(F)F)nc2)C[C@@H]1F,0,10,0.0896650446036325,1249
Fc1ccccc1-c1c[nH]c([C@H]2Cc3c([nH]c4ccccc34)[C@@H](C3CCOCC3)N2)n1,1,5,0.9412180086346692,535
Cc1ncoc1-c1nnc(SCCCN[C@@H]2CC[C@]3(c4ccc(C(F)(F)F)cc4F)CC23)n1C,1,10,0.9187662737210117,1250
CNC[C@H](c1ccc2ccccc2c1)[C@H](N)c1ccccc1,0,9,0.08837288069426351,590
CNC(=O)c1nnc(NC(=O)C2CC2)c2[nH]c(-c3ccc(N)cc3OC)cc12,0,6,0.1190190581266775,1251
O=C(c1ccc(C[C@@H]2CC[C@H]([C@H](O)c3ccccc3)N2)cc1)N1CCN(Cc2nnn(CC3CC3)n2)CC1,0,1,0.07318322381066666,1252
O=C1OCc2nc(CCN3CCN(C(=O)Cc4ccc(-n5cnnn5)cc4)CC3)ccc21,0,3,0.07981111284240552,1253
COc1ccc(-c2nnc(C(=O)N3CC(Oc4ccc(CN5CC6(CCCO6)C5)cc4)C3)o2)cc1,0,7,0.06254105167231536,1254
COc1ccc2ncc(F)c(C[C@H](O)[C@H]3OC[C@H](NC(=O)c4ccc5c(c4)OCCO5)CO3)c2n1,0,8,0.05085917119658952,1255
COc1ccccc1CC(c1ccc(F)cc1)N1CCNCC1,0,10,0.08957394651674677,779
CCCS(=O)(=O)N1CCN(C2(CNC(=O)c3c(F)cccc3F)CCC(F)(F)CC2)CC1,0,2,0.23689761903706014,1256
CNC(=O)c1cc2c(-c3nc4c(-n5cc(CN(C)C)cn5)ccnc4[nH]3)cn(C)c2cn1,0,7,0.05980871074958787,1257
CN1CN(CC2CCC2)Cc2c(O)ccc3oc(-c4ccc(O)cc4)c(c23)C1=O,0,10,0.2390984501541118,1258
O=C(O)CSc1nnc(Br)n1-c1ccc(C2CC2)c2ccccc12,0,5,0.283526096968656,1259
O=C(O)CCCOc1ccc(-c2cc(OC(F)(F)F)ccc2Cl)cc1,0,6,0.22290152955803072,1260
O=c1[nH]c2ccccc2n1CCCN1CCC(n2c(=O)[nH]c3cc(Cl)ccc32)CC1,1,7,0.5315615238632854,1261
CC(C)(C)n1ncc2c1C(=O)CC1(CCN(C(=O)c3ccc4[nH]ncc4c3)CC1)C2,0,1,0.10460194301942873,453
O=C(N1CCC(c2ccccc2)CC1)N(c1ncccc1Cl)[C@@H]1CCCNC1,0,1,0.17305672898781216,1262
N[C@@H]1C[C@@H]1c1ccc(Br)c(F)c1F,0,2,0.11576188856402475,1263
CCS(=O)(=O)c1ccc(CNc2nc3cnc(-c4c(OC)ncnc4C4CC4)nc3n(C(C)C)c2=O)nc1,0,2,0.09166606914289294,1264
Cc1cc(Nc2ccccc2)nc(NCc2ccccn2)n1,0,1,0.2537961869415069,1265
O=C1Cc2cc(Cl)ccc2-n2c(nnc2[C@H]2CC[C@H](Oc3ccccn3)CC2)C1,0,1,0.1275317072873569,1266
O=C([C@@H](O)C1CC1)N1CC(c2cc(F)ccc2F)=C[C@H]1c1ccccc1,0,5,0.14759369615579995,1267
O=C(Nc1ccc[n+]([O-])c1)c1cc(C(F)(F)F)cnc1Oc1ccc(F)cc1Cl,0,8,0.17213280550086346,1268
O=C(NC(c1ccccc1)c1ccccc1)[C@@H]1CC[C@@H](N2CCOCC2)C[C@H]1c1ccc(Br)cc1,1,10,0.848322176110242,322
COc1nc2ccc(C#N)cc2cc1C(c1cccc(C)c1)C(O)(CCN(C)C)c1cccnc1OC,1,5,0.4115276125066498,1269
Cc1ncc(CCc2ccc3c(-c4cnn(C)c4)cc(C(N)=O)nc3c2)cn1,0,6,0.11015805081017649,1270
CC(C)(O)c1ccc(C(CC2=CCC(=O)N=C2)c2ccc(OC(F)F)c(OC3CC3)c2)cn1,0,7,0.15301588065116384,1271
Cc1cc2c(s1)Nc1ccccc1N=C2N1CCNCC1,0,1,0.44994179291301245,1272
CCSc1cc([C@](O)(CCN(C)C)[C@H](c2ccccc2)c2cc3cc(Br)ccc3nc2OC)cc(SCC)n1,0,7,0.27359554352775445,1273
NC(=O)CN1CCC2(CCN(c3ccc(C(=O)Nc4cc(-c5cccs5)ccc4N)cn3)CC2)C1,1,4,0.14707536633263038,1274
Cc1cc(-c2ccn3c(CC4CC4(F)F)nnc3c2)ccc1F,0,6,0.14134259439286817,705
CNC(=O)c1ccc(N2CCN(Cc3ccc4nc(C(C)(F)F)c(=O)[nH]c4c3)CC2)cn1,0,2,0.02588475490148711,891
Cc1ccc(N2CCN(Cc3cc(C(=O)N[C@H]4CCCC[C@@H]4O)c(=O)n4ccccc34)CC2)nc1,0,1,0.26038633591665156,1275
CC(=O)N1CCO[C@@H](c2nc(-c3ccc(C(=O)Nc4cc(C(F)(F)F)ccn4)cc3F)c3c(N)nccn23)C1,0,6,0.12219650708982194,1276
O=C(NCc1cccc(OC(F)(F)F)c1)C1c2ccccc2C(=O)N1CCc1ccccn1,0,3,0.13049671112567957,1277
Cc1csc([C@@]2(CN)[C@@H]3CCN(c4cnc5c(-c6ccc7nn(C)cc7c6Cl)n[nH]c5n4)C[C@@H]32)n1,1,7,0.353292744802285,1278
CC(=O)NCCc1ccccc1-c1ccc([C@H]2CNCC[C@@]23OC(=O)c2cc(F)c(F)cc23)c(C)c1,0,4,0.2746378627409433,1279
COc1cc(N2C[C@H]3CC[C@@H](C2)[C@@H]3Nc2nc3n(n2)CCCCC3c2ccc(F)c(F)c2F)ncn1,1,6,0.4054276871318861,1280
C#C[C@H]1CC[C@@H](C#N)N1C(=O)CNC1(C)CCN(c2cc(C(=O)O)ccn2)CC1,0,10,0.12748252336182594,1281
CC(C)(F)COc1cc(F)c2c(c1)[C@]1(COC(N)=N1)c1cc(-c3cccnc3F)ccc1O2,0,8,0.24939571429168936,501
COC(=O)N[C@@H]1CC(C)(C)c2ccc(Nc3nc(NCC(F)F)c4occc4n3)cc2NC1=O,0,5,0.14123212247189434,1282
O=C(O)c1ccc(C(O)c2cc(-c3ncnc4cc(N5CCOCC5)ccc34)c(F)cc2Cl)nn1,0,9,0.004930947269920739,465
CCc1nc(Oc2ccc(C(=O)O)cc2)ccc1CN1CCC(N2C(=O)N(C3CCOCC3)C[C@H]2c2ccccc2)CC1,0,6,0.11128770417964363,1283
O=C(N[C@H]1CC[C@H]2CN(Cc3cccc(C(F)(F)F)c3)C[C@H]21)C(C1CCCCC1)C1CCCCC1,1,6,0.3472919541714498,1284
Cc1c([C@@H](O)CN2CCC3(CC2)CCN(c2ccc(C(C)(C)O)nc2)C3)ccc2c1COC2=O,0,7,0.19188520107113605,133
Cc1cccc(-c2[nH]c(CNc3ccccc3F)nc2-c2ccc3ncnn3c2)n1,0,7,0.3012729357766738,1285
CCn1c(=O)[nH]c(=O)c2c1nc(Cc1cn3cc(C)sc3n1)n2CC1COC1,0,10,0.11920947939649779,1286
COC[C@H](C)Oc1cc(Oc2cnc(C(=O)N3CCC3)cn2)cc(C(=O)Nc2cnc(C)cn2)c1,0,9,0.029907412095966587,1287
Cc1ccc(C(SC[C@H](N)C(=O)O)(c2ccccc2)c2ccccc2)cc1C,0,2,0.16618163584240728,1288
C[C@@H]1CCCN1CCCOc1ccc(C2=NNC(=O)C3CC23)cc1,0,6,0.10188907955328211,1289
CC(C)N1CCN(C(=O)N2CCC(C(C)(C)C)CC2)CC1,0,7,0.06562502199595675,1290
C[C@H]1CN(c2cccc(OCc3ccc(C#N)cn3)n2)CCN1Cc1nc2ccc(C(=O)O)cc2n1C[C@@H]1CCO1,0,8,0.09649463328302,359
Oc1cc(-n2cccn2)ccc1-c1ccc(OC2CCNCC2(F)F)nn1,0,5,0.2668478975176247,1291
Cc1cc(C)n(-c2cc(NC(=O)CN3CC[C@H](N(C)C)C3)nc(-c3ccc(C)o3)n2)n1,1,10,0.7996861133841522,1292
NC(=O)C(c1cccnc1)c1cc(-c2ncnc3cc(N4CCOCC4)ccc23)c(F)cc1Cl,0,10,0.012724309653568086,688
CC(=O)NC12CCC(Cn3nc(C)c4c3CCN(c3cc(C)nc5c3cnn5C)C4)(CC1)CC2,0,10,0.05939499920820574,386
Cc1cc2c(cc1CCN1CCN(C(=O)Cc3ccc(-n4cnnn4)cc3)CC1)COC2=O,0,4,0.04813533881832805,670
Nc1ncc(-c2ccc(C(=O)N3CCC(O)CC3)cc2)nc1-c1ccc(C(F)(F)F)cc1,0,9,0.07329496070357813,1293
CNC1CN(c2nc(N)nc3cc(C#N)cnc23)C1,0,5,0.06798767901578905,1294
CCC1(C)NC(=O)c2cc(S(=O)(=O)Nc3ccc(F)cc3F)cc(Cl)c2NC1=O,0,10,0.17265600381702656,1295
Cc1ccc(-c2cc(NC3CCN(C)CC3)c3cc(Cl)c(OCCCN4CCCC4)cc3n2)o1,0,1,0.34109602502588116,1296
COC(=O)N[C@H](C(=O)N1CCC[C@H]1c1ncc(-c2ccc(-c3ccc(-c4cnc([C@@H]5CCCN5C(=O)[C@@H](NC(=O)OC)C(C)C)[nH]4)cc3)cc2)[nH]1)C(C)C,0,10,0.150075759106673,1297
CCOc1nc(C(C)C)ccc1-c1cnc2sc(N3CCC(O)(CN)CC3)nn12,0,8,0.028950985923891857,1298
O=C(O)C(c1ccccc1)N1CCCC(CN2CCC(Oc3ccc(Cl)c(Cl)c3)CC2)C1,0,5,0.22154114173721842,1299
CN1C(=O)[C@H](NC(=O)CCC2CCCCC2)N=C(c2ccccc2)c2ccccc21,1,6,0.2600876877689096,1300
O=C(Cc1ccccc1)NC1CCN(CCCN2C(=O)COc3ccccc32)CC1,0,1,0.33091548800756565,1301
Cn1ccc2c(-c3nc4c(-n5cc(CN6CC[C@H](O)C6)cn5)ccnc4[nH]3)cccc21,0,8,0.15065018066621372,1302
Cc1noc2cc3c(cc12)CCN(CCCSc1nnc(-c2ccc(C(F)(F)F)cc2)n1C)CC3,1,3,0.9647672053868869,1303
COCCOc1cc(F)c2c(Nc3ccc(NC(=O)Cn4cc(C(C)C)nn4)cc3)ncnc2c1,0,3,0.1253431228715931,1304
COc1cc2c(cc1OC)CN(C(C)(C)CCc1ccc(F)cc1)C2,1,7,0.8638565192048334,70
Cc1ccc(-c2cc3nc(C(C)(C)C)[nH]c(=O)c3s2)cc1,0,8,0.2201817852006206,1305
O=C(NCc1cccc(OC(F)(F)F)c1)C1c2ccccc2C(=O)N1CCc1ncc(F)cn1,0,9,0.09184357361524519,1306
N#Cc1ccc2c(c1)[C@@H](N)C1(CCN(c3cnc4c(N5CCCc6ncccc65)n[nH]c4n3)CC1)C2,1,10,0.8843685359165714,1307
CSc1ccccc1C(=O)N(c1ccccc1)[C@H]1CCNC1,0,4,0.1099273775425101,1308
Cn1cc(C(=O)NC[C@@H](O)CN2CCC(Oc3ccc(Cl)c(Cl)c3)CC2)c(C(F)(F)F)cc1=O,0,5,0.3596678295863359,1309
CCNC(=O)c1ccc(N2CCN(Cc3cnc4cc(CC)c(=O)[nH]c4c3)CC2)cn1,0,2,0.0510508128569481,258
CN(CCCC(=O)NC1CC1)C(=O)c1ccc2c(c1)c1c(n2C)CCC(C2CCOCC2)C1,0,8,0.07547042123631843,1058
COCCN(C)C1CCN(c2nc3ccccc3n2Cc2ccc(F)cc2)CC1,1,2,0.8870848748805341,286
CS(=O)(=O)C1(c2cc(N3CCOCC3)nc(-c3cccc4[nH]ccc34)n2)CCOCC1,0,1,0.08234383156248412,1310
COc1ccc2nccc([C@@H](O)CC[C@@H]3CCN(C4CC(c5cc(F)cc(F)c5F)C4)C[C@@H]3C(=O)O)c2c1,0,1,0.08669155949630782,418
Cc1cc(-c2ccc3c([C@@H]4CCCC[C@H]4C(=O)Nc4cn(C)nc4C(N)=O)noc3c2)n[nH]1,0,3,0.13040147709061484,1311
CC(F)(F)COc1ncncc1CNc1ncc(C#N)c(N[C@@H]2CC[C@H](O)C(C)(C)C2)n1,0,6,0.19349720829872366,1312
Clc1ccc(OC(c2ccc3ccccc3c2)C2CNC2)cc1Cl,1,4,0.5621361673486228,1313
COC[C@H](C)COCc1ccc([C@@]2(O)CCNC[C@@H]2c2noc(-c3ccccc3CCNC(C)=O)c2Br)cc1,0,7,0.21741628773974103,925
CNC1CCCC(c2c[nH]c3ccc(NC(=N)c4cccs4)cc23)C1,0,7,0.12666697496109408,1171
COc1ccc2ncc(F)c(CCCN3CCN(CCSc4cccs4)C[C@@H]3C(=O)O)c2c1,0,4,0.31226321006962243,205
O=c1ccn2c(-c3ccc(F)cc3F)cccc2c1-c1c(F)cccc1F,0,3,0.3422612857840271,1314
O=C(CCCCCCNc1ncnc2ccc(F)cc12)NO,0,6,0.1233881117356602,1315
O=c1[nH]ccnc1C(O)c1ccc(F)c(-c2ncnc3cc(N4CCOCC4)ccc23)c1,0,2,0.010938336187553894,1316
O=c1c2ccccc2ncn1-c1ccc(OCCCN2CCCC2)cc1,1,3,0.5726323222933118,1317
CC(=O)N1CCN([C@H]2C[C@@H](n3cc(-c4cccc(OCC56CCC(CC5)O6)c4)c4c(N)ncnc43)C2)CC1,0,6,0.19989308158503924,1318
Cc1nccn1Cc1cn(-c2ccc(Cl)c(F)c2)nn1,1,9,0.9367134518155736,23
Cc1c(N2CCC(C3(N)CC3)C2)c(F)cc2c(Cc3noc(=O)[nH]3)cc(=O)n(C3CC3)c12,0,3,0.0348490989551953,1319
CCCCN1CCC[C@@H]1Cn1nc(Cc2ccc(Cl)cc2)c2ncccc2c1=O,1,10,0.9138446352817796,1320
COc1cc(-c2cn([C@H]3C[C@@H](C(F)(F)F)CCN(CC(F)(F)F)C3=O)nn2)ccc1-n1cnc(C)c1,0,3,0.4150847538554129,1178
Cc1ccc(Cn2c(CSc3c(C)cc(C)cc3C)c(C(=O)NC3CCN(C(C)C)CC3)c3cc(O)c(Br)cc32)cc1,0,7,0.23304769379091822,1321
c1csc(-c2ccc(OCCCN3CCCCC3)cc2)c1,1,7,0.8912812305568343,1322
Fc1cccc(OC(F)F)c1CC(c1ccccc1)N1CCNCC1,0,2,0.25106750342782314,779
O=C(NNC(=S)Nc1ccc(Cl)c(Cl)c1)c1ccccc1O,1,3,0.3490061808363524,1323
CCOc1ncc(-c2nc(C(F)(F)F)sc2N2CCN(C(=O)Cn3ccc(C)n3)[C@H](C)C2)cn1,0,9,0.35255582973703725,333
Cc1ccc2[nH]c(-c3ccc(-c4ccc(O[C@H]5CC[C@@H](CC(=O)O)CC5)nc4)nc3)nc2n1,0,5,0.0870851727650056,1324
COc1cc(NC(=O)c2nnn(Cc3ccc(CN4CCOCC4)cc3)c2N)ccn1,0,3,0.09551873910731275,1325
CCCCC1(CCCC)N[C@@H](c2nc(-c3ccccc3)c[nH]2)Cc2c1[nH]c1ccccc21,1,9,0.6971888381116558,484
O=C(O)c1cc(-c2ccc(C3CCNCC3)cc2)c2ccc(-c3ccc(C(F)(F)F)cc3)cc2c1,0,6,0.12567609173939964,74
COC(=O)c1ccc(-c2ccn3c(CC4CC4(F)F)nnc3c2Cl)c(F)c1,0,10,0.2225191106142508,705
CCCCN(CCCC)CCC(O)c1cc2c(Cl)cc(Cl)cc2c2cc(C(F)(F)F)ccc12,1,1,0.6738243417141442,1326
Cc1cc(Cn2cc(-c3ccc(C)c(F)c3)cn2)n(C)n1,1,1,0.8156042855361572,434
O=C(c1ccccc1)N1CCc2oc(-c3ccc(F)cn3)nc2C1,0,2,0.05743215923010542,734
COc1cc(F)ccc1[C@H]1CSc2cc(O)ccc2[C@H]1c1ccc(NC2CN(CCCF)C2)cc1,0,3,0.4706495703807142,1327
O=C(O)Cc1ccc(N2CCC(CN3CCC(Oc4ccc(Cl)c(Cl)c4)CC3)CC2)cc1,0,5,0.10782887710309522,692
COCCCn1cc(CN(C(=O)[C@H]2CNCC[C@@H]2c2ccn(C)c(=O)c2)C2CC2)c2c(Br)cccc21,0,5,0.19742664074847383,275
Cc1ccc(Nc2cc(N[C@@H]3CCCC[C@@H]3N)nnc2C(N)=O)nc1C(C)C,1,6,0.11118583909744097,1328
Cc1nc(N[C@H]2CCN(C(=O)Cc3ccc(F)cc3)C2)ccc1-c1nc(C(F)(F)F)n(C)n1,0,1,0.21761832686997395,1329
Nc1nc(-c2ccc(F)cc2)cn1CC(O)c1ccc(C(F)(F)F)cc1Cl,0,6,0.24320331413675916,1330
COc1cc(-c2c(C3CCN(C(N)=O)CC3)c3ccncc3n2-c2ccc(Cl)cc2)ccn1,1,2,0.20359275738510993,1331
CN1CCN(C2=Nc3ccccc3Nc3sc(CO)cc32)CC1,0,7,0.20451795946801277,1272
CCOP(=O)(Cn1ccc(NC(=O)c2cc(Oc3ccc(C(=O)N4CCC4)nc3)cc(OC(C)C)c2)n1)OCC,0,10,0.038273302547757355,1332
COc1cnc(C(O)c2ccc(F)c(-c3ncnc4cc(N5CCOCC5)ccc34)c2)nc1,0,8,0.009364563104514017,1333
OC(CC1c2c(F)cccc2-c2cncn21)C1CCC(F)(F)CC1,0,10,0.19119162009853258,139
NC(=O)c1nnc(N[C@@H]2CCCC[C@@H]2N)nc1Nc1cccc2cc[nH]c12,0,10,0.1758410250503888,1334
COc1ccc(S(=O)(=O)N2Cc3ccc(/C=C/C(=O)NO)cc3C2)cc1,0,2,0.05045334165175624,917
O=C(NCC(=O)N1CC[C@H](N[C@H]2CC[C@@](O)(c3ccccn3)CC2)C1)c1cccc(C(F)(F)F)c1,0,10,0.06636778775054478,1335
O=C(CCc1cccnc1)N[C@H]1CC[C@H](c2ccc(O)cc2)CC1,0,7,0.10251119699391523,1336
O=C(Nc1cnn(-c2csc(C(=O)NC3COC3)c2)c1)Nc1ccccc1Cl,0,1,0.15321564996492892,1337
CC(C)C(=O)NC1CCc2cc(CCN3CCN(c4nsc5ccccc45)CC3)ccc21,1,2,0.9400534679713423,39
CS(=O)(=O)Cc1cc(N2CCOCC2)nc(-c2ccc3[nH]cnc3c2)n1,0,2,0.03799580581803785,1338
CC(=O)Nc1ccc2cnn(-c3cc(NC4CC4)n4ncc(C#N)c4n3)c2c1,0,1,0.07392361509748496,1339
CCNC(=O)c1ccc2c(c1)[C@H](Nc1ccc(C#N)cn1)C[C@H](C)N2C(C)=O,0,3,0.11111648477842993,239
O=C(Cc1ccc(-c2ccccc2)cc1)Nc1cc(C2CC2)[nH]n1,0,1,0.16615844245121453,1340
Cc1ncoc1-c1nnc(SCCCN2CCc3cc4nc(CC5CC5)oc4cc3CC2)n1C,1,7,0.7344209505054494,1341
COc1cc(N2C(=O)N(c3ccc(-c4coc(C(=O)O)c4)cc3)C(=O)C23CCN(Cc2ncccc2C)CC3)ncn1,0,7,0.2599911158649032,1342
CCS(=O)(=O)c1ccc([C@H](CC(=O)NC)C(=O)Nc2ccc(C(O)(C(F)(F)F)C(F)(F)F)cc2)cc1,0,2,0.045454747597537,1343
CC(C)(C)NC(=O)C1c2ccccc2C(=O)N1Cc1ccc(F)cc1-c1ccccc1,0,8,0.024326467604841865,422
COc1ccc(S(=O)(=O)Nc2c(C)cc(C)cc2C)cc1,0,10,0.27009439004319613,1344
O=C(CNc1noc2ccc(C(F)(F)F)cc12)NC1CN([C@H]2CC[C@@H](c3cncs3)CC2)C1,1,1,0.3419125861799356,1345
O=C(O)c1cccc(C2CCN([C@@H]3C[C@H]4OCC[C@@]4(C(=O)N4COc5ccc(C(F)(F)F)cc5C4)C3)CC2)c1,0,1,0.2902450737623763,1346
CC(=O)Nc1c(F)cc(C(=O)N[C@H]2CC[C@H](O)CC2)cc1O[C@@H](C)c1ccccc1,0,6,0.12038486182412743,1347
COC(=O)N1CCC2(CC1)C[C@H](Nc1ncnc3c1nnn3[C@@H]1C[C@@H](COS(N)(=O)=O)[C@@H](O)C1)c1ccccc12,0,9,0.10979610510841598,1348
OC(c1cn2ccnc2cn1)c1cc(-c2ncnc3cc(N4CCOCC4)ccc23)c(F)cc1F,0,10,0.009849392626932916,1349
CC(C)CNC(=O)c1cn(-c2cccc(Br)c2)c2ncccc2c1=O,0,9,0.1962460005702437,1350
COc1ccc(-n2cnc3c(-c4ccccc4)csc3c2=O)cc1,0,2,0.28015078506421554,398
CCN(CC)C(=O)c1ccc(C2=CC3(CCN(C(C)=O)CC3)Oc3ccccc32)cc1,0,6,0.4158760864440837,151
COc1cnc2ccc(=O)n(CCN3CC[C@@H](NCc4ccc5c(n4)NC(=O)CO5)[C@@H](OC)C3)c2c1,0,9,0.03176864143120625,157
Cc1noc(CNC(=O)c2ccc(C)c(S(=O)(=O)Nc3ccc(-c4cnco4)cc3)c2)n1,0,6,0.08179082831810865,1351
Fc1ccc(-c2c[nH]c([C@H]3Cc4c([nH]c5ccccc45)[C@@H](C4CCOCC4)N3)n2)cc1,1,10,0.9984180038532484,535
CN1C[C@@H]2C[C@H]1CN2c1ccc(-c2ccccc2)cn1,1,10,0.7807181852290933,1352
Cc1c(Br)c(Br)c2c3c1nc(N1CCNCC1)n3CCC2,1,5,0.3137039807735592,1353
COc1cnc2c(CCC34CCC(NCc5ccc6c(n5)NC(=O)CO6)(CC3)CO4)ccnc2c1,1,7,0.9384711611766237,265
N#Cc1ccc(Cn2cncc2CC[C@H]2CCN(Cc3cccc(Cl)c3)C2=O)cc1,1,6,0.6964521563572057,1354
COC(=O)N(C)c1c(N)nc(-n2nc(Cc3ccccc3F)c3cc(F)ccc32)nc1N,0,6,0.07205052251589279,458
CS(=O)(=O)c1ccc(-c2noc([C@@H](CC3CC3)[C@H](N)C(=O)N3CC[C@H](F)C3)n2)c(F)c1,0,4,0.10113287979897434,1355
CCOC(=O)C1CCN(CCCCOc2ccc(S(=O)(=O)NC(=O)Nc3ccccc3)cc2)CC1,0,1,0.07197811575298765,1356
c1ccc2c(N3CCN(CCCOc4ccc5c(c4)CNC5)CC3)cccc2c1,1,4,0.9246867095212346,1357
Cc1cccc(-c2nn3c(c2-c2ccc4ncnn4c2/C=C/C(N)=O)CCC3)n1,0,2,0.13780117959093222,1358
CC(C)(O)[C@H]1CC[C@H](Nc2ccn3ncc(-c4cccc(C(F)(F)F)c4)c3n2)CC1,0,3,0.2408547735753158,263
Cc1nc(C)n(CC(=O)N2CCN(c3sc(C(F)(F)F)nc3-c3cnc(OC(C)C)nc3)C[C@H]2C)n1,0,8,0.1571163288935284,115
NCc1ccc(F)c(C2CCN(C(=O)c3cc(C(N)=O)cc(-c4nc(-c5cccs5)no4)c3)CC2)c1,0,1,0.32757052409039084,1159
CNC(=O)c1cnc(N)c(O[C@H]2CN(C(=O)Cc3ccc(OC(F)(F)F)cc3)CC2(F)F)c1,0,3,0.06585268553276012,1359
Nc1nc2ccc(OC(F)(F)F)cc2s1,0,4,0.1002188331247006,1360
Cc1cc(N2CCc3c(c(C)nn3CC34CCC(N5CCOCC5)(CC3)CC4)C2)c2cnn(C)c2n1,0,10,0.04293925837781168,1361
COc1cc2nnc(C(N)=O)c(Nc3ccc(C)cc3F)c2cc1N1CCC(N(C)C)CC1,0,6,0.04584557938968053,1362
OCc1csc([C@@H](O)c2cc(-c3ncnc4cc(N5CCOCC5)ccc34)c(F)cc2Cl)n1,0,8,0.024753232676697042,257
Cc1nccn1Cc1cn(-c2cccc(S(C)(=O)=O)c2)nn1,1,7,0.5570216494296745,23
COC(=O)c1ccc(Sc2ccc(NC(=O)c3ccc(C(=N)N(C)C)cc3)c(C(=O)Nc3ccc(Cl)cn3)c2)cc1,1,3,0.7777337905458787,1363
C[C@@H]1CN(C(=O)[C@H]2CN(C3CCC3)C[C@@H]2c2ccc(F)cc2F)C[C@H](C)[C@@]1(O)c1ccccc1,1,9,0.7276735390000353,1364
COc1nn(-c2cnccn2)cc1C(=O)Nc1cccc(-c2nncn2C(C)C)n1,0,4,0.04880303334301117,1365
COc1ccc(-c2cc(-c3ccc(S(=O)(=O)N4CCN(C)CC4)cc3)cnc2N)cn1,0,3,0.0819331569523218,1366
COc1cccc(S(=O)(=O)N2CCC3=Cc4c(cnn4-c4ccc(F)cc4)C[C@]3(C(=O)c3ccccn3)C2)c1,0,3,0.32832736875112645,71
OC(c1cc(-c2ncnc3cc(N4CCOCC4)ccc23)c(F)cc1F)c1cccc2nncn12,0,5,0.008822824682396736,1367
CC(C)C[C@](C)(N)COc1ccc(-c2ccnc(C(F)F)c2)c2nccn12,0,2,0.29447958896606935,1368
CCc1c(-c2ccc(N3CCC(N(C)C)C3)cc2)[nH]c(=O)c2c(=O)[nH]sc12,0,8,0.19227456867510329,1369
O=c1ccc2cccc(OC[C@@H](O)CN3CCC4(CC3)Cc3cc(Cl)ccc3O4)c2[nH]1,1,10,0.6843408963500971,1370
CCN(CC)c1ccc2cc(C(=O)NCCCCN3CCC(Nc4nc5ccccc5n4Cc4ccc(F)cc4)CC3)c(=O)oc2c1,1,2,0.5129033402127142,1371
COc1cnc2ccc(=O)n(CCN3CCC(NCc4cnc(C)c(C#N)c4)CC3)c2c1,0,10,0.036126428100900713,1372
Cc1ccc(NCc2ccnn2-c2nnc(N3CCC(C(=O)N[C@H]4CCCC[C@H]4C)CC3)s2)nc1,0,4,0.13166637742109316,1373
CNc1nccc(-c2n[nH]c3nc(N4CCC5(CC4)CO[C@@H](C)[C@H]5N)n(C)c(=O)c23)c1Cl,0,7,0.2538584451352801,1374
Cc1nc(NC(=O)NCCc2cn(CC(F)F)cn2)sc1C#Cc1cccnc1,0,5,0.14037723351777462,1375
CS(=O)(=O)Nc1ccc2ccc3ncc(-c4ccccc4)cc3c(=O)c2c1,1,8,0.19594852484391892,1376
O=C(N[C@H]1CCN(C2CCCCC2)C[C@@H]1C(=O)NCCc1ccccn1)c1cc(-c2ccc(F)cc2F)on1,1,6,0.119927945649935,1377
COc1cc(Oc2c(-c3cc(F)c(F)cc3C(C)(F)F)sc3c2ccc2[nH]ncc23)ccc1NC1CN(CCCF)C1,0,9,0.31937418660684286,1378
CCOc1cc([C@H](c2cc3cc(C#N)ccc3nc2OC)[C@@](O)(CCN(C)C)c2cc(OC)nc(OC)c2)cc(OC(C)C)n1,0,6,0.029540926621715483,1379
FC(F)(F)c1noc(-c2ccc(CCN3CCC(Nc4nc5ccccc5[nH]4)CC3)cc2)n1,1,8,0.8361649393419505,999
CC(C)(C)C1(C)Cc2c(CN3CCC4(CC3)CCN(C(=O)c3ccc(N)cn3)CC4)cccc2O1,0,9,0.2640049620549849,1380
COc1cc(CC[C@@H](C)N2Cc3cc4c(cc3C2)OCO4)ccc1O,1,1,0.6758836186112572,295
CCOc1cc(CN2CCC(COc3cccc4cccnc34)CC2)cc(OCC)c1-c1ccc(F)cc1,1,4,0.7078729154936667,1381
O=C(Nc1ccc(-c2nnc(NCCCCN3CCCC3)o2)cc1)c1ccccc1F,0,1,0.020419622472667348,1382
CCOC(=O)C1=C(CN2CC(C)(C)OC[C@H]2C(=O)O)NC(c2nccs2)=N[C@H]1c1ccc(F)cc1Br,0,8,0.04432213223570694,754
CC(C)c1ccc(-c2cc(CN3CCOCC3)nn2C2CCC2)cc1,0,9,0.24555170496143267,1383
CC1(C)OC2(CCN(CCc3ccccc3)CC2)CN(c2ccccc2)C1=O,1,2,0.8843472359978374,224
CC(C)C[C@H](NC(=O)[C@H](CCN)NC(=O)[C@H](CC(=O)O)NC(=O)[C@H](CCC(=O)O)NC(=O)CCCCNC(=O)c1ccc(Oc2ccc(C(N)=O)cc2)cc1)C(=O)N(C)[C@@H](CCC(=O)O)C(=O)N1CCC[C@H]1CC(N)=O,0,7,0.1943961796463312,1384
CCc1nc(-c2cnc(N)c(OC(F)(F)F)c2)c2ccc(C3(N4CCOCC4)CC3)cn12,0,7,0.250277434896239,1385
CC1(C)CC(Oc2ccc(-c3ccc(-n4cccn4)cc3O)nn2)CC(C)(C)N1,1,3,0.23194164464479097,1291
O=C(NC1CCN(Cc2ccc3c(c2)OCO3)CC1)c1cc(=O)c2ccc(F)cc2o1,1,3,0.9435108078487375,481
C[C@@H]1CC(=O)N[C@@]2(C)CC[C@@H]3c4ccc(OCCCN5CCC[C@H]5C)cc4CC[C@H]3[C@H]12,0,4,0.1070432130874273,429
COc1ccccc1Oc1ccccc1CN1CCC2(CC1)CCN(C(=O)c1ccc(Cl)cc1)CC2,1,8,0.8565147243074961,852
CCN(CC)CCCCNc1nnc(-c2ccc(NC(=O)c3ccccc3F)cc2)o1,0,1,0.07759163387838632,1386
O=C([C@@H]1C[C@H]1c1ccc(C(F)(F)F)cc1)N1CCN(S(=O)(=O)c2cc(-c3ccn[nH]3)cc(C(F)(F)F)c2)CC1,1,6,0.7553972997785675,1387
Cc1cc(COc2nc(N)nc3ccn(Cc4ccccn4)c23)no1,0,5,0.2398115076132653,1388
COc1cnc(C(=O)Nc2ccc3c(c2)[C@@]2(COC(N)=N2)C2(CC2)C(C)(C)O3)cn1,0,4,0.03306802048647398,1389
COc1cc(OC2CN(CCCF)C2)ccc1[C@@H]1c2ccc3[nH]ncc3c2C[C@@H](C)N1CC(F)(F)CO,1,5,0.8339922905166944,1390
COc1ccc([C@]2(O)CC[C@H](N3CC(NC(=O)CNC(=O)c4cccc(C(F)(F)F)c4)C3)CC2)cn1,0,8,0.007534573847269327,1391
OC(c1ccc(F)c(-c2ncnc3cc(N4CCOCC4)ccc23)c1)c1nccn2ncnc12,0,10,0.015952549540449085,1392
COc1cc(F)ccc1-c1cnc2sc(N3CCC(O)(CN)CC3)nn12,0,7,0.005624119584698994,748
Cc1nnc(-c2ccc3c(c2)c(-c2nc4c(-n5cc(CN(C)C)c(C)n5)ccnc4[nH]2)cn3C)o1,0,4,0.20769636047626652,1393
COc1cc(-c2cn([C@H]3C[C@@H]([Si](C)(C)C)CCN(Cc4ccccc4)C3=O)nn2)ccc1-n1cnc(C)c1,0,8,0.6844933379053925,1394
COc1cc2c(NC3CCC34CCN(C)CC4)cc(-c3ccc(C)o3)nc2cc1OCCCN1CCCC1,0,5,0.11856363633898176,1395
Cc1nc(C(O)c2cc(-c3ncnc4cc(N5CCOCC5)ncc34)cnc2F)sc1C,0,9,0.03723595952165111,854
CC(CC(=O)O)c1cccc(-n2c(C(N)=O)cc3ccc(OC(F)(F)F)cc32)n1,0,5,0.19168917193277207,1396
Cc1cc(CN2C[C@H](N)[C@H](C(=O)C3CCC[C@H]3C#N)C2)ccc1C#N,0,10,0.10910288081856713,1397
O=C(c1ccc2cc(Oc3ccc(C(F)(F)F)cn3)ccc2n1)N1CC[C@H](F)C1,0,10,0.08013699443134727,1398
COc1ccc(C(O)c2cc(-c3ncnc4cc(N5CCOCC5)ccc34)c(F)cc2F)nn1,0,2,0.0,465
COc1ncc2cc1NS(=O)(=O)c1cccc(c1)C(=O)NCCn1cc(cn1)-c1cnn3ccc-2nc13,0,10,0.07855745069470077,1399
O=C1COc2cc(OC(=O)c3ccccc3)c(CNC34CCC(C[C@]5(O)Cn6c(=O)ccc7ncc(F)c5c76)(CC3)OC4)nc2N1,0,6,0.25655810829336817,1400
CN(C)C(=N)c1ccc(C(=O)Nc2ccc(Cl)cc2C(=O)Nc2ccc(Cl)cn2)cc1,1,3,0.6844908257273451,1401
COc1ccc2ncc(F)c(CCCN3CCN(CCCc4ccccc4)C[C@@H]3C(=O)O)c2c1,0,7,0.21023024465435114,1402
FCCCN1CC(Nc2ccc([C@@H]3c4ccc5[nH]ncc5c4C[C@@H](C(F)F)N3CC(F)F)nc2)C1,1,5,0.8740367948859566,420
COC1=C[C@@H]2[C@@H]3Cc4c(COC(=O)/C=C/c5ccccc5)cc(OC)c(OC(=O)/C=C/c5ccccc5)c4[C@]2(CCN3C)CC1=O,0,9,0.2385741840126857,1403
COc1cccc(N2CCN(C3=Nc4c(F)cccc4[C@H](CC(=O)O)N3c3cc(C(F)(F)F)ccc3OC)CC2)c1,0,6,0.2306032985620728,1404
O=C([C@H]1CNCC[C@]1(O)c1ccc(F)c(F)c1)N(Cc1cccc(Cl)c1Cl)C1CC1,1,7,0.5790450568520915,1189
CCc1nn(C)c2cc3c(cc12)CCN(CCCSc1nnc(-c2cccc4nc(C)ccc24)n1C)CC3,1,1,0.8431000528678126,1405
CCNC(=O)c1ccc(C2=CC3(CCNCC3)Oc3ccccc32)cc1,0,3,0.25075697480728903,151
Cc1nc(-n2cnnn2)ccc1[C@@H](O)CN1CCC2(CC1)CCN(c1ccc(=O)n(C)n1)C2=O,0,7,0.10009833921742899,1406
COCCCc1cc(CN(C(=O)[C@H]2CNCC[C@@]23OC(=O)c2ccccc23)C2CC2)cc(OCCOC)c1,0,8,0.15787510211538283,1407
CC(C(N)=O)[C@@]12CC(F)(F)[C@@H](C)[C@H](/C=C/c3ccc(-c4ccccc4C#N)cn3)[C@@H]1[C@@H](C)OC2=O,0,5,0.03227098655409049,277
CC(C)Oc1cc(-c2cncc(-c3cnn(C4COC4)c3)c2)ccc1C(N)=O,0,8,0.1567543052051624,1408
CCC(=O)CCCCC[C@H](NC(=O)[C@H]1CC12CCN(CC)CC2)c1ncc(-c2cc3ccc(C)nc3cc2OC)o1,0,9,0.021704480009608475,1409
O=C(NCc1ccc(OC(F)(F)F)c(Cl)c1)c1ccc(S(=O)(=O)Nc2ncns2)c(F)c1,0,8,0.08520770457791581,1410
N#Cc1ccc(N2N=C(c3ccc4[nH]c(=O)oc4c3)C[C@@H]2c2ccc(F)cc2)cc1,1,4,0.22894876854102938,1411
CC[C@@H]1C(=O)N(C)c2cnc(Nc3cc(N4CCN(C)CC4)ccc3OCCCO)nc2N1C1CCCC1,0,8,0.13600026276029878,1412
COc1cnc(-c2c(F)ccc(F)c2CCNC(=O)c2ccc(COCC(F)(F)F)nc2)cn1,0,7,0.05394448768302586,947
O=C(/C=C/c1ccc2c(c1)CN(S(=O)(=O)c1cccc(C(F)(F)F)c1)C2)NO,0,1,0.04565195867177538,917
C[C@H]1[C@@H](CC(=O)Nc2ccc(Cl)c(-c3ccccn3)c2)O[C@@H]2O[C@@]3(C)CC[C@H]4[C@H](C)CC[C@@H]1[C@@]24OO3,0,5,0.28606847543317165,1413
CNCCC(Oc1cccc2c1OCO2)c1ccccc1,1,2,0.43889875042118964,1414
Cc1c(OCCNCCCF)ncnc1[C@@H]1c2[nH]c3ccccc3c2C[C@@H](C)N1CC(F)(F)CO,0,8,0.15472840963619391,1415
COc1cc(/C=C/c2nc(N)c3c4c(sc3n2)CCCCC4)ccc1-n1cnc(C)c1,1,9,0.534965745324953,1416
Cc1ccc(-c2cc3nccnc3c(NCCCCN)n2)cc1,0,8,0.17006071050485383,1417
C[C@@]1(c2cc(CNCC(F)F)c(F)cc2F)CCSC(N)=N1,0,7,0.08441887338991784,962
C[C@@H]1Cc2c([nH]c3ccccc23)[C@@H](c2c(Cl)ccc(OCCNCCCF)c2F)N1C[C@H](C)C(=O)O,0,2,0.07130228504509707,477
O=C(c1ccc(Cl)c(C(F)(F)F)c1)N1CCN(c2cc(=O)[nH]c(=O)n2Cc2ccc(OS(=O)(=O)c3cccc4cnccc34)cc2)CC1,0,8,0.2426377483060374,1418
COc1ccc2nccc(OC[C@H]3CC[C@H](NC(=O)c4cc(F)c(Cl)c(F)c4)CC3)c2n1,0,3,0.21673839767794664,1419
Cn1nnc(C[C@H]2CN(C3CCN(c4nnc(N)[nH]4)CC3)[C@@H](Cc3ccc(Cl)cc3)CO2)n1,0,6,0.1036484526232475,1420
Nc1nc2cc3c(cc2s1)CCN(Cc1ncon1)CC3,0,6,0.07951634027458616,1421
O=C(C1CC1)N1CCc2c(sc3c2c2ncnn2c(=O)n3Cc2ccc(Cl)cc2)C1,1,10,0.4211445449663901,1422
OC(c1cccnc1-c1cccc(Cl)c1)C(c1cccnc1)c1cccnc1,0,7,0.07198030181775893,1423
[2H]C([2H])([2H])NC(=O)c1cnc(NC(=O)C2CC2)cc1Nc1cccc(-c2ncn(C)n2)c1OC,0,6,0.038441254258099536,1424
CNC(=O)c1cnc(NC(=O)C2CC2)cc1Nc1cccc(-c2ncn(C)n2)c1OC,0,9,0.022643028083949402,1424
CC(C)Oc1cc(-n2cnc3ccc(N[C@@H](C)c4ccc(F)cn4)nc32)n[nH]1,0,2,0.13153487092991606,706
Cc1c(CCN2CCN(C(=O)Cc3cncc(-n4cnnn4)c3)CC2)ccc2c1COC2=O,0,3,0.03562938315595484,1425
CC(O)(c1ccc(CN2CCC3(CC2)OCc2cc(F)ncc23)cc1)c1ccc(F)c(F)c1,1,4,0.7653866567272082,1426
Cc1ncoc1-c1nnc(SCCCN2CC3CCN(c4ccc(F)cc4)C3C2)n1C,1,4,0.9809690711540033,1427
CNC1CN(c2nc(N)nc3cc(C(C)C)cnc23)C1,0,10,0.12477531568905598,1294
O=c1cnc2ccc(F)c3c2n1C[C@H]3CN1CCC(NCc2cc3c(nn2)OCCO3)CC1,0,3,0.09284608867014094,1428
Cc1c(OCF)ccc2c1C(=O)N(Cc1ccccc1-c1ccccc1)C2C(=O)NC(C)(C)C,0,6,0.06860480110985144,422
Cc1c(O)ccc2c1C(=O)N(Cc1ccccc1-c1ccccc1)C2C(=O)NC(C)(C)C,0,8,0.020124905030724206,422
COc1ccc2nccc([C@@H](O)CC[C@@H]3CCN(C4CC(c5c(F)cccc5F)C4)C[C@@H]3C(=O)O)c2c1,0,5,0.04818229869042865,418
N#Cc1c(N)ncnc1N1CCC[C@H]1c1nc2cccc(C#CCCCC(=O)N3CCOCC3)c2c(=O)n1-c1ccccc1,0,5,0.1636093316185126,1429
CC(C)(C)NC(=O)C1c2ccc(C#N)cc2C(=O)N1Cc1ccccc1-c1ccccc1,0,5,0.053233153174139305,422
COc1cc(N2CCN(C(C)=O)CC2)ccc1Nc1ncc(Cl)c(-c2cnn3ccccc23)n1,0,6,0.0374925319748949,1430
Nc1nnc(N2CCC(N3C[C@H](CN4CCC(F)(F)CC4)OC[C@@H]3Cc3ccc(Cl)cc3)CC2)[nH]1,0,2,0.05367553296843012,1431
COc1ccc2ncc(F)c(CC(N)C34CCC(NCc5ccc6c(n5)NC(=O)CO6)(CC3)CO4)c2n1,0,1,0.20018711996667063,265
CC(C)c1noc(N2CCN(c3ncc(OCc4ccncc4C#N)cn3)[C@H](C)C2)n1,0,4,0.09630865273407631,1432
O=c1cc(Cn2c(C3CCC3)nc3nccnc32)c2cccc(F)c2[nH]1,0,4,0.15758954049947582,1433
CC(=O)OCC(=O)NC1CCN(Cc2ccc(Oc3nc4ccccc4s3)cc2)CC1,0,8,0.21487094340157592,591
N#Cc1ccc2[nH]cc(CCCCN3CCN(c4ccc(C(=O)CCC5CCN(Cc6ccccc6)CC5)cc4)CC3)c2c1,0,5,0.5935907412590595,1434
O=C(O)CC1CCC2(CCN(c3ccc(-c4nc5cc(C(F)(F)F)ccc5[nH]4)cn3)CC2)O1,0,10,0.12406601256754261,1435
Fc1ccc(-c2c[nH]c([C@H]3Cc4c([nH]c5ccccc45)[C@@H](C4CCOCC4)N3)n2)c(F)c1,1,1,0.9190805977940092,535
Nc1nnc(N2CCC(N3C[C@H](O)CC[C@@H]3Cc3ccc(Cl)cc3)CC2)[nH]1,0,5,0.024223335861406507,1436
O=C(CCCc1c[nH]nn1)NC1CCN(C(=O)OCc2cc(Cl)cc(Cl)c2)CC1,0,9,0.21212253534825984,1437
Nc1n[nH]c(N2CCC(N3CC(=O)NC[C@@H]3Cc3ccc(Cl)cc3)CC2)n1,0,7,0.11739181950019656,1438
CCCN(C(=O)c1cccc(Cl)c1Cl)[C@H]1CCNC1,0,1,0.052701047065373874,363
CCn1c([C@@H](C)NS(=O)(=O)c2ccc(C#N)nc2)nc2cnc(C(F)(F)F)cc21,0,5,0.06253553979550491,1439
CC(F)(F)c1cc(-n2cc(Cn3ccnc3N)nn2)ccc1Cl,1,8,0.8529887088030969,23
COc1ccc(-c2ccc(CO[C@H]3C[C@@H](N=C=S)C3)nc2)cc1F,0,3,0.3945378683590485,1440
CCc1ccccc1Oc1cc(C)ncc1CN(C)C,0,10,0.33143936339333974,1441
Cc1csc([C@@]2(CN)[C@@H]3CCN(c4cnc5c(-c6ccn7nccc7c6Cl)n[nH]c5n4)C[C@@H]32)n1,1,5,0.673842325794586,1442
Cc1cc(-c2c(Cl)cc(Cl)cc2OCCCC(F)(F)F)nc(N)n1,0,2,0.458900255948661,1443
O=C(COc1ccc(C(=O)c2cc(Cl)ccc2Br)cc1)Nc1ccncc1,1,9,0.9007511748421511,849
CCn1ccc(Cn2cc(-c3ccc(F)c(C(F)F)c3)cn2)n1,1,7,0.9319389880345385,59
Cc1ncc(-c2cc(NC(=O)c3ccc(OCc4ccccn4)cc3)c(C)cc2C)[nH]1,0,8,0.16459731603780633,1444
CO[C@@H](C)c1c(NC(=O)Nc2cnc(-n3nccn3)c(Cl)c2)cnc2cc(Cl)nn12,0,2,0.0920299694724779,1445
O=C1COc2ccc(CNC34CCC(CCc5c(F)cnc6ccc(OCC7(O)COC7)nc56)(CC3)OC4)nc2N1,0,8,0.37620422921585156,1446
CO[C@@H]1C[C@@H]2CN(c3c(F)cc4cc(C(=O)O)c(=O)n5c4c3OC[C@@H]5C)C[C@@H]2[C@H](N)C1,0,8,0.019329429934803015,1447
O=C(NC(=S)Nc1ccccc1)c1cc(-c2ccccc2)nc2ccccc12,1,9,0.6124689172558715,1448
CC(c1ccccc1)N1C(=O)c2ccccc2C1C(=O)NC(C)(C)CO,0,6,0.05553559094003253,1449
COc1ccc(-c2nnc(C(=O)N3CC(Oc4ccc(CN(C)C)cc4)C3)o2)cc1,0,7,0.07982434416848859,821
Cc1cccnc1C(O)c1ccc(F)c(-c2ncnc3cc(N4CCOCC4)ccc23)c1,0,7,0.00955154271993795,1450
O=C(Nc1ccc([C@H]2CNCCO2)cc1)c1ccnc(Cl)c1,0,6,0.08720682175627344,123
CO[C@H]1C[C@@H](n2c(=O)n(C)c3cnc4cc(F)c(-c5ccc(OCCCN(C)C)nc5F)cc4c32)C1,0,5,0.09778036046765655,94
Cc1nccnc1[C@@H](O)c1ccc(F)c(-c2ncnc3cc(N4CCOCC4)cc(F)c23)c1,0,3,0.019995668868081497,247
CC(C)(C)C(=O)N1CCC(c2ccc(C(=O)NC(=N)N)cc2C(F)(F)F)CC1,0,5,0.08723972211804304,470
CCOP(=O)(Cc1cnc(NC(=O)c2cc(Oc3ccc(S(C)(=O)=O)cc3)cc(O[C@@H](C)COC)c2)cn1)OCC,0,8,0.06521268112447295,1451
CS(=O)(=O)Nc1ccc(OC[C@@H](O)CN(CCc2ccc(Cl)c(Cl)c2)Cc2cccc(O)c2)cc1,1,4,0.8148262875803427,1452
COc1ccc([C@]2(O)CC[C@H](N3CC(NC(=O)CNC(=O)c4cccc(C(F)(F)F)c4)C3)CC2)nc1,0,8,0.050956282973442436,1453
O=C1N2C[C@@H](CC[C@H]2F)N1OS(=O)(=O)[O-],0,5,0.11063229236570069,1454
Cc1onc(C(=O)N2[C@@H]3CC[C@H]2C[C@@H](Nc2cc(=O)n(C)c4cc(F)c(F)cc24)C3)c1C,0,7,0.17178878524781735,1455
CC[C@]1(c2cccc(NS(C)(=O)=O)c2)[C@@H]2CN(CC3Cc4ccccc4C3)C[C@@H]21,1,10,0.5417355534143996,1456
Cc1cc(-c2n[nH]c3cc(NC(=O)N[C@H](C)c4ccccc4)ncc23)ccn1,0,8,0.108314227635594,1457
COC(=O)c1ccccc1-c1ccc(CN2CCC(COC(=O)c3c4n(c5ccccc35)CCCO4)CC2)cc1,1,8,0.3225844692667134,1458
O=C([C@@H]1CCCCN1)N1CCN(c2nc(NCc3ccc(Cl)cc3Cl)c3cccnc3n2)CC1,0,1,0.24762773067817553,1459
c1ccc2c3c([nH]c2c1)C(C1CCCCC1)N[C@@H](c1nc(-c2ccncc2)c[nH]1)C3,1,6,0.9164743833636863,1460
COc1cc([C@@H](C)C(=O)N2CC[C@@]3(COc4cc(-c5ncccn5)c(C)nc4N3)C2)c(F)cn1,0,1,0.09398140146585836,1461
CCC1=C(N2CCC3(CCN(C[C@H](O)c4ccc5c(c4C)COC5=O)CC3)C2=O)COC1=O,0,6,0.05296067137250407,1462
CC(=O)Nc1cc(Nc2cc(NC3CC3)n3ncc(C#N)c3n2)ccc1C,0,6,0.026533888773259455,1203
CC(=O)Nc1cccc(N2CCN(CCCCNS(=O)(=O)c3ccc(C)cc3)CC2)c1,1,1,0.2778980657065708,1463
NC(=O)c1cc(Cl)c2cc(-c3cc4c(s3)CNCC4)cnn12,0,2,0.1431843285925623,1464
COC(C)(C)CC#Cc1c(Cl)c2c(Cl)cc(C(N)=O)nc2n1[C@H]1CCCNC1,1,1,0.853840213862688,1117
c1cc2c(s1)[C@@H]1CNCCN1CC2,0,1,0.11528231491068659,1465
C[C@@H]1CN(c2sc(CO)nc2-c2nc3ccccc3[nH]2)CCN1C(=O)Cn1cnc2cccnc21,0,10,0.5292969298320139,312
CS(=O)(=O)Nc1ccc(OC[C@@H](O)CNCCc2ccc(Cl)c(Cl)c2)cc1,1,3,0.6574193872220174,538
CNC(=O)c1cn(C[C@H](F)CCc2ccc(NC(=O)Cc3cc(OC4CC(F)(F)C4)cc(C)n3)nn2)nn1,0,10,0.18608334137298171,1466
CCc1nc(-c2cnc(N)c(OC(F)(F)F)c2)c2ccc([C@H]3COCCN3C)cn12,0,6,0.27210546982278017,1467
N#Cc1cc(F)cc(-c2nc(-c3ccccn3)no2)c1,0,1,0.18063525419987259,1468
Cc1c(OC2CCN(CC3CCN([C@@H](Cc4ccc(F)cc4)C(=O)O)CC3)CC2)ccc(C#N)c1Cl,0,3,0.216224613349288,234
OC(c1cc(-c2ncnc3cc(N4CCOCC4)ccc23)ccc1F)c1cccc2nncn12,0,2,0.016188780444373118,1367
CC(C)[C@H](Oc1ccc(CNC(=O)[C@@H]2CCCN2C(=O)C[C@H](N)Cc2cc(F)ccc2F)cc1)C(=O)O,0,4,0.14123202903933293,374
O=C1N(CCN2CCCC(OCc3ccccc3)C2)CCN1c1cccc(Cl)c1,1,10,0.7864241875097654,1469
CCc1ncc(-c2cc(-c3ccc(C(=O)O)cc3C)ccc2OC)c(CN2C(=O)O[C@H](c3cc(C(F)(F)F)cc(C(F)(F)F)c3)[C@@H]2C)n1,0,8,0.05325963152611359,1155
COc1cc(-c2cn([C@H]3C[C@@H](C(F)(F)F)CN(CC(F)(F)F)C3=O)nn2)ccc1-n1cnc(C)c1,0,8,0.38437081559683944,1470
C[C@@H](c1ncccc1F)c1c(CCN(C)C)sc2ccccc12,1,1,0.7323582726078134,1471
CCC[C@@H]1c2nnc(-c3nc(C)ns3)n2CCN1C(=O)c1ccc(F)cc1,0,4,0.08004327820309035,638
OC1(c2cccnc2)CCN(c2ccc3nnc(C(F)(F)F)n3n2)CC1,0,5,0.135739989292849,1472
N#Cc1ccc(CCN2CCN(CCc3ccc4nonc4c3)CC2)cc1,1,3,0.7954892329304264,1473
CCS(=O)(=O)n1cc2c(n1)CN([C@H]1CO[C@H](c3cc(F)ccc3F)[C@@H](N)C1)C2,0,1,0.0514362958492599,1474
CNC(=O)c1ccc(N2CCN(Cc3ccc4nc(CC(F)F)c(=O)[nH]c4c3)CC2)cn1,0,1,0.016340294801469733,891
N[C@@H]1CN(c2ccncc2Nc2ncc3ccc(-c4c(F)cccc4F)nn23)C[C@H](N)[C@H]1O,0,6,0.18534072898293164,634
CNC(=O)c1nc(-c2ccc(Cl)c(S(=O)(=O)Nc3cccc(F)c3F)c2)cnc1N,0,9,0.11258063033779742,1475
OC(c1ccc(F)c(-c2ncnc3cc(N4CCOCC4)ccc23)c1)c1nccnc1OC1COC1,0,2,0.012632542476019956,1476
CCOc1cc(F)c2c(-c3ccc(C(=O)O)c(C(C)C)c3)ncnc2c1,0,7,0.14585824836105424,1477
COCCOC(=O)N1C[C@@H]2C[C@@H](NC3CCOCC3OC)C[C@]2(C(=O)N2CCc3ncc(C(F)(F)F)cc3C2)C1,0,5,0.04123391028720356,182
COc1ccc(CCN2C(=O)N(NS(C)(=O)=O)C[C@H]2c2ccc(OC)cc2)cc1,0,2,0.06514616841011875,723
COc1ccc(Nc2nc(N[C@@H]3CCOC[C@@H]3N)ncc2C(N)=O)cc1,0,1,0.15001319435131974,1478
CC(C)(CCc1ccc(F)cc1)N1Cc2cccc(F)c2C1,1,1,0.6362316979994567,70
O=c1c2cc(-c3ccc(Cl)cc3)cn2ncn1-c1ccc(N2CCC(O)CC2)nc1,0,10,0.1809089274572093,1479
COCC[C@H](Oc1ncnc2c1cnn2-c1ccccc1OC)C(=O)Nc1ccc(C)cn1,0,3,0.020383908783525098,169
Cc1nccnc1C(C(N)=O)c1cc(-c2ncnc3cc(N4CCOCC4)ccc23)c(F)cc1F,0,10,0.005140303879478369,247
COC(=O)N(NC(=O)c1c(CN2CCN(C3CCSCC3)CC2)c(-c2ccccc2)nc2ccccc12)c1ccccc1,1,3,0.7455901073304788,1480
CN1C[C@@H]2C[C@H]1CN2c1ccc(-c2ccc3[nH]ccc3c2)cn1,1,9,0.9234270935790543,1481
CNCC(=O)N[C@@H]1[C@H](O)[C@H](O[C@H]2/C=C/C=C/C=C/C=C/C=C/C=C/C=C/[C@H](C)[C@@H](O)[C@@H](C)[C@H](C)OC(=O)C[C@H](O)C[C@H](O)CC[C@@H](O)[C@H](O)C[C@H](O)C[C@]3(O)C[C@H](O)[C@@H](C(=O)NCCN)[C@H](C2)O3)O[C@H](C)[C@H]1O,0,4,0.14315417614493395,215
COc1ccc2nccc(CCN3CCC(NCc4cc(F)c(Cl)c(F)c4)CC3)c2n1,1,6,0.8683951660040315,1482
O=C(NC1CCc2cc(CCN3CCN(c4nsc5ccccc45)CC3)ccc21)c1cccnc1,1,3,0.9177324652325515,1483
CC1(C)CCN1Cc1cccc(F)c1CNc1cc(F)c(S(=O)(=O)Nc2cscn2)c(F)c1,0,4,0.22165622439877794,1484
COC(=O)N1CCC(C)(CN2CCC3(CC2)CN(S(C)(=O)=O)c2ncccc23)CC1,0,8,0.22300206208091675,1177
COc1cc2nnc(C(N)=O)c(Nc3ccc(C)cc3F)c2cc1C1CCN(CCO)CC1,0,4,0.13285167582520582,1485
CC(F)(F)c1cc(F)c(F)cc1-c1sc2c(ccc3[nH]ncc32)c1Oc1ccc(OC2CN(CCCF)C2)c(F)c1,0,2,0.20469354799287995,1486
O=C([C@@H]1C[C@H]1c1ccc(C(F)(F)F)cc1)N1CCN(S(=O)(=O)c2cc(-c3cn[nH]c3)cc(C(F)(F)F)c2)CC1,1,1,0.8081658163323144,1487
N#Cc1ccc(CCN2CCN(CCc3ccc4c(c3)COC4=O)CC2)cc1OC(F)(F)F,1,4,0.8881439382070507,174
CN1CCN(C)c2nc(CNC34CCC(C[C@]5(O)Cn6c(=O)ccc7ncc(F)c5c76)(CC3)OC4)ccc21,0,8,0.12332641963411345,319
CC1=NC(C)(c2cccc(-c3cccnc3)c2)N=C1N,0,9,0.04321193978715526,1488
Cc1nn(C)cc1-c1ccc2cc(CCN3CCC[C@H]3C)ccc2n1,0,6,0.42624640745722436,682
Cc1cnc(Nc2ccnn2C)nc1-c1cn2c(n1)C(=O)N(Cc1ccc(F)c(F)c1)CC2,0,6,0.10611139035402269,1207
COc1ccc(Cl)cc1-c1ccnc(Nc2ccc(N3CCOCC3)c(OC)c2)c1,0,1,0.3898363895416815,1489
CCOc1ccc(NC(=O)C(C)C)cc1C(=O)NC(C)c1cccc(-c2nccs2)c1,0,9,0.12657721298687075,1490
CN1[C@H](CCc2ccccc2)CCC[C@@H]1CC(=O)c1ccccc1,1,8,0.5565699252943298,1491
O=C(N1CC[C@H](N[C@H]2CC[C@@](O)(c3ccc(-c4ncccn4)cn3)CC2)C1)C1(O)CCN(c2cc(C(F)(F)F)ccn2)CC1,0,1,0.12560383560417773,709
c1ccc(OCc2cccc(COc3ccccc3)n2)cc1,1,1,0.4783645444140641,1492
CONC(=O)/C(=C/n1cnc(-c2cc(C(F)(F)F)cc(C(F)(F)F)c2)n1)c1cncnc1,0,5,0.15425873297366885,1493
COc1ccc([C@H]2CN(CCc3ccc(OC)c(OC)c3)C[C@@H]2CCNC(=O)c2cccc(Cl)c2)cc1,1,1,0.8960515737630692,1494
O=C(N[C@H]1CC[C@@H](C(O)CC2c3ccccc3-c3cncn32)CC1)c1ccccc1,0,10,0.18833569055596971,1495
C[C@@H]1CCCN1CCc1ccc2nc(-c3cnc4c(c3)OCO4)ccc2c1,0,6,0.4133930297531923,1496
CC(C)N(C)[C@@H]1CC[C@H](N2CC[C@H](NC(=O)c3cccc(C(F)(F)F)n3)C2=O)[C@H](CS(C)(=O)=O)C1,0,1,0.049972514392875256,1497
CN(C)CCNCc1ccc(-c2cc3c(N[C@H](CO)c4ccccc4)ncnc3[nH]2)cc1F,0,4,0.1404823445190552,1131
C[C@@H]1CC2c3ccccc3NC2[C@@H](c2c(F)cc(/C=C/C(=O)O)cc2F)N1CC(C)(C)F,0,4,0.20756525702811396,1498
C[C@@H]1Cc2c(ccc3[nH]ncc23)[C@@H](c2ncc(NC3CN(CCCF)C3)cc2F)N1CC(F)(F)CF,1,9,0.9717446817729529,420
Cc1ccc2c(-c3nnc(SCCCN4CCc5ccc6nc(C(F)(F)F)oc6c5CC4)n3C)cccc2n1,1,2,0.960819789629251,1499
COC1COCCC1N[C@@H]1C[C@H]2CN(C(=O)OCCNC(C)=O)C[C@@]2(C(=O)N2CCc3ncc(C(F)(F)F)cc3C2)C1,0,9,0.048588274853464584,182
N#C[C@H]1CCOC[C@@H]1n1cc(C(N)=O)c(Nc2ccnc(F)c2)n1,0,8,0.04001880351187639,1500
N#CC1(NC(=O)[C@@H]2CCCC[C@H]2C(=O)N2CCN(c3ccc(F)cc3)CC2)CC1,0,2,0.07659310678290474,1501
CS(=O)(=O)NCCC(NC(=O)C1(N)CCN(c2ncnc3[nH]ccc23)CC1)c1ccc(Cl)cc1,0,8,0.025689382115804106,667
Cc1ccc(-c2cc3nc(NC4CCC4)[nH]c(=O)c3s2)cc1,0,7,0.26152976467890504,1502
COc1cc(-c2ccc(C#N)cc2)ccc1Oc1cc(N)nc(Nc2ccc(C#N)cc2)n1,0,5,0.3090506906619412,1503
Cn1nccc1[C@H]1CCC[C@@H]1Oc1cc(F)c(S(=O)(=O)Nc2ccncn2)cc1F,0,7,0.024434421594815636,1504
C[C@@H]1CN(C(=O)OC2(C(F)(F)F)COC2)CCN1c1ncc(OCc2ccc(S(C)(=O)=O)cc2F)cn1,0,5,0.04595414688443188,218
CCC[C@@H](CCO)Nc1nc(N)nc2cnn(Cc3ncc(C4CCN(CC#N)CC4)cc3OC)c12,0,2,0.04747772555047043,44
C[C@@H]1CN(c2sc(C(F)(F)F)nc2-c2cnc(C(F)(F)F)nc2)CCN1C(=O)Cn1cnc(C(C)(C)C)n1,1,7,0.8636618066155481,115
Cn1ccc([C@@]2(CN)[C@@H]3CN(c4cnc5c(-c6ccc7nn(C)cc7c6Cl)n[nH]c5n4)C[C@@H]32)n1,0,4,0.13802169930481095,1505
Cc1c(OC(F)F)ccc2c1C(=O)N(Cc1ccccc1-c1ccccc1)C2C(=O)NC(C)(C)C,0,1,0.10700212138975208,422
CC1(C)Cc2c(sc(NC(=O)c3ccn[nH]3)c2C(N)=O)C(C)(C)O1,0,5,0.11169385520672014,1506
CCc1ncn(CC(=O)N2CCN(c3sc(C(F)(F)F)nc3-c3cnc(C(F)(F)F)nc3)C[C@H]2CO)n1,1,3,0.8843118399393429,115
CNCc1ccc(Cl)cc1Oc1ccc(F)c(C(F)(F)F)c1,1,5,0.6112213724155123,604
O=P(O)(O)c1ccc2c(n1)CCNC2,0,7,0.10466984810099933,1507
CNC(=O)c1ccc(C(O)c2cc(-c3ncnc4cc(N5CCOCC5)ccc34)c(F)cc2Cl)nn1,0,2,0.011184634574379869,465
COc1ccc(Oc2ccc(S(=O)(=O)C3(C(=O)NO)CCC4(CCNCC4)C3)cc2)cc1,0,8,0.052602647455303214,1508
Fc1ccc(Cn2c(N3CCC(NCC4CCOCC4)CC3)nc3ccccc32)cc1,1,10,0.7503108521901929,889
CN(C)CCn1cc(-c2ccc(F)c(C(F)(F)F)c2)nc1C1CCN(c2ncnc(N)c2C2CC2)CC1,1,5,0.568034935950042,1509
O=C(COc1cccc(Cl)c1)NC1CCN(Cc2ccn(-c3ccc(C(F)(F)F)cc3)c2)CC1,1,5,0.5925434587777051,1510
COc1cccc(-n2cc3nc(-c4cccnc4C)n(C[C@H]4CCCN(C(C)C)C4)c(=O)c3n2)c1,0,3,0.14338472586416248,552
COc1ccc(Cn2c(N3CCC(N(C)C)CC3)nc3ccccc32)cc1,1,6,0.9248112235331947,286
NC(=O)c1cccc(O[C@@H]2C[C@H]3CC[C@@H](C2)N3CCCc2ccccc2)c1,1,6,0.7800233620973022,1511
CC(C)Oc1cncc(-c2ccc3[nH]nc(C(=O)NCC4CCOCC4)c3c2)c1,1,5,0.08962075427612212,1141
c1cnc2c(NCC3CNCCS3)nc(-c3ccc(N4CCOCC4)cc3)cc2n1,0,5,0.0626539388541333,1512
O=C(CN1CCC1)Nc1cc(F)c2c(c1)CC(CNCCC1CN(c3cnc4c(n3)NC(=O)CO4)C(=O)O1)C2,0,7,0.10756545829689294,1513
CCCn1c(=O)c2[nH]c(-c3cnn(CC#Cc4cccc(OC(F)(F)F)c4)c3)nc2n(CC)c1=O,0,7,0.27740411303982543,1514
Nc1ccnc(Nc2ccc(Oc3ccc(C4CC4)cc3)cc2)n1,1,7,0.6593656490538551,1515
Cn1ccc(COc2cnc3ccc(=O)n(CCN4CCC(NCc5ccc6c(n5)NC(=O)CO6)CC4)c3c2)n1,0,9,0.018147535058902105,1516
Cc1ccc2oc(-c3c4c(N)n[nH]c(=O)c4nn3-c3ccc(NC(=O)/C=C/CN(C)C)cc3)c(C)c2c1,0,10,0.13252410894848088,1517
CS(=O)(=O)c1ccc(-c2cnn3ccc(-c4cccc(S(C)(=O)=O)c4)cc23)cc1,0,2,0.3527155932809002,1518
COC(=O)C1=C(C)NC(C)=C(C(=O)NC[C@H]2CCN(CCc3ccc(Cl)c(F)c3)C2)C1c1cccc([N+](=O)[O-])c1,1,10,0.6831163726767772,1519
O=C1CCCN1C1CCN(CCc2ccc(Oc3nc4ccccc4s3)cc2)CC1,1,3,0.550005053471363,1520
CC(C)(C)COc1ccc2c(c1)[C@]1(COC(N)=N1)c1cc(-c3ccccn3)ccc1O2,1,9,0.4632984987949864,1521
N#Cc1ccc(C(=O)N2CCC3(CC2)N=C(N)c2c(F)ccc(F)c2N3)cn1,1,3,0.08419631452463709,1522
O=C(NC1CCN(Cc2ccc3oc(=O)oc3c2)CC1)c1cc(=O)c2ccc(F)cc2o1,0,6,0.4001283989294692,1523
Cn1cc2cc(/N=c3\[nH]c(=O)n(-c4cccnc4)c(=O)n3Cc3cc(F)c(F)cc3F)c(Cl)cc2n1,0,5,0.12099427944796753,1524
CO[C@@H]1CC[C@H](Cc2ccc(Cl)cc2)N(C2CCN(c3nnc(N)[nH]3)CC2)C1,0,8,0.07862395427691442,1436
CC(C)(C)n1cc(C(O)c2cc(-c3ncnc4cc(N5CCOCC5)ccc34)cnc2F)cn1,0,7,0.027429317242634282,1525
CC1(C)NC(=O)Cn2c1nc(-c1ccc(F)cc1)c2Nc1ccc(F)c(Cl)c1,0,3,0.2939916825476889,1526
CN1CCC(c2nc(-c3ccc(F)cc3)c(-c3ccnc(Nc4ccc(N5CCNCC5)cc4)n3)s2)CC1,0,8,0.3855473123142528,1527
COC[C@H](C)Oc1cc(Oc2ccc(C(=O)N3CCC3)cc2)cc(C(=O)Nc2cnc(C)cn2)c1,0,5,0.04063560276228792,1528
Nc1nccn1CC(O)c1cccc(Cl)c1Cl,0,5,0.12714870448561957,437
Nc1nc(N2CCC3(CC2)Cc2ccc(C(F)(F)F)cc2[C@H]3N)cnc1Sc1ccnc(N)c1Cl,1,5,0.25357499206159595,1529
Cc1cc(Cl)ccc1OC1CCN(C[C@H](O)CNC(=O)c2c[nH]c(=O)c3ccc(S(C)(=O)=O)cc23)CC1,0,3,0.29155457212926184,1530
CCCN(c1cncnc1)P(=O)(c1ccccc1)c1ccccc1,0,9,0.13734365511455876,1531
O=c1cc(OCc2ccccc2F)ccn1-c1ccc(OCCN2CCCC2)cc1,1,7,0.844198745607924,188
CC(=O)N[C@@H]1CC(C)(C)Oc2nc(-c3ccc(Cl)cc3Cl)c(-c3ccc(Cl)cc3)cc21,1,2,0.7110777394757585,737
COc1cccc(/C=C2\SC(=O)NC2=O)c1N1CCC[C@@H](N)C1,0,2,0.042448749904442515,1199
COC(=O)c1ccc2c(c1)NC(=O)/C2=C(\Nc1ccc(N2C(=O)CC[C@@H]2CN2CCN(C)CC2)cc1)c1ccccc1,1,9,0.3261910941975479,1532
c1ccc2c3c([nH]c2c1)[C@@H](C1CCOCC1)N[C@@H](c1nc(-c2ccsc2)c[nH]1)C3,1,6,0.9088953310907326,1533
C[C@@H](Nc1nc2c(cnn2C2CCCC2)c(=O)[nH]1)C(=O)N1CC2(CC(F)C2)C1,0,2,0.10632634641559931,1534
Cc1nc(Nc2cc(N[C@@H]3CCCC[C@@H]3N)cnc2C(N)=O)cc(OCC(C)(C)O)n1,0,10,0.26632546720556094,1535
c1ccc(COc2cccc(-c3nc4sccn4c3-c3ccncn3)c2)cc1,0,4,0.3812513824472017,1086
Cc1nnn(-c2ccc(F)cc2)c1COc1ccc2c(n1)CCN(C(=O)C1CCOC1)C2,0,4,0.0791944076721497,1536
CCN(CC)C(=O)c1ccc(C2=CC3(CCNCC3)Oc3ccccc32)cn1,0,9,0.15986594853608707,1537
CCN(CC)CCOc1ccc(/C(=C(\Cl)c2ccccc2)c2ccccc2)cc1,1,1,0.6137459174938639,1538
Cc1ccccc1C[C@@H](C(=O)O)N1CCC(CN2CCC(Oc3ccc(Cl)c(Cl)c3)CC2)CC1,0,5,0.05854500205119451,234
NC1=N[C@@]2(CO1)c1cc(-c3cccnc3F)ccc1Oc1c2cc(C2CCOCC2)nc1F,0,6,0.03560209424136936,1539
O=c1cc(-c2ccccc2)c2ccc(OCCCCN3CCC(c4noc5cc(F)ccc45)CC3)cc2o1,1,8,0.8078422540013039,1540
O=[N+]([O-])c1ccc(CCN2CCN(CCc3ccc([N+](=O)[O-])cc3)CC2)cc1,1,7,0.9592997168589773,210
C[C@H](CCc1ccc(O)c(OC(C)(C)C)c1)N1Cc2ccc(S(C)(=O)=O)cc2C1,0,6,0.37470744378189624,70
Cc1ccc(OC(=O)N(CC(=O)O)Cc2cccc(OCc3nc(-c4ccc(C(F)(F)F)cc4)oc3C)c2)cc1,0,10,0.06702815132028253,675
COC(=O)COc1ccc(C(O)c2cc(-c3ncnc4cc(N5CCOCC5)ccc34)c(F)cc2Cl)nn1,0,7,0.019672570631168118,465
CCN(C)C(=O)Oc1cc(C(C)N(C)C)cc2cccnc12,0,4,0.2100157258111891,1541
Cc1ncc(-c2ccnc(Nc3ccc(C(=O)N(C)C)cc3)n2)n1C(C)C,0,10,0.09883550391632114,558
Cc1cc(/C=C/C#N)cc(C)c1Oc1nc(Nc2ccc(C#N)cc2)nc2c1CSCC2,0,4,0.4241580897556287,1542
OC(c1cc(-c2ncnc3cc(N4CCOCC4)ccc23)c(F)cc1Cl)c1nccnc1Cl,0,5,0.01507260882838619,247
CN1CCN(c2ccc(-n3cnc(Nc4cnc(C#N)cn4)c3)cc2)CC1,0,4,0.1945807645680395,1543
O=C(c1ccc(-c2ccc3ncc(-c4cc5ccccc5o4)n3n2)cc1)N1CCOCC1,0,7,0.14246329297792915,1544
CC(C)c1ccccc1C(=O)N(C1CCC1)[C@H]1CCNC1,0,4,0.018570230815344056,1545
COC(=O)C(CCC(=O)N(C)CCCc1nc2ccccc2[nH]1)(c1ccc(Br)cc1)C(C)C,0,7,0.399045564563982,1546
Nc1nnc(N2CCC(N3C[C@H](C(=O)NCC(F)F)OC[C@@H]3Cc3ccc(Cl)cc3)CC2)[nH]1,0,9,0.02235725188982083,523
COc1cc2nnc(C(N)=O)c(Nc3ccc(C)cc3F)c2cc1N1CCN(C(C)C)CC1,0,1,0.04684452251271016,812
CC(=O)c1c(-c2ccc(O)cn2)oc2ccc(O)c(CN3CCC3)c12,0,5,0.04352100600214428,1547
C[C@@H]1CCCN1CCc1ccc(-c2ccc(S(=O)(=O)NCc3ccccc3)cc2)cc1,1,6,0.6979781173786105,1548
Cc1nc2ccc(Oc3ccc(F)c4cccnc34)nc2c(=O)n1C[C@H]1CCCN(C(C)C)C1,1,7,0.22036964340562226,933
O=C(N[C@@H]1C[C@H]2CCC[C@@]2(C(=O)N2CCc3ncc(C(F)(F)F)cc3C2)C1)C1CCOCC1,0,5,0.04919158437687597,1549
COCCCc1cc(CN(C(=O)[C@H]2CNCC[C@@H]2c2ccc(OCCOc3c(Cl)cc(C)cc3Cl)cc2)C2CC2)cc(OCCN(C)C)c1,1,5,0.8660772453399689,730
COc1ccccc1Oc1ccccc1CN1CCC2(CC1)CCN(C(=O)c1ccncn1)CC2,1,5,0.6914180656215507,1550
CC(C)CC(=O)N1CCCc2cc(CNC(=O)c3ccsc3)ccc21,0,1,0.26642275431618745,1551
CC1(c2ccc(S(N)(=O)=O)cc2)NC(=O)N(CC(=O)c2ccc(F)cc2F)C1=O,0,1,0.016781051577504844,1552
CCCCc1cc(OC2CCN(CCCCS(=O)(=O)C(C)(C)C)CC2)c2ncccc2c1,1,1,0.9325959339596281,409
CCC(=O)NC1CCc2ccc(CCN3CCN(c4nsc5ccccc45)CC3)cc21,1,6,0.9591817992843283,39
C[n+]1c(C#Cc2ccccc2)cccc1C#Cc1ccccc1,1,10,0.75369380307314,1553
CC(=O)NCCc1ccccc1-c1onc([C@H]2CNCC[C@]2(C(N)=O)c2ccc(F)c(F)c2)c1Br,0,1,0.08978484283162326,925
CCCc1cn(-c2ccc(F)cc2)c2ccc(Cl)cc12,0,6,0.7375372621042041,1554
CCNC(=O)CC[C@@H](CO)N(C)C(=O)c1ccc2c(c1)c1c(n2C)CC[C@@H](C2CCOCC2)C1,0,2,0.0386348798937358,1555
CN1Cc2cc(Cl)ccc2-n2c(nnc2[C@H]2CC[C@H](Oc3ccccn3)CC2)C1,0,2,0.1949068781555885,1556
Cc1c2cccc1NS(=O)(=O)CCCCC[C@H]1CN(CCN1C(=O)C(C)C)C2,0,9,0.11987603340832606,443
CCN1C(=O)CNc2ncc(-c3ccc(-c4nc[nH]n4)nc3C)nc21,0,7,0.10709295368300438,1557
CN(C(=O)c1ccc(-n2cccn2)cc1)[C@@H]1CCN(C2CCC2)C1,0,6,0.1560855809571224,1558
C[C@@H]1CCCN1CCCOc1ccc2c(c1)CC[C@H]1[C@@H]3[C@@H]4C[C@@H]4C(=O)N[C@@]3(C)CC[C@H]21,0,3,0.07938631521706495,1559
O=C(CCCN1CCCCC1)Nc1cc(-c2cncc(F)c2)n[nH]1,0,7,0.22670350183264493,1560
Cn1nccc1[C@H]1CCC[C@@H]1Oc1cc(F)c(S(=O)(=O)Nc2ccncn2)c(F)c1,0,10,0.03574753490251777,1504
O=C(O)c1ccc2nc(Cc3ccc(-c4cccc(OCc5ccc(Cl)c6cc(Cl)oc56)n4)cc3F)n(C[C@@H]3CCO3)c2c1,0,6,0.11372729115448173,1561
CN(C)c1ccc(-c2cc3nccnc3c(NCCCCO)n2)cn1,0,2,0.05385137886052828,1562
O=C(c1cccc(F)c1)N1CCc2oc(-c3ccc(F)cn3)nc2C1,0,6,0.08634731175461993,734
Cc1nc(C)c(C(=O)Nc2ccc(F)c(-c3nc4ncc(-c5ncccc5C)cn4n3)c2)o1,0,8,0.18789053593133734,1563
C[C@]1(CF)C(=N)N[C@](C)(c2nc(NC(=O)c3ccc(C#N)cn3)ccc2F)CS1(=O)=O,0,3,0.08501370448780463,1564
Nc1nc2ccc(S(=O)(=O)Cc3ccccc3)cc2s1,0,2,0.08059875183422224,1240
FC(F)(F)c1ccc2c(Nc3ccc(Cl)nc3)n[nH]c2c1,0,3,0.36889883779899235,1565
CCOc1cc(CN2CCC(c3ncc(-c4ccc(F)cc4)[nH]3)CC2)cc(OCC)c1-c1ccc(F)cc1,1,1,0.7221692577937986,1566
NC(=O)c1cnc(N[C@H](C2CC2)C(F)(F)F)c2c1[nH]c1cc(-c3ccc(N)nc3)ccc12,1,8,0.3787972768913359,1567
O=S(=O)(CC1CC1)NC1CN(c2ccc3c(c2)[C@@H](Cc2ccccc2)[C@@H](N2CCC2)CO3)C1,0,9,0.4373368075748863,1568
Cc1nc(C#Cc2ccnc(Cl)c2)c(C)n1-c1ccc(OC(F)(F)F)cc1,1,7,0.3806464352390356,1569
Cc1c(-c2noc(-c3ccc(OC(C)C)c(C#N)c3)n2)ccc2c1CCN(C(CO)CO)C2,0,1,0.09966687768845606,841
CO/N=C(/c1ccc(CN2CCC3(CC2)OCc2cc(F)ncc23)cc1)c1ccc(F)c(F)c1,1,8,0.8348608215674869,724
Cc1ncoc1-c1nnc(SCCCN2CC3CCN(c4ccc(C(F)(F)F)cc4)C3C2)n1C,1,5,0.9995344714168548,1427
CC(C)(CCc1ccc(O)c(OC(F)(F)F)c1)N1Cc2ccc(S(C)(=O)=O)cc2C1,1,6,0.39314934851560657,70
COc1ccc2ncc(F)c(C[C@H](O)[C@H]3OC[C@H](NC(=O)c4ccc5c(n4)NC(=O)CO5)CO3)c2n1,0,7,0.08272067491286454,1570
Cc1cccc(C(=O)Nc2cccc(NC(=O)c3cccc(C)c3)c2)c1,0,1,0.11903017856007984,1571
CN1C[C@@H]2C[C@H]1CN2c1ncc(-c2ccc3sccc3c2)cn1,1,10,0.8742825831541643,1572
NCC(=O)NCc1cc2cc(CN3CCOCC3)cc3c(=O)c(C(=O)NCc4ccc(Cl)cc4)cn1c23,0,1,0.13929053786593382,1573
Cn1cnc2ncnc(C(O)c3cc(-c4ncnc5cc(N6CCOCC6)ccc45)c(F)cc3Cl)c21,0,4,0.0045871598307025314,1574
CCC[C@@H](CCO)Nc1nc(N)nc2c3ccccc3n(Cc3cc(CN[C@@H]4COC[C@H]4O)ccc3OC)c12,1,4,0.7520434893797786,212
Cc1ccc(C#N)cc1NC(=O)COc1ccc(C(=O)c2cc(Cl)ccc2Br)cc1,1,5,0.8094135727803853,180
CCCC[C@@H](CCO)Nc1nc(N)nc2c1CN(C(=O)c1csc(C)n1)CC2,0,5,0.20508275345507712,1575
COc1cccc2cc3n(c12)CCN(CCCCN1CCn2c(cc4ccccc42)C1=O)C3,1,3,0.6424618920548404,1576
Cn1c(SCCCN2CC[C@]3(C[C@@H]3c3ccc(C(F)(F)F)cc3)C2)nnc1-c1cnccn1,1,10,0.9864105689333476,1577
NC(=O)n1cc(NC(=O)N2CCC[C@H]2C(=O)Nc2cccc(OC(F)(F)F)c2)c2ccccc21,0,1,0.23911835452930083,1578
Cc1nc(-c2cnccn2)sc1-c1ccc2cc(CCN3CCC[C@H]3C)ccc2n1,0,10,0.549812030387642,1579
OC(c1ccc(F)c(-c2ncnc3cc(N4CCOCC4)ccc23)c1)c1nccnc1N1CCCC1,0,2,0.010285591802883732,1580
COc1cc(C(=O)NC[C@@H](O)CN2CCC(Oc3ccc(Cl)c(Cl)c3)CC2)ccc1N,1,5,0.4051112417233987,1581
OCC1(N2CCN(C3CCc4ccc(OCc5noc(-c6ccc(Cl)cc6)n5)cc43)CC2)CCCC1,1,8,0.6964975379497449,1582
Fc1ccc(N2CCN(CCCc3c[nH]c4ccc(F)cc34)CC2)c(-c2ccccc2)c1,0,3,0.8372729603766687,1583
C[C@]1(COc2ccc(OC(F)(F)F)cc2)Cn2cc([N+](=O)[O-])nc2O1,0,4,0.18354652707382024,1584
O=C(O)[C@]12C[C@H]1CN(C1CC[C@]3(Cc4ccccc4Cc4ccccc43)C1)C2,0,5,0.20731250310869723,1585
Cc1ccc(NC(=O)NS(=O)(=O)c2ccc(OCCCN3CCCC3)cc2)cc1,0,6,0.018040102299164508,1586
COc1cc(F)ccc1-c1cnc2sc(N3CCC(N)(CO)CC3)nn12,0,1,0.01972673531401031,748
NS(=O)(=O)Nc1cncc(-c2nc(NCc3ccccn3)c3c(-c4ccccc4)cccc3n2)c1,1,3,0.12030577110541624,869
FC(F)c1cc(-c2cnn(Cc3cc[nH]n3)c2)ccc1Cl,1,2,0.955655236907384,59
COc1c(C(C)(C)C)cc(C(=O)NCC2CCN(CCCCCC(c3ccc(F)cc3)c3ccc(F)cc3)C2)cc1C(C)(C)C,1,2,0.9226394324201171,1587
CC1(C)c2cc(C3CCN(CC4(O)CCOCC4)CC3)ccc2C(=O)c2c1[nH]c1cc(C#N)ccc21,0,7,0.25906463443381056,1588
CC(C)(C)c1cc(CN2CCN(CCCCCC(c3ccc(F)cc3)c3ccc(F)cc3)CC2)cc(C(C)(C)C)c1,1,7,0.8514343426299122,177
O=C1COc2ccccc2N1CCCN1CCC(n2c(=O)[nH]c3ncccc32)CC1,0,4,0.11259159067047657,1589
c1cnc2c(NC[C@H]3CCCNC3)nc(N3CCNCC3)cc2n1,0,8,0.11567100686203467,1590
COCCCc1cc(CN(C(=O)[C@H]2CNCC[C@@H]2c2cc(=O)n(C)c3ccccc23)C2CC2)cc(OCCOC)c1,0,6,0.2724207454253623,1591
O=C(O)c1ccccc1Oc1ncc(Cl)cc1NS(=O)(=O)c1ccc(Cl)c(Cl)c1,0,4,0.13182425316700325,1592
CC(CN1CCN(CCc2ccc([N+](=O)[O-])cc2)CC1)c1ccc([N+](=O)[O-])cc1,1,2,0.9018282351225809,210
Cc1c(O)noc1C1CCN(C(=O)NC2CC2c2ccccc2)CC1,0,7,0.08693656269213383,1593
Cc1ccn(CC(=O)N2CCN(c3sc(C(F)(F)F)nc3-c3cnc(C(F)(F)F)nc3)C[C@@H]2CO)n1,1,1,0.8181396155295384,333
CC(C)N(C)[C@@H]1CC[C@H](N2CC[C@H](NC(=O)c3cccc(C(F)(F)F)c3)C2=O)[C@H](CS(=O)(=O)C(C)(C)C)C1,0,10,0.027234442979490486,934
COc1cccc2c(N3CCC(C#N)(CNS(N)(=O)=O)CC3)c(C#N)cnc12,0,1,0.10917682497474106,973
CC(C)Oc1ccc(-c2ncc(CNc3ccnc(C(F)(F)F)c3)s2)cc1Cl,0,7,0.2776162107927639,1594
CCCC(N)C(=O)NCCc1ccc(-c2ccc(Cl)c(Cl)c2)cc1,0,9,0.37029467961085905,1260
N#Cc1ccc(CNC(=O)N(c2cccc(F)c2)C2CCN(CCC3(c4cccc(F)c4)CCN(C(=O)c4c(Cl)cccc4Cl)CC3)CC2)cc1,1,3,0.6460433987335847,281
CC(C)(C)c1cc(NC(=O)n2ccc3ncc(Oc4ncnc5c4CNC5)cc32)no1,0,9,0.06913895405603504,1595
Nc1nc2cc3c(cc2s1)CCN(CC(F)(F)F)CC3,0,6,0.09382425703795057,882
CCN(CC)C(=O)c1ccc(C2=CC3(CCCNC3)Oc3ccccc32)cc1,0,8,0.3198272200893376,1596
Cc1cc(-c2ccc3c(c2)CCN(CCCSc2nnc(C4CCCC4)n2C)CC3)no1,1,3,0.963936090047157,1597
COc1cc(C)c2nccc(CCC34CCC(NCc5ccc6c(n5)NC(=O)CO6)(CC3)CO4)c2n1,1,2,0.9574927861836645,265
O=[N+]([O-])c1ccc(CCN(CCF)CCOc2ccc([N+](=O)[O-])cc2)cc1,1,1,0.8958560262956862,66
COc1ccc2ccc(=O)n(C[C@H](N)[C@@H]3CC[C@@H](NCc4ccc5c(n4)NC(=O)CO5)CO3)c2n1,0,3,0.06574021922554003,1598
O=C(CNC(=O)c1cccc(C(F)(F)F)c1)NC1CN([C@H]2CC[C@H](c3ccc(C(=O)O)cc3)CC2)C1,0,6,0.09874918095581067,1135
CCC(=O)CCCCC[C@H](NC(=O)[C@H]1CC12CCN(C)CC2)c1ncc(-c2ccc3nn(C)cc3c2)[nH]1,0,8,0.0167722390079273,1599
Cc1cn(C2=CCC3C4CC=C5C[C@@H](NC(=O)c6ccc([N+](=O)[O-])cc6)CC[C@]5(C)C4CC[C@]23C)cn1,0,2,0.12519633985385417,1600
C[C@H]1COc2c(N3CCN(C)CC3)c(F)cc3c(=O)c(C(=O)O)cn1c23,0,9,0.10842789720933631,1601
CC(C)(C)CN(C(=O)c1cccc(Cl)c1Cl)[C@H]1CCNC1,0,9,0.0472729544150596,363
Cc1nnc(C(C)C)n1[C@H]1C[C@H]2CC[C@@H](C1)N2CC[C@H](NC(=O)C1CCC(F)(F)CC1)c1ccccc1,0,1,0.44650223526787103,1602
O=C1NCCN1CCN1CCC(c2cn(C3CCCCC3)c3ccc(Cl)cc23)CC1,1,10,0.7297539508190239,1603
NC(=O)Nc1ccc(OC[C@@H](O)CN2CCN(c3ccc(Cl)cc3)CC2)cc1,0,6,0.380783731961993,551
CS(=O)(=O)c1ccc(C(CC2CCCC2)C(=O)Nc2nccs2)cc1F,0,7,0.17137419329623366,1604
NC(=O)c1cnc2ccc(-c3cccnc3)c(F)c2c1NC1CCOCC1,0,1,0.14419457145870535,1605
N[C@@H]1CC[C@@H](n2cc(-c3ccc4cc[nH]c4c3)c(C(F)(F)F)n2)C1,0,1,0.38374236457461686,1606
O=C([C@H]1CNCC[C@]1(O)c1ccc(F)c(F)c1)N(Cc1cn(Cc2cnoc2)c2cccc(F)c12)C1CC1,1,4,0.856492892790492,1607
CNC(=O)c1c(-c2ccc(F)cc2)oc2cc(N(C)S(C)(=O)=O)c(-c3ccc4ccn5c6cccc(F)c6cc5c4n3)cc12,0,8,0.13945934651799818,1608
COCc1ccncc1-c1ccc2[nH]nc(C(=O)NCC3CCOCC3)c2c1,0,3,0.08799444096929836,1141
CCCN(CCc1ccc(Cl)c(Cl)c1)C[C@H](O)COc1ccc(NS(C)(=O)=O)cc1,1,8,0.9482804344054206,538
CC(=O)N1CCN(CCC[C@@]2(c3ccccc3)CC(c3cc(F)ccc3F)=NN2C(C)=O)CC1,0,6,0.43381505502530565,1609
CCn1cc(C2(c3cccc(-c4cncnc4)c3)N=C(N)c3c(F)cccc32)cc(C)c1=O,0,4,0.2580569525841346,1610
O=C([C@H]1CNCC[C@]1(O)c1ccc(F)c(F)c1)N(Cc1cn(Cc2cccnc2)c2cccc(F)c12)C1CC1,1,6,0.9036444044768788,1611
CCOC(=O)C1=C(CN2CCOC[C@@H]2CCC(=O)O)NC(c2nccs2)=N[C@H]1c1ccc(F)cc1Br,0,1,0.05497520091129806,754
CC[C@H]1CN(C2CCN(c3nc(N)n[nH]3)CC2)[C@@H](Cc2ccc(Cl)cc2)CO1,0,7,0.13660461410756242,673
CN(C)C(=O)[C@@H](c1ccc(N(C)C(=O)c2ccc(F)cc2)cc1)[C@H](N)C(=O)N1CC[C@H](F)C1,0,10,0.0999330746406422,1612
c1ccc2c3c([nH]c2c1)C(C1CCOCC1)NC(c1nc(C24CC5CC(CC(C5)C2)C4)c[nH]1)C3,1,7,0.8479824881745088,1613
CS(=O)(=O)n1cc2c(n1)CN([C@@H]1C[C@H](N)[C@@H](c3cc(F)ccc3F)O[C@@H]1C(F)(F)F)C2,0,5,0.08195147299576812,1474
COc1ccc([C@H](C)NC(=O)COc2cc(C(F)(F)F)c3c(-c4ccccc4)nn(C)c3n2)cc1,0,5,0.20442005902897492,1614
CN(C)C(=N)c1ccc(C(=O)Nc2ccc(Sc3ccc(C(=O)N(C)C)cc3)cc2C(=O)Nc2ccc(Cl)cn2)cc1,1,8,0.7699811553529654,1363
CC(C)(C)c1ccc(C(O)CCCN2CCC(C(O)(c3ccccc3)c3ccccc3)CC2)cc1,1,4,0.7461565443448612,1095
CNC(=O)[C@@H]1C[C@H](N2CCc3ccccc3C2)CN1C(=O)c1ccc(CN)c(OC)c1,0,8,0.06795757760970292,511
CN(CCCC(=O)NCC#N)C(=O)c1ccc2c(c1)c1c(n2C)CC[C@@H](C2CCOCC2)C1,0,7,0.06760933901015224,1555
O=C(COc1ccc(C(=O)c2cc(Cl)ccc2Br)cc1)Nc1ccnc(F)c1,1,2,0.8749310937725204,849
COC(=O)c1ccc2ncc(F)c(CCC34CCC(NCc5ccc6c(n5)NC(=O)CO6)(CC3)CO4)c2n1,1,7,0.6836446040437122,265
Cc1cc(F)ccc1-c1c(Oc2ccc(/C=C/C(=O)O)cc2)c2ccccc2oc1=O,0,7,0.2327153484433065,1615
O=C(c1ccc2cc(Oc3cnc(C(F)(F)F)cn3)ccc2n1)N1CCNCC1,0,10,0.020397804521390228,1616
COc1cc2nnc(C(N)=O)c(Nc3ccc(C)cc3F)c2cc1C1CCN(C(C)C)CC1,0,8,0.09708498510353476,1485
CC(C)(O)c1ccc(-c2cccc(-n3cc(C(=O)NC4CC4)c(=O)c4cccnc43)c2)c[n+]1[O-],0,5,0.09842143770722793,1617
NC(=O)C(c1cccnn1)c1cc(-c2ncnc3cc(N4CCOCC4)ccc23)c(F)cc1Cl,0,3,0.007740260044390244,465
Cc1nc(N)n(CC(O)c2ccc(Cl)cc2Cl)c1C,0,7,0.13023269748807462,437
Cc1cc(/C=C/C#N)cc(C)c1Oc1nc(NC2CCN(Cc3ccc(S(N)(=O)=O)cc3)CC2)nc2ccsc12,1,5,0.5286122053267885,1618
CC(O)CN1[C@H](C)CN(CCSC(c2ccc(F)cc2)c2ccc(F)cc2)C[C@@H]1C,1,9,0.5619261468784705,1619
COc1ccc([C@H]2COc3cc(O)ccc3[C@H]2c2ccc(OCCN3CC(CF)C3)cc2)cn1,1,9,0.3314872591470637,1620
O=c1ccc2ncc(F)c3c2n1C[C@@]3(O)CC12CCC(NCc3ccc4c(n3)NCCO4)(CC1)CO2,0,4,0.04032414491555001,1621
CC(C)(C#N)c1cnc(N2CCN(C(=O)[C@@H]3CCCC[C@H]3C(=O)NC3(C#N)CC3)CC2)s1,0,1,0.05789187661687625,991
CCC1(CNCCC#N)CN(c2c(F)cc3c(=O)c(C(=O)O)cn(C4CC4)c3c2C)C1,0,9,0.12476028239719561,1622
COC(=O)c1cc(OC[C@H](COS(=O)(=O)[O-])OS(=O)(=O)[O-])ccc1OCCCCOS(=O)(=O)[O-],0,1,0.1574953342661795,156
COc1ccc(CCNC(=O)c2nc(-c3ccc(OC)c(OC)c3)no2)cc1OC,0,7,0.17532053580004733,1623
O=C(c1nnc(-c2ccccc2)o1)N1CCC(Oc2ccc(CN3CCCC3)cc2)CC1,0,8,0.13516105876587428,1624
COCCCc1cc(CN(C(=O)[C@H]2CNCC[C@@H]2c2ccc(OCCOc3c(Cl)cc(C)cc3Cl)cc2)C2CC2)cc(OC[C@H]2C[C@@H]2C(=O)NS(C)(=O)=O)c1,1,6,0.8657003516388503,650
COc1ccc(-c2cc(OCCN(C)c3ncc(C(=O)NO)cn3)c3ncnc(C)c3c2)cn1,0,3,0.09302819654223482,1625
COCCOCc1nn(C)c2c1CSCc1cc(n(C)n1)CSc1cc(c3ccc(F)cc3c1)OCCCc1c(C(=O)O)n(CCN3CCOCC3)c3c-2c(Cl)ccc13,0,4,0.18202988794997013,1626
COc1ccc2nccc(OC[C@H]3CC[C@H](NC(=O)c4ccc(I)c(F)c4)CC3)c2n1,0,10,0.19382542521549487,1419
CC(C)N1CCN(C(=O)N2CC=C(c3ccccc3)CC2)CC1,0,8,0.12718380456997955,1627
Fc1cccc(-c2ccn3c(CC4CC4(F)F)nnc3c2)c1,0,10,0.09012197250236698,705
Cn1cnc(S(=O)(=O)N2Cc3ccc(/C=C/C(=O)NO)cc3C2)c1,0,7,0.05570713869289033,1628
COC1COCCC1N[C@@H]1C[C@H]2CN(C(C)=O)C[C@@]2(C(=O)N2CCc3ncc(C(F)(F)F)cc3C2)C1,0,4,0.011303355194385656,182
Oc1c(N=NC(S)=Nc2ccccc2F)c2ccccc2n1Cc1ccccc1F,1,1,0.7295387194327302,1629
Cc1nn2cc1CN(C)CCOCCNC(=O)c1nn(CCO)c3ccc(cc13)Nc1nccc-2n1,0,1,0.297579754286728,1630
Cc1cc(Cl)ccc1OC1CCN(C[C@H](O)CNC(=O)c2c[nH]c(=O)c3c(F)cccc23)CC1,0,7,0.28329517421745976,1530
O=C1NN=C(c2ccc(OC3CCN(C4CCC4)CC3)cc2)[C@H]2C[C@@H]12,0,8,0.1334509791115288,1631
COc1ccc(C2(c3cccc(-c4cncnc4)c3)N=C(C)C(N)=N2)cc1C,0,10,0.050527513120151364,1632
CNC(=O)c1ccc(N2CCN(Cc3ccc4nc(CC(F)(F)F)c(=O)[nH]c4c3)CC2)cn1,0,4,0.02636887968581856,891
COc1cc([C@@H](C)C(=O)N2CC[C@H](Nc3ccc(-c4n[nH]c(C(F)F)n4)c(C)n3)C2)c(F)cn1,0,3,0.07794691136216113,43
CCCC(CCC)Oc1ccc(-c2ccccc2-c2nn[nH]n2)cc1NC(=O)Nc1ccc(C)cc1,0,10,0.14177782593446803,668
NC1(C(=O)N[C@@H](CCN2CCCCC2)c2ccc(Cl)cc2)CCN(c2ncnc3[nH]ccc23)CC1,0,4,0.056235041977156945,1633
CN(Cc1ccc(OC2CN(C(=O)c3nnc(-c4ccccc4)o3)C2)cc1)CC1(C)COC1,0,10,0.1170156552640997,1634
COc1ccc(CCN2CCC(Nc3nc4ccccc4n3Cc3ccc(F)cc3)CC2)cc1,1,6,0.9565574646135053,1635
COc1ncc2cc1NS(=O)(=O)c1cc(c(F)cc1F)C(=O)NCc1cncc(c1)-c1ccnc3ccc-2cc13,0,4,0.07094624837226715,576
CN1C[C@@H]2C[C@H]1CN2c1ccc(-c2ccc3cc[nH]c3c2)nn1,1,5,0.8641876610312492,1636
C[C@@H]1C[C@H]1C(=O)N1CCN(c2cnc(C#N)c(-c3cnn(C)c3)n2)C[C@H]1C,0,6,0.13407191331238472,1637
Cc1ccc([C@@H](NC(=O)[C@@H](F)c2ccc(Cl)cc2)[C@@H](C)C(=O)O)cc1OCC(C)(C)C#N,0,9,0.2414554634971577,1638
COc1ccc(C(=O)Nc2csc([C@]34CO[C@@H](C)C[C@H]3CSC(N)=N4)n2)cc1,0,1,0.11986315339990952,1639
COc1ccc(OC(F)(F)F)cc1CNC1CCC2CCC1(c1ccccc1)N2,1,9,0.7011860453927696,1640
O=C(c1ccc(F)cc1)N1CCN(c2ccc(OCCCN3CCCCC3)cc2)C(=O)C1,0,8,0.07619936244398315,1641
Cc1ccc2nc(-c3ccc(F)cc3)c(CC(=O)N3CCSCC3)n2c1,0,5,0.07912034810871504,1642
O=C(O)CC1COC2(CCN(c3ccc(-c4nc5cc(C(F)(F)F)ccc5[nH]4)cn3)CC2)C1,0,1,0.10437345321210316,1435
COc1ccc([C@H]2CN(CCc3ccc(OC)c(OC)c3)C[C@@H]2CC(=O)Nc2cccc(Cl)c2)cc1,1,5,0.9341194627562114,1643
Cc1c([C@@H](O)CN2CCC3(CC2)CN(c2ccc(C#N)cn2)C3)ccc2c1COC2=O,0,5,0.029445461819596664,1644
CC[C@H]1OC(=O)[C@H](C)[C@@H](O[C@H]2C[C@@](C)(OC)[C@@H](O)[C@H](C)O2)[C@H](C)[C@@H](O[C@@H]2O[C@H](C)C[C@H](N(C)C(C)C)[C@H]2O)[C@](C)(O)C[C@@H](C)[C@H](OCC(=O)NC)[C@H](C)[C@@H](O)[C@]1(C)O,1,6,0.3675381106423565,1645
Cc1cc(-c2ccncc2)cc(C)c1Nc1nc(Nc2ccc(C#N)cc2)ncc1-c1cn[nH]c1,0,8,0.30209404904852233,1646
CCOc1ccc2cc(-c3nn(C(C)CCO)c(N)c3C(N)=O)ccc2c1,0,7,0.0226747525943014,33
O=C1OCc2cc(C3CN4CCN(C(=O)Cc5ccc(-n6cnnn6)cc5)CC4CO3)ccc21,0,1,0.04231572774664547,1647
OC(c1cc(-c2ncnc3cc(N4CCOCC4)ccc23)ccc1Cl)c1ncnc2occc12,0,1,0.011425786937521321,1648
O=C(NC1CCc2ccc(CCN3CCN(c4nsc5ccccc45)CC3)cc21)C1CC1,1,8,0.9716478804590349,1649
CC(C)(C(=O)O)c1ccc(CCCN2CCC(=C3c4ccc(Cl)cc4CCc4cccnc43)CC2)c(F)c1,0,10,0.267924549428615,641
FC(F)(F)Oc1ccccc1CC(c1ccccc1)N1CCNCC1,0,7,0.24119702875807836,779
O=C(NC(c1ccc(Cl)cc1)c1ccc(F)cn1)[C@@H]1CC[C@@H](N2CCOCC2)C[C@H]1c1ccc(Br)cc1,1,6,0.8591906504522442,1650
Cc1c(CNC2CCCC2)nn(-c2ncccc2Cl)c1-c1cccnc1,0,7,0.176059845498066,587
C(#Cc1cccc(C#Cc2ccc(-c3ccccc3)cc2)n1)c1ccc(-c2ccccc2)cc1,0,3,0.6411088567328345,1651
O=C(Nc1ccc(Cl)c(Cl)c1)N1CCN(C(=O)[C@H]2CN(C3CC3)CCN2)CC1,0,7,0.0786112258645634,1652
O=C1NCCN1CCN1CCC(c2cn(-c3ccc(F)cc3)c3ccc(Cl)cc23)CC1,1,4,0.9050724795259737,628
Cc1ccc(C(=O)Nc2ccc(CN3CCN(CCO)CC3)c(C3CC3)c2)cc1C#Cc1cnc2cccnn12,1,4,0.5775770772839806,1653
CN(C)C(=O)c1cccc(-c2ccc(F)cc2CC(c2cccnc2)c2cccnc2)c1,0,6,0.16087577904535758,969
Cc1ccc2c(c1)C(C1=C[C@H](C)N(C)CC1)=Nc1cc(Cl)ccc1N2,1,10,0.9025997067803341,1077
CC1=C(N2C(=O)C3(CCN(C[C@H](O)c4ccc5c(c4C)COC5=O)CC3)CC2C)COC1=O,0,10,0.060069670158564556,1462
COc1ccc(N/N=C/c2ccc(-c3ccc(/C=N/Nc4ccc(OC)cc4)cc3)cc2)cc1,0,10,0.38733241453571504,1654
COc1ccc(NC(=O)OC[C@H]2COc3c(cc(Cl)c4nc(-c5cc(C)cc6nc(OC)cnc56)sc34)O2)cn1,0,5,0.18973071425962446,1655
Cn1cnc(-c2cc(C(=O)N[C@@H]3CCc4ccc(Oc5ccnc6c5CCC(=O)N6)cc4C3)cc(C(F)(F)F)c2)c1,0,5,0.06757000752065494,1656
O=C(COc1ccc2cc(Oc3ccc(C(F)(F)F)cn3)ccc2n1)N1CCCCC1,0,9,0.1477717947936593,1657
COc1ccc(-c2ccc(C(=O)O)cc2C)cc1-c1cnc(N(C)C)nc1CN1C(=O)O[C@H](c2cc(F)cc(C(F)(F)F)c2)[C@@H]1C,0,10,0.05218869133887744,1155
Cn1ccc([C@H]2CCNC[C@@H]2C(=O)N(Cc2c[nH]c3cccc(F)c23)C2CC2)cc1=O,0,7,0.2046856828987313,275
Cc1ncoc1-c1nnc(SCCCN2CCc3cc4c(cc3CC2)OCC(=O)N4)n1C,1,4,0.5765300923774209,1658
C=CC(=O)Nc1cccc(Oc2nc(Nc3ccc(N4CCN(C)CC4)cc3)nc3[nH]ccc23)c1,1,10,0.17139267080052592,1659
O=C1CCCN1c1nccnc1C(O)c1ccc(F)c(-c2ncnc3cc(N4CCOCC4)ccc23)c1,0,10,0.01951231730553382,1660
COCCN(C)Cc1csc(-c2cn(CC3CCOCC3)c3c(Cl)cccc23)n1,1,6,0.7862172630701523,519
CNS(=O)(=O)c1ccc(-c2cnc(N)c(-c3ccc(C(F)(F)F)nc3)n2)cc1,0,9,0.08154319101602733,1661
C[C@@]1(O)CC[C@H]2[C@H](CC[C@@H]3[C@@H]2CC[C@]2(C)[C@@H](C(=O)Cn4cc(C#N)cn4)CC[C@@H]32)C1,0,8,0.19188550456032183,1662
COc1cc(C(O)(CCn2ccnc2)C(c2cc3cc(Br)ccc3nc2OC)c2cccc(OC)c2OC)cc(OC)n1,0,10,0.128517459625417,1663
NC(=O)C(c1cccnc1)c1ccc(F)c(-c2ncnc3cc(N4CCOCC4)ccc23)c1,0,7,0.01615572686303513,688
O=C(c1cc(Cc2c[nH]c(=O)c3cc(Cl)c(Cl)n23)ccc1F)N1CCC2(CCCN2)CC1,0,2,0.33453476915758573,1664
O=C1CC2CCc3cc(OC4CCN(C5CCC5)CC4)ccc3C2=NN1,0,1,0.1714641441261299,1665
O=C(N1CCc2ncc(C(F)(F)F)cc2C1)[C@@]12CCC[C@@H]1C[C@@H](NC1CCCCC1)C2,0,5,0.0316545185035819,1666
COc1ncnc(Cn2cc(C(=O)NCC(F)F)c3ncc(C)cc32)c1C,0,2,0.045891891929800775,476
Cc1[nH]nc2c1C(c1cc(-c3cccnc3)cc(C(F)(F)F)c1)(C(C)C)C(C#N)=C(N)O2,0,6,0.262161020262174,1667
Fc1c(Cn2ccc3c(OC4CCN(Cc5cscn5)CC4)ncnc32)cccc1C(F)(F)F,1,1,0.8653796478661888,456
O=C1c2nc3cccc(C(F)(F)F)c3n2CCN1CC1CCC1,0,1,0.13134621301081864,1668
Cc1ccc(S(=O)(=O)N/N=C/c2cn(CC(=O)Nc3ccccc3)c3ccccc23)cc1,0,9,0.16287203923465862,594
C[C@H]1Cc2c(N3CC[C@@H](C4(N)CC4)C3)c(F)cc3cc(C(=O)O)c(=O)n1c23,0,1,0.07808913109060625,1669
Oc1ccc2c(c1)CCC[C@H](c1ccc(F)cc1F)[C@@H]2c1ccc(OCCN2CC(CF)C2)cc1,0,1,0.46483109806633677,1670
COc1ccc(-c2ccc(C(=O)O)cc2C)cc1-c1cnc(N(C)C)nc1CN1C(=O)O[C@H](c2cc(F)cc(F)c2)[C@@H]1C,0,4,0.05966233664372359,1155
CC(C)(C)C#Cc1ccc2c(c1)[C@]1(COC(N)=N1)c1cc(-c3cncnc3)ccc1O2,1,5,0.3485732314127098,741
COCC(C)(C)C(=O)NCCN1CCC(c2cccc(C)n2)CC1,0,9,0.0833631310793515,1671
NC(=O)C(c1ccc(F)c(-c2ncnc3cc(N4CCOCC4)ccc23)c1)c1nncc2ccsc12,0,1,0.010687588815450217,1044
CCc1cc2cnc(CN3CCN(c4ccc(C(=O)NC)nc4Cl)CC3)cc2[nH]c1=O,0,1,0.0423744589556213,1672
Cc1c([C@@H](O)CN2CCC3(CC2)CCN(c2cnn(C)c(=O)c2)C3=O)ccc2c1COC2=O,0,10,0.048085174173624484,1673
O=S(=O)(Nc1cscn1)c1cc(Cl)c(OCC2NCCC=C2c2ccc(F)cc2)cc1F,0,6,0.2572905020866583,1674
NS(=O)(=O)c1ncccc1-c1nc(NCc2ccccn2)c2c(-c3ccccc3)cccc2n1,0,9,0.3054910659302253,869
Nc1ncc(-c2ccc(C(=O)N3CCOCC3)cc2)cc1-c1ccc(C(F)(F)F)nc1,0,10,0.0632925987146628,116
CCC(CC)CNc1c(C(N)=O)cnc2ccc(-c3ccncc3)cc12,1,2,0.6072971009094649,1675
CC(C)(C)NC(=O)C1c2ccc(NS(C)(=O)=O)cc2C(=O)N1Cc1ccccc1-c1ccccc1,0,5,0.0788041845169763,422
c1cnc2c(c1)CN[C@@H](CN(CCCCNC1COC1)[C@H]1CCCc3cccnc31)C2,0,10,0.17364141771191177,1676
O=C(CNc1ncnc2ccc(C(F)(F)F)cc12)NC1CN([C@H]2CC[C@@H](c3ccc(O)cn3)CC2)C1,0,4,0.05708272575016061,1677
Cc1ncoc1-c1nnc(SCCCN2CCC3(CCc4ccc(Br)cc43)C2)n1C,1,6,0.9546568359282432,1678
Cc1nc2ccccc2n1Cc1ccc(C(=O)N(C)[C@@H]2CCN(C(C)C)C2)cc1,0,2,0.3799625734519956,1679
Nc1nc2cc3c(cc2s1)CCN(Cc1cnc[nH]1)CC3,0,1,0.052369338780938586,1680
CC(O)c1cn(CCNc2nonc2/C(=N/O)Nc2ccc(F)c(Br)c2)nn1,0,4,0.098682260475614,1681
N/C1=N\C(=O)[C@@H]2CCCN2c2ccc(cc2)OCCCCCNCC(=O)Nc2c(Cl)cc(cc2Cl)CN1,0,2,0.053554378506867645,1682
Cc1c(C(C)CN2CCN(C(=O)Cc3ccc(-n4cnnn4)cc3)CC2)ccc2c1COC2=O,0,1,0.029787474410849377,670
CN1C[C@H](F)C[C@@H](Nc2nnc(-c3ccc(C(F)(F)F)cc3O)n3ccnc23)C1,0,4,0.24936697684518971,895
CCN(CC)Cc1cc(/C=N/N=C(\N)CC(O)c2cc3c(F)cc(F)cc3c3cc(C(F)(F)F)ccc23)ccc1O,1,4,0.48161465895789196,290
COc1cc2ccc(Br)cc2cc1[C@@H](c1ccccc1)[C@@](O)(CCN(C)C)c1cccc2ccoc12,1,5,0.6418869002048772,1683
CCCCCCCN(CC)CCCCc1ccccc1,1,9,0.894268293620796,156
Cn1ccc([C@H]2CCNC[C@@H]2C(=O)N(Cc2cn(Cc3ccncc3)c3cccc(F)c23)C2CC2)cc1=O,0,9,0.480986825966104,1684
Nc1nc2cc(-c3nn(CC4CCCCC4)c4ncnc(N)c34)ccc2o1,0,1,0.18571096016278518,1685
O=C(c1ccc(-c2ccc3ncc(-c4cc5ccccc5o4)n3n2)cc1)N1CCC(N2CCCCC2)CC1,0,1,0.24254688675765682,1686
O=C1NCC(c2ccccc2)C12CCN(C1(c3ccccc3)CCCOC1)CC2,0,2,0.22997437837786344,1687
O=C(c1ccccc1C(F)(F)F)N(c1ccccc1)[C@H]1CCNC1,0,2,0.10968763924256979,1308
Cc1cn([C@H](C)[C@]2(F)CCNC2)c2nc(C(N)=O)cc(Cl)c12,0,6,0.2342238843206007,1688
COc1cc(OC)c(/C=C/S(=O)(=O)Cc2cnc(OC)c(NS(C)(=O)=O)c2)c(OC)c1,0,6,0.1308706800142968,1689
Cc1c(CN2CCOCC2)cc(-c2ccc(C(C)C)cc2)n1C1CCCCC1,0,3,0.21731730564876603,1690
Cc1cn2c(n1)COc1c(CCN3CCN(c4cccc5nc(C)ccc45)CC3)cccc1-2,1,5,0.8728450245677342,1691
O=C(Nc1ncc(Cl)s1)/C(=N/N1CCCC1)c1ccc(S(=O)(=O)C2CC2)cc1,0,6,0.09713722983497673,1692
COCCCc1cc(CN(C(=O)[C@H]2CNCC[C@@H]2c2ccn(C)c(=O)c2)C2CC2)cc(Br)c1C,0,7,0.17076443066241398,309
N[C@@H]1COC[C@H]1Oc1ccc2ncc(F)c(CCC34CCC(NCc5ccc6c(n5)NC(=O)CO6)(CC3)CO4)c2n1,0,7,0.38068082031655887,1693
CN(C)C(=O)N[C@H]1CC[C@H](CN2[C@@H]3CC[C@H]2C[C@@H](Oc2cccc(C(N)=O)c2)C3)CC1,0,10,0.5495377622314233,1694
Cc1ncn(-c2cc(Cl)c(C(=O)NC[C@@H](c3cccc(F)c3)c3ccc4[nH]c(C)nc4c3)c(Cl)c2)n1,0,10,0.1848150028405415,1695
CCCCc1nn(-c2nc(N)c3c(n2)NC(=O)C3(C)C)c2ccc(Cl)cc12,0,3,0.24241251507002512,1696
Nc1nc(N2CCC3(CC2)Cc2cnccc2[C@H]3N)cnc1Sc1ccnc(N)c1Cl,0,10,0.24874054972168405,1697
COCCOc1ncc(NC(=O)c2cc(C(F)(F)F)nc(-n3ccnc3)n2)cn1,0,5,0.1253854696096669,1698
COc1ncc(C2=CCOCC2)cc1NS(=O)(=O)c1cn(Cc2ccccc2)c(C)n1,0,8,0.19985037688924265,1699
O=C1NC(=O)C(Cc2coc3ccc(Cl)cc3c2=O)S1,1,1,0.15532058123930254,1700
CNC(=O)c1c(-c2cccc(O)c2)oc2ccc(O)c(CN3CCC4(COC4)C3)c12,0,4,0.06231549606805435,573
CN(CCCCOc1ccc([N+](=O)[O-])cc1)Cc1ccc([N+](=O)[O-])cc1,1,8,0.669132840869501,1701
Cc1nccnc1C(C(N)=O)c1ccc(F)c(-c2ncnc3cc(N4CCOCC4)sc23)c1,0,2,0.02323958282909128,1702
COc1ccc2c(C(=O)NCCO)nc(C#N)c(-c3ccccc3)c2c1,0,5,0.0719598944612016,1703
Cc1nccnc1C(C(N)=O)c1cc(-c2ncnc3cc(N4CCOCC4)ccc23)ccc1Cl,0,6,0.00951810710062327,247
Cc1ccc(C(=O)Nc2ccon2)cc1NC(=O)c1cnn(-c2ccccc2F)c1N,0,10,0.11098933203387153,1704
N[C@H]1C[C@@H](N2Cc3cnc4nnc(C5CC5)n4c3C2)CC[C@@H]1c1cc(F)c(F)cc1F,1,8,0.35541064240400194,1705
Cc1ccn(-c2cc(C(N)=O)nc3cc(CN4C(=O)CCC4=O)ccc23)n1,0,6,0.05123777911312153,1706
CC(C)Oc1cc([C@@](Cc2ccccc2)(NC(=O)C(O)C(O)(C(F)(F)F)C(F)(F)F)c2cc(F)cc(OC(F)(F)C(F)F)c2)ccc1F,0,4,0.08785250645891257,369
COc1ccc(CCN(C)CCOc2ccccc2)cc1,1,3,0.7929953334625882,66
CC(C(=O)NC1(c2ccccc2)CCC(N2CCC(C3CCC(=O)O3)CC2)CC1)c1cc(C(F)(F)F)cc(C(F)(F)F)c1,1,9,0.8015245425300686,1707
COc1ccc(/C=C2/SC(N/N=C3\CC4CCC3(C)C4(C)C)=NC2=O)cc1,1,6,0.4207991656778942,1708
CC(C)c1ccccc1C(=O)N(C1CCCC1)[C@H]1CCNC1,0,10,0.04363990509348656,1709
CC1(C)CC(NC(=O)C2(O)CC2)c2cc(-c3ccc(Cl)cc3)c(-c3ccc(Cl)cc3Cl)nc2O1,1,1,0.8272735983030046,1710
C[C@H]1OC(=O)[C@]2(C(C)(C)C(N)=O)CC(F)(F)[C@@H](C)[C@H](/C=C/c3ccc(-c4ccccc4C#N)cn3)[C@H]12,0,5,0.05333338801824027,277
O=C(NCCNc1cc(-c2cn(-c3ccccc3)nc2-c2cccc(O)c2)ccn1)Nc1cccc(C(F)(F)F)c1,0,5,0.22203706689350056,1711
O=C(NC[C@@H]1CCN(C(=O)CCCCC(c2ccc(F)cc2)c2ccc(F)cc2)C1)c1cc(C(F)(F)F)cc(C(F)(F)F)c1,1,6,0.726781861196361,1712
O=C(Nc1ccc([C@H]2CNCCO2)cc1)c1ccn(-c2ccccc2)n1,0,9,0.09673016938425445,1713
COc1ncc2cc1NS(=O)(=O)c1cccc(c1)C(=O)NCc1cc(ccn1)-c1ccnc3ccc-2cc13,0,1,0.05580430458184339,1714
CCOc1cc2ncc(C(N)=O)c(Nc3ccc(F)cc3F)c2cc1N1CCC(O)CC1,0,5,0.06303972929437134,1715
CC(C)c1noc(N2CCN(c3ncc(OCc4ccc(CS(C)(=O)=O)cc4F)cn3)[C@H](C)C2)n1,0,6,0.06615345611205933,791
NC1=N[C@@]2(CO1)c1cc(-c3ncccc3F)ccc1Oc1c2cc(C2=CCCOC2)nc1F,0,6,0.08806437082138786,1716
O=C(O)c1ccc(NC(=O)[C@H](C2CCCCC2)n2c(-c3ccc(Cl)cc3)nc3ccccc32)c(C(F)(F)F)c1,0,1,0.3795266723628704,1005
COCCN1CCC[C@H](Cn2c(-c3cccnc3C)nc3cn(-c4cccc(OC)c4)nc3c2=O)C1,0,10,0.11301138528451458,552
CN[C@H]1CC[C@@H](N2CCc3ccc(NC(=N)c4cccs4)cc32)CC1,0,6,0.21179321549186222,1717
O=C(c1c(-c2ccc(O)cc2)oc2ccc(O)c(CNCC3(O)CC3)c12)N1CCC1,0,9,0.10200307711961303,1718
Cn1cc(-c2cnc(Nc3cnc(C#N)cn3)cc2NC[C@@H]2CNCCO2)cn1,0,7,0.08358737527227691,1719
C=CC(=O)N(C)CCOc1c(N)ncnc1-c1ccc(CN2CCN(CC(C)C)CC2=O)c(C)c1,0,1,0.1602205949192605,1720
OC[C@@H](Nc1ncnc2[nH]c(-c3ccccc3)cc12)c1ccccc1,0,6,0.10575312254382402,1131
CCOc1cc2ncc(C(N)=O)c(Nc3ccc(F)cc3F)c2cc1N1CCN(C)C(=O)C1,0,7,0.053413716532706206,1721
CC(C)Cc1cc(CNC(=O)C2C3CN(C(=O)Cc4ccccc4)CC32)nn1-c1ccccc1,0,1,0.23262658292496496,1722
COc1cc(Nc2nc3c(cc2F)ncn3[C@@H](CO)c2ccc(F)cn2)n[nH]1,0,5,0.10284288984341505,622
N#Cc1ccc2cc1Oc1cc(Cl)cc(c1)CN1CC[C@@H](NCc3cncn3C2)C1=O,1,3,0.4550228196275205,745
O=C(NC1CCN(Cc2ccc3c(c2)OCO3)CC1)c1cc(=O)c2cc(F)ccc2o1,1,5,0.8505301030949779,481
COc1cc([C@](O)(CCN(C)C)[C@@H](c2cc3cc(Br)ccc3nc2OC)c2cc(OC)nc(OC)c2OC)cc(OC)n1,0,3,0.03552159758897692,1379
COc1ccc2[nH]c(-c3ccc(-c4ccc(O[C@H]5CC[C@@H](CC(=O)O)CC5)nc4)nc3)nc2n1,0,6,0.08015199196589948,1324
Cc1cc(C(=O)N[C@H]2CC[C@@H](NC(=O)c3cc(F)cnc3Oc3cccc(-c4ccc(O)cc4CN4CCOCC4)c3)CC2)nn1C,0,1,0.2072479063502001,1723
N#Cc1ccc2[nH]cc(CCCN3CCC(c4cccc5c(S(=O)(=O)c6ccccc6)c[nH]c45)CC3)c2c1,0,5,0.5267048175661764,1724
NC[C@H](Oc1noc2ccc(-c3ccccc3Cl)cc12)c1ccccc1,0,4,0.26746532368981185,1725
CCNC(=O)[C@H]1CC(=O)[C@@]2(C)CC[C@@H]3c4ccc(OCCCN5CCC[C@H]5C)cc4CC[C@H]3[C@H]12,0,3,0.12434048186712746,1726
COc1cc(F)ccc1-c1cnc2sc(N3CC(O)(CN)C3)nn12,0,1,0.026894692330795274,1727
CCC[C@@H](C)Nc1nc(N)nc2cnn(Cc3ccc(CNC4CCOCC4)cc3OC)c12,0,4,0.08027059841886675,813
N#Cc1cc(OC(F)(F)F)cc(-c2nc(-c3ccc4c(c3)cc3n4CCC3CC(=O)O)no2)c1,0,10,0.16041276056578477,1728
NC(=O)c1cnc(N[C@H]2CCCNC2)c2sc(-c3ccccc3)cc12,0,3,0.07224145104397818,1729
CCNC(=O)c1cnc(N)c(O[C@H]2CN(C(=O)Cc3ccc(OC(F)(F)F)cc3)CC2(F)F)c1,0,5,0.08079238119198782,1359
C[C@@H]1Cc2c(ccc3[nH]ncc23)[C@@H](c2ncc(NC3CN(CCCF)C3)cc2F)N1CC(F)(F)F,1,6,0.9691702618244602,420
O=C(O)C[C@@H]1COc2cc3c(cc21)OC[C@@H](c1cccc(Br)c1)O3,0,4,0.19441038777626443,1730
Cc1cn(-c2cc(NC(=O)c3ccc(C)c(Nc4nccc(-c5cccnc5)n4)c3)cc(C(F)(F)F)c2)cn1,1,4,0.26195051499059135,1731
Cc1c2c(n3c1CCCN1CC[C@H](CNc4cc-3ccc4C(N)=O)C1)CC(C)(C)CC2=O,1,8,0.1425147987159241,1732
CN[C@@H](C)C(=O)N[C@@H]1C(=O)N(Cc2c(OC)ccc3ccccc23)c2ccc(C#N)cc2N(C(C)=O)[C@H]1C,0,1,0.21580234775590473,1733
NCC(O)COc1ccccc1C(=O)CCc1ccccc1,0,6,0.22701762589862934,1734
Cn1c(C(C(N)=O)c2cc(-c3ncnc4cc(N5CCOCC5)ccc34)c(F)cc2Cl)cccc1=O,0,1,0.010127254130774902,1001
CCN(CC)C(C)CCCNc1nccc(NCc2ccc(Cl)cc2Cl)n1,1,7,0.5280465286397477,1735
CC(CCO)n1nc(-c2ccc3nc(OC4CC4)ccc3c2)c(C(N)=O)c1N,0,6,0.017696034271189393,717
O=C1COc2cnc(CNC34CCC(C[C@]5(O)Cn6c(=O)ccc7ncc(F)c5c76)(CC3)OC4)cc2N1,0,7,0.0898677466079897,1736
Cc1ncoc1-c1nnc(SCCCN2C[C@@H]3C[C@]3(c3ccc(C(F)(F)F)cc3)C2)n1C,1,4,0.9998803538899711,1737
CS(=O)(=O)Nc1cccc(CC(=O)Nc2nc(-c3c[nH]c4ncccc34)cs2)c1,0,3,0.1115684762681941,1738
COc1cc(OC)cc(-c2nnc([C@@]3(Cc4ccccc4)OC(=O)N([C@H](C)c4ccccc4)C3=O)o2)c1,0,7,0.24403783842730764,1739
Cc1nc(C)c(-c2nnc(SCCCN3CCC4CC4(c4ccc(C(F)(F)F)cc4)CC3)n2C)s1,1,7,0.9367067856531974,1740
Cc1nn2cc1CN(C)CCOCCNC(=O)c1nn(C[C@H](C)O)c3ccc(cc13)Nc1nccc-2n1,0,7,0.2896604405358488,1630
COc1ccc2c(C)cc(=O)n(CCN3CCC(NCc4cc5c(cn4)OCCO5)CC3)c2c1,0,10,0.07926327404539749,1741
C[C@@H](O)c1nc2cnc3[nH]ccc3c2n1[C@H]1CC[C@H](NCC(F)(F)F)CC1,0,8,0.09383541684823575,189
COCCOc1cc2ncc(C(N)=O)c(Nc3ccc(C)cc3F)c2cc1N1CCN(C)CC1,0,10,0.059565155021257504,365
N[C@@H]1c2ccc(F)cc2CC12CCN(c1cnc3c(N4CCCc5ncccc54)n[nH]c3n1)CC2,1,7,0.8875848483217499,1307
c1cnc2c(NC[C@@H]3CNCCO3)nc(-c3ccc(N4CCOCC4)cc3)cc2n1,0,6,0.027529960049044247,1742
Cc1ccc2nc(-c3ccc(F)cc3)c(CC(=O)Nc3ccc(F)cc3)n2n1,0,3,0.052067118402909555,171
CCCC(=O)O[C@@H](C(=O)N1N=CC[C@H]1C(=O)NCc1cc(Cl)ccc1-n1cnnn1)c1ccc(F)cc1,0,10,0.08725027717981942,432
CNC[C@H](c1ccc2ccccc2c1)[C@H](OCC(=O)N(C)C)c1ccccc1,0,2,0.0839816867048638,590
Cc1cc(C)cc(-c2cncc(-c3nc4cc(C)ccc4[nH]3)c2N2CCC(N)CC2)c1,1,8,0.6249474754107355,1743
CS(=O)(=O)c1ccc2c(c1)nc1n2C[C@H](N)[C@@H](c2cc(F)c(F)cc2F)C1,0,9,0.09825224875169725,383
CCS(=O)(=O)c1ccc([C@@H](NC(C)=O)C(=O)Nc2ccc(C(O)(C(F)(F)F)C(F)(F)F)cc2)cc1,0,9,0.04856733219102281,1343
COc1ccc(-c2cnc3nc(N4CCC(N5CCCCC5)CC4)sc3c2)cn1,1,6,0.728524959497376,1744
OC(c1ccccc1)(c1ccccc1)C1CCN(Cc2ccc(-c3ccccc3)cc2)CC1,1,8,0.6637092698284444,1745
COc1ccc(-c2ccc(C(=O)O)cc2C)cc1-c1cnc(N(C)C)nc1CN1C(=O)O[C@H](c2ccnc(C(F)(F)F)c2)[C@@H]1C,0,10,0.04312175451190108,1746
C[C@@H]1Cc2c([nH]c3ccccc23)[C@@H](c2c(F)cnc(OCCNCCCF)c2Cl)N1C[C@H](C)C(=O)O,0,8,0.07933671766575619,774
CC(=O)c1ccc2c(c1)N(CCN1CCC(NCc3ccc4c(n3)NC(=O)CO4)CC1)C(=O)CO2,0,4,0.048147458950767934,1747
O=C([O-])c1cccc(Cc2cc(Cl)ccc2OCc2ccc(Cl)cc2F)n1,0,8,0.274675070084341,1748
Cc1cc(Cc2cc(-c3ccc(Br)cc3)on2)cc(C)c1OC(C)(C)C(=O)O,0,1,0.22237226506067992,1749
O=C1OCc2ccc(CCN3CCN(C(=O)Cc4ccc(-n5cnnn5)cc4)CC3)cc21,0,10,0.1718275671763372,1750
CC/C(=C(\c1ccccc1)c1ccc(/C=C/C(=O)O)cc1)c1ccccc1,0,5,0.19731720508733866,1538
Cc1cc(Nc2ncc(F)c(-c3cnc(C)n3C(C)C)n2)ccc1C(=O)N(C)C,0,3,0.061418738870240935,558
C[C@@H]1Cc2c(ccc3[nH]ncc23)[C@@H](c2c(F)cc(NC3CN(CCCF)C3)cc2F)N1CC(F)F,1,9,0.9530581897811123,1193
CCN(CCN1CCC(n2ncc3cc(F)ccc32)CC1)C(=O)[C@H](C)O,0,3,0.07264718758476761,664
Cn1c(SCCCN2CC3CCN(c4cccc(C#N)c4)C3C2)nnc1-c1cnccn1,1,2,0.911877169291771,170
C[C@H](c1nc2c(cnn2C2CCCC2)c(=O)[nH]1)N1CC(c2ncccn2)C1,0,8,0.11203247116715062,1751
C[C@@H](Oc1nnc(-c2ccncc2)n1C)c1nnc(-c2cccc(Cl)c2)o1,0,5,0.17994553225336304,1752
COC(=O)N(NC(=O)c1c(CN2CCN(C(C)C)CC2)c(-c2ccccc2)nc2ccccc12)c1ccccc1,1,10,0.7248207008594466,1753
O=C(NC1CCN(Cc2ccc3c(c2)OCO3)CC1)c1cc(=O)c2ccc(Cl)cc2o1,1,1,0.9029092727519841,481
Fc1ccc(Cn2c(C3CCCN(C4CCCCC4)C3)nc3ccccc32)cc1,1,9,0.4640143408037673,1754
OCCOc1ccc(C(O)c2cc(-c3ncnc4cc(N5CCOCC5)ccc34)c(F)cc2Cl)nn1,0,3,0.013346370168952494,465
COc1nc(-c2csc(Nc3c4c(nn3CC(F)(F)F)CCC4)n2)ccc1-n1cnc(C)c1,1,2,0.2756831592156309,1755
Cn1c(=O)nc(NC2CC3CCC(C2)N3Cc2ccc3c(c2)OCO3)c2cc(Cl)ccc21,1,7,0.6429223677389676,1756
CN1C[C@@H]2C[C@H]1CN2c1ncc(-c2cccc3[nH]ccc23)cn1,1,3,0.7898760031480031,1757
CCOC(=O)[C@H]1CN(S(=O)(=O)c2cc3cc(Cl)ccc3[nH]2)CC(=O)N1Cc1ccc(C(=N)N(C)C)cc1,1,3,0.1634441610588399,1758
CC1(O)CC[C@@]2(C)[C@H](C[C@@H](N3CCC[C@@H](N)C3)[C@@H]2Oc2ccc(C#N)cc2)C1,0,9,0.11200142331615204,1759
Cc1cc(-c2cnc3ccn(Cc4ncco4)c3c2)ccc1F,1,9,0.3043277048461196,1760
Cc1ccc(CN2CC[C@@H](N3CCC(c4ccc(O)cc4)C(F)(F)C3)C2=O)cc1,0,3,0.5676378277922092,1761
Cc1ccc2c(N3CCN(CCc4cccc5c4OCc4c(C(=O)NC6CCC6)ncn4-5)CC3)cccc2n1,1,5,0.9241169236252267,1762
CN1CCN(CC2CCN(c3nccc4[nH]c(-c5cc(F)cc(F)c5)nc34)CC2)CC1,0,10,0.3811307489073994,1763
C=CC(=O)Nc1ccc(-n2nc3c(=O)[nH]nc(N)c3c2-c2oc3ccc(C)cc3c2C)cc1,0,8,0.14043486642436448,1517
Cc1ccccc1C(=O)N(CC1CCC1)[C@H]1CCNC1,0,8,0.04553330841537409,1764
COCC(C)(C)C#Cc1c(Cl)c2c(Cl)cc(C(N)=O)nc2n1[C@H]1CCCNC1,1,10,0.8702958703748483,1117
Cc1nc(Nc2ncc(N3CCN(C)[C@H](C)C3)c(Nc3cc(C)n(C)n3)n2)cc(C2CC2)c1F,0,8,0.2888862111708214,1765
O=C(Cc1ccc([N+](=O)[O-])cc1)N1CCN(CCc2ccc([N+](=O)[O-])cc2)CC1,1,1,0.5526310220359402,1766
CN[C@@H]1C[C@H]2O[C@@](C)([C@@H]1OC)n1c3ccccc3c3c4c(c5c6ccccc6n2c5c31)C(=O)NC4,0,7,0.3150574737573107,1767
Cc1cc(Nc2cc(N)ncn2)c(=O)n2c1C(=O)NC21CCCCC1,0,2,0.1239805544952902,1768
CN(C)CCN(C)C(=O)c1ccc(C2=NN(c3ccc(C#N)cc3)C(c3ccc(F)cc3)C2)cc1,1,2,0.3253671159489994,216
COc1ccc(CCN2CCC(Nc3nc4ccccc4n3Cc3ccc(F)cc3F)CC2)cc1,1,3,0.9319328368166304,1635
O=c1ccc2ncc(F)cc2n1CCN1CCN(c2nc3cc(C(F)(F)F)ccc3[nH]2)CC1,1,5,0.40887113324997304,1769
C[C@@H]1Cc2cc(C(N)=O)cnc2N1,0,2,0.15803283700883308,1770
Cc1nn(C)c(C)c1N(C(F)F)S(=O)(=O)c1c(Cl)cc(CCCC2CCN(C)CC2)cc1Cl,1,2,0.5703332177444572,1771
C[C@@H]1CN(CC2(C(N)=O)CCC2)CCN1S(=O)(=O)c1ccc(C(C)(O)C(F)(F)F)cc1,0,10,0.10394242764798411,1772
CNC(=O)c1ccc(-c2cc(F)c3ncc(Cc4ccc5ncccc5c4)n3c2)cc1F,0,8,0.21886885643414986,1773
C[C@H]1NC(=O)c2cc(-c3cccc4c(=O)n(C)c(NC(C)(C)C)nc34)[nH]c21,0,9,0.2118099082699093,1774
Cc1ccc2c(N3CCN(CCc4cccc5c4OCc4c(C(N)=O)ncn4-5)CC3)cccc2n1,0,10,0.6149715218492079,1775
CCCCN([C@H]1CCNC1)S(=O)(=O)c1ccc2ccccc2c1,1,5,0.2506976510072701,1776
CC(C)N(C)[C@@H]1CC[C@H](N2CC[C@H](NC(=O)c3cccc(C(C)(C)C)c3)C2=O)[C@H](CS(C)(=O)=O)C1,0,4,0.035618774561740285,934
Cn1c(=O)nc(NC2CCN(Cc3ccc4c(c3)OCO4)CC2)c2cc(Cl)ccc21,1,7,0.7575301708689044,121
C[n+]1c(CCCOc2ccccc2)cccc1CCCOc1ccccc1,1,2,0.9572522252746749,1777
Cc1cc(OC2CCN(CC3CCN([C@@H](Cc4ccc(F)cc4)C(=O)O)CC3)CC2)ccc1Cl,0,3,0.07683967660921111,234
CC1(OC(=O)N2CCC([C@H]3C[C@H]3CCOc3ccc(CC(=O)N4CCC4)c(F)c3)CC2)CC1,0,8,0.1931723209788246,1778
CC(C)(C)CNc1nc(C#N)nc(N2CCOCC2)c1N,0,5,0.09857170711993513,1779
CNCc1ccc(-c2[nH]c3cc(F)cc4c3c2CCNC4=O)cc1,0,2,0.30398384924590754,1780
Fc1ccc(CCN2CCC3(CCc4ccccc4O3)CC2)c(F)c1,1,9,0.9052600057127073,1781
O=C(O)C[C@@H]1c2ccccc2C[C@H]1NC(=O)c1cc2sc(Cl)c(Cl)c2[nH]1,0,1,0.2004948059288506,1782
OC(c1ccccc1)(c1ccccc1)C1CCN(CCCOc2ccc(-c3ccccc3)cc2)CC1,1,9,0.7860883474032728,1783
COc1ccc2c(c1)C(=O)N(Cc1ccccc1-c1ccccc1)C2C(=O)NC(C)(C)C,0,1,0.05201017179528258,422
COC(=O)C1=C(C)NC(C)=C(C(=O)OC(C)C)C1c1cccc2nonc12,0,1,0.11926859894404515,1784
Nc1nc2ccc(C(=O)NCCc3c[nH]c4ccccc34)cc2s1,0,3,0.17291920879966374,1785
CN1CC[C@H](N(Cc2ccccc2C(F)(F)F)c2ccc(C#N)c(Cl)c2)C1,1,1,0.6057207244766687,1786
CC(C)N1CCC(Oc2ccc(C3(C(N)=O)CCOCC3)cc2)CC1,0,1,0.1478660375860626,1787
O=C(NCC1CCOCC1)c1n[nH]c2ccc(-c3cncc(CO)c3)cc12,0,6,0.08716423329069246,1141
Nc1nc2c(s1)CC[C@H]2C(=O)Nc1ccc(C[C@@H]2CC[C@H]([C@H](O)c3cccnc3)N2)cc1,0,7,0.06544071627971516,1788
COc1ccc(-c2nnc(SCCCN3CCc4ccc(-c5cc(C)on5)cc4CC3)n2C)cc1,1,5,0.9723694570825544,976
C[C@@H]1Cc2c([nH]c3ccccc23)[C@@H](c2nccc(OCCNCCCF)c2F)N1CC1(F)CC1,0,7,0.15728177397464385,1789
Cc1ccc2nc(-c3ccc(F)cc3)c(CC(=O)Nc3ccc(C(F)(F)F)cc3)n2c1,0,2,0.2883753901997573,349
Cc1nc(-c2nnc3n2CCN(C(=O)c2ccc(-c4cccs4)cc2)[C@@H]3C)co1,0,4,0.06764127993543713,1790
CNC(=O)[C@@]12C[C@@H]1[C@@H](n1cnc3c(NC)nc(C#Cc4cccs4)nc31)[C@H](O)[C@@H]2O,0,9,0.12600456600554846,1791
C[C@H]1OC(C)(C)C(=O)N(c2cc(-c3cc(C(F)(F)F)c4c(N)ncnn34)ccc2C#N)[C@H]1C,0,1,0.1530508187833188,1792
COc1cccc(C(O)(CCN(C)C)C(c2cc3cc(Br)ccc3nc2OC)c2cccc3c2OCO3)n1,1,1,0.2614169958445276,1793
C[C@@H]1OCC2(CCN(c3cnc4c(-c5cccc(Cl)c5Cl)n[nH]c4n3)CC2)[C@@H]1N,1,3,0.7465557187053524,1794
CN1C[C@@H]2C[C@H]1CN2c1ncc(-c2ccc3[nH]ccc3c2)cn1,1,5,0.8883403011750212,1795
COc1cc(OC2CN(C(C)=O)C2)ccc1Nc1ncc(Cl)c(-c2cnc3ccccn23)n1,0,2,0.10911355635072807,1796
COc1ncc2cc1NS(=O)(=O)c1cccc(c1)C(=O)NCc1cccc(c1)-c1ncnc3ccc-2cc13,0,2,0.012665196480776767,1797
Fc1cc(-c2cc3nccnc3c(NC[C@@H]3CNCCO3)n2)ccc1N1CCOCC1,0,6,0.024793590843006023,1742
CN(C)C(=O)[C@@H](c1ccc(-c2ccc3ncnn3c2)cc1)[C@H](N)C(=O)N1CCC(F)(F)C1,0,9,0.06295332318325084,1798
COc1cccc2c1nc(N)n1nc(CN3CCN(c4ccccn4)C[C@H]3C)nc21,0,5,0.05376437894816033,1799
OC(c1ccccc1)(c1ccccc1)C(c1ccccc1)N1CCOCC1,0,2,0.25467049190376,1800
C[C@H]1C[C@H]2CSC(N)=N[C@@]2(c2ncc(NC(=O)c3ccc(OC(F)F)cn3)s2)CO1,0,5,0.4046405942421783,1801
C[C@@H](Nc1nc2c(cnn2C2CCCC2)c(=O)[nH]1)C(=O)N1CC[C@H](F)C1,0,2,0.09059451639739075,1802
OC(c1cnc(F)c(-c2ncnc3cc(N4CCOCC4)ccc23)c1)c1nccs1,0,2,0.01378199199049597,1803
OC(c1ccc(F)c(-c2ncnc3cc(N4CCOCC4)ccc23)c1)c1cccnn1,0,10,0.0065246085909089375,465
COc1ccc2[nH]c3c(c2c1)C[C@H]1c2cc4c(cc2CCN1C3)OCO4,0,4,0.42981722277333073,1804
CCOC(=O)CCc1ccc(OC[C@H](O)CNC(C)(C)Cc2ccc3ccccc3c2)c(C#N)c1,1,9,0.5925486157916517,468
CC(C)CC(=O)N1CCCc2cc(CNC(=O)c3ccc(Cl)cc3)ccc21,0,7,0.35485698884004324,1805
Cc1cc(N2CCc3c(c(C)nn3CC34CCC(NC(=O)CN5CCC5)(CC3)CC4)C2)c2cnn(C)c2n1,0,9,0.09511974768616589,1806
CCCOc1cc([C@H](c2cc3cc(Br)ccc3nc2OC)[C@@](O)(CCN(C)C)c2cc(OC)nc(OC)c2)cc(OC)n1,0,6,0.012228159847241888,1379
COc1c(CCN2CCN(C(=O)Cc3ccc(-n4cnnn4)cc3)CC2)ccc2c1COC2=O,0,9,0.05884332554954838,670
Cc1ncoc1-c1nnc(SCCCN2CC3CC3(c3ccc(S(F)(F)(F)(F)F)cc3)C2)n1C,1,8,0.9796372287910388,1737
N[C@@H]1CCCN(c2c(/C=C3\SC(=O)NC3=O)cccc2-c2ccncc2)C1,0,4,0.0979573833327037,1807
CNC(=O)c1ccc(-c2cc(Cl)cc(Cl)c2Cl)c(N)n1,0,7,0.22590943785934983,1808
COc1cc2c(ccc(=O)n2CCN2CCC(NCc3cc4c(cn3)OCCO4)CC2)cn1,0,1,0.03667595688569354,1809
CC[C@](C)(O)C#Cc1cc2c(ccn2-c2cc(OC)nc(N)n2)cn1,0,4,0.0916459260528512,1810
O=c1cc(OCc2ccc(C(F)(F)F)cc2)ccn1-c1ccc(OCCN2CCCC2)cc1,1,6,0.8101056124911058,188
CCn1c(C(O)c2ccc(F)c(-c3ncnc4cc(N5CCOCC5)ccc34)c2)cccc1=O,0,3,0.022233759825502967,1001
COc1cc(C)[nH]c(=O)c1CNC(=O)c1c(C)n([C@H](C)C2CCN(CC(F)(F)F)CC2)c2ccccc12,0,6,0.27954186803410275,1811
O=C(NCc1ccc(CC(F)(F)F)cc1)C1c2ccccc2C(=O)N1CCc1ccccn1,0,7,0.13900075106050266,1277
O=c1ccc(C(O)c2cc(-c3ncnc4cc(N5CCOCC5)ccc34)c(F)cc2Cl)nn1CCO,0,6,0.013419578808379665,130
Cn1ncc2c(C(O)c3ccc(F)c(-c4ncnc5cc(N6CCOCC6)ccc45)c3)ncnc21,0,9,0.003436316825685294,548
CC(=O)NC(=O)C1CCC(C2N=CC(c3cccc(Br)c3)=N2)CC1,1,1,0.15696158954057682,1812
COc1cc(C(=O)N2CCC(CNC(=O)CCCCC(c3ccc(F)cc3)c3ccc(F)cc3)C2)cc(OC)c1OC,1,10,0.5216782662054137,1813
COc1ccn2nc(C)c(C(=O)NCc3ccc(N4CCC(c5ccc(OC(F)(F)F)cc5)CC4)cc3)c2c1,0,7,0.3959087443833819,1814
O=C(CC1CCN(Cc2ccn(-c3ccc(C(F)(F)F)cc3)c2)CC1)N1CCCC(C(=O)N2CCCC2)C1,0,7,0.2679342216108866,1815
Cc1nsc(-c2nnc3n2CCN(C(=O)c2ccccc2)[C@@H]3C)n1,0,3,0.03362951734545527,638
O=C(c1ccc(O)cc1OC[C@@H](O)CN1CCC2(CC1)Cc1cc(Cl)ccc1O2)N1C[C@H](O)CO1,1,6,0.36141848489431383,1816
C=C[C@]1(C)C[C@@H](OC(=O)Cn2cc(-c3ccc(Cn4cnc5c(N)ncnc54)cc3)nn2)[C@]2(C)[C@H](C)CC[C@]3(CCC(=O)[C@H]32)[C@@H](C)[C@@H]1O,0,2,0.15470793167150357,1817
COc1ccc(-n2c(C)nnc2SCc2nc(-c3ccc(OC)c(OC)c3)no2)cc1,0,5,0.18817423035309963,1818
CCc1nccn1Cc1cn(-c2ccc(Cl)c(C)c2)nn1,1,10,0.9852845317945486,23
CC1(C)[C@H](Nc2c(C(N)=O)cnn3cc(-c4ccncc4)cc23)CC[C@]1(C)N,0,3,0.021230966151309143,1819
c1ccc(CCN2CCCC(c3c(-c4ccccc4)[nH]c4ccccc34)C2)cc1,1,6,0.9057111288452029,1820
Cc1ccc(-c2cc3ncn(C)c(=O)c3c(NC[C@H]3CCCNC3)n2)cc1,0,8,0.09648945958484488,1821
NC(=O)c1cccc([S+]([O-])[C@H]2C[C@H]3CC[C@@H](C2)N3Cc2ccccc2)c1,0,4,0.6560195556315359,1822
Fc1ccc(CCN2CCC(Nc3ncnc4[nH]ncc34)C(F)(F)C2)cc1,0,6,0.1800495507022263,1823
Cc1[nH]nc(Nc2ccnc3cc(OCCO)c(S(=O)(=O)C(C)(C)C)cc23)c1C,0,3,0.06309435244650143,928
Cc1ccc(-c2ncc[nH]2)c(C)c1NC(=O)c1ccc(OCc2ccccn2)cc1,0,5,0.15801235491543397,1824
Cc1ccc(NC(=O)c2cccc(C(F)(F)F)c2)cc1C#Cc1nn([C@H]2CC[C@H](O)CC2)c2ncnc(N)c12,0,8,0.45184193576194287,1825
OCCc1nccn1Cc1cn(-c2ccc(Cl)c(Cl)c2)nn1,1,6,0.9297843037674949,23
COc1cc2c(cc1Nc1ncc(Cl)c(Nc3ccccc3S(=O)(=O)C(C)C)n1)CC/C(=N\N1CCN(C)CC1)C2(C)C,0,3,0.3355926215470331,1826
C[C@@H]1CCCN1CCc1ccc2nc(C3CC3)ccc2c1,0,1,0.37606734069308706,1827
CCC(=O)CCCCC[C@H](NC(=O)[C@H]1CC12CCN(C)CC2)c1ncc(-c2ccc3c(=O)n(C)ccc3c2)[nH]1,0,1,0.04929007025980905,1828
Nc1ccccc1NC(=O)c1ccc(CNc2nccc(-c3cccnc3)n2)cc1,0,9,0.16411578772750574,1829
Cc1nc(NCC(=O)NC2CN([C@H]3CC[C@@](O)(c4cncs4)CC3)C2)c2cc(C(F)(F)F)ccc2n1,0,2,0.03637536889038857,76
CCOc1ccc2cc(-c3nn(C(C)(C)CCO)c(N)c3C(N)=O)cnc2c1,0,5,0.020137203082028602,772
CC(C)(O)COCc1cccc(Nc2sc(-c3c(F)cc(C(C)(C)O)cc3F)cc2C(N)=O)n1,0,4,0.17394013309734047,1830
O=C(O)[C@H]1CC[C@@H](OC2CCN(c3ccc(-c4nc5cc(Cl)ccc5[nH]4)cn3)CC2)CC1,0,7,0.10654160756247899,713
Cc1ccc2c(-c3nnc(SCCCN4CCc5cc6nc(C(F)(F)C(F)(F)F)oc6cc5CC4)n3C)cccc2n1,1,8,0.9367129391219493,803
CCOP(=O)(Cn1ccc(NC(=O)c2cc(Oc3ccc(S(C)(=O)=O)cc3)cc(O[C@@H](C)CO)c2)n1)OCC,0,6,0.01800489382716159,1831
O=C(NC1CCc2ccccc2CC1)N1CCC(c2nc(-c3ccccn3)no2)CC1,0,6,0.13009993843680778,1832
C[C@@H](Oc1nnc(-c2ccncc2)n1C)c1noc(-c2cccc(Cl)c2)n1,0,6,0.22108813600966543,1833
Cc1nc(NC(=O)NCCOCC2CC2)sc1C#Cc1ccc2cncn2c1,0,10,0.15342686121788845,1834
Nc1ccc(-c2ccccc2F)cc1NC(=O)c1ccc(CN2CCC3(CCCN3)CC2)cc1,1,7,0.5657173775837964,1835
CCCCc1cc(OC2CCN(CCCS(=O)(=O)C(C)(C)C)CC2)c2ncccc2c1,1,9,0.9406035188519568,409
O=c1n(CCCN2C3CCC2CC(COc2ccccc2F)C3)nc2ccccn12,1,7,0.526857298842873,1836
Cc1ccsc1/C=N/N(C)c1cnc2ccccc2n1,1,2,0.33223130510322657,1837
O=C(NC(c1ccccc1)c1ccccc1)c1cnc(-c2cccnn2)nc1O,0,8,0.16510574743656337,1838
N#C[C@H]1CCOC[C@@H]1n1cc(C(N)=O)c(Nc2ccc(F)cc2)n1,0,2,0.02605328825078063,1839
CCCCCCCSc1nc(N)cc(O)n1,0,10,0.27269778475785816,1840
COc1ccc([C@@H]2Sc3ccccc3N(CCN(C)C)C(=O)[C@@H]2OC(C)=O)cc1,0,4,0.33077767518145107,1032
O=C(Cn1ccccc1=O)Nc1ccc(C[C@@H]2CC[C@H]([C@H](O)c3ccccc3)N2)cc1,0,2,0.15353400330415454,1841
CC(=O)N1CCc2nc(N3CCC(Oc4ccc(F)cc4F)CC3)c(N[C@H]3CCOC3)nc2C1,1,3,0.1353390942979896,1842
O=C(Nc1ccc(F)c(Cl)c1)N1CCN(C[C@@H]2CCCN(C3CC3)C2)CC1,0,6,0.3139232090938698,512
O=C(O)CCc1cc2cc(-c3cc(OC(F)(F)F)ccc3F)ccc2o1,0,10,0.2647488760056411,1843
CNC1CN(c2nc(N)nc3cc(C4CCCC4)cnc23)C1,0,9,0.18581760264973987,1844
OC(Cc1cccnc1-c1cc(Cl)cc(Cl)c1)(c1cccnc1)c1cccnc1,0,5,0.19524102770707258,1423
OC(c1ccc(CN2CCC3(CC2)OCc2cc(F)ncc23)cc1)c1ccc(F)c(F)c1,1,4,0.741545721258317,1426
O=c1ccc2ncc(F)c3c2n1C[C@@]3(O)CC12CCC(NCOc3cc(F)ccc3F)(CC1)CO2,1,1,0.46016707500552484,1845
Cc1ccnc(C)c1C(=O)N1CCC(C)(N2CCC(N(c3ccccc3)c3cccnc3)CC2)CC1,0,4,0.6482876157143692,1846
COc1c(C(C)(C)C)cc(C(=O)N2CCN(C(=O)CCCCC(c3ccc(F)cc3)c3ccc(F)cc3)[C@@H](C)C2)cc1C(C)(C)C,1,2,0.6254380274798551,1847
CC[C@@H](c1nc2cccc(F)c2c(=O)n1C1CC1)n1nc(-c2ccc(OC)c(F)c2)c2c(N)ncnc21,0,3,0.24984599233753613,1848
Cn1cnc(C(=O)N(Cc2ccc(F)c(Cl)c2)C[C@H]2[C@@H]3CNC[C@@H]32)c1,0,9,0.23818992233761846,1849
Cc1nn(-c2ccnc3[nH]c(-c4cccc5c4ccn5C)nc23)cc1CN1CC[C@H](O)C1,0,1,0.17746077343585598,1302
OC(c1cc(-c2ncnc3cc(N4CCOCC4)ccc23)ccc1Cl)c1ncnc2sccc12,0,3,0.02752074440030307,865
Cc1cnc2c(C(=O)NCCO)cn(Cc3ncnc(OC(F)F)c3C)c2c1,0,7,0.06383350397110873,476
Cn1ncc2c(C(O)c3cc(-c4ncnc5cc(N6CCOCC6)ccc45)ccc3F)ncnc21,0,5,0.0032344256858442763,548
Cn1nc(C(O)c2ccc(F)c(-c3ncnc4cc(N5CCOCC5)ccc34)c2)ccc1=O,0,8,0.0047509237469783045,130
CN(Cc1ccc(C(F)(F)F)nc1)c1cc(C(=O)Nc2nncs2)ncn1,0,1,0.08870625907351744,1850
O=C(CCCCCCC(=O)Nc1ccc2ccnc(Nc3ccc4ccccc4c3)c2c1)NO,0,7,0.1886237731439608,1851
CCNC(=O)Nc1cccc(CNc2cc(C(F)(F)F)cc3ncc(N4CCN(C)CC4)cc23)c1,0,1,0.421847755514321,1071
CC(=O)NCCc1ccccc1-c1onc([C@H]2CNCC[C@]2(OCC(O)CO)c2ccc(F)c(F)c2)c1Br,0,2,0.11049193856484604,925
NC(=O)c1cnc(N[C@H]2CCCNC2)c2cc(-c3cccs3)sc12,0,9,0.11322952695579297,1852
C[C@@H]1CCCN1CCc1ccc2ncccc2c1,0,9,0.2821341186313573,731
CCCCNC(=O)c1c(O)c2sccc2n(Cc2ccccc2)c1=O,0,10,0.2526435455876428,1853
CC(C)(O)c1coc(S(=O)(=O)NC(=O)Nc2c3c(cc4c2CCC4)CCC3)c1,0,3,0.09560872574523568,1854
CCC[C@@H](CCO)Nc1nc(N)nc2cnn(Cc3ncc(C4CCC5(CC4)CN(C(C)C)C5)cc3OC)c12,0,4,0.1045398112161208,971
CC1CCOc2ccnc3ccc(nc23)-n2c(=O)[nH]c3nccc(c32)O1,0,3,0.10294599042454025,1855
NS(=O)(=O)NCCc1cc2cc(CN3CCOCC3)cc3c(=O)c(C(=O)NCc4ccc(Cl)cc4)cn1c23,0,1,0.1823681154316285,1573
Cc1ccc(OC(=O)N(CC(=O)O)Cc2cccc(OCc3nc(-c4ccc(Cl)cc4)oc3C)c2)cc1,0,6,0.04631265059374487,675
c1ccc(N2CCN(CC3CCCCN3)C2)cc1,0,7,0.3044227971791082,1856
CO[C@H]1C[C@@H](n2c(=O)n(C)c3cnc4ccc(-c5ccc(OCCCN6CCC6)nc5)cc4c32)C1,0,2,0.11011715186007037,1857
CC(=O)N1Cc2cc(S(=O)(=O)C3CC3)ccc2C1C(=O)Nc1ccc(C(O)(C(F)(F)F)C(F)(F)F)cc1,0,3,0.043520688588889946,1858
COC[C@H]1Cn2cc(-c3nc(Nc4ccnn4C)ncc3C)nc2C(=O)N1Cc1ccc(F)c(F)c1,0,4,0.13861715550332276,1207
Cc1ccc2nc(-c3ccc(F)cc3)c(CC(=O)Nc3cccc(C(F)(F)F)c3)n2c1,1,6,0.065380449606937,349
COc1ccc2ncc(F)c(C[C@H](O)[C@H]3OC[C@H](NC(=O)c4ccc5c(n4)NC(=O)CS5)CO3)c2n1,0,10,0.07729079064628175,1859
CC(C)(C)NC(=O)C1c2ccccc2C(=O)N1Cc1cc(F)ccc1-c1ccccc1,0,1,0.04862862776455167,422
COc1cccc2[nH]c(-c3nc(N[C@@H]4CCOC[C@@H]4N)cnc3C(N)=O)cc12,0,10,0.09896048856039073,1860
CN1CCOc2c1cnn1c(-c3ccc4cccc(NCC5(F)CCNCC5)c4n3)nnc21,0,3,0.07518775809532013,459
C[C@@H]1Cc2c(ccc3[nH]ncc23)[C@@H](c2c(F)cc(/C=C/C(=O)O)cc2F)N1CC(C)(F)F,0,3,0.23810812380680735,944
COCCCc1cc(CCC(=O)N2CCOCC2)c(Cl)c(CN(C(=O)[C@H]2CNCC[C@@]23OCc2cc(F)c(F)cc23)C2CC2)c1,0,1,0.1584407479891782,1861
O=c1ccc2ccc(F)c3c2n1CC3C[C@H]1OC[C@H](NCc2cc3c(nn2)OCCO3)CO1,0,6,0.08351677604156972,1862
Cc1ncnc(C2CC2)c1-c1ncc2nc(NCc3ccc(S(C)(=O)=O)cn3)c(=O)n([C@@H](C)C3CC3)c2n1,0,2,0.05315738050459234,1863
COc1ccc2nccc(NC(=O)[C@H]3CC[C@H](NCc4cc5c(cn4)OCCO5)CC3)c2n1,0,9,0.10134587949712681,31
CN(C[C@H]1Cc2c(cccc2N2CCNCC2)CN1)[C@H]1CCCc2cccnc21,0,5,0.18486524380284577,1864
CN(c1ccc(-c2ccc(-n3cc(CO)cn3)cc2O)nn1)C1CC(C)(C)NC(C)(C)C1,0,3,0.3218720434151113,1173
COc1ccc(CC(=O)Nc2cc3c(cc2[N+](=O)[O-])OC(C)(C)[C@H](O)[C@H]3NC2CC2)cc1,0,5,0.2747498544162995,1865
Cc1cc(Oc2nccc3occc23)ccc1-c1c(C)ncc2nccn12,0,10,0.3974343423256446,1866
CCCCCCCCCc1cccc(CCCCCCCCC)[n+]1C,1,7,0.9677701211723054,792
Cn1ncnc1[C@H]1c2n[nH]c(=O)c3cc(F)cc(c23)N[C@@H]1c1ccc(F)cc1,0,10,0.13034650423698746,1867
COC1COCCC1N[C@@H]1C[C@H]2C[C@@H](F)C[C@@]2(C(=O)N2CCc3ncc(C(F)(F)F)cc3C2)C1,0,8,0.020941353675440092,685
Nc1ccc(-c2cccs2)cc1NC(=O)c1ccc(N2CCC3(CCNC3=O)CC2)nc1,0,8,0.18265042133655376,1868
CN1CCOc2c1cnn1c(-c3ccc4c(F)ccc(NCC5(F)CCNCC5)c4n3)nnc21,0,5,0.07090060371991395,459
Cc1oc(-c2ccccc2)nc1CCOc1ccc(C[C@@H]2C(=O)N(c3ccc(C(C)(C)C)cc3)[C@@H]2C(=O)O)cc1,0,8,0.27288428590603964,1869
Cc1noc(-c2ccccc2)c1CCN1Cc2ccc(/C=C/C(=O)NO)cc2C1,0,1,0.2940606956875138,1870
COc1cc(F)ccc1-c1cncc(CNC(=O)C2CC2)c1,0,8,0.1305110769441731,1871
Nc1nc2ccc(C(=O)NC(c3ccccc3)c3ccccc3)cc2s1,0,4,0.16979150884694177,1872
CNC[C@H](c1ccc(Cl)c(Cl)c1)[C@H](O)c1cccc(OC)n1,0,9,0.1684690214882541,1873
O=C1COc2ccc(CNC3CCN(CCn4c(=O)ccc5ncc(Oc6ccon6)cc54)CC3)nc2N1,0,1,0.023629509010070087,1874
COc1cnc2ccc(=O)n(C[C@H](N)[C@H]3CC[C@H](NCc4ccc5c(n4)NC(=O)CO5)CC3)c2c1,0,6,0.01312334436379765,1875
NC(=O)C(c1ccccc1)(c1ccccc1)[C@@H]1CCN(CCc2ccc3c(c2)CCO3)C1,1,6,0.6334330451637373,1876
Cc1cc(F)ccc1[C@H]1CSc2cc(O)ccc2[C@H]1c1ccc(OCCN2CC(CF)C2)cc1,0,10,0.18882689890123858,358
Cc1ccc([C@]2(O)CC[C@H](N[C@H]3CCN(C(=O)CNC(=O)c4cccc(C(F)(F)F)c4)C3)CC2)nc1,0,1,0.05350522887739974,1335
CC(=O)N1CCC(n2nc(C)c(Nc3ncc(Cl)c(-c4cnn5ccccc45)n3)c2C)CC1,0,9,0.062427024772320434,93
COc1cc(-c2cn(C3CCc4c(ccc(Br)c4F)N(CC(F)(F)F)C3=O)nn2)ccc1-n1cnc(C)c1,1,7,0.5447988933692943,1877
C[C@@H]1CN(c2nc(C(F)(F)F)no2)CCN1c1ncc(OCc2ccc(CS(C)(=O)=O)cc2F)cn1,0,8,0.056113591316839476,791
Cc1ccc(OC(=O)N(CC(=O)O)Cc2cccc(OCc3sc(-c4ccc(Cl)cc4)nc3C)c2)cc1,0,2,0.16663406022041752,1878
COc1ccc2c(c1)CCN(C(=O)CNCC1(O)CCCCC1)[C@H]2C(C)C,0,9,0.1796486661103982,1879
CCc1nn2c(C)cc(C)nc2c1Cc1ccc(-c2nnc(C3CCNCC3)o2)cc1,0,3,0.22955943202288856,1880
CCOC(=O)c1ccc(CCN2CCN(CCc3ccc([N+](=O)[O-])cc3)CC2)cc1,1,6,0.74165731408295,210
COC[C@@H](O)COc1cn2ncnc(Oc3ccc4[nH]c(C)cc4c3F)c2c1C,0,10,0.16158958886782,1174
COc1ccccc1-c1cc2c(N[C@H](CO)c3ccccc3)ncnc2[nH]1,0,2,0.04044494964439283,1131
[2H]C([2H])([2H])Oc1ccccc1-c1cc2c(N[C@H](CO)c3ccccc3)ncnc2[nH]1,0,8,0.06794383943396948,1131
N#Cc1ccc(CCN2CCN(C(=O)Cc3ccc(-n4cnnn4)cc3)CC2)cc1,1,1,0.20369164722788102,1881
Cc1nnc(-c2nn(C)c3ccc(Nc4nccc(-n5cc(N[C@@H]6CCOC[C@@H]6N)c(C)n5)n4)cc23)o1,0,2,0.13837258359875562,1882
CC(C)C1(c2ccc(-c3ccc4ccccc4c3)[nH]c2=O)OC(=O)NC1=O,0,4,0.1726038622048198,1883
CSc1cc(CCN2CCN(CCc3ccc4c(c3)COC4=O)CC2)ccc1C#N,1,4,0.8770963244139572,174
Cc1cnc(Nc2cccnc2C)nc1-c1c[nH]c2c(NC(=O)[C@@H](C)N3CCN(C)CC3)cccc12,0,9,0.12951150883644508,1884
O=c1cc(OCc2ccccc2)ccn1-c1ccc2c(cnn2CCN2CCOCC2)c1,0,6,0.4226758697267489,1885
CNC(=O)c1ccc(N2CCN(Cc3ccc4nc(C(F)(F)F)c(=O)[nH]c4c3)CC2)c(Cl)n1,0,7,0.03270632022567825,891
CCS(=O)(=O)c1cc2cc(C[C@](O)(CC(C)(C)c3ccccc3C(N)=O)C(F)(F)F)[nH]c2cn1,0,8,0.1557161616061063,270
CN(C)c1ccc2ncc(F)c(CCC34CCC(NCc5ccc6c(n5)NC(=O)CO6)(CC3)CO4)c2n1,1,8,0.9586394545515481,265
O=C(O)CC(O)CN1CCC(=C2c3ccc(Cl)cc3CCc3cccnc32)CC1,0,4,0.31178602227633784,1886
COC(=O)C1=C(C)NC(C)=C(C(=O)OC)C1c1ccccc1[N+](=O)[O-],0,9,0.16193716268100686,1887
c1cnc(Nc2nc3c(s2)CCCc2n[nH]cc2-3)nc1,0,9,0.10215836039732719,1888
CN(C)c1cn(-c2ccc(F)cc2)c2ccc(Cl)cc12,1,7,0.4878068950801381,1554
CNC12CCC(Cn3nc(C)c4c3CCN(c3cc(C)nc5c3cnn5C)C4)(CC1)CC2,0,2,0.05619467696227971,386
CCOC(=O)C1=C(CN2CCOC[C@@H]2C(=O)O)NC(c2nccs2)=N[C@H]1c1ccc(Cl)cc1Cl,0,7,0.16077634949969047,754
COc1cc(/C=C/c2nc3ccccc3c(=O)n2C)ccc1-n1cnc(C)c1,1,8,0.3911668791556938,1889
Cc1cc(-c2n[nH]c3cc(NC(=O)N[C@H](C)c4ccccc4)ncc23)cc(C)n1,0,5,0.09489012272656971,1457
CNCCC(c1ccccc1)c1c[nH]c2ccccc12,1,5,0.453742904162438,1890
C[C@@H]1Cc2c(ccc3[nH]ncc23)[C@@H](c2c(F)cc(NC3CN(CCCF)C3)cc2F)N1CC(C)(F)CO,1,2,0.6721089244586967,1193
CC(C)(C)n1nc(-c2ccc3cc(OC4CC4)ccc3c2)c(C(N)=O)c1N,0,4,0.07127645400848642,1137
Cn1c(SCCCN2CC[C@]3(C[C@@H]3c3ccc(C(F)(F)F)cc3)C2)nnc1-c1ccc(S(N)(=O)=O)cc1,1,7,0.8227305718472258,1003
NS(=O)(=O)c1cccc(NC(=O)c2cc(C(F)(F)F)cnc2N2CCC(F)(F)CC2)c1,0,1,0.10780807647067477,1891
CC1CCN([C@H]2CC[C@](NC(=O)C(C)c3cc(C(F)(F)F)cc(C(F)(F)F)c3)(c3ccccc3)CC2)CC1,1,6,0.8846787997366925,1892
C[C@@H]1Sc2ccccc2O[C@@H]1c1ccc(OCCCN2CCCC2)cc1,1,10,0.9171954976445941,1893
Cc1nn(C2CCN(C(=O)[C@H](C)N)CC2)c(C)c1Nc1ncc(Cl)c(-c2cnn3ccccc23)n1,0,10,0.04277565450949474,93
CCn1c(=O)oc2ccc(-c3ccc(C[C@@H](C#N)NC(=O)[C@@H]4CNCCCO4)cc3)cc21,0,8,0.06220267694106584,65
CC(C)(C)c1cc(CNCC2CCN(CCCCCC(c3ccc(F)cc3)c3ccc(F)cc3)C2)cc(C(C)(C)C)c1O,1,2,0.8914576956880533,1894
COCCOc1cc(NC(=O)N2CCCc3cc(CN(CCN(C)C)C(C)=O)c(C=O)nc32)ncc1C#N,0,1,0.06946848242222087,1895
CCCCc1cc(OC2CCN(CCCS(=O)(=O)CCC)CC2)c2ncccc2c1,1,2,0.9750464826041271,409
O=C(NC1CC(F)C1)c1ccc2cc(Oc3ccc(C(F)(F)F)cn3)ccc2n1,0,4,0.11929078860264337,1896
CNc1cc(F)cc2c1[nH]c1nc(Oc3cnc(C)nc3)nc(N3CC(=C(F)CN)C3)c12,0,10,0.03049003906138339,508
Cc1c(Nc2ncc3cc(Cl)c(C4CCN(C5COC5)CC4)cc3n2)cnn1C1CC1,0,2,0.2737320013463004,1897
CCS(=O)(=O)N1CC(CC#N)(n2cc(-c3c(F)cnc4[nH]ccc34)cn2)C1,0,7,0.020929866309161594,771
Cc1nc2ccccc2n1C1CC2CCC(C1)N2CCC1(c2cccc(F)c2)CCN(C(=O)c2c(Cl)ccc(S(N)(=O)=O)c2Cl)CC1,0,10,0.07888766127235408,305
CCCCCCCCc1cccc(CCCCCCCC)n1,0,8,0.8518336145910932,1898
Cc1cc(C(O)c2cc(-c3ncnc4cc(N5CCOCC5)ccc34)c(F)cc2Cl)n(C)c(=O)c1,0,5,0.022745879773183965,1001
CN1CCC(COCc2cc(C(F)(F)F)cc(C3CC3)n2)(c2ccc(F)cc2)CC1,0,2,0.05061884423760822,1123
CC(C)(C)OC(=O)N1CCC2(CC1)C[C@H](Nc1ncnc3c1nnn3[C@@H]1C[C@@H](COS(N)(=O)=O)[C@@H](O)C1)c1ccccc12,0,1,0.09518486821422828,1348
C[C@]12CCC(F)(F)C[C@H]1C[C@@H](N1CCC[C@@H](N)C1)[C@@H]2Oc1ccc(C#N)cc1,0,2,0.21566539087513822,1759
CNC(=O)c1nn(C)c2ccc(Nc3nccc(-n4cc(N[C@@H]5CCOC[C@@H]5N)cn4)n3)cc12,0,3,0.027051067623591697,1899
Cc1cc(CNc2nc(N)nc3ccn(Cc4ncccc4Cl)c23)no1,1,4,0.5699521754536075,632
CC(C)(C)OC(=O)N1Cc2ccc(/C=C/C(=O)NO)cc2C1,0,10,0.0535344214927449,410
NC(=O)Nc1cc(-c2cccc(F)c2)sc1C(=O)N[C@H]1CCCNC1,0,7,0.0724037327221773,1900
C[C@@H]1CCCN1CCc1ccc2nc(-c3cncnc3)ccc2c1,0,8,0.20777483975299782,1901
CN(C)c1ccc2c(c1)Cc1cc(N(C)C)ccc1C21OC(=O)c2cc(C(=O)NCCCCCCN(CCOc3ccc(NS(C)(=O)=O)cc3)CCc3ccc(NS(C)(=O)=O)cc3)ccc21,1,6,0.7318444041155532,1902
CCOc1cc2ncc(C(N)=O)c(Nc3ccc(F)cc3F)c2cc1N1CCN(C)CC1,0,9,0.04752122097652614,365
Cc1ncc(-c2nc(Nc3ccc(N4CCN(C(=O)CO)CC4)cc3)ncc2F)n1C(C)C,0,8,0.0508889876804067,1903
C[C@@H]1Cc2c([nH]c3ccccc23)[C@@H](c2c(F)ccc(OCCNCCCF)c2F)N1C[C@H](C)C(=O)O,0,2,0.04493361331879877,477
COCCN(C)Cc1csc(-c2cn(CC3CCCCC3)c3c(Cl)cccc23)n1,1,8,0.7203556411334455,1904
COC1COCCC1N[C@@H]1C[C@H]2CN(C(=O)OCCC3CCOCC3)C[C@@]2(C(=O)N2CCc3ncc(C(F)(F)F)cc3C2)C1,0,5,0.030782579756545657,1905
CSc1ccccc1C(=O)NCCCC[C@H](NC(=O)c1cncs1)c1ncc(-c2ccc3ccccc3c2)[nH]1,1,1,0.2378420292192649,1906
C[C@H]1CCCN1CCCOc1ccc2c(c1)CC[C@H]1[C@@H]3[C@H](C(=O)N4CCCC4)CC(=O)[C@@]3(C)CC[C@H]21,0,6,0.20567354877240115,1907
C[C@@H]1Cc2c(ccc3[nH]ncc23)[C@@H](c2cnc(NC3CN(CCCF)C3)cn2)N1CC(F)F,1,7,0.927874983811653,1908
O=C(NCc1ccc(OC(F)(F)F)cc1)C1c2ccccc2C(=O)N1C1CCOCC1,0,10,0.06721245364825974,1909
Cc1cccc(C(=O)Nc2cccc(NC(=O)c3ccccc3C(F)(F)F)c2)c1,0,4,0.10670071906643547,1571
C[C@@H]1Cc2c(ccc3[nH]ncc23)[C@@H](c2cnc(NC3CN(CCCF)C3)cn2)N1CC(F)(F)F,1,4,0.9397463421519391,1908
Cc1cc(-c2ccc(C(=O)[C@@H]3CCCC[C@H]3C(=O)Nc3cn(C)nc3C)cc2)n[nH]1,0,4,0.1025511124984086,544
CCNC1=N[C@@H]2[C@@H](F)[C@H](O)[C@@H](CO)O[C@@H]2S1,0,10,0.031235675721538268,283
Nc1nnc(N2CCC(N3C[C@H](CN4CCC(F)(F)C4)OC[C@@H]3Cc3ccc(Cl)cc3)CC2)[nH]1,0,8,0.025881431857128174,1910
C[C@H](Oc1cc2cc(C(N)=O)cc(F)c2nc1N)c1ncc(F)cc1-n1cccn1,0,4,0.08081216566971076,1911
N[C@H](C(=O)N1CCC(F)(F)C1)C1CCCCC1,0,2,0.038613671297286795,1912
COc1ccc(-c2nc(C(F)(F)F)sc2N2CCN(C(=O)Cn3nc(C)nc3C)[C@H](C)C2)cn1,0,10,0.1189932976054231,1913
Cc1cnc2c(NC(=O)c3cn4cc(C56COC(C)(C5)C6)nc4c(F)c3OC(C)C)cnn2c1,0,6,0.11361997429671895,1914
OC(c1cccc(-c2ncnc3cc(N4CCOCC4)ccc23)c1)c1nccs1,0,9,0.03152512031538499,257
Cn1cc2cc(-c3cnc(Nc4cnc(C#N)cn4)cc3NC[C@H]3CNCCO3)ccc2n1,0,7,0.09991292954471864,1915
Cc1nc(COc2nc(N)nc3ccn(Cc4ccccn4)c23)no1,0,4,0.1752606259412755,1916
COCCNC12CCC(Cn3nc(C)c4c3CCN(c3cc(C)nc5c3cnn5C)C4)(CC1)CC2,0,10,0.09322325499301831,386
CCc1cc(Cn2cc(-c3ccc(F)c(C(F)F)c3)cn2)n[nH]1,1,10,0.9330827050888271,59
C[C@@H]1CN(c2nnc(C(F)(F)F)o2)CCN1c1ncc(OCc2ccc(CS(C)(=O)=O)cc2)cn1,0,8,0.07748044865960842,694
NC1=N[C@]2(CO1)c1cc(OCC3CCCCC3)ccc1Oc1ccc(-c3cncnc3)cc12,1,1,0.49629811982457983,1917
Cc1cn([C@H]2CCCN(S(=O)(=O)c3ccc(O)c(Oc4cccc(Cl)c4)c3)C2)c(=O)[nH]c1=O,0,3,0.2069513336353261,1918
COC1COCCC1N[C@@H]1C[C@H]2CCC[C@@]2(C(=O)N2CCc3ncccc3C2)C1,0,1,0.05205060031659769,685
C[C@H](c1ccccc1)N1[C@@H]2CC[C@H]1C[C@H](Oc1cccc(C(N)=O)c1)C2,1,8,0.9109241186805307,417
O=C(Nc1nccs1)/C(=N/N1CCCC1)c1ccc(S(=O)(=O)C2CC2)cc1,0,7,0.08316008631052506,1692
C[S+]([O-])c1ccc(-c2ccc3ncc(-c4ccc(S(C)(=O)=O)cc4)n3n2)cc1,0,2,0.32045940710033716,886
O=c1n(Cc2ccc(Cl)cc2)c2sc3c(c2c2ncnn12)CCN(CC1CCOCC1)C3,1,4,0.75664502130875,199
COc1ccc([C@@H](O)c2ccc(F)c(-c3ncnc4cc(N5CCOCC5)ccc34)c2)nn1,0,9,0.0,465
Cc1cc(C(=O)N[C@@H]2CC(C)(C)Oc3nc(-c4ccc(Cl)cc4Cl)c(-c4ccc(Cl)cc4)cc32)n[nH]1,1,6,0.6130427195122449,1919
CC(C)(N)C(=O)N1CCn2c(nc(-c3ccc(F)cc3)c2Nc2ccc(F)cc2)C1(C)C,0,9,0.15496505006568195,585
CC(C)(O)C#Cc1cnc(Nc2cnc(C#N)cn2)cc1NC[C@@H]1CNCCO1,0,8,0.0773192036290937,1920
N#Cc1ccc(Cn2c(NC3CCN(CCc4ccc(-c5nc(C(F)(F)F)no5)cc4)CC3)nc3ccccc32)cc1,1,9,0.8811742686044515,1921
CCCCCCCN(CC)C/C=C/Cc1ccccc1,1,6,0.8079333412140957,156
FC(F)(F)c1cccc(-n2cc(Cn3ccnc3C3CC3)nn2)c1,1,2,0.9476488224584849,428
CCC[C@@H](CCO)Nc1nc(N)nc2cnn(Cc3ncc(C4CCN(C(C)C)CC4)cc3OC)c12,0,3,0.047595883953973045,44
N#C[C@H]1CCOC[C@@H]1n1cc(C(N)=O)c(Nc2ccc(-n3ccnn3)cc2)n1,0,10,0.05202087108668971,1922
COc1ccc(-c2ccn3c(CC4CC4(F)F)nnc3c2Cl)cc1F,0,7,0.16305745555847062,705
Clc1ccc(-n2cc(Cn3ccnc3C3CC3)nn2)cc1Cl,1,10,0.9957012673483774,428
COC(=O)NCCc1ccccc1-c1ccc([C@H]2CNCC[C@@H]2c2ccn(C)c(=O)c2)c(Cl)c1,0,7,0.2334441213899196,1923
CN(C)S(=O)(=O)N1CC(CC#N)(n2cc(-c3ccnc4[nH]ccc34)cn2)C1,0,2,0.03492585394993846,771
Cc1ncc(C(O)c2ccc(F)c(-c3ncnc4cc(N5CCOCC5)ccc34)c2)nc1C,0,7,0.0054597178986920715,247
CCCC[C@@H](CCO)Nc1nc(N)nc2cccc(C)c12,1,8,0.17089560258827274,1315
Cc1c(N2CC[C@@H]([C@H](C)N)C2)c(F)cc2c(CN)cc(=O)n(C3CC3)c12,0,5,0.08260547147665585,1924
Fc1nccc2c3cnc(Nc4ccc(N5CCNCC5)cn4)nc3n(C3CCCC3)c12,1,9,0.24111485347970638,1925
CN(CCCCN(C[C@H]1Cc2ncccc2CN1)[C@H]1CCCc2cccnc21)C1CCOCC1,0,2,0.18554231735570287,1926
[2H]C(Nc1cc(C(F)(F)F)cc2ncc(N3CCN(CC([2H])([2H])O)CC3)cc12)c1cccc([N+](=O)[O-])c1,1,4,0.7503935663284322,1071
[2H]C([2H])(O)CN1CCN(c2cnc3cc(C(F)(F)F)cc(NCc4cccc([N+](=O)[O-])c4)c3c2)CC1,1,8,0.787856380115695,1071
O=[N+]([O-])c1cccc(CNc2cc(C(F)(F)F)cc3ncc(N4CCN(CCO)CC4)cc23)c1,1,10,0.7790469010124164,1071
CCCn1c(-c2ccccc2)cc(C(=O)N(C)CCCN2CCN(c3cccc(C)c3C)CC2)c1C,1,10,0.7309455150535347,1927
CCc1nc2ccc(CN3CCN(c4ccc(C(=O)NC)nc4F)CC3)cc2[nH]c1=O,0,8,0.0,891
O=C(CCCCCCNc1ncnc2ccc(Cl)cc12)NO,0,1,0.14694523588918007,1315
Nc1ccc(-c2ccncc2)cc1NC(=O)c1cnc2cc(N3CCNCC3)ccc2c1,0,1,0.24081711954531546,1928
COc1cc(C(=O)NCCF)c2ncn(Cc3ncnc(N(C)C)c3C)c2c1,0,5,0.07039502897286311,1929
CC(Cc1ccccc1)NCCC(c1ccccc1)c1ccccc1,1,1,0.6033037631590535,1930
Cc1noc(-c2ccc(CCN3CCC(Nc4nc5ccccc5n4Cc4ccc(C#N)cc4)CC3)cc2)n1,1,4,0.9405171110976196,1921
N#Cc1ccc(Cn2cncc2CN(CCN2CCOCC2)[C@H]2CCN(Cc3ccccc3)C2=O)cc1,1,9,0.4619001172874229,1931
C[C@@H]1CN(c2nc(N3CCOCC3)c3ccc(-c4cccc(CNCCO)c4)nc3n2)C[C@H](C)O1,0,9,0.109313952321229,719
COc1cnc(C(=O)Nc2cc(F)c(F)c([C@]3(C)C[C@@H](c4c(C)noc4C)SC(N)=N3)c2)cn1,1,10,0.14785433266178044,1932
N[C@H]1C[C@@H](N2Cc3nn4cccnc4c3C2)CC[C@@H]1c1cc(F)c(F)cc1F,0,2,0.3334906530281591,1933
CCc1nc2cc(F)c(CN3CCN(c4ccc(C(=O)NC)nc4F)CC3)cc2[nH]c1=O,0,1,0.01422313396435772,891
Cc1c(OCCN(C)CCCF)ncc(F)c1[C@@H]1c2[nH]c3ccc(F)cc3c2C[C@@H](C)N1CCC(=O)O,0,1,0.14263293697991244,774
N#Cc1cncc(NC(=O)COc2ccc(C(=O)c3cc(Cl)ccc3Br)cc2)c1,1,5,0.7092653786672408,1934
Cc1nn(C(C)(C)C)c2nc(C3CC3)cc(C(=O)N3CCOc4ccncc43)c12,0,3,0.18910725359360095,1935
CCc1cc2ccc(CN3CCN(c4cnc(C(=O)NC)nc4)CC3)cc2[nH]c1=O,0,9,0.01857305189026799,1936
O=C(Nc1cc(C2CC2)on1)n1ccc2cc(Oc3ncnc4c3CNC4)ccc21,0,1,0.07672106786476386,1937
COc1cc(-c2cn([C@H]3CCCCN(CC(F)(F)F)C3=O)nn2)ccc1-n1cnc(C)c1,0,8,0.3795832675134074,1178
COC[C@H](C)Oc1cc(Oc2ncc(C(=O)N3CCC3)cc2Cl)cc(C(=O)Nc2cnc(C)cn2)c1,0,10,0.08398560165449669,1938
Cn1cc(-c2cc(F)c3c(c2)[C@]2(COC(N)=N2)c2cc(-c4cccnc4F)ccc2O3)cn1,0,2,0.11213950670995902,1939
CC(=O)N1Cc2ccc(OCc3c(C)nnn3-c3ccc(F)cc3)nc2C1,0,7,0.08695846597902067,1940
O=C(CCc1ccccc1)c1ccccc1OCC(O)CN1CCN(C(c2ccccc2)(c2ccccc2)c2ccccc2)CC1,0,8,0.4924836155027569,1941
Nc1ccc(-c2ccccc2)cc1NC(=O)c1cc2ccc(N3CCNCC3)cc2cn1,1,8,0.23926612384836163,1942
COc1ccc2c(c1)N(CCN1CCC(NCc3ccc4c(n3)NC(=O)CO4)CC1)C(=O)CO2,0,10,0.031179446062909358,1747
Cn1ncc2c(C(O)c3cc(-c4ncnc5cc(N6CCOCC6)ccc45)c(F)cc3F)ncnc21,0,6,0.009483198947581125,548
Clc1ccc(C2CC=CCNC2)cc1,0,5,0.12009517224892716,1943
CCc1[nH]ncc1Cn1cc(-c2ccc(F)c(OC(F)F)c2)cn1,1,4,0.917168226905628,554
Fc1ccc(-c2c[nH]c([C@@H]3CCc4[nH]c5ccccc5c4C3)n2)cc1,1,7,0.711873757428141,1944
CC(C)OC[C@H](Oc1ncnc2c1cnn2-c1ncccc1Cl)C(=O)Nc1ccc(Cl)cn1,0,7,0.04907372578987853,3
O=C1NCC(c2ccc(F)cc2)C12CCN(C1CCCCC1(O)c1ccccc1)CC2,0,6,0.32661643986198635,1945
C=C(c1ccc(N2C[C@@H]3C[C@H]2CN3C)cc1)c1ccc2c(c1)Nc1ccccc1S2,0,7,0.6109948395401172,1946
Cc1onc(-c2ccccc2Cl)c1C(=O)N(C)c1ccc(Cl)cc1,0,3,0.2826271431081655,1947
O=C1OCc2cc(CCN3CCN(C(=O)Cc4ccc(-n5cnnn5)cc4)CC3)c(F)cc21,0,8,0.06495144116607376,670
CCC[C@@H]1C[C@H](N(C)C(C)C)CC[C@@H]1NC(=O)CNC(=O)c1cccc(C(F)(F)F)c1,0,9,0.3808423621418958,380
O=C1OCc2cc(CCN3CCN(CCc4ccc5nonc5c4)CC3)ccc21,1,6,0.729579812463148,1948
Cc1c(NC(=O)c2ccc(C(C)(C)C)cc2)cccc1-c1nc(Nc2ccc(C(=O)N3CCOCC3)cc2)c2nc[nH]c2n1,0,4,0.1284104707050967,1949
Nc1cccc(C(c2cccnc2)C(O)c2cccnc2-c2cc(Cl)cc(Cl)c2)n1,0,1,0.13361078119626035,644
C1=CCC(c2cc3ccccc3o2)CNC1,0,9,0.1509442432541922,1950
Cc1nn2ccccc2c1CCNCc1ccc(/C=C/C(=O)NO)cc1,0,1,0.16555693521548878,1951
Nc1nccc(Sc2cnc3[nH]c(N4CCC5(CC4)Cc4ccccc4[C@H]5N)nc3n2)c1Cl,1,3,0.3433040790783415,1952
Cc1[nH]nc2c1c(=O)n(C[C@H](F)CN)c1cc(C3CCCCC3)c(C3CCCCC3)cc21,0,2,0.24097214080962942,1953
CC(C)(C)Oc1nccnc1C(O)c1ccc(F)c(-c2ncnc3cc(N4CCOCC4)ccc23)c1,0,5,0.022058811626869894,247
Cc1nc(N2CCC3(CC2)CO[C@@H](C)[C@H]3N)c(Cl)c(=O)n1-c1cccc(Cl)c1Cl,0,8,0.21190637318155442,1954
COc1ccc([C@H]2CN(CCCC3CCOCC3)C[C@@H]2CC(=O)Nc2cccc(Cl)c2)cc1,1,7,0.718321982600899,1955
COc1ccc2c(=O)n(C[C@@H](O)CO)c(C#N)c(-c3ccccc3)c2c1,0,10,0.0722410027756015,589
OC(c1cn2ccsc2n1)c1cc(-c2ncnc3cc(N4CCOCC4)ccc23)c(F)cc1F,0,8,0.021242360015069288,1956
CCOC(=O)N1CCCc2nc([C@@H](C)NC(=O)c3ccc(F)cc3)ccc21,0,2,0.11189243469773186,1957
OCc1cccc(-c2ccc3nc(-c4ccc(Cl)cc4)cn3c2)c1,1,3,0.3240157687415425,1958
CC(C)OC[C@H](Oc1ncnc2c1cnn2-c1ccccc1Cl)C(=O)Nc1ccc(C#N)cn1,0,1,0.016882635740509102,169
COc1ccc([C@H]2CN(CCc3ccc(OC)c(OC)c3)C[C@@H]2CNC(=O)c2cccc(Cl)c2)cc1,1,8,0.9571638156369527,430
CC(C)N1C[C@H](C(=O)Nc2ccc(Cl)cn2)[C@@H](C(=O)Nc2ccc(-n3ccccc3=O)cc2F)C1,0,4,0.15171368052578374,1959
O=C(Nc1cnc(Cl)nc1)c1ccc(F)c(F)c1,0,6,0.2095596885253175,1960
CC(C)n1nc(C(=O)NCC2CCN(CCc3ccc(C(=O)O)cc3)CC2)c2ccccc21,0,6,0.4149167882117899,1961
COc1ccc2ncc(=O)n(CCN3CCC(NCc4cnc(C)c(C#N)c4)CC3)c2n1,0,10,0.0685434895814762,1962
Cc1cc(F)ccc1Oc1ncc(C(F)(F)F)cc1C(=O)Nc1cccc([S@](C)(=N)=O)c1,0,7,0.13015895147164303,1963
CCCNC(=O)CO[C@H](c1ccccc1)[C@H](CNC)c1ccc2ccccc2c1,0,2,0.20284974890777022,590
COCCOc1cc(NC(=O)N2CCCc3cc(CN4CC[C@H](N(C)C)C4=O)c(C=O)nc32)ncc1C#N,0,4,0.06788429660705483,1964
O=C(N[C@@H]1C[C@H]1c1ccccc1)N1CCC(c2nc(-c3ccccn3)no2)CC1,0,2,0.10423238500104243,1965
Nc1nc2cc(-c3nn(Cc4ccnc(Cl)c4)c4ncnc(N)c34)ccc2o1,0,3,0.09048687014161198,1966
CCn1nc(Cc2ccccc2)cc1C1CCN(C[C@H]2CN([C@@H](C(=O)O)C(C)(C)C)C[C@@H]2c2cccc(F)c2)CC1,0,7,0.4078067903486124,1967
Cc1ccccc1[C@H]1C[C@@H](NCc2ccc(Cl)cc2)CC[C@@H]1C(=O)N1CC(c2ccccc2)(c2ccccc2)C1,1,6,0.5441629965346082,1968
CN1C[C@@H]2C[C@H]1CN2c1cnc(-c2ccc3cc[nH]c3c2)cn1,1,5,0.8915740934862901,1969
CNC(=O)c1ccc(N2CCN(Cc3ccc4nc(CCF)c(=O)[nH]c4c3)CC2)cn1,0,10,0.05255776943680058,891
CCCCCCCc1[nH]c2ccc([N+](=O)[O-])cc2c(=O)c1CO,0,10,0.3778198426828116,1970
Cn1c(=O)n(CCCO)c(=O)c2c1nc(C1(F)CCC(F)(F)CC1)n2Cc1cc(F)cc(F)c1,0,5,0.07879184596995362,416
O=C(Nc1ccccc1)NS(=O)(=O)c1ccc(OCCN2CCCCC2)cc1,0,4,0.04841676088996723,1971
O=P(Nc1cccnc1)(c1ccccc1)c1ccccc1,0,10,0.2079752213297281,1972
CC(C)N(C)[C@@H]1CC[C@H](N2CC[C@H](NC(=O)c3cccc(OC(F)(F)F)c3)C2=O)[C@H](CS(=O)(=O)C(C)(C)C)C1,0,6,0.08729902560303214,934
O=C(O)C1CCC2(CCN(c3ccc(-c4nc5cc(C(F)(F)F)ccc5[nH]4)cn3)CC2)OC1,0,8,0.17218787994949114,1973
Cc1c(-c2c3c(N)n[nH]c(=O)c3nn2-c2ccc(NC(=O)/C=C/CN(C)C)cc2)oc2ccc(Cl)cc12,0,10,0.21119686680058722,1517
NC(=O)C(c1ccc(F)c(-c2ncnc3cc(N4CCOCC4)ccc23)c1)c1c(F)cncc1F,0,8,0.022137870339819867,1974
N#Cc1ccc(CS(=O)(=O)c2ccc3nc(N)sc3c2)cc1,0,4,0.09196113101288325,1240
COc1cncc(OC[C@@H](F)CN)c1-c1cc(Nc2cnc(C#N)cn2)n[nH]1,0,4,0.059716751288380686,293
O=c1ccc2ncc(F)c3c2n1C[C@@]3(O)CC12CCC(NCc3ccc4c(c3)OC(F)(F)O4)(CC1)CO2,0,3,0.2501032263079176,1975
Cc1ccc2c(-c3nnc(SCCCN4CCc5cc6nc(C(C)(C)C)oc6c(Br)c5CC4)n3C)cccc2n1,1,1,0.9551468462972855,803
COC(=O)Cc1ccc(-n2cc(C3CCN(CCN4CCNC4=O)CC3)c3cc(Cl)ccc32)cc1,1,7,0.6865100411185108,628
O=C([C@H]1CNCC[C@]1(O)c1ccc(F)c(F)c1)N(Cc1cn(Cc2ccccc2OC(F)F)c2cccc(F)c12)C1CC1,1,8,0.8958769756260144,1976
OC(c1ccc(F)c(-c2ncnc3cc(N4CCOCC4)ccc23)c1)c1ncccc1Cl,0,5,0.017869389099278942,1450
COCCOc1cc(NC(=O)N2CCCc3cc(CN4C[C@@H](C)N[C@@H](C)C4)c(C=O)nc32)ncc1C#N,0,9,0.15861069753859133,1977
CN1CCN(Cc2ccc3c(c2)Cc2c(-c4csc(C#CCCOc5ccccc5)c4)n[nH]c2-3)CC1,1,9,0.5328134558868243,1978
Clc1ccc(Sc2cn(-c3ccccc3)nc2-c2ccc3c(c2)OCCO3)cc1,0,8,0.4973262968697974,1979
C[C@@H](O)c1nc2cnc3[nH]ccc3c2n1[C@H]1CC[C@H](CC#N)CC1,0,8,0.084855219457076,189
N#Cc1ccc2[nH]c([C@H]3CC[C@]4(CC3)CN(c3ccccn3)C(=O)O4)nc2c1,0,5,0.29038964156375696,1980
COc1ncc2cc1NS(=O)(=O)c1cccc(c1)C(=O)NCc1cncc(c1)-c1cnc3ccc-2cn13,0,1,0.05298503575141769,1981
Nc1nc2cccnc2n1CC(O)c1cccc(Cl)c1Cl,0,7,0.133470162785488,1982
O=c1ccc2ccc(F)c3c2n1CC3C[C@H]1OC[C@H](NCc2cc3c(cn2)OCCC3)CO1,0,7,0.14606805692393507,1983
CNS(=O)(=O)c1cccc(C(=O)N2CCC(CCN3C4CCC3CC(n3c(C)nc5ccccc53)C4)(c3ccccc3)CC2)c1,0,3,0.13983061663997914,305
Cc1ccc(C#N)cc1Cn1c(=O)n(-c2cncc(SC3CC3)c2)c(=O)[nH]/c1=N\c1cc2cn(C)nc2cc1Cl,0,3,0.1373467541888354,1984
Cc1ccc2c(-c3nnc(SCCC(C)N4CCc5cc6nc(C(F)(F)F)oc6c(C)c5CC4)n3C)cccc2n1,1,8,0.5804870688624248,803
Cc1nn(C2CCN(C(=O)CN)CC2)c(C)c1Nc1ncc(Cl)c(-c2cnn3ccccc23)n1,0,4,0.04078830731427083,93
CCOC(=O)C1=C(CN2CCO[C@@H](CCC(=O)O)C2)NC(c2nccs2)=N[C@H]1c1ccc(F)cc1Br,0,10,0.15739083595796463,754
N#Cc1ccc2ncc(F)c(CCC34CCC(NCc5ccc6c(n5)NC(=O)CO6)(CC3)CO4)c2n1,1,10,0.9376153297723149,265
CCCCc1nccn1Cc1cn(-c2ccc(F)c(C(F)F)c2)nn1,1,7,0.9683355937264342,23
Fc1ccc2c(c1)nc(-c1ccccn1)n2-c1ccc(OCCCN2CCCCC2)cc1,1,6,0.8464244907215297,1985
COc1cccc([C@]2(O)CC[C@H](N3CC(NC(=O)CNc4ncnc5ccc(C(F)(F)F)cc45)C3)CC2)n1,0,8,0.04576329170466843,1677
O=C1NCCC12CCN(c1c(Cl)cncc1-c1cc3ccccc3o1)CC2,0,5,0.32186045977814903,1986
CC(C)[C@]1(C(=O)NCc2cc(C(F)(F)F)cc(C(F)(F)F)c2)CC[C@@H](N2CCC(c3cccc(F)c3)CC2)C1,1,10,0.8762713429241107,1987
N#Cc1ccccc1Cn1c(N2CCC[C@@H](N)C2)nc2c(Br)c[nH]c2c1=O,0,3,0.1268910229638676,1988
CC(C)(C)c1[nH]c2ccccc2c1C1CCCN(Cc2ccc(/C=C/C(=O)NO)cc2F)C1,0,6,0.1817216789854734,697
N#Cc1ccc2c(c1)N(CCN1CCC(NCc3ccc4c(n3)NC(=O)CO4)CC1)C(=O)CO2,0,3,0.05954436515549716,1747
NC(=O)c1cncc(O[C@H]2C[C@H]3CC[C@@H](C2)N3Cc2ccccc2)n1,0,9,0.35563613085498996,1989
Cc1ccc(CN2CC[C@@H](N3CCC(c4ccc(O)cc4)CC3)C2=O)cc1,1,7,0.4733342877818196,1761
Cn1ncc(C(=O)N2[C@@H]3CC[C@H]2C[C@@H](Nc2cc(=O)n(C)c4ncccc24)C3)c1Cl,0,7,0.10510154130463566,1990
O=C1N(CCN2C[C@@H]3CC[C@H]2Cc2ccccc2C3)CCN1c1cccc(Cl)c1,1,7,0.6334721297178989,1991
Cc1nc2ccc3c(c2s1)CCN(CCCSc1nnc(-c2ocnc2C)n1C)CC3,0,4,0.8792875417345499,1992
CN(C)C(=O)[C@@H](c1ccc(C2=CN3N=CNC3C=C2)cc1)[C@H](N)C(=O)N1CC[C@H](F)C1,0,9,0.10298045641910204,1993
Nc1nnc(N2CCC(N3C[C@H](C(=O)N4CCC(F)(F)C4)OC[C@@H]3Cc3ccc(Cl)cc3)CC2)[nH]1,0,6,0.05021957770657276,1994
CN1CCC(c2ccc3c(-c4cnc(N)c(C(F)(F)F)c4)nc([C@@H]4CCCO4)n3c2)CC1,1,3,0.4053690459143162,1995
CC(C)(CCO)n1nc(-c2cnc3cc(OC4CC4)ccc3c2)c(C(N)=O)c1N,0,5,0.032045260819176316,1996
CC[C@H]1OC(=O)[C@H](C)C(=O)[C@H](C)[C@@H](O[C@@H]2O[C@H](C)C[C@H](N(C)C)[C@H]2O)[C@](C)(O)C[C@@H](C)C(=O)[C@H](C)[C@H]2N(C3CN(Cc4c(O)cnc5cccnc45)C3)C(=O)O[C@]12C,0,4,0.1197759448067467,1997
CCC(=O)N(Cc1ccc2ccccc2c1)C1CCNCC1,0,7,0.1825124321745787,1998
COc1cccc(-c2cccc(C3(C4CCOCC4)N=C(C)C(N)=N3)c2)c1,0,1,0.18528511181561153,1999
Cc1c(F)c(Nc2ccc(-c3cn(C)cn3)cn2)cc2c1ncn2CC1CC1,0,10,0.3295440367599482,2000
Cc1c(CCN2CCN(C(=O)Cc3ccc(-n4cnnn4)cc3)CC2)ccc2c1COC2=O,0,6,0.03153930437829643,670
N/C1=N\C(=O)[C@@H]2CCCN2c2ccc(cc2)OC/C=C/CCNCC(=O)Nc2c(Cl)cc(cc2Cl)CN1,0,8,0.0818048710796414,2001
Fc1ccc(CN2CCN(C3=Nn4c(nnc4C(F)(F)F)CC3)CC2)cc1,0,7,0.2667570127270037,2002
O=C(Nc1ccc(OC(F)(F)Cl)cc1)c1cnc(N2C[C@H](O)[C@@H](O)C2)c(-c2cncnc2)c1,0,9,0.14614090166686172,2003
CCNc1cccc(Nc2c(CC)cccc2CC)n1,0,4,0.27954750052546007,2004
Cc1cc(C)cc(-n2nc(-c3ccc(C(F)(F)F)cc3O)nc2-c2ccccc2O)c1,0,1,0.2827938242722221,2005
CCC(=O)CCCCC[C@H](NC(=O)[C@H]1CC12CCN(C)CC2)c1ncc(-c2cn(C)c3ccccc3c2=O)[nH]1,0,1,0.08037911638425908,2006
O=C(NC12CC3CC(CC(C3)C1)C2)c1cc(-c2ccc(F)nc2F)c[nH]1,0,8,0.13798654704861932,2007
Fc1cc(Cl)c(Cc2ccc3nccn3n2)cc1-c1ncnc2cc(N3CCOCC3)ccc12,0,10,0.15120477393416673,2008
Nc1ccccc1NC(=O)c1ccc(CNC(=O)OCc2cccnc2)cc1,0,8,0.0831316569615875,2009
CC1(C)Oc2ccc(NC(=O)c3ccc(Cl)cn3)cc2[C@@]2(COC(N)=N2)C12COC2,0,10,0.08862462989149222,2010
COC1COCCC1N[C@@H]1C[C@H]2CCC[C@@]2(C(=O)N2CCc3ncc(Br)cc3C2)C1,0,4,0.05415728403607929,685
CC1(c2ccc(S(N)(=O)=O)cc2)NC(=O)N(CC(=O)c2ccc(F)cc2O)C1=O,0,5,0.031049639219877547,1552
O=C1N(CCN2CCC(c3nnc(-c4ccccc4)o3)CC2)CCN1c1cccc(Cl)c1,1,6,0.7273548051920276,2011
CC(=O)Nc1ccc(-c2cnc3nc(N4CCC(N5CCCCC5)CC4)sc3c2)cn1,0,1,0.2680032590071263,1744
O=C(NC1CCCS(=O)(=O)C1)c1ccc(Oc2ccc(C#C[C@]3(O)CN4CCC3CC4)cc2)cc1,0,7,0.10518646302565486,2012
OC(c1cccnc1)(c1cccnc1)C(Cc1ccccc1)N1CCOCC1,0,3,0.07392339103894273,2013
Cc1ccc2c(-c3nnc(SCCCN4CCc5cc6nc(C(C)(C)C)oc6cc5CC4)n3C)cccc2n1,1,6,0.9098413320676593,803
CCn1c(=O)c2c(c3ccc(C)nc31)O[C@@](C)(CCO)C[C@H]2C=C(C)C,0,7,0.2385180846612637,2014
Oc1ccc2ccccc2c1/N=N/c1nccs1,1,3,0.39289423726969125,2015
Cn1c(SCCCN2CC3CCN(c4ccc(C(F)(F)F)cc4)C3C2)nnc1C1CCCC1,1,10,0.9071130476676627,2016
CCc1c[nH]nc1Cn1cc(-c2ccc(F)c(OC(F)F)c2)cn1,1,2,0.7817887649666355,59
CN(C)C(=N)c1ccc(C(=O)Nc2ccc(Cl)cc2C(=O)Nc2ccc(Cl)cn2)c(N2CCCCC2)c1,1,7,0.6763346408381518,451
CC(C)OC[C@H](Oc1ncnc2c1cnn2-c1ncccc1Cl)C(=O)Nc1ccc(F)cn1,0,7,0.0,3
COc1nc(C2=NOC(C3CC3)C(c3ccc(Cl)cc3)N2)ccc1-n1cnc(C)c1,0,9,0.4450180586649209,2017
CS(=O)(=O)c1ccc(OCC2CC2)c(C(=O)N2CCN(c3ccc(C#N)cc3F)CC2)c1,1,9,0.3583548910575851,2018
N#Cc1ccnc(N2CCC(C(=O)N3CC[C@H](N[C@H]4CC[C@@](O)(c5ccc(-c6ncccn6)cn5)CC4)C3)CC2)c1,0,7,0.13618707061607438,709
CNC(=O)c1cc(Oc2ccc3nc(NC(=O)Nc4ccc(Cl)c(C(F)(F)F)c4)sc3c2)ccn1,0,1,0.11043761509422687,2019
Cc1nc2ccccc2n1C1CC2CCC(C1)N2CCC1(c2cccc(F)c2)CCN(C(=O)c2cc(S(=O)(=O)NC(C)C)c(F)cc2Cl)CC1,0,2,0.035201579195366074,305
COc1cc(N2Cc3ccc(Sc4ccc(F)cc4)nc3C2=O)ccc1OCCN1CCCC1,0,2,0.40730897302015306,2020
O=C(NC1CC1)c1ccc(-c2ccc3c(c2)CCN(CCN2CCCC2)C3=O)cc1,0,2,0.11928959492544346,2021
Cc1c([C@@H](O)CN2CCC3(CC2)CCN(c2ccnnc2)C3=O)ccc2c1COC2=O,0,10,0.0409685248899767,2022
CCc1c2c(n(C)c1CC)CCC/C2=N\OC(=O)Nc1ccccc1,0,2,0.3389819247504723,2023
N#Cc1cc(OCC2CNC2)cc2c1CC(CNCCC1CN(c3ccc4c(n3)NC(=O)CO4)C(=O)O1)C2,0,2,0.17220042765996987,2024
Cc1cnc(C(O)c2cc(-c3ncnc4cc(N5CCOCC5)ccc34)c(F)cc2F)c(C)n1,0,4,0.008698234193555403,247
CN(CCCCOc1ccc([N+](=O)[O-])cc1)CCc1ccc([N+](=O)[O-])cc1,1,3,0.8997790257329359,2025
c1ccc(C2(c3ccccc3)CC2C2=NCCN2)cc1,0,9,0.262620703477343,2026
COc1ccc(C(O)c2cc(-c3ncnc4cc(N5CCOCC5)cc(F)c34)c(F)cc2Cl)nn1,0,1,0.005485084718960457,465
N=C(CC(O)c1cc2c(F)cc(F)cc2c2cc(C(F)(F)F)ccc12)Nc1ccc(F)cc1,1,7,0.5261404014322246,2027
N[C@@H]1Cc2ccccc2C12CCN(c1cnc3c(N4CCCc5ncccc54)n[nH]c3n1)CC2,1,1,0.6971985081851645,2028
CC1(c2ccc(S(N)(=O)=O)cc2)NC(=O)N(CC(=O)c2cccc(OC(F)(F)F)c2)C1=O,0,3,0.07665474552010285,1552
O=C1COc2ccc(CN[C@H]3CO[C@H](CC4Cn5c(=O)ccc6ccc(F)c4c65)OC3)nc2N1,0,2,0.06691435479123137,2029
CCOc1cnnc(C(O)c2ccc(F)c(-c3ncnc4cc(N5CCOCC5)ccc34)c2)c1,0,3,0.013683811018894518,465
N#Cc1ccc(O[C@H]2CN(S(=O)(=O)c3ccc(Cl)cn3)C[C@@]2(O)CN)cc1F,0,3,0.10202822804493315,2030
Cn1nccc1[C@H]1CCC[C@@H]1Oc1cc(F)c(S(=O)(=O)Nc2ccncn2)cc1Cl,0,10,0.03082623612495946,1504
CC(CCO)n1nc(-c2cnc3cc(OC4CC4)ccc3c2)c(C(N)=O)c1N,0,6,0.045562168378479075,1996
O=c1[nH]ncc(N2CCc3c(ncnc3Oc3ccc(F)cc3C(F)(F)F)C2)c1Cl,0,10,0.15565508638312095,2031
Cc1nsc(-c2nnc3n2CCN(C(=O)c2cc(F)cc(F)c2)[C@@H]3C)n1,0,9,0.04275434386387533,638
C[C@@H]1[C@@H](C)[C@@H]2CN(C)C[C@@]23C(=O)O[C@H](C)[C@H]3[C@H]1/C=C/c1ccc(-c2ccccc2C#N)cn1,0,3,0.21517534517446274,2032
Cc1ccccc1CN1[C@@H]2CC[C@H]1C[C@H](Oc1cccc(C(N)=O)c1)C2,1,1,0.9283764688131807,417
C=CC(=O)Nc1cc(Nc2nccc(-c3c[nH]c4ccccc34)n2)c(OC)cc1N(C)CCN(C)C,0,3,0.17690292956771617,1136
COc1cc2c(NC3CCN(C)CC3)cc(-c3ccc(C)o3)nc2cc1OC1CC2(C1)CN(C)C2,0,4,0.3929350635171575,2033
Cc1ccccc1C(C)N1[C@@H]2CC[C@H]1C[C@H](Oc1cccc(C(N)=O)c1)C2,1,3,0.8995607615083044,417
O=c1c(NCc2ccccn2)c(Nc2ccc(N3CCSCC3)cc2)c1=O,0,6,0.10512995517808983,2034
O=C(NC1CCCCC1)NS(=O)(=O)c1ccc(OCCN2CCCCC2)cc1,0,10,0.02292664326323152,2035
N#Cc1cnccc1COc1cnc(N2CCN(c3nnc(C(F)(F)F)o3)CC2)nc1,0,3,0.09357051790645864,2036
C[C@@H](c1ccccn1)c1c(CCN2CCC2)sc2ccccc12,1,3,0.7059766614193124,2037
CN1CCN(Cc2ccc3c(c2)Cc2c(-c4csc(C#CCOc5ccccc5Cl)c4)n[nH]c2-3)CC1,1,1,0.5040501434396059,2038
O=c1n(CCCN2C3CCC2(F)CC(OCc2ccccc2F)C3)nc2n1CCC2,0,9,0.38845275158284165,335
CCn1c(=O)[nH]c2nc(-n3nc(Cc4ccccc4F)c4ccccc43)nc(N)c21,0,9,0.10066842215994942,278
c1ccc2cc(CO[C@H]3CCNC3)ccc2c1,0,5,0.18449254341808863,2039
N#Cc1cccc2c1C(=O)Nc1ncc(-c3ccccc3)cc1C2,1,1,0.29169360025514407,2040
O=C(N[C@H]1C2CC3CC1C[C@](O)(C3)C2)c1cnc(N2CCOCC2)nc1C1CC1,0,5,0.08486187320400716,2041
Cc1c(-c2c(Cl)cc(C(N)=O)c3[nH]c4cc(C(C)(C)O)ccc4c23)cccc1-n1c(=O)cc2c(Cl)cccn2c1=O,0,2,0.29899202957728405,2042
C[C@@H]1Cc2c(ccc3[nH]ncc23)[C@@H](c2ccc(NC3CN(CCCF)C3)nc2)N1CC1(F)CC1,1,7,0.8584241687965741,2043
O=C(c1ccncc1)N1CCC2(CCN(Cc3ccccc3Oc3ccccc3)CC2)CC1,1,1,0.7254045553988747,2044
Nc1nc(N2CCC(N(CCc3ccc(Cl)cc3)Cc3cccc(O)c3)CC2)n[nH]1,1,4,0.5387355130075621,2045
CC1(C)CC(Nc2ccc(-c3cc4ccccc4s3)nn2)CC(C)(C)N1,1,7,0.4739385280585528,892
O=C(O)C1CN(C2CCC3(Cc4ccccc4Oc4ccccc43)C2)C1,0,5,0.2639395640892864,2046
CC1(C)Cc2c(CN3CCC4(CC3)CCN(C(=O)c3ccncc3)CC4)cccc2O1,0,9,0.3232289992942116,2047
CSC(=S)N/N=C/c1ccc(Br)cc1,1,4,0.36628463280697815,156
O=C(NC(c1ccc(Cl)cc1)c1ccncc1Cl)[C@@H]1CC[C@@H](N2CCOCC2)C[C@H]1c1ccc(Br)cc1,1,1,0.8515166808807209,18
CCN(CC)C(=O)c1ccc(C2=CC3(CCCNCC3)Oc3ccccc32)cc1,0,9,0.3409391315690342,2048
CCc1ccc(C(=O)COc2ccc(CC3SC(=O)NC3=O)cc2)nc1,0,4,0.10370620523213078,2049
N#Cc1ccc2nnc(C(=O)N3CCC(c4ccccc4C(F)(F)F)CC3)n2c1,0,3,0.12165146128375731,2050
N#Cc1ccc(O[C@@H]2[C@@H]3[C@H](C[C@H]2N2CCC[C@@H](N)C2)[C@@H]2CC(=O)[C@H]3C2)cc1,0,9,0.11460407736843768,2051
CN(C)C(=O)OC[C@H]1CN(C2CCN(c3nnc(N)[nH]3)CC2)[C@@H](Cc2ccc(Cl)cc2)CO1,0,4,0.0448337353525907,523
Nc1nnc(N2CCC(N3C[C@H](Cc4nn[nH]n4)OC[C@@H]3Cc3ccc(Cl)cc3)CC2)[nH]1,0,4,0.0234048655974392,1420
O=C(NC1CCCCC1)NS(=O)(=O)c1ccc(OCCCN2CCCC2)cc1,0,2,0.022741492716456844,2052
COCCCc1cc(CN(C(=O)[C@H]2CNCC[C@@H]2c2ccn(C)c(=O)c2)C2CC2)cc(OCCOC)c1,0,7,0.11706806508243855,309
C(#Cc1ccc2ccccc2n1)c1ccccn1,0,10,0.18360044793105693,2053
Fc1ccc(-c2c[nH]c([C@H]3Cc4c([nH]c5ccccc45)C(c4ccccc4)(C(F)(F)F)N3)n2)cc1,1,3,0.8553428101002922,2054
C[C@@]1(N2CCN(c3cc4cc(NC(=O)[C@H]5CC56CCOCC6)ncc4cc3Cl)CC2)COC[C@@H]1O,0,7,0.10097080242887618,2055
CCOc1ccc2cc(-c3nn(C(C)(C)C)c(N)c3C(N)=O)ccc2c1,0,5,0.04147718411655099,33
O=c1cc(Cn2c(C3CCC3)nc3nccnc32)c2ccc(F)c(F)c2[nH]1,0,1,0.16115082556089141,1433
Cc1noc(C)c1CCC1CCN(S(=O)(=O)CC2(N(O)C=O)CCOCC2)CC1,0,5,0.2183446857102548,2056
OC(Cc1ccccc1)(c1cccnc1)c1cccnc1,0,5,0.12101838540453892,357
Cn1cc2c(Cl)c(-c3n[nH]c4nc(N5C[C@@H]6[C@H](C5)[C@@]6(CN)c5nc(C(F)(F)F)cs5)cnc34)ccc2n1,0,9,0.3143198261749646,251
Cc1cccc(C(=O)Nc2cccc(NC(=O)c3cccc(C(F)(F)F)c3)c2)c1,0,6,0.09323105089433184,1571
N[C@H](CO)c1cc(C(=O)N[C@@H]2CCc3ccc(Oc4ccnc5c4CCC(=O)N5)cc3C2)cc(C(F)(F)F)c1,0,6,0.1462379034251507,2057
CC(C)(C)Oc1cc(CCC(C)(C)N2Cc3ccc(S(C)(=O)=O)cc3C2)ccc1O,0,1,0.49420359313302065,70
COC(CN1CCN(C(=O)Cc2ccc(-n3cnnn3)nc2)CC1)c1ccc2c(c1C)COC2=O,0,6,0.05917824586104795,582
O=C1COc2ccc(CNC34CCC(CCc5c(F)cnc6ccc(OCCc7cc(=O)c(O)c[nH]7)nc56)(CC3)OC4)nc2N1,1,8,0.4529189419279367,2058
COc1ccc(C(C(N)=O)c2ccc(F)c(-c3ncnc4cc(N5CCOCC5)ccc34)c2)nn1,0,4,0.006003201341502439,465
OCC1CCCN(CCCC2CCCc3ccc(OCc4noc(-c5ccc(Cl)cc5)n4)cc32)C1,1,8,0.6046398214765387,2059
N#Cc1cc(-c2ccc(C(=O)N3CCNCC3)cc2)ccc1-n1cc(O)c(=O)c(C(=O)O)c1,0,10,0.128078579191011,2060
CC[C@](C)(O)C#Cc1cc2c(ccn2-c2ccnc(N)n2)cn1,0,5,0.10528052476988398,1810
CCc1cc(C(SC[C@H](N)C(=O)O)(c2ccccc2)c2ccccc2)ccc1C,0,2,0.1842813551987997,1288
NC(=O)c1cnc(N[C@H]2CCCNC2)c2sc(-c3cccc(F)c3)cc12,0,7,0.08443578491135488,1729
Cc1nc(C)n(CC(=O)N2CCN(c3sc(C(F)(F)F)nc3-c3cnc(C4CC4)nc3)C[C@H]2C)n1,0,1,0.12755947832391268,2061
NC1=N[C@@]2(c3ccc(F)cc3F)CO[C@@H](c3ncco3)C[C@H]2CS1,0,6,0.139907781677408,2062
CCCCc1cc(OC2CCN(CCCCNS(=O)(=O)CC(C)C)CC2)c2ncccc2c1,1,5,0.9624431617687738,409
O=C(CNCC1(O)CCCCC1)N1CCc2ccccc2[C@H]1C1CCCCC1,0,10,0.13815418418012068,2063
COC(=O)N1CCN(c2ccc(Nc3ncc(Cl)c(-c4cnc5ccccn45)n3)c(OC)c2)CC1,0,4,0.035188995152097814,68
COc1cc2ncc(-c3cccc(N[C@H]4CNC[C@@H]4F)n3)n2cc1C1CC1,1,8,0.23786961852926317,2064
COc1cc(N2CCN(S(C)(=O)=O)CC2)ccc1Nc1ncc(Cl)c(-c2cnc3ccccn23)n1,0,9,0.1119392887640274,68
CN1C[C@@H]2C[C@H]1CN2c1ccc(-c2ccc3[nH]ncc3c2)cn1,1,7,0.8418436423977526,2065
NC(=O)c1cccc(O[C@@H]2C[C@H]3CC[C@@H](C2)N3Cc2ccc3c(c2)OCO3)c1,1,3,0.7648405846860435,2066
COC(C)(C)[C@H]1CN(C2CCN(c3nnc(N)[nH]3)CC2)[C@@H](Cc2ccc(Cl)cc2)CO1,0,4,0.026376054242787522,523
CN1CCC(S(=O)(=O)c2c(Cl)ccc(NC(=O)Nc3cccc(Cl)c3Cl)c2O)CC1,0,4,0.13978687443570642,457
N#Cc1ccc(CCN2CCN(CCc3ccc4c(c3)COC4=O)CC2)cc1,1,8,0.8565410665907689,174
C[C@@H]1Cc2c(ccc3[nH]ncc23)[C@@H](c2c(F)cc(NC3CN(CCCF)C3)cc2F)N1CC1(F)CC1,1,6,0.9816361075273462,2067
COCCOc1cc(NC(=O)N2CCCc3cc(CN(CCN(C)C)S(C)(=O)=O)c(C=O)nc32)ncc1C#N,0,6,0.07190939577893664,1895
NC(=O)c1cc(Cl)c2c(Cl)c(C#CC3CCCO3)n([C@H]3CCCNC3)c2n1,1,7,0.7890527723397553,2068
O=C(O)CCn1nnc(-c2ccc(Oc3ccc(Cl)cc3)cc2)n1,0,3,0.09042496377402048,225
Fc1cc(F)c(F)c(-c2ccc(N[C@H]3C[C@@H]4CN(CC5CCOCC5)C[C@@H]4C3)nn2)c1,1,3,0.37613792293176523,2069
CONC(=O)Nc1ccc(-c2sc3c(c2CN(C)CCOC(F)(F)F)c(=O)n(-c2ccc(OC)nn2)c(=O)n3Cc2c(F)cccc2C(F)(F)F)cc1,0,9,0.3480063547768829,2070
O=c1ccc2ncc(F)c3c2n1C[C@@]3(O)CC12CCC(NC/C(F)=C\c3cc(F)ccc3F)(CC1)CO2,1,3,0.5621539868441358,2071
C[C@H]1[C@H](c2ccc(OCCCN3CCCC3)cc2)Oc2ccccc2S1(=O)=O,1,3,0.7489921892347976,2072
CC(=O)OC[C@H]1O[C@@H](n2cnc3c(Nc4cccc(O)c4)ncnc32)[C@H](OC(C)=O)[C@@H]1OC(C)=O,0,5,0.14847602880158473,2073
c1ccc(-c2[nH]c3ccccc3c2C2CC3CCC(C2)N3c2ccccc2)cc1,1,4,0.7512569411627023,2074
O=C(O)CCCOc1ccc2ncc(F)c(CCC34CCC(NCc5ccc6c(n5)NC(=O)CO6)(CC3)CO4)c2n1,0,1,0.4922600783227006,265
CN(c1ccc(-c2cc3ccccc3cc2O)nn1)C1CC(C)(C)NC(C)(C)C1,1,6,0.5320779300455636,2075
CC(C)(C)c1nc(-c2ccc(OC(F)(F)F)cc2)c[nH]1,0,1,0.3643921519918833,2076
O=C(NC(c1ccccc1)c1ccccc1)NS(=O)(=O)c1ccc(OCCCN2CCCCC2)cc1,0,2,0.1547888346984749,2077
COc1c(N2CC[C@@H]([C@H](C)N)C2)c(F)cc2c(=O)c(C(=O)O)cn(C3CC3)c12,0,2,0.006215094739070605,280
CN(c1ccc(-c2ccc(-n3ccc(N)n3)cc2O)nn1)C1CC(C)(C)NC(C)(C)C1,0,5,0.38752693121808557,1173
O=C1COc2ccc(CNC34CCC(C[C@]5(O)Cn6c(=O)ccc7nc(Cl)c(F)c5c76)(CC3)OC4)nc2N1,0,6,0.09162787855091716,332
Cc1cccc(Nc2nc(N3CCNCC3)nc3c(C)nn(CCOCC(F)(F)F)c23)n1,1,10,0.39600545156251865,2078
Cn1c(C(O)c2ccc(F)c(-c3ncnc4cc(N5CCOCC5)ccc34)c2)cccc1=O,0,6,0.0025380313199105144,1001
COc1cc(NC2CN(CCCF)C2)ccc1[C@@H]1c2ccc3[nH]ncc3c2C[C@@H](C)N1CC(F)F,1,9,0.9877623435663208,1193
Cc1ncc(-c2nc(Nc3ccc(C(N)=O)cc3)ncc2F)n1C(C)C,0,9,0.04427458392665868,558
COc1c(N2CC[C@@H]([C@@H](N)CC#N)C2)c(F)cc2c(=O)c(C(=O)O)cn(C3CC3)c12,0,5,0.02227141947872622,280
O=c1c2cc(Cc3cccnc3)c3ccccc3c2ncn1[C@H]1CCCC[C@@H]1O,0,9,0.22620616082838088,21
CCCCc1cc(OC2CCN(CCS(=O)(=O)NC(C)(C)C)CC2)c2ncccc2c1,1,1,0.8713916479617613,409
Cc1ccc2[nH]c(C(=O)N[C@H]3Cc4ccccc4[C@H]3NC(=O)CCN(C)C)cc2c1,0,4,0.15571822139299293,2079
Cn1c(SCCCN2CC3CCN(c4ccc(C(F)(F)F)cc4)C3C2)nnc1-c1ccncn1,1,9,0.9692015067716653,2080
CCN1CCN(c2cc3[nH]c(C(=O)[C@]4(CC)CC[C@@](C)(O)CC4)nc3cc2Cl)CC1,0,2,0.13915261795188422,2081
NC(=O)C(c1cncc(Cl)c1)c1ccc(F)c(-c2ncnc3cc(N4CCOCC4)ccc23)c1,0,6,0.0071380084918818846,688
Cc1cc(-c2ccc(C(=O)[C@@H]3CCCC[C@H]3C(=O)Nc3cnn(C)c3S(N)(=O)=O)cc2)n[nH]1,0,2,0.060655054810559744,544
Cc1cc(C#N)cnc1C(=O)Nc1ccc(F)c([C@]2(C)CS(=O)(=O)[C@@](C)(C(F)F)C(=N)N2)n1,0,3,0.08013019320916188,1564
Nc1ccnc(N2CCC(C(=O)N3CCc4ccccc4C3)(c3ccccc3)CC2)c1,1,5,0.3662142318107092,2082
N=C(NCCCOc1ccc(F)cc1)Nc1ccc(I)cc1,1,3,0.6378114393989532,2083
C[C@@H](C1CCC(N(C)C(=O)c2cccc(F)c2)CC1)[C@H](N)C(=O)N1CC[C@H](F)C1,0,4,0.0645586170257384,2084
NC1=N[C@@]2(CO1)c1cc(-c3cccnc3F)ccc1Oc1c(F)cc(N3CCOCC3)cc12,0,2,0.04797625466302078,2085
O=C(NCc1ccc(OC(F)(F)F)cc1)C1c2ccccc2C(=O)N1C1CC(F)(F)C1,0,2,0.13469345355763832,2086
Cc1cnnc(C(O)c2cc(-c3ncnc4cc(N5CCOCC5)ccc34)c(F)cc2Cl)c1,0,4,0.008730802766520862,465
O=c1c(NCc2ccccn2)c(Nc2ccc3c(c2)CCC3)c1=O,0,4,0.11709346312616054,2087
Cc1ccc(-c2cc3ncccc3c(NC[C@H]3CCCNC3)n2)cc1,0,2,0.2899560107432568,2088
NC1(C(=O)NC(CS(N)(=O)=O)c2ccc(Cl)cc2)CCN(c2ncnc3[nH]ccc23)CC1,0,2,0.01839584447101874,667
CC1(C)Oc2ccc(F)cc2C2OCC3(CCN(CCn4ccnc4)CC3)CC21,1,7,0.7412652042796349,238
CP(C)(=O)c1ccc2c(c1)[C@@H](N)C1(CCN(c3cnc(Sc4ccnc(N)c4Cl)c(N)n3)CC1)C2,0,7,0.2768139103649072,1529
Cc1c(C(F)CN2CCN(C(=O)Cc3ccc(-n4cnnn4)nc3)CC2)ccc2c1COC2=O,0,6,0.015273382518385004,582
COc1cc(N2CCN(C(=O)CO)CC2)ccc1Nc1ncc(Cl)c(-c2cnc3ccccn23)n1,0,4,0.01676568872728143,68
CC(=O)NC1CCN(C(=O)NC2CCN(Cc3ccn(-c4ccc(C(F)(F)F)cc4)c3)CC2)C1,0,8,0.10185323318343839,863
COc1cc(C#N)ccc1COc1cccc(N2C=NN(Cc3nc4c(F)cc(C(=O)O)cc4n3C[C@@H]3CCO3)CC2)n1,0,10,0.1819926244367031,241
Cc1cc2nnccc2cc1Nc1ncc2c(n1)n(C1CCN(C)CC1)c(=O)n2C,0,10,0.05816300948677418,2089
O=C(O)CCC(=O)N1N=C(c2ccc[nH]2)CC1c1cnc2ccccc2c1,0,9,0.12975232789949687,2090
O=C(Nc1ccc(Cl)c(Cl)c1)N1CCN(C[C@H]2CN(C3CC3)CCO2)CC1,0,4,0.30525357955186794,2091
CCNC(=O)c1ccc(C(=O)NCCC2CCN(c3ncnc4cc(C(N)=O)sc34)CC2)s1,0,3,0.10509731737639606,2092
Cc1cc(F)ccc1C1CCN(CC2Cc3c(Cl)ccc(O)c3CN2)CC1,1,3,0.5621813116901454,2093
O=C(NC1CC(F)(F)C1)c1ccc2cc(Oc3ccc(C(F)(F)F)cn3)ccc2n1,0,9,0.09659791937522055,1896
C[C@@H]1CN(c2nnc(C(F)(F)F)o2)CCN1c1ncc(OCc2ccc(CS(C)(=O)=O)cc2F)cn1,0,1,0.04338988598178111,694
Cc1n[nH]c2ccc(-c3nnc(C)n3Cc3ccc(C(F)(F)F)cc3)cc12,0,8,0.4419305219528935,2094
Nc1nc(N)c(C(C[N+](=O)[O-])c2csc3ccccc23)c(N)n1,0,1,0.1444148867478895,2095
Nc1ccc(-c2nc(N3CCOCC3)c3ncn(CCCCCCC(=O)NO)c3n2)cn1,0,2,0.07664601847370282,2096
CNC(=O)[C@@H]1C[C@H](N2CCc3c(cccc3OCCC3CC3)C2)CN1C(=O)c1ccc(CN)c(OC)c1,0,9,0.08158371941553895,2097
CN(CCOc1ccc(NS(C)(=O)=O)cc1)CCc1ccc(NS(C)(=O)=O)cc1,1,8,0.5992653073352048,66
O=[N+]([O-])c1cn2c(n1)OC[C@H](Oc1ccc(OC(F)(F)F)cc1)C2,0,6,0.11314993140490408,2098
CN(C)C(=O)c1ccc(-c2cc(C(=O)N[C@@H]3CCc4ccccc43)no2)cc1O,0,10,0.14621232210849178,2099
Brc1ccc2[nH]c3c(c2c1)CCCC3Nc1ccccc1,0,6,0.4969103992675532,2100
O=C([C@@H]1CC[C@@H](N2CCOCC2)C[C@H]1c1ccc(Br)cc1)N1CC(c2ccccc2)(c2ccccc2)C1,1,7,0.5998905343574481,2101
Cc1nc2ccccc2n1C1CC2CCC(C1)N2CCC1(c2cccc(F)c2)CCN(C(=O)c2cc(S(N)(=O)=O)ccc2Cl)CC1,0,1,0.06141479282127513,305
C[C@@H]1Cc2c([nH]c3ccccc23)[C@@H](c2ccc(F)c(OCCNCCCF)c2)N1CC(F)(F)F,0,7,0.29029291208878444,477
CN(c1ccc(CN2CCC3(CC2)OCc2cc(F)ncc23)cc1)c1ccc(F)c(F)c1,1,6,0.8995940301685297,2102
CS(=O)(=O)c1ccc(-c2nc(-c3ccccc3)oc2Sc2ccc(Cl)cc2)cc1,0,9,0.39457670858819893,2103
CCOc1ccc2cc(-c3nn(C(C)C)c(N)c3C(N)=O)cnc2c1,0,3,0.02007382557154817,772
C[C@@H](N)[C@H]1CC[C@H](C(=O)Nc2ccncc2)CC1,0,10,0.08443967664032234,2104
COc1ccc(C(C)NC(=O)C2(N)CCN(c3ncnc4[nH]ccc34)CC2)cc1OC,0,9,0.04475273043002608,667
CCc1c(CCN2CCN(C(=O)Cc3ccc(-n4cnnn4)cc3)CC2)ccc2c1COC2=O,0,1,0.027172345435621043,670
O=C([C@H]1CNCC[C@]1(O)c1ccc(F)c(F)c1)N(Cc1cn(Cc2ccon2)c2cccc(F)c12)C1CC1,1,3,0.8686643707644297,2105
C[C@@H]1Cc2c(ccc3[nH]ncc23)[C@@H](c2ccc(NC3CN(CCCF)C3)c(F)c2)N1CC(F)(F)F,1,7,0.9216234759837615,1193
COc1cc(C(CO)CO)ccc1Nc1ncc(Cl)c(-c2cnc3ccccn23)n1,0,4,0.12150842005791337,2106
C[C@@H]1C(=O)NN=C2COc3cc(C(F)(F)F)c(NC4CNC4)cc3N21,0,10,0.12924646111081348,2107
Cn1c(SCCCN2CC3CCN(c4ccc(C(F)(F)F)cc4)C3C2)nnc1-c1cnccn1,1,1,0.9978900651359663,170
Nc1nnc(N2CCC(N3CC(F)(F)CC[C@@H]3Cc3ccc(Cl)cc3)CC2)[nH]1,0,2,0.15959286804420916,1436
COc1cc2c(cc1OCc1ccccc1)N(c1ccncc1)CC21CCN(C)CC1,1,6,0.4280316897350675,2108
Cc1ccc(-c2ccc(N3CC(CNC(=O)c4ccc(-c5nc6cc(C#N)cc(C(C)C)c6o5)cc4)OC3=O)nc2)s1,0,9,0.07092106034131465,2109
O=C(O)c1cccc(CN2CN(C3CCCCC3)C3(CCN(CCCC(=O)c4ccccc4)CC3)C2O)c1,0,8,0.30884249855765705,2110
Cc1cc(C(=O)Nc2ccc(-c3ccccc3CN3CCCCC3)cc2F)n(-c2cc3ccccc3cc2F)n1,1,6,0.31460305014801826,2111
Nc1nccc2cc(O[C@H]3CCCN(Cc4ccccc4)C3)ccc12,1,10,0.4737921799415066,2112
CCOc1cc2nc(C34COC(C)(C3)C4)cn2cc1NC(=O)c1cccc(C(F)F)n1,1,3,0.2196922811511009,2113
O=C(Nc1cc(Cl)ccc1Cl)NS(=O)(=O)c1ccc(OCCN2CCCC2)cc1,0,9,0.07869608708816672,2114
Cc1nccnc1C(O)c1cc(-c2ncnc3cc(N4CCOCC4)sc23)c(F)cc1Cl,0,3,0.04393403787856522,1702
CNc1cc(F)cc2c1[nH]c1nc(Oc3cnc(C)nc3)nc(N3CC(=C(C)CN)C3)c12,0,6,0.027373137662851363,508
O=C(NC1CCN(Cc2ccc3c(c2)OCO3)CC1)c1cc(=O)c2ccccc2o1,1,2,0.7834322664693225,481
CCNC(=O)Nc1ccc(-c2nc(N3CCOC[C@@H]3C)c3c(n2)C(C)(C)S(=O)(=O)C3)cc1,0,3,0.09653915477944751,2115
CCc1ncc(-c2nc(C(F)(F)F)sc2N2CCN(C(=O)Cn3nc(C)nc3C)[C@H](C)C2)cn1,0,7,0.13818074214812887,115
COc1cc(Oc2c(-c3ccc(F)cc3C(C)(F)F)sc3c2ccc2[nH]ncc23)ccc1OC1CN(CCCF)C1,0,9,0.17717027195823018,1486
CS(=O)(=O)N1CCN(Cc2nc3c(N4CCOCC4)nc(-c4cnc(N)nc4)c(Cl)n3n2)CC1,0,4,0.060867757825001804,2116
CCS(=O)(=O)c1ccc2c(c1)CN(C(=O)C1CCO1)C2C(=O)Nc1ccc(C(O)(C(F)(F)F)C(F)(F)F)cc1,0,2,0.05850563330332664,2117
N#Cc1ccc(Cn2cncc2CN(CCCc2ccccc2)[C@H]2CCN(Cc3ccccc3)C2=O)cc1,1,3,0.789984595120743,2118
Cn1c(SCCCN2CC3CCN(c4cccc(OC(F)(F)F)c4)C3C2)nnc1-c1cnccn1,1,9,0.9749651050450742,170
CC(C)NC(=O)NS(=O)(=O)c1ccc(OCCCN2CCCCC2)cc1,0,3,0.016062756584025582,2119
Cc1ccc2c(N3CCN(CCc4ccc5c(c4)N(C)C(=O)CO5)CC3)cccc2n1,1,6,0.8030626969611946,2120
CC(C)c1nnc(N2CCN(c3ncc(OCc4ccncc4C#N)cn3)[C@H](C)C2)o1,0,9,0.09388722787170291,2036
O=C(O)C1CC(Oc2ccc(-c3ccc(-c4nc5cc(Cl)ccc5[nH]4)cn3)cn2)C1,0,1,0.07515885011391835,2121
O=c1cc(N2CCOCC2)oc2c(-c3cccc4c3sc3ccccc34)cccc12,0,3,0.3882295535638816,2122
CN1CCC(COCc2cc(Cl)cc(C(F)(F)F)n2)(c2ccccc2)CC1,0,10,0.16089935644455758,214
CNC(=O)c1cc(-n2ncc3cc(Oc4ccccc4Cl)ccc32)cs1,0,2,0.16805130693012105,2123
CCC[C@@H](CCO)Nc1nc(N)nc2c3ccccc3n(Cc3cc(CNCc4cccnc4)ccc3OC)c12,1,9,0.39109827274217973,2124
CN(C)CCc1ccc(Nc2ncc3c(=O)n(-c4c(Cl)cccc4Cl)ccc3n2)cc1,1,6,0.6094759105170244,2125
CCCCCCCN(CC)CC#CC(c1ccccc1)c1ccccc1,1,9,0.8099772770119102,742
COc1ccc(-c2cc(-c3ccc4c(c3)CN(C(C)C)C4=O)on2)cn1,0,8,0.20424875454559172,541
C[C@@H](C1CCC(N(C)C(=O)C2CC2)CC1)[C@H](N)C(=O)N1CC[C@H](F)C1,0,2,0.03823459851771169,2126
Cc1ncoc1-c1nnc(SCCCN2CC3CC3(c3ccc(Cl)cc3)C2)n1C,1,5,0.977048214486034,1737
COCC1[C@@H]2CC[C@H]1CN(CCN1CCN(c3cccc(Cl)c3)C1=O)C2,1,2,0.5803053771614805,2127
Cc1cc(C#N)cnc1C(=O)Nc1ccc(F)c([C@]2(C)CS(=O)(=O)[C@@](C)(CF)C(=N)N2)n1,0,1,0.06238175207077558,1564
CCCCOc1cc(Cl)c(/N=N/c2c(O)ccc3ccccc23)c(OCCCC)c1,1,1,0.758800853847708,2128
OC(c1cc(-c2ncnc3cc(N4CCOCC4)ccc23)c(F)cc1F)c1ncnc2ccoc12,0,2,0.012068317916321777,150
CC(C)C1=NC(c2ccccc2)(c2cccc(-c3cncnc3)c2)N=C1N,0,4,0.10299916062758822,1632
N#Cc1cc(NC(=O)COc2ccc(C(=O)c3cc(Cl)ccc3Br)cc2)ccc1F,1,10,0.9304601486564725,180
O=C(CCCCCCn1cnc2c(N3CCOCC3)nc(-c3cccc(CO)c3)nc21)NO,0,4,0.09280533307630277,2129
Cc1nc2ccccc2n1C1CC2CCC(C1)N2CCC1(c2cccc(F)c2)CCN(C(=O)c2c(F)ccc(NS(C)(=O)=O)c2F)CC1,0,3,0.1325439650295895,305
COC[C@H](NC(=O)c1ccn(S(C)(=O)=O)c1)C(=O)Nc1nc(-c2cccc(N3C[C@@H](C)O[C@@H](C)C3)n2)cs1,0,7,0.12056138846087734,2130
CC(=O)Nc1ccc2c(c1)N(c1cc(NC3CC3)n3ncc(C#N)c3n1)CC2,0,4,0.13513990510422252,2131
CC1(CN)CCN(c2cnc(Sc3cccnc3C(F)(F)F)c(N)n2)CC1,0,9,0.1422974522335124,2132
COc1cccc(-n2cc3nc(-c4cccnc4C)n(C[C@H]4CCCN(C[C@H]5CCCO5)C4)c(=O)c3n2)c1,0,6,0.08881985896921796,2133
O=c1ccc2ncc(F)c3c2n1C[C@@]3(O)CC12CCC(NCc3cc4c(c(Cl)c3Cl)OCCO4)(CC1)CO2,0,5,0.0920779312865586,2134
Cc1cccc(C)c1C(=O)N1CCC(C)(N2CCC(N(Cc3ccccc3)c3ccccc3)CC2)CC1,1,8,0.6951445298767,2135
CN(C)C(=O)c1c(-c2ccc(O)cc2)oc2ccc(O)c(CN3CCC4(COC4)C3)c12,0,2,0.11401190794961842,573
O=S(=O)(c1cccc(-c2ccc3ncc(-c4ccc(-c5nnn[nH]5)cc4)n3n2)c1)C1CC1,0,6,0.4013505945140228,2136
C[n+]1c(C#Cc2ccc(-c3ccc(Cl)cc3)cc2)cccc1C#Cc1ccc(-c2ccc(Cl)cc2)cc1,1,9,0.9105740259654089,1190
c1cncc(-c2c[nH]c([C@H]3Cc4c([nH]c5ccccc45)C(C4CCCCC4)N3)n2)c1,1,3,0.845695360426935,2137
CCOC(=O)N1CCC(=C2c3ccc(Cl)cc3CCc3cccnc32)CC1,1,5,0.26737179926836885,1886
CCc1c(CNC23CCC(CCc4c(F)cnc5ccc(OC)nc45)(CC2)OC3)nc2c(c1C)OCC(=O)N2,1,2,0.8328681655762538,265
CC(C)N(C)[C@@H]1CC[C@H](N2CC[C@H](NC(=O)c3cccc(C(F)(F)F)c3)C2=O)[C@H](CS(=O)(=O)c2ccccc2)C1,0,8,0.05267774105420974,2138
CCSc1ccc([C@H](c2cc3cc(Br)ccc3nc2OC)[C@@](O)(CCN(C)C)c2cccc(F)c2)cn1,1,10,0.5465552716217303,2139
Nc1nc2ccc(C(=O)N(CCO)Cc3ccccc3)cc2s1,0,1,0.08123210730426213,2140
CCn1c(=O)c(-c2cc(C(=O)NC3CC3)ccc2C)cc2nnc(-c3c(F)cccc3Cl)n21,0,9,0.25220336422491213,2141
CCOC(=O)NC(=O)c1ccsc1NC(=O)c1nc2cnccc2s1,0,2,0.11893840223129383,2142
CS(=O)(=O)c1nn(Cc2nc3cc(Cl)ccc3n2CC2COC2)c2cnccc12,0,8,0.15572370502623667,2143
Nc1ccc(-c2ccc(F)cc2)cc1NC(=O)c1ccc(CN2CCC3(CCNC3)CC2)cc1,1,4,0.536986018956935,2144
O=c1n(CC(F)CN2C3CCC2CC(OCc2ccccc2F)C3)nc2n1CCC2,0,2,0.3051974627318612,335
CCc1cc(O)c(F)cc1-c1cc(NS(=O)(=O)CC)c2cn[nH]c2c1,0,2,0.1156701662517686,2145
C[n+]1c(C#Cc2ccc(-c3cccc(Cl)c3)cc2)cccc1C#Cc1ccc(-c2cccc(Cl)c2)cc1,1,2,0.9164498855686848,1190
CCOC(=O)C1=C(CN2CCO[C@H](C)[C@H]2C(=O)O)NC(c2nccs2)=N[C@H]1c1ccc(F)cc1Br,0,10,0.08690087497552594,754
[C-]#[N+]c1ccc(C(=O)N2CCn3c(-c4nc(C)ns4)nnc3[C@H]2C)cc1,0,2,0.024019331929024005,638
Cn1cc(-c2nnc(SCCCN3CC4CCN(c5ccc(C(F)(F)F)cc5)C4C3)n2C)cn1,1,10,0.9593942188406692,2146
Cc1c(N2CCC(C3(N)CC3)C2)c(F)cc2c(Cc3noc(=S)[nH]3)cc(=O)n(C3CC3)c12,0,8,0.10634993058349292,2147
CCN(CC)Cc1ccc2c(c1)CC[C@H](N1CCN(CCC3CCCS3)CC1=O)C2,0,4,0.3603778489818136,2148
CS(=O)(=O)c1ccc(-c2cnc3ccc(-c4cccc(S(C)(=O)=O)c4)nn23)cc1,1,1,0.18549436026521124,886
O=C(c1ccc(O)cc1OC[C@@H](O)CN1CCC2(CC1)Cc1cc(Cl)ccc1O2)N1CC[C@H](O)C1,0,6,0.3490442203251333,2149
NC1(C(=O)N[C@@H](CCO)c2ccc(Cl)cc2)CCN(c2nc[nH]c3nccc2-3)CC1,0,8,0.07726738147169379,2150
NC1(C(=O)NC(CCO)c2ccc(Cl)cc2)CCN(c2ncnc3[nH]ccc23)CC1,0,7,0.015862766630527894,667
COCC[C@H](Oc1ncnc2c1cnn2-c1ncccc1Cl)C(=O)Nc1ccc(C)cn1,0,6,0.012626673249873929,3
COc1c(C(O)CN2CCN(C(=O)Cc3ccc(-n4cnnn4)nc3)CC2)ccc2c1COC2=O,0,2,0.04332932546364302,582
Cc1ncoc1-c1nnc(SCCCN2CC3CC3(c3cccc(F)c3)C2)n1C,1,1,0.9330781834287789,1737
COCCONC(=O)N(Cc1ccsc1)C1CCN([C@H](C)CCNC(=O)c2c(C)cc(Cl)nc2C)CC1,0,10,0.39472200327765433,155
COc1nc(-c2csc(Nc3c4c(nn3CCF)CCCC4)n2)ccc1-n1cnc(C)c1,0,4,0.5802043536264412,2151
Cc1cc(F)cc(Nc2ncc(Nc3ccc(SC(F)(F)F)cc3)cc2C(N)=O)c1,0,9,0.2883711178665071,2152
O=C(O)c1cc(N2CCN(CCc3ccc(OCCCN4CCCCCC4)cc3)CC2)c2ncccc2c1,0,2,0.3344327983927504,272
Cc1nc(C)n(CC(=O)N2CCN(c3sc(C(F)(F)F)nc3-c3cnc(C(F)(F)F)nc3)C[C@H]2C)n1,0,4,0.6503754336380848,115
CC(C#N)Oc1ccc(C(O)c2cc(-c3ncnc4cc(N5CCOCC5)ccc34)c(F)cc2Cl)nn1,0,1,0.013965208363472845,465
Cc1nc(C(=O)Nc2ccc([C@H]3CNCCO3)cc2)cs1,0,1,0.06292426950243488,2153
C[C@@H]1CN(CC[S+]([O-])C(c2ccc(F)cc2)c2ccc(F)cc2)C[C@H](C)N1CC(O)Cc1ccccc1,1,10,0.5498124968193638,2154
NC(=O)[C@@H]1CC[C@H](c2ccc(OCc3ccccc3F)cc2)N1,0,5,0.058113290794624926,122
CNc1nc2ccccc2n1-c1nc(N2CCOC[C@H]2C)cc(C2([S@](C)(=N)=O)CC2)n1,0,4,0.13018108063546155,2155
CC(C)(O)[C@]1(C(=O)NCc2cc(C(F)(F)F)cc(C(F)(F)F)c2)CC[C@@H](N2CCC(c3ccc(F)cc3)CC2)C1,1,1,0.7255971090602468,1987
Nc1ccc2ncc(F)c(CCC34CCC(NCc5ccc6c(n5)NC(=O)CO6)(CC3)CO4)c2n1,1,4,0.6866262368964335,265
COc1cc(-c2cn(C3CCc4ccccc4NC3=O)nn2)ccc1-n1cnc(C)c1,0,7,0.24425768679194126,1877
OC(c1cc(-c2ncnc3cc(N4CCOCC4)ccc23)c(F)cc1F)c1nncc2ccoc12,0,4,0.010383050384070256,2156
Cc1nc2nc(C)c(C[C@@H]3CCN(c4cnc(-c5ccc(CN6CCN(C)CC6)cc5)cn4)C3)c(C)n2n1,0,1,0.2860028117783766,2157
CCCN(c1ccon1)P(=O)(c1ccccc1)c1ccccc1,0,5,0.2578241522232821,2158
Fc1ccc([C@H]2c3ccccc3CCN2C2=NC[C@@H]3CNCC[C@@H]3O2)cc1,0,4,0.44692965392799805,2159
O=C(NCCc1cc(C(=O)NO)no1)c1ccc(Cl)c(Cl)c1,0,7,0.11510144816858045,2160
C[C@@H]1Cc2c(ccc3[nH]ncc23)[C@@H](c2ncc(NC3CN(CCCF)C3)cc2F)N1CC(F)(F)CO,1,5,0.7984364319838382,420
Cc1c(OCCN(C)CCCF)ccc(F)c1[C@@H]1c2[nH]c3ccccc3c2C[C@@H](C(F)(F)F)N1C[C@H](C)C(=O)O,0,7,0.14655259397592488,477
COc1ccc(-c2ccc(C(=O)O)cc2C)cc1-c1ccc(C(F)(F)F)nc1CN1C(=O)O[C@H](c2cc(C(F)(F)F)cc(C(F)(F)F)c2)[C@@H]1C,0,5,0.048522348404923255,2161
Fc1cc2c(cn1)C1(CCN(Cc3ccc(Oc4ccc(F)c(F)c4)cc3)CC1)OC2,1,2,0.8425699514351852,2162
COc1ccc(CN[C@@H]2COC[C@H]2O)cc1Cn1c2ccccc2c2nc(N)nc(N[C@H](CCO)C(C)C)c21,1,1,0.7688902859173965,212
O=c1cc(NC2CCN(Cc3ccc4c(c3)OCO4)CC2)c2cc(Cl)ccc2n1Cc1ccccc1,1,9,0.8795897577112444,2163
CCN(C)C1=N[C@@H]2[C@@H](O)[C@H](O)[C@@H](CO)O[C@@H]2S1,0,7,0.1005743116538776,283
O=C1O[C@@]2(CCNC[C@@H]2C(=O)N(Cc2cccc(C(F)(F)F)c2Cl)C2CC2)c2cc(F)c(F)cc21,0,4,0.31807025098248815,1407
O=C(NC1CCN(Cc2ccc3c(c2)OCO3)CC1)c1cc(=O)c2cc(Cl)c(Cl)cc2o1,1,10,0.8501508167777924,481
O=C([C@@H]1C[C@H]1c1ccc(C(F)(F)F)cc1)N1CCN(S(=O)(=O)c2cc(C(O)C(F)(F)F)cc(C(F)(F)F)c2)CC1,1,8,0.52302310172177,2164
CN1CC(C)(C(O)(c2ccc(OC(F)(F)F)cc2)c2cccc(Cl)c2)C1,1,6,0.8950072218942351,1009
CS(=O)(=O)c1cccc(C[C@H](NC(=O)c2c(Cl)cc3c(c2Cl)CCN(C(=O)c2ccc4ccoc4c2)C3)C(=O)O)c1,0,9,0.19937802917869657,2165
Cc1c(N2CCC(C3(N)CC3)C2)c(F)cc2c(Cc3n[nH]c(=O)o3)cc(=O)n(C3CC3)c12,0,9,0.09033949315431145,2166
COc1ccc(CCN2C(=O)N(NS(C)(=O)=O)CC2c2ccc(C)c(C)c2)cc1,0,7,0.18643265356541827,723
CN(C(=O)Cc1ccc(-n2cnnn2)cc1)C1CCN(Cc2ccc(C(F)(F)F)nc2)CC1,0,5,0.10563949144385885,1249
N[C@H]1C[C@@H](N2Cc3cn[nH]c3C2)CO[C@@H]1c1cc(F)ccc1F,0,1,0.15512461915493522,2167
Nc1nc2cccc(-c3cccc(Cl)c3Cl)n2n1,0,7,0.28174234482178484,2168
CC(C)c1ncc([C@]2(O)CC[C@H](N3CC(NC(=O)CNc4ncnc5ccc(C(F)(F)F)cc45)C3)CC2)s1,0,7,0.060500757176050905,76
CC1COc2cc(CNC34CCC(C[C@]5(O)Cn6c(=O)ccc7ncc(F)c5c76)(CC3)OC4)ncc2O1,0,7,0.07072139800245142,195
O=C1COc2ccc(CNC34CCC(CCc5c(F)cnc6cc(Cl)cnc56)(CC3)OC4)nc2N1,1,3,0.9486113651781028,265
c1cncc(OC[C@H]2CNCCN2c2nc3ncccc3o2)c1,0,4,0.13367931814939035,2169
O=C1COc2ccc(CNC34CCC(C[C@@]5(O)CN6C(=O)CCc7ncc(F)c5c76)(CC3)OC4)nc2N1,0,6,0.12096669022751534,2170
CCOc1cc2ncc(C(N)=O)c(Nc3ccc(F)cc3F)c2cc1N1CCN(CCO)CC1,0,9,0.0954196472041708,365
CCc1nccn1Cc1cn(-c2ccc(F)c(Cl)c2)nn1,1,8,0.9720676076276721,23
CCOCC1(COCC)N[C@@H](c2nc(-c3ccccc3)c[nH]2)Cc2c1[nH]c1ccccc21,1,9,0.6688455019751341,484
CN(C[C@H]1COCCO1)S(=O)(=O)Nc1ccc2ccc3ncc(-c4cnn(C)c4)cc3c(=O)c2c1,0,7,0.07882206554449953,2171
O=C(Nc1ccc(Cl)cn1)[C@H](COCCO)Oc1ncnc2c1cnn2-c1ncccc1Cl,0,7,0.02511800335783212,3
NC(=O)c1c(NC(=O)Nc2ccc(Cl)cc2)sc2c1CC[N+]1(CCOCC1)C2,0,10,0.18531356033302698,2172
CCn1nc(C)cc1C(=O)/N=c1\[nH]c2cc(C(N)=O)cc(OC)c2n1C/C=C/Cn1/c(=N/C(=O)c2cc(C)nn2CC)[nH]c2cc(C(N)=O)cc(OCCCN3CCOCC3)c21,0,5,0.20166139854519702,2173
NC(=O)c1cccc(O[C@H]2C[C@H]3CC[C@@H](C2)N3Cc2ccccc2)n1,1,9,0.5101279657521225,2174
C#CC(O)(c1ccc(OC)nn1)c1cc(-c2ncnc3cc(N4CCOCC4)ccc23)c(F)cc1Cl,0,7,0.03257451428047127,465
O=C(NCc1cc(Cl)cc(Cl)c1)N(c1ccc(Br)cc1)C1CCN(C2CCCC2)CC1,1,4,0.7169913453551096,1042
O=C1N(CCN2C[C@H]3CC[C@H](CC3)C2)CCN1c1cccc(Cl)c1,1,4,0.6829990802442004,2175
O=C(CNC(=O)c1cccc(C(F)(F)F)c1)NC1CN([C@H]2CC[C@](O)(c3ccc4c(c3)OCO4)CC2)C1,0,4,0.06848851077326752,2176
CCS(=O)(=O)c1ccc(C(NC(=O)Cc2ccccc2)C(=O)Nc2ccc(C(O)(C(F)(F)F)C(F)(F)F)cc2)nc1,0,3,0.10323069684122295,2177
CC(c1nc(-c2ccc(S(C)(=O)=O)cc2Cl)no1)[C@H](N)C(F)=C1CCCC1,0,6,0.10741313043492899,2178
O=C(O)[C@H](c1ccccc1)N1CCC(CN2CCC(Oc3ccc(Cl)c(Cl)c3)CC2)CC1,0,10,0.07569957515219002,1053
O=C(c1ccc(-c2cnccn2)cc1)N(c1nccc2ccccc12)[C@@H]1CCCNC1,0,9,0.167273661434981,2179
O=C(CNc1n[nH]c2ccc(C(F)(F)F)cc12)NC1CN([C@H]2CC[C@@H](O)CC2)C1,0,4,0.027557397448817335,67
CCCCc1nc(=O)cc(O)n1-c1c(C)cccc1OC,0,4,0.29082539362811305,2180
Cn1nccc1[C@H]1CCCC[C@@H]1Oc1cc(F)c(S(=O)(=O)Nc2cscn2)cc1F,0,8,0.079602123535506,2181
C[C@H]1COCCN1c1c(NC(=O)Nc2cnc(OC3CCN(C)CC3)c(Cl)c2)cnc2ccc(F)cc12,0,1,0.15691781795824566,2182
CCC[C@@H](CCO)Nc1nc(N)nc2cnn(Cc3ncc(C4CCN(C5CCNCC5)CC4)cc3OC)c12,0,10,0.04337162557419011,2183
Cc1cn(C2=CCC3C4CC=C5C[C@@H](NC(=O)c6ccc(F)cc6)CC[C@]5(C)C4CC[C@]23C)cn1,0,6,0.10793033967915652,1600
CN1C[C@@H]2C[C@H]1CN2c1ccc(-c2ccc3cc[nH]c3c2)cn1,1,9,0.8908473608524139,2184
CC(Cn1ccnc1)NC(=O)NC1CCN(Cc2ccn(-c3ccc(C(F)(F)F)cc3)c2)CC1,0,2,0.17448034423507464,2185
CCOP(=O)(Cn1ccc(NC(=O)c2cc(Oc3ccc(S(C)(=O)=O)cc3)cc(O[C@@H](C)COC)c2)n1)OCC,0,9,0.007545631699794388,1831
Cc1c(-c2ccc3cc(CCN4CCC[C@H]4C)ccc3n2)sc2nc3ccccc3n12,1,9,0.6375168864908297,2186
Cc1c([C@@H](O)[C@H](C)N2CCC3(CCN(c4ccc(=O)n(C)n4)C3=O)CC2)ccc2c1COC2=O,0,5,0.06371367391311032,61
O=C(CCc1ccccc1)N[C@H]1CC[C@](O)(c2ccc(O)cc2)CC1,0,10,0.18876158848315272,2187
COc1c(N2CC[C@@H](CN)C2)ccc2c(=O)c(C(=O)O)cn(C3CC3)c12,0,8,0.03787204317845179,280
Cc1ccc(C(=O)CC(=O)COc2ccc(Cl)cc2C)cc1,1,9,0.39868493846503816,2188
N#Cc1ccc2ncc(C#N)c(CCC34CCC(NCc5ccc6c(n5)NC(=O)CO6)(CC3)CO4)c2n1,1,1,0.8217156950818404,265
O=C(NCC1CCOCC1)c1n[nH]c2ccc(-c3cnccc3CO)cc12,0,5,0.037053664895075625,1141
CCOC(=O)COc1ccc(NC(=O)c2ccc(C(=N)N(C)C)cc2)c(C(=O)Nc2ccc(Cl)cn2)c1,1,6,0.5258667430293331,1401
CNc1cncc(-c2ccc(C(=O)N(c3ncccc3Cl)[C@@H]3CCCNC3)cc2)n1,0,9,0.0890523009201441,2189
O=C(O)c1cc(Cl)ccc1Nc1nc2cc(Cl)ccc2o1,0,3,0.23338175691353186,2190
CN1CCN(c2cnc3cc(C(F)(F)F)cc(NCc4cccc([N+](=O)[O-])c4)c3c2)CC1,1,8,0.6458953545800443,1071
O=c1ccc2ncc(F)c3c2n1C[C@@]3(O)CC12CCC(NCc3c(Cl)cc4c(c3Cl)OCCO4)(CC1)CO2,0,4,0.1539351806811757,2134
CNC[C@H](c1ccc2ccccc2c1)[C@H](OCC(=O)N1CCC1)c1ccccc1,0,10,0.08758498451804611,2191
Cc1nc2ccccc2n1C1CC2CCC(C1)N2CCC1(c2cccc(F)c2)CCN(C(=O)c2cc(NS(C)(=O)=O)c(F)cc2F)CC1,0,3,0.07528813519530012,305
O=C(c1ccc(Cl)cc1)C1CCN(CCc2ccc(Cl)c(Cl)c2)CC1,1,5,0.7641835564004138,2192
COc1nc2c(CCC34CCC(NCc5ccc6c(n5)NC(=O)CO6)(CC3)CO4)ccnc2cc1C#N,1,4,0.9714431926677295,265
CN1CCC(=C2c3ccccc3C=Cc3ccccc32)CC1,0,6,0.5717205669028412,2193
NC1=N[C@@]2(CO1)c1cc(-c3cccnc3F)ccc1Oc1c(F)cc(C3=CCCOC3)cc12,0,4,0.10609866488265864,2194
COc1cc([C@](O)(CCN(C)C)[C@@H](c2cc3cc(Br)ccc3nc2OC)c2cccc(OC)c2F)cc(OC)n1,0,5,0.015503137026294845,1273
Cc1nccnc1[C@H](O)c1ccc(F)c(-c2ncnc3cc(N4CCOCC4)cnc23)c1,0,5,0.01686409921710581,353
CC(C)S(=O)(=O)c1c(Cl)ccc(NC2=NC(=O)[C@@H](C3CCCCC3)N2)c1O,0,1,0.10732913015877953,2195
COCCCC(=O)NCCN1CCC[C@@H]1Cn1nc(Cc2ccc(Cl)cc2)c2ccccc2c1=O,1,6,0.8753773220172311,178
Cc1cncnc1C(O)c1cc(-c2ncnc3cc(N4CCOCC4)ccc23)ccc1F,0,4,0.005556121237441773,2196
O=C1N(CCN2Cc3ccccc3C2)CCN1c1cccc(C(F)(F)F)c1,1,8,0.8180941968989527,2197
COc1ccc(-c2ccc(C(=O)O)cc2C)cc1-c1cnc(N(C)C)nc1CN1C(=O)O[C@H](c2cccc(C(F)(F)F)n2)[C@@H]1C,0,5,0.04548629266281796,2198
Cc1cc(NC(=O)Nc2ccc(-c3ccnc4[nH]nc(C)c34)cc2)ccc1N1CCOCC1,0,5,0.1533117422463032,2199
C=CC(=O)N1CC2(CC(Nc3ncnc(N)c3-c3ccc(Oc4ccccc4)cc3)C2)C1,1,7,0.27857590983773467,2200
Cn1c(=O)n(CCCO)c(=O)c2c1nc(C1(F)CCC(F)(F)CC1)n2Cc1ccc(F)cc1F,0,9,0.06213849851709698,416
O=C(NC1CC1)c1cn(-c2cccc(C#Cc3ccc[n+]([O-])c3)c2)c2ncccc2c1=O,0,10,0.11326300936035238,2201
O=c1[nH]c([C@@H]2CCCN2)nc2c1oc1ccc(Cl)cc12,0,7,0.21275965596056753,2202
CCN(CC)C(c1ccccc1)C(O)(c1cccnc1)c1cccnc1,0,9,0.17863596994542433,357
NC(=O)c1cnc2ccc(-c3cccnc3)cc2c1NCC1CCCCC1,1,5,0.5148023211962718,2203
CN1C[C@@H](c2ccc(-c3ccc4c(c3)OC[C@H]3[C@H](CO)OC(=O)N43)cn2)OC1=O,0,5,0.08322241597763771,2204
O=C(O)C1CC1COc1ccc(-c2ccc(-c3nc4cc(Cl)ccc4[nH]3)cn2)cn1,0,6,0.09020068960040196,2205
COc1ccc(F)c(NC(=O)c2nnn(Cc3ccc(CN4CCOCC4)cc3)c2N)c1,0,4,0.09306985923998765,1096
COCC(=O)N1Cc2cc(S(=O)(=O)CC3CC3)ccc2C1C(=O)Nc1ccc(C(O)(C(F)(F)F)C(F)(F)F)cc1,0,10,0.03663724492646217,2206
Cc1ncc(CNC2CCN(CCn3c(=O)ccc4ncc(Oc5ccc(S(N)(=O)=O)cc5)cc43)CC2)cc1C#N,0,8,0.10571858806713401,2207
C[C@H]1OC(=O)[C@]2(NCC(N)=O)CC(F)(F)[C@@H](C)[C@H](/C=C/c3ccc(-c4ccccc4C#N)cn3)[C@H]12,0,1,0.06287685571188557,277
C[C@@H](CN1[C@H](c2c(F)ccc(OCCNCCCF)c2Cl)c2[nH]c3ccccc3c2C[C@H]1C(F)F)C(=O)O,0,7,0.11326428296334179,477
N=C1S/C(=C\c2ccc(-c3cccc(Cl)c3)o2)C(=O)N1c1nccs1,1,7,0.28407843542507183,2208
Cc1ncn(-c2cc(Cl)c(C(=O)NC[C@@H](c3cccc(F)c3)c3nc4c(F)ccc(C)c4c(=O)[nH]3)c(Cl)c2)n1,0,6,0.1373423571158807,2209
Cc1ncoc1-c1nnc(SCCCN2CCC3(c4ccc(C(F)(F)F)cc4)CC3C2)n1C,1,4,0.9919151263290841,2210
CN(C(=O)CC[C@@H](C1CCCCC1)N1Cc2cc(Oc3ccccc3)ccc2N=C1N)C1CCCCC1,1,2,0.3049548762815037,2211
CNC(=O)c1cnc(Nc2ccc(C)nn2)cc1Nc1ccccc1S(C)(=O)=O,0,4,0.06882205753709701,2212
Cc1c(N2CC[C@@H]([C@H](C)N)C2)c(F)cc2ccc(=O)n(C3CC3)c12,0,10,0.17548238167754182,1924
COc1cccc2nc(C#Cc3ccccc3)ccc12,0,5,0.2878164319871955,2213
N#Cc1cnc2ccc(=O)n(CCN[C@H]3CC[C@H]4[C@H](C3)OC(=O)N4c3ccc4c(n3)NC(=O)CO4)c2c1,0,10,0.05063002862949051,2214
CCOc1ncc(-c2nc(C(F)(F)F)sc2N2CCN(C(=O)Cn3ccc4cnccc43)[C@H](C)C2)cn1,1,2,0.2838660508982397,2215
Cn1c(NC2CCN(CCc3ccc(C(=O)NC4(CO)CC4)cc3)CC2)nc2ccccc21,0,9,0.4371928954944793,2216
O=C(NCCCNc1nc2ccccc2[nH]1)c1ccnc(C(F)(F)F)c1,0,4,0.1274604942835432,2217
O=c1cc(OCc2ccc(Cl)cc2)ccn1-c1ccc(OCCN2CCCC2)cc1,1,1,0.9226837271344592,188
CC(=O)N1CCC(Nc2cc(C(=O)NC[C@H](O)CN3CCc4ccccc4C3)ncn2)CC1,0,1,0.20445341664902106,2218
O=C(c1ccc2cc(Oc3ccc(C(F)(F)F)cn3)ccc2n1)N1CCCC1,0,10,0.034361246911335803,1398
O=C(CNC(=O)c1cccc(C(F)(F)F)c1)NC1CN([C@H]2CC[C@@](O)(c3nccs3)CC2)C1,0,8,0.030705568236294507,2219
COc1ncc2cc1NS(=O)(=O)c1cccc(c1)C(=O)NCc1cncc(c1)-c1ncnc3sc-2cc13,0,9,0.04407170956474852,2220
COc1nc(NC(=O)Cc2ccc(Cl)cc2)ccc1C[C@H]1COC(=O)N1,0,7,0.08358845410397614,2221
NC(=O)[C@@H]1CC[C@H](c2cccc(OCc3ccccc3)c2)N1,0,3,0.05940950256206774,2222
CC(C)CCNC1=CC(=O)c2ccccc2C1=O,0,7,0.14989845928731504,2223
FC(F)c1cc(-n2cc(Cn3ccnc3C3CC3)nn2)ccc1Cl,1,6,0.9866062557662219,428
c1ccc(C(Cc2cccc3c2OCC3)N2CCNCC2)cc1,0,10,0.13749006424109103,2224
CNC(=O)c1ccc(Nc2ncc(F)c(-c3cnc(C)n3C(C)C)n2)cc1,0,9,0.05026076721601692,558
CP(C)(=O)c1cccc2c1CC1(CCN(c3cnc(Sc4ccnc(N)c4Cl)c(N)n3)CC1)[C@@H]2N,0,6,0.3097561877859765,1529
COc1cc(Cl)c(-c2nc(SCC(=O)N(C)C)nc3[nH]cc(C#N)c23)cc1OC,0,2,0.11994567756838523,793
O=C(CNC(=O)c1cccc(C(F)(F)F)c1)NC1CN([C@H]2CC[C@@](O)(c3ccns3)CC2)C1,0,5,0.04169934372283761,2225
CC(=O)N1CCN(CCOc2ccc(C3CCN(C4=Nn5c(nnc5C(F)(F)F)CC4)CC3)cc2)CC1,0,10,0.18336806033507883,2226
CN(C(=O)N1CC(c2cc(F)ccc2F)=C[C@@]1(CO)c1ccccc1)C1CCN(CCF)CC1,0,10,0.32978347972507266,96
Cc1c(OCCNCCCF)ncc(F)c1[C@@H]1c2[nH]c3ccccc3c2C[C@@H](C)N1C[C@H](C)C(=O)O,0,6,0.016591838346906303,774
CNCCCN1CCCc2cc(NC(=N)c3cccs3)ccc21,0,6,0.19237482665092656,2227
CCCNc1cc(N2CCOCC2)cc(CCc2nc(C)c(CC)o2)n1,1,3,0.8196052787709581,1241
CN(C)C(=N)c1ccc(C(=O)Nc2ccc(Sc3ccccc3)cc2C(=O)Nc2ccc(Cl)cn2)cc1,1,5,0.7069797720999867,1363
CN(C)c1nc(=O)n(-c2ccccc2)c2cc(Cl)ccc12,0,4,0.17042312162862358,2228
CC(C)(NCc1cc([C@]2(C)CCSC(N)=N2)c(F)cc1F)C(F)(F)F,0,9,0.10558157852384917,962
CCN(CC)CC(=O)N[C@@H]1CC[C@@H](C(=O)NC(c2ccc(F)cc2)c2ccc(F)cc2)[C@H](c2ccc(Br)cc2)C1,1,10,0.43239113830885706,2229
OC(c1ccccn1)c1cc(-c2ncnc3cc(N4CCOCC4)ccc23)c(F)cc1F,0,10,0.015955151783225572,1450
Cn1nc(C(C(N)=O)c2cc(-c3ncnc4cc(N5CCOCC5)ccc34)c(F)cc2Cl)ccc1=O,0,8,0.004238860222816723,130
Cc1ccc(-c2cc3nc(NC(C)(C)C)nc(NCCCN(C)C)c3s2)cc1,0,7,0.4038665000872185,2230
C=C[C@]1(C)C[C@@H](OC(=O)Cn2cc(-c3ccc(Cn4cnc5c(N6CCNCC6)ncnc54)nc3)nn2)[C@]2(C)[C@H](C)CC[C@]3(CCC(=O)[C@H]32)[C@@H](C)[C@@H]1O,0,6,0.16189457847775018,2231
Cc1ccc2c(n1)[C@H]([C@@H](C)C(=O)Nc1ccc(Cl)c(-c3nc4ccccc4n3C)c1)CC[C@H]2C,0,7,0.2814695473659059,2232
O=C(NCCCCN1CCN(c2cccc(Cl)c2Cl)CC1)c1cc2ccccc2cn1,1,9,0.8200688476408998,2233
CN(C)C(=O)[C@@H]([C@H]1CC[C@H](c2ccc3ncnn3c2)CC1)[C@H](N)C(=O)N1CCC(F)(F)C1,0,8,0.06396121010827838,2234
CC(=O)Nc1cc(Nc2cc(NC3CC3)n3ncc(C#N)c3n2)ccc1C(C)C,0,7,0.091203532028149,1203
COc1ccc(C(C(N)=O)c2cc(-c3ncnc4cc(N5CCOCC5)ccc34)ccc2Cl)nn1,0,8,0.005076062639821029,465
CCOc1ccc2cc(-c3nn(CC(C)(C)CO)c(N)c3C(N)=O)cnc2c1,0,8,0.019887781623224517,772
O=C(O)COc1ccc(C(O)c2cc(-c3ncnc4cc(N5CCOCC5)ccc34)c(F)cc2Cl)nn1,0,9,0.019883032015096395,465
CS(=O)(=O)c1ccc(-c2cnc3ccc(-c4cccc(S(=O)(=O)CCCN)c4)nn23)cc1,0,9,0.25283995071732784,886
c1ccc2sc(Oc3ccc(CN4CCCCC4)cc3)nc2c1,0,5,0.3076092626443508,591
CCNC(=O)[C@H]1C[C@H](OC)[C@@]2(C)CC[C@@H]3c4ccc(OCCCN5CCC[C@H]5C)cc4CC[C@H]3[C@H]12,0,4,0.13387469687093695,2235
COc1cc(CCC(C)(C)N2Cc3cccc(C(=O)NCCO)c3C2)ccc1O,0,9,0.1709735896746139,70
Cc1c(C(C)CN2CCN(C(=O)Cc3ccc(-n4cnnn4)nc3)CC2)ccc2c1COC2=O,0,3,0.02869191111224808,582
CC(=O)c1nn(-c2ccccc2)/c(=N/c2nc(-c3ccccc3)cc(-c3ccccc3)c2C#N)s1,0,10,0.08837805144496048,2236
Nc1nnc(N2CCC(N3C[C@H](Cn4cc(F)cn4)OC[C@@H]3Cc3ccc(Cl)cc3)CC2)[nH]1,0,8,0.06512193653354086,2237
Nc1nc2ccc(C(=O)NCc3ccc(Cl)c(Cl)c3)cc2s1,0,2,0.11290107115036477,2140
Cc1c(OCCNCCCF)ccc(F)c1[C@@H]1c2[nH]c3ccc(F)cc3c2C[C@@H](C)N1C[C@H](C)C(=O)O,0,6,0.025906593271898804,477
COC(=O)N(C)c1c(N)nc(-c2nc(Cc3ccccc3F)n3ncccc23)nc1N,0,8,0.31898032720687575,2238
CCN(C)C(=O)c1ccc([C@H](c2ccccn2)N2CCN(Cc3ccccn3)CC2)cc1,0,8,0.12793979448928225,2239
COC[C@H](Oc1ncnc2c1cnn2-c1ccccc1Cl)C(=O)Nc1ccc(C)cn1,0,10,0.010324889982772811,169
COc1ccc(-c2nc(N3CCOCC3)c3sc(CN(C)c4ncc(C(=O)NO)cn4)cc3n2)cn1,0,1,0.09818813803611542,2240
c1ccc(CCCNCCN(c2ccccc2)c2ccccc2)cc1,1,4,0.9097511178709042,2241
O=C(Nc1ccc(-c2nnc(NCCCN3CCC(F)(F)CC3)o2)cc1)c1ccccc1F,0,2,0.06913655660025919,266
N#Cc1nc(CCCO)cc(-c2cccc(C(F)(F)F)c2)n1,0,2,0.4151333037395168,1443
CN(C)S(=O)(=O)c1ccc2c(C(=O)NC[C@@H](O)CN3CCC(Oc4ccc(Cl)c(Cl)c4)CC3)c[nH]c(=O)c2c1,1,8,0.5675722910420278,1530
NC(=O)c1cc(F)cc(O[C@H]2C[C@H]3CC[C@@H](C2)N3Cc2ccccc2)c1,1,9,0.779378176180899,417
COc1ccc2c(c1)[C@@H]1C[C@]1(C(=O)N1C3CCC1CN(C)C3)Cn1c-2c(C2CCCCC2)c2ccc(C(=O)NS(=O)(=O)C(C)C)cc21,0,9,0.11119253470533326,2242
O=C(N1CCc2ncc(C(F)(F)F)cc2C1)[C@@]12CCC[C@@H]1C[C@@H](NCC1CCOCC1)C2,0,8,0.09671443366899103,2243
Nc1nc2cc3c(cc2s1)CCN(Cc1cccnc1)CC3,0,6,0.07759968773356295,2244
CN(C)C(c1ccccc1)C(O)(c1cccnc1)c1cccnc1,0,7,0.13725253821873445,357
COc1cc(-c2cncc(-c3ccc(N4C[C@@H](C)N(C)[C@@H](C)C4)cc3)c2C)cc(F)c1C(N)=O,0,2,0.13933380598612044,2245
O=C(NCCO)c1ccccc1Oc1ncc(Cl)cc1NS(=O)(=O)c1ccc(Cl)c(Cl)c1,0,1,0.13668361312020985,1592
O=C(NCc1ncccn1)c1csc(-c2ccc(OC(F)F)c(OCC3CC3)c2)n1,0,5,0.1574167005399935,2246
CNc1cc(Nc2cnc(C#N)c(O[C@H](C)CN(C)C)n2)ncc1Cl,1,6,0.27538512847663926,2247
O=C([C@H]1CNCC[C@]1(O)c1ccc(F)c(F)c1)N(Cc1cn(Cc2ccccc2)c2cccc(F)c12)C1CC1,1,5,0.9628474632900113,1976
COc1cnc2ccc(=O)n(CCN3CC[C@@H](NCc4cnc(C)c(C#N)c4)[C@@H](F)C3)c2c1,0,8,0.07817092596473448,1372
Cn1cc(-c2ccc3c(c2)[nH]c2c(C(N)=O)ccc(NC4CCCCC4)c23)cn1,1,5,0.21402720562953373,2248
COC(=O)N[C@H](C(=O)N1C[C@@H](C)C[C@H]1c1ncc(-c2ccc(-c3ccc(-c4cc5[nH]c([C@@H]6C[C@H](C)CN6C(=O)[C@@H](NC(=O)OC)C(C)C)nc5s4)cc3)cc2)[nH]1)C(C)C,0,6,0.11854939218377358,2249
CCC(=O)CCCCC[C@H](NC(=O)[C@H]1CC12CCN(C)CC2)c1ncc(-c2cc3cccnc3cc2OC)o1,0,1,0.059178266901790066,1409
CCN(C(=O)C1CC1)c1cc(-c2ccc(N3CCN(CC4CC4)CC3)nc2C)cc(C(=O)NCc2c(C)cc(C)[nH]c2=O)c1C,0,2,0.1944505828844575,2250
CN1CO[C@H](c2ccccc2)[C@@H](c2ccc3ccccc3c2)C1,0,1,0.4831532191686793,2251
Cc1ccc2c(-c3nnc(SCCCN4CCc5cc6c(cc5CC4)OCC(=O)N6)n3C)cccc2n1,1,5,0.7100896024860829,2252
CCNC(=O)COc1cc(=O)n(C)cc1-c1cc(C(C)(C)O)ccc1Oc1c(C)cccc1C,0,3,0.1895889901756601,2253
CCCCNc1nc(N)nc2cnn(Cc3ncc(C4CCNCC4)cc3OC)c12,0,2,0.07735175827932247,44
CC(C)(C)Oc1cccc2nc(N)nc(N)c12,0,10,0.14491179638647078,1315
Cc1cccc(C2CCN(CCNC(=O)C3CC4CCC3O4)CC2)n1,0,4,0.07300260428655485,2254
CC1Cc2cccc(CN3CCC4(CC3)CCN(C(=O)c3ccncc3)CC4)c2O1,0,7,0.27155567913149437,2255
O=C(NC1CC1)c1cn(-c2cccc(C#Cc3cccnc3)c2)c2ncccc2c1=O,0,3,0.14748463249178184,2256
O=C(Nc1ccc(Cl)cn1)[C@H](CN1CC(O)C1)Oc1ncnc2c1cnn2-c1ncccc1Cl,0,6,0.02458670180426507,2257
Cc1nnn(-c2ccc(F)cc2)c1COc1ccc2c(n1)CCN(C(=O)C1CCCO1)C2,0,2,0.07132954683801548,2258
CCO[C@H]1CN([C@H]2CC[C@@](O)(c3ccc(C)cc3)CC2)C[C@@H]1NC(=O)CNC(=O)c1cccc(C(F)(F)F)c1,0,6,0.09643923250536474,2259
N#Cc1ccc(-c2ccc(-c3nc4cc(C(F)(F)F)ccc4[nH]3)cc2)cc1,1,2,0.5099146503360499,2260
COc1cccc2c1nc(N)n1nc(CN3CCN(c4ncc(C)s4)C[C@H]3C)nc21,0,6,0.027882873509045947,2261
O=C(CCc1ccccc1)N[C@H]1CC[C@](O)(c2ccc(O)cn2)CC1,0,5,0.08265355225160198,2262
COc1ccccc1NC(=S)NC(=O)c1ccc(-c2ccc(Cl)cc2)o1,1,7,0.3491509927325801,2263
N[C@@H](c1ccc(-n2cc(-c3ccc4cc[nH]c4c3)c(C(F)(F)F)n2)cc1)C(F)(F)F,0,2,0.27296398567190056,2264
O=C(NC1CCN(Cc2ccn(-c3ccc(C(F)(F)F)cc3)c2)CC1)NC12CC3CC(CC(O)(C3)C1)C2,0,6,0.11500543765642202,2265
C[C@H]1OC(=O)[C@]2(CC(N)=O)CC(F)(F)[C@@H](C)[C@H](/C=C/c3ccc(-c4cccnc4C#N)cn3)[C@H]12,0,9,0.03343742735794258,24
CO[C@]1(C)CC[C@@H](c2nnc3n2-c2ccc(Cl)cc2CC2(C3)OCCO2)CC1,0,4,0.17103336175670264,2266
Cn1c(SCCCN2CC3CCN(c4ccccc4F)C3C2)nnc1-c1cnccn1,1,10,0.971683355247863,170
CNC(=O)c1c(-c2ccc(O)cc2)oc2ccc(O)c(CN3CCC[C@@H](O)C3)c12,0,10,0.048397266112952086,2267
C[C@H](NC(=O)c1cnc(-c2ccc(S(C)(=O)=O)cc2)s1)c1cn(-c2cc(C(F)(F)F)ccn2)nn1,0,6,0.09519142001923261,2268
O=C(COc1ccc(C(=O)c2cc(Cl)ccc2Br)cc1)Nc1cccnc1,1,3,0.8546995111552599,1934
C[C@@H](NC(=O)c1nc(-c2nccc3ccccc23)nc(O)c1O)C1CCCCC1,0,1,0.11112272466173337,2269
CCNC1=N[C@@H]2[C@@H](OC)[C@H](O)[C@@H](CO)O[C@@H]2S1,0,9,0.030849326181406955,283
Cn1cc(Nc2nccc(-c3ccc4c(c3)CN(C3COC3)CC[C@H]4NC(=O)c3cn(C(C)(C)C)nn3)n2)cn1,0,6,0.16310258417589518,2270
CCOc1cc(NC(=O)c2ccccc2F)ccc1-c1nnc(NCCCN2CCCCC2)o1,0,4,0.12346237306011067,266
CN1CCC(Cn2nc(-c3ccc4nc(OCC(F)(F)F)ccc4c3)c3c(N)ncnc32)CC1,1,4,0.4131398569270841,2271
C=Cc1c(CNC23CCC(CCc4c(F)cnc5ccc(OC)nc45)(CC2)OC3)nc2c(c1C)OCC(=O)N2,1,7,0.830419813476296,265
CC(=O)Nc1cc(Nc2cc(NC3CC3)n3ncc(C#N)c3n2)ncc1C,0,4,0.04300349044582263,2272
NC(=O)c1c(NC(=O)Nc2ccc(Cl)cc2)sc2c1CCN(CCCNC(=O)CCc1c[nH]c3ccccc13)C2,0,1,0.3138899381054744,2273
C[C@@H]1c2nnc(-c3cccc(O)n3)n2CCN1C(=O)c1ccc(-c2cccs2)cc1,0,3,0.0726924147346625,2274
Cc1nc(C)n(CC(=O)N2CCN(c3sc(C(F)(F)F)nc3-c3cnc(C(C)(C)C)nc3)C[C@H]2C)n1,0,6,0.283538508962764,115
Cc1nc2nc(C)c(C[C@@H]3CCN(c4ccc(-c5ccc(CN6CCOCC6)nn5)cc4)C3)c(C)n2n1,0,4,0.10458063619967566,2275
Cc1cccc([C@H]2CC[C@H](CNC(=O)c3ccc(-c4nc5cc(C#N)cc(C(C)C)c5o4)cc3)CC2)c1,0,9,0.13697229129661648,57
Cc1c2c(n3c1CCN(C(=O)[C@H](C)N)C[C@@H](C)[C@H](C)Nc1cc-3ccc1C(N)=O)CC(C)(C)CC2=O,0,9,0.14940918446430348,2276
CC1(c2cccc(-c3cncnc3)c2)N=C(N)CCS1,0,2,0.07645900773829076,2277
CCN(C(=O)c1cccc(Cl)c1Cl)[C@H]1CCNC1,0,5,0.03200137727159598,363
Clc1nc(NCc2ccccn2)c2c(-c3ccccc3)cccc2n1,0,4,0.28822300085556335,2278
CN1CCN(C2CCN(c3nccc4[nH]c(-c5cc(F)cc(F)c5)nc34)CC2)CC1,0,6,0.4375972831192093,2279
CN([C@@H]1CCc2c(CC(=O)O)c3ccccc3n2C1)S(=O)(=O)c1ccc(F)cc1,0,8,0.11704410651817054,2280
C[C@@H]1OCC2(CCN(c3nc4[nH]nc(-c5ccnc(N)c5Cl)c4c(=O)n3C)CC2)[C@@H]1N,0,10,0.20251061569437628,1374
COc1ccc2nccc(CCN3CCC(NCc4ccc5c(c4)OCCO5)CC3)c2c1,1,7,0.785828862221669,2281
COc1cccc(N2CCN(CCN3CCC(C(F)(F)F)CC3)C2=O)c1,0,5,0.654383758990875,2282
CO[C@H]1CN(C2CCN(c3nc(N)n[nH]3)CC2)[C@H]1Cc1ccc(Cl)cc1,1,3,0.04229394760040705,2283
Nc1ccc(-c2cccs2)cc1NC(=O)c1ccc(N2CCC3(CC2)COC(=O)N3)nc1,0,7,0.16681052539371805,2284
Cc1ccc(CCCOCc2cccc(COCCCc3ccc(C)cc3)[n+]2C)cc1,1,3,0.915199391853735,2285
Nc1ncc(-c2ccc(C(=O)N3CCOCC3)cc2)nc1-c1ccc(C(F)(F)F)cc1,0,7,0.06338289540277575,2286
CN1CCCC1COc1ccc(-n2ccc(OCc3ccccc3)cc2=O)cc1,1,6,0.8634394665963201,2287
Cc1noc(C)c1-c1[nH]c2ccccc2c1CCNCc1ccc(/C=C/C(=O)NO)cc1,0,7,0.30615263373809287,2288
Cc1cc(-c2cnn(Cc3cc[nH]n3)c2)ccc1F,1,5,0.7307195308820068,59
OC(c1ccc(F)c(-c2ncnc3cc(N4CCOCC4)ccc23)c1)c1c(Cl)cncc1Cl,0,4,0.018464156544140364,1974
CC(C)(C#N)COc1ccc2c(c1)[C@]1(COC(N)=N1)c1cc(-c3cncnc3)ccc1O2,0,5,0.4226544970924922,741
COC1COCCC1N[C@@H]1C[C@H]2CNC[C@@]2(C(=O)N2CCc3ncc(C(F)(F)F)cc3C2)C1,0,5,0.01612274074225744,182
COc1cc(NC2CN(CCCF)C2)ccc1[C@@H]1c2ccc3[nH]ncc3c2C[C@@H](C)N1CC(F)(F)F,1,9,0.9811286141764695,1193
Cc1nn(C)c(C)c1-c1cc(OCC2COC2)cc(-c2ccnc3nc[nH]c23)c1F,0,1,0.29721942406593155,2289
C[C@@H]1CCCN1CCc1ccc2nc(-c3nc4ccccc4s3)ccc2c1,1,4,0.7263997818162418,2290
CNC(=O)c1cccc(-c2ccc3c(N4CCOC[C@@H]4C)nc(N4CCOC[C@@H]4C)nc3n2)c1,0,7,0.04182925980874796,719
Cc1cc(-c2cc3[nH]nc(N[C@@H]4CCNC[C@H]4F)c3cc2C2CC2)cc(C)n1,0,8,0.3039154622623526,2291
CN(C)C(C(=O)N[C@](Cc1ccccc1)(c1ccc(F)cc1)c1cc(F)cc(C(F)(F)F)c1)C(O)(C(F)(F)F)C(F)(F)F,0,8,0.19230870002583356,369
Cc1ccc(Cc2cc3c(=O)n([C@H]4CCCC[C@@H]4O)cnc3c3ccccc23)cn1,0,6,0.16913216758055238,21
COc1cnc2ccc(=O)n(CCN3CCC(c4nc5cc(Cl)ccc5[nH]4)CC3)c2c1,1,2,0.5307392511532611,2292
COc1ccc2ncc(F)c(CCC34CCC(NC(=O)c5ccc6c(n5)NC(=O)CO6)(CC3)CO4)c2n1,0,9,0.5318507728868019,2293
O=C(NCC(=O)N1CC[C@H](N[C@H]2CC[C@@](O)(c3ccc(-c4cccnc4)cn3)CC2)C1)c1cccc(C(F)(F)F)c1,0,3,0.03594691765987845,2294
O=C(O)c1cccc(CN2CCC(CN3CCC(Oc4ccc(Cl)c(Cl)c4)CC3)CC2)c1,0,10,0.14909721689830366,1053
CNC(=O)c1c(-c2ccc(O)cc2)oc2ccc(O)c(CN3CC4(CCOC4)C3)c12,0,8,0.03636530195191351,2295
Cc1nn(C2CCNCC2)cc1Nc1ncc(Cl)c(-c2cnc3ccccn23)n1,0,7,0.17353517608755903,2296
NCCn1nc(C(O)c2cc(-c3ncnc4cc(N5CCOCC5)ccc34)c(F)cc2Cl)ccc1=O,0,4,0.025474740052953634,130
Nc1nnc(N2CCC(N3C[C@@H]4CC(F)(F)CN4C[C@@H]3Cc3ccc(C(F)(F)F)cc3)CC2)[nH]1,0,5,0.13822012609316825,2297
Fc1ccc2cccc(N3CCN(CCCOc4ccc5c(c4)CNC5)CC3)c2c1,1,1,0.8658780169700953,1357
C[C@@]1(O)CCN(c2ncc(C(=O)Nc3ccc(OC(F)(F)F)cc3)cc2-c2ccn[nH]2)C1,0,3,0.17507210349773492,2298
CC(C)OC(=O)[C@H](C)N[P@](=O)(CO[C@H](C)Cn1cnc2c(N)ncnc21)OCc1ccccc1,0,2,0.10816157421157392,2299
C[C@@H](NC(=O)c1ccc(Cl)cc1)c1cc2c(cn1)N(C(=O)c1cccc(Cl)c1)CCC2,0,10,0.4529491102123303,2300
Cc1cc(-n2ncc(CN3CCN[C@H](c4ccc5c(c4C)COC5=O)C3)n2)ncc1C#N,0,8,0.1288985847008143,2301
COc1cc2ccc(Br)cc2cc1[C@@H](c1cccc(C)c1)[C@@](O)(CCN(C)C)c1cccc2c1OCO2,1,1,0.731619046779577,2302
Cc1nccnc1C(O)c1ccc(F)c(-c2ncnc3cc(N4CCOCC4)sc23)c1,0,5,0.009621948970503185,1702
Cc1nc2ccccc2n1C1CC2CCC(C1)N2CCC1(c2ccccc2)CCN(C(=O)C(C)(C)c2nnn[nH]2)CC1,0,2,0.16239045122934603,2303
CCN1CCc2cc3nc(N)sc3cc2CC1,0,4,0.05238964830106555,882
COc1ccc2ncc(F)c(C[C@H](O)C34CCC(NCc5ccc6c(n5)NC(=O)CO6)(CC3)CO4)c2n1,0,2,0.3237285078228932,265
C[C@@H](NC(=O)c1ccc(F)cc1)c1ccc2c(n1)CCCN2c1ccnc(C(F)(F)F)n1,0,8,0.12089901369410097,884
Cc1cccnc1Nc1nc(-c2ccc(OC3CC4(C3)CN(C3CC3)C4)cn2)ns1,1,10,0.1895060863947163,2304
CCCNCC(O)COc1ccccc1C(=O)CCc1ccccc1,1,6,0.33575911595607744,1734
Cc1nn(-c2c(Cl)cccc2NS(C)(=O)=O)cc1CN1CCC2(CC1)OCc1ccccc12,0,10,0.49210435939685027,2305
N#Cc1ccc(Cn2cncc2CN[C@H]2CCN(C(=O)c3cccnc3S)C2=O)cc1,0,10,0.07615436542341636,92
C[C@H](CCc1ccc(OC(=O)N(C)C)c(OC(F)(F)F)c1)N1Cc2ccc(F)cc2C1,1,4,0.5796243311328335,70
O[C@H]1C[C@H](CN2CC[C@H](c3ccc(F)cc3Cl)[C@@H](O)C2)Cc2cccnc21,0,2,0.28417149572032296,2306
Cc1cc(C#N)ccc1-c1ccnc(NCc2n[nH]c(-c3ccccc3)c2Cl)c1,0,6,0.30331567627364553,2307
Cc1nc(C)n(-c2cccc([C@H](CC(=O)O)CN3CC[C@@H](CCc4ccc5c(n4)NCCC5)C3)c2)n1,0,5,0.07687475365673489,2308
O=C1OCCc2cc([C@@H]3CN4CCN(C(=O)Cc5ccc(-n6cnnn6)nc5)C[C@H]4CO3)ccc21,0,6,0.0375200401788792,2309
CCCOCCn1c(=O)c(N2CCN(C[C@@H](C)O)CC2)nc2cnc(-c3ccc(OC)nc3)cc21,1,9,0.6519712390072685,2310
Cc1cc(C)n(-c2nc(O)cc(-c3ccccc3)n2)n1,0,10,0.20909664572305933,2311
Cc1cc(CNc2nc(N)nc3ccn(Cc4ccc(C(F)(F)F)cn4)c23)no1,1,10,0.43990695732994084,632
c1ccc([C@H]2CN(c3cc(O[C@H]4C[C@@H](n5cccn5)C4)ncn3)CCO2)cc1,0,8,0.27679337022230155,2312
Cc1cccc(C(CC[C@@H](N)C(=O)O)(c2ccccc2)c2ccccc2)c1,0,1,0.17078387564204975,1288
Cc1cnn(C)c1-c1cccc([C@H](CC(=O)O)CN2CC[C@@H](CCc3ccc4c(n3)NCCC4)C2)c1,0,6,0.18299967672927273,2313
C[C@@H]1Cc2c(ccc3[nH]ncc23)[C@@H](c2ccc(OC3CN(CCCF)C3)cn2)N1CC(F)(F)CO,1,4,0.8647157140191989,756
Clc1ccc2c(c1)CC1(Cc3nnc(N4CCN(c5cccc6c5OCC6)CC4)n3-2)OCCO1,0,1,0.21740878553470713,2314
CNC(=O)c1c(-c2ccc(O)cc2)oc2ccc(O)c(CN3CCC4(CCO4)C3)c12,0,2,0.045911326800673766,2315
c1ccc2c3c([nH]c2c1)C(C1CCOCC1)NC(c1nc(C2CCCCC2)c[nH]1)C3,1,7,0.846964080842864,2316
CC[C@]1(O)[C@H](O)C[C@H](c2ccncc2NC(=O)c2nc(-c3ncccc3F)ccc2N)C[C@@H]1C,0,1,0.11707784338152301,2317
Nc1ccccc1NC(=O)c1ccc(N2CCN(C(=O)/C=C/c3ccc(F)cc3)CC2)cc1,0,2,0.14572742835484137,2318
Cn1cc(NC(=O)c2cccc(-c3ccnc(N)c3)n2)c(C(N)=O)n1,0,5,0.09257170038830728,2319
COC(=O)c1ccc(CSc2ncnc3sc(C)c(C)c23)o1,0,4,0.22031076382062093,2320
Cc1ccc2nc(-c3ccc(F)cc3)c(CC(=O)Nc3ccccc3Cl)n2c1,0,3,0.14767538282614365,349
CN1CCCC(CNC(=O)c2nn(C)cc2NC(=O)c2cccc(-c3ccnc(NCC4CC4)c3)n2)C1,0,2,0.16676674551702425,2321
COc1nc(C(C)C)ccc1-c1cnc2sc(N3CCC(O)(CN)CC3)nn12,0,4,0.02203583124171039,1298
C=CC(=O)N[C@@H]1CN(c2nc(Nc3cn(C)nc3OC)c3ncn(C)c3n2)C[C@H]1F,0,4,0.13078702036661988,2322
N#Cc1ccc2ccc(=O)n(CCN3CC[C@@H](NCc4cc5c(cn4)OCCO5)[C@@H](F)C3)c2c1,0,3,0.08019296286263089,1741
COc1ccc2ccc(=O)n(C[C@H](O)[C@@H]3CC[C@@H](NCc4ccc5c(n4)NC(=O)CO5)CO3)c2n1,0,1,0.054003911065446164,1598
Cc1cnc(-c2ccc3c(c2)CCN(CCCSc2nnc(-c4cccs4)n2C)CC3)o1,1,10,0.9295972242790538,2323
O=C1S/C(=C\c2ccc(Oc3ccc([N+](=O)[O-])cc3)cc2)C(=O)N1c1ccc(OCCCCN2CCN(CC3CC3)CC2)cc1,0,10,0.4289230587983047,2324
C[C@@H]1CN(C(=O)[C@H]2CN(c3cccnc3)C[C@@H]2c2ccc(F)cc2F)C[C@H](C)[C@@]1(O)c1ccccc1,1,1,0.7233093472605433,2325
NC(=O)[C@@H]1CC[C@H](c2cccc(Oc3ccccc3)c2)N1,0,10,0.07655288987342303,2326
O=C(Nc1ccc(-c2nnc(NCCCN3CCN4CCC3CC4)o2)cc1)c1ccccc1F,0,7,0.1134068543385951,2327
CCN(C(=O)Cc1ccc(S(C)(=O)=O)cc1)C1CCN(CCC(c2ccccc2)N2CCN(c3ccccc3)CC2)CC1,0,1,0.35371211394473756,2328
Cc1cc2ncccc2cc1Nc1ncc2c(n1)n([C@H]1CCN(CCO)C1)c(=O)n2C,0,10,0.06977686040828912,462
CCOc1ccc2cc(-c3nn(C(C)(C)CO)c(N)c3C(N)=O)ccc2c1,0,10,0.015303069371792075,33
NC(=O)c1cccc(O[C@@H]2C[C@H]3CC[C@@H](C2)N3Cc2ccncc2)c1,1,1,0.8889501712653689,807
COc1ccc(-c2nnc(C(=O)N3CC(Oc4ccc(CN5CCN(C)CC5)c(F)c4)C3)o2)cc1,0,2,0.09613900093523607,2329
Cn1c(SCCCN2CC[C@]3(C[C@@H]3c3ccc(C(F)(F)F)cc3F)C2)nnc1-c1cccnc1,1,4,0.9004203274282406,1073
CCc1nc2ccc(CN3CCN(c4ccc(C(=O)NC)nc4C)CC3)cc2[nH]c1=O,0,9,0.015207346801271122,891
C[C@H]1Cc2c([nH]c3cc(F)c(F)cc23)[C@@]2(N1)C(=O)Nc1ccc(Cl)cc12,0,3,0.10177567653662443,764
CC1(c2cc(C(F)(F)F)cc(C(F)(F)F)c2)CCN([C@]2(c3ccccc3)CC[C@@H](N3CCC4(CCOC4)CC3)CC2)C1=O,1,10,0.8260967420675398,91
CC(=O)Nc1cc(Nc2cc(NC3COC3)n3ncc(C#N)c3n2)ccc1C,0,7,0.03127950585089298,2330
Clc1ccc(-n2c(C3CCN(c4ccncc4)CC3)nc3ccncc32)cc1,1,7,0.35684362676137726,2331
Cc1ccc(C(=O)Nc2ccc(Cl)cc2)cc1C#Cc1cc(-c2cnn(C)c2)cnc1N,0,5,0.2356222188694392,2332
CCOc1ccc2c(=O)n(-c3ccc4nc5n(c4c3)CCN(C)C5)c(=O)n(-c3ccc(OC(F)F)cc3)c2n1,0,5,0.19751554218763887,2333
O=C(Nc1ccc(-c2nnc(NCCCCN3CCOCC3)o2)c(F)c1)c1ccccc1F,0,4,0.044350132818550915,425
Cc1nc(C(O)c2cc(-c3ncnc4cc(N5CCOCC5)ccc34)cnc2F)sc1C,0,9,0.02357975504751908,1803
N[C@H]1CCCC[C@H]1Nc1cc2nc[nH]c(=O)c2c(Nc2cccc3cc[nH]c23)n1,0,1,0.13330195413388896,2334
CC1=N[C@@](Cc2ccccc2)(c2cccc(-c3cncnc3)c2)N=C1N,0,3,0.13572125971610613,2335
Fc1ccccc1-c1nc(COc2ccc3c(c2)C(N2CCN(C4CCCC4)CC2)CC3)no1,1,8,0.6577185525772208,1582
COc1ccc(-c2cc(CC3CCOCC3)nc(N3CCNCC3)c2)cc1,1,3,0.3731879721463392,2336
CC1(C)[C@H](Nc2c(C(N)=O)cnn3cc(-c4cc[nH]n4)cc23)CC[C@]1(C)N,0,10,0.04700436907126059,2337
CC(O)(COc1ccc(S(F)(F)(F)(F)F)cc1)C(=O)Nc1cc(C(F)(F)F)cc(C(F)(F)F)c1,0,2,0.2957661441521534,533
CC(C)(O)C(=O)N[C@@H]1CC[C@@]2(S(=O)(=O)c3ccc(F)cc3)c3ccc(C(F)(C(F)(F)F)C(F)(F)F)cc3CC[C@@H]12,0,6,0.200803294181419,2338
COCCCn1cc(CN(C(=O)[C@H]2CNCC[C@@H]2c2ccn(C)c(=O)c2)C2CC2)c2ccccc21,0,9,0.12290053750522231,275
Fc1ccc2c(C3CCN(CCCOc4ccc(CCc5nc6ccccc6o5)cc4)CC3)noc2c1,1,5,0.7856276522592013,2339
O=C1N(CCN2CCCc3sccc3C2)CCN1c1cccc(Cl)c1,1,7,0.815048432247021,2340
Nc1nc2ccc(C(F)(F)F)cc2n1CC(O)c1ccc(C(F)(F)F)cc1Cl,0,5,0.167555990988441,868
COc1cc2c(Nc3cc(CC(=O)Nc4cccc(F)c4F)[nH]n3)ncnc2cc1OCCCN1CCC[C@@H]1CO,0,3,0.10542481179193318,2341
Clc1ccc2c(c1)CC1(Cc3nnc(N4CCN(c5cccc6c5OCO6)CC4)n3-2)OCCO1,0,1,0.273883332394832,2342
COc1cc(N2C(=O)N(c3ccc(-c4ccc(C(=O)O)cc4C)cc3)C(=O)C23CCN(Cc2ncccc2C)CC3)ncn1,0,8,0.1330322168956492,56
CS(=O)(=O)NC(=O)c1cc(F)c(Oc2ccc(Cl)c(Cl)c2)cc1F,0,5,0.16708766633158917,604
COCCOc1ccc(C2CN(NS(C)(=O)=O)C(=O)N2CCc2ccc(OC)cc2)cc1,0,10,0.1903405666392814,723
COCCCN1CCC(c2noc(-c3nn(C(C)C)c4ccccc34)n2)CC1,1,5,0.5363644676411153,2343
COc1ccc(CCNCCCNc2nc3ccccc3n2Cc2ccc(F)cc2)cc1,1,8,0.7345809496559066,2344
CN(c1ccc([C@]23CNC[C@H]2C3)cc1)S(=O)(=O)c1ccccc1,0,8,0.2516017597895818,733
C[C@H](c1cccnc1)c1c(CCN(C)C)sc2ccccc12,1,1,0.6120451273589165,2345
COc1cc(Nc2cc(Oc3ccc(NC(=O)Nc4cc(C(C)(C)C)cc(N(CCO)S(C)(=O)=O)c4OC)c4ccccc34)ccn2)ccc1C(=O)NCCN1CC[S+]([O-])CC1,0,1,0.16077084367902658,2346
O=C(Nc1ccc(C(F)(F)F)cc1)NS(=O)(=O)c1ccc(OCCN2CCCCC2)cc1,0,2,0.040076589077365006,1971
CC#CC(CC(=O)O)c1ccc(Oc2ccc(C(F)(F)F)cc2OC(F)F)cc1F,0,6,0.2244588758091136,604
O=c1c2cc(-c3ccc(Cl)cn3)cn2ncn1-c1ccc(N2CC[C@@H](O)C2)nc1,0,6,0.14492913075623773,2347
Cc1ccc2c(-c3nnc(SCCN4CCc5cc6nc(C(F)(F)F)oc6c(Br)c5CC4)n3C)cccc2n1,1,7,0.7571586863751835,598
O=C(CCCC(=O)c1cccc([N+](=O)[O-])c1)NC1CCCC1,0,6,0.23467925865141828,2348
CC(C)n1cc(C(=O)c2cncc(NC(=O)Cn3ccc(C4CC4)n3)c2)c2cncc(F)c21,0,1,0.17399280209516,2349
Nc1nnc(N2CCC(N3C[C@H](CN4CC[C@H](O)C4)OC[C@@H]3Cc3ccc(Cl)cc3)CC2)[nH]1,0,2,0.029306443211236585,1910
CCCCNc1nc(N)nc2c1CN(C(=O)c1cccs1)CC2,1,1,0.14179115069885165,2350
Cc1ccc(Nc2nc(N[C@@H]3CCOC[C@@H]3N)ncc2C(N)=O)cc1,0,7,0.1600868881323405,1478
Cc1c(N2CCC(C3(N)CC3)C2)c(F)cc2c(-c3cc(O)no3)cc(=O)n(C3CC3)c12,0,5,0.056100707034041214,2351
COc1cc(NC2CN(CCCF)C2)cnc1[C@@H]1c2ccc3[nH]ncc3c2C[C@@H](C)N1CC(F)(F)F,1,2,0.9430333802141304,420
NS(=O)(=O)c1ccc(OCCCN2CCCCC2)cc1,0,8,0.2010273963922385,2119
Cc1ncoc1-c1nnc(SCCCN2C[C@@H]3C[C@]3(c3ccc(C(C)(C)C)cc3)C2)n1C,1,1,0.992231856260783,1737
C[C@H](Nc1c(C(N)=O)cnc2ccc(-c3cccnc3)cc12)c1ccn(C)n1,0,9,0.22446707545668051,502
CCCCc1cc(OC2CCN(CCCS(=O)(=O)CC)CC2)c2ncccc2c1,1,1,0.9611591038289924,409
O=C(O)C[C@H]1CC[C@@H](Oc2ccc(NC(=O)c3nnc(Nc4ccc(F)c(F)c4)o3)cn2)CC1,0,10,0.11585721639610277,2352
Cc1ncoc1-c1nnc(SCCCN2CCc3nc4cc(C(F)(F)F)ccn4c3CC2)n1C,1,5,0.8466794926392129,2353
CCOC(=O)c1c(CSc2ccccc2)n(C)c2cc(Br)c(O)c(CN(C)C)c12,1,4,0.4673750904820051,2354
C[C@@H]1Cc2c(ccc3[nH]nc(F)c23)[C@@H](c2ccc(NC3CN(CCCF)C3)cn2)N1CC(F)(F)F,0,3,0.9348974265308259,420
CC(C)(CNC(=O)N1CCC(c2nc(-c3ccc4ccccc4n3)no2)CC1)N1CCOCC1,0,5,0.08250724119856491,2355
CN1CCN(c2ncnc3c2nc(-c2ccccc2Cl)n3-c2ccc(Cl)cc2)CC1,1,9,0.5201584392935445,2356
CNC[C@@H](O)CCN1c2ccccc2N(c2c(F)cccc2F)S1(=O)=O,0,5,0.09051635438708683,2357
COc1ccc2ncc(=O)n(CCN3CC[C@H](NCc4ccc5c(n4)NC(=O)CO5)[C@H](F)C3)c2c1,0,8,0.0295621110175876,2358
O=c1ccc2ncc(F)c3c2n1C[C@@]3(O)CC12CCC(NC/C=C/c3ccc(F)cc3)(CC1)CO2,1,1,0.7635569146924623,2071
Fc1ccc(N(CCNCCCc2ccccc2)c2ccc(F)cc2)cc1,1,8,0.9242055728294951,2241
CNC(=O)N1C[C@H]2[C@H](C)[C@@H](C)[C@H](/C=C/c3ccc(-c4ccccc4C#N)cn3)[C@@H]3[C@@H](C)OC(=O)[C@@]32C1,0,3,0.1183271121156429,2032
COc1ccc2c(c1)CN(C(=O)CCN1CCC(Cc3ccccc3)CC1)CCS2,1,2,0.4792672816432287,2359
O=C1OC2(CCN(c3nc4ccccc4[nH]3)CC2)CN1c1ccccc1,1,1,0.34384408867448124,2360
O=C(/C=C/c1ccc(Br)cc1)N1CCN(C(=O)C2CCOCC2)CC1,0,4,0.14195650655597683,2361
CCOP(=O)(Cn1ccc(NC(=O)c2cc(Oc3ccc(S(=O)(=O)N4CCC4)cc3)cc(OC(C)C)c2)n1)OCC,0,4,0.026074445567778146,2362
Cc1cccc(C(=O)Nc2cccc(NC(=O)c3ccncc3)c2)c1,0,1,0.16596031500798053,2363
CC1=C(N2CCC3(CCN(C[C@H](O)c4ccc5c(c4C)COC5=O)CC3)C2=O)COC1=O,0,8,0.026937608585815353,1462
CC1(S(=O)(=O)N2CC(CC#N)(n3cc(-c4c(C#N)cnc5[nH]ccc45)cn3)C2)CC1,0,4,0.06381662270452283,2364
CONC(=O)N(Cc1ccsc1)C1CCN([C@H](C)CCNC(=O)c2c(C)cc(Cl)nc2Cl)CC1,1,7,0.12583079194988248,155
Cc1cccc(CNCC[C@@]2(c3ccc(F)cn3)CCO[C@]3(CCOC3)C2)c1,0,7,0.27550093519488716,2365
CCc1cc2c(cc1N1CCC(N3CCOCC3)CC1)C(C)(C)c1[nH]c3cc(C#N)ccc3c1C2=O,0,2,0.3234003875437527,2366
O=c1ccc2ccc(F)c3c2n1CC3C[C@H]1OC[C@H](NCc2ccc3c(c2)OCCO3)CO1,0,3,0.23016067679972962,2367
c1ccc(-c2cccc3nc(-c4cccnc4)nc(NCc4ccccn4)c23)cc1,0,9,0.26356762046248244,869
CS(=O)(=O)Cc1cc(N2CCOCC2)nc(-c2ccc(NS(C)(=O)=O)cc2)n1,0,9,0.08686093575831375,2369
COC1COCCC1N[C@@H]1C[C@H]2CN(C)C[C@@]2(C(=O)N2CCc3ncc(C(F)(F)F)cc3C2)C1,0,6,0.028040618713749126,182
CC1(C)C2=C3C=C4C5=[N+](CCC4OC3CCN2c2ccc(CCC(=O)NCCCCCCN(CCOc3ccc(NS(C)(=O)=O)cc3)CCc3ccc(NS(C)(=O)=O)cc3)cc21)c1ccc(S(=O)(=O)[O-])cc1C5(C)C,1,2,0.9315710004455574,2370
Cc1cc(N2CCc3c(c(C)nn3CC34CCC(NC5CCC5)(CC3)CC4)C2)c2cnn(C)c2n1,0,7,0.08290169648381879,2371
CCOC(=O)C1=C(CN2CCOC[C@H]2C(=O)O)NC(c2nccs2)=NC1c1ccc(F)cc1Cl,0,3,0.061945990086505975,754
C[C@@H]1CN(C(=O)c2ccccc2)CCN1C(=O)C(=O)c1c[nH]c2ccccc12,0,10,0.12241488996997113,2372
CC(C)Oc1nc2nc(C34COC(C)(C3)C4)cn2cc1C(=O)Nc1cnn2cc(F)cnc12,0,3,0.035215203130834184,979
N[C@H]1CCCC[C@H]1Nc1cc2nc[nH]c(=O)c2c(Nc2cccc3c(Cl)c[nH]c23)n1,0,2,0.17012848010213055,2334
C[C@@H](c1ccc(-c2ccc(=O)n(C)c2F)cc1)[C@H](N)C(=O)N1CC[C@H](F)C1,0,8,0.09353939836596115,1161
C=CC(=O)N1CCCC(n2nc3c(=O)[nH]nc(N)c3c2-c2oc3ccc(C)cc3c2C)C1,0,8,0.15433541367329495,2373
CCN(CC)CCNC(=O)c1ccc(NC(C)=O)cc1,0,9,0.1995908412424968,156
COc1cc(NC(=O)c2ccccc2F)ccc1-c1nnc(NCCCN2CCOCC2)o1,0,3,0.04482457004032462,2374
N#Cc1ccnc(C2=NC(c3ccc(F)cc3)(c3ccc(F)cc3)CN2)c1,1,9,0.3538175110726835,2375
CC(=O)N1Cc2cc(S(=O)(=O)CC3CC3)ccc2C1C(=O)Nc1ccc(C(O)(C(F)(F)F)C(F)(F)F)cc1,0,7,0.026937354720991197,2206
Cc1nccnc1C(O)c1cc(-c2ncnc3cc(N4CCOCC4)ccc23)c(F)cc1F,0,3,0.0033946388618278024,247
O=C(N[C@@H]1COc2cccc(-c3ccc(CO)nc3)c2C1)c1ccc(OCCOCC(F)(F)F)nc1,0,6,0.06101292074847317,231
Cc1cc(-c2ccc3c(c2)CCN(CCCSc2nnc(-c4ccc(F)c(F)c4)n2C)CC3)n(C)n1,1,2,0.9744562945515444,2376
COc1cc2oc(C(=O)NC3CCN(Cc4ccc5c(c4)OCO5)CC3)cc(=O)c2cc1F,1,3,0.8402906008276233,481
N[C@@H]1C(=O)NC[C@H]1Oc1ccc2ncc(F)c(CCC34CCC(NCc5ccc6c(n5)NC(=O)CO6)(CC3)CO4)c2n1,0,7,0.39996242295698936,2377
Cc1nnc(C(C)C)n1C1CC2CCC(C1)N2CC[C@H](NC(=O)C1CCC(F)(F)CC1)c1ccsc1,0,3,0.36475776953037753,607
C[C@@H]1Cc2c(ccc3[nH]ncc23)[C@@H](c2ccc(N(C)C3CN(CCCF)C3)cn2)N1CC(F)F,1,7,0.9259002307298526,420
CCCCCCCN(CC)CC#CCc1ccc(Cl)cc1,1,10,0.9022516311506179,156
O=C(c1nnc(-c2ccccc2)o1)N1CCC(Oc2ccc(CN3CCC(O)C3)cc2)CC1,0,2,0.10817443435445256,1624
CCOc1cc(CN2CCC(F)(CNc3ccc(C(=O)O)cc3)CC2)cc(OCC)c1-c1ccc(F)cc1,0,6,0.2464329869024822,2378
CN(C)C(=O)N1CC(c2cc(F)ccc2F)=C[C@H]1c1cccc(O)c1,0,8,0.1482172806604557,743
Cc1c([C@@H](O)CN2CCC3(CC2)CCN(c2cnc(S(C)(=O)=O)cn2)C3)ccc2c1COC2=O,0,10,0.016589433220020437,2379
Cc1cc(C(F)(F)F)ccc1C12CC1CN(CCCSc1nnc(-c3ocnc3C)n1C)C2,1,8,0.9789343241726446,1737
COc1cc(-c2cn(CC(=O)N3CCC(c4nc5ccccc5o4)CC3)nn2)ccc1-n1cnc(C)c1,0,2,0.3210964894450767,2380
CC(=O)c1nn(-c2ccc(Cl)cc2)/c(=N/c2nc(-c3ccccc3)cc(-c3ccccc3)c2C#N)s1,0,7,0.15502462529108618,2236
C[C@@H]1CCCN1CCc1cc2cc(-c3ccc(C#N)cc3)ccc2o1,1,9,0.5478063363193374,2381
CC(C)c1cc(C#N)cc2nc(-c3ccc(C(=O)NC[C@H]4CC[C@H](c5ccc(C(C)(C)C)cc5)CC4)cc3)oc12,0,4,0.06594637288525379,57
CCc1nc2ccc(N3CCN(CC(=O)N4CC(O)C4)CC3)cn2c1N(C)c1nc(-c2ccc(F)cc2)cs1,0,4,0.2136106119858796,2382
COc1cccc(-c2nnc3n2C(C)CN(C(=O)c2cc(Cc4n[nH]c(=O)c5ccccc45)ccc2F)C3)n1,0,9,0.1344855670135248,2383
Cc1[nH]nc(Nc2ccnc3cc(OC(F)(F)F)c(S(=O)(=O)C(C)(C)C)cc23)c1C,0,3,0.1182058914465252,928
Clc1cccc(N2CCN(CCCCNc3ccc4ccccc4n3)CC2)c1Cl,1,4,0.8256530503772717,2384
Cc1cccnc1C(=O)N1CCC(C)(N2CCC(N(c3ccccc3)c3cccnc3)CC2)CC1,1,9,0.27854565824015204,2385
Nc1nc2cccc(-c3ccc(C(F)(F)F)c(S(N)(=O)=O)c3-c3nn[nH]n3)c2[nH]1,0,4,0.14222809022691255,2386
Cc1ccnc(C)c1C(=O)N1CCC(C)(N2CCC(N(c3ccccc3)c3ccccc3)CC2)CC1,1,9,0.5134898731977884,2387
Cc1nnc(-c2c(N)ncnc2N[C@@H](C)c2nc3cccc(C#CCO)c3c(=O)n2-c2ccccc2)o1,0,1,0.1303862478835912,2388
Nc1nc2cc3c(cc2s1)CCN(Cc1cscn1)CC3,0,10,0.12361040681763036,2389
COC(=O)C1=C(CN2CCN3C(=O)N(CC(C)(C)C(=O)O)C[C@@H]3C2)NC(c2nccs2)=N[C@H]1c1ccc(F)cc1Cl,0,2,0.052024749942546855,2390
N#Cc1c(CNC23CCC(C[C@]4(O)Cn5c(=O)ccc6ncc(F)c4c65)(CC2)OC3)ncc2c1OCCO2,0,4,0.07128733729274633,195
Cc1nnn(C)c1-c1cnc2c3ccc(C(C)(C)O)cc3n([C@H](c3ccccc3)C3CCOCC3)c2c1,0,1,0.30423150072232713,2391
COc1ccc([C@H]2CN(CCC3CCOCC3)C[C@@H]2CC(=O)Nc2cccc(Cl)c2)cc1,1,1,0.7409510506672959,2392
CCn1ccc(NC(=O)c2cc(Oc3ccc(C(=O)N4CCC4)cc3)cc(O[C@@H](C)CO)c2)n1,0,3,0.028122680766671983,2393
O=c1cc(OCc2ccccc2)ccn1-c1ccc2c(cnn2CC2C[C@@H](O)CN2)c1,0,3,0.1653279060204788,2394
COCc1nn(Cc2ccc(Cn3ccccc3=O)cc2)cc1C(=O)NCc1nccc(OC)c1F,0,2,0.1386913986370591,2395
CCC(=O)NCCN1CCC[C@@H]1Cn1nc(Cc2ccc(Cl)cc2)c2ccccc2c1=O,1,3,0.8327165768765028,178
C[C@H]1CN2CCNCc3ccc(C(=O)NCC(F)F)c1c32,0,5,0.10350822518573335,2396
CC(C)c1cn(C2=CCC3C4CC=C5C[C@@H](NC(=O)c6ccncc6)CC[C@]5(C)C4CC[C@]23C)cn1,0,7,0.16268296642081562,2397
O=c1n(Cc2ccc(Cl)cc2)c2sc3c(c2c2ncnn12)CCN(CC1CC1)C3,1,9,0.8761227015091477,2398
COc1ccc(-c2ccc(C#Cc3cccc(C#Cc4ccc(-c5ccc(OC)cc5)cc4)[n+]3C)cc2)cc1,1,7,0.8752556794241987,1190
N=C(c1ccc(C(=O)Nc2ccc(Cl)cc2C(=O)Nc2ccc(Cl)cn2)cc1)N1CCCCC1,1,8,0.528514162494439,285
COCCOc1cc2ncc(C(N)=O)c(Nc3ccc(F)cc3F)c2cc1N1CCN(C)CC1,0,4,0.04028874032482107,365
Cc1ccc2c(N3CCN(CCc4ccc5c(c4)NC(=O)CO5)CC3)cccc2n1,1,9,0.7967865840851631,2120
CC1CN(C(=O)[C@H]2CN(C3CCN(c4nnc(N)[nH]4)CC3)[C@@H](Cc3ccc(Cl)cc3)CO2)C1,0,1,0.009753640434828207,452
O=C([C@@H]1C[C@H]1c1ccc(C(F)(F)F)cc1)N1CCN(S(=O)(=O)c2cc(-c3nnc[nH]3)cc(C(F)(F)F)c2)CC1,1,3,0.5214797036979404,2399
COc1ccc(NC(=O)Cc2c(-c3ccc(F)cc3)nc3ccc(C)nn23)cc1,0,5,0.049620152103419586,171
N[C@H]1CC[C@@H](N2CC(NC(=O)CNc3n[nH]c4ccc(C(F)(F)F)cc34)C2)CC1,0,6,0.034091697379490166,67
Cc1ccc(C(=O)N2CCN(c3ccc(OCCCN4CCCCC4)cc3)C(=O)C2)cc1,0,2,0.10954392095098446,1641
COC1COCCC1N[C@@H]1C[C@H]2CN(C3COC3)C[C@@]2(C(=O)N2CCc3ncc(C(F)(F)F)cc3C2)C1,0,5,0.030150014331537786,2400
O=C1c2ccccc2C(Cc2ccncc2)(Cc2ccncc2)c2ccccc21,0,7,0.24403816637668124,2401
CCN(CCc1ccc(Cl)c(Cl)c1)C[C@H](O)COc1ccc(NS(C)(=O)=O)cc1,1,3,0.8839271047098949,538
COC[C@H]1CN(c2noc3c(F)c4c(cc23)CC2(C(=O)NC(=O)NC2=O)[C@H]2[C@H](C)O[C@H](C)CN42)C(=O)S1,0,10,0.08490537693583453,2402
CCC(CC)CNc1c(C(N)=O)cnc2ccc(-c3cccnc3)cc12,1,3,0.8189332212437029,2403
CC1(C)CC[C@]23CC[C@@]4(C)[C@]5(C)CC[C@H]6C(C)(C)C(=O)C(C#N)=C[C@]6(C)C5=CC(=O)[C@@]4([C@@H]2C1)N(C1CCCCC1)C3=O,0,10,0.3106841403833764,2404
CNC(=O)c1cc(OCCCCN2CCC(c3noc4cc(F)ccc34)CC2)ccc1F,1,10,0.681866840494687,2405
COc1cccc(-c2c[nH]c([C@H]3Cc4c([nH]c5ccccc45)[C@@H](C4CCOCC4)N3)n2)c1,1,3,0.9436835411169019,535
Cc1cc(-c2nc3c4c(ccc3o2)CCN(CCCSc2nnc(-c3ocnc3C)n2C)CC4)n(C)n1,1,3,0.853469509922917,2406
Cc1cccc(NC(=O)Cc2c(-c3ccc(F)cc3)nc3ccc(C)cn23)c1,0,8,0.15038844933801704,349
COc1ccc2c(NC[C@H](O)CO)nc(C#N)c(-c3ccccc3)c2c1,0,6,0.13701873496185732,1703
O=C(c1ccncc1)N1CCC2(CCN(Cc3cccc(Oc4ccccc4)c3)CC2)CC1,1,9,0.5493873644065567,2407
CN1C[C@@H]2C[C@H]1CN2c1cnc(-c2ccc3occc3c2)cn1,1,5,0.9064419811356735,2408
COc1cc(CCC(C)(C)N2Cc3cccc(S(C)(=O)=O)c3C2)ccc1O,0,2,0.3106756242473761,70
COc1cc(N2C(=O)N(c3ccc(-c4ccc(C(=O)O)s4)cc3)C(=O)C23CCN(Cc2ncccc2C)CC3)ncn1,0,2,0.2836125943432354,2409
CNC1CN(c2nc(N)nc3cc(C4CC4)cnc23)C1,0,10,0.13039774109505967,2410
Cn1cc(-c2nnc(SCCCN3CC[C@]4(C[C@@H]4c4ccc(C(F)(F)F)cc4)C3)n2C)cn1,1,6,0.9645682172363428,2411
CC1=C(c2ccc(OCCCN3CCCC3)cc2)Oc2ccccc2S1(=O)=O,1,4,0.6832590281601713,2412
Cc1cccc(/C=C2/SC(N/N=C3\CC4CCC3(C)C4(C)C)=NC2=O)c1,1,7,0.4394432324215622,1708
O=C(O)c1cn(C2CC2)c2cc(Nc3nccc(Cc4ccc(F)cc4F)n3)ccc2c1=O,0,6,0.15541837672143244,2413
CC(C)=Cc1cc(C(F)(F)F)cc(COCC2(c3ccc(F)cc3)CCN(C)CC2)n1,0,3,0.10167151488333742,214
Cc1cc(Nc2cncc(N[C@@H](C)c3ncc(F)cn3)n2)n[nH]1,0,3,0.11285081521022228,2414
C[C@@H](CO)Oc1cc(Oc2ccc(C(=O)N3CCC3)cc2)cc(C(=O)Nc2cc[nH]n2)c1,0,7,0.04738287157204462,2393
Cc1cnccc1-c1cc2c(N[C@@H]3CC[C@](C)(N)C3(C)C)c(C(N)=O)cnn2c1,0,5,0.03455474949147825,1819
C[C@H]1CN(c2cccc(OCc3ccc(C#N)cn3)n2)CCN1Cc1nc2ccc(C(=O)O)nc2n1C[C@@H]1CCO1,0,8,0.11816271328174703,2415
COC(c1ccc(F)c(-c2ncnc3cc(N4CCOCC4)ccc23)c1)c1nccs1,0,2,0.0774310349946096,257
Oc1ccc(-c2nc(NCc3ccccn3)c3c(-c4ccccc4)cccc3n2)cn1,1,5,0.1504114261101517,869
Cc1cnc(-c2c(F)ccc(F)c2CCNC(=O)c2ccc(COCC(F)(F)F)nc2)cn1,0,6,0.18642059144236597,947
Cc1c(Cl)nc(OC[C@H]2C[C@@H]2c2ccccn2)nc1NCc1cnn(C)c1,0,3,0.27284216303609665,2416
OC(c1ccc(F)c(-c2ncnc3cc(N4CCOCC4)ccc23)c1)c1cncc(F)c1Cl,0,3,0.01809008922191879,688
COc1cc(N2CCN(C(=O)N(C)C)CC2)ccc1Nc1ncc(Cl)c(-c2cnc3ccccn23)n1,0,10,0.03741597675725843,68
CCOc1ccc([C@]2(O)CC[C@H](N3CC(NC(=O)CNC(=O)c4cccc(C(F)(F)F)c4)C3)CC2)cn1,0,6,0.01480625895551352,1391
COc1cc2nnc(C(N)=O)c(Nc3ccc(C)cc3F)c2cc1N1CCN(C)CC1,0,10,0.02797623856737708,812
COC(=O)N(C)c1c(N)nc(-c2nc(Cc3ccccc3F)n3ccccc23)nc1N,1,1,0.07559804429002363,2417
COc1cc2ccc(Br)cc2cc1[C@@H](c1ccnc(OC)c1OC)[C@@](O)(CCN(C)C)c1cc2ccccc2o1,1,4,0.785904977967281,2418
COC(=O)N(C)c1c(N)nc(-n2nc(Cc3ccccc3Cl)c3ccccc32)nc1N,0,10,0.11323933787014882,458
CC1(C(F)F)NCCc2c1oc1cc(S(=O)(=O)c3cccc(F)c3)ccc21,0,1,0.472734677897717,2419
NC1=NC(c2cccc(-c3cncnc3)c2)(c2ccnc(C(F)(F)F)c2)c2cccc(F)c21,0,3,0.1374194155857487,229
Cc1cccnc1[C@H](C)c1c(CCN(C)C)sc2ccccc12,1,8,0.8364339170637243,1471
C[C@@H](C(=O)Nc1ccc(C[C@@H]2CC[C@H]([C@H](O)c3cccnc3)N2)cc1)n1ncccc1=O,0,6,0.046978308571697304,2420
COc1ncc(-c2ccccc2C(F)(F)CNC(=O)c2ccc(COCC(F)(F)F)nc2)cn1,0,6,0.07636050055548135,676
O=C(c1ccc2cc(Oc3ccc(C(F)(F)F)cn3)ccc2n1)N1CCN(CC(F)(F)F)CC1,0,8,0.1814763377658547,8
C/C=C/c1cc(C(F)(F)F)cc(COCC2(c3ccc(F)cc3)CCN(C)CC2)n1,0,1,0.08682175028724998,214
CCOc1cc(CN2CCC(F)(COc3ccc(C(=O)O)cc3)CC2)cc(OCC)c1-c1ccc(F)cc1,0,3,0.3348619507849693,2421
O=C(c1ccc(C2=CC3(CCNCC3)Oc3ccccc32)cc1)N1CCOCC1,0,8,0.2165485011409406,2422
O=S(=O)(NCC1CC2(c3ccc(F)cc3)NC1CCC2NCc1cc(OC(F)(F)F)ccc1OC1CC1)c1ccccc1,1,3,0.5665951753195922,2423
COc1cc(N2C(=O)N(c3ccc(-c4ccccc4)cc3)C(=O)C23CCN(Cc2ncccc2C)CC3C(=O)O)ncn1,0,10,0.2727414488511469,56
COCCOc1cc(NC(=O)N2CCCc3cc(C4CCN(C5COC5)CC4)c(C=O)nc32)ncc1C#N,0,6,0.143408278621703,2424
O=C(NC(=S)Nc1cccc(Cl)c1N1CCCCC1)c1ccco1,1,8,0.4523340855325206,2425
COCCNCCCc1cc(-c2cccc(C(F)(F)F)c2)nc(C#N)n1,1,10,0.6015278448594648,1443
Oc1c(N=NC(S)=Nc2ccccc2F)c2ccccc2n1Cc1ccccc1,1,2,0.6382023505686498,1629
CSc1ccc2c(c1)N(CCC1CCCCN1C)c1ccccc1S2,1,10,0.6285158471131527,2426
CC(C)(C)c1cc(NC(=O)Cc2ccc(-n3cnc4cc(-c5cn[nH]c5)ccc43)cc2)on1,0,9,0.16033363013856616,2427
Cc1nc2ccccc2n1C1CC2CCC(C1)N2CCC1(c2cccc(F)c2)CCN(C(=O)c2cc(NS(C)(=O)=O)c(F)cc2Cl)CC1,0,10,0.05619513768556545,305
C[C@@H](C[C@@H](CS(=O)(=O)N1CCN(c2ccc(F)cc2)CC1)N(O)C=O)c1ncc(F)cn1,0,7,0.10429069938898168,2428
Cc1c(C(=O)Nc2ccc(Oc3ccnc(Nc4cccc(N5CCOCC5)c4)n3)cc2)c(=O)n(-c2ccccc2)n1C,0,9,0.21614182608025004,2429
Oc1nc(-c2ccc(C(F)(F)F)cc2)nc2c1CSCC2,0,1,0.29037765590803694,2430
Cc1nc2ccccc2n1C1CC2CCC(C1)N2CCC1(c2ccccc2)CCN(C(=O)c2cccc(-c3nnn[nH]3)c2)CC1,0,7,0.1540897007502263,2431
CCO[C@H]1CN([C@H]2CC[C@@](O)(c3ccccc3)CC2)C[C@@H]1NC(=O)CNC(=O)c1cccc(C(F)(F)F)c1,0,6,0.09548770626734435,2259
NCC(c1ccc2ccccc2c1)[C@@H](O)c1ccccc1,0,2,0.19057143528309767,590
N#C[C@H]1CCOC[C@@H]1n1cc(C(N)=O)c(Nc2ccc(OC(F)F)cc2)n1,0,2,0.09781653428199784,1839
COc1ccc2nccc(CCN3CCC(NCc4ccc(I)c(F)c4)CC3)c2n1,1,10,0.8726960363762121,1482
CCOc1cc(CN2CCC(Nc3nc4cc(S(=O)(=O)CC)ccc4o3)CC2)ccc1OC,1,6,0.4045412251469067,1186
Cc1ncoc1-c1nnc(SCCN2CC[C@@]3(C[C@@H]3c3ccc(C(F)(F)F)cc3)C2)n1C,1,10,0.8010279392292048,2432
CO[C@H](C(=O)Nc1nnc(N[C@@H]2CCN(c3cccnn3)C2)s1)c1ccccc1,0,6,0.08865077629162676,2433
O=C1COc2ccc(CNC34CCC(CCc5ccnc6ccc(C(F)(F)F)nc56)(CC3)OC4)nc2N1,1,6,0.9215449064744928,265
CC1(S(=O)(=O)N2CC(CC#N)(n3cc(-c4ccnc5[nH]ccc45)cn3)C2)CC1,0,2,0.04849001003706792,2364
C[n+]1c(CCc2ccccc2)cccc1CCc1ccccc1,1,2,0.8684839786655275,2434
C=C(NCC)NC(=O)Nc1c(CC)cccc1CC,0,5,0.12250297917505722,156
O=C(O[C@@H]1COc2nc([N+](=O)[O-])cn2C1)N1CCN(c2ccc(OC(F)(F)F)cc2)CC1,0,1,0.12530456050677338,2435
COc1ccn2c(-c3cncc(N[C@H]4CNCC[C@@H]4F)n3)cnc2c1,0,10,0.16006549645890333,2436
COCCN1CCC[C@@H]1Cn1nc(Cc2ccc(Cl)cc2)c2ccccc2c1=O,1,10,0.8797777935706326,178
CCN[C@H]1CCN(CC(=O)Nc2cc(-n3nc(C)cc3C)nc(-c3ccc(C)o3)n2)C1,1,9,0.6520998839759045,1292
CN1C(=O)Cn2c1nc1nc(N3CCC[C@@H](N)C3)n(Cc3cc(F)ccc3C#N)c1c2=O,0,8,0.09361647217088595,2437
O=C(O)c1ccc(CNc2ccc(-c3ccc(-c4nc5cc(Cl)ccc5[nH]4)cn3)cn2)cc1,0,8,0.15525719556015205,2438
O=C(c1ccc(F)cc1F)C1CCN(CCCOc2ccc(-c3nc4ccccc4o3)cc2)CC1,1,3,0.6823768011330015,2439
COCc1cnc(N2CCC([C@H]3C[C@H]3COCc3ccc(S(C)(=O)=O)cc3F)CC2)nc1,0,4,0.20724556940403746,2440
C[C@H]1C[C@H]2CSC(N)=N[C@@]2(c2ncccc2F)CO1,0,9,0.08866261359065308,2441
COc1ncc(-c2c(C)ccc(F)c2CCNC(=O)c2ccc(OCC(F)(F)F)nc2)cn1,0,4,0.14071716814826996,676
CCCCCCCN(CC)C/C=C/c1ccc(Cl)cc1,1,10,0.7534278507987715,156
CC(=O)N1c2ccc(C(N)=O)cc2[C@H](Nc2ncc(Cl)cn2)C[C@@H]1C,0,8,0.11464576014205624,2442
O=C(COc1cccc(Cl)c1)NC1CCN(Cc2ccn(-c3ccc(OC(F)(F)F)cc3)c2)CC1,1,2,0.6171693621263109,1510
Cn1cc(-c2cc3nccnc3c(NC[C@@H]3CNCCC3(F)F)n2)cn1,0,3,0.05976653307559795,2443
Nc1nnc(N2CCC(N3C[C@H]([C@H](O)C(F)(F)F)OC[C@@H]3Cc3ccc(Cl)cc3)CC2)[nH]1,0,10,0.03295517614116885,523
NC(=O)c1cccc(O[C@@H]2C[C@H]3CC[C@@H](C2)N3Cc2cccs2)c1,1,9,0.9121024222778681,2444
CCC[C@@H](CCO)Nc1nc(N)nc2cnn(Cc3ccc(CNC4CCOCC4)cc3)c12,0,2,0.04862494452536048,813
CNC(=O)c1cc(Oc2ccc3nc(NC(=O)Nc4ccc(Cl)c(Cl)c4)sc3c2)ccn1,0,10,0.13620373673188452,2019
Cc1ccc(OCc2cccc(COc3ccc(C)cc3)[n+]2C)cc1,1,5,0.866636015182054,2445
Cc1c(OCCNCCCF)ccc(F)c1[C@@H]1c2[nH]c3ccccc3c2C[C@@H](C)N1C[C@H](C)C(=O)O,0,6,0.003114575637947486,477
Cc1n[nH]c(C)c1[C@H](C)NC(=O)COc1cc(C(F)(F)F)c2c(-c3ccccc3)nn(C)c2n1,0,7,0.16659997339900925,2446
CC(C)NC(=O)c1cn(-c2cccc(-c3ccc(S(C)(=O)=O)cc3)c2)c2ncccc2c1=O,0,4,0.10676426798734658,2447
C[C@@H](CO)Oc1cc(Oc2ccc(C(=O)N3CCC3)cc2)cc(C(=O)Nc2ccn(C)n2)c1,0,5,0.025175137353987145,2393
O=C(CCc1ccc(-n2nnc3cccnc32)cc1)N(c1ncccc1Cl)[C@@H]1CCCNC1,0,3,0.22460139715484548,2448
COCCS(=O)(=O)c1ccc2c(c1)CN(C(C)=O)C2C(=O)Nc1ccc(C(O)(C(F)(F)F)C(F)(F)F)cc1,0,7,0.04514827789925737,2449
Cn1nc(NCC(=O)NC2CN([C@H]3CC[C@@H](c4nccs4)CC3)C2)c2cc(C(F)(F)F)ccc21,0,2,0.18411565877538655,2450
Cn1c(N2CCC3(CC2)COC[C@H]3N)nc2[nH]nc(-c3cccc(Cl)c3Cl)c2c1=O,1,3,0.5724453252706424,132
CCCCS(=O)(=O)N1Cc2ccc(/C=C/C(=O)NO)cc2C1,0,9,0.11040446807306104,410
Cc1cc(-n2cc(Cn3ccnc3CCF)nn2)ccc1Cl,1,8,0.9637589768572188,23
CC(C)(C)NC(=O)NCCN1CCC(CNC(=O)c2cc(Cl)cc(Cl)c2)CC1,0,7,0.23578603011828553,2451
Cn1cnc(-c2cnc(N)c(O[C@@H]3CN(C(=O)Cc4ccc(OC(F)(F)F)cc4)CC3(F)F)c2)c1,0,4,0.0811777444274958,370
CCOc1ccc2cc(-c3nn(CC4CCN(C)CC4)c4ncnc(N)c34)ccc2c1,1,10,0.6013300638726704,2452
O=C1[C@H](N2CCC(c3ccc(O)cc3)CC2)CCN1Cc1ccc(F)cc1,1,4,0.5063013052488178,1761
COc1ccc2ncc(Cl)c(CCC34CCC(NCc5ccc6c(n5)NC(=O)CO6)(CC3)CO4)c2n1,1,7,0.9060708001090771,265
N#Cc1ccc(CCN2CCC(Nc3nc4ccccc4n3Cc3ccc(C#N)cc3)CC2)cc1,1,3,0.9594849960330019,1635
O=C(Nc1cccc(C(F)(F)F)c1)NS(=O)(=O)c1ccc(OCCCN2CCCC2)cc1,0,7,0.07120577646449891,1586
O=C1NC(=O)C(c2nn(CCCN3CCOCC3)c3ccccc23)=C1c1cn(-c2ccc3ccccc3c2)c2ccccc12,1,7,0.6587098324084085,2453
COc1cc(Nc2cc(Oc3ccc(NC(=O)Nc4cc(C(C)(C)C)cc(NC(=O)CO)c4OC)c4ccccc34)ccn2)ccc1C(=O)NCCN1CC[S+]([O-])CC1,0,8,0.1535584866055663,2346
Cn1cnc2c(C(O)c3ccc(F)c(-c4ncnc5cc(N6CCOCC6)ccc45)c3)ncnc21,0,9,0.013188831004988393,2454
N#Cc1cc(-c2cnc3nc(N4CCC(N5CCCCC5)CC4)sc3c2)ccc1F,1,4,0.6752202106135673,2455
CC[C@H](Nc1nc(N)nc(N)c1C#N)c1nc2cccc(C#CCCCC(=O)N3CCOCC3)c2c(=O)n1-c1ccccc1,0,3,0.17451013637720136,2456
Clc1cccc(N2CCN(CCCCCOc3cc4ccccc4cn3)CC2)c1Cl,1,10,0.8556578838970212,2457
Nc1ccccc1NC(=O)c1ccc(N2CCC3(CCN(S(=O)(=O)c4ccccc4)C3)C2)nc1,0,9,0.11580450537618811,2458
CCc1nc2ccc(N3CCN(CC(=O)N4CC(O)C4)CC3)cn2c1N(C)c1nc(-c2ccc(F)cc2)c(C#N)s1,0,10,0.15299000513544814,2382
C[C@@H]1Cc2c(ccc3[nH]nc(F)c23)[C@@H](c2ccc(NC3CN(CCCF)C3)c(F)n2)N1CC(F)(F)F,1,7,0.849390019717423,420
CCCN(C(=O)c1ccc2ccccc2c1)C1CCNCC1,0,4,0.19371753893791704,2459
Cn1c(SCCCN2C[C@@H]3C[C@]3(c3ccc(C(F)(F)F)cc3)C2)nnc1-c1ccccc1,1,6,0.9790118750815752,2460
C=C[C@]1(C)C[C@@H](OC(=O)CS[C@@H]2CC[C@@H](N)C[C@H]2O)[C@]2(C)[C@H](C)CC[C@]3(CCC(=O)[C@H]32)[C@@H](C)[C@@H]1O,0,4,0.1534143422733832,2461
CCN1CCC(S(=O)(=O)c2c(Cl)ccc(NC(=O)Nc3cccc(F)c3Cl)c2O)CC1,0,10,0.20425681307826857,457
CN(C)C(=O)N[C@H]1CC[C@H](CCN2CCN(c3cccc(Cl)c3Cl)CC2)CC1,0,4,0.4400638694004068,2462
Cn1cc(-c2nc3c(-c4ccnc(OC5CC5)c4)cnn3cc2OCCC(C)(C)O)cn1,0,6,0.1992219769579079,2463
NC(=O)c1ccc(N[C@@H]2CCCC[C@@H]2N)nc1Nc1cccc2cc[nH]c12,0,7,0.2060718086513482,2464
Cc1c(CCN2CCN(C(=O)Cc3cnc(-n4cnnn4)cn3)CC2)ccc2c1COC2=O,0,4,0.06873235255726622,2465
Cc1ncoc1-c1ccc(CC(=O)N[C@H](C)c2ccc(OCC(F)(F)F)cn2)cc1,0,7,0.1299589837089872,2466
CC#Cc1cncc(-c2cccc(C3(c4cc(C)c(OC)c(C)c4)N=C(C)C(N)=N3)c2)c1,0,9,0.2471327704817298,2467
Cc1nc2ccccc2n1C1CC2CCC(C1)N2CCC1(c2ccccc2)CCN(C(=O)c2cccc(S(N)(=O)=O)c2)CC1,0,1,0.1119668431879691,305
Cc1nccnc1C(O)c1cc(-c2ncnc3cc(N4CCOCC4)ccc23)ccc1Cl,0,10,0.006386241037894407,247
Cc1nc2cc(F)ccc2n1[C@H]1CC[C@@H](NC[C@H]2Cc3ccc(C#N)cc3C2)CC1,1,8,0.5193364510899512,2468
COc1ncccc1-c1ccc(/C=C/[C@@H]2[C@@H]3[C@@H](C)OC(=O)[C@]3(CC(N)=O)CC(F)(F)[C@H]2C)nc1,0,5,0.039836479611150916,24
COCc1ccc(-c2cc3c(cc2F)ncc2c3n([C@H]3C[C@@H](O)C3)c(=O)n2C)cn1,0,4,0.059554175527011186,94
CCC(=O)CCCCC[C@H](NC(=O)[C@H]1CC12CCN(C)CC2)c1ncc(-c2ccc3nc(C)ccc3c2)[nH]1,0,2,0.0138289217890762,203
COc1cc(-c2cn(C3CC[C@H]4CCCC[C@@H]4NC3=O)nn2)ccc1-n1cnc(C)c1,0,3,0.18724371167932297,2469
CCc1cc2cnc(CN3CCN(c4ccc(C(=O)NC)nc4)CC3)cc2[nH]c1=O,0,5,0.027321368687421816,1672
COCc1ccc(-c2cc3c(N[C@@H](C)c4nn(C)cc4C)c(C(N)=O)cnc3cc2F)cn1,0,6,0.06916803338817866,502
COc1ccc(NC(=O)N2CCNC[C@@H]2COc2cccnc2)cc1,0,8,0.1422762511887833,2470
C=CCN1C[C@H]2C[C@@]2(c2ccc(NS(=O)(=O)c3ccc(C(C)C)cc3)cc2)C1,1,8,0.49877045946016446,733
Cc1nsc(-c2ncc3n2CCN(C(=O)c2ccc(F)c4c2OCO4)C3C)n1,0,4,0.07165531050975346,2471
Cc1nccnc1Cc1ccc(F)c(-c2ncnc3cc(N4CCOCC4)ccc23)c1,0,10,0.12097639463761084,247
COc1ccc(-n2c(SCc3nc(-c4ccc(C)cc4)no3)nnc2-c2ccncc2)cc1,0,3,0.22637994250832383,2472
Cc1cc(-c2cc(OC(F)(F)F)ccc2Cl)cc(C)c1OCCCC(=O)O,0,2,0.20939123463988887,1260
C[C@H]1[C@@H](OCCN2CCN(c3ccc(C(=O)NS(=O)(=O)c4ccc(NCC5CCOCC5)c([N+](=O)[O-])c4)c(Oc4cnc5[nH]ccc5c4)c3)CC2)O[C@@H]2O[C@@]3(C)CC[C@H]4[C@H](C)CC[C@@H]1[C@@]24OO3,0,6,0.2140918149244924,2473
Cc1cc(C2CC=CCNC2)ccc1Cl,0,4,0.10806147500911457,1943
O=C(/C=C/c1ccc2c(c1)CN(CCC1CCCCC1)C2)NO,0,4,0.17438674716154778,2474
CC(=O)N1CCN(c2cccc(-c3cc(-c4ccnn4CC(F)(F)F)c4c(N)ncnn34)c2)C(=O)C1(C)C,0,1,0.14365293529954615,2475
CN1CCNC[C@H]1COc1nc(-c2cnn(C)c2)cc2nccnc12,0,10,0.04700467235898056,2476
COc1ccc2ncc(F)c([C@@H](O)CC[C@@H]3CCN(C4CC(c5c(F)cccc5F)C4)C[C@@H]3C(=O)O)c2c1,0,7,0.047785797728167864,418
Cc1nc(-c2nnc3n2CCN(C(=O)c2ccc(-c4cccs4)cc2)[C@@H]3C)sc1C,0,2,0.09110810198917241,2477
CN(C)c1ccc(-c2cc3nccnc3c(CCC3CCCNC3)n2)cn1,0,1,0.22027007430797543,2478
COc1cc(C(O)c2ccc(F)c(-c3ncnc4cc(N5CCOCC5)ccc34)c2)c(Cl)nn1,0,2,0.005885487680833062,2479
CCCSc1nc2c(c(=O)[nH]1)[C@@H](c1ccc(OC)cc1)CC(=O)N2,0,4,0.134839928130882,2480
O=C(NCCS(=O)(=O)c1ccc(C(F)(F)F)cn1)c1ccc(-c2ccccc2)cc1,0,6,0.15300050981638671,2481
NC1(C(=O)N[C@@H](CCN2CCCC2)c2ccc(Cl)cc2)CCN(c2ncnc3[nH]ccc23)CC1,0,8,0.05162437720996945,2482
OCCc1nccn1Cc1cn(-c2ccc(S(F)(F)(F)(F)F)cc2)nn1,1,9,0.8207195000346985,23
CCc1nn2c(C)cc(C)nc2c1Cc1ccc(/C=C/CN2CCNCC2=O)cc1,0,2,0.19906535238896073,2483
Cc1c(Cc2ccc(C(F)(F)F)cc2)c(=O)oc2cc(OCCOc3no[n+]([O-])c3S(=O)(=O)c3ccccc3)ccc12,0,9,0.2385990852297409,2484
C[n+]1c(CCc2ccc(-c3ccccc3)cc2)cccc1CCc1ccc(-c2ccccc2)cc1,1,10,0.8668728184104879,2485
CN(C/C=C/c1ccc(-c2ccccc2)cc1)Cc1ccc2c(c1)OCCC2,0,9,0.36514086728371065,2486
C[C@H](CCc1ccc(Cl)c(Cl)c1)N1Cc2cc3c(cc2C1)OCO3,0,1,0.8160236202924135,295
COC(=O)Nc1cc(C(F)(F)F)c(-c2nc(N3CCOCC3)c3cc(CN4CCN(S(C)(=O)=O)CC4)cn3n2)cn1,0,2,0.09494462274113555,2487
CCOP(=O)(Cn1ccc(NC(=O)c2cc(Oc3ccc(S(C)(=O)=O)cc3)cc(O[C@@H](CC)CO)c2)n1)OCC,0,8,0.05309660030280478,1831
COc1ncc(-c2ccc(C(=O)O)cc2C)cc1-c1cnc(C(F)(F)F)nc1CN1C(=O)O[C@H](c2cc(C(F)(F)F)cc(C(F)(F)F)c2)[C@@H]1C,0,5,0.0574716136002944,2488
CC(=O)NC(C)(C)c1nc(-c2ccc(OC(F)(F)F)cc2)c[nH]1,0,9,0.10939582423450372,2076
CN1CCCCC1COc1ccc(-n2ccc(OCc3ccccc3)cc2=O)cc1,1,9,0.8800749756175281,2489
CCN(CC)c1cc(C(F)(F)F)cc(COCC2(c3ccc(F)cc3)CCN(C)CC2)n1,0,6,0.10841359290265741,214
C[C@]1(C(=O)O)CC[C@@](C)(c2nc(-c3ccc(C(=O)Nc4cc(C(F)(F)F)ccn4)cc3)c3c(N)nccn32)CC1,0,2,0.1400810389477388,2490
Fc1cc2c(cn1)C1(CCN(Cc3ccc(Nc4ccc(F)c(F)c4)cc3)CC1)OC2,1,7,0.8025502169304898,2102
O=C(Nc1ccc(Cl)cn1)[C@H](COCCO)Oc1ncnc2c1cnn2-c1ccccc1Cl,0,2,0.0222496857343476,169
COc1cnc2ccc(=O)n(CCN3CCC(NC(=O)c4cnc(C)c(C#N)c4)CC3)c2c1,0,10,0.10656151047109262,2491
C[C@@H]1CN(Cc2ccc3c(-c4cnn(C)c4)cc(C(N)=O)nc3c2)C[C@H](C(F)(F)F)O1,0,10,0.0988639658953817,716
Cc1ncc(CNC2CCN(CCn3c(=O)ccc4ncc(F)cc43)CC2)cc1C#N,0,10,0.10072349300404426,1372
C[C@H]1COc2c(N3CC[C@@H](C4(N)CC4)C3)c(F)cc3cc(C(=O)O)c(=O)n1c23,0,5,0.009776506769243704,2492
COc1c(OC(C)(C)C)cc(CN2CC(=O)N(CCCCCC(c3ccc(F)cc3)c3ccc(F)cc3)CC2=O)cc1OC(C)(C)C,0,5,0.5584842752061462,2493
N#Cc1ccc(N2CCC3(CCN(CCc4ccccc4)C3)C2)cc1,1,10,0.7460139457648313,2494
COc1cc(N2CCN(CC(=O)N(C)C)CC2)ccc1Nc1ncc(Cl)c(-c2cnc3ccccn23)n1,0,1,0.14901384524928443,68
Cc1nccn1CC(=O)N1CCC2(CC1)COC1c3cc(Cl)ccc3OC(C)(C)C1C2,1,3,0.6392940860236255,2495
Cc1cc(NC2CCc3cc(Br)ccc3C2)n2nc(C(C)(F)F)nc2n1,1,7,0.5902044134255453,890
CC(C)(O)[C@]1(C(=O)NCc2cc(C(F)(F)F)cc(C(F)(F)F)c2)CC[C@@H](N2CCC(c3cc(Cl)ncn3)CC2)C1,1,4,0.5666734990597075,2496
O=C1N(CCN2C[C@H]3CC[C@@H]2C3)CCN1c1cccc(Cl)c1,0,4,0.518445156288454,2497
CC(C)N(C)[C@@H]1CC[C@H](NC(=O)CNC(=O)c2cccc(C(F)(F)F)c2)[C@H](CS(=O)(=O)c2ccccc2)C1,0,6,0.11726302171990073,2498
CCCc1nc2ccc(CN3CCN(c4ccc(C(=O)NC)nc4Cl)CC3)cc2[nH]c1=O,0,6,0.08303520240645146,891
COc1cccc(COC(=O)c2c(-c3ccc(OC)c(OC)c3)csc2N)c1,1,3,0.2018989318079651,2499
OCCOc1nccnc1C(O)c1ccc(F)c(-c2ncnc3cc(N4CCOCC4)ccc23)c1,0,6,0.01485772228016991,247
OC(c1cc(-c2ncnc3cc(N4CCOCC4)ccc23)c(F)cc1F)c1nnc2ccccn12,0,10,0.011975182193417344,2500
CCCC(=O)NC1CCc2cc(CCN3CCN(c4nsc5ccccc45)CC3)ccc21,1,10,0.9621576152286879,39
COc1ccccc1S(=O)(=O)/C=C/c1ccccc1Cl,0,10,0.29530124597846563,2501
COc1ccc2nc(C)cc(OCC(=O)Nc3cc(C)c(F)c(C)c3)c2c1,0,5,0.1824894733143852,1211
COc1nn(C)cc1Nc1ncc(Cl)c(-c2c[nH]c3c(NC(=O)[C@@H](C)N4CCN(C)CC4)cccc23)n1,0,9,0.10439577943869044,880
COC[C@H](C)Oc1cc(Oc2ccc(C(=O)N(C)C)cc2)cc(C(=O)Nc2cc[nH]n2)c1,0,8,0.07671618947306723,1831
COc1ccc(-c2ccc3c(N4CCOC[C@@H]4C)nc(N4CCOC[C@@H]4C)nc3n2)cc1CO,0,8,0.03278360396341036,719
COc1cncc(O[C@@H]2CC[C@@H](N)C2)c1-c1cc(Nc2cnc(C#N)cn2)n[nH]1,0,7,0.034800824424625725,2502
COCCCc1cc(CN(C(=O)[C@H]2CNCC[C@@H]2c2ccc(OCCOc3c(Cl)cc(C)cc3Cl)cc2)C2CC2)cc(OCC(C)(C)C(=O)O)c1,1,3,0.9634229646886473,730
CCNC1=N[C@@H]2[C@@H](O)[C@H](O)[C@@H](CF)O[C@@H]2S1,0,4,0.06464548802818848,283
OC(c1cccnc1)(c1cccnc1)C(c1ccccc1)N1CCCC1,0,7,0.08400800935684913,2503
CN1C[C@@H]2C[C@H]1CN2c1cnc(-c2ccc3[nH]ccc3c2)cn1,1,9,0.9213143805801722,2504
Cn1cc2c(OCC3CCN(CCc4ccc(CO)cc4)CC3)nc3ccccc3c2c1,1,1,0.8640024935849224,2505
Cc1cc2c(s1)Nc1ccccc1N=C2N1CCN(C)CC1,1,7,0.45495342308920517,1272
C[n+]1c(CCCOc2ccc(Cl)cc2)cccc1CCCOc1ccc(Cl)cc1,1,1,0.9715449766454021,1777
c1cncc(-c2ccccc2CC(c2cccnc2)c2cccnc2)c1,0,1,0.125907426513326,2506
COc1cc2nnc(C(N)=O)c(Nc3ccc(C)cc3F)c2cc1N1CCS(=O)(=O)CC1,0,2,0.03646063708303033,2507
C[C@@H]1C[C@H]2[C@@H]3CC[C@H]4N(C)C(=O)C=C[C@]4(C)[C@H]3CC[C@]2(C)[C@H]1O,0,6,0.3435327270961886,2508
CCOC[C@@H](CC(C)C)NC(=O)[C@@H]1CNC[C@H](C(=O)N(c2cc3c(cc2F)OC(C)(C)C(=O)N3CCCOC)C2CC2)C1,0,5,0.13943484121351943,2509
CC(C)N(C)[C@@H]1CC[C@H](N2CC[C@H](NC(=O)c3ccccc3)C2=O)[C@H](CS(=O)(=O)c2ccccc2)C1,0,6,0.07456356390258469,2138
Nc1ncnc2c1c(Oc1cc(C(F)(F)F)ccn1)nn2C1CC1,0,5,0.11346180707570527,2510
O=C(NC1CCN(Cc2ccc3c(c2)OCO3)CC1)c1cc(=O)c2cc(F)c(F)cc2o1,1,8,0.9521236098982492,481
CC1(c2ccc(S(N)(=O)=O)cc2)NC(=O)N(CC(=O)C2CCCCC2)C1=O,0,3,0.051678938526266614,2511
Cc1cccnc1CN1CCC2(CC1)C(=O)N(c1ccc(-c3ccc(C(=O)O)cc3)cc1)C(=O)N2c1cnccn1,0,9,0.16039799810404015,2512
Cn1ncc(C(=O)N2CCC(Nc3cc(=O)[nH]c4ccccc34)CC2)c1Cl,0,5,0.08678127587022173,785
O=C(O)c1cc(-c2ccc(C34CCN(CC3)CC4)cc2)cc(-n2cc(-c3ccc(C(F)(F)F)cc3)nn2)c1,0,1,0.37404196276225454,2513
CN1CCN(CCCOc2cccc(CC(=O)Nc3nc(-c4c[nH]c5ncccc45)cs3)c2)CC1,0,3,0.24148083822662358,2514
CCc1ccc2nc(NC(=O)c3cc(C)on3)sc2c1,0,7,0.2046985404012981,2515
C[C@H](CCc1ccc(O)c(OC(C)(C)C)c1)N1Cc2cccc(F)c2C1,0,9,0.38671116254525495,70
Cc1cccc(-c2ccc(C#Cc3cccc(C#Cc4ccc(-c5cccc(C)c5)cc4)[n+]3C)cc2)c1,1,3,0.9184299269456934,1190
O=C(N1CCCN(C2CCC2)CC1)N1CCC2(CCCN(C3CCOCC3)C2)C1,0,6,0.046011346351160366,2516
Cc1nnc(-c2cccc(CN3CCN(C(=O)c4ccc(C[C@@H]5CC[C@H]([C@H](O)c6ccccc6)N5)cc4)CC3)n2)o1,0,7,0.1332347070658595,2517
Cn1c(=O)cc(NC2CCN(Cc3ccc4ccccc4c3)CC2)c2cc(Cl)ccc21,1,2,0.8538489169392843,2518
CN1CCN(Cc2ccc3nc(Nc4ccc(C(F)(F)F)cn4)[nH]c3c2)CC1,0,6,0.43174271354619653,2519
CNc1nc(Nc2ccc(-n3cnc(Cl)c3)c(OC)c2)nc2c1CC[C@H]2c1ccccc1,1,3,0.49387081851207776,2520
COc1ccc(NC(=O)c2ccc(F)cc2Cl)cc1C1=CCC(C(=O)NCCO)CC1,0,5,0.20099085411459972,1012
CNc1ccc(/C=C/c2c(F)cccc2Cl)cc1,0,6,0.15231726418627956,284
CC(=O)SCC(=O)c1ccc(NS(=O)(=O)c2ccc(OCCCN(C)C)cc2)nc1,0,3,0.17407018472632374,2521
NC[C@]1(c2cccc(Cl)c2)CC[C@H](N2CCn3c(nnc3C(F)(F)F)C2=O)CC1,0,7,0.33947521834479955,2522
CN(C)CCNC(=O)[C@H]1c2ccccc2C[C@@H]1NC(=O)c1cc2ccccc2[nH]1,0,2,0.1777145588151951,2079
CN1CCC(Cn2nc(-c3ccc4cc(OC5CC5)ccc4c3)c3c(N)ncnc32)CC1,1,8,0.734261951131312,2523
O=C(Nc1ccc(-c2nnc(NCCCCN3CCCCC3)o2)cc1)c1ccccc1F,0,8,0.009282279657093282,2524
CC(C)CN1C[C@H](Cc2ccc(Cl)cc2)N(C2CCN(c3ccccn3)CC2)C[C@@H]1C,1,4,0.5737678735454709,2525
Cn1cnc(C(=O)N(Cc2cccc(OC(F)(F)F)c2)[C@@H]2C[C@@H]3CN(CC(O)c4ccccc4)C[C@@H]3C2)c1,1,10,0.3523309724055768,2526
CN1CCC[C@@H](c2nc3ccccc3n2Cc2ccccn2)C1,0,9,0.3573139877370719,2527
C[C@H](C(=O)Nc1cc(F)c2c(c1)CC(CNCCC1CN(c3cnc4c(n3)NC(=O)CO4)C(=O)O1)C2)N(C)C,0,9,0.08448680749436376,2528
Cc1nsc(NC(=O)c2cc(Oc3ccc(C(=O)N4CCC4)cc3)cc(O[C@@H](C)CO)c2)n1,0,8,0.04597468852454239,2529
COCCN(c1cccnc1)P(=O)(c1ccccc1)c1ccccc1,0,6,0.10713722563702019,1972
N#CCC1(n2cc(-c3ccnc4[nH]ccc34)cn2)CN(S(=O)(=O)CCC(F)(F)F)C1,0,3,0.0443933068994721,771
Cc1cc(C)cc(NC(=O)c2cncc(-c3cc(C)cc(C)c3)c2N2CCC(N)CC2)c1,1,8,0.2572326929576178,2530
O=C1COc2ccc(CNC34CCC(CCc5ccnc6cc(Cl)cnc56)(CC3)OC4)nc2N1,1,8,0.9488641968050223,265
CC(=O)Nc1cc(Nc2cc(NC3COC3)n3ncc(C#N)c3n2)c(F)cc1C,0,6,0.050549052464883525,2330
C[C@H](Oc1cc2cc(C#N)ccc2nc1N)c1cc(F)ccc1-n1cccn1,0,9,0.1997037748253922,2531
Fc1cc(C(F)(F)F)cnc1C(F)(F)CN1CCC(Nc2ncnc3[nH]ncc23)CC1,0,6,0.146628035621228,1078
O=C1CN(C(=O)COc2ccc3cc(Oc4ccccn4)ccc3n2)CCN1,0,5,0.09706176374584052,2532
CC[C@H](C)[C@@H]1NC(=O)[C@H](Cc2ccccc2)N(C)C(=O)[C@H](C(C)C)NC(=O)[C@H](Cc2ccccc2)N(C)C1=O,0,6,0.11546259839741156,2533
COc1ccc(NC(=O)N2CCN(c3nc(N)nc4scnc34)[C@@H](C)C2)cc1,0,3,0.0684841870746566,2534
O=C(NCCCN1CCCCC1)Nc1ccc(S(=O)(=O)Nc2ccccc2C(=O)c2ccccc2)cc1,1,9,0.1647519084846656,2535
Fc1ccc(-c2noc(C3CCN(c4cnc5ccc(Cl)cc5c4)CC3)n2)c(Cl)c1,1,1,0.5046327418360932,2536
C[C@H](CCc1ccc(OCCO)c(OC(F)(F)F)c1)N1Cc2ccc(F)cc2C1,1,5,0.7325193407819779,70
CC(C)(C)COc1ccc2c(c1)[C@]1(COC(N)=N1)c1cc(-c3ccc(F)nc3)ccc1O2,1,10,0.6991057109909313,501
Cc1cccc(Cn2nc(C)c3c(NC(=O)c4csc5c(N)ncnc45)cccc32)n1,0,10,0.18693111196104464,2537
Cc1cccc(C(=O)Nc2cccc(NC(=O)c3cccc(Cl)c3)c2)c1,0,6,0.24308218584810817,1571
CC(C)N(C)[C@@H]1CC[C@H](N2CC[C@H](NC(=O)c3cccc(C(F)(F)F)c3)C2=O)[C@H](CS(C)(=O)=O)C1,0,8,0.01578752472237288,934
Cc1cnc(NC(=O)[C@H](CO[C@H](C)CO)Oc2ncnc3c2cnn3-c2c(Cl)cccc2C#N)cn1,0,4,0.04739084164704771,2538
Cc1c(OS(C)(=O)=O)ccc2c1C(=O)N(Cc1ccccc1-c1ccccc1)C2C(=O)NC(C)(C)C,0,3,0.06388459511755175,422
N#Cc1cccc(-c2c(C(=O)N3CCCCC3CO)cc3ccccn23)c1,0,8,0.16269212578214906,805
CCc1csc(N2CCN(C(=O)[C@@H]3CCCC[C@H]3C(=O)NC3(C#N)CC3)CC2)n1,0,2,0.05105834511873837,991
CCC(=O)CCCCC[C@H](NC(=O)[C@H]1CC12CCN(C)CC2)c1ncc(-c2ccc3c(ccc(=O)n3C)c2)[nH]1,0,9,0.037861706444522865,2539
Cc1onc(C(=O)N2[C@@H]3CC[C@H]2C[C@@H](Nc2cc(=O)n(C)c4nccnc24)C3)c1C,0,2,0.08091104445970214,2540
CC(C)CNc1nc(C#N)nc(N2CCOCC2)c1N,0,3,0.09829666478435538,1779
COc1cccc2c1nc(N)n1nc(CN3CCN(c4nsnc4Cl)C[C@H]3C)nc21,0,3,0.06911043009272518,2541
Oc1ccc(CCN2CCC(Nc3nc4ccccc4n3Cc3ccc(F)cc3)CC2)cc1,1,8,0.8025373159486796,1635
COC(=O)C(CCCN1CCC(c2ccccc2OC)CC1)(c1ccc(Br)cc1)C(C)C,1,9,0.6776131975257769,2542
O=C1CCc2ncccc2N1CCCN1CCC(n2c(=O)[nH]c3ccccc32)CC1,0,10,0.22951004277382944,2543
O=C(Nc1ccc(OC(F)(F)F)cc1)c1cnc(N2CC[C@@H](O)C2)c(-c2ccn[nH]2)c1,0,1,0.09442588702725661,2298
COc1cc(Cl)nnc1C(O)c1ccc(F)c(-c2ncnc3cc(N4CCOCC4)ccc23)c1,0,9,0.008765417384780384,465
C[C@H]1CCCN1CCCOc1ccc(N2CCN(C(=O)c3ccc(F)cc3F)CC2=O)cc1,0,4,0.11421751360025652,89
O=C(Nc1ccc(OC(F)(F)F)cc1)c1cnc(N2CC[C@@H](O)C2)c(-c2cncnc2)c1,0,8,0.07738413637083778,2003
COCC(=O)N1CCO[C@@H](c2nc(-c3ccc(C(=O)Nc4cc(C(F)(F)F)ccn4)cc3F)c3c(N)nccn23)C1,0,4,0.11757116631555178,1276
CC(C)CNC(=O)[C@H]1CN(C2CCN(c3nnc(N)[nH]3)CC2)[C@@H](Cc2ccc(Cl)cc2)CO1,0,5,0.029749316155228536,523
O=c1ccc2c([C@@H](O)CNCCCCO)ccc(O)c2[nH]1,0,1,0.12545081089001744,2544
NS(=O)(=O)OC[C@@H]1C[C@@H](n2nnc3c(N[C@@H]4c5ccccc5C[C@@H]4O)ncnc32)C[C@@H]1O,0,10,0.09754062447680949,2545
N#C[C@H]1CC[C@H](N2C(=O)c3ccccc3C2C(=O)NCc2ccc(OC(F)(F)F)cc2)CC1,0,5,0.09430565424835387,2546
CNC(=O)c1ccc(N2CCN(Cc3ccc4nc(C(F)(F)F)c(=O)[nH]c4c3)CC2)cn1,0,7,0.012784662127202329,891
C[C@H]1COCCN1c1nc(-c2cnc(N)cc2F)cc(C2(S(C)(=O)=O)CC2)n1,0,10,0.06874654224292819,2547
CN(CC(=O)NC1CC1)C(=O)c1ccc2c(c1)c1c(n2C)CC[C@H](C2CCOCC2)C1,0,5,0.07959585839422807,2548
Cc1noc(-c2ccc(CCN3CCC(Nc4nc5ccccc5n4Cc4ccc(C(F)(F)F)nc4)CC3)cc2)n1,1,9,0.8118623530507295,2549
C[C@@H]1Cc2c(ccc3[nH]ncc23)[C@@H](c2c(F)cc(NC3CN(CCCF)C3)cc2F)N1CC(F)(F)F,1,8,0.96956375476893,1193
CN1CC=CCC(c2cc3ccccc3o2)C1,0,6,0.2654042947661408,1950
OC(c1ccc(F)c(-c2ncnc3cc(N4CCOCC4)ccc23)c1)c1ncccc1OC(F)F,0,6,0.00942520718817107,1450
NC(=O)c1cnc(N[C@H]2CCCNC2)c2cc(-c3ccsc3)sc12,0,10,0.09235534999739034,2550
CCc1c(C(=O)NC(C)(C)c2nnnn2C)nn(-c2ccc(Cl)cc2Cl)c1-c1ccc(Br)cc1,0,1,0.26483759914080646,2551
COc1cnc2c(C(=O)NCCO)cn(Cc3ncnc(N(C)C)c3C)c2c1,0,10,0.04195814758653018,476
C[C@@H]1Cc2c(ccc3[nH]ncc23)[C@@H](c2ccc(NC3CN(CCCF)C3)cn2)N1CC(F)F,1,8,0.9748424394450426,420
CC(C)(C)OC[C@@H]1C(=O)NCCN1C(=O)C[C@H](N)Cc1cc(F)c(F)cc1F,0,6,0.10066338568202408,2552
COc1ncc2cc1NS(=O)(=O)c1cccc(c1)C(=O)NCc1cccc(c1)-c1ncnc3sc-2cc13,0,6,0.03270670996552009,2553
c1cnc2c(NC[C@H]3CCCNC3)nc(-c3ccc(N4CCOCC4)cc3)cc2n1,0,4,0.06608070732893788,2554
CC(C)[C@]1(C(=O)NCc2cc(C(F)(F)F)cc(C(F)(F)F)c2)CC[C@@H](N2CCC(c3cccc(O)c3)CC2)C1,1,2,0.7937769930157283,1987
N#Cc1ccc(NC(=O)[C@H](COCCO)Oc2ncnc3c2cnn3-c2ncccc2Cl)nc1,0,4,0.015415559615569844,3
Cc1cc(-n2cc(Cn3ccnc3C3CC3)nn2)ccc1Cl,1,5,0.9862539494605094,428
NS(=O)(=O)c1ccc(CCNc2nc(Cl)nc3cccc(-c4ccccc4)c23)cc1,0,6,0.394034519972283,2555
COc1ccc2nc(N[C@H]3CCN(C(=O)Cc4cc(F)cc(F)c4)C3)ccc2c1,1,9,0.21601122425512442,2556
Cn1nc(NCC(=O)NC2CN([C@H]3CC[C@@H](CO)CC3)C2)c2cc(C(F)(F)F)ccc21,0,2,0.05908020252022084,67
CS(=O)(=O)N1CCC2(CC1)CC(C(=O)N1CCN(C3CCC3)CC1)C2,0,8,0.03386237319551116,2557
O=[N+]([O-])c1ccc(CCN2CCNCC2)cc1,1,1,0.554894444975729,2558
COC(=O)C1(CNC(=O)c2cc(Cl)cc(Cl)c2)CCN(CC2=Cc3ccccc3OC2(C)C)CC1,0,1,0.7012558289895373,2559
Cc1ccc(OC(=O)N(CC(=O)O)Cc2cccc(OCc3nc(-c4ccc(C#N)cc4)oc3C)c2)cc1,0,6,0.08000655255187583,675
CC(C)=CCn1c(N2CCC[C@H](N)C2)c(C#N)c2c1c(=O)n(Cc1ncccc1C#N)c(=O)n2C,0,10,0.27528035603339857,2560
NC1(C(=O)NC(CCCO)c2ccc(Cl)cc2)CCN(c2ncnc3[nH]ccc23)CC1,0,9,0.023821850112848944,667
COc1ccccc1-n1nc(C2CC(C)(C)OC(C)(C)C2)cc1-c1ccc(Cl)cc1,0,8,0.4445335937684255,2561
CC(C(=O)NC1(c2ccccc2)CCC(N2CCC3(CCOC3)CC2)CC1)c1cc(C(F)(F)F)cc(C(F)(F)F)c1,1,7,0.888295414511551,2562
Cc1cc2ncc(C(=O)NCC(C)(C)NCC(=O)N3CCC[C@H]3C#N)cn2n1,0,9,0.08707778022557543,2563
CCCCN1CCCC[C@H]1C(=O)Nc1c(C)cccc1C,0,8,0.2664040738696006,2564
CCOc1ccc(C(O)c2ccc(F)c(-c3ncnc4cc(N5CCOCC5)ccc34)c2)nn1,0,9,0.009437540028672893,465
CC(C)OC[C@H](Oc1ncnc2c1cnn2-c1ncccc1Cl)C(=O)Nc1ccc(C#N)cn1,0,1,0.01267393330335954,3
Cc1cc(OC2CCN(CC3CCN([C@@](C)(Cc4ccc(F)cc4)C(=O)O)CC3)CC2)ccc1Cl,0,1,0.22038890297972136,234
CCc1ccn(CC(=O)N2CCN(c3sc(C(F)(F)F)nc3-c3cnc(C(F)(F)F)nc3)C[C@H]2CCO)n1,1,2,0.8983241127515079,333
CC(C)(O)COc1ccc2c(c1)[C@]1(COC(N)=N1)c1cc(-c3cncnc3)ccc1O2,0,5,0.2870203758066459,741
COCCOc1ccc2ncc(F)c(CCC34CCC(NCc5ccc6c(n5)NC(=O)CO6)(CC3)CO4)c2n1,0,7,0.750553423034893,265
N#Cc1ccc(CCN2CCC(Nc3nc4ccccc4n3Cc3ccc(C(F)(F)F)nc3)CC2)cc1,1,2,0.8772548643254178,2565
Cc1c([C@@H](O)CN2CCN(C[C@H](O)c3ccc(C#N)cn3)CC2)ccc2c1COC2=O,0,7,0.10764703325083733,671
Cc1ccc2nc(-c3ccc(F)cc3)c(CC(=O)Nc3cccc(F)c3)n2c1,0,7,0.1442581621583621,349
FC(F)(F)c1c(OC[C@H]2C[C@@H]2c2ccc(Cl)cc2)ccn2c(CC3CC3)nnc12,1,3,0.42288493766203833,2566
Cc1cc(NC(=O)Nc2cc(C(C)(C)C)nn2-c2ccccc2)ccc1-c1cnc(NC2CC2)c2nccn12,0,3,0.15853599315814612,2567
Cc1cc(-c2ccc(C#N)cc2)cc(C)c1Oc1nc(NC2CCN(Cc3ccc(S(N)(=O)=O)cc3)CC2)ncc1CO,0,8,0.4804956133972838,2568
CNC(=O)c1cc(C(=O)N[C@H]2CC[C@H](O)CC2)n([C@@H](C)c2ccccc2)n1,0,10,0.06440062911079042,2569
COc1c(N2CC[C@@H](CN)C2)c(F)cc2c(=O)c(C(=O)O)cn(C3CC3)c12,0,4,0.02670692203748672,280
O=C(CCCN1CCC(c2noc3cc(F)ccc23)CC1)c1cc2c3c(c1)CCN3C(=O)CC2,1,10,0.5543834708182558,2570
Clc1ccc(-c2c[nH]c([C@H]3Cc4c([nH]c5ccccc45)[C@@H](C4CCOCC4)N3)n2)nc1,1,9,0.8297160468752057,2571
CCC(=O)CCCCC[C@H](NC(=O)[C@H]1CC12CCN(CC)CC2)c1ncc(-c2ccc3ccncc3c2)[nH]1,0,8,0.07216374138335725,2572
CS(=O)(=O)N1CCN(Cc2nc3c(N4CCOCC4)nc(-c4cnc(N)nc4)cn3n2)CC1,0,3,0.03178495769796637,2116
OCCOCc1cn(CCNc2nonc2/C(=N/O)Nc2ccc(F)c(Br)c2)nn1,0,1,0.11896362439721725,1681
O=C1OCc2cc(CCN3CCN(C(=O)Cc4ccc(-n5cnnn5)cn4)CC3)ccc21,0,9,0.11581608637813055,2573
CN(CCO)C1CCN(c2nc3ccccc3n2Cc2ccc(F)cc2)CC1,1,10,0.6292335738299303,286
O=C(Nc1cc(Cl)ccc1Cl)NS(=O)(=O)c1ccc(OCCCN2CCCCC2)cc1,0,2,0.04139927491113767,893
CCOc1ccc(-c2cc3c(N[C@@H]4CC[C@](C)(N)C4(C)C)c(C(N)=O)cnn3c2)cn1,0,7,0.043452927709473135,2574
C[C@H](CCc1ccc(F)cc1)N1Cc2cccc(F)c2C1,0,4,0.6632729660115334,70
COCCOc1cc(NC(=O)N2CCCc3cc(CN4CCN(C)CC4=O)c(C=O)nc32)ncc1C#N,0,9,0.0548060396383295,861
COc1ccccc1N1CCN(CCCCOc2ccc3c(C)cc(=O)oc3c2)CC1,1,1,0.7809651315567535,2575
C[C@H](CO)OC[C@H](Oc1ncnc2c1cnn2-c1ncccc1Cl)C(=O)Nc1ccc(C#N)cn1,0,10,0.026846648576163274,3
CC(C)(C)c1cc(NC(=O)n2ccc3cc(Oc4ncnc5c4CNC5)ccc32)no1,0,10,0.06052550216203795,2576
N#Cc1ccc(N2CCC(Nc3cc(Nc4ccncn4)ncc3C(N)=O)CC2)nc1,0,1,0.32042827219058223,2577
CN(C)c1ccc(C(O)c2ccc(F)c(-c3ncnc4cc(N5CCOCC5)ccc34)c2)nn1,0,4,0.022780151469052524,465
NC(=O)C(c1cc(-c2ncnc3cc(N4CCOCC4)ccc23)ccc1Cl)c1nccnc1Cl,0,5,0.020764835889612514,247
CNC[C@H](CC1CCCCC1)NC(=O)N1CCC[C@@H]([C@@](O)(CCCCOC)c2cccc(Cl)c2)C1,0,6,0.32594368160496173,2578
O=C(Nc1cc(-c2cn(-c3ccccc3)c3cnccc23)ccn1)NC1CC1,1,8,0.4062966084994223,2579
O=C(/C=C/c1ccc2c(c1)CN(C(=O)C1CCCC1)C2)NO,0,2,0.030691080346950825,2580
OC(c1cc(-c2ncnc3cc(N4CCOCC4)ccc23)ccc1Cl)c1ncncc1F,0,6,0.003834621721680045,2196
CN(C)C(=O)C(C)(C)c1ccc2c(-c3ccc(F)cc3)cc(C(N)=O)nc2c1,0,10,0.11650083803684565,2581
CC(C)(O)CC(=O)N1CCc2cc(Nc3ncc(C(F)(F)F)c(N[C@H]4CC[C@@H](N)CC4)n3)ccc2C1,0,2,0.16685528664115484,2582
O=C(NC1CCc2ccc(CCN3CCN(c4nsc5ccccc45)CC3)cc21)c1ccno1,1,9,0.8917616741862072,2583
CC(C)[C@@H](CN1CCC(c2ccccc2)CC1)NC(=O)[C@H]1Cc2ccc(O)cc2CN1,1,3,0.4936400689014754,2584
CNS(=O)(=O)c1cc(-c2sc(NC(C)=O)nc2C)cc2c1C(=O)N([C@@H](C)C1CC1)C2,0,8,0.07639047113549373,2585
O=C(NCc1ccc(F)cc1)c1cnc(-c2ccccn2)nc1O,0,3,0.059157310539062515,2586
Fc1ccc(-c2cnn(Cc3cc[nH]n3)c2)cc1OC(F)F,1,9,0.9122663957794471,59
O=C(Nc1ccc(Cl)c(Cl)c1)N1CCN(C[C@@H]2CCCN(CCCc3ccccc3)C2)CC1,1,9,0.7041636531102415,2587
CS(=O)(=O)N1CCN(Cc2cc3nc(-c4cccc5[nH]ncc45)nc(N4CCOCC4)c3s2)CC1,0,7,0.1253992696719214,2588
NS(=O)(=O)c1c(CC2CCNCC2)ccc(-c2ccc(C3CCNCC3)cc2)c1-c1nn[nH]n1,0,6,0.09562735912943268,2589
COc1cc2nccc(Nc3n[nH]c(C)c3C)c2cc1S(=O)(=O)C(C)(C)C,0,6,0.07699751541844745,928
CN(C(=O)c1ccc2c(c1)c1c(n2C)CC[C@@H](C2CCOCC2)C1)[C@H](CO)CCC(=O)NCCF,0,4,0.06635307821601724,1555
Nc1nc2cc3c(cc2s1)CCNCC3,0,8,0.06262392545865941,882
Cc1cn(-c2ccc3n(c2=O)CCN(C[C@@]24C[C@@H]2C(C)(C)Oc2ccc(C(F)(F)F)cc24)C3=O)cn1,0,9,0.38596344962466583,2590
CCc1nc2ccc(CN3CCN(c4cnc(F)cc4C)CC3)cc2[nH]c1=O,0,7,0.07777220432477386,891
CCOc1cc(Nc2nc3c(cc2F)ncn3[C@@H](CO)c2ccc(F)cn2)n[nH]1,0,5,0.07141978840171963,622
CC(C)(O)c1ncc([S@](N)(=O)=NC(=O)Nc2c3c(cc4c2CCC4)CCC3)s1,0,8,0.13065804093830197,2591
CC(C)OC[C@H](Oc1ncnc2c1cnn2-c1ccccc1Cl)C(=O)Nc1ccccn1,0,5,0.017029080067635826,169
CN(CCC(=O)NC1CC1)C(=O)c1ccc2c(c1)c1c(n2C)CCC(C2CCOCC2)C1,0,5,0.046088050273651045,2592
COC(=O)c1nn(C)c2c(C)cc(Nc3nccc(-c4cc(CN(C)C)n(C)n4)n3)cc12,0,1,0.12076000182426372,2593
CN1CCN(c2ccc(C(=O)Nc3cc(-c4ccncc4)ccc3N)nc2)CC1,0,2,0.10595753857283041,2594
O=c1ccc(C(O)c2ccc(F)c(-c3ncnc4cc(N5CCOCC5)ccc34)c2)n[nH]1,0,9,0.0058713646532438475,130
COc1cc2ccc(Br)cc2cc1[C@@H](c1ccnc(OC)c1OC)[C@@](O)(CCN(C)C)c1cccc2ccoc12,1,5,0.6626967692321858,2595
Cc1nc(C)c([C@H](OC(C)(C)C)C(=O)O)c(N2CCC(C)(C)CC2)c1-c1ccc(OCCc2ccc(F)cc2)cc1,1,8,0.4020076227403849,2596
Cc1c(NC(=O)CN2CCN(CC3CCN(c4ccc5c(c4)C(=O)N(C4CCC(=O)NC4=O)C5=O)CC3)CC2)c[nH]c1/C=C1\C(=O)Nc2ccc(F)cc21,0,7,0.2145846638052084,2597
Cn1cc(NC(=O)c2cnn3ccc(N4CCNCC4)nc23)c(C(N)=O)n1,0,9,0.10441803838084267,2598
CNc1ccc(-n2c(=O)c3c(CN(C)C)c(-c4ccc(NC(=O)NOC)cc4)sc3n(Cc3c(F)cccc3F)c2=O)nn1,0,4,0.27564478157019273,2070
CNCc1ccc(Cl)cc1Oc1ccc(Cl)cc1,1,1,0.6119495537225962,604
CCOc1ccc2c(-c3ccc(C(=O)O)c(C4CCCC4)c3)ncnc2c1,0,5,0.13126290480414404,2599
Cc1nocc1C(=O)Nc1ccc(-c2ccccc2OC(F)(F)F)c(N)n1,0,2,0.10807321037205679,2600
O=C1OCc2cc(CCN3CCN(CCc4ccc([N+](=O)[O-])cc4)CC3)ccc21,1,7,0.9155134417366838,174
O=C(CN1CCCC2=C1C(=O)N(C1CC1)C2=O)Nc1ccc(-c2cccnc2)nn1,0,8,0.1427623729294153,2601
CCc1nc2cc3c(cc2s1)CCN(CCCSc1nnc(-c2cccc4nc(C)ccc24)n1C)CC3,1,4,0.9121023280946927,2602
Cn1nccc1-c1cc(NC(=O)c2cccc(C(F)(F)F)c2)ccc1OCCN1CCOCC1,1,7,0.20684385508662093,2603
COc1ccc(C2=CC3(CCNCC3)Oc3ccccc32)cc1,1,5,0.6789987625395814,151
c1ccc(C(OCCCc2c[nH]cn2)c2ccccc2)cc1,1,9,0.6163748284173217,2604
COc1cncc(O[C@H]2C[C@H](N)[C@H]3C[C@H]32)c1-c1cc(Nc2cnc(C#N)cn2)n[nH]1,0,4,0.07924698930428396,2605
Cc1ncoc1-c1nnc(SCCCN2CCC3(CCCc4cc(Br)ccc43)C2)n1C,1,2,0.9466024560744964,2606
Cn1cc2c(n1)c(=O)n(-c1cccnc1C1CC1)c1cc(Cl)c(F)cc21,0,7,0.29055326081177163,2607
C[C@@H]1CNC[C@H]2Cc3ccc(COCC4CC4)nc3N21,0,4,0.17483444496467337,2608
Cc1cc(O[C@H]2C[C@H]3CC[C@@H](C2)N3Cc2ccccc2)cc(C(N)=O)c1,1,8,0.869180771287223,417
O=C(Nc1cnccc1-c1ccccc1)c1ccnc(NC(=O)C2CC2)c1,0,8,0.19241990768559503,2609
CC[C@H]1OC(=O)[C@H](C)C(=O)[C@H](C)[C@@H](O[C@@H]2O[C@H](C)C[C@H](N(C)C)[C@H]2O)[C@](C)(OC)C[C@@H](C)C(=O)[C@H](C)[C@H]2N(CCCCn3cnc(-c4cccnc4)c3)C(=O)O[C@]12C,0,8,0.21547674760508018,2610
CN(C)C(=O)c1ccc(-c2ccc3c(c2)CCN(CCN2CCCC2)C3=O)c(F)c1,0,9,0.1569887496177205,796
CNc1cc(F)cc2c(O)c(C(=O)Nc3ccc(C(=O)NS(=O)(=O)N(C)C)cc3)c(=O)[nH]c12,0,5,0.10079673978184299,36
Cn1c(=O)n(CCCO)c(=O)c2c1nc(C1(F)CCC(F)(F)CC1)n2Cc1ccc(Cl)c(F)c1,0,5,0.11836690094913671,416
N[C@H](CO)Cc1nc(-c2ccc(Oc3ccc(-c4cc[nH]n4)cn3)cc2)no1,0,4,0.11182564270348187,2611
O=C(NS(=O)(=O)c1ccc(Cl)cc1)N1CCC(N2CCC(Oc3ccc(Cl)c(Cl)c3)CC2)CC1,0,9,0.2924469765864386,920
C[C@H](CO)CONC(=O)c1ncc2cncn2c1Nc1ccc(I)cc1F,0,5,0.1373166003014941,2612
CCc1oc(CCc2cc(N3CCOCC3)cc(NCCOC)n2)nc1C,1,2,0.6416764745398719,1241
Cn1c(SCCCN2CC[C@]3(C[C@@H]3c3ccc(C(F)(F)F)cc3)C2)nnc1-c1ccncn1,1,4,0.9700437302914401,2613
C[C@](O)(CS(=O)(=O)c1ccc(F)cc1)C(=O)Nc1ccc(C#N)c(C(F)(F)F)c1,0,6,0.09063662231170647,2614
COc1ccc2ncc(F)c(CC[C@@]3(O)CO[C@@H]4[C@@H](NCc5ccc6c(n5)NC(=O)CO6)CO[C@@H]43)c2n1,0,9,0.19262253081347763,2615
O=C1COc2ccc(CNC34CCC(CCc5c(F)cnc6ccc(OCC7(C(=O)O)CC7)nc56)(CC3)OC4)nc2N1,0,3,0.5116534051343881,909
Cc1coc([C@H]2C[C@H]3[C@@H](CF)SC(N)=N[C@@]3(c3ccc(F)cc3F)CO2)n1,0,6,0.24902228883922675,2062
COc1ccc(-c2cc(NC(=O)CCCCN3CCCN(C(C)=O)CC3)[nH]n2)cc1,0,2,0.22866234296456517,2616
Nc1ccc(-c2cnc3nc(N4CCC(N5CCCCC5)CC4)sc3c2)cn1,0,2,0.4865452314578674,1744
Fc1ccc2c(c1)nc(-c1ccccn1)n2-c1ccc(OCCCN2CCSC2)cc1,1,6,0.7168033676924791,2617
O=c1cc(N2CCN(CC3CCCCC3)CC2)sc2c([N+](=O)[O-])cc(C(F)(F)F)cc12,0,6,0.394748827061058,2618
CC(C(=O)N[C@]1(c2ccccc2)CC[C@@H](N2CCC(c3ccc(F)cc3)CC2)CC1)c1cc(C(F)(F)F)cc(C(F)(F)F)c1,1,4,0.8725314942604746,2619
CCn1cc([C@@]2(c3nn(CC(=O)O)c(=O)o3)N[C@@H](c3nc(-c4ccc(F)cn4)c[nH]3)Cc3c2[nH]c2ccccc32)cn1,0,10,0.14039065844342882,1157
CC(C)N1CCN(C(=O)C2CC3(CCN(C4CCOCC4)CC3)C2)CC1,0,6,0.032502055369760426,2620
CC#CCn1c(N2CCCNCC2)c(C#N)c2c1c(=O)n(Cc1nc(C)c3ccccc3n1)c(=O)n2C,0,8,0.20709941067344373,2621
Cc1cnc(N2CCN(Cc3ccc4c5c(c(=O)[nH]c4c3)COCC5)CC2)n1C,0,1,0.11487574630614944,2622
CN(C)c1ccc(C(=O)N(CCCCCC(=O)NO)CC(=O)NCc2ccccc2)cc1,0,2,0.19884953410240372,2623
Cc1cc(F)ccc1OC1CCN(CC2CCN([C@@](C)(Cc3ccc(F)cc3)C(=O)O)CC2)CC1,0,1,0.29041742903381573,234
CCOc1ccc2nc(/N=C/c3nc(-c4ccc(Br)cc4)oc3O)sc2c1,1,9,0.31598328693778355,2624
O=C(NCCN1CCCCC1)c1ccc(CN2CCC(NC(=O)c3cc(=O)c4ccc(F)cc4o3)CC2)cc1,0,4,0.2933590870401,2625
COc1ccc2ncc(F)c(C(CO)CC34CCC(NCc5ccc6c(n5)NC(=O)CO6)(CC3)CO4)c2n1,0,1,0.39261869658065435,265
CCOc1cc(CN2CCC(C3CCN(S(=O)(=O)c4ccccc4)CC3)CC2)cc(OCC)c1-c1ccc(F)cc1,1,3,0.6591902590749519,2626
COc1cnc(C(O)c2ccc(OC)c(-c3ncnc4cc(N5CCOCC5)ccc34)c2)cn1,0,2,0.009084117906161275,247
CCOc1ncc2cc(-c3ccc4c(c3)N3CCCC3CO4)c(=O)n(-c3ccc(OC(F)F)cc3)c2n1,0,8,0.27320597552830095,2627
C[C@H]1C=C(C2=Nc3cc(Cl)ccc3Nc3ccc(C#N)cc32)CCN1C,1,1,0.787317811962603,1077
O=C(O)CCCCOc1ccc2ncc(F)c(CCC34CCC(NCc5ccc6c(n5)NC(=O)CO6)(CC3)CO4)c2n1,0,9,0.544928632188746,265
C[C@@H](O)c1nc2cnc3[nH]ccc3c2n1[C@H]1CC[C@H](CCC#N)CC1,0,10,0.12262121374711822,189
Cc1nc[nH]c1CN1CCC2(CC1)COC1c3cc(Cl)ccc3OC(C)(C)C1C2,1,7,0.9379417572150608,2628
CC1(C(=O)NCc2ccc(OC(F)(F)F)cc2)c2ccccc2C(=O)N1CCc1ccccn1,0,3,0.268216591651637,1277
O=C(NC1CCN(Cc2ccn(-c3ccc(C(F)(F)F)cc3)c2)CC1)N1CC(N2CCS(=O)(=O)CC2)C1,0,7,0.14946839942474777,2629
COc1cc(N2Cc3cn(-c4ccc(Cl)cc4)nc3C2=O)ccc1N1CC[C@@H](O)C1,0,9,0.2095446071757894,2630
O[C@H](COc1ccc(F)cc1)CN1CCN(Cc2ccc(Cl)c(Cl)c2)CC1,1,9,0.5817562664773902,2631
Clc1cccc(-c2ncccc2CC(c2cccnc2)c2cccnc2)c1,0,6,0.11231455849521711,1423
N#Cc1ccc2c(c1)CC1(CCN(c3cnc4c(N5CCCc6ncccc65)n[nH]c4n3)CC1)[C@@H]2N,1,6,0.9121700796204296,1307
COc1ccc([C@H]2CN(CCc3ccc(OC)c(OC)c3)C[C@@H]2CCc2nc3ccc(Cl)cc3[nH]2)cc1,1,9,0.8711638380968763,2632
N#Cc1ccc(-c2ccc3c(ccc(=O)n3CC(=O)N3CCCCC3)c2)cc1,0,9,0.1956859200930593,2633
CC(C)c1ccccc1C(=O)N(CC1CCC1)[C@H]1CCNC1,0,2,0.047110532057373034,1764
Cc1cc2nc(CC3CCCNC3)n(Cc3ccc(Cl)cc3)c2cc1C,1,8,0.4656715011536637,2634
C[C@@H]1CCCN1CCc1ccc(-c2ccc(S(=O)(=O)CCCO)cc2)cc1,0,1,0.44717057159215434,51
CC[C@H](C)[C@H](NC(=O)[C@@H](Cc1ccccc1)NC)C(=O)N[C@@H](CO)C(=O)N[C@H](CCC(N)=O)C(=O)N[C@@H](C(=O)N[C@H](C(=O)N[C@@H](CO)C(=O)N[C@H]1C(=O)N[C@@H](C)C(=O)N[C@@H](C[C@H]2CNC(=N)N2)C(=O)N[C@@H]([C@@H](C)CC)C(=O)O[C@H]1C)[C@@H](C)CC)[C@@H](C)CC,0,4,0.19884196879054877,2635
CC(=O)N1CCN(Cc2ccc3c(c2)CC[C@H](N2CCN(CCc4ccc(F)cc4)CC2=O)C3)CC1,0,2,0.2840467558675518,1076
O=C(NO)C(c1ccc(-c2ncc(C(F)(F)F)cn2)cc1)c1ccccc1F,0,1,0.15548860954318883,2636
Fc1ccc2cc(CO[C@@H]3CCNC3)ccc2c1,0,6,0.2456737106085297,2039
C[C@H]1OC(=O)[C@]2(CCC(N)=O)CC(F)(F)[C@@H](C)[C@H](/C=C/c3ccc(-c4ccccc4C#N)cn3)[C@H]12,0,7,0.046254639970303824,277
Cc1ccc2c(N3CCN(CCc4cccc5c4OCc4nnc(C)n4-5)CC3)cccc2n1,0,9,0.8053330673172668,2637
CN(C)CCCn1nc(C2=C(c3cn(-c4cncc5ccccc45)c4ccccc34)C(=O)NC2=O)c2ccccc21,1,4,0.7665346076854426,2638
CC[C@@H]1C(=O)N(C)c2cnc(Nc3cc(N4CCN(C)CC4)cc(Cl)c3OCCCO)nc2N1C1CCCC1,0,6,0.21214120818348567,1412
CCS(=O)(=O)Nc1cc(-c2cn(C)c3c(=O)[nH]ccc23)cc2c1ccn2C(C)(c1ccccn1)c1ccccn1,0,2,0.21641650402908344,2639
CN(C/C=C/c1ccc2ccccc2c1)Cc1ccc2c(c1)OCCC2,0,9,0.508333560961508,2640
FC[C@H]1Cc2cc(Cl)ccc2-n2c(nnc2[C@H]2CC[C@H](Oc3ccccn3)CC2)C1,0,4,0.20879734836067004,391
C[C@H]1NCCC[C@@H]1Nc1ncc(C(N)=O)c2sc(-c3ccccc3)cc12,0,6,0.1765810965062518,537
COc1ccnnc1C(O)c1cc(-c2ncnc3cc(N4CCOCC4)ccc23)c(F)cc1Cl,0,3,0.006898818807679849,465
Cc1c(N2CC[C@@H](C3(N)CC3)C2)c(F)cc2cc(-c3ncon3)c(=O)n(C3CC3)c12,0,6,0.09671719354335624,2641
COc1ccc(-c2ccc3c(N4CCOCC4)nc(N4C[C@@H](C)O[C@@H](C)C4)nc3n2)cc1CNCCO,0,9,0.10730208826382456,719
COC[C@H](C)Oc1cc(Oc2ccc(C(=O)N3CCC3)nc2)cc(C(=O)Nc2cnc(C)cn2)c1,0,10,0.03675397983193536,2642
Cc1nncn1Cc1cn(-c2ccc(Cl)cc2)nn1,1,1,0.2968028234683174,2643
O=C(CCCN1CCC(O)(c2ccc(Cl)cc2)CC1)c1ccc(F)cc1,1,6,0.6016087192997411,2644
O=c1cc([C@H]2CCN[C@@H](Cc3ccccc3)C2)o[nH]1,0,5,0.13359083541263142,2645
O=C(c1ccc(C[C@@H]2CC[C@H]([C@H](O)c3ccccc3)N2)cc1)N1CCN(Cc2ccccn2)CC1,0,5,0.16489754525600933,2646
COc1cc(C(=O)NCC2CCN(CCCCCC(c3ccc(F)cc3)c3ccc(F)cc3)C2)cc(OC)c1OC,1,8,0.8365503580729786,1587
N[C@H]1Cn2c(nc3cnc(F)cc32)C[C@@H]1c1cc(F)c(F)cc1F,0,5,0.1315776485542417,2647
O=c1[nH]nc(C(O)c2ccc(F)c(-c3ncnc4cc(N5CCOCC5)ccc34)c2)c2ccsc12,0,9,0.05180380267012122,2648
CCCN(CC)CC#Cc1ccc(C)cc1,1,10,0.36245627502972794,156
OC1CCN(CCCOc2ccc(-n3c(-c4ccccn4)nc4cc(F)ccc43)cc2)CC1,1,1,0.8078738762540413,1985
O=c1ccc2ncc(F)c3c2n1C[C@@]3(O)CC12CCC(NCc3cc4c(cn3)SCCO4)(CC1)CO2,0,8,0.08237245393915714,2649
Cc1noc(CNC(=O)c2ccc(C)c(S(=O)(=O)Nc3ccc(-c4ccno4)cc3)c2)n1,0,3,0.07891869462367881,2650
CCOc1ccc2cc(-c3nn(C(C)(C)CO)c(N)c3C(N)=O)cnc2c1,0,4,0.008296980812201956,772
OC(c1ccc(F)c(-c2ncnc3cc(N4CCOCC4)ccc23)c1)c1nccn2cnnc12,0,3,0.009476895338135541,2651
[2H]C1([2H])OC(N)=N[C@]12c1cc(-c3cncnc3)ccc1C[C@@]21CC[C@H](OC)[C@@H](C)C1,0,8,0.1822412414743438,2652
Cc1cc(C(C(N)=O)c2cc(-c3ncnc4cc(N5CCOCC5)ccc34)c(F)cc2Cl)n(C)c(=O)c1,0,7,0.018407561671398377,1001
Cc1nc2c(=O)n(C3CC3)c3c(Cl)c(N4CC[C@@H]([C@H](C)N)C4)c(F)cc3c2o1,0,3,0.22418419565366562,2653
Cc1cc(-c2ccc3c(c2)CCN(CCCSc2nnc(-c4ccc(Cl)cc4)n2C)CC3)no1,1,8,0.9954396495027396,976
CCn1nnc2c(C)c([C@@H](CC(=O)O)c3ccc4c(c3)CN(C(=O)c3c(C)c(C)cc(C)c3C)CC4)ccc21,0,1,0.2491951539107736,2654
CC(C)(F)c1cc(F)ccc1-c1sc2c(ccc3[nH]ncc32)c1Oc1ccc(OC2CN(CCCF)C2)c(F)c1,0,8,0.16697584299235343,1486
CS(=O)(=O)c1ccc(Oc2cc(F)cc(C#N)c2)c2c1[C@H](O)[C@H](F)[C@@H]2F,0,8,0.21950390496697225,2655
O[C@H]1CC[C@H](Nc2ccc3ncc(-c4cccc(OC(F)(F)F)c4)n3n2)CC1,0,9,0.127779818266083,653
Cc1cc(Cn2cc(CN(C(=O)[C@H]3CNCC[C@]3(O)c3ccc(F)c(F)c3)C3CC3)c3c(F)cccc32)no1,1,10,0.869053298661673,2105
Cc1cc(F)cc(C)c1Oc1ccc(C(C)(C)O)cc1-c1cn(C)c(=O)cc1NCC(=O)N1CCOCC1,0,1,0.13427352941622808,2656
O=C(NCCCNc1nc2ccccc2[nH]1)c1ccc(CN2CCCC2)cc1,0,9,0.31622579741003287,2657
C=C[C@H]1CN2CC[C@H]1C[C@@H]2[C@@H](O)c1ccnc2ccc(OC)cc12,1,3,0.3587600873238765,2658
COc1ccc2nccc(OC[C@H]3CC[C@H](NC(=O)c4cc(F)c(Br)c(F)c4)CC3)c2n1,0,3,0.22396774705179368,1419
O=c1cc(OCc2ccccc2)ccn1-c1ccc(OCCN2CCCCC2)cc1,1,2,0.9768880951839537,2659
CNC(=O)[C@H](C)Cn1cnc2ccc(-c3cnc(OC)c(NS(=O)(=O)c4ccc(F)cc4Cl)c3)cc2c1=O,0,1,0.13823187965833347,2660
CCc1oc(CCc2cc(N3CCOCC3)cc(NC(C)C)n2)nc1C,1,6,0.7639408487259634,1241
NCc1cccc(C2CCN(C(=O)c3cc(C(N)=O)cc(-c4nc(-c5cccs5)no4)c3)CC2)c1,0,4,0.28635307909754804,1159
CNS(=O)(=O)Nc1ccc2ccc3ncc(-c4cnn(C)c4)cc3c(=O)c2c1,0,8,0.05999164056828705,60
C=CC(=O)N1CCC(Oc2cc3c(Nc4ccc(Cl)c(Cl)c4F)ncnc3cc2OC)CC1,1,5,0.18626225149532,2661
COCCCc1cc(C)c(C)c(CN(C(=O)[C@H]2CNCC[C@@H]2c2ccn(C)c(=O)c2)C2CC2)c1,0,3,0.06886745608079817,309
Cc1ccc(S(=O)(=O)N(C)C(=O)N2CCC(N3CCC(Oc4ccc(Cl)c(Cl)c4)CC3)CC2)cc1,1,2,0.17385334436677724,920
Cc1nnn(Cc2cc(C(F)(F)F)ccc2/C=C/C(=O)N2CCC(Cl)CC2)n1,0,8,0.1277658515917163,2662
CN(C)CCC1CCN(c2cc(C(=O)NC[C@H]3CC[C@H](CNC(=O)OC(C)(C)C)CC3)c3ccccc3n2)CC1,0,10,0.14369655812966392,2663
COc1ccc2c(OC[C@H](O)CO)nc(C#N)c(-c3ccccc3)c2c1,0,9,0.14983669446266334,1703
O=C(NC1CCS(=O)(=O)C1)c1n[nH]c2ccc(-c3cccc(F)c3F)cc12,0,9,0.07983574526258286,2664
COc1cc(-c2cn([C@H]3CC[C@H](c4ccccc4)CN(Cc4ccccc4)C3=O)nn2)ccc1-n1cnc(C)c1,1,5,0.5700903239656221,2665
CCC(=O)CCCCC[C@H](NC(=O)[C@H]1CC12CCN(CC)CC2)c1ncc(-c2cc3ccc(=O)n(C)c3cc2OC)[nH]1,0,9,0.03175852805919493,2539
CN1CCN(c2cc(CN(C)[C@H]3CCCc4cccnc43)ncn2)CC1,0,6,0.2192074593198473,2666
Cc1c(C)c2ccc(OCCCCN3CCC(c4noc5cc(F)ccc45)CC3)cc2oc1=O,1,2,0.8070119873980549,2667
O=c1n(CCCN2C3CCC2CC(OCc2ccccc2F)C3)nc2ccccn12,1,6,0.5031500593526224,2668
CCC(CC)CNc1c(C(N)=O)cnc2ccc(-c3cncnc3)cc12,1,1,0.3708642110336312,2669
NC(=O)[C@@H]1C[C@H](F)CN1Cc1ccc(OCc2cccc(F)c2)cc1,0,9,0.3143528201609968,2670
COCc1ccc(-c2cc3c(N[C@@H](C)c4nn(C)cc4F)c(C(N)=O)cnc3cc2F)cn1,0,4,0.05313015760766627,502
CC(=O)N1CCN(CCOc2ccc(C3(O)CCN(c4ccc5nnc(C(F)(F)F)n5n4)CC3)cc2)CC1,0,2,0.14141579940529614,2671
Cc1c(Cl)ccc(OC2CCN(C[C@H](O)CNC(=O)c3c[nH]c(=O)c4cc(S(C)(=O)=O)ccc34)CC2)c1Cl,0,3,0.40006666144175396,1530
Cc1nsc(-c2nnc3n2CCN(C(=O)c2cccc(Cl)c2)[C@@H]3C)n1,0,8,0.08290916652204942,638
CCC(C)C(C)CN1CCC(CNC(=O)c2cc(Cl)cc(Cl)c2)CC1,1,2,0.38896019151575206,2451
CCOC(=O)[C@@H]1C2CCC(C[C@@H]1OC(c1ccc(F)cc1)c1ccc(F)cc1)N2CCc1c[nH]c2ccccc12,0,6,0.4671801633895037,2672
Cc1cc(=O)n(C[C@H](N)[C@H]2CC[C@H](NCc3ccc4c(n3)NC(=O)CO4)CC2)c2cc(F)ccc12,0,2,0.1311787938152987,2673
CCOc1cc2nccc(Oc3cnc(CC(=O)Nc4n[nH]c(CC)c4C)c(OC)c3)c2cc1OC,0,1,0.1607002450304222,2674
Cc1cc(C)nc(Nc2cc(NC[C@@H](N)CS(C)(=O)=O)cnc2C(N)=O)c1,0,7,0.09995412111781254,1225
CCOc1cc(C(=O)Nc2cc(C(F)(F)F)ccn2)ccc1-c1nc(C23CCC(C(=O)O)(CC2)CC3)n2ccnc(N)c12,0,10,0.20251145564623357,2675
CN(C)C(=O)CC(NC(=O)C1(N)CCN(c2ncnc3[nH]ccc23)CC1)c1ccc(Cl)cc1,0,8,0.03441192634137435,667
Cc1ccc(NC(=O)c2cccc(C(F)(F)F)c2)cc1C#Cc1nn(C2CCN(C)CC2)c2ncnc(N)c12,1,3,0.4623723508078249,2676
O=P(c1ccccc1)(c1ccccc1)N(c1cccnc1)c1cccnc1,0,10,0.22697990365263196,2677
Cc1sc(N2CCN(C(=O)[C@@H]3CCCC[C@H]3C(=O)NC3(C#N)CC3)CC2)nc1C(F)(F)F,0,2,0.05696804213103,991
COc1ccc(-c2noc(CSc3nnc(C)n3-c3ccc(OC)cc3)n2)cc1,0,4,0.19403073276531185,1818
CC1=NC(c2cccc(-c3cccnc3)c2)(C2CCCCC2)N=C1N,0,8,0.16926978600523856,2678
Fc1ccc(-c2c[nH]c([C@H]3Cc4c([nH]c5ccccc45)C(C4CCCCC4)N3)n2)nc1,1,8,0.8606620127334141,2679
CC1CN(C(=O)c2cc(Cc3n[nH]c(=O)c4ccccc34)ccc2F)Cc2nnc(-c3ccccn3)n21,0,8,0.10131492437738021,2383
COc1ccc(N(Cc2cnccc2C)C2CCN([C@H](C)CCNC(=O)c3c(C)cc(Cl)nc3C)CC2)cc1,1,7,0.2582702160270467,2680
C[C@H](NC(=O)c1ccc(Cl)cc1)c1ccc2c(c1)CCCN2C(=O)c1cccc(Cl)c1,1,3,0.27661380184620465,2681
COc1ccc2ncc(=O)n(CCN3CC[C@H](NCc4cc5c(cn4)OCCO5)[C@@H](OC)C3)c2c1,0,4,0.039073328599490705,627
COc1cnc(-c2cccc3c2C[C@H](NC(=O)c2ccc(COCC(F)(F)F)nc2)CO3)cn1,0,8,0.04728824919569344,2682
O=C(N[C@H]1CCCC[C@@H]1O)c1cc(CN2CCN(c3cc4scnc4cn3)CC2)c2ccccn2c1=O,0,3,0.23995611191793426,2683
CCc1cnc2c(N3CCN(C)CC3)nc(N)nc2c1,0,10,0.11721133925529374,2684
CCN(CC)CCCNc1nnc(-c2ccc(NC(=O)c3ccccc3F)cc2)o1,0,5,0.12206276385973013,1386
O=c1c(O)c(-c2cccc(O)c2)oc2ccc(O)cc12,0,7,0.14241416406655158,946
CO[C@@H]1COCC[C@@H]1N[C@@H]1CC[C@@](C(=O)N2CCN(c3cc(C(F)(F)F)cnn3)CC2)(C(C)C)C1,0,2,0.1480756884358748,2685
c1ccc(-c2c[nH]c([C@H]3Cc4c([nH]c5ccccc45)C(C4CCSCC4)N3)n2)cc1,1,5,0.9553731710254002,2686
O=c1n(CCCN2C3CCC2(F)CC(COc2ccccc2F)C3)nc2ccccn12,0,4,0.6337088385441166,1836
Cc1n[nH]c(C)c1N1CCN(c2cc(C(=O)O)ccc2F)CC1,0,3,0.11126250354631778,2687
Cc1ccc(NC(=O)c2cc(C(F)(F)F)cnn2)cc1-c1ccc2c(c1)OC1(CCOCC1)CC(=O)N2,0,10,0.14908034565940165,2688
FC(F)Oc1cc(-c2cnn(Cc3ccn(C4CCCC4)n3)c2)ccc1Cl,1,10,0.7333967674158469,2689
N[C@@H]1c2ncccc2CC12CCN(c1cnc3c(N4CCCc5ncccc54)n[nH]c3n1)CC2,1,7,0.7904750285514023,2690
COc1ncc(-c2ccc(C(=O)O)cc2C)cc1-c1cnc(C(F)(F)F)cc1CN1C(=O)O[C@H](c2cc(C(F)(F)F)cc(C(F)(F)F)c2)[C@@H]1C,0,7,0.2961527596693296,2691
O=C(O)c1ccc(CN2CCC(CN[C@@H]3C[C@H]3c3ccccc3)CC2)cc1,0,4,0.34778143249915877,2692
Cc1ccc2nc(-c3ccc(F)cc3)c(CC(=O)N3CCCC3)n2c1,0,9,0.05476181256007143,2693
N[C@H]1C[C@@H](N2Cc3nn4nccnc4c3C2)CO[C@@H]1c1cc(F)ccc1F,0,4,0.08613566538649643,2694
c1ccc(-c2ccc(C3(Cc4nnn[nH]4)C4CC5CC(C4)CC3C5)cc2)cc1,0,3,0.44595034827346175,2695
O=c1cc(OCc2cccc(Cl)c2)ccn1-c1ccc(OCCN2CCCC2)cc1,1,6,0.9390186690866213,188
Oc1cccc2c1CNC(CN1CCC3(CCc4ccccc43)CC1)C2,1,5,0.72147788851705,816
COc1cc(/C=C/c2nc(N)c3c(n2)oc2ccccc23)ccc1-n1cnc(C)c1,1,1,0.5259643433136003,2696
Cn1ccc([C@H]2CCNC[C@@H]2C(=O)N(Cc2cn(Cc3cccnc3)c3cccc(F)c23)C2CC2)cc1=O,0,8,0.4268642447423494,2697
O=C(NC1CCc2cc(CCN3CCN(c4nsc5ccccc45)CC3)ccc21)C1CC1,1,6,0.9461623391017775,2698
COc1ccc2ncc(F)c(CCCN3CCN(CCCCc4ccccc4)C[C@@H]3C(=O)O)c2c1,0,5,0.2027177704037319,2699
Nc1nccn2c([C@@H]3CCCN(C4CCOCC4)C3)nc(-c3ccc(C(=O)Nc4cc(C(F)(F)F)ccn4)cc3F)c12,1,1,0.17427735556507207,2700
Nc1nc(N2CCC3(CC2)Cc2ncsc2[C@H]3N)cnc1Sc1ccnc(N)c1Cl,0,1,0.24983197140880045,2701
O=C(CNc1ccnc2ccc(C(F)(F)F)cc12)NC1CN([C@H]2CC[C@@](O)(c3cncs3)CC2)C1,0,5,0.0510266606116689,2702
Cc1ccc(NC(=O)c2ccc(Cl)c(C(F)(F)F)c2)cc1C#Cc1nn([C@H]2CC[C@H](O)CC2)c2ncnc(N)c12,0,1,0.21942800212552616,1825
CCCc1nc2ccc(CN3CCN(c4ccc(C(=O)NC)nc4F)CC3)cc2[nH]c1=O,0,6,0.06251439979714847,891
Cc1cc(Cl)cc(-c2ccnc3cc(CN4C(=O)C5C(C4=O)C5(C)C)sc23)c1O[C@@H]1CCNC[C@@H]1C,1,9,0.3637828130351862,2703
COc1ncc(-c2cc(-c3ccc(C(=O)O)cc3C)ccc2OC)c(CN2C(=O)O[C@H](c3cc(C(F)(F)F)cc(C(F)(F)F)c3)[C@@H]2C)n1,0,2,0.02106184103455986,1155
COc1ccc(CCN2CCC(Nc3nc4ccccc4n3CCC(C)C)CC2)cc1,1,4,0.9017572103579047,2704
N#Cc1cc(S(=O)(=O)Nc2ccc(F)cn2)ccc1Oc1ccc(CO)c(Cl)c1,0,5,0.14524860346220703,19
CCN(CC)/[N+]([O-])=N/OCOC(=O)/C=C/c1ccc(OC(=O)OCN2C(=O)SC(Cc3ccc(OCCN(C)c4ccccn4)cc3)C2=O)c(OC)c1,0,10,0.3384870294667116,2705
CC(C)Oc1cc(CCC(C)(C)N2Cc3cc4c(cc3C2)OCO4)ccc1O,1,9,0.7305954483659357,295
Fc1ccc(-n2cc(Cn3ccnc3C3CC3)nn2)cc1Cl,1,7,0.9794010218090212,428
c1ccc([C@]2(CCNCc3scc4c3CCC4)CCO[C@]3(CCOC3)C2)nc1,0,6,0.2397321597387183,2706
C=CC(=O)Nc1cccc(Nc2ncnc(N)c2-c2ccc(Oc3ccccc3)cc2)c1,1,10,0.30268688595151344,2707
COc1cnc2ccc(=O)n(CCN3CCC(NCc4cnc(C)c(C#N)n4)CC3)c2c1,0,1,0.03659234296618631,2708
CN1C[C@H](Cc2ccc(Cl)cc2)N(C2CCN(c3n[nH]c(N)n3)CC2)Cc2cc(Cl)ccc21,1,4,0.3308896062996734,2709
O=C1OCc2c1ccc(CCN1CCN(C(=O)Cc3ccc(-n4cnnn4)cc3)CC1)c2C1CC1,0,5,0.08598687667348903,2710
COCC[C@@H]1C[C@H](N(C)C(C)C)CC[C@@H]1NC(=O)CNC(=O)c1cccc(C(F)(F)F)c1,0,2,0.2817350848642656,380
O=C(C1CC12CCNCC2)N1CCN(C2CCCCC2)CC1,0,1,0.04201581860031869,2711
O=c1ccc2ncc(F)c3c2n1C[C@@]3(O)CC12CCC(NCCCc3cc(F)ccc3F)(CC1)CO2,1,8,0.6201789303054397,2712
CN(C)c1ccc(CNC(=O)[C@H]2CNC[C@@H]2c2cnc(C(F)(F)F)nc2)cc1,0,10,0.09683848904072156,2713
CNC(=O)c1ccc2c(c1)c(-c1nc3c(-n4cc(CN(C)C)cn4)ccnc3[nH]1)cn2C,0,6,0.059448933987379236,911
CC(C)c1cc(C(=O)NC[C@H]2CCN(CCc3ccc(C(F)(F)F)cc3)C2)on1,1,4,0.5734015479668453,2714
CC#CCn1c(N2CCC[C@@H](N)C2)nc2c1c(=O)n(Cc1nc(C)c3ccccc3n1)c(=O)n2C,0,4,0.19983910439947916,2715
CN(C)c1ncc(/C=C/c2c(F)cccc2F)cn1,0,7,0.1522086416716313,2716
O=C1COc2ccc(CNC3CCN(CCN4C(=O)COc5ccc(O)cc54)CC3)nc2N1,0,2,0.033504231722039896,1747
C[C@H](Nc1ccc(C(N)=O)c2[nH]c3cc(-c4cnn(C)c4)ccc3c12)C(C)(C)C,0,8,0.4452675081715224,2717
Cn1cc([C@@]2(c3nn(C)c(=O)o3)N[C@@H](c3nc(-c4ccc(F)cn4)c[nH]3)Cc3c2[nH]c2ccccc32)cn1,0,2,0.0809485828010827,1157
NC(=O)C(c1cc(-c2ncnc3cc(N4CCOCC4)ccc23)c(F)cc1F)c1nccn2cccc12,0,8,0.015271093751825641,2718
O=C(O)CNCCn1nnc(-c2ccc(Oc3ccc(Cl)cc3)cc2)n1,0,7,0.12360776094523367,225
CN([C@@H]1CCc2c(CC(=O)O)c3ccc(F)cc3n2C1)S(=O)(=O)c1ccc(F)cc1,0,1,0.08003421658984312,2280
CCCNCC(O)COc1ccc(O)cc1C(=O)CCc1ccccc1,0,1,0.47561888968098914,1734
CC(C)N(CCO)Cc1nc(-c2cn(CC3CCOCC3)c3c(Cl)cccc23)sc1Cl,1,6,0.8224521406380272,519
O=C1COc2cccc(OC[C@@H](O)CN3CCC4(CC3)Cc3cc(Cl)ccc3O4)c2N1,1,9,0.6451141127054711,2719
CNC(C)(C)C(=O)N1CCN(C(=O)c2cc(Cc3c[nH]c(=O)c4cc(Cl)c(Cl)n34)ccc2F)CC1,0,5,0.1609861300116592,2720
CC(=O)Nc1ccc(-c2nc(NCc3ccccn3)c3c(-c4ccccc4)cccc3n2)cn1,0,4,0.24148462123846262,869
CCC(=O)CCCCC[C@H](NC(=O)[C@H]1CC12CCN(CC)CC2)c1ncc(-c2cc3cn(C)nc3cc2OC)[nH]1,0,6,0.024343016312324994,1599
N#C[C@@H]1C[C@@H]2CCC[C@@H]2N1C(=O)C[C@H](N)Cc1cc(F)c(F)cc1F,0,9,0.1119969844501455,2721
COc1cc(N2CC=C(Oc3ccc(C4CC4)cc3)C2=O)ccc1OCCN1CCOCC1,0,6,0.3215232155370353,2722
CCOC[C@H](Oc1ncnc2c1cnn2-c1ncccc1Cl)C(=O)Nc1cnc(C)cn1,0,10,0.0209977871438074,2723
CC(C)N1CCN(CCN2CCN(c3cccc(C#N)c3)C2=O)CC1,0,6,0.30681815342917024,2724
CCC(O)(CC)[C@H]1CN(C2CCN(c3nnc(N)[nH]3)CC2)[C@@H](Cc2ccc(Cl)cc2)CO1,0,9,0.05008597539425028,523
Cc1ccc(Cn2cc(CN(C(=O)[C@H]3CNCC[C@]3(O)c3ccc(F)c(F)c3)C3CC3)c3c(F)cccc32)cn1,1,2,0.9044164632976943,1611
CCOC(=O)c1c(CSc2c(C)cc(C)cc2C)n(Cc2ccc(C)cc2)c2cc(Br)c(O)cc12,0,2,0.17168134837378035,2725
O=C(c1cn(CCCNCc2ccc(Oc3ccc(Cl)cc3)cc2)nn1)N1CCOCC1,1,4,0.23973980326480776,2726
O=C(O)C[C@H]1CC[C@H](OC2CCN(c3ccc(-c4nc5c(F)cccc5[nH]4)cn3)CC2)CC1,0,7,0.08846091114690949,713
Cn1ccc(Cn2cc(-c3ccc(Cl)c(C(F)F)c3)cn2)n1,1,7,0.9673261722953852,59
CCS(=O)(=O)N1CC(CC#N)(n2cc(-c3ccnc4[nH]ccc34)c(Cl)n2)C1,0,10,0.05463264260894421,771
O=C(NCc1ccc(OC(F)(F)F)cc1)C1c2ccccc2C(=O)N1CCC1CCOCC1,0,4,0.15588089980920983,2727
COCCOc1cc(NC(=O)N2CCCc3cc(CN4C[C@@H](N(C)C)CC4=O)c(C=O)nc32)ncc1C#N,0,6,0.050290609644345584,1964
CCC(CC)CNc1c(C(N)=O)cnc2ccc(-c3ccc(COC)cc3)cc12,0,10,0.5748971099341114,2728
CN([C@H]1CC[C@H](n2cc(C(N)=O)c(Nc3ccc(Cl)cc3)n2)[C@@H](C#N)C1)C1(C)COC1,0,4,0.15031739179006123,2729
CNC(=O)c1cnc(Nc2cc(C)c(F)cn2)cc1Nc1cccc(-c2ncn(C)n2)c1OC,0,3,0.09467133329587442,2730
NC(=O)c1cccc(O[C@@H]2C[C@H]3CC[C@@H](C2)N3CCc2ccccc2)c1,1,1,0.8058156680344192,2731
Cn1nc(-c2ccncc2)cc1NC(=O)[C@H](Cc1ccccc1)NCC(=O)O,0,4,0.10951591204268686,2732
C[C@@H]1CN(C(=O)[C@H](C)N2CCC(n3c(=O)[nH]c4ccccc43)CC2)C[C@@H](C)N1,0,7,0.1606559213852525,2733
FC(F)(F)c1ccc(C2=CC3(CCNCC3)Oc3ccccc32)cc1,1,8,0.7499732256574784,151
C[C@@H]1CCCN1CCCOc1ccc(-c2ccc(=O)n(C)n2)cc1,0,1,0.1897711714069348,2734
CC1(C)CCc2cc(S(=O)(=O)N(CC(=O)O)C3(c4cccc(-c5cc(Cl)cc(Cl)c5)c4)CCC3)ccc2O1,0,5,0.31492619512878395,2735
COc1cc(NC(=O)c2ccccc2F)ccc1-c1nnc(NCCCCN2CCCCC2)o1,0,10,0.05768391578215918,2524
Cc1nc(NCc2cnn(C)c2)cc(OC[C@H]2C[C@@H]2c2ccccn2)n1,0,4,0.161746000267166,2736
O=C1c2nc3cccc(Br)c3n2CCN1CC1CCC1,0,10,0.11616472839197761,1668
OC1(c2ccc(F)cc2)CCN(c2ccc3nnc(C(F)(F)F)n3n2)CC1,0,8,0.1873657880717849,2737
COc1ccc(-c2nnc(C(=O)N3CC(Oc4ccc(CN5CC6(CCOC6)C5)cc4)C3)o2)cc1,0,6,0.03326100261055068,2738
O=C(CN1CCN(Cc2ccn(-c3ccc(C(F)(F)F)cn3)c2)CC1)NC(c1ccc(F)cc1)c1ccc(F)cc1,1,1,0.48017518094927764,2739
CC(C)C(=O)NCCN1CCC[C@@H]1Cn1nc(Cc2ccc(Cl)cc2)c2ccccc2c1=O,1,3,0.7955301356854224,178
CN1Cc2cc(Cl)ccc2-n2c(nnc2C2CCN(c3ccccn3)CC2)C1,0,6,0.3095290571722638,464
CS(=O)(=O)c1ccc(-c2noc([C@@H](CCO)[C@H](N)C(F)=C3CCCC3)n2)c(Cl)c1,0,10,0.09150687946497914,2178
Cc1nc(C)c(-c2cccc([C@H](CC(=O)O)CN3CC[C@@H](CCc4ccc5c(n4)NCCC5)C3)c2)[nH]1,0,10,0.15303941682808408,2740
COc1cc(NC2CN(CCCF)C2)ccc1[C@@H]1c2ccc3[nH]ncc3c2C[C@@H](C)N1CC(C)(C)F,1,5,0.961643321221257,1193
Nc1nc(CNC(=O)c2ccc(C[C@@H]3CC[C@H]([C@H](O)c4ccccc4)N3)cc2)cs1,0,8,0.07571153103638935,2741
CCC[C@@H](CCO)Nc1nc(N)nc2cnn(Cc3ccc(CNC4CCOCC4)cc3OC(F)F)c12,0,5,0.07551595673116485,813
COC(=O)N(NC(=O)c1c(CN2CCNCC2)c(-c2ccccc2)nc2ccccc12)c1ccccc1,1,1,0.6341127059029352,1753
CCOC(=O)c1c(OC)cnc2c(CCC34CCC(NCc5ccc6c(n5)NC(=O)CO6)(CC3)CO4)ccnc12,1,1,0.6806906289204605,265
Cc1ncc(-c2cc(C(N)=O)nc3cc(CN4C(=O)CCC4=O)ccc23)s1,0,1,0.048115355839588855,2742
CC(C)N1CCC(c2ccc(/C(=C(/CCCO)c3ccc(F)cc3)c3ccc(O)cc3)cc2)CC1,0,1,0.14547369339690924,2743
Cc1ccccc1-n1nc(-c2c(-c3ccc(F)cc3)nn3c2NC[C@@H](CO)C3)ccc1=O,0,4,0.1647616762724136,2744
CNC(=O)[C@@]12C[C@@H]1[C@@H](n1cnc3c(NCc4cccc(Cl)c4)nc(C#Cc4ccc(F)c(F)c4)nc31)[C@H](O)[C@@H]2O,0,6,0.13340851521961383,2745
CN1CN(C2CCCC2)Cc2c(O)ccc3oc(-c4ccc(O)cc4)c(c23)C1=O,0,1,0.2377967403536321,2746
Nc1ncc(-c2cccnc2F)cc1C(=O)N[C@H]1CCC[C@@H]1OCc1ccc(-c2ccc3c(c2)CCC[C@@H]3N2CCN(C[C@H](O)CO)CC2)cc1,0,1,0.3046486104079882,2747
COc1ccc(S(=O)(=O)n2cc(C)c3cc(F)ccc32)cc1NC1CCN(C)CC1,1,10,0.4696195148271581,2748
COc1ccc(-n2cc3nc(-c4ccccc4C)n(CC4CCCN(C(C)C)C4)c(=O)c3n2)cc1,0,1,0.16847004970331297,2749
O=C(Nc1scc(-c2ccc(Cl)cc2)c1C(=O)O)c1cc(Cl)ccc1Br,0,2,0.36032654301879175,2750
O=S(=O)(c1ccccc1)c1c[nH]c2c(C3CCN(CCc4c[nH]c5ccc(F)cc45)CC3)cccc12,0,9,0.577605644393825,2751
COc1cc(F)c(O[C@H]2CC[C@@](C)(C(=O)O)CC2)cc1C(=O)N[C@@H]1[C@H]2CC[C@H](C2)[C@@H]1C(=O)NCC1(C)CCC1,0,5,0.1664976912519354,2752
COc1cc(/C=C/c2nc(N)c3ccccc3n2)ccc1-n1cnc(C)c1,1,6,0.5582510596204896,2753
COC1COCCC1N[C@@H]1C[C@H]2C[C@H](N(C)C)C[C@@]2(C(=O)N2CCc3ncc(C(F)(F)F)cc3C2)C1,0,6,0.04010760842725058,685
CCCCN(C)c1nc(N)nc2cnn(Cc3ccc(CNC4CCOCC4)cc3OC)c12,0,6,0.12457792624208999,813
O=C(CCCCCCC(=O)Nc1ccc2ccnc(Nc3cccc(Cl)c3F)c2c1)NO,0,6,0.1320680460024499,989
C[C@@H](c1ccc(C(=O)Nc2ccc(F)cc2N)cc1)n1nc(-c2ccc(CN(C)C)cc2)ccc1=O,0,6,0.14436632599201546,2754
CNC(=O)CCCN(C)C(=O)c1ccc2c(c1)c1c(n2C)CCC(C2CCOCC2)C1,0,1,0.054618724277858126,1555
Cc1noc(C)c1-c1cnc2c3ccc(C(C)(C)O)cc3n([C@H](c3ccccc3)C3CCOCC3)c2c1,0,5,0.32717894475665177,2755
CNC(=O)c1c(-c2ccc(F)cc2)oc2ccc(-c3cc(C(=O)NC4(c5ncccn5)CC4)ccc3C)c(F)c12,0,2,0.14084862663084238,2756
Cc1cc(OCc2c(-c3c(Cl)cccc3Cl)noc2C2CC2)ccc1C1=NOC(c2cccc(C(=O)O)c2)C1,0,3,0.0893710724884147,2757
COc1cc(N2C(=O)N(c3ccc(-c4ccc(C(=O)O)cc4Cl)cc3)C(=O)C23CCN(Cc2ncccc2C)CC3)ncn1,0,3,0.14491495794704926,56
CNC[C@H](c1ccc2ccccc2c1)[C@H](Cl)c1ccccc1,0,7,0.24687009971838117,590
Cn1cc(-c2cnc3ccc4ccc(NS(=O)(=O)N5CCC5)cc4c(=O)c3c2)cn1,0,7,0.10483796914971515,2758
O=C1NCCN1CCN1CCC(c2cn(-c3ccccc3)c3ccc(Cl)cc23)CC1,1,6,0.9232008520576817,628
C[C@@H]1CN(C(=O)c2ccnc(Nc3nc4cnc(Nc5ccc(F)c(C(F)(F)F)c5)cc4[nH]3)c2)C[C@H](C)N1,0,4,0.18301782426904759,2759
Cc1cc(COc2ccc(S(=O)(=O)N(C)C3(C(=O)NO)CN(C(=O)CC(C)C)C3)cc2)c2ccccc2n1,0,3,0.10956899815914706,540
CCc1cc2ncc(CN3CCN(c4ccc(C(=O)NC)nc4F)CC3)cc2[nH]c1=O,0,9,0.007567780860706302,258
O=C1O[C@]2(CC[C@H](c3nc4cc(OC(F)(F)F)ccc4[nH]3)CC2)CN1c1ccc(F)cc1,1,4,0.3619969296179828,2760
CC(C)Oc1ccc(CCC(C)(C)N2Cc3ccc(F)cc3C2)cc1OC(C)C,1,1,0.8415876035752129,70
O=C(Nc1ccc(F)cn1)[C@H](COCCO)Oc1ncnc2c1cnn2-c1c(F)cccc1Cl,0,6,0.01669889630437501,169
COCc1ncn(CC(=O)N2CCN(c3sc(C(F)(F)F)nc3-c3cnc(C(F)(F)F)nc3)C[C@H]2C)n1,1,9,0.8575981513104701,115
CCN(CC(=O)NC1CC1)C(=O)c1ccc2c(c1)c1c(n2C)CCC(C2CCOCC2)C1,0,8,0.09027813833943184,2548
Cc1cc(Cn2cc(-c3ccc(F)c(C(F)F)c3)cn2)[nH]n1,1,2,0.9506794534633203,434
Cc1ccc(OCCCc2cccc(CCCOc3ccc(C)cc3)[n+]2C)cc1,1,5,0.9625141030298948,1777
CN(C)CC(C)(C)COc1cc(NC(=O)N2CCCc3cc(C(F)F)c(C=O)nc32)ncc1C#N,0,9,0.17814332392639357,1895
O=C(NCC1CCN(Cc2ccc(Br)nc2)CC1)c1cc(Cl)cc(Cl)c1,1,7,0.5662477138892701,2761
CC(C)[C@@H](Oc1ccc(CNC(=O)[C@@H]2CCCN2C(=O)CC(N)Cc2c(F)c(F)c(F)c(F)c2F)cc1)C(=O)O,0,5,0.1993109887215597,374
[O-][n+]1ccc(CC(c2ccc(OC(F)F)c(OC3CC3)c2)c2cnc(C(O)(C(F)(F)F)C(F)(F)F)s2)cc1,0,10,0.07796232183610284,2762
N#C[C@H]1C[C@@H](N2CCC2)CC[C@@H]1n1cc(C(N)=O)c(Nc2ccc([C@H](O)C(F)(F)F)cc2)n1,0,3,0.14197663780919326,2763
CC12CCC(C(NC(=O)[C@@H](CC3CCCCC3)NC(=O)N[C@@H](CCCCN)C(=O)O)C1)C2(C)C,0,5,0.18270006633546382,2764
CSc1nc(N2C[C@@H]3[C@H](C2)[C@H]3C(=O)O)ccc1C(=O)NC12CC3CC(CC(C3)C1)C2,0,1,0.1721192727802339,2765
Cc1noc(C)c1Cn1cc(CN(C(=O)[C@H]2CNCC[C@]2(O)c2ccc(F)c(F)c2)C2CC2)c2c(F)cccc21,1,2,0.8047491474835071,1607
Cc1ncnn1CC(=O)N1CCN(c2sc(C(F)(F)F)nc2-c2cnc(C(F)(F)F)nc2)C[C@H]1C,1,7,0.638476555810148,115
COc1nc(-c2csc(Nc3c4c(nn3C)CCC4)n2)ccc1-n1cnc(C)c1,1,1,0.3104415574063607,1755
Cc1ncc(-c2nc(C(F)(F)F)sc2N2CCN(C(=O)Cn3nc(C)nc3C)[C@H](C)C2)cn1,0,4,0.1039736483828252,115
Cn1c(CN2CCC(c3cccc(OCc4ccc(Cl)cc4F)n3)CC2)nc2ccncc21,1,10,0.5183235045515393,2766
O=C(Cc1ccc(O)cc1)N1CC(CNc2ccccc2)C2(C1)CN(c1ccccc1)C2,0,4,0.2689427113024956,2767
COc1nccnc1C(O)c1ccc(F)c(-c2ncnc3cc(N4CCOCC4)cc(F)c23)c1,0,10,0.008409395973154361,247
CNC(=O)c1c(-c2ccc(O)cc2)oc2ccc(O)c(CN3CCCC(F)(F)C3)c12,0,9,0.14069569436456897,2267
O=C1COc2ccc(CNC34CCC(CCc5c(F)cnc6ccc(O)nc56)(CC3)OC4)nc2N1,1,4,0.7486561621542858,265
CO[C@H]1CCN(Cc2c(C)cc(C)c3[nH]ccc23)[C@H](CO)C1,0,4,0.22116364667278077,2768
CN1CCCC(n2nc(Cc3ccc(Cl)cc3)c3ccccc3c2=O)CC1,1,4,0.6877213566422546,2769
Nc1nnc(N2CCC(N3C[C@H](C(=O)NCC(F)(F)F)OC[C@@H]3Cc3ccc(Cl)cc3)CC2)[nH]1,0,9,0.014744525139376456,523
C[C@H]1C[C@H]2CSC(N)=N[C@@]2(c2ccsc2)CO1,0,2,0.06842409433385664,2770
CN(C)S(=O)(=O)N(C)[C@@H]1CCCn2c1nc(C(=O)NCc1ccc(F)cc1)c(O)c2=O,0,6,0.07150066637349688,2771
Cc1cccc(N2CNC(=O)C23CCN(C[C@H](C)NC(=O)c2ccc(Br)cc2)CC3)c1,0,4,0.3331788211367401,2772
CC1(C)CC(NC(=O)C(F)(F)CO)c2cc(-c3ccc(Cl)cc3)c(-c3ccc(Cl)cc3Cl)nc2O1,1,2,0.7772532524295703,737
COc1ccc2nccc(CCN3CCC(NC(=O)c4ccc(I)c(F)c4)CC3)c2n1,1,5,0.5445834757110921,2773
Nc1ncc(-c2ccc(C(=O)O)cc2)nc1-c1ccc(C(F)(F)F)cc1,0,8,0.10439183499034743,2774
Cc1ncc(CN[C@@H]2CCN(CCn3c(=O)ccc4ccc(C#N)cc43)C[C@@H]2F)cc1C#N,0,7,0.1072442546214625,2775
N[C@@H]1CCCN(c2c(/C=C3\SC(=O)NC3=O)cccc2-c2ccccc2)C1,0,3,0.18474233024311815,2776
COc1ccc2nccc(OC[C@@H]3CC[C@@H](NCc4cc(F)c(Br)c(F)c4)CO3)c2n1,0,5,0.44178441377560757,2777
Cc1ccc(Cn2c(C3CNCCS3)nc3ccccc32)cc1,1,5,0.6334704738415954,2778
Cc1ccc2nc(-c3ccc(F)cc3)c(CC(=O)Nc3cccc(F)c3)n2n1,0,8,0.10060551665346529,171
Cc1cccc(-c2cc(C#N)cc(Oc3c(C(F)(F)F)ccn(Cc4n[nH]c(=O)n4C)c3=O)c2)c1,0,7,0.21450280552335546,2779
Cc1ncoc1-c1nnc(SCCCN2CC3CC3(c3ccc(C(F)(F)F)c(F)c3)C2)n1C,1,4,0.9681572116439361,1737
CC(F)(F)c1cc(F)ccc1-c1sc2c(ccc3[nH]ncc32)c1Oc1ccc(NC2CN(CCCF)C2)c(F)c1,0,2,0.17170201686112022,1378
O=c1c2ccccc2nc(-c2ccc(OCCCN3CCCCC3)cc2)n1-c1ccccc1,1,5,0.6140772387752189,2780
CCC(=O)CCCCC[C@H](NC(=O)[C@H]1CC12CCN(CC)CC2)c1ncc(-c2cc3nccnc3cc2OC)[nH]1,0,3,0.039824840204723176,2781
Cc1ncoc1-c1nnc(SCCCN2CC3CC3(c3ccc(Cl)cc3F)C2)n1C,1,2,0.9776896263312856,1737
CN1CCN(c2ccc(Nc3ncc4c(=O)n(-c5c(Cl)cccc5Cl)ccc4n3)cc2)CC1,1,9,0.779027805502419,2782
CC(C)COc1ccc(S(C)(=O)=O)cc1C(=O)N1CCN(c2ccc(C#N)cc2F)CC1,1,4,0.32788968182658473,2783
CC(C)(C)n1cc2c(n1)C(=O)CC1(CCN(C(=O)c3ccc4[nH]ncc4c3)CC1)O2,0,1,0.1045428993461808,2784
O=C(NCc1ccc(F)c(C(F)(F)F)c1)C1c2ccccc2C(=O)N1CCc1ncc(F)cn1,0,10,0.1538536998983172,1306
CC(C)OC[C@H](Oc1ncnc2c1cnn2-c1ccccc1Cl)C(=O)Nc1ccc(F)cn1,0,1,0.010385274938168581,169
Cc1c[nH]c2ncnc(O[C@H]3CC[C@H](N4C[C@@H]5C[C@H]4CO5)CC3)c12,0,6,0.11999323119085614,2785
CC[C@H](C)[C@H](C(=O)O)N1C[C@H](CN2CCC(c3cc(Cc4ccccc4)nn3CC)CC2)[C@@H](c2cccc(F)c2)C1,0,3,0.20929655635839492,1967
CN(CC(N)=O)Cc1nc(-c2cn(CC3CCOCC3)c3c(Cl)cccc23)no1,0,2,0.17539056417389756,2786
C[C@H]1CCN1c1nc(N2C[C@@H]3[C@@H](CC(=O)O)[C@@H]3C2)cc(C(F)(F)F)n1,0,10,0.10664503172896792,2787
O=C(CNC(=O)c1cccc(C(F)(F)F)c1)NC1CN([C@H]2CC[C@@](O)(c3nncs3)CC2)C1,0,10,0.04279866030995881,2788
CN(C)c1ccc(-c2cc3nccnc3c(NCC3CNCC(F)(F)C3)n2)cn1,0,3,0.06509662047343723,775
O=C(O[C@H](CO)C(F)(F)F)N1C[C@@H]2[C@H](C1)[C@H]2c1ccn(-c2ccc(F)cc2)n1,0,6,0.1283861935723196,2789
C#Cc1nc(-c2cc(C(O)c3nccs3)ccc2F)c2ccc(N3CCOCC3)cc2n1,0,5,0.10867642242854418,257
C[C@@H](C[C@@](C)(CS(=O)(=O)N1CCN(c2ccc(F)cc2)CC1)N(O)C=O)c1ncc(F)cn1,0,9,0.09472533115120238,2428
Cc1cc(F)ccc1-c1ccn2c(CC3CC3(F)F)nnc2c1,0,3,0.07834938263668967,705
CCc1nc(C)c(CN2CCC3(CC2)COC2c4cc(Cl)ccc4OC(C)(C)C2C3)[nH]1,1,6,0.8618749701169724,2628
Nc1nc2ccc(SCc3ccc(Cl)c(Cl)c3)cc2s1,0,1,0.18906589038904392,749
O=C(c1ccc(-c2ccc3c(c2)CCN(CCN2CCCC2)C3=O)c(F)c1)N1CCCC1,0,7,0.2027388868180268,2790
COc1ccc([C@]2(O)CC[C@H](N3CC(NC(=O)CNc4ncnc5ccc(C(F)(F)F)cc45)C3)CC2)cn1,0,5,0.05253929411175198,2791
NCc1cc(Cl)ccc1Cn1c(=S)[nH]c(=O)c2[nH]ccc21,0,3,0.1721830972305501,433
C[C@@H](NC(=O)c1ccc(F)cc1)c1ccc2c(n1)CCCN2C(=O)OC1CCC1,0,1,0.1690334144746917,2792
CC(=O)N1CCc2cc(S(C)(=O)=O)ccc2C1C(=O)Nc1ccc(C(O)(C(F)(F)F)C(F)(F)F)cc1,0,2,0.050976436517338804,2793
Cc1cncc(C#Cc2sc(NC(=O)NC[C@H](C)OCC3CC3)nc2C)c1,0,5,0.1556243992343349,2794
COc1cnc(Cl)c(C(O)c2ccc(F)c(-c3ncnc4cc(N5CCOCC5)ccc34)c2)n1,0,9,0.01136085600230725,247
O=C(Nc1ccccc1)NS(=O)(=O)c1ccc(OCCCCN2CCCCC2)cc1,0,2,0.040172362789922963,1356
Nc1nc2cc(-c3nn(Cc4ccc(Cl)c(F)c4)c4ncnc(N)c34)ccc2o1,0,7,0.11769172515692987,2795
Cn1cc(CN2CCc3cc4nc(N)sc4cc3CC2)cn1,0,4,0.10517038535636992,2796
CN(CCOc1ccc(-n2ccc(OCc3ccccc3)cc2=O)cc1)Cc1ccccc1,1,2,0.758400862045145,2797
CN1CC(C#N)(C(O)(c2ccc(OC(F)(F)F)cc2)c2cccc(Cl)c2)C1,1,2,0.7086111621505018,1009
CNC(=O)c1c(-c2ccc(F)cc2)oc2cc(N(C)S(C)(=O)=O)c(-c3ccc4c(n3)-c3cc5c(F)cccc5n3CN4)cc12,0,6,0.12123919506762507,2798
CC(C)NC(=O)[C@H]1CN(C2CCN(c3nnc(N)[nH]3)CC2)[C@@H](Cc2ccc(Cl)cc2)CO1,0,10,0.009873908898381422,523
FS(F)(F)(F)(F)c1cccc(-c2cnn(Cc3cc[nH]n3)c2)c1,1,9,0.804176084716677,59
Cc1cc(-c2ccc(C(=O)[C@@H]3CCCC[C@H]3C(=O)Nc3cn(C)nc3C(N)=O)c(F)c2)[nH]n1,0,7,0.07817725330802067,488
CC(=O)N1Cc2cc(S(=O)(=O)NC3CC3)ccc2C1C(=O)Nc1ccc(C(O)(C(F)(F)F)C(F)(F)F)cc1,0,3,0.026444679965426435,2799
C/C(Nc1cccc(F)c1)=C(/C#N)C(N)=O,1,7,0.1630475883862377,156
Cc1ncoc1-c1nnc(SCCCN2CC3CC3(c3cccc(OC(F)(F)F)c3)C2)n1C,1,9,0.9736225739903975,1737
Cc1ncoc1-c1nnc(SCCCN2CCC3(CCc4c(Br)cccc43)C2)n1C,1,6,0.9315617869909261,1678
Cc1nn(C)cc1-c1nc2c(N3CCN(Cc4ncon4)CC3)c(Cl)cnc2[nH]1,0,4,0.09068849219293149,2800
COC1COCCC1N[C@@H]1C[C@H]2CN(C(=O)OCCN3CCCC3)C[C@@]2(C(=O)N2CCc3ncc(C(F)(F)F)cc3C2)C1,0,9,0.04970640233394213,2801
CS(=O)(=O)c1ccc([C@@H](CC2CCCC2)C(=O)Nc2cnc([C@H](O)CO)cn2)cc1Cl,0,8,0.10778874701406717,2802
C=CC(=O)N[C@H]1CCOC[C@H]1Nc1ncc2cc(-c3c(Cl)c(OC)cc(OC)c3Cl)ccc2n1,0,1,0.14110469840099418,2803
C[C@@H]1CCCN1CCc1ccc2nc(-c3ccc(C#N)s3)ccc2c1,1,8,0.48690092354101894,2804
Cc1ncc(-c2nc3c(-c4ccc5c(c4)[C@@]4(CCCN4C(=O)C4CC4)C(=O)N5C)ncnc3n2C)cn1,0,9,0.16625995247169773,2805
Clc1cccc(N2CCN(CCCCOc3cc4ccccc4cn3)CC2)c1Cl,1,4,0.8810267698370918,2806
NC[C@H](c1ccc2ccccc2c1)[C@@H](O)c1ccncc1Cl,0,8,0.16450719595923358,2807
O=C1c2nc3cccc(Cl)c3n2CCN1CC1CC1,0,5,0.09326269000833505,536
CCCCC(N1CCOCC1)C(O)(c1cccnc1)c1cccnc1,0,10,0.1670525266394647,400
Cc1ncoc1-c1nnc(SCCCN2CCC3(c4cccc(C(F)(F)F)c4)CC3C2)n1C,1,5,0.9891066813459819,2210
Cn1c(NC2CCN(CCc3ccc(C(=O)N4CCNCC4)cc3)CC2)nc2ccccc21,0,1,0.390739164509312,2808
CNC[C@H](c1ccc(Cl)c(Cl)c1)[C@@H](O)c1ccccc1[N+](=O)[O-],0,3,0.15471153139022203,539
CC(=O)N1CCC(CCn2nc(-c3ccc4[nH]ccc4c3)c3c(N)ncnc32)CC1,0,6,0.16291352091126837,2809
Cc1c(N)cccc1C[C@@H](C)NC(=O)C(F)(F)F,0,9,0.09145170388231243,156
CN1CCC(O)(CNC2=NC(=O)/C(=C/c3csc(-c4ccc(OC(F)(F)F)cc4)n3)S2)CC1,0,3,0.22991178740639057,2810
C[C@@H](C(N)=O)[C@H](N)c1cn2cc(C(C)(C)C)ccc2n1,0,5,0.06027066997201736,2811
Cc1cccc(CN(C(=O)[C@H]2CNCC[C@@]23OCc2cc(F)c(F)cc23)C2CC2)c1C,0,7,0.20815705265928766,828
N#Cc1cccc(NP(=O)(c2ccccc2)c2ccccc2)c1,0,1,0.3909756219191432,2812
CN1CCC(CNc2ccc3ncc(-c4cccc(OC(F)(F)F)c4)n3n2)CC1,1,10,0.27158433035427365,2813
CC(C)(C)NC(=O)C1c2ccccc2C(=O)N1Cc1ccccc1-c1ccccc1,0,9,0.020836945455143172,422
COC1COCCC1N[C@@H]1C[C@H]2CN(C3CC3)C[C@@]2(C(=O)N2CCc3ncc(C(F)(F)F)cc3C2)C1,0,6,0.026827066003762407,2814
O=C(NC1CCN(Cc2cc3c(cc2Cl)OCO3)CC1)c1cc(=O)c2ccc(F)cc2o1,1,7,0.691676413800458,481
COc1cc(C)nc(Nc2cc(N[C@@H]3CS(=O)(=O)CC[C@@H]3N)cnc2C(N)=O)c1,0,9,0.15390097931915772,2815
CC1CCN(Cc2ccc3c(c2)Cc2c(-c4csc(C#CCOc5ccccc5)c4)n[nH]c2-3)CC1,1,8,0.3800472200706146,2816
CCOP(=O)(Cn1ccc(NC(=O)c2cc(Oc3ccc(S(=O)(=O)C(C)C)cc3)cc(OC(C)C)c2)n1)OCC,0,5,0.024845601336269677,1831
Nc1ccccc1NC(=O)c1ccc(N2CCC3(CC2)CNc2ccccc23)nc1,0,4,0.22655286241605532,2817
Cc1nccc(Nc2cc(N[C@@H]3CCN(c4ccc(C#N)cn4)C[C@@H]3F)c(C(N)=O)cn2)n1,0,1,0.17007942955673558,2577
CC1=C(C(=O)O[C@H](C)c2ccccc2)C(c2ccc3c(cnn3C)c2)C(C(=O)O[C@H](C)c2ccccc2)=C(C)N1,0,10,0.24006342185304647,2818
COc1cc(OC)c(F)c(COc2cnc(Nc3cnc(N4CCC(N5CCN(C)CC5)CC4)nc3)nc2)c1F,0,9,0.13443028202245225,2819
c1ccc(Nc2nc3c(s2)CCc2n[nH]cc2-3)nc1,0,6,0.0758871926986965,2820
FC(F)(F)c1nc(OC2CCN(Cc3cscn3)CC2)c2ccn(Cc3ccccc3)c2n1,1,4,0.7802849593793901,456
NS(=O)(=O)c1ccc(Oc2ccc3ccc(=O)n(CCN4CCC(NCc5ccc6c(n5)NC(=O)CO6)CC4)c3n2)cc1,0,6,0.06108046928232847,2821
CNC(=O)Nc1ccc(O)cc1OC[C@@H](O)CN1CCC2(CC1)Cc1cc(F)ccc1O2,0,4,0.3635630464229101,103
COCc1ccc(CCN2CCC(COc3nc4ccccc4c4cn(C)cc34)CC2)cc1,1,8,0.8376720789198145,2505
COc1ccc(Cn2c(=O)n(C)c3c4cc(-c5cnc(OC)c(NS(C)(=O)=O)c5)ccc4ncc32)cc1,0,1,0.22477208963906928,2822
C[C@H](Oc1cc2cc(F)cc(F)c2nc1N)c1[nH]c(=O)ccc1-n1cccn1,0,7,0.08296288861643591,773
COc1nc(C)ccc1-c1cnc2sc(N3CCC(O)(CN)CC3)nn12,0,1,0.03051421261570526,1298
Cc1nsc(-c2nnc3n2CCN(C(=O)c2ccc(C(F)(F)F)cc2)[C@@H]3C)n1,0,2,0.05423062115023611,638
COCCOc1cncc(-n2c(=O)[nH]/c(=N\c3cc4cn(C)nc4cc3Cl)n(Cc3cc(Cl)c(F)cc3F)c2=O)c1,0,3,0.12096887602682983,1524
O=C1NCCN1CCN1CCC(C2CN(c3ccc(F)cc3)c3ccccc32)CC1,1,10,0.6376000455012778,2823
CC(C)(C)c1ccc(C(=O)CCCN2CCC(OC(c3ccccc3)c3ccccc3)CC2)cc1,1,2,0.6825858603480845,2824
O=C(Nc1cnn2cccnc12)[C@@H]1CCCC[C@H]1C(=O)c1ccc(-c2cc[nH]n2)cc1,0,8,0.08246337322949308,2825
CC(=O)O[C@]12C[C@@H](C)[C@H](OC(=O)c3ccccc3)[C@@H]1/C=C(\C)[C@H](O)C[C@H]1[C@@H](/C=C(\C)C2=O)C1(C)C,0,7,0.16112213936426728,2826
Cc1ccc2c(-c3nnc(SCCCN4CCc5cc6nc(C(C)(C)C)oc6c(C)c5CC4)n3C)cccc2n1,1,6,0.947122188251639,803
CC(C)(C)S(=O)(=O)c1cc2c(Nc3ccc4scnc4c3)ncnc2cc1OCCOP(=O)(O)O,0,7,0.10620018551438574,2827
CC(=O)N(C)C1CCC([C@H](C(=O)N(C)C)[C@H](N)C(=O)N2CC[C@H](F)C2)CC1,0,4,0.049578587209054045,648
CCS(=O)(=O)N1CC(CC#N)(n2cc(-c3ncnc4[nH]ccc34)cc2C#N)C1,0,1,0.06638125247687543,2828
CCOC(=O)c1ccc(-c2ccc(OCCCN3CCCCC3)cc2)cc1,1,2,0.6006609618788925,2829
CNC1CN(c2nc(N)nc3cc(C4CCCC4)ccc23)C1,1,4,0.08913419268412562,2830
CC1OC2(CCN(CCc3ccccc3)CC2)CN(Cc2ccccc2)C1=O,1,4,0.802154005023248,2831
CCOP(=O)(Cn1ccc(NC(=O)c2cc(Oc3cnc(C(=O)N(C)C)cn3)cc(OC(C)C)c2)n1)OCC,0,3,0.04110740438274822,2832
C[C@@H](c1cn(-c2ccc(Cl)cc2F)nn1)[C@](O)(Cn1cncn1)c1ccc(F)cc1F,0,7,0.19276039413443763,2833
CCOc1ccccc1C(=O)N(CC1CCC1)[C@H]1CCNC1,0,4,0.13215790759896118,1764
CN(C)c1ccc(-c2cc3nccnc3c(NC[C@H]3CNCCC3(F)F)n2)cn1,0,3,0.05538217597333483,775
C[C@@H]1Cc2c(ccc3[nH]ncc23)[C@@H](c2ccc(NC3CN(CCCF)C3)cn2)N1CC(F)(F)CO,1,9,0.8215129286260354,420
O=C(NCCN1CCCC1)c1cc(NCCC2CCOCC2)nc2ccc(Cl)cc12,0,9,0.27932416662352155,2834
CCC(=O)CCCCC[C@H](NC(=O)Cn1ccnn1)c1ncc(-c2cc3ccccc3nc2OC)o1,0,4,0.17701042955917887,2835
CC(=O)N1CCC(n2ncc(Nc3ncc(Cl)c(-c4cnn5ccccc45)n3)c2C)CC1,0,2,0.07627075634434868,93
O=C1NCc2ccc(OCCCCN3CCN(c4cccc5cc(F)ccc45)CC3)cc21,1,3,0.8593128932055568,2836
CC1CN(C[C@H]2CN(C3CCN(c4nnc(N)[nH]4)CC3)[C@@H](Cc3ccc(Cl)cc3)CO2)C1,0,8,0.02802326945822095,2837
Cc1cc(F)cnc1C(=O)Nc1csc([C@]23CO[C@@H](C)C[C@H]2CSC(N)=N3)n1,0,6,0.08408247358715906,1191
Cc1ccc2c(N3CCN(CCc4cccc5c4OCc4cncn4-5)CC3)cccc2n1,1,3,0.7336633994537723,1775
CS(=O)(=O)n1cc2c(n1)CN([C@H]1CO[C@H](c3cc(F)ccc3F)[C@@H](N)C1)C2,0,7,0.048428389799501,1474
Cc1nccc(-c2cc3[nH]nc(NC4CCN(C)CC4)c3cc2C2CC2)c1F,0,8,0.4116301099559728,2291
COc1cc(CNC2CCOCC2)ccc1Cn1ncc2nc(N)nc(N[C@H](CCO)C(C)C)c21,0,1,0.02765298899760237,813
CCN(CC)C(=O)c1ccc(C2=CC3(CCNCC3)Oc3ccccc32)nc1,0,1,0.21050345570922682,2838
CC(=O)c1ccc(S(=O)(=O)c2c(C)c(C(=O)O)n(CCCOc3cc(C)c(Cl)c(C)c3)c2C)cc1,0,1,0.18780327763876128,2839
O=C(c1ccc(F)cc1F)N1CCN(c2ccc(OC3CCN(C4CCCC4)CC3)cc2)C(=O)C1,0,6,0.1707020489833386,915
COc1ccc2c(c1)[C@]13CCCC[C@@H]1[C@H](C2)N(C)CC3,0,1,0.33839285855864715,927
Cn1ccc([C@H]2CCNC[C@@H]2C(=O)N(Cc2cccc(Cl)c2Cl)C2CC2)cc1=O,0,3,0.22326468545555395,309
CCN(CC)C(=O)c1ccc(C(=C2CCN(Cc3cscn3)CC2)c2ccccn2)cc1,0,7,0.2586497849633394,243
Cc1nc2ccccc2n1C1CC2CCC(C1)N2CCC1(c2ccccc2)CCN(C(=O)C(C)(C)C(=O)NS(C)(=O)=O)CC1,0,5,0.09066891926246247,2840
COc1ccc(C2(c3cccc(-c4cncnc4)c3)CCC(N)=N2)cc1,0,5,0.2002178040921453,2841
N[C@@H](Cn1c(=O)ccc2ncc(F)cc21)[C@H]1CC[C@H](NCc2ccc3c(n2)NC(=O)CO3)CC1,0,8,0.04238596828656076,1875
Cc1cc(=O)c2c(F)cncc2n1-c1c(Cl)cc(C#N)cc1Cl,0,9,0.2298494157126126,2842
COc1cccc2c1nc(N)n1nc(CN3CCN(c4ccc(F)cn4)C[C@H]3C)nc21,0,8,0.03504264611566344,1799
CC(C)S(=O)(=O)N[C@H]1CN(C)C[C@@H]1c1ccc(-c2cccnc2)cc1,0,7,0.31381662413334993,2843
Cc1cc(C2CC=CCN(C)C2)ccc1Cl,0,4,0.3003282215647602,1943
Cn1cc(Cc2ccc3c(-c4cnn(C)c4)cc(C(N)=O)nc3c2)cn1,0,2,0.06677698611999328,2844
CNC(=O)c1nn(C)c2ccc(Nc3nccc(-n4cc(N[C@@H]5CCOC[C@@H]5N)c(C)n4)n3)cc12,0,1,0.050952953837876507,1899
O=C(NCC1CCOCC1)c1n[nH]c2ccc(-c3cnccc3CN3CCNCC3)cc12,0,9,0.06749337369657613,2845
Cc1cc(-c2ccc3c(c2)CCN(CCCSc2nnc(-c4ccc(C(F)(F)F)cc4)n2C)CC3)no1,1,2,0.9975375474479612,976
C[C@H](NC(=O)c1cn(C)c2ccc(-c3ccn4nc(NC(=O)C5CC5)nc4c3)cc12)c1cccc(F)c1,0,6,0.19624367952344837,2846
COc1cc(N2CCNC(=O)C2)ccc1Nc1ncc(Cl)c(-c2cnc3ccccn23)n1,0,2,0.13732394845584112,2847
CC(C)(CO)Cn1nc(-c2ccc3cc(OC4CC4)ccc3c2)c(C(N)=O)c1N,0,5,0.06270068588982772,1137
CCNC(=O)c1cc(Cc2cccc3[nH]ccc23)nc(-c2cn(C)nn2)c1,0,3,0.09315306220049464,2848
C[C@@H](c1cc(OCC(F)F)ccn1)n1cnc2c(N)nc(Cl)nc21,0,6,0.149975114471016,2849
CCc1nn2c(C)cc(C)nc2c1Cc1ccc(CCCC2(O)CCNCC2)cc1,0,8,0.397369300185764,2850
CC(=O)NCCc1ccccc1-c1noc([C@H]2CNCC[C@]2(O)c2ccc(F)c(F)c2)c1Br,0,10,0.14989555476380903,2851
Cc1cccc(C2CCN(CCNC(=O)C3CCOCC3)CC2)n1,0,10,0.0293541604767984,2852
COc1ccc(-n2nc(C(C)=O)s/c2=N\c2nc(-c3ccccc3)cc(-c3ccccc3)c2C#N)cc1,0,6,0.09846197879713987,2236
Cc1ncoc1-c1nnc(SCCCN2CC[C@]3(C[C@H]3c3ccc(C(F)(F)F)cc3)C2)n1C,1,3,0.996534638164246,1217
C[C@@H]1CCCN1CCc1ccc2nc(-c3ccn[nH]3)ccc2c1,0,10,0.2950736014772813,2853
COc1cnc(-c2ccccn2)nc1NCc1ccccc1F,0,2,0.17567933814062514,2854
COc1c(Nc2ncc(Cl)c(Nc3ccccc3S(=O)(=O)N(C)C)n2)ccc2c1CCCC(N1CCN(CCO)CC1)C2,1,1,0.17104655423835863,2855
COc1c(F)cc2cc1Nc1ncc(C(F)(F)F)c(n1)NCCCN(C)C2=O,0,5,0.1348461833034078,356
C=CCc1ccccc1OC(C)C1=NCCN1,0,2,0.1987456141796833,2856
Cc1n[nH]c2ncnc(NC3CCN(CC(F)(F)c4ccc(C(F)(F)F)cn4)CC3)c12,0,9,0.19826975244465547,1078
Nc1nc2c(C(=O)N[C@@H]3CN4CCC3CC4)cccc2o1,0,3,0.31101100187987024,2857
Cn1nc(C(=O)O)cc1COc1cccc([C@@H](NC(=O)O[C@H]2CN3CCC2CC3)c2ccccc2)c1,0,9,0.148127286490641,2858
COC1COCCC1N[C@@H]1C[C@H]2CCC[C@@]2(C(=O)N2CCc3ccc(Br)cc3C2)C1,0,9,0.09639810681106041,689
Cc1c([C@@H](O)CN2CCC3(CC2)CCN(c2ccc(S(C)(=O)=O)cn2)C3)ccc2c1COC2=O,0,5,0.036236912888799565,505
O=C(O)COc1ccccc1N1CCC(CN2CCC(Oc3ccc(Cl)c(Cl)c3)CC2)CC1,0,4,0.13135043399638266,692
CC1(C)CC(Oc2ccc(-c3ccc(-n4cccn4)cc3O)nn2)CC(C)(C)N1CC(F)(F)F,0,1,0.3963973665144683,1291
O=C1COc2ccc(CNC3CCN(CCn4c(=O)ccc5ncc(OCc6ccccn6)cc54)CC3)nc2N1,0,10,0.05428494067688808,2859
COCCCc1cc(CN(C(=O)[C@H]2CNCC[C@@H]2c2cccnc2)C2CC2)cc(OCCOC)c1,0,8,0.2644802769275072,2860
FCCCN1CC(Oc2ccc(Oc3c(-c4ccc(F)cc4CC(F)(F)F)sc4c3ccc3[nH]ncc34)cc2F)C1,0,6,0.17265571405866442,1486
C[n+]1c(C#CCOc2ccccc2)cccc1C#CCOc1ccccc1,0,3,0.6406825581796335,2861
CNCC(CCc1ccccc1)[C@H](O)c1ccccc1,0,6,0.42184162512327306,2862
CS(=O)(=O)N(Cc1ccc2ccccc2c1)[C@H]1CCNC1,0,6,0.22550626988949105,2863
CN(C)c1nc(=O)n(-c2cccnc2)c2cc(Cl)ccc12,0,7,0.09686344648385987,2864
Cc1cc(Cl)ccc1OC1CCN(CC2CCN([C@@H](Cc3ccc(F)cc3)C(=O)O)CC2)CC1,0,2,0.0939129368171034,234
Cc1cc(C)n(Cc2ccc(C(=O)NCC3(c4nc(-c5ccccc5)cs4)CCOCC3)cc2)n1,0,9,0.27654981233218784,2865
c1ccc(CCN2CCC(c3c(-c4ccccc4)[nH]c4ccccc34)CC2)cc1,1,2,0.9167695367026424,2866
CNc1ncc(/C=C2\C[C@H]3[C@@H]4CC[C@H]5N(C)C(=O)C=C[C@]5(C)[C@H]4CC[C@]3(C)[C@H]2O)cn1,0,1,0.2858524527654027,2867
O=C(c1ccc(F)cc1)N1CCN(CCn2c(=O)[nH]c3ccccc3c2=O)CC1,1,1,0.1617558432022521,2868
C[C@@H]1Cc2c(ccc3[nH]ncc23)[C@@H](c2ccc(NC3CN(CCCF)C3)nc2F)N1CC(F)(F)F,1,10,0.9193361147447379,2869
O=C1OCCN1C1CCN(Cc2ccc(Oc3nc4ccccc4s3)cc2)CC1,0,4,0.2785070285468229,2870
COc1ccc([C@@H](O)c2cc(-c3ncnc4cc(N5CCOCC5)ccc34)c(F)cc2Cl)nn1,0,5,0.0,465
N[C@H]1C[C@@H](N2Cc3cn(S(=O)(=O)C4CC4)nc3C2)CO[C@@H]1c1cc(F)ccc1F,0,3,0.0803279553286127,2871
CC(C)c1ccc(-c2cc(CN3CCOCC3)nn2C2CCCCC2)cc1,0,10,0.23946875344186258,2872
Cn1c(NC2CCN(CCc3ccc(-c4nc(C(=O)O)no4)cc3)CC2)nc2ccccc21,0,3,0.5192938178432981,999
N[C@H](C(=O)N1CCCC1)[C@H]1CC[C@H](NC(=O)c2ccc(F)c(F)c2)CC1,0,9,0.07355357098466725,2873
Cc1n[nH]cc1-c1cc(C(F)(F)F)cc(S(=O)(=O)N2CCN(C(=O)[C@@H]3C[C@H]3c3ccc(C(F)(F)F)cc3)CC2)c1,1,7,0.6513724766600354,1487
COc1ccc2ncc(=O)n(C[C@H](N)[C@H]3CC[C@H](NCc4ccc5c(n4)NC(=O)CO5)CC3)c2c1,0,8,0.020011246062542263,2874
Cc1ccc(-n2c(-c3ncccc3Cl)nc(CNC3CCCC3)c2C)cn1,0,8,0.13252256478033728,2875
NC(=O)c1cc(Cl)c2c(Cl)c(C#CC3CC3)n(C3CCCNC3)c2n1,1,5,0.7997986262059433,2876
O=C(c1cccc(Cl)c1Cl)N(C1CCCC1)[C@H]1CCNC1,0,5,0.0803721563754734,1709
COc1cc(-c2cn(C3CCc4ccccc4N(Cc4ccccc4)C3=O)nn2)ccc1-n1cnc(C)c1,1,3,0.5661798795849701,2877
CN(C)Cc1ccc(Oc2ccc(-c3ccn[nH]3)cn2)cn1,0,2,0.1845428880585875,2878
Fc1ccc(-c2c[nH]c([C@H]3Cc4c([nH]c5ccccc45)C(c4ccccc4)(c4ccccc4)N3)n2)cc1,1,2,0.7538394661087268,2879
CCC(c1nc2cc(Cl)ccc2[nH]1)[C@H]1[C@@H]2C[C@@H](c3ccnc4ccc(F)cc34)C[C@@H]21,1,4,0.4969748207146573,2880
COc1ncc2cc1NS(=O)(=O)c1cccc(c1)C(=O)NCc1cncc(c1)-c1cnc3ccc-2nn13,0,5,0.07733409460547748,2881
NS(=O)(=O)OC[C@@H]1C[C@@H](n2ccc3c(N[C@H]4CCc5ccccc54)ncnc32)C[C@@H]1O,0,7,0.13912680988476392,2882
Cc1nccn1CCN1CCC2(CC1)COC1c3cc(F)ccc3OC(C)(C)C1C2,1,1,0.8085309138254314,238
O=C(O)C[C@H](CN1CC[C@@H](CCc2ccc3c(n2)NCCC3)C1)c1cccc(-n2cccn2)c1,1,8,0.02260189969412968,1011
Cc1c([C@@H](O)CN2CCC3(CC2)CCN(c2ccc(=O)n(C(F)F)n2)C3=O)ccc2c1COC2=O,0,5,0.06167035123828743,61
N#Cc1c(-c2ccccc2)cc(-c2ccccc2)nc1/N=C1\SCC(=O)N1c1ccccc1,0,6,0.329714905735342,2883
CCNc1cc(C(F)(F)F)cc(COCC2(c3ccc(F)cc3)CCN(C)CC2)n1,0,5,0.15485619955226512,214
N#Cc1ccc(C(=O)Nc2ccc([C@H]3CNCCO3)cc2)cn1,0,1,0.07924230702572374,1083
O=c1ccc2ncc(F)c3c2n1C[C@@]3(O)CC12CCC(NCc3ccc4c(n3)OCCO4)(CC1)CO2,0,2,0.045415647386585364,2884
CSc1ccccc1C(=O)N(CC1CCC1)[C@H]1CCNC1,0,7,0.09515150695956547,1764
CS(=O)(=O)c1ccc2c(c1)CN(C(=O)CO)C2C(=O)Nc1ccc(C(O)(C(F)(F)F)C(F)(F)F)cc1,0,3,0.025626912807967785,2449
CC(C)OC(=O)C1=CN(C(=O)c2ccc(OCCN3CCOCC3)cc2)CC(C)(C)c2c1[nH]c1cc(F)ccc21,0,7,0.15788621734129046,2885
Cc1n[nH]c(C)c1Cn1cc(-c2ccc(Cl)c(OC(F)F)c2)cn1,1,7,0.9369666253891282,554
Cc1nc([C@]2(c3cnn(C)c3)N[C@@H](c3nc(-c4ccc(F)cn4)c[nH]3)Cc3c2[nH]c2ccccc32)no1,0,5,0.24492374875430603,2886
CCC(=O)CCCCC[C@H](NC(=O)[C@H]1CC12CCN(C)CC2)c1ncc(-c2cc3ccncc3nc2OC)[nH]1,0,3,0.037805292144733216,2887
COc1ccccc1-c1noc(-c2nnn(Cc3ccc(CN4CCOCC4)cc3)c2N)n1,0,9,0.1358154638354132,2888
CNc1ccc(/C=C/c2c(F)cccc2Cl)cn1,0,2,0.14437899744703753,2889
CCCc1cc(-c2cc(C(=O)N(C)Cc3ccccc3)cc(C(F)(F)F)c2)nc(C#N)n1,1,1,0.5300525106793779,83
CCc1cc(-c2ccccc2)cc(S(=O)(=O)c2cnc(CN)s2)c1,0,4,0.1817309250277538,2890
Cc1ccc(N(CC2=NCCN2)c2cccc(O)c2)cc1,0,2,0.2308981044914537,2891
Cc1nc(C)c(-c2ccc(N3C(=O)N(c4cc(O)ncn4)C4(CCN(Cc5ncccc5C)CC4)C3=O)cc2)s1,1,4,0.37168113571805766,2892
CN1CCN(CCCCN2C(=O)CN(/N=C/c3ccc(-c4ccc(Cl)cc4)o3)C2=O)CC1,1,7,0.4449106861908242,2893
CC(C)N(CCc1c(C(C)(C)O)[nH]c2ccccc12)Cc1ccc(/C=C/C(=O)NO)cc1,0,1,0.23877919788916727,605
Cc1ccc(-c2nnc(SCCCN3CC[C@]4(C[C@@H]4c4ccc(C(F)(F)F)cc4)C3)n2C)c(C)n1,1,9,0.9749810687237952,1073
O=C(NCc1ccc(OC(F)(F)F)cc1)C1c2ccccc2C(=O)N1CCc1ncccn1,0,7,0.07090305002971688,1306
N#Cc1ccc(COc2cccc(N3CCN(Cc4nc5ccc(C(=O)O)cc5n4C[C@@H]4CCO4)CC3)n2)nc1,0,10,0.07617544993484429,359
CO[C@@H]1COCC[C@@H]1N(C)[C@@H]1CC[C@@](C(=O)N2CCN(c3cc(C(F)(F)F)cnn3)CC2)(C(C)C)C1,0,1,0.13167800564416635,2685
Cc1cc(F)ccc1-c1cc2c(cn1)ncn2-c1cnc2c(cnn2C)c1,0,3,0.3985917256910861,2894
COc1cc(OC2CN(CCCF)C2)ccc1[C@@H]1c2ccc3[nH]ncc3c2C[C@@H](C)N1CC1(F)CC1,1,8,0.9697262651724109,2895
CC#CCn1c(N2CCC[C@@H](N)C2)cc(=O)n(Cc2ccc3ccc(Cl)cc3n2)c1=O,0,5,0.2196194162095018,2896
CCOc1cc(CN2CCC3(CC2)CC(Cc2ccc(F)cc2)C(=O)O3)cc(OCC)c1-c1ccc(F)cc1,1,6,0.6462225506452299,2897
O=C(Nc1ccccc1)c1ccc(-c2ccc(OC3CCNCC3)cc2)s1,0,1,0.22423045327570554,2898
C[S+](=N)([O-])c1ccc(C2=C(c3ccccc3)C(=O)OC2)cc1,0,2,0.1864043838267906,2899
CS(=O)(=O)c1ccc2nc(N3CCN(C(=O)[C@@H]4CCCC[C@H]4C(=O)NC4(C#N)CC4)CC3)sc2c1,0,2,0.04819909352914717,2900
COc1cc(OC(F)F)c2nc3c(n2c1)C[C@@H](C(C)(C)C)c1cc(C(=O)O)c(=O)[nH]c1-3,0,10,0.1421718604643073,2901
CC(C)(C)CCc1ccc2c(c1)[C@]1(COC(N)=N1)c1cc(-c3cncnc3)ccc1O2,1,9,0.4353177286859206,741
CN1CCOc2c1cnn1c(-c3ccc4c(F)c(F)cc(NCC5(F)CCNCC5)c4n3)nnc21,0,1,0.07337568339063666,459
O=S(=O)(Nc1ccc(CCNC[C@H](O)c2cccnc2)cc1)c1ccc(-c2nc(-c3ccc(C(F)(F)F)cc3)cs2)cc1,1,5,0.37006926420715175,2902
O=C(Cn1cc(Nc2nncc3cc(OCCCN4CCC[C@@H]4COP(=O)(O)O)ccc23)cn1)Nc1cccc(F)c1F,0,8,0.17617426114598178,2903
N[C@H](C(=O)N1CC[C@@H](F)C1)C1CCCCC1,0,2,0.052186601485208296,1912
CC(C)Oc1ccc(-c2nc(-c3ccc4c(c3)CCN(C(CO)CO)CC4)no2)cc1C#N,0,1,0.10115095045855813,2904
CN(C)[C@@H]1CCN(c2ccc(-n3cnc(Nc4cnc(C#N)cn4)c3)cc2)C1,0,3,0.22896094271176431,2905
COc1cnc(-c2ccccn2)nc1NCc1c(F)cc(F)cc1F,0,6,0.17962101732783034,2854
O=C(O)c1ccccc1-c1ccc(CN2CCC(COC(=O)c3c4n(c5ccccc35)CCCO4)CC2)cc1,0,7,0.41300698344900455,1458
Cn1c(N2CCC(C)(N)CC2)nc2[nH]nc(-c3cccc(Cl)c3Cl)c2c1=O,1,2,0.6802952602967627,2906
COc1cc2c(cc1OC)[C@H](C[C@H](O)c1ccc(Cl)cc1)N(C)CC2,1,4,0.541690284794567,413
C[S+]([O-])c1ccc(-c2cnc3ccc(Nc4cccc([S+](C)[O-])c4)nn23)cc1,0,8,0.16436026170528703,1019
Clc1ccccc1-c1ncccc1CC(c1cccnc1)c1cccnc1,0,5,0.08078395405297804,1423
CCOc1cc(NC2CN(CCCF)C2)ccc1[C@@H]1c2ccc3[nH]ncc3c2C[C@@H](C)N1CC1(F)CC1,1,8,0.947329945047516,2067
Cc1cc(C(=O)O)ccc1-c1ccc(N2C(=O)N(c3ncccn3)C3(CCN(Cc4ncccc4C)CC3)C2=O)cc1,0,3,0.0866590110543453,738
FC1CN(C2COC2)CCC1c1cc2nc(Nc3cnn(C4CC4)c3Cl)ncc2cc1Cl,0,2,0.27326839699009153,1897
CC(=O)c1ccc(NC(=O)NS(=O)(=O)c2ccc(OCCCN3CCCC3)cc2)cc1,0,7,0.06036531372472957,1586
CC(C)NCCN1CCCc2cc(NC(=N)c3cccs3)ccc21,0,7,0.16795684224482124,2227
Nc1ncc(-c2cc3ccccc3o2)c(N2CCC3(CCNC3=O)CC2)c1Cl,0,5,0.2566962555710721,1986
c1cnc2c(NC[C@H]3CCCNC3)nc(-c3cn[nH]c3)cc2n1,0,8,0.05835682394887711,2443
CCCS(=O)(=O)N1CC(CC#N)(n2cc(-c3ccnc4[nH]ccc34)cn2)C1,0,9,0.03896031506654181,771
FCCOc1ccc(CCN2CCC(CCc3ccccc3)CC2)cc1,1,1,0.9670588707134504,499
c1ccc([C@H]([C@@H](c2ccccc2)N2CCCCC2)N2CCCCC2)cc1,0,2,0.4516109201694664,2907
COC1COCCC1N[C@@H]1C[C@H]2C[C@@H](Cl)C[C@@]2(C(=O)N2CCc3ncc(C(F)(F)F)cc3C2)C1,0,4,0.035821285611679826,685
O=C(Nc1cc(Cl)ccc1Cl)NS(=O)(=O)c1ccc(OCCN2CCCCC2)cc1,0,3,0.06633629282698471,1971
O=C(CNC(=O)c1cccc(C(F)(F)F)c1)NC1CN([C@H]2CC[C@](O)(c3ccc4c(c3)OCC4)CC2)C1,0,8,0.0662698442309075,2908
Sc1nc(-c2ccccc2)cn1/N=C/c1cccc2ccccc12,1,2,0.4927984667905448,2909
C[C@H]1C[C@H](C(=O)O)CC[C@H]1NN1CC[C@@]2(S(=O)(=O)c3ccc(F)cc3)c3ccc(C(F)(C(F)(F)F)C(F)(F)F)cc3CC[C@@H]12,0,4,0.15039458762880722,2910
O=C(Nc1ccc(-c2nnc(NCCCN3CCOCC3)o2)cc1)c1ccccc1F,0,10,0.03163615990480515,2374
CC(C)(NC(N)=O)c1nc(-c2ccc(OC(F)(F)F)cc2)c[nH]1,0,10,0.09101413169439235,2076
O=C1c2ccccc2C(Cc2ccnc(F)c2)(Cc2ccnc(F)c2)c2ccccc21,0,4,0.2838025695439286,2401
CNC[C@H](c1ccc2ccccc2c1)[C@@H](F)c1ccccc1,0,6,0.22121425777516193,590
CC(C)(O)c1ccc(C(Cc2ccc[n+]([O-])c2)c2ccc(OC(F)F)c(OC3CC3)c2)cn1,0,10,0.13623950573686938,2911
COc1ccc(NC(=O)Cn2cc(CCNS(=O)(=O)c3ccc(OC)cc3)c3ccccc32)cc1,0,1,0.15440604293365032,166
C[C@@H]1Cc2c(ccc3[nH]ncc23)[C@@H](c2ccc(OC3CN(CCCF)C3)cn2)N1CC(F)F,1,5,0.9199735790726536,756
O=C1c2ccccc2C(Cc2c(F)cncc2F)(Cc2c(F)cncc2F)c2ccccc21,0,6,0.2736522047116081,2401
Cc1c([C@@H](O)CN2CCC3(CC2)CCN(c2ncns2)C3=O)ccc2c1COC2=O,0,1,0.06926501978450957,1182
Cc1c(CN2CCOCC2)cc(-c2ccc(C(C)C)cc2)n1CC(C)C,0,10,0.3073993851193885,2912
NC(=O)C(c1cc(-c2ncnc3cc(N4CCOCC4)ccc23)c(F)cc1Cl)c1cccc2nncn12,0,1,0.02113486817665333,1367
Cc1c([C@@H](O)CN2CCC3(CC2)OCCN(c2ccc(=O)n(C)n2)C3=O)ccc2c1COC2=O,0,7,0.037914661792666164,2913
CNC(=O)c1c(-c2ccc(F)cc2)oc2cc(N(C)S(C)(=O)=O)c(-c3ccc4c(n3)-c3cc5c(F)cccc5n3CC4)cc12,0,10,0.13777513911312222,2914
Nc1ccc(-c2cccs2)cc1NC(=O)c1ccc(N2CCC3(CC2)CNC(=O)O3)nc1,0,8,0.2440047848401052,2915
O=C1COc2ccc(CNC34CCC(CC5(O)Cn6c(=O)cc(Cl)c7ncc(F)c5c76)(CC3)OC4)nc2N1,0,2,0.09687484348775355,332
CO[C@@H](C)CN(CCc1ccc(Cl)cc1)C1CCN(c2nc(N)n[nH]2)CC1,0,9,0.17825158125963098,2916
CC(c1ccncc1)N1[C@@H]2CC[C@H]1C[C@H](Oc1cccc(C(N)=O)c1)C2,1,2,0.8714812691238861,807
CONC(=O)c1cnc(Nc2ccc(C#N)cc2)nc1Oc1c(C)cc(-c2ccc(C#N)cc2)cc1C,0,8,0.15521466608685366,1503
CC(C)N1CCN(c2ccc(/C(=C(/CCCO)c3ccccc3)c3cccc(O)c3)cc2)CC1,0,2,0.11439790978755421,2917
Cc1c(-c2noc(-c3ccc(OC(C)C)c(C#N)c3)n2)cnc2c1CCN(C(CO)CO)C2,0,4,0.10675104582426241,2918
CCc1[nH]ncc1Cn1cc(-c2ccc(F)c(C(C)(F)F)c2)cn1,1,8,0.9094182931836429,554
O=C(O)C[C@H]1CCc2c1[nH]c1ccc(OCc3ccc(C4CCCC4)c(C(F)(F)F)c3)cc21,0,6,0.3189550537401799,2919
Clc1cc(COCC2(c3ccccc3)CCNCC2)cc(Cl)n1,0,1,0.23587277718417335,2920
Cc1cc(N2CCc3c(c(C)nn3CC34CCC(N5C[C@@H](C)O[C@@H](C)C5)(CC3)CC4)C2)c2cnn(C)c2n1,0,3,0.12390408994788817,1361
CN(C)CCCn1nc(C2=C(c3cn(-c4cnc5ccccc5c4)c4ccccc34)C(=O)NC2=O)c2ccccc21,1,8,0.7696280712312933,2921
COc1cc(CC[C@@H](C)N2Cc3ccc(S(C)(=O)=O)cc3C2)ccc1O,0,2,0.44765730487569394,70
C[C@H](C1=C(CCN(C)C)Cc2ccccc21)c1ccccn1,1,10,0.6431279191609139,2922
OCc1nccn1Cc1cn(-c2ccc(Cl)cc2)nn1,1,9,0.7492938101176826,23
N#Cc1ccc2cc1Oc1cccc(c1)C(c1cccc(Cl)c1)N1CC[C@@H](NCc3cncn3C2)C1=O,1,5,0.6602351606946035,2923
CC(C)(C)NC(=O)NCCN1CC(NC(=O)c2cc(Cl)cc(Cl)c2)C1,0,5,0.1468147957554896,2924
O=C1Cc2cc(CCN3CCN(c4nsc5ccccc45)CC3)c(Cl)cc2N1,1,7,0.7294395208370543,2925
COCCCc1cc(CN(C(=O)[C@H]2CNCC[C@@H]2c2ccc(OCCOc3c(Cl)cc(C)cc3Cl)cc2)C2CC2)cc(OCCC(C)(C)C(=O)O)c1,1,8,0.974300857064588,730
O=C1C(c2cc(C(F)(F)F)cc(C(F)(F)F)c2)CCN1[C@]1(c2ccccc2)CC[C@@H](N2CCC3(CCOC3)CC2)CC1,1,10,0.8643862487167789,91
O=C(NO)C1(S(=O)(=O)c2ccc(OCc3ccc(OC(F)(F)F)cc3)cc2)CCC2(CCNCC2)C1,0,3,0.08852824195412304,2926
O=C(COc1ccc(C(=O)c2cc(Cl)ccc2Br)cc1)Nc1ccc(Cl)c(C(=O)NCC2CC2)c1,1,10,0.8505194627037714,1026
Cc1ncc(/C=C2\C[C@H]3[C@@H]4CC[C@H]5N(C)C(=O)C=C[C@]5(C)[C@H]4CC[C@]3(C)[C@H]2O)cn1,0,9,0.46729557670998606,2867
COCc1cncc(-c2ccc3[nH]nc(C(=O)NCC4CCS(=O)(=O)C4)c3c2)c1,0,9,0.14099240598398544,2927
Cn1ccc(Cn2cc(-c3ccc(Cl)c(Cl)c3)cn2)n1,1,5,0.8907761041117971,59
COc1ccc2nccc(CC[C@H]3OC[C@H](NC(=O)c4ccc5c(c4)OCCO5)CO3)c2c1,0,1,0.1980452705707725,2928
Cc1ncn(CC(=O)N2CCN(c3sc(C(F)(F)F)nc3-c3cnc(C(F)(F)F)nc3)C[C@H]2C)n1,1,10,0.8435066715860209,115
O=S1(=O)c2ccccc2CCC12CCN(CCc1ccc(F)cc1F)CC2,1,8,0.8396173468990027,2929
CCC(=O)N1CC[C@H](Nc2ncnc3c2CN(c2cnc(OC)c(C(F)(F)F)c2)CC3)C1,0,1,0.13938637993795855,2930
CCN(CCN1CCC(c2noc3cc(F)ccc23)CC1)C(=O)C1(O)CCOCC1,0,3,0.09913086911610942,2931
Oc1ccc(-c2c[nH]c([C@H]3Cc4c([nH]c5ccccc45)[C@@H](C4CCOCC4)N3)n2)cc1,1,6,0.8936918740296202,535
COCCCc1cc(CN(C(=O)[C@H]2CNCC[C@@]23OCc2cc(F)c(F)cc23)C2CC2)cc(OCCOC)c1,0,7,0.13344007427500343,828
O=S(=O)(c1cccc(F)c1)c1ccc2c3c(oc2c1)C1(CCOCC1)NCC3,0,6,0.3357755054842812,2932
C[C@@H]1CN(C(=O)[C@@H]2CNC[C@H]2c2ccc(F)cc2F)C[C@H](C)[C@@]1(O)c1ccccc1,1,8,0.40913770589109205,827
O=C1N(CCN2CCC(C(F)(F)F)CC2)CCN1c1cccc(O)c1,0,3,0.20569038465644973,2282
CC(C)Oc1cc(C(C2=CCC(=O)N=C2)c2ccc(C(C)(C)O)nc2)ccc1OC(F)F,0,4,0.1607508368217477,2933
CC1(C(F)(F)F)NCCc2c1oc1cc(S(=O)(=O)c3cccc(F)c3)ccc21,0,3,0.4822360340690877,2419
CCn1c(N2CCC[C@@H](N)C2)nc2c([N+](=O)[O-])c(Br)c(Br)cc21,1,6,0.5909194604113911,2934
CNC(=O)c1nn(C)c2c(C)cc(Nc3nccc(-c4cc(CN(C)C)n(C)n4)n3)cc12,0,10,0.07627804158826507,2593
COc1ncc(F)cc1C(=O)Nc1cccc(-c2nncn2[C@@H](C)C(F)(F)F)n1,0,7,0.07060459041235392,2935
CC(C)OCc1ccccc1CNC(=O)c1c2c(c(Cl)n1C)CC(C)(C)CC2,0,7,0.31981187050321597,2936
NC(=O)c1ccc(O[C@H]2C[C@H]3CC[C@@H](C2)N3Cc2ccccc2)cc1,1,2,0.8681011222593243,417
CN(C)C(=O)O/N=C(\C#N)c1nc2ccccc2o1,0,3,0.1675896628013351,2937
CC(=O)c1cccc(CNc2cc(C(F)(F)F)cc3ncc(N4CCN(C)CC4)cc23)c1,0,2,0.490988994263874,1071
CCc1nc(C(=O)NC)ccc1N1CCN(Cc2ccc3nc(CC)c(=O)[nH]c3c2)CC1,0,4,0.012459966792474502,891
Fc1ccc(CCN2CCC3(CCc4ccccc4C3)CC2)c(F)c1,1,7,0.8474729326692647,2938
CC(=O)c1c(N)nc(-c2ccccc2)nc1S,0,5,0.1100773451279151,2939
COc1cc(OC)c(F)c(COc2cnc(Nc3ccc(N4CCC(N5CCN(C)CC5)CC4)nc3)nc2)c1F,0,8,0.2073798296881958,2940
CN1CC[C@H](N(C)C(=O)N2CC(c3cc(F)ccc3F)=C[C@@]2(CO)c2ccccc2)[C@H](F)C1,0,6,0.15672321467999945,96
COc1nnccc1C(C(N)=O)c1cc(-c2ncnc3cc(N4CCOCC4)ccc23)c(F)cc1Cl,0,7,0.012274064693475568,2479
CCC(NC(=O)c1ccc(Cl)cc1)[C@H]1[C@@H]2C[C@@H](n3cnc4cc(F)ccc43)C[C@@H]21,1,4,0.7512990312959189,118
COCCCc1cc(CN(C(=O)[C@H]2CNCC[C@@H]2c2ccn(C)c(=O)c2)C2CC2)c2ccccc2c1,0,2,0.17538719930028757,2941
Cc1ncoc1-c1nnc(SCCCN2CC3CCN(c4cccc(F)c4)C3C2)n1C,1,4,0.9837361870955241,1427
COCn1cc(-n2nc(C(=O)Nc3ccccc3C(=O)O)c3c2C(=O)N(c2ccccc2)CC3)cn1,0,5,0.1305796781064281,2942
CC(C)c1cc(C(F)(F)F)cc(COCC2(c3ccc(F)cc3)CCN(C)CC2)n1,0,5,0.04845085779522058,214
COc1cc(CC[C@@H](C)N2Cc3ccc(Cl)cc3C2)ccc1O,1,5,0.5911211556944979,70
NC(=O)[C@@H]1CC[C@H](c2ccc(OCc3ccccc3F)cc2F)N1,0,5,0.0970383593417902,122
CC(=O)N/C(N)=N/C(=N/S(=O)(=O)c1ccc(Cl)cc1)N1C[C@H](c2ccccc2)C(c2ccc(Cl)cc2)=N1,0,7,0.22167388634301433,2943
CC(C)(O)Cn1ncc(Nc2ncc3cc(Cl)c(C4CCN(C5COC5)CC4)cc3n2)c1Cl,0,8,0.16854061283997213,2944
O=C(O)c1cn(C2CC2)c2cc(N3CCNCC3)c(F)cc2c1=O,0,6,0.0808197215412547,111
OC(CCN1CCC(c2ccc(F)cc2-c2ccccc2)CC1)c1c[nH]c2ccc(F)cc12,1,4,0.5529754244241949,986
O=[N+]([O-])c1ccc(CCNCCOc2ccc([N+](=O)[O-])cc2)cc1,1,6,0.7043586937087007,66
Nc1nc(/C(=N/O[C@@H](C(=O)O)C2CCC(F)(F)CC2)C(=O)N[C@@H]2C(=O)N3C(C(=O)O)=C(CSCCNC(=O)c4ccc(O)c(O)c4Cl)CS[C@H]23)cs1,0,1,0.35780921743211896,2945
COCCCc1cc(CN(C(=O)[C@H]2CNCC[C@@H]2c2ccc(OCCOc3c(Cl)cc(C)cc3Cl)cc2)C2CC2)cc(OC[C@H]2C[C@@H]2C(=O)OCC(=O)N(C)C)c1,1,2,0.9246072892678511,650
COc1cncnc1C(O)c1cc(-c2ncnc3cc(N4CCOCC4)ccc23)c(F)cc1F,0,9,0.0,2196
COc1cc([C@](O)(CCN(C)C)[C@@H](c2cc3cc(Br)ccc3nc2OC)c2cccc(OC)c2F)cc(SC)n1,0,9,0.05697360934186697,1273
CCC(=O)CCCCC[C@H](NC(=O)[C@H]1CC12CCN(C)CC2)c1ncc(-c2cc3ccc(C)nc3cc2CC)[nH]1,0,6,0.03494256365155357,203
CS(=O)(=O)N1CCN(Cc2cn3nc(-c4cnc(N)nc4)nc(N4CCOCC4)c3n2)CC1,0,8,0.06407535635611432,2946
CCO[C@H]1CN([C@H]2CC[C@@](O)(c3ccc4c(c3)OCO4)CC2)C[C@@H]1NC(=O)CNC(=O)c1cccc(C(F)(F)F)c1,0,10,0.14358203723770813,2947
CNCc1cccc(-c2ccc3c(N4CCOCC4)nc(N4C[C@@H](C)O[C@@H](C)C4)nc3n2)c1,0,6,0.16987426951957924,719
COc1nccc(OCCCN)c1-c1cc(Nc2cnc(C#N)cn2)n[nH]1,0,2,0.1600182474739962,2948
CC(C)c1ccc(-c2cc(CN3CCN(c4ccccn4)CC3)nn2-c2ccc(F)cc2)cc1,0,1,0.428688264236219,2949
COc1ccc(CN2CCC(NC(=O)c3cc(=O)c4ccc(F)cc4o3)CC2)cc1,1,9,0.7611430623226969,105
CCOC(=O)CO[C@H](c1ccccc1)[C@H](CNC)c1ccc2ccccc2c1,0,1,0.09063003619866974,590
O=C(Nc1cccc(C(F)(F)F)c1)n1ccc2cc(Oc3ncnc4c3CNC4)ccc21,0,9,0.17599819935732697,2950
CCCCCCCCCCCCc1cccc(CCCCCCCCCCCC)[n+]1C,1,8,0.9496230456386389,792
CN1CCC(COCc2cc(C(F)(F)F)cc(N3CCC4CC43)n2)(c2ccc(F)cc2)CC1,0,9,0.15610917155367268,2951
CC1(C)[C@H](Nc2c(C(N)=O)cnn3cc(-c4cccnc4)cc23)CC[C@]1(C)N,0,10,0.0718682738805623,2574
COc1cc(F)c(C(C)C)cc1-c1ccc(C(F)(F)F)cc1CN1C(=O)O[C@H](c2cc(C(F)(F)F)cc(C(F)(F)F)c2)[C@@H]1C,0,5,0.3134737911568287,2952
O=C(NCC[C@@H](O)CN1CCN(c2cccc(Cl)c2Cl)CC1)c1cc2ccccc2[nH]1,1,6,0.4805976573225962,2953
CCc1nn2c(C)cc(C)nc2c1Cc1ccc(CCC(=O)N2CCNCC2)cc1,0,5,0.1915600569774366,2954
COc1nc2c(CCC34CCC(NCc5ccc6c(n5)NC(=O)CO6)(CC3)CO4)ccnc2cc1F,1,9,0.9942003416523054,265
CC(C)(O)c1ccc(C#Cc2cccc(-n3cc(C(=O)NC4CC4)c(=O)c4cccnc43)c2)c[n+]1[O-],0,9,0.10705888295190404,2201
COc1ccc(-c2ccc3ncnc(-c4cccc(C(=O)N5CCN(C(C)=O)CC5)c4)c3c2)cc1OC,0,2,0.09569970325896424,2955
Cc1ccn2c3c(nc2c1)CCN(CCCSc1nnc(-c2cccc4nc(C)ccc24)n1C)CC3,1,9,0.8822654643062555,2956
Fc1ccc(Cn2c(N3CCC(n4cccc4)CC3)nc3ccccc32)cc1,1,9,0.8245049345632377,2957
Cc1cc(=O)oc2cc(OCCCCN3CCC(c4noc5cc(F)ccc45)CC3)ccc12,1,2,0.8723492904439332,2667
O=C(O)CNC(=O)c1c(O)cc(CCc2ccccc2)n2ncnc12,0,6,0.14796719839891936,2958
CN(C)C(=O)[C@@H](C1CCC(N(C)C(=O)c2cccc(F)c2)CC1)[C@H](N)C(=O)N1CC[C@H](F)C1,0,10,0.06707305168187473,2084
[2H]C([2H])([2H])NC(=O)c1nnc(NC(=O)C2CC2)cc1Nc1ccccc1S(C)(=O)=O,0,9,0.06324590786543549,2959
COCCCc1cc(CN(C(=O)[C@H]2CNCC[C@@H]2c2ccc(OCCOc3c(Cl)cc(C)cc3Cl)cc2)C2CC2)cc(OCCCC(C)(C)C(=O)O)c1,1,9,0.9816279395006171,730
O=C(NC1CCc2cc(CCN3CCN(c4nsc5ccccc45)CC3)ccc21)C(F)(F)F,1,9,0.9680322108994662,39
CCc1c(C)[nH]c2c1/C(=N/OC(=O)Nc1ccccc1)CCC2,0,10,0.2697783911187165,2023
Fc1ccc(C(OCCN2CCN(CCCc3ccccc3)CC2)c2ccc(F)cc2)cc1,1,8,0.8899940067672955,2960
O=C(Nc1ccc(OC(F)(F)Cl)cc1)c1cnc(N2CC[C@@H](O)C2)c(-c2[nH]ncc2F)c1,0,1,0.12981381591051447,2298
CCc1c(CN[C@H]2CC[C@@H](F)C2)nc(-c2ncccc2Cl)n1-c1ccc(C)nc1,0,5,0.12174101263019341,2875
Cc1nc(Oc2ccc(C(=O)O)cc2)ccc1CN1CCC(N2C(=O)N(C3CCOCC3)C[C@H]2c2ccccc2)CC1,0,9,0.10413177044181174,1283
COC[C@@H]1C[C@H]2[C@@H]3CC[C@H]4N(C)C(=O)C=C[C@]4(C)[C@H]3CC[C@]2(C)[C@H]1O,0,7,0.2595392268651382,2508
Cc1ccc(CN2[C@@H]3CC[C@H]2C[C@H](Oc2cccc(C(N)=O)c2)C3)cc1,1,7,0.9357668437047558,417
Cc1nc2ccccc2n1Cc1cn(-c2ccc(Cl)c(Cl)c2)nn1,1,3,0.5115749774537857,2961
Cc1coc([C@H]2CN(C3CCN(c4nnc(N)[nH]4)CC3)[C@@H](Cc3ccc(Cl)cc3)CO2)n1,0,7,0.019813911455826155,2962
COc1ccc2ccc(=O)n(CCN3CCC(NCc4ccc5c(n4)NC(=O)CO5)CC3)c2n1,0,6,0.021730765514220506,2963
O=C(NCC1CCOCC1)c1n[nH]c2ccc(-c3cnccc3CN3CCCC3)cc12,0,6,0.1543805323940115,2964
NC(=O)c1cccc(O[C@@H]2C[C@H]3CC[C@@H](C2)N3Cc2ccccc2)c1,1,8,0.9558913819452808,417
FC(F)(F)c1cccc(-c2ncccc2CC(c2cccnc2)c2cccnc2)c1,0,2,0.10551769801592721,1423
CC(C)COc1cc(CCC(C)(C)N2Cc3ccc(S(C)(=O)=O)cc3C2)ccc1O,1,4,0.47542438927916514,70
CCC(=O)CCCCC[C@H](NC(=O)C12CCN(CC1)CC2)c1ncc(-c2cc3ccccc3nc2OC)o1,1,7,0.10092229195422728,2965
C[C@H]1C=C(C2=Nc3ccccc3Nc3ccc(Cl)cc32)CCN1C,1,6,0.8703410658552023,1077
Cc1cccc(C)c1C(=O)N1CCC(C)(N2CCC(N(c3ccccc3)c3ccccc3)CC2)CC1,1,4,0.734102966439157,2966
O=C1N(CCN2CCC(c3ccc(Cl)cc3)CC2)CCN1c1cccc(Cl)c1,1,9,0.8619829340666979,2967
Cc1ccc(-c2ccc(-c3ccc4cc(CCN5CCC[C@H]5C)ccc4n3)s2)s1,1,1,0.7164245074632631,2968
CCCSc1nc(N2CCC[C@@H](CC(=O)O)C2)ccc1C(=O)NC1CCCCC1,0,3,0.17769152460540055,2969
CNC(=O)c1nc(C)n2ccc(Nc3nccc(-n4cc([C@@H]5C[C@H](O)CN5C)cn4)n3)cc12,0,1,0.061808631197003215,2970
CC(C)OC[C@H]1CN(C2CCN(c3ccccn3)CC2)[C@@H](Cc2ccc(Cl)cc2)CO1,1,9,0.4653170582821471,2971
Fc1ccc2c(c1)nc(-c1ccccn1)n2-c1ccc(OCCCN2CCc3ccccc3C2)cc1,1,8,0.7529802441782598,2972
O=C(Cc1cccc(OCCCC2CCNCC2)c1)Nc1nc(-c2c[nH]c3ncc(F)cc23)cs1,0,6,0.14434477702486448,2973
COc1cc(-c2cn(C3CC(C(F)(F)F)CCNC3=O)nn2)ccc1-n1cnc(C)c1,0,1,0.08300158648034107,1178
CCNC(=O)[C@@H]1C[C@@H](NC(=O)c2cc(CC)nn2C)CN1C(=O)c1coc2ccccc12,0,8,0.17353556606833587,2974
CC(C)[C@]1(C(=O)NCc2cc(C(F)(F)F)cc(C(F)(F)F)c2)CC[C@@H](N2CCC(c3cccnc3)CC2)C1,1,8,0.8001078033041706,2975
C[C@H]1C[C@H]2CSC(N)=N[C@@]2(c2nc(NC(=O)c3ccc(OC(F)F)cn3)ccc2F)CO1,1,6,0.28455946952467115,2976
O=C(/C=C/c1cccc(S(=O)(=O)Nc2ccccc2)c1)NO,0,8,0.12153452891099223,1344
CC(Sc1nc(-c2ccc(Cl)s2)c(C#N)c(=O)[nH]1)c1cccc(Cl)c1,0,8,0.3140570320731644,2977
COc1cccc2c1OC(c1ccc(OC3CCN(C4CCC4)CC3)cc1)C(C)S2(=O)=O,0,2,0.3180574709123287,2978
Cn1ccc(CN2CCc3cc4nc(N)sc4cc3CC2)n1,0,9,0.1297652054695428,2979
Cn1nccc1[C@H]1CCCC[C@@H]1Oc1cc(F)c(S(=O)(=O)Nc2ncns2)cc1F,0,9,0.021774855164501315,2980
CCOc1ncc(-c2nc(C(F)(F)F)sc2N2CCN(C(=O)Cn3nc(C)nc3C)[C@H](C)C2)cn1,0,4,0.0909521164274481,115
COc1cc2ccc(C#N)cc2cc1[C@@H](c1cccc(OC)c1OC)[C@@](O)(CCN(C)C)c1cccc2c1CCC2,1,7,0.5740333939431352,2981
C[C@@H]1CN(c2ccc3c(n2)NC(=O)CO3)[C@H](c2ccccc2)CO1,0,7,0.1520151730155094,2982
CC(C)C(=O)NC1CCc2ccc(CCN3CCN(c4nsc5ccccc45)CC3)cc21,1,6,0.9368433381504354,39
COc1cc(-c2cn(CC(=O)N(CC(F)(F)F)c3ccc4ccccc4c3)nn2)ccc1-n1cnc(C)c1,1,2,0.6646843115505382,2983
CCN1CCN(c2cc3[nH]c(SC(C)(C)C)nc3cc2Cl)[C@H](C)C1,1,6,0.23617790225963148,2984
CCCC(=O)NC1CCc2ccc(CCN3CCN(c4nsc5ccccc45)CC3)cc21,1,6,0.9559089495038887,39
CCC(=O)CCCCC[C@H](NC(=O)C1CN(C)C1)c1ncc(-c2cc3ccccc3[nH]c2=O)o1,0,10,0.13247811693377493,2985
O=C(C1CC12CCN(C1CCOCC1)CC2)N1CCN(C2CCCCC2)CC1,0,1,0.022702694635475695,2986
CC(=O)N1CCN(Cc2cnc(NC(=O)/C(=N/N3CCCC3)c3ccc(S(=O)(=O)C4CC4)cc3)s2)CC1,0,5,0.0833171819951508,1238
Cc1cc(C)n(-c2cc(NC(=O)CN3CCCN(C)CC3)nc(-c3ccc(C)o3)n2)n1,1,6,0.7943816777510193,2987
Cc1ccnc(NC(=O)c2ccc(-c3ccc(Cl)cc3)o2)c1,0,4,0.2823462521405725,2988
CNC(=O)c1cnc(Nc2cc(C)nc(C)n2)cc1Nc1cccc(-c2ncn(C)n2)c1OC,0,10,0.08057895643398236,2989
CCOC(=O)N1CC/C(=C\C#Cc2cccc(C)n2)C1,0,1,0.17617921658225733,2990
CCCCCCn1c(NC2CCN(CCc3ccc(OC)cc3)CC2)nc2ccccc21,1,6,0.8467273817038037,2704
Cn1nccc1[C@H]1CCCCC[C@@H]1Oc1cc(F)c(S(=O)(=O)Nc2ccncn2)c(F)c1,0,5,0.08488621335113865,2991
COCCC#Cc1c(Cl)c2c(Cl)cc(C(N)=O)nc2n1[C@H]1CCCNC1,1,7,0.7419248050925038,1117
N[C@H](C(=O)N1CCSC1)C1CCCCC1,0,5,0.09683929458232254,2992
CN([C@H]1CCOC1)S(=O)(=O)Nc1ccc2ccc3ncc(-c4cnn(C)c4)cc3c(=O)c2c1,0,5,0.05540919081635067,2993
CC1(C)CCc2cc(CN3CCC4(CC3)CCN(C(=O)c3ccncn3)CC4)ccc2O1,0,6,0.292098727704809,2994
CCNC(=N)NC(=O)Nc1c(CC)cc(S(=O)(=O)NCC)cc1CC,0,6,0.09435638166072473,156
C[C@H]1OC(=O)[C@]2(C(N)=O)CC(F)(F)[C@@H](C)[C@H](/C=C/c3ccc(-c4ccccc4C#N)cn3)[C@H]12,0,5,0.020861077821412163,277
N#C[C@@H]1C[C@H](F)CN1C(=O)[C@@H](N)Cc1cc2c(cc1Br)OCO2,0,1,0.17829347144846133,2995
Fc1ccc([C@H]2c3ccccc3CCN2C2=NC[C@H](C3(F)CNC3)O2)cc1,0,7,0.29826749028550537,2996
NC(=O)c1cc(-c2ccc(F)cc2)c2ccc(CNCC(F)(F)F)cc2n1,0,2,0.15206652154147135,2581
CC(C)(C)COc1ccc2c(c1)[C@]1(COC(N)=N1)c1cc(-c3ccncc3)ccc1O2,1,9,0.5320001304569839,2997
Oc1ccc2c(c1)SC[C@H](c1cc(F)c(F)cc1F)[C@@H]2c1ccc(OCCN2CC(CF)C2)cc1,0,1,0.22529972247562915,358
NC(=O)c1cccc(O[C@@H]2C[C@H]3CC[C@@H](C2)N3Cc2cccnc2)c1,1,6,0.8169493421611707,1052
N#CC1(NC(=O)[C@@H]2CCCC[C@H]2C(=O)N2CCN(c3nc(-c4ccccc4)cs3)CC2)CC1,0,8,0.06367988248259035,2998
O=C1OCc2c1ccc(CCN1CCN(C(=O)Cc3ccc(-n4cnnn4)cc3)CC1)c2Cl,0,1,0.06666145438276913,670
CNC[C@H](c1ccc2ccccc2c1)[C@H](OC)c1ccccc1,0,6,0.2191546993959881,590
O=c1cc(NC2CCN(S(=O)(=O)C(F)(F)F)CC2)c2cc(C(c3ccc(Cl)cc3)c3ccc(Cl)cc3)ccc2[nH]1,0,8,0.2904469681485935,2999
Nc1n[nH]c(N2CCC(N3C[C@H](CO)OC[C@@H]3Cc3ccc(Cl)cc3)CC2)n1,0,7,0.0969516941371451,673
O=C(O)/C=C/c1ccc2cccc(N3CCN(CCc4ccc(OCCCN5CCCCCC5)cc4)CC3)c2n1,0,1,0.3396939079596836,272
NCC(=O)N1CCn2c(nc(-c3ccc(F)cc3)c2Nc2ccc(Cl)c(F)c2)C1,0,10,0.1058666938023514,585
OCC[C@]1(c2ccc(Cl)c(Cl)c2)CCCNC1,0,8,0.12341658833060251,3000
Cc1cnc(NC(=O)[C@H](COC2CCC2)Oc2ncnc3c2cnn3-c2ccccc2Cl)cn1,0,7,0.037843339184346875,3001
Cc1ncsc1-c1nnc(SCCCN2CC[C@]3(C[C@@H]3c3ccc(C(F)(F)F)cc3)C2)n1C,1,1,0.9310461354540933,3002
Cc1cnccc1NC(=O)COc1ccc(C(=O)c2cc(Cl)ccc2Br)cc1,1,8,0.8477344979058712,849
Oc1ncnc(C(O)c2cc(-c3ncnc4cc(N5CCOCC5)ccc34)ccc2Cl)c1Cl,0,10,0.032923107800765766,2196
CC(C)(C)COc1ccc2c(c1)[C@]1(COC(N)=N1)c1cc(-c3cncc(F)c3)ccc1O2,1,4,0.7019774085419175,501
O=C(CNc1nccc2ccc(C(F)(F)F)cc12)NC1CN([C@H]2CC[C@@](O)(c3cncs3)CC2)C1,0,10,0.049631711997229835,3003
CN1CC[C@H](c2c(O)cc(O)c3c(=O)cc(/C=C/c4c(Cl)cccc4Cl)oc23)[C@H](O)C1,0,1,0.2584104536869406,3004
CCc1cc2ccc(CN3CCN(c4cnc(C(=O)NC)cn4)CC3)cc2[nH]c1=O,0,5,0.021710304847760417,3005
C=C1C(=O)[C@]23[C@H](O)[C@H]1CC[C@H]2[C@]12C=CCC(C)(C)[C@H]1[C@H](O)[C@@]3(OCCC(=O)O)OC2,0,10,0.1625248982049518,3006
NC(=O)c1cc(Cl)c2c(Cl)c(C#CC3COCCO3)n([C@H]3CCCNC3)c2n1,1,3,0.7132702710942906,3007
CCOc1ccc2nc(N3C(=O)/C(=C/c4ccccc4)NC3=S)sc2c1,1,2,0.2528548723765263,3008
Cc1cc([C@H]2CN(C3CCN(c4nnc(N)[nH]4)CC3)[C@@H](Cc3ccc(Cl)cc3)CO2)[nH]n1,0,9,0.03493950446387808,588
COc1cc(OC)c(F)c(COc2cnc(Nc3cnn(CCNC4CCN(C)CC4)c3)nc2)c1F,0,2,0.11884117861398141,3009
O=C(O)C[C@H]1CC[C@H](c2ccc(NC(=O)c3nnc(Nc4ccc(F)c(F)c4)o3)cc2)CC1,0,4,0.09693868128585814,3010
Cn1c(C(O)c2cc(-c3ncnc4cc(N5CCOCC5)ccc34)ccc2Cl)cccc1=O,0,1,0.04737739412047644,1001
Cc1ccc2nc(-c3ccc(F)cc3)c(CC(=O)N3CCSCC3)n2n1,0,2,0.0875720317726702,3011
Cc1nc2c(CCC34CCC(NCc5ccc6c(n5)NC(=O)CO6)(CC3)CO4)ccnc2cc1C#N,1,7,0.9553016310238375,265
O=S(=O)(c1cccc2cnccc12)N1CCCNCC1,0,9,0.14752901794518186,3012
CCC[C@@H](CCO)Nc1nc(N)nc2c1CN(C(=O)c1csc(C)n1)CC2,0,10,0.14582254851409976,1575
C[C@H](Nc1nccc(N2C(=O)OC[C@@H]2[C@H](C)F)n1)c1ccc(-c2ccc(NC(=O)COc3cccnc3)cc2)cc1,0,2,0.17781096851691078,3013
Cc1nsc(-c2ncc3n2CCN(C(=O)c2ccc(F)cc2)[C@@H]3C)n1,0,1,0.05471519158298639,3014
COc1ccc(C(O)c2cc(-c3ncnc4cc(N5CCOCC5)cnc34)c(F)cc2Cl)nn1,0,4,0.008685416852286566,3015
Cc1cc(/C=C/C#N)cc(C)c1Oc1nc(Nc2ccc(C#N)cc2F)nc2sccc12,1,3,0.2290613366585628,3016
CC(C)(C)NC(=O)[C@H]1CN(C2CCN(c3nnc(N)[nH]3)CC2)[C@@H](Cc2ccc(Cl)cc2)CO1,0,2,0.03535267783513162,523
O=C(c1c(-c2ccc(O)cn2)oc2ccc(O)c(CN3CCCCC3)c12)N1CCC1,0,3,0.033809575207972224,3017
Cc1ccc2c(N3CCN(CCc4cccc(NC(=O)c5ccccc5)c4)CC3)cccc2n1,1,4,0.8112026911820426,3018
N[C@H]1Cn2c(nc3ncccc32)C[C@@H]1c1cc(F)c(F)cc1F,0,9,0.14306266814303753,3019
Cc1ccc2c(N3CCN(CCc4cccc5c4OCc4c(C(=O)NC6CCCC6)ncn4-5)CC3)cccc2n1,1,8,0.889018301127302,3020
O=C(O)[C@H](Cc1ccc(F)cc1)N1CCC(CN2CCC(Oc3ccc(Cl)cc3Cl)CC2)CC1,0,10,0.10889671363993182,234
Fc1cc(Cl)cnc1C(F)(F)CN1CCC(Nc2ncnc3[nH]ncc23)CC1,0,9,0.1717333119348911,1078
COc1cc(Cl)ccc1COc1cccc(N2C=NN(Cc3nc4c(F)cc(C(=O)O)cc4n3C[C@@H]3CCO3)CC2)n1,0,9,0.34161086101153726,241
COc1ccc2nccc(OC[C@@H]3CC[C@@H](NC(=O)c4cc(F)c(Br)c(F)c4)CO3)c2n1,0,9,0.12591658890562554,3021
CCCCN(CCc1ccc(Cl)c(Cl)c1)C[C@H](O)COc1ccc(NS(C)(=O)=O)cc1,1,2,0.9445433404123128,538
CC(C)Oc1ccc(F)cc1-c1ccc(N2CCC(CNC(=O)c3ccc(-c4nc5cc(C#N)cc(C(C)C)c5o4)cc3)CC2)nc1,1,2,0.09375225541015174,3022
CNS(=O)(=O)c1ccc(-c2cnc(N)c(-c3ccc(OC)nc3)c2)cc1,0,4,0.05159200997583939,3023
Cn1c(SCCCN2CC[C@]3(C[C@@H]3c3ccc(C(F)(F)F)cc3)C2)nnc1-c1ccc(-c2ncco2)cc1,1,6,0.9327662188227994,3024
CCC[C@@H]1C[C@H](N(C)C(C)C)CC[C@@H]1N1CC[C@H](NC(=O)c2cc(C(F)(F)F)ccc2NC(=O)NCC)C1=O,0,4,0.18540897653009072,934
O=C(O)C[C@H](CN1CC[C@@H](CCc2ccc3c(n2)NCCC3)C1)c1cccc(-n2cncn2)c1,0,3,0.19013067493687222,2308
Cc1nn(-c2ccccc2)cc1CN1CCC2(CC1)OCc1ccccc12,1,4,0.4095488325318855,2305
O=c1ccc2ncc(F)c3c2n1CC3C[C@H]1OC[C@H](NCc2ccc3c(c2)OCCO3)CO1,0,2,0.07728366271149122,3025
Cc1ccc(-n2nccn2)c(C(=O)N2C[C@@]3(F)CN(c4nc5ccccc5o4)C[C@@]3(F)C2)c1,0,1,0.15393398301564104,3026
COc1ccc(-n2c(=O)n(C3CCN(c4cc(N)ccn4)CC3)c3ncccc32)cc1,1,8,0.4297465015286546,3027
CCn1c(=O)c(-c2cc(C(=O)NC3CC3)cc(F)c2C)cc2nnc(-c3c(F)cccc3Cl)n21,0,9,0.23894625208139184,2141
Nc1cncc(C(O)c2ccc(F)c(-c3ncnc4cc(N5CCOCC5)ccc34)c2)n1,0,2,0.019010668903477888,247
COc1cc(C2CCN(C(C)=O)CC2)ccc1Nc1ncc(Cl)c(-c2cnc3ccccn23)n1,0,9,0.12636440516886643,3028
O=C(O)C[C@H](CN1CC[C@@H](CCc2ccc3c(n2)NCCC3)C1)c1cccc(N2CCOCC2)c1,0,4,0.11237156335659779,3029
C[C@H]1CCC/C=C/[C@@H]2C[C@H](OC(=O)OCc3cccnc3)C[C@H]2[C@H](O)/C=C/C(=O)O1,0,9,0.2046968562343586,3030
O=C(c1ccc(F)cc1)N1CCN(c2ccc(OCCCN3CCCCCC3)cc2)C(=O)C1,0,5,0.0758205370412417,419
CS(=O)(=O)Nc1ccc2c(c1)[C@H](O)CC1(CCN([C@@H]3CCc4cc(C#N)ccc4C3)CC1)O2,1,10,0.2069196869091039,3031
CCOC(=O)c1nn(-c2ccccc2)/c(=N/c2nc(-c3ccccc3)cc(-c3ccccc3)c2C#N)s1,0,3,0.15415287911913036,2236
CN(C)c1ccc(-c2cc3nccnc3c(NC[C@@H]3CNCCO3)n2)cn1,0,8,0.01758112358490033,3032
COc1cccc2c1nc(N)n1nc(CN3CCN(c4cnn(C(C)(C)C)c4)C[C@H]3C)nc21,0,7,0.03264729164303142,610
O=C(C1CC12CCN(C1CCOCC1)CC2)N1CCN(C2CC2)CC1,0,1,0.02924383850495967,3033
CCn1cc(-c2cc(C(N)=O)nc3cc(CN4C(=O)CCC4=O)ccc23)cn1,0,3,0.04574511158819016,3034
CS(=O)(=O)N1CCC(c2ccc(-c3cc4nccnc4c(NC[C@@H]4CNCCO4)n3)cc2)CC1,0,2,0.023331172962472092,819
Cc1cc(C)n(-c2cc(NC(=O)COc3ccccc3CCN3CCOCC3)nc(-c3ccc(C)o3)n2)n1,1,2,0.3566587133484837,3035
N#Cc1ccc(Cn2cncc2CN(CCCN)[C@H]2CCN(Cc3ccccc3)C2=O)cc1,1,8,0.4503550344868542,10
Cc1ccccc1[C@@H]1CCN(C[C@@H]2CCc3cccnc3[C@@H](O)C2)C[C@H]1CO,0,10,0.21615042029952478,48
Cc1c(OCCN(C)CCCF)ncc(F)c1[C@@H]1c2[nH]c3ccccc3c2C[C@@H](C)N1C(C)CC(=O)O,0,7,0.06209578264876339,774
C[C@@H]1Cc2c([nH]c3ccccc23)[C@@H](c2nccc(OCCNCCCF)c2F)N1CC(F)(F)CO,0,8,0.11542742222424579,710
CN1CCC(COCc2cc(C(F)(F)F)cc(C3CCCC3)n2)(c2ccc(F)cc2)CC1,0,6,0.10138396140063285,3036
CC/C(=C(\c1ccccc1)c1ccc(OCCN(C)C)cc1)c1ccccc1,1,4,0.6265413751731017,1538
CN(C)Cc1ccc2c(c1)CC[C@H](N(C)C(=O)c1ccc(-c3ccccc3)cn1)C2,0,4,0.26302716738795634,3037
C=C(C)CN=C(S)NN=C1c2ccccc2-c2ccccc21,1,4,0.4059554237449143,3038
COc1ccc(C23CC2CN(CCCSc2nnc(-c4cccc5nc(C)ccc45)n2C)C3)cc1,1,6,0.9713801272990512,300
COc1ccc(CN2CCC(NC(=O)c3cc(=O)c4ccc(F)cc4o3)CC2)cc1F,1,9,0.7893244243203631,105
O=C(Nc1ccc(Cl)c(Cl)c1)Nc1nccnc1OCc1ccccc1,0,10,0.21057325628197723,3039
O=S(=O)(c1ccccc1)n1ccc2c(N3CCN(CCc4c[nH]c5ccc(Cl)cc45)CC3)cccc21,0,1,0.7484922502235445,3040
O[C@H](COc1ccc2[nH]ncc2c1)CN1CCN(c2ccc(Cl)cc2)CC1,1,5,0.2969117535742862,3041
COc1ccc2ncc(F)c([C@@H](O)CC[C@@H]3CCN(C4CC(c5ccccc5)C4)C[C@@H]3C(=O)O)c2c1,0,9,0.045750685961150145,418
O=C(c1ccnc2ccc(Br)cc12)N1CCC[C@H]1CNS(=O)(=O)C(F)(F)F,0,6,0.1712815869224331,3042
Cc1c(F)cc(C(=O)NC2CC2)cc1-c1cc2nnc(-c3c(F)cccc3Cl)n2n(C)c1=O,0,1,0.14727262809471198,2141
COc1ccnc(CNC(=O)c2cn(Cc3ccc(Cn4ccccc4=O)cc3)nc2C(F)(F)F)c1F,0,3,0.18811553104628517,2395
OC(c1cccnn1)c1cc(-c2ncnc3cc(N4CCOCC4)ccc23)ccc1Cl,0,2,0.034403549939441724,465
CNC(=O)c1ccc(COc2ccc(S(=O)(=O)C3(C(=O)NO)CCC4(CCNCC4)C3)cc2)cc1,0,7,0.07979685499466935,2926
COc1ccc2ncc(C#N)c(CCN3CCC(NCc4cc5c(cn4)OCS5)CC3)c2c1,1,9,0.4567658871332812,3043
OC1Cc2cc(Cl)ccc2-n2c(nnc2[C@H]2CC[C@H](Oc3ccccn3)CC2)C1,0,9,0.09032568501464794,391
Nc1nccnc1C(O)c1cc(-c2ncnc3cc(N4CCOCC4)ccc23)c(F)cc1Cl,0,4,0.020341898075699933,247
COc1ccc2ncc(F)c(C(CC34CCC(NCc5ccc6c(n5)NC(=O)CO6)(CC3)CO4)C(=O)O)c2n1,1,2,0.3130861534094365,265
CNCCCOc1ccc(-c2ccc3ncc4c(c3c2)n([C@H]2C[C@@H](OC)C2)c(=O)n4C)cn1,0,9,0.11091718801898928,94
O=C1COc2ccc(CNC3CCN(CCn4c(=O)ccc5ncc(OCc6cccnn6)cc54)CC3)nc2N1,0,10,0.026719082424139836,3044
CC(C)Oc1cc([C@@](Cc2ccccc2)(NC[C@H](O)CC(F)(F)F)c2cc(F)cc(OC(F)(F)C(F)F)c2)ccc1F,0,7,0.2454151358800974,369
COc1ccccc1Nc1c(N[C@H]2CC[C@H](Oc3ccc(C#N)cc3)CC2)c(=O)c1=O,1,3,0.2478257830114597,3045
CCOc1cc([C@](O)(CCN(C)C)[C@@H](c2cc3cc(Br)ccc3nc2OC)c2cccc(OC)c2F)cc(OC)n1,0,7,0.018839726757103242,1273
COc1ncc(-c2cccc3c2C[C@H](NC(=O)c2ccc(OCCC(F)(F)F)nc2)CO3)cn1,0,2,0.07810797829974687,3046
O=C(Nc1ccc(-c2nnc(NCCCCN3CCCCC3)o2)cc1)c1ccccc1,0,6,0.10132739131156465,2524
Nc1ncc(-c2cnn(C3CCNCC3)c2)cc1-c1nc2ccccc2o1,1,5,0.18126266752274028,3047
Cc1ncoc1-c1nnc(SCCCCN2CC[C@]3(C[C@@H]3c3ccc(C(F)(F)F)cc3)C2)n1C,1,8,0.9350947743595075,3048
CCc1cc(-c2cnn(C)c2)cc(S(=O)(=O)c2csc(CN)n2)c1,0,6,0.07416822453042773,3049
Cc1cc(-c2cccc([C@H](CC(=O)O)CN3CC[C@@H](CCc4ccc5c(n4)NCCC5)C3)c2)[nH]n1,0,8,0.06255329475611088,2313
O=C(Cn1cccnc1=O)Nc1ccc(C[C@@H]2CC[C@H]([C@H](O)c3ccccc3)N2)cc1,0,8,0.03498487802422369,3050
C[C@@H]1[C@H]2C[C@@H](C[C@H]1NC(=O)c1cc3c(F)cc(F)cc3[nH]1)C2(C)C,0,10,0.26825503783493304,3051
Cn1c(SCCCN2CC[C@]3(C[C@@H]3c3ccc(C(F)(F)F)cc3)C2)nnc1-c1cccc(-c2ncco2)c1,1,3,0.9509032678182326,3052
CCc1n[nH]c(CC)c1Oc1cc(C)cc(C#N)c1,0,3,0.24607958448524422,3053
Cc1cc(NC(=O)C(=O)N2C[C@@H](C)CC[C@@H]2c2ccccc2)cnc1N,0,1,0.11836073888356699,3054
O=C([C@@H]1C[C@H]1c1ccc(C(F)(F)F)cc1)N1CCN(S(=O)(=O)c2cc(CCO)cc(C(F)(F)F)c2)CC1,1,4,0.42329108877695437,2164
CC(C)(O)[C@H]1CC[C@H](Nc2ccc3ncc(-c4cccc(OC(F)(F)F)c4)n3n2)CC1,0,1,0.18571604328906754,653
FC(F)(F)c1ccc(-n2cc(Cn3ccnc3C3CC3)nn2)cc1,1,2,0.8902587906182408,428
Nc1nc2cc3c(cc2s1)CCN(Cc1cnco1)CC3,0,6,0.0828334248138768,3055
O=C([C@H]1CNCC[C@@]12OCc1cc(F)c(F)cc12)N(Cc1ccnc2ccccc12)C1CC1,0,9,0.15773295349899694,3056
FC(F)(F)[C@H]1CC[C@H](c2nnc3n2-c2ccc(Cl)cc2CC2(C3)OCCO2)CC1,0,6,0.3049855961583688,2266
CC(=O)c1c(-c2cc(C)c(O)cn2)oc2ccc(O)c(CN3CCC3)c12,0,7,0.10326965298180509,1547
CS(=O)(=O)CCNC(=O)[C@H]1CN(C2CCN(c3nnc(N)[nH]3)CC2)[C@@H](Cc2ccc(Cl)cc2)CO1,0,5,0.039954953948584684,523
CN(C)Cc1ccc2c(c1)CC[C@H](N(C)C(=O)c1ccc(-c3ccccn3)cc1)C2,0,7,0.23503730758826488,1046
C[C@@]12CC(c3ccccc3)C[C@@H](C1)N(CCN1CCN(c3cccc(Cl)c3)C1=O)C2,1,9,0.7377347883921087,3057
Cc1cc(N2CCc3c(c(C)nn3CC34CCC(NS(C)(=O)=O)(CC3)CC4)C2)c2cnn(C)c2n1,0,9,0.05569304161736779,386
NC1=N[C@@]2(CO1)c1cc(-c3cccnc3F)ccc1Oc1c2cc(C2=CCOCC2)nc1F,0,1,0.01197836150636899,3058
COc1ccc2nnc(=O)n(CCN3CCC(NCc4ccc5c(n4)NC(=O)CO5)CC3)c2c1,0,5,0.049336130701870616,3059
CC(C)S(=O)(=O)N[C@@H]1COC[C@@H]1c1ccc(-c2ccc(F)cn2)cc1,0,7,0.1494655887504604,3060
NC[C@]1(c2ccsc2)[C@@H]2CCN(c3cnc4c(-c5cccc(Cl)c5Cl)n[nH]c4n3)C[C@@H]21,1,10,0.82739686112173,3061
O=C(NCC1CCCCO1)c1n[nH]c2ccc(-c3cccc(F)c3F)cc12,0,7,0.12512047539384338,3062
CC1(C)Cc2c(ccc3[nH]ncc23)[C@@H](c2ccc(NC3CN(CCCF)C3)cn2)N1CC(F)F,1,3,0.8799729883208477,420
CCc1nc2ccc(CN3CCN(c4ccc(C(=O)NC)nc4Cl)CC3)cc2[nH]c1=O,0,6,0.026113207767445377,891
CN(C)c1cccc([C@H]2CC[C@@H](N3CC(NC(=O)CNc4nn(C)c5ccc(C(F)(F)F)cc45)C3)CC2)c1,0,2,0.30104981589382035,3063
CC(C)N1CCN(C(=O)N2CCC(Cc3ccccc3)CC2)CC1,0,7,0.19465388412126192,3064
N#Cc1ccc(-c2ccc(C[C@@H](C#N)NC(=O)C3(N)CCOCC3)cc2)cc1,0,3,0.055609316211659605,3065
C[C@@H]1OCC2(CCN(c3ncc(Sc4cccnc4C(F)(F)F)c(=O)n3C)CC2)[C@@H]1N,0,9,0.10381349150399977,876
COC1COCCC1N[C@@H]1C[C@H]2CN(C(=O)NCc3ccccc3)C[C@@]2(C(=O)N2CCc3ncc(C(F)(F)F)cc3C2)C1,0,6,0.04012050398786978,3066
Nc1cc(-c2cn(-c3ccccc3)c3cnccc23)ccn1,1,6,0.2786769050877668,3067
CS(=O)(=O)N1CCN(Cc2cc3c(N4CCOCC4)nc(-c4cnc(N)nc4)c(Cl)n3n2)CC1,0,10,0.061489337402974784,3068
CC1(N)CCN(c2cnc(Sc3cccnc3C(F)(F)F)c(N)n2)CC1,0,9,0.1362515499623855,2132
CC(=O)N(C)c1cccnc1Nc1nc(-c2ccc(OC(C)C)cn2)ns1,0,4,0.1204500046619517,3069
O=C(NCC1CCOCC1)c1n[nH]c2ccc(-c3cccnc3)cc12,0,7,0.16873881671838764,1141
CCn1cc([C@@]2(c3nnc(O)o3)N[C@@H](c3nc(-c4ccc(F)cn4)c[nH]3)Cc3c2[nH]c2ccccc32)cn1,0,3,0.22204860110090774,515
CC(C)(CO)NC(=O)c1nn(-c2ccc(F)cc2F)c2c1C[C@H]1C[C@@H]21,0,1,0.07768202764803303,3070
CC(=O)N1CCc2c(c(N3CCCc4cc(-c5cnn(C)c5)c(C(F)F)cc43)nn2[C@H]2CC[C@H](CN3Cc4cc5c(cc4C3)C(=O)N(C3CCC(=O)NC3=O)C5=O)CC2)C1,0,6,0.16983167083200343,3071
CC(C)C(=O)Nc1ccc(N(C)C)c(C(=O)NCc2cccc(-c3nccs3)c2)c1,0,4,0.17319189646740413,1490
CNC(=O)C(c1cc(-c2ncnc3cc(N4CCOCC4)ccc23)c(F)cc1Cl)c1nccnc1OC,0,3,0.0032381048914087735,247
Cn1ccnc1CN1CCC2(CC1)COC1c3cc(Cl)ccc3OC(C)(C)C1C2,1,10,0.8238937955220033,3072
Nc1ccnc(N2CCC3(CC2)OC(c2ccccc2)c2ccccc23)c1,1,4,0.4248704139006774,3073
N=C(Nc1ccc2c(c1)CCCN2CCNCCO)c1cccs1,0,9,0.09826009395581108,2227
O=C(O)COC[C@H]1CC[C@H](COC(=O)N(c2ccccc2)c2ccc(Cl)cc2)CC1,0,4,0.24542777161802776,3074
CN1CCN(c2cccc3c2C[C@H](NC(=O)c2ccc(OCCC(F)(F)F)nc2)CO3)CC1,0,6,0.15190547452134978,3075
CC(C)(C)n1nc(-c2cnc3cc(OC4CC4)ccc3c2)c(C(N)=O)c1N,0,9,0.02592860861421344,1996
CN[C@@H]1CCN(c2nc(N)nc3cc(C4CC4)cnc23)C1,0,6,0.1181698700027057,3076
CNC(=O)c1nc(C)n2ccc(Nc3nccc(-n4cc(N[C@@H]5CCOC[C@@H]5N)c(C)n4)n3)cc12,0,8,0.053382803330182076,3077
CC1(c2ccc(C#N)cc2)NC(=O)N(CC(=O)c2ncc(F)cc2F)C1=O,0,8,0.07085971340096864,584
NC1=N[C@@]2(CO1)c1cc(-c3cccnc3F)ccc1Oc1c2cc(-c2ccncc2)nc1F,0,9,0.03291496920443028,3078
Brc1cc(Br)cc([C@H]2C[C@@H](CN3CCCC3)N2Cc2ccccc2Br)c1,0,3,0.6701895530788508,3079
COc1cc(-c2cn(C3CCc4ncccc4N(CC(F)(F)F)C3=O)nn2)ccc1-n1cnc(C)c1,0,9,0.3967874165294642,3080
COCCN1CCN(CCNc2nonc2/C(=N/O)Nc2ccc(F)c(Br)c2)S1(=O)=O,0,7,0.07794882547815335,149
N[C@H](CO)Cn1ccc(-c2ccc(Oc3ncc(-c4cc[nH]n4)cc3F)cc2)n1,0,9,0.11731902922659716,3081
CC1(C)CCc2cc(CN3CCC4(CC3)CCN(C(=O)c3ccc(N)cn3)CC4)ccc2O1,0,4,0.16295278187282441,3082
CCOC(=O)C1=C(CN2C[C@H]3CN(C)C(=O)N3C[C@@H]2C(=O)O)NC(c2nccs2)=N[C@H]1c1cccc(F)c1Cl,0,3,0.06404096208123551,2390
CCOC(=O)c1c(CSc2ccc(C)cc2C)n(Cc2ccc(C)cc2)c2cc(Br)c(O)cc12,0,8,0.17999937794936124,2725
Cc1ncc(-c2ccnc(Nc3ccc(C(N)=O)cc3)n2)n1C(C)C,0,6,0.08999006309445419,558
N#Cc1ccc(COc2cccc(N3C=NN(Cc4nc5c(F)cc(C(=O)O)cc5n4C[C@@H]4CCO4)CC3)n2)c2occc12,0,9,0.2886087176894617,3083
Cc1nc(N2CCN(C(=O)[C@@H]3CCCC[C@H]3C(=O)NC3(C#N)CC3)CC2)sc1C,0,7,0.021662584441029385,991
O=C(c1ccccc1C(F)(F)F)N(CC1CC1)[C@H]1CCNC1,0,1,0.03345869316264636,3084
Nc1nnc(N2CCC(N3C[C@H](Cn4cccn4)OC[C@@H]3Cc3ccc(Cl)cc3)CC2)[nH]1,0,1,0.02794169673672777,2237
Oc1ccc(Br)c2c1CNC(CN1CCC3(CCc4ccccc43)CC1)C2,1,10,0.6883531252088669,816
Cc1cc(-n2ncc(CN3C[C@@H](c4ccc5c(c4C)COC5=O)N[C@@H](C)C3)n2)ncc1C#N,0,6,0.0985650756718503,2301
CC(O)[C@H]1CN(C2CCN(c3nnc(N)[nH]3)CC2)[C@@H](Cc2ccc(Cl)cc2)CO1,0,6,0.0225444126538589,523
N#Cc1cc(O[C@@H]2C[C@H]3CC[C@@H](C2)N3)nc(-c2ccccc2)c1,1,6,0.447313919510806,3085
COCCCN(C)S(=O)(=O)Nc1ccc2ccc3ncc(-c4cnn(C)c4)cc3c(=O)c2c1,0,10,0.06304255131869424,60
COc1nccnc1CC1=C(CCN(C)C)Cc2cc(Cl)ccc21,1,5,0.6667486903360513,941
C[C@H]1C[C@@H](N2C(=N)N[C@](C)(c3cccc(Nc4ccc(C5CC5)nc4)c3Cl)CC2=O)CCO1,0,10,0.2604637627398372,3086
Cc1cnc(C(C(N)=O)c2ccc(F)c(-c3ncnc4cc(N5CCOCC5)ccc34)c2)c(C)n1,0,1,0.007687080603029985,247
CCOC(=O)C1CCN(CCCOc2ccc(S(N)(=O)=O)cc2)CC1,0,5,0.11465257223606606,2119
O=C1COc2ccc(CN[C@@H]3CCN(CCn4c(=O)ccc5ncc(Oc6ccon6)cc54)C[C@@H]3F)nc2N1,0,1,0.03305613504928117,1874
CC(C)c1nccn1Cc1cn(-c2ccc(Cl)cc2)nn1,1,3,0.88528627873214,23
CNC(=O)c1cccc(NC(=O)COc2ccc(C(=O)c3cc(Cl)ccc3Br)cc2)c1,1,4,0.7870557464934602,180
C[C@@H]1CCC[C@H](C)N1CCNc1cn(Cc2ccc(F)cc2)nn1,1,3,0.31260723607123814,3087
O=c1ccc2ncc(F)c3c2n1C[C@@]3(O)CC12CCC(NCc3cc(Cl)c4c(c3Cl)OCCO4)(CC1)CO2,0,2,0.15086509418174246,2134
Cc1ccc(CN2CCC(Oc3ncnc4c3ccn4Cc3ccccc3)CC2)nc1,1,8,0.7612220822104664,888
C[C@H]1Cc2c(ncnc2Oc2ccc3c(ccn3C(=O)Nc3cccc(C(F)(F)F)c3)c2)CN1,0,2,0.14708098452589863,3088
Cc1[nH]c(/C=C2\C(=O)Nc3ccc(F)cc32)c(C)c1NC(=O)CCN1CCN(C)CC1,0,4,0.19689850563573452,3089
Cn1cnc2ccnc(C(O)c3ccc(F)c(-c4ncnc5cc(N6CCOCC6)ccc45)c3)c21,0,2,0.009612496053732912,3090
CC(C)(C)C(=O)NCCC1CCN(c2ncnc3cc(C(N)=O)sc23)CC1,0,4,0.0848515707498187,3091
CN(c1ncnc2[nH]ccc12)[C@@H]1CCN(C(=O)CC#N)C1,0,1,0.0892507494306599,3092
CN(Cc1nc2ccccc2c(=O)[nH]1)Cc1nc(-c2ccccc2)no1,0,3,0.1131982599109875,3093
CCN(CCCC(=O)NCCO)C(=O)c1ccc2c(c1)c1c(n2C)CC[C@@H](C2CCOCC2)C1,0,7,0.054245368275664854,1555
O=C(NC1CCOC1)c1n[nH]c2ccc(-c3cccc(F)c3F)cc12,0,3,0.08379242508539839,3094
Cc1ccn(CC(=O)N2CCN(c3sc(C(F)(F)F)nc3-c3cnc(C(F)(F)F)nc3)C[C@@H]2CCO)n1,1,9,0.9315752368609809,333
CCc1ccc(-n2c(=O)c3c(CN(C)C)c(-c4ccc(NC(=O)NOC)cc4)sc3n(Cc3c(F)cccc3F)c2=O)nn1,0,5,0.31968625260650296,2070
Cc1nc([C@@]2(c3cnn(C)c3)N[C@H](c3nc(-c4ccc(F)cc4)c[nH]3)Cc3c2[nH]c2ccccc32)no1,1,5,0.46217533728381643,3095
C[C@H](Oc1ccc(C(=O)NC2CC2)cc1-c1cn(C)nn1)c1ccccn1,0,4,0.09210921364254364,3096
O=C(O)CC(CN1CC[C@@H](CCc2ccc3c(n2)NCCC3)C1)c1cccc(-n2ccnc2)c1,0,10,0.2676616622201591,3097
Oc1ccc(Cn2c(-c3cscn3)nc3ccccc32)c2cccnc12,0,3,0.3596898758780233,3098
COc1cc(-c2cncc(-c3ccc(N4CCN(S(C)(=O)=O)CC4)cc3)c2C)cc(OC)c1OC,0,5,0.13608460139904313,2245
COc1cc(N2C(=O)N(c3ccc(-c4ccc(C(=O)O)cc4F)cc3)C(=O)C23CCN(Cc2ncccc2C)CC3)ncn1,0,2,0.1875472044519139,56
CC(C)(C(=O)O)c1ccc(CN2CCC(=C3c4ccc(Cl)cc4CCc4cccnc43)CC2)cc1,0,3,0.3337117263632298,3099
Cc1csc([C@@]2(CN)[C@@H]3CN(c4cnc5c(-c6ccc7nn(C)cc7c6Cl)n[nH]c5n4)C[C@@H]32)n1,0,7,0.1766947956429197,251
CCn1cncc1Cn1cc(-c2ccc(F)c(C)c2)cn1,1,3,0.8635185838480529,3100
Cc1nccn1Cc1cn(-c2ccc(Cl)c(OC(F)F)c2)nn1,1,7,0.9633577249814118,23
CN1CCC[C@@H]1COc1ccc(/C(=C(/CCCO)c2ccccc2)c2ccc(O)cc2)cc1,0,7,0.2721661276608306,3101
Cn1cnc2ccc(-c3nc4ccc(C5CC5)cc4n(-c4ccc(OC(F)F)cc4)c3=O)cc21,0,3,0.34620149341078643,3102
COc1cc(F)ccc1-c1cncc(CNC2CCCC2)n1,0,1,0.30148068577875536,3103
c1cc(-c2cn(C3CCOCC3)c3cnccc23)ccn1,0,3,0.20439459655079747,3104
CS(=O)(=O)NCC1CC2(c3ccc(F)cc3)NC1CCC2NCc1cc(OC(F)(F)F)ccc1OC1CC1,1,7,0.5071780197378589,3105
CC1CN(CCOC(=O)c2ccc(N)cc2)CC(C)O1,0,1,0.16599569824624785,3106
CN1C[C@@H]2C[C@H]1CN2c1ccc(-c2ccc3[nH]c(C(F)(F)F)cc3c2)cn1,1,3,0.8896765834717651,1481
COc1nc2ccc(Br)cc2cc1C(c1cccc(C)c1)C(O)(CCN(C)C)c1cccnc1OC,1,10,0.6752191425581224,1269
Cc1csc(C(O)c2cnc(F)c(-c3ncnc4cc(N5CCOCC5)ncc34)c2)n1,0,9,0.05140562463664026,854
CC(C)c1ncn(CC(=O)N2CCN(c3sc(C(F)(F)F)nc3-c3cnc(C(F)(F)F)nc3)C[C@H]2C)n1,1,7,0.8990140028252305,115
Cc1c([C@@H](O)CN2CCC3(CC2)CN(c2ccc(=O)n(C)n2)C(=O)O3)ccc2c1COC2=O,0,3,0.04060237590183384,3107
COc1ccnc(-c2nc(O)c(O)c(C(=O)N[C@H](C)C3CCCCC3)n2)c1,0,7,0.051204022979025494,3108
Cc1cc(Nc2cc(N[C@@H]3CCCC[C@@H]3N)cnc2C(N)=O)nc(-n2nccn2)n1,0,4,0.22772743481507618,3109
CCCCCCCN(CC)C/C=C/CCc1ccc(Cl)cc1,1,8,0.936932690563591,156
CCNC1=N[C@@H]2[C@@H](O)[C@H](O)[C@@H](C)O[C@@H]2S1,0,4,0.0668711486905487,283
Cc1cc(Cn2cc(-c3ccc(Cl)c(C)c3)cn2)n(C)n1,1,5,0.9289736263232105,434
CC(C)(C)c1cc(NC(=O)Nc2ccc(Oc3ccnc4[nH]c(=O)cnc34)cc2F)n(-c2cccc(C(F)(F)F)c2)n1,0,10,0.11334251021264391,129
Cc1cccc(Nc2ccc(-c3ccc(N4CCNCC4)nc3)cc2)n1,1,9,0.3015617477472403,3110
CCOC[C@@H](CC(C)C)NC(=O)[C@@H]1CNC[C@H](C(=O)N(c2cc(OC)c(C(C)C)cn2)C2CC2)[C@@H]1O,0,8,0.0874993933497057,82
Cc1ncoc1-c1nnc(SCCCN2[C@@H]3CC[C@H]2C[C@@H](c2ccc(C(F)(F)F)cc2F)C3)n1C,1,2,0.9323894400723848,440
O=C(O)CCNC1CC[C@@]2(Cc3ccccc3Cc3ccccc32)C1,0,2,0.17532497154723958,3111
C[C@H](Oc1cc2cc(C(N)=O)ccc2nc1N)c1cc(F)ccc1-n1cccn1,0,7,0.07360064585762403,2531
COC(=O)CC1OC2(CCN(CCc3ccccc3)CC2)CN(c2ccccc2)C1=O,1,9,0.622165023567836,224
CC(C)[C@@H](CN1CCC(c2cccc(F)c2)CC1)NC(=O)[C@H]1Cc2ccc(O)cc2CN1,1,5,0.4729653911431956,2584
O=C1c2nc3cccc(-c4ccccc4)c3n2CCN1CC1CC1,0,5,0.19147308102502086,3112
O=C(NCC1CCN(Cc2cccc(C(F)(F)F)c2)CC1)c1cc(Cl)cc(Cl)c1,1,3,0.7631536689670906,574
Cc1cnc(N2CCN(Cc3ccc4c5c(c(=O)[nH]c4c3)CCCN5)CC2)n1C,0,8,0.14393532249781796,3113
Cc1cc(CN2CCN(C(=O)/C=C/c3ccc(Cl)cc3Cn3nnc(C)n3)CC2=O)on1,0,1,0.07366797864088437,3114
Clc1cccc(C2CC=CCNC2)c1,0,1,0.12202949723483528,1943
CC(C)c1cc(CN2Cc3ccccc3S2(=O)=O)nn1C(C)(C)C,0,10,0.30456961426968426,3115
COC1(c2ccc(NC(=O)c3cc(=O)c4cc(F)cc(-c5c(C)nn(C)c5C)c4o3)cn2)CCOCC1,0,7,0.15803290639692594,3116
Cc1nn(CCOCC(F)(F)F)c2c(Nc3ccncn3)nc(N3CCN[C@H](C)C3)nc12,1,6,0.33096750912724265,3117
O=C(CN1C(C(=O)c2ccccc2)=C(O)c2ccccc2S1(=O)=O)c1ccccc1,0,10,0.22131959669643403,3118
Cc1ccc(/C(=C(\CCCO)c2ccccc2)c2ccc(N3CCN(C(C)C)CC3)cc2)cc1,0,9,0.09019931528565145,2917
COc1cc(C#Cc2sc(NC(=O)NCCOCC3CC3)nc2C)cnc1OC,0,1,0.1266654792501998,2794
CCOc1ccc2cc(-c3nn(C(C)(C)CCO)c(N)c3C(N)=O)ccc2n1,0,10,0.013510706603657378,179
Cc1cc(C#N)ccc1-c1cc2c(cn1)ncn2-c1ccc(OC(F)F)cc1,1,5,0.3252280777363201,3119
COc1ccc2nccc(NC(=O)[C@]3(O)CC[C@@H](NCc4ccc5c(c4)OCCO5)CC3)c2n1,0,5,0.09137220322308245,3120
CCN1CCN(c2cc3[nH]c(C(=O)[C@]4(C)CC[C@@](C)(O)CC4)nc3cc2Cl)CC1,0,5,0.1307963127382116,2081
CC(C)(C)c1nccn1Cc1cn(-c2ccc(Cl)c(OC(F)F)c2)nn1,1,8,0.9420039867723331,23
CCN(CCO)C(=O)c1cc2ccccn2c1-c1cccc(OC)c1,0,7,0.21217526320428773,3121
Cc1cc(NC(=O)C(=O)N2C[C@@H](C)CC[C@@H]2c2ccc3scnc3c2)cnc1N,0,4,0.15487423528590802,3122
C[C@H]1CN(c2cncc(OCc3ccc(C#N)cc3F)n2)CCN1Cc1nc2ccc(C(=O)O)cc2n1C[C@@H]1CCO1,0,1,0.11870254750259314,3123
COc1ccc([C@]2(O)CC[C@H](N3CC[C@@H](NC(=O)CNC(=O)c4cccc(C(F)(F)F)c4)C3)CC2)cn1,0,5,0.029040879154939525,3124
CCC(=O)CCCCC[C@H](NC(=O)[C@H]1CC12CCN(C)CC2)c1ncc(-c2ccc3ncccc3c2)[nH]1,0,9,0.01658721826580822,203
CS(=O)(=O)c1ccc(-c2nn(-c3ccc(F)cc3)cc2Sc2ccc(Cl)cc2)cc1,1,6,0.2929749278629414,3125
C[C@@H]1CN(c2sc(C3CC3)nc2-c2nc3ccccc3[nH]2)CCN1C(=O)Cn1cnc2cccnc21,1,2,0.5972305909520266,3126
CC(C)Oc1ccc(-c2nsc(Nc3ncccc3N(C)C)n2)nc1,0,8,0.28839516489537,3069
COc1nnccc1C(O)c1cc(-c2ncnc3cc(N4CCOCC4)ccc23)c(F)cc1Cl,0,2,0.012331724498906052,2479
COc1cc(-c2cc3sc(N4CCC(N5CCCCC5)CC4)nc3cn2)ccn1,1,8,0.5665378127045516,3127
Cc1cnc(NC(=O)c2cc(Oc3ccc(C(=O)N(C)C)cc3)c3cc(C)oc3c2)cn1,0,5,0.11435342975410134,3128
CC(NC(=O)C1(N)CCN(c2ncnc3[nH]ccc23)CC1)c1ccc(F)cc1,0,3,0.0168356269692242,667
Cn1nc(C(O)c2cc(-c3ncnc4cc(N5CCOCC5)ccc34)c(F)cc2F)ccc1=O,0,10,0.0014792359345459287,130
CCOC(=O)C1CCN(c2cc(C(=N)N(C)C)ccc2C(=O)Nc2ccc(OC)cc2C(=O)Nc2ccc(Cl)cn2)CC1,1,5,0.5628639055565238,451
Cn1cc(-c2cc3nccnc3c(OC[C@H]3CCCNC3)n2)cn1,0,1,0.05788443165403239,3129
CC(=O)Nc1cc(Nc2cc(NC3CC3)n3ncc(C#N)c3n2)ccc1C1CC1,0,10,0.05429558313683072,3130
O=C(c1cc(F)cc(F)c1)N1CCN(c2ccc(OCCCN3CCCCCC3)cc2)C(=O)C1,0,7,0.09073921502172096,419
CCCNC(=O)CCCN1CCC[C@@H]1Cn1nc(Cc2ccc(Cl)cc2)c2ccccc2c1=O,1,10,0.87279962287442,178
COC1COCCC1N[C@@H]1C[C@H]2CN(c3ncccn3)C[C@@]2(C(=O)N2CCc3ncc(C(F)(F)F)cc3C2)C1,0,10,0.03220161615520802,3131
O=C(NC[C@@H](O)CN1CCC(Oc2ccc(Cl)c(Cl)c2)CC1)c1c[nH]c(=O)c2cc(S(=O)(=O)N3CCC3)ccc12,1,4,0.6530568894676178,3132
CCCCc1cc(OC2CCN(CCCCNS(=O)(=O)C3CCCCC3)CC2)c2ncccc2c1,1,4,0.8570476699058895,3133
Cc1ccc(-c2c(C)c(CNC3CCCC3)nn2-c2ncccc2Cl)cn1,0,4,0.08687722046889079,587
CS(=O)(=O)NCC(NC(=O)C1(N)CCN(c2ncnc3[nH]ccc23)CC1)c1ccc(Cl)cc1,0,9,0.024316912149388602,667
CC(=O)Nc1cc(Nc2cc(NC3COC3)n3ncc(C#N)c3n2)c(F)cc1C1CC1,0,5,0.06571397226947365,3134
COc1cc(Nc2cc(Oc3ccc(NC(=O)Nc4cc(C(C)(C)C)cc(NS(C)(=O)=O)c4OC)c4ccccc34)ccn2)cc(OC)c1C(=O)NCCOCCOCCO,0,1,0.1352463239780422,69
c1cnc2c(NC[C@@H]3CNCCO3)nc(-c3ccc(C4CCOCC4)cc3)cc2n1,0,5,0.054717089031864626,3135
CCC[C@@H](CCO)Nc1nc(N)nc(C)c1Cc1ccc(CN(CC(=O)O)CC(F)F)cc1OC,0,4,0.051559746800632425,187
Cc1ccc2c(-c3nnc(SCCCN4CCc5ccc6oc(-c7cc(C)nn7C)nc6c5CC4)n3C)cccc2n1,1,2,0.8436065362578585,3136
O=C(Cn1cc(Nc2nncc3cc(OCCCN4CCC[C@@H]4CO)ccc23)cn1)Nc1cccc(F)c1F,0,10,0.15478494174006657,2903
NC1=N[C@]2(CO1)c1cc(C3=CCOCC3)ccc1Oc1ccc(-c3cncnc3)cc12,0,8,0.21604897562045536,3137
COc1cc2nccc(Oc3ccc(NC(=O)C(C)(C)C(=O)Nc4ccc(F)cc4)cc3)c2cc1OC,0,5,0.08975743197305203,3138
C[C@]12CC[C@H](NC(=O)c3ccnnc3)CC1=CCC1C2CC[C@]2(C)C(n3cnc([N+](=O)[O-])c3)=CCC12,0,8,0.11812261495133768,3139
CCCCCCCN(CC)CC#CCOc1ccc(Cl)cc1,1,8,0.8193168572956708,156
Cn1c(SCCCN2CC3CCN(c4ccc(F)cc4)C3C2)nnc1-c1cnccn1,1,1,0.979602954337701,170
C[C@H]1c2c([nH]c3ccc(C(F)(F)F)cc23)C[C@H]2CCN(CCCC3(C(=O)O)CCOCC3)C[C@@H]21,1,3,0.4419498683890603,3140
O=C(/C=C/c1ccc2c(c1)CN(S(=O)(=O)Cc1ccccc1)C2)NO,0,1,0.06621015480506497,3141
CNC(=O)c1nc(C)n2ccc(Nc3nccc(-n4cc(N[C@@H]5CCOC[C@@H]5N)cn4)n3)cc12,0,5,0.04359242404693889,3077
CS(=O)(=O)NC(=O)c1ccc(-c2ccc(Cl)c(Cl)c2)cc1,0,2,0.14845973619116778,1260
NS(=O)(=O)c1c(C(F)(F)F)ccc(-c2ccc(C3CCN(CC4CNC4)CC3)cc2)c1-c1nn[nH]n1,0,4,0.13564698823810595,3142
O=C(NCCN1CCC(c2cccc(C(F)(F)F)n2)CC1)C1CCOCC1,0,1,0.02483711297546626,2852
COc1cc(CCC(C)(C)N2Cc3cccc(C(=O)N4CCN(C)CC4)c3C2)ccc1O,0,6,0.2805044059504605,3143
Cc1nc2nc(C)c(CCNC(=O)c3cnc(-c4ccc(CN5CCOCC5)cc4)cn3)c(C)n2n1,0,7,0.20627013567944166,3144
CNC(=O)[C@@H]1C[C@H](N2CCc3c(cccc3OCCOC)C2)CN1C(=O)c1ccc(CN)c(OC)c1,0,7,0.057322609644047506,511
OC(c1ccc(F)c(-c2ncnc3cc(N4CCOCC4)ccc23)c1)c1ncccc1OC(F)(F)F,0,7,0.011148348746339265,1450
COc1cc(NCC2CCNCC2)nc2c1nnn2-c1cccc(N(C)C)c1,0,1,0.23393746648383712,3145
C[C@@H](NC(=O)c1ccc(C#N)cc1)[C@H]1[C@@H]2C[C@@H](n3cnc4cc(F)c(F)cc43)C[C@@H]21,1,5,0.4480941654422017,118
CN1CCN(C(=O)c2ccc(OCc3cccc(Cl)c3)c(Cl)c2)CC1=O,1,9,0.32878459216711176,3146
Cc1nccn1Cc1cn(-c2ccc(F)c(OC(F)F)c2)nn1,1,8,0.9099390328604452,23
N#Cc1ccc2cc1Oc1ccc3c(c1)[C@@H](CCO3)N1CC[C@@H](NCc3cncn3C2)C1=O,1,5,0.42529740163180096,3147
Cc1ccc([C@]2(O)CC[C@H](N3CC(NC(=O)CNC(=O)c4cccc(C(F)(F)F)c4)C3)CC2)cn1,0,2,0.01732067149864143,1391
C[C@@H]1CN(c2sc(C(F)(F)F)nc2-c2cnc(C(F)(F)F)nc2)CCN1C(=O)Cn1cnc(C(F)(F)F)n1,1,9,0.9395545263673887,115
CC(C)N1CCN(C(=O)N2Cc3ccccc3C2)CC1,0,10,0.07617334355120836,3148
CCOc1ccc2cc(-c3nn(C(C)(C)CCO)c(N)c3C(N)=O)ccc2c1,0,7,0.011400868131914564,33
Cc1ccccc1S(=O)(=O)N1Cc2ccc(/C=C/C(=O)NO)cc2C1,0,1,0.051279378129884895,917
Cc1nc2c(C(F)(F)F)cccc2c(=O)n1-c1ccc(OCCCN2CCCC2)cc1,1,4,0.29077469378506376,1317
OC(c1ccc(F)c(-c2ncnc3cc(N4CCOCC4)ccc23)c1)c1nncc2ccsc12,0,9,0.017490842945766197,1044
CC(N(C)C)C1(c2ccc(Cl)c(Cl)c2)CCCCC1,0,1,0.3547311352835892,3149
CCC(=O)CCCCC[C@H](NC(=O)C1CNC(=O)C1)c1ncc(-c2cc3ccccc3nc2OC)o1,0,5,0.16171519843633547,3150
N#Cc1ccc2cc1Oc1ccc3cccc(c3c1)N1CC[C@@H](NCCc3cncn3C2)C1=O,1,8,0.493919371574641,3151
Nc1nc2ccc(C(=O)NCc3ccccc3[N+](=O)[O-])cc2s1,0,4,0.07909640355732524,2140
O=C1OCc2cc(CCN3CCN(C(=O)Cc4ccc(-n5cnnn5)cc4)CC3)cc(F)c21,0,9,0.1689227048953739,670
Cc1nc2c(s1)CC[C@H]2C(=O)Nc1ccc(C[C@@H]2CC[C@H]([C@H](O)c3cccnc3)N2)cc1,0,6,0.1052402226991306,1788
Cc1nccn1Cc1cn(-c2cc(F)cc(C(F)F)c2)nn1,1,4,0.8901137636325568,23
Cc1c(N2CC[C@@H](C3(N)CC3)C2)c(F)cc2cc(-c3noc(=O)[nH]3)c(=O)n(C3CC3)c12,0,3,0.06296232570170607,3152
Cc1c([C@H](O)CN2CCN(C[C@@H](O)c3ccc4c(c3C)COC4=O)CC2)ccc2c1COC2=O,0,10,0.03503193431211921,3153
O=C(NC1CCN(Cc2ccc3ncoc3c2)CC1)c1cc(=O)c2ccc(F)cc2o1,0,9,0.4056671177108524,3154
N#CC1(NC(=O)[C@@H]2CCCC[C@H]2C(=O)N2CCN(c3nccs3)CC2)CC1,0,4,0.023697078368064964,991
Cn1ccc([C@]2(O)CC[C@H](N3CC(NC(=O)CNC(=O)c4cccc(C(F)(F)F)c4)C3)CC2)n1,0,4,0.03075382365117898,3155
COc1ccc(-c2ccc(C(=O)O)cc2C)cc1-c1cnc(N(C)C)nc1CN1C(=O)O[C@H](c2cccc(OC(F)(F)F)c2)[C@@H]1C,0,9,0.03421148533937945,1155
Nc1nc(N2CCC(N3Cc4ccncc4OC[C@@H]3Cc3ccc(Cl)cc3)CC2)n[nH]1,0,3,0.09834449105767838,3156
CC1(C)CCc2cc(S(=O)(=O)N(CC(=O)O)Cc3cccc(-c4ccccc4)c3)ccc2O1,0,6,0.1928741089154272,3157
O=C1C(COCc2ccccc2)OC2(CCN(CCc3ccccc3)CC2)CN1c1ccccc1,1,1,0.8817046472778566,3158
Cc1[nH]c2ccccc2c1CCN1CCc2cc(/C=C/C(=O)NO)ccc2C1,0,10,0.1917267686276462,3159
CNC(=O)c1ccc(Nc2nccc(-c3cnc(C)n3C(C)C)n2)cc1F,0,9,0.07030595743833755,558
Cc1nccn1Cc1cn(-c2ccc(Cl)cc2)nn1,1,10,0.8459907274909467,23
CCc1ccccc1C(=O)N(CC1CCC1)[C@H]1CCNC1,0,1,0.05733549997958857,1764
COC[C@H](C)Nc1cc(NC(=O)N2CCCc3cc(CN4CCN(C)CC4=O)c(C=O)nc32)ncc1C#N,0,10,0.04871554823231766,861
Cc1nc(C)c(-c2nnc(SCCCN3C[C@@H]4C[C@]4(c4ccc(C(F)(F)F)cc4)C3)n2C)s1,1,4,0.9847213155372465,3160
CC(=O)NC(C(=O)Nc1ccc(C(O)(C(F)(F)F)C(F)(F)F)cc1)c1ccc(S(C)(=O)=O)cc1,0,1,0.039680484017788946,1343
NC(=O)C(c1ccc(F)c(-c2ncnc3cc(N4CCOCC4)ccc23)c1)c1ncccc1Cl,0,9,0.0020491285107920166,1450
CNC(=O)C(c1cc(-c2ncnc3cc(N4CCOCC4)ccc23)c(F)cc1Cl)c1nccnc1C,0,7,0.011319758755699218,247
CCc1c(C)[nH]c2c1/C(=N/NC(=O)Nc1ccccc1)CCC2,0,6,0.2590506310739511,3161
N#CCCN1C(=O)c2ccccc2C1C(=O)NCc1ccc(OC(F)(F)F)cc1,0,6,0.07893292911564603,1232
Cc1ccc(-c2ccc3cc(CCN4CCC[C@H]4C)ccc3n2)cn1,0,5,0.39207391965050786,811
Cc1cnc(Nc2cc(N3CCOCC3)nc(N[C@@H](C)c3ncc(F)cn3)n2)s1,0,8,0.05710615753639523,3162
CCC(NC(=O)c1ccc(Cl)cc1)[C@H]1[C@@H]2C[C@@H](n3cnc4cc(C#N)cnc43)C[C@@H]21,1,8,0.4941339107624314,3163
Cc1nc2ncc(Oc3ccc(F)cc3)nc2c(=O)n1C[C@H]1CCCN(C(C)C)C1,0,5,0.2472166109837092,3164
Cc1cccc(Nc2nc(N[C@@H]3CCNC3)ncc2C(N)=O)c1,1,2,0.3087280870558625,3165
NC(=O)c1ccc(-c2cc(C(=O)O)cc(-n3cc(-c4ccc(C(F)(F)F)cc4)nn3)c2)cc1,1,2,0.17576005730117839,3166
Cc1sc(Nc2ccc(Cl)cc2F)nc1C(=O)N1CCC[C@H](C)[C@@H]1C,0,2,0.25681960460867453,3167
COc1cncc(OCC[C@@H](C)N)c1-c1cc(Nc2cnc(C#N)cn2)n[nH]1,0,2,0.057753964921135374,293
Cc1ccc(C(=O)C2CCN(CCCc3ccccc3)CC2)cc1,1,9,0.7537149474420102,3168
Clc1cccc(-c2cnc3ccc(NC4CCOCC4)nn23)c1,0,8,0.2680307323258091,3169
O=C(O)c1cc(F)c2nc(CN3CCN(c4cccc(OCc5ccc(Cl)c6c5OCC6)n4)C=N3)n(C[C@@H]3CCO3)c2c1,1,1,0.10542237426980065,3170
CC[C@@H]1NC(c2cc(C#N)ccn2)=NC1(c1ccc(F)cc1)c1ccc(F)cc1,1,10,0.6038796218246157,2375
Cc1ncccc1-c1nc2cn(-c3ccccc3)nc2c(=O)n1C[C@H]1CCCN(C[C@H]2CCCO2)C1,0,3,0.19482414855985947,2133
COc1nn(C)cc1Nc1ncc(F)c(-c2c[nH]c3c(NC(=O)[C@@H](C)N4CCN(C)CC4)cccc23)n1,0,1,0.04468647943782389,880
CNC(=O)c1cc(Oc2ccc3nc(NC(=O)c4cc(C(F)(F)F)cc(C(F)(F)F)c4)sc3c2)ccn1,0,2,0.09624496005145876,3171
CCc1ncnn1CC(=O)N1CCN(c2sc(C(F)(F)F)nc2-c2cnc(C(F)(F)F)nc2)C[C@H]1C,1,8,0.7606910501682435,115
CS(=O)(=O)C1(c2cc(N3CCOCC3)nc(-c3cccc4[nH]ccc34)n2)CCNCC1,0,1,0.0994202626147223,3172
c1ccc(-c2noc(CN3CCN(Cc4nc5ccccc5s4)CC3)n2)cc1,0,2,0.2926882130407593,3173
CCN(CC)[C@@H](C)CNC(=O)c1cc(-c2cnn3ccc(-c4cccs4)nc23)nc(N2CC(O)C2)c1,0,2,0.21532989883412781,3174
CC(C)(C)OC(=O)n1c2c(c3ccccc31)C[C@H]1C(=O)N3C[C@@H](CC(=O)O)C[C@H]3[C@@H]2N1C(=O)CC1CCC(F)(F)CC1,0,8,0.2285471825715109,3175
CCN(C(=O)c1cc(F)ccc1Oc1cncnc1N1CC2(CCN(CC3(C)CC3)CC2)C1)C(C)C,0,9,0.16592132141936605,3176
COc1cc(N2CC=C(Oc3ccc(C4CC4)cc3)C2=O)ccc1OCCN1CCC[C@@H]1CO,0,5,0.2887453061120323,3177
COC1COCCC1N[C@@H]1C[C@H]2CN(C(=O)OCC(C)C)C[C@@]2(C(=O)N2CCc3ncc(C(F)(F)F)cc3C2)C1,0,6,0.028001516581462174,182
O=C(O)C[C@H]1CC[C@@H](Oc2ccc(-c3ccc(-c4nc5ccccc5[nH]4)cn3)cn2)CC1,0,9,0.0992190858336916,606
Cc1ccc(C23CNCC2C3)cc1,0,4,0.17493544471259087,564
Nc1nc(N2CCC(N3Cc4cnccc4OC[C@@H]3Cc3ccc(Cl)cc3)CC2)n[nH]1,0,9,0.1365757188442507,3178
N#Cc1cnc(Nc2cc(NC[C@@H]3CNCCO3)c(C#CC3(O)CCCC3)cn2)cn1,0,2,0.11204377185131048,3179
COc1cc2c3c(ccc2cc1C#N)O[C@H](c1cc(F)c(F)cc1F)[C@@H](N)C3,0,7,0.3067210467883464,3180
COc1ccccc1OCCNCC(O)COc1cccc2[nH]c3ccccc3c12,0,8,0.4015602457702782,3181
COc1cc(N2Cc3cn(-c4ccc(Cl)cc4)nc3C2=O)ccc1N1C[C@H](O)[C@@H](O)C1,0,7,0.09419700379124304,2630
N#Cc1ccc(N2CCC(Nc3cc(Nc4ccccn4)ncc3C(N)=O)CC2)nc1,1,9,0.0627340327378788,3182
CN1C(=O)C=C[C@]2(C)[C@H]3CC[C@]4(C)[C@@H](O)/C(=C/c5cc(F)cc(F)c5)C[C@H]4[C@@H]3CC[C@@H]12,1,3,0.540917153591638,3183
CCC(O)(c1cn(Cc2ccc3c(-c4ccccc4)c(C(=O)NC)sc3c2)nn1)C(F)(F)F,0,10,0.11706183722686109,142
O=C1COc2ccc(CNC34CCC(CCc5c(F)cnc6ccc(OC(F)F)nc56)(CC3)OC4)nc2N1,1,4,0.8861311420230159,265
FC(F)Oc1cc(-c2cnn(CCc3cn[nH]c3)c2)ccc1Cl,1,2,0.7956345224639682,845
Nc1nc(-n2nc(Cc3ccccc3F)c3ccccc32)nc2c1CC(=O)N2,0,6,0.11378190773165071,3184
CC(C)(C)c1cc(NC(=O)n2ccc3nc(Oc4ncnc5c4CNC5)ccc32)no1,0,1,0.06494079237565328,3185
N[C@H](C(=O)N1CCCC1)[C@H]1CC[C@H](NC(=O)c2cccc3ccccc23)CC1,0,10,0.11613181616059047,3186
O=C(O)C[C@H](CN1CC[C@@H](CCc2ccc3c(n2)NCCC3)C1)c1cc(C2CC2)cc(N2CCOCC2)c1,0,7,0.15484451454397538,3187
O=P(c1ccccc1)(c1ccccc1)N(Cc1ccccn1)c1cccnc1,0,4,0.15525729977079153,3188
CC(C)N(C)[C@@H]1CC[C@H](N2CC[C@H](NC(=O)c3cccc(C(C)(C)C)c3)C2=O)[C@H](CS(=O)(=O)C(C)C)C1,0,8,0.032444020470505874,934
CNCCN1CCCc2cc(NC(=N)c3cccs3)ccc21,0,9,0.11761594252012446,2227
COc1ccc(-c2nnc(SCCCN3CCc4ccc(-c5cc(C)on5)cc4CC3)n2C)cn1,1,2,0.8709032528395861,3189
CCOc1ncc(-c2nc(C(F)(F)F)sc2N2CCN(C(=O)Cn3ncc4cccnc43)[C@H](C)C2)cn1,0,8,0.277417086671281,3190
CCc1nccnc1C(O)c1ccc(F)c(-c2ncnc3cc(N4CCOCC4)ccc23)c1,0,4,0.029297086943863338,247
N#Cc1c(N2CCOCC2)sc(-c2nc[nH]n2)c1-c1ccc(NC(=O)Nc2ccccc2Cl)cc1,0,7,0.18527113137834797,3191
NC(=O)N1CCC(c2c(-c3ccc(N4CCOCC4)nc3)n(-c3ccc(Cl)cc3)c3cnccc23)CC1,1,2,0.16106704296588345,3192
CN(C)C(=O)N1N=C(c2cc(F)ccc2F)C[C@@]1(CCCN)c1ccccc1,0,1,0.24892580675200413,3193
NC(=O)CNC(=O)COc1ccc2cc(Oc3ccccn3)ccc2n1,0,4,0.09333337660744082,3194
N#Cc1ccc(N2CC[C@H](Nc3c(C(N)=O)cnc4[nH]ccc34)[C@H](F)C2)nc1,0,9,0.04829541614052113,924
Cc1[nH]c(-c2ccccc2)cc1C(=O)NCCCN1CCN(c2cccc(Cl)c2Cl)CC1,1,3,0.8041426922402404,1927
O=C(O)Cc1c2n(c3ccccc13)C[C@H](N(Cc1ccc(F)cc1)S(=O)(=O)c1ccc(F)cc1)CC2,0,3,0.19787474245563458,3195
Cc1nnn(-c2ccc(F)cc2)c1COc1ccc2c(n1)CCN(C(=O)NC1CC(=O)N(C)C1)C2,0,6,0.10903904445709588,3196
CCCCCCCN1CCC(Cc2ccccc2)CC1,1,10,0.8045982395533171,3197
COc1ccc2cc(-c3nn(C(C)(C)C)c(N)c3C(N)=O)cnc2c1,0,6,0.021476977919643175,772
COc1cc2c(cc1OC)[C@H](CCc1c[nH]c3cc(C)ccc13)N(C=O)CC2,0,9,0.46134759866468433,3198
CCS(=O)(=O)Nc1cc(-c2c(C)nn(C)c2C)c(F)c(-c2ccnc3nc[nH]c23)c1,0,5,0.1232759435735606,3199
COc1ccc(-c2ccc3ncnc(-c4cccc(C(=O)N5CCN(C)CC5)c4)c3c2)cn1,0,8,0.09005940002490628,3200
Cc1cc(F)ccc1-c1c(Oc2ccc(/C=C/C(=O)O)cc2)c2ccc(O)cc2oc1=O,0,6,0.12794451718407368,1615
CCS(=O)(=O)n1c2c(c3cc(C(=O)N4CCC(C)CC4)ccc31)CN(C1CCOC1)CC2,0,4,0.08861117526255756,3201
O=C1COc2ccc(CNC34CCC(CC5Cn6c(=O)ccc7ncc(F)c5c76)(CC3)OC4)nc2N1,0,7,0.19228067970862525,332
Nc1ncc(-c2ccc(C(=O)N3CCOCC3)cc2)nc1-c1ccc(C(F)(F)F)nc1,0,6,0.04684869426796623,3202
Cc1nc2ccccc2n1C1CC2CCC(C1)N2CCC1(c2ccccc2)CCN(C(=O)c2cccc(C(=O)O)c2)CC1,0,3,0.27619186591205513,305
NC(=O)C(c1ccc2nccn2n1)c1cc(-c2ncnc3cc(N4CCOCC4)ccc23)c(F)cc1Cl,0,1,0.009204609016668532,2008
Fc1cc(-c2cnc3nc(N4CCC(N5CCCCC5)CC4)sc3c2)ccn1,1,8,0.7384325319853093,826
O=C(c1ccc(-n2nnc3cccnc32)cc1)N(c1nccc2ccccc12)[C@@H]1CCCNC1,0,8,0.13314788309085374,3203
O=C1N(CCN2Cc3ccccc3C2)CCN1Cc1ccc(Cl)c(Cl)c1,1,5,0.7072403236481535,3204
Cn1nccc1[C@H]1CCCC[C@@H]1Oc1cc(F)c(S(=O)(=O)Nc2ccncn2)cc1Cl,0,5,0.031123306032225215,707
c1ccc(-n2cc(-c3ccncc3)c3ccncc32)cc1,0,10,0.3695858806687189,3067
CN(CCC(=O)N1CCCC1)C(=O)CC1CCN(Cc2ccn(-c3ccc(C(F)(F)F)cc3)c2)CC1,0,7,0.32788341685710665,3205
COc1ccc(-c2ccc(C(=O)O)cc2C)cc1-c1cnc(N2CCCC2)nc1CN1C(=O)O[C@H](c2cc(C(F)(F)F)cc(C(F)(F)F)c2)[C@@H]1C,0,3,0.06142224262255694,3206
Cc1nnn(Cc2cc(C(F)(F)F)ccc2/C=C/C(=O)N2CCC(C#N)CC2)n1,0,7,0.0431343737239198,2662
CCOc1ncc(-c2nc(C(F)(F)F)sc2N2CCN(C(=O)Cn3nc(C)cc3C)[C@H](C)C2)cn1,0,5,0.2883006221403613,333
COc1ccccc1N1CCN(CCCCNC(=O)c2ccc(-c3ccccc3)cc2)CC1,1,7,0.7532775112372992,3207
Nc1nc(NCc2cc(C3CC3)on2)c2c(ccn2Cc2ccccn2)n1,1,6,0.43622456877794247,3208
O[C@H]1CC[C@H](Nc2ccc3ncc(-c4cccc(Cl)c4)n3n2)CC1,0,8,0.18757673385403098,653
COc1ccnc2[nH]cc(C(=O)C(=O)N3CCN(C(=O)c4ccccc4)C[C@H]3C)c12,0,2,0.08087779447305819,684
COc1cnc2ncc(=O)n(CCN3CCC(NCc4cnc(C)c(C#N)c4)CC3)c2c1,0,9,0.051333110854515154,3209
COc1cc2nccc(CCC34CCC(NCc5ccc6c(n5)NC(=O)CO6)(CC3)CO4)c2nc1OC,1,4,0.9727133144100625,265
Nc1nc2c(s1)CC[C@H]2C(=O)Nc1ccc(C[C@@H]2CC[C@H]([C@H](O)c3ccccc3)N2)cc1,0,3,0.09447620425527345,3210
O=C(NC1CCN(Cc2ccc3ccc(=O)oc3c2)CC1)c1cc(=O)c2ccc(F)cc2o1,0,10,0.42019141983249536,3211
CCOC(=O)[C@H]1CC[C@@H](N2CC(NC(=O)CNc3nn(S(C)(=O)=O)c4ccc(C(F)(F)F)cc34)C2)CC1,0,3,0.08138602258055631,67
NC1=N[C@@]2(CO1)c1cc(-c3cccnc3F)ccc1Oc1c2cc(-c2ccccc2)nc1F,0,5,0.07066958111960671,3212
Cc1csc([C@@]2(CN)[C@@H]3CCN(c4cnc5c(-c6ccc7nc(C)sc7c6Cl)n[nH]c5n4)C[C@@H]32)n1,1,4,0.6284247927905955,3213
Cc1c([C@@H](O)CN2CCC3(CC2)CCN(C2=CC(=O)CC2)C3=O)ccc2c1COC2=O,0,6,0.04128203163432183,3214
CCOP(=O)(Cn1ccc(NC(=O)c2cc(Oc3ccc(S(C)(=O)=O)cc3)cc(O[C@@H](C)CF)c2)n1)OCC,0,8,0.014146355988795004,1831
Nc1nc(N2CCC(N(CCc3ccc(Cl)cc3)Cc3ccccc3O)CC2)n[nH]1,1,1,0.5797747133018818,2045
CC(C)(O)c1nc2cc(Cl)ccc2n1[C@H]1CC[C@@H](NC[C@H]2Cc3ccc(C#N)cc3C2)CC1,1,4,0.6446540156770937,2468
Cc1nc(Oc2ccc(C(N)=O)cc2)ccc1CN1CCC(N2C(=O)N(C3CCOCC3)C[C@H]2c2ccccc2)CC1,0,3,0.12710937414123913,1283
COc1nc2c(CCC34CCC(NCc5ccc6c(n5)NC(=O)CO6)(CC3)CO4)c(F)cnc2cc1C(F)(F)F,1,1,0.9217711248857469,265
COc1ccc(CCC(=O)N(c2nccc3ccccc23)[C@@H]2CCCNC2)cc1,0,7,0.33934525903174007,3215
OC(c1ccc(F)c(-c2ncnc3cc(N4CCOCC4)ccc23)c1)c1ncnc2occc12,0,6,0.0058713646532438475,1648
CCOC(=O)C1=C(CN2CCN3C(=O)N(CC(C)C(=O)O)C[C@@H]3C2)NC(c2nccs2)=N[C@H]1c1ccc(F)cc1Cl,0,10,0.08141561444384085,2390
O=C(NCc1ccccc1)N(c1ccc(Br)cc1)C1CCN(Cc2ccnnc2)CC1,0,1,0.4195371137010348,3216
O=C([C@@H](O)C1CC1)N1CC(c2cc(F)ccc2F)=C[C@H]1c1cccc(O)c1,0,10,0.0984769745959793,1267
O=C(N1Cc2ccccc2C1)N1CCC[C@H]1CN1CCCC1,0,3,0.2036523741867603,3217
Cc1cnc(C(F)(F)CN2CCC(Nc3ncnc4[nH]ccc34)CC2)cn1,0,4,0.060121154770922836,3218
O=c1cc(OCc2ccc3ccccc3c2)ccn1-c1ccc(OCCN2CCCC2)cc1,1,6,0.8379523752759903,3219
CCn1nc(Cc2ccc(C#N)cc2)cc1C1CCN(C[C@H]2CN([C@@H](C(=O)O)C(C)(C)C)C[C@@H]2c2cccc(F)c2)CC1,1,4,0.17150306900324808,1967
COc1ncc2cc1NS(=O)(=O)c1cccc(c1)C(=O)NCc1cncc(c1)-c1ccnc3ccc-2nc13,0,8,0.016231338386159356,3220
COc1cc(N2C(=O)N(c3ccc(-c4ccc5nc[nH]c5c4)cc3)C(=O)C23CCN(Cc2ncccc2C)CC3)ncn1,0,4,0.5550659164036154,3221
COCCOc1cc(NC(=O)N2CCCc3cc(C4CCN(CC(F)(F)F)CC4)c(C=O)nc32)ncc1C#N,1,8,0.1261930889314275,3222
C[C@H]1C[C@H]2CSC(N)=N[C@@]2(c2ccc(F)cc2F)CO1,0,9,0.08227722320017579,579
COc1ccc2c(c1)N(CCN1CCC(NCc3ccc4c(n3)NC(=O)CO4)CC1)C(=O)OC2,0,10,0.0879890044389555,3223
COc1ccc(-c2cc(=O)c3ccccc3o2)cc1,0,4,0.2449689270948203,946
CN1CCC(Cn2nc(-c3ccc4cc(OCC5CC5)ccc4c3)c3c(N)ncnc32)CC1,1,10,0.7868222665243654,3224
Nc1nc(N2CCC3(CC2)COC[C@H]3N)cnc1Sc1ccnc(N)c1Cl,0,6,0.1626036643737966,3225
NS(=O)(=O)c1ccc(OCCN2CCCC2)cc1,0,1,0.07466807425609158,3226
C[C@H]1COCCN1c1nc(N2CCOC[C@@H]2C)c2ccc(-c3cccc(C(=O)NCCO)c3)nc2n1,0,3,0.05626515527581628,719
CO[C@H](C)C(=O)N[C@@H](Cc1ccc2c(c1)OCO2)[C@H](O)CN[C@H]1CC2(CCC2)Oc2ncc(CC(C)(C)C)cc21,0,7,0.19113001675253172,3227
COc1cc(N2CCC3CN(CCCSc4nnc(-c5cnccn5)n4C)CC32)ccc1F,1,7,0.9614457655180001,170
O=C(COc1ccc(Br)cc1)Nc1ccc2nc[nH]c2c1,0,4,0.28493858795744037,3228
Cc1cc(C(=O)Nc2ccc(C(=N)N3CCCC3)cc2)n(-c2cc3ccccc3cc2C#N)n1,1,1,0.16823894505636564,3229
O=C1COc2ccccc2N1CCCN1CCC(n2c(=O)[nH]c3ccncc32)CC1,0,9,0.12170235972694184,3230
CNC(=O)c1nc(C)n2ccc(Nc3nccc(-n4cc(OCCN)cn4)n3)cc12,0,8,0.06042100252659175,140
COc1cccc(C(O)(c2ccc(OC(F)(F)F)cc2)C2(C)CN(C)C2)c1,1,5,0.802740562919503,1009
O=C1OCCN1CCNc1nonc1/C(=N/O)Nc1ccc(F)c(Br)c1,0,8,0.09991737690387531,3231
Cn1c(SCCCN2CC3CCN(c4ccc(F)cc4F)C3C2)nnc1-c1cnccn1,1,10,0.9786175537845975,170
COc1ccc2c(Oc3ccc(CP(=O)(O)O)cc3)ccnc2n1,0,8,0.09049622142579906,3232
CC(=O)N1CCC(n2ncc(Nc3ncc(Cl)c(-c4cnc5ccccn45)n3)c2C)CC1,0,2,0.07751116134460617,2296
N#Cc1ccc(CNC(=O)N(c2cccc(F)c2)C2CCN(CCC3(c4cccc(F)c4)CCN(C(=O)c4ccc(C#N)cc4)CC3)CC2)cc1,1,2,0.5620959552251892,281
O=C(/C=C/c1ccc(CNCCc2c(-c3ccccc3)nn3ccccc23)cc1)NO,0,8,0.21239405290246385,3233
COc1cc2nccc(Oc3ccc(NC(=O)C4(C(=O)Nc5ccc(F)cc5)CC4)cc3)c2cc1OC,0,6,0.10470730543317447,3234
Cc1nc2cnc(Oc3ccc(Cl)cc3F)cc2c(=O)n1C[C@H]1CCCN(C(C)C)C1,1,6,0.3068213341752534,3235
Cc1cc(C2C=CN=CN2)c(C)s1,0,4,0.10368615231350291,3236
CCOc1ccc2cc(-c3nn(C4CCCCC4)c(N)c3C(N)=O)ccc2n1,0,8,0.06735002856334218,3237
Cc1cc(Nc2cc(N[C@@H]3CCCC[C@@H]3N)cnc2C(N)=O)nc(C)c1-c1cnn(C)c1,1,1,0.15815123700140668,3238
CCOC(=O)C(F)(F)CCOc1ccc2ncc(F)c(CCC34CCC(NCc5ccc6c(n5)NC(=O)CO6)(CC3)CO4)c2n1,0,9,0.6823438281081601,265
Cc1nnc2ccc(N3CC[C@H](c4cc(F)c(F)cc4F)[C@@H](N)C3)nn12,0,1,0.12178506770875946,2737
FC(F)(F)c1nccc(N[C@H]2CC[C@@H](Nc3ccc4nnc(Cl)n4n3)CC2)n1,0,9,0.17514477737487388,3239
CC1CCN([C@H](c2ccc(F)cc2)c2ccc([C@@H](C)C(=O)O)cc2-c2ccc(C(F)(F)F)cc2)CC1,0,5,0.3569902205193754,3240
CNC[C@@H](Cc1cccnc1)c1ccc(Cl)c(Cl)c1,0,9,0.22002193561024033,3241
COc1cccc(CNCc2c(C(=O)O)n(Cc3ccc(C)cc3)c3cc(C(C)C)ccc23)c1,0,6,0.3639295528362634,3242
CN1C[C@@H]2C[C@H]1CN2c1ncc(-c2ccccc2)cn1,1,9,0.7444428009388415,3243
Cc1ccc(O)c([C@H](CCN(C(C)C)C(C)C)c2ccccc2)c1,1,9,0.501506610235628,742
CC(C)N1CCN[C@@H](C(=O)N2CCN(C(=O)Nc3ccc(Cl)c(Cl)c3)CC2)C1,0,10,0.07937244120431487,87
COc1ccc(-c2ccc(C(=O)O)cc2C)cc1-c1cnc(N(C)C)nc1CN1C(=O)O[C@H](c2cc(C(F)(F)F)cc(C(F)(F)F)c2)[C@@H]1C,0,8,0.014918956412949663,1155
CC1(C)CN2C(CS/C(=N\C3CCCCC3)NC3CCCCC3)=CSC2=N1,0,7,0.26258772993976415,3244
CONC(=O)CCCN(C)C(=O)c1ccc2c(c1)c1c(n2C)CC[C@@H](C2CCOCC2)C1,0,2,0.07134121995608661,1555
NC(=O)Nc1ccccc1OC[C@@H](O)CN1CCC2(CC1)Cc1cc(Cl)ccc1O2,1,7,0.661671399296129,103
CN(CCCC(=O)NCCO)C(=O)c1ccc2c(c1)c1c(n2C)CC[C@@H](C2CCOCC2)C1,0,3,0.039979444783535024,1555
C[C@@H](c1nc(-c2ccc(C#N)cc2)cs1)[C@](O)(Cn1cncn1)c1ccc(F)cc1F,0,3,0.20130874450183064,3245
CCNC1CCNC1,1,10,0.14040853077908488,3246
COC1COCCC1N[C@@H]1C[C@H]2C[C@@H](O)C[C@@]2(C(=O)N2CCc3ncc(C(F)(F)F)cc3C2)C1,0,8,0.019395258308746156,685
COc1ccc2ncc(=O)n(CCN3CC[C@@H](NCc4ccc5c(n4)NC(=O)CO5)[C@H](OC)C3)c2c1,0,2,0.02456225049651742,2358
OC(c1ccc(F)c(-c2ncnc3cc(N4CCOCC4)ccc23)c1)c1ncnc2sccc12,0,4,0.009302883280017481,865
COC(=O)N(CC(=O)O)Cc1cc(OCc2nc(-c3ccc(Cl)cc3)oc2C)ccc1F,0,3,0.17869130085043036,3247
CCN(CC)C(=O)c1ccc(C2=CC3(CCNCC3)Oc3cccc(O)c32)cc1,0,5,0.16434020284585407,151
FC(F)(F)Oc1cccc(-c2ncccc2CC(c2cccnc2)c2cccnc2)c1,0,6,0.15856428235806838,1423
O=C(Nc1ccc(C(F)(F)F)cc1)NS(=O)(=O)c1ccc(OCCCCN2CCCC2)cc1,0,7,0.03934967127588619,1101
Cc1cc(-c2cnn(Cc3ccn(C)n3)c2)ccc1F,1,8,0.6865453066730111,59
CO[C@H]1C[C@@H](n2c(=O)n(C)c3cnc4ccc(-c5ccc(OCCCN6CCCC6)nc5)cc4c32)C1,0,1,0.14250119241552997,3248
COc1cc(-c2cn(CC(=O)N([C@H](C)c3ccccc3)[C@H](C)c3ccccc3)nn2)ccc1-n1cnc(C)c1,1,1,0.786651925423471,3249
CCNCC(=O)NC12CCC(Cn3nc(C)c4c3CCN(c3cc(C)nc5c3cnn5C)C4)(CC1)CC2,0,2,0.05388136623237629,386
COc1ccc2ncc(F)c(CC[C@H]3OC[C@H](NCc4ccc5c(c4)OCCO5)CO3)c2n1,0,8,0.2095436395080529,3250
O=C(Nc1ccc(C(F)(F)F)c(Cl)c1)N1CCN(C[C@@H]2CCCN(C3CC3)C2)CC1,1,2,0.296456383065157,512
CO[C@@H]1COCC[C@@H]1N[C@@H]1CC[C@@](C(=O)N2CCN(c3ccnc(C(F)(F)F)c3)CC2)(C(C)C)C1,0,5,0.19710667650322305,3251
CCOc1ccc2cc(-c3nn(CC4CC4)c(N)c3C(N)=O)ccc2c1,0,8,0.06774597351442387,3252
Nc1nnc(N2CCC(N3C[C@H](Cn4ccnc4)OC[C@@H]3Cc3ccc(Cl)cc3)CC2)[nH]1,0,5,0.03566684021362062,3253
C[C@H](c1nc(-c2ccc(S(C)(=O)=O)cc2Cl)no1)[C@H](N)C(=O)N1CCCC1,0,6,0.06062366712915499,446
N#C[C@H]1CCOC[C@@H]1n1cc(C(N)=O)c(Nc2ccccc2)n1,0,7,0.09867824515641231,1839
C[C@H]1COc2c(N3C[C@H]4C[C@H](F)C[C@@H](N)[C@H]4C3)c(F)cc3cc(C(=O)O)c(=O)n1c23,0,4,0.028529448574180816,1447
COc1ccc2ncc(F)c(CC(NOC(C)=O)C34CCC(NCc5ccc6c(n5)NC(=O)CO6)(CC3)CO4)c2n1,0,10,0.30426164531676403,265
CN(C)CCN1C(=O)C(NC(=O)CCc2ccc(Cl)cc2Cl)N=C(c2ccccc2)c2ccccc21,1,3,0.40745654105514123,3254
COc1cc2nnc(C(N)=O)c(Nc3ccc(C)cc3F)c2cc1N1CCC(OC)CC1,0,3,0.06334750247937693,1362
Cc1nn(C2(CC#N)CN(S(=O)(=O)C(C)C)C2)cc1-c1ncnc2[nH]ccc12,0,1,0.05276079605705921,3255
CCOP(=O)(Cc1csc(NC(=O)c2cc(Oc3ccc(S(C)(=O)=O)cc3)cc(O[C@@H](C)COC)c2)n1)OCC,0,4,0.09416177352460582,3256
Cc1cccnc1CN1CCC2(CC1)C(=O)N(c1ccc(N3CCC3=O)cc1)C(=O)N2c1cc(O)ncn1,0,9,0.36965856969766725,3257
C[C@@]1(c2cc(CNC3CC3)c(F)cc2F)CCSC(N)=N1,0,6,0.0702637197312089,646
Cc1cccc(S(=O)(=O)N2Cc3ccc(/C=C/C(=O)NO)cc3C2)c1,0,3,0.025457357952167206,917
CCCCC(NC(=O)CC1CCN(Cc2ccn(-c3ccc(C(F)(F)F)cc3)c2)CC1)c1ccc(=O)[nH]c1,0,2,0.353804562724537,3258
Cc1c(N2CCC(C3(N)CC3)C2)c(F)cc2c(-c3noc(=S)[nH]3)cc(=O)n(C3CC3)c12,0,7,0.114236173932224,3259
CC(C)Oc1cc(-n2cnc3cnc(N[C@@H](C)c4ncc(F)cn4)nc32)n[nH]1,0,7,0.0767710210071537,3260
Fc1c(Cl)cccc1Cn1ccc2c(OC3CCN(Cc4ccccn4)CC3)ncnc21,1,5,0.8528450983968342,888
CNC(=O)c1c(-c2ccc(O)cc2)oc2ccc(O)c(CNCC3(O)CC3)c12,0,4,0.03796226733427309,3261
CC(C)(C)C[C@H]1C[C@@H](c2cc(=O)[nH]o2)CCN1,0,4,0.11285676942935695,3262
COc1ccc2c(c1)CCC1(CCN(CCc3ccc(F)cc3F)CC1)O2,1,6,0.8872858510514756,1781
Cc1cncc(C(O)c2ccc(F)c(-c3ncnc4cc(N5CCOCC5)ccc34)c2)n1,0,7,0.0034105893879000544,247
CN(C)c1ccc([C@]2(O)CC[C@H](N3CC(NC(=O)CNC(=O)c4cccc(C(F)(F)F)c4)C3)CC2)cn1,0,8,0.021085471288742202,1391
CCCNC(=O)C1c2ccccc2C(=O)N1CC(C)c1ccc(Cl)cc1,0,5,0.18436270493652424,534
Fc1ccccc1-c1nc2ccn(Cc3cc(-c4ccc(C(F)(F)F)cc4C(F)(F)F)no3)cc-2n1,1,3,0.5113581919490496,3263
CC1OC2(CCN(CCc3cccc(C#N)c3)CC2)CN(c2ccccc2)C1=O,1,4,0.857779150681547,224
CNC(=O)c1cnc(Nc2ccc(OC)cn2)cc1Nc1ccccc1S(C)(=O)=O,0,8,0.059545725316182775,3264
CNC(=O)c1cc(Oc2ccc3nc(NC(=O)Nc4cc(C(F)(F)F)cc(C(F)(F)F)c4)sc3c2)ccn1,0,5,0.10126998529652881,2019
CONC(=O)Nc1ccc(-c2sc3c(c2CN(C)C)c(=O)n(-c2ccc(OC)nn2)c(=O)n3Cc2c(F)cncc2F)cc1,0,6,0.2162588879654869,3265
CO[C@H]1C[C@@H](n2c(=O)n(C)c3cnc4cc(F)c(-c5ccc(C(=O)NCCN(C)C)nc5)cc4c32)C1,0,2,0.08016021649356211,94
CNc1nn2c3c(cnc2c1S(=O)(=O)c1ccccc1)CN(C)CC3,0,3,0.18425991077558393,3266
CCOC(=O)C1=C(CN2C[C@H]3CN(C4CC4)C(=O)N3C[C@@H]2C(=O)O)NC(c2nccs2)=N[C@H]1c1ccc(F)cc1Cl,0,7,0.0701912249696482,3267
CN(CCCCN(C[C@H]1Cc2ncccc2CN1)[C@H]1CCCc2cccnc21)C1CCC(F)(F)CC1,0,8,0.2899428671019265,3268
Cc1c(O)ccc2c1C(=O)N(Cc1ccccc1-c1ccc(F)cc1)C2C(=O)NC(C)(C)C,0,10,0.02765366071675975,422
O=C(/C=C/c1ccc(CN2CCCC(c3c(-c4ccccc4)[nH]c4ccccc34)C2)cc1)NO,0,8,0.20688599027564322,3269
CC(C)c1nccn1Cc1cn(-c2ccc(Cl)c(OC(F)F)c2)nn1,1,10,0.937879484521304,23
COc1ccc2nccc(NC(=O)[C@H]3CC[C@H](NCc4ccc5c(c4)OCCO5)CC3)c2c1,0,10,0.24325675885647116,3270
COc1cc(-c2cn(CC(=O)N(c3ccccc3)C3CCCCC3)nn2)ccc1-n1cnc(C)c1,1,6,0.6224549934178362,3271
Cc1c(C(O)CN2CCN(C(=O)Cc3ccc(-n4cnnn4)nc3)CC2)ccc2c1COC2=O,0,7,0.018218710845975893,582
O=S1(=O)CCCN1CCNc1nonc1/C(=N/O)Nc1ccc(F)c(Br)c1,0,8,0.0819379333699219,3272
CCC(=O)CCCCC[C@H](NC(=O)[C@H]1CC12CCN(C)CC2)c1ncc(-c2cc3ccc(C)nc3cc2F)o1,0,8,0.07063290971109569,1409
Cn1ncc(C(=O)N2CCC(Nc3cc(=O)n(C)c4ccccc34)CC2)c1Cl,0,10,0.12479534402233983,785
CN([C@@H]1CCc2c(CC(=O)O)c3cccc(F)c3n2C1)S(=O)(=O)c1ccc(F)cc1,0,7,0.10760955506389616,2280
CC(=O)N1CCN(Cc2ccc(-c3ccc(N4CC[C@@H](Oc5c(C)nc6nc(C)nn6c5C)C4)cc3)nn2)CC1,0,5,0.1275735506600876,3273
COc1cncnc1C(O)c1cc(-c2ncnc3cc(N4CCOCC4)ccc23)ccc1Cl,0,8,0.0020491285107920166,2196
CN(C)CC(=O)Nc1cc(F)c2c(c1)CC(CNCCC1CN(c3cnc4c(n3)NC(=O)CO4)C(=O)O1)C2,0,4,0.07329922203787817,2528
Cc1ncoc1-c1nnc(SCCCN2CC3CC3(c3ccc(Cl)c(Cl)c3)C2)n1C,1,7,0.9799410330531303,1737
Cc1c([C@@H](O)CN2CCC3(CC2)CCN(c2ccc(C#N)cn2)CC3)ccc2c1COC2=O,1,5,0.1013662271592624,3274
NC(=O)c1cn(-c2cccc(Br)c2)c2ncccc2c1=O,0,9,0.1731362626202768,1350
Cc1cc(=O)n(C)nc1N1CCC2(CCN(C[C@H](O)c3ccc4c(c3C)COC4=O)CC2)C1=O,0,7,0.05717341277721804,61
Cc1cc(C)c2[nH]ccc2c1CN1CCCCC1c1ccc(C(=O)O)cc1,0,9,0.26661986200267285,3275
CN1CC(C)(NC(=O)Nc2cccc(-c3nnnn3C)c2)C(CN2CCC[C@@H](Cc3ccc(F)cc3)C2)OC1=O,0,9,0.27895617526220823,3276
CCOc1nc(Nc2ccc(C(=O)N3CCOCC3)cc2OC)nc2[nH]ccc12,0,10,0.05398211032757987,3277
CCc1cc2ncc(CN3CCN(c4ccc(C(=O)NC)nc4C(F)(F)F)CC3)cc2[nH]c1=O,0,6,0.021540259219684815,258
Nc1nc2cc3c(cc2s1)CCN(C1CC1)CC3,0,8,0.08574940258063052,3278
O=C(O)CC1CCC(c2ccc(-c3nc4cc(NC(=O)c5nc(-c6ccccc6)oc5C(F)(F)F)ccc4[nH]3)cc2)CC1,0,9,0.19434147364808205,3279
c1ccc(-c2cccc(O[C@@H]3C[C@H]4CC[C@@H](C3)N4)n2)cc1,1,7,0.4326228627116953,3085
NC(=O)n1nc(NCC(=O)NC2CN([C@H]3CC[C@@H](c4nccs4)CC3)C2)c2cc(C(F)(F)F)ccc21,0,10,0.10213096250988986,2450
CC1(c2ccc(NS(C)(=O)=O)cc2)NC(=O)N(CC(=O)c2ccc(F)cc2F)C1=O,0,6,0.07112892051217692,1552
CNC(=O)Cn1c(=O)n(C2CCN(CCC(Oc3cc(OC)ccc3C)C(C)C)CC2)c2ccccc21,1,1,0.3636256458773893,3280
O=C(N[C@@H]1CN2CCC1CC2)c1cccc2oc(C3CC3)nc12,1,2,0.32221757091431386,3281
CN1CCC[C@@H]1Cn1nc(Cc2ccc(Cl)cc2)c2ncccc2c1=O,1,4,0.709600066011035,1320
C[C@](O)(CN1CC2CC(C1)N2c1ccc(C#N)cc1)C(=O)Nc1cnc(C#N)c(C(F)(F)F)c1,0,10,0.0911102455432571,3282
O=C(O)[C@@H](CO)NCc1cc(Cl)c(OCc2cccc(-c3ccccc3)c2Br)cc1OCc1ccc2nonc2c1,0,8,0.19916258201130652,3283
CN(C(=O)c1ccncc1)c1ccc(OCc2ccc3ccccc3n2)cc1,0,9,0.24976565214435478,3284
N#Cc1cc(N2CCCC2=O)ccc1Sc1ccccc1CO,0,10,0.20336957963997196,3285
Nc1ccccc1NC(=O)c1ccc(-c2ncc(CN3CCC3)cc2Cl)cc1,0,3,0.3419057016688484,3286
CC(C)c1ccccc1C(=O)N(CC1CC1)[C@H]1CCNC1,0,3,0.03566603038220887,3084
Cc1nccnc1-c1ccc(CC(=O)N[C@H](C)c2ccc(OCC(F)(F)F)cn2)cc1,0,6,0.09322501755946848,3287
CC1CC(N2CCN(C3CCc4ccc(OCc5noc(-c6ccc(Cl)cc6)n5)cc43)CC2)CC1C,1,7,0.7630101905254573,1582
CC(C)(O)c1ccc(C(Cc2cc[n+]([O-])cc2)c2ccc(OC(F)F)c(OC(F)F)c2)cn1,0,5,0.10589502103667081,3288
N#CCOc1cc(F)c2c(c1)CC(CNCCC1CN(c3ccc4c(n3)NC(=O)CO4)C(=O)O1)C2,1,8,0.17556884476250226,3289
Cc1c(OCCN(C)CCCF)ccc(F)c1[C@@H]1c2[nH]c3ccccc3c2C[C@@H](C)N1C[C@@H](C)C(=O)O,0,7,0.10622806288805982,477
CC(C)Oc1cc2nc(C34COC(C)(C3)C4)cn2cc1C(=O)Nc1cnn2cccnc12,0,4,0.10510534362141613,1914
COc1ccc2ncc(F)c([C@@H](O)CC[C@@H]3CCN(C4CC(c5ccno5)C4)C[C@@H]3C(=O)O)c2c1,0,8,0.07562802651606432,3290
C[C@@H]1C(=O)NN=C2COc3cc(C(F)(F)F)c(NC4(C)CNC4)cc3N21,0,7,0.11130644497098449,2107
Cn1ncc(C(=O)N2CCC(Nc3cc(=O)[nH]c4ccc(F)cc34)CC2)c1Cl,0,3,0.07692484763455101,785
O=S(=O)(c1cccc(F)c1)c1ccc2c3c(oc2c1)C1(CCCOC1)NCC3,0,3,0.3316816911221058,3291
CC(C)C(=O)c1c(Nc2ccc(F)cc2F)[nH]c2c(Cl)cc(Cl)c(Cl)c2c1=O,0,5,0.24844201404912913,3292
Cc1cc(-c2ccc3c(c2)CCN(CCCSc2nnc(-c4ccccc4Cl)n2C)CC3)no1,1,8,0.9816888904937061,976
NC(=O)C(c1ccc(F)c(-c2ncnc3cc(N4CCOCC4)ccc23)c1)c1cncc(F)c1Cl,0,8,0.03670938089503229,688
CS(=O)(=O)c1ccc2c(c1)CN(C(=O)CCC#N)C2C(=O)Nc1ccc(C(O)(C(F)(F)F)C(F)(F)F)cc1,0,5,0.040811709709381215,2449
COc1cccc2c1nc(N)n1nc(CN3CCN(c4cnc(C)s4)C[C@H]3C)nc21,0,4,0.036798373828109764,3293
CC(C)(C)c1nnc(-c2nn(-c3ccccc3Cl)c(-c3ccc(Br)cc3)c2Cn2cncn2)s1,0,7,0.26844191210487023,3294
COCCn1cc(-c2ccncc2)c2ccncc21,0,1,0.1801551620030601,1114
COc1c(OCc2ccc(F)cc2)cc2oc3cc4c(c(OC/C=C/C(=O)O)c3c(=O)c2c1CC=C(C)C)C=CC(C)(C)O4,0,9,0.29602105738865153,3295
Cc1cc(C)nc(Nc2cc(N[C@@H]3CS(=O)(=O)CC[C@@H]3N)cnc2C(N)=O)c1,0,5,0.18595649263685662,2815
Cc1ccc(C(=O)Nc2ccc(CN3CCN(CCO)CC3)c(Cl)c2)cc1C#Cc1cnc2cccnn12,1,5,0.40044952504574916,3296
O=C(CSc1nc2cc(Cl)ccc2s1)c1cc2ccccc2o1,1,4,0.3174337357059071,3297
N#Cc1ccc(Nc2nn([C@H]3COCC[C@@H]3C#N)cc2C(N)=O)cc1,0,4,0.03880535849711358,1839
CN1CCN(c2ccc(-c3ccc(-c4nc5cc(C(F)(F)F)ccc5[nH]4)cc3)cc2)CC1,1,5,0.6845312638864954,3298
Nc1ncc(-c2ccncc2)nc1-c1ccc(C(F)(F)F)nc1,0,2,0.122850013374314,3299
O=C(CNC(=O)c1cccc(C(F)(F)F)c1)NC1CN([C@H]2CC[C@H](c3ccncc3O)CC2)C1,0,7,0.06886423593826128,3300
Cc1nsc(-c2nnc3n2CCN(C(=O)c2cc(F)c(F)c(F)c2F)[C@@H]3C)n1,0,5,0.07137498082953589,638
CN(C(=O)Cc1ccc(S(C)(=O)=O)cc1)[C@@H]1CCN(Cc2nc3ccccc3s2)C[C@@H]1F,0,4,0.23269250664098223,3301
COc1ncnc(Cn2cnc3c(C(=O)NCCF)cccc32)c1C,0,7,0.09225235038647145,1929
CC(C)(O)C(c1ccccc1)N1CCOCC1,0,4,0.1269636113990048,1151
COc1ccc2c(c1)C1CC1(C(=O)N1C3CC1CN(Cc1ccccc1)C3)Cn1c-2c(C2CCCCC2)c2ccc(C(=O)NS(=O)(=O)N(C)C)cc21,0,5,0.25741365695775476,3302
COc1cnc(C(=O)Nc2csc([C@]34CO[C@@H](C)C[C@H]3CSC(N)=N4)n2)cn1,0,6,0.0696643866701864,1139
CC1(C)[C@H](Nc2c(C(N)=O)cnn3cc(-c4ccc(F)nc4)cc23)CC[C@]1(C)N,0,4,0.023402704472620935,2574
Cc1ccoc1-c1nnc(SCCCN2C[C@@H]3C[C@]3(c3ccc(C(F)(F)F)cc3)C2)n1C,1,10,0.9644482542730477,3303
COc1nccnc1C(O)c1cc(-c2ncnc3cc(N4CCOCC4)cc(F)c23)c(F)cc1Cl,0,2,0.014120152706189486,247
O=C(CNc1n[nH]c2ccc(C(F)(F)F)cc12)NC1CN([C@H]2CC[C@@H](n3ccccc3=O)CC2)C1,0,5,0.06231789709595039,3304
CC(=O)N[C@H]1CSSC[C@@H]2NC(=O)[C@@H]3CSSC[C@@H](C(=O)N[C@@H](CCCCN)C(=O)N[C@@H](CCCCN)C(=O)N[C@@H](CCCCN)C(=O)N[C@@H](CC(C)C)C(=O)N[C@@H](Cc4c[nH]c5ccccc45)C(N)=O)NC(=O)[C@H](Cc4c[nH]c5ccccc45)NC(=O)[C@H](CC(C)C)NC(=O)[C@H](CCCCN)NC(=O)[C@H](CSSC[C@H](NC(=O)[C@@H]4CCCN4C(=O)[C@H](CCC(=O)O)NC(=O)[C@H](CC(C)C)NC(=O)[C@H](Cc4ccccc4)NC(=O)[C@H](CCCCN)NC(=O)[C@H](CCC(N)=O)NC1=O)C(=O)N[C@@H](CC(=O)O)C(=O)N[C@@H](CO)C(=O)N[C@@H](CCC(=O)O)C(=O)N[C@@H](CCCNC(=N)N)C(=O)N[C@@H](CCCCN)C(=O)N3)NC(=O)[C@H](CCC(=O)O)NC(=O)[C@H](CC(C)C)NC(=O)CNC(=O)[C@H](CCC(=O)O)NC2=O,0,1,0.6131549522797155,3305
COc1ncnc(Cn2cc(C(=O)NCCF)c3ncc(C)cc32)c1C,0,9,0.036467319103540626,476
CN1Cc2cc(-c3ccc(C[C@@H](C#N)NC(=O)[C@@H]4CCCCN4)cc3)ccc2C1=O,0,4,0.12912770276916288,3306
COc1ccc(C(O)c2ccc(F)c(-c3ncnc4cc(N5CCOCC5)cc(F)c34)c2)nn1,0,5,0.021541281854852375,465
Cn1ccc(NC(=O)c2cc(Oc3ccc(C(=O)N4CCC4)cc3)cc(O[C@H]3CCOC3)c2)n1,0,5,0.11388964570473656,3307
COC(=O)c1ccc(-c2ccn3c(CC4CC4(F)F)nnc3c2Cl)c(Cl)c1,0,2,0.19629589720788418,705
COC(=O)c1ccc(CS(=O)(=O)c2ccc3nc(N)sc3c2)cc1,0,8,0.04398029851069759,1240
Cc1cc(N2CCc3c(c(C)nn3CC34CCC(NC(=O)[C@@H]5COCCN5)(CC3)CC4)C2)c2cnn(C)c2n1,0,3,0.06305395124088199,3308
CCN1C[C@H](NS(=O)(=O)C(C)C)[C@@H](c2ccc(-c3ccc(C#N)cc3)cc2)C1,1,9,0.36800604245873786,1121
CC(C)(C)NC(=O)C1c2ccccc2C(=O)N1Cc1ccccc1-c1ccc(F)c(F)c1,0,9,0.06658758516973769,422
COc1ccc(-c2cc(-c3ccc(C(=O)N4CCN(C)CC4)cc3)cnc2N)cn1,0,8,0.045280310774001735,3309
O=C(N[C@@H]1C2CCN(CC2)[C@H]1Cc1cccnc1)c1cc2ccccc2o1,0,7,0.3470750795556384,3310
CC(C)Oc1cc(Oc2ccc(C(=O)N3CCC3)cc2)cc(C(=O)Nc2ccn(C)n2)c1,0,5,0.06550516366108478,2393
COc1ccc(-c2csc(NC(=O)[C@H]3CCCCN3S(=O)(=O)c3ccc(C)cc3)n2)cc1,0,5,0.12833674674026466,3311
COc1ccc(CN(Cc2ccc(Cl)c(Cl)c2)C(=O)c2ccc3nc(N)sc3c2)cc1OC,0,1,0.225170264624401,3312
C=CCn1c(=O)c2cnc(Nc3ccc(N4CCN(C)CC4)cc3)nc2n1-c1ccc2c(n1)C(O)(CC)CC2,0,2,0.20521178615978064,3313
O=C(NC1CCS(=O)(=O)C1)c1n[nH]c2ccc(-c3cncc(CO)c3)cc12,0,4,0.07825288767212342,3314
COc1nnc(C(O)c2cc(-c3ncnc4cc(N5CCOCC5)ccc34)c(F)cc2Cl)c2ccncc12,0,3,0.032881262671342185,3315
N#Cc1c(-c2ccccc2)cc(-c2ccccc2)nc1NC(=S)Nc1ccccc1,0,8,0.42145824367313506,3316
O=C1CCC(C(O)CC2c3c(F)cccc3-c3cncn32)CC1,0,6,0.0850141857892974,3317
COc1ccc([C@H]2CC(=O)c3cc(OC)cc(OC)c32)cc1,0,2,0.2846483980696844,3318
CC1(C)C[C@@H](NC(=O)CC(O)(C(F)(F)F)C(F)(F)F)c2cc(-c3ccc(Cl)cc3)c(-c3ccc(Cl)cc3Cl)nc2O1,0,7,0.7476967646467974,737
COc1ccc2ccc(=O)n(CCN[C@H]3CC[C@H]4[C@H](C3)OC(=O)N4c3ncc4c(n3)NC(=O)CO4)c2n1,0,8,0.04696908292419479,3319
CCOP(=O)(Cn1ccc(NC(=O)c2cc(Oc3cnc(C(=O)N4CCC4)cn3)cc(OC(C)C)c2)n1)OCC,0,6,0.013324701059786302,3320
Cc1nc2cc3c(cc2o1)CCN(CCCSc1nnc(-c2ocnc2C)n1C)CC3,0,4,0.4870662094833764,1072
CN(C)CCCOc1ccc(-c2cc3c(cc2F)ncc2c3n(C3CCOCC3)c(=O)n2C)cn1,0,10,0.038222628437791235,209
COc1ncc2cc1NS(=O)(=O)c1cccc(c1)C(=O)NCCn1cc(cn1)-c1cnc3ccc-2cn13,0,2,0.0661672581276758,3321
COc1ncc(-c2nc(C(F)(F)F)sc2N2CCN(C(=O)Cn3cnc4cccnc43)[C@H](C)C2)cn1,0,5,0.18846550359425962,3322
C[C@@]12COCCN1c1nc(-c3cccc4[nH]ccc34)ncc1N([C@H]1CC[C@H](O)CC1)C2=O,0,6,0.12874901372228473,3323
CCc1nc2ccc(CN3CCN(c4ccc(C(=O)NC)nc4F)CC3)c(F)c2[nH]c1=O,0,7,0.03647374545376918,891
NCC(=O)N1CCn2c(nc(-c3ccccc3)c2Nc2ccc3c(c2)OCO3)C1,0,8,0.1518524291152247,3324
Cc1cc(C#Cc2sc(NC(=O)NC[C@H](C)OCC3CC3)nc2C)cnc1C,0,8,0.09779368907396835,2794
N=C1N[C@H]2[C@H](CN3C(=O)CCC3=O)NC(=N)N3C[C@H](NC(=O)c4cccc5c4CCCC5)C(O)(O)[C@]23N1,0,10,0.1739384810858515,3325
O=C(c1ccc(-n2nnc3cccnc32)cn1)N(c1ncccc1Cl)[C@@H]1CCCNC1,0,1,0.06455211235237264,3326
FC(F)(F)c1cccc(Nc2cc3[nH]c(Nc4ccc(N5CCNCC5)cn4)nc3cn2)c1,0,1,0.3739204001638869,3327
N#Cc1cc(OCC2(N)CC2)cc2c1CC(CNCCC1CN(c3ccc4c(n3)NC(=O)CO4)C(=O)O1)C2,0,1,0.13312295043217362,3328
Cc1nsc(-c2nnc3n2CCN(C(=O)c2ccc(F)cc2F)[C@@H]3C)n1,0,8,0.026506066821213863,638
O=C(O)c1ccc(NC(=O)[C@H](C2CCCCC2)n2c(-c3ccc(Cl)cc3)nc3cc(F)c(F)cc32)cc1,0,5,0.3626480682164068,1005
N[C@H]1CC(C(=O)N2CCn3c(nnc3C(F)(F)F)C2)=CC[C@@H]1c1cc(F)c(F)c(F)c1,0,5,0.1307156658378509,3329
CN1CCN(C(=O)c2ccc(-c3cnc(N)c(-c4ccc(C(F)(F)F)cc4)c3)cc2)CC1,0,6,0.1812865235678536,3330
C[C@H]1Cn2cnc(C(=O)N[C@H](C)C(F)(F)F)c2CN1C(=O)Nc1ccc(F)c(C#N)c1,0,5,0.12480012701971704,3331
Cn1c(=O)n(CCCO)c(=O)c2c1nc(C1(F)CCC(F)(F)CC1)n2Cc1ccc(Cl)cc1F,0,4,0.14717211668730215,416
CC[C@@H]1c2nnc(-c3nc(C)ns3)n2CCN1C(=O)c1ccc(F)cc1,0,9,0.040247311703752266,638
O=C1OCc2c1ccc(CCN1CCN(C(=O)Cc3ccc(-n4cnnn4)cc3)CC1)c2F,0,9,0.05575792523431467,670
Cc1nn(-c2ccc(F)cc2)c(-n2ccnc2)c1C(=O)NCc1cccnc1,0,6,0.11883552683403749,3332
Cc1nc([C@@]2(CN)[C@@H]3CN(c4cnc5c(-c6ccc7nn(C)cc7c6Cl)n[nH]c5n4)C[C@@H]32)cs1,0,1,0.20824719398692312,3333
CCOc1cc(C)c2ncc(F)c(CCC34CCC(NCc5ccc6c(n5)NC(=O)CO6)(CC3)CO4)c2n1,1,4,0.9171224337121932,265
O=C(/C=C/c1ccccc1)N1CCC2(CCCC(=O)N2c2ccccc2)CC1,0,3,0.11010222598871167,3334
CC(C)S(=O)(=O)N[C@@H]1COC[C@@H]1c1ccc(-c2ccc(C#N)cc2)cc1,0,7,0.2708715261355185,3335
COC(=O)C1=C(C)NC(C)=C(C(=O)NC[C@H]2CCN(CCc3ccc(Cl)c(Cl)c3)C2)C1c1cccc([N+](=O)[O-])c1,1,4,0.6634470414294165,1519
COc1ccccc1-c1nc2c(C(=O)N[C@@H]3C[C@H]4CCC[C@@H](C3)N4C)cccc2o1,1,2,0.4878391608641718,3336
Cc1ncc(-c2nc(Nc3ccc(C(=O)N(C)C)cc3)ncc2F)n1C(C)C,0,8,0.09124915161340796,558
Oc1ccc(C2=CC3(CCNCC3)Oc3ccccc32)cc1,1,10,0.6123390022651678,151
CCC(NC(=O)c1ccc(Cl)cc1)[C@H]1[C@@H]2C[C@@H](n3cnc4c(F)cccc43)C[C@@H]21,1,9,0.65734384914374,118
COc1ncc2cc1NS(=O)(=O)c1cccc(c1)C(=O)NCCn1cc(cn1)-c1cnc3ccc-2nn13,0,4,0.06386396120498118,3337
COC[C@@H]1C[C@H](N(C)C(C)C)CC[C@@H]1NC(=O)CNC(=O)c1cccc(C(F)(F)F)c1,0,5,0.2121854654365433,380
COCCNC(=O)CCCN1CCC[C@@H]1Cn1nc(Cc2ccc(Cl)cc2)c2ccccc2c1=O,1,6,0.8440675378098086,178
CCCn1cc(-n2cc(C(=O)Nc3cccc(C(=O)O)n3)c3c4ccccc4n(CC)c(=O)c32)cn1,0,2,0.17739785294730914,3338
Cc1nc2c(c(-c3ccc(Cl)cc3Cl)c1CN)CN(CC(=O)NCc1cccnc1)C2=O,0,1,0.21603171015357575,3339
O=C(NCc1ccc(F)cc1)N(c1ccc(Cl)cc1)C1CCN(CCO)CC1,0,4,0.4855480897028052,3340
CCNC(=O)N1CCN(c2cnc3cc(C(F)(F)F)cc(NCc4cccc([N+](=O)[O-])c4)c3c2)CC1,1,5,0.5733057447866389,1071
O=C(Nc1ccc(C[C@@H]2CC[C@H]([C@H](O)c3ccccc3)N2)cc1)[C@@H]1CCc2cccc(=O)n21,0,4,0.1343810849118136,3341
Cc1ccc2c(-c3nnc(SCCCN4CCc5cc6onc(C)c6cc5CC4)n3C)cccc2n1,1,8,0.9166891159881806,3342
O=C(NC[C@@H](Cc1ccccc1)N1CCC(O)(C(F)(F)F)CC1)C1(c2ccc(Cl)cc2)CCCC1,0,1,0.38518427053154036,3343
COc1c(C(C)(C)C)cc(C(=O)N2CCC(CNC(=O)CCCCC(c3ccc(F)cc3)c3ccc(F)cc3)C2)cc1C(C)(C)C,1,10,0.7166831212245802,1813
CC(=O)N1CCC(n2nc(C)c(Nc3ncc(Cl)c(-c4cnc5ccccn45)n3)c2C)CC1,0,6,0.10728107453084408,2296
COc1cc(CC[C@@H](C)N2Cc3ccc(C(F)(F)F)cc3C2)ccc1O,1,5,0.6440161646527086,70
CNc1cc(F)cc2c1[nH]c1nc(Oc3cnc(C)nc3)nc(N3CC(=C(C)[C@@H](C)N)C3)c12,0,3,0.02753779861648543,508
[2H]C([2H])([2H])Nc1cc(F)cc2c1[nH]c1nc(Oc3cnc(C)nc3)nc(N3CC(=C(C)C(C)N)C3)c12,0,9,0.07633094136013557,508
Cc1n[nH]c(C)c1Cn1cc(-c2ccc(F)c(C(F)F)c2)cn1,1,1,0.9288313469799658,554
c1ccc2c3c([nH]c2c1)[C@@H](C1CCOCC1)N[C@@H](c1nc(-c2csc4ccccc24)c[nH]1)C3,1,1,0.9103461384897895,3344
CC(=O)Nc1nc(C)c(-c2cc3c(c(S(C)(=O)=O)c2)C(=O)N([C@@H](C)C2CC2)C3)s1,0,4,0.07031006164256866,2585
COCCOc1cc(NC(=O)N2CCCc3cc(CN4CCN(C)C(C)(C)C4=O)c(C=O)nc32)ncc1C#N,0,4,0.08227032011662258,861
CC(C)=CCn1c(N2CCCNCC2)c(C#N)c2c1c(=O)n(Cc1c(C#N)cnc3ccccc13)c(=O)n2C,1,7,0.13178093122882878,3345
COc1ccc(-c2ccc(NC(=O)Nc3cccc(C(F)(F)F)c3)cc2)c2c(N)noc12,0,7,0.17342086653568478,3346
COCCOc1cncc(-n2c(=O)[nH]/c(=N\c3cc4cn(C)nc4cc3Cl)n(Cc3cc(C#N)ccc3C)c2=O)c1,0,1,0.09475908618290556,1524
CC(=O)N1CCC(Nc2ccc3c(c2)C(=O)N(C[C@H](O)CN2CCc4ccccc4C2)CC32CCC2)CC1,1,8,0.45289907763476656,3347
O=C(c1cc(F)cc(Cl)c1)N1CCn2nc(-c3ccc(F)cn3)cc2C1,0,1,0.23899971538409304,3348
CSC[C@H]1CN(C2CCN(c3nnc(N)[nH]3)CC2)[C@@H](Cc2ccc(Cl)cc2)CO1,0,8,0.03894676807723452,523
C[C@@H](NC(=O)Nc1cc2[nH]nc(-c3cnn(C)c3)c2cn1)c1ccccc1,0,10,0.05357611254718314,3349
Cc1nnc(-c2nc(C)n3ccc(Nc4nccc(-c5cc(CN(C)C)n(C)n5)n4)cc23)o1,0,9,0.15172598104107407,3350
COc1ccc([C@@H](C)N[C@@H]2CC[C@@H](C(=O)N3CCC(c4ccccc4)(c4ccccc4)CC3)C(C)(C)C2)cc1,1,7,0.3234307479281927,3351
O=C1COc2ccc(CNC34CCC(CCc5ccnc6cc(F)cnc56)(CC3)OC4)nc2N1,1,10,0.9114211166783822,265
CN(Cc1ccc(C(C)(C)C)cc1)S(=O)(=O)N1CCCc2cc(Nc3ccc4c(c3)CCCC4=O)ccc21,0,9,0.3548035951124637,3352
COc1ccc(CC(C)(C)NC[C@H](O)COc2cccc3[nH]c(=O)[nH]c23)cc1,1,6,0.2881606452889019,3353
COc1nnc(Cl)cc1C(O)c1ccc(F)c(-c2ncnc3cc(N4CCOCC4)ccc23)c1,0,2,0.009307347878210876,2479
c1ccc(-c2c[nH]c([C@H]3Cc4c([nH]c5ccccc45)C(C4CCCCC4)O3)n2)cc1,1,5,0.773370192607493,3354
CN1C[C@@H]2C[C@H]1CN2c1ccc(-c2ccc3sccc3c2)cn1,1,3,0.8963494034092666,3355
N#Cc1ccc(C(O)c2cc(-c3ncnc4cc(N5CCOCC5)ccc34)c(F)cc2Cl)nn1,0,6,0.01574005084152808,465
Cc1c(-c2ccc(Cl)cc2)noc1-c1ccc2cc(CCN3CCC[C@H]3C)ccc2n1,1,1,0.7467659567822589,3356
CN(C/C=C/c1ccc(-c2ccccc2)cc1)Cc1cccc2cc[nH]c12,0,4,0.40530259810108,3357
Nc1nnc(N2CCC(N3C[C@H](C(=O)N4CCC(F)(F)CC4)OC[C@@H]3Cc3ccc(Cl)cc3)CC2)[nH]1,0,10,0.014425998381886825,3358
O=C(Nc1ccc(-c2nnc(NCCCN3CCCCC3)o2)cc1)C1CCCCC1,0,10,0.04045175008333036,3359
C[C@@H]1Cc2c(ccc3[nH]ncc23)[C@@H](c2c(F)cc(NC3CN(CCCF)C3)cc2F)N1CC(F)(F)CO,1,2,0.8078976084799432,1193
COC(=O)N(NC(=O)c1c(CC2CCNCC2)c(-c2ccccc2)nc2ccccc12)c1ccccc1,1,6,0.5545107851816305,3360
C[C@@H](C(=O)Nc1ccc(C[C@@H]2CC[C@H]([C@H](O)c3ccccc3)N2)cc1)n1ncccc1=O,0,3,0.04533918162220593,3361
COc1ccc([C@]2(O)CC[C@H](N3CC(NC(=O)CNc4n[nH]c5ccc(C(F)(F)F)cc45)C3)CC2)cn1,0,5,0.09266456480154726,449
Cc1cc(-c2ccc3c(c2)-c2nnc(Nc4cccc(OC(F)(F)F)c4)n2CCO3)ccn1,1,4,0.8300331626050766,463
CC(C)CNc1nc(C#N)nc(N2CCNCC2)c1N,0,8,0.11402639855338492,3362
CS(=O)(=O)N1CCC(c2ccc(-c3cc4nccnc4c(NC[C@@H]4CNCCO4)n3)cc2F)CC1,0,8,0.060147278900631894,819
COc1ccc(C(C(N)=O)c2cc(-c3ncnc4cc(N5CCOCC5)sc34)c(F)cc2Cl)nn1,0,9,0.046317307778298525,3363
CCNC(=O)c1ccc2c(c1)[nH]c(=O)n2C1CCN(CC2(O)CCCCC2)CC1,0,6,0.11812344046943897,3364
CCn1ccc(Cn2cc(-c3ccc(Cl)c(OC(F)F)c3)cn2)n1,1,10,0.9521696153399336,59
C=C(C)c1ccc(N2CC(CNC(=O)c3ccc(-c4nc5cc(C#N)cc(C(C)C)c5o4)cc3)OC2=O)nc1,0,8,0.08835420416431469,1167
Cc1cc2c(=O)n(Cc3ccccc3C#N)c(N3CCC[C@@H](N)C3)nc2[nH]1,0,9,0.11304093195486221,3365
COc1nn(C)cc1Nc1ncc(Br)c(-c2c[nH]c3c(NC(=O)[C@@H](C)N4CCN(C)CC4)cccc23)n1,0,5,0.08532750558238374,880
CC(C)c1cc(C(=O)NC[C@H]2CCN(CCc3ccc(OC(F)(F)F)c(F)c3)C2)on1,1,6,0.6311112819086424,2714
CC(C)(C)c1ccc(C(=O)NCC2CCN(C(=O)CCCCC(c3ccc(F)cc3)c3ccc(F)cc3)C2)cc1,1,7,0.793671631285861,1712
Cc1cnc(C(O)c2ccc(F)c(-c3ncnc4cc(N5CCOCC5)ccc34)c2)c(C)n1,0,1,0.0018158049196947868,247
O=C(NC1CCN(Cc2ccn(-c3ccc(C(F)(F)F)cc3)c2)CC1)NC(c1ccccc1)c1ncc[nH]1,0,4,0.16682934241637265,3366
Nc1ccc(-c2cccs2)cc1NC(=O)c1ccc(N2CCC3(CC2)CNC(=O)N3)nc1,0,4,0.09530825289674634,3367
N#Cc1ccc2cc1Oc1cccc(c1)CN1CC[C@H](NCc3cncn3C2)C1=O,0,10,0.4814247533890631,745
Cc1nccnc1[C@@H](O)c1ccc(F)c(-c2ncnc3cc(N4CCOCC4)ccc23)c1,0,2,0.0,247
O=C(CNc1cc(C(F)(F)F)nc2ccc(C(F)(F)F)cc12)NC1CN([C@H]2CC[C@@](O)(c3cncs3)CC2)C1,0,1,0.07286716768133508,2702
CC(C)(N)c1nc(-c2ccccc2)c[nH]1,0,4,0.10170247592811239,2076
NC1=N[C@@]2(CO1)c1cc(-c3cccnc3F)ccc1Oc1c2cc(-c2ccc(F)nc2)nc1F,0,1,0.07233760264205512,3368
Cc1cc(S(=O)(=O)N[C@H](C)C2CCN(C)CC2)ccc1NC(=O)c1ccccc1C,0,1,0.18824761146425012,3369
Cc1c(CCN2CCN(C(=O)Cc3ccc(-n4cnnn4)nc3)CC2)ccc2c1COC2=O,0,6,0.029320831325742727,582
CNC(=O)c1cc(C(=O)NC2CC2)cn(Cc2cccc3[nH]ccc23)c1=O,0,2,0.13486256193681584,3370
COc1ccc(C(=O)NC2(c3ccccc3)CCN(c3cc(N)ccn3)CC2)cc1Cl,1,7,0.4813332662415334,3371
CCCCCCC[N+](CC)(CC)C/C=C/Cc1ccc(Cl)cc1,1,10,0.7952500051848049,156
Cc1cc(-c2ccc3cc(CCN4CCC[C@H]4C)ccc3n2)nc(-c2ccccc2)n1,1,3,0.7128952312674551,3372
CO[C@H]1C[C@@H](n2c(=O)n(C)c3cnc4cc(F)c(-c5ccc(CO)nc5)cc4c32)C1,0,7,0.06667382111368267,94
Cc1ccc2c(N3CCN(CCc4c(C)ccc5c4CCC(=O)N5C)CC3)cccc2n1,1,3,0.5757711288791265,3373
CCCSc1nc2c(c(=O)[nH]1)[C@@H](c1ccc(OC)cc1[N+](=O)[O-])CC(=O)N2,0,8,0.20140462992936103,2480
OCCn1cc(-c2cnc3nnn(Cc4ccc5ncccc5c4)c3n2)cn1,0,7,0.18188947104773892,3374
Cc1cc(C)n(CC(=O)N2CCN(c3ccccc3-c3ccccc3)CC2)n1,0,9,0.2617275657044562,3375
Cn1nccc1[C@H]1CCCC[C@@H]1Oc1cc(F)c(S(=O)(=O)Nc2ccncn2)c(F)c1,0,6,0.041282913226151026,707
CS(=O)(=O)Cc1cc(N2CCOCC2)nc(NC(=O)c2ccno2)n1,0,1,0.05576499334485916,3376
O=C1S/C(=C\c2ccc3c(cnn3Cc3ccc(Cl)cc3C(F)(F)F)c2)C(=O)N1[C@@H]1CCNC[C@H]1F,0,5,0.41836862640371547,3377
CN(C)C(=O)Nc1ccc(S(=O)(=O)N[C@H]2CC[C@H]([C@H](N)C(=O)N3CCCC3)CC2)cc1,0,1,0.04093086362665603,52
CC(C)c1nccn1Cc1cn(-c2ccc(Cl)c(C(F)F)c2)nn1,1,5,0.9759066653711479,23
CN(C)C(=O)CNCCc1cccc(OCCCC(F)(F)F)c1,0,4,0.2552300935540859,156
COc1ccc2c(Oc3ccc(CP(=O)(OCOC(=O)C(C)(C)C)OCOC(=O)C(C)(C)C)cc3)ccnc2n1,0,6,0.19301193150329846,3232
O=C(Nc1ccc(-c2nnc(NCCCCN3CCC(F)CC3)o2)cc1)c1ccccc1F,0,3,0.048586080897526175,2524
COc1cc([C@@](O)(CCN(C)C)[C@H](c2cc3cc(Br)ccc3nc2OC)c2ccnc(OC)c2F)cc(OC)n1,0,7,0.0747761426312568,1379
Cc1ncnc(C)c1C(=O)N1C[C@H]2CN(CCC(c3cccc(F)c3)C3CCN(S(C)(=O)=O)CC3)C[C@H]2C1,0,10,0.15452013254515123,3378
COc1ccc2c(-n3cnc(C)c3)nc(C#N)c(-c3cccc(F)c3)c2c1,0,9,0.485069595270171,3379
CS(=O)(=O)c1ccc(Cn2c(NC3CCN(CCc4ccc(C#N)cc4)CC3)nc3ccccc32)cc1,1,10,0.795613074098565,1635
Nc1nnc(N2CCC(N3C[C@H](CN4CCCC4)OC[C@@H]3Cc3ccc(Cl)cc3)CC2)[nH]1,0,8,0.0091871370026739,1910
CCCC(CN)=C1CN(c2nc(Oc3cnc(C)nc3)nc3[nH]c4c(NC)cc(F)cc4c23)C1,0,6,0.0436133287071155,508
C[C@@H]1CCCN1CCN1CCc2cc(-c3ccc(F)cc3)ccc2C1=O,1,4,0.4830269411578259,796
C[C@H]1COc2c(N3C[C@@H]4[C@H](N)CCC(F)(F)[C@@H]4C3)c(F)cc3cc(C(=O)O)c(=O)n1c23,0,3,0.048174974012818055,1447
COc1cccc(-c2cccc(C3(c4ccncc4)N=C(N)CS3)c2)c1,0,7,0.21787481674838596,3380
CN1CCC(NCc2c(OCc3ccc(Br)cc3)ccc3ccccc23)CC1,0,10,0.5366293117116125,3381
CC(=O)N1CC2(CC(Nc3cc4c(cn3)C3(CC3)CN(C[C@H](O)CN3CCc5ccccc5C3)C4=O)C2)C1,0,10,0.24193722467214854,3382
O=C(NCCN1CCNCC1)Nc1ncccc1OCc1ccccc1,0,3,0.1811517041964255,3383
CC(C)Oc1cc([C@@](Cc2ccccc2)(NCC(O)C(O)(C(F)(F)F)C(F)(F)F)c2cc(F)cc(OC(F)(F)C(F)F)c2)ccc1F,0,10,0.11185615679142508,369
C[C@@H]1CN2c3c(cc4c(N5CCSC5=O)noc4c3F)CC3(C(=O)NC(=O)NC3=O)[C@H]2[C@H](C)O1,0,6,0.07281380936840486,2402
C[C@]12CC[C@H](O)C[C@H]1C[C@@H](N1CCC[C@@H](N)C1)[C@@H]2Oc1ccc(C#N)cc1,0,8,0.07169975953684816,1759
O=C1NCCN1CCN1CC=C(c2cn(-c3ccc(F)cc3)c3ccc(Cl)cc23)CC1,1,1,0.6578606117787096,3384
CC1OC2(CCN(CCc3ccccc3)CC2)CN(c2cnccn2)C1=O,1,8,0.5476420391551193,3385
COc1ccc(NC(=O)N2CCN(c3nc(N)nc4scnc34)CC2)cc1,0,3,0.08228745660787104,2534
COc1ccccc1CC(c1ccccc1)N1CCNCC1,0,7,0.06691810826569454,779
O=C(NC1CCN(Cc2ccn(-c3ccc(C(F)(F)F)cc3)c2)CC1)NC(Cn1ccnc1)c1ccccc1,0,7,0.10314299848237664,3386
[2H]C([2H])([2H])NC1=NC(=O)[C@]2(CCc3ncccc32)c2cc(C(C)(F)F)ccc21,0,5,0.1919556689401551,3387
Cn1nccc1[C@H]1CCC[C@@H]1Oc1cc(F)c(S(=O)(=O)Nc2nccs2)cc1F,0,6,0.04503690424998828,3388
COC(=O)N(C)c1c(N)nc(-n2nc(Cc3c(F)ccc(F)c3F)c3ccccc32)nc1N,0,1,0.03585526141613936,458
O=C(NC1CC1c1ccccc1)N1CCC(n2cccn2)CC1,0,6,0.08811458214089368,3389
COCc1ccc(-c2cc3c(N[C@@H](C)c4ccn(C)n4)c(C(N)=O)cnc3cc2F)c(F)n1,0,2,0.06263801138196211,502
O=c1cc(-c2ccnc(NC3CCOCC3)n2)ccn1[C@H](CO)c1ccc(Cl)c(F)c1,0,9,0.16324592224914175,3390
O=C(NCc1cccc(C(=O)NCc2ccccc2)c1)c1ccc(O)cc1,0,4,0.11590752630678483,3391
CCc1ncc([C@H]2CC[C@@H](N3CC(NC(=O)CNc4nn(C)c5ccc(C(F)(F)F)cc45)C3)CC2)s1,0,9,0.16294128267281308,3392
O=C(NC1CCN(Cc2ccc3c(c2)OCO3)CC1)c1cc(=O)c2cc(F)c(Cl)cc2o1,1,9,0.920630713447981,481
CC1=C(N2CCC3(CCN(C[C@H](O)c4ccc5c(c4C)COC5=O)CC3)C2=O)CCC1=O,0,5,0.04216549986087285,3214
Cc1cnc(N2CCC(C3CCN(c4cc(C)nc(C#N)n4)CC3)CC2)cn1,0,8,0.3217386777342101,3393
COc1ccc(-c2nnc(C(=O)N3CC(Oc4ccc(CN5CCCC56COC6)cc4)C3)o2)cc1,0,4,0.05104920131200759,3394
C[C@@H]1Cc2c(ccc3[nH]ncc23)[C@@H](c2ccc(NC3CN(CCCF)C3)cn2)N1CC1(F)CC1,1,4,0.9441408164757699,185
COCCCOc1cc(C(=O)N(C[C@@H]2CNC[C@H]2Cc2ccccc2)C(C)C)ccc1OC,0,2,0.3623066318203573,3395
O=c1nc(NC2CCN(Cc3ccc4ccccc4c3)CC2)c2cc(Cl)ccc2n1CC(F)(F)F,1,7,0.8181772339165185,3396
O=C(NC1CCc2cc(CCN3CCN(c4nsc5ccccc45)CC3)ccc21)c1ccc(F)cc1,1,2,0.9308448718280152,3397
Cc1nc2nc(C)c(O[C@@H]3CCN(c4ccc(-c5ccc(CN6CCOCC6)nn5)cc4)C3)c(C)n2n1,0,5,0.13794568820632616,3398
O=C(NC1CCc2ccc(CCN3CCN(c4nsc5ccccc45)CC3)cc21)c1ccc(Cl)cc1,1,3,0.9350415716638726,310
O=C(/C=C/c1ccc2c(c1)CN(CCc1c[nH]c3ccccc13)C2)NO,0,4,0.14069899047560278,3399
C[C@H](Oc1cc2cc(C#N)ccc2nc1N)c1cc(F)c(F)cc1-n1cccn1,0,7,0.18505634300470078,2531
Cc1cc(C(=O)O)ccc1-c1ccc(N2C(=O)N(c3ccncn3)C3(CCN(Cc4ncccc4C)CC3)C2=O)cc1,0,5,0.08089232654568192,56
COc1ccc(C2(c3cccc(-c4cccnc4)c3)N=C(C)C(N)=N2)cc1,0,10,0.11580439858639266,2467
COc1cccc2c1CCCC2CCCN1CCN(C2CCCCC2)CC1,1,6,0.6417688609966223,3400
CNC[C@@H](O)CCN1c2ccccc2N(c2ccccc2F)S1(=O)=O,0,3,0.07868266256229177,2357
CNC(=O)c1ccc(Nc2nccc(-c3cnc(C)n3C(C)C)n2)cc1,0,6,0.08108311775651812,558
CC(=O)Nc1ccc2c(c1)C(N1CCC(NC(=O)c3cc(=O)c4ccc(F)cc4o3)CC1)CC2,0,3,0.22204934220302774,3401
O=C(c1ccccc1)N1CCN(c2ccc(OCCCN3CCCCC3)cc2)C(=O)C1,0,2,0.19703351349932977,1641
COCCCc1cc(CCCN2CCOCC2)c(Cl)c(CN(C(=O)[C@H]2CNCC[C@@]23OCc2cc(F)c(F)cc23)C2CC2)c1,0,3,0.23506053250523326,3402
C[S+]([O-])c1ccc(-c2cnc3ccc(Nc4ccc(S(C)(=O)=O)cc4)nn23)cc1,0,4,0.13443294666073266,1019
CC(CCO)n1nc(-c2ccc3cc(OC4CC4)ccc3c2)c(C(N)=O)c1N,0,10,0.040526647428364954,1137
CC(C)CN(C(=O)c1cccc(Cl)c1Cl)[C@H]1CCNC1,0,3,0.01994231291716348,363
COc1cc(Oc2ccccc2)ccc1-c1nc([C@H]2C[C@@](C)(O)C2)n2ccnc(N)c12,0,3,0.29579459411579423,3403
COc1ccc(C(O)c2cc(-c3ncnc4cc(N5CCOCC5)sc34)c(F)cc2Cl)nn1,0,9,0.03848097097720154,3363
COc1ccc(-c2nnc(C(=O)N3CC(Oc4ccc(CN(C)C)cn4)C3)o2)cc1,0,2,0.04905954844443125,3404
CN1CN(CC2CC2)Cc2c(O)ccc3oc(-c4ccc(O)cc4)c(c23)C1=O,0,5,0.22335672516962915,3405
CCN(CCO)C(=O)c1cc2ccccn2c1-c1cccc(OC)n1,0,1,0.07225585478723733,3406
N[C@@H](Cn1c(=O)cnc2ccc(F)cc21)[C@H]1CC[C@H](NCc2ncc3c(n2)NC(=O)CO3)CC1,0,1,0.030817228022348424,721
CC(C)OC(=O)C1=CN(C(=O)c2ccc(OCCCN3CCOCC3)cc2)CC(C)(C)c2c1[nH]c1cc(F)ccc21,0,5,0.30718905539838204,3407
CCCCNc1nc(N)nc2c(C)nn(Cc3ncc(C4CCNCC4)cc3OC)c12,0,4,0.10670380041947974,44
COCc1nn(Cc2ccc(Cn3ccccc3=O)cc2)cc1C(=O)NCc1c(F)ccc(OC)c1F,0,6,0.16441954564197644,3408
Cc1nc2ccccc2n1[C@@H]1C[C@H]2COC[C@@H](C1)N2CC[C@H](NC(=O)C1CCC1)c1ccccc1,1,1,0.5176791161300134,3409
CCn1nc(C)cc1C(=O)Nc1nc2cc(C(N)=O)cc(OC)c2n1C/C=C/Cn1c(NC(=O)c2cc(C)nn2CC)nc2cc(C(N)=O)cc(OCCCNC(=O)OC(C)(C)C)c21,0,2,0.19387570316780797,3410
O=C1COc2ccccc2N1CCCN1CCC(n2c(=O)[nH]c3cnccc32)CC1,0,1,0.11491036659116084,3411
CC1(c2ccccc2)NC(=O)N(CC(=O)c2ccc(F)cc2F)C1=O,0,4,0.06211979572649801,1552
COc1cc(C(=O)NC2CCN(C[C@H](O)c3ccc4c(c3C)COC4=O)CC2)ncc1C#N,0,8,0.07967421854802105,3412
C[C@H](N)[C@@H]1CCN(c2c(F)cc3cc(C(=O)O)c(=O)n4c3c2OC[C@@H]4C)C1,0,7,0.025089957066592207,3413
N#Cc1cccc(-c2cc(F)ccc2CC(c2cccnc2)c2cccnc2)c1,0,7,0.1583898473735042,969
CCc1nc2ccc(CN3CCC(NC(=O)c4cc(=O)c5ccc(F)cc5o4)CC3)cc2o1,0,10,0.3498929257780819,3154
O=C(NO)C1(S(=O)(=O)c2ccc(Oc3ccc(OC(F)(F)F)cc3)cc2)CCC2(CCNCC2)C1,0,9,0.08024481039664226,1508
NC1=N[C@@]2(CO1)c1cc(-c3cccnc3F)ccc1Oc1c2cc(-c2ccnc(F)c2)nc1F,0,2,0.03970351137512552,3078
CCCN(C(=O)c1ccccc1C(C)C)[C@H]1CCNC1,0,10,0.05617585000896747,363
COc1ccccc1-c1nnc(SCCCN2CCc3ccc(-c4cc(C)on4)cc3CC2)n1C,1,9,0.979445127966113,976
Cn1c(C(O)c2cc(-c3ncnc4cc(N5CCOCC5)ccc34)ccc2F)cccc1=O,0,9,0.026023913482646918,1001
O=C(Nc1cccc(-c2nc3ccccc3[nH]2)c1)c1cc(Cl)cc(Cl)c1,0,10,0.28321447824402596,3414
Nc1nc2cc3c(cc2s1)CCN(C(=O)c1ccccc1)CC3,0,3,0.09802981357379632,3415
Nc1nnc(N2CCC(N3C[C@H](C(F)F)OC[C@@H]3Cc3ccc(Cl)cc3)CC2)[nH]1,0,6,0.014861641007909225,523
Cc1cc(-c2ccc3c(c2)-c2nnc(Nc4cccc(Cl)c4)n2CCO3)ccn1,1,9,0.7568772739235935,463
O=C(NCC(=O)N1CC[C@H](N[C@H]2CC[C@@](O)(c3ccc(-c4nccs4)cn3)CC2)C1)c1cccc(C(F)(F)F)c1,0,2,0.07452935898253474,3416
Cc1cccc(-c2ccn3c(CC4CC4(F)F)nnc3c2)c1,0,8,0.1346726192478708,705
NC(=O)Cc1c(C(=O)N2CCC(O)(c3ccc(F)cc3)CC2)nn(-c2ccccc2Cl)c1-c1ccc(Cl)cc1,1,2,0.2873799882615851,3417
CCc1nccn1Cc1cn(-c2ccc(F)c(C(F)F)c2)nn1,1,1,0.979644556551295,23
N#CC1(NC(=O)[C@@H]2CCCC[C@H]2C(=O)N2CCN(c3nc4ccncc4s3)CC2)CC1,0,2,0.03463618706168022,3418
COc1cnc2c(c1)CN(C(=O)[C@@]13CCC[C@@H]1C[C@@H](NC1CCOCC1OC)C3)CC2,0,4,0.03397181595319674,685
CCCc1ncc(-c2nc(C(F)(F)F)sc2N2CCN(C(=O)Cn3nc(C)nc3C)[C@H](C)C2)cn1,0,4,0.20473574626064436,115
CCC(CC)CNc1c(C(N)=O)c(C)nc2ccc(-c3cccnc3)cc12,1,5,0.5131998849839098,2403
CC[C@](O)(c1cn(Cc2ccc3c(-c4ccc(F)cc4)c(C(N)=O)sc3c2)nn1)C(F)(F)F,0,7,0.08071391986003605,142
Cc1ccc2c(c1)CC(CCN(C)C)=C2[C@@H](C)c1nccs1,1,1,0.6629060713582199,3419
C[C@@H]1CNC[C@H]2Cc3ccc(Cl)nc3N21,0,8,0.11187341031140702,3420
Cc1nc2nc(N3CCN4CCC3CC4)oc2cc1Cl,0,6,0.19093494277877726,565
COc1cc(-c2cn(Cc3cccc(OC(F)(F)F)c3)nn2)ccc1-n1cnc(C)c1,1,10,0.5981309038847187,3421
CC(C)(C)CCN1CCC(CNC(=O)Nc2cccc(Cl)c2)(c2ccccc2)CC1,1,2,0.47036153205056586,3422
COC(=O)c1cc(NC(=O)Cc2ccc(C)cc2)cc(-c2nc3ccccc3[nH]2)c1,0,2,0.16874660274638129,3423
COc1cccc(-c2ccc(C#Cc3cccc(C#Cc4ccc(-c5cccc(OC)c5)cc4)[n+]3C)cc2)c1,1,5,0.8845639685577065,1190
O=C1OCc2c1cccc2-c1ccc(CCN2CCN(CCc3ccc([N+](=O)[O-])cc3)CC2)cc1,1,2,0.8315138049741645,3424
CCCN1CNc2cc(Nc3ccnc4cc(Cl)ccc34)ccc2C1,1,5,0.5474844792301954,3425
Nc1nc2c(C(=O)NCc3ccccc3)cc(O)c(O)c2s1,0,4,0.061010901735876304,3426
Cc1[nH]ncc1Cn1cc(-c2ccc(Cl)c(OC(F)F)c2)cn1,1,4,0.9200903151097303,554
OCC1CC2(c3ccccc3)NC1CCC2NCc1cc(OC(F)(F)F)ccc1OC1CC1,1,4,0.492115304801894,3105
CCN(CC)C(=O)c1ccc(C2=CC3(CCNCC3)Oc3ccccc32)c(F)c1,1,8,0.2881258649132943,151
CC1(C)O[C@H]2CC(=O)OC[C@]23[C@H]2CC[C@@]4(C)[C@H](c5coc(C(=O)CCCCN6CCOCC6)c5)OC(=O)[C@H]5O[C@]54[C@]2(C)C(=O)C[C@@H]13,0,7,0.23771455289222654,3427
Cc1ccc2c(n1)[C@H]([C@@H](C)C(=O)Nc1ccc(Cl)c(-c3ccccn3)c1)CC[C@H]2C,0,3,0.1684388511620507,3428
Nc1ccnc(N2CCC(NC(=O)c3ccccn3)(c3ccccc3)CC2)c1,1,9,0.37810825688271404,3429
CC(C)(CN1C(=O)c2ccccc2C1C(=O)NCCCF)c1ccc(Cl)cc1,0,3,0.24826208799583627,534
O=C(Nc1ccc(S(=O)(=O)Nc2ccccc2C(=O)c2ccccn2)cc1)OCC1CCCO1,0,4,0.10896858079025092,1064
CCOC[C@H](Oc1ncnc2c1cnn2-c1ncccc1Cl)C(=O)Nc1ccccn1,0,1,0.015841802790301382,3
N#Cc1cc(NCC(=O)NC2CN([C@H]3CC[C@@](O)(c4cncs4)CC3)C2)c2cc(C(F)(F)F)ccc2n1,0,3,0.05951211412716192,2702
CC(C)(C)S(=O)(=O)c1ccc2nccc(Nc3n[nH]c4ncc(F)cc34)c2c1,0,3,0.14736800588684892,3430
COc1ccc2nc(C)cc(OCc3nc4cc(C)ccc4o3)c2c1,0,7,0.3396639762592938,3431
CC1CCNc2c(C(=O)NC/C=C/S(C)(=O)=O)cccc21,0,1,0.12576076421483248,3432
c1cc(-c2ccc(Oc3ccc(CN4CCCC4)nc3)nc2)[nH]n1,0,5,0.2176419558212213,3433
C[C@H](C(=O)O)n1nc(Cn2cc3cc(OCC4CC4)c(Cl)cc3n2)c2ccccc2c1=O,0,3,0.18727369309425992,3434
COc1ccc2nc(C)cc(OCC(=O)Nc3cc(C)cc(C)c3)c2c1,0,8,0.23242319515645551,1211
Clc1ccc([C@H]2CC=CCNC2)cc1Cl,0,5,0.12382892491605522,1943
CCCC(CCC)c1nc2c(Nc3ccc(I)cc3)nc3ccccc3c2[nH]1,0,6,0.5032839145022592,3435
Cn1c(SCCCN2CCc3ccc4oc(C(F)(F)F)nc4c3CC2)nnc1-c1ccccc1,1,6,0.90803752042107,3436
O=C(NCC(=O)N1CC[C@H](N[C@H]2CC[C@@](O)(c3ccc(-c4ncco4)cn3)CC2)C1)c1cccc(C(F)(F)F)c1,0,8,0.05788940622595498,3437
CCNC1=N[C@H]2[C@H](O[C@H](CO)C(F)[C@@H]2O)S1,0,7,0.029319838511789733,283
Cc1ccc(-c2nnc(N[C@@H]3CCCN(C)C3)n3nccc23)c(O)c1,1,9,0.3125993728368497,3438
Cc1nccc(Sc2c(N)nc(N3CCC4(CC3)CO[C@@H](C)[C@H]4N)n(C)c2=O)c1Cl,0,1,0.09350673882604121,3439
Cn1cnnc1C1CCN(C(=O)NC2CC2c2ccccc2)CC1,0,6,0.09237453216046926,3440
N#C[C@H]1CCOC[C@@H]1n1cc(C(N)=O)c(Nc2ccc(Cl)cc2)n1,0,7,0.03891977161926156,1839
CCOc1ccc(-c2cncnc2-c2cc(OC)c(OC)c(OC)c2)cc1Cl,0,3,0.32235132341749895,3441
COC(=O)c1ccc2c(c1)N(CCN1CCC(NCc3ccc4c(n3)NC(=O)CO4)CC1)C(=O)CO2,0,7,0.05062602734443374,1747
Fc1cccc(-c2nc3cnn(Cc4cc(-c5ccc(C(F)(F)F)cc5C(F)(F)F)no4)cc-3n2)c1F,0,6,0.6098974873435594,3442
FC(F)(F)Oc1cccc(Nc2nnc3n2CCOc2ccc(-c4ccncc4)cc2-3)c1,1,6,0.7706478314212483,463
Cc1cc(-n2cc(Cn3ccnc3C(C)C)nn2)ccc1Cl,1,1,0.9778561152330458,23
OC(c1ccc(F)c(-c2ncnc3cc(C4=CCOCC4)ccc23)c1)c1nccs1,0,8,0.11888638071642207,3443
Cc1cc(-c2ccc3c(c2)-c2nnc(Nc4cccc(C(F)(F)F)c4)n2CCO3)ccn1,1,2,0.849919549063178,463
Cc1ncc(CNC2CCN(CCn3c(=O)ccc4ccc(C#N)cc43)CC2)cc1C#N,0,6,0.06272826569594668,2775
O=C(O)C1(COc2ccc(-c3ccc(-c4nc5cc(Cl)ccc5[nH]4)cn3)cn2)CC1,0,8,0.08312297867915436,2205
FCCc1nccn1Cc1cn(-c2ccc(Cl)c(Cl)c2)nn1,1,5,0.9653388634344036,23
Fc1cccc(Cn2ccc3c(OC4CCN(Cc5ccccn5)CC4)ncnc32)c1F,1,3,0.8163290319168767,888
Cc1c([C@@H](O)CN2CCC3(CC2)CN(c2ccc(=O)n(C)n2)C3)ccc2c1COC2=O,0,9,0.03264811737376897,3444
Cc1ccncc1-c1cc2c(N[C@@H]3CC[C@](C)(N)C3(C)C)c(C(N)=O)cnn2c1,0,3,0.043846529706017205,2574
CNC(=O)NC1CCN(C(=O)[C@@H](CCCCN)NC(=O)[C@@H](CC(C)C)NC(=O)[C@@H](Cc2ccccc2)NC(=O)CNC[C@H](C)c2ccccc2)CC1,0,8,0.14498400390284452,3445
COC(=O)C1(CNC(=O)c2cc(Cl)cc(Cl)c2)CCN(Cc2cccc(C(F)(F)F)c2)CC1,1,1,0.8539383703030831,574
CC(Oc1ccc2nc(N)n(CC(O)c3ccc(C(F)(F)F)cc3Cl)c2n1)C(F)(F)F,0,9,0.11207029491264447,1982
FC(F)(F)Oc1cccc(-c2c[nH]c([C@H]3Cc4c([nH]c5ccccc45)[C@@H](C4CCOCC4)N3)n2)c1,1,6,0.9479785065523468,535
Cc1c(OCCN(C)CCCF)ncc(F)c1[C@@H]1c2[nH]c3ccccc3c2C[C@@H](C)N1CCC(=O)O,0,10,0.0890738911760078,774
O=c1ccc2ncc(F)c3c2n1C[C@@]3(O)CC12CCC(NCc3ccc4c(c3Cl)OCCO4)(CC1)CO2,0,7,0.09927300739188596,2134
Cn1ccc(Cn2cc(-c3ccc(F)c(C(F)F)c3)cn2)n1,1,8,0.9310138594019909,59
COc1ccc2[nH]c(-c3ccc(N4CCC(O[C@H]5CC[C@H](CC(=O)O)CC5)CC4)nc3)nc2n1,0,5,0.12034751928113084,3446
c1cnc2c(c1)CN[C@@H](CN(CCCCNC1CCOCC1)[C@H]1CCCc3cccnc31)C2,0,10,0.20443808435695532,1926
O=C(c1nnc(-c2ccccc2)o1)N1CC(Oc2ccc(CN3CC4(CCOC4)C3)cc2)C1,0,3,0.0753734626691378,2738
Cc1cccn(-c2ccc(-c3ccc4c(C(=O)NCc5ccncc5)n[nH]c4c3)c(Cl)c2)c1=O,0,5,0.17344657735087712,3447
CCNC1=N[C@@H]2[C@@H](O)[C@H](O)[C@@H](CO)O[C@@H]2S1,0,4,0.04981291099414849,283
CC(C)CNc1nc(N2CCN(CC3CCCOC3)CC2)ncc1C(=O)NCc1ccccc1,1,6,0.134826894929117,3448
CC(C)n1nc(C(=O)NCC2CCN(CCc3ccc(N)cc3)CC2)c2ccccc21,0,9,0.49157512859919167,1961
O=c1c(NCc2ccccn2)c(-c2ccc(N3CCOCC3)cc2)c1=O,0,3,0.10162740428378719,3449
COc1cc(C(=O)NCCN2CCCC2)ccc1Oc1ccc(Cl)cc1NS(=O)(=O)c1ccc(Cl)c(C(F)(F)F)c1,0,2,0.24614387946107238,3450
CC[C@@H](CCO)Nc1nc(N)nc2c3ccccc3n(Cc3cc(CN[C@@H]4COC[C@H]4O)ccc3OC)c12,1,8,0.8148750539471761,212
Cc1c(-c2ccc3cc(CCN4CCC[C@H]4C)ccc3n2)cnn1-c1ccc(Cl)c(Cl)c1,1,8,0.5296577140122358,3451
O=C(NC1CCN(Cc2ccc3c(c2)OCO3)CC1)c1cc(=O)c2ccc(O)cc2o1,1,6,0.65552243798436,481
Cc1cnc(-c2cnc(Nc3cnc(C#N)cn3)cc2NC[C@H]2CNCCO2)s1,0,10,0.06382560811338228,3452
COc1cc(C(=O)NS(C)(=O)=O)c(F)cc1-c1cnc(Oc2cc(F)ccc2F)c(Cl)c1,0,2,0.08740267929084591,3453
CC(C)c1ccc(-c2cc(CN3CCN(c4ccccn4)CC3)nn2C2CCCCC2)cc1,0,9,0.3525466461876702,3454
CC(C)(Cc1ccc2ccccc2c1)NC[C@@H](O)COc1ccc(CCC(=O)O)cc1,1,1,0.5134695315288572,468
COc1cc(NC2CN(CCCF)C2)ccc1[C@@H]1c2ccc3[nH]ncc3c2C[C@@H](C)N1CC(C)(F)F,1,9,0.9418337095291542,1193
C[S+]([O-])c1ccc(-c2cnc3ccc(NC4CCN(S(C)(=O)=O)CC4)nn23)cc1,0,9,0.08315899320928838,3455
CCN(CC)C(=O)c1ccc(C2=CC3(CCNCC3)Oc3ccccc32)cc1O,0,10,0.2226183715106809,151
CC(=O)N1Cc2cc(S(=O)(=O)CCO)ccc2C1C(=O)Nc1ccc(C(O)(C(F)(F)F)C(F)(F)F)cc1,0,8,0.039058124895646466,2449
Cc1nsc(-c2nnc3n2CCN(C(=O)c2ccc(F)cc2)[C@@H]3C)n1,0,3,0.002285436727611266,638
COCCOc1cc(NC(=O)N2CCCc3cc(CN4CCN(C)C(=O)C4)c(C=O)nc32)ncc1C#N,0,8,0.0526409629972246,3456
CNC(=O)c1cc(-c2ccc3c(N4CCOC[C@@H]4C)nc(N4CCOC[C@@H]4C)nc3n2)ccc1OC,0,1,0.0204763362209078,719
CCN(C(=O)Cc1ccc(S(C)(=O)=O)cc1)C1CCN(CC[C@@H](c2ccccc2)C2CCN(S(C)(=O)=O)CC2)CC1,0,8,0.07277349359625289,871
CC1CCCOc2ccnc3[nH]c(=O)n(c23)-c2ccc3nccc1c3n2,0,3,0.14401680259907712,3457
Cc1nnc(N2C[C@H]3CC[C@@H](C2)[C@@H]3Nc2nc3c(O[C@@H](C)C(F)(F)F)ccc(C(F)(F)F)n3n2)o1,0,8,0.31056697876764083,3458
COc1cc2nnc(C(N)=O)c(Nc3ccc(C)cc3F)c2cc1N1CCOCC1,0,7,0.023768322162750658,3459
c1ccc(CN2CCN(Cc3nnc(-c4ccccc4)o3)CC2)cc1,0,5,0.3216450546565677,3460
CO[C@@H]1COCC[C@@H]1N[C@@H]1CC[C@@](C(=O)N2CCN(c3ccnc(C(F)(F)F)n3)CC2)(C(C)C)C1,0,9,0.191750433133676,3461
Nc1nc2c(O)cc(C(=O)NCc3ccccc3)cc2s1,0,2,0.052514206716469926,2140
COc1ccc(CCN2C(=O)N(NS(C)(=O)=O)CC2c2ccc(OC(C)C)cc2)cc1,0,7,0.1420513301424242,723
Cn1c(SCCCN2CC[C@]3(C[C@@H]3c3ccc(C(F)(F)F)cc3)C2)nnc1-c1ccc(C(N)=O)nc1,1,4,0.6777090649895366,1073
COc1ccc(-c2nnc(C(=O)N3CCC(Oc4ccc(CN5CCC(O)C5)cc4)CC3)o2)cc1,0,2,0.08174427633593341,1624
O=C(N1CCc2ncc(C(F)(F)F)cc2C1)[C@@]12CCC[C@@H]1C[C@@H](NC1CCS(=O)(=O)CC1)C2,0,4,0.02948887394533631,3462
CCc1ccc(-c2cc(NCC3CCN(C)CC3)c3cc(OC)c(OCCCN4CCCC4)cc3n2)o1,0,4,0.3308481570292884,3463
CCCCCCCCCCCCCCCCOP(=O)([O-])OCC[N+](C)(C)C,0,4,0.4563968180533081,3464
COCCCOc1cc2c(cc1OC)-c1cc(=O)c(C(=O)O)cn1[C@H](C(C)(C)C)CO2,0,10,0.13939720285866677,3465
O=C1NCCCCn2cc(cn2)-c2cnc3ccc(cc3c2)CCn2nc(ccc2=O)-c2ccc1c(C(F)(F)F)c2,0,8,0.23183104072283758,3466
CC(NC(=O)c1ccc(C(F)(F)F)cc1Cl)C1(N2CCN(S(=O)(=O)c3cn(C)nn3)CC2)CCC(F)(F)CC1,0,2,0.11505826973463816,3467
Cc1ccc2nc(-c3ccc(F)cc3)c(CC(=O)N3CCCC3)n2n1,0,2,0.08600686222649262,3468
CC1CC=C(c2cc(C(N)=O)nc3cc(CN4C(=O)CCC4=O)ccc23)CC1,0,5,0.13236480685164223,3469
N#Cc1nc(CCCN2CCOCC2)cc(-c2cccc(C(F)(F)F)c2)n1,1,4,0.6702549276559792,3470
CNC(=O)c1nn(C)c2ccc(Nc3nccc(-n4cc(CN5CC(O)C5)c(C)n4)n3)cc12,0,7,0.06660412554780692,3471
CNC(=O)c1c(-c2c(F)cc(O)cc2F)oc2ccc(O)c(CN3CCC4(COC4)C3)c12,0,4,0.057542586057183286,573
COc1ccc2nccc(CCN3CCC(NC(=O)c4cc(F)c(Br)c(F)c4)CC3)c2n1,1,5,0.6393973132524313,2773
CC(F)CN1[C@H](c2ccc(NC3CN(CCCF)C3)cn2)c2ccc3[nH]ncc3c2C[C@H]1C,1,7,0.9242851529091504,420
CNC(=O)c1nn(C)c2ccc(Nc3nccc(-c4cc(CN(C)C)n(C)n4)n3)cc12,0,9,0.030610211384387485,2593
CN1C[C@@H]2C[C@H]1CN2c1ncc(-c2ccc3occc3c2)cn1,1,3,0.8520773913462105,3472
COCCCc1cc(CN(C(=O)[C@H]2CNCC[C@@H]2c2ccc(OCCOc3c(Cl)cc(C)cc3Cl)cc2)C2CC2)cc(OCC2(CC#N)CC2)c1,1,3,0.9330364582079398,650
C[C@@H]1CCCN1CCCOc1ccc2c(c1)CC[C@@H]1[C@@H]2CC[C@]2(C)NC(=O)CC[C@H]12,0,5,0.10338667882243387,429
CCON=C1CCC(CN2CCN(c3nc(=O)c4cc(C(F)(F)F)cc([N+](=O)[O-])c4s3)CC2)CC1,0,8,0.2206422368071398,324
CCc1cnc2c(N3CC(NC)C3)nc(N)nc2c1,0,9,0.09833755491181918,1294
C[C@H]1OC(=O)[C@]2(O)CC(F)(F)[C@@H](C)[C@H](/C=C/c3ccc(-c4cccc(F)c4)cn3)[C@H]12,0,7,0.1693999794764109,277
OC(c1ccc(F)c(-c2ncnc3cc(N4CCOCC4)ccc23)c1)c1nncc2ccoc12,0,5,0.005413547549636609,2156
O=C([C@H]1CNCC[C@@]12OCc1cc(F)c(F)cc12)N(Cc1cccc(C(F)(F)F)c1Cl)C1CC1,0,2,0.13315027807620392,828
CCCN(c1cccnc1)P(=O)(c1ccccc1)c1ccccc1,0,2,0.13574341204810392,1972
CNC(=O)c1c(NCC2CCC3(CCC3)CC2)nc(C#N)nc1OCC1CCN(C(C)=O)CC1,0,2,0.5736860735143526,3473
CCCSc1nc(=O)cc(O)n1-c1ccccc1OC,0,5,0.17762823946170955,2180
COc1cc(NC2CN(CCCF)C2)ccc1[C@]1(C)c2ccc3[nH]ncc3c2C[C@@H](C)N1CC(F)F,1,3,0.8321050643293825,1193
COc1cc(-c2cn(CC(=O)N(Cc3ccccc3)Cc3ccccc3)nn2)ccc1-n1cnc(C)c1,1,6,0.7708059794165206,3249
CC[C@](O)(c1cn(Cc2ccc3c(-c4ccccc4)c(C(N)=O)sc3c2)nn1)C(F)(F)F,0,8,0.05709816338084895,142
C=C[C@]1(C)C[C@@H](OC(=O)CSc2nc3cc[n+](Cc4ccc(C)cc4)cc3[nH]2)[C@]2(C)[C@H](C)CC[C@]3(CCC(=O)[C@H]32)[C@@H](C)[C@@H]1O,0,3,0.25451091405128784,3474
CC(C)C(=O)Nc1ccc(N(C)C)c(C(=O)NCc2ccccn2)c1,0,8,0.091814104131513,1062
O=c1ccc2ncc(F)c3c2n1C[C@@]3(O)CC12CCC(NCc3cc(-c4cccs4)on3)(CC1)CO2,1,8,0.28702096502009683,3475
COc1cc(-c2cn(CC(=O)N(Cc3ccccc3)[C@H](C)c3ccccc3)nn2)ccc1-n1cnc(C)c1,1,5,0.770698511368574,3249
O=C(c1ccc2cc(Oc3ccc(C(F)(F)F)cn3)ccc2n1)N1CCNCC1,0,6,0.02321431353167759,8
CN(CCO)C(=O)c1ccc([C@H](c2cccc(NC(=O)C3CC3)c2)N2CCN(Cc3ccc(F)cc3)CC2)cc1,0,5,0.2835759396522131,1124
Cc1nc[nH]c1CN1CCC2(CC1)COC1c3ccc(Cl)cc3OC(C)(C)C1C2,1,8,0.9406978257402323,2628
Cc1nccn1Cc1cn(-c2cccc(OC(F)(F)F)c2)nn1,1,8,0.9501357557274563,23
Cc1[nH]c(-c2ccccn2)cc1C(=O)NCCCN1CCN(c2cccc(Cl)c2Cl)CC1,1,4,0.7355567357724098,3476
O[C@@H](c1cccnc1-c1cccc(C(F)(F)F)c1)C(c1cccnc1)c1cccnc1,0,1,0.11200499304609925,1423
Cc1cc(F)c(-c2ncc[nH]2)cc1NC(=O)c1ccc(OCc2ccccn2)cc1,0,6,0.12865816499593744,1824
CC(C)Oc1ccn2c(-c3nc(N[C@H]4CNCC[C@@H]4F)no3)cnc2c1,0,8,0.1185218098055229,3477
O=C(O)CCc1cc(F)c(OCc2c(-c3ccc(Cl)cc3F)nsc2C(F)(F)F)c(F)c1,0,6,0.3879269219164985,3478
CSc1ccc(-c2cccc(-n3cc(C(=O)NC(C)C)c(=O)c4cccnc43)c2)cc1,1,4,0.2621331321515858,2447
CNC(=O)c1c(-c2ccc(O)cc2)oc2ccc(O)c(CN3CC4(COC4)C3)c12,0,6,0.016435089242398847,3479
CCC[C@@H](CCO)Nc1nc(N)nc2cnn(Cc3ncc(C4CC5(CNC5)C4)cc3OC)c12,0,8,0.037438665249274736,3480
Nc1nnc(N2CCC(N3C[C@H](COC(F)F)OC[C@@H]3Cc3ccc(Cl)cc3)CC2)[nH]1,0,8,0.06030675029567059,523
Cc1cc(S(C)(=O)=O)nc2c(CCC34CCC(NCc5ccc6c(n5)NC(=O)CO6)(CC3)CO4)ccnc12,1,8,0.8698523836562841,265
O=S(=O)(Nc1ccc(C(F)(F)F)nc1)c1ccccc1C(F)(F)F,0,2,0.14006310747806922,3481
COc1cc(N2CCN(C(=O)Cn3nc(C(F)(F)F)c(Cl)c3C)CC2)ccc1Cl,0,7,0.28891305783439963,3482
OCCc1nccn1Cn1cc(-c2ccc(S(F)(F)(F)(F)F)cc2)nn1,1,10,0.521420343477296,3483
Fc1ccc(C2CC=CCNC2)cc1Cl,0,8,0.09549383844939453,1943
CCC(=O)CCCCC[C@H](NC(=O)[C@H]1CC12CCN(CC)CC2)c1ncc(-c2cc3cn(C)nc3cc2OC)o1,0,5,0.03350947055893645,3484
CCC(=O)CCCCC[C@H](NC(=O)[C@H]1CC12CCN(C)CC2)c1ncc(C2=CC3OC=NC3C=C2)[nH]1,0,2,0.09169722925332277,3485
CCn1cnc2c(-c3ccc(F)c(-c4ccc(S(=O)(=O)CC)cc4OC)c3)cnnc21,0,6,0.17962750451724696,3486
CN1C[C@@H]2C[C@H]1CN2c1cnc(-c2ccc3sccc3c2)cn1,1,2,0.9073532060771531,3487
COc1ccc2ncc(F)c(CCCN3CCN(C/C=C/c4ccccc4)C[C@@H]3C(=O)O)c2c1,0,6,0.1586007315097778,3488
O=C(NCCN1CCC[C@@H]1Cn1nc(Cc2ccc(Cl)cc2)c2ccccc2c1=O)C1CCCC1,1,4,0.8891546237755078,3489
O=C1CN(CCc2ccc(F)cc2)CCN1[C@H]1CCc2cc(CN3CCS(=O)(=O)CC3)ccc2C1,0,2,0.2778908382750769,3490
Cc1ccc2oc(-c3c4c(N)n[nH]c(=O)c4nn3-c3ccccc3)c(C)c2c1,0,10,0.19234334761889704,1517
CCc1cc(Cn2cc(-c3ccc(Cl)c(OC(F)F)c3)cn2)n[nH]1,1,8,0.9563025284667648,59
CS(=O)(=O)Nc1cccc(CC(=O)Nc2nc(-c3c[nH]c4ncc(F)cc34)cs2)c1,0,4,0.11359981036543947,1738
COc1ccc(-c2cc(CC3CCOCC3)nc(N3CCN(C)CC3)c2)cc1,1,10,0.49085580017706026,2336
CCCCCCC(N1CCOCC1)C(O)(c1cccnc1)c1cccnc1,0,10,0.25489412785467896,400
CNC(=O)c1c(NCC2CCC3(CCC3)CC2)nc(C#N)nc1OCC1CCN(CCO)CC1,1,7,0.4189326149308575,3473
Cn1cc(-c2cc(C(N)=O)nc3cc(CN4CCO[C@@H](C(F)(F)F)C4)ccc23)cn1,0,1,0.03778300725362119,716
COc1cc(CNC2CCOCC2)ccc1Cn1ncc2nc(N)nc(N[C@@H](C)CCO)c21,0,9,0.052301841037612685,813
N#Cc1cccc(Cl)c1-n1ncc2c(O[C@@H](CN3CC(O)C3)C(=O)Nc3ccc(F)cn3)ncnc21,0,6,0.03331097976465566,483
C[C@H](O)c1nccn1Cc1cc(-c2ccc(C#C[C@@H]3[C@H]4CN(CCCC(=O)O)C[C@@H]34)cc2)on1,0,9,0.2128307725933785,3491
CC(c1ccccc1)N1C(=O)c2ccccc2C1C(=O)NCc1ccccc1,0,5,0.16647054439891704,3492
NC1=N[C@@]2(CO1)c1cc(-c3cccnc3F)ccc1Oc1c2cc(C2CCCOC2)nc1F,0,1,0.036683543907796476,3493
Nc1c(C(=O)Nc2cccc(Cl)c2)nnn1Cc1ccc(CN2CCOCC2)cc1,0,7,0.17959142164663103,1096
NC1(C(=O)NC(CCCN2CCCC2)c2ccc(Cl)cc2)CCN(c2ncnc3[nH]ccc23)CC1,0,3,0.08061113251026444,3494
CNC(=O)c1cc(-c2ccc3c(N4CCOC[C@@H]4C)nc(N4CCOC[C@@H]4C)nc3n2)ccc1OC(F)F,0,3,0.0638161247710858,719
O=C([C@@H]1C[C@H](N2CCN(c3ncccn3)CC2)CN1)N1C[C@@H](F)[C@@H](F)C1,0,2,0.08538783434332663,3495
O=[N+]([O-])c1ccc(CCN2CCN(CCc3ccc(-n4cnnn4)cc3)CC2)cc1,1,4,0.6767673366580995,3496
O=C(NC1CCCCC1)NS(=O)(=O)c1ccc(OCCN2CCCC2)cc1,0,5,0.029260497548401584,3497
COc1cnc2ccc(=O)n(CCCN[C@H]3CC[C@H]4[C@H](C3)OC(=O)N4c3ccc4c(n3)NC(=O)CO4)c2c1,0,10,0.04380803114780048,3498
CC(C)(C)c1nccn1Cc1cn(-c2ccc(F)c(C(F)F)c2)nn1,1,9,0.926386715089025,23
COC1COCCC1N[C@@H]1C[C@H]2CCC[C@@]2(C(=O)N2CCc3ccc(C(F)(F)F)cc3C2)C1,0,5,0.07066910768126941,689
CC1(CC#Cc2c(Cl)c3c(Cl)cc(C(N)=O)nc3n2[C@H]2CCCNC2)COC1,1,3,0.8543599837091653,3499
COC(=O)C1CCN(C(=O)c2ccc(CSc3ccc4nc(N)sc4c3)cc2)CC1,0,2,0.14530351224029053,3500
CCNC(=O)N1CC2(CCN(CC3CCN(C(=O)OCC)CC3)CC2)c2cccnc21,1,1,0.6126401146746085,1177
COc1ccc(-c2ccc(C(=O)O)cc2C)cc1-c1cnc(C(C)(F)F)nc1CN1C(=O)O[C@H](c2cc(C(F)(F)F)cc(C(F)(F)F)c2)[C@@H]1C,0,6,0.06412448867617836,1155
O=C(c1ccc(-c2cnn3cccnc23)cc1)N(c1ncccc1C(F)(F)F)[C@@H]1CCCNC1,0,5,0.10723356184237522,528
Cc1cnc([C@]2(O)CC[C@H](N3CC(NC(=O)CNC(=O)c4cccc(C(F)(F)F)c4)C3)CC2)s1,0,8,0.02619427627814926,2219
CN(c1nccc(=O)[nH]1)C1CCN(c2nc3ccccc3n2Cc2ccc(F)cc2)CC1,1,9,0.5179466881038209,3501
O=C1COc2ccc(CNC3CCN(CCn4c(=O)ccc5ncc(Oc6cncc(F)c6)cc54)CC3)nc2N1,0,6,0.03342279214922566,3502
CS(=O)(=O)Nc1ccc(OC[C@@H](O)CN(CCc2ccc(Cl)c(Cl)c2)Cc2ccccc2O)cc1,1,9,0.8259026321928908,1452
Nc1nnc(N2CCC(N3C[C@H](CN4CCCCC4)OC[C@@H]3Cc3ccc(Cl)cc3)CC2)[nH]1,0,3,0.019860313060592754,1431
N[C@@H](Cn1nnc(-c2ccc(Oc3ccc(Cl)cc3)cc2)n1)C(=O)O,0,10,0.02826983642154908,225
N#Cc1ccc(COc2cccc(N3CCN(Cc4nc5ccc(C(=O)O)cc5n4CC4(F)CC4)CC3)c2)c(F)c1,0,10,0.21551896077082744,3503
Cc1cc2cc(-c3ccc(N4C[C@@H]5C[C@H]4CN5C)nn3)ccc2[nH]1,1,5,0.8155378277981943,3504
Cc1ncc(-c2ccnc(Nc3ccc(N4CCN(C(=O)CO)CC4)cc3)n2)n1C(C)C,0,9,0.04370846211037427,1903
O=C1CCc2c(Oc3ccc4c(c3)C[C@H](NC(=O)c3cc(CN5CCOCC5CO)cc(C(F)(F)F)c3)CC4)ccnc2N1,0,6,0.12089969146080876,3505
O=C(Nc1ccc(C(F)(F)F)cc1)NS(=O)(=O)c1ccc(OCCCN2CCCC2)cc1,0,10,0.021602042394024513,1586
CCC(CC)N[C@@H]1C[C@H]2CCC[C@@]2(C(=O)N2CCc3ncc(C(F)(F)F)cc3C2)C1,0,10,0.11112456847135857,3506
Cc1cn(C2=CCC3C4CC=C5C[C@@H](NC(=O)c6ccc(F)cc6F)CC[C@]5(C)C4CC[C@]23C)cn1,0,9,0.16058254339043046,1600
Cc1cc(C2(c3cccc(-c4cncnc4)c3)N=C(N)c3c(F)cccc32)cn(C)c1=O,0,4,0.17396221298983094,1610
O=[N+]([O-])c1ccc(CCN2CCN(CCc3ccc(F)cc3)CC2)cc1,1,9,0.9314426863663021,210
Nc1nc2c(C(=O)NCc3ccc(Cl)c(Cl)c3)cc(O)c(O)c2s1,0,1,0.12361587976090443,3426
Cc1cc(N2CCC(N3CCCC3C)C2)ccc1NC(=O)c1ccccc1F,1,7,0.4162387154908419,3507
CCn1cncc1Cn1cc(-c2ccc(Cl)c(C(F)F)c2)cn1,1,7,0.8755119723129627,3100
CCN(CC)C(=O)c1ccc([C@H](c2cccc(NC(=O)C3CC3)c2)N2CCN(Cc3ccccn3)CC2)cc1,0,6,0.22237196684474772,3508
Nc1ccc(-c2ccccc2)cc1NC(=O)c1ccc(C(=O)N2CCC3(CCCN3)CC2)cc1,0,10,0.26460402495139884,3509
COc1ccc(-c2cc(-c3ccc(C(=O)N(C)C)cc3)cnc2N)cn1,0,4,0.07736905278271147,3023
Cc1ccc(NC(=O)c2ccc(C)c(C(F)(F)F)c2)cc1C#Cc1nn(C[C@H](C)CO)c2ncnc(N)c12,0,7,0.14712220429699877,3510
Cc1ccn2nc3c(c2n1)CN([C@H]1CO[C@H](c2cc(F)ccc2F)[C@@H](N)C1)C3,0,6,0.17589146231906475,3511
COc1cc([C@](O)(CCN(C)C)[C@@H](c2cc3cc(Br)ccc3nc2OC)c2cccc(OC)c2F)cc(OC(F)F)n1,0,3,0.016314199489060537,1273
O=C(N1CCN(C2CC2)CC1)N1Cc2ccccc2C1,0,7,0.07290401685430195,3512
CC(C(=O)N[C@]1(c2ccccc2)CC[C@@H](N2CCC3(CC2)OCCO3)CC1)c1cc(C(F)(F)F)cc(C(F)(F)F)c1,1,2,0.8882642439887669,3513
FC(F)(F)c1ccc(-c2c[nH]c([C@H]3Cc4c([nH]c5ccccc45)[C@@H](C4CCOCC4)N3)n2)cc1,1,4,0.967584854979249,535
Cc1c(N2CCC(C3(N)CC3)C2)c(F)cc2c(-c3n[nH]c(=O)o3)cc(=O)n(C3CC3)c12,0,4,0.0807299595769278,3514
O=C(O)c1cc(-c2ccc([C@H]3C[C@H]4C[C@@H]3CN4)cc2)c2ccc(-c3ccc(C(F)(F)F)cc3)cc2c1,0,9,0.1817270628401602,3515
O=C(NC(=S)Nc1nc(-c2ccccc2)cs1)c1ccco1,1,10,0.3398421480174889,3516
Cc1ccc2c(-c3nnc(SCCCN4CCc5ccc(-c6ncc(C)o6)cc5CC4)n3C)cccc2n1,1,5,0.9452891278571969,3517
COc1ncc(-c2ccc(C(=O)O)cc2C)cc1-c1cc(C(F)(F)F)c(OC)nc1CN1C(=O)O[C@H](c2cc(C(F)(F)F)cc(C(F)(F)F)c2)[C@@H]1C,0,8,0.21451943818826114,3518
Cc1cc(-c2nc3cc4c(cc3o2)CCN(CCCSc2nnc(-c3ocnc3C)n2C)CC4)n(C)n1,1,3,0.7956927446247589,3519
CC(C)NC(=O)c1cn(-c2ccccc2)c2ncccc2c1=O,0,3,0.1909348642013664,1350
CS(=O)(=O)c1cc(C2(NC(=O)c3cncc4c3cnn4-c3ccc(F)cc3)CC2)ccn1,0,8,0.06532258613928614,3520
CC(C)(N)c1nc(-c2ccc(S(C)(=O)=O)cc2)c[nH]1,0,7,0.08042513131168035,2076
CC1=NC(c2ccc(F)cc2)(c2cccc(-c3cccnc3)c2)N=C1N,0,2,0.07867083541856373,2467
CCOC(=O)N1CCN(Cc2nnc(-c3cccc(Cl)c3)o2)CC1,0,2,0.11831875041808222,3521
COc1nccnc1C(C(N)=O)c1cc(-c2ncnc3cc(N4CCOCC4)ccc23)ccc1Cl,0,4,0.011190660448287298,247
Cc1cc(-c2ccc3c(c2)CCN(CCCSc2nnc(-c4ccncc4)n2C)CC3)no1,1,8,0.9772833674812184,3522
COCCN1CC[C@H](n2c(=O)n(C)c3cnc(Nc4cc5cccnc5cc4C)nc32)C1,0,9,0.12175240629710314,462
Cc1cc(C#N)cc(C)c1Oc1nc(Nc2ccc(C#N)cc2)nc(N)c1Br,0,4,0.3008460803688585,3523
CSc1ccccc1N1CCN(CCCc2c[nH]c3ccc(F)cc23)CC1,1,6,0.7616837600917997,770
CCc1cc(F)cc2[nH]c(C(=O)N3CCN(C(=O)C(=O)NC4(C)COC4)C[C@H]3C)cc12,0,6,0.0927434817504169,407
COc1cncnc1C(O)c1ccc(F)c(-c2ncnc3cc(N4CCOCC4)ccc23)c1,0,6,0.0058164154344266805,2196
N[C@@H]1CCCN(c2c(Br)cccc2/C=C2\SC(=O)NC2=O)C1,0,7,0.08198320487880598,1199
Cc1nn2cc1CN(C)CCOCCNC(=O)c1nn(C)c3ccc(cc13)Nc1nccc-2n1,1,2,0.08242361124258715,1630
CNC(=O)[C@@H]1C[C@H](N2CCc3c(ncnc3OCCC3CC3)C2)CN1C(=O)c1ccc(CN)c(OC)c1,0,9,0.09662089880549282,3524
O=S(=O)(c1ccccc1)n1ncc2cc(-n3cc(CN[C@@H]4C[C@H]4c4ccc(F)c(F)c4)nn3)ccc21,1,2,0.2758552562548991,3525
Cc1cc(-c2ccc3c(c2)CCN(CCCSc2nnc(-c4ccccn4)n2C)CC3)no1,1,6,0.9591323330294711,3526
Cc1ccc(/C(=C(\CCCO)c2ccccc2)c2ccc(N3CCN(C)CC3)cc2)cc1,0,3,0.2602892697456703,2917
O=c1ccc2ncc(=O)n3c2n1C[C@H]3CN1CCC(NCc2cc3c(cn2)OCCC3)CC1,0,7,0.06868221840235952,3527
CC(NC(=O)c1ccc(Cl)cc1)[C@H]1[C@@H]2C[C@@H](c3ccnc4ccc(F)cc34)C[C@@H]21,0,2,0.5603494751126044,3528
O=C(c1nnc(-c2ccccc2)o1)N1CC(Oc2ccc(CN3CC4(COC4)C3)cc2)C1,0,1,0.07191283363441087,466
CN1CCOc2ccc(CNC34CCC(C[C@]5(O)Cn6c(=O)ccc7ncc(F)c5c76)(CC3)OC4)nc21,0,4,0.08938535695136039,1621
O=C(NCCN1CCCC1)c1ccc(CN2CCC(NC(=O)c3cc(=O)c4ccc(F)cc4o3)CC2)c(Cl)c1,0,6,0.3163504987434073,3529
Cc1nn(C2CCN(C(=O)[C@H](C)O)CC2)c(C)c1Nc1ncc(Cl)c(-c2cnn3ccccc23)n1,0,5,0.046937655249646194,93
Cc1nc2nc(C)c(C[C@@H]3CCN(c4ccc(-c5ccc(CN6CCN(C)CC6)nn5)cc4)C3)c(C)n2n1,0,7,0.18192065379463912,3530
COc1cc(F)ccc1-c1cncc(CNC(=O)C2CCC2)c1,0,6,0.1451229751069032,3531
COc1c(C)cc([C@]2(c3cccc(-c4cncnc4)c3)N=C(C)C(N)=N2)cc1C,0,6,0.05524017858389447,1632
CC(C)(Cc1ccc2ccccc2c1)NC[C@@H](O)COc1cccc(Cl)c1C#N,1,9,0.6273678951450512,468
CN1C[C@@H]2C[C@H]1CN2c1ccc(-c2ccc3[nH]c(C(F)(F)F)cc3c2)nn1,1,8,0.8868564080901702,3504
CC(C)[C@]1(C(=O)N2CCN(c3cc(C(F)(F)F)ccn3)CC2)CC[C@@H](N[C@H]2CCOC[C@H]2O)C1,1,7,0.09323376574890042,562
COc1ccccc1CN1CCC(C#N)(CNC(=O)c2cc(CC(C)C)n(-c3ccccc3)n2)CC1,1,4,0.38460601551977325,3532
O=C1COc2ccc(N3C(=O)O[C@H]4C[C@@H](NCCCn5c(=O)cnc6ccc(F)cc65)CC[C@@H]43)nc2N1,0,7,0.04118466970012251,3533
COC(=O)c1ccc(C2=CC3(CCNCC3)Oc3ccccc32)cc1,1,1,0.22276941159053634,151
CC(C)N1CCCN(C(=O)C2CC3(CCN(C(=O)c4ccccc4)CC3)C2)CC1,0,4,0.07320389480932409,3534
N#Cc1cc(Nc2nc(N)nc(-c3cccc(-n4ccc5cc(C6CC6)cc(F)c5c4=O)c3CO)n2)cn1C1CC1,0,9,0.14258930037999407,3535
NC1=N[C@@]2(CO1)c1cc(-c3cccnc3F)ccc1Oc1c(F)cc(N3CC[C@H](F)C3)cc12,0,9,0.09269366598625392,3536
OC(c1ccc2ncnn2c1)c1cc(-c2ncnc3cc(N4CCOCC4)ccc23)c(F)cc1F,0,6,0.035573270623587984,3537
COc1cc(/C=C/c2nc3cc(C(F)(F)F)ccc3c(=O)[nH]2)ccc1-n1cnc(C)c1,1,8,0.20665151691278483,1889
O=C(CNc1ncnc2ccc(C(F)(F)F)cc12)NC1CN([C@H]2CC[C@@H](c3cccnc3)CC2)C1,0,3,0.12473159761701576,2791
CNC(=O)c1c(NCC2CCC3(CCC3)CC2)nc(C#N)nc1OCC1CCN(C(C)C)CC1,1,4,0.5523719331511563,3473
Cc1c(O)cccc1C(=O)N[C@@H](CSc1ccccc1)[C@H](O)CN1C[C@H]2CCCC[C@H]2C[C@H]1C(=O)NC(C)(C)C,0,9,0.17647212339443377,3538
COc1ccc(C(SC[C@H](N)C(=O)O)(c2ccccc2)c2ccccc2)cc1,0,2,0.19004252116604262,1288
Nc1nc2ccc(OC3CCOC3)nc2n1CC(O)c1ccc(C(F)(F)F)cc1Cl,0,7,0.12530883432965953,3539
C[C@@]1(c2cc(CNC3(C(F)(F)F)COC3)c(F)cc2F)CCSC(N)=N1,0,9,0.10148056961293211,3540
COCCC(C(=O)O)[C@@H]1c2ccccc2C[C@H]1NC(=O)c1cc2sc(Cl)c(Cl)c2[nH]1,0,3,0.20747841181463217,1782
CCN(CC)C(=O)c1ccc(C(=C2CCN(Cc3ccc(F)cc3)CC2)c2ccc(NC(=O)OC)cc2)cc1,1,4,0.3138740975715703,3541
CN(C)CCn1cc2cc(NC(=O)c3cccc(C(F)(F)F)n3)c(C(C)(C)O)cc2n1,0,2,0.14259229986472868,3542
Cn1cc(-c2cc3nccnc3c(NCC3CNCC(F)(F)C3)n2)cn1,0,3,0.04300588554695569,2443
Nc1nnc(N2CCC(N3C[C@H](CF)OC[C@@H]3Cc3ccc(Cl)cc3)CC2)[nH]1,0,9,0.023221834493088216,523
O=C(Nc1ccc(F)cn1)[C@H](CN1CC(O)C1)Oc1ncnc2c1cnn2-c1ccccc1Cl,0,1,0.014905507399454001,483
COc1ccc(NC(=O)N2CCN(c3nc(N)nc4c3ncn4C)[C@@H](C)C2)c(C)c1,0,8,0.1087712435608528,3543
CCNC(=O)c1ccc(-c2ccc3c(c2)CCN(CCN2CCCC2)C3=O)cc1,0,6,0.15506699333328527,796
Cn1cc2cc(/N=c3\[nH]c(=O)n(-c4cncc(O[C@H]5CCOC5)c4)c(=O)n3Cc3cc(Cl)c(F)cc3F)c(Cl)cc2n1,0,5,0.08675962035315811,3544
CC(F)(F)[C@H]1CN(C2CCN(c3nnc(N)[nH]3)CC2)[C@@H](Cc2ccc(Cl)cc2)CO1,0,5,0.017117333082417016,523
COc1ncc2cc1NS(=O)(=O)c1cccc(c1)C(=O)NCc1cncc(c1)-c1ncnc3[nH]c-2cc13,0,6,0.05786017734679605,3545
Nc1ncnc2c1c(Oc1cc(C(F)(F)F)ccn1)nn2[C@@H]1CCCC[C@H]1O,0,2,0.13060551758547595,3546
CC(=O)N1Cc2cc(S(=O)(=O)CC3(C#N)CC3)ccc2C1C(=O)Nc1ccc(C(O)(C(F)(F)F)C(F)(F)F)cc1,0,7,0.11155615316075661,2206
Cc1ccc(CCOCC#Cc2cccc(C#CCOCCc3ccc(C)cc3)[n+]2C)cc1,0,1,0.8891352089117762,3547
Cc1c([C@H]2CN3CCN(C(=O)Cc4cnc(-n5cnnn5)nc4)C[C@H]3CO2)ccc(F)c1C#N,0,7,0.03706756471757348,3548
Cc1cc(-c2cc3c(N[C@@H]4CC[C@](C)(N)C4(C)C)c(C(N)=O)cnn3c2)ccn1,0,5,0.04553252629248483,1819
O=C1Nc2cc(NC(=O)c3c[nH]cc(-c4ccccc4F)c3=O)ccc2/C1=C/c1ccc[nH]1,0,2,0.2162048139127695,3549
Cc1nccnc1C(O)c1cc(-c2ncnc3cc(N4CCOCC4)ccc23)ccc1F,0,2,0.01461424267905298,247
CO[C@H]1C[C@@H](n2c(=O)n(C)c3cnc4ccc(-c5ccc(OCCCN6CCCCC6)nc5)cc4c32)C1,0,5,0.17184282654963343,3550
Cc1ncoc1-c1nnc(SCCCN2CC3CCN(c4cccc(C#N)c4)C3C2)n1C,1,10,0.9251616683784696,1427
COc1ccccc1-c1ccc(OCCCN2CCCCC2)cc1,1,2,0.8832334893630618,2829
CC1(C)C=Cc2cccc(CN3CCC4(CC3)CCN(C(=O)c3ccnc(N)c3)CC4)c2O1,0,5,0.22807327518205245,3551
CC1(c2cccc(-c3cccnc3)c2)N=C(N)C(c2ccccc2)=N1,0,10,0.12020747113108676,3552
O=c1oc2cc(O)ccc2c2oc3ccc4c(c3c12)CN(C1CCCC1)CO4,1,5,0.35877530152035175,3553
CC(=O)c1ccc(NC(=O)NS(=O)(=O)c2ccc(OCCCN3CCCCC3)cc2)cc1,0,4,0.05734736344324771,893
COCCN1CCC(CNC(=O)c2n[nH]c3ccc(-c4cccc(F)c4F)cc23)CC1,1,4,0.2600236701091916,3554
O=C(Cn1cnc(C2CC2)n1)N1CCN(c2sc(C(F)(F)F)nc2-c2cnc(C(F)(F)F)nc2)C[C@H]1CCO,1,6,0.90540971094706,945
CNC(=O)[C@@H](C)Oc1cccc2ncnc(Nc3ccc(OCc4ccccn4)c(Cl)c3)c12,0,10,0.07587960194643131,3555
CC(C)(C)NC(=O)C1c2ccccc2C(=O)N1Cc1ccc(F)cc1-c1ccc(F)cc1,0,10,0.018243368774191304,422
CNS(=O)(=O)CCN(CCc1ccc(Cl)cc1)C1CCN(c2nc(N)n[nH]2)CC1,0,9,0.1978677142350936,2916
NC(=O)[C@@H]1C[C@H](F)CN1Cc1ccc2oc(-c3ccc(F)cc3)cc2c1,0,1,0.30424453515794253,3556
CC(C)(C)NC(=O)c1c[nH]c2ncc(-c3nn(CCCN4CC(C#N)C4)c4ccc(OC(F)F)cc34)nc12,1,3,0.5086234036127348,3557
Cc1c(CO)ncn1CC(=O)N1CCC2(CC1)COC1c3cc(Cl)ccc3OC(C)(C)C1C2,1,1,0.5368018266516137,2495
Cn1c(=O)nc(NC2CCN(Cc3ccc4ccccc4c3)CC2)c2cc(Cl)ccc21,1,6,0.8601052968512845,3396
Cc1ccc(-c2ncn(-c3ccc(Nc4nccc(-c5cccc(N6CCOCC6)c5)n4)cc3)n2)cn1,0,6,0.2330234988856048,3558
CCOC(=O)[C@H]1C[C@@H]1COc1cc(CCCOC)cc(CN(C(=O)[C@H]2CNCC[C@@H]2c2ccc(OCCOc3c(Cl)cc(C)cc3Cl)cc2)C2CC2)c1,1,10,0.9679406896740286,650
CC(=O)Nc1cc(Nc2cc(NC3COC3)n3ncc(C#N)c3n2)ccc1C1CC1,0,10,0.034846523865309856,3134
O=C(NC1CCCCC1)NS(=O)(=O)c1ccc(OCCCCN2CCCCC2)cc1,0,5,0.047624008187489165,3559
CNC(=O)c1ccc(N2CCN(Cc3ccc4nc(C)c(=O)[nH]c4c3F)CC2)c(C)n1,0,3,0.04515417819232812,891
CC(=O)NCCc1ccccc1-c1ccc([C@@H](CN)Cc2ccc(OCCOc3c(Cl)cc(C)cc3Cl)cc2)c(C)c1,1,5,0.34990901711705114,3560
CC#CCn1c(N2CCC[C@H](N)C2)c(C#N)c2c1c(=O)n(Cc1nccc3ccccc13)c(=O)n2C,0,8,0.17697911170004907,3561
Cc1ccc(-n2c(-c3ncccc3Cl)nc(CN[C@H]3CC[C@@H](F)C3)c2C(C)C)cn1,0,1,0.1553370911437169,2875
C=C1C(=O)O[C@@H]2C[C@@]3(C)CC[C@@H](OC(=O)c4cnc(Cl)cc4Cl)C(=C)[C@@H]3C[C@H]12,0,3,0.2547625501843293,3562
Cn1cc2cc(-c3cc4[nH]nc(C5CC5)c4n(-c4ccc(OC(F)F)cc4)c3=O)ccc2n1,0,7,0.2449307383885899,3563
CCc1cnc2c(N3CC[C@@H](NC)C3)nc(N)nc2c1,0,6,0.08819182340216239,3564
CN(C)c1ccc(-c2cc3nccnc3c(NCCCCN)n2)cn1,0,8,0.0747861058417141,1562
C[C@@H](O)c1nc2cnc3[nH]ccc3c2n1[C@H]1CC[C@@H](NCC(F)(F)F)C1,0,10,0.136416310685988,3565
O=C(N1CCCCC1)N1CC(O[C@@H](c2ccc(Cl)cc2)c2cccnc2Cl)C1,0,3,0.2857589039483098,3566
OCCN1CCN(c2ccc(Nc3cc(Oc4cn(C5CC5)nc4C4CCOCC4)ccn3)cc2C(F)(F)F)CC1,0,1,0.22509923637239945,3567
C[C@H](Oc1ccc(S(C)(=O)=O)cc1C(=O)N1CCN(c2ncc(C(F)(F)F)cc2F)CC1)C(C)(C)C,0,8,0.1355050579205916,3568
CCCN(CC)[C@H](c1ccccn1)[C@@H](c1ccccn1)N(CC)CCC,0,2,0.5234214295162596,237
CC(N)COc1cc(F)c2c(c1)CC(CNCCC1CN(c3ccc4c(n3)NC(=O)CO4)C(=O)O1)C2,0,8,0.10303189608334985,3289
Cc1ncc([C@H]2CC[C@@H](N3CC(NC(=O)CNc4nn(C)c5ccc(C(F)(F)F)cc45)C3)CC2)s1,0,4,0.11154962356961529,3392
Cc1cc(C)n(-c2cc([C@H](CC(=O)O)CN3CC[C@@H](CCc4ccc5c(n4)NCCC5)C3)cc(N3CCOCC3)c2)n1,0,8,0.11640436339050962,3569
CC(=O)N[C@@H](CCN1[C@@H]2CC[C@H]1C[C@@H](n1c(C)nc3c1CCN(C(=O)C(C)C)C3)C2)c1cccc(F)c1,0,5,0.3827731778750077,3570
CC(C)[C@@H](Nc1ncnc2[nH]c(C(=O)N[C@@H]3CCN(C)C3)cc12)c1ccc2c(c1)S(=O)(=O)CCC2,0,5,0.13812057739739578,3571
C[S+]([O-])c1ccc(-c2ccc3ncc(-c4cccc([S+](C)[O-])c4)n3n2)cc1,0,1,0.1693054468963638,886
COc1ccc(C(O)c2cc(-c3ncnc4cc(N5CCOCC5)ccc34)c(F)cc2F)nc1,0,4,0.020226025322234397,1450
Cc1ccc(OCCCc2cc(N)cc(CCCOc3ccc(C)cc3)n2)cc1,1,4,0.6484229163575602,3572
COc1ccc(-c2ccc(C(=O)O)cc2C)cc1-c1cnc(C(F)(F)F)cc1CN1C(=O)O[C@H](c2cc(C(F)(F)F)cc(C(F)(F)F)c2)[C@@H]1C,0,4,0.1885180000286076,3573
CC(c1ccccc1Oc1ccc(Cl)c(Cl)c1)N(C)C,1,2,0.5835726829607957,604
C[n+]1c(CCCOc2cccc(Cl)c2)cccc1CCCOc1cccc(Cl)c1,1,4,0.9464838577959696,1777
CCCc1cc(-c2cc(C(=O)N(C)CCN(C)C)cc(C(F)(F)F)c2)nc(C#N)n1,1,10,0.46477355969447764,1443
O=C1N(CCN2CCC(C(F)(F)F)CC2)CCN1c1cccc(Cl)c1F,0,5,0.6628610427449252,2282
C[C@@H]1Cc2c(ccc3[nH]ncc23)[C@@H](c2ccc(NC3CN(CCCF)C3)cc2)N1CC(F)F,1,8,0.9663853677210162,1193
FCCc1nccn1Cc1cn(-c2ccc(Cl)c(OC(F)F)c2)nn1,1,10,0.9193109621131911,23
NC(=O)C(c1cc(-c2ncnc3cc(N4CCOCC4)ccc23)c(F)cc1F)c1nncn2cccc12,0,6,0.03389029940367242,3574
N#Cc1ccc(Cn2cncc2CN(Cc2cccnc2)[C@H]2CCN(Cc3ccccc3)C2=O)cc1,1,9,0.5837777390890874,3575
Cc1nnn(Cc2cc(C(F)(F)F)ccc2/C=C/C(=O)N2CCC(C(F)(F)F)CC2)n1,0,10,0.14876455225945442,2662
CN1C[C@@H]2C[C@H]1CN2c1ccc(-c2ccc3[nH]ccc3c2)nn1,1,9,0.8961648981748912,3504
COc1cc(F)ccc1-c1cnc2sc(N3CC[C@@H](N)[C@@H](F)C3)nn12,0,7,0.1077756776342572,748
CCc1nc2cc(CN3CCC(NC(=O)c4cc(=O)c5ccc(F)cc5o4)CC3)ccc2o1,0,6,0.35750966426389624,3576
O=C(c1ccc(C2=CC3(CCNCC3)Oc3ccccc32)cc1)N1CCCC1,0,1,0.2209009718878678,3577
CC(C)(O)C#Cc1ccc2c(c1)[C@]1(COC(N)=N1)c1cc(-c3cncnc3)ccc1O2,0,2,0.22723415172475944,741
CCc1nc2ccc(CN3CCN(c4ccc(F)nc4C)CC3)cc2[nH]c1=O,0,1,0.12404082627527764,891
Nc1nc2ccccc2n1CC(O)c1ccc(Cl)cc1Cl,0,6,0.1697650193112925,868
CCOc1ccc(NC(=O)C(C)C)cc1C(=O)NC(C)c1cccc(C)c1,0,10,0.14733686732493304,942
Cc1cc(-n2cc(Cn3ccnc3CCO)nn2)ccc1Cl,1,9,0.9112549147639152,23
Fc1ccc(Nc2n[nH]c3cc(OC(F)(F)F)cnc23)cc1F,0,5,0.30942793946781466,3578
CNCc1cncc(-c2ccc3[nH]nc(C(=O)NCC4CCOCC4)c3c2)c1,0,8,0.1156283676523381,1141
Cc1nc2c3c(nc(Cc4ccccc4)n2n1)CCNCC3,0,2,0.2230747626947774,3579
O=C(CNC(=O)c1cccc(C(F)(F)F)c1)NC1CN([C@H]2CC[C@@](O)(c3ncco3)CC2)C1,0,3,0.03787062478572327,3580
C[C@H]1Cc2c([nH]c3ccccc23)[C@@]2(N1)C(=O)Nc1ccc(Cl)cc12,0,1,0.17588584297204116,764
CC(C)(C)OC(=O)N1CCC(N2C(=O)c3ccccc3C2C(=O)NCc2ccc(OC(F)(F)F)cc2)CC1,0,8,0.09221168353437148,3581
Cc1c(CN2CCN(C(=O)c3cc4cccc(C(N)=O)c4o3)CC2)sc2c(N3CCOCC3)nc(-c3cnc(N)nc3)nc12,0,6,0.15033248301212454,3582
CC(C)NC(C(=O)N[C@](Cc1ccccc1)(c1ccc(F)cc1)c1cc(F)cc(C(F)(F)F)c1)C(O)(C(F)(F)F)C(F)(F)F,0,3,0.199539236442843,369
O=C1CSc2ccc(CNC34CCC(C[C@]5(O)Cn6c(=O)ccc7ncc(F)c5c76)(CC3)OC4)nc2N1,0,8,0.08995825823109256,3583
COc1ccc2nccc(CC[C@H]3CC[C@H](NCc4ccc5c(n4)NC(=O)CO5)CC3)c2c1,1,4,0.37533446758659567,3584
CCn1nc(C(=O)O)cc1C1CC(c2ccc(OCc3c(-c4c(Cl)cccc4Cl)noc3C3CC3)cc2C)=NO1,0,9,0.05679380453991669,621
Cc1nc(N)c2nnn(C[C@H]3CN(Cc4nccs4)CCO3)c2n1,0,8,0.1655073540392717,3585
CS(=O)(=O)N1Cc2ccc(/C=C/C(=O)NO)cc2C1,0,1,0.03082681665981092,410
CSc1ccc(C(O)c2cc(-c3ncnc4cc(N5CCOCC5)ccc34)c(F)cc2Cl)nn1,0,7,0.022879041777480878,465
Cc1ccc2[nH]c(C(=O)N3CCC(CC(C)(C)O)CC3)cc2c1,0,10,0.179265957752416,3586
CCCCCCc1cccc(CCCCCC)[n+]1C,1,3,0.8317822043115137,792
O=C(Nc1ccccc1C(F)(F)F)NS(=O)(=O)c1ccc(OCCCN2CCCCC2)cc1,0,9,0.04142898966550768,893
COc1c(OCCCCCCC(=O)O)cc2oc3cc4c(c(O)c3c(=O)c2c1CC=C(C)C)C=CC(C)(C)O4,0,6,0.16548056764233293,3587
COc1nccnc1C(O)c1ccc(F)c(-c2ncnc3cc(N4CCOCC4)ccc23)c1,0,2,0.0,247
Cn1c(=O)n(C2CCOCC2)c2c3cc(-c4ccc(OCCCN5CCCCC5)nc4)c(F)cc3ncc21,0,4,0.18204100760024738,3588
CCCCC(NC(=O)CC1CCN(Cc2ccn(-c3ccc(C(F)(F)F)cc3)c2)CC1)c1ccc(OC)nc1,1,3,0.29264126213822167,3589
CCc1cc(O)c(F)cc1-c1cc(NS(=O)(=O)N(C)C)c2cn[nH]c2c1,0,7,0.109284166106018,2145
Cc1n[nH]c2c1[C@@H](O)[C@H](n1nnc3ccccc31)[C@@H](c1ccccc1Cl)N2,0,7,0.2799220804590368,3590
Cc1ncc(-c2ccccc2CCNC(=O)c2ccc(C(=O)NCCCC(F)(F)F)nc2)cn1,0,7,0.14082485965975278,676
CC(Oc1ccc(S(C)(=O)=O)cc1C(=O)N1CCN(c2cnc(C(F)(F)F)nc2)CC1)C(F)(F)F,0,2,0.10895657348043554,3591
CCN(CC(=O)O)CC(=O)N1CCC[C@H]1c1cc(C(=O)Nc2ncc(F)s2)c(C)s1,0,2,0.10681805222792488,3592
Cc1ccc([C@@H]2CN(C(=O)[C@H]3CC[C@H](CN)CC3)C[C@H]2c2ccc(C#N)cc2)cc1,0,4,0.2614030059136563,3593
N#Cc1ccc(CCN2CCN(CCc3ccc4c(c3)COC4=O)CC2)cc1Br,1,7,0.9213829417703685,174
Cc1nc2ccccc2n1C1CC2CCC(C1)N2CCC1(c2cccc(F)c2)CCN(C(=O)c2cc(S(N)(=O)=O)c(F)cc2Cl)CC1,0,9,0.02891334040811723,305
CC(C)(C)N1CCC(c2ccccc2)(c2ccccc2)CC1,1,6,0.4247276063093283,3594
O=C(NC[C@H]1CCOC1)c1n[nH]c2ccc(-c3cccc(F)c3F)cc12,0,2,0.11506593605049834,3595
CC1(C)Cc2c(ccc3[nH]ncc23)[C@@H](c2ccc(NC3CN(CCCF)C3)cn2)N1CC(F)(F)F,1,6,0.7850990731510188,420
O=C(CC1CCN(Cc2ccn(-c3ccc(C(F)(F)F)cc3)c2)CC1)N1CCOC(C(=O)N2CCCC2)C1,0,6,0.16565327008863637,3596
O=C(Nc1ccc(OC2(C(=O)O)CC2)cc1F)[C@H](C1CCCCC1)n1c(-c2ccc(Cl)cc2)nc2cc(F)c(F)cc21,0,5,0.3104132628282932,3597
COc1c(N2CC[C@@H]([C@H](C)NCCC#N)C2)c(F)cc2c(=O)c(C(=O)O)cn(C3CC3)c12,0,7,0.04392512581198184,280
Cc1cc(C)n(-c2cc(NC(=O)CN3CCN(C)CC3)nc(-c3ccc(C)o3)n2)n1,1,8,0.6176394378675816,3598
CCN(CC)C(=O)[C@@H]1C=C2c3cccc4[nH]cc(c34)C[C@H]2N(C(=O)Nc2ccccc2)C1,0,6,0.2750225035169796,3599
CCN(CC)C(=S)NC(=O)c1ccc(OC)c(Br)c1,1,1,0.21097355747546287,156
O=C(CNCC1CCCCC1)N1CCc2ccccc2C1C1CCCCC1,0,6,0.16388315192462288,2063
N#Cc1cccc(C[C@@H](C(=O)O)N2CCC(CN3CCC(Oc4ccc(Cl)c(Cl)c4)CC3)CC2)c1,0,4,0.1375009887299042,234
O=C(Nc1cc(-c2cn(C3CCOCC3)c3cnccc23)ccn1)N1CCOCC1,0,2,0.09898210970224929,3600
Cc1ccc(Nc2c(-c3ccc(F)cc3)nc3n2CCN(C(=O)C(C)(C)N)C3(C)C)cc1,0,4,0.128653513138023,585
O=C(Nc1cc(Cl)c(O)cc1OC[C@@H](O)CN1CCC2(CC1)Cc1cc(Cl)ccc1O2)NC1CC1,1,9,0.6267543255791878,3601
NC1=N[C@@]2(CO1)c1cc(-c3cncnc3)ccc1Oc1ccc(N3CCOCC3)cc12,0,7,0.10143838895384709,3602
Cc1cc(=O)n(-c2ccc(N3CCC(Cc4ccc(Cl)c(F)c4)CC3)c(Cl)c2)c(C)n1,0,4,0.46603541500022894,3603
CN(C)Cc1cncc(-c2ccc3[nH]nc(C(=O)NCC4CCOCC4)c3c2)c1,0,1,0.13355722508836873,1141
COC(=O)C1=C(CN2CCOC[C@H]2C(=O)O)NC(c2nccs2)=NC1c1ccc(F)cc1Cl,0,7,0.06553699726201545,754
N#C[C@H]1C[C@@H](O)CC[C@@H]1n1cc(C(N)=O)c(Nc2ccc(Cl)cc2)n1,0,10,0.07070780626937849,1050
CCNC1=N/C(=N/c2c(Cl)cccc2Cl)CN1,0,5,0.1948553159098822,3604
Cc1ccc(CCN(C)CCOc2ccc(C)cc2)cc1,1,7,0.8452447903152077,66
COc1ccc(-c2cc(-c3ccc(S(=O)(=O)N4CCOCC4)cc3)cnc2N)cn1,0,6,0.0314920303890875,3605
CC[C@H](NC(=O)c1ccc(Cl)cc1)[C@@H]1[C@@H]2C[C@@H](n3cnc4ccc(F)cc43)C[C@@H]21,0,8,0.7969902509131195,118
COCCOCc1nn(C)c2c1CSCc1cc(n(C)n1)CCc1cc(c3ccc(F)cc3c1)OCCCc1c(C(=O)O)n(C)c3c-2c(Cl)ccc13,0,4,0.1395880745070096,3606
Cc1c([C@@H](O)CN2CCC3(CC2)CC(=O)N(c2ccc(S(C)(=O)=O)nc2)C3)ccc2c1COC2=O,0,6,0.06101443657270988,3607
O=C(c1ccc2cc(Oc3ccc(OC(F)(F)F)cn3)ccc2n1)N1CCNCC1,0,9,0.030379631651209753,8
CC1(C)Oc2cc(Cl)ccc2C2OCC3(CCN(CCn4ccnc4)CC3)CC21,1,2,0.8177056792775763,238
CCC(NCCCC[C@@H](Nc1cc(C)c(F)c(C)c1)C(=O)NO)c1ccc(F)cc1,1,8,0.3015821970977488,3608
C[C@H]1COc2c(N3CC[C@@H](C4(N)CC4)C3)c(F)c(C#N)c3cc(C(=O)O)c(=O)n1c23,0,6,0.04586738865843549,2492
C[C@@H]1CN2c3c(cc4c(N5CC6(CC6)OC5=O)noc4c3F)CC3(C(=O)NC(=O)NC3=O)[C@H]2[C@H](C)O1,0,5,0.08570816619717786,3609
C[C@@H]1CCCN1CCc1ccc2nc(-c3csc(-c4ccccc4)n3)ccc2c1,1,10,0.799576497891026,3610
CC1(C)C2=C3C=C4C5=[N+](CCC4OC3CCN2c2ccc(CC(=O)NCCCN(CCOc3ccc(NS(C)(=O)=O)cc3)CCc3ccc(NS(C)(=O)=O)cc3)cc21)c1ccc(S(=O)(=O)[O-])cc1C5(C)C,1,7,0.8986280298566103,3611
COc1ccc(-c2ccc(C(=O)O)cc2C)cc1-c1cnc(N2CC(F)C2)nc1CN1C(=O)O[C@H](c2cc(C(F)(F)F)cc(C(F)(F)F)c2)[C@@H]1C,0,6,0.047094902401731246,3612
CN1CCN(Cc2ccc(-c3cnc4[nH]cc(-c5ccc6[nH]ccc6c5)c4c3)cc2)CC1,0,8,0.42069554517088203,3613
COc1ccc(OCCNCCCF)cc1[C@@H]1c2[nH]c3ccccc3c2C[C@@H](C)N1C[C@H](C)C(=O)O,0,3,0.05872494123994934,477
C[C@H]1CCCN1C(=O)c1ccc(-c2ccc3c(c2)CCN(CCN2CCCC2)C3=O)cc1,0,6,0.24262485262490838,2790
CS(=O)(=O)c1ccc(-c2cccc(-n3cc(C(=O)NC4CC4)c(=O)c4cccnc43)c2)cn1,0,5,0.10221247655422207,649
COc1ccc2ccc(=O)n(CCN3CCC(NCc4cc5c(cn4)OCCO5)CC3)c2n1,0,3,0.01717428562874257,3614
Cc1nccn1Cc1cn(-c2ccc(Cl)c(C(F)F)c2)nn1,1,5,0.9859487404513633,23
COc1ccc(-c2cc(C(=O)N[C@H]3CCCN(C)C3)nn2C)c(Cl)c1,0,8,0.19126136744766364,3615
OCCC/C(=C(\c1ccc(O)cc1)c1ccc(C2CCN(C3CC3)CC2)cc1)c1ccccc1,0,3,0.20417041351322834,3616
CN1Cc2cc(N3CCOCC3)ccc2[C@@H](c2ccc3sccc3c2)C1,1,6,0.46137621919330535,3617
O=c1ccc2ncc(F)c3c2n1C[C@@]3(O)CC12CCC(NC/C=C/c3ccccc3)(CC1)CO2,1,3,0.7449951261746137,2071
CC1(C)[C@H](Nc2c(C(N)=O)cnn3cc(-c4ccc(F)cc4)cc23)CC[C@]1(C)N,0,9,0.10746809004020401,495
OCC[C@]1(c2cc3ccccc3o2)CCCNC1,0,1,0.15981891705078166,3618
c1ccc([C@H]([C@@H](c2ccccn2)N2CCCCC2)N2CCCCC2)nc1,0,7,0.34225414393752013,3619
CCS(=O)(=O)N1CC(CC#N)(n2cc(-c3ccnc4[nH]ccc34)c(C)n2)C1,0,2,0.03112701207181741,771
COc1cncc(OCCCN)c1-c1cc(Nc2cnc(C#N)cn2)n[nH]1,0,6,0.041902095144058196,293
NC1CCc2ccc(CCN3CCN(c4nsc5ccccc45)CC3)cc21,1,8,0.7327545357951388,39
C[C@H](NC(=O)C(C)(C)Oc1ccc(C(F)(F)F)cn1)[C@@H](Cc1ccc(Cl)cc1)c1cccc(C#N)c1,0,7,0.2813229886208303,3620
CC(C)NC(=O)NS(=O)(=O)c1ccc(OCCCCN2CCCC2)cc1,0,2,0.010263277866062334,3621
CC(Oc1ccc(S(C)(=O)=O)cc1C(=O)N1CCN(c2ccc(C(F)(F)F)cn2)CC1)C(F)(F)F,0,6,0.08435713726187713,3568
O=C(Nc1ccccn1)[C@H](CN1CC(O)C1)Oc1ncnc2c1cnn2-c1ccccc1Cl,0,5,0.03129271408713835,483
CCc1nc(-c2cnc(N)c(C(F)(F)F)c2)c2ccc(C3(F)CCN(C)CC3)cn12,1,2,0.3859175996800626,3622
CN(C)CCCn1cc(C2=C(c3c[nH]c4ccccc34)C(=O)NC2=O)c2ccccc21,1,5,0.46097702878174296,3623
CC(=O)N1CCC(c2ccc(C(=O)NC(=N)N)cc2C(F)(F)F)CC1,0,7,0.06015879570702826,470
Fc1ccc(-c2ccn3c(CC4CC4(F)F)nnc3c2)cc1,0,5,0.07433544775215702,705
Cc1cc(CN2CCN(c3c(Br)cnc4[nH]c(-c5ccc(N6CCOCC6)cc5)nc34)CC2)no1,0,5,0.23028217090899128,3624
NC1(Cc2nc(-c3ccc(OC(F)(F)F)cc3)c[nH]2)COC1,0,7,0.143845733753035,3625
CN1CCN(c2ncnc3c2nc(-c2ccc(Cl)cc2Cl)n3-c2ccc(Cl)cc2)CC1,1,2,0.5737420618137389,2356
COc1ccccc1[C@H](Cn1c(=O)n([C@H]2C[C@@](C)(C(=O)O)C2)c(=O)c2c(C)c(-c3ncco3)sc21)OC1CCOCC1,0,7,0.17505553187166906,3626
Cc1cn(C2=CCC3C4CC=C5C[C@@H](NC(=O)c6ccc(S(C)(=O)=O)cc6)CC[C@]5(C)C4CC[C@]23C)cn1,0,1,0.08120119389835495,1600
CC(=O)Nc1cccc(CN2CCC(NC(=O)c3cc(=O)c4ccc(F)cc4o3)CC2)c1,0,2,0.423848185762328,105
COc1cnc2ccc(=O)n(CCN[C@H]3CC[C@H]4[C@H](C3)OC(=O)N4c3ccc4c(n3)NC(=O)CO4)c2c1,0,5,0.01907583539837537,2214
O=S(=O)(c1cccc(F)c1)n1ccc2c(N3CCNCC3)nc3ccccc3c21,1,1,0.22756355825452937,3627
COc1cc(N[C@H](C(=O)c2c[nH]c3ccc(OC(F)(F)F)cc23)c2ccc(Cl)cc2OC)cc(S(C)(=O)=O)c1,0,8,0.19757300100192904,700
Cc1nc[nH]c1CN1CCC2(CC1)COC1c3cccc(Cl)c3OC(C)(C)C1C2,1,5,0.7793099569166678,2628
CONC(=O)Nc1ccc(-c2sc3c(c2CN(C)C)c(=O)n(-c2ccc(OCC(F)(F)F)cc2)c(=O)n3Cc2c(F)cccc2F)cc1,1,1,0.34463239398040435,3628
Cc1cc(=O)oc2c(C)c(OCCCCN3CCC(c4noc5cc(F)ccc45)CC3)ccc12,1,4,0.7575238826581259,2667
O=C(COc1ccc(C(=O)c2ccccc2Br)cc1)Nc1cccnc1,1,2,0.4267158373750469,1934
NC(=O)[C@@H]1CCC[C@H](c2ccc(OCc3cccc(F)c3)cc2)N1,0,10,0.12652245417154484,3629
C=CCOc1ccc(Cl)cc1[C@H]1C[C@@H]1CN,1,6,0.19693250314241365,1263
COCCOc1cc2nccc(Nc3n[nH]c(C)c3C)c2cc1S(=O)(=O)C(C)(C)C,0,3,0.08878406714775924,928
Cc1cnc(Nc2ccc(N3CCOCC3)cc2)nc1-c1cc2c(o1)CCN(C(=O)CC#N)C2,0,9,0.09045465275639562,3630
Cc1cc2ncccc2cc1Nc1ncc2c(n1)n([C@H]1CCN(C3COC3)C1)c(=O)n2C,0,9,0.08283006970412823,3631
COc1ccc2c(c1)N(CCN1CCC(NCc3ccc4c(n3)NC(=O)CO4)CC1)C(=O)CC2,0,1,0.05467042074574018,3632
Nc1n[nH]c(N2CCC(N3C[C@@H](O)C[C@@H]3Cc3ccc(Cl)cc3)CC2)n1,0,8,0.13799996715222218,903
C[C@@H](c1ccc(-c2cccc(C(=O)O)c2)cc1)[C@H](N)C(=O)N1CC[C@H](F)C1,0,8,0.09321563865228813,3633
Cc1nnc(-c2ncn3ccc(Nc4nccc(-c5cc(CN(C)C)n(C)n5)n4)cc23)o1,0,2,0.12382689633323489,3350
FC(F)(F)c1cc(COC2CCC3CCC2(c2ccccc2)N3)cc(C(F)(F)F)c1,1,5,0.6670012850064504,3634
CC(C)n1ncc2c1C(=O)CC1(CCN(C(=O)c3cnc4cc[nH]c4c3)CC1)C2,0,4,0.1124675077400736,3635
CNc1cc(Oc2c(Cl)cc(NC(=O)Nc3cccc(C(F)(F)F)c3)cc2Cl)ncn1,0,9,0.16061639328091495,3636
[2H]C([2H])([2H])NC1=NC(=O)[C@]2(CCc3ncccc32)c2cc(C(F)(F)F)ccc21,0,2,0.21702956251341438,3387
COCC[C@H](Oc1ncnc2c1cnn2-c1ccccc1Cl)C(=O)Nc1ccc(C)cn1,0,9,0.011020822250359604,169
CCN(C(=O)Cc1ccc(S(C)(=O)=O)cc1)C1CCN(CC[C@@H](c2cc(F)cc(F)c2)C2CCN(S(C)(=O)=O)CC2)CC1,0,7,0.0671976490236337,871
Cc1cccc(N2CCN(CCNC(=O)c3cc(C(C)(C)C)n(C)c3C)CC2)c1C,0,8,0.3930634049282912,3637
COc1ccccc1Nc1c(N[C@H]2CC[C@H](Oc3ccc([N+](=O)[O-])cc3)CC2)c(=O)c1=O,0,3,0.29023159936904425,3045
O=C(O)c1ccc(Cl)cc1Nc1nc2cc(Cl)ccc2o1,0,2,0.19145509757321488,2190
c1ccc(CCN2[C@@H]3CC[C@H]2CC(c2c(-c4ccccc4)[nH]c4ccccc24)C3)cc1,1,1,0.8058570489325168,3638
CC(C)S(=O)(=O)N1CC(CC#N)(n2cc(-c3c(C#N)cnc4[nH]ccc34)cn2)C1,0,2,0.019185405913766128,771
COC1COCCC1N[C@@H]1C[C@H]2OCC[C@@]2(C(=O)N2CCc3ncc(C(F)(F)F)cc3C2)C1,0,3,0.014649245277563611,665
COc1cc2c(cc1OC)CN([C@H](C)CCc1ccc(Cl)c(Cl)c1)C2,1,1,0.8430057499979506,70
Cc1c(C2(c3ccc(C(F)(F)F)c(C#N)c3)CC2)c[nH]c1C(=O)NC(C)c1nc[nH]n1,0,7,0.19771271221144654,3639
CC(C)(O)c1nc(-c2ccc(OC(F)(F)F)cc2)c[nH]1,0,3,0.19665001556848688,2076
Nc1nc(N2CCC(N3Cc4cc(F)ccc4OC[C@@H]3Cc3ccc(Cl)cc3)CC2)n[nH]1,0,1,0.2876495558784273,3640
CC(=O)c1c(-c2ccc(O)cn2)oc2ccc(O)c(CN3CCCC3)c12,0,1,0.08786015976184859,3641
N#C[C@H]1CCOC[C@@H]1n1cc(C(N)=O)c(Nc2ccc([C@H](O)C(F)(F)F)cc2)n1,0,1,0.04104550896903776,1839
Cn1nc(NCC(=O)NC2CN([C@H]3CC[C@@H](c4ccc5c(c4)OCO5)CC3)C2)c2cc(C(F)(F)F)ccc21,1,4,0.1974441260306607,990
COc1cccc2c(N3CCC(O)(CNS(N)(=O)=O)CC3)ncnc12,0,3,0.10209635432185328,3642
CNc1cc(F)cc2cc(C(=O)Nc3ccc(C(=O)O)cc3CN(CCO)C3CCCCC3)c(=O)[nH]c12,0,1,0.19777417895542995,3643
CC1(C)CN(c2ccc3c(c2)[C@]2(COC(N)=N2)c2cc(-c4cncnc4)ccc2O3)CCO1,0,7,0.21248112940526953,3602
O=C(C1CC12CCN(C1CCCCC1)CC2)N1CCN(C2CCCCC2)CC1,0,8,0.12198696594680455,3644
Cc1c(N2CC[C@@H]([C@H](C)NCCC#N)C2)c(F)cc2c(=O)c(C(=O)O)cn(C3CC3)c12,0,10,0.04152563313912066,280
O=C(CN1CCN(CCO)CC1)Nc1ccc(-c2cccc3c(=O)cc(N4CCOCC4)oc23)c2sc3ccccc3c12,0,10,0.17155781966811795,7
O=C1CCc2c(Oc3ccc4c(c3)C[C@H](NC(=O)c3cc(-c5cc[nH]n5)cc(C(F)(F)F)c3)CC4)ccnc2N1,0,9,0.08726450679774313,3645
O=C1NCCN1CCN1CCC(c2cn(-c3ccc(F)cc3)c3ccccc23)CC1,1,7,0.8083797877449093,628
C[C@@H](Oc1cccc2ncnc(Nc3ccc(OCc4ccccn4)c(Cl)c3)c12)C(=O)N(C)C,0,9,0.09691211061740049,3555
Cn1c(=O)n(C2CCOCC2)c2c3cc(-c4cccnc4)ccc3ncc21,0,8,0.2194611866221354,209
CS(=O)(=O)Nc1cccc([C@H](c2ccc(F)cc2)C(c2cccnc2)c2cccnc2)n1,0,9,0.25068142902742707,3646
CNC[C@@H](c1ccc2ccccc2c1)[C@@H](O)c1cccnc1,0,4,0.05578209503689499,3647
COc1ccc(-c2nnc(C(=O)N3CC(Oc4ccc(CN(C)CC5(C)COC5)cc4)C3)o2)cc1,0,3,0.08501371735820212,1634
NC1=NC(=O)/C(=C/c2csc(-c3ccc(OC(F)(F)F)cc3)n2)S1,0,7,0.197494362854989,3648
C[C@H]1C[C@H]2CSC(N)=N[C@@]2(c2nc(NC(=O)c3ccc(F)cn3)cs2)CO1,0,9,0.09370204248108571,1191
N[C@@H]1Cc2cc(Cl)ccc2-n2c(nnc2[C@H]2CC[C@H](Oc3ccccn3)CC2)C1,0,10,0.13081451818294404,391
CCCn1c(-c2ccccc2)cc(C(=O)NCCCN2CCN(c3cccc(Cl)c3Cl)CC2)c1C,1,3,0.8938467756304442,1927
COc1ccc2c(c1)C1CC1(C(=O)N1C3CNCC1C3)Cn1c-2c(C2CCCCC2)c2ccc(C(=O)NS(=O)(=O)N(C)C)cc21,0,6,0.10699608466378031,3649
CS(=O)(=O)Nc1ccc(CCCNCCNc2ccc(Cl)c(Cl)c2)cc1,1,7,0.6402460703478965,3650
CC(C)[C@@H](Oc1ccc(CNC(=O)[C@@H]2CCCN2C(=O)C(N)C2CCCCC2)cc1)C(=O)O,0,9,0.12100586292457716,3651
O=C(NCCN1CCCC1)c1cc(NCCCCN2CCOCC2)nc2ccc(Cl)cc12,0,6,0.2581053121288765,3652
Cc1ccc(OC(=O)N(CC(=O)O)Cc2cccc(OCc3nc(-c4ccc(C)cc4)oc3C)c2)cc1,0,9,0.04557412807349481,675
CCn1cc(C(O)c2cc(-c3ncnc4cc(N5CCOCC5)ccc34)c(F)cc2Cl)cn1,0,6,0.03553822559302911,1043
Cc1cccc(NC(=S)NC(=O)c2cc(-c3ccccc3)nc3ccccc23)c1,1,3,0.5719587567497884,1448
NC(=O)c1ccc(C2=CC3(CCNCC3)Oc3ccccc32)cc1,0,6,0.283878708991536,151
COc1nc2ccc(Br)cc2cc1[C@@H](c1ccnc(OC)c1OC)[C@@](O)(CCN(C)C)c1cccc(C)c1,1,5,0.47929819701924326,3653
O=c1cc(OCc2ccccc2)ccn1-c1ccc2c(cnn2CCN2CCNCC2)c1,0,6,0.3382540402580265,3654
NC1=N[C@@]2(c3cc(NC(=O)c4ccc(OC(F)F)cn4)ccc3F)COCC[C@H]2CS1,1,10,0.43178588460181894,3655
Cc1ccnc2cc(C(=O)NC[C@@H](N)C(=O)O)sc12,0,2,0.06905581359495809,3656
C[C@@H]1c2nnc(-c3cccc(C4CC4)n3)n2CCN1C(=O)c1ccc(F)cc1,0,4,0.07860681101247291,3657
Nc1ncc(-c2ccc(C(=O)N3CC[C@@H](O)C3)cc2)nc1-c1ccc(C(F)(F)F)cc1,0,2,0.05259406924952873,3658
O=C(CNC(=O)c1cccc(C(F)(F)F)c1)NC1CN([C@H]2CC[C@@](O)(c3cccs3)CC2)C1,0,5,0.04877443867372958,3659
CN(C)[C@@H]1CCN(C(=O)c2ccc(O)cc2OC[C@@H](O)CN2CCC3(CC2)Cc2cc(Cl)ccc2O3)C1,0,1,0.6529237012545621,2149
COc1cccc(-n2nc(C(C)(C)C)cc2NC(=O)Nc2ccc(Oc3ccnc4[nH]c(=O)cnc34)cc2F)c1,0,3,0.05848262904588354,129
COc1ccc2ncc(C(F)(F)F)c(CCC34CCC(NCc5ccc6c(n5)NC(=O)CO6)(CC3)CO4)c2n1,1,10,0.9250348144086374,265
CC(C)(C(=O)O)c1ccc(CN2CCC(COC(=O)c3c4n(c5ccccc35)CCCO4)CC2)cc1,0,8,0.265775401566507,3660
c1ccc(CCNCCN(c2ccccc2)c2ccccc2)cc1,1,10,0.8989746177192336,366
COc1cnc(-n2cnc(C)n2)c2[nH]cc(C(=O)C(=O)N3CCN(C(=O)c4ccccc4)CC3)c12,0,8,0.09222965078775835,3661
Cn1c(SCCCN2CC3CCN(c4ccc(C(F)(F)F)cc4)C3C2)nnc1C1CCCCC1,1,5,0.9488814044574645,3662
N#Cc1ccc(COc2cccc(N3CCN(Cc4nc5ccc(C(=O)O)nc5n4C[C@@H]4CCO4)CC3)c2)nc1,0,2,0.06708443077471504,3663
CCc1nc2cc3c(cc2o1)CCN(CCCSc1nnc(-c2ccc(C(F)(F)F)cc2)n1C)CC3,1,5,0.9124766881458841,3664
Cc1cc2cc(C(=O)N(Cc3ccc(C(F)(F)F)cn3)[C@H](C)c3ncccn3)ccc2nc1N,0,4,0.10874937296664358,3665
N#Cc1ccc(O[C@@H]2[C@@H]3CCC(=O)[C@@H]3C[C@H]2N2CCC[C@@H](N)C2)cc1,0,10,0.07846020916641537,3666
CC(C)(CCc1ccc(F)cc1)N1Cc2cc3c(cc2C1)OCO3,1,1,0.8444916152630126,295
Cc1ncoc1-c1nnc(SCCCN2[C@@H]3CC[C@H]2C[C@@H](c2cccc(C(F)(F)F)c2)C3)n1C,1,2,0.9308063219489836,440
O=C(N1CCOCC1)N1CCN(c2cnc3cc(C(F)(F)F)cc(NCc4cccc([N+](=O)[O-])c4)c3c2)CC1,1,6,0.42177114295292867,3667
COc1ccc(C(O)c2cc(-c3ncnc4cc(N5CCOCC5)ccc34)ccc2Cl)nn1,0,5,0.006112443172438833,465
Cc1nccn1Cc1cn(-c2ccc(F)c(C(F)F)c2)nn1,1,9,0.9921976532604454,23
CCNC(=O)NCCCOc1cc(CCCOC)cc(CN(C(=O)[C@H]2CNCC[C@@H]2c2ccc(OCCOc3c(Cl)cc(C)cc3Cl)cc2)C2CC2)c1,1,7,0.8585599910979376,730
C[C@H]1OC(=O)[C@]2(N)CC(F)(F)[C@@H](C)[C@H](/C=C/c3ccc(-c4ccccc4C#N)cn3)[C@H]12,0,2,0.049737890326277484,277
CC(=O)N1CCN(c2ccc(-c3cc4nccnc4c(NC[C@@H]4CNCCO4)n3)cc2)CC1,0,2,0.04470527813575734,447
COCCCc1cc(CN(C(=O)[C@H]2CNCC[C@@H]2c2cc(=O)n(C)c(C)c2C)C2CC2)cc(OCCOC)c1,0,5,0.15899577019043715,309
CCCCCCCN(CC)CC#CCOCc1ccc(Cl)cc1,1,7,0.8676172818606377,156
CC(=O)N1CCN(CCOc2ccc(C3CCN(c4ccc5nnc(C(F)(F)F)n5n4)CC3)cc2)CC1,0,1,0.14707624224705926,2671
CC1(C)OC(=O)N([C@H]2CC[C@H](c3cnc(N)c(-c4ncccn4)c3)CC2)[C@H]1c1ccccc1,0,8,0.3031059307536884,3668
Cc1cc(/C=C2\SC(=Nc3ccccc3)NC2=O)c(C)n1-c1ccccc1,0,2,0.33989989754522254,3669
Cc1noc(C2CCN(C(=O)NC3CC3c3ccccc3)CC2)n1,0,2,0.08042273289727875,3670
NC1=N[C@@]2(CO1)c1cc(-c3cccnc3F)ccc1Oc1c2cc(C2=CCCCO2)nc1F,0,7,0.025405681913915887,3671
O=C(O)c1ccc(C2CCN([C@@H]3C[C@H]4OCC[C@@]4(C(=O)N4CCc5ncc(C(F)(F)F)cc5C4)C3)CC2)cc1,0,2,0.12343355852388842,3672
CCCCc1cc(OC2CCN(CCCCNS(=O)(=O)CCC)CC2)c2ncccc2c1,1,9,0.9843229510114232,409
CN(c1ccc(-c2ccc(C#N)cc2O)nn1)C1CC(C)(C)NC(C)(C)C1,1,5,0.37331990458421943,3673
Cc1cc(NCc2c(C)cccc2C)c2cccc(C(N)=O)c2n1,1,4,0.42720255699063825,633
O=C1COc2ccc(CNC3CCN(CCn4c(=O)ccc5ncc(Oc6cccnc6)cc54)CC3)nc2N1,0,5,0.040057385338012126,3502
N[C@H](C(=O)N1CC[C@@H](F)C1)[C@H]1CC[C@H](NS(=O)(=O)c2ccc(F)cc2F)CC1,0,10,0.039854678778062605,52
N[C@H](C(=O)N1CCCC1)[C@H]1CC[C@H](NC(=O)OCc2ccccc2)CC1,0,5,0.03882062166798179,3674
CC(C)N1CCN(C(=O)c2ccc(NC(=O)Nc3ccc(-c4nc(C5CCOCC5)nc(N5C6CCC5COC6)n4)cc3)cc2)CC1,0,5,0.12893928374329158,3675
Cc1nc2c(c(-c3ccc(Cl)cc3Cl)c1CN)CN(CCO)C2=O,0,2,0.11989347483494403,776
Cn1cc(Cl)c(C(=O)N2CCN(CC(=O)c3ccc(F)cc3)CC2)n1,0,8,0.23735474092015432,3676
COc1ccc2nccc(OC[C@@H]3CC[C@@H](NC(=O)c4ccc(I)c(F)c4)CO3)c2n1,0,3,0.10657688548901981,3021
CCN(CC)[C@@H](C)CNC(=O)c1ccnc(-c2cnn3ccc(-c4cccs4)nc23)c1,1,9,0.1712468006081701,3677
CC(F)(F)c1cc(-n2cc(Cn3ccnc3CCO)nn2)ccc1F,1,4,0.9162585632939143,23
CC(C)C[C@H](NC(=O)C(CC1CC1)NC(=O)c1cc(C(F)(F)F)ccc1C(F)(F)F)B1OC2C3OC(CC3C(=O)O)C2(C)O1,0,9,0.17537595471768588,3678
Brc1cccc2nc(C#Cc3ccccn3)ccc12,0,10,0.2453703910922325,2053
CC(=O)NCCc1ccccc1-c1onc([C@H]2CNCC[C@]2(O)c2ccc(F)c(F)c2)c1C(C)O,0,9,0.10972137992613497,925
CNC(=O)c1c(-c2ccc(F)cc2)oc2cc(N(C)S(C)(=O)=O)c(-c3ccc4ncn5c6cccc(F)c6cc5c4n3)cc12,0,7,0.10991778731849174,3679
CC[C@@H](NC(=O)C12CC(F)(C1)C2)[C@H]1[C@@H]2C[C@@H](n3cnc4cc(F)c(F)cc43)C[C@@H]21,0,3,0.3908511475739475,3680
CCn1cc([C@@]2(c3nnc(S)o3)N[C@@H](c3nc(-c4ccc(F)cn4)c[nH]3)Cc3c2[nH]c2ccccc32)cn1,0,9,0.22141549934311308,515
Cc1cc(OCc2c(-c3c(Cl)cccc3Cl)noc2C2CC2)ccc1C1=NOC(c2ccc(C(=O)O)nc2)C1,0,7,0.07651515200579279,3681
NC(=O)c1cc(N2CCOCC2)c2ccc(CN3C(=O)CCC3=O)cc2n1,0,10,0.032454459044181865,3682
O=C(NC1CC1)c1ccc(O)cc1OC[C@@H](O)CN1CCC2(CC1)Cc1cc(Cl)ccc1O2,1,7,0.5910842203647747,3683
O=C(c1ccc(F)cc1OC[C@@H](O)CN1CCC2(CC1)Cc1cc(Cl)ccc1O2)N1CC[C@H](O)C1,1,6,0.4535744537064407,2149
CCN(CC)C(=O)c1ccc([C@H](c2cccc(NC(=O)C3CC3)c2)N2CCN(CCOC)CC2)cc1,0,4,0.2193083495927786,3684
OCCc1nccn1Cc1cn(-c2cccc(C3CC3)c2)nn1,1,7,0.8049013984919462,377
O=C(Nc1ccc(-c2nnc(NCCCCN3CCCCC3)o2)cc1)C1CCCCC1,0,5,0.059616329027808286,3685
C[C@H]1C[C@@H](c2ccncc2NC(=O)c2nc(-c3ncccc3F)ccc2N)C[C@@H](O)[C@]1(C)O,0,8,0.07606015815119405,2317
O=C(Nc1cc(-c2cn(-c3ccccc3)c3cnccc23)ccn1)C1CC1,1,4,0.43276117116017265,3686
COC(=O)C1(CNC(=O)c2cc(OC)cc(OC)c2)CCN(Cc2ccc(OC)cc2)CC1,1,6,0.49643226867920276,574
Cc1ccc(S(=O)(=O)NC(=O)N2CCC(N3CCC(Oc4ccc(Cl)c(Cl)c4)CC3)CC2)cc1,0,7,0.1752560966438889,920
N#CC1(NC(=O)[C@@H]2CCCC[C@H]2C(=O)N2CCN(c3nc(C(F)(F)F)cs3)CC2)CC1,0,1,0.04598820561560391,991
COc1cc(NC2CN(CCCF)C2)ccc1[C@@H]1c2ccc3[nH]ncc3c2C[C@@H](C)N1CC(C)F,1,4,0.9486149763468407,1193
COc1cc(F)ccc1[C@H]1CS(=O)(=O)c2cc(O)ccc2[C@H]1c1ccc(OCCN2CC(CF)C2)cc1,0,4,0.3814091796111574,3687
O=C(Nc1ccc(N2CCNCC2)nc1)c1cc(C(=O)c2c(Cl)ccc(Cl)c2F)c[nH]1,0,5,0.18488985168359484,3688
Cc1ccccc1C(OCCN(C)C)c1ccccc1,1,6,0.5366138154806473,742
COc1ccccc1CCN1CCC(CCc2ccccc2OCCF)CC1,1,10,0.9504292091552603,499
CC(C)(O)[C@H]1CC[C@H](Nc2ccn3ncc(-c4cccc(Cl)c4)c3n2)CC1,0,3,0.2135243052034089,263
CC(=O)N[C@@H](CCN1[C@@H]2CC[C@H]1C[C@@H](n1c(C)nc3c1CCN(c1ccncn1)C3)C2)c1cccc(F)c1,1,6,0.43978507946124296,3689
CC(=O)N1Cc2cc(Cl)ccc2-n2c(nnc2C2CCN(c3ccccn3)CC2)C1,0,7,0.13379683777297052,464
COCCN1CCN(Cc2ccc(NC(=O)c3ccc(C)c(C#Cc4cnc5cccnn45)c3)cc2C2CC2)CC1,1,6,0.6276614558829924,1653
Cc1ccc2c(-c3nnc(SCCCN4CCc5nc6cc(C(F)(F)F)ccn6c5CC4)n3C)cccc2n1,1,1,0.9401248321336342,2956
Nc1nnc(N2CCC(N3C[C@H](CN4CC(F)C4)OC[C@@H]3Cc3ccc(Cl)cc3)CC2)[nH]1,0,10,0.013446916466100285,2837
COCc1cnc(N2CCC([C@H]3C[C@H]3CCOc3cc(F)c(CC(=O)N4CCC4)c(F)c3)CC2)nc1,0,9,0.21012455510560657,586
O=C1OCc2cc(CCN3CCN(C(=O)Cc4ccc(-n5cnnn5)c(F)c4)CC3)ccc21,0,8,0.1258685650215566,670
Cn1nccc1Cn1cc(-c2ccc(F)c(C(F)F)c2)cn1,1,4,0.9222030225053053,434
FC(F)(F)c1cc(NCc2cn(-c3ccc(Oc4ccccc4)cc3)nn2)ccn1,0,7,0.42964163035189074,3690
COc1ccc2ncc(F)c(CC[C@@]3(O)CO[C@@H]4[C@@H](NCc5cc6c(cn5)OCCO6)CO[C@@H]43)c2n1,0,10,0.09726715048640476,3691
Cc1nnc([C@@]2(CN)[C@@H]3CN(c4cnc5c(-c6ccc7nn(C)cc7c6Cl)n[nH]c5n4)C[C@@H]32)s1,0,5,0.16713230816101324,3692
c1ccc(-c2nnc(CN3CCN(Cc4nc5ccccc5s4)CC3)o2)cc1,0,7,0.2487030244552358,3693
CCOP(=O)(Cn1ccc(NC(=O)c2cc(Oc3ccc(S(C)(=O)=O)cc3)cc(OC(C)C)c2)n1)OCC,0,3,0.005419703755739136,1831
O=C(O)c1ccc(C2=CC3(CCNCC3)Oc3ccccc32)cc1,0,2,0.34708374173586726,151
Nc1nccc(Nc2ccc(Oc3ccc(Cl)cc3)cc2)n1,1,9,0.6661137552621835,3694
CNCc1cc(F)ccc1Oc1ccc(C)c(C)c1,0,8,0.4178270733760167,604
O=c1n(Cc2ccc(Cl)cc2F)c2sc3c(c2c2ncnn12)CCN(CC1CCOCC1)C3,1,4,0.6128305582881577,199
Cc1c(C(=O)CC#N)oc2ccccc12,1,8,0.47737968890830096,3695
CN1CCN(CCCN(C(=O)Nc2ccc(F)c(C(F)(F)F)c2)[C@@H]2CC[C@]3(c4ccc(C#N)cc4)C[C@H]23)CC1,1,1,0.6123215033664141,3696
COc1cncc(C(O)(c2ccc(OC(F)(F)F)cc2)C2(C)CN(C)C2)c1,1,6,0.46002797944389434,3697
O=C(NC1CCN(Cc2ccc(C(=O)NCCN3CCCC3)c(F)c2)CC1)c1cc(=O)c2ccc(F)cc2o1,0,3,0.22703464446070748,3529
CNC(=O)c1cnc(Nc2ccccn2)cc1Nc1ccccc1S(C)(=O)=O,0,5,0.09200186335091323,3264
Cn1c(SCCCN2CC3CCN(c4ccccc4C#N)C3C2)nnc1-c1cnccn1,1,2,0.8430614058756586,170
CN=[S+](C)([O-])c1ccc(Nc2ncc(C(F)(F)F)c(N[C@@H]3CCC[C@H]3N(C)C)n2)cc1,0,7,0.284173942431009,3698
O=C(NC1CC1c1ccccc1)N1CCC(c2nnco2)CC1,0,5,0.05369097506443537,3699
CCNCc1csc(C(O)c2cc(-c3ncnc4cc(N5CCOCC5)ccc34)c(F)cc2Cl)n1,0,3,0.03031224473358968,257
CC1(C)Cc2cccc(CN3CCC4(CC3)CCN(C(=O)c3ncccc3N)CC4)c2O1,0,6,0.18906040709966235,608
COc1ncc(-c2ccc3ncnc(-c4cccc(C(=O)N5CCN(C(C)=O)CC5)c4)c3c2)cc1C#N,0,8,0.04990863745313875,3200
COC(=O)CCc1ccc(NC(=O)c2ccc(C(=N)N(C)C)cc2)c(C(=O)Nc2ccc(Cl)cn2)c1,1,3,0.46482661843953055,1401
CC(C)c1nn(CC(=O)N[C@@H]2CCCNC2)c(=O)c2cc3sc(Cl)cc3n12,0,8,0.09761931857820126,308
CN(C)C(=O)c1cccc(CN2CCc3cc4nc(N)sc4cc3CC2)c1,0,8,0.15809397111191067,1027
CCS(=O)(=O)c1ccc(C(NC(=O)CC2CC2)C(=O)Nc2ccc(C(O)(C(F)(F)F)C(F)(F)F)cc2)nc1,0,4,0.05135084179281648,3700
CC(=O)N1Cc2cc(S(C)(=O)=O)ccc2[C@H]1C(=O)Nc1ccc(C(O)(C(F)(F)F)C(F)(F)F)cc1,0,2,0.014487021444413146,2449
CCN(CCO)CCCOc1ccc2c(Nc3cc(CC(=O)Nc4cccc(F)c4)[nH]n3)ncnc2c1,0,7,0.15732187290712138,240
COc1ccccc1-c1nc2c(C(=O)N[C@@H]3CN4CCC3CC4)cccc2o1,1,10,0.35846033431831426,3701
C[C@@H]1OCC2(CCN(c3nc(N)c(Sc4cccnc4C(F)(F)F)c(=O)n3C)CC2)[C@@H]1N,0,10,0.06560179900832473,876
COc1c(N2CC[C@@H]([C@H](C)N)C2)ccc2c(=O)c(C(=O)O)cn(C3CC3)c12,0,7,0.026130727114655018,280
O=C(Nc1ccc([C@H]2CNCCO2)cc1)c1ccc(Cl)nc1,0,10,0.0535847414222974,1083
COc1nccnc1C(O)c1cc(-c2ncnc3cc(N4CCOCC4)ccc23)ccc1Cl,0,6,0.002881818759128723,247
CCCOCCn1c(=O)c(N2CCNCC2)nc2cnc(-c3ccc(OC)nc3)cc21,1,4,0.48441156938595,2310
COc1cc([C@H](O)CN2CCN(C[C@H](O)c3ccc4c(c3C)COC4=O)CC2)ncc1C#N,0,2,0.03658940455596371,671
[2H]C([2H])([2H])Oc1cc(C(O)CN2CCN(C[C@H](O)c3ccc4c(c3C)COC4=O)CC2)ncc1C#N,0,10,0.05797709743036206,671
Cc1c([C@@H](O)CN2CCC3(CC2)CC(=O)N(c2cnc(S(C)(=O)=O)cn2)C3)ccc2c1COC2=O,0,9,0.04733587145001476,3702
N/C1=N\C(=O)[C@@H]2CCCN2c2ccc(cc2)OC/C=C/CNCC(=O)Nc2c(Cl)cc(cc2Cl)CN1,0,4,0.0942184193278106,3703
Cc1ccc(NC(=S)c2nc3ccccc3s2)cc1,1,3,0.3690160958756728,3704
CNC(=O)c1cc(C(=O)NC2CC2)cn(Cc2ccccc2)c1=O,0,9,0.16862608975838336,3705
O=C1COc2ccc(CNC34CCC([C@@H](O)Cc5c(F)cnc6ccc(OCCO)nc56)(CC3)OC4)nc2N1,0,6,0.3048479597378196,265
N[C@@H]1CO[C@H]1COc1ccc2ncc(F)c(CCC34CCC(NCc5ccc6c(n5)NC(=O)CO6)(CC3)CO4)c2n1,0,6,0.3797212015456758,3706
Nc1ncc(-c2nc(NCc3ccccn3)c3c(-c4ccccc4)cccc3n2)cn1,0,9,0.391322721596443,3707
COc1cc(N2CCCN(C(C)=O)CC2)ccc1Nc1ncc(Cl)c(-c2cnc3ccccn23)n1,0,1,0.05524160285581605,3708
O=C(Nc1ccccn1)[C@H](CN1CC(O)C1)Oc1ncnc2c1cnn2-c1c(F)cccc1Cl,0,3,0.035489643446086065,483
CNCc1csc(C(O)c2cc(-c3ncnc4cc(N5CCOCC5)ccc34)c(F)cc2Cl)n1,0,5,0.042326310584319154,257
COc1c(F)cccc1CC(c1ccccc1)N1CCNCC1,0,4,0.09064519011171712,779
CNC[C@@H](c1ccc(Cl)c(Cl)c1)[C@@H](O)c1ccccc1,0,6,0.144651004990405,539
Cc1nc2n(c(=O)c1CCN1CCC(c3noc4cc(F)ccc34)CC1)CCCC2,1,9,0.6569469553758911,3709
COc1cccc(N2CCC3CN(CCCSc4nnc(-c5cnccn5)n4C)CC32)c1,1,3,0.9669901786656232,170
C[C@@H]1Cc2c(ccc3[nH]ncc23)[C@@H](c2c(F)cc(N3CCC4(CCN(C(=O)CN5Cc6cc7c(cc6C5)C(=O)N(C5CCC(=O)NC5=O)C7=O)CC4)CC3)cc2F)N1CC(F)F,0,8,0.22644418435936994,3710
COc1ccc(CN2CCC(NC(=O)c3cc(=O)c4ccc(F)cc4o3)CC2)c(F)c1,1,4,0.7765887195714665,105
COc1cc(F)ccc1-c1cncc(CNC(=O)c2ccccc2)c1,0,9,0.14110033823591595,3711
CC(C)(C)NC(=O)NCCN1CCC(CO)(CNC(=O)c2cc(Cl)cc(Cl)c2)CC1,0,5,0.1937769309754357,2451
Cc1cc(Oc2cncnc2)cc(C(=O)Nc2ccc(F)cn2)n1,0,2,0.12462758828151463,3712
Cc1c(C(=O)CC#N)oc2ccc(Cl)cc12,1,7,0.6189714097377289,3695
COc1nn2cc(-c3cc4ccc5c(c4o3)OC(COc3ccc(F)cc3)CO5)nc2s1,0,8,0.20746300685400487,3713
COc1cc(N2CCN(C(=O)[C@@H](C)N)CC2)ccc1Nc1ncc(Cl)c(-c2cnc3ccccn23)n1,0,3,0.0420379242044714,68
NC1=N[C@@]2(CO1)c1cc(-c3cccnc3F)ccc1Oc1c2cc(-c2cccnc2F)nc1F,0,3,0.05117230010870964,3368
COC1COCCC1N[C@@H]1C[C@H]2CN(C(=O)/C=C/C(C)(C)C)C[C@@]2(C(=O)N2CCc3ncc(C(F)(F)F)cc3C2)C1,0,4,0.03444198112761612,182
COC[C@H](C)Oc1cc(Oc2ccc(C(=O)N3CCC3)cc2)cc(C(=O)Nc2ccn(C)n2)c1,0,9,0.03687523277148907,2393
COc1cc2nnc(C(N)=O)c(Nc3ccc(C)cc3F)c2cc1N1CCCN(CCO)CC1,0,10,0.04058962294557129,3714
N#Cc1cc(F)cc(-c2nc(-c3ccc(F)cn3)no2)c1,0,7,0.16868016844847325,1468
COc1cccc(N2CCN(CCN3CCN(C(C)C)CC3)C2=O)c1,0,6,0.2884008115763513,2724
O=C(/C=C/c1ccc2c(c1)CN(S(=O)(=O)c1ccc(C(F)(F)F)cc1)C2)NO,0,4,0.0350496519731036,917
O=c1[nH]nc(C(O)c2ccc(F)c(-c3ncnc4cc(N5CCOCC5)ccc34)c2)c2sccc12,0,9,0.014120480290578045,3715
CN(C)c1ccc(/N=N/c2ccccn2)c([O-])c1,1,6,0.17580595504282207,3716
Cc1nc2cc3c(cc2o1)CCN(CCCSc1nnc(C2CCOCC2)n1C)CC3,0,1,0.4669075663037564,3717
CCn1nc(Cc2ccc(OC)c(OC)c2)cc1C1CCN(C[C@H]2CN([C@@H](C(=O)O)C(C)(C)C)C[C@@H]2c2cccc(F)c2)CC1,0,9,0.36704911006023344,1967
COc1ccc(-c2ccc3c(N4CCOC[C@@H]4C)nc(N4CCOC[C@@H]4C)nc3n2)cc1C(=O)N(C)C,0,10,0.04476687945724219,719
CN1CCN(c2ccc(-c3ccc(-c4nc5cc(C(F)(F)F)ccc5[nH]4)cc3)cn2)CC1,1,7,0.6452509820055486,3718
CCC(=O)CCCCC[C@H](NC(=O)[C@H]1CC12CCN(C)CC2)c1ncc(-c2cc3cccnc3cc2OC)[nH]1,0,4,0.029402076520021546,203
CCc1nn2c(C)cc(C)nc2c1Cc1ccc(/C=C/CN2CCNC(=O)C2)cc1,0,3,0.19378931451174872,3719
O=C(Nc1ccc(-c2nnc(NCCCN3CCCCC3)o2)cc1)c1ccccc1Cl,0,7,0.1206199635710018,266
CC(C)C(=O)N(Cc1cccc(Cl)c1Cl)[C@H]1CCNC1,0,7,0.058252804673984325,3720
Cc1c([C@@H](O)CN2CCC3(CC2)CN(c2ccc(=O)n(C)n2)C(=O)CO3)ccc2c1COC2=O,0,4,0.07038151075024135,3721
CCCCCCCN(CC)CC#CCCc1ccc(Cl)cc1,1,1,0.9486430740627848,156
CNS(=O)(=O)c1ccc(CNc2nc3cnc(-c4c(C)ncnc4C4CC4)nc3n([C@@H](C)C3CC3)c2=O)nc1,0,9,0.08854960844265776,1863
COCCN1CCN(c2cc3c(Nc4ccc(C)cc4F)c(C(N)=O)nnc3cc2OC)CC1,0,9,0.06114725854425869,812
CCOC(=O)C1CCN(C(=N)c2ccc(C(=O)Nc3ccc(Cl)cc3C(=O)Nc3ccc(Cl)cn3)cc2)CC1,1,2,0.5419422072887075,285
O=C(Nc1ccc(OC(F)(F)F)cc1)c1cncc(-c2cncnc2)c1,0,9,0.17164207133678802,3722
Nc1nc(OCc2ccc3c(c2)OCO3)c2nc[nH]c2n1,0,9,0.1444121352427583,3723
COc1cc(NC2CN(CCC(F)(F)F)C2)ccc1[C@@H]1c2ccc3[nH]ncc3c2C[C@@H](C)N1CC1(F)CC1,1,7,0.7392627087771134,2067
CCOC(=O)c1sc2nc(Cc3ccc(Cl)cc3)nc(S)c2c1C,1,10,0.3137211875855401,3724
N#Cc1cc(-c2cc3nccnc3c(NC[C@@H]3CNCCO3)n2)ccc1N1CCOCC1,0,8,0.049900198840983886,1742
CN(C)c1ccc(-c2cccc3nc(-c4cncnc4)nc(NCc4ccccn4)c23)cc1,0,9,0.3716324333261518,3707
Cc1cc(S(C)(=O)=O)nc2c(CCC34CCC(NCc5ccc6c(n5)NC(=O)CO6)(CC3)CO4)c(F)cnc12,1,5,0.8383251069285289,265
CCCCCCCN(CC)C/C=C/Cc1ccc(Cl)cc1,1,7,0.9302238574620636,156
O=C(Nc1cc(Cl)ccc1Cl)NS(=O)(=O)c1ccc(OCCCN2CCCC2)cc1,0,8,0.023666513050272283,1586
C[C@@H]1Cc2c(ccc3[nH]ncc23)[C@@H](c2ccc(NC3CN(CCCF)C3)cc2)N1CC(F)(F)F,1,6,0.9603814151773131,1193
COc1cccc2c1nc(N)n1nc(CN3CCN(c4cnn(C)c4)C[C@H]3C)nc21,0,8,0.037968745748756944,610
Cn1cc(-c2cc(C(N)=O)nc3cc(CN4CCNC(C(F)(F)F)C4)ccc23)cn1,0,1,0.058327014203907,3725
CCN[C@H]1CCC[C@@H](c2c[nH]c3ccc(NC(=N)c4cccs4)cc23)C1,0,5,0.12256272293451924,1171
CN(C)C(=O)C(CCN1CCC(O)(c2ccc(Cl)cc2)CC1)(c1ccccc1)c1ccccc1,1,6,0.557654435089268,3726
Cn1c(-c2ccc(OC3CCN(C4CCC4)CC3)cc2)nc2c(C(F)(F)F)cccc2c1=O,1,5,0.23272529450962337,3727
COc1ccc2nccc(CCN3CCC(NCc4cc(F)c(Br)c(F)c4)CC3)c2n1,1,8,0.9136888595502078,1482
Cn1cc(-c2ccnc3c2OCCNC3)c(-c2ccc(F)cc2)n1,0,6,0.17177516473526144,3728
N#Cc1ccc(CCN2CCC(Nc3nc4ccccc4n3Cc3ccc(C#N)c(F)c3)CC2)cc1,1,2,0.863244530021351,1635
CCC[C@@H](CCO)Nc1nc(N)nc2cnn(Cc3ncc(C4CCN(C)CC4)cc3OC)c12,0,5,0.0423429951883089,44
O=C1CN(C(=O)COc2ccc3cc(Oc4ccc(C(F)(F)F)cn4)ccc3n2)CCN1,0,5,0.0708287337227652,2532
Cc1noc(/C(=C/c2cccc(-n3cc(C(=O)Nc4c(Cl)cncc4Cl)c(=O)c4cccnc43)c2)c2ccc(S(C)(=O)=O)cc2)n1,1,7,0.25064152470306367,3729
O=C(O)c1ccc(CN2CCC(CN3CCC(Oc4ccc(Cl)c(Cl)c4)CC3)CC2)cc1,0,6,0.14466751618466306,1053
CS(=O)(=O)NCCOc1cc(C#N)c2c(c1)CC(CNCCC1CN(c3ccc4c(n3)NC(=O)CO4)C(=O)O1)C2,0,7,0.1874826360265519,3289
C[C@@H](NC(=O)c1ccc(F)cc1)c1ccc2c(n1)CCCN2c1ccncn1,0,8,0.08425907805634165,884
Cc1ncc(CNC2CCN(CCn3c(=O)ccc4ncc(Oc5ccc(S(N)(=O)=O)cc5)cc43)CC2)cc1Cl,0,5,0.1695689195806997,2207
CCc1nc2c(C)cc(N3CCN(CC(=O)N4CC(O)C4)CC3)cn2c1N(C)c1nc(-c2ccc(F)cc2)c(C#N)s1,0,1,0.16447649711825438,2382
CCn1cc([C@@]2(c3nn(C)c(=O)o3)N[C@@H](c3nc(-c4ccc(F)cn4)c[nH]3)Cc3c2[nH]c2ccccc32)cn1,0,5,0.10168246846817511,1157
CNCC(C[C@H](O)c1ccccc1)c1ccc2ccccc2c1,0,8,0.19719943374839383,3730
C[C@@H]1CCCN1CCc1ccc(-c2ccc(S(=O)(=O)Nc3ccccc3)cc2)cc1,1,4,0.6948505514677704,3731
CS(=O)(=O)C[C@H]1CN(C2CCN(c3nnc(N)[nH]3)CC2)[C@@H](Cc2ccc(Cl)cc2)CO1,0,6,0.04719764841536076,523
c1cncc(C(Cc2ccccc2-c2cncc3ccccc23)c2cccnc2)c1,0,5,0.2212008120297634,3732
O=S(=O)(c1ccc(F)cc1)C1CCN(CCc2ccc(F)cc2F)CC1,1,10,0.9119061020314672,629
Cc1ccc2c(-c3nnc(SCCCN4CCc5ccc(-c6cc(C)on6)cc5CC4)n3C)cccc2n1,1,10,0.9774104327072939,3733
OC(c1ccc(F)c(-c2ncnc3cc(N4CCOCC4)ccc23)c1)c1ccc(OC(F)F)nn1,0,10,0.005076062639821029,465
CCN(C)c1nc(=O)n(-c2cccnc2)c2cc(Cl)ccc12,0,3,0.18321100174409996,2864
CC(C)S(=O)(=O)N[C@H]1CN(C)C[C@@H]1c1ccc(-c2cccc(NS(C)(=O)=O)c2)cc1,0,2,0.22130437128154137,1121
COC1COCCC1N[C@@H]1C[C@H]2CN(/C(N)=N\C#N)C[C@@]2(C(=O)N2CCc3ncc(C(F)(F)F)cc3C2)C1,0,7,0.040315403857753805,182
CC/C(=C(/c1ccc(/C=C/C(=O)O)cc1)c1cc2ccccc2[nH]1)c1ccc(Cl)cc1C(F)(F)F,0,5,0.2657665314279274,3734
C[C@H]1OC(=O)[C@]2(N3CC(C(N)=O)C3)CC(F)(F)[C@@H](C)[C@H](/C=C/c3ccc(-c4ccccc4C#N)cn3)[C@H]12,0,1,0.052098901549492885,3735
Cc1ccc(Cn2cnc(=O)c3cc(Oc4ncccc4C(F)(F)F)ccc32)cc1,0,8,0.33923832808599247,1023
CCNC(=O)Nc1ccc(-c2nc3c(c(N4CCOC[C@@H]4C)n2)CCN(C2COC2)C3)cc1,0,8,0.0669445562860563,3736
CCCCCCCCc1cccc(CCCCCCCC)[n+]1C,1,1,0.963495912934174,792
O=c1cc(OCc2ccccc2)ccn1-c1ccc2c(cnn2CCN2CC3CC2CO3)c1,0,3,0.44130278945992774,3737
OC(c1ccc(F)c(-c2ncnc3cc(N4CCOCC4)ccc23)c1)c1ncnc2ccsc12,0,7,0.004942972116925872,3738
O=C(NC[C@@H](O)CN1CCC(Oc2ccc(Cl)c(Cl)c2)CC1)c1n[nH]c2ccccc12,1,8,0.5337945175179216,3739
Cc1cccnc1Nc1nc(-c2ccc(OC3CCN(C4CC4)CC3(F)F)cn2)ns1,0,3,0.46380897676515226,3740
CCOC(=O)N1CCN(C(=O)C2(c3ccccc3)CCN(c3cc(N)ccn3)CC2)CC1,1,7,0.3250581031232602,3741
COc1ncc2cc1NS(=O)(=O)c1cccc(c1)C(=O)NCc1cccc(c1)-c1ccnc3ccc-2cc13,0,4,0.018571387187897533,141
O=C(c1ccc(Cl)cc1)N1CCC2(CCN(Cc3cccc(Oc4ccccc4)c3)CC2)CC1,1,3,0.7342170571395135,3742
Cc1ccc(NC(=O)NS(=O)(=O)c2ccc(OCCCN3CCCCC3)cc2)cc1,0,7,0.056077096626632884,893
CC(C)c1nccn1Cc1cn(-c2ccc(F)c(C(F)F)c2)nn1,1,1,0.9522572635596437,23
COc1ccc(CN(CC(=O)N2CCC3(CC2)CNC3)c2ccc(C#N)cc2)cc1F,0,9,0.22092273387911746,3743
O=C(c1ccccc1)N1CCC2(CC1)CC(C(=O)N1CCN(C3CCC3)CC1)C2,0,9,0.03343346466633846,3744
[O-][S@@+](/C=C/CCN=C=S)c1cc(C(F)(F)F)cc(C(F)(F)F)c1,0,7,0.486153621167882,156
N[C@H]1CCN(c2cc3c(cc2F)n2ncnc2c(=O)n3C2CC2)C1,0,2,0.11962038211647001,3745
CCS(=O)(=O)c1ccc2c(c1)N(CCN1CCC(NCc3ccc4c(n3)NC(=O)CO4)CC1)C(=O)CO2,0,2,0.06169730122500475,1747
Cc1ccc(Oc2ccc(Nc3ncnc4cccc(O[C@H](C)C(=O)N(C)CCO)c34)cc2C)cn1,0,2,0.09626694672270153,3746
CC(C)S(=O)(=O)N[C@@H]1COC[C@@H]1c1ccc(-c2ccc(F)nc2)cc1,0,8,0.23151891578940909,3747
COc1cncc(Cc2cc(-c3ccccc3)no2)c1,0,2,0.3434456820170687,3748
C[C@@H]1COCCN1c1cc(C2(S(C)(=O)=O)CC2)nc(-c2cncc3[nH]ccc23)n1,0,6,0.05312922277397381,3749
c1ccc([C@@H]2Sc3ccccc3O[C@@H]2c2ccc(OCCCN3CCCC3)cc2)cc1,1,3,0.8666063306864775,3750
CCOc1ccccc1N1CCN(CCCc2c[nH]c3ccc(F)cc23)CC1,1,10,0.8034673690186974,770
O=C(NCCc1ccccc1-c1ccc(CO)nc1)c1ccc(OCCC(F)(F)F)nc1,0,8,0.07336744698866388,3751
O=C(Nc1nc2cccc(-c3ccc(CN4CCS(=O)(=O)CC4)cc3)n2n1)C1CC1,0,3,0.18036894605701426,3752
CC1=C(C(=O)OCC2CCCCC2)C(c2ccc(OC(F)F)c(OCC3CC3)c2)N(C(=O)SCc2ccccc2)C(=O)N1,0,3,0.2890483247332089,3753
O=C(/C=C/c1ccc2c(c1)CN(C(=O)c1cccc(C(F)(F)F)c1)C2)NO,0,9,0.09492728305855178,3754
Nc1ccnc(N2CCC(n3c(=O)n(CC4CC4)c4cccnc43)CC2)c1,1,8,0.36326404631955084,3755
CC(=O)Nc1cc(Nc2cc(NC3CC3)n3ncc(C#N)c3n2)ccc1Cl,0,1,0.07880908502223762,1203
N#Cc1ccc(-c2n[nH]c3cc(OC(F)(F)F)ccc23)cc1,0,3,0.3191567994153754,3756
CO[C@@H]1CC[C@@H](N)[C@H]2CN(c3c(F)cc4cc(C(=O)O)c(=O)n5c4c3OC[C@@H]5C)C[C@H]21,0,6,0.03858626823599907,1447
C/C1=C\CC[C@@]2(C)O[C@@H]2[C@H]2OC(=O)[C@@H](CN3CCC(c4cc(O)nc(C)n4)CC3)[C@@H]2CC1,0,10,0.21497677362600792,3757
Cc1cc(N2CC[C@H](N3CCC[C@@H]3C)C2)ccc1NC(=O)C1CCOCC1,0,9,0.299209739413682,3758
COc1cc(-c2cncc(-c3ccc(N4CCN(C(C)C)CC4)cc3)c2C)cc(F)c1C(N)=O,0,8,0.12240115773540258,2245
Cc1nccn1Cc1cn(-c2ccc(F)c(Cl)c2)nn1,1,7,0.9717868642185294,23
N[C@H](C(=O)N1CCSC1)[C@H]1CC[C@H](NC(=O)c2ccccc2C(F)(F)F)CC1,0,2,0.06019281366609249,3759
Cc1cnc(Nc2cc(N3CCN(C)CC3)nc(N[C@@H](C)c3ccc(F)cn3)n2)s1,0,9,0.165111113054194,3760
COCCNc1cc(Cl)c(Cl)c(CN(C(=O)[C@H]2CNCC[C@@H]2c2ccn(C)c(=O)c2)C2CC2)c1,0,4,0.16186245477472797,309
CN(C)CCC1=C(Cc2cccnn2)c2ccc(Cl)cc2C1,1,9,0.8061911486698997,3761
CC(=O)Nc1cc(Nc2cc(NC3CCC3)n3ncc(C#N)c3n2)ccc1C,0,4,0.061294221467787034,1045
CC(C)c1cn(C2=CCC3C4CC=C5C[C@@H](NC(=O)c6ccnnc6)CC[C@]5(C)C4CC[C@]23C)cn1,0,2,0.09541208500247889,3139
N#CC1(c2ccccn2)CCN(Cc2cc(C(=O)O)c(=O)n3ccccc23)CC1,0,3,0.21218833461180567,3762
COc1cc(NC(=O)Cc2ccc(C(F)(F)F)cc2)ccc1C[C@H]1COC(=O)N1,0,1,0.16302212290537563,393
COC[C@](C)(F)CN1[C@H](c2ccc(NC3CN(CCCF)C3)cc2OC)c2ccc3[nH]ncc3c2C[C@H]1C,1,2,0.880528019721339,1193
CC[C@H](C)[C@H](C(=O)O)N1C[C@H](CN2CCC(c3cc(Cc4ccc(OC)c(OC)c4)nn3CC)CC2)[C@@H](c2cccc(F)c2)C1,0,8,0.18906036433061413,1967
Cc1ccc2c(-c3nnc(SCCCCN4CCc5cc6nc(C(F)(F)F)oc6c(C)c5CC4)n3C)cccc2n1,1,3,0.9184094641053697,3763
O=C1CCC(Nc2cccc(N3CCN(CC4CCN(CC(=O)N5CCC(NC(=O)c6n[nH]cc6NC(=O)c6c(Cl)cccc6Cl)CC5)CC4)CC3)c2)C(=O)N1,0,1,0.26647750292105654,3764
CC(C)COc1ccc(CNC(=O)N(Cc2ccc(F)cc2)C2CCN(C)CC2)cc1,1,6,0.44808356149946416,3765
COC[C@H]1CCCN1CCn1ncc2cc(-n3ccc(OCc4ccccc4)cc3=O)ccc21,1,2,0.337086643636447,3766
CN1C[C@@H]2C[C@H]1CN2c1cnc(-c2ccccc2)cn1,1,7,0.7574862655883795,3767
CCN(C)C(=O)c1ccc([C@H](c2cccc(NC(=O)C3CC3)c2)N2CCN(CCCOC)CC2)cc1,0,2,0.3192030170568036,3684
O=C(Nc1ccc(-c2ccc(F)cn2)cc1)c1cc2sc(NCCN3CCOCC3)nc2s1,0,4,0.239186330282393,3768
COC(=O)N(C)c1c(N)nc(-n2nc(Cc3ccccc3F)c3cc(C)ccc32)nc1N,0,10,0.06992063376319145,458
C[C@H]1OC(=O)[C@]2(O)CC(F)(F)[C@@H](C)[C@H](/C=C/c3ccc(-c4ccccc4C#N)cn3)[C@H]12,0,3,0.04937398187450409,277
Cc1ccc2c(N3CCN(CCc4cccc5c4OCc4c(C(=O)NCC6CC6)ncn4-5)CC3)cccc2n1,1,3,0.8445530101756966,3769
COc1cc2ccc(Br)cc2cc1[C@@H](c1ccccc1)[C@@](O)(CCN(C)C)c1ccc2occc2c1,1,3,0.672754228375358,3770
COc1nccnc1C(C(N)=O)c1cc(-c2ncnc3cc(N4CCOCC4)ccc23)c(F)cc1F,0,9,0.0,247
CN(C/C=C/C=C/c1ccc(-c2ccccc2)cc1)Cc1ccc2c(c1)OCCC2,0,6,0.35331490913602326,3771
COCC(=O)N1Cc2cc(S(C)(=O)=O)ccc2C1C(=O)Nc1ccc(C(O)(C(F)(F)F)C(F)(F)F)cc1,0,5,0.014669756538822189,2449
O=C(/C=C/c1ccc2c(c1)CN(Cc1ccccc1)C2)NO,0,7,0.12861555256326482,3772
CCN(C)C(=O)c1ccc([C@H](c2cccc(NC(=O)OC)c2)N2CCN(Cc3cscn3)CC2)cc1,0,7,0.16389294185887174,3773
CCC(NCCCC[C@@H](Cc1cc(C)c(F)c(C)c1)C(=O)NO)c1ccc(F)cc1,0,3,0.5838738511743895,3774
Cc1cc(N)c(S(N)(=O)=O)cc1C(=O)Nc1cc(F)c(F)c(F)c1,0,3,0.12051113792353628,983
O=C(CCc1ccccc1)N[C@H]1CC[C@H](c2ccc(O)cc2)CC1,0,10,0.3147604226926549,2187
C[C@@H]1CCCN1CCc1ccc2nc(-c3cc(Br)no3)ccc2c1,1,7,0.44929665919420503,3775
Cc1ccc(CN2[C@@H]3CC[C@H]2C[C@H](Oc2cccc(C(N)=O)c2)C3)s1,1,4,0.9291758291150755,2444
C[C@H](Oc1cc2cc(F)ccc2nc1N)c1cc(C(=O)O)ccc1-n1cccn1,0,5,0.06534212512856605,2531
COCCN1CCC[C@H](Cn2c(-c3cccnc3C)nc3cn(C4CCCCC4)nc3c2=O)C1,0,4,0.24984349751607973,3776
C[C@@H]1c2nnc(-c3nc(C(F)(F)F)ns3)n2CCN1C(=O)c1ccc(F)cc1,0,2,0.05806090034639813,638
CN1CCC(Nc2cccc3ccc(-c4nnc5c6c(cnn45)N(C)CCO6)nc23)CC1,0,1,0.08767924819254352,3777
O=C(NC1CCC1)c1ccc2cc(Oc3ccc(C(F)(F)F)cn3)ccc2n1,0,9,0.09823464919596618,1896
COc1cc2c(NC3CCN(C)CC3)cc(-c3ccc(C)o3)nc2cc1OCCCN1CCCC1,0,4,0.19055702247342546,1296
CC(C)N1CCN(Cc2cnc(-c3ccc(C(=O)Nc4ccccc4N)cc3)c(C#N)c2)CC1,0,1,0.21164660853788442,3778
CNC[C@H](c1ccc2ccccc2c1)[C@H](OCC(=O)N1CCOCC1)c1ccccc1,0,2,0.1337828695909483,3779
c1cn(-c2cc(NC3=NC[C@@]4(CN5CCC4CC5)O3)ncn2)cn1,0,10,0.24102559108496388,3780
Cn1cnc(-c2ccc(OC3CCN(C(=O)Cc4ccc(OC5CC5)c(F)c4)CC3)c(C(N)=O)c2)c1,0,5,0.11714253315217253,3781
O=C(Nc1ccc(F)cc1)C1(c2ccc(-n3cnc(C4CC4)cc3=O)cc2)COC1,0,7,0.2136418280064281,3782
O=C(CCCN1CC=C(n2c(=O)[nH]c3ccccc32)CC1)c1ccc(F)cc1,1,4,0.4692185733586884,3783
CONC(=O)N(Cc1ccsc1)C1CCN([C@H](C)CCNC(=O)c2c(C)cc(C#N)nc2Cl)CC1,0,10,0.38609103421889024,155
C[C@@H]1Cc2c(ccc3[nH]ncc23)[C@@H](c2ccc(NC3CN(CCCF)C3)cn2)N1CC(C)(C)F,1,7,0.8650594078706022,420
CCO[P@](C)(=O)Cn1ccc(NC(=O)c2cc(Oc3ccc(S(C)(=O)=O)cc3)cc(O[C@@H](C)COC)c2)n1,0,6,0.024865693010446496,1831
O=C(NC1CC1)c1cn(-c2cccc(-c3ccncc3)c2)c2ncccc2c1=O,0,2,0.1680954124619584,3784
Cc1ccc(CN2[C@@H]3CC[C@H]2C[C@H](Oc2cccc(C(N)=O)c2)C3)o1,1,10,0.8453903395478829,3785
O=C(CNS(=O)(=O)c1cccc2cccnc12)c1ccccc1F,0,10,0.13537854698074805,3786
CN1CCC(NC(=O)c2ccc(Oc3ccc(C#C[C@]4(O)CN5CCC4CC5)cc3)cc2)CC1,0,1,0.16256084765736478,3787
CC1(C)C(=O)Nc2nc(-n3nc(CCC(F)(F)F)c4cc(Cl)ccc43)nc(N)c21,0,2,0.22115339838096104,1696
COC(=O)C1CCN(CCCOc2ccc(-n3c(-c4ccccn4)nc4cc(F)ccc43)cc2)CC1,1,5,0.6531539797569922,1985
C=CC(=O)N1CCC(Cn2cc(-c3ccc4c(c3)OCO4)c3c(N)ncnc32)CC1,0,7,0.20902248812318056,3788
COc1ccccc1N1CCN(CCCCNC(=O)c2ccc(B3C=CC=CN3)cc2)CC1,1,1,0.4356268119309044,3789
Cc1nc([C@H]2N[C@@H](c3nc(-c4ccc(F)cc4)c[nH]3)Cc3c2[nH]c2ccccc32)no1,1,4,0.6845225800911741,3790
O=c1cc(NC2CCN(Cc3ccc4c(c3)OCO4)CC2)c2cc(Cl)ccc2n1Cc1ccncc1,1,4,0.870874271265878,3791
CC(=O)Nc1nc(C)c(-c2cc3c(c(NS(C)(=O)=O)c2)C(=O)N([C@@H](C)C2CC2)C3)s1,0,9,0.099099479578638,2585
Cc1cc(Cn2cc(-c3ccc(Cl)c(OC(F)F)c3)cn2)[nH]n1,1,5,0.9367488292581652,434
CC1(C)NCCc2c1oc1cc(S(=O)(=O)c3cccc(F)c3)ccc21,1,9,0.26939954276925426,2419
C[C@H]1OC(=O)[C@]2(C(N)=O)CC(F)(F)[C@@H](C)[C@H](/C=C/c3ccc(-c4cccc5c4OC(F)(F)O5)cn3)[C@H]12,0,4,0.10156555123252113,3792
CN1CC[C@]2(CN=C(N3CCc4ccccc4[C@@H]3c3ccc(F)cc3)O2)C1,1,10,0.4704367018227352,3793
O=C(c1ccc(F)cc1F)N1CCN(c2ccc(OCCCN3CCCCCC3)cc2)C(=O)C1,0,10,0.1664410909623484,419
COC1COCCC1N(C)[C@@H]1C[C@H]2OCC[C@@]2(C(=O)N2CCc3ncc(C(F)(F)F)cc3C2)C1,0,10,0.06639530066201149,665
CO[C@]1(CC23CCC(NCc4ccc5c(n4)NC(=O)CO5)(CC2)CO3)Cn2c(=O)ccc3ncc(F)c1c32,0,2,0.11065407319199551,332
COc1ccc(C2COc3cc(OCc4c(C)cc(C)cc4C)ccc3C2=O)cc1,0,10,0.37680139899855536,3794
NC1=N[C@@]2(c3cc(NC(=O)c4ccc(F)cn4)ccc3F)CN(c3ncc(F)cn3)C[C@H]2CS1,1,1,0.2340875762944681,3795
O=c1ccc2ncc(F)c3c2n1CC3C[C@H]1OC[C@H](NCc2cc3c(nn2)OCCS3)CO1,0,5,0.06803041224008415,3796
CCOC(=O)c1c(CSc2ccc(C)cc2C)n(Cc2cccc3ccccc23)c2cc(Br)c(O)cc12,0,7,0.2787883506340225,3797
CC1(C)c2nc(-c3ccc(F)cc3)c(Nc3ccc(F)c(F)c3)n2CCN1C(=O)CN,0,7,0.1448337318295174,585
N#CCN(CCOc1ccc([N+](=O)[O-])cc1)CCc1ccc([N+](=O)[O-])cc1,1,4,0.8169213907885788,66
CC(C)(C)c1ccc(NC(=O)N2CCN(c3ncccc3Cl)CC2)cc1,1,8,0.2554531877750105,3798
Cc1nsc(-c2nnc3n2CCN(C(=O)c2cccc(F)c2)[C@@H]3C)n1,0,1,0.011163179939409287,638
COc1ccc2ccc(=O)n(CCN3CCC(NCc4cc5c(cn4)OCCO5)CC3)c2c1,0,8,0.08249638921172779,1741
N#C[C@@H]1C[C@H](F)CN1C(=O)C[C@H](N)Cc1cc(F)c(F)cc1F,0,3,0.08889486994913032,3799
Cc1ccc(NC(=O)Nc2cc(-c3ccccc3-c3nn[nH]n3)cc3c2OCC=CC3c2ccccc2)cc1,0,8,0.22623284081404052,3800
CCNS(=O)(=O)c1cc(C(=O)N2CCC(CCN3C4CCC3CC(n3c(C)nc5ccccc53)C4)(c3cccc(F)c3)CC2)c(Cl)cc1F,0,10,0.041272615287139255,305
O=C(O)c1cccnc1N1CCC(CN2CCC(Oc3ccc(Cl)c(Cl)c3)CC2)CC1,0,8,0.12583639343531375,3801
Cc1cccnc1CN1CCC2(CC1)C(=O)N(c1ccc(-c3ccc(C(=O)O)cc3)cc1)C(=O)N2c1ccncn1,0,5,0.12855437703922565,56
O=C(O)c1ccc(Oc2ccc(CN3CCC(N4C(=O)N(C5CCOCC5)C[C@H]4c4ccccc4)CC3)cc2)cc1,0,4,0.2379018401729443,3802
COC(=O)C1(CNC(=O)c2cc(Cl)cc(Cl)c2)CCN(Cc2cccc(OC)c2)CC1,1,4,0.8691059584508124,574
Cc1ccc(-c2ccc(C#Cc3cccc(C#Cc4ccc(-c5ccc(C)cc5)cc4)[n+]3C)cc2)cc1,1,8,0.9637968800404026,1190
CCn1nc(C(O)c2cc(-c3ncnc4cc(N5CCOCC5)ccc34)c(F)cc2Cl)ccc1=O,0,6,0.0106321838772628,130
N#Cc1ccc(CNC(=O)c2ncc3nc(N4CC[C@@H](O)C4)ccc3c2O)cn1,0,7,0.08771504709503193,3803
Cc1cc(-c2ccc(C(=O)[C@@H]3CCCC[C@H]3C(=O)Nc3cnn4c3C(=O)NCC4)cc2)n[nH]1,0,4,0.10311748279045632,3804
Cn1c(SCCCN2CC3CCN(c4ccc(C(F)(F)F)cc4)C3C2)nnc1-c1cccnn1,1,1,0.9681822759958855,3805
COc1cc2ncc(F)c(CCC34CCC(NCc5ccc6c(n5)NC(=O)CO6)(CC3)CO4)c2nc1OC,1,7,0.9691598042342211,265
CC(C(=O)O)c1ccc(CN2CCC(COC(=O)c3c4n(c5ccccc35)CCCO4)CC2)cc1,0,4,0.34127867591233074,3660
CNc1cc(Nc2cnc(C#N)c(O[C@@H]3CCNC3)n2)ncc1C(=O)OC,0,9,0.0836632321333932,3806
COCCCn1cc(CN(C(=O)[C@H]2CNCC[C@]2(O)c2ccc(F)c(F)c2)C2CC2)c2c(F)ccc(CN3CCOCC3)c21,1,2,0.5337152630916224,3807
CC(C)n1cc(C(=O)c2ccnc(NC(=O)Nc3ccc(F)cc3F)c2)c2c(N)ncnc21,0,8,0.09475107388991988,3808
CCCCc1cc(OC2CCN(CCCS(=O)(=O)C(C)C)CC2)c2ncccc2c1,1,7,0.9178690931442522,409
Cc1cn(CC(O)c2ccc(Cl)cc2Cl)c(N)n1,0,2,0.1268760430782251,437
CCc1nccn1Cc1cn(-c2ccc(Cl)c(OC(F)F)c2)nn1,1,9,0.9506438643118745,23
Nc1nc2cc(-c3nn(Cc4ccc(Cl)c(Cl)c4)c4ncnc(N)c34)ccc2o1,0,6,0.13405822436372908,2795
Cc1csc([C@](C)(O)c2nnc(Nc3ccn(Cc4csc(C)n4)n3)s2)n1,0,9,0.20627883460777605,3809
CSc1ccccc1C(=O)N(C1CCCC1)[C@H]1CCNC1,0,7,0.03162714311150058,1709
CCOP(=O)(Cn1ccc(NC(=O)c2cc(Oc3ccc(S(C)(=O)=O)nn3)cc(OC(C)C)c2)n1)OCC,0,6,0.04593571362868213,3810
Cn1cc(C2CCN(C(=O)NC3CC3c3ccccc3)CC2)nn1,0,3,0.05672452466685159,3811
CN(C)c1ccc(-c2cc3nccnc3c(NCCC(N)=O)n2)cn1,0,4,0.06911074605638469,1562
CC(C)[C@H]1CN(C2CCN(c3nc(N)n[nH]3)CC2)[C@@H](Cc2ccc(Cl)cc2)CO1,0,7,0.08555320988501605,673
CS(=O)(=O)NC(=O)c1cc(F)c(COc2ccc(Cl)c(Cl)c2)cc1F,0,7,0.14005891141659424,3812
COc1ccc2ncc(F)c([C@H]3OC(=O)O[C@@H]3C34CCC(NCc5ccc6c(n5)NC(=O)CO6)(CC3)CO4)c2n1,0,9,0.3924557637519866,3813
Cc1cc(C)cc(-c2cncc(-c3nc4cc(C(F)(F)F)ccc4[nH]3)c2N2CCC(N)CC2)c1,1,1,0.6791478773893872,1743
CN(C)C(=O)CN1CCc2cc3nc(N)sc3cc2CC1,0,6,0.06499382633782486,882
COc1cccc2c1nc(N)n1nc(CN3CCN(c4ccccc4)C[C@H]3C)nc21,0,3,0.04423980900768476,288
CC(=O)N(Cc1ccc2ccccc2c1)C1CCNCC1,0,10,0.12413871376828979,1998
CC(F)(F)c1cc(-c2cnn(Cc3cc[nH]n3)c2)ccc1F,1,4,0.9613552918014118,59
Cc1ccc(CCc2cccc(CCc3ccc(C)cc3)[n+]2C)cc1,1,3,0.9345235835927277,2434
C[C@H]1CN(c2n[nH]c3nc(N[C@H]4CC[C@H](NS(=O)(=O)CCC(F)(F)F)CC4)ncc23)CCO1,0,10,0.10565901228348538,3814
Cc1cnc(NC(=O)[C@H](COC2CCC2)Oc2ncnc3c2cnn3-c2ncccc2Cl)cn1,0,6,0.015129902338981776,3815
Cn1cc(Nc2nc(N)nc(-c3cccc(-n4ccc5cc(C6CC6)cc(F)c5c4=O)c3CO)n2)cn1,0,1,0.1369651853159794,3816
CCCc1cc(Cn2cc(-c3ccc(F)c(C(F)F)c3)cn2)n[nH]1,1,3,0.9227222701067386,59
C[C@@H]1CCCN1CCc1ccc(-c2ccc(S(=O)(=O)NC3CCOCC3)cc2)cc1,0,9,0.6177030421381988,3817
CC1(C)[C@H](Nc2c(C(N)=O)cnn3cc(-c4ccnc(F)c4)cc23)CC[C@]1(C)N,0,3,0.05573316408591175,1819
COc1nccnc1C(O)c1cc(-c2ncnc3cc(N4CCOCC4)cnc23)c(F)cc1Cl,0,10,0.016434477544976893,353
CNC(=N)NC(=O)Nc1c(C)cccc1C,0,6,0.18635650557479286,156
O=C(O)CCc1ccc2cccc(N3CCN(CCc4ccc(OCCCN5CCCCCC5)cc4)CC3)c2n1,0,5,0.20903362986042942,272
COc1ccc(C(=O)NC2(c3ccccc3)CCN(c3cc(N)ccn3)CC2)c(OC)c1,1,4,0.4938580507477012,3371
Cc1ccc(S(=O)(=O)N[C@H]2CCCOc3c2nn(-c2ccccc2Cl)c3-c2ccc(Cl)cc2)cc1,0,2,0.3921342890123752,3818
N#Cc1ccc(-c2ccc3c(c2)OC[C@H]2[C@H](CO)OC(=O)N32)cn1,0,10,0.09679651248169718,3819
O=C(O)C1CN(Cc2ccc(-c3noc(-c4onc(-c5ccccc5)c4C(F)(F)F)n3)cc2)C1,0,1,0.18478895643622353,3820
COc1ccc(CC(=O)N2CCC3(CC2)CN([C@@H]2CCc4cc(-c5cc(C)ncn5)ccc42)C3)c(C(N)=O)c1,0,9,0.16042410797114856,3821
O=c1cc(OCc2cccc(F)c2)ccn1-c1ccc(OCCN2CCCC2)cc1,1,5,0.9443517817894891,188
Cc1ncoc1-c1nnc(SCCCN2CC[C@@]3(C[C@@H]3c3ccccc3C(F)(F)F)C2)n1C,1,9,0.9827096131658853,1217
O=C(c1ccc(CN2CCC3(CC2)OCc2cc(F)ncc23)cc1)c1ccc(F)c(F)c1,1,4,0.688447736821715,3822
C[C@H]1COc2c(N3C[C@H]4CC(F)(F)C[C@@H](N)[C@H]4C3)c(F)cc3cc(C(=O)O)c(=O)n1c23,0,2,0.04171574043141567,1447
COC1COCCC1N[C@@H]1C[C@H]2CCC[C@@]2(C(=O)N2CCc3ncc(Cl)cc3C2)C1,0,5,0.07446499509414747,685
COC(=O)c1cn(CCN2CCC3(CC2)COC2c4cc(Cl)ccc4OC(C)(C)C2C3)cn1,1,7,0.6246396839980419,238
O=C(NC(=S)Nc1nc(-c2ccccc2)cs1)c1cncc(Br)c1,0,10,0.3610967225101174,3823
Cc1nccnc1C(O)c1ccc(F)c(-c2ncnc3cc(N4CCOCC4)c(F)cc23)c1,0,10,0.011162205471761034,247
O=C(N[C@H]1C[C@@H](O)C1)c1ccc2cc(Oc3ccc(C(F)(F)F)cn3)ccc2n1,0,6,0.053126830954344416,1896
OC(c1cc(-c2ncnc3cc(N4CCOCC4)ccc23)c(F)cc1Cl)c1ncnc2ccoc12,0,2,0.010019305392237,150
Cc1ccc(NC(=O)[C@H](COC2CCC2)Oc2ncnc3c2cnn3-c2ncccc2Cl)nc1,0,3,0.026526894161620847,3824
c1ccc(COc2ccc3ccccc3c2CCC2CCNCC2)cc1,0,3,0.6393324956691657,3825
C[C@@H]1OC2(CCN(CCc3ccccc3)CC2)CN(c2ccccc2)C1=O,1,6,0.9480539359347603,224
Cc1c([C@@H](O)CN2CCC3(CC2)CCN(c2ccncc2)C3=O)ccc2c1COC2=O,0,6,0.062091277275973245,3826
C[S+]([O-])Cc1ccc(C(=O)Nc2nccnc2C(=O)NCC2CCC2)c2ccccc12,0,7,0.16304090319980646,3827
CNC[C@@H](c1ccc2ccccc2c1)[C@H](O)c1ccccc1,0,1,0.047300799040541755,590
COc1ccc(NC(=O)c2ccc(C[S+](C)[O-])c3ccccc23)c(C(=O)NCC2CCOCC2)n1,0,10,0.10097532356310888,3828
O=C1C2CC=CCC2C(=O)N1c1ccc(Cc2ccncc2)cc1,1,10,0.2994708074662464,3829
C[C@@H]1CN(C(=O)c2nc(Nc3cc(C4CC4)[nH]n3)c3cc(Cl)ccc3n2)CCN1,0,2,0.13982802173115955,3830
CN1C(=O)N(c2cccc(C(F)(F)F)c2)C2=C(C(=O)CC2)[C@H]1c1ccc(C#N)cc1CO,0,5,0.24612408034860833,838
CCc1noc2cc3c(cc12)CCN(CCCSc1nnc(-c2cccc4nc(C)ccc24)n1C)CC3,1,8,0.9336137803605233,3342
Cc1cc(N2CCC(N3CCCC3C)C2)ccc1NC(=O)c1cc(F)ccc1C,1,4,0.4360365094667553,3507
Cc1noc(-c2ccc(CCN3CC[C@@H](Nc4nc5ccccc5n4Cc4ccc(C#N)cc4)C3)cc2)n1,1,6,0.8598926866184494,3831
Cc1cc(Cn2cc(-c3ccc(Cl)c(C(F)F)c3)cn2)n(C)n1,1,1,0.9346893654270994,434
CCC[C@@H](CCO)Nc1nc(N)nc2cnn(Cc3ncc(C4CCNCC4)cc3OC)c12,0,2,0.022673522741839678,44
C[n+]1c(C#Cc2ccc(-c3ccccc3)cc2)cccc1C#Cc1ccc(-c2ccccc2)cc1,1,1,0.9235442958736282,1190
CNc1cc(F)cc2c1[nH]c1nc(Oc3cnc(C)nc3)nc(N3CC(=C(Cl)CN)C3)c12,0,8,0.04511014856186457,508
C[C@@H]1Cn2ncc(C3CCN(S(C)(=O)=O)CC3)c2CN1c1ccnc2[nH]ccc12,0,3,0.09274503601900812,3832
CCC(=O)CCCCC[C@H](NC(=O)[C@H]1CC12CCN(C(C)C)CC2)c1ncc(-c2cc3ccc(C)nc3cc2OC)[nH]1,0,3,0.05383082080158767,203
Cc1nc(-c2nnc3n2CCN(C(=O)c2ccc(-c4ccccc4)cc2)[C@@H]3C)cs1,0,1,0.08237789430923,3833
COc1ccc(CN(CC(=O)N2CCC(N)CC2)c2ccc(C#N)cc2)cc1F,0,10,0.16181398290683585,3834
CN(C)C(=O)CNCCc1cccc(OCCCC(F)(F)CF)c1,0,6,0.2877117281414251,156
Cc1cc(C)c2ccc3nc(-c4ccccc4)c(CN4CCCC4)n3c2n1,0,7,0.3851073894287722,3835
O=[N+]([O-])c1ccc(NCCCCN2CCC(Nc3nc4ccccc4n3Cc3ccc(F)cc3)CC2)c2nonc12,1,6,0.5342343565099147,3836
O=C(NC1CC1c1ccccc1)N1CCC(c2nc(-c3cnccn3)no2)CC1,0,10,0.05213306565224094,3837
O=c1cc([C@H]2CCN[C@@H](CCc3ccccc3)C2)o[nH]1,0,9,0.3184576436772383,3838
COc1cc(NC(C(=O)c2c[nH]c3ccccc23)c2ccccc2)cc(OC)c1,0,2,0.24869391378077751,700
COCCCc1cc(CN(C(=O)[C@H]2CNCC[C@@H]2c2ccn(C)c(=O)c2)C2CC2)c2ncccc2c1,0,1,0.11105693052595784,3839
COc1ccc(-c2c[nH]c([C@H]3Cc4c([nH]c5ccccc45)[C@@H](C4CCOCC4)N3)n2)cc1,1,2,0.9601720826913269,535
O=C1OCCN1C1CCN(CCc2ccc(Oc3nc4ccccc4s3)cc2)CC1,1,4,0.6163822843158845,3840
CC(C)N1CCN(c2ccc(/C(=C(/CCCO)c3ccccc3)c3ccc(O)cc3)cc2)CC1,0,4,0.0902724331607267,2917
Cc1nccnc1C(O)c1cc(-c2ncnc3cc(N4CCOCC4)ccc23)c(F)cc1Cl,0,7,0.0,247
O=C(NCCN1CCCC1)c1cc(-c2ccc(S(=O)(=O)N3CCOCC3)cc2)nc2ccc(F)cc12,0,2,0.11996656064735838,3841
CC(=O)NC[C@@H]1OC(=O)N2c3cc(F)c(C4=CCN(C(=O)CO)CC4)cc3OC[C@@H]12,0,4,0.07332144623894428,3842
CC1(C)OC(=O)c2ccc(Nc3ncc(-c4nc(C56CCN(CC5)CC6)no4)c(N[C@H](CO)c4ccccc4)n3)cc21,1,10,0.21733492566042287,3843
CNC(=O)[C@@]12C[C@@H]1[C@@H](n1cnc3c(NC)nc(C#Cc4ccc(Cl)s4)nc31)[C@H](O)[C@@H]2O,0,10,0.09524700719282993,1791
CN(C)CCCC(NC(=O)C1(N)CCN(c2ncnc3[nH]ccc23)CC1)c1ccc(Cl)cc1,0,6,0.04442689077787077,667
CC(C)COc1ccc(Cl)cc1-c1ccccc1-c1cccc(C(=O)[O-])n1,0,2,0.30448202661437074,3844
COc1nc(N(CC(C)(C)F)c2cc(Cl)c(F)cc2F)cnc1C(=O)[C@H]1C[C@@H]1C(=O)O,0,4,0.15186919572513616,3845
CCS(=O)(=O)c1ccc(CNc2nc3cnc(-c4c(C)ncnc4C4CC4)nc3n([C@@H](C)C3CC3)c2=O)cn1,0,8,0.16772403904191485,3846
CC1(C)OC(=O)c2ccc(Nc3ncc(-c4nnco4)c(N[C@H](CO)c4ccccc4)n3)cc21,0,10,0.1468708129705827,3847
C[C@@H]1Cc2c(ccc3[nH]ncc23)[C@@](C)(c2ccc(NC3CN(CCCF)C3)cn2)N1CC(F)F,1,8,0.82357905126047,420
CC(C)(C)NC(=O)NCCN1CCC(O)(CNC(=O)c2cc(Cl)cc(Cl)c2)CC1,0,5,0.20547125098740326,2451
C[C@@H]1OCCC[C@]1(C)Nc1c(Nc2ccnc(C(=O)N(C)C)c2O)c(=O)c1=O,0,10,0.1279706826552362,3848
O=C(Nc1ccc(F)cn1)[C@H](CN1CC(O)C1)Oc1ncnc2c1cnn2-c1c(Cl)cccc1Cl,0,8,0.013069838031194369,483
COc1nc2ccc(Br)cc2cc1[C@@H](c1cc(C)c(C)s1)[C@@](O)(CCN(C)C)c1cccc(F)c1,1,9,0.6027033191965194,3849
CS(=O)(=O)c1ccc2c(c1)nc(C(F)(F)F)n2Cc1ccccc1,0,10,0.3418006243531966,3850
Cc1cc2nc(/C=C/C3CCCN3C)n(Cc3ccc(Cl)cc3)c2cc1C,1,8,0.540888260009065,3851
O=C1OCCc2cc([C@@H]3CN4CCN(C(=O)Cc5cnc(-n6cnnn6)nc5)C[C@H]4CO3)ccc21,0,9,0.06541143692979673,3852
CC1(C)Cc2c(CN3CCC4(CC3)CCN(C(=O)c3ccnc(N)c3)CC4)cccc2O1,0,9,0.2041920711983251,2047
O=C(CC1CCN(Cc2ccn(-c3ccc(C(F)(F)F)cn3)c2)CC1)NC(c1ccc(F)cc1)c1ccc(F)cc1,1,9,0.493891364578665,3853
Cn1c(=O)n(CCCO)c(=O)c2c1nc(C1(F)CCC(F)(F)CC1)n2Cc1ccc(F)c(F)c1,0,10,0.06591203982064134,416
O=C1CCc2ccc(OCCCCN3CCCN(c4ccc(O)c5[nH]c(=O)ccc45)CC3)cc2N1,0,3,0.3224149114723822,3854
CC(C)=CCn1c(N2CCC[C@H](N)C2)nc2c1c(=O)n(CC(=O)c1ccccc1)c(=O)n2C,1,8,0.19565903065979276,3855
Cc1c([C@@H](O)CN2CCC3(CC2)CCN(c2cc(-c4ccccc4)no2)C3=O)ccc2c1COC2=O,1,9,0.2980500807097614,3856
COC(=O)C1(CNC(=O)c2cc(Cl)cc(Cl)c2)CCN(Cc2ccccc2C(F)(F)F)CC1,1,1,0.7241077879616142,574
N[C@H]1Cn2c(nc3cnc(C(F)(F)F)cc32)C[C@@H]1c1cc(F)c(F)cc1F,0,10,0.21390476491269889,2647
Cc1c2c(n3c1CCCN1C[C@@H](F)C[C@@H]1CNc1cc-3ccc1C(N)=O)CC(C)(C)CC2=O,0,10,0.5034713143508837,3857
C[C@@H](N1CCc2nc(-c3cncnc3)sc2C1)[C@](O)(Cn1cncn1)c1ccc(F)cc1F,0,7,0.1506341866648173,3858
CC(C)(C(=O)O)c1ccc(C(O)CCCN2CCC(C(O)(c3ccccc3)c3ccccc3)CC2)cc1,0,6,0.4864219817245379,1095
CC(C)(C)[C@H](NC(=O)OCCO)C(=O)N1CC(c2cc(F)ccc2F)=C[C@H]1c1ccccc1,0,10,0.22373736795822946,743
Fc1ccc(-c2cnc3nc(N4CCC(N5CCCCC5)CC4)sc3c2)cn1,1,3,0.7198651067270042,1744
O=C(NCc1ccc(F)cc1)N(c1ccc(Cl)cc1)C1CCN(Cc2ccnnc2)CC1,0,10,0.5411726426987181,3216
Cc1cc(F)ccc1[C@@H]1CCN(C[C@@H]2CCc3cccnc3[C@@H](O)C2)C[C@H]1O,0,2,0.2315590059096865,48
Cc1ccccc1C1CCN(C[C@H]2CCc3cccnc3[C@@H](O)C2)CC1,1,3,0.3010449472387876,48
CC(C)n1cc(Nc2nc(N)nc(-c3cccc(-n4ccc5cc(C6CC6)cc(F)c5c4=O)c3CO)n2)cc1C#N,0,3,0.12254559222759646,3859
N#Cc1cccc2c1CC(CNCCC1CN(c3ccc4c(n3)NC(=O)CO4)C(=O)O1)C2,1,6,0.19541903633016133,3289
Cc1c([C@@H](O)CN2CCC3(CC2)CCN(C2=CC(=O)OC2)C3)ccc2c1COC2=O,0,1,0.06822611330426655,3860
C[S+]([O-])c1ccc(-c2cnc3ccc(NC4CCS(=O)(=O)CC4)nn23)cc1,0,10,0.07036114188914314,3861
COc1cc(C)[nH]c(=O)c1CN1CCc2c(Cl)cc([C@H](OC)C3COC3)c(Cl)c2C1=O,0,9,0.3279427098942047,3862
CNc1nc(NCC(F)(F)F)c2sc(-c3ccc(C(F)(F)F)cc3)cc2n1,0,10,0.4138819619571613,2230
c1ccc(CN2CCCC(c3c(-c4ccccc4)[nH]c4ccccc34)C2)cc1,1,2,0.6917456425140313,3269
CC[C@H]1OC(=O)[C@H](C)[C@@H](O[C@H]2C[C@@](C)(OC)[C@@H](O)[C@H](C)O2)[C@H](C)[C@@H](O[C@@H]2O[C@H](C)C[C@H](N(C)C(C)C)[C@H]2O)[C@](C)(O)C[C@@H](C)[C@H](O)[C@H](C)[C@@H](O)[C@]1(C)O,1,4,0.31190141706671604,1645
CC(C)(C)c1ccc(CN2CCC3(CCCCO3)CC2)cc1,0,10,0.5147012997638281,3863
Cc1cnc(NC(=O)/C(=N/N2CCCC2)c2ccc(S(=O)(=O)C3CC3)cc2)s1,0,8,0.053361425900473235,1692
CNc1noc2c(-c3ccc4c(N5CCOC[C@@H]5C)nncc4c3)c(C)ccc12,0,8,0.26559020638989445,3864
Cc1ccc(C(CCC(N)C(=O)O)(c2ccccc2)c2ccccc2)cc1C,0,5,0.18252986373197053,1288
Nc1nccn2c([C@@H]3CCC[C@H](C(=O)O)C3)nc(-c3ccc(C(=O)Nc4cc(C(F)(F)F)ccn4)cc3)c12,0,2,0.25103194125265454,2490
N#C/C=C/c1ccc2c(S(=O)(=O)n3nc(Nc4ccc(C#N)c(Cl)c4)nc3N)cccc2c1,0,1,0.31196701795159304,3865
CCC1OC(=O)C(C)C(OC2CC(C)(OC)C(O)C(C)O2)C(C)C(OC2OC(C)CC(N(C)C)C2O)C(C)(O)CC(C)/C(=N/OCOCCOC)C(C)C(O)C1(C)O,0,5,0.3892253726055484,3866
Fc1cc(-c2cnn(Cc3cc[nH]n3)c2)cc(C(F)F)c1,1,8,0.7697425492066091,59
Cc1ccc(C(F)(F)CN2CCC(Nc3ncnc4[nH]ccc34)CC2)nc1,0,7,0.13088537973035075,3867
COCCOc1ncc(-c2nc(C(F)(F)F)sc2N2CCN(C(=O)Cn3cnc4cccnc43)[C@H](C)C2)cn1,0,10,0.16743313542030244,3322
COc1ccc(Oc2nc(Nc3ccc(N4CCOCC4)nc3)ncc2NC(=O)c2cc(OC)cc(OC)c2)cc1,0,8,0.12851461299422,3868
COc1ccc(/C=C/C(=O)N2CCN(c3ccc(C(=O)Nc4ccccc4N)cc3)CC2)cc1,0,6,0.16648385789702894,2318
O=C(NCC1CCN(CCCCCC(c2ccc(F)cc2)c2ccc(F)cc2)C1)c1cc(C(F)(F)F)cc(C(F)(F)F)c1,1,3,0.8518776032550769,1587
COc1cc(N2CCN(C(=O)[C@@H](C)O)CC2)ccc1Nc1ncc(Cl)c(-c2cnc3ccccn23)n1,0,9,0.05150579254900824,68
CCOC(=O)N1CCN(Cc2nc(-c3cccc(Cl)c3)no2)CC1,0,4,0.15090428424682792,3869
OC(c1ccc(Cl)nn1)c1cc(-c2ncnc3cc(N4CCOCC4)ccc23)c(F)cc1F,0,8,0.003091175368686353,465
COc1cncc(O[C@@H]2CCC[C@H](N)C2)c1-c1cc(Nc2cnc(C#N)cn2)n[nH]1,0,5,0.052354569392289774,3870
Cn1c(=O)c2c(ncn2C)n(C)c1=O,0,1,0.1407261639509127,3871
O=C(O)C[C@H](CN1CC[C@@H](CCc2ccc3c(n2)NCCC3)C1)c1cccc(O[C@@H]2CCOC2)c1,0,3,0.06908514033851071,3872
CCn1nc(C)cc1C(=O)/N=c1\[nH]c2cc(-c3ncn[nH]3)cc(OC)c2n1C/C=C/Cn1/c(=N/C(=O)c2cc(C)nn2CC)[nH]c2cc(C(N)=O)cc(OCCCN3CCOCC3)c21,0,10,0.16576510529452798,3873
CC(=O)C1=NN2c3cc(F)ccc3OC[C@H]2[C@@]1(CCCN)c1ccccc1,1,5,0.15715877986739935,1142
COc1ccc([C@H]2CN(CCc3ccc(OC)c(OC)c3)C[C@@H]2CC(=O)NCc2cccc(Cl)c2)cc1,1,4,0.9201112578280106,3874
C[C@H]1CN(Cc2ccc(CC(=O)N3CCC(Nc4cccc(F)c4)CC3)cc2)CCN1,0,7,0.3235972255425516,3875
Cc1ccccc1C1CCN(C[C@@H]2Cc3cccnc3[C@@H](O)C2)CC1,0,2,0.45827759372140536,2306
Oc1cc(-c2cn[nH]c2)ccc1-c1ccc(N2CCC3(CCCNC3)C2)nn1,1,9,0.2159789111692378,3876
Cc1ccc(-c2cc3nccnc3c(NC[C@H]3CCCNC3)n2)o1,0,7,0.11648780129592988,3877
CN(C)C(=O)N1CC(c2cc(F)ccc2F)=C[C@@]1(CC[C@@H](N)C(F)F)c1ccccc1,0,10,0.2383576873744806,743
COc1ccc2ncc(F)c([C@@H](O)CN3CCC(NCc4cc5c(cn4)OCCO5)CC3)c2n1,0,1,0.09282963811780513,3878
CCC[C@@H](CCO)Nc1nc(N)nc2cnn(Cc3ncc(C4CCN(C5CCOCC5)CC4)cc3OC)c12,0,5,0.03492281434531212,3879
O=C(Cn1c(=O)[nH]c2ccccc21)N1CCN(c2ncc(Cl)cc2-c2cnc(N3CCC(O)CC3)nc2)CC1,0,3,0.12336453300580542,3880
CC(=O)NCCc1ccccc1-c1onc([C@H]2CNCC[C@]2(O)c2ccc(F)c(F)c2)c1C(C)=O,0,7,0.0898860979042878,925
Cc1cc(-n2cnnn2)cnc1CC(=O)N1CCN(CCc2ccc3c(c2C)COC3=O)CC1,0,6,0.056792883428473974,2573
O=C(Nc1scc(-c2ccc(Cl)cc2)c1C(=O)O)c1cc(F)ccc1F,0,4,0.20273942791793004,2750
CC(C)Oc1cc([C@@](Cc2ccccc2)(NC[C@@H](O)C(F)(F)F)c2cc(F)cc(OC(F)(F)C(F)F)c2)ccc1F,0,4,0.24071914256090896,369
COc1cc(-c2cn(C)c(=O)c(C)c2C)cc(OC)c1CN1CC[C@H](N2CCN(C(=O)c3ccc(NC4CCC(=O)NC4=O)cc3F)CC2)C(F)(F)C1,0,3,0.15699914848978652,3881
O=C(NC1CCN(Cc2ccn(-c3ccc(C(F)(F)F)cc3)c2)CC1)N[C@@H](CO)c1ccccc1,0,4,0.1141671966373471,1015
COCCNC(=O)c1nc2c(N3CCOCC3)nc(-c3cnc(N)nc3)cn2c1C,0,4,0.06164548755460148,3882
C[C@@H]1Cc2c(ccc3[nH]ncc23)[C@@H](c2ncc(NC3CN(CCCF)C3)cc2F)N1CC(F)F,1,1,0.9752288210360142,420
CC(C)(C(=O)O)c1ccc(CCN2CCC(=C3c4ccc(Cl)cc4CCc4cccnc43)CC2)cc1,0,6,0.3076409370050813,3883
COc1ccc(N2CCN(Cc3nc4c5cccc(OC)c5nc(N)n4n3)[C@H](C)C2)cc1,0,5,0.054978571532969235,288
COCCN1CCC[C@@H]1Cn1nc(Cc2ccc(Cl)cc2)c2ncccc2c1=O,1,8,0.7505756033146792,1320
C[C@H](Nc1nc(N)nc(N)c1Cl)c1nc2c(Cl)cc(F)cc2c(=O)n1-c1cc[nH]n1,0,1,0.1764362640179272,3884
O=C(Nc1ccc(-c2nnc(NCCCCN3CCOCC3)o2)c(F)c1)c1ccccc1,0,1,0.07617982835293861,425
CCc1cc2ccc(CN3CCN(c4ccc(C(=O)NC)nc4C)CC3)cc2[nH]c1=O,0,5,0.029546328991013268,708
N#Cc1ccc2c(c1)CN(C1CCN(c3n[nH]c(N)n3)CC1)[C@@H](Cc1ccc(Cl)cc1)CO2,0,3,0.2395113795102858,3640
CCN1CCN(C(=O)Nc2cc(-c3cn(C4CCOCC4)c4cnccc34)ccn2)CC1,0,10,0.16748888772611956,3885
CNCCOc1ccccc1C(C)(C)Nc1nccn(-c2cc(C(=O)NC3CC3)ccc2C)c1=O,0,8,0.19145257080451955,3886
COc1cccc2c1nc(N)n1nc(CN3CCN(c4sc(C)nc4C)C[C@H]3C)nc21,0,3,0.047637572311330575,3293
Cn1cncc1CN1CCC2(CC1)COC1c3cc(Cl)ccc3OC(C)(C)C1C2,1,7,0.7704318434607479,2628
O=C1COc2ccccc2N1CCCN1CCC(n2c(=O)[nH]c3cccnc32)CC1,0,7,0.1344720356673939,3887
Cc1ccc2c(N3CCN(CCc4cccc5c4OCc4nnnn4-5)CC3)cccc2n1,1,3,0.5168344743909544,3888
OC(c1ccc2nccn2n1)c1cc(-c2ncnc3cc(N4CCOCC4)ccc23)c(F)cc1F,0,1,0.006713237150512578,2008
Fc1ccc(-c2cnn(Cc3cc[nH]n3)c2)cc1C(F)F,1,7,0.9697884653278667,59
Cc1nc(C)c(-c2csc(Nc3ccc(C(=O)N4C5COCC4CC(=O)C5)cn3)n2)s1,0,4,0.10929390646723415,3889
CCc1nc2ccc(CN3CCN(c4ccc(C(=O)NC)nc4C(F)F)CC3)cc2[nH]c1=O,0,4,0.029508662926980664,891
Clc1cccc2c(-c3nc(CN4CCCC4)cs3)cn(CC3CCOCC3)c12,1,2,0.7201606235022897,643
Cc1nc2ccccc2n1[C@H]1C[C@H]2CC[C@@H](C1)N2CCC1(c2ccccc2)CCN(C(=O)C(C)(C)C)CC1,1,5,0.39420456475687304,2840
Cn1ccc([C@H]2CCNC[C@@H]2C(=O)N(Cc2cc(CCC#N)cc(Cl)c2Cl)C2CC2)cc1=O,0,5,0.15980101741271716,309
C[C@]1(CS(=O)(=O)N2CCC(Oc3ccc(OC(F)(F)C(F)F)cc3)CC2)NC(=O)NC1=O,0,5,0.15923317269969464,3890
Cc1nc2c(-c3nnc[nH]3)cc(-c3ccnc(N)c3F)cc2n1-c1ccnc2c(F)ccc(F)c12,0,4,0.26111079985272795,3891
C[C@@H]1CN(C(=O)Nc2cc(-c3cn(C4CCOCC4)c4cnccc34)ccn2)C[C@H](C)O1,0,1,0.13700408868518898,3600
CC(C)[C@@H]1CCN(CCCOc2ccc(-n3c(-c4ccccn4)nc4cc(F)ccc43)cc2)C1,1,3,0.8517880616752153,3892
COc1ccc([C@H]2CN(CCCc3ccc(OC)c(OC)c3)C[C@@H]2CNC(=O)c2cccc(Cl)c2)cc1,1,1,0.846604861530508,3893
CCS(=O)(=O)N1CC(C(C)C#N)(n2cc(-c3ncnc4[nH]ccc34)cn2)C1,0,3,0.050896799704660226,3255
C[C@@H]1COCCN1c1cc(C2(S(C)(=O)=O)CC2)nc(-c2cccc3[nH]ccc23)n1,0,8,0.05296088197623939,3894
CNC(=O)c1n[nH]c2cc(-c3ccc(-n4cccc(C)c4=O)cc3Cl)ccc12,0,4,0.14735225502586577,1184
COCc1ccc(-c2cc3c(cc2F)ncc2c3n(C3CCOCC3)c(=O)n2C)cn1,0,1,0.06672607596210475,209
Cc1cc(C2CCCCC2)n(O)c(=O)c1,0,5,0.11100687456129717,3895
COc1ccc2nccc(CCN3CCC(NCc4ccc(Cl)c(Cl)c4)CC3)c2c1,1,6,0.8816493606507396,3896
O=C(Nc1ccccc1)c1ccc(-c2ccccc2OC2CCNCC2)s1,0,9,0.18910431707122513,3897
CC/C(=C(\c1ccc(O)cc1)c1ccc(/C=C/C(=O)O)cc1)c1ccccc1,0,6,0.1586187993370208,1538
N[C@H](C(=O)N1CCC(F)(F)C1)[C@H]1CC[C@H](NC(=O)c2ccc(F)c(F)c2)CC1,0,4,0.05390301632075019,2873
Cc1ccc(C(O)c2ccc(F)c(-c3ncnc4cc(N5CCOCC5)ccc34)c2)nn1,0,3,0.008572410557418907,465
NC(=O)COc1ccc(C(O)c2cc(-c3ncnc4cc(N5CCOCC5)ccc34)c(F)cc2Cl)nn1,0,4,0.027510399810377114,465
CC(C)Oc1nc2nc(C34COC(C)(C3)C4)cn2cc1C(=O)Nc1cnn2cccnc12,0,2,0.062202214265916884,979
Cc1[nH]c2ccccc2c1C1CCCN(Cc2ccc(/C=C/C(=O)NO)cc2)C1,0,7,0.0752655456871747,697
COc1ccc(-c2c[nH]c(C(C)(C)N)n2)cc1,0,2,0.08901627779985975,2076
CCOc1cccc(-n2cc3nc(-c4cccnc4C)n(C[C@H]4CCCN(C[C@H]5CCCO5)C4)c(=O)c3n2)c1,0,3,0.17764049739741994,2133
CCc1n[nH]c(CC)c1Oc1cc(Cl)cc(C#N)c1,0,6,0.31720253851600294,3053
Cc1nnn(Cc2cc(Cl)ccc2/C=C/C(=O)N2CCC(Cc3nnc(C)o3)CC2)n1,0,8,0.11221683021711269,3898
N#Cc1ccc(CCN2CCN(CCc3ccc4c(c3)COC4=O)CC2)cc1Cl,1,5,0.9087244239506433,174
O=C(O)Cc1cc2cc(CN3CCOCC3)cc3c(=O)c(C(=O)NCc4ccc(Cl)cc4)cn1c23,0,9,0.16749737748494278,1573
Nc1nc2c(O)cc(C(=O)NCc3ccc(Cl)c(Cl)c3)cc2s1,0,6,0.10290690619394804,2140
COc1cc([C@](O)(CCN(C)C)[C@@H](c2cc3cc(C#N)ccc3nc2OC)c2cccc(C)c2F)cc(OC(F)F)n1,0,9,0.0795560196610714,1273
CC1(c2cc(NC(=O)c3ccn4cc(Oc5ncnc6c5CNC6)ccc34)n[nH]2)CC1,0,5,0.08429225899274347,3899
Cc1c([C@H]2CN3CCN(C(=O)Cc4ccc(-n5cnnn5)nc4)C[C@@H]3CN2)ccc2c1COC2=O,0,2,0.0520400332088344,3900
CCOC(=O)[C@@H]1[C@@H]2CN(C(=O)c3ccc(C[C@@H]4CC[C@H]([C@H](O)c5ccccc5)N4)cc3)C[C@@H]21,0,10,0.0925612626393668,3901
CC(C)N1CCN(CCN2CCN(c3ccc(F)c(C#N)c3)C2=O)CC1,0,3,0.23274853419084024,2724
OC(c1ccc(F)c(-c2ncnc3cc(N4CCOCC4)sc23)c1)c1nccnc1Cl,0,4,0.033215387296643195,1702
O=C([C@H]1CNCC[C@]1(O)c1ccc(F)c(F)c1)N(Cc1cn(Cc2cccc(OC(F)F)c2)c2cccc(F)c12)C1CC1,1,4,0.9473272416322516,1976
CNC[C@H](c1ccc2ccccc2c1)[C@H](OCC(=O)N1CC[C@H](O)C1)c1ccccc1,0,2,0.09844554637780772,3902
OCCc1nccn1Cc1cn(-c2ccc(Cl)c(OC(F)F)c2)nn1,1,1,0.8089391413656043,23
COc1ccc2c(=O)c(O)c(-c3ccc4c(c3)OCO4)oc2c1,0,7,0.2236377962523294,3903
CCCc1nc(C)c2c(=O)nc(-c3cc(S(=O)(=O)N4CCN(CC)CC4)ccc3OCC)[nH]n12,0,9,0.24778303674190155,3904
C[C@H](CN[C@@H](C(=O)Nc1ccc(-c2cnn(C)c2)cn1)c1ccccc1)c1ccc(C#N)cc1,0,9,0.13970972408483906,3905
N#Cc1cnc2ccc(=O)n(CCCN[C@H]3CC[C@H]4[C@H](C3)OC(=O)N4c3ccc4c(n3)NC(=O)CO4)c2c1,0,4,0.038644187606672736,3498
CC(=O)NCCc1ccccc1-c1onc([C@H]2CNCC[C@]2(O)c2ccc(F)c(F)c2)c1Br,0,9,0.0776555455274437,925
Cc1c(Cl)ccc(OC2CCN(CC3CCN([C@@H](Cc4ccc(F)cc4)C(=O)O)CC3)CC2)c1Cl,0,4,0.05988366228197422,234
CCOP(=O)(Cn1ccc(NC(=O)c2cc(Oc3ccc(S(C)(=O)=O)cc3)cc(OC(CF)CF)c2)n1)OCC,0,3,0.02692040346413765,1831
COc1ccccc1Oc1cccc(CN2CCC3(CC2)CCN(C(=O)c2cccc[n+]2[O-])CC3)c1,0,1,0.6489662118980235,3906
CCOC(=O)c1cccc([C@]2(c3cnn(C)c3)N[C@@H](c3nc(-c4ccc(F)cc4)c[nH]3)Cc3c2[nH]c2ccccc32)n1,1,8,0.33505842499706673,3907
CC(C)N1CCN(c2ccc(/C(=C(/CCCO)c3ccccc3)c3ccc(Br)cc3)cc2)CC1,0,1,0.15027182404560516,2917
COc1cccc(-c2ncccc2CC(c2cccnc2)c2cccnc2)c1,0,8,0.08257401094255215,1423
O=[N+]([O-])c1ccc(CCN2CCN(CCc3ccc4nonc4c3)CC2)cc1,1,5,0.9068895062433198,1473
COc1cc(/C=C/c2nc3ccccc3c(=O)n2-c2ccccc2)ccc1-n1cnc(C)c1,1,3,0.5471282869712565,3908
N#Cc1ccc2ccc(=O)n(CCN3CCC(NCc4cc5c(cn4)OCCO5)CC3)c2c1,0,5,0.034125359360110234,1741
COc1ccc2c(c1)[C@@H]1C[C@]1(C(=O)N1C3CCC1CN(C)C3)Cn1c-2c(C2CCCCC2)c2ccc(C(=O)NS(=O)(=O)C3CCC3)cc21,0,9,0.11673213286228566,3909
COc1ccc(C2(c3cccc(-c4cncnc4)c3)N=C(N)C(C(C)C)=N2)cc1,0,5,0.09284211470446599,1632
CCCn1c(N2CCNCC2)nc2c([N+](=O)[O-])c(Br)c(Br)cc21,1,9,0.4511776190494331,3910
O=C(O)c1ccc2nc(CN3CCC(c4cccc(OCc5ccc(C6COC6)cc5F)n4)CC3)n(C[C@@H]3CCO3)c2c1,0,1,0.17796586943010836,3911
CC(Cc1ccc([N+](=O)[O-])cc1)N1CCN(CCc2ccc([N+](=O)[O-])cc2)CC1,1,8,0.8982173807345903,210
Fc1ccc(Cn2c(NC3CCNCC3)nc3ccccc32)cc1,1,4,0.6161830532180697,3912
N#Cc1cnccc1COc1cnc(N2CC3CCC(C2)N3C(=O)OCC(F)(F)F)nc1,0,7,0.08935314963187743,3913
O=c1ccc(C(O)c2cc(-c3ncnc4cc(N5CCOCC5)ccc34)c(F)cc2Cl)nn1C1CC1,0,3,0.04199669996902343,3914
Cc1ncc(-c2ccnc(Nc3ccc(N4CCN(S(=O)(=O)CCN(C)C)CC4)cc3)n2)n1C(C)C,0,5,0.10957403229133125,1903
CCOC(=O)C1CCN(CCOc2ccc(S(N)(=O)=O)cc2)CC1,0,5,0.07109710167566659,613
N[C@H]1C[C@@H](N2Cc3cnc(C4CC4)nc3C2)CO[C@@H]1c1cc(F)c(F)cc1F,0,8,0.1404243352040468,3915
COc1cccc([C@]2(O)CC[C@H](N3CC(NC(=O)CNC(=O)c4cccc(C(F)(F)F)c4)C3)CC2)n1,0,7,0.04870459083162489,1453
C[C@H](NC(=O)c1cc(C(F)(F)F)nn1C)c1nc(-c2ccnc(C(F)(F)F)c2)no1,0,3,0.1464695169175598,3916
Cc1ccnn1-c1cccc([C@H](CC(=O)O)CN2CC[C@@H](CCc3ccc4c(n3)NCCC4)C2)c1,0,9,0.13847608977771456,1011
CN1[C@@H]2CCC[C@H]1C[C@H](NC(=O)c1cccc3oc(C4CC4)nc13)C2,1,3,0.3846508520066502,3917
CNC[C@H](c1ccc2ccccc2c1)[C@@H](O)c1ccncc1Cl,0,6,0.10620547583334784,2807
CN(C)C(=O)/C=C1\CC[C@@]2(C)[C@@H](C1)C[C@@H](N1CCC[C@@H](N)C1)[C@@H]2Oc1ccc(C#N)cc1,0,5,0.14703151957378702,3918
Cc1cccnc1CN1CCC2(CC1)C(=O)N(c1ccc(-c3ccccc3)cc1)C(=O)N2c1cc(O)ncn1,1,2,0.48429359192321975,56
O=C(NCC1CCOCC1)c1n[nH]c2ccc(-c3cnccc3CN3CCOCC3)cc12,0,3,0.08219523966277,3919
Cn1nc(C(O)c2ccc(F)c(-c3ncnc4cc(N5CCOCC5)ccc34)c2F)ccc1=O,0,1,0.03159258531084616,130
Nc1ccccc1NC(=O)/C=C/c1ccc([C@H]2CN(CCO)C[C@@H]2C(=O)Nc2ccc(Cl)cc2)cc1,0,10,0.20401944018429363,3920
Cc1cc(-c2ccc3c(c2)CCN(CCCSc2nnc(-c4ccc(C(F)(F)F)cc4)n2C)CC3)n(C)n1,1,9,0.974390035345876,2376
Cc1cc(OC(F)(F)F)ccc1-c1c(Oc2ccc(/C=C/C(=O)O)cc2)c2ccc(O)cc2oc1=O,0,9,0.15126982589285418,1615
COc1ccc(CCN(C)CCCC(C#N)(c2ccc(OC)c(OC)c2)C(C)C)cc1OC,1,1,0.691489670212486,3921
COc1cnc2c(-c3nc4cc(F)c5c(c4s3)C[C@H](COC(=O)Nc3cnc(C)nc3)O5)cc(C)cc2n1,0,5,0.17825150613359164,3922
C[C@@H]1Cc2c([nH]c3ccccc23)[C@@H](c2c(F)ccc(OCCNCCCF)c2C(F)F)N1C[C@H](C)C(=O)O,0,7,0.036811529406352954,477
CC1CN(Cc2ccc3c(-c4cnn(C)c4)cc(C(N)=O)nc3c2)CCO1,0,8,0.05608693342784186,716
O=c1cc(NC2CCN(Cc3ccc4ccccc4c3)CC2)c2cc(Cl)ccc2n1Cc1ccccn1,1,1,0.7771796058179894,3923
Nc1nc2ccc(SCc3ccc(C(=O)NCc4ccccc4)cc3)cc2s1,0,10,0.15213737271499728,3924
O=C(C1CCN(c2cc(C(F)(F)F)ncn2)CC1)N1CC[C@H](N[C@H]2CC[C@@](O)(c3ccc(-c4ncccn4)cn3)CC2)C1,0,7,0.08110499208931628,3925
O=c1[nH]c2ccccc2n1C1CCN(C2CCOCC2)CC1,0,6,0.12313479836901704,3926
COc1ccc2nccc(OC[C@@H]3CC[C@@H](NC(=O)c4cc(F)c(Cl)c(F)c4)CO3)c2n1,0,1,0.09437785617150486,3021
CN1CCN(c2cnc3cc(C(F)(F)F)cc(NCc4cccc5nonc45)c3c2)CC1,1,1,0.5096272338903759,3927
NC(=O)c1cnc(N[C@H](C2CC2)C(F)(F)F)c2c1[nH]c1cc(-c3cnc(N)nc3)ccc12,0,3,0.5721825547196007,3928
CC1(C(=O)N2CCO[C@@H](c3nc(-c4ccc(C(=O)Nc5cc(C(F)(F)F)ccn5)cc4F)c4c(N)nccn34)C2)CCC1,0,8,0.2136763894164593,3929
Nc1ncc(-c2nc(N3CCOCC3)c3ncn(CCCCCCC(=O)NO)c3n2)cn1,0,9,0.04300814890529276,415
CCOC(=O)C1=C(CN2CCOCC2)NC(c2nccs2)=NC1c1ccc(Cl)cc1Cl,1,2,0.3292520475992824,754
Cc1cccn(-c2ccc(-c3ccc4c(C(=O)NCC5CC5)n[nH]c4c3)c(Cl)c2)c1=O,0,5,0.20114537929678575,3930
CC(C)N(C)[C@@H]1CC[C@H](N2CC[C@H](NC(=O)c3cccc(C(F)(F)F)c3)C2=O)[C@H](CS(=O)(=O)C(C)C)C1,0,5,0.011504789852635644,934
CCS(=O)(=O)N1CC(CC#N)(n2cc(-c3c(Cl)cnc4[nH]ccc34)cn2)C1,0,4,0.053765576524630314,771
COC(=O)C1CCN(C(=O)c2ccc(CS(=O)(=O)c3ccc4nc(N)sc4c3)cc2)CC1,0,6,0.08375263786618435,3931
Cc1cccc(-c2ccc(/C=C/[C@@H]3[C@@H]4[C@@H](C)OC(=O)[C@]4(C(N)=O)CC(F)(F)[C@H]3C)nc2)c1F,0,7,0.06761411269876665,277
CCC(=O)CCCCC[C@H](NC(=O)[C@H]1CC12CCN(C)CC2)c1ncc(-c2cnc3ccccc3c2)[nH]1,0,10,0.055872497254543865,3932
CNC[C@@H](c1ccc2ccccc2c1)[C@H](O)c1ccccc1F,0,5,0.10768191348503038,590
CCOP(C)(=O)c1ccc(Nc2cc(Oc3ccc(NC(=O)Nc4cc(C(C)(C)C)cc(NS(C)(=O)=O)c4OC)c4ccccc34)ccn2)cc1OC,0,7,0.13102995961079966,69
N[C@@H]1COCC12CCN(c1cnc3c(-c4cccc(Cl)c4Cl)n[nH]c3n1)CC2,1,9,0.6268517408809984,1794
C[C@@H](n1cc(-c2cncc(N(C)C)c2)nn1)n1ccc(N2CCC[C@@H](NCC3CC3)C2)cc1=O,0,7,0.2062230109017181,3933
N#Cc1cccc2c1CC1(CCN(c3cnc4c(N5CCCc6ncccc65)n[nH]c4n3)CC1)[C@@H]2N,1,5,0.8551221302395815,1307
O=C(O)c1cccc(-c2c[nH]c([C@H]3Cc4c([nH]c5ccccc45)[C@@H](C4CCOCC4)N3)n2)c1,1,3,0.6469952005074445,535
C[C@@H](NC(=O)c1ccc(F)cc1)c1ccc2c(n1)CCCN2C(=O)c1cccc(Cl)c1,0,9,0.36909379559499605,3934
CN1C(=O)C=C[C@]2(C)[C@H]3CC[C@]4(C)[C@@H](O)/C(=C/c5ccncc5)C[C@H]4[C@@H]3CC[C@@H]12,1,1,0.5838427174954087,3935
Cc1nccn1CC(=O)N1CCC2(CC1)COC1c3ccc(Br)cc3OC(C)(C)C1C2,1,8,0.5106076516869799,2495
CN1CCC(COCc2cc(C(F)(F)F)ccn2)(c2ccc(F)cc2)CC1,0,2,0.20611179179088396,214
O[C@H]1C[C@H](CN2CCC(c3c(Cl)cccc3Cl)CC2)CCc2cccnc21,1,3,0.32182751407408916,48
Cc1cn(C2=CCC3C4CC=C5C[C@@H](NC(=O)c6ccncc6F)CC[C@]5(C)C4CC[C@]23C)cn1,0,7,0.1734602289717633,2397
CC(C)(O)c1cnc(-c2nn(-c3ccc(F)cc3)cc2Sc2ccc(Cl)cc2)cn1,1,10,0.30734554040675843,3936
CCc1nnc([C@H]2[C@@H]3CN(C(=O)c4ccc(C[C@@H]5CC[C@H]([C@H](O)c6ccccc6)N5)cc4)C[C@@H]32)o1,0,2,0.10839669423221297,3937
CC(C)(C)CC(C)(C)c1ccc(OCCOCC[N+](C)(C)Cc2ccccc2)cc1,1,9,0.6690983587317495,3938
O=C(COc1ccc(C(=O)c2cc(Cl)ccc2Br)cc1)Nc1ccnc(C(=O)NCC2CC2)c1,1,8,0.822786144425789,3939
CNC[C@H](c1ccc2ccccc2c1)[C@H](OCC(=O)N1CCCC1)c1ccccc1,0,9,0.12190510740739427,3902
O=C(c1cc(F)cc(F)c1)N1CCN(c2ccc(OCCCN3CCCCC3)cc2)C(=O)C1,0,9,0.08129620484761448,1641
Cc1c(CN2CCOCC2)cc(-c2ccc(C(F)(F)F)cc2)n1-c1ccc(F)cc1,0,8,0.4359482111075395,3940
C[C@H](O)CN(CCc1ccc(Cl)cc1)C1CCN(c2nc(N)n[nH]2)CC1,0,2,0.20660754551121294,2916
CC1(C)CC(Cc2ccc(-c3ccc(-c4cn[nH]c4)cc3O)nn2)CC(C)(C)N1,0,4,0.3264180936035378,3941
CC(C)c1ccc(S(=O)(=O)Nc2ccc([C@]34CNC[C@H]3C4)cc2)cc1,1,2,0.46216505539596786,733
C[C@@H]1OCC2(CCN(c3cnc4c(-c5cccc(Cl)c5Cl)c[nH]c4n3)CC2)[C@@H]1N,1,4,0.5796031170049085,3942
CCOc1ccc([C@H]2CC(=O)c3cc(OC)c(OC)c(OC)c32)cc1F,0,4,0.29189751848958034,3318
CNC(=O)c1nnc2ccc(-c3ccc(OCCCN(C)C)nc3)cc2c1N[C@@H](C)C1CCOCC1,0,9,0.1298600363382817,3943
O=C(c1ccc2cc(Oc3ccc(C(F)(F)F)cn3)ccc2n1)N1CC(F)(F)C1,0,2,0.038574055176926365,3944
Cc1nc(CN2CCC[C@H]2c2ncccc2C)cc(N2CCN(C)CC2)n1,0,1,0.2719020021786293,3945
c1cc(-c2ccc3c(c2)OCO3)ccc1OCCCN1CCCCC1,1,4,0.8642725516304349,3946
COc1cc(OC)c(/C=C/S(=O)(=O)Cc2cnc(OC)c(N)c2)c(OC)c1,0,1,0.09447137105542217,1689
OC(c1ccc(F)c(-c2ncnc3cc(N4CCOCC4)ccc23)c1)c1ncccc1C(F)(F)F,0,3,0.01741395978718285,1450
CCN(C(=O)c1cc(F)ccc1Oc1cncnc1N1CC2(CCN(C(=O)C34CC5CC(CC3C5)C4)CC2)C1)C(C)C,0,3,0.2077217312143125,3947
Cn1c(=O)ccc2ncc(OCCNC[C@H]3CN(c4cnc5c(n4)NC(=O)CS5)C(=O)O3)nc21,0,5,0.032874399553331116,3948
c1ccc(C2=Nc3ccccc3C2C2CCN(c3ccccc3)CC2)cc1,1,4,0.6084828985715004,3949
CC(=O)N[C@H]1CC[C@H]([C@H](C)[C@H](N)C(=O)N2CC[C@H](F)C2)CC1,0,10,0.04500309503063722,648
Cc1ccc2c(N3CCN(CCc4cccc5c4OCc4nc(C(F)(F)F)cn4-5)CC3)cccc2n1,1,6,0.824541835229539,1691
Cc1ccc(S(=O)(=O)N2Cc3ccc(/C=C/C(=O)NO)cc3C2)cc1,0,2,0.015282788625921721,917
C[C@](N)(CF)c1nc(-c2ccc(OC(F)(F)F)cc2)c[nH]1,0,1,0.17796261211155678,2076
CCNc1ccc(C(F)(F)F)c(Nc2c(CC)cccc2CC)n1,0,10,0.24406433295184907,2004
O=C(NCC1(O)CCCCC1)NC1CCN(Cc2ccn(-c3ccc(C(F)(F)F)cc3)c2)CC1,0,7,0.12770309387350542,3950
CNC[C@H](c1ccc2ccccc2c1)[C@H](O)c1ccc2c(c1)OCCO2,0,3,0.18946683571444764,3951
O=C(O)C1=CCCN(C2CC[C@]3(Cc4ccccc4Cc4ccccc43)C2)C1,0,1,0.18958413653157155,3952
COc1cc2c(c(N3CCN(C)CC3)c1)O[C@@H](C(=O)Nc1ccc(N3CCOCC3)cc1)CC2,0,7,0.21899884578668677,3953
CC(=O)N1CCc2nc(OCc3c(C)nnn3-c3ccc(F)cc3)ccc2C1,0,9,0.0893650354971239,3954
Cc1n[nH]c(C)c1CCn1cc(-c2ccc(F)c(C(F)F)c2)cn1,1,10,0.820490426910681,845
NC(=O)c1cccc(C[C@@H]2C[C@H]3CC[C@@H](C2)N3Cc2ccccc2)c1,1,7,0.6164838472690645,3955
COc1ccc(-c2ccc(C(=O)O)cc2C)cc1-c1cnc(N(C)C)nc1CN1C(=O)O[C@H](c2cccc(Cl)c2)[C@@H]1C,0,7,0.09174934926298416,1155
Cc1cc(-n2cnc3ccc(N[C@@H](C)c4ncc(F)cn4)nc32)n[nH]1,0,2,0.06275732312293109,3956
CC(C)S(=O)(=O)N[C@H]1CN(c2ccccc2)C[C@@H]1c1ccc(-c2ccc(C#N)cc2)cc1,1,6,0.48909098979301946,3957
CC(=O)N1CCC(c2[nH]nc(-c3ccc(F)cc3)c2-c2ccncc2)CC1,1,5,0.15725456230263138,3958
CC(C)NC(=O)NS(=O)(=O)c1ccc(OCCN2CCCC2)cc1,0,2,0.027227239153951626,3226
CNS(=O)(=O)CCNC(=O)[C@H]1CN(C2CCN(c3nnc(N)[nH]3)CC2)[C@@H](Cc2ccc(Cl)cc2)CO1,0,9,0.06216297278352804,523
Nc1nc(NC2CCOCC2)c2sc(-c3ccc(C(F)(F)F)cc3)cc2n1,1,6,0.4731009795904807,3959
CNc1nc(Nc2cnc(C#N)c(O[C@@H]3CCCNC3)c2)ncc1-c1cnn(C)c1,0,7,0.14373395852220588,3960
CN1C[C@@H]2C[C@H]1CN2c1ccc(-c2ccc3sccc3c2)nn1,1,4,0.8805867717948257,3961
COc1nnccc1C(O)c1ccc(F)c(-c2ncnc3cc(N4CCOCC4)ccc23)c1,0,7,0.005788070172610014,2479
CCOC[C@]12Cc3cnn(-c4ccc(F)cc4)c3C=C1CCN(S(=O)(=O)c1ccc(C(F)(F)F)cc1)C2,1,4,0.34983661790140835,3962
Nc1cc(CN2CCC(N(C(=O)NCc3ccc(F)cc3)c3ccc(Cl)cc3)CC2)ccn1,1,7,0.3449222755140429,3963
Cc1nc2ncc(Oc3ccc(Cl)cc3F)nc2c(=O)n1C[C@H]1CCCN(C(C)C)C1,0,4,0.4399339947595278,3164
CC#CCn1c(N2CCCNCC2)c(C#N)c2c1c(=O)n(Cc1ncc3ccccc3c1C#N)c(=O)n2C,0,3,0.21686695063558445,3964
CN1CCN(c2ccc(C(=O)Nc3cc(-c4ccncc4)ccc3N)cn2)CC1,0,4,0.09117117366823566,3965
COC(=O)c1ccc2c(c1)nc(NC1CCN(CCc3ccc(-c4nc(C)no4)cc3)CC1)n2C,1,6,0.4697902072665484,999
Cc1cccnc1-n1cc(CN2CCC3(CC2)OCc2ccccc23)c(C)n1,0,5,0.5733117956999463,3966
Cn1cnc2c(C(O)c3cc(-c4ncnc5cc(N6CCOCC6)ccc45)ccc3Cl)ncnc21,0,10,0.008540048808619275,2454
CN1CCCCC1CCN1c2ccccc2Sc2ccc([S+](C)[O-])cc21,1,8,0.6073504329942019,2426
CCS(=O)(=O)N1CC(C(C)C#N)(n2cc(-c3c(C#N)cnc4[nH]ccc34)cn2)C1,0,7,0.041715584919435514,771
CC(C)(C)OC(=O)NCCCN(Cc1cncn1Cc1ccc(C#N)cc1)[C@H]1CCN(Cc2ccccc2)C1=O,1,4,0.39023892603411403,10
CNC(=O)c1cnc(Nc2ccc(N3CCOCC3)cn2)cc1Nc1ccccc1S(C)(=O)=O,0,5,0.08193498759159137,3967
C[C@@H]1Cc2c(ccc3[nH]ncc23)[C@@H](c2ccc(N[C@H]3CCN(CCCF)C3)cn2)N1CC(F)(F)F,0,9,0.8894499066989029,3968
Fc1ccc(C(c2ccc(F)cc2)N2CCN(C/C=C/c3ccccc3)CC2)cc1,1,2,0.5496584218639347,3969
CCNC(=O)c1ccc2c([C@H]3CCN(CC4(O)CCOCC4)C[C@@H]3C)c(C)nn2c1,0,8,0.12311377330276452,3970
CCOC(=O)CNc1cc(N2CCOCC2)cc(CCc2nc(C)c(CC)o2)n1,1,10,0.3559076610565837,1241
Cc1cc(C)c(-c2cn(C)cn2)cc1NC(=O)c1ccc(OCc2ccccn2)cc1,0,9,0.2151775794836744,3971
COc1ccc(C2(c3cccc(-c4cncnc4)c3)N=C(N)c3c(F)cccc32)cc1,1,3,0.12799084688815204,3972
C[C@@H](N)c1cc(Cl)ccc1Cn1c(=S)[nH]c(=O)c2[nH]cnc21,0,3,0.11326682860798641,3973
Cc1c(OCCNCCC(F)F)ccc(F)c1[C@@H]1c2[nH]c3ccc(F)cc3c2C[C@@H](C)N1C[C@@H](C)C(=O)O,0,3,0.1389678489495323,477
CCN(C(=O)c1cc(F)ccc1Oc1nnccc1N1CC2(CCN(CC3(C)CC3)CC2)C1)C(C)C,0,1,0.21665392262760033,3974
Nc1nnc(N2CCC(N3Cc4cncn4C[C@@H]3Cc3ccc(C(F)(F)F)cc3)CC2)[nH]1,0,2,0.10710590377088394,3975
O=C(CNc1nccc2ncc(C(F)(F)F)cc12)NC1CN([C@H]2CC[C@@](O)(c3cncs3)CC2)C1,0,7,0.043473729456810405,3976
Oc1cc(NC2CCN(Cc3ccc4c(c3)OCO4)CC2)c2cc(Cl)ccc2n1,1,10,0.7148263313894054,3977
NCC[C@@H]1Cc2ccccc2[C@H](c2ccc(Cl)c(Cl)c2)C1,0,4,0.4671310540320396,3978
COc1ccc(CCN2CCN(CCc3ccc([N+](=O)[O-])cc3)CC2)cc1,1,8,0.9258378964889176,210
CN(C/C=C/c1ccc(F)cc1C(F)(F)F)Cc1ccc2c(c1)OCO2,1,8,0.5429710727000719,3979
CN1CCN(c2ccc(NC(=O)c3cc(N(C)Cc4ccc(C(F)(F)F)cc4)ncn3)cc2)CC1,1,2,0.3275143313847491,3980
CCNC(=O)c1ccc2c(C3CCN(CC4(O)CCCCC4)CC3)c(-c3cccn(C)c3=O)nn2c1,0,3,0.13917571868342798,3981
Cn1cc(-c2cc(F)cc(S(=O)(=O)c3cnc(CN)s3)c2)cn1,0,8,0.08196875314771118,3982
COc1cnc2ccc(=O)n(CCN3CCN(c4nc5cc(C#N)c(C)cc5[nH]4)CC3)c2c1,0,4,0.19355621372351578,1769
Cc1ncc(-c2ccnc(Nc3ccc(N4CCN(C(=O)CN(C)C)CC4)cc3)n2)n1C(C)C,0,3,0.07918951666552042,1903
O=S(=O)(Nc1cncc(C(F)(F)F)c1)c1ccccc1C(F)(F)F,0,10,0.17065610163408995,3481
CC(NC(C)(C)C)C(=O)c1cccc(Cl)c1,0,3,0.2286386042758624,156
O=c1[nH]ccc2cc(O[C@H]3CCCNC3)ccc12,0,9,0.09128876867894328,3983
FC(F)(F)Oc1ccc(-c2c[nH]c([C@H]3Cc4c([nH]c5ccccc45)[C@@H](C4CCOCC4)N3)n2)cc1,1,3,0.9678108824877311,535
C[C@H](CCc1ccc(Cl)cc1)NCc1ccc(C(F)(F)F)cc1,1,7,0.7199209964894369,3984
CC1(Cn2cc(-c3ccncc3)c3ccncc32)COC1,0,9,0.2002868617496995,3985
CC(CCc1ccc(Cl)c(Cl)c1)N1Cc2ccc3ccccc3c2C1,0,2,0.5532580351979118,3986
Cc1onc(-c2c(Cl)cccc2Cl)c1CC(=O)NCc1ccc(OCC(F)(F)F)nc1,0,5,0.21272813611510527,3987
Cc1c([C@@H](O)CN2CCC3(CC2)CCN(c2ccn(C)c(=O)c2)C3=O)ccc2c1COC2=O,0,10,0.05260942843427808,3988
CC(C)[C@@H]1c2nc(-c3ccc(F)cc3)c(Nc3ccc(F)c(Cl)c3)n2CCN1C(=O)CN,0,3,0.26492665214772343,585
Cc1cnc(COc2nc(N)nc3ccn(Cc4ccccn4)c23)o1,0,9,0.16407491403923521,3989
CCN(Cc1cccc(OCc2noc(-c3ccccc3F)n2)c1)C1CCN(C2CC(C)C(C)C2)C1,1,9,0.5563376670270959,3990
O=c1oc2cc(O)ccc2c2oc3ccc(O)c(CN4CCCCC4)c3c12,1,3,0.34740808875429063,3991
N[C@H]1Cn2c(nc3cnccc32)C[C@@H]1c1cc(F)c(F)cc1F,0,10,0.10607712127959769,2647
Cc1cc(Cn2cc(-c3ccc(F)c(C(F)F)c3)cn2)n(C)n1,1,8,0.9572825392632711,434
CC(C)(F)[C@H]1CN(C2CCN(c3nnc(N)[nH]3)CC2)[C@@H](Cc2ccc(Cl)cc2)CO1,0,1,0.049506271984348024,523
O[C@H](c1ccc(F)c(-c2ncnc3cc(N4CCOCC4)ccc23)c1)c1nccnc1Cl,0,3,0.0008380896088463645,247
CN(C)CCC(c1ccc(Cl)cc1)c1ccccn1,0,10,0.37339051191128797,3992
COc1ccccc1[C@]12CO[C@@H](C)C[C@H]1CSC(N)=N2,0,2,0.11843380279020135,579
COc1cc(CNCCN(C)C)ccc1-c1cc2c(N[C@H](CO)c3ccccc3)ncnc2[nH]1,0,8,0.17120831978408754,1131
O=C(C1CCN(c2nccc(C(F)(F)F)n2)CC1)N1CC[C@H](N[C@H]2CC[C@@](O)(c3ccc(-c4ncccn4)cn3)CC2)C1,0,8,0.0518003853843264,3993
Cc1c(-c2ccccc2)oc2c(C(=O)OCCN3CCCCC3)cccc2c1=O,0,6,0.4574430919386124,3994
CN(C)Cc1cn(-c2ccc(F)cc2)c2ccc(Cl)cc12,1,3,0.5930558069507276,1554
CC1(CN)CCN(c2cnc(Sc3ccnc(N)c3Cl)c(N)n2)CC1,0,3,0.10237512623989015,3995
COc1cc(CC(=O)OCc2c(OC(C)C)ccc3c(C)c(Cc4ccccc4)c(=O)oc23)cc(OC)c1OC,0,2,0.26309878538485604,3996
O=C(/C=C/c1ccc2c(c1)CN(S(=O)(=O)C1CC1)C2)NO,0,2,0.022917040550068338,3997
CCC(=O)CCCCC[C@H](NC(=O)[C@H]1CC12CCN(CC)CC2)c1ncc(-c2cc3cccnc3nc2OC)o1,0,7,0.05926945071555104,3998
O=C1Nc2c(cccc2-c2ccc(NC3CCOCC3)cc2)/C1=C/c1ccnc2ccccc12,0,1,0.3310075574177873,3999
CCN1C[C@@H]2C[C@@H](NC3CCOCC3OC)C[C@]2(C(=O)N2CCc3ncc(C(F)(F)F)cc3C2)C1,0,4,0.04830974506996517,182
C[C@H](CN)n1nnc(-c2ccc(Oc3ccc(Cl)cc3)cc2)n1,0,8,0.31329603972176767,225
NC(=O)c1cnc(-c2ccc(NCC3(c4ncccc4F)CCC3)nn2)s1,0,3,0.08779562827901033,4000
Clc1cnc(N2CCC([C@H]3C[C@H]3CCOc3ccc(-n4ccnn4)cn3)CC2)nc1,0,10,0.21179325835763937,4001
COc1ccc([C@H]2CN(CCc3ccc(OC)c(OC)c3)C[C@@H]2Cc2nc3ccc(Cl)cc3[nH]2)cc1,1,3,0.8549157891428448,4002
OC(c1cc(-c2ncnc3cc(N4CCOCC4)ccc23)ccc1F)c1nccn2ccnc12,0,9,0.014293021304462833,4003
O=C(O)C1CN(Cc2ccc(-c3cc4cc(Cc5ccccc5)ccc4o3)c(F)c2)C1,0,4,0.3554304313693827,4004
CC1(CN2CCC3(CC2)CN(c2ncnnc2Oc2ccc(F)cc2C(=O)N2CCOCC2)C3)CC1,0,2,0.14500657822143476,4005
COc1cc(Nc2ncc3c(=O)n(-c4c(Cl)cccc4Cl)ccc3n2)ccc1N1CCN(C)CC1,1,5,0.6756989041362085,2782
N#Cc1cc(OC2CNC2)cc2c1CC(CNCCC1CN(c3ccc4c(n3)NC(=O)CO4)C(=O)O1)C2,0,7,0.19297271720319784,4006
CO[C@H]1COCC[C@H]1N[C@@H]1C[C@H]2CCC[C@@]2(C(=O)N2CCc3ncc(C(F)(F)F)cc3C2)C1,0,8,0.0023030226517259085,685
c1ccc(Cc2cc3c(s2)CCN2Cc4ccccc4CC32)cc1,0,9,0.5414370069296727,4007
COc1cnc2ccc(=O)n(CCN3CC[C@H](NCc4ccc5c(n4)NC(=O)CO5)[C@H](F)C3)c2c1,0,2,0.03425353663335266,157
CC(C)c1nc(-c2cnc(N)c(OC(F)(F)F)c2)cn1C12CC(N3CCOCC3)(C1)C2,0,4,0.08990254794016003,4008
Cc1cc(-c2ccc3c(c2)CCN(CCCSc2nnc(C4CCC(C)CC4)n2C)CC3)no1,1,6,0.9245885057903549,4009
COc1ncc2cc1NS(=O)(=O)c1cccc(c1)C(=O)NCc1ccc(F)c(c1)-c1ccnc3ccc-2cc13,0,1,0.06966503069748038,141
Cc1ccc(-n2c(-c3ncccc3Cl)nc(CN[C@H]3CC[C@@H](F)C3)c2C)cn1,0,2,0.10738006841898957,2875
CN1CCC(COCc2cc(C(F)(F)F)cc(C3(F)CC3)n2)(c2ccccc2)CC1,0,10,0.08808961246040999,1123
Fc1cccc(-c2ccn3c(CC4CC4(F)F)nnc3c2Cl)c1,0,8,0.24987605702165258,705
CN(C)C1(CNC(=O)N2CCC(c3nc(-c4ccc5ccccc5n4)no3)CC2)CCCC1,0,5,0.1109745590079112,693
COc1cccc(-c2cccc(C3(C)N=C(N)CN3C(C)=O)c2)c1,0,8,0.18709199460628553,4010
COc1ccc2c(c1)N(CCN1CCC(NCc3cc4c(cn3)OCCO4)CC1)C(=O)CO2,0,4,0.06194084074258388,1215
Nc1n[nH]c(N2CCC(N(CCc3ccc(Cl)cc3)CC3CCCCO3)CC2)n1,0,6,0.2833681724146924,4011
CCOC(=O)C1=C(CN2CCN3C(=O)N(CC(C)(C)C(=O)O)C[C@@H]3C2)NC(c2nccs2)=N[C@H]1c1cccc(F)c1Cl,0,5,0.1293377755190838,2390
O=C1COc2ccc(CNC34CCC(CCc5c(F)cnc6ccc(OCC(CO)CO)nc56)(CC3)OC4)nc2N1,0,7,0.4732655155003996,265
Cc1ccc(Cn2c(CSc3c(C)cc(C)cc3C)c(C(=O)N3CCC(N4CCOCC4)CC3)c3cc(O)c(Br)cc32)cc1,0,10,0.22474129164317844,4012
COC1COCCC1N[C@@H]1C[C@H]2CN(C(=O)Oc3ccccc3)C[C@@]2(C(=O)N2CCc3ncc(C(F)(F)F)cc3C2)C1,0,4,0.02869284409397081,4013
CCO/N=C/c1ccc(OCCC(C)CCN2CCN(c3ccnc(N)c3)C2=O)cc1,1,10,0.34530923252261375,4014
Cc1c2c(n3c1CCCNC(=O)[C@H](C)Nc1cc-3ccc1C(N)=O)CC(C)(C)CC2=O,0,4,0.240737578309559,4015
Cc1ccccc1C1CCN(C[C@@H]2CCc3c(C)cccc3[C@@H](O)C2)CC1,1,2,0.5810998653148034,4016
O=C(Cc1cccc(OCCCC2CCNCC2)c1)Nc1nc(-c2c[nH]c3nccc(F)c23)cs1,0,10,0.15228611513580292,2973
O=C(CCc1ccccn1)N[C@H]1CC[C@H](c2ccc(O)cc2)CC1,0,9,0.10755034834534286,4017
OC(c1cc(-c2ncnc3cc(N4CCOCC4)ccc23)c(F)cc1Cl)c1nccn2ccnc12,0,7,0.0037672869236346634,4003
CCc1sc(-c2cn(CC3CCOCC3)c3c(Cl)cccc23)nc1CN(C)CCO,1,9,0.7239390434400749,519
Cc1cccc(CCN2CCC(C(=O)c3ccc(NS(C)(=O)=O)cc3)CC2)n1,1,4,0.41015342493909124,4018
Cc1ncoc1-c1nnc(SCCCN2CC3CC3(c3ccc(OC(F)(F)F)cc3)C2)n1C,1,4,0.98844775566167,1737
COc1ncc(-c2ccc3cc(CCN4CCC[C@H]4C)ccc3n2)cn1,0,5,0.3384876615409145,1901
OC(c1ccc(F)c(-c2ncnc3cc(N4CCOCC4)ccc23)c1)c1nccnc1C(F)(F)F,0,9,0.010143281068144303,247
OC(c1ccc(OC2COC2)nn1)c1cc(-c2ncnc3cc(N4CCOCC4)ccc23)c(F)cc1Cl,0,7,0.016578435837913724,4019
CN([C@H]1c2cc(OCCCC(F)(F)F)ccc2OC(C)(C)[C@@H]1O)S(C)(=O)=O,0,9,0.22856475772971352,4020
FC(F)(F)c1cccc(Cn2ccc3c(OC4CCN(Cc5cscn5)CC4)ncnc32)c1,1,3,0.9097942433987335,456
Cc1c([C@@H](O)CN2CCN(CC(O)c3cc(C4CC4)c(C#N)cn3)CC2)ccc2c1COC2=O,0,4,0.08123790987347738,4021
Cc1nc(-c2nnc3n2CCN(C(=O)c2ccc(-c4cccs4)cc2)C3)cs1,0,9,0.08807630764451463,614
O=C(O)c1cc(-c2ccc(C34CCN(CC3)CC4)cc2)c2ccc(-c3ccc(C(F)(F)F)cc3)cc2c1,0,9,0.2580768944162198,4022
CC(=O)Nc1cc(Nc2cc(NC3CC3)n3ncc(C#N)c3n2)cnc1C,0,2,0.03827486321103401,4023
CCc1oc(CCc2cc(N3CCOCC3)cc(NC)n2)nc1C,1,1,0.6973959393412991,1241
Cc1ncoc1-c1nnc(SCCCN2CCC3(CCc4cc(Br)ccc43)C2)n1C,1,4,0.9632332363083272,1678
CC(C)Oc1ccc(F)cc1-c1ccc(N2C[C@@H](CNC(=O)c3ccc(-c4nc5cc(C#N)cc(C(C)C)c5o4)cc3)OC2=O)nc1,0,6,0.2175716233849764,148
Cc1nnn(Cc2cc(Cl)ccc2/C=C/C(=O)N2CCN(Cc3coc(C)n3)CC2)n1,0,3,0.10152590738744252,4024
COc1ccc2c(c1)[C@@H]1C[C@]1(C(=O)N1C3CC1CN(C)C3)Cn1c-2c(C2CCCCC2)c2ccc(C(=O)NS(=O)(=O)N(C)C)cc21,0,4,0.059564988542174256,3649
Cc1ccnc2c3c(nn12)CN([C@H]1CO[C@H](c2cc(F)ccc2F)[C@@H](N)C1)C3,0,3,0.11929958610048817,3511
c1cnc2c(c1)CN[C@@H](CN(CCCCN1CCOCC1)[C@H]1CCCc3cccnc31)C2,0,8,0.29495499234245637,4025
CN[C@@H](C)C(=O)N[C@@H]1C(=O)N(Cc2c(C)ccc3ccccc23)c2ccc(C#N)cc2N(C(C)=O)[C@H]1C,0,1,0.21445997548550608,1733
O=C(/C=C/c1ccc2c(c1)CN(S(=O)(=O)c1cccs1)C2)NO,0,2,0.06092559866578052,4026
Nc1nnc(N2CCC(N3C[C@H](Cn4cncn4)OC[C@@H]3Cc3ccc(Cl)cc3)CC2)[nH]1,0,3,0.028457321067692387,4027
Cc1ccc([C@H]2CC[C@@H](N3CC(NC(=O)CNc4n[nH]c5ccc(C(F)(F)F)cc45)C3)CC2)cn1,0,10,0.17716801609601338,449
COc1c(N2CC[C@@H](CNCCC#N)C2)ccc2c(=O)c(C(=O)O)cn(C3CC3)c12,0,2,0.05609094790337276,280
C[C@@H](NCc1cc([C@]2(C)CCSC(N)=N2)c(F)cc1F)C(F)(F)F,0,3,0.08169052486611111,962
CCN(C(=O)Cc1ccc(S(C)(=O)=O)cc1)C1CCN(CC[C@@H](c2cccc(OC)c2)C2CCN(S(C)(=O)=O)CC2)CC1,0,1,0.11985054305962976,871
OC(c1cc(-c2ncnc3cc(N4CCOCC4)ccc23)ccc1Cl)c1nccn2ccnc12,0,2,0.017569302738771494,4003
C[C@H]1CN(C2CCN(c3nc(N)n[nH]3)CC2)[C@@H](Cc2ccc(Cl)cc2)CO1,0,6,0.11626804010235965,673
c1ccc([C@@H]2OCCNC[C@H]2c2ccc3ccccc3c2)cc1,0,3,0.5001442569943519,4028
Nc1ccc(-c2cccc(F)c2)cc1NC(=O)c1ccc(CN2CCC3(CCCN3)CC2)cc1,1,6,0.6152765309653334,1835
COc1cc(-c2cn(Cc3ccc(C(C)(C)C)cc3)nn2)ccc1-n1cnc(C)c1,1,7,0.7535443195989069,3421
NC(C(=O)N[C@@](Cc1ccccc1)(c1cc(F)cc(OC(F)(F)C(F)F)c1)c1ccc(F)c(OC2CC2)c1)C(O)(C(F)(F)F)C(F)(F)F,0,7,0.20515659036171358,4029
Cc1c([C@@H](O)CN2CCC3(CC2)CCN(C2=CC(=O)OC2)C3=O)ccc2c1COC2=O,0,4,0.05301080106430446,1462
COC(=O)[C@H](N)CNC(=O)c1cc2nccc(C)c2s1,0,5,0.05886462857315228,3656
O=C(O)c1cccc(N2CCC(CN3CCC(Oc4ccc(Cl)c(Cl)c4)CC3)CC2)c1,0,2,0.10848914761757864,692
C[C@@H](NC(=O)c1nc(-c2cc(C(F)(F)F)ccn2)nc(O)c1O)C1CCCCC1,0,3,0.08103038584896399,3108
O=C(CCCCCc1ccccc1)N[C@H]1CC[C@H](O)CC1,0,10,0.27259065296254337,4030
CN(C)CCN(C)C1CCN(c2nc3ccccc3n2Cc2ccc(F)cc2)CC1,1,7,0.9139684674478773,286
N#Cc1cnc(N2CCC(Nc3c(C(N)=O)cnc4[nH]ccc34)CC2)cn1,0,10,0.09354147794842926,4031
C=CC(=O)Nc1cc(Nc2ncc(Cl)c(-c3c[nH]c4ccccc34)n2)c(OC)cc1N(C)CCN(C)C,0,1,0.1313093491473384,1136
COc1cncc(-n2c(=O)[nH]/c(=N\c3cc4cn(C)nc4cc3Cl)n(Cc3cc(Cl)c(F)cc3Oc3ccc(F)cc3)c2=O)c1,0,4,0.11379429530128995,4032
CN[C@@H](C)[C@@H]1CCN(c2c(F)cc3c(=O)c(C(=O)O)cn(C4CC4)c3c2OC)C1,0,4,0.02642238226605693,280
O=C1COc2ccc(CN[C@@H]3CCN(CCn4c(=O)ccc5ncc(Oc6cccnc6)cc54)C[C@@H]3F)nc2N1,0,8,0.05479302052983037,3502
Cc1cc(-n2cc(Cn3ccnc3C)nn2)ccc1F,1,10,0.9471099426707644,23
O=c1cc(-c2ccc(O)cc2)oc2ccc(O)c(CN3CCCCC3)c12,1,2,0.252980153157592,4033
COc1cc(OC)c(/C=C/S(=O)(=O)Cc2ccc(OC)c(N)n2)c(OC)c1,0,4,0.09481133922810774,4034
COc1cc(Nc2cc(Oc3ccc(NC(=O)Nc4cc(C(C)(C)C)cc(NS(C)(=O)=O)c4OC)c4ccccc34)ccn2)ccc1P(C)(=O)O,0,3,0.10321685577105551,69
CNC(=O)CC[C@@H](CO)N(C)C(=O)c1ccc2c(c1)c1c(n2C)CC[C@@H](C2CCOCC2)C1,0,5,0.0485873400848874,1555
CNC(=O)c1ccc(N2CCN(Cc3ccc4nc(CCF)c(=O)[nH]c4c3)CC2)c(F)n1,0,9,0.04077957168672625,891
CCc1nc2cc3c(c(C)c2o1)CCN(CCCSc1nnc(-c2cccc4nc(C)ccc24)n1C)CC3,1,1,0.8532737882173805,803
Nc1nc(-c2ccc(CNC(=O)Cc3ccc(NS(=O)(=O)c4ccccc4)cc3)cc2)c[nH]1,0,6,0.12511783735076074,4035
COc1ncc(-c2ccc3ncnc(-c4cccc(C(=O)N5CCN(C(C)=O)CC5)c4)c3c2)cc1C(F)(F)F,0,2,0.08475328376035772,3200
COc1ccc(C(C(N)=O)c2cc(-c3ncnc4cc(N5CCOCC5)ccc34)c(F)cc2F)nn1,0,8,0.0025380313199105144,465
Cn1c(C(O)c2cc(-c3ncnc4cc(N5CCOCC5)ccc34)c(F)cc2Cl)nccc1=O,0,4,0.007507498830458695,4036
O=C1N(CCN2Cc3ccccc3C2)CCN1c1cc(Cl)ccc1F,0,7,0.776667139590627,2197
CC#C[C@@H](CC(=O)O)c1ccc(OC[C@H]2COc3ccc(Cl)cc3O2)cc1,0,8,0.30215938801178,4037
CCC(=O)CCCCC[C@H](NC(=O)[C@H]1CC12CCN(C)CC2)c1ncc(-c2cc3ccccc3[nH]c2=O)[nH]1,0,1,0.0835581478826532,4038
CCOc1ccc(NC(=O)C(C)C)cc1C(=O)NC(C)c1cccc(NC)c1,0,7,0.180186040672703,942
Cc1ccc(C#Cc2cccc(C#Cc3ccc(C)cc3)[n+]2C)cc1,1,7,0.7701471568094501,1553
COc1ncc2cc1NS(=O)(=O)c1cccc(c1)C(=O)NCC1CCN(CC1)c1ccnc3ccc-2cc13,0,2,0.10208766853332521,4039
O=C(c1ccccc1C(F)(F)F)N(CC1CCC1)[C@H]1CCNC1,0,5,0.06727276821067991,1764
OC(c1ccc2nccn2n1)c1cc(-c2ncnc3cc(N4CCOCC4)ccc23)c(F)cc1Cl,0,1,0.006713237150512578,2008
Fc1ccc(Cn2c([C@H]3CNCCS3)nc3ccccc32)cc1,1,9,0.656326527160412,2778
CNC(=O)c1c(-c2ccc(O)cc2)oc2ccc(O)c(CN3CCC3)c12,0,9,0.060217169970388854,4040
Cn1cc([C@@]2(c3cncc(C(=O)O)c3)N[C@@H](c3nc(-c4ccc(F)cc4)c[nH]3)Cc3c2[nH]c2ccccc32)cn1,0,8,0.29911257355288917,4041
FC(F)(F)c1nc(-c2ccc(CCN3CCC(Nc4nc5cnc(Cl)cc5[nH]4)CC3)cc2)no1,1,7,0.7717390282565315,4042
O=C([C@H]1CNCC[C@]1(OCC(O)CO)c1ccc(F)c(F)c1)N(Cc1cn(Cc2cccc(F)c2)c2cccc(F)c12)C1CC1,1,4,0.6482595440608536,1976
COc1ccc(-c2ccc(NC(=O)Nc3cc(C)ccc3F)cc2)c2c(N)noc12,0,4,0.15403168567847664,3346
O=C(NC1CCN(Cc2ccc3c(c2)OCO3)CC1)c1cc(=O)c2ccc(OC(F)F)cc2o1,1,7,0.7330405836164858,481
C[C@@H]1CCCN1CCc1ccc2nc(-c3c(O)ccnc3C(F)(F)F)ccc2c1,0,1,0.4673261183659427,811
N[C@@H]1CCC=C(c2ccc(F)cc2)[C@H]1COc1cc(F)c(S(=O)(=O)Nc2cscn2)cc1Cl,0,3,0.1724183352662265,4043
CC1(C)C[C@@H](NC(=O)c2ccccc2O)c2cc(-c3ccc(Cl)cc3)c(-c3ccc(Cl)cc3Cl)nc2O1,0,3,0.5916697968645618,4044
CC1(C)C2=C3CC4C5=[N+](CCC4OC3CCN2c2ccc(CC(=O)NCCCCCCN(CCOc3ccc(NS(C)(=O)=O)cc3)CCc3ccc(NS(C)(=O)=O)cc3)cc21)c1ccc(S(=O)(=O)[O-])cc1C5(C)C,1,5,0.7784492108866526,4045
CC(C)C(Cn1ccnc1)NC(=O)NC1CCN(Cc2ccn(-c3ccc(C(F)(F)F)cc3)c2)CC1,0,1,0.13198509874726033,2185
CC(=O)C1=NN2c3cc(F)ccc3OC[C@H]2[C@@]1(CCCN1CCNC(=O)CC1)c1ccccc1,0,8,0.37366256787537133,4046
COc1cc(-c2cn(CC(=O)N(Cc3ccc(F)cc3)C3C4CC5CC(C4)CC3C5)nn2)ccc1-n1cnc(C)c1,1,2,0.6336121093033076,4047
CC(=O)N1CCN(CCOc2ccc(-c3cccc4c(=O)cc(N5CCOCC5)oc34)c3sc4ccccc4c23)CC1,0,4,0.2826180440822579,4048
O=C(NC1CC1)c1ccc(F)cc1OC[C@@H](O)CN1CCC2(CC1)Cc1cc(Cl)ccc1O2,1,5,0.7235404083508749,3683
CCN1CCc2cc(C3=CC4(CCNCC4)Oc4ccccc43)ccc2C1=O,0,2,0.46170250072447666,4049
CCn1nc(Cc2ccc(-c3ccccc3)cc2)cc1C1CCN(C[C@H]2CN([C@@H](C(=O)O)C3CCCCC3)C[C@@H]2c2cccc(F)c2)CC1,1,10,0.21535327750662384,4050
CC(C)N(C)C(=O)c1cc(F)ccc1-n1cc(C2CCN(C(=O)[C@H]3NC4CCC3CC4)CC2)c2ccncc21,0,9,0.3525530501363724,4051
OC(c1ccc(Cl)nn1)c1cc(-c2ncnc3cc(N4CCOCC4)ccc23)c(F)cc1Cl,0,4,0.005011192164482522,465
CCOc1cc(F)ccc1-c1cnc2sc(N3CCC(O)(CN)CC3)nn12,0,5,0.04237166224274051,748
CC(C)N1C(=O)C(NC(=S)SCC(=O)N2CCN(c3ccccn3)CC2)N=C(c2ccccc2)c2ccccc21,0,4,0.26841612045447877,4052
COc1cc(-c2cn(Cc3cc(C(C)(C)C)cc(C(C)(C)C)c3)nn2)ccc1-n1cnc(C)c1,1,6,0.8037295575377834,3421
COc1cc2c(cc1OC)C1Cc3ccc(OC)c(OC)c3C(Cc3ccccc3)N1CC2,0,1,0.6275211815915505,4053
Cc1nccnc1C(C(N)=O)c1ccc(F)c(-c2ncnc3cc(N4CCOCC4)ccc23)c1,0,6,0.002538031319910515,247
C[C@]1(C(=O)O)CC[C@@](C)(c2nc(-c3ccc(C(=O)Nc4cc(C(F)(F)F)ccn4)cc3)c3c(N)nccn23)C1,0,6,0.18824524919699515,963
C[C@@H]1CN(C(=O)c2ccccc2)CCN1C(=O)C(=O)c1c[nH]c2cnccc12,0,2,0.064704071249672,956
Cc1nc(C)n(CC(=O)N2CCN(c3sc(C(F)(F)F)nc3-c3nc4ccc(-c5noc(C)n5)cc4[nH]3)C[C@H]2C)n1,0,5,0.3232417719371088,4054
O=C(O)c1cnc2c(N3CCN(CCc4ccc(OCCCN5CCCCCC5)cc4)CC3)cccc2c1,0,1,0.3410154201828369,272
CCOc1ncc(-c2nc(C(F)(F)F)sc2N2CCN(C(=O)Cn3cccn3)[C@H](C)C2)cn1,0,7,0.3131688405232404,333
COc1ccc([C@H]2CC[C@@H](N3CC(NC(=O)CNc4nn(C)c5ccc(C(F)(F)F)cc45)C3)CC2)cn1,0,6,0.20646854021731242,449
Cc1ccc2c(N3CCN(CCc4cccc(NC(=O)Nc5ccccc5)c4)CC3)cccc2n1,1,3,0.785585317376424,4055
O=C1CCc2cccc(OC[C@@H](O)CN3CCC4(CC3)Cc3cc(Cl)ccc3O4)c2N1,1,4,0.7503057690732452,4056
CCCCCCCc1cccc(CCCCCCC)[n+]1C,1,6,0.9516926749297167,792
O=C(Nc1nccs1)c1cccc2[nH]c(-c3ccc(OC(F)F)c(OCC4CC4)c3)nc12,0,5,0.18508055955618932,4057
Cc1cnc(COc2nc(N)nc3ccn(Cc4ccccn4)c23)s1,0,8,0.18270517307134837,4058
COc1nccc(OCC2(O)CNC2)c1-c1cc(Nc2cnc(C#N)cn2)n[nH]1,0,4,0.27523164391098953,1162
C[C@@H]1CN(c2sc(C(F)(F)F)nc2-c2cnc(OCCN(C)C)nc2)CCN1C(=O)Cn1cnc2cccnc21,0,2,0.19272285809729575,3322
COc1cc(/C=C/c2nc3ccccc3[nH]2)ccc1-n1cnc(C)c1,1,8,0.4742574886797653,4059
Cc1cc(S(=O)(=O)Nc2ccncn2)c(F)cc1O[C@H]1CCCC[C@@H]1c1ccnn1C,0,10,0.020994831883665663,707
COC(=O)[C@@H](N)CCC(=O)Nc1ccc(COC2=C(C#N)[C@H](O)[C@]3(C)C4=CC(=O)[C@@H]5[C@@H]6CC(C)(C)CC[C@]6(C(=O)OC)CC[C@@]5(C)[C@]4(C)CC[C@H]3C2(C)C)cc1,0,8,0.2496057302925282,4060
CC(=O)N1CCCC12CCN(c1ccc(C(=O)Nc3cc(-c4cccs4)ccc3N)cn1)CC2,0,1,0.2037410662847282,4061
Cc1cnc(NC(=O)Nc2cc(Br)c(C)cc2OC[C@@H]2CNCCO2)cn1,0,6,0.12764463347425284,4062
OCCC/C(=C(\c1ccc(O)cc1)c1ccc(C2CCNCC2)cc1)c1ccccc1,0,9,0.16014675726989322,2743
C[C@@H]1CCCN1CCc1ccc2nc(-c3csc(-c4ccc(OCC(F)(F)F)nc4)n3)ccc2c1,1,8,0.5187749730959914,4063
CCOc1nc(C(=O)NCc2cccnc2)cc(N)c1C#N,0,7,0.10138324968075929,4064
CC(C)(C)c1cc(CN2CCC(CNCCCCCC(c3ccc(F)cc3)c3ccc(F)cc3)C2)cc(C(C)(C)C)c1O,1,1,0.7951956129161204,1087
Cn1c(=O)[nH]c2nc(-n3nc(Cc4ccccc4F)c4cc(Cl)ccc43)nc(N)c21,0,10,0.1622907807589111,278
C[C@]1(O)CC[C@H](Nc2ccc3ncc(-c4cccc(C(F)(F)F)c4)n3n2)CC1,0,10,0.14821096323982946,653
Cc1nsc(-c2nnc3n2CCN(C(=O)c2ccc(F)cc2)[C@@H]3CCO)n1,0,7,0.045177774173062395,638
COc1cc(-c2cn([C@H]3CCc4c(F)cccc4N(CC(F)(F)F)C3=O)nn2)ccc1-n1cnc(C)n1,0,5,0.28517099890884384,4065
NCCOc1ccc2ncc(F)c(CCC34CCC(NCc5ccc6c(n5)NC(=O)CO6)(CC3)CO4)c2n1,0,9,0.5665622903515616,265
COc1ccc2nccc(CC[C@H]3CC[C@H](NCc4ccc5c(c4)OCCO5)CC3)c2c1,1,8,0.6783176781370619,4066
OC(c1cc(-c2ncnc3cc(N4CCOCC4)ccc23)ccc1Cl)c1ncnc2ccsc12,0,4,0.023923717505505582,3738
COc1cc(-c2nc3n(n2)CCC[C@@H]3c2ccc(F)cc2C)ccc1-n1cnc(C)c1,1,7,0.43507205791783604,4067
Cn1c(CSc2ccccc2)c(C(=O)N2CCC(N3CCOCC3)CC2)c2cc(O)c(Br)cc21,0,9,0.3949011827011831,4068
Cc1ccc2nc(-c3ccc(F)cc3)c(CC(=O)Nc3ccccc3C(F)(F)F)n2c1,0,4,0.18462378455386486,349
Cc1ccc(N2CCN(CCN3Cc4ccccc4C3)C2=O)s1,0,8,0.5208898287048608,4069
FC1(F)CC1Cc1nnc2cc(-c3ccc4c(c3)CCO4)ccn12,0,8,0.12507024883409623,4070
C[C@]1(C(=O)O)CCC[C@@](C)(c2nc(-c3ccc(C(=O)Nc4cc(C(F)(F)F)ccn4)cc3)c3c(N)nccn23)C1,0,6,0.1930050815597324,2490
Cn1c2c(c3cc(C(=O)NCCCC(=O)NC4CC4)ccc31)CC(C1CCOCC1)CC2,0,6,0.09970151567239055,1058
COc1ccc(-c2ccc3c(N4CCOC[C@@H]4C)nc(N4CCOC[C@@H]4C)nc3n2)cc1C(N)=O,0,10,0.04779195932761831,719
O=c1ccc2ncc(F)c3c2n1C[C@H]3CN1CCC(NCc2cc3c(cn2)OCCO3)CC1,0,1,0.0523751827627136,75
CNC(=O)c1cc(-n2ncc3cc(Nc4ccccc4Cl)cnc32)cs1,0,7,0.11159409494475239,545
O=c1ccc(C(O)c2ccc(F)c(-c3ncnc4cc(N5C6CCC5COC6)ccc34)c2)n[nH]1,0,5,0.06428530338887335,4071
O=c1nc(NC2CC3CCC(C2)N3Cc2ccc3c(c2)OCO3)c2cc(Cl)ccc2n1CC(F)(F)F,1,9,0.7248795851143829,1756
CC(C)OC[C@H](Oc1ncnc2c1cnn2-c1ccccc1Cl)C(=O)Nc1ccc(Cl)cn1,0,8,0.05851736022849924,169
O=C1c2ccccc2C(Cc2ccnnc2)(Cc2c(F)cncc2F)c2ccccc21,0,6,0.22210464592596238,4072
O=CN1Cc2cc(S(=O)(=O)CC3CC3)ccc2C1C(=O)Nc1ccc(C(O)(C(F)(F)F)C(F)(F)F)cc1,0,4,0.052274864902423834,2206
CC(C)(C)COc1ccc2c(c1)[C@]1(COC(N)=N1)c1cc(-c3c(F)ccnc3F)ccc1O2,0,5,0.6874986954465445,501
C[C@H]1C[C@H]2CSC(NC(=O)c3ccccc3)=N[C@@]2(c2nc(NC(=O)c3cnc(OC(F)F)cn3)cs2)CO1,0,9,0.14654630893750234,4073
Cn1ccnc1C(O)c1ccc(F)c(-c2nc(Cl)nc3cc(N4CCOCC4)ccc23)c1,0,6,0.1065639940554907,4074
CC1COc2c(N3CC[C@@H]([C@H](C)N)C3)c(F)cc3c(=O)c(C(=O)O)cn1c23,0,3,0.020645533587418132,381
C[C@@H](NC(=O)c1nc(-c2cc(Cl)ccn2)nc(O)c1O)C1CCCCC1,0,8,0.08386038944443944,3108
O=C(CCc1ccccc1)N[C@H]1CC[C@](O)(c2ccc(O)c(F)c2)CC1,0,4,0.1486163636122703,2187
C[C@H]1CCOc2c(N3CC[C@@H](C4(N)CC4)C3)c(F)cc3cc(C(=O)O)c(=O)n1c23,0,1,0.0298166033726928,4075
CC(=O)NC(c1ccccc1-c1cc(Cl)cc(Cl)c1)C(c1cccnc1)c1cccnc1,0,1,0.2314312537741083,969
FCCOc1ccccc1CCC1CCN(CCc2ccccc2Cl)CC1,1,2,0.9405344183921862,499
CCc1c[nH]nc1Cn1cc(-c2ccc(F)c(C(F)F)c2)cn1,1,1,0.809052487136459,59
CC(C)[C@H](Nc1ncnc2[nH]c(-c3cnn(C)c3C#N)cc12)c1ccc2c(n1)OCCO2,0,8,0.15927771237437496,4076
COc1ccc(Cn2c(N3CCC(N(C)CC4CCOCC4)CC3)nc3ccccc32)cc1,1,1,0.8117669282295927,889
CC(c1ccc(OCCCN2CCC(c3noc4cc(F)ccc34)CC2)cc1)c1nc2ccccc2o1,1,1,0.7818369995551308,4077
Cn1cnc2c(C(O)c3cc(-c4ncnc5cc(N6CCOCC6)ccc45)ccc3F)ncnc21,0,9,0.015973728046872557,2454
O=C(CC1CCN(Cc2ccn(-c3ccc(C(F)(F)F)cc3)c2)CC1)N(CCCO)Cc1ccc(F)cc1,1,3,0.29550518191497865,4078
CC(F)(F)CN1Cc2cc(C(F)(F)F)ncc2C2=CN=C(NCc3c(F)ccc4c3CCO4)N3C=NC(C1=O)C23,0,9,0.13942600981637013,507
Cc1cccc(-c2ccn3c(CC4CC4(F)F)nnc3c2Cl)c1,0,8,0.24908381996393478,705
O=c1ccc2ncc(F)c3c2n1C[C@@]3(O)CC12CCC(NCc3cc4c(cn3)OCS4)(CC1)CO2,0,2,0.1456361481898709,4079
CC#Cc1cncc(-c2cccc(C3(C4CC4)N=C(C)C(N)=N3)c2)c1,0,8,0.13025419224544296,95
Cc1ccccc1-c1nc2cn(-c3cccc(C#N)c3)nc2c(=O)n1CC1CCCN(C(C)C)C1,0,7,0.18558818245334063,2749
C[C@H]1[C@@H](CCCN2CCN(c3ccc(C(=O)NS(=O)(=O)c4ccc(NCC5CCOCC5)c([N+](=O)[O-])c4)c(Oc4cnc5[nH]ccc5c4)c3)CC2)O[C@@H]2O[C@@]3(C)CC[C@H]4[C@H](C)CC[C@@H]1[C@@]24OO3,0,1,0.2797253402569486,4080
COc1ccc([C@H]2CN(CCCN(C)S(=O)(=O)c3ccccc3)C[C@@H]2CC(=O)Nc2cccc(Cl)c2)cc1,1,1,0.5702903719331526,4081
CC(=O)NCC(NC(=O)C1(N)CCN(c2ncnc3[nH]ccc23)CC1)c1ccc(Cl)cc1,0,8,0.038993225018260136,667
CS(=O)(=O)NC(=O)c1ccc2c(Oc3ccc(Cl)c(C(F)(F)F)c3)nccc2c1,0,3,0.1290623982689525,4082
COc1cc(F)ccc1-c1cnc2sc(N3CCC(O)(CN)C3)nn12,0,1,0.03762276329266936,4083
Cc1c([C@@H](O)CN2CCC3(CC2)CCN(C2=C(Cl)C(=O)OC2)C3=O)ccc2c1COC2=O,0,7,0.07435359175156593,1462
COc1cc(F)ccc1-c1cnc2sc(N3CCC(N)(CO)C3)nn12,0,6,0.02642055826981187,4083
COc1cc2nc(N(C)CCCNC(=O)C3CCCO3)nc(C)c2cc1OC,0,1,0.1072656376317411,4084
CCOC(=O)C1CCN(C(=N)c2ccc(C(=O)Nc3c(OC)cc(Cl)cc3C(=O)Nc3ccc(Cl)cn3)c(F)c2)CC1,1,4,0.40808306028307684,285
Cc1cc(-c2nnc(SCCCN3CC[C@]4(C[C@@H]4c4ccc(C(F)(F)F)cc4)C3)n2C)on1,1,7,0.9567707007988479,4085
O=C(N[C@@H]1CCCc2c1[nH]c1ccc(Cl)cc21)c1ccccc1F,0,8,0.25464119841487654,4086
C[C@@H]1CCCN1CCN1CCc2cc(-c3ccc(C#N)cc3)ccc2C1=O,1,8,0.4570891901910781,796
C[C@@H](c1ccc(-c2ccn(C)c(=O)c2)cc1)N1CC[C@](CC(C)(C)O)(c2ccccc2)OC1=O,0,3,0.33044116634490645,4087
Cn1cc2c(Cl)c(-c3n[nH]c4nc(N5C[C@@H]6[C@H](C5)[C@@]6(CN)c5nccs5)cnc34)ccc2n1,0,8,0.17051665887309397,251
O=C(c1c(-c2ccc(O)cc2)oc2ccc(O)c(CNCC3(O)CC3)c12)N1CC(F)C1,0,3,0.1073259118103874,1718
Cc1ncoc1-c1nnc(SCCCN2CC3CC3(c3ccc(Br)cc3)C2)n1C,1,6,0.9910348526483707,1737
COc1cc(F)ccc1[C@H]1CSc2cc(O)ccc2[C@H]1c1ccc(OCCN2CC(CF)C2)c(F)c1,0,9,0.1589839627252779,358
O=C(Cc1ccc(OCC[C@@H]2C[C@@H]2C2CCN(c3ncc(Cl)cn3)CC2)cc1)NC1CC1,0,5,0.29108985821542765,4088
COCCCc1cc(CN(C(=O)[C@H]2CNCC[C@@H]2c2ccc(OCCOc3c(Cl)cc(C)cc3Cl)cc2)C2CC2)cc(OCCCNS(C)(=O)=O)c1,1,10,0.9229131007272102,730
Cn1c(C(O)c2cc(-c3ncnc4cc(N5CCOCC5)ccc34)c(F)cc2F)cccc1=O,0,2,0.004912896549847889,1001
COC1COCCC1N[C@@H]1C[C@H]2CN(C(=O)OCC(C)(C)C)C[C@@]2(C(=O)N2CCc3ncc(C(F)(F)F)cc3C2)C1,0,10,0.0403117407513666,182
C[C@@H]1CN(c2nnc(C(F)(F)F)o2)CCN1c1ncc(OCc2ccncc2C#N)cn1,0,10,0.07118120676625281,2036
COc1cnc2ccc(=O)n3c2c1[C@](O)(CC12CCC(NCc4ccc5c(n4)NC(=O)CO5)(CC1)CO2)C3,0,10,0.09363070852838849,332
Nc1nc(N2CCC(N3Cc4ccccc4OC[C@@H]3Cc3ccc(Cl)cc3)CC2)n[nH]1,0,1,0.2508461355783579,3640
C[C@H]1C[C@H]2CSC(N)=N[C@@]2(c2nc(NC(=O)c3ccc(C#N)cn3)cs2)CO1,0,6,0.07681614673951381,1191
CC(C)(c1cc(N2CCOCC2)nc(-c2cccc3[nH]ccc23)n1)S(C)(=O)=O,0,7,0.06374455494135971,4089
Nc1nc(NC2CCNCC2)c2sc(-c3ccc(C(F)(F)F)cc3)cc2n1,1,2,0.4368600900555425,4090
COc1cc2nc([C@@H](CNC(=O)c3c(Cl)cc(-n4cnc(C)n4)cc3Cl)c3cccc(F)c3)[nH]c2cc1Cl,0,2,0.19175955965012662,4091
Cn1nc(C(O)c2cc(-c3ncnc4cc(N5CCOCC5)ccc34)c(F)cc2Cl)ccc1=O,0,7,0.0,130
CC(C(=O)NC1(c2ccccc2)CCC(N2CCC(C3CCOC3=O)CC2)CC1)c1cc(C(F)(F)F)cc(C(F)(F)F)c1,1,3,0.8618213686011003,4092
COc1ccc(Cn2ccc3nc(N)nc(NCc4cc(C)on4)c32)nc1OC,1,10,0.3778543436391662,632
CNC[C@H](c1ccc2ccccc2c1)[C@H](OCc1noc(C)n1)c1ccccc1,0,5,0.2228577309434008,4093
COc1cc(-c2cn(C3CC(C)(C)CCNC3=O)nn2)ccc1-n1cnc(C)c1,0,9,0.12034389139196836,1178
CC(=O)Nc1ccc(OCCCCN2CCC(c3noc4cc(F)ccc34)CC2)cc1,1,4,0.6485650323662862,2405
C[C@H]1Cc2c([nH]c3cc(Cl)ccc23)[C@@]2(N1)C(=O)Nc1ccc(Cl)cc12,0,4,0.1309407513339627,764
N#Cc1ccc2nnc(C(=O)N3CCC(c4cccc(F)c4C(F)(F)F)CC3)n2c1,0,5,0.1591733466581873,2050
COC[C@H](C)Oc1cc(Oc2ccc(S(C)(=O)=O)cc2)cc(C(=O)Nc2ccn(CP(C)(C)=O)n2)c1,0,3,0.040415112737006834,1831
Cc1cccnc1CN1CCC(Oc2ncnc3c2ccn3Cc2ccccc2)CC1,1,10,0.7564211249301311,888
COCc1nc2cc3c(cc2o1)CCN(CCCSc1nnc(-c2cccc4nc(C)ccc24)n1C)CC3,0,2,0.830511721440621,803
COC[C@H](Cc1ccccc1)NC[C@@H](O)c1cc(C(F)(F)F)nc2c(C(F)(F)F)cccc12,0,10,0.3568345657489047,4094
CC(C)n1cc(C(=O)c2cncc(NC(=O)Cn3ccc(C4CC4)n3)c2)c2cncnc21,0,5,0.0869369400068088,4095
COc1ccc(C(C)(O)c2cc(-c3ncnc4cc(N5CCOCC5)ccc34)c(F)cc2Cl)nn1,0,10,0.007162277127251498,465
Cc1cc(C)n(-c2cc(NC(=O)CN3CC[C@@H](CN(C)C)C3)nc(-c3ccc(C)o3)n2)n1,1,8,0.6387311360586756,1292
CC(C)(C)Oc1cc(CCC(C)(C)N2Cc3cccc(S(C)(=O)=O)c3C2)ccc1O,0,10,0.19661547472693539,70
N#Cc1ccccc1Cn1c(N2CCC[C@@H](N)C2)nc2[nH]c(Br)cc2c1=O,0,7,0.14584961179664202,3365
NC(=O)c1cc(Cl)c2c(Cl)c(C#CC3CNCCO3)n([C@H]3CCCNC3)c2n1,1,7,0.6755469040504244,4096
Cc1noc(C)c1CCC1CCN(S(=O)(=O)C[C@](C)(C[C@H](C)c2ncc(F)cn2)N(O)C=O)CC1,0,6,0.1962195770209989,4097
CCCOc1sc(C(=O)N2CCC(c3cccc(CN)c3)CC2)c(C)c1Br,1,3,0.3004801618852865,4098
COc1ccc2ncc(F)c(CCC34CCC(NCc5cc(C)c6c(n5)NC(=O)CO6)(CC3)CO4)c2n1,1,2,0.8647010983805518,265
COc1ccc(-c2ccn3c(CC4CC4(F)F)nnc3c2)cc1F,0,3,0.10184831097509216,705
O=C(CNc1ncnc2ccc(C(F)(F)F)cc12)NC1CN([C@H]2CC[C@@](O)(c3ccns3)CC2)C1,0,1,0.02997365918995401,4099
COc1ccc2ncc(F)c(CCC34CCC(NCc5nc6c(c(C)c5F)OCC(=O)N6)(CC3)CO4)c2n1,1,3,0.8598971224868354,265
CCc1nc2c(C)cc(C)nc2n1Cc1ccc(/C=C/CN2CCN(C(C)C)CC2)cc1,1,10,0.4751596166537987,4100
CC(C)CN(C(=O)c1cc(Cl)ccc1Cl)[C@H]1CCNC1,0,7,0.14639646362455097,363
CC(C)N1CCC(c2ccc(/C(=C(/CCCO)c3ccc(F)cc3F)c3ccc(O)cc3)cc2)CC1,0,7,0.22524812681297784,2743
Cc1cccnc1-n1nc(C)c(-c2ccc(OC3CCN(C4CCC4)CC3)cc2)cc1=O,0,6,0.16390148952961411,269
C[C@H]1C[C@H]2CSC(N)=N[C@@]2(c2ccccc2C(F)(F)F)CO1,0,1,0.17572217205248197,579
Cn1cc(-c2cc3nccnc3c(NC[C@@H]3CNCCO3)n2)cn1,0,9,0.021037788564225647,4101
CC1=C(N2CCC3(CCN(C[C@H](O)c4ccc5c(c4C)COC5=O)CC3)C2=O)C(C)OC1=O,0,5,0.062324438253718584,1462
CC(C)(C(=O)O)c1ccc(CCCN2CCC(=C3c4ccc(Cl)cc4CCc4cccnc43)CC2)cc1,0,8,0.2164441507595265,641
CC(C)Oc1nc(C2CCNCC2)ncc1Nc1ncc(Cl)c(Nc2ccccc2S(=O)(=O)C(C)C)n1,1,2,0.20832174091851316,4102
O=S1(=O)CCC(C2N[C@@H](c3nc(-c4ccccc4)c[nH]3)Cc3c2[nH]c2ccccc32)CC1,1,4,0.7668669968454501,4103
CCN1CCN(Cc2ccc3cc(C(=O)Nc4cc(NC(=O)c5ccc6c(c5)OCCO6)ccc4F)ccc3n2)CC1,0,1,0.23964323800514856,4104
O=C(Nc1ccccc1)NS(=O)(=O)c1ccc(OCCCCN2CCCC2)cc1,0,10,0.026048946582985046,1101
NC(=O)c1cnc2ccc(-c3cccnc3)cc2c1NC1CCCC1,1,2,0.33999738400489254,4105
Cc1ccc(-n2nccn2)c(C(=O)N2C[C@@]3(F)CN(c4nc5cc(Cl)ccc5o4)C[C@@]3(F)C2)c1,0,5,0.18003833503728525,3026
c1cc(N2CCCCC2)ccc1OCCCN1CCCCC1,1,8,0.8180858525294687,4106
CC1(C)CN(c2cc(C(F)(F)F)cc3cncn23)CC[C@@]12NC(=O)NC2=O,0,6,0.19074833151311663,4107
COc1cc(Nc2c(C#N)cnc3cc(OCCCN4CCN(C)CC4)c(OC)cc23)c(Cl)cc1Cl,1,2,0.3704478102647043,4108
N#CCC1(n2cc(-c3ccnc4[nH]ccc34)cn2)CN(S(=O)(=O)N2CCCC2)C1,0,5,0.04947456404725025,4109
C[C@H](CCc1ccc(O)c(OC(C)(C)C)c1)N1Cc2c(F)ccc(F)c2C1,0,5,0.4176691130358641,70
CCN(C(=O)Cc1ccc(S(C)(=O)=O)cc1)C1CCN(CCC(c2ccccc2)N2CCN(S(C)(=O)=O)CC2)CC1,0,2,0.10898742573016947,4110
O=C1CCCN1C1CCN(Cc2ccc(Oc3nc4ccccc4s3)cc2)CC1,0,9,0.2646156487152956,4111
Cc1c([C@@H](O)CN2CCC3(CC2)CCN(c2ccc(=O)n(C)n2)CC3)ccc2c1COC2=O,0,2,0.06398846802314342,4112
CC(=O)c1cccc(-c2ccc([C@H]3COC[C@H]3NS(=O)(=O)C(C)C)cc2)c1,0,6,0.14803823307450803,3335
CNC[C@H](c1ccc2ccccc2c1)[C@H](OCC(=O)NC)c1ccccc1,0,1,0.058751319559519004,590
CCn1cnc2c(NCc3ccc(-c4ccoc4)nc3)nc(N3CCOC[C@H]3CCO)nc21,0,3,0.11603764225414362,4113
O=C1N(CCN2Cc3ccccc3C2)CCN1c1ccc(Cl)c(Cl)c1,1,3,0.7340757149367236,2197
CCOc1ccc2ncc(F)c(CCC34CCC(NCc5ccc6c(n5)NC(=O)CO6)(CC3)CO4)c2n1,1,8,0.907459290327847,265
O=C1COc2ccc(CNC34CCC(CC5(O)Cn6c(=O)c(Cl)cc7ncc(F)c5c76)(CC3)OC4)nc2N1,0,8,0.08655642865936103,332
Cn1cc([C@H]2N[C@@H](c3nc(-c4ccc(F)cc4)c[nH]3)Cc3c2[nH]c2ccccc32)cn1,1,1,0.7131573420307048,4114
CCN(CCO)C(=O)c1cc2cccnn2c1-c1cccc(C(F)(F)F)c1,0,10,0.11569154784272896,4115
C[C@@H]1OCC2(CCN(c3cnc(Sc4ccnc(N)c4Cl)c(N)n3)CC2)[C@@H]1N,0,10,0.12813707800000845,3225
CCCOc1c(CCC)cc(-c2ccccc2-c2nn[nH]n2)cc1NC(=O)Nc1ccc(C)cc1,0,8,0.16462383413289955,668
N#Cc1ccc(N2N=C(c3ccc4[nH]c(=O)oc4c3)CC2c2ccc(C(=O)O)cc2)cc1,0,7,0.21375212317398445,1411
COc1ccc2c(c1)[C@@H]1C[C@]1(C(=O)N1C3CCC1CN(C)C3)Cn1c-2c(C2CCCCC2)c2ccc(C(=O)NS(=O)(=O)CC(C)C)cc21,0,2,0.11820949973094627,2242
Clc1ccc(-n2cc(Cn3ccnc3C3CC3)nn2)cc1,1,1,0.8808387666998176,428
O=C(O)COc1ccc2ncc(F)c(CCC34CCC(NCc5ccc6c(n5)NC(=O)CO6)(CC3)CO4)c2n1,0,4,0.456383569338255,265
COc1cc2c(NC3CC4(CCN(C)CC4)C3)cc(-c3ccc(C)o3)nc2cc1OCCCN1CCCC1,0,6,0.10798615821490706,4116
CC(C)(C#N)CC#Cc1c(Cl)c2c(Cl)cc(C(N)=O)nc2n1[C@H]1CCCNC1,1,3,0.7629640254069504,1117
COc1ccc(C(OC)c2ccc(F)c(-c3ncnc4cc(N5CCOCC5)ccc34)c2)nn1,0,6,0.04765358215359571,465
CCn1cc([C@@]2(c3nn(CC(N)=O)c(=O)o3)N[C@@H](c3nc(-c4ccc(F)cn4)c[nH]3)Cc3c2[nH]c2ccccc32)cn1,0,7,0.13167462966379817,1157
Cc1ccc(N2CCN(CCN3Cc4ccccc4C3)C2=O)cn1,0,9,0.2854236029921564,4117
CNC(C)c1ccc(OC)cc1Oc1ccc(Cl)c(Cl)c1,1,3,0.5684139065606724,604
COc1cc(OC)c2c(=O)cc(-c3cc(C)c(OC[C@H](O)CN4CCN(C)CC4)c(C)c3)oc2c1,0,5,0.2959732677732024,4118
NC1=NC(c2ccnc(C(F)(F)F)c2)(c2ccc(F)c(-c3cncnc3)c2)c2cccc(F)c21,0,8,0.3014469848613564,229
O=C(NC1CCN(Cc2ccc3c(c2)OCCO3)CC1)c1cc(=O)c2ccc(F)cc2o1,1,8,0.735089242822768,4119
Fc1ccc(-n2cc(C3CCN(CCN4CCN=C4S)CC3)c3ccccc32)cc1,1,10,0.7141355545719826,4120
CCc1ccc([C@H](CCN2C3CCC2CC(n2c(C)nnc2C(C)C)C3)NC(=O)C2CCCCC2)s1,1,5,0.20178271261594383,345
Cn1c(SCCCN2CC3CCN(c4cccc(F)c4)C3C2)nnc1-c1cnccn1,1,1,0.9814737165311902,170
Cc1ccc2c(N3CCN(CCc4cccc5[nH]c(=O)ccc45)CC3)cccc2n1,0,1,0.7219716004395431,261
Cc1ccc(-c2nc(C)c(Cl)c(OCCCN3CCCCC3)n2)cc1,1,3,0.8239867040037427,4121
NC(=O)c1cccc(O[C@@H]2C[C@H]3CC[C@@H](C2)N3Cc2ccccn2)c1,1,3,0.797162449193548,4122
N#Cc1ccc2cc1Oc1cccc(c1)C(c1ccccc1)N1CC[C@@H](NCc3cncn3C2)C1=O,1,4,0.6109076171739916,2923
FCCc1nccn1Cc1cn(-c2cc(F)cc(C(F)F)c2)nn1,1,10,0.8940419361527453,23
Cc1ccccc1[C@H]1CCN(C[C@@H]2Cc3cccnc3[C@@H](O)C2)C[C@@H]1O,0,1,0.15670308419772755,2306
CNC(=O)c1c(-c2ccc(CO)cc2)oc2ccc(O)c(CN3CCC4(COC4)C3)c12,0,8,0.05908019505269006,573
Cc1cc(-c2nc(Cl)cn2CC2CCOCC2)cn(C)c1=O,0,10,0.2463144337084463,4123
CN(C)C(=O)c1cccc(-c2ncccc2CC(c2ccnc(N)n2)c2cccnc2F)c1,0,6,0.14273715164820255,4124
NCC(=O)N1CCn2c(nc(-c3cccc(F)c3)c2Nc2ccc(F)cc2)C1,0,4,0.10233811041149979,585
CNCc1cc(-c2cn(C)nc2-c2ccc(F)cc2)ccn1,0,10,0.21083072752171564,1102
COc1cc(OC2CN(CCCF)C2)ccc1[C@@H]1c2ccc3[nH]ncc3c2C[C@@H](C)N1CC(F)F,1,10,0.9279522860203243,1390
CC1(c2ccc(S(N)(=O)=O)cc2)NC(=O)N(CC(=O)c2ccc(Cl)s2)C1=O,0,7,0.06057654183543135,4125
N#Cc1ccccc1Cn1c(N2CCC[C@@H](N)C2)nc2[nH]c(-c3cccnc3)cc2c1=O,0,5,0.16965256136160142,4126
COC1COCCC1N[C@@H]1C[C@H]2CN(C(=O)NC(C)C)C[C@@]2(C(=O)N2CCc3ncc(C(F)(F)F)cc3C2)C1,0,2,0.050175628058201444,182
Cn1c(N2CCC(C)(CN)CC2)nc2[nH]nc(-c3cccc(Cl)c3Cl)c2c1=O,1,1,0.5885901008188912,2906
C[C@@H]1CC2(CCN(c3nc(N)c(Sc4cccnc4C(F)(F)F)c(=O)n3C)CC2)[C@H](N)[C@H]1F,0,8,0.11718403990796539,4127
CN1CCN(c2ncc(C(=O)Nc3cc(-c4cccs4)ccc3N)s2)CC1,0,7,0.1665803253858339,4128
O=C(O)c1cc(CN2CCN(c3ccc(C(F)(F)F)cc3)CC2)c2ccccn2c1=O,1,5,0.2531979406692163,4129
N[C@H]1CN(c2ccc3nc(=O)ccn3n2)CC[C@@H]1c1cc(F)c(F)cc1F,0,7,0.11402733336880858,4130
C[C@@H]1CN(C(=O)OCC(F)(F)F)CCN1c1ncc(OCc2ccncc2C#N)cn1,0,6,0.09209702350779603,4131
CO[C@H]1CC[C@H](N2C(=O)CNc3ncc(-c4ccc(C(C)(C)O)nc4)nc32)CC1,0,9,0.11667486489043377,4132
COc1cncc(O[C@H](C)C2CNC2)c1-c1cc(Nc2cnc(C#N)cn2)n[nH]1,0,9,0.08501774756386889,4133
CCOC(=O)C1=C(CN2CCOCC2)NC(c2cccs2)=NC1c1ccc(F)cc1Br,1,4,0.47082506287258924,4134
Cc1nsc(-c2nnc3n2CCN(C(=O)c2cc(F)c(F)c(F)c2)[C@@H]3C)n1,0,10,0.02520085915892246,638
CNC(=O)CCCCC[C@H](NC(=O)c1cncs1)c1ncc(-c2ccc(-c3ccn[nH]3)cc2)[nH]1,0,7,0.1494071246170568,4135
Cc1cc(=O)n2c3c(c(F)cnc13)[C@](O)(CC13CCC(NCc4ccc5c(n4)NC(=O)CO5)(CC1)CO3)C2,0,8,0.10240988444039772,332
Oc1ccc(-c2ccc3[nH]nc(-c4cncc(O[C@H]5CNCCC56CC6)n4)c3c2)c(F)c1,1,3,0.2232757111480116,4136
CC[C@H]1OC(=O)[C@H](C)[C@@H](O[C@H]2C[C@@](C)(OC)C[C@H](C)O2)[C@H](C)[C@@H](O[C@@H]2O[C@H](C)C[C@H](N(C)C(C)C)[C@H]2O)[C@](C)(O)C[C@@H](C)[C@H](OCC(=O)NC)[C@H](C)[C@@H](O)[C@]1(C)O,0,4,0.4138995472601392,1645
Cn1c(=O)cc(NC2CCN(C/C=C/c3ccccc3)CC2)c2cc(Cl)ccc21,1,10,0.6993003123579439,4137
COc1cccc2c1nc(N)n1nc(CN3CCN(c4ncccn4)C[C@H]3C)nc21,0,10,0.024455607264675903,4138
CCN(C(=O)Cc1ccc(OC)cc1)[C@H]1C[C@H]2CC[C@@H](C1)N2CC[C@H](NC(=O)C1CCC1)c1ccccc1,1,10,0.5093278744331288,4139
CNCc1cc(-c2cc3c(N[C@@H](c4ccc5c(c4)S(=O)(=O)CCC5)C(C)C)ncnc3[nH]2)co1,0,4,0.2143669126971248,4140
c1cc2nonc2cc1CCN1CCN(CCc2ccc3nonc3c2)CC1,1,7,0.6206111755932454,4141
O=C(NC1CCN(Cc2ccc3c(c2)OC(F)(F)O3)CC1)c1cc(=O)c2ccc(F)cc2o1,1,4,0.6731187123345975,481
CC(C)c1cc(C#N)cc2nc(-c3ccc(C(=O)NC[C@@]4(C)CN(c5ccc(-c6ccccc6OC(F)(F)F)cn5)C(=O)O4)cc3)oc12,0,10,0.22321497107941354,148
CN1CCCC(c2nc3ccccc3n2CC2CCCO2)C1,1,3,0.26717064675704105,4142
CCN1C(=O)N(c2ccc(C(F)(F)F)cc2)C(=O)C12CCN(CC1(F)CCOCC1)CC2,0,10,0.45657767430999296,4143
CC1(CN)CCN(c2cnc3c(N4CCCc5ncccc54)n[nH]c3n2)CC1,0,8,0.41942781033345045,4144
CCc1nccn1Cc1cn(-c2ccc(Cl)cc2)nn1,1,2,0.9179908198462589,23
Cc1c(CN2CCOCC2)cc(-c2ccc(C(C)C)cc2)n1C(C)C,0,1,0.22791239791264778,2912
CC(C)(C)S(=O)(=O)c1cc2c(Nc3ccc4scnc4c3)ncnc2cc1OCCO,0,1,0.06800226635376871,2827
NC(=O)c1ccc(Cc2ccccc2)cc1-c1cccc(CCC(=O)O)c1,0,10,0.2596196725238437,4145
C[C@@H](n1cnc2cc(Cl)ccc2c1=O)[C@](O)(Cn1cncn1)c1ccc(F)cc1F,0,9,0.12115783736030769,4146
CNC(=O)c1c(-c2ccc(O)cc2C)oc2ccc(O)c(CN3CCC4(COC4)C3)c12,0,10,0.048964742171456854,573
Cc1nsc(-c2nnc3n2CCN(C(=O)c2ccc(F)cc2)C3)n1,0,10,0.04029340758672737,638
CN(C)c1ccc(-c2cc3nccnc3c(NCC(F)(F)F)n2)cn1,0,3,0.08775164281560612,1562
CN(C)CCC1=C(Cc2cnccn2)c2ccc(F)cc2C1,1,5,0.7241990197624145,941
C/C(O)=C(\C#N)C(=O)Nc1cc(O[C@@H](C)C(F)(F)F)c(C(=O)c2ccccc2F)cc1F,0,5,0.22098914523768348,1237
CCc1nn2c(C)cc(C)nc2c1Cc1ccc(-c2nnc(N3CCNCC3)o2)cc1,0,2,0.16075998836210345,4147
Cn1cc([C@@]2(c3cc(C(=O)O)ccn3)N[C@@H](c3nc(-c4ccc(F)cc4)c[nH]3)Cc3c2[nH]c2ccccc32)cn1,0,10,0.2969280970581753,3907
CS(=O)(=O)Nc1ccc(CCN(CCOc2ccc(NS(C)(=O)=O)cc2)C(=O)c2ccc3c(c2)C(=O)OC32c3ccc(O)cc3Oc3cc(O)ccc32)cc1,1,6,0.5750367437748857,4148
CO[C@H]1C[C@@H](n2c(=O)n(C)c3cnc4ccc(-c5ccc(OCCCN(C)C)nc5F)cc4c32)C1,0,7,0.0453672397369494,94
Cc1ccc(NC(=O)c2ccc(Cl)c(C(F)(F)F)c2)cc1C#Cc1nn(C[C@H](C)CO)c2ncnc(N)c12,0,4,0.14286475351966185,3510
COc1ccc(-c2nnc(C(=O)N3CCC(Oc4ccc(CN5CCCC5)cn4)CC3)o2)cc1,0,6,0.05750311516690706,4149
CN1C(=O)C=C[C@]2(C)[C@H]3CC[C@]4(C)[C@@H](O)/C(=C/c5ccccc5)C[C@H]4[C@@H]3CC[C@@H]12,1,5,0.7423858212223501,3183
CC(C)COCC(CN(Cc1ccccc1)c1ccccc1)N1CCCC1,1,1,0.6128954303891309,4150
Cn1nccc1C(O)c1ccc(F)c(-c2nc(Cl)nc3cc(N4CCOCC4)ccc23)c1,0,7,0.09158990528275975,4151
CCOc1cc(CCN2CCN(CCc3ccc4c(c3)COC4=O)CC2)ccc1C#N,1,3,0.9206220335556176,174
CCN(CC)C(=O)c1ccc(C2=CC3(CCNCC3)Oc3c(O)cccc32)cc1,0,5,0.13676023529611103,151
C[C@H]1CN(S(=O)(=O)C[C@]23CC[C@H](CC2=O)C3(C)C)CCN1c1ncc(C(F)(F)F)cc1F,0,9,0.21594225775686973,4152
Cn1cc2c(Nc3nc(N[C@@H]4CCOC[C@@H]4N)cc4cc[nH]c(=O)c34)cccc2n1,0,3,0.054876032832720384,4153
NC(=O)c1ccnc(O[C@H]2C[C@H]3CC[C@@H](C2)N3Cc2ccccc2)c1,1,7,0.7196553551556147,2174
c1ccc(OC(c2ccc3ccccc3c2)C2CNC2)cc1,1,2,0.4809684869039622,1313
COc1ccccc1CCN1CCC(CCc2cccc(OCCF)c2)CC1,1,5,0.9473544668486243,499
C[C@H]1COc2c(N3CC[C@@H](C4(N)CC4)C3)cc(C#N)c3cc(C(=O)O)c(=O)n1c23,0,3,0.056279270758520246,2492
CN(c1ccc(-c2cc3cnccc3cc2O)nn1)C1CC(C)(C)NC(C)(C)C1,0,5,0.4336410466855245,4154
CS(=O)(=O)Nc1ccc2c(c1)C(=O)CC1(CCN(CCc3ccc4nonc4c3)CC1)O2,1,8,0.49691313219738525,4155
CC(C)(C)OC(=O)N1CCC(C(=O)NCCCNc2nc3ccccc3[nH]2)CC1,0,8,0.13553142333595145,4156
O=C(CCNCCN1CCN(Cc2ccccc2)CC1)NN(c1ccccc1)c1ccccc1,0,3,0.5098526420308772,4157
CC(C)(O)[C@H]1CN(C2CCN(c3nnc(N)[nH]3)CC2)[C@@H](Cc2ccc(Br)cc2)CO1,0,2,0.05020584613910956,523
NC(C(=O)N[C@](Cc1ccccc1)(c1ccc(F)cc1)c1cc(F)cc(C(F)(F)F)c1)C(O)(C(F)(F)F)C(F)(F)F,0,2,0.13384692146404142,369
O=C([C@H]1CNCC[C@]1(O)c1ccc(F)c(F)c1)N(Cc1cn(Cc2ccc(F)c(F)c2)c2cccc(F)c12)C1CC1,1,10,0.9500336147534756,1976
C[C@H]1COc2c(N3C[C@H]4C[C@@H](OC(F)F)C[C@@H](N)[C@H]4C3)c(F)cc3cc(C(=O)O)c(=O)n1c23,0,10,0.04188954617454577,1447
COc1ccc(C2CCN(CC[C@H]3CCOc4ccccc43)CC2)cc1OC,1,7,0.6649783628008136,4158
CCCNC(=O)C1(c2ccc(NC(=O)c3cccc(Cl)c3)cc2)CCC1,0,6,0.3687352028621068,4159
c1cncc(-c2ccc(-c3nnc(C4CN5CCC4CC5)o3)o2)c1,0,6,0.3237098347015495,4160
CNC[C@@H](O)CCN1c2ccccc2N(c2cc(F)ccc2F)S1(=O)=O,0,9,0.12819039969122895,2357
O=C(O)CN(Cc1cccc(-c2ccccc2OC(F)(F)F)c1)S(=O)(=O)c1ccc(OC(F)F)cc1,0,7,0.17769795672139102,4161
COc1ccc(-c2ccc(C(=O)O)cc2C)cc1-c1cnc(N(C)C)nc1CN1C(=O)O[C@H](c2cc(Cl)cc(Cl)c2)[C@@H]1C,0,5,0.07045939151312605,1155
CCCCc1cc(OC2CCN(CCC(C)S(=O)(=O)CC)CC2)c2ncccc2c1,1,1,0.8393956286281127,409
C/C1=C\CC[C@@]2(C)O[C@@H]2[C@H]2OC(=O)C(CN(C)C)[C@@H]2CC1,0,2,0.15796841109338491,4162
Cc1ccc(F)c2[nH]c(-c3cncc(-c4cc(F)cc(C#N)c4)c3N3CC[C@H](N)C3)nc12,1,2,0.34233114372498025,4163
Cc1nccn1Cc1cn(-c2ccc(F)c(C(C)(F)F)c2)nn1,1,4,0.9782931747861224,23
C[C@@H]1OCC2(CCN(c3nc4[nH]nc(-c5ccncc5)c4c(=O)n3C)CC2)[C@@H]1N,0,2,0.18855235071361284,1374
Cc1cc(-n2cc(Cn3ccnc3C)nn2)ccc1Cl,1,1,0.975257224973528,23
CC(C)Oc1ccc([C@]2(O)CC[C@H](N3CC(NC(=O)CNC(=O)c4cccc(C(F)(F)F)c4)C3)CC2)cn1,0,2,0.02484409785315673,1391
CC(C)n1ccc(NC(=O)c2cc(Oc3ccc(C(=O)N4CCC4)cc3)cc(O[C@@H](C)CO)c2)n1,0,3,0.06524285303388853,2393
CC(C)c1cc(C#N)cc2nc(-c3ccc(C(=O)NC[C@H]4CC[C@H](c5ccc(Cl)cc5)CC4)cc3)oc12,0,3,0.25394102602245633,57
FC1(F)CC1Cc1nnc2cc(-c3ccc4c(c3)OCO4)ccn12,0,10,0.13168553407181122,4164
Cc1cc(C(=O)Nc2ccc([C@H]3CNCCO3)cc2)cc(Cl)n1,0,1,0.06505582950657668,123
C[C@@H]1CN(C(=O)[C@@H]2CN(C(C)(C)C)C[C@H]2c2ccc(F)cc2F)C[C@H](C)[C@@]1(O)c1c(F)cccc1F,1,3,0.7542720258247646,827
CN(C)c1cnc2c(CCC34CCC(NCc5ccc6c(n5)NC(=O)CO6)(CC3)CO4)c(F)cnc2c1,1,6,0.9240606984806458,265
Cc1cc(=O)n(C[C@H](N)[C@H]2CC[C@H](NCc3ncc4c(n3)NC(=O)CO4)CC2)c2cc(F)ccc12,0,2,0.04864347385301036,1145
Cc1[nH]c2ccccc2c1C1CCN(Cc2ccc(/C=C/C(=O)NO)cc2)C1,0,5,0.15167572093395598,4165
CCOc1cccnc1Oc1cncc(-c2ncc(C(=O)N[C@H]3CCOC3)cn2)c1,0,9,0.10717798307925022,4166
C[C@@H]1Cc2c([nH]c3ccc(F)cc23)[C@@H](c2c(F)ccc(OCCNCCCF)c2F)N1C[C@H](C)C(=O)O,0,2,0.09263591768332798,477
CCCc1nc2cc3c(cc2o1)CCN(CCCSc1nnc(-c2cccc4nc(C)ccc24)n1C)CC3,1,1,0.8017006502937807,803
O=C(NC1CC1)c1ccc(OCCCC2CC2CCCC2CCN(c3ncc(Cl)cn3)CC2)cc1F,0,6,0.2999059437001794,4167
COc1cc(/C=C/c2nc(N)nc(Nc3ccccc3)n2)ccc1-n1cnc(C)c1,1,4,0.47608695109018906,4168
CCN(CCO)Cc1csc(-c2cn(CC3CCOCC3)c3c(Cl)cccc23)n1,1,6,0.746093107481172,519
Cc1ncoc1-c1nnc(SCCCN2[C@@H]3CC[C@H]2C[C@@H](c2ccc(C(F)(F)F)cc2)C3)n1C,1,6,0.9586393843235373,440
CONC(=O)N(Cc1ccsc1)C1CCN([C@H](C)CCNC(=O)c2c(C)cc(C(=O)NC(C)C)nc2C)CC1,0,7,0.10004219572358229,155
O=C(OC1CC2CC3CC(C1)N2CC3=O)c1c[nH]c2ccccc12,0,3,0.18339117015372813,4169
Nc1ccnc(Nc2ccc(Oc3ccc(Cl)cc3)cc2)c1,1,7,0.6984993151106946,4170
CC(C)NC(=O)NS(=O)(=O)c1ccc(OCCCCN2CCCCC2)cc1,0,1,0.016664347310126407,4171
O=C(CNC(=O)c1cccc(C(F)(F)F)c1)NC1CN([C@H]2CC[C@@](O)(c3cncnc3)CC2)C1,0,3,0.02975140245391301,4172
CN(C)CC(C)(C)Cn1nc(-c2ccc3nc(OC4CC4)ccc3c2)c2c(N)ncnc21,1,4,0.19503206698685824,4173
CN1Cc2ccccc2[C@@H](c2ccccc2)N=C1CCc1ccccc1,1,10,0.5638989977263862,1176
CCC1OC(=O)C(C)C(OC2CC(C)(OC)C(O)C(C)O2)C(C)C(OC2OC(C)CC(N(C)C)C2O)C(C)(O)CC(C)C(=O)C(C)C(O)C1(C)O,0,1,0.3516390396257945,88
O=C(NC1CCCCC1)NS(=O)(=O)c1ccc(OCCCCN2CCCC2)cc1,0,8,0.03156987317393758,4174
O=C(/C=C/c1ccc2c(c1)CN(S(=O)(=O)c1cccnc1)C2)NO,0,10,0.04049352635460385,4175
CC(C)Oc1cccc(/C=C2\SC(=O)NC2=O)c1N1CCC[C@@H](N)C1,0,3,0.042321031832888344,1199
COCCCc1cc(CN(C(=O)[C@H]2CNCC[C@@]23OCCc2ccccc23)C2CC2)cc(OCCOC)c1,0,4,0.16424654999620525,4176
NS(=O)(=O)c1ccc(OCCCCN2CCCCC2)cc1,0,8,0.1425715855928803,4171
O=C1COc2ccc(CNC3CCN(CCN4C(=O)COc5ccc(NC(=O)C(F)(F)F)cc54)CC3)nc2N1,0,6,0.045216331150714766,1747
COc1ccc(C(O)c2cc(-c3nc(Cl)nc4cc(N5CCOCC5)ccc34)c(F)cc2Cl)nn1,0,9,0.10057795472803337,465
COc1cc(-c2cn(Cc3cc(C(F)(F)F)cc(C(F)(F)F)c3)nn2)ccc1-n1cnc(C)c1,1,2,0.7966821174210865,3421
CCCCc1cc(OC2CCN(CCCS(=O)(=O)NC(C)(C)C)CC2)c2ncccc2c1,1,2,0.9471185511530852,409
Cc1cc(OCCCc2c(C(=O)O)n(CCN3CCOCC3)c3c(-c4ccccc4Cn4cc(CCN(CCN5CCOCC5)S(=O)(=O)c5ccc(F)cc5)c5ccccc54)cccc23)cc(C)c1Cl,0,3,0.36967033117819365,4177
O=C(/C=C/c1ccc(CN2CCCC(c3c[nH]c4ccccc34)C2)cc1)NO,0,8,0.14797493940673312,697
CS(=O)(=O)N[C@H]1CC[C@@H](N2CC(NC(=O)CNc3n[nH]c4ccc(C(F)(F)F)cc34)C2)CC1,0,9,0.04394100035624907,67
CN(C)CC(C)(O)CNc1cc(NC(=O)N2CCCc3cc(CO)c(C=O)nc32)ncc1C#N,0,4,0.07584898071466896,1895
CNS(=O)(=O)c1ccc2c(c1)CN(C(=O)C1CCO1)C2C(=O)Nc1ccc(C(O)(C(F)(F)F)C(F)(F)F)cc1,0,5,0.07798647191999208,2117
Cc1c(Nc2ncc(Cl)c(-c3cnc4ccccn34)n2)cnn1C1CCNCC1,0,5,0.14883958672970385,2296
O=C1COc2ccc(CNC34CCC(C[C@@]5(O)Cn6c(=O)c(F)cc7ncc(F)c5c76)(CC3)OC4)nc2N1,0,2,0.07163598401003995,332
COc1ccc(C2(c3cccc(-c4cncnc4)c3)N=C(C)C(N)=N2)cc1,0,1,0.07316331753746244,1632
COc1ccccc1-c1n[nH]c2nc(N[C@H]3CC[C@H](NS(=O)(=O)CCC(F)(F)F)CC3)nc(OC)c12,0,5,0.19096306222902265,4178
C[C@H](O)CNC(=O)c1ncc(S(=O)(=O)c2ccc(OC(F)(F)F)cc2)cc1N,0,6,0.09342635447602902,4179
O=C(O)COC[C@H]1CC[C@H](COC(=O)N(c2ccccc2)c2cccc(F)c2)CC1,0,5,0.19864499260502305,3074
N#Cc1ccc(CCN2CCN(CCc3ccc(C#N)cc3)CC2)cc1,1,1,0.8295189184478415,210
CCN(C)c1nc(=O)n(-c2ccccc2)c2cc(Cl)ccc12,0,9,0.2722963137650276,2228
CC(C)OC(=O)[C@@H](Cc1ncccn1)OC(=O)Nc1c2c(cc3c1CCC3)CCC2,0,9,0.11561131159135568,4180
O=C(c1ccc(-c2cccs2)cc1)N1CCn2c(nnc2-c2csc(C(F)(F)F)n2)C1,0,7,0.13107529171180163,614
COC1COCCC1N[C@@H]1C[C@H]2CN(C(=O)OCC3CCOCC3)C[C@@]2(C(=O)N2CCc3ncc(C(F)(F)F)cc3C2)C1,0,4,0.02576699456927941,4181
O=C1NC2(CC2)COc2ncc(F)cc2[C@H]2COCCN2c2ccn3ncc1c3n2,0,4,0.16968939512432046,4182
CNC(=O)c1nn(C)c2ccc(Nc3nccc(-n4cc(N[C@H]5CNC[C@@H]5F)c(C)n4)n3)cc12,0,2,0.0488691471762843,222
CCn1nc(C(F)(F)F)cc1Nc1nc(-c2ccc(-n3cnc(C)c3)c(OC)n2)cs1,0,3,0.36747221518802226,4183
COc1cc2ccc(C#N)cc2cc1[C@@H](c1cccc(F)c1)[C@@](O)(CCN(C)C)c1cccc2ccoc12,1,10,0.6985965279142358,1683
COc1cccc(CN2CCCCCCC2)c1OCc1csc(-c2ccc(Cl)cc2)n1,1,3,0.8386254274744586,297
CN(C)Cc1cc(-c2ccnc3[nH]c(-c4cccc5c4ccn5C)nc23)nn1C,0,4,0.3102333689404101,4184
CS(=O)(=O)c1cccc(-c2ccc3ncc(-c4ccc(C(=O)N5CCC(O)C5)cc4)n3n2)c1,0,8,0.20580340668885042,4185
COc1cc2c(NC3CC4CCC(C3)N4C)cc(-c3ccc(C)o3)nc2cc1OCCCN1CCCC1,0,1,0.1881718952153458,4186
CCn1c(N2CCNCC2)nc2c([N+](=O)[O-])c(Br)c(Br)cc21,0,7,0.5578801618805586,3910
Cc1ccc(CN2CC[C@@H](N3CC[C@@H](c4ccc(O)cc4)[C@H](F)C3)C2=O)cc1,0,2,0.55228980014957,1761
O=C(O)C[C@H]1CC[C@@H](Oc2ccc(-c3ccc(-c4nc5cc(C(F)(F)F)cnc5[nH]4)cn3)cn2)CC1,0,9,0.07653012655511139,4187
Cc1ncsc1C(=O)N(Cc1cc(=O)[nH]c2c(F)cccc12)c1cccc(Cl)c1,0,6,0.2863058431052949,4188
COc1cc(-c2cn(CC(=O)N(CC(F)(F)F)c3cccc4ccccc34)nn2)ccc1-n1cnc(C)c1,1,2,0.6415670690258122,4189
COC1COCCC1N[C@@H]1C[C@H]2CCC[C@@]2(C(=O)N2CCc3ccc(F)cc3C2)C1,0,10,0.059244473834014585,689
Cc1cc(-c2ccc3c(c2)CCN(CCCSc2nnc(C(F)(F)F)n2C)CC3)no1,1,5,0.9209359482503118,4190
OC(c1ccc(F)c(-c2ncnc3cc(N4CCOCC4)ccc23)c1)c1c(F)cncc1Cl,0,8,0.013568245709282395,1974
C[C@H]1C[C@H]2CSC(N)=N[C@@]2(c2cc(NC(=O)c3ccc(Cl)cn3)ccc2F)CO1,1,4,0.3759562268342784,3655
N#Cc1ccc2[nH]c(C3CCN(CCn4c(=O)ccc5ncc(Oc6ccc(S(N)(=O)=O)cc6)cc54)CC3)nc2c1,0,8,0.15566744763377088,840
CCc1nsc(-c2nnc3n2CCN(C(=O)c2ccc(F)cc2)[C@@H]3C)n1,0,4,0.048336229191796296,638
CCc1sc(-c2cn(CC3CCOCC3)c3c(Cl)cccc23)nc1CN(CCO)C(C)C,1,2,0.8805913987390946,519
Nc1ccc([C@H]2CC[C@H](N3CC(NC(=O)CNC(=O)c4cccc(C(F)(F)F)c4)C3)CC2)nc1,0,8,0.07541028294472216,1453
COc1ccc2c(c1)CCN(CCC(F)Cc1ccccc1)CC2,1,5,0.6802663002499734,4191
CNC(=O)[C@@H]1CC[C@H](c2ccc(OCc3ccccc3F)cc2)N1,0,9,0.13598554641192526,122
CN(C)C[C@H](c1ccc2ccccc2c1)[C@H](N)c1ccccc1,0,7,0.37400108146344596,590
COc1cc(C(=O)N2C[C@@H](n3cc(C4CC4)nn3)C[C@H]2C(=O)N2CC[C@H](c3ccccc3)C2)ccc1CN,0,6,0.13252561746710165,4192
COC(=O)N[C@H](C(=O)N1C[C@@H](C)C[C@H]1c1nc(-c2ccc(-c3ccc(-c4ccc5[nH]c([C@@H]6C[C@H](C)CN6C(=O)[C@@H](NC(=O)OC)C(C)C)nc5c4)cc3)cc2)c[nH]1)C(C)C,0,5,0.20586357524456347,4193
COc1ccc(Br)cc1CCc1c(Cl)cccc1C1=NCCN1,1,5,0.5385896942095729,4194
CCC(CN)=C1CN(c2nc(Oc3cnc(C4CC4)nc3)nc3[nH]c4c(NC)cc(F)cc4c23)C1,0,10,0.07383101296080363,4195
O=C(NCCCCN1CCN(c2cccc(Cl)c2)CC1)c1cc2ccccc2cn1,1,3,0.7175653315024014,2233
O=C(Nc1ccc(C(F)(F)F)cc1)NS(=O)(=O)c1ccc(OCCCCN2CCCCC2)cc1,0,6,0.03602308966745875,1356
OC(CNc1nccc(-c2sc(C3CCNCC3)nc2-c2ccc(F)cc2)n1)c1ccncc1,0,9,0.3258848013571567,4196
C[C@]12CC[C@H](NC(=O)c3ccnnc3)CC1=CCC1C2CC[C@]2(C)C(n3cnc(Cl)c3)=CCC12,0,5,0.1361688153960581,3139
Cc1ccc2nc(-c3ccc(F)cc3)c(CC(=O)N3CCOCC3)n2c1,0,3,0.06841222131136736,4197
COCCCc1cc(CN(C(=O)[C@H]2CNCC[C@@H]2c2ccc(OCCOc3c(Cl)cc(C)cc3Cl)cc2)C2CC2)cc(OCC2(Cc3nn[nH]n3)CC2)c1,1,7,0.833388870061533,4198
CN1CC(CO)(C(O)(c2ccc(OC(F)(F)F)cc2)c2cccc(Cl)c2)C1,1,1,0.6848930743845333,1009
CC(C)(O)c1nc2cc(Cl)ccc2n1[C@H]1CC[C@@H](NCC2Cc3ccc(Cl)cc3C2)CC1,1,8,0.6671234609789196,2468
C[C@H]1COc2c(N3C[C@@H]4CCC[C@H](N)[C@H]4C3)c(F)cc3cc(C(=O)O)c(=O)n1c23,0,1,0.0315460761039268,1447
O=C(NCc1ccc(OCC(F)(F)F)nc1)C1c2ccccc2C(=O)N1CCc1ccccn1,0,4,0.06834663559255917,778
CC(C)N1CCN(CCN2CCN(c3cccc(Cl)c3F)C2=O)CC1,0,6,0.2875466164565878,2724
NC1CCN(c2c(NC(=O)c3ccccc3)cncc2-c2cc(Cl)cc(Cl)c2)CC1,1,1,0.34969531245570346,4199
C[C@H]1CN(c2ccc(C(=O)Nc3ccccc3N)cn2)CCN1C(=O)OCc1ccccc1,0,1,0.18088995286575216,4200
COc1cc(N(C)C2CN(CCCF)C2)ccc1[C@@H]1c2ccc3[nH]ncc3c2C[C@@H](C)N1CC1(F)CC1,1,4,0.967678444895786,2067
Cc1cc(F)ccc1-c1ccn2c(CC3CC3(F)F)nnc2c1Cl,0,8,0.2991278199862948,705
NC1CC1COc1ccc2ncc(F)c(CCC34CCC(NCc5ccc6c(n5)NC(=O)CO6)(CC3)CO4)c2n1,1,7,0.5869214301909509,909
Cc1nccnc1N(C(=O)N1CCC(c2ccccc2)CC1)[C@@H]1CCCNC1,0,10,0.09923415722205059,4201
COc1cccc(NC(=O)Cc2c(-c3ccc(F)cc3)nc3ccc(C)nn23)c1,0,1,0.10166995578448533,171
O=C1NCC(c2ccccc2)C12CCN(C1(c3ccccc3)CCOCC1)CC2,0,6,0.2407052089507441,4202
Cc1ncc(S(=O)(=O)N2CCC(c3cn4ncnc4cc3Cl)CC2)o1,0,9,0.15844501245763107,4203
CN1CCN(CC2CCN(c3cccc4[nH]c(-c5cc(F)cc(F)c5)nc34)CC2)CC1,0,1,0.5071652406151709,4204
COc1cc(Cl)nnc1C(O)c1cc(-c2ncnc3cc(N4CCOCC4)ccc23)c(F)cc1Cl,0,2,0.0038364751567482825,465
C[C@](O)(COc1ccc(F)cc1)C(=O)N1CCc2c(C#N)cccc21,0,1,0.18220404489086872,4205
COc1cc(NC2CN(CCCF)C2)c(F)cc1[C@@H]1c2ccc3[nH]ncc3c2C[C@@H](C)N1CC1(F)CC1,1,8,0.9627546704344938,2067
Cc1ccc2c(-c3nnc(SCCCN4CC5CC5(c5ccc(Cl)c(Cl)c5)C4)n3C)cccc2n1,1,2,0.9689729500416513,300
O=C(Cn1ncccc1=O)Nc1ccc(C[C@@H]2CC[C@H]([C@H](O)c3ccccc3)N2)cc1,0,7,0.04784008416206345,3361
CCc1nc(-c2ccc(OC)cc2)n(-c2cccc(C(=O)NCCCCn3nccn3)c2)n1,0,10,0.17626814234475613,4206
CC(=O)N(CCOc1ccc([N+](=O)[O-])cc1)CCc1ccc([N+](=O)[O-])cc1,1,4,0.7531482669721022,66
COc1cc([C@@](O)(CCN(C)C)[C@H](c2cc3cc(Br)ccc3nc2OC)c2cc(O)nc(OC)c2OC)cc(OC)n1,0,3,0.07448664831121071,1379
CNCC(=O)N1CCC(n2nc(C)c(Nc3ncc(Cl)c(-c4cnn5ccccc45)n3)c2C)CC1,0,3,0.06706723491427034,93
CCN1CCN(c2ccc(NC(=O)Nc3ccc(-c4cc(C(=O)NC)c5ncccc5n4)cc3)cc2C(F)(F)F)CC1,0,7,0.15607613297750406,4207
CC(C)n1nc([C@]2(c3cnn(C)c3)N[C@@H](c3nc(-c4ccc(F)cn4)c[nH]3)Cc3c2[nH]c2ccccc32)oc1=O,0,4,0.14222454294255793,1157
Cc1noc(C2CCN(C(=O)/C=C/c3ccc(C(F)(F)F)cc3Cn3nnc(C)n3)CC2)n1,0,10,0.04171038970998699,4208
O=C(Cn1cnccc1=O)Nc1ccc(C[C@@H]2CC[C@H]([C@H](O)c3ccccc3)N2)cc1,0,1,0.05088959595920139,4209
CN1c2nc(-c3ccc(Cl)cc3Cl)c(-c3ccc(Cl)cc3)cc2C(C(=O)NCO)CC1(C)C,1,5,0.5139302069716962,4210
C[C@@H]1OCC2(CCN(c3nc4[nH]nc(-c5ccnc(NC6CC6)c5Cl)c4c(=O)n3C)CC2)[C@@H]1N,0,7,0.20459369500427751,4211
CS(=O)(=O)N1CCN(c2ccc(-c3cc4nccnc4c(NC[C@@H]4CNCCO4)n3)cc2F)CC1,0,3,0.03538232261220709,447
c1ccc(CCCNCCC(c2ccccc2)c2ccccc2)cc1,1,6,0.8944792399521931,4212
COc1ccc2ncc(F)c([C@@H](O)CC[C@@H]3CCN(CCSc4cccs4)C[C@@H]3C(=O)O)c2c1,0,7,0.16627503636878407,1106
CCC[C@@H](CCO)Nc1nc(N)nc2cnn(Cc3ncc(C4CCN(C5CCN(C)CC5)CC4)cc3OC)c12,0,5,0.053199448840028835,2183
Cc1noc(-c2c(N)ncnc2N[C@@H](C)c2nc3cccc(C#CCO)c3c(=O)n2-c2ccccc2)n1,0,10,0.09681196880313381,4213
Cc1c(OCCNCCCF)ccc(F)c1[C@@H]1c2[nH]c3ccccc3c2C[C@@H](C)N1CC(C)(C)C(=O)O,0,4,0.04021619829796843,477
O=[N+]([O-])c1cn2c(n1)O[C@@H](COc1ccc(-c3ccc(F)cc3)nc1)CC2,0,3,0.21636416260039038,4214
CN(Cc1ccccn1)Cc1ccccc1CNc1ccnc2cc(Cl)ccc12,1,5,0.40690922148159153,4215
Cn1cc([C@@]2(c3ccc(C(=O)O)cn3)N[C@@H](c3nc(-c4ccc(F)cc4)c[nH]3)Cc3c2[nH]c2ccccc32)cn1,0,8,0.2790061170628521,3907
CCC[C@@H](CCO)Nc1nc(N)nc2cnn(Cc3cnc(CNC4CCOCC4)cc3OC)c12,0,9,0.03260509150019301,1038
COc1cc(C)c(C(O)c2cc(-c3ncnc4cc(N5CCOCC5)ccc34)c(F)cc2Cl)nn1,0,10,0.004978316196538659,465
N#Cc1ccc2cc1Oc1ccc3cccc(c3c1)N1CC[C@H](NCc3cncn3C2)C1=O,0,9,0.7305181978576505,4216
N#Cc1ccnc(Oc2nn([C@H]3C[C@H](F)C3)c3ncnc(N)c23)c1,0,3,0.10262487951055185,4217
CC(=O)Nc1cccc(Nc2ncnc(N3CCC(OCc4ccc(C(C)C)cc4)CC3)n2)c1C,1,1,0.16490799093526776,4218
OC(c1ccnnc1)c1cc(-c2ncnc3cc(N4CCOCC4)ccc23)c(F)cc1Cl,0,10,0.009335309961026472,2479
COc1ccc(C(NC(=O)c2cnc(-n3cccn3)nc2O)c2ccc(OC)cc2)cc1,1,5,0.0683919573387386,4219
COc1ccccc1C(=O)Nc1cccc(NC(=O)c2cccc(C)c2)c1,0,6,0.18440057716180822,1571
CCOc1cccnc1C(O)c1ccc(F)c(-c2ncnc3cc(N4CCOCC4)ccc23)c1,0,10,0.03325666307786303,1450
CNC[C@@H]1C[C@H](c2ccc(OC(F)(F)F)cc2)N1Cc1ccccc1OC(F)(F)F,0,9,0.5198923690052524,4220
O=C1OCCc2cc(CCN3CCN(C(=O)Cc4ccc(-n5cnnn5)cc4)CC3)ccc21,0,10,0.19991973011936603,4221
C[C@@]1(C(F)F)C(=N)N[C@](C)(c2nc(NC(=O)c3ccc(C#N)cn3)ccc2F)CS1(=O)=O,0,1,0.06865654589678961,1564
CN1CCN(Cc2ccc(OC3CN(C(=O)c4nnc(-c5ccccc5)o4)C3)cc2F)CC1,0,10,0.20705620633064575,2329
O=C(OCC1CCN(Cc2ccc(-c3ccccc3-c3nnn[nH]3)cc2)CC1)c1c2n(c3ccccc13)CCCO2,0,9,0.28983782558503357,4222
COc1ccc(CCN2CCC(Nc3nc4ccccc4n3CC3CCCCC3)CC2)cc1,1,3,0.8833365000128178,4223
COc1cc(OC)c2nccc(CCC34CCC(NCc5ccc6c(n5)NC(=O)CO6)(CC3)CO4)c2n1,1,6,0.9696390620786369,265
N#Cc1nc(CCCN2CCCCC2)cc(C2CCCCCC2)n1,1,6,0.707590015299855,4224
C[C@@H]1CN(c2nnc(C(F)(F)F)o2)CCN1c1ncc(OCc2ccc(OS(C)(=O)=O)cc2F)cn1,0,7,0.06085901467390048,694
OC(c1ccc(F)c(-c2ncnc3cc(N4CCOCC4)ccc23)c1)c1c(F)cncc1F,0,6,0.011085467340317626,1974
CCC[C@@H](CCO)Nc1nc(N)nc2cnn(Cc3ncc(C4=CC5(CCN(C6CCOCC6)CC5)C4)cc3OC)c12,0,9,0.09848356183462773,4225
Cc1ccc(NC(=O)c2cccc(C(F)(F)F)c2)cc1C#Cc1nn(C[C@H](C)CO)c2ncnc(N)c12,0,10,0.17586737870193778,3510
CC(C)(C)NC(=O)C1c2ccccc2C(=O)N1Cc1ccccc1-c1ccc(F)cc1,0,4,0.03193065503826411,422
Cc1cc(OCc2c(-c3c(Cl)cccc3Cl)noc2C2CC2)ccc1C1=NOC(c2cc(C(=O)O)nn2C)C1,0,10,0.10857114868453989,621
OC[C@H]1Cc2cc(Cl)ccc2-n2c(nnc2[C@H]2CC[C@H](Oc3ccccn3)CC2)C1,0,10,0.1996107417959286,391
N[C@H](C(=O)N1CC[C@@H](F)C1)[C@H]1CC[C@H](NC(=O)c2ccc(F)c(F)c2)CC1,0,10,0.02941753453090446,2873
CNCC(Cc1ccccc1O)c1ccc2ccccc2c1,0,5,0.17730349912790294,590
CS(=O)(=O)C1(c2cc(N3CCOCC3)nc(-c3cccc4[nH]ccc34)n2)CC1,0,10,0.03556303843841784,3894
CN(C)CCC1=C(Cc2cnccn2)c2ccc(Cl)cc2C1,1,5,0.7649955621539959,941
FC1(F)CC1Cc1nnc2cc(-c3cccc4c3OCC4)ccn12,0,3,0.12442602323568565,4226
C[C@H]1CCc2c([nH]c3ccccc23)[C@@]2(N1)C(=O)Nc1ccc(Br)cc12,0,1,0.35559078580063097,4227
FC(F)(F)c1cc(-n2cc(Cn3ccnc3C3CC3)nn2)ccc1Cl,1,8,0.9592002464918782,428
CC1(C)COCc2sc(N3CCN(C(=O)[C@@H]4CCCC[C@H]4C(=O)NC4(C#N)CC4)CC3)nc21,0,4,0.10737838615943456,4228
CC1(C)Oc2ccc(NC(=O)c3cnc(C(F)F)cn3)cc2[C@@]2(COC(N)=N2)C12CC2,0,4,0.06940839214436556,1389
CCOC(=O)C1=C(CN2CCOC[C@H]2C(=O)O)NC(c2nccs2)=NC1c1ccc(F)cc1Br,0,8,0.03138398596361213,754
O=C(O)c1ccc(CCCCN2CCC(C(O)(c3ccccc3)c3ccccc3)CC2)cc1,0,6,0.6488626738555379,1095
CNC(=O)C(c1ccc(F)c(-c2ncnc3cc(N4CCOCC4)ccc23)c1)c1ncccc1Cl,0,8,0.04235861912882379,1450
Cc1ccc(CCN2CCC(Nc3ncnc4[nH]ncc34)C(F)(F)C2)cc1,0,9,0.252072246086669,1823
OC(c1cc(-c2ncnc3cc(N4CCOCC4)ccc23)ccc1Cl)c1ncnc2ccoc12,0,4,0.008950960160233841,150
CC1(C)[C@H](Nc2c(C(N)=O)cnn3cc(-c4ccncc4F)cc23)CC[C@]1(C)N,0,8,0.01972985374760972,1819
CCOc1cc2nccc(Nc3n[nH]c(C)c3C)c2cc1S(=O)(=O)C(C)(C)C,0,5,0.04354150503364595,928
O=C(Nc1ccc([C@H]2CNCCO2)cc1)c1ccc(C(F)(F)F)nc1,0,6,0.06533608946960416,1083
CN1CCOc2c1cnn1c(-c3ccc4cccc(NC5CCCCC5)c4n3)nnc21,0,7,0.22228793958475854,4229
NC(=O)c1cccc2c1CC1(CCN(c3cnc(Sc4ccnc(N)c4Cl)c(N)n3)CC1)[C@@H]2N,0,6,0.24317755743497826,1529
COCCOCC#Cc1cc(-c2n[nH]c3c2Cc2ccc(Cn4cncn4)cc2-3)cs1,0,2,0.1992806539931949,4230
O=C(CNc1ncnc2ccc(C(F)(F)F)cc12)NC1CN([C@H]2CC[C@@](O)(c3cncs3)CC2)C1,0,4,0.0334741797402298,76
O[C@H](COc1ccc(Cl)cc1)CN1CCN(Cc2ccc(Cl)cc2)CC1,1,2,0.7276118020319268,2631
C=C(c1ccc(NC(N)=O)cc1)c1ccc2c(c1)Nc1ccccc1S2,0,6,0.2522172946835407,4231
CC(C)N(CCC(C(N)=O)(c1ccccc1)c1ccccn1)C(C)C,0,2,0.20564720811901785,3992
O=C(c1cc[n+]([O-])cc1)N1CCC2(CCN(Cc3cccc(Oc4ccccc4)c3)CC2)CC1,0,4,0.6730124550647586,4232
CC(=O)NC1CCN(Cc2ccc(Oc3nc4ccccc4s3)cc2)CC1,0,4,0.1765221794260301,591
Cc1ncn(C2CCN(C(=O)/C=C/c3ccc(C(F)(F)F)cc3Cn3nnc(C)n3)CC2)n1,0,10,0.07431848818201449,4233
C[C@@H]1CCCN1CCc1ccc2nc(-c3cn4c(n3)SCC4)ccc2c1,0,8,0.4062070862442097,4234
COC(=O)C1(CNC(=O)c2cc(Cl)cc(Cl)c2)CCN(Cc2ccc(OC)cc2)CC1,1,6,0.8477597213432543,574
O=C(N1CCCN(C2CCC2)CC1)N1CCC2(CCN(S(=O)(=O)c3ccccc3)CC2)C1,0,6,0.0873442908624023,4235
Cc1nnc(C(C)C)n1C1CC2CCC(C1)N2CC[C@H](NC(=O)C1CCCCC1)c1cc2c(s1)OCO2,0,8,0.3796052013955104,4236
CCC(=O)CCCCC[C@H](NC(=O)[C@H]1CC12CCN(CC)CC2)c1ncc(-c2cc3ccc(=O)n(C)c3cc2OC)o1,0,5,0.05195121274736861,4237
O=C(Nc1ccn(-c2ccnc(F)c2)n1)C1(c2ccccc2F)CC1,0,9,0.1727459639187013,4238
N#CC1(NC(=O)[C@@H]2CCCC[C@H]2C(=O)N2CCN(c3nc4c(s3)COCC4)CC2)CC1,0,10,0.049447035945313814,4228
COc1c(N2CC[C@@H]([C@@H](N)CC#N)C2)ccc2c(=O)c(C(=O)O)cn(C3CC3)c12,0,3,0.03499289349638508,280
CNC(=O)c1nn(C)c2ccc(Nc3nccc(-n4cc(CN(C)C)c(F)n4)n3)cc12,0,4,0.059952408281346264,4239
C[C@]12CC[C@H](C(F)F)C[C@H]1C[C@@H](N1CCC[C@@H](N)C1)[C@@H]2Oc1ccc(C#N)cc1,0,9,0.1743679152796698,1759
Cc1nc2ccccc2n1C1CC2CCC(C1)N2CCC1(c2ccccc2)CCN(C(=O)c2cccc(C(=O)NO)c2)CC1,0,7,0.18296003140795838,305
COC1CC=C(c2cc(C(N)=O)nc3cc(CN4C(=O)CCC4=O)ccc23)CC1,0,4,0.08022470229687656,3469
CNC[C@H](c1ccc2ccccc2c1)[C@H](OCC(=O)NC1CC1)c1ccccc1,0,4,0.0954118381078977,4240
Cc1nsc(-c2nnc3n2CCN(C(=O)c2ccc(Cl)cc2)C3)n1,0,10,0.061320106804081835,638
CC(=O)c1nn(-c2ccc(C)cc2)/c(=N/c2nc(-c3ccccc3)cc(-c3ccccc3)c2C#N)s1,0,9,0.08075234910163188,2236
CCCCN1CCC[C@@H]1Cn1nc(Cc2ccc(Cl)cc2)c2cccnc2c1=O,1,3,0.8869987080927687,4241
COc1cc(-c2cn(C3CCCC(C(C)(C)C)NC3=O)nn2)ccc1-n1cnc(C)c1,0,10,0.15429302311272017,1178
NC(=O)Nc1sc(-c2ccccc2)cc1C(=O)N[C@H]1CCCNC1,0,1,0.08454670508941606,4242
CC(C)N(C(=O)c1ccccc1C(F)(F)F)[C@H]1CCNC1,0,5,0.043213385474838745,363
Nc1ccnc(Nc2ccc(Oc3ccc(C(F)(F)F)cc3)cc2)n1,1,1,0.700551226942176,4243
Cc1nc(C)n(CC(=O)N2CCN(c3sc(C(F)(F)F)nc3-c3cnc(OC4CCC4)nc3)C[C@H]2C)n1,0,9,0.14281931367249867,4244
COCc1nnc(N2C[C@@H]3C[C@]3(c3ccc(F)cc3Cl)C2)n1-c1ccc(OC)nc1,0,8,0.28730417664052227,4245
O=C(NC(c1ccccc1)c1ccccc1)[C@@H]1CC[C@@H](N2CCOCC2)C[C@H]1c1ccccc1,1,6,0.6230787968849744,322
C[C@H]1COc2c(N3CC[C@@H](C4(N)CC4)C3)cc(Cl)c3cc(C(=O)O)c(=O)n1c23,0,1,0.05188026412090967,2492
CC(C(O)c1ccc(O)cc1)N1CCC(Cc2ccccc2)CC1,1,8,0.39821347359157444,4246
CCCOc1c(CCC)cc(-c2ccccc2C(=O)O)cc1NC(=O)Nc1ccc(C)cc1,0,6,0.20925224067178705,4247
Cc1c([C@@H]2c3[nH]c4ccccc4c3C[C@@H](C)N2C[C@@H](C)C(=O)O)ccnc1OCCN(C)CCCF,0,7,0.07924316270205466,774
O=C1NC(=O)/C(=C\c2ccccc2OCc2nnc(-c3ccccc3)o2)S1,0,10,0.11839782221136079,4248
CN1C[C@@H]2C[C@H]1CN2c1ccc(-c2ccc3occc3c2)cn1,1,7,0.8650649605762146,4249
C[C@@H](CO)OC[C@H](Oc1ncnc2c1cnn2-c1ncccc1Cl)C(=O)Nc1ccc(F)cn1,0,2,0.004586954874086643,3
COC(=O)N[C@H]1CC[C@@H](n2cc(-c3ccc(Cl)c(N)c3)c3c(N)ncnc32)CC1,0,4,0.1156736148079465,4250
C[C@H]1OC(=O)[C@]2(C(N)=O)CC(F)(F)[C@@H](C)[C@H](/C=C/c3ccc(-c4cccnc4C#N)cn3)[C@H]12,0,2,0.04566485033815294,24
Cc1ccc(-n2cc(Cn3ccnc3C3CC3)nn2)cc1F,1,6,0.9430193787758159,428
O=c1c2nccn2c2cc(F)c(-c3ccncc3)cc2n1C1CC1,0,2,0.2585359733475709,4251
CCOC(=O)N1CCN(Cc2nnc(-c3cc(Cl)ccc3F)o2)CC1,0,9,0.1769588841207656,3521
OC1CCN(Cc2ccc(Oc3ccc(-c4ccn[nH]4)cn3)cn2)CC1,0,9,0.13248627887938094,330
Nc1ncc(-c2cn(C34CC(N5CCOCC5)(C3)C4)c(C3CC3)n2)cc1OC(F)(F)F,0,8,0.16346443572825262,4252
Cc1cc(F)ccc1-c1cc2c(cn1)ncn2-c1ccc(OC(F)F)cc1,1,5,0.31146012687404306,3119
Nc1nccn1Cc1cn(-c2ccc(F)c(C(F)F)c2)nn1,1,1,0.8291145162827533,23
O=C(c1ccccc1)N1CCC2(CC1)CCN(C(=O)N1CCCN(C3CCC3)CC1)C2,0,5,0.06965149179505424,4253
CCN(CCO)C(=O)c1cc2cccnn2c1-c1cccc(C)c1,0,7,0.1011884124650429,4115
O=C(CNc1nn(CCO)c2ccc(C(F)(F)F)cc12)NC1CN([C@H]2CC[C@@H](c3nccs3)CC2)C1,0,6,0.15361269275053388,2450
C[C@H]1OC(=O)[C@]2(C(O)C(N)=O)CC(F)(F)[C@@H](C)[C@H](/C=C/c3ccc(-c4ccccc4C#N)cn3)[C@H]12,0,3,0.03968506229210059,277
CCN1CCN(Cc2ccc(Nc3ncc(F)c(-c4cc(F)c5nc(C)n(C(C)C)c5c4)n3)nc2)CC1,0,6,0.35614893140146026,4254
CCc1sc(-c2cn(CC3CCOCC3)c3c(Cl)cccc23)nc1CN(CC)CCO,1,6,0.7328274037978004,519
CC(=O)NC[C@@H]1OC(=O)N2c3cc(F)c(N4CC[S+]([O-])CC4)cc3OC[C@@H]12,0,5,0.12115566546996566,4255
Cn1cc(NC(=O)[C@@H]2CCCC[C@H]2C(=O)c2ccc(-c3cc[nH]n3)cc2)c(C(F)(F)F)n1,0,6,0.10638484540665198,544
COc1cccc([C@@H](C)N2[C@@H]3CC[C@H]2C[C@H](Oc2cccc(C(N)=O)c2)C3)c1,1,4,0.8854926728852526,417
N#Cc1ccc(CNC(=O)c2ccc3nc(N)sc3c2)cc1,0,2,0.044625713667102315,2140
CC(C)[C@]1(C(=O)NCc2cc(C(F)(F)F)cc(C(F)(F)F)c2)CC[C@@H](N2CCC(c3ccncn3)CC2)C1,1,7,0.7227971137371895,2496
COc1cncc(OCC2CNC2)c1-c1cc(Nc2cnc(C#N)cn2)n[nH]1,0,10,0.09403431598617587,4133
COc1cnc(-c2ccccc2C(F)(F)CNC(=O)c2ccc(COCC(F)(F)F)nc2)cn1,0,8,0.09638504972731393,947
O=C1N(CCN2Cc3ccccc3C2)CCN1Cc1cc(Cl)ccc1Cl,1,4,0.7525453346893577,3204
Cc1cc(C)cc(NC(=O)c2cncc(-c3ccc(C#N)cc3)c2)c1,0,1,0.24097966799277523,4256
COc1ccc(NC(=N)NCCCOc2ccc(F)cc2)cc1,1,9,0.5425949036259822,2083
CCN(CC)C(=O)c1ccc(C2=CC3(CCNCC3)Oc3cc(O)ccc32)cc1,0,2,0.1872634791930545,151
O=C1COc2ccc(CNC34CCC(CCc5c(F)cnc6ccc(OC[C@H]7C[C@@H]7C(=O)O)nc56)(CC3)OC4)nc2N1,0,4,0.504685318378011,909
Cc1cc2cccc(C(=O)N[C@H]3CC[C@@]4(O)[C@H]5Cc6ccc(O)c7c6[C@@]4(CCN5CC4CC4)[C@H]3O7)c2[nH]1,1,4,0.43493016272843893,4257
O=C(NCCCOc1cccc([C@](O)(C(=O)O)c2ccccc2)c1)c1ccc(CNC[C@H](O)c2ccc(O)c3[nH]c(=O)ccc23)cc1,0,8,0.2967360892832561,4258
CCCCCCCNC[C@H](O)c1cc(C(F)(F)F)nc2c(C(F)(F)F)cccc12,0,1,0.43263275709128274,1541
OC(c1cc(-c2ncnc3cc(N4CCOCC4)ccc23)ccc1F)c1ncnc2sccc12,0,3,0.018999969927833555,865
OC(c1cccnc1)(c1cccnc1)C(c1ccccc1)N1CCC1,0,9,0.09729545081491518,4259
CCCc1nccn1Cc1cn(-c2ccc(Cl)c(Cl)c2)nn1,1,5,0.9872208743652838,23
CCOc1ccc2cc(-c3nn(C(C)CCO)c(N)c3C(N)=O)ccc2n1,0,8,0.01256048896001456,179
CN(C)c1ccc(/C=C/c2c(F)cccc2Cl)cn1,0,4,0.21976083475951966,2889
FC(F)(F)Oc1ccc(OC2CC2)c(CNC2CCC3CCC2(c2ccccc2)N3)c1,1,8,0.7018937767472706,3105
Cc1cnc(-c2ccc3c(c2)CCN(CCCSc2nnc(-c4ccc5[nH]ccc5c4)n2C)CC3)o1,1,5,0.8974625542734611,4260
CCC(NC(=O)c1ccc(Cl)cc1)[C@H]1[C@@H]2C[C@@H](n3cnc4cccnc43)C[C@@H]21,0,5,0.6808173932874199,3163
COc1ncc(-c2nc(NCc3ccccn3)c3c(-c4ccccc4)cccc3n2)cn1,0,8,0.2815074927784294,3707
CCNC(=O)c1ccc2c(c1)nc(-c1cccn(C)c1=O)n2[C@H]1CCN(CC2(O)CCCCC2)C[C@@H]1C,0,1,0.1721351656670148,4261
C[C@@H]1CN(C(=O)c2ccccc2)CCN1C(=O)C(=O)c1c[nH]c2cccnc12,0,7,0.08640410139184329,4262
CCNCCN1CCCc2cc(NC(=N)c3cccs3)ccc21,0,2,0.13727049819080953,2227
N#Cc1cc(-c2ccc(C(=O)O)c(O)c2)c2oc(F)cc2c1,0,7,0.15460530821853583,4263
Cn1cc(-c2cc(C(N)=O)nc3cc(CN4CCOC(C5CC5)C4)ccc23)cn1,0,1,0.05427428707236192,4264
Cn1c(NC2CCN(CCc3ccc(-c4nc(C(F)(F)F)no4)cc3)CC2)nc2ccccc21,1,4,0.8351413343727926,999
Cn1c(=O)n(CC(=O)N2CCC2)c2cc(-c3ccc(C(F)(F)F)s3)cnc21,0,3,0.03930152732971519,4265
Cc1nn(-c2ccc3c(c2)CNC3)c(C)c1-c1ccc(F)cc1,0,7,0.3456671745659546,4266
CN1CCC(C(=O)Nc2nc(-c3ccc(F)cc3)c(-c3ccnc(Nc4ccc(N5CCNCC5)cc4)n3)s2)CC1,0,2,0.11846701306315756,4267
Cc1ncoc1-c1nnc(SCCCN2CCc3ccc4oc(C(F)(F)C(F)(F)F)nc4c3CC2)n1C,1,2,0.8821957760921609,98
C[C@H](Nc1c(C(N)=O)nnc2ccc(-c3ccc(OCCCN(C)C)nc3)cc12)C1CCOCC1,0,5,0.09071204268399621,3943
COc1cc2nc(N3CCN(C(=O)C4CCCO4)CC3)nc(N)c2cc1OC,0,7,0.07441519587260566,4268
O=c1ccc2c([nH]1)CCC(NCCCCCCNc1c3c(nc4cc(Cl)ccc14)CCCC3)C2,0,8,0.4437819228134191,4269
O=C(O)C1(F)CCN(C2CC[C@]3(Cc4ccccc4Cc4ccccc43)C2)CC1,0,5,0.2894929279279581,4270
CNC(=O)[C@@H]1C[C@H](n2cc(C3CC3)nn2)CN1C(=O)c1ccc(CN)c(OC)c1,0,5,0.06222405942078532,4271
Cc1c(C(F)CN2CCN(C(=O)Cc3ccc(-n4cnnn4)cc3)CC2)ccc2c1COC2=O,0,6,0.030233797413855252,670
CC(C)N(CCO)Cc1csc(-c2cn(CC3CCOCC3)c3c(Cl)cccc23)n1,1,9,0.8899549911549955,519
FC(F)Oc1ccccc1CC(c1ccccc1)N1CCNCC1,0,8,0.2049015700431042,779
COc1cc(Oc2c(-c3ccc(F)cc3C(C)(C)F)sc3c2ccc2[nH]ncc23)ccc1OC1CN(CCCF)C1,0,7,0.1472265674389906,1486
O=C1COc2ccc(CNC3CCN(CCn4c(=O)ccc5ccc(Oc6ccon6)nc54)CC3)nc2N1,0,5,0.07334678911575027,4272
COc1ccc2ncc(F)c([C@H](O)[C@@H](O)C34CCC(NCc5ccc6c(n5)NC(=O)CO6)(CC3)CO4)c2n1,0,2,0.22941522230932235,265
Cc1nccnc1/C(C(=O)O)=C1/C=CC(=O)C(c2ncnc3cc(N4CCOCC4)ccc23)=C1,0,7,0.057879083044252495,4273
Fc1ccc([C@]2(CCNCc3cccc(Cl)c3)CCO[C@]3(CCOC3)C2)nc1,0,4,0.32315955767524407,2365
Cn1cc(-c2ccc3c(c2)CC[C@]32NC(=O)N(CC(=O)N3Cc4cc(F)ccc4OC[C@H]3C(F)(F)F)C2=O)cn1,0,3,0.19046406390285425,4274
CCOc1ccccc1-c1cc2c(N[C@H](CCO)c3ccccc3)ncnc2[nH]1,0,4,0.10087335968895934,1131
CS(=O)(=O)Nc1ccc(OC[C@@H](O)CN2CCN(c3ccc(Cl)cc3)CC2)cc1,1,8,0.35580466016231516,551
CC#CC(=O)Nc1cc(-c2cc3c(cn2)cc(-c2c(Cl)c(OC)cc(OC)c2Cl)c(=O)n3CC)c(OC)cc1N1C[C@H]2C[C@@H]1CO2,0,7,0.2102576321094916,4275
Cc1ccc(Cc2cc[n+](C)c(COc3ccc(C)cc3)c2)cc1,1,3,0.7641378522198714,4276
CN(C)c1nc2c(CCC34CCC(NCc5ccc6c(n5)NC(=O)CO6)(CC3)CO4)ccnc2cc1F,1,1,0.9757650287438302,265
COc1ncnc(Cn2cc(C(=O)NCCO)c3ncc(C)cc32)c1C,0,9,0.015230481711049482,476
CC(C)(CC(O)(Cc1cc2cc(N3CCOCC3)ncc2[nH]1)C(F)(F)F)c1ccccc1S(C)(=O)=O,0,10,0.17003240011973492,4277
NC(=O)c1c(-c2ccc3ccccc3c2)nn(CC(F)(F)F)c1N,0,5,0.11095357793006254,33
O=C(CCCS(=O)(=O)c1ccccc1)Nc1cc[nH]c(=O)n1,0,6,0.10302084057337921,563
CN(C)CCC(Oc1cccc2c1OCO2)c1cccc(F)c1,1,3,0.7965213557602991,1414
N#Cc1ccc2ccc(=O)n(CCN3CC[C@@H](NCc4ccc5c(n4)NC(=O)CO5)[C@@H](O)C3)c2c1,0,9,0.05157005605193307,4278
CS(=O)(=O)c1ccc(CCN2CCN(CCc3ccc([N+](=O)[O-])cc3)CC2)cc1,1,10,0.8146360827198161,210
CN(C)C(=O)c1ccc(-c2ccc3c(c2)CCN(CCN2CCCC2)C3=O)cc1,0,10,0.15645837726431847,796
CC[C@](O)(c1cn(Cc2ccc3c(-c4cccc(F)c4)c(C(N)=O)sc3c2)nn1)C(F)(F)F,0,8,0.07700542874873426,142
Cc1nnc(CNc2cc(OC[C@H]3C[C@@H]3c3ccccn3)nc3cccnc23)s1,0,8,0.2652902738544763,4279
Cc1c([C@H]2CN3CCN(C(=O)Cc4ccc(-n5cnnn5)nc4)C[C@H]3CO2)ccc(F)c1C#N,0,2,0.0268653219209307,739
CC(C)(O)[C@H]1CC[C@H](NC(=O)c2cnc3nc(C4CC4)ccc3c2)CC1,0,3,0.104281681264677,4280
CN1CC(c2c[nH]c3cc(-n4ccc(OCc5ccccc5)cc4=O)ccc23)C1,0,3,0.45995981276654513,4281
CCOP(=O)(Cn1ccc(NC(=O)c2cc(Oc3cnc(C(N)=O)cn3)cc(OC(C)C)c2)n1)OCC,0,6,0.026598746654191048,2832
Cc1cc(Nc2ncc(Cl)c(Nc3ccccc3S(=O)(=O)C(C)C)n2)c(OC(C)C)cc1C1CCNCC1,0,2,0.25025778388166037,42
CC(C)S(=O)(=O)N[C@H]1CN(C)C[C@@H]1c1ccc(-c2cccc(S(C)(=O)=O)c2)cc1,0,1,0.16434329389260904,1121
CC(NC(=O)C1(N)CCN(c2ncnc3[nH]ccc23)CC1)c1ccc(S(C)(=O)=O)cc1,0,8,0.03324268548664615,667
Cc1ccc(S(=O)(=O)N/N=C/c2cn(CC(=O)Nc3ccccc3Cl)c3ccccc23)cc1,0,1,0.1472373146933256,594
O=C1COc2ccc(CNC3CCN(CCN4C(=O)COc5ccc([N+](=O)[O-])cc54)CC3)nc2N1,0,4,0.11181160354405761,1747
COCCOc1ccc(C(O)c2cc(-c3ncnc4cc(N5CCOCC5)ccc34)c(F)cc2Cl)nn1,0,5,0.005358701476716134,465
Nc1ccnc(Nc2ccc(Oc3ccc(OC(F)(F)F)cc3)cc2)n1,1,9,0.5509974448824316,4243
Cc1nc2ccccc2n1C1C[C@H]2CC[C@@H](C1)N2CC[C@H](NC(=O)C1CCSCC1)c1cccc(F)c1,1,6,0.39164661878405793,4282
Cc1ccc(CCCCN2CCC(C(O)(c3ccccc3)c3ccccc3)CC2)cc1,1,3,0.7083624247176421,1095
Cc1c(OCCNCCCF)ccc(F)c1[C@@H]1c2[nH]c3ccccc3c2C[C@@H](C)N1CCC(=O)O,0,8,0.09642849110812735,477
CC(C)N(C)[C@@H]1CC[C@H](N2CC[C@H](NC(=O)c3cc(F)cc(C(F)(F)F)c3)C2=O)[C@H](CS(=O)(=O)c2ccccc2)C1,0,5,0.1091735621485276,2138
COc1cc(F)ccc1-c1cnc2sc(N3CC[C@@](C)(N)[C@H](O)C3)nn12,0,2,0.030312648368296523,748
CCCCN1CCC[C@@H]1Cn1nc(Cc2ccc(Cl)cc2)c2cnccc2c1=O,1,9,0.7862162449870042,4283
COc1ccc(CNC(=O)c2sc3nnc(C)c(C)c3c2N)cc1F,0,8,0.08651083174273135,4284
OC(c1cccnc1)(c1cccnc1)C(c1ccccc1)N1CCCCC1,0,6,0.10228683848300606,4285
COc1ccc(-c2nn(-c3cccc(NC(=O)c4cccc(C(F)(F)F)c4)c3)cc2-c2ccncc2)cc1Cl,0,5,0.29785369073695556,4286
O=C1OCCc2cc([C@@H]3CN4CCN(C(=O)Cc5ccc(-n6cnnn6)cc5)C[C@H]4CO3)ccc21,0,3,0.039452043872696706,4287
C[C@@]1(N2CCC(c3cc4cc(NC(=O)[C@H]5CC56CCOCC6)ncc4cc3Cl)CC2)COC[C@@H]1O,0,4,0.11065920059224815,4288
Cc1nccn1Cc1cn(-c2cccc(C(F)(F)F)c2)nn1,1,6,0.9594679620748131,23
CN1Cc2ccccc2[C@@H](c2ccccc2)N=C1OCc1ccc(NS(C)(=O)=O)cc1,0,6,0.2850480058843589,988
OCC[C@@H](Nc1ncnc2[nH]c(-c3ccccc3)cc12)c1ccccc1,0,10,0.12761703607308697,1131
COc1cccc2c1[C@H](c1ccccc1)N(C(=O)CNC[C@@H](C)O)CC2,0,3,0.13807123949773034,4289
CC1(O)CCN(C2CCN(c3nnc(N)[nH]3)CC2)[C@@H](Cc2ccc(Cl)cc2)C1,0,8,0.06533284955693247,1436
CN1CCN(c2ccc(Nc3nccc(-c4sc(C5CCNCC5)nc4-c4ccc(F)cc4)n3)cc2)CC1,0,3,0.2714474145081986,1527
O=S1(=O)c2cccc3cccc(c23)N1CCCN1CCN(c2ccc(F)cc2)CC1,1,4,0.7014931305013661,4290
CC(C)(CO)n1nc(-c2cnc3cc(OC4CC4)ccc3c2)c(C(N)=O)c1N,0,8,0.026060238293748973,1996
Cc1ccc2c(N3CCN(CCc4cccc5c4OCc4nc(C)c(C)n4-5)CC3)cccc2n1,1,7,0.8067458939408136,1691
Cn1cnc2ncnc(C(O)c3cc(-c4ncnc5cc(N6CCOCC6)ccc45)c(F)cc3F)c21,0,8,0.004887194905380839,1574
COc1ccc2nccc(CCC34CCC(NCc5ccc6c(n5)NC(=O)CO6)(CC3)CO4)c2n1,1,3,0.9496863973919187,265
CCC(NC(=O)c1ccc(Cl)cc1)[C@H]1[C@@H]2C[C@@H](n3cnc4cc(C#N)ccc43)C[C@@H]21,1,10,0.7678404795692317,118
C[C@H]1c2c([nH]c3ccc(C(F)(F)F)cc23)C[C@H]2CCN(CCCC3CCOCC3)C[C@@H]21,1,6,0.6656981498722911,3140
Cn1c(=O)n(CCCO)c(=O)c2c1nc(C1(F)CCC(F)(F)CC1)n2Cc1ccc(F)cc1,0,5,0.08133916674543706,416
CS(=O)(=O)Nc1ccc(CCN(CCCCCCNC(=O)c2ccc3c(c2)C(=O)OC32c3ccc(O)cc3Cc3cc(O)ccc32)CCOc2ccc(NS(C)(=O)=O)cc2)cc1,1,1,0.7367820032159614,1902
Cc1cc2ncccc2cc1Nc1ncc2c(n1)n([C@@H]1CNC[C@H]1F)c(=O)n2C,0,1,0.08657013565689929,462
CCNC(=N)NC(=O)Nc1c(CC)cccc1CC,0,8,0.15537354594318528,156
CCCCOC(=O)N1CCN(C(=O)[C@H](CCC(=O)O)NC(=O)c2cc(N3CCC(C(=O)N4CCCC4)CC3)cc(-c3ccccc3)n2)CC1,0,7,0.1275447559768313,154
COc1cc(NC(=O)c2ccc(-c3ccc(Cl)cc3)o2)cc(OC)c1,0,10,0.3106456360783623,794
N#Cc1nc(NCc2ccccn2)c2c(-c3ccccc3)cccc2n1,0,1,0.28897990640269244,2278
COC(=O)Nc1c(N)nc(-n2nc(Cc3c(F)ccc(F)c3F)c3cc(Cl)ccc32)nc1N,0,7,0.11989228624671067,458
COCCCc1cc(CN(C(=O)[C@H]2CNCC[C@@H]2c2ccc(OCCOc3c(Cl)cc(C)cc3Cl)cc2)C2CC2)cc(OCC(C)(C)O)c1,1,10,0.9094006351215352,730
C[C@@H](OC(=O)Nc1c(-c2ccc(NC(=O)c3cnc(C(F)(F)F)nc3)cn2)nnn1C)c1cc(F)cnc1F,0,6,0.17443391320289758,4291
CNCc1cc(C(F)(F)F)ccc1Oc1ccc(C)cc1,0,10,0.5394602849994816,604
CCC(O)(c1cn(Cc2ccc3c(-c4ccccc4)c(CO)sc3c2)nn1)C(F)(F)F,0,9,0.28324523150461717,142
C[C@@H]1CN(c2sc(C(F)(F)F)nc2-c2cnc(C(F)(F)F)nc2)CCN1C(=O)Cn1cnc(C#N)n1,1,7,0.7715979858581328,115
CCC(C)n1ncn(-c2ccc(N3CCN(c4ccc(OCC5COC(Cn6cncn6)(c6ccc(Cl)cc6Cl)O5)cc4)CC3)cc2)c1=O,0,1,0.27130592723118685,4292
Clc1cc2cnc(Nc3cnn(C4CC4)c3Cl)nc2cc1N1CCN(C2COC2)CC1,0,5,0.1743901388393234,4293
COc1cccc(N2CCN(Cc3nc4c5cccc(OC)c5nc(N)n4n3)[C@H](C)C2)c1,0,9,0.022561617334318957,288
COc1ccc(C(O)c2cc(-c3ncnc4cc(N5CCOCC5)ccc34)ccc2F)nn1,0,6,0.0025380313199105144,465
O=C(NC(=S)Nc1cc(C(F)(F)F)ccc1Cl)c1ccccc1,1,8,0.4092391744901512,4294
CC(C)c1cc(C#N)cc2nc(-c3ccc(C(=O)NCC4CN(c5ccc(-c6ccccc6OC(F)(F)F)cn5)C(=O)O4)cc3)oc12,0,10,0.14776546666231083,148
CCOCCn1c(N2CC[C@H](N(C)C)C2)nc2ccccc21,1,2,0.4292515925214077,4295
COc1ccc2nccc(CCN3CCC(NC(=O)c4cc(F)c(Cl)c(F)c4)CC3)c2n1,1,7,0.7160534392426071,2773
CCNC(=O)Nc1cccc(CCN2CCN(c3cccc4nc(C)ccc34)CC2)c1,1,5,0.7045557131926447,4296
Cn1cc(-c2ccc3c(c2)ncn3-c2ccc(CC(=O)Nc3cc(C(C)(C)C)no3)cc2)cn1,0,1,0.1547000065007196,2427
c1ccc(-c2c[nH]c([C@H]3Cc4c([nH]c5ccccc45)C(C4CCOC4)N3)n2)cc1,1,10,0.8145481758892803,4297
COc1ccc(-c2nnc(C(=O)N3CCC(Oc4ccc(CN5CCCC5)cc4)CC3)o2)cc1,0,1,0.11335616631479822,1624
Cc1ccc(OC(C)C)c(-c2ccc(N3CC(CNC(=O)c4ccc(-c5nc6cc(C#N)cc(C(C)C)c6o5)cc4)OC3=O)nc2)c1,0,2,0.0323720018135894,148
O=C(CNc1n[nH]c2ccc(C(F)(F)F)cc12)NC1CN([C@H]2CC[C@@H](c3cncs3)CC2)C1,0,7,0.13273081870871004,3392
CCc1cc(-c2cnn(C)c2)cc(S(=O)(=O)c2cnc(CN)s2)c1,0,4,0.060361252419984815,3982
CC(C)(C)OC(=O)N1CC(N2C(=O)c3ccccc3C2C(=O)NCc2ccc(OC(F)(F)F)cc2)C1,0,4,0.04453027421199532,4298
Cc1c(Cl)cccc1C(=O)N(CC(C)C)[C@H]1CCNC1,0,4,0.04393187973980659,363
CS(=O)(=O)Cc1ccc(CN2[C@@H]3CC[C@H]2C[C@H](Oc2cccc(C(N)=O)c2)C3)cc1,1,9,0.5220746686021775,417
Nc1cncc(Nc2ccc(Oc3ccc(Cl)cc3)cc2)c1,1,4,0.5844327723933381,4299
O=C1CN(CCc2ccc(F)cc2)CCN1[C@H]1CCc2cc(CN3CCOCC3)ccc2C1,0,9,0.29709015534483335,4300
CCCCN1CCC2(CC1)OC(OC)c1c2cnn1-c1ccccc1,1,8,0.6939433177103763,4301
CC#CC(=O)N[C@H]1CCCN(c2c(F)cc(C(N)=O)c3[nH]c(C)c(C)c23)C1,0,1,0.1390390170599968,4302
N#Cc1ccc2c(=O)cc(C(=O)NC3CCN(Cc4ccc5c(c4)OCO5)CC3)oc2c1,1,7,0.7282424487086562,481
CC(C)(C)NC(=O)NCCN1CCOC(CNC(=O)c2cc(Cl)cc(Cl)c2)C1,0,4,0.10020903591475698,4303
COc1nn2cc(-c3cc4ccc5c(c4o3)OCC(COc3ccc(F)cc3)O5)nc2s1,0,5,0.19986000627394865,4304
CCOC(=O)C1CCN(CCOc2ccc(S(=O)(=O)NC(=O)Nc3ccccc3)cc2)CC1,0,4,0.07622792114727327,1971
CO/N=C1\CC[C@@]2(C)[C@@H](C1)C[C@@H](N1CCC[C@@H](N)C1)[C@@H]2Oc1ccc(C#N)cc1,0,5,0.139052829311995,4305
O=c1ccc2ncc(F)c3c2n1C[C@@]3(O)CN1CCC(NCc2cc3c(cn2)OCCO3)CC1,0,6,0.05358627020521568,75
CN1CCN(CCCn2nc(C3=C(c4cn(-c5ccc6ccccc6c5)c5ccccc45)C(=O)NC3=O)c3ccccc32)CC1,1,2,0.7965285188743889,4306
Cc1ccc(NS(=O)(=O)c2cccc(C(=O)NCc3nc(C)no3)c2)cc1,0,1,0.053511664077323724,1035
COc1ccc(C#Cc2cccc(C#Cc3ccc(OC)cc3)[n+]2C)cc1,1,7,0.6762521647641624,1553
COc1cc(CNC2CCOCC2)ccc1Cn1ncc2nc(N)nc(N[C@H](CCO)C3CC3)c21,0,7,0.04037950624486984,4307
COC(c1ccc(F)c(-c2ncnc3cc(N4CCOCC4)ccc23)c1)c1nccnc1C,0,2,0.06822821756983322,247
CN1C(=O)N(c2cccc(C(F)(F)F)c2)C2=C(C(=O)CC2)[C@@H]1c1ccc(C#N)cc1S(=O)(=O)CCO,0,3,0.16448837847012074,838
O=C(/C=C/c1ccc2c(c1)CN(C(=O)c1cccnc1)C2)NO,0,4,0.05132946670850701,4308
Cc1nsc(-c2nnc3n2CCN(C(=O)c2ccc(F)c(F)c2F)[C@@H]3C)n1,0,4,0.05744519065786078,638
CC(C)(O)c1ccc(-c2cccc(-n3cc(C(=O)NC4CC4)c(=O)c4cccnc43)c2)cn1,0,6,0.1290160294534195,649
O=C(Cc1ccc(B2C=CC=CN2)cc1)Nc1cc(C2CC2)[nH]n1,0,2,0.13899968885197064,4309
O=C(NCCO)C1CCC(c2ncc(-c3cccc(C(F)(F)F)c3)[nH]2)CC1,1,10,0.09059006925537559,4310
C[C@@H]1CN2c3c(cc4c(N5C[C@H](C)SC5=O)noc4c3F)CC3(C(=O)NC(=O)NC3=O)[C@H]2[C@H](C)O1,0,6,0.07153055840475958,2402
O=C(Nc1cnc(Oc2ccc(F)cc2)nc1)N1CCc2ncccc2[C@@H]1c1ccc(F)cc1,0,4,0.2508156867337851,4311
COC(=O)C1=C(C)NC(C)=C(C(=O)OCC(C)C)C1c1ccccc1[N+](=O)[O-],0,2,0.15722477650106872,1887
Cn1c(SCCCN2CC[C@]3(C[C@@H]3c3ccc(C(F)(F)F)cc3)C2)nnc1-c1ccoc1,1,3,0.9537862459762709,4312
Cc1ccc(OC(=O)N(CC(=O)O)Cc2cccc(OCc3nc(-c4ccc(F)cc4)oc3C)c2)cc1,0,4,0.035821562836796224,675
CC(C)N(C)[C@@H]1CC[C@H](N2CC[C@H](NC(=O)c3cccc(OC(F)(F)F)c3)C2=O)[C@H](CS(C)(=O)=O)C1,0,4,0.06074212020825615,934
CC(C)(C)Oc1cc(CCC(C)(C)N2Cc3c(F)ccc(F)c3C2)ccc1O,0,5,0.45090271832256584,70
CCCCc1cc(OC2CCN(CCCNS(=O)(=O)CC)CC2)c2ncccc2c1,1,2,0.9732014755578272,409
COc1cc(N2C(=O)N(c3ccc(-c4ccc(C(=O)O)cc4)nc3)C(=O)C23CCN(Cc2ncccc2C)CC3)ncn1,0,8,0.20451564466085936,4313
CSc1ccccc1C(=O)N(C1CCC1)[C@H]1CCNC1,0,1,0.04211855771383381,1545
O=C(/C=C/[C@@H]1CCCN1)N1CCN(c2cnc3cc(C(F)(F)F)cc(NCc4cccc([N+](=O)[O-])c4)c3c2)CC1,0,6,0.4811925307886612,4314
Cc1ncc(-c2nc(C(F)(F)F)sc2N2CCN(C(=O)Cn3cnc4cccnc43)[C@H](C)C2)cn1,0,2,0.2578736748802364,3322
Cc1nc2ncccc2cc1-c1ccc2cc(CCN3CCC[C@H]3C)ccc2n1,0,4,0.5390868813191628,4315
C[C@@]1(c2cc(NC(=O)c3ccc(C#N)cn3)ccc2F)C=CSC(N)=N1,1,10,0.13367771113660962,4316
COc1ccc(N/N=C/c2ccc(-c3cccc(/C=N/Nc4ccc(OC)cc4)c3)cc2)cc1,0,6,0.3000252073830046,340
C[C@@H](O)c1nc2c(N3CCCc4ncccc43)n[nH]c2nc1N1CCC2(CC1)Oc1ccccc1[C@H]2N,1,8,0.5336126751074831,4317
Cc1cc(C)nc(Nc2cc(NC[C@@H](N)CCS(C)(=O)=O)cnc2C(N)=O)c1,0,2,0.07761606434079867,1225
O=C(c1ccc2cc(Oc3ccc(C(F)(F)F)cn3)ccc2n1)N1CCC1,0,9,0.03843967667173719,3944
NC(=O)c1cnc(NC(C2CC2)C2CC2)c2c1[nH]c1cc(-c3cn[nH]c3)ccc12,1,6,0.44409301532548323,4318
COc1cnc(-c2cccc(F)c2C(F)(F)CNC(=O)c2ccc(COCC(F)(F)F)nc2)cn1,0,8,0.12909596596316456,947
COCC(C)(C)C(=O)NCCN1CCC(c2cccc(C(F)(F)F)n2)CC1,0,6,0.11141359517444666,1671
COC(=O)c1ccc(-c2ccn3c(CC4CC4(F)F)nnc3c2)c(F)c1,0,10,0.13320029386255908,705
NC(CC(=O)N1CCC[C@H]1C(=O)NCc1ccc(C(=O)O)cc1)Cc1ccc(F)c(F)c1,0,8,0.13269102008898334,374
NC(=O)C(c1cccnc1)c1cc(-c2ncnc3cc(N4CCOCC4)ccc23)c(F)cc1F,0,4,0.002049128510792017,688
Cc1c(N2CC(C)(CNCCC#N)C2)c(F)cc2c(=O)c(C(=O)O)cn(C3CC3)c12,0,3,0.04215328546655603,1622
CCCCCn1c(=O)nc(NC2CCN(Cc3ccc4c(c3)OCO4)CC2)c2cc(Cl)ccc21,1,1,0.7553100936431693,121
Cc1ncc(-c2c(C)c(CNC3CCCC3)nn2-c2ncccc2Cl)cc1F,0,9,0.13453216823935135,587
COC1COCCC1N[C@@H]1C[C@H]2CCC[C@@]2(C(=O)N2CCc3ccc(Cl)cc3C2)C1,0,2,0.11320012563149466,689
O=C(NC1CCN(Cc2ccn(-c3ccc(C(F)(F)F)cc3)c2)CC1)NC(Cn1cncn1)c1ccccc1,0,2,0.1083869417795659,4319
O=C(N1CCc2ncc(C(F)(F)F)cc2C1)[C@@]12CCCC[C@@H]1C[C@@H](NC1CCOCC1)C2,0,5,0.029056863152929574,822
N#CCOc1ccc(C(O)c2cc(-c3ncnc4cc(N5CCOCC5)ccc34)c(F)cc2Cl)nn1,0,9,0.011924603675620704,465
CCC(=O)CCCCC[C@H](NC(=O)[C@H]1CC12CCN(C)CC2)c1ncc(-c2cc3ccc(C)nc3cc2OC)o1,0,2,0.03293170786389812,1409
COc1cc(NC2CN(CCCF)C2)ncc1[C@@H]1c2ccc3[nH]ncc3c2C[C@@H](C)N1CC1(F)CC1,1,2,0.9356926498966421,2043
COc1ccc2ncc(F)c(CCCN3CCN(CCc4ccccc4)C[C@@H]3C(=O)O)c2c1,0,2,0.2626821181276534,4320
O=C(Nc1ccc(C(F)(F)F)cc1)NS(=O)(=O)c1ccc(OCCN2CCCC2)cc1,0,8,0.032855768714461074,2114
CC(=O)N1CCC(Nc2ccc3c(c2)C(=O)N(C[C@H](O)CN2CCc4ccccc4C2)CC32CCCC2)CC1,1,6,0.5469472517309324,4321
Cc1ccc(-n2cc(Cn3ccnc3C)nn2)cc1F,1,5,0.9450708072369514,23
Cc1ccc(-n2c(-c3cnc(N4CCOCC4)nc3)cc3ccncc32)cc1,1,3,0.31804138476241345,4322
COc1ccc(-c2ccc3ncnc(-c4cncc(C(=O)N5CCN(C)CC5)c4)c3c2)cn1,0,6,0.06617161098447331,4323
Cc1c2c(n3c1CCCN1CCCC[C@@H]1CNc1cc-3ccc1C(N)=O)CC(C)(C)CC2=O,1,8,0.1636683165156872,4324
Fc1c(Cl)cccc1Cn1ccc2c(OC3CCN(Cc4cscn4)CC3)ncnc21,1,7,0.8857745530574545,456
Cc1cn(C2=CCC3C4CC=C5C[C@@H](NC(=O)c6ccc(C#N)cc6)CC[C@]5(C)C4CC[C@]23C)cn1,0,3,0.08296385139155586,1600
O=c1[nH]c2ccccc2n1C1CCN(CCCOc2ccc(F)cc2)CC1,1,2,0.7071559735850249,3280
CC(NC(=O)CC1CCN(Cc2ccn(-c3ccc(C(F)(F)F)cc3)c2)CC1)c1ccc(=O)[nH]c1,0,3,0.09439275614427574,3258
COCCNc1cc(O)c2c(=O)c3c(-c4nccs4)[nH]c(Cc4ccc5c(c4)OCO5)c3oc2c1,0,7,0.2632880497873379,4325
COc1ccc([C@H]2CN(CCc3ccc(OC)c(OC)c3)C[C@@H]2CC(=O)N(C)c2cccc(Cl)c2)cc1,1,8,0.8572840192424629,1643
NCC(=O)N1CCN(c2cnc3cc(C(F)(F)F)cc(NCc4cccc([N+](=O)[O-])c4)c3c2)CC1,0,5,0.49347653709191414,1071
COc1ccc(N2CCN(C(=S)NC(=O)c3cccs3)CC2)c([N+](=O)[O-])c1,0,8,0.2898311536619688,4326
COc1ncc(-c2cccc3c2C[C@H](NC(=O)c2ccc(COCC(F)(F)F)nc2)CO3)cn1,0,2,0.06313985126837887,3046
CN(Cc1cccc(F)c1CNc1cc(F)c(S(=O)(=O)Nc2cscn2)c(F)c1)C(C)(C)C,0,8,0.20245948098914937,191
Nc1nonc1-n1nnc(C(=O)N/N=C/c2cccc(Cl)c2Cl)c1CN1CCOCC1,1,6,0.2015796775280362,4327
NC1CCN(c2c(-c3cc(F)cc(F)c3)cnc3ccc(-c4cccc(F)c4O)cc23)CC1,1,7,0.2861511340169556,4328
CCOc1ccc(NC(=O)C(C)C)cc1C(=O)NCc1cccc(OC(F)F)c1,0,5,0.19490774081326234,942
CCc1cc2ccc(CN3CCN(c4ncc(C)n4C)CC3)cc2[nH]c1=O,0,8,0.17712242677074289,4329
COCCCc1cc(CN(C(=O)[C@H]2CNCC[C@@]23OCc2cc(F)c(F)cc23)C2CC2)c2ccccc2c1,0,8,0.2382891137751242,4330
O=C(Nc1ccc(OC(F)(F)Cl)cc1)c1cnc(N2CC[C@@H](O)C2)c(-c2cc[nH]n2)c1,0,7,0.11421734952204785,4331
CNCCCc1cc(-c2cccc(C(F)(F)F)c2)nc(C#N)n1,1,3,0.6192174011191535,1443
Clc1ccc(-c2c[nH]c([C@H]3Cc4c([nH]c5ccccc45)[C@@H](C4CCOCC4)N3)n2)cc1,1,8,0.9740712267905614,535
Nc1nnc(N2CCC(N3C[C@H](C(=O)NC4CC4)OC[C@@H]3Cc3ccc(Cl)cc3)CC2)[nH]1,0,8,0.014189438580830686,997
COc1c(Cl)cccc1Nc1c(-c2ccnc(C)n2)[nH]c2c1C(=O)NC[C@@H]2C[C@@H]1COCCO1,0,5,0.2306728370082169,4332
O=C(CCCCCCC(=O)Nc1ccccc1)NOC(c1ccccc1)(c1ccccc1)c1ccccc1,0,9,0.32050276454645316,4333
CCOc1cc(CN2CC[C@H]3C(Nc4nc5ccc(C(=O)O)cc5o4)CC[C@H]32)cc(OCC)c1-c1ccc(F)cc1,0,1,0.2553643383774723,4334
CC(C)(N)C(=O)N[C@H](COCc1ccccc1)C(=O)N1CCC2=NN(C3CC3)C(=O)[C@]2(Cc2ccccc2)C1,0,7,0.1622044741767693,4335
O=C(Nc1ccc(F)cn1)[C@H](COCCO)Oc1ncnc2c1cnn2-c1ccccc1Cl,0,8,0.010949516747916969,169
N[C@H]1COCC[C@H]1Nc1cc2cc[nH]c(=O)c2c(Nc2cccc3cc[nH]c23)n1,0,5,0.09455338873007356,4336
CC(C)NC(=O)NS(=O)(=O)c1ccc(OCCN2CCCCC2)cc1,0,5,0.019910219184820364,613
Nc1nc(N2CCC(N(CCc3ccc(Cl)cc3)Cc3ccc(Cl)cc3)CC2)n[nH]1,1,7,0.6426237077841619,2045
CCS(=O)(=O)C[C@@H]1C[C@H](N(C)C(C)C)CC[C@@H]1N1CC[C@H](NC(=O)c2cccc(C(F)(F)F)c2)C1=O,0,4,0.011862278315878024,934
CN(C)C(=O)[C@@H](c1ccc(-c2ccn3nccc3n2)cc1)[C@H](N)C(=O)N1CCC(F)(F)C1,0,10,0.0905341262676235,4337
CCOC(=O)Nc1cccc([C@@H](c2ccc(C(=O)N(C)CC)cc2)N2CCN(Cc3c[nH]c(C)n3)CC2)c1,0,2,0.1521988694582484,4338
CCn1nc(C(C)(C)C)cc1Nc1nc(-c2ccc(-n3cnc(C)c3)c(F)c2)cs1,0,10,0.40241644561227125,4339
N#CC1(c2ccccn2)CCN(Cc2cc(C(=O)N[C@H]3CCCC[C@@H]3O)c(=O)n3ccccc23)CC1,0,9,0.27447852294956115,4340
N[C@@H](CO)Cn1nnc(-c2ccc(Oc3ncc(Cl)cc3F)cc2)n1,0,7,0.0300162623421778,49
COc1ccc2ncc(=O)n(CCN3CCC(NCc4ccc5c(n4)NC(=O)CO5)CC3)c2c1,0,6,0.01201617301719922,2358
OC[C@H]1O[C@@H](n2cnc3c(NC(C4CCC4)C4CCC4)ncnc32)[C@H](O)[C@@H]1O,0,9,0.0910152486445896,4341
Fc1ccc([C@H]2c3ccccc3CCN2C2=NC[C@@H](C3CN4CCC3CC4)O2)cc1,1,8,0.42609492806167365,4342
CCC(=O)N1CCC(c2ccc(C(=O)NC(=N)N)cc2C(F)(F)F)CC1,0,2,0.06206074006338307,470
CC(C)CN1[C@H](c2ccc(NC3CN(CCCF)C3)cn2)c2ccc3[nH]ncc3c2C[C@H]1C,1,2,0.933984425614203,420
CS(=O)(=O)c1nc(Nc2ccc(F)c(Cl)c2)cc(NC2CCC(N)CC2)n1,0,8,0.16447882314689483,4343
CCCn1c(-c2ccccn2)cc(C(=O)NCCCN2CCN(c3cccc(Cl)c3Cl)CC2)c1C,1,1,0.7875542602644744,3476
Cc1n[nH]c2c1[C@@H](O)[C@H](n1nnc3ccccc31)[C@@H](c1ccccc1Br)N2,0,10,0.25758547837848184,3590
Cc1cc(N2CCc3c(c(C)nn3CC34CCC(N5CCN(C)CC5=O)(CC3)CC4)C2)c2cnn(C)c2n1,0,9,0.07706963460087818,4344
Cc1nc2c(OC(F)F)cccc2n1-c1ccc(C(=O)NC2CC2)s1,0,9,0.21983375379681847,4345
CNCC(c1ccc(F)c(Cl)c1)[C@H](O)c1ccccc1,0,6,0.24376155222831505,539
CCN(CC)Cc1csc(-c2cn(CC3CCOCC3)c3c(Cl)cccc23)n1,1,6,0.8325807626151147,519
Cc1ccc(C(=O)N[C@H]2CCN([C@H]3CC[C@@H](N(C)C(C)C)C[C@H]3CS(C)(=O)=O)C2=O)cc1C(F)(F)F,0,5,0.0474001743404312,934
O=C(c1ccccc1Cl)N(CC1CCC1)[C@H]1CCNC1,0,4,0.04558622791432001,1764
COc1ccc2nccc([C@@H](O)CC[C@@H]3CCN(C4CC(c5ccccc5F)C4)C[C@@H]3C(=O)O)c2c1,0,7,0.05513498001115651,418
Cc1n[nH]c(C)c1-c1cncc(-c2ccc(C(N)=O)c(OC(C)C)c2)c1,0,6,0.18872490557427304,4346
Cc1c(C#N)cccc1[C@@H]1CN2CCN(C(=O)Cc3ccc(-n4cnnn4)cc3)C[C@H]2CO1,0,2,0.07934624992135886,4347
CCn1cc2c(Oc3cnc(C(=O)N4CCC4)c(F)c3)cc(C(=O)Nc3cnc(C)cn3)cc2n1,0,6,0.09028635946606699,4348
Cn1c(C(O)c2ccc(F)c(-c3ncnc4cc(N5CCOCC5)ccc34)c2)nccc1=O,0,3,0.0086849799222562,4036
COC1COCCC1N[C@@H]1C[C@H]2CC(F)(F)C[C@@]2(C(=O)N2CCc3ncc(C(F)(F)F)cc3C2)C1,0,9,0.0349550395767148,685
Cc1ncc(CNC2CCN(CCn3c(=O)ccc4c3ccc(=O)n4C)CC2)cc1C#N,0,3,0.04714701712335429,4349
C[C@@H]1CCCN1CCc1ccc(-c2ccc(S(=O)(=O)NC3CCC3)cc2)cc1,1,8,0.5082613671266288,4350
CC1(C)C(=O)Nc2nc(-n3nc(CCC(F)(F)F)c4ccccc43)nc(N)c21,0,2,0.16633672902106877,1696
C[C@@H]1C[C@H](N)C[C@H](c2ccncc2NC(=O)c2ccc(F)c(-c3c(F)cccc3F)n2)C1,0,1,0.22119646113044947,119
CSCC[C@@H]1NC(=O)CNC(=O)[C@H](CCC(=O)O)NC(=O)[C@@H]2CSSC[C@H](NC(=O)[C@@H](N)Cc3ccc(O)cc3)C(=O)N[C@@H](CCC(N)=O)C(=O)N[C@@H](CCCCN)C(=O)N[C@@H](Cc3c[nH]c4ccccc34)C(=O)N[C@@H](CCSC)C(=O)N[C@@H](Cc3c[nH]c4ccccc34)C(=O)N[C@@H]([C@@H](C)O)C(=O)N[C@H]3CSSC[C@H](NC(=O)[C@H](C(C)C)NC1=O)C(=O)N[C@@H](CCCNC(=N)N)C(=O)N[C@@H](CC(C)C)C(=O)N[C@@H](Cc1c[nH]c4ccccc14)C(=O)N[C@H](C(=O)N[C@@H](CCCCN)C(=O)N[C@@H](CCCCN)C(=O)N[C@@H](CCCCN)C(=O)N[C@@H](CC(C)C)C(=O)N[C@@H](Cc1c[nH]c4ccccc14)C(N)=O)CSSC[C@H](NC(=O)[C@H](CCCCN)NC(=O)[C@H](CCCNC(=N)N)NC(=O)[C@H](CCC(=O)O)NC(=O)[C@H](CO)NC(=O)[C@H](CC(=O)O)NC3=O)C(=O)N2,1,5,0.46298318211979944,4351
Cc1nsc(-c2nnc3n2CCN(C(=O)c2ccc(F)c(F)c2)[C@@H]3C)n1,0,2,0.016464560545250313,638
Cc1ccc(CN2CCC(CNC(=O)c3cc(Cl)cc(Cl)c3)CC2)cc1,1,3,0.7236455625506518,574
CC(C)Cc1nc2nccnc2n1Cc1cc(=O)[nH]c2c(F)c(F)ccc12,0,8,0.1648053474284539,4352
Cc1n[nH]c(C)c1-c1ccc2cc(CCN3CCC[C@H]3C)ccc2n1,0,6,0.4323276100508724,682
COc1cc(-c2cn(Cc3cc(Br)cc(Br)c3)nn2)ccc1-n1cnc(C)c1,1,1,0.7211196768555379,3421
COc1ccc(CCN2C[C@H](CNC(=O)c3cccc(Cl)c3)[C@@H](c3ccc(OC)cc3)C2)cc1,1,10,0.8704312978528634,430
COc1cc(CNC(=O)c2ccc3nc(N)sc3c2)cc(OC)c1OC,0,2,0.05153650500200753,2140
N[C@H]1C[C@@H](N2Cc3cnc(C(F)(F)F)nc3C2)CO[C@@H]1c1cc(F)c(F)cc1F,0,4,0.24924151535229386,4353
OC[C@H]1CC[C@H](Nc2ccn3ncc(-c4cccc(Cl)c4)c3n2)CC1,0,9,0.15786422484857257,263
CC(C)(c1ccccc1)N1[C@@H]2CC[C@H]1C[C@H](Oc1cccc(C(N)=O)c1)C2,1,5,0.8453730153019781,417
O=C(CNc1nc(C(F)(F)F)nc2ccc(C(F)(F)F)cc12)NC1CN([C@H]2CC[C@@](O)(c3cncs3)CC2)C1,0,6,0.10258953616213104,76
Cn1ccc(NC(=O)c2cc(Oc3ccc(C(=O)N4CCC4)cc3)cc(OC(CF)CF)c2)n1,0,10,0.06801036104249457,2393
C[C@@H]1CN(c2sc(Br)nc2-c2nc3ccccc3[nH]2)CCN1C(=O)Cn1cnc2cccnc21,1,6,0.5626396701582822,312
C[C@@H](O)c1nc2cnc3[nH]ccc3c2n1[C@H]1CCCOC1,0,9,0.10598146651337419,4354
N#CC1(NC(=O)[C@@H]2CCCC[C@H]2C(=O)N2CCN(c3nc4cnccc4s3)CC2)CC1,0,5,0.024785995847538187,4355
COc1ccc2nccc([C@@H](O)CC[C@@H]3CCN(C4CC(c5ccccc5)C4)C[C@@H]3C(=O)O)c2c1,0,2,0.11540920283928464,418
FC(F)(F)c1ccccc1-c1cc(C(F)(F)F)c2[nH]c(C3=NOC4(CCCCC4)C3)nc2c1,0,6,0.49425676608622165,4356
N[C@H](CC(=O)O)Cn1nnc(-c2ccc(Oc3ccc(Cl)cc3)cc2)n1,0,9,0.06311741747186449,225
Cc1cc(OCc2c(-c3c(Cl)cccc3Cl)noc2C2CC2)ccc1C1=NOC(c2cc(C(=O)O)ccn2)C1,0,6,0.0721452301394688,4357
COc1cc(C(F)(F)F)ccc1-c1ncnc2cc(S(=O)(=O)Nc3nccs3)ccc12,0,9,0.14390061189889336,4358
Cc1cc(-c2ccc3c(c2)CCN(CCCSc2nnc(-c4ccc5nc(C)c(C)nc5c4)n2C)CC3)no1,1,5,0.9144799138271474,4359
O=c1[nH]c2ccccc2n1C1CCN(C2CCCCC2)CC1,0,2,0.3013330324854169,4360
OCc1csc(C(O)c2cc(-c3ncnc4cc(N5C6CCC5COC6)ccc34)c(F)cc2Cl)n1,0,4,0.08704997505809467,4361
FCCOc1ccccc1CCC1CCN(CCc2ccccc2)CC1,1,8,0.9688509988874345,499
C[C@@H]1COCCN1c1nc(-c2cncc3[nH]ccc23)cc2c1ncn2C,0,4,0.1583962955999279,4362
Nc1nc2ccc(OCC(F)(F)F)nc2n1CC(O)c1ccc(C(F)(F)F)cc1Cl,0,1,0.10752661404600566,1982
CCCCc1nccn1Cc1cn(-c2ccc(F)c(Cl)c2)nn1,1,9,0.9792325614766817,23
Cc1ncoc1-c1nnc(SCCCN[C@@H]2CC[C@]3(c4ccc(C(F)(F)F)cc4)CC23)n1C,1,7,0.9035519945419094,1250
CCCCCCCN(CC)CCCCCc1ccc(Cl)cc1,1,3,0.9813256774236228,156
O=C(O)Cc1cccc(N2CCC(CN3CCC(Oc4ccc(Cl)c(Cl)c4)CC3)CC2)c1,0,7,0.10161825391823862,692
CC(C)S(=O)(=O)N[C@@H]1COC[C@@H]1c1ccc(-c2cncc(F)c2)cc1,0,2,0.10226682307270267,3747
O=C1C2N=CN3C(NCc4c(F)ccc5c4CCO5)=NC=C(c4cnc(C(F)(F)F)cc4CN1CC(F)F)C23,0,2,0.1355696480697852,507
COc1cc(C)ccc1-c1cnc2sc(N3CCC(O)(CN)CC3)nn12,0,2,0.03535449761732255,748
Cc1c([C@@H](O)CN2CCC3(CC2)CCN(c2ccc(=O)n(C)c2)C3=O)ccc2c1COC2=O,0,9,0.08224151993658725,4363
Cc1ccc2c(-c3nnc(SCCCCN4CCc5cc6nc(C(F)(F)F)oc6c(Br)c5CC4)n3C)cccc2n1,1,2,0.8929695147022414,3763
NC(=O)c1ccc(C(O)c2cc(-c3ncnc4cc(N5CCOCC5)ccc34)c(F)cc2Cl)nn1,0,7,0.016682852960363967,465
COc1cc(F)ccc1-c1cnc2sc(N3C[C@@H](O)[C@@H](N)C3)nn12,0,6,0.03569550793830722,4083
NC(CF)(CF)c1nc(-c2ccc(OC(F)(F)F)cc2)c[nH]1,0,4,0.1254343442397962,2076
COCCCn1cc(CN(C(=O)[C@H]2CNCC[C@]2(O)c2ccc(F)c(F)c2)C2CC2)c2c(F)ccc(CCC#N)c21,1,8,0.6620224005526296,137
CS(=O)(=O)c1cccc(-c2ccc(C[C@@H](C#N)NC(=O)C3(N)CCOCC3)cc2)c1,0,6,0.08572968157685142,3065
Cc1ccc(COC(=O)N2CC[C@H](CNc3nccn4cnnc34)C(F)(F)C2)cc1,0,2,0.14799518358597555,4364
Cc1ccc2c(-c3nnc(SCCCN4C[C@@H]5C[C@]5(c5ccc(Br)cc5)C4)n3C)cccc2n1,1,9,0.9826587366564987,300
O=C(/C=C/c1ccc(CNCCc2c(-c3cccs3)[nH]c3ccccc23)cc1)NO,1,2,0.16275838987261296,4365
Nc1nnc(N2CCC(N3C[C@H](N4CCOCC4)C[C@@H]3Cc3ccc(Cl)cc3)CC2)[nH]1,0,8,0.08357961451641732,4366
C[C@]1(CS(=O)(=O)N2CCN(c3ncc(OCc4ccc(C(F)(F)F)o4)cn3)CC2)NC(=O)NC1=O,0,1,0.13877481910638753,4367
Nc1nc2ccc(C(=O)N(Cc3ccccc3)Cc3ccc(Cl)c(Cl)c3)cc2s1,0,2,0.22646171032905882,3312
OC(c1ccc(-c2ncnc3cc(N4CCOCC4)ccc23)s1)c1nccs1,0,2,0.05522465258364211,4368
CO[C@H]1C[C@@H](n2c(=O)n(C)c3cnc4cc(F)c(-c5ccc(OCCN(C)C)nc5)cc4c32)C1,0,2,0.04334941397498156,94
CCc1nc2ccc(CN3CCN(c4ccc(F)nc4)CC3)cc2[nH]c1=O,0,4,0.08557598846098027,891
Cc1c([C@@H](O)CN2CCC3(CC2)CC(=O)N(c2ccc(=O)n(C)n2)C3)ccc2c1COC2=O,0,9,0.02459483484642434,4369
Nc1nc2ccc(OC3CNC3)nc2n1CC(O)c1ccc(C(F)(F)F)cc1Cl,0,3,0.09660457036832969,4370
CC[C@@H](NC(=O)c1ccc(OC)nc1)[C@H]1CC[C@@H](c2ccnc(OC)c2C(F)F)CC1,0,8,0.24215643522346095,4371
Cc1ccc(Cn2c(CSc3c(C)cc(C)cc3C)c(C(=O)NC(C)(C)C)c3cc(O)c(Br)cc32)cc1,0,2,0.23331783277254095,2725
OCc1nc2ccccc2n1Cc1ccc(Cl)cc1,0,1,0.44148863128397997,3850
Cc1ncccc1C(=O)Nc1nc2cc(C(N)=O)ccc2n1CCCCNC(=O)OC(C)(C)C,0,8,0.13430398132071347,4372
Nc1c(Cl)cc(C(=O)NCC2CCN(CCCCCC(=O)NCCOCCOCCNC(=O)NCCCCNC(=O)NCCOCCOCCNC(=O)CCCCCN3CCC(CNC(=O)c4cc(Cl)c(N)c5c4OCC5)CC3)CC2)c2c1CCO2,0,3,0.31909795186908513,4373
O=C(CC1CCN(Cc2ccn(-c3ccc(C(F)(F)F)cc3)c2)CC1)NC(c1ccc(F)cc1)c1ccc[n+]([O-])c1,0,2,0.36175678772311476,4374
O=C(O)c1cc(F)c2nc(CN3CCN(c4cccc(OCc5ccc(Cl)c6cc(F)oc56)n4)C=N3)n(C[C@@H]3CCO3)c2c1,0,9,0.3719897522188982,3083
Cc1cc(-c2ccc3c(c2)CCN(CCCSc2nnc(-c4ccc(Cl)c(Cl)c4)n2C)CC3)no1,1,9,0.9842765897632918,976
CC(C)Cc1cc(CNS(=O)(=O)c2ccccc2)nn1-c1ccccc1,0,3,0.18733150865208728,259
FCCc1nccn1Cc1cn(-c2cc(F)cc(C(F)F)c2)cn1,1,5,0.6748960802355445,4375
CCN(CC)C(=O)c1cccc(C2=CC3(CCNCC3)Oc3ccccc32)c1,1,9,0.320073006800506,151
Cc1nn(-c2ncnc3c2CNC3)c(C)c1-c1ccc(F)cc1,0,3,0.19173857100424294,4376
O=C1COc2ccc(CNC3CCN(CCn4c(=O)ccc5ccc(Oc6cncnc6)nc54)CC3)nc2N1,0,5,0.07239192297934173,4377
Cc1c(Nc2c(F)ccc(NS(=O)(=O)CCCF)c2Cl)ccc2ncn(C)c(=O)c12,0,4,0.22654984985944704,4378
Brc1cncc(COCC2(c3ccccc3)CCNCC2)c1,0,3,0.23118128336242652,1061
CCc1cnc(N2CCC(COc3ccc(C4=CC[C@H](C(=O)N5CCC[C@@H]5CO)CC4)cc3)CC2)nc1,0,10,0.2531219755596306,4379
c1ccc(CC2(c3ccc4sccc4c3)CCNC2)cc1,0,5,0.34251648493152775,4380
N#Cc1ccccc1COc1ccc([C@H]2CC[C@@H](C(N)=O)N2)cc1,0,5,0.09514238344578613,122
CCCC(=O)NCCN1CCC[C@@H]1Cn1nc(Cc2ccc(Cl)cc2)c2ccccc2c1=O,1,10,0.8685733414859529,178
O=C1CCc2c(Oc3ccc4c(c3)C[C@H](NC(=O)c3cccc(C(F)(F)F)c3)CC4)ccnc2N1,0,2,0.15913880785490864,2057
N#Cc1c(O)nc2ccc(Cl)cc2c1NC1CCN(Cc2ccc3c(c2)OCO3)CC1,1,1,0.5483231748710645,3977
O=C(N1CCc2ncc(C(F)(F)F)cc2C1)[C@@]12CCC[C@@H]1C[C@@H](NC1CCSCC1)C2,0,1,0.025497130826515953,4381
O=c1ccc2ncc(F)c3c2n1C[C@@]3(O)CC12CCC(NCc3cc4c(cc3Cl)OCCO4)(CC1)CO2,0,4,0.11168628839919656,2134
N#Cc1ccc2cc1Oc1ccc3c(c1)[C@@H](CCC3)N1CC[C@H](NCc3cncn3C2)C1=O,0,2,0.7824864998062808,4382
COc1ccc2nccc(C(=O)CC[C@@H]3CCN(CC#Cc4cc(F)cc(F)c4F)C[C@@H]3C(=O)O)c2c1,0,9,0.19142787142758852,4383
COc1ncc2cc1NS(=O)(=O)c1cccc(c1)C(=O)NCCn1cc(cn1)-c1ncnc3ccc-2cc13,0,7,0.03960162598784605,4384
CCN1CCCc2cc3c(cc21)OC1=CC2=[N+](CCCC(=O)N(CCOc4ccc(NS(C)(=O)=O)cc4)CCc4ccc(NS(C)(=O)=O)cc4)CCCC2=CC1N3,1,8,0.5634770069421517,4385
CCCCC(=O)O[C@@H](C(=O)N1N=CC[C@H]1C(=O)NCc1cc(Cl)ccc1-n1cnnn1)c1ccc(F)cc1,0,9,0.16402008775520874,432
COCCc1cc(Cl)c(Cl)c(CN(C(=O)[C@H]2CNCC[C@@H]2c2ccn(C)c(=O)c2)C2CC2)c1,0,3,0.0919024872260059,309
O=C(NC1CC1c1ccccc1)N1CCC(c2ncon2)CC1,0,4,0.06951564374141454,4386
O=C(Cc1ccc(-n2cnnn2)cc1)N1CCN(CCc2ccc([N+](=O)[O-])cc2)CC1,1,1,0.37121713734950235,1881
CCOc1ccc(Cc2cc(C3CCN(C[C@H]4CN([C@@H](C(=O)O)[C@@H](C)CC)C[C@@H]4c4cccc(F)c4)CC3)n(CC)n2)cc1,0,1,0.291324808547623,1967
Cc1cc(F)ccc1-c1ccccc1C(C#N)C(c1cccnc1)c1cccnc1,0,1,0.1983810771163612,969
COc1ccc(NC(=O)C(=O)NNC(=O)c2ccc(Cl)cc2Cl)cc1,1,7,0.13176602357053846,4387
O=C(C1CC12CCN(C1CCOCC1)CC2)N1CCN(C2CCC2)CC1,0,10,0.037095934952182,4388
NC(=O)c1cc(-c2ccccc2F)sc1Nc1cccc(CN2CCOCC2)n1,1,10,0.22536970712760246,4389
N#Cc1ccc2nc(N)n(CC(O)c3cccc(Cl)c3Cl)c2c1,0,5,0.1468394012786276,868
COc1cc(OC)cc(C(=O)NCC2(C#N)CCN(Cc3ccccc3OC)CC2)c1,1,1,0.43725943816970425,574
O=c1n(Cc2ccc(Cl)cc2)c2sc3c(c2c2ncnn12)CCN(Cc1ccccc1)C3,1,8,0.6799185985750312,4390
CN1C[C@@H]2C[C@H]1CN2c1cnc(-c2ccc3[nH]c(C(F)(F)F)cc3c2)cn1,1,9,0.903312992354764,2504
CCC[C@@H](CO)Nc1nc(N)nc2c3ccccc3n(Cc3cc(CN[C@H]4CCOC4)ccc3OC)c12,0,5,0.5587988370174184,212
Cc1ccc([C@H](F)C(=O)N[C@H](c2ccc(C)c(OCC3(C#N)CC3)c2)[C@@H](C)C(=O)O)cc1,0,9,0.21257970087293268,4391
Cc1c2cc(F)cc1NS(=O)(=O)CCCCC[C@H]1CN(CCN1C(=O)C(C)C)C2,0,6,0.15175887170531194,443
Cn1cnc(-c2ccc(OC3CCN(C(=O)Cc4ccc(OC(F)(F)F)cc4)CC3)c(C(N)=O)c2)c1,0,6,0.13663408173645708,4392
OC(c1cnccn1)c1cc(-c2ncnc3cc(N4CCOCC4)ccc23)c(F)cc1Cl,0,10,0.012217128720155195,247
COc1nsc(N2CCC3(CCN(C[C@H](O)c4ccc5c(c4C)COC5=O)CC3)C2=O)n1,0,3,0.07107541349706867,1182
CCc1cc2ncc(CN3CCN(c4ccc(C(=O)NC)nc4Cl)CC3)cc2[nH]c1=O,0,6,0.015850664460335177,258
NCc1ncc(S(=O)(=O)c2ccc3ccccc3c2)s1,0,8,0.10015428108435596,4393
COc1ncnc(OCCCN)c1-c1cc(Nc2cnc(C#N)cn2)n[nH]1,0,3,0.08184141632187318,4394
CNC(=O)c1c(-c2ccc(O)cc2)oc2ccc(O)c(CN3CCC4(COC4)C3)c12,0,1,0.006619161041794164,573
CN1CCNC[C@H]1CNc1nc(-c2cnn(C)c2)cc2nccnc12,0,3,0.04501250073895712,4395
COc1cc(CCC23CCC(NCc4ccc5c(n4)NC(=O)CO5)(CC2)CO3)c2nc(OC)ccc2n1,1,5,0.9200785037213505,265
O=C(Nc1ccc(C[C@@H]2CC[C@H]([C@H](O)c3cccnc3)N2)cc1)[C@@H]1CCc2ccnn21,0,6,0.08530404484002735,4396
CC(C)(C)COc1ccc2c(c1)[C@]1(COC(N)=N1)c1cc(-c3cccnc3F)ccc1O2,0,10,0.3702813756774329,501
Cc1ncoc1-c1nnc(SCCCN2CC3CN(c4ccc(C(F)(F)F)cc4)C3C2)n1C,1,2,0.9819458337016048,4397
CC1(C)C[C@@H](NC(=O)c2ccccc2N)c2cc(-c3ccc(Cl)cc3)c(-c3ccc(Cl)cc3Cl)nc2O1,0,5,0.5149492869606187,4044
COc1ccc2ncc(F)c(CCCN3CCN(Cc4ccccc4)C[C@@H]3C(=O)O)c2c1,0,10,0.22873089067552504,4398
Cc1nc(Nc2cc(N[C@@H]3CCCC[C@@H]3N)nnc2C(N)=O)ccc1F,0,6,0.11737938897654733,1328
N#Cc1ccc(Cn2cncc2CN[C@H]2CCN(Cc3cccc(Cl)c3)C2=O)cc1,1,5,0.5634625613732888,10
COC(=O)c1ccc(C(O)c2cc(-c3ncnc4cc(N5CCOCC5)ccc34)c(F)cc2Cl)nn1,0,1,0.018600742361959632,465
Cc1nccn1Cc1cn(-c2ccc(Cl)cc2Cl)nn1,1,6,0.8801541020157013,23
Cc1cc2nc(CCC3CCCN3C)n(Cc3ccc(Cl)cc3)c2cc1C,1,10,0.6641269604082424,4399
Cc1c(C(F)CN2CCN(CC(F)c3ccc4c(c3C)COC4=O)CC2)ccc2c1COC2=O,0,8,0.39181410088547636,3153
Cc1nc2ccccc2n1C1CC2CCC(C1)N2CCC1(c2cccc(F)c2)CCN(C(=O)c2cc(S(N)(=O)=O)ccc2F)CC1,0,10,0.05067624683692097,305
COc1nc(N[C@H]2CC[C@H](NS(=O)(=O)CCC(C)C)CC2)nc2[nH]nc(N3CCOC[C@H]3C)c12,0,7,0.11003180510212644,3814
CN(C(=O)N1CC(c2cc(F)ccc2F)=C[C@@]1(CO)c1ccccc1)C1CCNCC1,0,1,0.10726861590683648,96
CC(C)(C)NC(=O)NCCN1CCN(CC(=O)NC23CC4CC(CC(C4)C2)C3)CC1,0,9,0.17253317636925236,4400
COC(=O)C1(CNC(=O)c2cc(OC)cc(OC)c2)CCN(Cc2cccc(OC)c2)CC1,1,5,0.5576192521800675,574
CN(C)CCC(Oc1cccc2c1OCO2)c1ccc2c(c1)OCO2,1,2,0.5488890246546986,4401
O=C1c2nc3cccc(Br)c3n2CCN1Cc1ccccc1F,0,6,0.17986693200682308,4402
Nc1nc(-n2nc(Cc3ccccc3F)c3ccccc32)nc2[nH]c(=O)[nH]c12,0,3,0.08668143675490035,278
CN(C)CC[C@H](NC(=O)C1(N)CCN(c2ncnc3[nH]ccc23)CC1)c1ccc(Cl)cc1,0,4,0.035847348400496956,667
Cc1[nH]c2ccccc2c1CCN1CCCC1c1ccc(/C=C/C(=O)NO)cc1,0,7,0.2300964974168428,4403
C[C@H](NS(=O)(=O)c1ccc(-c2sc(C(=O)NCC(C)(C)O)nc2C(=O)N2CCC(F)CC2)c(Cl)c1Cl)C(F)(F)F,0,5,0.09879738725089532,4404
NC(=O)c1ccccc1O[C@H]1C[C@H]2CC[C@@H](C1)N2Cc1ccccc1,1,9,0.7016705267569219,417
COc1ccc(C(=O)NNC(=O)C(=O)Nc2ccc(C)c(Cl)c2)cc1,1,7,0.10022097541503229,4387
O=C(O)C1CN(Cc2ccc(OCc3ccc(Cl)c(Cl)c3)cc2)C1,0,6,0.35692045792239,4405
O=C(/C=C/c1ccc(CN2CCCC(c3c(-c4ccccc4)[nH]c4ccccc34)C2)c(F)c1)NO,0,4,0.16658870233816495,3269
COc1cccc(S(=O)(=O)N2Cc3ccc(/C=C/C(=O)NO)cc3C2)c1,0,1,0.06013830580619261,917
COc1cc(C(=O)N2C[C@@H](n3cc(C4CC4)nn3)C[C@H]2C(=O)N[C@@H]2C[C@H]2c2ccccc2)ccc1CN,0,8,0.10842322236099042,4406
Nc1nc2ccc(Cl)cc2n1CC(O)c1cccc(Cl)c1Cl,0,9,0.19121590328581595,868
O=C(CCCCCCC(=O)Nc1ccccc1)NO,1,5,0.20416135188199222,156
OCCc1nccn1Cc1cn(-c2ccc(F)c(C(F)F)c2)nn1,1,5,0.9548789402415112,23
Cc1ccc(-n2c(-c3cnc(N4CCOCC4)nc3)cc3ccncc32)nc1,1,2,0.35946286304182873,4407
O=C(COc1ccc(C(=O)c2cc(Cl)ccc2Br)cc1)Nc1cccc(C(=O)NC2CC2)c1,1,2,0.8262037630944271,4408
COCc1ccc(-c2cc3c(cc2F)ncc2c3n([C@H]3CC[C@H](OC)CC3)c(=O)n2C)cn1,0,2,0.11109660386943124,4409
CNC(=O)c1ccc(N2CCN(Cc3ccc4nc(CC(F)(F)F)c(=O)[nH]c4c3)CC2)c(F)n1,0,10,0.028035724379582058,891
O=C1COc2ccc(CNC3CCN(CCn4c(=O)ccc5ncc(O[C@H]6CCOC6)cc54)CC3)nc2N1,0,7,0.06497785995867543,4410
Cc1ccc2c(-c3nnc(SCCN4CCc5cc6nc(C(F)(F)F)oc6c(C)c5CC4)n3C)cccc2n1,1,10,0.821663408429829,598
C=CC(=O)N1CCC(Oc2cc3c(Nc4cccc(Cl)c4F)ncnc3cc2O[C@H]2CCOC2)CC1,0,3,0.259510975071882,4411
O=C(NCc1ccc(C(F)(F)F)cc1)N1CCC[C@H]1CN1CCCC1,0,5,0.31018620123347657,4412
O=C(COc1ccc2cc(Oc3ccccn3)ccc2n1)N1CCCCC1,0,9,0.10119833521890556,1657
C=CC(=O)N(C)[C@H]1C[C@@](C)(Oc2nc(-c3cnn(C)c3)cn3nccc23)C1,0,10,0.16873158238938055,4413
C[C@H]1CC2(CCN(c3ccc(C(=O)N4CCN(C5CN(c6ccc7c(c6)C(=O)N(C6CCC(=O)NC6=O)C7=O)C5)CC4)cc3)CC2)CN1c1ccc(C#N)c(Cl)c1,0,9,0.20044095739413106,4414
C[C@@H]1CCCN1CCCOc1ccc2c(c1)CC[C@H]1C3=CCC(=O)N[C@@]3(C)CC[C@H]21,0,5,0.1723705082869747,4415
Nc1ccccc1NC(=O)c1ccc(N2CCC3(CCNC3)CC2)nc1,0,1,0.16253180547645382,4416
Cc1cc([C@@H]2C[C@@H]3CC[C@H]2C3)n(O)c(=O)c1,0,5,0.1510570892271647,4417
N[C@H]1CCCN(C(=O)c2ccc(-c3ccc4ncc(-c5cc6ccccc6o5)n4n3)cc2)C1,0,8,0.19762012929244882,4418
COc1ccc2ncc(=O)n(CCN3CCC(NCc4cc5c(cn4)OCCO5)CC3)c2n1,0,7,0.027285409614687714,4419
CCC[C@@H](CO)Nc1nc(N)nc2c3ccccc3n(Cc3cc(C4=CCC(NC5CCOCC5)CC4)ccc3OC)c12,1,10,0.3501017272567626,4420
Nc1ccc(-c2cccs2)cc1NC(=O)c1ccc(C(=O)N2CCC3(CCCN3)CC2)cc1,0,2,0.14002986930862515,4421
CC(C)(O)CN(CCc1ccc(Cl)cc1)C1CCN(c2nc(N)n[nH]2)CC1,0,6,0.20097915237696584,2916
O=C([C@H]1CNCC[C@@]12OCc1cc(F)c(F)cc12)N(Cc1nccc2ccccc12)C1CC1,0,2,0.12058101267317599,4422
Cc1c2c(n3c1CCCN1CCOC[C@@H]1CNc1cc-3ccc1C(N)=O)CC(C)(C)CC2=O,0,7,0.28830581141939843,4423
N#CCC1(n2cc(-c3ccnc4[nH]ccc34)cn2)CN(S(=O)(=O)C2CC2)C1,0,6,0.023719080785433454,2364
C[C@H](Oc1cc2cc(F)ccc2nc1N)c1cc2c(cnn2CC(=O)O)cc1-n1cccn1,0,6,0.10690159701878725,72
CCCCc1cc(OC2CCN(CCCCNS(C)(=O)=O)CC2)c2ncccc2c1,1,6,0.9261250335742126,409
COC1(c2cc(C(F)(F)F)cc(C(F)(F)F)c2)CCN([C@]2(c3ccccc3)CC[C@@H](N3CCC4(CCOC4)CC3)CC2)C1=O,1,7,0.8213475595933974,91
CC(=O)Nc1ccc2c3c(cccc13)C(=O)N(CCCCN1CCC(Nc3nc4ccccc4n3Cc3ccc(F)cc3)CC1)C2=O,1,1,0.47586908479009804,4424
Cc1c[nH]c2ncnc(O[C@H]3CC[C@H](N4CCOCC4)CC3)c12,0,3,0.10167788487642015,4425
C[C@@H]1CN(c2nnc(C(F)(F)F)o2)CCN1c1ncc(OCc2ccc(C[S+](C)[O-])cc2F)cn1,0,4,0.07470480494465974,694
C[C@@H]1CCCN1CCc1ccc2nc(-c3cccs3)ccc2c1,1,8,0.434093093225637,2804
Cc1c[nH]c2c(Nc3nc(N[C@@H]4CCOC[C@@H]4N)cc4nc[nH]c(=O)c34)cccc12,0,2,0.08988107782990673,4426
CC(C(=O)NC1(c2ccccc2)CCC(N2CCC3(CCCO3)CC2)CC1)c1cc(C(F)(F)F)cc(C(F)(F)F)c1,1,8,0.9099821631271451,4427
Cc1cc(-c2ccc(C[C@@H](C#N)NC(=O)[C@@H]3CNCCCO3)cc2)cc2c1oc(=O)n2C,0,8,0.06074190893395123,65
Cc1ncc(-c2ccnc(Nc3ccc(N4CCN(C(=O)[C@H](C)O)CC4)cc3)n2)n1C(C)C,0,10,0.06817582346913376,1903
Cc1cc2c(F)c(Oc3ncnn4cc(OC[C@@H](C)O)c(C)c34)ccc2[nH]1,0,6,0.14417254684771616,1174
CC(C)c1cc(CN2Cc3ccccc3S2(=O)=O)nn1-c1ccc(F)cc1,0,2,0.30627043602689935,4428
N#Cc1ccccc1C[C@@H](C(=O)O)N1CCC(CN2CCC(Oc3ccc(Cl)c(Cl)c3)CC2)CC1,0,7,0.08242173331632419,234
CC[C@H](c1ccc(F)cc1)N(Cc1cccc(C(=O)O)c1)C(=O)c1cnc2ccccc2c1,0,3,0.18708412058121332,625
COc1ccc2ncc(C#N)c(CCC34CCC(NCc5ccc6c(n5)NC(=O)CO6)(CC3)CO4)c2n1,1,3,0.9120600531773615,265
CN(C)[C@H]1CC[C@](c2ccccc2)(N2CCC(c3cc(C(F)(F)F)cc(C(F)(F)F)c3)C2=O)CC1,1,8,0.7033257176677513,4429
CCOC[C@H](Oc1ncnc2c1cnn2-c1ncccc1Cl)C(=O)Nc1ccc(C#N)cn1,0,2,0.0020490125240847784,3
NC(=O)c1cnc(N[C@H]2CCCN[C@@H]2CCO)c2cc(-c3ccccc3)sc12,0,8,0.14980097039683715,537
C[C@@H]1Cc2c(ccc3[nH]ncc23)[C@@H](c2ccc(NC3CN(CCCF)C3)cn2)N1CC(F)(F)F,1,4,0.8506681113430817,420
CC(C)N1CCN(C(=O)N2CCC(c3ccccc3)CC2)CC1,0,8,0.08662182071721353,4430
NS(=O)(=O)c1cc(Nc2cc(Oc3cn(C4CC4)nc3C3CCOCC3)ccn2)ccc1F,0,9,0.18847157978133552,4431
Cc1nc2n(c(=O)c1CCN1CCC(C3NOc4cc(F)ccc43)CC1)CCCC2,1,6,0.5122277772354746,4432
CC1CCC(CCCCN2CCC(C(O)(c3ccccc3)c3ccccc3)CC2)CC1,0,10,0.7504069066701246,4433
Cc1ccc2nc(-c3ccc(F)cc3)c(CC(=O)N3CCOCC3)n2n1,0,1,0.045867009514976444,4434
O=S(=O)(c1cccc(F)c1)c1ccc2c3c(oc2c1)CNCC3,1,4,0.2587833640272555,2419
CC(C)C(=O)N1CCO[C@@H](c2nc(-c3ccc(C(=O)Nc4cc(C(F)(F)F)ccn4)cc3F)c3c(N)nccn23)C1,0,3,0.13963866012912085,1276
CC1(C(=O)N2CCO[C@@H](c3nc(-c4ccc(C(=O)Nc5cc(C(F)(F)F)ccn5)cc4)c4c(N)nccn34)C2)COC1,0,10,0.26293486445548697,4435
N#Cc1ccc(N2CCC(Nc3c(C(N)=O)cnc4[nH]ccc34)CC2)nn1,0,3,0.11480855015873156,4436
COC[C@H](Oc1ncnc2c1cnn2-c1ncccc1Cl)C(=O)Nc1cnc(C)cn1,0,1,0.005974014544877543,2723
COc1ccc(/C=C2\SC(=N)N(c3nccs3)C2=O)cc1OC,0,6,0.21940538566964052,4437
COc1ccc(OC)c(Cc2nc3ccccc3n2CC(=O)Nc2cc(C(C)(C)C)cc(C(C)(C)C)c2)c1,1,6,0.2983515420231043,4438
O=C(O)c1ccc(N2N=C(c3ccc4[nH]c(=O)oc4c3)CC2c2ccc(F)cc2)cc1,0,2,0.1904696204165257,1411
NC(=O)c1ncc(N[C@@H]2CCCC[C@@H]2N)cc1Nc1cccc(C(F)(F)F)n1,1,9,0.22283290265704456,4439
Nc1nnc(N2CCC(N3C[C@H](c4ccn[nH]4)OC[C@@H]3Cc3ccc(Cl)cc3)CC2)[nH]1,0,1,0.05488549205460798,588
Nc1nnc(N2CCC(N3C[C@H](CN4CCCC4=O)OC[C@@H]3Cc3ccc(Cl)cc3)CC2)[nH]1,0,8,0.02236590657726657,4440
N#CC[C@H]1CN(C2CCN(c3nnc(N)[nH]3)CC2)[C@@H](Cc2ccc(Cl)cc2)CO1,0,7,0.015992951688545316,523
CC(O)(COc1cccc(S(F)(F)(F)(F)F)c1)C(=O)Nc1ccc([N+](=O)[O-])c(C(F)(F)F)c1,0,6,0.21835982179587593,533
C[C@@H]1CN(C(=O)OC2(C(F)(F)F)COC2)CCN1c1ncc(OCc2ccc(OS(C)(=O)=O)cc2F)cn1,0,1,0.08582763003342737,218
CN1CCN=C1c1ccc(C(=O)N2CCN(S(=O)(=O)c3cc4ccc(Cl)cc4s3)CC2CC(=O)N2CCOCC2)cc1,1,2,0.10113139259350686,4441
CC(C)N1CCC(c2ccc(/C(=C(/CCCO)c3ccccc3)c3ccc(O)cc3)cc2)CC1,0,4,0.09224395438439145,2743
COc1cnc2ccc(=O)n(CCN3CCC(c4nc5cc(C(F)(F)F)ccc5[nH]4)CC3)c2c1,1,9,0.5373692028403471,2292
COc1nccnc1C(C(N)=O)c1cc(-c2ncnc3cc(N4CCOCC4)ccc23)ccc1F,0,10,0.0096760398117924,247
C[C@H]1Cc2c(ncnc2Oc2ccc3c(ccn3C(=O)Nc3cc(C4(C)CC4)[nH]n3)c2)CN1,0,4,0.11194569224684786,910
N#Cc1ccc(COc2cccc(C3CCN(Cc4nc5ccc(C(=O)O)nc5n4C[C@@H]4CCO4)CC3)c2)c(F)c1,0,1,0.1944800637010678,4442
Cn1cc(-c2cc3nccnc3c(OCC3CNCCC3(F)F)n2)cn1,0,7,0.029738682196332723,3129
O=C1N(CCN2Cc3ccccc3C2)CCN1Cc1ccccc1,0,1,0.4875604502598158,3204
COC1COCCC1N[C@@H]1C[C@H]2CN(C(N)=O)C[C@@]2(C(=O)N2CCc3ncc(C(F)(F)F)cc3C2)C1,0,3,0.018580386287661822,182
CO[C@H]1CC[C@@]2(C)[C@@H](C1)C[C@@H](N1CCC[C@@H](N)C1)[C@@H]2Oc1ccc(C#N)cc1,0,5,0.11974255969248605,1759
COc1c(C(C)(C)C)cc(CN2CCN(C(=O)CCCCC(c3ccc(F)cc3)c3ccc(F)cc3)CC2)cc1C(C)(C)C,1,7,0.7614623903707242,4443
Cc1ccc(C(F)(F)CN2CCC(Nc3ncnc4[nH]ccc34)CC2)cn1,0,1,0.13967184118137305,4444
O=C1S/C(=C\c2ccc(Oc3ccc(Br)cc3)cc2)C(=O)N1c1ccc(OCCCCN2CCN(CC3CC3)CC2)cc1,0,4,0.4414983737975938,2324
CC(C)c1ncn(CC(=O)N2CCN(c3sc(C(F)(F)F)nc3-c3cnc(C(F)(F)F)nc3)C[C@@H]2CCO)n1,1,1,0.8883327439673349,115
CN(C)CCCOc1ccc(-c2ccc3ncc4c(c3c2)n(C2COC2)c(=O)n4C)cn1,0,7,0.06989835909954262,4445
COC(=O)N1CCCc2nc([C@@H](C)NC(=O)c3ccc(F)cc3)ccc21,0,4,0.09751199917034672,1957
CCNC(=O)c1ccc2c(c1)nc(C)n2[C@H]1CCN(CC2(O)CCCCC2)C[C@@H]1C,0,5,0.10935954844676042,264
O=S(=O)(c1ccc(Cl)cc1)C1(F)CCN(CCc2ccc(F)cc2F)CC1,1,9,0.8521482181833129,629
COCCCOc1cc(C(=O)N(C[C@@H]2CNC[C@H]2OC(=O)NCc2ccccc2)C(C)C)ccc1OC,0,6,0.17810242846108013,4446
COc1ccc2ncc(F)c([C@@H](O)CC[C@@H]3CCN(C4CC(c5ncccc5F)C4)C[C@@H]3C(=O)O)c2c1,0,3,0.08114409313826242,4447
C[C@H]1Cc2c([nH]c3ccc(F)cc23)[C@@]2(N1)C(=O)Nc1ccc(Cl)cc12,0,9,0.11561148285780794,764
COc1cc(Nc2ncc(C)s2)nc(N[C@@H](C)c2ncc(F)cn2)n1,0,5,0.09579824359277625,4448
Cc1nsc(NS(=O)(=O)c2cc(F)c(O[C@H]3CCC[C@@H]3c3ccnn3C)cc2F)n1,0,1,0.05122929845232329,712
CN(C)C(=O)C(=O)NC(C)(C)c1nc(C(=O)NCc2ccc(F)cc2)c(O)c(=O)n1C,0,5,0.13938613515186865,4449
OCC1(N2CCN(C3CCc4ccc(OCc5noc(-c6ccccc6F)n5)cc43)CC2)CCCC1,1,7,0.6297825624473975,1582
O=C1CN(c2ccncc2)CCN1CCCCCOc1ccc(-c2ccc(Cl)cc2)cc1,1,3,0.464735133486044,4450
COc1cc(/C=C2\CCCN3C2=NOC[C@@H]3c2cc(F)c(F)c(F)c2)ccc1-n1cnc(C)c1,1,7,0.5259713104002964,4451
CC(C)CO/N=C/COc1ccc(CN2CCC(NC(=O)c3cc(=O)c4ccc(F)cc4o3)CC2)cc1F,1,10,0.3309323221227685,105
CCOC(=O)c1c(CSc2ccc(C)cc2C)n(C)c2cc(Br)c(O)c(CN(C)C)c12,1,7,0.4789257561539207,2354
FC1(F)CN(CCc2ccccc2)CCC1Nc1ncnc2[nH]ncc12,0,8,0.2379659242651581,1823
O=C(NCc1ccc(F)cc1)N(c1ccc(Br)cc1)C1CCN(C2CCCC2)CC1,1,3,0.713830644474912,1042
COc1cc(OC)c(Cl)c(-c2ccc3c(/C=C/c4ccc(C(=O)N5CCNCC5)cc4)n[nH]c3c2)c1Cl,0,2,0.2180792822165739,4452
Cc1cc(O)ccc1[C@H]1CC[C@H](NC(=O)CCc2ccccc2)CC1,0,10,0.3371422656163147,2187
Cc1ccc2c(-c3nnc(SCCCN4CCc5cc6nc(C(F)(F)F)oc6cc5CC4)n3C)cccc2n1,1,10,0.9266170041025564,803
COc1ccccc1CC(c1cccc(F)c1)N1CCNCC1,0,9,0.08111194133208181,779
Cn1nnc([C@H]2[C@@H]3CN(C(=O)c4ccc(C[C@@H]5CC[C@H]([C@H](O)c6ccccc6)N5)cc4)C[C@@H]32)n1,0,9,0.07261289891881455,4453
Cn1cc(Br)c(C(=O)N2CCN(CC(=O)c3ccc(F)cc3)CC2)n1,0,5,0.15868027540950974,3676
Cc1ccc(/C=N/Nc2ccc(C(=O)O)cc2)o1,0,3,0.22025678145218805,4454
Cc1c(OCCNCCCF)ccc(F)c1[C@@H]1c2[nH]c3ccccc3c2C[C@@H](C(F)F)N1C[C@H](C)C(=O)O,0,7,0.05298005231166489,477
COc1nc2ccc(Br)cc2cc1[C@@H](c1ccc(N(C)C)nc1)[C@@](O)(CCN(C)C)c1cccc(F)c1,1,2,0.5964764498015029,2139
FC1(F)CCNC[C@H]1CNc1nc(-c2ccc(N3CCOCC3)cc2)cc2nccnc12,0,6,0.10806611521387732,2554
CCOC[C@@H](CC(C)C)NC(=O)[C@@H]1CNC[C@H](C(=O)N(c2cc(OCC)c(CC)cn2)C2CC2)[C@@H]1O,0,7,0.06491667835431818,82
NC1=NCC2c3ccccc3Cc3ccccc3N12,0,7,0.16537448520962245,4455
Cc1nc2ccccc2n1C1CC2CCC(C1)N2CCC1(c2ccccc2)CCN(C(=O)c2cccc(-c3noc(=S)[nH]3)c2)CC1,0,1,0.2137872757085022,4456
CC(C)CN1[C@H](c2ccc(/C=C/C(=O)O)cc2)c2ccc(O)cc2C[C@H]1C,0,9,0.18793505473668884,4289
COCCOCn1nc(C)c2c1CSCc1cc(n(C)n1)CCc1cc(c3ccc(F)cc3c1)OCCCn1c(C(=O)O)c(C)c3c-2c(Cl)ccc31,0,1,0.19950206883297353,4457
C#CCNc1ccnc2sc3c(=O)n(-c4ccc(OC)cc4)cnc3c12,0,8,0.18534578537498436,4458
COc1cc(CC[C@@H](C)N2Cc3cccc(S(C)(=O)=O)c3C2)ccc1O,0,10,0.25619293208621546,70
Cc1ncc(-c2nc(Nc3ccc(C(N)=O)c(F)c3)ncc2F)n1C(C)C,0,10,0.05866124391983429,558
CC1(C)Cc2c(CN3CCC4(CC3)CCN(C(=O)c3ccc(N)cn3)CC4)cccc2O1,0,9,0.1593475121307037,1380
COc1cccnc1C(=O)N1CCN(c2ccc(NC(=O)C(C)(C)c3ccccc3)cc2Cl)CC1,0,1,0.35049527424648497,4459
c1ccc(Nc2nc(-c3cn[nH]c3)cs2)nc1,0,9,0.13432658797645816,4460
CCCCCCOc1ccc2c(=O)c3c([nH]c2c1)CCCC3,0,1,0.3852770343066791,4461
N#CC1(NC(=O)[C@@H]2CCCC[C@H]2C(=O)N2CCN(c3nc4cccnc4s3)CC2)CC1,0,3,0.016600805727636885,4462
Cc1nnc(NC(=O)/C(=N/N2CCCC2)c2ccc(S(=O)(=O)C3CC3)cc2)s1,0,4,0.04645845241872574,4463
O=C(c1ccc(Cl)cc1)N1CCN(c2ccc(OC3CCN(C4CCC4)CC3)cc2)C(=O)C1,0,1,0.2032057188984458,4464
CCOc1cc(CN2CCC3(CC2)NC(=O)NC3=O)cc(OCC)c1-c1ccc(F)cc1,0,9,0.4138431203835003,4465
CCN(CC)CCNC(=O)c1c(C)[nH]c(/C=C2\C(=O)Nc3ccc(F)cc32)c1C,1,4,0.17771748759687608,4466
O=C1OC(CO)CN1c1ccc(-c2ccc3c(c2)OC[C@H]2[C@H](CO)OC(=O)N32)cn1,0,8,0.05542598799841896,4467
C[C@H](Oc1cc2cc(F)cc(F)c2nc1N)c1cc(C(=O)O)ccc1-n1cccn1,0,2,0.09922573082235071,2531
CS(=O)(=O)NC(=O)c1cc(F)c(-c2ccc(Cl)c(Cl)c2)cc1F,0,9,0.10677679907221152,1260
CS(=O)(=O)N1CCN(C(=O)c2cnc3ccc(F)cc3c2-c2ccc(C3(C#N)CC3)cc2)CC1,0,3,0.10905113394779488,4468
CNC(=O)c1cnc(Nc2ccc(C(F)(F)F)cn2)cc1Nc1cccc(-c2ncn(C)n2)c1OC,0,6,0.11817929396475117,2730
Cc1cc(C#N)cc(C)c1Oc1nc(NC2CCN(Cc3ccc(C(N)=O)cc3)CC2)nc2c1COC2,1,9,0.28527581233797544,4469
Cc1cc(/C=C/C#N)cc(C)c1Oc1nc(Nc2ccc(C#N)c(F)c2)nc2ccsc12,0,9,0.4110945785056364,4470
CN1CC(C(O)(c2ccccc2)c2ccc(OC(F)(F)F)cc2)C1,1,8,0.5431467686623521,1009
CCc1[nH]ncc1Cn1cc(-c2ccc(F)c(C(F)F)c2)cn1,1,7,0.9676040214936973,554
Cc1c(OCCNCCCF)ccc(F)c1[C@@H]1c2[nH]c3ccccc3c2C[C@@H](C(F)(F)F)N1C[C@H](C)C(=O)O,0,1,0.04659115078241263,477
Cc1ccc2c(N3CCN(CCc4c(C)ccc5[nH]c(=O)ccc45)CC3)cccc2n1,0,1,0.7132303881864605,261
C[S+]([O-])C[C@H]1CN(C2CCN(c3nnc(N)[nH]3)CC2)[C@@H](Cc2ccc(Cl)cc2)CO1,0,2,0.015155839621457475,523
C[C@@H]([C@H]1CN(C2CCN(c3nnc(N)[nH]3)CC2)[C@@H](Cc2ccc(Cl)cc2)CO1)n1cccn1,0,3,0.07929573655487442,2237
Cc1c([C@@H](O)CN2CCC3(CC2)CC(=O)N(C2=CC(=O)OC2)C3)ccc2c1COC2=O,0,5,0.024381432624236615,4471
CC(C)(Cc1ccc2ccccc2c1)NC[C@@H](O)COc1ccccc1C#N,1,10,0.5841667016812323,468
O=C(N[C@@H]1CCCc2c1[nH]c1ccc(Cl)cc21)c1ccccn1,0,10,0.1953301166740289,4472
CNCc1ccc(Br)cc1Oc1ccc(Cl)c(Cl)c1,1,5,0.6370434114305579,604
C[C@H]1C[C@@H](c2ccncc2NC(=O)c2ccc(F)c(-c3c(F)cccc3F)n2)C[C@@H](O)[C@]1(C)O,0,3,0.1276905917377942,119
C[C@@H]1Cn2ncc(C3CCN(S(C)(=O)=O)CC3)c2CN1c1cc(Cl)nc2[nH]ccc12,0,1,0.15597919821223205,3832
Cc1cnc(Nc2ccnn2C)nc1-c1cc2n(c1)C(=O)N([C@H](CO)c1cccc(Cl)c1)C2,1,6,0.2032135785093222,4473
CC(C)n1nc(-c2ccc3nc(OC4CCC4)ccc3c2)c(C(N)=O)c1N,0,1,0.05472741558799171,4474
CCOP(=O)(Cn1ccc(NC(=O)c2cc(Oc3ccc(S(C)(=O)=O)nc3)cc(OC(C)C)c2)n1)OCC,0,10,0.025137703029191303,4475
O=C(c1ccc(-n2nnc3cccnc32)nc1)N(c1ncccc1Cl)[C@@H]1CCCNC1,0,8,0.07497049582128663,4476
Cc1cc(-c2ccc(C(=O)[C@@H]3CCCC[C@H]3C(=O)Nc3cn(C)nc3C(N)=O)cc2)[nH]n1,0,1,0.06014878517420522,488
OC(c1ccc(F)c(-c2ncnc3cc(N4CCOCC4)ccc23)c1)c1nnc2ccccn12,0,8,0.01035146765048624,2500
CCN[C@H]1CC[C@@H](c2c[nH]c3ccc(NC(=N)c4cccs4)cc32)CC1,0,1,0.102130388342723,1171
Cc1c(OC2CCN(CC3CCN([C@@H](Cc4ccc(F)cc4)C(=O)O)CC3)CC2)ccc(Cl)c1Cl,0,5,0.07050623104628721,234
CCOc1ccc2cc(-c3nn(CC4CCN(C(C)C)CC4)c4ncnc(N)c34)ccc2c1,1,6,0.5109493566309662,2452
CCN=C(S)N=NC1=C(O)c2cccc3cccc1c23,1,4,0.41942220204228214,4477
CC(C)(C)c1cc(CNCC2CCN(CCCCCC(c3ccc(F)cc3)c3ccc(F)cc3)C2)cc(C(C)(C)C)c1,1,1,0.9055181875134412,1894
CCC[C@@H](CCO)Nc1nc(N)nc(C)c1Cc1ccc(CN(CC)CCC(=O)O)cc1OC,0,6,0.04844999523972842,187
CC(F)(F)c1cc(-n2cc(Cn3ccnc3N)nn2)ccc1F,1,8,0.8753707499066513,23
C[C@@H]1Cc2c(ccc3[nH]nc(F)c23)[C@@H](c2ccc(NC3CN(CCCF)C3)cn2)N1CC(F)(F)CO,0,3,0.8880516645192987,420
CC(C)c1ncc([C@H]2CC[C@@H](N3CC(NC(=O)CNc4nn(C)c5ccc(C(F)(F)F)cc45)C3)CC2)s1,0,3,0.13891458570651616,3392
CNC[C@H](c1ccc2ccccc2c1)[C@H](OCC(N)=O)c1ccccc1,0,1,0.09606937862243657,590
COc1ncccc1C(=O)Nc1cccc(-c2nncn2[C@@H](C)C(F)(F)F)n1,0,3,0.07526038237129268,2935
CN1CCc2cncn2Cc2ccc(C#N)c(c2)Oc2ccc3cccc(c3c2)N2CC[C@@H]1C2=O,1,3,0.4960322772986307,3151
COc1ccc2ncc(F)c(CCC34CCC(N(C)C(=O)c5ccc6c(n5)NC(=O)CO6)(CC3)CO4)c2n1,0,5,0.41286503342775677,2293
C[C@H](CCc1ccc(F)cc1)N1Cc2cc3c(cc2C1)OCO3,1,1,0.8045933729248644,295
CC1CN(C(=O)c2cc(Cc3n[nH]c(=O)c4ccccc34)ccc2F)Cc2nnc(C(F)(F)C(F)(F)F)n21,0,8,0.1694223994691597,4478
CC(C)[C@H](Nc1ncnc2[nH]ccc12)c1ccc2c(c1)S(=O)(=O)CCC2,0,3,0.1353586433311771,4479
N[C@@H]1CCCN(c2ccccc2/C=C2\SC(=O)NC2=O)C1,0,6,0.10931002392427011,1199
O=C(COc1ccc2ccccc2c1Br)Nc1cccnc1,1,7,0.2951144856354512,4480
NC(=O)c1ccn(-c2ccc(NCC3(c4ncccc4F)CCC3)nn2)c1,0,4,0.1214077692880264,4481
N#Cc1ccc(COc2cccc(N3CCN(Cc4nc5ccc(C(=O)O)cc5n4C[C@@H]4CCO4)CC3)c2)nc1,0,1,0.09868683148262565,4482
CCc1nc2ccc(CN3CCN(c4ccc(C(=O)NC)nc4C(F)(F)F)CC3)cc2[nH]c1=O,0,6,0.019767188987320185,891
CNC(=O)c1cc(-n2ccc3cc(NC(=O)Nc4ccc(N5CCN(C)CC5)c(C(F)(F)F)c4)ccc32)ccn1,0,2,0.14786719257269662,4483
CS(=O)(=O)Cc1cc(N2CC3CCC(C2)O3)nc(-c2ccc3[nH]ccc3c2)n1,0,9,0.10475581152859974,4484
COc1cc2nc(C)nc(N[C@H](C)c3cc(N)cc(C(F)(F)F)c3)c2cc1OCC1(CN(C)C(=O)CCCCCCNc2cccc3c2C(=O)N(C2CCC(=O)NC2=O)C3=O)CC1,0,4,0.23697890345936776,4485
COC(=O)N1CCC(C2N[C@@H](c3nc(-c4ccccc4)c[nH]3)Cc3c2[nH]c2ccccc32)CC1,1,4,0.6927123868268614,4486
CC1(C)CC(NC(=O)C(C)(C)O)c2cc(-c3ccc(Cl)cc3)c(-c3ccc(Cl)cc3Cl)nc2O1,1,3,0.8475019149507547,737
CN1CC(Cn2nc(-c3cnc4[nH]cc(C(=O)NC(C)(C)C)c4n3)c3cc(OC(F)F)ccc32)C1,1,1,0.4060490989425526,4487
O=C(CCc1ccccc1)NC1CCc2ccc(CCN3CCN(c4nsc5ccccc45)CC3)cc21,1,9,0.9127042123893153,4488
O=C1COc2ccc(CNC3CCN(CCN4C(=O)COc5ccc(-n6cnnn6)cc54)CC3)nc2N1,0,7,0.06912021221054696,4489
CCCc1nccn1Cc1cn(-c2ccc(F)c(Cl)c2)nn1,1,4,0.9825513145846747,23
COc1cnc(O[C@@H]2C[C@@H](C(=O)N[C@]3(C(=O)NS(=O)(=O)C4CC4)C[C@H]3C3CC3)N(C(=O)[C@@H](NC(=O)O[C@H](C)C(F)(F)F)C3CCCCC3)C2)c2cc(Cl)ccc12,0,8,0.1700003306683257,4490
COc1ccc(-c2nnc(C(=O)N3CCC(Oc4ccc(CN5CCCC5)nc4)CC3)o2)cc1,0,1,0.059993186137939684,4491
COCCNc1cc(NC(=O)N(C)c2ccc(CN3CCN(C)CC3=O)c(C=O)n2)ncc1C#N,0,8,0.09638200615337865,4492
O=C(O)c1cn(-c2ccc(-c3ccc(C(=O)N4CCNCC4)cc3)cc2)cc(O)c1=O,0,4,0.07991669128076312,2060
Cn1nccc1[C@H]1CCC[C@@H]1Oc1ccc(S(=O)(=O)Nc2ccncn2)c(F)c1F,0,4,0.060145916725745166,1504
Cc1ccc2nc(-c3ccc(F)cc3)c(CC(=O)Nc3ccccc3)n2n1,0,3,0.07806286069555009,171
COc1cc2c(cc1Nc1ncc(Cl)c(Nc3ccccc3S(=O)(=O)C(C)C)n1)CCC(N)C2(C)C,0,9,0.303615755101521,4493
CC1CN(CC(=O)N[C@H]2C3CC4CC2C[C@](C(N)=O)(C4)C3)S(=O)(=O)N(c2c(Cl)cc(Cl)cc2Cl)C1,0,10,0.21171885244528638,4494
N#Cc1ccc([C@]2(O)CC[C@H](N3CC(NC(=O)CNC(=O)c4cccc(C(F)(F)F)c4)C3)CC2)cn1,0,1,0.04769980605036288,1391
COC1COCCC1N[C@@H]1C[C@H]2CCC[C@@]2(C(=O)N2CCc3ncc([N+](=O)[O-])cc3C2)C1,0,2,0.06755896850265562,685
O=C1CSc2ccc(CN[C@H]3CO[C@H](CC4Cn5c(=O)ccc6ncc(F)c4c65)OC3)nc2N1,0,9,0.08361629045880567,4495
O=C1NCc2ccc(OCCCN3CCN(c4cccc5cc(F)ccc45)CC3)cc21,1,6,0.8937733931107368,313
O=C(Nc1ccc(F)cn1)[C@H](CN1CC(O)C1)Oc1ncnc2c1cnn2-c1ncccc1Cl,0,5,0.015998447714944873,2257
Cc1nc2nc(C)c(O[C@@H]3CCN(c4ccc(-c5ccc(CN6CCN(C)CC6)nn5)cc4)C3)c(C)n2n1,0,8,0.15593139473933912,3273
COc1cccc(CCN(C)CCN2CCN(c3cccc(Cl)c3)C2=O)c1,1,9,0.7417919082807083,4496
NC(=O)c1c(N)ncnc1N1CCC(c2nc(-c3ccc(F)c(C(F)(F)F)c3)cn2CCN2CCC2)CC1,0,3,0.2968728115837832,160
O=C(O)c1c(Nc2cccc(F)c2)[nH]c2cc(Cl)ccc2c1=O,0,10,0.24135011975158163,3292
Cc1cccc2c1N(C(=O)CSc1ccc(C(F)(F)F)cn1)CCC2,0,8,0.29561330013130405,4497
Cc1nn(C2CCN(C(=O)CO)CC2)c(C)c1Nc1ncc(Cl)c(-c2cnn3ccccc23)n1,0,3,0.05143570427163222,93
C[C@H]1CN(C2COC2)CCN1c1ccc(Nc2cc(-c3ccnc(N4CCn5c(cc6c5CC(C)(C)C6)C4=O)c3CO)cn(C)c2=O)nc1,0,1,0.21782867856116706,4498
COc1ccc2ncc(F)c([C@@H](O)CC[C@@H]3CCN(C4CC(c5cccc(F)c5F)C4)C[C@@H]3C(=O)O)c2c1,0,7,0.05252672907826554,418
Cc1c(O)ccc2c1C(=O)N(Cc1ccccc1-c1ccc(F)c(F)c1)C2C(=O)NC(C)(C)C,0,5,0.10493468867665126,422
CCc1cc2ncc(CN3CCN(c4ccc(C(=O)NC)nc4C(F)F)CC3)cc2[nH]c1=O,0,8,0.022467612396841943,258
COC(=O)c1ccc2[nH]c(NCCCNC(=O)c3cc(Cl)cc(Cl)c3)nc2c1,0,10,0.22542662456122262,4499
COc1ccc2c3c([nH]c2c1)[C@@H]1N(CC3)C(=O)c2c(OC)cccc2N1C,0,8,0.31188883454997823,4500
COc1cc2nc(N(C)CCCNC(=O)C3CCCO3)nc(N)c2cc1OC,0,3,0.07693498737607402,4084
N[C@]1(C(=O)O)[C@@H]2[C@@H](C(=O)O)[C@@H]2[C@H](O)[C@H]1OCc1ccc(Cl)c(Cl)c1,0,1,0.11494376209576432,4501
CCc1nc2ccc(CN3CCN(c4ccc(C(=O)NC)nc4F)CC3)c(Cl)c2[nH]c1=O,0,6,0.06788128257399961,891
Cc1c(-c2cnc3[nH]ncc3c2)ccc2c3oc(CN)nc3c(=O)n(C3CC3)c12,0,6,0.1361897755482341,4502
FC(F)(F)Oc1cccc(-n2nnc3cc(Cl)c(NCC4CCNCC4)nc32)c1,1,3,0.300078621715703,3145
C[C@H](NC(=O)[C@H]1CNC[C@@H]1c1ccc(C(F)(F)F)nc1)c1ccc(N(C)C)cc1,0,8,0.10286663848508332,4503
N#Cc1ccc(-c2cnc3c(c2)[C@]2(COC(N)=N2)c2cc(-c4cccnc4F)ccc2O3)cc1,1,6,0.10393850646107851,4504
N#Cc1ccc2ccc(=O)n(CCN[C@H]3CC[C@H]4[C@H](C3)OC(=O)N4c3ccc4c(n3)NC(=O)CO4)c2c1,0,6,0.04726531458196906,4505
Cc1ccc2c(N3CCN(CCc4cccc5c4OCC(=O)N5C)[C@@H](C)C3)cccc2n1,0,7,0.46340642295593787,441
CN1C(C)(C)CC(Nc2nc3c(-c4ccc(C(=O)N5CCN(S(C)(=O)=O)CC5)cc4)cnn3c(N)c2-c2ccccc2)CC1(C)C,0,1,0.2613847629740391,4506
Cc1cccnc1CN1CCC2(CC1)C(=O)N(c1ccc(-c3ccc(N4CCOCC4)cc3)cc1)C(=O)N2c1cc(O)ncn1,0,1,0.4529823972803667,4507
COc1ccc2nccc(NC(=O)[C@]3(O)CC[C@@H](NCc4cnc5c(c4)OCCO5)CC3)c2n1,0,10,0.0796973843074862,4508
CC(C)S(=O)(=O)N[C@H]1CN(C)C[C@@H]1c1ccc(-c2ccc(F)nc2)cc1,1,6,0.1544479650162168,2843
Cc1cc(-c2cc3c(c(F)n2)Oc2ccc(-c4cccnc4F)cc2[C@@]32COC(N)=N2)ccn1,0,10,0.06388053645205485,3078
O=C(NC(c1ccc(F)cc1)c1ccc(F)cc1)[C@@H]1CC[C@@H](N2CCOCC2)C[C@H]1c1ccc(Br)cc1,1,3,0.852017970646743,322
Cc1n[nH]c2c1CN(C1=NC(NCc3c(F)cccc3C(F)(F)F)c3cccc(C(N)=O)c3N1)C2,0,10,0.17566301528296174,4509
FC1CN(CCc2ccc(-c3noc(C(F)(F)F)n3)cc2)CCC1Nc1nc2ccccc2[nH]1,1,5,0.6423270410668668,4510
CC(=O)N[C@@H](CCN1[C@@H]2CC[C@H]1C[C@@H](n1c(C)nc3c1CCN(c1cnccn1)C3)C2)c1cccc(F)c1,1,10,0.47457611187928866,4511
CN1CC(=O)N2[C@H](c3ccc4c(c3)OCO4)c3[nH]c4ccccc4c3C[C@@H]2C1=O,0,9,0.2602668407990645,4512
c1ccc(COc2ccc(CCNc3ccncc3)cc2)cc1,1,4,0.585261055407212,4513
COc1c(Nc2ccc(S(C)(=O)=O)nc2C)ncnc1OC1CCN(C(=O)OC(C)C)CC1,0,10,0.08273012067432864,4514
CNc1cc(F)cc2c1[nH]c1nc(Oc3cnc(C)nc3)nc(N3CC(=C(CN)C(C)C)C3)c12,0,1,0.06688495036470654,508
Nc1ncc(-c2cnn(CCO)c2)c2scc(-c3ccc(NC(=O)Nc4cccc(F)c4)cc3)c12,1,3,0.17636444021529352,4515
C[C@H]1NC(=O)c2cc(-c3cccc4c(=O)n(C5(C)CC5)c(NC5(C)CC5)nc34)[nH]c21,0,3,0.25222936447849603,4516
COc1ccc2c(C)nc(=O)n(CCN3CCC(NCc4cc5c(cn4)OCCO5)CC3)c2c1,0,3,0.04291327782461383,4517
OC(c1cccnc1)(c1cccnc1)C(c1ccccc1)N1CCOCC1,0,8,0.04446052950212077,4518
O=C(Nc1ccc(OC(F)(F)F)cc1)c1ccc(OCCN2CCCC2)c(-c2cncnc2)c1,1,5,0.305992385160154,4519
CCCCCCC[N+](CC)(CC)CCCCc1ccc(Cl)cc1,1,10,0.8655960926036755,156
CC(=O)NCCc1cc(F)ccc1-c1onc([C@H]2CNCC[C@]2(O)c2ccc(F)c(F)c2)c1Br,0,6,0.12480879430438852,925
COC(=O)[C@]12CCC(C)(C)C[C@H]1[C@H]1C(=O)C=C3[C@@]4(C)C=C(C#N)C(=O)C(C)(C)[C@@H]4CC[C@@]3(C)[C@]1(C)CC2,0,5,0.2258125298514308,4520
Nc1ccnc(N2CCC(n3c(=O)n(-c4ccccc4)c4cccnc43)CC2)c1,1,4,0.5864354789876352,3027
Cc1ncccc1Oc1ncc(Cl)cc1NS(=O)(=O)c1ccc(Cl)c(Cl)c1,0,3,0.20900637152241533,4521
CCc1cc2ncc(CN3CCN(c4ccc(C(=O)NC)nc4)CC3)cc2[nH]c1=O,0,5,0.01588651647844094,258
COC(=O)c1ccc(-n2cc(C3CCN(CCN4CCNC4=O)CC3)c3cc(Cl)ccc32)cc1,1,7,0.6318718495557508,628
O=C(c1ccccc1Oc1ccccc1)N(CC1CCC1)[C@H]1CCNC1,1,10,0.21483038096381268,4522
N#C[C@@H]1C[C@H](F)CN1C(=O)[C@@H](N)Cc1cc(Cl)c(Cl)cc1Cl,0,1,0.14633500266834037,4523
FC(F)Oc1cc(-c2cnn(Cc3cn[nH]c3)c2)ccc1Cl,1,10,0.8864291860037298,554
Cc1ccc([C@H]2C[C@@H]2COc2cc(NCc3nnc(C)s3)nc(C)n2)nc1,0,4,0.2159495710830389,4524
CCCS(=O)(=O)n1c2c(c3cc(C(=O)N4CCC(C)CC4)ccc31)CN(C1CCOC1)CC2,0,6,0.1178884820491411,3201
O=C(Nc1ccccc1)NS(=O)(=O)c1ccc(OCCN2CCCC2)cc1,0,6,0.04533988474991181,2114
Cc1ccc(C2CN(CCCSc3nnc(-c4ccc(-c5noc(C)n5)cc4)n3C)CCO2)cc1,1,10,0.8459441483489859,4525
CC[C@H]1OC(=O)[C@H](C)C(=O)[C@H](C)[C@@H](O[C@@H]2O[C@H](C)C[C@H](N(C)C)[C@H]2O)[C@](C)(O)C[C@@H](C)C(=O)[C@H](C)[C@H]2N(C3CN([C@H](C)c4ccnc5ncccc45)C3)C(=O)O[C@]12C,0,1,0.15631522227309855,1228
CC(C)c1cc(COc2ccccc2CC(=O)O)cc(-c2ccc3c(c2)[C@H](N)CO3)c1,0,10,0.17670948573145212,4526
COc1ccc(CCN2C(=O)N(NS(=O)(=O)CF)C[C@@H]2c2ccc(OC)cc2)cc1,0,6,0.07132841755368617,723
Nc1n[nH]c(N2CCC(N3CCOC[C@@H]3Cc3ccc(Cl)cc3)CC2)n1,0,5,0.14921609432639074,673
CNc1cc(Nc2cnc(C#N)c(O[C@H](C)CN(C)C)n2)ncc1C(F)(F)F,1,9,0.3568582890656525,2247
CN(C)C(=O)[C@H]1C[C@@H]1c1ccc(-c2ncn(C)c2Sc2ccc(Cl)cn2)cc1,0,2,0.342781091658527,4527
O=C1c2nc3cccc(Br)c3n2CCN1Cc1ccccc1,0,1,0.2678510983430066,4402
COc1ncc(-c2nc(C(=O)NC(=N)N)c(N)nc2N2CCCCCC2)cn1,0,1,0.08046478679291162,4528
O=C(c1ccc2cc(Oc3ccc(C(F)(F)F)cn3)ccc2n1)N1CCNC(C(F)(F)F)C1,0,5,0.0800886051684758,8
CC(C)C[C@](C)(N)COc1ccc(-c2ccnc(C(F)F)c2)n2cncc12,0,5,0.2950267336252247,4529
C[C@@H]1OCC2(CCN(c3nc4[nH]nc(-c5cccc(Cl)c5Cl)c4nc3CO)CC2)[C@@H]1N,1,1,0.41074535303859544,1794
COc1cc(Oc2c(-c3ccc(F)cc3C(C)(F)F)sc3c2ccc2[nH]ncc23)ccc1NC1CN(CCCF)C1,0,9,0.2660434365252135,1378
O=C(O)C[C@@H]1COc2cc3c(cc21)OC[C@@H](c1cccc(Cl)c1)O3,0,7,0.19079703098278333,1730
COC(=O)c1cnc(Nc2cnc(C#N)c(O[C@@H]3CCNC3)n2)cc1N(C)C,0,3,0.11683049468838502,3806
Cc1cc(N2CCc3c(c(C)nn3CC34CCC(N5CCCC5)(CC3)CC4)C2)c2cnn(C)c2n1,0,5,0.05734917322381052,4530
COc1ccc(NC(=O)N2CCN(c3nc(N)nc4c3cnn4C)[C@@H](C)C2)c(C)c1,0,10,0.08892183021093263,4531
FC(F)(F)c1nn(-c2ccc(Cc3nc[nH]n3)cc2)cc1-c1ccc2cc[nH]c2c1,0,10,0.2867768198551214,4532
Cc1ccc(N(C)C(=O)c2c(-c3ccccc3Cl)noc2C)cc1Cl,0,3,0.2698084150555194,1947
Cc1ccc(C(=O)Nc2ccc(CN3Cc4ccc(O)cc4C3)c(Cl)c2)cc1C#Cc1cnc2cccnn12,1,5,0.26895858723371674,4533
C[n+]1c(COc2ccccc2)cccc1COc1ccccc1,1,8,0.7633148386575859,2445
CN(C)[C@H]1CN(C(=O)c2nn(C)cc2NC(=O)c2cccc(-c3ccnc(NCC4CC4)c3)n2)C[C@@H]1O,0,2,0.1180885489398782,4534
CCc1cc(N2CCN(CCc3ccc(OCCCN4CCCCCC4)cc3)CC2)c2nc(CCC(=O)O)ccc2c1,0,2,0.33187412052752396,272
CC(C1CC1)n1cc(Nc2nc(N)nc(-c3cccc(-n4ccc5cc(C6CC6)cc(F)c5c4=O)c3CO)n2)cn1,0,9,0.1629902078966209,4535
CNC(=O)C1CC=C(c2cc(NC(=O)c3ccc(F)cc3Cl)cnc2OC)CC1,0,3,0.14574782839255165,4536
COc1cc2ccc(Br)cc2cc1[C@@H](c1ccnc(OC)c1OC)[C@@](O)(CCN(C)C)c1cccc2occc12,1,3,0.8223272534095128,4537
COc1ncc(C2=CCOCC2)cc1S(=O)(=O)Nc1cncc(C#CCN2CCN(C(C)C)CC2)c1,0,3,0.1462561234064253,4538
O=C(N[C@H]1CC[C@H](c2ccc(O)cc2)CC1)C1Cc2ccccc2CN1,0,5,0.20432490060057798,4539
CCc1nc2cc3c(cc2o1)CCN(CCCSc1nnc(-c2cccnc2)n1C)CC3,0,5,0.7667238765396339,885
O=C(Nc1ccccc1)c1[nH]c2cc(F)ccc2c1[C@@H]1CNCC[C@H]1F,1,9,0.2880304796088373,4540
COC(=O)N(C)c1c(N)nc(-n2nc(Cc3ccccc3F)c3cc(OC)ccc32)nc1N,0,2,0.08219907526347346,458
CS(=O)(=O)c1ccc2c(c1)CN(C=O)C2C(=O)Nc1ccc(C(O)(C(F)(F)F)C(F)(F)F)cc1,0,6,0.03085828569874109,2449
COc1ncccc1C(=O)N1CC[C@H](NCc2cncn2Cc2ccc(C#N)cc2)C1=O,0,8,0.10010859183496915,92
COCc1ccc(-c2ccc3ncc4c(c3c2)n(C2CCOCC2)c(=O)n4C)cn1,0,8,0.15607447238550531,209
CS(=O)(=O)N1Cc2cc(Cl)ccc2-n2c(nnc2C2CCN(c3ccccn3)CC2)C1,0,10,0.15830586380900327,464
c1ccc(-c2c[nH]c([C@H]3Cc4c([nH]c5ccccc45)[C@@H](C4CCOCC4)N3)n2)cc1,1,5,0.9961357776093753,535
Nc1nnc(N2CCC(N3C[C@H](CN4CCCCC4=O)OC[C@@H]3Cc3ccc(Cl)cc3)CC2)[nH]1,0,6,0.019580919840727063,4541
CCOC[C@H](Oc1ncnc2c1cnn2-c1ncccc1Cl)C(=O)Nc1ccc(C)cn1,0,6,0.0044973258520771865,3
c1cc(-c2cnn(Cc3cc[nH]n3)c2)cc(C2CC2)c1,1,9,0.7376516172009038,4542
Cn1cc(Cn2cc(-c3ccc(F)c(OC(F)F)c3)cn2)cn1,1,5,0.8624533930991379,554
COc1nccnc1C(C(N)=O)c1ccc(F)c(-c2ncnc3cc(N4CCOCC4)ccc23)c1,0,10,0.00828976687067249,247
CS(=O)(=O)c1ccc(-c2noc([C@@H](CC3CC3)[C@H](N)C(=O)N3CC[C@H](F)C3)n2)cc1,0,6,0.06052360796950116,1355
N[C@H](CO)Cc1nc(-c2ccc(Oc3ncc(Cl)cc3F)cc2)no1,0,2,0.11468778620994291,4543
COc1ccc(N2C(=O)[C@@H](Cc3ccc(OCCc4nc(-c5ccccc5)oc4C)cc3)[C@H]2C(=O)O)cc1,0,8,0.22290253580089398,1869
O=C(COc1ccc2cc(Oc3ccc(C(F)(F)F)cn3)ccc2n1)N1CCNCC1,0,5,0.06205287301631877,672
Nc1cccnc1[C@H]1CC[C@H](N2CC(NC(=O)CNC(=O)c3cccc(C(F)(F)F)c3)C2)CC1,0,10,0.07559068800810903,1453
OCC1CCCN(CCCC2CCCc3ccc(OCc4ccc(-c5ccccc5F)cn4)cc32)C1,1,2,0.6310991028247077,4544
CN1CCN(C(=O)c2ccc3cc(Oc4ccccn4)ccc3n2)CC1,0,5,0.14097228528102013,8
NC[C@]1(c2ccccc2)[C@@H]2CCN(c3cnc4c(-c5cccc(Cl)c5Cl)n[nH]c4n3)C[C@@H]21,1,3,0.7497208468949277,4545
COc1ccccc1Oc1cccc(CN2CCC3(CC2)CCN(C(=O)c2ccc(Cl)cc2)CC3)c1,1,5,0.8010809421153353,3742
Nc1nccc(-c2c(-c3ccc(F)cc3)ncn2C2CCCCC2)n1,0,9,0.3276186221382927,4546
COc1cnccc1[C@H]1CC[C@@H](N2CC(NC(=O)CNc3ncnc4ccc(C(F)(F)F)cc34)C2)CC1,0,5,0.11670145482762022,4547
CO[C@@H]1COCC[C@@H]1N[C@@H]1CC[C@@](C(=O)N2CCN(c3cc(C(F)(F)F)ncn3)CC2)(C(C)C)C1,0,5,0.18334773120544,3461
O=C(/C=C/c1ccc2c(c1)CN(C(=O)Cc1ccccc1)C2)NO,0,7,0.04211353023790655,4548
COc1cnc(C(O)c2ccc(F)c(-c3ncnc4cc(N5CCOCC5)ccc34)c2)c(Cl)c1,0,5,0.018322250956813557,1450
N[C@@H]1c2ccccc2OC12CCN(c1nc3[nH]nc(N4CCCc5ncccc54)c3nc1CO)CC2,1,6,0.4848767167599647,4317
Cc1cc(Cn2cc(CN(C(=O)[C@H]3CNCC[C@]3(O)c3ccc(F)c(F)c3)C3CC3)c3c(F)cccc32)ccn1,1,4,0.925872926108601,4549
CCCCNC(=O)C1c2ccccc2C(=O)N1CC(C)c1ccc(Cl)cc1,0,9,0.19064055403750357,534
CNc1cc(F)cc2c1[nH]c1nc(Oc3cnc(C)nc3)nc(N3CC/C(=C(\F)CN)C3)c12,0,2,0.048848276888761116,4550
C[C@H]1CCCN1CCCOc1ccc(N2CCN(C(=O)c3ccc(F)cc3)CC2=O)cc1,0,9,0.15240589870735902,89
CC(O)(c1ccc(F)c(-c2ncnc3cc(N4CCOCC4)ccc23)c1)c1nccs1,0,4,0.062931836721038,257
Cc1ncc(C(=O)NCCN2CCCC2(C)C)cc1NC(=O)c1cnn2cc(-c3cnn(C)c3)ccc12,0,2,0.16400406099955847,4551
OC(c1ccc(F)c(-c2ncnc3cc(N4CCOCC4)ccc23)c1)c1nccnc1OC(F)F,0,10,0.010947427293064875,247
C[C@]1(CN2Cc3nc(-c4ccc(F)cc4)sc3C2)CN=C(N)O1,0,8,0.18430592332467938,4552
CC(C)CN(C(=O)c1ccccc1C(C)C)[C@H]1CCNC1,0,1,0.044227244501208754,363
CNC(=O)[C@@]12C[C@@H]1[C@@H](n1cnc3c(NCCc4ccc(OC)c(O)c4)nc(OCC(C)C)nc31)[C@H](O)[C@@H]2O,0,10,0.20904430275083874,4553
COCC(C)Nc1nc(N2CCOC[C@@H]2C)c2ccc(-c3ccc(OC)c(CO)c3)nc2n1,0,7,0.10359258098649347,4554
O=C(NCc1ccc(OC(F)(F)F)cc1)C1c2ccccc2C(=O)N1C1CCC(F)(F)CC1,0,2,0.21206031263918879,2546
CCS(=O)(=O)c1ccc2c(c1)CN(C(C)=O)[C@H]2C(=O)Nc1ccc(C(O)(C(F)(F)F)C(F)(F)F)cc1,0,5,0.010427450458923111,2449
Cc1cc(C)c2ccc3nc(-c4ccc(F)cc4)c(CN4CCOCC4)n3c2n1,0,5,0.3187352893262487,4555
Cc1nn(-c2ccnc(Nc3ccc4c(c3)c(C)c(C)n4C)n2)cc1CN1CC(O)C1,0,7,0.17128973058546487,4556
NC(=O)Cc1cccc(-c2cc3c(N[C@H](CO)c4ccccc4)ncnc3[nH]2)c1,0,4,0.09780763958717625,1131
Cn1c(C#N)ccc1-c1ccc(O)cc1F,0,4,0.18854702190936956,4557
O=C1CN(c2cc3nccnc3c(NC[C@H]3CCCNC3)n2)CCN1,0,6,0.05642284447186707,4558
CO[C@@H](CNC(=O)[C@H](NC(=O)[C@H](O)[C@H](C)O)[C@H](O)c1cncn1C)[C@H](O)[C@H](O)C(=O)N(C)[C@@H](Cc1ccccc1)C(=O)NCC(=O)N[C@H](C(=O)N[C@@H](CO)C(=O)N[C@H](C(=O)N[C@@H](CC(C)C)C(=O)N[C@@H](CO)C(=O)O)C(C)(C)O)C(C)(C)O,0,10,0.20485132375872137,4559
Cc1nsc(-c2nnc3n2CCN(C(=O)c2ccc(Cl)c(F)c2)[C@@H]3C)n1,0,2,0.027813402315520274,638
CN(C)CC(C)(c1ccc2ccccc2c1)C(O)c1ccccc1,1,9,0.3726427284516356,590
Cc1cc(Cl)nc(C)c1C(=O)NCC[C@@H](C)N1CCC(N(Cc2ccsc2)C(=O)NCc2ccc(C(=O)O)cc2)CC1,0,1,0.2918807110684117,4560
COc1cc(OC)c(/C=C/S(=O)(=O)Cc2ccc(OC)c(NS(C)(=O)=O)n2)c(OC)c1,0,9,0.13417954777413624,4034
CS(=O)(=O)c1ccc(-c2cnn3ccc(-c4cccc(S(=O)(=O)C5CC5)c4)nc23)cc1,1,8,0.2700817048275773,4561
CN(c1ccc(Cl)cc1)c1ccc(Nc2nccc(N)n2)cc1,1,7,0.5851871015165236,4562
CN(C)C(=O)c1cccc2c1CN(C(C)(C)CCc1ccc(O)c(OC(C)(C)C)c1)C2,0,4,0.20540204096314443,70
CCC1(CN)CN(c2c(F)cc3c(=O)c(C(=O)O)cn(C4CC4)c3c2C)C1,0,4,0.06142726932206184,1622
c1ncc(-c2cnc3nc(N4CCC(N5CCCCC5)CC4)sc3c2)cn1,0,7,0.5024346616821641,4563
CN(C/C=C/c1ccc(-c2ccccc2)cc1)Cc1coc2ccccc12,0,8,0.3384601179378045,4564
CCc1nc2ccc(CN3CCN(c4ccc(C(=O)NC)nc4)CC3)cc2[nH]c1=O,0,2,0.009251179500514442,891
CNC[C@@H](c1ccc2ccccc2c1)[C@H](O)c1ccccn1,0,5,0.08782364416684817,4565
Nc1nc2ccc(C(=O)NCc3ccccc3)cc2s1,0,7,0.04566193904438254,2140
Cc1cncnc1C(O)c1cc(-c2ncnc3cc(N4CCOCC4)ccc23)ccc1Cl,0,1,0.006898818807679849,2196
O=C(Nc1cccc(C(F)(F)F)c1)N1CCN(C[C@@H]2CCCN(C3CC3)C2)CC1,0,1,0.4591433735607322,512
c1ccc2c3c([nH]c2c1)C(C1CCCCC1)N[C@@H](c1nc(-c2cnccn2)c[nH]1)C3,1,9,0.8073863488623297,4566
COc1ccccc1Oc1ccccc1CN1CCC2(CC1)CCN(C(=O)c1ccncc1)CC2,1,1,0.8153053588458956,2044
OC(c1cc(-c2ncnc3cc(N4CCOCC4)ccc23)c(F)cc1F)c1nccn2cccc12,0,10,0.020415199325524075,2718
Cc1nc2ccccc2n1-c1ccc(C(=O)N(C)[C@@H]2CCN(C(C)C)C2)cc1,0,4,0.14707448983575983,4567
CNS(=O)(=O)c1ccc2c(c1)CN(C(C)=O)C2C(=O)Nc1ccc(C(O)(C(F)(F)F)C(F)(F)F)cc1,0,9,0.03301473924591732,2449
CN1C(=O)C=C[C@]2(C)[C@H]3CC[C@]4(C)[C@@H](O)[C@H](Cc5cccc(F)c5)C[C@H]4[C@@H]3CC[C@@H]12,1,3,0.46699394517239623,4568
COC1COCCC1N[C@@H]1C[C@H]2C[C@H](C(N)=O)C[C@@]2(C(=O)N2CCc3ncc(C(F)(F)F)cc3C2)C1,0,9,0.02840865586160696,685
COc1ccnc(OCCCNC(=O)OC(C)(C)C)c1-c1cc(Nc2cnc(C#N)cn2)n[nH]1,0,1,0.13504160259861892,2948
O=C(O)c1ccc(CNC(=O)c2c(Cc3ccc(F)cc3)sc3c2CCOC3)cc1,0,4,0.17658218985959234,344
C[C@H](Oc1cc2cc(C(N)=O)ccc2nc1N)c1ncc(F)cc1-n1cccn1,0,2,0.05768187414190355,1911
CN1CCC(C)(C(O)(c2ccccc2)c2ccc(OC(F)(F)F)cc2)C1,1,5,0.7135086434128566,4569
O=C(c1ccccc1C(F)(F)F)N(CC1CCCC1)[C@H]1CCNC1,0,2,0.08209562456578993,4570
Cc1nc(CN[C@H]2CC[C@@H](F)C2)c(C(C)C)n1-c1cc(F)cc(F)c1,0,2,0.386664029694737,4571
Nc1ccc(F)cc1NC(=O)c1ccc(CNC(=O)/C=C/c2cccnc2)cc1,0,8,0.14613130137403724,4572
FC(F)Oc1cc(-c2cnn(Cc3cc[nH]n3)c2)ccc1Cl,1,2,0.9542911044741199,59
CCn1cc(CCn2cc(-c3ccc(Cl)c(OC(F)F)c3)cn2)cn1,1,9,0.8448753545038279,845
CN(C)c1ccc(CNC(=O)[C@H]2CNC[C@@H]2c2ccc(C(F)(F)F)nc2)cc1,0,2,0.08183712556035946,4503
COc1ccc(C(NC(=O)c2cnc(-c3cccnn3)nc2O)c2ccc(OC)cc2)cc1,0,7,0.20701406063588737,1838
O=c1ccc2ncc(F)c3c2n1C[C@@]3(O)CC12CCC(NCc3ccc4c(c3)OCO4)(CC1)CO2,0,9,0.15439590857824073,1975
Cc1ccn(CC(=O)N2CCN(c3sc(C(F)(F)F)nc3-c3cnc(C(F)(F)F)nc3)C[C@H]2C)n1,1,1,0.7216956552238967,333
Cc1ccc(N2CCC3CN(CCCSc4nnc(-c5cnccn5)n4C)CC32)cc1,1,3,0.9869053683263812,170
COc1cc(NC(=O)c2nnn(Cc3ccc(CN4CCOCC4)cc3)c2N)cc(OC)c1,0,10,0.05874434443129947,1096
CNC(=O)c1ccc(N2CCN(Cc3ccc4nc(C)c(=O)[nH]c4c3F)CC2)c(F)n1,0,1,0.03560825506662105,891
Cc1cccnc1N(C(=O)N1CCC(c2ccccc2)CC1)[C@@H]1CCCNC1,0,7,0.13333606982426546,1262
C[C@H](CCc1ccc(F)cc1)N1Cc2ccc(F)cc2C1,1,2,0.7071754485926812,70
Cc1c(OCCN(C)CCCF)ncc(F)c1[C@@H]1c2[nH]c3ccccc3c2C[C@@H](C)N1C[C@H](C)C(=O)O,0,3,0.038433558440476245,774
CCNC1=N[C@@H]2C[C@H](O)[C@@H](CO)O[C@@H]2S1,0,2,0.04133819467447056,283
O=c1ccc2ncc(F)c3c2n1C[C@@]3(O)CC12CCC(NC/C=C/c3cc(F)ccc3F)(CC1)CO2,1,3,0.6523528228301523,2071
COc1cnc(C(O)c2ccc(F)c(-c3ncnc4cc(N5CCOCC5)ccc34)c2)cn1,0,4,0.008438204642850023,247
CN1CCN(C(=O)COc2ccc3cc(Oc4ccc(C(F)(F)F)cn4)ccc3n2)CC1,0,1,0.10349588023899227,672
CCc1ncn(CC(=O)N2CCN(c3sc(C(F)(F)F)nc3-c3cnc(C(F)(F)F)nc3)C[C@H]2CCO)n1,1,4,0.939888953760241,115
N#Cc1cccc(C(=O)N2CCC(c3ccc(C(=O)NC(=N)N)cc3C(F)(F)F)CC2)c1,0,2,0.14326803086854237,4573
CC1(C)CC(NC(=O)C(C)(O)C(F)(F)F)c2cc(-c3ccc(Cl)cc3)c(-c3ccc(Cl)cc3Cl)nc2O1,1,7,0.7970742714746275,737
CO[C@H]1C[C@@H](n2c(=O)n(C)c3cnc4cc(F)c(-c5ccc(NC(=O)CCCN(C)C)nc5)cc4c32)C1,0,6,0.11430402049343064,94
COc1c(C(C)(C)C)cc(CN2CCC(CNCCCCCC(c3ccc(F)cc3)c3ccc(F)cc3)C2)cc1C(C)(C)C,1,7,0.8365472722395068,1087
Cn1c(C(O)c2cc(-c3ncnc4cc(N5CCOCC5)ccc34)c(F)cc2Cl)cccc1=O,0,7,0.012056138420533786,1001
O=C([C@H]1CNCC[C@]1(O)c1ccc(F)c(F)c1)N(Cc1cn(Cc2cccc(F)c2)c2cccc(F)c12)C1CC1,1,10,0.9608148501268645,1976
CCC(CN)=C1CN(c2nc(Oc3cnc(C(C)O)nc3)nc3[nH]c4c(NC)cc(F)cc4c23)C1,0,2,0.03868929595735726,508
CN1CCC[C@@H]1Cn1nc(Cc2ccc(Cl)cc2)c2ccccc2c1=O,1,6,0.8914513482194578,178
Cc1nc(N2CCC3(CC2)CO[C@@H](C)[C@H]3N)cc(=O)n1-c1cccc(Cl)c1Cl,0,8,0.23102936065823598,1954
Cc1cc2[nH]c(-c3cc(F)cc(F)c3)nc2c(N2CCC(CN3CCN(C)CC3)CC2)n1,0,7,0.34589042285023586,1763
O=C(NO)c1ccc(CN2CCN(C(c3ccccc3)c3ccccc3)CC2)cc1,1,3,0.2694705037674434,4574
CC(=O)NC[C@@H]1OC(=O)N2c3cc(F)c(N4CCSCC4)cc3OC[C@@H]12,0,5,0.09572113566392093,4575
O=C(/C=C/c1ccccc1)N1CCC2(CCCC(=O)N2c2ccc(F)c(F)c2)CC1,0,4,0.1623968282062348,3334
CC(C)OC[C@H](Oc1ncnc2c1cnn2-c1ncccc1Cl)C(=O)Nc1ccccn1,0,8,0.008092870320062942,3
COc1ccc2nccc([C@@H](O)CN3CCC(NCc4ccc5c(c4)OCCO5)CC3)c2c1,0,2,0.43314719285076214,2281
Cn1cc(-c2cnc3ccc4ccc(NS(=O)(=O)N5CC(F)C5)cc4c(=O)c3c2)cn1,0,7,0.10412412683617944,2758
C[C@H](Oc1cccc2ncnc(Nc3ccc(OCc4ccccn4)c(Cl)c3)c12)C(=O)N(C)CCO,0,7,0.09189442893758556,3555
Cn1cc(-c2cc3nccnc3c(OCC3CNCC(F)(F)C3)n2)cn1,0,8,0.07889837547913782,3129
CC(O)(c1cncc(-c2ncnc3cc(N4CCOCC4)ccc23)c1)c1nccs1,0,9,0.04575588247955786,1803
Cc1csc(-c2nnc3n2CCN(C(=O)c2ccc(-c4cccs4)cc2)[C@@H]3C)n1,0,3,0.09732142932218843,2477
CN1CCC(CNc2cccc3ccc(-c4nnc5c6c(cnn45)N(C)CCO6)nc23)CC1,0,8,0.09227328103337508,459
CC[C@](C)(O)C#Cc1cc2c(cn1)cnn2-c1ccnc(N)n1,0,9,0.09485052916178327,4576
O=c1ccc2ncc(F)c3c2n1C[C@@]3(O)CC12CCC(NCc3cc4c(cc3F)OCCO4)(CC1)CO2,0,3,0.11276382279015375,2134
CNC(=O)c1cc(C(=O)N[C@@H]2[C@@H]3COC[C@@H]32)cc2c1O[C@H](CF)[C@H]2c1ccccc1,0,9,0.15192690597775094,4577
CCCCOc1cc(Cl)cc(OCCCC)c1/N=N/c1c(O)ccc2ccccc12,1,10,0.7572671674047597,2128
c1coc(-c2ccc(OCCCN3CCCCC3)cc2)c1,1,8,0.9053210833406553,4578
O=C(O)c1ccc2nc(Cc3ccc(-c4cccc(OCc5ccc(Cl)c6ccoc56)n4)cc3F)n(C[C@@H]3CCO3)c2c1,0,10,0.11285130867690896,1561
COc1cnc(-c2ccccn2)nc1NCc1ccc(F)cc1C(F)(F)F,0,8,0.26125867611125503,2854
Cc1nc2ccccc2n1C1CC2CCC(C1)N2CCC1(c2ccccc2)CCN(C(=O)c2ccc3c(c2)CC(=O)NS3(=O)=O)CC1,0,3,0.165058306620215,4579
Cc1cnc(NC(=O)c2cc(Oc3ccc(S(C)(=O)=O)cc3)c3cc(C)oc3c2)cn1,0,1,0.0959550901275758,3128
CCOC(=O)C1(c2ccccc2)CCN(C)CC1,0,3,0.16794946062124508,470
COc1ccc(-c2nnc(C(=O)N3CCC(Oc4ccc(CN5CCOCC5)cc4)CC3)o2)cc1,0,3,0.05157544865401114,4580
N#Cc1ccc(CNC(=O)N(c2cccc(F)c2)C2CCN(CCC3(c4cccc(F)c4)CCN(C(=O)c4cccc(C(N)=O)c4)CC3)CC2)cc1,0,1,0.6900137237664354,281
c1ccc([C@H]([C@@H](c2ccccc2)N2CCCC2)N2CCCC2)cc1,0,5,0.49181198875720983,4581
O=C(NCCN1CCC2(CC1)C(=O)NCN2c1cccc(F)c1)c1ccc(F)c(F)c1,0,4,0.24405835087396308,2772
N/C1=N\C(=O)[C@@H]2CCCN2c2ccc(cc2)OC/C=C/CCCNCC(=O)Nc2c(Cl)cc(cc2Cl)CN1,0,3,0.06691028094614804,4582
COc1cc(CO)ccc1-c1cc2c(N[C@H](CO)c3ccccc3)ncnc2[nH]1,0,6,0.09015775765589233,1131
COc1cc(-c2cnc3cc(OCCN4CCOCC4)ccn23)cc2c1C(=O)N(CC(F)(F)F)CC2,0,9,0.3508294395340933,4583
Cn1c(=O)n([C@H]2CCCOC2)c2c3cc(-c4ccc(OCCCN5CCCCC5)nc4)c(F)cc3ncc21,0,5,0.20714074744006825,4584
Cc1cc(C(=O)O)ccc1NC(=O)[C@H](C1CCCCC1)n1c(-c2ccc(Cl)cc2)nc2cc(F)c(F)cc21,1,6,0.0881225918316364,1005
O=C(NC1CCN(Cc2ccn(-c3ccc(C(F)(F)F)cc3)c2)CC1)NS(=O)(=O)c1ccc(F)cc1,0,5,0.13779163429336685,4585
Fc1ccccc1-c1nc2ccn(Cc3ccc(-c4ccc(C(F)(F)F)cc4C(F)(F)F)nn3)cc-2n1,1,8,0.5963418139085551,4586
Cn1nccc1-c1ccc(OCCCN2CCCCC2)cc1,1,3,0.6601372175212218,4587
OC(c1ccc(OCC(F)(F)F)nn1)c1cc(-c2ncnc3cc(N4CCOCC4)ccc23)c(F)cc1Cl,0,4,0.019529684303998356,465
O=C(NC1CCc2ccc(CCN3CCN(c4nsc5ccccc45)CC3)cc21)c1ccco1,1,6,0.9476421286218001,4588
O=C(O)C1(COc2ccc(-c3ccc(-c4nc5cc(Cl)ccc5[nH]4)cn3)cn2)CCC1,0,6,0.11121251189158315,4589
O=C(NC[C@@H](O)CN1CCC(Oc2ccc(Cl)c(Cl)c2)CC1)c1n[nH]c(=O)c2ccccc12,1,7,0.5601920285482018,4590
CCOc1ncc(-c2nc(C(F)(F)F)sc2N2CCN(C(=O)Cn3cnc4cccnc43)[C@H](C)C2)cn1,0,7,0.21155602799288564,3322
COc1cc2ccc(C#N)cc2cc1[C@@H](c1cccc(C)c1)[C@@](O)(CCN(C)C)c1cccc2c1OCO2,1,9,0.8048310600702604,2302
COc1ccc(-c2ccc(C(=O)O)cc2C)cc1-c1cnc(N(C)C)nc1CN1C(=O)O[C@H](c2cncc(C(F)(F)F)c2)[C@@H]1C,0,10,0.03527516087951019,4591
NC[C@]1(c2cccc(Cl)c2)CC[C@H](N2CCc3c(nc(C(F)(F)F)nc3C3CC3)C2=O)CC1,1,4,0.34648013715121845,4592
NC(=O)c1cncc(C(C(N)=O)c2ccc(F)c(-c3ncnc4cc(N5CCOCC5)ccc34)c2)n1,0,10,0.016607230472211142,247
Cn1nc(NCC(=O)NC2CN([C@H]3CC[C@@H](c4cncs4)CC3)C2)c2cc(C(F)(F)F)ccc21,0,1,0.09607692843850192,3392
CN1CCC(COCc2cc(C(F)(F)F)cc(Cl)n2)(c2ccccc2)CC1,0,7,0.0766020422502718,214
Cc1c[nH]c2ncnc(O[C@H]3CC[C@H](N4CCO[C@@H](C)C4)CC3)c12,0,4,0.1194855195565084,4425
Cc1ccc2c(-c3nnc(SCCCN4CCc5cc6nc(-c7cc(C)nn7C)oc6cc5CC4)n3C)cccc2n1,1,2,0.8332282319624922,4593
COC(=O)N(NC(=O)c1c(OCCN(C)C)c(-c2ccccc2)nc2ccccc12)c1ccccc1,1,7,0.46738197097939777,4594
CC(=O)N1CCN2CCCc3c(C)c4c(n3-c3ccc(C(N)=O)c(c3)NC[C@H]2C1)CC(C)(C)CC4=O,0,5,0.2362119059795475,4595
C[C@@H](O)C(=O)NC1CC(C)(C)Oc2nc(-c3ccc(Cl)cc3Cl)c(-c3ccc(Cl)cc3)cc21,1,9,0.7552192827628238,737
Cc1cnc(Nc2cc(N3CCOCC3)nc(N[C@@H](C)c3ccc(F)cn3)n2)s1,0,6,0.0896063923459372,4596
NC1=N[C@@](c2cccc(-c3cncnc3)c2)(c2ccnc(C(F)F)c2)c2cc(F)cc(F)c21,0,9,0.2784472283869773,229
COc1nn(C)cc1C(=O)Nc1cccc(-c2nncn2C(C)C)n1,0,7,0.06757986674569687,4597
Cc1cc(-c2cc3c(c(F)n2)Oc2ccc(-c4cccnc4F)cc2[C@@]32COC(N)=N2)on1,0,3,0.09542438624019578,4598
Cc1c(N2CC[C@@H]([C@H](C)N)C2)c(F)cc2c(=O)c(C(=O)O)cn(C3CC3)c12,0,4,0.040156082717282826,280
Clc1cnc(N2CCC([C@H]3C[C@H]3CCOc3ccc(-n4ccnn4)cc3)CC2)nc1,0,9,0.3772651840604762,4599
C[C@@H]1COCCN1c1nc(-c2nncc3[nH]ccc23)cc2c1ncn2C,0,3,0.10118773513944677,4600
O=C(NCc1ccc2c(c1)CCCN2C(=O)c1cccc(Cl)c1)c1ccc(Cl)cc1,0,3,0.36207124525834883,2681
COc1cc(NS(C)(=O)=O)ccc1Nc1c2ccccc2nc2ccccc12,1,5,0.2701518472951169,4601
Cc1ncc(-c2nc(Nc3ccc(N4CCOCC4)cc3)ncc2F)n1C(C)C,0,5,0.25670067370114935,4602
NS(=O)(=O)NCc1cc2cc(CN3CCOCC3)cc3c(=O)c(C(=O)NCc4ccc(Cl)cc4)cn1c23,0,4,0.11648782328047315,1573
COc1nc2c(CCC34CCC(NCc5ccc6c(n5)NC(=O)CO6)(CC3)CO4)c(F)cnc2cc1F,1,2,0.9748508271748381,265
Cn1c(=O)c2c(cc(N3CCC[C@@](C)(N)C3)n2Cc2cc(F)ccc2C#N)n(C)c1=O,0,6,0.16842745370415618,4603
Fc1ccc(-n2cc(Cc3cc[nH]n3)nn2)cc1C(F)F,1,1,0.4070177283056697,4604
OC(c1ccc(F)c(-c2ncnc3cc(N4CCOCC4)ncc23)c1)c1nccs1,0,2,0.022274910922664398,4605
COc1ccc(NC(=O)NS(=O)(=O)c2ccc(OCCCN3CCCCC3)cc2)cc1,0,9,0.0366675300532344,893
C[C@]1(COc2ccc(N3CCC(Oc4ccc(OC(F)(F)F)cc4)CC3)cc2)Cn2cc([N+](=O)[O-])nc2O1,0,9,0.261627486708494,4606
COc1ncc2cc1NS(=O)(=O)c1cccc(c1)C(=O)NCc1cccc(c1)-c1cnn3ccc-2nc13,0,6,0.07551779005569516,4607
COC(=O)c1cc(-c2ccc3cc(CCN4CCC[C@H]4C)ccc3n2)on1,0,8,0.3415733144625886,3775
O=C(c1ccc(C[C@@H]2CC[C@H]([C@H](O)c3ccccc3)N2)cc1)N1CCN(Cc2nnn(CC(F)(F)F)n2)CC1,0,3,0.04801819482502137,4608
N=C(N)c1ccc(OCCCCCOc2ccc(C(=N)N)cc2)cc1,0,10,0.3132222339643512,4609
COc1ccc(CN(CC(=O)N2CCC(CN)CC2)c2ccc(C#N)cc2)cc1F,0,9,0.17474131619717,3834
CC1=NN(c2ccc(C)c(C)c2)C(=O)/C1=N\Nc1cccc(-c2cccc(C(=O)O)c2)c1O,1,3,0.15303849353467422,4610
NC(=O)[C@@H]1CCCN1C(=O)c1ccc(NC(=O)Nc2ccc(-c3nc(N4CCOCC4)nc(N4CCOCC4)n3)cc2)cc1,0,3,0.11254776343024953,4611
OCCc1nccn1Cc1cn(-c2cc(F)cc(C(F)F)c2)nn1,1,3,0.8244553196452326,23
COc1ccc(CCNCCCNC(=O)c2ccc([N+](=O)[O-])cc2)cc1OC,1,7,0.4039643351900345,4612
CS(=O)(=O)N1CCN(Cc2cc3c(N4CCOCC4)nc(-c4cnc(N)nc4)cn3n2)CC1,0,4,0.08726369039144047,3068
N[C@@H]1C[C@@H]1c1ccc(Br)c(F)c1,0,1,0.09863131025628619,1263
O[C@H](c1cc(C(F)(F)F)nc2c(C(F)(F)F)cccc12)[C@@H]1CCCCN1,0,9,0.3778778637180649,4613
Cc1nc2c(-c3nnc[nH]3)cc(-c3ccnc(C#N)c3)cc2n1-c1ccnc2c(F)ccc(F)c12,0,5,0.2326151773018582,3891
Cc1c(C(=O)N(C)CCCN2CCN(c3cccc(Cl)c3Cl)CC2)cc(-c2ccccc2)n1C,1,2,0.8270065424252455,1927
Clc1cc(-c2cc3nccnc3c(NC[C@@H]3CNCCO3)n2)ccc1N1CCOCC1,0,7,0.07580417255560758,1742
COc1cc(F)ccc1-c1cncc(CNC(=O)c2ccccn2)c1,0,9,0.13448774722132867,4614
O=C1NCc2nc(-c3c(F)cccc3F)cc(Nc3ccc(C(=O)N4CCCC4)cc3)c21,0,10,0.12736739954221238,4615
CC(C)C[C@@H]1NC(=O)CNC(=O)[C@H](CCC(=O)O)NC(=O)[C@@H]2CSSC[C@H](NC(=O)[C@@H](N)Cc3ccc(O)cc3)C(=O)N[C@@H](CCC(N)=O)C(=O)N[C@@H](CCCCN)C(=O)N[C@@H](Cc3ccccc3)C(=O)N[C@@H](CC(C)C)C(=O)N[C@@H](C)C(=O)N3CCC[C@H]3C(=O)N[C@H]3CSSC[C@H](NC(=O)[C@H](C(C)C)NC1=O)C(=O)N[C@@H](CCCNC(=N)N)C(=O)N[C@@H](CC(C)C)C(=O)N[C@@H](Cc1c[nH]c4ccccc14)C(=O)N[C@H](C(=O)N[C@@H](CCCCN)C(=O)N[C@@H](CCCCN)C(=O)N[C@@H](CCCCN)C(=O)N[C@@H](CC(C)C)C(=O)N[C@@H](Cc1c[nH]c4ccccc14)C(N)=O)CSSC[C@H](NC(=O)[C@H](CCCCN)NC(=O)[C@H](CCCNC(=N)N)NC(=O)[C@H](CCC(=O)O)NC(=O)[C@H](CO)NC(=O)[C@H](CC(=O)O)NC3=O)C(=O)N2,1,9,0.47369242363664377,4616
CC1(c2ccc(C#N)cc2)NC(=O)N(CC(=O)c2ccc(F)cc2F)C1=O,0,6,0.08766634266075315,1552
Cc1ccc2nc(-c3ccc(F)cc3)c(CC(=O)Nc3ccccc3F)n2c1,0,2,0.08158894058398407,349
CC[C@]1(c2cccc(NS(C)(=O)=O)c2)[C@@H]2CN(CCCC3(O)CCCCC3)C[C@@H]21,1,6,0.3767295268824907,4617
CCN1CCN(c2ccc(C(C)(C)NC(=O)c3cc4[nH]c5ccccc5c(=O)c4cc3F)cn2)CC1,0,4,0.2618843640508151,4618
COc1ncc2cc1NS(=O)(=O)c1cc(c(F)cc1F)C(=O)NCc1cncc(c1)-c1ccnc3ccc-2nc13,0,3,0.05556574121666929,3220
CN(C)CC[C@H](Oc1cccc2c1OCO2)c1ccc(F)cc1,1,2,0.7469297824315376,1414
C[C@@H]1Cc2c(ccc3[nH]nc(F)c23)[C@@H](c2ncc(NC3CN(CCCF)C3)cc2F)N1CC(F)(F)F,1,8,0.8106280453089884,420
CN1CCN(CCOc2cccc(CC(=O)Nc3nc(-c4c[nH]c5ncccc45)cs3)c2)CC1,0,5,0.14172717714155178,4619
COc1ncc(-c2nc(C(=O)NC(=N)N)c(N)nc2N)cn1,0,1,0.08317062319957744,4620
O=C(CCc1ccccc1)NCCN(c1ccc(F)cc1)c1ccc(F)cc1,1,2,0.4638819125516872,4621
CN(C)c1ccc(-c2cc(NC[C@H]3CCCNC3)c3cccnc3c2)cn1,0,7,0.2562944537410553,4622
CS(=O)(=O)c1ccc(OCC[C@@H]2C[C@@H]2C2CCN(c3ncc(Cl)cn3)CC2)nc1,0,2,0.20028744751555266,4623
COCCCc1cc(CN(C(=O)[C@H]2CNCC[C@@H]2c2ccc(OCCOc3c(Cl)cc(C)cc3Cl)cc2)C2CC2)cc(OCCOC)c1,1,1,0.9137576822541439,730
c1ccc(-c2c[nH]c([C@H]3Cc4c([nH]c5ccccc45)C(C4CCCCC4)N3)n2)nc1,1,1,0.8745548968948246,2679
Cc1cc(CN2C[C@H](N)[C@H](C(=O)C3CCC[C@H]3C#N)C2)cc(C)c1C#N,0,8,0.08070426424440387,1397
CS(=O)(=O)N1CCN(c2ccc(-c3cc4nccnc4c(NC[C@@H]4CNCCO4)n3)cc2)CC1,0,8,0.03807342774975895,447
N#Cc1ccc(N2CCC(Nc3c(C(N)=O)cnc4[nH]ccc34)CC2)nc1,0,6,0.10567145547875709,924
CC(C[C@H](NC(=O)C1CCC1)c1ccccc1)N1CCC(c2[nH]ncc2-c2ccncc2)CC1,1,4,0.3513653089475091,4624
CCOc1cc(CN2CCC(F)(CNc3ccc(C(=O)O)c(OC)c3)CC2)cc(OCC)c1-c1ccc(F)cc1,0,8,0.30425649260018245,2378
C[C@@H](Oc1cccc2ncnc(Nc3ccc4c(cnn4Cc4ccccn4)c3)c12)C(=O)N(C)C,0,6,0.10773192018064517,4625
Cc1cc2c(cc1F)[nH]c(=O)n2C1CCN(C2CCOCC2)CC1,0,2,0.11259783200783659,3926
CC(=O)Oc1ccc(O[C@H]2CC[C@H](NC(=O)Nc3ccc(OC(F)(F)F)c(F)c3)CC2)cc1,0,2,0.1990219630558683,4626
Clc1ccc(-n2c(-c3cnc(N4CCOCC4)nc3)cc3ccncc32)cc1,1,3,0.3364070906417934,4322
O[C@H]1CNCC[C@H]1Nc1ccnc2ccc(-c3ccc(C(F)(F)F)nc3)nc12,0,9,0.11247873478934362,4627
Cc1cc(N2CCc3c(c(C)nn3CC34CCC(N)(CC3)CC4)C2)c2cnn(C)c2n1,0,2,0.07832698424601157,386
COC(=O)N(C)c1c(N)nc(-n2nc(Cc3cc(F)cc(F)c3F)c3ccccc32)nc1N,0,3,0.12481222776526027,458
N#Cc1nc(CCCN2CCCCC2)cc(-c2cccc(C(F)(F)F)c2)n1,1,4,0.8601666621716472,4628
O=C(Nc1ccc(C(F)(F)F)cc1)NS(=O)(=O)c1ccc(OCCCN2CCCCC2)cc1,0,6,0.026884599065351077,893
CN(O)C(=O)c1cc2c(CN3CCC[C@H]3C(N)=O)cn(Cc3ccc(F)cc3)c2cn1,0,8,0.10244882211361242,4629
Nc1nc2cc3c(cc2s1)CCN(CCO)CC3,0,9,0.08902613438359958,882
Cc1noc(-c2ccc(CCN3CCC(Nc4nc5ccccc5n4C)CC3)cc2)n1,1,9,0.774495356480955,999
c1cnc2c(N3CCN(CCCc4ccc(OCCCN5CCCCCC5)cc4)CC3)cccc2c1,1,4,0.6529622298473031,4630
CNC(=O)N1CCC(C2N[C@@H](c3nc(-c4ccccc4)c[nH]3)Cc3c2[nH]c2ccccc32)CC1,1,10,0.6895320619106512,4486
OC(c1ccc(F)c(-c2ncnc3cc(N4CCOCC4)ccc23)c1)c1nccs1,0,6,0.0018230838105223201,257
O=C(c1ccc(C[C@@H]2CC[C@H]([C@H](O)c3ccccc3)N2)cc1)N1CCN(Cc2ncn(CC(F)(F)F)n2)CC1,0,2,0.07786086469195569,4631
C[C@H]1C[C@H]2CSC(N)=N[C@@]2(c2cccs2)CO1,0,10,0.03961354186744112,4632
C[C@@H]1CN(c2nc(C(F)(F)F)no2)CCN1c1ncc(OCc2ccc(N=S(C)(C)=O)cc2F)cn1,0,10,0.0904835308706066,791
CN(C)CCOc1ccc(C(O)c2ccc(F)c(-c3ncnc4cc(N5CCOCC5)ccc34)c2)nn1,0,2,0.02233657014424101,465
COCc1ccc(-c2cc3c(N[C@@H](C)c4ccn(C)n4)c(C(N)=O)cnc3cc2F)cn1,0,4,0.05192702711836128,502
OC(c1ccc(F)c(-c2ncnc3cc(N4CCOCC4)ccc23)c1)c1nc(Cl)cnc1Cl,0,7,0.0063657831296138135,247
Cc1c([C@@H]2CN3CCN(C(=O)Cc4ccc(-n5cnnn5)cn4)C[C@H]3CO2)ccc(F)c1C#N,0,3,0.035992769784090106,4633
O=C([C@H]1CNCC[C@]1(O)c1ccc(F)c(F)c1)N(Cc1cn(Cc2ccc(OC(F)F)cc2)c2cccc(F)c12)C1CC1,1,7,0.9316031240929896,1976
Cc1cc(-c2ccc3c(c2)CCN(CCSc2nnc(-c4ccc(F)c(F)c4)n2C)CC3)n(C)n1,1,6,0.69102126008732,4634
Cc1nn(-c2ccnc(Nc3ccc4c(c3)c(Cl)c(C)n4C)n2)cc1CN1CC(O)C1,0,2,0.2214998511269077,4556
CCNC1=N[C@H]2[C@H](O[C@H](CO)C[C@@H]2O)S1,0,5,0.06965410213569527,283
Cc1noc(-c2cccc(CN3CCN(C(=O)c4ccc(C[C@@H]5CC[C@H]([C@H](O)c6ccccc6)N5)cc4)CC3)n2)n1,0,2,0.15636980930245717,4635
CC(=O)N1CC(C)(C(O)(c2ccccc2)c2ccc(OC(F)(F)F)cc2)C1,0,3,0.2993587302306414,1009
COc1cnc(-c2cccc3c2C[C@H](NC(=O)c2ccc(OCC(F)(F)F)nc2)CO3)cn1,0,7,0.05374438526224052,2682
C[C@@H]1CNCCN1c1cc(=O)n(C)c(COc2ccccc2C(F)(F)F)n1,0,9,0.1747776685997544,4636
CCS(=O)(=O)c1ccc(CNc2nc3cnc(-c4c(C)ncnc4C4CC4)nc3n(C(C)C)c2=O)nc1,0,5,0.058950556882421484,1264
Cc1ncoc1-c1nnc(SCCCN2CC[C@@]3(C[C@H]3c3ccc(F)cc3F)C2)n1C,1,1,0.966237037123541,1217
COc1ccc2ncc(F)c([C@@H](O)CC[C@@H]3CCN(C4CC(c5cc(F)ccc5F)C4)C[C@@H]3C(=O)O)c2c1,0,3,0.10212976396802394,418
CCN(CC)CC#CCOC(=O)[C@](O)(c1ccccc1)C1CCCCC1,0,2,0.3018927014789495,4637
Cc1cc2ncnn2cc1Nc1ncc2c(n1)n(C1CCOCC1)c(=O)n2C,0,7,0.09659526599431814,4638
O=C([C@H]1CNCC[C@@]12OCc1cc(F)c(F)cc12)N(Cc1cccc2cccnc12)C1CC1,0,6,0.1379572226852393,4639
O=C(c1ccc(C[C@@H]2CC[C@H]([C@H](O)c3ccccc3)N2)cc1)N1C[C@@H]2[C@H](C1)[C@H]2c1nnco1,0,6,0.05819108736204342,3937
Cc1cc2[nH]c(C3CCN(CCn4c(=O)ccc5ncc(Oc6ccc(S(N)(=O)=O)cc6)cc54)CC3)nc2cc1C#N,0,1,0.16642808829915506,840
O=C(Nc1ccc(Cl)c(Cl)c1)N1CCN(C[C@@H]2CCCN(Cc3ccccc3)C2)CC1,1,2,0.5203118615103408,4640
Cn1cnc(-c2cnc(O[C@H]3CCN(C(=O)Cc4ccc(OC(F)(F)F)cc4)C[C@@H]3F)c(C(N)=O)c2)c1,0,3,0.0717254373933563,4641
CCN(CC)C(=O)c1ncc(C2=CC3(CCNCC3)Oc3ccccc32)cn1,0,2,0.1593615739372686,4642
O=C(c1ccc2cc(Oc3ccc(C(F)F)cn3)ccc2n1)N1CCNCC1,0,4,0.0710917464244642,8
Cn1ccc2ccc(OCCCN3CCC(c4noc5cc(F)ccc45)CC3)cc2c1=O,1,10,0.7020120016256611,4643
CC(C)(O)[C@]1(C(=O)NCc2cc(C(F)(F)F)cc(C(F)(F)F)c2)CC[C@@H](N2CCC(c3cccc(C(=O)O)c3)CC2)C1,0,4,0.48963969140502456,1987
O=c1c2c([nH]c3nc(SCc4nc5ccccc5s4)nn13)CCC2,0,3,0.17706241170674444,4644
O=C(COc1ccc2cc(Oc3ccccn3)ccc2n1)N1CCNCC1,0,3,0.03217395486741807,672
O=c1ccc2ncc(F)c3c2n1C[C@@]3(O)CC12CCC(NCc3cc4c(cn3)OCCS4(=O)=O)(CC1)CO2,0,3,0.04322188722759988,4645
Cc1ccc(Nc2cc(N[C@@H]3CCCC[C@@H]3N)nnc2C(N)=O)nc1C,0,7,0.36491731979610637,1328
CN(C)c1cncc(-c2ccc(C(=O)N(c3ncccc3Cl)[C@@H]3CCCNC3)cc2)n1,0,10,0.10640697251072966,2189
COc1ccc(Cn2cnc3c(NS(C)(=O)=O)c(C)c(C)cc32)cc1,0,8,0.2899616599752795,3850
Cc1ccc2c(N3CCN(CCc4cccc(NS(C)(=O)=O)c4)CC3)cccc2n1,1,10,0.7466183514371996,4296
COc1ccccc1OCC(O)CN1CCN(CC(=O)Nc2c(C)cccc2C)CC1,0,4,0.2899743266490878,4646
CN1CCN(c2cnc3cc(C(F)(F)F)cc(NCc4cccc(C#N)c4)c3c2)CC1,1,9,0.5671252365491961,1071
CCc1cc2cnc(CN3CCN(c4ccc(C(=O)NC)nc4F)CC3)cc2[nH]c1=O,0,1,0.019890258336634655,1672
Cn1c(=O)n(CCCO)c(=O)c2c1nc(C1(F)CCC(F)(F)CC1)n2Cc1ccccc1,0,1,0.09387906864551394,416
O=c1cc(NC2CCN(Cc3ccc4c(c3)OCO4)CC2)c2cc(Cl)ccc2n1Cc1ccccn1,1,8,0.8400471310418987,4647
C[C@@H]1Cc2c([nH]c3ccccc23)[C@@H](c2c(F)cc(-c3ccc(C(=O)O)cc3)cc2F)N1CC(C)(C)F,0,3,0.25796542867811617,4648
Cc1nc(N2CCC(N3CCCC3)CC2)nc2ccc(NC(=O)COc3ccc(Cl)cc3)cc12,1,5,0.39988148881351493,4649
N[C@@H]1c2cc(F)ccc2CC12CCN(c1cnc3c(N4CCCc5ncccc54)n[nH]c3n1)CC2,1,10,0.8112158242428633,1307
CN(C)CCC1CCN(c2cc(C(=O)NC[C@H]3CC[C@H](CNC(=O)OCC(C)(C)C)CC3)c3ccccc3n2)CC1,0,6,0.1591544296381471,2663
CN1CCN(CCCN(C(=O)Nc2ccc(F)c(C(F)(F)F)c2)[C@@H]2CC[C@]3(c4ccc5c(N)noc5c4)C[C@H]23)CC1,1,2,0.42327124457568727,4650
Cc1ncccc1-c1cnc(NCc2c(F)ccc3c2CCO3)n2cnnc12,0,4,0.20484910465495687,4651
Cc1cccc(N2CCC3CN(CCCSc4nnc(-c5cnccn5)n4C)CC32)c1,1,3,0.9842479809773196,170
CCS(=O)(=O)N1CC(CC#N)(n2ccc(-c3c(C#N)cnc4[nH]ccc34)c2)C1,0,4,0.03506825811375932,4652
Nc1nnc(N2CCC(N3C[C@H](CC(F)(F)F)OC[C@@H]3Cc3ccc(Cl)cc3)CC2)[nH]1,0,2,0.05001255402643348,523
COc1cccc(-n2cc3nc(-c4ccccc4C)n(CC4CCCN(C(C)C)C4)c(=O)c3n2)c1,0,9,0.16995157458112387,2749
COc1cc(F)ccc1-c1cnc2sc(N3CC[C@H](O)[C@@H](N)C3)nn12,0,2,0.01197495216806885,748
CCOC(=O)N1CCN(Cc2noc(-c3cc(Cl)ccc3F)n2)CC1,0,6,0.16250601869512846,4653
C=CC(=O)N1CCC[C@@H](n2nc(-c3ccc(NC(=O)c4ccc(N(C)C)cc4)c4c3OCO4)c3c(N)ncnc32)C1,0,5,0.2519071159185149,4654
CNC(=O)C(c1ccc2nccn2n1)c1cc(-c2ncnc3cc(N4CCOCC4)ccc23)c(F)cc1Cl,0,2,0.02427372083625816,2008
O=C(O)C[C@H]1CC[C@H](OC2CCN(c3ccc(-c4nc5cc(C(F)(F)F)cnc5[nH]4)cn3)CC2)CC1,0,5,0.07560856327251962,4655
NC(=O)c1ncc(N2CCCCC2)nc1Nc1ccc(C2CCN(C[C@H]3CCN(c4ccc5c(c4)C(=O)N(C4CCC(=O)NC4=O)C5=O)C3)CC2)cc1,0,2,0.23815925023343784,4656
CCC(=O)CCCCC[C@H](NC(=O)[C@H]1CC12CCN(C)CC2)c1ncc(-c2cc3ccccc3n(C)c2=O)[nH]1,0,8,0.04245269430343524,4038
O=C(c1ccc(C[C@@H]2CC[C@H]([C@H](O)c3ccccc3)N2)cc1)N1CCC2(CCOC2=O)CC1,0,8,0.10443324674468685,4657
O=c1ccc2ncc(F)c3c2n1C[C@@]3(O)CC12CCC(NC/C=C/c3c(F)cccc3F)(CC1)CO2,1,10,0.7280862178794202,2071
C[C@@H]1Cc2c(ccc3[nH]ncc23)[C@@H](c2ccc(NC3CN(CCCF)C3)c(F)n2)N1CC(F)F,1,9,0.9630166604532184,420
Cc1nn(C)c(C)c1NS(=O)(=O)c1c(Cl)cc(-c2ccnc(N3CCNCC3)c2)cc1Cl,0,8,0.2316844713942863,4658
COc1cc(NC(=O)c2cccc(C(F)(F)F)n2)cc2cn(CCC(C)(C)O)nc12,0,7,0.14241873343951453,3542
Cc1nc(C(O)CN2CCN(C[C@H](O)c3ccc4c(c3C)COC4=O)CC2)ccc1C#N,0,3,0.07900722477060626,671
C[C@H]1COCCN1c1cc(CS(C)(=O)=O)nc(-c2ccc3[nH]ccc3c2)n1,0,7,0.07858813210485047,725
O[C@H](COc1ccc(C(F)(F)F)cc1)CN1CCN(Cc2c(F)cccc2Cl)CC1,0,1,0.6527360512241419,2631
O=S(=O)(NCCO)c1ccc(-c2ccnc3[nH]c(C4CC4)cc23)cc1,0,5,0.08355538045473587,4659
CNC(=O)c1cc(-n2ncc3cc(Nc4ccccc4Cl)c(F)cc32)cs1,0,8,0.1042937807870774,4660
C[C@H]1COc2c(N3CC[C@@H](C4(N)CC4)C3)ccc3cc(C(=O)O)c(=O)n1c23,0,2,0.04593685334112282,2492
COc1cc(CCC(C)(C)N2Cc3cccc(C(=O)N4CCNCC4)c3C2)ccc1O,0,2,0.13633994729705548,3143
COc1cc(Cl)nc(OCCCN)c1-c1cc(Nc2cnc(C#N)cn2)n[nH]1,0,9,0.10448897852616762,2948
Cc1cncnc1C(C(N)=O)c1cc(-c2ncnc3cc(N4CCOCC4)ccc23)ccc1Cl,0,8,0.018284628721976004,2196
Nc1nccn1Cc1cn(-c2cc(F)cc(C(F)F)c2)nn1,1,3,0.7802406858583488,23
Cc1cnc(-c2cccc3c2C[C@H](NC(=O)c2ccc(OCC(F)(F)F)nc2)CO3)cn1,0,6,0.03961924295863203,2682
O[C@H]1C[C@H](CN2CCC(c3ccccc3)CC2)CCc2cccnc21,0,3,0.2636040840272703,48
Cc1nc2ccccc2n1C1CC2CCC(C1)N2CCC1(c2cccc(F)c2)CCN(C(=O)c2cc(S(=O)(=O)NC3CCCC3)c(F)cc2Cl)CC1,0,9,0.047330150457902766,4661
CC1(C#Cc2c(Cl)c3c(Cl)cc(C(N)=O)nc3n2[C@H]2CCCNC2)COC1,1,9,0.8212395944989129,4662
COc1ccc(-c2ccc3c(N4CCOC[C@@H]4C)nc(N4CCN(C)CC4)nc3n2)cc1CO,0,10,0.08768489863191867,4663
COc1cc2ncnc(Nc3ccc4scnc4c3)c2cc1S(=O)(=O)C(C)(C)C,0,3,0.1500537543142385,2827
Cc1ccc(Oc2ccc(Nc3ncnc4cccc(O[C@@H](C)C(=O)N(C)C)c34)cc2C)cn1,0,2,0.12350669593607141,3746
C[C@@H](CO)Oc1cc(Oc2ccc(C(=O)N(C)C)cc2)cc(C(=O)Nc2ccn(C)n2)c1,0,6,0.04477517561462938,1831
Cc1cc(C(=O)O)nc(N2C[C@H]3C[C@@H](c4ccccc4C(F)(F)F)C[C@H]3C2)n1,0,4,0.21040611506910128,4664
O=C(Nc1cccc(Cl)c1)N1CCN(C[C@@H]2CCCN(C3CC3)C2)CC1,0,1,0.4422331755112855,512
COc1cc(OC)c2nnc3c(c(-c4cccnc4C)nn3C)c2c1,0,1,0.19497619204031952,4665
N#Cc1cccc(CCN2CCN(CCc3ccc([N+](=O)[O-])cc3)CC2)c1,1,1,0.9116703327663916,210
CCC(O)(CC)c1cn(-c2ccc(F)cc2)c2ccc(Cl)cc12,0,6,0.5995269084657278,1554
CCNC(=O)CO[C@H](c1ccccc1)[C@H](CNC)c1ccc2ccccc2c1,0,1,0.1290666878662103,590
COc1cccc(C2(O)CCN(C(C)C(O)c3ccc4c(c3)CCC(=O)N4)CC2)c1,0,3,0.19123437180749123,4666
NC1(COc2cc(F)c3c(c2)CC(CNCCC2CN(c4cnc5c(n4)NC(=O)CO5)C(=O)O2)C3)CC1,0,10,0.09387547478848586,4667
O=C(CC1CCN(Cc2ccn(-c3ccc(C(F)(F)F)cc3)c2)CC1)N1CCN(C(=O)N2CCCC2)CC1,0,2,0.1449618814729893,4668
F[C@@H]1CNCC[C@H]1c1cc2nc(Nc3cnn([C@@H]4CC4(F)F)c3Cl)ncc2cc1Cl,1,1,0.21531093115898442,4669
N#Cc1ccc(CCN2CCN(CCc3ccc4c(c3)COC4=O)CC2)cc1F,1,6,0.8615113460319005,174
Clc1ccc2c(c1)CCCc1nnc([C@H]3CC[C@H](Oc4ccccn4)CC3)n1-2,0,5,0.14201084615295972,391
CCn1cnc2c(-c3ccc(F)c(-c4cc5c(cc4OC)C(=O)N(C)C5)c3)cnnc21,0,3,0.21251371177184297,4670
Cc1cc(=O)n(-c2cc(F)ccc2F)nc1C(=O)Nc1ccc(Oc2ccnc(NC(=O)N3CC(O)C3)c2)c(F)c1,0,5,0.18584688102879865,4671
CCC[C@@H](CCO)Nc1nc(N)nc2cnn(Cc3ncc(C4=CC5(CCN(C(C)C)CC5)C4)cc3OC)c12,0,4,0.11961132416854331,4672
Nc1nnc(N2CCC(N3C[C@H](C(=O)N4CCOCC4)OC[C@@H]3Cc3ccc(Cl)cc3)CC2)[nH]1,0,6,0.027842312899802314,4673
CCC(NC(=O)c1ccc(Cl)cc1)[C@H]1[C@@H]2C[C@@H](n3cnc4cnccc43)C[C@@H]21,1,3,0.6058869828874202,4674
N#Cc1ccc(CCN2CCN(CCc3ccc([N+](=O)[O-])cc3)CC2)cc1,1,10,0.9718681036901201,210
Cc1cccc(-c2nnc3n2CCN(C(=O)c2ccc(-c4ccccc4)cc2)[C@@H]3C)n1,0,6,0.12175846231958609,4675
Cc1c(CCN2CCN(C(=O)Cc3ccc(-n4cnnn4)cn3)CC2)ccc2c1COC2=O,0,8,0.029335971202590797,2573
Cc1ccc2c(N3CCN(CCc4ccc5c(c4)OCC(=O)N5)CC3)cccc2n1,1,3,0.7973008412497173,4676
COc1ncc2cc1NS(=O)(=O)c1cccc(c1)C(=O)NCc1cccc(c1F)-c1ccnc3ccc-2cc13,0,8,0.07388334762808026,141
O=C(O)C[C@H](CN1CC[C@@H](CCc2ccc3c(n2)NCCC3)C1)c1cccc(-n2ccnn2)c1,0,6,0.17264054876926763,4677
Cc1ccc2nc(-c3ccc(F)cc3)c(CC(=O)Nc3ccccc3F)n2n1,0,4,0.06941846271036824,171
Fc1ccc(-c2nc(C3CCNCC3)sc2-c2ccnc(Nc3ccncn3)n2)cc1,1,1,0.3272773887990796,4678
Cc1cncc(-n2c(=O)[nH]/c(=N\c3cc4cn(C)nc4cc3Cl)n(Cc3cc(Cl)c(F)c(Oc4ccc(F)cc4)c3)c2=O)c1,0,2,0.16015195967401147,4679
O=S(=O)(CC1CC1)NCCOc1ccc2c(c1)[C@@H](Cc1ccccc1)[C@@H](N1CCC1)CC2,1,1,0.3681559075949306,4680
CS(=O)(=O)Nc1ccc(OC[C@@H](O)CN(CCc2ccc(Cl)c(Cl)c2)Cc2ccccc2)cc1,1,5,0.8606709088086003,1452
O=C(c1ccnc2ccc(C3CC3)cc12)N1CCC[C@H]1CNS(=O)(=O)C(F)(F)F,0,3,0.1485969010783968,4681
CC1(C)C[C@@H](NC(=O)c2cn[nH]c2)c2cc(-c3ccc(Cl)cc3)c(-c3ccc(Cl)cc3Cl)nc2O1,1,10,0.6588283712985621,4682
Cc1ccc(CCOCc2cccc(COCCc3ccc(C)cc3)[n+]2C)cc1,1,3,0.9035369116560962,4683
Cc1cccc(N/C(=N/C#N)c2ccc(-c3ccc(Cl)cc3)o2)c1,0,5,0.4397791930334354,4684
CCOC[C@H](Oc1ncnc2c1cnn2-c1ccccc1Cl)C(=O)Nc1cnc(C)cn1,0,1,0.02200924436723547,2538
CCC(=O)CCCCC[C@H](NC(=O)[C@H]1CC12CCN(C)CC2)c1ncc(-c2cc3ccc(C4CC4)nc3cc2OC)[nH]1,0,7,0.06594429655751678,4685
Cc1ncoc1-c1nnc(SCCCN2CC[C@@]3(C[C@H]3c3ccc(F)cc3)C2)n1C,1,2,0.9790957814714102,1217
N[C@H]1C[C@@H]1c1ccc(Br)cc1,0,10,0.11213210503592567,1263
CC(C)(O)[C@H]1CC[C@H](Nc2ccc3ncc(-c4cccc(C(F)(F)F)c4)n3n2)CC1,0,1,0.16697056361368426,653
Fc1ccc(-n2cc(Cn3ccnc3C3CC3)nn2)cc1C(F)F,1,2,0.9749989391707974,428
Cn1cc(NC(=O)c2cccc(-c3ccnc(NCC4CC4)c3)n2)c(C(=O)N2CC(CN)C2)n1,0,10,0.12786065227372423,4686
N=C(Nc1ccc2c(c1)CCCN2CCCNCCO)c1cccs1,0,7,0.11332007087015844,2227
CCCCCCCN(CC)CCCCc1ccc(Cl)cc1,1,8,0.9757387662894377,156
Cc1nc2c(C#N)cccc2n1-c1ccc(C(=O)NC2CC2)s1,0,3,0.17772095819886807,4345
COc1c(C(C)(C)C)cc(CN2CCN(CCCCCC(c3ccc(F)cc3)c3ccc(F)cc3)CC2)cc1C(C)(C)C,1,2,0.858582137085557,177
Cc1cc(-c2ccc3c(c2)CCN(CCCSc2nnc(-c4cccc(F)c4)n2C)CC3)no1,1,5,0.9758594455221464,976
COc1ccc(NC(=O)NC2CC2)c(OC[C@@H](O)CN2CCC3(CC2)Cc2cc(Cl)ccc2O3)c1,1,10,0.6915293716828071,3601
Cc1ncc(-c2ccccc2CCNC(=O)c2ccc(OCCC(F)(F)F)nc2)cn1,0,10,0.14414965284470221,676
N=C(N)NC(=O)c1nc(Cl)c(N)nc1N,0,8,0.14430020038154925,4687
CCOC(=O)Nc1cccc([C@@H](c2ccc(C(=O)N3CCC3)cc2)N2CCN(Cc3cccnc3)CC2)c1,0,2,0.23189595637732252,4688
CC(C)Oc1cc(CC[C@@H](C)N2Cc3ccc(F)cc3C2)ccc1O,1,5,0.7150286908457236,70
OC(c1cccnc1-c1ccccc1Cl)C(c1cccnc1)c1cccnc1,0,6,0.061618864186879986,1423
Cc1ccccc1Cn1c(O)c(N=NC(S)=Nc2ccccc2F)c2ccccc21,1,9,0.7030674170520695,1629
FC(F)(F)c1cc(Nc2ccccc2)nc(NCc2ccccn2)n1,0,10,0.26653780090227186,1265
CC(=O)N1Cc2ccccc2CC1CN1CCC2(CCc3ccccc32)CC1,1,6,0.3780445705495365,816
COc1ccc2ncc(F)c(CCCN3CCN(C/C=C/c4cc(F)ccc4F)C[C@@H]3C(=O)O)c2c1,0,10,0.24127564368456822,3488
NC(=O)c1cc(-c2ccc(F)cc2)c2ccc(CN3C(=O)CCC3=O)cc2n1,0,9,0.019205951415126474,4689
O=C(CC(O)(C(F)(F)F)C(F)(F)F)N[C@@](Cc1ccccc1)(c1cc(F)cc(C(F)(F)F)c1)c1ccc(Cl)cn1,0,3,0.2299482056022992,4690
COc1ccc2nccc(CC[C@H]3OC[C@H](NCc4cc5c(cn4)OCCC5)CO3)c2c1,0,9,0.4251466893362097,4691
N[C@@H](CC(=O)N1CCn2c(nnc2C(F)(F)F)C1)[C@H]1CCc2cc(F)c(F)cc21,0,6,0.1062731509897257,4692
O=C1COc2ccc(CNC34CCC(C[C@@]5(O)Cn6c(=O)ccc7ncc(F)c5c76)(CC3)OC4)nc2N1,0,4,0.012870291387877467,332
O=C(NC1CCN(Cc2ccn(-c3ccc(C(F)(F)F)cc3)c2)CC1)c1c[nH]c(=O)c(Cl)c1,0,1,0.23737893988768657,4693
CCOC[C@H](Oc1ncnc2c1cnn2-c1ncccc1Cl)C(=O)Nc1ccc(F)cn1,0,5,0.0034105893879000544,3
CCC[C@@H](CO)Nc1nc(N)nc2c3ccccc3n(Cc3cc(CN[C@H]4C[C@H](OC)C4)ccc3OC)c12,0,1,0.5939875335049818,4694
Cc1ccc2c(N3CCN(CCc4cccc5c4OCc4c(C(=O)N6CCC6)ncn4-5)CC3)cccc2n1,1,7,0.802667871569759,4695
CCC(=O)CCCCC[C@H](NC(=O)[C@H]1CC12CCN(C)CC2)c1ncc(-c2ccc3nccnc3c2)[nH]1,0,1,0.02330281420674123,2781
Cn1cc(-c2cccc(C(=O)Nc3cn(C)nc3C(N)=O)n2)cn1,0,5,0.0673926446252334,4696
Cc1ccn([C@@]2(CN)[C@@H]3CN(c4cnc5c(-c6ccc7nn(C)cc7c6Cl)n[nH]c5n4)C[C@@H]32)n1,0,2,0.13539627089625825,4697
CC#CC(CC(=O)O)c1ccc(Oc2ccc(C(F)(F)F)cc2OC(F)F)cc1,0,8,0.21694267142076437,604
NC(=O)[C@@H]1CC[C@H](c2ccc(OCc3ccccc3F)cn2)N1,0,10,0.09105980934028877,4698
O=C(NC1CCN(Cc2ccc3oc(=O)[nH]c3c2)CC1)c1cc(=O)c2ccc(F)cc2o1,0,6,0.3017097383928021,4699
C[C@@H]1CCCN1CCCOc1ccc(-c2ccc(=O)[nH]n2)cc1,0,4,0.14742415233602404,2734
Cn1c(SCCCN2CC3CCN(c4ccc(F)cc4)C3C2)nnc1C1CCCCC1,1,8,0.9261252121271898,3662
NC1=N[C@@]2(CO1)c1cc(-c3cccnc3F)ccc1Oc1c2cc(-c2cccnc2)nc1F,0,2,0.050009304703353574,3368
Nc1ncc(-c2cn(C34CC(F)(C3)C4)c([C@@H](O)C(F)(F)F)n2)cc1OC(F)(F)F,0,9,0.16055191634936988,4700
O=S(=O)(c1ccccc1)n1ccc2c(N3CCN(CCCc4c[nH]c5ccc(Cl)cc45)CC3)cccc21,1,10,0.47060040883119825,4701
Cn1cc(-c2ccc(N)c(NC(=O)c3ccc(N4CCC5(CCNC5)CC4)nc3)c2)cn1,0,5,0.20585799250752407,4702
FC(F)(F)c1c(Cl)ccc(-n2ccnn2)c1Cl,0,6,0.31535122257796727,4703
CC(C)(C)c1c(C(=O)NC2C3CC4CC(C3)CC2C4)cnn1-c1ccc(C(=O)O)cc1,0,1,0.14956768687583413,4704
Fc1ccc2c([C@@H]3CNCC[C@H]3F)c(-c3cccc4ccccc34)[nH]c2c1,1,1,0.5566784197962629,4705
CC1(c2ccc(S(C)(=O)=O)cc2)NC(=O)N(CC(=O)c2ccc(F)cc2F)C1=O,0,6,0.05384850911036761,1552
C[C@@H](NC(=O)c1ccc(F)cc1)c1ccc2c(n1)CCCN2c1ncccn1,0,6,0.12468214486954186,4706
O=C(CC1CCN(Cc2ccn(-c3ccc(C(F)(F)F)cc3)c2)CC1)NC(c1ccc(F)cc1)c1ccc(=O)[nH]c1,0,4,0.2483463099013653,32
N#CCCCN(c1cccnc1)P(=O)(c1ccccc1)c1ccccc1,0,7,0.2283396141771883,1972
Cc1cc2[nH]c(C(=O)N3C[C@@H](C)CC[C@@H]3c3ccccc3)cc2nc1N,1,9,0.15489051706315457,4707
CN1CCN(c2cnc3cc(C(F)(F)F)cc(NCc4ccc5cccnc5c4)c3c2)CC1,0,10,0.6200952936655372,4708
CCc1ncc([C@]2(O)CC[C@H](N3CC(NC(=O)CNC(=O)c4cccc(C(F)(F)F)c4)C3)CC2)s1,0,7,0.02428721619336165,78
N[C@H](C(=O)N1CCC(F)(F)C1)[C@H]1CC[C@H](NC(=O)OCc2ccccc2)CC1,0,4,0.10226490294168288,3674
N#Cc1ccc(N2CCN(Cc3cc(C(=O)N[C@H]4CCCC[C@@H]4O)c(=O)n4ccccc34)CC2)cc1,1,5,0.10994541259841024,4709
CN1Cc2c(N)cccc2C(c2ccccc2)C1,0,5,0.2504580159634649,4710
CN1C[C@@H]2C[C@H]1CN2c1ncc(-c2ccc3[nH]c(C(F)(F)F)cc3c2)cn1,1,4,0.8553722348555675,1795
Nc1ccnc(Nc2ccc(Oc3ccc(Cl)cc3)cc2)n1,1,5,0.8551422804425541,4243
OCC[C@@]1(c2ccc(Cl)c(Cl)c2)CCCCNC1,0,2,0.18167652422927077,4711
FC(F)c1cc(Cl)cc(-c2cnn(Cc3cc[nH]n3)c2)c1,1,3,0.8495865636890143,59
O=C(O)c1ccc(-n2cc(C3CCN(CCN4CCNC4=O)CC3)c3cc(Cl)ccc32)cc1,0,10,0.5815383557844164,628
CN1Cc2cc(-c3ccc(C[C@@H](C#N)NC(=O)[C@@H]4C[C@@H](O)CCN4)cc3)ccc2C1=O,0,1,0.07097459910644333,3306
Cc1ccc(-c2cc(S(=O)(=O)c3ccc(CN)s3)ccc2S(C)(=O)=O)cc1,0,10,0.10524067228660244,47
Clc1ccccc1-c1ncccc1CC(c1cccnc1)c1cccnc1Cl,0,2,0.1080552405873089,1423
CS(=O)(=O)C1CN(C(=O)c2ccc3cc(Oc4ccc(C(F)(F)F)cn4)ccc3n2)C1,0,6,0.052667989683066546,3944
CN(c1cccnc1)c1ncccc1CC(c1cccnc1)c1cccnc1,0,5,0.18657329645275766,4712
CC(C(O)c1ccc2c(c1)CCC(=O)N2)N1CCC(O)(c2ccc3c(c2)COCC3)CC1,0,2,0.168420658936533,4713
c1ccc(-c2ccc(-c3c[nH]c([C@H]4Cc5c([nH]c6ccccc56)[C@@H](C5CCOCC5)N4)n3)cc2)cc1,1,1,0.9443094896519972,4714
CC(C)N1CCN(c2ccc(Nc3ncc4c(=O)n(-c5c(Cl)cccc5Cl)ccc4n3)cc2)CC1,1,2,0.6616106738121246,2782
COc1ccc([C@H]2CN(CCCC3CCNCC3)C[C@@H]2CNC(=O)c2cccc(Cl)c2)cc1,0,4,0.7235545689703033,4715
O=C(Nc1ccc(-c2nnc(NCCCN3CCCCC3)o2)cc1)C1CCCC1,0,7,0.05489293835511001,4716
CC(C)Oc1ccc(-c2ncc(CNc3ccnc(C#N)c3)s2)cc1Cl,0,10,0.2358148884973473,1594
CC1CC1c1cc(C(F)(F)F)cc(COCC2(c3ccc(F)cc3)CCN(C)CC2)n1,0,9,0.05585900388847835,1123
COC(=O)NCCc1cc(Cl)c(Cl)c(CN(C(=O)[C@H]2CNCC[C@@H]2c2ccn(C)c(=O)c2)C2CC2)c1,0,7,0.1491686718442452,309
COCCCc1cc(CCCNS(C)(=O)=O)c(Cl)c(CN(C(=O)[C@H]2CNCC[C@@]23OCc2cc(F)c(F)cc23)C2CC2)c1,0,2,0.1723792423352835,828
COC1COCCC1N[C@@H]1C[C@H]2CCC[C@@]2(C(=O)N2CCc3ncc(OC(C)C)cc3C2)C1,0,3,0.03798382291480365,685
CN(C)CCCn1nc(C2=C(c3cn(-c4ccc5ccccc5c4)c4ccccc34)C(=O)NC2=O)c2ccccc21,1,9,0.7616998200185572,4717
CC(=O)NCCc1ccccc1-c1onc([C@H]2CNCC[C@]2(O)c2ccc(F)c(F)c2)c1Cl,0,4,0.1089720815726552,925
COC(=O)C1=C(CN2CCN3C(=O)N(CC4(C(=O)O)CCC4)C[C@@H]3C2)NC(c2nccs2)=N[C@H]1c1ccc(F)cc1Cl,0,6,0.07951481257535585,4718
O=C(c1ccncn1)N1CCC2(CCN(Cc3ccccc3Oc3ccccc3)CC2)CC1,1,2,0.6749141050719782,1550
O=C(C1CC2(CCN(c3ccccc3)CC2)C1)N1CCN(C2CCC2)CC1,0,1,0.13723068723187148,4719
N[C@H]1C(=O)N[C@@H]1COc1ccc2ncc(F)c(CCC34CCC(NCc5ccc6c(n5)NC(=O)CO6)(CC3)CO4)c2n1,0,6,0.4363302075718651,4720
Cn1nc(NCC(=O)NC2CN([C@H]3CC[C@@H](C(=O)O)CC3)C2)c2cc(C(F)(F)F)ccc21,0,6,0.031867966665733334,67
Cc1nccc(-c2cc3[nH]nc(N[C@H]4CCNC[C@@H]4F)c3cc2C2CC2)c1F,0,1,0.21583008006105545,2291
CN1CCC(Cn2nc(-c3ccc4cc(OC5CCC5)ccc4c3)c3c(N)ncnc32)CC1,1,1,0.8283107602442462,4721
COc1ccc(-c2ccc(C(=O)O)cc2C)cc1-c1cnc(C(F)(F)F)nc1CN1C(=O)O[C@H](c2cc(C(F)(F)F)cc(C(F)(F)F)c2)[C@@H]1C,0,6,0.07210148285349582,1155
Cc1c(CNC(C)C)nn(-c2ccc(Cl)cc2Cl)c1-c1ccc(Cl)cc1,1,9,0.5414968584103073,4722
COC1COCCC1N[C@@H]1C[C@H]2CN(C(=O)C#CC3CC3)C[C@@]2(C(=O)N2CCc3ncc(C(F)(F)F)cc3C2)C1,0,10,0.01857426790141933,4723
CC[C@@H](CCO)Nc1nc(N)nc2cnn(Cc3ccc(CNC4CCOCC4)cc3OC)c12,0,6,0.0265587703874976,813
CC(C)(C)c1cc(NC(=O)n2ccc3ccc(Oc4ncnc5c4CNC5)cc32)no1,0,1,0.06850348018626698,4724
CC(C)(N)COc1cc(C#N)c2c(c1)CC(CNCCC1CN(c3ccc4c(n3)NC(=O)CO4)C(=O)O1)C2,0,7,0.18005088704775155,3289
CCOc1ccc2cc(-c3nn(C(C)(C)C)c(N)c3C(N)=O)cnc2c1,0,7,0.014790684442511975,772
O=c1ccc2ncc(F)c3c2n1C[C@@]3(O)CC12CCC(NC/C=C/c3ccccn3)(CC1)CO2,1,5,0.48762993868701376,4725
CC(=O)Nc1nc(-c2ccc(F)cc2)c(-c2ccnc(Nc3ccc(N4CCNCC4)cc3)n2)s1,0,9,0.17408423447915408,1209
COC(=O)c1ccc2c(c1)NC(=O)/C2=C(\Nc1ccc(N(C)C(=O)CN2CCN(C)CC2)cc1)c1ccccc1,1,2,0.3916666732840989,4726
O=C1N(CCN2CCC(C(F)(F)F)CC2)CCN1c1cccc(I)c1,1,3,0.5174029396506149,2282
CN1C[C@@H]2C[C@H]1CN2c1ccc(-c2ccc3occc3c2)nn1,1,7,0.8756733305878216,4727
CCc1ccc2oc(N3CCN4CCC3CC4)nc2n1,0,5,0.2012462480300275,565
O=S1(=O)c2ccccc2-c2ccc(N3CCN4CCC3CC4)cc21,1,7,0.26831810683208784,4728
CNC(=O)[C@@H]1C[C@H](N2CCc3c(ncnc3OCCc3ccccc3)C2)CN1C(=O)c1ccc(CN)c(OC)c1,0,1,0.18305167806752687,4729
Cn1cc(-c2ccc(Nc3nn([C@H]4COCC[C@@H]4C#N)cc3C(N)=O)cc2)cn1,0,8,0.05039562462717812,4730
CCOP(=O)(Cn1ccc(NC(=O)c2cc(Oc3cnc(C(=O)NC)cn3)cc(OC(C)C)c2)n1)OCC,0,10,0.021594270881722485,2832
O=c1c2ccccc2c(Cc2ccc(Cl)cc2)nn1C[C@H]1CCCN1CCCCc1ccc(OCCCN2CCCCCC2)cc1,1,10,0.7905889592717854,4731
CC1CCN(c2ccc3cc(CCN4CCC[C@H]4C)ccc3n2)CC1,0,10,0.3427116148359837,4732
Cc1noc(-c2ccc(CCN3CCC(Nc4nc5ccccc5n4CC4CCCCC4)CC3)cc2)n1,1,4,0.8506153888043523,4733
CN(CCOc1ccc(CC2SC(=O)NC2=O)cc1)c1ccccn1,0,5,0.22620804307249168,4734
C[C@H]1C[C@@H](N)C2(CCN(c3nc(N)c(Sc4cccnc4C(F)(F)F)c(=O)n3C)CC2)C1,0,5,0.12999148550661058,4127
COc1cccc(C(=O)COc2ccc(CC3SC(=O)NC3=O)cc2)c1,0,10,0.194809437043627,4735
O=C1NCc2c(-c3ccc(F)cc3F)cc(N3CCNCC3)cc2N1c1c(Cl)cccc1Cl,1,8,0.420795750546468,4736
O=C(O)CNC(=O)c1c(O)c2c(n(Cc3ccc(C(F)(F)F)cc3)c1=O)COC2,0,7,0.0981424477094126,4737
Cc1nn(C2CCNCC2)c(C)c1Nc1ncc(Cl)c(-c2cnn3ccccc23)n1,0,8,0.24877711584620651,93
Nc1nc(N)c(C(C[N+](=O)[O-])c2ccccc2OCc2ccc(Cl)c(Cl)c2)c(N)n1,0,10,0.20706317376254635,4738
Nc1ccc(-c2cccs2)cc1NC(=O)c1ccc(N2CCC3(CC2)CNc2ccccc23)nc1,0,4,0.24411707896121504,4739
Cc1ccc(C(C)C)cc1NC(=O)Cn1c(Cc2c(Cl)cccc2Cl)nc2ccccc21,0,8,0.3103424243752033,4438
COc1ccc2cc3[n+](cc2c1OC)CCc1cc2c(cc1-3)OCO2,0,3,0.42743443735387304,4740
CN(C)c1ccc(/C=C/c2c(F)cccc2F)cc1,0,10,0.1974382238737669,284
NS(=O)(=O)c1ccc(-n2nc(-c3ccc(C(F)(F)F)cc3O)nc2-c2ccccc2O)cc1,0,9,0.16735566720643394,2005
CCN(C(=O)Cc1ccc(S(C)(=O)=O)cc1)C1CCN(CC[C@@H](c2cccc(F)c2)C2CCN(S(C)(=O)=O)CC2)CC1,0,6,0.08066671103495625,871
Cc1c(N2CCC(C3(N)CC3)C2)c(F)cc2c(Cc3cc(O)no3)cc(=O)n(C3CC3)c12,0,10,0.07328460358796089,4741
O=C1COc2ccc(CNC34CCC(CCc5c(F)cnc6ccc(OC7CCC7)nc56)(CC3)OC4)nc2N1,1,5,0.8122760816384857,4742
Cc1nc2ccccc2n1C1CC2CCC(C1)N2CCC1(c2ccccc2)CCN(C(=O)c2cccc(C(N)=O)c2)CC1,0,1,0.2591047457267839,305
C[N+]1(CCc2ccccc2)CCC(C(=O)c2ccc(Cl)cc2)CC1,1,8,0.6347851104753285,4743
O=C(CNC(=O)c1cccc(C(F)(F)F)c1)NC1CN([C@H]2CC[C@](O)(c3cccnc3)CC2)C1,0,1,0.01816260677392668,1391
COc1ccc(CCN2CCC(Nc3nc4ccccc4[nH]3)CC2)cc1,1,10,0.7931551409019609,2704
NCc1ccc(C(=O)N2C[C@@H](n3cc(C4CC4)nn3)C[C@H]2C(=O)NCC(c2ccccc2)c2ccccc2)cc1,1,9,0.17852730773297112,4744
COC(=O)N[C@H](C(=O)N1C[C@@H](C)C[C@H]1c1ncc(-c2ccc(-c3ccc(-c4cc5[nH]c([C@@H]6C[C@H](C)CN6C(=O)[C@@H](NC(=O)OC)C(C)C)nc5s4)s3)cc2)[nH]1)C(C)C,0,5,0.14901009865692966,4745
C[C@H](Oc1cc2cc(C(N)=O)ccc2nc1N)c1cc2c(cnn2CCO)cc1-n1cccn1,0,2,0.08689262813575112,72
O=C(CNC(=O)c1cccc(C(F)(F)F)c1)NC1CN([C@H]2CC[C@H](c3cnccn3)CC2)C1,0,10,0.03262022570436654,4746
Cc1ccc2c(n1)N1[C@@H](CNC[C@H]1C)C2,0,10,0.07114267679087105,3420
O=C(NCC1CCCO1)c1n[nH]c2ccc(-c3cccc(F)c3F)cc12,0,6,0.1445438219791214,4747
CC(C)n1cc(C(=O)c2cncc(NC(=O)Cn3ccc(C4CC4)n3)c2)c2cnc(N)nc21,0,5,0.11329461768846415,4095
CC(C)Oc1ccc(-c2nnc(-c3ccc4c(c3)C[C@](N)(CO)CC4)o2)cc1C(F)(F)F,1,1,0.19709190896474502,4748
CN1CCN(C(=O)C2CCN(c3nccc4[nH]c(-c5ccc(F)c(F)c5)nc34)CC2)CC1,0,1,0.18503879810450918,4749
COC(C)(C)COc1ccc2c(c1)[C@]1(COC(N)=N1)c1cc(-c3cncnc3)ccc1O2,0,8,0.4025744664428771,741
COc1ncc([C@]2(O)CC[C@H](N3CC(NC(=O)CNC(=O)c4cccc(C(F)(F)F)c4)C3)CC2)cc1C,0,4,0.07631752993806964,1391
COc1cc(N2CCN(C(=O)CN)CC2)ccc1Nc1ncc(Cl)c(-c2cnc3ccccn23)n1,0,10,0.031293788755535845,68
Fc1ccc(-n2cc(C3CCNCC3)c3cc(Cl)ccc32)cc1,1,4,0.6066361828388747,4750
C[C@@H]1CN(CC(=O)N2CC(C)(C)c3nc(CO)c(Cc4ccc(F)cc4)cc32)[C@@H](CN2CCOC[C@H]2C)CN1,0,5,0.17916838963415996,4751
CC(Oc1ccc(S(C)(=O)=O)cc1C(=O)N1CCN(c2cnc(C(F)(F)F)cn2)CC1)C(F)(F)F,0,10,0.06352478355946455,4752
C[C@]1(COc2ccc(N3CCC(Oc4ccc(OC(F)(F)F)cc4)CC3)cc2)CN=C(N)O1,1,9,0.3520343525094516,4753
CNC(=O)c1c(-c2ccc(O)c(C)c2)oc2ccc(O)c(CN3CCC4(COC4)C3)c12,0,4,0.04610650906831924,573
O=C(c1ccc(C[C@@H]2CC[C@H]([C@H](O)c3ccccc3)N2)cc1)N1CCN(Cc2nnn(CC(F)F)n2)CC1,0,6,0.028677802028743312,4608
CC(C)c1ncc([C@]2(O)CC[C@H](N3CC(NC(=O)CNC(=O)c4cccc(C(F)(F)F)c4)C3)CC2)s1,0,5,0.055568391207067594,78
Nc1nnc(N2CCC(N3C[C@H](Cn4ccnn4)OC[C@@H]3Cc3ccc(Cl)cc3)CC2)[nH]1,0,2,0.03029663414221267,4754
[O-][n+]1cccc(C[C@@H](c2ccc(OC(F)F)c(OC3CC3)c2)c2cnc(C(O)(C(F)(F)F)C(F)(F)F)s2)c1,0,1,0.1135825745153491,4755
CCCCc1cc(OC2CCN(CCCCNS(=O)(=O)C(C)C)CC2)c2ncccc2c1,1,1,0.9539790528381078,409
CN(C)c1ccc(/C=C/c2c(F)cccc2F)cn1,0,6,0.1989433599897809,2889
CCC(CC)CNc1c(C(N)=O)cnc2c(C)cc(-c3cccnc3)cc12,1,1,0.5514460978633807,2403
O=C(O)[C@H](Cc1ccccc1)N1CCC(CN2CCC(Oc3ccc(Cl)c(Cl)c3)CC2)CC1,0,10,0.05344945737380255,234
N#Cc1ccc(Oc2ccc3nc(OCC(=O)NCC(N)=O)ccc3c2)cc1,0,5,0.09306520500297133,4756
N[C@H](CCO)Cn1nnc(-c2ccc(Oc3ncc(Cl)cc3F)cc2)n1,0,6,0.045189169079979316,49
CNC(=O)c1cnc(Nc2cc(C)ccn2)cc1Nc1ccccc1S(C)(=O)=O,0,7,0.06375693170469464,3264
Cc1ccc(C2=CC3(CCNCC3)Oc3ccccc32)cc1,1,6,0.8080900078101474,151
COc1ccc(CN(CCN(C)C)c2ccccn2)cc1,0,9,0.44422232487333846,4757
O=C(NC1CCN(Cc2cccc(F)c2)CC1)c1cc(=O)c2ccc(F)cc2o1,1,3,0.7706068673013747,105
COc1cc(N2C(=O)N(c3ccc(-c4ccc(-c5cc(=O)[nH][nH]5)cc4)cc3)C(=O)C23CCN(Cc2ncccc2C)CC3)ncn1,0,10,0.3634474134363966,4758
CCCN1C[C@H](CSC)C[C@@H]2c3cccc4[nH]cc(c34)C[C@H]21,1,7,0.5089617211978095,4759
Nc1cc(F)c(S(=O)(=O)N2CCC(O)CC2)cc1C(=O)Nc1ccc(F)c(F)c1,0,2,0.05952847778241452,4760
Cc1cc(Nc2ncc3c(=O)n(-c4c(Cl)cccc4Cl)ccc3n2)ccc1N1CCNCC1,1,4,0.6871560198531509,2782
Cc1nc2ccccc2n1C1CC2CCC(C1)N2CCC1(c2cccc(F)c2)CCN(C(=O)C(C)(C)C(=O)O)CC1,0,1,0.2740984469812448,2840
O=C(C1CC2(CCN(C3CCOCC3)CC2)C1)N1CCN2CCCCC2C1,0,2,0.025888827105717098,4761
N#C[C@H](Cc1ccc(-c2ccccc2)cc1)NC(=O)C1(N)CCOCC1,0,8,0.06049424768400411,3065
COCCCc1cc(CN(C(=O)[C@H]2CNCC[C@@]23OCc2ccccc23)C2CC2)cc(OCCOC)c1,0,7,0.1431685583661218,828
CC(C)[C@]1(C(=O)NCc2cc(C(F)(F)F)cc(C(F)(F)F)c2)CC[C@@H](N2CCC(c3ccc(F)cc3)CC2)C1,1,3,0.9196356072033818,1987
COC1COCCC1N[C@@H]1C[C@H]2CN(C(=O)/C=C/c3ccccc3)C[C@@]2(C(=O)N2CCc3ncc(C(F)(F)F)cc3C2)C1,0,9,0.03606526966940084,4762
Cc1nsc(-c2ncc3n2CCN(C(=O)c2ccc(-c4ccnn4C)cc2)[C@@H]3C)n1,0,3,0.10453436135585406,4763
COc1cncnc1C(O)c1cc(-c2ncnc3cc(N4CCOCC4)ccc23)c(F)cc1Cl,0,3,0.004146832350397333,2196
CCOC(=O)c1cnc(NC2CCN(Cc3ccc(C(=O)NC)cc3)CC2)nc1Oc1c(C)cc(-c2ccc(C#N)cc2)cc1C,0,1,0.3867731211138617,2568
NCc1ccc(F)c(C2CCN(C(=O)c3cccc(-c4nc(-c5cccs5)no4)c3)CC2)c1,1,8,0.17457150947791397,1159
Cc1nnn(Cc2cc(C(F)(F)F)ccc2/C=C/C(=O)N2CCC(c3nnc(C)o3)CC2)n1,0,1,0.044129042569496416,4764
Cc1cc[n+]([O-])c(C)c1C(=O)N1CCC(C)(N2CCC(N(Cc3ccccc3)c3ccccc3)CC2)CC1,1,6,0.632541783155731,4765
CN1CCC[C@@H](Nc2nnc(-c3ccc(C(F)(F)F)cc3O)c3ccnn23)C1,1,10,0.40115573064637006,3438
CCCCc1cc(OC2CCN(CCCCN(C)S(=O)(=O)CC)CC2)c2ncccc2c1,1,10,0.9056849153040148,409
CC(C(=O)NC1(c2ccccc2)CCC(N2CCC3(CC2)CCC(C)(C)O3)CC1)c1cc(C(F)(F)F)cc(C(F)(F)F)c1,1,7,0.8050821123009533,4427
Cn1cnc(C(=O)N2CCN(C(=O)c3ccc(Nc4nc5ccccc5n5nnnc45)cc3)CC2)c1,0,6,0.14198743811873682,4766
O=C(NCc1ccncc1)C1c2ccccc2C(=O)N1Cc1ccccc1-c1ccccc1,0,6,0.1063001922536879,4767
O=C(N1CCc2ncc(C(F)(F)F)cc2C1)[C@@]12CCC[C@@H]1C[C@@H](NC1CCOCC1)C2,0,3,0.011486240600060819,685
N#Cc1cc(OCCN)cc2c1CC(CNCCC1CN(c3ccc4c(n3)NC(=O)CO4)C(=O)O1)C2,0,1,0.19506795439705102,3289
Cc1ccc(C(C)N2[C@@H]3CC[C@H]2C[C@H](Oc2cccc(C(N)=O)c2)C3)s1,1,6,0.8345472377187855,2444
O=C(O)[C@H](Cc1ccccc1F)N1CCC(CN2CCC(Oc3ccc(Cl)c(Cl)c3)CC2)CC1,0,3,0.09984518159067549,234
CC(=O)N1CCN([C@H]2C[C@@H](n3cc(-c4ccc(Cl)c(N)c4)c4c(N)ncnc43)C2)CC1,0,9,0.11929708001358942,4768
Cn1cc(-c2cc3nccnc3c(NC[C@H]3CCCNC3)n2)cn1,0,6,0.03417180478939721,2443
NC(=O)C(c1cc(-c2ncnc3cc(N4CCOCC4)ccc23)c(F)cc1Cl)c1ncccc1Cl,0,7,0.012884876053271281,1450
Cc1cc(-c2ccc3c(c2)CCN(CCCSc2nnc(C(C)(C)C)n2C)CC3)no1,1,10,0.8517985320798148,4190
CCOC(=O)C1=C(CN2CCOCC2)NC(n2cncn2)=NC1c1ccc(F)cc1Br,1,1,0.28432096336931734,4769
O[C@H](C[C@H]1c2c(F)cccc2-c2cncn21)[C@H]1CC[C@@H](O)CC1,0,4,0.11038511108084165,139
O=C(O)CCC(=O)N1CCc2cc(-c3noc(-c4cc(C(F)(F)F)cc(C(F)(F)F)c4)n3)ccc21,0,9,0.22549402125405038,249
OC(c1cc(-c2ncnc3cc(N4CCOCC4)ccc23)c(F)cc1F)c1ncnc2ccsc12,0,6,0.006636288341494548,3738
Cc1ccc(-c2nnc(SCCCN3CCc4ccc(-c5cc(C)on5)cc4CC3)n2C)cc1,1,10,0.9963375455897123,976
CNC(=O)c1cnc(NC(=O)C2CC2)cc1Nc1ccccc1S(C)(=O)=O,0,2,0.0448601565572677,4770
Cc1cc([C@H]2CN(C3CCN(c4nnc(N)[nH]4)CC3)[C@@H](Cc3ccc(Cl)cc3)CO2)nn1C,0,9,0.04440730975609986,4771
O=C(O)/C=C/c1ccc(Cc2c(-c3ccccc3)c(=O)oc3cc(O)ccc23)cc1,0,4,0.14214690822318915,4772
Cc1ccc(/C=C/C(=O)N2CCN(c3ccc(C(=O)Nc4ccccc4N)cc3)CC2)cc1,0,1,0.14716881404197185,2318
CONC(=O)Nc1ccc(-c2sc3c(c2CN(C)C)c(=O)n(-c2cccc(OC(F)F)c2F)c(=O)n3Cc2c(F)cccc2C(F)(F)F)cc1,1,8,0.31024822150093034,3628
CNC(=O)c1c(NCC2CCC3(CCC3)CC2)nc(C#N)nc1OCC1CCN(C)CC1,1,8,0.6546820590160314,3473
Cc1cnn(C2CCN(c3nc4ccccc4n3Cc3ccc(F)cc3)CC2)c1,1,6,0.7481758260331798,4773
O=c1ccc(OCCCN2CCCCC2)nn1-c1ccc(F)c(Cl)c1,1,10,0.4162039004053081,4774
CCc1cc2c(s1)CCN1Cc3ccccc3CC21,0,2,0.42115397439890595,4775
NC(=O)c1ccc2c(c1)[C@@H](N)C1(CCN(c3cnc(Sc4ccnc(N)c4Cl)c(N)n3)CC1)C2,0,3,0.15604801978949573,1529
O=C1COc2cc(Cl)c(CNC34CCC(C[C@]5(O)Cn6c(=O)ccc7ncc(F)c5c76)(CC3)OC4)nc2N1,0,9,0.04850096305268939,332
Cc1ccc2c(-c3nnc(SCCCN4CCc5cc6nc(C7CC7)oc6cc5CC4)n3C)cccc2n1,1,4,0.8806063692019167,4776
N[C@H]1CN(C(=O)c2cnc3ccccc3n2)C(=O)[C@H]1C(=O)N1CCCC1,0,9,0.08615911183947265,4777
Cc1noc(C[C@H]2CC[C@H](c3ccc(N4CCOc5ncnc(N)c5C4=O)cc3)CC2)n1,0,1,0.1329285149602387,4778
CCN(CC)C(=O)c1ccc([C@@H]2CC3(CCNCC3)Oc3ccccc32)cc1,0,6,0.32057567055265557,4779
COc1cc(CNCC2CCN(CCCCCC(c3ccc(F)cc3)c3ccc(F)cc3)C2)cc(OC)c1OC,1,5,0.909659752929028,1894
Cc1onc(-c2ccccc2)c1C(=O)NC(=S)Nc1sc2c(c1C#N)CCC(C)C2,1,7,0.22470234581226553,4780
C[C@@]1(c2cc(CNC3(C#N)CC3)c(F)cc2F)CCSC(N)=N1,0,7,0.08256584949979762,646
CCCCNc1nc(N)nc2cnn(Cc3ccc(CNC4CCC4)cc3OC)c12,0,9,0.16101183291897989,4781
CC(C)N(CCOc1ccc(-n2ccc(OCc3ccccc3)cc2=O)cc1)C(C)C,1,7,0.8398053365368573,659
CCN(CC)CCCc1cc(CCCOC)cc(CN(C(=O)[C@H]2CNCC[C@@]23OCc2cc(F)c(F)cc23)C2CC2)c1Cl,0,5,0.1957232289148233,828
Nc1nccc2cc(O[C@H]3CCCNC3)ccc12,0,7,0.15419427913082479,4782
Cc1ccc(NC(=O)c2ccc(C)c(C(F)(F)F)c2)cc1C#Cc1nn([C@H]2CC[C@H](O)CC2)c2ncnc(N)c12,0,4,0.2337323345331011,1825
O=C(NC1CCN(Cc2ccc3c(c2)OCO3)CC1)c1cc(=O)c2ccc(Br)cc2o1,1,9,0.9267146014092353,481
OC(c1cccnc1)c1cc(-c2ncnc3cc(N4CCOCC4)ccc23)c(F)cc1F,0,5,0.02474957431567962,688
NC1(C(=O)NC(CCCN2CCCCC2)c2ccc(Cl)cc2)CCN(c2ncnc3[nH]ccc23)CC1,0,2,0.09292657111701172,4783
O=S(=O)(Cc1cc(N2CCOCC2)nc(-c2ccccn2)n1)c1ccccc1,0,8,0.12242821609345292,4784
O=C(NCCN1CCOCC1)c1ccc(Cl)cc1,0,10,0.1955917844390208,4785
Cc1c([C@@H](O)CN2CCC3(CC2)CCN(c2cn(C)c(=O)cn2)C3=O)ccc2c1COC2=O,0,9,0.08877217108753217,4786
FC(F)(F)c1cc(Cl)nc(COCC2(c3ccccc3)CCNCC2)c1,0,8,0.1253558018540283,214
Cc1cc(/C=C/C#N)cc(C)c1Nc1ccnc(Nc2ccc(C#N)cc2)n1,1,5,0.2940570676419894,4787
CCOC(=O)c1c(CSc2ccccc2)n(Cc2ccc(F)cc2)c2cc(Br)c(O)cc12,0,5,0.25203204579620203,2725
Cc1cccnc1CN1CCC2(CC1)C(=O)N(c1ccc(-c3cnc(O)nc3)cc1)C(=O)N2c1cc(O)ncn1,0,10,0.39186970841543506,4788
CCCOCCn1c(=O)c(N2CCN(CC)CC2)nc2cnc(-c3ccc(OC)nc3)cc21,1,5,0.6314601133653952,2310
C[C@@H](CO)OC[C@H](Oc1ncnc2c1cnn2-c1ncccc1Cl)C(=O)Nc1ccc(Cl)cn1,0,7,0.031847299454583984,3
COc1nc(-c2ccc(Cl)cc2)ccc1[C@@H](c1ccccc1)[C@@](O)(CCN(C)C)c1cccc2ccccc12,0,5,0.48821429099853136,4789
Cc1c(C(=O)NCCCN2CCN(c3cccc(Cl)c3Cl)CC2)cc(-c2ccccc2)n1C,1,4,0.8672531413812153,1927
CCCCc1cc(OC2CCN(CCCCNS(=O)(=O)CC)CC2)c2ncccc2c1,1,10,0.9629625188388408,409
Cc1c(N2CC[C@@H]([C@H](C)N)C2)c(F)cc2cc(O)c(=O)n(C3CC3)c12,0,4,0.08491316521038723,1924
c1cc(CN2CCCNCCNCCCNCC2)ccc1CN1CCCNCCNCCCNCC1,0,9,0.2512504108044752,4790
CC(C)(O)[C@]1(C(=O)NCc2cc(C(F)(F)F)cc(C(F)(F)F)c2)CC[C@@H](N2CCC(c3cncnc3)CC2)C1,1,5,0.4921276424497514,4791
CN=[S+](C)([O-])c1ccc(C2=C(c3ccccc3)C(=O)OC2)cc1,0,3,0.25918228428954476,2899
Cc1cc2ncc(C(=O)N3CCC([C@H](N)Cc4cc(F)c(F)cc4F)CC3)c(C)n2n1,0,4,0.11372476549418098,4792
C[n+]1c(CCCOc2ccccc2Cl)cccc1CCCOc1ccccc1Cl,1,9,0.940979095784644,1777
N=C(NCCCOc1ccc(F)cc1)Nc1ccc(Cl)cc1,1,10,0.6711769202818776,2083
CC(=O)Nc1ccc(CCN2CCC(COc3nc4ccccc4c4cn(C)cc34)CC2)cc1,1,9,0.6885204526274664,2505
CC(C)(C)NC(=O)C1c2ccc(O)cc2C(=O)N1Cc1ccccc1-c1ccccc1,0,1,0.04223626371280756,422
C[C@@H]1CN(CC2(C(N)=O)CC2)CCN1S(=O)(=O)c1ccc([C@@](C)(O)C(F)(F)F)cc1,0,9,0.13934571136546667,4793
CC(C)[C@@H]1NC(=O)[C@H](Cc2ccccc2)N(C)C(=O)[C@H](C(C)C)NC(=O)[C@H](Cc2ccccc2)N(C)C1=O,0,1,0.06229310691733649,2533
CNc1cc(F)cc2c1[nH]c1nc(Oc3cnc(C)nc3)nc(N3CCC(=C(F)CN)CC3)c12,0,6,0.10756230646210153,4794
Cc1ccccc1-c1ccc(C#Cc2cccc(C#Cc3ccc(-c4ccccc4C)cc3)[n+]2C)cc1,1,3,0.8229744029726813,1190
CC(C)S(=O)(=O)N[C@@H]1COC[C@@H]1c1ccc(-c2ccsc2)cc1,0,7,0.20823794748514268,4795
COc1ccc(-c2cc(=O)c3cc(Cl)ccc3o2)cc1,0,9,0.3349735817528145,946
Cc1cnc(NC(=O)[C@H](COC(C)C)Oc2ncnc3c2cnn3-c2ccccc2Cl)cn1,0,3,0.008642516306522305,2538
COCCCc1ccc(Cl)c(CN(C(=O)[C@H]2CNCC[C@@H]2c2ccn(C)c(=O)c2)C2CC2)c1,0,6,0.11500392798778217,309
COc1ccc(-c2nnc(C(=O)N3CC(Oc4ccc(CN5CCCOCC5)cc4)C3)o2)cc1,0,9,0.03467558443892663,4796
CC(C)NC(=O)c1cn(-c2cccc(Br)c2)c2ncccc2c1=O,0,3,0.23555355797599356,1350
Cc1ccc2c(-c3nnc(SCCCN4CCc5ccc6oc(C(F)(F)C(F)(F)F)nc6c5CC4)n3C)cccc2n1,1,3,0.960637420714676,4797
CCOP(=O)(Cn1ccc(NC(=O)c2cc(Oc3cnc(S(C)(=O)=O)nc3)cc(OC(C)C)c2)n1)OCC,0,7,0.01652992430416873,4798
CCc1nc(-c2cnc(N)c(OC(F)(F)F)c2)c2ccc([C@H]3COCC4(CC4)N3C)cn12,0,8,0.27999147709195765,4799
C[C@@H]1Cc2c(ccc3[nH]ncc23)[C@@H](c2ccc(NC3CN(CCCF)C3)cn2)N1CC(C)(F)F,0,8,0.959082439497551,420
FCCOc1ccccc1CCC1CCN(CCc2ccc(F)cc2)CC1,1,10,0.9656640466449793,499
Cc1ccc2c(c1)CN([C@H](C)CCc1ccc(Cl)c(Cl)c1)C2,1,7,0.6845796574018377,70
Cc1ccc(Nc2nc(C(=O)N3CCCC(C)C3C)cs2)cc1,0,9,0.20301542714193213,3167
COC1COCCC1N[C@@H]1C[C@H]2CN(c3ccccc3)C[C@@]2(C(=O)N2CCc3ncc(C(F)(F)F)cc3C2)C1,0,1,0.04766961363518146,4800
COc1cccc(C(=O)N2CCn3c(-c4nc(C)ns4)nnc3[C@H]2C)c1,0,8,0.05160373099673709,638
CC1(c2ccccc2)CCN(C[C@@H]2CCc3cccnc3[C@@H](O)C2)CC1,0,3,0.29755841707371816,48
C[C@@H]1CCCN1CCc1ccc2nc(-c3cnccn3)ccc2c1,0,6,0.3578307717960312,4801
O=C(O)c1ccc2nc(CN3CCN(c4cccc(OCc5ncc(Cl)cc5F)n4)CC3)n(C[C@@H]3CCO3)c2c1,0,3,0.09031607407074727,359
C[C@H](Nc1ccc2ncn(-c3cc(C4CC4)[nH]n3)c2n1)c1ncc(F)cn1,0,1,0.11035611543851845,4802
COc1ccc2ncc(C#N)c(CC(O)C34CCC(NCc5ccc6c(n5)NC(=O)CO6)(CC3)CO4)c2n1,1,1,0.1709149899682324,265
Cc1ccc([C@]2(O)CC[C@H](N3CC[C@@H](NC(=O)CNC(=O)c4cccc(C(F)(F)F)c4)C3)CC2)cc1,0,9,0.10820734422905173,2259
N#C[C@H]1CCOC[C@@H]1n1cc(C(N)=O)c(Nc2ccc(C3CC3)cc2)n1,0,10,0.0256355871242148,4803
C[C@@H](c1ccc(-c2cccc(-c3noc(O)n3)c2)cc1)[C@H](N)C(=O)N1CC[C@H](F)C1,0,4,0.09685044316121531,4804
Cc1nc2cnc(Oc3cccc4cccnc34)cc2c(=O)n1C[C@H]1CCCN(C(C)C)C1,0,5,0.396715962595099,4805
Nc1ncc(-c2ccc(C(=O)N3CCNCC3)cc2)cc1-c1ccc(C(F)(F)F)nc1,0,3,0.045676258334283494,3309
Nc1ncc(-c2nc(N3CCOCC3)c3ccn(CCCCCCC(=O)NO)c3n2)cn1,0,1,0.07163542636014979,4806
Cn1c(CSc2ccc(F)cc2)c(C(=O)Nc2cc[nH]n2)c2cc(O)c(Br)cc21,0,3,0.260974906672164,4807
NC(=O)c1cccc(O[C@@H]2C[C@H]3CC[C@@H](C2)N3C2CCCc3ccccc32)c1,1,3,0.7367059651513901,4808
Cc1nn(CC(F)(F)F)cc1Nc1nc(C2CC2)c(-c2cncc3c2ncn3C)nc1C(N)=O,0,4,0.1344869388773477,4809
CC(C)Oc1cc2c(OC[C@@H]3CCC(=O)N3)nccc2cc1C(N)=O,0,2,0.11876863002559697,4810
Nc1c2c(nc3ccccc13)CCCC2,0,10,0.14151088327690667,4811
CN1CCN(Cc2ccc3cc(-n4cnc5cc(-c6ccc(Cl)cc6)sc5c4=O)ccc3n2)CC1,0,5,0.4733500299740595,4812
Cn1cc(CNc2cc(OC[C@H]3C[C@@H]3c3ccccn3)nc3ccnn23)cn1,0,2,0.1264888188017389,4813
O=C(c1ccc(C[C@@H]2CC[C@H]([C@H](O)c3ccccc3)N2)cc1)N1CCN(Cc2ncn(CC(F)F)n2)CC1,0,1,0.08743689005734727,4631
Cc1cc(F)ccc1C1CCN(CC2Cc3ccccc3CN2)CC1,1,9,0.6211391365201535,2093
CC(=O)N1N=C(c2cc(F)ccc2F)C[C@H]1c1cccc(O)c1,0,9,0.15059511893345165,3193
FC(F)(F)c1ccc2[nH]c(-c3ccc(-c4ccc(N5CCOCC5)nc4)cc3)nc2c1,0,4,0.6091192408562983,4814
NS(=O)(=O)c1ccc(OCCCCN2CCCC2)cc1,0,7,0.1181934797489183,3621
CCN(C(=O)c1cc(F)ccc1Oc1nncnc1N1CC2(CCN(CC3(C)CC3)CC2)C1)C(C)C,0,4,0.10490848753489451,4815
C/C(=N\Nc1ccc(F)cc1)c1ccc(-c2ccc(/C(C)=N/Nc3ccc(F)cc3)cc2)cc1,0,5,0.4247261379193467,1654
CCC(=O)CCCCC[C@H](NC(=O)[C@H]1CC12CCN(C)CC2)c1ncc(-c2ccc3nc(CC)ccc3c2)[nH]1,0,5,0.032272430205298935,203
C[C@@H]1Cc2c(ccc3[nH]nc(F)c23)[C@@H](c2ccc(NC3CN(CCCF)C3)c(F)n2)N1CC(F)(F)CO,1,5,0.6518727660044502,420
COc1cnc(C(=O)Nc2ccc(F)c([C@]3(C)CS(=O)(=O)[C@@](C)(C(F)F)C(=N)N3)c2)cn1,0,6,0.05159715786316999,968
Cn1c(SCCCN2CC[C@]3(C[C@@H]3c3ccc(C(F)(F)F)cc3)C2)nnc1-c1nccs1,1,5,0.9826993068453963,4816
Cn1nc(NCC(=O)NC2CN([C@H]3CC[C@@H](C#N)CC3)C2)c2cc(C(F)(F)F)ccc21,0,4,0.0633018127622035,67
Cc1cc(-c2nnc(NCCCN3CCCCC3)o2)ccc1NC(=O)c1ccccc1F,0,7,0.08734894089489217,266
Cc1c(Cl)ccc(OC2CCN(C[C@H](O)CNC(=O)c3c[nH]c(=O)c4ccc(S(C)(=O)=O)cc34)CC2)c1Cl,0,6,0.28189030007087923,1530
Cn1ccc([C@H]2CN(C3CCN(c4nnc(N)[nH]4)CC3)[C@@H](Cc3ccc(Cl)cc3)CO2)n1,0,3,0.03256713127339735,4771
O=C1COc2cc3c(cc2N1)C(N1CCC(NC(=O)c2cc(=O)c4ccc(F)cc4o2)CC1)CC3,0,4,0.19994531686998654,4817
COc1cnc2ccc(=O)n(CCN3CCC(NCc4cnc(OC)c(C#N)c4)CC3)c2c1,0,4,0.059829711236118556,1372
O=c1n(Cc2ccc(Cl)cc2)c2sc3c(c2c2ncnn12)CCN(C1COC1)C3,1,7,0.5270983575784434,4818
Cc1cc(C(=O)O)nc(N2CCC(COc3ccccc3C(F)(F)F)C2)n1,0,7,0.17778996731643384,4819
COc1nccnc1[C@H](O)c1cc(-c2ncnc3cc(N4CCOCC4)ccc23)c(F)cc1Cl,0,8,0.0,247
CCNC(=N)NC(=O)Nc1c(CC)cc(C(=O)NC(C)C)cc1CC,0,2,0.11796904689192417,156
CC(NC(=O)C1(N)CCN(c2ncnc3[nH]ccc23)CC1)c1ccccc1,0,10,0.05400185577001603,667
CN1CCC[C@@H]1CCO[C@](C)(c1ccccc1)c1ccc(Cl)cc1,1,3,0.6490802210182811,4820
O=C(NCc1ccncn1)c1ccc(Oc2ccc(C#C[C@]3(O)CN4CCC3CC4)cc2)cc1,0,10,0.13121296414838832,4821
O=C1c2nc3cccc(Br)c3n2CCN1CC1CC1,0,9,0.07746778743280118,536
Cn1cc2c(OCC3CCN(CCc4ccc(N)cc4)CC3)nc3ccccc3c2c1,1,8,0.8121043924755819,2505
Cc1cccc(-n2nc(C)c(-c3ccc(OC4CCN(C5CCC5)CC4)cc3)cc2=O)n1,0,9,0.21434470714671003,269
CN1CCN(CCCc2cc(-c3cccc(C(F)(F)F)c3)nc(C#N)n2)CC1,1,8,0.7979651171803102,4822
COc1nc(C2=NOC[C@H](c3cc4ccccc4o3)N2)ccc1-n1cnc(C)c1,0,10,0.2357582728215599,4823
C[C@H]1C[C@H]2CSC(N)=N[C@@]2(c2nccs2)CO1,0,7,0.06487933491068049,4824
O=C(N1CCN(C2CCCC2)CC1)N1Cc2ccccc2C1,0,8,0.10003306286679332,4825
O=c1c2ccccc2nc(-c2ccc(OCCCN3CCCCC3)cc2)n1Cc1ccccc1,1,5,0.6922934665628088,4826
O=S1(=O)N(CCCCCOc2ccc(-c3ccc(Cl)cc3)cc2)CCN1c1ccncc1,0,2,0.6297071247608478,4827
CC(=O)N1CCN(C(=O)c2cccc(-c3ncnc4ccc(-c5cnc6ccccc6c5)cc34)c2)CC1,0,9,0.14114343206838495,4828
Cc1nccnc1C(C(N)=O)c1cc(-c2ncnc3cc(N4CCOCC4)sc23)c(F)cc1Cl,0,10,0.03842567057521421,1702
CCOC[C@@H](CC(C)C)NC(=O)[C@@H]1CNC[C@H](C(=O)N(c2ccc(C(C)C)cn2)C2CC2)[C@@H]1O,0,3,0.053354610878591266,82
CN1CCN(c2nccnc2C(O)c2ccc(F)c(-c3ncnc4cc(N5CCOCC5)ccc34)c2)C1=O,0,10,0.02450302980450214,4829
COc1ncc2cc1NS(=O)(=O)c1cccc(c1)C(=O)NCc1cccc(c1)-c1ccnc3ccc-2nc13,0,5,0.05499239262622517,4830
CC(C)S(=O)(=O)N[C@@H]1COC[C@@H]1c1ccc(-c2cccs2)cc1,0,7,0.18382625291591045,4831
Cc1c([C@H]2CN3CCN(C(=O)Cc4ccc(-n5cnnn5)nn4)C[C@H]3CO2)ccc(F)c1C#N,0,7,0.060234059037414224,4832
CNC(=O)c1ccc(-c2ccc3c(c2)CCN(CCN2CCCC2)C3=O)cc1,0,10,0.12169834335920389,796
COC1(c2ccccc2)CCN(c2nnc3n2-c2ccc(Cl)cc2CC2(C3)OCCO2)CC1,0,7,0.2820110883354919,4833
CCOc1cccc(/C=C2\SC(=O)NC2=O)c1N1CCC[C@@H](N)C1,0,5,0.06368057925276964,1199
COc1cccc(-c2cccc(C3(C4CCN(C(C)=O)CC4)N=C(C)C(N)=N3)c2)c1,0,8,0.2117300714167613,4834
C[S+]([O-])c1ccc(-c2cnc3ccc(-c4cccc([S+](C)[O-])c4)nn23)cc1,0,3,0.2755911530189196,886
O=C(NCCS(=O)(=O)c1ccc(C(F)(F)F)cn1)c1ccc(B2C=CC=CN2)cc1,0,1,0.0866858475475485,4835
Cc1ccc(-c2c(C)c(CNC3CCCC3F)nn2-c2ncccc2Cl)cn1,0,6,0.14790185339146988,587
Cc1ccc(Cn2c(CSc3c(C)cc(C)cc3C)c(C(=O)Nc3cnn(C)c3)c3cc(O)c(Br)cc32)cc1,0,2,0.30330704982206247,4836
C[C@@H]1CCCN1CCCOc1ccc(C2=NNC(=O)C(C)(C)C2)cc1,0,8,0.19200743195462863,4837
O=C(Nc1cccc2ccccc12)NS(=O)(=O)c1ccc(OCCCN2CCCC2)cc1,0,2,0.14109563858317967,4838
Cc1c([C@H]2CN3CCN(C(=O)Cc4ccc(-n5cnnn5)nc4)C[C@@H]3CO2)ccc2c1COC2=O,0,5,0.027835812412390505,4839
CO[C@H](C(=O)Nc1nnc(N[C@@H]2CCN(c3nccnn3)C2)s1)c1ccccc1,0,5,0.09738981331086054,4840
CNc1nn2c(C)cc(C)nc2c1S(=O)(=O)c1ccccc1,0,6,0.2118162883326337,4841
CCN1CCN(c2ccc(/C(=C(/CCCO)c3ccccc3)c3ccc(C)cc3)cc2)CC1,0,5,0.19510972199394877,2917
COc1cccc(CN2CCCCCCC2)c1OCc1csc(-c2ccccc2)n1,1,9,0.721205518257382,297
CNC(=O)c1c(NCC2CCC3(CCC3)CC2)nc(C#N)nc1OCCO,0,3,0.4985839618294758,4842
O=C(CNCC1(O)CCCC1)N1CCc2ccccc2C1C1CCCCC1,0,2,0.10018491415738089,4843
CCN(CC)C(=O)c1ccc([C@H](c2cccc(NC(=O)OC)c2)N2CCN(Cc3cncs3)CC2)cc1,0,6,0.12050222805453889,4844
Cn1c(=O)cnc2ccc(OCCNC[C@H]3CN(c4cnc5c(n4)NC(=O)CS5)C(=O)O3)nc21,0,2,0.05777573283723013,4845
CCOc1ccc2c(C)cc(=O)oc2c1CNC(=O)/C=C/c1ccc(OC)cc1,0,2,0.20883536576427297,4846
OCC1(NCCCC2CCc3ccc(OCc4noc(-c5ccc(Cl)cc5)n4)cc32)CCCC1,1,7,0.5861812024720893,4847
CN(C)c1ccc(NC(=O)NS(=O)(=O)c2ccc(OCCCN3CCCC3)cc2)cc1,0,7,0.10043981018938529,1586
Cc1ccc2c(N3CCN(CCc4cccc(NC(=O)c5csc(C)n5)c4)CC3)cccc2n1,1,4,0.7815007598548415,4848
CC(C)C(=O)N(Cc1ccc(Cl)cc1Cl)[C@H]1CCNC1,0,6,0.08080071079050427,3720
COc1ccc(-c2cnn3c(N)c(-c4ccccc4)c(NC4CC(C)(C)N(C)C(C)(C)C4)nc23)cc1OC,1,2,0.2689614812868041,4849
Fc1cc2ncn([C@H]3C[C@@H]4[C@@H](CNC(c5ccc(Cl)cc5)C(F)(F)F)[C@@H]4C3)c2cc1F,1,1,0.601190160590927,4850
Nc1nnc(N2CCC(N3C[C@H](C(=O)N4CCCC4)OC[C@@H]3Cc3ccc(Cl)cc3)CC2)[nH]1,0,1,0.010640241376194133,1994
Cc1cnc(C(C(N)=O)c2cc(-c3ncnc4cc(N5CCOCC5)ccc34)c(F)cc2Cl)c(C)n1,0,8,0.009496802281369997,247
CC1(c2ccc(S(N)(=O)=O)cc2)NC(=O)N(CC(=O)c2cccc(C(F)(F)F)c2)C1=O,0,7,0.057376920622198534,1552
COc1cncc(OC[C@H](C)CN)c1-c1cc(Nc2cnc(C#N)cn2)n[nH]1,0,6,0.051613173128431056,293
COc1cc([C@](O)(CCN(C)C)[C@H](c2cc(OC)nc(OC(C)C)c2)c2cc3cc(C#N)ccc3nc2OC)cc(OC)n1,0,4,0.07519157188830843,1379
CCCCc1cc(OC2CCN(CCNS(=O)(=O)CC)CC2)c2ncccc2c1,1,4,0.8478395106686295,409
CC[C@](O)(c1cn(Cc2ccc3c(-c4ccc(F)cc4)c(C(=O)O)sc3c2)nn1)C(F)(F)F,0,10,0.08201501903975471,142
CCCCOc1ccc(Cl)c(OCCCC)c1/N=N/c1c(O)ccc2ccccc12,1,5,0.7375685577494342,2128
COC(=O)N(NC(=O)c1c(CN2CCN(C)CC2)c(-c2ccccc2)nc2ccccc12)c1ccccc1,1,6,0.7583409479390129,1753
CNC(=O)c1c(-c2ccc(O)cn2)oc2ccc(O)c(CN3CCCC3)c12,0,2,0.04211190575051585,3641
O=C(O)C1CCN(C2CC[C@]3(Cc4ccccc4Cc4ccccc43)C2)CC1,0,7,0.17875893688172892,4270
Cc1ccc(C2CC=CCNC2)cc1Cl,0,10,0.06825309101723297,1943
O=c1ccc2ncc(F)c3c2n1C[C@@]3(O)CC12CCC(NCc3ccc4c(c3)OCCO4)(CC1)CO2,0,8,0.07551650572856392,2134
C[C@H]1CN(S(=O)(=O)CC23CCC(CC2O)C3(C)C)CCN1C1NCC(C(F)(F)F)CC1F,0,9,0.18623421110992874,4851
Cc1cc(C(=O)OCC(N)=O)c(C)n1-c1ccc(F)cc1,0,10,0.1154463116948667,4852
O=C(Nc1cc(Cl)ccc1Cl)NS(=O)(=O)c1ccc(OCCCCN2CCCCC2)cc1,0,5,0.0736021691288816,1356
C/C(=C(\F)C(=O)Nc1ccc(-c2ccccc2S(N)(=O)=O)cc1)c1cccc(C(=N)N)c1,1,1,0.15857874355805268,4853
O=C(NCCN1CCCC1)c1cc(NCCCN2CCOCC2)nc2ccc(F)cc12,0,5,0.13001495834659213,4854
Cc1c([C@@H](O)CN2CCC3(CC2)CCN(c2ccncn2)C3=O)ccc2c1COC2=O,0,1,0.06478946275239064,1154
COc1cccc(C(=O)Cn2c(=O)c3c(c(C#N)c(N4CCC[C@H](N)C4)n3Cc3ccccc3)n(C)c2=O)c1,1,6,0.24310808113294907,4855
NC(=O)c1cc(-c2ccc(F)cc2)c2ccc(CCc3cncnc3)cc2n1,0,8,0.14672843104651612,4856
Cc1ccc2[nH]c(=O)n(C3CCN(C4CCOCC4)CC3)c2c1,0,4,0.11884974999358247,3926
NC(=O)c1cnc(N[C@H]2CCCNC2)c2cc(-c3cccc(F)c3)sc12,0,8,0.06979639983902687,537
CCn1nnc(CN2CCN(C(=O)c3ccc(C[C@@H]4CC[C@H]([C@H](O)c5ccccc5)N4)cc3)CC2)n1,0,10,0.03391254454141451,4608
CS(=O)(=O)N1CCN(Cc2cn3cc(-c4cccc5[nH]ncc45)nc(N4CCOCC4)c3n2)CC1,0,6,0.11236089301978555,4857
Cc1nnc2n1-c1ccc(-c3cncc([C@@](C)(O)C(F)(F)F)c3)cc1CC2,0,2,0.2530919761506305,4858
C[C@H]1CN(C2CCN(c3ncccn3)CC2)[C@@H](Cc2ccc(Cl)cc2)CO1,0,5,0.4465863248495108,4859
Nc1nc2ccc(OCc3ccc(Cl)c(Cl)c3)cc2s1,0,5,0.2681515830995647,4860
NC(=O)[C@@H]1CSC[C@H](c2ccc(OCc3cccc(F)c3)cc2)N1,0,8,0.079013450472956,4861
Cc1c([C@@H](O)CN2CCC3(CC2)CCN(C2=CC(=O)OC2C)C3=O)ccc2c1COC2=O,0,9,0.060051216193134554,1462
FC1(F)CC1Cc1nnc2cc(-c3cccc4cccnc34)ccn12,0,1,0.11152993961364106,4862
CCC1=C(C)CC(C(=O)NCCc2ccc(S(=O)(=O)NC(=O)NC3CCC(C)CC3)cc2)C1=O,0,6,0.21414608430499196,4863
Cc1ccc(C#CCOCc2cccc(COCC#Cc3ccc(C)cc3)[n+]2C)cc1,1,4,0.7491417941359534,4864
COc1ccc(-c2cc(=O)c3cc(C)ccc3o2)cc1,0,5,0.20925346729910113,946
CS(=N)(=O)c1cccc(NC(=O)c2cc(C(F)(F)F)cnc2Oc2ccc(F)cc2Cl)c1,0,3,0.09889803629771944,1963
C=C(c1ccc(NC(C)=O)cc1)c1ccc2c(c1)Nc1ccccc1S2,0,2,0.2742716752693945,4231
Cn1c(SCCCN2CC3CCN(c4ccc(C(F)(F)F)cc4)C3C2)nnc1-c1ccc(=O)[nH]c1,1,1,0.7311112030648546,4865
Cc1ncoc1-c1nnc(SCCCN2CC3CCN(c4ccc(C(F)(F)F)cc4F)C3C2)n1C,1,1,0.9736278414480323,1427
CCCCCCCN(CC)CCCCc1ccc([N+](=O)[O-])cc1,1,9,0.8106757365861137,156
CN(C(=O)N1CC(c2cc(F)ccc2F)=C[C@@]1(CO)c1ccccc1)C1CCN(C2CC2)CC1,0,7,0.2115197619563994,4866
COc1cc(NC2CN(CCCF)C2)ccc1[C@@H]1c2ccc3[nH]ncc3c2C[C@@H](C)N1CC1(CF)COC1,1,8,0.8846109652736641,4867
CC(F)(F)c1cccc(-c2cnn(Cc3cc[nH]n3)c2)c1,1,2,0.8771610928642705,59
O=C([C@H]1CNCC[C@@]12OCc1cc(F)c(F)cc12)N(Cc1ccccc1Cl)C1CC1,0,7,0.1330206827845637,828
O=C(NO)c1ccc(CN2CCN(Cc3ccccc3)CC2)cc1,0,6,0.27349669188088427,4868
Clc1ccc(-n2cc(Cn3ccnc3C3CCC3)nn2)cc1Cl,1,6,0.9285536952858511,4869
CC(C)(C)c1[nH]c2ncccc2c1CCNCc1ccc(/C=C/C(=O)NO)cc1,0,5,0.19533148796205627,4870
COC(=O)c1ccc(Oc2ccc(NC(=O)c3ccc(C(=N)N(C)C)cc3)c(C(=O)Nc3ccc(Cl)cn3)c2)cc1,1,8,0.7567208250775944,4871
COc1cc2nccc(CCC34CCC(NCc5ccc6c(n5)NC(=O)CO6)(CC3)CO4)c2nc1C(=O)O,1,7,0.6066503043089329,265
CCC(=O)O[C@@H](C(=O)N1N=CC[C@H]1C(=O)NCc1cc(Cl)ccc1-n1cnnn1)c1ccc(F)cc1,0,8,0.07845062790469663,432
Cn1ncc(-c2cc3c(N[C@@H](c4ccc5c(n4)OCCO5)C(C)(C)C)ncnc3[nH]2)c1C#N,0,7,0.1500310296397124,4076
CN(C)C(=N)c1ccc(C(=O)Nc2ccc(Cl)cc2C(=O)Nc2ccc(Cl)cn2)c(F)c1,1,8,0.619954296365197,1401
C[C@H](N)CNc1nc(-c2ccncc2)cc2cnccc12,0,2,0.10358579345792897,4872
C[C@@H]1Cc2c(ccc3[nH]ncc23)[C@@H](c2cnc(NC3CN(CCCF)C3)cn2)N1CC1(F)CC1,1,3,0.9613459716355052,4873
Cn1cnc2c(C(O)c3cc(-c4ncnc5cc(N6CCOCC6)ccc45)c(F)cc3F)ncnc21,0,8,0.002881818759128723,2454
CC(C[C@H](NC(=O)C1CCC1)c1ccccc1)N1CCC(n2cc(-c3ccccc3)[nH]c2=O)CC1,1,5,0.4409111454369789,4874
Cc1ccc(Nc2nc3ccc(N4CCN(C)CC4)cc3[nH]2)nc1,0,5,0.2597502669148215,4875
CC(Oc1ccc(S(C)(=O)=O)cc1C(=O)N1CCN(c2ncc(C(F)(F)F)cc2F)CC1)C(F)(F)F,0,3,0.06113694572955213,3568
COc1nccnc1C(C(N)=O)c1cc(-c2ncnc3cc(N4CCOCC4)ccc23)c(F)cc1Cl,0,10,0.003436316825685294,247
CN(C)C(=O)c1ccc(C(O)c2cc(-c3ncnc4cc(N5CCOCC5)ccc34)c(F)cc2Cl)nn1,0,7,0.011850651561551745,465
CC(NC(=O)C1(N)CCN(c2ncnc3[nH]ccc23)CC1)c1cccnc1,0,9,0.034445785470153645,4876
CN(C)c1ccc(/C=C/c2c(F)cccc2Cl)nc1,0,5,0.1292647218682911,90
CN(C)CCC1=C(Cc2cccnn2)c2ccc(F)cc2C1,1,4,0.7238212700708966,3761
COc1cc2nnc(C(N)=O)c(Nc3ccc(C)cc3F)c2cc1N1C[C@@H](C)N[C@@H](C)C1,0,8,0.03616333397001509,812
C[C@]1(O)CC[C@H](Nc2ccc3ncc(-c4cccc(OC(F)(F)F)c4)n3n2)CC1,0,2,0.17441050687210152,653
N#Cc1ccc(CCN2CCN(CCc3ccc4c(c3)COC4=O)CC2)cc1OC1CC1,1,4,0.8437000656041479,4877
COc1ccc(NC(=O)c2ccc(Cn3ccnn3)c3ccccc23)c(C(=O)NCC2CCOCC2)n1,0,10,0.1302600834957904,4878
c1ccc(-c2ccc(OCCCN3CCCCC3)cc2)cc1,1,2,0.9606555122942352,2829
CNC[C@@H](c1ccc(Cl)c(Cl)c1)[C@H](O)c1cccc(NC(C)=O)c1,0,5,0.13475103640076083,539
Cc1cc(-c2ccc3c(c2)CCN(CCCSc2nnc(C)n2C)CC3)no1,1,10,0.7759800775211271,4190
CCNC(=N)NC(=O)Nc1c(CC)cc(NS(=O)(=O)c2ccccc2)cc1CC,0,1,0.08204375334600095,1344
CCc1nc(-c2nc3ccccc3[nH]2)c(N2CCN(C(=O)Cn3cnc4cccnc43)[C@H](C)C2)s1,1,2,0.6188248442449271,312
CCCN(c1cccc(C#N)c1)P(=O)(c1ccccc1)c1ccccc1,0,10,0.4288285610557831,2812
Cc1ccc2c(-c3cnc4[nH]cc(C(=O)NC(C)(C)CO)c4n3)nn(CCCN(C)C)c2c1,0,6,0.1815339352954028,570
Cc1c(OCc2ccccc2)cccc1N1CCN(CCCc2c[nH]c3ccc(Cl)cc23)CC1,0,9,0.7606753974294377,4879
Cc1c([C@H]2CN3CCN(C(=O)Cc4cnc(-n5cnnn5)cn4)C[C@H]3CO2)ccc(F)c1C#N,0,4,0.015307447518239318,4880
Cc1cc(-c2ccc3c(c2)-c2nnc(Oc4cccc(Cl)c4)n2CCO3)ccn1,1,10,0.6896920035866496,4881
O=c1[nH]c2ccccc2n1C1CCN(CCCC(c2ccc(F)cc2)c2ccc(F)cc2)CC1,1,6,0.7588988756693315,4882
OCCNc1nccnc1C(O)c1ccc(F)c(-c2ncnc3cc(N4CCOCC4)ccc23)c1,0,4,0.03353329724796481,247
CC(=O)Nc1cccc(C2CCN(CCCn3nc(-c4ccc(F)c(F)c4)c4ccccc4c3=O)CC2)c1,0,3,0.6642915688855989,4883
Cc1cccc(N2CCN(CCCCCCN3CCN(c4ccnc5ccccc45)CC3)CC2)c1,1,4,0.7258263601582036,4884
CCc1ccc2c(c1)C(C1=C[C@H](C)N(C)CC1)=Nc1ccccc1N2,1,2,0.7647316087865582,1077
C[C@@]1(c2cc(CNCC3CC3)c(F)cc2F)CCSC(N)=N1,0,5,0.06556382242379409,4885
C[C@@H]1CCCN1CCc1ccc2nc(-c3csc(-c4cc(Cl)nc(Cl)c4)n3)ccc2c1,0,1,0.807078324967507,4886
Clc1cccc(N2CCN(CCCCCCN3CCN(c4cccc(Cl)c4)CC3)CC2)c1,1,7,0.8681775197573783,4887
COc1ccc(-c2ccccc2N2CCN(CCCCOc3ccc4c(c3)NC(=O)C(C)O4)CC2)cc1,1,5,0.6242287715917368,4888
Nc1n[nH]c(N2CCC(N(CCc3ccc(Cl)cc3)CC3CCCO3)CC2)n1,0,2,0.21036085804967136,4889
CCN1C(=O)N(c2ccc(C(F)(F)F)cc2)C(=O)C12CCN(CC1CCS(=O)(=O)CC1)CC2,0,9,0.3325073625127048,4890
Cn1nc(C(=O)OCCCCNC[C@H](O)c2ccc(O)c3[nH]c(=O)ccc23)cc1COc1cccc([C@@H](NC(=O)O[C@H]2CN3CCC2CC3)c2ccccc2)c1,0,3,0.208164801421572,4891
[O-][n+]1ccc(CC(c2ccc(OC(F)F)c(OC3CCC3)c2)c2cnc(C(O)(C(F)(F)F)C(F)(F)F)s2)cc1,0,2,0.08811067350866063,637
CC(C)(C(=O)N1CCOCC1)c1ccc2c(-c3ccc(F)cc3)cc(C(N)=O)nc2c1,0,5,0.05357324920996349,4892
CCC(=O)CCCCC[C@H](NC(=O)[C@H]1CC12CCN(CC)CC2)c1ncc(-c2ccc3cnccc3c2)[nH]1,0,3,0.049295933059524476,4893
CC1(C)Cc2c(sc(NC(=O)Nc3ccc(Cl)cc3)c2C(N)=O)C(C)(C)N1,0,9,0.22105204828977185,4894
FC(F)(F)c1cccc(Nc2cc3[nH]c(Nc4ccc(N5CCOCC5)cn4)nc3cn2)c1,1,1,0.26808244588036156,4895
Cc1ccc2c(N3CCN(CCc4cccc5c4OCc4c(C#N)ncn4-5)CC3)cccc2n1,1,2,0.7661145214932853,1775
Cc1nc(C)c(-c2ccc(C3CCC(CC(=O)O)CC3)cc2)nc1C(N)=O,0,6,0.1035167946053715,4896
COC(=O)C1(CNC(=O)c2cc(Cl)cc(Cl)c2)CCN(Cc2ccc(C(F)(F)F)cc2)CC1,1,4,0.7838108305898688,574
COc1cc(CCC(C)(C)N2Cc3cccc(F)c3C2)ccc1OCCO,1,9,0.46399371749492907,70
Cc1c(-c2ccccc2)n[nH]c1C(=O)Nc1ccc([C@H]2CNCCO2)cc1,0,8,0.15172681087530693,4897
COC1(CN2CC[C@H](c3c(C)nn4cc(C(=O)NCC5CC5)ccc34)[C@@H](C)C2)CCOCC1,0,3,0.2359970670661767,4898
CN1CC(F)(C(O)(c2ccc(OC(F)(F)F)cc2)c2cccc(Cl)c2)C1,1,5,0.8369334820339422,1009
COc1ncc(-c2ccc3ncnc(-c4cccc(C(=O)N5CCN(C)CC5)c4)c3c2)cc1C#N,0,7,0.043330165530859714,3200
CS(=O)(=O)Cc1cc(N2CCOCC2)nc(-c2cccc3[nH]ccc23)n1,0,1,0.08220218502071508,4089
NC1=N[C@@]2(CO1)c1cc(-c3cccnc3F)ccc1Oc1c2cc(N2CCOCC2)nc1F,0,5,0.04831404293082337,4899
Nc1nc(N2CCC3(CCC[C@H]3N)CC2)cnc1Sc1ccnc(N)c1Cl,0,6,0.1559532891853354,825
O=C(CNc1n[nH]c2ccc(C(F)(F)F)cc12)NC1CN([C@H]2CC[C@@H](c3cccnc3)CC2)C1,0,1,0.06265095091626274,449
CCN(C)C(=O)c1ccc(C(=C2CCN(Cc3ccc(F)cc3)CC2)c2ccccc2NC(C)=O)cc1,0,5,0.4226253280939951,3541
CN1CCN(c2cc(C(F)(F)F)cc(COCC3(c4ccccc4)CCNCC3)n2)CC1,0,7,0.15358209718747332,4900
C[C@@H]1CCCN1CCCOc1ccc2c(c1)CC[C@H]1[C@@H]3[C@H](C#N)CC(=O)N(C)[C@@]3(C)CC[C@H]21,0,7,0.133676777058973,429
C[C@H](CCc1ccc(O)c(OC(F)(F)F)c1)N1Cc2cc3c(cc2C1)OCO3,1,2,0.7755516646372365,295
O=C(O)c1ccc2c(c1)C(=O)OC21CCN(c2ccc(-c3nc4cc(C(F)(F)F)ccc4[nH]3)cn2)CC1,1,5,0.17500114618885398,4901
Cc1noc(/C(=C/c2cccc(-c3cc(C(C)(C)S(C)(=O)=O)cc4cccnc34)c2)c2ccc(S(C)(=O)=O)cc2)n1,0,2,0.22838973306476706,4902
FC1CN(C2COC2)CCC1c1cc2nc(Nc3cnn(C4CC4(F)F)c3Cl)ncc2cc1Cl,0,10,0.23422228072949133,1897
CC[C@@H]1Sc2ccccc2O[C@@H]1c1ccc(OCCCN2CCCC2)cc1,1,7,0.9056221135270255,1893
Cc1nccnc1C(C(N)=O)c1cc(-c2ncnc3cc(N4CCOCC4)ccc23)c(F)cc1Cl,0,10,0.00939649361223153,247
COc1ccc2c(Oc3ccc(CC(=O)Nc4cn(C)nc4C)c(OC)c3)ccnc2c1,0,3,0.11518257135303664,4903
CN1CCC(COCc2cc(C(F)(F)F)cc(Cl)n2)(c2ccccc2F)CC1,0,4,0.24245942022476513,214
COc1ccc2c(c1)CC(CCN(C)C)=C2[C@@H](C)c1nccs1,0,7,0.8057421710940718,3419
CC(=O)NCCc1ccccc1-c1onc([C@H]2CNCC[C@@H]2c2ccc(F)c(F)c2)c1Br,0,7,0.21241475323613598,925
Cc1ccc2[nH]c(NC3CCN(CCc4ccc(-c5noc(C(F)(F)F)n5)cc4)CC3)nc2n1,1,6,0.7417180913348254,4904
CNC[C@H](c1ccc(Br)c(Cl)c1)[C@@H](O)c1ccccc1,0,9,0.2018841305118307,539
OC(c1cc(F)c(F)c(-c2ncnc3cc(N4CCOCC4)ccc23)c1)c1nccs1,0,10,0.005076062639821029,257
CCn1c(-c2cnc(C)nc2)nc2c(-c3cnc4c(c3)[C@](C)(NCC(C)(C)F)C(=O)N4)ncnc21,0,7,0.11121553414589598,4905
Cn1nnc(C2CC3(c4ccccc4)NC2CCC3OCc2cc(C(F)(F)F)cc(C(F)(F)F)c2)n1,1,6,0.40303235541598603,4906
CCCCN1CCC[C@@H]1Cn1nc(Cc2ccc(Cl)cc2)c2ccccc2c1=O,1,7,0.9598896696905871,178
CNC(=O)c1c(-c2ccc(O)cn2)oc2ccc(O)c(CN3CCC4(COC4)C3)c12,0,8,0.05911333792153003,4907
CCS(=O)(=O)N1CC(CC#N)(n2cc(-c3c(C#N)cnc4[nH]ccc34)cn2)C1,0,5,0.014381250415150941,771
Cc1ccc2nc(-c3ccc(F)cc3)c(CC(=O)N(C)C)n2n1,0,7,0.058198322783935656,4908
Cc1ncoc1-c1nnc(SCCCN2CC3CCN(c4c(F)cccc4F)C3C2)n1C,1,3,0.9753498804890939,1427
COc1cc(-c2cn(C3CC(C(F)(F)F)CNC3=O)nn2)ccc1-n1cnc(C)c1,0,8,0.08645916016124033,1470
O=C(O)CN(C1(c2ccc(-c3ccccc3OC(F)(F)F)cc2)CCC1)S(=O)(=O)c1ccc(OC(F)F)cc1,0,3,0.18024347841310848,4909
COc1nccc(OCC2(CO)CNC2)c1-c1cc(Nc2cnc(C#N)cn2)n[nH]1,0,6,0.24909231678070176,1162
C[C@H](c1cc(C(=O)N(C)C)cc2c(=O)cc(N3CCOCC3)oc12)N(C)c1cc(F)cc(F)c1,0,7,0.2239943214551053,4910
COc1ccc2c(c1)S(=O)(=O)C(C)C(c1ccc(OCCCN3CCCC3)cc1)O2,1,3,0.610463369566125,2072
NC1(C(=O)NC(CCS(N)(=O)=O)c2ccc(Cl)cc2)CCN(c2ncnc3[nH]ccc23)CC1,0,9,0.04895749440421799,667
Cc1ccc2c(-c3nnc(SCCCN4CCc5cc6nc(N(C)C)oc6cc5CC4)n3C)cccc2n1,0,8,0.7250970106580014,803
CCN(CC)CCN(C)c1ccc(-n2ccc(OCc3ccccc3)cc2=O)cc1,1,3,0.8163254189510287,659
Cc1ccc(C(=O)NC2CCc3ccc(CCN4CCN(c5nsc6ccccc56)CC4)cc32)cc1,1,7,0.9688080006738272,310
CC(C)CN(CCc1ccc(Cl)c(Cl)c1)C[C@H](O)COc1ccc(NS(C)(=O)=O)cc1,1,1,0.9160897281235937,538
N#Cc1c(C2CCCC2)c2ccc(NCc3ccc(F)cn3)cc2n(CC2CCCC2)c1=O,0,9,0.35369612647912685,4911
C/C(=N\N=c1/[nH]c2cc(F)c(F)cc2n1C)c1ncccn1,0,7,0.19635187927388206,4912
NC(=O)c1cnc(N[C@@H]2CCCC[C@@H]2N)nc1Nc1cccc2cc[nH]c12,0,10,0.22875602085166824,4913
Cc1ccc(-c2nc3ccc(C)cn3c2CC(=O)N(C)C)cc1,0,7,0.07949002672911117,4914
Cc1cc2c(nc1CNC13CCC(C[C@]4(O)Cn5c(=O)ccc6ncc(F)c4c65)(CC1)OC3)NC(=O)CO2,0,5,0.03942573774093285,332
CC1OC2(CCN(CCc3ccccc3F)CC2)CN(c2ccccc2)C1=O,1,10,0.8102808787116402,224
N#Cc1ccc(Cn2cncc2CN[C@H]2CCN(C(=O)c3cccnc3N)C2=O)cc1,0,10,0.09331189707569658,92
CCc1cc2nccc(Nc3n[nH]c(C)c3C)c2cc1S(=O)(=O)C(C)(C)C,0,10,0.10023088788947158,928
Cc1ncoc1-c1nnc(SCCCN[C@@H]2CC3C[C@]3(c3ccc(C(F)(F)F)cc3F)C2)n1C,1,9,0.8871979370125297,4915
COc1ccc(OCCCc2cccc(CCCOc3ccc(OC)cc3)[n+]2C)cc1,1,7,0.9229300567636134,1777
Cc1cc(C#N)ccc1-c1ccnc(NCc2n[nH]c(-c3ccccn3)c2Cl)c1,0,9,0.20726464362142166,4916
COc1cc(C)c2ncc(F)c(CCC34CCC(NCc5ccc6c(n5)NC(=O)CO6)(CC3)CO4)c2n1,1,2,0.9429595352264228,265
N#Cc1ccc(-c2ccc(C[C@@H](C#N)NC(=O)[C@@H]3C[C@@H](O)CCN3)cc2)cc1,0,1,0.09030368452678914,4917
COc1cnc(-c2c(C)ccc(F)c2CCNC(=O)c2ccc(COCC(F)(F)F)nc2)cn1,0,9,0.09986023349169126,947
CC(NC(=O)C1(N)CCN(c2ncnc3[nH]ccc23)CC1)c1ccccn1,0,10,0.06088211990037249,4918
CC(C)c1cc(C#N)cc2nc(-c3ccc(C(=O)NC[C@H]4CC[C@@H](c5cc(C(F)(F)F)cc(C(F)(F)F)c5)CC4)cc3)oc12,0,1,0.140826035368379,57
Cc1cccc(C)c1NC(=O)CN1CCN(CCCC(c2ccc(F)cc2)c2ccc(F)cc2)CC1,1,5,0.6703481527301176,4919
C=CCC(CN)=C1CN(c2nc(Oc3cnc(C)nc3)nc3[nH]c4c(NC)cc(F)cc4c23)C1,0,10,0.11009225785779404,508
CNCC(Cc1cccnc1)c1ccc2ccccc2c1,0,7,0.18609492203194217,3647
O=C(Nc1ccc(-c2nnc(NCCCN3CCCCC3)o2)cc1)C1CCCCCC1,0,6,0.06213837596159962,4920
Cc1nc(Nc2ncc(C(=O)Nc3c(C)cccc3Cl)s2)cc(N2CCN(CCO)CC2)n1,0,5,0.19409517913180474,4921
COc1cc(/C=C2\CCCN3C2=NOC3(C)c2ccc(F)cc2)ccc1-n1cnc(C)c1,1,2,0.5468057984162024,4922
CCOc1ccc(-c2nnc([C@H]3C[C@H](NC(=O)c4ccccn4)C3)n2-c2ccccc2F)nc1,0,1,0.1898230496982102,4923
Nc1nc2ccc(C(=O)NCc3ccccc3N)cc2s1,0,2,0.04010745564469499,2140
CC(C)(CCc1ccc(O)c(OC(F)(F)F)c1)N1Cc2cccc(C(=O)O)c2C1,0,5,0.1749854097074014,70
O=C(NC1CCc2ccc(CCN3CCN(c4nsc5ccccc45)CC3)cc21)c1ccc(F)cc1,1,2,0.9350283505089356,310
CC(C)(CCc1ccc(O)c(OC(F)(F)F)c1)N1Cc2cccc(S(C)(=O)=O)c2C1,0,4,0.3457018962671085,70
CS(=O)(=O)N1CC(CC#N)(n2cc(-c3c(C#N)cnc4[nH]ccc34)cn2)C1,0,8,0.019641111791144736,771
Cc1ccc2nnn(-c3ccc(C(=O)N(c4ncccc4Cl)[C@@H]4CCCNC4)cc3)c2n1,0,7,0.07808127067308163,1230
CN(C)C(=O)c1cc(CN2CCOc3c(F)cccc32)c2oc(N3CCOCC3)cc(=O)c2c1,0,7,0.1954876746046425,4924
CS(=O)(=O)CCNC(=O)c1ccc2cc(Oc3ccc(C(F)(F)F)cn3)ccc2n1,0,6,0.06124337197804374,3194
O=C(Nc1ccc(-c2nnc(NCCCN3CCCCC3)o2)cc1)c1ccccc1,0,3,0.07946986024135438,266
COc1cc(NC(=O)[C@@H]2CCCC[C@H]2C(=O)c2ccc(-c3cc[nH]n3)cc2)ncn1,0,9,0.0679017915249118,4925
CCn1c(N2CCN(C(=O)OC(C)(C)C)CC2)nc2c(C#N)c(Br)c(Br)cc21,1,1,0.3201473358963942,3910
COc1ccc(Cn2c(N3CC[C@@H](N(C)C)C3)nc3ccccc32)cc1,1,3,0.8139745644770805,4926
Nc1nccn1Cc1cn(-c2ccc(Cl)c(C(F)F)c2)nn1,1,1,0.8079198956959768,23
CCOC(=O)C1=C(CN2CC(F)(F)C[C@H]2C(=O)O)NC(c2nccs2)=N[C@H]1c1ccc(F)cc1Br,0,4,0.07178972706325608,4927
Cc1cc(Cn2cc(-c3ccc(Cl)c(OC(F)F)c3)cn2)n(C)n1,1,9,0.9569633246544439,434
Cc1cc(Nc2nccc(-c3sc(C4CCNCC4)nc3-c3ccc(F)cc3)n2)ccn1,1,3,0.41408971280881957,4928
CNS(=O)(=O)c1ccc2c(c1)CN(C=O)C2C(=O)Nc1ccc(C(O)(C(F)(F)F)C(F)(F)F)cc1,0,5,0.06381270834493151,2449
Cc1cc([C@H]2CN(C3CCN(c4nnc(N)[nH]4)CC3)[C@@H](Cc3ccc(Cl)cc3)CO2)on1,0,2,0.04748094329036196,4929
CN(C)CCC(c1ccc(Br)cc1)c1ccccn1,1,10,0.38335289474413164,3992
COc1ncc2cc1NS(=O)(=O)c1cccc(c1)C(=O)NCc1cncc(c1)Cc1cnc3sc-2nn13,0,3,0.07061940318679316,4930
CC(C)CS(=O)(=O)N1CC(CC#N)(n2cc(-c3ccnc4[nH]ccc34)cn2)C1,0,5,0.06242491535864369,771
COCCCc1cc(CN(C(=O)[C@H]2CNCC[C@@H]2c2ccc(OCCOc3c(Cl)cc(C)cc3Cl)cc2)C2CC2)cc(OCCC2(C(=O)O)CCCC2)c1,1,9,0.9182271857306563,4931
O=C(O)C[C@H](CN1CC[C@@H](CCc2ccc3c(n2)NCCC3)C1)c1cccc(OC2COC2)c1,0,5,0.08195751031145244,4932
O=C(c1c(-c2ccc(O)cn2)oc2ccc(O)c(CN3CCCC3)c12)N1CCC1,0,9,0.07041352340147183,4933
OC(c1cccnc1-c1cc(Cl)cc(Cl)c1)C(c1cccnc1)c1ccccn1,0,4,0.06990426469313452,644
CC(C)C1=NC(C)(c2cccc(-c3cccnc3)c2)N=C1N,0,3,0.06813757838218513,1488
O=C(c1ccccc1)N1CCC2(CC1)CCN(C(=O)N1CCN(C3CCC3)CC1)C2,0,8,0.06523338809766697,4934
CC(C)(C)Oc1cc(CCC(C)(C)N2Cc3cccc(C(=O)O)c3C2)ccc1O,0,6,0.11209693600951903,70
CC(=O)Nc1cc(Nc2cc(NC3CC3)n3ncc(C#N)c3n2)c(F)cc1C,0,5,0.036083142689770864,1203
O=C(c1cccc(CNc2n[nH]c3cccc(Cl)c23)c1)N1CCN(C(=O)c2ccc(Cl)cc2Cl)CC1,0,5,0.34821382426707886,4935
Cn1nc([C@]2(c3cn[nH]c3)N[C@@H](c3nc(-c4ccc(F)cn4)c[nH]3)Cc3c2[nH]c2ccccc32)oc1=O,0,5,0.1238224599832332,1157
C[C@@H]1Cc2c([nH]c3ccccc23)[C@@H](c2c(F)cc(OCCNCCCF)cc2F)N1CC(F)(F)CO,0,9,0.23497363363018992,477
CCCCN(CC)CC#CCOc1ccc(Cl)cc1,0,7,0.8208142834414568,156
COc1cc(-c2cn(C3CCc4ccccc4N(CC4(C)COC4)C3=O)nn2)ccc1-n1cnc(C)c1,0,8,0.3454166604455512,4936
N[C@@H](CC(=O)O)Cn1nnc(-c2ccc(Oc3ncc(Cl)cc3F)cc2)n1,0,5,0.03471008036214091,49
COc1cccc(N2CC3(CCN(CCc4ccccc4)CC3)OC(C)C2=O)c1,1,10,0.9479567787884536,224
CN1CCN(Cc2ccc3c(c2)Cc2c(-c4csc(C#CCOc5ccccc5)c4)n[nH]c2-3)C(=O)C1,0,1,0.2991690232345855,4937
CC(=O)NCCn1nnc(-c2ccc(Oc3ccc(Cl)cc3)cc2)n1,0,5,0.12537368441064126,225
CNC(=O)c1c(NCCC2CCCC2)nc(C#N)nc1OCC1CCN(C)CC1,1,2,0.3704301122471868,4938
CN(C/C=C/c1ccc(-c2ccccc2)cc1)Cc1ccc2c(c1)CCO2,0,10,0.32135284569040634,4939
CS(=O)(=O)c1ccc2c(c1)[C@@H](N)C1(CCN(c3cnc(Sc4ccnc(N)c4Cl)c(N)n3)CC1)C2,0,1,0.19567528448439805,1529
COc1cccc(C(=O)Nc2ccc(OCCN3CCOCC3)c(-c3ccnn3C)c2)c1,0,10,0.35083026385928395,2603
Cc1ccc(C(=O)Nc2cccc(C(F)(F)F)c2)cc1-c1ccc2c(-c3cnn(C4CC4)c3)n[nH]c2c1,0,6,0.2670461024897017,4940
CC(C)(C)NC(=O)C1c2ccccc2C(=O)N1Cc1cc(F)ccc1-c1ccc(F)cc1,0,4,0.039473060463879155,422
O=c1c(NCc2ccccn2)c(Nc2ccc3c(c2)OCO3)c1=O,0,8,0.14144435188830567,4941
Cc1ncoc1-c1nnc(SCCCN2CC3CCN(c4ccccc4OC(F)(F)F)C3C2)n1C,1,6,0.9677653109226283,1427
CC(C)(N)c1nc(-c2ccc(Cl)cc2)c[nH]1,0,6,0.1308594842665352,2076
Cn1c(CN2CCC(c3cccc(OCc4ccc(Cl)cc4F)n3)CC2)nc2ccc(C(=O)O)nc21,0,5,0.28625264223546065,4942
O=C(N[C@H]1CC[C@@]2(O)[C@H]3Cc4ccc(O)c5c4[C@@]2(CCN3CC2CC2)[C@H]1O5)c1cccc2cc[nH]c12,1,9,0.378569734382416,4257
CC(O)c1ccc2c(c1)N(CCN1CCC(NCc3ccc4c(n3)NC(=O)CO4)CC1)C(=O)CO2,0,4,0.03616571087617913,1747
Cc1nc2ccc(Oc3ccc4c(c3)OCO4)nc2c(=O)n1C[C@H]1CCCN(C(C)C)C1,0,2,0.2951138856545149,4943
O=C(Nc1ccc(F)cn1)[C@H](COCCO)Oc1ncnc2c1cnn2-c1c(Cl)cccc1Cl,0,3,0.0123754681385401,169
Cc1nsc(-c2nnc3n2CCN(C(=O)c2cccc(O)c2)[C@@H]3C)n1,0,2,0.03772460473821135,638
OC[C@H]1CC[C@H](Nc2ccc3ncc(-c4cccc(OC(F)(F)F)c4)n3n2)CC1,0,5,0.20024127525858268,653
CN(C/C=C/C=C/c1ccc(C(F)(F)F)cc1F)Cc1ccc2c(c1)OCO2,1,10,0.5991445489704597,4944
CN(C)C(=O)CN1CCCC(c2nc3ccccc3n2CCOc2ccccc2)C1,1,5,0.36588971314327184,4945
COc1nnc(Cl)cc1C(O)c1cc(-c2ncnc3cc(N4CCOCC4)ccc23)c(F)cc1Cl,0,10,0.003241007661342683,2479
Cc1ccc2oc(C(=O)CC#N)c(C)c2c1,1,5,0.6169840075855695,3695
COc1ccc2ncc(=O)n(CCN3CC[C@H](NCc4cc5c(cn4)OCCO5)[C@@H](F)C3)c2c1,0,3,0.06508028315553296,627
CCC(CN)=C1CN(c2nc(Oc3cnc(CO)nc3)nc3[nH]c4c(NC)cc(F)cc4c23)C1,0,10,0.05766984001457314,508
CC#CCn1c(N2CCC[C@@H](N)C2)c(C#N)c2c1c(=O)n(Cc1nc(C)c3ccccc3n1)c(=O)n2C,0,4,0.17946099549140176,4946
CN1C(=O)C=C[C@]2(C)[C@H]3CC[C@]4(C)[C@@H](O)/C(=C/c5cccc(F)c5)C[C@H]4[C@@H]3CC[C@@H]12,1,3,0.6768595438562833,3183
CCC[C@H](CO)Nc1nc(N)nc2c3ccccc3n(Cc3cc(CN[C@@H]4COC[C@H]4O)ccc3OC)c12,1,4,0.7056902681789898,212
Cn1cc(-c2ccc(C(=O)N(c3nccc4ccccc34)[C@@H]3CCCNC3)cc2)cn1,0,1,0.17176889207058596,4947
N#Cc1ccc(O[C@@H]2[C@@H]3CC(=O)[C@@H]3C[C@H]2N2CCC[C@@H](N)C2)cc1,0,4,0.10578342756850484,4948
C[C@]12CCC(=O)C[C@H]1C[C@@H](N1CCC[C@@H](N)C1)[C@@H]2Oc1ccc(C#N)cc1,0,1,0.0835045031429114,4949
O=C(O)C[C@H](CN1CC[C@@H](CCc2ccc3c(n2)NCCC3)C1)c1cccc(-n2cnnc2)c1,0,2,0.11729073012236209,1097
Cc1c(F)cccc1-c1ccc(/C=C/[C@@H]2[C@@H]3[C@@H](C)OC(=O)[C@]3(C(N)=O)CC(F)(F)[C@H]2C)nc1,0,9,0.058185626651070736,277
NC(C(=O)N[C@@](Cc1ccccc1)(c1cc(F)cc(OC(F)(F)C(F)F)c1)c1ccc(Cl)cn1)C(O)(C(F)(F)F)C(F)(F)F,0,7,0.16963438079565737,4690
CCNC1=N[C@@H]2[C@@H](O)[C@H](OC)[C@@H](CO)O[C@@H]2S1,0,5,0.022596343197539993,283
CC[C@H](C)[C@@H]1NC(=O)[C@H](Cc2ccccc2)N(C)C(=O)[C@H]([C@@H](C)CC)NC(=O)[C@H](Cc2ccccc2)N(C)C1=O,0,9,0.15614119873277463,2533
Cc1nnc(C)n1C1CCN(C(C)C[C@H](NC(=O)C2CCC2)c2ccccc2)CC1,1,6,0.2578377463881358,4950
Nc1cnccc1[C@H]1CC[C@@H](N2CC(NC(=O)CNc3ncnc4ccc(C(F)(F)F)cc34)C2)CC1,0,10,0.06647664215547427,4547
C=CC1(C=C)Oc2c(NC(=O)Nc3ccc(C)cc3)cc(-c3ccccc3-c3nn[nH]n3)cc2[C@@H]1c1ccccc1,0,8,0.2159234089957714,4951
Cn1c(Cn2ccc(C(F)(F)F)c(Oc3cc(Cl)cc(C#N)c3)c2=O)n[nH]c1=O,0,5,0.14031404295394034,4952
Cn1cc([C@H]2C[C@H]3[C@@H](CF)SC(N)=N[C@@]3(c3ccc(F)cc3F)CO2)cn1,0,6,0.22178370685602308,4953
C[C@H]1C=C(C2=Nc3cc(Cl)ccc3Nc3ccc(Cl)cc32)CCN1C,1,1,0.8725820087320132,1077
Cc1ccc(OC(=O)N(CC(=O)O)Cc2cccc(OCc3oc(-c4ccc(Cl)cc4)nc3C)c2)cc1,0,9,0.14200641023367488,4954
COc1ccc2ncc(=O)n(CC(N)C3(F)CCC(NCc4ccc5c(n4)NC(=O)CO5)CC3)c2c1,0,3,0.06343535041204144,2874
Cc1nc(-c2ccccc2)nc(OCCCN2CCCCC2)c1Cl,1,7,0.8656471636779891,4121
C[C@H](Nc1nc(Nc2ncc(C#N)s2)cc(N2CCOCC2)n1)c1ccc(F)cn1,0,3,0.0762940595215568,4596
Cc1ncoc1-c1nnc(SCCCN2CC[C@@]3(C[C@H]3c3ccc(C(F)(F)F)cc3F)C2)n1C,1,10,0.9931443155103805,1217
c1ccc2oc(Oc3ccc(OCCN4CCCCC4)cc3)nc2c1,1,10,0.5835641912749729,4955
N#Cc1ccc(COc2ccc3nc(N)sc3c2)cc1,0,2,0.18115647953220768,4860
COc1ccc(COc2ccn(-c3ccc(OCCN4CCCC4)cc3)c(=O)c2)cc1,1,6,0.7925182881462964,188
O=S(=O)(c1ccccc1F)C1(F)CCN(CCc2ccc(F)cc2F)CC1,1,8,0.7740048571685259,629
C#CCOc1ccc2cc(-c3nn(C(C)(C)C)c(N)c3C(N)=O)ccc2c1,0,10,0.060240746141967304,33
CCOC(=O)N1CCC(CN2CCC3(CC2)CN(C(=O)NC)c2ncccc23)CC1,1,5,0.5835854824592358,1177
COc1cccc2c1nc(N)n1nc(CN3CCN(c4cccc(F)c4)C[C@H]3C)nc21,0,4,0.03279752536605469,288
CN(C)c1nc2c(CCC34CCC(NCc5ccc6c(n5)NC(=O)CO6)(CC3)CO4)ccnc2cc1C(F)(F)F,1,9,0.9353065802845026,265
N#Cc1nc(CCCNCC(F)(F)F)cc(-c2cccc(C(F)(F)F)c2)n1,1,10,0.7356788450697173,1443
CC(C)n1cc(C(=O)c2cncc(NC(=O)Cc3ccc(Cl)cc3)c2)c2cnc(N)nc21,0,1,0.1710160969080861,4956
CC(C)(N)CNc1nn2c(-c3ccc(F)cc3F)cnc2s1,0,6,0.07975767804467225,4957
C=CC(=O)N1CCC[C@H]1COc1c(N)ncnc1-c1cc(F)cc(NC(=O)c2ccc(C3CC3)cc2F)c1C,1,1,0.23231442333393545,4958
CNC(C)C1(c2ccc(Cl)c(Cl)c2)CCCCC1,0,5,0.2687580122408308,3149
Cc1cc(N2CCc3c(c(C)nn3CC34CCC(NC(=O)CN(C)C)(CC3)CC4)C2)c2cnn(C)c2n1,0,4,0.04620083844308416,386
CC1(O)CCN(Cc2ccc(OC3CN(C(=O)c4nnc(-c5ccccc5)o4)C3)cc2)C1,0,4,0.0697834703742111,350
FCCOc1ccccc1CCN1CCN(CCc2ccccc2Cl)CC1,1,1,0.9423735618852648,210
Cc1cnc(NC(=O)c2cc(Oc3ccc(C(=O)N4CCC4)cc3)cc(O[C@@H](C)CO)c2)cn1,0,9,0.026994391362564468,1528
Cc1nc(N2CCNCC2)sc1C(=O)Nc1cc(-c2cccs2)ccc1N,0,9,0.11451807904105399,4128
O=C(O)COCCN1CCN(C(c2ccccc2)c2ccc(Cl)cc2)CC1,0,9,0.38991404053768736,4959
Clc1ccc(-c2c[nH]c([C@H]3Cc4c([nH]c5ccccc45)[C@@H](C4CCOCC4)N3)n2)s1,1,4,0.9342147629605839,4960
CCN(C(=O)c1cc(F)ccc1Oc1nncnc1N1CC2(CCN(CC3(SC)CC3)CC2)C1)C(C)C,0,5,0.15503379087355817,4815
CC[C@H](Nc1nc(N)nc(N)c1C#N)c1nc2cccc(C#CCCCC(=O)N3CCCC3)c2c(=O)n1-c1ccccc1,0,9,0.1552028918354277,4961
Cc1ncoc1-c1nnc(SCCCN2CC3CC3(c3ccc(C(F)(F)F)cc3F)C2)n1C,1,2,0.9921148376446912,1737
CS(=O)(=O)c1ccc2c(c1)N(CCN1CCC(NCc3ccc4c(n3)NC(=O)CO4)CC1)C(=O)CO2,0,8,0.03081148637692292,1747
Cn1c(SCCCN2CC3CCN(c4ccc(C#N)cc4)C3C2)nnc1-c1cnccn1,1,4,0.9408088208789827,170
NC(=O)c1cccc(O[C@@H]2C[C@H]3CC[C@@H](C2)N3CC2CCCCC2)c1,1,5,0.7903085396522455,1694
CCc1nc2ccc3c(c2s1)CCN(CCCSc1nnc(-c2cccc4nc(C)ccc24)n1C)CC3,1,10,0.8763048603449011,4962
CN1CCN(CCCNc2nnc(-c3ccc(NC(=O)c4ccccc4F)cc3)o2)CC1,0,9,0.07347627655468725,4963
N[C@@H]1CCCN(c2c(Cl)cccc2/C=C2\SC(=O)NC2=O)C1,0,8,0.10814691124408365,1199
CCn1nc(C2(C)CC2)cc1Nc1nc(-c2ccc(-n3cnc(C)c3)c(OC)n2)cs1,0,4,0.43334220740385426,4964
O=[N+]([O-])c1cn2c(n1)OC[C@@H](OCc1ccc(OC(F)(F)F)cc1)C2,0,10,0.1496757334221406,4965
COc1cccc(C2CCN([C@@H]3CC[C@@](C(=O)NCc4cc(C(F)(F)F)cc(C(F)(F)F)c4)(C(C)C)C3)CC2)c1,1,10,0.7969344325139415,1987
CCOP(=O)(Cn1ccc(NC(=O)c2cc(Oc3cnc(S(C)(=O)=O)cn3)cc(OC(C)C)c2)n1)OCC,0,4,0.018320953581333163,2832
COc1cnc(C(O)c2ccc(F)c(-c3ncnc4cc(N5CCOCC5)ccc34)c2)c(Br)c1,0,3,0.007589311780773037,1450
O=C(/C=C/c1ccc2c(c1)CN(C(=O)C1CCCCC1)C2)NO,0,8,0.04704972645509087,4966
O=C(NC1CCN(Cc2ccc3ccc(=O)[nH]c3c2)CC1)c1cc(=O)c2ccc(F)cc2o1,0,7,0.2573704420302403,4967
NS(=O)(=O)c1nccc(-c2ccc(CO)cc2)c1-c1nn[nH]n1,0,3,0.06864553657078959,4968
COc1ccc(C(C)C)cc1-c1ccc(C(F)(F)F)cc1CN1C(=O)O[C@H](c2cc(C(F)(F)F)cc(C(F)(F)F)c2)[C@@H]1C,0,4,0.3458011456624601,2952
CCOC(=O)Nc1cccc([C@@H](c2ccc(C(=O)N(C)CC)cc2)N2CCN(Cc3nc[nH]c3C)CC2)c1,0,3,0.12989145106264058,4338
CCOc1ccc(-c2nc(C(F)(F)F)sc2N2CCN(C(=O)Cn3nc(C)nc3C)[C@H](C)C2)cn1,0,8,0.15390786211840088,1913
Cc1cc(CN(C)CCN2CCN(c3cccc(Cl)c3)C2=O)on1,0,4,0.4466434223072353,4969
O=C(/C=C/c1ccc(CNCCc2c[nH]c3ccccc23)cc1)NO,0,2,0.11555994888920024,605
CN(C)Cc1cnn(-c2ccnc3[nH]c(-c4cn(C)c5ccc(S(C)(=O)=O)cc45)nc23)c1,0,5,0.07839369806310212,911
Cc1nc2ccccc2n1C1CC2CCC(C1)N2CCC1(c2cccc(F)c2)CCN(C(=O)c2cc(S(N)(=O)=O)c(Cl)cc2F)CC1,0,2,0.02779572929765738,305
Fc1ccc(-c2c[nH]c([C@H]3Cc4c([nH]c5ccccc45)[C@@H](C4CCOCC4)N3)n2)cc1F,1,5,0.9526828341240225,535
N[C@H](C(=O)N1CC[C@@H](F)C1)[C@H]1CC[C@H](NC(=O)OCc2ccccc2)CC1,0,4,0.07268086149897715,3674
C[C@@H]1Cc2c(ccc3[nH]nc(F)c23)[C@@H](c2cnc(NC3CN(CCCF)C3)cn2)N1CC(F)(F)F,1,10,0.7823891508960503,1908
Cc1ccc(C(=O)NC2CC2)cc1-n1cnc2ccc(N3CCN(C)CC3)cc2c1=O,0,3,0.2232474568729315,4970
CC(C)CN(C(=O)c1ccc(Cl)c(Cl)c1)[C@H]1CCNC1,0,1,0.06646469304577508,363
Cn1cnc2ncnc(C(O)c3ccc(F)c(-c4ncnc5cc(N6CCOCC6)ccc45)c3)c21,0,2,0.006524300282517595,1574
CCC[S+]([O-])CCCN(CC)CC(O)COc1ccc(C#N)cc1,1,5,0.3719587431282049,156
Cc1nsc(-c2nnc3n2CCN(C(=O)c2ccc(Cl)cc2)[C@@H]3C)n1,0,2,0.025954821396354716,638
OC(c1ccccc1)(c1ccccc1)C1CCNCC1,0,1,0.23064203782492573,4971
CN[C@@H](CC#N)[C@@H]1CCN(c2c(F)cc3c(=O)c(C(=O)O)cn4c3c2OCC4C)C1,0,3,0.030830264453016364,381
COc1ccc([C@@H](C)N[C@@H]2CC[C@@H](C(=O)N3CCC(c4ccccc4)(c4ccc(OC)nc4)CC3)C(C)(C)C2)cc1,1,10,0.31248143076413704,4972
CNC(=O)C(CCN1CCC(O)(c2ccc(Cl)cc2)CC1)(c1ccccc1)c1ccccc1,1,6,0.5492318715098883,3726
c1cc(-c2cn(CC3CC3)c3cnccc23)ccn1,0,10,0.16629703856205671,4973
C=C[C@]1(C)C[C@@H](OC(=O)Cn2cc(-c3ccc(Cn4cnc5c(N6CCN(C)CC6)ncnc54)cc3)nn2)[C@]2(C)[C@H](C)CC[C@]3(CCC(=O)[C@H]32)[C@@H](C)[C@@H]1O,0,8,0.22483310712204202,4974
O=C(CC1CCN(Cc2ccn(-c3ccc(C(F)(F)F)cc3)c2)CC1)NC(c1ccccc1)c1cnc[nH]1,0,8,0.24361977746909577,4975
Cc1nsc(-c2nnc3n2CCN(C(=O)c2ccc(Cl)c(Cl)c2)[C@@H]3C)n1,0,8,0.04830328587924383,638
Cc1cc(C)n(-c2cccc([C@H](CC(=O)O)CN3CC[C@@H](CCc4ccc5c(n4)NCCC5)C3)c2)n1,0,2,0.1163356867097463,1011
Cc1cc2c(c(Oc3cc(NS(=O)(=O)c4ccc(Cl)cc4)ccc3F)n1)C(=O)N(C(C)C)C2=O,0,4,0.20773784011360524,4976
Cn1nccc1CCOc1ccc(C2CCN(c3ccc4nnc(C(F)(F)F)n4n3)CC2)cc1,0,8,0.42049119414575564,4977
COc1c(OCC2CC2)cc2oc3cc4c(c(OCc5ccncc5)c3c(=O)c2c1CC=C(C)C)C=CC(C)(C)O4,0,10,0.31165409586663867,4978
N#Cc1cnn(C[C@H]2CN(C3CCN(c4nnc(N)[nH]4)CC3)[C@@H](Cc3ccc(Cl)cc3)CO2)c1,0,3,0.04272092132103362,2237
O=C1COc2ccc(CNC34CCC(CC5(F)Cn6c(=O)ccc7ncc(F)c5c76)(CC3)OC4)nc2N1,0,5,0.1141937439855121,332
NC[C@]1(c2ccccn2)[C@@H]2CCN(c3cnc4c(-c5cccc(Cl)c5Cl)n[nH]c4n3)C[C@@H]21,1,3,0.7013494761604836,4979
O=C(Cc1cc(Nc2ncnc3cc(OCCCN4CCC[C@@H]4CO)ccc23)n[nH]1)Nc1cccc(F)c1F,0,6,0.1065432370869803,2341
C[C@H]1OC(=O)[C@]2(CC(N)=O)CC(F)(F)[C@@H](C)[C@H](/C=C/c3ccc(-c4cccc(F)c4)cn3)[C@H]12,0,3,0.10898072501376767,277
CN(C)C(=O)[C@@H](c1ccc(-c2ccc3ncnn3c2)cc1)[C@H](N)C(=O)N1CC[C@H](F)C1,0,5,0.05593401335190678,1798
CN(C)C(=O)N[C@H]1CC[C@@H](CCN2[C@@H]3CC[C@H]2C[C@@H](Oc2cccc(C(N)=O)c2)C3)CC1,0,7,0.4252155760012641,4980
COc1cc(N2CCN(C(C)=O)CC2)ccc1Nc1ncc(Cl)c(-c2cnc3ccccn23)n1,0,3,0.00819270038680075,68
Cc1ccc(NC(=O)c2cccc(C(F)(F)F)c2)cc1C#Cc1nn([C@@H]2CCN(C)C2)c2ncnc(N)c12,1,6,0.4987573883080885,4981
COc1ccc(Cl)cc1C(=O)NCCc1ccc(S(=O)(=O)NC(=O)NC2CCCCC2)cc1,0,6,0.25237251193790666,4982
O=C(NCC(=O)N1CC[C@H](N[C@H]2CC[C@@](O)(c3ccc(-c4ncccn4)cn3)CC2)C1)c1cccc(C(F)(F)F)c1,0,10,0.0291598700599943,4983
CCNc1nccc(-c2n[nH]c3nc(N4CCC5(CC4)CO[C@@H](C)[C@H]5N)cnc23)c1Cl,0,5,0.40166362212155243,4984
Cc1nc[nH]c1CN1CCC2(CC1)COC1c3ccc(Cl)cc3OCC1C2,1,6,0.7295223529297288,2628
Cn1ccc2c(c1=O)CCCN2c1n[nH]c2nc(N3CCC4(CC3)Cc3ccccc3[C@H]4N)cnc12,0,2,0.5290396840589577,4985
C[C@@H]1CN(c2nc(C(F)(F)F)no2)CCN1c1ncc(OCc2ccc(CS(C)(=N)=O)cc2F)cn1,0,3,0.09582844796375319,791
N#CCCOc1ccc(C(O)c2cc(-c3ncnc4cc(N5CCOCC5)ccc34)c(F)cc2Cl)nn1,0,4,0.03422851390398848,465
CCC(CC)NCCCc1cc(-c2cccc(C(F)(F)F)c2)nc(C#N)n1,1,9,0.7751882727201411,1443
CS(=O)(=O)Nc1ccc(OCCNCCNc2ccc(Cl)c(Cl)c2)cc1,1,9,0.4155606382389106,4986
CC(C)N(C)[C@@H]1CC[C@H](N2CC[C@H](NC(=O)c3cccc(C(C)(C)C)n3)C2=O)[C@H](CS(C)(=O)=O)C1,0,2,0.06115297964485665,1497
CO[C@H]1C[C@@H](n2c(=O)n(C)c3cnc4cc(F)c(-c5ccc(OCCCN(C)C)nc5)cc4c32)C1,0,3,0.05099354355044292,94
C[S+]([O-])Cc1ccc(C(=O)Nc2cccnc2C(=O)NCC2CCOCC2)c2ccccc12,0,7,0.1331030602766687,3828
Cc1cc(N2CCc3c(c(C)nn3CC34CCC(N(C)C)(CC3)CC4)C2)c2cnn(C)c2n1,0,7,0.07471564800276072,386
COc1ccc(/N=C(\N)CC(O)c2cc3c(F)cc(F)cc3c3cc(C(F)(F)F)ccc23)cc1,1,5,0.5741440901695686,4987
COc1ccc(CCN(C)CCOc2ccc(NS(C)(=O)=O)cc2N)cc1OC,1,7,0.42162218551880815,66
COCc1nc2cnc3cc(-c4c(C)noc4C)c(OC[C@H]4CCNC4)cc3c2n1[C@H](C)c1ccccc1,0,8,0.35932506174791273,4988
COc1cncc(O[C@H](C)C2(O)CNC2)c1-c1cc(Nc2cnc(C#N)cn2)n[nH]1,0,5,0.09052810203421538,4133
Cc1cc(C(=O)O)ccc1-c1ccc(N2C(=O)N(c3cc(O)ncn3)C3(CCN(Cc4ncccc4C)CC3)C2=O)cn1,0,5,0.14734854394368035,4313
COc1cc(-c2cncc(-c3ccc(N4CCN(C)CC4)cc3)c2C)cc(F)c1C(N)=O,0,7,0.11726928744917653,2245
COc1cc2nnc(C(N)=O)c(Nc3ccc(C)cc3F)c2cc1N1CCN(C(=O)[C@@H](C)O)CC1,0,2,0.04555153761590818,812
Cc1c(C(=O)CC#N)oc2ccc(Br)cc12,1,4,0.6588620643137937,3695
COC(=O)CN1Cc2c(nc(C)c(CN)c2-c2ccc(Cl)cc2Cl)C1=O,0,3,0.10754898729324218,776
O=C1COc2ccc(CNC3CCN(CCN4C(=O)COc5ccc(C(=O)O)cc54)CC3)nc2N1,0,4,0.03440929865545833,1747
O=C1CCc2ccncc2N1CCCN1CCC(n2c(=O)[nH]c3ccccc32)CC1,0,4,0.2610188451233602,4989
Cc1nccnc1C(=O)N1CCC([C@H](N)Cc2cc(F)c(F)cc2F)CC1,0,3,0.10343077419453735,4990
CCCCCCCN1CCC(C(=O)c2ccccc2)CC1,1,6,0.6528338210410821,4991
CCC1OC2(CCN(CCc3ccccc3)CC2)CN(c2ccccc2)C1=O,1,8,0.9504483258598028,224
COc1cncc(-c2cc(NC(C)=O)nc(-n3nc(C)cc3C)n2)c1,0,2,0.1817753832058907,4992
CCCCCCCCC(=O)NCc1ccc(CC(O)CO)c(OC)c1,1,7,0.24708734592363749,156
COc1ccc(S(=O)(=O)n2cc(C)c3cc(Cl)ccc32)cc1NC1CCN(C)CC1,1,7,0.5592114441172341,2748
COCCCc1cc(CN(C(=O)[C@H]2CNCC[C@@H]2c2ccc(OCCOc3c(Cl)cc(C)cc3Cl)cc2)C2CC2)cc(OCC2(CC(=O)O)CC2)c1,1,5,0.8741670382666307,650
N[C@H](C(=O)N1CCSC1)[C@H]1CC[C@H](NC(=O)c2cccc3ccccc23)CC1,0,8,0.11436595131235161,4993
COCCOCC#Cc1cc(-c2n[nH]c3c2Cc2cc(Cn4cncn4)ccc2-3)cs1,0,10,0.18422685414618592,4994
C[C@@H](c1ccc(F)cn1)c1c(CCN(C)C)sc2ccccc12,1,5,0.7323297494490534,1471
COc1cc([C@](O)(CCN(C)C)[C@@H](c2cc3cc(Br)ccc3nc2OC)c2cccc(OC)c2F)cc(OC(C)C)n1,0,6,0.023329427566644488,1273
CS(=O)(=O)Cc1cc(N2CCOCC2)nc(-c2cnc3[nH]ccc3c2)n1,0,4,0.05908988638022012,4995
C[C@H]1CCCN1C(=O)c1nc(C(=O)NCC(C)(C)O)sc1-c1ccc(C(O)(C(F)(F)F)C(F)(F)F)c(Cl)c1Cl,0,1,0.19389036733691925,4996
CC(C)(C)c1ccc(N2CCN(CCN3Cc4ccccc4C3)C2=O)cc1,1,9,0.7262301931869831,2197
Cc1ccc2nc(-c3ccc(F)cc3)c(CC(=O)Nc3ccccc3C)n2c1,0,4,0.07922023336232059,349
COC(=O)c1ccc(CNC(=O)c2ccc3nc(N)sc3c2)cc1,0,9,0.025840231383317813,2140
CN1CCN(c2ccc3nc(N)n(CC(O)c4ccc(C(F)(F)F)cc4Cl)c3n2)CC1,0,7,0.1973919572265378,4997
CCOc1c([C@H](C)n2nc(C)c3c(N)ncnc32)cc(Cl)c(F)c1[C@@H]1CNC(=O)C1,0,2,0.15610283053366786,4998
CCCCCCCC/C=C\CCCCCCCC(=O)O,0,8,0.3580530215991559,3464
Cn1cc(Nc2nc(N[C@H]3CCc4ccccc43)c3cc[nH]c3n2)nn1,0,9,0.21753741041020896,4999
CCCCc1oc2ccc(NS(C)(=O)=O)cc2c1C(=O)c1ccc(OCCCN(CCCC)CCCC)cc1,1,3,0.4535866373217479,5000
O=C(O)CCc1cnc2c(N3CCN(CCc4ccc(OCCCN5CCCCCC5)cc4)CC3)cccc2c1,0,2,0.2760953826051676,272
Fc1ccc(Cn2c(N3CCC(n4ccnc4)CC3)nc3ccccc32)cc1,1,8,0.8174528706264655,5001
O=S(=O)(Nc1ccc2c(c1)CCN(Cc1cc[nH]n1)CC2)c1ccc(N2CCOCC2)nc1,0,6,0.18391541078113086,5002
C[C@H]1C[C@H](C(=O)O)CC[C@H]1C(=O)N1CC[C@@]2(S(=O)(=O)c3ccccc3)c3cc(F)c(C(F)(C(F)(F)F)C(F)(F)F)cc3CC[C@@H]12,0,8,0.20852749017645267,5003
C[C@H]1C[C@H]2CSC(N)=N[C@@]2(c2cc(NC(=O)c3ccc(OC(F)F)cn3)ccc2F)CO1,1,9,0.5992098757733584,3655
Cc1cccnc1CN1CCC2(CC1)C(=O)N(c1ccc(C3CCCCC3)cc1)C(=O)N2c1cc(O)ncn1,1,5,0.43874354624721046,5004
CCC(=O)CCCCC[C@H](NC(=O)[C@H]1CC12CCN(CC)CC2)c1ncc(-c2cc3ccncc3nc2OC)o1,0,8,0.1210884990781651,5005
COc1ccc(Cl)c(-c2ccc(NC(=O)c3ccnn3C)nc2N)c1,0,10,0.1447347153600325,5006
C=CC(=O)Nc1cc(Nc2nccc(-c3cn(C)c4ccccc34)n2)c(OC)cc1N(C)CCNC,0,4,0.09778004895566082,1136
CC(C)(NC(=O)c1nn(-c2ccc(Cl)cc2Cl)c(-c2ccc(Cl)cc2)c1CO)c1noc(C(F)(F)F)n1,0,5,0.17768190581349727,5007
CCOC(=O)C1CCN(CCCCOc2ccc(S(N)(=O)=O)cc2)CC1,0,8,0.10079020817513641,4171
Cc1cncc(-c2ccc(C(=O)N(c3ncccc3Cl)[C@@H]3CCCNC3)cc2)n1,0,4,0.08198606333634892,2189
O[C@@H](c1cccnc1-c1cc(Cl)cc(Cl)c1)C(c1cccnc1)c1cccnc1,0,10,0.05689482857753438,1423
O=C(/C=C/c1ccc2c(c1)CN(C(=O)C1CC1)C2)NO,0,4,0.022346608648981126,5008
CCN(CC)C(=O)C1CCCN(C(=O)CC2CCN(Cc3ccn(-c4ccc(C(F)(F)F)cc4)c3)CC2)C1,0,7,0.3142695795003724,5009
COc1cncc(OC[C@H]2CCNC2)c1-c1cc(Nc2cnc(C#N)cn2)n[nH]1,0,5,0.055998688067607154,5010
C1=C(c2ccc(OCCCN3CCCCC3)cc2)CCC1,1,1,0.7753103496002169,5011
Cc1c([C@@H](O)CN2CCC3(CC2)CN(c2ccc(=O)n(C)n2)CCO3)ccc2c1COC2=O,0,1,0.03712593833960369,5012
O=C(NCc1cccnc1OCC(F)(F)F)c1cncc(-c2ccc(Cl)cc2)c1,0,3,0.22105672861138118,5013
CCC[C@@H](CCO)Nc1nc(N)nc(C)c1Cc1ccc(CN(CCC(=O)O)CC(F)F)cc1OC,0,6,0.06530473378402192,187
Cc1cc(-c2ccc3c(c2)-c2nnc(Oc4cccc(OC(F)(F)F)c4)n2CCO3)ccn1,1,5,0.6626036145402611,4881
FC(F)(F)c1cc(Cl)cc(COCC2(c3ccccc3)CCNCC2)n1,0,10,0.2139906461226562,214
O=c1ccc(C(O)c2cc(-c3ncnc4cc(N5CCOCC5)ccc34)c(F)cc2Cl)n[nH]1,0,9,0.009215807459808944,130
CCC#CC[C@H](C)[C@H](O)/C=C/[C@H]1CC(F)(F)C(=O)N1CCCCCCC(=O)O,0,6,0.20478868635477904,677
COc1cc(CCC(C)(C)N2Cc3cc4c(cc3C2)OCO4)ccc1OCCO,1,5,0.6633504072800681,295
COc1ncc(-c2cccc3c2C[C@H](NC(=O)c2ccc(OCC(F)(F)F)nc2)CO3)cc1F,0,3,0.053878104838069485,231
COCCc1nc(CN[C@H]2CC[C@@H](F)C2)n(C(C)C)c1-c1ccc(Cl)cc1,0,2,0.48518731792312053,5014
CN(C)C(=O)[C@@H](c1ccc(-c2ccn3ncnc3c2)cc1)[C@H](N)C(=O)N1CCC(F)(F)C1,0,5,0.08284042068879408,5015
O=C(CNc1ncnc2ccc(C(F)(F)F)cc12)NC1CN([C@H]2CC[C@@](O)(c3ccccc3)CC2)C1,0,5,0.050779026673556375,5016
COc1cc([C@](O)(CCN(C)C)[C@@H](c2cc3cc(Br)ccc3nc2OC)c2ccnc(OC)c2OC)cc(OC(C)C)n1,0,10,0.08778273783512337,1379
CC(C)OC(=O)[C@H](C)N[P@](=O)(OC[C@H]1O[C@@H](n2ccc(=O)[nH]c2=O)[C@](F)(Br)[C@H]1O)Oc1ccccc1,0,8,0.15002016341865154,5017
COc1nnc(C(O)c2cc(-c3ncnc4cc(N5CCOCC5)ccc34)c(F)cc2Cl)cc1C,0,4,0.03243797843958144,465
Cc1c[nH]c2c(Nc3nc(N[C@@H]4CCCC[C@@H]4N)cc4nc[nH]c(=O)c34)cccc12,0,3,0.12356815805292473,2334
O=C1CCc2cc(C(O)CN3CCC(O)(c4cccc(F)c4)CC3)ccc2N1,0,10,0.24726304901943208,4666
C[C@@H]1CCCN1CCCOc1ccc2c(c1)CC[C@H]1[C@@H]3[C@H](C#N)CC(=O)N[C@@]3(C)CC[C@H]21,0,9,0.11501098772989395,429
Nc1ccc(-c2ccncc2)cc1NC(=O)c1cnc(N2CCNCC2)s1,0,4,0.0854063516195619,5018
Cc1cc(C#N)cc(C)c1Oc1nc(NC2CCN(Cc3ccc(S(N)(=O)=O)cc3)CC2)nc2ccsc12,1,8,0.8020576470261023,1618
[2H]C([2H])([2H])c1cc(C#N)cc(C([2H])([2H])[2H])c1Oc1nc(NC2CCN(Cc3ccc(S(N)(=O)=O)cc3)CC2)nc2ccsc12,1,5,0.630184237234053,1618
COc1ccc2c(c1)[C@@H]1C[C@]1(C(=O)N1[C@@H]3CC[C@H]1CN(C)C3)Cn1c-2c(C2CCCCC2)c2ccc(C(=O)NS(=O)(=O)N(C)C)cc21,0,10,0.062066921637607325,2242
COc1cncc(-c2ccc3c(c2)[C@@]2(COC(N)=N2)c2cc(OCC(C)(C)C)ccc2O3)c1,0,2,0.6684405248044544,501
CCc1nccn1Cc1cn(-c2cccc(OC(F)(F)F)c2)nn1,1,7,0.9116010196963062,23
CNC(=O)c1cc(-c2ccc(NC(=O)Nc3ccc(N4CCN(C)CC4)c(C(F)(F)F)c3)cc2)nc2cccnc12,0,1,0.1544989765147039,4207
N#Cc1ccc(CCN2CCC(Nc3nc4ccccc4[nH]3)CC2)cc1,1,10,0.743238663267668,2704
OCc1csc(C(O)c2cc(-c3ncnc4cc(N5CCOCC5)ncc34)c(F)cc2Cl)n1,0,3,0.04472939939370475,4605
Cc1c2cc(Cl)cc1NS(=O)(=O)CCCCC[C@H]1CN(CCN1C(=O)C(C)C)C2,0,5,0.155691443539007,443
O=C(NC1CCc2ccc(CCN3CCN(c4nsc5ccccc45)CC3)cc21)C(F)(F)F,1,5,0.963398497942952,39
Cc1ccc(-c2cc3c(c(F)n2)Oc2ccc(-c4cccnc4F)cc2[C@@]32COC(N)=N2)cn1,0,10,0.060648066755815945,3368
CC(C)(C)c1cc(C(=O)N2CCN(CCCCCC(c3ccc(F)cc3)c3ccc(F)cc3)CC2)cc(C(C)(C)C)c1O,1,6,0.7742024055755858,1090
NC(=O)c1cc(-c2ccc(F)cc2)c2ccc(CN3CCNC(C(F)(F)F)C3)cc2n1,0,3,0.22148681622302335,5019
CC(=O)Nc1ccc2c(c1)c(-c1nc3c(-n4cc(CN(C)C)c(C)n4)ccnc3[nH]1)cn2C,0,3,0.09497673941340479,911
O=C(NCc1ccc(OC(F)(F)F)c(Cl)c1)c1ccc(S(=O)(=O)Nc2nccs2)c(F)c1,0,3,0.08951468547143113,5020
CNC(=O)c1ccc(Oc2ccc(S(=O)(=O)[C@@]3(C(=O)NO)CCC4(CCNCC4)C3)cc2)cc1,0,8,0.05023560944145955,1508
NC1(C(=O)NC(CO)c2ccc(Cl)cc2)CCN(c2ncnc3[nH]ccc23)CC1,0,1,0.016427945486748807,667
COC(=O)N(NC(=O)c1c(CN2CCN(Cc3ccccc3)CC2)c(-c2ccccc2)nc2ccccc12)c1ccccc1,1,8,0.6772434317927571,5021
C[C@@H](NC(=O)c1ccc(F)cc1)c1ccc2c(n1)CCCN2C(=O)OC1CC1,0,9,0.10727432835494696,5022
COc1ccc2ncc(F)c(CCN3CC[C@@H](NCc4cc5c(cn4)OCCO5)[C@H](O)C3)c2n1,0,3,0.22084930374519204,3878
Cc1cc(S(=O)(=O)Nc2ccncn2)c(F)cc1O[C@H]1CCC[C@@H]1c1ccnn1C,0,7,0.03165259674680423,1504
CC(C)COc1ncc(-c2cc(F)c(C(=O)NS(C)(=O)=O)cc2F)cc1Cl,0,2,0.09399524429158884,1808
CN(C)CCOc1ccc(/C(=C(/CCCO)c2ccccc2)c2ccc(O)cc2)cc1,0,5,0.37858629883103967,1538
Cn1cc(-c2ccnc(C3COCCN3)c2)c(-c2ccc(F)cc2)n1,0,3,0.1663489238786589,5023
C[C@@H](n1ccc2cc(Cl)ccc2c1=O)[C@](O)(Cn1cnnn1)c1ccc(F)cc1F,0,6,0.12349633567764436,5024
Cn1c(=O)ccc2ccc(CN3CCC(NC(=O)c4cc(=O)c5ccc(F)cc5o4)CC3)cc21,0,3,0.31785929957357206,4967
O=C1N(CCN2Cc3ccccc3C2)CCN1c1cccc(OC(F)(F)F)c1,1,2,0.7639001995080631,2197
O=c1ccc2ncc(F)c3c2n1C[C@@]3(O)CC12CCC(NCc3cc4c(nn3)OCCO4)(CC1)CO2,0,3,0.08653671457998255,5025
C[C@@H]1CN(C(=O)c2ccccc2)CCN1C(=O)C(=O)c1c[nH]c2ccncc12,0,3,0.0466352586198325,5026
Cc1ncoc1-c1nnc(SCCCN2CCc3cc4c(cc3CC2)N(C)C(=O)CO4)n1C,0,6,0.6721344152749141,1658
CC(C)N1CCN(C(=O)N2CCC3(CCCN(C4CCOCC4)C3)C2)CC1,0,7,0.033338340210084735,5027
Cc1nccn1CC(NC(=O)NC1CCN(Cc2ccn(-c3ccc(C(F)(F)F)cc3)c2)CC1)c1ccccc1,0,9,0.11489776123928351,3386
Cn1cc2cc(/N=c3\[nH]c(=O)n(-c4cncc(O[C@H]5CCOC5)c4)c(=O)n3Cc3cc(F)c(F)cc3F)c(Cl)cc2n1,0,9,0.07606434919730055,3544
O=C(O)c1ccc2nc(Cc3ccc(-c4ccc(F)c(OCc5ccc(Cl)c6ccoc56)n4)cc3F)n(C[C@@H]3CCO3)c2c1,0,7,0.15169663572186629,1561
NC(=O)C(c1ccc(F)c(-c2ncnc3cc(N4CCOCC4)ccc23)c1)c1nccn2ncnc12,0,9,0.02879405411288636,1392
Cc1cc(=O)n2nc(N3CC[C@H](c4cc(F)c(F)cc4F)[C@@H](N)C3)ccc2n1,0,6,0.09915165985267808,5028
CC1CCN(C)c2c(F)cnc3cc(F)c(nc23)-n2c(=O)[nH]c3nccc(c32)O1,0,7,0.1277443324005197,5029
CC1(C)CC2(CCN(C(=O)c3ccc(C[C@@H]4CC[C@H]([C@H](O)c5ccccc5)N4)cc3)CC2)C(=O)O1,0,1,0.10658720883205372,4657
CN1CCC(COCc2cc(C3CC3)cc(C3CC3)n2)(c2ccc(F)cc2)CC1,0,1,0.18697098492181696,5030
NC1=N[C@@]2(CO1)c1cc(NC(=O)c3ccc(Cl)cn3)ccc1Oc1cnc(C3=CCCOC3)cc12,1,9,0.16457792637409582,5031
O=C1CCc2cnccc2N1CCCN1CCC(n2c(=O)[nH]c3ccccc32)CC1,0,9,0.1756504510913964,5032
O=C(NC1CCN(Cc2ccc(OCCCN3CCOCC3)c(F)c2)CC1)c1cc(=O)c2ccc(F)cc2o1,0,2,0.3579221992575396,5033
COc1ccc(-c2ccc3ncnc(-c4cccc(C(=O)N5CCN(C(C)=O)CC5)c4)c3c2)cn1,0,8,0.032007168747868305,3200
NS(=O)(=O)OC[C@@H]1C[C@@H](n2nnc3c(N[C@H]4CCc5ccccc54)ncnc32)C[C@@H]1O,0,8,0.08187231792146352,2545
Cn1c(SCCCN2CC3CCN(c4ccccc4OC(F)(F)F)C3C2)nnc1-c1cnccn1,1,8,0.9830091632004976,170
COc1cc2nnc(C(N)=O)c(Nc3ccc(C)cc3F)c2cc1N1CCN(S(C)(=O)=O)CC1,0,9,0.024839605861579354,812
Cn1ccnc1C(=O)N1CCC(c2ccc(C(=O)NC(=N)N)cc2C(F)(F)F)CC1,0,8,0.09299742817418305,5034
CCC[C@@H]1NC(c2cc(C#N)ccn2)=NC1(c1ccc(F)cc1)c1ccc(F)cc1,1,4,0.6284585048868442,2375
CCCN(c1cccc(S(C)(=O)=O)c1)P(=O)(c1ccccc1)c1ccccc1,0,10,0.34463612198188687,2812
Cc1nc(C(O)c2ccc(F)c(-c3ncnc4cc(N5CCOCC5)ccc34)c2)sc1CO,0,4,0.024098266771874828,257
OC(c1cccnn1)c1cc(-c2ncnc3cc(N4CCOCC4)ccc23)c(F)cc1Cl,0,2,0.012200781924092238,465
CS(=O)(=O)c1ccc2nc(N)sc2c1,0,6,0.08263480105473925,1360
Cc1nnc(-c2ccc(F)c(-c3c(=O)ccn4c(-c5ccc(F)cc5F)cccc34)c2)o1,0,8,0.2507304504328879,273
C[C@@H](c1ccc(-c2ccc(=O)n(C)c2)cc1)[C@H](N)C(=O)N1CC[C@H](F)C1,0,7,0.10639419865754206,1161
CNC[C@H](c1ccc2ccccc2c1)[C@H](O)c1cncc(OC)c1,0,9,0.09498955288186513,3647
O=C(Nc1c(Cl)cncc1Cl)c1cn(-c2ccc(Cl)cc2)c2ncccc2c1=O,1,9,0.333185322434014,5035
O=C(N1CCc2ncc(C(F)(F)F)cc2C1)[C@@]12CCC[C@@H]1C[C@@H](NC1CCCCCC1)C2,0,4,0.05320845017755204,5036
O=C(NC(c1ccc(Cl)cc1)c1cnccn1)[C@@H]1CC[C@@H](N2CCOCC2)C[C@H]1c1ccc(Br)cc1,1,10,0.7247007998009989,5037
O=C1CC(Cc2ccccc2)CCN1CC(O)c1ccc(O)cc1,0,8,0.2148413575074693,5038
C[C@@H]1C[C@H]2[C@@H]3CCC4=CC(=O)C=C[C@]4(C)C3=CC[C@]2(C)[C@@]1(O)C(=O)CO,0,4,0.1534713586955954,5039
COc1ccc2nccc(CCN3CCC(NCc4ccc(Br)c(F)c4)CC3)c2n1,1,10,0.9150927981781483,1482
COc1nnc(OCCNCCCF)cc1[C@@H]1c2[nH]c3ccccc3c2C[C@@H](C)N1CC(F)(F)F,0,1,0.25251926435720246,5040
CS(=O)(=O)Nc1ccc(CCN(CCOc2ccc(NS(C)(=O)=O)cc2)c2ccc([N+](=O)[O-])c3nonc23)cc1,1,6,0.5678794893897333,5041
CC(=O)c1ccc(CN2CCC(NC(=O)c3cc(=O)c4ccc(F)cc4o3)CC2)cc1,1,3,0.6781033757076638,105
N#Cc1cc([C@H]2CC[C@@H](C(N)=O)N2)ccc1OCc1ccccc1F,0,1,0.059148936993579364,122
COC(=O)N1Cc2cc(S(C)(=O)=O)ccc2C1C(=O)Nc1ccc(C(O)(C(F)(F)F)C(F)(F)F)cc1,0,8,0.023010786037644063,2449
COc1ccc([C@H]2CC[C@@H](N3CC(NC(=O)CNc4noc5ccc(C(F)(F)F)cc45)C3)CC2)cn1,1,1,0.15369738953462128,5042
CCCOCCn1c(=O)c(N2CCN([C@@H](C)[C@@H](C)O)CC2)nc2cnc(-c3ccc(OC)nc3)cc21,1,6,0.5861119913652642,2310
C[C@H]1C[C@H]2CSC(N)=N[C@@]2(c2nc(NC(=O)c3ccc(C(F)(F)F)cn3)cs2)CO1,0,1,0.17161905588583398,1191
NC(=O)c1cnc(N[C@H]2CNCC[C@@H]2O)c2cc(-c3ccccc3)sc12,0,6,0.10139816117895235,537
CCC(=O)CCCCC[C@H](NC(=O)C1(F)CN(C)C1)c1ncc(-c2cc3ccccc3nc2OC)o1,0,8,0.24550416816143197,5043
Cc1nccn1Cc1cn(-c2ccc(Cl)c(Cl)c2)nn1,1,2,0.9834366072046944,23
C[C@](CN)(Cc1cccnc1)c1ccc2ccccc2c1,0,1,0.22299523483057831,3647
O=C(OCC12CCN(CC1)CC2)c1c[nH]c2cc(O)cc(Cl)c12,0,1,0.25130900500355624,5044
O=C(NC1CCN(C2CCc3cc4oc(=O)[nH]c4cc32)CC1)c1cc(=O)c2ccc(F)cc2o1,0,8,0.14972187330065986,5045
CN(C)CCOC(c1ccccc1)c1ccccc1,0,2,0.6226893181501449,742
Cc1c(N[C@@H]2CCCC[C@H]2O)nnc(-c2ccc(C(F)(F)F)cc2O)c1C,0,4,0.34082504484130477,5046
COc1ccccc1[C@H](Cn1c(=O)n(C(C)(C)C(=O)O)c(=O)c2c(C)c(-c3ncco3)sc21)OC1CCOCC1,0,6,0.12395691517655458,5047
C[C@@H](NC(=O)Nc1cc2[nH]nc(-c3ccnc(F)c3)c2cn1)c1ccccc1,0,2,0.06854285750900294,1457
CC(C)(C)c1ccc2c(ccn2-c2ccc(F)cc2)c1,0,4,0.4647474042444467,1554
CC(=O)c1cn(-c2ccc(F)cc2)c2ccc(Cl)cc12,0,1,0.3995004488304835,1554
CC(C)c1cn(-c2ccc(F)cc2)c2ccc(Cl)cc12,0,9,0.6037381957922595,1554
CC[C@@H](C)[C@H](C(=O)O)N1C[C@H](CN2CCC(c3cc(Cc4ccc(C#N)cc4)nn3CC)CC2)[C@@H](c2cccc(F)c2)C1,0,2,0.32294194638444673,1967
CCn1nc(Cc2ccccc2)cc1C1CCN(C[C@H]2CN([C@@H](C(=O)O)C(C)C)C[C@@H]2c2cccc(F)c2)CC1,0,4,0.2459825409619047,1967
Cn1c(=O)cnn(CCCCN2CCN(c3cccc4ccc(O[11CH3])cc34)CC2)c1=O,0,5,0.38005619993178974,5048
COc1cc2c(Nc3ncc(CC(=O)Nc4cccc(F)c4)s3)ncnc2cc1OCCCN1CCC(CO)CC1,0,10,0.2394087278898091,5049
CC(=O)N1CCC(N(C)C(=O)N2CC(c3cc(F)ccc3F)=C[C@H]2c2ccccc2)CC1,0,4,0.216390345525875,96
Cn1nnc(C2(F)CC3(c4ccccc4)NC2CCC3OCc2cc(C(F)(F)F)cc(C(F)(F)F)c2)n1,0,5,0.6324184574056451,4906
COc1cccc(N2CCN(CCCCn3ncc(=O)n(C)c3=O)CC2)c1,0,5,0.3164322591136923,5050
COc1ccccc1Oc1cccc(CN2CCC(NC(=O)C3(c4ccccc4)CCNCC3)(C(=O)O)CC2)c1,0,4,0.28111572348065733,1149
CCN1CCC(C(=O)NC2(C(=O)O)CCN(Cc3cccc(Oc4ccccc4Cl)c3)CC2)(c2ccccc2)CC1,0,8,0.3276434972829665,1149
CC(C)(C(=O)O)N1CCC(C(=O)NC2CCN(Cc3cccc(Oc4ccccc4Cl)c3)CC2)(c2ccccc2)C1,0,3,0.3709721065152958,5051
CCCc1c(OCCCN2C(=O)Cc3cc(CC(=O)O)ccc32)ccc2c(C(F)(F)F)noc12,0,10,0.2459195909870912,5052
Cc1cc(C(=O)Nc2ccc(-c3ccccc3CN3CCC(C(=O)O)CC3)cc2F)n(-c2cc3ccccc3cc2F)n1,0,4,0.36297604028365776,2111
CC(=N)N1CCC(Oc2ccc(N(Cc3ccc4ccc(C(=N)N)cc4c3)S(=O)(=O)CC(=O)O)cc2)CC1,0,4,0.18198038918606352,5053
C/C(=C(\F)C(=O)N(CC(=O)O)c1ccc(-c2ccccc2S(N)(=O)=O)cc1)c1cccc(C(=N)N)c1,0,9,0.30880043264070467,4853
Cc1cc(C(=O)Nc2ccc(C(=N)N3CCCC3)cc2)n(-c2cc3ccccc3cc2C(=O)O)n1,0,2,0.4067695797800282,3229
CN(C)C(=N)c1ccc(CN2C(=O)CN(S(=O)(=O)c3cc4cc(Cl)ccc4[nH]3)C[C@@H]2C(=O)O)cc1,0,5,0.3546080841289571,1758
CN1CCN=C1c1ccc(C(=O)N2CCN(S(=O)(=O)c3cc4ccc(Cl)cc4s3)CC2CC(=O)N2CCC(C(=O)O)CC2)cc1,0,6,0.31893101861872736,5054
CN1CCN=C1c1ccc(C(=O)N2CCN(S(=O)(=O)c3cc4ccc(Cl)cc4s3)CC2CC(=O)N2CCCC(C(=O)O)C2)cc1,0,9,0.3450842459195039,5054
COc1ccc(NC(=O)c2ccc(C(=N)N(C)C)cc2N2CCC(C(=O)O)CC2)c(C(=O)Nc2ccc(Cl)cn2)c1,0,10,0.5957115997863021,451
CN(C)C(=N)c1ccc(C(=O)Nc2ccc(Cl)cc2C(=O)Nc2ccc(Cl)cn2)c(N2CCC(C(=O)O)CC2)c1,0,4,0.5923690337558212,451
COc1cc(Cl)cc(C(=O)Nc2ccc(Cl)cn2)c1NC(=O)c1ccc(C(=N)N2CCC(C(=O)O)CC2)cc1F,0,3,0.41165577966692035,285
N=C(c1ccc(C(=O)Nc2ccc(Cl)cc2C(=O)Nc2ccc(Cl)cn2)cc1)N1CCC(C(=O)O)CC1,0,5,0.5099404342531919,285
N=C(c1ccc(C(=O)Nc2ccc(Cl)cc2C(=O)Nc2ccc(Cl)cn2)cc1)N1CCCC(C(=O)O)C1,0,3,0.5022569060746608,285
CN(C)C(=N)c1ccc(C(=O)Nc2ccc(OCC(=O)O)cc2C(=O)Nc2ccc(Cl)cn2)cc1,0,8,0.5226548493690988,1401
CN(C)C(=N)c1ccc(C(=O)Nc2ccc(CCC(=O)O)cc2C(=O)Nc2ccc(Cl)cn2)cc1,0,4,0.6589561681095174,1401
CN(C)C(=N)c1ccc(C(=O)Nc2ccc(Oc3ccc(C(=O)O)cc3)cc2C(=O)Nc2ccc(Cl)cn2)cc1,0,8,0.6052607775378757,4871
CCOC(=O)N1CCC(NS(=O)(=O)c2ccc(NC(=O)c3ccccc3C)c3ccccc23)CC1,0,10,0.1985912130705781,5055
CN1CCN(Cc2ccc3c(c2)Cc2c(-c4csc(C#CCCO)c4)n[nH]c2-3)CC1,0,4,0.37641296397251667,5056
C(#Cc1cc(-c2n[nH]c3c2Cc2ccccc2-3)cs1)COc1ccccc1,0,6,0.33473629776746977,5057
CN1CCN(Cc2ccc3c(c2)Cc2c(-c4csc(C#CCOc5ccccc5)c4)n[nH]c2-3)CC1=O,0,7,0.33333480333197335,5058
C(#Cc1cc(-c2n[nH]c3c2Cc2cc(CN4CCSC4)ccc2-3)cs1)COc1ccccc1,0,9,0.4705181514271503,5059
COCCOc1ccc2c(c1)Cc1c(-c3csc(C#CCOc4ccccc4)c3)n[nH]c1-2,0,2,0.2792312131855522,5057
CN(C)C(=O)COc1ccc2c(c1)Cc1c(-c3csc(C#CCOc4ccccc4)c3)n[nH]c1-2,0,6,0.23062515429165212,5057
C(#Cc1cc(-c2n[nH]c3c2Cc2cc(Cn4cccn4)ccc2-3)cs1)COc1ccccc1,0,9,0.2843900773455818,5060
C(#Cc1cc(-c2n[nH]c3c2Cc2cc(Cn4ccnn4)ccc2-3)cs1)COc1ccccc1,0,3,0.22051220631927984,5061
C(#Cc1cc(-c2n[nH]c3c2Cc2cc(Cn4cncn4)ccc2-3)cs1)COc1ccccc1,0,2,0.231491235420617,5062
CN1CCN(Cc2ccc3c(c2)Cc2c(-c4csc(C#CCOCC(N)=O)c4)n[nH]c2-3)CC1,0,10,0.2401717761602579,5056
COCCOCC#Cc1cc(-c2n[nH]c3c2Cc2ccc(CN4CCN(C)CC4)cc2-3)cs1,0,1,0.3706564598332328,5063
CN(C)Cc1cc(OCCCN2CCCCC2)ccc1Nc1ncnc2ccccc12,0,1,0.6305141061252066,5064
Cc1cnc(CCC(=O)N[C@H]2CC[C@H](c3ccc(O)cc3)CC2)s1,0,3,0.13551473216923937,5065
CN(C)C(=O)C(=O)N(C)[C@H]1CCCCn2c1nc(C(=O)NCc1ccc(F)cc1)c(O)c2=O,0,9,0.08915865950130297,5066
Cc1ccc2c(-c3nnc(SCCCN4CCc5cc6nc(C)oc6cc5CC4)n3C)cccc2n1,0,5,0.6904008283989759,803
Nc1ccnc(N2CCC(NC(=O)[C@@H]3CCCO3)(c3ccccc3)CC2)c1,0,5,0.38762603684603525,5067
CCN(CC)C(=O)[C@H]1OC2(CCN(c3cc(N)ccn3)CC2)c2ccccc21,0,9,0.2649681224884533,5068
Nc1ccnc(N2CCC(N(C(=O)C3CCCCC3)c3ccccn3)CC2)c1,0,7,0.28285703346101165,5069
Nc1ccnc(N2CCC(N(C(=O)C3CC3)c3ccccn3)CC2)c1,0,1,0.2879772279236723,5070
Cc1nnc(C(C)C)n1C1CCN([C@@H](C)C[C@H](NC(=O)C2CCC(F)(F)CC2)c2ccccc2)CC1,0,9,0.3969523291608877,5071
Cc1nnc(C(C)C)n1C1CCN([C@H](C)C[C@H](NC(=O)C2CC(F)(F)C2)c2ccccc2)CC1,0,8,0.3836277473690901,4950
CC(=O)Nc1ccc(CN2CCC3(CC2)C(NC2CCCCC2)=NC(=O)N3c2cccc(F)c2)cc1,0,2,0.33592605235670764,5072
CC(C)(C)NC(=O)CN1CCC(CNC(=O)c2cc(Cl)cc(Cl)c2)CC1,0,3,0.28090650468428413,2451
O=C(Nc1ccccc1-c1cn2c(CN3CCNCC3)csc2n1)c1cnc2ccccc2n1,0,10,0.21672533307641112,5073
CCN(CC)C(=O)[C@]1(c2ccccc2)C[C@H]1CN,0,9,0.06923893578478643,1263
C=C(F)CN(CC)C(=O)[C@@]1(c2cccs2)C[C@H]1CN,0,3,0.07060024987977571,5074
C=CCN(CC=C)C(=O)[C@@]1(c2cccs2)C[C@H]1CN,0,7,0.05967300123681493,5074
C=CCN(C(=O)[C@@]1(c2cccs2)C[C@H]1CN)C1CC1,0,8,0.05088607419891952,5075
C=CCN(Cc1nccs1)C(=O)[C@@]1(c2cccs2)C[C@H]1CN,0,10,0.14191812772232046,5076
C#CCN(CC#C)C(=O)[C@@]1(c2cccs2)C[C@H]1CN,0,5,0.05134162167805236,5074
CNC(=O)c1cc2cc(C3(Cc4ccccc4)CCNC3)ccc2[nH]1,0,9,0.1442442029909192,5077
NC(=O)c1cc2cc(C3(Cc4ccccc4)CCNC3)ccc2[nH]1,0,5,0.12366250438253594,5077
Nc1ccc(-c2cc[nH]n2)cc1NC(=O)c1ccc(N2CCC3(CCNC3)CC2)nc1,0,9,0.14260539759753357,5078
Nc1ccc(-c2cccs2)cc1NC(=O)c1ccc(N2CCC3(CCCC3=O)CC2)nc1,0,8,0.19524890558713273,5079
Nc1ccc(-c2nnc(C3CCN(Cc4ccc(-c5nc6nc(N7CCN(CCO)CC7)ccc6nc5-c5ccccc5)cc4)CC3)[nH]2)cn1,0,4,0.1893965595054615,5080
CN(C)CCN1CCN(c2ccc3nc(-c4ccccc4)c(-c4ccc(CN5CCC(c6nnc(-c7ncccn7)[nH]6)CC5)cc4)nc3n2)CC1,0,2,0.3065890708029368,5081
OCCN1CCN(c2ccc3nc(-c4ccccc4)c(-c4ccc(CN5CCC(c6nnc(-c7ncccn7)[nH]6)CC5)cc4)nc3n2)CC1,0,3,0.0930604192545278,5081
OCCN1CCN(c2ccc3nc(-c4ccccc4)c(-c4ccc(CN5CCC(c6nnc(-c7ccccn7)[nH]6)CC5)cc4)nc3n2)CC1,0,7,0.164181600929251,5082
[O-][n+]1ccc(-c2nnc(C3CCN(Cc4ccc(-c5nc6nc(N7CCN(CCO)CC7)ncc6cc5-c5ccccc5)cc4)CC3)[nH]2)cc1,0,7,0.1929501998019802,5083
OCCN1CCN(c2ncc3cc(-c4ccccc4)c(-c4ccc(CN5CCC(c6nnc(-c7ncccn7)[nH]6)CC5)cc4)nc3n2)CC1,0,7,0.16460467534259052,5084
CN1CCN(c2ncc3cc(-c4ccccc4)c(-c4ccc(CN5CCC(c6nnc(-c7ncccn7)[nH]6)CC5)cc4)nc3n2)CC1,0,8,0.303364018769856,5084
O=c1ccc(-c2nnc(C3CCN(Cc4ccc(-c5nc6cc[nH]c(=O)c6cc5-c5ccccc5)cc4)CC3)[nH]2)c[nH]1,0,7,0.2419261675788391,5085
O=c1[nH]ccc2nc(-c3ccc(CN4CCC(c5nnc(-c6ncccn6)[nH]5)CC4)cc3)c(-c3ccccc3)cc12,0,1,0.1926702504612978,5086
CC(=O)Nc1ccc(S(=O)(=O)Nc2ccccc2C(=O)c2ccccc2)cc1,0,5,0.11336423672960821,5087
CC(=O)Nc1ccc(S(=O)(=O)Nc2ccccc2C(=O)c2ccc(F)cc2)cc1,0,3,0.13644154069415967,5087
Cn1c(N(Cc2ccc(C(=O)Nc3nnn[nH]3)cc2)[C@H]2CC[C@H](C(C)(C)C)CC2)nc2cc(C(F)(F)F)ccc21,0,6,0.23514631890466986,5088
Cc1nc2ccccc2c(=O)n1-c1ccc(OCCCN2CCCC2)cc1,0,7,0.3977260056521339,1317
Cc1nc2ccccc2c(=O)n1-c1ccc(OC2CCN(C3CCC3)CC2)cc1,0,1,0.0638911244936851,5089
Cc1nc2ccccc2c(=O)n1-c1ccc(OC2CCN(C3CCCC3)CC2)cc1,0,7,0.06256328236506627,5090
Cc1nc2ccccc2c(=O)n1-c1ccc(OC2CCC(N3CCCC3)C2)cc1,0,1,0.18440819150722965,5091
Cc1nc2cccc(F)c2c(=O)n1-c1ccc(OC2CCN(C3CCC3)CC2)cc1,0,1,0.07740268095172298,5089
Cc1nc2ccc(F)cc2c(=O)n1-c1ccc(OC2CCN(C3CCC3)CC2)cc1,0,1,0.0677939075818101,5089
Cc1nc2cc(F)ccc2c(=O)n1-c1ccc(OC2CCN(C3CCC3)CC2)cc1,0,4,0.0914006931249699,5089
Cc1nc2c(F)cccc2c(=O)n1-c1ccc(OC2CCN(C3CCC3)CC2)cc1,0,8,0.09207399875269408,5089
Cc1nc2cc(F)c(F)cc2c(=O)n1-c1ccc(OC2CCN(C3CCC3)CC2)cc1,0,2,0.0756542454327167,5089
Cc1nc2cccc(Cl)c2c(=O)n1-c1ccc(OC2CCN(C3CCC3)CC2)cc1,0,10,0.17275726634536925,5089
COc1cccc2nc(C)n(-c3ccc(OC4CCN(C5CCC5)CC4)cc3)c(=O)c12,0,7,0.03875432642520818,5089
COc1ccc2nc(C)n(-c3ccc(OC4CCN(C5CCC5)CC4)cc3)c(=O)c2c1,0,3,0.033388198825770043,5089
COc1ccc2c(=O)n(-c3ccc(OC4CCN(C5CCC5)CC4)cc3)c(C)nc2c1,0,8,0.023680119444123737,5089
COc1cccc2c(=O)n(-c3ccc(OC4CCN(C5CCC5)CC4)cc3)c(C)nc12,0,7,0.06258506858195097,5089
Cc1nc2cccnc2c(=O)n1-c1ccc(OC2CCN(C3CCC3)CC2)cc1,0,6,0.05737618934019403,5092
Cc1nc2ccncc2c(=O)n1-c1ccc(OC2CCN(C3CCC3)CC2)cc1,0,5,0.06350772954223156,5093
Cc1nc2cnccc2c(=O)n1-c1ccc(OC2CCN(C3CCC3)CC2)cc1,0,6,0.04861884478830346,5094
Cc1nc2ncccc2c(=O)n1-c1ccc(OC2CCN(C3CCC3)CC2)cc1,0,4,0.06331516237386128,5095
Cc1cccc2nc(C)n(-c3ccc(OC4CCN(C5CCC5)CC4)cc3)c(=O)c12,0,6,0.06549958650277622,5089
Cc1nc2cccc(C(F)(F)F)c2c(=O)n1-c1ccc(OC2CCN(C3CCC3)CC2)cc1,0,9,0.2204721518077857,5089
CN(CCN1CCCCC1)C(=O)[C@H]1CC[C@@]2(CC1)OC(=O)c1ccccc12,0,7,0.2618274353111022,5096
COc1ccc2c(c1)C(=O)O[C@]21CC[C@H](C(=O)N(C)CCN2CCCCC2)CC1,0,4,0.26527230658207446,5096
c1ccc(-c2cc3c(ccn4cnnc34)nc2-c2ccc(CN3CCC(c4n[nH]c(-c5ccccn5)n4)CC3)cc2)cc1,0,3,0.2806088221554667,5097
C[C@@H]1NC(c2cnccn2)=NC1(c1ccc(F)cc1)c1ccc(F)cc1,0,7,0.2533556784479465,5098
C[C@@H]1NC(c2cc(C#N)ccn2)=N[C@@]1(c1ccc(F)cc1)c1ccc(F)nc1,0,9,0.15950768044976504,5099
C[C@@H]1NC(c2cc(C#N)ccn2)=NC1(c1ccc(F)nc1)c1ccc(F)nc1,0,4,0.0741546031927846,5100
C[C@@H]1NC(c2cccc(S(C)(=O)=O)c2)=N[C@@]1(c1ccc(F)cc1)c1ccc(F)nc1,0,8,0.15053288133963397,5101
C[C@@H]1NC(c2cncc(C#N)c2)=N[C@@]1(c1ccc(F)cc1)c1ccc(F)nc1,0,3,0.11821151502639476,5102
C[C@@H]1NC(c2ccnc(C#N)c2)=N[C@@]1(c1ccc(F)cc1)c1ccc(F)nc1,0,7,0.14464901273824077,5103
C[C@@H]1NC(c2nccc(C#N)n2)=N[C@@]1(c1ccc(F)cc1)c1ccc(F)nc1,0,3,0.062733781550452,5104
C[C@@H]1NC(c2cc(C(N)=O)ccn2)=N[C@@]1(c1ccc(F)cc1)c1ccc(F)nc1,0,9,0.06686097327262834,5099
C[C@@H]1NC(c2cnccn2)=N[C@@]1(c1ccc(F)cc1)c1ccc(F)nc1,0,5,0.07374298784514009,5105
C[C@@H]1NC(c2cccc(=O)[nH]2)=N[C@@]1(c1ccc(F)cc1)c1ccc(F)nc1,0,4,0.11785264184807659,5106
C[C@@H]1NC(c2cnsn2)=N[C@@]1(c1ccc(F)cc1)c1ccc(F)nc1,0,1,0.0968282957917255,5107
C[C@@H]1NC(c2nccs2)=N[C@@]1(c1ccc(F)cc1)c1ccc(F)nc1,0,9,0.14665783128885873,5108
N#Cc1cccnc1N1CCN([C@@H]2CN[C@H](C(=O)N3CCC(F)(F)C3)C2)CC1,0,8,0.1182999940583794,5109
Cc1nc2ccccc2c(=O)n1-c1ccc(OCCCN2CCC[C@H]2C)cc1,0,6,0.27394269292405937,1317
Cc1nc2c(F)cccc2c(=O)n1-c1ccc(OCCCN2CCCC2)cc1,0,10,0.4196319765178073,1317
Cc1nc2cccc(F)c2c(=O)n1-c1ccc(OCCCN2CCCC2)cc1,0,7,0.33349942033563534,1317
COc1cccc2c(=O)n(-c3ccc(OCCCN4CCCC4)cc3)c(C)nc12,0,8,0.3820703150236827,1317
COc1ccc2c(=O)n(-c3ccc(OCCCN4CCCC4)cc3)c(C)nc2c1,0,9,0.22999550649019465,1317
COc1ccc2nc(C)n(-c3ccc(OCCCN4CCCC4)cc3)c(=O)c2c1,0,5,0.21227910678465658,1317
COc1cccc2nc(C)n(-c3ccc(OCCCN4CCCC4)cc3)c(=O)c12,0,6,0.24995204830581186,1317
Cc1ccc2nc(C)n(-c3ccc(OCCCN4CCCC4)cc3)c(=O)c2c1,0,3,0.2590217280796806,1317
Cc1nc2cccc(C(F)(F)F)c2c(=O)n1-c1ccc(OCCCN2CCCC2)cc1,0,1,0.47964576282046095,1317
O=C(CO)NC1CCN(Cc2ccc(Oc3nc4ccccc4s3)cc2)CC1,0,6,0.1568257473800903,591
NC(=O)C1CCN(Cc2ccc(Oc3nc4ccccc4s3)cc2)CC1,0,1,0.11434217244622405,591
C1=C(CS/C(=N\C2CCCCC2)NC2CCCCC2)N2CCN=C2S1,0,9,0.285063439659415,3244
COc1nccc2c(=O)n(C)c(-c3ccc(OC4CCN(C5CCC5)CC4)cc3)nc12,0,3,0.2274068514819029,5110
COc1cccc2c(=O)n(C)c(-c3ccc(OC4CCN(C5CCC5)CC4)cc3)nc12,0,5,0.1659095905675806,3727
COc1cccc2nc(-c3ccc(OC4CCN(C5CCC5)CC4)cc3)n(C)c(=O)c12,0,1,0.250683952916818,3727
C[C@@H]1CN(CC(F)F)CCN1c1cc2[nH]c(SC(C)(C)C)nc2cc1Cl,0,3,0.5331080563777761,2984
C[C@@H]1CN(CC#N)CCN1c1cc2[nH]c(SC(C)(C)C)nc2cc1Cl,0,4,0.39297284598798593,2984
C[C@@H]1CN(CCC#N)CCN1c1cc2[nH]c(SC(C)(C)C)nc2cc1Cl,0,6,0.296288953943092,2984
CC(=O)CN1CCN(c2cc3[nH]c(SC(C)(C)C)nc3cc2Cl)C(C)C1,0,2,0.22354681500797247,2984
CCN1CCN(c2cc3[nH]c(S[C@]4(C)CC[C@@H](NC(C)=O)CC4)nc3cc2Cl)CC1,0,8,0.1406757053498395,5111
CCN1CCN(c2cc3[nH]c(S[C@]4(C)CC[C@@H](N(C)C(C)=O)CC4)nc3cc2Cl)CC1,0,10,0.21320313743730432,5111
CCN1CCN(c2cc3[nH]c(S[C@]4(C)CC[C@@H](NS(C)(=O)=O)CC4)nc3cc2Cl)CC1,0,9,0.31378651779928984,5111
CCN1CCN(c2cc3[nH]c(S[C@]4(C)CC[C@@H](N5CCCC5=O)CC4)nc3cc2Cl)CC1,0,9,0.3877863220216982,5112
CCN1CCN(c2cc3[nH]c(S[C@]4(C)CC[C@@H](C(=O)NC)CC4)nc3cc2Cl)CC1,0,2,0.15309967200971616,5111
CCN1CCN(c2cc3[nH]c(S[C@]4(C)CC[C@@H](S(C)(=O)=O)CC4)nc3cc2Cl)CC1,0,9,0.3404389253947044,5111
CCN1CCN(c2cc3[nH]c(S[C@]4(C)CC[C@@H](c5nnc(C)o5)CC4)nc3cc2Cl)CC1,0,3,0.5602807321379252,5113
O=C(Nc1ccc(C(F)(F)F)cc1)N1[C@@H]2CC[C@H]1C[C@@H](S(=O)(=O)c1ccccn1)C2,0,6,0.1928595966362576,5114
Clc1cccc(OC(c2ccccn2)[C@H]2CCNC2)c1Cl,0,6,0.4776937840777186,5115
Cc1nc(SCc2cc(N3CCOCC3)cc(NCC#N)n2)oc1C,0,6,0.2146565355989975,5116
Cc1nc(SCc2cc(N3CCOCC3)cc(NCC#N)n2)n(C)c1C,0,6,0.2580833513853305,5117
Cc1nc(SCc2cc(N3CCOCC3)cc(NCC#N)n2)sc1C,0,9,0.2567840954224043,5118
Cc1ccc([C@@H](C)N[C@@H]2CC[C@@H](C(=O)N3CCC(C(=O)N4CCCC4)(c4ccccc4)CC3)C(C)(C)C2)cc1,0,6,0.16758932196897244,117
COc1cccc([C@@H](C)N[C@@H]2CC[C@@H](C(=O)N3CCC(C(=O)N4CCCC4)(c4ccccc4)CC3)C(C)(C)C2)c1,0,8,0.22187572500499864,117
COc1ccccc1[C@@H](C)N[C@@H]1CC[C@@H](C(=O)N2CCC(C(=O)N3CCCC3)(c3ccccc3)CC2)C(C)(C)C1,0,9,0.18635524686439547,117
C[C@@H](N[C@@H]1CC[C@@H](C(=O)N2CCC(C(=O)N3CCCC3)(c3ccccc3)CC2)C(C)(C)C1)c1ccccc1,0,4,0.08790054013593038,117
COc1ccc([C@@H](C)N[C@@H]2CC[C@@H](C(=O)N3CCC(C(=O)N(C)C)(c4ccccc4)CC3)C(C)(C)C2)cc1,0,6,0.2742118710660049,5119
COc1ccc([C@@H](C)N[C@@H]2CC[C@@H](C(=O)N3CCC(C(=O)N4CCCC4)(c4ccccc4)CC3)C(C)(C)C2)cc1,0,5,0.17381988777979865,117
COc1ccc([C@@H](C)N[C@@H]2CC[C@@H](C(=O)N3CCC(c4ccccc4)(N4CCCNC4=O)CC3)C(C)(C)C2)cc1,0,8,0.1719457933014288,5120
COc1ccc([C@@H](C)N[C@@H]2CC[C@@H](C(=O)N3CCC(c4ccccc4)(N4CCCOC4=O)CC3)C(C)(C)C2)cc1,0,5,0.22907949179895387,5121
COc1ccc([C@@H](C)N[C@@H]2CC[C@@H](C(=O)N3CCC(c4ccccc4)(N4CCCCC4=O)CC3)C(C)(C)C2)cc1,0,4,0.2217691049711488,5122
COc1ccc([C@@H](C)N[C@@H]2CC[C@@H](C(=O)C3CCC(c4ccccc4)(N(C)C(C)=O)CC3)C(C)(C)C2)cc1,0,8,0.28163725158230085,5123
COc1ccc([C@@H](C)N[C@@H]2CC[C@@H](C(=O)C3CCC(NC(C)=O)(c4ccccc4)CC3)C(C)(C)C2)cc1,0,5,0.32323532613309397,5123
COc1ccc([C@@H](C)N[C@@H]2CC[C@@H](C(=O)C3CCC(c4ccccc4)(c4nnc(C)s4)CC3)C(C)(C)C2)cc1,0,9,0.3044768698734955,5124
COc1ccc([C@@H](C)N[C@@H]2CC[C@@H](C(=O)N3CCC(c4ccccc4)(c4nnc(C)o4)CC3)C(C)(C)C2)cc1,0,1,0.30307213715501535,5125
COc1ccc([C@@H](C)N[C@@H]2CC[C@@H](C(=O)N3CCC(c4ccccc4)(c4nnco4)CC3)C(C)(C)C2)cc1,0,7,0.21632013703748007,5125
O=C(c1ccccc1C(F)(F)F)N(C1CCC1)[C@H]1CCNC1,0,3,0.037111692966256965,1545
COc1ccc([C@H](N[C@@H]2CC[C@@H](C(=O)N3CCC(C(=O)N4CCCC4)(c4ccccc4)CC3)C(C)(C)C2)C(F)F)cc1,0,3,0.22434272822000578,117
C[C@@H](N[C@@H]1CC[C@@H](C(=O)N2CCC(C(=O)N3CCCC3)(c3ccccc3)CC2)C(C)(C)C1)c1ccc(F)cc1,0,5,0.1694186889858604,117
C[C@@]1(C(=O)Nc2ccc(F)nc2)CCCN1c1nc(Nc2cc(C3CC3)n[nH]2)c2cccn2n1,0,7,0.20870632736596256,5126
CC1=NC2C=C3CCN(CCCSc4nnc(-c5cccc6nc(C)ccc56)n4C)CCC3=CC2O1,0,7,0.8008484242935853,5127
O=C(c1ccc2ccccc2c1)N(C1CCC1)C1CCNCC1,0,7,0.176159021422663,5128
CCO/N=C(/c1ccc(F)c(F)c1)c1ccc(CN2CCC3(CC2)OCc2cc(=O)n(C)cc23)cn1,0,9,0.5828554760293453,5129
C[C@H]1CN(C(=O)c2ccc(-c3ccccc3F)cc2)CCN1C(=O)c1ccc2cc[nH]c2c1,0,6,0.2308603776661747,5130
CCOc1cc(CN2CCC(Nc3nc4cc(C(=O)O)ccc4o3)CC2)cc(OCC)c1Cl,0,6,0.3342636568542852,1186
CCOc1cc(CN2CCC(Nc3nc4ccc(C(=O)O)cc4o3)CC2)ccc1Cl,0,2,0.3278516536351837,1186
O=C(c1cccc(Cl)c1Cl)N(CC(F)(F)F)[C@H]1CCNC1,0,3,0.05984451933800575,363
CC(C)CN(C(=O)c1cc(Cl)cc(Cl)c1)[C@H]1CCNC1,0,7,0.14791106215448746,363
CC(C)CN(C(=O)c1cccc(Cl)c1F)[C@H]1CCNC1,0,4,0.025646333957289647,363
CC(C)CN(C(=O)c1cccc(F)c1C(F)(F)F)[C@H]1CCNC1,0,2,0.08487534721103934,363
O=C(Nc1ccccc1)Nc1n[nH]c2cc(Cl)c(-c3ccccc3)cc12,0,9,0.2278479502760184,5131
O=C(CNC(=O)c1cccc(C(F)(F)F)c1)N[C@@H]1CCN(CCC2CCN(C(=O)c3ccccc3)CC2)C1,0,2,0.11043357706001991,5132
O=C(CNC(=O)c1cccc(C(F)(F)F)c1)N[C@@H]1CCN(CCC2CCN(C(=O)c3ccccc3F)CC2)C1,0,10,0.10140836541047189,5132
O=C(CNC(=O)c1cccc(C(F)(F)F)c1)N[C@@H]1CCN(CCC2CCN(C(=O)c3ccccc3Cl)CC2)C1,0,3,0.17329775930056562,5132
O=C(CNC(=O)c1cccc(C(F)(F)F)c1)N[C@@H]1CCN(CCN2CCN(C(=O)c3ccccc3)CC2)C1,0,6,0.06552264703551858,5133
O=C(CNC(=O)c1cccc(C(F)(F)F)c1)N[C@@H]1CCN(CCN2CCN(C(=O)c3ccccc3Cl)CC2)C1,0,3,0.12212734823637501,5133
O=C(CNC(=O)c1cccc(C(F)(F)F)c1)N[C@@H]1CCN(CCN2CCN(C(=O)c3ccccc3F)CC2)C1,0,7,0.05673843369985201,5133
O=C(CNC(=O)c1cccc(C(F)(F)F)c1)N[C@@H]1CCN(CCN2CCN(C(=O)c3cc(F)ccc3F)CC2)C1,0,6,0.09855468061425064,5133
CCOCCn1c([C@H]2CCCN(C)C2)nc2ccccc21,0,2,0.4357239926474624,5134
CCOCCn1c(C2CCCN(C3CCCCC3)C2)nc2ccccc21,0,5,0.6047472452167418,5135
COc1ccc(Cn2c(C3CCCN(C4CCOCC4)C3)nc3ccccc32)cc1,0,5,0.7078003551587468,5136
Cc1csc(Cn2c(C3CCCN(C)C3)nc3ccccc32)n1,0,4,0.48564177319809915,5137
CN1CCCC(c2nc3ccccc3n2Cc2ccc(F)cc2)C1,0,7,0.5763036108552679,5138
O=C([C@H]1C[C@H](Oc2cccc(F)c2)CN1)N1CCCN(C2CCC2)CC1,0,9,0.12426134339846615,5139
O=C([C@H]1C[C@H](Oc2ccc(F)cc2)CN1)N1CCCN(C2CCC2)CC1,0,3,0.05433364077520131,5139
N#Cc1ccc(O[C@@H]2CN[C@@H](C(=O)N3CCCN(C4CCC4)CC3)C2)cc1,0,7,0.08518078771144877,5139
CC(=O)N1C[C@@H](Oc2ccc(F)cc2)C[C@@H]1C(=O)N1CCCN(C2CCC2)CC1,0,5,0.0831278006310348,5139
CC(=O)N1C[C@@H](Oc2cccc(F)c2)C[C@@H]1C(=O)N1CCCN(C2CCC2)CC1,0,1,0.14464291945911378,5139
NC(=O)c1c(F)ccc(OCc2nc3ncc(Cl)cc3s2)c1F,0,1,0.16826875061737845,5140
OC(c1ccnc(Cl)c1)(c1ccc2c(cnn2-c2ccc(F)cc2)c1)C(F)(F)F,0,2,0.21999373847906672,5141
OC(c1ccc(F)c(Cl)c1)(c1ccc2c(cnn2-c2ccc(F)cc2)c1)C(F)(F)F,0,3,0.22144173202462972,5142
N#Cc1cc(C(O)(c2ccc3c(cnn3-c3ccc(F)cc3)c2)C(F)(F)F)ccc1F,0,6,0.28408414548140964,5142
Cc1cc(C(O)(c2ccc3c(cnn3-c3ccc(F)cc3)c2)C(F)(F)F)ccc1F,0,6,0.2744432872418186,5142
OC(c1ccc2c(cnn2-c2ccc(F)cc2)c1)(c1cccc(Cl)c1Cl)C(F)(F)F,0,2,0.24819500877724962,5142
Oc1ccccc1C[C@H](c1ccccc1)N1CCNCC1,0,3,0.13144133673173589,779
O=C(c1ccc(Oc2ccc(Cl)cc2)nc1)N1CCCN(C2CCC2)CC1,0,6,0.19427175544824662,5143
O=C(c1ccc(Oc2cccc(Cl)c2)nc1)N1CCCN(C2CCC2)CC1,0,1,0.23083680467643394,5143
N#Cc1cccc(Oc2ccc(C(=O)N3CCCN(C4CCC4)CC3)cn2)c1,0,1,0.11631032202326423,5143
O=C(c1ccc(Oc2ccc(F)cc2)nc1)N1CCCN(C2CCC2)CC1,0,9,0.07530565655251378,5143
O=C(c1ccc(Oc2cccc(F)c2)nc1)N1CCCN(C2CCC2)CC1,0,3,0.07795515526402183,5143
c1ccc(N2CCN(CCCCCCN3CCN(c4ccccn4)CC3)CC2)nc1,0,9,0.5251153708604187,5144
CCCC1(C(=O)c2ccc3[nH]ccc3c2)CCCN1,0,5,0.17514015970198,5145
CCCC1(C(=O)c2ccc(N)c(Cl)c2)CCCN1,0,3,0.12774899484991492,5146
CC(C)OCC1(C(=O)c2ccc(N)c(Cl)c2)CCCN1,0,3,0.0831976167211808,5146
CCCC1(C(=O)c2ccc3[nH]ncc3c2)CCCN1,0,10,0.12068546376461342,5147
CC(C)CC1(C(=O)c2ccc3[nH]ncc3c2)CCCN1,0,10,0.12497242140288414,5147
CC(C)(C)CCC1(C(=O)c2ccc3[nH]ncc3c2)CCCN1,0,7,0.1363438938764124,5147
CCS(=O)(=O)N1C[C@H](C(=O)Nc2ccc(Cl)cn2)[C@@H](C(=O)Nc2ccc(-n3ccccc3=O)cc2F)C1,0,8,0.10984540787954666,1959
O=C(Nc1ccc(Cl)cn1)[C@H]1CN(CC(F)F)C[C@@H]1C(=O)Nc1ccc(-n2ccccc2=O)cc1F,0,1,0.19257240021679617,1959
COC(=O)N1C[C@H](C(=O)Nc2ccc(Cl)cn2)[C@@H](C(=O)Nc2ccc(-n3ccccc3=O)cc2F)C1,0,9,0.08309730564143504,1959
CC(C)(C)c1nnc(-c2nn(-c3ccc(Cl)cc3Cl)c(-c3ccc(Br)cc3)c2Cn2cncn2)s1,0,10,0.27286776998994733,3294
FC(F)(F)C1(c2nnc(-c3nn(-c4ccc(Cl)cc4Cl)c(-c4ccc(Cl)cc4)c3Cn3cncn3)s2)CCC1,0,3,0.2664933082266415,5148
CC(C)(Cc1cccc(CC(=O)NCc2cccc(-c3ccc(O)cc3)c2)c1)NC[C@H](O)c1ccc(O)c(NS(C)(=O)=O)c1,0,8,0.26296005410140894,5149
CCCc1cc(-c2cc(C(=O)N(C)C)cc(C(F)(F)F)c2)nc(C#N)n1,0,9,0.4362520232146454,1443
N#Cc1nc(CCC(=O)O)cc(-c2cccc(C(F)(F)F)c2)n1,0,7,0.19684293754239454,1443
N#Cc1nc(CCCNCC(=O)O)cc(-c2cccc(C(F)(F)F)c2)n1,0,6,0.21703644780316453,1443
N#Cc1nc(CCCNCc2nnn[nH]2)cc(-c2cccc(C(F)(F)F)c2)n1,0,7,0.36595125864291056,5150
N#Cc1nc(CCCNC2(C(N)=O)CCOCC2)cc(-c2cccc(C(F)(F)F)c2)n1,0,4,0.21297762528646288,5151
N#Cc1nc(CCCN2CCOC[C@H]2C(N)=O)cc(-c2cccc(C(F)(F)F)c2)n1,0,10,0.210521618561991,3470
Cc1nc2ccccc2n1C1C[C@H]2CC[C@@H](C1)N2CC[C@H](NC(=O)C1CC[S+]([O-])CC1)c1cccc(F)c1,0,2,0.5233762687955972,5152
Cc1nc2ccc(F)cc2n1C1C[C@H]2CC[C@@H](C1)N2CC[C@H](NC(=O)C1CCS(=O)(=O)CC1)c1cccc(F)c1,0,8,0.35006334420364693,5153
CCc1cccc(NC(=O)Nc2cccn(Cc3ccccc3Cl)c2=O)c1,0,3,0.2779090164480339,5154
CSc1nc(C)cc(C(=O)NCCN2CCN(c3cccc(C)c3C)CC2)n1,0,4,0.2461522120095748,5155
Cc1cc(C(=O)NCCCN2CCN(c3cccc(Cl)c3Cl)CC2)nc(C)n1,0,3,0.566823589250508,5156
COc1cc(/C=C/c2nc3ccccc3c(=O)[nH]2)ccc1-n1cnc(C)c1,0,7,0.5053180412791559,1889
COc1cc(/C=C/c2nc3ccc(F)cc3c(=O)[nH]2)ccc1-n1cnc(C)c1,0,7,0.3746941145916346,1889
COc1cc(/C=C/c2nc3cc(Cl)ccc3c(=O)[nH]2)ccc1-n1cnc(C)c1,0,1,0.441314585469862,1889
COc1cc(/C=C/c2nc3cc(Br)ccc3c(=O)[nH]2)ccc1-n1cnc(C)c1,0,1,0.4988902807286527,1889
COc1cc(/C=C/c2nc3cc(S(C)(=O)=O)ccc3c(=O)[nH]2)ccc1-n1cnc(C)c1,0,9,0.2589883055009687,1889
COc1cc(/C=C/c2nc3scc(C)c3c(=O)[nH]2)ccc1-n1cnc(C)c1,0,3,0.3637102845005233,5157
COc1cc(/C=C/c2nc3sc(C)c(C)c3c(=O)[nH]2)ccc1-n1cnc(C)c1,0,3,0.3671328902910796,5157
O=C(Nc1ccc(-c2nnn[nH]2)cc1F)[C@H](C1CCCCC1)n1c(-c2ccc(Cl)cc2)nc2cc(F)c(F)cc21,0,10,0.25260317774498864,5158
COc1ccc(-c2nc3cc(F)c(F)cc3n2[C@H](C(=O)N[C@H]2CC[C@H](C(=O)O)CC2)C2CCCCC2)c(OC)n1,0,8,0.1347767872062717,5159
O=C(O)C1CN(Cc2ccc(-c3nc4cc(Cc5ccccc5F)ccc4s3)c(F)c2)C1,0,7,0.29697865451025857,5160
COc1ccc([C@@H](C)NC(=O)Cc2ccc(C(C)(C)C)cc2)nc1,0,6,0.16653537794581696,5161
C[C@@H](NC(=O)Cc1ccc(C2CC2)cc1)c1ccc(OCC(F)(F)F)cn1,0,8,0.20303170342157587,5162
N#Cc1cc(F)c(Cl)cc1O[C@H](CCN)c1ccccc1,0,6,0.4583190697007155,3812
N#Cc1ccc(C(F)(F)F)nc1O[C@H](CCN)c1ccno1,0,7,0.14843169466880207,5163
O=C(NC1CC1)c1ccc(OCCC2CC2C2CCN(c3ncc(Cl)cn3)CC2)cc1F,0,8,0.19144540431536278,5164
O=C(NC1CC1)c1ccc(OCC2CC2CC2CCN(c3ncc(Cl)cn3)CC2)cc1F,0,10,0.22562917990009582,5165
CC(=O)Nc1cccc(Nc2ncnc(N3CCC(OCc4ccc(OC(F)(F)F)cc4)CC3)n2)c1C,0,8,0.3587098604796816,4218
CC(=O)Nc1cccc(Nc2ncnc(N3CCC(OCc4ccc(C(F)(F)F)cc4)CC3)n2)c1C,0,1,0.1729590821784558,4218
COc1cc(-c2cn(Cc3cccc(-n4cccn4)c3)nn2)ccc1-n1cnc(C)c1,0,3,0.5848420139816628,5166
COc1cc(-c2cn(Cc3cccc(-c4noc(C)n4)c3)nn2)ccc1-n1cnc(C)c1,0,5,0.393794760677163,5167
COc1cc(-c2cn(Cc3ccc(-c4noc(-c5ccncc5)n4)cc3)nn2)ccc1-n1cnc(C)c1,0,6,0.4137456869678156,5168
COc1cc(-c2cn(Cc3ccc4ccsc4c3)nn2)ccc1-n1cnc(C)c1,0,3,0.685653099814696,5169
COc1cc(-c2cn(Cc3ccc(-c4nc5ccccc5o4)cc3)nn2)ccc1-n1cnc(C)c1,0,10,0.4734792942669468,5170
Cc1nc(C(=O)NCCN2CCN(c3cccc(Cl)c3Cl)CC2)c(C)n1-c1ccccc1,0,7,0.6078107403614114,5171
Cc1cc(C(=O)O)n[nH]1,0,7,0.12387456677896293,5172
Oc1noc2cc(Cl)ccc12,0,2,0.17317694963277713,5173
O=C(O)c1cc2occc2[nH]1,0,4,0.16654246671932685,5174
O=C(O)c1cc2sccc2[nH]1,0,1,0.1316581637726983,5175
O=c1[nH]c2cccc(Cl)c2cc1O,0,9,0.1720602418960705,2544
O=c1[nH]c2ccc(F)c(Cl)c2cc1O,0,3,0.15520677048609505,2544
C[C@@H]1CCCN1CCCOc1ccc(-c2ccc(=O)n(-c3ncccn3)n2)cc1,0,3,0.18117005047185247,5176
C[C@@H](c1ccc(-c2ccc(F)cc2F)cc1)N1CC[C@](CCO)(c2ccc(F)cc2)OC1=O,0,7,0.3301669829375846,5177
CS(=O)(=O)NC[C@H]1CC[C@H](Nc2nc3c(s2)CCSc2ccccc2-3)CC1,0,1,0.2680345357962817,5178
CCN/C(=N\S(=O)(=O)c1cccc(Cl)c1)N1CC(CC)C=N1,0,8,0.1617540200598901,5179
CCN/C(=N\S(=O)(=O)c1cccc(Cl)c1)N1N=CCC1c1ccccc1,0,6,0.27081827737143616,5180
CCN/C(=N\S(=O)(=O)c1cccc(Cl)c1)N1CC(C)(C)C=N1,0,10,0.15668539413418975,5179
Cc1c(-c2noc(-c3ccc(OC(C)C)c(C#N)c3)n2)ccc2c1CCN(CC(=O)N[C@@H](C)CO)C2,0,3,0.18814894018137185,841
CN[C@@H]1CCN(c2nc(N)nc3c2oc2ncc(Cl)cc23)C1,0,4,0.1291616099705572,5181
Fc1ccc(Cn2c([C@@H]3CCCNC3)nc3ccccc32)cc1,0,2,0.6589065267280819,5138
C[C@@H]1CCCN1CCCOc1ccc(C2=NNC(=O)CC2)cc1,0,9,0.12691139393787612,4837
COc1ccncc1C(=O)NC(=O)Nc1ccc(-c2ccccc2)c(C(F)(F)F)c1,0,4,0.19286288614192715,5182
COc1cc(-c2cn(CC(=O)Nc3cccc4ccccc34)nn2)ccc1-n1cnc(C)c1,0,9,0.3844177211413425,4189
COc1cc(-c2cn(CC(=O)Nc3ccc4c(c3)OC(F)(F)O4)nn2)ccc1-n1cnc(C)c1,0,7,0.2755206351463879,5183
C1=C/COCc2cc(ccc2OCCN2CCCC2)Nc2nccc(n2)-c2ccc(o2)COC/1,0,8,0.3232357053735904,5184
COCC1=C(C(=O)N2CCC[C@H]2c2cc(C)no2)[C@@H](c2cc3ccccc3n2C)n2nc(C(F)(F)F)cc2N1,0,9,0.27282121109569696,5185
CCN1CCN(c2nc(C)nc3sc(-c4ccccc4)cc23)CC1,0,8,0.3847295009233408,5186
Cn1c(=O)c2c(nc(N3CCC[C@@H](N)C3)n2Cc2cc(F)ccc2Cl)c2ccc(C(=O)O)cc21,0,5,0.1813973437409567,5187
C[C@@H](NC(=O)Cc1ccc(N2CC[C@H](F)C2)cc1)c1ccc(OCC(F)(F)F)cn1,0,7,0.1894318601542962,5188
COc1ccc(CN(C(=O)[C@@H](N)Cc2c(C)cc(C(N)=O)cc2C)[C@H](C)c2nc(-c3ccccc3)c[nH]2)cc1C(=O)O,0,6,0.24230878421284582,5189
N#Cc1c[nH]c(C(=O)Nc2ccc(C3CCNCC3)cc2C2=CCCCC2)n1,0,7,0.10480333818107375,5190
N#Cc1cnc(C(=O)Nc2ccc(C3CCN(CCO)CC3)cc2C2=CCCCC2)[nH]1,0,4,0.1794003750530414,5190
CS(=O)(=O)CCN1CCC(c2ccc(NC(=O)c3nc(C#N)c[nH]3)c(C3=CCCCC3)c2)CC1,0,1,0.1304695688301913,5190
N#Cc1cnc(C(=O)Nc2ccc(C3CCN(CCN4CCOCC4)CC3)cc2C2=CCCCC2)[nH]1,0,4,0.13524084216146795,5191
N#Cc1c[nH]c(C(=O)Nc2ccc(C3CCN(C(=O)c4cccnc4)CC3)cc2C2=CCCCC2)n1,0,10,0.12417936862055164,5192
CN(C)CC(=O)N1CCC(c2ccc(NC(=O)c3nc(C#N)c[nH]3)c(C3=CCCCC3)c2)CC1,0,10,0.06299258752033066,5190
CN(CCO)CC(=O)N1CCC(c2ccc(NC(=O)c3nc(C#N)c[nH]3)c(C3=CCCCC3)c2)CC1,0,8,0.0626327938917471,5190
CS(=O)(=O)CC(=O)N1CCC(c2ccc(NC(=O)c3nc(C#N)c[nH]3)c(C3=CCCCC3)c2)CC1,0,2,0.043035834572708695,5190
Cn1cnc(CC(=O)N2CCC(c3ccc(NC(=O)c4nc(C#N)c[nH]4)c(C4=CCCCC4)c3)CC2)c1,0,7,0.08868884987787144,5193
N#Cc1c[nH]c(C(=O)Nc2ccc(C3CCN(C(=O)Cc4cccnc4)CC3)cc2C2=CCCCC2)n1,0,6,0.10790286387519726,5194
N#Cc1c[nH]c(C(=O)Nc2ccc(C3CCN(C(=O)CN4CCOCC4)CC3)cc2C2=CCCCC2)n1,0,1,0.12104373833743115,5195
CC(C)(N)C(=O)N1CCC(c2ccc(NC(=O)c3nc(C#N)c[nH]3)c(C3=CCCCC3)c2)CC1,0,4,0.11205130474893167,5190
N#Cc1c[nH]c(C(=O)Nc2ccc(C3CCN(C(=O)NCCO)CC3)cc2C2=CCCCC2)n1,0,1,0.0775504503218485,5190
O=C(O)[C@H](Cc1cccc(F)c1)N1CCC(CN2CCC(Oc3ccc(Cl)c(Cl)c3)CC2)CC1,0,7,0.07592534042895162,234
O=C(O)[C@H](Cc1ccccc1Cl)N1CCC(CN2CCC(Oc3ccc(Cl)c(Cl)c3)CC2)CC1,0,4,0.09089780039858952,234
COc1ccc2cc(-c3cc(-c4cc(Cl)cc(Cl)c4)nn3[C@@H](C)c3ccc(C(=O)NCCC(=O)O)cc3)ccc2c1,0,4,0.17201049099908314,5196
Cc1ccc2cc(-c3cc(-c4cc(Cl)cc(Cl)c4)nn3[C@@H](C)c3ccc(C(=O)NCCC(=O)O)cc3)ccc2c1,0,2,0.21065354286431276,5196
Cc1cc(C(N)=O)c(-c2cccc(OC(=O)NCCCCCCc3ccccc3)c2)s1,0,7,0.24265889842188101,5197
Cc1cc(C(N)=O)c(-c2cccc(OC(=O)NCCCCCCc3ccccc3)c2)o1,0,1,0.2303296564444696,5198
NC(=O)c1ccn(-c2cccc(OC(=O)NCCCCCCc3ccccc3)c2)c1,0,4,0.23958466495163552,5199
C#CCCCCCCCCCNC(=O)Oc1cccc(-n2ccc(C(N)=O)c2)c1,0,5,0.2932248342606871,4852
O=C(O)c1cccc(C(=O)N2CCC(N3CCC(Oc4ccc(Cl)c(Cl)c4)CC3)CC2)c1,0,5,0.2268999665789939,5200
Cc1ccc(S(=O)(=O)NC(=O)N2CCC(N3CCC(Oc4ccc(Cl)cc4C)CC3)CC2)cc1,0,2,0.14420137480560075,920
COc1ccccc1S(=O)(=O)NC(=O)N1CCC(N2CCC(Oc3ccc(Cl)c(Cl)c3)CC2)CC1,0,5,0.14327119752541986,920
Cc1ccccc1S(=O)(=O)NC(=O)N1CCC(N2CCC(Oc3ccc(Cl)c(Cl)c3)CC2)CC1,0,9,0.24269595417621506,920
Cc1cc(SCCN2CCOCC2)nn1-c1ccc(Cl)c(Cl)c1,0,7,0.45375596777352095,5201
c1cn(C2CCCCC2)nc1OCCN1CCOCC1,0,8,0.18688978277370558,5202
c1ccc2cc(-n3ccc(OCCN4CCOCC4)n3)ccc2c1,0,5,0.293252607938139,5203
Cc1cc(OCCN2CCOCC2)nn1-c1ccc2ccccc2c1,0,2,0.3071955888128355,5203
Cc1cc(OCCN2CCOCC2)nn1-c1ccc(Cl)cc1Cl,0,9,0.37922408031797444,5204
COc1ccc(S(=O)(=O)N2CCOc3ccccc32)cc1NC1CCN(C)CC1,0,5,0.3205352621490965,5205
Cc1ccc2c(c1C)N(S(=O)(=O)c1ccc(C(C)(C)C)cc1)Cc1ccc(C(F)(F)F)nc1N2,0,8,0.32117040773262384,5206
Cc1cn(-c2ccc(Nc3cccc4c3nc(-c3ccc(F)cc3)n4C)cc2F)cn1,0,8,0.38034071026029304,5207
Cc1cn(-c2ccc(Nc3cccc4c3nc(-c3ccc(F)cc3)n4C)cn2)cn1,0,2,0.3674910837904716,5208
Cc1noc(-c2ccc3c(c2)c2c(n3CCCSc3cc(F)cc(F)c3)CCCC2)n1,0,8,0.6867137266351179,5209
CC(=O)NC1CC2CCC(C1)N2Cc1ccc(Oc2nc3ncccc3s2)cc1,0,8,0.25507849691521645,5210
CC(=O)N1CC2CC1CN2Cc1ccc(Oc2nc3ncccc3s2)cc1,0,10,0.13646297787360323,5211
CC(=O)N1CC2CN(Cc3ccc(Oc4nc5ncccc5s4)cc3)CC2C1,0,6,0.11347567337868462,5212
NC(=O)C1CCN(Cc2ccc(Oc3nc4ncccc4s3)cc2)CC1,0,5,0.0763187262205393,5213
O=C1CCCN1C1CCN(Cc2ccc(Oc3nc4ncccc4s3)cc2)CC1,0,4,0.16656657876364758,5214
CC(=O)N1CC2CC1CN2CCc1ccc(Oc2nc3ncccc3s2)cc1,0,6,0.19093454555959186,5215
CC(=O)N1CC2CN(CCc3ccc(Oc4nc5ncccc5s4)cc3)CC2C1,0,7,0.3016136340720114,5216
O=C1CCCN1C1CCN(CCc2ccc(Oc3nc4ncccc4s3)cc2)CC1,0,7,0.5439032584064579,5217
NC(=O)C1CCN(CCc2ccc(Oc3nc4ncccc4s3)cc2)CC1,0,3,0.2734879559016386,5218
c1cnc2nc(Oc3ccc(CCN4CCCCC4)cc3)sc2c1,0,9,0.49953124705375546,5218
CC(=O)NC1CC2CCC(C1)N2CCOc1ccc(Oc2nc3ncccc3s2)cc1,0,10,0.17933123967856365,5219
CC(=O)N1CC2CC1CN2CCOc1ccc(Oc2nc3ncccc3s2)cc1,0,10,0.12587567006313222,5220
CC(=O)N1CC2CN(CCOc3ccc(Oc4nc5ncccc5s4)cc3)CC2C1,0,3,0.12138058382224991,5221
O=C1CCCN1C1CCN(CCOc2ccc(Oc3nc4ncccc4s3)cc2)CC1,0,1,0.32393775704897027,5222
NC(=O)C1CCN(CCOc2ccc(Oc3nc4ncccc4s3)cc2)CC1,0,7,0.09336246808100726,5223
c1cnc2nc(Oc3ccc(OCCN4CCCCC4)cc3)sc2c1,0,7,0.3771678264774736,5223
Fc1cnc2nc(Oc3ccc(CN4CCCCC4)cc3)sc2c1,0,2,0.30971584427323157,5213
Clc1cnc2nc(Oc3ccc(CN4CCCCC4)cc3)sc2c1,0,2,0.38542447926256207,5213
c1cnc2nc(Oc3ccc(CN4CCCCC4)cc3)sc2c1,0,10,0.15040168711992086,5213
CS(=O)(=O)N(CC(=O)NCC1CC1)c1cc(C(F)(F)F)ccc1Cl,0,3,0.17356290234694371,5224
O=C(NC[C@@H](O)CN1CCC(Oc2ccc(Cl)c(Cl)c2)CC1)c1cc(=O)[nH]c2ccccc12,0,2,0.7051398539770845,5225
Cc1ccc(OCC#Cc2cccc(C#CCOc3ccc(C)cc3)[n+]2C)cc1,0,1,0.7594362006836352,2861
Cc1ccc(OCC#Cc2cc(N)cc(C#CCOc3ccc(C)cc3)n2)cc1,0,6,0.4806610273155308,5226
CC(C)CCOc1ccc2c(c1)[C@H]1OCCC[C@H]1[C@@H](C1CCOCC1)N2,0,9,0.4284337732011302,5227
CN1CCC(c2nn(-c3cnc4[nH]cc(C(=O)NC(C)(C)CO)c4n3)c3ccccc23)CC1,0,3,0.15830501972856034,5228
CC(C)(C)NC(=O)c1c[nH]c2ncc(-c3nn(CCCS(C)(=O)=O)c4cc(F)ccc34)nc12,0,9,0.2819718544601767,570
CC(C)(C)N1CCN(c2ccc(N3CCN(C(=O)N[C@H]4C5CC6CC4C[C@](C(N)=O)(C6)C5)c4ccccc43)nc2)CC1,0,5,0.2161986966695297,5229
CCOC(=O)c1c(-c2ccc3c(c2)OCO3)csc1N,0,3,0.13597402390807187,5230
CCOC(=O)c1c(-c2ccc(N(C)C)cc2)csc1N,0,2,0.1920648162848243,5231
COc1ccc(-c2csc(N)c2C(=O)OC(C)C)cc1OC,0,2,0.2134846862146204,5231
CNc1nc(C)nc(N2CCC(C(=O)NCc3ccc(Br)cc3OC(F)(F)F)CC2)n1,0,7,0.15915944988642036,5232
CC(=O)N[C@H]1CCN(C(=O)c2ccc(O)cc2OC[C@@H](O)CN2CCC3(CC2)Cc2cc(Cl)ccc2O3)C1,0,1,0.5479766715353038,2149
COc1nc(-c2nc3n(n2)CCC[C@H]3c2ccccc2C(F)(F)F)ccc1-n1cnc(C)c1,0,9,0.420695199035322,5233
COc1cc(-c2nc3n(n2)CCO[C@H]3c2ccccc2C(F)(F)F)ccc1-n1cnc(C)c1,0,8,0.4505687927138827,5234
COc1cc(-c2nc3n(n2)CCC[C@H]3c2ccccc2C(F)(F)F)ccc1-n1cnc(C)c1,0,10,0.5546544455302903,4067
CN1CCN(CC(=O)Nc2ccc(-c3cccc4c(=O)cc(N5CCOCC5)oc34)c3sc4ccccc4c23)CC1,0,5,0.14203121202400285,7
Cc1nc2cc(/C=C/C(=O)NO)ccc2c(=O)n1CCc1ccccc1,0,10,0.20215905472418041,5235
CN(C)C/C=C/C(=O)N1CCOc2cc3ncnc(Nc4ccc(F)c(Cl)c4)c3cc21,0,7,0.2243489704011546,5236
CC(C)(C1CCN(C(=O)c2cc(F)ccc2S(C)(=O)=O)CC1)S(=O)(=O)c1cccc(C(F)(F)F)c1,0,7,0.16152760902835592,5237
CC(C)(C1CCN(C(=O)c2ccc(S(C)(=O)=O)cc2OC(F)(F)F)CC1)S(=O)(=O)c1cccc(C(F)(F)F)c1,0,6,0.1580955681659807,5237
CCN1CCN(c2nc(C)nc3c2nc(-c2ccccc2Cl)n3C)CC1,0,5,0.4045134269219978,5238
C/C(=N\NC(=O)c1cccc(S(=O)(=O)N2CCOCC2)c1)c1cc(Cl)ccc1O,0,6,0.14428676318200187,5239
O=C1N[C@H](C(=O)O)Cc2cn(cn2)C/C=C/COc2ccc(Cl)c1c2,0,5,0.14152600183399863,5240
COc1cc(N2CCN(C)CC2)ccc1-c1nc2c(N[C@H]3[C@@H](C(N)=O)[C@@H]4C=C[C@H]3C4)c(Cl)cnc2[nH]1,0,10,0.09834292518088936,5241
COc1cc(N2CCC(N3CCOCC3)CC2)ccc1-c1nc2c(N[C@H]3[C@@H](C(N)=O)[C@@H]4C=C[C@H]3C4)c(Cl)cnc2[nH]1,0,1,0.08759906185262971,5242
COc1cc(N2CCC(N3CCN(C)CC3)CC2)ccc1-c1nc2c(N[C@H]3[C@@H](C(N)=O)[C@@H]4C=C[C@H]3C4)c(Cl)cnc2[nH]1,0,6,0.1015599192953729,5243
Cc1ccccc1-c1nc2cn(-c3ccc(F)cc3)nc2c(=O)n1CC1CCCN(C(C)C)C1,0,3,0.2307553553534852,2749
CC1(C)Oc2ncnc(N)c2N=C1c1ccc([C@H]2CC[C@H](CC(=O)O)CC2)cc1,0,8,0.1241396082198081,5244
COc1ccc(Oc2cc(C)c(-c3csc(NC(=O)c4ccnc(F)c4)n3)c(C)c2)cc1,0,4,0.13050161413495787,5245
COCCn1cc(-c2c(C)nc3c(N4CCOCC4)nccn23)cn1,0,10,0.21787858361552878,5246
Cn1cc(-c2ccc(N)c(NC(=O)c3ccc(N4CCC5(CC4)CNC(=O)O5)nc3)c2)cn1,0,3,0.17508166140922904,5247
Cn1cnc(-c2ccc(N)c(NC(=O)c3ccc(N4CCC5(CC4)CNC(=O)O5)nc3)c2)c1,0,5,0.17244923529161765,5248
Nc1ccccc1NC(=O)c1ccc(N2CCC3(CC2)CNC(=O)O3)nc1,0,5,0.1289446546722045,5249
COc1nc(-c2nc(Nc3cc(C(F)(F)F)ccc3F)n(C)n2)ccc1-n1cnc(C)c1,0,3,0.32706138374503796,5250
CCOC(=O)N1CCC(CN2CCC3(CC2)CN(C(=O)N(C)C)c2ncccc23)CC1,0,2,0.6739474034558584,1177
CC1(C#Cc2cnc3c(c2)[C@]2(COC(N)=N2)c2cc(-c4cccnc4F)ccc2O3)COC1,0,2,0.12865563750778555,5251
CC(C)(O)C#Cc1cnc2c(c1)[C@]1(COC(N)=N1)c1cc(-c3cccnc3F)ccc1O2,0,6,0.08892784160517256,5252
COC(C)(C)C#Cc1cnc2c(c1)[C@]1(COC(N)=N1)c1cc(-c3cccnc3F)ccc1O2,0,1,0.17191160568518088,5252
NC1=N[C@@]2(CO1)c1cc(-c3cccnc3F)ccc1Oc1ncc(-c3ccnc(F)c3)cc12,0,3,0.15592052942861512,5253
NC1=N[C@@]2(CO1)c1cc(-c3cccnc3F)ccc1Oc1ncc(N3CCOCC3)cc12,0,1,0.05522438607277278,5254
CC1(C)C=C(c2cnc3c(c2)[C@]2(COC(N)=N2)c2cc(-c4cccnc4F)ccc2O3)CCO1,0,10,0.1229976665666638,5255
NC1=N[C@@]2(CO1)c1cc(-c3cccnc3F)ccc1Oc1ncc(C3CCOCC3)cc12,0,3,0.05342896809519489,5256
NC1=N[C@@]2(CO1)c1cc(-c3cccnc3F)ccc1Oc1ncc(C3=CCCOC3)cc12,0,2,0.05485710897009504,5257
NC1=N[C@@]2(CO1)c1cc(-c3cccnc3F)ccc1Oc1ncc(C3=CCOCC3)cc12,0,8,0.06484262155049399,5255
CC(C)(C)COc1cnc2c(c1)[C@]1(COC(N)=N1)c1cc(-c3cccnc3)ccc1O2,0,5,0.5288698246566607,5252
CC(C)(C)COc1cnc2c(c1)[C@]1(COC(N)=N1)c1cc(-c3cncnc3)ccc1O2,0,4,0.2968738176122432,5258
CC(C)[C@H](CC(=O)[C@H]1Cc2ccc(C(N)=O)cc2CN1)CN1CC[C@@](C)(c2cccc(O)c2)[C@@H](C)C1,0,8,0.13561268541930976,5259
CC(C)[C@H](CC(=O)[C@H]1Cc2ccc(C(N)=O)cc2CN1)CN1CC[C@@](C)(c2cccc(C(N)=O)c2)[C@@H](C)C1,0,5,0.13481026240933025,5259
CC(C)[C@H](CC(=O)[C@H]1Cc2ccc(O)cc2CN1)CN1CC[C@@](C)(c2cccc(C(N)=O)c2)[C@@H](C)C1,0,9,0.15020976693126745,5259
NC1=N[C@@]2(CO1)c1cc(-c3cccnc3F)ccc1Oc1cnc(C3=CCOCC3)cc12,0,3,0.02143539966198377,3058
CC1(C)C=C(c2cc3c(cn2)Oc2ccc(-c4cccnc4F)cc2[C@@]32COC(N)=N2)CCO1,0,2,0.07213019522803132,3058
NC1=N[C@@]2(CO1)c1cc(-c3cccnc3F)ccc1Oc1cnc(C3=CCCOC3)cc12,0,4,0.10403787159332431,5260
NC1=N[C@@]2(CO1)c1cc(-c3cccnc3F)ccc1Oc1cnc(C3CCOCC3)cc12,0,4,0.04881915735237765,1539
NC1=N[C@@]2(CO1)c1cc(-c3cccnc3F)ccc1Oc1cnc([C@H]3CCCCO3)cc12,0,8,0.07903351205493626,5261
CC1(C)CN(c2cc3c(cn2)Oc2ccc(-c4cccnc4F)cc2[C@@]32COC(N)=N2)CCO1,0,9,0.023420466853427156,4899
NC1=N[C@@]2(CO1)c1cc(-c3cccnc3F)ccc1Oc1cnc(N3CCC(F)(F)CC3)cc12,0,2,0.08976658257907832,5262
NC1=N[C@@]2(CO1)c1cc(-c3cccnc3F)ccc1Oc1cnc(N3CCC(F)(F)C3)cc12,0,8,0.04807838559542414,802
NC1=N[C@@]2(CO1)c1cc(-c3cccnc3F)ccc1Oc1cnc(N3CC[C@H](F)C3)cc12,0,7,0.04291844446843412,802
NC1=N[C@@]2(CO1)c1cc(-c3cccnc3F)ccc1Oc1cnc(-c3ccccc3)cc12,0,3,0.11384159943286817,3212
NC1=N[C@@]2(CO1)c1cc(-c3cccnc3F)ccc1Oc1cnc(-c3ccccn3)cc12,0,5,0.05400699307772716,5263
NC1=N[C@@]2(CO1)c1cc(-c3cccnc3F)ccc1Oc1cnc(-c3cccnc3)cc12,0,5,0.07123910215378437,3368
NC1=N[C@@]2(CO1)c1cc(-c3cccnc3F)ccc1Oc1cnc(-c3ccncc3)cc12,0,4,0.044162464590768134,3078
Cc1cc(-c2cc3c(cn2)Oc2ccc(-c4cccnc4F)cc2[C@@]32COC(N)=N2)ccn1,0,2,0.11427652556343425,3078
NC1=N[C@@]2(CO1)c1cc(-c3cccnc3F)ccc1Oc1cnc(-c3ccnc(F)c3)cc12,0,9,0.04481509078888901,3078
NC1=N[C@]2(CO1)c1cc(C3=CCOCC3)ccc1Oc1ccc(-c3cccnc3F)cc12,0,7,0.06982133227707076,5264
COc1cc([C@@]2(O)CCN(CC(N)=O)C[C@@H]2O)ccc1Nc1ncc2ccc(-c3ccccc3OC)n2n1,0,9,0.16056556254099372,5265
Cc1cc(C#Cc2cn(-c3ccc(F)cc3)c(C)n2)ccn1,0,6,0.423781964809648,1569
NC(=O)C1CCN(c2c(Cl)cncc2Cl)CC1,0,1,0.12025788901555712,5266
O=C1NCCC12CCN(c1c(Cl)cncc1-c1ccc3cnccc3c1)CC2,0,10,0.21631665727397936,5267
Clc1ccc(-n2cc(NCCN3CCOCC3)nn2)cc1Cl,0,2,0.20208260440282982,5268
Fc1cccc(-n2cc(NCCN3CCCOCC3)nn2)c1,0,10,0.17092342365558283,5269
Fc1ccc(-n2cc(NCCN3CCC(F)(F)CC3)nn2)cc1F,0,5,0.24171820158215623,5270
c1ccc(Cn2cc(NCCN3CCCCC3)nn2)cc1,0,9,0.11211507623362188,3087
Fc1ccc(Cn2cc(NCCN3CCCCC3)nn2)cc1,0,4,0.12974653127971528,3087
Fc1cccc(Cn2cc(NCCN3CCCCC3)nn2)c1,0,8,0.12894992285899137,3087
Fc1ccc(Cn2cc(NCCN3CCCCC3)nn2)cc1F,0,7,0.11429106212618116,3087
Clc1ccc(Cn2cc(NCCN3CCOCC3)nn2)cc1Cl,0,3,0.11603349403614738,5271
c1ccc(Cn2cc(NCCN3CCCCCC3)nn2)cc1,0,2,0.13285339817233743,5272
Fc1ccc(Cn2cc(NCCN3CCC(F)(F)CC3)nn2)cc1F,0,4,0.23100750100919418,3087
Fc1ccc(Cn2cc(NCCN3CCC(F)(F)CC3)nn2)cc1,0,2,0.22582736798235567,3087
c1c(NCCN2CCOCC2)nnn1C12CC3CC(CC(C3)C1)C2,0,5,0.11367217248079463,5273
CCN(CCN1CCOCC1)c1cn(C23CC4CC(CC(C4)C2)C3)nn1,0,5,0.2287041635612118,5273
Cc1cccc(C)c1OCC(C)N,0,8,0.20675411052464723,156
CC(C)N1CCN(C(=O)c2ccc(CN3CCOCC3)cc2)CC1,0,4,0.061078034496923894,5274
O=C(c1ccc(CN2CCOCC2)cc1)N1CCN(C2CCC2)CC1,0,6,0.03599623764420978,5275
O=C(c1ccc(CN2CCOCC2)cc1)N1CCN(C2CC2)CC1,0,5,0.06974720907560512,5276
CC(C)N1CCN(C(=O)c2ccc(CN3CCC(F)CC3)cc2)CC1,0,7,0.07888249807440534,1107
O=C(c1ccc(CN2CCC(F)CC2)cc1)N1CCN(C2CCC2)CC1,0,1,0.08097755585275491,5277
O=C(c1ccc(CN2CCC(F)CC2)cc1)N1CCN(C2CC2)CC1,0,10,0.0766633681157201,5278
Cc1cc(C)nc(N2C[C@H]3CN(C(=O)c4ccccc4-c4cccs4)C[C@H]3C2)n1,0,5,0.17790244481202194,5279
Cc1cc(C)nc(N2C[C@H]3CN(C(=O)c4ccccc4-n4nccn4)C[C@H]3C2)n1,0,7,0.029722893758226305,5280
Cc1cc(C)nc(N2C[C@H]3CN(C(=O)c4ccc(F)cc4-n4nccn4)C[C@H]3C2)n1,0,4,0.05016495826686427,5280
Cc1cc(C)nc(N2C[C@H]3CN(C(=O)c4cc(F)ccc4-n4nccn4)C[C@H]3C2)n1,0,1,0.028933921141603106,5280
Cc1cc(C)nc(N2CC3CN(C(=O)c4c(F)cccc4-n4nccn4)CC3C2)n1,0,3,0.06773064978562476,5280
Cc1cc(C)nc(N2C[C@H]3CN(C(=O)c4ccccc4-c4ncn[nH]4)C[C@H]3C2)n1,0,4,0.08265514422306316,5281
Cc1ccc(-n2nccn2)c(C(=O)N2C[C@@H]3CN(c4nc(C)cc(C)n4)C[C@@H]3C2)c1,0,6,0.02206620382772254,5280
Cc1ncc(OC[C@@]2(c3ccccc3)C[C@H]2C(=O)Nc2cc(C)c(F)cn2)c(C)n1,0,6,0.12902332425473526,5282
Cc1ncc(OC[C@@]2(c3cccc(F)c3)C[C@H]2C(=O)Nc2cc(C)c(F)cn2)c(C)n1,0,9,0.17134519133771317,5282
CC(=O)NC1CCN(Cc2ccc(NCCCc3ccc(Oc4ccccc4)nn3)cc2)CC1,0,1,0.3725307307476912,5283
O=C(c1ccc(F)cc1)N1CCc2nc(COc3cccc(F)c3)oc2C1,0,8,0.18880374355112364,5284
C[C@@H]1c2nnc(-c3ccccn3)n2CCN1C(=O)c1cccc(Cl)c1Cl,0,9,0.05497057058376824,5285
C[C@H]1Cn2c(nnc2-c2ccc(F)cc2)CN1C(=O)c1cccc(Cl)c1Cl,0,10,0.15084449020876406,5286
C[C@H]1Cn2c(nnc2-c2ccc(F)cc2)CN1C(=O)c1cccc(C(F)(F)F)c1Cl,0,6,0.10263562196701304,5286
C[C@H]1Cn2c(nnc2-c2cnccn2)CN1C(=O)c1cccc(C(F)(F)F)c1Cl,0,2,0.08132592233293812,5287
C[C@H]1Cn2c(nnc2-c2ccccn2)CN1C(=O)c1cccc(Cl)c1Cl,0,10,0.1315127933575056,5285
COc1ccnc(-c2nnc3n2C[C@H](C)N(C(=O)c2cccc(Cl)c2Cl)C3)c1,0,8,0.14730253264329773,5285
CC(C)[C@@H](CN1CCC(C)(c2cccc(O)c2)CC1)NC(=O)[C@H]1Cc2ccc(O)cc2CN1,0,1,0.38441439198413246,2584
O=C(Nc1cc2ncncc2cc1OCc1cccc(Cl)c1)Nc1cccc2ccccc12,0,9,0.34521344868073756,5288
O=C(c1ccccn1)[C@]12Cc3cnn(-c4ccc(F)cc4)c3C=C1CCN(S(=O)(=O)c1ccc(Cl)c(Cl)c1)C2,0,6,0.46472593426854947,71
COc1cc(N2C(=O)N(Cc3c(F)cc(F)cc3F)c3ncccc3S2(=O)=O)cnc1OC,0,8,0.15428191965270197,5289
O=C1c2cc(COc3ccccc3)nn2CCN1c1ccc(F)cn1,0,8,0.15995390377415863,5290
C[C@H]1Cn2c(nnc2-c2cnccn2)C(=O)N1Cc1cccc(C(F)(F)F)c1Cl,0,7,0.2207044380364007,5291
Nc1ncc(-c2cnc(N)c(-c3ccc(Cl)cc3)c2)cn1,0,4,0.17598589724413854,5292
COc1cc(N)c(Cl)cc1C(=O)N[C@H]1CCN(CCn2cccc2)C[C@H]1OC,0,10,0.12594224381285235,5293
COc1cc(N)c(Cl)cc1C(=O)N[C@H]1CCN(CCCn2ncnn2)C[C@H]1OC,0,4,0.17581125054961189,5294
COc1cc(N)c(Cl)cc1C(=O)N[C@H]1CCN(CCC(=O)N2CCCC2)C[C@H]1OC,0,8,0.04000330258181797,5295
COc1cc(N)c(Cl)cc1C(=O)N[C@H]1CCN(CCC(=O)N2CCCCC2)C[C@H]1OC,0,5,0.06780959674384489,5296
COc1cc(N)c(Cl)cc1C(=O)N[C@H]1CCN(CCC(=O)N2CCOCC2)C[C@H]1OC,0,5,0.10303771038483238,5297
CCC(=O)N1CCC(CN2CC[C@H](NC(=O)c3cc(Cl)c(N)cc3OC)[C@H](OC)C2)CC1,0,6,0.05473131813779264,5298
CCC(=O)N1CCCC(CN2CC[C@H](NC(=O)c3cc(Cl)c(N)cc3OC)[C@H](OC)C2)C1,0,6,0.06477523288362941,5299
CCC(=O)N1CCC(CCN2CC[C@H](NC(=O)c3cc(Cl)c(N)cc3OC)[C@H](OC)C2)CC1,0,9,0.06121921984502077,5300
COc1cc(N)c(Cl)cc1C(=O)N[C@H]1CCN(CC2CCN(C(C)=O)CC2)C[C@H]1OC,0,10,0.045471839446389786,5298
CCCC(=O)N1CCC(CN2CC[C@H](NC(=O)c3cc(Cl)c(N)cc3OC)[C@H](OC)C2)CC1,0,3,0.07301477275966557,5298
COc1cc(N)c(Cl)cc1C(=O)N[C@H]1CCN(CC2CCN(C(=O)C(C)C)CC2)C[C@H]1OC,0,10,0.04902496434712007,5298
COc1cc(N)c(Cl)cc1C(=O)N[C@H]1CCN(CC2CCN(C(=O)C(C)(C)C)CC2)C[C@H]1OC,0,7,0.11372633797088148,5298
COc1cc(N)c(Cl)cc1C(=O)N[C@H]1CCN(CC2CCN(C(=O)N(C)C)CC2)C[C@H]1OC,0,3,0.07569001806844479,5298
CNc1ncc2cc(-c3ccc(-c4cccc(C)n4)cc3Cl)c(=O)n(C[C@H]3OC[C@H](N)CO3)c2n1,0,6,0.15211116036409203,5301
Cc1c(C2CC2)nc2ccc(-n3ccc(OCc4ccc(Cl)cc4)cc3=O)cn12,0,2,0.47667904242214887,5302
Cn1c(SCCCN2CC3CCN(c4c(F)cc(F)cc4F)C3C2)nnc1-c1ccn(C)c(=O)c1,0,4,0.8475081904962314,5303
CNC(=O)c1ccc2[nH]nc(Cc3ccc4c(cnn4C)c3)c2c1,0,9,0.07711711818424577,5304
CCN/C(=N\S(=O)(=O)c1ccc(N)cc1)N1CC2(C=N1)CCCC2,0,4,0.12297856164563721,5305
Cn1c(C2CC2)nc2ccc(-n3ccc(OCc4ccc(Cl)s4)cc3=O)cc21,0,4,0.4483645289256386,5306
Cc1c2cc(-n3ccc(OCc4csc(C(F)(F)F)c4)cc3=O)ccc2nn1C1CC1,0,8,0.4772278880653163,5307
FC(F)(F)Oc1ccc(-c2ccc3nnc(C(F)(F)F)n3c2)cc1,0,5,0.3750235253295288,5308
Cc1noc(Cn2nc3ccc(-c4ccc(OC(F)(F)F)cc4)cn3c2=O)n1,0,1,0.13353353152863412,5309
Cn1c(SCCCN2CC[C@]3(C[C@@H]3c3ccc(C(F)(F)F)cc3)C2)nnc1C1=CCC(=O)N=C1,0,4,0.823617900119418,5310
Cn1c(SCCCN2CC[C@]3(C[C@@H]3c3ccc(C(F)(F)F)cc3)C2)nnc1C1CCNC(=O)C1,0,5,0.6801878972776714,5311
CN1CCC(c2nnc(SCCCN3CC[C@]4(C[C@@H]4c4ccc(C(F)(F)F)cc4)C3)n2C)CC1=O,0,1,0.6911692473927402,5311
O=C(Nc1ccccc1)N1N=C(c2ccc(Br)cc2)CC1c1ccc(F)cc1,0,1,0.2944649474206985,5312
O=C(Nc1cccc(F)c1)N1N=C(c2ccc(Br)cc2)CC1c1ccc(F)cc1,0,5,0.32653344603750234,5312
Cc1nc(C)c(-c2csc(Nc3ccc(C(=O)N4C5CCC4CN(c4ncc(C(F)(F)F)cn4)C5)cn3)n2)s1,0,3,0.14223471460200393,5313
C[C@H](NC(=O)c1c(N)nn2cccnc12)c1cc2cccc(C#Cc3cnn(C)c3)c2c(=O)n1-c1ccccc1,0,8,0.174610511795319,5314
COc1c(Nc2ncc(Cl)c(N[C@H]3[C@@H](C(N)=O)[C@@H]4C=C[C@H]3C4)n2)ccc2c1CC[C@@H](N1CCOCC1)CC2,0,2,0.1199417706980569,5315
COc1c(Nc2ncc(Cl)c(N[C@H]3[C@@H](C(N)=O)[C@@H]4C=C[C@H]3C4)n2)ccc2c1CCC[C@H](N1CCN(CCO)CC1)C2,0,5,0.1577752609363765,5316
CNC(=O)c1ccccc1Nc1nc(Nc2ccc3c(c2OC)CCC[C@@H](N2CCN(CCO)CC2)C3)ncc1Cl,0,6,0.3314820638831013,2855
C[C@@H]1c2ncn(-c3ccc(F)cc3)c2CCN1C(=O)c1cccc(C(F)(F)F)c1Cl,0,1,0.16083270145188952,5317
C[C@@H]1c2ncn(-c3ccccn3)c2CCN1C(=O)c1cccc(C(F)(F)F)c1Cl,0,1,0.16231578028703303,5318
C[C@@H]1c2ncn(-c3ccc(F)cn3)c2CCN1C(=O)c1cccc(C(F)(F)F)c1Cl,0,1,0.16777819427859839,5318
C[C@@H]1c2ncn(-c3ncc(F)cn3)c2CCN1C(=O)c1cccc(C(F)(F)F)c1Cl,0,5,0.0656343993206864,5319
CC1(C)[C@@H]2CC[C@@]1(C)[C@@H](NC(=O)[C@H](CC1CCCCC1)NS(=O)(=O)N[C@@H](CCCCN)C(=O)O)C2,0,3,0.165016509700825,2764
Cc1nc2ccc(-n3ncc(C(=O)c4cc5cc(CN6CCOCC6)ccc5[nH]4)c3N)cc2[nH]1,0,9,0.12264015575366836,5320
Cc1nc2cc(-n3ncc(C(=O)c4cc5ccc(CN6CCOCC6)cc5[nH]4)c3N)ccc2[nH]1,0,10,0.11307301089590521,5321
Cc1nc2cc(-n3ncc(C(=O)c4cc5ccc(S(C)(=O)=O)cc5[nH]4)c3N)ccc2[nH]1,0,6,0.09279329021853848,5322
Cc1nc2cc(-n3ncc(C(=O)c4cc5ccc(Br)cc5[nH]4)c3N)ccc2[nH]1,0,4,0.13340170238527407,5322
Cc1nc2cc(-n3ncc(C(=O)c4cc5ccc(-c6ccccc6)cc5[nH]4)c3N)ccc2[nH]1,0,10,0.21802180420428205,5323
CC(C)(C)n1nc(-c2ccc3cc(O)ccc3c2)c(C(N)=O)c1N,0,3,0.04335468404961865,33
Cc1cc(CN(CC2CCCC2)[C@@H](CC(=O)O)c2ccc(Cl)cc2)ccc1OCCN1C(=O)CCC1=O,0,1,0.22148753490619824,5324
O=C(O)C[C@@H](c1ccc(Cl)c(F)c1)N(Cc1ccc(OCCN2C(=O)CCC2=O)c(F)c1)CC1CC1,0,4,0.1505559279029277,5325
O=C(O)C[C@@H](c1ccc(Cl)c(F)c1)N(Cc1ccc(OCCN2C(=O)CCC2=O)c(Cl)c1)CC1CC1,0,6,0.12895728762114533,5325
O=C(Cc1ccc(-n2cnnn2)nc1)N1CCN2C[C@@H](c3ccc4nonc4c3)OC[C@@H]2C1,0,5,0.06372951687651522,5326
Cc1c([C@@H]2CN3CCN(C(=O)Cc4ccc(-n5cnnn5)nc4)C[C@H]3CO2)ccc2nonc12,0,8,0.040601548616051183,5326
Cc1cc2nc(CC3CCCCC3)n(Cc3ccc(Cl)cc3)c2cc1C,0,6,0.7322177768184236,5327
Cc1cc2nc(/C=C/c3cccs3)n(Cc3ccc(Cl)cc3)c2cc1C,0,4,0.43132374232805765,5328
C/C(=C\c1cccnc1)c1nc2cc(C)c(C)cc2n1Cc1ccc(Cl)cc1,0,6,0.43561231112264276,5329
Cc1cc2nc(COC3CCCC3)n(Cc3ccc(Cl)cc3)c2cc1C,0,2,0.7158868814834249,5330
Cc1cc2nc(/C=C/c3ccco3)n(Cc3ccc(Cl)cc3)c2cc1C,0,6,0.5004018561776988,5331
COCc1cnn(-c2ccc3c(c2)C2(COC(N)=N2)C2(COC2)C2(CCC2)O3)c1,0,7,0.0734754070604545,5332
NC1=NC2(CO1)c1cc(-c3cncnc3)ccc1OC1(CCC1)C21COC1,0,8,0.002828617301186472,5333
CC1(C)Oc2ccc(Br)cc2C2(COC(N)=N2)C12COC2,0,8,0.02173407326374603,5334
CCC1Oc2ccc(Br)cc2C2(COC(N)=N2)C12COC2,0,8,0.02462143152657109,5334
NC1=NC2(CO1)c1cc(Br)ccc1OC1(CCCC1)C21COC1,0,5,0.039247933113566495,5335
NC1=NC2(CO1)c1cc(Br)ccc1OC(Cc1ccccc1)C21COC1,0,4,0.13015821567391417,5336
NC1=NC2(CO1)c1cc(Br)ccc1OC(CC1CC1)C21COC1,0,7,0.07284703645006259,5337
NC1=NC2(CO1)c1cc(Br)ccc1OCC21CC1,0,6,0.05260385598243321,5338
CC1(C)Oc2ccc(NC(=O)c3ccc(F)cn3)cc2C2(COC(N)=N2)C12COC2,0,3,0.021616862142255337,2010
NC1=NC2(CO1)c1cc(NC(=O)c3ncc(Cl)cc3F)ccc1OCC21CC1,0,4,0.09600927409985915,5339
CC1(C)Oc2ccc(NC(=O)c3ncc(Cl)cc3F)cc2C2(COC(N)=N2)C12COC2,0,5,0.09157418287430155,2010
NC1=NC2(CO1)c1cc(NC(=O)c3ccc(F)cn3)ccc1OCC21CC1,0,10,0.029531330005918417,5339
NC1=NC2(CO1)c1cc(-c3cc(Cl)cnc3F)ccc1OCC21COC1,0,10,0.07742708008769326,5340
CC1(C)Oc2ccc(Br)cc2C2(CSC(N)=N2)C12COC2,0,3,0.11241015738283328,5341
NC1=NC2(CO1)c1cc(Nc3ncccc3Cl)ccc1OCC21COC1,0,2,0.10870974930944396,5342
COc1cccnc1Nc1ccc2c(c1)C1(COC(N)=N1)C1(COC1)C1(CCC1)O2,0,5,0.053240056515953336,5343
CC(C)Cc1ccc2c(c1)C1(COC(N)=N1)C1(COC1)C1(CCC1)O2,0,9,0.10013067865770978,5344
CC1(C)Oc2ccc(-c3cncnc3)cc2C2(COC(N)=N2)C12COC2,0,2,0.013292580875571555,5345
CC#Cc1cncc(-c2ccc3c(c2)C2(COC(N)=N2)C2(COC2)CO3)c1,0,7,0.08084313322059179,5340
CC1(C)Oc2ccc(-c3cncnc3)cc2C2(CSC(N)=N2)C12COC2,0,9,0.06175090319111844,5346
CC#Cc1ccnc(-c2ccc3c(c2)C2(COC(N)=N2)C2(COC2)CO3)c1,0,8,0.08885611714983944,5347
Cc1cn2ccc(-c3ccc4c(c3)C3(COC(N)=N3)C3(COC3)C3(CCC3)O4)cc2n1,0,1,0.06770702271075862,5348
Cc1cn2cc(-c3ccc4c(c3)C3(COC(N)=N3)C3(COC3)C3(CCC3)O4)ccc2n1,0,4,0.0675072440614355,5349
NC1=NC2(CO1)c1cc(-c3cncc(F)c3)ccc1OC1(CCC1)C21COC1,0,5,0.031436826127587414,5350
NC1=NC2(CO1)c1cc(-c3cccnc3F)ccc1OC1(CCC1)C21COC1,0,7,0.016371723445923816,5350
Cc1cncc(-c2ccc3c(c2)C2(COC(N)=N2)C2(COC2)C2(CCC2)O3)c1,0,2,0.027043508904468296,5350
Cc1cnnc(-c2ccc3c(c2)C2(COC(N)=N2)C2(COC2)C2(CCC2)O3)c1,0,2,0.041268806494326814,5351
C[C@@H]1Oc2ccc(-c3cccnc3F)cc2[C@]2(COC(=N)N2)C12COC2,0,4,0.09930947498670208,5352
C[C@@H]1Oc2ccc(-c3cncnc3)cc2[C@]2(COC(=N)N2)C12COC2,0,3,0.0678620441042515,5353
C[C@@H]1Oc2ccc(-c3cccnc3F)cc2[C@@]2(COC(N)=N2)C12COC2,0,4,0.0284258126561005,5340
C[C@@H]1Oc2ccc(-c3cncnc3)cc2[C@@]2(COC(N)=N2)C12COC2,0,5,0.017648168618084787,5345
COc1cncc(-c2ccc3c(c2)[C@]2(COC(=N)N2)C2(COC2)[C@H](C)O3)c1,0,10,0.10736146932243497,5352
CC1(C)Oc2ccc(-c3cccnc3F)cc2C2(COC(N)=N2)C12COC2,0,5,0.013341941561076499,5340
COc1cncc(-c2ccc3c(c2)C2(COC(N)=N2)C2(COC2)C(C)(C)O3)c1,0,10,0.04632163622332475,5340
CCC1Oc2ccc(-c3cncnc3)cc2C2(COC(N)=N2)C12COC2,0,8,0.013144362066238922,5345
NC1=NC2(CO1)c1cc(-c3cncnc3)ccc1OC1(CCCC1)C21COC1,0,9,0.01282122934436146,5354
NC1=NC2(CO1)c1cc(-c3cncnc3)ccc1OC(C1CC1)C21COC1,0,8,0.018598224455308978,5355
CC(C)CC1Oc2ccc(-c3cncnc3)cc2C2(COC(N)=N2)C12COC2,0,3,0.09169650584775647,5345
CCCC1Oc2ccc(-c3cncnc3)cc2C2(COC(N)=N2)C12COC2,0,6,0.03072183156862576,5345
NC1=NC2(CO1)c1cc(-c3cncnc3)ccc1OC(CCC(F)(F)F)C21CCC1,0,10,0.1332730911623046,5356
NC1=NC2(CO1)c1cc(-c3cncnc3)ccc1OCC21CCCO1,0,8,0.03389144262955222,5357
NC1=NC2(CO1)c1cc(-c3cncc(C(F)(F)F)c3)ccc1OC1(CCC1)C21COC1,0,3,0.08093445594504386,5350
NC1=NC2(CO1)c1cc(-c3cncnc3)ccc1OCC21CC1,0,7,0.020780824775925497,5358
NC1=NC2(CO1)c1cc(-c3cncnc3)c(F)cc1OCC21CC1,0,9,0.02310148406597308,5358
NC1=NC2(CO1)c1cc(-c3cccnc3F)ccc1OCC21CC1,0,4,0.04613737566937833,5359
N#Cc1ncccc1-c1ccc2c(c1)C1(COC(N)=N1)C1(COC1)C1(CCC1)O2,0,9,0.0560220503742501,5350
Cc1cnc(F)c(-c2ccc3c(c2)C2(COC(N)=N2)C2(COC2)C2(CCC2)O3)c1,0,3,0.02841333893172084,5350
Cc1ncncc1-c1ccc2c(c1)C1(COC(N)=N1)C1(COC1)C1(CCC1)O2,0,4,0.03015517714548692,5333
NC1=NC2(CO1)c1cc(-c3cncc(C(F)F)c3)ccc1OC1(CCC1)C21COC1,0,8,0.0709600783727804,5350
NC1=NC2(CO1)c1cc(Br)ccc1OCC21CC(F)(F)C1,0,10,0.08968968524103471,5360
NC1=NC2(CO1)c1cc(NC(=O)c3ncc(Br)cn3)ccc1OCC21CC1,0,5,0.06263955441631582,5361
CC1(C)Oc2ccc(NC(=O)c3ncc(Br)cn3)cc2C2(COC(N)=N2)C12COC2,0,7,0.047071817059943406,5362
Cc1cc(C#N)cnc1C(=O)Nc1ccc2c(c1)C1(COC(N)=N1)C1(CC1)CO2,0,8,0.06042548965365678,5339
N#Cc1cnc(C(=O)Nc2ccc3c(c2)C2(COC(N)=N2)C2(CC2)CO3)c(Cl)c1,0,3,0.049959531250016224,5339
COc1cnc(C(=O)Nc2ccc3c(c2)C2(COC(N)=N2)C2(CC2)CO3)cn1,0,7,0.021554584717237833,1389
Cc1cc(Cl)cnc1C(=O)Nc1ccc2c(c1)C1(COC(N)=N1)C1(COC1)C(C)(C)O2,0,5,0.09704152250566991,2010
CC1(C)Oc2ccc(NC(=O)c3ccc(C#N)cn3)cc2C2(COC(N)=N2)C12COC2,0,7,0.058042783162602175,2010
NC1=NC2(CO1)c1cc(-c3cncnc3)ccc1OC(Cc1ccccc1)C21COC1,0,10,0.08360751893284221,5363
NC1=NC2(CO1)c1cc(-c3cncnc3)ccc1OC(CC1CC1)C21COC1,0,6,0.03734039075027135,5364
NC1=NC2(c3cc(-c4cncnc4)ccc3OCC23CC3)C(F)(F)CO1,0,5,0.07790067176473343,5365
NC1=NC2(CO1)c1cc(-c3cncnc3)ccc1OCC21CC(F)(F)C1,0,4,0.03171997205765128,5356
NC1=NC2(CO1)c1cc(-c3cccnc3)ccc1OC1(CCC1)C21COC1,0,7,0.030359692450029462,5350
NC1=NC2(CO1)c1cc(-c3cccnc3C(F)(F)F)ccc1OC1(CCC1)C21COC1,0,5,0.07802406288615482,5350
Cn1cc2cc(-c3ccc4c(c3)C3(COC(N)=N3)C3(CC3)CO4)ccc2n1,0,3,0.10929061642842276,5366
NC1=NC2(COC1)c1cc(-c3cncnc3)ccc1OCC21CC1,0,6,0.06021515732810754,5367
CC1(C)Oc2ccc(NC(=O)c3ccc(Br)cn3)cc2[C@@]2(COC(N)=N2)C12COC2,0,5,0.06029758519018099,2010
COc1cnc(C(=O)Nc2ccc3c(c2)[C@@]2(COC(N)=N2)C2(COC2)C(C)(C)O3)cn1,0,4,0.02177492716468346,5368
CC1(C)Oc2ccc(NC(=O)c3ccc(F)cn3)cc2[C@@]2(COC(N)=N2)C12CC2,0,10,0.03062425993639929,5339
CC[C@@H](NC(=O)c1cc(C(=O)N2CCC[C@@H]2C)n2c1COCC2)c1ccccc1,0,1,0.1417225650176542,5369
CC[C@@H](NC(=O)c1cc(C(=O)N2CCC[C@@H]2C)n2c1COCC2)c1cnc(OC)c(Cl)c1,0,2,0.1101126276026477,5370
CC[C@@H](NC(=O)c1cc(C(=O)N2CCC[C@@H]2C)n2c1COCC2)c1ccc(C(F)(F)F)c(Cl)c1,0,7,0.19807859779250467,5369
CC[C@@H](NC(=O)c1cc(C(=O)N2CCC[C@@H]2C)n2c1COCC2)c1ccc(C#N)c(Cl)c1,0,6,0.1271780474862075,5369
CC[C@@H](NC(=O)c1cc(C(=O)N2CCC[C@@H]2C)n2c1COCC2)c1ccc(C(F)(F)F)nc1,0,8,0.06981819894662368,5370
CC[C@@H](NC(=O)c1cc(C(=O)N[C@H](C)c2ccc(F)cc2)n2c1COCC2)c1ccc(C(F)(F)F)nc1,0,5,0.12275260949804864,5371
CC[C@H](NC(=O)c1cc(C(=O)N[C@H](C)c2ccc(F)cc2)n2c1COCC2)c1ncccn1,0,7,0.07527727523497248,5372
CC[C@@H](NC(=O)c1cc(C(=O)N[C@H](CC)c2ccccc2)n2c1COCC2)c1ccccc1,0,7,0.21270181180308606,5373
CC[C@@H](NC(=O)c1cc(C(=O)N[C@H](CC)c2ccc(OC)nc2)n2c1COCC2)c1ccccc1,0,5,0.11147122217243897,5374
CCOC(=O)CNC(=O)c1cc(C(=O)N[C@H](CC)c2ccccc2)c2n1CCOC2,0,1,0.08583310760029243,5375
CCOC(=O)[C@H](C)N(C)C(=O)c1cc(C(=O)N[C@H](CC)c2ccccc2)c2n1CCOC2,0,7,0.13087144351285399,5375
O=C(N[C@H](c1ccc(F)cc1)C1CC1)c1cc(C(=O)N2CCCC2)n2c1COCC2,0,7,0.16317612851356755,5376
CC[C@@H](NC(=O)c1cc(C(=O)N2CCC[C@@H]2C(F)(F)F)n2c1COCC2)c1ccc(C(F)(F)F)nc1,0,4,0.1472877530340409,5370
Cc1cccc2c1N(C(=O)CSc1ncccc1Cl)CCC2,0,1,0.31292244490748256,4497
COc1cncc(-c2ccc3c(c2)[C@@]2(COC(N)=N2)C2(COC2)[C@@H](C)O3)c1,0,7,0.0458029607803736,5340
NC1=NC2(CO1)c1cc(-c3cncnc3)ccc1OC(CCC(F)(F)F)C21COC1,0,2,0.028454933117389895,5345
Cc1nc(NC2CCCC2)sc1-c1ccnc(Nc2ccc(N3CCOCC3)cn2)n1,0,3,0.21390518913035517,5377
CN1C(=O)c2c(nc(Cc3ccc(-c4ccccc4)cc3)n2Cc2ccccc2)N2CC3(CCCC3)N=C12,0,2,0.49216548814306305,5378
COc1cc(-c2cccc(C(F)(F)F)c2)c(F)cc1-c1nccc2cc(S(=O)(=O)Nc3ccon3)ccc12,0,3,0.18326623630076427,5379
O=c1c2ccccc2oc2c(Cc3ccc4c(c3)OCO4)[nH]c(-c3nccs3)c12,0,2,0.37975539794962565,4325
Cc1ncn(-c2ccc(C(=O)N[C@H]3[C@H]4CC[C@H]3N(c3ncc(Cl)c5cnoc35)C4)c(Cl)c2)n1,0,4,0.17078862684266588,5380
CCOC(=O)c1c(CN2CCOCC2)nc(-c2nccs2)nc1-c1ccc(F)cc1Br,0,8,0.36267413209921573,5381
CCOC(=O)C1=C(CN2CCOC(CC(=O)O)C2)NC(c2nccs2)=NC1c1ccc(F)cc1Br,0,1,0.09410942327853503,754
CCOC(=O)C1=C(CN2CCOCC2CC(=O)O)NC(c2nccs2)=NC1c1ccc(F)cc1Br,0,1,0.04337408882683545,754
CCOC(=O)C1=C(CN2CCOC(C(=O)O)C2)NC(c2nccs2)=NC1c1ccc(F)cc1Br,0,10,0.17224765870006103,754
CCOC(=O)C1=C(CN2CCOCC2CO)NC(c2nccs2)=NC1c1ccc(Cl)cc1Cl,0,9,0.19683897406031114,754
CCOC(=O)C1=C(CN2CCOCC2C(=O)NS(C)(=O)=O)NC(c2nccs2)=NC1c1ccc(F)cc1Br,0,7,0.07576944039580312,754
CCOC(=O)C1=C(CN2CCOCC2C(=O)NC)NC(c2nccs2)=NC1c1ccc(F)cc1Br,0,5,0.051566759925092895,754
CCOC(=O)C1=C(CN2CCOCC2C(N)=O)NC(c2nccs2)=NC1c1ccc(F)cc1Br,0,8,0.03476446390893161,754
CCOC(=O)C1=C(CN2CCOCC2C(=O)OC(C)C)NC(c2nccs2)=NC1c1ccc(F)cc1Br,0,2,0.0878568064678579,754
CCOC(=O)C1=C(CN2CCOCC2C(=O)OC)NC(c2nccs2)=NC1c1ccc(F)cc1Br,0,1,0.09358729547258612,754
CCOC(=O)C1=C(CN)NC(c2nccs2)=NC1c1ccc(Cl)cc1Cl,0,7,0.19427945093925642,5382
CCOC(=O)C1=C(CN2CCN(C)CC2C(=O)O)NC(c2nccs2)=NC1c1ccc(F)cc1Br,0,10,0.10060315744386311,5383
CCOC(=O)C1=C(CN2CCCCC2C(=O)O)NC(c2nccs2)=NC1c1ccc(F)cc1Br,0,10,0.10917665850566455,5384
CCOC(=O)C1=C(CN2CCCC2C(=O)O)NC(c2nccs2)=NC1c1ccc(F)cc1Br,0,10,0.07895695919199454,4927
CCOC(=O)C1=C(CN2CCOCC2)NC(c2nc(CC(=O)O)cs2)=NC1c1ccc(F)cc1Br,0,1,0.22928811233787796,754
CCOC(=O)C1=C(CN2CCOCC2)NC(n2ncnn2)=NC1c1ccc(F)cc1Br,0,6,0.4398549087227686,5385
C[C@@H]1c2nnn(-c3ncc(F)cn3)c2CCN1C(=O)c1cccc(C(F)(F)F)c1Cl,0,6,0.048641899880206674,5386
Cc1ccnc(-n2nnc3c2CCN(C(=O)c2cccc(C(F)(F)F)c2Cl)[C@@H]3C)n1,0,9,0.05669565835344919,5386
C[C@@H]1c2nnn(-c3ncccn3)c2CCN1C(=O)c1cccc(C(F)(F)F)c1Cl,0,10,0.031975036129866186,5386
C[C@@H]1c2nnn(-c3cnccn3)c2CCN1C(=O)c1cccc(C(F)(F)F)c1Cl,0,10,0.03974340077552887,5387
C[C@@H]1c2nnn(-c3cc(F)ccn3)c2CCN1C(=O)c1cccc(C(F)(F)F)c1Cl,0,6,0.08706488457832931,5388
COc1ccc(-c2cc3c(N[C@@H]4CC[C@](C)(N)C4(C)C)c(C(N)=O)cnn3c2)cn1,0,10,0.026578136591688076,2574
CN(CCC1CCN(C(=O)OCc2cc(Cl)cc(Cl)c2)CC1)C(=O)c1c[nH]c(=O)o1,0,2,0.2077932206283314,5389
NS(=O)(=O)c1cccc(-c2ccc3nccc(-c4ccncc4F)c3n2)c1,0,2,0.11855826672028111,5390
O=S(=O)(NCCO)c1cccc(Nc2ccc3nccc(-c4ccncc4)c3n2)c1,0,7,0.12992165804156106,5391
NS(=O)(=O)c1cccc(-c2ccc3nccc(-c4ccnc(C(F)(F)F)c4)c3n2)c1,0,8,0.16046454637538213,5390
C[C@]1(c2cc(NC(=O)c3ncc(C#N)cc3F)ccc2F)N=C(N)CO[C@@H]1F,0,7,0.09703227618508709,542
C[C@]1(c2cc(NC(=O)c3ncc(C#N)cc3Cl)ccc2F)N=C(N)CO[C@@H]1F,0,1,0.12018620449722003,542
COc1cnc(C(=O)Nc2ccc(F)c([C@@]3(C)N=C(N)CO[C@@H]3F)c2)cn1,0,5,0.05859790673429381,5392
COc1cnc(C(=O)Nc2ccc(F)c([C@@]3(C)N=C(N)CO[C@H]3C(F)(F)F)c2)cn1,0,8,0.05862737761311179,5392
COc1cnc(C(=O)Nc2ccc(F)c([C@@]3(C)N=C(N)COC3=C(F)F)c2)cn1,0,5,0.07799697969718768,5393
COc1cnc(C(=O)Nc2ccc(F)c([C@@]3(C)N=C(N)CO[C@H]3C(F)F)c2)cn1,0,9,0.05538638523712305,5392
O=C(N[C@H]1Cc2ccccc2[C@@H]1NC(=O)[C@H]1CCNC1)c1cc2cc(F)ccc2[nH]1,0,4,0.15723249729244615,5394
CCCC[C@@H](CCO)Nc1nc(N)nc2cccc(F)c12,0,4,0.41985328479343603,1315
CCC[C@@H](CCO)Nc1nc(N)nc2cc(OC)ccc12,0,7,0.21883584701038855,1315
CCC[C@@H](CCO)Nc1nc(N)nc2c(F)cccc12,0,6,0.2581243990817172,1315
O=C(NC[C@@H]1[C@H]2CN(C(=O)OCc3cc(Cl)cc(Cl)c3)C[C@@H]12)c1ccc2[nH]c(=O)oc2c1,0,7,0.17210366716464917,5395
O=C(NC[C@@H]1[C@H]2CN(C(=O)NCc3cc(Cl)cc(Cl)c3)C[C@@H]12)c1ccc2[nH]c(=O)oc2c1,0,7,0.17309564120165366,5396
N#Cc1cc(COC(=O)N2C[C@@H]3[C@@H](CNC(=O)c4ccc5[nH]c(=O)oc5c4)[C@@H]3C2)cc(OC(F)(F)F)c1,0,3,0.1065807915036837,5395
CC(C)(C)OC(=O)N1CCCC(COC(=O)N2C[C@@H]3[C@@H](CNC(=O)c4ccc5[nH]c(=O)oc5c4)[C@@H]3C2)C1,0,9,0.10219027099082734,5397
Cc1ccc(COC(=O)N2C[C@@H]3[C@@H](CNC(=O)c4ccc5[nH]c(=O)oc5c4)[C@@H]3C2)nc1,0,9,0.07168575565466635,5398
Cc1cc(COC(=O)N2C[C@@H]3[C@@H](CNC(=O)c4ccc5[nH]c(=O)oc5c4)[C@@H]3C2)no1,0,9,0.07401995648023461,5399
N#Cc1cc(COC(=O)N2C[C@@H]3[C@@H](CNC(=O)c4ccc5[nH]nnc5c4)[C@@H]3C2)cc(C(=O)OC(F)(F)F)c1,0,9,0.10520540207471779,5400
N#Cc1cc(COC(=O)N2C[C@@H]3[C@@H](CNC(=O)N4CCc5[nH]nnc5C4)[C@@H]3C2)cc(C(=O)OC(F)(F)F)c1,0,2,0.08370224380782228,5401
N#Cc1cc(COC(=O)N2C[C@@H]3[C@@H](CNC(=O)NCCCc4cnn[nH]4)[C@@H]3C2)cc(C(=O)OC(F)(F)F)c1,0,5,0.18884197358263874,5402
N#Cc1cc(COC(=O)N2C[C@@H]3[C@@H](CNC(=O)N4CCc5c(O)noc5C4)[C@@H]3C2)cc(C(=O)OC(F)(F)F)c1,0,1,0.09470001763479748,5403
O=C(NC[C@@H]1[C@H]2CN(C(=O)OCc3cc(C(F)(F)F)cc(C(F)(F)F)c3)C[C@@H]12)c1ccc2[nH]nnc2c1,0,5,0.13334836493220026,5400
O=C(O)C[C@]1(CC(F)(F)F)CCc2cc(-c3cnc(NC(=O)Nc4ccc(F)c(F)c4)cn3)ccc2C1=O,0,5,0.17794994651844648,5404
Cc1cc(NC(=O)c2cccc(S(=O)(=O)N[C@H]3CCOC3)c2)ccc1F,0,6,0.08846212008024204,5405
COc1ncc(-c2cc(OC3CCOCC3)c3nc(N)nc(C)c3c2)cc1NS(=O)(=O)c1ccc(F)cc1F,0,2,0.0859971510174171,5406
COc1ncc(-c2cc(O[C@@H]3CCOC3)c3nc(N)nc(C)c3c2)cc1NS(=O)(=O)c1ccc(F)cc1F,0,3,0.07437866596494591,5407
CNc1nc(C)c2cc(-c3cnc(OC)c(NS(=O)(=O)c4ccc(F)cc4F)c3)cc(OC3CCOCC3)c2n1,0,4,0.1410278020554288,5406
CNc1nc(C)c2cc(-c3cnc(OC)c(NS(=O)(=O)c4ccc(F)cc4F)c3)cc(O[C@@H]3CCOC3)c2n1,0,8,0.09618097591704641,5407
N#Cc1cc(S(=O)(=O)Nc2ncns2)ccc1Oc1ccc(-c2cccc(C(F)(F)F)c2)cc1-c1ccnc(CNCCC2CCNCC2)c1,0,7,0.2504864718273311,5408
CCS(=O)(=O)c1ccc(O[C@@H](C)C(F)(F)F)c(C(=O)N2Cc3cn(-c4ccnc(C)c4)nc3C2)c1,0,7,0.053988785147125816,5409
CC(C)S(=O)(=O)c1ccc(O[C@@H](C)C(F)(F)F)c(C(=O)N2Cc3cn(-c4ccccc4)nc3C2)c1,0,2,0.0636318330877928,5410
C[C@H](Oc1ccc(C#N)cc1C(=O)N1Cc2cn(-c3ccccc3F)nc2C1)C(F)(F)F,0,9,0.09324479941612332,5410
C[C@H](Oc1ccc(C#N)cc1C(=O)N1Cc2cn(-c3cncc(F)c3)nc2C1)C(F)(F)F,0,8,0.03553805195451677,5411
C[C@H](Oc1ccc(C#N)cc1C(=O)N1Cc2cn(C3CCCC3)nc2C1)C(F)(F)F,0,2,0.1660287984101217,5412
CC(C)Oc1ccc(C#N)cc1C(=O)N1Cc2cn(-c3ccccc3)nc2C1,0,4,0.09403203561166903,5410
CC(C)Oc1ccc(C#N)cc1C(=O)N1Cc2cn(-c3cncc(F)c3)nc2C1,0,6,0.038657830901262895,5411
Cc1cc(-n2cc3c(n2)CN(C(=O)c2cc(C#N)ccc2OCC2CC2)C3)ccn1,0,9,0.10644928420713753,5413
CCS(=O)(=O)c1ccc(O[C@@H](C)C(F)(F)F)c(C(=O)N2Cc3cn(-c4cncc(F)c4)nc3C2)c1,0,6,0.05046629663089051,5411
CCS(=O)(=O)c1ccc(O[C@@H](C)C(F)(F)F)c(C(=O)N2Cc3cn(-c4ccccc4F)nc3C2)c1,0,4,0.07545556138937526,5410
Cc1cc(-n2cc3c(n2)CN(C(=O)c2cc(S(C)(=O)=O)ccc2-c2cccc(F)c2)C3)ccn1,0,6,0.12494825988893841,5414
CS(=O)(=O)c1ccc(-c2cccc(F)c2)c(C(=O)N2Cc3cn(-c4cncc(F)c4)nc3C2)c1,0,7,0.09888827683465666,5415
Cc1cc(-n2cc3c(n2)CN(C(=O)c2cc(S(C)(=O)=O)ccc2N2CCC(F)(F)CC2)C3)ccn1,0,6,0.09798416677589243,5416
CC(C)Oc1ccc(S(C)(=O)=O)cc1C(=O)N1Cc2cn(-c3ccccc3F)nc2C1,0,4,0.06556984387749921,5410
C[C@H](Oc1ccc(S(C)(=O)=O)cc1C(=O)N1Cc2cn(C3CCCC3)nc2C1)C(F)(F)F,0,8,0.0801562176592127,5412
Cc1cc(-n2cc3c(n2)CN(C(=O)c2cc(S(C)(=O)=O)ccc2O[C@@H](C)C(F)(F)F)C3)ccn1,0,10,0.04393787673431106,5409
C[C@H](Oc1ccc(S(C)(=O)=O)cc1C(=O)N1Cc2cn(-c3cncc(F)c3)nc2C1)C(F)(F)F,0,1,0.0197570320128221,5411
Cc1cccc(-n2cc3c(n2)CN(C(=O)c2cc(S(C)(=O)=O)ccc2O[C@@H](C)C(F)(F)F)C3)c1,0,4,0.038072167133158696,5410
C[C@H](Oc1ccc(S(C)(=O)=O)cc1C(=O)N1Cc2cn(-c3ccccc3F)nc2C1)C(F)(F)F,0,7,0.03295249096674497,5410
C[C@H](Oc1ccc(S(C)(=O)=O)cc1C(=O)N1Cc2cn(-c3ccccc3)nc2C1)C(F)(F)F,0,3,0.025053451661391526,5410
O=C(Nc1ccc(OC(F)(F)F)cc1)c1cccc(-c2cncnc2)c1,0,8,0.1655012014484266,5417
CCOc1cc([C@H](c2cc3cc(Br)ccc3cc2OC)[C@@](O)(CCN(C)C)c2cccc3ccoc23)cc(OCC)n1,0,1,0.45742683325522354,2595
COc1cc([C@H](c2cc3cc(Br)ccc3cc2OC)[C@@](O)(CCN(C)C)c2cccc3ccoc23)cc(OC(C)C)n1,0,4,0.34173251967306517,2595
CCCOc1cc([C@H](c2cc3cc(Br)ccc3cc2OC)[C@@](O)(CCN(C)C)c2cccc3ccoc23)cc(OC)n1,0,8,0.3692932912437605,2595
CC(c1ccncc1)N1CCN(c2ncnc3c2nc(-c2ccccc2Cl)n3-c2ccc(Cl)cc2)CC1,0,8,0.38989368633206,5418
Clc1ccc(-n2c(-c3ccccc3Cl)nc3c(N4CCN(Cc5ccccc5Cl)CC4)ncnc32)cc1,0,6,0.4618429982584893,5419
Fc1ccc(CN2CCN(c3ncnc4c3nc(-c3ccccc3Cl)n4-c3ccc(Cl)cc3)CC2)cc1,0,5,0.4441226695091122,5419
Cc1cc(SC(Cc2ccccc2)c2ccc(-c3ccc(C(F)(F)F)cc3)cc2)ccc1OCC(=O)O,0,2,0.30155534358306924,5420
O=C(O)C[C@H](CN1CC[C@@H](CCc2ccc3c(n2)NCCC3)C1)c1cccc(OC2CCOCC2)c1,0,6,0.09641306746453149,5421
O=S(=O)(Nc1ncns1)c1ccc(OCc2ccc(OC(F)(F)F)c(Cl)c2)cc1,0,2,0.1853740716514667,5422
C=CC(=O)N[C@H]1CCN(c2ccc(C(N)=O)c(Nc3ccc(C(=O)NC(C)(C)C)cc3)n2)C1,0,4,0.2155102415318448,5423
C=CC(=O)N[C@H]1CCN(c2ccc(C(N)=O)c(Nc3ccc(C(=O)N4CCOCC4)cc3)n2)C1,0,1,0.14610993679874926,5424
C=CC(=O)N[C@H]1CCN(c2ccc(C(N)=O)c(Nc3ccc(N4CCC(F)(F)CC4)cc3)n2)C1,0,4,0.2207893348705054,5425
C=CC(=O)N[C@H]1CCN(c2ccc(C(N)=O)c(Nc3ccc(C(=O)N4CC(C)OC(C)C4)cc3)n2)C1,0,3,0.16744878354574036,5424
C=CC(=O)N[C@H]1CCN(c2ccc(C(N)=O)c(Nc3ccc(N4C[C@@H](C)O[C@@H](C)C4)cc3)n2)C1,0,4,0.23354224011241953,5426
O=C(O)c1ccc(N2CC3(CCN(Cc4cc(Cl)c(-c5ccc(F)cc5F)c(C5CC5)c4)CC3)OC2=O)cc1,0,10,0.32806108180974664,5427
O=C(O)c1ccc(N2CC3(CCN(Cc4cc(C(F)(F)F)ccc4C4CC4)CC3)OC2=O)cc1,0,7,0.34456926097524365,5428
CC1(C)CCOc2c(Cl)cc(CN3CCC4(CC3)CC(=O)N(c3ccc(C(=O)O)cc3)C4)cc21,0,6,0.27473402616039866,5429
CC(C)n1cc(CN2CCC3(CC2)CC(=O)N(c2ccc(C(=O)O)cc2)C3)c2c(C3CC3)cccc21,0,4,0.32856381809327134,5430
CCOC(=O)C1CCN(c2ccc3c(Nc4cc(C)[nH]n4)nc(-c4ccccc4)nc3c2)CC1,0,3,0.19579358265779195,5431
Cc1ncc(-c2ccc(C(C(=O)NO)c3ccccc3F)cc2)cn1,0,8,0.12063074810944563,5432
NS(=O)(=O)c1cc(NC(=O)Cc2ccccc2)ccc1Oc1cccc(Cl)c1,0,1,0.2849256129528334,5433
CN1CCN(c2cnc3c(C4CCN(C(=O)c5ccc(OC(F)(F)F)cc5N)CC4)ncnc3c2)CC1,0,9,0.14560797035557949,5434
N#Cc1cnc2ccc(-c3c(-c4ccc(F)c(Cl)c4)ncn3CCO)nn12,0,8,0.15944348659853025,5435
Cc1cc(-c2cnc3ccn(CC(=O)N4CCCC4)c3c2)ccc1F,0,3,0.17389038948046326,5436
Cc1nnc(Cn2ccc3ncc(-c4ccc(F)c(C)c4)cc32)o1,0,3,0.4366592137816332,5437
Cc1noc(Cn2ccc3ncc(-c4ccc(F)c(C)c4)cc32)n1,0,1,0.47682129075063434,5438
CN(C)C(=O)Cn1ccc2ncc(-c3ccc(C(F)(F)F)cc3)cc21,0,5,0.03890097989239299,5439
CN(C)C(=O)Cn1ccc2ncc(-c3cccc(C(F)(F)F)c3)cc21,0,5,0.029373925650221035,5439
CN(C)C(=O)Cn1ccc2ncc(-c3ccccc3C(F)(F)F)cc21,0,10,0.06486711404837628,5439
CN(C)C(=O)Cn1ccc2ncc(-c3cccc(C(F)(F)F)n3)cc21,0,9,0.03244481346359627,5440
CN(C)C(=O)Cn1ccc2ncc(-c3cncc(C(F)(F)F)c3)cc21,0,4,0.04828141167236124,5441
CN(C)C(=O)Cn1ccc2ncc(-c3ccnc(C(F)(F)F)c3)cc21,0,2,0.04476764826220698,5442
CN(C)C(=O)Cn1ccc2ncc(-c3cccc(Cl)c3)cc21,0,4,0.10563446884870617,5439
Cc1cccc(-c2cnc3ccn(CC(=O)N(C)C)c3c2)c1,0,1,0.0456612465742312,5439
CN(C)C(=O)Cn1ccc2ncc(-c3ccc(F)c(Cl)c3)cc21,0,2,0.09705422094126143,5439
CN(C)C(=O)Cn1ccc2ncc(-c3ccc(F)c(C(F)F)c3)cc21,0,7,0.07932173487599128,5439
O=C(Cn1ccc2ncc(-c3ccc(F)c(C(F)F)c3)cc21)N1CCC1,0,1,0.17112402105367303,5443
CN(C)C(=O)Cn1ccc2ncc(-c3ccc(F)c(F)c3)cc21,0,10,0.04254790615960557,5439
CN(C)C(=O)Cn1ccc2ncc(-c3ccc(C(F)(F)F)s3)cc21,0,1,0.059603626407626585,5444
Cc1ccc(-c2cnc3ccn(CC(=O)N(C)C)c3c2)s1,0,6,0.04551006385212259,5444
Cc1csc(-c2cnc3ccn(CC(=O)N(C)C)c3c2)c1,0,1,0.03856875272080046,5444
CN(C)C(=O)Cn1ccc2ncc(-c3ccc(Cl)s3)cc21,0,9,0.028865811276548244,5444
Cc1cc(-c2cnc3ccn(CC(=O)N(C)C)c3c2)sc1Cl,0,5,0.0592403967383686,5444
Cc1cc(-c2cnc3ccn(CC(=O)N(C)C)c3c2)ccc1Cl,0,10,0.06604453087047397,5439
Cc1ccc(NC(=O)c2ccnc(C(F)(F)F)c2)cc1-c1cc(OCCO)nc(N2CCOCC2)c1,0,2,0.13138878052622507,5445
CC(=O)Nc1cccc(CCN2CCC3(CC2)CN(c2ccccc2)C(=O)C(C)O3)c1,0,10,0.6937410044180894,224
O=C1N(c2cccnc2C(F)(F)F)CC2(CCN(CCc3ccccc3F)CC2)OC12CC2,0,10,0.6482377229697732,5446
O=C(Nc1ccc(F)cc1F)NC1CCN(c2ncnc3c2nc(-c2ccccc2Cl)n3-c2ccc(Cl)cc2)CC1,0,4,0.15886328713400885,5447
O=C(Nc1ccc(OC(F)F)nc1)NC1CCN(c2ncnc3c2nc(-c2ccccc2Cl)n3-c2ccc(Cl)cc2)CC1,0,10,0.18352636275683099,5448
O=C(CN1CCOCC1)Nc1ccc(OC2CCN(C3CCC3)CC2)cc1,0,2,0.13196025548463214,5449
O=C(Nc1ccccc1)c1cn2cc(-c3ccccn3)ccc2n1,0,4,0.2039562605753062,5450
N#Cc1c(C(F)(F)F)cc(Nc2ccc(OC(F)(F)F)cc2)n2c1nc1ccccc12,0,3,0.33932096096274506,5451
N#Cc1c(C(F)(F)F)cc(NCc2ccco2)n2c1nc1cc(Cl)c(Cl)cc12,0,2,0.16371313823391442,5452
N#Cc1c(C(F)(F)F)cc(NCc2cccs2)n2c1nc1cc(Cl)c(Cl)cc12,0,1,0.20445162335847353,5453
N#Cc1c(C(F)(F)F)cc(NCc2ccccc2F)n2c1nc1cc(Cl)c(Cl)cc12,0,5,0.24570200250803173,5454
N#Cc1c(C(F)(F)F)cc(NCc2cccc(F)c2)n2c1nc1cc(Cl)c(Cl)cc12,0,10,0.24038540132973935,5454
CS(=O)(=O)c1ccc(-c2cnc(N)c(-c3ccc(C(F)(F)F)nc3)c2)cc1,0,7,0.08084921466428609,3023
N#Cc1ccc(S(=O)(=O)N2C[C@H](S(=O)(=O)c3ccc(Cl)cc3)[C@](O)(CO)C2)c(Cl)c1,0,7,0.14798049653722567,5455
C=CC(=O)N(c1ccc(F)c(Cl)c1)c1ncnc2cc(OC)c(OCCCN3CCOCC3)cc12,0,2,0.3170028607683902,5456
COc1nc(-c2nc(Nc3cc(F)cc(C(F)(F)F)c3)n(C)n2)ccc1-n1cnc(C)c1,0,5,0.3591557468987813,5250
O=C(O)Cc1ccc(Cc2cc(-c3cccc(Cl)c3)nc(C(F)(F)F)c2)cc1,0,10,0.2055566795045676,5457
NCC1(c2cccc(-c3ccnc4[nH]nc(C(F)(F)F)c34)c2)CCOCC1,0,8,0.3061453558531623,5458
Cc1cc(-c2ccnc3[nH]nc(C(F)(F)F)c23)cc(C2(CN)COC2)c1,0,2,0.34502380586006653,5459
NCC1(c2cccc(-c3ccnc4[nH]nc(C(F)(F)F)c34)c2)COC1,0,10,0.19969797984570503,5459
CCc1ccc(COc2ccc(C3CN(C(=O)c4cc(OCCN5C[C@@H](O)[C@H](O)C5)ccn4)C3)cc2OC)cc1,0,9,0.17739979096163203,5460
CCOc1ccc2cc(-c3nn(CC4CCN(C(C)=O)CC4)c4ncnc(N)c34)ccc2c1,0,7,0.22485669718764484,2452
CCOc1ccc2cc(-c3nn(CC4CN(C(C)=O)C4)c4ncnc(N)c34)ccc2c1,0,1,0.09979271672556488,5461
CCOc1ccc2cc(-c3nn(CC(C)C)c4ncnc(N)c34)ccc2c1,0,9,0.30508563391034477,5462
CC(C)Cn1nc(-c2ccc3cc(OC4CC4)ccc3c2)c2c(N)ncnc21,0,5,0.38976458804552117,5463
CC1(Cn2nc(-c3ccc4nc(OC5CC5)ccc4c3)c3c(N)ncnc32)COC1,0,8,0.12494955000470244,5464
CCOc1ccc2cc(-c3nn(CC4CCOCC4)c4ncnc(N)c34)ccc2c1,0,4,0.28691725379709865,5465
CCOc1ccc2cc(-c3nn(CC4CCOCC4)c4ncnc(N)c34)ccc2n1,0,1,0.1823598362591949,5466
Nc1ncnc2c1c(-c1ccc3cc(OC4CC4)ccc3c1)nn2CC1CCOCC1,0,5,0.40064766154611603,5467
Nc1ncnc2c1c(-c1ccc3nc(OC4CC4)ccc3c1)nn2CC1CCOCC1,0,9,0.2494181181028674,5468
CCOc1ccc2cc(-c3nn(CC(C)(C)O)c4ncnc(N)c34)ccc2n1,0,9,0.06499441470676406,5469
CC(C)(O)Cn1nc(-c2ccc3cc(OC4CC4)ccc3c2)c2c(N)ncnc21,0,3,0.13459637044124845,5463
CC(C)(O)Cn1nc(-c2ccc3nc(OC4CC4)ccc3c2)c2c(N)ncnc21,0,10,0.11332298476988178,4173
CC(C)(CO)Cn1nc(-c2ccc3cc(OC4CC4)ccc3c2)c2c(N)ncnc21,0,2,0.213102777476939,5463
CC(C)(CO)Cn1nc(-c2ccc3nc(OC4CC4)ccc3c2)c2c(N)ncnc21,0,5,0.1767617785988361,4173
CCOc1cc(C(O)(CCN(C)C)C(c2cc(OC)nc(OC)c2)c2cc3cc(Br)ccc3nc2OC)cc(OC(C)C)n1,0,7,0.015944062391130064,1379
COc1cc([C@](O)(CCN(C)C)[C@@H](c2cc3cc(Br)ccc3nc2OC)c2cccc3c2CCCC3)cc(OC)n1,0,2,0.17871523457753663,5470
COc1cc([C@](O)(CCN(C)C)[C@@H](c2cc3cc(Br)ccc3nc2OC)c2cccc(C)c2F)cc(OC)n1,0,10,0.2058174708597448,1273
CCOc1cc([C@](O)(CCN(C)C)[C@@H](c2cc3cc(Br)ccc3nc2OC)c2cccc(C)c2F)cc(OCC)n1,0,4,0.09562765018372532,1273
CCOc1cc([C@](O)(CCN(C)C)[C@@H](c2cc3cc(C#N)ccc3nc2OC)c2cccc(C)c2F)cc(OCC)n1,0,10,0.08076981155868065,1273
COc1cc([C@](O)(CCN(C)C)[C@H](c2ccc(OC)c(F)c2)c2cc3cc(Br)ccc3nc2OC)cc(OC)n1,0,7,0.09252927438097713,1273
COc1cc([C@](O)(CCN(C)C)[C@@H](c2cc3cc(Br)ccc3nc2OC)c2cccc3ccoc23)cc(OC)n1,0,10,0.19467174292154088,5471
COc1cc([C@](O)(CCN(C)C)[C@H](c2cc(SC)nc(SC)c2)c2cc3cc(Br)ccc3nc2OC)cc(OC)n1,0,2,0.045519141171430084,1379
COc1cc([C@](O)(CCN(C)C)[C@H](c2cc(OC)nc(N(C)C)c2)c2cc3cc(Br)ccc3nc2OC)cc(OC)n1,0,7,0.04836668208455162,1379
CCOc1cc([C@H](c2cc3cc(C#N)ccc3nc2OC)[C@@](O)(CCN(C)C)c2cc(OC)nc(OC)c2)cc(N(C)C)n1,0,8,0.07587937166644947,1379
CCSc1cc([C@H](c2cc3cc(Br)ccc3nc2OC)[C@@](O)(CCN(C)C)c2cc(OC)nc(OC)c2)cc(N(C)C)n1,0,10,0.04586179030710546,1379
Clc1ccc(OC[C@@H]2C[C@H]3C[C@H]3N2)cn1,0,3,0.16157696412122496,5472
CC1(NC(=O)COc2cccc(-c3nc4c(c(Nc5ccc(-c6cn[nH]c6)cc5)n3)CN(C3CCC3)CC4)c2)CC1,0,6,0.27201871771411895,5473
CCOc1cc([C@](O)(CCN(C)C)[C@H](c2cccc(C)c2)c2cc3cc(Br)ccc3nc2OC)cc(OC)n1,0,10,0.24702664803309762,1273
COc1cc([C@](O)(CCN(C)C)[C@H](c2cccc(C)c2)c2cc3cc(Br)ccc3nc2OC)cc(OC(C)C)n1,0,2,0.1476057079092163,1273
CCCOc1cc([C@](O)(CCN(C)C)[C@H](c2cccc(C)c2)c2cc3cc(Br)ccc3nc2OC)cc(OC)n1,0,10,0.21746569543954994,1273
COc1cc([C@](O)(CCN(C)C)[C@@H](c2cc3cc(Br)ccc3nc2OC)c2ccnc(OC)c2OC)cc(OC2CCC2)n1,0,10,0.1343626795951876,5474
COc1cc([C@](O)(CCN(C)C)[C@@H](c2cc3cc(Br)ccc3nc2OC)c2cccc3c2OCO3)cc(OC(F)F)n1,0,8,0.14705593181954615,5475
COc1cc([C@](O)(CCN(C)C)[C@@H](c2cc3cc(Br)ccc3nc2OC)c2ccnc(OC)c2OC)cc(OC(F)F)n1,0,1,0.04391561809865339,1379
COc1cc([C@](O)(CCN(C)C)[C@@H](c2cc3cc(C#N)ccc3nc2OC)c2cccc(OC)c2F)cc(SC)n1,0,6,0.08304530297845109,1273
CCOc1cc([C@](O)(CCN(C)C)[C@@H](c2cc3cc(Br)ccc3nc2OC)c2ccnc(OC)c2OC)cc(OC(C)C)n1,0,8,0.07611130413175085,1379
CCOc1cc([C@](O)(CCN(C)C)[C@@H](c2cc3cc(Br)ccc3nc2OC)c2c(OC)cncc2OC)cc(OC(C)C)n1,0,2,0.0793874409227666,1379
COc1cccc([C@H](c2cc3cc(Br)ccc3nc2OC)[C@@](O)(CCN(C)C)c2cc(SC)nc(SC)c2)c1F,0,6,0.16531331034536983,1273
COc1nc2ccc(Br)cc2cc1[C@@H](c1cccc2c1OCO2)[C@@](O)(CCN(C)C)c1cc(SC)nc(SC)c1,0,5,0.21624312264181683,5475
COc1nc2ccc(C#N)cc2cc1[C@@H](c1cccc(C)c1F)[C@@](O)(CCN(C)C)c1cc(SC)nc(SC)c1,0,4,0.16637099550542508,1273
CCSc1cc([C@](O)(CCN(C)C)[C@@H](c2cc3cc(Br)ccc3nc2OC)c2cccc(OC)c2F)cc(SCC)n1,0,5,0.165338570624675,1273
CCSc1cc([C@](O)(CCN(C)C)[C@@H](c2cc3cc(C#N)ccc3nc2OC)c2cccc(OC)c2F)cc(SCC)n1,0,6,0.07514763905933926,1273
CCSc1cc([C@](O)(CCN(C)C)[C@@H](c2cc3cc(C#N)ccc3nc2OC)c2cccc(C)c2F)cc(SCC)n1,0,7,0.08860291239835534,1273
CCSc1cc([C@](O)(CCN(C)C)[C@@H](c2cc3cc(Br)ccc3nc2OC)c2cccc3c2OCO3)cc(SCC)n1,0,8,0.191135522579182,5475
CCSc1cc([C@](O)(CCN(C)C)[C@@H](c2cc3cc(C#N)ccc3nc2OC)c2cccc3c2OCO3)cc(SCC)n1,0,4,0.16610632836683878,5475
CCSc1cc([C@](O)(CCN(C)C)[C@@H](c2cc3cc(Br)ccc3nc2OC)c2ccnc(OC)c2OC)cc(N(C)C)n1,0,8,0.1985481481595659,1379
CCOC(=O)Cc1nn(CNC(=O)CCCN2CCN(c3cccc(C)c3C)CC2)c(=O)c2c(F)cccc12,0,3,0.23122948849319164,5476
CCOC(=O)Cc1nn(CNC(=O)CCCN2CCN(c3cccc(C)c3C)CC2)c(=O)c2cc(F)ccc12,0,1,0.24392327663571778,5476
CNCCC(Oc1ccc(C(F)(F)F)cc1)c1ccccc1,0,10,0.6519567047811906,3812
C[C@@H]1COCCN1c1cc(-c2ccnn2C)c2ccnc(-c3ccn[nH]3)c2n1,0,4,0.1486326798356161,5477
COc1cncc2c1[C@]1(O)[C@H](O)[C@H](CN(C)C)[C@@H](c3ccccc3)[C@]1(c1ccc(C#N)cc1)O2,0,5,0.1453916396034805,5478
COc1nc(C#N)cc2c1[C@]1(O)[C@H](O)[C@H](CN(C)C)[C@@H](c3ccccc3)[C@]1(c1ccc(C#N)cc1)O2,0,1,0.14896282458327487,5479
COc1cc2c(c(OC)n1)[C@]1(O)[C@H](O)[C@H](CN(C)C)[C@@H](c3ccccc3)[C@]1(c1ccc(C#N)cc1)O2,0,6,0.13267528568311543,5479
Cc1nsc(N2C[C@H]3CC[C@@H](C2)[C@@H]3Nc2nc3c(OCC(F)(F)F)cccn3n2)n1,0,6,0.27505532118256626,5480
Cn1cc(-c2ccnc(-n3ncc4cc(C(C)(C)C)cc(F)c4c3=O)c2CO)cc(NC(=O)[C@H]2C[C@H]2F)c1=O,0,2,0.07993757204815541,5481
Cn1cc(-c2cc(F)cc(-n3ncc4cc(C(C)(C)C)cc(F)c4c3=O)c2CO)cc(NC(=O)[C@H]2C[C@H]2F)c1=O,0,8,0.15358549311782416,5482
Cc1cc(-n2cc3c(n2)CN(C(=O)c2cc(C#N)ccc2OC(C)C)C3)ccn1,0,3,0.05868167191915324,5409
C[C@H](Oc1ccc(C#N)c(Cl)c1C(=O)N1Cc2cn(-c3ccc(F)cn3)nc2C1)C(F)(F)F,0,7,0.14773575870539185,5483
COc1c(C#N)ccc(O[C@@H](C)C(F)(F)F)c1C(=O)N1Cc2cn(-c3ccc(F)cn3)nc2C1,0,7,0.065296330506443,5483
COc1c(S(C)(=O)=O)ccc(O[C@@H](C)C(F)(F)F)c1C(=O)N1Cc2cn(-c3ccc(F)cn3)nc2C1,0,6,0.08143350341717065,5483
COc1c(S(C)(=O)=O)ccc(O[C@@H](C)C(F)(F)F)c1C(=O)N1CC(c2ccc(C(F)(F)F)cn2)C1,0,3,0.07728156233671209,5484
COc1c(S(C)(=O)=O)ccc(O[C@@H](C)C(F)(F)F)c1C(=O)N1CC(c2ncc(C(F)(F)F)cc2F)C1,0,5,0.05281100876739191,5484
COc1c(S(C)(=O)=O)ccc(O[C@@H](C)C(F)(F)F)c1C(=O)N1CC(c2ncc(C(F)(F)F)cc2Cl)C1,0,9,0.09617584224392416,5484
C[C@@]1(c2cc(NC(=O)c3cnc(OCF)cn3)ccc2F)CCC(F)(F)C(N)=N1,0,9,0.060015975778567446,5485
NC1=N[C@](CF)(c2cc(NC(=O)c3cnc(OCF)cn3)ccc2F)CCC1(F)F,0,6,0.08834731875034962,5485
NC1=N[C@@]2(c3cc(NC(=O)c4cnc(OCF)cn4)ccc3F)COCC[C@H]2CC1(F)F,0,2,0.12738265542610802,5486
NC1=N[C@@]2(c3cc(NC(=O)c4cnc(OCF)cn4)ccc3F)CCOC[C@H]2CC1(F)F,0,3,0.09830882377297445,5487
C[C@H]1C[C@H]2CC(F)(F)C(N)=N[C@@]2(c2cc(NC(=O)c3cnc(OCF)cn3)ccc2F)CO1,0,10,0.16784788386313096,5486
NC1=N[C@@]2(c3cc(NC(=O)c4cnc(OCF)cn4)ccc3F)CO[C@@H](CF)C[C@H]2CC1(F)F,0,3,0.15552854652161902,5486
C[C@H](Nc1cc(Cl)nc2c1cnn2[C@@H]1O[C@H](COP(=O)(O)CP(=O)(O)O)[C@@H](O)[C@H]1O)c1ccccc1F,0,5,0.10308419428992864,5488
Cn1ccc2c(-c3nc4c(-n5cc(N[C@@H]6CCOC[C@@H]6N)cn5)ccnc4[nH]3)cccc21,0,3,0.15646840439714135,5489
CC(C)(CO)Cn1nc(-c2ccc3nc(OC4CC4)ccc3c2)c(C(N)=O)c1N,0,10,0.03573183299021156,717
O=C(NCc1ncc(C(F)(F)F)cc1Cl)c1ccc2c(c1)C1(CCS(=O)(=O)CC1)[C@H](C1CC1)N2S(=O)(=O)c1ccc(F)cc1,0,6,0.21688740372784499,5490
CCN1CC2(CCN(CCc3cc(F)ccc3F)CC2)O[C@@H](C)C1=O,0,10,0.4709080065396425,5491
CCN1CC2(CCN(CCc3cccc(F)c3F)CC2)O[C@H](C)C1=O,0,5,0.4593003447684201,5491
C[C@H]1OC2(CCN(CCc3ccccc3)CC2)CN(C)C1=O,0,7,0.5562136825628676,5491
CC1OC2(CCN(CCc3ccccc3)CC2)CN(CCc2ccccc2F)C1=O,0,5,0.8787633715724915,397
COc1ccc2c3c1O[C@H]1C(=O)CC[C@@]4(O)[C@@H](C2)N(C)CC[C@]314,0,9,0.1822672214713251,5492
CN(C)C(=O)c1ccc(Oc2nc(-c3ccnc4[nH]ccc34)nc(N3CCOCC3)n2)cc1,0,8,0.07514627946103267,5493
CN(C)C(=O)c1ccc(Oc2nc(-c3cnc(N)s3)nc(N3CCOCC3)n2)cc1,0,10,0.09623858888776649,5494
CC(=O)N1CCN(CCOCc2cc(C)n(-c3ccc(Cl)c(Cl)c3)n2)CC1,0,3,0.20708096908917645,5495
CC(=O)N1CCN(CCOCc2cc(C)n(-c3ccc(F)c(F)c3)n2)CC1,0,7,0.17266153950844132,5495
CC(=O)N1CCN(CCOCc2ccn(-c3ccc(F)c(F)c3)n2)CC1,0,5,0.2169478946025529,5495
O=C(N[C@H]1CCN(C2CCCCC2)C[C@@H]1C(=O)NCc1ccccc1)c1cc(-c2ccc(F)cc2F)on1,0,10,0.28229455964915084,5496
C[C@@H](NC(=O)[C@H]1CN(C2CCCCC2)CC[C@@H]1NC(=O)c1cc(-c2ccc(F)cc2F)on1)c1ccccc1,0,1,0.25855263212888857,5496
O=C(N[C@H]1CCN(C2CCCCC2)C[C@@H]1C(=O)NC1(c2ccccn2)CC1)c1cc(-c2ccc(F)cc2F)on1,0,9,0.2484175463538117,5497
O=C(N[C@H]1CCNC[C@@H]1C(=O)NC1(c2ncccn2)CC1)c1cc(-c2ccc(F)cc2F)on1,0,10,0.046713872086143055,5498
CN1CC[C@H](NC(=O)c2cc(-c3ccc(F)cc3F)on2)[C@@H](C(=O)NC2(c3ncccn3)CC2)C1,0,8,0.03482703317943242,5498
CCN1CC[C@H](NC(=O)c2cc(-c3ccc(F)cc3F)on2)[C@@H](C(=O)NC2(c3ncccn3)CC2)C1,0,1,0.05701191329703885,5498
CC(C)N1CC[C@H](NC(=O)c2cc(-c3ccc(F)cc3F)on2)[C@@H](C(=O)NC2(c3ncccn3)CC2)C1,0,8,0.054670345057574996,5498
O=C(N[C@H]1CCN(C2CC2)C[C@@H]1C(=O)NC1(c2ncccn2)CC1)c1cc(-c2ccc(F)cc2F)on1,0,5,0.03446066619024303,5499
O=C(N[C@H]1CCN(C2CCC2)C[C@@H]1C(=O)NC1(c2ncccn2)CC1)c1cc(-c2ccc(F)cc2F)on1,0,6,0.024665285257725548,5500
O=C(N[C@H]1CCN(CC2(F)CC2)C[C@@H]1C(=O)NC1(c2ncccn2)CC1)c1cc(-c2ccc(F)cc2F)on1,0,8,0.05812039056477828,1140
O=C(N[C@H]1CCN(CCCF)C[C@@H]1C(=O)NC1(c2ncccn2)CC1)c1cc(-c2ccc(F)cc2F)on1,0,9,0.17479038586314768,5498
O=C(N[C@H]1CCN(C2CC(F)(F)C2)C[C@@H]1C(=O)NC1(c2ncccn2)CC1)c1cc(-c2ccc(F)cc2F)on1,0,9,0.11393445949045745,5500
COCCN1CC[C@H](NC(=O)c2cc(-c3ccc(F)cc3F)on2)[C@@H](C(=O)NC2(c3ncccn3)CC2)C1,0,9,0.07247628419221196,5498
CC(=O)N1CC[C@H](NC(=O)c2cc(-c3ccc(F)cc3F)on2)[C@@H](C(=O)NC2(c3ncccn3)CC2)C1,0,3,0.05215054143242421,5498
CCNc1ncc2c(n1)N(C)CCN(c1cccc(-c3nnc(C)o3)c1)C2=O,0,7,0.11377877824151289,5501
CNCC[C@H](Oc1cccc(N2CCN(C)c3nc(N)ncc3C2=O)c1)c1cccs1,0,10,0.11925306689806595,5502
CNCC[C@H](Oc1cccc(N2CCN(C)c3ncccc3C2=O)c1)c1cccs1,0,4,0.33000966659547515,5503
CN1C(=O)c2ccccc2N(C)c2cc(N[C@H]3CC[C@H](O)CC3)ncc21,0,9,0.13862108379028476,5504
CN1C(=O)c2c(F)ccc(F)c2Oc2cc(N[C@H]3CC[C@H](O)CC3)ncc21,0,8,0.11527325299482932,5505
CN1C(=O)c2c(F)cccc2Oc2cc(N[C@H]3CC[C@H](O)CC3)ncc21,0,3,0.1297270043801366,5505
COc1cccc2c1Oc1cc(N[C@H]3CC[C@H](O)CC3)ncc1N(C)C2=O,0,4,0.06847136762840789,5505
CN1C(=O)c2cccc(Cl)c2Oc2cc(N[C@H]3CC[C@H](O)CC3)ncc21,0,1,0.12327075792021494,5505
CN1C(=O)c2cccc(F)c2Oc2cc(N[C@H]3CC[C@H](O)CC3)ncc21,0,3,0.08471634746083306,5505
CN1C(=O)c2ccccc2Oc2cc(N[C@H]3CC[C@H](O)CC3)ncc21,0,3,0.12790794128203048,5505
Nc1cc(F)c(S(=O)(=O)N2CCC(O)CC2)cc1C(=O)Nc1ccc(F)c(C(F)F)c1,0,4,0.07443470398515291,4760
O=C(Cn1c(=O)[nH]c2ncc(-c3cccc(C(F)(F)F)c3)cc21)NC1CC1,0,5,0.13654077480436316,5506
Cn1c(=O)n(CC(=O)N2CCC2)c2cc(-c3cccc(C(F)(F)F)c3)cnc21,0,1,0.06273434345343241,5507
CN(C)C(=O)Cn1c(=O)n(C)c2ncc(-c3cccc(C(F)(F)F)c3)cc21,0,8,0.06058628432870283,5508
Cn1c(=O)n(CC(=O)N2CC(F)C2)c2cc(-c3cccc(C(F)(F)F)c3)cnc21,0,3,0.09037317385895823,5507
Cc1cc(-c2cnc3ccn(CC(=O)N(C)C)c3c2)ccc1F,0,2,0.07386794998188204,5439
Cc1csc(-c2cnc3c(c2)n(CC(=O)N(C)C)c(=O)n3C)c1,0,9,0.05537336235512278,5509
Cc1ccc(-c2cnc3c(c2)n(CC(=O)N2CCC2)c(=O)n3C)s1,0,9,0.04567211940154063,4265
CN(C)C(=O)Cn1c(=O)n(C)c2ncc(-c3ccc(C(F)(F)F)s3)cc21,0,10,0.04518394586967857,5509
Cn1c(=O)n(CC(=O)N2CC(F)C2)c2cc(-c3ccc(C(F)(F)F)s3)cnc21,0,4,0.048143442537380114,4265
Cn1c(=O)n(CC(=O)N2CCC2)c2cc(-c3ccc(C(F)F)s3)cnc21,0,1,0.05962696491577031,4265
Cn1c(=O)n(CC(=O)N2CCC2)c2cc(-c3cc(C(F)F)cs3)cnc21,0,3,0.05251458864144198,4265
Cn1c(=O)n(CC(=O)N2CCC2)c2cc(-c3ccc(C4CC4)s3)cnc21,0,4,0.06100853225266513,5510
COc1ccc(C(=O)N(CC(C)(C)C)c2cccc(C)n2)c(N2CCC(COc3cc([C@@H](CC(=O)O)C4CC4)ccn3)CC2)c1,0,5,0.21381690890633342,5511
CC#C[C@@H](CC(=O)O)c1ccc(OCc2ccc(CN3CCC4(C=Cc5ccccc54)CC3)cc2)cc1,0,6,0.3919671351929048,5512
CC#C[C@@H](CC(=O)O)c1ccc(OCc2ccc(CN3CCC4(CCc5ccccc54)CC3)s2)cc1,0,2,0.33304457830252066,5513
CC#C[C@@H](CC(=O)O)c1ccc(OCc2ccc(CN3CCCc4cccc(OC)c43)s2)cc1,0,5,0.3081230291961153,5514
Cc1cc(Nc2c(NCc3ccccn3)c(=O)c2=O)ccc1N1CCSCC1,0,1,0.16285213385003566,2034
O=c1c(NCc2ccccn2)c(Nc2ccc3scnc3c2)c1=O,0,9,0.11729923616879581,5515
O=C(Nc1ccc(OCCCCc2ccccc2)cc1)N(Cc1ccccc1)S(=O)(=O)c1ccc(Cl)cc1,0,10,0.4722177239359739,5516
CCC[C@H](c1nc2ccncc2c(=O)n1CC)N1CCN[C@H](C)C1,0,5,0.17089219769700198,5517
C[C@@H](c1ccc2ccc(O[C@H]3CC[C@@H](C(F)(F)F)CC3)c(C(F)(F)F)c2c1)N1C2CCC1CC(C(=O)O)C2,0,3,0.3820985389883054,5518
Cc1c(-c2ccc(NC(=O)c3c(F)cccc3F)cc2)cccc1-c1nn(C)c(=O)o1,0,10,0.12881695158308948,5519
COC(=O)NC12CCC(n3cc(-c4cc(N)c(Cl)cc4F)c4c(N)ncnc43)(CC1)CC2,0,1,0.16522179381198654,5520
FC(F)c1cncc(-c2ccc3ncc4nnc(C5=CCCOCC5)n4c3c2)c1,0,4,0.358166556811458,5521
CC[C@@H](NC(=O)c1ccc(Cl)cc1)[C@H]1[C@@H]2C[C@@H](n3cnc4ccc(Cl)cc43)C[C@@H]21,0,4,0.7963751300875859,118
CCS(=O)(=O)[C@]1(C)CC[C@@](CF)(c2cc(NC(=O)c3cc4c(cn3)OC(F)(F)O4)ccc2F)N=C1N,0,6,0.15932435255191288,5522
CCC(=O)N(CC1(N2CCN(Cc3ccccc3)CC2)CC1)c1ccccc1O,0,2,0.33152998046688054,5523
CCC(=O)N(CC1(N2CCN(Cc3ccccc3)CC2)CC1)c1ncccc1F,0,6,0.3111333951121141,5524
CCC(=O)N(CC1(N2CCN(Cc3ccccc3)CC2)CCN(C)CC1)c1ccccc1,0,6,0.3800321776583775,5525
CCC(=O)N(CC1(N2CCNCC2)CCOCC1)c1cccc(C(F)(F)F)n1,0,5,0.09498320593127911,5526
CCC(=O)N(CC1(N2CCN(C(C)c3ccccc3)CC2)CCOCC1)c1cccc(C(F)(F)F)n1,0,1,0.19541438614008627,5527
CCCN1CCN(C2(CN(C(=O)CC)c3cccc(C(F)(F)F)n3)CCOCC2)CC1,0,5,0.17727831994596227,5526
CCC(=O)N(CC1(N2CCN(CC(C)C)CC2)CCOCC1)c1cccc(C(F)(F)F)n1,0,7,0.1041312330675449,5526
CCC(=O)N(CC1(N2CCN(CCOC(C)C)CC2)CCOCC1)c1cccc(C(F)(F)F)n1,0,9,0.14462992431680957,5526
CCOCCN1CCN(C2(CN(C(=O)CC)c3cccc(C(F)(F)F)n3)CCOCC2)CC1,0,8,0.13954082235675527,5526
CCC(=O)N(CC1(N2CCN(CCCOC)CC2)CCOCC1)c1cccc(C(F)(F)F)n1,0,3,0.2022554652830958,5526
CCC(=O)N(CC1(N2CCN(CC(C)(C)O)CC2)CCOCC1)c1cccc(C(F)(F)F)n1,0,8,0.10561755846583211,5526
CO[C@]1(C)C[C@H](O[C@H]2[C@H](C)[C@@H](O[C@@H]3O[C@H](C)C[C@H](N(C)C)[C@H]3O)[C@](C)(O)C[C@@H](C)CN(C)C(=O)C[C@@H](Cc3ccc(NC(=O)[C@H](Cc4ccccc4Cl)NC(=O)Cc4ccccc4)cc3)NC(=O)[C@H](C(C)C)NC(=O)[C@@H]2C)O[C@@H](C)[C@@H]1O,0,4,0.1677202320225653,5528
CO[C@]1(C)C[C@H](O[C@H]2[C@H](C)[C@@H](O[C@@H]3O[C@H](C)C[C@H](N(C)C)[C@H]3O)[C@](C)(O)C[C@@H](C)CN(C)C(=O)C[C@@H](Cc3ccc(NC(=O)[C@H](Cc4ccccc4Cl)NC(=O)NCc4ccccc4)cc3)NC(=O)[C@H](C(C)C)NC(=O)[C@@H]2C)O[C@@H](C)[C@@H]1O,0,3,0.16333998272720998,5529
CO[C@]1(C)C[C@H](O[C@H]2[C@H](C)[C@@H](O[C@@H]3O[C@H](C)C[C@H](N(C)C)[C@H]3O)[C@](C)(O)C[C@@H](C)CN(C)C(=O)C[C@@H](Cc3ccc(NC(=O)[C@H](Cc4ccccc4Cl)NC(C)=O)cc3)NC(=O)[C@H](C(C)C)NC(=O)[C@@H]2C)O[C@@H](C)[C@@H]1O,0,7,0.15000098797791087,5530
C[C@@H](Nc1ccn2ncc(-c3cnn(CCO)c3)c2n1)c1cc(F)ccc1OCC(F)F,0,7,0.26836649277794433,5531
CN1CCN(CCNC(=O)c2cccn3c(=O)c4ccc5ccccc5c4nc23)CC1,0,8,0.23330068536471235,5532
CNCCNC(=O)c1cccn2c(=O)c3ccc4ccccc4c3nc12,0,5,0.1139389683381691,5533
NCCNC(=O)c1cccn2c(=O)c3ccc4ccccc4c3nc12,0,9,0.08188422707918784,5533
O=C(NCCO)c1cccn2c(=O)c3ccc4ccccc4c3nc12,0,8,0.10410192431560693,5533
O=C(NCCN1CC[C@H](F)C1)c1cccn2c(=O)c3ccc4ccccc4c3nc12,0,2,0.21249413328870773,5534
C[C@@]1(c2cc(NC(=O)c3ccc(C#N)cn3)ccc2F)Cn2c(C#N)cnc2C(N)=N1,0,8,0.12805709229289491,5535
C[C@@]1(c2cc(NC(=O)c3ccc(F)cn3)ccc2F)Cn2c(C#N)cnc2C(N)=N1,0,9,0.12447132325228727,5535
C[C@@]1(c2cc(NC(=O)c3ccc(Cl)cn3)ccc2F)Cn2c(C#N)cnc2C(N)=N1,0,7,0.17199605488164613,5535
COc1cnc(C(=O)Nc2ccc(F)c([C@]3(C)Cn4c(C#N)cnc4C(N)=N3)c2)cn1,0,6,0.06800959426337892,5536
Cc1nc(C(=O)Nc2ccc(F)c([C@]3(C)Cn4nc(C#N)cc4C(N)=N3)c2)co1,0,3,0.10277557447194645,5537
C[C@@]1(c2cc(NC(=O)c3cnc(C(F)F)cn3)ccc2F)Cn2nc(C#N)cc2C(N)=N1,0,1,0.045838756710057285,5538
C[C@@]1(c2cc(NC(=O)c3cnc(OCF)cn3)ccc2F)Cn2nc(C#N)cc2C(N)=N1,0,10,0.06541421151324933,5538
COc1cnc(C(=O)Nc2ccc(F)c([C@]3(C)Cn4nc(C#N)cc4C(N)=N3)c2)cn1,0,4,0.060084885552821966,5538
C[C@@]1(c2nc(NC(=O)c3ncc(C(F)(F)F)cc3Cl)ccc2F)CO[C@@](C)(C(F)(F)F)C(N)=N1,0,5,0.19109959791116746,5539
Cc1cn([C@H](C)CC#N)c(=O)c2cc(Cn3nc(C(F)F)cc3Cl)nn12,0,3,0.2292598525839025,5540
COc1ccc(CN2C[C@@H]3[C@@H](C2)OCc2c(-c4ccccc4F)nnn23)cn1,0,10,0.20391064264013686,5541
Fc1ccc(-c2nnn3c2CO[C@H]2CN(C4CCOCC4)C[C@@H]23)nc1,0,5,0.18815859941779753,5542
Fc1ccccc1-c1nnn2c1COC1CN(Cc3ccccc3)CC12,0,5,0.3280819111840613,5543
COc1nc2ccc(Br)cc2cc1[C@@H](c1ccccc1)[C@@](O)(CCN(C)C)c1cccc2ccccc12,0,2,0.586661578733623,5544
COc1cc(OC)c(F)c(COc2cnc(Nc3cnn(CCO)c3)nc2)c1F,0,7,0.07449990510073826,5545
CCC[C@@H]1NC(=O)[C@H](CC(C)C)N(C)C(=O)[C@H](CC(C)C)N(C)C(=O)CN(CCO)C(=O)[C@H](CC(C)C)N(C)C(=O)[C@@H](C)NC(=O)[C@@H](CCC(N)=O)NC(=O)[C@H](CC(C)C)N(C)C(=O)[C@H](C(C)C)NC(=O)[C@H](CC(C)C)N(C)C(=O)CN(C)C1=O,0,9,0.2063209600317018,5546
Cn1nncc1-c1cnn([C@H](CCOC(F)F)c2ccc(-c3c(-n4cc(Cl)nn4)ccc(Cl)c3F)c[n+]2[O-])c1,0,8,0.3252320594435235,5547
CCn1c(CO)nn(-c2nc(O[C@@H](C)C(F)(F)F)c(C(=O)Nc3c(C)ccnc3Cl)cc2F)c1=O,0,3,0.10815074137962727,5548
CCn1c(CO)nn(-c2nc(O[C@@H](C)C(F)(F)F)c(C(=O)Nc3c(C)cnc(OC)c3Cl)cc2F)c1=O,0,7,0.11597623634248076,5549
O=C(Nc1nnc(-c2ccc(Br)cc2)o1)c1ccc([N+](=O)[O-])o1,0,5,0.19556758029447097,5550
Cc1c(Cc2ccc(F)cc2)c(=O)oc2cc(OCCOc3no[n+]([O-])c3S(=O)(=O)c3ccccc3)ccc12,0,5,0.19184442999762447,2484
Cc1ccc(S(=O)(=O)Nc2cc(C(=O)NCc3ccc(C)nc3)ccc2C)cc1,0,10,0.10228339344022176,5551
C[C@@H](C1CC1)N1Cc2cc(-c3ccn4nc(N)c(C(=O)N[C@H]5CC[C@@](C)(O)CC5)c4n3)cc(OC(F)F)c2C1=O,0,8,0.199393776764433,5552
COc1cnc(-c2ccc(F)c([C@]3(C)CC[C@@](C)(C#N)C(N)=N3)c2)cn1,0,5,0.0888506261654531,5553
COc1cnc(-c2ccc(F)c([C@]3(CF)CC[C@@](C)(C#N)C(N)=N3)c2)cn1,0,5,0.11062119690769698,5553
COc1cnc(-c2ccc(F)c([C@]3(C(F)F)CC[C@@](C)(C#N)C(N)=N3)c2)cn1,0,3,0.14689504162873865,5553
COc1cnc(-c2ccc(F)c([C@]3(C)CC[C@@](C)(S(C)(=O)=O)C(N)=N3)c2)cn1,0,1,0.049672616381343265,5553
C[C@@]1(S(C)(=O)=O)CC[C@@](CF)(c2cc(NC(=O)c3cnc(OCF)cn3)ccc2F)N=C1N,0,7,0.0682306018760038,5485
C[C@@]1(c2cc(-c3cc4c(cn3)OC(F)(F)O4)ccc2F)CC[C@@](C)(S(=O)(=O)C(F)(F)F)C(N)=N1,0,8,0.1405107447320286,5554
C[C@@]1(c2cc(NC(=O)c3ccc(F)cn3)ccc2F)CC[C@@](CF)(S(C)(=O)=O)C(N)=N1,0,5,0.07487381521704649,5555
COc1cnc(C(=O)Nc2ccc(F)c([C@@]3(C)N=C(N)[C@](C)(S(C)(=O)=O)C[C@@H]3F)c2)cn1,0,6,0.06267803304128977,5485
C[C@@]1(c2cc(-c3cnc(OCF)cn3)ccc2F)CCC(F)(F)C(N)=N1,0,7,0.1591866055929522,5553
NC1=N[C@](CF)(c2cc(-c3cnc(OCF)cn3)ccc2F)CCC1(F)F,0,8,0.14278018740227602,5553
Brc1ccc(-c2nc3ccc(Br)cn3n2)cc1,0,8,0.32393008018680447,5556
Cc1onc(-c2ccc(F)cc2)c1COc1ccc2c(n1)CCN(C(=O)C1CCC1)C2,0,1,0.22116108899286563,5557
Cn1c(CN2CCC(c3cccc(OCc4ccc(Cl)cc4F)n3)CC2)nc2nccc(NCC(=O)O)c21,0,2,0.22921629830327792,5558
CC(C)n1nc(C(=O)NC2CCN(CC(C)(C)O)CC2)c2ccccc21,0,8,0.14907041769111903,5559
CC(C)n1nc(-c2nnc(C3CCN(CCCO)CC3)o2)c2ccccc21,0,7,0.43185768797468216,5560
CCOC1=CS(=O)(=O)c2cc3c(Nc4ccc5scnc5c4)ncnc3cc21,0,4,0.2068282246906182,5561
N#Cc1cccc(-c2ccc3ncc(-c4cccc(F)c4)c(N4CCC(N)CC4)c3c2)c1O,0,9,0.3325747876499891,4328
N#Cc1cccc(-c2ccc3ncc(-c4cc(F)cc(F)c4)c(N4CCC(N)CC4)c3c2)c1O,0,6,0.39481139085180816,4328
CC[C@@H](Nc1c(C#N)c(-c2ccc(-c3cccc(Cl)c3F)cc2)nc2cnccc12)C(N)=O,0,2,0.17497758059096027,5562
CC[C@@H](Nc1c(C#N)c(-c2ccc(-c3cccc(C)c3F)cc2)nc2cnccc12)C(=O)O,0,8,0.16516524285284273,5562
Cc1n[nH]c2cc(N(CC3CCCC3)C(=O)NCCCn3cncc3C)ccc12,0,8,0.1761660122137733,5563
Cc1n[nH]c2cc(N(Cc3ccc(F)cc3)C(=O)NCCCn3cncc3C)ccc12,0,3,0.14914853026366756,5564
Cc1nn(C)c2cc(N(CC3CCCC3)C(=O)NCCCn3cncc3C)ccc12,0,5,0.13814953305170224,5563
Cc1n[nH]c2ccc(N(Cc3ccc(F)cc3)C(=O)NCCCn3cncc3C)cc12,0,8,0.12182357660932032,5565
Cc1n[nH]c2ccc(N(C(=O)NCCCn3cncc3C)C3CCCCC3)cc12,0,3,0.12585907335468896,5566
Cc1nn(C)c2ccc(N(CC3CCCC3)C(=O)NCCCn3cncc3C)cc12,0,3,0.13100736521257692,5567
Cc1nn(C)c2ccc(N(Cc3ccc(F)cc3)C(=O)NCCCn3cncc3C)cc12,0,3,0.24148361747577293,5565
Cc1nn(C)c2ccc(N(C(=O)NCCCn3cncc3C)C3CCCCC3)cc12,0,8,0.15284706428670322,5566
O=C1NCCc2c1cnn2-c1ccnc(Cc2cc(F)cc(C(F)(F)F)c2)c1,0,10,0.28596684194923894,5568
CS(=O)(=O)NC(=O)c1cc(Cl)c(OCC23CC4CC(CC(C4)C2)C3)cc1F,0,10,0.14797795251019777,5569
CC(C)(O)c1ccc(N2Cc3c(ccnc3-c3ccc(F)cc3OCC(F)(F)F)C2=O)cc1,0,5,0.2445309029809811,5570
FC(F)Oc1cc(-n2cc(Cn3ccnc3)nn2)ccc1Cl,0,8,0.593093536029836,23
FC(F)Oc1cc(-n2cc(CNc3ncco3)nn2)ccc1Cl,0,7,0.36370208117171937,5571
FC(F)Oc1cc(-n2cc(CNc3ncccn3)nn2)ccc1Cl,0,7,0.373154812214969,5572
FC(F)Oc1cc(-n2cc(COc3ncccn3)nn2)ccc1Cl,0,4,0.25121445390533476,5573
Cc1cnc(OCc2cn(-c3ccc(F)c(OC(F)F)c3)nn2)nc1,0,5,0.15735292689599673,5573
Cc1cnc(OCc2cn(-c3cccc(C(F)F)c3)nn2)nc1,0,3,0.29319045217848755,5573
Fc1ccc(-n2cc(COc3ncc(N4CCC4)cn3)nn2)cc1OC(F)F,0,9,0.146646588927303,5574
CC(C)(O)c1cnc(OCc2cn(-c3ccc(F)c(OC(F)F)c3)nn2)nc1,0,4,0.13323993725156769,5573
Cc1ccnc(OCc2cn(-c3ccc(F)c(OC(F)F)c3)nn2)n1,0,4,0.1911091996193602,5573
CNc1ccnc(OCc2cn(-c3ccc(F)c(OC(F)F)c3)nn2)n1,0,8,0.16791648303593543,5573
Fc1ccc(-n2cc(COc3nccc(N4CC(F)C4)n3)nn2)cc1OC(F)F,0,5,0.18268610513977404,5575
Nc1nc(OCc2cn(-c3ccc(F)c(OC(F)F)c3)nn2)ncc1F,0,5,0.1281055696949995,5573
COCc1ccnc(OCc2cn(-c3ccc(F)c(OC(F)F)c3)nn2)n1,0,3,0.08368848385768222,5573
COC(=O)C1=C(CN2CCN3C(=O)N(c4ccc(C(=O)O)cc4)C[C@@H]3C2)NC(c2nccs2)=N[C@H]1c1ccc(F)cc1Cl,0,7,0.13743438304225106,5576
Cc1cc(-c2cnc(C)nc2C2CCN(CC(=O)N3CCOCC3)CC2)on1,0,9,0.041514793874913386,5577
CCc1ncc(-c2cc(C)no2)c(C2CCN(CC(=O)N3CCOCC3)CC2)n1,0,2,0.042437697336552636,5577
Cc1cc(-c2cnc(C(F)(F)F)nc2C2CCN(CC(=O)N3CCOCC3)CC2)on1,0,7,0.08164327843792701,5577
CCc1ncc(-c2cc(C)no2)c(C2CCN(CC(=O)N3CCCOCC3)CC2)n1,0,5,0.036498450530642663,5578
CCc1ncc(-c2cc(C)no2)c(C2CCN(CC(=O)N3CCC4(CCOC4)CC3)CC2)n1,0,3,0.11211076394469136,5579
CCc1ncc(-c2cc(C)no2)c(C2CCN(CC(=O)N3CCCN(C)CC3)CC2)n1,0,10,0.04224832832314463,5580
CCc1ncc(-c2cc(C)no2)c(C2CCN(CCN3CCOCC3)CC2)n1,0,9,0.21664058734033356,5581
CC(C)(c1ccc(OCC2CCN(CC3CCN(c4ccc5c(c4)C(=O)N(C4CCC(=O)NC4=O)C5=O)CC3)CC2)cc1)c1ccc(OC[C@H](O)CCl)cc1,0,9,0.29835793213644124,5582
COc1cc(NC(C(=O)c2c[nH]c3cc(OC)c(C)cc23)c2ccc(Cl)cc2OC)cc(OCCO)c1,0,3,0.16353790585045572,700
CC(C)C[C@@H](O)C(=O)N1CC2(CC2)C[C@H]1C(=O)N[C@@H](C[C@@H]1CCNC1=O)C(=O)COC(F)(F)F,0,8,0.11451709450474584,5583
CC(C)(C)[C@H](NC(=O)C(F)(F)F)C(=O)N1C[C@H]2[C@@H]([C@H]1C(=O)N[C@H](C#N)C[C@@H]1CCNC1=O)C2(C)C,0,6,0.11921736651821734,5584
O=S1(=O)C=C(C2CC2)c2cc3nccc(Nc4ccc5scnc5c4)c3cc21,0,7,0.2647519550020078,5585
CC(C)n1cnnc1-c1cccc(NC(=O)c2cc3c(cc2F)OCC(=O)N3C)n1,0,1,0.10303551105467969,5586
CC(C)c1n[nH]c2c(=O)[nH]c(-c3ccc(F)cc3)nc12,0,4,0.15933624131887827,5587
CSc1ccc(C(N)=O)cc1-c1ccc2c(cnn2C)c1,0,2,0.18146043785283777,5588
CCS(=O)(=O)c1ccc(CC(=O)Nc2cc(Cl)c(-c3ccc(OC(C)C)c(C#N)c3)c(Cl)c2)cc1,0,2,0.19503988091513305,5589
N#C[C@H](CC(N)=O)NC(=O)[C@@H]1CCCN1C(=O)C1(c2ccc(OC(F)(F)F)cc2)CC1,0,10,0.12051203458772744,5590
NC(=O)CN(NC(=O)[C@@H]1CCCN1C(=O)C1(c2ccc(OC(F)(F)F)cc2)CC1)C(=O)CF,0,8,0.13375346165102223,5590
CCn1c(=O)c(C)cn(Cc2nnc(-c3ccc(F)c(O)c3F)s2)c1=O,0,7,0.14948155723643566,5591
CC(C)(C)N(CC(=O)O)Nc1nc(-c2c[nH]c3ncc(F)cc23)ncc1F,0,1,0.06581455068633035,5592
NC1(COc2cc(F)c3c(c2)CC(CNCCC2CN(c4ccc5c(n4)NC(=O)CO5)C(=O)O2)C3)CC1,0,6,0.18670287627770815,3328
CC(c1cccs1)n1cnc2sc3c(c2c1=O)CCNC3,0,10,0.19296027722740475,5593
Cc1cn(-c2ccc3n(c2=O)CCN([C@@H](C)[C@@H]2CC[C@H](c4cc(F)c(Cl)cc4C(F)(F)F)O2)C3=O)cn1,0,2,0.40339937478741705,5594
C[C@H]1CN(C)CC[C@@H]1c1cc(-c2ccncc2)c(-c2ccc(F)cc2)[nH]1,0,6,0.47024102113255717,5595
CCC(=O)N1CCC[C@H]2[C@@H]3CCc4cc(OCCCN5CCC[C@H]5C)ccc4[C@H]3CC[C@@]21C,0,10,0.20326231855975585,5596
CN1CCN(C(c2cccnc2)c2nnnn2CCc2ccccc2)CC1,0,1,0.3392212595646231,5597
CC(C)OC(=O)[C@H](C)N[P@](=O)(CO[C@H](C)Cn1cnc2c(N)ncnc21)Oc1ccccc1,0,10,0.08861600252634301,5598
Cc1ccccc1CO[P@@](=O)(CO[C@H](C)Cn1cnc2c(N)ncnc21)N[C@@H](C)C(=O)OC(C)C,0,2,0.12327762370962797,2299
CCn1c(CO)nn(-c2cc3c(C(C)C)cn(-c4ccccc4C)c(=O)c3cc2F)c1=O,0,6,0.19850151660925625,5599
Cc1cc(-c2cnn3c2C(=O)N(c2ccc(C(F)(F)F)cc2)C[C@@H]3C)ccn1,0,4,0.21172441173153,5600
COc1cc(-c2cnn3c2C(=O)N(c2ccc(C(F)(F)F)cc2)C[C@@H]3C)ccn1,0,8,0.19982406571646733,5600
CC(C)c1cc(Oc2c(Cl)cc(-n3nc(N)c(=O)[nH]c3=O)cc2Cl)n[nH]c1=O,0,9,0.09294245373050854,5601
COCCOc1cc2ncnc(Nc3cccc(OS(=O)(=O)F)c3)c2cc1OCCOC,0,7,0.12413631524421871,5
O=S(=O)(c1ccc(Cl)cc1)N1[C@H]2CC[C@@H]([C@H]1c1ccc(C(F)(F)F)cc1)[C@@H](O)C2,0,3,0.4283563666471012,5602
N#Cc1ccc([C@@H]2[C@@H]3CC[C@@H](C[C@@H]3O)N2S(=O)(=O)c2ccc(Cl)cc2)cn1,0,4,0.17655380232384674,5603
NC(=O)N1CCC(c2c(-c3cn[nH]c3)n(-c3ccc(Cl)cc3)c3cnccc23)CC1,0,8,0.39569217536321405,5604
Cn1cncc1-c1c(C2CCN(C(N)=O)CC2)c2ccncc2n1-c1ccc(Cl)cc1,0,4,0.3571509560629651,5605
NC(=O)N1CCC(c2c(-n3ccnc3)n(-c3ccc(Cl)cc3)c3cnccc23)CC1,0,9,0.2565517436856771,5606
Nc1ccc(-c2c(C3CCNCC3)c3ccncc3n2-c2ccc(Cl)cc2)cn1,0,2,0.43926701393240514,5607
Clc1ccc(-n2c(-c3nn[nH]n3)c(C3CCNCC3)c3ccncc32)cc1,0,8,0.23480977211654963,5608
COc1cc(F)ccc1-c1cnn(Cc2ccn(C)n2)c1,0,5,0.35114340947140404,59
COc1cc(F)ccc1-c1cnn(Cc2cc(C)nn2C)c1,0,4,0.46585697617496274,434
Cn1ccc(Cn2cc(-c3cc(F)cc(F)c3)cn2)n1,0,7,0.4986021456101047,59
Cn1ccc(Cn2cc(-c3ccccc3)cn2)n1,0,10,0.3610585569969331,59
Cc1cc(Cn2cc(-c3ccccc3)cn2)n(C)n1,0,5,0.3657660454462672,434
Cn1nccc1Cn1cc(-c2ccccc2)cn1,0,10,0.3309923856283459,434
Cn1ccc(Cn2cc(-c3ccccn3)cn2)n1,0,7,0.25638305662212885,5609
Cc1cc(Cn2cc(-c3ccccn3)cn2)n(C)n1,0,8,0.22483596534708533,5610
Cc1ccc(COC(=O)N2CC[C@H](CNc3ncccn3)C(F)(F)C2)cc1,0,1,0.2023310641205228,5611
Cc1nc(C)n(Cc2cn(-c3ccc(Cl)cc3)nn2)n1,0,9,0.25769668231677045,183
CCCc1ncn(Cc2cn(-c3ccc(Cl)cc3)nn2)n1,0,5,0.28514201483910634,183
CC(C)c1ncn(Cc2cn(-c3ccc(Cl)cc3)nn2)n1,0,9,0.19427473909661833,183
CCc1ncnn1Cc1cn(-c2ccc(Cl)cc2)nn1,0,10,0.19038237749555192,183
CCc1ncn(Cc2cn(-c3ccc(Cl)cc3)nn2)n1,0,4,0.13073243881927785,183
CC(C)c1ncnn1Cc1cn(-c2ccc(Cl)cc2)nn1,0,5,0.15783248643012054,183
Cc1ncn(Cc2cn(-c3ccc(Cl)cc3)nn2)n1,0,8,0.22599913654129883,183
Clc1ccc(-n2cc(Cn3nc(C4CC4)nc3C3CC3)nn2)cc1,0,6,0.2838061886240798,5612
Clc1ccc(-n2cc(Cn3cnc(C4CCC4)n3)nn2)cc1,0,9,0.12956796204642546,5613
Clc1ccc(-n2cc(Cn3cnc(C4CC4)n3)nn2)cc1,0,6,0.124348779223197,5614
Clc1ccc(-n2cc(Cn3cnc(C4CCCC4)n3)nn2)cc1,0,8,0.1717151112445887,5615
Clc1ccc(-n2cc(Cn3ncnc3C3CC3)nn2)cc1,0,1,0.10138633314262689,5616
FC(F)(F)c1ncn(Cc2cn(-c3ccc(Cl)cc3)nn2)n1,0,9,0.21054679135902973,183
CC(C)(C)c1ncnn1Cc1cn(-c2ccc(Cl)cc2)nn1,0,8,0.19079146117566803,183
CC(C)(C)c1ncn(Cc2cn(-c3ccc(Cl)cc3)nn2)n1,0,7,0.17271802690135832,183
Cc1nc(C2CCC2)n(Cc2cn(-c3ccc(Cl)cc3)nn2)n1,0,10,0.20977059329090486,5617
Cc1nc(C2CCC2)nn1Cc1cn(-c2ccc(Cl)cc2)nn1,0,2,0.2047531267125983,5613
Cc1nc(C)n(Cc2cn(-c3ccccc3)nn2)n1,0,4,0.22677721174454044,183
Cc1nc(CO)n(Cc2cn(-c3ccccc3)nn2)n1,0,3,0.21470816929158323,183
Cc1nc(CO)nn1Cc1cn(-c2ccccc2)nn1,0,7,0.16764656178927156,183
Clc1ccc(-n2c(-c3ccncc3)nc3ccncc32)cc1,0,8,0.24659640206436834,5618
Clc1ccc(-n2c(-c3ccc(CN4CCOCC4)nc3)nc3ccncc32)cc1,0,4,0.27344478551875834,5619
Clc1ccc(-n2c(-c3cnc(NC4CCOCC4)nc3)nc3ccncc32)cc1,0,1,0.2684919992453235,5620
O=C1CN(c2ncc(-c3nc4ccncc4n3-c3ccc(F)cc3)cn2)CCN1,0,6,0.08195857275961446,5621
O=C1CN(c2ncc(-c3nc4ccncc4n3-c3ccc(Cl)cc3)cn2)CCN1,0,3,0.05862597792002983,5621
Clc1ccc(-n2c(-c3cnc(N4CCNCC4)o3)nc3ccncc32)cc1,0,7,0.1650202640845403,5622
Fc1ccc(-n2c(-c3cnc(NC4CCOCC4)nc3)nc3ccncc32)cc1,0,10,0.1135205768553621,5620
Cc1cc(N2CCOCC2)ncc1-c1nc2ccncc2n1-c1ccc(F)cc1,0,1,0.15600652231841927,5623
C[C@@H]1CN(c2ncc(-c3nc4ccncc4n3-c3ccc(F)cc3)cn2)C[C@H](C)O1,0,1,0.092821046095061,5624
CC1(C)CN(c2ncc(-c3nc4ccncc4n3-c3ccc(F)cc3)cn2)CCO1,0,9,0.07693023659646736,5624
CN1CCN(Cc2ccc(-c3nc4ccncc4n3-c3ccc(Cl)cc3)cc2)CC1,0,7,0.4571681782915191,5625
Clc1ccc(-n2c(-c3ccc(N4CCNCC4)nc3)nc3ccncc32)cc1,0,9,0.15303677254698736,5626
Fc1ccc(-n2c(-c3cnc(N4CCOCC4)nc3)nc3ccncc32)cc1,0,6,0.07215645943637683,5624
Cc1ccc(-n2c(-c3cnc(N4CCOCC4)nc3)nc3ccncc32)c(F)c1,0,7,0.1306450892025831,5624
Fc1ccc(-n2c(-c3ccc(N4CCOCC4)nc3)nc3ccncc32)cc1,0,2,0.06217952015715933,5623
Cc1ccc(-n2c(-c3cnc(N4CCOCC4)nc3)nc3ccncc32)cc1,0,2,0.12583875101273256,5624
Cc1ccc(-n2c(-c3ccc(N4CCOCC4)nc3)nc3ccncc32)cc1,0,1,0.136168455116779,5623
Cc1ccc(-n2c(-c3ccc(N4CCOCC4)nc3)nc3ccncc32)cn1,0,10,0.08115290289497264,5627
Fc1ccc(-n2c(-c3cnc(N4CCCC4)nc3)nc3ccncc32)cc1,0,9,0.10234552349593244,5628
CC1CN(c2ccc(-c3nc4ccncc4n3-c3ccc(F)cc3)cn2)CCO1,0,2,0.1329052602413614,5623
CN(C)c1ccc(-c2nc3ccncc3n2-c2ccc(F)cc2)cn1,0,2,0.1513716905403527,5629
Clc1ccc(-n2c(-c3cnc(N4CCOCC4)nc3)nc3ccncc32)nc1,0,6,0.10127811852903373,5630
Fc1cc(Cl)ccc1-n1c(-c2cnc(N3CCOCC3)nc2)nc2ccncc21,0,7,0.13910661765833446,5624
Fc1ccc(-n2c(-c3cnc(N4CCOCC4)nc3)nc3ccncc32)c(F)c1,0,5,0.07041518633242952,5624
Fc1cc(Cl)ccc1-n1c(-c2ccc(N3CCOCC3)nc2)nc2ccncc21,0,7,0.1969335910083065,5623
Clc1ccc(-n2c(-c3ccc(N4CCOCC4)nc3)nc3ccncc32)nc1,0,9,0.10498845972276191,5631
Cc1ccc(-n2c(-c3ccc(N4CCOCC4)nc3)nc3ccncc32)nc1,0,2,0.10520920588934553,5631
CC(=O)NC1CCN(c2ccc(-c3nc4ccncc4n3-c3ccc(Cl)cc3)cn2)CC1,0,3,0.2627375224134352,5632
CC(=O)N1CCN(c2ccc(-c3nc4ccncc4n3-c3ccc(F)cc3)cn2)CC1,0,6,0.09629796230499553,5626
CS(=O)(=O)N1CCN(c2ccc(-c3nc4ccncc4n3-c3ccc(F)cc3)cn2)CC1,0,1,0.10964946303870118,5626
NC(=O)NC1CCN(c2ccc(-c3nc4ccncc4n3-c3ccc(Cl)cc3)cn2)CC1,0,8,0.13698653553902373,5632
NC(=O)N1CCN(c2ccc(-c3nc4ccncc4n3-c3ccc(F)cc3)cn2)CC1,0,10,0.12300512882914982,5626
c1ccc(-n2c(-c3cnc(N4CCOCC4)nc3)nc3ccncc32)cc1,0,9,0.11211991093082548,5624
Fc1ccc(-n2c(-c3cnc(N4CCOCC4)c(F)c3)nc3ccncc32)cc1,0,7,0.1293045211121288,5623
Nc1ccc(-c2nc3ccncc3n2-c2ccc(Cl)cc2)cn1,0,2,0.23807252898578576,5629
COCCN(C)c1ncc(-c2nc3ccncc3n2-c2ccc(C)cc2)cn1,0,6,0.1521896447853065,5633
O=C1CN(c2ncc(-c3cc4ccncc4n3-c3ccc(Cl)cc3)cn2)CCN1,0,7,0.32349936146502717,5634
CCCCNc1nc(N)nc(C)c1Cc1ccc(CN(CC)CC(=O)O)cc1OC,0,4,0.1510792719766608,187
CCC[C@@H](CCO)Nc1nc(N)nc(C)c1Cc1ccc(CN(CC(=O)O)CC(F)(F)F)cc1OC,0,5,0.10217067953292366,187
CCC[C@@H](CCO)Nc1nc(N)nc(C)c1Cc1ccc(CN(CC(=O)O)C(C)=O)cc1OC,0,2,0.058001477555958206,187
CCC[C@@H](CCO)Nc1nc(N)nc(C)c1Cc1ccc(OCCCN2CCC[C@@H]2C(=O)O)cc1OC,0,5,0.18871584976300065,5635
Cc1cc(CNC(=O)Nc2c(Cl)cc([C@@](C)(O)C(F)(F)F)cc2Cl)no1,0,6,0.1578789004030998,5636
C[C@@](O)(c1cc(Cl)c(NC(=O)NCc2nc(C(F)(F)F)no2)c(Cl)c1)C(F)(F)F,0,3,0.14058293784958417,5637
O=C(NCc1ccc(C(F)(F)F)cn1)Nc1c(Cl)cc([C@@H](O)C(F)(F)F)cc1Cl,0,3,0.17107847794258302,5638
O=C(NCc1cnc(C(F)(F)F)s1)Nc1c(Cl)cc([C@@H](O)C(F)(F)F)cc1Cl,0,5,0.17741724888926827,5639
CC(O)(c1cc(Cl)c(NC(=O)CC2CCCCC2)c(Cl)c1)C(F)(F)F,0,9,0.2502292844274014,5640
NC(c1cc(Cl)c(NC(=O)NCc2ccc(C(F)(F)F)nc2)c(Cl)c1)C(F)(F)F,0,1,0.1429557690926348,5641
O=C(NCCN1CCC(c2cccc(C(F)(F)F)n2)CC1)C1CCCOC1,0,6,0.04415117073269725,5642
Cc1cccc(C2CCN(CCNC(=O)C(C)(C)C)CC2)n1,0,2,0.050522617459350695,1671
Cc1cccc(C2=CCN(CCNC(=O)[C@H]3C[C@@H]4CC[C@H]3O4)CC2)n1,0,4,0.10796481285703843,5643
Cc1cccc(C2CCN(CCNC(=O)C3CCCOC3)CC2)n1,0,2,0.050987251303122136,5642
O=C(NCCN1CC=C(c2cccc(C(F)(F)F)n2)CC1)C1CCCOC1,0,10,0.06886133813922946,5644
COCC(C)(C)C(=O)NCCN1CC=C(c2cccc(C(F)(F)F)n2)CC1,0,8,0.12824935456851325,5645
Cc1cccc(C2=CCN(CCNC(=O)C3CCCCO3)CC2)n1,0,9,0.04737266652610314,5646
O=C(NCCN1CCC(c2cccc(C(F)(F)F)n2)CC1)[C@H]1C[C@@H]2CC[C@H]1O2,0,2,0.09285153837266315,2254
O=C(NCCN1CCC(c2cccc(C(F)(F)F)n2)CC1)C1CCCO1,0,10,0.04950387298466648,5647
O=C(NCCN1CCC(c2cccc(OC(F)(F)F)n2)CC1)C1CCOCC1,0,4,0.10526831610490003,2852
Cc1cccc(C2=CCN(CCNC(=O)C3CCOCC3)CC2)n1,0,4,0.04974326532879965,5648
Cc1cccc(C2=CCN(CCNC(=O)C(C)(C)C)CC2)n1,0,3,0.05806943384684857,5645
CC(C)(C)C(=O)NCCN1CC=C(c2cccc(C(F)(F)F)n2)CC1,0,1,0.16533153825771676,5645
COc1cccc(C2CCN(CCNC(=O)C3CCOCC3)CC2)n1,0,3,0.06413060306797295,2852
CN(C)c1cccc(C2CCN(CCNC(=O)C3CCOCC3)CC2)n1,0,4,0.03525707040008955,2852
Cc1cc(/C=C/C(=O)c2cnc3ccccc3c2)cc(C)c1OC(C)(C)C(=O)O,0,1,0.0662695515145603,5649
Cc1cc(/C=C/C(=O)c2cc3ccccc3nc2Cl)cc(C)c1OC(C)(C)C(=O)O,0,4,0.11830532105838472,5649
COc1nc2ccccc2cc1C(=O)/C=C/c1cc(C)c(OC(C)(C)C(=O)O)c(C)c1,0,8,0.05211781050523841,5649
COCCOc1nc2ccccc2cc1C(=O)/C=C/c1cc(C)c(OC(C)(C)C(=O)O)c(C)c1,0,9,0.08473623676921806,5649
Cc1cc(/C=C/C(=O)c2cc3ccccc3nc2C(F)(F)F)cc(C)c1OC(C)(C)C(=O)O,0,4,0.10491239826193331,5649
Cc1cc(/C=C/C(=O)c2cc3ccccc3nc2N(C)C)cc(C)c1OC(C)(C)C(=O)O,0,9,0.10209672730602119,5649
Cc1cc(/C=C/C(=O)c2cc3ccccc3nc2N2CCCC2)cc(C)c1OC(C)(C)C(=O)O,0,1,0.1213631327704663,5650
CSc1nc2ccccc2cc1C(=O)/C=C/c1cc(C)c(OC(C)(C)C(=O)O)c(C)c1,0,6,0.08474432178028592,5649
COc1ccc2cc(C(=O)/C=C/c3cc(C)c(OC(C)(C)C(=O)O)c(C)c3)c(Cl)nc2c1,0,5,0.09519606135520003,5649
COc1ccc2cc(C(=O)/C=C/c3cc(C)c(OC(C)(C)C(=O)O)c(C)c3)c(OC)nc2c1,0,5,0.05836135921533066,5649
COc1ccc2nc(OC)c(C(=O)/C=C/c3cc(C)c(OC(C)(C)C(=O)O)c(C)c3)cc2c1,0,3,0.05933727612990555,5649
CCN(CCN1CCC(c2n[nH]c3cc(F)ccc23)CC1)C(=O)C(C)O,0,10,0.1425641054679898,5651
CCN(CCN1CCC(c2c[nH]c3ccccc23)CC1)C(=O)C(C)O,0,2,0.17933554664670756,5652
CCN(CCN1CCC(c2noc3ccccc23)CC1)C(=O)C(C)O,0,3,0.07500638208192756,385
CCN(CCN1CCN(c2noc3ccccc23)CC1)C(=O)C(C)O,0,7,0.16314032562823488,5653
CCN(CCN1CCN(c2noc3cc(F)ccc23)CC1)C(=O)C(C)O,0,4,0.1549990406995389,5653
CCN(CCN1CCC(c2noc3cc(F)ccc23)CC1)C(=O)C(C)CO,0,4,0.29953046977605335,385
CCN(CCCN1CCC(c2noc3cc(F)ccc23)CC1)C(=O)[C@H](C)O,0,10,0.37092632542749576,385
CCN(CCN1CCC(c2noc3ccc(F)cc23)CC1)C(=O)[C@H](C)O,0,1,0.14202747961912146,385
CCN(CCN1CCC(c2noc3cc(F)c(C)cc23)CC1)S(=O)(=O)CCO,0,3,0.1062754558006251,385
CCN(CCN1CCC(c2noc3ccc(C)cc23)CC1)S(=O)(=O)CCO,0,2,0.1303619356735647,385
CCN(CCN1CCC(c2noc3ccccc23)CC1)S(=O)(=O)CCO,0,4,0.16384027124958234,385
CCN(CCN1CCC(n2ncc3cc(F)ccc32)CC1)S(=O)(=O)C(C)CO,0,3,0.10885663446386279,664
CCN(CCN1CCC(C2NOc3cc(F)ccc32)CC1)C(=O)C(O)CN,0,4,0.17187869962137167,5654
CCN(CCN1CCC(c2noc3cc(F)ccc23)CC1)C(=O)C1CNCC1O,0,2,0.10703273166933168,5655
CCN(CCN1CCC(c2noc3cc(F)ccc23)CC1)C(=O)C1CNCCC1O,0,1,0.10871152355773442,5656
CCN(CCN1CCC(c2noc3cc(F)ccc23)CC1)C(=O)C1(O)CCCNC1,0,4,0.07663782807532454,5656
CCN(CCN1CCC(c2noc3cc(F)ccc23)CC1)C(=O)C1(O)CCNC1,0,7,0.10354790699656968,5655
CCN(CCN1CCC(C2NOc3cc(F)ccc32)CC1)C(=O)C(O)CNC(C)=O,0,9,0.13054831135595318,5654
CCN(CCN1CCC(c2noc3cc(F)ccc23)CC1)C(=O)C1CN(C)CCC1O,0,6,0.21080317681910243,5656
CC(C)(O)CNc1ncc(-c2nc3ccncc3n2-c2ccc(F)cc2)cn1,0,5,0.09020991167492061,5633
Cc1c(N2CCC3(CC2)CO[C@@H](C)[C@H]3N)nc(C)n(-c2cccc(Cl)c2Cl)c1=O,0,7,0.20019774957933148,1954
COc1cc(Nc2ccc3c(n2)CN(C)C32CCN(C3COC3)CC2)c(C(N)=O)nc1-c1cccc2c1ncn2C,0,2,0.19966227230330244,5657
O=C1CC[C@H](N2Cc3c(ccc4c3OCC43CCN(C[C@@H]4CCC5(CCN(c6ccc([C@@H]7c8ccc(O)cc8CC[C@@H]7c7ccccc7)cc6)CC5)OC4)CC3)C2=O)C(=O)N1,0,9,0.23732525632564916,5658
C[C@@H]1COCCN1c1cc(N=[S@@](C)(=O)C2CC2)nc(-c2ccnc(N)c2)n1,0,7,0.07078269714929092,5659
O=C(c1ccc(S(=O)(=O)Nc2ccccc2)cc1)N(Cc1ccc(NCCO)cc1)CC1CC1,0,8,0.17200740202200354,5660
CCc1nn(C)c2nc(-c3ccc(C(=O)O)cc3)nc(NCc3ccc(F)cc3)c12,0,4,0.10984648229002507,5661
O=C(N[C@H]1C[C@@H](c2ccccc2)CN(CC(F)(F)F)C1=O)c1ccc2c(c1)C[C@@]1(C2)C(=O)Nc2ncccc21,0,10,0.1895872080891499,5662
C#CC1(NC(=O)C(=O)c2c(C)c(C(=O)Nc3ccc(F)c(C#N)c3)n(C)c2C)COC1,0,8,0.12778328212944925,262
Cc1ccc(O)c(C)c1-n1c(N)c(C(N)=O)c2c(=O)n(CF)c(C)nc21,0,4,0.06161201192649175,5663
Cc1ccc(O)c(C)c1-n1c(N)c(C(N)=O)c2c(=O)n(CC(F)(F)F)c(C)nc21,0,2,0.07898509886530672,5663
Cn1nc(-c2ccnn2C)cc1CNC(=O)c1cc(-c2ccco2)ccc1Cl,0,10,0.2113765733579853,5664
COc1ncnc(C2CC2)c1-c1nc(N2CCOC[C@H]2c2ccc(-c3nc(C(F)(F)F)cn3C(C)C)cc2)c2occc2n1,0,3,0.2981897230033424,5665
CC1(C)CC[C@@H](OC(=O)/C=C/c2ccccc2)[C@]2(C)C(C=O)C(C=O)=C[C@H](O)[C@@]12C,0,1,0.2030367345606391,5666
CC(C)C(=O)c1c(Nc2ccc(F)c(F)c2F)[nH]c2c(F)cc(F)cc2c1=O,0,4,0.22340864269610136,3292
O=C(O)C[C@H](CN1CC[C@@](F)(CCc2ccc3c(n2)NCCC3)C1)c1cccc(N2CCOCC2)c1,0,5,0.143428618194187,3029
C=CC(=O)N1CCN(c2c(C#N)c(=O)n(-c3c(C)ccnc3C(C)C)c3nc(-c4c(N)c(F)c(F)c(F)c4F)c(Cl)cc23)CC1,0,5,0.2342112036965554,5667
O=c1c2c([nH]c3cc(Oc4ccc(OC(F)(F)F)cc4)ccc13)CCCC2,0,9,0.3092684828466191,5668
CC(C)(c1ccc(OCCNc2cccc3c2C(=O)N(C2CCC(=O)NC2=O)C3=O)cc1)c1ccc(OCc2cccc(N3CCOCC3)n2)cc1,0,8,0.23964371582428906,5669
Cn1c(=O)n(CCCO)c(=O)c2c1nc(-c1ncncc1OCC1CC1)n2Cc1ccc(Cl)cc1,0,6,0.1968298363891435,5670
O=C(/C=C/c1ccccc1)N1CCC2(CCCC(=O)N2Cc2ccccc2)CC1,0,8,0.24210056817049178,5671
O=C(/C=C/c1ccccc1)N1CCC2(CCCC(=O)N2c2ccc(Cl)c(F)c2)CC1,0,1,0.08291274194259132,3334
O=C(/C=C/c1ccccc1)N1CCC2(CCOC(=O)N2c2ccc(Cl)c(F)c2)CC1,0,9,0.14058410465131024,5672
O=C(/C=C/C1CCC1)N1CCC2(CCCC(=O)N2c2ccc(Cl)c(F)c2)CC1,0,8,0.1516608230423455,5673
O=C(/C=C/C1CC1)N1CCC2(CCCC(=O)N2c2ccc(Cl)c(F)c2)CC1,0,5,0.14609875677498682,5674
O=C1CCCC2(CCN(c3cc(OCC(F)(F)F)ncn3)CC2)N1c1ccc(F)c(F)c1,0,5,0.338493039934179,5675
Nc1cc(F)c(S(=O)(=O)NC2COC2)cc1C(=O)Nc1ccc(F)c(C(F)F)c1,0,7,0.09666245651402239,5676
Nc1cc(F)c(S(=O)(=O)N[C@H]2CNC2=O)cc1C(=O)Nc1ccc(F)c(C(F)F)c1,0,7,0.08427041656334283,5677
CCCCCCCCC(=O)c1cccc2oc(-c3cc(OC)ccc3OC(=O)N3CCCC3)cc12,0,8,0.4323993275823543,5678
Cn1c(=O)c2c(ncn2CCC(=O)NNC(=O)c2cc3nccc(-c4ccc(OC(F)F)c(OCC5CC5)c4)n3n2)n(C)c1=O,0,2,0.12378346557922124,5679
COc1ncc(-c2cc(OCCCCCCCCCCCCNc3cccc4c3C(=O)N(C3CCC(=O)NC3=O)C4=O)c3ncnc(C)c3c2)cc1NS(=O)(=O)c1ccc(F)cc1F,0,10,0.21341005092008664,5680
