smiles,y_true,fold,prediction,scaffold_group
CCNC(=O)C[C@@H]1N=C(c2ccc(Cl)cc2)c2cc(OC)ccc2-n2c(C)nnc21,4.398,2,6.5179470251322735,0
Nc1nc(-c2ccc(CCCCN3CCN(c4ccccc4)CC3)cc2)cs1,7.432,9,6.814218376984128,1
O=C(N[C@H]1CC[C@@H](CCN2CCN(c3nsc4ccccc34)CC2)CC1)c1ccco1,9.503,7,9.053386246031742,2
C[C@@H]1CNC[C@H]2Cc3ccc(C#N)cc3N21,6.96,7,6.527381605940357,3
COc1ccccc1CCN1CC[C@H]2[C@@H](C1)c1cccc3c1N2CCCS3,7.421,6,7.2088900026455045,4
CC(C)[C@H](O)C(=O)N[C@H]1CC[C@H](CCN2CCN(c3cccc4c3OCO4)CC2)CC1,7.555,5,7.736708009259258,5
COc1ccccc1N1CCN(CCCCCN2C(=O)c3ccccc3S2(=O)=O)CC1,6.23,8,6.36063090740741,6
CN(C)Cc1ccc(C(F)(F)F)cc1Oc1ccc(Cl)c(Cl)c1,7.38,5,7.644489325396833,7
Cc1c(C(=O)NCCCCN2CCN(c3cccc(Cl)c3Cl)CC2)nnn1Cc1ccccc1,8.13,6,7.567731679894176,8
O=S(=O)(N[C@H]1CC[C@H](CCN2CCC(c3noc4cc(F)ccc34)CC2)CC1)c1ccc(Cl)cc1,8.29,7,8.2991524265873,9
O=S(=O)(c1cccc2ncccc12)N1CCC[C@H]1CCN1CCC(c2noc3cc(F)ccc23)CC1,8.1105,10,7.9343162376142295,10
OC(c1ccc(F)cc1)C1CCN(CCc2cccc(I)c2)CC1,7.881,6,6.923642465608466,11
O=CN[C@H]1CC[C@H](CCN2CCN(c3nccc4c3CCO4)CC2)CC1,7.629,10,7.054002582732081,12
CCn1c(-c2ccccc2)cc(C(=O)NCCCN2CCN(c3cccc(Cl)c3Cl)CC2)c1C,6.422,8,6.90689172751323,13
CCCC(=O)N[C@H]1CC[C@H](CCN2CCN(c3nccc4c3CCO4)CC2)CC1,7.64,10,7.836348313492061,12
O=C(CC1(O)CCOCC1)N[C@H]1CC[C@H](CCN2CCC(c3cccc4c3OCO4)CC2)CC1,7.6,3,7.216626228354979,14
Cc1ncnc(C)c1-c1cc(NC(=O)C2CC2)ccc1OC1CNC1,7.297,4,7.504839957671956,15
Cc1nc2n(c(=O)c1CCN1CCN(c3nccc4sccc34)CC1)CCCC2O,7.58,7,8.012898318783067,16
O=C(N[C@H]1CC[C@H](CCN2CCC(c3cccc4c3OCO4)CC2)CC1)C1CCOC1,7.619,7,7.881660904761902,17
CC(=O)N[C@H]1CC[C@H](CCN2CCN(c3ncc(C)c4c3CCO4)CC2)CC1,7.17,10,7.616341207671958,12
CCNC(=O)c1ccc2c3c1CCN3CCNC2,4.301,4,4.958085492063489,18
CC(C)COc1ccc(CNC(=O)N(Cc2ccc(F)cc2)[C@H]2CCN(C)C[C@H]2F)cc1,8.54,2,7.741652486111116,19
O=C(N[C@H]1CC[C@H](CCN2CCN(c3nsc4ccccc34)CC2)CC1)c1cc2ccccc2o1,8.91,5,8.834978152116413,20
COc1cc2c(cc1OC)C(=O)N(CCCCN1CCN3c4cccc5scc(c45)CC3C1)C2,6.796,5,6.507476825396822,21
O=C(CCCCN1CCC(c2noc3cc(F)ccc23)CC1)c1cc2c3c(c1)CCN3C(=O)CC2,8.504,10,8.587920969576725,22
O=C1Cc2cc(CCN3CCN(c4cccc5c4CCS5)CC3)c(Cl)cc2N1,6.64,9,7.271789670634925,23
O=S(=O)(c1cccc2ncccc12)N1CCCCC[C@H]1CCN1CCN(c2cccc3sccc23)CC1,7.291,2,7.474957285714282,24
CN(C)CC1C[C@H]2c3ccccc3Cc3ccccc3[C@H]2O1,7.66,9,7.279553702020198,25
Cn1ncc(Cl)c1-c1cc(NC(=O)C(=O)c2cc(Br)cs2)ccc1OCCN,8.92,9,8.305556436988933,26
CC(=O)NC1CCc2ccc(CCN3CCN(c4nsc5ccccc45)CC3)cc21,11.0,7,9.07411882605819,27
Cc1cnc(N2CCN(CC[C@H]3CC[C@H](NC(=O)CC4CCOCC4)CC3)CC2)c2c1OCC2,7.36,3,7.5675853029100475,28
Cc1ccc(Cn2ncc(N3CCNCC3)c(Cl)c2=O)cc1NC(=O)c1ccc(-c2ccccc2)cc1,8.674,2,6.569767777777778,29
Cc1cc(Oc2cc(Cl)ccc2O[C@H]2CCNC2)ccc1F,7.0,7,7.527037950396831,30
Cc1nc(C(=O)NCCCN2CCN(c3cccc(C)c3C)CC2)cc(C(C)C)n1,6.31,9,6.990325293650799,31
CCN(CCN1CCC(c2noc3cc(F)ccc23)CC1)C(=O)CC(C)O,8.77,4,8.92014087698413,32
CNCc1ccccc1Oc1ccc(C)c(C)c1,7.179,5,6.901882757936507,7
COc1cccc(OC)c1C(=O)NN1c2ccc(Cl)cc2N=C(N2CCN(C)CC2)c2ccccc21,7.86,9,6.833060039682542,33
Cc1cc(Cl)c2c(c1)[C@H]1CNC[C@@H]1NC2=O,6.44,7,6.339777444444443,34
[2H]C([2H])(c1c[nH]c2cccc(F)c12)[C@H]1CCCN1,6.0,2,6.783236055435305,35
O=S(=O)(c1ccccc1)C1(F)CCN(CCc2ccc(F)cc2F)CC1,9.169,4,8.5438716468254,36
Cn1nccc1-c1cc(NC(=O)c2ccc(C(F)(F)F)cc2)ccc1OCCN1CCCC1,8.72,3,8.575829796296293,37
Cc1noc(C)c1-c1cc(NC(=O)C2(F)CC2)ccc1OCCN1CCC1,7.987,2,8.21243765079365,38
c1ccc2c(c1)cc1n2CCNC1,6.09,3,7.149767809523805,39
CC1CNCCc2cc(F)c(Cl)cc21,7.185,3,6.804058470057716,40
CCOC(=O)Cc1nn(CNC(=O)CCN2CCN(c3cccc(C)c3C)CC2)c(=O)c2cc(F)ccc12,6.36,5,6.93364081349206,41
O=S(=O)(c1cccc2ncccc12)N1CCC(CCN2CCN(c3ccc(Cl)cc3)CC2)CC1,6.82,7,6.74396549867725,42
COc1c(Cl)cccc1N1CCN(CCCCNC(=O)c2cnc3ccccc3c2)CC1,8.77,1,7.42833157010582,43
Clc1ccc2[nH]c3c(c2c1)CCNC3c1ccccc1Cl,7.888,6,6.800137707671956,44
O=S1(=O)c2cccc3cccc(c23)N1CCCCCCN1CCN(c2cccc(Cl)c2)CC1,6.49,10,7.023658924603178,45
CN1CCN(c2nc(N)nc(C(C)(C)Sc3ccc4ccccc4c3)n2)CC1,7.41,10,6.700912555555556,46
COc1cccc(CCCN(CCc2ccc(OC)c(OC)c2)CCc2ccc3c(c2)OCO3)c1,6.7,10,6.832919957671958,47
CCc1nc(N)[nH]c1-c1cn(S(=O)(=O)c2ccccc2)c2ccc(OC)cc12,6.18,10,5.713816599206345,48
Cc1cc2c(cn1)C(=O)N(CCN1CCN(c3noc4ccccc34)CC1)CC2,8.639,10,8.261662952380957,49
COc1ccccc1N1CCN(CCCN(CC2CCCCC2)S(=O)(=O)c2cccc3cccnc23)CC1,7.221,1,7.289571542328046,50
O=S(=O)(c1ccc(/C=C/c2ccc(F)cc2Cl)nc1)c1ccccc1F,8.742,4,7.593308065776819,51
Cc1cc2c(cc1Cl)N(C(=O)Nc1ccc(Oc3cnccc3Cl)nc1)CC2,7.8,7,6.561712484126985,52
CCCN1C[C@H](C(=O)N[C@H](C)CC)C=C2c3cccc4[nH]cc(c34)C[C@H]21,8.2125,2,7.350829548941797,53
CCNC(=O)c1cncc(OCCCCN2CCC(c3noc4cc(F)ccc34)CC2)c1,7.028,1,7.217694985449736,54
Cc1ncccc1Oc1ccc(NC(=O)N2CCc3ccc(Cl)cc32)cn1,6.5,7,6.32276480952381,52
CC(C)(C)c1ccc(C(=O)N[C@H]2CC[C@H](CCN3CCC(c4coc5ccccc45)CC3)CC2)cc1,8.42,9,8.06894197619047,55
CN(C)CCc1cccc2[nH]cc(S(=O)(=O)c3ccccc3)c12,6.46,3,6.869911087301585,56
Oc1ccc2[nH]c3c(c2c1)CCNC3c1ccccc1O,6.975,6,6.4691422928090425,44
O=C(N[C@H]1CC[C@@H](CCN2CCN(c3nsc4ccccc34)CC2)CC1)c1cccs1,9.531,9,9.060385439995185,57
Clc1ccc(C2(COc3ccc(Cl)cc3OC3CNC3)CCC2)cc1,8.097,8,7.3199334722222265,58
COc1ccccc1C1NCCc2c1[nH]c1ccc(O)cc21,6.57,6,6.645262977994222,44
Cc1ccc2c(c1)Oc1cc(C)ccc1C(N1CCN(CC3(C(=O)O)CC3)CC1)=N2,7.888,4,7.450533838624343,59
O=S(=O)(c1cccc2ccccc12)N(CCCN1CCN(c2ccccc2)CC1)CC1CC1,6.77,6,7.237416980158733,60
Cc1noc2c1C(=O)N(CCN1CCN(c3noc4ccccc34)CC1)CC2,7.658,5,7.991587095238095,61
CCCN1CCN(c2ccc(O)c3c2OCCO3)CC1,4.699,4,6.666024189153441,62
O=C(CF)N[C@H]1CC[C@H](CCN2CCC(c3cccc4c3OCO4)CC2)CC1,7.4,3,7.618384712962957,63
Cn1cc(Br)c(C(=O)N2CCN(CCc3ccc(F)cc3F)CC2)n1,8.96,3,8.500130365079363,64
COc1ccc(Nc2nccc(Oc3ccc(NC(=O)Nc4cc(C(C)(C)C)nn4-c4ccc(C)cc4)c4ccccc34)n2)cc1,7.081,9,6.769840424603176,65
Fc1ccc(-c2nc(Cc3ccccc3)nc3c2CCCNC3)cc1,8.06,10,8.07815138492064,66
N#Cc1ccc2[nH]cc(CCCCN3CCN(c4cccc5sccc45)CC3)c2c1,6.48,3,6.500241380952384,67
CC(C)n1nc2c(c1-c1ccc(Cl)c(Cl)c1)CCNCC2,7.41,2,7.43036445634921,68
O=C(NCCCCN1CCN(c2cccc(F)c2)CC1)c1cc2ccccc2cn1,7.96,9,7.425603547979799,69
COc1cccc([C@H]2C[C@@H]2CN)c1,6.211,8,6.305058585317459,70
Clc1ccc2sc(CCCCN3CCc4c(Cl)cccc4C3)nc2c1,6.31,7,6.550944871693122,71
CC(=O)c1ccc(OCc2ccc(Oc3cc(-c4nn[nH]n4)ccn3)cc2)c(C)c1O,2.127,4,6.351354361111109,72
C#CC(C)(C)c1cc(NC(=O)Nc2ccc(Oc3ccnc(Nc4cc(OC)cc(OCCOCCOCCOC)c4)n3)c3ccccc23)n(-c2ccc(C)cc2)n1,6.818,9,7.0427479206349215,65
COc1ccc(N2Cc3cc(Cl)cc(Cl)c3C2=O)cc1OCCN1CCC(C)CC1,6.4,1,6.38728961243387,73
C[C@@H](Oc1ccc(Cl)cc1OC1CNC1)c1cccc(C(F)(F)F)c1,6.499,3,7.594052997354493,74
Oc1ccc2[nH]c3c(c2c1)CCNC3CCc1ccccc1,6.86,6,6.957121345441593,75
CC(C)Oc1ccc(COC(=O)N(Cc2ccc(F)cc2)C2CCN(C)CC2)cc1,9.6,7,8.14105413624339,76
CCOC(=O)c1oc2c(c1C)C(=O)CC(CN1CCC(C(=O)c3ccc(F)cc3)CC1)C2,7.66,5,7.193519351851853,77
CO[C@H]1CC[C@H](CC(=O)N[C@H]2CC[C@H](CCN3CCC(c4coc5ccccc45)CC3)CC2)CC1,8.09,8,8.089272170634915,78
CN1C(=N)N/C(=C/c2c[nH]c3cc(Br)ccc23)C1=O,4.0,6,5.856596683862434,79
O=C(Cc1ccccc1)NC1CCc2ccc(CCN3CCN(c4nsc5ccccc45)CC3)cc21,10.399,6,8.78597956613756,80
COc1c(O)cc2c3c1-c1ccccc1CC3N(C)CC2,4.71,9,6.798185206349209,81
CC1(CCCN2CCN(c3ccccn3)CC2)Cc2cc(Cl)ccc2C1=O,6.699,1,6.519195415343914,82
CNC(C)c1cc(C)ccc1Oc1ccc(Cl)c(Cl)c1,6.762,5,6.729004011904763,7
CC(=O)N[C@H]1CC[C@H](CCN2CCN(c3ncc(C)c4occc34)CC2)CC1,7.86,9,7.710102624338624,83
O=C(CC1(O)CCC1)N[C@H]1CC[C@H](CCN2CCN(c3cccc4c3OCO4)CC2)CC1,7.59,9,7.676796356301108,84
CC1(C)Cc2cc(Cl)cc([C@H]3C[C@H]3CN)c2O1,6.221,1,6.45710402116402,85
COc1ccccc1N1CCN(CCCCOc2ccc3c(C)cc(=O)oc3c2C(C)=O)CC1,7.251,10,7.541066066137567,86
COc1ccccc1-c1cc(C2CCNC2)ccc1Cl,6.47,9,7.369930970238099,87
COc1cccc(C(=O)C2CCN(CCc3ccc(F)cc3)CC2)c1OC,8.996,2,7.896644673641167,88
C=CCN(CC=C)CCc1c[nH]c2ccc(F)cc12,6.61,1,6.752721365079364,89
Clc1cc2nc3c(nc2cc1Cl)[C@@H]1CCC(C3)N1,6.19,5,6.429765802910056,90
Nc1nc2cc(CCN3CCN(c4cccc5sccc45)CC3)ccc2s1,8.042,4,8.025472077380947,91
O=C(CC1CCCO1)N[C@H]1CC[C@H](CCN2CCC(c3coc4ccccc34)CC2)CC1,8.268,4,8.268841623015875,92
O=S(=O)(c1ccc(/C=C/c2ccccc2F)nc1)c1ccccc1F,8.588,4,6.961333545935548,51
Cn1nccc1-c1cc(NC(=O)Nc2ccc(Cl)cc2)ccc1OCCN1CCC(O)CC1,9.38,9,8.43769738095238,93
CNCc1cc(OCc2cc(Cl)ccc2Cl)n(CC2CCCCC2)n1,8.492,6,7.913214799117542,94
NCCc1c[nH]c2c(F)ccc(O)c12,8.14,1,6.629900857142854,89
O=C(NC[C@H]1CCCOC1)c1ccc(C#Cc2ccccc2F)cc1,6.523,1,6.64382241666666,95
COc1ccccc1N1CCN(CCCN2CCN(c3ncccc3C#N)CC2)CC1,4.64,6,6.460949332010579,96
CC1CC(=O)Nc2c(CCN3CCN(c4nsc5ccccc45)CC3)cc(F)cc21,9.77,2,9.633890039682537,97
COCCNCCOc1ccc(NC(=O)C2(F)CC2)cc1-c1c(C)ncnc1C,8.322,8,8.07689353703704,98
O=C1c2c(cccc2C2CC2)C[C@@H]2CNCCN12,7.05,7,6.566807425925924,99
O=C1CCc2ccc(OCCCCN3CCN(c4cccc5c4CCCO5)CC3)nc2N1,8.888,6,8.92500997222222,100
CCc1cccc(N2CCN(CC(O)CCNC(=O)c3cc4ccccc4o3)CC2)c1Cl,8.49,1,7.178461914141415,101
Cc1ccc2c(N3CCN(CCc4cccc(N5CCNC5=O)c4)CC3)cccc2n1,6.0,4,6.944636977513228,102
Cc1nc(C(=O)NCCCN2CCN(c3cccc(Cl)c3Cl)CC2)c(C)n1-c1ccccc1F,7.78,3,7.314774502645505,103
O=S(=O)(c1ccccc1)c1ccc(/C=C/c2ccc(F)cc2)nc1,8.13,4,7.875590236772488,51
COc1ccc(NC(=O)Nc2ccc(Cl)c(C(F)(F)F)c2)cc1-c1c(Br)cnn1C,9.3,9,7.628859921957675,104
COc1ccc(N2CCN(CCCCNC(=O)c3n[nH]c4ccccc34)CC2)cc1,6.15,9,6.636942120370371,105
c1ccc(COc2noc3c2CCNCC3)cc1,6.255,10,6.989532082010579,106
CCCCN1CCC(COC(=O)c2cc(Cl)c(N)c3c2OCCO3)CC1,6.02,4,6.912864264550269,107
CNC(=O)c1cc(OCCCCN2CCN(c3cccc4sccc34)CC2)ccn1,6.811,3,7.127813873015873,108
Cc1ncnc(C)c1-c1cc(NC(=O)c2ccn(C)c2)ccc1OCCN1CCCC1,7.476,7,7.954981738095236,109
O=S(=O)(c1ccnc2ccccc12)N1CCCCC[C@H]1CCN1CCN(c2nsc3ccccc23)CC1,7.58,6,7.645358920634911,110
COC(CC(=O)N[C@H]1CC[C@H](CCN2CCC(c3noc4cc(Cl)ccc34)CC2)CC1)OC,7.867,1,8.031886388888884,111
C=CCN(CCc1c[nH]c2ccc(F)cc12)C1CCC1,6.09,2,6.723585484126986,112
CCOc1cc(C(F)(F)F)c(OCC)cc1C1CCCNC1,6.26,7,6.919790482804227,113
O=C(Nc1ccco1)N[C@H]1CC[C@@H](CCN2CCN(c3nsc4ccccc34)CC2)CC1,8.8605,2,9.045848718253973,114
COc1ccc(N2Cc3cccc(C(F)(F)F)c3C2=O)cc1OCCN1CCC(C)CC1,6.2,1,6.678261198412704,73
O=C1CC(CN2CCC(C(=O)c3ccc(F)cc3)CC2)Cc2ncncc21,6.51,6,7.50211788095238,115
NCCc1c[nH]c2ccccc12,8.13,1,6.25811240343915,89
Cc1nc(C(=O)NCCCN2CCN(c3cccc(Cl)c3Cl)CC2)cc(C(C)C)n1,6.948,9,7.31113413227513,31
O=S(=O)(c1cncc2ccccc12)N1CC[C@@H]1CCN1CCN(c2cccc3sccc23)CC1,7.798,10,7.783616712962965,116
COc1cc(CCNCc2ccc(N)cc2)c(OC)cc1Br,7.673,10,7.59249482275132,117
CCCCC(Oc1cc(Cl)cc(Cl)c1)c1nc(Nc2ccncc2)nc(N2CCN(C)CC2)n1,6.159,7,6.626176318783075,118
O=C(CC1CC1)N[C@H]1CC[C@H](CCN2CCC(c3noc4cc(Cl)ccc34)CC2)CC1,7.881,7,7.883055715608467,119
CCN(CCN1CCC(c2noc3cc(F)ccc23)CC1)C(=O)CCO,9.1,4,8.78385557010582,32
O=c1ccc(-n2ccnc2)nn1CCCCN1CCN(c2cccc(C(F)(F)F)c2)CC1,6.78,6,6.783052039682541,120
O=c1n(CCCCN2CCN(c3cccc4sccc34)CC2)nc2c(Cl)cc(Cl)cn12,6.188,3,7.495258847883601,121
COc1cc2c(cc1C(F)(F)F)N(C(=O)Nc1cc(-c3ccccc3)cc(-c3cccnc3)c1)CC2,6.2,4,6.57118587037037,122
N#Cc1c[nH]c2c(C(=O)N3CCN(CCc4ccc(F)cc4)CC3)cccc12,9.134,5,7.738821171957674,123
CCOc1ccccc1N1CCN(CCCCCCN2c3cccc4cccc(c34)S2(=O)=O)CC1,6.239,10,6.7563426005291,45
NCC1CC1c1cc(Cl)c(Cl)cc1OCCF,7.036,8,6.85557666666667,70
CN1CCC(N(C)S(=O)(=O)c2ccc(I)cc2)CC1,6.8,5,6.440368489417989,124
CCc1cc2c(cc1C(F)(F)F)N(C(=O)Nc1ccc(Oc3cccnc3C)nc1)CC2,6.3,7,6.642020682539683,52
Cc1nscc1C(=O)Nc1ccc(OC[C@H]2CCCCN2)c(-c2c(C)ncnc2C)c1,7.714,1,8.086911400793655,125
CC(=O)CNC1CCN(Cc2ccc(CCNC(=O)c3ccc(-c4ccc(F)cc4)cc3)cc2)CC1,6.28,3,6.695140563492057,126
O=S(=O)(c1ccc(F)cc1)N1CCN(CCc2ccc(F)cc2F)CC1,8.36,9,8.308789104497354,127
CC(C)COc1ccc(CC(=O)N(Cc2ccc(F)cc2OC(F)(F)F)C2CCN(C)CC2)cc1,6.699,6,8.158553741101487,128
O=S(=O)(NCCCCN1CCN(c2cccc(Cl)c2Cl)CC1)c1cc2ccccc2cn1,7.458,7,7.497889912698412,129
Cc1ncnc(C)c1-c1cc(NC(=O)C2(F)CC2)ccc1OC[C@H]1CCCCN1,8.037,4,8.046079572751323,130
Fc1ccc(CCCCN2CCN(c3ccc(Cl)cc3)CC2)cc1,7.091,10,6.852239566137567,131
Cc1ccc(Oc2ccc(Cl)c(Cl)c2)c(CN(C)C)c1,6.42,5,6.999044679894178,7
O=C(O)[C@H]1[C@@H]2CN(C3CCC4(Cc5ccccc5Cc5ccccc54)C3)C[C@@H]21,6.2,9,7.2608545224867616,132
CC(C)N(CCN1CCC(c2noc3cc(F)ccc23)CC1)C(=O)[C@H](C)O,8.68,4,8.727711182539684,32
Cc1cccc(N2CCN(CCNC(=O)c3nc(C)n(-c4ccc5c(c4)OCO5)c3C)CC2)c1C,7.539,3,7.228275743386241,133
O=C1Cc2cc(CCN3CCN(c4cccc5sccc45)CC3)c(Cl)cc2N1,7.13,8,7.169168625661378,134
O=C1NCc2cc(Cl)c(OCCCN3CCN(c4cccc5cccc(F)c45)CC3)cc21,8.052,10,7.909639722222222,135
C[C@H](N)Cn1ncc2cc(Cl)c(Cl)cc21,7.96,4,7.450082076719579,136
NC[C@H]1C[C@@H]1c1cccc(F)c1,6.36,8,6.128506293650792,70
O=C1c2cnn(C3CC3)c2CCN1CCN1CCN(c2nsc3ccccc23)CC1,9.149,9,9.02064014285715,137
CCCn1c(-c2ccccc2)cc(C(=O)NCCCN2CCN(c3ccc(Cl)c(Cl)c3)CC2)c1C,7.27,8,6.869397514911017,13
O=C1CC(CN2CCC(C(=O)c3ccc(F)cc3)CC2)Cc2nc(N3CCCC3)sc21,6.55,8,7.630079840788835,138
CCCc1nc(C(=O)NCC(O)CN2CCN(c3cccc(C)c3C)CC2)cn1-c1ccccc1,6.3,3,6.90835614153439,103
CC(=O)c1cccc(NC(=O)N[C@@H]2CCCC[C@H]2CN2CCC[C@@H](Cc3ccc(F)cc3)C2)c1,6.04,7,7.019969216931219,139
Oc1ccc(N2CCN(CCCCOc3ccn4nccc4c3)CC2)c2c1OCCO2,6.32,4,6.687175777777783,140
O=C(NCCCCN1CCN(c2ccccc2OCCF)CC1)c1cc2ccccn2n1,6.282,4,6.772802452380949,141
COc1cc(C2CC2)c(OC)nc1CCN,6.824,4,6.787560272486766,142
O=C1c2ccccc2S(=O)(=O)N1CCCCCCN1CCN(c2cccc(C(F)(F)F)c2)CC1,6.78,2,6.7230199722222155,143
CCN(CC)C(=O)[C@@H]1C=C2c3cccc4[nH]cc(c34)C[C@H]2N(Cc2ccccc2O)C1,8.662,1,7.657058373015873,144
O=C(N[C@H]1CC[C@H](CCN2CCN(c3nccc4c3CCO4)CC2)CC1)c1ccc2ncccc2c1,7.632,1,7.6190969198533,145
COCCNCCOc1ccc(NC(=O)c2ccc(F)cc2)cc1-c1c(C)ncnc1C,8.463,10,7.841719037037037,146
c1ccc2c(c1)Cc1ccccc1C21CCCNC1,7.0,9,7.006345306878304,147
CNCc1ccc(Cl)cc1Oc1ccc(C)c(Cl)c1,8.04,5,6.953425750000001,7
Cc1cccc(N2CCN(CCCNC(=O)c3nc(-c4ccccc4)n(-c4ccc5c(c4)OCCO5)c3C)CC2)c1C,7.721,8,7.438543010582012,148
O=C1c2ccccc2C[C@@H]2CNCCN12,6.319,10,5.656089170634923,149
CCc1nc2c(o1)C(=O)N(CCN1CCN(c3nsc4ccccc34)CC1)CC2,8.601,10,8.652103329365087,150
COc1ccc(NC(=O)Nc2ccc(F)cc2)cc1-c1c(Br)cnn1C(C)C,9.3,9,7.062684595238097,104
Cc1nc2n(c(=O)c1CCN1CCC(c3noc4cc(F)ccc34)CC1)CCCC2=O,8.0,5,8.386020960317468,151
NCCCC1c2ccccc2Cc2ccccc21,7.497,1,6.478720253968256,152
COCc1ccc2c(n1)N1[C@@H](CNC[C@H]1C)C2,6.25,2,6.602641278198651,153
CCN(CCN1CCC(c2noc3cc(F)c(C)cc23)CC1)C(=O)[C@H](C)O,8.339,4,8.222409888888889,32
CCOC(=O)Cc1nn(CNC(=O)CCCN2CCN(c3cccc(C)c3C)CC2)c(=O)c2ccccc12,7.01,1,6.51119629365079,154
C1=C(c2c[nH]c3cccc(-c4ccccc4)c23)CNCC1,6.45,1,6.676470013227513,155
CCNCCc1cccc2[nH]cc(S(=O)(=O)c3ccccc3)c12,6.305,3,6.904473332010583,56
O=S(=O)(N[C@H]1CC[C@H](CCN2CCN(c3cccc4c3OCO4)CC2)CC1)c1ccc(F)cc1,7.241,5,7.280080424001923,156
O=C(CC1(O)CCC1)N[C@H]1CC[C@H](CCN2CCN(c3nccc4c3CCO4)CC2)CC1,7.649,4,7.670127542328045,157
O=S(=O)(c1ccccc1F)N1CCC(CCc2ccc(F)cc2F)CC1,8.002,4,8.097986035714284,158
O=S(=O)(N[C@H]1CCN(CCCc2noc3ccccc23)C1)c1cccc(Cl)c1,8.598500000000001,5,8.68098222619048,159
[C]c1nn([C])c([C])c1S(=O)(=O)N1[C][C]C(=C(C#N)c2ccc(Cl)cc2)[C][C]1,7.398,6,6.02449757936508,160
COCC(=O)Nc1cc(Oc2ccc(NC(=O)Nc3cc(C(C)(C)C)nn3-c3ccc(C)cc3)c3ccccc23)ccn1,8.46,5,6.915483928932177,161
COC(CC(=O)N[C@H]1CC[C@H](CCN2CCN(c3nccc4c3CCO4)CC2)CC1)OC,7.8,10,7.658679551587305,12
O=C(N[C@H]1CCN(Cc2ccc(C(F)(F)F)cc2)C1)c1cccc(-c2cccs2)c1,6.13,9,7.045924928571432,162
Clc1cccc2cc3n(c12)CCNC3,6.411,3,7.0347658835978795,39
Cn1cc(I)c(C(=O)N2CCN(CC(=O)c3ccc(F)cc3)CC2)n1,8.35,6,7.40437214285714,163
OC1(c2ccc(Cl)cc2)C[C@H]2CC[C@@H](C1)N2CCCOc1ccc(F)cc1,6.6295,2,7.18725332539683,164
O=C(CN1CCC(S(=O)(=O)c2ccccc2)CC1)c1ccc(F)cc1,8.62,9,7.6207964682539675,165
Cc1noc(C)c1C1NCCc2c1[nH]c1ccc(F)cc21,6.621,8,6.464192106421348,166
CC(C)N1CCN2c3c(cccc31)[C@@H]1CN(CCCC(=O)c3ccc(F)cc3)CC[C@@H]12,8.122,1,8.340577968253967,167
O=C(CC1CCC1)N[C@H]1CC[C@H](CCN2CCC(c3cccc4c3CCO4)CC2)CC1,7.35,8,7.413950277777773,168
Cn1c(=O)c2c(nc3n2CCCN3CCCN2CCN(c3ccccc3)CC2)n(C)c1=O,6.377,7,6.322268882275132,169
CC(C)COc1ccc(CNC(=O)N(Cc2cc[nH]c2)C2CCN(C)CC2)cc1,7.26,5,7.675459404761911,170
CN(C)Cc1ccccc1Oc1ccc(F)c(F)c1,6.0,5,6.886461919312172,7
CN(C)CCc1sc2ccccc2c1Cc1ccc(F)cc1,10.048,5,7.441046300264552,171
O=C(NC1CCc2ccc(CCN3CCN(c4nsc5ccccc45)CC3)cc21)c1ccccc1,8.322,9,9.699426199735454,172
O=S(=O)(N[C@H]1CC[C@H](CCN2CCN(c3nsc4ccccc34)CC2)CC1)c1cc2cc(Cl)ccc2s1,8.755,4,8.497191218253965,173
CC(C)Oc1ccc(COC(=O)N(Cc2ccc(F)cc2Cl)C2CCN(C)CC2)cc1,8.4,7,7.335702378306881,76
COc1cc2c(cc1OCCN(C)C)N(C(=O)c1ccc(-c3ccc(-c4noc(C)n4)cc3C)cc1)CC2,6.5,2,6.844642543650793,174
OC(c1ccccc1)C1CCN(CCc2ccccc2)CC1,8.601,6,7.374886719576721,11
O=C1NCc2ccc(OCCCN3CCN(c4cccc5cc(F)c(F)cc45)CC3)cc21,7.698,10,8.141371541005292,135
Nc1c(F)cccc1C(=O)CCCN1CC[C@H]2[C@@H](C1)c1cccc3c1N2CCCS3,8.12,2,8.311869504629632,175
O=C(N[C@H]1CC[C@H](CCN2CCC(c3coc4ccccc34)CC2)CC1)c1ccc(N2CCCCC2)cc1,8.16,10,8.116694641534393,176
O=C(NCCCCN1CCN(c2ccccc2)CC1)c1ccccn1,7.0,3,6.688652288359784,177
Cc1ncnc(C)c1-c1cc(NC(=O)C2CC2)ccc1OCCN1CCC2(CC1)CC(=O)N2,7.177,8,7.650678925925922,178
[C]N1[C][C]C(=C2c3ccccc3[C]=[C]c3ccccc32)[C][C]1,9.337,7,6.616064591269847,179
COc1cc(CCNCc2ccncc2)c(OC)cc1Br,6.85,6,7.370589321428568,180
Cc1cccc([C@H]2C[C@@H]2CN)c1C,6.44,8,6.218259371031754,70
O=C(N[C@H]1CC[C@H](CCN2CCC(c3cccc4c3CCO4)CC2)CC1)C1CC1,7.63,2,7.624377731481484,181
CC(C)=CC(=O)N[C@H]1CC[C@H](CCN2CCC(c3coc4ccccc34)CC2)CC1,8.01,5,8.21865121825397,182
O=C(N[C@H]1CC[C@H](CCN2CCC(c3coc4ccccc34)CC2)CC1)C1CCOCC1,8.611,3,8.404109968374213,183
O=C(O)C1CN(C2CC[C@]3(Cc4ccccc4Cc4ccccc43)C2)CCN1,6.5,2,6.85832641269841,184
Cc1nc(C(=O)NCC(O)CN2CCN(c3cccc(Cl)c3Cl)CC2)c(C)n1-c1ccccc1F,6.981,3,7.226391087962965,103
CCc1cc2c(c(C(F)(F)F)c1)C(=O)N1CCNC[C@@H]21,6.15,9,6.16352325661376,185
CN1CCN(c2nc(N)nc(C(C)(C)[Se]c3ccc4ccccc4c3)n2)CC1,7.458,4,6.546218087301589,186
CO[C@@H]1CC[C@@H](CC(=O)N[C@H]2CC[C@H](CCN3CCC(c4cccc5c4OCO5)CC3)CC2)C1,7.56,9,7.534495507936502,187
CN1C(=N)N(C)/C(=C/c2c[nH]c3ccccc23)C1=O,6.222,6,5.754038896825397,79
COc1cc(SSC(C)(C)C)c(OC)cc1CCN,7.23,2,6.868834526455022,188
CC(C)OCc1ccc(CNC(=O)N(Cc2ccc(F)cc2)C2CCN(C)CC2)cc1,8.678,2,8.318242778018279,19
N#CCC(=O)N[C@H]1CC[C@H](CCN2CCN(c3nccc4c3CCO4)CC2)CC1,7.8,10,7.887842900793651,12
CC([Se]c1ccccc1)c1nc(N)nc(N2CCN(C)CC2)n1,6.422,3,6.442087690476196,189
Cc1c(C(=O)NCCCN2CCN(c3cccc(Cl)c3)CC2)cc(-c2ccccc2)n1CC(C)C,6.479,8,6.930255137926883,13
O=C1NCc2ccc(OCCCCN3CCN(c4cccc5cccc(F)c45)CC3)c(F)c21,9.248,4,8.01750728463203,190
COc1ccc(F)cc1C1CC1CNCc1cccc2cccnc12,6.34,5,7.048006035714287,191
O=C(N[C@H]1CC[C@H](CCN2CCC(c3noc4cc(F)ccc34)CC2)CC1)c1ccc(N2CCCCC2)cc1,8.588,3,8.240940547619047,192
NC[C@H]1C[C@@H]1c1cc(F)ccc1OCCF,6.45,8,6.552526720238097,70
O=C1c2nc[nH]c2CCN1CCN1CCC(c2noc3ccccc23)CC1,9.469,2,8.382785062169313,193
COc1ccc(NC(=O)c2ccc(-c3ccc(-c4noc(C)n4)cc3C)cc2)cc1NCCN(C)C,8.3,1,7.119002325396823,194
c1ccc([C@@H]2C[C@H]2NC2CCNCC2)cc1,4.8,1,6.760589925264554,195
O=C(Nc1cccnn1)N1CCC(=Cc2cccc(Oc3ccc(C(F)(F)F)cn3)c2)CC1,6.6,10,6.0110431984127,196
O=S(=O)(N[C@H]1CC[C@H](CCN2CCN(c3nsc4ccccc34)CC2)CC1)c1cc2ccccc2s1,8.855,4,8.576270436507931,173
Fc1ccc2[nH]c3c(c2c1)CCNC3c1cncnc1,7.26,10,6.79605325529101,197
c1cc2c3c(c1)CNCCN3CCC2,4.301,4,4.855076821428567,198
COc1ccc(OC)c(CNCCc2cc(OC)c(Br)cc2OC)c1,7.51,10,7.994567478835972,117
O=C(c1ccc(F)cc1)C1CCN(Cc2cccc(I)c2)CC1,7.898,9,6.917846515873019,199
COC(=O)c1cc2c3c(ccc2[nH]1)OCC(CN1CCC(n2c(=O)[nH]c4ccccc42)CC1)O3,7.495,6,6.433663547619049,200
CC(C)(CN1CCN(C2=Cc3ccccc3Cn3cc(Cl)nc32)CC1)C(=O)O,7.3,8,7.041541275132274,201
C#CCOc1c(OC)cc2c3c1-c1cc(N)ccc1CC3N(C)CC2,6.42,9,6.671484103174602,81
COc1ccccc1-c1cc(CCN(C)C)ccc1Cl,6.601,9,7.069517353174606,202
CN(C)CCCN1c2ccccc2CCc2ccccc21,6.913,8,7.161809453703701,203
CCN(CCN1CCC(c2noc3cc(F)ccc23)CC1)C(=O)C(F)(F)CO,9.05,4,8.889859657407404,32
O=C1CCc2cc(CCCCN3CCN(c4cccc5sc(F)cc45)CC3)ccc2N1,6.06,4,6.535368942821064,204
c1ccc(Cc2ccnc3c2CC[C@@H]2CNCCN32)cc1,8.106,7,7.705338816137568,205
COc1ccccc1N1CCN(CCCON2C(=O)C3C4C(C)=CC(OC(C)=O)(CC4C)C3C2=O)CC1,6.168,8,6.2180248809523775,206
Clc1ccc2c3c1SCCN3CCNC2,6.747,9,5.968571185185174,207
O=S(=O)(NCCCCN1CCC(c2noc3cc(F)ccc23)CC1)c1cccs1,8.021,8,8.409618021164022,208
O=C1CN2c3c(cccc3[C@@H]3CN(CCCOc4ccc(F)c(O)c4)CC[C@@H]32)N1,6.959,1,7.552738977513228,209
Fc1ccc(-c2nc(Cc3ccccc3)nc3c2CNCCC3)cc1,6.888,6,8.232676539682537,210
CC[C@@H](O)C(=O)N(CC)CCN1CCC(c2noc3cc(F)ccc23)CC1,8.96,4,8.922977173280428,32
Fc1ccc(-c2nc(Cc3ccccc3)nc3c2CCNC3)cc1,8.048,5,8.057067431216934,211
OCCN1CCN(c2nc(Nc3ccc(I)cc3)c3ccccc3n2)CC1,6.418,8,6.891791171717172,212
O=C(O)CC1CCN(C2CC[C@]3(Cc4ccccc4Cc4ccccc43)C2)C1,7.7,7,6.637197093915339,213
CCOC(=O)Cc1nn(CNC(=O)CCCN2CCN(c3ccc(C)c(C)c3)CC2)c(=O)c2c(F)cccc12,7.43,1,6.596550392857144,154
N#Cc1cccn2c(=O)n(CCCCN3CCN(c4cccc5sccc45)CC3)nc12,6.81,3,7.347597486772489,121
CN1CCN(CC2CC3c4ccccc4Cc4ccccc4N3O2)CC1,6.55,2,6.969468496031752,214
CN(C)[C@@H]1Cc2ccccc2[C@@H](c2ccc(F)cc2)C1,7.000500000000001,8,7.108784158730162,215
CCCNCCc1ccc(Cl)c(-c2ccccc2OC)c1,6.22,9,6.917211199735448,202
O=C(CCCN1CCC(O)(c2ccc(Cl)cc2)C1)c1ccc(F)cc1,6.87,10,7.271385112433859,216
CC(=O)N1CCC(C)c2cc(F)cc(CCN3CCN(c4nsc5ccccc45)CC3)c21,9.358,4,9.401156501322749,217
O=C(N[C@H]1CC[C@H](CCN2CCN(c3cccc4c3OCO4)CC2)CC1)C1COc2ccccc2C1,8.192,8,7.606117193121695,218
CN(C(=O)/C=C/c1ccc(-c2ccc(Cl)cc2)cc1)c1ccc(CN2CCCCC2)cc1,6.44,7,6.883568736772489,219
CCCOc1ccc(CC2=NOC3(CCN(C)CC3)N2Cc2ccn(C)n2)cc1,7.26,6,6.917709178932184,220
CCC(=O)N[C@H]1CC[C@H](CCN2CCC(c3cccc4occc34)CC2)CC1,8.25,2,8.26515903571428,221
CC(C)(C)C(=O)N[C@H]1CC[C@H](CCN2CCC(c3cccc4c3CCO4)CC2)CC1,7.298,6,7.60459106216931,222
CC(C)COc1ccc(CNC(=O)N(Cc2ncccc2F)[C@@H]2CCN(C)C[C@@H]2F)cc1,7.26,7,7.753220625661382,223
COc1cc(CN2CCOCC2)ccc1OCCCN1CCC(c2noc3cc(F)ccc23)CC1,8.31,9,8.05013305621693,224
CNC(=O)c1cncc(OCCCCN2CCN(c3nsc4cc(F)ccc34)CC2)c1,6.819,1,7.355838339947093,225
CCc1ccc2c(n1)C(=O)N(CCN1CCC(c3noc4ccccc34)CC1)CC2,7.549,3,8.506091920634914,226
c1cc2c3c(c1)[C@@H]1CNCC[C@@H]1N3CCCS2,6.79,9,6.487745972222222,227
O=S1(=O)c2cccc3cccc(c23)N1CCCCCCN1CCN(c2ccc(Cl)cc2)CC1,6.83,10,6.985124805555559,45
COCCNC(=O)COc1ccc(NC(=O)c2cccc(C(F)(F)F)c2)cc1-c1c(Cl)cnn1C,7.28,8,8.264620714285714,228
C[C@H](CNc1cncc(Cl)n1)N1CCN(c2ccccc2)CC1,7.26,3,6.798651022366524,229
c1cc2c3c(ccc2o1)CCNCC3,7.34,6,6.981734880952385,230
COc1cc(C[C@@H](C)N)c(OC)cc1I,8.4855,2,7.479380708333333,188
CCn1cc(Cl)c(C(=O)N2CCN(CC(=O)c3ccc(F)cc3)CC2)n1,8.588,6,7.190442794973548,163
CN(C1CCN(CCOc2ccccc2-c2ccccc2)CC1)S(=O)(=O)c1ccccc1,7.378,9,7.160222218253963,231
Cc1[nH]c2ccc([N+](=O)[O-])cc2c1C1=CCNCC1,6.0,6,6.643709930555557,232
NCCc1ccccc1,4.78,2,6.150567501082251,188
Cc1cc2c(cn1)C(=O)N(CCN1CCN(c3nsc4ccccc34)CC1)CC2,9.229,1,8.698295531746036,233
COc1ccccc1N1CCN(CCCN2CCN(C(=O)c3ccccc3)CC2)CC1,4.52,6,6.2379658161375655,234
Fc1cnc2[nH]cc(CCN3CCC4CC43)c2c1,8.05,1,6.942652632034632,235
COc1ccc(N2Cc3ccc(Cl)cc3C2=O)cc1OCCN1CCC(C)CC1,6.1,1,6.636550795334302,73
C[C@@H]1C[C@H]2CNC[C@H]2N1c1nccc(C(F)(F)F)n1,7.499499999999999,5,6.322851859788363,236
Fc1ccc2[nH]c3c(c2c1)CCNC3C1CCCCC1,7.04,2,6.550837984126987,237
Cn1nccc1-c1cc(NC(=O)Nc2ccc(F)cc2F)ccc1OCCN1CCCCC1,8.492,9,8.991575821428569,93
O=C(C[C@H]1CC[C@H](O)CC1)N[C@H]1CC[C@H](CCN2CCC(c3noc4cc(F)c(F)cc34)CC2)CC1,8.11,1,8.048443599206347,238
COc1cc(SCCCCF)c(OC)cc1CCN,7.33,2,7.192426261243389,188
CCCc1ncccc1Oc1ccc(NC(=O)N2CCc3cc(C)c(Cl)cc32)cn1,6.8,7,6.672010667989416,52
COc1ccc(CCN(CCCc2ccccc2Br)CCc2ccc3c(c2)OCO3)cc1OC,7.269,10,7.0142180370370335,47
COc1c(C)nc(C)nc1C(=O)NCCCN1CCN(c2cccc(C)c2C)CC1,6.13,9,6.338033395502637,31
CC1(Oc2cc(Br)ccc2OCCc2ccccc2)CNC1,8.222,5,7.138304651455029,239
COc1cccc(-c2cccn2S(=O)(=O)c2cccc(N3CCNCC3)c2)c1,6.182,1,5.941166960317461,240
C[C@@H](N)Cn1ccc2c(Cl)c(F)ccc21,7.7,1,7.06295866798942,89
O=S1(=O)N(CCN2CC=C(c3c[nH]c4cc(F)ccc34)CC2)c2cccc3c2N1CCC3,9.091,5,7.525614957671959,241
CN1CCN(c2cccc3c2ccn3S(=O)(=O)c2ccccc2)CC1,7.39,4,6.871106911375662,242
Clc1ccc(OC2CCc3ccccc3C2)c(OC2CNC2)c1,7.62,3,7.53814987566137,243
C=CCOc1c(OC)cc2c3c1-c1cc(NC(=O)CCC)ccc1CC3N(C)CC2,6.352,9,6.572421953703706,81
Cc1cccc(CNc2cc3c(cc2O)C(c2ccccc2)CN(C)CC3)c1,8.0,8,7.1623876415343934,244
CS(=O)(=O)c1ccc(C(=O)N[C@H]2CC[C@H](CCN3CCC(c4coc5ccccc45)CC3)CC2)cc1,8.239,9,7.984447007936506,55
CC(=O)N[C@H]1CC[C@H](CCN2CCC(c3noc4cc(Cl)ccc34)CC2)CC1,7.622,1,8.556214057539677,111
COc1ccccc1N1CCN(CCCCOc2ccn3nc(CO)cc3c2)CC1,6.6,8,6.637320047619046,245
CCN(C)CCc1c(-c2cc(C(F)(F)F)cc(C(F)(F)F)c2)[nH]c2ccccc12,9.72,5,7.225804341269844,246
O=C(c1cnn2cccnc12)N1CCN(CCc2ccc(F)cc2F)CC1,8.42,9,8.427344060846556,247
NCC1Cc2ccccc2-c2ccccc21,6.149,8,6.881408107142859,248
[2H]C([2H])([2H])N1C[C@@H](NC(=O)N(CC)CC)C=C2c3cccc4[nH]cc(c34)CC21,10.398,2,6.925656253968259,53
CCN(CC)C(=O)N[C@H]1C=C2c3cccc4[nH]cc(c34)C[C@H]2N(C)C1,8.836,2,7.310180619047622,53
O=C1c2ncccc2CCC1CCN1CCC(c2noc3ccccc23)CC1,8.45,7,8.514391679894182,249
N#CCC(=O)N[C@H]1CC[C@H](CCN2CCC(c3coc4ccccc34)CC2)CC1,8.222,5,8.33850643915344,182
CNCc1cc(OCc2cc(F)ccc2F)n(Cc2ccc(F)cc2)n1,8.89,10,8.31777082539683,250
O=C1Cc2cc(OC3CN(c4c5c(nc6ccnn46)CCNCC5)C3)ccc2N1,6.12,5,6.279797937590187,251
CC(C)c1ccccc1OCCN1CCC(N(CC2CC2)S(=O)(=O)c2cccc(F)c2)CC1,6.37,6,6.9876124973545,252
COC(=O)[C@@H]1[C@H]2C[C@H]3c4[nH]c5ccccc5c4CCN3C[C@@H]2CC[C@@H]1O,6.599,3,6.26622175817701,253
COc1ccc(C2NCCc3c2[nH]c2ccc(F)cc32)c(O)c1,8.492,6,7.060963250000001,44
CN1CCN(c2nc(N)nc(CSc3ccccc3)n2)CC1,6.71,7,6.269500327200581,254
O=c1c(-c2ccccc2)c2ccccn2c(=O)n1CCCCN1CCCC(c2c[nH]c3ccccc23)C1,6.36,5,6.729512906565654,255
O=C(c1cnc2ccccn12)N1CCN(CCc2ccc(F)cc2F)CC1,8.77,3,8.525008700577196,256
CC(C)(C)n1nc2c(c1-c1ccccc1)CCNCC2,7.721,2,7.014435837301592,68
COc1cc(C[C@H]2CCC[C@H](c3ccccc3O)N2)c(OC)cc1C#N,6.5355,9,6.950371690476186,257
O=C(NCCCCN1CCN(c2ccccn2)CC1)c1cc2ccccc2cn1,6.083,2,7.215277230158734,258
CCN1CCC(N(Cc2ccc(F)cc2F)C(=O)OCc2ccc(OC(C)C)cc2)CC1,9.4,7,8.246297366402116,76
Cn1nccc1-c1cc(NC(=O)c2ccc(F)cc2F)ccc1OCCN1CCOCC1,8.068,4,8.136248251322748,259
CC(C)Oc1ccc(/C=C/C(=O)N(Cc2ccc(F)cc2F)C2CCN(C)CC2)cc1,7.4,6,8.43756472619048,260
NC[C@H]1C[C@@H]1c1ccc(F)cc1F,6.261,8,6.625193488095244,70
CCCN(CCC)CC1COc2cccc(OC)c2C1,4.8,10,6.377335396825393,261
O=C1CN2c3c(cccc3[C@@H]3CN(CCCOc4ccc(F)cc4O)CC[C@@H]32)N1,7.72,1,7.741547693121694,209
COc1cccc(C(=O)Nc2ccc(OCCN3CCN(S(C)(=O)=O)CC3)c(-c3ccnn3C)c2)c1,7.55,8,8.063551116402115,262
CC1CNCCc2cc(OCc3ccccc3)c(Br)cc21,7.66,3,7.25470865873016,263
O=C(N[C@H]1CC[C@H](CCN2CCN(c3nccc4c3CCO4)CC2)CC1)c1ccc(-n2cccn2)cc1,7.447,2,7.703377534391534,264
COc1cc(CCNCc2ccc(Br)cc2)c(OC)cc1Br,9.1,10,7.812872468253961,117
COc1cccc(C(=O)Nc2ccc(OCCN3CCC3)c(-c3c(C)noc3C)c2)c1,8.569,8,8.25334760846561,265
CN(C)[C@@H]1Cc2ccccc2[C@@H](c2cccc([N+](=O)[O-])c2)C1,6.715,8,7.064655291005289,215
CCC(=O)NC1CCc2cc(CCN3CCN(c4nsc5ccccc45)CC3)ccc21,9.601,7,9.173512096560847,27
CC(C)NCCc1cccc2[nH]cc(S(=O)(=O)c3ccccc3)c12,6.575,3,6.990281498677248,56
COc1ccc2[nH]cc(CCCCN3CCN(c4cccc5sccc45)CC3)c2c1,6.41,3,6.61459440476191,67
CN1CCN(c2ccnc(NCCc3ccccc3)n2)CC1,6.14,10,6.825876878787882,266
O=C1c2ccccc2S(=O)(=O)N1CCCCCN1CCN(c2cccc3ccccc23)CC1,6.98,9,6.975608810846556,267
CN1CCC(N(Cc2ccc(F)cn2)C(=O)NCc2ccc3c(c2)CC(C(F)(F)F)O3)CC1,8.112,3,8.343420128306876,268
O=C1c2cc(Cl)ccc2CC1CCN1CCN(c2ccccn2)CC1,6.91,2,6.721140362433864,269
O=S(=O)(NCCCCN1CCC(c2noc3cc(F)ccc23)CC1)c1ccc(Cl)c(Cl)c1,8.31,4,8.526864130952385,270
CC([Se]c1ccc2ccccc2c1)c1nc(N)nc(N2CCN(C)CC2)n1,6.89,4,6.706350034391532,186
COc1ccccc1C(C)NCC1CC1c1cc(F)ccc1OC,6.622,6,6.7546413923160165,271
O=C1[C@@H]2[C@H](C(=O)N1CCCCN1CCN(c3nsc4ccccc34)CC1)[C@H]1C=C[C@@H]2C1,7.447,4,8.17938183994708,272
CCCN(CCC)CCc1c[nH]c2ccccc12,7.249,1,6.703045311507938,89
CC1CCCCN1CCc1cccc2[nH]cc(S(=O)(=O)c3ccccc3)c12,7.048,9,7.271421666305915,273
CNCc1cc(OCc2ccc(F)cc2F)n(CC2CCCC2)n1,9.7,1,8.749687751322755,274
CNC(=O)c1cccc(OCCCCN2CCN(c3nsc4cc(F)ccc34)CC2)n1,7.38,1,7.52264557936508,275
CC1(C)CN2CCNCc3ccc(Br)c1c32,7.44,4,5.77662976587301,18
Cc1ncsc1C(=O)Nc1ccc(OCCN2CCC2)c(-c2c(C)ncnc2C)c1,8.577,10,8.027375253968252,276
Fc1ccc(OCCCN2CCN(c3ccccn3)CC2)cc1,7.747,9,7.259535160052912,277
CC(C)COc1ccc(CN(Cc2ccc(F)cc2)C2=NC3(CCN(C)CC3)CO2)cc1,7.26,8,7.362390366402121,278
Cc1ccc(C2=CC(NC(C)(C)C)=NCCN2)c(C)c1,7.15,6,7.027520507936509,279
Cc1[nH]c2ccc(Cl)cc2c1C1=CCNCC1,6.62,6,6.715532843915351,232
O=C1NCc2ccc(OCCCCN3CCN(c4cccc5cc(F)c(F)cc45)CC3)cc21,8.101,4,7.733930769841266,190
COc1ccccc1C1NCCc2c1[nH]c1ccc(Cl)cc21,6.68,6,6.801466186507935,44
O=S(=O)(c1ccc(F)cc1)c1ccc(/C=C/c2ccc(F)cc2)cn1,7.551,6,7.723929869047617,280
CN(C)CCc1cn(CCF)c2cccc(O)c12,6.728,1,6.775523908730161,89
Cc1cccc(S(=O)(=O)NCCCCN2CCC(c3noc4cc(F)ccc34)CC2)c1,8.68,4,8.462631972222225,270
CS(=O)(=O)c1ccc2c(c1)N(CCCN1CCC(C(=N)O)CC1)c1ccccc1S2,8.824,9,7.217133624338623,281
COc1ccc(NC(=O)Nc2cccc(Cl)c2)cc1-c1c(Br)cnn1C,9.5,9,7.547210052910051,104
N#Cc1ccc(CNC(=O)CCCCCN2CCN(c3ccccc3-c3ccccc3)CC2)cc1,6.2,4,6.64137532539682,282
CS(=O)(=O)CC(=O)N[C@H]1CC[C@H](CCN2CCC(c3cccc4occc34)CC2)CC1,8.278,2,8.303034923280427,221
CN1CCC(N(Cc2ccc(F)cn2)C(=O)NCc2ccc(CCC(F)(F)F)cc2)CC1,7.322,7,8.152740613756617,223
Fc1ccc(CCN2CCN3c4cccc5scc(c45)CC3C2)cc1,6.036,3,7.361254503968248,283
Clc1ccc2[nH]c3c(c2c1)CCNC3c1ccc(Cl)s1,6.75,6,6.747287107142856,284
COc1ccccc1N1CCN(CCCCNC(=O)c2ccc(-c3ccccn3)cc2)CC1,6.64,5,6.693834363756616,285
NCCc1c[nH]c2cc(F)ccc12,8.34,1,6.724685079365079,89
Cc1nc2n(c(=O)c1CCN1CCC(c3noc4cc(F)ccc34)CC1)CCCC2(C)O,8.021,5,8.542103776455031,286
CC(C)CC(=O)N[C@H]1CC[C@H](CCN2CCC(c3cccc4c3OCO4)CC2)CC1,7.54,3,7.617586843915345,63
COC(C)(C)C(=O)Nc1ccc(OCCN2CCCC2)c(-c2c(C)ncnc2C)c1,7.058,3,7.982340734126977,287
CC(=O)Nc1ccc(OCCCN2CCN(c3cccc(Cl)c3Cl)CC2)cc1,6.54,9,6.87240738648389,288
O=Cc1cc2cc(OCCCCN3CCN(c4cccc(Cl)c4Cl)CC3)ccn2n1,7.25,8,7.586265997354497,245
Cc1ncc2c(=O)n(CCN3CCC(c4noc5ccccc45)CC3)ccc2n1,8.12,4,8.055729540343924,289
Cc1ncnc(C)c1-c1cc(NC(=O)c2cccn2C)ccc1OCCN1CCCC1,7.932,2,7.767695828042324,290
COc1cccc(CC(=O)Nc2ccc(OCCN3CCCC3)c(-c3c(C)ncnc3C)c2)c1,8.407,10,7.699010899350649,291
COc1cc2c3c(c1)-c1c(cccc1OCCCF)C[C@H]3N(C)CC2,6.361,9,6.5483324807599805,81
COc1cc2c3c(c1OCC1CC1)-c1cc(N(C)C)ccc1CC3N(C)CC2,6.06,4,6.464384310846561,292
CC1CC2(C)CC(=O)C1C1C(=O)N(OCCCN3CCN(c4ccccc4F)CC3)C(=O)C12,6.04,9,6.697506756613757,293
Oc1c(Cl)cccc1C1NCCc2c1[nH]c1ccc(F)cc21,6.562,6,6.755681980158729,44
CN(C)C[C@H]1CC2c3ccccc3Sc3ccc(F)cc3[C@H]2O1,8.798,8,7.268830112433867,294
Cn1ncc(Br)c1-c1cc(NC(=O)Nc2ccc(F)cc2F)ccc1OCCN1CCCC1,9.742,6,8.742816523448779,295
C#Cc1cc(Nc2ncnc(Oc3ccc(NC(=O)Nc4cc([Si](C)(C)C)nn4-c4ccc(C)cc4)c4ccccc34)n2)cc(C(=O)NCCN2CCOCC2)c1,6.967,10,6.84781051455026,296
COc1cc(C2CCNC2)c(OC)cc1Br,8.195,6,6.988262673280425,297
Nc1cccc(-c2ccc(CCN3CCN(c4cccc5cccnc45)CC3)cc2)n1,7.852,8,7.2474212420634965,298
Fc1ccc2c(C3CCN(CCCOc4ccc(CCN5CCOCC5)cc4)CC3)noc2c1,7.068,7,8.189204686507942,299
Cc1ccc(-n2nc([Si](C)(C)C)cc2NC(=O)Nc2ccc(Oc3ccnc(Nc4ccc5[nH]ncc5c4)n3)c3ccccc23)cc1,6.42,5,6.622631417989418,300
CCN(CCN1CCC(c2noc3cc(F)ccc23)CC1)C(=O)C1(O)CCCN(C(C)=O)C1,8.798,9,8.52889147619047,301
CCCN1CCC(n2c(=O)[nH]c3cc(Cl)ccc32)CC1,4.67,4,6.3311071177248675,302
CN(C)C[C@@H]1C[C@@H]2c3ccccc3Cc3ccccc3N2O1,7.8795,8,7.003524450396826,303
Clc1ccc2sc(CCCCN3CCc4ccccc4C3)nc2c1,6.164,7,6.284359708994709,71
F[C@@H]1CCNC[C@H]1c1c(-c2ccccc2)[nH]c2c(Cl)cccc12,9.16,4,8.118651415343914,304
CCCN(CC)CCc1c[nH]c2c(F)c(F)c(F)cc12,6.69,1,7.068585408730155,89
COc1cc(CCNCc2ccc(I)cc2)c(OC)cc1Br,8.964,10,7.800381870370366,117
Clc1ccc(Nc2nc(N3CCNCC3)nc3ccccc23)cc1,6.815,8,6.716803123015873,212
CS(=O)(=O)N[C@H]1CC[C@H](CCN2CCN(c3nccc4sccc34)CC2)CC1,8.54,3,8.621253291005292,305
COc1ccc(CCN(CCCc2ccc(F)cc2)CCc2ccc3c(c2)OCO3)cc1OC,6.73,10,6.867077968253966,47
COc1ccc(C2NCCc3c2[nH]c2ccc(F)cc32)cc1OC,6.595,6,7.053705503968252,44
COc1ccccc1N1CCN(CCCN(CC2CC2)S(=O)(=O)c2cccc3cccnc23)CC1,6.251,8,7.038668452991454,306
CNC(=O)c1cccc(OCCCCN2CCN(c3cccc(Cl)c3Cl)CC2)n1,6.04,9,6.862959937229431,307
Cc1noc(C)c1-c1cc(NC(=O)C2(F)CC2)ccc1O[C@@H]1CCNC1,8.442,9,7.437261002044251,308
COc1ccc2c(c1)-c1c(ccn1CC(C)N)C2(C)C,8.0,10,7.336817810846559,309
C[C@@H]1C=C(c2c[nH]c3ncccc23)CN(C)C1,6.96,6,7.118670295634924,310
COc1ccc(CN(C)C)c(Oc2ccc(Cl)c(Cl)c2)c1,7.43,5,7.045327715608465,7
O=C1CC(CN2CCC(c3noc4cc(F)ccc34)CC2)Cc2ccccc21,8.56,5,8.046961595238098,311
CC(C)CC(=O)N[C@H]1CC[C@H](CCN2CCN(c3cccc4c3OCO4)CC2)CC1,7.609,5,7.733701722222225,5
O=C(N[C@H]1CC[C@H](CCN2CCC(c3cccc4c3OCO4)CC2)CC1)c1ccc(N2CCOCC2)cc1,7.73,4,7.56428936904762,312
COC1(C(=O)N[C@H]2CC[C@H](CCN3CCN(c4cccc5c4OCO5)CC3)CC2)CC1,8.201,5,7.770687224867725,313
CO[C@H]1CC[C@H](CC(=O)N[C@H]2CC[C@H](CCN3CCC(c4cccc5c4OCO5)CC3)CC2)CC1,7.46,4,7.504591396825396,314
O=C(N[C@H]1CC[C@H](CCN2CCC(c3cccc4c3OCO4)CC2)CC1)C1CCOCC1,8.021,1,7.824617779100522,315
C#CCSc1cc(OC)c(CCN)cc1OC,8.958,2,7.3525116944444475,188
COc1cc(Nc2nccc(Oc3ccc(NC(=O)Nc4cc([Si](C)(C)C)nn4-c4ccc(C)cc4)c4ccccc34)n2)cc(C(=O)NCCN2CCOCC2)c1,6.848,3,6.850304087301588,316
COc1cc2c(cc1C(F)(F)F)N(C(=O)Nc1cccc(-c3c(C)ccnc3C)c1)CC2,6.7,7,6.686188620370376,317
O=C1NCC(=O)N(CCCCN2CCN(c3cccc4sccc34)CC2)c2cc(F)ccc21,7.61,1,7.460941577380954,318
CC1(C(=O)N[C@H]2CC[C@H](CCN3CCC(c4cccc5c4OCO5)CC3)CC2)COC1,7.66,7,7.786934587301591,319
O=S(=O)(c1ccc(Cl)cc1)C1CCN(CCc2ccc(F)cc2F)CC1,8.85,4,7.936223619047618,36
CN1CC(C)(C)N2c3c(cccc31)[C@@H]1CN(CCCC(=O)c3ccc(F)cc3)CC[C@@H]12,8.28,1,8.232713373015871,167
NC1c2ccccc2Cc2ccccc21,4.92,1,6.648786485449735,152
NC(=O)c1ccc(S(=O)(=O)C2CCN(CCc3ccc(F)cc3F)CC2)cc1,9.28,4,7.378943751322748,36
Cn1cnc(S(=O)(=O)N[C@H]2CC[C@H](CCN3CCN(c4cccc5c4OCO5)CC3)CC2)c1,7.169,6,7.3927905357142905,320
CS(=O)(=O)CC(=O)N[C@H]1CC[C@H](CCN2CCC(c3coc4ccccc34)CC2)CC1,8.45,5,8.254187826719573,182
CCOC(=O)N[C@H]1CC[C@@H](CCN2CCN(c3nsc4ccccc34)CC2)CC1,9.425,5,8.74409396230159,321
[2H]c1c([2H])c([2H])c([C@@H]2C[C@@H](N3CCN(C([2H])([2H])[2H])C(C)(C)C3)c3cc(Cl)ccc32)c([2H])c1[2H],9.02,9,6.638426615740738,322
O=C1c2ncccc2CCN1CCN1CCN(c2nsc3cc(F)ccc23)CC1,8.521,3,8.142501273809522,323
CC(C)n1nc2c(c1-c1ccccc1)CCNCC2,7.62,2,7.101137936507939,68
COc1cc(SC(F)(F)F)c(OC)cc1CCNCC1CC1,7.868,2,7.254777511303507,324
COc1ccccc1N1CCN(CCCCOc2ccn3ncc(/C=N/O)c3c2)CC1,7.03,8,6.797253330687836,245
COc1cccc(Nc2nc(Cc3ccccc3)nc3c2CCNCC3)c1,7.09,2,7.109907337301584,325
COc1ccc(CCN(CCCc2cccc(Br)c2)CCc2ccc3c(c2)OCO3)cc1OC,6.989,10,6.926905374338623,47
Brc1ccc(OCCc2ccccc2)c(OC2CNC2)c1,8.0,5,7.172548722883598,239
Cc1nc(C(=O)NCC(O)CN2CCN(c3cccc(Cl)c3Cl)CC2)c(C)n1-c1ccc2c(c1)OCCO2,8.008,4,7.04290144444444,326
COc1cnc2c(c1)CCN(CCN1CCN(c3nsc4ccccc34)CC1)C2=O,9.337,3,8.697933416666666,323
CC(C)COc1ccc(CN(Cc2ccc(F)cn2)C2=NC(=O)C3(CCN(C)CC34CC4)N2)cc1,7.26,9,7.781749603174609,327
Cc1noc2c1C(=O)N(CCN1CCN(c3nsc4ccccc34)CC1)CC2,9.152,8,8.713073494708997,328
Cc1cnn(C)c1C(=O)Nc1ccc(OCCN2CCCC2)c(-c2c(C)ncnc2C)c1,7.754,4,8.025460200817701,329
Cn1cc(CCN)c2ccccc21,6.68,1,6.167723305555551,89
COc1ccccc1N1CCN(CCCCOc2ccc3c(/C=N/O)cnn3c2)CC1,7.0,4,6.873779267195766,330
CNC(=O)C1=C(C)NC(C)=C(C(=O)NCCCN2CCC(C(=O)OC)(c3ccccc3)CC2)C1c1ccc([N+](=O)[O-])cc1,4.523,5,6.772498189153437,331
CCN(CCN1CCC(n2ncc3cc(F)ccc32)CC1)S(=O)(=O)CCO,8.51,3,8.125110813973064,332
Cn1ncc(Cl)c1-c1cc(NC(=O)c2cccc(C(F)(F)F)c2)ccc1OCCN1CCNC(=O)C1,8.28,2,8.751789134920633,333
C[C@@H](COc1ccccc1Cl)n1nc(N2CCNCC2)ccc1=O,7.189,2,6.245209485449734,334
C[C@@H](Cn1ccc2ccc3ncccc3c21)NCc1ccc2c(c1)OCO2,6.424,1,6.593032444444445,335
O=C(NCCCCN1CCN(c2ccccc2)CC1)c1cc2ccccc2o1,6.41,1,7.220271925925924,101
CCOc1noc2c1CCNCC2,4.55,4,4.196358896825397,336
CN1CCCC(CN2c3ccccc3Sc3ccccc32)C1,6.69,9,7.609249214285715,337
O=S(=O)(NCCCN1CCN(c2nsc3ccccc23)CC1)c1ccc(OC(F)(F)F)cc1,8.02,1,8.144752503968258,338
Clc1ccc2[nH]c3c(c2c1)CCNC3c1ccc2ccccc2c1,7.82,8,6.401454780423282,339
CCCC([Se]c1ccccc1)c1nc(N)nc(N2CCN(C)CC2)n1,6.21,3,6.128764892857142,189
COCCC(=O)N[C@H]1CC[C@H](CCN2CCC(c3cccc4c3OCO4)CC2)CC1,7.419,3,7.582104251202504,63
Cc1noc(C)c1-c1cc(NC(=O)C2CC2)ccc1O[C@H]1CCNC1,7.365,9,7.222226666666667,308
CCN(CCCN1CCC(c2noc3cc(F)ccc23)CC1)S(=O)(=O)CCO,8.959,4,8.27006563492063,32
CC(=O)Nc1ccc(OCC(O)CN2CCC(c3noc4cc(F)ccc34)CC2)cc1,7.141,8,7.325914285714282,340
Cn1cc(CCN)c2c3c(ccc21)OCCC3,8.09,9,6.912169399470904,341
COCC(=O)N[C@H]1CC[C@H](CCN2CCN(c3nccc4sccc34)CC2)CC1,8.66,3,8.79654694841271,305
Cc1cc(OCc2nc(N)nc(N3CCN(C)CC3)n2)ccc1Cl,6.708,8,6.490279857142857,342
O=S(=O)(c1cncc2ccccc12)N1CCC[C@H]1CCN1CC=C(c2c[nH]c3ccc(Cl)cc23)CC1,6.62,3,7.0603150238095225,343
COc1ccc2[nH]cc(CCCN3CCN(c4cccc5sccc45)CC3)c2c1,6.18,4,6.974957083333334,344
COc1ccc(NC(=O)Nc2ccc(Cl)cc2C(F)(F)F)cc1-c1c(Cl)cnn1C,7.886,9,7.259467793650796,104
COc1cnc2[nH]cc(CCN(C)C3CC3)c2c1,8.02,1,6.978957325396823,345
CSc1ccccc1N1CCN(CCCCNC(=O)c2n[nH]c3ccccc23)CC1,6.749,9,6.944083851190479,105
COc1cc(Cl)c(OC)nc1CCN,6.578,5,6.428354136002882,346
CCc1cccc2c1C(=O)N1CCNC[C@H]1C2,7.649,10,6.5968908730158695,149
CCCCc1ccc(S(=O)(=O)Nc2ccc3c(c2)CNCC3)cc1,7.9,9,7.298163458994715,347
CS(=O)c1ccc(-c2nc(-c3ccncc3)c(-c3ccc(F)cc3)[nH]2)cc1,7.921,8,7.358561438672433,348
COc1noc2c1CCN(C)CC2,3.0,4,4.197458317460317,336
CC(N)Cn1ccc2cc(Cl)c(F)cc21,7.4,1,7.01513772354497,89
O=C(CCCCN1CCN(c2ccccc2O)CC1)n1c2ccccc2c2ccccc21,6.59,2,7.027356912698415,349
CCc1nc(C(=O)NCCCN2CCN(c3cccc(Cl)c3Cl)CC2)c(C)n1-c1ccccc1,7.32,3,7.504454589947095,103
COc1cccc(N2CCN(CCCCCCN3C(=O)c4cccc5cccc3c45)CC2)c1,6.19,5,6.304443269841273,350
COc1ccccc1CNCCc1c[nH]c2ncc(C#N)cc12,8.11,8,7.269615494047624,351
Cc1noc(C)c1-c1cc(NC(=O)C2CC2)ccc1OCCN1C[C@H]2C[C@H]2C1,7.86,4,7.973638462962958,352
COc1cc(SC(F)(F)F)c(OC)cc1CC(C)N,8.205,2,7.232769210317457,188
O=C(c1nn2ccccc2c1Br)N1CCN(CCc2ccc(F)cc2F)CC1,9.098,7,8.604333533910538,353
O=C(N[C@H]1CC[C@H](CCN2CCN(c3nccc4c3CCO4)CC2)CC1)c1ccc2c(c1)OCO2,7.752,2,7.865887292328043,354
CN(C)[C@H]1Cc2ccccc2[C@H](C2CCCCCCC2)C1,6.9755,1,7.0057078042328005,355
Cn1ncc(Cl)c1-c1cc(NC(=O)Nc2ccc(Cl)cc2)ccc1OCCN1CCOCC1,9.212,10,8.99183533201058,356
CNCc1cc(OCc2cc(F)ccc2F)n(CCC(C)(C)C)n1,9.189,5,8.202855388888892,357
O=C1CCc2ccc(OCCCCN3CCN(c4cccc(Cl)c4Cl)CC3)cc2N1,8.035,8,7.648547046296304,358
CN(C)CC1C[C@@H]2c3ccccc3OCc3ccccc3[C@H]2O1,7.04,7,7.225328839285715,359
Cc1cc2c3c(c1Cl)C(C)CN3CCNC2,6.729,4,5.943735999999989,18
COc1cc(CCNCc2cccc3c2OCO3)c(OC)cc1C#N,7.665,2,7.367856136604134,360
Cc1nc2n(c(=O)c1CCN1CCN(c3cccc4sccc34)CC1)CCCC2(F)F,7.765,2,7.196998598605102,361
NC1CC1c1c[nH]c2ccc(F)cc12,7.99,6,6.340918724206351,362
CCN1C(=N)N(C)/C(=C/c2c[nH]c3cc(F)ccc23)C1=O,6.761,6,5.985791027777778,79
Fc1ccc(-c2ccc(CCCNc3ccc(CN4CCCCC4)cc3)nn2)cc1,7.47,5,6.574851453703703,363
Cn1c(=O)c2c(nc3n2CCC(=O)N3CCCN2CCN(c3ncccn3)CC2)n(C)c1=O,4.55,2,5.345422861111107,364
O=C(C[C@H]1COCCO1)N[C@H]1CC[C@H](CCN2CCC(c3cccc4c3OCO4)CC2)CC1,7.858,1,7.646840267195767,365
O=C1Cc2cc(CCN3CCN(c4cc(F)cc5sccc45)CC3)ccc2N1,7.76,8,7.2238338941798945,134
NCCc1c[nH]c2ccc(Br)cc12,8.29,1,6.6995621190476164,89
O=Cc1cnn2ccc(-n3cc(CCCN4CCN(c5cccc(Cl)c5Cl)CC4)nn3)cc12,8.16,7,7.602526345238096,366
Fc1ccc2[nH]c3c(c2c1)CCNC3c1ccccc1,7.05,6,6.587330587301592,44
O=C(c1cc(Br)cn2ccnc12)N1CCN(CCc2ccc(F)cc2F)CC1,8.301,3,8.68141578306878,367
Cn1nc(CCCN2CC[C@H]3[C@@H](C2)c2cccc4c2N3CC(=O)N4)c2ccc(F)cc21,7.91,5,7.643830224867727,368
O=C1CCc2ccc(OCCCCN3CCN(c4cccc5ccc(F)cc45)CC3)nc2N1,9.551,4,7.980639178210669,369
O=S(=O)(c1cccc2ncccc12)N1CCC(CCN2CCN(c3cccc(F)c3)CC2)CC1,6.18,7,6.911361393578644,42
CCC(Sc1cccc(Cl)c1Cl)c1nc(N)nc(N2CCNCC2)n1,6.94,7,6.788884579365077,254
Nc1nc2c(CCN3CCN(c4cccc5sccc45)CC3)cccc2s1,8.132,4,7.810167105158725,370
O=C(CCCCN1CCC(c2ccccc2)CC1)c1nc2ccccc2s1,8.469,5,6.535481305555552,371
CC(N)Cn1ccc2ccc3ccccc3c21,7.42,4,6.804058763227509,372
O=S(=O)(CC1CCN(CCCc2noc3cc(F)ccc23)C1)c1ccc(F)cc1,7.878,5,8.726824511904761,373
O=C1c2ccccc2C(=O)N1CCCCN1CCN(c2cccc3sccc23)CC1,6.168,3,7.498334623737375,374
CCC(Oc1cc(F)ccc1C(F)(F)F)c1nc(N)nc(N2CCN(C)CC2)n1,6.551,8,7.224308234126987,342
Cc1cccc(N2CCN(CCCC(=O)NCn3nc(CC(N)=O)c4cccc(F)c4c3=O)CC2)c1C,6.841,1,6.511805511904757,154
Fc1ccc2c([C@@H]3CNCC[C@H]3F)c(-c3cccnc3)[nH]c2c1,9.46,1,9.19550439682539,375
O=C(c1ccc(F)cc1)C1CCN(CCc2ccc(I)cc2)CC1,8.44,2,7.422523300264554,88
Cc1cccc(N2CCN(CCCCNC(=O)c3ccccn3)CC2)n1,6.62,2,6.755356396825396,376
O=C(N[C@H]1C[C@H](CCN2CCN(c3cccc(Cl)c3Cl)CC2)C1)c1nccs1,9.102,9,8.181189501322754,377
CC(C)COc1ccc(CN(Cc2cc(-c3ccccc3)n(C)n2)C(=O)NC2CCN(C)CC2)cc1,7.26,8,7.772182770322268,378
CN1CCc2cc(NCc3ccccc3)c(O)cc2C(c2ccccc2)C1,8.348,8,7.163026113756615,244
COc1ccccc1N1CCN(CCCN2CCCCn3c2nc2c3c(=O)n(C)c(=O)n2C)CC1,6.25,6,6.270830949735447,379
Cc1ncnc(C)c1-c1cc(NC(=O)c2ccnn2C)ccc1OCCN1CCC1,8.053,1,7.982000301587303,380
O=C(N[C@H]1CC[C@H](CCN2CCC(c3noc4ccc(F)cc34)CC2)CC1)c1ccc(N2CCOCC2)cc1,7.651,2,8.006932970899468,381
CNCc1cc(OCc2ccccc2C)n(C(C)C2CCCCC2)n1,8.481,6,7.946264951058197,94
O=C1c2cccc3cccc(c23)N1CCCCCCN1CCN(c2ccccn2)CC1,6.05,4,6.633638507936512,382
CCN(CCN1CCC(c2c[nH]c3ccccc23)CC1)C(=O)[C@H](C)O,8.68,6,7.089536650132277,383
COc1cccc(CN2CC[C@H](NC(=O)c3ccc(-c4cccs4)cc3)C2)c1,7.66,10,6.61447208399471,384
CC(C)COc1ccc(CNC(=O)N(Cc2ccc(F)cc2)C2CCNCC2)cc1,9.221,2,7.4513745343915385,19
N#Cc1ccc(S(=O)(=O)N(CCCN2CCC(c3noc4cc(F)ccc34)CC2)C2COC2)cc1,7.95,3,8.028914784391528,385
CCN(CCN1CCC(c2noc3cc(F)ccc23)CC1)C(=O)C1CCCCC1O,9.521,8,8.869842952380957,386
CC(C)(C)NC1=NCCN=C(c2ccccc2)C1,7.456,2,7.018175927248677,387
O=S(=O)(NCCCN1CCN(c2noc3ccccc23)CC1)c1ccc2ccccc2c1,6.959,6,8.056794089947083,388
NC(=O)c1ccccc1S(=O)(=O)c1ccc(/C=C/c2ccc(F)cc2F)cc1,9.189,9,7.464469980158735,389
COC1CCN(CCOc2ccc(NC(=O)C3CC3)cc2-c2c(C)ncnc2C)CC1,8.341,4,7.613958380952375,390
CNCCc1ccc(Cl)c(-c2ccccc2OC)c1,6.77,9,7.02475533730159,202
c1cc2c3c(c1)c1c(n3CCNC2)CCCCC1,6.701,5,6.500230464285718,391
COCCOc1ccc(NC(=O)c2cccc(C(F)(F)F)c2)cc1-c1ccnn1C,8.36,8,8.356825634920638,228
CC(C)COc1ccc(COC(=O)N(Cc2ccc(F)cc2F)C2CCN(C)CC2)cc1,7.6,7,8.28147497089947,76
Cc1c(C(=O)NCCCN2CCN(c3cccc(Cl)c3Cl)CC2)cc(-c2ccc(Cl)cc2)n1C,6.63,8,6.970904829725832,13
COC(=O)c1[nH]c2cc(F)ccc2c1[C@@H]1CNCC[C@H]1F,7.9815000000000005,3,6.7531378910256405,392
COCN(C)C(=O)N[C@H]1CC[C@H](CCN2CCN(c3cccc(Cl)c3Cl)CC2)CC1,6.879,1,7.611776888107264,393
CCN(CCN1CCC(n2ccc3cc(F)ccc32)CC1)C(=O)C(C)O,8.4,2,8.22055761243387,394
NC(=O)c1cccc(S(=O)(=O)c2ccc(/C=C/c3ccc(F)cc3F)cc2)c1,9.7,9,7.525763059523812,389
O=C(N[C@H]1CC[C@H](CCN2CCN(c3nccc4c3CCO4)CC2)CC1)C1(O)CC1,8.229,1,8.026960706349202,395
CC(=O)NCc1ccc(OCCCN2CCC(c3noc4cc(F)ccc34)CC2)cc1,6.85,8,7.456394564814821,340
Cc1ccc(-n2nc(C(C)(C)C)cc2NC(=O)Nc2ccc(Oc3ccnc(Nc4cccc(C)c4)n3)c3ccccc23)cc1,6.772,9,6.757447908730158,65
CN(C)S(=O)(=O)N[C@H]1CC[C@H](CCN2CCN(c3nccc4c3CCO4)CC2)CC1,7.94,10,7.625140900793648,12
CCc1cccc(N2CCNCC2)c1Cl,8.152,4,6.613161296296295,396
COc1ccc(S(=O)(=O)NCCCN2CCN(c3cccc(C(F)(F)F)c3)CC2)cc1,6.452,1,6.696341382515631,397
COc1ccccc1N1CCN(CCCCC(=O)n2c3ccccc3c3ccccc32)CC1,6.348,2,6.625846032467537,349
COc1ccc(NC(=O)Nc2ccccc2F)cc1-c1c(Br)cnn1C,8.9,9,7.779823457671955,104
NC(=O)c1cc(OCCCCN2CCN(c3nsc4ccccc34)CC2)ccn1,6.281,10,7.210701236772487,398
N#Cc1ccc(C(=O)N[C@H]2CC[C@H](CCN3CCC(c4cccc5c4CCO5)CC3)CC2)cc1,7.652,4,7.621266642857143,399
COc1ccc(NC(=O)Nc2ccc(Cl)cc2Cl)cc1-c1c(Br)cnn1C,9.3,9,7.645878239417994,104
O=C(NCCCF)c1ccc2c3c1C(CC(F)(F)F)CN3CCNC2,4.96,4,6.207302306878307,18
O=C1c2ccccc2CCCN1CCN1CCC(n2ccc3cc(F)ccc32)CC1,8.16,8,7.357359399470899,400
COc1ccc2c(c1)O[C@]1(CC2=O)CN2CCC1CC2,4.523,7,5.03915171067821,401
Cc1nc(-c2ccc(-c3ccc(C(=O)Nc4ccc5c(c4)N(CCN(C)C)CCO5)cc3)c(C)c2)no1,8.4,4,7.007682317460314,402
O=C(NCCCCN1CCN(c2ccccc2)CC1)[C@H]1CCc2ccccc2N1,7.4805,6,6.938147163780665,403
Cc1ccc(NC(=O)Nc2ccc(OCCN3CCCCC3)c(-c3ccnn3C)c2)cc1,8.85,9,8.892683160052906,93
CCCc1nc(C(=O)NCC(O)CN2CCN(c3cccc(Cl)c3Cl)CC2)c(C)n1-c1ccc(OC)cc1,7.2,3,7.1734365555555515,103
COc1cc(Br)c2c3c1C[C@H](N)C[C@@H]3CO2,7.255,2,7.025411771164025,404
COc1c(C)nc(C)nc1C(=O)NCCN1CCN(c2cccc(Cl)c2Cl)CC1,6.58,10,6.952625158730154,405
COc1cccc(C(=O)Nc2ccc(OCCN3CCN(C(C)=O)CC3)c(-c3ccnn3C)c2)c1,8.348,8,8.068191764550264,262
Cc1cc(C(=O)NC2CC(CCN3CCN(c4cccc(Cl)c4Cl)CC3)C2)on1,8.87,4,7.894687964285717,406
CN(C)[C@@H]1CC[C@H](c2c[nH]c3ccc(C#N)cc23)C1,6.08,3,6.948139880952383,407
COc1cccc(CCN2CC[C@H]3[C@@H](C2)c2cccc4c2N3CCN4C)c1,7.056,2,7.292470073472826,408
CO[C@H]1CC[C@H](CC(=O)N[C@H]2CC[C@H](CCN3CCC(c4noc5ccc(Cl)cc45)CC3)CC2)CC1,7.609,1,7.869247027777773,238
CCc1c(CC2CCCC2)cnc2c1CC[C@@H]1CNCCN21,6.457,7,6.65039248809524,409
CCCCCCc1cc(OC)c(CC(C)N)nc1OC,8.509,5,7.656642987433866,346
Cc1cc(CC(=O)N[C@H]2CC[C@H](CCN3CCN(c4cccc5c4OCO5)CC3)CC2)on1,7.64,6,7.72722166269841,410
CC1CC(=O)Nc2c(CCN3CCN(c4noc5ccccc45)CC3)cc(F)cc21,9.55,6,8.379655231481483,411
COc1ccccc1N1CCN(CCCCNC(=O)c2ccn3nccc3c2)CC1,6.51,4,6.663465959401708,412
COc1cc(CCCCC(F)(F)F)c(OC)cc1CCN,8.2,2,7.0945515218254,188
O=C1NCc2cc(Cl)c(OCCCN3CCN(c4cccc5ccccc45)CC3)cc21,7.46,10,7.801090888888892,135
CN1CCC(c2cccc3cc(S(=O)(=O)c4ccccn4)cnc23)CC1,6.91,3,7.37564486243386,413
O[C@@]1(c2ccc(Cl)cc2)C[C@H]2CC[C@@H](C1)N2Cc1coc2ccccc12,6.77,2,7.092895892857142,414
COC1(C(=O)N[C@H]2CC[C@H](CCN3CCC(c4cccc5c4OCO5)CC3)CC2)CCCCC1,7.938,1,7.656433133597879,415
CC(C)CC(=O)N[C@H]1CC[C@H](CCN2CCC(c3cccc4c3CCO4)CC2)CC1,7.509,6,7.494912031084649,222
COc1cc2c(cc1C(F)(F)F)N(C(=O)Nc1cncc(-c3cnccc3C)c1)CC2,7.0,10,6.82521019973545,416
COc1cc(OCCC(F)(F)F)c(OC)cc1CCN,6.32,2,7.047920741762868,188
COc1ccc(Cl)c(F)c1C1CC1CN,6.92,8,6.696903167989421,70
CC1COc2ccc(CNC(=O)N(Cc3ccc(F)cc3)C3CCN(C)CC3)cc21,8.393,2,7.805619940476193,417
COc1cc2c3c(c1O)-c1cc([N+](=O)[O-])ccc1CC3N(C)CC2,6.04,9,6.566686779100531,81
CN(C)/C=N/N=C/c1cn(S(=O)(=O)c2ccc(I)cc2)c2cccc([N+](=O)[O-])c12,6.609,1,6.341112072751321,418
O=C(NC[C@@H]1CCOC1)c1ccc(C#Cc2ccccc2F)cc1,6.523,7,6.494476063011056,419
Cc1cc(OCCCN2CCN(c3ccc(Cl)cc3)CC2)c2c(C)cc(=O)oc2c1,7.16,2,6.577730875661377,420
COc1ccc(NC(=O)Nc2ccc(F)cc2F)cc1-c1c(Br)cnn1C,9.246,9,8.0647845,104
CNCc1cc(F)c(Cl)cc1Oc1ccc(Cl)c(Cl)c1,6.639,5,6.929114488095235,7
O=C1NC2CNCCN2c2cccc(C(F)(F)F)c21,6.74,10,6.118028978835975,421
O=C(CCCN1C2CCC1CC(O)(c1ccccc1)C2)c1ccc(F)cc1,7.91,3,7.613498875661375,422
CNCc1ccccc1Oc1ccc(Cl)c(Cl)c1,6.141,5,6.664731817460318,7
O=C1c2ccccc2S(=O)(=O)N1CCCCCCN1CCN(c2cccc3ccccc23)CC1,7.04,3,7.029392374458874,423
CC(C)(N=C1CC(c2ccc(F)cc2F)=NCCN1)C1CCC1,8.854,2,8.033506010582007,424
CNCc1ccc(Cl)cc1Oc1ccc(F)c(Cl)c1,7.213,5,6.798029018518514,7
CCCCSc1c(OC)cc(CCN)cc1OC,6.22,2,6.860102593915344,188
COc1ccccc1-n1c(C)nc(C(=O)NCCCN2CCN(c3cccc(Cl)c3C)CC2)c1C,7.89,3,6.945968739417984,103
O=C(NCCCCN1CCN(c2cccc(Cl)c2Cl)CC1)c1cc2ccccc2s1,7.77,6,7.22072209126984,425
CC(O)C(=O)N(CC#N)CCN1CCC(c2noc3cc(F)ccc23)CC1,7.012,4,8.599473649470891,32
COc1cc(S(=O)(=O)C(F)F)c(OC)cc1CCN,7.97,2,6.197549035714285,188
CN(C)CC1(C)CC2c3ccccc3Cc3ccccc3N2O1,7.238,8,6.930441652777777,303
COCCNC(=O)c1ccc2c3c1CCN3CCNC2,4.301,4,5.372390623015874,18
CN(C)CCCC1CC2c3ccccc3Cc3ccccc3N2O1,8.41,8,7.118676311327562,303
COc1cc2c(cc1OC)-c1c(OC)c(OC3CCCCC3)cc3c1[C@H](C2)N(C)CC3,6.27,10,6.451785497354498,426
CCCNCCc1cccc2[nH]cc(S(=O)(=O)c3ccccc3)c12,6.2,3,6.990634732804234,56
C[C@H]1C=C(C2=Nc3cc(Cl)ccc3Nc3ccc(OC(F)(F)F)cc32)CCN1C,9.852,4,7.24576371825397,427
O=C(CC1COCCO1)N[C@H]1CC[C@H](CCN2CCC(c3coc4ccccc34)CC2)CC1,8.69,8,8.31167786507937,428
O=C(c1ccc(F)cc1)C1CCN(Cc2ccccc2I)CC1,6.72,9,6.899197907407406,199
NCCc1c[nH]c2ccc3c(c12)CCCO3,8.31,9,7.234039507936511,341
Cc1ccccc1N1CCN(CCCCOc2ccc3c(n2)NC(=O)CC3)CC1,7.29,10,8.92833711691086,429
CC1CCN(CCc2ccc(OCCCCN3CCC(c4noc5cc(F)ccc45)CC3)cc2)CC1,8.291,6,7.702754201058198,430
Cc1ccc2c(n1)C(=O)N(CCN1CCC(c3noc4ccccc34)CC1)CC2,7.704,3,8.650988756613758,226
COc1cc(SCCC(F)(F)F)c(OC)cc1CCN,8.035,2,7.1198757347883594,188
COc1ccccc1NCCNc1nc(N)nc(NCCc2c[nH]c3ccccc23)n1,4.84,9,5.6178727552910015,431
c1ccc(CCCOCC2CCN(Cc3ccccc3)CC2)cc1,6.745,4,6.858838396825394,432
O=C1c2ncccc2CCN1CCN1CCN(c2nsc3ccccc23)CC1,8.58,3,8.479906731481476,323
O=C(CO)N[C@H]1CC[C@H](CCN2CCC(c3coc4ccccc34)CC2)CC1,8.309,5,8.365230736772485,182
Cc1ncnc(C)c1-c1cc(NC(=O)C2(CF)CC2)ccc1OCCN1CCC1,7.866,1,7.978610283068775,433
c1ccc(-c2[nH]c3ccccc3c2C2CC3CCC(C2)N3)cc1,8.74,2,7.920773893278019,434
O=C(CCCN1CC[C@@H]2[C@H](C1)c1cccc3c1N2CCC3)c1ccc(F)cc1,8.555,8,8.603609613756616,435
Fc1ccc2[nH]c3c(c2c1)CCNC3c1cccnc1F,6.41,2,6.766813941798941,436
Cn1c(=O)c2c(nc3n2CCCCN3CCCN2CCN(c3ccccc3)CC2)n(C)c1=O,6.589,6,6.41755897679173,379
Cc1cc(C(=O)NCCN2CCN(c3cccc(C)c3C)CC2)nc(C(C)(C)C)n1,7.16,10,6.869439880952382,405
O=C1c2ccccc2CCCN1CCN1CCC(n2c(=O)oc3cc(F)ccc32)CC1,6.73,1,7.33255617592593,437
COc1cc(CN(C(=O)OCc2ccc(OC(C)C)cc2)C2CCN(C)CC2)ccc1Cl,6.8,7,6.98999383706109,76
CC(N)Cc1c[nH]c2ccc(F)cc12,7.635,1,6.937648607142858,89
CC(C)CCc1ccc(CNC(=O)N(Cc2ccc(F)cn2)C2CCN(C)CC2)cc1,7.27,7,8.412010913660408,223
O=C(C[C@@H](O)C(F)(F)F)N[C@H]1CC[C@H](CCN2CCN(c3nccc4c3CCO4)CC2)CC1,7.48,10,7.681274880952383,12
Cc1cccc(N2CCN(CCCNC(=O)c3cc(-c4ccccc4)n(Cc4ccccc4)c3C)CC2)c1C,6.65,1,6.869515834656081,438
C[C@@H]1CNC[C@H]2Cc3ccc(C(F)(F)F)nc3N21,7.368,2,6.681937675925925,153
Cc1ncoc1C(=O)Nc1ccc(OC[C@H]2CCCCN2)c(-c2c(C)noc2C)c1,7.991,10,8.01157178835979,439
CSc1cc2c(cc1I)N(C(=O)Nc1cccnc1)CC2,6.3,7,6.70380363822751,440
O=Cc1cnn2ccc(-n3cc(CCN4CCN(c5cccc(Cl)c5Cl)CC4)nn3)cc12,7.3,7,7.38831561111111,441
COc1ccc(-n2cc(C(=O)NCC(O)CN3CCN(c4cccc(Cl)c4Cl)CC3)nc2-c2ccccc2)cc1,6.862,2,7.003131182539684,442
CCCC(C)c1ccnc2c1CC[C@@H]1CNCCN21,7.59,5,7.003607890211644,443
CN1CCc2cc(Cl)c(NS(=O)(=O)c3ccc(-c4ccc(Cl)cc4)cc3)cc2CC1,7.5,6,7.0738164576719536,444
C#CCN(C)Cc1ccc(OCCCCCN2CCN(c3cccc4c3ccn4S(=O)(=O)c3ccccc3)CC2)cc1,6.378,1,7.1362233637566135,445
Nc1cccc2nc(C(=O)N3CCN(CCc4ccc(F)cc4F)CC3)cn12,8.85,6,8.753718259259264,446
O=C1Nc2ccccc2C12CCN(CCN1CCC(c3ccc(F)cc3)CC1)C2,6.588,7,7.557713474867726,447
O=S(=O)(NCCCCN1CCC(c2noc3cc(F)ccc23)CC1)c1csc2ccccc12,8.242,8,8.70339792460318,448
CCN(CC)CCOC(=O)C1(C2CCCCC2)CCCCC1,6.89,7,6.794124075396827,449
COc1ccc(N2Cc3cc(Cl)cc(Cl)c3C2=O)cc1OCCN1[C@H](C)CCC[C@@H]1C,6.5,1,6.399402980158737,73
CCn1c(-c2ccccc2)cc(C(=O)NCCCN2CCN(c3cccc(C)c3C)CC2)c1C,7.12,8,6.883030002645502,13
NC[C@H]1C[C@@H]1c1c(OCC2CC2)ccc2c1CCO2,6.12,6,6.391610560846563,450
Cc1ccc(C(=O)N[C@H]2CC[C@H](CCN3CCN(c4nsc5ccccc45)CC3)CC2)[nH]1,8.89,6,9.210013473544976,451
Cc1cc(C2NCCc3c2[nH]c2ccc(Cl)cc32)sc1Br,6.11,6,6.881995759259265,284
O=S(=O)(c1cccc2ccccc12)N(CCCN1CCN(c2ccccc2)CC1)CC1CCCCC1,8.588,4,7.106826662698409,452
O=C(N[C@H]1CC[C@H](CCN2CCN(c3cccc4c3OCO4)CC2)CC1)C1CCC1,7.64,1,7.828083928571421,453
Cc1ncncc1-c1cc(NC(=O)C2CC2)ccc1OCCN1CCOCC1,7.597,10,7.7167294781746,454
CC(C)COc1ccc(COC(=O)N(Cc2ccc(F)cc2)[C@H]2CCNC[C@H]2F)cc1,9.6,7,7.626870217592588,76
Nc1nc2cccc(CCN3CCN(c4cccc5sccc45)CC3)c2s1,7.799,5,7.866941661375663,455
O=C(N[C@H]1CC[C@H](CCN2CCC(c3coc4ccccc34)CC2)CC1)c1ccc(N2CCOCC2)cc1,7.96,10,8.090387890211646,456
O=C(CC1OCCCO1)N[C@H]1CC[C@H](CCN2CCC(c3noc4cc(F)c(F)cc34)CC2)CC1,8.029,4,7.828925564814813,457
CNc1ccc(-c2c3c(nn2C(C)C)CCNCC3)cc1,8.52,2,7.493881033068792,68
O=C1NC2CNCCN2c2ccc(Cl)cc21,6.4,10,5.948320915343916,421
CCCNCc1ccc(Cl)c(-c2ccccc2OC)c1,6.17,9,7.044744452380954,202
CC1=NCCc2c1[nH]c1ccccc21,6.002,8,6.774177452380955,458
CC(C)COc1ccc(CNC(=O)N(Cc2ncc(F)cc2F)C2CCN(C)CC2)cc1,7.37,7,8.14135160449736,223
O=C(O)C1CN(C2CC[C@]3(Cc4ccccc4Cc4ccccc43)C2)C1,7.8,3,6.994392251322753,459
COc1ccccc1Nc1nc(N2CCNCC2)nc2ccccc12,7.34,8,6.651929515873011,212
Fc1ccc(SCCCN2CCC(c3ccc(Cl)cc3)CC2)cc1,6.95,2,6.9222554523809565,460
CN1[C@@H]2CC[C@H]1C[C@H](N1CCC(c3c(-c4ccccc4)[nH]c4ccccc34)CC1)C2,8.857,5,7.818540904761903,461
O=C1c2[nH]cnc2CCCN1CCN1CCN(c2nsc3ccccc23)CC1,8.28,1,8.819418357142853,462
CCC(=O)N[C@H]1CC[C@H](CCN2CCN(c3nccc4occc34)CC2)CC1,8.19,9,8.201364138888891,83
C#CC(C)(C)c1cc(NC(=O)Nc2ccc(Oc3ccnc(Nc4cc(C(=O)NCCN5CCOCC5)cc(C(F)(F)F)c4)n3)c3ccccc23)n(-c2ccc(C)cc2)n1,6.67,3,6.910863003968253,316
O=C(CCCN1C2CCC1CC(O)(c1ccc(Cl)cc1)C2)c1ccc(F)cc1,7.51,3,7.022316225529107,422
Cc1ccc(Nc2nccc(Oc3ccc(NC(=O)Nc4cc(C(C)(C)C)nn4-c4ccc(C)cc4)c4ccccc34)n2)cc1,6.449,9,6.730851591269842,65
O=[N+]([O-])c1ccc(CCN2CCN(c3ccccc3)CC2)cc1[N+](=O)[O-],8.29,3,6.8190120589225565,463
COc1ccccc1N1CCN(CCCCNC(=O)c2cccn3nccc23)CC1,7.0,2,6.439045179894181,464
COc1cccc(N2CCN(CCCCNC(=O)c3ccccn3)CC2)n1,6.852,2,7.301770503968255,376
Clc1ccc(-c2cc(Cl)cc3c2N2CCNCCC2C3)c(Cl)c1,6.37,7,6.82428151659452,465
O=C(NC1CCc2ccc(CCN3CCN(c4nsc5ccccc45)CC3)cc21)c1cccnc1,9.02,10,9.218666123015872,466
CCOc1ccccc1Cc1c(N)nc(SCCN2CCN(Cc3cccc(C(F)(F)F)c3)CC2)nc1N,7.157,5,6.781913937830691,467
COc1cc(SCCCCCF)c(OC)cc1CC(C)N,8.47,2,7.391713779761907,188
Cc1noc(C)c1-c1cc(NC(=O)Cc2cccc(F)c2)ccc1OCCN1CCC1,8.347,9,8.198986941798937,468
COc1ccccc1-n1c(C)nc(C(=O)NCC(O)CN2CCN(c3cccc(Cl)c3C)CC2)c1C,6.431,3,6.757621059523803,103
NC(=O)c1ccc2c3c1CCN3CCNC2,4.301,4,4.982544654761905,18
COc1ccccc1N1CCN(CCCCCNC(=O)c2nnn(Cc3ccccc3)c2C)CC1,6.85,8,6.711586873015876,469
O=C1[C@@H]2[C@H](C(=O)N1CCN1CCN(c3cccc4sccc34)CC1)[C@H]1C=C[C@@H]2C1,7.08,6,7.249363702380955,470
CNC(=O)c1cc(OCCCCN2CCN(c3cccc(Cl)c3Cl)CC2)ccc1Cl,6.47,2,7.083020063131315,471
CC(C)CNc1ccc(CN(Cc2ccn(C)n2)C(=O)NC2CCN(C)CC2)cc1,8.664,7,7.225266060846555,472
Cc1[nH]c2ccc(Br)cc2c1C1=CCNCC1,6.4,6,6.746347464285715,232
CCC(Oc1cc(Cl)cc(Cl)c1)c1nc(Nc2ccncc2)nc(N2CCN(C)CC2)n1,6.36,7,6.657590667989422,118
Nc1nc(N)nc(NCCCCCN2CCN(c3cccc(Cl)c3Cl)CC2)n1,7.77,3,7.347322238095245,473
CCc1cc(OC)cc(CCNCc2cccc(F)c2)c1OC,8.62,10,7.152433961640213,117
COc1cccc2[nH]cc(CCNCc3ccc(-c4ccc(O)cc4)o3)c12,6.88,8,7.01881864285714,474
CC(C)Oc1ccc(COC(=O)N(Cc2ccc(C(F)(F)F)cc2F)C2CCN(C)CC2)cc1,8.4,7,7.846280690476189,76
Cc1c(OCCCN2CCN(c3cccc4cc(F)ccc34)CC2)ccc2c1C(=O)NC2,7.902,10,8.285552231481477,135
CCCCN1CCC(COc2nc3ccsc3n3cccc23)CC1,6.78,1,6.115542314814816,475
O=C(N[C@H]1CC[C@H](CCN2CCN3c4cccc5scc(c45)CC3C2)CC1)N1CCCC1,6.284,10,7.158296417989419,476
CCn1c(-c2ccc(Cl)cc2)cc(C(=O)NCCCN2CCN(c3cccc(C)c3C)CC2)c1C,6.82,8,6.88351308201058,13
c1ccc(Cc2ncc3c(n2)CCNCC3)cc1,7.17,1,7.387341218253964,477
Ic1ccc(Nc2nc(N3CCNCC3)nc3ccccc23)cc1,6.302,8,6.74301223520924,212
COc1cccc(N2CCN(CCCNC(=O)c3cc(-c4ccccc4)n(C)c3C)CC2)c1OC,6.18,8,6.948362505291008,13
O=C(O)C1=CCCN(C2CCC3(Cc4ccccc4Oc4ccccc43)C2)C1,6.4,6,6.812638650793652,478
COc1ccc(C2=CCN(c3cccc(F)c3)C2=O)cc1OCCN1CCCCC1,6.0,7,6.219633939153436,479
COc1cc(F)c(CN(C(=O)OCc2ccc(OCC(C)C)cc2)C2CCN(C)CC2)c(F)c1,9.0,7,7.470198981481481,76
CC(=O)c1c(C)cc2oc(=O)cc(C)c2c1OCCCN1CCN(c2ccc([N+](=O)[O-])cc2)CC1,6.54,2,6.711384948412705,420
O=S(=O)(c1cncc2ccccc12)N1CCC(CCN2CCN(c3ccc(Cl)c(Cl)c3)CC2)CC1,6.749,1,6.691879517195763,480
CCc1ccc(S(=O)(=O)N(C)C2CCN(C)CC2)cc1,6.34,5,6.1802192261904745,124
CN1CCc2ccc3c4c2[C@H]1Cc1cccc(c1-4)[C@@H]3N,6.329,5,6.690507588624341,481
Cc1cc(CN(Cc2ccc(OCC(C)C)cc2)C2=NOC3(CCN(C)CC3)N2)on1,7.26,4,7.068410814935065,482
O=C1CCN1c1ccc2on(C[C@@H]3C[C@H]4c5ccccc5Oc5ccc(Br)cc5[C@H]4O3)c2c1,6.51,3,6.592288366402118,483
Cn1cc2c(OCC3CCN(CCc4ccccc4C(=O)O)CC3)nc3ccccc3c2c1,6.1,6,6.495338379629632,484
CC(N)Cc1c[nH]c2ccc3ccccc3c12,8.521,1,6.963826865079364,485
Fc1ccc2c([C@@H]3CNCC[C@H]3F)c(-c3ccc4ccccc4c3)[nH]c2c1,9.64,10,9.11584516666666,486
CN1CCC(C(=O)N[C@H]2CC[C@H](CCN3CCN(c4cccc5c4OCO5)CC3)CC2)CC1,7.82,9,7.978309746031747,487
CCCCCCOc1cc2c(cc1OC)-c1c(OC)c(OC)cc3c1[C@H](C2)N(C)CC3,6.24,9,6.352473230158734,81
Brc1ccc2c(c1)[C@H]1O[C@H](Cn3oc4ccc(-c5ccccc5)cc43)C[C@H]1c1ccccc1O2,6.51,8,7.045682522486777,488
CCCCOc1ccc(CN(Cc2coc(C)n2)C(=O)CCC2CCNCC2)cc1F,7.26,7,7.64054055447331,489
CC1(NC2=NCCNC(c3ccc(F)cc3)=C2)CCCCC1,8.8,6,8.447193956349208,490
CN1CCC(N(Cc2ccc(F)cn2)C(=O)NCc2ccc(OCC(F)(F)F)c(Cl)c2)CC1,6.894,7,7.724925091269842,223
O=C(O)C1(F)CCN(C2CCC3(Cc4ccccc4Oc4ccccc43)C2)CC1,6.4,2,7.133469103174602,491
CC(C)CCC(=O)N[C@H]1CC[C@H](CCN2CCC(c3coc4ccccc34)CC2)CC1,7.88,5,8.228830190476193,182
CC(=O)c1c(OCCCCN2CCN(c3cc(C)ccc3C)CC2)ccc2c(C)cc(=O)oc12,7.33,10,7.546710342592599,86
COc1cccc(C(=O)Nc2ccc(OCCN3CCCC3)c(-c3c(C)ncnc3C)c2)c1,8.865,10,8.171340265873015,492
O=C(Nc1cccnc1)N[C@H]1CC[C@H](CCN2CCN(c3nsc4ccccc34)CC2)CC1,9.58,3,8.7350582526455,493
Cc1ccc(-n2nc(C(C)(C)C)cc2NC(=O)Nc2ccc(Oc3ccnc(Nc4ccccc4)n3)c3ccccc23)cc1,7.699,9,6.674126242063491,65
COc1ccc(CCc2ccccc2OC[C@H](CN(C)C)OC(=O)CCC(=O)O)cc1,8.159,3,6.8857186164021185,494
COc1cc2c(cc1OC)-c1c(OC)c(OC(C)C)cc3c1[C@H](C2)N(C)CC3,6.23,9,6.584834289682537,81
O=S(=O)(NCCCN1CCN(c2noc3ccccc23)CC1)c1cc2ccccc2s1,6.39,2,7.676078412698414,495
O=C1c2ccccc2S(=O)(=O)N1CCCCCCN1CCN(c2cccc3cccnc23)CC1,6.689,10,6.708065550264552,496
Cc1ccc(-c2nc(Cc3ccccc3)nc3c2CCNCC3)cc1,9.4,9,7.639551341269841,497
CN1CCC(N(C)S(=O)(=O)c2ccc(C(C)(C)C)cc2)CC1,6.29,5,6.1299330820105835,124
COc1cc(N)c(Cl)cc1C(=O)NC1CCN(CCCOc2ccc(F)cc2)CC1OC,8.41,8,6.806396220899469,498
O=C1c2cccnc2CCN1CCN1CCC(c2noc3ccccc23)CC1,8.67,10,8.369581129629632,499
c1cnc2c(N3CCNCC3)cccc2c1,7.15,6,6.509793404761905,500
O=S(=O)(NCCCCN1CCC(c2noc3cc(F)ccc23)CC1)c1ccc(F)c(Cl)c1,8.048,4,8.569907371693125,270
NC(=O)N1CCN(c2cccc(Cl)c2)CC1,4.49,4,5.833841436507935,396
FC(F)(F)c1ccc(/C=C/COCC2CCN(Cc3ccccc3)CC2)cc1,6.489,9,6.578057285714286,501
NC1=NC2(CCCCC2)NC(Nc2cccc(Br)c2)=N1,6.678,8,6.471468240740741,502
CN1CCN(C2=Nc3cc(Cl)ccc3N(NC(=O)c3ccccc3Cl)c3ccccc32)CC1,9.0,9,7.384694913359792,33
COCCC(=O)N[C@H]1CC[C@H](CCN2CCC(c3cccc4c3CCO4)CC2)CC1,7.411,6,7.4610550304232754,222
CCCCc1cc(OC)c(CCN)nc1OC,7.706,5,7.177676567460318,346
CCCN1CCc2cccc3c2[C@H]1Cc1cccc(OC(C)=O)c1-3,7.141,9,6.281117411375664,81
Cc1nc(C(=O)NCCCN2CCN(c3cccc(Cl)c3Cl)CC2)c(C)n1C1CCCC1,7.26,3,7.255053234126984,503
CCN(CCN1CCC(C2NOc3cc(F)ccc32)CC1)C(=O)C(O)COC,8.6,2,7.707726031084658,504
O=C1CCc2ccc(OCCCCN3CCN(c4ccc(O)c5c4OCC(=O)N5)CC3)cc2N1,6.368,1,6.4264811534391555,505
N#CCCc1ccnc2c1CC[C@@H]1CNCCN21,6.078,5,6.300678226190475,443
CC(C)c1ccccc1OCCN1CCC(N(C)S(=O)(=O)c2cnn(C)c2)CC1,6.919,7,6.788559820105818,506
CCCc1nc(C(=O)NCCCN2CCN(c3cccc(Cl)c3C)CC2)c(C)n1-c1ccccc1OC,6.769,3,6.962308142857143,103
CC(C)[C@@]1(NC(=O)[C@@H]2C[C@@H]3c4cccc5[nH]cc(c45)C[C@H]3N(C)C2)O[C@@]2(O)[C@@H]3CCCN3C(=O)[C@H](Cc3ccccc3)N2C1=O,8.095,6,7.3394214576719525,507
C(=C\c1ccccc1)/CN1CCN(C(c2ccccc2)c2ccccc2)CC1,6.715,5,7.035919880952382,508
CC1(C)CN2CCNCc3ccc(F)c1c32,6.458,4,5.323375341269837,18
CC(C)COc1ccc(CN(Cc2nn(C)cc2Cl)C(=O)NC2CCN(C)CC2)cc1,7.26,7,7.36624405687831,472
C/C=C/Cc1ccnc2c1CC[C@@H]1CNCCN21,8.3,5,7.0916673015873055,443
N#Cc1cccc(NC(=O)NCCCN2CCC(Cc3ccccc3)CC2)c1,6.112,7,6.57396987914863,509
Clc1ccc(N2CCN(CCCOc3ccccc3)CC2)cc1,7.702,9,6.916866079365081,288
O=c1ccc2c(N3CCNCC3)ccc(O)c2[nH]1,4.699,2,5.464837137566139,510
COc1ccc(C2CCN(c3ccn4c(CC5CC5)nnc4c3Cl)CC2)cc1,7.62,3,6.940300351851847,511
CCCCc1ccc(S(=O)(=O)Nc2ccc3c(c2)CCNCC3)cc1,7.8,3,7.277211015873019,512
Cc1cccc(N2CCN(CCCNC(=O)c3nc(C(C)C)n(-c4ccccc4)c3C)CC2)c1C,6.979,3,7.436615645502645,103
CNC(=O)c1cccc(OCCCCN2CCN(c3nsc4ccccc34)CC2)c1,6.75,2,7.231781185185183,513
Fc1ccc(Nc2nc(N3CCOCC3)nc3ccccc23)cc1,6.629,1,6.898426082010586,514
c1ccc(CN2CCC(c3c(-c4ccccc4)[nH]c4ccccc34)CC2)cc1,7.551,1,7.690213454365071,515
COc1cc(CCCC(F)(F)F)c(OC)nc1CCN,6.983,5,7.059251088263586,346
O=C(c1ccco1)N1CCC(CCN2CCN(c3nsc4ccccc34)CC2)CC1,8.659,10,8.773736070105821,516
O=C(Cc1cccs1)N[C@H]1CC[C@H](CCN2CCN(c3nsc4ccccc34)CC2)CC1,8.99,9,8.967148284391532,517
Cc1ncnc(C)c1-c1cc(NC(=O)c2cnccc2F)ccc1OCCN1CCC1,7.625,8,7.835209777777782,518
O=S(=O)(c1ccccc1)C1(CCCN2CCc3ccccc3C2)CCC1,7.19,7,6.847831832010583,519
CC(C)n1nc2c(c1-c1ccc(Cl)cc1Cl)CCNCC2,7.82,2,7.116470083333334,68
CC(C)COc1ccc(COC(=O)N(Cc2ccc(F)cc2)[C@@H]2CCN(C)C[C@@H]2F)cc1,9.6,7,7.698682275234025,76
Cc1cccc(N2CCN(CCCCNC(=O)c3cc4ccccc4o3)CC2)c1,7.82,1,7.354543925925923,101
Oc1ccc(C2NCCc3c2[nH]c2ccc(O)cc32)cc1,6.801,6,6.469897892015393,44
COc1c(OCCOCCOc2cn(CCOCCOc3cccc([C@H](O)C4CCN(CCc5ccc(F)cc5)CC4)c3OC)nn2)cccc1[C@H](O)C1CCN(CCc2ccc(F)cc2)CC1,7.44,6,6.964073793650791,520
OCCN1CCN(c2nc(Nc3ccc(F)cc3)c3cn[nH]c3n2)CC1,6.79,3,6.294166885281382,521
Cn1c(=O)c2c(nc(N3CCN(C(c4ccccc4)c4ccccc4)CC3)n2C)n(C)c1=O,4.65,4,6.595325384920638,522
O=C1Nc2ccccc2C12CCN(CCN1CC=C(c3ccc(F)cc3)CC1)C2,7.12,3,7.2395545727513175,523
Cc1cc2c(cc1C(F)(F)F)N(C(=O)Nc1ccc(Oc3cccnc3C)nn1)CC2,6.4,2,6.428232380952381,524
CS(=O)(=O)Nc1cc(F)ccc1C(=O)CCCN1CC[C@H]2[C@@H](C1)c1cccc3c1N2CCCS3,8.12,2,8.276842659391537,175
O=C(CC1(O)CCCCC1)N[C@H]1CC[C@H](CCN2CCC(c3cccc4c3OCO4)CC2)CC1,7.802,4,7.704332652116404,314
Cn1nccc1-c1cc(NC(=O)Nc2ccccc2F)ccc1OCCN1CCCCC1,8.21,9,8.692839634920631,93
Cc1ccsc1C(=O)N[C@H]1CC[C@H](CCN2CCN(c3nsc4ccccc34)CC2)CC1,8.7,9,8.850453284391534,57
Clc1ccc2c3c1CCCN3CCNC2,6.41,4,5.319338615079359,198
Cc1c(CCN)c2cc(F)cc3c2n1C(C)CC3,6.02,7,7.009923641534389,525
O=C(CCCN1CCC2(CC1)C(=O)NCN2c1ccccc1)c1ccc(F)cc1,8.768,8,7.756909558321313,526
CC(=O)N[C@H]1CC[C@H](CCN2CCN(c3nccc4sccc34)CC2)CC1,8.48,3,8.573257662698413,305
CN(C(=O)N[C@H]1CC[C@H](CCN2CCN(c3nsc4ccccc34)CC2)CC1)c1ccccc1,9.25,5,8.992584490139484,527
O=C(N[C@H]1CC[C@H](CCN2CCN(c3cccc4c3OCO4)CC2)CC1)C1(O)CCCC1,8.43,8,8.165780915343914,528
CNCc1cc(OCc2ccccc2)n(C(CF)C2CCCCC2)n1,8.55,6,7.865596623015874,94
CNCc1ccc(OC)cc1Oc1ccc(Cl)c(Cl)c1,6.979,5,7.005439539682543,7
[O-][S+](c1ccccc1)c1ccc(/C=C/c2ccc(F)cc2F)nc1,9.127,8,8.287565664021159,529
COC1CCN(CCOc2ccc(NC(=O)Nc3ccc(Cl)cc3)cc2-c2ccnn2C)CC1,9.92,9,8.487657412698416,93
CCNC(=O)c1cc(OCCCCN2CCC(c3noc4cc(F)ccc34)CC2)ccn1,7.02,5,7.214638414021163,530
CCCN(CCCCN1C(=O)CC2(CCCC2)CC1=O)C1COc2cccc(OC)c2C1,6.0,5,6.4160819999999985,531
CC(=O)NCc1ccc(CCCCN2CCN(c3ccccc3)CC2)cc1,7.319,10,6.763398305555554,131
O=C(CCCN1CC[C@H]2[C@@H](C1)c1cccc3c1N2CCO3)c1ccc(F)cc1,9.05,2,8.088620604497354,532
O=C1CCc2cc(CCN3CCN(c4cccc5sc(F)cc45)CC3)ccc2N1,7.392,3,6.845477566137571,533
Clc1ccc(Cl)c(-c2cc(Cl)cc3c2N2CCNCCC2C3)c1,7.16,7,6.782992511303515,465
Cc1ccc(-c2nc(C3CCCC3)nc3c2CCNCC3)cc1,8.6,7,7.721491801587305,534
CNC(C)c1cc(OCc2cc(F)ccc2F)n(CCC2CCCC2)n1,9.221,1,7.79852287698413,535
CCN(CCN1CCC(c2noc3ccc(C)cc23)CC1)S(=O)(=O)CCO,7.35,4,8.00267008730159,32
O=C(N[C@H]1CC[C@H](CCN2CCC(c3noc4cc(F)ccc34)CC2)CC1)c1ccc(N2CCOCC2)cc1,8.021,2,8.572835694444437,381
CC(C)COc1ccc(CNC(=O)N(Cc2cc3ccccc3cn2)C2CCN(C)CC2)cc1,9.184,10,7.622282625661374,536
COc1cc(C2CCCNC2)c(OC)cc1Cl,6.67,7,6.907451507936504,113
Cc1cccc(N2CCN(CCCNC(=O)c3cn(-c4ccccc4)c(-c4ccccc4)n3)CC2)c1C,7.88,2,7.0902313465608495,442
C=CCOc1c(OC)cc2c3c1-c1cc(NS(C)(=O)=O)ccc1CC3N(C)CC2,6.173,9,6.581714753968253,81
CCN(C)CCc1c(-c2cccs2)[nH]c2ccccc12,8.77,9,8.545855575396834,537
NC(=O)c1c2n(c3ccccc13)CCNCC2,7.34,10,5.768945867724869,538
CNCc1cc(OCc2ccccc2F)n(Cc2ccc(F)cc2)n1,8.92,10,8.286809970899476,250
Oc1ccc(Br)cc1C1NCCc2c1[nH]c1ccc(Cl)cc21,6.09,6,6.756465253968254,44
[2H]C([2H])(Cc1c[nH]c2ccccc12)N(C)C,6.94,1,6.823507257936505,89
CN(C)CCc1c[nH]c2ccccc12,7.32,1,6.776736146825395,89
O=C(NCCCCN1CCN(c2cccc(C(F)(F)F)c2)CC1)c1cc2ccccc2[nH]1,8.399,6,7.049485757936509,539
O=C1CCc2ccc(CCN3CCC(c4cccc5sccc45)CC3)cc2N1,7.6,6,7.012081107142858,540
CCS(=O)(=O)N[C@H]1CC[C@H](CCN2CCC(c3cccc4c3CCO4)CC2)CC1,7.46,6,7.583118400793652,222
CC(C)(CN1CCN(C2=Nc3ccccc3Cc3ccccc32)CC1)C(=O)O,7.06,2,7.195938886243378,541
CN(C)[C@H]1Cc2ccccc2[C@H](c2ccc(C(F)(F)F)cc2)C1,6.679,8,7.608668944444447,215
COc1ccc2[nH]cc(CCN(C(C)C)C(C)C)c2c1,6.667,1,6.974964699975955,89
COc1ccc(OC)c(/C=C2\N=C(N)NC2=O)c1,6.34,9,5.63781113852814,542
O=C(CC(F)(F)F)N[C@H]1CC[C@H](CCN2CCN(c3cccc4c3OCO4)CC2)CC1,7.59,5,7.729181609788361,5
CC[C@@H]1CNCCc2ccc(Cl)cc21,6.55,3,6.830019185846557,40
CN1CCc2ccc(O)cc2C(c2ccccc2)C1,6.88,4,6.7009777526455,543
O=C(c1ccc(F)cc1)C1CCN(CCn2cnc3c(c2=O)CCCC3)CC1,8.12,1,7.8957655068542545,544
Cc1ccc(-n2c(C)nc(C(=O)NCC(O)CN3CCN(c4cccc(C)c4C)CC3)c2C)cc1,7.168,3,6.944360773809527,103
Oc1c(Br)cccc1C1NCCc2c1[nH]c1ccc(Cl)cc21,7.13,6,6.783657809523807,44
COc1ccc(N2Cc3cc(Cl)c(Cl)cc3C2=O)cc1OCCN1CCC(C)CC1,6.3,1,6.402555767195773,73
CCOC(=O)Cc1nn(CNC(=O)CCN2CCN(c3ccc(C)c(C)c3)CC2)c(=O)c2ccccc12,6.36,5,7.095584634920635,41
Nc1cc(F)ccc1C(=O)CCCN1CC[C@H]2[C@@H](C1)c1cccc3c1N2CCCS3,8.858,2,8.838523490079366,175
c1cc2c3c(c1)c1c(n3CCNC2)CCC1,6.04,1,6.425945289321783,545
CCc1ccc(C(=O)N[C@H]2CC[C@H](CCN3CCC(c4coc5ccccc45)CC3)CC2)cc1,8.598,9,8.147644642857141,55
CCOc1ccc2c(c1)C(C1=C[C@H](C)N(C)CC1)=Nc1cc(Cl)ccc1N2,10.04,4,7.323185777777778,427
O=C(c1cccn2ccnc12)N1CCN(CCc2ccccc2Cl)CC1,8.399,3,6.397261472222221,367
Oc1ccccc1C1NCCc2c1[nH]c1ccc(F)cc21,7.583,6,6.665267882275137,44
Clc1ccc2[nH]c3c(c2c1)CCNC3c1ccc(Br)s1,6.04,6,6.874941785714289,284
C=CCOc1ccc2c(c1[C@H]1C[C@@H]1CN)CCO2,6.207,6,6.48921178306878,546
COc1ccccc1N1CCN(CCCCN2C(=O)C3C4C(=O)CC(OC(C)=O)(CC4(C)C)C3C2=O)CC1,6.11,5,6.4059334007936535,547
CC(CCN1CCN(c2cccc(C(F)(F)F)c2)CC1)NS(=O)(=O)c1ccc2ccccc2c1,6.75,10,7.007558354497354,548
N#Cc1ccc(S(=O)(=O)C2CCN(CCc3ccc(F)cc3F)CC2)cc1,8.59,4,8.027714933862434,36
COc1ccc(CN(C(=O)Cc2ccc(OCC(C)C)cc2)C2CCN(C)CC2)c(F)c1,8.1,6,7.798448920634921,128
CO[C@H]1CC[C@H](CC(=O)N[C@H]2CC[C@H](CCN3CCN(c4nccc5c4CCO5)CC3)CC2)C1,7.65,7,7.605833097222227,549
CC(C)(C)CC(=O)N[C@H]1CC[C@H](CCN2CCN(c3nccc4c3CCO4)CC2)CC1,7.79,10,7.781958940476192,12
COc1cccc(Nc2nccc(Oc3ccc(NC(=O)Nc4cc(C(C)(C)C)nn4-c4ccc(C)cc4)c4ccccc34)n2)c1,6.924,9,6.788304242063491,65
COc1cc(F)cc2[nH]nc(CCN3CCC4CC43)c12,7.53,5,7.450347816798949,550
CCC(Oc1cc(Cl)cc(Cl)c1)c1nc(N)nc(N2CCN(C)CC2)n1,6.33,8,6.575968945767197,342
Cc1ncnc(C)c1-c1cc(NC(=O)C2CC2)ccc1OCCN1CC2(COC2)C1,7.71,5,7.755760367724859,551
C[C@@H](Cn1ccc2ccc3ncccc3c21)NCc1ccccc1Cl,6.184,3,6.621767001322751,552
CN1CCC=C(c2c[nH]c3c(Cl)c(F)ccc23)C1,7.82,8,6.976210746031743,553
CCc1cccc(N2CCN(CCCCNC(=O)c3cc4ccccc4o3)CC2)c1Cl,8.62,1,7.36149903835979,101
NCC1CC1c1c(OCCF)ccc(Cl)c1F,6.03,8,6.756240267195766,70
O=c1c(-c2ccccc2)c2n(c(=O)n1CCCCN1CCCC(c3c[nH]c4ccccc34)C1)CCCC2,6.14,3,7.220808897907647,554
CC(C)(C)c1ccc(C(=O)N[C@H]2CC[C@H](CCN3CCC(c4cccc5c4CCO5)CC3)CC2)cc1,7.542,4,7.341895505290998,399
COCC(=O)N[C@H]1CC[C@H](CCN2CCN(c3nsc4ccccc34)CC2)CC1,9.62,5,8.78407113690477,321
O=C1COc2ccc(CCN3CCN(c4cc(F)cc5sccc45)CC3)cc2N1,6.482,4,7.296619650793649,555
COc1ccc2c(c1)Cc1ccccc1C2CN,8.12,1,6.673711968253973,152
COc1cc(Nc2nccc(Oc3ccc(NC(=O)Nc4cc(C(C)(C)C)cc(NS(C)(=O)=O)c4OC)c4ccccc34)n2)cc(OCCOCCOCC(=O)O)c1,7.638,10,7.048004603174606,556
C[C@H]1CN(CC[C@H]2CC[C@H](N3C(=O)CC4(CCCC4)CC3=O)CC2)CCc2ccc(Cl)cc21,7.79,9,6.80583180026455,557
CCCCCc1c(OC)cc(/C=C(\C)N)c(OC)c1C,7.244,2,6.86448715343915,188
O=C(CO)N[C@H]1CC[C@H](CCN2CCN(c3cccc4c3OCO4)CC2)CC1,7.908,5,7.796538173280425,5
CN1CCC[C@@H]1Cc1c[nH]c2cc(F)c(F)cc12,6.9,2,6.8413982447089925,35
C[C@@H]1C[C@H](C)N1C(=O)C1C=C2c3cccc4[nH]cc(c34)C[C@H]2N(C)C1,7.527,6,8.440171078102452,558
CCCCCSc1c(OC)cc(CCNCc2ccccc2OC)cc1OC,10.398,10,7.470475523809525,117
Fc1cccc(Nc2nc(Cc3ccccc3)nc3c2CCNCC3)c1,7.93,2,7.354300932539681,325
COc1cc(CCNCc2cccc3cc[nH]c23)c(OC)cc1Br,7.888,7,8.34984232671958,559
Cc1cccc(N2CCN(CCCCNC(=O)c3cc(-c4ccccc4)n(C)c3C)CC2)c1C,7.21,9,6.983286587782594,560
CC(N)Cn1ccc2cc(F)ccc21,6.8,1,6.850356119047619,89
O=C(NCCC(F)CN1CCN(c2cccc(Cl)c2Cl)CC1)c1ccc(-c2ccccn2)cc1,7.009,5,6.782874285714289,285
COc1ccc(NS(=O)(=O)c2sc3ccc(Cl)cc3c2C)cc1N1CCN2CCC[C@H]2C1,6.6,5,6.233662863756611,561
N#Cc1ccc(C(=O)N[C@H]2CC[C@H](CCN3CCC(c4cccc5c4OCO5)CC3)CC2)cc1,8.042,6,7.7019105753968296,562
COc1ccc(F)cc1C1(F)CC1CN,6.45,8,6.776487419973547,70
CCOC(=O)Cc1nn(CNC(=O)CCCN2CCN(c3ccc(C)c(C)c3)CC2)c(=O)c2cc(F)ccc12,7.92,1,6.738984342592588,154
Fc1ccccc1Cc1ccnc2c1CC[C@@H]1CNCCN21,8.578,7,7.568428514550271,205
COc1ccccc1N1CCN(CCCN(CC2CCCCC2)S(=O)(=O)c2ccc3ccccc3c2)CC1,7.938,4,6.926991240740745,563
CN1CCc2c(c3cccc4c3n2-c2ccccc2CC4)C1,7.62,2,6.984394312169311,564
O=C1N[C@H]2CNC[C@@H]2c2cccc(Cl)c21,6.669,7,5.95279211706349,34
Cn1cc2c(n1)CCCN(CCN1CCN(c3nsc4ccccc34)CC1)C2=O,8.47,1,8.986217472222215,565
CC(=O)OC12C=C(C)C(C(C)C1)C1C(=O)N(CCCCN3CCN(c4ccc(F)cc4)CC3)C(=O)C12,6.77,9,7.003790402116403,566
O=S(=O)(c1cncc2ccccc12)N1CCC(CCN2CCN(c3ccc(F)cc3)CC2)CC1,6.808,1,7.103262060846566,480
O/N=C/c1cnn2ccc(OCCCCN3CCN(c4cccc(Cl)c4Cl)CC3)cc12,8.255,8,7.3851718359788405,245
Cn1ncc(Br)c1-c1cc(NC(=O)Nc2ccc(Cl)cc2)ccc1OCCc1ccccc1,7.75,9,8.363326144179894,567
O=C1COc2c(N3CCNCC3)ccc(O)c2N1,4.699,7,4.940017301587306,568
O=C(N[C@H]1CC[C@H](CCN2CCC(c3coc4ccccc34)CC2)CC1)C1CC1,8.37,6,8.342046682539683,569
CN(C)[C@@H]1Cc2ccccc2[C@@H](c2ccccc2)C1,6.6645,8,7.129744962481964,215
Cn1cnc2c1c(=O)n(CCCN1CCN(C(c3ccccc3)c3ccccc3)CC1)c(=O)n2C,7.23,6,6.29004005687831,570
CCCc1nc(C(=O)NCCCN2CCN(c3cccc(C)c3C)CC2)c(C)n1-c1ccc(OC)cc1,7.15,3,7.121000341149588,103
CC(=O)N1CCC(C)c2cc(F)cc(CCN3CCN(c4noc5ccccc45)CC3)c21,9.539,3,8.231237466269844,571
Cc1noc(C)c1-c1cc(NC(=O)C2CC2)ccc1OC[C@@H]1CCCCN1,7.305,1,7.722217242063493,572
O=S1(=O)c2cccc3cccc(c23)N1CCCCCCN1CCN(c2nsc3ccccc23)CC1,7.497,3,7.4147785793650804,573
Clc1cccc(C2CCN(CCCCOc3ccc4scnc4c3)CC2)c1Cl,9.221,2,7.026350076719575,574
CC(C)n1nc2c(c1-c1ccc(C#N)cc1)CCNCC2,8.301,2,7.3910103809523795,68
CCc1cc2c(ccc3c(CC)nn(C[C@H](C)N)c32)o1,7.29,6,7.028676535714286,575
O=C(N[C@H]1CC[C@H](CCN2CCN(c3nsc4ccccc34)CC2)CC1)OCc1ccccc1,9.2755,10,8.738728406084656,576
CCCCCCCCCCCCCCCC(=O)N[C@H](C(=O)N[C@H](C(=O)N[C@@H](CC(C)C)C(=O)N1CCC[C@H]1C(=O)N[C@@H](CC(C)C)C(=O)N[C@@H](Cc1c[nH]c2ccccc12)C(=O)N[C@@H](C)C(=O)N[C@H](C(=O)N[C@@H](Cc1ccc(O)cc1)C(=O)N[C@H](C(=O)N[C@@H](Cc1ccc(O)cc1)C(=O)N[C@@H](CCCNC(=N)N)C(N)=O)[C@@H](C)O)[C@@H](C)O)[C@@H](C)O)C(C)C,4.523,9,6.905950914021167,577
COc1ccc(N(CCCCN2CCC(O)(c3ccc(Cl)c(C(F)(F)F)c3)CC2)c2ccc(OC)cc2)cc1,6.048,8,6.727857411375656,578
COc1ccc(C2=C(C)CN(c3ccc(Cl)c(Cl)c3)C2=O)cc1OCCN1CCCCC1,6.3,7,6.2981820119047685,479
CCC1CN2CCNCc3ccc(C(=O)NCCF)c1c32,6.67,4,5.964394805555553,18
CN1CCN(CC2C[C@@H]3c4ccccc4Sc4ccccc4[C@H]3O2)CC1,7.76,7,7.06183586772487,579
CC(C)COc1ccc(CNC(=O)N(Cc2ccn(C)n2)C2CCN(C)CC2)cc1,9.067,9,7.837347650432906,580
O=C(NCC1CCOCC1)c1ccc(C#Cc2ccc(F)cc2F)cc1,6.523,1,7.0002451666666605,581
CCc1ccc(Cl)c2c1[C@H]1CNC[C@@H]1NC2=O,6.115,7,6.676752250000001,34
COc1ccc(NC(=O)N2CCN(c3ccc(C(F)(F)F)cc3)CC2)cc1N1CCN(C)CC1,6.21,8,6.478565202380952,582
O=S(=O)(c1ccccc1)C1CCN(CCc2ccc(F)cc2F)CC1,9.481,4,8.062226972222222,36
CCCc1cc(OC)c(CC(N)CC)nc1OC,6.975,5,7.046211228835977,346
Cc1nc(-c2cccc(C(=O)N[C@H]3CC[C@H](CCN4CCN(c5nccc6c5CCO6)CC4)CC3)c2)no1,7.31,3,7.449941283068777,583
Cc1ncnc(C)c1-c1cc(NC(=O)C2CC2)ccc1OC[C@H]1CCN1,7.281,2,7.371874481481479,584
COCCNCCOc1ccc(NC(=O)C2(F)CC2)cc1-c1c(C)noc1C,8.943,6,7.908177293650791,585
CCc1cc(Oc2cc(Cl)ccc2CNC)ccc1Cl,7.33,5,6.869874957671959,7
COc1ccc(C2=C(C)CN(c3ccc(Cl)cc3)C2=O)cc1OCCN1CCCCC1,6.4,7,6.261796519841275,479
COC(=O)C1=CCCN(C2CC[C@]3(Cc4ccccc4Cc4ccccc43)C2)C1,6.4,1,7.08829220238095,586
CCCn1c(-c2ccccc2)cc(C(=O)NCCCN2CCN(c3cccc(C)c3C)CC2)c1C,6.89,8,6.714520452020204,13
[2H]c1c([2H])c([2H])c([C@@H]2C[C@@H](N3CCNC(C)(C)C3)c3cc(Cl)ccc32)c([2H])c1[2H],9.08,9,6.690553003306877,322
O=S(=O)(NCCCCN1CCN(c2nsc3ccccc23)CC1)c1ccc(Cl)c(Cl)c1,7.92,10,7.984570269841273,587
CC([Se]c1cccc2ccccc12)c1nc(N)nc(N2CCN(C)CC2)n1,6.521,9,6.839878468253966,588
O=C(CCC(F)(F)F)N[C@H]1CC[C@H](CCN2CCC(c3cccc4c3CCO4)CC2)CC1,6.93,6,7.443399965608467,222
CC1CCN(CCc2ccc(OCCCN3CCC(c4noc5cc(F)ccc45)CC3)cc2)CC1,7.368,5,8.03273708333333,589
COc1ccc(NC(=O)Nc2cccc(C(F)(F)F)c2)cc1-c1c(Br)cnn1C,9.4,9,7.551966854497353,104
Cc1noc2c1C(=O)N(CCN1CCC(c3noc4ccccc34)CC1)CCC2,8.35,6,8.219812972222224,590
O=C(CN1CCN(C(=O)c2n[nH]cc2Cl)CC1)c1ccc(F)cc1,7.73,6,6.814843175925922,163
CN1CCC(N(Cc2ccc(F)cn2)C(=O)NCc2ccccc2O)CC1,7.208,7,7.79124229761905,223
CN(C)CC1c2ccccc2Cc2ccccc21,6.27,1,6.941048412698408,152
CC1CC2(C)CC(=O)C1C1C(=O)N(CCCN3CCN(c4ccccc4)CC3)C(=O)C12,6.535,3,6.4683658571428575,591
CN(Cc1cc(OCc2cc(F)ccc2F)n(CC2CCCC2)n1)C(=O)OC(C)(C)C,8.699,1,8.273686814814807,274
Cc1nc2c(o1)C(=O)N(CCN1CCC(c3noc4ccccc34)CC1)CC2,8.03,4,8.192752527777783,592
COc1ccc2c(c1)CC(CN1CCC(C(=O)c3ccc(F)cc3)CC1)CC2=O,7.79,9,7.193429492063495,593
O=C(N[C@H]1CC[C@H](CCN2CCC(c3cccc4c3CCO4)CC2)CC1)C1CC1(F)F,7.29,2,7.621389910052911,181
COc1ccccc1CNCCc1c[nH]c2ncc(Br)cc12,8.11,8,7.892761599206354,351
COc1cc(CC(=O)N[C@H]2CC[C@H](CCN3CCC(c4noc5cc(F)ccc45)CC3)CC2)cc(OC)c1,8.53,2,8.379870985449735,594
CCCCOc1ccc(CN(Cc2coc(C)n2)C(=O)CC2CCN(C)CC2)cc1F,9.296,1,7.4410145019841245,595
CCN(CCN1CCC(c2noc3cc(F)ccc23)CC1)C(=O)[C@@H](C)O,8.699,4,8.822698130952377,32
CCCc1ccc2c(c1)Oc1cc(Cl)ccc1N=C2N1CCN(CC(C)(C)C(=O)O)CC1,7.888,3,7.221185031746035,596
COc1cccc2c1C(=O)C[C@]1(CN3CCC1CC3)O2,4.0,7,5.2704618412698405,401
CC(=O)c1ccc2c(c1)CC(CN1CCC(c3noc4cc(F)ccc34)CC1)CC2=O,7.5,5,8.058014355820104,311
Clc1ccc2[nH]c3c(c2c1)CCNC3c1ccccc1Br,6.392,6,6.885370432539681,44
O=C(CCCN1CCC(n2c(=O)[nH]c3ccccc32)CC1)c1ccc(F)cc1,8.92,9,8.249056722222225,597
COc1ccc(F)c(F)c1C1CC1CN,6.35,8,6.736142368386243,70
COc1ccc(C2NCCc3c2[nH]c2ccc(O)cc32)c(O)c1,9.305,6,6.6529229404761905,44
c1cc2c3c(c1)c1c(n3CCNC2)CCCCCC1,6.629,8,6.574580500000004,598
O=C1NCc2ccc(OCCCN3CCN(c4cccc5c4COCC5)CC3)cc21,7.96,7,7.382574047619046,599
O=C(N[C@H]1CC[C@H](CCN2CCC(c3noc4cc(F)ccc34)CC2)CC1)C1CCOCC1,8.76,4,8.61587463756613,600
O=C(Cc1ccc2c(c1)OCO2)N[C@H]1CC[C@H](CCN2CCC(c3coc4ccccc34)CC2)CC1,7.94,5,7.946397869167868,601
Cc1ccc(S(=O)(=O)N[C@H]2CC[C@H](CCN3CCC(c4coc5ccccc45)CC3)CC2)cc1,7.38,1,8.00552474603175,602
O=C(N[C@H]1CC[C@H](CCN2CCC(c3coc4ccccc34)CC2)CC1)c1cnc(N2CCOCC2)cn1,8.088,3,8.055301588143335,603
O=C1NCc2ccc(OCCCCN3CCN(c4cccc5c4OCCC5)CC3)cc21,7.77,2,7.818040488095244,604
O=C(C[C@H]1COCCO1)N[C@H]1CC[C@H](CCN2CCN(c3cccc4c3OCO4)CC2)CC1,7.93,1,7.707012997354492,605
O=c1ccc2ccc(CCCCCN3CCN(c4cccc5sccc45)CC3)cc2[nH]1,6.68,10,6.571223856301109,606
CC(C)Cc1ccnc2c1CC[C@@H]1CNCCN21,7.57,5,7.01839906878307,443
CN1CCN(C2=Nc3cc(Cl)ccc3N(NC(=O)c3c(F)cccc3C(F)(F)F)c3ccccc32)CC1,8.92,9,7.523393487433868,33
Cn1nccc1-c1cc(NC(=O)C(=O)c2ccc(F)cc2)ccc1OCCN,10.601,9,7.88114462037036,607
Fc1ccc2c(C3CCN(CCCOc4ccc(CN5CCCCC5)cc4F)CC3)noc2c1,8.189,8,8.035858454365082,608
Cc1nccc2c1C(=O)N(CCN1CCC(c3noc4ccccc34)CC1)CC2,8.8,2,8.497020284391535,609
CCc1cc2c(ccc3c(C)nn(C[C@H](C)N)c32)o1,7.34,6,6.909462265873016,575
O=c1n(CCCCN2CCN(c3cccc4scnc34)CC2)nc2c(F)cccn12,7.109,6,7.079139671957667,610
Fc1ccc(OCCCN2CCN(c3ncccn3)CC2)cc1,7.64,1,7.284692309523807,611
CC(C)C(=O)N[C@H]1CC[C@H](CCN2CCC(c3cccc4c3OCO4)CC2)CC1,7.77,3,7.664998296296292,63
O=C(N[C@H]1CC[C@H](CCN2CCN(c3cccc4c3OCO4)CC2)CC1)c1cccnc1,7.941,4,7.884308722222222,612
COc1cc(OC2CCC(C)(C)CC2)c(F)cc1CNC(=O)[C@@H]1CCCN1,7.125,10,7.2492635674603205,613
CCN1CCN2c3c(cccc31)[C@@H]1CN(CCCC(=O)c3ccc(F)cc3)CC[C@@H]12,8.679,1,8.384622130952382,167
NC(N)=NC(=O)c1ccc2c(c1)Cc1ccccc1-2,6.0,2,5.921533551587304,614
OC1(c2ccc(Cl)cc2)CCN(CCCSc2ccc(F)cc2)CC1,7.114,2,6.986330503968252,460
O=c1n(CCCCN2CCN(c3cccc4sccc34)CC2)nc2c(F)cc(F)cn12,7.57,3,7.80789359126984,121
CCC([Se]c1ccccc1)c1nc(N)nc(N2CCN(C)CC2)n1,6.0,3,6.028613269841269,189
O=c1[nH]c2ccccc2n1CCCN1CCC(n2c(=O)[nH]c3cc(Cl)ccc32)CC1,7.695,1,6.611119403439155,615
Cn1ncc2c1CCCN(CCN1CCN(c3nsc4ccccc34)CC1)C2=O,9.48,10,8.40577287301587,616
O=C(N[C@H]1CC[C@H](CCN2CCC(c3cccc4c3CCO4)CC2)CC1)c1ccc(N2CCOCC2)nc1,7.56,9,7.655280456349215,617
Cc1cc2c(s1)Nc1ccccc1N=C2N1CCNCC1,7.638,6,7.084698428571429,618
CC(=O)Nc1cc(F)ccc1C(=O)CCCN1CC[C@H]2[C@@H](C1)c1cccc3c1N2CCCS3,9.098,2,8.19897950529101,175
O=S(=O)(N[C@H]1CCN(CCCc2noc3ccccc23)C1)c1cc2ccccc2o1,9.535,3,8.61434501190476,619
COCCNCCOc1ccc(NC(=O)C2CC2)cc1-c1c(C)ncnc1C,8.364,8,7.954241145502647,98
CC(Oc1cccc(Cl)c1F)c1nc(N)nc(N2CCN(C)CC2)n1,6.948,8,6.848337507936514,342
CN1CCC(=C2c3ccccc3CCc3sccc32)CC1,8.12,6,7.503423656084654,620
N#Cc1ccc2[nH]cc(CCN3CCN(c4cccc5sccc45)CC3)c2c1,6.7,1,6.972173134920633,621
Cc1nc2n(c(=O)c1CCN1CCN(c3cccc4sccc34)CC1)CCCC2(C)O,8.021,2,7.139550253367007,361
Clc1ccc2c(n1)N1CCNCC1C2,6.662,2,6.018899301587304,153
O=C(CC1CCCO1)N[C@H]1CC[C@H](CCN2CCN(c3cccc4c3OCO4)CC2)CC1,7.78,4,7.7021017420634905,622
O=C(O)C1CCN(C2CC[C@]3(Cc4ccccc4Cc4ccccc43)C2)C1,7.7,7,7.027535353174602,213
Cc1ccc(F)c(NC(=O)Nc2ccc(OCCN3CCCCC3)c(-c3ccnn3C)c2)c1,8.68,9,8.721865126984122,93
CN1CCN2c3c(cccc31)[C@@H]1CN(CCCc3noc4ccccc34)CC[C@@H]12,8.481,1,8.342277718253973,623
O=S(=O)(CC(F)(F)F)N[C@H]1CC[C@H](CCN2CCN(c3cccc4c3OCO4)CC2)CC1,7.5,5,7.478603396825397,5
O=C1NCc2ccc(OCCCCN3CCN(c4cccc5ccc(F)cc45)CC3)cc21,7.942,4,8.152115236772481,190
COc1cc2c3c(c1OCC1CC1)-c1cc(NC(C)=O)ccc1CC3N(C)CC2,6.011,4,6.6713167764550265,292
C#CCOCCOCCOc1cccc([C@H](O)C2CCN(CCc3ccc(F)cc3)CC2)c1OC,7.251,6,7.338891468253967,11
CN1CCC(C(=O)N[C@H]2CC[C@H](CCN3CCC(c4cccc5c4OCO5)CC3)CC2)CC1,8.229,2,7.783621178571426,624
CC(=O)N[C@H]1CC[C@H](CCN2CCC(c3noc4cc(C)ccc34)CC2)CC1,7.778,1,8.644550710317457,111
N[C@@H](Cc1ccc(OCCCCN2CCC(c3noc4cc(F)ccc34)CC2)cc1)C(=O)O,8.44,7,8.570395934343436,625
CCCN(CC)CCc1c[nH]c2c(F)cc(F)cc12,6.3,1,7.1242284563492,89
[C-]#[N+]c1ccc(S(=O)(=O)N[C@H]2CC[C@H](CCN3CCN(c4nsc5ccccc45)CC3)CC2)o1,8.325,5,8.669529579365074,626
CCOc1ccccc1N1CCN(CCCCCCN2C(=O)c3cccc4cccc2c34)CC1,6.142,5,6.351149199074077,350
N#CCC(=O)N[C@H]1CC[C@H](CCN2CCC(c3cccc4c3CCO4)CC2)CC1,7.41,6,7.609605359788363,222
O=c1n(CCCCN2CCN(c3cccc4sccc34)CC2)nc2c(F)cccn12,7.447,3,7.22310467195767,121
Cn1cc2c(OCC3CCN(CCc4ccccc4)CC3)nc3ccccc3c2c1,7.1,6,6.357900527777776,484
CCN(CCN1CCC(c2noc3cc(F)ccc23)CC1)C(=O)C(C)CO,9.05,4,8.89423850793651,32
O=C(CO)N[C@H]1CC[C@H](CCN2CCC(c3cccc4c3CCO4)CC2)CC1,7.598,6,7.712431299543049,222
O=C1NCN(c2ccccc2)C12CCN(CCCOc1ccc(F)cc1)CC2,8.155,9,7.461170305555553,627
COc1cccc(N2CCN(CCCCNC(=O)c3c[nH]c4ccccc34)CC2)c1,6.788,8,6.935215317460315,628
CCCN1CCc2cccc3c2[C@H]1Cc1cccc(OC(=O)CC)c1-3,6.96,9,5.8563953299663325,81
COc1ccccc1N1CCN(CC(O)CCNC(=O)c2cnc3ccccc3c2)CC1,6.46,1,6.533630398148147,43
Clc1cccc2c1CN(CCCCc1nc3ccccc3s1)CC2,6.595,7,6.36506941666667,71
CCc1ccc(N2CCN(Cc3c[nH]c4ncccc34)CC2)cc1,6.201,8,6.732990673941801,629
CN1C(=O)COc2ccc(CCN3CCN(c4cccc5sccc45)CC3)cc21,6.34,4,7.469401408730162,555
c1ccc(-c2[nH]c3ccccc3c2CCN2CCCCC2)cc1,8.578,4,8.030405970899471,630
O=S(=O)(NCCCN1CCC(c2noc3cc(F)ccc23)CC1)c1cccs1,8.291,5,8.285871134615384,631
CN(C)CCN(Cc1ccccc1)S(=O)(=O)c1ccc(I)cc1,8.742,4,6.704770984126983,632
CC1=N[C@H](C(=O)O)Cc2c[nH]c3c(O)ccc1c23,7.59,3,6.023835749999998,633
C[C@@H](N)Cc1c2c(c(Br)c3c1OCC3)OCC2,9.150500000000001,6,6.689078792568547,634
CCCCn1nc(CNC)cc1OCc1cc(F)ccc1F,8.189,5,7.757687830687832,357
COc1ccc(OC)c(C(=O)CCCCN2CCC3(CC2)NC(=O)NC3=O)c1,7.699,5,6.596965410052914,635
CC(=O)O[C@@H]1[C@@H]2C[C@H]([C@@H]1OC(C)=O)[C@H]1C(=O)N(CCCCN3CCN(c4cccc5sccc45)CC3)C(=O)[C@@H]21,6.261,10,6.857013067460311,636
Cc1ncnc(C)c1-c1cc(NC(=O)C2CC2)ccc1OCCN(C)CCS(C)(=O)=O,6.434,8,7.438053675925937,98
Cc1ccc(C2NCCc3c2[nH]c2ccc(Cl)cc32)c(C)c1,6.25,6,7.110125181216931,44
O=C1[C@@H]2[C@H](C(=O)N1CCCN1CCN(c3cccc4sccc34)CC1)[C@H]1C=C[C@@H]2C1,6.948,9,7.278990830687829,637
CCN1CCN(c2cc(-c3ccc(F)cc3)c3c(n2)CC[C@@H](O)CCC3)CC1,7.8835,9,7.65182351455026,638
CCCc1c(C(=O)NCCCCCN2CCN(c3ccccc3OC)CC2)nnn1Cc1ccccc1Br,7.209,8,7.204058096560846,469
COc1ccccc1N1CCN(CCC(C)NS(=O)(=O)c2ccc3ccccc3c2)CC1,6.18,10,6.707421921717171,548
Cc1ncnc(C)c1-c1cc(NC(=O)Cc2ccc(F)cn2)ccc1OCCN1CCC1,7.9,7,7.515081855820105,639
CN1CCc2ccc(NS(=O)(=O)c3ccc(-c4ccc(Cl)cc4)cc3)cc2CC1,6.7,6,7.255407644179886,444
CCCC1NCCc2c1[nH]c1ccc(Cl)cc21,6.19,8,6.689809421957671,640
CO[C@H]1CC[C@H](CC(=O)N[C@H]2CC[C@H](CCN3CCC(c4noc5cc(Cl)ccc45)CC3)CC2)C1,7.85,10,7.87540973148148,641
Cn1cc2c(n1)CCN(CCN1CCN(c3noc4ccccc34)CC1)C2=O,8.0,8,7.99252138095238,642
O=C(NCCCN1CCN(c2cccc(C(F)(F)F)c2)CC1)c1n[nH]c2ccccc12,6.82,3,6.843423829365086,643
O=C(N[C@H]1CC[C@H](CCN2CCC(c3cccc4c3CCO4)CC2)CC1)c1ccc(-n2cccc2)cc1,7.519,2,7.445416148148153,644
O=C(CCCN1CC[C@H]2[C@@H](C1)c1cccc3c1N2CCS3)c1ccc(F)cc1,8.89,6,8.453346597883593,645
COc1ccccc1N1CCN(CCC2CCc3ccc([N+](=O)[O-])cc3C2O)CC1,6.29,3,6.728611570105819,646
O=C(N[C@H]1CC[C@H](CCN2CCN(c3cccc4c3OCO4)CC2)CC1)C1CC1(F)F,7.57,5,7.773276570105813,313
CN1CCN(c2ccc(C(=O)N[C@H]3CC[C@H](CCN4CCN(c5nccc6c5CCO6)CC4)CC3)cc2)CC1,8.35,9,7.807458124338624,647
CCCCOc1ccc(CN(Cc2coc(C)n2)C2=NOC3(CCN(C)CC3)N2)c(F)c1,6.131,3,7.772096956349204,648
CN1CCC=C(c2n[nH]c3c(Cl)ccc(F)c23)C1,7.07,10,6.7594534583333346,649
CCc1cc(Cl)c(OC)c(N2CCN(CC[C@H]3CC[C@H](NC(=O)CCOC)CC3)CC2)c1,6.8,1,7.281322634920641,393
COc1cc(CCNCc2ccc(Cl)cc2)c(OC)cc1Br,7.607,10,7.549589424603171,117
CSc1ncc2c(n1)CC(CN1CCC(c3noc4cc(F)ccc34)CC1)CC2=O,8.34,10,7.7790369999999935,650
CN(C)[C@@H]1Cc2ccccc2[C@@H](c2ccc(Cl)cc2)C1,6.949999999999999,8,7.4622937857142855,215
C[C@@H]1c2cccc3c2N(CCNC3)[C@H]1C,4.301,4,6.37014960185185,18
CSc1nc(Cl)c2c(n1)N1CCCNC[C@H]1CC2,4.91,7,6.294904015873016,651
O=S(=O)(NCCCN1CCN(c2nsc3ccccc23)CC1)c1ccc(F)c(Cl)c1,7.852,1,8.36189304100529,338
O=S(=O)(c1cccc2ncccc12)N1CCC(CCN2CCN(c3ccccc3)CC2)CC1,6.19,7,6.656292752645497,42
OC1(c2ccc(Cl)c(C(F)(F)F)c2)CCN(CCCN(c2ccc(F)cc2)c2ccc(F)cc2)CC1,6.79,4,6.76045649603175,652
CCOc1ccc(CCOC(=O)N2CCN(CCCc3ccccc3)CC2)cc1,6.009,9,6.893627603174609,653
COc1cc2c(cn1)C(=O)N(CCN1CCN(c3nsc4ccccc34)CC1)CC2,9.399,1,8.878491904761912,233
CC(C)CC(=O)N[C@H]1CC[C@H](CCN2CCN(c3nccc4c3CCO4)CC2)CC1,7.802,10,7.813841789682536,12
COCc1ccc(CNC(=O)N(Cc2ccc(C)cn2)C2CCN(C)CC2)cc1,7.815,7,7.638168718253974,223
CS(=O)(=O)N[C@H]1CC[C@H](CCN2CCC(c3cccc4c3CCO4)CC2)CC1,7.45,6,7.615763183862437,222
COc1cccc(CCN2C3C4C5CC6C7C5C3C7C2(O)C64)c1OC,6.02,2,6.6841501058201045,654
O=C1Nc2ccccc2C12CCN(CCN1CCN(c3cccc(Cl)c3)CC1)C2,6.457,4,6.548616190716691,655
Cn1cnc(S(=O)(=O)N[C@H]2CC[C@H](CCN3CCC(c4cccc5c4OCO5)CC3)CC2)c1,7.189,10,7.352230666666675,656
[3H]C([3H])(N1CCC(C(=O)c2ccc(F)cc2)CC1)C([3H])([3H])n1c(=O)[nH]c2ccccc2c1=O,8.615,10,7.623874964285709,657
O=C(c1ccc(F)cc1)C1CCN(CCn2c(=O)[nH]c3ccccc3c2=O)CC1,9.218,10,7.985053701058199,657
CC(C)n1nc(C(=O)NCC2CCN(CCc3ccccn3)CC2)c2ccccc21,7.0,8,7.189594900793646,658
CCn1oc2c(c1=O)CCNC2,3.0,7,3.316352847041848,659
Cc1nc2n(c(=O)c1CCN1CCN(c3cccc4sccc34)CC1)CCCC2O,8.539,2,7.1729322010582015,361
Cc1c(Cl)cccc1N1CCN(CCCNC(=O)c2nc(C)n(-c3ccccc3F)c2C)CC1,7.399,3,7.333400896825398,103
COc1ccc2c(c1)CCC1(CCN(CCCC(=O)c3ccc(F)cc3)CC1)O2,9.44,6,7.5472144433621935,660
CC(C)C(=O)NC1CCc2cc(CCN3CCN(c4nsc5ccccc45)CC3)ccc21,9.189,7,9.440825095238095,27
CNCc1cc(F)ccc1Oc1ccc(Cl)c(Cl)c1,6.688,5,6.759500960317458,7
CCOC(=O)N1CCC(CCN2CCN(c3nsc4ccccc34)CC2)CC1,8.481,5,8.785691151455028,661
O=C1COc2ccccc2N1CCCN1CCN(c2nsc3ccccc23)CC1,8.24,4,8.725838664021152,662
NC(=O)NCCCCCCN1CCN(c2cccc(Cl)c2)CC1,6.71,4,6.544358481481484,396
CCC(CC)NC(=O)[C@@H]1C=C2c3cccc4[nH]c(Br)c(c34)C[C@H]2N(C)C1,8.77,2,7.589768829365076,53
COc1ccc2[nH]cc(CCNCc3ccccc3)c2c1,8.023,3,7.47122881878307,663
O=S(=O)(NCCCN1CCC(c2noc3cc(F)ccc23)CC1)c1ccc(F)c(Cl)c1,8.822,2,8.326948103174608,664
COc1ccc(S(=O)(=O)Nc2c(C)cc(C)cc2C)cc1,4.4,1,6.840034271164019,665
CC(C)Oc1ccc(COC(=O)N(Cc2ccc(F)cc2F)C2CCN(C3CC3)CC2)cc1,8.6,10,8.581164035714286,666
CC(=O)Nc1c(F)cc(C(=O)N[C@H]2CC[C@H](O)CC2)cc1O[C@@H](C)c1ccccc1,4.6,9,7.192630650793655,667
CC(=O)Nc1ccc(C(=O)CCCN2CCN(c3ccccn3)CC2)cc1,6.97,4,6.4277476626984065,668
Cc1cc(C)n2ccnc2c1C(=O)N1CCN(CCc2ccc(F)cc2F)CC1,8.44,3,8.615372902116393,367
CC(C)N(C)CCc1cccc2cccc(O)c12,7.44,5,6.802535798941795,669
CC(C)C[C@H]1C(=O)N[C@@H](Cc2ccccc2)[C@]2(O)O[C@@](C)(NC(=O)[C@@H]3C=C4c5cccc6[nH]cc(c56)C[C@H]4N(C)C3)C(=O)N12,7.798,6,7.5588337698412715,670
COc1cccc(C(=O)Nc2ccc(OCCN3CCC3)c(-c3c(C)ncnc3C)c2)c1,8.48,8,8.419352425925918,671
CC(=O)c1c(OCCCCN2CCN(c3cc(C)cc(C)c3)CC2)ccc2c(C)cc(=O)oc12,7.238,10,7.686970322751329,86
CN(C)CCC1=C(Cc2ccc(F)cc2)c2ccccc2C1,9.85,4,7.557023174603172,672
COc1cc(CCNCc2cccc(OC)c2OC)c(OC)cc1Br,8.509,10,8.08991781216931,117
COc1ccc(CNCCc2cc(OC)c(Br)cc2OC)cc1,7.866,10,7.688793531746026,117
N#CCC(=O)N[C@H]1CC[C@H](CCN2CCN(c3cccc4c3OCO4)CC2)CC1,7.73,5,7.782296616402123,5
O=C(N[C@H]1CC[C@H](CCN2CCC(c3cccc4c3CCO4)CC2)CC1)c1ccc(N2CCOCC2)cc1,7.752,3,7.5583875912698435,673
c1ccc2c(N3CCN(CCCOc4ccc5c(c4)CNC5)CC3)cccc2c1,8.75,4,7.953407037037036,674
C=C(CN1CCN(C2=Cc3ccccc3Cn3ccnc32)CC1)C(=O)O,6.699,8,6.8043957519841225,201
CCCc1nc(C(=O)NCCCN2CCN(c3cccc(Cl)c3C)CC2)c(C)n1-c1ccc(OC)cc1,7.819,3,7.270238981481475,103
COc1cc(CCNCc2ccccn2)c(OC)cc1Br,7.41,1,7.455025932539682,675
CSc1cc2c(cc1C(F)(F)F)N(C(=O)Nc1ccc(Oc3cccnc3C)nc1)CC2,6.6,7,6.571710662698411,52
O=C(c1ccc(F)cc1)C1CCN(CCCCc2ccccc2)CC1,8.28,10,7.529955277777776,676
Cc1c(C(=O)NCCCN2CCN(c3cccc(Cl)c3Cl)CC2)nc(-c2ccccc2)n1-c1ccccc1F,7.71,2,7.515669668650791,442
CCCN1CCC[C@@H]2Cc3n[nH]cc3C[C@H]21,4.6,9,6.303929125661376,677
CCNCCc1cc(OC)c(Br)cc1OC,7.169,2,7.110835087301589,188
CC(=O)c1c(OCCCN2CCN(c3cccc(Cl)c3Cl)CC2)ccc2c(C)cc(=O)oc12,8.1,3,7.442094145502647,678
Cc1cc(C(=O)N[C@H]2CC[C@H](CCN3CCN(c4nccc5c4CCO5)CC3)CC2)on1,7.8,7,7.937019558201059,679
CNCc1cc(OCc2cc(Cl)ccc2F)n(CC2CC3CCC2C3)n1,9.14,6,8.293443962962959,680
O=C(N[C@H]1CC[C@H](CCN2CCN(c3cccc4c3OCO4)CC2)CC1)C1CCOCC1,8.111,5,7.894658141534382,681
CC(C)N(c1cccc(N2CCN(C)CC2)c1)S(=O)(=O)c1ccccc1,6.76,4,6.758461777777777,682
COc1cc2c(cn1)C(=O)N(CCN1CCN(c3noc4ccccc34)CC1)CC2,8.62,10,7.435364748677246,49
COc1c(F)ccc2[nH]nc(CCN(C)C)c12,7.55,4,7.292408863756618,136
Cc1ccc2ccn(CC(C)N)c2c1,6.1,1,6.833762242063491,89
Fc1ccc(CCCCN2CCCN(c3ccc(Cl)cc3)CC2)cc1,6.291,3,6.924583270562772,683
NCCc1c[nH]c2ccc(Cl)cc12,8.39,1,6.69566447619047,89
CS(=O)(=O)CC(=O)N[C@H]1CC[C@H](CCN2CCC(c3cccc4c3OCO4)CC2)CC1,7.569,3,7.646958288359786,63
CC(C)n1nc(C(=O)NCC2CCN(CCc3ccc([N+](=O)[O-])cc3)CC2)c2ccccc21,6.0,9,6.953665677910053,684
O=C1c2ccccc2/C=C\c2ccccc2N1CCCN1CCOCC1,4.0,1,5.7716767632275126,685
O=C(NCc1ccc(OCC(O)CN2CCN(c3noc4cc(F)ccc34)CC2)cc1)N(Cc1ccc(F)cc1)C1CCNCC1,7.368,1,7.859378674603169,686
CCCCN1CCN(c2cc(CC)cc(Cl)c2OC)CC1,6.33,4,6.799009317460318,396
CCN(C)CCCc1cccc2[nH]cc(S(=O)(=O)c3ccccc3)c12,6.235,3,7.125076677248676,56
c1ccc(-c2[nH]c3ccccc3c2C2CCNCC2)cc1,7.92,4,7.678632626984136,687
CN1CCN(c2ccc(C(=O)N[C@H]3CC[C@H](CCN4CCC(c5coc6ccccc56)CC4)CC3)cc2)CC1,8.052,8,8.080039829365075,688
CNCc1cc(OC(F)(F)c2ccccc2)n(CC2CCCCC2)n1,8.22,6,7.99591871608946,94
COc1ccc(N2Cc3c(c4cc(Cl)ccc4n3C)C2=O)cc1OCCN1CCC(C)CC1,6.9,9,6.456102957671958,689
CN(C)C[C@H]1CC2c3ccccc3Oc3ccc(Br)cc3[C@H]2O1,7.62,10,7.434693156746034,690
COc1cc(C[C@@H](C)N)c(OC)cc1Br,8.72,2,7.910916696428571,188
COc1ccc(NC(=O)Nc2ccc(Cl)cc2C(F)(F)F)cc1-c1c(Br)cnn1C,8.95,9,7.63679717989418,104
COc1ccc(N2Cc3cccc(Br)c3C2=O)cc1OCCN1CCC(C)CC1,6.2,1,6.781151239417995,73
O=C(N[C@H]1CC[C@H](CCN2CCN(c3cccc4sccc34)CC2)CC1)N1CC(F)(F)C1,8.469,5,7.954403212962966,691
c1ccc(-c2[nH]c3ccccc3c2C2CCCNC2)cc1,9.0,4,7.495467666666676,304
O=c1c(-c2ccc(F)cc2)c2ccccn2c(=O)n1CCCCN1CCCC(c2c[nH]c3ccccc23)C1,6.361,5,7.009102870851365,255
COc1cc(CCNCc2ccccc2)c(OC)cc1C,8.026,10,7.306151014550264,117
C=CC(C)N(C)CCc1c[nH]c2ccc(F)cc12,6.25,1,6.7359062156084635,89
CN(CCc1cccc2cccc(O)c12)C1CC1,7.22,4,7.306888982804233,692
CCC(O)C(=O)N[C@H]1CC[C@H](CCN2CCN(c3cccc4c3OCO4)CC2)CC1,7.59,5,7.791761146825394,5
COc1ccc(Cn2nnc(C(=O)NCCCCN3CCN(c4ccccc4OC)CC3)c2C)cc1,6.852,6,6.9229657195767205,8
Fc1ccccc1Nc1nc(N2CCOCC2)nc2ccccc12,6.733,1,6.817756113756615,514
Cc1ccc(-n2c(C)nc(C(=O)NCCCN3CCN(c4cccc(C)c4C)CC3)c2C)cc1,7.48,3,7.46387581349206,103
COc1cc(CCNCc2ccc(C)cc2)c(OC)cc1Br,7.745,10,7.523306619047619,117
CNC(C)c1cc(C(F)(F)F)ccc1Oc1ccc(Cl)c(Cl)c1,6.54,5,6.821570361111113,7
COc1ccc(N2CCN(c3ccc(Cl)c(Cl)c3)C2=O)cc1OCCN(C)C,6.3,5,6.3958387632275135,693
Cc1noc(C)c1-c1cc(NC(=O)Cc2cccc(F)c2)ccc1OC[C@H]1CCCCN1,8.772,6,8.305944878306887,694
Cc1nc2c(o1)CCN(CCN1CCC(c3noc4ccccc34)CC1)C2=O,8.419,7,7.957677658730157,695
Cn1cc2c(n1)C(=O)N(CCN1CCN(c3nsc4ccccc34)CC1)CCC2,8.74,10,8.329981718253967,696
Nc1nc(N)nc(NCCCCCCN2CCN(c3cccc(Cl)c3Cl)CC2)n1,7.89,9,7.332795301587296,697
C=CCOc1ccc(F)cc1[C@@H]1C[C@H]1CN,6.295,8,6.51959716071429,70
CN(C)C1C=CC2(CC1)c1ccccc1C=Cc1ccc(Cl)cc12,9.0,8,8.132216941798942,698
O=C(N[C@H]1CC[C@H](CCN2CCC(c3cccc4c3OCO4)CC2)CC1)C1CC1(F)F,7.57,8,7.731824500000004,699
c1cncc(OC2CN(c3c4c(nc5ccnn35)CCNCC4)C2)c1,7.2,6,5.865244115079364,700
O=C1CC(CN2CCC(C(=O)c3ccc(F)cc3)CC2)Cc2cc(-c3ccccc3)ccc21,6.2,5,7.1718423928571395,701
O=C(CC1CCCCO1)N[C@H]1CC[C@H](CCN2CCC(c3noc4cc(Cl)ccc34)CC2)CC1,7.86,8,7.886401875000002,702
N#Cc1ccc(CCOC(=O)NC2CCN(CCCC(c3ccc(F)cc3)c3ccc(F)cc3)CC2)cc1,6.168,3,7.200156898148137,703
CCCC(=O)Nc1ccc2c(c1)-c1c(OCC3CC3)c(OC)cc3c1C(C2)N(C)CC3,6.179,4,6.729650634920638,292
O=C1c2ncccc2CCN1CCN1CCC(c2noc3ccc(F)cc23)CC1,7.28,3,7.763263203222707,226
CN1CCC[C@@H]1Cc1c[nH]c2c(F)cccc12,6.47,2,6.693642060846558,35
O=C(N[C@H]1CC[C@H](CCN2CCC(c3coc4ccccc34)CC2)CC1)c1ccnc2ccccc12,8.06,2,8.040709600529102,704
COc1ccc(CCN(CCCc2ccc(Cl)cc2)CCc2ccc3c(c2)OCO3)cc1OC,6.44,10,6.934671525132277,47
Nc1nc(NCCNc2ccccc2)nc(NCCc2c[nH]c3ccccc23)n1,4.96,9,5.835997989417987,431
Oc1cc2c3c(c1Cl)-c1ccccc1CC3NCC2,6.22,9,6.920651566137568,81
CC1(C)CCC(Oc2cc(F)c(CNC(=O)[C@@H]3CCCN3)cc2F)CC1,7.619,10,7.266725211640213,613
Cc1ncc(CC(=O)Nc2ccc(OCCN3CCCC3)c(-c3c(C)ncnc3C)c2)s1,8.281,3,7.746538484126985,705
C[C@H]1C[C@H](NS(=O)(=O)c2cc3ccccc3o2)CN1CCCc1noc2cc(F)ccc12,8.56,3,8.125315309523813,619
C[C@@H]1CNCCc2ccc(C(F)(F)F)cc21,7.0,3,6.8726747167508435,40
Cc1nc(C)c2c(n1)CCN(CCN1CCC(c3noc4ccccc34)CC1)C2=O,8.639,10,8.372058781746034,706
O=C1COc2c(F)cc(CCN3CCN(c4cccc5sccc45)CC3)cc2N1,6.98,4,7.05410224603175,555
Cc1c(S(=O)(=O)NCCCCN2CCC(c3noc4cc(F)ccc34)CC2)sc2ccc(F)cc12,9.15,9,8.39880285185185,707
Cc1cccc(S(=O)(=O)NCCCCN2CCN(c3nsc4ccccc34)CC2)c1,9.4,10,8.104632522486776,587
CC1CN(c2ccc(C(=O)N[C@H]3CC[C@H](CCN4CCC(c5noc6cc(F)ccc56)CC4)CC3)cc2)CC(C)O1,7.67,2,8.59274628439153,381
CN1CCN2c3c(cccc31)[C@@H]1CN(CCCC(=O)c3ccncc3)CC[C@@H]12,8.33,8,7.241844465608466,708
CC(=O)c1c(OCCCN2CCN(c3ccccc3Br)CC2)ccc2c(C)cc(=O)oc12,8.15,3,7.483255953703702,678
CN(CC(F)(F)F)C(=O)[C@@H]1C=C2c3cccc4[nH]cc(c34)C[C@H]2N(C)C1,8.428,2,7.390644456349205,53
Cc1ncsc1C(=O)Nc1ccc(OCCN2CCCC2)c(-c2c(C)ncnc2C)c1,8.488,7,8.116282541005294,709
COc1cc2c(cc1Br)CCNCC2,7.0,3,6.832321334656085,40
CN(C)CCCN1c2ccccc2CCc2ccc(Cl)cc21,7.447,8,7.313777568783063,203
Fc1ccc(/C=C/COCC2CCN(Cc3ccccc3)CC2)cc1,7.509,9,6.644216958333332,501
COc1ccc(-n2c(C)nc(C(=O)NCC(O)CN3CCN(c4cccc(C)c4C)CC3)c2C)cc1OC,6.69,3,6.795093706349202,103
COc1cc2c(cc1OCCN1CCCCC1)N(C(=O)/C=C/c1ccccc1Cl)CC2,6.4,6,6.329063678571426,710
CCc1cc(OC)c(CC(C)N)nc1OC,8.24,5,7.467521251322753,346
Fc1cccc2c1nc(OCC1CCN(CCCc3ccc(I)cc3)CC1)c1cccnc12,6.091,5,6.307525707671954,711
C#CC(C)(C)c1cc(NC(=O)Nc2ccc(Oc3ccnc(Nc4ccc5c(c4)NC(=O)C5)n3)c3ccccc23)n(-c2ccc(C)cc2)n1,7.06,10,6.621684853174603,712
O=S(=O)(c1cccc(F)c1)N1CCC(CCc2ccc(F)cc2F)CC1,6.836,4,8.0403718531746,158
Cn1ccc2c1CCCN(CCN1CCC(c3noc4ccccc34)CC1)C2=O,9.098,8,8.785006056878311,713
CN(C)CC1CC2c3cc(F)ccc3Cc3ccc(F)cc3N2O1,7.964,8,7.1133031805555555,303
O=S(=O)(c1ccc(/C=C/c2ccc(F)cc2)nc1)c1cccc(F)c1,8.019,4,7.865741296296296,51
CC(C)c1ccnc2c1CC[C@@H]1CNCCN21,7.49,5,6.654162051587303,443
O=C(c1ccccc1)C1CCN(CCc2ccccc2)CC1,8.019,2,7.657244296176049,88
NCC1c2ccccc2Cc2ccccc21,7.699,1,6.609272333333337,152
O=C1Cc2cc(CCN3CCN(c4cccc5ccccc45)CC3)ccc2N1,7.7,2,7.659734474867723,714
Cc1ccc2c(CCN)c[nH]c2c1,7.12,1,6.715981645502641,89
CN1CCN(CCC=C2c3ccccc3Sc3ccc(S(=O)(=O)N(C)C)cc32)CC1,7.301,1,7.117413101851856,715
CC(=O)N1CCC(C)c2cc(Cl)cc(CCN3CCN(c4nsc5ccccc45)CC3)c21,9.51,4,9.24009554232804,217
CNc1ncc2c(n1)CC(CN1CCC(c3noc4cc(F)ccc34)CC1)CC2=O,8.62,10,7.968654126984126,650
CCN(CCN1CCC(c2noc3cc(F)ccc23)CC1)C(=O)C(O)C(C)C,8.852,4,8.818734630952378,32
CCCc1ccc(CC(C)N)c(OC)c1,6.471,2,7.12665429497354,188
O=C(NC1CCc2cc(CCN3CCN(c4nsc5ccccc45)CC3)ccc21)c1cccnc1,9.169,10,9.072400970899475,716
Cn1ncc(Br)c1-c1cc(NC(=O)Nc2ccc(Cl)cc2)ccc1OCCN1CCCC1,9.344,6,8.808413818061567,295
CCOCCNC(=O)c1ccc2c3c1CCCN3CCNC2,4.301,4,5.662808289682537,198
CCCCc1ccc(S(=O)(=O)Nc2ccc3c(c2)CCN(C)CC3)cc1,8.3,3,7.309052660894663,512
Cc1ccc2c(C3CCN(CCN4CCc5cccnc5C4=O)CC3)noc2c1,8.0,3,8.449657332010592,226
Cn1cc(S(=O)(=O)N(CC2CC2)C2CCN(CCOc3ccccc3-c3ccccc3)CC2)cn1,7.52,9,7.060380460317459,717
COc1cc(CCN)c2c(c1OC)OCC2,6.122,8,7.124992289682541,718
CC(C)Oc1ccc(CC(=O)N(Cc2ccc(F)c(F)c2F)C2CCN(C)CC2)cc1,7.4,6,8.416954392857146,128
COc1ccccc1CNCCc1n[nH]c2cc(F)cc(F)c12,7.84,5,7.774458329365075,719
CCc1cc(C(=O)Nc2ccc(OC[C@H]3CCCCN3)c(-c3c(C)noc3C)c2)n(C)n1,7.44,9,7.882888874338627,720
COc1ccc(NC(=O)Nc2ccc(Cl)cc2)cc1-c1c(Cl)cnn1C,9.55,9,7.233826130952383,104
CC(C)n1nc2c(c1-c1ccc(OC(F)(F)F)cc1)CCNCC2,7.4,2,7.258587804232811,68
CN(C)CCSC(C)(C)C,7.0,5,5.915762178330929,721
Cc1noc(C)c1C1NCCc2c1[nH]c1ccc(Cl)cc21,6.29,8,6.31119959319384,166
O=S1(=O)N(CCCCCCN2CCN(c3cccc(Cl)c3)CC2)c2cccc3c2N1CCC3,6.55,4,7.043664157287157,722
O=S(=O)(c1cccc2ncccc12)N1CCCC[C@@H]1CCN1CCN(c2nsc3ccccc23)CC1,7.539,3,7.5711449497354515,723
Cc1nc(C)c2c(=O)n(CCN3CCC(c4noc5ccccc45)CC3)ccc2n1,8.659,4,8.060611285052918,289
O=C(CCCN1CC[C@H]2[C@@H](C1)c1cccc3c1N2CCCS3)c1ccc(F)cc1,8.601,2,8.517396658730165,175
COc1ccc(N2CCC(c3ccc(Cl)c(Cl)c3)C2=O)cc1OCCN1CCC(C)CC1,6.4,1,6.436320498677251,724
COc1ccccc1CNC[C@H]1C[C@]1(F)c1ccccc1,6.5,6,7.1773779880952375,271
CCCCSc1cc(OC)c(CC(C)N)cc1OC,8.02,2,7.388175468915341,188
O=C(N[C@H]1CC[C@H](CCN2CCN(c3cccc4c3OCO4)CC2)CC1)C1CCCO1,7.91,1,7.912650423280426,725
O=c1n(CCCCCCN2CCN(c3cccc(Cl)c3)CC2)c2cccc3c2n1CCC3,7.18,3,6.525623453703705,726
CC(=O)c1c(OCCCN2CCN(c3ccccc3F)CC2)ccc2c(C)cc(=O)oc12,7.569,3,7.173025055555551,678
Cc1ncnc(C)c1-c1cc(NC(=O)c2ccnn2C)ccc1OCCN1C[C@@H]2C[C@H]1CO2,8.051,9,7.873364559523804,727
CNCc1ccc(Cl)cc1Oc1ccc(F)c(C(F)(F)F)c1,7.31,5,7.407283756854255,7
CC(=O)N1CCC(C)c2cccc(CCN3CCN(c4nsc5ccccc45)CC3)c21,9.52,4,9.463624207671959,217
Cc1ncccc1Oc1ccc(NC(=O)N2CCc3cc(F)c(Cl)cc32)cn1,6.3,7,6.566933702380955,52
CC(C)COc1ccc(CC(=O)N(Cc2ccc(Cl)cc2Cl)C2CCN(C)CC2)cc1,6.6,6,7.843397972222218,128
O=C(N[C@H]1CC[C@H](CCN2CCC(c3cccc4c3CCO4)CC2)CC1)C1CCCO1,7.88,8,7.602779328042323,728
COCC(=O)N[C@H]1CC[C@H](CCN2CCN(c3cccc4c3OCO4)CC2)CC1,7.91,5,7.82454942712843,5
Cc1c(Cl)cccc1N1CCN(CCCCOc2ccc3c(n2)NC(=O)CC3)CC1,8.822,10,9.110607653947902,429
COc1cccc2nn(CCCCN3CCN(c4cccc5sccc45)CC3)c(=O)n12,7.89,3,7.311114953703712,121
CCSCCNC(=O)c1ccc2c3c1CCN3CCNC2,4.75,4,5.478767937830687,18
Cc1c(C(=O)NCC(O)CN2CCN(c3cccc(Cl)c3Cl)CC2)nc(-c2ccccc2)n1-c1ccccc1,7.62,2,7.002733445767196,442
CN1[C@@H]2CC[C@H]1C[C@@H](OC(c1ccccc1)c1ccccc1)C2,7.89,4,7.1055541944444505,729
CC(N)Cc1c2ccoc2c(Br)c2ccoc12,10.399,6,7.039216131914383,730
CCN(C)CCc1c(-c2ccc(F)cc2)[nH]c2ccccc12,9.368,5,7.7591491765873055,246
O=S(=O)(c1cncc2ccccc12)N1CCC[C@H]1CCN1CCN(c2noc3ccccc23)CC1,7.48,5,7.601497953703703,731
Fc1ccc(CCN2CCC3(CCc4cccc(F)c4O3)CC2)c(F)c1,8.481,6,8.399219710317459,732
Cc1cc2c(cc1Cl)N(C(=O)Nc1ccc(Oc3cccnc3C)nc1)CC2,6.8,7,6.526060986772486,52
COc1cc(Cl)c(Cl)cc1C(=O)CCCCN1CCC2(CC1)NC(=O)NC2=O,8.2,5,6.712926016474269,635
COc1cc(C2CCCC2)c(OC)cc1CCN,6.871,7,7.772590567460317,733
[2H]C([2H])([2H])Oc1cc(C2CCCC2)c(OC([2H])([2H])[2H])cc1CCN,6.695,7,7.725009615079364,733
O=C(O)C=C1CN(C2CCC3(Cc4ccccc4Cc4ccccc43)C2)C1,7.3,2,7.0869319960317485,734
CN(C(=O)NC1CC(CCN2CCN(c3cccc(Cl)c3Cl)CC2)C1)C1CC1,7.719,1,7.709733332010581,735
OCCN1CCN(c2nc(Nc3ccc(Cl)cc3)c3ccccc3n2)CC1,6.045,8,6.856661953463201,212
FC(F)(COc1ccc(Cl)cc1OC1CNC1)c1ccccc1,8.3,5,6.729572829365076,239
COC(=O)N[C@H]1CC[C@@H](CCN2CCN(c3nsc4ccccc34)CC2)CC1,8.924,5,8.809823632936512,321
O=C(CC1COC1)N[C@H]1CC[C@H](CCN2CCC(c3cccc4c3CCO4)CC2)CC1,7.26,10,7.578660031746031,736
O=C(O)[C@@H]1CCCN(C2CC[C@]3(Cc4ccccc4Cc4ccccc43)C2)C1,7.2,2,7.266714337301587,737
Cc1noc(C)c1-c1cc(NC(=O)c2ccccc2)ccc1OCCN1CCC1,8.026,8,8.035591021164024,265
O=C1Nc2ccccc2OC1CCN1CCN(c2cccc3sccc23)CC1,6.0,8,7.55600807467532,738
CCCc1cccc2c1CC[C@@H]1CNCCN21,7.588,8,7.25779898015873,739
Cn1nccc1-c1cc(NC(=O)Nc2ccc(Cl)cc2)ccc1OCCN1CCCC1,9.82,6,9.119804773809529,295
Cc1cc(CC(=O)Nc2ccc(OCCN3CCCC3)c(-c3c(C)ncnc3C)c2)on1,8.037,8,7.815190001322744,740
Cc1cc(OCCN(C)C)nc2ccc(NC(=O)COc3ccc(Cl)cc3Cl)cc12,9.21,5,6.748782027777775,741
COc1ccccc1N1CCN(CCCN2C(=O)C3C4C(=O)CC(C)(CC4C)C3C2=O)CC1,6.37,3,6.138991748677248,591
Cn1nc(C2=CCCNC2)c2ccccc21,6.49,10,6.185805715608464,649
O=C(CC1(O)CCCCC1)N[C@H]1CC[C@H](CCN2CCN(c3cccc4c3OCO4)CC2)CC1,7.78,5,7.68995828968254,742
Cn1c(=O)cnn(CCCCN2CCN(c3cccc4ccc(O[11CH3])cc34)CC2)c1=O,7.38,7,6.63001104761905,743
COc1ccc2cccc(N3CCN(CCCCn4ncc(=O)n(C)c4=O)CC3)c2c1,7.377,7,6.63001104761905,743
CCN(C)CCc1c[nH]c2c(F)cccc12,6.02,1,6.895474283429531,89
Cc1ccccc1OC(=O)N[C@H]1CC[C@H](CCN2CCN(c3nsc4ccccc34)CC2)CC1,8.3,5,8.946721557539682,744
O=C1CCc2ccc(CCN3CCN(c4cccc5sc(F)cc45)CC3)cc2N1,6.59,9,7.24515777777778,745
CCN(CCN1CCC(C2NOc3cc(F)ccc32)CC1)C(=O)C(O)CN,8.399,2,7.300573666005289,504
Cc1noc2c1C(=O)CC(CN1CCC(c3c[nH]c4cc(F)ccc34)CC1)C2,8.0,10,7.925914259259257,746
O=C(Nc1ccc(Cl)cc1)N[C@H]1CC[C@H](CCN2CCC(c3cccc4c3OCO4)CC2)CC1,6.65,9,7.631565752645503,747
CCCCOC(=O)c1cc2c3c(ccc2[nH]1)OCC(CN1CCC2(CC1)C(=O)NCN2c1ccccc1)O3,7.032,8,6.525839166666665,748
CCCn1c(-c2ccccc2)cc(C(=O)NCCCN2CCN(c3cc(F)ccc3F)CC2)c1C,6.87,8,7.150713896825402,13
O=C(N[C@H]1CC[C@H](CCN2CCN(c3nsc4ccccc34)CC2)CC1)c1cc2cc([N+](=O)[O-])ccc2[nH]1,8.58,9,8.490504434704185,749
Cc1noc(C)c1-c1cc(NC(=O)C2CC2)ccc1OCCN1CCC2(CCC(=O)O2)CC1,8.024,6,7.348091746632995,750
Cc1cc2c(C3CCN(CCN4CCc5cccnc5C4=O)CC3)noc2cc1F,7.17,3,8.035450363756619,226
Cc1c(C(=O)NCCCN2CCN(c3cccc(Cl)c3Cl)CC2)cc(-c2ccccc2)n1N1CCCCC1,7.17,8,7.059043268518525,751
CCC(=O)NC1CCc2ccc(CCN3CCN(c4nsc5ccccc45)CC3)cc21,11.0,7,9.206724011904763,27
Fc1ccc2[nH]c3c(c2c1)CCNC3CCc1ccccc1,6.09,6,7.16901078724054,75
Cc1ccccc1CNc1cc2c(cc1O)C(c1ccccc1)CN(C)CC2,6.72,8,7.136844801587299,244
Nc1ccc(F)cc1C(=O)CCCN1CC[C@H]2[C@@H](C1)c1cccc3c1N2CCCS3,7.822,2,8.67014038029101,175
O=C(N[C@H]1CC[C@H](CCN2CCC(c3cccc4c3CCO4)CC2)CC1)c1ccc(N2CCS(=O)(=O)CC2)cc1,7.481,4,7.696959527777776,752
COc1ccc2[nH]cc(C3CCN(CCCCN4C(=O)CC(c5c[nH]c6ccc(OC)cc56)C4=O)CC3)c2c1,6.3,8,6.775068428330928,753
Cc1nc2n(c(=O)c1CCN1CCC(c3cccc4sccc34)CC1)CCCC2,8.291,2,6.925501061507936,754
Cn1ccc2c1CCCN(CCN1CCN(c3noc4ccccc34)CC1)C2=O,8.378,1,8.456903242063488,755
CCCCSc1c(OC)cc(CCNCc2ccccc2O)cc1OC,8.955,10,7.366663658730155,117
O=C1c2cnn(C3CC3)c2CCN1CCN1CCC(c2noc3ccccc23)CC1,8.78,10,8.44464111904761,756
Cc1nc2n(c(=O)c1CCN1CCN(c3csc4ccsc34)CC1)CCCC2O,6.188,9,7.217394589947089,757
Cn1c(=O)c2c(nc3n2CCC(=O)N3CCCN2CCN(c3cccc(Cl)c3)CC2)n(C)c1=O,6.74,8,6.0678807936507955,758
O=C1CC(c2c[nH]c3ccc(F)cc23)C(=O)N1CCCCN1CCC(c2c[nH]c3ccccc23)CC1,7.2255,8,6.875380609788359,753
COc1ccc(N2CC=C(c3cccc(F)c3)C2=O)cc1OCCN1CCCCC1,6.2,1,6.163686911375661,759
c1ccc2c(c1)nnn2CCCCN1CCN(c2nsc3ccccc23)CC1,9.702,6,8.18696358730159,760
COCC(=O)N[C@H]1CC[C@H](CCN2CCC(c3cccc4c3OCO4)CC2)CC1,7.83,3,7.739555101851849,63
CN1CCc2cc(Cl)c(O)cc2[C@@H](c2ccccc2)C1,7.88,4,6.764733367845119,543
Cc1cccc(N2CCN(CCNC(=O)c3nc(C)n(-c4ccc(F)cc4)c3C)CC2)c1C,7.64,7,7.373296805555557,761
Cc1c(Cl)cccc1N1CCN(CCNC(=O)c2cc(-c3ccccc3)n(C)c2C)CC1,6.819,6,7.07198869191919,762
Cc1ccc(C(=O)N[C@H]2CC[C@H](CCN3CCC(c4cccc5c4OCO5)CC3)CC2)cn1,7.94,3,7.738836530423274,763
CCc1cc(-c2ccoc2)nc(N2CCN(C)CC2)n1,7.92,5,6.2520249246031785,764
CCc1cc(Cl)c(OC)c(N2CCNCC2)c1,7.043,4,6.279738051587297,396
Cn1nc2c(c1C(F)(F)F)C(=O)N(CCN1CCN(c3nsc4ccccc34)CC1)CC2,9.282,10,8.816304297859551,765
O=C1CCc2ccc(CCN3CCN(c4cccc5sccc45)CC3)cc2N1,6.771,9,7.424519039682541,745
CCCCCCc1ccc(CCN)cc1,7.109,2,6.689045333994713,188
Cc1cnc(CN(C(=O)NCc2ccc(OCC(C)C)cc2)C2CCN(C)CC2)cn1,7.26,10,7.77782160185186,766
O=C(N[C@H]1CC[C@H](CCN2CCC(c3coc4ccccc34)CC2)CC1)C1CCC(C(F)(F)F)CC1,7.95,7,8.080246936507937,767
c1ccc2c(c1)Cc1ccccc1[C@H]1OC(CN3CCOCC3)C[C@H]21,6.36,8,6.834138855339105,768
O=C(O)[C@]12C[C@H]1CN(C1CC[C@]3(Cc4ccccc4Cc4ccccc43)C1)C2,7.5,9,7.051434796296294,132
CN1CCN(C2=Nc3cc(Cl)ccc3N(NC(=O)c3c(N)cccc3Cl)c3ccccc32)CC1,9.048,9,7.525457996693127,33
CN(C)[C@H]1Cc2ccccc2[C@@H](c2cccc(-c3cccc(F)c3)c2)C1,9.456,2,7.39421274074074,769
COc1c(OCCF)cccc1/C(=N/OCCN(C)C)C1CCN(CCc2ccc(F)cc2)CC1,7.244,6,7.66495392328042,770
Nc1cccn2cc(C(=O)N3CCN(CCc4ccc(F)cc4F)CC3)nc12,8.569,6,8.70152284656085,446
CNCc1nn(CC2CCCCC2)c(OCc2cc(F)ccc2F)c1F,7.822,6,8.340990600529102,94
COc1ccc(NC(=O)Nc2cc(C(F)(F)F)cc(C(F)(F)F)c2)cc1-c1c(Cl)cnn1C,8.7,9,7.376547584656093,104
O=S(=O)(c1ccccc1)N1C=Cc2ccccc2C1c1c[nH]c2ccccc12,4.5,5,5.463273111111111,771
CO[C@@H]1CC[C@@H](CC(=O)N[C@H]2CC[C@H](CCN3CCN(c4cccc5c4OCO5)CC3)CC2)C1,7.569,4,7.592135321428572,772
Cc1ncnc(C)c1-c1cc(NC(=O)CCF)ccc1OCCN1CCCC1,7.514,3,7.987880796296298,287
COc1cc(OC)cc(-n2c(C)nc(C(=O)NCCCN3CCN(c4cccc(C)c4C)CC3)c2C)c1,7.497,3,7.1382646533189,103
O=C1CC(CN2CCC(c3noc4cc(F)ccc34)CC2)Cc2[nH]ncc21,8.67,9,7.776045273809529,773
O=S(=O)(c1ccccc1)c1c[nH]c2cccc(CCN3CCCC3)c12,6.76,2,7.024058284391535,774
CO[C@@H](C)C(=O)N[C@H]1CC[C@H](CCN2CCN(c3cccc4c3OCO4)CC2)CC1,7.8149999999999995,5,7.808481735329485,5
CCC([Se]c1ccc2ccccc2c1)c1nc(N)nc(N2CCN(C)CC2)n1,7.75,4,6.62329013492064,186
Oc1cccc(C2NCCc3c2[nH]c2ccc(O)cc32)c1,6.65,6,6.48651047931698,44
CNCCCC(c1ccccc1)c1ccccc1,6.12,3,6.841556222222225,775
Fc1ccc(F)c(COc2cc(CNC3CC3)nn2CC2CCCCC2)c1,8.31,10,8.626037731481476,776
COc1ccccc1-c1cc(CN(C)C)ccc1Cl,6.44,9,6.9132118968253975,202
Cn1ncc(Cl)c1-c1cc(NC(=O)Nc2cc(F)cc(F)c2)ccc1OCCN1CCOCC1,9.51,10,8.870480380952388,356
Cc1cc2occc2c(N2CCN(CC[C@H]3CC[C@H](NC(=O)C4CCOCC4)CC3)CC2)n1,7.592,9,7.7449297208994725,777
CC(Cc1c[nH]c2cccc(O)c12)N(C)C,6.009,1,6.909766742063492,89
CCN(C)CCc1c(-c2ccccc2)[nH]c2ccccc12,9.85,5,7.44356512433863,246
CN1CCN(CCCN2C(=O)c3ccccc3/C=C\c3ccccc32)CC1,4.32,8,6.29708972751323,778
O=C(N[C@H]1CC[C@H](CCN2CCC(c3cccc4c3CCO4)CC2)CC1)C1CCOC1,7.61,7,7.747319496031749,779
CSc1nc(Cl)c2c(n1)N1CCNC[C@H]1CC2,6.89,6,5.8781454318783055,780
C[C@H](N)Cn1ccc2cc(Cl)c3ncccc3c21,7.49,4,6.53876946031746,781
Cc1cccc(N2CCN(CCCNC(=O)c3nc(-c4ccccc4)n(-c4ccccc4)c3C)CC2)c1C,7.531,2,7.179089724867725,442
CN1CCC(NC(=O)N(Cc2cnn(C)n2)Cc2ccc(OCC(F)(F)C(F)(F)F)cc2F)CC1,9.084,4,7.828989477513234,782
Fc1ccc2c(C3CCN(CCCOc4ccc(CN5CCCCC5)c(F)c4)CC3)noc2c1,8.21,8,8.021664396825399,608
O=C(O)C1CCN(C2CCC3(C2)C(=O)c2cc(F)ccc2Sc2ccccc23)CC1,6.9,3,7.096094033549777,783
Cc1ccc2c(c1)N1[C@@H](CNC[C@H]1C)C2,7.66,7,6.805001160052912,3
Cc1ncnc(C)c1-c1cc(NC(=O)c2c(F)ccn2C)ccc1OCCN1CCCC1,8.697,2,7.879841915343911,290
CO[C@H]1CC[C@H](CC(=O)N[C@H]2CC[C@H](CCN3CCN(c4nccc5sccc45)CC3)CC2)CC1,8.601,10,8.41784309126984,784
Fc1cccc(CCCNCCc2ccnc(-n3ccnc3)n2)c1,6.301,1,7.318321265873013,785
Fc1ccc(CCCCN2CCN(c3ncccn3)CC2)cc1,7.389,10,7.14500943915344,786
Cc1cc2c(cc1Cl)N(C(=O)Nc1cnc(Oc3cccnc3C)c(Cl)c1)CC2,6.9,7,6.588372309523808,52
Cc1cccc(N2CCN(CCCCNC(=O)[C@@H]3CCc4ccccc4N3)CC2)c1,7.701,6,6.947007557960559,403
Cc1cc2c(cc1Cl)N(C(=O)Nc1cnc(Oc3cccnc3C)c(C)c1)CC2,6.9,7,6.7253042658730156,52
COc1ccc(C2NCCc3c2[nH]c2ccc(F)cc32)c(OC)c1,6.78,6,7.031647817460315,44
O=C(NC/C=C/CN1CCN(c2cccc(Cl)c2Cl)CC1)c1ccc(-c2cccc(=O)[nH]2)cc1,7.81,9,7.201267175084176,787
Cc1ncnc(C)c1-c1cc(NC(=O)C2CC2)ccc1OCCN1CCC1,8.088,1,7.763651031746035,433
COc1ccccc1N1CCN(CCCCCNC(=O)c2nnn(Cc3ccccc3Br)c2C)CC1,7.39,8,6.95110442063492,469
CCC(N)Cc1cc(OC)c(CCCCCCF)cc1OC,6.879,2,7.30825798881674,188
CN1CCN(c2nc3c(c(N4CCSCC4)n2)CCNCC3)CC1,6.16,8,5.176374126984128,788
C[Si](C)(C)c1cc(NC(=O)Nc2ccc(Oc3ccnc(Nc4ccccc4)n3)c3ccccc23)n(-c2ccc(OCCN3CCOCC3)cc2)n1,6.46,7,6.726432484126983,789
CC(C)(C)c1ccc(S(=O)(=O)N[C@H]2CC[C@H](CCN3CCN(c4nsc5ccccc45)CC3)CC2)s1,8.275,9,8.703717591269843,790
CN1CCC(NC(=O)N(Cc2ccc3c(c2)CCO3)Cc2ccn(C)n2)CC1,7.342,5,7.568686794733045,791
O=C(N[C@H]1CC[C@H](CCN2CCN(c3cccc4c3OCO4)CC2)CC1)C1CC(Cl)C1,7.62,1,7.835581675625293,453
CC(C)(C)c1ccc(C(O)CCCN2CCC(C(O)(c3ccccc3)c3ccccc3)CC2)cc1,6.865,4,7.25618905952381,792
Cc1nn(C[C@H](C)N)c2c1ccc1occc12,7.77,6,7.248531698412702,575
O=C(CC1CC1)N[C@H]1CC[C@H](CCN2CCC(c3cccc4c3CCO4)CC2)CC1,7.541,3,7.413546560846562,793
COc1ccc(NC(=O)c2ccc(Br)c(C)c2)cc1N1CCN(C)CC1,6.7,7,6.408389705687831,794
Cc1cc2c(cc1C(F)(F)F)N(C(=O)Nc1cnc(Oc3cccnc3C)cn1)CC2,6.2,1,6.63678380820106,795
Fc1ccc(OCCCN2CCN(c3ccccc3)CC2)cc1,7.24,9,7.020141596560848,288
CSc1c(Cl)cc2c(c1Cl)CCN2C(=O)Nc1cccnc1,7.2,7,6.699738870370371,440
O=C1CN2c3c(cccc3[C@@H]3CN(CCCOc4ccc(F)c(F)c4)CC[C@@H]32)N1,7.79,1,7.739456710317463,209
Fc1ccc2c([C@@H]3CNCC[C@H]3F)c(-c3ccsc3)[nH]c2c1,9.96,10,9.218434677910048,796
CCCOc1ccc(CNC(=O)N(Cc2ccn(C)n2)C2CCN(C)CC2)cc1,8.442,9,8.007988928210676,580
COc1cc(C2CCCNC2)c(OC)cc1SC(C)C,6.67,7,6.8175350198412685,113
FC(F)(F)CCc1cccc2c1CC[C@@H]1CNCCN21,7.274,8,6.984675500000003,739
COc1ccc2c(c1)c(CN1CCN(C)CC1)cn2S(=O)(=O)c1ccccc1Br,6.012,5,6.85136310185185,797
O=S(=O)(c1cccc2ncccc12)N1CCC(CCN2CCN(c3cccc(C(F)(F)F)c3)CC2)CC1,6.278,7,6.760712035714291,42
O=C(N[C@H]1CC[C@H](CCN2CCC(c3cccc4c3OCO4)CC2)CC1)C1(C(F)(F)F)CC1,7.72,8,7.759742330687828,699
Cc1c(OCCCCN2CCN(c3cccc4ccccc34)CC2)ccc2c1C(=O)NC2,8.9,4,8.02979626984127,190
Cc1ncsc1CC(=O)Nc1ccc(OC[C@H]2CCCCN2)c(-c2c(C)noc2C)c1,8.498,8,8.060715912698415,798
CC(C)(C)NC1=NCCNC(c2ccccc2)=C1,7.46,6,6.833585644179894,279
CNCc1cc(OCc2ccc(F)cc2C)n(CC2CCCCC2)n1,8.852,6,8.58149546825397,94
COc1cccc(C(=O)Nc2ccc(OC[C@H]3CCCCN3)c(-c3c(C)ncnc3C)c2)c1,8.987,7,8.457488992063494,799
COc1cc(CCNCc2cccc(OC)c2F)c(OC)cc1Br,7.73,10,7.479045085317458,117
COc1ccc(CCN2CCC(Nc3nc4ccccc4n3Cc3ccc(F)cc3)CC2)cc1,7.975,6,6.968755136243385,800
O=C1c2ccc3c(c2C[C@@H]2CNCCN12)OCCC3,6.319,5,5.612450249999996,801
O=S(=O)(c1cccc2ncccc12)N1CCC[C@H]1CCN1CCN(c2cccc3c2OCCO3)CC1,6.7445,4,6.910964335317461,802
CN(C)C(=O)CCC(=O)N[C@H]1CC[C@H](CCN2CCC(c3cccc4c3CCO4)CC2)CC1,7.049,6,7.459658617724869,222
Nc1ccccc1C(=O)CCCN1CC[C@H]2[C@@H](C1)c1cccc3c1N2CCCS3,8.469999999999999,2,8.454540787938912,175
O=c1c(-c2ccccc2Cl)c2n(c(=O)n1CCCCN1CCCC(c3c[nH]c4ccccc34)C1)CCCC2,6.213,3,7.233746408730159,554
CN(C)C(=O)CCC(=O)N[C@H]1CC[C@H](CCN2CCN(c3nccc4c3CCO4)CC2)CC1,7.62,10,7.6049195515873,12
O=S(=O)(NCCCCN1CCC(c2noc3cc(F)ccc23)CC1)c1cc2ccccc2s1,9.281,9,8.519713226190477,707
COc1cc(OC)c(C(=O)CCCCN2CCC3(CC2)NC(=O)NC3=O)cc1NS(=O)(=O)c1ccc(C#N)cc1,6.1,7,6.379909337301587,803
COc1cc2c(cc1C(F)(F)F)N(C(=O)Nc1ccc(Oc3cccnc3)nc1)CC2,7.0,7,6.564779339706591,52
Cc1n[nH]c(C)c1S(=O)(=O)N1CCC(=C(F)c2ccc(Cl)c(Cl)c2)CC1,6.284,5,6.649409112433867,804
Oc1cccc2[nH]cc(CCNC3CC3)c12,8.06,9,7.13409625000001,805
O=C(NCCCCN1CCN(c2cccc(C(F)(F)F)c2)CC1)c1n[nH]c2ccccc12,6.77,9,7.084592423520921,105
O=C(c1ccc(F)cc1)C1CCN(CCC2CCc3occc3C2=O)CC1,7.463,10,7.907172566137568,806
Cc1cc2c(cc1C(F)(F)F)N(C(=O)Nc1ccc(CCc3ccccn3)nc1)CC2,6.801,9,6.73795869312169,807
CNCc1cc(OCc2cccc(C)c2)n(C(C)C2CCCCC2)n1,8.251,6,7.925415642857143,94
Cc1ccc2cccc(N3CCN(CCCNC(=O)c4cc(-c5ccccc5)n(C)c4C)CC3)c2n1,6.08,8,7.297295666666667,808
O=C(NC1CCc2ccc(CCN3CCN(c4nsc5ccccc45)CC3)cc21)C1CC1,9.52,7,9.237263774470897,809
O=C1CC(CN2CCC(c3c[nH]c4cc(F)ccc34)CC2)Cc2nc(N3CCCC3)sc21,8.1,6,7.470396034391531,810
O=C(N[C@H]1CC[C@H](CCN2CCC(c3cccc4c3OCO4)CC2)CC1)c1ccc(F)cc1,7.88,6,7.750706800264547,562
CC(C)n1cc2c(OCC3CCN(CCc4ccccc4)CC3)nc3ccccc3c2c1,7.0,6,6.346224284391534,484
CCN(C)CCc1c[nH]c2c(F)c(F)c(F)cc12,6.9,1,7.007738378306874,89
CCC(=O)N[C@H]1CC[C@H](CCN2CCN(c3cccc4c3OCO4)CC2)CC1,7.87,5,7.727374316017313,5
Cn1ncc2c1CCN(CCN1CCN(c3nsc4ccccc34)CC1)C2=O,9.16,10,8.73392988756614,811
O=C1NCCN1CCN1CCC(c2cn(-c3ccc(F)cc3)c3ccc(Cl)cc23)CC1,9.145,4,7.216905154761906,812
Cc1nc2n(c(=O)c1CCN1CCN(c3nccc4sccc34)CC1)CCCC2,7.46,7,8.08312131349206,16
O=CN[C@H]1CC[C@H](CCN2CCC(c3cccc4c3CCO4)CC2)CC1,6.97,6,7.2605187989417965,222
CCCn1c(-c2ccccc2)cc(C(=O)NCCCN2CCN(c3cccc(C(F)(F)F)c3)CC2)c1C,6.39,8,6.731495959355454,13
Cc1ccc2c(c1)C(C1=C[C@H](C)N(C)CC1)=Nc1cc(Cl)ccc1N2,10.03,4,7.378621337301588,427
COc1ccc(F)cc1[C@H]1C[C@@H]1CNCCCOc1ccc2ccc(=O)[nH]c2c1,6.282,3,7.001975466931217,813
Cn1nc(Br)c2c1CCN(CCN1CCN(c3nsc4ccccc34)CC1)C2=O,9.0,10,8.862172431457434,811
O=C(c1ccc(OCCN2CCCCC2)cc1)c1c(-c2ccc(O)cc2)sc2cc(O)ccc12,6.11,2,7.068080971861465,814
CCC(C)Oc1cc2c(cc1OC)-c1c(OC)c(OC)cc3c1[C@H](C2)N(C)CC3,6.422,9,6.695463718253967,81
CN1CCC(N(Cc2ccc(F)cc2F)C(=O)OCc2ccc(OCCCF)cc2)CC1,9.801,7,8.079376817460313,76
O=C(N[C@H]1CC[C@H](CCN2CCN(c3nccc4c3CCO4)CC2)CC1)c1ccccc1,8.119,9,7.877565238095237,815
Cc1nc2n(c(=O)c1CCN1CCN(c3nsc4ccccc34)CC1)CCCC2=O,8.192,10,8.20278863492063,816
CC(C)CCc1ccnc2c1CC[C@@H]1CNCCN21,7.54,5,7.23595107671958,443
COc1cc(C(F)(F)F)ccc1C1CCCNC1,6.67,7,6.643190696428575,113
O=C(NCCc1ccc(CN2CCCC2)cc1)c1ccc(-c2ccc(Cl)cc2)cc1,6.97,9,6.870749357142857,817
Cc1ccc(-n2nc(C(C)(C)C)cc2NC(=O)Nc2ccc(Oc3ccnc(Nc4ccc(Cl)cc4C)n3)c3ccccc23)cc1,6.876,9,6.866711436507938,65
O=C(Cc1ccc2c(c1)OCO2)N[C@H]1CC[C@H](CCN2CCC(c3cccc4c3OCO4)CC2)CC1,7.432,8,7.537214181216936,818
COc1ccc(C)c2c1C[C@@H]1CNCCN1C2=O,6.835,10,6.29375498280423,149
CCCc1ccc(S(=O)(=O)N(C)C2CCN(C)CC2)cc1,6.481,5,6.276706993386246,124
c1ccc(CCN2CCC3(CCc4ccccc4O3)CC2)cc1,7.8,6,7.376811305555551,732
CC(C)(O)C(=O)N[C@H]1CC[C@H](CCN2CCN(c3cccc4sccc34)CC2)CC1,9.367,8,8.23703903439153,819
COc1ccc(NC(=O)Nc2cccc(F)c2)cc1-c1c(Br)cnn1C,9.3,9,7.841624030423277,104
CC(C)c1ccc2c(c1)Oc1cc(Cl)ccc1N=C2N1CCN(CC(C)(C)C(=O)O)CC1,7.888,3,7.2128635952381,596
O=c1c2cnc(C(F)(F)F)cc2ccn1CCN1CCC(c2noc3ccccc23)CC1,8.348,1,8.386413810185188,820
Fc1ccc2c(C3CCN(CCCOc4ccc(CN5CCCC5)cc4Cl)CC3)noc2c1,8.0,6,8.198599744708998,821
CCCN(CCCCOc1ccc2c(/C=N/O)cnn2c1)[C@H]1CCc2c(O)cccc2C1,6.058,4,6.296741178571428,822
COc1cc(CCN2CCCCC2)c(OC)cc1Br,6.43,3,7.296908981481483,823
O=C1NCc2ccc(OCCCN3CCN(c4cccc5ccccc45)CC3)cc21,7.828,10,8.096424373015871,135
Cn1nccc1-c1cc(NC(=O)Nc2ccc(C(F)(F)F)cc2)ccc1OCCN1CCCCC1,9.469,9,8.756744157407406,93
Cn1ncc(Cl)c1-c1cc(NC(=O)Nc2ccc(Cl)cc2)ccc1OCCN1CCCCC1,9.37,9,9.250960597883598,93
CCc1nc(C(=O)NCCN2CCN(c3cccc(Cl)c3Cl)CC2)c(C)n1-c1ccccc1,7.57,7,7.344454005291009,761
COc1cc(Br)c(OC)c2c1C(CN)CC2,7.28,2,7.736419907828284,824
Cn1ccc2c1CCCN(CCN1CCN(c3nsc4ccccc34)CC1)C2=O,8.92,3,9.203728611111117,825
CN1CCC(N(Cc2ccc(F)cn2)C(=O)NCc2ccc(OCC(F)(F)F)cc2)CC1,9.377,7,8.038455357142857,223
O=S(=O)(c1ccc(/C=C/c2ccc(F)cc2)nc1)c1ccccc1F,8.269,4,7.7033631504329,51
CCC1(N=C2CC(c3ccc(F)cc3)=NCCN2)CCCC1,9.097,10,8.340204787037038,826
COc1cc2c3c(c1OC)-c1cc(N(C)C)ccc1CC3N(C)CC2,6.53,9,6.7987224126984165,81
CCSc1cc(OC)c(CCN)cc1OC,8.425,2,7.487817554232802,188
CNCCCN1c2ccccc2CCc2ccccc21,6.798,8,6.987517556878309,203
Cc1ncnc(C)c1-c1cc(NC(=O)c2cnoc2C)ccc1OCCN1CCCC1,7.658,9,7.860596932539678,827
CC1(C(=O)O)CCN(C2CCC3(Cc4ccccc4Cc4ccccc43)C2)CC1,7.4,2,7.191360170634919,737
C[C@H]1C[C@H](NS(=O)(=O)c2csc3ccccc23)CN1CCCc1noc2cc(F)ccc12,8.378,5,8.646652710317454,828
CN1CCC(N(Cc2ccc(F)cc2)C(=O)NCc2ccc(OCC(O)CN3CCN(c4nsc5ccccc45)CC3)cc2)CC1,9.06,7,8.511724945767195,829
CCCc1cc(OC)c(CC(CC)NCc2ccccc2OC)cc1OC,8.418,10,7.606649924603171,117
CNCc1cc(OCc2ccc(F)cc2F)n(C(C)C2CCCCC2)n1,9.242,6,8.407154124939876,94
CN(C)CCOC1=Cc2ccccc2Sc2ccc(Cl)cc21,9.171,6,7.508327728835973,830
CC(C)c1cc2cc(CNC(=O)N(Cc3ccc(F)cn3)C3CCN(C)CC3)ccc2o1,7.556,5,7.487547507936511,831
C[C@@H](Cn1ccc2ccc3ncccc3c21)NCc1ccc2ccccc2c1,6.695,4,6.26961996957672,832
COc1ccc2[nH]cc(CCN(C)C(C)C)c2c1,6.348,1,6.863385907647906,89
O=S(=O)(N[C@H]1CCN(CCCc2noc3ccccc23)C1)c1cc2ccccc2s1,8.815000000000001,3,8.841331513888894,833
CCC1(NC2=NCCNC(c3ccccc3F)=C2)CCCC1,8.44,2,7.814370170634922,834
CCCc1c(C(=O)NCCCCN2CCN(c3cccc(Cl)c3Cl)CC2)nnn1Cc1ccccc1,8.6,6,7.371104529581524,8
O=c1c2c(on1Cc1ccccc1)CCCNC2,3.0,1,4.989508779100528,835
COc1ccc(-c2ccccc2)c(CNC(=O)NCCCN2CCN(c3ccccc3OC)CC2)c1,6.92,7,6.701271998677253,836
Cc1cc(C)c(OCCOCCN2CCN(Cc3ccccc3)CC2)c(C)c1,6.301,9,6.59553000529101,837
CC(Oc1cc(Cl)ccc1F)c1nc(N)nc(N2CCN(C)CC2)n1,6.202,8,6.905519011904765,342
COc1ccc(-c2c3c(nn2C(C)C)CCNCC3)cc1,8.521,2,7.4926711825396906,68
O=C1C[C@@]2(CN3CCC2CC3)Oc2c1ccc1ccccc21,4.3,8,4.990599190476193,838
CC(C)COc1ccc(CN(Cc2ccc(F)cc2)C(=O)NC2CCN(C)CC2)cc1,9.1,7,8.122221976190477,839
CCS(=O)(=O)N[C@H]1CC[C@H](CCN2CCN(c3nccc4c3CCO4)CC2)CC1,7.75,10,7.6737389219576695,12
CC(C)(Cc1ccccc1)NC1=NCCNC(c2ccccc2F)=C1,8.42,10,7.839194595238099,840
O=S(=O)(Nc1cc2c(c3ccccc13)OC1(N3CCOCC3)CCCCC21)c1ccccc1,4.47,5,7.032980169312171,841
COc1cc(C(F)(F)F)ccc1CN(C(=O)Cc1ccc(OCC(C)C)cc1)C1CCN(C)CC1,10.0,6,7.885434433862437,128
O=C1Cc2cc(CCCCN3CCN(c4cccc5sccc45)CC3)ccc2N1,6.59,2,6.763155105820104,842
COc1ccc(CC(=O)Nc2ccc(OCCN3CCCC3)c(-c3c(C)ncnc3C)c2)cc1,8.794,10,7.653076813371811,291
CC1CN(CCN2CCC(c3noc4ccccc34)CC2)C(=O)c2ncccc21,7.92,3,8.416421187830686,226
O=C1CC(CN2CCN(c3ccccn3)CC2)Cc2ccccc21,6.01,8,6.183145112433861,843
COc1ccc(CCN2CCN(C(=O)c3nn(C)cc3Br)CC2)cc1,6.39,3,6.135195428571427,64
CC(C)C(=O)N[C@H]1CC[C@H](CCN2CCN(c3nccc4c3CCO4)CC2)CC1,7.99,10,7.839003317460319,12
COCCC(=O)N[C@H]1CC[C@H](CCN2CCC(c3noc4cc(Cl)c(F)cc34)CC2)CC1,7.358,1,7.708144261904757,111
CC(C)COc1ccc(CNC(=O)N(Cc2ccc(F)cn2)[C@H]2CCN(C)CC23CC3)cc1,9.13,2,8.321297841269844,844
O=C1COc2ccc(CCN3CCC(c4cccc5sccc45)CC3)cc2N1,6.76,1,7.4284158386243435,845
CCCc1nc(C(=O)NCCCN2CCN(c3cccc(C)c3C)CC2)c(C)n1-c1ccccc1Cl,7.048,3,7.257554173280423,103
O=C(NC/C=C/C[N+]1([O-])CCN(c2cccc(Cl)c2Cl)CC1)c1ccc(-c2ccccn2)cc1,6.98,10,6.984448580687831,846
O=C(c1cccc2ccnn12)N1CCN(CCc2ccc(F)cc2F)CC1,9.399,9,8.402397719576717,847
O=C1c2cccc3cccc(c23)N1CCCCCCN1CCN(c2nsc3ccccc23)CC1,7.26,8,7.654155220238097,848
Cc1cc2c(cc1F)N(C(=O)Nc1ccc(Oc3cccnc3C)nc1)CC2,6.1,7,6.753884992724868,52
NC[C@H]1C[C@@H]1c1cccc(Cl)c1Cl,6.46,8,6.653551365079368,70
C=CCN(CC=C)CCc1c[nH]c2ccc(OC)cc12,6.661,1,6.987586086219337,89
COc1cccc(N2CCN(CCCCOc3ccc4c(C)cc(=O)oc4c3C(C)=O)CC2)c1,6.86,10,7.420688107142863,86
COc1cc(CCNC2COc3ccccc32)c(OC)cc1C#N,6.095,1,7.202124113756613,849
C=Cc1ccc(N2CCN(Cc3c[nH]c4ncccc34)CC2)cc1,6.292,8,6.763006101190475,629
Fc1ccc2c([C@@H]3CNCC[C@H]3F)c[nH]c2c1,7.16,3,7.527842199074075,392
Cc1ccc(C(=O)N[C@H]2CC[C@H](CCN3CCC(c4cccc5c4CCO5)CC3)CC2)cn1,7.59,6,7.740379397486779,850
CC(C)OCCNC(=O)c1ccc2c3c1CCN3CCNC2,4.301,4,5.3638625634920665,18
Cc1ncnc(C)c1-c1cc(NC(=O)COC2CC2)ccc1OCCN1CCCC1,7.556,5,7.455269829365073,851
CN1CCC(N(Cc2ccc(F)cn2)C(=O)NCc2ccc(OCC(F)F)cc2)CC1,8.549,7,8.044900817460318,223
COc1cc2c(cc1C(F)(F)F)N(C(=O)Nc1cccc(-c3cccnc3C)c1)CC2,6.3,7,6.672358810846561,317
CCC(=O)N[C@H]1CC[C@H](CCN2CCN(c3nccc4c3CCO4)CC2)CC1,7.88,10,7.724061309523804,12
Nc1cc(F)ccc1C(=O)CCCN1CC[C@@H]2[C@H](C1)c1cccc3c1N2CCC3,9.1105,8,8.803736144179899,435
Cn1nccc1-c1cc(NC(=O)c2cccc(F)c2)ccc1OCCN1CCOCC1,8.29,4,8.09319642989418,259
Fc1ccc(CCCCN2CCN(c3ccc(Cl)cn3)CC2)cc1,8.04,1,7.022118388888895,852
CN1CCc2c(sc3ncn(CCN4CCN(c5cncc6ccccc56)CC4)c(=O)c23)C1,6.747,3,7.213498043650792,853
O=C1CCc2cc(Cl)c(CCN3CCN(c4cccc5sccc45)CC3)cc2N1,7.01,9,7.111696289682542,745
COc1cccc(N2CCN(CCCCNC(=O)c3ccccn3)CC2)c1,6.75,3,6.689462407407406,177
O=C(c1cccn2cc(Br)nc12)N1CCN(CCc2ccc(F)cc2F)CC1,8.77,3,8.773386513227516,367
O=C(N[C@H]1CC[C@H](CCN2CCN(c3nccc4c3CCO4)CC2)CC1)c1ccc(-n2cccc2)cc1,7.618,2,7.6429182764550285,854
Cc1cc2c(n1C)CCCN(CCN1CCC(c3noc4ccccc34)CC1)C2=O,8.638,8,8.574560686507937,713
CNCc1cc(F)ccc1Oc1ccc(F)c(Cl)c1,6.24,5,6.786306157407406,7
CN1CCC[C@@H]1Cc1c[nH]c2ccc(NS(=O)(=O)c3cccc(Cl)c3)cc12,6.57,2,6.857256972222223,855
CO[C@@H]1CC[C@@H](CC(=O)N[C@H]2CC[C@H](CCN3CCC(c4noc5cc(F)c(F)cc45)CC3)CC2)C1,7.88,10,8.001634210317462,641
CCN(CCN1CCC(n2ncc3cc(F)ccc32)CC1)C(=O)[C@H](C)O,8.3995,3,8.163369276936026,332
O=C1Nc2ccccc2C12CCN(CCN1CCC(c3ccc(Cl)cc3)CC1)C2,6.39,7,6.943396160894663,447
Nc1cc(F)ccc1C(=O)CCCN1CC[C@@H]2[C@H](C1)c1cccc3c1N2CCCC3,9.135000000000002,10,8.81630958928572,856
Cc1cccc(C2NCCc3c2[nH]c2ccc(O)cc32)c1,6.611,6,6.670342957671958,44
O=C1c2cccc3cccc(c23)N1CCCCCCN1CCN(c2ccccc2F)CC1,6.28,5,6.9685334265873,350
COc1ccccc1N1CCN(CCCCCCn2c(=O)n3c4c(cccc42)CCC3)CC1,6.34,3,6.322195847883601,726
CCCc1nc(C(=O)NCCCN2CCN(c3cccc(Cl)c3Cl)CC2)c(C)n1-c1ccccc1OC,6.858,3,7.095716015873018,103
COc1cc(Nc2cc(Oc3ccc(NC(=O)Nc4cc(C(C)(C)C)cc(NS(C)(=O)=O)c4OC)c4ccccc34)ccn2)cc(OCCOCCOCC(=O)O)c1,7.638,9,7.227561531746035,857
Cn1c(=O)c2c(nc3n2CCCC(=O)N3CCCN2CCN(c3ncccn3)CC2)n(C)c1=O,4.41,8,5.3840562566137615,858
O=S(=O)(NCCCN1CCN(c2nsc3ccccc23)CC1)c1ccc2cc(Cl)ccc2c1,7.89,3,8.13804977380952,859
O=c1n(CCCCN2CCN(c3cccc4sccc34)CC2)nc2ccc(Cl)cn12,6.84,3,7.513472439153443,121
C[C@H]1C[C@H](NS(=O)(=O)c2ccc3ccccc3c2)CN1CCCc1noc2cc(F)ccc12,8.822,10,8.701642415343905,860
CNCc1cc(OCc2ccc(F)cc2)n(C(C)C2CCCCC2)n1,9.13,6,8.272614476190482,94
Cc1cc(OCCCN2CCC(c3noc4cc(F)ccc34)CC2)ccc1CN1CCCC1,7.94,6,8.203596035714291,821
CC(C)Oc1ccc(COC(=O)N(Cc2ccc(Cl)cc2)C2CCN(C)CC2)cc1,9.699,7,7.111693661375666,76
CCCCc1cc(-c2ccoc2)nc(N2CCN(C)CC2)n1,8.0,5,6.671188933862437,764
O=S(=O)(Nc1cc(Sc2cccc3cccnc23)c(O)c2ccccc12)c1ccc(F)cc1,4.54,4,6.3311788267195785,861
COc1ccccc1N1CCN(CCCCNC(=O)/N=N/c2ccc(F)cc2)CC1,6.27,4,6.71296384126984,862
CCOC(=O)CCN1CCN(c2ccc3c(c2)CN(C(=O)OCc2ccccc2)CC3)CC1,6.32,3,6.791492408730155,863
O=C(N[C@H]1CC[C@H](CCN2CCN(c3nccc4c3CCO4)CC2)CC1)c1ccc(Cl)cc1,7.83,9,7.702423250661371,815
Cc1noc(C)c1-c1cc(NC(=O)C2CC2)ccc1OC1CNC1,8.187,7,7.159443601851849,864
Fc1ccc(CCN2CCC3(CCc4ccccc4O3)CC2)c(F)c1,8.62,6,8.064585805555557,732
N[C@H]1CC[C@H](CCN2CCN(c3nsc4ccccc34)CC2)CC1,9.679,5,8.55680482936508,321
C[C@H](N)CN1CCc2cc(F)c(C(F)(F)F)cc21,6.267,1,6.765614398148146,865
COC(=O)c1coc2c1C(=O)CC(CN1CCC(c3noc4cc(F)ccc34)CC1)C2,8.81,1,7.977697762025008,866
Cc1[nH]c(-c2ccccc2)cc1C(=O)NCCCN1CCN(c2cccc(Cl)c2)CC1,6.61,8,7.452904235449738,13
O=C1c2ncccc2CCC1CCN1CCN(c2noc3cc(F)ccc23)CC1,7.82,2,8.074611134920634,867
Cc1ncnc(C)c1-c1cc(NC(=O)c2ccncc2F)ccc1OCCN1CCC1,7.73,8,7.890875611111111,868
Clc1cccc(N2CCN(CCc3cn(-c4ccn5nccc5c4)nn3)CC2)c1Cl,8.15,7,7.769783656084655,441
CNCCCC1c2ccccc2Cc2ccccc21,7.888,1,6.889184011904769,152
COc1ccc2[nH]nc(CCNCc3ccccc3OC)c2c1,8.65,5,7.516727915343911,719
Fc1ccc(N2CCN(Cc3c[nH]c4ncccc34)CC2)cc1,6.632,8,6.797280912698417,629
C[C@@H]1C=C(c2c[nH]c3ncccc23)CNC1,7.38,6,6.903069404761908,310
O=C1c2ncccc2CCN1CCN1CCN(c2noc3cc(F)ccc23)CC1,8.847,9,8.095377869047622,869
CN(C)CCN(Cc1cccs1)c1ccccn1,6.475,6,6.64925479100529,870
O=C1c2cccc3cccc(c23)N1CCCCCCN1CCN(c2cccc(Cl)c2Cl)CC1,6.39,5,6.748370305555558,350
CCc1cc(Cl)c(OC)c(N2CCN(C)CC2)c1,6.852,4,6.720611507215006,396
NC(=O)c1ccc(C(=O)CCCN2CCc3ccccc3C2)cc1,6.392,1,6.530926300745554,871
COc1nn(C[C@H](C)N)c2c1ccc1occc12,8.06,6,7.33697778571429,575
Clc1ccccc1O[C@H]1CCCc2ccc(N3CCNCC3)nc21,6.7,4,6.810429278499278,872
Cc1cc2c(cc1OCCCN1CCN(c3cccc4cccc(F)c34)CC1)C(=O)NC2,7.18,10,7.963436625661375,135
O=S(=O)(NCCCCN1CCN(c2cccc(Cl)c2Cl)CC1)c1cncc2ccccc12,7.05,3,7.355875917989412,873
COc1ccccc1Cc1c(N)nc(SCCN2CCN(Cc3ccccc3C(F)(F)F)CC2)nc1N,7.32,5,6.792413964285717,467
COc1ccc(N2CCN(CCCN3CCN(C(=O)c4ccccc4)CC3)CC2)cc1,4.52,6,6.282835076719579,234
CC(=O)N[C@H]1CC[C@H](CCN2CCC(c3cccc4c3CCO4)CC2)CC1,7.43,6,7.592333603174606,222
CN1CCN2c3c(cccc31)[C@@H]1CN(CCCC(=O)c3ccc(F)cc3)CC[C@H]12,8.34,1,8.433469773148152,167
CN1CCN2c3c(cccc31)[C@@H]1C[NH+](CCCC(=O)c3ccc(F)cc3)CC[C@@H]12,8.155,2,7.718043132275132,874
CCC(=O)N[C@H]1CC[C@H](CCN2CCC(c3cccc4c3OCO4)CC2)CC1,7.78,3,7.660349851851847,63
CC(C)COc1ccc(CC(=O)N(Cc2ccc(F)cc2F)C2CCN(C)CC2)cc1,8.2,6,8.172992470899477,128
O=C(CC1COC1)N[C@H]1CC[C@H](CCN2CCC(c3coc4ccccc34)CC2)CC1,8.28,1,8.327355968253976,875
CN1CCC(N(Cc2ccc(F)cc2F)C(=O)NCc2ccc3c(c2)CC(C)(C)O3)CC1,7.684,2,8.378906056878304,417
COc1cccc(CC(=O)Nc2ccc(OC[C@H]3CCCCN3)c(-c3c(C)noc3C)c2)c1,8.33,6,8.18741916005291,694
CCCOc1ccc(CNC(=O)N(Cc2ccn(C)n2)[C@H]2CCN(C)CC23CC3)cc1,9.03,6,7.906533429172685,876
O=c1n(CCCCCCN2CCN(c3cccc(C(F)(F)F)c3)CC2)nc2ccccn12,6.54,5,6.799841685185188,877
Cc1noc(C)c1-c1cc(NC(=O)Cc2ccc(F)cn2)ccc1OCCN1CCC1,6.74,8,8.008589128306875,878
O=C(NCCN1CCN(c2ncccn2)CC1)C12CC3CC(CC(C3)C1)C2,7.47,7,6.526339079846081,879
CN(C)[C@@H]1Cc2ccccc2[C@@H](C2CCCCC2)C1,7.3985,6,6.593169122354496,880
CC1CC2(C)CC(=O)C1C1C(=O)N(CCCCN3CCN(c4ccccn4)CC3)C(=O)C12,6.24,5,6.356426977513227,881
CCCCCOc1cc2c3c(c1OC)-c1cc(OC)c(OC)cc1C[C@@H]3N(C)CC2,6.86,9,6.438490480158732,81
CCN(CC)C(=O)[C@@H]1C=C2c3cccc4[nH]cc(c34)C[C@H]2N(Cc2ccccc2OC)C1,7.485,1,7.85779885449735,144
CN1CCN(c2nc(Nc3ccc(Cl)cc3)c3cn[nH]c3n2)CC1,7.54,3,6.692840761904763,521
CN1CC[C@@H](Oc2ccc(Cl)cc2OCc2cccc(Cl)c2)C1,8.523,8,6.816790211640211,882
CN1CCN(c2nc(N)nc(CCC[Se]Cc3ccccc3)n2)CC1,6.08,3,6.514494072751326,883
O=C(N[C@H]1CC[C@H](CCN2CCN(c3nccc4c3CCO4)CC2)CC1)c1ccc(F)cc1,7.957,9,7.724197165343914,815
CCc1c(C2CCC2)cnc2c1CC[C@@H]1CNCCN21,6.02,2,7.099165313492065,884
O=C(CCCN1CCN(c2cccc(Cl)c2Cl)CC1)Nc1ccn2ncc(/C=N\O)c2c1,8.59,5,7.265659781746031,885
Cc1noc(C)c1-c1cc(NC(=O)c2ccnn2C)ccc1OCCN1CCC1,7.724,10,8.051467332010587,886
COc1cc2c(cc1Br)[C@H](C)CNCC2,7.1,3,6.972121030904281,40
CN1CCN2c3c(cccc31)[C@@H]1CN(CCCOc3ccc(F)cc3)CC[C@@H]12,8.62,9,7.731257277777778,887
COc1cc2c3c(c1OC)-c1cc(N)ccc1CC3N(C)CC2,6.23,9,6.8936218015872965,81
Brc1ccc2c3c1CCN3CCNC2,6.521,4,5.18022987667887,18
Cn1nccc1-c1cc(NC(=O)c2ccc(C(F)(F)F)cc2)ccc1OCCN1CCOCC1,8.62,4,8.369365574074076,259
COc1cccc(N2CCN(CCCCNC(=O)c3n[nH]c4ccccc34)CC2)c1,6.89,9,6.673623402116399,105
c1ccc(CCN2CCCC(c3c(-c4ccccc4)[nH]c4ccccc34)C2)cc1,7.23,8,8.343300990740737,888
c1ccc2c(c1)Cc1cccc3c1C2CNC3,6.53,7,7.119669454365077,889
O=C(CC1CCC1)N[C@H]1CC[C@H](CCN2CCN(c3nccc4c3CCO4)CC2)CC1,7.88,4,7.822059033068781,157
O=C1NC2CNCCCN2c2cccc(Cl)c21,4.87,6,6.453817609788357,890
CC(C)COc1ccc(CNC(=O)N(Cc2cc[nH]n2)C2CCN(C)CC2)cc1,7.26,9,7.672644876984127,580
CC(C)Cc1ccc(C(=O)N[C@H]2CC[C@H](CCN3CCC(c4coc5ccccc45)CC3)CC2)cc1,8.57,9,8.064332642857138,55
CC1CN2CCNCc3cc(Cl)c(Cl)c1c32,6.595,4,6.011015444444435,18
Cc1cccc2c(C3CCN(CCN4CCc5cccnc5C4=O)CC3)noc12,7.04,3,7.270181421957672,226
Cc1c(C(=O)NCCCN2CCN(c3cccc4cccnc34)CC2)cc(-c2ccccc2)n1C,6.452,8,7.222447621693121,808
O=C(NCCF)c1ccc2c3c1CCN3CCNC2,4.301,4,4.9361858391053355,18
Clc1cccc(COc2cc(Cl)ccc2O[C@H]2CCNC2)c1,7.6745,8,7.102173453703707,882
O=C1c2cncnc2CCN1CCN1CCN(c2nsc3ccccc23)CC1,8.588,6,8.985770591269839,891
Cn1ncc2c1CCC(CCN1CCC(c3noc4ccccc34)CC1)C2=O,8.852,4,8.664662535714285,892
O=C(c1nn2ccccc2c1Cl)N1CCN(CCc2ccc(F)cc2F)CC1,9.22,7,8.558102311688316,353
CCOC(=O)c1cc2cc(OCCCCN3CCN(c4ccccc4OC)CC3)ccn2n1,7.109,8,6.798501586940834,245
C=CCN(CC=C)CCc1c[nH]c2ccc(C)cc12,6.14,1,6.923018121031747,89
NCC1CC1c1cc(F)c(F)cc1OCCF,6.44,8,6.626264687830688,70
O=C(NCc1ccccc1)N[C@H]1CC[C@H](CCN2CCN(c3nsc4ccccc34)CC2)CC1,8.969999999999999,3,9.059129153439159,893
O=S(=O)(c1ccccc1)c1c[nH]c2cccc(CCNC3CCCC3)c12,7.615,2,6.9344956677489185,894
Fc1ccc(CCN2CCC3(C=Cc4cc(F)ccc4O3)CC2)c(F)c1,7.798,1,8.261324920153918,895
N#Cc1ccc(-c2nc(C3CCCC3)nc3c2CCNCC3)cc1,7.47,7,7.326606230158728,534
Fc1ccc(OC[C@@H]2CNCCO2)c2c1CCC2,7.068,10,6.437640588624341,896
CNC(=O)c1cccc(OCCCCN2CCN(c3cccc(Cl)c3Cl)CC2)c1C,6.07,2,7.08471200727514,471
CNCc1cc(OCc2cc(Cl)ccc2F)n(CC2CCCC2)n1,8.762,1,8.927452767195772,274
CC(C)Oc1cc2c(cc1NS(=O)(=O)c1ccc(-c3ccc(Cl)cc3)cc1)CCN(C)CC2,7.8,6,6.934747211640211,444
Cc1c(C(=O)NCCCN2CCN(c3cccc(Cl)c3Cl)CC2)cc(-c2ccccc2)n1-c1ccc(F)cc1,8.389,6,7.156271455026457,897
O=C(CO)N[C@H]1CC[C@H](CCN2CCN(c3nccc4c3CCO4)CC2)CC1,7.91,10,7.579157115079367,12
CC1(C)CN(CCN2CCC(c3noc4cc(F)ccc34)CC2)C(=O)c2ncccc21,9.32,3,8.172155521164026,226
Clc1ccccc1O[C@H]1CCc2ccc(N3CCNCC3)nc21,6.845,8,6.716701662698413,898
O=C(N[C@H]1CC[C@H](CCN2CCC(c3coc4ccccc34)CC2)CC1)C1(O)CC1,8.518,6,8.355571650793644,569
CCC1(NC2=NCCNC(c3ccc(F)cc3)=C2)CCCC1,9.1,2,8.36398840079365,834
Cc1c2c(nn1C)CCN(CCN1CCC(c3noc4ccccc34)CC1)C2=O,9.43,7,8.595395802248685,899
CC(C)Oc1ccc(C(OC(=O)N(Cc2ccc(F)cc2)C2CCN(C)CC2)C(F)(F)F)cc1,7.5,7,7.190628000000001,76
COC(C)CC(=O)N[C@H]1CC[C@H](CCN2CCC(c3cccc4c3OCO4)CC2)CC1,7.472,3,7.5502474894179885,63
CN1CCC(N(Cc2ccc(F)cc2F)C(=O)OCc2ccc(OCCF)cc2)CC1,9.8,7,8.64048105735931,76
Cc1ncccc1Oc1ccc(NC(=O)N2CCc3c2cc(C(F)(F)F)c2c3CCO2)cn1,6.3,6,6.572356980158732,900
O=C1NC2CNCCN2c2cccc(Cl)c21,6.48,10,6.041350650793648,421
O=C(CC1CCOCC1)N[C@H]1CC[C@H](CCN2CCC(c3coc4ccccc34)CC2)CC1,8.27,5,8.242890054232806,901
O=S(=O)(NCCCCN1CCN(c2noc3ccccc23)CC1)c1cc2ccc(Cl)cc2s1,7.959,8,7.493155384920641,902
CCCCn1cc(CCN(C)C)c2c(O)cccc21,7.005,1,6.9290319047619064,89
COc1cc(CCCCCCF)c(OC)cc1CCN,8.815,2,7.18901780212843,188
Clc1ccc2c(c1)CC(CCN1CCN(c3ccccn3)CC1)C2,6.959,9,6.791844218253974,903
O=C(NCC(F)F)c1ccc2c3c1CCN3CCNC2,4.301,4,5.112353747835496,18
O=C1NC2CCNCCN2c2cccc(Cl)c21,6.835,3,6.031497253968253,904
COc1cccc(OC)c1CC(=O)N1CCC(C)c2cccc(CCN3CCN(c4nsc5ccccc45)CC3)c21,8.91,1,8.671116054894176,905
c1ccc(-c2[nH]c3ccccc3c2CCN2CCC2)cc1,7.358,10,8.053725732142858,906
CS(=O)(=O)c1ccc(C(=O)N[C@H]2CC[C@H](CCN3CCN(c4nccc5c4CCO5)CC3)CC2)s1,8.022,9,7.838402779100531,907
Cc1nc2ccccn2c(=O)c1CCN1CCC(C(=O)c2ccc(F)cc2)CC1,8.967,8,7.99115153186628,908
COc1cc(C2CCCNC2)c(OC)cc1C,6.79,7,6.483110359066854,113
Fc1ccc(-c2[nH]c3cc(F)ccc3c2[C@@H]2CNCC[C@H]2F)cc1,9.92,4,9.379770165343919,304
CCOC(=O)c1cc2cc(OCCCCN3CCN(c4cccc(Cl)c4Cl)CC3)ccn2n1,7.66,8,7.306301699735453,245
CCc1cc(OC)c(C[C@@H](C)N)cc1OC,9.016,2,7.177227444444449,188
CCc1ccc2c(c1)C(=O)N1CCNC[C@H]1C2,7.313,10,6.4176605132275135,149
Cc1[nH]c2cccc(O)c2c1CCN(C)C,6.912,1,6.730563365079362,89
Cc1c(Cl)cccc1N1CCN(CCCNC(=O)c2nc(C)n(-c3ccc(F)cc3)c2C)CC1,7.42,3,7.4115546984127,103
Cc1ccc(C2NCCc3c2[nH]c2ccc(Cl)cc32)cc1,6.52,6,6.98336838888889,44
COc1cccc([C@H](O)C2CCN(CCc3ccc(F)cc3)CC2)c1OC,9.7025,6,7.643642974266471,11
COc1ccccc1N1CCN(CCCCN2C(=O)C3C4C(=O)CC(C)(CC4C)C3C2=O)CC1,6.281,5,6.332201001322755,547
O=C1NCc2cc(F)c(OCCCN3CCN(c4cccc5ccc(F)cc45)CC3)cc21,8.571,10,7.964917395502646,135
COc1ccc(N2CC=C(c3ccc(Br)cc3)C2=O)cc1OCCN1CCCCC1,6.8,1,6.440120776455031,759
O=C1Cc2cc(C(O)CN3CCN(c4cccc5sccc45)CC3)ccc2N1,7.831,8,6.91989802248677,134
CC(C)N(CCCN1CCC(c2noc3cc(F)ccc23)CC1)C(=O)c1ccccc1,7.93,5,8.123578845238086,909
CC(C)(O)C(=O)N[C@H]1CC[C@H](CCN2CCC(c3cccc4c3CCO4)CC2)CC1,8.098,6,7.892213619047613,222
COc1c(O)ccc2c1CN1CCc3cc4c(cc3[C@@H]1C2)OCC4,6.32,6,6.395113083333336,910
CNC(C)c1cc(F)ccc1Oc1ccc(Cl)c(Cl)c1,6.521,5,7.010141154761905,7
OCCN1CCN(c2nc(NCc3ccccc3)c3ccccc3n2)CC1,6.282,5,6.612467223544978,911
NC[C@H]1C[C@]1(F)c1ccccc1Br,6.912,8,6.877161350288599,70
COc1ccc(-n2nc([Si](C)(C)C)cc2NC(=O)Nc2ccc(Oc3ccnc(Nc4ccccc4)n3)c3ccccc23)cn1,6.483,4,6.538723386243393,912
COc1ccc2sc(S(=O)(=O)N[C@H]3CC[C@H](CCN4CCN(c5nsc6ccccc56)CC4)CC3)cc2c1,8.97,4,8.501114103174602,173
CCCc1cc(OC)c(CCNCc2ccccc2F)cc1OC,8.87,10,7.595561206349207,117
COCCC(=O)N[C@H]1CC[C@H](CCN2CCC(c3noc4ccc(F)cc34)CC2)CC1,7.431,1,7.669352800264551,111
CN1CCN(c2ccc(C#N)c(NCc3ccccc3)c2)CC1,7.329,3,6.800240653439157,913
O=C(N[C@H]1CC[C@H](CCN2CCC(c3cccc4c3CCO4)CC2)CC1)c1ccc(Cl)cc1,7.74,4,7.410766039682538,399
O=C(N[C@H]1CC[C@H](CCN2CCN(c3nccc4c3CCO4)CC2)CC1)C1CCCO1,8.2,2,7.9295366626984185,914
CC1(C)CN2CCNCc3ccc(Cl)c1c32,6.545,4,5.742345845238088,18
O=C(C[C@@H]1CCCOC1)N[C@H]1CC[C@H](CCN2CCC(c3cccc4c3OCO4)CC2)CC1,7.699,1,7.559364873015869,915
Cc1cnc(CN(Cc2ccc(OCC(C)C)cc2)C2=NC(=O)C3(CCN(C)CC3)N2)nc1,7.26,10,7.047317768518516,916
COCCN(C)CCOc1ccc(NC(=O)c2cccc(OC)c2)cc1-c1c(C)ncnc1C,8.578,10,7.592514996845745,146
Cc1ccc(-c2noc3c2CCNCC3)cc1,6.86,1,7.017622158068786,917
CCCc1nc(C(=O)NCCCN2CCN(c3cccc(Cl)c3Cl)CC2)c(C)n1-c1ccc2c(c1)OCCO2,6.97,4,7.640303893939399,326
COc1cc(OC)c(C(=O)CCCCN2CCC3(CC2)NC(=O)NC3=O)cc1NS(=O)(=O)c1ccc(C(F)(F)F)cc1,6.2,7,6.879964359788358,803
CCC(CC)(CC)NC1=NCCNC(c2ccc(F)cc2F)=C1,8.43,6,7.898175124338624,279
c1ccc(Cc2cccc3c2CCC2CNCCN32)cc1,7.849,8,7.437689165223665,918
Oc1ccc2[nH]c3c(c2c1)CCNC3c1cc(F)ccc1O,6.665,6,6.6853809404761915,44
COc1ccccc1N1CCN(CCCCCC(=O)NCc2ccccc2-c2ccccc2Cl)CC1,7.112,7,6.648054292328043,919
O=C(CCCN1CCC(c2ccccc2)CC1)c1nc2ccccc2s1,6.54,6,7.2466928968253885,920
CC[C@@H]1NCCN2C(=O)c3c(cccc3C(F)(F)F)[C@H]12,7.005,9,6.130735669312175,185
O=C1NCN(c2ccccc2)C12CCN(CCCCc1c[nH]c3ccccc13)CC2,6.01,5,6.4793887195767175,921
COc1ccc2[nH]cc(C3CC(=O)N(CCCCN4CCC(c5c[nH]c6ccc(F)cc56)CC4)C3=O)c2c1,6.805,8,6.625897291005291,753
C1=C(c2c(-c3ccccc3)[nH]c3ccccc23)CCNC1,7.3,4,6.517574767195772,922
COc1ccc(N2CCN(CCC3OCCc4ccccc43)CC2)cc1,7.12,2,6.759851008597883,923
O=C1Nc2ccc(F)cc2C1CCCCN1CCN(c2ccccc2)CC1,7.26,4,7.464817023809533,924
COc1ccccc1N1CCN(CCCC(=O)Nc2ccn3ncc(/C=N\O)c3c2)CC1,6.92,5,6.6941215,885
O=C1[C@@H]2[C@H]3CC[C@H](C3)[C@@H]2C(=O)N1CCCCCCN1CCN(c2cccc(Cl)c2)CC1,7.09,2,6.8864500727513205,925
C#CC(C)(C)c1cc(NC(=O)Nc2ccc(Oc3ccnc(Nc4ccccc4)c3)c3ccccc23)n(-c2ccc(C)cc2)n1,6.567,10,6.664168980158729,926
COc1ccccc1N1CCN(CCCNC(=O)Nc2ccccc2-c2ccccc2)CC1,6.02,9,6.750320694444448,927
CNCc1cc(F)c(OC)cc1Oc1ccc(Cl)c(Cl)c1,7.129,5,7.289154678571427,7
CN(C)CCCc1c[nH]c2cccc(O)c12,6.23,1,7.217503626984124,89
Cc1ccc2c(c1)c1c(n2CCc2ccccc2)CCN(C)C1,8.92,10,7.474897255291007,928
COc1ccc(CCN(CCCc2cccc(F)c2)CCc2ccc3c(c2)OCO3)cc1OC,6.731,10,6.870164777777777,47
CCOC[C@H]1[C@@H]2CNC[C@@]21c1ccc(Cl)c(Cl)c1,6.8,7,6.90952546031746,929
O=C(CC1COC1)N[C@H]1CC[C@H](CCN2CCC(c3cccc4c3OCO4)CC2)CC1,7.66,6,7.6172361243386195,930
CN(C)CCCN1C(=O)c2ccccc2/C=C\c2ccccc21,4.77,2,6.090299129509383,931
CCCCCCOc1cc2c3c(c1OC)-c1cc(OC)c(OC)cc1C[C@@H]3N(C)CC2,6.67,9,6.423450968253971,81
O=C(NCC1(O)CCCCC1)c1ccc(C#Cc2ccc(F)cc2F)cc1,6.523,4,6.796680686507934,932
COc1cccc(C(=O)Nc2ccc(OCCNCCO)c(-c3ccnn3C)c2)c1,8.74,8,8.04021838624338,228
COc1ccccc1C1CCN(c2ccn3c(CC4CC4)nnc3c2Cl)CC1,6.806,3,6.893707364598363,511
Fc1ccc(Cc2nc3c(c(-c4ccc(F)cc4)n2)CNCC3)cc1,7.888,3,8.090273663780657,933
CCCN(CCN1CCC(c2noc3cc(F)ccc23)CC1)C(=O)C(C)O,9.098,4,8.856135948412698,32
CCC(Sc1ccccc1)c1nc(N)nc(N2CCN(C)CC2)n1,6.37,7,6.538171947570949,254
c1ccc2c(c1)CC1CCNCCN21,6.09,2,6.506662970899472,934
Cc1nscc1C(=O)Nc1ccc(OC[C@H]2CCCCN2)c(-c2c(C)noc2C)c1,8.397,1,8.248134789682545,935
Cc1noc(C)c1-c1cc(NC(=O)c2cc(Cl)ccn2)ccc1OCCN1CCCC1,8.405,7,7.870026674603179,936
O=C(CC1COCCO1)N[C@H]1CC[C@H](CCN2CCC(c3cccc4occc34)CC2)CC1,8.389,9,8.408484190476194,937
CC(=O)OC12C=C(C)C(C(C)C1)C1C(=O)N(CCCCN3CCN(c4ccccn4)CC3)C(=O)C12,6.015,8,6.283222408730155,938
C[C@H]1CN(CC[C@H]2CC[C@H](NC(=O)N(C)C)CC2)CCc2ccc(Cl)cc21,7.59,7,7.133973184523807,939
Cc1cccc2c1C(=O)NC1CCNCCN21,6.928,3,6.218404468253968,904
O=C(N[C@H]1CC[C@H](CCN2CCC(c3coc4ccccc34)CC2)CC1)C1CCCO1,8.54,6,8.283622014550263,940
Cc1cc2c(cc1Cl)CCN2C(=O)Nc1ccc(Oc2cccnc2C)nc1,6.801,7,6.51403293121693,52
COc1ccc(NC(=O)c2ccc(-c3ccc(-c4noc(C)n4)cc3C)cc2)cc1CCCN(C)C,8.2,1,7.234184849206348,194
Cc1cccc(-c2ccc(C(=O)NC/C=C/CN3CCN(c4cccc(Cl)c4Cl)CC3)cc2)n1,7.031,4,7.159624346560842,941
Cc1ccc2c(c1)N1OC(CN(C)C)CC1c1ccccc1C2,8.51,8,7.14002511706349,303
CCCCCCc1ccc2c(c1)Cc1cc(OC)ccc1C2CN,7.37,1,7.1453825244709,152
Cc1ncc2c(n1)CCN(CCN1CCC(c3noc4ccccc34)CC1)C2=O,8.0,10,8.391992023809525,706
Fc1ccc(SCCCN2CCN(c3ccccn3)CC2)cc1,7.583,4,7.344368970899472,942
CCCn1c(-c2ccccc2)cc(C(=O)N(C)CCCN2CCN(c3cccc(C)c3C)CC2)c1C,7.77,8,6.638596626984131,13
CCN(C)CCc1c[nH]c2cc(F)c(Cl)cc12,6.932,1,6.951619432539683,89
Cc1c(C(=O)NCCCN2CCN(c3cccc(Cl)c3Cl)CC2)cc(-c2cccnc2)n1C,6.68,1,7.3185972764550264,943
Cc1ccc(C2=CC(NC(C)(C)C)=NCCN2)cc1,7.96,6,7.2082113015872995,279
O=C(c1ccc(F)cc1)C1CCN(CCN2CCCc3ccccc3C2=O)CC1,7.77,2,7.76125437962963,944
COc1ccc2[nH]cc(CCNCc3ccc(N)cc3)c2c1,6.65,3,7.413166072751321,663
COc1ccc(-c2ccc(C(=O)Nc3cccc(Cn4ncc(N5CCNCC5)cc4=O)c3C)cc2)cn1,8.2,1,6.984295829365078,945
CCOc1ccc(COC(=O)N(Cc2ccc(F)cc2F)C2CCN(C)CC2)cc1,9.699,7,8.75043300709475,76
CSc1cc2c(cc1F)CCN2C[C@H](C)N,7.199,1,6.904955404761902,865
O=c1[nH]cnc2ccc(CCCCCN3CCN(c4cccc5sccc45)CC3)cc12,6.698,3,7.083737671957671,946
COc1ccc2[nH]cc(CCNCCCc3ccccc3)c2c1,7.65,9,7.449181505291003,947
O=C(C[C@@H](O)C(F)(F)F)N[C@H]1CC[C@H](CCN2CCC(c3cccc4c3CCO4)CC2)CC1,7.27,6,7.504462716931218,222
CCC(Oc1cc(Cl)ccc1Cl)c1nc(Nc2ccccc2)nc(N2CCN(C)CC2)n1,6.47,5,6.5984744021164055,948
CC(C)(C)Cc1ccnc2c1CC[C@@H]1CNCCN21,6.405,5,7.111039582010584,443
c1cc2c3c(c1)CNCCN3CC2,4.301,4,4.842570396825396,18
COc1ccccc1N1CCN(CCC2CCc3ccc(N)cc3C2O)CC1,6.8,3,6.907066949735448,646
CCOC(=O)Cc1nn(CNC(=O)CCN2CCN(c3cccc(C)c3C)CC2)c(=O)c2c(F)cccc12,6.82,5,6.916413759259262,41
COc1nc(NCCCN2CCOCC2)nc(OC)c1NC(=O)c1ccc(Oc2cc3c(cc2C)CCC3(C)C)o1,6.232,7,6.671233624098121,949
CCn1c(-c2ccccc2)cc(C(=O)NCCCN2CCN(c3cccc(Cl)c3)CC2)c1C,7.04,8,6.9997450621693105,13
Oc1ccc2[nH]c3c(c2c1)CCNC3c1ccccc1C(F)(F)F,6.92,6,6.909229924603173,44
Cc1ccc(-n2nc(C(C)(C)C)cc2NC(=O)Nc2ccc(Oc3ccnc(Nc4ccccc4C)n3)c3ccccc23)cc1,7.481,9,6.833672611111115,65
COc1c(OCCF)cccc1C(O)C1CCN(CCn2c(=S)[nH]c3ccccc3c2=O)CC1,6.449,6,6.648563999158245,950
CCCCCC(=O)Oc1cccc2c1-c1cccc3c1[C@@H](C2)N(CCC)CC3,6.961,9,5.880005687830686,81
COCCN1CCC(NC(=O)N(Cc2ccc(OCC(C)C)cc2)Cc2ccn(C)n2)CC1,7.26,7,7.550744322751327,472
CNc1nc(Cc2ccccc2)nc2c1CCNC[C@@H]2C,6.442,1,7.747801227513226,477
CCC(Sc1cc(Cl)ccc1Cl)c1nc(N)nc(N2CCN(C)CC2)n1,6.259,7,6.720825404761904,254
CC(C)(C)C(=O)N[C@H]1CC[C@H](CCN2CCN(c3nccc4c3CCO4)CC2)CC1,8.028,10,7.814723588624338,12
Cc1ncc2c(n1)CCN(CCN1CCN(c3nsc4ccccc34)CC1)C2=O,8.078,6,8.894553384920634,891
O=C(N[C@H]1CC[C@H](CCN2CCC(c3cccc4c3OCO4)CC2)CC1)C1(O)CCCCC1,8.408,1,7.91705375,415
Cc1cccc(S(=O)(=O)NCCN2CCN(c3nsc4ccccc34)CC2)c1,8.06,5,8.745673992063491,951
COc1cc(CN2CCCC2)ccc1OCCCN1CCC(c2noc3cc(F)ccc23)CC1,7.97,6,8.180128146825401,821
O=C(c1ccc(F)cc1)C1CCN(CCc2ccc(F)cc2)CC1,8.02,2,7.980435085858579,88
Cc1c(Cl)cccc1N1CCN(CCNC(=O)c2cc(C(C)(C)C)n(C)c2C)CC1,6.63,6,6.806767921957671,952
COc1cscc1CNCC1CC1c1cc(F)ccc1OC,6.84,6,6.900393369047619,953
c1cc2c3c(c1)CNCCN3CCCC2,4.301,7,4.8610604074073995,954
O=C(Nc1cccc(Cn2ncc(N3CCNCC3)c(Cl)c2=O)c1)c1ccc(-c2ccccc2)cc1,7.22,2,6.585741128306878,29
Nc1ccc2c(c1)C(=O)C(CCN1CCC(c3noc4cc(F)ccc34)CC1)CC2,8.3,8,8.635860123015872,955
O=C(O)C1CCC(N2CCN(C3=Cc4ccccc4Cn4ccnc43)CC2)CC1,6.225,10,6.901100551587296,956
COc1ccccc1N1CCN(CCCCNC(=O)c2nnn(Cc3ccccc3)c2C)CC1,6.209,6,6.823457616402115,8
COc1cc2c(cc1I)C(C)CNCC2,7.212,3,6.944102858946608,40
O=S(=O)(NCCCN1CCC(c2noc3cc(F)ccc23)CC1)c1cccc2scnc12,8.04,9,8.251073921957675,957
COC1Cc2ccccc2C2(CCN(CCCc3ccccc3)CC2)O1,6.339,8,6.6390214087301604,958
N#Cc1cccc(NC(=O)NCCCN2CCC(Cc3ccc(F)cc3)C2)c1,6.75,7,7.151127342592595,959
O=S(=O)(NCCCN1CCN(c2cccc(Cl)c2Cl)CC1)c1cnc2ccc(Cl)cc2c1,6.94,6,7.34702057142857,960
NC(=O)[C@@H]1Cc2ccccc2CN1C(=O)CCCCN1CCN(c2ccccc2-c2ccccc2)CC1,6.78,5,6.8035574410774435,961
O=C1CCc2ccc(OCCCCN3CCN(c4ccc(O)c5oc(=O)ccc45)CC3)cc2N1,4.699,4,6.868383394300143,962
CC(C)(C)C(=O)N[C@H]1CC[C@H](CCN2CCC(c3coc4ccccc34)CC2)CC1,8.22,5,8.180479321428571,182
O=S(=O)(c1ccc(F)cc1)N(CCCN1CCN(c2ccccc2)CC1)CC1CC1,6.849,7,7.679330234126987,963
CCCCCNC(=N)N/N=C/c1c[nH]c2ccc(OC)cc12,6.37,1,6.679946439153438,89
CCOc1ccccc1-c1cc(Cl)cc2cc3n(c12)CCNCC3,7.5,2,6.967019313492066,964
O=C1c2ccc(F)cc2CC1CCN1CCCN(c2ccc(Cl)cn2)CC1,7.886,10,7.218887366402115,965
CC(=O)NC1CCc2cc(CCN3CCN(c4nsc5ccccc45)CC3)ccc21,9.481,7,9.046898724206342,27
COc1cc(Br)c2c3c1[C@H](CN)CCC[C@@H]3CO2,6.7345,10,7.228178148148145,966
COc1cccc(C(=O)Nc2ccc(OCCN)c(-c3ccnn3C)c2)c1,8.659,8,8.167736916666662,228
O=C1c2cnc(Br)cc2CCN1CCN1CCN(c2nsc3ccccc23)CC1,9.04,1,8.830698218253971,233
Cc1ccc2c(c1)C[C@@H]1CNCCN1C2=O,6.58,10,6.2766883055555525,149
Cn1c(=O)c2c(nc(NCCCN3CCN(C(c4ccccc4)c4ccccc4)CC3)n2C)n(C)c1=O,6.511,9,6.358002744708995,967
CCN(C)CCc1c[nH]c2c(F)cc(OC)cc12,6.71,1,7.061184793891293,89
CNC(=O)c1cc(OCCCCN2CCN(c3nsc4ccccc34)CC2)ccn1,6.948,10,7.143056332010583,398
CCCc1nc(C(=O)NCCCN2CCN(c3cccc(Cl)c3Cl)CC2)c(C)n1-c1ccccc1,7.679,3,7.418054252645505,103
COc1ccc(CN(C(=O)Cc2ccc(OCC(C)C)cc2)C2CCN(C)CC2)c(Cl)c1,6.9,6,7.553246305555554,128
CCN(CC)C(=O)[C@@H]1C=C2c3cccc4[nH]cc(c34)C[C@H]2N(CCc2cccnc2)C1,7.575,8,8.354866433862428,968
C[C@H](N)Cn1ncc2cc(F)ccc21,7.05,4,7.163674830687835,136
Clc1cccc(N2CCN(CCCc3cn(-c4ccn5nccc5c4)nn3)CC2)c1Cl,8.278,7,7.909489969576717,366
CS(=O)(=O)N[C@H]1CC[C@H](CCN2CCN(c3nccc4c3CCO4)CC2)CC1,7.66,10,7.662329683862432,12
Oc1ccc(O)c(C2NCCc3c2[nH]c2ccc(F)cc32)c1,7.141,6,6.6194133015873025,44
CC(=O)Nc1nc2c(CCN3CCN(c4cccc5sccc45)CC3)cccc2s1,7.389,4,7.5195184444444445,370
O=C(N[C@H]1CC[C@H](CCN2CCC(c3coc4ccccc34)CC2)CC1)c1ccc(N2CCOCC2)nc1,8.12,7,8.041509174603172,969
CC(=O)c1c(OCCCN2CCN(c3ccccc3C#N)CC2)ccc2c(C)cc(=O)oc12,7.12,3,6.887964900793651,678
CN(C)[C@@H]1Cc2ccccc2[C@@H](c2cccc(-c3ccccc3)c2)C1,7.292,2,7.4244883419312115,769
CNCc1cc(OCc2ccccc2F)n(C(C)C2CCCCC2)n1,8.96,6,8.355021883597878,94
O=c1ccc2ccc(CCN3CCN(c4cccc5sc(F)cc45)CC3)cc2[nH]1,6.432,1,7.225923547619043,970
CC1CCc2cc(F)cc3c(CCN)cn1c23,6.335,7,7.061724343915343,525
O=S(=O)(N[C@H]1CC[C@H](CCN2CCC(c3cccc4c3OCO4)CC2)CC1)c1ccccc1,7.28,6,7.206969273809526,971
COc1cc(SC(F)F)c(OC)cc1CCN,8.195,2,7.1722812982804225,188
Cc1cc2c(cc1Cl)N(C(=O)Nc1ccc(OCc3nccn3C)nc1)CC2,6.6,4,6.976895637806635,972
Cc1ncnc(C)c1-c1cc(NC(=O)[C@@H](F)C(C)C)ccc1OC[C@H]1CCCCN1,7.726,7,7.92329033597883,973
N#Cc1ccccc1S(=O)(=O)C1CCN(CCc2ccc(F)cc2F)CC1,9.28,4,8.530453269841273,36
Cc1cccc(N2CCN(CCCCOc3ccc4c(n3)NC(=O)CC4)CC2)c1Cl,9.3,10,9.063002701566951,429
Cc1cccc(N2CCN(CC(O)CNC(=O)c3nc(C(C)C)n(-c4ccccc4)c3C)CC2)c1C,6.14,3,7.011833019841269,103
O=c1n(CCCCN2CCN(c3cccc4sccc34)CC2)nc2c(Cl)cccn12,6.432,3,7.5750129444444445,121
O=C(N[C@H]1CC[C@H](CCN2CCC(c3coc4ccccc34)CC2)CC1)C12CC3CC(CC(C3)C1)C2,7.76,2,8.197672636243384,974
Cc1c2c(nn1C)CCN(CCN1CC=C(c3noc4ccccc34)CC1)C2=O,8.56,1,8.415605734126991,975
O=C1CC(CN2CCC(C(=O)c3ccc(F)cc3)CC2)Cc2[nH]ncc21,7.368,9,7.114812022727277,976
CCCS(=O)(=O)N[C@H]1CC[C@H](CCN2CCN(c3nsc4ccccc34)CC2)CC1,9.47,5,8.701239855820113,321
Cc1cccc(N2CCN(CCc3ccc4[nH]nnc4c3)CC2)c1C,8.291,4,7.161111203703708,977
Nc1ccccc1C(=O)CCCN1CC[C@@H]2[C@H](C1)c1cccc3c1N2CCCC3,8.8295,10,8.334697193121693,856
C=CCOc1ccc(F)cc1[C@H]1C[C@@H]1CNCc1ccccc1OC,7.554,6,7.118933936507936,271
O=C(N[C@H]1CC[C@H](CCN2CCC(c3coc4ccccc34)CC2)CC1)c1ccc(F)cc1,8.249,9,7.846306694444436,55
CCN(CCc1ccccn1)Cc1csc(C2CCCC2)n1,6.1,8,7.210095206349202,978
O=C1CC(CN2CC=C(c3c[nH]c4cc(F)ccc34)CC2)Cc2nc(N3CCCC3)sc21,7.4,7,7.628608461640213,979
COCC(C)NC(=O)c1ccc2c3c1CCN3CCNC2,4.301,4,5.444562694444448,18
Cc1ccc2c(c1)-c1c(ccn1CC(C)N)C2(C)C,7.0,10,6.737189448412693,309
O=C1CCc2ccc(C(O)CCCCN3CCN(c4cccc5sccc45)CC3)cc2N1,6.97,6,7.251882714285712,980
CNCc1cc(F)ccc1Oc1ccc(-c2ccccc2)cc1,6.42,5,7.558771105820104,981
COc1ccc(COC(=O)N(Cc2ccc(F)cc2F)C2CCN(C)CC2)cc1,9.3,7,8.654102952380951,76
CNC(=O)c1ccnc(OCCCCN2CCN(c3nsc4cc(F)ccc34)CC2)c1,7.28,1,7.561844301587307,275
CC(C)(O)CC(=O)N[C@H]1CC[C@H](CCN2CCC(c3coc4ccccc34)CC2)CC1,8.29,5,8.289403465608466,182
COc1ccc(CNCCc2cc(OC)c(Br)cc2OC)c(OC)c1,7.699,10,8.023893776455024,117
CS(=O)(=O)CCNC(=O)c1ccc2c3c1CCN3CCNC2,4.301,4,5.290840771164022,18
CCOC(=O)c1cccc(NC2=NC(N)=NC3(CCCCC3)N2)c1,6.76,8,6.328443018518518,502
O=C(N[C@H]1CC[C@H](CCN2CCN(c3nccc4occc34)CC2)CC1)c1ccnc2ccccc12,8.28,4,8.013831722222225,982
Oc1ccc2[nH]c3c(c2c1)CCNC3c1cccs1,6.46,6,6.504154880952378,284
Cc1cccc(N2CCN(CCCCNC(=O)c3ccccc3)CC2)n1,7.08,5,6.614685367724868,983
N#Cc1cc2c(cn1)C(=O)N(CCN1CCN(c3nsc4ccccc34)CC1)CC2,8.699,1,8.640733426587298,233
O=S(=O)(N[C@H]1CC[C@H](CCN2CCC(c3cccc4c3OCO4)CC2)CC1)c1ccc(F)cc1,7.18,6,7.280859576719575,971
O=C(O)[C@@H]1CCCN(C2CCC3(Cc4ccccc4Oc4ccccc43)C2)C1,7.0,2,7.085391567460312,491
CC(C)c1ccc(S(=O)(=O)N(C)C2CCN(C)CC2)cc1,6.792,5,6.237823850529099,124
Cn1oc2c(c1=O)CCNCC2,3.5,1,3.9870866249999994,984
Oc1ccc(-c2ccc(CNCCc3c[nH]c4ccc(Cl)cc34)o2)cc1,7.48,8,6.783182230158733,474
CC1CN(CCN2CCN(c3nsc4ccccc34)CC2)C(=O)c2cnn(C)c21,9.019,10,8.761160120610866,811
O=c1c2cnc(C(F)(F)F)cc2ccn1CCN1CCN(c2nsc3ccccc23)CC1,8.611,6,8.857325785714288,985
COc1ccc(NC(=O)Nc2ccc(F)c(F)c2)cc1-c1c(F)cnn1C,8.75,9,7.4453714100529105,104
COc1ccc(N2Cc3sc4ccccc4c3C2=O)cc1OCCN1CCCCC1,6.4,10,6.463588415343914,986
CC(C)Oc1ccc(NC(=O)Nc2ccc(Cl)cc2)cc1-c1c(Br)cnn1C,9.15,9,7.7587461044973525,104
O=C(O)C1CN(C2CCC3(Cc4ccccc4Oc4ccccc43)C2)C1,7.5,9,6.908074023088025,987
CN(C)CC1CC2c3ccccc3Cc3cccc(Cl)c3N2O1,7.492,8,7.323758954365082,303
Cc1cccc(-c2cc3c(cc2O)C(c2ccccc2)CN(C)CC3)c1,6.789,8,7.380900007936513,988
CC(=O)c1c(OCCCCN2CCN(c3ccccc3C(F)(F)F)CC2)ccc2c(C)cc(=O)oc12,7.31,10,7.722694616402118,86
COc1ccc(CN(Cc2ccn(C)n2)C(=O)NC2CCN(C)CC2)cc1C,7.26,7,7.033489375661382,472
CC(C)(C)CC(=O)N[C@H]1CC[C@H](CCN2CCC(c3coc4ccccc34)CC2)CC1,7.99,5,8.173640880952378,182
CN(C)CCc1c[nH]c2cccc(F)c12,6.134,1,6.99308581349206,89
Cc1ccc(Cl)cc1N(C)C(=O)c1cn(-c2ccc(F)cc2F)c(=O)c2ccccc12,4.82,9,5.98379736111111,989
O=C1C2CC(O)C(O)CC2C(=O)N1CCCCN1CCN(c2cccc3sccc23)CC1,7.07,2,6.878891780423279,990
CN(C)c1ccc(-c2cccc([C@@H]3C[C@@H](N(C)C)Cc4ccccc43)c2)cc1,7.824,2,7.315856225048106,769
Fc1ccc2[nH]c(-c3ccccc3)c([C@@H]3CNCC[C@H]3F)c2c1,8.399000000000001,4,8.601215038359788,304
Cc1ccc2[nH]cc(CCNCc3ccc(-c4ccc(O)cc4)o3)c2c1,7.66,8,6.933808686507939,474
COc1cc(CCNCc2cccc(OC)c2O)c(OC)cc1Br,9.143,10,7.943653559523798,117
Cc1cc2c(c(N3CCN(CC[C@H]4CC[C@H](NC(=O)C5CCOCC5)CC4)CC3)n1)CCO2,7.231,5,7.023776063492068,991
CC(C)(C)NC1=NCCNC(c2ccc(F)cc2F)=C1,7.96,6,7.303717531746034,279
O=C(N[C@H]1CC[C@H](CCN2CCN(c3cccc4c3OCO4)CC2)CC1)C1(O)CC1,8.11,5,8.14530629497354,313
Cc1c(S(=O)(=O)N[C@H]2CCN(CCCc3noc4ccccc34)C2)sc2ccc(F)cc12,8.754999999999999,3,8.43053740608466,833
CCCn1c(-c2cccnc2)cc(C(=O)NCCCN2CCN(c3cccc(Cl)c3Cl)CC2)c1C,7.34,1,7.305025018518522,943
CN(C)CCc1c[nH]c2ccsc12,6.56,4,6.984755378306883,992
Cn1nccc1-c1cc(NC(=O)Nc2ccc(Cl)cc2)ccc1OCCN1CCNCC1,7.752,8,9.220877461251174,993
CCOc1cc(OC)c(CC(C)N)cc1OC,7.323,2,7.414395815476194,188
CC(C)c1ccccc1OCCN1CCC(N(C)S(=O)(=O)c2ccc(F)cc2)CC1,6.419,10,7.164435174603173,994
O=C(N[C@H]1CC[C@H](CCN2CCN(c3nccc4c3CCO4)CC2)CC1)C1CCC1,7.998,10,7.930296526455028,995
Cc1cc(C(=O)NCCCN2CCN(c3cccc(Cl)c3Cl)CC2)nc(C)n1,6.78,9,7.010708539682539,31
Fc1ccc2c(c1Cl)CCNCC2,6.89,3,6.8351144444444465,40
CC(C)N(C)CCc1cn(C)c2cccc(O)c12,6.95,1,6.7979461190476185,89
Fc1ccc(-c2cncc(CN3CCN(c4cccc5c4OCCO5)CC3)c2)cc1,6.6,10,7.03101407936508,996
CC(=O)c1c(C)cc2oc(=O)cc(C)c2c1OCCCN1CCN(c2cccc(Cl)c2Cl)CC1,7.18,2,7.647077289682543,420
CCN1CCc2cc3ccccc3n2CC1,7.52,10,6.625458740139493,538
NCC1CC1c1c(OCCF)ccc(Cl)c1Cl,6.021,8,7.006193294973552,70
Cn1ncc(Cl)c1-c1cc(NC(=O)Nc2ccc(F)cc2F)ccc1OCCN1CCOCC1,9.82,10,8.866212407407414,356
O=C1c2ccccc2CCCN1CCN1CCC(n2ccc3ccccc32)CC1,7.716,8,6.873780293650796,400
O=S(=O)(NCCCCN1CCN(c2nsc3ccccc23)CC1)c1cnc2ccccn12,8.091,9,8.111800478835981,997
NC[C@H]1C[C@@H]1c1c(OCC2CC2)ccc2occc12,6.34,8,6.770692281746033,998
CO[C@H](C(=O)N[C@H]1CC[C@H](CCN2CCN(c3cccc4c3OCO4)CC2)CC1)C(C)C,7.5,5,7.660801496031742,5
O=C1c2ccc(Cl)cc2CCC12CCN(CCc1ccccc1)CC2,7.798,7,7.025491150793652,999
CC1SC(C)(C)C(=O)N1CCCCN1CCN(c2csc3cc(F)ccc23)CC1,7.935,6,7.688087167989426,1000
O=C(N[C@H]1CC[C@H](CCN2CCC(c3noc4ccc(F)cc34)CC2)CC1)c1ccc(N2CCCCC2)cc1,8.152,3,7.647818634920636,192
CCCn1c(-c2ccc(Cl)cc2)cc(C(=O)NCCCN2CCN(c3cccc(Cl)c3Cl)CC2)c1C,6.479,8,6.892724158730163,13
c1ccc(Cc2ccc3c4c2CCN4CCNC3)cc1,7.17,5,5.797890712962961,1001
Brc1ccc2c(c1)c1c3n2CCN(Cc2ccccc2)C3CCC1,4.6,4,6.986987023809526,1002
CCN(CC)C(=O)[C@@H]1C=C2c3cccc4[nH]cc(c34)C[C@H]2N(Cc2ccccn2)C1,7.547,3,8.180827444444446,1003
CCOc1ccc(CC(=O)N(Cc2ccc(F)cc2F)C2CCN(C)CC2)cc1,7.8,6,8.45326511904762,128
CC(=O)c1c(OCCCN2CCN(c3cc(C)cc(C)c3)CC2)ccc2c(C)cc(=O)oc12,7.9,3,7.148825453703703,678
O=S1(=O)c2cccc3cccc(c23)N1CCCCCCN1CCN(c2cccc(Cl)c2Cl)CC1,6.75,10,7.031436787037034,45
O=c1ccc2cnc(OCCCCN3CCN(c4cccc(Cl)c4Cl)CC3)cc2[nH]1,8.539,2,7.8911889087301565,1004
CCc1cc(Cl)c(OC)c(N2CCN(CC[C@H]3CC[C@H](NC(=O)NC)CC3)CC2)c1,6.682,1,7.203484103174609,393
CO[C@H]1CC[C@H](CC(=O)N[C@H]2CC[C@H](CCN3CCN(c4nccc5occc45)CC3)CC2)CC1,8.25,2,8.184434605820108,1005
C[C@H](N)Cn1ccc2ccc3cccnc3c21,6.568,10,7.162542197811445,1006
CC(C)Oc1ccc(CC(=O)N(Cc2ccc(Cl)cc2Cl)C2CCN(C)CC2)cc1,6.5,6,7.965041797619047,128
Cc1ncnc(C)c1-c1cc(NC(=O)CN2CCn3cccc3C2)ccc1OCCN1CCCC1,7.896,9,7.583813354497349,1007
COc1cccc(Nc2nc(N3CCN(c4ccc(F)cc4)CC3)nc3[nH]ncc23)c1,6.46,9,6.715180519841272,1008
CN1CCc2c(sc3ncn(CCN4CCN(c5ccnc6ccccc56)CC4)c(=O)c23)C1,8.92,7,6.846913605820106,1009
O=C(O)C1(O)CCN(C2CCC3(Cc4ccccc4Cc4ccccc43)C2)CC1,7.0,2,6.8832557694805185,737
O=c1oc2ccccc2n1CCCCCCN1CCN(c2nsc3ccccc23)CC1,8.22,6,8.045672003968253,1010
CCN(CCN1CCC(c2noc3ccc(C)cc23)CC1)C(=O)[C@H](C)O,8.26,4,8.154624841269841,32
Oc1cc2c(c(-c3ccc4ccccc4c3)c1O)CCNCC2c1ccccc1,6.43,3,6.513103986772487,1011
Cc1cc2c(ccc3cnn(C[C@H](C)N)c32)o1,9.11,6,7.614838843915351,575
CN(C)C1CC[C@]2(Cc3ccccc3Cc3ccccc32)C1,7.9,6,7.267305211640208,1012
O=C1Cc2cc(CCN3CCC(c4cccc5sccc45)CC3)c(Cl)cc2N1,7.551,7,7.197158388888891,1013
COc1cc(CC(C)NC(=O)OCc2ccccc2)c(OC)cc1CCCC(F)(F)F,7.411,10,7.680429587301585,1014
CN(CCc1cn(C)c2cccc(O)c12)CC1CC1,6.852,1,6.933040645502643,1015
O=C1CN2c3c(cccc3[C@@H]3CN(CCCC(=O)c4ccc(F)cc4)CC[C@@H]32)N1,7.959,10,8.396951232804229,1016
CN(C)[C@@H]1Cc2ccccc2[C@@H](c2cccc(-c3ccc(F)cc3)c2)C1,8.904,2,7.555099667989416,769
Cc1cccc(C)c1C(=O)NN1c2ccc(Cl)cc2N=C(N2CCN(C)CC2)c2ccccc21,8.66,9,7.5065164900793695,33
O=C1CN2c3c(cccc3[C@@H]3CN(CCCc4n[nH]c5cc(F)ccc45)CC[C@@H]32)N1,8.588,5,7.68114990079365,368
Cn1ncc(Cl)c1-c1cc(NC(=O)C2CCC(C(F)(F)F)CC2)ccc1OCCN,9.588,9,8.133487678210676,1017
Clc1ccc(-c2noc3c2CCNCC3)cc1,6.4,1,7.087859945767197,917
CCN(CCN1CCC(c2n[nH]c3cc(F)ccc23)CC1)C(=O)C(C)O,8.888,8,8.574875898148148,1018
COc1ccccc1CCN1CC[C@@H]2[C@H](C1)c1cccc3c1N2CCCN3C,7.095000000000001,7,7.2686263478836,1019
Cc1cccc(C(=O)Nc2ccc(OCCN3CCC3)c(-c3c(C)ncnc3C)c2)c1,8.47,8,8.301806898148152,671
O=C1c2cccc(Cl)c2C(=O)N1CCCCN1CCN(c2cccc3sccc23)CC1,6.55,3,7.37022839622415,374
Cc1ncnc(C)c1-c1cc(NC(=O)C2CCOC2)ccc1OCCN1CCCC1,7.34,6,7.912809230158728,1020
COc1cc(Cl)c(Cl)cc1C1CC1CN,7.228,8,6.826859672799425,70
COCCC(=O)N[C@H]1CC[C@H](CCN2CCC(c3noc4cc(Cl)ccc34)CC2)CC1,7.781,1,7.752221257936502,111
Cc1cc2c(n1C)CCCN(CCN1CCN(c3nsc4ccccc34)CC1)C2=O,9.06,3,9.028796853174608,825
COC[C@H]1CC[C@H](CC(=O)N[C@H]2CC[C@H](CCN3CCC(c4noc5cc(Cl)ccc45)CC3)CC2)CC1,7.72,1,7.952985231481477,238
O=C1Nc2ccccc2C1CCCCN1CCN(c2ccc(Cl)cc2)CC1,7.76,4,7.233306330687833,924
Clc1ccc2c(c1)CCc1cccnc1C2=C1CCNCC1,7.755,5,7.180539379629631,1021
Clc1ccc2[nH]c3c(c2c1)CCNC3c1cncnc1,6.05,10,6.731136160894661,197
Cc1cn2c(n1)C(N1CCN(CC(C)(C)C(=O)O)CC1)=Cc1ccccc1C2,6.9,8,6.941530111111109,201
O=S(=O)(c1cccc2ncccc12)N1CCC[C@H]1CCN1CCN(c2noc3ccccc23)CC1,7.31,4,7.5677076984127005,1022
CC1CN(CCN2CCN(c3noc4ccccc34)CC2)C(=O)c2ccn(C)c21,8.399,3,8.339636682539682,1023
CC1CCCN(CCc2cccc3[nH]cc(S(=O)(=O)c4ccccc4)c23)C1,7.29,9,7.176918514189512,273
O=C1Nc2cccc3c2C1(CCCCN1CC=C(c2ccccc2)CC1)CCC3,7.009,2,7.192532852453097,1024
CC[C@H](O)CC(=O)N[C@H]1CC[C@H](CCN2CCN(c3nccc4c3CCO4)CC2)CC1,7.4495000000000005,10,7.663297273809526,12
Cc1ncoc1C(=O)Nc1ccc(OCCN2CCCC2)c(-c2c(C)noc2C)c1,7.851,1,7.821938509259266,1025
COc1cc2c(c(C(F)(F)F)c1)C(=O)N1CCNC[C@@H]21,6.195,9,6.243126285714291,185
Cn1ncc(Br)c1-c1cc(NC(=O)Nc2ccc(Cl)cc2)ccc1OC(F)(F)F,8.45,9,7.482767375661376,104
CC(C)c1cc2c(cc1NS(=O)(=O)c1ccc(-c3ccc(Cl)cc3)cc1)CCN(C)CC2,8.3,6,7.071402366402112,444
O=C(NCC1CC(F)(F)C1)c1ccc(C#Cc2ccccc2F)cc1,6.523,6,6.7632130992063395,1026
O=S(=O)(c1cccc2ncccc12)N1CCC[C@H]1CCN1CCN(c2nsc3ccccc23)CC1,7.74,9,7.639776355820105,1027
CCSc1cc(OC)c(CC(C)N)nc1OC,7.492,5,6.795080612193364,346
O=C(N[C@H]1CC[C@H](CCN2CCC(c3cccc4c3CCO4)CC2)CC1)C1(O)CCC1,7.91,7,7.894359353174596,1028
CO[C@H]1CC[C@H](CC(=O)N[C@H]2CC[C@H](CCN3CCN(c4nccc5c4CCO5)CC3)CC2)CC1,7.828,7,7.552622475529106,1029
Cc1cc2c(cc1I)N(C(=O)Nc1cccnc1)CC2,7.2,7,6.7122188584656,440
O=c1ccc(OCCCN2CCC(c3noc4cc(F)ccc34)CC2)nn1-c1c(F)cccc1F,9.521,6,7.985954416666669,1030
O=C1c2cncnc2CCN1CCN1CCC(c2noc3ccccc23)CC1,8.12,10,8.329086234126983,706
CC1(C)CC(=O)N(CCCCN2CCN(c3cccc4sccc34)CC2)C(=O)C1,6.87,8,7.49355686904762,1031
O=S(=O)(c1cccc2cccnc12)N(CCCN1CCN(c2cccc(C(F)(F)F)c2)CC1)CC1CCCCC1,7.54,1,7.5247297843915355,50
CNCc1cc(F)ccc1Oc1ccccc1,6.172,5,6.614983693121692,7
CCOc1ccc(-c2cc(Cl)cc3c2N2CCNCCC2C3)cc1,6.74,7,6.5465752261904795,465
O=C1c2oc(C3CC3)nc2CCN1CCN1CCC(c2noc3ccccc23)CC1,8.4,4,8.138604436507938,1032
C[C@@H]1NC(NCC(F)F)=Nc2cccc(Cl)c21,6.309,2,6.418779468253969,1033
Cc1ccc(Oc2cc(Cl)ccc2O[C@H]2CCNC2)cc1,6.8725000000000005,7,7.601507117063496,30
Cc1ccc(C2=CC(NC(C)(C)Cc3ccccc3)=NCCN2)cc1,8.62,10,7.590648555555561,840
CC(Sc1ccccc1Cl)c1nc(N)nc(N2CCN(C)CC2)n1,6.39,7,6.671349510582013,254
COc1ccc(-c2ccccc2)cc1C(=O)CCCCN1CCC2(CC1)NC(=O)NC2=O,9.0,4,7.009093232804227,1034
Cc1cccc(N2CCN(C[C@@H](O)CNC(=O)c3nc(C)n(-c4ccccc4)c3C)CC2)c1C,6.61,3,6.879195710317465,103
CC1(C)Cc2c(c3cccc4c3n2CCNC4)C(C)(C)C1,6.82,1,6.797572797619044,1035
N#Cc1cnn2ccc(OCCCCN3CCN(c4cccc(Cl)c4Cl)CC3)cc12,6.31,8,7.375042742063483,245
CN1CCC[C@@H]1Cc1c[nH]c2ccc(NS(=O)(=O)c3ccccc3Cl)cc12,6.432499999999999,2,6.825225861111111,855
CC(C)COc1ccc(CCOC(=O)N(Cc2ccc(F)cc2)[C@@H]2CCN(C)C[C@@H]2F)cc1,7.8004999999999995,6,7.966882698773443,1036
O=S(=O)(c1ccccc1-c1cccc2cccnc12)N1CCC(CCc2ccc(F)cc2F)CC1,8.68,9,8.305052306878308,1037
Cn1nccc1-c1cc(NC(=O)c2ccc(F)c(F)c2)ccc1OCCN1CCOCC1,8.389,4,8.22958639550264,259
CN1CCN(C2=Cn3cccc3Sc3ccccc32)CC1,8.96,8,7.647190216931219,1038
Cc1ccc(CCN2CCN(c3nsc4ccccc34)CC2)c2c1C(C)CC(=O)N2,9.89,2,9.449322841269835,97
CNCc1cc(OCc2cc(Cl)ccc2F)n(CCC(C)(C)CO)n1,8.23,5,7.917335669312174,357
COc1ccc(CCN2CC[C@H]3[C@@H](C2)c2cccc4c2N3CCN4C)cc1,6.9,2,7.3710253981481495,408
O=C1CC(CN2CCC(C(=O)c3ccc(F)cc3)CC2)Cc2ccccc21,8.513,9,7.131286428571428,593
CCCc1nc(C(=O)NC[C@H](O)CN2CCN(c3cccc(Cl)c3Cl)CC2)cn1-c1ccc(Cl)cc1,6.665,3,7.212557526455031,103
CCN(CC)CCCOc1ccc(NC(=O)Nc2ccc(Cl)cc2)cc1-c1ccnn1C,9.26,9,8.637116455026453,104
CCCCC(=O)Oc1cccc2c1-c1cccc3c1[C@@H](C2)N(CCC)CC3,7.04,9,5.771551425925926,81
COc1cc(CCNCc2cccc3ccsc23)c(OC)cc1Br,8.77,7,8.584562362433863,1039
Cc1noc(C)c1-c1cc(NC(=O)c2ccccc2)ccc1OCCN1C[C@@H]2C[C@H]1CO2,8.194,6,8.060760916907169,1040
Cn1c(=O)c2c(nc3n2CCCCN3CCCN2CCN(c3cccc(Cl)c3)CC2)n(C)c1=O,6.48,6,6.647686376984129,379
c1ccc2oc(SCCCCCCN3CCN(c4nsc5ccccc45)CC3)nc2c1,7.89,5,7.684188527777777,1041
CNC(=O)c1ccc2c3c1CCCN3CCNC2,4.301,4,4.973602051587299,198
COc1c(Cl)ccc2c1C(=O)N1CCNC[C@@H]21,6.075,9,6.539772482804232,185
O=C(CCCN1CCN2c3cccc4scc(c34)CC2C1)c1ccc(F)cc1,6.495,4,7.684257739417991,1042
O=C(N[C@H]1CC[C@H](CCN2CCC(c3cccc4c3CCO4)CC2)CC1)c1ccc(C(F)(F)F)cc1,6.87,4,7.378204256613752,399
Cc1cc2c(cc1C(F)(F)F)N(C(=O)Nc1ccc(COc3ccccn3)nc1)CC2,7.0,3,6.413235047619047,1043
C=C[C@H]1CN2CCc3c([nH]c4cccc(OC)c34)[C@@H]2C[C@@H]1/C(=C\OC)C(=O)OC,6.09,2,6.5092220238095235,1044
COc1ccccc1N1CCN(CCCCCCN2C(=O)c3ccccc3S2(=O)=O)CC1,6.12,2,6.435136642857145,143
CC1CN2CC(C)(C)c3cccc(c32)CN1,4.301,4,6.431132710266584,18
N#Cc1cccc(NC(=O)NCCCN2CCC(Cc3ccc(F)cc3)CC2)c1,6.779,7,7.201305916666667,509
Cc1nc2n(c(=O)c1CCN1CCN(c3cccc4sccc34)CC1)CCC=C2,7.265,1,7.711898547619045,1045
N#Cc1ccc(C(=O)N[C@H]2CC[C@H](CCN3CCN(c4cccc5c4OCO5)CC3)CC2)cc1,7.66,5,7.892794206349208,1046
Fc1ccc(-c2nc(C3CCCC3)nc3c2CNCC3)cc1,8.659,9,7.9154132883597885,1047
CN(C)[C@@H]1Cc2ccccc2[C@H](c2cccc(-c3ccco3)c2)C1,7.346,8,7.6914735712481965,1048
COc1cc(OC)cc(-n2c(C)nc(C(=O)NCCN3CCN(c4cccc(C)c4C)CC3)c2C)c1,7.012,7,7.184210776455025,761
COc1cc(F)c(CN(C(=O)Cc2ccc(OCC(C)C)cc2)C2CCN(C)CC2)c(F)c1,7.5,6,7.624254163059159,128
O=C1c2ncccc2CCN1CCN1CCC(c2noc3cc(F)c(F)cc23)CC1,7.37,3,7.959280906084662,226
COc1cc2c(cc1Cl)CCNCC2C,7.0,3,6.853862052068299,40
O=C1c2cccc3cccc(c23)C(=O)N1CCCCCCN1CCN(c2nsc3ccccc23)CC1,7.278,7,7.43100197883599,1049
CCc1cc(C)c2c(c1)C[C@@H]1CNCCN1C2=O,6.341,10,6.4464482605820095,149
Cc1cccc(N2CCN(CCCNC(=O)c3cc(C(C)(C)C)n(C)c3C)CC2)c1C,6.41,7,6.943490966931216,1050
Cc1c(C(=O)NCCCN2CCN(c3ccc(F)cc3)CC2)cc(-c2ccccc2)n1C,7.66,8,7.539568198653205,13
Cc1ncnc(C)c1-c1cc(NC(=O)Cc2cncs2)ccc1OCCN1CCCC1,8.35,3,7.7605218280423305,705
Clc1ccc2c(c1)N=C(NC1CCN(Cc3ccccc3)CC1)c1cccnc1O2,6.548,5,6.684419031746033,1051
Cc1cccc(N2CCN(CCCC(=O)NCn3nc(CC(N)=O)c4ccccc4c3=O)CC2)c1C,6.591,1,6.455742531746024,154
CO[C@H](C)CC(=O)N[C@H]1CC[C@H](CCN2CCC(c3noc4cc(Cl)ccc34)CC2)CC1,7.8,1,7.969606642857133,111
COc1ccccc1N1CCN(CCOCCOc2cc(C)cc(C)c2C)CC1,6.1,8,6.482469996031747,1052
CN1CCC(=C2c3ccccc3C=Cc3ccccc32)CC1,9.01,3,7.598495415343913,1053
O=C(N[C@H]1CCN(Cc2ccccc2)C1)c1ccc(-c2cccs2)cc1,8.74,10,6.50398858730159,384
O=C(CCCN1CC[C@H]2[C@@H](C1)c1cccc3c1N2CCCS3)c1ccccc1,8.569,2,8.094860594155838,175
O=C1CN2c3c(cccc3[C@@H]3CN(CCCc4noc5cc(F)ccc45)CC[C@@H]32)N1,8.509,2,8.413708857142854,1054
COc1c2n(c3ccc(Cl)cc13)CCNC2,7.055,3,7.014162874338631,39
N#Cc1ccc(CCOC(=O)N2CCN(CCCC(c3ccc(F)cc3)c3ccc(F)cc3)CC2)cc1,6.148,1,6.93335091798942,1055
O=S(=O)(NCCCCN1CCN(c2nsc3ccccc23)CC1)c1cc2ccc(Cl)cc2s1,8.19,9,7.941418664502165,1056
COc1c(OCCOCCOCCOCCOc2ccc(C3CCN(c4ccn5c(CC6CC6)nnc5c4Cl)CC3)cc2)cccc1C(=O)C1CCN(CCc2ccc(F)cc2)CC1,7.008,9,6.562067591269844,1057
Cc1nc(C(C)C)sc1C(=O)Nc1ccc(OC[C@H]2CCCCN2)c(-c2c(C)noc2C)c1,7.775,6,7.7219289699374745,1058
O=S(=O)(c1ccccc1)c1cnc2c(N3CCNCC3)cccc2c1,7.59,10,6.393852369408369,1059
c1cc(N2CCN(CCc3ccc4ncsc4c3)CC2)c2ccsc2c1,7.99,1,7.546754458874461,1060
Cc1noc(C)c1-c1cc(NC(=O)c2ccccc2)ccc1OC1CNC1,8.159,9,7.666301873737372,1061
COc1ccc(S(=O)(=O)N(CCCN2CCN(c3ccccc3OC)CC2)CC2CCCCC2)cc1,7.789,4,6.727126005291003,1062
c1ccc2c(N3CCN(CCCCOc4ccc5c(c4)CNC5)CC3)cccc2c1,8.29,10,8.261780382936509,1063
C1=C(c2c[nH]c3cnccc23)CNCC1,6.82,2,7.009418013227516,1064
CC(=O)c1c(OCCCN2CCN(c3ccc([N+](=O)[O-])cc3)CC2)ccc2c(C)cc(=O)oc12,7.378,3,6.55981522089947,678
Cn1ncc2c1CCCC(CCN1CCC(c3noc4ccccc34)CC1)C2=O,9.12,1,8.542071845238096,1065
CC(C)c1ncc2c(=O)n(CCN3CCN(c4nsc5ccccc45)CC3)ccc2n1,8.22,2,8.61491995039683,1066
O=C(N[C@H]1CC[C@H](CCN2CCC(c3cccc4c3CCO4)CC2)CC1)c1ccc(-n2cccn2)cc1,7.561,9,7.501725271164023,1067
CC1CN(CCN2CCC(c3noc4ccccc34)CC2)C(=O)c2ccn(C)c21,9.06,3,8.60542995899471,1068
CN1C[C@@H](NS(=O)(=O)N(C)C)C[C@@H]2c3cccc4c3c(cn4C)C[C@H]21,7.7,8,6.299282779100527,1069
Cc1ccc(-n2nc(C(C)(C)C)cc2NC(=O)Nc2ccc(Oc3ccnc(Nc4ccc(O)cc4C)n3)c3ccccc23)cc1,7.444,9,6.73994853174603,65
Cc1cc2c(cn1)C(=O)N(CCN1CCC(c3noc4ccccc34)CC1)CC2,9.0,2,8.648854476190479,609
COc1ccccc1N1CCN(CCCCOc2ccn3ncc(C#N)c3c2)CC1,6.96,8,6.514017306878308,245
CCOc1cccc(-c2cc(Cl)cc3c2N2CCNCCC2C3)c1,6.631,7,6.532752158730161,465
CCCCCc1c(OC)cc(CC(C)N)cc1OC,6.733,2,7.148718823953823,188
Fc1ccc(CCN2CCC(CCOCC#Cc3ccccc3)CC2)cc1,7.071,6,7.11749099867725,1070
O=C1c2ccccc2CCCN1CCN1CCC(Oc2ccc(F)cc2)CC1,7.497,6,7.785966439153434,1071
CCOC(=O)c1ccc2on(C[C@@H]3C[C@H]4c5ccccc5Oc5ccc(Br)cc5[C@H]4O3)c2c1,7.01,7,6.69199957010582,1072
C[C@H]1C[C@H](NS(=O)(=O)c2ccc3cc(Cl)ccc3c2)CN1CCCc1noc2cc(F)ccc12,7.888,10,8.510725624338617,860
CC(C)n1ncc2c1CCN(CCN1CCC(c3noc4ccccc34)CC1)C2=O,8.232,6,8.635661980158726,1073
O=C1CCc2ccc(OCCCCN3CCN(c4cccc(C(F)(F)F)c4Cl)CC3)nc2N1,7.92,10,8.604816694953193,429
O=C(NC1CC1)c1ccnc(OCCCCN2CCC(c3noc4cc(F)ccc34)CC2)c1,7.27,2,7.670698801587305,1074
Cn1cc(Br)c(C(=O)N2CCN(CC(O)c3ccc(F)cc3)CC2)n1,6.432,3,7.602878253968249,64
Cc1ncnc(C)c1-c1cc(NC(=O)C2(F)CC2)ccc1OCCN1CCC1,8.583,1,7.916790823412698,433
Oc1ccc(-c2ccc(CNCCc3c[nH]c4ccccc34)o2)cc1,6.758,8,6.815238924603174,474
COc1ccc(N2Cc3c(c4cccc(F)c4n3C)C2=O)cc1OCCN1CCC(C)CC1,6.6,9,6.327435619047619,689
CCn1ncc2c1CCN(CCN1CCN(c3nsc4ccccc34)CC1)C2=O,8.92,10,8.748911850769604,811
O=C1CCc2cc(OCCCCCCN3CCN(c4nsc5ccccc45)CC3)ccc2N1,7.7,1,7.6103144933862445,1075
Cc1ccc2c(c1)c1c(n2CCc2ccc(C)nc2)CCN(C)C1,6.675,10,7.2880602539682515,1076
CC(C)(C)Oc1ccc(C(=O)N[C@H]2CC[C@H](CCN3CCC(c4coc5ccccc45)CC3)CC2)cc1,8.26,9,8.061358499999988,55
CCCN1CCN(c2ccc(O)c3c2OCC(=O)N3)CC1,4.699,7,5.475465968253969,568
O=C(C[C@H]1CC[C@H](O)CC1)N[C@H]1CC[C@H](CCN2CCN(c3nccc4occc34)CC2)CC1,8.06,2,8.194504619047617,1005
COc1ccc(CCN(CCCc2ccccc2Cl)CCc2ccc3c(c2)OCO3)cc1OC,7.37,10,6.959014072751317,47
c1ccc(CCNCC2c3ccccc3Cc3ccccc32)cc1,6.4,9,7.122583083994708,1077
COc1ccc(N2CC=C(c3cccc(C(F)(F)F)c3)C2=O)cc1OCCN1CCCCC1,6.1,1,6.403836566137574,759
CCN(CC)C(=O)N[C@H]1C[C@@H]2c3cccc4[nH]cc(c34)C[C@H]2N(C)C1,8.32,8,6.915264035714284,1069
O=C(N[C@H]1CC[C@H](CCN2CCN(c3cccc4c3OCO4)CC2)CC1)c1ccnc2ccccc12,7.86,8,7.810552551587304,1078
Cc1ncnc(C)c1-c1cc(NC(=O)c2cc(F)ccn2)ccc1OCCN1CCCC1,7.582,6,7.808387898809525,1079
CCCCCCOc1nsnc1C1=CCCN(C)C1,6.9,6,6.417598857142856,1080
CC(C)CNc1ccc(CNC(=O)N(Cc2ccc(F)cn2)[C@H]2CCNC[C@H]2F)cc1,9.071,7,7.5205215859788375,223
CCn1c(-c2ccc(Cl)cc2)cc(C(=O)NCCCN2CCN(c3cccc(Cl)c3Cl)CC2)c1C,6.82,8,6.899794955026456,13
O=C1c2ccc(F)cc2C(=O)N1CCCCN1CCN(c2cccc3sccc23)CC1,6.593,3,7.117623674603173,374
C#CC(C)(C)c1cc(NC(=O)Nc2ccc(Oc3ccnc(Nc4cc(C)c5[nH]ncc5c4)n3)c3ccccc23)n(-c2ccc(C)cc2)n1,6.42,5,6.860918609788359,300
CC(C)c1ccccc1OCCN1CCC(N(CC2CC2)S(=O)(=O)c2cnn(C)c2)CC1,6.421,5,6.84543029232804,1081
COc1ccc(NC(=O)Nc2ccc(Br)cc2)cc1-c1c(Br)cnn1C,9.45,9,7.659078962962961,104
O=C(N[C@H]1CC[C@H](CCN2CCC(c3coc4ccccc34)CC2)CC1)c1ccc(C2CC2)cc1,8.67,4,8.144703810846565,1082
COc1ccc(Cc2c(N)nc(SCCN3CCN(Cc4ccccc4Cl)CC3)nc2N)cc1,8.242,5,7.022415996031748,467
O=CNc1cc(F)ccc1C(=O)CCCN1CC[C@H]2[C@@H](C1)c1cccc3c1N2CCCS3,7.048,2,7.913594953703701,175
O=C1[C@@H]2[C@H](C(=O)N1CCCCN1CCN(c3cccc4scnc34)CC1)[C@H]1C=C[C@@H]2C1,6.02,3,6.840961194444449,1083
CC(C)n1cc2c(n1)CCN(CCN1CCN(c3nsc4ccccc34)CC1)C2=O,8.95,10,8.814638675925927,765
Cc1ncnc(C)c1-c1cc(NC(=O)C2CC2)ccc1OCCN1CCOCC1,8.28,10,7.6978181097883605,454
Nc1ccc(C(=O)CCCN2CCN(c3ccccn3)CC2)cc1,6.767,4,6.4489583227513245,668
CCN(CCN1CCC(c2c[nH]c3cc(F)ccc23)CC1)C(=O)[C@H](C)O,9.301,6,8.278620755291005,383
OC(CCc1ccccc1)CN1CCC2(CCc3cc(F)ccc3O2)CC1,7.51,2,7.580650496933621,1084
OC1(c2ccc(Cl)cc2)CCN(CCCOc2ccc(F)cc2)CC1,7.085,7,7.057703877645506,1085
CCCC(C)Oc1cc2c3c(c1OC)-c1cc(OC)c(OC)cc1C[C@@H]3N(C)CC2,6.611,9,6.462866825396824,81
CCC(C)C(=O)N[C@H]1CC[C@H](CCN2CCN(c3nccc4c3CCO4)CC2)CC1,7.88,10,7.822967822751319,12
O=C1COc2c(F)cc(CCCCN3CCN(c4cccc5sccc45)CC3)cc2N1,6.02,8,7.057367722222225,1086
N#Cc1ccc(C(=O)CCCN2CCc3ccccc3C2)cc1,7.64,1,6.476327731962482,871
O=C1NCc2ccc(OCCCCN3CCN(c4cccc5cccc(F)c45)CC3)c(Cl)c21,8.948,4,7.904906053391058,190
Fc1ccc2c([C@@H]3CNCC[C@H]3F)c(C3CCCCC3)[nH]c2c1,9.600999999999999,9,8.491834350529103,1087
Cn1ncc(Cl)c1-c1cc(NC(=O)c2cc(Br)cs2)ccc1OCCN,8.92,8,8.638344075396827,1088
COc1cc2c(cc1C(F)(F)F)N(C(=O)Nc1cncc(-c3ccc(F)cc3)c1)CC2,6.6,7,6.998932994708993,1089
O=C(Nc1cccnc1)N1CCc2cc(I)c(Cl)cc21,7.0,7,6.3892971944444374,440
COc1cc([N+](=O)[O-])c(OC)cc1CC(C)N,8.26,2,6.824122566137565,188
CC(=O)N[C@H]1CC[C@H](CCN2CCC(c3cccc4occc34)CC2)CC1,8.169,2,8.178339722222217,221
Cc1cccc2c1C(=O)N[C@H]1CNC[C@H]21,7.075,7,5.381881603174601,34
O=C1CCc2ccc(OCCCCN3CCCN(c4cccc(Cl)c4Cl)CC3)nc2N1,8.13,6,8.969951042328047,1090
CCCc1cc(OC)c(CC(N)CC)cc1OC,7.232,2,6.980535559223188,188
CC(N)Cn1ccc2c(F)cccc21,6.8,1,6.887329051587304,89
Clc1ccc2c(c1)N=C(NCCN1CCCCC1)c1cccnc1O2,6.001,5,7.004952110195363,1091
CN(C)CCN1C(=O)c2ccccc2N(C)C(=O)c2ccccc21,4.0,4,5.7753168571428555,1092
O=C(c1ccc(F)cc1)C1CCN(CCc2ccccc2I)CC1,8.71,2,7.5773037764550315,88
O=C1c2cccnc2CCN1CCN1CCN(c2noc3ccccc23)CC1,7.92,3,8.024843809523812,1093
CN1CCCC(c2c(-c3ccccc3)[nH]c3ccccc23)C1,8.33,4,7.587938678571431,304
COc1ccc2c(n1)C(=O)N(CCN1CCC(c3noc4ccccc34)CC1)CC2,7.839,3,8.316081123015879,226
COc1ccc(CSC(=O)N(Cc2ccc(F)cc2F)C2CCN(C)CC2)cc1,7.6,2,8.223416211640215,1094
CC1CC(=O)Nc2c(CCN3CCN(c4n[s+]([O-])c5ccccc45)CC3)cc(F)cc21,8.651,1,7.577635935185183,1095
COc1cc(C2CCCNC2)c(OC)cc1C#N,6.115,7,6.44840083393458,113
COc1ccc(NC(=O)c2ccc(-c3ccc(-c4noc(C)n4)cc3C)cc2)cc1OCCN(C)C,7.375,1,7.155700559523807,194
CN(C)CCc1c[nH]c2sccc12,6.972,10,6.701803925925923,1096
O=C(c1cn2ccccc2n1)N1CCN(CCc2ccc(F)cc2F)CC1,8.37,6,8.619841539682538,446
CNCc1ccc(F)cc1Oc1ccc(Cl)c(Cl)c1,6.188,5,6.813920738095236,7
COc1ccc(N2CC=C(c3cccc(Cl)c3)C2=O)cc1OCCN1CCCCC1,6.2,1,6.427298133597886,759
COCC(=O)N[C@H]1CC[C@H](CCN2CCN(c3cccc4sccc34)CC2)CC1,9.018,8,8.167465479437224,819
COCCC(=O)N[C@H]1CC[C@H](CCN2CCN(c3nccc4occc34)CC2)CC1,8.09,9,8.145366338624347,83
CCCN(CCCCNC(=O)/C=C/c1ccc(F)cc1)C1Cc2ccccc2C1,7.05,9,6.525091611111114,1097
O=C1Cc2cc(CCN3CCC(c4cccc5sccc45)CC3)ccc2N1,7.94,7,7.261466636243388,1013
CCNC(=O)Nc1cc(F)ccc1C(=O)CCCN1CC[C@H]2[C@@H](C1)c1cccc3c1N2CCCS3,7.96,2,7.801589755291,175
CC(C(=O)N1c2ccccc2Sc2ccccc21)c1ccccc1,6.75,8,6.071036075396824,1098
CC(=O)c1cccc(NC(=O)NCCCN2CCC(Cc3ccc(F)cc3)CC2)c1,6.712,7,6.8674390624098125,509
N#Cc1ccc2[nH]cc(CCCN3CCN(c4cccc5sccc45)CC3)c2c1,6.09,4,6.88360353902116,344
COc1ccc2[nH]cc(CCN)c2c1,8.319,1,6.656498597883593,89
CN(CCc1c[nH]c2ccccc12)Cc1ccc(-c2ccccc2)o1,6.7,8,6.579797502645502,474
O=C1NCc2ccc(OCCCCN3CCN(c4cccc5c4COCC5)CC3)cc21,8.26,7,7.539466751322751,1099
O=C(NCCC(O)CN1CCN(c2cccc(Cl)c2Cl)CC1)c1ccc(-c2ccccn2)cc1,7.37,5,7.118612025132273,285
CN(C)CC1CC2c3ccccc3Cc3ccc(Cl)cc3N2O1,8.458,8,7.521577045634923,303
Cc1cnc(N2CCN(CC[C@H]3CC[C@H](NC(=O)CC4CCOCC4)CC3)CC2)c2ccoc12,7.93,2,7.97283434259259,1100
O=C(N[C@H]1CC[C@H](CCN2CCN(c3nccc4c3CCO4)CC2)CC1)c1ccc(N2CCS(=O)(=O)CC2)cc1,7.78,5,7.904813269841268,1101
O=C(NCCCCN1CCN(c2cccc(F)c2)CC1)c1n[nH]c2ccccc12,6.612,9,7.055748706349204,105
O=C1CSc2ccc(CCN3CCN(c4cccc5sccc45)CC3)cc2N1,7.281,4,7.383476529100532,1102
Cc1cc2c(cc1C(F)(F)F)N(C(=O)Nc1ccc(OCc3ncccc3C)nc1)CC2,6.8,4,6.761864796296296,1103
CC(=O)c1c(OCCCCN2CCN(c3ccc([N+](=O)[O-])cc3)CC2)ccc2c(C)cc(=O)oc12,6.81,10,7.170688048941798,86
Cc1nc2sccn2c(=O)c1CCN1CCC(=C(c2ccc(F)cc2)c2ccc(F)cc2)CC1,9.09,2,7.331919394179895,1104
COc1ccccc1N1CCN(CCCCC(=O)NCc2ccccc2-c2ccccc2Cl)CC1,6.32,1,6.8577082910052924,1105
Cn1ncc2c1CCCN(CCN1CCC(c3noc4ccccc34)CC1)C2=O,9.03,3,8.619812060846558,1106
CCCN(CC)CCc1c[nH]c2cc(Cl)c(F)cc12,6.04,1,6.842854785714285,89
O=C1NCN(c2ccccc2)C12CCN(CC1COc3ccccc3O1)CC2,6.15,9,6.506657726190471,1107
CC(C)(O)C(=O)N[C@H]1CC[C@H](CCN2CCN(c3cccc4c3OCO4)CC2)CC1,8.239,5,8.0268250568783,5
Cc1nc(C(=O)NCCCN2CCN(c3cccc(C)c3C)CC2)cc(C(C)(C)C)n1,6.34,9,6.894212371693123,31
CCNC(=O)c1cccc(OCCCCN2CCN(c3cccc(Cl)c3Cl)CC2)c1,6.172,2,7.162618927248683,471
Fc1ccc2cccc(N3CCN(CCCOc4ccc5c(c4)CNC5)CC3)c2c1,9.14,4,8.464011492063495,674
CC(C)COc1ccc(CNC(=O)N(Cc2ncc(F)cc2O)C2CCN(C)CC2)cc1,7.26,7,7.983284403439158,223
CCN(C)CCc1cccc2cccc(O)c12,7.39,5,6.767718958994709,669
O=C(N[C@H]1CC[C@H](CCN2CCN(c3nccc4c3CCO4)CC2)CC1)c1ccc(C(F)(F)F)cc1,7.73,9,7.7116056653439164,815
Cc1ccc2sc(S(=O)(=O)N[C@@H]3CCN(CCCc4noc5ccccc45)C3)cc2c1,9.054,3,8.250179538359797,833
CCCNCC(O)COc1ccccc1C(=O)CCc1ccccc1,6.455,8,6.945279202380952,1108
CCc1cc2c(ccc3c(OC)nn(C[C@H](C)N)c32)o1,7.42,6,7.077576750000001,575
CC(=O)c1c(C)cc2oc(=O)cc(C)c2c1OCCCCN1CCN(c2ccc([N+](=O)[O-])cc2)CC1,7.34,4,6.799739412698416,1109
C=CCN(CC=C)CCc1c[nH]c2ccc(Br)cc12,6.32,1,7.01848668055556,89
CC(C)(NC1=NCCNC(c2ccc(F)cc2F)=C1)C1CCC1,8.85,6,8.111975656084656,1110
O=C(NC1CCC(CCN2CCC(c3coc4ccccc34)CC2)CC1)c1ccc2ncccc2c1,7.959,5,8.012867736772483,1111
CC1(O)CC(CNC(=O)c2ccc(C#Cc3ccccc3F)cc2)C1,6.523,6,6.399219492063486,1026
COC1CN(CCOc2ccc(NC(=O)Nc3ccc(Cl)cc3)cc2-c2ccnn2C)C1,9.002,3,9.14623703571428,1112
CC1CC2(C)CC(=O)C1C1C(=O)N(OCCCN3CCN(c4ccccc4)CC3)C(=O)C12,6.52,9,6.360111943121692,293
COc1ccc2c(c1)C(=O)N1CCNC[C@H]1C2,7.2,10,5.804257538359788,149
Cc1nc(C(=O)NCCCN2CCN(c3cccc(Cl)c3Cl)CC2)c(C)n1-c1ccccc1,7.73,3,7.549944425925922,103
Cc1ccc2c(n1)C(=O)N(CCN1CCN(c3noc4ccccc34)CC1)CC2,7.07,9,8.081827356782112,869
c1ccc(-c2c3c(nn2C2CC2)CCNCC3)cc1,7.521,5,7.360041962962967,1113
COc1cccc(NC(=O)NCCCN2CCC(Cc3ccc(F)cc3)CC2)c1,6.65,7,7.133213234126983,509
Cn1nccc1-c1cc(NC(=O)Nc2ccc(F)cc2)ccc1OCCN1CCCCC1,9.078,9,8.741012559523808,93
CCN(CCN1CCC(c2noc3cc(F)ccc23)CC1)C(=O)CO,8.77,4,8.506441719576715,32
COc1ccccc1N1CCN(CCCc2cn(-c3ccn4nccc4c3)nn2)CC1,7.08,7,6.632050960317462,366
CCCN1CCc2cc3ccccc3n2CC1,7.251,10,6.536339956349213,538
CCCCCc1cc(OC)c(CCN)cc1OC,8.149,2,7.349498522486771,188
CC1CC(=O)c2c(N3CCN(C)CC3)cccc2N1S(=O)(=O)c1ccc2ccccc2c1,7.32,5,6.898609042328039,1114
O=S(=O)(NCCCCN1CCN(c2noc3ccccc23)CC1)c1cc2ccccc2s1,6.72,8,7.576998658730167,902
CCC1NCCc2c1[nH]c1ccc(O)cc21,6.71,8,6.782742247354501,640
Cc1cc(C(=O)N2CCN(CC(=O)c3ccc(F)cc3)CC2)nn1C(C)(C)C,8.031,6,7.575242625661383,163
CCCn1c(-c2ccccc2)cc(C(=O)NCCCN2CCN(c3cccc(Cl)c3)CC2)c1C,6.719,8,6.886850601851849,13
C[C@H](N)Cn1ncc2ccc3sccc3c21,8.17,1,8.042293228835984,1115
CN1CCc2ccc(NS(=O)(=O)c3ccc(-c4ccc(F)c(Cl)c4)cc3)cc2CC1,7.3,6,7.452178191798936,444
COCc1ccnc2c1CC[C@@H]1CNCCN21,6.992,5,6.039379140211637,443
COc1cccc(N2CCN(CCCCNC(=O)c3ccccc3)CC2)n1,6.959,5,7.450330979918226,983
CCN(CCN1CCC(c2c[nH]c3cc(F)ccc23)CC1)C(=O)CCO,9.22,6,8.281386818783064,383
Cc1ccc2sc(S(=O)(=O)N[C@H]3CC[C@H](CCN4CCN(c5nsc6ccccc56)CC4)CC3)cc2c1,8.998,4,8.498466103174598,173
O=C(CC(F)(F)F)N[C@H]1CC[C@H](CCN2CCN(c3nccc4c3CCO4)CC2)CC1,7.96,10,7.808212904761904,12
COc1cc(CCN)cc(OC)c1SC(F)(F)F,7.365,2,6.769928938492056,188
O=C(CCCN1CCc2ccccc2C1)c1ccccc1,8.41,1,6.596893847041851,871
CCOC(=O)Nc1cc(F)ccc1C(=O)CCCN1CC[C@H]2[C@@H](C1)c1cccc3c1N2CCCS3,7.291,2,7.684106822751323,175
COc1cc2c(cc1C(F)(F)F)N(C(=O)Nc1cccc(-c3cccnc3)c1Cl)CC2,6.6,7,6.365062587301583,317
CC(C)Oc1ccc(COC(=O)N(Cc2ccc(F)cc2)[C@@H]2CCNC[C@@H]2F)cc1,10.0,7,7.810218945105812,76
CCSc1cc2c(cc1F)CCN2C[C@H](C)N,6.99,1,6.860933555555554,865
COc1cccc(OC2CN(c3c4c(nc5ccnn35)CCNCC4)C2)c1,7.399,5,6.636815341269844,1116
COc1cccc(N2CCN(CCCCNC(=O)c3ccc4ccccc4n3)CC2)c1,7.16,7,7.073395306878301,1117
CCN(CC)CCOC(=O)[C@@H](Cc1cccc2ccccc12)C[C@H]1CCCO1,6.685,8,7.214796432539683,1118
Cc1nc2n(c(=O)c1CCN1CCC(c3noc4cc(F)ccc34)CC1)CCCC2F,7.6,5,8.555549473544978,286
N#Cc1ccc(C(=O)N[C@H]2CC[C@H](CCN3CCN(c4nsc5ccccc45)CC3)CC2)o1,8.989,7,8.997756669312164,2
CC(C)COc1ccc(CNC(=O)N(Cc2ncc(F)cn2)C2CCN(C)CC2)cc1,7.988,10,7.783269755291013,1119
Cc1c(Cl)cccc1N1CCN(CC(O)CNC(=O)c2nc(C)n(C3CCCC3)c2C)CC1,7.01,3,7.014136242063496,503
Cc1ncsc1CCN1CCN(c2cccc3sccc23)CC1,7.303,6,7.2411557020202055,1120
Cc1cccc(N2CCN(CCCNC(=O)c3nc(C)n(-c4ccc(F)cc4)c3C)CC2)c1C,6.93,3,7.436638562169316,103
Cc1ncnc(C)c1-c1cc(NC(=O)c2c(F)cnn2C)ccc1OCCN1CCC1,8.303,1,8.140120518638769,380
O=C1c2ccc(F)cc2CC1CCN1CCCN(c2ccccn2)CC1,7.23,10,7.104303757936507,965
Fc1ccc2c(C3CCN(CCCOc4ccc(CN5CCOCC5)c(F)c4)CC3)noc2c1,8.282,9,7.978342243386243,224
Cn1nccc1-c1cc(NC(=O)Nc2ccc(Cl)cc2)ccc1OCCN1CCCCC1,9.39,9,9.136753312169306,93
O=S(=O)(c1ccc(C(F)(F)F)cc1)N(CCCN1CCN(c2ccccc2)CC1)CC1CC1,7.15,7,7.370780591269839,963
CNCc1cc(OCc2cc(Cl)ccc2F)n(C(C)C2CCCCC2)n1,8.852,6,8.41508221662596,94
COc1ccc(S(=O)(=O)N(CCCN2CCN(c3ccccc3)CC2)CC2CC2)cc1,6.87,7,7.059638595238092,963
CN1CCN(C2=Cc3ccccc3Cn3cccc32)CC1,8.269,5,6.868230857142859,1121
Cc1cc(C(=O)N2CCN(CC(=O)c3ccc(F)cc3)CC2)nn1-c1ccccc1,7.959,4,7.946712982804235,1122
Fc1ccc(Nc2nc(N3CCN(c4ccccc4)CC3)nc3[nH]ncc23)cc1,7.57,9,6.708762714285717,1008
CCN(CC)C(=O)[C@@H]1C=C2c3cccc4[nH]cc(c34)C[C@H]2N(Cc2cccc(OC)c2)C1,8.467,1,7.666233601851847,144
COc1cc(C(F)(F)F)c(OC)cc1[C@@H]1CCCN(C)C1,6.41,7,6.835568641534395,113
Cc1cccc(CN(Cc2ccc(OCC(C)C)cc2)C2=NOC3(CCN(C)CC3)N2)n1,7.26,3,7.139722119047618,1123
NC[C@H]1C[C@]1(F)c1cccc(Cl)c1,7.639,8,6.588905132275138,70
CCCN(C)CCc1c[nH]c2ccc(F)cc12,6.719,1,6.6711471587301565,89
O=C(NC1CCNCC1)c1ccn(S(=O)(=O)c2cccc(Cl)c2)c1-c1cccc(F)c1,4.97,2,6.62425670634921,1124
O=C1c2ncccc2CCN1CCN1CCN(c2noc3ccccc23)CC1,7.833,9,8.023901162698415,869
COc1ccc(N2Cc3c(c4ccccc4n3C)C2=O)cc1OCCN1CCCCC1,6.3,9,6.267538613756617,689
Cc1ncnc(C)c1-c1cc(NC(=O)c2ccc(C#N)cc2)ccc1OCCN1CCC1,7.863,8,8.124137498677246,671
COc1c(OCCOCCOCCOCCOCCOCCOCCOCCOc2ccc(C3CCN(c4ccn5c(CC6CC6)nnc5c4Cl)CC3)cc2)cccc1C(=O)C1CCN(CCc2ccc(F)cc2)CC1,6.797,1,6.667450938552192,1125
COc1ccc2c(c1)c(CN1CCN(C)CC1)cn2S(=O)(=O)c1ccc(C(C)C)cc1,6.264,5,6.799563735449733,797
Cc1ccc(N2CCN(CCCCc3ccc(F)cc3)CC2)nc1,6.86,1,7.097869662698417,852
C=C(F)COc1ccc2occc2c1[C@H]1C[C@@H]1CN,6.45,8,6.874982428571431,1126
O=C(N[C@H]1CC[C@H](CCN2CCN3c4cccc5scc(c45)CC3C2)CC1)N1CCCCC1,6.347,9,6.977237355820101,1127
Fc1cccc2c([C@@H]3CNCC[C@H]3F)c(-c3ccccc3)[nH]c12,9.34,4,8.022563308201056,304
Clc1ccc(-c2ccc(CCCNc3ccc(CN4CCCCC4)cc3)cc2)cc1,6.17,1,6.885961207671954,1128
COc1ccc2[nH]cc(CCNCCCCc3ccccc3)c2c1,7.775,7,7.054379061267435,1129
COc1ccccc1N1CCN(CCCCNC(=O)c2cc3ccccc3s2)CC1,6.92,6,6.7188067235449775,425
CCCCC/C=C\C/C=C\CCCCCCCC(=O)Oc1cccc2[nH]cc(CCN(C)C)c12,6.289,1,7.043338373015872,89
Cc1ccccc1C(=O)Nc1ccc(OCCN2CCCC2)c(-c2c(C)ncnc2C)c1,7.686,10,8.021484041005294,492
O=C1CCc2cccc(CCN3CCN(c4nsc5ccccc45)CC3)c2N1,9.551,2,9.471221591269833,97
CC(C)COc1ccc(CN(Cc2ccc(F)cn2)C(=O)N[C@@H]2CCNC[C@@H]2F)cc1,7.26,8,8.211107929052424,1130
O=c1ccc(-c2ccc(S(=O)(=O)Nc3cccc4c3CCCC4)s2)n[nH]1,4.57,5,6.458516351851856,1131
CNCc1cc(OCc2ccc(F)cc2Cl)n(CC2CCCCC2)n1,9.282,6,8.22147867063492,94
O=S(=O)(N[C@H]1CCN(CCCc2noc3ccccc23)C1)c1ccc(F)c(Cl)c1,8.2345,5,8.529775048941794,159
CNCc1ccc(Cl)cc1Oc1ccc(Cl)c(Cl)c1,7.05,5,6.735678051587301,7
CC(C)(C)c1ccc2c(c1Cl)CCN2C(=O)Nc1cccnc1,6.2,7,6.972703527777781,440
O=C1c2cnc(OC3COC3)cc2CCN1CCN1CCN(c2nsc3ccccc23)CC1,8.721,4,8.74993986365487,1132
Cc1cc2occc2c(N2CCN(CC[C@H]3CC[C@H](NC(=O)CC4CCOCC4)CC3)CC2)n1,7.12,2,7.4450832942612895,1100
O=C1NCc2cc(F)c(OCCCCN3CCN(c4cccc5cc(F)ccc45)CC3)cc21,7.86,4,7.561729873015878,190
COc1ccc(N2CC=C(c3ccc(Cl)c(Cl)c3)C2=O)cc1OCCN1CCC(C)CC1,6.1,1,6.498108595238099,759
Cc1ccccc1-c1cccc2c1N1CCNCCC1C2,6.831,7,6.37355853174603,465
CCCOc1ccc(CNC(=O)N(Cc2ccn(C)c2)[C@H]2CCNC[C@H]2F)cc1,9.323,5,7.677476444444446,170
CCc1cc(Cl)c(OC)c(N2CCN(CCCCNC(=O)c3cc4ccccc4[nH]3)CC2)c1,7.221,6,7.136533255291004,539
CC1CN2CCNCc3ccc(C(=O)NCC(F)F)c1c32,4.301,4,5.676621872174119,18
Cc1cccc(N2CCN(CCCC(=O)NCn3nc(CC(N)=O)c4ccc(F)cc4c3=O)CC2)c1C,6.8,1,6.541544190476189,154
O=S(=O)(NCCCCN1CCN(c2noc3ccccc23)CC1)c1cnc2ccccn12,7.89,3,7.312252978835982,1133
CNCc1cc(OCc2cc(F)ccc2F)n(CC2CC3CCC2C3)n1,9.12,6,8.328540533068782,680
O=C1c2cc(C(F)(F)F)ccc2C[C@@H]2CNCCN12,6.972,10,6.76773460449736,149
O=C(c1nc2ccccn2c1Br)N1CCN(CCc2ccc(F)cc2F)CC1,8.72,6,8.695998447089947,446
C[C@H]1CN(CC[C@H]2CC[C@H](NC(=O)c3ccco3)CC2)CCc2ccc(Cl)cc21,7.112,2,7.972433878968259,1134
CNC(=O)c1cc(OCCCCN2CCC(c3noc4cc(F)ccc34)CC2)ccc1F,7.82,7,7.519122006613753,625
CCCCCOc1ccc2c(c1)Cc1ccccc1C2CN,7.64,1,7.118885317460315,152
O=C(N[C@H]1CC[C@H](CCN2CCC(c3noc4ccc(F)cc34)CC2)CC1)c1ccc(N2CCS(=O)(=O)CC2)cc1,7.91,4,7.804990465608463,1135
Oc1noc2c1CCNCC2,3.0,4,4.010909730158731,336
[C][C][C]c1c([C]Oc2ccc([C]=NN=C([N])[N])c(O[C])c2)ccc(C(=O)[C][C])c1[O],6.606,5,6.234999353174603,1136
CCCC(=O)N[C@H]1CC[C@H](CCN2CCN(c3nsc4ccccc34)CC2)CC1,9.06,5,9.087746797017795,321
CC(=O)c1cccc(NC(=O)Nc2ccc(OCCN3CCCCC3)c(-c3ccnn3C)c2)c1,7.842,9,8.49586855820106,93
CN1CCC(N(Cc2ccc(F)cn2)C(=O)NCc2ccc(OCC(C)(C)F)cc2)CC1,8.27,7,8.124799323713324,223
CC(NC(=O)c1ccc(C#Cc2ccccc2F)cc1)C1CCOCC1,6.523,1,6.787314990079363,581
CC(C)n1nc(C(=O)NCC2CCN(CCc3ccccc3)CC2)c2ccccc21,7.5,9,7.032086417628663,684
O=C1c2ncccc2CCN1CCN1CCC(c2noc3cccc(F)c23)CC1,6.761,3,8.030237473544977,226
COc1cccc2[nH]cc(C3=CCCN(C)C3)c12,7.22,8,6.777826277777775,553
CN1CCN2c3c(cccc31)[C@@H]1CN(CCCC(=O)c3ccccc3)CC[C@@H]12,8.238,1,7.826712386243383,167
CC(C)c1cc2c(ccc3cnn(C[C@H](C)N)c32)o1,7.06,6,7.462001091269848,575
CN1CCN(c2nc(N)nc(C(C)(C)Oc3ccccc3Cl)n2)CC1,6.241,8,6.448526226190481,342
Cn1ccc2c1CCN(CCN1CCC(c3noc4ccccc34)CC1)C2=O,8.959,3,8.400134092592593,1068
COc1ccc(Nc2nc(N3CCN(c4ccc(F)cc4)CC3)nc3[nH]ncc23)cc1,6.16,9,6.706298153439158,1008
CC(=O)Nc1ccc(OCCCN2CCN(c3cccc(C(F)(F)F)c3)CC2)cc1,6.35,9,6.697794845238096,288
Cc1noc(C)c1-c1cc(NC(=O)c2ccncc2)ccc1OCCN1CCCC1,6.924,9,8.00572293650794,1137
Cn1nccc1-c1cc(NC(=O)Nc2cccc(Cl)c2)ccc1OCCN1CCCCC1,9.48,9,8.907507058201057,93
Cc1cccc(S(=O)(=O)NCCN2CCC(c3noc4cc(F)ccc34)CC2)c1,8.458,8,8.610335636243384,1138
CC(C)NC(=O)N(C1CCCCCCC1)C1CCN(CCCOc2ccc(F)cc2)CC1,7.1,6,7.5922059523809535,1139
Cc1ccc(Cl)c([C@H]2C[C@@H]2CN)c1F,6.481,8,6.646797825396831,70
CN(C)c1ccc2c(c1)-c1cccc3c1C(C2)N(C)CC3,6.249,9,6.760082340548338,81
CCN(CCN1CCC(c2noc3cc(F)ccc23)CC1)C(=O)C(C)(C)O,9.098,4,8.88167652645503,32
COc1cc(SCCCCCF)c(OC)cc1CCN,8.672,2,7.20354759060847,188
CCC(Oc1cccc(Cl)c1F)c1nc(N)nc(N2CCN(C)CC2)n1,6.68,8,6.844887359788364,342
O=S(=O)(NCCCN1CCN(c2nsc3ccccc23)CC1)c1cccs1,8.04,6,8.3506777579365,1140
Cc1cc2c(cc1C(F)(F)F)N(C(=O)Nc1ccc(OCc3ccccn3)nc1)CC2,6.2,4,6.818564164021161,1103
CCSc1cc(OC)c(CC(N)CC)cc1OC,7.223,2,6.777141248015877,188
CSc1ccc2c(c1)N(CCC1CCCCN1C)c1ccccc1S2,8.36,5,7.409525696608943,1141
OC(c1ccc(F)cc1)C1CCN(CCc2ccc(F)cc2)CC1,8.789,6,7.23524743927369,11
COc1ccc(-n2c(C)nc(C(=O)NCCCN3CCN(c4cccc(Cl)c4Cl)CC3)c2C)cc1,7.7,3,7.49864514550265,103
Cc1nc2n(c(=O)c1CCN1CCN(c3cccc4c3OC(F)(F)O4)CC1)CCCC2,6.48,7,6.735811865079365,1142
CC1CC2(C)CC(=O)C1C1C(=O)N(CCCCN3CCN(c4ccccc4)CC3)C(=O)C12,6.74,5,6.653686343915347,547
CCc1c(C)[nH]c2c1C(=O)C(CN1CCOCC1)CC2,6.495,3,5.753115662698411,1143
O=C1N(c2ccc(OCCN3CCCCC3)nc2)CCN1c1ccc(Cl)c(Cl)c1,6.0,2,6.840920247354497,1144
Cc1cc2c(c(C(F)(F)F)c1)C(=O)N1CCNC[C@@H]21,6.515,9,6.284702070105823,185
CC(C)(O)CC(=O)N[C@H]1CC[C@H](CCN2CCN(c3nccc4c3CCO4)CC2)CC1,7.6,10,7.778127107142854,12
Clc1ccc(N2CCN(CCCc3nc4ccccc4s3)CC2)cc1,7.442,1,6.873249097883599,1145
Cc1c2n(c3ccccc13)CCNCC2,7.92,10,6.925434185906688,538
CN1CCN(c2nc3c(c(Nc4ccc(F)cc4)n2)CCNCC3)CC1,6.745,10,7.354428783068785,1146
O=C(N[C@H]1CC[C@H](CCN2CCC(c3cccc4c3CCO4)CC2)CC1)C(F)(F)F,7.259,6,7.477686755952377,222
COc1ccc(F)cc1C1CC1CNCc1sccc1OC,6.83,10,6.608617683862435,1147
Cc1cnc(N2CCN(CC[C@H]3CC[C@H](NC(=O)C4CCOCC4)CC3)CC2)c2c1OCC2,7.708,5,7.650349038359787,991
c1cc2c3c(c1)c1c(n3CCO2)CCNCC1,8.389,8,6.8638509332611815,1148
CC(C)n1nc2c(c1-c1ccc(C(F)(F)F)cc1)CCNCC2,8.699,2,7.372132305555562,68
CN(C)CCSc1nc2ccccc2s1,6.0,7,6.4194434219576735,1149
Clc1ccc2c(c1)N=C(N1CCN(CCc3ccccc3)CC1)c1cccnc1O2,6.747,6,7.312656226190476,1150
Cn1ncc(Br)c1-c1cc(NC(=O)Nc2ccc(Cl)cc2)ccc1OCc1ccccc1,8.134,2,8.581492175925924,1151
CCOC(=O)Cc1nn(CNC(=O)CCCN2CCN(c3cccc(C)c3C)CC2)c(=O)c2c(F)cccc12,6.981,1,6.660345321428572,154
COc1ccc(N2Cc3ccc(Cl)c(Cl)c3C2=O)cc1OCCN1CCC(C)CC1,6.3,1,6.68904098412699,73
Cc1ncnc(C)c1-c1cc(NC(=O)c2cncc(F)c2)ccc1OCCN1CCCC1,7.355,4,7.662862686507936,1152
COCCOc1ccc(C2CCN(c3ccn4c(CC5CC5)nnc4c3Cl)CC2)cc1,4.3,3,6.9609031107503645,511
COc1ccc(Nc2nccc(Oc3ccc(NC(=O)Nc4cc(C(C)(C)C)nn4-c4ccc(C)cc4)c4ccccc34)n2)cc1OC,6.979,9,6.851715250000002,65
CCS(=O)(=O)N[C@H]1CC[C@H](CCN2CCN(c3nccc4occc34)CC2)CC1,8.07,9,7.988507238095237,83
CNCc1cc(OCc2cc(F)c(F)cc2F)n(Cc2ccc(C)cc2)n1,8.62,10,8.358646349206346,250
CN(C)/C=N/N=C/c1cn(S(=O)(=O)c2ccccc2)c2cccc([N+](=O)[O-])c12,6.481,1,6.185203715608465,418
NC(=O)C1CCN(c2c(S(=O)(=O)c3ccccc3)cnc3ccc(Cl)cc23)CC1,4.83,3,6.326557828042333,1153
O=C(c1cc2ncccn2n1)N1CCN(CCc2ccc(F)cc2F)CC1,8.25,2,8.45014201587302,1154
COC(COc1ccc(Cl)cc1OC1CNC1)c1ccccc1,8.097,5,7.003965294312175,239
c1ccc(-c2c3c(nn2C2CCC2)CCNCC3)cc1,8.52,3,7.6296785680615695,1155
O=C1c2ccccc2CCCN1CCN1CCC(n2c(O)nc3cc(F)ccc32)CC1,6.52,10,7.414930423280424,1156
CO[C@H]1CC[C@H](CC(=O)N[C@H]2CC[C@H](CCN3CCN(c4cccc5c4OCO5)CC3)CC2)CC1,7.528,5,7.546149202380951,742
Cc1ncnc(C)c1-c1cc(NC(=O)C2CC2)ccc1OC[C@H]1CCCN1,7.524,9,7.657822458994706,1157
Cc1noc(C)c1-c1cc(NC(=O)C2CC2)ccc1OCC1CCN1,7.319,8,7.470182313492061,1158
O=C(c1cnn2ccccc12)N1CCN(CCc2ccc(F)cc2F)CC1,8.742,4,8.542364448412702,1159
CC[C@@H](CO)NC(=O)[C@@H]1C=C2c3cccc4c3c(cn4C)C[C@H]2N(C)C1,8.21,2,6.720030880952379,53
Oc1cc(Cl)ccc1C1NCCc2c1[nH]c1ccc(F)cc21,6.64,6,6.985645845238095,44
CCCCC(Oc1cccc(Cl)c1Cl)c1nc(N)nc(N2CCN(C)CC2)n1,6.33,8,6.762370006613762,342
CC(C)Oc1ccc(COC(=O)Oc2ccc([N+](=O)[O-])cc2)cc1,10.8,6,6.890241500000002,1160
O=C(CC1COC1)N[C@H]1CC[C@H](CCN2CCN(c3nccc4c3CCO4)CC2)CC1,7.959,5,7.726839105820114,1161
CN(C)C(=O)N[C@H]1CC[C@H](CCN2CCN(c3cccc(Cl)c3Cl)CC2)CC1,7.6685,1,7.515750506613755,393
CC(C)Oc1ccc(COC(=O)N(Cc2ccc(Cl)cc2F)C2CCN(C)CC2)cc1,9.3,7,7.632311585978834,76
O=C1NCc2ccc(OCCCCN3CCN(c4cccc5cc(F)ccc45)CC3)c(F)c21,8.511,4,7.884155547619037,190
Cc1nc2n(c(=O)c1CCN1CCN(c3nsc4ccccc34)CC1)CCCC2F,7.05,6,8.616314464285713,1162
CCCc1ccc2c(c1)C[C@@H]1CNCCN1C2=O,6.56,10,6.594400047619048,149
Cc1ncnc(C)c1-c1cc(NC(=O)CCc2ccn(C)n2)ccc1OCCN1CCCC1,7.287,3,7.029192289682545,1163
COc1ccccc1N1CCN(CCCCCNC(=O)c2cnn3ccccc23)CC1,6.89,2,6.546482547619048,1164
O=S(=O)(NCCCCN1CCC(c2noc3cc(F)ccc23)CC1)c1ccc(OC(F)(F)F)cc1,8.442,4,8.365466052910053,270
CCCC(=O)N[C@H]1CC[C@H](CCN2CCN(c3cccc4c3OCO4)CC2)CC1,7.55,5,7.692697992063498,5
CC1(C)OC[C@H](CC(=O)N[C@H]2CC[C@H](CCN3CCC(c4noc5cc(Cl)ccc45)CC3)CC2)O1,7.6,1,7.982117543650796,1165
Cn1cnc2c1C(=O)N(CCN1CCN(c3nsc4ccccc34)CC1)CC2,9.96,10,8.590701641534393,1166
CC(C)COc1ccc(CNC(=O)N(Cc2ccc(F)cc2)[C@H]2CCN(C)CC23CC3)cc1,9.242,9,8.03396061111111,1167
O=C1Nc2ccc(Cl)cc2C1(c1c[nH]c2ccccc12)c1c[nH]c2ccccc12,4.77,8,5.535703212962963,1168
O=C1c2cn[nH]c2CCCN1CCN1CCC(c2noc3ccccc23)CC1,8.57,3,8.80461032539682,1106
COc1cccc(N2CCN(CCCCCCN3C(=O)c4cccc5cccc(c45)C3=O)CC2)c1,6.48,3,6.626291629629629,1169
CC(=O)Nc1ccc(CCCCN2CCN(c3ccccn3)CC2)cc1,6.435,1,6.987890233044733,852
O=S(=O)(CC1CCN(CCCc2noc3cc(F)ccc23)C1)c1cccc(C(F)(F)F)c1,8.526,5,8.559980673280421,373
CC1CNCCc2ccc(Br)cc21,6.298,3,7.0083508933381475,40
COc1ccccc1CCNCC1CC1c1cc(F)ccc1OC,6.51,6,7.198765691798944,1170
O=C(N[C@H]1C[C@H](CCN2CCN(c3cccc(Cl)c3Cl)CC2)C1)c1ccno1,9.009,4,8.039279969576727,406
O=S(=O)(CC1CCN(CCCc2noc3cc(F)ccc23)C1)c1ccc(F)c(F)c1,7.888,5,8.628944201058202,373
CN(C)CCC=C1c2ccccc2CCc2ccccc21,8.09,5,7.1721322294973575,1171
O=C(NC[C@H]1C[C@@H]1CN1CCN(c2cccc(Cl)c2Cl)CC1)c1ccc(-c2ccccn2)cc1,6.6899999999999995,4,7.075116325396824,1172
CNCc1cc(OCc2ccccc2)n(CC2CCCCC2)n1,8.564,6,8.072960968253966,94
Cc1ccc(CCn2c3c(c4cc(C)ccc42)CN(C)CC3)cc1,8.96,10,7.518226650793657,928
Cc1n[nH]c(C)c1S(=O)(=O)N1CCC(=C(C#N)c2ccc(OC(F)(F)F)cc2)CC1,6.824,5,6.42776777645503,804
Fc1ccc(-c2c3c(nn2C2CCC2)CCNCC3)cc1,9.0,3,8.216188843915345,1155
O=C(NCCC(O)CN1CCN(c2cccc3ccccc23)CC1)c1cnc2ccccc2c1,8.62,6,6.901255625000005,1173
CC(C)COc1ccc(CN(Cc2cnn(C)c2)C2=NOC3(CCN(C)CC3)N2)cc1,7.26,2,7.144121968253967,1174
COc1ccc(N2Cc3c(c4cc(F)ccc4n3C)C2=O)cc1OCCN1CCC(C)CC1,6.801,9,6.482465914682538,689
O=C(c1ccc(Cl)cc1)N1CCN(CCN2CCC3(C2)C(=O)Nc2ccccc23)CC1,4.76,1,6.128751956349202,1175
Cc1cc(C(=O)N2CCN(CC(=O)c3ccc(F)cc3)CC2)n[nH]1,7.44,6,6.728323571428572,163
CC1CC(=O)Nc2c(CCN3CCN(c4nsc5ccccc45)CC3)cccc21,9.659,2,9.621869888888885,97
COc1cc(C2CCCNC2)c(OC)cc1SC,7.165,7,6.791981361111109,113
CC(=O)OC(CCNC(=O)c1ccc(-c2ccccn2)cc1)CN1CCN(c2cccc(Cl)c2Cl)CC1,7.051,5,7.0118253637566115,285
O=C(N[C@H]1CC[C@H](CCN2CCC(c3cccc4c3OCO4)CC2)CC1)c1ccccc1,8.29,6,7.767006698412699,562
C[C@@H]1CNCCc2cc(Cl)c(Cl)cc21,7.75,3,6.854126242544492,40
O=C1c2cnccc2CCN1CCN1CCC(c2noc3ccccc23)CC1,8.078,2,8.751890771825396,609
CCN(C)CCc1c[nH]c2c(Br)cc(F)cc12,6.42,1,7.178330550264551,89
O=C(N[C@H]1CC[C@H](CCN2CCC(c3cccc4c3CCO4)CC2)CC1)c1ccccc1,7.94,4,7.4949000066137526,399
O=S(=O)(c1ccc2ccccc2c1)N(CCCN1CCN(c2cccc(C(F)(F)F)c2)CC1)CC1CC1,6.66,2,7.44937226984127,1176
Cc1cccc2c1Cc1ccccc1C1CC(CN(C)C)ON21,7.04,8,7.403094227513226,303
CN(C)C[C@H]1C[C@H]2c3ccccc3Oc3ccccc3[C@@H]2O1,7.234,10,7.388806036315542,690
O=C1CC(CN2CCC(C(=O)c3ccc(F)cc3)CC2)Cc2oc(-c3ccccc3)cc21,7.76,9,7.383521265873017,1177
CCCc1ccc(CCN)c(OC)c1,6.708,2,7.094873587301584,188
COc1cccc(N2CCN(CCCCNC(=O)c3cccc(C)n3)CC2)c1,6.622,3,6.755785270081769,177
CNCc1cc(OCc2ccccc2C#N)n(CC2CCCC2)n1,8.569,1,7.887935342592594,274
O[C@@H]1CCCN(Cc2ccc(OCCCc3ccc(-c4ccc(Cl)cc4)nn3)cc2)C1,6.22,4,5.744906376984126,1178
CNCc1ccc(Cl)cc1Oc1ccc(F)c(C)c1,7.48,5,7.096244715608466,7
O=S1(=O)c2cccc3cccc(c23)N1CCCCCCN1CCN(c2ccccc2Cl)CC1,6.261,10,7.005261992063497,45
CCCC(=O)NC1CCc2cc(CCN3CCN(c4nsc5ccccc45)CC3)ccc21,9.3,7,9.153113620370371,27
O=C(CCCN1CCCN(c2ccc(Cl)cn2)CC1)c1ccc(F)cc1,8.05,7,7.48024478174603,1179
O=S(=O)(c1ccccc1)n1cc(Cl)c2cc3c(cc21)CCNCC3,7.6,6,6.510667920634922,1180
O=C1[C@@H]2[C@H](C(=O)N1CCCCN1CCN(c3cccc4sccc34)CC1)[C@H]1C=C[C@@H]2C1,7.606,8,7.269260731481474,1181
O=C(N[C@H]1CC[C@H](CCN2CCN(c3nccc4c3CCO4)CC2)CC1)c1ccc(Cl)cc1Cl,7.66,9,7.646000811507938,815
O=C1c2c(Br)n[nH]c2CCN1CCN1CCC(c2noc3ccccc23)CC1,9.389,6,8.660780805555557,1073
O=S(=O)(N[C@H]1CC[C@H](CCN2CCN(c3nsc4ccccc34)CC2)CC1)c1cc2ccccc2o1,8.6725,4,8.529243706349211,1182
Cn1cc2c(OCC3CCN(CCc4ccc(CO)cc4)CC3)nc3ccccc3c2c1,7.5,6,6.464102530423282,484
Cc1cc2c(s1)Nc1ccccc1N=C2N1CCN(C)CC1,8.544,6,7.423680408730161,618
F[C@@H]1CCNC[C@H]1c1c(-c2ccccc2)[nH]c2cc(Cl)ccc12,8.64,4,8.683456911375657,304
Fc1ccc2[nH]c3c(c2c1)CCNC3c1ccccc1Br,7.009,6,7.063297043650793,44
COc1cc(CC(C)NCc2ccccc2OC)c(OC)cc1C,7.339,10,7.480386992063492,117
CCCCCCC(=O)Oc1cccc2c1-c1cccc3c1[C@@H](C2)N(CCC)CC3,7.021,9,5.8675219259259235,81
CN(C)C(=O)N[C@H]1CC[C@H](CCN2CCN(c3nsc4ccccc34)CC2)CC1,9.22,5,8.89726417797018,321
CCOc1noc2c1CCN(C)CC2,3.0,4,5.034123920634921,336
O=c1ccc2ccc(CCN3CCN(c4cccc5sccc45)CC3)cc2[nH]1,7.02,1,7.535017194444444,970
COc1cc(F)ccc1/C=C/c1ccc(S(=O)(=O)c2ccccc2F)cn1,7.19,4,7.32842999603175,51
CN(C)CC1C[C@@H]2c3ccccc3Sc3ccccc3[C@H]2O1,7.51,8,7.329414763888892,294
Cc1nc2c(o1)CCCN(CCN1CCC(c3noc4ccccc34)CC1)C2=O,7.84,3,8.322446174603172,1183
CN1CCN(CCOc2ccc(NC(=O)Nc3ccc(Cl)cc3)cc2-c2ccnn2C)CC1,8.679,8,9.249418401727361,993
NC(=O)c1ccccc1OCCCN1CCN(c2cccc3c2ccn3S(=O)(=O)c2ccccc2)CC1,7.54,2,6.91063141137566,1184
O=c1ccc2ccc(CCN3CCN(c4cccc5c4CCS5)CC3)cc2[nH]1,7.11,1,7.3387922777777765,1185
O=C(N[C@H]1CC[C@H](CCN2CCN(c3nsc4ccccc34)CC2)CC1)c1cc2ccccc2[nH]1,9.036000000000001,9,8.912135087301587,749
Oc1ccc2[nH]c3c(c2c1)CCNC3C1CCCCC1,6.551,2,6.638932878306881,237
CNCc1cc(OCc2ccccc2F)n(CC2CCCCC2)n1,9.189,6,8.728249128787876,94
COc1cccc(N2CCN(CCCCNC(=O)c3cc4ccccc4n3C)CC2)c1,6.51,6,7.049946321428573,539
CC(C)[C@H]1CNC[C@H]2c3cccc(C(F)(F)F)c3C(=O)N12,7.335,9,6.474997119047622,185
O=c1[nH]c2ccc(CCN3CCN(c4cccc5sc(F)cc45)CC3)cc2[nH]1,6.802,8,7.051151608465607,1186
CCCCc1ccnc2c1CC[C@@H]1CNCCN21,7.972,5,7.016695062169312,443
O=S(=O)(NCCCN1CCN(c2nsc3ccccc23)CC1)c1cc2ccc(Cl)cc2s1,8.021,1,8.071535857142853,1187
CN(C)S(=O)(=O)N[C@H]1CC[C@H](CCN2CCC(c3cccc4c3CCO4)CC2)CC1,7.71,6,7.625230537037037,222
COc1ccc(N2Cc3cc(Cl)cc(Cl)c3C2=O)cc1OCCN1CCCCCC1,6.2,8,6.347257743386243,1188
CC(=O)Nc1ccc(OCCCN2CCC(c3noc4cc(F)ccc34)CC2)cc1C,6.87,8,7.233533447089952,340
CNC(=O)c1ccc(OCCCCN2CCN(c3cccc(Cl)c3Cl)CC2)cc1,6.088,2,6.947655231481488,471
CC(C)(C)NS(=O)(=O)c1ccc(-c2sc(C(=O)N[C@H]3C[C@H](C(=O)O)C3)nc2CC2CCCCC2)c2ccccc12,9.19,7,6.755270933862432,1189
CN(C)CCSc1cccc(-c2ccccc2)n1,6.5,6,6.479396976190478,1190
O=C1CCc2ccc(CCN3CCN(c4cc(F)cc5sccc45)CC3)cc2N1,7.11,9,7.430823003968248,745
CN1CCN(c2nc(Nc3ccc(F)cc3)c3cn[nH]c3n2)CC1,7.62,3,6.764686932539682,521
CC(C)COc1ccc(COC(=O)N(Cc2ccc(F)cc2Cl)C2CCN(C)CC2)cc1,8.1,7,7.2208216911375604,76
O=S(=O)(c1cccc2cnccc12)N1CCC[C@@H]1CCN1CCN(c2cccc3sccc23)CC1,7.8845,5,7.528031468253968,1191
Cc1noc(C)c1-c1cc(NC(=O)C2CC2)ccc1OCCN(C)C1CCC1,7.38,4,7.555222194444442,1192
C[C@H](N)CN1CCc2cc(F)c(I)cc21,6.736,1,6.917821600889852,865
CC(C)COc1ccc(CNC(=O)N(Cc2ccc(F)cc2)C2CCN(C(=O)CC[C@H](N)C(=O)O)CC2)cc1,8.08,2,7.195857571428566,19
Cn1ncc(Br)c1-c1cc(NC(=O)Nc2ccc(Cl)cc2)ccc1OCCN1CCCCC1,9.18,9,9.180319402236648,93
CCC(Sc1cc(Cl)ccc1Cl)c1nc(N)nc(N2CCNCC2)n1,6.728,7,6.797790477513226,254
c1ccc(N2CCN(CCCc3nc4ccccc4s3)CC2)nc1,7.34,3,6.4912477539682545,1193
C/C=C/CC(=O)N[C@H]1CC[C@H](CCN2CCN(c3nccc4c3CCO4)CC2)CC1,7.64,10,7.808210361832609,12
CCCc1nc(C(=O)NCCCN2CCN(c3cccc(C)c3C)CC2)c(C)n1-c1ccccc1OC,6.6,3,6.851109476190476,103
CS(=O)(=O)N[C@H]1CC[C@H](CCN2CCC(c3cccc4c3OCO4)CC2)CC1,7.5,3,7.557992476190469,63
Cc1cc2ccn(CCN3CCN(c4noc5ccccc45)CC3)c(=O)c2cn1,8.43,4,7.536986008778262,1194
c1cc(CC2CCC2)c2c(c1)N1CCNCC1CC2,6.9,1,6.982390067460319,1195
Cc1cccc(N2CCN(C[C@H](O)CNC(=O)c3nc(C)n(-c4ccccc4F)c3C)CC2)c1C,6.57,3,7.147872450396828,103
CC1Cc2cccc(CCN3CCN(c4nsc5ccccc45)CC3)c2NC1=O,8.972,2,9.494191353174596,97
O=C(C[C@@H]1CCCO1)N[C@H]1CC[C@H](CCN2CCC(c3cccc4c3OCO4)CC2)CC1,7.552,10,7.703099457671965,1196
Cc1c(S(=O)(=O)N[C@H]2C[C@H](C)N(CCCc3noc4cc(F)ccc34)C2)sc2ccc(Cl)cc12,8.16,3,8.286836563492066,833
CCCc1cc(OC)c(CCN)nc1OC,8.38,5,7.130764595238097,346
CCC(Sc1ccc(Cl)c(Cl)c1)c1nc(N)nc(N2CCN(C)CC2)n1,6.261,7,6.708282992063493,254
O=S(=O)(N[C@H]1CC[C@H](CCN2CCC(c3cccc4c3CCO4)CC2)CC1)c1ccc(F)cc1,7.061,2,7.478606178571428,1197
COc1ccc(OC)c(CC(C)N)c1,6.328,2,7.111568527777772,188
CCN(CCN1CCC(c2noc3cc(F)ccc23)CC1)S(=O)(=O)CCO,8.569,4,8.431009142857135,32
CCCC(Sc1cc(Cl)cc(Cl)c1)c1nc(N)nc(N2CCN(C)CC2)n1,6.301,7,6.655852785714285,254
Cc1cc2c(cc1C(F)(F)F)N(C(=O)Nc1ccc(OCc3cncn3C)nc1)CC2,7.0,8,6.784257925925925,1198
Cc1cc2c(cc1OCCCCN1CCN(c3cccc4cccc(F)c34)CC1)C(=O)NC2,7.26,4,7.522153375901874,190
Cn1ncc2c1CCN(CCN1CCN(c3noc4ccccc34)CC1)C2=O,7.92,7,8.054561334656078,1199
O=C(Nc1ccccc1)N[C@H]1CC[C@H](CCN2CCN(c3nsc4ccccc34)CC2)CC1,9.0745,5,9.008957085978832,527
CN1CCC=C(c2n[nH]c3c(Cl)cc(F)cc23)C1,7.704,10,6.809349683201057,649
O=C(N[C@H]1CC[C@H](CCN2CCN(c3nsc4ccccc34)CC2)CC1)C1CC1,9.46,6,9.080244275132264,1200
C=CCOc1ccc(COC(=O)N(Cc2ccc(F)cc2F)C2CCN(C)CC2)cc1,9.3,7,8.463389238095234,76
CCC(N)Cc1c[nH]c2ccc(Cl)cc12,6.6,1,6.752622417989416,89
CCCN(CC)CCc1c[nH]c2ccccc12,7.52,1,6.756937216269842,89
Nc1ccccc1C(=O)CCCN1CC[C@H]2[C@@H](C1)c1cccc3c1N2CCO3,8.359,2,7.726564853174598,532
Cc1[nH]c(C(C)(C)C)cc1C(=O)NCCCN1CCN(c2cccc(Cl)c2Cl)CC1,6.97,7,7.110710699735449,1050
C[C@H](N)CN1CCc2ccc3c(c21)CCCO3,6.527,5,6.7115735473138,1201
CNCC1CC2c3ccccc3Cc3ccccc3N2O1,7.883,8,7.290736228835984,303
c1ccc(-c2nc3cc(CCN4CCN(c5ccccc5)CC4)ccc3[nH]2)cc1,6.12,4,7.108028698412697,1202
O=C(N[C@H]1CC[C@@H](CCN2CCN(c3nsc4ccccc34)CC2)CC1)c1ccc[nH]1,9.315,6,9.24971009259259,451
N#Cc1ccc2nn(CCCCN3CCN(c4cccc5sccc45)CC3)c(=O)n2c1,7.959,3,7.28265215740741,121
N[C@@H](Cc1c[nH]c2ccc(O)cc12)C(=O)O,8.803,1,5.823861476190479,89
COc1ccc2[nH]cc(CCNCc3ccc(-c4cnc5ccccc5c4)o3)c2c1,6.072,3,6.841451007936508,1203
CN1CCC(N(Cc2ccc(F)cc2F)C(=O)OCc2ccc(C(C)(F)F)cc2)CC1,9.4,7,8.180191271164023,76
Cn1c(=O)[nH]c2ccc(CCN3CCN(c4cccc5sccc45)CC3)cc21,7.03,8,7.474071956349209,1186
O=C(CCCCN1CCN(c2ccccc2)CC1)c1nc2ccccc2s1,6.69,3,6.077607464285716,1204
Cc1ncoc1C(=O)Nc1ccc(OCCN2CCCC2)c(-c2c(C)ncnc2C)c1,8.141,1,7.793658719576724,1205
Cc1ccc2c(c1)Cc1ccccc1N1OC(CN(C)C)CC21,7.98,8,7.1880929662698385,303
Oc1c(Br)cccc1C1NCCc2c1[nH]c1ccc(F)cc21,6.94,6,7.2327935171957645,44
Cc1[nH]c(-c2ccc(Cl)cc2)cc1C(=O)NCCCN1CCN(c2cccc(Cl)c2Cl)CC1,6.979,8,7.3568636693121725,13
COc1ccc2[nH]cc(CCNCc3ccc(C)cc3)c2c1,7.24,3,7.496719787037036,663
CC(=O)c1c(C)cc2oc(=O)cc(C)c2c1OCCCCN1CCN(c2ccc(Cl)cc2)CC1,8.77,4,7.4830406613756715,1109
O=C(CCCN1C2CCC1CC(c1ccccc1)C2)c1ccc(F)cc1,6.97,3,7.933887230158732,422
Nc1cc(F)ccc1C(=O)CCCN1CC[C@H]2[C@@H](C1)c1cccc3c1N2CCO3,9.125499999999999,2,8.191082549603177,532
CCCCNC(=O)c1ccc2c3c1CCN3CCNC2,4.301,4,5.501621747354497,18
Fc1ccc(CCCCN2CCc3ccccc3C2)cc1,6.14,10,6.633025007936514,1206
CN1CCC(N(Cc2ccc(F)cc2F)C(=O)OCc2ccc(OC3CC3)cc2)CC1,10.49,9,9.416831456349211,1207
CC1(C)c2ccccc2C(CN)c2ccccc21,6.48,1,6.299673294973542,152
Cc1cccc(N2CCN(CCCNC(=O)c3nc(C)n(-c4cccc(Cl)c4)c3C)CC2)c1C,7.01,3,7.462343337301585,103
O=C(CCCN1CCC(c2noc3cc(F)ccc23)CC1)c1cc2c3c(c1)CCN3C(=O)CC2,9.15,8,8.351378609788362,1208
O=C1CN2c3c(cccc3[C@@H]3CN(CCCOc4ccccc4)CC[C@@H]32)N1,8.55,1,7.438006748677247,209
Cc1cccc(C2NCCc3c2[nH]c2ccc(Cl)cc32)c1,6.32,6,6.861738443121696,44
O=C1CC(CN2CCC(c3noc4cc(F)ccc34)CC2)Cc2nc(N3CCCC3)sc21,7.7,7,8.165903323412705,1209
COc1ccccc1Cc1c(N)nc(SCCN2CCN(Cc3cccc(C(F)(F)F)c3)CC2)nc1N,7.22,5,6.809594230158735,467
Cc1ccc(S(=O)(=O)N[C@H]2CC[C@@H](CCN3CCN(c4nsc5ccccc45)CC3)CC2)o1,8.721,5,8.639447150793645,626
O=C(NCc1ccc(OCC(O)CN2CCN(c3nsc4ccccc34)CC2)cc1)N(Cc1ccc(F)cc1)C1CCNCC1,7.27,7,8.228240126503122,829
O=C(c1ccc(Cl)cc1)C1CCN(CCN2CCCc3ccccc3C2=O)CC1,7.11,2,7.110146138888881,944
Cc1c(C(=O)NCCCN2CCN(c3cccc(Cl)c3)CC2)cc(-c2ccccc2)n1N1CCCCC1,6.36,8,7.180619205026457,751
Cc1cccc(N2CCN(CCCNC(=O)c3nc(C)n(-c4ccc(Cl)cc4)c3C)CC2)c1C,7.17,3,7.434008999999993,103
COc1ccc(NC(=O)Nc2cc(C(F)(F)F)cc(C(F)(F)F)c2)cc1-c1c(Br)cnn1C,9.05,9,7.704255425925925,104
COc1cc2c(cc1C(F)(F)F)N(C(=O)Nc1cnc(Oc3cccnc3C)cc1C)CC2,6.2,7,6.538291940476193,52
CN(C)C[C@@H]1C[C@H]2c3ccccc3Oc3ccc(F)cc3[C@H]2O1,6.6765,10,7.800079029100528,690
CN(C)CCC1c2ccccc2Cc2ccccc21,7.078,1,6.882113238095236,152
c1cc(N2CCN(CCCCc3nnnn3C3CCCCC3)CC2)c2ccsc2c1,7.38,6,6.886293190476189,1210
COc1cc(N)c(Cl)cc1C(=O)CCC1CCN(CCNS(=O)(=O)c2ccc(N)c(Br)c2)CC1,6.481,5,7.008115528379024,1211
CC(C)COc1ccc(CC(=O)N(Cc2ccc(Cl)cc2C(F)(F)F)C2CCN(C)CC2)cc1,7.699,6,8.067446468253971,128
FC(F)(F)c1ccnc(N2CC[C@H]3CNC[C@H]32)n1,6.7985,5,6.022473357142855,236
CCCCSc1cc(OC)c(CCN)cc1OC,8.108,2,7.3148891256613755,188
O=Cc1cnn2ccc(OCCCCN3CCN(c4ccc(O)c5c4OCCO5)CC3)cc12,6.0,4,6.523289047619046,140
O=C1c2c(ccc(Cl)c2Cl)[C@@H]2CNCCN12,6.42,9,6.6180069907407395,185
O=C1c2nc(Cl)ccc2CCN1CCN1CCN(c2noc3ccccc23)CC1,7.57,9,8.008574848484859,869
COc1ccc(-n2c(C)nc(C(=O)NCCCN3CCN(c4cccc(Cl)c4C)CC3)c2C)cc1,7.64,3,7.38984816666666,103
[2H]C([2H])([2H])N(C([2H])([2H])[2H])C([2H])([2H])C([2H])([2H])c1c[nH]c2cccc(OCc3ccccc3)c12,7.138,1,6.882773500000002,1212
CN(C)CCc1c[nH]c2cccc(OCc3ccccc3)c12,6.972,1,6.9485653492063495,1212
O=C(NC1CCc2ccc(CCN3CCN(c4nsc5ccccc45)CC3)cc21)c1ccno1,10.098,4,8.89384812433863,1213
COc1cccc(CC(=O)N2CCC(C)c3cccc(CCN4CCN(c5nsc6ccccc56)CC4)c32)c1,8.97,1,8.925461449074076,905
Cn1ncc(Br)c1-c1cc(NC(=O)Nc2ccc(Cl)cc2)ccc1OCc1ccc(Cl)cc1,7.8,2,8.671851048941795,1151
O=C(N[C@H]1CCN(Cc2ccc(C(F)(F)F)cc2)C1)c1ccc(-c2cccs2)cc1,6.888,10,6.426999829365084,384
CN(C)CC1CC2c3cccc(F)c3Cc3ccccc3N2O1,7.497,8,7.124660304894184,303
COc1ccc(S(=O)(=O)N[C@H]2CC[C@H](CCN3CCC(c4noc5cc(F)ccc45)CC3)CC2)cc1,8.36,7,8.404441222041848,9
COc1cc2c(cc1OC)C(=O)CC(CN1CCC(C(=O)c3ccc(F)cc3)CC1)C2,7.788,9,7.080438711640216,593
Fc1ccc(SCCCN2CCc3ccccc3C2)cc1,6.482,3,6.708730464285718,1214
CC(C)COc1ccc(CNC(=O)N(Cc2ccn(C)n2)[C@H]2CCN(C)CC23CC3)cc1,9.05,6,8.096977322751336,876
CS(=O)(=O)CC(=O)N[C@H]1CC[C@H](CCN2CCC(c3cccc4c3CCO4)CC2)CC1,7.45,6,7.62461447883598,222
COc1ccc(CNC2=NOC3(CCN(C)CC3)N2Cc2ccc(F)cc2)cc1,6.523,2,7.139577029100522,1215
NCC1CC1c1c(OCCF)ccc(F)c1Cl,6.1,8,6.8560625370370385,70
CN1CCC(N(C)S(=O)(=O)c2cccc3ccccc23)CC1,6.3,1,5.936725896825397,1216
COC(CCC(=O)N[C@H]1CC[C@H](CCN2CCN(c3nccc4c3CCO4)CC2)CC1)OC,7.741,10,7.633965047619055,12
CNCc1ccc(Cl)cc1Oc1ccc(Cl)cc1,8.181,5,6.736003697089949,7
Fc1ccc2c(C3CCN(CCCOc4ccc(CN5CCOCC5)cc4Cl)CC3)noc2c1,8.242,9,8.030801216931216,224
COc1ccc(S(=O)(=O)N(CCCN2CCN(c3ccc(F)cc3)CC2)CC2CCCCC2)cc1,8.47,4,7.177231154761906,1062
O=C(CC1CCOCC1)N[C@H]1CC[C@H](CCN2CCN(c3nccc4occc34)CC2)CC1,8.21,2,8.337629333333334,1100
Cn1nccc1-c1cc(NC(=O)c2cccc(C(F)(F)F)c2)ccc1OCCN1CCOCC1,9.152,4,8.25722567724868,259
CC(C)(C)NC1=NCCNC(c2ccc(F)cc2)=C1,7.68,6,7.172709730158731,279
O=C1NCc2ccc(OCCCN3CCN(c4cccc5c4CCC5)CC3)cc21,8.5,10,8.043332112433864,1217
C[C@@H]1CNC[C@H]2Cc3ccc(COCC4CC4)nc3N21,7.13,9,7.115573062049061,1218
Oc1ccc(C2NCCc3c2[nH]c2ccc(F)cc32)cc1,7.24,6,6.6942954457672,44
Cc1cc2c(s1)Nc1ccccc1N=C2N1CC[N+](C)([O-])CC1,6.951,8,7.756935964947086,1219
O=C(N[C@H]1CC[C@H](CCN2CCC(c3coc4ccccc34)CC2)CC1)C1CC1(F)F,8.068,6,8.304163583333333,569
O=C(CC1COC1)N[C@H]1CC[C@H](CCN2CCN(c3cccc4c3OCO4)CC2)CC1,7.71,7,7.781848055555556,1220
O=C1c2ccccc2S(=O)(=O)N1CCCCCCN1CCN(c2ccc(Cl)c(Cl)c2)CC1,6.549,2,6.758308863756614,143
Fc1ccc(-c2nc(-c3ccccc3)nc3c2CNCC3)cc1,7.301,6,7.171350867724862,1221
O=C(N[C@H]1CC[C@H](CCN2CCC(c3cccc4c3OCO4)CC2)CC1)C1CC(Cl)C1,7.73,6,7.66018502380953,1222
CCCn1c(-c2ccccc2)cc(C(=O)NCCN2CCN(c3cccc(Cl)c3Cl)CC2)c1C,6.39,6,6.8494956706349175,762
CC[C@H](O)CC(=O)N[C@H]1CC[C@H](CCN2CCC(c3coc4ccccc34)CC2)CC1,8.05,5,8.286014793650795,182
CNCc1cc(OCc2cccc(Cl)c2)n(CC2CCc3ccccc3O2)n1,8.31,5,7.621880130952374,1223
c1ccc2c(c1)Cc1ccccc1C21CCNC1,8.4,4,6.908024087912088,1224
COc1ccccc1N1CCN(CCCC(=O)Nc2ccn3nccc3c2)CC1,6.509,5,6.938437415343915,885
CC(C)c1ccccc1OCCN1CCC(N(CC2CC2)S(=O)(=O)c2ccc(F)cc2)CC1,6.382,6,6.975695062169313,252
OC1(c2ccc(Cl)cc2)CCN(Cc2c[nH]c3ccccc23)CC1,6.105,3,6.837751421957675,1225
CC(=O)c1ccc2c(c1)CC(CN1CCC(C(=O)c3ccc(F)cc3)CC1)CC2=O,7.2,9,7.1222200529100546,593
CCSc1cc(OC)c(CC(N)CC)nc1OC,6.188,5,6.633698228174601,346
CC(=O)N1CCN(CCOc2ccc(NC(=O)c3cccc(F)c3)cc2-c2c(Cl)cnn2C)CC1,8.659,8,8.1745718042328,262
COc1cccc(NC(=O)NCCCN2CCCC(CCc3ccccc3)C2)c1,6.1,2,6.46683393386243,1226
COc1ccc(-c2c(=O)n(CCCCN3CCCC(c4c[nH]c5ccccc45)C3)c(=O)n3ccccc23)cc1,7.679,5,6.74555673857624,255
O=C(CN1CCC(S(=O)(=O)c2ccccc2)CC1)c1ccc(F)cc1F,8.62,9,7.70479107539682,165
O=[N+]([O-])c1ccc(S(=O)(=O)N(CCCN2CCN(c3ccccc3)CC2)CC2CCCCC2)cc1,8.378,4,6.904174355820107,1062
CCC(CC)Cn1nc(CNC)cc1OCc1cc(Cl)ccc1F,9.28,5,8.546376048941802,357
O=S(=O)(NCCCCN1CCC(c2noc3cc(F)ccc23)CC1)c1ccc2cc(Cl)ccc2c1,9.22,4,8.622701496031743,1227
CN1CCN(c2nc(N)nc(CCC[Se]c3ccccc3)n2)CC1,6.381,1,6.326016329365077,1228
COC(C)CNC(=O)c1ccc2c3c1CCN3CCNC2,6.08,4,5.450665132275133,18
O=C(CCCN1CCC(O)(c2ccc(Cl)cc2)CC1)c1ccc(F)cc1,7.279,7,7.393639777777768,1229
COc1ccc(S(=O)(=O)N(C)C2CCN(C)CC2)cc1,6.08,5,5.795318511904763,124
Nc1ccc2c(c1)C(O)C(CCN1CCC(c3noc4cc(F)ccc34)CC1)CC2,8.18,8,8.587972583333332,1230
O=S(=O)(c1cccc2ncccc12)N1CCCCC[C@H]1CCN1CCN(c2nsc3ccccc23)CC1,7.521,10,7.584123317460312,1231
Cn1nc2c(c1Br)C(=O)N(CCN1CCN(c3nsc4ccccc34)CC1)CC2,9.269,10,8.951640519119776,765
COc1cc(C2CCCNC2)c(OC)cc1I,7.005,7,6.831858591269838,113
Cc1cccc(N2CCN(CC(O)CNC(=O)c3nc(-c4ccccc4)n(-c4ccc(F)cc4)c3C)CC2)c1C,7.15,2,6.787344351190472,442
CC(=O)c1c(OCCCCN2CCN(c3ccccc3F)CC2)ccc2c(C)cc(=O)oc12,7.33,10,7.6659603267195795,86
Clc1ccc2[nH]c3c(c2c1)CCNC3C1CCOCC1,6.43,4,6.58818668915344,1232
CCCC([Se]c1cc(C)ccc1C)c1nc(N)nc(N2CCN(C)CC2)n1,6.29,3,6.412349304232809,189
COc1cc2c(cn1)CCN(CCN1CCN(c3nsc4ccccc34)CC1)C2=O,8.852,9,9.135960507936502,1233
O=S(=O)(c1ccc2ccccc2c1)N(CCCN1CCN(c2ccccc2)CC1)CC1CCCCC1,9.15,4,7.107244619047619,563
CCC(C)C(=O)N[C@H]1CC[C@H](CCN2CCC(c3cccc4c3OCO4)CC2)CC1,7.6,3,7.616203828042328,63
Cc1cc2c(cc1Br)N(C(=O)Nc1cccnc1)CC2,7.2,7,6.6009862499999965,440
CN(C)C(=O)N[C@H]1CC[C@H](CCN2CCC(c3cccc4c3CCO4)CC2)CC1,6.919,6,7.502160924603172,222
O=C(Nc1cccnc1)N1CCc2ccc(Cl)cc21,6.1,7,6.276016785714282,440
COc1cccc(Nc2nc(N3CCN(C)CC3)nc3[nH]ncc23)c1,8.04,3,6.148522056277059,521
c1cnc(N2CCN(CCCCc3nc4ccccc4s3)CC2)nc1,6.65,8,6.526794567460315,1234
CC(=O)c1c(OCCCN2CCN(c3ccc(Cl)cc3)CC2)ccc2c(C)cc(=O)oc12,8.02,3,7.284362567460317,678
Cc1cc2c(cc1Cl)N(C(=O)Nc1ccc(Oc3cccnc3Cl)nc1)CC2,7.0,7,6.494981420634917,52
CCOC1CC1C(=O)Nc1ccc(OCCN2CCOCC2)c(-c2c(C)noc2C)c1,7.697,7,7.540897555555557,1235
O=C(NCCCCCCn1nc2ccccn2c1=O)N1CCN(c2cccc(Cl)c2)CC1,6.28,6,6.722089884800386,1236
CCC(=O)N(C1CCCCCCC1)C1CCN(CCCOc2ccc(F)cc2)CC1,7.749,6,7.688521058321312,1139
C=CCN(CC=C)CCc1c[nH]c2ccccc12,6.15,1,6.7573138988095245,89
CCOc1cc2c(cc1Br)C(C)CNCC2,6.96,3,7.038312784391539,40
CC(=O)c1c(OCCCCN2CCN(c3cccc(Cl)c3Cl)CC2)ccc2c(C)cc(=O)oc12,7.52,10,7.738290698412702,86
O=C(CCCN1CCc2ccccc2CC1)c1ccc(Cl)cc1,6.55,5,7.233105047619057,1237
Cc1cc(CC(=O)N[C@H]2CC[C@H](CCN3CCC(c4coc5ccccc45)CC3)CC2)on1,8.111,4,8.03502575925926,1238
O=C1NCc2ccc(OCCCN3CCN(c4cccc5c4CCO5)CC3)cc21,8.37,3,7.432493646825401,1239
COc1cc(F)c(F)cc1CN(C(=O)OCc1ccc(OCC(C)C)cc1)C1CCN(C)CC1,10.0,7,7.8654559966931155,76
CC(C)Nc1cc2c(cc1NS(=O)(=O)c1ccc(-c3ccc(Cl)cc3)cc1)CCN(C)CC2,8.8,6,7.101125187830688,444
O=c1n(CCCCN2CCN(c3cccc4sccc34)CC2)nc2ccc(F)cn12,7.334,3,7.210135425925927,121
O=S(=O)(c1ccnc2ccccc12)N1CCCC[C@@H]1CCN1CCN(c2nsc3ccccc23)CC1,7.46,2,7.635918099206344,1240
O=C1[C@@H]2[C@H]3CC[C@H](C3)[C@@H]2C(=O)N1CCCCCCN1CCN(c2ccccc2Cl)CC1,6.27,2,6.944381390211641,925
COc1ccc(-n2c(-c3ccccc3)nc(C(=O)NCC(O)CN3CCN(c4cccc(C)c4C)CC3)c2C)cc1,6.731,2,6.880682288359788,442
CN(C)[C@H]1CC[C@@H](c2c[nH]c3ccc(F)cc23)C1,4.55,3,6.867122548941797,407
CN(C)CCCC1c2ccccc2Cc2ccccc21,7.66,1,6.898771035714287,152
O=C(O)c1ccc(CN2CCC(CN[C@@H]3C[C@H]3c3ccccc3)CC2)cc1,4.7,1,6.750291089947088,1241
CC(C)Oc1ccc(COC(=O)N(Cc2ccc(Cl)cc2C(F)(F)F)C2CCN(C)CC2)cc1,10.0,7,7.623047861111108,76
CC(C)(CN1CCN(C2=Nc3ccc(F)cc3Oc3cc(F)ccc32)CC1)C(=O)O,7.89,3,7.493567493386251,596
O=S(=O)(NCCCCN1CCC(c2noc3cc(F)ccc23)CC1)c1ccc2ccccc2c1,8.77,4,8.715468100529096,1227
O=C1COc2ccccc2N1CCCN1CCC(c2noc3cc(F)ccc23)CC1,8.57,10,8.274927093915347,1242
O=C1CC(CN2CCC(c3noc4cc(F)ccc34)CC2)Cc2nc(-c3ccccc3)ncc21,6.9,9,8.128527224206355,1243
Cc1nc2n(c(=O)c1CCN1CCN(c3nsc4ccccc34)CC1)CCCC2(C)O,8.469,6,8.254388027777779,1162
O=S(=O)(c1ccc2ccccc2c1)N(CCCN1CCN(c2ccc(F)cc2)CC1)CC1CCCCC1,9.3,4,7.31749481613757,563
Cc1ccnc2[nH]cc(C3=CCCN(C)C3)c12,6.98,6,6.893989468253972,310
O=C(N[C@H]1CC[C@H](CCN2CCC(c3noc4cc(F)ccc34)CC2)CC1)c1cnc(N2CCOCC2)cn1,8.42,8,8.484753294372297,1244
O=C(NC1CCc2cc(CCN3CCN(c4nsc5ccccc45)CC3)ccc21)C1CC1,9.35,7,9.205194664682535,1245
COc1ccc(-n2c(-c3ccccc3)nc(C(=O)NCC(O)CN3CCN(c4cccc(Cl)c4C)CC3)c2C)cc1,6.77,2,6.908971994708992,442
CO[C@@H](C)C(=O)N[C@H]1CC[C@H](CCN2CCC(c3cccc4c3OCO4)CC2)CC1,7.779,3,7.728131460317459,63
CC(C)Oc1ccc(COC(=O)N(Cc2ccc(F)cc2F)C2CCN(C3COC3)CC2)cc1,7.6,6,8.810559421957679,1246
Cc1nc2n(c(=O)c1CCN1CCN(c3cncc4sccc34)CC1)CCCC2O,7.18,5,7.039306350529097,1247
C[C@@H]1CNCCc2ccc(Cl)c(F)c21,6.045,3,6.792281993205865,40
CC(C)COc1ccc(CC(=O)N(Cc2ccc(C(F)(F)F)cc2Cl)C2CCN(C)CC2)cc1,10.0,6,7.774098535714285,128
CCc1c(COC(C)C)cnc2c1CC[C@@H]1CNCCN21,6.33,5,6.877586641534396,443
COc1ncc2c(n1)CCN(CCN1CCC(c3noc4ccccc34)CC1)C2=O,8.07,10,8.190936308201055,706
O=S(=O)(c1ccccc1Cl)N1CCC(CCc2ccc(F)cc2F)CC1,8.212,4,8.07785126984127,158
O=C(NCc1ccc(OCC(O)CN2CCN(c3noc4cc(F)ccc34)CC2)cc1)N(Cc1cc(F)c(F)cc1F)C1CCNCC1,7.301,1,7.6188934246031685,686
CCC(=O)N[C@H]1CC[C@H](CCN2CCC(c3cccc4c3CCO4)CC2)CC1,7.462,6,7.628124529761905,222
CNCc1ccc(Cl)cc1Oc1cccc(Cl)c1,7.31,5,6.770795312169313,7
COc1cc(C(F)(F)F)ccc1CN(C(=O)OCc1ccc(OC(C)C)cc1)C1CCN(C)CC1,10.0,7,8.191379337301587,76
Cc1ncnc(C)c1-c1cc(NC(=O)c2ccccc2)ccc1OCCN1C[C@@H]2C[C@H]1CO2,8.256,4,8.032971097883594,1248
COc1cc(F)c(F)cc1CN(C(=O)Cc1ccc(OC(C)C)cc1)C1CCN(C)CC1,10.0,6,7.6979012777777776,128
O=C(CCCN1CCN(c2cccnc2)CC1)c1ccc(F)cc1,6.52,3,7.370073703703703,1249
NCc1cc(OCc2cc(F)ccc2F)n(CC2CCCC2)n1,7.92,1,8.000342285714286,274
COc1cc(OCCC(F)F)c(OC)cc1CCN,6.41,2,7.229658890211643,188
Cc1noc(C)c1-c1cc(NC(=O)c2ccc(F)cc2)ccc1OC[C@H]1CCCCN1,8.535,2,8.179938084656088,1250
O=S(=O)(c1ccccc1)N(CCCN1CCC(c2noc3cc(F)ccc23)CC1)C1COC1,8.03,3,8.197278546296298,385
O=C(N[C@H]1CC[C@H](CCN2CCC(c3noc4cc(F)ccc34)CC2)CC1)c1ccc(N2CCOCC2)c(F)c1,7.76,2,8.519285873015866,381
CN1C[C@H](C(=O)N[C@]2(C)O[C@@]3(O)[C@@H]4CCCN4C(=O)[C@H](Cc4ccccc4)N3C2=O)C[C@@H]2c3cccc4[nH]cc(c34)C[C@H]21,8.1,6,7.47307433597883,507
COc1cc(SCC(F)F)c(OC)cc1CCN,7.52,2,7.130115528439154,188
CC1CNCCc2c(Cl)cc(Cl)cc21,6.835,3,6.864043677248676,40
Cc1ccc2c(c1)C(Oc1ccc(Cl)cc1OC1CNC1)CC2,8.097,1,7.31173155753968,1251
COc1cc2c3c(c1O)-c1cc(N)ccc1CC3N(C)CC2,6.07,9,6.7122683478835965,81
O=S(=O)(c1ccc(F)cc1)N1CCC(CCc2ccc(F)cc2F)CC1,7.282,4,7.987396472222222,158
O=S(=O)(c1cccc2ncccc12)N1CCC(CCN2CCN(c3cccc(Cl)c3)CC2)CC1,6.708,7,6.774899523809526,42
Cc1cc2c(cc1Cl)N(C(=O)Nc1ccc(Oc3cnccc3C)nc1)CC2,8.101,7,6.897485142857142,52
NCC1c2ccccc2Cc2cc(Br)ccc21,8.815,1,6.817668138888887,152
O=C(N[C@H]1CC[C@H](CCN2CCC(c3coc4ccccc34)CC2)CC1)c1ccc(C(F)(F)F)cc1,8.322,9,8.04335822222221,55
O=S(=O)(c1cncc2ccccc12)N1CCCC[C@@H]1CCN1CCN(c2cccc3sccc23)CC1,7.19,10,7.549081900793644,1252
O=C(N[C@H]1CC[C@H](CCN2CCN(c3nsc4ccccc34)CC2)CC1)OCc1cccs1,9.221,9,8.74593153042328,1253
Cn1nccc1-c1cc(NC(=O)Nc2cccc(F)c2)ccc1OCCN1CCOCC1,9.09,10,8.56716411904762,356
O=C1Nc2ccccc2C12CCN(CCN1CCN(c3ccc(F)cc3)CC1)C2,7.23,4,6.946468753968252,655
CNC(C)c1ccccc1Oc1ccc(Cl)c(Cl)c1,6.421,5,6.618215305555554,7
c1cc2c3c(c1)C1(CCOCC1)CN3CCNC2,4.301,8,5.090284058201056,1254
Cc1ccc(-c2n[nH]c3c2CCNCC3)cc1,6.8,10,6.568285888888885,1255
O=S(=O)(N[C@H]1CC[C@H](CCN2CCN(c3nccc4c3CCO4)CC2)CC1)c1ccccc1,7.15,2,7.458562669312169,1256
CCOC(=O)Cc1nn(CNC(=O)CCN2CCN(c3ccc(C)c(C)c3)CC2)c(=O)c2cc(F)ccc12,6.881,5,7.387167188672433,41
CCCn1c(-c2ccccc2)cc(C(=O)NCCCN2CCN(c3ccccc3OC)CC2)c1C,6.02,8,6.631728634920631,13
Fc1cccc(Cc2ccnc3c2CC[C@@H]2CNCCN32)c1,6.865,7,7.508858078042329,205
O=c1n(CCCCCCN2CCN(c3nsc4ccccc34)CC2)c2cccc3c2n1CCC3,7.92,7,8.079764999999998,1257
CC(Oc1ccc(Br)cc1OC1CNC1)c1cccc(Cl)c1,7.137,3,7.27267402513228,74
CCCN(CC)CCc1c[nH]c2ccc(F)c(F)c12,6.15,1,7.057563533068777,89
CCOP(=O)(OCC)c1ccc2[nH]cc(CCN(C)C)c2c1,6.209,1,6.917653083333332,89
O=C(N[C@H]1CC[C@H](CCN2CCC(c3cccc4c3CCO4)CC2)CC1)c1ccc(-c2ccccc2)cc1,7.55,6,7.424549055555552,1258
O=c1[nH]c2ccc(CCN3CCN(c4cccc5sccc45)CC3)cc2o1,8.32,5,7.661886739417992,1259
CN1CCN2c3c(cccc31)[C@@H]1CN(CCNC(=O)c3ccc(F)cc3)CC[C@@H]12,6.172,4,7.830576777777784,1260
CC(N)Cc1c[nH]c2ccc(O)cc12,8.31,1,6.897308154761907,89
C1=CC2CNCCN3C[C@@H]4CCC[C@@H]4C(=C1)C23,6.828,3,6.7855023068783025,1261
COc1cc(C(F)(F)F)c(OC)cc1CCN,8.471,2,7.23501386147186,188
Cc1c(Br)c(C(=O)N2CCN(CC(=O)c3ccc(F)cc3)CC2)nn1C,8.34,6,7.858845882635888,163
CC(C)COc1ccc(CN(Cc2ccn(C)n2)C(=O)NC23CCN(CC2)CC3)cc1,7.26,2,7.47574193386244,1262
COc1cccn2c(=O)n(CCCCN3CCN(c4cccc5sccc45)CC3)nc12,7.07,3,7.09369605687831,121
O=C(CCCN1CCC(O)(c2ccc(Cl)c(C(F)(F)F)c2)CC1)c1ccc(F)cc1,8.351,7,7.002963164021167,1229
CS(=O)(=O)CC(=O)N[C@H]1CC[C@H](CCN2CCN(c3cccc4c3OCO4)CC2)CC1,7.658,5,7.668066833333337,5
Cc1noc2c1C(=O)N(CCN1CCC(c3noc4ccccc34)CC1)CC2,8.098,1,8.31989916269841,1263
COc1ccnc2[nH]cc(C3=CCCN(C)C3)c12,7.253,6,6.718721160052912,310
Nc1ccccc1C(=O)CCCN1CC[C@@H]2[C@H](C1)c1cccc3c1N2CCC3,8.765,8,8.269031794973547,435
Cc1cccc2c1C(=O)N1CCNC[C@H]1C2,7.017,10,6.392170464285712,149
CN(C)/C=N/N=C/c1cn(S(=O)(=O)c2cccc3ccccc23)c2cccc([N+](=O)[O-])c12,6.258,10,6.113628761904767,1264
Cc1c(Cl)cccc1N1CCN(CCCNC(=O)c2nc(-c3ccccc3)n(-c3ccccc3)c2C)CC1,7.86,2,7.297922439153439,442
O=S(=O)(NCCCN1CCC(c2noc3cc(F)ccc23)CC1)c1ccc2cc(Cl)ccc2c1,8.51,7,8.68534143253968,1265
Cc1c(C(=O)NCCCN2CCN(c3cccc(Cl)c3)CC2)cc(-c2ccccc2)n1Cc1ccccc1,6.749,1,6.955347364478113,438
OC1(c2ccc(Cl)cc2)CCN(CCCc2nc3ccccc3s2)CC1,6.78,9,6.586569142857144,1266
Cc1c(Cn2ncc(N3CCNCC3)cc2=O)cccc1NC(=O)c1ccc(-c2ccccc2)cc1,7.7,2,6.8571016891534375,29
O=C(N[C@H]1CC[C@H](CCN2CCC(c3coc4ccccc34)CC2)CC1)c1ccc2c(c1)OCO2,8.06,8,8.04937306349207,1267
O=C1COc2cc(F)c(CCN3CCN(c4cccc5sccc45)CC3)cc2N1,7.089,4,7.208963618506498,555
CSc1ccc2c(c1)N(C[C@H](C)N)CC2,6.783,1,6.681845646825398,865
O=C(NCCCCCCN1CCN(c2nsc3ccccc23)CC1)c1ccccc1,8.399,7,7.314468862433859,1268
O=C(c1cccn2cc(-c3ccccc3)nc12)N1CCN(CCc2ccc(F)cc2)CC1,7.34,6,7.536323470298217,1269
CN1CCN(c2nc(Nc3ccccc3)c3cn[nH]c3n2)CC1,7.6,3,6.713530436507939,521
COc1cccc(N2CCN(CCCCNC(=O)c3cc4ccccc4o3)CC2)c1,7.4,1,7.008745556878298,101
N#Cc1cnn2ccc(NC(=O)CCCN3CCN(c4cccc(Cl)c4Cl)CC3)cc12,8.25,5,7.204282551587299,885
CCOC(=O)Cn1c(NCCCN2CCN(c3ccccc3)CC2)nc2c1c(=O)n(C)c(=O)n2C,6.0,6,6.119208063492059,1270
COc1ccccc1N1CCN(CCCCNC(=O)c2cc3ccccn3n2)CC1,6.425,4,6.56264959696785,141
COc1cc(F)c(Cl)cc1C1CC1CN,6.745,8,6.813101067460322,70
CN1CCCC(n2nc(Cc3ccc(Cl)cc3)c3ccccc3c2=O)CC1,6.64,5,7.08860723015873,1271
COC(C)CC(=O)N[C@H]1CC[C@H](CCN2CCN(c3cccc4c3OCO4)CC2)CC1,7.61,5,7.562842632275132,5
O=C1[C@@H]2[C@H](C(=O)N1CCCCN1CCN(c3cccc4ccsc34)CC1)[C@H]1C=C[C@@H]2C1,7.497,4,7.403537571428576,1272
CCc1nc(N)[nH]c1-c1cn(S(=O)(=O)c2ccccc2)c2ccccc12,6.97,10,5.588884794973543,48
Fc1ccc2c(C3=CCCNC3)n[nH]c2c1,7.238,10,6.481116281746025,649
O=c1n(CCCCCCN2CCN(c3cccc4c3OCCO4)CC2)nc2ccccn12,6.36,3,6.583722456349205,1273
Cc1c(C(=O)NCCCN2CCN(c3ccccc3Br)CC2)cc(-c2ccccc2)n1C,6.658,8,6.988133701058202,13
Cc1c(Cl)cc2c(c1Cl)CCN2C(=O)Nc1cccnc1,7.497,7,6.506230417989418,440
O=S(=O)(c1ccccc1)c1c[nH]c2cccc(CCN3CCCCCC3)c12,7.401,2,7.120084749999997,1274
CCC1(C)CC(=O)N(CCCCN2CCN(c3cccc4sccc34)CC2)C(=O)C1,7.588,8,7.535167620370372,1031
CCSc1cc(OC)c(CC(C)N)cc1OC,8.265,2,7.384703847883593,188
O=S(=O)(NCCCN1CCC(c2noc3cc(F)ccc23)CC1)c1ccc2ccccc2c1,8.551,7,8.873464289682545,1265
O=C(N[C@H]1CC[C@H](CCN2CCC(c3noc4cc(F)ccc34)CC2)CC1)C1COc2ccccc2O1,8.59,1,8.52038017724868,1275
Cc1noc(C)c1-c1cc(NC(=O)C2CC2)ccc1OCCN1CCCC1,8.113,3,7.792881431216929,1276
Nc1ccc2c(c1)N(CCCCN1CCN(c3cccc4sccc34)CC1)S(=O)(=O)CC2,8.551,5,7.0669602301587275,1277
N#CCC(=O)N[C@H]1CC[C@H](CCN2CCC(c3noc4cc(Cl)ccc34)CC2)CC1,7.809,1,8.330966097222218,111
Cc1ccn2c(=O)c(CCN3CC[C@H]4[C@@H](C3)c3cccc5c3N4CCN5C)c(C)nc2c1,6.152,10,6.9113681269841285,1278
OC1(c2ccc(Cl)c(C(F)(F)F)c2)CCN(CCCC(c2ccc(F)cc2)c2ccc(F)cc2)CC1,6.441,9,6.666510130952379,1279
O=C1c2ccccc2S(=O)(=O)N1CCCCCN1CCN(c2ccccc2)CC1,6.5,8,6.5304452182539725,6
Cc1noc(C)c1-c1cc(NC(=O)[C@@H]2C[C@@H]2F)ccc1OCCN1CCCC1,8.207,3,8.088864515873023,1276
O=S(=O)(NCCCN1CCN(c2nsc3ccccc23)CC1)c1cc2ccccc2s1,7.959,1,8.171950681216929,1187
Clc1cc2c3c(c1)CNCCN3CC2,4.301,4,5.316155869047611,18
CC(=O)c1c(C)cc2oc(=O)cc(C)c2c1OCCCN1CCN(c2ccccc2C#N)CC1,7.19,2,6.796138015873016,420
Cc1cc2c(cn1)C(=O)N(CCN1CCC(c3noc4ccccc34)CC1)CC21CC1,8.66,9,8.518913128306878,1280
COc1ccc(CN(C(=O)OCc2ccc(OC(C)C)cc2)C2CCN(C)CC2)c(Cl)c1,7.801,7,7.076652976190481,76
Cn1cc(C(F)(F)F)c(C(=O)N2CCN(CC(=O)c3ccc(F)cc3)CC2)n1,7.55,6,7.615239498677249,163
Clc1cccc(N2CC[C@H]3CNC[C@H]32)c1,6.38,10,6.746297816137565,1281
CN1CCC(N(Cc2ccc(F)cn2)C(=O)NCc2ccc(OCC(F)(F)F)c(Br)c2)CC1,8.018,7,7.550275433251933,223
O=C(N[C@H]1CC[C@H](CCN2CCC(c3cccc4occc34)CC2)CC1)C1CCOCC1,8.66,7,8.406699508778258,1282
CC(CCN1CCN(c2ccccc2)CC1)NS(=O)(=O)c1ccc2ccccc2c1,7.9,10,6.931066146825392,548
Brc1ccc2c3c1CCCCN3CCNC2,4.301,7,6.638466091269839,954
CCOc1cc2c3c(c1OC)-c1cc(OC)c(OC)cc1C[C@@H]3N(C)CC2,6.29,9,6.598431222222223,81
CC(=O)N1CCN(CCOc2ccc(NC(=O)c3cccc(C(F)(F)F)c3)cc2-c2ccnn2C)CC1,8.37,8,8.22945398280424,262
Cc1ncnc(C)c1-c1cc(NC(=O)CNC2CCCC2)ccc1OCCN1CCCC1,6.91,8,7.452676966931215,1283
C=CCOc1c(OC)cc2c3c1-c1cc(N(C)C)ccc1CC3N(C)CC2,6.499,9,6.405982730158731,81
O=c1c2ncccc2ccn1CCN1CCN(c2noc3ccccc23)CC1,7.721,7,8.075976764550266,1284
Nc1nc(SCCN2CCN(Cc3cccc(C(F)(F)F)c3)CC2)nc(N)c1Cc1ccccc1O,7.03,5,6.815000523809524,467
COc1ccccc1N1CCN(CCCCN2C(=O)C3C4C(C)=CC(OC(C)=O)(CC4C)C3C2=O)CC1,6.13,9,6.361019546777298,566
O=C(NC1CC1)c1cc(OCCCCN2CCC(c3noc4cc(F)ccc34)CC2)ccn1,6.779,6,7.368110753968249,1285
COc1ccc(N2CCN(CCCOc3c(C)cc(C)cc3C)CC2)cc1,6.111,9,6.722524480158734,288
Cn1ncc(Br)c1-c1cccc(NC(=O)Nc2ccc(Cl)cc2)c1,7.72,9,6.638143547619047,104
COC(CC(=O)N[C@H]1CC[C@H](CCN2CCC(c3coc4ccccc34)CC2)CC1)OC,8.23,5,8.231221890211643,182
CC(C)COc1ccc(CNC(=O)N(Cc2ccc(F)cn2)C2CCN(C)C3(CC3)C2)cc1,8.096,5,7.8911855515873075,1286
Cc1cc2c(cc1OCCCCN1CCN(c3cccc4cc(F)ccc34)CC1)C(=O)NC2,7.53,4,7.37539873809524,190
CCCc1nc(C(=O)NCCCN2CCN(c3cccc(Cl)c3Cl)CC2)c(C)n1-c1ccccc1F,7.679,3,7.2777774047619115,103
COc1c(OCCOCCOCCOCCOCCOCCOCCOCCOCCOCCOCCOCCOc2ccc(C3CCN(c4ccn5c(CC6CC6)nnc5c4Cl)CC3)cc2)cccc1C(=O)C1CCN(CCc2ccc(F)cc2)CC1,6.425,4,6.809910726190481,1287
Cc1ccc2on(C[C@@H]3C[C@H]4c5ccccc5Oc5ccc(Br)cc5[C@H]4O3)c2c1,7.44,7,6.736900902116404,1072
N#Cc1ccc2on(C[C@@H]3C[C@H]4c5ccccc5Oc5ccc(Br)cc5[C@H]4O3)c2c1,6.731,7,6.498847860870608,1072
COc1ccc2[nH]nc(C3=CCCNC3)c2c1,6.27,10,6.338975753607502,649
Cn1c(=O)c2c(nc3n2CCCN3CCCCN2CCN(c3ccccc3)CC2)n(C)c1=O,6.61,3,6.355677125661375,1288
[2H]C([2H])([2H])Oc1cc(C(C)(C)C)c(OC([2H])([2H])[2H])cc1CCN,7.959,2,7.052690701418956,188
COc1cc(C(C)(C)C)c(OC)cc1CCN,8.19,2,7.138279563852819,188
CN1C2CCC1CC(OC(c1ccc(F)cc1)c1ccc(F)cc1)C2,7.76,4,7.317798473544981,729
COc1ccccc1CCCN1CC[C@@H]2[C@H](C1)c1cccc3c1N2CCC3,7.4945,2,7.382720287037043,1289
Cc1c(C(=O)NCCN2CCN(c3cccc(Cl)c3Cl)CC2)cc(C(C)(C)C)n1C,7.301,6,6.941204281746033,952
O=C(COc1ccc(-c2ccc(Cl)cc2)cc1)Nc1ccc(CN2CCCCC2)cc1,7.04,1,6.9984221269841225,1290
Cc1cnoc1C(=O)Nc1ccc(OC[C@H]2CCCCN2)c(-c2c(C)ncnc2C)c1,7.565,10,7.561422801587305,1291
COc1cccc2c1-c1c(ccn1CC(C)N)C2,6.4,10,7.0835758571428595,309
COc1ccc(C2NCCc3c2[nH]c2ccc(Cl)cc32)cc1OC,7.091,6,6.995707523809522,44
N#Cc1ccc(C(=O)N[C@H]2CC[C@H](CCN3CCN(c4nccc5c4CCO5)CC3)CC2)cc1,7.89,9,7.807545462962965,815
Cn1ccc2cc(S(=O)(=O)N[C@@H]3CCN(CCCc4noc5ccccc45)C3)ccc21,9.48,9,8.452173606481479,1292
Cc1ncnc(C)c1-c1cc(NC(=O)c2cccc(C#N)c2)ccc1OCCN1CCC1,8.77,8,8.209136832010575,671
O=C1[C@@H]2[C@H]3CC[C@H](C3)[C@@H]2C(=O)N1CCCCCCN1CCN(c2cccc(Cl)c2Cl)CC1,6.79,2,6.987676324074076,925
COCc1ccc(CCN2CCC(COc3nc4ccccc4c4cn(C)cc34)CC2)cc1,6.7,6,6.3345650198412695,484
O=C1NCc2cc(F)c(OCCCN3CCN(c4cccc5ccccc45)CC3)cc21,7.49,10,7.965685641534395,135
CCc1ccc2c(c1)Oc1cc(Cl)ccc1N=C2N1CCN(CC(C)(C)C(=O)O)CC1,7.888,3,7.244747575396823,596
CC(C)COc1ccc(CN(Cc2ccn(C)n2)C(=O)N[C@@H]2CCNC[C@H]2F)cc1,7.26,7,7.576894248196262,472
CC(C)(C)c1ccc(C(=O)CCCN2CCC(OC(c3ccccc3)c3ccccc3)CC2)cc1,7.315,8,6.854795862433859,1293
c1ccc2cc(COC3CCNCC3)ccc2c1,6.156,7,6.895981232804231,1294
Cc1nc2ccc(CCCCCN3CCN(c4cccc5sccc45)CC3)cc2c(=O)[nH]1,6.11,3,7.034404625661373,946
O=C1NCc2ccc(OCCCCN3CCN(c4cccc5cc(F)ccc45)CC3)cc21,8.02,4,7.846880805555549,190
O=c1ccc(-n2ccc3ccccc32)nn1CCCCN1CCN(c2cccc(C(F)(F)F)c2)CC1,7.08,6,6.74855351984127,1295
CCCCC(=O)N[C@H]1CC[C@H](CCN2CCC(c3cccc4c3CCO4)CC2)CC1,6.988,6,7.47192796164021,222
Cc1cccc(N2CCN(CCCNC(=O)c3cn[nH]c3C)CC2)c1,7.481,5,6.4022048293650755,1296
O=S(=O)(c1cncc2ccccc12)N1CCC[C@@H]1CCN1CCN(c2cccc3[nH]ccc23)CC1,7.105,4,6.918286409391531,1297
Cc1cccc(N2CCN(CCCNC(=O)c3nc(C)n(-c4ccccn4)c3C)CC2)c1C,6.529,3,7.125595698412699,1298
CN(C1CCN(CCOc2ccccc2C(C)(C)C)CC1)S(=O)(=O)c1cnn(C)c1,6.252,7,6.7652330515873045,506
FC(F)(F)c1ccc(-c2nc(Cc3ccccc3)nc3c2CCNCC3)cc1,9.1,9,7.729081444444447,497
C[C@H](N)Cc1cccc(C(F)(F)F)c1,6.73,2,6.519681925925922,188
CC(=O)c1c(OCCCN2CCN(c3ccccc3Cl)CC2)ccc2c(C)cc(=O)oc12,7.659,3,7.421436693121691,678
O=C1c2cccc3cccc(c23)N1CCCCCCN1CCN(c2ccc(Cl)c(Cl)c2)CC1,6.309,5,6.6161811570466575,350
CNC(=O)c1cc(Oc2ccc(NC(=O)Nc3ccc(Cl)c(C(F)(F)F)c3)cc2)ccn1,6.071,2,6.314324444444447,1299
CCCC(=O)N[C@H]1CC[C@H](CCN2CCC(c3cccc4c3OCO4)CC2)CC1,7.45,3,7.556419144059643,63
CC(C)COc1ccc(CNC(=O)N(Cc2ccc(F)cn2)C2CCN(C)CC2)cc1,7.85,7,8.19508135016835,223
O=S(=O)(c1ccc2ccccc2c1)N(CCCN1CCN(c2ccccc2)CC1)CC1CC1,7.447,2,7.265729794973548,1176
Cc1ncnc(C)c1-c1cc(NC(=O)[C@@H]2C[C@H]2F)ccc1O[C@@H]1CCCNC1,7.8085,5,7.4495701375661385,1300
COc1ccccc1-n1c(C)nc(C(=O)NCC(O)CN2CCN(c3cccc(Cl)c3Cl)CC2)c1C,7.282,3,7.114100670634921,103
Cn1cc(Br)c(C(=O)N2CCN(CCc3cccc(F)c3)CC2)n1,6.268,3,7.415125379629628,64
CN(C)CC1CC2c3cccc(C(F)(F)F)c3Cc3ccccc3N2O1,6.0,8,7.301304759259266,303
CC(C)COc1ccc(CNC(=O)N(Cc2ccc(F)cc2)C2CCN(CCN(C)C)CC2)cc1,7.12,2,7.891478980158725,19
c1cc(CC2CCCCO2)c2c(n1)N1CCNC[C@H]1CC2,6.67,1,6.874617642015394,1301
COc1ccc(N2Cc3c(F)c(F)cc(Cl)c3C2=O)cc1OCCN1CCC(C)CC1,6.3,1,6.521750051587303,73
CNC(C)c1ccccc1Oc1ccc(Cl)cc1,6.75,5,6.475927124338626,7
C[C@@H]1CNC[C@H]2c3cccc(C(F)(F)F)c3C(=O)N12,6.709,9,6.644882547619047,185
CC(=O)NC1CCN(Cc2ccc(CCNC(=O)c3ccc(-c4ccc(F)cc4)cc3)cc2)CC1,6.442,3,7.2012282235449705,126
O=C1c2ccccc2CCCN1CCN1CCC(Oc2ccccc2)CC1,6.81,6,7.169592825396832,1071
CC(=O)N[C@H]1CC[C@H](CCN2CCN(c3nsc4ccccc34)CC2)CC1,8.238,5,9.082143478835981,321
CCNCc1ccc(Cl)c(-c2ccccc2OC)c1,6.04,9,6.950502234126992,202
N#Cc1ccc(C(=O)N[C@H]2CC[C@H](CCN3CCC(c4coc5ccccc45)CC3)CC2)cc1,8.23,9,8.052608547619041,55
Cc1ccc2c3c1C(C)CN3CCNC2,7.058,4,5.587286908730153,18
COc1cccc(NC(=O)NCCCN2CCC(Cc3ccccc3)CC2)c1,6.21,7,6.2200766957671965,509
O=C1Nc2ccccc2C12CCN(CCN1CCN(c3ccc(Cl)c(Cl)c3)CC1)C2,6.57,4,6.630624868326115,655
O=S(=O)(c1cccc2cccnc12)N(CCCN1CCN(c2cccc(C(F)(F)F)c2)CC1)CC1CC1,7.122,8,7.079580293650788,306
O=C(N[C@H]1CC[C@H](CCN2CCC(c3cccc4c3CCO4)CC2)CC1)c1ccc(-c2cccnc2)cc1,7.59,10,7.419561246031742,1302
O=C(N[C@H]1CC[C@H](CCN2CCC(c3coc4ccccc34)CC2)CC1)C(F)(F)F,8.06,5,8.174311832010579,182
Cc1nc(CN(Cc2ccc(OCC(C)C)cc2)C2=NOC3(CCN(C)CC3)N2)c(C)o1,7.26,3,6.960150841269837,648
c1ccc(CCN2CCC(c3c(-c4ccccc4)[nH]c4ccccc34)CC2)cc1,9.31,9,7.646688462962962,1303
CCC(C)(CC)NC1=NCCNC(c2ccc(C)cc2)=C1,7.83,6,7.926198087301587,279
O=S(=O)(NCCCN1CCN(c2noc3ccccc23)CC1)c1ccc(OC(F)(F)F)cc1,6.02,3,7.035865203944207,1304
Cn1cnc2c1CCCN(CCN1CCC(c3noc4ccccc34)CC1)C2=O,8.72,8,8.307800277777776,1305
COc1cc(Br)c(OC)c2c1[C@H](CN)C2,9.138,7,7.415290505291002,1306
O=C1Cc2cc(CCN3CCN(c4cncc5sccc45)CC3)c(Cl)cc2N1,6.94,6,7.01736358994709,1307
O=S(=O)(c1cncc2ccccc12)N1CCC(CCN2CCN(c3cccc(C(F)(F)F)c3)CC2)CC1,6.79,1,6.634421105820107,480
O=C(N[C@H]1CCN(Cc2ccc(F)cc2)C1)c1ccc(-c2cccs2)cc1,7.852,10,7.022655444444448,384
CS(=O)(=O)N[C@H]1CC[C@H](CCN2CCC(c3noc4ccc(F)cc34)CC2)CC1,7.56,1,8.298192420634921,111
OC1(c2ccc(Cl)cc2)CC2CCC(C1)N2CCCSc1ccc(F)cc1,7.05,5,6.900936337301591,1308
CCN(C(=O)Cc1ccc(S(=O)(=O)N(C)C)cc1)C1CCN(CCC(c2ccccc2)c2ccccc2)CC1,6.098,5,7.26684644047619,1309
S=C(NCCN1CCN(c2ncccn2)CC1)C12CC3CC(CC(C3)C1)C2,7.21,4,6.8294445132275134,1310
O=C(CO)N[C@H]1CC[C@H](CCN2CCC(c3noc4cc(F)c(F)cc34)CC2)CC1,7.93,1,8.294040504208754,111
O=S(=O)(c1cccc2ncccc12)N1CCC(CCN2CCN(c3cccc(Cl)c3Cl)CC2)CC1,6.54,7,6.837934452380954,42
CN1CCc2cc(-c3ccc(O)cc3)c(O)cc2C(c2ccccc2)C1,6.08,8,7.250951783068781,988
OCC1CCN(Cc2ccc(OCCCc3ccc(-c4ccc(Cl)cc4)nn3)cc2)CC1,6.101,4,5.722238246031745,1178
COc1ccc2c(c1)CC(CN1CCN(c3ccccc3OC)CC1)CC2=O,6.05,10,6.458715449735453,1311
c1ccc(CCN2C3CCC2CC(N2CCC(c4c(-c5ccccc5)[nH]c5ccccc45)CC2)C3)cc1,8.755,3,7.880343925264547,1312
Cc1ccc(N(CC2=NCCN2)c2cccc(O)c2)cc1,6.72,2,7.042818111111108,1313
CNCc1cc(Cl)ccc1Oc1ccc(Cl)c(Cl)c1,6.369,5,6.665209051587299,7
CN1CCC(N(Cc2ccc(F)cn2)C(=O)NCc2ccc(OCCCC(F)F)cc2)CC1,8.245,7,7.618087110750364,223
CCCCCc1cc(OC)c(CC(CC)NCc2ccccc2OC)cc1OC,8.815,10,7.673503805555549,117
CC(C)c1ccc(Nc2nc(N3CCN(CCO)CC3)nc3ccccc23)cc1,6.828,8,6.738329664021165,212
O=S(=O)(NCCN1CCN(c2nsc3ccccc23)CC1)c1ccc2ccccc2c1,9.048,1,8.693644640211641,1314
COCCN(C)CCOc1ccc(NC(=O)C2CC2)cc1-c1c(C)ncnc1C,7.493,8,7.607529708994713,98
O=C1c2c(Cl)cccc2C[C@@H]2CNCCN12,6.545,10,6.508864753968259,149
CN(C)[C@@H]1Cc2ccccc2[C@@H](c2cccc(C(F)(F)F)c2)C1,7.1,8,7.68455718650794,215
CC[C@@H]1O[C@](/C=C/C2CC2)(C(F)(F)F)c2c(ccc(F)c2F)NC1=O,4.82,10,6.950578607142858,1315
Cc1ccc(C2=CC(NC(C)(C)C)=NCCN2)c(F)c1,7.85,6,7.167596898148149,279
CN1CCC(NC2=Nc3cc(Cl)ccc3Oc3ncccc32)CC1,6.45,9,6.607217191798946,1316
Cc1nc(C(=O)NCCCN2CCN(c3cccc(Cl)c3Cl)CC2)c(C)n1-c1ccccc1C(F)(F)F,7.238,3,7.356212911375663,103
CN(C)CC1CC2c3ccccc3Cc3ccc(F)cc3N2O1,8.94,8,7.121221656746034,303
CCCCOc1cc2c(cc1OC)-c1c(OC)c(OC)cc3c1[C@H](C2)N(C)CC3,6.57,9,6.347261604497354,81
O=C(N[C@H]1CC[C@H](CCN2CCN(c3nccc4c3CCO4)CC2)CC1)c1cnc(N2CCOCC2)cn1,7.74,8,7.675022486772482,1317
CNCCc1c[nH]c2cccc(O)c12,8.21,1,6.762660925925924,89
Cc1cccnc1-c1ccc(C(=O)NC/C=C/CN2CCN(c3cccc(Cl)c3Cl)CC2)cc1,7.329,4,7.208418834656081,941
COc1ccc2c(c1Cl)CCNCC2,7.21,3,6.762326080687834,40
CC1Cc2cccc3c2N1CCNC3,4.301,4,6.247389279761903,18
O=S(=O)(NCCCN1CCC(c2noc3cc(F)ccc23)CC1)c1cccc2ccccc12,8.77,7,9.020722447089952,1318
Cn1ncc(Br)c1-c1cccc(NC(=O)Nc2ccc(OC(F)(F)F)cc2)c1,6.92,9,6.738901058201056,104
O=c1[nH]c2ccc(CCN3CCN(c4cccc5sccc45)CC3)cc2s1,8.12,6,7.675124068783066,1319
Cc1nc(CN(Cc2cn3ccccc3n2)C2=NOC3(CCN(C)CC3)N2)co1,7.26,5,6.845255220899471,1320
CNCc1cc(OCc2cc(C)ccc2F)n(C(C)C2CCCCC2)n1,8.601,6,8.376848042022788,94
CC1(CN)c2ccccc2Cc2ccccc21,7.189,1,6.782823082010578,152
CCOC1CC1C(=O)Nc1ccc(OCCN2CCC2)c(-c2c(C)noc2C)c1,7.11,2,7.925862841269838,38
CCC(=O)N[C@H]1CC[C@H](CCN2CCC(c3coc4ccccc34)CC2)CC1,8.347,5,8.260770215608465,182
Cc1ncnc(C)c1-c1cc(NC(=O)c2ccccc2)ccc1OCCN1CCCC1,8.351,10,8.102206145502652,492
COc1ccc2[nH]cc(CCN3CCN(c4cccc5sccc45)CC3)c2c1,7.592,1,6.927824321428572,621
O=C1Nc2ccccc2C12CCN(CCN1CCN(c3ccccc3Cl)CC1)C2,6.34,4,6.723466224386727,655
CN1C(=N)N(C)/C(=C/c2c[nH]c3cc(F)ccc23)C1=O,6.63,6,5.983590916666666,79
COc1ccc(NC(=O)Nc2ccc(F)cc2)cc1-c1c(Br)cnn1C,9.6,9,7.904128455026453,104
Cc1cc2c(cn1)C(=O)N(CCN1CC=C(c3noc4ccccc34)CC1)CC2,7.942,4,8.197209633597879,1321
Cc1ccc(-n2nc(C(C)(C)C)cc2NC(=O)Nc2ccc(OCCN3CCOCC3)c3ccccc23)cc1,9.432,3,6.832753578042324,1322
O=C(CCCN1CCCN(c2ccc(Cl)cc2)CC1)c1ccc(F)cc1,7.63,2,7.072371324074075,1323
O=C(N[C@H]1CC[C@H](CCN2CCN(c3nccc4c3CCO4)CC2)CC1)c1ccnc2ccccc12,8.44,1,7.756415716810972,1324
CN1C(=O)c2c(cccc2C(F)(F)F)[C@H]2CNC[C@@H]21,7.063,7,6.572233240740739,34
Cc1cc(OCCCN2CCC(c3noc4cc(F)ccc34)CC2)ccc1CN1CCOCC1,8.29,9,7.967169925925927,224
CN1CCN(Cc2ccc(OCCCN3CCC(c4noc5cc(F)ccc45)CC3)cc2)CC1,8.329,10,8.218166095238097,1325
O=C1Cc2cc(CCN3CCN(c4nsc5ccccc45)CC3)c(Cl)cc2N1,9.781,9,9.3679120734127,1326
CCOc1ccccc1-c1cc(Cl)cc2c1N1CCNCCC1C2,6.66,7,6.335406575396827,465
COc1ccc(CCN(CCCc2ccc(Br)cc2)CCc2ccc3c(c2)OCO3)cc1OC,6.66,10,6.9634114933862445,47
O=S1(=O)c2ccccc2CCC12CCN(CCc1ccc(F)cc1F)CC2,9.39,8,7.966123295093797,1327
CCC(=O)N1CC[C@H](Nc2ncnc3c2CN(c2cnc(OC)c(C(F)(F)F)c2)CC3)C1,4.523,7,6.277739974867725,1328
Cc1ccccc1C(=O)Nc1ccc(OCCN2CCC2)c(-c2c(C)ncnc2C)c1,7.59,8,8.08366014021164,671
COc1ccc(Cn2nnc(C(=O)NCCCCCN3CCN(c4cccc(Cl)c4Cl)CC3)c2C)cc1,8.492,8,7.681157412698412,469
O=C(Cc1noc2ccccc12)N[C@H]1CC[C@H](CCN2CCN(c3nccc4c3CCO4)CC2)CC1,7.56,6,7.901643829365075,1329
CCN(CCN1CCC(c2noc3cc(F)ccc23)CC1)C(=O)C1(O)CCOCC1,8.82,5,8.856164291005287,1330
CCCCC(C)Oc1cc2c(cc1OC)-c1c(OC)c(OC)cc3c1[C@H](C2)N(C)CC3,6.35,9,6.659438805555554,81
CC(C)N1CCC(N(Cc2ccc(F)cn2)C(=O)NCc2ccc(OCC(F)(F)F)cc2)CC1,8.003,7,7.527336436859443,223
O=C1CN2c3c(cccc3[C@@H]3CN(CCCOc4ccc(F)cc4)CC[C@@H]32)N1,7.959,1,8.002240126984129,209
CCc1ccc2c(c1)Oc1cc(C)ccc1N=C2N1CCN(CC2(C(=O)O)CC2)CC1,7.888,4,7.419025805555557,59
O=C(CCCN1CCN(c2ccc(Cl)cn2)CC1)c1ccc(F)cc1,7.34,4,7.668326058201054,668
c1ccc(-c2c3c(nn2-c2ccccc2)CCNCC3)cc1,6.22,4,7.534859552910052,1331
Cc1nc2c(o1)C(=O)N(CCN1CCC(c3noc4ccccc34)CC1)CCC2,7.881,3,8.298575939153439,1332
O=C(NCCCCN1CCN(c2cccc3ccccc23)CC1)c1ccccc1,8.521,2,7.585850378306873,1333
Fc1ccc(CCN2CCC3(CCc4ccccc4C3)CC2)c(F)c1,8.539,2,8.212975013227522,1334
O=C(NC/C=C/CN1CCN(c2cccc(Cl)c2Cl)CC1)c1ccc(-c2cccc[n+]2[O-])cc1,7.24,1,7.533578093915349,1335
O=C(c1ccccc1F)N1CCC(CCc2ccc(F)cc2F)CC1,8.409,10,7.592774329365078,1336
O=C1NCc2ccc(OCCCCN3CCN(c4cccc5ccccc45)CC3)c(F)c21,8.97,4,8.196211218253962,190
O=C1c2c(cccc2C(F)(F)F)C2CNCCN12,6.92,9,6.455716462962959,185
CCCCN(C(=O)N[C@H]1CC[C@H](CCN2CCN(c3nsc4ccccc34)CC2)CC1)c1ccccc1,7.97,5,7.846974165343909,527
Cc1ncnc(C)c1-c1cc(NC(=O)C2CC2)ccc1O[C@@H]1CCCNC1,8.137,5,7.195254820105826,1300
CCOC(=O)Cc1nn(CNC(=O)CCCN2CCN(c3ccc(C)c(C)c3)CC2)c(=O)c2ccccc12,8.05,1,6.49730235449735,154
c1cc(Cc2ccc3c(c2)OCO3)c2c(c1)N1CCNCC1CC2,7.75,9,7.071599365079364,1337
C[C@@H](N)Cn1ccc2cc(F)c(F)cc21,7.1025,1,6.966645698412699,89
Cc1ccc2onc(C3CCN(CCN4CCc5cccnc5C4=O)CC3)c2c1,8.098,3,8.138268186026941,226
Oc1ccc(-c2ccc(CNCCc3c[nH]c4cc(F)ccc34)o2)cc1,7.019,8,7.566839742063495,474
O=C(N[C@H]1CC[C@H](CCN2CCN(c3nsc4ccccc34)CC2)CC1)C(F)(F)F,9.2,5,9.118414316859074,321
N#Cc1c(CN2CCN(CCc3ccccc3)CC2)cn2ccccc12,7.23,8,7.2088576071428525,1338
CN1CCN(c2ccc(O)c3c2OCC(=O)N3)CC1,4.699,7,5.06744703968254,568
Cc1noc2ccn(CCN3CCN(c4nsc5ccccc45)CC3)c(=O)c12,8.398,7,8.714198974206354,1339
Cc1c(Cl)cccc1N1CCN(CCCNC(=O)c2nc(C)n(C3CCCC3)c2C)CC1,7.092,3,7.220762329365075,503
O=c1c2ncccc2ccn1CCN1CCC(c2noc3cc(F)ccc23)CC1,8.55,7,8.214978783068787,1340
COC1(C(=O)Nc2ccc(OCCN3CCCC3)c(-c3c(C)ncnc3C)c2)CC1,8.028,3,7.932826707671951,1341
COc1cc(CCNCc2cccc(O)c2)c(OC)cc1Br,7.866,10,7.5954236984126915,117
O=c1[nH]c(CCN2CCN(c3cccc4sccc34)CC2)nc2ccccc12,7.67,6,7.358631701058198,1342
CN1CCC(N(Cc2ccc(F)cn2)C(=O)NCc2ccc(OCCCC(F)(F)F)cc2)CC1,8.565,7,7.443169507936509,223
COc1ccc(NC(=O)Nc2ccc(OCCN3CCCCC3)c(-c3ccnn3C)c2)cc1,9.27,9,8.588422566137567,93
CC(=O)NC1CCN(Cc2ccc(OCCCc3ccc(-c4ccc(F)cc4)nn3)cc2)CC1,6.15,4,5.907607718253969,1178
CN(C)CCc1cn(C)c2cccc(O)c12,6.199,1,6.845005892857142,89
O=C(NCCC(O)CN1CCN(c2cccc(Cl)c2Cl)CC1)c1cc2ccccc2[nH]1,7.319,6,7.250643373015878,539
Cc1nc(C(=O)NCCCN2CCN(c3cccc(Cl)c3Cl)CC2)cc(-c2ccccc2)n1,7.458,5,7.101632599206351,1343
Cc1ccc(N2CCN(CCC(=O)NCc3nc4ccccc4c(=O)n3-c3ccccc3)CC2)cc1C,6.321,4,6.682402107142855,1344
O=C1CCc2ccc(OCCCCN3CCN(c4cccc(F)c4Cl)CC3)nc2N1,7.51,10,8.86980467791005,429
Cc1noc(C)c1-c1cc(NC(=O)Cc2nccs2)ccc1OC[C@H]1CCCCN1,8.325,3,8.235366444444441,1345
CCCN1C[C@H](C(=O)N2[C@@H](C)C[C@@H]2C)C=C2c3cccc4[nH]cc(c34)C[C@H]21,8.84,6,8.645771431216929,558
O=C(NC1CCc2cc(CCN3CCN(c4nsc5ccccc45)CC3)ccc21)C(F)(F)F,9.82,7,9.134448747354496,27
O=c1n(CCCCCCN2CCN(c3cccc(Cl)c3Cl)CC2)nc2ccccn12,7.33,5,7.06707735185185,877
Cc1nc2n(c(=O)c1CCN1CCN(c3noc4cc(F)ccc34)CC1)CCCC2O,8.539,2,8.04898724603175,1346
Cc1ncnc(C)c1-c1cc(NC(=O)CCc2cncs2)ccc1OCCN1CCCC1,7.652,1,7.848110580687833,1347
CC(C)=CC(=O)N[C@H]1CC[C@H](CCN2CCN(c3nccc4c3CCO4)CC2)CC1,7.79,10,7.826935839345842,12
CCc1cc2c(cn1)C(=O)N(CCN1CCN(c3nsc4ccccc34)CC1)CC2,9.161,1,8.818290698412698,233
COc1cc2c3c(c1)-c1c(cccc1OC(=O)c1ccc(F)cc1)C[C@H]3N(C)CC2,6.35,5,7.1022473214285675,1348
NC[C@H]1C[C@@H]1c1ccccc1O,6.29,8,5.889481480158731,70
O=C1CCc2cc(OCCCN3CCN(c4ccccn4)CC3)ccc2N1,6.52,10,6.716384406084658,1349
O=C(N[C@H]1CC[C@H](CCN2CCC(c3cccc4c3OCO4)CC2)CC1)C1CCC1,7.771,6,7.701203637566141,1222
Cc1cc(OCCCN2CCN(c3ccccc3F)CC2)c2c(C)cc(=O)oc2c1,7.26,2,7.002508484126981,420
CCOc1ccc(NC(=O)Nc2ccc(Cl)cc2)cc1-c1c(Br)cnn1C,9.2,9,8.430594826719569,104
CNCCc1c[nH]c2ccccc12,7.29,1,6.597951410052905,89
Fc1ccc(C(c2ccc(F)cc2)N2CCN(CCCCc3nc4ccccc4s3)CC2)cc1,6.285,9,6.968395912698414,1350
O=C1c2ccccc2S(=O)(=O)N1CCCCCCN1CCN(c2ccccc2C(F)(F)F)CC1,6.038,2,6.796951123015877,143
Cc1c(F)ccc(CN(C(=O)OCc2ccc(OC(C)C)cc2)C2CCN(C)CC2)c1F,10.0,7,7.689548312169313,76
O=c1ccc2ccc(CCCCCN3CCN(c4cccc5sncc45)CC3)cc2[nH]1,6.45,8,7.2260909682539705,1351
CN1CCC(N(Cc2ccc(F)cn2)C(=O)NCc2ccc3c(c2)CC(C)(C)O3)CC1,8.566,3,8.079270317460319,268
CCCc1cnc2c(c1CC)CC[C@@H]1CNCCN21,7.61,5,6.940074296296302,443
Cc1ccc2c(c1)Oc1cc(Cl)ccc1N=C2N1CCN(CC2(C(=O)O)CC2)CC1,7.89,4,7.512156231481483,59
CCCN(CCC)CCc1c[nH]c2ccc(F)cc12,6.65,1,6.583752973544972,89
CC(C)C(=O)NC1CCc2ccc(CCN3CCN(c4nsc5ccccc45)CC3)cc21,9.12,7,9.480801367724862,27
O=[N+]([O-])c1ccc2c(c1Cl)CCNCC2,7.291,3,6.525989591269844,40
COc1cccc(NC(=O)Nc2ccc(OCCN3CCCCC3)c(-c3ccnn3C)c2)c1,8.48,9,8.60287347089947,93
COc1cc2c(cc1C(F)(F)F)N(C(=O)Nc1ccc(C(C)(C)C)c(-c3cccnc3)c1)CC2,6.0,7,7.204251034391532,317
CCCC(=O)NC1CCc2ccc(CCN3CCN(c4nsc5ccccc45)CC3)cc21,9.348,7,9.19153136111111,27
O=C1CCc2ccc(OCCCN3CCN4c5cccc6scc(c56)CC4C3)cc2N1,6.796,7,6.921433018518516,1352
c1cnc2c(c1)CC[C@@H]1CNCCN21,4.0,5,5.415190690476194,443
COc1ccc(CCN(CC/C=C\c2ccccc2)Cc2ccc3c(c2)OCO3)cc1OC,6.65,6,6.759984829365085,1353
O=S(=O)(c1cccc2cnccc12)N1CCC[C@H]1CCN1CCN(c2noc3ccccc23)CC1,7.39,5,7.592428247354498,1354
O=C1c2ccccc2C(=O)N1CCCCN1CC=C(c2c[nH]c3ccc(F)cc23)CC1,7.0,4,6.995408011904768,1355
Cc1noc(C)c1-c1cc(NC(=O)C2CC2)ccc1OC[C@H]1CCCN1,7.381,3,7.420002751322753,1356
COc1c(OCCOCCOCCOCCOCCOc2ccc(C3CCN(c4ccn5c(CC6CC6)nnc5c4Cl)CC3)cc2)cccc1C(=O)C1CCN(CCc2ccc(F)cc2)CC1,6.62,2,6.83821880026455,1357
CCOc1ccc(CCNC(=O)N2CCN(CCCC(c3ccc(F)cc3)c3ccc(F)cc3)CC2)cc1,6.64,1,7.042182677008179,1358
CNCCc1c[nH]c2ccc(OC)cc12,7.879,1,7.175283293650788,89
CC(N)Cn1ccc2c1-c1cc(F)ccc1C2(C)C,7.497,10,6.748407575396824,309
CCCc1nc(C(=O)NCCCN2CCN(c3cccc(C)c3C)CC2)cn1-c1ccccc1,6.878,3,7.268754020202023,103
Cc1nc2n(c(=O)c1CCN1CCN(c3cccc4c3CCS4)CC1)CCCC2O,7.58,10,6.979531452380949,1359
COc1cccc(CNCCc2cc(OC)c(Br)cc2OC)c1,8.005,10,7.690800798941793,117
Nc1nc2ccc(CCN3CCN(c4cccc5sccc45)CC3)cc2s1,8.79,1,7.762604456349206,1060
Cc1cc(N2CCN(C)CC2)c2c(c1)N(S(=O)(=O)c1ccc3ccccc3c1)C(C)CC2=O,6.151,5,6.893644566137565,1114
O=C1c2ccccc2CCCN1CCN1CCC(n2nnc3ccccc32)CC1,6.57,6,7.180838186507937,1360
O=S(=O)(c1ccccc1)c1ccc(CCc2ccc(F)cc2F)cc1,8.847,9,7.938104988095238,1361
C[C@@H](N)Cc1ccc2c(c1)OCO2,6.477,8,6.634384016534396,1362
O=C1CCc2ccc(OCCCCN3CCCN(c4cccc(Cl)c4Cl)CC3)cc2N1,8.25,7,7.514115131673881,1363
CC(C)(C)NC1=NCCNC(c2ccccc2F)=C1,7.75,6,6.939208457671955,279
CC(=O)c1c(C)cc2oc(=O)cc(C)c2c1OCCCN1CCN(c2ccccc2F)CC1,7.55,2,7.4162138635161154,420
O=C(c1nnc(NC2CCCC2)c2cc(Cl)c(Cl)cc12)N1CCC(O)CC1,4.89,6,6.189276944444443,1364
C/C=C/CC(=O)N[C@H]1CC[C@H](CCN2CCC(c3coc4ccccc34)CC2)CC1,7.911,5,8.197487072751322,182
c1csc(-c2ccnc3c2CC[C@@H]2CNCCN32)c1,7.16,5,7.080933559523813,1365
Cc1ccc2c(c1C)N1[C@H](CNC[C@H]1C)C2,7.2295,7,5.874132071428568,3
c1ccc2c3c([nH]c2c1)CCNCC3,8.0,8,6.69757690476191,1366
Clc1ccccc1-c1cccc2c1N1CCNCCC1C2,7.088,7,6.42278434920635,465
O=S(=O)(c1ccc(/C=C/c2cccc(F)c2)nc1)c1ccccc1F,6.82,4,7.37728638720539,51
COc1ccccc1N1CCN(CCCC(=O)Nc2ccn3ncc(C=O)c3c2)CC1,6.521,5,6.62892116005291,885
O=S(=O)(N[C@H]1CCN(CCCc2noc3ccccc23)C1)c1cc2ccc(Cl)cc2s1,8.560500000000001,3,8.500163428571437,833
Cc1ccc2c(N3CCN(CCc4cccc(NC(=O)c5ccccc5)c4)CC3)cccc2n1,7.1,4,7.019545096560849,1367
COc1ccc(N2CCN(c3ccc(Cl)c(Cl)c3)C2=O)cc1OCCN1CCCCC1,6.2,8,6.223825124338626,1368
NC[C@H]1C[C@]1(F)c1cccc(F)c1,8.545,8,6.3817272142857195,70
CC(C)c1ccccc1OCCN1CCC(N(C)S(=O)(=O)c2ccccc2)CC1,6.58,10,6.946103603174602,994
O=Cc1cnn2ccc(OCCCCN3CCN(c4ccc(O)c5[nH]c(=O)ccc45)CC3)cc12,4.824,1,6.620613992063491,1369
O=C(N[C@H]1CC[C@H](CCN2CCC(c3cccc4c3CCO4)CC2)CC1)c1ccnc2ccccc12,7.62,3,7.652773297619047,1370
O=C(N[C@H]1CC[C@H](CCN2CCC(c3noc4cc(F)ccc34)CC2)CC1)c1ccc2c(c1)OCO2,8.77,9,8.434932193121696,1371
O=C(N[C@H]1CC[C@H](CCN2CCC(c3coc4ccccc34)CC2)CC1)C(O)C(F)(F)F,8.22,5,8.344807351851845,182
O=c1n(CCCCN2CCC(c3cc(F)cc4oncc34)CC2)nc2ccccn12,7.822,2,7.480824669312163,1372
O=C1c2ccccc2S(=O)(=O)N1CCCCCCN1CCN(c2ccccc2F)CC1,6.511,2,7.217536260582012,143
CN1CCN(c2ccc(C(=O)N[C@H]3CC[C@H](CCN4CCC(c5cccc6c5CCO6)CC4)CC3)cc2)CC1,8.078,1,7.551241607142859,1373
O=C(N[C@H]1CC[C@H](CCN2CCC(c3cccc4c3OCO4)CC2)CC1)c1ccnc2ccccc12,7.64,10,7.802191705026457,1374
CCCCCCc1cc(OC)c(CC(C)N)cc1OC,9.3,2,7.682724640752764,188
Cc1cc2c(cn1)C(=O)N(CCN1CCN(c3noc4ccccc34)CC1)CC2(C)C,8.48,10,8.465481420634921,49
CCc1cc(Cl)c(OC)c(N2CCN(CCCCNC(=O)c3cc4ccccc4o3)CC2)c1,7.6,1,7.0131581653439135,101
Cc1ncnc(C)c1-c1cc(NC(=O)[C@@H]2C[C@H]2F)ccc1OCCN1CCCC1,8.682,3,8.097055280423284,1341
CCn1nc2c(c1-c1ccccc1)CCNCC2,7.221,2,6.833026734126985,68
CN(CCCc1ccc(-c2ccc(Cl)cc2)cc1)c1ccc(CN2CCCCC2)cc1,6.19,1,6.763439146825399,1128
C=CCOc1ccc(Cl)c(Cl)c1C1CC1CN,6.37,8,6.848392982804231,70
C[C@@H]1CNC[C@@H]2Cc3ccccc3N21,7.235,7,6.3355127242063505,3
CC(C)(C)c1cc2c(cc1Cl)N(C(=O)Nc1cccnc1)CC2,6.2,7,6.960394687830691,440
O=C1c2ccccc2S(=O)(=O)N1CCCCCCN1CCN(c2cccc(Cl)c2Cl)CC1,6.6,2,6.977486746031743,143
O=S(=O)(c1cccc(F)c1)C1(F)CCN(CCc2ccc(F)cc2F)CC1,9.52,4,8.660721449735444,36
Cc1ccc2c(c1)N1CCNCC1NC2=O,6.221,10,5.853210134920633,421
O=S(=O)(NCCCN1CCC(c2noc3cc(F)ccc23)CC1)c1csc2ccccc12,8.8,9,8.550034578282826,1375
CCN(CC)C(=O)[C@@H]1C=C2c3cccc4[nH]cc(c34)C[C@H]2N(CCc2ccccc2OC)C1,8.9,8,7.778580302910056,1376
COc1ccc(N2Cc3c(c4cc(Cl)ccc4n3C)C2=O)cc1OCCN1CCCCC1,6.8,9,6.372159873015872,689
CN(C)CCSc1cccc(C2(O)CCCCC2)n1,6.32,10,6.567836371693124,1377
COc1ccc(N2Cc3c(c4ccc(Cl)cc4n3C)C2=O)cc1OCCN1CCCCC1,6.5,9,6.371280480158733,689
CCCN1C[C@H](C(=O)NC(CC)CC)C=C2c3cccc4[nH]cc(c34)C[C@H]21,8.936,2,7.786299880952377,53
O=S(=O)(NCCCN1CCN(c2nsc3ccccc23)CC1)c1ccc(Cl)c(Cl)c1,7.601,1,8.312931227513225,338
Cc1cc2c(cc1C(F)(F)F)N(C(=O)Nc1ccc(OCc3ccccn3)nn1)CC2,6.6,7,6.526888284391534,1378
COc1ccc(CCN(CCCc2cccc(I)c2)CCc2ccc3c(c2)OCO3)cc1OC,6.77,10,6.917055223544973,47
Nc1cc(O)ccc1C(=O)CCCN1CC[C@H]2[C@@H](C1)c1cccc3c1N2CCCS3,7.048,2,7.899587480399226,175
CNCc1cc(OCc2cc(F)ccc2F)n(CC2CCCCC2)n1,8.96,6,8.718476470899471,94
COc1ccc2[nH]cc(CCNCc3ccc(-c4cccc(O)c4)o3)c2c1,7.539,8,6.912724936507942,474
O=C(N[C@H]1CC[C@H](CCN2CCC(c3cccc4c3CCO4)CC2)CC1)C1CCCOC1,7.67,6,7.7929226785714265,1379
CN1CCN2c3nccc(CCC(F)(F)F)c3CC[C@@H]2C1,7.24,5,6.92082751984127,443
COC(=O)c1coc2c1C(=O)CC(CN1CCC(C(=O)c3ccc(F)cc3)CC1)C2,7.59,5,7.472968775132278,77
COCCC(=O)N[C@H]1CC[C@H](CCN2CCC(c3coc4ccccc34)CC2)CC1,8.33,5,8.217190412698418,182
Cc1ncnc(C)c1-c1cc(NC(=O)Cc2ccno2)ccc1OCCN1CCCC1,7.445,8,7.898992837301586,740
O=C1c2nc(F)ccc2CCN1CCN1CCC(c2noc3ccccc23)CC1,7.82,3,8.296937425925927,226
C=CCOc1ccc2occc2c1[C@H]1C[C@@H]1CN,6.671,8,6.751676738095243,1126
Cc1ncccc1Oc1ccc(NC(=O)N2CCc3c2cc(Cl)c(C)c3Cl)cn1,7.2,7,6.509929730820103,52
O=C1CCc2ccc(OCCCCN3CCN(c4cccc(Cl)c4F)CC3)nc2N1,7.981,10,8.891784856481479,429
C[C@H]1CC[C@@H](Oc2c(F)cc(CNC(=O)[C@@H]3CCCN3)cc2F)CC1,6.82,10,7.2525700132275155,613
COc1ccc(Cn2nnc(C(=O)NCCCCCN3CCN(c4ccccc4OC)CC3)c2C)cc1,7.031,8,7.024550904761912,469
O=C(N[C@H]1CC[C@H](CCN2CCC(c3coc4ccccc34)CC2)CC1)C1CCOC1,8.228,5,8.51634953439153,1380
Fc1ccc(OCCCN2CCCN(c3ccc(Cl)cc3)CC2)cc1,6.25,4,7.132465424603174,1381
CC(C)c1ccccc1OCCN1CCC(NS(=O)(=O)c2cccc(F)c2)CC1,6.75,10,7.0955802936507855,994
CN1CCC(N(C)S(=O)(=O)c2cccc(Cl)c2)CC1,6.01,5,6.069802522486769,124
CC1CN2CCNCc3cc(Cl)cc1c32,4.301,4,5.965844829365073,18
CN(C)C(=O)c1ccc2c3c1CCN3CCNC2,4.301,4,5.160809537698408,18
Cc1ccc2c(c1Br)CCN2C(=O)Nc1cccnc1,6.9,7,6.646221443121688,440
O=S(=O)(NCCCCN1CCC(c2noc3cc(F)ccc23)CC1)c1cccc2ccccc12,9.22,3,8.760855174603178,1382
Cc1ncnc(C)c1-c1cc(NC(=O)C2CC2)ccc1OCCN1CCC(CC(=O)O)CC1,6.708,4,7.052306730158731,390
COc1ccc2[nH]cc(CCNCc3ccc(-c4ccc(O)cc4)o3)c2c1,7.39,8,6.961170694444448,474
Cc1ccc(-n2nc([Si](C)(C)C)cc2NC(=O)Nc2ccc(Oc3ccnc(Nc4ccccc4)n3)c3ccccc23)cc1,6.818,9,6.451524837301593,65
O=C(CCCN1CCc2ccccc2C1)c1ccc(F)cc1,7.85,1,7.308561502645502,871
CC(C)COc1ccc(CN(Cc2ccn(C)n2)C(=O)NC2C3CCC2CN(C)C3)cc1,7.26,2,7.592244834656091,1383
C=CCOc1cc2c(cc1OC)-c1c(OC)c(OC)cc3c1[C@H](C2)N(C)CC3,6.418,9,6.474372116402112,81
COc1cc(CC(C)NC(=O)OCc2ccccc2)c(OC)cc1/C=C/CC(C)C,7.712,10,7.68795153174603,1014
COc1ccc2occc2c1[C@H]1C[C@@H]1CN,7.1955,8,6.92348294246032,1126
CN(C)Cc1cc(N)ccc1Oc1ccc(Cl)c(Cl)c1,6.14,5,7.024742927248684,7
Cn1ncc(Br)c1-c1cc(NC(=O)Nc2ccc(F)cc2)ccc1OCCN1CCCC1,9.442,6,8.740725920634926,295
O=C(N[C@H]1CC[C@H](CCN2CCN(c3nccc4c3CCO4)CC2)CC1)C1CCOCC1,8.23,5,8.033310343915348,991
Cc1ncnc(C)c1-c1cc(NC(=O)c2ccccc2)ccc1OCCN1CCC1,8.158,8,8.193873025132273,671
Clc1ccc2[nH]cc(C3=CCCNC3)c2c1,7.35,8,6.8243213809523775,553
Oc1ccc2[nH]c3c(c2c1)CCNC3c1cc(Br)ccc1O,6.341,6,6.654462941798944,44
Fc1ccc2c([C@@H]3CNCC[C@H]3F)c(-c3ccccc3)[nH]c2c1,10.221,4,9.290328664021164,304
COc1ccc(N2Cc3cccc(Cl)c3C2=O)cc1OCCN1CCC(C)CC1,6.1,1,6.7504926084656125,73
c1csc(Cc2cccc3c2CCC2CNCCN32)c1,7.226,1,7.578422284391534,1384
O=S(=O)(NC1CC(CCN2CCN(c3cccc(Cl)c3Cl)CC2)C1)C1CC1,7.357,10,7.470791445165946,1385
O=C1NCc2ccc(OCCCCN3CCN(c4cccc5cccc(F)c45)CC3)cc21,8.74,4,7.859562812409813,190
COc1ccc(OC)c(CCCN(CCc2ccc(OC)c(OC)c2)CCc2ccc3c(c2)OCO3)c1,6.04,10,6.868321552910052,47
Cc1noc(C)c1-c1cc(NC(=O)c2cc(F)ccn2)ccc1OCCN1CCCC1,7.708,7,7.604440791005294,936
COCCC(=O)N[C@H]1CC[C@H](CCN2CCN(c3cccc(Cl)c3Cl)CC2)CC1,7.27,1,7.46068137367725,393
N#Cc1cccc(S(=O)(=O)C2CCN(CCc3ccc(F)cc3F)CC2)c1,9.18,4,8.094312120370368,36
CNCc1cc(C)c(C)cc1Oc1ccc(Cl)c(Cl)c1,7.1,5,6.9763673253968275,7
CCN(C)CCc1c(-c2cccc([N+](=O)[O-])c2)[nH]c2ccccc12,9.85,5,7.119998607142859,246
Cc1cccc(N2CCN(CCCNC(=O)c3cc(-c4ccccc4)n(CC(C)C)c3C)CC2)c1C,6.049,8,6.747882849206351,13
Brc1cncc2c1CC[C@@H]1CNCCN21,7.14,5,6.909976480158737,1386
COc1cc2c(cn1)C(=O)N(CCN1CCC(c3noc4ccccc34)CC1)CC2,8.777,2,8.392559785714289,609
C[C@H](N)Cn1ncc2ccc3ocnc3c21,7.329,9,7.859502543650794,1387
Fc1ccc(OC2CN(c3c4c(nc5ccnn35)CCNCC4)C2)cc1,8.521,5,7.1475056468253975,1116
Cc1ccc(S(=O)(=O)CC2CCN(CCCc3noc4cc(F)ccc34)C2)cc1C,8.77,5,8.675366486772484,373
O=C(N[C@H]1CC[C@H](CCN2CCN(c3nsc4ccccc34)CC2)CC1)Oc1ccc([N+](=O)[O-])cc1,7.9,5,8.747199445767194,744
OCCN1CCN(c2nc(Nc3ccc(F)cc3)c3ccccc3n2)CC1,6.358,8,7.347188478715728,212
COc1cc(CC(C)N)c(OC)cc1F,7.38,2,7.3061400515873025,188
O=C1CCc2ccc(OCCCCN3CCN(c4cccc5c4OCCC5)CC3)nc2N1,9.721,8,8.697122229797985,1388
COC(=O)C(C)(C)CN1CCC(N(Cc2ccc(F)cc2F)C(=O)OCc2ccc(OC(C)C)cc2)CC1,8.0,7,7.8416955648148114,76
Cc1noc(C)c1-c1cc(NC(=O)C2CC2)ccc1OCCN1CCC(CC(=O)O)CC1,6.633,7,7.306818607142853,1389
O/N=C/c1cnn2ccc(OCCCCN3CCN(c4ccc(O)c5c4OCCO5)CC3)cc12,6.115,4,6.4478502380952385,140
c1cc2c(cn1)N1CCNC[C@H]1CC2,4.0,5,5.477798912698418,1386
Cc1noc2c1C(=O)CC(CN1CCC(C(=O)c3ccc(F)cc3)CC1)C2,7.389,6,7.221912539682535,1390
CCc1cc(Cl)c(OC)c(N2CCN(CC(O)CCNC(=O)c3cc4ccccc4[nH]3)CC2)c1,6.73,6,6.5722905291005285,539
COc1ccccc1CNC[C@H]1C[C@@H]1c1cc(F)ccc1OCCF,7.62,6,7.130883936507935,271
Cc1c(Cl)cccc1N1CCN(CC(O)CNC(=O)c2nc(C)n(-c3cccc(Cl)c3)c2C)CC1,6.74,3,7.237043222222216,103
CNCc1ccc(Cl)c(-c2ccccc2OC)c1,6.42,9,6.789873313492067,202
C[C@@H](O)CC(=O)N[C@H]1CC[C@H](CCN2CCC(c3noc4cc(Cl)ccc34)CC2)CC1,7.89,1,8.249283087301587,111
CNCc1cc(OCC2CC=CC=C2Cl)n(C(C)C2CCCCC2)n1,8.679,5,7.8076155026455005,1391
CCOC(=O)c1oc2c(c1C)C(=O)CC(CN1CCC(c3noc4cc(F)ccc34)CC1)C2,8.08,1,7.998920842712842,866
COc1ccc(CCOc2ccc(Cl)cc2OC2CNC2)cc1,8.398,5,7.113867838624337,239
Nc1ncc(-c2cn(S(=O)(=O)c3ccccc3)c3ccccc23)[nH]1,6.05,10,5.345185620370369,48
CCCCNCCc1ccc(Cl)c(-c2ccccc2OC)c1,6.242,9,6.977674001322751,202
Fc1ccc(CCCCN2CCN(c3ccccn3)CC2)cc1,7.3,1,7.112494455026454,852
CN(C)CCn1cc(S(=O)(=O)c2cccc3ccccc23)c2cccnc21,6.029,4,6.594831636243381,1392
C1=C(N2CCNCC2)c2nccn2Cc2ccccc21,8.1,8,6.192808273809522,201
Cc1n[nH]c(C)c1S(=O)(=O)N1CCC(=Cc2ccc(Cl)cc2F)CC1,6.222,5,6.626665162698412,804
CC(C)c1ncc2c(n1)CCN(CCN1CCN(c3nsc4ccccc34)CC1)C2=O,8.37,6,8.916761162698418,891
N#Cc1ccc2c(c1Cl)CCNCC2,7.521,3,6.933470497354503,40
C#CCN(C)C(=O)[C@@H]1C=C2c3cccc4[nH]cc(c34)C[C@H]2N(C)C1,9.074,2,6.720366579365081,53
CCN1CCCC1CNC(=O)c1cc(S(=O)(=O)CC)c(N)cc1OC,6.2,3,6.3096017870370344,1393
COc1cc(C[C@@H](C)N)c(OC)cc1C,7.829,2,7.340282279761908,188
Cn1nccc1-c1cc(NC(=O)Nc2ccc(Cl)cc2)ccc1OCCN1CCC1,9.16,3,9.287093777777773,1112
O=C1Cc2cc(CCN3CCN(c4cccc5sc(F)cc45)CC3)ccc2N1,7.78,8,7.035163417989417,134
Cc1nc2n(c(=O)c1CCN1CCN(c3nsc4ccccc34)CC1)CCCC2O,8.29,6,8.24749351984127,1162
C[C@H](N)Cn1ncc2ccc(O)c(I)c21,7.68,4,7.470734382275138,136
Cc1ccc(S(=O)(=O)N/N=C2\CCCc3c2[nH]c2ccc(Cl)cc32)cc1,4.49,2,6.55738543716931,1394
CCCc1nc(C(=O)NCCCN2CCN(c3cccc(Cl)c3Cl)CC2)c(C)n1-c1ccc(OC)cc1,8.29,3,7.390510896825394,103
Cc1cccc(N2CCN(CCCNC(=O)c3cc(-c4ccccc4)n(C)c3C)CC2)c1C,7.24,8,6.983900874338628,13
O=C1NCc2cc(F)c(OCCCN3CCN(c4cccc5cc(F)ccc45)CC3)cc21,7.42,10,7.926903911375663,135
Cc1ccc(F)c(CN(C(=O)OCc2ccc(OC(C)C)cc2)C2CCN(C)CC2)c1F,7.7,7,7.565016482804234,76
c1cc(C2CCCC2)c2c(n1)N1CCNC[C@H]1CC2,7.383,1,6.777126953703706,1395
Cn1oc2c(c1=O)CNCC2,3.0,9,3.437122400793652,1396
CC1CCN(C(=O)C2CCCCC2)c2c(CCN3CCN(c4nsc5ccccc45)CC3)cccc21,9.23,10,8.607982517195767,1397
COc1cccc(CNCCc2c[nH]c3ncc(F)cc23)c1,8.08,8,7.4435561018518515,351
O=C(Nc1cccnc1)N1CCc2cc(Cl)c(Cl)cc21,6.6,7,6.282122793650792,440
O=C1CC(CN2CCC(c3noc4cc(F)ccc34)CC2)Cc2cc(-c3ccccc3)ccc21,7.8,9,8.075858994047616,1398
Cc1c(Cl)cccc1N1CCN(C[C@H](O)CNC(=O)c2nc(-c3ccccc3)n(-c3ccc(F)cc3)c2C)CC1,7.57,2,6.842379109126982,442
Cc1nc(C(=O)NCCCN2CCN(c3cccc(Cl)c3Cl)CC2)c(C)n1-c1ccccc1Cl,7.52,3,7.509283879629634,103
Clc1ncnc2c1CC[C@@H]1CNCCCN21,4.0,7,6.333560043650797,651
C[C@@H]1NCCN2C(=O)c3c(cccc3C(F)(F)F)[C@H]12,6.962,9,6.369863645502647,185
Cc1cccc(N2CCN(CCCCOc3ccc4c(n3)NC(=O)CC4)CC2)c1C,9.458,10,9.114125406593404,429
CCN(CC)CCc1c[nH]c2cccc(F)c12,6.09,1,7.062504604497353,89
COc1cccc2cc3n(c12)CCNC3,6.391,3,7.058546682539685,39
O=C(c1cccn2cc(Cl)nc12)N1CCN(CCc2ccc(F)cc2F)CC1,8.82,3,8.758546203703704,367
C[C@@H](Oc1ccc(Br)cc1OC1CNC1)c1cccc(C(F)(F)F)c1,6.686,3,7.351921259259259,74
O=S(=O)(NCCCCCCN1CCN(c2nsc3ccccc23)CC1)c1ccccc1,7.822,8,8.10596187037038,1399
O=C(O)CCNC1CC[C@]2(Cc3ccccc3Cc3ccccc32)C1,6.8,6,7.1588313968254,1012
CC1CN2CCNCc3ccc(Br)c1c32,6.837,4,6.0241003928571315,18
O=C(N[C@H]1CC[C@H](CCN2CCC(c3coc4ccccc34)CC2)CC1)c1ccc(N2CCS(=O)(=O)CC2)cc1,8.0,7,8.02287903571428,1400
CC(=O)c1c(OCCCCN2CCN(c3ccccc3C#N)CC2)ccc2c(C)cc(=O)oc12,7.04,10,7.441562780423283,86
O=C(CCCN1CC[C@H]2[C@@H](C1)c1cccc3c1N2CCCC3)c1ccc(F)cc1,8.959,10,8.383208555555548,856
O=C1CCc2cc(CCCCN3CCN(c4ccccn4)CC3)ccc2N1,6.26,6,6.760840878306874,1401
CCCn1c(-c2ccncc2)cc(C(=O)NCCCN2CCN(c3cccc(Cl)c3Cl)CC2)c1C,7.469,2,7.083892940355944,1402
O=C1c2ccccc2S(=O)(=O)N1CCCCCCN1CCN(c2ccccc2Cl)CC1,6.578,2,6.779795067460314,143
COc1cc(C(C)=O)c(OC)cc1CC(C)N,7.094,2,6.868413472222226,188
CC(=O)N[C@H]1CC[C@H](CCN2CCN(c3nccc4occc34)CC2)CC1,8.04,9,8.113072937830685,83
Oc1cc(Cl)ccc1C1NCCc2c1[nH]c1ccc(Cl)cc21,7.285,6,6.9250120277777825,44
CC(C)(C)NC1=NCCN=C(c2ccc(F)cc2F)C1,7.959,2,7.365577212962962,387
O=C1c2ccccc2S(=O)(=O)N1CCCN1CCN(c2cccc(C(F)(F)F)c2)CC1,6.157,5,6.6454433492063485,1403
COc1ccccc1N1CCN(CCCCOc2ccn3ncc(C=O)c3c2)CC1,6.458,8,6.778315317460323,245
O=C(N[C@H]1CC[C@H](CCN2CCC(c3cccc4c3OCO4)CC2)CC1)C1CCS(=O)(=O)C1,8.34,4,7.873621841269839,1404
Cn1ncc2c1CCN(CCN1CCC(c3noc4ccccc34)CC1)C2=O,8.222,6,8.596644489417985,1073
Nc1cc(Cl)ccc1C(=O)CCCN1CC[C@H]2[C@@H](C1)c1cccc3c1N2CCCS3,7.16,2,7.987386287938909,175
CC[C@@H](C)NC(=O)[C@@H]1C=C2c3cccc4[nH]cc(c34)C[C@H]2N(C)C1,8.0225,2,6.716032230158735,53
COc1ccccc1N1CCN(CCCN2C(=O)COc3ccccc32)CC1,6.56,9,6.372556190476189,1405
O=C(O)C1=CCN(C2CCC3(Cc4ccccc4Oc4ccccc43)C2)CC1,7.6,6,6.84729097222222,478
Cc1c(OCCCN2CCN(c3cccc4ccccc34)CC2)ccc2c1C(=O)NC2,8.03,10,8.44355587962963,135
O=C1c2cccc3cccc(c23)C(=O)N1CCCCCCN1CCN(c2ccccn2)CC1,6.25,3,6.6119248650793585,1406
CN1CCN(Cc2ccc(OCCCCN3CCC(c4noc5cc(F)ccc45)CC3)cc2)CC1,8.37,2,8.278371670634922,1407
O=C1NCc2cc(Cl)c(OCCCCN3CCN(c4cccc5cccc(F)c45)CC3)cc21,7.598,4,7.612956994949497,190
Clc1ccc2[nH]c3c(c2c1)CCNC3c1ccccc1,6.61,6,6.628508716269845,44
CCCCC(Oc1cc(Cl)cc(Cl)c1)c1nc(Nc2ccccc2)nc(N2CCN(C)CC2)n1,6.541,5,6.514028523088027,948
O=C(Nc1ccc(Cl)cc1)N[C@H]1CC[C@H](CCN2CCN(c3cccc4c3OCO4)CC2)CC1,7.23,1,7.454281585317461,1408
COc1cc(C(F)(F)F)c(OC)cc1[C@@H]1CCCNC1,7.781,7,7.127694878306873,113
C[C@@H]1CN(Cc2ccc(-c3ccc(F)cc3F)cc2)C(=O)O1,6.49,10,6.671181956108711,1409
CCc1c(Cc2ccccc2)cnc2c1CC[C@@H]1CNCCN21,7.43,9,6.982081724206352,1410
Cc1nc(-c2ccc(C(=O)N[C@H]3CC[C@H](CCN4CCC(c5cccc6c5CCO6)CC4)CC3)cc2)no1,7.262,8,7.559734424603184,1411
NC[C@H]1C[C@@H]1c1cccc(O)c1,6.609,8,5.869375674603175,70
Oc1cc(Br)ccc1C1NCCc2c1[nH]c1ccc(Cl)cc21,6.27,6,6.932732904761906,44
CC(C)(C)Oc1ccc(C(=O)N[C@H]2CC[C@H](CCN3CCN(c4nccc5c4CCO5)CC3)CC2)cc1,7.38,9,7.798177854497356,815
CC(=O)c1c(OCCCCN2CCN(c3ccc(Cl)cc3)CC2)ccc2c(C)cc(=O)oc12,7.25,10,7.990208769841276,86
C[C@H](N)Cn1ncc2ccc(F)cc21,7.088,4,7.160868886243391,136
Fc1ccc2c3c1CCN3CCNC2,4.301,4,4.903081472222218,18
CC(C)COc1ccc(CN(Cc2cc(C(F)(F)F)ccn2)C(=O)NC2CCN(C)CC2)cc1,7.26,8,7.826905488095235,1130
O=C1[C@@H]2[C@H](C(=O)N1CCCCN1CCN(c3cccc4c3OCCO4)CC1)[C@H]1C=C[C@@H]2C1,6.07,7,6.511267686507939,1412
COc1ccccc1N1CCN(CCCCCCN2C(=O)c3cccc4cccc(c34)C2=O)CC1,6.47,3,6.514766851972098,1169
Clc1ccc2[nH]c3c(c2c1)CCNC3C1CCCCC1,6.53,2,6.556777183862435,237
CCN(CCN1CCC(c2noc3cc(F)ccc23)CC1)C(=O)C1CN(C(C)=O)CCC1O,8.62,9,8.52888072751322,301
C[C@H](N)CN1CCc2ccc3c(c21)CCO3,7.08,6,6.162131634920634,1413
O=c1n(CC2CCC(CN3CCN(c4cccc(Cl)c4)CC3)CC2)nc2ccccn12,6.31,5,6.981719928571429,1414
O=C1NC2CCNCCN2c2ccccc21,6.589,3,5.481686210317463,904
COc1cc(CCNCCCCc2ccccc2)c(OC)cc1Br,7.427,10,7.660279611111111,1415
COc1ccc(N2CCN(CC[C@H]3OCCc4cc(C(N)=O)ccc43)CC2)cc1,6.659,2,6.775436724867725,923
CCN(CCN1CCC(c2noc3ccc(F)cc23)CC1)C(=O)[C@H](C)O,7.822,4,8.158716575396825,32
O=C1[C@@H]2[C@H](C(=O)N1CCCCN1CCN(c3cccc4sc(F)cc34)CC1)[C@H]1C=C[C@@H]2C1,7.08,8,7.009645283068781,1181
Cn1c(=O)[nH]c2cc(CCN3CCN(c4cccc5sccc45)CC3)ccc21,6.449,8,7.414753194444447,1186
COCC(=O)N[C@H]1CC[C@H](CCN2CCC(c3noc4cc(F)c(F)cc34)CC2)CC1,7.98,1,8.12825555026455,111
CCCc1c(C(=O)NCCCCN2CCN(c3ccccc3OC)CC2)nnn1Cc1ccccc1Br,7.358,6,7.199038970899469,8
C[C@@H](Cn1ccc2ccc3ncccc3c21)NCc1ccccc1,6.08,3,6.454947772486772,552
O=C1CCc2ccc(OCCCCN3CCN(c4ccccc4Cl)CC3)nc2N1,7.799,10,9.00404723199023,429
CN(C)CCc1c(-c2ccccc2)[nH]c2ccccc12,8.36,5,6.90240401322751,246
CC1(C)N=C(N)N=C(Nc2cccc(Br)c2)N1,6.108,4,6.729050375661377,1416
COc1ccccc1N1CCN(CCOCCOc2c(C)cccc2C)CC1,6.579,8,6.465283222222225,1052
COc1cc([Se]C(F)(F)F)c(OC)cc1CCN,8.472,2,6.54865308994709,188
COc1ccc(C2(C)CCN(c3ccc(Cl)c(Cl)c3)C2=O)cc1OCCN1CCCCC1,6.3,10,6.25183592063493,1417
c1ccc(C2CCN(CC3C[C@@H]4c5ccccc5Sc5ccccc5[C@H]4O3)CC2)cc1,7.16,3,7.2684267063492065,1418
Cc1n[nH]c2c1C(=O)N(CCN1CCC(c3noc4ccccc34)CC1)CC2,8.8,6,8.573825408730157,1073
CC1(C)C2C(=O)N(CCCCN3CCN(c4cccc5sccc45)CC3)C(=O)C21,7.98,2,7.276055269841272,1419
CCN1CCN(Cc2ccc(NC(=O)Nc3ccc(Oc4cc(NC)ncn4)cc3)cc2C(F)(F)F)CC1,7.137,1,7.0750395092592555,1420
CN(C)CCC=C1c2ccccc2COc2ccccc21,7.69,10,7.65571298809524,1421
Clc1ccc(-c2ccc(CCCNc3ccc(CN4CCCCC4)cc3)nn2)cc1,6.86,5,6.183249042328041,363
CC(C)Oc1ccc(CC(=O)N(Cc2ccc(F)cc2F)[C@@H]2CCN(C)C[C@@H]2F)cc1,8.0,6,8.578952660052913,128
COc1cc2c3c(c1)N(C)CCN3[C@H]1CCN(CCCC(=O)c3ccc(F)cc3)C[C@@H]21,8.458,1,8.330861450396828,167
Cc1noc(C)c1-c1cc(NC(=O)c2c(F)cnn2C)ccc1OCCN1CCCC1,8.585,9,8.03467484126984,1422
O=C(N[C@H]1CC[C@H](CCN2CCC(c3cccc4c3OCO4)CC2)CC1)C1(O)CC1,8.09,8,8.139064730158728,699
O=S(=O)(c1ccc(F)cc1)N(CCCN1CCN(c2ccccc2)CC1)CC1CCCCC1,7.88,4,7.085701190476198,1062
CO[C@@H]1CC[C@@H](CC(=O)N[C@H]2CC[C@H](CCN3CCN(c4nccc5occc45)CC3)CC2)C1,8.19,8,8.174573718253974,1423
Cn1cc(Br)c(C(=O)N2CCN(CC(=O)c3ccc(C(F)(F)F)cc3)CC2)n1,6.06,6,6.805907697450698,163
CNCc1cc(OCc2ccc(F)cc2)n(CC2CCCC2)n1,8.89,1,8.47424681878307,274
COc1ccc(N2Cc3cc(Cl)c(Cl)c(C)c3C2=O)cc1OCCN1CCC(C)CC1,6.4,1,6.499373948412702,73
O=S(=O)(NCCCN1CCN(c2noc3ccccc23)CC1)c1ccc(Cl)c(Cl)c1,6.54,3,7.4848343915344016,1304
Cc1nc(N)[nH]c1-c1cn(S(=O)(=O)c2cccc3ccccc23)c2ccccc12,6.31,10,5.247983055555552,1424
COc1c(OCCOCCOCCOCCOCCOCCOc2cccc(C(=O)C3CCN(CCc4ccc(F)cc4)CC3)c2OC)cccc1C(=O)C1CCN(CCc2ccc(F)cc2)CC1,7.399,7,6.986204424603177,1425
O=C(NCCCCN1CCN(c2ccccc2Cl)CC1)c1n[nH]c2ccccc12,6.84,9,6.976169085678212,105
CC1CC(=O)Nc2c(CCN3CCN(c4noc5ccccc45)CC3)cccc21,6.721,6,8.429654712301591,411
O=C(CC1CCOCC1)N[C@H]1CC[C@H](CCN2CCN(c3nccc4sccc34)CC2)CC1,8.52,6,8.62257122222223,1426
CNCc1cc(OCc2cc(F)ccc2Cl)n(CC2CCCCC2)n1,8.68,6,8.395699736772489,94
Cc1ncnc(C)c1-c1cc(NC(=O)c2ccnn2C)ccc1OCCN1CCOCC1,7.886,5,8.041141174603176,1427
O=Cc1c2n(c3ccccc13)CCNCC2,7.539,10,6.557656373015876,538
CN(C)CCSc1nc(-c2ccccc2)cs1,6.192,4,6.542304952380954,1428
Clc1ccc2c(c1)C(N1CCN(CCc3ccccc3)CC1)=Nc1cccnc1N2,6.99,3,6.716355919312169,1429
COc1ccccc1OCCNCC(O)COc1cccc2[nH]c3ccccc3c12,6.66,2,6.661977657407409,1430
Clc1ccc(N2CCN(Cc3c[nH]c4ncccc34)CC2)cc1,6.609,8,6.687691384920638,629
COc1ccc2[nH]cc(CC(C)N)c2c1,8.34,1,7.058539833333328,89
COc1ccc(NC(=O)N2CCN(c3ccc(Cl)cc3)CC2)cc1N1CCN(C)CC1,6.0,8,6.4788358333333305,582
CC(C)Oc1cccc2c1C(=O)N1CCNCC21,6.539,9,6.290180804232805,185
O=C1c2ncccc2CCN1CCN1CCC(c2noc3c(F)cccc23)CC1,6.929,3,7.567706150793654,226
O=C1NCc2cc(Cl)c(OCCCCN3CCN(c4cccc5ccccc45)CC3)cc21,7.61,4,7.601923119047619,190
CCOC(=O)Cc1nn(CNC(=O)CCN2CCN(c3ccc(C)c(C)c3)CC2)c(=O)c2c(F)cccc12,6.35,5,7.233182805555552,41
Cc1[nH]c(-c2ccccc2)cc1C(=O)NCCCN1CCN(c2cccc(Cl)c2Cl)CC1,6.521,8,7.450185526455022,13
O=C(N[C@H]1CC[C@H](CCN2CCN(c3nsc4ccccc34)CC2)CC1)c1sccc1Br,8.54,9,8.671427794973543,57
Cc1nc2n(c(=O)c1CCN1CCN(c3ncnc4sccc34)CC1)CCCC2,6.09,1,6.841025496031748,1431
Cc1c(S(=O)(=O)NCCCCN2CCN(c3nsc4ccccc34)CC2)sc2ccc(F)cc12,8.19,9,8.054194632756138,1056
CCOCCC(=O)Nc1ccc(OCCN2CCCC2)c(-c2c(C)noc2C)c1,7.106,10,7.689012874338623,1432
CCc1cccc(N2CCN(C[C@@H](O)CCNC(=O)c3cc4ccccc4[nH]3)CC2)c1Cl,7.551,6,7.233304837301594,539
CN1CCN(c2nc(N)nc(C[Se]c3ccccc3)n2)CC1,6.435,3,5.787655059523809,189
O=C(NCCCCN1CCN(c2ccccc2)CC1)c1cccnc1,6.668,9,6.322268547498799,1433
O=C(CCCN1CCN(c2ccccn2)CC1)c1ccc2c(c1)CCC2,6.461,8,7.016133129629634,1434
COc1ccc(N2Cc3c(c4ccc(F)cc4n3C)C2=O)cc1OCCN1CCC(C)CC1,6.6,9,6.550217178571427,689
Cn1ncc2c1CC(CN1CCC(C(=O)c3ccc(F)cc3)CC1)CC2=O,7.52,9,7.398017539682544,976
CNCc1ccc(C(F)(F)F)cc1Oc1ccc(Cl)cc1,6.49,5,7.127805496031747,7
N#Cc1cccnc1N1CCN(CCCN2CCN(c3ccccc3)CC2)CC1,4.89,6,6.633167071428573,96
COc1cc(CCNCc2ccc([N+](=O)[O-])cc2)c(OC)cc1Br,6.89,10,7.686991947089938,117
[C-]#[N+]c1ccc2sc(S(=O)(=O)N[C@H]3CC[C@H](CCN4CCN(c5nsc6ccccc56)CC4)CC3)cc2c1,8.45,4,8.47505721825397,173
Cc1cnoc1C(=O)Nc1ccc(O[C@@H]2CCCNC2)c(-c2c(C)ncnc2C)c1,7.041,7,7.516684337301587,1435
CC(C)Oc1cc2c(cc1Br)C(C)CNCC2,7.01,3,7.127071457010584,40
CSc1ncc2c(n1)CC(CN1CCC(C(=O)c3ccc(F)cc3)CC1)CC2=O,6.99,6,7.161902445767197,115
COc1cc(C(=O)C(C)(C)C)c(OC)cc1CCN,6.07,2,6.3172880396825395,188
Cn1nccc1-c1cc(NC(=O)Nc2cccc(F)c2)ccc1OCCN1CCCCC1,9.002,9,8.774746654761907,93
CCCN1CCN(CCCCN2C(=O)CC3(CCCC3)CC2=O)CC12COc1cccc(OC)c1C2,4.95,6,6.160171735449735,1436
COc1cc(CCNCc2cccc3ncoc23)c(OC)cc1Br,7.96,5,8.26435937301587,1437
O=C1c2ccccc2CCN1CCCCN1CCN2c3cccc4scc(c34)CC2C1,6.201,4,6.635615313492058,1438
COc1ccc2c3c(ccc2c1)Cc1ccccc1C3CN,7.679,3,7.401319207671961,1439
COc1cc2c(cc1OC1CCCCC1)C[C@H]1c3c(cc(OC)c(OC)c3-2)CCN1C,6.24,2,6.4015903128908125,1440
C[C@H](N)CN1CCc2cc(F)c(Cl)cc21,6.606,1,6.8369550238095265,865
O=C1C[C@]2(CN3CCC2CC3)Oc2cc(Br)ccc21,4.82,7,4.999238079725826,401
Cc1nc(C(=O)NCCCN2CCN(c3cccc(Cl)c3Cl)CC2)c(C)n1-c1ccc(Cl)cc1,7.52,3,7.461200050264549,103
Cn1cnc2c1CCN(CCN1CCC(c3noc4ccccc34)CC1)C2=O,7.85,2,8.582168113756618,193
Cc1ccc(-c2c3c(nn2C(C)C)CCNCC3)cc1,9.0,2,7.577216465608468,68
Cn1ccc2c1CCN(CCN1CCN(c3nsc4ccccc34)CC1)C2=O,9.64,2,9.041141165343914,1441
COc1ccc(NC(=O)Nc2ccc(Cl)cc2)cc1-c1c(Br)cnn1C,9.152,9,7.61855212830688,104
O=C(N[C@H]1CCN(Cc2ccc(Cl)c(Cl)c2)C1)c1ccc(-c2cccs2)cc1,7.659,10,6.560594551587301,384
COc1ccc2[nH]cc(CCNCc3ccc(Cl)cc3)c2c1,6.615,3,7.306886449735451,663
O=c1c2cnccc2ccn1CCN1CCN(c2nsc3ccccc23)CC1,8.89,6,8.94855870634921,985
CC(=O)N[C@H]1CC[C@H](CCN2CCN(c3cccc4c3OCO4)CC2)CC1,7.79,5,7.599921876984129,5
O=C(N[C@H]1CC[C@H](CCN2CCN(c3nsc4ccccc34)CC2)CC1)OC1CC1,8.641,1,9.088528682539685,1442
O=C(Cc1ccc2c(c1)OCO2)N[C@H]1CC[C@H](CCN2CCN(c3nccc4c3CCO4)CC2)CC1,7.471,10,7.696278478835973,1443
Oc1cccc(C2NCCc3c2[nH]c2ccc(F)cc32)c1,6.68,6,6.66111348544974,44
COc1ccc(CCN(CCCc2ccc(I)cc2)CCc2ccc3c(c2)OCO3)cc1OC,6.54,10,6.916833842592594,47
CN(C)CCSc1cccc(Br)n1,6.57,5,6.47690278571428,346
CCC(Oc1cccc(Cl)c1Cl)c1nc(Nc2ccccc2)nc(N2CCN(C)CC2)n1,6.93,5,6.660592235449736,948
CN1CCC(N(Cc2ccc(F)cc2F)C(=O)NCc2ccc(OCCF)cc2)CC1,8.078,2,8.60300383201058,19
CC(C)c1nc(CN2CC[C@H](c3ccccc3)C2)cs1,6.55,3,6.948693577380949,1444
COc1ccccc1-n1c(C)nc(C(=O)NCCCN2CCN(c3cccc(C)c3C)CC2)c1C,6.841,3,6.850680148148146,103
O=c1ccc2cnc(OCCCCN3CCN(c4cccc(Cl)c4Cl)CC3)nc2[nH]1,8.492,9,7.585515784391524,1445
O=C1NCc2ccc(OCCCCN3CCN(c4cccc5c4CCCC5)CC3)cc21,8.47,8,8.184364099206354,1446
O=C(N[C@H]1CC[C@H](CCN2CCC(c3coc4ccccc34)CC2)CC1)c1ccc(-n2cccn2)cc1,7.65,7,7.98948291402116,1447
CC(C)COc1ccc(CNC(=O)N(Cc2ccc(F)nn2)C2CCN(C)CC2)cc1,7.83,6,7.405458907407412,1448
CNCc1ccc(C(F)(F)F)cc1Oc1ccc(Cl)c(Cl)c1,6.44,5,7.27725171825397,7
O=C(CF)N[C@H]1CC[C@H](CCN2CCN(c3cccc4c3OCO4)CC2)CC1,7.5,5,7.714298415343915,5
Cc1ncnc(C)c1-c1cc(NC(=O)Cc2ccn(C)c2)ccc1OCCN1CCCC1,7.657,5,7.823998882275127,1449
Fc1ccc(Nc2nc(N3CCN(Cc4ccccc4)CC3)nc3[nH]ncc23)cc1,7.28,4,6.889576130952384,1450
N#Cc1cn2cccc(C(=O)N3CCN(CCc4ccc(F)cc4F)CC3)c2n1,8.551,3,8.652995789682542,367
Fc1ccccc1N1CCN(Cc2c[nH]c3ncccc23)CC1,6.618,8,6.809927260582012,629
Cc1ccc2c(c1)Oc1cc(Cl)ccc1N=C2N1CCN(CC(C)(C)C(=O)O)CC1,7.89,3,7.666022551587303,596
CC1Cc2cc(CNC(=O)N(Cc3ccc(F)cc3)C3CCN(C)CC3)ccc2O1,9.45,2,7.954373508658014,417
O=C(C[C@@H]1CCCO1)N[C@H]1CC[C@H](CCN2CCC(c3cccc4c3CCO4)CC2)CC1,7.489,3,7.488313488095241,1451
[O-][S+](c1ccc(/C=C/c2ccc(F)cc2F)nc1)c1ccccc1F,8.458,8,8.324892882275128,529
Cc1noc(C)c1-c1cc(NC(=O)C2CC2)ccc1O[C@H]1CCCNC1,6.144,2,7.632542494708993,1452
O=S(=O)(NCCCN1CCC(c2noc3cc(F)ccc23)CC1)c1cnc2ccccn12,8.189,1,8.215387414021166,1453
CNC(C)c1ccccc1Oc1ccc(C)cc1,7.26,5,6.675896156084654,7
CCN(CCN1CCC(c2noc3cc(Cl)ccc23)CC1)C(=O)[C@H](C)O,8.319,4,8.427733551587306,32
Cc1c(OCCCCN2CCN(c3cccc4cccc(F)c34)CC2)ccc2c1C(=O)NC2,8.41,4,7.854608394420396,190
CNCc1cc(OCc2cc(F)ccc2F)n(CC2CCC(F)(F)CC2)n1,8.77,6,8.469456189153437,94
Oc1ccc2[nH]c3c(c2c1)CCNC3c1ccccc1F,7.635,6,6.621193186507937,44
O=S(=O)(N[C@H]1CC[C@H](CCN2CCC(c3cccc4c3CCO4)CC2)CC1)c1ccccc1,7.099,2,7.3761676481481455,1197
COc1cc(CCCCCF)c(OC)cc1CCN,7.241,2,7.230306034932663,188
Fc1ccc(OCCCN2CCC(c3ccc(Cl)cc3)CC2)cc1,6.92,7,7.158524931878309,1085
CC1(CCN2CCN(c3noc4ccccc34)CC2)CCc2cccnc2C1=O,8.94,2,7.85269982142857,867
CC(C)c1nc2c(N3CCNCC3)ccnc2n1Cc1cccc(Cl)c1,6.16,7,7.061130291005291,1454
Cc1nc(C(=O)Nc2ccc(OC[C@H]3CCCCN3)c(-c3c(C)noc3C)c2)c(C)o1,6.526,10,7.792175018518509,1455
CCNC(=O)N(CCCN(C)C)C(=O)[C@@H]1C[C@@H]2c3cccc4c3c(cn4C)C[C@H]2N(C)C1,4.94,8,7.264843949735453,1069
Cc1ccc2c(c1Cl)C(=O)N[C@H]1CNC[C@H]21,7.785,7,6.251003507936504,34
O=c1ccc2ccc(CCCCN3CCN(c4cccc5sccc45)CC3)cc2[nH]1,6.611,9,6.625495001322753,1456
[2H]C([2H])([2H])N(C([2H])([2H])[2H])C([2H])([2H])C([2H])([2H])c1c[nH]c2cccc(OC(=O)CCCCCCCC/C=C\C/C=C\CCCCC)c12,6.018,1,7.086633417989418,89
O=S(=O)(NCCCCN1CCN(c2nsc3ccccc23)CC1)c1ccc(F)c(Cl)c1,7.822,10,8.003891285714289,587
CCC(=O)N[C@H]1CC[C@H](CCN2CCN(c3nsc4ccccc34)CC2)CC1,8.959,5,9.110759772486771,321
CSc1cc2c(cc1C(F)(F)F)N(C(=O)Nc1cccnc1)CC2,6.4,7,6.897612406084659,440
O=C(N[C@H]1CC[C@H](CCN2CCN(c3nsc4ccccc34)CC2)CC1)Oc1ccccc1,9.18,5,9.128405916005294,744
CN(C)CCc1c(Cl)[nH]c2ccccc12,6.35,1,7.11935036243386,89
COc1cc2c3c(c1OC)-c1ccccc1CC3N(C)CC2,6.32,9,6.873805804834054,81
CO[C@H]1CC[C@H](CC(=O)N[C@H]2CC[C@H](CCN3CCC(c4noc5cc(F)c(F)cc45)CC3)CC2)CC1,8.118,1,7.917852075396828,238
COc1ccc2c(c1)CCC1(CCN(CCc3ccc(F)cc3F)CC1)O2,8.74,6,8.233479424603177,732
COc1ccc(Cc2c(N)nc(SCCN3CCN(Cc4ccc(C)cc4)CC3)nc2N)cc1,7.9,5,6.801934226190479,467
NC(=O)C1CCN(CCCN2c3ccccc3Sc3ccc(Cl)cc32)CC1,8.985,9,7.453278402116404,281
O=C(O)C1CCN(C2CCC3(C2)C(=O)c2cc(Cl)ccc2Oc2ccccc23)CC1,6.4,8,6.777411542568542,1457
Cc1ncnc(C)c1-c1cc(NC(=O)C2CC(F)(F)C2)ccc1OCCN1CCCC1,8.348,5,7.928520066137565,1458
O=C1Cc2c(ccc3c2OC[C@H](CNCCCC2CCc4c([nH]c5ccc(F)cc45)C2)O3)N1,8.221,7,7.124736543650794,1459
COc1ccc2c(c1)-c1c(ccn1C[C@H](C)N)C2,6.9,10,7.206202801587301,309
Cc1cccc2c1N1[C@@H](CNC[C@H]1C)C2,7.368,7,5.5679553558201,3
CCCCCCCc1cc(OC)c(CC(C)N)cc1OC,8.469,2,7.606215373015875,188
CCN(CCN1CCC(c2noc3ccccc23)CC1)S(=O)(=O)CCO,7.96,4,8.38372311640211,32
c1ccc2c(N3CCN(CCc4ccc5[nH]cnc5c4)CC3)cccc2c1,7.82,6,7.310853540343914,1460
CC(C)COc1ccc(CNC(=O)N(Cc2ccc(F)cn2)[C@H]2CCN(C)C[C@@H]2O)cc1,7.59,7,7.966949063131318,223
COc1ccc2c(c1)CC(CN1CCC(c3noc4cc(F)ccc34)CC1)CC2=O,7.58,5,8.13038260714286,311
CCc1cccc(N2CCN(CC(F)CCNC(=O)c3cc4ccccc4[nH]3)CC2)c1Cl,6.209,6,7.000957591269845,539
O=C(NCCCCN1CCN(c2ccccc2)CC1)c1cc2ccccc2cn1,7.4,9,6.967072507936504,69
Cc1ncnc(C)c1-c1cc(NC(=O)C2CC2)ccc1OC[C@H]1CCCCN1,8.026,4,7.561148515873015,130
COc1ccc(-n2c(C)nc(C(=O)NCC(O)CN3CCN(c4cccc(C)c4C)CC3)c2C)cc1,6.76,3,6.750054599206345,103
O=C1c2nc(Cl)ccc2CCN1CCN1CCC(c2noc3ccccc23)CC1,7.97,3,8.433921636243381,226
CSc1ccc(Oc2ccccc2CN(C)C)cc1,6.34,5,6.710648277777776,7
Cc1ncnc(C)c1-c1cc(NC(=O)C2CC2)ccc1OCCN(C)CC1CC1,7.708,5,7.295218534271282,1461
Cc1ccc(C2NCCc3c2[nH]c2ccc(F)cc32)c(C)c1,6.44,6,7.039379780423281,44
c1ccc(CCCCNCC2c3ccccc3Cc3ccccc32)cc1,6.44,4,6.820099612433867,1462
NCC12CCC(c3ccccc31)c1ccccc12,6.11,8,6.907718952380957,1463
CCN1CCC(N(Cc2ccc(F)cn2)C(=O)NCc2ccc3c(c2)CC(C)(C)O3)CC1,8.503,3,7.841667083333338,268
COCCC(=O)N[C@H]1CC[C@H](CCN2CCC(c3noc4cc(F)c(F)cc34)CC2)CC1,7.889,1,7.711057645502644,111
O=C1c2ccccc2S(=O)(=O)N1CCCCCCN1CCN(c2ncccn2)CC1,6.74,3,6.347697220899472,1464
O=C(NC[C@H]1CC[C@H](CN2CCN(c3nsc4cc(Cl)ccc34)CC2)CC1)c1ccco1,9.492,9,8.108193400793645,1465
O=C(N[C@H]1CC[C@H](CCN2CCN(c3nccc4c3CCO4)CC2)CC1)C1CC1,7.957,1,7.974499999999994,395
CC(C)Oc1ccc(CC(=O)N(Cc2ccc(F)cc2F)C2CCN(C)CC2)cc1,8.3,6,8.537097623015875,128
CCc1cc2c(cc1Cl)N(C(=O)Nc1cccnc1)CC2,6.4,7,6.713628772486775,440
O=C(NCCCCN1CCN(c2ccccc2)CC1)c1ccc2ncccc2c1,7.18,2,7.058009130952378,1466
Clc1ccc(N2CCCN(CCCc3nc4ccccc4s3)CC2)cc1,6.159,1,6.863760079365085,1467
CSc1cccc2c1C(=O)N1CCNCC21,6.74,9,6.650487417989416,185
CC(=O)c1c(OCCCN2CCN(c3ccccc3C(F)(F)F)CC2)ccc2c(C)cc(=O)oc12,7.699,3,7.375567819865322,678
CCCCn1cc(CCCOc2ccc(C(=O)NCCCCN(CCC)[C@@H]3CCc4c(O)cccc4C3)cc2OC)nn1,6.0745000000000005,10,6.480072693121692,1468
CS(=O)(=O)c1ccc(C(=O)N[C@H]2CC[C@H](CCN3CCC(c4cccc5c4CCO5)CC3)CC2)cc1,7.831,4,7.48314010185185,399
COc1cccc2[nH]nc(C3=CCCNC3)c12,7.101,10,6.520749527777773,649
COCCC(=O)N[C@H]1CC[C@H](CCN2CCC(c3noc4cc(F)ccc34)CC2)CC1,8.74,1,7.900340879629631,111
O=S(=O)(N[C@H]1CC[C@H](CCN2CCC(c3noc4cc(F)ccc34)CC2)CC1)c1cccnc1,8.61,9,8.441148674603172,1469
NCCC1c2ccccc2Cc2ccccc21,6.32,1,6.704947283068783,152
CC(Oc1cc(C(F)(F)F)ccc1C(F)(F)F)c1nc(N)nc(N2CCN(C)CC2)n1,6.1,8,6.631070255291007,342
COC1(C(=O)N[C@H]2CC[C@H](CCN3CCN(c4cccc5c4OCO5)CC3)CC2)CCCCC1,7.74,1,7.753467494708991,1470
CCCN1CCc2cccc3c2C1Cc1cccc(OCc2cn(CCCCN4CCN(c5ccccc5OC)CC4)nn2)c1-3,6.76,8,5.944437119408369,1471
C[C@H]1C[C@H](NS(=O)(=O)c2cccc(Cl)c2)CN1CCCc1noc2cc(F)ccc12,8.41,5,8.488317812169315,159
CC(N)C1c2ccccc2Cc2ccccc21,6.71,1,6.855470575396826,152
O=S(=O)(N[C@H]1CC[C@H](CCN2CCN(c3nccc4c3CCO4)CC2)CC1)c1ccc(F)cc1,7.407,2,7.471240997354494,1256
COCCOCCOCCOc1cc(Nc2nccc(Oc3ccc(NC(=O)Nc4cc([Si](C)(C)C)nn4-c4ccc(C)cc4)c4ccccc34)n2)cc(OC)c1,6.69,9,6.961709365079364,65
CC(C)CC(=O)N[C@H]1CC[C@H](CCN2CCC(c3coc4ccccc34)CC2)CC1,8.06,5,8.274216277777779,182
N#Cc1cccc2nn(CCCCN3CCN(c4cccc5sccc45)CC3)c(=O)n12,6.98,3,7.3179093862433895,121
COc1ccc(N2CCC(C)(c3ccc(Cl)c(Cl)c3)C2=O)cc1OCCN1CCCCC1,6.2,1,6.340098935185184,724
O=C(CO)N[C@H]1CC[C@H](CCN2CCN(c3nccc4sccc34)CC2)CC1,8.852,3,8.633103031084653,305
O=C1CCc2ccc(OCCCCN3CCN(c4ccc(O)c5ncccc45)CC3)cc2N1,7.409,7,6.89727492857143,1472
O=S(=O)(NCCCCN1CCN(c2noc3ccccc23)CC1)c1ccc2cc(Cl)ccc2c1,8.11,8,6.939606401154398,1473
CNCc1ccc(Cl)cc1Oc1ccc(Cl)c(C)c1,8.042,5,6.935138833333335,7
Cc1cccc(N2CCN(CCNC(=O)c3nc(C(C)C)n(-c4ccccc4)c3C)CC2)c1C,7.8,7,7.0222741296296345,761
Brc1ccc2[nH]nc(C3=CCCNC3)c2c1,7.272,10,6.315587515873016,649
Cc1c(Cn2ncc(N3CCNCC3)c(Cl)c2=O)cccc1NC(=O)c1ccc(-c2ccccc2)cc1,7.282,2,6.863006333333335,29
COc1ccccc1N1CCN(CCCN2CCCn3c2nc2c3c(=O)n(C)c(=O)n2C)CC1,6.312,7,5.997860104497352,169
O=C(c1ccccc1)N(CCCN1CCC(c2noc3cc(F)ccc23)CC1)C1COC1,7.73,6,8.165415560846567,1474
Cc1cccc(N2CCN(CCCNC(=O)c3cc(-c4ccccc4)[nH]c3C)CC2)c1C,6.52,8,7.478167595238096,13
CCO[C@@H](C)c1ccc2c(n1)N1[C@@H](CNC[C@H]1C)C2,7.189,2,6.859020066798944,153
CNc1ccccc1C(=O)CCCN1CC[C@H]2[C@@H](C1)c1cccc3c1N2CCCS3,7.209,2,8.07594628330928,175
CCS(=O)(=O)N[C@H]1CC[C@H](CCN2CCC(c3noc4cc(F)ccc34)CC2)CC1,8.779,1,8.668481305555558,111
COCCC(=O)N[C@H]1CC[C@H](CCN2CCN(c3ncc(C)c4c3CCO4)CC2)CC1,7.43,10,7.517881017195775,12
CC(C)C[C@H]1C(=O)N2CCC[C@H]2[C@]2(O)O[C@](NC(=O)[C@@H]3C=C4c5cccc6[nH]c(Br)c(c56)C[C@H]4N(C)C3)(C(C)C)C(=O)N12,7.322,7,7.817899892857148,1475
CN(C)[C@@H]1Cc2ccccc2[C@@H](c2cccc(F)c2)C1,6.73,8,7.29417895634921,215
O=C(NCc1ccc(OCC(O)CN2CCN(c3cccc(Cl)c3Cl)CC2)cc1)N(Cc1ccc(F)cc1)C1CCNCC1,7.04,5,6.66313989417989,1476
CNCc1cc(OCc2cccc(Cl)c2)n(CC2OC3CCC2CC3)n1,8.03,4,8.169959925925921,1477
Cc1cccc(N2CCN(CCCCNC(=O)c3ccc4ccccc4n3)CC2)c1,7.77,7,7.303821543650793,1117
O=S(=O)(c1ccc(F)cc1)c1ccc(CCc2ccc(F)cc2)cn1,7.721,3,7.628215295214047,1478
Cc1ncnc(C)c1-c1cc(NC(=O)C2(F)CCC2)ccc1OC[C@H]1CCCCN1,8.307,2,8.032356702380952,1479
COc1ccc(S(=O)(=O)N(CCCN2CCN(c3ccccc3)CC2)CC2CCCCC2)cc1,8.028,4,6.769826121693117,1062
CC(C)C(O)Cc1ccc(CNC(=O)N(Cc2ccc(F)cc2)C2CCN(C)CC2)cc1,8.172,2,7.942957020502643,19
O=C(CO)N[C@H]1CC[C@H](CCN2CCC(c3cccc4c3OCO4)CC2)CC1,7.67,3,7.793641066137561,63
COc1ccc2[nH]cc(CCN3CCC3)c2c1,8.15,4,6.944283931216932,1480
F[C@@H]1CCNC[C@H]1c1c(-c2ccccc2)[nH]c2ccc(Cl)cc12,7.9905,4,8.123931584656079,304
COc1cc(-n2cc(O)n(-c3ccc(Oc4ccccc4)cc3)c2=O)ccc1OCCN1CCCC1,6.481,1,6.817744671957668,1481
O=C(CC(F)(F)F)N[C@H]1CC[C@H](CCN2CCC(c3noc4cc(F)ccc34)CC2)CC1,8.558,1,8.420413387566136,111
O=C1CC2(CCCC2)CC(=O)N1CCCCN1CCN(c2cccc3sccc23)CC1,7.54,10,7.1273964510582015,1482
CCCN1CCN(c2ccc3c(c2)C(N(C)C(=O)OCc2ccccc2)CCC3)CC1,6.501,9,7.653747408730161,1483
COc1ccc2c(C3CCN(CCN4CCc5cccnc5C4=O)CC3)noc2c1,6.66,3,8.109302190476196,226
c1ccc(Cc2ccnc3c2CC[C@@H]2CNCCN32)nc1,7.17,8,7.527360989417991,1484
CN1CCN2c3c(cccc31)[C@@H]1CN(CC3CC(c4ccc(F)cc4)=NO3)CC[C@@H]12,7.3,7,7.5438063624338625,1485
COc1cccc(N2CCN(CCCCCCN3C(=O)c4ccccc4S3(=O)=O)CC2)c1,6.468,2,6.546508591269842,143
CCc1ncc2c(n1)CCN(CCN1CCN(c3nsc4ccccc34)CC1)C2=O,8.89,6,8.944880714285713,891
CN(C)[C@H]1Cc2ccccc2[C@H](c2ccccc2Br)C1,6.12,8,7.531912908730164,215
Cc1ncnc(C)c1-c1cc(NC(=O)C2(CF)CC2)ccc1OCCN1CCCC1,8.068,3,8.157771980158723,1341
CN(C)[C@@H]1Cc2ccccc2[C@H](c2cccc(Br)c2)C1,7.039,8,7.5770668571428645,215
Cc1cccc(N2CCN(CCCNC(=O)c3cc(-c4ccc(Cl)cc4)[nH]c3C)CC2)c1C,7.038,8,7.449633841269838,13
Clc1cccc(COc2cncc(N3CCNCC3)n2)c1,7.09,6,6.675756800264548,1486
Fc1ccc(CCN2CCC3(CCc4c(F)cccc4O3)CC2)c(F)c1,8.3,6,8.310987753968256,732
O=C(N[C@H]1CC[C@H](CCN2CCN(c3nsc4ccccc34)CC2)CC1)c1cc2ccccc2s1,8.9205,5,8.838241068061564,1487
O=C(Nc1cccnc1)N1CCc2cc(Cl)c(C(F)(F)F)cc21,6.801,7,6.892666608465614,440
O=S(=O)(NCCCCN1CCC(c2noc3cc(F)ccc23)CC1)c1cnc2ccccn12,8.021,5,8.30621564718152,1488
O=C1c2ccccc2S(=O)(=O)N1CCCCCCN1CCN(c2ccc(Cl)cc2)CC1,6.52,2,6.762783715608466,143
Cn1cc2c(n1)C(=O)N(CCN1CCC(c3noc4ccccc34)CC1)CCC2,8.3,4,8.401882150793655,1489
NCCc1c[nH]c2cc(F)cc(O)c12,8.2,1,6.816859105820104,89
CC(C)(C)NC1=NCCNC(c2ccccc2Cl)=C1,7.12,6,6.940673584656089,279
Cc1c(C(=O)NCCCN2CCN(c3ccc(Cl)cc3Cl)CC2)cc(-c2ccccc2)n1C,6.671,8,6.967007091269837,13
Nc1nc(SCCN2CCN(Cc3ccccc3Cl)CC2)nc(N)c1Cc1ccccc1O,7.64,5,6.8716114444444445,467
Cc1cccc(C2NCCc3c2[nH]c2ccc(F)cc32)c1,6.801,6,6.841976119047623,44
CC1CNCCc2cc(Cl)ccc21,6.817,3,6.468821066137566,40
COc1cc(CCCCF)c(OC)nc1CCN,6.987,5,7.27900611772487,346
O=C(NCCCCN1CCN(c2ccccc2F)CC1)c1cc2ccccc2o1,7.747,1,7.416927142857142,101
CCOC1CC1C(=O)Nc1ccc(OC[C@H]2CCCCN2)c(-c2c(C)ncnc2C)c1,8.043,4,7.636286884920633,130
CC(Sc1cc(Cl)cc(Cl)c1)c1nc(N)nc(N2CCN(C)CC2)n1,6.75,7,6.7460367037037035,254
Cc1nc2n(c(=O)c1CCN1CCN(c3nsc4ccccc34)CC1)CCCC2Cl,7.22,6,8.592746300264544,1162
NC[C@@H]1C[C@@H]1c1cc(F)ccc1OCC1CC1,6.0495,7,6.510368226190475,1490
O=C(NCCCCN1CCN(c2ccc(O)cc2)CC1)c1cc2ccccc2cn1,7.77,9,6.997936711339585,69
O=C(CCCN1CCN(c2cccc(Cl)c2Cl)CC1)Nc1ccn2nccc2c1,8.31,5,7.59113935780423,885
Cc1ncnc(C)c1-c1cc(NC(=O)Cc2ccc(F)cc2)ccc1OCCN1CCCC1,8.886,10,7.823312863516113,291
O=C1CCc2cc(CCN3CCC(c4cccc5sccc45)CC3)ccc2N1,6.731,3,7.586723017195765,1491
Clc1cccc(COc2ccc(Br)cc2OC2CNC2)c1,7.378,3,7.4364872678571405,74
Brc1ccc2c(c1)[C@H]1O[C@H](Cn3oc4ccc(N5CCOCC5)cc43)C[C@H]1c1ccccc1O2,6.51,2,6.734154984968731,1492
Cc1ncoc1CC(=O)Nc1ccc(OCCN2CCC2)c(-c2c(C)ncnc2C)c1,8.007,1,7.5343020165343875,1493
CC(C)Oc1ccc(COC(=O)N(Cc2ccc(F)cc2F)C2CCN(CC(C)(C)C(=O)O)CC2)cc1,8.5,7,7.680417637566137,76
O=C1C[C@]2(CN3CCC2CC3)Oc2cc(O)ccc21,4.0,7,5.022414909090909,401
CN1CCC(N(Cc2ccc(F)cn2)C(=O)NCc2ccc(OC(CF)CF)cc2)CC1,8.616,7,8.013172602813853,223
O=C1NCc2ccc(OCCCCN3CCN(c4cccc5ccc(F)cc45)CC3)c(F)c21,8.679,4,8.115635264550258,190
O[C@@H]1CCNC[C@H]1c1c(-c2ccccc2)[nH]c2ccccc12,8.48,4,7.413507263227519,304
Cn1ncc2c1CC(CN1CCC(c3noc4cc(F)ccc34)CC1)CC2=O,7.76,9,7.924024888888893,773
COc1ccc(NC(=O)Nc2ccc(C(F)(F)F)cc2)cc1-c1c(Br)cnn1C,9.15,9,7.601908493386244,104
COc1cccc(CNCCc2cccc3ccc(OC)cc23)c1,7.04,10,7.2390153611111145,1494
O=C(N[C@H]1CC[C@H](CCN2CCC(c3noc4ccc(F)cc34)CC2)CC1)c1ccc2c(c1)OCO2,7.95,9,7.669581464947092,1371
CN(C1CCN(CCOc2ccccc2-c2ccccc2)CC1)S(=O)(=O)c1ccc(F)cc1,7.161,9,7.372997830687832,231
Nc1ccc(CCCCN2CCN(c3ccccn3)CC2)cc1,6.202,1,6.821934452621454,852
COc1c(Br)cc([18F])cc1CCNCc1ccccc1O,8.141,10,7.510394666666676,117
Cc1ncc2c(=O)n(CCN3CCN(c4noc5ccccc45)CC3)ccc2n1,6.91,9,7.837303414983164,1495
COCCCOc1cc(C(=O)N(C[C@@H]2CNC[C@H]2Cc2ccccc2)C(C)C)ccc1OC,6.0,8,6.661498870370371,1496
O=C(NC1CCc2cc(CCN3CCN(c4nsc5ccccc45)CC3)ccc21)c1ccc(F)cc1,8.78,7,8.75915957852332,1497
CCC[C@@H](F)C(=O)Nc1ccc(OC[C@H]2CCCCN2)c(-c2c(C)ncnc2C)c1,8.246,7,7.700903771825389,973
O=C(NC1CCc2ccc(CCN3CCN(c4nsc5ccccc45)CC3)cc21)c1ccc(Cl)cc1,10.0,9,9.334222071428572,172
COc1ccccc1CCN1CC[C@@H]2[C@H](C1)c1cccc3c1N2CCC3,7.62,6,6.9547459318783025,1498
O=C1Nc2cc(Cl)c(Cl)cc2N2CCNCC12,7.923,5,6.312934087301588,1499
O=c1n(CCCN2CCN(c3cccc(Cl)c3)CC2)nc2ccccn12,7.157,4,6.64418525793651,1500
CNCc1cc(OCc2cc(F)ccc2F)n(CCC(C)C)n1,8.822,5,8.087596083333338,357
CNC(=O)c1cc(OCCCCN2CCN(c3cccc(Cl)c3Cl)CC2)ccn1,6.32,3,6.476125449735448,1501
CC(C)Cc1ccc(CNC(=O)N(Cc2ccc(F)cn2)C2CCN(C)CC2)cc1,7.83,7,8.38094711736411,223
CNCCC=C1c2ccccc2CCc2ccccc21,7.555,5,6.9714760345719125,1171
CCCC(=O)N[C@H]1CC[C@H](CCN2CCC(c3coc4ccccc34)CC2)CC1,8.26,5,8.24413031349207,182
CC(C)c1ccccc1OCCN1CCC(N(C)S(=O)(=O)c2cccc(F)c2)CC1,6.639,10,7.064447559523808,994
Cc1ncnc(C)c1-c1cc(NC(=O)C2CC2)ccc1OCCN(C)CCS(C)=O,6.635,8,7.544735399470903,98
Cc1cccc2c1C[C@@H]1CNCCN1C2=O,6.345,10,6.457187951058196,149
CC(Oc1cccc(Cl)c1)c1nc(N)nc(N2CCN(C)CC2)n1,6.23,8,6.524029623015876,342
Fc1ncccc1C1NCCc2c1[nH]c1ccc(Cl)cc21,6.46,2,6.693286527777778,436
COc1ccc(N2CC=C(c3ccc(Br)cc3)C2=O)cc1OCCN1CCC(C)CC1,6.4,1,6.628177328042333,759
O=C1C[C@]2(CN3CCC2CC3)Oc2cc3ccccc3cc21,4.3,2,4.960988380952384,1502
COc1cc(SCC#N)c(OC)cc1CCN,7.825,2,7.341213503968248,188
OCc1cc2cc(OCCCCN3CCN(c4cccc(Cl)c4Cl)CC3)ccn2n1,7.8,8,7.360144696969699,245
Clc1cc2c(c(-c3ccccc3Cl)c1)N1CCNCCC1C2,6.991,7,6.578626170634924,465
O=S(=O)(Nc1ccccc1-c1nccc2ccccc12)c1ccc(Cl)cc1,4.74,1,6.0329464365079355,1503
O=C1NCc2ccc(OCCCCN3CCN(c4cccc5c4CCC5)CC3)cc21,8.0,10,8.051172715608466,1504
Oc1c(Cl)cccc1C1NCCc2c1[nH]c1ccc(Cl)cc21,6.472,6,6.718929031746033,44
CCC(Sc1cc(Cl)cc(Cl)c1)c1nc(N)nc(N2CCN(C)CC2)n1,6.75,7,6.723701417989417,254
c1ccc(CNCC2c3ccccc3Cc3ccccc32)cc1,6.14,9,7.221923881613756,1505
Cc1ccc(C2NCCc3c2[nH]c2ccc(F)cc32)cc1,6.68,6,7.069752601851856,44
Cc1cnc(CNc2nc(N)nc3ccn(Cc4ccccn4)c23)o1,6.189,8,6.1335730343915325,1506
O=C(N[C@H]1CC[C@H](CCN2CCN(c3cccc4sccc34)CC2)CC1)c1ccco1,9.201,5,8.315149689153438,1507
CCN(CCCN1CCC(c2noc3cc(F)ccc23)CC1)C(=O)[C@H](C)O,8.08,4,8.795374730158734,32
COc1ccc(N2Cc3cccc(Cl)c3C2=O)cc1OCCN1CCCCC1,6.0,1,6.672288179894184,73
O=C1N[C@H]2CNC[C@@H]2c2cccc(C(F)(F)F)c21,6.104,7,6.504837496031746,34
CN1CCN(c2nc(N)nc(C(C)(C)Sc3ccccc3Cl)n2)CC1,6.05,7,6.681361898148151,254
O=C1c2cc(Cl)c(Cl)cc2CC1CCN1CCN(c2ccccn2)CC1,6.8,2,6.692314449735448,269
C[C@@H]1CNC[C@@H]2Cc3ccc(Cl)nc3N21,7.3235,2,6.822738596560847,153
CCCCNCc1ccc(Cl)c(-c2ccccc2OC)c1,6.551,9,7.189252538359788,202
COc1cccc(OC(=O)N[C@H]2CC[C@H](CCN3CCN(c4nsc5ccccc45)CC3)CC2)c1,8.849,5,8.781351773809531,744
CC(C)COc1ccc(CNC(=O)N(Cc2ccc(F)cc2)C2CC(N(C)C)C2)cc1,6.843,7,7.886799052068304,1508
CN(C)C(=O)CCC(=O)N[C@H]1CC[C@H](CCN2CCC(c3coc4ccccc34)CC2)CC1,8.109,5,8.21265728174604,182
OCCN1CCN(CCCN2c3ccccc3Sc3ccc(C(F)(F)F)cc32)CC1,8.29,5,7.1969089642857185,1509
COc1ccc2[nH]cc(C(C)CN)c2c1,8.659,1,6.8214634021163985,89
O=C1CCc2ccc(OCCCCN3CCN(c4cccc5cc(F)ccc45)CC3)nc2N1,8.458,4,7.809832249639241,369
C[C@@H]1CNC[C@H]2Cc3ccc(CO)cc3N21,6.54,7,6.3550996125541115,3
CC(C)COc1ccc(CN(Cc2ccc(C#N)cn2)C(=O)NC2CCN(C)CC2)cc1,7.26,8,7.163652388888898,1130
CN(C)S(=O)(=O)N[C@H]1CC[C@H](CCN2CCN(c3cccc4c3OCO4)CC2)CC1,7.668,5,7.59396518650794,5
CN1CCN(c2cccc(N(CC3CC3)S(=O)(=O)c3ccc4ccccc4c3)c2)CC1,7.058,6,7.101823575396827,1510
O=C(c1ccc(-n2cnc([N+](=O)[O-])c2)cc1)C1CC1,7.339,5,6.361902825396826,1511
Oc1ccccc1C1NCCc2c1[nH]c1ccc(Cl)cc21,7.291,6,6.556716992063492,44
COc1ccc(NC(=O)Nc2ccc(N(C)C)cc2)cc1-c1c(Br)cnn1C,8.05,9,7.808932580687825,104
CNCc1cc(OCc2ccccc2)n(CC2(C)CCCCC2)n1,8.55,6,7.985221604978348,94
O=C1Cc2cc(CCN3CCN(c4cccc5sc(F)cc45)CC3)c(Cl)cc2N1,6.14,8,7.226780547619048,134
Cn1nccc1-c1cc(NC(=O)Nc2cc(F)cc(F)c2)ccc1OCCN1CCCCC1,9.04,9,8.806594166666668,93
O=C(c1cccc2cccnc12)N1CCC(CCc2ccc(F)cc2F)CC1,8.54,5,8.08134312962963,1512
O=Cc1cnn2ccc(NC(=O)CCCN3CCN(c4cccc(Cl)c4Cl)CC3)cc12,8.2,5,7.285626777777778,885
O=C(N[C@H]1CC[C@H](CCN2CCC(c3cccc4c3OCO4)CC2)CC1)c1ccc(Cl)cc1,7.661,6,7.613750608465604,562
Nc1nc(-c2ccc(F)cc2)c([C@@H]2CCN(CCCC(=O)c3ccc(F)cc3)C2)s1,8.718,4,7.723331380952377,1513
CCc1ccc2c3c1CCN3CCNC2,4.301,4,5.998646994708993,18
O=S(=O)(Nc1ccc2nccc(N3CCNCC3)c2c1)c1ccc(-c2ccccc2)cc1,6.3,3,6.512605597883597,1514
O=C1COc2ccc(OCCCCN3CCN(c4cccc(Cl)c4Cl)CC3)cc2N1,7.916,10,7.4857693888888885,1515
Fc1ccc2c(C3CCN(CCCOc4ccc(CN5CCOCC5)c(Cl)c4)CC3)noc2c1,8.2,9,8.06700557010582,224
Cc1cc2c(cc1C(F)(F)F)N(C(=O)Nc1cnc(Oc3cccnc3C)c(Cl)c1)CC2,6.6,7,6.591940243386243,52
Cc1nc2n(c(=O)c1CCN1CCC(c3noc4cc(F)ccc34)CC1)CCCC2O,8.482,5,8.493414236772493,286
CCCCC(=O)N[C@H]1CC[C@H](CCN2CCC(c3coc4ccccc34)CC2)CC1,7.88,5,8.112064690476195,182
CNCc1cc(F)ccc1Oc1ccc(Cl)cc1,6.303,5,6.639761550264548,7
O=C(N[C@H]1CC[C@H](CCN2CCN(c3nccc4c3CCO4)CC2)CC1)C(O)C(F)(F)F,7.94,10,7.8454338769841225,12
CS(=O)(=O)N[C@H]1CC[C@H](CCN2CCN(c3nsc4ccccc34)CC2)CC1,9.55,5,8.701011369047619,321
O=C(NCc1ccc(-c2ccc(Cl)cc2)cc1)Nc1ccc(CN2CCCCC2)cc1,7.539,2,6.832670011904768,1516
O=C(CO)N[C@H]1CC[C@H](CCN2CCN(c3nccc4occc34)CC2)CC1,8.251,9,8.124449592592603,83
O=S(=O)(c1ccc(/C=C/c2ccc(F)cc2F)nc1)c1ccccc1F,8.59,4,8.281488983766236,51
Cc1ncnc(C)c1-c1cc(NC(=O)C2CC2)ccc1OCCN1CCN(S(C)(=O)=O)CC1,8.158,5,7.251046390211642,1517
CC(C)Oc1ccccc1Cc1c(N)nc(SCCN2CCN(Cc3cccc(C(F)(F)F)c3)CC2)nc1N,6.919,5,6.790640525132282,467
Cc1cnoc1C(=O)Nc1ccc(OCCN2CCCC2)c(-c2c(C)noc2C)c1,7.623,1,7.785348067460318,1518
O=C1CCc2ccc(OCCCCN3CCN(c4cccc5cccc(F)c45)CC3)nc2N1,9.17,4,8.12053314574314,369
CNc1ccc2c(c1Cl)CCNCC2,7.05,3,6.86209135978836,40
Cc1ccc(CN(C(=O)OCc2ccc(OC(C)C)cc2)C2CCN(C)CC2)c(F)c1,7.3,7,7.984714645502642,76
CCN(C)CCc1c(-c2ccc(C#N)cc2)[nH]c2ccccc12,8.588,5,7.5973705119047645,246
O=C(CCCN1CCC(S(=O)(=O)c2ccccc2)CC1)c1ccc(F)cc1,7.822,10,8.217341226190479,1519
Cc1noc(C)c1-c1cc(NC(=O)[C@@H]2C[C@H]2F)ccc1OC[C@H]1CCCCN1,8.924,1,7.842651585317459,572
COc1ccc(C2NCCc3c2[nH]c2ccc(Cl)cc32)c(O)c1,8.08,6,6.9436294047619045,44
O=S(=O)(c1cccc2cccnc12)N(CCCN1CCN(c2ccccc2)CC1)CC1CCCCC1,7.46,1,7.684966194444446,50
CC(C)COc1ccc(CNC(=O)N(Cc2ncc(F)cn2)C2CCN(CCCN(C)C)CC2)cc1,8.664,10,7.4793421997354566,1119
CCc1c(C(=O)N[C@H]2CC[C@H](CCN3CCN(c4nsc5ccccc45)CC3)CC2)sc2ccccc12,8.31,5,8.803475787037032,1487
COCC(=O)N[C@H]1CC[C@H](CCN2CCC(c3cccc4c3CCO4)CC2)CC1,7.56,6,7.671498071428567,222
CC(C)n1nc(C(=O)NCC2CCN(CCc3ccc(N)cc3)CC2)c2ccccc21,7.1,9,6.884382076719577,684
Cc1cccc(S(=O)(=O)NCCCN2CCN(c3nsc4ccccc34)CC2)c1,8.89,1,8.423744320105818,338
Cc1cccc(Oc2cc(Cl)ccc2O[C@H]2CCNC2)c1,7.086,7,7.366986490079362,30
Cn1cc2c(n1)CCCN(CCN1CCC(c3noc4ccccc34)CC1)C2=O,8.672,9,8.46104503703704,1520
Cc1cc2c(o1)C(=O)N(CCN1CCN(c3nsc4ccccc34)CC1)CC2,8.509,8,8.96234710185185,1521
CC(C)c1nc2c(N3CCNCC3)ccnc2n1Cc1cccc(F)c1,6.32,7,6.998813211640215,1454
O=C1c2cn(C3CC3)nc2CCN1CCN1CCN(c2nsc3ccccc23)CC1,8.96,7,9.091390349206343,1522
CNCc1cc(OCc2cc(F)c(F)cc2F)n(CCC(C)(C)C)n1,8.74,5,8.049877753968255,357
COc1ccc2c(c1)Oc1cc(F)ccc1N=C2N1CCN(CC(C)(C)C(=O)O)CC1,7.428,3,7.368359575396831,596
O=S(=O)(N[C@H]1CC[C@@H](CCN2CCN(c3nsc4ccccc34)CC2)CC1)c1ccco1,9.238,5,8.700313063492057,626
Cc1ccccc1[C@@H]1C[C@@H](N(C)C)Cc2ccccc21,6.08,8,7.2146033055555625,215
O=C1CCc2ccc(CCCCCN3CCN(c4cccc(Cl)c4Cl)CC3)nc2N1,9.1,6,7.649118449735451,1523
COc1ccc2[nH]cc(C3=CCN(Cc4cc(=O)[nH]c5ccccc45)CC3)c2c1,6.45,5,7.269670788359789,1524
C[C@@H](Oc1ccc(C(F)(F)F)cc1OC1CNC1)c1cccc(C(F)(F)F)c1,6.22,3,7.329544234126979,74
O=S(=O)(Nc1cc(Sc2cccc3cccnc23)c(O)c2ccccc12)c1ccccc1,4.47,4,5.949375212962966,861
Cc1cc(OCCCCN2CCN(c3ccccc3F)CC2)c2c(C)cc(=O)oc2c1,6.92,4,7.181090480158729,1109
O=C1C[C@]2(CN3CCC2CC3)Oc2cc(OCC3CC3)ccc21,4.0,4,4.6945262328042325,1525
Cc1ccc2c(c1)Oc1cc(C(F)F)ccc1C(N1CCN(CC(C)(C)C(=O)O)CC1)=N2,7.89,3,7.332399265873016,596
C[C@H]1C[C@H](NS(=O)(=O)c2cc3ccccc3s2)CN1CCCc1noc2cc(F)ccc12,9.16,3,8.537724309523815,833
c1ccc(CCc2ccnc3c2CC[C@@H]2CNCCN32)cc1,7.97,3,7.5591834484126945,1526
CNCc1cc(OCc2cc(F)ccc2F)n(CC2(F)CCCCC2)n1,8.798,6,8.31481832804233,94
COc1ccc(N2CC=C(c3ccc(C)cc3)C2=O)cc1OCCN1CCC(C)CC1,6.2,1,6.617655174603176,759
O=C1[C@@H]2[C@H]3CC[C@H](C3)[C@@H]2C(=O)N1C[C@@H]1CCCC[C@H]1CN1CCN(c2nsc3ccccc23)CC1,8.7,2,7.780181569444444,1527
COc1ccc(CCN(CCCc2cccc(Cl)c2)CCc2ccc3c(c2)OCO3)cc1OC,6.902,10,6.922916350529097,47
COc1ccccc1N1CCN(CCCCNC(=O)c2n[nH]c3ccccc23)CC1,6.492,9,6.579575977513229,105
O=C1c2ccccc2CCCN1CCCCN1CCN2c3cccc4scc(c34)CC2C1,6.523,1,6.805673277777781,1528
Cc1c(Cl)ccc2c1N1CCNC[C@@H]1C2,7.7445,7,5.776708054232804,3
O[C@@]1(c2ccc(Cl)cc2)C[C@H]2CC[C@@H](C1)N2Cc1csc2ccccc12,7.15,10,6.9125374285714285,1529
COc1ccccc1CNCCc1nc(OC)c(Br)cc1OC,9.128,9,7.940059695767194,1530
Cc1nc(CC(=O)Nc2ccc(OCCN3CCCC3)c(-c3c(C)ncnc3C)c2)no1,7.038,8,7.217307849206351,1531
CCCC(=O)Oc1cccc2c1-c1cccc3c1[C@@H](C2)N(CCC)CC3,7.25,9,5.830810309523813,81
CN(C)CCn1ccc2ccccc21,6.205,1,6.952085484126986,89
Cc1noc(C)c1-c1cc(NC(=O)C2(CF)CC2)ccc1OC[C@H]1CCCCN1,8.042,1,7.917562456349206,572
COc1cccc(-c2ccc(CNCCc3c[nH]c4ccc(OC)cc34)o2)c1,6.668,8,6.961633488095244,474
Cc1noc(C)c1-c1cc(NC(=O)Cc2cnsc2)ccc1OC[C@H]1CCCCN1,9.182,7,7.983894623015875,1532
CCCCCc1c(OC)cc(CCNCc2ccccc2OC)cc1OC,8.78,10,7.46820261507936,117
Cc1cccc(N2CCN(CCCNC(=O)c3nc(-c4ccccc4)n(-c4ccc(F)cc4)c3C)CC2)c1C,7.56,2,7.539974132936507,442
Clc1ccc2cc3n(c2c1)CCNC3,7.203,3,7.24408554563492,39
Cc1[nH]c(-c2ccccn2)cc1C(=O)NCCCN1CCN(c2cccc(Cl)c2Cl)CC1,7.68,5,7.01183901058201,1533
Cc1cc(C(=O)N[C@H]2CC[C@H](CCN3CCC(c4cccc5c4CCO5)CC3)CC2)on1,7.44,6,7.808161276455029,1534
O=S(=O)(c1cncc2ccccc12)N1CCC(CCN2CCN(c3cccc(F)c3)CC2)CC1,6.16,1,6.804397104497357,480
O=S(=O)(c1cncc2ccccc12)N1CCC(CCN2CCN(c3cccc(Cl)c3Cl)CC2)CC1,6.43,1,6.846275333333336,480
COc1cc(SC(C)(C)C)c(OC)cc1CCN,6.82,2,6.985932555555554,188
CN(C)CC1CC2c3ccccc3Cc3cc(F)ccc3N2O1,8.161,8,7.111728673941798,303
COc1ccc(NC(=O)Nc2ccc(Cl)c(C(F)(F)F)c2)cc1-c1c(F)cnn1C,7.914,9,7.470288219576722,104
Cc1ccc2c(c1)Oc1sc(Cl)cc1C(N1CCN(CC(C)(C)C(=O)O)CC1)=N2,8.31,5,7.688023150793647,1535
COc1ccc(N2Cc3c(c4cc(Cl)c(Cl)cc4n3C)C2=O)cc1OCCN1CCCCC1,6.3,9,6.4566341911375655,689
Cc1nc(CN(Cc2ccc(CCC(F)(F)F)cc2F)C(=O)NC2CCN(C)CC2)co1,9.021,6,7.862086148148155,1536
O=C(N[C@H]1CC[C@H](CCN2CCC(c3coc4ccccc34)CC2)CC1)c1ccccc1,8.36,9,8.09705888095238,55
O=[N+]([O-])c1ccc(C(O)C2CCN(CCc3ccccc3)CC2)cc1,8.94,6,7.397162521164023,11
O=C(c1ccc(F)cc1)C1CCN(CC2C[C@@H]3c4ccccc4Cc4ccccc4[C@H]3O2)CC1,6.362,4,7.297986291005287,1537
O=C(N[C@H]1CC[C@H](CCN2CCC(c3cccc4c3CCO4)CC2)CC1)c1ccc(F)cc1,7.85,4,7.45388140343915,399
O=S(=O)(N[C@H]1CCN(CCCc2noc3ccccc23)C1)c1cccc2ccccc12,9.154499999999999,3,8.892876178571429,1538
CCN(CC)CCc1c(-c2ccccc2)[nH]c2ccccc12,8.551,5,7.5737580787037135,246
COc1ccc(C(=O)Nc2ccc(OCCN3CCC3)c(-c3c(C)ncnc3C)c2)cc1,8.081,8,8.270120370370368,671
Fc1ccc(Cc2ccnc3c2CC[C@@H]2CNCCN32)cc1,7.834,7,7.56437031613757,205
c1ccc2c(c1)CCN(CCCCc1c[nH]c3ccccc13)C2,6.032,2,6.835015155423275,1539
CN1CCN(c2cccc(N(Cc3ccccc3)S(=O)(=O)c3ccc4ccccc4c3)c2)CC1,7.301,1,6.832202910052911,1540
COCCC(=O)N[C@H]1CC[C@H](CCN2CCN(c3nc(C)cc4occc34)CC2)CC1,7.06,9,7.537694584656087,83
CCCCN1CCN2c3c(cccc31)[C@@H]1CN(CCCC(=O)c3ccc(F)cc3)CC[C@@H]12,7.85,1,8.039259432539675,167
O=C(NCCCCN1CCN(c2cccc3ccccc23)CC1)c1cc2ccccc2[nH]1,7.26,10,7.823579917328037,1541
C[C@@H]1CNCCN1c1ccc(=O)n(CCOc2ccccc2Cl)n1,6.942,2,6.5408527685185165,334
COc1cc([S+]([O-])C(F)(F)F)c(OC)cc1CCN,7.723,2,7.179651373376622,188
O=S(=O)(NCCCN1CCN(c2cccc(C(F)(F)F)c2)CC1)c1ccc2ccccc2c1,7.021,10,7.025923492063487,548
Cc1ncnc(C)c1-c1cc(NC(=O)C2CC2)ccc1OCCN1CCC(C)C1,6.314,3,7.9392969437830665,1341
COc1c(Br)cc([18F])cc1CCNCc1cccc2c1OCO2,8.77,2,7.7190928517316,360
COc1ccccc1N1CCN(CCCOc2ccc3c(C)cc(=O)oc3c2C(C)=O)CC1,8.1,3,7.063411534391525,678
Fc1ccccc1OC1CN(c2c3c(nc4ccnn24)CCNCC3)C1,6.189,5,6.885927678571431,1116
CNCCC1c2ccccc2Cc2ccccc21,7.04,1,6.793105513227516,152
Cn1c(=O)c2c(nc3n2CCCN3CCCN2CCN(c3cccc(Cl)c3)CC2)n(C)c1=O,6.9,7,6.443769507936506,169
O=S(=O)(N[C@H]1CC[C@H](CCN2CCN(c3cccc4c3OCO4)CC2)CC1)c1ccccc1,7.192,5,7.369006170634915,156
O=C1c2cccc(F)c2C(=O)N1CCCCN1CCN(c2cccc3sccc23)CC1,6.5,3,7.154037910774411,374
CN(C)CC1CC2c3cc(F)ccc3Cc3ccccc3N2O1,7.27,8,7.0569460853174615,303
O=C1CN2c3c(cccc3[C@@H]3CN(CCCOc4ccc(F)cc4F)CC[C@@H]32)N1,7.822,1,8.106000589947097,209
Cc1ccc(-n2nc(C(C)(C)C)cc2NC(=O)Nc2ccc(Oc3ccnc(Nc4cccc(Cl)c4)n3)c3ccccc23)cc1,6.582,9,6.6604660952380925,65
Cn1cc(Br)c(C(=O)N2CCN(CCc3ccccc3)CC2)n1,7.169,3,6.17487938359788,64
COc1ccc2c3c1CCN3CCNC2,4.301,4,4.939011523809521,18
CCOc1noc2c1CCNC2,3.0,9,4.1636924265873025,1542
CN1CCN(C2=Nc3ccccc3Cc3ccccc32)CC1,7.886,2,7.515807320767193,541
CCC(N)Cc1cc(OC)c(SCCCCC(F)(F)F)cc1OC,7.606,2,7.6257109967532495,188
CC(CN1c2ccccc2Sc2ccccc21)N(C)C,7.64,3,7.197501691798939,1543
C#CC1=CC[C@H](N(CCC)CCCCNC(=O)c2ccc(-c3ccccc3)cc2)CC1,4.55,8,7.030027317460319,1544
COCCC(=O)N[C@H]1CC[C@H](CCN2CCN(c3nccc4sccc34)CC2)CC1,8.458,3,8.404634859668118,305
Oc1cccc2[nH]cc(CCN3CCC3)c12,7.925,4,6.6807546448412705,1480
COc1cc(SSC(F)(F)F)c(OC)cc1CCN,7.11,2,6.920809580026451,188
CCC1CC(=O)c2c(N3CCN(C)CC3)cccc2N1S(=O)(=O)c1ccc2ccccc2c1,6.34,5,6.82369505026455,1114
Cc1cccc(N2CCN(CCCNC(=O)c3nc(C)n(-c4ccc5c(c4)OCCO5)c3C)CC2)c1C,7.39,4,7.283973161375663,326
O=S(=O)(NCCCCN1CCN(c2nsc3ccccc23)CC1)c1ccc(OC(F)(F)F)cc1,8.66,10,7.888296324074074,587
O=C1CC2(CCCCC2)CC(=O)N1CCCCN1CCN(c2cccc3sccc23)CC1,6.99,7,7.376474574074071,1545
Fc1ccc(SCCCN2CCCN(c3ccc(Cl)cc3)CC2)cc1,6.79,6,6.985118306878306,1546
Cn1cc(Br)c(C(=O)N2CCN(CCc3ccc(Cl)cc3)CC2)n1,7.47,3,6.254115383597883,64
[11CH3]N1CCN(c2cccc3cc(S(=O)(=O)c4cccc(F)c4)cnc23)CC1,9.8,10,7.195261873015873,1059
CN1CCN(c2cccc3cc(S(=O)(=O)c4cccc(F)c4)cnc23)CC1,9.41,10,7.195261873015873,1059
CCc1c(C(=O)NCCCN2CCN(c3cccc(C)c3C)CC2)nc(-c2ccc(Cl)cc2Cl)n1-c1ccc(Br)cc1,6.898,2,7.065069388287637,442
CC1CN2CCNCc3ccc(Cl)c1c32,6.996,4,5.930981043650783,18
CCC1(NC2=NCCN=C(c3ccccc3F)C2)CCCC1,8.444,5,7.987562924603176,1547
COc1cccc(N2CCN(CCCOc3cc(C)cc4oc(=O)cc(C)c34)CC2)c1,6.97,2,6.704297112433858,420
COc1ccc(-n2c(-c3ccccc3)nc(C(=O)NCCCN3CCN(c4cccc(C)c4C)CC3)c2C)cc1,7.62,2,7.347190861111106,442
CCn1cc(CCN(C)C)c2c(O)cccc21,6.709,1,7.016443428571426,89
CNC(=O)c1cccc(OCCCCN2CCN(c3cccc(Cl)c3Cl)CC2)c1F,7.521,2,7.569196577380958,471
O=C1c2ncccc2CCN1CCN1CCN(c2noc3ccc(F)cc23)CC1,6.908,9,7.8474584113756665,869
CCN(CCN1CCC(c2noc3cc(F)ccc23)CC1)C(=O)C1(O)CC1,8.96,4,8.899113527777779,1548
Cc1ccc2[nH]cc(CCN)c2c1,8.22,1,6.738837791005287,89
C[C@H]1CCCCN1CCc1c(-c2ccccc2)[nH]c2ccccc12,9.0695,4,8.185074597883597,630
COc1ccc2[nH]nc(CCNCc3ccccc3)c2c1,7.54,5,6.591928623015871,719
O=S(=O)(NCCCCN1CCN(c2cccc(Cl)c2Cl)CC1)c1ccc2cccnc2c1,7.659,3,7.503949339947083,1549
O=C(CC1CCOCC1)N[C@H]1CC[C@H](CCN2CCC(c3ccc(F)c4occc34)CC2)CC1,7.51,10,7.7208918694083755,1550
Cn1cc(Br)c(C(=O)N2CCN(CC(=O)c3ccccc3F)CC2)n1,6.57,6,7.188654562169313,163
CC(Oc1ccc(Cl)c(Cl)c1)c1nc(N)nc(N2CCN(C)CC2)n1,6.24,8,6.489455214285719,342
O=C1CCc2ccc(OCCCCN3CCN(c4cccc5c(F)cccc45)CC3)nc2N1,8.481,4,7.977316233766228,369
O=S(=O)(c1ccccc1)C1CCN(CCCc2ccccc2)CC1,7.822,2,7.607520095238093,1551
CCCn1c(-c2ccccc2)cc(C(=O)NCCCCN2CCN(c3cccc(Cl)c3Cl)CC2)c1C,6.98,9,6.630560376984129,560
Cn1ncc2c1C(=O)N(CCN1CCN(c3nsc4ccccc34)CC1)CCC2,7.749,1,9.062034279100523,1552
COc1ccc(OC)c(S(=O)(=O)n2cc(/C=N/N=C/N(C)C)c3c([N+](=O)[O-])cccc32)c1,6.32,1,6.456278068783067,418
COCC(=O)N[C@H]1CC[C@H](CCN2CCN(c3nccc4c3CCO4)CC2)CC1,7.959,10,7.882736678571424,12
CS(=O)(=O)N[C@H]1CC[C@H](CCN2CCC(c3coc4ccccc34)CC2)CC1,8.268,5,8.022834902116399,182
Clc1ccc2[nH]nc(C3=CCCNC3)c2c1,7.6,10,6.219754768518516,649
COc1ccccc1N1CCN(CCCNC(=O)NN(Cc2ccccc2)c2ccccc2)CC1,7.189,4,7.603156321428578,1553
COc1cc2c(cc1C(F)(F)F)N(C(=O)Nc1cccc(-c3cccnc3)c1)CC2,6.7,7,6.724578711640208,317
Cn1nccc1-c1cc(NC(=O)Nc2ccc(Cl)cc2)ccc1OCCN1CCCOCC1,9.66,10,8.835638230158736,1554
CNc1ncc2c(n1)CC(CN1CCC(C(=O)c3ccc(F)cc3)CC1)CC2=O,8.19,6,7.515103559523806,115
O=S(=O)(c1ccc(/C=C/c2ccncc2)nc1)c1ccccc1F,6.1,9,7.930248761904765,1555
F[C@H]1CCNC[C@@H]1c1c(-c2ccccc2)[nH]c2ccccc12,8.0135,4,8.300894099206348,304
O=C1c2ccccc2CCCN1CCN1CCC(c2c[nH]c3ccccc23)CC1,8.77,8,7.149798825757583,1556
CNCc1cc(OCc2cc(F)ccc2F)n(Cc2ccc(C)cc2)n1,8.57,10,8.469251547619045,250
CC1(c2cccc(OCc3ccccc3)c2)C(=O)Nc2cc(Cl)cc(Cl)c2C1=O,6.14,7,5.683688992063492,1557
Fc1ccc(-c2c3c(nn2C2CC2)CCNCC3)cc1,8.221,5,8.084929300264543,1113
COc1ccc2[nH]cc(C3CC3N)c2c1,7.51,6,6.30386528637566,362
COc1cc(CCNCc2ccccc2F)c(OC)cc1C#N,6.48,10,7.37499407142857,117
CNCc1cc(OCc2cc(Cl)ccc2F)n(CC2CC2)n1,8.52,6,8.225026112433865,1558
CCN(CCCN1CCC(c2noc3cc(F)ccc23)CC1)S(=O)(=O)C(C)CO,8.92,4,8.232318404761907,32
COc1ccc2c(c1)CC(CN1CCN(c3ccccn3)CC1)CC2=O,6.16,8,6.470107161375659,843
O=C1c2ccccc2CCCN1CCN1CCC(N2C(=O)Cc3cc(F)ccc32)CC1,7.37,4,7.426528884920634,1559
COc1cc(CCNCc2ccccc2OC)c(OC)cc1C#N,8.44,10,7.62708374603174,117
O=S(=O)(NCCCCN1CCN(c2cccc(Cl)c2Cl)CC1)c1ccc2ncccc2c1,7.64,5,7.457872489417987,1560
CN(C)CC1CC2c3ccccc3Cc3c(F)cccc3N2O1,7.62,8,7.423222509259258,303
O=C(CC1(O)CCC1)N[C@H]1CC[C@H](CCN2CCC(c3cccc4c3OCO4)CC2)CC1,7.57,4,7.665564247354494,1561
O=C(/C=C/c1ccc(Cl)c(Cl)c1)NCCCCCN1CCC(c2c[nH]c3ccc(O)cc23)CC1,7.7,3,6.829213445767191,1562
COc1cc(CCNCc2cccc3c2OCC3)c(OC)cc1Br,8.679,2,7.904457973785473,1563
CCc1ncccc1Oc1ccc(NC(=O)N2CCc3cc(C)c(Cl)cc32)cn1,6.699,7,6.669308972222218,52
CCN(C)CCc1c(-c2cccc(C(F)(F)F)c2)[nH]c2ccccc12,9.89,5,7.356220673280426,246
OC1(c2ccc(Cl)c(C(F)(F)F)c2)CCN(CCCCC(c2ccc(F)cc2)c2ccc(F)cc2)CC1,6.0,1,6.634438627585381,1564
CCCCOc1ccc(S(=O)(=O)N(C)C2CCN(C)CC2)cc1,7.112,5,6.550329915343918,124
Cc1cc(=O)oc2c(Cl)c(OCCCCN3CCC(c4noc5cc(F)ccc45)CC3)ccc12,8.465,10,8.173235355820108,1565
O=S1(=O)c2cccc3cccc(c23)N1CCCCCCN1CCN(c2ccccc2F)CC1,6.422,10,7.300863003968261,45
Cc1cccc(N2CCN(CCCNC(=O)c3cc(-c4ccc(Cl)cc4)n(C)c3C)CC2)c1C,6.67,8,7.0117747235449706,13
C=C(C)COc1ccc(Cl)cc1[C@H]1C[C@@H]1CN,6.042,8,6.888466111111108,70
O=C1c2c(OC(F)(F)F)cccc2C2CNCCN12,7.115,9,6.345819978835977,185
O=C(NC1CCC(CCN2CCN(c3cccc4sccc34)CC2)CC1F)c1ccco1,9.046,5,8.020130226190473,1507
O=C1NCc2ccc(OCCCN3CCN(c4cccc5cc(F)ccc45)CC3)c(F)c21,8.27,10,8.404514666666664,135
Cn1ccnc1C1NCCc2c1[nH]c1ccc(O)cc21,7.101,9,6.6992214814814846,1566
O=C1NCc2ccc(OCCCN3CCN(c4cccc5ccccc45)CC3)c(F)c21,8.658,10,8.707704031746033,135
c1cc2ccc3c(c2o1)CCNCC3,7.0,8,7.023300108946612,1567
COc1cc(CCNCc2ccc[nH]c2=O)c(OC)cc1Br,6.91,7,7.687371429894181,1568
CCC(C)(CC)NC1=NCCN=C(c2ccc(C)cc2)C1,7.827,2,7.709367183862432,387
CC(C)Oc1ccc(COC(=O)N(Cc2cc(F)c(F)cc2F)C2CCN(C)CC2)cc1,7.8,7,7.848566105820106,76
CNC(C)c1ccc(Cl)cc1Oc1ccc(C)cc1,8.45,5,6.82299996693122,7
CCCN(CC)CCc1c[nH]c2c(F)c(F)ccc12,6.52,1,6.9539685608465565,89
O=C(CCC(F)(F)F)N[C@H]1CC[C@H](CCN2CCN(c3nccc4c3CCO4)CC2)CC1,7.529,10,7.6802682936508,12
Cc1nc(C(=O)NCCN2CCN(c3cccc(Cl)c3Cl)CC2)c(C)n1-c1ccccc1,7.51,7,7.399036170634921,761
N#Cc1ccc2c(c1)C(=O)CC1(CCN(CCc3ccc(F)cc3F)CC1)O2,6.82,6,8.309994531746032,1569
CSc1cc2c(cc1C(F)(F)F)N(C(=O)Nc1cccc(-c3ccncc3)c1)CC2,6.801,5,6.851762781746033,1570
c1ccc(Cc2nc3c(c(Nc4ccccc4)n2)CCNCC3)cc1,8.39,2,7.288119564814812,325
O=S(=O)(c1ccc2cc[nH]c2c1)N1CCC[C@@H]1CCN1CCC(Oc2ccc(Cl)cc2)CC1,7.2,4,6.701771728174607,1571
Cc1ccc(S(=O)(=O)N(CCCCCCN2CCN(c3nsc4ccccc34)CC2)c2ccccc2)cc1,7.58,10,7.532997105820103,1572
CCNC(=O)c1ccnc(OCCCCN2CCC(c3noc4cc(F)ccc34)CC2)c1,7.17,6,7.5889308968253895,1573
CC(=O)c1c(OCCCN2CCN(c3cccc(F)c3)CC2)ccc2c(C)cc(=O)oc12,6.39,3,6.755393849206347,678
C=CCN[C@@H](C)Cn1ccc2ccc3ncccc3c21,6.067,4,6.432753707671958,781
COc1cc2c(cc1OC)C(=O)CC(CN1CCC(c3noc4cc(F)ccc34)CC1)C2,8.08,5,8.070261424603176,311
Fc1ccc(SCCCN2CCN(c3ccc(Cl)cc3)CC2)cc1,7.278,3,6.997331099927851,1574
COc1ccc(C2CCN(c3ccc(Cl)c(Cl)c3)C2=O)cc1OCCN1CCCCC1,6.1,10,6.305187142857139,1417
COCCc1ccnc2c1CC[C@@H]1CNCCN21,7.001,5,6.002183185185186,443
CC(c1ccccc1Oc1ccc(Cl)c(Cl)c1)N(C)C,7.058,5,6.755860019841275,7
Cn1ncc2c1C(=O)N(CCN1CCC(c3noc4ccccc34)CC1)CC2,8.14,4,8.468699047619037,1575
CCC1(CCCCN2CCN(c3ccc(Cl)cc3)CC2)C(=O)Nc2cc(F)ccc21,7.716,4,7.156815940476197,924
Fc1ccc2c(c1)CCC1(CCN(C3CCc4ccccc4C3)CC1)O2,7.021,2,7.348299505772002,1576
O=C(CN1CCN(CCCc2c[nH]c3ccc(F)cc23)CC1)N(c1ccccc1)C1CCCCC1,6.68,1,7.3698162777777725,1577
CN(C)CCn1cc(S(=O)(=O)c2cccc(Cl)c2)c2cccnc21,6.88,10,6.653117966089472,1578
Cc1cc2c(cc1C(F)(F)F)N(C(=O)Nc1cnc(OCc3ccccn3)c(C)c1)CC2,7.399,4,6.72508960846561,1103
COc1ccc(F)c(Cl)c1C1CC1CN,6.515,8,6.799362896825401,70
CNCc1ccc(C#N)cc1Oc1ccc(Cl)c(Cl)c1,6.5,5,6.820011153439153,7
Cc1cccc(N2CCN(CCCNC(=O)c3nc(C)n(-c4ccccc4Cl)c3C)CC2)c1C,7.098,3,7.573544543650795,103
O=C(N[C@H]1CC[C@H](CCN2CCC(c3cccc4c3CCO4)CC2)CC1)C1(O)CC1,8.03,2,7.929877617724866,181
CCC(Oc1ccc(Cl)c(Cl)c1)c1nc(N)nc(N2CCN(C)CC2)n1,6.159,8,6.5312635886243395,342
CC(=O)N[C@H]1CC[C@H](CCN2CCN(c3nc(C)cc4occc34)CC2)CC1,7.122,9,7.587534890211637,83
COc1cc2c(cc1C(F)(F)F)N(C(=O)Nc1cccc(-c3cccnc3)c1C)CC2,6.4,7,6.4904255370370345,317
O=C1CCc2ccc(OCCCCN3CCN(c4cccc5ccccc45)CC3)nc2N1,9.852,4,8.29328388744589,369
c1ccc(-c2[nH]c3ccccc3c2CCN2CCCC2)cc1,8.05,1,8.170206414021164,1579
C[C@H](N)CN1CCc2ccc(Br)cc21,6.222,1,6.868769818783071,865
CSc1nc(C)cc(C(=O)NCCN2CCN(c3cccc(Cl)c3Cl)CC2)n1,7.26,10,7.152037269841273,405
Cc1cc2c(c(N3CCN(CC[C@H]4CC[C@H](NC(=O)CC5CCOCC5)CC4)CC3)n1)CCO2,6.712,3,7.106161749999995,28
CCC(N)Cc1c[nH]c2ccc(F)cc12,6.61,1,6.768149288359796,89
O=S(=O)(N[C@H]1CCN(CCCc2noc3ccccc23)C1)c1ccc2ccccc2c1,9.545,10,9.038073590608473,860
CCC[C@@H](C)NC(=O)[C@@H]1C=C2c3cccc4[nH]cc(c34)C[C@H]2N(CCC)C1,8.8,2,7.54780538095238,53
CN1CCN2c3c(cccc31)[C@@H]1CN(CCCc3ccccc3O)CC[C@@H]12,7.051,10,7.466793712301586,1580
COc1ccc(F)cc1C1CC1CNCc1ccsc1OC,6.33,6,6.896381230158731,953
CN1CN(c2ccccc2)C2(CCN(CCCC(=O)c3ccc(F)cc3)CC2)C1=O,8.058,8,7.743418334776337,526
Cc1ncnc(C)c1-c1cc(NC(=O)C2(F)CC2)ccc1OC1CNC1,7.837,4,7.8712584589947046,15
OC1(c2ccc(Cl)cc2)CC2CCC(C1)N2CCCSc1ccccc1F,6.94,5,6.8730262195767216,1308
COc1ccccc1CCCN(CCc1ccc(OC)c(OC)c1)CCc1ccc2c(c1)OCO2,6.85,10,6.971379505291005,47
CN1CCC(c2cn(-c3ccc(F)cc3)c3ccc(-c4ncn(C)n4)cc23)CC1,7.05,9,7.118389738095235,1581
COc1cccc(NC(=O)NCCCN2CCCC(Cc3ccccc3)C2)c1,6.04,8,6.374074070105817,1582
CN(C)/C=N/N=C/c1cn(S(=O)(=O)c2ccc3ccccc3c2)c2cccc([N+](=O)[O-])c12,6.362,7,6.32169098364599,1583
Cc1cc2c(cc1OCCCN1CCN(c3cccc4cc(F)ccc34)CC1)C(=O)NC2,7.28,10,7.81016335714286,135
Cc1ccc2c(N3CCN(CCc4cccc(NC(=O)c5cnccn5)c4)CC3)cccc2n1,6.8,6,6.7821076223545,1584
O=C1Nc2ccccc2C12CCN(CCCN1CCN(c3ccc(Cl)cc3)CC1)C2,6.15,5,6.800133617724866,1585
CCN(CC)C(=O)[C@@H]1C=C2c3cccc4[nH]cc(c34)C[C@H]2N(C(=O)Nc2ccccc2)C1,6.122,4,8.0830151574074,1586
C[C@@H](O)C(=O)N[C@H]1CC[C@H](CCN2CCN(c3cccc4c3OCO4)CC2)CC1,8.058,5,7.897719788359782,5
O=C1c2ccc(Cl)cc2CC1CCCN1CCN(c2ccccn2)CC1,6.27,1,6.714899482804234,82
O=C(c1ccc(F)cc1)C1CCN(CCc2cccc(I)c2)CC1,9.29,2,7.50872445502646,88
COc1cc(S(=O)(=O)CF)c(OC)cc1CCN,8.225,2,6.063175682539684,188
O=C(C1CCCCC1)N(CCN1CCN(c2ccccc2)CC1)c1ccccn1,6.75,3,7.350186951058201,1587
CCCCCSc1cc(OC)c(C[C@@H](C)N)cc1OC,8.747,2,7.4824441990740755,188
O=C(N[C@H]1CC[C@H](CCN2CCN(c3nsc4ccccc34)CC2)CC1)C1CCCCC1,9.44,2,8.781099568783066,1588
CC(N)Cn1ccc2c1-c1cc(Br)ccc1C2,7.0,10,7.109255221560842,309
Clc1ccc2c(c1)cc1n2CCNC1,6.317,3,7.2472888075396815,39
O=C(CC1CCCO1)N[C@H]1CC[C@H](CCN2CCC(c3noc4cc(Cl)c(F)cc34)CC2)CC1,7.51,1,7.882153329365069,1589
O=C(N[C@H]1CC[C@H](CCN2CCN(c3cccc4c3OCO4)CC2)CC1)c1ccccc1,7.732,5,7.9536166970899425,1046
Cc1cc(C(=O)N[C@H]2CC[C@H](CCN3CCC(c4coc5ccccc45)CC3)CC2)on1,8.04,1,8.211668919312174,1590
O=C1c2ccoc2CCC1CCN1CCC(c2noc3cc(F)ccc23)CC1,9.14,10,8.460001912698415,1591
CCc1cc(Cl)c(OC)c(N2CCN(CC[C@H]3CC[C@H](NC(=O)N(C)C)CC3)CC2)c1,6.17,1,7.242357075396828,393
O=C1NCc2ccc(OCCCN3CCN(c4cccc5c4OCCC5)CC3)cc21,7.598,9,7.7507397499999975,1592
Nc1ccc2c(c1)C(=O)C(CCN1CCC(C(=O)c3ccc(F)cc3O)CC1)CC2,7.63,8,7.673056044973543,1593
NCCc1c[nH]c2c(Cl)cccc12,7.73,1,6.5866440079365,89
COc1cc(F)c(F)cc1C1CC1CN,6.491,8,6.764407339285714,70
CC(C)OCc1ccc(CNC(=O)N(Cc2ccc(F)cn2)C2CCN(C)CC2)cc1,8.354,7,8.256653165343907,223
COc1ccc2c(c1[C@H]1C[C@@H]1CN)CCO2,6.7305,6,6.562577988696492,546
Cc1n[nH]c(C)c1S(=O)(=O)N1CCC(=C(F)c2ccc(Cl)cc2F)CC1,6.398,5,6.633081424603174,804
COc1ncc2c(n1)CCN(CCN1CCN(c3nsc4ccccc34)CC1)C2=O,8.312,6,8.864317317460317,891
CCc1cc2c(ccc3cnn(CC(C)N)c32)o1,7.672499999999999,6,7.408444022486777,575
O=C(CCCCN1CCCN(c2ccc(Cl)cc2)CC1)c1nc2ccccc2s1,6.0,7,6.595999455146709,1594
CCCn1c(C)c(C(=O)NCCN2CCN(c3cccc(Cl)c3Cl)CC2)c(C)c1-c1ccccc1,7.601,6,7.846870321909572,762
CCCCCc1cc(OC)c(CCN)nc1OC,8.199,5,7.388268944444443,346
NC1CCc2ccc(CCN3CCN(c4nsc5ccccc45)CC3)cc21,10.048,7,9.178304732804229,27
O=S(=O)(NCCCN1CCN(c2cccc(Cl)c2Cl)CC1)c1ccc2cccnc2c1,7.33,6,7.355058313492067,1595
CCCCC(Sc1cccc(Cl)c1Cl)c1nc(N)nc(N2CCN(C)CC2)n1,6.75,7,6.912946042328046,254
CC(N)Cc1c[nH]c2ccc(Cl)cc12,8.2,1,6.913489908730161,89
O=C(N[C@H]1CC[C@H](CCN2CCN(c3cccc4c3OCO4)CC2)CC1)C(F)(F)F,7.45,5,7.680428436507932,5
CC(C)Oc1ccc(COC(=O)N(Cc2ccc(F)cc2)[C@H]2CCN(C)C[C@H]2F)cc1,10.0,7,7.825151896265774,76
CC(C)COc1ccc(CNC(=O)N(Cc2ccc(F)cc2)C2CCN(C(=O)CCC(=O)O)CC2)cc1,6.499,2,7.028604299603173,19
O=S(=O)(c1ccc(/C=C/c2ccc(F)cc2O)nc1)c1ccccc1F,9.72,4,7.357298133597889,51
Cc1ncc2c(=O)n(CCN3CCN(c4nsc5ccccc45)CC3)ccc2n1,8.238,2,8.54603590410053,1066
CSc1ccc2c(c1)Oc1cc(Cl)ccc1N=C2N1CCN(CC(C)(C)C(=O)O)CC1,7.89,3,7.195338492063497,596
CC(C)c1nc2c(o1)C(=O)N(CCN1CCN(c3nsc4ccccc34)CC1)CC2,8.588,10,8.571234510341512,150
O=C(N[C@H]1CC[C@H](CCN2CCC(c3cccc4c3CCO4)CC2)CC1)C1CCC1,7.69,7,7.574795460317467,1028
CC(Oc1cc(Cl)cc(Cl)c1)c1nc(N)nc(N2CCN(C)CC2)n1,6.383,8,6.476891190476196,342
COc1cc(Br)c(OC)nc1CC(C)N,8.67,5,7.261309281265029,346
COc1cc(OC)c(C(=O)CCCCN2CCC3(CC2)NC(=O)NC3=O)cc1NS(=O)(=O)c1ccc(OC(F)(F)F)cc1,6.0,7,6.8507376494709,803
COc1cc(OC)c(C2NCCc3c2[nH]c2ccc(O)cc32)cc1OC,8.41,6,6.811271007936505,44
O=C1NCc2cc(F)c(OCCCCN3CCN(c4cccc5ccc(F)cc45)CC3)cc21,8.0,4,7.863355994708994,190
O=S(=O)(c1ccccc1)c1ccc(/C=C/c2ccc(F)cc2F)cc1,8.88,9,7.882193465608467,389
NCC1c2ccccc2Cc2cc(CCCc3ccccc3)ccc21,8.49,5,7.3793673597883584,1596
OC1(c2ccc(Cl)cc2)CC2CCC(C1)N2CCCSc1cccc(F)c1,6.29,5,6.94689862830688,1308
O=C(N[C@H]1CC[C@H](CCN2CCC(c3cccc4c3OCO4)CC2)CC1)N1CCc2ccccc21,7.598,4,7.600124499999999,1597
COc1ccc(F)cc1C1CC1CNCc1ccccc1C#N,6.14,6,6.975898198412701,271
CCCN(CC)CCc1c[nH]c2ccc(F)cc12,7.16,1,6.774420060846558,89
Cc1cccc(N2CCN(CCNC(=O)c3cc(C(C)(C)C)n(C)c3C)CC2)c1C,7.44,6,6.7450982354497375,952
COc1ccccc1N1CCN(CCc2ccc3[nH]nnc3c2)CC1,6.85,4,6.732093035353536,977
c1ccc(CCN2[C@@H]3CC[C@H]2CC(c2c(-c4ccccc4)[nH]c4ccccc24)C3)cc1,8.92,3,7.990786633597888,1598
CN(C)Cc1cn(C)c2cccc(O)c12,6.301,1,6.626255456349208,89
O=C(NCCCCN1CCN(c2ccccc2)CC1)c1ccc2ccccc2n1,7.009,7,7.076935950396823,1117
O=C1NCN(c2ccccc2)C12CCN(CCCC(c1ccc(F)cc1)c1ccc(F)cc1)CC2,8.022,2,7.067113234126979,1599
COc1cc2c3c(c1OCC1CC1)-c1cc(NS(C)(=O)=O)ccc1CC3N(C)CC2,6.36,4,6.395092746031745,292
O=c1c2cncnc2ccn1CCN1CCC(c2noc3ccccc23)CC1,7.699,4,8.152712880952379,289
O=C(c1cc2n(n1)CCCC2)N1CCN(CCc2ccc(F)cc2F)CC1,8.588,1,8.478289727513227,1600
CN(C)CCSc1cccc(C2CCCCC2)n1,6.639,10,6.582251562169313,1377
CN(C)C1C=CC2(CC1)c1ccccc1CCc1ccc(Cl)cc12,9.244,10,7.775160813492062,1601
O=C(NCCc1ccccc1)N[C@H]1CC[C@H](CCN2CCN(c3nsc4ccccc34)CC2)CC1,8.378,9,8.989530504629625,1602
CC1CCN(C(=O)c2ccccc2)c2c(CCN3CCN(c4nsc5ccccc45)CC3)cccc21,9.212,8,8.971079156084658,1603
Cn1c(=O)n(C)c2cc(CCN3CCN(c4cccc5sccc45)CC3)ccc21,7.058,8,7.149096452380956,1186
O=C(NC1CC1)c1cncc(OCCCCN2CCC(c3noc4cc(F)ccc34)CC2)c1,7.048,7,7.407570658730162,1604
NC[C@H]1C[C@@H]1c1ccc(Cl)cc1Cl,7.29,8,6.70374981481482,70
CCCn1c(-c2ccccc2)cc(C(=O)NCCCN2CCN(c3cccc(Cl)c3Cl)CC2)c1C,6.49,8,6.834964861471863,13
CN1CCN(CCc2ccc(OCCCN3CCC(c4noc5cc(F)ccc45)CC3)cc2)CC1,8.07,6,7.686615607142853,1605
O=C1Cc2cc(CCCCN3CCN(c4cccc5sc(F)cc45)CC3)ccc2N1,6.12,2,6.629263626984121,842
CCCN(CCc1c[nH]c2ccc(F)cc12)C1CCC1,6.25,2,6.685241784391536,112
CC(C)Oc1ccc(COC(=O)N(Cc2ccc(F)cc2C(F)(F)F)C2CCN(C)CC2)cc1,8.7,7,7.324485339947089,76
CC(C)COc1ccc(CC(=O)N(Cc2ccc(C(F)(F)F)cc2F)C2CCN(C)CC2)cc1,7.699,6,7.949970170634924,128
O=S(=O)(N[C@H]1CC[C@@H](CCN2CCN(c3nsc4ccccc34)CC2)CC1)c1cc2ccccc2[nH]1,8.401,5,8.901857897486781,1606
CN(C)CC1CC2c3ccccc3Cc3ccncc3N2O1,6.41,4,7.4165816355820136,1607
Cn1ncc2c1C(=O)N(CCN1CCN(c3nsc4ccccc34)CC1)CC2,9.348,3,8.526243718253975,1608
CCN(CCN1CCC(c2noc3cc(F)ccc23)CC1)C(=O)[C@H]1NCC[C@H]1O,8.0,2,8.73628436111111,1609
O=C(N[C@H]1CC[C@H](CCN2CCC(c3cccc4c3OCO4)CC2)CC1)C1CCCO1,7.841,1,7.73343113624338,1610
c1cc(C2CCC2)c2c(n1)N1CCNC[C@H]1CC2,6.969,10,6.859339503968255,1611
CCC1(CC)CN2CCNCc3cccc1c32,4.301,4,5.686318896825391,18
CCC(Oc1cccc(Cl)c1Cl)c1nc(N)nc(N2CCNCC2)n1,6.93,8,6.612885222222227,342
O=S(=O)(c1ccccc1)n1cccc1-c1cccc(N2CCNCC2)c1,4.8,9,6.458549420634918,1612
O=C(NCC(F)(F)F)c1ccc2c3c1CCN3CCNC2,4.301,4,5.07833370815295,18
Fc1ccc2[nH]c3c(c2c1)CCNC3c1cccs1,6.39,6,6.692686234126986,284
C=CCOc1ccc(F)cc1[C@H]1C[C@@H]1CNC,6.55,8,6.562954428571428,70
CC(C)Cc1nc2c(c(-c3ccc(F)cc3)n1)CNCC2,7.54,7,7.804524134920636,1613
CCN(C)CCc1c(-c2ccccc2F)[nH]c2ccccc12,9.52,5,7.379849454365079,246
CC(CCN1CCN(c2ccc(F)cc2)CC1)NS(=O)(=O)c1ccc2ccccc2c1,8.209,10,7.61080358068783,548
CN1CCC(N(Cc2ccc(F)cn2)C(=O)NCc2ccc(OCCC(F)F)cc2)CC1,8.255,7,8.025714803872052,223
Cc1c(OCCCN2CCN(c3cccc4cccc(F)c34)CC2)ccc2c1C(=O)NC2,7.792,10,8.63964606481481,135
O=C1c2ccccc2S(=O)(=O)N1CCCCCN1CCN(c2cccc(C(F)(F)F)c2)CC1,6.79,8,6.5266981340788846,6
CCC1CNCCc2cc(OC)c(Br)cc21,7.0,3,7.077597764550269,40
CNCCCC12CCC(c3ccccc31)c1ccccc12,7.47,8,7.14326624206349,1463
N#CCCC(=O)N[C@H]1CC[C@H](CCN2CCC(c3noc4cc(Cl)ccc34)CC2)CC1,7.622,1,8.160458700396825,111
COc1c(O)cccc1C(=O)C1CCN(CCc2ccc(F)cc2)CC1,7.96,2,8.023117305916301,88
O=c1c2cnccc2ccn1CCN1CCC(c2noc3ccccc23)CC1,8.078,1,8.414182475529097,820
CC(N)Cc1c[nH]c2ccccc12,7.64,1,6.727952444444447,89
CC1(O)CCC(CC(=O)N[C@H]2CC[C@H](CCN3CCC(c4noc5cc(Cl)ccc45)CC3)CC2)CC1,7.822,1,8.114440419191915,238
O=C(Cc1ccc2c(c1)OCO2)N[C@H]1CC[C@H](CCN2CCC(c3noc4cc(F)ccc34)CC2)CC1,8.68,8,8.48971486315536,1614
CSc1nc(C)cc(C(=O)NCCN2CCN(c3cccc(C)c3C)CC2)n1,7.33,10,6.864401832010582,405
O=C1[C@@H]2[C@H]3CC[C@H](C3)[C@@H]2C(=O)N1CCCCN1CCN(c2cccc3sccc23)CC1,7.56,10,7.511632025132275,636
O=C(C[C@@H](O)C(F)(F)F)N[C@H]1CC[C@H](CCN2CCC(c3coc4ccccc34)CC2)CC1,8.012,5,8.25697593253968,182
O=C(N[C@H]1CC[C@H](CCN2CCC(c3cccc4c3CCO4)CC2)CC1)c1ccc(N2CCCCC2)cc1,6.862,7,7.53702750264551,1615
NCCc1c[nH]c2cccc(F)c12,7.55,1,6.9662169166666645,89
O=C(CCO)N[C@H]1CC[C@H](CCN2CCC(c3coc4ccccc34)CC2)CC1,8.08,5,8.353817779100535,182
Cn1cc(Cl)c(C(=O)N2CCN(CC(=O)c3ccc(F)cc3)CC2)n1,8.431,6,7.470359578042329,163
O=S(=O)(N[C@H]1CCN(CCCc2noc3ccccc23)C1)c1ccc2cc(Cl)ccc2c1,7.9925,10,8.68928818187831,860
O=C(c1ccccc1)N(CCCN1CCC(c2noc3cc(F)ccc23)CC1)CC1CC1,7.39,6,7.9986676362433915,1616
O=C(C[C@H]1C[C@H](CO)C1)N[C@H]1CC[C@H](CCN2CCN(c3cccc4c3OCO4)CC2)CC1,7.601,9,7.601369522486772,84
Cc1ccc(C)c([Se]C(C)(C)c2nc(N)nc(N3CCN(C)CC3)n2)c1,6.271,3,5.851200708994708,189
Cn1c(=O)c2c(nc(NCCCN3CCN(c4ccccc4)CC3)n2C)n(C)c1=O,6.708,6,6.202081358465607,1270
CCCCC(=O)N[C@H]1CC[C@H](CCN2CCN(c3nccc4c3CCO4)CC2)CC1,7.61,10,7.544372713684465,12
Cc1c(S(=O)(=O)NCCCCN2CCC(c3noc4cc(F)ccc34)CC2)sc2ccc(Cl)cc12,9.0,9,8.323831805555551,707
O=C1c2ccccc2S(=O)(=O)N1CCCCCCN1CCN(c2ccccc2)CC1,6.49,2,6.645529507936509,143
O=C(Nc1cc2ccccc2s1)N[C@H]1CC[C@H](CCN2CCN(c3nsc4ccccc34)CC2)CC1,8.05,5,8.776667814093315,1617
COc1ccc2[nH]cc(CCN3CCCCC3)c2c1,6.758,4,6.876378712962961,1618
O=C1c2ccccc2CCCN1CCN1CCC(n2nnc3cc(F)ccc32)CC1,7.31,6,7.2468786904761915,1360
C[C@H]1SC(c2ccc(-c3ccccc3)cc2)=N[C@H]1Cc1c[nH]cn1,6.564500000000001,3,6.7066188397065885,1619
Cc1ccccc1C(OCCN(C)C)c1ccccc1,6.63,3,6.891785331168831,775
COc1ccc2cc(S(=O)(=O)N[C@H]3CCN(CCCc4noc5ccccc45)C3)ccc2c1,8.635,10,8.588560608465611,860
O=C1CC2(CCCC2)CC(=O)N1CCCCN1CCN(c2ncccn2)CC1,6.358,2,6.2468295039682555,1620
Clc1ccc2c(c1)C(N1CCNCC1)=Nc1ccccc1O2,8.81,3,7.233087935185181,596
CC1CN(C)c2cccc3c2N1[C@H]1CCN(CCCC(=O)c2ccc(F)cc2)C[C@@H]31,8.24,1,8.314099388888884,167
CCCc1nc(C(=O)NCC(O)CN2CCN(c3cccc(C)c3C)CC2)c(C)n1-c1ccc2c(c1)OCCO2,6.531,4,6.840062592592594,326
O=S(=O)(CC1CCN(CCCc2noc3cc(F)ccc23)C1)c1ccc(F)c(Cl)c1,8.2,5,8.59313608201058,373
O=C(CC1OCCCO1)N[C@H]1CC[C@H](CCN2CCC(c3noc4cc(Cl)ccc34)CC2)CC1,7.75,4,7.8765694325396804,457
CNCc1cc(F)ccc1Oc1ccc(C)c(C)c1,7.28,5,6.925246907407406,7
O=S(=O)(N[C@H]1CC[C@H](CCN2CCN(c3nsc4ccccc34)CC2)CC1)c1c[nH]c2ccccc12,8.73,1,8.532385931878311,1621
CCn1cc2c(n1)CCN(CCN1CCN(c3nsc4ccccc34)CC1)C2=O,8.98,10,8.442531575396819,765
COc1ccccc1CNCC1CC1(F)c1cc(F)ccc1OC,7.509,6,7.375485746031745,271
Fc1ccc(OC[C@@H]2CC[C@H]3CN(c4ncc(F)cn4)CCN3C2)cc1,6.431,10,7.1719618505290965,1622
Cc1ncnc(C)c1-c1cc(NC(=O)c2ccccc2F)ccc1OCCN1CCC1,8.441,8,8.042658195767194,671
CN1CCC(N(Cc2ccc(F)cc2F)C(=O)OCc2ccc(OCC(C)(C)O)cc2)CC1,10.2,7,8.611692659211155,76
COc1ccccc1N1CCN(CCCCNc2nc(N)nc(NCCc3c[nH]c4ccccc34)n2)CC1,6.462,3,5.962549792989418,1623
Cn1ncc2c1CCC(CCN1CCN(c3nsc4ccccc34)CC1)C2=O,9.64,9,9.090098753968247,1624
O=C(Nc1ccc(OCc2ccccn2)nc1)N1CCc2ccc(C(F)(F)F)cc21,6.6,4,6.766335978835981,1103
CCCCCSc1cc(OC)c(CC(N)CC)cc1OC,8.247,2,7.101592075396834,188
O=S1(=O)c2cccc3cccc(c23)N1CCCCCCN1CCN(c2cccc(C(F)(F)F)c2)CC1,6.222,10,6.960348623015875,45
O=C(N[C@H]1CC[C@H](CCN2CCC(c3cccc4c3CCO4)CC2)CC1)c1ccc2c(c1)OCO2,7.64,8,7.606520104497355,1625
Clc1cccc(-c2n[nH]cc2N2CCCNCC2)c1,6.049,9,6.397948325396825,1626
Oc1ccc(C2CCN(c3ccn4c(CC5CC5)nnc4c3Cl)CC2)cc1,6.931,3,7.2143210117243886,511
NCCc1c[nH]c2ccc(O)cc12,8.02,1,6.08722493386243,89
O=S(=O)(c1ccc2ccccc2c1)N(CCCN1CCN(c2cccc(C(F)(F)F)c2)CC1)CC1CCCCC1,7.881,4,7.056919248677248,563
Cc1nc2n(c(=O)c1CCN1CCN(c3cccc4sccc34)CC1)CCCC2=O,7.36,7,7.532981743386242,1627
CCCC(Oc1cccc(Cl)c1Cl)c1nc(N)nc(N2CCN(C)CC2)n1,6.51,8,6.626055317460319,342
O=C(NCC1(O)COC1)c1ccc(C#Cc2ccccc2F)cc1,6.125,6,6.411267676406926,1628
COc1c(OCCOCCOCCOCCOCCOCCOCCOCCOCCOCCOc2ccc(C3CCN(c4ccn5c(CC6CC6)nnc5c4Cl)CC3)cc2)cccc1C(=O)C1CCN(CCc2ccc(F)cc2)CC1,6.811,5,6.681100452380961,1629
CN1CCN(C2=Nc3cc(Cl)ccc3Nc3ccccc32)CC1,8.447,4,7.713802379629635,1630
OC(c1ccnc2c1CC[C@@H]1CNCCN21)C1CCC1,7.23,9,6.514473199735451,1631
CNC(=O)c1cc(C(=O)NC2CC2)cn(Cc2ccccc2)c1=O,4.6,3,6.569421838564211,1632
Cc1[nH]c(-c2ccccc2)cc1C(=O)NCCN1CCN(c2cccc(Cl)c2Cl)CC1,7.4,6,7.072670976190478,762
CCC(C)Oc1cc2c3c(c1OC)-c1cc(OC)c(OC)cc1C[C@@H]3N(C)CC2,6.53,9,6.459437472222222,81
Cn1nccc1-c1cc(NC(=O)Nc2ccccc2)ccc1OCCN1CCCCC1,8.85,9,8.82694571825397,93
Cc1ccc(-n2nc([Si](C)(C)C)cc2NC(=O)Nc2ccc(Oc3ccnc(Nc4ccc5c(c4)NC(=O)C5)n3)c3ccccc23)cc1,6.267,10,6.601746376984125,712
O=C(Nc1cccnc1)N1CCc2ccc(C(F)(F)F)cc21,6.3,7,6.685652203703707,440
CC(=O)OC12C=C(C)C(C(C)C1)C1C(=O)N(CCCCN3CCN(c4ccccc4)CC3)C(=O)C12,6.54,9,6.528592657407413,566
Clc1cccc(Nc2nc(Cc3ccccc3)nc3c2CCNCC3)c1,8.355,2,7.436335269841264,325
Cc1nc2n(c(=O)c1CCN1CCC(c3noc4cc(F)ccc34)CC1)CCCC2,9.577,5,8.588339406084662,286
CC(CN1CCC(c2noc3cc(F)ccc23)CC1)N1CCc2cccnc2C1=O,8.098,3,8.330013596560848,226
Cc1c(S(=O)(=O)NCCCN2CCC(c3noc4cc(F)ccc34)CC2)sc2ccc(F)cc12,8.64,1,8.6581839047619,1633
CCCc1nc(C(=O)NCCN2CCN(c3cccc(Cl)c3Cl)CC2)c(C)n1-c1ccccc1,7.41,7,7.351327414021171,761
CNCc1cc(OCc2ccccc2Cl)n(CC2CCCC2)n1,7.96,1,8.412253756613762,274
COc1ccccc1Nc1nc(N2CCN(CCO)CC2)nc2ccccc12,6.838,8,6.664473186507938,212
CCCN(CCNC(=O)/C=C/c1ccc(F)cc1)C1Cc2ccccc2C1,6.679,2,7.40466556349207,1634
O=C(N[C@H]1CC[C@H](CCN2CCN(c3nccc4c3CCO4)CC2)CC1)C1CCCOC1,8.2,1,8.03608337037037,1635
CC1CC(=O)Nc2c(CCN3CCN(c4nsc5ccccc45)CC3)cc(Cl)cc21,10.3,2,9.593351657407405,97
CC(C)n1nc2c(c1-c1ccc(F)cc1)CCNCC2,8.1,2,7.633916888888891,68
CN([C@H]1CC[C@H](CCN2CCN(c3nsc4ccccc34)CC2)CC1)S(=O)(=O)c1cccs1,8.92,9,8.758198444444444,790
Nc1ccc2on(C[C@@H]3C[C@H]4c5ccccc5Oc5ccc(Br)cc5[C@H]4O3)c2c1,6.592,7,6.676651117724862,1072
O=c1c2cnc(C3CC3)nc2ccn1CCN1CCN(c2nsc3ccccc23)CC1,8.8,10,8.573510281746033,1636
COc1ccc(NC(=O)N2CCc3cc(OC)c(C(F)(F)F)cc32)cc1-c1cccnc1,6.7,7,7.293304476190471,317
CCc1nc2c(o1)C(=O)N(CCN1CCC(c3noc4ccccc34)CC1)CC2,8.109,4,8.117928900793654,592
CN1CCC(N(Cc2ccc(F)cc2)C(=O)NCc2ccc(OCC(F)(F)F)cc2)CC1,8.098,2,7.993489055555554,19
Fc1ccc(Cc2nc3c(c(-c4ccc(F)cc4)n2)CCNCC3)cc1,9.15,9,7.899851982804237,497
COCCC(=O)N[C@H]1CC[C@H](CCN2CCN(c3nc(C)cc4c3CCO4)CC2)CC1,6.592,10,7.227076211640213,12
CCN(C)C(=O)N[C@H]1CC[C@H](CCN2CCN(c3nsc4ccccc34)CC2)CC1,9.3,5,8.915939868446372,321
O=S(=O)(NCCCCN1CCN(c2nsc3ccccc23)CC1)c1ccc2ccccc2c1,8.82,8,8.031064533068783,1637
CN1CCc2ccc(OCCCN3CCC(c4noc5cc(F)ccc45)CC3)cc2C1=O,7.334,9,7.824403843915343,1638
CC(Oc1cccc(F)c1F)c1nc(N)nc(N2CCN(C)CC2)n1,6.151,8,6.889747698412701,342
CC(C)C(=O)N[C@H]1CC[C@H](CCN2CCC(c3cccc4c3CCO4)CC2)CC1,7.7,6,7.653343986111116,222
CO[C@@H]1CC[C@@H](CC(=O)N[C@H]2CC[C@H](CCN3CCC(c4noc5cc(Cl)ccc45)CC3)CC2)OC1,8.02,8,7.838072744708999,702
Cn1ccc2c(S(=O)(=O)N[C@H]3CCN(CCCc4noc5ccccc45)C3)cccc21,8.463999999999999,8,8.898871755952381,1639
CC(C)COc1ccc(CNC(=O)N(Cc2ncc(O)cc2F)C2CCN(C)CC2)cc1,7.26,7,7.655629162698415,223
Cc1noc(C)c1-c1cc(NC(=O)C2CC2)ccc1OCCN1CC[C@@H](O)C1,7.145,3,7.791906115079372,1276
O=S(=O)(c1ccc(F)cc1)C1CCN(CCc2ccc(F)cc2F)CC1,9.38,4,8.081448789682536,36
O=C(c1cccn2ccnc12)N1CCN(CC(F)c2ccc(F)cc2)CC1,8.0,3,7.714929707671954,367
Nc1cc(F)ccc1C(=O)CCCN1CC[C@H]2[C@@H](C1)c1cccc3c1N2CCS3,9.17,6,8.63703958597884,645
Cc1ccccc1N1CCN(CCc2nnc3n2CCCC3)CC1,6.49,7,6.516989355820101,1640
O=C1c2cn(C3CC3)nc2CCN1CCN1CCC(c2noc3ccccc23)CC1,8.551,6,8.611548929894184,1641
Cc1nc2c(o1)CC(CN1CCC(C(=O)c3ccc(F)cc3)CC1)CC2=O,6.9,5,7.396863357142858,1642
Nc1ccccc1C(=O)CCCN1CC[C@H]2[C@@H](C1)c1cccc3c1N2CCS3,8.64,6,8.284958146164021,645
OCCN1CCN(CCCN2c3ccccc3Sc3ccc(Cl)cc32)CC1,8.252,5,7.337311972222219,1509
CC(C)Oc1ccc2occc2c1[C@@H]1C[C@H]1CN,6.28,8,7.054209134920637,1126
Cc1cc(F)ccc1CN(C(=O)Cc1ccc(OCC(C)C)cc1)C1CCN(C)CC1,6.7,6,8.029345439153438,128
CC(C)C1Cc2cc(CNC(=O)N(Cc3ccc(F)cn3)C3CCN(C)CC3)ccc2O1,8.276,3,7.894032617604623,268
Cc1c(C(=O)NCCCCN2CCN(c3cccc(Cl)c3Cl)CC2)cc(-c2ccccc2)n1C,7.551,9,6.699127974987978,560
CC1(C(=O)N[C@H]2CC[C@H](CCN3CCN(c4cccc5c4OCO5)CC3)CC2)COC1,7.81,4,7.785328595238098,1643
COc1ccccc1N1CCN(CCCNC(=O)NCc2ccccc2-c2ccccc2)CC1,6.85,7,6.609568634920636,836
O=C1c2ncccc2CCN1CCN1CCC(c2nsc3ccccc23)CC1,8.718,3,7.701582473544974,1644
CC(C)Oc1ccc(COC(=O)N(Cc2ccc(C(F)(F)F)cc2Cl)C2CCN(C)CC2)cc1,7.6,7,8.031391898148145,76
O=C(N[C@H]1CC[C@H](CCN2CCN(c3nsc4ccccc34)CC2)CC1)c1cccnc1,9.539,2,9.095071353174603,1645
Cc1nc2c(o1)C(=O)N(CCN1CCN(c3noc4ccccc34)CC1)CC2,6.749,1,7.923190246031745,1646
COC(C)(C)C(=O)N[C@H]1CC[C@H](CCN2CCN(c3cccc4c3OCO4)CC2)CC1,7.952,5,7.727031992063489,5
COc1cc(CCN)cc(OC)c1OC,6.829,2,6.539185567460319,188
O=S(=O)(NCCCCN1CCN(c2noc3ccccc23)CC1)c1ccc(F)c(Cl)c1,7.77,9,7.304555779100529,1647
CCOc1c(OC)cc(CCN)cc1OC,6.668,2,7.1163743928571455,188
CN(C)C[C@H]1CC2c3ccccc3Oc3ccc(Cl)cc3[C@H]2O1,8.09,10,7.725443964285713,690
Cc1ncccc1Oc1ccc(NC(=O)N2CCc3ccc(C(F)(F)F)cc32)cn1,6.801,7,6.492822669312167,52
COc1cc2c(cc1C(F)(F)F)N(C(=O)Nc1cccc(-c3ccccn3)c1)CC2,6.3,10,6.5744876309523805,1648
O=C1c2cn[nH]c2CCN1CCN1CCC(c2noc3ccccc23)CC1,9.23,6,8.726667404761901,1073
CCCCOc1ccc(CN(Cc2coc(C)n2)C(=O)CN2CCN(C)CC2)cc1F,8.907,9,7.4688643055555595,1649
CC(=O)c1c(OCCCCN2CCN(c3cccc(Br)c3)CC2)ccc2c(C)cc(=O)oc12,8.189,10,7.843991892857149,86
O=C(CO)N[C@H]1CC[C@H](CCN2CCC(c3noc4cc(Cl)ccc34)CC2)CC1,7.82,1,8.471418362433859,111
Fc1ccc2c(C3CCN(CCCCOc4ccc(CN5CCOCC5)cc4)CC3)noc2c1,8.35,8,8.23002928703703,1650
COc1ccc2c(c1)Oc1cc(Cl)ccc1N=C2N1CCN(CC(C)(C)C(=O)O)CC1,7.428,3,6.998880932539681,596
Cc1cccc(N2CCN(CCCCNC(=O)c3cc4ccccc4o3)CC2)n1,7.57,7,7.382055312169309,1651
O=c1ccc2ccc(OCCCN3CCN4c5cccc6scc(c56)CC4C3)cc2[nH]1,6.125,6,7.333474599206343,1652
COc1cc2c(cc1OCC1CC1)C[C@H]1c3c(cc(OC)c(OC)c3-2)CCN1C,6.24,5,6.417878152116401,1653
Cc1c(C(=O)NCCN2CCN(c3cccc(Cl)c3Cl)CC2)c(C)n(C)c1-c1ccccc1,7.481,6,8.162396932900434,762
COC(CC(=O)N[C@H]1CC[C@H](CCN2CCC(c3cccc4c3CCO4)CC2)CC1)OC,7.158,6,7.475360759259259,222
Nc1nc(SCCN2CCN(Cc3ccccc3Cl)CC2)nc(N)c1Cc1ccccc1Cl,7.925,5,7.054543603174605,467
O=C(NCCC(O)CN1CCN(c2cccc(Cl)c2Cl)CC1)c1ccc2c(c1)Cc1ccccc1-2,6.26,3,7.063526055435306,1654
Cc1c(S(=O)(=O)NCCCCN2CCN(c3noc4ccccc34)CC2)sc2ccc(F)cc12,8.13,8,7.6596986044973585,902
Clc1ccc2[nH]c3c(c2c1)CCNC3CCc1ccccc1,7.19,6,7.144293519179899,75
O=C(N[C@H]1CC[C@H](CCN2CCC(c3noc4cc(F)ccc34)CC2)CC1)c1ccc(N2CCOCC2)nn1,8.5,4,8.290416875661373,1655
CNCc1ccc(Cl)cc1Oc1ccc(C)c(C)c1,8.47,5,6.982235054232804,7
Fc1ccc(CCN2CCC3(CCc4ccc(F)cc4O3)CC2)c(F)c1,8.509,6,8.183779670634923,732
COc1cc(OC)c(C2NCCc3c2[nH]c2ccc(Cl)cc32)cc1OC,7.858,6,7.024632259259256,44
Clc1ccc2[nH]c3c(c2c1)CCNC3c1ccncc1Cl,6.07,3,6.861427014971136,1656
Cn1ncc(Cl)c1-c1cc(NC(=O)c2ccc(F)c(C(F)(F)F)c2)ccc1OCCN,9.0,8,8.576399884920637,228
CCOCC(=O)Nc1ccc(OCCN2CCCC2)c(-c2c(C)ncnc2C)c1,6.917,3,7.563398779100528,287
FC(F)(F)CC1CN2CCNCc3cccc1c32,6.254,4,5.830801249999997,18
Fc1ccc2[nH]c3c(c2c1)CCNC3c1ccccc1F,6.52,6,6.790819231481484,44
O=C1C[C@@H](CN2CCC(c3noc4cc(F)ccc34)CC2)Cc2occc21,8.29,1,8.070665552910054,866
Cc1noc(C)c1-c1cc(NC(=O)c2cnoc2C)ccc1OC[C@H]1CCCCN1,7.979,8,7.477707430856181,1657
CC(C)COc1ccc(CNC(=O)N(Cc2ccc(F)cc2)C2CCN(C)CC2)cc1,8.835,2,7.879750955026458,19
O=C1c2cn(-c3ccccc3)nc2CCN1CCN1CCN(c2nsc3ccccc23)CC1,9.74,2,8.858569851851852,1658
CCCN1CCN(c2ccc(O)c3[nH]c(=O)ccc23)CC1,4.699,2,5.835199300264552,510
O=C(NCCCCN1CCN(c2ccc(F)cc2)CC1)c1cc2ccccc2cn1,8.1,9,7.543444583694084,69
C[C@@H]1CN(CCC2CC(NC(=O)C(C)(C)O)C2)CCN1c1cccc(Cl)c1Cl,8.016,1,7.875683543650791,1659
COc1ccccc1N1CCN(CCCN(CC2CC2)S(=O)(=O)c2ccc3ccccc3c2)CC1,7.068,2,7.048115253968249,1176
CSc1ccc2c(c1)C(N1CCN(C)CC1)Cc1ccccc1S2,7.613,10,7.182101009259257,1660
CC(=O)N1CCN(CCOc2ccc(NC(=O)c3cccc(F)c3)cc2-c2ccnn2C)CC1,7.822,8,8.283786152116404,262
CCN(CC)CCc1ccc(Cl)c(-c2ccccc2OC)c1,6.169,9,6.981892394179893,202
Cc1ccn(CC(=O)N[C@H]2CC[C@H](CCN3CCC(c4noc5cc(F)ccc45)CC3)CC2)n1,8.55,9,8.601613565476187,1661
CC(C)COc1ccc(CNC(=O)N(Cc2ccc(F)cc2)C2CCN(C)CC2)cn1,8.039,8,7.983375427248673,1662
O=C(CCCN1CC[C@H]2[C@@H](C1)c1cccc3c1N2CCN3Cc1ccccc1)c1ccc(F)cc1,8.33,7,7.148006325396825,1663
O=C(CCCN1CC=C(n2c(=O)[nH]c3ccccc32)CC1)c1ccc(F)cc1,8.86,6,8.319999005291008,1664
Cc1nc2c(o1)C(=O)N(CCN1CCN(c3nsc4ccccc34)CC1)CC2,8.509,10,8.526355195767206,150
O=C(C[C@H]1COCCO1)N[C@H]1CC[C@H](CCN2CCC(c3cccc4c3CCO4)CC2)CC1,7.65,5,7.5366177222222195,1665
CN(C)CCc1c[nH]c2ccc3c(c12)CCCO3,7.77,9,6.821399707671951,341
COc1c(OCCOCCN=[N+]=[N-])cccc1[C@H](O)C1CCN(CCc2ccc(F)cc2)CC1,7.33,6,7.127345259259262,11
C[N+](C)(C)CCc1c[nH]c2cccc(O)c12,6.17,1,7.141425384920637,89
CC1CN(c2ccc(C(=O)N[C@H]3CC[C@H](CCN4CCC(c5noc6ccc(F)cc56)CC4)CC3)cc2)CC(C)O1,7.0,2,8.033091447089943,381
COc1ccc2[nH]cc(CCNCc3ccc([N+](=O)[O-])cc3)c2c1,6.482,3,6.934214988095239,663
O=S(=O)(c1cncc2ccccc12)N1CCC(CCN2CCN(c3ccccc3)CC2)CC1,6.389,1,6.629951190476189,480
COCCNCCOc1ccc(NC(=O)c2ccccc2)cc1-c1c(C)ncnc1C,8.321,10,7.974668619047621,146
C=CCOc1cc(F)c(F)cc1C1CC1CN,6.08,8,6.629756054232807,70
Cn1nccc1-c1cc(NC(=O)NCc2ccc(Cl)cc2)ccc1OCCN1CCCC1,7.991,4,8.833282690476196,1666
O=C1c2ncccc2CCN1CCN1CCC(c2noc3cc(F)ccc23)CC1,9.095,3,8.116768414021164,226
CC[C@@H](C)NC(=O)[C@@H]1C=C2c3cccc4[nH]cc(c34)C[C@H]2N(CC)C1,8.662,2,6.915067215608461,53
COc1ccc(CCN(CCCc2ccccc2I)CCc2ccc3c(c2)OCO3)cc1OC,7.122,10,6.911322830687829,47
Cc1ccn(CCN2CCC(Cc3ccccc3F)CC2)n1,6.478,3,6.856176059523806,1667
O=C(CN1CCC(CN2Cc3ccccc3C2=O)CC1)c1ccc(F)cc1,8.12,2,7.23271202910053,1668
Cn1ncc(Br)c1-c1cc(NC(=O)Nc2ccc(Cl)cc2)ccc1OCCN1CCOCC1,9.2,10,9.015878197089949,356
COc1ccc(N2CC=C(c3cccc(Cl)c3)C2=O)cc1OCCN1CCC(C)CC1,6.1,1,6.584299507936515,759
COC(C)CC(=O)N[C@H]1CC[C@H](CCN2CCN(c3nccc4c3CCO4)CC2)CC1,7.519,10,7.732225980158731,12
O=C(CCCN1CCN(c2ccc(Cl)cc2)CC1)c1ccc(F)cc1,6.96,1,7.2527946216931225,1669
CN1CCc2ccc([N+](=O)[O-])c(Cl)c2CC1,6.399,3,6.503312178571433,40
CN1CCN2c3ncccc3Cc3ccccc3C2C1,7.856,10,7.388629781746034,1670
CNCc1cc(OCc2cc(Cl)ccc2F)n(C(C)C2CCCC2)n1,8.601,1,8.828377092592591,274
Cc1ncnc(C)c1-c1cc(NC(=O)c2cnoc2C)ccc1OC[C@H]1CCCCN1,7.26,9,7.647612629629626,1671
O=S(=O)(c1ccc(-n2ccnn2)cc1)C1(F)CCN(CCc2ccc(F)cc2F)CC1,9.18,8,8.64237898809523,1672
COc1cc2c(cc1C(F)(F)F)N(C(=O)Nc1cccnc1)CC2,6.0,7,6.850467498677251,440
CCN(C)CCc1cn(C)c2cccc(O)c12,6.88,1,6.809795599206347,89
N#Cc1ccc(S(=O)(=O)C2(F)CCN(CCc3ccc(F)cc3F)CC2)cc1,8.57,4,8.577041675925933,36
CCc1cccc(N2CCN(CC(F)CCNC(=O)c3cc4ccccc4o3)CC2)c1Cl,6.472,1,6.920711595238096,101
O=S(=O)(Nc1ccn(Cc2cccc3ccccc23)n1)c1ccc(Br)s1,4.73,7,6.130344833934585,1673
O=c1c2c(on1Cc1ccccc1)CCNC2,3.0,6,4.023664908730158,1674
CS(=O)(=O)c1ccc(C(=O)N[C@H]2CC[C@H](CCN3CCC(c4cccc5c4CCO5)CC3)CC2)s1,7.502,5,7.824336578643579,1675
CN1CCc2c(c3cccc4c3n2Cc2ccccc2C4)C1,6.13,4,7.4529959563492065,1676
O=C(N[C@H]1CC[C@H](CCN2CCC(c3cccc4c3OCO4)CC2)CC1)c1ccc2c(c1)OCCO2,7.7,3,7.700554919312168,1677
O=C1c2ccccc2S(=O)(=O)N1CCCCCCN1CCN(c2nsc3ccccc23)CC1,7.64,2,7.991951265873019,1678
CC(C)COc1ccc(CNC(=O)N(Cc2ccc(F)cc2)C2CCC(N(C)C)C2)cc1,6.988,1,7.613717846681093,1679
Cc1sc2ccccc2c1[C@@H]1C=CN=CN1,6.45,10,6.2297022724867785,1680
O=C(C[C@@H]1CC[C@@H](O)C1)N[C@H]1CC[C@H](CCN2CCC(c3noc4cc(F)c(F)cc34)CC2)CC1,7.941,10,7.977394956349213,641
CCN(CCN1CCC(c2noc3cc(F)ccc23)CC1)S(=O)(=O)C(C)CO,6.528,4,8.374836121693118,32
Cc1noc(C)c1-c1cc(NC(=O)C(C)(C)F)ccc1OC[C@H]1CCCCN1,7.449,9,8.124101822751326,1681
O=C(N[C@H]1CCN(Cc2ccc(OC(F)(F)F)cc2)C1)c1ccc(-c2cccs2)cc1,6.85,10,6.4426298492063525,384
COc1cc(CCNCCCc2ccccc2)c(OC)cc1Br,7.36,8,8.039358539682537,1682
COc1ccccc1N1CCN(CCCOc2ccc(C)cc2C)CC1,6.279,9,6.4365844735449755,288
COc1cc2c(cc1C(F)(F)F)N(C(=O)Nc1cc(F)cc(-c3cccnc3)c1)CC2,6.9,7,6.943054547619048,317
CN1CCC(c2c[nH]c3c(F)cccc23)C1,6.429,2,6.909543801587298,1683
CC1(CCCCN2CCN(c3ccccn3)CC2)Cc2cc(Cl)ccc2C1=O,6.24,2,6.850463845959596,1684
[C]N([C])[C][C]O[N]/C(=[C]/[C]=C1[C]=[C]C(=O)[C]=[C]1)c1ccccc1F,9.669,7,6.388903611111113,1685
CCN(CCN1CCC(c2noc3cc(F)ccc23)CC1)C(=O)C1(O)CCCNC1,9.22,9,8.667390784391529,301
FC(F)(F)c1ccc2c3c1CCN3CCNC2,6.777,4,5.515466039682531,18
Cc1oc(-c2ccc3ccccc3c2)nc1CN1CCO[C@H](CCN)C1,6.03,6,6.901171567460316,1686
O=C(NCCCCN1CCN(c2cccc3ccccc23)CC1)c1cnc2ccccc2c1,9.481,6,7.449431630952378,1173
CCS(=O)(=O)N[C@H]1CC[C@H](CCN2CCN(c3nccc4sccc34)CC2)CC1,8.539,3,8.571807932539684,305
O=C1COc2ccc(CCN3CCN(c4cccc5sccc45)CC3)cc2N1,7.378,4,7.162986152116405,555
Brc1ccc2c(c1)[C@H]1O[C@H](Cn3oc4ccc(CN5CCOCC5)cc43)C[C@H]1c1ccccc1O2,6.72,5,6.60787241534391,1687
CN1CCN2c3c(cccc31)[C@@H]1CN(CCCc3n[nH]c4cc(F)ccc34)CC[C@@H]12,7.75,4,8.235986027777779,1688
COCCC(=O)N[C@H]1CC[C@H](CCN2CCN(c3nccc4c3CCO4)CC2)CC1,7.62,10,7.798358138888889,12
CN(C)CCCSc1ccccc1NC(=O)/C=C/c1ccccc1,7.801,3,6.707110462962964,1689
CC1(C)CCNc2c(CCN3CCN(c4nsc5ccccc45)CC3)cccc21,9.742,4,8.923016578703704,217
O=S(=O)(NC1CCN(CCOc2ccccc2C2CCCC2)CC1)c1cccc(F)c1,6.52,2,7.580268650793658,1690
CC(C)Oc1ccccc1C(=O)Nc1ccccc1C(=O)Nc1cccc(S(=O)(=O)C(F)(F)F)c1,6.01,1,6.3988603531746,1691
COc1ccc(Nc2nc(N3CCN(CCO)CC3)nc3ccccc23)c(OC)c1,6.23,8,6.659878621693123,212
CC(=O)c1c(OCCCCN2CCN(c3cccc(F)c3)CC2)ccc2c(C)cc(=O)oc12,6.399,10,7.198893599326607,86
COc1ccc2c(c1)C1CC(CN(C)C)ON1c1ccccc1C2,6.52,8,7.003524373015872,303
Cc1nc(C)c(C(=O)Nc2ccc(OC[C@H]3CCCCN3)c(-c3c(C)noc3C)c2)o1,6.629,10,7.750708903439146,439
CCC([Se]c1cc(C)ccc1C)c1nc(N)nc(N2CCN(C)CC2)n1,6.24,3,6.095813119047616,189
CNCCC(Oc1ccc(C(F)(F)F)cc1)c1ccccc1,6.71,10,6.939240900793654,1692
CC(=O)Oc1cccc2[nH]cc(CCN(C)C)c12,6.53,1,7.116937417989417,89
CC(C)c1nc2c(o1)C(=O)N(CCN1CCC(c3noc4ccccc34)CC1)CC2,8.19,4,8.147619683862436,592
O=S(=O)(c1cccc2ncccc12)N1CCC(CCN2CCN(c3ccc(F)cc3)CC2)CC1,6.858,7,7.039269445767195,42
CC(C)COc1ccc(CN(Cc2coc(C3CC3)n2)C2=NOC3(CCN(C)CC3)N2)cc1,6.017,9,7.326402880952386,1693
N#Cc1cccnc1N1CCN(CCCN2CCN(c3cccc(Cl)c3Cl)CC2)CC1,6.329,6,7.082304185185186,96
COc1cc(CCNCc2cccc(O)c2)c(OC)cc1C#N,6.673,10,7.305790460317457,117
Cc1ccc(OC2CCN(CCN3CCCc4ccccc4C3=O)CC2)cc1,7.26,6,7.177985193121694,1071
COc1cc(C(C)(C)C)c(OC)cc1CC(C)N,8.432,2,7.1946695595238115,188
C[C@@H]1CNCCN1c1ccc(=O)n(CCOc2ccccc2C(F)(F)F)n1,7.39,2,6.597222648148146,334
Clc1cncc(NCCCN2CCN(c3ccccc3)CC2)n1,7.54,9,6.514531756613758,1694
COc1ccc2c(N3CCN(CCN4CCc5cccnc5C4=O)CC3)noc2c1,6.664,9,7.57096187301587,869
CN(C)Cc1ccccc1Oc1ccc(Cl)c(Cl)c1,6.84,5,6.937804879629631,7
Fc1ccccc1Nc1nc(N2CCNCC2)nc2ccccc12,7.16,8,6.771684337301587,212
CNCC1C[C@@H]2c3ccccc3Cc3ccccc3[C@H]2O1,7.22,9,7.457877536676287,25
OC1c2ccc(F)cc2CC1CCN1CCN(c2ccccn2)CC1,6.238,9,7.130200874338627,903
CNCc1cc(OCc2ccc(F)cc2Cl)n(C(C)C2CCCCC2)n1,9.06,6,8.182720125661376,94
CCCc1nc(C(=O)NCCCN2CCN(c3cccc(Cl)c3C)CC2)c(C)n1-c1ccc(F)cc1,7.269,3,7.3230872976190495,103
CN(C)CC1CC2c3ccccc3Cc3ccc(-c4ccccc4)cc3N2O1,7.65,8,7.13712948809524,1695
COc1cc2c(cc1OC)-c1c(OC)c(OC)cc3c1[C@H](C2)N(C)CC3,6.013,9,6.599056035714282,81
CNCc1cc(OCc2cc(F)c(F)cc2F)n(CCC(C)C)n1,8.89,5,7.976051419312169,357
COc1cccc(C(=O)Nc2ccc(OC3CNC3)c(-c3c(C)noc3C)c2)c1,9.071,9,7.687308608465607,1061
O=C1NCc2ccc(OCCCN3CCN(c4cccc5cccc(F)c45)CC3)cc21,7.95,10,8.401617238095236,135
Fc1ccc2c(c1)CC(CCN1CCCN(c3ccccn3)CC1)C2,7.368,7,7.020273166666663,1696
NCCn1ncc2ccc(O)cc21,7.699,4,5.591366265873017,136
O=S(=O)(c1cccc2cccnc12)N(CCCN1CCN(c2ccc(Cl)c(Cl)c2)CC1)CC1CCCCC1,8.112,1,7.54179990343915,50
Fc1ccc2c(c1)CC(CCN1CCc3ccccc3C1)C2,6.281,6,6.82519117063492,1697
Fc1ccc2cccc(N3CCN(CCCCOc4ccc5c(c4)CNC5)CC3)c2c1,9.32,10,8.419408030423286,1063
Fc1ccc(N2CCN(CCNc3cncc(Cl)n3)CC2)cc1,6.99,3,7.1173392269119695,229
C[C@@H]1CNC[C@@H]2Cc3ccc(Br)nc3N21,7.26,2,6.9753674237012975,153
COc1cc2c(cc1OC)-c1c(OC)c(OCc3ccc(Br)cc3)cc3c1[C@H](C2)N(C)CC3,7.018,4,6.545417139850891,1698
Cc1nn(C)c2c1C(=O)N(CCN1CCN(c3noc4ccccc34)CC1)CCC2,8.61,9,8.428021324374702,1699
O=C1c2ccccc2S(=O)(=O)N1CCCCCN1CCN(c2cccc(Cl)c2Cl)CC1,6.9,8,6.71203370093795,6
CO[C@@H]1[C@@H](OC)[C@H](C)[C@@](O)(CC(=O)O)O[C@H]1[C@H](C)[C@H]1O[C@@]2(CC[C@@](C)([C@H]3CC[C@@](C)([C@@H]4O[C@@H]([C@H]5O[C@](C)(O)[C@H](C)C[C@@H]5C)C[C@@H]4O[C@@H]4C[C@H](OC)[C@@H](OC)[C@H](C)O4)O3)O2)C[C@H](O)[C@H]1C,8.335,5,6.609100914021164,1700
COc1ccc(F)cc1C1CC1CNCc1ccccc1OCCF,6.4,6,7.122095702380951,271
CC(C)Oc1ccc(COC(=O)N(Cc2ccc(F)cc2OC(F)(F)F)C2CCN(C)CC2)cc1,10.0,7,7.237043972222223,76
CN(C)S(=O)(=O)N[C@H]1CC[C@H](CCN2CCC(c3cccc4c3OCO4)CC2)CC1,7.682,3,7.598542342592588,63
CC(C)(O)CC(=O)N[C@H]1CC[C@H](CCN2CCN(c3cccc4c3OCO4)CC2)CC1,7.65,5,7.61827503306878,5
CCN1CCN(c2cc(-c3ccc(F)cc3)c3c(n2)CCC[C@H](O)CC3)CC1,7.7805,9,7.657846958994704,638
Nc1ccc2c(N3CCN(CC[C@H]4CC[C@H](NC(=O)c5ccco5)CC4)CC3)nsc2c1,8.368,7,8.967397251984123,2
c1ccc(CN2CCCC(c3c(-c4ccccc4)[nH]c4ccccc34)C2)cc1,7.699,4,7.3754779484126995,1701
CCCN1CCc2cccc3c2C1Cc1cccc(OCCCn2cc(CCN4CCN(c5ccccc5OC)CC4)nn2)c1-3,6.61,3,6.304468796296295,1702
Cc1nc2c(o1)CC(CN1CCC(c3c[nH]c4cc(F)ccc34)CC1)CC2=O,8.3,2,7.670276420514665,1703
Cn1nc(C(=O)N2CCN(CC(=O)c3ccc(F)cc3)CC2)cc1-c1ccco1,8.319,1,7.934514406084656,1704
COCC(=O)N[C@H]1CC[C@H](CCN2CCC(c3coc4ccccc34)CC2)CC1,8.472,5,8.351042072751317,182
Cc1cc2c(cc1OCCCN1CCN(c3cccc4ccccc34)CC1)C(=O)NC2,7.251,10,7.749327099206354,135
NCCc1cn(S(=O)(=O)c2c(Cl)nc3sccn23)c2ccccc12,6.96,10,5.936476714285714,1705
O=C1Cc2c(CCN3CCN(c4cccc5sccc45)CC3)cccc2N1,8.071,9,7.689412966931216,1706
O=C(N[C@H]1CC[C@H](CCN2CCC(c3coc4ccccc34)CC2)CC1)c1ccc(Cl)cc1,8.043,9,8.025840206349201,55
Cc1ccc(CNc2cc3c(cc2O)C(c2ccccc2)CN(C)CC3)cc1,6.06,8,7.17033215079365,244
CCN(CCO)CCOc1ccc(NC(=O)C2CC2)cc1-c1c(C)ncnc1C,7.176,8,7.291426214285715,98
O=C(N[C@H]1C[C@H](CCN2CCN(c3cccc(Cl)c3Cl)CC2)C1)c1cccc2ncccc12,8.724,8,7.676314371031746,1707
O=C(N[C@H]1CC[C@H](CCN2CCC(c3noc4cc(F)ccc34)CC2)CC1)c1ccc(Cl)cc1,8.57,1,8.27548996560847,1708
CNC(=O)c1cccc(OCCCCN2CCN(c3cccc4sccc34)CC2)c1,6.668,4,6.984244494708995,1709
CN1CCC(N(Cc2ccc(F)cn2)C(=O)NCc2ccc3c(c2)C=CC(C)(C)O3)CC1,7.62,7,8.08371661772487,1710
Cc1ncnc(C)c1-c1cc(NC(=O)c2ncsc2C)ccc1OC[C@H]1CCCCN1,7.971,6,7.71932611640212,1711
COc1ccc(NC(=O)Nc2cccc(C(C)=O)c2)cc1-c1c(Br)cnn1C,8.5,9,7.522273960317459,104
CCN(CCN1CCC(c2noc3cc(F)c(C)cc23)CC1)S(=O)(=O)CCO,7.272,4,8.013341182539683,32
[C]([C]=C(c1ccccc1)c1ccccc1)O[C][C]1[C][C]N([C]c2ccccc2)[C][C]1,7.538,5,6.2827026111111115,1712
CN1CCN(c2nc(N)nc(C(C)(C)[Se]c3ccccc3)n2)CC1,6.1,3,5.909396470899469,189
CC(=O)c1c(OCCCN2CCN(c3cccc(Br)c3)CC2)ccc2c(C)cc(=O)oc12,8.221,3,7.539843653439152,678
CCc1c(CC2CCCCO2)cnc2c1CC[C@@H]1CNCCN21,6.05,4,6.694989998015868,1713
Cc1ccc(N2CCN(Cc3nc4ccccc4[nH]3)CC2)cc1C,6.43,3,6.676110669312171,1714
O=C(C[C@@H]1CCCO1)N[C@H]1CC[C@H](CCN2CCN(c3nccc4c3CCO4)CC2)CC1,7.779,7,7.781808876984121,1715
CC(=O)c1c(OCCCCN2CCN(c3ccccc3Br)CC2)ccc2c(C)cc(=O)oc12,8.0,10,7.891279429894186,86
C#CCOc1ccc(Cl)cc1[C@H]1C[C@@H]1CN,6.0,8,6.7769021031746,70
O=C(N[C@H]1CC[C@H](CCN2CCN(c3nccc4c3CCO4)CC2)CC1)c1ccc(-c2cccnc2)cc1,7.91,2,7.675368609788363,1716
S=c1n(CCCCCCN2CCN(c3cccc(Cl)c3)CC2)c2cccc3c2n1CCC3,6.589,1,6.919428230158742,1717
O=S(=O)(NCCCN1CCN(c2ccc(Cl)c(Cl)c2)CC1)c1ccc2ccccc2c1,7.72,10,7.062366797619045,548
O=S(=O)(NCCCN1CCN(c2nsc3ccccc23)CC1)c1cccc2scnc12,8.078,10,7.953421044973543,1718
COc1cc2c(cc1C(F)(F)F)N(C(=O)Nc1cncc(-c3cccnc3)c1)CC2,7.2,10,6.866326960317462,416
O=C1[C@@H]2[C@H](C(=O)N1CCCCCN1CCN(c3cccc4sccc34)CC1)[C@H]1C=C[C@@H]2C1,6.502,9,7.299912608465611,1719
COc1ccccc1N1CCN(CCC2CCc3ccc(N)cc3C2=O)CC1,7.37,1,6.656646052910051,1720
Cc1n[nH]c(C)c1S(=O)(=O)N1CCC(=Cc2ccc(Cl)cc2)CC1,6.119,5,6.509094982804235,804
O=C1NCc2ccc(OCCCCN3CCN(c4cccc5ccccc45)CC3)cc21,8.3,4,7.8373329100529086,190
Clc1ccc(N2CCN(CCCCc3nc4ccccc4s3)CC2)cc1,6.88,8,6.573763232804239,1721
CSc1cc2c(cc1C(F)(F)F)N(C(=O)Nc1cccc(-c3cccnc3)c1)CC2,7.1,7,6.80277592063492,317
CCn1nc(-c2cccc3cccnc23)cc1-c1cccnn1,6.82,10,5.169658753968257,1722
C[C@H]1Oc2c(cccc2N2CCN(CCCc3c[nH]c4ccc(F)cc34)CC2)NC1=O,7.699,7,7.565769720899472,1723
COc1ccc(-n2cc(C(=O)NCCCN3CCN(c4cccc(C)c4C)CC3)nc2-c2ccccc2)cc1,7.721,2,7.2167724550264545,442
C[C@H](N)Cn1ccc2ccc3ncccc3c21,7.503,4,6.5237111203703675,781
CCN(C)CCc1c(-c2ccc(Cl)cc2)[nH]c2ccccc12,8.458,5,7.868326268518522,246
FC(F)(F)CC1CN2CCNCc3ccc(Br)c1c32,6.924,4,6.032710719576713,18
O=C1Cc2c(ccc3c2OC[C@H](CNCC2CCc4[nH]c5ccc(F)cc5c4C2)O3)N1,8.7,6,7.408538219696966,1724
NS(=O)(=O)NCCCCCCN1CCN(c2cccc(Cl)c2)CC1,6.48,4,6.609808948412702,396
CC(C)=CC(=O)N[C@H]1CC[C@H](CCN2CCC(c3cccc4c3CCO4)CC2)CC1,7.22,6,7.60258135515873,222
O=S(=O)(NCCCCCCN1CCN(c2nsc3ccccc23)CC1)c1cccc2ccccc12,7.2,5,7.666888853174599,1725
O=C(O)CC1CN(C2CCC3(Cc4ccccc4Cc4ccccc43)C2)C1,7.3,3,7.148062869047618,459
O=C1c2ccc(Cl)cc2C[C@@H]2CNCCN12,6.4,10,6.428441071428579,149
CN(C)CCN(Cc1ccc(-c2ccc(CNCCc3ccccc3)cc2)cc1)C(=O)CCC1CCCC1,6.1,10,7.311620743386247,1726
CCC(C)c1nc2c(c(-c3ccc(F)cc3)n1)CNCC2,7.959,7,7.785511556878305,1613
Cc1c(C(=O)NCCCN2CCN(c3cccc(Cl)c3)CC2)cc(-c2ccccc2)n1-c1ccc(F)cc1,7.64,6,7.041888414021162,897
COc1ccccc1N1CCN(CCCCCNC(=O)c2cc3ccccn3n2)CC1,6.66,9,6.564403372534873,1727
CCCc1cc(OC)c(CCNCc2ccccc2)cc1OC,9.013,10,7.603065496031742,117
CN(C)[C@@H]1Cc2ccccc2[C@@H](c2cccc(-c3ccccc3F)c2)C1,8.2395,2,7.408988355820107,769
OC1(c2ccc(Cl)cc2)C[C@H]2CC[C@@H](C1)N2CCCCc1ccc(F)cc1,6.5,8,6.911661150793652,1728
CN(C)CCn1cc(S(=O)(=O)c2cccc(F)c2)c2cccnc21,6.457,10,7.034357396825396,1578
O=C(CC1CCOCC1)N[C@H]1CC[C@H](CCN2CCC(c3cccc4c3OCO4)CC2)CC1,7.529,3,7.673518210317461,14
COc1ccc(-c2c(=O)n(CCCCN3CCCC(c4c[nH]c5ccc(OC)cc45)C3)c(=O)n3ccccc23)cc1,6.502,5,6.56594033910534,255
O=C(C[C@@H]1CCCCO1)N[C@H]1CC[C@H](CCN2CCN(c3cccc4c3OCO4)CC2)CC1,7.6899999999999995,7,7.6393782103174575,1729
COc1ccc2ncc(=O)n(CCCCN3CCN(c4cccc5sccc45)CC3)c2c1,7.68,6,7.0527272354497335,1730
Cn1ccc(C(=O)N2CCN(CC(=O)c3ccc(F)cc3)CC2)n1,7.431,6,6.391281682539683,163
Cc1cccc2c(CCN)c[nH]c12,7.35,1,6.628953347883594,89
CC(O)C(=O)N(CCN1CCC(c2noc3cc(F)ccc23)CC1)CC1CC1,9.1,5,8.624790085978836,1731
Cc1cc(C)c2c(c1)[C@H]1CNC[C@@H]1NC2=O,6.394,7,6.048145916666668,34
CN1CCN(CC(=O)N[C@H]2CC[C@H](CCN3CCC(c4cccc5c4OCO5)CC3)CC2)CC1,7.51,10,7.7642784007936525,1732
COc1ccc(CCN(C)CCCC(C#N)(c2ccc(OC)c(OC)c2)C(C)C)cc1OC,6.63,10,6.887889752044254,1415
OC1(c2ccc(Cl)c(C(F)(F)F)c2)CCN(CCCC(c2ccccc2)c2ccccc2)CC1,6.0,9,6.680164990740738,1279
COc1ccc(CCN(CCCc2ccccc2)CCc2ccc3c(c2)OCO3)cc1OC,6.78,10,6.869473623015875,47
CC(=O)c1c(OCCCN2CCN(c3cc(C)ccc3C)CC2)ccc2c(C)cc(=O)oc12,6.99,3,7.330038730399228,678
CNC(=O)c1cccc(OCCCCN2CCC(c3noc4cc(F)ccc34)CC2)c1,7.34,7,7.111093904761904,625
Cc1cnc2c(c1)CCN(CCN1CCN(c3noc4ccccc34)CC1)C2=O,8.64,9,8.145133135882636,869
c1ccc2c(c1)Cc1ccccc1N1OC(CN3CCCC3)CC21,7.601,8,6.897250900793652,1733
O=S1(=O)NCCc2ccc(CCN3CCN(c4cccc5sccc45)CC3)cc21,8.779,7,7.347305359788361,1734
O=S(=O)(c1ccc(F)cc1)N(CCCN1CCC(c2noc3cc(F)ccc23)CC1)C1COC1,7.822,3,8.193192645502645,385
O=c1c(-c2ccc(F)cc2)c2n(c(=O)n1CCCCN1CCCC(c3c[nH]c4ccc(F)cc34)C1)CCCC2,6.32,3,6.990802210858578,554
O=c1c2cnc(C(F)(F)F)cc2ccn1CCN1CCN(c2noc3ccccc23)CC1,7.64,4,7.529266733645991,1194
CCS(=O)(=O)N[C@H]1CC[C@H](CCN2CCC(c3coc4ccccc34)CC2)CC1,8.292,5,8.02148873015873,182
CCC(N)Cc1cc(OC)c(SCCCCCF)cc1OC,8.255,2,7.228634818181822,188
Cc1ccc2c(N3CCN(CCc4cccc(-n5cccn5)c4)CC3)cccc2n1,6.4,5,7.116435133597885,1735
Cc1cccc(N)c1C(=O)NN1c2ccc(Cl)cc2N=C(N2CCN(C)CC2)c2ccccc21,8.54,9,7.440204914682544,33
O=C(N[C@H]1CC[C@H](CCN2CCC(c3noc4cc(F)ccc34)CC2)CC1)c1ccc(-n2cccc2)cc1,8.61,4,8.395080862433863,1736
O=c1c(-c2ccccc2F)c2n(c(=O)n1CCCCN1CCCC(c3c[nH]c4ccccc34)C1)CCCC2,6.489,3,7.12057153373016,554
Fc1ccc2[nH]c3c(c2c1)CCNC3c1ccc2ccccc2c1,6.71,8,6.590167882275137,339
O=CN[C@H]1CC[C@H](CCN2CCC(c3coc4ccccc34)CC2)CC1,7.871,5,7.471653386243384,182
CC(C)(C)CC(C)(C)c1ccc(OCCOCC[N+](C)(C)Cc2ccccc2)cc1,7.16,3,6.65870386375661,1737
COc1c2c(nn1C)CCN(CCN1CCN(c3nsc4ccccc34)CC1)C2=O,9.34,10,8.64608653439154,765
Clc1ccccc1CCOc1cncc(N2CCNCC2)n1,6.51,2,7.176857283068782,1738
COc1cc2c(cc1Cl)[C@H](C)CNCC2,7.15,3,6.845278235930734,40
CN(C)CCc1cn(CC2CC2)c2cccc(O)c12,7.55,1,6.965460313492063,1739
CC(C)NC(=O)c1ccc2c3c1CCN3CCNC2,4.301,4,4.986795908730153,18
Cc1ccc(S(=O)(=O)c2cnc3ccc(F)cc3c2SCc2ccc(Cl)cc2)cc1,4.51,9,6.52702978174603,1740
O=C(N[C@H]1CC[C@H](CCN2CCN(c3cccc4c3OCO4)CC2)CC1)C1(O)CCCCC1,8.329,1,8.079990990740734,1470
CCOc1ccc2occc2c1[C@@H]1C[C@H]1CN,6.595000000000001,8,6.667484873015879,1126
Oc1c(F)ccc2[nH]cc(CCNC3CC3)c12,8.13,9,6.9457972658730265,805
O=C1c2occc2CCN1CCN1CCC(c2noc3ccccc23)CC1,8.998,8,8.320727400793649,1741
CC(C)c1nc2c(c(-c3ccc(F)cc3)n1)CCNCC2,8.4,7,7.893822486772486,1742
CCCC(=O)N[C@H]1CC[C@H](CCN2CCC(c3cccc4c3CCO4)CC2)CC1,7.03,6,7.52221901256614,222
O=C(N[C@H]1CC[C@H](CCN2CCC(c3noc4cc(F)ccc34)CC2)CC1)C1(C(F)(F)F)CCC1,8.648,6,8.507120821428568,1743
O=C(O)C1=CCCN(C2CC[C@]3(Cc4ccccc4Cc4ccccc43)C2)C1,6.9,1,7.083485623015869,586
Cn1cnc2c1C(=O)N(CCN1CCC(c3noc4ccccc34)CC1)CCC2,8.378,4,8.701907623015876,1744
Nc1cc(Br)ccc1C(=O)CCCN1CC[C@H]2[C@@H](C1)c1cccc3c1N2CCCS3,7.101,2,8.096775686748428,175
CN1CCN(C)C(c2c(-c3ccccc3)[nH]c3ccccc23)C1,6.5,3,7.893591968253973,1745
COc1c(OCCOCCOCCOc2ccc(C3CCN(c4ccn5c(CC6CC6)nnc5c4Cl)CC3)cc2)cccc1C(=O)C1CCN(CCc2ccc(F)cc2)CC1,6.13,2,6.859594593915344,1746
O=C(NC1CC1)c1cc(OCCCCN2CCN(c3nsc4ccccc34)CC2)ccn1,6.49,1,7.426835751322754,1747
Cc1nc2c(o1)CCCN(CCN1CCN(c3nsc4ccccc34)CC1)C2=O,8.329,10,8.397850645262146,1748
COc1cccc(C(=O)C2CCN(CCn3c(=S)[nH]c4ccccc4c3=O)CC2)c1OC,6.386,1,6.637569017857146,1749
Fc1ccc(C(c2ccc(F)cc2)N2CCN(C/C=C/c3ccccc3)CC2)cc1,6.665,5,7.454796388888879,508
COc1cccc2c1C(=O)N1CCNC[C@H]1C2,6.245,10,5.688770900793649,149
Cn1cc2c(n1)CCN(CCN1CCN(c3nsc4ccccc34)CC1)C2=O,9.21,10,8.619631986772491,765
CCN(CC)CCOc1ccc(NC(=O)Nc2ccc(Cl)cc2)cc1-c1ccnn1C,9.37,9,8.886764420634913,104
CC(C)n1nc(C(=O)NCC2CCN(CCc3ccc(O)cc3)CC2)c2ccccc21,8.0,9,6.9224138425925945,684
CCCN(CCCN1CCC(c2noc3cc(F)ccc23)CC1)C(=O)c1ccccc1,7.138,5,8.018386650793643,909
O=C1c2ncccc2CCN1CCN1CCN(c2noc3cc(Cl)ccc23)CC1,7.11,9,7.846180773088028,869
CN(C)[C@@H]1Cc2ccccc2[C@@H](c2ccc(Br)cc2)C1,6.9395,8,7.586666349206359,215
O=S(=O)(c1ccc(F)cc1)N1CC=C(CCc2ccc(F)cc2F)CC1,7.66,9,7.659760000000001,1750
O=C(c1ccc(F)cc1)C1CCN(CCn2c(=S)[nH]c3ccccc3c2=O)CC1,8.997,1,7.895554917989415,1749
CCN(CCN1CCC(c2noc3cc(F)ccc23)CC1)C(=O)C1CN(C)CC1O,9.0,10,8.467060429232804,1751
O=C(CC1CCOCC1)N[C@H]1CC[C@H](CCN2CCC(c3cccc4occc34)CC2)CC1,8.05,10,8.218213825396825,1550
O=S(=O)(NCCCN1CCC(c2noc3cc(F)ccc23)CC1)c1cc2ccccc2s1,9.048,1,8.922936862313605,1633
O=C1c2c(cccc2C(F)(F)F)C[C@@H]2CNCCN12,7.05,10,6.937245264550267,149
Cc1ccc(C2NCCc3c2[nH]c2ccc(O)cc32)cc1,6.505,6,6.760372189153442,44
O=C1CCc2ccc(OCCCCN3CCN(c4ccc(F)c5ccccc45)CC3)nc2N1,7.931,4,7.788303672919665,369
Cc1ccc2c(C3CCN(CCn4ccc5cccnc5c4=O)CC3)noc2c1,8.0,7,8.157463248436752,1340
Cn1cc2c(n1)C(=O)N(CCN1CCC(c3noc4ccccc34)CC1)CC2,8.07,8,8.240701158730154,1752
CCCN1CCc2cccc3c2C1Cc1cccc(OCCCCN2CCN(c4ccccc4OC)CC2)c1-3,4.0,7,6.576443869047619,1753
Fc1ccccc1N1CCN(CCCNc2cncc(Cl)n2)CC1,7.0,9,6.924243400793651,1694
O=C(N[C@H]1CC[C@H](CCN2CCN(c3cccc4c3OCO4)CC2)CC1)C1(O)CCC1,8.22,1,8.137717280423281,453
COc1ccccc1N1CCN(CCOCCOc2c(C)cc(C)cc2C)CC1,6.143,8,6.478350789682542,1052
Cc1ccc2c(c1)-c1c(ccn1CC(C)N)C2,7.2,10,7.006992230880228,309
O=C(NC1CC1)c1ccc2c3c1CCN3CCNC2,4.66,6,4.408390888888888,1754
O=C1c2cn[nH]c2CCN1CCN1CCN(c2nsc3ccccc23)CC1,9.22,10,8.495851133597888,811
Cc1ccc(S(=O)(=O)N[C@H]2CC[C@H](CCN3CCN(c4nsc5ccccc45)CC3)CC2)cc1,9.59,5,8.732427592592597,1755
Cc1c(Cl)cccc1N1CCN(CC(O)CNC(=O)c2nc(C)n(-c3ccccc3F)c2C)CC1,6.708,3,7.216151418650798,103
Cc1nc2n(c1C)Cc1ccccc1C=C2N1CCN(CC(C)(C)C(=O)O)CC1,6.4,8,7.204312144179893,201
Cc1cccc(N2CCN(CCCCNC(=O)c3nc(C)n(-c4ccccc4Cl)c3C)CC2)c1C,7.92,4,7.3398039841269895,1756
O=[N+]([O-])c1ccc2sc(S(=O)(=O)N[C@H]3CC[C@H](CCN4CCN(c5nsc6ccccc56)CC4)CC3)cc2c1,8.64,4,8.394821166666668,173
O=C1CC(CN2CCC(c3noc4cc(F)ccc34)CC2)Cc2[nH]c3ccccc3c21,8.93,3,7.678423044973539,1757
[2H]C([2H])([2H])N(C([2H])([2H])[2H])C([2H])([2H])C([2H])([2H])c1c[nH]c2cccc(O)c12,7.13,1,6.845884193963444,89
CN(C)CCc1c[nH]c2cccc(O)c12,7.62,1,7.130342876984126,89
Cn1cc2c(n1)CCN(CCN1CCC(c3noc4ccccc34)C1)C2=O,7.14,2,8.389440817460317,1758
CCCCCSc1cc(OC)c(CCN)cc1OC,8.351,2,7.335267744708996,188
COc1cccc2c1CC(CNCCCCN1C(=O)CC3(CCCC3)CC1=O)CO2,7.31,4,6.318893285714288,1759
O=c1n(CCCCN2CCN(c3cccc4sccc34)CC2)nc2ccccn12,7.469,3,7.431545333333338,121
CN1CCC(N(Cc2ccc(F)cn2)C(=O)NCc2ccc(OCCCCF)cc2)CC1,8.337,7,7.792452506253005,223
CCC1(NC2=NCCNC(c3ccc(F)cc3F)=C2)CCCC1,8.96,2,8.14508525,834
Cc1c(Cl)cccc1N1CCN(CC(O)CNC(=O)c2nc(C)n(-c3ccc4c(c3)OCCO4)c2C)CC1,6.9,4,6.899758607142861,326
COc1cccc(N2CCN(CCCCOc3cc(C)cc4oc(=O)cc(C)c34)CC2)c1,6.74,4,6.921469519841271,1109
COc1c(C)nc(C)nc1C(=O)NCCN1CCN(c2cccc(C)c2C)CC1,6.08,10,6.365745566137565,405
O=C(N[C@H]1CC[C@H](CCN2CCN(c3nccc4occc34)CC2)CC1)C1CCOCC1,8.54,9,8.311148358465607,777
CC(=O)N[C@H]1CC[C@H](CCN2CCN(c3nccc4c3CCO4)CC2)CC1,7.64,10,7.846810781746029,12
O=C(N[C@H]1CC[C@H](CCN2CCC(c3noc4cc(F)ccc34)CC2)CC1)c1ccc(N2CCS(=O)(=O)CC2)cc1,8.61,4,8.20934141402116,1135
CN1CCc2on(C)c(=O)c2CC1,3.0,1,3.9350461349206345,984
Cc1c(OCCCCN2CCN(c3cccc4cc(F)ccc34)CC2)ccc2c1C(=O)NC2,7.85,4,7.763773431216925,190
Cc1nc(CN(Cc2cccs2)C2=NOC3(CCN(C)CC3)N2)co1,7.26,1,6.846816365079365,1760
O=C1NCc2cc(F)c(OCCCCN3CCN(c4cccc5ccccc45)CC3)cc21,7.888,4,7.639126681096689,190
CN1CCC(N(Cc2ccc(F)cc2F)C(=O)OCc2ccc(OC(C)(C)C)cc2)CC1,10.0,7,8.579098604497355,76
Cc1ncnc(C)c1-c1cc(NC(=O)c2ccn(C)n2)ccc1OCCN1CCCC1,6.106,9,7.778033604497356,1761
CS(=O)(=O)c1ccc(C(=O)N[C@H]2CC[C@H](CCN3CCC(c4coc5ccccc45)CC3)CC2)s1,8.108,8,8.073625308201057,1762
CC(C)c1ccc2[nH]cc(C3=CCCNC3)c2c1,7.007,8,6.765679392857144,553
O=S(=O)(c1ccc(F)cc1)c1ccc(CCc2ccc(F)cc2)nc1,7.639,7,7.719974539682542,1763
Cc1ncsc1CC(=O)Nc1ccc(OCCN2CCCC2)c(-c2c(C)ncnc2C)c1,7.857,3,7.552304596560848,705
c1cc(C2CC2)c2c3c1CNCCN3CC2,4.301,6,5.350595615079357,1764
CC(=O)N[C@H]1CC[C@H](CCN2CCC(c3ccc(F)c4occc34)CC2)CC1,7.479,2,7.78428203042328,221
CC(C)(C)CC(=O)N[C@H]1CC[C@H](CCN2CCC(c3cccc4c3CCO4)CC2)CC1,7.27,6,7.530176518518516,222
O=[N+]([O-])c1ccc2c(c1)C(O)C(CCN1CCC(c3noc4cc(F)ccc34)CC1)CC2,7.96,8,8.35567791402117,1230
O=C(N[C@H]1CC[C@H](CCN2CCN(c3nccc4c3CCO4)CC2)CC1)C(F)(F)F,7.72,10,7.773610226190481,12
O=c1n(CCCCN2CCN(c3cccc4sccc34)CC2)nc2c(Br)cccn12,6.88,3,7.5200957698412685,121
CCc1nc(C(=O)NCC(O)CN2CCN(c3cccc(C)c3C)CC2)c(C)n1-c1ccccc1,6.33,3,6.912805460317462,103
CNCc1cc(OCc2cc(F)ccc2F)n(Cc2ccc(Cl)cc2)n1,8.92,10,8.284914888888894,250
COc1cc(CCNCc2ccccc2O[11CH3])c(OC)cc1Br,9.301,10,7.971863751322744,117
CCN(CC)C(=O)[C@@H]1C=C2c3cccc4[nH]cc(c34)C[C@H]2NC1,8.221,2,6.802114277777783,53
Cc1cc(CC(=O)N[C@H]2CC[C@H](CCN3CCC(c4cccc5c4CCO5)CC3)CC2)on1,7.481,5,7.531924164021167,1765
Cc1c(C(=O)NCCN2CCN(c3cccc(Cl)c3Cl)CC2)cc(-c2ccccc2)n1C,6.76,6,7.134365115079362,762
COc1cc(S(=O)(=O)C(F)(F)F)c(OC)cc1CCN,8.721,2,6.245061599206352,188
Cc1cc(OCCCN2CCN(c3ccccc3C#N)CC2)c2c(C)cc(=O)oc2c1,6.7,2,6.81160735978836,420
O=C(N[C@H]1CC[C@H](CCN2CCN(c3nccc4occc34)CC2)CC1)C1CC1,8.358,4,8.244952257936507,1766
COc1ccccc1N1CCN(CCCOc2c(C)cccc2C)CC1,6.72,9,6.5233113531746065,288
O=C(N[C@H]1CC[C@H](CCN2CCN(c3nsc4cc([N+](=O)[O-])ccc34)CC2)CC1)c1ccco1,8.742,7,8.77196759920635,2
CCCc1ccc(CN(Cc2coc(C)n2)C(=O)NC2CCN(C)CC2)cc1F,9.26,6,7.90889397354497,1536
COc1cccc2[nH]cc(C3CC3N)c12,7.34,6,6.199785501322753,362
Cc1ncnc(C)c1-c1cc(NC(=O)[C@@H]2C[C@@H]2F)ccc1OC[C@H]1CCCCN1,7.903,4,7.959910859788356,130
CCc1cc2c(cc1OC)C(=O)N1CCNC[C@@H]21,6.33,9,6.393965444444447,185
CN(C)CCC1CC2c3ccccc3Cc3ccccc3N2O1,7.04,8,7.005835928391054,303
CCCc1ccc2c3c1CCN3CCNC2,4.301,4,6.0273959880952335,18
CC1(C)CCNc2c(CCN3CCN(c4nsc5ccccc45)CC3)cc(F)cc21,9.55,4,8.928432317460326,217
Cc1ncnc(C)c1-c1cc(NC(=O)C2CC2)ccc1OCCN1CCC2(CC1)CNC2=O,7.374,3,7.583598608465606,1767
Cn1ncc2c1CCCN(CCN1CCN(c3noc4ccccc34)CC1)C2=O,8.55,9,8.274810304232805,1699
O=C(NCCCCN1CCN(c2ccccc2)CC1)c1n[nH]c2ccccc12,6.87,9,6.720639527116403,105
O=C(N[C@H]1CC[C@H](CCN2CCN(c3nccc4c3CCO4)CC2)CC1)c1ccc(N2CCOCC2)nc1,7.81,2,7.856794211640213,1768
Fc1ccc(-c2nc(C3CCC3)nc3c2CNCC3)cc1,7.959,1,8.0791210952381,1769
O=C(N[C@H]1CC[C@H](CCN2CCN(c3nsc4ccccc34)CC2)CC1)OCc1cc2ccccc2o1,8.589,10,8.691096124579127,1770
COc1cc2c(cc1C(F)(F)F)N(C(=O)Nc1cc3c(c(-c4cccnc4)c1)OCC3)CC2,6.6,9,6.693139996031745,1771
Cc1ncc2c(n1)CCN(CCN1CCN(c3noc4ccccc34)CC1)C2=O,7.64,2,7.595693674603171,1772
Fc1ccc(Nc2nc(N3CCN(c4ccc(F)cc4)CC3)nc3[nH]ncc23)cc1,7.75,9,6.696370871693125,1008
O=C1COc2ccccc2N1CCCCN1CCN(c2cccc3sccc23)CC1,8.793,7,6.8067668968253905,1773
Cc1cc2nc3c(nc2cc1C)[C@@H]1CCC(C3)N1,6.4,5,6.397846292207793,90
COc1cc(CCNCc2cccc3cn[nH]c23)c(OC)cc1Br,7.92,3,8.155714170634928,1774
O=S(=O)(N[C@H]1CC[C@H](CCN2CCN(c3nsc4ccccc34)CC2)CC1)c1cc[nH]c1,8.825,2,9.004262869047617,1775
O=C(c1cnn2c1CCCC2)N1CCN(CCc2ccc(F)cc2F)CC1,7.75,1,8.559146826719582,1776
COc1ccc(NC(=O)Nc2cccc(C#N)c2)cc1-c1c(Br)cnn1C,8.75,9,7.461326218253968,104
Cc1nc(C)n(CC(=O)N2CCN(c3sc(C(F)(F)F)nc3-c3nc4ccc(-c5noc(C)n5)cc4[nH]3)C[C@H]2C)n1,4.8,9,6.653221555555555,1777
Fc1ccc2c(c1Cc1ccccc1)CCC1CNCCN21,8.1,8,7.449626629028384,918
CN1CCC(N(Cc2ncc(F)cc2F)C(=O)NCc2ccc(OCCCC(F)F)cc2)CC1,8.29,7,7.552072948412697,223
NC[C@H]1C[C@@H]1c1ccc(Cl)cc1F,6.111,8,6.6844985952381,70
COc1cc(Cl)c(OC)nc1CC(C)N,6.394,5,6.8486041331168845,346
CC1SC2(CCCC2)C(=O)N1CCCCN1CCN(c2csc3cc(F)ccc23)CC1,8.324,8,7.47199710533911,1778
Cc1cccc(S(=O)(=O)CC2CCN(CCCc3noc4cc(F)ccc34)C2)c1,8.23,5,8.622485285714289,373
Cc1cccc(S(=O)(=O)N[C@H]2CCN(CCCc3noc4ccccc34)C2)c1,8.68,5,8.71148161904762,159
Oc1ccc2[nH]c3c(c2c1)CCNC3Cc1ccccc1,6.54,7,6.7885559219576725,1779
Oc1cc(Br)ccc1C1NCCc2c1[nH]c1ccc(F)cc21,6.831,6,7.465936477513225,44
O=C1c2c(cc(C3CC3)cc2C(F)(F)F)[C@@H]2CNCCN12,6.277,7,5.678512597883597,1780
CCCCc1cc(OC)c(C2CCCNC2)cc1OC,6.52,7,7.59602100925926,113
CNC(=O)c1ccnc(OCCCCN2CCC(c3noc4cc(F)ccc34)CC2)c1,7.21,6,7.486660476190479,1573
CN1C[C@H](C(=O)N(CC(F)F)CC(F)F)C=C2c3cccc4[nH]cc(c34)C[C@H]21,9.265,2,7.505462757936505,53
Cc1c(Cl)ccc2c1N1[C@H](CNC[C@H]1C)C2,8.1155,7,6.302431613756615,3
NCCc1cn2c3c(cccc13)CCC2,6.285,7,6.86366534523809,525
CC(C)(C)OC(=O)N1CCCC1CNC1CCC(c2cc(F)ccc2F)(S(=O)(=O)c2ccc(Cl)cc2)CC1,6.32,6,7.26227388888889,1781
Cn1ncc2c1C(=O)N(CCN1CCC(c3noc4ccccc34)CC1)CCC2,8.4,5,8.635538740740742,1782
CC(C)C(=O)N[C@H]1CC[C@H](CCN2CCN(c3cccc4c3OCO4)CC2)CC1,7.777,5,7.765855616281863,5
O=C(N[C@H]1CC[C@H](CCN2CCC(c3coc4ccccc34)CC2)CC1)c1ccc(-n2cccc2)cc1,7.991,3,8.031366058201058,1783
CCN(CCN1CCN(c2noc3ccccc23)CC1)C(=O)C(C)O,7.238,4,7.456381650793657,1784
Cn1nc(Br)c2c1CCN(CCN1CCC(c3noc4ccccc34)CC1)C2=O,8.822,6,9.005316107142868,1073
O=C1c2ccc(F)cc2CC1CCN1CCCN(c2ccc(Cl)cc2)CC1,6.72,2,7.232732234126984,1785
CN(C)CC1=CC2=CN(S(=O)(=O)c3ccccc3)C3=CC=CC(O1)C23,7.189,1,6.511576882275132,1786
Cc1nc2ccc(CCN3CCN(c4cccc5sccc45)CC3)cc2c(=O)[nH]1,7.92,10,7.335131607142864,1787
CC(C)(CN1CCN(C2=Cc3ccccc3Cn3c(Cl)cnc32)CC1)C(=O)O,7.2,8,7.149163619047621,201
O=C1NCc2cc(F)c(OCCCCN3CCN(c4cccc5cccc(F)c45)CC3)cc21,8.46,4,7.83113399891775,190
FC(F)(F)c1ccccc1-c1cccc2c1N1CCNCCC1C2,7.065,7,6.715775730158735,465
CC(C)(O)CC(=O)N[C@H]1CC[C@H](CCN2CCC(c3cccc4c3OCO4)CC2)CC1,7.582,3,7.609714887566138,63
COc1cc(OC)c(OC)cc1CC(C)N,6.58,2,7.296445371031746,188
O=S(=O)(c1cccc2cnccc12)N1CCC[C@H]1CCN1CCN(c2nsc3ccccc23)CC1,7.7835,9,7.754367753968257,1788
CC(=O)Nc1ccc(OCCCN2CCC(c3noc4cc(F)ccc34)CC2)cc1,8.109,8,6.749600326719575,340
CCN(CCN1CCC(c2noc3cc(F)ccc23)CC1)C(=O)C1CC(O)C1,9.048,7,8.985153808201055,1789
Cc1ncnc(C)c1-c1cc(NC(=O)Cc2cnco2)ccc1OCCN1CCCC1,7.199,5,7.820461644179892,1790
O=C1CC(c2ccccc2)c2cccc(CCN3CCN(c4nsc5ccccc45)CC3)c2N1,9.74,4,9.251922445105821,1791
CC(=O)OC12C=C(C)C(C(C)C1)C1C(=O)N(OCCCN3CCN(c4ccccc4)CC3)C(=O)C12,6.43,8,6.306476706349204,206
CCCOc1ccc(CNC2=NOC3(CCN(C)CC34CC4)N2Cc2ccn(C)n2)cc1,6.523,3,6.974733513227511,1792
CC(=O)N1CCN(CCOc2ccc(NC(=O)C3CC3)cc2-c2c(C)ncnc2C)CC1,7.754,5,7.492794371693124,1517
COc1ccc2oc(C(=O)NCCC(F)CN3CCN(c4cccc(Cl)c4Cl)CC3)cc2c1,6.56,1,6.7637902896825395,101
Cc1nc(COc2ccc(Cl)cc2OC2CNC2)cs1,6.65,2,6.807735204906204,1793
C(=C\c1ccccc1)/COCC1CCN(CCc2ccccc2)CC1,6.602,10,7.011463007936512,1794
CC1CCCCN1CCOc1ccc(NC(=O)Nc2ccc(Cl)cc2)cc1-c1ccnn1C,9.078,9,8.378434021164024,93
N#Cc1cc2cc(OCCCCN3CCN(c4cccc(Cl)c4Cl)CC3)ccn2n1,7.091,8,7.311847416666665,245
COc1ccc(S(=O)(=O)n2cc(/C=N/N=C/N(C)C)c3c([N+](=O)[O-])cccc32)cc1,6.69,1,6.304587743386243,418
CCCCOc1ccc(CN(Cc2coc(C)n2)C(=O)C[C@H]2[C@@H]3CNC[C@@H]32)cc1F,7.26,8,7.635823724867723,1795
COc1ccc2c(=O)c3cc(CN4CCN(c5ccccc5OC)CC4)ccc3oc2c1,6.251,7,6.881663605820104,1796
Fc1ccc(OCCCN2CCN(c3ccc(Cl)cc3)CC2)cc1,7.22,9,6.9316502513227505,288
O=C(N[C@H]1CC[C@H](CCN2CCC(c3noc4cc(F)ccc34)CC2)CC1)C1(O)CC1,8.84,6,8.612135173280425,1797
NC[C@H]1C[C@@H]1c1ccc(F)c(F)c1,6.24,8,6.552556547619052,70
O=[N+]([O-])c1ccc(S(=O)(=O)N(CCCN2CCN(c3ccccc3)CC2)CC2CC2)cc1,6.747,7,7.270358480158734,963
S=C1CCc2ccc(CCN3CCN(c4cccc5sccc45)CC3)cc2N1,7.26,5,7.086437682539684,1798
CCC(=O)N[C@H]1CC[C@H](CCN2CCN(c3nccc4sccc34)CC2)CC1,8.59,3,8.720364867724868,305
C[C@H](N)Cn1ncc2ccc(O)c(F)c21,8.238,4,6.812398781746041,136
CC(=O)Nc1ccc(OCCCCN2CCC(c3noc4cc(F)ccc34)CC2)cc1,6.65,7,6.148654558201054,625
COc1cccc(Cc2c(N)nc(SCCN3CCN(Cc4cccc(C(F)(F)F)c4)CC3)nc2N)c1,7.348,5,6.681282908730162,467
O=C1c2ccccc2S(=O)(=O)N1CCCCN1CCN(c2ncccn2)CC1,4.82,3,5.784989526455027,1799
CN1CCN(c2cccc3c2C(=O)CCN3S(=O)(=O)c2ccc3ccccc3c2)CC1,6.12,5,7.038064071428568,1114
O=C1N(CCN2Cc3ccccc3C2)CCN1c1cccc(Cl)c1,6.2,2,6.682113519841268,1800
CC(=O)Nc1ccc(OCCCN2CCC(c3noc4cc(F)ccc34)CC2)cc1F,7.38,8,7.266749879629635,340
CCNCCc1c[nH]c2ccccc12,7.42,1,6.979196146825398,89
COC(=O)c1cc2c3c(ccc2[nH]1)OCC(CN1CCC(Nc2ccccc2)(C(N)=O)CC1)O3,6.767,10,6.701992619047618,1801
Fc1cccc(OC2CN(c3c4c(nc5ccnn35)CCNCC4)C2)c1,7.497,5,7.056936940476191,1116
Cc1cc(S(=O)(=O)Nc2ccc3c(c2)CCN(C)CC3)ccc1-c1ccc(Cl)cc1,6.9,6,7.118938223544967,444
COc1ccc(F)cc1[C@H]1C[C@@H]1CNCc1cccs1,6.265000000000001,10,6.589569105820102,1147
O=C1c2cccc3cccc(c23)N1CCCCCCN1CCN(c2cccc3cccnc23)CC1,6.65,9,6.316305015873017,1802
CN1CCC(N(Cc2ccc(F)cc2)C(=O)NCc2ccc(OCC(F)F)cc2)CC1,8.193,2,7.939507383597888,19
O=C1c2ncccc2CCC1CCN1CCN(c2nsc3ccccc23)CC1,8.52,8,8.94022251322752,1803
O=C(N[C@H]1CC[C@H](CCN2CCC(c3coc4ccccc34)CC2)CC1)c1ccc(-c2cccnc2)cc1,7.89,5,7.93954596560846,1804
Cn1nccc1-c1cc(NC(=O)c2cccc(C(F)(F)F)c2)ccc1OCCN1CCCC1,8.43,3,8.690186558201054,37
O=C1c2ccc(Cl)cc2CC1CCN1CCN(c2ccccn2)CC1,6.95,2,6.727788239417991,269
CCCN1CCc2cc(OC)cc3c2[C@H]1Cc1cccc(OC(=O)c2ccc(F)cc2)c1-3,6.381,5,7.048245392857137,1348
CCc1ccc2c(c1)C[C@@H]1CNCCN1C2=O,6.638,10,6.407239931216932,149
CN1CCC(c2c(-c3ccccc3)[nH]c3ccccc23)CC1,8.11,4,7.901076917989423,687
O=S(=O)(NCCN1CCC(c2noc3cc(F)ccc23)CC1)c1ccc2ccccc2c1,8.742,3,8.847012591269843,1805
NC[C@H]1C[C@]1(F)c1ccccc1,8.007,8,6.116547301587303,70
CC(C)(C)c1cc(NC(=O)Nc2ccc(Oc3ccnc(Nc4ccccc4)n3)c3ccccc23)n(-c2ccc(O)cc2)n1,6.762,9,6.613176499999998,65
O=S(=O)(c1cncc2ccccc12)N1CC[C@@H]1CCN1CCN(c2nsc3ccccc23)CC1,7.62,2,8.237300011904768,1806
O=C(N[C@H]1CC[C@H](CCN2CCN(c3nccc4c3CCO4)CC2)CC1)c1ccc(N2CCCCC2)cc1,7.72,1,7.739975716329968,1807
OC1(c2ccc(Cl)c(C(F)(F)F)c2)CCN(CCCCCc2ccc(F)cc2)CC1,6.051,9,6.835193683862434,1808
COc1cc2c(cc1OC)-c1c(OC)c(OCC3CC3)cc3c1[C@H](C2)N(C)CC3,6.62,8,6.46619024867725,1809
Cc1cc2c(cc1Cl)N(C(=O)Nc1ccc(OCc3ccncc3)nc1)CC2,7.101,5,6.940908531746032,1810
[C]c1ccc([C])c([C]Oc2ccc([C]=NN=C([N])[N])cc2)c1,6.245,5,6.310417824074074,1136
CNCc1cc(OCc2cc(Cl)ccc2F)n(CC(C)(C)C)n1,8.12,5,8.311402324074084,357
COc1cc(CCNCc2cccc3nc[nH]c23)c(OC)cc1Br,8.11,4,7.971101785714286,1811
COc1c(OCCOCCOCCOCCOCCOCCOc2ccc(C3CCN(c4ccn5c(CC6CC6)nnc5c4Cl)CC3)cc2)cccc1C(=O)C1CCN(CCc2ccc(F)cc2)CC1,6.785,3,6.729062566137576,1812
CCC(C)N(CCc1c[nH]c2ccc(F)cc12)C1CC1,6.47,9,6.338733977513223,805
COc1ccccc1N1CCN(C/C=C/CNC(=O)c2ccc(-c3ccccn3)cc2)CC1,7.122,4,6.769567468253972,941
O=S(=O)(N[C@H]1CC[C@@H](CCN2CCN(c3nsc4ccccc34)CC2)CC1)c1cccs1,9.411000000000001,9,8.887934259259257,790
CCN(CCCN1CCN(c2noc3cc(F)ccc23)CC1)S(=O)(=O)C(C)CO,8.96,4,7.4869334417989455,1784
O=C(CC1CC1)N[C@H]1CC[C@H](CCN2CCN(c3cccc4c3OCO4)CC2)CC1,7.91,1,7.704828145502645,1813
CCCCc1cc2c(c(C(F)(F)F)c1)C(=O)N1CCNC[C@@H]21,6.201,9,6.324870810846562,185
COc1ccc(CCCN(CCc2ccc(OC)c(OC)c2)CCc2ccc3c(c2)OCO3)cc1,6.57,10,6.848713783068788,47
CNC(=O)c1ccc2c(c1)CCO[C@@H]2CCN1CCN(c2ccc(OC)cc2)CC1,6.505000000000001,2,6.733762195767195,923
CNC(C)c1ccc(OC)cc1Oc1ccc(Cl)c(Cl)c1,7.06,5,6.869878988095237,7
CCc1nc2c(N3CCNCC3)ccnc2n1Cc1cccc(Cl)c1,6.35,7,6.952844436507938,1454
CC(=O)OC12C=C(C)C(C(C)C1)C1C(=O)N(OCCCN3CCN(c4cccc(Cl)c4)CC3)C(=O)C12,6.42,8,6.574869347883592,206
Cc1[nH]c(-c2ccccc2)c(C)c1C(=O)NCCCN1CCN(c2cccc(Cl)c2Cl)CC1,7.409,8,7.585436067460314,13
c1ccc2c(CCN3CCC3)c[nH]c2c1,7.043,4,6.781460003968249,1480
COc1ccccc1N1CCN(CCCNC(=O)NN(Cc2ccc(F)cc2)c2ccccc2)CC1,6.89,4,7.619866313492068,1553
Cc1cccc(N2CCN(CC(O)CNC(=O)c3nc(-c4ccccc4)n(-c4ccccc4)c3C)CC2)c1C,7.231,2,6.764666846560844,442
COc1ccc(NC(=O)Nc2ccc(Cl)cc2)cc1-c1c(Br)cnn1C(C)C,9.1,9,6.915486894078147,104
CCCc1cc(OC)c(CC(C)N)cc1OC,9.046,2,7.4689530975829745,188
O=C1c2ccc(Cl)cc2CC1CCN1CCc2ccccc2C1,6.115,8,6.553991642857142,1814
O=C(N[C@H]1CC[C@H](CCN2CCC(c3cccc4c3OCO4)CC2)CC1)C(O)C(F)(F)F,7.71,3,7.748487015211638,63
CN1CCN2c3ccccc3Cc3ccccc3[C@H]2C1,8.52,9,7.385288369047621,1815
O=S(=O)(CC1CCN(CCCc2noc3cc(F)ccc23)C1)c1cccc(Cl)c1,8.36,5,8.60706670105821,373
COc1ccc2oc(C(=O)N[C@H]3CC[C@H](CCN4CCN(c5nsc6ccccc56)CC4)CC3)cc2c1,8.95,5,8.703338118386249,20
COc1ccc(N2CC=C(c3ccc(F)cc3)C2=O)cc1OCCN1CCCCC1,6.4,1,6.379436142857142,759
O=C(O)C1CCN(C2CCC3(Cc4ccccc4Oc4ccccc43)C2)CC1,6.5,2,7.107554996031744,491
CCCOc1ccc2occc2c1[C@H]1C[C@@H]1CN,6.41,8,6.696024968253971,1126
O=C1N[C@H]2CNC[C@@H]2c2ccc(Cl)c(Cl)c21,6.954,7,6.635065496031745,34
Cc1nc2n(c(=O)c1CCN1CCC(c3noc4cc(F)ccc34)CC1)CCCC2Cl,7.67,5,8.494419693121696,286
Fc1ccc(-c2nc(Cc3ccccc3)nc3c2CCNCC3)cc1,9.22,9,7.716340546296298,497
NCC(c1ccccc1)c1ccc(Br)cc1,7.52,3,6.494184314814818,775
O=C(NCCCCN1CCN(c2ccccn2)CC1)c1n[nH]c2ccccc12,6.4,8,6.630631876984129,1816
CN(C)c1ccc2on(C[C@@H]3C[C@H]4c5ccccc5Oc5ccc(Br)cc5[C@H]4O3)c2c1,7.021,7,6.684774166666668,1072
Cc1c(O)ccc2cnn(C[C@H](C)N)c12,8.74,4,7.157527146825402,136
Cc1cc2c(cc1Cl)N(C(=O)Nc1cccnc1)CC2,6.8,7,6.5014303399470865,440
CCCCOc1ccc(COC(=O)N(Cc2ccc(F)cc2F)C2CCN(C)CC2)cc1,8.9,7,7.893984904761905,76
O=C1N[C@@H]2[C@@H](CS[C@@H]2CCCCCN2CCN(c3cccc4sccc34)CC2)N1,7.779,5,7.607443158068789,1817
O=C(N[C@H]1CC[C@H](CCN2CCN(c3nsc4ccccc34)CC2)CC1)N1CCOCC1,8.49,3,9.05493733465609,1818
O=C(Nc1n[nH]cc1Br)N1CCN(CCc2ccc(F)cc2)CC1,7.06,2,7.304098543650792,1819
Cc1cccc(S(=O)(=O)NCCCCN2CCN(c3noc4ccccc34)CC2)c1,7.58,9,7.539185505291005,1647
OC(c1ccc(F)cc1)C1CCN(CCc2ccccc2I)CC1,9.04,6,7.201909291005287,11
COC(CN1CCN(c2cccc3sccc23)CC1)c1cccc2c1OCC(=O)N2,7.77,10,6.964927567460315,1820
COc1ccc(N2CCN(CCCCCCN3C(=O)c4cccc5cccc(c45)C3=O)CC2)cc1,4.22,3,6.641092605820105,1169
CCC(C)C(=O)N[C@H]1CC[C@H](CCN2CCC(c3coc4ccccc34)CC2)CC1,8.182,5,8.288957904761906,182
CCCNC(C)Cc1cc(OC)c(Br)cc1OC,7.05,2,7.000836588624344,188
Cc1noc(C)c1-c1cc(NC(=O)C2CC2)ccc1OC1CN(C)C1,7.336,7,7.345599768518518,864
Cc1c(C(=O)NCCCN2CCN(c3cccc(Cl)c3Cl)CC2)cc(-c2ccccc2)n1CC(C)C,6.39,8,6.911810095238099,13
O=C(N[C@H]1CC[C@H](CCN2CCN(c3cccc4c3OCO4)CC2)CC1)c1ccc2c(c1)OCCO2,7.971,8,7.527347329365078,1821
Cc1n[nH]c(C)c1S(=O)(=O)N1CC/C(=C(\C#N)c2ccc(Cl)cc2)C(C)C1,6.328,5,6.48387520502645,804
CCC(CC)NC(=O)[C@@H]1C=C2c3cccc4[nH]cc(c34)C[C@H]2NC1,9.328,2,6.752769365079365,53
Cc1n[nH]c(C)c1S(=O)(=O)N1CCC(=C(C#N)c2ccc(Cl)cc2F)CC1,6.745,5,6.6557242420634894,804
Cc1noc(C)c1-c1cc(NC(=O)c2ccnn2C)ccc1OC[C@H]1CCCCN1,8.375,9,7.995783051587302,720
Fc1ccc2c(C3CCN(CCCOc4ccc(CN5CCCCC5)cc4)CC3)noc2c1,8.291,8,8.015755261904767,608
COc1cc(OC)c(C(=O)CCCCN2CCC3(CC2)NC(=O)NC3=O)cc1NS(=O)(=O)c1ccc(Cl)cc1,6.1,7,6.825563085978837,803
O=C1NCc2ccc(OCCCN3CCN(c4cccc5ccc(F)cc45)CC3)cc21,8.471,10,8.14501601984127,135
C[C@H]1C[C@H](NS(=O)(=O)c2cc3ccc(F)cc3s2)CN1CCCc1noc2cc(F)ccc12,9.19,3,8.48451372330448,833
CCCN(CCC)CCc1cccc2c1CC(=O)N2,6.85,6,6.539009749999999,1822
Cc1ncnc(C)c1-c1cc(NC(=O)Cc2cncc(F)c2)ccc1OCCN1CCCC1,7.476,5,7.922166802910053,1823
O=C1c2ncoc2CCN1CCN1CCC(c2noc3ccccc23)CC1,7.29,7,8.252911042328037,695
COc1ccccc1N1CCN(CCc2cn(-c3ccn4ncc(C=O)c4c3)nn2)CC1,7.05,7,6.409238088624342,441
CN(C)C(=O)N[C@H]1CC[C@H](CCN2CCN(c3cccc4c3OCO4)CC2)CC1,7.34,5,7.602859353174602,5
Clc1c2n(c3ccccc13)CCNCC2,8.19,10,7.30247346236172,538
O=C1c2ccccc2CCCN1CCCCN1CCN(c2cccc(Cl)c2Cl)CC1,7.995,4,6.768203738095234,1824
O=S1(=O)CCN2CCNCc3ccc(Cl)c1c32,4.301,2,4.653344095238091,1825
COc1cc2c(cc1C(F)(F)F)N(C(=O)Nc1cncc(-c3ccncc3)c1)CC2,7.2,1,6.917822380952383,1826
Cc1ccc([C@H]2C[C@@H]2CN)c(Br)c1,6.331,8,6.765341510461764,70
CN1CCC(N(Cc2ccc(F)cn2)C(=O)NCc2ccc3c(c2)CCC(C)(C)O3)CC1,7.285,10,8.105114334656083,1827
O=C(C[C@@H]1CCCOC1)N[C@H]1CC[C@H](CCN2CCN(c3cccc4c3OCO4)CC2)CC1,7.595000000000001,6,7.664919734126985,1828
Clc1ccc2[nH]c3c(c2c1)CCNC3c1cc2ccccc2s1,6.821,5,7.037377177248677,1829
O=C1c2ncccc2CCN1CCN1CCC(c2noc3ccccc23)CC1,8.358,3,8.313534617724862,226
Cc1cccc2[nH]cc(C3=CCCNC3)c12,7.79,8,6.894126603174602,553
COc1cc(OC)c(-c2ccccc2)cc1C(=O)CCCCN1CCC2(CC1)NC(=O)NC2=O,6.4,4,6.791094943121694,1034
CN(C)S(=O)(=O)N[C@H]1CC[C@H](CCN2CCN(c3nccc4occc34)CC2)CC1,8.28,9,7.93055931481482,83
CN1CCC(N(Cc2ccc(F)cn2)C(=O)NCc2ccc(OC(F)(F)C(F)(F)F)cc2)CC1,7.74,7,7.90484060917786,223
CCN(c1cccc(N2CCN(C)CC2)c1)S(=O)(=O)c1ccc2ccccc2c1,6.66,6,7.05320668253968,1830
CCCc1nc(C(=O)NCCCN2CCN(c3cccc(Cl)c3C)CC2)cn1-c1ccc(Cl)cc1,7.699,3,7.206940095238086,103
Cc1c(C(=O)NCCCN2CCN(c3cccc(Cl)c3Cl)CC2)nc(-c2ccccc2)n1-c1ccccc1,7.849,2,7.32125653174603,442
CC(C)[C@H]1C(=O)N2CCC[C@H]2[C@]2(O)O[C@](NC(=O)[C@@H]3C=C4c5cccc6[nH]cc(c56)C[C@H]4N(C)C3)(C(C)C)C(=O)N12,7.825,7,7.841129453703706,1475
O=C1[C@@H]2[C@H]3CC[C@H](C3)[C@@H]2C(=O)N1CCCCCCN1CCN(c2nsc3ccccc23)CC1,8.399,3,7.994729617063491,1831
CNCc1cc(OCc2cc(F)c(F)cc2F)n(CC2CCCC2)n1,8.888,1,8.779752842592593,274
O=S(=O)(N[C@H]1CC[C@@H](CCN2CCN(c3nsc4ccccc34)CC2)CC1)c1ccc[nH]1,8.998,2,8.966674333333332,1832
Cn1ncc2c1CCCC(CCN1CCN(c3nsc4ccccc34)CC1)C2=O,9.33,10,8.516731123015875,1833
Cc1nc2c(o1)CC(CN1CC=C(c3c[nH]c4cc(F)ccc34)CC1)CC2=O,7.1,7,7.8142764894179955,1834
Clc1ccc(-c2nn(Cc3ccccc3)c3c2CCNCC3)cc1,7.0,6,7.572541615560368,1835
Fc1ccc(N2CCN(CCC3OCCc4ccccc43)CC2)cc1,8.238,2,6.9924380383597935,923
CNCc1cc(OCc2cc(F)ccc2F)n(C(C)C2CCCCC2)n1,8.74,6,8.421326641534387,94
C[C@@H]1CNC[C@H]2Cc3ccc(CO)nc3N21,6.03,2,5.519059726190476,153
COc1ccc(NC(=O)Nc2ccc(F)cc2F)cc1-c1c(Cl)cnn1C,9.1,9,7.7774089880952415,104
COc1cc(Br)c(OC)c(CCNCc2cccc(F)c2)c1,8.57,10,7.358493902116402,117
CCN(CCN1CCC(c2noc3cc(F)ccc23)CC1)C(=O)C(O)CCC(=O)OC,9.22,4,8.270680797619052,32
CCCCOc1ccc(CN(Cc2coc(C)n2)C2=NOC3(CCN(C)CC3)N2)cc1F,6.153,3,7.558068460317465,648
O=C(Nc1cccc([N+](=O)[O-])c1)N[C@H]1CC[C@H](CCN2CCN(c3nsc4ccccc34)CC2)CC1,8.3,5,8.723245259259262,527
COc1cc([C@@H]2CCCNC2)c(OC)cc1Br,6.612500000000001,7,7.382738968253963,113
O=[N+]([O-])c1ccccc1N1CCN(CCCCCCN2c3cccc4cccc(c34)S2(=O)=O)CC1,6.272,10,7.029052439153436,45
O=c1ccc(N2CCNCC2)nn1CCOc1ccccc1Cl,6.593,2,5.805038711640213,334
CCCn1c(C)nc(C(=O)NCC(O)CN2CCN(c3cccc(Cl)c3C)CC2)c1C,6.32,1,6.65895362169312,1836
Cc1c2c(nn1C)CCN(CCN1CCN(c3nsc4ccccc34)CC1)C2=O,9.822,10,8.622268756613758,765
COc1ccccc1N1CCN(CCCNC(=O)c2cc3ccccn3n2)CC1,6.25,4,6.441373999084253,1837
COc1ccccc1N1CCN(CC2CC(=O)c3ccccc3C2)CC1,6.29,10,6.457912687830688,1311
C(#Cc1ccccc1)COC1CCN(CCc2ccccc2)CC1,7.143,3,7.38525492328043,1838
CC(C)COc1ccc(CN(Cc2ccn(C)n2)C(=O)OC2CCN(C)CC2)cc1,7.26,2,7.845191632275138,1839
O=C1c2cc(Cl)ccc2C[C@@H]2CNCCN12,7.055,10,6.435818645502654,149
Cc1cccc(-c2c(O)c(O)cc3c2CCN(C)CC3c2cccc(C)c2)c1,6.919,10,7.234887898148149,1840
O=S(=O)(c1cncc2ccccc12)N1CCCCC[C@H]1CCN1CCN(c2cccc3sccc23)CC1,7.539,9,7.3794242685185205,1841
CC[C@@H](CO)NC(=O)[C@@H]1C=C2c3cccc4[nH]cc(c34)C[C@H]2N(C)C1,8.865,2,6.973927277777772,53
CCNCCc1ccc(Cl)c(-c2ccccc2OC)c1,6.28,9,6.923867535714288,202
O=C1c2ccc(C(F)(F)F)cc2C[C@@H]2CNCCN12,6.1,10,6.8107988042328085,149
Cc1ccc(C(=O)N[C@H]2CC[C@H](CCN3CCN(c4nccc5c4CCO5)CC3)CC2)cn1,7.81,8,7.894155232804228,1842
CCNCCc1c[nH]c2ccc(OC)cc12,7.085,1,7.304477234126983,89
[2H]C([2H])([2H])c1cc(OC)c(CCN)cc1OC,8.0,2,7.169607707671955,188
O=C(/C=C/c1ccccc1)N(Cc1ccc(-c2ccc(CNCCc3ccccc3)cc2)cc1)Cc1cccnc1,6.1,7,7.350432919312169,1843
COc1cc([S+]([O-])C(F)F)c(OC)cc1CCN,7.567,2,7.095001908730159,188
Clc1ccc(N2CCCN(CCCCc3nc4ccccc4s3)CC2)cc1,6.799,4,6.603216694444444,1844
CC(CN)c1c[nH]c2ccccc12,7.39,1,6.750813757936507,89
O=S(=O)(NCCCN1CCN(c2cccc(Cl)c2Cl)CC1)c1ccc2ncccc2c1,7.189,3,7.4265382976190475,1845
O=S(=O)(c1cccc2ncccc12)N1CCCC[C@@H]1CCN1CCN(c2cccc3sccc23)CC1,7.458,1,7.317266304232799,1846
Cc1c(C(=O)NCCCN2CCN(c3cccc(Cl)c3)CC2)cc(-c2ccccc2)n1C,7.04,8,7.052602682539686,13
Clc1ccc2c(c1)N1CCNCC1C2,7.5,7,6.776406363756613,3
O=C(CCO)N[C@H]1CC[C@H](CCN2CCN(c3nccc4occc34)CC2)CC1,7.989,9,8.109772600529107,83
O=C1c2ccccc2S(=O)(=O)N1CCCCCCN1CCN(c2cccc(Cl)c2)CC1,6.441,2,6.7504248650793635,143
Fc1ccc(-c2nc(C3CC3)nc3c2CNCC3)cc1,7.399,10,7.65769578968254,1847
CCN(CC)CC1CC2c3ccccc3Cc3ccccc3N2O1,7.368,8,7.275027428571426,303
O=C(O)C1(F)CCCN(C2CC[C@]3(Cc4ccccc4Cc4ccccc43)C2)C1,7.1,2,7.0707365687830706,737
CC(N)Cn1ccc2cc(Br)ccc21,6.801,1,7.015159619047616,89
CCCCc1ccc(S(=O)(=O)Nc2ccc3c(c2)CN(C)C3)cc1,8.3,9,7.331425447089952,1848
Cc1nc2ccccn2c(=O)c1CCN1CCN(c2cccc3sccc23)CC1,8.04,9,7.4192084351851815,1849
O=C(CCCN1C2CCC1CN(c1ccc(Cl)cn1)C2)c1ccc(F)cc1,7.29,7,7.473753923280422,1850
CC(C)(C)C1CCC(C(=O)N[C@H]2CC[C@H](CCN3CCC(c4coc5ccccc45)CC3)CC2)CC1,8.22,7,8.172036617724869,767
Cc1ccc(CN2CC[C@H](NC(=O)c3cccc(-c4cccs4)c3)C2)cc1,6.21,9,7.572691051587303,162
COc1ccccc1N1CCN(CCC2CCc3ccc([N+](=O)[O-])cc3C2=O)CC1,6.1,1,6.548520119047617,1720
Cc1[nH]c(-c2ccccc2)c(C)c1C(=O)NCCN1CCN(c2cccc(Cl)c2Cl)CC1,7.43,6,7.279276554232803,762
O=C(Cc1ccc2c(c1)OCO2)N[C@H]1CC[C@H](CCN2CCN(c3cccc4c3OCO4)CC2)CC1,7.29,6,7.568282519841267,1851
CN(C)/C=N/N=C/c1cn(S(=O)(=O)c2ccc(F)cc2)c2cccc([N+](=O)[O-])c12,6.152,1,6.299715933862434,418
O=C1C2CCCCC2C(=O)N1CCCCN1CCN(c2cccc3sccc23)CC1,7.469,2,8.027280636243388,990
O=C1c2cccc3cccc(c23)N1CCCCCCN1CCN(c2ccc(Cl)cc2)CC1,6.372,5,6.579381335978837,350
CC(N)Cc1ccc2ccccc2c1,6.33,5,6.648976179894185,669
Cc1nc(-c2ccc(-c3ccc(C(=O)Nc4cc5c(c(OCCN(C)C)c4)OCC5)cc3)c(C)c2)no1,7.3,4,7.198477117724863,1852
O=C(CCC(F)(F)F)N[C@H]1CC[C@H](CCN2CCC(c3coc4ccccc34)CC2)CC1,7.83,5,8.211517354497353,182
[2H]C([2H])(N)Cc1cc(OC)c(SC)cc1OC,6.447,2,6.506513186507931,188
COc1cc(SC)c(OC)cc1CCN,6.529,2,7.386358123015871,188
[2H]C([2H])([2H])Oc1cc(SC)c(OC([2H])([2H])[2H])cc1CCN,6.759,2,7.221426039682537,188
CCCn1c(-c2ccccc2)cc(C(=O)NCCCCN2CCN(c3cccc(C)c3C)CC2)c1C,6.101,9,6.642029865079362,560
O=S(=O)(c1ccc(-n2cccn2)cc1)C1(F)CCN(CCc2ccc(F)cc2F)CC1,8.7,3,8.912341130952377,1853
COc1cccc(C(=O)Nc2ccc(OCCN3CCN(C(N)=O)CC3)c(-c3ccnn3C)c2)c1,8.29,8,7.863512297619043,262
C1=C(c2n[nH]c3ccccc23)CNCC1,6.49,10,6.218615444444439,649
Cc1ncccc1Oc1ccc(NC(=O)N2CCc3cc(Br)c(C(F)(F)F)cc32)cn1,6.9,7,6.181163489417986,52
O=C1Nc2ccccc2C12CCN(CCN1CCN(c3ccc(Cl)cc3)CC1)C2,7.169,4,6.465054209235211,655
Cc1[nH]c2ccc(F)cc2c1C1=CCNCC1,6.02,6,6.694126171957676,232
N#Cc1ccc(CCOC(=O)N2CCN(CCCc3ccccc3)CC2)cc1,6.069,9,6.919478871693119,653
Fc1ccc(OCCCN2CCc3ccccc3C2)cc1,6.49,1,6.826401869047615,1854
O=C(OCc1ccccc1)N1CCc2ccc(N3CCN(C4CCCC4)CC3)cc2C1,6.529,9,6.850536453703706,1855
Cn1nccc1-c1cc(NC(=O)c2cccc(C(F)(F)F)c2)ccc1OCCN1CCNC(=O)C1,6.54,2,8.504643039682543,333
O=C(N[C@H]1CC[C@H](CCN2CCC(c3ccc(F)c4occc34)CC2)CC1)C1CCOCC1,7.94,7,7.711622599206353,1282
Cc1nc2c(o1)CC(CN1CCC(c3noc4cc(F)ccc34)CC1)CC2=O,7.7,5,7.957354866402117,1856
S=C(NCCCc1c[nH]cn1)NCCCN(Cc1ccc(Cl)c(Cl)c1)c1ccc(Br)cn1,6.69,4,7.087766408730158,1857
O=C1c2cnccc2CCN1CCN1CCN(c2nsc3ccccc23)CC1,8.43,1,8.952643928571428,233
CNC(=O)c1cc(OCCCCN2CCN(c3cccc(Cl)c3Cl)CC2)cc(C(C)=O)c1,6.308,2,7.177565650793654,471
CNCc1cc(Cl)ccc1Oc1ccc(C)c(C)c1,7.29,5,6.900421931216931,7
OCCOCCN1CCN(C2=Nc3ccccc3Sc3ccccc32)CC1,7.214,1,7.077367075396817,1858
CC(=O)N[C@H]1CC[C@H](CCN2CCC(c3cccc4c3OCO4)CC2)CC1,7.62,3,7.59660153306878,63
c1cc2nc3c(c(N4CCCCC4)n2n1)CCNCC3,6.23,10,6.5101470820105805,1859
CN1CCc2cccc3c2C1Cc1ccc(N)cc1-3,6.171,9,6.214699658730165,81
Fc1ccc(CCCCN2CCN(c3cccnc3)CC2)cc1,6.493,8,7.2261894491342025,1860
Nc1nc(NCCc2c[nH]c3ccccc23)nc(NCCN2CCN(c3ccccc3)CC2)n1,7.17,7,6.376142892857144,1861
CCCc1nc(C(=O)NCC(O)CN2CCN(c3cccc(Cl)c3C)CC2)c(C)n1-c1ccccc1,6.7,3,7.067127825396828,103
CN1CCN(CC2C[C@@H]3c4ccccc4Cc4ccccc4[C@H]3O2)CC1,6.362,3,7.193360097222227,1862
O=S(=O)(NCCCCCCN1CCN(c2nsc3ccccc23)CC1)c1ccc2ccccc2c1,7.36,6,7.717841796296305,1863
O=C(CCCCN1CCN(c2ccc(Cl)cc2)CC1)c1nc2ccccc2s1,6.28,3,6.1686929563492106,1204
COc1ccc(Cl)cc1-c1cc(Cl)cc2c1N1CCNCCC1C2,6.12,7,6.565512893578646,465
Cc1ncnc(C)c1-c1cc(NC(=O)c2ccc(F)cc2)ccc1OCCN1CCC1,8.767,8,8.177923092592593,671
COc1cc2c3c(c1OC1CC1)-c1cc(N)ccc1CC3N(C)CC2,6.959,4,6.454889666426167,1864
O=C(c1cccn2ccnc12)N1CCN(CCc2ccc(F)cc2F)CC1,8.798,3,8.594553531265026,367
COc1ccc2c(n1)C(=O)N(CCN1CCN(c3noc4ccccc34)CC1)CC2,7.02,9,7.867818579365086,869
FC(F)(F)c1ccc(OCc2ccccc2)c(OC2CNC2)c1,7.174,3,7.556224555555551,74
Cn1nccc1-c1cc(NC(=O)c2cccc(C(F)(F)F)c2)ccc1OCCN1CCC(F)(F)C1,7.92,3,8.664757879731376,37
CCCc1c(C(=O)NCCCCN2CCN(c3ccccc3OC)CC2)nnn1Cc1ccccc1,6.96,6,6.863985181216926,8
COc1ccc(F)cc1C1CC1CNC1(c2ccccc2OC)CC1,6.18,3,7.055243876984127,1865
Cn1nccc1-c1cc(NC(=O)Nc2ccc(Cl)cc2)ccc1OCCN1CCSCC1,9.24,2,9.351707461640212,1866
Cc1nn(C)c2c1C(=O)N(CCN1CCC(c3noc4ccccc34)CC1)CCC2,8.799,3,8.709168092083834,1106
CC(C)COc1ccc(CN(Cc2ccn(C)n2)C(=O)N[C@@H]2C[C@H]3CC[C@@H](C2)N3C)cc1,7.26,9,7.476669273809528,1867
c1ccc(CCCNCC2c3ccccc3Cc3ccccc32)cc1,6.65,8,6.85564167905243,1868
CCCCSc1c(OC)cc(CCNCc2ccccc2OC)cc1OC,8.747,10,7.449722833333333,117
O=C(c1cc2ccccn2n1)N1CCN(CCc2ccc(F)cc2F)CC1,8.24,7,8.601434569985573,353
O=S(=O)(c1cccc2ncccc12)N1CCC(CCN2CCN(c3ccc(Cl)c(Cl)c3)CC2)CC1,6.47,7,6.729363960317463,42
Cc1cc2c(OCC(CNC(C)(C)C)OC(=O)c3ccccc3)cccc2[nH]1,6.07,7,6.935352876984128,1869
COc1ccccc1N1CCN(C/C=C/CNC(=O)c2ccc3c(c2)Cc2ccccc2-3)CC1,7.181,1,6.535841900793649,1870
COc1ccc2c(c1OC)C[C@@H]1c3c(cc4c(c3-2)OCO4)CCN1C,6.25,5,6.575374972222222,1871
CN(C)C(=O)N[C@H]1CC[C@H](CCN2CCN(c3nccc4c3CCO4)CC2)CC1,7.541,10,7.7206393849206325,12
Cc1c(S(=O)(=O)NCCCN2CCN(c3nsc4ccccc34)CC2)sc2ccc(F)cc12,7.85,1,8.257367082010589,1187
COc1cccc2[nH]cc(C3=CCCNC3)c12,7.296,8,6.907690620370366,553
CN1CCN(C(c2ccccc2)c2ccccc2)CC1,6.92,6,6.974369478174603,1872
COc1ccc(CCCN2CCC(CCC(=O)c3cc(Cl)c(N)c4c3OCCO4)CC2)cc1OC,6.3,4,6.881165628306879,1873
Cc1cccc(N2CCN(CCCCNC(=O)c3cc4ccccc4cn3)CC2)c1,7.82,9,7.320847663059159,69
CC(C)c1ccc(Nc2nc(N3CCNCC3)nc3ccccc23)cc1,7.378,8,6.747741722222224,212
O=C1c2cnc(C(F)(F)F)cc2CCN1CCN1CCN(c2nsc3ccccc23)CC1,8.588,1,8.809945087301598,233
CC1CNCCc2cc(O)c(Br)cc21,7.2,3,6.734034565295819,40
O=C1c2cccc3cccc(c23)N1CCCCCCN1CCN(c2ccccc2Cl)CC1,6.27,5,6.531634295634922,350
Cc1cc2c(cc1Br)N(C(=O)Nc1ccc(Oc3cccnc3C)nc1)CC2,6.8,7,6.475433185185184,52
CNC(=O)c1cc(OCCCCN2CCN(c3nsc4ccccc34)CC2)ccc1F,7.46,2,7.240832865079363,513
COc1cc2c(cc1OC(C)C)C[C@H]1c3c(cc(OC)c(OC)c3-2)CCN1C,6.12,9,6.7956116944444425,81
O=C1NCc2ccc(OCCCN3CCN(c4cccc5cccc(F)c45)CC3)c(Cl)c21,8.45,10,8.704838591269837,135
CC(C)COc1ccc(COC(=O)N(Cc2ccc(F)cc2O)C2CCN(C)CC2)cc1,7.801,7,7.892369603655601,76
CNC(=O)c1cc(OCCCCN2CCC(c3noc4cc(F)ccc34)CC2)ccn1,6.609,5,7.217383124338629,530
O=C(NCc1ccc(OCC(O)CN2CCN(c3noc4cc(F)ccc34)CC2)cc1)N(Cc1ccc(F)cc1F)C1CCNCC1,7.329,1,7.588548023809518,686
Cc1noc(C)c1-c1cc(NC(=O)C2CC2)ccc1OCCN1CCC2(CCOC2=O)CC1,7.171,3,7.714214749999992,1874
C1=C(CCN2CCc3ccccc3C2)CCc2ccccc21,6.01,2,7.391346508597887,1875
O=C(NC[C@H]1CC[C@H](CN2CCN(c3nsc4ccccc34)CC2)CC1)c1ccco1,7.8,9,8.490511539682535,1465
CCN(CCN1CCC(n2ncc3cc(F)ccc32)CC1)S(=O)(=O)C(C)CO,8.822,3,7.4439177068302085,332
COc1cc2c(cc1OCc1ccc(Br)cc1)C[C@H]1c3c(cc(OC)c(OC)c3-2)CCN1C,6.379,1,6.774011246031745,1876
COc1ccc2c(c1)c(-c1cnc(N)[nH]1)cn2S(=O)(=O)c1ccccc1,6.1,10,5.285533242572241,48
CCOc1ccccc1N1CCN(CCCCNC(=O)c2n[nH]c3ccccc23)CC1,6.499,9,6.694037055555556,105
COc1cc(SCC(F)(F)C(F)F)c(OC)cc1CCN,7.444,2,7.104212369708998,188
c1ncc2c(c1CC1CCCCC1)CC[C@@H]1CNCCN21,6.97,1,7.108543383718135,1877
COc1ccc2c(c1)CCC1(CCN(CCN3CCNC3=O)CC1)O2,6.01,10,6.968308329365079,1878
CN1CCN(c2ccc(O)c3[nH]c(=O)ccc23)CC1,4.699,2,5.532139591269841,510
CCCn1c(C)nc(C(=O)NCC(O)CN2CCN(c3cccc(C)c3C)CC2)c1C,6.078,1,6.627345752645497,1836
CCCn1c(-c2ccc(Cl)cc2)cc(C(=O)NCCCN2CCN(c3cccc(C)c3C)CC2)c1C,6.718,8,6.768267285714286,13
C[C@@H](C(O)c1ccc(O)cc1)N1CCC(Cc2ccccc2)CC1,6.38,6,6.961592035714281,11
O=S(=O)(NCCCN1CCN(c2noc3ccccc23)CC1)c1cc2ccc(Cl)cc2s1,7.2,2,7.42674846873497,495
COc1ccccc1N1CCN(c2nc(N)nc(NCCc3c[nH]c4ccccc34)n2)CC1,4.56,1,6.207405375661378,1879
Clc1c(Br)ccc2c1CCNCC2,8.0,3,6.932103123015874,40
Cc1cccc(OCCOCCN2CCN(CCc3ccccc3)CC2)c1C,6.284,7,6.772769947089947,1880
CC(C)COc1ccc(CC(=O)N(Cc2ccc(Cl)cc2F)C2CCN(C)CC2)cc1,7.3,6,7.973258853174605,128
O=S(=O)(c1ccc(Cl)cc1)N(CCCN1CCC(c2noc3cc(F)ccc23)CC1)C1COC1,7.458,3,8.13328205952381,385
NC(=O)c1ccc(S(=O)(=O)c2ccc(/C=C/c3ccc(F)cc3F)cc2)cc1,9.19,9,7.564884115079367,389
O=S(=O)(NCCCCN1CCN(c2cccc(Cl)c2Cl)CC1)c1cnc2ccccc2c1,7.469,8,7.453231432539681,1881
C[C@@H]1CCC[C@H](C)N1CCOc1ccc(NC(=O)Nc2ccc(Cl)cc2)cc1-c1ccnn1C,7.79,9,8.339072597883602,93
O=C(NCc1ccc(OCC(O)CN2CCC(C3c4ccc(Cl)cc4CCc4cccnc43)CC2)cc1)N(Cc1ccc(F)cc1)C1CCNCC1,6.088,4,6.845949670634921,1882
Cc1nc2n(c(=O)c1CCN1CCN(c3cccc4c3OC(F)(F)O4)CC1)CCCC2O,6.611,7,7.002979162698415,1142
Cc1c(C(=O)NCCCN2CCN(c3cccc(Cl)c3Cl)CC2)cc(-c2ccccn2)n1C,7.368,5,7.020081593915349,1533
Cc1cc(OCCCN2CCN(c3cccc(Cl)c3Cl)CC2)c2c(C)cc(=O)oc2c1,7.38,2,7.044677685185191,420
O=C1CCc2ccc(OCCCCN3CCN(c4ccc(O)c5c4OCCO5)CC3)cc2N1,6.798,3,6.39354185323473,1883
CCN(CC(F)(F)F)C(=O)[C@@H]1C=C2c3cccc4[nH]cc(c34)C[C@H]2N(C)C1,8.707,2,7.524715476190473,53
CN(C)CCO/N=C(/C=C/c1ccc(O)cc1)c1ccccc1F,8.921,1,7.5150372645502586,1884
Cc1nc2c(c(=O)n1CCN1CCC(C(=O)c3ccc(F)cc3)CC1)CCCC2,8.58,1,7.856773502886006,544
CCN(CCCN1CCC(c2noc3ccccc23)CC1)S(=O)(=O)C(C)CO,8.7,4,8.189890264550264,32
C[C@H](O)c1ccccc1S(=O)(=O)c1ccc(/C=C/c2ccc(F)cc2)cc1,9.9045,9,7.362484748677254,389
COc1ccccc1N1CCN(CCCON2C(=O)C3C4C(=O)CC(C)(CC4C)C3C2=O)CC1,6.198,9,6.32566373941799,293
Fc1ccc(CCCCN2CCN(c3ccc(-c4ccccc4)cn3)CC2)cc1,6.831,9,6.902463291005287,1885
CC(C)COc1ccc(CCOC(=O)N(Cc2ccc(F)cc2)[C@@H]2CCNC[C@@H]2F)cc1,7.2,6,8.190300674603161,1036
[3H]C([3H])([3H])N1C[C@H](C(=O)N(CC)CC)C=C2c3cccc4[nH]cc(c34)C[C@H]21,7.67,2,6.827253769841276,53
CCN(CC)C(=O)[C@@H]1C=C2c3cccc4[nH]cc(c34)C[C@H]2N(C)C1,8.078,2,6.983415277777782,53
CNCc1cc(OCc2ccc(F)cc2C)n(C(C)C2CCCCC2)n1,9.03,6,8.116369482804235,94
O=c1c2ncccc2ccn1CCN1CCN(c2nsc3ccccc23)CC1,8.781,5,8.893569367724858,1886
COc1ccc(N2CCC(c3ccc(Cl)c(Cl)c3)C2=O)cc1OCCN1CCC(C(C)C)CC1,6.4,1,6.547481510582012,724
NC1=Nc2ccc(Cl)c(Cl)c2CN1,6.36,2,6.476331203703707,1033
Cc1ccc(C(C)C)c(OCc2nc(N)nc(N3CCN(C)CC3)n2)c1,6.37,8,7.295816777777782,342
O=C(CC(F)(F)F)N[C@H]1CC[C@H](CCN2CCC(c3cccc4c3OCO4)CC2)CC1,7.741,3,7.648205666666669,63
COc1ccc(N2Cc3cc(Cl)c(C)c(Cl)c3C2=O)cc1OCCN1CCC(C)CC1,6.2,1,6.964747835978839,73
Cc1cc2c(cc1C(F)(F)F)N(C(=O)Nc1ccc(OCc3cnccn3)nc1)CC2,6.5,4,6.702150121693119,1887
Cc1ccc(-n2nc(C(C)(C)C)cc2NC(=O)Nc2ccc(Oc3ccnc(Nc4ccc(F)cc4)n3)c3ccccc23)cc1,6.674,9,6.7031105912698425,65
CNCCc1c[nH]c2cc(F)cc(O)c12,8.24,1,7.054115492063491,89
CCN(C)CCc1c(-c2cccc(F)c2)[nH]c2ccccc12,10.098,5,7.416266088624341,246
COc1ccc2c(c1)C(C)CNCC2,6.458,3,6.5220167367724855,40
CC(=O)N1CCC(c2ccccc2)c2cccc(CCN3CCN(c4nsc5ccccc45)CC3)c21,8.67,3,9.201733580687836,1888
COc1ccc(NC(=O)Nc2ccc(Cl)cc2)cc1-c1ccnn1C,8.9,9,7.686471301587302,104
O=C(O)C1(F)CCN(C2CC[C@]3(Cc4ccccc4Cc4ccccc43)C2)CC1,7.3,2,7.235454259259264,737
NCCc1c[nH]c2ccc(F)c(O)c12,8.39,1,6.887696505952375,89
c1ccc(-c2[nH]c3ccccc3c2C2CNCCO2)cc1,7.747,2,7.799011413780661,1889
C[C@H](N)Cn1ncc2ccc(O)c(Cl)c21,7.92,4,7.654259596560851,136
COc1ccc(Nc2nccc(Oc3ccc(NC(=O)Nc4cc(C(C)(C)C)nn4-c4ccc(C)cc4)c4ccccc34)n2)c(C)c1,6.821,9,7.000983595238102,65
C[C@@H](NCCCc1cccc(C(F)(F)F)c1)c1cccc2ccccc12,6.08,10,6.925656164021161,1890
Cc1c(CCN)c2cccc3c2n1CCC3,6.17,7,6.714332869047619,525
OC(c1ccc(F)cc1)C1CCN(CCCCc2ccccc2)CC1,6.9,8,7.693738293650793,1891
COc1ccccc1N1CCN(CCCC(=O)Nc2ccn3ncc(C#N)c3c2)CC1,6.42,5,6.593961079365078,885
NCC1CC1c1cc(Cl)c(F)cc1OCCF,6.185,8,6.789269523809523,70
COc1c(OCCOCCOCCOCCOCCOc2cccc(C(=O)C3CCN(CCc4ccc(F)cc4)CC3)c2OC)cccc1C(=O)C1CCN(CCc2ccc(F)cc2)CC1,7.526,7,6.986856059523811,1892
CCc1cc(OC)c(CCN)cc1OC,8.602,2,6.916723519841275,188
O=C(CCc1ccc(-c2ccc(Cl)cc2)cc1)Nc1ccc(CN2CCCCC2)cc1,6.86,5,6.8904312791005315,1893
CN(C1CCN(CCOc2ccccc2-c2ccccc2)CC1)S(=O)(=O)c1cnn(C)c1,7.24,4,7.018185731481481,1894
O=S(=O)(c1ccc(F)cc1)C1(F)CCN(CCc2ccc(F)cc2F)CC1,9.409,4,8.617056457671957,36
CCc1c(CC2CCCCC2)cnc2c1CC[C@@H]1CNCCN21,6.152,3,6.8714583584656115,1895
Cc1ccc2c(c1)Oc1cc(F)ccc1N=C2N1CCN(CC2(C(=O)O)CC2)CC1,7.66,4,7.5803447691798995,59
O=S(=O)(c1cncc2ccccc12)N1CCC(CCN2CCN(c3cccc(Cl)c3)CC2)CC1,6.8,1,6.7445030224867715,480
CC(C)COc1ccc(CNC(=O)N(Cc2ccc(F)cc2)C2CCN(C(=O)C[C@H](N)C(=O)O)CC2)cc1,7.46,2,7.036618923941795,19
COc1cccc(N2CCN(CCCCOc3c(C(C)=O)c(C)cc4oc(=O)cc(C)c34)CC2)c1,6.28,4,7.1923067923280435,1109
c1ccc2c(c1)CCc1ccccc1C21CCNC1,6.96,2,7.132701700396826,1896
O=C1c2sccc2CCN1CCN1CCC(c2noc3ccccc23)CC1,9.35,10,8.37071362830688,1897
Cc1ncnc(C)c1-c1cc(NC(=O)C2(O)CC2)ccc1OCCN1CCCC1,7.62,3,7.868776406084662,1341
O=C(c1ccc(N2CCN(Cc3ccccc3)CC2)cc1)C1CC1,7.42,9,6.59646748809524,1898
CSc1cc2c(cc1Br)N(C(=O)Nc1cccnc1)CC2,6.3,7,6.6056038604497305,440
Cc1ccc(-n2nc(C(C)(C)C)cc2NC(=O)Nc2ccc(Oc3ccnc(Nc4ccc(O)cc4)n3)c3ccccc23)cc1,6.785,9,6.657566527777778,65
CCCn1c(-c2ccccc2)cc(C(=O)N(C)CCCN2CCN(c3cccc(Cl)c3Cl)CC2)c1C,7.48,8,6.792928845238099,13
O=C(O)C1=CCN(C2CCC3(Cc4ccccc4Cc4ccccc43)C2)CC1,7.1,1,7.220263043650791,586
C[C@H](O)c1ccc2c(n1)N1[C@@H](CNC[C@H]1C)C2,6.41,2,6.456504275793653,153
COc1ccc(N2CCN(CCCN3CCN(c4ncccc4C#N)CC3)CC2)cc1,4.4,6,6.507042591269842,96
CC(C)(Cc1ccccc1)NC1=NCCN=C(c2ccccc2F)C1,8.42,8,7.978455697089947,1899
CN1CCc2ccc(NS(=O)(=O)c3ccc(-c4ccc(C#N)cc4)cc3)cc2CC1,6.1,6,6.878286525132273,444
CCOC(=O)Cc1nn(CNC(=O)CCN2CCN(c3cccc(C)c3C)CC2)c(=O)c2ccccc12,6.36,5,6.781562198412698,41
CC(C)(O)C(=O)N[C@H]1CC[C@H](CCN2CCC(c3coc4ccccc34)CC2)CC1,8.649,5,8.361193718253963,182
Cc1cc(OCCCCN2CCN(c3ccc(Cl)cc3)CC2)c2c(C)cc(=O)oc2c1,6.33,4,7.099670769841276,1109
O=S(=O)(c1cccc2cccnc12)N(CCCN1CCN(c2ccc(F)cc2)CC1)CC1CC1,8.08,8,7.504498095238097,306
O=C(CCCN1CC[C@H]2[C@@H](C1)c1cccc3c1N2CC3)c1ccc(F)cc1,8.539,7,8.546304471560852,1900
Cc1ncsc1C(=O)Nc1ccc(OC[C@H]2CCCCN2)c(-c2c(C)noc2C)c1,8.57,6,8.196882988095242,1058
O=C(CCCc1ccccc1)N1CCN(CCCC(c2ccc(F)cc2)c2ccc(F)cc2)CC1,6.02,6,7.4429147475949975,1901
CCCC(Oc1cc(Cl)cc(Cl)c1)c1nc(N)nc(N2CCN(C)CC2)n1,6.31,8,6.439138466931221,342
CC(=O)c1ccc2c(c1)oc(=O)n2CCCCN1CCN(c2ccc(F)cc2)CC1,6.5,2,7.145761679894175,1902
O=S1(=O)c2cccc3cccc(c23)N1CCCN1CCN(c2ccc(F)cc2)CC1,9.915,1,7.600748404761906,1903
COc1ccc2[nH]cc(CCNCc3ccc(-c4ccc(Cl)cc4)o3)c2c1,6.218,8,6.820487083333339,474
CCc1cc(Cl)c(OC)c(N2CCN(CC(O)CCNC(=O)c3cc4ccccc4o3)CC2)c1,7.368,1,6.736781886243392,101
COc1ccccc1N1CCN(CCCNC(=O)Nc2ccccc2-c2ccc(-c3ccccc3)cc2)CC1,6.798,10,6.576753773809523,1904
CCN(CCN1CCC(c2noc3ccccc23)CC1)C(=O)C(C)O,8.19,4,8.510142616402117,32
COc1cc(CCNC2CCOc3ccccc32)c(OC)cc1Br,6.85,6,7.590094617724868,1905
Clc1cccc(N2CCNCC2)c1,7.16,4,6.2476227619047595,396
CNCc1ccc(Cl)cc1Oc1ccc(Cl)c(F)c1,7.24,5,6.811696236772483,7
CNCc1cc(C(F)(F)F)ccc1Oc1ccc(C)cc1,7.46,5,7.2576693333333315,7
O=S(=O)(c1ccccc1)C1CCN(Cc2ccccc2)CC1,6.2,4,6.860319689153439,1906
CCC(Oc1cc(Cl)ccc1Cl)c1nc(N)nc(N2CCN(C)CC2)n1,6.319,8,6.534106555555553,342
CC1NCCN2CC(C)(C)c3cccc1c32,4.301,4,5.999707702380948,18
CNCc1cc(OCc2ccccc2)n(CC2CC3CCC2C3)n1,9.0,6,7.983127813492062,680
COc1ccccc1N1CCN(CCCCOc2ccc3ccnn3c2)CC1,6.679,4,6.725775129629625,330
O=C(NCCC(F)CN1CCN(c2cccc(Cl)c2Cl)CC1)c1cc2ccccc2[nH]1,6.67,6,7.078370555555554,539
CCNC(=O)Nc1cccc(CCN2CCN(c3cccc4nc(C)ccc34)CC2)c1,6.5,7,6.896243089947086,1907
Cc1ncoc1C(=O)Nc1ccc(OC[C@H]2CCCCN2)c(-c2c(C)ncnc2C)c1,7.452,2,7.765367794973543,1908
O=S(=O)(NCCCN1CCN(c2noc3ccccc23)CC1)c1cccs1,6.01,1,7.4421567817460375,1909
O=S(=O)(c1ccc(F)cc1)c1ccc(/C=C/c2ccc(F)cc2)nc1,7.77,4,7.968848018518519,51
O=C1c2cccc3cccc(c23)N1CCCCCCN1CCN(c2ncccn2)CC1,7.37,10,6.272581797619049,1910
CNCc1cc(OCc2ccccc2)n(C(C)C2CCCCC2)n1,8.92,6,8.012568227513224,94
COc1cccc(N2CCN(CCCCNC(=O)c3cc4ccccc4cn3)CC2)c1,7.48,9,7.003766051948054,69
CC(C)N(c1cccc(N2CCN(C)CC2)c1)S(=O)(=O)c1cccc2ccccc12,6.91,8,6.842177132275133,1911
COC(=O)N[C@H]1CC[C@H](CCN2CCN(c3cccc4c3OCO4)CC2)CC1,7.679,5,7.646319003968259,5
Clc1ccc2c(c1)N=C(N1CCN(C3CCCCC3)CC1)c1cccnc1O2,7.04,7,6.995469857142859,1912
O=S(=O)(N[C@H]1CCN(CCCc2noc3ccccc23)C1)c1csc2ccccc12,9.1695,5,8.741608578703705,828
CCN(CCN1CCC(c2noc3cc(F)ccc23)CC1)C(=O)C(O)C(F)(F)F,9.221,4,8.66395683333333,32
Cc1cccc(N2CCN(CC(O)CNC(=O)c3nc(C)n(-c4ccccc4Cl)c3C)CC2)c1C,6.499,3,7.17800927777778,103
Cc1nc2n(c(=O)c1CCN1CCN(c3cccc4sccc34)CC1)CCCC2F,7.99,2,7.154042455747955,361
CCN(CCc1c[nH]c2ccc(F)cc12)C1CCC1,6.26,2,6.657502261904759,112
O=S(=O)(c1cncc2ccccc12)N1CCC[C@H]1CCN1CCN(c2nsc3ccccc23)CC1,7.945,5,7.880338255050501,1913
Oc1ccc(C2NCCc3c2[nH]c2ccc(Cl)cc32)cc1,7.03,6,6.5605073690476186,44
O=C1COc2c(N3CCCNCC3)ccc(O)c2N1,4.699,4,4.8314187420634935,1914
Cc1ncnc(C)c1-c1cc(NC(=O)c2ccccc2)ccc1OCCN1CC(F)C1,7.876,8,8.211913460317458,671
Cc1cccc(N2CCN(CCCCNC(=O)c3cc4ccccc4o3)CC2)c1C,8.44,1,7.214948021164023,101
CNCc1ccc(Cl)cc1Oc1ccc(C)cc1,8.929,5,6.927193884920636,7
Cc1cccc(N2CCN(CCCNC(=O)c3nc(C)n(CC(C)C)c3C)CC2)c1C,6.66,1,6.7723471309523795,1836
CCCCCc1cc(OC)c(CC(C)N)cc1OC,8.267,2,7.476963691678687,188
CC(=O)N[C@H]1CC[C@H](CCN2CCN(c3nc(C)cc4c3CCO4)CC2)CC1,6.67,10,7.364506825396823,12
c1cc(CC2CCCC2)c2c(n1)N1CCNC[C@H]1CC2,7.942,1,6.989212687830696,1915
COc1ccc2[nH]cc(CCNCc3ccc(F)cc3)c2c1,7.129,3,7.877914216931216,663
CCCN(CCCCNC(=O)/N=N/c1ccc(F)cc1)C1Cc2ccccc2C1,6.26,8,6.8920330740740745,1916
CCN(CCN1CCC(c2c[nH]c3ccccc23)CC1)S(=O)(=O)CCO,8.798,6,7.324292464285716,383
Fc1ccc(-c2[nH]c3cc(F)ccc3c2C2CCCNC2)cc1,10.048,4,8.537221264550267,304
CC(C)CCC(=O)N[C@H]1CC[C@H](CCN2CCN(c3nccc4c3CCO4)CC2)CC1,7.61,10,7.643257630952387,12
O/N=C/c1cc2cc(OCCCCN3CCN(c4cccc(Cl)c4Cl)CC3)ccn2n1,8.101,8,7.427398268518523,245
CC(Oc1cc(F)ccc1C(F)(F)F)c1nc(N)nc(N2CCN(C)CC2)n1,6.201,8,7.163299892857146,342
O=C1CC(CN2CCC(c3noc4cc(F)ccc34)CC2)Cc2oc(-c3ccccc3)cc21,8.16,7,8.0303330489418,1917
CN(C)CC1CC2c3ccccc3Oc3ccc(Cl)cc3N2O1,8.72,6,7.654127769841271,1918
CC(C)COc1ccc(CNC(=O)N(Cc2ccc(F)cc2)C2CCN(CC(=O)N(C)C)CC2)cc1,6.83,2,7.393823496031744,19
CNC(=O)c1cc(OCCCCN2CCN(c3cccc(Cl)c3Cl)CC2)ccc1C,6.339,2,7.091600219215973,471
CC(C)(CN1CCN(C2=Cc3ccccc3Cn3cc(F)nc32)CC1)C(=O)O,7.0,8,7.107256854497356,201
Cc1cccc(Cl)c1[C@H]1C[C@@H]1CN,6.14,8,6.619056789682548,70
CN1CCc2cccc3c2[C@H]1Cc1ccc(O)c(O)c1-3,6.92,9,6.681361773809523,81
CN1C[C@H](C(=O)N(CCF)CC(F)F)C=C2c3cccc4[nH]cc(c34)C[C@H]21,9.485,2,7.329967535714288,53
O=C1CCc2ccc(OCCCCN3CCN(c4cccc5c4CCCC5)CC3)nc2N1,10.048,5,9.331442746031748,1919
Cc1nc2c(o1)C(=O)N(CCN1CCN(c3nsc4ccccc34)CC1)CCC2,8.551,3,8.458828033068787,1920
O=C1NCc2ccc(OCCCN3CCN(c4cccc5cccc(F)c45)CC3)c(F)c21,8.46,10,8.77638573809523,135
Cc1cc(CC(=O)N[C@H]2CC[C@H](CCN3CCC(c4cccc5c4OCO5)CC3)CC2)on1,7.7,2,7.582049420634926,1921
O=S(=O)(NCCCCN1CCN(c2nsc3ccccc23)CC1)c1cccs1,8.26,1,8.445244038359784,1922
FC(F)(F)CCc1c(Cl)cnc2c1CC[C@@H]1CNCCN21,7.47,5,6.783565522607024,443
c1ccc2c(N3CCNCC3)cccc2c1,7.209,7,7.027605330687831,1923
CCCc1c(C(=O)NCCCCN2CCN(c3ccccc3OC)CC2)nnn1Cc1ccc(OC)cc1,7.539,6,7.018437361111107,8
COc1cccc(CCc2ccccc2OC[C@H](O)CN(C)C)c1,9.065999999999999,3,6.909557843915345,494
O=c1[nH]c2ccccc2n1C1CCN(CCCOc2ccc(F)cc2)CC1,8.5,5,7.819647158730157,1924
O=C(N[C@H]1CCN(Cc2ccc(F)c(F)c2)C1)c1ccc(-c2cccs2)cc1,7.8,10,6.891281525132275,384
COc1cc(SC(F)(F)F)c(OC)cc1CCN,9.46,2,7.010320708333329,188
O=C(c1ccc(-n2ccnc2)cc1)C1CC1,7.3,5,6.536075660052909,1511
Cc1ncnc(C)c1-c1cc(NC(=O)Cc2nccs2)ccc1OCCN1CCC1,7.939,2,7.8977556560846525,1925
COc1ccc(-c2ccc(CNCCc3c[nH]c4ccc(OC)cc34)o2)cc1,7.46,8,6.962342821428577,474
Nc1ccc2c(c1)C(O)C(CCN1CCC(C(=O)c3ccc(F)cc3O)CC1)CC2,8.35,1,7.521681384920631,1926
CCOCc1ccc(CN(Cc2coc(C)n2)C2=NOC3(CCN(C)CC3)N2)cc1,7.26,3,7.500342162698412,648
CNCc1cc(OCc2cc(Cl)ccc2F)n(CC(C)C)n1,8.35,5,8.271252006613762,357
Cc1cc2c(cc1OCCCCN1CCN(c3cccc4ccccc34)CC1)C(=O)NC2,7.432,4,7.434447894179898,190
Cc1c(Cl)cccc1N1CCN(CC(O)CNC(=O)c2nc(C)n(-c3ccc(F)cc3)c2C)CC1,6.59,3,7.304264224206351,103
CC(C)c1ccc(C(=O)N[C@H]2CC[C@H](CCN3CCC(c4coc5ccccc45)CC3)CC2)cc1,8.59,9,8.11882919841269,55
COc1cc(CCNCc2cccc3ccoc23)c(OC)cc1Br,9.22,10,8.03954016071428,1927
CC(=O)N[C@H]1CC[C@H](CCN2CCC(c3noc4ccc(F)cc34)CC2)CC1,7.33,1,8.279421218253965,111
CCCCOc1ccc(CN(Cc2coc(C(F)F)n2)C(=O)NC2CCN(C)CC2)cc1,9.367,6,7.378045441798937,1536
CCN(CCF)C(=O)[C@@H]1C=C2c3cccc4[nH]cc(c34)C[C@H]2N(C)C1,9.444,2,7.240448928571432,53
COc1cc2c(cc1OCc1ccccc1)C[C@H]1c3c(cc(OC)c(OC)c3-2)CCN1C,6.668,1,6.763318227513228,1876
O=Cc1cnn2ccc(OCCCCN3CCN(c4cccc(Cl)c4Cl)CC3)cc12,6.62,8,7.394749422799423,245
COc1ccc(C2=CC(NC(C)(C)C)=NCCN2)cc1,6.27,6,7.227592845238099,279
CC(=O)c1ccc(C(=O)N[C@H]2CC[C@H](CCN3CCN(c4nsc5ccccc45)CC3)CC2)o1,8.42,7,8.95816789153439,2
Clc1cccc(N2CCN(CC3C[C@@H]4c5ccccc5Cc5ccccc5[C@H]4O3)CC2)c1,7.25,9,7.021483287037037,1928
Cc1cc(C(=O)Nc2ccc(OCCN3CCCC3)c(-c3c(C)ncnc3C)c2)co1,7.879,8,8.029604076719577,1929
CN1CCC(NC(=O)N(Cc2ccc(OC(F)(F)F)cc2)Cc2ccn(C)n2)CC1,8.51,7,7.8157979880952375,472
O=C1COc2ccccc2N1CCCN1CCN(c2cccc3[nH]c(=O)oc23)CC1,6.25,7,6.816796583333332,1930
CCCn1c(-c2ccccn2)cc(C(=O)NCCCN2CCN(c3cccc(Cl)c3Cl)CC2)c1C,7.238,5,7.151997978835983,1533
CC(=O)Nc1nc2cc(CCN3CCN(c4cccc5sccc45)CC3)ccc2s1,7.12,4,7.482172050264552,91
CC(=O)c1c(C)cc2oc(=O)cc(C)c2c1OCCCCN1CCN(c2ccccc2F)CC1,8.05,4,7.41358065873016,1109
O=C(NCC1CC1)c1ccc2c3c1CCN3CCNC2,4.75,6,4.57289756349206,1931
CCc1nn(CCCN2CCN(c3cccc(Cl)c3)CC2)c(=O)n1CCOc1ccccc1,8.131,5,6.725727460317461,1932
OCCN1CCN(c2nc(Nc3cccc(O)c3)c3ccccc3n2)CC1,6.57,8,6.723101329365081,212
CCOC1CC1C(=O)Nc1ccc(OCCN2CCCC2)c(-c2c(C)noc2C)c1,8.07,3,7.451354134920636,1276
COc1ccc(-n2c(-c3ccccc3)nc(C(=O)NCCCN3CCN(c4cccc(Cl)c4Cl)CC3)c2C)cc1,7.89,2,7.548866626984128,442
Cc1cccc(N2CCN(CC(O)CNC(=O)c3nc(C)n(CC(C)C)c3C)CC2)c1C,6.0,1,6.575302685185185,1836
O=C(c1ccc(F)cc1)C1CCN(Cc2ccc(I)cc2)CC1,6.64,9,6.815779936507938,199
O=C1c2cccc3cccc(c23)N1CCCCCCN1CCN(c2cccc(Cl)c2)CC1,6.37,5,6.591139137566139,350
COc1cc2c(cc1C(F)(F)F)N(C(=O)Nc1cccc(-c3cnccc3C)c1)CC2,6.6,7,6.726373619047617,317
CC(C)COc1ccc(CNC(=O)N(Cc2nccs2)C2CCN(C)CC2)cc1,7.26,4,7.649060451058206,1933
Cc1nc2c(OCc3ccccc3)cccn2c(=O)c1CCN1CCN(c2cccc3sccc23)CC1,6.458,3,7.286827199735448,1934
CCCc1nc(C(=O)NCCCN2CCN(c3cccc(C)c3C)CC2)c(C)n1-c1ccc2c(c1)OCCO2,6.619,4,7.341205387566142,326
CCc1ccc2c(c1)C(C1=C[C@H](C)N(C)CC1)=Nc1cc(Cl)ccc1N2,9.85,4,7.4841994761904775,427
Cc1ccc(Nc2nc(N3CCN(CCO)CC3)nc3ccccc23)c(C)c1,6.57,8,6.918381690476188,212
CN1CC2c3ccccc3Oc3ccc(Cl)cc3C2C1,9.313,2,7.424159329365076,1935
CS(=O)(=O)N[C@H]1CC[C@H](CCN2CCN(c3cccc4c3OCO4)CC2)CC1,7.48,5,7.603413255291002,5
O=C(NC1CC(CCN2CCN(c3cccc(Cl)c3Cl)CC2)C1)c1ncco1,8.378,1,8.30769589682539,1936
O=C(C[C@@H]1CCCCO1)N[C@H]1CC[C@H](CCN2CCC(c3cccc4c3OCO4)CC2)CC1,7.809,9,7.559823097883601,1937
CCc1ccc(OCc2ccccc2C(=O)Nc2ccc3nc(C)cc(N)c3c2)cc1,6.26,6,6.427224715608463,1938
CCc1cc(OC)c(C2CCCNC2)cc1OC,7.175,7,7.304175499999995,113
O=S(=O)(c1ccc(C(F)(F)F)cc1)N(CCCN1CCN(c2ccccc2)CC1)CC1CCCCC1,8.15,4,7.01070125,1062
CN(C)[C@@H]1Cc2ccccc2[C@H](c2cccc(Cl)c2)C1,6.89,8,7.542380388888891,215
CC(=O)Nc1nc2ccc(CCN3CCN(c4cccc5sccc45)CC3)cc2s1,7.722,1,7.096111775132274,1060
Oc1ccc(-c2ccc(CNCCc3c[nH]c4ncc(F)cc34)o2)cc1,7.5,5,7.4132864484127,1939
CN1CCN(C2=Nc3cc(Cl)ccc3N(NC(=O)c3cccc4ccccc34)c3ccccc32)CC1,9.0,3,7.712014321428569,1940
CN(C)CCc1c[nH]c2ccc(O)cc12,6.792,1,6.832854022486769,89
CNC(=O)c1cccc(OCCCCN2CCN(c3cccc(Cl)c3Cl)CC2)c1OC,6.141,2,7.027805108465612,471
CCSc1cc(OC)c(CCN)nc1OC,8.39,5,6.684964064574315,346
O=C1c2cnccc2C2(CC2)CN1CCN1CCN(c2noc3ccccc23)CC1,8.492,2,8.1643648015873,1941
CCC(C)(CC)NC1=NCCN=C(c2ccc(F)cc2)C1,8.824,2,7.92009261111111,387
O=c1n(CCCCCCN2CCN(c3cccc(Cl)c3)CC2)nc2ccccn12,6.468,5,6.86947360846561,877
CCN(CCN1CCC(c2noc3cc(F)ccc23)CC1)C(=O)C(C)(C)CO,9.699,4,8.842861724867724,32
CNCc1cc(Cl)ccc1Oc1ccc(Cl)cc1,7.042,5,6.6516822526455,7
O=C1CCc2ccc(OCCCCN3CCN(c4cccc(Cl)c4Cl)CC3)nc2N1,9.89,10,8.673819086487585,429
COc1cc2c(cc1-c1c(C)noc1C)ncc1[nH]c(=O)n([C@H](C)c3ccccn3)c12,4.398,2,6.244620007936509,1942
C[C@@H]1CNCCc2ccc(Cl)c(Cl)c21,6.786,3,6.752615739237614,40
CCC(C)(CC)NC1=NCCNC(c2ccccc2F)=C1,7.84,6,7.538949874338618,279
CCOc1cc(C2CCCNC2)c(OC)cc1C(F)(F)F,7.25,7,6.972243962962959,113
CCc1nc2c(N3CCNCC3)ccnc2n1Cc1cccc(F)c1,6.358,7,6.932554207671956,1454
C#CCN(CC)C(=O)[C@@H]1C=C2c3cccc4[nH]cc(c34)C[C@H]2N(C)C1,9.17,2,7.136649408730159,53
CC(C)(CN1CCN(C2=Cc3ccccc3Cn3ccnc32)CC1)C(=O)O,7.1,8,7.02097030291005,201
C[C@@H](N)Cc1c[nH]c2ccc3c(c12)CCCO3,8.44,9,7.332120785714285,341
CC(C)COc1ccc(OC(=O)N(Cc2ccc(F)cc2)[C@H]2CCN(C)C[C@H]2F)cc1,7.0,9,8.053505112433855,1943
COc1ccc(Nc2nc(Cc3ccccc3)nc3c2CCNCC3)cc1,7.24,2,7.137253876984121,325
COC1(CC(=O)Nc2ccc(OC[C@H]3CCCCN3)c(-c3c(C)noc3C)c2)CC1,7.178,1,7.903491023809526,1944
Cn1ncc(Cl)c1-c1cc(NC(=O)Nc2ccc(Cl)cc2)ccc1OCCN1CCCC1,9.588,6,9.178207108465612,295
O=S(=O)(c1ccc2ccccc2c1)N(CCCN1CCN(c2ccc(F)cc2)CC1)CC1CC1,7.29,2,8.048134769841273,1176
Cc1cncc2c1CCN(CCN1CCC(c3noc4ccccc34)CC1)C2=O,8.79,2,8.50845287698413,609
COc1cc(CCNCc2ccccc2O)c(OC)cc1C#N,8.518,10,7.351464924603169,117
CCn1oc2c(c1=O)CNCC2,3.0,9,3.3981314206349205,1396
O=C(N[C@H]1CC[C@H](CCN2CCC(c3noc4cc(F)ccc34)CC2)CC1)c1ccnc(N2CCOCC2)c1,8.61,10,8.284745496152002,1945
Fc1ccc2c(C3CCN(CCCOc4ccc(CN5CCOCC5)cc4F)CC3)noc2c1,8.251,9,8.004434223544973,224
CC(C)COC(=O)N[C@H]1CC[C@H](CCN2CCN(c3nsc4ccccc34)CC2)CC1,8.51,5,8.876387140873021,321
COCCNCCOc1ccc(NC(=O)c2cccc(C(F)(F)F)c2)cc1-c1c(Cl)cnn1C,10.09,8,8.53514153571428,228
Cn1cc2c(n1)C(=O)N(CCN1CCN(c3nsc4ccccc34)CC1)CC2,8.41,8,9.231499373015875,1946
Cc1cccc(N2CCN(CCCCNC(=O)c3cc4ccccc4cn3)CC2)n1,7.551,2,7.429475726190479,258
CNC(=O)c1cc(OCCCCN2CCN(c3cccc4sc(F)cc34)CC2)ccn1,7.19,3,7.09937361640212,108
CC(=N)NCCOc1ccc(NC(=O)C2CC2)cc1-c1c(C)ncnc1C,7.279,8,7.535511078042329,98
CCc1cccc(N2CCN(CC[C@H]3CC[C@H](NC(=O)c4ccnc5ccccc45)CC3)CC2)c1Cl,7.822,7,7.545906505291006,1947
CCCCC(C)Oc1cc2c3c(c1OC)-c1cc(OC)c(OC)cc1C[C@@H]3N(C)CC2,6.81,9,6.468800630952383,81
O=S1(=O)c2cccc3cccc(c23)N1CCCCCCN1CCN(c2ccc(Cl)c(Cl)c2)CC1,6.6,10,7.002457420634922,45
CCN(CC#N)C(=O)[C@@H]1C=C2c3cccc4[nH]cc(c34)C[C@H]2N(C)C1,9.556,2,7.023485514550266,53
O=C(O)CCN1CCN(C2=Cc3ccccc3Cn3ccnc32)CC1,6.5,8,6.7921156527176505,201
Cc1ccc(-c2ccc(S(=O)(=O)Nc3ccc4c(c3)CCN(C)CC4)cc2)s1,7.3,6,7.326218044973538,1948
O=S(=O)(N[C@H]1CC[C@H](CCN2CCC(c3cccc4c3OCO4)CC2)CC1)N1CCOCC1,7.25,5,7.4350257169312135,1949
Cc1cc(C)c2c(c1)C[C@@H]1CNCCN1C2=O,6.361,10,6.315024242063492,149
CCN(CCN1CCC(c2noc3cc(F)ccc23)CC1)C(=O)[C@H]1CC[C@@H](O)CC1,9.3,8,8.930116392857144,386
C[C@@H](O)C(=O)N[C@H]1CC[C@H](CCN2CCC(c3cccc4c3OCO4)CC2)CC1,7.97,3,7.826085706349206,63
COc1ccc2c(c1)c(-c1[nH]c(N)nc1C)cn2S(=O)(=O)c1ccccc1,6.17,10,5.16346515079365,48
O=C(NCCCl)c1ccc2c3c1CCN3CCNC2,4.72,4,4.948676007936504,18
Cc1cc(C(=O)N2CCN(CC(=O)c3ccc(F)cc3)CC2)nn1C,8.07,6,6.942876722222223,163
CCOc1ccccc1N1CCN(CCCCCCN2C(=O)c3cccc4cccc(c34)C2=O)CC1,6.338,3,6.394964588624337,1169
CCCc1cncc2c1CC[C@@H]1CNCCN21,7.389,5,6.98667773148148,1386
COc1ccc2[nH]cc(CCNCc3ccc(I)cc3)c2c1,6.79,3,7.368328326719577,663
Cc1noc(C)c1-c1cc(NC(=O)C2CC2)ccc1OCCN1C[C@@H]2C[C@H]1CO2,8.39,3,7.73659642195767,1950
O=C(N[C@H]1CC[C@H](CCN2CCN(c3nsc4ccccc34)CC2)CC1)OC1CCCCC1,8.789,2,8.428976335317456,1951
O=C(N[C@H]1CC[C@H](CCN2CCC(c3cccc4c3CCO4)CC2)CC1)c1ccc(Cl)cc1Cl,7.501,4,7.413030515873012,399
O=C(N[C@H]1CC[C@H](CCN2CCN(c3nsc4ccccc34)CC2)CC1)c1ccccc1,9.62,10,9.21493549867725,1952
CC(C)COc1ccc(CC(=O)N(Cc2ccc(F)cc2Cl)C2CCN(C)CC2)cc1,6.699,6,7.9014335859788325,128
COc1cc2c(cc1C(F)(F)F)C(C)CNCC2,7.38,3,6.795904156746034,40
CC(C)Oc1ccc(COC(=O)N(Cc2ccc(F)cc2F)C2CCN(C)CC2)cc1,9.9,7,8.543443495189996,76
CCCCn1c(NCCCN2CCN(c3ccccc3)CC2)nc2c1c(=O)n(C)c(=O)n2C,6.211,6,6.4361239656084654,1270
Nc1nc(NCCNc2cccc(Cl)c2Cl)nc(NCCc2c[nH]c3ccccc23)n1,4.74,9,6.194767764550267,431
Cc1c(Cl)cccc1N1CCN(CCCNC(=O)c2nc(C)n(-c3ccccc3Cl)c2C)CC1,7.54,3,7.545249642857143,103
O=c1[nH]c2ccccc2n1CCCCCCN1CCN(c2nsc3ccccc23)CC1,8.221,9,8.207711535714287,1953
CN1CCC(N(Cc2ccc(F)cc2)C(=O)NCc2ccc(OCC(O)CN3CCN(C(=O)OC(C)(C)C)CC3)cc2)CC1,8.716,8,7.181663916666665,1954
Fc1ccc2c(C3CCN(CCCOc4ccc(CCN5CCCCC5)cc4)CC3)noc2c1,8.028,5,7.913790615079368,589
CC1(C)C(=O)Nc2cccc3c2N1[C@H]1CCN(CCCOc2ccc(F)cc2)C[C@@H]31,8.07,1,7.957174644179898,209
CC(=O)c1c(C)cc2oc(=O)cc(C)c2c1OCCCN1CCN(c2ccc(Cl)cc2)CC1,8.4,2,7.416623797619049,420
O=S(=O)(NCCCN1CCC(c2noc3cc(F)ccc23)CC1)c1ccc(Cl)c(Cl)c1,8.66,2,8.395880107142856,664
Cc1ncnc(C)c1-c1cc(NC(=O)C2CC2)ccc1OCCN1CC(O)C1,7.863,1,7.589742461640206,433
COc1ccc(CC(=O)Nc2ccc(OCCN3CCC3)c(-c3c(C)noc3C)c2)cc1,8.277,9,7.805356169312168,468
Cc1ccccc1OCc1nc(N)nc(N2CCN(C)CC2)n1,4.76,8,5.953229765873015,342
O=C1c2oc(C3CC3)nc2CCN1CCN1CCN(c2nsc3ccccc23)CC1,8.82,5,8.6506134484127,1955
O=C1COc2ccccc2N1CCCN1CCN(c2cccc(Cl)c2Cl)CC1,7.12,9,7.251745214526212,1405
O=C(Nc1cccnn1)N1CC(C/C=C/c2cncc(Oc3ccc(C(F)(F)F)cn3)n2)C1,6.6,4,6.207565484126982,1956
CCC(Oc1cccc(Cl)c1Cl)c1nc(N)nc(N2CCN(C)CC2)n1,6.68,8,6.642548515873016,342
COc1ccc2[nH]c(C(=O)NCCC(F)CN3CCN(c4cccc(Cl)c4Cl)CC3)cc2c1,6.57,6,6.924854039682542,539
COc1cc2c(cc1C(F)(F)F)N(C(=O)Nc1ccc(Oc3cccnc3C)nc1)CC2,6.1,7,6.410745809523813,52
O=C(c1cnn2cc(Cl)ccc12)N1CCN(CCc2ccc(F)cc2F)CC1,8.23,4,8.661579526455034,1159
Cc1noc(C)c1-c1cc(NC(=O)C2CC2)ccc1OCCN1CCC1,8.09,2,7.674360958994709,38
NC[C@@H]1C[C@@H]1c1cc(O)ccc1OCC1CC1,6.43,7,6.5041633981481475,1490
CN1CCC(N(Cc2ccc(F)cn2)C(=O)NCc2cccc(O)c2)CC1,6.886,7,7.919043099206351,223
Cn1c(F)cc2c1CCN(CCN1CCN(c3nsc4ccccc34)CC1)C2=O,8.89,2,9.076240947330447,1441
O=S(=O)(c1ccccc1)C1(CCCN2CCC3CCCCC3C2)CCC1,6.24,3,6.936628630952382,1957
COC(=O)Nc1cccc(CCN2CCN(c3cccc4nc(C)ccc34)CC2)c1,6.7,7,6.8929251097883615,1907
O=C(CC1CCOCC1)N[C@H]1CC[C@H](CCN2CCN(c3nccc4c3CCO4)CC2)CC1,7.7,3,7.771535955026454,28
C[C@@H](N)Cn1ncc2ccc(O)cc21,7.4495000000000005,4,6.789955781746036,136
COc1cccc(N2CCN(CCCOc3c(C(C)=O)c(C)cc4oc(=O)cc(C)c34)CC2)c1,7.32,2,6.705852481481482,420
Fc1ccc(CCCCN2CCN(c3cccc(-c4ccccc4)n3)CC2)cc1,6.582,1,6.8670653928571435,1958
O=S(=O)(c1ccc(N2CCC2)cc1)C1(F)CCN(CCc2ccc(F)cc2F)CC1,9.0,10,8.943288414021158,1959
CCCc1nc(C(=O)NCCCN2CCN(c3cccc(C)c3C)CC2)c(C)n1-c1ccc(F)cc1,7.509,3,7.2519673900914,103
Cc1ccnc2c1CC[C@@H]1CNCCN21,7.349,5,5.8671827936507945,443
Cc1ccc(S(=O)(=O)n2cc(/C=N/N=C/N(C)C)c3c([N+](=O)[O-])cccc32)cc1,6.598,1,6.3837195489418,418
COc1ccc(N2Cc3c(c4ccc(Cl)cc4n3C)C2=O)cc1OCCN1CCC(C)CC1,6.6,9,6.404182281746034,689
O=c1[nH]c(=O)n(CCCCN2CCN(c3cccc4sccc34)CC2)c2ccccc12,6.89,7,7.287314694444438,1960
COc1ccccc1CNCCc1c[nH]c2ncc(F)cc12,8.48,8,7.628610361111115,351
COc1cc(CCNCc2cccnc2)c(OC)cc1Br,7.08,8,7.32787596031746,1961
CC(C)(C)NC1=NCCN=C(c2ccccc2Cl)C1,7.119,2,7.079804269841267,387
C[C@@H]1CNC[C@H]2Cc3ccccc3C(=O)N21,6.955,10,6.35368573677248,149
c1cc(CC2CCC2)c2c(n1)N1CCNC[C@H]1CC2,7.055,9,7.201597821428571,1631
COc1ccc(F)cc1C1CC1CNCc1ccccc1O,7.11,6,6.971958031746033,271
Cc1c2c(nn1C)CCN(CCN1CCN(c3noc4ccccc34)CC1)C2=O,8.588,8,8.334777261904762,642
CC1CC2(C)CC(=O)C1C1C(=O)N(OCCCN3CCN(c4cccc(Cl)c4)CC3)C(=O)C12,6.96,9,6.497272585978833,293
CCc1cccc(N2CCN(C)CC2)c1Cl,8.492,4,6.639304509259258,396
N=C(N)N/N=C/c1c(Cl)cccc1Cl,6.68,2,6.182659579365083,188
Nc1nc(SCCN2CCN(Cc3ccccc3C(F)(F)F)CC2)nc(N)c1Cc1ccccc1,7.212,5,6.905540724867727,467
CCCn1c(-c2ccccc2)cc(C(=O)NCCCN2CCN(c3cccc(Br)c3)CC2)c1C,6.66,8,6.938996637566136,13
CNCc1ccccc1-c1csc([C@H](C)Nc2nc(C)nc3cc(OC)c(OC)cc23)c1,7.02,6,6.896451504329005,1962
Cc1ncnc(C)c1-c1cc(NC(=O)c2ccccc2F)ccc1OCCN1CCCC1,7.772,10,8.159438058201063,492
CCc1cccc(N2CCN(CCCCNC(=O)c3cc4ccccc4[nH]3)CC2)c1Cl,8.282,6,7.344067039682539,539
COc1cc2c(cc1OC)C1CC(O)C(CC(C)C)CN1CC2,8.17,5,6.645297068783067,1963
Cc1ccc2c(ccn2CC(C)N)c1,6.1,1,6.82929318253968,89
O=C(CCCN1CCN(c2ncccn2)CC1)c1ccc(F)cc1,7.659,4,7.495666388888882,1964
Cn1cc(Br)c(C(=O)N2CCN(CCc3ccc(F)cc3)CC2)n1,8.44,3,7.705558931216932,64
CCCc1nc(C(=O)NCC(O)CN2CCN(c3cccc(C)c3C)CC2)c(C)n1-c1ccc(Cl)cc1,6.831,3,6.985094353174607,103
Cc1c(S(=O)(=O)Nc2ccc3nccc(N4CCN(C)CC4)c3c2)sc2ccc(Cl)cc12,6.0,3,6.856617014550264,1965
COc1cc2c(CCN3CCC4CC43)n[nH]c2cc1F,8.09,5,7.275487388227516,550
Cc1ccccc1C1=CC(NC(C)(C)C)=NCCN1,6.95,6,6.928000592592594,279
O=S(=O)(c1cncc2ccccc12)N1CCC[C@@H]1CCN1CCN(c2cccc3sccc23)CC1,7.8155,2,7.522095672619051,1966
CCCn1oc2c(c1=O)CCNCC2,4.0,1,4.303072432539683,984
O=S(=O)(c1ccc(Cl)cc1)C1(F)CCN(CCc2ccc(F)cc2F)CC1,9.19,4,8.563208884920632,36
Cc1ncnc(C)c1-c1cc(NC(=O)c2ccc(F)cn2)ccc1OCCN1CCCC1,6.873,6,7.964416170274172,1079
COc1ccc(N2Cc3cc(F)cc(C(F)(F)F)c3C2=O)cc1OCCN1CCC(C)CC1,6.6,1,6.6600828968253944,73
Fc1ccc2[nH]nc(C3=CCCNC3)c2c1,7.48,10,6.216161138888886,649
NC[C@@H]1C[C@H]1c1c(OCCF)ccc2occc12,7.0329999999999995,8,6.679778793650798,1126
CC(=O)N1CCC(C)c2c(C)ccc(CCN3CCN(c4nsc5ccccc45)CC3)c21,9.122,4,9.154231457671962,217
O=C(O)C1CN(C2CC[C@]3(Cc4ccccc4Cc4ccccc43)C2)CCO1,7.0,10,6.770602626984129,1967
COc1cc(CC(C)N)cc(OC)c1OC,7.311,2,6.900201204365083,188
Cc1cc2c(cc1Cl)N(C(=O)Nc1ccc(Oc3cccnc3C(C)C)nc1)CC2,6.1,7,6.759461556878302,52
CN1CCC(N(C)S(=O)(=O)c2ccc(Cl)cc2)CC1,6.27,5,5.995952800264545,124
Fc1ccc(-c2cc(Cl)cc3c2N2CCNCCC2C3)cc1,6.84,7,6.7838729894179925,465
CCc1cc(NC(=O)N2CCc3cc(OC)c(C(F)(F)F)cc32)cc(-c2cccnc2)c1,6.699,7,6.813918858465613,317
Cn1cc(Br)c(C(=O)N2CCN(CC(=O)c3ccc(F)cc3)CC2)n1,8.409,6,7.5295849431216935,163
Cc1c(Cl)cccc1N1CCN(CCCNC(=O)c2nc(C)n(CC(C)C)c2C)CC1,7.34,1,6.88207429232804,1836
O=S(=O)(CC1CCN(CCCc2noc3cc(F)ccc23)C1)c1ccc2ccccc2c1,9.61,8,8.477488038359786,1968
CN1CCN(CCCN2c3ccccc3Sc3ccc(Cl)cc32)CC1,8.425,5,7.344790681216929,1509
O=C(NCc1ccc(OCC(O)CN2CCN(c3noc4cc(F)ccc34)CC2)cc1)N(Cc1c(F)cc(F)cc1F)C1CCNCC1,7.44,1,7.8750043928571385,686
Cc1cccc(N2CCN(CCCNC(=O)c3nc(C)n(-c4ccccc4)c3C)CC2)c1C,7.04,3,7.476406080447329,103
CCCc1nc(C(=O)NCCCN2CCN(c3cccc(Cl)c3C)CC2)c(C)n1-c1ccc2c(c1)OCCO2,7.33,4,7.437566838383845,326
O=C1NCc2ccc(OCCCN3CCN(c4cccc5c4CCCC5)CC3)cc21,8.31,7,8.052740898148144,1969
CCCCCc1cc(OC)c(CC(C)NCc2ccccc2O)cc1OC,8.567,10,7.542378388888888,117
O=C(CCCN1CCN(CC2CC(=O)c3ccccc3C2)CC1)c1ccc(F)cc1,6.94,6,7.677960623015867,1970
O=C(NCCCCN1CCN(c2cccc(Cl)c2Cl)CC1)c1cc2ccccc2[nH]1,7.51,6,7.406344960317459,539
O=C1CCc2cc(CCCCN3CCC(c4cccc5sccc45)CC3)ccc2N1,6.97,5,6.997192822751327,1971
CCN(CCN1CCC(c2c[nH]c3ccccc23)CC1)C(=O)CCO,8.55,6,6.911641230158732,383
O=S(=O)(c1ccccc1Cl)n1cc(C2=CCNCC2)c2ccccc21,6.22,4,5.941486170634921,1972
CNC(C)c1cc(F)ccc1Oc1ccc(Cl)cc1,6.688,5,6.809509067460316,7
Cn1nccc1-c1cc(NC(=O)Nc2ccc(Cl)cc2)ccc1OCCCN1CCOCC1,8.4,2,9.335851585978832,1973
CCCCCCc1ccc2c(c1)Cc1ccccc1C2CN,8.15,1,7.25211031878307,152
CNCc1ccc(Br)cc1Oc1ccc(Cl)c(Cl)c1,7.17,5,6.945545332010581,7
Cc1ccc2c(c1)Oc1cc(F)ccc1C(N1CCN(CC(C)(C)C(=O)O)CC1)=N2,7.888,3,7.548430112433868,596
COc1ccc(NC(=O)N2CCN(c3ccc(-c4ccccc4)cc3)CC2)cc1N1CCN(C)CC1,6.769,10,6.3452691111111115,1974
Cc1cnc(-c2ccnc(C(C)(C)O)n2)cc1-n1c(C)cc(OCc2ccc(F)cc2F)c(Cl)c1=O,8.194,7,7.233967955026454,1975
O=C(C[C@H]1CC[C@H](O)CC1)N[C@H]1CC[C@H](CCN2CCN(c3nccc4sccc34)CC2)CC1,8.4,10,8.503917523809527,784
Cc1nc(C(=O)NCCCN2CCN(c3cccc(Cl)c3Cl)CC2)c(C)n1-c1ccc2c(c1)OCCO2,8.062,4,7.594438136002888,326
N#Cc1cc(F)ccc1/C=C/c1ccc(S(=O)(=O)c2ccccc2F)cn1,8.002,4,7.445177387566139,51
Cc1noc(C)c1-c1cc(NC(=O)c2c(F)cnn2C)ccc1OC1CNC1,8.866,6,8.110705512987012,1976
C[C@@H](Cn1ccc2ccc3ncccc3c21)NCC1CCCCC1,6.03,5,6.56663435978836,1977
Cc1nc2n(c(=O)c1CCN1CCN(c3cc(F)cc4sccc34)CC1)CCCC2,7.87,2,7.365422563492064,361
CCN(CCN1CCC(c2noc3cc(Cl)ccc23)CC1)S(=O)(=O)CCO,7.7,4,8.136099115079363,32
Cc1cccc(N2CCN(CCCNC(=O)c3cc(-c4ccccc4)n(N4CCCCC4)c3C)CC2)c1C,6.878,8,7.0759565998677285,751
CN1CCC(NC(=O)N(Cc2ccc(C3CC3)cc2)Cc2ccn(C)n2)CC1,8.364,3,7.90936,1978
NCCc1c[nH]c2ccc(C(N)=O)cc12,6.26,1,6.115998006613757,89
O=C1c2[nH]ncc2CCN1CCN1CCC(c2noc3ccccc23)CC1,8.751,4,8.884114447089946,1575
COc1ccc(Cl)cc1C(=O)CCCCN1CCC2(CC1)NC(=O)NC2=O,7.9,5,6.706358921957673,635
Cc1cc(C(=O)NCCCN2CCN(c3cccc(C)c3C)CC2)nc(C2CC2)n1,6.59,10,7.301154186507935,1979
O=S(=O)(c1ccccc1)c1c[nH]c2cccc(CCN3CCCCC3)c12,7.11,9,7.071081084295336,273
CN1CCC(N(Cc2ccc(F)cc2)C(=O)NCc2ccc(OCC(O)CN3CCC(c4noc5cc(F)ccc45)CC3)cc2)CC1,9.41,9,8.039811515873012,1980
CC(C)CCC(=O)N[C@H]1CC[C@H](CCN2CCC(c3cccc4c3CCO4)CC2)CC1,7.139,6,7.419306191798944,222
C[C@H](N)Cn1ccc2ccc3ccncc3c21,6.562,6,7.074980572089949,1981
CN1C(=O)CCc2ccc(CCN3CCN(c4cccc5sccc45)CC3)cc21,7.27,9,7.190723034391533,745
Cc1nn(C)c2c1C(=O)N(CCN1CCN(c3nsc4ccccc34)CC1)CC2,8.96,10,8.58586895899471,811
O=C(CCc1ccccc1)NC1CCc2ccc(CCN3CCN(c4nsc5ccccc45)CC3)cc21,9.02,5,9.120268780423272,1982
COc1cccc2[nH]cc(CCN)c12,8.04,1,6.969683769841263,89
C(#Cc1ccccc1)COCCC1CCN(CC2CC2)CC1,6.024,4,6.676661965608471,1983
Cc1[nH]c2cccc(NC(=O)c3ccc(F)cc3)c2c1CCN(C)C,6.0,3,8.071999589105339,1984
Clc1ccc2c(c1Cl)CCNCC2,7.03,3,6.938241566137567,40
CCCc1nc(C(=O)NCC(O)CN2CCN(c3cccc(C)c3C)CC2)c(C)n1-c1ccc(F)cc1,6.49,3,7.138255231120729,103
COc1ccc(-n2nc(C(C)(C)C)cc2NC(=O)Nc2ccc(Oc3ccnc(Nc4ccccc4)n3)c3ccccc23)cc1,6.77,9,6.683042269841269,65
CN(C)C(=O)N[C@H]1CC[C@H](CCN2CCC(c3cccc4c3OCO4)CC2)CC1,7.34,3,7.485414359126985,63
O=C1NCc2ccc(OCCCN3CCN(c4cccc5cc(F)ccc45)CC3)cc21,8.45,10,8.09943383730159,135
CSc1nc(C)cc(C(=O)NCCCN2CCN(c3cccc(C)c3C)CC2)n1,7.269,9,7.0662580912698365,31
N[C@H]1C[C@@H]1c1c[nH]c2ccccc12,6.88,6,6.229426994047621,362
CCCC(=O)Nc1ccc2c(c1)-c1c(OC)c(OC)cc3c1C(C2)N(C)CC3,6.38,9,6.4675901203703745,81
O=C(N[C@H]1CC[C@H](CCN2CCN(c3nsc4ccccc34)CC2)CC1)c1sc2ccccc2c1Cl,8.452,5,8.806768933140932,1487
O=S(=O)(NCCCCN1CCN(c2cccc(Cl)c2Cl)CC1)c1cnc2ccc(Cl)cc2c1,7.378,8,7.266596343915342,1881
COc1cc(C(=O)N[C@H]2CC[C@H](CCN3CCC(c4noc5cc(F)ccc45)CC3)CC2)ccn1,8.79,10,8.032995560846565,1985
COCCC(=O)N[C@H]1CC[C@H](CCN2CCN(c3cccc4c3OCO4)CC2)CC1,7.67,5,7.560556417989411,5
Cc1cc(Cl)ccc1OC(C)C(=O)O,6.822,2,6.477096369408371,188
Cn1nccc1-c1cc(NC(=O)c2ccc(F)cc2)ccc1OCCN1CCOCC1,7.75,4,8.148182719576717,259
CC(C)COc1ccc(CN(Cc2cnn(C)n2)C(=O)OC2CCN(C)CC2)cc1,8.583,9,7.242081507936508,1986
O=C(CC1CC1)N[C@H]1CC[C@H](CCN2CCC(c3coc4ccccc34)CC2)CC1,8.289,8,8.234895870370373,1987
COc1cc(Cl)ccc1C(=O)CCCCN1CCC2(CC1)NC(=O)NC2=O,6.9,5,6.543200742664745,635
O=S(=O)(NCCCN1CCN(c2noc3ccccc23)CC1)c1ccc(F)c(Cl)c1,7.009,3,7.482618177248678,1304
O=C(N[C@H]1CC[C@H](CCN2CCN(c3nccc4c3CCO4)CC2)CC1)C1(O)CCC1,8.01,10,8.171467707671964,995
C[C@H]1C[C@H](NS(=O)(=O)c2ccc(F)c(Cl)c2)CN1CCCc1noc2cc(F)ccc12,8.453,5,8.40141705555555,159
O=C(CCCN1CC[C@H]2[C@@H](C1)c1cccc3c1N2CCN3)c1ccc(F)cc1,8.644,1,8.418070951058205,167
Cn1nccc1-c1cc(NC(=O)Nc2ccccc2Cl)ccc1OCCN1CCCCC1,8.6,9,8.908282316137566,93
CN1CCC(N(Cc2ccc(F)cn2)C(=O)NCc2ccc(O)cc2)CC1,7.936,7,8.01193512698413,223
CCC1NCCc2c1[nH]c1ccc(Cl)cc21,6.4,8,6.656425133597882,640
Cc1ncnc(C)c1-c1cc(NC(=O)c2c(F)cnn2C)ccc1OCCN1CCCC1,8.273,4,8.170607121452623,329
COc1cc2c(cc1OC)-c1c(OC)c(OCc3ccccc3)cc3c1[C@H](C2)N(C)CC3,7.062,4,6.613302637566141,1698
CN1CCC(N(Cc2ccc(F)cn2)C(=O)NCc2ccc(OCC(F)(F)F)c(C(F)(F)F)c2)CC1,7.54,7,7.497689535103784,223
CCC(C)OC(=O)Nc1ccc(OCCN2CCCC2)c(-c2c(Br)cnn2C)c1,8.96,7,8.330092399470901,1988
Fc1ccc2c(C3CCN(CCCOc4ccc(CN5CCOCC5)cc4)CC3)noc2c1,8.36,9,8.019482584656085,224
O=S(=O)(c1ccc(F)cc1)N1CC=c2ccccc2=C1c1c[nH]c2ccccc12,4.58,6,6.584559041005289,1989
COc1ccccc1N1CCN(CCCNC(=O)c2cnccn2)CC1,4.45,3,6.392598832130834,1990
CCOCC(=O)N[C@H]1CC[C@H](CCN2CCN(c3nccc4occc34)CC2)CC1,8.13,9,8.140087046296298,83
COc1ccc(N2CC=C(c3ccc(Cl)c(Cl)c3)C2=O)cc1OCCN1CCCCC1,6.2,1,6.284118587301591,759
CCn1oc2c(c1=O)CCN(C)CC2,3.0,1,4.032524468253968,984
COc1ccc(N2CCC(c3ccc(Cl)c(Cl)c3)C2=O)cc1OCCN1CCC(C)(C)CC1,6.4,1,6.460455018518521,724
Cc1ccc(-n2nc([Si](C)(C)C)cc2NC(=O)Nc2ccc(Oc3ccnc(Nc4cccc(OCCN5CCOCC5)c4)n3)c3ccccc23)cc1,6.503,2,6.771660411375657,1991
CN(C)CCn1ccc2cc(F)c(F)cc21,6.527,1,6.941106809523811,89
Cc1c(C(=O)NCC(O)CN2CCN(c3cccc(Cl)c3Cl)CC2)nc(-c2ccccc2)n1-c1ccc(F)cc1,7.03,2,6.9136490575396845,442
Cc1ncnc(C)c1-c1cc(NC(=O)C2CC2)ccc1OCCN1CCN(C=O)CC1,8.007,5,7.52019710846561,1517
Fc1ccc(SCCCN2CCN(c3ncccn3)CC2)cc1,7.57,10,7.271009148148146,1992
COc1cc(Cc2c(N)nc(SCCN3CCN(Cc4ccccc4Cl)CC3)nc2N)cc(OC)c1OC,8.368,5,6.98872030952381,467
CN(C)CC1C[C@@H]2c3ccccc3N(C)c3ccccc3[C@H]2O1,7.091,7,7.242236476190478,1993
COc1ccc2cnn(C[C@H](C)N)c2c1,7.705,4,7.194806503968257,136
COC(=O)[C@H](Cc1cnc[nH]1)NC(=O)[C@H]1N=C(c2ccccc2O)S[C@@H]1C,6.509,6,6.404595746031737,1994
O=S(=O)(c1ccccc1)c1ccc(/C=C/c2ccc(F)cc2F)nc1,9.07,4,8.471682078042331,51
COc1cc2c3c(c1OC)-c1cc4c(cc1C[C@@H]3N(C)CC2)OCO4,6.08,5,6.549797797619048,1995
O=C(Nc1ccccc1)c1[nH]c2cc(F)ccc2c1[C@@H]1CNCC[C@H]1F,10.05,3,7.886910015873013,1996
O=C1COc2ccc(CCCCN3CCN(c4cccc5sccc45)CC3)cc2N1,6.149,8,7.044033119047617,1086
O=C(CCCN1CCc2ccccc2C1)c1ccc(O)cc1,6.105,1,6.5893899396344375,871
CCCCOc1ccc(CC(=O)N(Cc2ccc(F)cc2F)C2CCN(C)CC2)cc1,7.2,6,8.382174,128
Cc1ncnc(C)c1-c1cc(NC(=O)C2CC2)ccc1OCCN1CCN(C(=O)CO)CC1,7.735,5,7.1383308544973545,1517
COc1ccc2c(c1)[C@H]1O[C@@H](CN(C)C)C[C@H]1c1ccccc1O2,7.1845,10,7.065992697029822,690
O=C(CC1CC1)N[C@H]1CC[C@H](CCN2CCC(c3cccc4c3OCO4)CC2)CC1,7.752,2,7.587386189153436,1997
Cc1nc2n(c(=O)c1CCN1CCN(c3cccc4sc(F)cc34)CC1)CCCC2O,7.29,2,7.10622006746032,361
C/C=C/CC(=O)N[C@H]1CC[C@H](CCN2CCC(c3cccc4c3CCO4)CC2)CC1,7.11,6,7.506763271164017,222
CC(=O)N[C@H]1CC[C@H](CCN2CCC(c3noc4cc(F)c(F)cc34)CC2)CC1,7.751,1,8.395270904761901,111
COc1cc(N2CC(=O)N(c3ccc(Oc4ccccc4)cc3)C2=O)ccc1OCCN1CCCC1,6.48,1,6.596056448412696,1998
N[C@@H](Cc1ccc(OCC(O)CN2CCC(c3noc4cc(F)ccc34)CC2)cc1)C(=O)O,8.67,8,7.864362473544976,340
CN1CCC(N(Cc2ccc(F)cn2)C(=O)NCc2ccc(OCC(F)(F)F)c(F)c2)CC1,8.085,7,8.024717126984127,223
CCN(CCN1CCC(c2c[nH]c3cc(F)ccc23)CC1)S(=O)(=O)CCO,9.3,6,8.418778706349205,383
COc1ccc(S(=O)(=O)N(CCCN2CCN(c3cccc(C(F)(F)F)c3)CC2)CC2CC2)cc1,6.14,7,7.339356587301587,963
COc1ccccc1N1CCN(CCCCOc2ccn3nc(/C=N/O)cc3c2)CC1,7.028,8,6.882504183862437,245
CC(C)Cc1ccc2c3c1CCN3CCNC2,4.301,4,6.101156440476182,18
CNC(=O)c1ccc2c3c1CCN3CCNC2,4.73,4,4.942230583333332,18
COc1cc(/C=C/C(=O)NCCn2c(C(F)(F)F)cc3ccccc32)cc(OC)c1OC,4.12,10,6.5906560238095215,1999
COCC(=O)N[C@H]1CC[C@H](CCN2CCN(c3nccc4occc34)CC2)CC1,8.358,9,8.193287888888898,83
CC1(C(=O)O)CCN(C2CC[C@]3(Cc4ccccc4Cc4ccccc43)C2)C1,7.9,7,7.100294325396826,213
Cc1nc(-c2ccc(C(=O)N[C@H]3CC[C@H](CCN4CCC(c5coc6ccccc56)CC4)CC3)cc2)no1,7.82,9,7.80932150661375,2000
C=CCOc1c(OC)cc2c3c1-c1cc(N)ccc1CC3N(C)CC2,6.63,9,6.714663551587299,81
COc1cc(CCN(C)C)c(OC)cc1Br,7.09,2,6.957916246031744,188
CC(C)(C)c1ccoc1C(=O)N[C@H]1CC[C@H](CCN2CCN(c3nsc4ccccc34)CC2)CC1,8.592,7,8.596819597883599,2
O=C(N[C@H]1CC[C@H](CCN2CCN(c3nccc4c3CCO4)CC2)CC1)c1ccc(N2CCOCC2)cc1,8.347,8,7.753273162698406,2001
COc1ncc2c(n1)CCN(CCN1CCN(c3noc4ccccc34)CC1)C2=O,7.64,2,7.386992027777779,1772
C[C@@H](CO)NC(=O)[C@@H]1C=C2c3cccc4[nH]cc(c34)C[C@H]2N(C)C1,8.93,2,6.355623972222223,53
COc1cc2c(cc1OC)CN(CCCCc1nc3cc(Cl)ccc3s1)CC2,6.195,7,6.992103507936506,71
Cc1c(S(=O)(=O)N[C@H]2CCN(CCCc3noc4ccccc34)C2)sc2ccc(Cl)cc12,8.3005,3,8.385994601190479,833
CCCc1nc(C(=O)NCC(O)CN2CCN(c3cccc(C)c3C)CC2)c(C)n1-c1ccc(OC)cc1,6.9,3,6.73756745767196,103
O=C(c1ccc(F)cc1)C1CCN(CC(O)COc2ccc(CNC(=O)N(Cc3ccc(F)cc3)C3CCNCC3)cc2)CC1,6.178,7,7.083026909571905,2002
CNC(C)c1ccc(Cl)cc1Oc1ccc(C)c(C)c1,8.17,5,6.844734357142859,7
CSCCNC(=O)c1ccc2c3c1CCN3CCNC2,4.301,4,5.626437167989419,18
CN1CCN(c2nc(N)nc(CS(=O)(=O)c3ccccc3Cl)n2)CC1,4.94,6,5.99085862301587,2003
COc1ccc(N2CCC(c3ccc(Cl)c(Cl)c3)C2=O)cc1OCCN1CCCCC1,6.3,1,6.4064323002645525,724
COc1ccc2[nH]cc(C3CCN(CCCCN4C(=O)CC(c5c[nH]c6ccccc56)C4=O)CC3)c2c1,6.904999999999999,8,6.822923290764794,753
Cn1nccc1-c1cc(NC(=O)Nc2ccc(Cl)cc2)ccc1OCCN1CCOCC1,9.721,10,8.854335876984134,356
CCCN(CCNC(=O)/N=N/c1cc(F)c(F)c(F)c1)C1Cc2ccccc2C1,6.29,4,7.006373470899472,2004
CN(C)[C@H]1Cc2ccccc2[C@H](c2cccc(-c3cccs3)c2)C1,8.1845,3,7.63006794047618,2005
Fc1ccccc1-c1cc(Cl)cc2c1N1CCNCCC1C2,6.85,7,6.555772937830687,465
COc1cc(CC(C)NCc2ccccc2O)c(OC)cc1C#N,6.514,10,7.04858224603174,117
CCCN1CCN(Cc2ccccc2)CC12COc1cccc(OC)c1C2,4.61,1,6.207128662698409,2006
Cc1ncnc(C)c1-c1cc(NC(=O)C2CC2)ccc1O[C@H]1CCNC1,7.16,10,7.480012320105822,2007
O=C1c2cccnc2CCN1CCN1CCC(c2noc3cc(F)ccc23)CC1,6.979,10,8.556125904761906,499
COc1cc(CC(C)N(C)C)c(OC)cc1Br,7.028,2,6.524779115079365,188
O=C(c1c2n(c3ccccc13)CCNCC2)C(F)(F)F,7.4,10,6.458855263227513,538
CCCn1c(-c2ccccc2)cc(C(=O)NCCCN2CCN(c3cccc4cccnc34)CC2)c1C,6.68,8,7.168455571428576,808
COCCNCCOc1ccc(NC(=O)C2CC2)cc1-c1c(C)noc1C,8.967,6,7.633893067460317,585
CC(=O)OC12C=C(C)C(C(C)C1)C1C(=O)N(CCCN3CCN(c4ccccc4)CC3)C(=O)C12,6.24,9,6.296580634920637,2008
NC[C@H]1C[C@@H]1c1ccccc1Br,6.853,8,6.776499054112556,70
COc1ccc(Cl)c(Cl)c1C1CC1CN,7.12,8,6.788564786556037,70
Cc1cc(F)ccc1CN(C(=O)OCc1ccc(OC(C)C)cc1)C1CCN(C)CC1,7.801,7,7.939634294131793,76
O=C1c2ccccc2S(=O)(=O)N1CCCCCN1CCN(c2ccc(Cl)cc2)CC1,6.858,8,6.535762854497357,6
CCC(Oc1cc(Cl)ccc1F)c1nc(N)nc(N2CCN(C)CC2)n1,6.112,8,6.897527752645509,342
Cc1cc(C(C)(C)C)c(O)c(C)c1CC1=NCCN1,6.375,8,6.898964765211642,2009
COc1ccccc1N1CCN(CCCOc2ccc3c(C)cc(=O)oc3c2)CC1,6.76,3,6.717830064333812,678
CCCc1nn(C[C@H](C)N)c2c1ccc1occc12,7.19,6,7.24912307539683,575
O=c1[nH]c2ccc(CCN3CCN(c4cccc5sccc45)CC3)cc2[nH]1,8.309,8,7.7491101190476215,1186
CN1C[C@H](CNC(=O)OCc2ccccc2)C[C@@H]2c3cccc4c3c(cn4C)C[C@H]21,9.219000000000001,7,7.38465842195767,2010
COc1ccc2[nH]cc(CCNCc3ccc(-c4cn[nH]c4)o3)c2c1,7.551,6,7.002435644179893,2011
CCCN1CCc2cccc3c2[C@H]1Cc1cccc(O)c1-3,6.94,9,6.680465250240498,81
C[C@H](N)Cn1ccc2ccc(F)cc21,6.6,1,6.873581384920636,89
Cc1ncnc(C)c1-c1cc(NC(=O)c2cnsc2C)ccc1OCCN1CCCC1,8.199,5,7.906468664021166,2012
Cc1nc2c(o1)CCN(CCN1CCN(c3nsc4ccccc34)CC1)C2=O,8.378,3,8.512962357142865,2013
COc1ccc2onc(C3CCN(CCN4CCc5cccnc5C4=O)CC3)c2c1,6.79,3,7.857663999519001,226
CC(C)(C)NC1=NCCNC(c2cccc(C(F)(F)F)c2)=C1,6.29,6,7.5666733068782985,279
Cn1ccc2c1CCCN(CCN1CCC(c3noc4ccccc34)C1)C2=O,7.86,1,8.617682121933624,2014
COc1ccccc1N1CCN(CCCCCCN2C(=O)[C@@H]3[C@H]4CC[C@H](C4)[C@@H]3C2=O)CC1,6.108,2,6.531335748677247,925
C[C@H](N)Cn1ncc2ccc3occc3c21,9.109,6,7.705164760582014,575
COc1cc(SCCCF)c(OC)cc1CCN,7.923,2,7.264170181878312,188
O=C(NCCCc1ccccc1)c1cc2c3c(ccc2[nH]1)OCC(CNCCCc1ccccc1)O3,7.553,10,6.8763505092592565,2015
CC1CN(CCN2CCN(c3nsc4ccccc34)CC2)C(=O)c2ccn(C)c21,9.091,2,9.060995990740734,1441
O=C1CCc2cc(CCCCN3CCN(c4cccc5sccc45)CC3)ccc2N1,6.399,4,6.680052096921597,204
Cc1cccc(C2CN(C)CCc3c2cc(O)c(O)c3-c2ccc3ccccc3c2)c1,7.368,3,7.085945916666665,1011
CS(=O)(=O)CC(=O)N[C@H]1CC[C@H](CCN2CCC(c3noc4cc(Cl)ccc34)CC2)CC1,7.82,1,8.089032346560849,111
Oc1cccc2[nH]cc(CCN3CCCC3)c12,6.369,9,7.362288252645505,2016
CCCc1cc(OC)c(CC(C)NCc2ccccc2OC)cc1OC,8.701,10,7.633876162698404,117
C#CCCCSc1cc(OC)c(CCN)cc1OC,8.654,2,7.196879327380954,188
CCCc1ccnc2c1CC[C@@H]1CNCCN21,8.19,5,7.029737826719573,443
CCc1ccnc2c1CC[C@@H]1CNCCN21,7.79,5,6.652656333453583,443
C=CCOc1cc(Cl)c(Cl)cc1C1CC1CN,6.78,8,6.738115988095235,70
CC#CC(=O)N[C@H]1CC[C@H](CCN2CCC(c3cccc4c3CCO4)CC2)CC1,7.34,6,7.571237793650792,222
Cc1c(Cl)cccc1N1CCN(CCCNC(=O)c2nc(-c3ccccc3)n(-c3ccc(F)cc3)c2C)CC1,7.91,2,7.574374462301584,442
O=S(=O)(c1cccc(N2CCNCC2)c1)n1cccc1-c1ccccc1,6.38,1,5.674335439153441,240
O=C(NC1CCc2ccc(CCN3CCN(c4nsc5ccccc45)CC3)cc21)c1ccco1,9.26,8,9.451053841269836,2017
O=C(NCCCCN1CCN(c2ccc(F)cc2)CC1)c1n[nH]c2ccccc12,7.18,9,7.156008664021168,105
CCCc1nc(C(=O)NCCCN2CCN(c3cccc(Cl)c3C)CC2)c(C)n1-c1ccccc1,6.81,3,7.383740280423278,103
CNCc1cc(OCc2ccc(F)cc2C)n(CC2CCCCO2)n1,8.32,5,8.868556607142859,2018
COCCNC(=O)c1ccc2c3c1CCCN3CCNC2,4.301,4,5.390731869047621,198
O=c1ccc2ccc(OCCCCN3CCN(c4cccc(Cl)c4Cl)CC3)nc2[nH]1,8.798,1,7.901220349206357,2019
O=S(=O)(c1ccc(C(F)(F)F)cc1)N(CCCN1CCC(c2noc3cc(F)ccc23)CC1)C1COC1,7.03,3,8.188182829365076,385
c1ccc2c(c1)Cc1ccccc1N1OC(CN3CCOCC3)CC21,6.85,10,6.788040063492062,2020
CN1C[C@H](C(=O)N[C@]2(C)O[C@@]3(O)[C@@H]4CCCN4C(=O)[C@H](Cc4ccccc4)N3C2=O)C=C2c3cccc4[nH]cc(c34)C[C@H]21,8.679,9,7.736728494708998,2021
O=S(=O)(c1ccc(F)cc1)N1CCC(F)(CCc2ccc(F)cc2F)CC1,7.62,4,8.114607912800162,158
NCC1c2ccccc2Cc2cc(O)ccc21,6.97,1,6.7199560582010625,152
O=C1c2cc([N+](=O)[O-])ccc2CCC1CCN1CCC(c2noc3cc(F)ccc23)CC1,7.72,8,8.307476542328047,955
c1ccc2c(N3CCN(CCc4ccc5c(c4)NCN5)CC3)cccc2c1,7.82,8,7.591913472222221,2022
CCN(C)CCc1cccc2ccc(OC)cc12,7.07,5,6.812772723544972,669
Cc1ncnc(C)c1-c1cc(NC(=O)c2ccnn2C)ccc1OCCN1CCCC1,8.197,4,7.979684568783067,329
O=S(=O)(NCCCCN1CCN(c2noc3ccccc23)CC1)c1ccc(OC(F)(F)F)cc1,6.68,9,7.165464699735456,1647
Cc1c(Cl)cccc1N1CCN(CCCNC(=O)c2nc(C)n(-c3ccc4c(c3)OCCO4)c2C)CC1,7.551,4,7.413889276214531,326
CCOC1CC1C(=O)Nc1ccc(OCCN2CCOCC2)c(-c2c(C)ncnc2C)c1,7.51,10,7.680510400793649,454
O=C(CCCN1CC[C@H]2c3cccc4c3N(CCO4)[C@H]2CC1)c1ccc(F)cc1,7.852,6,8.389118818121693,2023
O=C(N[C@H]1CC[C@H](CCN2CCC(c3coc4ccccc34)CC2)CC1)c1ccc(-c2ccccc2)cc1,8.28,5,7.99562740608465,2024
Cn1ncc(Cl)c1-c1cc(NC(=O)Nc2ccc(F)cc2F)ccc1OCCN1CCCC1,9.551,6,8.962154839947093,295
COc1ccccc1-n1c(C)nc(C(=O)NCCCN2CCN(c3cccc(Cl)c3Cl)CC2)c1C,7.989,3,7.058731756613758,103
Oc1ccc2[nH]c3c(c2c1)CCNC3c1ccc(Br)cc1O,6.44,6,6.734877362433867,44
COc1ccc(CCN(CCCc2ccccc2F)CCc2ccc3c(c2)OCO3)cc1OC,7.19,10,7.009154715608466,47
CC#CC(=O)N[C@H]1CC[C@H](CCN2CCN(c3nccc4c3CCO4)CC2)CC1,7.912,10,7.779889301587302,12
CN1CCc2cc3ccccc3n2CC1,7.551,10,6.683706621693121,538
CN1CCC(N(C)S(=O)(=O)c2ccc(-c3ccccc3)cc2)CC1,6.55,4,6.890851821428568,2025
N=C(N)c1ccc(OCCCCCOc2ccc(C(=N)N)cc2)cc1,6.06,1,6.709428853835978,2026
Cc1cc([C@H]2C[C@@H]2CN)ccc1F,6.63,8,6.5513013730158765,70
CNC(=O)c1cccc(OCCCCN2CCC(c3noc4cc(F)ccc34)CC2)n1,6.871,6,7.514506718253968,1573
C[C@H](N)CN1CCc2ccc(Cl)cc21,6.384,1,6.819856482323228,865
COc1ccc2c(c1)N(CCN(C)C)/C(=C/C(C)=O)S2,4.36,9,6.405299398148146,2027
Cc1ccc2c(c1)Oc1cc(C)ccc1C(N1CCN(CC(C)(C)C(=O)O)CC1)=N2,7.89,3,7.609756580687833,596
Cc1c(C(=O)N(C)CCCN2CCN(c3cccc(Cl)c3Cl)CC2)cc(-c2ccccc2)n1C,7.409,8,7.07003169708995,13
CCNc1c2c(nc3ccnn13)CCNCC2,6.86,7,5.9096091507936475,2028
Clc1cccc(N2CCN(CCCCc3cn(-c4ccn5nccc5c4)nn3)CC2)c1Cl,9.19,6,7.4261341031746015,2029
CCCc1nc(C(=O)NCCN2CCN(c3cccc(Cl)c3Cl)CC2)cn1-c1ccc(Cl)cc1,7.161,7,7.389467752645504,761
O=C(N[C@H]1CC[C@H](CCN2CCC(c3coc4ccccc34)CC2)CC1)c1ccc(Cl)cc1Cl,7.911,9,7.9642817301587225,55
c1ccc(Cc2nc3c(c(N4CCSCC4)n2)CCNCC3)cc1,6.46,5,7.858417792328035,2030
O=C1CC(CN2CCC(C(=O)c3ccc(F)cc3)CC2)Cc2occc21,7.215,5,7.386285317460319,77
CN(C)CC[C@@H](Oc1cccc2c1OCO2)c1ccc(F)cc1,7.442,3,7.341004474867725,2031
COc1cc2c3c(c1OCC1CC1)-c1cc(NC(N)=O)ccc1CC3N(C)CC2,6.069,4,6.629451228835976,292
CCOc1ccccc1-c1cccc2c1N1CCNCCC1C2,6.34,7,6.064073842592597,465
COc1ccc(N2CC=C(c3ccc(Cl)cc3)C2=O)cc1OCCN1CCC(C)CC1,6.2,1,6.553124551587308,759
C[C@@H]1NC(N)=Nc2cccc(Cl)c21,6.59,2,6.511075488095238,1033
Nc1nc(NCCCCN2CCN(c3cccc(Cl)c3Cl)CC2)nc(NCCc2c[nH]c3ccccc23)n1,6.652,3,6.5717391375661345,1623
CNC[C@H]1C[C@]1(F)c1ccccc1,6.81,8,6.334326583333332,70
O=S(=O)(c1ccccc1)C1CCN(CCc2ccccc2)CC1,8.92,4,7.385613355820105,36
CN1CCc2cc(Br)c(O)cc2C(c2ccccc2)C1,7.92,4,6.68098712169312,543
OC1CCN(Cc2ccc(OCCCc3ccc(-c4ccc(F)cc4)nn3)cc2)CC1,6.618,4,6.109886585978836,1178
CCOC(=O)Cc1nn(CNC(=O)CCCN2CCN(c3cccc(C)c3C)CC2)c(=O)c2cc(F)ccc12,6.91,1,6.650598242063492,154
COc1ccc(NS(=O)(=O)c2sc3ccc(Cl)cc3c2C)cc1N1CCN2CCCCC2C1,6.2,1,6.675150027777775,2032
Cc1nocc1C(=O)Nc1ccc(OC[C@H]2CCCCN2)c(-c2c(C)noc2C)c1,8.293,8,7.542644939153438,1657
N#Cc1c2n(c3ccccc13)CCNCC2,7.08,10,7.14398940476191,538
COc1cc2c(cc1OC)C(=O)CC(CN1CCN(c3ccccn3)CC1)C2,6.18,8,6.52075338888889,843
Cn1cc(Cl)c(C(=O)N2CCN(CCc3ccccc3F)CC2)n1,7.442,3,7.2945492738095234,64
CS(=O)(=O)N[C@H]1CC[C@H](CCN2CCN(c3nccc4occc34)CC2)CC1,8.169,9,7.97513824603175,83
NCCn1cc(S(=O)(=O)c2cccc(Cl)c2)c2cccnc21,7.96,10,6.037283708152962,1578
Cc1cc(OCCCCN2CCN(c3cccc(Cl)c3Cl)CC2)c2c(C)cc(=O)oc2c1,6.78,4,7.36146965476191,1109
Cc1ncnc(C)c1-c1cc(NC(=O)Cc2cccc(F)c2)ccc1OCCN1CCC1,8.857,10,8.077085593915351,2033
c1ccc(OCCCN2CCN(c3ccccc3)CC2)cc1,7.339,9,6.768161917989421,288
C#CC(O)C(=O)N(CC)CCN1CCC(c2noc3cc(F)ccc23)CC1,8.66,4,8.898188871693119,32
COc1ccc2[nH]cc(CCNCc3ccc(Br)cc3)c2c1,9.57,3,7.379127768518517,663
CO[C@@H](C)C(=O)N[C@H]1CC[C@H](CCN2CCN(c3nccc4c3CCO4)CC2)CC1,7.926,10,7.921034884920631,12
CNC(=O)c1cncc(OCCCCN2CCC(c3noc4cc(F)ccc34)CC2)c1,7.08,1,7.164929167989413,54
CC(C)COc1ccc(CC(=O)N(Cc2ccc(F)cc2)C2CCN(C)CC2)cc1F,8.6,6,8.110925460317459,128
O=C(N[C@H]1CC[C@H](CCN2CCN(c3cccc4c3OCO4)CC2)CC1)N1CCc2ccccc21,7.54,9,7.674091129629631,2034
O=S(=O)(CC1CCN(CCCc2noc3cc(F)ccc23)C1)c1ccc(Cl)c(Cl)c1,8.77,5,8.583530134920633,373
[N]C([N])=NN=[C]c1cccc(O[C]c2ccc(C(=O)c3ccccc3)cc2)c1,6.747,8,6.160822677248678,2035
O=S(=O)(NCCCN1CCN(c2nsc3ccccc23)CC1)c1ccc2ccccc2c1,8.0,3,8.215212075396824,859
CCCC(Oc1cc(Cl)ccc1Cl)c1nc(N)nc(N2CCN(C)CC2)n1,6.419,8,6.487936326719578,342
CCCn1c(C)nc(C(=O)NCCCN2CCN(c3cccc(Cl)c3Cl)CC2)c1C,7.58,1,7.008588705026456,1836
CN(C)CCN(Cc1ccc(-c2ccc(CNCCc3ccccc3)cc2)cc1)C(=O)/C=C/c1ccccc1,6.4,7,7.409825525132271,2036
CCCCCc1ccnc2c1CC[C@@H]1CNCCN21,8.639,5,7.020369187830688,443
O=S(=O)(c1ccc(F)cc1)N(CC1CC1)C1CCN(CCOc2ccccc2-c2ccccc2)CC1,7.16,6,7.411682539682542,2037
O=S(=O)(N[C@H]1CCN(CCCc2noc3ccccc23)C1)c1ccc(F)cc1,7.878500000000001,5,8.659428056878305,159
Cc1cccc(N2CCN(CCCC(=O)NCc3nc4ccc(F)cc4c(=O)n3-c3ccccc3)CC2)c1C,6.38,1,7.119396705507456,2038
O=C(CC1C[C@H](O)CO1)N[C@H]1CC[C@H](CCN2CCN(c3nccc4c3CCO4)CC2)CC1,7.65,7,7.780078575396826,1715
Cn1cnc2c1C(=O)N(CCN1CCC(c3noc4ccccc34)CC1)CC2,9.02,5,8.230027304232808,2039
COCCOc1cccc(C(=O)C2CCN(CCc3ccc(F)cc3)CC2)c1OC,8.231,2,7.416477218253967,88
Fc1ccc2[nH]c3c(c2c1)CCNC3c1ccccc1Cl,6.56,6,6.763539473544976,44
Cc1ncnc(C)c1-c1cc(NC(=O)Cc2cc(C)n(C)n2)ccc1OCCN1CCCC1,6.16,4,7.583466026455024,2040
COc1ccccc1N1CCN(CCNC(=O)c2cnn3ccccc23)CC1,6.24,3,6.698744337301591,2041
CN1CCN(C2=Nc3ccccc3Oc3ccc(Cl)cc32)CC1,8.659,3,7.647904585978834,596
CCCN(c1cccc(N2CCN(C)CC2)c1)S(=O)(=O)c1ccc2ccccc2c1,6.41,6,7.050773515873016,1830
CC(C)COc1ccc(CC(=O)N(Cc2ccc(F)cc2)C2CCN(C)CC2)c(F)c1,8.2,6,8.127971980158726,128
O=C(N[C@H]1CC[C@H](CCN2CCC(c3noc4cc(F)c(F)cc34)CC2)CC1)C1CCOCC1,8.107,4,7.829797693061567,600
C[C@@H](N)Cn1ccc2cc(F)c(Cl)cc21,7.228999999999999,1,7.031707652116399,89
CCN(CCN1CCN(c2noc3cc(F)ccc23)CC1)C(=O)C(C)O,7.989,4,7.782380575396827,1784
CNCCc1cccc2[nH]cc(S(=O)(=O)c3ccccc3)c12,6.412,3,6.58547434920635,56
COc1cc(CN2CCCCC2)ccc1OCCCN1CCC(c2noc3cc(F)ccc23)CC1,8.05,8,8.088775578703705,608
C[C@H]1C[C@H](NS(=O)(=O)c2cc3ccc(Cl)cc3s2)CN1CCCc1noc2cc(F)ccc12,8.38,3,8.334854695526698,833
Cn1nc(-c2cccc3ccccc23)cc1C(=O)N1CCC(CO)CC1,7.12,2,5.122894333333335,2042
O=S(=O)(c1cccc2ncccc12)N1CCC[C@H]1CCN1CCN(c2cccc3sccc23)CC1,7.345000000000001,10,7.772317594516601,2043
CC(=O)N[C@H]1CC[C@H](CCN2CCC(c3coc4ccccc34)CC2)CC1,8.29,5,8.21048267460317,182
NCCCN1c2ccccc2CCc2ccccc21,6.4,8,7.018021735329486,203
CC[C@@H](O)CC(=O)N[C@H]1CC[C@H](CCN2CCC(c3cccc4c3CCO4)CC2)CC1,6.91,6,7.441270732804231,222
O=C1CCc2ccc(OCCCCN3CCN(c4cccc5c4CCC5)CC3)nc2N1,9.8,9,9.180633664021164,2044
COc1cc(CC(C)N)c(OC)cc1CCCc1ccccc1,8.0,5,7.7560697228835975,2045
CNCc1cc(Br)ccc1Oc1ccc(Cl)c(Cl)c1,6.102,5,6.848703511904763,7
CCN(CC)CCOc1ccc(NC(=O)Nc2ccc(F)cc2)cc1-c1ccnn1C,9.07,9,8.591220440476196,104
CN1CCc2c(c3cccc4c3n2CCc2ccccc2-4)C1,6.59,5,7.434521107142861,2046
Cc1ccc2c(N3CCN(CCc4cccc(NS(C)(=O)=O)c4)CC3)cccc2n1,6.1,7,6.7902259642857095,1907
COc1ccc(NC(=O)N2CCN(CCc3ccc(F)cc3)CC2)cc1-c1c(Cl)cnn1C,6.81,3,8.105339369047615,2047
OC1c2ccccc2CCC12CCN(CCc1ccccc1)CC2,9.399,2,7.190699984126987,1334
O=S(=O)(NCCCCN1CCN(c2nsc3ccccc23)CC1)c1cc2ccccc2s1,8.221,9,8.060962739898988,1056
Clc1ccc(-c2ccc(C#Cc3ccc(OCCN4CCCC4)cc3)nc2)cc1,6.3,4,6.648117591269841,2048
CC(=O)N1CC(CCN2CCN(c3cccc4sccc34)CC2)c2ccccc21,6.27,2,7.30961151298239,2049
COc1cc(CCNCc2cccnc2OC)c(OC)cc1Br,7.1,8,8.161496064814816,1961
CC(C)(C)Oc1ccc(C(=O)N[C@H]2CC[C@H](CCN3CCC(c4cccc5c4CCO5)CC3)CC2)cc1,7.369,4,7.428340695767187,399
O=C(CC1CCCO1)N[C@H]1CC[C@H](CCN2CCC(c3noc4cc(Cl)ccc34)CC2)CC1,8.0485,1,7.895372749999992,1589
COC(=O)N[C@H]1CC[C@H](CCN2CCC(c3cccc4c3OCO4)CC2)CC1,7.66,3,7.624250335978833,63
O=S(=O)(N[C@H]1CC[C@H](CCN2CCN(c3cccc4c3OCO4)CC2)CC1)N1CCOCC1,7.49,1,7.40707866402116,2050
C[C@]1(O)CC[C@@H](C(=O)N[C@H]2CC[C@H](CCN3CCN(c4nccc5c4CCO5)CC3)CC2)CC1,8.055,9,7.9938439431216874,2051
Cc1ncnc(C)c1-c1cc(NC(=O)c2ccccc2)ccc1OCCN1C[C@H]2C[C@H]2C1,8.44,7,8.168513226190472,2052
CC(C)COc1ccc(OC(=O)N(Cc2ccc(F)cc2)[C@@H]2CCNC[C@@H]2F)cc1,7.4,9,8.247131234126982,1943
O=C(CC(F)(F)F)N[C@H]1CC[C@H](CCN2CCC(c3cccc4c3CCO4)CC2)CC1,7.468,6,7.5621974834656065,222
CN(C(=O)N[C@H]1CC[C@H](CCN2CCN(c3nsc4ccccc34)CC2)CC1)c1cccs1,8.97,6,9.055413783068783,2053
Cc1noc(C)c1-c1cc(NC(=O)C2CC2)ccc1OCCN(C)CC1CC1,7.327,4,7.500597575396826,2054
O=C1NCc2cc(F)c(OCCCN3CCN(c4cccc5cccc(F)c45)CC3)cc21,8.922,10,8.1458724510582,135
O=S(=O)(c1ccccc1-c1cccc2ccccc12)N1CCC(CCc2ccc(F)cc2F)CC1,8.77,1,7.8782559999999995,2055
CC1CC(=O)N(C)c2c(CCN3CCN(c4nsc5ccccc45)CC3)cccc21,9.77,2,9.544400478835975,97
Cc1nc2n(c(=O)c1CCN1CCN(c3cccc4sccc34)CC1)CCCC2,8.37,2,6.98082696368447,361
Cn1cnc2c1C(=O)N(CCN1CCN(c3nsc4ccccc34)CC1)CCC2,8.89,1,9.02969156349207,462
O=C1Nc2ccccc2C12CCN(CCN1CCN(c3ccccc3)CC1)C2,6.302,4,6.390491609307362,655
CCN(CC)c1nc2c(c(-c3ccc(C)cc3)n1)CNCC2,7.699,7,7.40782641931217,1613
CC(C)Oc1ccc(COC(=O)N(Cc2ccc(F)cc2F)C2CCNCC2)cc1,9.6,7,8.326993577200579,76
Cn1c(=O)c2c(nc3n2CCCC(=O)N3CCCN2CCN(c3cccc(Cl)c3)CC2)n(C)c1=O,6.45,9,6.323595547619043,2056
Cc1cc(OCCCCN2CCN(c3ccccc3C#N)CC2)c2c(C)cc(=O)oc2c1,6.95,4,6.849756681216932,1109
CC(C)Oc1ccc(COC(=O)N(Cc2c(F)cc(Cl)cc2F)C2CCN(C)CC2)cc1,9.1,7,7.334275034391537,76
Cc1nc(-c2ccc(-c3ccc(C(=O)Nc4ccc5c(c4)C4(CCN(C)CC4)CO5)cc3)c(C)c2)no1,6.0,8,7.6557015674603175,2057
O=C(N[C@H]1CC[C@H](CCN2CCN(c3cccc4c3OCO4)CC2)CC1)C1CCS(=O)(=O)C1,8.37,7,7.92682316005291,2058
CNCc1cc(OC)c(OC)cc1Oc1ccc(Cl)c(Cl)c1,6.602,5,7.401815706349212,7
COc1ccccc1OCCNc1nc(N)nc(NCCc2c[nH]c3ccccc23)n1,4.89,5,5.2576592777777815,2059
O=C(O)CC1CCN(C2CCC3(Cc4ccccc4Cc4ccccc43)C2)CC1,6.2,2,7.130646690476193,737
COc1ccc(S(=O)(=O)N(CCCN2CCN(c3ccc(F)cc3)CC2)CC2CC2)cc1,7.14,7,7.684678988095241,963
Cc1cc2c(cc1Cl)CCN2C(=O)Nc1cccnc1,6.4,7,6.482854498677246,440
O=C(N[C@H]1CCN(Cc2ccccc2)C1)c1cccc(-c2cccs2)c1,6.339,9,7.862348527777776,162
O=c1n(CCCCCCN2CCN(c3cccc4ccccc34)CC2)nc2ccccn12,6.651,4,7.183607912698417,2060
COc1cnc2n1Cc1ccccc1C=C2N1CCN(CC(C)(C)C(=O)O)CC1,6.6,8,6.779704119047618,201
NC(=O)C(=O)c1c2n(c3ccccc13)CCNCC2,6.5,10,5.195392626984129,538
COc1ccc(NC(=O)Nc2ccc(OC)c(-c3c(Br)cnn3C)c2)cc1,9.35,9,7.606870687830686,104
NC[C@H]1C[C@@H]1c1ccccc1Cl,6.78,8,6.390309111111118,70
O=S(=O)(Nc1ccc2nccc(N3CCNCC3)c2c1)c1ccc2c(Cl)cccc2c1,6.0,2,6.4108364113756595,2061
Fc1ccc2c(C3CCN(CCCOc4ccc(CN5CCCC5)cc4)CC3)noc2c1,8.068,6,8.073667710317457,821
CC(C)N(C(=O)N[C@H]1CC[C@H](CCN2CCN(c3nsc4ccccc34)CC2)CC1)C(C)C,9.42,5,8.934278061568063,321
Cc1c(C(=O)NCCCN2CCN(c3cccc(Cl)c3Cl)CC2)cc(-c2ccncc2)n1C,7.409,2,7.0027830673400695,1402
CC(C)(O)CC(=O)N[C@H]1CC[C@H](CCN2CCC(c3cccc4c3CCO4)CC2)CC1,7.25,6,7.514769486772481,222
O=C(N[C@H]1CC[C@H](CCN2CCC(c3cccc4c3CCO4)CC2)CC1)C1CCOCC1,7.891,9,7.667266924603172,2062
COc1ccc(CNCCc2c[nH]c3ccc(OC)cc23)cc1,7.4,3,7.4425432883597935,663
O=C(Cc1noc2ccccc12)N[C@H]1CC[C@H](CCN2CCC(c3cccc4c3CCO4)CC2)CC1,7.51,8,8.120780215007212,2063
c1ccc2c(c1)cc1n2CCNCC1,7.747,10,6.544656874338626,538
COc1ccc2c(c1)c1c(n2C)CN(c2ccc(OC)c(OCCN3CCCCC3)c2)C1=O,6.0,9,6.238490234126983,689
COCCNC(=O)c1ccc2c3c1C(CC(F)(F)F)CN3CCNC2,6.66,4,5.9434012037037025,18
O=c1c2cccnc2ccn1CCN1CCN(c2nsc3ccccc23)CC1,9.31,7,8.775445547619046,2064
O=C(CC1CC1)N[C@H]1CC[C@H](CCN2CCN(c3nccc4c3CCO4)CC2)CC1,7.862,6,7.856583604016353,2065
O=S(=O)(c1cncc2ccccc12)N1CCC[C@H]1CCN1CCC(c2noc3cc(F)ccc23)CC1,8.221,2,8.14086753174603,2066
C#CC1=CC[C@H](N(CCC)CCCCNC(=O)c2ccc(OCCCc3cn(CCCC)nn3)c(OC)c2)CO1,4.85,5,6.581917115079366,2067
Cc1cc(C(=O)NCCCN2CCN(c3cccc(C)c3C)CC2)nc(C(C)(C)C)n1,6.56,9,6.941407674603176,31
O=c1c2cccnc2ccn1CCN1CCN(c2noc3ccccc23)CC1,8.97,4,7.532233721741226,2068
Cc1ncnc(C)c1-c1cc(NC(=O)Cc2ccccc2)ccc1OCCN1CCCC1,8.688,10,7.876895440476187,291
COCCC(=O)N[C@H]1CC[C@H](CCN2CCN(c3ncc(C)c4occc34)CC2)CC1,7.92,9,7.708977276575277,83
Cc1oc(-c2ccco2)nc1CN1CCN([C@@H]2CCc3ccccc3C2)CC1,7.278,2,7.069410488095241,2069
O=C1NCc2ccc(OCCCCN3CCN(c4cccc5c4CCO5)CC3)cc21,7.271,1,7.800204509139012,2070
COc1cccc(-n2cc(C(=O)N(C)c3cccc(Cl)c3)c3ccccc3c2=O)c1,4.54,9,6.164334608363857,989
Cc1ccc2c(c1)c1c(n2/C=C\c2ccccc2)CCN(C)C1,9.0,9,7.5601108353174675,2071
O=S(=O)(CC1CCN(CCCc2noc3cc(F)ccc23)C1)c1cccc(F)c1,7.399,5,8.649390146825402,373
CCCc1nc(C(=O)NCC(O)CN2CCN(c3cccc(C)c3C)CC2)cn1-c1ccc(Cl)cc1,6.831,3,6.99969717724868,103
Cc1ccc(C(=O)N[C@H]2CC[C@H](CCN3CCN(c4cccc5sccc45)CC3)CC2)o1,9.041,5,8.357604716931219,1507
O=S(=O)(c1cccc2ncccc12)N1CC[C@@H]1CCN1CCN(c2cccc3sccc23)CC1,8.15,7,7.474901462962959,2072
O=c1c2cnccc2ccn1CCN1CCN(c2noc3ccccc23)CC1,7.583,4,7.466412580206834,1194
COc1cc(Br)c(OC)nc1CCN,7.003,5,6.8373234653679615,346
Cn1nccc1-c1cc(NC(=O)Nc2cccc(C(F)(F)F)c2)ccc1OCCN1CCCCC1,9.6,9,8.609111157407412,93
CN1CCC(N(Cc2ccc(F)cn2)C(=O)NCc2ccc(OCCF)cc2)CC1,8.235,7,8.165938006613757,223
CC(=O)c1c(OCCCCN2CCN(c3ccccc3Cl)CC2)ccc2c(C)cc(=O)oc12,7.699,10,7.866029043650803,86
Nc1nc(SCCN2CCN(Cc3ccccc3Cl)CC2)nc(N)c1Cc1ccccc1,7.74,5,7.015673023809528,467
COc1ccc(S(=O)(=O)N(CCCN2CCN(c3cccc(C(F)(F)F)c3)CC2)CC2CCCCC2)cc1,7.71,4,6.680103343915344,1062
Cc1cc(F)ccc1/C=C/c1ccc(S(=O)(=O)c2ccccc2F)cn1,8.088,4,7.570818772126025,51
C=CCN(CC=C)CCc1c[nH]c2ccc(Cl)cc12,6.39,1,6.903990983465609,89
COc1ccc(N2CC=C(c3ccc(Cl)cc3)C2=O)cc1OCCN1CCCCC1,6.0,1,6.439377009259267,759
CO[C@H]1CCN(CCOc2ccc(NC(=O)C3CC3)cc2-c2c(C)ncnc2C)C1,7.708,3,7.6818257380952355,1341
O=S(=O)(NCCCN1CCC(c2noc3cc(F)ccc23)CC1)c1ccc(OC(F)(F)F)cc1,8.42,2,8.286943169312172,664
CCN(C)CCc1c[nH]c2ccc(F)cc12,7.69,1,6.883172361111112,89
c1ccc2nc(N3CCNCC3)ccc2c1,7.229,5,5.9932426058201065,2073
N#Cc1ccn2c(=O)n(CCCCN3CCN(c4cccc5sccc45)CC3)nc2c1,6.14,3,7.34093486507937,121
CC(C)n1nc2c(c1-c1ccc(Cl)cc1)CCNCC2,9.0,2,7.543803,68
Clc1ccc2[nH]c3c(c2c1)CCNC3c1cccs1,6.14,6,6.698141642857148,284
Cn1ccnc1-c1cc(-c2cccc3ccccc23)nn1C,7.03,10,5.735891400793652,2074
C(=C\c1ccccc1)/COCC1CCN(CCCc2ccccc2)CC1,6.548,4,6.92703400132275,2075
COc1cc(CCNCc2ccccc2F)c(OC)cc1C,7.967,10,7.297654268518516,117
O=S(=O)(NCCCN1CCC(c2noc3cc(F)ccc23)CC1)c1cc2ccc(Cl)cc2s1,8.588,1,8.786532995911495,1633
COc1ccccc1N1CCN(CCCCOc2ccn3nc(C=O)cc3c2)CC1,6.747,8,7.229891945767193,245
CCN(C)CCc1cccc2[nH]cc(S(=O)(=O)c3ccccc3)c12,6.365,3,7.135211177248677,56
O=S(=O)(c1cccc2ncccc12)N1CCC[C@H]1CCN1CCN(c2cccc3[nH]ccc23)CC1,6.480499999999999,3,7.225710671957672,2076
O=C1CCc2ccc(OCCCCN3CCN(c4c(F)ccc5ccccc45)CC3)nc2N1,8.17,4,7.8886390780423215,369
O=C(CCCN1CCN(c2ccccn2)CC1)c1ccc(F)cc1,7.27,4,7.5865748955026415,668
CCN(CC)C(=O)[C@@H]1C=C2c3cccc4[nH]cc(c34)C[C@H]2N(CC2CC2)C1,8.652,2,7.6944302063492085,2077
COc1c(O)ccc2c1CN1CCc3cc4c(cc3[C@@H]1C2)OCCO4,6.44,10,6.473435945767196,2078
O=C1NCCN1CCN1CCCC(c2c(-c3ccccc3)[nH]c3ccccc23)C1,7.58,9,7.640726841269841,2079
C[C@@H]1CNCCc2ccc(Cl)cc21,6.64,3,6.543542865079364,40
COCCC(=O)N[C@H]1CC[C@H](CCN2CCC(c3ccc(F)c4occc34)CC2)CC1,7.51,2,7.706482562169316,221
CCCc1cnc2c(c1)CC[C@@H]1CNCCN21,7.66,5,6.668877878968256,443
Cn1nc2c(c1Br)C(=O)N(CCN1CCC(c3noc4ccccc34)CC1)CC2,9.42,7,8.778394900793652,899
Cc1noc(C)c1-c1cc(NC(=O)Cc2cncc(F)c2)ccc1OCCN1CCC1,7.836,8,7.946777751322751,2080
Cc1noc(C)c1-c1cc(NC(=O)c2c(F)cnn2C)ccc1OCCN1CCOCC1,8.232,7,8.227294972222232,2081
Cc1nc2n(c(=O)c1CCN1CCN(c3nsc4ccccc34)CC1)CCCC2(F)F,7.77,6,8.624297514550259,1162
Clc1ccc(-c2n[nH]c3c2CCNCC3)cc1,6.73,10,6.480998416666666,1255
CN1CCN(C2=Nc3cc(Cl)ccc3Oc3ncccc32)CC1,6.69,5,7.593612761904757,2082
COc1cccc(N2CCN(CCCOc3ccc4c(C)cc(=O)oc4c3C(C)=O)CC2)c1,7.52,3,6.978359646825393,678
CC(C)COc1ccc(COC(=O)N(Cc2ccc(Cl)cc2Cl)C2CCN(C)CC2)cc1,8.0,7,7.365606410052907,76
COc1ccc2c(c1)Cc1ccn(CC(C)N)c1-2,6.4,10,7.2134466944444435,309
CCN1CCN(c2cc(-c3ccc(F)cc3)c3c(n2)CCCCCC3)CC1,9.091,9,7.883506072751318,638
COc1ccccc1N1CCN(CCCCNC(=O)c2cccc3ccnn23)CC1,6.109,6,6.714903063492063,2083
O=C(N[C@H]1CC[C@H](CCN2CCC(c3noc4cc(F)ccc34)CC2)CC1)c1cnc(N2CCOCC2)nc1,8.61,5,8.455983831770082,2084
O=C1[C@@H]2[C@H]3CC[C@H](C3)[C@@H]2C(=O)N1CCCCN1CCN(c2ccc3ccsc3c2)CC1,6.89,4,7.0086450952381,2085
COc1cc(OCC2CCCCC2)c(F)cc1CNC(=O)[C@@H]1CCCN1,6.301,3,7.0224324801587334,2086
O=C(O)C1(CN2CCN(C3=Nc4ccc(F)cc4Oc4cc(F)ccc43)CC2)CC1,7.89,4,7.5484201580687875,59
O=C1[C@@H]2[C@@H]3C[C@@H]([C@@H](O)[C@H]3O)[C@@H]2C(=O)N1CCCCN1CCN(c2cccc3sccc23)CC1,7.088,10,6.804020126623379,636
C[C@H](N)Cn1ncc2ccc(Cl)c(Cl)c21,8.04,4,7.1765063505291025,136
O=c1n(CCCCCCN2CCN(c3nsc4ccccc34)CC2)nc2ccccn12,8.3,2,8.103929025132276,2087
CCS(=O)(=O)c1nc(S(=O)(=O)c2ccc(Cl)cc2)c(N2CCc3ccccc3C2)s1,6.515,5,6.585458641774893,2088
CC(C)Oc1ccc(CC(=O)N(Cc2ccc(F)cc2Cl)C2CCN(C)CC2)cc1,6.5,6,8.110446599206352,128
Fc1ccc2c([C@@H]3CNCC[C@H]3F)c(-c3cccc4ccccc34)[nH]c2c1,9.47,1,8.897166019841267,2089
O=S(=O)(c1ccccc1)N(CCCCCCN1CCN(c2nsc3ccccc23)CC1)c1cccc(C(F)(F)F)c1,7.19,10,7.498740268518515,1572
O=S(=O)(c1cccc2cccnc12)N(CCCN1CCN(c2ccccc2)CC1)CC1CC1,6.54,8,7.084079812169311,306
O=S(=O)(c1ccc(F)cc1)N1CCC(O)(CCc2ccc(F)cc2F)CC1,6.721,4,7.903604757936516,158
Cc1noc(C)c1-c1cc(NC(=O)C2CC2)ccc1OCCN1CCN2C(=O)CCC2C1,7.609,10,7.710817345238089,2090
O=C(N[C@H]1CC[C@H](CCN2CCC(c3coc4ccccc34)CC2)CC1)c1ccc(C2CCCCC2)cc1,8.24,9,8.109804388888877,2091
CC(N)Cn1ccc2cc(Cl)ccc21,6.7,1,6.892056056878303,89
O=C(N[C@H]1CC[C@H](CCN2CCC(c3noc4cc(Cl)ccc34)CC2)CC1)C(O)C(F)(F)F,7.66,1,8.195717302789802,111
CNC(=O)c1ccc(OC)c(OCCCCN2CCN(c3cccc(Cl)c3Cl)CC2)c1,6.078,2,6.787251599206355,471
CC(=O)c1cccc(NC(=O)Nc2ccc(OCCN3CCCC3)c(-c3ccnn3C)c2)c1,8.3,6,8.508557947089948,295
COc1cc(CCNCc2ccccc2)c(OC)cc1Br,9.091,10,7.411553087301582,117
Cc1cccc(N2CCN(CCCNC(=O)c3cc(-c4ccccc4)n(-c4ccc(F)cc4)c3C)CC2)c1C,8.16,6,7.086134298941797,897
CCn1nc(-c2cccc3ccccc23)cc1-c1cccnn1,6.05,7,5.204251357142857,2092
Cc1c(C(=O)NCCCN2CCN(c3cccc(Cl)c3Cl)CC2)cc(C(C)(C)C)n1C,6.789,7,7.049562519841275,1050
O=C(N[C@H]1CC[C@H](CCN2CCC(c3coc4ccccc34)CC2)CC1)C1CCC1,8.26,6,8.335752488095238,2093
Cn1cc(Br)c(C(=O)N2CCN(CCc3ccccc3F)CC2)n1,7.747,3,7.41712400661376,64
CCN(CCN1CCC(c2noc3cc(F)ccc23)CC1)C(=O)C1CNCC1O,9.1,10,8.236457912698416,1751
CNc1nc(C(F)(F)c2ccccc2)nc2c1CCNCC2,6.922,1,7.444086695045694,477
O=C(CC1CCOCC1)N[C@H]1CC[C@H](CCN2CCN(c3cccc4c3OCO4)CC2)CC1,7.58,4,7.65411766269841,2094
O=S(=O)(N[C@H]1CCN(CCCc2noc3ccccc23)C1)c1cc2ccc(F)cc2s1,9.1795,3,8.63643632010582,833
Cc1nc2c(O)cccn2c(=O)c1CCN1CCN(c2cccc3sccc23)CC1,7.149,9,7.364995806878302,1849
CC(N)Cn1ccc2c1-c1cc(Cl)ccc1C2,6.699,10,7.107665178571427,309
Cc1cnc(N2CCN(CC[C@H]3CC[C@H](NC(=O)C4CCOCC4)CC3)CC2)c2ccoc12,8.25,9,7.962967924603169,777
CCNCc1cc(OCc2cc(F)ccc2F)n(CC2CCCCC2)n1,8.469,6,8.493377998677255,94
Cc1nc2c(o1)CCN(CCN1CCN(c3noc4ccccc34)CC1)C2=O,8.418,2,7.272206059523804,2095
COc1cc(CC(C)N)c(OC)cc1O,4.301,2,7.026002269841271,188
CC1(CNC(=O)c2ccc(C#Cc3ccc(F)cc3F)cc2)CCOCC1,6.523,1,6.894166017857144,581
Cc1ncnc(C)c1-c1cc(NC(=O)Cc2ncsc2C)ccc1OCCN1CCCC1,6.148,8,8.041261645502644,2096
CNC(=O)c1cc(OCCCCN2CCN(c3cccc4sccc34)CC2)ccc1F,7.098,4,7.068822919312174,1709
CN1CC[C@@H]2CN3CCc4cccc(c43)[C@@H]2C1,6.48,7,5.767661942460314,2097
O=S(=O)(NCCCCN1CCN(c2nsc3ccccc23)CC1)c1ccc2cc(Cl)ccc2c1,8.09,8,8.033515661375661,1637
Cc1ccc2c3c1CCN3CCNC2,4.301,4,4.967762206349204,18
Cc1n[nH]c(C)c1S(=O)(=O)N1CCC(=C(F)c2ccc(Cl)c(F)c2)CC1,6.721,5,6.662978464285715,804
Fc1ccc2c(CCNCc3cccc(OCC(F)(F)C(F)F)c3)c[nH]c2c1,6.101,3,7.380245702380953,663
O=C(CC(F)(F)F)N[C@H]1CC[C@H](CCN2CCC(c3coc4ccccc34)CC2)CC1,8.092,5,8.21672717989418,182
O=C(CCCN1CCN(c2cccc(C(F)(F)F)c2)CC1)NCc1nc2cc(F)ccc2c(=O)n1-c1ccccc1,6.209,1,7.058490901274652,2038
O=C(CC1CCC1)N[C@H]1CC[C@H](CCN2CCC(c3coc4ccccc34)CC2)CC1,8.308,5,8.21040313359788,2098
COc1cccc2c1C[C@@H]1CNCCN1C2=O,6.14,10,5.739619228835977,149
CC#CC(=O)N[C@H]1CC[C@H](CCN2CCC(c3coc4ccccc34)CC2)CC1,8.101,5,8.180026617724865,182
Cc1ccc2c(n1)N1[C@@H](CNC[C@H]1C)C2,6.868,2,6.546304538359788,153
Oc1ccc(C2NCCc3c2[nH]c2ccc(Cl)cc32)c(O)c1,8.82,6,6.626893515873021,44
COc1cc(CCCCF)c(OC)cc1CCN,7.241,2,7.199325697751321,188
O=C1Cc2cc(CCN3CCN(c4cccc5sccc45)CC3)ccc2N1,8.198,8,7.554142210317459,134
CC(C)C(=O)N[C@H]1CC[C@H](CCN2CCC(c3coc4ccccc34)CC2)CC1,8.24,5,8.266733826719578,182
COc1ccc(NC(=O)c2ccc(-c3ccc(-c4noc(C)n4)cc3C)cc2)cc1N1CCN(C)CC1,7.692,4,7.0811266481481505,2099
O=C(CC1CCC2(CC1)OCCO2)N[C@H]1CC[C@H](CCN2CCC(c3noc4cc(Cl)ccc34)CC2)CC1,8.08,3,7.798849568783067,2100
Cc1cccc(N2CCN(CC(O)CNC(=O)c3nc(C)n(-c4ccc(F)cc4)c3C)CC2)c1C,7.108,3,7.341276454365078,103
CC(C)C[C@H]1C(=O)N2CCC[C@H]2[C@]2(O)O[C@](NC(=O)[C@@H]3C=C4c5cccc6[nH]cc(c56)C[C@H]4N(C)C3)(C(C)C)C(=O)N12,7.59,7,7.9905514973545,1475
CCOCCC(=O)N[C@H]1CC[C@H](CCN2CCC(c3cccc4c3OCO4)CC2)CC1,7.26,3,7.293972253968253,63
CCCn1c(-c2ccccc2)cc(C(=O)NCCCN2CCN(c3cccc(OC)c3OC)CC2)c1C,6.059,8,6.8342315899470885,13
O=C(NCCCCN1CCN(c2ccccn2)CC1)c1ccc2ccccc2n1,7.16,2,6.860606955026454,2101
Cc1cc(C)cc(-c2nc(NC(=O)c3cccnc3)sc2-c2ccncc2)c1,6.019,10,5.8625715277777815,2102
c1ccc(Cc2cncc3c2CC[C@@H]2CNCCN32)cc1,8.591,9,7.700980478174602,2103
COc1ccc(CN(CCN(C)C)c2ccccn2)cc1,6.27,8,6.756091468253969,2104
CC(C)COc1ccc(CNC(=O)N(Cc2ccc(Cl)cn2)C2CCN(C)CC2)cc1,9.536,7,7.65413099603175,223
CCCN1C[C@H](CSC)C[C@@H]2c3cccc4[nH]cc(c34)C[C@H]21,7.891,8,7.099046328042321,1069
COc1ccc(-n2c(-c3ccccc3)nc(C(=O)NCCCN3CCN(c4cccc(Cl)c4C)CC3)c2C)cc1,7.68,2,7.497442301587298,442
COc1ccc(-n2nc(C(C)(C)C)cc2NC(=O)Nc2ccc(Oc3ccnc(Nc4ccc(O)cc4)n3)c3ccccc23)cc1,7.222,9,6.688154055555554,65
Fc1ccc(Nc2nc(Cc3ccccc3)nc3c2CCNCC3)cc1,8.71,2,7.45985871031746,325
COc1ccccc1-n1c(C)nc(C(=O)NCC(O)CN2CCN(c3cccc(C)c3C)CC2)c1C,6.41,3,6.648124702380949,103
Cc1ncnc(C)c1-c1cc(NC(=O)[C@H]2C[C@@H](F)C2)ccc1OCCN1CCCC1,8.498,5,7.94308326743627,1458
CC(C)n1ncc2c1CCN(CCN1CCN(c3nsc4ccccc34)CC1)C2=O,9.078,10,8.8478506034151,811
Fc1ccc2[nH]c3c(c2c1)CCNC3C1CCOCC1,6.45,4,6.798595426587303,1232
COc1cc(C2CNC2)c(OC)cc1Br,8.8,6,7.103306969576718,2105
CCc1cccc(N2CCN(CC[C@H]3CC[C@H](NC(=O)COC)CC3)CC2)c1Cl,7.68,1,7.518536193121695,393
O=C(N[C@H]1CC[C@H](CCN2CCN(c3nccc4c3CCO4)CC2)CC1)C1CC1(F)F,7.76,1,7.912546544973544,395
O=C1CCc2ccc(OCCCCN3CCN(c4cccc(Cl)c4C(F)(F)F)CC3)nc2N1,8.85,10,8.611985202889702,429
CN(C)CCN1C(=O)c2ccccc2/C=C\c2ccccc21,4.13,2,5.708111488095238,931
O=C(CCO)N[C@H]1CC[C@H](CCN2CCC(c3cccc4c3CCO4)CC2)CC1,7.21,6,7.677238534632032,222
Cc1cccc(S(=O)(=O)NCCCN2CCC(c3noc4cc(F)ccc34)CC2)c1,8.431,2,8.482543186507938,664
O=C1c2ccccc2CC1CCN1CCc2ccccc2C1,6.409,8,6.264412292328046,1814
COc1ccccc1N1CCN(CCCCNC(=O)c2nnn(Cc3ccccc3Br)c2C)CC1,6.82,6,7.175455645502642,8
[O-][S+](c1ccccc1)c1ccc(/C=C/c2ccc(F)cc2)nc1,8.11,8,7.493837438912937,529
CNCc1cc(OCc2ccccc2)n(Cc2ccccc2)n1,8.26,10,7.612868211640207,250
CCCc1nc(C(=O)NCC(O)CN2CCN(c3cccc(Cl)c3C)CC2)c(C)n1-c1ccc(OC)cc1,6.24,3,6.800924862433867,103
CN1CCC(c2c[nH]c3ccc(F)cc23)C1,6.979,2,6.946615825396827,1683
COc1cccc(C2CCN(c3ccn4c(CC5CC5)nnc4c3Cl)CC2)c1,6.494,3,6.9560195555555495,511
O=C(C[C@H]1COCCO1)N[C@H]1CC[C@H](CCN2CCN(c3nccc4c3CCO4)CC2)CC1,8.01,4,7.777273101851847,2106
CC(C)(C)Oc1ccc(C(=O)N[C@H]2CC[C@H](CCN3CCC(c4noc5cc(F)ccc45)CC3)CC2)cc1,8.76,1,8.26640087037037,1708
Cc1[nH]nc(C(=O)N2CCN(CC(=O)c3ccc(F)cc3)CC2)c1Br,8.34,6,7.24086081746032,163
CCC(Oc1cc(F)ccc1F)c1nc(N)nc(N2CCN(C)CC2)n1,6.241,8,7.074898428571433,342
O=C(N[C@H]1CC[C@H](CCN2CCC(c3cccc4c3OCO4)CC2)CC1)C1COc2ccccc2C1,7.661,3,7.760081503306878,2107
CCN(CCN1CCC(C2NOc3cc(F)ccc32)CC1)C(=O)C(O)CNC(C)=O,8.659,2,7.199576579665707,504
NCCc1cn2c3c(cc(Cl)cc13)SCC2,6.33,2,6.774654280423277,2108
Cc1ncc2c(n1)CCC(CCN1CCC(c3noc4ccccc34)CC1)C2=O,8.51,1,8.281635098003846,2109
Cc1c(C(=O)NCCCN2CCN(c3cccc(Cl)c3Cl)CC2)cc(-c2ccccc2)n1Cc1ccccc1,6.45,1,6.983396338624337,438
COC[C@@H]1CCCN1CCc1c(-c2ccccc2)[nH]c2ccccc12,9.59,1,7.990445932780185,1579
CN1CCc2cc(NCc3cccc(Cl)c3)c(O)cc2C(c2ccccc2)C1,7.995,8,7.020029570105823,244
CN1CC(=O)N(CCCCN2CCN(c3cccc4sccc34)CC2)c2ccccc2C1=O,7.368,1,6.919933761904761,318
CC(C)Oc1ccc(COC(=O)N(Cc2c(F)ccc(F)c2F)C2CCN(C)CC2)cc1,8.4,7,7.557516773809521,76
Cc1cc2c(cc1C(F)(F)F)N(C(=O)Nc1ccc(Oc3cncnc3C)nc1)CC2,7.1,8,6.8358971746031765,2110
CCCCCCCCCOc1ccc2[nH]cc(CCN)c2c1,6.58,1,7.083405559523808,89
CCC1NCCc2c1[nH]c1ccc(F)cc21,6.22,8,6.67809455687831,640
Cc1cc(C(=O)Nc2cccc(N3CCN(C)CC3)c2)ccc1Br,6.5,7,6.905103590608465,794
CCOc1cc(C(F)(F)F)c(OC)cc1C1CCCNC1,6.905,7,7.02883284391534,113
FC(F)(F)c1ccnc(COc2ccc(Cl)cc2OC2CNC2)c1,7.119,6,7.370098197089948,2111
Cc1c(C(=O)NCCCN2CCN(c3cccc(Cl)c3Cl)CC2)cc(-c2ccccc2)n1C,7.335,8,7.096054369047615,13
O=C1NCc2ccc(OCCCCN3CCN(c4cccc5c4CCOC5)CC3)cc21,7.95,4,7.793127739417992,2112
CC(C)COc1ccc(COC(=O)N(Cc2ccc(F)cc2)C2CCN(C)CC2)cc1,9.9,7,7.942250273402521,76
COc1cc(OC)c(C2NCCc3c2[nH]c2ccc(F)cc32)cc1OC,7.404,6,7.1327620357142845,44
CCCc1nc(CN2CC[C@H](c3ccccc3)C2)cs1,6.37,3,6.975583478174601,1444
Cc1noc2c1C(=O)N(CCN1CCN(c3nsc4ccccc34)CC1)CCC2,8.312,3,8.88030694047619,2113
CN1CCC(N(Cc2ccc(F)cc2F)C(=O)NCc2ccc(OCC(F)F)cc2)CC1,8.048,2,8.355733149470902,19
CCn1cc(CN2CCN(c3cccc4[nH]c(-c5ccc(C(C)(C)C)cc5)nc34)CC2)c(=O)[nH]c1=O,6.639,10,6.508110164021161,2114
NCC1c2ccccc2CCc2ccccc21,6.95,8,6.913261119047618,2115
O=C1CC(CN2CCC(C(=O)c3ccc(F)cc3)CC2)Cc2nc(-c3ccccc3)ncc21,6.2,7,7.3066679303751805,2116
O=C(NCCCCN1CCN(c2cccc(Cl)c2Cl)CC1)c1ccc(-c2ccccn2)cc1,7.64,5,7.319573701058201,285
CN(C)Cc1c[nH]c2cccc(O)c12,6.037,1,6.689891890211639,89
[O-][S+]1CCN2CCNCc3ccc(Cl)c1c32,4.301,5,4.95407168253968,2117
CCCc1nc(C(=O)NCC(O)CN2CCN(c3cccc(Cl)c3C)CC2)c(C)n1-c1ccc2c(c1)OCCO2,6.623,4,6.805295547619056,326
Fc1ccc2c([C@@H]3CNCC[C@H]3F)c(-c3ccoc3)[nH]c2c1,9.27,4,8.848703812169314,2118
CCCCCCc1cc(OC)c(CC(N)CC)cc1OC,8.043,2,7.32905879761905,188
O=C(NCCCCN1CCN(c2cccc(Cl)c2Cl)CC1)c1ccc2c(c1)Cc1ccccc1-2,6.169,3,6.930571655964408,1654
COc1cc(CCN)cc(OC)c1SCCC(C)C,6.01,2,6.841487460978833,188
O=C(NCCCCN1CCN(c2cccc(Cl)c2Cl)CC1)c1cc2ccccc2o1,8.141,1,7.427851474867729,101
CCCOCCNC(=O)c1ccc2c3c1CCN3CCNC2,6.298,4,5.683583186507935,18
CN1CCCCC1c1c(-c2ccccc2)[nH]c2ccccc12,7.85,1,7.923111089947089,2119
Cc1ncnc(C)c1-c1cc(NC(=O)C2C3COCC32)ccc1OCCN1CCCC1,7.611,6,7.874506654761902,2120
CN1CCc2nc(N3CCN(C)CC3)nc(Nc3ccc(F)cc3)c2CC1,6.17,10,7.294548734126984,1146
O=S(=O)(NCCCCN1CCN(c2noc3ccccc23)CC1)c1ccc2ccccc2c1,9.152,8,7.054544424603173,1473
C[C@@H]1CNC[C@H]2Cc3ccc(C(F)(F)F)cc3N21,8.122,7,6.970255092592594,3
Oc1ccc(-c2ccc(CNCCc3c[nH]c4ccc(F)cc34)o2)cc1,7.959,8,7.533845138888893,474
CC(C)N(CCc1c[nH]c2ccc(F)cc12)C1CCC1,6.06,2,6.534250626984125,112
CCCCCCc1ccc(C(CN)c2ccccc2)cc1,6.7,3,6.837603206709956,775
O=C(NCCCCN1CCN(c2ccccc2F)CC1)c1n[nH]c2ccccc12,6.738,9,7.03027845039683,105
COc1ccc(N2CCN(c3ccc(C)c(C(F)(F)F)c3)C2=O)cc1OCCN1CCCCC1,6.4,8,6.317423261090764,1368
CN1CCN(c2ccc3c(c2)N(S(=O)(=O)c2ccc4ccccc4c2)CCC3=O)CC1,6.438,5,7.024215523809519,2121
Cn1ccc2c1CCN(CCN1CCN(c3noc4ccccc34)CC1)C2=O,8.61,3,8.073261339947091,1023
CCCCCSc1c(OC)cc(CCN)cc1OC,7.553,2,6.884535244708997,188
CCCC(C)Oc1cc2c(cc1OC)-c1c(OC)c(OC)cc3c1[C@H](C2)N(C)CC3,6.611,9,6.692336726190472,81
CCC(C)(CC)NC1=NCCNC(c2ccc(F)cc2)=C1,8.82,6,8.157255328042329,279
O=C(Cc1noc2ccccc12)N[C@H]1CC[C@H](CCN2CCC(c3coc4ccccc34)CC2)CC1,8.09,4,8.018486638888891,2122
Cc1c(Cl)cccc1N1CCN(CCCNC(=O)c2nc(-c3ccccc3)n(-c3ccccc3)c2Cn2cncn2)CC1,7.91,1,7.146625716931215,2123
COc1ccc2c(n1)N1[C@@H](CNC[C@H]1C)C2,6.291,2,5.940734940476191,153
N#Cc1ccccc1S(=O)(=O)N1CCC(CCc2ccc(F)cc2F)CC1,8.091,4,8.01622856481482,158
O=C1c2ccccc2CCCN1CCN1CCC(N2C(=O)Cc3ccccc32)CC1,6.65,4,7.075976078042328,1559
Cc1cccc2c1ccn2CC(C)N,7.0,1,6.930149587301584,89
COc1ccccc1N1CCN(CCCCNS(=O)(=O)c2ccc(C)cc2)CC1,6.31,10,6.479909055555562,2124
CC(C)CN(C)CCc1c[nH]c2ccc(F)cc12,6.12,1,6.626355072751322,89
COc1cc(CCN)c(OC)cc1Br,8.9,2,7.47349728823954,188
COc1ccc2c(c1)c(C1=CCNCC1)cn2S(=O)(=O)c1ccc2cccnc2c1,6.0,9,5.827475421957675,2125
O=C(CCO)N[C@H]1CC[C@H](CCN2CCN(c3nccc4c3CCO4)CC2)CC1,7.45,10,7.81687170238095,12
COc1ccc(C(=O)N(Cc2ccc(C)cc2)C2CCN(C)CC2)cc1,8.659,8,7.236816875661378,2126
O=Cc1cnn2ccc(-n3cc(CCCCN4CCN(c5cccc(Cl)c5Cl)CC4)nn3)cc12,7.82,6,7.2526341605339075,2029
NCCc1ccc(CCCc2ccccc2)cc1,7.22,5,6.5253414708994715,2045
COc1ccc(NC(=O)Nc2cc(F)cc(F)c2)cc1-c1c(Br)cnn1C,9.2,9,7.840276641534392,104
CN1CCC[C@@H]1CCO[C@](C)(c1ccccc1)c1ccc(Cl)cc1,7.77,7,7.025687777777777,2127
COc1cccc(C(=O)Nc2ccc(OCCO)c(-c3c(Cl)cnn3C)c2)c1,9.291,8,8.249986701058198,228
CN1CCC(N(Cc2ccc(F)cn2)C(=O)NCc2ccc(OCCC(F)(F)F)cc2)CC1,8.574,7,7.892401994708998,223
COCC(=O)N[C@H]1CC[C@H](CCN2CCC(c3cccc4occc34)CC2)CC1,8.38,2,8.34450376587302,221
O=C(N[C@H]1CC[C@H](CCN2CCN(c3nccc4c3CCO4)CC2)CC1)C1CCOC1,8.0,5,8.037496736772493,2128
O=S(=O)(c1ccc(/C=C/c2ccccc2O)nc1)c1ccccc1F,8.44,4,6.648640325396826,51
Cn1cc2c(OCC3CCN(CCc4ccc(N)cc4)CC3)nc3ccccc3c2c1,6.6,6,6.45506317063492,484
O=C1CCc2ccc(OCCCCN3CCN(c4cc(F)cc5ccccc45)CC3)nc2N1,8.72,4,7.727473577681573,369
COc1ccc(N2CC=C(c3ccc(F)cc3)C2=O)cc1OCCN1CCC(C)CC1,6.6,1,6.69285240079365,759
Cc1nc(C(=O)Nc2ccc(OC[C@H]3CCCCN3)c(-c3c(C)noc3C)c2)c(C)s1,7.064,4,7.969250690476195,2129
Cn1ncc(Br)c1-c1cc(NC(=O)Nc2ccc(O)cc2)ccc1OCCN1CCCC1,8.72,6,8.686632817460323,295
O=S(=O)(N[C@H]1CC[C@H](CCN2CCN(c3nsc4ccccc34)CC2)CC1)c1ccc(Cl)o1,8.905,5,8.71082038095238,626
OC(c1ccc(F)cc1)C1CCN(CCc2ccc(I)cc2)CC1,7.49,6,6.89244418783069,11
COCCN(C)CCOc1ccc(NC(=O)c2cccc(F)c2)cc1-c1c(C)ncnc1C,7.903,10,7.501144544464787,146
Fc1ccc(Cl)c2[nH]nc(C3=CCCNC3)c12,7.539,10,6.523750146825396,649
Fc1ccc(-c2n[nH]c3c2CCNCC3)cc1,6.76,10,6.530480924603175,1255
O=C1NCCN1CCN1CCC(c2c(-c3ccccc3)[nH]c3ccccc23)CC1,8.14,3,7.7882826150793685,2130
CCc1cc(Oc2ccc(F)cc2CNC)ccc1Cl,6.561,5,6.929724357142859,7
CO[C@@H]1CCN(CCOc2ccc(NC(=O)C3CC3)cc2-c2c(C)noc2C)C1,8.043,3,7.484617515873013,1276
NC(=O)c1cccc(S(=O)(=O)C2CCN(CCc3ccc(F)cc3F)CC2)c1,9.301,4,7.363833416666662,36
O=C(NCCCCN1CCN(c2cnc3ccccc3c2)CC1)c1cc2ccccc2cn1,6.0,10,7.365267845238095,2131
CN1CCN(CC(=O)N[C@H]2CC[C@H](CCN3CCN(c4cccc5c4OCO5)CC3)CC2)CC1,7.793,6,7.732039353174602,2132
CCN(CCN1CCC(n2ncc3cc(F)ccc32)CC1)C(=O)CCO,8.679,3,8.160451529581529,332
COc1ccccc1N1CCN(CC(O)CCNC(=O)c2ccc(-c3ccccn3)cc2)CC1,6.16,5,6.6372757235449775,285
COc1ccc2cccc(CCN(C)C)c2c1,7.02,5,6.877245406084653,669
CC(C)N(CCN1CCC(c2noc3cc(F)ccc23)CC1)C(=O)CCO,8.82,4,8.735779341269842,32
CNCc1cc(OCc2ccccc2)n(C(C)C2CCCC2)n1,8.282,1,8.551465162698415,274
O=S(=O)(NCCCCN1CCN(c2nsc3ccccc23)CC1)c1cccc2scnc12,8.122,4,8.025905296296296,2133
O=S(=O)(CC1CCN(CCCc2noc3cc(F)ccc23)C1)c1ccc(C(F)(F)F)cc1,8.71,5,8.580818240740737,373
CCCc1nc(C(=O)NCCCN2CCN(c3cccc(Cl)c3Cl)CC2)cn1-c1ccc(Cl)cc1,7.15,3,7.230327777777774,103
Cc1ccc(Sc2ccccc2N2CCNCC2)c(C)c1,6.75,8,7.028554910052914,2134
CNC(=O)c1ccc2c3c1C(C)CN3CCNC2,4.301,4,5.177664660052908,18
CC1CNCc2cccc3c2N1CC3(C)C,4.301,4,6.406877432539679,18
O=C1c2ccc(Cl)cc2CC1CCCCN1CCN(c2ccccn2)CC1,6.38,2,6.607625583333332,1684
c1ccc2c(N3CCN(CCc4ccc5[nH]nnc5c4)CC3)cccc2c1,7.99,7,7.729963013227511,2135
CN1CCC(N(Cc2ccc(F)cc2F)C(=O)OCc2ccc(OC(CF)CF)cc2)CC1,10.101,7,7.862953968253962,76
Oc1ccc(N2CCN(CCCCOc3ccn4nccc4c3)CC2)c2cccnc12,6.7,5,6.9753441587301666,2136
CC(Oc1cc(Cl)ccc1Cl)c1nc(N)nc(N2CCN(C)CC2)n1,6.45,8,6.515093571428574,342
COc1cccc(NC(=O)N[C@H]2CC[C@H](CCN3CCN(c4nsc5ccccc45)CC3)CC2)c1,8.548,5,8.80757404232805,527
Cc1ccc(Nc2c(S(=O)(=O)c3ccccc3)cnc3ccc(Cl)cc23)cc1,4.99,3,6.058793961640216,2137
O=C(Cc1coc2ccccc12)N[C@H]1CC[C@H](CCN2CCN(c3nsc4ccccc34)CC2)CC1,8.73,8,8.65806202976191,2138
CN1CCC=C(c2n[nH]c3cc(F)ccc23)C1,7.33,10,6.718963601190476,649
O=C(CC1CCOCC1)N[C@H]1CC[C@H](CCN2CCC(c3cccc4c3CCO4)CC2)CC1,7.41,7,7.403126519841268,2139
Cc1cc2c(cc1NS(=O)(=O)c1ccc(-c3ccc(Cl)cc3)cc1)CCN(C)CC2,7.7,6,7.124077572751321,444
Cc1ccc(C)c([Se]C(C)c2nc(N)nc(N3CCN(C)CC3)n2)c1,6.05,3,6.406828793650798,189
COc1ccc(Cl)c2c1[C@@H]1CNCCN1C2=O,6.865,9,6.535122739417989,185
[O-][S+](c1ccc(/C=C/c2ccc(F)cc2)nc1)c1ccccc1F,8.339,8,7.676744278860027,529
COc1ccccc1N1CCN(CCCNS(=O)(=O)c2ccc3ccccc3c2)CC1,7.07,10,6.576230378066381,548
O=C1Nc2ccccc2C12CCN(CCN1CCC(Oc3ccc(Cl)cc3)CC1)C2,6.462,5,6.941626036375658,2140
NCC1CC2c3ccccc3Cc3ccccc3N2O1,7.798,8,6.716195992063492,303
CCCCOc1cc2c3c(c1OC)-c1cc(OC)c(OC)cc1C[C@@H]3N(C)CC2,6.729,9,6.431882183862433,81
O=C(O)C1CCN(C2CC[C@]3(Cc4ccccc4Cc4ccccc43)C2)CC1,7.1,2,7.221997043650793,737
Cc1cccc([C@@]2(F)C[C@@H]2CN)c1,6.79,8,6.334589317460318,70
CN(C)CCc1cccc2cccc(O)c12,7.28,5,6.718816817460313,669
CCCCN1CCN(c2cccc(CC)c2Cl)CC1,7.28,4,6.988647993386246,396
Cc1noc2ccn(CCN3CCC(c4noc5ccccc45)CC3)c(=O)c12,8.01,3,8.199270308201058,2141
CCc1cc2c([C@H]3C[C@@H]3CN)c(OC)ccc2o1,6.03,8,6.803091900793657,1126
N[C@@H](Cc1ccc(OCCCN2CCC(c3noc4cc(F)ccc34)CC2)cc1)C(=O)O,9.77,8,7.53678918386244,340
Cc1nc2ccccn2c1C(=O)N1CCN(CCc2ccc(F)cc2F)CC1,8.46,3,8.553119954545458,256
Cc1ncccc1Oc1ccc(NC(=O)N2CCc3cc(Cl)c(Cl)cc32)cn1,6.6,7,6.2808008968253946,52
O=C1c2c(Br)nn(Br)c2CCN1CCN1CCN(c2nsc3ccccc23)CC1,9.0,10,8.81770822246272,811
CO[C@]1(C)CC[C@H](CC(=O)N[C@H]2CC[C@H](CCN3CCC(c4noc5cc(Cl)ccc45)CC3)CC2)CC1,7.798,1,8.002772203703698,238
C=CCN1C[C@H](C(=O)N[C@H](C)CC)C=C2c3cccc4[nH]cc(c34)C[C@H]21,8.697,2,7.103230477513227,53
Cc1c(Cl)cccc1N1CCN(CC(O)CNC(=O)c2nc(-c3ccccc3)n(-c3ccccc3)c2C)CC1,7.24,2,6.818823041005291,442
O=C(C1CCCCC1)N(CCN1CC=C(c2ccccc2)CC1)c1ccccn1,7.27,1,6.941837891534391,2142
CCc1nn(C[C@H](C)N)c2c1ccc1occc12,7.96,6,7.340942634920639,575
CN(C)CC1=Cc2cn(S(=O)(=O)c3cccc4ccccc34)c3cccc(c23)O1,6.31,9,6.242485679894179,2143
[O-][S+](CCCN1CCC(c2ccc(Cl)cc2)CC1)c1ccc(F)cc1,6.652,10,7.229587307539674,2144
CN1CCC2C(C1)c1cccc3c1N2c1ccccc1CS3,8.7,7,6.963466519841267,2145
Cc1ccccc1Oc1cc(Cl)ccc1O[C@H]1CCNC1,6.658,7,7.410540045634921,30
Cn1ncc(Br)c1-c1cc(NC(=O)Nc2ccc(Cl)cc2)ccc1O,9.1,9,6.851936063492063,104
O=c1[nH]c2ccccc2n1C1CCN(CCCC(c2ccc(F)cc2)c2ccc(F)cc2)CC1,8.207,6,6.9636407182539655,2146
Cc1noc2c1C(=O)CC(CN1CCC(c3noc4cc(F)ccc34)CC1)C2,7.765,2,8.022800854497351,2147
COc1ccc2[nH]c(C)c(CCNCc3ccc(-c4ccc(O)cc4)o3)c2c1,7.378,8,7.099971305555551,474
Cc1ncnc(C)c1-c1cc(NC(=O)c2c(F)cnn2C)ccc1OC1CNC1,8.542,1,8.303619390211642,2148
c1cc(CC2CCCCC2)c2c(n1)N1CCNC[C@H]1CC2,7.361,10,7.084009281746033,2149
O=C(CCCN1C2CCC1CN(c1ccc(Cl)cc1)CC2)c1ccc(F)cc1,6.71,8,7.390082429894181,2150
O=C(NC1CCC(CCN2CCC(c3cccc4c3CCO4)CC2)CC1)c1ccc2ncccc2c1,7.51,6,7.577205123015879,2151
O=C(N[C@H]1CC[C@H](CCN2CCC(c3cccc4c3CCO4)CC2)CC1)C(O)C(F)(F)F,7.582,6,7.66706336375661,222
CNC(=O)c1cc(OCCCCN2CCN(c3cccc(Cl)c3Cl)CC2)ccc1F,6.44,2,7.481483443121698,471
COc1cc(CCN)cc(OC)c1SCCCC(C)C,7.456,2,6.821087132936508,188
Fc1ccc2[nH]cc(CCN(C3CCC3)C3CC3)c2c1,6.58,5,6.279131107864355,2152
O=C(N[C@H]1CC[C@H](CCN2CCC(c3coc4ccccc34)CC2)CC1)C1CCCOC1,8.33,4,8.425120958994706,2153
O=S(=O)(NCCCN1CCN(c2nsc3ccccc23)CC1)c1cnc2ccccn12,7.92,1,8.147555657407413,2154
CCCc1nc(C(=O)NCCCN2CCN(c3cccc(C)c3C)CC2)cn1-c1ccc(F)cc1,6.85,3,7.02128640873016,103
CC(C)(C)c1nc2c(c(-c3ccc(F)cc3)n1)CNCC2,8.301,7,7.405349698412694,1613
CNCc1cc(OCc2cc(Cl)ccc2F)n(CC2CCCCC2)n1,8.895,6,8.412683517371514,94
Cc1cccc(N2CCN(CC(O)CNC(=O)c3nc(C)n(-c4ccc5c(c4)OCCO5)c3C)CC2)c1C,6.63,4,6.809482391534392,326
C1=C(c2c[nH]c3ccccc23)CCN(Cc2ccco2)C1,6.76,10,6.792922767195772,2155
Cc1ccc2c(c1)C(=O)N1CCNC[C@H]1C2,6.885,10,6.314453379629625,149
Cc1nc2n(c(=O)c1CCN1CCC(c3cccc4sccc34)CC1)CCCC2O,8.12,2,6.9001243320105825,754
COc1cc2c3c(c1OCC1CC1)-c1cc(N)ccc1CC3N(C)CC2,6.959,4,6.589231740740738,292
Cc1cc(C(=O)Nc2ccc(C)c(N3CCN(C)CC3)c2)ccc1Br,6.9,7,6.896375751984124,794
COc1ccc(NC(=O)Nc2ccc(F)c(F)c2)cc1-c1c(Cl)cnn1C,9.45,9,7.490423513227514,104
O=S1(=O)CCc2ccc(O)cc2N1CCCCN1CCN(c2cccc3sccc23)CC1,7.73,5,7.040647238095238,1277
CNC(=O)c1cccc(OCCCCN2CCN(c3cccc4sccc34)CC2)n1,6.972,8,7.22662623544973,2156
CN1CCC(N(Cc2ccc(F)cn2)C(=O)NCc2ccc(OCCCF)cc2)CC1,8.615,7,8.014555780062535,223
COc1cc(/C=C2\N=C(N)NC2=O)c(OC)cc1Br,7.48,9,5.867660153439153,542
COc1ccc(N2CC=C(c3ccc(Cl)c(Cl)c3)C2=O)cc1OCCN1CCCC1,6.2,7,6.216075256613763,2157
COc1ccc(C(=O)N[C@H]2CC[C@H](CCN3CCC(c4noc5cc(F)ccc45)CC3)CC2)cc1,8.439,1,8.285475634920637,1708
NCCc1c2c(c(Br)c3c1OCC3)OCC2,7.936,6,6.753996111111113,634
C(=C\c1ccccc1)/CN(C/C=C/c1ccccc1)C1CCN(Cc2ccccc2)CC1,6.26,6,6.745002882275129,2158
CC(=O)N(C)c1ccc(OCCCN2CCC(c3noc4cc(F)ccc34)CC2)cc1,7.9,8,7.56765212169313,340
OCCN1CCN(CC2C[C@@H]3c4ccccc4Cc4ccccc4[C@H]3O2)CC1,7.06,3,6.684686337301585,1862
CCCC([Se]c1cc(Cl)ccc1F)c1nc(N)nc(N2CCN(C)CC2)n1,6.512,3,6.620246777777779,189
COc1ccc(NC(=O)Nc2ccc(C(C)C)cc2)cc1-c1c(Br)cnn1C,9.05,9,7.798268144179895,104
O=C(CCCN1CCCN(c2ccccn2)CC1)c1ccc(F)cc1,8.918,7,7.407238817460322,1179
Cc1ccc(C(=O)NC2CCc3ccc(CCN4CCN(c5nsc6ccccc56)CC4)cc32)cc1,8.521,9,9.380166473544971,172
O=C1c2cccc3cccc(c23)N1CCCCCCN1CCN(c2cccc(C(F)(F)F)c2)CC1,6.111,5,6.505017994708996,350
O=S(=O)(c1cccc2cccnc12)N1CCC(CCc2ccc(F)cc2F)CC1,8.679,5,8.105696740740736,2159
CC(C)COc1ccc(CNC(=O)N(Cc2ncccc2F)C2CCN(C)CC2)cc1,7.26,7,7.71718775661376,223
COc1cc(CCNCc2cccc3c2OCO3)c(OC)cc1Br,8.605,2,7.844211729076477,360
Cc1ncnc(C)c1-c1cc(NC(=O)c2ncoc2C)ccc1OCCN1CCCC1,7.943,3,7.938955836099083,2160
CC(C)(O)C(=O)N[C@H]1CC[C@H](CCN2CCN(c3nccc4c3CCO4)CC2)CC1,8.11,10,8.036362699735445,12
CCSc1ccc2c(c1)N(C[C@H](C)N)CC2,6.501,1,6.590113773809526,865
COc1ccccc1C1NCCc2c1[nH]c1ccc(F)cc21,6.9,6,6.923109702380951,44
Cc1ccc(F)cc1CO[C@H]1CCc2ccc(N3CCNC[C@H]3C)nc21,6.77,1,7.345550087962965,2161
Cc1nc(Nc2ncc(C(=O)Nc3c(C)cccc3Cl)s2)cc(N2CCN(CCO)CC2)n1,7.569,9,6.708110115079363,2162
COc1ccc(CN(Cc2coc(C)n2)C(=O)OC2CCN(C)CC2)cc1,7.26,3,7.590357785714288,2163
COc1ccc(Cc2c(N)nc(SCCN3CCN(Cc4ccccc4C)CC3)nc2N)cc1,7.94,5,6.954088992063493,467
O=C(NC1CCc2ccc(CCN3CCN(c4nsc5ccccc45)CC3)cc21)c1ccc(F)cc1,8.61,9,9.316956099206344,172
Cn1c2c(c3ccccc31)CCNCC2,7.676,8,6.913506750000004,1366
CCC([Se]c1cccc2ccccc12)c1nc(N)nc(N2CCN(C)CC2)n1,6.7,9,6.861614738095244,588
Cc1cc(CCN2CCN(c3noc4ccccc34)CC2)c2c(c1)C(C)CC(=O)N2,9.551,6,8.488265785714287,411
CC(C)(O)C(=O)N[C@H]1CC[C@H](CCN2CCC(c3cccc4c3OCO4)CC2)CC1,8.32,3,7.969744900793652,63
CC(=O)Nc1cccc(CCN2CCN(c3cccc4nc(C)ccc34)CC2)c1,6.6,7,7.039781158730157,1907
O=C(CCO)N[C@H]1CC[C@H](CCN2CCC(c3noc4cc(F)c(F)cc34)CC2)CC1,7.61,1,8.235054601851859,111
Clc1ccc2c(c1)N=C(N1CCNCC1)c1cccnc1O2,6.88,5,7.2754755714285695,2082
O=C(NC/C=C/CN1CCN(c2cccc(Cl)c2Cl)CC1)c1ccc2c(c1)Cc1ccccc1-2,6.48,1,6.709138911375664,1870
CN1CCC(=C2c3ccccc3CC(=O)c3sccc32)CC1,7.655,2,6.6149910952380955,2164
O=C(CCC(F)(F)F)N[C@H]1CC[C@H](CCN2CCC(c3cccc4c3OCO4)CC2)CC1,7.498,3,7.5133827182539745,63
C=CCOc1cc2c3c(c1OC)-c1cc(OC)c(OC)cc1C[C@@H]3N(C)CC2,6.998,9,6.6166279973544935,81
O=C(Nc1cccnc1)N1CCc2c1ccc(Cl)c2Cl,6.2,7,6.22746209126984,440
CS(=O)(=O)CC(=O)N[C@H]1CC[C@H](CCN2CCN(c3nccc4c3CCO4)CC2)CC1,7.792,10,7.45982573015873,12
Cn1cnc2c1CCN(CCN1CCN(c3nsc4ccccc34)CC1)C2=O,8.19,8,9.296491297619056,2165
Cn1cc(Br)c(C(=O)N2CCN(CC(=O)c3ccc(F)cc3F)CC2)n1,7.157,6,7.640386825396829,163
CCN(CCN1CCC(c2noc3cc(F)ccc23)CC1)C(=O)C1(O)CCNC1,8.699,10,8.452337500000004,1751
O=C(N[C@H]1CC[C@H](CCN2CCN(c3cccc4c3OCO4)CC2)CC1)c1ccc(N2CCOCC2)cc1,6.93,7,7.8928734642857155,2166
CC(=O)N1CCC(C)c2c(C)ccc(CCN3CCN(c4noc5ccccc45)CC3)c21,9.49,3,8.24244599314574,571
O=C1c2ccc(F)cc2CC1CCN1CCN(c2ccccn2)CC1,7.12,2,7.151463814814815,269
FC(F)(F)c1cccc(N2CC[C@H]3CNC[C@H]32)c1,6.78,10,6.833581895502645,1281
O=S(=O)(c1cccc2ncccc12)N1CC[C@@H]1CCN1CCN(c2nsc3ccccc23)CC1,7.521,5,7.978235092352089,2167
O=c1[nH]c2cccc(N3CCN(CC4CCc5[nH]c6ccc(F)cc6c5C4)CC3)c2o1,6.888,2,7.454427301587298,2168
COc1cccc(C(=O)Nc2ccc(OCCN3CCOCC3)c(-c3ccnn3C)c2)c1,8.296,4,8.211212481481478,259
CNCc1cc(OCc2cc(F)ccc2F)n(CC(C)(C)C)n1,8.12,5,8.30713332010583,357
O=C1c2ccccc2CCCN1CCN1CCC(Oc2ccc(Cl)cc2)CC1,7.13,6,7.098625339947088,1071
O=C(N[C@H]1CC[C@H](CCN2CCN(c3nccc4sccc34)CC2)CC1)C1CCOCC1,8.77,8,8.469604694444449,2169
CN1CCN2c3c(cc(Br)cc31)[C@@H]1CN(CCCC(=O)c3ccc(F)cc3)CC[C@@H]12,8.4,1,8.226548390873026,167
Cc1cc2c(cc1C(F)(F)F)N(C(=O)Nc1ccc(Oc3cccnc3C)nc1)CC2,7.145,7,6.476026373015873,52
CCN1C(=N)N(C)/C(=C\c2c[nH]c3ccccc23)C1=O,6.182,6,5.710053242063493,79
CC(=O)N1CCN(CCOc2ccc(NC(=O)Nc3ccc(Cl)cc3)cc2-c2ccnn2C)CC1,9.019,8,9.28615399206349,993
CCc1[nH]c2ccc(OC)cc2c1CCN(C)C,6.209,1,6.980319201058202,89
O=C1NCc2ccc(OCCCN3CCN(c4cccc5ccc(F)cc45)CC3)c(F)c21,9.04,10,8.502029126984125,135
CCOc1ccc2c(c1[C@@H]1C[C@H]1CN)CCO2,6.48,6,6.475309227513226,546
Fc1ccc(-c2nc(C3CCCC3)nc3c2CCNCC3)cc1,7.888,7,8.323080384920637,534
O=C(N[C@H]1CC[C@H](CCN2CCC(c3noc4cc(F)ccc34)CC2)CC1)c1ccc(N2CCOCC2)nc1,8.569,6,8.493878928571435,2170
CC(C)OCc1ccnc2c1CC[C@@H]1CNCCN21,6.65,5,6.97202116666667,443
COc1cc(CCNCc2ccccc2OC)c(OC)cc1I,10.013,10,8.166308572751316,117
[3H]C([3H])([3H])Oc1cc(I)c(OC)cc1CCNCc1ccccc1OC([3H])([3H])[3H],9.915,10,8.136545183862426,117
O=C(NCC1CCOCC1)c1ccc(C#Cc2ccccc2F)cc1,6.523,1,6.619638936507926,581
Cc1cccc(N2CCN(CCCNC(=O)c3nc(C)n(-c4ccccc4F)c3C)CC2)c1C,7.189,3,7.379195702380955,103
CCc1cc2c(c(C(F)(F)F)c1)C(=O)N[C@H]1CNC[C@H]21,6.51,7,6.319665043650793,34
CCC(Oc1cc(F)ccc1Cl)c1nc(N)nc(N2CCN(C)CC2)n1,6.51,8,7.076990452380957,342
Cc1ccc2c(N3CCN(CCc4cccc(N5CCOC5=O)c4)CC3)cccc2n1,6.1,2,6.831199642496393,2171
O=C(c1ccc([N+](=O)[O-])cc1)C1CCN(CCc2ccccc2)CC1,8.03,2,7.853882242063493,88
CN(C)CCCN1c2ccccc2Sc2ccccc21,7.905,3,7.346249765873016,1543
CCCn1c(-c2ccccc2)cc(C(=O)NCCCN2CCN(c3cccc(OC)c3)CC2)c1C,6.818,8,6.84346025132275,13
CC(C)N(c1cccc(N2CCN(C)CC2)c1)S(=O)(=O)c1ccc2ccccc2c1,6.929,6,6.982894182539682,1830
Nc1nc(N)nc(NCCCCN2CCN(c3cccc(Cl)c3Cl)CC2)n1,7.62,10,7.155920132034631,2172
CCCCCOc1cc2c(cc1OC)-c1c(OC)c(OC)cc3c1[C@H](C2)N(C)CC3,6.62,9,6.351137503968254,81
O=S(=O)(NCCN1CCC(c2noc3cc(F)ccc23)CC1)c1cccc2ccccc12,9.15,9,8.755390357142861,2173
O=C(N[C@H]1CC[C@H](CCN2CCN(c3nsc4ccccc34)CC2)CC1)Oc1ccc(Cl)cc1,8.1,5,8.902856138828765,744
Cc1cc2c(cn1)C(=O)N(CCN1CCN(c3noc4ccccc34)CC1)CC21CC1,8.659,2,8.33223878174603,1941
O=C1[C@@H]2[C@H]3CC[C@H](C3)[C@@H]2C(=O)N1CCCCCCN1CCN(c2ccc(Cl)cc2)CC1,7.14,2,6.881828759259258,925
Cc1ccc(C(=O)N[C@H]2CC[C@H](CCN3CCC(c4coc5ccccc45)CC3)CC2)cn1,8.291,7,8.145939194444441,2174
COc1ccc(S(=O)(=O)NCCCN2CCN(c3ccc(F)cc3)CC2)cc1,7.13,1,7.040941187830689,397
Nc1nc(NCCCCN2CCN(c3ccccc3)CC2)nc(NCCc2c[nH]c3ccccc23)n1,7.62,3,6.147159170634918,1623
COc1ccc(NS(=O)(=O)c2sc3ccc(Cl)cc3c2C)cc1N1CCN(C)CC1,6.0,6,6.48579149074074,2175
COc1cc(Cl)ccc1CN(C(=O)OCc1ccc(OC(C)C)cc1)C1CCN(C)CC1,10.0,7,7.542434507936514,76
O=S(=O)(c1ccccc1F)C1(F)CCN(CCc2ccc(F)cc2F)CC1,9.49,4,8.65372225925926,36
CO[C@H]1CC[C@H](CC(=O)N[C@H]2CC[C@H](CCN3CCN(c4nccc5sccc45)CC3)CC2)C1,8.354,3,8.44867893386243,2176
CC(C)Oc1cccnc1N(C)C1CCN(Cc2ccc(I)cc2)CC1,6.562,2,6.734420683862436,2177
CCCCC([Se]c1ccccc1)c1nc(N)nc(N2CCN(C)CC2)n1,6.472,3,6.658669752645501,189
COc1cccc2c1Cc1ccccc1C2CN,6.908,1,6.7649190846560865,152
Clc1ccc2c(c1)CCNCC2,7.025,3,6.8145344021164,40
CCCCCc1cc(OC)c(CC(N)CO)cc1OC,7.287,2,7.446381845238097,188
COc1ccc(CCN(CCCc2cc(OC)c(OC)c(OC)c2)CCc2ccc3c(c2)OCO3)cc1OC,6.84,10,6.756367088624339,47
COc1ccccc1N1CCN(CCCCOc2ccn3nc(C#N)cc3c2)CC1,6.389,8,6.6210807314814835,245
Cn1nccc1-c1cc(NC(=O)c2ccno2)ccc1OCCN,7.04,1,8.418676376984125,2178
COCCN(C)CCOc1ccc(NC(=O)c2c(F)cnn2C)cc1-c1c(C)ncnc1C,8.024,7,8.139271329365078,2179
COCCC(=O)N[C@H]1CC[C@H](CCN2CCC(c3cccc4occc34)CC2)CC1,8.15,2,8.253544041005295,221
N#CCC(=O)N[C@H]1CC[C@H](CCN2CCC(c3cccc4c3OCO4)CC2)CC1,7.65,3,7.729287639249634,63
Cc1cccc(N2CCN(CC(O)CNC(=O)c3nc(C)n(-c4cccc(Cl)c4)c3C)CC2)c1C,6.56,3,7.129899063492065,103
CNC[C@H]1C[C@@H]1c1cc(F)ccc1OC,6.57,8,6.640777664141415,70
CN1CCN2c3c(cccc31)[C@@H]1CN(CCCc3noc4cc(F)ccc34)CC[C@@H]12,8.6,1,8.389421626984126,623
Clc1cncc(NCCCCN2CCN(c3ccccc3)CC2)n1,6.87,4,7.019068436507933,2180
O=C1c2ccccc2CCCN1CCN1CCC(n2c(=O)oc3ccccc32)CC1,6.01,1,7.043984309523816,437
O=C1C2CC=CCC2C(=O)N1CCCCN1CCN(c2cccc3sccc23)CC1,9.221,1,7.325117761904764,2181
CNC(=O)c1ccc2[nH]nc(Cc3ccc4c(cnn4C)c3)c2c1,6.62,10,6.491895805555554,2182
O=c1ccc2ccc(OCCCCN3CCN(c4cccc5sccc45)CC3)cc2[nH]1,9.329,9,6.913410894841263,2183
NCCc1c[nH]c2ccc(F)cc12,8.58,1,6.712007439153439,89
CCc1ccc(CN(C(=O)OCc2ccc(OC(C)C)cc2)C2CCN(C)CC2)c(F)c1,8.6,7,8.012141332732083,76
NC[C@H]1C[C@@H]1c1ccc(F)cc1Cl,6.815,8,6.67743316269842,70
O=C1CCc2cc(OCCCN3CCN(c4ccccn4)CC3)ccc21,6.792,4,6.5294731580687815,2184
CC(C)COc1ccc(CNC(=O)N(Cc2cc3c(cn2)OCCO3)C2CCN(C)CC2)cc1,6.66,3,7.79945137830688,2185
Cc1[nH]nc(C(=O)N2CCN(CC(=O)c3ccc(F)cc3)CC2)c1F,7.96,6,6.870920976190476,163
O=S(=O)(c1cccc2cccnc12)N(CCCN1CCN(c2ccc(F)cc2)CC1)CC1CCCCC1,8.291,1,7.976705297619043,50
CCCN(C)CCOc1ccc(NC(=O)C2CC2)cc1-c1c(C)ncnc1C,7.425,8,7.497731705026454,98
CCC(Oc1cc(F)ccc1OC)c1nc(N)nc(N2CCN(C)CC2)n1,6.088,8,7.079177337301595,342
COc1ccc(-n2c(C)nc(C(=O)NCCCN3CCN(c4cccc(C)c4C)CC3)c2C)cc1,7.201,3,7.2125133015872995,103
O=S(=O)(NCCCCN1CCC(c2noc3cc(F)ccc23)CC1)c1cccc2scnc12,8.07,7,8.279808181216932,2186
NCCCCNC(=O)COc1ccc(CCCn2ncc3c2nc(N)n2nc(-c4ccco4)nc32)cc1,8.72,6,6.249738308201057,2187
FC(F)(F)CCc1ccnc2c1CC[C@@H]1CNCCN21,6.332,5,7.355431342592592,443
O=C(CCCN1CCCc2ccccc2C1)c1ccc(Cl)cc1,6.92,2,7.050208476190477,2188
COc1ccc(-c2nc(C3CCCC3)nc3c2CCNCC3)cc1,7.959,7,7.292054298941798,534
Fc1ccc(CCCCN2C3CCC2CN(c2ccc(Cl)cn2)C3)cc1,7.03,10,7.231887174603176,2189
c1ccc(-c2ccc(CNCCc3c[nH]c4ccccc34)o2)cc1,6.338,8,6.714761052910052,474
O=S(=O)(NCCCCN1CCC(c2noc3cc(F)ccc23)CC1)c1cc2ccc(Cl)cc2s1,9.098,9,8.467739332010584,707
O=S(=O)(c1cncc2ccccc12)N1CCC[C@@H]1CCN1CCN(c2cccc3c2OCCO3)CC1,6.725,7,6.795499047619046,2190
Cc1nc2n(c(=O)c1CCN1CCN(c3cccc4sccc34)CC1)CCCC2Cl,7.91,2,7.21344247558923,361
O=C(NC/C=C/CN1CCN(c2cccc(Cl)c2Cl)CC1)c1ccc(-c2ccccn2)cc1,7.21,4,7.229287902116397,941
CCOCN(C)C(=O)N[C@H]1CC[C@H](CCN2CCN(c3cccc(Cl)c3Cl)CC2)CC1,7.221,1,7.606554413239536,393
Cn1cc(C(=O)C(=O)N[C@H]2CN3CCC2CC3)c2ccccc21,4.75,4,6.517936783068785,2191
COc1ccc2c(c1)CC(Oc1ccc(Cl)cc1OC1CNC1)C2,7.456,3,7.289234112433858,2192
CCc1cc2c(c(C(F)(F)F)c1)C(=O)N(C)[C@H]1CNC[C@H]21,6.08,7,6.160457657407408,34
O=C(N[C@H]1CC[C@H](CCN2CCN(c3cccc4sccc34)CC2)CC1)C1(O)CC1,9.585,9,8.632101507936511,2193
CN(C)CC1CC2c3c(cccc3C(F)(F)F)Cc3ccccc3N2O1,7.169,8,7.387663353174606,303
Cc1ccc2c(c1)N1CCNCCC1NC2=O,6.181,3,6.273484249999997,904
CCn1nc(-c2cccc3cccnc23)cc1-c1ccc(N)nn1,6.2,10,5.169329682539685,1722
CCOc1cc2c(cc1OC)-c1c(OC)c(OC)cc3c1[C@H](C2)N(C)CC3,6.089,9,6.447413781746033,81
O=C1CC(CN2CCC(c3noc4cc(F)ccc34)CC2)Cc2ncncc21,7.63,10,8.011530912698417,650
CCC(C)C(=O)N[C@H]1CC[C@H](CCN2CCC(c3cccc4c3CCO4)CC2)CC1,7.191,6,7.54061064880952,222
CCC(Oc1cc(Cl)ccc1Cl)c1nc(N)nc(N2CCNCC2)n1,7.209,8,6.509491269841271,342
COCc1nc2cnc3cc(-c4c(C)noc4C)c(OC[C@H]4CCNC4)cc3c2n1[C@H](C)c1ccccc1,4.6,7,6.3255448261183265,2194
O=C1c2ncccc2CCC1CCN1CCN(c2noc3ccccc23)CC1,8.22,2,7.915220797619045,867
O=C(CCCN1CCN(CCC2Cc3ccccc3C2=O)CC1)c1ccc(F)cc1,7.17,6,7.703519781746027,2195
Cc1cc(CC(=O)N[C@H]2CC[C@H](CCN3CCN(c4nccc5c4CCO5)CC3)CC2)on1,7.819,4,7.674206502645504,2196
CN(C)CCCN1c2ccccc2Sc2ccc(Cl)cc21,8.23,3,7.505012043650794,1543
O=C(N[C@H]1CC[C@H](CCN2CCC(c3cccc4c3OCO4)CC2)CC1)C(F)(F)F,7.429,3,7.5705604113756575,63
COc1ccc(S(=O)(=O)n2cc(C)c3cc(Cl)ccc32)cc1NC1CCN(C)CC1,6.27,3,6.8818388476431025,2197
CN(C)S(=O)(=O)N[C@H]1CC[C@H](CCN2CCC(c3coc4ccccc34)CC2)CC1,8.358,5,8.007251964285713,182
CCN(CCN1CCC(c2noc3cc(F)ccc23)CC1)C(=O)C1CN(C(C)=O)CC1O,8.24,10,8.368877497354502,1751
O=C(NCC(O)CCN1CCN(c2cccc(Cl)c2Cl)CC1)c1ccc(-c2ccccn2)cc1,7.81,5,7.231627201058196,285
Cc1noc(C)c1-c1cc(NC(=O)C2CC23CCOCC3)ccc1OC[C@H]1CCCCN1,7.556,2,7.643564678571429,2198
OCCOCCN1CCN(C(c2ccccc2)c2ccc(Cl)cc2)CC1,7.3,6,6.647783584415584,1872
Cc1cccc(N2CCN(CCCCNC(=O)c3cc(-c4ccccc4)[nH]c3C)CC2)c1C,8.0,9,6.962375766474268,560
COc1ccccc1N1CCN(CCCCOc2ccc3c(c2)NC(=O)CO3)CC1,6.929,10,6.579014502645503,1515
Cc1ccc2c3c1C(C)(C)CN3CCNC2,6.673,4,5.6274915793650715,18
COc1cc(CC(C)N)c(OC)cc1CCCCC(F)(F)F,7.799,2,7.413029581409329,188
CCN(CCN1CCC(c2noc3cc(F)ccc23)CC1)C(=O)C1CN(C)CCC1O,8.141,9,8.873610421957668,301
CCC(CC)NC(=O)[C@H]1C=C2c3cccc4[nH]cc(c34)C[C@H]2N(C)C1,7.25,2,7.127254445767195,53
O=c1ccc2ccc(CCN3CCN(c4cncc5sccc45)CC3)cc2[nH]1,6.54,1,7.410313411375657,2199
O=S(=O)(NCCCCN1CCN(c2cccc(Cl)c2Cl)CC1)c1cccc2cccnc12,7.54,7,7.44528247751322,2200
Cn1nccc1-c1cc(NC(=O)Cc2ccc(F)cc2)ccc1OCCN1CCCCC1,7.862,5,8.33108912710438,2201
Cc1ccc(Oc2ccccc2CN(C)C)cc1,7.13,5,6.740083132275131,7
O=C(N[C@H]1CC[C@H](CCN2CCN(c3nccc4c3CCO4)CC2)CC1)c1ccc(-c2ccccc2)cc1,7.63,3,7.662642578042328,2202
CCCc1nc(C(=O)NCC(O)CN2CCN(c3cccc(Cl)c3C)CC2)cn1-c1ccc(Cl)cc1,6.97,3,7.061783165343918,103
CC(C)(C)c1ccc(S(=O)(=O)N[C@H]2CC[C@H](CCN3CCC(c4coc5ccccc45)CC3)CC2)cc1,7.501,1,8.005066974867727,602
CCN(CC(F)F)C(=O)[C@@H]1C=C2c3cccc4[nH]cc(c34)C[C@H]2N(C)C1,9.539,2,7.482685884920634,53
CC(=O)Nc1nc2cccc(CCN3CCN(c4cccc5sccc45)CC3)c2s1,7.46,5,7.282060576719576,455
C=C(C)COc1ccc2occc2c1[C@H]1C[C@@H]1CN,6.585,8,6.817072482804234,1126
CCc1cc(C)c2c(c1)[C@H]1CNC[C@@H]1NC2=O,6.132,7,6.437662361111112,34
COc1ccc(-n2c(C)nc(C(=O)NCC(O)CN3CCN(c4cccc(Cl)c4C)CC3)c2C)cc1,7.25,3,6.847406615079367,103
Clc1cccc(-c2n[nH]cc2N2CCNCC2)c1,6.08,7,6.135238522486767,2203
CNCCc1cc(OC)c(Br)cc1OC,8.009,2,7.2247840740740745,188
N#Cc1c[nH]c2c(C(=O)N3CCN(CCc4ccc(F)cc4F)CC3)cccc12,9.06,5,8.635418931216924,123
CC(C)(C)NC1=NCCN=C(c2ccc(F)cc2)C1,7.678,2,7.302207095238097,387
CCN(CCOC)CCOc1ccc(NC(=O)C2CC2)cc1-c1c(C)ncnc1C,6.752,8,7.429732215608465,98
Cc1cc2c(cc1C(F)(F)F)N(C(=O)Nc1ccc(OCc3ccccn3)cc1)CC2,6.4,2,6.695980986772489,2204
O=C1C2CCCC2C(=O)N1CCCCN1CCN(c2cccc3sccc23)CC1,8.96,7,7.642637100529102,2205
CCCc1nc(C(=O)NCCCN2CCN(c3cccc(C)c3C)CC2)c(C)n1-c1ccccc1,7.122,3,7.281265443482445,103
COc1cc(CCNCc2ccc(F)cc2)c(OC)cc1Br,7.995,10,7.389512420634922,117
O=C1c2cnc(C3CC3)nc2CCN1CCN1CCN(c2nsc3ccccc23)CC1,8.92,5,8.670204287037036,2206
COc1ccc(N2Cc3cc(Cl)cc(Cl)c3C2=O)cc1OCCN1CCC(C)(C)CC1,6.4,1,6.386338997354501,73
Oc1ccc2[nH]c3c(c2c1)CCNC3c1cncnc1,6.096,10,6.755117478835981,197
CC(C)COc1ccc(CNC(=O)N(Cc2cccc(F)n2)C2CCN(C)CC2)cc1,7.26,7,7.895490231120737,223
COc1ccc2[nH]cc(CCN(C)C)c2c1,8.237,1,7.159282103415103,89
CNCc1cc(OCc2cc(F)ccc2F)n(CC2CCCC2)n1,8.659,1,8.783536206349215,274
CC(=O)Nc1ccc(OCCCN2CCN(c3cccc4ccsc34)CC2)cc1,6.961,4,7.285853320346317,2207
CC(=O)Nc1ccc(OCCCN2CCN(c3nsc4ccccc34)CC2)cc1,6.931,2,7.719610760582015,2208
OC1(c2ccc(Cl)cc2)CCN(CCCCc2ccc(F)cc2)CC1,6.52,1,6.788232939153442,2209
O=C1[C@@H]2[C@H]3CC[C@H](C3)[C@@H]2C(=O)N1CCCCCCN1CCN(c2cccc(C(F)(F)F)c2)CC1,6.722,2,6.82170209126984,925
O=C(Cc1ccc2c(c1)OCO2)N[C@H]1CC[C@H](CCN2CCC(c3cccc4c3CCO4)CC2)CC1,7.342,9,7.510460621693125,2210
O=S(=O)(N[C@H]1CC[C@H](CCN2CCN(c3nsc4ccccc34)CC2)CC1)c1cccnc1,8.091,7,9.096513903439153,2211
COc1ccccc1CNC[C@@H]1C[C@H]1c1cc(F)ccc1OC,7.0024999999999995,6,6.998963287037039,271
O=C(N[C@H]1CC[C@H](CCN2CCN(c3cccc4c3OCO4)CC2)CC1)c1ccc(F)cc1,7.54,5,7.6557759563492,1046
O=C(c1ccccc1)N(CCCN1CCN(c2cccc(Cl)c2Cl)CC1)CC1CC1,6.12,3,7.234838051587301,2212
CC(=O)N[C@H]1CC[C@H](CCN2CCC(c3noc4cc(F)ccc34)CC2)CC1,8.65,1,8.830492837301582,111
CC1CC2(C)CC(=O)C1C1C(=O)N(CCCCN3CCN(c4ccc(F)cc4)CC3)C(=O)C12,6.99,5,6.829877829365078,547
CCSc1cc(OC)c(C2CCCNC2)cc1OC,7.07,7,6.754460238095238,113
Cc1cccc2c1C1CC(CN(C)C)ON1c1ccccc1C2,7.32,8,7.140346692460319,303
O=C1c2cccnc2CCN1CCN1CCN(c2nsc3ccccc23)CC1,8.65,1,8.862952199735455,2213
Fc1ccc(-c2noc3c2CCNCC3)cc1,6.328,1,7.011041444444446,917
Fc1ccc(-c2nc(Cc3ccccc3)nc3c2CNCC3)cc1,7.699,3,7.802959193542564,933
Cc1nc2n(c(=O)c1CCN1CCC(c3noc4cc(F)ccc34)CC1)CCCC2(F)F,8.15,5,8.582519933862432,286
COc1cccc2c(CCN)c[nH]c12,6.3,1,6.631253083333328,89
Cc1ncnc(C)c1-c1cc(NC(=O)CC2CCOC2)ccc1OCCN1CCCC1,7.886,9,7.654083460317462,2214
Cc1cncc2c1CCN(CCN1CCN(c3noc4ccccc34)CC1)C2=O,7.95,10,8.201814128306887,49
Fc1cccc(CCN2CCN(CCCc3c[nH]c4ccc(-n5cnnc5)cc34)CC2)c1,6.431,5,7.0830551878306895,2215
COc1cc(S(=O)(=O)C(C)(C)C)c(OC)cc1CCN,6.28,2,6.321541380952383,188
Nc1nc(NCCc2c[nH]c3ccccc23)nc(N2CCN(c3ccccc3)CC2)n1,4.97,1,6.377313865079363,1879
O=S(=O)(c1ccc2c(c1)CCNCC2)N1CCC(Oc2ccccc2Cl)CC1,7.497,2,6.790011524771525,2216
COc1cc(SCCC(F)F)c(OC)cc1CCN,8.519,2,7.204283671296296,188
COc1cc2c(cc1NS(=O)(=O)c1ccc(-c3ccc(Cl)cc3)cc1)CCN(C)CC2,7.6,6,6.570087043650792,444
CN1CCC(N(Cc2ccc(F)cc2)C(=O)NCc2ccc3c(c2)CC(C)(C)O3)CC1,9.957,2,7.938020255291008,417
CC(N)Cn1ccc2c1-c1cc(F)ccc1C2,6.7,10,6.989268305555556,309
COc1cccc([C@@H](C)NCCCc2ccccc2Cl)c1,6.74,6,7.3724788507696,2217
CC(C)COc1ccc(COC(=O)N(Cc2ccc(F)c(F)c2F)C2CCN(C)CC2)cc1,8.9,7,7.490852865740738,76
CN1CCN2c3c(cccc31)[C@H]1CCN(CCCC(=O)c3ccc(F)cc3)CC[C@H]12,8.27,2,8.21600220238095,2218
Cc1nccc2c1C(=O)N(CCN1CCN(c3noc4ccccc34)CC1)CC2,8.278,10,8.25432445568784,49
O=C1NCc2ccc(OCCCN3CCN(c4cccc5ccccc45)CC3)c(Cl)c21,8.688,10,8.53317620502645,135
O=S(=O)(NCCCCN1CCN(c2noc3ccccc23)CC1)c1ccc(Cl)c(Cl)c1,8.0,9,7.278017928571424,1647
CCc1ccc2c(c1OC)C(=O)N1CCNC[C@@H]21,7.025,9,6.424141165343913,185
CCN(CCN1CCC(c2noc3cc(F)ccc23)CC1)C(=O)C1CNCCC1O,8.21,9,8.643722939153436,301
Cc1cccc(COc2ccc(NC(=O)N3CCc4cc(C)c(C(F)(F)F)cc43)cn2)n1,6.0,4,6.757531216931216,1103
Cc1noc(C)c1-c1cc(NC(=O)C(F)c2ccccc2)ccc1OC[C@H]1CCCCN1,8.469,6,8.161922698412704,694
O=C1c2ccccc2C(=O)N1CCCCCCN1CCN(c2nsc3ccccc23)CC1,7.62,9,8.113584640211634,2219
Cc1nc(N)[nH]c1-c1cn(S(=O)(=O)c2ccccc2)c2ccccc12,7.0,10,5.17909521031746,48
CN(C)CCC1=C(Cc2cnccn2)c2ccccc2C1,9.221,3,6.935757784391536,2220
Cc1ccc2c(c1)O[C@]1(CC2=O)CN2CCC1CC2,4.0,7,5.1257874249639235,401
OCCN1CCN(c2nc(Nc3ccccc3F)c3ccccc3n2)CC1,6.85,8,7.264500993386246,212
CN(C)c1ccc(C(=O)N[C@H]2CC[C@H](CCN3CCC(c4noc5cc(F)ccc45)CC3)CC2)cc1,7.942,1,8.359793246031746,1708
CC1CN(C2=Cc3ccccc3Cn3ccnc32)CC(C)N1CCC(=O)O,7.4,8,6.9713140230880235,201
Cn1ncc(Cl)c1-c1cc(NC(=O)c2cccc(F)c2)ccc1OCCN1CCOCC1,9.22,4,8.327120365079368,259
O=C1[C@@H]2[C@H]3CC[C@H](C3)[C@@H]2C(=O)N1CCCCN1CCC(c2noc3cc(F)ccc23)CC1,8.282,2,8.458908847883603,2221
Cn1cc2c(n1)CCN(CCN1CCC(c3noc4ccccc34)CC1)C2=O,8.46,7,8.391928313492059,899
O=C1CC2(CCCC2)CC(=O)N1CCCCNCC1COc2ccccc2C1,7.251,4,6.718062349206351,1759
CCCOc1ccc2c(c1[C@H]1C[C@@H]1CN)CCO2,6.13,6,6.416679191798943,546
COc1c(C)ccc2c1C[C@@H]1CNCCN1C2=O,6.188,10,6.308876214285708,149
CCCc1nc(C(=O)NCC(O)CN2CCN(c3cccc(Cl)c3Cl)CC2)c(C)n1-c1ccc(F)cc1,6.709,3,7.152403156084656,103
CCOC(=O)[C@@H]1CN(CCn2c(=O)[nH]c3ccccc3c2=O)CC[C@H]1c1ccc(F)cc1,6.215,7,7.5575321455026385,2222
Cc1ccccc1-c1cc(Cl)cc2c1N1CCNCCC1C2,7.058,7,6.4785775396825365,465
CCCc1nc(C(=O)NCCCN2CCN(c3cccc(C)c3C)CC2)cn1-c1ccc(Cl)cc1,7.49,3,7.215750840187587,103
Cc1ccc(CNc2nc(Nc3ccc(F)cc3)c3cn[nH]c3n2)cc1,6.02,1,7.018497253968254,2223
O=C1NCc2ccc(OCCCCN3CCN(c4cccc5c4COC5)CC3)cc21,6.9,8,7.825085642857139,2224
CNCC1c2ccccc2Cc2ccccc21,7.28,1,6.88154626851852,152
COc1ccccc1N1CCN(CCCCNC(=O)c2ccc3c(c2)Cc2ccccc2-3)CC1,6.81,3,6.729884646825399,1654
CC(C)(C)c1ccc(C(=O)N[C@H]2CC[C@H](CCN3CCN(c4nccc5c4CCO5)CC3)CC2)cc1,7.18,9,7.773339271164023,815
CC(C)(C)[C@@]1(O)CCN2C[C@@H]3c4ccccc4CCc4cccc(c43)[C@H]2C1,8.53,5,6.968057265211638,2225
O=S1(=O)c2cccc3cccc(c23)N1CCCCCCN1CCN(c2ccccn2)CC1,6.35,1,6.632267988095239,2226
COc1cc(CCNC2COc3ccccc32)c(OC)cc1Br,7.635,1,7.273419007936509,849
c1cc(C2CC2)c2c(n1)N1CCNC[C@H]1CC2,6.4,7,7.071679533670034,2227
CN(C)CCOC(c1ccccc1)c1ccccc1,6.295,3,6.861705516354018,775
CNCCc1cn2c3c(cc(F)cc13)CCC2C,5.0,7,7.038230472222229,525
NC1CC2c3ccccc3C1c1ccccc12,5.0,8,6.684757302910055,1463
c1ccc2c(c1)C1c3ccccc3C2C2NC12,5.0,6,6.45776911904762,2228
NCC1CCCc2ccccc21,5.0,5,6.16465754100529,2229
CNS(=O)(=O)Cc1ccc2[nH]cc(CCN(C)C)c2c1,5.0,1,6.644447203703698,89
CN(C)[C@H]1C[C@H](c2c[nH]c3ccc(CC4COC(=O)N4)cc32)C1,5.0,5,6.637756603174603,2230
c1ccc2c(c1)CCCC21CCNC1,5.0,1,6.888687636904759,2231
c1ccc(C2CCNC2)cc1,5.0,6,5.858035908730164,297
CCCc1ccc(N2CCN(Cc3c[nH]c4ncccc34)CC2)cc1,5.0,8,6.865872498015875,629
COc1ccc(N2CCN(Cc3c[nH]c4ncccc34)CC2)cc1,5.0,8,6.755037550925927,629
CSc1ccc(N2CCN(Cc3c[nH]c4ncccc34)CC2)cc1,5.0,8,7.065103460317461,629
CN1CCN=C1Cc1cccnc1,5.0,8,5.556708047619051,2232
COC1OC2(CCN(Cc3ccccc3)CC2)c2ccccc21,5.0,7,6.988371710317457,2233
CCOc1ccccc1-c1ccc2c(c1)CC1CCNCCN21,5.0,3,7.008417341269843,2234
c1ccc2c(c1)nc1n2CCNC1,5.0,2,5.625108123015872,2235
Cc1ncccc1Oc1ccc(NC(=O)N2CCc3cc(F)ccc32)cn1,5.0,7,6.76311182738095,52
COc1ccc2c(ccn2CCN(C)C)c1,5.0,1,6.372150855820102,89
Cc1ncccc1Oc1ccc(NC(=O)N2CCc3c(Cl)cccc32)cn1,5.0,7,6.317731821428572,52
Cc1ncccc1Oc1ccc(NC(=O)N2CCc3c2cccc3C(F)(F)F)cn1,5.0,7,6.463873835978834,52
Cc1ncccc1Oc1ccc(NC(=O)N2CCc3ccccc32)cn1,5.0,7,6.334131619047615,52
OC(c1ccc(F)cc1)C1CCN(Cc2cccc(I)c2)CC1,5.0,10,7.528881843915345,2236
OC(c1ccc(F)cc1)C1CCN(Cc2ccccc2I)CC1,5.0,10,7.395643236772485,2236
OC(c1ccc(F)cc1)C1CCN(Cc2ccc(I)cc2)CC1,5.0,10,7.210990089947093,2236
Cc1ncccc1Oc1ccc(NC(=O)N2CCc3cc(Cl)ccc32)cn1,5.0,7,6.28691546031746,52
COc1ccc(S(=O)(=O)Nc2cc(Cl)cc(Cl)c2Cl)cc1N1CCNCC1,5.0,8,6.5003412076719576,2237
COc1ccc(S(=O)(=O)Nc2cc(Br)ccc2Br)cc1N1CCNCC1,5.0,8,6.557441698412697,2237
c1ccc2nc(N3CCN(C4CC4)CC3)ccc2c1,5.0,10,6.593637650793651,2238
O=C(c1ccc2nc(N3CCN(C4CC4)CC3)ccc2c1)C1CC1,5.0,6,6.6046400687830635,2239
COc1ccc2c(c1)CCNCC2C,5.0,3,6.659511633597883,40
COc1ccccc1N1CCC(C(=O)Nc2ccc(OC)c(N3CCN(C)CC3)c2)CC1,5.0,4,6.527856818783066,2240
COc1ccc(NC(=O)N2CCN(c3ccccc3F)CC2)cc1N1CCN(C)CC1,5.0,8,6.840803904761903,582
COc1ccc(N2CCN(c3cccc(F)c3)C2=O)cc1OCCO,5.0,5,6.268003638888887,693
O=C1N(c2ccc(OCc3ccccn3)nc2)CCN1c1ccc(Cl)c(Cl)c1,5.0,3,6.298541339947085,2241
COc1ccc(-n2ccn(-c3cc(F)cc(F)c3)c2=O)cc1OCCN1CCCCC1,5.0,7,6.354117395863393,2242
COc1ccc(N2CC(=O)N(c3cccc(F)c3)C2=O)cc1OCCN1CCCCC1,5.0,4,5.882261388888888,2243
COc1ccc(N2CCN(c3cc(F)cc(F)c3)C2=O)cc1OCCN1CCCCC1,5.0,8,6.030949898656898,1368
CN(C)CCc1cn(C)c2cccc(OP(=O)(O)O)c12,5.0,1,6.597644720899469,89
O=C1c2ccccc2C2CNCCN12,5.0,9,5.45112626719577,185
O=C1c2c(O)cccc2C2CNCCN12,5.0,9,5.6141149087301585,185
N#Cc1cccc2c1C(=O)N1CCNCC21,5.0,9,6.050308365079365,185
O=C1c2c(F)cccc2C2CNCCN12,5.0,9,6.527330970899474,185
COc1cccc2c1C(=O)N1CCNCC21,5.0,9,6.3317858055555565,185
COc1ccc(Cl)c2c1C(=O)N1CCNC[C@@H]21,5.0,9,6.537342345238095,185
C[C@@H]1CN2C(=O)c3c(cccc3C(F)(F)F)[C@@H]2CN1,5.0,9,5.939200308201056,185
CC1(C)CN2C(=O)c3c(cccc3C(F)(F)F)[C@@H]2CN1,5.0,9,5.953259078042329,185
COc1cc(Cl)c2c(c1)[C@@H]1CNCCN1C2=O,5.0,9,6.353086186507938,185
CCc1cc(Cl)c2c(c1)[C@@H]1CNCCN1C2=O,5.0,9,6.139983328042325,185
CC1(c2cc3c(c(C(F)(F)F)c2)C(=O)N2CCNC[C@@H]32)CC1,5.0,7,5.633418342953345,1780
CC(C)c1cc2c(c(C(F)(F)F)c1)C(=O)N1CCNC[C@@H]21,5.0,9,6.140286201058205,185
CCCc1cc2c(c(C(F)(F)F)c1)C(=O)N1CCNC[C@@H]21,5.0,9,6.3370065489418,185
CCOc1cc2c(c(C(F)(F)F)c1)C(=O)N1CCNC[C@@H]21,5.0,9,6.334001698412701,185
N#Cc1cc(F)cc(C#Cc2csc(CF)n2)c1,5.0,6,6.454076083333333,2244
CC1(c2ccccc2)C(=O)Nc2cc(Cl)cc(Cl)c2C1=O,5.0,4,6.263756146825394,2245
CC1(c2ccc(O)cc2)C(=O)Nc2cc(Cl)cc(Cl)c2C1=O,5.0,4,6.301001071428567,2245
CC1(c2cccc(O)c2)C(=O)Nc2cc(Cl)cc(Cl)c2C1=O,5.0,4,6.254701373015871,2245
COc1ccccc1N1CCN(CCCC(=O)NCc2nc3ccc(F)cc3c(=O)n2-c2ccccc2)CC1,5.0,1,6.881996332491579,2038
CCOc1ccccc1N1CCN(CCCC(=O)NCc2nc3ccc(F)cc3c(=O)n2-c2ccccc2)CC1,5.0,1,6.920801467412219,2038
C#Cc1cccc([C@H]2C[C@@H]2CN)c1,5.0,8,6.162083650793651,70
CC[C@]12CCCN3CC[C@]4(C(=C(C(=O)OC)C1)Nc1ccccc14)[C@@H]32,5.0,1,5.988086999999998,2246
CC[C@]12CCCN3CC[C@@]4([C@H]5CCCC[C@H]5N[C@H]4[C@@H](C(=O)[O-])C1)[C@@H]32,5.0,10,5.886567104497353,2247
CC[C@]12CCCN3CC[C@@]4([C@H]5CCCC[C@H]5N[C@H]4[C@@H](C(=O)OC)C1)[C@@H]32,5.0,10,5.978219548941795,2247
CCCN1CCC(COc2nc3scc(C)c3n3cccc23)CC1,5.0,10,6.282723890211645,2248
CN1CCN(C[C@H](c2cccc(OC(F)(F)F)c2)C2(O)CCCCC2)CC1,5.0,7,6.806408960317457,2249
CCCN1CCc2cccc3c2[C@H]1Cc1ccc(OC(=O)CCCC(=O)Oc2cccc4c2-c2cccc5c2[C@@H](C4)N(CCC)CC5)cc1-3,5.0,6,5.800575416666666,2250
CCCN1CCc2cccc3c2[C@H]1Cc1ccc(OC(=O)CCC(=O)Oc2cccc4c2-c2cccc5c2[C@@H](C4)N(CCC)CC5)cc1-3,5.0,5,5.771157308201059,2251
CCCN1CCc2cccc3c2[C@H]1Cc1cccc(OC(=O)CNC(=O)OCc2ccccc2)c1-3,5.0,2,6.790463152116401,2252
N=C(N)NCCC[C@@H]1NC(=O)[C@H](Cc2c[nH]c3cc(Br)ccc23)NC1=O,5.0,1,5.814256666666667,2253
CCOC(=O)N(Cc1ccccc1-c1ccccc1)[C@H]1CCNC1,5.0,10,7.312961590608472,2254
Cc1ccc2c(C(=O)Nc3ccc(Oc4cccnc4C)nc3)c[nH]c2c1,5.0,9,6.048814753968251,2255
COc1ccc2[nH]cc(C(=O)Nc3ccc(Oc4cccnc4C)nc3)c2c1,5.0,9,5.955869178571425,2255
CNCC(c1ccccc1)c1ccccc1,5.0,3,6.758505054232802,775
NCCC(c1ccccc1)c1ccccc1,5.0,3,6.793168700336702,775
CN(C)Cc1nc(-c2ccc(C(C)(C)C)cc2)n(-c2cccc(O)c2)n1,5.0,9,7.121176034391532,2256
Cc1cccc2c1N1CCNCC1NC2=O,5.0,10,5.9246319986772455,421
O=C1NC2CNCCN2c2c(Cl)cccc21,5.0,10,5.935178232804231,421
Cc1cccc2c1C(=O)NC1CNCCN21,5.0,10,6.047054349206345,421
O=C(c1ccc(-c2ccccc2)cc1)N1CCN(C(=O)c2ccc3cc[nH]c3c2)CC1,5.0,6,6.510012095238094,2257
COc1cccc(-c2ccc(C(=O)N3CCN(C(=O)c4ccc5cc[nH]c5c4)[C@@H](C)C3)cc2)c1,5.0,6,7.312596498677245,2257
C[C@H]1CN(C(=O)c2ccc(-c3cccc(OC(F)(F)F)c3)cc2)CCN1C(=O)c1ccc2cc[nH]c2c1,5.0,6,7.3111752063492075,2257
C[C@H]1CN(C(=O)c2ccc(-c3cccc(C(F)(F)F)c3)cc2)CCN1C(=O)c1ccc2cc[nH]c2c1,5.0,6,7.010818055555551,2257
C[C@H]1CN(C(=O)c2ccc(-c3cccc(F)c3)cc2)CCN1C(=O)c1ccc2cc[nH]c2c1,5.0,6,7.3089845119047645,2257
C[C@H]1CN(C(=O)c2ccc(-c3ccccc3)cc2)CCN1C(=O)c1ccc2cc[nH]c2c1,5.0,6,6.831897317460315,2257
COc1ccccc1-c1ccc(C(=O)N2CCN(C(=O)c3ccc4cc[nH]c4c3)[C@@H](C)C2)cc1,5.0,6,7.167722126984129,2257
C[C@H]1CN(C(=O)c2ccc(-c3ccccc3F)cc2)CCN1C(=O)c1ccc2cc[nH]c2c1,5.0,6,7.089914451058204,2257
C[C@H]1CN(C(=O)c2ccc(-c3ccccc3Cl)cc2)CCN1C(=O)c1ccc2cc[nH]c2c1,5.0,6,6.800087123015872,2257
C[C@H]1CN(C(=O)c2ccc(-c3ccccc3C(F)(F)F)cc2)CCN1C(=O)c1ccc2cc[nH]c2c1,5.0,6,6.954098726190474,2257
Cc1ccccc1-c1ccc(C(=O)N2CCN(C(=O)c3ccc4cc[nH]c4c3)[C@@H](C)C2)cc1,5.0,6,6.785064579365082,2257
COc1ccc(-c2ccc(C(=O)N3CCN(C(=O)c4ccc5cc[nH]c5c4)[C@@H](C)C3)cc2)cc1,5.0,6,7.2830869907407365,2257
C[C@H]1CN(C(=O)c2ccc(-c3ccc(OC(F)(F)F)cc3)cc2)CCN1C(=O)c1ccc2cc[nH]c2c1,5.0,6,7.29093942857143,2257
C[C@H]1CN(C(=O)c2ccc(-c3ccc(F)cc3)cc2)CCN1C(=O)c1ccc2cc[nH]c2c1,5.0,6,7.337590507936513,2257
O=C(CNC(=O)c1cccc(C(F)(F)F)c1)N[C@@H]1CCN(CCC2CCN(C(=O)c3ccccc3)CC2)C1,5.0,1,6.564861500481001,2258
O=C(CNC(=O)c1cccc(C(F)(F)F)c1)N[C@@H]1CCN(CCC2CCN(C(=O)c3ccccc3F)CC2)C1,5.0,1,6.280279829846083,2258
O=C(CNC(=O)c1cccc(C(F)(F)F)c1)N[C@@H]1CCN(CCC2CCN(C(=O)c3cc(F)ccc3F)CC2)C1,5.0,1,6.327654040163542,2258
O=C(CNC(=O)c1cccc(C(F)(F)F)c1)N[C@@H]1CCN(CCC2CCN(C(=O)c3ccccc3Cl)CC2)C1,5.0,1,6.665780095719094,2258
O=C(CNC(=O)c1cccc(C(F)(F)F)c1)N[C@@H]1CCN(CCN2CCN(C(=O)c3ccccc3)CC2)C1,5.0,10,6.880537007936508,2259
O=C(CNC(=O)c1cccc(C(F)(F)F)c1)N[C@@H]1CCN(CCN2CCN(C(=O)c3ccccc3Cl)CC2)C1,5.0,10,6.941314523809524,2259
O=C(CNC(=O)c1cccc(C(F)(F)F)c1)N[C@@H]1CCN(CCN2CCN(C(=O)c3ccccc3F)CC2)C1,5.0,10,6.8868974087301575,2259
O=C(CNC(=O)c1cccc(C(F)(F)F)c1)N[C@@H]1CCN(CCN2CCN(C(=O)c3cc(F)ccc3F)CC2)C1,5.0,10,7.082362583333335,2259
O=C(Nc1cccnc1)N1CCc2ccccc21,5.0,7,6.307818888888886,440
C/C(=N\OC(=O)Nc1ccccc1)c1cccc(-c2cccs2)c1,5.0,7,6.193174325396823,2260
Cc1nc2n(c(=O)c1CCN1CCN(C(=O)c3nn(C)cc3Br)CC1)CCCC2,5.0,5,6.1564958055555525,2261
Cn1cc(Br)c(C(=O)N2CCN(CCN3C(=O)c4ccccc4C3=O)CC2)n1,5.0,10,6.142473091269846,2262
O=C(Nc1ccccc1)N1OCC2CSc3ccc(F)cc3C21,5.0,9,5.727873103174605,2263
CC(C)NC(=O)N1OCC2CSc3ccc(F)cc3C21,5.0,7,5.864026115079364,2264
CCCNC(=O)N1OCC2CSc3ccc(F)cc3C21,5.0,7,6.1593790476190495,2264
O=C(NC1CCCCC1)N1OCC2CSc3ccc(F)cc3C21,5.0,4,5.887266726190479,2265
CCCCNC(=O)N1OCC2CSc3ccc(F)cc3C21,5.0,7,5.91140274206349,2264
O=C(Nc1ccccc1)N1OCC2COc3ccccc3C21,5.0,8,5.945252142857145,2266
CC(C)NC(=O)N1OCC2COc3ccccc3C21,5.0,8,5.7273434285714275,2267
CCCNC(=O)N1OCC2COc3ccccc3C21,5.0,8,5.563664474867724,2267
O=C(NC1CCCCC1)N1OCC2COc3ccccc3C21,5.0,1,5.574746194444444,2268
CC(C)(C)NC(=O)N1OCC2COc3ccccc3C21,5.0,8,5.666253924603171,2267
CCCCNC(=O)N1OCC2COc3ccccc3C21,5.0,8,5.475635936507932,2267
Cc1ccccc1NC(=O)N1OCC2COc3ccccc3C21,5.0,8,6.1234055277777815,2266
C[C@H]1Cc2c([nH]c3cc(Cl)c(F)cc23)[C@@]2(N1)C(=O)Nc1ccc(Cl)cc12,5.0,5,7.057948702380951,2269
CCCCN1CCC(COC(=O)c2ccc(N)c(OC)c2)CC1,5.0,9,6.282729431216934,2270
CCCCN1CCC(COC(=O)c2cc(F)c(N)c3c2OCCO3)CC1,5.0,4,7.037228232804235,107
O=C(O)CCCCCN1CCC(CNC(=O)c2c3n(c4ccccc24)CCCO3)CC1,5.0,7,6.812939201058198,2271
CN(CCc1cccc(F)c1)[C@H]1C2C3CC4C5C3CC2C5C41,5.0,3,6.387577642857142,2272
N#Cc1cc(F)cc(C#Cc2csc(F)n2)c1,5.0,6,6.409027468253967,2244
COc1ccccc1N1CCN(CC(F)CCNC(=O)c2ccc3c(c2)Cc2ccccc2-3)CC1,5.0,3,6.7484289801587325,1654
CN1CCC(N(C)S(=O)(=O)c2ccc(C#N)cc2)CC1,5.0,5,5.711726269841269,124
CN1CCC(N(C)S(=O)(=O)c2ccc([N+](=O)[O-])cc2)CC1,5.0,5,5.953473234367482,124
CN1CCC(N(C)S(=O)(=O)c2ccccc2F)CC1,5.0,5,5.921390609788361,124
CN1CCC(N(C)S(=O)(=O)c2cccc3ccsc23)CC1,5.0,4,6.351231810125056,2273
OC1(c2ccc(Cl)cc2)C[C@H]2CC[C@@H](C1)N2CCCCc1nc2ccccc2s1,5.0,3,6.706864588624339,2274
c1ccc2c(c1)CN(CCCCc1nc3ccccc3s1)C2,5.0,2,6.5221190912698415,2275
O=C(CCCN1CCN(c2ccccc2)CC1)c1nc2ccccc2s1,5.0,1,6.7286706785714285,2276
O=C(CCCCN1Cc2ccccc2C1)c1nc2ccccc2s1,5.0,7,6.362616812169312,2277
CCCN1CCC(COc2nc3c(F)cccc3c3ncccc23)CC1,5.0,4,6.17657290343915,2278
CCCN1CCC(COc2nc3ccccc3c3ncccc23)CC1,5.0,4,6.323607132275133,2278
CCCN1CCC(COc2nc3c(F)cccc3c3ccccc23)CC1,5.0,9,5.8821237619047615,2279
Cn1cc2c(OCC3CCN(CCc4ccc(C(=O)O)cc4)CC3)nc3ccccc3c2c1,5.0,6,6.23165092724868,484
Cn1cc2c(OCC3CCN(CCN4CCOCC4)CC3)nc3ccccc3c2c1,5.0,8,6.553030376322754,2280
CC(C)n1nc(C(=O)NCC2CCN(CCc3ccc(C(=O)O)cc3)CC2)c2ccccc21,5.0,9,6.688992683862432,684
CCc1cc(Cl)c2c(c1)[C@H]1CNC[C@@H]1N(C)C2=O,5.0,7,6.343293783068781,34
CCCc1cc(Cl)c2c(c1)[C@H]1CNC[C@@H]1NC2=O,5.0,7,6.483508230158734,34
O=C1N[C@H]2CNC[C@@H]2c2ccccc21,5.0,7,5.268939757936509,34
COc1cccc(Nc2nc(N3CCN(C)CC3)nc3c2CCNCC3)c1,5.0,10,6.873325791005291,1146
COc1nc(N2CCN(C)CC2)nc2c1CCNCC2,5.0,5,5.232207384920636,2281
CN1CCN(c2nc3c(c(N4CCOCC4)n2)CCNCC3)CC1,5.0,3,5.464984112433862,2282
CCN(CC)c1nc(N2CCN(C)CC2)nc2c1CCNCC2,5.0,5,5.619206567460316,2281
CN1CCN(c2nc3c(c(N(C)C)n2)CCNCC3)CC1,5.0,5,5.423743527777778,2281
CCNc1nc(N2CCN(C)CC2)nc2c1CCNCC2,5.0,5,5.468323294973544,2281
CNc1nc(N2CCN(C)CC2)nc2c1CCNCC2,5.0,5,5.3211656468253965,2281
CN1CCN(c2ncc3c(n2)CCNCC3)CC1,5.0,5,5.44866834126984,2281
COCCNc1nc(Nc2ccc(F)cc2)c2cn[nH]c2n1,5.0,1,7.213784015873021,2283
OCCCNc1nc(Nc2ccc(F)cc2)c2cn[nH]c2n1,5.0,1,7.155549952380953,2283
CCNc1nc(Nc2ccc(F)cc2)c2cn[nH]c2n1,5.0,1,7.065480396825395,2283
CNc1nc(Nc2ccc(F)cc2)c2cn[nH]c2n1,5.0,1,6.072361887566137,2283
CCCNc1nc(Nc2ccccc2)c2cn[nH]c2n1,5.0,1,6.773761792328039,2283
CCNc1nc(Nc2ccccc2)c2cn[nH]c2n1,5.0,1,6.580708948412691,2283
CCCOc1cccc2c1C[C@@H]1CNCCN1C2=O,5.0,10,6.1955702103174595,149
CCOc1cccc2c1C[C@@H]1CNCCN1C2=O,5.0,10,6.247794847883592,149
COc1ccc2c(c1)C[C@@H]1CNCCN1C2=O,5.0,10,5.76228740873016,149
N#Cc1cccc2c1C(=O)N1CCNC[C@H]1C2,5.0,10,5.62778955820106,149
C[C@@H]1c2ccccc2C(=O)N2CCNC[C@@H]12,5.0,10,6.153343769841267,149
C[C@H]1CN2C(=O)c3ccccc3C[C@@H]2CN1,5.0,10,6.212740585978831,149
CN1CCN2C(=O)c3ccccc3C[C@@H]2C1,5.0,10,5.630515921957674,149
O=C1c2cccc(C(F)(F)F)c2C[C@@H]2CNCCN12,5.0,10,6.8059923822751385,149
Cn1c(=O)cnn(CCCCN2CCN(c3ccccc3OCCF)CC2)c1=O,5.0,2,6.0519079576719585,2284
c1ccc(CCN[C@H]2C3C4CC5C6C4CC3C6C52)cc1,5.0,3,6.574887480158732,2272
CN(CCCc1cccc(F)c1)[C@H]1C2C3CC4C5C3CC2C5C41,5.0,1,6.447808131313131,2285
CN(Cc1ccccc1)[C@H]1C2C3CC4C5C3CC2C5C41,5.0,8,6.523561260101011,2286
Fc1cccc2c1nc(OCC1CCN(CCC(F)(F)F)CC1)c1cccnc12,5.0,4,6.316946551587299,2278
O=S(=O)(NCCCN1CCN(c2noc3ccccc23)CC1)c1ccc2cc(Cl)ccc2c1,5.0,6,7.816432661375664,388
CCC(N)Cc1c[nH]c2ccccc12,5.0,1,6.702757948412702,89
O=C(NCCCCN1CCN(c2cccc(Cl)c2Cl)CC1)c1cc2cc(F)ccc2[nH]1,5.0,6,7.180205452380954,539
CC(=O)NC1CCN(Cc2ccc(CCN(C)C(=O)c3ccc(-c4ccc(F)cc4)cc3)cc2)CC1,5.0,3,7.015138742544491,126
NC(=O)C1CCN(CCOc2ccc(C#Cc3ccc(-c4ccc(Cl)cc4)cn3)cc2)CC1,5.0,5,6.673816804834056,2287
Cc1cc(C#Cc2ccc(-c3ccc(Cl)cc3)cn2)ccc1OCCN1CCC[C@H]1CO,5.0,4,6.670818175685428,2048
COc1ccc(-c2ccc(CCCNc3ccc(CN4CCOCC4)cc3)nn2)cc1,5.0,3,6.706702861111111,2288
COc1ccc(-c2ccc(CCCNc3ccc(CN4CCCC(O)C4)cc3)nn2)cc1,5.0,5,5.8204116097883585,363
COc1ccc(-c2ccc(CCCNc3ccc(CN4CCC(NC(C)=O)CC4)cc3)nn2)cc1,5.0,5,5.8620033597883605,363
OC1CCN(Cc2ccc(NCCCc3ccc(OCc4ccccc4)nn3)cc2)CC1,5.0,10,5.421439003968254,2289
OC1CCN(Cc2ccc(NCCCc3ccc(Oc4ccccc4)nn3)cc2)CC1,5.0,3,5.368305162698412,2290
CC(=O)NC1CCN(Cc2ccc(NCCCc3ccc(Oc4ccccc4)nn3)cc2)CC1,5.0,3,5.578606591269842,2290
O[C@@H]1CCCN(Cc2ccc(OCCCc3ccc(Oc4ccccc4)nn3)cc2)C1,5.0,2,6.008973117724871,2291
OCC1CCN(Cc2ccc(OCCCc3ccc(Oc4ccccc4)nn3)cc2)CC1,5.0,2,5.936994546596924,2291
CC(=O)NC1CCN(Cc2ccc(OCCCc3ccc(Cc4ccccc4)nn3)cc2)CC1,5.0,5,6.160940126984125,2292
CNC(=O)c1cccc(OCCCCN2CCN(c3cccc4c3OC(F)(F)O4)CC2)c1,5.0,3,6.756485301587301,2293
O=C1c2ccccc2C(=O)N1CCCCN1CCC2CCCCC2C1,5.0,2,6.646991497354494,2294
O=C1NCN(c2ccccc2)C12CCN(CCCCc1nc3ccccc3s1)CC2,5.0,10,6.619685861111109,2295
O=c1[nH]c2cc(Cl)ccc2n1C1CCN(CCCCc2nc3ccccc3s2)CC1,5.0,8,6.66716959126984,2296
CC(N)CC#Cc1ccccc1,5.0,2,6.004273154761902,188
C[C@@H](N)C/C=C/c1ccccc1,5.0,2,6.416818437830685,188
c1ccc2c(c1)CCN(CCCc1nc3ccccc3[nH]1)C2,5.0,4,6.7832598214285715,2297
CC1(C)CC(=O)N(CCCCN2Cc3ccccc3C2)C(=O)C1,5.0,3,6.507180120370368,2298
Clc1cccc(CNc2nc(Cl)nc3[nH]cnc23)c1,5.0,2,6.173015964285717,2299
Fc1ccc(C#Cc2nc(NCc3cccc(Cl)c3)c3nc[nH]c3n2)cc1F,5.0,1,6.230128107142855,2300
O[C@@H]1[C@H](O)[C@@H]2C[C@@H]2[C@H]1n1cnc2c(NCc3cccc(Cl)c3)nc(Cl)nc21,5.0,3,6.3588724656084645,2301
O[C@@H]1[C@H](O)[C@@H]2C[C@@H]2[C@H]1n1cnc2c(NC(C3CC3)C3CC3)nc(Cl)nc21,5.0,3,5.943936551587304,2302
Nc1nc(Cl)nc2c1ncn2[C@@H]1O[C@H](CO)[C@@H](O)[C@H]1O,5.0,9,5.1979188121693145,2303
OC[C@H]1O[C@@H](n2cnc3c(NC(C4CC4)C4CC4)ncnc32)[C@H](O)[C@@H]1O,5.0,1,5.414407736772489,2304
CNC(=O)[C@H]1O[C@@H](n2cnc3c(N)ncnc32)[C@H](O)[C@@H]1O,5.0,9,5.146056367724867,2303
CCNC(=O)[C@H]1O[C@@H](n2cnc3c(N)ncnc32)[C@H](O)[C@@H]1O,5.0,9,5.193692895502645,2303
Nc1ncnc2c1ncn2[C@@H]1O[C@H](C(=O)NC2CC2)[C@@H](O)[C@H]1O,5.0,6,5.1658441587301605,2305
CNC(=O)[C@H]1O[C@@H](n2cnc3c(NCc4cccc(I)c4)ncnc32)[C@H](O)[C@@H]1O,5.0,6,5.537231753006254,2306
CNC(=O)[C@H]1O[C@@H](n2cnc3c(NCc4cccc(I)c4)nc(Cl)nc32)[C@H](O)[C@@H]1O,5.0,6,5.504195849206349,2306
Nc1nc(Cl)nc2c1ncn2[C@H]1[C@H](O)[C@H](O)[C@]2(CO)C[C@H]12,5.0,8,5.227481402116405,2307
CNc1nc(Cl)nc2c1ncn2[C@H]1[C@H](O)[C@H](O)[C@]2(CO)C[C@H]12,5.0,8,5.221320809523813,2307
OC[C@@]12C[C@@H]1[C@@H](n1cnc3c(NC(C4CC4)C4CC4)nc(Cl)nc31)[C@H](O)[C@@H]2O,5.0,3,5.108250198412698,2302
CCC(CC)Nc1nc(Cl)nc2c1ncn2[C@H]1[C@H](O)[C@H](O)[C@]2(CO)C[C@H]12,5.0,8,5.167000539682541,2307
CC[C@@H](Nc1nc(Cl)nc2c1ncn2[C@H]1[C@H](O)[C@H](O)[C@]2(CO)C[C@H]12)C1CC1,5.0,10,5.099054404761905,2308
CC(C)[C@@H](Nc1nc(Cl)nc2c1ncn2[C@H]1[C@H](O)[C@H](O)[C@]2(CO)C[C@H]12)C1CC1,5.0,10,5.194338865079366,2308
OC[C@@]12C[C@@H]1[C@@H](n1cnc3c(N[C@H](C4CCC4)C4CC4)nc(Cl)nc31)[C@H](O)[C@@H]2O,5.0,5,5.120355988095238,2309
CN(C)c1nc(Cl)nc2c1ncn2[C@H]1[C@H](O)[C@H](O)[C@]2(CO)C[C@H]12,5.0,8,5.322343896825401,2307
CNC(=O)[C@@]12C[C@@H]1[C@@H](n1cnc3c(NC(C4CC4)C4CC4)nc(Cl)nc31)[C@H](O)[C@@H]2O,5.0,3,5.51995169047619,2302
CNC(=O)[C@@]12C[C@@H]1[C@@H](n1cnc3c(N(C)C)nc(Cl)nc31)[C@H](O)[C@@H]2O,5.0,8,5.153408198412699,2307
COC(=O)[C@@]12C[C@@H]1[C@@H](n1cnc3c(NC(C4CC4)C4CC4)nc(Cl)nc31)[C@H](O)[C@@H]2O,5.0,3,5.690693015873015,2302
CCOC(=O)[C@@]12C[C@@H]1[C@@H](n1cnc3c(NC(C4CC4)C4CC4)nc(Cl)nc31)[C@H](O)[C@@H]2O,5.0,3,5.877537838624342,2302
CCCOC(=O)[C@@]12C[C@@H]1[C@@H](n1cnc3c(NC(C4CC4)C4CC4)nc(Cl)nc31)[C@H](O)[C@@H]2O,5.0,3,5.87038172751323,2302
O=C(O)[C@@]12C[C@@H]1[C@@H](n1cnc3c(NC(C4CC4)C4CC4)nc(Cl)nc31)[C@H](O)[C@@H]2O,5.0,3,5.579186325396825,2302
CCOC(=O)[C@@]12C[C@@H]1[C@@H](n1cnc3c(N(C)C)nc(Cl)nc31)[C@H](O)[C@@H]2O,5.0,8,5.3213783015873055,2307
CN(C)c1nc(Cl)nc2c1ncn2[C@H]1[C@H](O)[C@H](O)[C@]2(C(=O)O)C[C@H]12,5.0,8,5.220530772486774,2307
CC(=O)NCCNC(=O)[C@@]12C[C@@H]1[C@@H](n1cnc3c(NC(C4CC4)C4CC4)nc(Cl)nc31)[C@H](O)[C@@H]2O,5.0,3,5.508938260582011,2302
CC(=O)NCCCNC(=O)[C@@]12C[C@@H]1[C@@H](n1cnc3c(NC(C4CC4)C4CC4)nc(Cl)nc31)[C@H](O)[C@@H]2O,5.0,3,5.493696363756614,2302
CNC(=O)[C@@]12C[C@@H]1[C@@H](n1cnc3c(N(C)C)nc(C#Cc4ccc(Cl)s4)nc31)[C@H](O)[C@@H]2O,5.0,3,5.594901677248672,2310
CN1CC[C@H]2CC(=O)[C@H](Cc3ccccc3)[C@H]3CCC[C@@H]1[C@H]23,5.0,10,6.615739251322744,2311
CCCN1CC[C@H]2c3cc4ccc(C(F)(F)F)cc4nc3[C@H](CC)[C@H]3CCC[C@@H]1[C@@H]32,5.0,9,6.851866295634921,2312
CC1(C)Cc2cccc(Cl)c2N2CCNCC21,5.0,8,6.517755198412694,739
CC1=C(CO)Oc2cccc3c2c1cn3S(=O)(=O)c1cccc2ccccc12,5.0,9,5.54302925132275,2143
CC1=C(CO)Oc2cccc3c2c1cn3S(=O)(=O)c1ccccc1,5.0,2,5.81902061904762,2313
O=S(=O)(c1cccc2ccccc12)n1cc2c3c(cccc31)OC(CO)=C2,5.0,9,5.588376936507936,2143
O=S(=O)(c1ccccc1)n1cc2c3c(cccc31)OC(CO)=C2,5.0,2,5.762423436507936,2313
O=C(c1csc(-c2cccc(Cl)c2Cl)n1)N1CCOCC1,5.0,9,5.04858088888889,2314
Cc1nc(-c2cccc3ccccc23)sc1C(=O)N1CCN(C)CC1,5.0,8,5.639058989417989,2315
O=C(c1csc(-c2cccc(Cl)c2Cl)n1)N1CCCCC1,5.0,6,5.360627444444446,2316
O=C(c1csc(-c2cccc(Cl)c2Cl)n1)N1CCCOCC1,5.0,3,5.021991222222222,2317
O=C(c1csc(-c2cccc(Cl)c2Cl)n1)N1CCC(O)CC1,5.0,6,5.448320641534392,2316
O=C(c1csc(-c2cccc(Cl)c2Cl)n1)N1CC2CC1CO2,5.0,2,5.9372254841269845,2318
O=C(c1csc(-c2ccccc2Cl)n1)N1CCOCC1,5.0,9,5.092389222222222,2314
O=C(c1csc(-c2cccc(F)c2Cl)n1)N1CCOCC1,5.0,9,5.259510185185185,2314
O=C(c1csc(-c2cccc(Cl)c2F)n1)N1CCOCC1,5.0,9,5.232591129629629,2314
O=C(c1csc(-c2ccc(Cl)cc2Cl)n1)N1CCOCC1,5.0,9,5.077804253968253,2314
Cc1cccc(-c2nc(C(=O)N3CCOCC3)cs2)c1C,5.0,9,5.112513888888888,2314
O=C(c1csc(-c2cccnc2)n1)N1CCOCC1,5.0,1,5.382488051587305,2319
O=C(c1csc(-c2cccc3ccccc23)n1)N1CCOCC1,5.0,7,5.0685317222222235,2320
Cc1nc(-c2cccc(Cl)c2Cl)sc1C(=O)N1CCOCC1,5.0,2,5.1478901666666665,2321
O=C(c1cnc(-c2cccc(Cl)c2Cl)s1)N1CCOCC1,5.0,2,5.171261444444446,2321
Cc1sc(-c2cccc(Cl)c2Cl)nc1C(=O)N1CCOCC1,5.0,9,5.0518424444444445,2314
O=C(c1nc(-c2cccc(Cl)c2Cl)cs1)N1CCOCC1,5.0,8,5.0802187777777785,2322
Cc1nc(-c2cccc3ccccc23)sc1C(=O)N1CCOCC1,5.0,10,5.0340496111111115,2323
O=C(c1nc(-c2cccc3ccccc23)cs1)N1CCOCC1,5.0,7,5.118122222222223,2324
O=C(c1cnc(-c2cccc3ccccc23)s1)N1CCOCC1,5.0,10,5.087049357142857,2323
Cc1sc(-c2cccc3ccccc23)nc1C(=O)N1CCOCC1,5.0,7,5.150771722222221,2320
Cc1nc(-c2cccc3ccccc23)sc1C(N)=O,5.0,7,5.610150301587302,2325
Cc1nc(-c2cccc3ccccc23)sc1C(=O)N(C)C,5.0,7,5.893183480158729,2325
Cc1nc(-c2cccc3ccccc23)sc1C(=O)N1CCCCC1,5.0,7,5.228735222222222,2326
COCCN(C)C(=O)c1sc(-c2cccc3ccccc23)nc1C,5.0,7,6.335172333333334,2325
COCCNC(=O)c1sc(-c2cccc3ccccc23)nc1C,5.0,7,6.272535468253969,2325
Cc1nc(-c2cccc3ccccc23)sc1C(=O)N(C)CCO,5.0,7,6.117610226190477,2325
Cc1nc(-c2cccc3ccccc23)sc1C(=O)N(CCO)C(C)C,5.0,7,6.495358369047621,2325
Cc1nc(-c2cccc3ccccc23)sc1C(=O)N1CCC(O)CC1,5.0,7,5.119621325396826,2326
Cc1nc(-c2cccc3ccccc23)sc1C(=O)N1CCCC(O)CC1,5.0,6,5.62335767989418,2327
Cc1nc(-c2cccc3ccccc23)sc1C(=O)N1CCC(CO)CC1,5.0,7,5.0761922222222235,2326
Cc1nc(-c2cccc3ccccc23)sc1C(=O)N1CCNCC1,5.0,8,5.090150888888889,2315
Cc1nc(-c2cccc3ccccc23)sc1C(=O)N(C)Cc1ccn(C)n1,5.0,5,6.098630515873015,2328
Cc1nc(-c2cccc3ccccc23)sc1C(=O)N1CCc2[nH]cnc2C1,5.0,3,5.285953996031747,2329
Cc1nc(-c2cccc3ccccc23)sc1C(=O)N(C)CCc1cccnc1,5.0,2,5.490775484126985,2330
Cc1nc(-c2cccc3ccccc23)sc1C(=O)N(C)Cc1cccnc1,5.0,1,5.366271204184708,2331
Cc1sc(-c2cccc3ccccc23)cc1C(=O)N1CCC(CO)CC1,5.0,1,5.127101333333333,2332
Cc1cc(-c2cccc3ccccc23)oc1C(=O)N1CCC(CO)CC1,5.0,8,5.424623071428569,2333
Cn1cc(-c2cccc3ccccc23)cc1C(=O)N1CCC(CO)CC1,5.0,5,5.4689009920634915,2334
Cc1[nH]c(-c2cccc3ccccc23)cc1C(=O)N1CCC(CO)CC1,5.0,4,5.107916166666667,2335
Cc1cn(-c2cccc3ccccc23)cc1C(=O)N1CCC(CO)CC1,5.0,3,5.266402412698412,2336
Cc1nc(-c2cccc3ccccc23)oc1C(=O)N1CCC(CO)CC1,5.0,2,5.054172103174603,2337
Cc1oc(-c2cccc3ccccc23)nc1C(=O)N1CCC(CO)CC1,5.0,3,5.214642944444446,2338
Cn1cc(-c2cccc3ccccc23)nc1C(=O)N1CCC(CO)CC1,5.0,10,5.540686202380951,2339
Cc1nc(-c2cccc3ccccc23)n(C)c1C(=O)N1CCC(CO)CC1,5.0,8,5.548120595238094,2340
Cc1nn(-c2cccc3ccccc23)cc1C(=O)N1CCC(CO)CC1,5.0,5,5.274728515873015,2341
Cc1nn(-c2cccc3ccccc23)nc1C(=O)N1CCC(CO)CC1,5.0,3,5.150583619047621,2342
O=C(c1nnn(-c2cccc3ccccc23)n1)N1CCC(CO)CC1,5.0,2,5.4976436534391535,2343
CCn1nc(-c2cccc3ccccc23)cc1-c1nccn1C,5.0,10,5.822385198412699,2074
CCn1nc(-c2cccc3ccccc23)cc1-c1cncn1C,5.0,10,5.702914837301588,2344
CCn1nc(-c2cccc3ccccc23)cc1-c1ccnn1C,5.0,10,5.891931706349208,2345
CCn1nc(-c2cccc3ccccc23)cc1-c1ncnn1C,5.0,6,5.482895436507937,2346
CCn1nc(-c2nccc3ccccc23)cc1-c1cccnn1,5.0,4,5.542586875661375,2347
CCn1nc(-c2cncc3ccccc23)cc1-c1cccnn1,5.0,10,5.177661055555561,2348
CCn1nc(-c2ccnc3ccccc23)cc1-c1cccnn1,5.0,8,5.239883603174604,2349
CCn1nc(-c2cccc3ncccc23)cc1-c1cccnn1,5.0,7,5.40316377777778,2350
CCn1nc(-c2cccc3ccncc23)cc1-c1cccnn1,5.0,4,5.849796113756611,2351
CCn1nc(-c2cccc3ccncc23)cc1-c1ccc(N)nn1,5.0,4,6.037619088624335,2351
O=c1ccc2c(N3CCN(CCCCOc4ccn5ncc(/C=N/O)c5c4)CC3)ccc(O)c2[nH]1,4.824,1,6.531034523809524,1369
O=C(NCCCCN1CC[N+]2(CCOc3ccccc32)CC1)c1cc2ccccn2n1,5.0,6,6.9055544563492095,2352
CC(=O)c1c(OCCCCN2CCOCC2)ccc2c(C)cc(=O)oc12,5.0,5,6.453005206349208,2353
O=C(CCN1CCN(Cc2ccccc2)CC1)Nc1nccs1,5.0,4,6.598031576719578,2354
COC(=O)c1ccc(-c2nc(CN(C)C[C@@H]3Cc4ccccc4O3)c(C)o2)cc1,5.0,10,6.894481342352095,2355
CO[C@@H]1CCCN(Cc2nc(-c3cccc(Oc4ccccc4)c3)oc2C)C1,5.0,3,6.75937223015873,2356
COc1ccc(-c2nc(CN(C)C[C@@H]3Cc4ccccc4O3)c(C)o2)cc1C,5.0,10,6.684890884920633,2355
CC(C)(C)c1nc(CN2CCN(Cc3ccccn3)CC2)cs1,5.0,10,6.807317445767198,2357
Cc1cccc(N2CCN(CCNc3cncc(Cl)n3)CC2)c1,5.0,3,7.008892678932181,229
CN1CCN(CCCNC(=O)c2cc(=O)c3ccccc3[nH]2)CC1,5.0,8,5.567982956349204,2358
CN1CCN(c2ccccc2CNC(=O)c2ccccc2Cl)CC1,5.0,7,6.9458557566137555,2359
CC(=O)N1CCc2cc(C(=O)NCCCN3CCN(C)CC3)ccc21,5.0,5,5.757065333333328,2360
CN1CCN(CCCCNC(=O)c2cn3ccccc3n2)CC1,5.0,4,6.333759019841272,2361
CCN1CCN(CCCNC(=O)c2ccc(F)cc2Cl)CC1,5.0,3,6.962228996031748,2362
Clc1ccccc1OCCCCN1CCNCC1,5.0,7,6.771040730158734,2363
Oc1ccccc1C1=NC(Cc2c[nH]cn2)CS1,5.0,1,6.074983273809525,2364
Oc1ccccc1C1=N[C@@H]2CCC[C@@H]2S1,5.0,10,6.454655957671959,2365
C[C@@H]1SC(c2ccccc2)=N[C@H]1CO,5.0,10,5.7331997063492075,2366
CNc1ccccc1C1=N[C@@H](CO)[C@H](C)S1,5.0,10,5.513928829365082,2366
C[C@@H]1SC(c2cc3ccccc3cc2O)=N[C@H]1CO,5.0,6,5.95591988888889,2367
C[C@@H]1SC(c2c[nH]c3ccccc23)=N[C@H]1CO,5.0,3,5.467726428571427,2368
C[C@@H]1SC(c2ccco2)=N[C@H]1CO,5.0,10,5.988574369047618,2369
C[C@@H]1SC(c2cccs2)=N[C@H]1CO,5.0,7,5.103752301587302,2370
C[C@@H]1SC(c2ccsc2)=N[C@H]1CO,5.0,4,5.2301689722222235,2371
C[C@@H]1SC(c2ccccc2O)=N[C@@H]1CO,5.0,10,5.488858769841269,2366
NC(=O)c1csc(-c2ccccc2O)n1,5.0,7,5.7628133968254,2372
NC(=O)C1CSC(c2ccccc2O)=N1,5.0,10,5.510978816137571,2366
OC[C@@H]1CSC(c2ccccc2O)=N1,5.0,10,5.824962156084654,2366
O=Cc1csc(-c2ccccc2O)n1,5.0,7,5.76617180555556,2372
C[C@@H]1SC(c2ccccc2O)=N[C@H]1[C@H]1SC[C@](C)(C(=O)O)N1C,5.0,3,5.667469027777777,2373
CCC1(O)CC2c3cc(OC)c(OC)cc3CCN2CC1CC(C)C,5.0,5,6.225482464285717,1963
CCOC(=O)[C@@H]1CN(CCn2c(=O)[nH]c3ccccc3c2=O)CC[C@@H]1c1ccccc1,5.0,7,6.074666539442043,2222
CCOC(=O)[C@@H]1CN(CCn2c(=O)[nH]c3ccccc3c2=O)CC[C@@H]1c1ccc(C(F)(F)F)cc1,5.0,7,6.122856849206349,2222
CCOC(=O)[C@@H]1CN(CCn2c(=O)[nH]c3ccccc3c2=O)CC[C@@H]1c1cccc(C(F)(F)F)c1,5.0,7,6.215443599206349,2222
CCOC(=O)[C@@H]1CN(CCn2c(=O)[nH]c3ccccc3c2=O)CC[C@@H]1c1ccc(C)cc1,5.0,7,6.041874228835983,2222
CCOC(=O)[C@@H]1CN(CCn2c(=O)[nH]c3ccccc3c2=O)CC[C@@H]1c1ccc(N(C)C)cc1,5.0,7,5.947555982804235,2222
CCOC(=O)[C@@H]1CN(CCn2c(=O)[nH]c3ccccc3c2=O)CC[C@@H]1c1ccc(-c2ccccc2)cc1,5.0,2,5.6721897526455045,2374
CCOC(=O)c1ccc([C@H]2CCN(CCn3c(=O)[nH]c4ccccc4c3=O)C[C@H]2C(=O)OCC)cc1,5.0,7,5.83417272619048,2222
CCOC(=O)[C@@H]1CN(CCn2c(=O)[nH]c3ccccc3c2=O)CC[C@@H]1c1cccc2c1OCCO2,5.0,10,5.759180541666667,2375
Cc1cc(OCCCCN2CCN(c3ccc([N+](=O)[O-])cc3)CC2)c2c(C)cc(=O)oc2c1,5.0,4,6.353181734126986,1109
Cc1cc(OCCCCN2CCOCC2)c2c(C)cc(=O)oc2c1,5.0,9,5.710251740981242,2376
CC(=O)c1c(C)cc2oc(=O)cc(C)c2c1OCCCN1CCN(c2ccncc2)CC1,5.0,7,7.168636505291005,2377
CC(=O)c1c(C)cc2oc(=O)cc(C)c2c1OCCCN1CCOCC1,5.0,2,5.940918113756615,2378
Cc1cc(OCCCN2CCN(c3ccc([N+](=O)[O-])cc3)CC2)c2c(C)cc(=O)oc2c1,5.0,2,6.08957882804233,420
Cc1cc(OCCCN2CCOCC2)c2c(C)cc(=O)oc2c1,5.0,2,5.619841089947088,2378
CC[C@H]1c2cc(OC)ccc2CC[C@@]1(C)N,5.0,5,5.7956255512820505,2229
CC[C@H]1c2cc(C)ccc2OC[C@@]1(C)N,5.0,10,6.253094479497355,261
CC[C@H]1c2ccccc2N(c2ccccc2)C[C@@]1(C)N,5.0,10,6.636574857142852,2379
CCCCCCCCNC(=O)/C=C/c1cc(OC)c(OC)c(OC)c1,5.0,2,6.554171774531025,188
COc1cc(/C=C/C(=O)O)cc(OC)c1OC,5.0,2,6.176451333333332,188
CCc1nc(NC(C)=O)[nH]c1-c1cn(S(=O)(=O)c2ccccc2)c2ccccc12,5.0,10,5.696305079365079,48
COc1ccc2c(c1)c(-c1[nH]c(NC(C)=O)nc1C)cn2S(=O)(=O)c1ccccc1,5.0,10,5.248585357142857,48
CCc1nc(NC(C)=O)[nH]c1-c1cn(S(=O)(=O)c2ccccc2)c2ccc(OC)cc12,5.0,10,5.961737154761902,48
COc1ccc2c(c1)c(-c1[nH]c(NC(=O)Cc3ccccc3)nc1C)cn2S(=O)(=O)c1ccccc1,5.0,8,5.753737988095237,2380
CC(=O)Nc1nc(C)c(-c2cn(S(=O)(=O)c3ccccc3)c3ccc(F)cc23)[nH]1,5.0,10,5.842495896825398,48
COc1ccc2c(c1)c(-c1cnc(NC(C)=O)[nH]1)cn2S(=O)(=O)c1cccc(F)c1,5.0,10,5.733346664021166,48
COc1ccc2c(c1)c(-c1[nH]c(NC(C)=O)nc1C)cn2S(=O)(=O)c1cccc(F)c1,5.0,10,5.881530920634922,48
CCC(=O)Nc1nc(C)c(-c2cn(S(=O)(=O)c3cccc(F)c3)c3ccc(OC)cc23)[nH]1,5.0,10,5.966480851190476,48
CCC(=O)Nc1nc(C)c(-c2cn(S(=O)(=O)c3cccc4ccccc34)c3ccccc23)[nH]1,5.0,10,5.30656809126984,1424
COc1ccc2c(c1)c(-c1[nH]c(NC(C)=O)nc1C)cn2S(=O)(=O)c1cccc2ccccc12,5.0,10,5.20559419047619,1424
COc1ccc2c(c1)c(-c1[nH]c(NC(C)=O)nc1C)cn2S(=O)(=O)c1ccc2ccccc2c1,5.0,7,5.17770994047619,2381
CCC(=O)Nc1nc(C)c(-c2cn(S(=O)(=O)c3ccc4ccccc4c3)c3ccc(OC)cc23)[nH]1,5.0,7,5.277914238095237,2381
CCC(=O)Nc1nc(C)c(-c2cccc3c2ccn3S(=O)(=O)c2ccccc2)[nH]1,5.0,6,5.259074718253968,2382
CC(=O)N1CCn2c1nc(C)c2-c1cn(S(=O)(=O)c2ccccc2)c2ccccc12,5.0,1,5.749589047619044,2383
CC(=O)N1CCCn2c1nc(C)c2-c1cn(S(=O)(=O)c2ccccc2)c2ccccc12,5.0,10,5.8899506428571415,2384
O=S(=O)(c1ccccc1)n1cc(-c2c[n+]3cccnc3[nH]2)c2ccccc21,5.0,3,5.950547396825395,2385
COc1ccc2c(c1)c(-c1[nH]c3cccc[n+]3c1C)cn2S(=O)(=O)c1ccccc1,5.0,7,5.450625686507935,2386
COc1ccc2c(c1)c(-c1[nH]c3nccc[n+]3c1C)cn2S(=O)(=O)c1ccccc1,5.0,3,5.523085186507935,2385
CC(=O)Nc1nc(C)c(-c2ccc3ccn(S(=O)(=O)c4ccccc4)c3c2)[nH]1,5.0,4,5.362801772486772,2387
CC(=O)Nc1nc(C)c(-c2cn(S(=O)(=O)c3ccccc3)c3ccccc23)[nH]1,5.0,10,5.142545785714286,48
O=C(Nc1ccc(OC(F)F)nc1)NC1CCN(c2ncnc3c2nc(-c2ccccc2Cl)n3-c2ccc(Cl)cc2)CC1,5.0,10,6.605231412698406,2388
CCn1cncc1-c1c[nH]c2ccc(C(=O)OC)cc12,5.0,4,6.824835961640207,2389
CCn1cncc1-c1c[nH]c2ccc(S(N)(=O)=O)cc12,5.0,4,6.196766923280424,2389
Cn1cncc1-c1c[nH]c2ccc(C(N)=O)cc12,5.0,4,6.239642550264552,2389
CCn1cncc1-c1c[nH]c2ccc(C(N)=O)cc12,5.0,4,6.169426218253962,2389
CCn1cncc1-c1c[nH]c2ccc(I)cc12,5.0,4,6.351844134920637,2389
CCCN1CCc2cc(OC)cc3c2[C@H]1Cc1cccc(OCc2ccc(F)cc2)c1-3,5.0,9,6.995559310125062,2390
CCCN1CCc2cc(OC)cc3c2[C@H]1Cc1cccc(OCCCF)c1-3,5.0,9,6.280636534391535,81
CCCN1CCc2cc(OC)cc3c2[C@H]1Cc1cccc(OCCF)c1-3,5.0,9,6.26019611772487,81
CCn1cncc1-c1c[nH]c2ccc(OC)cc12,5.0,4,7.003892220899472,2389
CCn1cncc1-c1c[nH]c2ccccc12,5.0,4,6.225087582010585,2389
CCn1cncc1-c1c[nH]c2ccc(F)cc12,5.0,4,6.43015698015873,2389
CCn1cncc1-c1c[nH]c2ccc(C)cc12,5.0,4,6.847363126984125,2389
CCn1cncc1-c1c[nH]c2ccc(Cl)cc12,5.0,4,6.356570272486772,2389
CCn1cncc1-c1c[nH]c2ccc(Br)cc12,5.0,4,6.6238695595238095,2389
CCn1cncc1-c1c[nH]c2ccc(C(F)(F)F)cc12,5.0,4,6.925157888888889,2389
CCn1cncc1-c1c[nH]c2ccc(OC(F)(F)F)cc12,5.0,4,7.006104114357865,2389
CCOc1ccc2[nH]cc(-c3cncn3CC)c2c1,5.0,4,6.86656398412698,2389
CCn1cncc1-c1c[nH]c2cc(F)ccc12,5.0,4,6.588250564814818,2389
CCn1cncc1-c1c[nH]c2cc(F)c(Cl)cc12,5.0,4,6.38411675661376,2389
CCn1cncc1-c1c[nH]c2cccc(F)c12,5.0,4,6.403350912698416,2389
Cn1cncc1-c1c[nH]c2ccc(Cl)c(F)c12,5.0,4,6.457541431216934,2389
CCn1cncc1-c1c[nH]c2ccc(Cl)c(F)c12,5.0,4,6.5624718478836,2389
Cn1cncc1-c1c[nH]c2ccc(Br)c(F)c12,5.0,4,6.642458117724871,2389
Cn1cncc1-c1c[nH]c2ccc(I)cc12,5.0,4,6.3217594100529135,2389
COc1ccc2[nH]cc(-c3cncn3C)c2c1F,5.0,4,6.469028439153444,2389
CCn1cncc1-c1c[nH]c2ccc(OC)c(F)c12,5.0,4,6.9543184431216964,2389
Cn1cncc1-c1c[nH]c2ccc(C(N)=O)c(F)c12,5.0,4,6.511170859788357,2389
CCn1cncc1-c1c[nH]c2ccc(C(N)=O)c(F)c12,5.0,4,6.364227380952381,2389
CCn1cncc1-c1c[nH]c2ccc(I)c(F)c12,5.0,4,6.583248087301589,2389
CCOC(=O)Cc1nn(CNC(=O)CCN2CCN(c3ccccc3F)CC2)c(=O)c2ccccc12,5.0,5,6.978000325396823,41
Cc1nccc2c1C(C)(C)Nc1cc(Br)ccc1-2,5.0,5,6.877547262866765,2391
Clc1ccc2c3c1CCN3CCNC2,4.301,4,5.067790186507932,18
Clc1ccc2c3c1OCCN3CCNC2,4.301,1,5.0695181891534284,2392
CC1CN2CCNCc3cccc1c32,4.301,4,5.456839289682532,18
CC1(C)CN2CCNCc3cccc1c32,4.301,4,5.242029817460312,18
CS/C(=N/CC[N+]1(C)CCN(c2ncccn2)CC1)C12CC3CC(CC(C3)C1)C2,5.0,7,6.455113550264552,2393
c1ccc(CS/C(=N/CC[N+]2(Cc3ccccc3)CCN(c3ncccn3)CC2)C23CC4CC(CC(C4)C2)C3)cc1,5.0,4,6.347292300264554,2394
CN(C)CC/C=C/c1cccnc1,5.0,5,6.426135428451174,346
c1cc2c(cn1)CC[C@@H]1CNCCN21,5.0,7,4.776231785714286,2395
c1cc2c(c(CC3CCC3)n1)CC[C@@H]1CNCCN21,5.0,5,6.835912494708992,2396
COc1ccccc1N1CCN(CCCOc2ccc(NC(C)=O)cc2)CC1,5.0,9,6.401536197089947,288
CC(=O)Nc1ccc(OCCCN2CCN(c3ncccn3)CC2)cc1,5.0,1,6.671268956349203,611
CCC(=O)Nc1ccc(OCCCN2CCC(c3noc4cc(F)ccc34)CC2)cc1,5.0,8,6.719336186507936,340
O=C(Nc1ccc(OCCCN2CCC(c3noc4cc(F)ccc34)CC2)cc1)c1ccccc1,5.0,3,7.1876706534391515,2397
CC(=O)Nc1ccc(OCCN2CCC(c3noc4cc(F)ccc34)CC2)cc1,5.0,10,7.132058400793647,2398
CC(=O)Nc1cccc(OCCCN2CCC(c3noc4cc(F)ccc34)CC2)c1,5.0,8,7.167687801587305,340
Clc1ccc(-c2n[nH]cc2N2CCCNCC2)cc1,5.0,9,5.967089992063489,1626
Fc1ccc(-c2n[nH]cc2N2CCCNCC2)cc1,5.0,9,5.61514665079365,1626
COc1ccccc1-c1n[nH]cc1N1CCCNCC1,5.0,9,5.732623690476192,1626
COc1cccc(-c2n[nH]cc2N2CCCNCC2)c1,5.0,9,6.383965638888887,1626
COc1ccc(-c2n[nH]cc2N2CCCNCC2)cc1,5.0,9,5.960180714285713,1626
c1ccc(-c2n[nH]cc2N2CCCNCC2)cc1,5.0,9,5.447727928571426,1626
COc1ccccc1-c1n[nH]cc1N1CCNCC1,5.0,7,5.8643597380952395,2203
COc1ccc(-c2n[nH]cc2N2CCNCC2)cc1,5.0,7,5.983684329365083,2203
c1ccc(-c2n[nH]cc2N2CCNCC2)cc1,5.0,7,5.983519019841267,2203
Clc1ccccc1-c1n[nH]cc1N1CCNCC1,5.0,7,6.115687407407407,2203
Fc1ccccc1-c1n[nH]cc1N1CCNCC1,5.0,7,6.062446768638769,2203
Fc1ccc(-c2n[nH]cc2N2CCNCC2)cc1,5.0,7,6.150640777777778,2203
Cc1ccc(-c2n[nH]cc2N2CCNCC2)cc1,5.0,7,5.950116833333335,2203
CC1CCN(CC[C@H]2CCCN2S(=O)(=O)c2cccc(O)c2)CC1,5.0,8,6.706574428571426,2399
N#Cc1ccc2[nH]cc(CCCN3CCN(c4ccc(-n5ccc6ncccc6c5=O)cc4)CC3)c2c1,5.0,1,5.6291717301587285,2400
N#Cc1ccc2[nH]cc(CCCCN3CCN(c4ccc(-n5ccc6ncccc6c5=O)cc4)CC3)c2c1,5.0,5,5.628631421957673,2401
N#Cc1ccc2[nH]cc(CCCCN3CCN(c4ccc(-n5ccc6occc6c5=O)cc4)CC3)c2c1,5.0,4,6.504235120370374,2402
CCN(CC)Cc1ccc(Cl)c(-c2ccccc2OC)c1,5.0,9,6.938360572751324,202
CCCN(CCC)Cc1ccc(Cl)c(-c2ccccc2OC)c1,5.0,9,6.848832156084656,202
Cc1cn([C@H](C)CC#N)c(=O)c2cc(Cn3nc(C(F)F)cc3Cl)nn12,5.0,3,6.546184132996634,2403
CCCC1NCCc2c1[nH]c1ccc(F)cc21,5.0,8,6.643272530543535,640
Oc1ccc(Cl)cc1C1NCCc2c1[nH]c1ccc(Cl)cc21,5.0,6,6.8190865119047634,44
COc1ccc(OC)c(C2NCCc3c2[nH]c2ccc(F)cc32)c1,5.0,6,7.083189511904761,44
Cc1nccn1CC1CCc2c(c3ccccc3n2C)C1=O,5.0,2,6.6458762290764755,2404
[2H]C1([2H])CC(c2c[nH]c3cccc(O)c23)C([2H])([2H])N1,5.0,2,6.90872723941799,1683
[2H]C1([2H])CC(c2c[nH]c3cccc(OCc4ccccc4)c23)C([2H])([2H])N1C,5.0,1,6.87874921825397,2405
CC(C)(O)c1ccc(N2Cc3c(ccnc3-c3ccc(F)cc3OCC(F)(F)F)C2=O)cc1,5.0,10,6.8228033756613735,2406
CN(C)CCc1c[nH]c2cccc(OP(=O)(O)O)c12,5.0,1,7.047268907407406,89
CCN(CC)CCc1n[nH]c2ccc(OC)cc12,5.0,4,7.191206907407407,136
COc1ccc2c(c1)c(CCN(C)C)nn2C,5.0,4,6.872667955026456,136
CN(C)CCc1n[nH]c2ccc(Cl)cc12,5.0,4,6.8296709391534405,136
Cn1nc2ccccc2c1C1=CCCNC1,5.0,9,6.819567744708999,2407
c1ccc2c(C3CCCNC3)n[nH]c2c1,5.0,8,6.659182126984128,2408
C1=C(c2n[nH]c3ccc(-c4ccccc4)cc23)CNCC1,5.0,7,6.874847169312167,2409
O=C1C[C@]2(CN3CCC2CC3)Oc2ccccc21,5.0,7,5.075992357142857,401
O=C1C[C@]2(CN3CCC2CC3)Oc2ccc(F)cc21,5.0,7,5.8250844269480515,401
O=C1C[C@]2(CN3CCC2CC3)Oc2ccc(Br)cc21,5.0,7,5.07177024639249,401
COc1ccc2c(c1)C(=O)C[C@]1(CN3CCC1CC3)O2,5.0,7,5.09062089321789,401
COc1cccc(N2CCN(CC[C@H]3CC[C@H](NC(=O)N(C)C)CC3)CC2)c1F,5.0,1,7.317544257936509,393
COCCC(=O)N[C@H]1CC[C@H](CCN2CCN(c3cccc(OC)c3F)CC2)CC1,5.0,1,7.303349410052913,393
Cc1c(C2=CCN(C(=O)N(C)C(C)C)CC2)nnn1-c1cccnc1F,5.0,6,6.492029261904764,2410
Cc1ccc(NC(=O)C[C@H](CCC(=O)O)c2noc([C@H]3C[C@@H](CC(C)(C)C)C3)c2C2CC2)c(Cl)c1,5.0,5,6.6606395,2411
COc1ccc(OC)c(/C=C2\C(=O)N=C(N)N2C)c1,5.0,4,5.838069769841271,2412
CS(=O)(=O)N1CCCC(N2C(=O)c3cccc(N)c3C2=O)C1,5.0,3,5.47408557936508,2413
COc1ccc2c(c1)c(CN1CCN(C)CC1)cn2S(=O)(=O)c1ccc(F)cc1,5.0,5,6.864151726190474,797
CN1CCC[C@@H]1Cc1c[nH]c2cccc(Cl)c12,5.0,2,6.787728085978831,35
CN1CCC[C@H]1Cc1c[nH]c2cccc(F)c12,5.0,2,6.782815994708997,35
CN1CCC[C@@H]1Cc1c[nH]c2cccc(OCc3ccccc3)c12,5.0,2,6.991622559523811,2414
CC(=O)Oc1cccc2[nH]cc(CC[N+](C)(C)C)c12,5.0,1,7.246618464285713,89
O=c1c(NCCc2cccc(Cl)c2)c(Nc2ccc(Cl)cc2)c1=O,5.0,6,6.602975755291004,2415
CC(C)N(CCc1c(Br)[nH]c2ccccc12)C(C)C,5.0,1,8.173169488095239,89
CCOCCNC(=O)c1ccc2c3c1CCN3CCNC2,4.301,4,5.673689787037034,18
O=C(NCCOc1ccccc1)c1ccc2c3c1CCN3CCNC2,4.301,5,6.094478059523802,2416
CCC1CN2CCNCc3ccc(C(=O)NC)c1c32,4.301,4,5.330528802910049,18
CNC(=O)c1ccc2c3c1C(CC(F)(F)F)CN3CCNC2,4.301,4,5.740755161856657,18
