smiles,pchembl
Br.CNCCc1ccc(O)c(NS(C)(=O)=O)c1,7.6
Brc1ccc2c(-c3c[nH]c(-c4c[nH]c5ccccc45)n3)c[nH]c2c1,6.26
Brc1ccc2c(-c3nc(-c4c[nH]c5ccccc45)c[nH]3)c[nH]c2c1,6.11
Brc1cccc2c1OCC=C2c1c[nH]cn1,7.49
Brc1cccc2c1OCCC2c1c[nH]cn1,8.59
C/C=C1/CN2CC[C@]34C(=C(C(=O)OC)[C@H]1C[C@H]23)Nc1ccc(Br)cc14,6.0
C/C=C1/CN2CC[C@]34C(=C(C(=O)OC)[C@H]1C[C@H]23)Nc1ccc(I)cc14,6.05
C1=C(N2CCNCC2)c2nccn2Cc2ccccc21,8.4
C1=CC2(CCN(CCc3cccc4ccccc34)CC2)Oc2ccccc21,7.15
C=CCN(CC=C)CCc1c[nH]c2ccc(Br)cc12,6.2
C=CCN(CC=C)CCc1c[nH]c2ccc(Cl)cc12,6.28
C=CCN1C[C@H](C(=O)N(CCCN(C)C)C(=O)NCC)C[C@@H]2c3cccc4[nH]cc(c34)C[C@H]21,6.22
C=Cc1sc2ccc(Cl)c3c2c1CN(C)CC3,7.44
CC(=O)C1(c2ccccc2)CCN(CCCNC(=O)C2=C(C)NC(C)=C(C(N)=O)C2c2ccc([N+](=O)[O-])cc2)CC1,7.57
CC(=O)C1=C(C)NC(=O)N(C(=O)NCCCN2CCN(c3ccccc3C(N)=O)CC2)C1c1cc(F)c(F)c(F)c1,9.4
CC(=O)C1=C(C)NC(=O)N(C(=O)NCCCN2CCN(c3ccccc3C(N)=O)CC2)C1c1ccc(F)c(F)c1,9.15
CC(=O)C1=C(C)NC(C)=C(C(=O)NCCCN2CCC(c3ccccc3)(c3ccccc3)CC2)C1c1ccc([N+](=O)[O-])cc1,8.93
CC(=O)C1=C(C)NC(C)=C(C(=O)NCCCN2CCC(c3ccccc3)(c3ccccc3)CC2)C1c1ccc2c(c1)OCO2,8.05
CC(=O)CC(=O)NCCCN1CCC(c2ccccc2)(c2ccccc2)CC1,7.0
CC(=O)N1C(=O)N(C)C(C)=C(C(=O)NCCCN2CCC(c3ccc(F)cc3)CC2)[C@H]1c1ccc(F)c(F)c1,8.66
CC(=O)c1c(-c2ccccc2)nn(C)c(=O)c1NCCN1CCN(c2ccccc2Cl)CC1,9.52
CC(=O)c1c(-c2ccccc2)nn(C)c(=O)c1NCCN1CCN(c2ccccc2F)CC1,9.49
CC(=O)c1ccc(N2CCN(CCc3ccc(CN4C(=O)c5ccccc5C4=O)cc3)CC2)cc1,7.85
CC(=O)c1ccc2c(c1)N(CCCN(C)C)c1ccccc1S2,8.52
CC(=O)c1ccc2c(c1)N(CCCN1CCC(CCO)CC1)c1ccccc1S2,6.8
CC(=O)c1ccc2c(c1)N(CCCN1CCN(CCO)CC1)c1ccccc1S2,8.35
CC(C(O)c1ccc(O)cc1)N1CCC(Cc2ccccc2)CC1,6.35
CC(C)(C)OC(=O)c1ccccc1NCC1=NCCN1,8.1
CC(C)(C)c1ccc(C2=NCCN2)cc1,7.04
CC(C)(Cc1c[nH]c2ccc(Cl)cc12)NCCOc1ccccc1OCC1CC1,9.21
CC(C)=CCOc1ccc(Cl)c2c1CCN(C)CC2,7.48
CC(C)C(=O)NCCN1CCC[C@@H]1Cn1nc(Cc2ccc(Cl)cc2)c2ccccc2c1=O.O=C(O)C(F)(F)F,8.4
CC(C)C(=O)Nc1cccc(C2CCN(Cc3ccc(Oc4ccc(F)c(F)c4)cc3)CC2)c1,6.7
CC(C)C(C(=O)NCCCN1CCC(C#N)(c2ccccc2)CC1)c1ccccc1,7.14
CC(C)C1=C(C(N)=O)C(c2ccc([N+](=O)[O-])cc2)C(C(=O)NCCCN2CCC(c3ccccc3)(c3ccccc3)CC2)=C(C(C)C)N1,7.27
CC(C)CC(=O)O[C@H]1/C=C/C=C/C(=O)O[C@H]2[C@@H](C)C[C@@H]3[C@]2(O)[C@H](O)[C@@]2(CO)O[C@H]2[C@H]2[C@H]4OC5(c6ccccc6)O[C@@H]([C@@H](C)[C@@]23O5)[C@@]4(O)[C@](C)(O)C[C@H]2CC[C@H]1[C@H]2C,7.89
CC(C)CNC(=O)c1ccccc1NCC1=NCCN1,7.1
CC(C)COC(=O)c1ccccc1NCC1=NCCN1,6.3
CC(C)C[C@H]1C(=O)N2CCC[C@H]2[C@]2(O)O[C@](NC(=O)[C@@H]3C=C4c5cccc6[nH]c(Br)c(c56)C[C@H]4N(C)C3)(C(C)C)C(=O)N12,6.390000000000001
CC(C)NC(=O)c1ccccc1NCC1=NCCN1,7.3
CC(C)OC(=O)c1ccccc1NCC1=NCCN1,7.575
CC(C)Oc1cc(F)ccc1N1CCN(CCNC(=O)CN2CCCCC2=O)CC1,7.08
CC(C)Oc1ccccc1C1CCN([C@H]2CC[C@@H](NS(=O)(=O)c3ccc(F)c(F)c3)CC2)CC1,8.52
CC(C)Oc1ccccc1C1CCN([C@H]2CC[C@H](NS(=O)(=O)c3ccc(F)c(F)c3)CC2)CC1,8.85
CC(C)Oc1ccccc1N1CCN(C/C=C/C(=O)CN2CCCCC2=O)CC1,7.75
CC(C)Oc1ccccc1N1CCN(C2CCC(N3C(=O)c4c(F)c(F)c(F)c(F)c4C3=O)CC2)CC1,7.42
CC(C)Oc1ccccc1N1CCN(C2CCC(N3C(=O)c4cc(Cl)c(Cl)cc4C3=O)CC2)CC1,8.57
CC(C)Oc1ccccc1N1CCN(C2CCC(N3C(=O)c4ccc5ccc(F)cc5c4C3=O)CC2)CC1,8.115
CC(C)Oc1ccccc1N1CCN(C2CCC(N3C(=O)c4ccc5ccccc5c4C3=O)CC2)CC1,8.74
CC(C)Oc1ccccc1N1CCN(C2CCC(N3C(=O)c4cccc(F)c4C3=O)CC2)CC1,9.35
CC(C)Oc1ccccc1N1CCN(C2CCC(N3C(=O)c4cccnc4C3=O)CC2)CC1,9.1
CC(C)Oc1ccccc1N1CCN(C2CCC(N3C(=O)c4ccncc4C3=O)CC2)CC1,9.4
CC(C)Oc1ccccc1N1CCN(C2CCC(NC(=O)NCc3cccc(F)c3)CC2)CC1,7.525
CC(C)Oc1ccccc1N1CCN(C2CCC(NC(=O)Nc3c(Cl)cc(Cl)cc3Cl)CC2)CC1,7.74
CC(C)Oc1ccccc1N1CCN(C2CCC(NC(=O)Nc3c(Cl)cccc3Cl)CC2)CC1,7.845000000000001
CC(C)Oc1ccccc1N1CCN(C2CCC(NC(=O)Nc3c(F)cccc3F)CC2)CC1,7.779999999999999
CC(C)Oc1ccccc1N1CCN(C2CCC(NC(=O)Nc3cc(F)ccc3F)CC2)CC1,8.175
CC(C)Oc1ccccc1N1CCN(C2CCC(NC(=O)Nc3ccc(F)c(F)c3)CC2)CC1,7.865
CC(C)Oc1ccccc1N1CCN(C2CCC(NC(=O)Nc3ccc(F)cc3F)CC2)CC1,8.18
CC(C)Oc1ccccc1N1CCN(C2CCC(NC(=O)Nc3cccc(Cl)c3)CC2)CC1,7.975
CC(C)Oc1ccccc1N1CCN(C2CCC(NC(=O)Nc3ccccc3Cl)CC2)CC1,7.640000000000001
CC(C)Oc1ccccc1N1CCN(CC(=O)CC(=O)CN2CCCCC2=O)CC1,6.38
CC(C)Oc1ccccc1N1CCN(CC(O)CC(=O)CN2CCCCC2=O)CC1,7.55
CC(C)Oc1ccccc1N1CCN(CC(O)CNC(=O)c2ccc3c(c2)C(=O)N(c2ccc(C(C)(C)C)cc2)C3=O)CC1,8.52
CC(C)Oc1ccccc1N1CCN(CC(O)CNC(=O)c2ccc3c(c2)C(=O)N(c2ccc(Cl)c(Cl)c2)C3=O)CC1,8.92
CC(C)Oc1ccccc1N1CCN(CC(O)CNC(=O)c2ccc3c(c2)C(=O)N(c2ccc(Cl)cc2)C3=O)CC1,9.02
CC(C)Oc1ccccc1N1CCN(CC(O)CNC(=O)c2ccc3c(c2)C(=O)N(c2ccc(F)cc2)C3=O)CC1,8.82
CC(C)Oc1ccccc1N1CCN(CC(O)CNC(=O)c2ccc3c(c2)C(=O)N(c2ccc(N(C)C)cc2)C3=O)CC1,9.1
CC(C)Oc1ccccc1N1CCN(CC(O)CNC(=O)c2ccc3c(c2)C(=O)N(c2ccc(O)cc2)C3=O)CC1,9.06
CC(C)Oc1ccccc1N1CCN(CC(O)CNC(=O)c2ccc3c(c2)C(=O)N(c2ccc([N+](=O)[O-])cc2)C3=O)CC1,8.74
CC(C)Oc1ccccc1N1CCN(CC(O)CNC(=O)c2ccc3c(c2)C(=O)N(c2cccc(Cl)c2)C3=O)CC1,9.12
CC(C)Oc1ccccc1N1CCN(CC(O)CNC(=O)c2ccc3c(c2)C(=O)N(c2cccc(F)c2)C3=O)CC1,8.82
CC(C)Oc1ccccc1N1CCN(CC(O)CNC(=O)c2ccc3c(c2)C(=O)N(c2ccccc2)C3=O)CC1,9.05
CC(C)Oc1ccccc1N1CCN(CC2=NOC(CN3CCCCC3=O)C2)CC1,7.05
CC(C)Oc1ccccc1N1CCN(CCCNC(=O)CN2CCCCC2=O)CC1,9.184999999999999
CC(C)Oc1ccccc1N1CCN(CCCNC(=O)c2ccc3c(c2)C(=O)N(c2ccc(N(C)C)cc2)C3=O)CC1,9.74
CC(C)Oc1ccccc1N1CCN(CCCNC(=O)c2ccc3c(c2)C(=O)N(c2ccc(O)cc2)C3=O)CC1,9.7
CC(C)Oc1ccccc1N1CCN(CCCNC(=O)c2ccc3c(c2)C(=O)N(c2cccc(F)c2)C3=O)CC1,9.39
CC(C)Oc1ccccc1N1CCN(CCN(C)C(=O)CN2CCCCC2=O)CC1,7.28
CC(C)Oc1ccccc1N1CCN(CCN2C(=O)CC3(CCCC3)CC2=O)CC1,8.55
CC(C)Oc1ccccc1N1CCN(CCNC(=O)CN2CCCCC2=O)CC1,8.045
CC(C)Oc1ccccc1N1CCN(CCNC(=O)CN2CCCCCC2=O)CC1,7.705
CC(C)Oc1ccccc1N1CCN(CCOC(=O)CN2CCCCC2=O)CC1,7.42
CC(C)Oc1ccccc1N1CCN(CCc2ccc3c(c2)OCO3)CC1,9.41
CC(C)Oc1ccccc1N1CCN(CCc2ccccc2)CC1,8.3
CC(C)Oc1ccccc1N1CCN(C[C@@H](O)CNC(=O)c2ccc3c(c2)C(=O)N(c2ccc(N(C)C)cc2)C3=O)CC1,9.48
CC(C)Oc1ccccc1N1CCN(C[C@@H](O)CNC(=O)c2ccc3c(c2)C(=O)N(c2ccc(O)cc2)C3=O)CC1,9.34
CC(C)Oc1ccccc1N1CCN(C[C@@H](O)CNC(=O)c2ccc3c(c2)C(=O)N(c2cccc(F)c2)C3=O)CC1,8.99
CC(C)Oc1ccccc1N1CCN(C[C@H](O)CNC(=O)c2ccc3c(c2)C(=O)N(c2cccc(F)c2)C3=O)CC1,8.1
CC(C)Oc1ccccc1N1CCN(Cc2cc(CN3CCCC3=O)cs2)CC1,9.7
CC(C)Oc1ccccc1N1CCN(Cc2cc(CN3CCCC3=O)no2)CC1,8.96
CC(C)Oc1ccccc1N1CCN(Cc2cc(CN3CCCCC3=O)cs2)CC1,9.3
CC(C)Oc1ccccc1N1CCN(Cc2cc(CN3CCCCC3=O)n(C)n2)CC1,8.43
CC(C)Oc1ccccc1N1CCN(Cc2cc(CN3CCCCC3=O)n[nH]2)CC1,8.68
CC(C)Oc1ccccc1N1CCN(Cc2cc(CN3CCCCC3=O)nc(N)n2)CC1,7.1
CC(C)Oc1ccccc1N1CCN(Cc2cc(CN3CCCCC3=O)nn2C)CC1,8.05
CC(C)Oc1ccccc1N1CCN(Cc2cc(CN3CCCCC3=O)no2)CC1,8.08
CC(C)Oc1ccccc1N1CCN(Cc2cc(CN3CCCCC3=O)on2)CC1,8.42
CC(C)Oc1ccccc1N1CCN(Cc2cc(CN3CCCCCC3=O)cs2)CC1,8.74
CC(C)Oc1ccccc1N1CCN(Cc2cc(CO)cs2)CC1,6.48
CC(C)Oc1ccccc1N1CCN(Cc2ccc(CN3CCCCC3=O)s2)CC1,9.52
CC(C)Oc1ccccc1N1CCN(Cc2cccc(C(=O)N3CCCCC3)c2)CC1,10.7
CC(C)Oc1ccccc1N1CCN(Cc2nc(CN3C(=O)CC4(CCCC4)CC3=O)co2)CC1,7.09
CC(C)Oc1ccccc1N1CCN(Cc2nc(CN3C(=O)c4ccccc4C3=O)co2)CC1,6.53
CC(C)Oc1ccccc1N1CCN(Cc2nc(CN3CCCC3=O)cs2)CC1,9.05
CC(C)Oc1ccccc1N1CCN(Cc2nc(CN3CCCCC3=O)cs2)CC1,8.92
CC(C)Oc1ccccc1N1CCN([C@H]2CC[C@@H](NS(=O)(=O)Cc3ccccc3)CC2)CC1,8.92
CC(C)Oc1ccccc1N1CCN([C@H]2CC[C@@H](NS(=O)(=O)c3cc(Cl)ccc3F)CC2)CC1,7.35
CC(C)Oc1ccccc1N1CCN([C@H]2CC[C@@H](NS(=O)(=O)c3ccc(Cl)cc3Cl)CC2)CC1,8.35
CC(C)Oc1ccccc1N1CCN([C@H]2CC[C@@H](NS(=O)(=O)c3ccc(Cl)cc3F)CC2)CC1,7.96
CC(C)Oc1ccccc1N1CCN([C@H]2CC[C@@H](NS(=O)(=O)c3ccc(F)cc3)CC2)CC1,8.25
CC(C)Oc1ccccc1N1CCN([C@H]2CC[C@@H](NS(=O)(=O)c3ccc(OC(F)(F)F)cc3)CC2)CC1,7.77
CC(C)Oc1ccccc1N1CCN([C@H]2CC[C@@H](NS(=O)(=O)c3ccc(S(C)(=O)=O)cc3)CC2)CC1,8.32
CC(C)Oc1ccccc1N1CCN([C@H]2CC[C@@H](NS(=O)(=O)c3cccc(C(F)(F)F)c3)CC2)CC1,7.85
CC(C)Oc1ccccc1N1CCN([C@H]2CC[C@@H](NS(=O)(=O)c3cccc(Cl)c3F)CC2)CC1,7.92
CC(C)Oc1ccccc1N1CCN([C@H]2CC[C@@H](NS(=O)(=O)c3cccc(F)c3)CC2)CC1,8.46
CC(C)Oc1ccccc1N1CCN([C@H]2CC[C@@H](NS(=O)(=O)c3ccccc3)CC2)CC1,7.86
CC(C)Oc1ccccc1N1CCN([C@H]2CC[C@@H](NS(=O)(=O)c3ccccc3C#N)CC2)CC1,8.02
CC(C)Oc1ccccc1N1CCN([C@H]2CC[C@@H](NS(=O)(=O)c3ccccc3F)CC2)CC1,8.25
CC(C)Oc1ccccc1N1CCN([C@H]2CC[C@@H](NS(=O)(=O)c3ccccc3[N+](=O)[O-])CC2)CC1,8.2
CC(C)Oc1ccccc1N1CCN([C@H]2CC[C@@H](NS(=O)(=O)c3cccnc3)CC2)CC1,8.3
CC(C)Oc1ccccc1N1CCN([C@H]2CC[C@@H](NS(=O)(=O)c3cnc(Cl)c(Br)c3)CC2)CC1,7.84
CC(C)Oc1ccccc1N1CCN([C@H]2CC[C@H](NS(=O)(=O)Cc3ccccc3)CC2)CC1,8.41
CC(C)Oc1ccccc1N1CCN([C@H]2CC[C@H](NS(=O)(=O)c3ccc(Cl)cc3Cl)CC2)CC1,8.8
CC(C)Oc1ccccc1N1CCN([C@H]2CC[C@H](NS(=O)(=O)c3ccc(Cl)cc3F)CC2)CC1,8.52
CC(C)Oc1ccccc1N1CCN([C@H]2CC[C@H](NS(=O)(=O)c3ccc(F)cc3)CC2)CC1,8.89
CC(C)Oc1ccccc1N1CCN([C@H]2CC[C@H](NS(=O)(=O)c3ccc(OC(F)(F)F)cc3)CC2)CC1,7.0
CC(C)Oc1ccccc1N1CCN([C@H]2CC[C@H](NS(=O)(=O)c3ccc(S(C)(=O)=O)cc3)CC2)CC1,8.12
CC(C)Oc1ccccc1N1CCN([C@H]2CC[C@H](NS(=O)(=O)c3cccc(C(F)(F)F)c3)CC2)CC1,7.7
CC(C)Oc1ccccc1N1CCN([C@H]2CC[C@H](NS(=O)(=O)c3cccc(Cl)c3F)CC2)CC1,9.25
CC(C)Oc1ccccc1N1CCN([C@H]2CC[C@H](NS(=O)(=O)c3cccc(F)c3)CC2)CC1,9.14
CC(C)Oc1ccccc1N1CCN([C@H]2CC[C@H](NS(=O)(=O)c3ccccc3)CC2)CC1,8.57
CC(C)Oc1ccccc1N1CCN([C@H]2CC[C@H](NS(=O)(=O)c3ccccc3C#N)CC2)CC1,9.11
CC(C)Oc1ccccc1N1CCN([C@H]2CC[C@H](NS(=O)(=O)c3ccccc3F)CC2)CC1,9.06
CC(C)Oc1ccccc1N1CCN([C@H]2CC[C@H](NS(=O)(=O)c3ccccc3[N+](=O)[O-])CC2)CC1,9.0
CC(C)Oc1ccccc1N1CCN([C@H]2CC[C@H](NS(=O)(=O)c3cccnc3)CC2)CC1,8.24
CC(C)Oc1ccccc1N1CCN([C@H]2CC[C@H](NS(=O)(=O)c3cnc(Cl)c(Br)c3)CC2)CC1,8.46
CC(C)Oc1ccccc1OCCN1CCC(CNS(=O)(=O)c2cccc(Cl)c2F)CC1,7.96
CC(C)Oc1ccccc1OCCN1CCC(CNS(=O)(=O)c2cccc3cccnc23)CC1,7.47
CC(C)Oc1ccccc1OCCNCC1COC(c2ccccc2)(c2ccccc2)O1,8.68
CC(C)Sc1ccccc1NCC1=NCCN1.Cl,7.7700000000000005
CC(C)[C@H]1C(=O)N2CCC[C@H]2[C@]2(O)O[C@](NC(=O)[C@@H]3C[C@@H]4c5cccc6[nH]cc(c56)C[C@H]4N(C)C3)(C(C)C)C(=O)N12,6.16
CC(C)c1c[nH]c(=O)n(CCCN2CCN(c3ccc(F)cc3OCC(F)(F)F)CC2)c1=O,8.6
CC(C)n1ncnc1-c1ccccc1NCC1=NCCN1,8.2
CC(CCc1ccc(O)cc1)NCCc1ccc(O)c(O)c1,7.15
CC(CCc1ccccc1)NC(C)C(O)c1ccc(O)cc1,7.16
CC(CN(C)C)CN1c2ccccc2CCc2ccccc21,6.79
CC(CN(C)C)CN1c2ccccc2Sc2ccccc21,7.53
CC(CN1CCN(c2cc(Cl)ccc2Cl)CC1)N1C(=O)CC2(CCCC2)CC1=O,6.825
CC(CN1c2ccccc2Sc2ccccc21)N(C)C,6.895
CC(COc1ccccc1)N(CCCl)Cc1ccccc1,6.47
CC(Cc1cc(C(N)=O)c2c(ccn2CCCO)c1)NCCOc1cc(Cl)ccc1OCC(F)(F)F,8.89
CC(Cc1cc(C(N)=O)c2c(ccn2CCCO)c1)NCCOc1ccc(F)cc1Br,8.57
CC(Cc1cc(C(N)=O)c2c(ccn2CCCO)c1)NCCOc1ccccc1OCC(F)(F)F,8.72
CC(Cc1cc(C(N)=O)c2c(ccn2CCCO)c1)NCCOc1ccccc1OCc1ccccc1,8.57
CC(Cc1cc2c(c(C(N)=O)c1)N(CCCO)CC2)NCCOc1cc(Br)ccc1OCC(F)(F)F,8.57
CC(Cc1cc2c(c(C(N)=O)c1)N(CCCO)CC2)NCCOc1cc(Cl)ccc1OCC(F)(F)F,8.49
CC(Cc1cc2c(c(C(N)=O)c1)N(CCCO)CC2)NCCOc1ccc(F)cc1Br,7.15
CC(Cc1cc2c(c(C(N)=O)c1)N(CCCO)CC2)NCCOc1ccc(F)cc1OCC(F)(F)F,8.4
CC(Cc1cc2c(c(C(N)=O)c1)N(CCCO)CC2)NCCOc1ccc2c(c1)OCO2,7.56
CC(Cc1cc2c(c(C(N)=O)c1)N(CCCO)CC2)NCCOc1ccccc1OCC(F)(F)F,8.49
CC(Cc1cc2c(c(C(N)=O)c1)N(CCCO)CC2)NCCOc1ccccc1OCc1ccccc1,8.07
CC(Cc1ccccc1)NCCC(c1ccccc1)c1ccccc1,6.06
CC(Oc1c(Cl)cccc1Cl)C1=NCCN1,7.12
CC/C(=N/OC)c1ccccc1NCC1=NCCN1,7.06
CC/C(=N\OC)c1ccccc1NCC1=NCCN1,8.48
CC1(C)CN(c2ccc(C(=O)N3CCC(N4CCc5ccccc5C4)CC3)cn2)CCO1,7.28
CC1(C)Cc2cccc(OCCNCC3(F)CCN(C(=O)c4ccc(F)c(Cl)c4)CC3)c2O1,7.6
CC1(C)O[C@@H]2C[C@H]3[C@@H]4C[C@H](F)C5=CC(=O)C=C[C@]5(C)[C@H]4[C@@H](O)C[C@]3(C)[C@]2(C(=O)CO)O1,7.32
CC1=C(C#N)C(c2ccc([N+](=O)[O-])cc2)C(C(=O)NCCCN2CCC(c3ccccc3)(c3ccccc3)CC2)=C(C)N1,7.25
CC1=C(C(=O)NCC(C)CN2CCC(C#N)(c3ccccn3)CC2)[C@@H](c2ccc(F)c(F)c2)CC(=O)N1,7.38
CC1=C(C(=O)NCCCN2CCC(C#N)(c3ccc(F)cc3)CC2)[C@@H](c2ccc(F)c(F)c2)CC(=O)N1,8.74
CC1=C(C(=O)NCCCN2CCC(C#N)(c3ccc(F)cc3)CC2)[C@@H](c2ccc(F)c(F)c2)CC(=O)N1C,8.72
CC1=C(C(=O)NCCCN2CCC(C#N)(c3ccc(F)cc3)CC2)[C@@H](c2ccc(F)c(F)c2)NC(=O)N1C,9.41
CC1=C(C(=O)NCCCN2CCC(C#N)(c3ccc(F)cc3C#N)CC2)[C@@H](c2ccc(F)c(F)c2)CC(=O)N1,8.85
CC1=C(C(=O)NCCCN2CCC(C#N)(c3ccc(F)cc3C#N)CC2)[C@@H](c2ccc(F)c(F)c2)CC(=O)N1C,8.15
CC1=C(C(=O)NCCCN2CCC(C#N)(c3ccc(F)cc3C#N)CC2)[C@@H](c2ccc(F)c(F)c2)NC(=O)N1C,9.22
CC1=C(C(=O)NCCCN2CCC(C#N)(c3ccc(F)cc3F)CC2)[C@@H](c2ccc(F)c(F)c2)CC(=O)N1,9.0
CC1=C(C(=O)NCCCN2CCC(C#N)(c3ccc(F)cc3F)CC2)[C@@H](c2ccc(F)c(F)c2)CC(=O)N1C,8.96
CC1=C(C(=O)NCCCN2CCC(C#N)(c3ccccc3C#N)CC2)[C@@H](c2ccc(F)c(F)c2)CC(=O)N1,8.49
CC1=C(C(=O)NCCCN2CCC(C#N)(c3ccccc3C#N)CC2)[C@@H](c2ccc(F)c(F)c2)CC(=O)N1C,7.89
CC1=C(C(=O)NCCCN2CCC(C#N)(c3ccccn3)CC2)[C@@H](c2ccc(F)c(F)c2)CC(=O)N1C,6.59
CC1=C(C(=O)NCCCN2CCC(c3ccc(F)c(F)c3)CC2)[C@@H](c2ccc(F)c(F)c2)NC(=O)N1C,9.74
CC1=C(C(=O)NCCCN2CCC(c3ccc(F)cc3)CC2)[C@@H](c2ccc(F)c(F)c2)CC(=O)N1,9.4
CC1=C(C(=O)NCCCN2CCC(c3ccc(F)cc3)CC2)[C@@H](c2ccc(F)c(F)c2)CC(=O)N1C,9.15
CC1=C(C(=O)NCCCN2CCC(c3ccc(F)cc3)CC2)[C@@H](c2ccc(F)c(F)c2)N(C)C(=O)N1,9.85
CC1=C(C(=O)NCCCN2CCC(c3ccc(F)cc3)CC2)[C@@H](c2ccc(F)c(F)c2)N(C)C(=O)N1C,9.795
CC1=C(C(=O)NCCCN2CCC(c3ccc(F)cc3)CC2)[C@@H](c2ccc(F)c(F)c2)NC(=O)N1,9.41
CC1=C(C(=O)NCCCN2CCC(c3ccc(F)cc3)CC2)[C@@H](c2ccc(F)c(F)c2)NC(=O)N1C,9.74
CC1=C(C(=O)NCCCN2CCC(c3ccc(F)cc3)CC2)[C@H](c2ccc(F)c(F)c2)N(C)C(=O)N1C,7.96
CC1=C(C(=O)NCCCN2CCC(c3ccc(F)cc3)CC2)[C@H](c2ccc(F)c(F)c2)NC(=O)N1C,7.7
CC1=C(C(=O)NCCCN2CCC(c3ccc(F)cc3C#N)CC2)[C@@H](c2ccc(F)c(F)c2)CC(=O)N1,9.7
CC1=C(C(=O)NCCCN2CCC(c3ccc(F)cc3C#N)CC2)[C@@H](c2ccc(F)c(F)c2)CC(=O)N1C,9.1
CC1=C(C(=O)NCCCN2CCC(c3ccc(F)cc3C#N)CC2)[C@@H](c2ccc(F)c(F)c2)NC(=O)N1,9.77
CC1=C(C(=O)NCCCN2CCC(c3ccc(F)cc3C#N)CC2)[C@@H](c2ccc(F)c(F)c2)NC(=O)N1C,9.92
CC1=C(C(=O)NCCCN2CCC(c3ccccc3)(c3ccccc3)CC2)C(c2ccc([N+](=O)[O-])cc2)C(C(=O)N(C)C)=C(C)N1,7.23
CC1=C(C(=O)NCCCN2CCC(c3ccccc3C#N)CC2)[C@@H](c2ccc(F)c(F)c2)CC(=O)N1,9.0
CC1=C(C(=O)NCCCN2CCC(c3ccccc3C#N)CC2)[C@@H](c2ccc(F)c(F)c2)CC(=O)N1C,8.52
CC1=C(C(=O)NCCCN2CCC(c3ccccc3C#N)CC2)[C@@H](c2ccc(F)c(F)c2)NC(=O)N1,9.6
CC1=C(C(=O)NCCCN2CCC(c3ccccn3)CC2)[C@@H](c2ccc(F)c(F)c2)NC(=O)N1,8.59
CC1=C(C(=O)O)C(c2ccc3c(c2)OCO3)C(C(=O)NCCCN2CCC(c3ccccc3)(c3ccccc3)CC2)=C(C)N1,6.5
CC1=C(C(N)=O)C(c2ccc([N+](=O)[O-])cc2)C(C(=O)NCCCCN2CCC(c3ccccc3)(c3ccccc3)CC2)=C(C)N1,8.73
CC1=C(C(N)=O)C(c2ccc([N+](=O)[O-])cc2)C(C(=O)NCCCN2CCC(C#N)(c3ccccc3)CC2)=C(C)N1,8.54
CC1=C(C(N)=O)C(c2ccc([N+](=O)[O-])cc2)C(C(=O)NCCCN2CCC(C(=O)N(C)C)(c3ccccc3)CC2)=C(C)N1,6.34
CC1=C(C(N)=O)C(c2ccc([N+](=O)[O-])cc2)C(C(=O)NCCCN2CCC(C(=O)OCCO)(c3ccccc3)CC2)=C(C)N1,8.04
CC1=C(C(N)=O)C(c2ccc([N+](=O)[O-])cc2)C(C(=O)NCCCN2CCC(C(=O)Oc3ccccc3)(c3ccccc3)CC2)=C(C)N1,8.22
CC1=C(C(N)=O)C(c2ccc([N+](=O)[O-])cc2)C(C(=O)NCCCN2CCC(C)(c3ccccc3)CC2)=C(C)N1,7.2
CC1=C(C(N)=O)C(c2ccc([N+](=O)[O-])cc2)C(C(=O)NCCCN2CCC(CN(C)C)(c3ccccc3)CC2)=C(COCCN)N1,6.34
CC1=C(C(N)=O)C(c2ccc([N+](=O)[O-])cc2)C(C(=O)NCCCN2CCC(O)(c3ccccc3)CC2)=C(C)N1,8.11
CC1=C(C(N)=O)C(c2ccc([N+](=O)[O-])cc2)C(C(=O)NCCCN2CCC(c3ccccc3)(c3ccccc3)CC2)=C(C)N1,8.73
CC1=C(C(N)=O)C(c2ccc([N+](=O)[O-])cc2)C(C(=O)NCCCN2CCC(c3ccccc3)(c3ccccc3)CC2)=C(CCCCN)N1,8.36
CC1=C(C(N)=O)C(c2ccc([N+](=O)[O-])cc2)C(C(=O)NCCCN2CCC(c3ccccc3)(c3ccccc3)CC2)=C(CCCN)N1,8.42
CC1=C(C(N)=O)C(c2ccc([N+](=O)[O-])cc2)C(C(=O)NCCCN2CCC(c3ccccc3)CC2)=C(COCCN)N1,8.86
CC1=C(C(N)=O)C(c2ccc3c(c2)OCO3)C(C(=O)NCCCN2CCC(c3ccccc3)(c3ccccc3)CC2)=C(C)N1,8.06
CC1CCCN(c2ccc(C(=O)N3CCC(N4CCC[C@@H](C)C4)CC3)cn2)C1,7.57
CC1CCN(CCCC(=O)c2ccc(F)cc2)CC1,6.52
CC1CN(c2ccc(C(=O)N3CCC(N4CCc5ccccc5C4)CC3)cn2)CC(C)O1,7.82
CCC(=O)NCCN1CCC[C@@H]1Cn1nc(Cc2ccc(Cl)cc2)c2ccccc2c1=O.O=C(O)C(F)(F)F,7.8
CCC(=O)c1c(-c2ccccc2)nn(C)c(=O)c1NCCN1CCN(c2ccccc2OC)CC1,9.72
CCC(=O)c1ccc2c(c1)N(CC(C)N(C)C)c1ccccc1S2,7.53
CCC(C)NC(=O)c1ccccc1NCC1=NCCN1,6.3
CCC(C)OC(=O)c1ccccc1NCC1=NCCN1,8.9
CCC(CC)OC(=O)c1ccccc1NCC1=NCCN1,7.7
CCC(CO)Nc1ccc(C(=O)N2CCC(N3CCC[C@@H](C)C3)CC2)cn1,7.21
CCC(COC(N)=O)Nc1ccc(C(=O)N2CCC(N3CCC[C@@H](C)C3)CC2)cn1,7.68
CCC(COC)Nc1ccc(C(=O)N2CCC(N3CCC[C@@H](C)C3)CC2)cn1,7.8
CCC1(C)CC(=O)N(CCCCN2CCN(c3cccc4sccc34)CC2)C(=O)C1,6.42
CCC1(CCCCN2CCN(c3ccc(Cl)cc3)CC2)C(=O)Nc2cc(F)ccc21,7.15
CCC1=C(C(=O)NC)C(c2ccc([N+](=O)[O-])cc2)N(C(=O)NCCCN2CCC(C(=O)OC)(c3ccccc3)CC2)C(=O)N1,8.92
CCC1=C(C(=O)NCCCN2CCC(c3ccccc3)(c3ccccc3)CC2)C(c2ccc([N+](=O)[O-])cc2)/C(=C(\O)OC)C(C)=N1,9.18
CCC1=C(C(=O)NCCCN2CCC(c3ccccc3)(c3ccccc3)CC2)C(c2ccc([N+](=O)[O-])cc2)C(C(N)=O)=C(COCCN)N1,8.77
CCC1=C(C(=O)OC)C(c2ccc(F)cc2F)N(C(=O)NCCCN2CCN(c3ccccc3C(N)=O)CC2)C(=O)N1,10.0
CCC1=C(C(=O)OC)C(c2ccc([N+](=O)[O-])cc2)N(C(=O)NCCCN2CCC(C(=O)OC)(c3ccccc3)CC2)C(=O)N1,9.1
CCC1=C(C(N)=O)C(c2ccc(F)c(F)c2)N(C(=O)NCCC(C)N2CCC(C(=O)OC)(c3ccccc3)CC2)C(=O)N1,7.8100000000000005
CCC1=C(C(N)=O)C(c2ccc(F)c(F)c2)N(C(=O)NCCCN2CCC(C(=O)OC)(c3ccccc3)CC2)C(=O)N1,9.7
CCC1=C(C(N)=O)C(c2ccc(F)cc2F)N(C(=O)N2CCC(N3CCC(C(=O)OC)(c4ccccc4)CC3)CC2)C(=O)N1,7.09
CCC1=C(C(N)=O)C(c2ccc(F)cc2F)N(C(=O)NCCCN2CCC(C#N)(c3ccccc3)CC2)C(=O)N1,9.15
CCC1=C(C(N)=O)C(c2ccc(F)cc2F)N(C(=O)NCCCN2CCC(C(=O)OC)(c3ccccc3)CC2)C(=O)N1,9.7
CCC1=C(C(N)=O)C(c2ccc(F)cc2F)N(C(=O)NCCCN2CCN(c3ccccc3C(N)=O)CC2)C(=O)N1,8.89
CCC1=C(C(N)=O)C(c2ccc([N+](=O)[O-])cc2)C(C(=O)NCCCN2CCC(c3ccccc3)(c3ccccc3)CC2)=C(CC)N1,8.97
CCC1=C(C(N)=O)C(c2ccc([N+](=O)[O-])cc2)C(C(=O)NCCCN2CCC(c3ccccc3)(c3ccccc3)CC2)=C(CCCCOC)N1,8.29
CCC1=C(C(N)=O)C(c2ccc([N+](=O)[O-])cc2)C(C(=O)NCCCN2CCC(c3ccccc3)(c3ccccc3)CC2)=C(COC)N1,7.71
CCC1=C(C(N)=O)C(c2ccc([N+](=O)[O-])cc2)C(C(=O)NCCCN2CCC(c3ccccc3)(c3ccccc3)CC2)=C(COCC(F)(F)F)N1,7.94
CCC1=C(C(N)=O)C(c2ccc([N+](=O)[O-])cc2)C(C(=O)NCCCN2CCC(c3ccccc3)(c3ccccc3)CC2)=C(COCCCN)N1,8.32
CCC1=C(C(N)=O)C(c2ccc([N+](=O)[O-])cc2)C(C(=O)NCCCN2CCC(c3ccccc3)(c3ccccc3)CC2)=C(COCCN)N1,9.3
CCC1=C(C(N)=O)C(c2ccc([N+](=O)[O-])cc2)C(C(=O)NCCCN2CCC(c3ccccc3)(c3ccccc3)CC2)=C(COCCN=[N+]=[N-])N1,8.48
CCC1=C(C(N)=O)C(c2ccc([N+](=O)[O-])cc2)N(C(=O)NCCCN2CCC(C(=O)OC)(c3ccccc3)CC2)C(=O)N1,9.3
CCC1=C(C(N)=O)[C@H](c2ccc([N+](=O)[O-])cc2)C(C(=O)NCCCN2CCC(c3ccccc3)(c3ccccc3)CC2)=C(COCCN)N1,9.295
CCC1=NC(CC)=C(C(=O)NCCCN2CCC(c3ccccc3)(c3ccccc3)CC2)C(c2ccc([N+](=O)[O-])cc2)/C1=C(\O)OC,8.9
CCCC(=O)NCCN1CCC[C@@H]1Cn1nc(Cc2ccc(Cl)cc2)c2ccccc2c1=O.O=C(O)C(F)(F)F,7.5
CCCC1=C(C(=O)NCCCN2CCC(c3ccccc3)(c3ccccc3)CC2)C(c2ccc([N+](=O)[O-])cc2)C(C(=O)NCC)=C(CC)N1,8.42
CCCCC1CCN(CCCC(=O)c2ccccc2C)CC1,7.75
CCCCC1CCN(CCCN2C(=O)CCc3ccccc32)CC1,6.36
CCCCCC(=O)N1CCN(c2nc(N)c3cc(OC)c(OC)cc3n2)[C@@H]2CCCC[C@@H]21,8.24
CCCCCC1=C(C(=O)NCCCN2CCC(c3ccccc3)(c3ccccc3)CC2)C(c2ccc([N+](=O)[O-])cc2)C(C(=O)NCC)=C(CC)N1,6.9
CCCCCNC(=O)/N=C(\N)NCCCc1nnc(N)s1.O=C(O)C(F)(F)F.O=C(O)C(F)(F)F,7.525
CCCCCNC(=O)/N=C(\N)NCCCc1sc(N)nc1C,7.645
CCCCCc1nn(C[C@H]2CCCN2C)c(=O)c2ccccc12,6.3
CCCCN1CCC(COC(=O)c2cc(Cl)c(NC)c3c2OCCO3)CC1,6.28
CCCCN1CCC(COC(=O)c2cc(F)c(N)c3c2OCCO3)CC1,7.06
CCCCN1CCC[C@@H]1Cn1nc(Cc2ccc(Cl)cc2)c2ccccc2c1=O,7.8
CCCCN1CCC[C@@H]1Cn1nc(Cc2ccc(Cl)cc2)c2cccnc2c1=O,7.0
CCCCN1CCC[C@@H]1Cn1nc(Cc2ccc(Cl)cc2)c2cnccc2c1=O,8.2
CCCCN1CCC[C@@H]1Cn1nc(Cc2ccc(Cl)cc2)c2ncccc2c1=O,7.3
CCCCNC(=O)N1CCC2(CC1)OCC(CN1CCN(c3ccccc3OC)CC1)O2,7.7
CCCCNC(=O)c1ccccc1NCC1=NCCN1,7.015000000000001
CCCCOC(=O)c1ccccc1NCC1=NCCN1,8.0
CCCCc1cc(N2CCN(CCc3ccc(OCCCN4CCCCCC4)cc3)CC2)c2nc(CCC(=O)O)ccc2c1,6.5
CCCCc1oc2ccccc2c1C(=O)c1cc(I)c(OCCN(CC)CC)c(I)c1,6.77
CCCCn1ncnc1-c1ccccc1NCC1=NCCN1,6.7
CCCN(CC)C(=O)c1ccccc1NCC1=NCCN1,7.0
CCCN(CCC)C1CCc2cccc(O)c2C1,6.285
CCCN(CCC)c1nc(N2CCN(C(=O)c3ccco3)[C@@H]3CCCC[C@@H]32)nc2cc(OC)c(OC)cc12,8.73
CCCN(CCC)c1nc(N2CCN(C(=O)c3ccco3)[C@H]3CCCC[C@H]32)nc2cc(OC)c(OC)cc12,7.65
CCCN(CCc1cccs1)[C@H]1CCc2c(O)cccc2C1,8.48
CCCN1CCC(COc2nc3scc(C)c3n3cccc23)CC1,7.13
CCCN1C[C@H](CSC)C[C@@H]2c3cccc4[nH]cc(c34)C[C@H]21,6.05
CCCNC(=O)CCCN1CCC[C@@H]1Cn1nc(Cc2ccc(Cl)cc2)c2ccccc2c1=O.Cl,8.0
CCCNC(=O)c1ccccc1NCC1=NCCN1,8.1
CCCNC(=O)c1ccccc1NCc1c[nH]cn1,7.755000000000001
CCCOc1cc2c(cc1OC)CCN1Cc3[nH]c4ccc(OC)cc4c3CC21,6.65
CCCOc1ccc(CCc2nc3cc(-c4c(C)noc4C)ccc3n2CCN2CCOCC2)cc1,6.21
CCCS(=O)(=O)Nc1cccc([C@@H](O)CNCCOc2ccc3c(C)n[nH]c3c2)c1,6.79
CCC[C@H]1CCCCC1NC1=NCCO1,6.55
CCCn1nccc1-c1ccccc1NCC1=NCCN1,6.6
CCCn1ncnc1-c1ccccc1NCC1=NCCN1,7.9
CCN(C)C(=O)c1ccccc1NCC1=NCCN1,6.495
CCN(CC)C(=O)N[C@H]1C=C2c3cccc4[nH]cc(c34)C[C@H]2N(C)C1,7.18
CCN(CC)C(=O)c1ccccc1NCC1=NCCN1,7.5
CCN(CC)C(=O)c1ccccc1NCc1c[nH]cn1,7.2
CCN(CC)CCNC(=O)c1c(C)[nH]c(/C=C2\C(=O)Nc3ccc(F)cc32)c1C,6.38
CCN(CC)c1ccc2cc(-n3cc(C(=O)N4CCN(c5nc(N)c6cc(OC)c(OC)cc6n5)CC4)nn3)c(=O)oc2c1,9.370000000000001
CCN(CC)c1ccc2cc(-n3cc(CN4CCN(c5nc(N)c6cc(OC)c(OC)cc6n5)CC4)nn3)c(=O)oc2c1,7.4
CCN(CCCc1ccccc1)CCCc1ccccc1,6.01
CCN([C@H]1CC[C@@H](N2CCN(c3ccccc3OC(C)C)CC2)CC1)S(=O)(=O)c1ccc(OC)c(OC)c1,7.82
CCN([C@H]1CC[C@H](N2CCN(c3ccccc3OC(C)C)CC2)CC1)S(=O)(=O)c1ccc(OC)c(OC)c1,7.64
CCNC(=O)C1=C(C)NC(C)=C(C(=O)NCCCN2CCC(C(=O)OC)(c3ccccc3)CC2)C1c1ccc([N+](=O)[O-])cc1,8.32
CCNC(=O)C1=C(CC)NC(COCCN)=C(C(=O)NCCCN2CCC(c3ccccc3)(c3ccccc3)CC2)C1c1ccc([N+](=O)[O-])cc1,8.35
CCNC(=O)C1=C(COCCN)NC(CC)=C(C(=O)NCCCN2CCC(c3ccccc3)(c3ccccc3)CC2)C1c1ccc([N+](=O)[O-])cc1,8.52
CCNC(=O)c1ccccc1NCC1=NCCN1,7.9
CCO/C(O)=C1\C(C)=NC(C)=C(C(=O)NCCCN2CCC(C(=O)OC)(c3ccccc3)CC2)C1c1ccc([N+](=O)[O-])cc1,8.43
CCO/N=C(\C)c1ccccc1NCC1=NCCN1,7.28
CCOC(=O)C1(c2ccccc2)CCN(CCCNC(=O)C2=C(C)NC(C)=C(C(=O)NC)C2c2ccc([N+](=O)[O-])cc2)CC1,8.21
CCOC(=O)C1(c2ccccc2)CCN(CCCNC(=O)C2=C(C)NC(C)=C(C(C)=O)C2c2ccc([N+](=O)[O-])cc2)CC1,8.72
CCOC(=O)C1(c2ccccc2)CCN(CCCNC(=O)C2=C(C)NC(C)=C(C(N)=O)C2c2ccc([N+](=O)[O-])cc2)CC1,8.66
CCOC(=O)C1(c2ccccc2)CCN(CCCNC(=O)C2=C(C)NC(C)=C(C(N)=O)C2c2ccc3c(c2)OCO3)CC1,8.11
CCOC(=O)C1=C(C)NC(=O)N(C(=O)NCCCN2CCC(C(=O)OC)(c3ccccc3)CC2)C1c1ccc([N+](=O)[O-])cc1,9.52
CCOC(=O)C1=C(C)NC(C)=C(C(=O)NCCCN2CCC(C(=O)OC)(c3ccccc3)CC2)C1c1ccc([N+](=O)[O-])cc1,8.43
CCOC(=O)C1CCC(=O)N1CC(=O)CCN1CCN(c2ccccc2OC(C)C)CC1,7.23
CCOC(=O)C1CCC(=O)N1CC(=O)NCCN1CCN(c2ccccc2OC(C)C)CC1,7.7
CCOC(=O)C1CN(CCCCN2C(=O)c3cc(Cl)ccc3S2(=O)=O)CCC1c1ccccc1,8.52
CCOC(=O)[C@@H]1CN(CCCCN2C(=O)c3cc(Cl)ccc3S2(=O)=O)CC[C@@H]1c1ccccc1,9.29
CCOC(=O)[C@H]1CN(CCCCN2C(=O)c3cc(Cl)ccc3S2(=O)=O)CC[C@@H]1c1ccccc1,7.0
CCOC(=O)[C@H]1CN(CCCCN2C(=O)c3cc(Cl)ccc3S2(=O)=O)CC[C@H]1c1ccccc1,7.01
CCOC(=O)c1ccccc1NCC1=NCCN1,7.9
CCOC[C@H]1[C@@H]2CNC[C@@]21c1ccc(Cl)c(Cl)c1,6.7
CCOCc1cccc2c1CCC2c1ncc[nH]1,7.21
CCO[C@H]1CCN(Cc2c(OC)cc(C)c3[nH]ccc23)[C@H](c2ccc(C(=O)O)cc2)C1,7.92
CCOc1ccc(Cc2nn(C[C@H]3CCCN3C)c(=O)c3ccccc23)cc1,6.1
CCOc1cccc(OCC)c1OCCNCCOc1ccccc1OCc1ccccc1,8.5
CCOc1ccccc1N1CCN(CC(O)CNC(=O)c2ccc3c(c2)C(=O)N(c2cccc(F)c2)C3=O)CC1,8.37
CCOc1ccccc1N1CCN(CCCNC(=O)N2C(=O)NC(C)=C(C(=O)OC)C2c2ccc(F)c(F)c2)CC1,10.0
CCOc1ccccc1N1CCN(CCc2ccc(CN3C(=O)c4ccccc4C3=O)cc2)CC1,7.49
CCOc1ccccc1N1CCN(CCc2ccc(OC)c(OC)c2)CC1,8.68
CCOc1ccccc1N1CCN(CCc2ccc(OC)cc2)CC1,8.95
CCOc1ccccc1N1CCN(CCc2ccc3c(c2)OCO3)CC1,8.95
CCOc1ccccc1N1CCN(CCc2cccc(OC)c2)CC1,8.53
CCOc1ccccc1OCCNC(C)Cc1cc(C(N)=O)c2c(ccn2CCCO)c1,8.72
CCOc1ccccc1OCCNCC1COC(c2ccccc2)(c2ccccc2)O1,8.18
CCOc1ccccc1OCCNCCOc1ccccc1OCc1ccccc1,8.7
CCOc1ccccc1OCCN[C@H](C)Cc1ccc(OC)c(S(N)(=O)=O)c1,9.7
CCOc1n[nH]c2cc(OCCNC[C@H](O)c3cccc(NS(C)(=O)=O)c3)ccc12,6.56
CCS(=O)(=O)Nc1cccc(C(=C2CCCCC2)c2c[nH]cn2)c1,6.31
CCS(=O)(=O)Nc1cccc(Cc2c[nH]cn2)c1,7.135
CCS(=O)(=O)Nc1cccc2c1CCC2c1ncc[nH]1,7.5
CCS(=O)(=O)c1ccccc1NCC1=NCCN1,6.27
CCSc1ccccc1NCC1=NCCN1.Cl,7.915000000000001
CC[C@@H](CO)NC(=O)[C@@H]1C=C2c3cccc4[nH]cc(c34)C[C@H]2N(C)C1,6.3100000000000005
CC[C@@H](CO)NC(=O)[C@@H]1C=C2c3cccc4c3c(cn4C)C[C@H]2N(C)C1,6.06
CC[C@@H](CO)Nc1ccc(C(=O)N2CCC(N3CCC[C@@H](C)C3)CC2)cn1,7.75
CC[C@@H](CO)Nc1ccc(C(=O)N2CCC(N3CCc4ccccc4C3)CC2)cn1,7.68
CCc1c[nH]c(=O)n(CCCN2CCN(c3ccc(F)cc3OCC(F)(F)F)CC2)c1=O,9.1
CCc1cc(N2CCN(CCc3ccc(OCCCN4CCCCCC4)cc3)CC2)c2nc(CCC(=O)O)ccc2c1,6.6
CCc1cc2c(cc1CC)CC(NC[C@H](O)c1ccc(O)c3[nH]c(=O)ccc13)C2,6.45
CCc1ccc(OCC(F)(F)F)c(OCCNC(C)Cc2cc(C(N)=O)c3c(ccn3CCCO)c2)c1,7.77
CCc1ccc(OCC(F)(F)F)c(OCCNC(C)Cc2cc3c(c(C(N)=O)c2)N(CCCO)CC3)c1,7.42
CCc1ccc(OCCNC(C)Cc2cc3c(c(C(N)=O)c2)N(CCCO)CC3)c(OC)c1,7.24
CCc1ccccc1OCCNC(C)Cc1cc(C(N)=O)c2c(ccn2CCCO)c1,7.68
CCc1ccccc1OCCNC(C)Cc1cc2c(c(C(N)=O)c1)N(CCCO)CC2,7.59
CCc1n[nH]c2cc(OCCNC[C@H](O)c3cccc(NS(C)(=O)=O)c3)ccc12,6.07
CCc1nn(CCCN2CCN(c3cccc(Cl)c3)CC2)c(=O)n1CCOc1ccccc1,6.08
CCc1nn(CCCN2CCN(c3cccc(Cl)c3)CC2)c(=O)n1CCOc1ccccc1.Cl,6.86
CCc1sc2ccc(Cl)c3c2c1CN(C)CC3,7.24
CCn1ccc(-c2ccccc2NCC2=NCCN2)n1,7.6
CCn1cccc1-c1ccccc1NCC1=NCCN1,8.6
CCn1nccc1-c1ccccc1NCC1=NCCN1,7.2
CCn1ncnc1-c1ccccc1NCC1=NCCN1,8.9
CN(C)C(=O)N[C@H]1CC[C@H](CCN2CCN(c3cccc(Cl)c3Cl)CC2)CC1.Cl,6.62
CN(C)C(=O)c1ccccc1NCC1=NCCN1,7.7
CN(C)C1C=CC2(CC1)c1ccccc1C=Cc1ccc(Cl)cc12,7.325
CN(C)C1C=CC2(CC1)c1ccccc1CCc1ccc(Cl)cc12,7.045
CN(C)CC/C=C1/c2ccccc2Sc2ccc(Cl)cc21,8.46
CN(C)CC1CC2c3cc(F)ccc3Cc3ccc(F)cc3N2O1,6.79
CN(C)CC1CC2c3ccccc3Cc3ccc(Cl)cc3N2O1,7.84
CN(C)CC1CC2c3ccccc3Cc3ccc(F)cc3N2O1,7.35
CN(C)CC1CC2c3ccccc3Cc3ccccc3N2O1,6.27
CN(C)CC1CC2c3ccccc3Cc3ccncc3N2O1,6.4
CN(C)CCC=C1c2ccccc2C(C)(C)c2ccccc21,6.2
CN(C)CCC=C1c2ccccc2C=Cc2ccccc21,6.455
CN(C)CCC=C1c2ccccc2CCc2ccccc21,7.52
CN(C)CCC=C1c2ccccc2COc2ccccc21,6.98
CN(C)CCCN1c2ccccc2CCc2ccc(Cl)cc21,7.35
CN(C)CCCN1c2ccccc2CCc2ccccc21,6.62
CN(C)CCCN1c2ccccc2Sc2ccc(C(F)(F)F)cc21,8.48
CN(C)CCCN1c2ccccc2Sc2ccc(Cl)cc21,7.195
CN(C)CCCN1c2ccccc2Sc2ccccc21,7.77
CN(C)CCCn1nc(Cc2ccc(Cl)cc2)c2ccccc2c1=O,6.5
CN(C)CCOC1=Cc2ccccc2Sc2ccc(Cl)cc21,8.24
CN(C)CCc1c[nH]c2ccccc12.O=C(O)/C=C/C(=O)O,6.395
CN(C)CCn1nc(Cc2ccc(Cl)cc2)c2ccccc2c1=O,6.8
CN(C)S(=O)(=O)c1ccc2c(c1)N(CCCN1CCC(CCO)CC1)c1ccccc1S2,8.49
CN(C)c1c[nH]c(=O)n(CCCN2CCN(c3ccc(F)cc3OCC(F)(F)F)CC2)c1=O,8.2
CN(C)c1ccc(C(=C2C=CC(=[N+](C)C)C=C2)c2ccc(N(C)C)cc2)cc1.[Cl-],6.07
CN(C)c1cccc(OCCNCC2(F)CCN(C(=O)c3ccc(F)c(Cl)c3)CC2)n1,6.52
CN(C)c1nc(N[C@H]2CC[C@@H](NC(=O)c3ccc(F)c(F)c3)CC2)nc2ccccc12,6.52
CN(CCCN1CCC2(CC1)OCc1ccccc12)C(=O)C(c1ccc(F)c(F)c1)N1CCCC1=O,6.0
CN(CCCN1CCC2(CC1)OCc1ccccc12)C(=O)C(c1ccccc1)c1ccc(F)c(F)c1,6.22
CN(CCCN1CCC2(CC1)OCc1ccccc12)C(=O)N(c1ccccc1)c1ccc(F)c(F)c1,6.04
CN(CCOc1ccccc1)CC1COC(c2ccccc2)(c2ccccc2)O1,6.775
CN(CCOc1ccccc1)CC1COC(c2ccccc2)(c2ccccc2)O1.O=C(O)C(=O)O,6.08
CN1C=C(C(=O)NCCCN2CCC(C#N)(c3ccc(F)cc3)CC2)[C@@H](c2ccc(F)c(F)c2)NC1=O,9.92
CN1C=C(C(=O)NCCCN2CCC(C#N)(c3ccc(F)cc3)CC2)[C@H](c2ccc(F)c(F)c2)NC1=O,8.64
CN1C=C(C(=O)NCCCN2CCC(C#N)(c3ccc(F)cc3C#N)CC2)[C@@H](c2ccc(F)c(F)c2)N(C)C1=O,9.52
CN1C=C(C(=O)NCCCN2CCC(C#N)(c3ccc(F)cc3C#N)CC2)[C@@H](c2ccc(F)c(F)c2)NC1=O,9.74
CN1C=C(C(=O)NCCCN2CCC(c3ccc(F)cc3C#N)CC2)[C@@H](c2ccc(F)c(F)c2)NC1=O,10.17
CN1CC2c3ccccc3Oc3ccc(Cl)cc3C2C1,8.85
CN1CCC(=C2c3ccccc3C=Cc3ccccc32)CC1,6.03
CN1CCC(=C2c3ccccc3CCc3sccc32)CC1,6.135
CN1CCC(=C2c3ccccc3Sc3ccccc32)CC1,6.92
CN1CCC(Cn2nc(Cc3ccc(Cl)cc3)c3ccccc3c2=O)C1,7.0
CN1CCC(n2nc(Cc3ccc(Cl)cc3)c3ccccc3c2=O)CC1,7.8
CN1CCC2=C(C1)c1ccccc1Cc1ccccc12,6.64
CN1CCC2C(C1)c1cccc3c1N2c1ccccc1CS3,6.3
CN1CCCC(CC2c3ccccc3Sc3ccccc32)C1,6.23
CN1CCCC(CN2c3ccccc3Sc3ccccc32)C1,6.41
CN1CCCC(n2nc(Cc3ccc(Cl)cc3)c3ccccc3c2=O)CC1,7.3
CN1CCCC(n2nc(Cc3ccc(Cl)cc3)c3ccccc3c2=O)CC1.Cl,6.3
CN1CCCC1CCn1nc(Cc2ccc(Cl)cc2)c2ccccc2c1=O,6.5
CN1CCCCC(n2nc(Cc3ccc(Cl)cc3)c3ccccc3c2=O)C1,6.8
CN1CCCCC1CCN1c2ccccc2Sc2ccc([S+](C)[O-])cc21,7.77
CN1CCC[C@@H]1CCO[C@](C)(c1ccccc1)c1ccc(Cl)cc1,7.630000000000001
CN1CCC[C@@H]1Cn1nc(CCc2ccccc2)c2ccccc2c1=O,6.7
CN1CCC[C@@H]1Cn1nc(Cc2ccc(Cl)cc2)c2ccccc2c1=O,7.55
CN1CCC[C@@H]1Cn1nc(Cc2ccc(Cl)cc2)c2cccnc2c1=O,6.2
CN1CCC[C@@H]1Cn1nc(Cc2ccc(Cl)cc2)c2ccncc2c1=O,7.7
CN1CCC[C@@H]1Cn1nc(Cc2ccc(Cl)cc2)c2cnccc2c1=O,7.9
CN1CCC[C@@H]1Cn1nc(Cc2ccc(Cl)cc2)c2ncccc2c1=O,6.7
CN1CCC[C@@H]1Cn1nc(Cc2ccc(Cl)cc2)c2nccnc2c1=O,6.4
CN1CCC[C@@H]1Cn1nc(Cc2ccc(F)c(F)c2)c2ccccc2c1=O,6.7
CN1CCC[C@@H]1Cn1nc(Cc2ccc(F)cc2)c2ccccc2c1=O,7.2
CN1CCC[C@@H]1Cn1nc(Cc2ccc(O)cc2)c2ccccc2c1=O,6.6
CN1CCC[C@@H]1Cn1nc(Cc2cccc(Cl)c2)c2ccccc2c1=O,6.4
CN1CCC[C@@H]1Cn1nc(Cc2cccc(F)c2)c2ccccc2c1=O,7.3
CN1CCC[C@H]1Cn1nc(Cc2ccc(Cl)cc2)c2ccccc2c1=O,7.4
CN1CCN(C2=Nc3cc(Cl)ccc3Nc3ccccc32)CC1,7.71
CN1CCN(C2=Nc3ccccc3Oc3ccc(Cl)cc32)CC1,6.949999999999999
CN1CCN(C2=Nc3ccccc3Sc3ccc(Cl)cc32)CC1,6.96
CN1CCN(CC/C=C2/c3ccccc3Sc3ccc(S(=O)(=O)N(C)C)cc32)CC1,7.21
CN1CCN(CCCN2c3ccccc3Sc3ccc(C(F)(F)F)cc32)CC1,6.47
CN1CCN(CCCN2c3ccccc3Sc3ccc(Cl)cc32)CC1,6.43
CN1CCN(CCCN2c3ccccc3Sc3ccc(S(=O)(=O)N(C)C)cc32)CC1,7.26
CN1CCN(Cc2ccc(OCCCCN3CCC(c4noc5cc(F)ccc45)CC3)cc2)CC1,6.45
CN1CCN(Cc2ccc(OCCCN3CCC(c4noc5cc(F)ccc45)CC3)cc2)CC1,6.48
CN1CCN2c3c(cccc31)[C@@H]1CN(CCCC(=O)c3ccc(F)cc3)CC[C@@H]12.Cc1ccc(S(=O)(=O)O)cc1,7.14
CN1CCN2c3c(cccc31)[C@@H]1CN(CCCc3noc4ccccc34)CC[C@@H]12,6.5
CN1CCN2c3ccccc3Cc3ccccc3C2C1,6.57
CN1CCc2c(c3cccc4c3n2CCc2ccccc2-4)C1,6.54
CN1CCc2cc3c(c4c2[C@H]1Cc1ccccc1-4)OCO3,6.6
CN1CCc2ccc3c4c2[C@H]1Cc1cccc(c1-4)[C@@H]3N,6.43
CN1CCc2cccc(Cl)c2CC1,6.35
CN1CCc2cccc3c2[C@H]1Cc1ccc(O)c(O)c1-3,6.5
CN1C[C@H](C(=O)N[C@]2(C)O[C@@]3(O)[C@@H]4CCCN4C(=O)[C@H](Cc4ccccc4)N3C2=O)C[C@@H]2c3cccc4[nH]cc(c34)C[C@H]21,6.595
CN1C[C@H](C(=O)N[C@]2(C)O[C@@]3(O)[C@@H]4CCCN4C(=O)[C@H](Cc4ccccc4)N3C2=O)C[C@@H]2c3cccc4[nH]cc(c34)C[C@H]21.CS(=O)(=O)O,7.48
CN1C[C@H](CNC(=O)OCc2ccccc2)C[C@@H]2c3cccc4c3c(cn4C)C[C@H]21,7.28
CN1C[C@H](c2c[nH]c3c(Br)c(Br)cc(O)c23)NC[C@H]1c1c[nH]c2cc(Br)ccc12,6.85
CN1[C@@H]2CC[C@H]1C[C@@H](OC(c1ccccc1)c1ccccc1)C2,6.5649999999999995
CNC(=O)C(CCN1CCC(O)(c2ccc(Cl)cc2)CC1)(c1ccccc1)c1ccccc1,8.0
CNC(=O)C1=C(C)N=C(C)N(CCCCCN2CCC(C(=O)OC)(c3ccccc3)CC2)C1c1ccc(F)cc1F,7.85
CNC(=O)C1=C(C)NC(=O)N(C(=O)NCCCN2CCC(C(=O)OC)(c3ccccc3)CC2)C1c1ccc([N+](=O)[O-])cc1,8.68
CNC(=O)C1=C(C)NC(C)=C(C(=O)NCCCN2CCC(C(=O)OC)(c3ccccc3)CC2)C1c1ccc([N+](=O)[O-])cc1,8.4
CNC(=O)C1=C(C)NC(C)=C(C(=O)NCCCN2CCC(c3ccccc3)(c3ccccc3)CC2)C1c1ccc([N+](=O)[O-])cc1,8.425
CNC(=O)C1=C(C)NC(C)=C(C(=O)NCCCN2CCC(c3ccccc3)(c3ccccc3)CC2)C1c1ccc2c(c1)OCO2,7.79
CNC(=O)C1=C(C)NC(C)=C(C(=O)NCCCN2CCC(c3ccccc3)CC2)C1c1ccc([N+](=O)[O-])cc1,8.21
CNC(=O)c1cc(OCCCCN2CCC(c3noc4cc(F)ccc34)CC2)ccc1F,6.92
CNC(=O)c1cc(OCCCCN2CCC(c3noc4cc(F)ccc34)CC2)ccn1,7.96
CNC(=O)c1cc(OCCCCN2CCN(c3cccc4sccc34)CC2)ccn1,6.79
CNC(=O)c1cc(OCCCCN2CCN(c3nsc4ccccc34)CC2)ccn1,7.15
CNC(=O)c1cccc(-c2ccccc2[C@@H]2Cc3nccn3C2)c1,7.72
CNC(=O)c1cccc(OCCCCN2CCC(c3noc4cc(F)ccc34)CC2)c1,7.46
CNC(=O)c1ccccc1NCC1=NCCN1,7.635
CNCC(O)c1cc(O)c(O)cc1F,6.13
CNCC1CC2c3ccccc3Cc3ccccc3N2O1,6.72
CNCCC=C1c2ccccc2CCc2ccccc21,7.19
CNCCCC12CCC(c3ccccc31)c1ccccc12,6.32
CNCCCC1c2ccccc2C=Cc2ccccc21,6.34
CNCCCN1c2ccccc2CCc2ccccc21,6.24
CNCCc1ccc(OC(=O)C(C)C)c(OC(=O)C(C)C)c1,6.88
CNC[C@H](O)c1ccc(O)c(O)c1,8.17
CNC[C@H](O)c1cccc(O)c1,7.25
CNCc1ccccc1-c1csc([C@@H](C)Nc2nc(C)nc3cc(OC)c(OC)cc23)c1,6.37
CNCc1ccccc1-c1csc([C@H](C)Nc2nc(C)nc3cc(OC)c(OC)cc23)c1,6.35
CNS(=O)(=O)CCc1ccccc1[C@@H]1Cc2nccn2C1,7.92
CNc1ccc2c(c1)C(NCCOc1cc(F)ccc1F)CCS2(=O)=O.Cl,6.46
CNc1ccc2c(c1)[C@@H](NCCOc1cc(F)ccc1F)CCS2(=O)=O.Cl,6.89
CNc1cccc(OCCNCC2(F)CCN(C(=O)c3ccc(F)c(Cl)c3)CC2)n1,6.5
CNc1ccccc1OCCNCC1(F)CCN(C(=O)c2ccc(F)c(Cl)c2)CC1,6.05
CO/C(O)=C1\C(C)=NC(C)=C(C(=O)N(C)CCCN2CCC(c3ccccc3)(c3ccccc3)CC2)C1c1ccc([N+](=O)[O-])cc1,7.69
CO/C(O)=C1\C(C)=NC(C)=C(C(=O)NCCCCN2CCC(c3ccccc3)(c3ccccc3)CC2)C1c1ccc([N+](=O)[O-])cc1,8.030000000000001
CO/C(O)=C1\C(C)=NC(C)=C(C(=O)NCCCN2CCC(c3ccccc3)(c3ccccc3)CC2)C1c1ccc(C#N)cc1,8.74
CO/C(O)=C1\C(C)=NC(C)=C(C(=O)NCCCN2CCC(c3ccccc3)(c3ccccc3)CC2)C1c1ccc(C)cc1,8.86
CO/C(O)=C1\C(C)=NC(C)=C(C(=O)NCCCN2CCC(c3ccccc3)(c3ccccc3)CC2)C1c1ccc(Cl)c(Cl)c1,8.73
CO/C(O)=C1\C(C)=NC(C)=C(C(=O)NCCCN2CCC(c3ccccc3)(c3ccccc3)CC2)C1c1ccc(Cl)cc1,8.75
CO/C(O)=C1\C(C)=NC(C)=C(C(=O)NCCCN2CCC(c3ccccc3)(c3ccccc3)CC2)C1c1ccc(OC(C)C)cc1,7.16
CO/C(O)=C1\C(C)=NC(C)=C(C(=O)NCCCN2CCC(c3ccccc3)(c3ccccc3)CC2)C1c1ccc(OC)cc1,8.15
CO/C(O)=C1\C(C)=NC(C)=C(C(=O)NCCCN2CCC(c3ccccc3)(c3ccccc3)CC2)C1c1ccc([N+](=O)[O-])c(OC)c1,8.83
CO/C(O)=C1\C(C)=NC(C)=C(C(=O)NCCCN2CCC(c3ccccc3)(c3ccccc3)CC2)C1c1ccc2c(c1)OCO2,8.95
CO/C(O)=C1\C(C)=NC(C)=C(C(=O)NCCCN2CCC(c3ccccc3)(c3ccccc3)CC2)C1c1ccc2ccccc2c1,7.44
CO/C(O)=C1\C(C)=NC(C)=C(C(=O)NCCCN2CCC(c3ccccc3)(c3ccccc3)CC2)[C@H]1c1ccc([N+](=O)[O-])cc1,9.74
CO/C(O)=C1\C(C)=NC(C)=C(C(=O)NCCCN2CCC(c3ccccc3)CC2)C1c1ccc(Cl)c([N+](=O)[O-])c1,9.28
CO/C(O)=C1\C(C)=NC(C)=C(C(=O)NCCCN2CCC(c3ccccc3)CC2)C1c1ccc([N+](=O)[O-])cc1,9.64
CO/C(O)=C1\C(C)=NC(C)=C(C(=O)NCCN2CCC(c3ccccc3)(c3ccccc3)CC2)C1c1ccc([N+](=O)[O-])cc1,8.06
CO/C(O)=C1\C(C)=NC(C)=C(C(=O)OCCCN2CCC(c3ccccc3)(c3ccccc3)CC2)C1c1ccc([N+](=O)[O-])cc1,9.49
CO/N=C(\C)c1ccccc1NCC1=NCCN1,7.68
CO/N=C/c1ccccc1NCC1=NCCN1,6.92
COC(=O)C1(c2ccccc2)CCN(CCCCCN2C(C)=NC(C)=C(C(N)=O)C2c2ccc(F)cc2F)CC1,8.38
COC(=O)C1(c2ccccc2)CCN(CCCCN2C(=O)c3cc(Cl)ccc3S2(=O)=O)CC1,7.36
COC(=O)C1(c2ccccc2)CCN(CCCCNC(=O)N2C(=O)NC3=C(C(=O)OC3)C2c2ccc(F)c(F)c2)CC1,7.82
COC(=O)C1(c2ccccc2)CCN(CCCNC(=O)C(C)c2ccc([N+](=O)[O-])cc2)CC1,7.33
COC(=O)C1(c2ccccc2)CCN(CCCNC(=O)C(c2ccc(C)cc2)c2ccc(C)cc2)CC1,8.03
COC(=O)C1(c2ccccc2)CCN(CCCNC(=O)C2=C(C)N=C(C)/C(=C(/O)OC)C2c2ccc([N+](=O)[O-])cc2)CC1,8.445
COC(=O)C1(c2ccccc2)CCN(CCCNC(=O)C2=C(C)N=C(C)/C(=C(/O)OCCC#N)C2c2ccc([N+](=O)[O-])cc2)CC1,8.32
COC(=O)C1(c2ccccc2)CCN(CCCNC(=O)C2=C(C)N=C(C)/C(=C(/O)OCCO)C2c2ccc([N+](=O)[O-])cc2)CC1,8.44
COC(=O)C1(c2ccccc2)CCN(CCCNC(=O)C2=C(C)NC(C)=C(C(=O)O)C2c2ccc([N+](=O)[O-])cc2)CC1,7.23
COC(=O)C1(c2ccccc2)CCN(CCCNC(=O)C2=C(C)NC(C)=C(C(=O)OCCC#N)C2c2ccc([N+](=O)[O-])cc2)CC1,8.32
COC(=O)C1(c2ccccc2)CCN(CCCNC(=O)C2=C(C)NC(C)=C(C(=O)OCCO)C2c2ccc([N+](=O)[O-])cc2)CC1,8.44
COC(=O)C1(c2ccccc2)CCN(CCCNC(=O)C2=C(C)NC(C)=C(C(C)=O)C2c2ccc([N+](=O)[O-])cc2)CC1,8.59
COC(=O)C1(c2ccccc2)CCN(CCCNC(=O)C2=C(C)NC(C)=C(C(C)=O)C2c2ccc3c(c2)OCO3)CC1,8.38
COC(=O)C1(c2ccccc2)CCN(CCCNC(=O)C2=C(C)NC(C)=C(C(N)=O)C2c2ccc([N+](=O)[O-])cc2)CC1,8.85
COC(=O)C1(c2ccccc2)CCN(CCCNC(=O)C2=C(COCCN)NC(C)=C(C(N)=O)C2c2ccc([N+](=O)[O-])cc2)CC1,8.5
COC(=O)C1(c2ccccc2)CCN(CCCNC(=O)CCc2ccc([N+](=O)[O-])cc2)CC1,6.62
COC(=O)C1(c2ccccc2)CCN(CCCNC(=O)Cc2ccc(C)cc2)CC1,7.13
COC(=O)C1(c2ccccc2)CCN(CCCNC(=O)Cc2ccc([N+](=O)[O-])cc2)CC1,7.12
COC(=O)C1(c2ccccc2)CCN(CCCNC(=O)N2C(=O)NC(C)=C(C(=O)O)C2c2ccc([N+](=O)[O-])cc2)CC1,8.0
COC(=O)C1(c2ccccc2)CCN(CCCNC(=O)N2C(=O)NC(C)=C(C(N)=O)C2c2ccc([N+](=O)[O-])cc2)CC1,9.15
COC(=O)C1(c2ccccc2)CCN(CCCNC(=O)N2C(=O)NC3=C(C(=O)OC3)C2c2ccc(F)c(F)c2)CC1,9.05
COC(=O)C1(c2ccccc2)CCN(CCCNC(=O)N2C(=O)NC3=C(C(=O)OC3)C2c2ccc([N+](=O)[O-])cc2)CC1,8.96
COC(=O)C1(c2ccccc2)CCN(CCCNC(=O)N2C(=O)NC3=C(C(=O)OC3)C2c2ccc3c(c2)OCO3)CC1,7.46
COC(=O)C1(c2ccccc2)CCN(CCCNC(=O)N2C(=O)NC3=C(C(=O)OC3)C2c2ccc3nonc3c2)CC1,9.05
COC(=O)C1(c2ccccc2)CCN(CCNC(=O)CCc2ccc([N+](=O)[O-])cc2)CC1,6.42
COC(=O)C1(c2ccccc2)CCN(CCNC(=O)N2C(=O)NC3=C(C(=O)OC3)C2c2ccc(F)c(F)c2)CC1,7.21
COC(=O)C1=C(C)N=C(C)N(CCCCCN2CCC(C#N)(c3ccccc3)CC2)C1c1ccc(F)c(F)c1,9.0
COC(=O)C1=C(C)N=C(C)N(CCCCCN2CCC(C(=O)OC)(c3ccccc3)CC2)C1c1ccc(F)c(F)c1,9.0
COC(=O)C1=C(C)N=C(C)N(CCCCCN2CCC(C(=O)OC)(c3ccccc3)CC2)C1c1ccc(F)cc1F,9.3
COC(=O)C1=C(C)N=C(C)N(CCCCCN2CCC(c3ccc(C)cc3)(c3ccccc3C)CC2)C1c1ccc(F)c(F)c1,10.0
COC(=O)C1=C(C)N=C(C)N(CCCCCN2CCC(c3ccccc3)(c3ccccc3)CC2)C1c1ccc(F)c(F)c1,9.440000000000001
COC(=O)C1=C(C)N=C(C)N(CCCCCN2CCC(c3ccccc3)CC2)C1c1ccc(F)c(F)c1,9.4
COC(=O)C1=C(C)N=C(C)N(CCCCCN2CCC(c3ccccc3C(F)(F)F)CC2)C1c1ccc(F)c(F)c1,8.96
COC(=O)C1=C(C)N=C(C)N(CCCCCN2CCC(c3ccccc3OC)CC2)C1c1ccc(F)c(F)c1,9.52
COC(=O)C1=C(C)N=C(C)N(CCCCCN2CCN(c3ccccc3C(=O)OC)CC2)C1c1ccc(F)c(F)c1,9.3
COC(=O)C1=C(C)N=C(C)N(CCCCCN2CCN(c3ccccc3C(N)=O)CC2)C1c1ccc(F)c(F)c1,9.22
COC(=O)C1=C(C)N=C(C)N(CCCCCN2CCN(c3ccccc3OC)CC2)C1c1ccc(F)c(F)c1,9.4
COC(=O)C1=C(C)N=C(C)N(CCCCN2CCC(C(=O)OC)(c3ccccc3)CC2)C1c1ccc(F)c(F)c1,8.44
COC(=O)C1=C(C)N=C(C)N(CCC[C@@H](C)CN2CCC(C#N)(c3ccccc3)CC2)C1c1ccc(F)c(F)c1,7.66
COC(=O)C1=C(C)N=C(C)N(CCC[C@@H](C)CN2CCN(c3ccccc3C(N)=O)CC2)C1c1ccc(F)c(F)c1,7.7
COC(=O)C1=C(C)N=C(C)N(CCC[C@H](C)CN2CCC(C#N)(c3ccccc3)CC2)C1c1ccc(F)c(F)c1,8.92
COC(=O)C1=C(C)N=C(C)N(CCC[C@H](C)CN2CCC(C(=O)OC)(c3ccccc3)CC2)C1c1ccc(F)c(F)c1,8.8
COC(=O)C1=C(C)N=C(C)N(CCC[C@H](C)CN2CCN(c3ccccc3C(N)=O)CC2)C1c1ccc(F)c(F)c1,8.46
COC(=O)C1=C(C)N=C(C)N(Cc2cccc(CN3CCC(C(=O)OC)(c4ccccc4)CC3)c2)C1c1ccc(F)c(F)c1,8.17
COC(=O)C1=C(C)NC(=O)N(C(=O)N2CCC(N3CCC(C(=O)OC)(c4ccccc4)CC3)CC2)C1c1ccc(F)c(F)c1,7.72
COC(=O)C1=C(C)NC(=O)N(C(=O)NCCCN2CCC(C#N)(c3ccccc3)CC2)C1c1ccc(F)c(F)c1,8.49
COC(=O)C1=C(C)NC(=O)N(C(=O)NCCCN2CCC(C(=O)OC)(c3ccccc3)CC2)C1c1ccc(C)cc1,8.1
COC(=O)C1=C(C)NC(=O)N(C(=O)NCCCN2CCC(C(=O)OC)(c3ccccc3)CC2)C1c1ccc(Cl)cc1,8.35
COC(=O)C1=C(C)NC(=O)N(C(=O)NCCCN2CCC(C(=O)OC)(c3ccccc3)CC2)C1c1ccc(F)c(F)c1,10.0
COC(=O)C1=C(C)NC(=O)N(C(=O)NCCCN2CCC(C(=O)OC)(c3ccccc3)CC2)C1c1ccc(F)cc1,8.92
COC(=O)C1=C(C)NC(=O)N(C(=O)NCCCN2CCC(C(=O)OC)(c3ccccc3)CC2)C1c1ccc(F)cc1F,9.7
COC(=O)C1=C(C)NC(=O)N(C(=O)NCCCN2CCC(C(=O)OC)(c3ccccc3)CC2)C1c1ccc([N+](=O)[O-])cc1,9.3
COC(=O)C1=C(C)NC(=O)N(C(=O)NCCCN2CCC(C(=O)OC)(c3ccccc3)CC2)C1c1ccc2nonc2c1,10.0
COC(=O)C1=C(C)NC(=O)N(C(=O)NCCCN2CCC(C(=O)OC)(c3ccccc3)CC2)C1c1cccc(C)c1,8.74
COC(=O)C1=C(C)NC(=O)N(C(=O)NCCCN2CCC(C(=O)OC)(c3ccccc3)CC2)C1c1cccc(Cl)c1,8.96
COC(=O)C1=C(C)NC(=O)N(C(=O)NCCCN2CCC(C(=O)OC)(c3ccccc3)CC2)C1c1cccc(F)c1,8.82
COC(=O)C1=C(C)NC(=O)N(C(=O)NCCCN2CCC(C)(c3ccccc3)CC2)C1c1ccc(F)c(F)c1,9.3
COC(=O)C1=C(C)NC(=O)N(C(=O)NCCCN2CCC(OC(C)=O)(c3ccccc3)CC2)C1c1ccc(F)c(F)c1,9.52
COC(=O)C1=C(C)NC(=O)N(C(=O)NCCCN2CCC(OC)(c3ccccc3)CC2)C1c1ccc(F)c(F)c1,9.0
COC(=O)C1=C(C)NC(=O)N(C(=O)NCCCN2CCC(c3cc(C)cc(C)c3)(c3cc(C)cc(C)c3)CC2)C1c1ccc(F)c(F)c1,8.34
COC(=O)C1=C(C)NC(=O)N(C(=O)NCCCN2CCC(c3ccc(C)cc3)(c3ccccc3C)CC2)C1c1ccc(F)c(F)c1,10.22
COC(=O)C1=C(C)NC(=O)N(C(=O)NCCCN2CCC(c3ccc(Cl)cc3)(c3ccc(Cl)cc3)CC2)C1c1ccc(F)c(F)c1,8.16
COC(=O)C1=C(C)NC(=O)N(C(=O)NCCCN2CCC(c3ccc(F)cc3)(c3ccc(F)cc3)CC2)C1c1ccc(F)c(F)c1,9.7
COC(=O)C1=C(C)NC(=O)N(C(=O)NCCCN2CCC(c3ccccc3)(c3ccccc3)CC2)C1c1ccc(F)c(F)c1,8.72
COC(=O)C1=C(C)NC(=O)N(C(=O)NCCCN2CCC(c3ccccc3)(c3ccccc3)CC2)C1c1ccc([N+](=O)[O-])cc1,8.3
COC(=O)C1=C(C)NC(=O)N(C(=O)NCCCN2CCC(c3ccccc3)CC2)C1c1ccc(F)c(F)c1,9.7
COC(=O)C1=C(C)NC(=O)N(C(=O)NCCCN2CCC3(CC2)C(=O)Oc2ccccc23)C1c1ccc(F)c(F)c1,8.35
COC(=O)C1=C(C)NC(=O)N(C(=O)NCCCN2CCC3(CC2)OC(=O)Cc2ccccc23)C1c1ccc(F)c(F)c1,9.7
COC(=O)C1=C(C)NC(=O)N(C(=O)NCCCN2CCC3(CC2)OC(=O)c2ccccc23)C1c1ccc(F)c(F)c1,8.1
COC(=O)C1=C(C)NC(=O)N(C(=O)NCCCN2CCC3(CC2)OCCc2ccccc23)C1c1ccc(F)c(F)c1,9.7
COC(=O)C1=C(C)NC(=O)N(C(=O)NCCCN2CCC3(CC2)OCc2ccccc23)C1c1ccc(F)c(F)c1,9.52
COC(=O)C1=C(C)NC(=O)N(C(=O)NCCCN2CCC3(CCCc4ccccc43)CC2)C1c1ccc(F)c(F)c1,9.4
COC(=O)C1=C(C)NC(=O)N(C(=O)NCCCN2CCC3(CCc4ccccc43)CC2)C1c1ccc(F)c(F)c1,8.96
COC(=O)C1=C(C)NC(=O)N(C(=O)NCCCN2CCN(c3ccc(C(C)=O)cc3)CC2)C1c1ccc(F)c(F)c1,6.37
COC(=O)C1=C(C)NC(=O)N(C(=O)NCCCN2CCN(c3ccc(Cl)cc3)CC2)C1c1ccc(F)c(F)c1,9.1
COC(=O)C1=C(C)NC(=O)N(C(=O)NCCCN2CCN(c3ccc(OC)cc3)CC2)C1c1ccc(F)c(F)c1,7.85
COC(=O)C1=C(C)NC(=O)N(C(=O)NCCCN2CCN(c3ccc(OC)cc3C)CC2)C1c1ccc(F)c(F)c1,7.8
COC(=O)C1=C(C)NC(=O)N(C(=O)NCCCN2CCN(c3cccc(C(F)(F)F)c3)CC2)C1c1ccc(F)c(F)c1,8.31
COC(=O)C1=C(C)NC(=O)N(C(=O)NCCCN2CCN(c3cccc(Cl)c3)CC2)C1c1ccc(F)c(F)c1,9.15
COC(=O)C1=C(C)NC(=O)N(C(=O)NCCCN2CCN(c3cccc([N+](=O)[O-])c3)CC2)C1c1ccc(F)c(F)c1,7.92
COC(=O)C1=C(C)NC(=O)N(C(=O)NCCCN2CCN(c3ccccc3)CC2)C1c1ccc(F)c(F)c1,9.7
COC(=O)C1=C(C)NC(=O)N(C(=O)NCCCN2CCN(c3ccccc3C#N)CC2)C1c1ccc(F)c(F)c1,10.05
COC(=O)C1=C(C)NC(=O)N(C(=O)NCCCN2CCN(c3ccccc3C(=O)OC)CC2)C1c1ccc(F)c(F)c1,9.7
COC(=O)C1=C(C)NC(=O)N(C(=O)NCCCN2CCN(c3ccccc3C(N)=O)CC2)C1c1cc(F)c(F)c(F)c1,9.52
COC(=O)C1=C(C)NC(=O)N(C(=O)NCCCN2CCN(c3ccccc3C(N)=O)CC2)C1c1ccc(F)c(F)c1,9.754999999999999
COC(=O)C1=C(C)NC(=O)N(C(=O)NCCCN2CCN(c3ccccc3C)CC2)C1c1ccc(F)c(F)c1,9.52
COC(=O)C1=C(C)NC(=O)N(C(=O)NCCCN2CCN(c3ccccc3Cl)CC2)C1c1ccc(F)c(F)c1,9.7
COC(=O)C1=C(C)NC(=O)N(C(=O)NCCCN2CCN(c3ccccc3O)CC2)C1c1ccc(F)c(F)c1,9.22
COC(=O)C1=C(C)NC(=O)N(C(=O)NCCCN2CCN(c3ccccc3OC)CC2)C1c1ccc(F)c(F)c1,10.0
COC(=O)C1=C(C)NC(=O)N(C(=O)NCCCN2CCN(c3ccccc3[N+](=O)[O-])CC2)C1c1ccc(F)c(F)c1,11.0
COC(=O)C1=C(C)NC(=O)N(C(=O)NCCCN2CCN(c3ccccc3[N+](=O)[O-])C[C@@H]2C)C1c1ccc(F)c(F)c1,10.7
COC(=O)C1=C(C)NC(=O)N(C(=O)NCCCN2CCN(c3ccccc3[N+](=O)[O-])C[C@H]2C)C1c1ccc(F)c(F)c1,10.3
COC(=O)C1=C(C)NC(=O)N(CC(=O)NCCN2CCC(C(=O)OC)(c3ccccc3)CC2)C1c1ccc(F)c(F)c1,9.7
COC(=O)C1=C(C)NC(=O)N(CCCCCN2CCC(C(=O)OC)(c3ccccc3)CC2)C1c1ccc(F)c(F)c1,10.0
COC(=O)C1=C(C)NC(C)=C(C(=O)N(C)CCCN2CCC(c3ccccc3)(c3ccccc3)CC2)C1c1ccc([N+](=O)[O-])cc1,7.69
COC(=O)C1=C(C)NC(C)=C(C(=O)NCCCCN2CCC(c3ccccc3)(c3ccccc3)CC2)C1c1ccc([N+](=O)[O-])cc1,7.83
COC(=O)C1=C(C)NC(C)=C(C(=O)NCCCN2CCC(C(=O)OC)(c3ccccc3)CC2)C1c1ccc([N+](=O)[O-])cc1,8.45
COC(=O)C1=C(C)NC(C)=C(C(=O)NCCCN2CCC(c3ccccc3)(c3ccccc3)CC2)C1c1ccc(C#N)cc1,8.74
COC(=O)C1=C(C)NC(C)=C(C(=O)NCCCN2CCC(c3ccccc3)(c3ccccc3)CC2)C1c1ccc(C)cc1,8.86
COC(=O)C1=C(C)NC(C)=C(C(=O)NCCCN2CCC(c3ccccc3)(c3ccccc3)CC2)C1c1ccc(Cl)c(Cl)c1,8.73
COC(=O)C1=C(C)NC(C)=C(C(=O)NCCCN2CCC(c3ccccc3)(c3ccccc3)CC2)C1c1ccc(Cl)cc1,8.75
COC(=O)C1=C(C)NC(C)=C(C(=O)NCCCN2CCC(c3ccccc3)(c3ccccc3)CC2)C1c1ccc(OC)cc1,8.15
COC(=O)C1=C(C)NC(C)=C(C(=O)NCCCN2CCC(c3ccccc3)(c3ccccc3)CC2)C1c1ccc([N+](=O)[O-])c(OC)c1,8.83
COC(=O)C1=C(C)NC(C)=C(C(=O)NCCCN2CCC(c3ccccc3)(c3ccccc3)CC2)C1c1ccc([N+](=O)[O-])cc1.Cl,9.46
COC(=O)C1=C(C)NC(C)=C(C(=O)NCCCN2CCC(c3ccccc3)(c3ccccc3)CC2)C1c1ccc2c(c1)OCO2,8.95
COC(=O)C1=C(C)NC(C)=C(C(=O)NCCCN2CCC(c3ccccc3)(c3ccccc3)CC2)C1c1ccc2ccccc2c1,7.44
COC(=O)C1=C(C)NC(C)=C(C(=O)NCCCN2CCC(c3ccccc3)(c3ccccc3)CC2)C1c1cccc([N+](=O)[O-])c1,9.4
COC(=O)C1=C(C)NC(C)=C(C(=O)NCCCN2CCC(c3ccccc3)CC2)C1c1ccc(Cl)c([N+](=O)[O-])c1,9.28
COC(=O)C1=C(C)NC(C)=C(C(=O)NCCCN2CCC(c3ccccc3)CC2)C1c1ccc([N+](=O)[O-])cc1,9.64
COC(=O)C1=C(C)NC(C)=C(C(=O)NCCN2CCC(c3ccccc3)(c3ccccc3)CC2)C1c1ccc([N+](=O)[O-])cc1,8.06
COC(=O)C1=C(C)NC(C)=C(C(=O)OCCCN2CCC(c3ccccc3)(c3ccccc3)CC2)C1c1ccc([N+](=O)[O-])cc1,8.48
COC(=O)C1=C(C)NC(C)=C(C(=O)OCCCN2CCC(c3ccccc3)(c3ccccc3)CC2)[C@@H]1c1cccc([N+](=O)[O-])c1,9.7
COC(=O)C1=C(C)NC(C)=C(C(=O)OCCCN2CCC(c3ccccc3)(c3ccccc3)CC2)[C@H]1c1cccc([N+](=O)[O-])c1,9.27
COC(=O)C1=C(C)NC(C)=C(C(=O)OCCCN2CCC(c3ccccc3)(c3ccccc3)CC2)[C@H]1c1cccc([N+](=O)[O-])c1.Cl,9.8
COC(=O)C1=C(C)NC(C)=C(C(=O)OCCN(C)Cc2ccccc2)C1c1cccc([N+](=O)[O-])c1,6.13
COC(=O)N1C(=O)N(C)C(C)=C(C(=O)NCCCN2CCC(c3ccc(F)cc3)CC2)[C@H]1c1ccc(F)c(F)c1,9.12
COC(=O)[C@@H]1CCCN1Cc1ccc(CN2CCN(c3ccccc3OC)CC2)s1,7.92
COC(=O)[C@H]1[C@H]2C[C@H]3c4[nH]c5ccccc5c4CCN3C[C@@H]2CC[C@@H]1O,6.85
COC(=O)[C@H]1[C@H]2C[C@H]3c4[nH]c5ccccc5c4CCN3C[C@H]2CC[C@@H]1O.Cl,6.15
COC(=O)c1ccccc1NCC1=NCCN1,9.1
COC(CNC(=O)c1ccc2c(c1)C(=O)N(c1cccc(F)c1)C2=O)CN1CCN(c2ccccc2OC(C)C)CC1,8.16
COC1CCN(c2ccc(C(=O)N3CCC(N4CCC[C@@H](C)C4)CC3)cn2)C1,7.92
COC1CCN(c2ccc(C(=O)N3CCC(N4CCc5cc(F)ccc5C4)CC3)cn2)C1,7.24
COCC(=O)NCCN1CCC[C@@H]1Cn1nc(Cc2ccc(Cl)cc2)c2ccccc2c1=O.O=C(O)C(F)(F)F,7.3
COCC1=C(C(=O)NCCCN2CCC(C#N)(c3ccc(C#N)cc3)CC2)[C@@H](c2ccc(F)c(F)c2)NC(=O)N1,9.8
COCC1=C(C(=O)NCCCN2CCC(C#N)(c3ccc(F)cc3)CC2)[C@@H](c2ccc(F)cc2)NCN1,9.77
COCC1=C(C(=O)NCCCN2CCC(c3ccc(F)cc3)CC2)[C@@H](c2ccc(F)c(F)c2)NC(=O)N1,9.62
COCC1=C(C(=O)NCCCN2CCC(c3ccc(F)cc3C#N)CC2)[C@@H](c2ccc(F)c(F)c2)NC(=O)N1,9.85
COCC1=C(C(=O)NCCCN2CCC(c3ccccc3C#N)CC2)[C@@H](c2ccc(F)c(F)c2)NC(=O)N1,9.38
COCC1=C(C(=O)NCCCN2CCC(c3ccccn3)CC2)[C@@H](c2ccc(F)c(F)c2)NC(=O)N1,9.35
COCC1=C(C(=O)OC)C(c2cc(F)c(F)c(F)c2)N(C(=O)N2CCC(N3CCC(C(=O)OC)(c4ccccc4)CC3)CC2)C(=O)N1,8.77
COCC1=C(C(=O)OC)C(c2cc(F)c(F)cc2F)N(C(=O)NCCCN2CCN(c3ccccc3C(N)=O)CC2)C(=O)N1,10.0
COCC1=C(C(=O)OC)C(c2ccc(F)c(F)c2)N(C(=O)N2CCC(N3CCC(C(=O)OC)(c4ccccc4)CC3)CC2)C(=O)N1,8.12
COCC1=C(C(=O)OC)C(c2ccc(F)c(F)c2)N(C(=O)NCCCN2CCC(C#N)(c3ccc(F)cc3)CC2)C(=O)N1,10.22
COCC1=C(C(=O)OC)C(c2ccc(F)c(F)c2)N(C(=O)NCCCN2CCC(C#N)(c3cccc(F)c3)CC2)C(=O)N1,9.7
COCC1=C(C(=O)OC)C(c2ccc(F)c(F)c2)N(C(=O)NCCCN2CCC(C#N)(c3ccccc3)CC2)C(=O)N1,10.0
COCC1=C(C(=O)OC)C(c2ccc(F)c(F)c2)N(C(=O)NCCCN2CCC(C#N)(c3ccccc3F)CC2)C(=O)N1,8.28
COCC1=C(C(=O)OC)C(c2ccc(F)c(F)c2)N(C(=O)NCCCN2CCC(C)(c3ccccc3)CC2)C(=O)N1,9.3
COCC1=C(C(=O)OC)C(c2ccc(F)c(F)c2)N(C(=O)NCCCN2CCN(c3ccccc3C(N)=O)CC2)C(=O)N1,10.0
COCC1=C(C(=O)OC)C(c2ccc(F)c(F)c2)N(CCCCCN2CCC(C#N)(c3ccccc3)CC2)C(C)=N1,9.4
COCC1=C(C(=O)OC)[C@H](c2ccc(F)c(F)c2)C(C(=O)NCCCN2CCC(c3ccccn3)CC2)C(=O)N1,9.44
COCC1=C(C(=O)OC)[C@H](c2ccc(F)c(F)c2)N(C(=O)NCCCN2CCC(c3cccc(NC(C)=O)c3)CC2)C(=O)N1,7.4
COCC1=C(C(=O)OC)[C@H](c2ccc(F)c(F)c2)N(C(=O)NCCCN2CCC(c3ccccn3)CC2)C(=O)N1,9.44
COCC1=C(C(=O)OC)[C@H](c2ccc(F)c(F)c2)N(C(=O)N[C@@H]2CC[C@@H](N3CCC(C#N)(c4ccccc4)CC3)C2)C(=O)N1,9.43
COCC1=C(C(=O)OC)[C@H](c2ccc(F)c(F)c2)N(C(=O)N[C@@H]2CC[C@@H](N3CCC(c4ccccc4C#N)CC3)C2)C(=O)N1,9.34
COCC1=C(C(=O)OC)[C@H](c2ccc(F)c(F)c2)N(C(=O)N[C@@H]2CC[C@@H](N3CCC(c4ccccn4)CC3)C2)C(=O)N1,9.42
COCC1=C(C(=O)OC)[C@H](c2ccc(F)c(F)c2)N(C(=O)N[C@@H]2CC[C@@H](N3CCN(c4ccccc4C#N)CC3)C2)C(=O)N1,9.05
COCC1=C(C(=O)OC)[C@H](c2ccc(F)c(F)c2)N(C(=O)N[C@@H]2CC[C@H](N3CCC(C#N)(c4ccccc4)CC3)C2)C(=O)N1,9.0
COCC1=C(C(=O)OC)[C@H](c2ccc(F)c(F)c2)N(C(=O)N[C@@H]2CC[C@H](N3CCC(c4ccccc4C#N)CC3)C2)C(=O)N1,9.62
COCC1=C(C(=O)OC)[C@H](c2ccc(F)c(F)c2)N(C(=O)N[C@@H]2CC[C@H](N3CCC(c4ccccn4)CC3)C2)C(=O)N1,9.4
COCC1=C(C(=O)OC)[C@H](c2ccc(F)c(F)c2)N(C(=O)N[C@@H]2CC[C@H](N3CCN(c4ccccc4C#N)CC3)C2)C(=O)N1,8.8
COCC1=C(C(=O)OC)[C@H](c2ccc(F)c(F)c2)N(C(=O)N[C@H]2CC[C@@H](N3CCC(C#N)(c4ccccc4)CC3)C2)C(=O)N1,8.62
COCC1=C(C(=O)OC)[C@H](c2ccc(F)c(F)c2)N(C(=O)N[C@H]2CC[C@@H](N3CCC(c4ccccc4C#N)CC3)C2)C(=O)N1,9.22
COCC1=C(C(=O)OC)[C@H](c2ccc(F)c(F)c2)N(C(=O)N[C@H]2CC[C@@H](N3CCC(c4ccccn4)CC3)C2)C(=O)N1,8.33
COCC1=C(C(=O)OC)[C@H](c2ccc(F)c(F)c2)N(C(=O)N[C@H]2CC[C@@H](N3CCN(c4ccccc4C#N)CC3)C2)C(=O)N1,9.36
COCC1=C(C(=O)OC)[C@H](c2ccc(F)c(F)c2)N(C(=O)N[C@H]2CC[C@H](N3CCC(C#N)(c4ccccc4)CC3)C2)C(=O)N1,8.64
COCC1=C(C(=O)OC)[C@H](c2ccc(F)c(F)c2)N(C(=O)N[C@H]2CC[C@H](N3CCC(c4ccccc4C#N)CC3)C2)C(=O)N1,8.62
COCC1=C(C(=O)OC)[C@H](c2ccc(F)c(F)c2)N(C(=O)N[C@H]2CC[C@H](N3CCC(c4ccccn4)CC3)C2)C(=O)N1,8.08
COCC1=C(C(=O)OC)[C@H](c2ccc(F)c(F)c2)N(C(=O)N[C@H]2CC[C@H](N3CCN(c4ccccc4C#N)CC3)C2)C(=O)N1,8.32
COCC1=NC(C)=C(C(=O)OC)C(c2ccc(F)c(F)c2)N1CCCCCN1CCC(C#N)(c2ccccc2)CC1,9.4
COCCC(=O)NCCN1CCC[C@@H]1Cn1nc(Cc2ccc(Cl)cc2)c2ccccc2c1=O.O=CO,8.1
COCCCC(=O)N(C)CCN1CCC[C@@H]1Cn1nc(Cc2ccc(Cl)cc2)c2ccccc2c1=O.O=C(O)C(F)(F)F,7.5
COCCCC(=O)NCCN1CCC[C@@H]1Cn1nc(Cc2ccc(Cl)cc2)c2ccccc2c1=O.O=C(O)C(F)(F)F,7.3
COCCCOc1cc(C(=O)N(C[C@@H]2CNC[C@H]2OC(=O)NCc2ccccc2)C(C)C)ccc1OC,6.3
COCCN(C)c1ccc(C(=O)N2CCC(N3CCC[C@@H](C)C3)CC2)cn1,7.48
COCCN1CCC[C@@H]1Cn1nc(Cc2ccc(Cl)cc2)c2ccccc2c1=O,7.7
COCCN1CCC[C@@H]1Cn1nc(Cc2ccc(Cl)cc2)c2cccnc2c1=O,6.5
COCCN1CCC[C@@H]1Cn1nc(Cc2ccc(Cl)cc2)c2cnccc2c1=O,7.9
COCCN1CCC[C@@H]1Cn1nc(Cc2ccc(Cl)cc2)c2ncccc2c1=O,6.8
COCCNC(=O)CCCN1CCC[C@@H]1Cn1nc(Cc2ccc(Cl)cc2)c2ccccc2c1=O.Cl,8.2
COCCNc1ccc(C(=O)N2CCC(N3CCC[C@@H](C)C3)CC2)cn1,7.44
COCCNc1ccc(C(=O)N2CCC(N3CCc4ccc(F)cc4C3)CC2)cn1,7.89
COCCNc1ccc(C(=O)N2CCC(N3CCc4ccccc4C3)CC2)cn1,7.66
COCCOC(=O)C1(c2ccccc2)CCN(CCCNC(=O)C2=C(C)NC(C)=C(C(N)=O)C2c2ccc([N+](=O)[O-])cc2)CC1,8.27
COCCOCCOc1ccc(NC(=O)NCCCN2CCN(c3ccccc3OC)CC2)c(-c2ccccc2)c1,7.42
COCCc1cccc2c1CCC2c1ncc[nH]1,6.78
COCOc1ccccc1OCCNCC1COCC(c2ccccc2)(c2ccccc2)O1,6.55
COC[C@H]1CCCN1c1ccc(C(=O)N2CCC(N3CCC[C@@H](C)C3)CC2)cn1,7.96
COC[C@H]1CCCN1c1ccc(C(=O)N2CCC(N3CCc4ccccc4C3)CC2)cn1,7.19
COC[C@H]1CCCN1c1ncc(C(=O)N2CCC(N3CCC[C@@H](C)C3)CC2)cn1,7.39
COCc1c(Cl)ccc2c1CC[C@H]2c1ncc[nH]1,7.51
COCc1c(F)ccc2c1CC[C@H]2c1ncc[nH]1,7.21
COCc1cc(F)cc2c1CCC2c1ncc[nH]1,7.23
COCc1ccc(F)c2c1CCC2c1ncc[nH]1,6.18
COCc1cccc2c1CC[C@H]2c1ncc[nH]1,7.43
COCc1ccccc1C1CCc2nc[nH]c2C1,7.220000000000001
COCc1ccccc1C1Cc2nccn2C1,7.09
CO[C@H]1C[C@@H]2CC[C@@H](C)[C@@](O)(O2)C(=O)C(=O)N2CCCC[C@H]2C(=O)O[C@H]([C@H](C)C[C@@H]2CC[C@@H](O)[C@H](OC)C2)CC(=O)[C@H](C)/C=C(\C)[C@@H](O)[C@@H](OC)C(=O)[C@H](C)C[C@H](C)/C=C/C=C/C=C/1C,6.8
COc1c(C)c(C)c(O)c(C)c1CN(C)CCOc1cc(C)c(O)cc1C(C)C,9.4
COc1c(C)ccc2c1CCC2c1ncc[nH]1,6.78
COc1c(Cl)ccc2c1CCC2c1ncc[nH]1,6.35
COc1c(OCCF)cccc1C(=O)C1CCN(CCc2ccc(F)cc2)CC1,6.84
COc1c(OCCF)cccc1[C@H](O)C1CCN(CCc2ccc(F)cc2)CC1,6.47
COc1c[nH]c(=O)n(CCCN2CCN(c3ccc(F)cc3OCC(F)(F)F)CC2)c1=O,8.8
COc1cc(-c2ccccc2)ccc1OCCNC[C@@H]1COc2ccccc2O1.Cl,6.63
COc1cc(-c2ccccc2)ccc1OCCNC[C@H]1COc2ccccc2O1.Cl,7.06
COc1cc(Br)ccc1OCCNC(C)Cc1cc(C(N)=O)c2c(ccn2CCCO)c1,8.43
COc1cc(Br)ccc1OCCNC(C)Cc1cc2c(c(C(N)=O)c1)N(CCCO)CC2,8.54
COc1cc(C(C)=O)ccc1OCCCN1CCC(c2noc3cc(F)ccc23)CC1,8.52
COc1cc(C)ccc1OCCNC(C)Cc1cc2c(c(C(N)=O)c1)N(CCCO)CC2,8.12
COc1cc(Cl)ccc1OCCNC(C)Cc1cc(C(N)=O)c2c(ccn2CCCO)c1,7.81
COc1cc(Cl)ccc1OCCNC(C)Cc1cc2c(c(C(N)=O)c1)N(CCCO)CC2,8.09
COc1cc(F)ccc1OCCNC(C)Cc1cc(C(N)=O)c2c(ccn2CCCO)c1,8.1
COc1cc(F)ccc1OCCNC(C)Cc1cc2c(c(C(N)=O)c1)N(CCCO)CC2,8.34
COc1cc(N)c(Cl)cc1C(=O)NC1CCN(CCCOc2ccc(F)cc2)CC1OC,6.23
COc1cc(N2C(=O)c3ccc(C(=O)NCC(O)CN4CCN(c5ccccc5OC(C)C)CC4)cc3C2=O)cc(OC)c1OC,8.91
COc1cc(OC)cc(OCCNCC2COC(c3ccccc3)(c3ccccc3)O2)c1,6.52
COc1cc2[nH]c(=O)n(CCN3C[C@@H]4CCc5c(OC)cccc5[C@@H]4C3)c(=O)c2cc1OC,9.01
COc1cc2c(NC3CCN(C(C)C)CC3)nc(C3CCCCC3)nc2cc1OCCCN1CCCC1,6.3
COc1cc2c(cc1O)CCN1Cc3c(ccc(O)c3OC)C[C@@H]21,6.205
COc1cc2c(cc1OC)C1=NO[C@@H](CN3CCN(C/C(C)=C/c4ccc(F)cc4)CC3)[C@@H]1CO2,6.9
COc1cc2c(cc1OC)CN(c1cc(N)c3cc(OC)c(OC)cc3n1)CC2,10.4
COc1cc2c3c(c1OC)-c1cc4c(cc1CC3N(C)CC2)OCO4,8.7
COc1cc2c3c(c1OC)-c1cc4c(cc1C[C@@H]3N(C)CC2)OCO4,6.37
COc1cc2nc(N(C)CCCCCCN(C)C(=O)C3COc4ccccc4O3)nc(N)c2cc1OC,8.73
COc1cc2nc(N(C)CCCCCCN(C)C(=O)c3cccc(CN(C)C)c3)nc(N)c2cc1OC,9.49
COc1cc2nc(N(C)CCCCCCN(C)C(=O)c3ccco3)nc(N)c2cc1OC,9.78
COc1cc2nc(N(C)CCCNC(=O)C3CCCO3)nc(N)c2cc1OC,7.42
COc1cc2nc(N(C)CCSSCCN(C)C(=O)c3ccco3)nc(N)c2cc1OC,9.38
COc1cc2nc(N3CCC[C@@H](NC(=O)c4ccco4)C3)nc(N)c2cc1OC,6.96
COc1cc2nc(N3CCC[C@@H](NC4=CC(=O)c5ccccc5C4=O)C3)nc(N)c2cc1OC,6.92
COc1cc2nc(N3CCC[C@H](N)C3)nc(N)c2cc1OC,6.72
COc1cc2nc(N3CCC[C@H](NC(=O)[C@@H]4COc5ccccc5O4)C3)nc(N)c2cc1OC,7.48
COc1cc2nc(N3CCC[C@H](NC(=O)[C@H]4COc5ccccc5O4)C3)nc(N)c2cc1OC,7.74
COc1cc2nc(N3CCC[C@H](NC(=O)c4ccco4)C3)nc(N)c2cc1OC,9.2
COc1cc2nc(N3CCC[C@H](NC4=CC(=O)c5ccccc5C4=O)C3)nc(N)c2cc1OC,8.15
COc1cc2nc(N3CCN(C(=O)C(C)(C)C)[C@H]4CCCC[C@H]43)nc(N)c2cc1OC,8.18
COc1cc2nc(N3CCN(C(=O)C4CCCO4)CC3)nc(N)c2cc1OC,8.16
COc1cc2nc(N3CCN(C(=O)C4CCSS4)CC3)nc(N)c2cc1OC,9.09
COc1cc2nc(N3CCN(C(=O)C4COc5ccccc5O4)CC3)nc(N)c2cc1OC,8.495000000000001
COc1cc2nc(N3CCN(C(=O)C4COc5ccccc5O4)[C@@H]4CCCC[C@@H]43)nc(N)c2cc1OC,8.47
COc1cc2nc(N3CCN(C(=O)C4COc5ccccc5O4)[C@H]4CCCC[C@@H]43)nc(N)c2cc1OC,7.09
COc1cc2nc(N3CCN(C(=O)C4COc5ccccc5O4)[C@H]4CCCC[C@H]43)nc(N)c2cc1OC,8.510000000000002
COc1cc2nc(N3CCN(C(=O)CC(=O)c4ccccc4)CC3)nc(N)c2cc1OC,8.09
COc1cc2nc(N3CCN(C(=O)CC(c4ccccc4)c4ccccc4)CC3)nc(N)c2cc1OC,8.8
COc1cc2nc(N3CCN(C(=O)CC4CCSS4)CC3)nc(N)c2cc1OC,9.54
COc1cc2nc(N3CCN(C(=O)CCC(=O)c4ccccc4)CC3)nc(N)c2cc1OC,7.71
COc1cc2nc(N3CCN(C(=O)CCCCC4CCSS4)CC3)nc(N)c2cc1OC,8.85
COc1cc2nc(N3CCN(C(=O)COc4c(OC)cccc4C(C)C)CC3)nc(N)c2cc1OC,7.99
COc1cc2nc(N3CCN(C(=O)COc4c(OC)cccc4C(C)C)[C@H]4CCCC[C@H]43)nc(N)c2cc1OC,9.06
COc1cc2nc(N3CCN(C(=O)COc4c(OC)cccc4OC)CC3)nc(N)c2cc1OC,7.62
COc1cc2nc(N3CCN(C(=O)COc4ccccc4OC)CC3)nc(N)c2cc1OC,7.72
COc1cc2nc(N3CCN(C(=O)Cc4ccc5ccccc5c4)[C@H]4CCCC[C@H]43)nc(N)c2cc1OC,7.77
COc1cc2nc(N3CCN(C(=O)OCc4ccccc4)[C@@H]4CCCC[C@@H]43)nc(N)c2cc1OC,9.3
COc1cc2nc(N3CCN(C(=O)OCc4ccccc4)[C@H](C(=O)NC(C)(C)C)C3)nc(N)c2cc1OC,6.38
COc1cc2nc(N3CCN(C(=O)OCc4ccccc4)[C@H]4CCCC[C@H]43)nc(N)c2cc1OC,8.26
COc1cc2nc(N3CCN(C(=O)c4cc5ccc(O)cc5oc4=O)CC3)nc(N)c2cc1OC,8.545
COc1cc2nc(N3CCN(C(=O)c4ccc(Br)o4)[C@H]4CCCC[C@@H]43)nc(N)c2cc1OC.Cl,8.46
COc1cc2nc(N3CCN(C(=O)c4ccc(Br)o4)[C@H]4CCCC[C@H]43)nc(N)c2cc1OC,8.46
COc1cc2nc(N3CCN(C(=O)c4ccc(C(C)=O)o4)[C@H]4CCCC[C@@H]43)nc(N)c2cc1OC.Cl,7.59
COc1cc2nc(N3CCN(C(=O)c4ccc(C(C)=O)o4)[C@H]4CCCC[C@H]43)nc(N)c2cc1OC,7.59
COc1cc2nc(N3CCN(C(=O)c4ccc(C)o4)[C@H]4CCCC[C@@H]43)nc(N)c2cc1OC.Cl,7.63
COc1cc2nc(N3CCN(C(=O)c4ccc(C)o4)[C@H]4CCCC[C@H]43)nc(N)c2cc1OC,7.63
COc1cc2nc(N3CCN(C(=O)c4ccc[nH]4)[C@H]4CCCC[C@H]43)nc(N)c2cc1OC,7.98
COc1cc2nc(N3CCN(C(=O)c4ccccc4)[C@H]4CCCC[C@H]43)nc(N)c2cc1OC,8.38
COc1cc2nc(N3CCN(C(=O)c4ccccn4)[C@H]4CCCC[C@H]43)nc(N)c2cc1OC,7.31
COc1cc2nc(N3CCN(C(=O)c4ccco4)CC3)nc(N)c2cc1OC,9.23
COc1cc2nc(N3CCN(C(=O)c4ccco4)CC3)nc(N)c2cc1OC.Cl,8.79
COc1cc2nc(N3CCN(C(=O)c4ccco4)[C@@H]4CCCC[C@@H]43)nc(N)c2cc1OC,8.57
COc1cc2nc(N3CCN(C(=O)c4ccco4)[C@H]4CCCC[C@@H]43)nc(N)c2cc1OC,7.91
COc1cc2nc(N3CCN(C(=O)c4ccco4)[C@H]4CCCC[C@H]43)nc(N)c2cc1OC,7.91
COc1cc2nc(N3CCN(C(=O)c4cccs4)[C@H]4CCCC[C@H]43)nc(N)c2cc1OC,8.37
COc1cc2nc(N3CCN(C(=O)c4cn(-c5cc6ccc(O)cc6oc5=O)nn4)CC3)nc(N)c2cc1OC,8.745000000000001
COc1cc2nc(N3CCN(C(=S)Nc4ccc(-c5c6ccc(=O)cc-6oc6cc(O)ccc56)c(C(=O)O)c4)CC3)nc(N)c2cc1OC,8.195
COc1cc2nc(N3CCN(C(C)=O)[C@@H]4CCCC[C@@H]43)nc(N)c2cc1OC,8.04
COc1cc2nc(N3CCN(C(C)=O)[C@H]4CCCC[C@H]43)nc(N)c2cc1OC,6.65
COc1cc2nc(N3CCN(C4=CC(=O)c5ccccc5C4=O)CC3)nc(N)c2cc1OC,8.9
COc1cc2nc(N3CCN(c4ccco4)CC3)nc(N)c2cc1OC,8.86
COc1cc2nc3c(c(N)c2cc1OC)CC(CNC(=O)c1ccco1)C3,6.8
COc1cc2nc3c(c(N)c2cc1OC)CC(CNC(=O)c1ccoc1)C3,6.8
COc1cc2nc3c(c(N)c2cc1OC)CCC(CNC(=O)c1ccc(C(F)(F)F)cc1)C3,7.07
COc1cc2nc3c(c(N)c2cc1OC)CCC(CNC(=O)c1cccc(C(F)(F)F)c1)C3.Cl,7.5
COc1cc2nc3c(c(N)c2cc1OC)CCC(CNC(=O)c1ccccc1C(F)(F)F)C3,6.54
COc1cc2nc3c(c(N)c2cc1OC)CCC(CNC(=O)c1ccco1)C3,7.02
COc1cc2nc3c(c(N)c2cc1OC)CCC(CNC(=O)c1ccoc1)C3,6.305
COc1cc2nc3c(c(N)c2cc1OC)CCC(CNCCOc1c(OC)cccc1OC)C3,6.01
COc1cc2ncn(CCN3C[C@@H]4CCc5c(OC)cccc5[C@@H]4C3)c(=O)c2cc1OC,9.23
COc1ccc(-c2ccccc2)c(CNC(=O)NCCCN2CCN(c3ccccc3OC)CC2)c1,8.05
COc1ccc(-c2ccccc2)cc1OCCNC[C@@H]1COc2ccccc2O1.Cl,7.79
COc1ccc(-c2ccccc2)cc1OCCNC[C@H]1COc2ccccc2O1.Cl,8.25
COc1ccc(Br)cc1S(=O)(=O)N[C@H]1CC[C@@H](N2CCN(c3ccccc3OC(C)C)CC2)CC1,8.8
COc1ccc(Br)cc1S(=O)(=O)N[C@H]1CC[C@H](N2CCN(c3ccccc3OC(C)C)CC2)CC1,8.0
COc1ccc(C(=O)N2CCN(c3nc(N)c4cc(OC)c(OC)cc4n3)[C@@H]3CCCC[C@@H]32)o1,7.56
COc1ccc(C(=O)N2CCN(c3nc(N)c4cc(OC)c(OC)cc4n3)[C@H]3CCCC[C@@H]32)o1.Cl,7.56
COc1ccc(C(F)(F)F)cc1S(=O)(=O)N[C@H]1CC[C@@H](N2CCN(c3ccccc3OC(C)C)CC2)CC1,7.44
COc1ccc(C(F)(F)F)cc1S(=O)(=O)N[C@H]1CC[C@H](N2CCN(c3ccccc3OC(C)C)CC2)CC1,7.6
COc1ccc(C)cc1S(=O)(=O)N[C@H]1CC[C@@H](N2CCN(c3ccccc3OC(C)C)CC2)CC1,7.75
COc1ccc(C)cc1S(=O)(=O)N[C@H]1CC[C@H](N2CCN(c3ccccc3OC(C)C)CC2)CC1,9.05
COc1ccc(C2(c3ccccc3)CCN(CCCNC(=O)C3=C(COCCN)NC(C)=C(C(N)=O)C3c3ccc([N+](=O)[O-])cc3)CC2)cc1,8.2
COc1ccc(C2Cc3nccn3C2)cc1,6.03
COc1ccc(CC(C)(C)NC[C@H](O)c2cc(O)cc3c2OCC(=O)N3)cc1,7.26
COc1ccc(CCCN2CCC(CCC(=O)c3cc(Cl)c(N)c4c3OCCO4)CC2)cc1OC,6.5
COc1ccc(CCN(CCCc2ccccc2)CCc2ccc3c(c2)OCO3)cc1OC,6.48
COc1ccc(CCN2CCC(Nc3nc4ccccc4n3Cc3ccc(F)cc3)CC2)cc1,6.55
COc1ccc(CCN2CCC(c3nc(COCC(F)(F)F)c(-c4ccc(F)cc4)o3)CC2)cc1S(N)(=O)=O,9.7
COc1ccc(CCN2CCN(c3ccccc3OC(C)C)CC2)cc1,8.65
COc1ccc(CCN2CCN(c3ccccc3OC(C)C)CC2)cc1OC,8.7
COc1ccc(CCNCC2CCc3ccccc3C2)cc1,8.379999999999999
COc1ccc(COc2ccccc2OCCNCCOc2c(OC)cccc2OC)cc1,8.7
COc1ccc(C[C@@H](C)NCCOc2ccccc2OC(C)C)cc1S(N)(=O)=O,9.47
COc1ccc(C[C@@H](C)NCCOc2ccccc2OCC(F)(F)F)cc1S(N)(=O)=O,9.22
COc1ccc(C[C@@H](C)NCCOc2ccccc2OCc2ccccc2)cc1S(N)(=O)=O,9.46
COc1ccc(C[C@@H](C)NC[C@@H]2Oc3ccccc3O[C@@H]2C)cc1S(N)(=O)=O,7.94
COc1ccc(C[C@@H](C)NC[C@H](O)c2ccc(O)c(NC=O)c2)cc1,6.455
COc1ccc(C[C@@H](C)NC[C@H]2Oc3ccccc3O[C@H]2C)cc1S(N)(=O)=O,7.72
COc1ccc(C[C@H](C)CN2C[C@@H]3CCCC[C@@H]3[C@H](C(=O)N3CCN(c4ccc(F)c(F)c4)CC3)C2)cn1.O=C(O)/C=C/C(=O)O,6.16
COc1ccc(Cc2nn(C[C@H]3CCCN3C)c(=O)c3ccccc23)cc1,6.9
COc1ccc(Cc2nn(C[C@H]3CCCN3CCCCc3ccc(OCCCN4CCCCCC4)cc3)c(=O)c3ccccc23)cc1,7.2
COc1ccc(Cl)cc1N1CCN(CCCCN2C(=O)CC(C)(c3ccccc3)CC2=O)CC1,7.02
COc1ccc(Cl)cc1N1CCN(CCCCN2C(=O)CC(c3ccccc3)CC2=O)CC1,7.44
COc1ccc(Cl)cc1N1CCN(CCCCNc2c(C(C)=O)c(C)nn(C)c2=O)CC1,8.52
COc1ccc(Cl)cc1N1CCN(CCCN2C(=O)CC(C)(c3ccccc3)CC2=O)CC1,7.46
COc1ccc(Cl)cc1N1CCN(CCCN2C(=O)CC(c3ccccc3)CC2=O)CC1,6.72
COc1ccc(Cl)cc1N1CCN(CCCNc2c(C(C)=O)c(-c3ccccc3)nn(C)c2=O)CC1,9.36
COc1ccc(Cl)cc1N1CCN(CCCNc2c(C(C)=O)c(C)nn(C)c2=O)CC1,9.28
COc1ccc(Cl)cc1N1CCN(CCCNc2cc(-c3ccccc3)nn(C)c2=O)CC1,8.7
COc1ccc(Cl)cc1N1CCN(CCCNc2nccc(C(N)=O)n2)CC1,8.649999999999999
COc1ccc(Cl)cc1N1CCN(CCNc2c(C(C)=O)c(-c3ccccc3)nn(C)c2=O)CC1,9.55
COc1ccc(Cl)cc1N1CCN(CCNc2cc(-c3ccccc3)nn(C)c2=O)CC1,9.0
COc1ccc(Cl)cc1N1CCN(CCn2c(=O)[nH]c3c([nH]c4ccccc43)c2=O)CC1,8.08
COc1ccc(Cl)cc1N1CCN(CCn2c(=O)[nH]c3c(sc4ccccc43)c2=O)CC1,7.27
COc1ccc(Cl)cc1N1CCN(CCn2c(C)nc3c([nH]c4ccccc43)c2=O)CC1,8.88
COc1ccc(Cl)cc1N1CCN(CCn2c(C)nc3c(sc4ccccc43)c2=O)CC1,8.46
COc1ccc(Cl)cc1NC(=O)NC1CCC(N2CCN(c3ccccc3OC(C)C)CC2)CC1,7.234999999999999
COc1ccc(Cl)cc1S(=O)(=O)N[C@H]1CC[C@@H](N2CCC(c3ccccc3OC3CC3)CC2)CC1,8.89
COc1ccc(Cl)cc1S(=O)(=O)N[C@H]1CC[C@@H](N2CCC(c3ccccc3OCC(F)(F)F)CC2)CC1,8.21
COc1ccc(Cl)cc1S(=O)(=O)N[C@H]1CC[C@@H](N2CCN(c3ccccc3OC(C)C)CC2)CC1,8.48
COc1ccc(Cl)cc1S(=O)(=O)N[C@H]1CC[C@@H](N2CCN(c3ccccc3OCC3CC3)CC2)CC1,7.72
COc1ccc(Cl)cc1S(=O)(=O)N[C@H]1CC[C@H](N2CCC(c3ccccc3OC3CC3)CC2)CC1,8.35
COc1ccc(Cl)cc1S(=O)(=O)N[C@H]1CC[C@H](N2CCC(c3ccccc3OCC(F)(F)F)CC2)CC1,8.0
COc1ccc(Cl)cc1S(=O)(=O)N[C@H]1CC[C@H](N2CCN(c3ccccc3OC(C)C)CC2)CC1,8.42
COc1ccc(F)cc1OCCNC(C)Cc1cc(C(N)=O)c2c(ccn2CCCO)c1,9.52
COc1ccc(F)cc1OCCNC(C)Cc1cc2c(c(C(N)=O)c1)N(CCCO)CC2,8.54
COc1ccc(F)cc1S(=O)(=O)N[C@H]1CC[C@@H](N2CCN(c3ccccc3OC(C)C)CC2)CC1,8.22
COc1ccc(F)cc1S(=O)(=O)N[C@H]1CC[C@H](N2CCN(c3ccccc3OC(C)C)CC2)CC1,7.96
COc1ccc(N2C(=O)c3ccc(C(=O)NCC(O)CN4CCN(c5ccccc5OC(C)C)CC4)cc3C2=O)cc1,9.11
COc1ccc(N2C(=O)c3ccc(C(=O)NCC(O)CN4CCN(c5ccccc5OC(C)C)CC4)cc3C2=O)cc1OC,9.01
COc1ccc(N2C(=O)c3ccc(C(=O)NCCCN4CCN(c5ccccc5OC(C)C)CC4)cc3C2=O)cc1,9.96
COc1ccc(N2C(=O)c3ccc(C(=O)NC[C@@H](O)CN4CCN(c5ccccc5OC(C)C)CC4)cc3C2=O)cc1,8.68
COc1ccc(N2C(=O)c3ccc(C(=O)NC[C@H](O)CN4CCN(c5ccccc5OC(C)C)CC4)cc3C2=O)cc1,9.64
COc1ccc(N2CCN(CCc3ccc(CN4C(=O)c5ccccc5C4=O)cc3)CC2)cc1,6.05
COc1ccc(N2CCN(CCc3ccc(COc4ccc5c(c4)CCCC5)cc3)CC2)cc1.Cl.Cl,7.24
COc1ccc(NC(=O)NC2CCC(N3CCN(c4ccccc4OC(C)C)CC3)CC2)c(OC)c1,7.045
COc1ccc(OC)c(C(O)C(C)N)c1,6.91
COc1ccc(OC)c(S(=O)(=O)N[C@H]2CC[C@@H](N3CCN(c4ccccc4OC(C)C)CC3)CC2)c1,8.06
COc1ccc(OC)c(S(=O)(=O)N[C@H]2CC[C@H](N3CCN(c4ccccc4OC(C)C)CC3)CC2)c1,7.77
COc1ccc(OC)c2c1CC1C2[C@@H]1N,6.47
COc1ccc(OC)c2c1CCC(N)C2,6.92
COc1ccc(OC)c2c1CC[C@@H]1NCCCC21,6.7
COc1ccc(OC)c2c1CC[C@H]1NCCCC21,6.77
COc1ccc(OCCNCC2(F)CCN(C(=O)c3ccc(F)c(Cl)c3)CC2)nc1,6.4
COc1ccc(S(=O)(=O)NC2CCN(CCOc3ccccc3OC)CC2)cc1OC,6.72
COc1ccc(S(=O)(=O)NCC2CCN(CCOc3ccccc3OC)CC2)cc1OC,6.79
COc1ccc(S(=O)(=O)N[C@H]2CC[C@@H](N3CCC(c4cc(F)ccc4OC(C)C)CC3)CC2)cc1OC,8.48
COc1ccc(S(=O)(=O)N[C@H]2CC[C@@H](N3CCC(c4ccc(F)cc4OC(C)C)CC3)CC2)cc1OC,7.8
COc1ccc(S(=O)(=O)N[C@H]2CC[C@@H](N3CCC(c4ccccc4OC(C)C)CC3)CC2)cc1OC,8.7
COc1ccc(S(=O)(=O)N[C@H]2CC[C@@H](N3CCC(c4ccccc4OC4CC4)CC3)CC2)cc1OC,9.04
COc1ccc(S(=O)(=O)N[C@H]2CC[C@@H](N3CCC(c4ccccc4OCC(F)(F)F)CC3)CC2)cc1OC,8.74
COc1ccc(S(=O)(=O)N[C@H]2CC[C@@H](N3CCC(c4ccccc4OCC(F)F)CC3)CC2)cc1OC,7.92
COc1ccc(S(=O)(=O)N[C@H]2CC[C@@H](N3CCC(c4ccccc4OCCF)CC3)CC2)cc1OC,8.015
COc1ccc(S(=O)(=O)N[C@H]2CC[C@@H](N3CCN(c4ccccc4OC(C)C)CC3)CC2)cc1OC,8.7
COc1ccc(S(=O)(=O)N[C@H]2CC[C@@H](N3CCN(c4ccccc4OCC(F)(F)F)CC3)CC2)cc1OC,8.92
COc1ccc(S(=O)(=O)N[C@H]2CC[C@@H](N3CCN(c4ccccc4OCC4CC4)CC3)CC2)cc1OC,6.72
COc1ccc(S(=O)(=O)N[C@H]2CC[C@H](N3CCC(c4cc(F)ccc4OC(C)C)CC3)CC2)cc1OC,7.37
COc1ccc(S(=O)(=O)N[C@H]2CC[C@H](N3CCC(c4ccc(F)cc4OC(C)C)CC3)CC2)cc1OC,7.64
COc1ccc(S(=O)(=O)N[C@H]2CC[C@H](N3CCC(c4ccccc4OC(C)C)CC3)CC2)cc1OC,7.55
COc1ccc(S(=O)(=O)N[C@H]2CC[C@H](N3CCC(c4ccccc4OC4CC4)CC3)CC2)cc1OC,7.96
COc1ccc(S(=O)(=O)N[C@H]2CC[C@H](N3CCC(c4ccccc4OCC(F)(F)F)CC3)CC2)cc1OC,7.68
COc1ccc(S(=O)(=O)N[C@H]2CC[C@H](N3CCC(c4ccccc4OCC(F)F)CC3)CC2)cc1OC,7.51
COc1ccc(S(=O)(=O)N[C@H]2CC[C@H](N3CCC(c4ccccc4OCCF)CC3)CC2)cc1OC,7.16
COc1ccc(S(=O)(=O)N[C@H]2CC[C@H](N3CCN(c4ccccc4OC(C)C)CC3)CC2)cc1OC,7.64
COc1ccc(S(=O)(=O)N[C@H]2CC[C@H](N3CCN(c4ccccc4OCC(F)(F)F)CC3)CC2)cc1OC,7.27
COc1ccc(S(C)(=O)=O)c(NCC2=NCCN2)c1,7.85
COc1ccc(SC)c(NCC2=NCCN2)c1,7.78
COc1ccc([N+](=O)[O-])cc1S(=O)(=O)N[C@H]1CC[C@@H](N2CCN(c3ccccc3OC(C)C)CC2)CC1,8.37
COc1ccc([N+](=O)[O-])cc1S(=O)(=O)N[C@H]1CC[C@H](N2CCN(c3ccccc3OC(C)C)CC2)CC1,9.0
COc1ccc2[nH]c3c(c2c1)CC1c2cc(OCc4ccccc4)c(OC)cc2CCN1C3,6.9
COc1ccc2[nH]c3c(c2c1)CC1c2cc4c(cc2CCN1C3)OCO4,7.75
COc1ccc2[nH]c3c(c2c1)C[C@H]1c2cc4c(cc2CCN1C3)OCO4,7.89
COc1ccc2c(NCCCCCCCNc3ccnc4cc(OC)ccc34)ccnc2c1,6.59
COc1ccc2c(NCCNc3ccnc4cc(OC)ccc34)ccnc2c1,7.16
COc1ccc2c(c1)C(=O)N(CCCCN1CCC(n3c(=O)oc4ccccc43)CC1)S2(=O)=O,10.19
COc1ccc2c(c1)CCN(C1CCN(C(=O)c3ccc(N4CCC(OC)C4)nc3)CC1)C2,7.96
COc1ccc2c(c1)CCN1Cc3[nH]c4ccccc4c3CC21,6.26
COc1ccc2c(c1)N(C[C@H](C)CN(C)C)c1ccccc1S2,7.85
COc1ccc2c(c1)oc(=O)n2C1CCN(CCCCN2C(=O)c3ccccc3S2(=O)=O)CC1,6.3
COc1ccc2c(c1OCCNC[C@@H]1COc3ccccc3O1)CCCC2.Cl,7.94
COc1ccc2c(c1OCCNC[C@@H]1COc3ccccc3O1)NCC2.Cl.Cl,7.5
COc1ccc2c(c1OCCNC[C@@H]1COc3ccccc3O1)OCC2.Cl,7.77
COc1ccc2c(c1OCCNC[C@H]1COc3ccccc3O1)CCCC2.Cl,8.55
COc1ccc2c(c1OCCNC[C@H]1COc3ccccc3O1)NCC2.Cl.Cl,8.42
COc1ccc2c(c1OCCNC[C@H]1COc3ccccc3O1)OCC2.Cl,8.7
COc1ccc2c3c([nH]c2c1)CN1CCc2cc4c(cc2C1C3)OCO4,6.23
COc1ccc2cc[nH]c2c1OCCNC[C@@H]1COc2ccccc2O1,6.36
COc1ccc2cc[nH]c2c1OCCNC[C@H]1COc2ccccc2O1,6.75
COc1ccc2ccccc2c1OCCNC[C@@H]1COc2cc3c(cc2O1)CCCC3.Cl,6.49
COc1ccc2ccccc2c1OCCNC[C@@H]1COc2ccccc2O1.Cl,8.34
COc1ccc2ccccc2c1OCCNC[C@H]1COc2cc3c(cc2O1)CCCC3.Cl,7.18
COc1ccc2ccccc2c1OCCNC[C@H]1COc2ccccc2O1,8.8
COc1ccc2ccccc2c1OCCNC[C@H]1COc2ccccc2O1.Cl,8.8
COc1ccc2ccoc2c1OCCNC[C@@H]1COc2ccccc2O1.Cl,8.04
COc1ccc2ccoc2c1OCCNC[C@H]1COc2ccccc2O1.Cl,9.31
COc1ccc2nccc(NCCCCCCCNc3ccnc4ccc(OC)cc34)c2c1,6.5
COc1cccc(-c2ccccc2)c1OCCNC[C@@H]1COc2ccccc2O1.Cl,8.03
COc1cccc(-c2ccccc2)c1OCCNC[C@H]1COc2ccccc2O1.Cl,8.92
COc1cccc(C(=O)CCN[C@@H](C)[C@H](O)c2ccccc2)c1,6.69
COc1cccc(C)c1OCCNCCOc1ccccc1OCc1ccccc1,8.6
COc1cccc(C2CCC(N3CCN(c4ccccc4OC)CC3)CC2)c1,8.3
COc1cccc(C2CCC(N3CCN(c4ccccn4)CC3)CC2)c1,7.48
COc1cccc(C2CCC(NCCOc3ccccn3)CC2)c1,6.7
COc1cccc(C2Cc3nccn3C2)c1,6.24
COc1cccc(CCN2CCN(c3ccccc3OC(C)C)CC2)c1,8.56
COc1cccc(COc2ccccc2OCCNCCOc2c(OC)cccc2OC)c1,8.7
COc1cccc(Cl)c1OCCNCCOc1ccccc1OCc1ccccc1,8.6
COc1cccc(F)c1OC1CN(Cc2cnn(-c3ccccc3)c2C)C1,7.12
COc1cccc(N(NC2=NCCN2)c2ccc(C)cc2)c1,7.7
COc1cccc(N(NC2=NCCO2)c2ccc(C)cc2)c1,8.28
COc1cccc(N2CCN(CCCCn3ncc(=O)n(C)c3=O)CC2)c1,7.275
COc1cccc(OC)c1CCCNCCOc1ccccc1OCc1ccccc1,8.01
COc1cccc(OC)c1OCCNC1COCC(c2ccccc2)(c2ccccc2)O1,6.47
COc1cccc(OC)c1OCCNCC1CC(c2ccccc2)c2ccccc2C1=O,9.6
COc1cccc(OC)c1OCCNCC1CC(c2ccccc2)c2ccccc2S1,10.05
COc1cccc(OC)c1OCCNCC1COC(c2ccccc2)(c2ccccc2)O1,7.0
COc1cccc(OC)c1OCCNCC1COCC(c2ccccc2)(c2ccccc2)O1,6.47
COc1cccc(OC)c1OCCNCC1COc2ccccc2O1,9.37
COc1cccc(OC)c1OCCNCC1Cc2ccccc2C(c2ccccc2)C1,9.29
COc1cccc(OC)c1OCCNCC1Oc2ccccc2OC1c1ccc(C)cc1,8.39
COc1cccc(OC)c1OCCNCCOc1ccccc1Cc1ccccc1,9.4
COc1cccc(OC)c1OCCNCCOc1ccccc1OCc1ccc(C)cc1,8.7
COc1cccc(OC)c1OCCNCCOc1ccccc1OCc1ccc(Cl)cc1,9.6
COc1cccc(OC)c1OCCNCCOc1ccccc1OCc1ccc([N+](=O)[O-])cc1,8.9
COc1cccc(OC)c1OCCNCCOc1ccccc1OCc1cccc(C)c1,9.4
COc1cccc(OC)c1OCCNCCOc1ccccc1OCc1cccc(Cl)c1,9.6
COc1cccc(OC)c1OCCNCCOc1ccccc1OCc1cccc([N+](=O)[O-])c1,9.5
COc1cccc(OC)c1OCCNCCOc1ccccc1OCc1ccccc1,9.33
COc1cccc(OC)c1OCCNCCOc1ccccc1OCc1ccccc1C,8.8
COc1cccc(OC)c1OCCNCCOc1ccccc1OCc1ccccc1Cl,8.85
COc1cccc(OC)c1OCCNCCOc1ccccc1OCc1ccccc1[N+](=O)[O-],8.1
COc1cccc(OC)c1OCCNC[C@@H]1C(=O)c2ccccc2C[C@H]1c1ccccc1,8.06
COc1cccc(OC)c1OCCNC[C@@H]1COC(c2ccccc2)(c2ccccc2)CO1,7.05
COc1cccc(OC)c1OCCNC[C@@H]1COCC(c2ccccc2)(c2ccccc2)O1,6.625
COc1cccc(OC)c1OCCNC[C@@H]1COC[C@H](c2ccccc2)O1,6.33
COc1cccc(OC)c1OCCNC[C@@H]1CO[C@@H](c2ccccc2)CO1,6.29
COc1cccc(OC)c1OCCNC[C@@H]1COc2c(OC)cccc2O1.Cl,6.09
COc1cccc(OC)c1OCCNC[C@@H]1COc2cc3c(cc2O1)CCCC3.Cl,7.0
COc1cccc(OC)c1OCCNC[C@@H]1COc2cc3ccccc3cc2O1.Cl,6.99
COc1cccc(OC)c1OCCNC[C@@H]1COc2cccc(Cl)c2O1.Cl,8.25
COc1cccc(OC)c1OCCNC[C@@H]1COc2cccc(F)c2O1.Cl,7.74
COc1cccc(OC)c1OCCNC[C@@H]1COc2cccc(O)c2O1.Cl,7.18
COc1cccc(OC)c1OCCNC[C@@H]1COc2cccc(OC)c2O1.Cl,7.78
COc1cccc(OC)c1OCCNC[C@@H]1COc2ccccc2O1,7.95
COc1cccc(OC)c1OCCNC[C@@H]1COc2ccccc2O1.Cl,7.95
COc1cccc(OC)c1OCCNC[C@@H]1COc2ccccc2O1.O=C(O)C(=O)O,7.95
COc1cccc(OC)c1OCCNC[C@@H]1C[C@H](c2ccccc2)c2ccccc2O1,10.3
COc1cccc(OC)c1OCCNC[C@@H]1Oc2ccccc2O[C@H]1c1ccc(C)cc1,9.46
COc1cccc(OC)c1OCCNC[C@H]1COc2c(OC)cccc2O1.Cl,7.62
COc1cccc(OC)c1OCCNC[C@H]1COc2cc3c(cc2O1)CCCC3,7.6
COc1cccc(OC)c1OCCNC[C@H]1COc2cc3c(cc2O1)CCCC3.Cl,7.6
COc1cccc(OC)c1OCCNC[C@H]1COc2cc3ccccc3cc2O1,7.47
COc1cccc(OC)c1OCCNC[C@H]1COc2cc3ccccc3cc2O1.Cl,7.47
COc1cccc(OC)c1OCCNC[C@H]1COc2cccc(Cl)c2O1.Cl,9.05
COc1cccc(OC)c1OCCNC[C@H]1COc2cccc(F)c2O1.Cl,9.19
COc1cccc(OC)c1OCCNC[C@H]1COc2cccc(O)c2O1.Cl,8.66
COc1cccc(OC)c1OCCNC[C@H]1COc2cccc(OC)c2O1.Cl,9.04
COc1cccc(OC)c1OCCNC[C@H]1COc2ccccc2O1,9.39
COc1cccc(OC)c1OCCNC[C@H]1COc2ccccc2O1.Cl,9.39
COc1cccc(OC)c1OCCNC[C@H]1COc2ccccc2O1.O=C(O)C(=O)O,9.39
COc1cccc(OC)c1OCCNC[C@H]1CSc2ccccc2O1,9.7
COc1cccc(OC)c1OCCNC[C@H]1C[C@H](c2ccccc2)c2ccccc2S1,8.63
COc1cccc(OC)c1OCCN[C@H]1COC[C@H](c2ccccc2)O1,6.33
COc1cccc(OC)c1OCCN[C@H]1CO[C@H](c2ccccc2)CO1,6.29
COc1cccc(OC)c1OCCN[C@H]1C[C@@H](c2ccccc2)c2ccccc2O1,10.3
COc1cccc(OC)c1OCCN[C@H]1C[C@@H](c2ccccc2)c2ccccc2S1,10.075
COc1cccc(OC)c1OCCN[C@H]1C[C@H](c2ccccc2)c2ccccc2S1,8.63
COc1cccc(OC)c1SCCNCCOc1ccccc1OCc1ccccc1,8.5
COc1cccc(OC)c1[S+]([O-])CCNCCOc1ccccc1OCc1ccccc1,7.7
COc1cccc(OCCNCC2COC(c3ccccc3)(c3ccccc3)O2)c1,7.04
COc1cccc(OCCNCC2COC(c3ccccc3)(c3ccccc3)O2)c1OC,7.07
COc1cccc(SCCNCC2(F)CCN(C(=O)c3ccc(F)c(Cl)c3)CC2)c1,7.48
COc1cccc([N+](=O)[O-])c1OCCNCCOc1ccccc1OCc1ccccc1,8.95
COc1cccc2[nH]c3c(c12)CC1c2cc4c(cc2CCN1C3)OCO4,6.69
COc1cccc2c(CCCN3CCN(c4ccccn4)CC3)cccc12,8.79
COc1cccc2c(CCCNCCOc3ccccn3)cccc12,7.84
COc1cccc2c(NCCCCCCCNc3ccnc4c(OC)cccc34)ccnc12,7.13
COc1cccc2c(NCCNc3ccnc4c(OC)cccc34)ccnc12,6.71
COc1cccc2c1CCC2c1ncc[nH]1,7.5
COc1cccc2c1CCCC2CCCN1CCN(c2ccccn2)CC1,9.48
COc1cccc2c1CCCC2CCCNCCOc1ccccn1,9.26
COc1cccc2c1CC[C@H]1CN(CCn3c(=O)[nH]c4c(OC)c(OC)ccc4c3=O)C[C@@H]21,9.45
COc1cccc2c1CC[C@H]1CN(CCn3c(=O)[nH]c4c(sc5cccnc54)c3=O)C[C@@H]21,9.66
COc1cccc2c1CC[C@H]1CN(CCn3c(=O)[nH]c4cc(C#N)ccc4c3=O)C[C@@H]21,9.83
COc1ccccc1C1(C#N)CCN(CCCNC(=O)C(c2ccc(C)cc2)c2ccc(C)cc2)CC1,8.12
COc1ccccc1C1CCc2nc[nH]c2C1,6.84
COc1ccccc1C1Cc2nccn2C1,7.66
COc1ccccc1CCCNCC1COC(c2ccccc2)(c2ccccc2)O1,7.31
COc1ccccc1CCN1C2C3C4CC5C6C4C2C6C1(O)C53,6.33
COc1ccccc1CCN1CCC2(CC1)CC(=O)c1ccc(NS(C)(=O)=O)cc1O2,8.19
COc1ccccc1COc1ccccc1OCCNCCOc1c(OC)cccc1OC,8.7
COc1ccccc1N1C(=O)c2ccc(C(=O)NCC(O)CN3CCN(c4ccccc4OC(C)C)CC3)cc2C1=O,8.83
COc1ccccc1N1CCN(CC(O)CNC(=O)c2ccc3c(c2)C(=O)N(c2cccc(F)c2)C3=O)CC1,7.66
COc1ccccc1N1CCN(CC(O)COc2cccc3ccccc23)CC1,7.7
COc1ccccc1N1CCN(CC2CCC(c3ccccc3)(c3ccccc3)C2=O)CC1.O=C(O)C(=O)O,7.4
COc1ccccc1N1CCN(CC2CCC(c3ccccc3)(c3ccccc3)O2)CC1.O=C(O)C(=O)O,9.19
COc1ccccc1N1CCN(CC2COC(c3ccccc3)(c3ccccc3)O2)CC1.O=C(O)C(=O)O,9.58
COc1ccccc1N1CCN(CC2COC3(CCCCC3)O2)CC1,7.04
COc1ccccc1N1CCN(CC2COC3(CCN(C(=O)C4CCCCC4)CC3)O2)CC1,7.51
COc1ccccc1N1CCN(CC2COC3(CCN(C(=O)C4CCCN4)CC3)O2)CC1,7.93
COc1ccccc1N1CCN(CC2COC3(CCN(C(=O)NC(C)(C)C)CC3)O2)CC1,7.9
COc1ccccc1N1CCN(CC2COC3(CCN(C(=O)Nc4ccccc4)CC3)O2)CC1,7.92
COc1ccccc1N1CCN(CC2COC3(CCN(C(=O)c4ccc(C(F)(F)F)cc4)CC3)O2)CC1,7.99
COc1ccccc1N1CCN(CC2COC3(CCN(C(=O)c4ccccc4)CC3)O2)CC1,7.97
COc1ccccc1N1CCN(CC2COC3(CCN(C(=O)c4ccco4)CC3)O2)CC1,7.67
COc1ccccc1N1CCN(CC2COC3(CCN(C(C)=O)CC3)O2)CC1,7.22
COc1ccccc1N1CCN(CC2COC3(CCN(Cc4ccccc4)CC3)O2)CC1,8.17
COc1ccccc1N1CCN(CC2COC3(CCN(S(=O)(=O)c4ccc(C)cc4)CC3)O2)CC1,8.34
COc1ccccc1N1CCN(CC2COC3(CCN(S(=O)(=O)c4ccc(Cl)cc4)CC3)O2)CC1,8.19
COc1ccccc1N1CCN(CC2COC3(CCN(S(=O)(=O)c4ccc(OC(F)(F)F)cc4)CC3)O2)CC1,8.05
COc1ccccc1N1CCN(CC2COC3(CCN(S(=O)(=O)c4ccc([N+](=O)[O-])cc4)CC3)O2)CC1,8.28
COc1ccccc1N1CCN(CC2COC3(CCN(S(=O)(=O)c4cccc([N+](=O)[O-])c4)CC3)O2)CC1,8.52
COc1ccccc1N1CCN(CC2COC3(CCN(S(=O)(=O)c4ccccc4)CC3)O2)CC1,8.1
COc1ccccc1N1CCN(CC2COC3(CCN(S(=O)(=O)c4cccs4)CC3)O2)CC1,8.1
COc1ccccc1N1CCN(CC2COC3(CCN(S(C)(=O)=O)CC3)O2)CC1,7.73
COc1ccccc1N1CCN(CC2COC3(CCN(c4ccccc4)CC3)O2)CC1,8.19
COc1ccccc1N1CCN(CC2COC3(CCN(c4ccccn4)CC3)O2)CC1,7.75
COc1ccccc1N1CCN(CC2COC3(CCNCC3)O2)CC1,7.31
COc1ccccc1N1CCN(CC2COC3(CCOCC3)O2)CC1,7.77
COc1ccccc1N1CCN(CC2COC3(CCS(=O)(=O)CC3)O2)CC1,8.01
COc1ccccc1N1CCN(CC2COC3(CCSCC3)O2)CC1,8.07
COc1ccccc1N1CCN(CC2COCC(c3ccccc3)(c3ccccc3)O2)CC1,8.58
COc1ccccc1N1CCN(CC2CO[C@@H](c3cccc4ccccc34)O2)CC1,7.44
COc1ccccc1N1CCN(CC2CO[C@H](c3cccc4ccccc34)O2)CC1,8.1
COc1ccccc1N1CCN(CC2CO[C@H](c3ccccc3)O2)CC1,7.54
COc1ccccc1N1CCN(CC2CSC3(CCCCC3)O2)CC1,7.24
COc1ccccc1N1CCN(CC2CSC3(CCCCC3)S2)CC1,6.7
COc1ccccc1N1CCN(CC2OCC(c3ccccc3)(c3ccccc3)O2)CC1,9.58
COc1ccccc1N1CCN(CCCCCN2C(=O)CC(c3ccccc3)CC2=O)CC1,7.66
COc1ccccc1N1CCN(CCCCCOc2ccc3ccccc3c2)CC1,7.99
COc1ccccc1N1CCN(CCCCN2C(=O)CC(C)(c3ccccc3)CC2=O)CC1,7.575
COc1ccccc1N1CCN(CCCCN2C(=O)CC(c3ccc(Cl)cc3)CC2=O)CC1,7.17
COc1ccccc1N1CCN(CCCCN2C(=O)CC(c3ccc([N+](=O)[O-])cc3)CC2=O)CC1,7.68
COc1ccccc1N1CCN(CCCCN2C(=O)CC(c3ccccc3)CC2=O)CC1,8.67
COc1ccccc1N1CCN(CCCCN2C(=O)CC3(CCc4ccccc43)CC2=O)CC1,8.004999999999999
COc1ccccc1N1CCN(CCCCN2C(=O)c3ccccc3C2=O)CC1,9.145
COc1ccccc1N1CCN(CCCCNC(=O)C2CCCCC2)CC1,6.02
COc1ccccc1N1CCN(CCCCNC(=O)CC(C)C)CC1,6.38
COc1ccccc1N1CCN(CCCCNC(=O)CC2CCCCC2)CC1,7.18
COc1ccccc1N1CCN(CCCCNC(=O)N(C)c2ccccc2)CC1,6.94
COc1ccccc1N1CCN(CCCCNC(=O)N2CCOCC2)CC1,7.09
COc1ccccc1N1CCN(CCCCNC(=O)Nc2cccc(Cl)c2)CC1,8.3
COc1ccccc1N1CCN(CCCCNC(=O)c2ccc3ccccc3c2)CC1,8.04
COc1ccccc1N1CCN(CCCCNC(=O)c2ccc3ccccc3c2)CC1.Cl,7.98
COc1ccccc1N1CCN(CCCCNc2ccc3ccccc3n2)CC1,8.22
COc1ccccc1N1CCN(CCCCNc2ccccn2)CC1,7.64
COc1ccccc1N1CCN(CCCCNc2nccc3ccccc23)CC1,8.22
COc1ccccc1N1CCN(CCCCn2cc(CCCC(=O)O)c3ccccc32)CC1,7.68
COc1ccccc1N1CCN(CCCCn2ncc(=O)n(C)c2=O)CC1,8.17
COc1ccccc1N1CCN(CCCN/C(=N\C#N)c2ccccn2)CC1,7.7
COc1ccccc1N1CCN(CCCN2C(=O)CC(C)(c3ccccc3)CC2=O)CC1,7.99
COc1ccccc1N1CCN(CCCN2C(=O)CC(c3ccc(Cl)cc3)CC2=O)CC1,7.55
COc1ccccc1N1CCN(CCCN2C(=O)CC(c3ccc([N+](=O)[O-])cc3)CC2=O)CC1,7.85
COc1ccccc1N1CCN(CCCN2C(=O)CC(c3ccccc3)CC2=O)CC1,7.33
COc1ccccc1N1CCN(CCCN2C(=O)CC3(CCc4ccccc43)CC2=O)CC1,7.2
COc1ccccc1N1CCN(CCCNC(=O)CN2CCCCC2=O)CC1,7.01
COc1ccccc1N1CCN(CCCNC(=O)NCc2ccccc2-c2ccccc2)CC1,7.96
COc1ccccc1N1CCN(CCCNC(=O)NN(Cc2ccc(F)cc2)c2ccccc2)CC1,8.8
COc1ccccc1N1CCN(CCCNC(=O)NN(Cc2ccccc2)c2ccccc2)CC1,8.77
COc1ccccc1N1CCN(CCCNC(=O)Nc2ccccc2-c2ccc(-c3ccccc3)cc2)CC1,8.09
COc1ccccc1N1CCN(CCCNC(=O)Nc2ccccc2-c2ccccc2)CC1,8.15
COc1ccccc1N1CCN(CCCNC(=O)c2cccc3c(=O)c(C)c(-c4ccccc4)oc23)CC1,9.0
COc1ccccc1N1CCN(CCCNc2c(C(C)=O)c(-c3ccccc3)nn(C)c2=O)CC1,8.82
COc1ccccc1N1CCN(CCCNc2c(C(C)=O)c(C)nn(C)c2=O)CC1,9.05
COc1ccccc1N1CCN(CCCNc2c(C)c(=O)n(C)c(=O)n2C)CC1,8.92
COc1ccccc1N1CCN(CCCNc2cc(-c3ccccc3)nn(C)c2=O)CC1,8.59
COc1ccccc1N1CCN(CCCNc2cc(=O)n(C)c(=O)n2C)CC1,7.305
COc1ccccc1N1CCN(CCCNc2cc(O)nc(Nc3c(Cl)cccc3Cl)n2)CC1,8.44
COc1ccccc1N1CCN(CCCOc2ccc(C)cc2C)CC1.Cl,7.96
COc1ccccc1N1CCN(CCCOc2ccc3c(C)cc(=O)oc3c2)CC1,9.07
COc1ccccc1N1CCN(CCCSc2nnc(-c3ccccc3)n2C)CC1,7.31
COc1ccccc1N1CCN(CCCn2c(=O)[nH]c3scc(-c4ccccc4)c3c2=O)CC1,8.07
COc1ccccc1N1CCN(CCN(C(=O)C23C4C5C2C2C3C4C52CF)c2ccccn2)CC1,7.8
COc1ccccc1N1CCN(CCN(C(=O)C23C4C5C2C2C3C4C52I)c2ccccn2)CC1,7.11
COc1ccccc1N1CCN(CCN(C(=O)C23CCC(CF)(CC2)C3)c2ccccn2)CC1,7.44
COc1ccccc1N1CCN(CCN(C(=O)C23CCC(CF)(CC2)CC3)c2ccccn2)CC1,7.13
COc1ccccc1N1CCN(CCN(C(=O)C2CCCCC2)c2ccccn2)CC1,7.73
COc1ccccc1N1CCN(CCN(C(=O)C2CCCCC2)c2ccccn2)CC1.Cl,7.73
COc1ccccc1N1CCN(CCN(C(=O)C2CCCCC2)c2ccccn2)CC1.Cl.Cl.Cl,7.7
COc1ccccc1N1CCN(CCN(C(=O)c2ccc(F)c(C)c2)c2ccccn2)CC1,7.89
COc1ccccc1N1CCN(CCN(C(=O)c2ccc([18F])c(C)c2)c2ccccn2)CC1,7.88
COc1ccccc1N1CCN(CCN(C(=O)c2ccc([18F])cc2)c2ccccn2)CC1,6.82
COc1ccccc1N1CCN(CCN2C(=O)CC3(CCCC3)CC2=O)CC1,6.42
COc1ccccc1N1CCN(CCN2C(=O)CC3(CCCC3)CC2=O)CC1.Cl.Cl,6.6
COc1ccccc1N1CCN(CCN2C(=O)c3ccccc3C(C)(C)C2=O)CC1,9.0
COc1ccccc1N1CCN(CCN2C=CC3(CCCC3)CC2=O)CC1,7.63
COc1ccccc1N1CCN(CCNC(=O)c2ccccn2)CC1,7.7
COc1ccccc1N1CCN(CCNC(=O)c2ccncc2)CC1,7.7
COc1ccccc1N1CCN(CCNc2c(C(=O)C(C)C)c(-c3ccccc3)nn(C)c2=O)CC1,9.74
COc1ccccc1N1CCN(CCNc2c(C(C)=O)c(-c3ccccc3)nn(C)c2=O)CC1,9.2
COc1ccccc1N1CCN(CCNc2c(C(C)=O)c(C)nn(C)c2=O)CC1,8.64
COc1ccccc1N1CCN(CCNc2cc(-c3ccccc3)nn(C)c2=O)CC1,9.66
COc1ccccc1N1CCN(CCNc2cc(C)nn(C)c2=O)CC1,7.73
COc1ccccc1N1CCN(CCNc2ccc3c4c(=O)n(C)nc(Cl)c4cn3n2)CC1,8.96
COc1ccccc1N1CCN(CCOCCOc2c(C)cc(C)cc2C)CC1.Cl.Cl,7.82
COc1ccccc1N1CCN(CCOCCOc2cc(C)cc(C)c2C)CC1.Cl.Cl,7.85
COc1ccccc1N1CCN(CCc2ccc(CN3C(=O)c4ccccc4C3=O)cc2)CC1,7.52
COc1ccccc1N1CCN(CCc2ccc3c(c2)OCO3)CC1,8.46
COc1ccccc1N1CCN(CCc2ccccc2)CC1,7.5
COc1ccccc1N1CCN(CCn2c(=O)[nH]c3c([nH]c4ccccc43)c2=O)CC1,9.57
COc1ccccc1N1CCN(CCn2c(=O)[nH]c3c(sc4ccc(NC(=O)CCC(=O)NCc5ccccc5)cc43)c2=O)CC1,8.96
COc1ccccc1N1CCN(CCn2c(=O)[nH]c3c(sc4ccc(NC(=O)CCCC(=O)N(C)Cc5ccccc5)cc43)c2=O)CC1,9.03
COc1ccccc1N1CCN(CCn2c(=O)[nH]c3c(sc4ccc(NC(=O)CCCC(=O)NCCc5ccccc5)cc43)c2=O)CC1,8.79
COc1ccccc1N1CCN(CCn2c(=O)[nH]c3c(sc4ccc(NC(=O)CCCC(=O)NCc5ccccc5)cc43)c2=O)CC1,9.49
COc1ccccc1N1CCN(CCn2c(=O)[nH]c3c(sc4ccc(NC(=O)CCCCc5ccccc5)cc43)c2=O)CC1,8.28
COc1ccccc1N1CCN(CCn2c(=O)[nH]c3c(sc4ccc(NC(=O)CCCN(C)C)cc43)c2=O)CC1,8.77
COc1ccccc1N1CCN(CCn2c(=O)[nH]c3c(sc4ccc(NC(=O)CCCN(C)Cc5ccccc5)cc43)c2=O)CC1,8.16
COc1ccccc1N1CCN(CCn2c(=O)[nH]c3c(sc4ccc(NC(=O)CCCc5ccccc5)cc43)c2=O)CC1,8.15
COc1ccccc1N1CCN(CCn2c(=O)[nH]c3c(sc4ccc(NC(=O)Cc5ccccc5)cc43)c2=O)CC1,8.83
COc1ccccc1N1CCN(CCn2c(=O)[nH]c3c(sc4ccc(NC(=O)c5ccccc5)cc43)c2=O)CC1,8.96
COc1ccccc1N1CCN(CCn2c(=O)[nH]c3c(sc4ccccc43)c2=O)CC1,8.48
COc1ccccc1N1CCN(CCn2c(=O)[nH]c3sc(-c4ccccc4)cc3c2=O)CC1,9.06
COc1ccccc1N1CCN(CCn2c(=O)[nH]c3sc(C)c(-c4ccccc4)c3c2=O)CC1,8.58
COc1ccccc1N1CCN(CCn2c(=O)[nH]c3scc(-c4cccc(C)c4)c3c2=O)CC1,8.38
COc1ccccc1N1CCN(CCn2c(=O)[nH]c3scc(-c4ccccc4)c3c2=O)CC1,8.585
COc1ccccc1N1CCN(CCn2c(=O)[nH]c3sccc3c2=O)CC1,9.46
COc1ccccc1N1CCN(CCn2c(=O)c3c(-c4ccccc4)csc3n(C)c2=O)CC1,8.51
COc1ccccc1N1CCN(CCn2c(C)nc3c(sc4ccc(NC(=O)CCCC(=O)NCCc5ccccc5)cc43)c2=O)CC1,9.04
COc1ccccc1N1CCN(CCn2c(C)nc3c(sc4ccc(NC(=O)CCCC(=O)NCc5ccccc5)cc43)c2=O)CC1,8.45
COc1ccccc1N1CCN(CCn2c(C)nc3c(sc4ccc(NC(=O)CCCNC(=O)Cc5ccccc5)cc43)c2=O)CC1,9.0
COc1ccccc1N1CCN(CCn2c(C)nc3c(sc4ccc(NC(=O)Cc5ccccc5)cc43)c2=O)CC1,8.47
COc1ccccc1N1CCN(CCn2c(C)nc3c(sc4ccc(NC(=O)c5ccccc5)cc43)c2=O)CC1,8.41
COc1ccccc1N1CCN(CCn2c(C)nc3c(sc4ccccc43)c2=O)CC1,8.83
COc1ccccc1N1CCN(CCn2c(C)nc3c4ccccc4nc-3c2O)CC1,8.52
COc1ccccc1N1CCN(CCn2nc(-c3ccccc3)c(C(C)=O)c(N)c2=O)CC1,8.32
COc1ccccc1N1CCN(CCn2nc(-c3ccccc3)c3c(C)onc3c2=O)CC1,8.85
COc1ccccc1N1CCN(C[C@@H]2CO[C@@](CN3C(=O)CC4(CCCC4)CC3=O)(c3ccccc3)O2)CC1,8.0
COc1ccccc1N1CCN(C[C@@H]2CO[C@@](CN3C(=O)CCC3=O)(c3ccccc3)O2)CC1,7.39
COc1ccccc1N1CCN(C[C@@H]2CO[C@@](CN3C(=O)CCCC3=O)(c3ccccc3)O2)CC1,7.67
COc1ccccc1N1CCN(C[C@@H]2CO[C@@](CN3CCCCC3=O)(c3ccccc3)O2)CC1,7.94
COc1ccccc1N1CCN(C[C@@H]2CO[C@@](CN3CCCCCC3=O)(c3ccccc3)O2)CC1,7.57
COc1ccccc1N1CCN(C[C@@H]2CO[C@](CN3CCCC3=O)(c3ccccc3)O2)CC1,7.9
COc1ccccc1N1CCN(C[C@H]2CCC(c3ccccc3)(c3ccccc3)[C@@H]2O)CC1.O=C(O)C(=O)O,7.35
COc1ccccc1N1CCN(C[C@H]2CCC(c3ccccc3)(c3ccccc3)[C@H]2O)CC1.O=C(O)C(=O)O,7.41
COc1ccccc1N1CCN(C[C@H]2CO[C@@](CN3C(=O)CC4(CCCC4)CC3=O)(c3ccccc3)O2)CC1,8.69
COc1ccccc1N1CCN(C[C@H]2CO[C@@](CN3C(=O)CCC3=O)(c3ccccc3)O2)CC1,8.54
COc1ccccc1N1CCN(C[C@H]2CO[C@@](CN3C(=O)CCCC3=O)(c3ccccc3)O2)CC1,8.18
COc1ccccc1N1CCN(C[C@H]2CO[C@@](CN3CCCCC3=O)(c3ccccc3)O2)CC1,9.06
COc1ccccc1N1CCN(C[C@H]2CO[C@@](CN3CCCCCC3=O)(c3ccccc3)O2)CC1,9.2
COc1ccccc1N1CCN(C[C@H]2CO[C@](CN3CCCC3=O)(c3ccccc3)O2)CC1,8.86
COc1ccccc1N1CCN(C[C@H]2OCCOC2(c2ccccc2)c2ccccc2)CC1,6.45
COc1ccccc1N1CCN(Cc2ccc(Br)s2)CC1,6.89
COc1ccccc1N1CCN(Cc2ccc(C=O)s2)CC1,6.24
COc1ccccc1N1CCN(Cc2ccc(CN3CCCC3=O)s2)CC1,7.4
COc1ccccc1N1CCN(Cc2ccc(CN3CCCCC3=O)s2)CC1,7.85
COc1ccccc1N1CCN(Cc2ccc(CN3CCCCC3O)s2)CC1,6.38
COc1ccccc1N1CCN(Cc2ccc(CN3CCCCCC3=O)s2)CC1,7.75
COc1ccccc1N1CCN(Cc2ccc(CO)s2)CC1,6.7
COc1ccccc1N1CCN(c2c(C(C)=O)c(-c3ccccc3)nn(C)c2=O)CC1,6.79
COc1ccccc1NC(=O)NC1CCC(N2CCN(c3ccccc3OC(C)C)CC2)CC1,7.115
COc1ccccc1OCCN1CCC(CNS(=O)(=O)c2cc(Cl)ccc2F)CC1,6.83
COc1ccccc1OCCN1CCC(CNS(=O)(=O)c2cccc(Cl)c2)CC1,6.92
COc1ccccc1OCCN1CCC(CNS(=O)(=O)c2cccc(Cl)c2F)CC1,7.08
COc1ccccc1OCCN1CCC(CNS(=O)(=O)c2cncc3ccccc23)CC1,6.85
COc1ccccc1OCCN1CCC(NS(=O)(=O)c2cncc3ccccc23)CC1,7.0
COc1ccccc1OCCNC(C)Cc1cc(C(N)=O)c2c(ccn2CCCO)c1,8.36
COc1ccccc1OCCNC(C)Cc1cc2c(c(C(N)=O)c1)N(CCCO)CC2,8.32
COc1ccccc1OCCNC1COC(c2ccccc2)(c2ccccc2)CO1,7.13
COc1ccccc1OCCNCC(CO)OC(c1ccccc1)c1ccccc1.O=C(O)C(=O)O,7.08
COc1ccccc1OCCNCC(O)COc1cccc2[nH]c3ccccc3c12,7.71
COc1ccccc1OCCNCC(O)c1ccc(C)c(S(N)(=O)=O)c1,6.52
COc1ccccc1OCCNCC1(F)CCN(C(=O)c2ccc(Cl)c(Cl)c2)CC1,7.34
COc1ccccc1OCCNCC1(F)CCN(C(=O)c2ccc(F)c(Cl)c2)CC1,7.16
COc1ccccc1OCCNCC1CCC(c2ccccc2)(c2ccccc2)O1.O=C(O)C(=O)O,7.57
COc1ccccc1OCCNCC1CCOC(c2ccccc2)(c2ccccc2)O1.O=C(O)C(=O)O,7.61
COc1ccccc1OCCNCC1COC(c2ccccc2)(c2ccccc2)O1,7.71
COc1ccccc1OCCNCC1COC(c2ccccc2)(c2ccccc2)O1.O=C(O)C(=O)O,7.71
COc1ccccc1OCCNCC1COC(c2ccccc2)(c2ccccc2)OC1.O=C(O)C(=O)O,7.47
COc1ccccc1OCCNCC1COC2(CCCCC2)O1,6.64
COc1ccccc1OCCNCC1COCC(c2ccccc2)(c2ccccc2)O1,7.56
COc1ccccc1OCCNCC1CSC(c2ccccc2)(c2ccccc2)O1,7.68
COc1ccccc1OCCNCC1CSC(c2ccccc2)(c2ccccc2)S1,7.45
COc1ccccc1OCCNCC1CSC2(CCCCC2)O1,6.57
COc1ccccc1OCCNCC1CSC2(CCCCC2)S1,6.73
COc1ccccc1OCCNCCC1COC(c2ccccc2)(c2ccccc2)O1.O=C(O)C(=O)O,8.14
COc1ccccc1OCCNCCOC(c1ccccc1)c1ccccc1.O=C(O)C(=O)O,7.35
COc1ccccc1OCCNCCOc1ccccc1OCc1ccccc1,8.5
COc1ccccc1OCCNCC[C@@H]1CO[C@H](C(c2ccccc2)c2ccccc2)O1.O=C(O)C(=O)O,7.3
COc1ccccc1OCCNCC[C@H]1CO[C@H](C(c2ccccc2)c2ccccc2)O1.O=C(O)C(=O)O,7.22
COc1ccccc1OCCNC[C@@H]1COC(c2ccccc2)(c2ccccc2)CO1,7.13
COc1ccccc1OCCNC[C@@H]1COCC(c2ccccc2)(c2ccccc2)O1,7.67
COc1ccccc1OCCNC[C@@H]1COC[C@@H](c2ccccc2)O1,7.06
COc1ccccc1OCCNC[C@@H]1COC[C@H](c2ccccc2)O1,6.7
COc1ccccc1OCCNC[C@@H]1CO[C@@H](c2ccccc2)CO1,6.8
COc1ccccc1OCCNC[C@@H]1CO[C@H](C(c2ccccc2)c2ccccc2)O1.O=C(O)C(=O)O,6.01
COc1ccccc1OCCNC[C@@H]1CO[C@H](c2ccccc2)CO1,6.36
COc1ccccc1OCCNC[C@H]1CCC(c2ccccc2)(c2ccccc2)[C@@H]1O.O=C(O)C(=O)O,6.96
COc1ccccc1OCCNC[C@H]1COCC(c2ccccc2)(c2ccccc2)O1,6.59
COc1ccccc1OCCNC[C@H]1CO[C@H](C(c2ccccc2)c2ccccc2)O1.O=C(O)C(=O)O,7.51
COc1cccn2c(=O)c(CCN3CCc4oc5ccccc5c4C3)c(C)nc12,6.94
COc1cccnc1OCCNCC1(F)CCN(C(=O)c2ccc(F)c(Cl)c2)CC1,7.23
COc1ccnc(OCCNCC2(F)CCN(C(=O)c3ccc(F)c(Cl)c3)CC2)c1,6.11
COc1ccncc1S(=O)(=O)N[C@H]1CC[C@@H](N2CCN(c3ccccc3OC(C)C)CC2)CC1,8.31
COc1ccncc1S(=O)(=O)N[C@H]1CC[C@H](N2CCN(c3ccccc3OC(C)C)CC2)CC1,7.87
COc1n[nH]c2cc(OCCNC[C@H](O)c3cccc(NS(C)(=O)=O)c3)ccc12,6.6
COc1nc(C)nc(Cl)c1NC1=NCCN1,7.05
CS(=O)(=O)Cc1cccc2c1CCC2c1ncc[nH]1,7.08
CS(=O)(=O)Nc1c(Cl)ccc2c1CCCC2c1ncc[nH]1,7.37
CS(=O)(=O)Nc1c(O)ccc2c1CCCC2C1=NCCN1,7.845
CS(=O)(=O)Nc1c(O)ccc2c1CCC[C@H]2C1=NCCN1,8.25
CS(=O)(=O)Nc1ccc(F)c([C@@H](O)CN)c1,6.5
CS(=O)(=O)Nc1ccc2c(c1)OC1(CCN(CCc3cccc4ccccc34)CC1)CC2=O,7.7
CS(=O)(=O)Nc1cccc(-c2ccccc2[C@@H]2Cc3nccn3C2)c1,8.4
CS(=O)(=O)Nc1cccc(N2CCN(CCCCNC(=O)c3ccc4ccccc4c3)CC2)c1,6.8
CS(=O)(=O)Nc1cccc([C@@H](O)CNCCOc2ccc3c(C(F)(F)F)n[nH]c3c2)c1,6.09
CS(=O)(=O)Nc1cccc([C@@H](O)CNCCOc2ccc3c(CO)n[nH]c3c2)c1,7.48
CS(=O)(=O)Nc1cccc([C@@H](O)CNCCOc2ccc3c(Cl)n[nH]c3c2)c1,7.21
CS(=O)(=O)Nc1cccc2c1CCC2c1ncc[nH]1,7.16
CS(=O)(=O)Nc1cccc2c1CCCC2c1ncc[nH]1,6.63
CS(=O)(=O)c1c(F)cccc1NCC1=NCCN1,6.9399999999999995
CS(=O)(=O)c1cc(Cl)ccc1NCC1=NCCN1,6.3149999999999995
CS(=O)(=O)c1cc(F)ccc1NCC1=NCCN1,6.27
CS(=O)(=O)c1ccc(Cl)cc1NCC1=NCCN1,7.41
CS(=O)(=O)c1ccc(F)cc1NCC1=NCCN1,6.9350000000000005
CS(=O)(=O)c1ccc2c(c1)S(=O)(=O)N(CCCCN1CCC(n3c(=O)oc4ccccc43)CC1)C2=O,8.62
CS(=O)(=O)c1cccc(F)c1NCC1=NCCN1,6.88
CS(=O)(=O)c1ccccc1CCCNCCOc1cc(F)ccc1Cl,7.3
CS(=O)(=O)c1ccccc1CCNCCOc1cc(F)ccc1Cl,6.82
CS(=O)(=O)c1ccccc1N1CCN(CCc2ccc(CN3C(=O)c4ccccc4C3=O)cc2)CC1,7.33
CS(=O)(=O)c1ccccc1NCC1=NCCN1,7.3
CS(=O)(=O)c1ccccc1NCC1=NCCN1.Cl,6.74
CS(=O)(=O)c1ccccc1NCc1c[nH]cn1,6.9
CSc1c(F)cccc1NCC1=NCCN1,7.47
CSc1cc(F)ccc1NCC1=NCCN1,7.895
CSc1ccc(C(F)(F)F)cc1NCC1=NCCN1,7.105
CSc1ccc(C)cc1NCC1=NCCN1,8.82
CSc1ccc(Cl)cc1Cn1cc(Cl)cc(C(N)=O)c1=N.Cl,6.66
CSc1ccc(Cl)cc1NCC1=NCCN1,8.545
CSc1ccc(F)cc1NCC1=NCCN1,8.06
CSc1ccc2c(c1)C(=O)N(CCCCN1CCC(n3c(=O)oc4ccccc43)CC1)S2(=O)=O,10.24
CSc1ccc2c(c1)N(CCC1CCCCN1C)c1ccccc1S2,7.055
CSc1ccccc1NCC1=NCCN1,7.635
CSc1ccccc1NCC1=NCCN1.Cl,7.85
CSc1ccccc1NCc1c[nH]cn1,7.385
CSc1ccccc1OCCNCC1(F)CCN(C(=O)c2ccc(Cl)c(Cl)c2)CC1,7.12
CSc1ccccc1OCCNCC1(F)CCN(C(=O)c2ccc(F)c(Cl)c2)CC1,6.85
C[C@@H](Cc1cc2c(c(C(N)=O)c1)N(CCCO)CC2)NCCOc1cc(Cl)ccc1OCC(F)(F)F,7.2
C[C@@H](NC(=O)/N=C(\N)NCCCc1ncn[nH]1)c1ccccc1.Cl.Cl,7.66
C[C@@H](Oc1cc(-c2cnn(C3CCNCC3)c2)cnc1N)c1c(Cl)ccc(F)c1Cl,6.045
C[C@@H]([C@@H](O)c1ccc(O)cc1)N1CCC(Cc2ccccc2)CC1,6.28
C[C@@H]([C@H](O)c1ccc(O)cc1)N1CCC(Cc2ccccc2)CC1,6.85
C[C@@H]1CCCN(C2CCN(C(=O)c3ccc(N(C)Cc4c(F)cccc4F)nc3)CC2)C1,8.35
C[C@@H]1CCCN(C2CCN(C(=O)c3ccc(N4CCC(F)(F)CC4)nc3)CC2)C1,7.75
C[C@@H]1CCCN(C2CCN(C(=O)c3ccc(N4CCOCC4)nc3)CC2)C1,7.425
C[C@@H]1CCCN(C2CCN(C(=O)c3ccc(N4CCS(=O)(=O)CC4)nc3)CC2)C1,7.57
C[C@@H]1CCCN(C2CCN(C(=O)c3cnc(N4CC5(COC5)C4)nc3)CC2)C1,7.62
C[C@@H]1CCCN(C2CCN(C(=O)c3cnc(N4CCC(F)(F)CC4)nc3)CC2)C1,7.72
C[C@@H]1CCCN(C2CCN(C(=O)c3cnc(N4CCOCC4)nc3)CC2)C1,7.27
C[C@@H]1CCCN(C2CCN(C(=O)c3cnc(N4CCS(=O)(=O)CC4)cn3)CC2)C1,7.15
C[C@@H]1CCNC(=O)c2cc3ccc(C(=O)Nc4nc5ccccc5n4CCCN(C)C)cc3n21,6.04
C[C@@H]1OC(=O)N(C(=O)NCCCN2CCC(c3ccc(F)cc3)CC2)[C@@H]1c1ccc(F)c(F)c1,7.52
C[C@@H]1OC(=O)N(C(=O)NCCCN2CCC(c3ccc(F)cc3)CC2)[C@H]1c1ccc(F)c(F)c1,9.77
C[C@@]1(O)C(=O)N(CCCN2CCN(c3ccc(F)cc3OCC(F)(F)F)CC2)C(=O)N[C@@H]1O,8.3
C[C@H](Cc1cc2c(c(C(N)=O)c1)N(CCCO)CC2)NCCOc1cc(Cl)ccc1OCC(F)(F)F,8.57
C[C@H](Cc1cc2c(c(C(N)=O)c1)N(CCCO)CC2)NCCOc1ccccc1OCC(F)(F)F,8.72
C[C@H]([C@@H](O)c1ccc(O)cc1)N1CCC(Cc2ccccc2)CC1,7.285
C[C@H]([C@H](O)c1ccc(O)cc1)N1CCC(Cc2ccccc2)CC1,6.43
C[C@H](c1c[nH]cn1)c1cccc2ccccc12,6.35
C[C@H]1OC(=O)N(C(=O)NCCCN2CCC(c3ccc(F)cc3)CC2)[C@@H]1c1ccc(F)c(F)c1,7.89
C[C@H]1OC(=O)N(C(=O)NCCCN2CCC(c3ccc(F)cc3)CC2)[C@H]1c1ccc(F)c(F)c1,9.05
C[C@]1(O)C(=O)N(CCCN2CCN(c3ccc(F)cc3OCC(F)(F)F)CC2)C(=O)N[C@H]1O,8.3
C[N+](C)(C)CCOC(=O)CCC(=O)OCC[N+](C)(C)C,6.18
C[N+](C)(CCOc1ccccc1)CC1COC(c2ccccc2)(c2ccccc2)O1,7.54
C[N+](C)(CCOc1ccccc1)CC1COC(c2ccccc2)(c2ccccc2)O1.O=C([O-])C(=O)O,7.47
C[S+]([O-])c1ccccc1NCC1=NCCN1.Cl,6.1
Cc1[nH]c(=O)n(CCCN2CCN(c3ccccc3OCC(F)(F)F)CC2)c(=O)c1C,10.4
Cc1[nH]c2ccccc2c1CCN1CCC2(CC1)CC(=O)c1ccc(NS(C)(=O)=O)cc1O2,8.1
Cc1c(-c2ccccc2)oc2c(C(=O)NCCCN3CCN(c4ccccc4OCCCO[N+](=O)[O-])CC3)cccc2c1=O,10.03
Cc1c(-c2ccccc2)oc2c(C(=O)NCCCN3CCN(c4ccccc4OCc4no[n+]([O-])c4C#N)CC3)cccc2c1=O,9.14
Cc1c(-c2ccccc2)oc2c(C(=O)NCCCN3CCN(c4ccccc4OCc4no[n+]([O-])c4C(N)=O)CC3)cccc2c1=O,8.74
Cc1c(-c2ccccc2)oc2c(C(=O)NCCCN3CCN(c4ccccc4OCc4no[n+]([O-])c4C)CC3)cccc2c1=O,9.8
Cc1c(NC2=NCCN2)cccc1-c1ccccc1,6.7
Cc1c(OCC2=NCCN2)ccc(Cl)c1NS(C)(=O)=O,7.6
Cc1c[nH]c(=O)n(CC(C)(C)CN2CCN(c3ccccc3OCC(F)(F)F)CC2)c1=O,8.4
Cc1c[nH]c(=O)n(CC2(CN3CCN(c4ccccc4OCC(F)(F)F)CC3)CC2)c1=O,9.1
Cc1c[nH]c(=O)n(CCCCN2CCN(c3ccc(F)cc3OCC(F)(F)F)CC2)c1=O,9.8
Cc1c[nH]c(=O)n(CCCN2CCN(c3ccc(F)cc3OCC(F)(F)F)CC2)c1=O,8.9
Cc1c[nH]c(=O)n(CCCN2CCN(c3ccccc3OCC(F)(F)F)CC2)c1=O,9.6
Cc1c[nH]c(=O)n(CCN2CCN(c3ccc(F)cc3OCC(F)(F)F)CC2)c1=O,9.3
Cc1cc(-c2ccccc2NCC2=NCCN2)on1,7.41
Cc1cc(-c2ccccc2OCC2=NCCN2)sn1,6.8
Cc1cc(=O)n(CCCN2CCN(c3ccc(F)cc3OCC(F)(F)F)CC2)c(=O)[nH]1,8.8
Cc1cc(Br)c(NC2=NCCN2)c2ccccc12,6.52
Cc1cc(C(C)(C)C)c(O)c(C)c1CC1=NCCN1,7.7
Cc1cc(C(C)(C)C)cc(C)c1CC1=NCCN1,7.84
Cc1cc(C)c(OCCNC(C)Cc2cc3c(c(C(N)=O)c2)N(CCCO)CC3)c(C)c1,7.24
Cc1cc(C)c(OCCOCCN2CCN(CCc3ccccc3)CC2)c(C)c1.Cl.Cl,6.11
Cc1cc(C)c2oc(=O)n(C3CCN(CCCCN4C(=O)c5ccccc5S4(=O)=O)CC3)c2c1,7.7
Cc1cc(C)n2c(=O)c(CCN3CCc4oc5ccccc5c4C3)c(C)nc2c1,6.62
Cc1cc(CCN2CCN(c3cccc(Cl)c3)CC2)n[nH]1,6.37
Cc1cc(OCCCN2CCN(c3ccccc3)CC2)ccc1Cl.Cl.Cl,7.03
Cc1cc2c(s1)Nc1ccccc1N=C2N1CCN(C)CC1,7.18
Cc1ccc(-c2ccccc2NCC2=NCCN2)n1C,7.3
Cc1ccc(-c2ccccc2NCC2=NCCN2)o1,8.57
Cc1ccc(-c2ccccc2NCC2=NCCN2)s1,7.44
Cc1ccc(-c2ccccc2OCC2=NCCN2)s1,7.6
Cc1ccc(/C(=C\CN2CCCC2)c2cccc(/C=C/C(=O)O)n2)cc1,6.15
Cc1ccc(C(C(=O)NCCCN2CCC(C#N)(c3ccccc3)CC2)c2ccc(C)cc2)cc1,8.14
Cc1ccc(C(C(=O)NCCCN2CCC(C#N)(c3ccccc3C(F)(F)F)CC2)c2ccc(C)cc2)cc1,7.66
Cc1ccc(C(C(=O)NCCCN2CCC(C#N)(c3ccccc3C)CC2)C(C)C)cc1,8.13
Cc1ccc(C(C(=O)NCCCN2CCC(C#N)(c3ccccc3C)CC2)c2ccc(C)cc2)cc1,8.89
Cc1ccc(C(C(=O)NCCCN2CCC(C#N)(c3ccccc3Cl)CC2)c2ccc(C)cc2)cc1,9.0
Cc1ccc(C(C(=O)NCCCN2CCC(C#N)(c3ccccn3)CC2)c2ccc(C)cc2)cc1,7.6
Cc1ccc(C(C(=O)NCCCN2CCC(C(N)=O)(c3ccccc3)CC2)c2ccc(C)cc2)cc1,6.24
Cc1ccc(C(C(=O)NCCCN2CCC(c3ccccc3)CC2)c2ccc(C)cc2)cc1,8.06
Cc1ccc(C(C(=O)NCCCN2CCC(c3ccccn3)CC2)c2ccc(C)cc2)cc1,7.57
Cc1ccc(C(C(=O)NCCCN2CCN(c3ccccc3)CC2)c2ccc(C)cc2)cc1,7.92
Cc1ccc(C(C(=O)NCCCN2CCN(c3ccccc3C)CC2)c2ccc(C)cc2)cc1,8.96
Cc1ccc(C(O)(C(=O)NCCCN2CCC(C#N)(c3ccccc3)CC2)c2ccc(C)cc2)cc1,8.24
Cc1ccc(C(O)(C(=O)NCCCN2CCC(C#N)(c3ccccc3C)CC2)c2ccc(C)cc2)cc1,8.7
Cc1ccc(C)c(N2CCN(CCN3C(=O)CC4(CCCC4)CC3=O)CC2)c1,7.02
Cc1ccc(C)c(OCCNC(C)Cc2cc3c(c(C(N)=O)c2)N(CCCO)CC3)c1C,6.49
Cc1ccc(C2(c3ccc(C)cc3)CC(=O)N(CC(O)CN3CCC(C#N)(c4ccccc4C)CC3)C2=O)cc1,8.01
Cc1ccc(C2(c3ccc(C)cc3)CC(=O)N(CCCN3CCC(C#N)(c4ccccc4C)CC3)C2=O)cc1,8.77
Cc1ccc(C2(c3ccc(C)cc3)CC(=O)N(CCCN3CCC(C#N)(c4ccccc4Cl)CC3)C2=O)cc1,9.32
Cc1ccc(C2(c3ccc(C)cc3)CC(=S)N(CCCN3CCC(C#N)(c4ccccc4Cl)CC3)C2=O)cc1,6.66
Cc1ccc(C2(c3ccc(C)cc3)OC(=O)N(CCCN3CCC(C#N)(c4ccccc4C)CC3)C2=O)cc1,7.11
Cc1ccc(C2CCN(Cc3ccc(Oc4ccc(F)c(F)c4)cc3)CC2)cc1NC(=O)C(C)C,6.0
Cc1ccc(CCn2c3c(c4cc(C)ccc42)CN(C)CC3)cc1,8.15
Cc1ccc(Cc2nn(C[C@H]3CCCN3C)c(=O)c3ccccc23)cc1,8.0
Cc1ccc(Cl)c(N2CCN(CCN3C(=O)CC4(CCCC4)CC3=O)CC2)c1,7.0
Cc1ccc(Cl)cc1N1CCN(CCc2ccc(CN3C(=O)c4ccccc4C3=O)cc2)CC1,7.46
Cc1ccc(N(C(=O)N(C)CCCN2CCC3(CC2)OCc2ccccc23)c2ccc(F)c(F)c2)cc1,6.33
Cc1ccc(N(C(=O)N(C)CCCN2CCC3(CCc4ccccc43)CC2)c2ccc(F)c(F)c2)cc1,6.64
Cc1ccc(N(C(=O)NCCCN2CCC3(CCc4ccccc43)CC2)c2ccc(C)cc2)cc1,6.27
Cc1ccc(N(C(=O)NCCCN2CCC3(CCc4ccccc43)CC2)c2ccc(F)c(F)c2)cc1,6.46
Cc1ccc(N(C(=O)NCCCN2CCC3(CCc4ccccc43)CC2)c2ccc(F)cc2)cc1,6.47
Cc1ccc(N(C(=O)NCCCN2CCC3(CCc4ccccc43)CC2)c2cccc(F)c2)cc1,6.31
Cc1ccc(N(CC2=NCCN2)c2cccc(O)c2)cc1,7.92
Cc1ccc(N(NC2=NCCN2)c2cccc(O)c2)cc1,7.57
Cc1ccc(N(NC2=NCCO2)c2cccc(O)c2)cc1,8.28
Cc1ccc(N2C(=O)c3ccc(C(=O)NCC(O)CN4CCN(c5ccccc5OC(C)C)CC4)cc3C2=O)cc1,9.18
Cc1ccc(N2C(=O)c3ccc(C(=O)NCCCN4CCN(c5ccccc5OC(C)C)CC4)cc3C2=O)cc1,9.8
Cc1ccc(N2C(=O)c3ccc(C(=O)NC[C@H](O)CN4CCN(c5ccccc5OC(C)C)CC4)cc3C2=O)cc1,9.54
Cc1ccc(N2CCN(CCc3ccc(CN4C(=O)c5ccccc5C4=O)cc3)CC2)cc1,8.69
Cc1ccc(NC(=O)C(C)C)cc1C1CCN(Cc2ccc(Oc3ccc(F)c(F)c3)cc2)CC1,6.75
Cc1ccc(OCC(F)(F)F)c(OCCNC(C)Cc2cc(C(N)=O)c3c(ccn3CCCO)c2)c1,8.66
Cc1ccc(OCC(F)(F)F)c(OCCN[C@@H](C)Cc2cc(C(N)=O)c3c(ccn3CCCO)c2)c1,6.34
Cc1ccc(OCC(F)(F)F)c(OCCN[C@H](C)Cc2cc(C(N)=O)c3c(ccn3CCCO)c2)c1,8.72
Cc1ccc(S(=O)(=O)N[C@H]2CC[C@@H](N3CCN(c4ccccc4OC(C)C)CC3)CC2)cc1Cl,7.96
Cc1ccc(S(=O)(=O)N[C@H]2CC[C@H](N3CCN(c4ccccc4OC(C)C)CC3)CC2)cc1Cl,8.82
Cc1ccc(S(C)(=O)=O)c(NCC2=NCCN2)c1,7.41
Cc1ccc2c(N3CCN(CCc4cccc5c4OCc4c(C(N)=O)ncn4-5)CC3)cccc2n1,8.56
Cc1ccc2c(NCCCCCCCNc3ccnc4cc(C)ccc34)ccnc2c1,6.95
Cc1ccc2c(NCCNc3ccnc4cc(C)ccc34)ccnc2c1,6.92
Cc1ccc2c(c1)C(=O)N(CCCCN1CCC(n3c(=O)oc4ccccc43)CC1)S2(=O)=O,10.0
Cc1ccc2c(c1)N1OC(CN(C)C)CC1c1ccccc1C2,7.37
Cc1ccc2c(c1)c1c(n2/C=C\c2ccccc2)CCN(C)C1,8.85
Cc1ccc2c(c1)c1c(n2CCc2ccc(C)nc2)CCN(C)C1,6.8
Cc1ccc2c(c1)c1c(n2CCc2ccccc2)CCN(C)C1,7.72
Cc1ccc2c(c1)oc(=O)n2C1CCN(CCCCN2C(=O)c3ccccc3S2(=O)=O)CC1,8.51
Cc1ccc2c(c1NS(C)(=O)=O)CCC2c1ncc[nH]1,7.48
Cc1ccc2nc(C)c(CCN3CCc4oc5ccccc5c4C3)c(=O)n2c1,6.54
Cc1ccc2nccc(NCCCCCCCNc3ccnc4ccc(C)cc34)c2c1,6.21
Cc1ccc2nccc(NCCNc3ccnc4ccc(C)cc34)c2c1,6.87
Cc1ccc2oc(=O)n(C3CCN(CCCCN4C(=O)c5ccccc5S4(=O)=O)CC3)c2c1,8.92
Cc1cccc(-c2ccccc2OCC2=NCCN2)n1,6.9
Cc1cccc(C(C)c2c[nH]cn2)c1C,6.96
Cc1cccc(C)c1OCCNC(C)Cc1cc2c(c(C(N)=O)c1)N(CCCO)CC2,7.66
Cc1cccc(C)c1OCCNCCOc1ccccc1OCc1ccccc1,8.1
Cc1cccc(Cc2nn(C[C@H]3CCCN3C)c(=O)c3ccccc23)c1,6.3
Cc1cccc(N2C(=O)c3ccc(C(=O)NCC(O)CN4CCN(c5ccccc5OC(C)C)CC4)cc3C2=O)c1,9.05
Cc1cccc(N2CCN(CCCCNC(=O)c3ccc4ccccc4c3)CC2)c1C,6.64
Cc1cccc(N2CCN(CCCCNc3ccccn3)CC2)c1C,7.4
Cc1cccc(N2CCN(CCc3ccc(COc4ccc5c(c4)CCCC5)cc3)CC2)c1.Cl.Cl,6.3
Cc1cccc(OCCNCC2(F)CCN(C(=O)c3ccc(F)c(Cl)c3)CC2)n1,6.96
Cc1cccc(OCCOCCN2CCN(CCc3ccccc3)CC2)c1C.Cl.Cl,7.44
Cc1cccc([C@H](C)c2c[nH]cn2)c1C,6.88
Cc1cccc([C@H](C)c2c[nH]cn2)c1C.Cl,6.13
Cc1cccc2c(NCCNc3ccnc4c(C)cccc34)ccnc12,8.14
Cc1cccc2c1OCC=C2c1c[nH]cn1,7.53
Cc1cccc2c1OCCC2c1c[nH]cn1,8.62
Cc1cccc2oc(=O)n(C3CCN(CCCCN4C(=O)c5ccccc5S4(=O)=O)CC3)c12,6.83
Cc1ccccc1C1(C#N)CCN(CCCNC(=O)C(c2ccc(Cl)cc2)C(C)C)CC1,8.19
Cc1ccccc1C1(C#N)CCN(CCCNC(=O)C(c2ccc(F)c(F)c2)C(C)C)CC1,8.7
Cc1ccccc1C1(C#N)CCN(CCCNC(=O)C(c2ccc(F)cc2)C(C)C)CC1,7.62
Cc1ccccc1C1(C#N)CCN(CCCNC(=O)C(c2cccc(F)c2)C(C)C)CC1,8.47
Cc1ccccc1CN1CCC(N2CCC(n3c(=O)[nH]c4ccccc43)CC2)CC1,7.96
Cc1ccccc1N1CCN(CCCCNC(=O)c2ccc3ccccc3c2)CC1,7.52
Cc1ccccc1N1CCN(CCCCNc2ccccn2)CC1,7.85
Cc1ccccc1N1CCN(CCc2ccc(CN3C(=O)c4ccccc4C3=O)cc2)CC1,6.64
Cc1ccccc1N1CCN(CCc2nnc3n2CCCC3)CC1,6.28
Cc1ccccc1OCCNC(C)Cc1cc2c(c(C(N)=O)c1)N(CCCO)CC2,7.84
Cc1ccccc1OCCNCC1COC(c2ccccc2)(c2ccccc2)O1,6.93
Cc1ccccc1OCCNCC1COCC(c2ccccc2)(c2ccccc2)O1,6.77
Cc1cccnc1-c1ccccc1NCC1=NCCN1,7.61
Cc1ccn2c(=O)c(CCN3CCc4oc5ccccc5c4C3)c(C)nc2c1,6.95
Cc1ccoc1-c1ccccc1OCC1=NCCN1,7.98
Cc1ccsc1-c1ccccc1NCC1=NCCN1,9.07
Cc1cn(CCCN2CCN(c3ccccc3OCC(F)(F)F)CC2)c(=O)[nH]c1=O,8.7
Cc1cnsc1-c1ccccc1OCC1=NCCN1,7.9
Cc1csc(-c2ccccc2OCC2=NCCN2)n1,7.6
Cc1n[nH]c(-c2ccccc2NCC2=NCCN2)n1,6.1
Cc1n[nH]c(=O)n(CCCN2CCN(c3ccccc3OCC(F)(F)F)CC2)c1=O,9.5
Cc1n[nH]c2cc(OCCNC[C@H](O)c3cccc(NS(C)(=O)=O)c3)ccc12,6.66
Cc1n[nH]cc1-c1cccc2c1CCC2c1ncc[nH]1,8.52
Cc1nc(-c2ccccc2NCC2=NCCN2)co1,6.49
Cc1nc(-c2ccccc2NCC2=NCCN2)cs1,8.35
Cc1nc(-c2ccccc2NCC2=NCCN2)n(C)n1,6.0
Cc1nc(-c2ccccc2NCC2=NCCN2)no1,6.14
Cc1nc2c(C)cccn2c(=O)c1CCN1CCc2oc3ccccc3c2C1,6.16
Cc1nc2c(O)cccn2c(=O)c1CCN1CCc2oc3ccccc3c2C1,6.61
Cc1nc2c([nH]c3ccccc32)c(=O)n1CCN1CCN(c2ccc(Cl)c(Cl)c2)CC1,7.52
Cc1nc2ccc(Br)cn2c(=O)c1CCN1CCc2oc3ccccc3c2C1,6.05
Cc1nc2ccc(Cl)cn2c(=O)c1CCN1CCc2oc3ccccc3c2C1,6.14
Cc1nc2ccc(I)cn2c(=O)c1CCN1CCc2oc3ccccc3c2C1,6.32
Cc1nc2cccc(C)n2c(=O)c1CCN1CCc2oc3ccccc3c2C1,6.4
Cc1nc2ccccn2c(=O)c1CCCN1CCc2oc3ccccc3c2C1,6.09
Cc1nc2ccccn2c(=O)c1CCN1CCN(c2cccc3sccc23)CC1,8.05
Cc1nc2ccccn2c(=O)c1CCN1CCc2oc3c(Cl)cccc3c2C1,6.55
Cc1nc2ccccn2c(=O)c1CCN1CCc2oc3ccccc3c2C1,6.46
Cc1nc2ccccn2c(=O)c1CCN1CCc2sc3ccccc3c2C1,6.67
Cc1nc2n(c(=O)c1CCN1CCC(c3noc4cc(F)ccc34)CC1)CCCC2,8.0
Cc1nc2n(c(=O)c1CCN1CCC(c3noc4cc(F)ccc34)CC1)CCCC2O,7.96
Cc1nc2n(c(=O)c1CCN1CCN(c3cccc4sccc34)CC1)CCCC2,6.81
Cc1nc2n(c(=O)c1CCN1CCN(c3cccc4sccc34)CC1)CCCC2(F)F.Cl,6.76
Cc1nc2n(c(=O)c1CCN1CCN(c3cccc4sccc34)CC1)CCCC2F,6.91
Cc1nc2n(c(=O)c1CCN1CCN(c3cccc4sccc34)CC1)CCCC2O,6.82
Cc1nc2sccn2c(=O)c1CCN1CCC(=C(c2ccc(F)cc2)c2ccc(F)cc2)CC1,6.76
Cc1ncc(-c2ccccc2NCC2=NCCN2)o1,6.96
Cc1ncoc1-c1ccccc1NCC1=NCCN1,7.27
Cc1noc(-c2ccccc2NCC2=NCCN2)n1,6.18
Cc1noc(C)c1S(=O)(=O)Nc1ccc2c(c1)C(=O)CC1(CCN(CCc3cccc4ccccc34)CC1)O2,8.58
Cc1noc(Cc2cccc3c2CC[C@H]3c2ncc[nH]2)n1,6.96
Cc1oncc1-c1cccc2c1CCC2c1ncc[nH]1,6.96
Cl.Clc1cccc(Cl)c1NC1=NCCN1,6.24
Cl.Cn1c(=O)[nH]c2c([nH]c(=O)n2C)c1=N,6.05
Cl.N#Cc1ccc2[nH]cc(CCCCN3CCN(c4ccc5oc(C(N)=O)cc5c4)CC3)c2c1,6.56
Cl.O=C(Cc1ccc(OC2CCNCC2)cc1OCCF)N1CCC(N2C(=O)CCc3ccccc32)CC1,7.1
Cl.O=C(c1ccccc1)N(c1ccccc1)C1CCN(CCc2ccccc2)CC1,6.12
Cl.O=C1CCCN1CCCCN1CCN(C(c2ccc(F)cc2)c2ccc(F)cc2)CC1,6.48
Cl.O=C1CCCN1CCCCN1CCN(c2ccccc2Cl)CC1,6.86
Cl.c1ccc(C2CCN(CCc3ccc(COc4ccc5c(c4)CCCC5)cc3)CC2)cc1,6.25
Clc1ccc(C2(Cn3ccnc3)OCC(CN3CCN(CCc4ccccc4)CC3)O2)c(Cl)c1,6.52
Clc1ccc2c(c1)C(N1CCNCC1)=Nc1ccccc1O2,6.8
Clc1ccc2c(c1-c1ccn[nH]1)CCC2c1ncc[nH]1,6.49
Clc1ccc2c(c1-c1cn[nH]c1)CCC2c1ncc[nH]1,7.11
Clc1cccc(C2CCc3nc[nH]c3C2)c1,6.29
Clc1cccc(Cl)c1NC1=NCCN1,6.48
Clc1cccc(Cl)c1OCCNCCOc1ccccc1OCc1ccccc1,8.2
Clc1cccc(N2CCN(CCCCNc3cc(-c4ccccc4)ccn3)CC2)c1Cl,7.24
Clc1cccc(N2CCN(CCCCNc3ccc(-c4ccccc4)cn3)CC2)c1Cl,7.68
Clc1cccc(N2CCN(CCCCNc3ccc4ccccc4n3)CC2)c1Cl,7.34
Clc1cccc(N2CCN(CCCCNc3ccccn3)CC2)c1Cl,7.48
Clc1cccc(N2CCN(CCCCNc3nccc4ccccc34)CC2)c1Cl,7.22
Clc1cccc2c1OCCC2c1c[nH]cn1,8.39
Clc1ccccc1C1CCc2nc[nH]c2C1,6.56
Clc1ccccc1C1Cc2nccn2C1,7.72
Clc1ccccc1OCCNCC1COCC(c2ccccc2)(c2ccccc2)O1,6.94
Cn1c(=O)cnn(CCCCN2CCN(c3ccccc3OCCF)CC2)c1=O,7.67
Cn1c(=O)n(CCN2CCN(c3ccc(Cl)c(Cl)c3)CC2)c(=O)c2c1c1ccccc1n2C,6.74
Cn1c(NCCCN2CCN(c3ccc4c(c3)OCC(CO)O4)CC2)cc(=O)n(C)c1=O,7.7
Cn1cc(-c2ccccc2NCC2=NCCN2)cn1,6.4
Cn1cc(-c2ccccc2[C@@H]2Cc3nccn3C2)cn1,8.05
Cn1ccc(-c2ccccc2NCC2=NCCN2)n1,8.5
Cn1cccc1-c1ccccc1NCC1=NCCN1,7.7
Cn1ccnc1-c1ccccc1NCC1=NCCN1,8.2
Cn1cnc(S(=O)(=O)Nc2ccc3c(c2)C(=O)CC2(CCN(CCc4cccc5ccccc45)CC2)O3)c1,8.1
Cn1nc(Cl)c2cn3nc(NCCN4CCN(c5ccccc5)CC4)ccc3c2c1=O,8.71
Cn1nc(Cl)c2cn3nc(NCCN4CCN(c5ccccc5Cl)CC4)ccc3c2c1=O,8.23
Cn1nccc1-c1cccc2c1CCC2c1ncc[nH]1,6.56
Cn1nccc1-c1ccccc1NCC1=NCCN1,7.35
Cn1nccc1-c1ccccc1OCC1=NCCN1,7.4
Cn1ncnc1-c1ccccc1NCC1=NCCN1,8.7
FC(F)(F)CNCc1cccc2c1CCC2c1ncc[nH]1,6.71
FC(F)(F)Cn1nccc1-c1ccccc1NCC1=NCCN1,6.5
FC(F)(F)Cn1ncnc1-c1ccccc1NCC1=NCCN1,7.1
FC(F)(F)c1cccc(N2CCN(CCCCNc3cc(-c4ccccc4)ccn3)CC2)c1,6.92
FC(F)(F)c1cccc(N2CCN(CCCCNc3ccc(-c4ccccc4)cn3)CC2)c1,6.64
FC(F)(F)c1cccc(N2CCN(CCCCNc3ccc4ccccc4n3)CC2)c1,7.92
FC(F)(F)c1cccc(N2CCN(CCCCNc3ccccn3)CC2)c1,6.23
FC(F)(F)c1cccc(N2CCN(CCCCNc3nc(-c4ccccc4)cs3)CC2)c1,7.14
FC(F)(F)c1cccc(N2CCN(CCCCNc3ncc(-c4ccccc4)o3)CC2)c1,6.57
FC(F)(F)c1cccc(N2CCN(CCCCNc3nccc4ccccc34)CC2)c1,7.17
FC(F)(F)c1cccnc1-c1ccccc1NCC1=NCCN1,6.17
FC(F)Oc1ccccc1C1Cc2nccn2C1,7.96
FC1(F)CN(Cc2cccc3c2CCC3c2ncc[nH]2)C1,6.06
Fc1cc(Br)c2c(c1)C(c1c[nH]cn1)=CCO2,7.32
Fc1ccc(-c2ccn[nH]2)c(C2Cc3nccn3C2)c1,8.52
Fc1ccc(-c2cncnc2)c(C2Cc3nccn3C2)c1,9.0
Fc1ccc(-c2ncco2)c(C2Cc3nccn3C2)c1,8.52
Fc1ccc(-n2cccn2)c(C2Cc3nccn3C2)c1,8.3
Fc1ccc(C(c2ccc(F)cc2)N2CCN(C/C=C/c3ccccc3)CC2)cc1,6.13
Fc1ccc(C2Cc3nccn3C2)c(-c2ccn[nH]2)c1,7.82
Fc1ccc(C2Cc3nccn3C2)c(-c2cncnc2)c1,7.72
Fc1ccc(C2Cc3nccn3C2)c(-c2ncco2)c1,7.48
Fc1ccc(C2Cc3nccn3C2)c(-n2cccn2)c1,7.57
Fc1ccc(N2CCN(CCCc3c[nH]c4ccc(F)cc34)CC2)c(-c2ccccc2)c1,7.55
Fc1ccc2[nH]c3c(c2c1)CC1c2cc4c(cc2CCN1C3)OCO4,6.6
Fc1ccc2c(C3CCN(CCCOc4ccc(CCN5CCCCC5)cc4)CC3)noc2c1,6.27
Fc1ccc2c(C3CCN(CCCOc4ccc(CCN5CCOCC5)cc4)CC3)noc2c1,6.36
Fc1cccc(-c2cncnc2)c1C1Cc2nccn2C1,7.21
Fc1ccccc1C1Cc2nccn2C1,7.38
Fc1ccccc1N1CCN(CCCCNc2cc(-c3ccccc3)ccn2)CC1,8.05
Fc1ccccc1N1CCN(CCCCNc2ccc(-c3ccccc3)cn2)CC1,8.0
Fc1ccccc1N1CCN(CCCCNc2ccccn2)CC1,7.77
Fc1ccn(Cc2c(F)ccc3c2CC[C@H]3c2ncc[nH]2)n1,8.175
Fc1ccn(Cc2cccc3c2CCC3c2ncc[nH]2)n1,7.77
Ic1c(NC2=NCCN2)ccc2nccnc12,6.01
N#CC1(c2ccc(F)cc2)CCN(CCCNC(=O)C2=CNC(=O)N[C@@H]2c2ccc(F)c(F)c2)CC1,9.77
N#CC1(c2ccccc2)CCN(CCCNC(=O)C(c2ccccc2)C2CCCC2)CC1,7.3
N#CC1(c2ccccc2)CCN(CCCNC(=O)C(c2ccccc2)C2CCCCC2)CC1,7.21
N#CC1(c2ccccc2)CCN(CCCNC(=O)C(c2ccccc2)c2ccccc2)CC1,7.55
N#CC1(c2ccccc2)CCN(CCCNC(=O)N2C(=O)NC3=C(C(=O)OC3)C2c2ccc(F)c(F)c2)CC1,8.24
N#Cc1cc(F)ccc1C1CCN(CCCNC(=O)C2=C(C(F)(F)F)NC(=O)N[C@@H]2c2ccc(F)c(F)c2)CC1,8.38
N#Cc1cc(F)ccc1C1CCN(CCCNC(=O)C2=CNC(=O)N[C@@H]2c2ccc(F)c(F)c2)CC1,10.15
N#Cc1ccc(Cl)cc1N1CCN(CCN2C(=O)CC3(CCCC3)CC2=O)CC1,6.39
N#Cc1ccc(N2CCN(CCc3ccc(CN4C(=O)c5ccccc5C4=O)cc3)CC2)c(F)c1,6.89
N#Cc1ccc(N2CCN(CCc3ccc(CN4C(=O)c5ccccc5C4=O)cc3)CC2)cc1,7.05
N#Cc1ccc2c(c1)N(CCCN1CCC(O)CC1)c1ccccc1S2,8.49
N#Cc1ccc2nn(CCCCN3CCN(c4cccc5sccc45)CC3)c(=O)n2c1,7.06
N#Cc1ccccc1C1(C#N)CCN(CCCNC(=O)C2=CNC(=O)N[C@@H]2c2ccc(F)c(F)c2)CC1,9.8
N#Cc1ccccc1C1CCN(CCCNC(=O)C2=C(C(F)(F)F)NC(=O)N[C@@H]2c2ccc(F)c(F)c2)CC1,7.7
N#Cc1ccccc1C1CCN(CCCNC(=O)C2=CNC(=O)N[C@@H]2c2ccc(F)c(F)c2)CC1,9.89
N#Cc1ccccc1C1Cc2nccn2C1,7.29
N#Cc1ccccc1N1CCN(CCN2C(=O)CC3(CCCC3)CC2=O)CC1,6.77
N#Cc1ccccc1[C@@H]1Cc2nccn2C1,7.29
N/C(=N\C(=O)NCc1ccccc1)NCCCc1nnc(N)s1.O=C(O)C(F)(F)F.O=C(O)C(F)(F)F,7.835
N=C(N)N/N=C/c1c(Cl)cccc1Cl,7.37
N=C(N)NC(=O)Cc1c(Cl)cccc1Cl,6.470000000000001
N=C(N)NCCC[C@@H](NC(=O)CC1(CC(=O)N2CCN(C3c4ccccc4NC(=O)c4ccccc43)CC2)CCCC1)C(=O)NCCn1c(=O)n(-c2ccccc2)n(-c2ccccc2)c1=O,6.44
N=C(NCCCCCCNC(=N)NC(=N)Nc1ccc(Cl)cc1)NC(=N)Nc1ccc(Cl)cc1,6.22
N=C(Nc1ccccc1)N1CCN(/C=C2/N=C(c3cccc4ccccc34)OC2=O)CC1,7.39
N=CCC(O)CC1CCN(c2ccccc2Oc2ccccc2)CC1,7.02
NC(=O)C(c1ccccc1)(c1ccccc1)[C@@H]1CCN(CCc2ccc3c(c2)CCO3)C1,6.04
NC(=O)C1(N2CCCCC2)CCN(CCCC(=O)c2ccc(F)cc2)CC1,6.4
NC(=O)c1ccccc1C1Cc2nccn2C1,6.43
NC(=O)c1ccccc1N1CCN(CCCNC(=O)N2C(=O)NC3=C(C(=O)OC3)C2c2ccc(F)c(F)c2)CC1,8.64
NC(=O)c1ccccc1OCCCN1CCN(c2cccc3c2ccn3S(=O)(=O)c2ccccc2)CC1,7.77
NC(CCOc1ccc(S(N)(=O)=O)cc1)C1COc2ccccc2O1,6.61
NC1=N[C@]2(CCc3cccc(Cl)c3C2)OC1,8.4
NCCc1ccc(O)c(O)c1,6.49
NC[C@H](O)c1ccc(O)c(O)c1,7.295
Nc1ccc(C(=O)NCCN2CCC(c3cccc4[nH]ccc34)CC2)cc1,8.02
Nc1nccc(-c2ccccc2NCC2=NCCN2)n1,7.37
O=C(/C=C/N1C[C@H]2C[C@@H]1CN2c1ccccn1)c1ccccc1O,6.36
O=C(C1CCCCC1)N(CCN1CC=C(c2ccccc2)CC1)c1ccccn1,7.41
O=C(C1CCCCC1)N(CCN1CCN(c2ccccc2)CC1)c1ccccn1,6.23
O=C(C1CCCCC1)N(CCN1CCN(c2ccccc2O)CC1)c1ccccn1,6.44
O=C(CCCN1C2CCC1CC(O)(c1ccc(Cl)cc1)C2)c1ccc(F)cc1,7.41
O=C(CCCN1CCC(NC(=O)c2ccccc2)CC1)c1ccccc1,7.8
O=C(CCCN1CCC(O)(c2ccc(Br)cc2)CC1)c1ccc(F)cc1,6.55
O=C(CCCN1CCC(O)(c2ccc(Cl)cc2)C1)c1ccc(F)cc1,7.205
O=C(CCCN1CCC(O)(c2ccc(Cl)cc2)CC1)c1ccc(Cl)cc1,6.82
O=C(CCCN1CCC(O)(c2ccc(Cl)cc2)CC1)c1ccc(F)cc1,7.380000000000001
O=C(CCCN1CCC(c2noc3cc(F)ccc23)CC1)c1cc2c3c(c1)CCN3C(=O)CC2,7.37
O=C(CCCN1CCC(n2c(=O)[nH]c3ccccc32)CC1)c1ccc(F)cc1,7.15
O=C(CCCN1CCC2(CC1)C(=O)NCN2c1ccccc1)c1ccc(F)cc1,6.51
O=C(CCCN1CC[C@H]2[C@@H](C1)c1cccc3c1N2CCO3)c1ccc(F)cc1,6.58
O=C(CN1CCCCC1=O)NCCN1CCN(c2ccc(F)cc2OCC(F)(F)F)CC1,6.89
O=C(Cc1ccc2ccccc2c1)N1c2ccccc2Sc2ccccc21,6.48
O=C(Cc1ccccc1)NC1CCN(CCCN2C(=O)COc3ccccc32)CC1,6.58
O=C(N(CCN1CCN(c2ccccc2O)CC1)c1ccccn1)C12C3C4C1C1C2C3C41I,6.75
O=C(NC1CC1)c1ccccc1NCC1=NCCN1,6.890000000000001
O=C(NC1CCN(CCc2c[nH]c3ccccc23)CC1)c1ccccc1,8.415
O=C(NCCCCN1CCN(c2ccc(Cl)cc2)CC1)c1ccc2ccccc2c1,6.78
O=C(NCCCCN1CCN(c2cccc(C(F)(F)F)c2)CC1)c1ccc2ccccc2c1,6.55
O=C(NCCCCN1CCN(c2cccc(Cl)c2)CC1)c1ccc2ccccc2c1,7.3
O=C(NCCCCN1CCN(c2cccc(Cl)c2Cl)CC1)c1ccc2ccccc2c1,6.98
O=C(NCCCCN1CCN(c2cccc3[nH]c(=O)[nH]c23)CC1)c1ccc2ccccc2c1,6.8
O=C(NCCCCN1CCN(c2cccc3[nH]ccc23)CC1)c1ccc2ccccc2c1,7.72
O=C(NCCCCN1CCN(c2ccccc2Cl)CC1)c1ccc2ccccc2c1,7.52
O=C(NCCCCN1CCN(c2ccccc2F)CC1)c1ccc2ccccc2c1,7.42
O=C(NCCCCN1CCN(c2ccccc2O)CC1)c1ccc2ccccc2c1,7.33
O=C(NCCCCN1CCN(c2csc3cc(F)ccc23)CC1)c1cnccn1,8.85
O=C(NCCN1CCC[C@@H]1Cn1nc(Cc2ccc(Cl)cc2)c2ccccc2c1=O)C1CCCC1.O=C(O)C(F)(F)F,7.1
O=C(NCCN1CCC[C@@H]1Cn1nc(Cc2ccc(Cl)cc2)c2ccccc2c1=O)C1CCOCC1.O=C(O)C(F)(F)F,6.7
O=C(NCCN1CCN(c2cccc3c2OCCO3)CC1)c1ccc(F)cc1,7.4
O=C(O)/C=C/C(=O)O.[2H]C([2H])(Cc1c[nH]c2ccccc12)N(C)C,6.16
O=C(O)/C=C/c1ccc2cccc(N3CCN(CCc4ccc(OCCCN5CCCCCC5)cc4)CC3)c2n1,7.2
O=C(O)C(=O)O.OCC(CNCCOc1ccccc1)OC(c1ccccc1)c1ccccc1,6.85
O=C(O)C(=O)O.c1ccc(OCCNCC2CCC(c3ccccc3)(c3ccccc3)O2)cc1,7.27
O=C(O)C(=O)O.c1ccc(OCCNCC2CCOC(c3ccccc3)(c3ccccc3)O2)cc1,7.41
O=C(O)C(=O)O.c1ccc(OCCNCC2COC(c3ccccc3)(c3ccccc3)O2)cc1,7.43
O=C(O)C(=O)O.c1ccc(OCCNCC2COC(c3ccccc3)(c3ccccc3)OC2)cc1,6.54
O=C(O)C(=O)O.c1ccc(OCCNCCC2COC(c3ccccc3)(c3ccccc3)O2)cc1,7.23
O=C(O)C(=O)O.c1ccc(OCCNCCOC(c2ccccc2)c2ccccc2)cc1,7.77
O=C(O)C(=O)O.c1ccc(OCCNCC[C@@H]2CO[C@H](C(c3ccccc3)c3ccccc3)O2)cc1,6.77
O=C(O)C(=O)O.c1ccc(OCCNCC[C@H]2CO[C@H](C(c3ccccc3)c3ccccc3)O2)cc1,7.05
O=C(O)C(=O)O.c1ccc(OCCNC[C@@H]2COC(c3ccccc3)(c3ccccc3)O2)cc1,7.52
O=C(O)C(=O)O.c1ccc(OCCNC[C@@H]2CO[C@H](C(c3ccccc3)c3ccccc3)O2)cc1,6.37
O=C(O)C(=O)O.c1ccc(OCCNC[C@H]2COC(c3ccccc3)(c3ccccc3)O2)cc1,6.9
O=C(O)C(=O)O.c1ccc(OCCNC[C@H]2CO[C@H](C(c3ccccc3)c3ccccc3)O2)cc1,6.92
O=C(O)CCCc1cn(CCCCCN2CCN(c3ccccc3Cl)CC2)c2ccccc12,7.48
O=C(O)CCc1ccc2cc(Cc3ccccc3)cc(N3CCN(CCc4ccc(OCCCN5CCCCCC5)cc4)CC3)c2n1,7.3
O=C(O)CCc1nc(-c2ccccc2)c(-c2ccccc2)o1,7.03
O=C(O)[C@H]1CCCN1c1ccc(C(=O)N2CCC(N3CCc4ccccc4C3)CC2)cn1,7.57
O=C(O)c1ccccc1Nc1cccc(C(F)(F)F)c1,6.0
O=C(OC1CCCC1)c1ccccc1NCC1=NCCN1,7.4
O=C(O[C@H]1CCOC1)[C@@H]1[C@H]2C[C@H]3c4[nH]c5ccccc5c4CCN3C[C@@H]2CC[C@@H]1O,6.27
O=C(c1ccc(Cl)c(Cl)c1)N1CCC(F)(CNCCOc2cccc3c2OCCO3)CC1,6.72
O=C(c1ccc(Cl)c(Cl)c1)N1CCC(F)(CNCCOc2cccc3cccnc23)CC1,6.64
O=C(c1ccc(Cl)c(Cl)c1)N1CCC(F)(CNCCOc2ccccn2)CC1,6.89
O=C(c1ccc(F)c(Cl)c1)N1CCC(F)(CNCCCc2ccccn2)CC1,6.7
O=C(c1ccc(F)c(Cl)c1)N1CCC(F)(CNCCNc2ccccn2)CC1,7.4
O=C(c1ccc(F)c(Cl)c1)N1CCC(F)(CNCCOc2cc(F)ccn2)CC1,6.05
O=C(c1ccc(F)c(Cl)c1)N1CCC(F)(CNCCOc2cccc(-n3cccn3)n2)CC1,6.54
O=C(c1ccc(F)c(Cl)c1)N1CCC(F)(CNCCOc2cccc(Cl)n2)CC1,6.75
O=C(c1ccc(F)c(Cl)c1)N1CCC(F)(CNCCOc2cccc(F)n2)CC1,6.57
O=C(c1ccc(F)c(Cl)c1)N1CCC(F)(CNCCOc2cccc(N3CCCC3)n2)CC1,6.2
O=C(c1ccc(F)c(Cl)c1)N1CCC(F)(CNCCOc2cccc3[nH]ccc23)CC1,6.96
O=C(c1ccc(F)c(Cl)c1)N1CCC(F)(CNCCOc2cccc3c2OCCO3)CC1,6.72
O=C(c1ccc(F)c(Cl)c1)N1CCC(F)(CNCCOc2cccc3cccnc23)CC1,6.77
O=C(c1ccc(F)c(Cl)c1)N1CCC(F)(CNCCOc2ccccc2)CC1,6.42
O=C(c1ccc(F)c(Cl)c1)N1CCC(F)(CNCCOc2ccccn2)CC1,6.77
O=C(c1ccc(F)cc1)C1CCN(CCn2c(=O)[nH]c3ccccc3c2=O)CC1,7.22
O=C(c1ccc(N2CC3(C2)CS(=O)(=O)C3)nc1)N1CCC(N2CCc3ccccc3C2)CC1,7.28
O=C(c1ccc(N2CC3(COC3)C2)nc1)N1CCC(N2CCc3ccccc3C2)CC1,7.96
O=C(c1ccc(N2CCOC(C(F)(F)F)C2)nc1)N1CCC(N2CCc3ccccc3C2)CC1,7.64
O=C(c1ccc(N2CCOCC2)nc1)N1CCC(N2CCCC(OCC3CC3)C2)CC1,7.89
O=C(c1ccc(N2CCOCC2)nc1)N1CCC(N2CCc3ccccc3C2)CC1,8.05
O=C(c1ccc(N2CCS(=O)(=O)CC2)nc1)N1CCC(N2CCc3ccccc3C2)CC1,7.62
O=C(c1ccccc1NCC1=NCCN1)N1CCCC1,6.9
O=C(c1ccccc1NCC1=NCCN1)N1CCCCC1,6.4
O=C(c1cnc(N2CCOCC2)nc1)N1CCC(N2CCCC(OCC3CC3)C2)CC1,7.85
O=C1/C(=N/c2cccc(C(F)(F)F)c2)c2ccccc2N1c1cccc(OCCN2CCCC2)c1,7.11
O=C1CC(c2ccc(Cl)cc2)CC(=O)N1CCCN1CCN(c2ccccc2Cl)CC1,7.31
O=C1CC(c2ccccc2)CC(=O)N1CCCCN1CCN(c2ccccc2Cl)CC1,7.8
O=C1CC(c2ccccc2)CC(=O)N1CCCN1CCN(c2ccccc2Cl)CC1,7.32
O=C1CC2(C=CN1CCN1CCN(c3ccccc3Cl)CC1)CCCC2,7.365
O=C1CC2(CCCC2)C(=O)N1CCN1CCN(c2cc(Cl)ccc2Cl)CC1,7.26
O=C1CC2(CCCC2)CC(=O)N1CCCCN1CCN(c2cc(Cl)ccc2Cl)CC1,8.84
O=C1CC2(CCCC2)CC(=O)N1CCCCN1CCN(c2cccc3sccc23)CC1,6.43
O=C1CC2(CCCC2)CC(=O)N1CCN1CCCN(c2ccccc2Cl)CC1,6.63
O=C1CC2(CCCC2)CC(=O)N1CCN1CCN(c2cc(Cl)ccc2Cl)CC1,6.89
O=C1CC2(CCCC2)CC(=O)N1CCN1CCN(c2cc(F)ccc2Cl)CC1,7.0649999999999995
O=C1CC2(CCCC2)CC(=O)N1CCN1CCN(c2cc(F)ccc2F)CC1,6.0
O=C1CC2(CCCC2)CC(=O)N1CCN1CCN(c2ccc(F)cc2)CC1,6.21
O=C1CC2(CCCC2)CC(=O)N1CCN1CCN(c2ccccc2F)CC1,6.2
O=C1CC2(CCCC2)CCN1CCN1CCN(c2cc(Cl)ccc2Cl)CC1,7.47
O=C1CC2(CCCC2)CCN1CCN1CCN(c2ccccc2Cl)CC1,7.155
O=C1CC2(CCN(CCc3cccc4ccccc34)CC2)Oc2ccc(NS(=O)(=O)Cc3ccccc3)cc21,7.89
O=C1CC2(CCN(CCc3cccc4ccccc34)CC2)Oc2ccccc21,7.28
O=C1CC2(CCN(CCc3ccccn3)CC2)Oc2ccccc21,6.1
O=C1CCCCCN1Cc1cc(CN2CCN(c3ccccc3Oc3ccccc3)CC2)on1,7.07
O=C1CCCCN1Cc1cc(CN2CCN(c3ccccc3Oc3ccccc3)CC2)on1,7.82
O=C1CCCN1Cc1cc(CN2CCN(c3ccccc3Oc3ccccc3)CC2)on1,7.55
O=C1CCNC(=O)N1CCCN1CCN(c2ccc(F)cc2OCC(F)(F)F)CC1,9.0
O=C1CCc2ccc(OCCCCN3CCN(c4cccc(Cl)c4Cl)CC3)cc2N1,6.77
O=C1CCc2ccccc2N1CCCN1CCC(Cc2ccccc2)CC1,6.59
O=C1CCc2ccccc2N1CCCN1CCN(c2ccccc2)CC1,7.27
O=C1Cc2c(cccc2N2CCN(CCCCNC(=O)c3ccc4ccccc4c3)CC2)N1,6.68
O=C1Cc2cc(CCN3CCN(c4nsc5ccccc45)CC3)c(Cl)cc2N1,7.56
O=C1N(c2cccnc2C(F)(F)F)CC2(CCN(CCc3ccccc3F)CC2)OC12CC2,6.33
O=C1NC(C(F)(F)F)=C(C(=O)NCCCN2CCC(c3ccc(F)cc3)CC2)[C@@H](c2ccc(F)c(F)c2)N1,7.72
O=C1NC(C(F)(F)F)=C(C(=O)NCCCN2CCC(c3ccccn3)CC2)[C@@H](c2ccc(F)c(F)c2)N1,6.3
O=C1NC=C(C(=O)NCCCN2CCC(O)(c3ccc(F)cc3)CC2)[C@@H](c2ccc(F)c(F)c2)N1,9.04
O=C1NC=C(C(=O)NCCCN2CCC(c3ccc(F)cc3)CC2)[C@@H](c2ccc(F)c(F)c2)N1,9.77
O=C1NC=C(C(=O)NCCCN2CCC(c3ccccn3)CC2)[C@@H](c2ccc(F)c(F)c2)N1,8.6
O=C1NCCN1CCN1CCC(c2cn(-c3ccc(F)cc3)c3ccc(Cl)cc23)CC1,6.98
O=C1NCN(c2ccccc2)C12CCN(CC1COc3ccccc3O1)CC2,6.35
O=C1NCN(c2ccccc2)C12CCN(CCCOc1ccc(F)cc1)CC2,6.39
O=C1Nc2ccc(F)cc2C1CCCCN1CCN(c2ccccc2)CC1,7.7
O=C1Nc2ccccc2C1CCCCN1CCN(c2ccc(Cl)cc2)CC1,7.38
O=C1OC2(CCN(CCc3cccc4ccccc34)CC2)Cc2ccccc21,7.35
O=C1OC2(CCN(c3nc4cc(Br)ccc4[nH]3)CC2)CN1c1ccccc1,7.4
O=C1OC2(CCN(c3nc4cc(C(F)(F)F)ccc4[nH]3)CC2)CN1c1ccccc1,7.0
O=C1OC2(CCN(c3nc4cc(F)ccc4[nH]3)CC2)CN1c1ccccc1,7.0
O=C1OC2(CCN(c3nc4cc(OC(F)(F)F)ccc4[nH]3)CC2)CN1c1ccccc1,6.7
O=C1OC2(CCN(c3nc4ccccc4[nH]3)CC2)CN1c1ccccc1,7.0
O=C1OCC2=C1C(c1ccc(F)c(F)c1)N(C(=O)NCCCN1CCC(c3ccccc3)(c3ccccc3)CC1)C(=O)N2,8.04
O=C1OCC2=C1C(c1ccc(F)c(F)c1)N(C(=O)NCCCN1CCN(c3ccccc3[N+](=O)[O-])CC1)C(=O)N2,9.22
O=C1O[C@]2(CC[C@H](c3nc4cc(OC(F)(F)F)ccc4[nH]3)CC2)CN1c1ccc(F)cc1,6.1
O=C1O[C@]2(CC[C@H](c3nc4cc(OC(F)(F)F)ccc4[nH]3)CC2)CN1c1cccc(F)n1,6.3
O=C1O[C@]2(CC[C@H](c3nc4cc(OC(F)(F)F)ccc4[nH]3)CC2)CN1c1ccccc1F,6.1
O=C1[C@@H]2[C@H](C(=O)N1CCCCN1CCN(c3cccc4sccc34)CC1)[C@H]1C=C[C@@H]2C1,6.75
O=C1[C@@H]2[C@H]3CC[C@H](C3)[C@@H]2C(=O)N1CCCCN1CCN(c2cccc3sccc23)CC1,6.91
O=C1[C@@H]2[C@H]3CC[C@H](C3)[C@@H]2C(=O)N1C[C@@H]1CCCC[C@H]1CN1CCN(c2nsc3ccccc23)CC1,7.0
O=C1[C@H]2CCCC[C@H]2C(=O)N1CCCCN1CCN(c2nsc3ccccc23)CC1,8.52
O=C1c2cc(Cl)ccc2S(=O)(=O)N1CCCCN1CCC(n2c(=O)oc3ccccc32)CC1,9.62
O=C1c2cc(F)ccc2S(=O)(=O)N1CCCCN1CCC(n2c(=O)oc3ccccc32)CC1,9.57
O=C1c2cc([N+](=O)[O-])ccc2S(=O)(=O)N1CCCCN1CCC(n2c(=O)oc3ccccc32)CC1,9.89
O=C1c2ccc([N+](=O)[O-])cc2S(=O)(=O)N1CCCCN1CCC(n2c(=O)oc3ccccc32)CC1,9.8
O=C1c2ccccc2C(=O)N1CCCCN1CCC(n2c(O)nc3ccccc32)CC1,9.55
O=C1c2ccccc2C(=O)N1Cc1ccc(CCN2CCN(c3ccc(C(F)(F)F)cc3)CC2)cc1,7.18
O=C1c2ccccc2C(=O)N1Cc1ccc(CCN2CCN(c3ccc(Cl)cc3)CC2)cc1,6.26
O=C1c2ccccc2C(=O)N1Cc1ccc(CCN2CCN(c3ccc(F)cc3)CC2)cc1,6.64
O=C1c2ccccc2C(=O)N1Cc1ccc(CCN2CCN(c3ccc(F)cc3F)CC2)cc1,7.05
O=C1c2ccccc2C(=O)N1Cc1ccc(CCN2CCN(c3ccccc3)CC2)cc1,6.82
O=C1c2ccccc2C(=O)N1Cc1ccc(CCN2CCN(c3ccccc3C(F)(F)F)CC2)cc1,6.42
O=C1c2ccccc2C(=O)N1Cc1ccc(CCN2CCN(c3ccccc3Cl)CC2)cc1,7.82
O=C1c2ccccc2C(=O)N1Cc1ccc(CCN2CCN(c3ccccc3F)CC2)cc1,7.02
O=C1c2ccccc2C(=O)N1Cc1ccc(CCN2CCN(c3ccccn3)CC2)cc1,7.3
O=C1c2ccccc2CC12CCN(CCc1cccc3ccccc13)CC2,7.51
O=C1c2ccccc2S(=O)(=O)N1CCCCN1CCC(n2c(=O)oc3cc(F)ccc32)CC1,10.08
O=C1c2ccccc2S(=O)(=O)N1CCCCN1CCC(n2c(=O)oc3cc4c(cc32)CCCC4)CC1,7.05
O=C1c2ccccc2S(=O)(=O)N1CCCCN1CCC(n2c(=O)oc3ccccc32)CC1,9.92
O=C1c2ccccc2S(=O)(=O)N1CCCCN1CCN(c2ncccn2)CC1,7.06
O=S(=O)(NCCCCN1CCC(c2noc3cc(F)ccc23)CC1)c1cc2ccccc2s1,9.1
O=S(=O)(N[C@H]1CC[C@@H](N2CCC(c3ccccc3OC3CC3)CC2)CC1)c1cc(Cl)ccc1F,8.74
O=S(=O)(N[C@H]1CC[C@@H](N2CCC(c3ccccc3OC3CC3)CC2)CC1)c1ccc2c(c1)OCO2,7.8
O=S(=O)(N[C@H]1CC[C@@H](N2CCC(c3ccccc3OCC(F)(F)F)CC2)CC1)c1cc(Cl)ccc1F,8.23
O=S(=O)(N[C@H]1CC[C@@H](N2CCC(c3ccccc3OCC(F)(F)F)CC2)CC1)c1ccc(OC(F)F)cc1,8.27
O=S(=O)(N[C@H]1CC[C@@H](N2CCC(c3ccccc3OCC(F)(F)F)CC2)CC1)c1ccc2c(c1)OCCO2,8.4
O=S(=O)(N[C@H]1CC[C@@H](N2CCC(c3ccccc3OCC(F)(F)F)CC2)CC1)c1cccc(OC(F)F)c1,8.15
O=S(=O)(N[C@H]1CC[C@@H](N2CCN(c3ccccc3OCC3CC3)CC2)CC1)c1cc(Cl)ccc1F,7.44
O=S(=O)(N[C@H]1CC[C@H](N2CCC(c3ccccc3OC3CC3)CC2)CC1)c1cc(Cl)ccc1F,8.42
O=S(=O)(N[C@H]1CC[C@H](N2CCC(c3ccccc3OC3CC3)CC2)CC1)c1ccc2c(c1)OCO2,7.85
O=S(=O)(N[C@H]1CC[C@H](N2CCC(c3ccccc3OCC(F)(F)F)CC2)CC1)c1cc(Cl)ccc1F,8.32
O=S(=O)(N[C@H]1CC[C@H](N2CCC(c3ccccc3OCC(F)(F)F)CC2)CC1)c1ccc(OC(F)F)cc1,7.42
O=S(=O)(N[C@H]1CC[C@H](N2CCC(c3ccccc3OCC(F)(F)F)CC2)CC1)c1ccc2c(c1)OCCO2,8.66
O=S(=O)(N[C@H]1CC[C@H](N2CCC(c3ccccc3OCC(F)(F)F)CC2)CC1)c1cccc(OC(F)F)c1,7.92
O=S(=O)(c1ccc2cc[nH]c2c1)N1CCC[C@@H]1CCN1CCC(Oc2ccc(Cl)cc2)CC1,6.66
O=S1(=O)CCCc2cccc(NCC3=NCCN3)c21,6.21
O=S1(=O)c2cccc3cccc(c23)N1CCCN1CCN(c2ccc(F)cc2)CC1,6.71
O=[N+]([O-])c1ccccc1OCCNCC1COCC(c2ccccc2)(c2ccccc2)O1,6.93
O=c1[nH]c2ccccc2c(=O)n1CCCN1CCN(c2ccccc2OCC(F)(F)F)CC1,10.2
O=c1[nH]c2ccccc2n1C1CCN(CCCC(c2ccc(F)cc2)c2ccc(F)cc2)CC1,6.86
O=c1[nH]c2ccccc2n1CCCN1CCC(n2c(=O)[nH]c3cc(Cl)ccc32)CC1,6.22
O=c1[nH]c2ccccc2n1CCN1CCN(c2cccc(C(F)(F)F)c2)CC1,6.41
O=c1[nH]cc(C(F)(F)F)c(=O)n1CCCN1CCN(c2ccccc2OCC(F)(F)F)CC1,7.7
O=c1[nH]cc(CO)c(=O)n1CCCN1CCN(c2ccc(F)cc2OCC(F)(F)F)CC1,8.1
O=c1[nH]cc(Cl)c(=O)n1CCCN1CCN(c2ccc(F)cc2OCC(F)(F)F)CC1,9.0
O=c1[nH]cc(F)c(=O)n1CCCN1CCN(c2ccc(F)cc2OCC(F)(F)F)CC1,9.6
O=c1c(CCN2CCc3oc4ccccc4c3C2)c(Cc2ccccc2)nc2ccccn12,6.69
O=c1c2ccccc2c(Cc2ccc(Cl)cc2)nn1C1CCCN(CCCCc2ccc(OCCCN3CCCCCC3)cc2)CC1,6.8
O=c1c2ccccc2c(Cc2ccc(Cl)cc2)nn1C1CCCN(CCCc2ccc(OCCCN3CCCCCC3)cc2)CC1,6.9
O=c1c2ccccc2c(Cc2ccc(Cl)cc2)nn1C1CCCN(CCc2ccc(OCCCN3CCCCCC3)cc2)CC1,7.5
O=c1c2ccccc2c(Cc2ccc(Cl)cc2)nn1C1CCCN(Cc2ccc(OCCCN3CCCCCC3)cc2)CC1,7.0
O=c1c2ccccc2c(Cc2ccc(Cl)cc2)nn1CCNCCCCc1ccc(OCCCN2CCCCCC2)cc1,6.5
O=c1c2ccccc2c(Cc2ccc(Cl)cc2)nn1C[C@@H]1CCCN1CCCCc1ccc(OCCCN2CCCCCC2)cc1,7.5
O=c1c2ccccc2c(Cc2ccc(Cl)cc2)nn1C[C@H]1CCCN1CCCCCc1ccc(OCCCN2CCCCCC2)cc1,7.6
O=c1c2ccccc2c(Cc2ccc(Cl)cc2)nn1C[C@H]1CCCN1CCCCc1ccc(OCCCN2CCCCCC2)cc1,7.4
O=c1c2ccccc2c(Cc2ccc(O)cc2)nn1C[C@H]1CCCN1CCCCc1ccc(OCCCN2CCCCCC2)cc1,7.0
O=c1c2ccncc2c(Cc2ccc(Cl)cc2)nn1C[C@H]1CCCN1CCCCc1ccc(OCCCN2CCCCCC2)cc1,7.5
O=c1cc[nH]c(=O)n1CCCN1CCN(c2ccc(F)cc2OCC(F)(F)F)CC1,8.9
O=c1ccc(OCCCN2CCC(c3noc4cc(F)ccc34)CC2)nn1-c1c(F)cccc1F,6.47
O=c1ccc2ccc(OCCCCN3CCN(c4cccc5sccc45)CC3)cc2[nH]1,7.53
O=c1n(CCCCN2CCN(c3cccc4sccc34)CC2)nc2c(F)cccn12,7.76
O=c1n(CCCCN2CCN(c3cccc4sccc34)CC2)nc2ccccn12,7.82
O=c1n(CCCN2CCN(c3cccc(Cl)c3)CC2)nc2ccccn12,6.25
OC1(c2ccc(Cl)cc2)CCN(Cc2c[nH]c3ccccc23)CC1,6.2
OCCN1CCN(CC/C=C2/c3ccccc3Sc3ccc(Cl)cc32)CC1,7.94
OCCN1CCN(CCCN2c3ccccc3Sc3ccc(C(F)(F)F)cc32)CC1,8.075
OCCN1CCN(CCCN2c3ccccc3Sc3ccc(Cl)cc32)CC1,7.59
OCCOCCN1CCN(C2=Nc3ccccc3Sc3ccccc32)CC1,6.9399999999999995
OCc1cc(C(O)CNCCCCCCOCCCCc2ccccc2)ccc1O,6.04
O[C@@H]1[C@H](NC[C@@H]2COc3ccccc3O2)CC[C@H]1Oc1ccccc1,7.11
O[C@@H]1[C@H](NC[C@H]2COc3ccccc3O2)CC[C@H]1Oc1ccccc1,7.44
O[C@H]1[C@@H](NC[C@@H]2COc3ccccc3O2)CC[C@@H]1Oc1ccccc1,6.02
O[C@H]1[C@@H](NC[C@H]2COc3ccccc3O2)CC[C@@H]1Oc1ccccc1,6.41
Oc1c(Cl)cc(Cl)c(Cl)c1Cc1c(O)c(Cl)cc(Cl)c1Cl,6.15
Oc1ccc2[nH]c3c(c2c1)CC1c2cc4c(cc2CCN1C3)OCO4,6.39
Oc1ccc2cccc(NCC3=NCCN3)c2c1,8.2
Oc1ccc2cccc(NCc3c[nH]cn3)c2c1,7.2
Oc1cccc(O)c1OCCNCCOc1ccccc1OCc1ccccc1,8.3
Oc1ccccc1OCCNCC1COCC(c2ccccc2)(c2ccccc2)O1,6.71
S=C(NCCCc1c[nH]cn1)NCCCN(Cc1ccc(Cl)c(Cl)c1)c1ccc(Br)cn1,6.29
S=P(N1CC1)(N1CC1)N1CC1,7.36
[11CH3]Oc1cccc2c1CCCC2CCCN1CCN(c2ccccc2)CC1,7.37
[2H]c1c([2H])c([2H])c([C@@H]2C[C@@H](N3CCN(C([2H])([2H])[2H])C(C)(C)C3)c3cc(Cl)ccc32)c([2H])c1[2H],8.47
[2H]c1c([2H])c([2H])c([C@@H]2C[C@@H](N3CCNC(C)(C)C3)c3cc(Cl)ccc32)c([2H])c1[2H],7.89
[C-]#[N+]c1ccccc1N1CCN(CCc2ccc(CN3C(=O)c4ccccc4C3=O)cc2)CC1,7.44
c1c2c(cc3c1OCO3)CN1CCc3cc4c(cc3C1C2)OCO4,6.33
c1c[nH]c(-c2ccccc2OCC2=NCCN2)c1,8.195
c1cc(-c2ccn[nH]2)c2c(c1)C(c1ncc[nH]1)CC2,7.28
c1cc(-c2cn[nH]c2)c2c(c1)C(c1ncc[nH]1)CC2,7.85
c1cc(-c2ncco2)c2c(c1)C(c1ncc[nH]1)CC2,6.77
c1cc(-c2nccs2)c2c(c1)C(c1ncc[nH]1)CC2,6.37
c1cc(Cn2cccn2)c2c(c1)[C@H](c1ncc[nH]1)CC2,7.5
c1cc(Cn2ccnn2)c2c(c1)C(c1ncc[nH]1)CC2,7.05
c1ccc(-c2cc[nH]n2)c(NCC2=NCCN2)c1,8.3
c1ccc(-c2cc[nH]n2)c(OCC2=NCCN2)c1,8.3
c1ccc(-c2ccccc2NCC2=NCCN2)cc1,8.1
c1ccc(-c2ccccc2NCC2=NCCN2)nc1,7.63
c1ccc(-c2ccccc2OCC2=NCCN2)cc1,8.03
c1ccc(-c2ccccc2OCC2=NCCN2)nc1,7.9
c1ccc(-c2ccccc2OCCNCC2COC(c3ccccc3)(c3ccccc3)O2)cc1,6.31
c1ccc(-c2ccccc2OCc2c[nH]cn2)cc1,7.16
c1ccc(-c2ccccc2[C@@H]2Cc3nccn3C2)cc1,7.92
c1ccc(-c2ccno2)c(NCC2=NCCN2)c1,8.275
c1ccc(-c2ccno2)c(OCC2=NCCN2)c1,8.2
c1ccc(-c2ccno2)c(OCc2c[nH]cn2)c1,6.8
c1ccc(-c2ccns2)c(OCC2=NCCN2)c1,8.3
c1ccc(-c2ccoc2)c(OCC2=NCCN2)c1,9.3
c1ccc(-c2ccsc2)c(OCC2=NCCN2)c1,9.6
c1ccc(-c2cn[nH]c2)c(NCC2=NCCN2)c1,8.9
c1ccc(-c2cnccn2)c(NCC2=NCCN2)c1,8.34
c1ccc(-c2cnccn2)c(OCC2=NCCN2)c1,8.6
c1ccc(-c2cnco2)c(NCC2=NCCN2)c1,7.7
c1ccc(-c2cnco2)c(NCc2c[nH]cn2)c1,7.3
c1ccc(-c2cnoc2)c(NCC2=NCCN2)c1,7.34
c1ccc(-c2nc[nH]n2)c(NCC2=NCCN2)c1,9.1
c1ccc(-c2ncc[nH]2)c(OCC2=NCCN2)c1,7.0
c1ccc(-c2ncco2)c(NCC2=NCCN2)c1,8.26
c1ccc(-c2nccs2)c(OCC2=NCCN2)c1,8.6
c1ccc(-n2cccn2)c([C@@H]2Cc3nccn3C2)c1,8.3
c1ccc(C2(c3ccccc3)COCC(CNCCOc3ccccn3)O2)cc1,6.81
c1ccc(C2CC2)c(OCC2=NCCN2)c1,7.9
c1ccc(C2CCc3nc[nH]c3C2)cc1,6.63
c1ccc(C2CCc3nccn3C2)cc1,6.14
c1ccc(C2Cc3nccn3C2)cc1,7.14
c1ccc(COc2ccccc2OCCNCCOc2ccccc2)cc1,8.0
c1ccc(N2CCCCC2)c(NCC2=NCCN2)c1,7.9
c1ccc(N2CCCCC2)c(NCc2c[nH]cn2)c1,7.3
c1ccc(N2CCN(CCCc3nc4ccccc4s3)CC2)nc1,6.23
c1ccc(OCCNC2COC(c3ccccc3)(c3ccccc3)CO2)cc1,6.65
c1ccc(OCCNC2COCC(c3ccccc3)(c3ccccc3)O2)cc1,6.77
c1ccc(OCCNCC2COC(c3ccccc3)(c3ccccc3)O2)cc1,7.43
c1ccc(OCCNCC2COCC(c3ccccc3)(c3ccccc3)O2)cc1,6.77
c1ccc(OCCNC[C@@H]2COC(c3ccccc3)(c3ccccc3)CO2)cc1,6.65
c1ccc(OCCNC[C@@H]2COCC(c3ccccc3)(c3ccccc3)O2)cc1,6.83
c1ccc(OCCNC[C@@H]2COC[C@@H](c3ccccc3)O2)cc1,6.39
c1ccc(OCCNC[C@@H]2CO[C@@H](c3ccccc3)CO2)cc1,6.27
c1ccc(OCCNC[C@H]2COCC(c3ccccc3)(c3ccccc3)O2)cc1,6.36
c1ccc(OCCN[C@H]2COC[C@H](c3ccccc3)O2)cc1,6.39
c1ccc(OCCN[C@H]2CO[C@H](c3ccccc3)CO2)cc1,6.27
c1ccc([C@@H]2Cc3nccn3C2)c(-c2ccncc2)c1,7.09
c1ccc([C@@H]2Cc3nccn3C2)c(-c2cncnc2)c1,9.4
c1ccc([C@@H]2Cc3nccn3C2)c(-c2ncco2)c1,8.7
c1ccc([C@@H]2Cc3nccn3C2)c(-c2nccs2)c1,8.52
c1ccc([C@H]2Cc3nccn3C2)c(-c2ncco2)c1,7.04
c1ccc2c(CC3=NCCN3)cccc2c1,8.025
c1ccc2c(NCCCCCCCNc3ccnc4ccccc34)ccnc2c1,6.9
c1ccc2c(NCCNc3ccnc4ccccc34)ccnc2c1,7.58
c1ccc2c(SC3=NCCN3)c[nH]c2c1,8.52
c1ccc2c(c1)CCC1(CCN(CCc3cccc4ccccc34)CC1)O2,7.25
c1ccc2c(c1)CCC2c1ncc[nH]1,6.33
c1ccc2c(c1)CCCC2C1=NCCN1,8.21
c1ccc2c(c1)CCCC2NC1=NCCO1,6.795
c1ccc2c(c1)CCCC2c1ncc[nH]1,6.42
c1ccc2c(c1)Sc1ccccc1N2CC1CN2CCC1CC2,6.46
c1ccc2c3c([nH]c2c1)CN1CCc2cc4c(cc2C1C3)OCO4,6.9
c1ccc2c3c([nH]c2c1)CN1CCc2cc4c(cc2[C@@H]1C3)OCO4,7.24
c1cnc(-c2ccccc2NCC2=NCCN2)nc1,7.359999999999999
c1cnc(N2CCN(CCCc3nc4ccccc4s3)CC2)nc1,6.59
c1cnc2c(N3CCN(CCCCc4ccc(OCCCN5CCCCCC5)cc4)CC3)cccc2c1,7.1
c1cnc2c(N3CCN(CCCc4ccc(OCCCN5CCCCCC5)cc4)CC3)cccc2c1,7.5
c1cnc2c(N3CCN(CCc4ccc(OCCCN5CCCCCC5)cc4)CC3)cccc2c1,8.1
c1cncc(-c2ccccc2OCC2=NCCN2)c1,8.0
c1cncc(-c2ccccc2[C@@H]2Cc3nccn3C2)c1,9.0
c1coc(-c2ccccc2NCC2=NCCN2)c1,9.33
c1coc(-c2ccccc2OCC2=NCCN2)c1,8.9
c1csc(-c2ccccc2NCC2=NCCN2)c1,8.65
c1csc(-c2ccccc2OCC2=NCCN2)c1,9.0
