smiles,pchembl
Br.CN1[C@@H]2CC[C@H]1C[C@@H](OC(=O)C(O)c1ccccc1)C2,6.895
C#C/C(C)=C/CO/N=C1\CN2CCC1C2,6.59
C#C/C(C)=C\CO/N=C1/CN2CCC1C2,7.35
C#C/C(C)=C\CO/N=C1\CN2CCC1C2,6.67
C#CCCCCCCN1CCC(COC(=O)Nc2ccc(F)cc2-c2ccc(F)c(Cl)c2)CC1,8.03
C#CCCCCCCN1CCC(OC(=O)Nc2ccc(F)cc2-c2ccc(F)c(Cl)c2)CC1,8.1
C#CCCCCCN1CCC(COC(=O)Nc2ccc(F)cc2-c2ccc(F)c(Cl)c2)CC1,7.89
C#CCCCCCN1CCC(OC(=O)Nc2ccc(F)cc2-c2ccc(F)c(Cl)c2)CC1,7.64
C#CCOC(=O)C1=CCCN(C)C1,7.06
C#CCO[C@H]1CN2CCC1CC2,6.07
C#CCO[C@H]1C[C@H]2CC[C@@H](C1)N2C[C@@H](C)Cn1ncc2ccc(OC)cc21,7.1
C#CCO[C@H]1C[C@H]2CC[C@@H](C1)N2C[C@@H](C)Cn1ncc2ccccc21,7.2
C#CCOc1noc2c1CNCCC2,8.17
C(#CCN1CCCCC1)COC1=NOCC1.O=C(O)C(=O)O,6.06
C(#Cc1ccccc1)COc1nsnc1C12CN3CC1C2C3,6.11
C(#Cc1ccccc1)COc1nsnc1C1CN2CCC1CC2,7.21
C(#Cc1ccccc1)COc1nsnc1[C@@H]1CN2CCC[C@@H]1C2,7.54
C(#Cc1ccccc1)COc1nsnc1[C@@H]1CN2CCC[C@H]1C2,6.64
C(#Cc1ccccc1)COc1nsnc1[C@H]1CN2CCC1C2,7.96
C(#Cc1ccccc1)COc1nsnc1[C@H]1CN2CCC[C@H]1C2,8.05
C(#Cc1ccccc1)CSc1nsnc1C12CN3CC1C2C3,6.07
C(#Cc1ccccc1)CSc1nsnc1[C@@H]1CN2CC[C@H]1C2,6.86
C(#Cc1ccccc1)CSc1nsnc1[C@H]1CN2CCC[C@H]1C2,8.7
C/C(=N\c1ccc2c(c1)[C@@H](NC(=O)c1ccc(-c3ccccc3)cc1)[C@H](O)C2)N(C)Cc1ccc(F)cc1,6.16
C/C(=N\c1ccc2c(c1)[C@@H](NC(=O)c1ccc(Br)cc1)[C@H](O)C2)N(C)CCc1ccc(F)cc1,6.47
C/C(=N\c1ccc2c(c1)[C@@H](NC(=O)c1ccc(Br)cc1)[C@H](O)C2)N(C)Cc1ccc(F)cc1,6.22
C/C(=N\c1ccc2c(c1)[C@@H](NC(=O)c1ccc(Br)cc1)[C@H](O)C2)NCCc1ccc(F)cc1,6.68
C/C(=N\c1ccc2c(c1)[C@@H](NC(=O)c1ccc(Br)cc1)[C@H](O)C2)NCc1ccc(F)cc1,7.14
C/C(=N\c1ccc2c(c1)[C@@H](NC(=O)c1ccc(Br)cc1)[C@H](O)C2)NCc1cccc(F)c1,6.36
C/C(=N\c1ccc2c(c1)[C@@H](NC(=O)c1ccc(Br)cc1)[C@H](O)C2)NCc1ccccc1F,6.93
C/C(=N\c1ccc2c(c1)[C@@H](NC(=O)c1ccc(Br)cc1)[C@H](O)C2)Nc1ccc(F)cc1,6.13
C/C(=N\c1ccc2c(c1)[C@@H](NC(=O)c1ccc(C(F)(F)F)cc1)[C@H](O)C2)N(C)Cc1ccc(F)cc1,6.76
C/C(=N\c1ccc2c(c1)[C@@H](NC(=O)c1ccc(C)cc1)[C@H](O)C2)N(C)Cc1ccc(F)cc1,7.18
C/C(=N\c1ccc2c(c1)[C@@H](NC(=O)c1ccc(Cl)cc1)[C@H](O)C2)N(C)Cc1ccc(F)cc1,7.18
C/C(=N\c1ccc2c(c1)[C@@H](NC(=O)c1ccc(F)cc1)[C@H](O)C2)N(C)Cc1ccc(F)cc1,6.62
C/C(C#Cc1ccc(C)cc1)=C/CO/N=C1/CN2CCC1C2,8.36
C/C(C#Cc1ccc(C)cc1)=C/CO/N=C1\CN2CCC1C2,7.97
C/C(C#Cc1ccc(Cl)c(Cl)c1)=C\CO/N=C1\CN2CCC1C2,6.03
C/C(C#Cc1ccc(Cl)cc1)=C/CO/N=C1/CN2CCC1C2,8.55
C/C(C#Cc1ccc(F)cc1)=C/CO/N=C1/CN2CCC1C2,6.57
C/C(C#Cc1ccc(F)cc1)=C/CO/N=C1\CN2CCC1C2,8.52
C/C(C#Cc1ccc(F)cc1)=C\CO/N=C1/CN2CCC1C2,6.34
C/C(C#Cc1ccc(F)cc1)=C\CO/N=C1\CN2CCC1C2,8.04
C/C(C#Cc1ccccc1)=C/CO/N=C1/CN2CCC1C2,8.38
C/C(C#Cc1cccs1)=C/CO/N=C1/CN2CCC1C2,8.6
C/C(C#Cc1cccs1)=C/CO/N=C1\CN2CCC1C2,8.64
C/C(C#Cc1cccs1)=C\CO/N=C1\CN2CCC1C2,7.62
C1=C(c2cc3ccccc3o2)C2CCN1CC2,7.51
C1=C(c2cc3ccccc3s2)C2CCN1CC2,6.57
C1=C(c2ccc[se]2)C2CCN1CC2,6.0
C1=C(c2ccco2)C2CCN1CC2,6.41
C1=C(c2cccs2)C2CCN1CC2,6.21
C1=C(c2coc3ccccc23)C2CCN1CC2,7.0
C1=C(c2csc3ccccc23)C2CCN1CC2,7.02
C1=C(c2nc3ccccc3o2)C2CCN1CC2,6.4
C1=C(c2nc3ccccc3s2)C2CCN1CC2,6.22
C1=C2CN3CC[C@]45c6ccccc6N6[C@@H]7OCC=C8CN9CC[C@]%10%11c%12ccccc%12N([C@H](OC1)[C@@H]([C@H]64)[C@H]2C[C@H]35)[C@H]%10[C@H]7[C@H]8C[C@H]9%11,6.36
C1C2C3CC4C2C2C1C3[C@H](NCC13C5C6C7C5C1C7C63)C42,6.71
C1CC2CCC1N2CC12C3C4C5C3C1C5C42,6.16
C1CCC(CN[C@H]2C3C4CC5C6C4CC3C6C52)CC1,6.0
C=C(c1ccc(S(=O)(=O)c2ccc(OC)cc2)cc1)C1CCN(C2CCCCC2)CC1,9.77
C=C(c1ccc(S(=O)(=O)c2ccc(OC)cc2)cc1)C1CCN(C2CCN(C(=O)C(C)C)CC2)CC1,8.66
C=C(c1ccc(S(=O)(=O)c2ccc(OC)cc2)cc1)C1CCN(C2CCN(C(=O)C3CC3)CC2)CC1,9.59
C=C(c1ccc(S(=O)(=O)c2ccc(OC)cc2)cc1)C1CCN(C2CCN(C(=O)CC)CC2)CC1,8.42
C=C(c1ccc(S(=O)(=O)c2ccc(OC)cc2)cc1)C1CCN(C2CCN(C(=O)CCC)CC2)CC1,9.42
C=C(c1ccc(S(=O)(=O)c2ccc(OC)cc2)cc1)C1CCN(C2CCN(C(=O)Cc3ccccc3)CC2)CC1,8.52
C=C(c1ccc(S(=O)(=O)c2ccc(OC)cc2)cc1)C1CCN(C2CCN(C(=O)OC(C)C)CC2)CC1,9.39
C=C(c1ccc(S(=O)(=O)c2ccc(OC)cc2)cc1)C1CCN(C2CCN(C(=O)OC)CC2)CC1,9.0
C=C(c1ccc(S(=O)(=O)c2ccc(OC)cc2)cc1)C1CCN(C2CCN(C(=O)OCC(C)C)CC2)CC1,9.52
C=C(c1ccc(S(=O)(=O)c2ccc(OC)cc2)cc1)C1CCN(C2CCN(C(=O)OCC)CC2)CC1,9.96
C=C(c1ccc(S(=O)(=O)c2ccc(OC)cc2)cc1)C1CCN(C2CCN(C(=O)OCCC)CC2)CC1,9.23
C=C(c1ccc(S(=O)(=O)c2ccc(OC)cc2)cc1)C1CCN(C2CCN(C(=O)OCCCC)CC2)CC1,9.46
C=C(c1ccc(S(=O)(=O)c2ccc(OC)cc2)cc1)C1CCN(C2CCN(C(=O)OCc3ccccc3)CC2)CC1,9.35
C=C(c1ccc(S(=O)(=O)c2ccc(OC)cc2)cc1)C1CCN(C2CCN(S(=O)(=O)C(C)C)CC2)CC1,9.8
C=C(c1ccc(S(=O)(=O)c2ccc(OC)cc2)cc1)C1CCN(C2CCN(S(=O)(=O)CC)CC2)CC1,9.34
C=C(c1ccc(S(=O)(=O)c2ccc(OC)cc2)cc1)C1CCN(C2CCN(S(=O)(=O)CCC)CC2)CC1,9.54
C=C(c1ccc(S(=O)(=O)c2ccc(OC)cc2)cc1)C1CCN(C2CCN(S(=O)(=O)CCCC)CC2)CC1,9.42
C=C(c1ccc(S(=O)(=O)c2ccc(OC)cc2)cc1)C1CCN(C2CCN(S(=O)(=O)Cc3ccccc3)CC2)CC1,8.84
C=C(c1ccc(S(=O)(=O)c2ccc(OC)cc2)cc1)C1CCN(C2CCN(S(=O)(=O)c3ccccc3)CC2)CC1,9.44
C=C(c1ccc(S(=O)(=O)c2ccc(OC)cc2)cc1)C1CCN(C2CCNCC2)CC1,8.94
C=C(c1ccc(Sc2ccc(OC)cc2)cc1)C1CCN(C2CCCCC2)CC1,9.43
C=C(c1ccc([S@+]([O-])c2ccc(OC)cc2)cc1)C1CCN(C2CCCCC2)CC1,10.24
C=C(c1ccc([S@@+]([O-])c2ccc(OC)cc2)cc1)C1CCN(C2CCCCC2)CC1,10.52
C=CC(=O)Nc1cc(Nc2nccc(-c3cn(C)c4ccccc34)n2)c(OC)cc1N(C)CCN(C)C,6.21
C=CCCCC[N@+]1(C)C2CCC1C[C@H](CC(C#N)(c1ccccc1)c1ccccc1)C2.[Br-],10.0
C=CCOC(=O)c1c(C)n(Cc2ccc(OC)cc2)c2ccc3c(c12)CN1CCc2cc(OC)ccc2C1O3,6.62
C=CCO[C@H]1C[C@H]2CC[C@@H](C1)N2C[C@@H](C)Cn1ncc2ccc(F)cc21,7.4
C=CCO[C@H]1C[C@H]2CC[C@@H](C1)N2C[C@@H](C)Cn1ncc2ccccc21,6.89
C=CC[C@]1(O)CC[C@H]2[C@@H]3CCC4=CCCC[C@@H]4[C@H]3CC[C@@]21C,6.31
C=CC[N+](C)(C)Cc1c2n(c3ccccc13)Cc1c(C[N+](C)(C)CC=C)c3ccccc3n1C2.[Br-].[Br-],6.3
C=CC[N+]1(Cc2cccc(O)c2)CCC[C@H](NC(=O)[C@H](Cc2ccc(O)cc2)NC(=O)Nc2ccc(C(=O)OC(C)C)cc2)C1.[I-],8.8
C=CC[N+]12CC[C@@]34c5ccccc5N5[C@@H]6OCC=C7C[N+]8(CC=C)CC[C@]9%10c%11ccccc%11N([C@@H]%11OCC=C(C1)[C@H](C[C@@H]32)[C@@H]%11[C@H]54)[C@H]9[C@H]6[C@H]7C[C@@H]%108.[Br-].[Br-],7.95
C=CCn1ncc(C2CCCNC2)n1,6.08
CC(=C1CCN(C2CCN(C(=O)c3ccc(F)c4ccccc34)CC2)CC1)c1ccc(S(=O)(=O)C(C)C)cc1,8.02
CC(=C1CCN(C2CCN(C(=O)c3ccc(F)c4ccccc34)CC2)CC1)c1ccc([S+]([O-])C(C)C)cc1,8.62
CC(=C1CCN(C2CCN(C(=O)c3cccc(C)c3N)CC2)CC1)c1ccc(S(=O)(=O)C(C)C)cc1,7.5
CC(=C1CCN(C2CCN(C(=O)c3cccc(C)c3N)CC2)CC1)c1ccc([S+]([O-])C(C)C)cc1,8.615
CC(=O)N(c1ccc(Br)cc1)C1CCN(Cc2ccccc2)CC1,6.4
CC(=O)N1C2C=C(CN3C4CCC3CC(NC(=O)Nc3cc(F)cc(C(F)(F)F)c3)C4)CC1CCC2,6.55
CC(=O)NC(=O)[C@H](CC(N)=O)NC(=O)[C@H](CCCNC(=N)N)N[C@H](CCCN)C(=O)NCCN1CCN(CCCC2CCN(CC(=O)N3c4ccccc4NC(=O)c4ccccc43)CC2)CC1.O=C(O)C(F)(F)F.O=C(O)C(F)(F)F.O=C(O)C(F)(F)F.O=C(O)C(F)(F)F.O=C(O)C(F)(F)F,9.73
CC(=O)NC(=O)[C@H](CC(N)=O)NC(=O)[C@H](CCNC(=N)N)N[C@@H](CCCN)C(=O)NCCN1CCN(CCCCC2CCN(CC(=O)N3c4ccccc4NC(=O)c4ccccc43)CC2)CC1.O=C(O)C(F)(F)F.O=C(O)C(F)(F)F.O=C(O)C(F)(F)F.O=C(O)C(F)(F)F.O=C(O)C(F)(F)F,9.75
CC(=O)NC(=O)[C@H](CCCCN)NC(=O)[C@H](C)NC(=O)[C@H](CCCNC(=N)N)NC1CCN(CCCCC2CCN(CC(=O)N3c4ccccc4NC(=O)c4ccccc43)CC2)CC1.O=C(O)C(F)(F)F.O=C(O)C(F)(F)F.O=C(O)C(F)(F)F.O=C(O)C(F)(F)F,9.54
CC(=O)NC(=O)[C@H](CCCCN)NC(=O)[C@H](C)NC(=O)[C@H](CCCNC(=N)N)NCCN1CCN(C(=O)CC2CCN(CC(=O)N3c4ccccc4NC(=O)c4ccccc43)CC2)CC1.O=C(O)C(F)(F)F.O=C(O)C(F)(F)F.O=C(O)C(F)(F)F.O=C(O)C(F)(F)F,6.61
CC(=O)NC(=O)[C@H](CCCCN)NC(=O)[C@H](C)NC(=O)[C@H](CCCNC(=N)N)NCCN1CCN(C(=O)CCC2CCN(CC(=O)N3c4ccccc4NC(=O)c4ccccc43)CC2)CC1.O=C(O)C(F)(F)F.O=C(O)C(F)(F)F.O=C(O)C(F)(F)F,7.39
CC(=O)NC(=O)[C@H](CCCCN)NC(=O)[C@H](C)NC(=O)[C@H](CCCNC(=N)N)NCCN1CCN(C(=O)CCCC2CCN(CC(=O)N3c4ccccc4NC(=O)c4ccccc43)CC2)CC1.O=C(O)C(F)(F)F.O=C(O)C(F)(F)F.O=C(O)C(F)(F)F.O=C(O)C(F)(F)F,7.92
CC(=O)NC(=O)[C@H](CCCCN)NC(=O)[C@H](C)NC(=O)[C@H](CCCNC(=N)N)NCCN1CCN(CC(=O)NC2CCN(CC(=O)N3c4ccccc4NC(=O)c4ccccc43)CC2)CC1.O=C(O)C(F)(F)F.O=C(O)C(F)(F)F.O=C(O)C(F)(F)F.O=C(O)C(F)(F)F.O=C(O)C(F)(F)F,7.05
CC(=O)NC(=O)[C@H](CCCCN)NC(=O)[C@H](C)NC(=O)[C@H](CCCNC(=N)N)NCCN1CCN(CCC(=O)NC2CCN(CC(=O)N3c4ccccc4NC(=O)c4ccccc43)CC2)CC1.O=C(O)C(F)(F)F.O=C(O)C(F)(F)F.O=C(O)C(F)(F)F.O=C(O)C(F)(F)F.O=C(O)C(F)(F)F,9.03
CC(=O)NC(=O)[C@H](CCCCN)NC(=O)[C@H](C)NC(=O)[C@H](CCCNC(=N)N)NCCN1CCN(CCCC2CCN(CC(=O)N3c4ccccc4NC(=O)c4ccccc43)CC2)CC1.O=C(O)C(F)(F)F.O=C(O)C(F)(F)F.O=C(O)C(F)(F)F.O=C(O)C(F)(F)F.O=C(O)C(F)(F)F,9.48
CC(=O)NC(=O)[C@H](CCCCN)NC(=O)[C@H](CCCNC(=N)N)NCCCC1CCN(CC(=O)N2c3ccccc3NC(=O)c3ccccc32)CC1.O=C(O)C(F)(F)F.O=C(O)C(F)(F)F.O=C(O)C(F)(F)F,7.13
CC(=O)NC(=O)[C@H](CCCCN)NC(=O)[C@H](CCCNC(=N)N)NCCN1CCN(C(=O)CCCC2CCN(CC(=O)N3c4ccccc4NC(=O)c4ccccc43)CC2)CC1.O=C(O)C(F)(F)F.O=C(O)C(F)(F)F.O=C(O)C(F)(F)F.O=C(O)C(F)(F)F,7.75
CC(=O)NC(=O)[C@H](CCCCN)NC(=O)[C@H](CCCNC(=N)N)NCCN1CCN(CC(=O)NC2CCN(CC(=O)N3c4ccccc4NC(=O)c4ccccc43)CC2)CC1.O=C(O)C(F)(F)F.O=C(O)C(F)(F)F.O=C(O)C(F)(F)F.O=C(O)C(F)(F)F.O=C(O)C(F)(F)F,7.67
CC(=O)NC(=O)[C@H](CCCCN)NC(=O)[C@H](CCCNC(=N)N)NCCN1CCN(CCCC2CCN(CC(=O)N3c4ccccc4NC(=O)c4ccccc43)CC2)CC1.O=C(O)C(F)(F)F.O=C(O)C(F)(F)F.O=C(O)C(F)(F)F.O=C(O)C(F)(F)F.O=C(O)C(F)(F)F,9.67
CC(=O)NC(=O)[C@H](CCCNC(=N)N)NC(=O)CNC(=O)[C@H](CCCNC(=N)N)NCCCCC1CCN(CC(=O)N2c3ccccc3NC(=O)c3ccccc32)CC1.O=C(O)C(F)(F)F.O=C(O)C(F)(F)F.O=C(O)C(F)(F)F,8.14
CC(=O)NC(=O)[C@H](CCCNC(=N)N)NC(=O)[C@H](C)NC(=O)CNC(=O)[C@H](CCCNC(=N)N)NCCCCC1CCN(CC(=O)N2c3ccccc3NC(=O)c3ccccc32)CC1.O=C(O)C(F)(F)F.O=C(O)C(F)(F)F.O=C(O)C(F)(F)F,8.64
CC(=O)NC(=O)[C@H](CCCNC(=N)N)NC(=O)[C@H](C)NC(=O)CNC(=O)[C@H](CCCNC(=N)N)NCCN1CCN(CCCCC2CCN(CC(=O)N3c4ccccc4NC(=O)c4ccccc43)CC2)CC1.O=C(O)C(F)(F)F.O=C(O)C(F)(F)F.O=C(O)C(F)(F)F.O=C(O)C(F)(F)F.O=C(O)C(F)(F)F,9.68
CC(=O)NC(=O)[C@H](CCCNC(=N)N)NC(=O)[C@H](C)NC(=O)CNCCCCC1CCN(CC(=O)N2c3ccccc3NC(=O)c3ccccc32)CC1.O=C(O)C(F)(F)F.O=C(O)C(F)(F)F,7.83
CC(=O)NC(=O)[C@H](CCCNC(=N)N)NC(=O)[C@H](C)NC(=O)CNCCN1CCN(C(=O)CC2CCN(CC(=O)N3c4ccccc4NC(=O)c4ccccc43)CC2)CC1.O=C(O)C(F)(F)F.O=C(O)C(F)(F)F.O=C(O)C(F)(F)F,6.98
CC(=O)NC(=O)[C@H](CCCNC(=N)N)NC(=O)[C@H](C)NC(=O)CNCCN1CCN(CCCCC2CCN(CC(=O)N3c4ccccc4NC(=O)c4ccccc43)CC2)CC1.O=C(O)C(F)(F)F.O=C(O)C(F)(F)F.O=C(O)C(F)(F)F.O=C(O)C(F)(F)F,9.51
CC(=O)NC(=O)[C@H](CCCNC(=N)N)NC(=O)[C@H](C)NC(=O)[C@@H](CCCNC(=N)N)NCCCCC1CCN(CC(=O)N2c3ccccc3NC(=O)c3ccccc32)CC1.O=C(O)C(F)(F)F.O=C(O)C(F)(F)F.O=C(O)C(F)(F)F,7.88
CC(=O)NC(=O)[C@H](CCCNC(=N)N)NC(=O)[C@H](C)NC(=O)[C@H](CCCNC(=N)N)NCC(=O)NC1CCN(CC(=O)N2c3ccccc3NC(=O)c3ccccc32)CC1.O=C(O)C(F)(F)F.O=C(O)C(F)(F)F.O=C(O)C(F)(F)F,6.6
CC(=O)NC(=O)[C@H](CCCNC(=N)N)NC(=O)[C@H](C)NC(=O)[C@H](CCCNC(=N)N)NCCN1CCN(CCCCC2CCN(CC(=O)N3c4ccccc4NC(=O)c4ccccc43)CC2)CC1.O=C(O)C(F)(F)F.O=C(O)C(F)(F)F.O=C(O)C(F)(F)F.O=C(O)C(F)(F)F.O=C(O)C(F)(F)F,9.72
CC(=O)NC(=O)[C@H](CCCNC(=N)N)NC(=O)[C@H](C)NCCCCC1CCN(CC(=O)N2c3ccccc3NC(=O)c3ccccc32)CC1.O=C(O)C(F)(F)F.O=C(O)C(F)(F)F,8.61
CC(=O)NC(=O)[C@H](CCCNC(=N)N)NC(=O)[C@H](C)NCCN1CCN(CCCCC2CCN(CC(=O)N3c4ccccc4NC(=O)c4ccccc43)CC2)CC1.O=C(O)C(F)(F)F.O=C(O)C(F)(F)F.O=C(O)C(F)(F)F.O=C(O)C(F)(F)F,9.62
CC(=O)NC(=O)[C@H](CCNC(=N)N)NC(=O)[C@@H]1CC(=O)NCCC[C@@H](C(=O)NCCN2CCN(CCCC3CCN(CC(=O)N4c5ccccc5NC(=O)c5ccccc54)CC3)CC2)N1.O=C(O)C(F)(F)F.O=C(O)C(F)(F)F.O=C(O)C(F)(F)F.O=C(O)C(F)(F)F.O=C(O)C(F)(F)F,9.45
CC(=O)NC(=O)[C@H](CCNC(=N)N)NC(=O)[C@@H]1CC(=O)NCCC[C@@H](C(=O)NCCN2CCN(CCCCC3CCN(CC(=O)N4c5ccccc5NC(=O)c5ccccc54)CC3)CC2)N1.O=C(O)C(F)(F)F.O=C(O)C(F)(F)F.O=C(O)C(F)(F)F.O=C(O)C(F)(F)F.O=C(O)C(F)(F)F,9.67
CC(=O)NC(CCCNC(=N)N)C(=O)CCCCCCCCNC(=N)N,6.02
CC(=O)N[C@@H](C)C(=O)N[C@@H](C)C(=O)NCCCCC1CCN(CC(=O)N2c3ccccc3NC(=O)c3ccccc32)CC1.O=C(O)C(F)(F)F,7.64
CC(=O)N[C@@H](C)C(=O)N[C@@H](C)C(=O)NCCN1CCN(CCCCC2CCN(CC(=O)N3c4ccccc4NC(=O)c4ccccc43)CC2)CC1.O=C(O)C(F)(F)F.O=C(O)C(F)(F)F.O=C(O)C(F)(F)F,9.37
CC(=O)N[C@@H](CCC(N)=O)C(=O)N[C@@H](C)C(=O)N[C@@H](CC(C)C)C(=O)NCCCCC1CCN(CC(=O)N2c3ccccc3NC(=O)c3ccccc32)CC1.O=C(O)C(F)(F)F,6.62
CC(=O)N[C@@H](CCC(N)=O)C(=O)N[C@@H](C)C(=O)N[C@@H](CC(C)C)C(=O)NCCN1CCN(CCCCC2CCN(CC(=O)N3c4ccccc4NC(=O)c4ccccc43)CC2)CC1.O=C(O)C(F)(F)F.O=C(O)C(F)(F)F.O=C(O)C(F)(F)F,9.45
CC(=O)N[C@@H](CCC(N)=O)C(=O)N[C@@H](CC(C)C)C(=O)NCCCCC1CCN(CC(=O)N2c3ccccc3NC(=O)c3ccccc32)CC1.O=C(O)C(F)(F)F,6.51
CC(=O)N[C@@H](CCC(N)=O)C(=O)N[C@@H](CC(C)C)C(=O)NCCN1CCN(CCCCC2CCN(CC(=O)N3c4ccccc4NC(=O)c4ccccc43)CC2)CC1.O=C(O)C(F)(F)F.O=C(O)C(F)(F)F.O=C(O)C(F)(F)F,9.62
CC(=O)N[C@@H](CCCCN)C(=O)N[C@@H](C)C(=O)N[C@@H](CCCNC(=N)N)C(=O)NCCCCC1CCN(CC(=O)N2c3ccccc3NC(=O)c3ccccc32)CC1.O=C(O)C(F)(F)F.O=C(O)C(F)(F)F.O=C(O)C(F)(F)F,8.11
CC(=O)N[C@@H](CCCCN)C(=O)N[C@@H](C)C(=O)N[C@@H](CCCNC(=N)N)C(=O)NCCN1CCN(CCCCC2CCN(CC(=O)N3c4ccccc4NC(=O)c4ccccc43)CC2)CC1,10.0
CC(=O)N[C@@H](CCCCN)C(=O)N[C@@H](C)C(=O)N[C@@H](CCCNC(=N)N)C(=O)NCCN1CCN(CCCCC2CCN(CC(=O)N3c4ccccc4NC(=O)c4ccccc43)CC2)CC1.O=C(O)C(F)(F)F.O=C(O)C(F)(F)F.O=C(O)C(F)(F)F.O=C(O)C(F)(F)F.O=C(O)C(F)(F)F,9.91
CC(=O)N[C@@H](CCCCN)C(=O)N[C@@H](C)C(=O)N[C@@H](Cc1ccc(O)cc1)C(=O)NCCCCC1CCN(CC(=O)N2c3ccccc3NC(=O)c3ccccc32)CC1.O=C(O)C(F)(F)F.O=C(O)C(F)(F)F,8.37
CC(=O)N[C@@H](CCCCN)C(=O)N[C@@H](C)C(=O)N[C@@H](Cc1ccc(O)cc1)C(=O)NCCN1CCN(CCCCC2CCN(CC(=O)N3c4ccccc4NC(=O)c4ccccc43)CC2)CC1.O=C(O)C(F)(F)F.O=C(O)C(F)(F)F.O=C(O)C(F)(F)F.O=C(O)C(F)(F)F,9.76
CC(=O)N[C@@H](CCCCN)C(=O)N[C@@H](CCCNC(=N)N)C(=O)NCC(=O)NCCCCC1CCN(CC(=O)N2c3ccccc3NC(=O)c3ccccc32)CC1.O=C(O)C(F)(F)F.O=C(O)C(F)(F)F.O=C(O)C(F)(F)F,8.38
CC(=O)N[C@@H](CCCCN)C(=O)N[C@@H](CCCNC(=N)N)C(=O)NCCCCC1CCN(CC(=O)N2c3ccccc3NC(=O)c3ccccc32)CC1,9.0
CC(=O)N[C@@H](CCCCN)C(=O)N[C@@H](CCCNC(=N)N)C(=O)NCCCCC1CCN(CC(=O)N2c3ccccc3NC(=O)c3ccccc32)CC1.O=C(O)C(F)(F)F.O=C(O)C(F)(F)F.O=C(O)C(F)(F)F,8.585
CC(=O)N[C@@H](CCCCN)C(=O)N[C@@H](CCCNC(=N)N)C(=O)NCCN1CCN(CCCCC2CCN(CC(=O)N3c4ccccc4NC(=O)c4ccccc43)CC2)CC1.O=C(O)C(F)(F)F.O=C(O)C(F)(F)F.O=C(O)C(F)(F)F.O=C(O)C(F)(F)F.O=C(O)C(F)(F)F,10.2
CC(=O)N[C@@H](CCCCN)C(=O)N[C@@H](Cc1ccc(O)cc1)C(=O)NCCCCC1CCN(CC(=O)N2c3ccccc3NC(=O)c3ccccc32)CC1.O=C(O)C(F)(F)F.O=C(O)C(F)(F)F,8.74
CC(=O)N[C@@H](CCCCN)C(=O)N[C@@H](Cc1ccc(O)cc1)C(=O)NCCN1CCN(CCCCC2CCN(CC(=O)N3c4ccccc4NC(=O)c4ccccc43)CC2)CC1.O=C(O)C(F)(F)F.O=C(O)C(F)(F)F.O=C(O)C(F)(F)F.O=C(O)C(F)(F)F,10.1
CC(=O)N[C@@H](CCCN)C(=O)NC(=O)[C@H](C)NC(=O)[C@@H](CCCNC(=N)N)NCCN1CCN(CCCC2CCN(CC(=O)N3c4ccccc4NC(=O)c4ccccc43)CC2)CC1.O=C(O)C(F)(F)F.O=C(O)C(F)(F)F.O=C(O)C(F)(F)F.O=C(O)C(F)(F)F.O=C(O)C(F)(F)F,9.42
CC(=O)N[C@@H](CCCN)C(=O)NC(=O)[C@H](C)NC(=O)[C@H](CCCNC(=N)N)NC1CCN(CCCCC2CCN(CC(=O)N3c4ccccc4NC(=O)c4ccccc43)CC2)CC1.O=C(O)C(F)(F)F.O=C(O)C(F)(F)F.O=C(O)C(F)(F)F.O=C(O)C(F)(F)F,9.69
CC(=O)N[C@@H](CCCN)C(=O)NC(=O)[C@H](C)NC(=O)[C@H](CCCNC(=N)N)NCCN1CCN(C(=O)CC2CCN(CC(=O)N3c4ccccc4NC(=O)c4ccccc43)CC2)CC1.O=C(O)C(F)(F)F.O=C(O)C(F)(F)F.O=C(O)C(F)(F)F.O=C(O)C(F)(F)F,6.49
CC(=O)N[C@@H](CCCN)C(=O)NC(=O)[C@H](C)NC(=O)[C@H](CCCNC(=N)N)NCCN1CCN(C(=O)CCC2CCN(CC(=O)N3c4ccccc4NC(=O)c4ccccc43)CC2)CC1.O=C(O)C(F)(F)F.O=C(O)C(F)(F)F.O=C(O)C(F)(F)F.O=C(O)C(F)(F)F,6.84
CC(=O)N[C@@H](CCCN)C(=O)NC(=O)[C@H](C)NC(=O)[C@H](CCCNC(=N)N)NCCN1CCN(C(=O)CCCC2CCN(CC(=O)N3c4ccccc4NC(=O)c4ccccc43)CC2)CC1.O=C(O)C(F)(F)F.O=C(O)C(F)(F)F.O=C(O)C(F)(F)F.O=C(O)C(F)(F)F,7.71
CC(=O)N[C@@H](CCCN)C(=O)NC(=O)[C@H](C)NC(=O)[C@H](CCCNC(=N)N)NCCN1CCN(CC(=O)NC2CCN(CC(=O)N3c4ccccc4NC(=O)c4ccccc43)CC2)CC1.O=C(O)C(F)(F)F.O=C(O)C(F)(F)F.O=C(O)C(F)(F)F.O=C(O)C(F)(F)F.O=C(O)C(F)(F)F,7.13
CC(=O)N[C@@H](CCCN)C(=O)NC(=O)[C@H](C)NC(=O)[C@H](CCCNC(=N)N)NCCN1CCN(CCCC2CCN(CC(=O)N3c4ccccc4NC(=O)c4ccccc43)CC2)CC1.O=C(O)C(F)(F)F.O=C(O)C(F)(F)F.O=C(O)C(F)(F)F.O=C(O)C(F)(F)F.O=C(O)C(F)(F)F,9.57
CC(=O)N[C@@H](CCCN)C(=O)NC(=O)[C@H](C)NC(=O)[C@H](CCNC(=N)N)NC1CCN(CCCCC2CCN(CC(=O)N3c4ccccc4NC(=O)c4ccccc43)CC2)CC1.O=C(O)C(F)(F)F.O=C(O)C(F)(F)F.O=C(O)C(F)(F)F.O=C(O)C(F)(F)F,9.82
CC(=O)N[C@@H](CCCN)C(=O)NC(=O)[C@H](C)NC(=O)[C@H](CCNC(=N)N)NCCN1CCN(C(=O)CC2CCN(CC(=O)N3c4ccccc4NC(=O)c4ccccc43)CC2)CC1.O=C(O)C(F)(F)F.O=C(O)C(F)(F)F.O=C(O)C(F)(F)F.O=C(O)C(F)(F)F,6.49
CC(=O)N[C@@H](CCCN)C(=O)NC(=O)[C@H](C)NC(=O)[C@H](CCNC(=N)N)NCCN1CCN(C(=O)CCC2CCN(CC(=O)N3c4ccccc4NC(=O)c4ccccc43)CC2)CC1.O=C(O)C(F)(F)F.O=C(O)C(F)(F)F.O=C(O)C(F)(F)F.O=C(O)C(F)(F)F,7.28
CC(=O)N[C@@H](CCCN)C(=O)NC(=O)[C@H](C)NC(=O)[C@H](CCNC(=N)N)NCCN1CCN(C(=O)CCCC2CCN(CC(=O)N3c4ccccc4NC(=O)c4ccccc43)CC2)CC1.O=C(O)C(F)(F)F.O=C(O)C(F)(F)F.O=C(O)C(F)(F)F.O=C(O)C(F)(F)F,7.77
CC(=O)N[C@@H](CCCN)C(=O)NC(=O)[C@H](C)NC(=O)[C@H](CCNC(=N)N)NCCN1CCN(CC(=O)NC2CCN(CC(=O)N3c4ccccc4NC(=O)c4ccccc43)CC2)CC1.O=C(O)C(F)(F)F.O=C(O)C(F)(F)F.O=C(O)C(F)(F)F.O=C(O)C(F)(F)F.O=C(O)C(F)(F)F,7.01
CC(=O)N[C@@H](CCCN)C(=O)NC(=O)[C@H](C)NC(=O)[C@H](CCNC(=N)N)NCCN1CCN(CCC(=O)NC2CCN(CC(=O)N3c4ccccc4NC(=O)c4ccccc43)CC2)CC1.O=C(O)C(F)(F)F.O=C(O)C(F)(F)F.O=C(O)C(F)(F)F.O=C(O)C(F)(F)F.O=C(O)C(F)(F)F,8.93
CC(=O)N[C@@H](CCCN)C(=O)NC(=O)[C@H](C)NC(=O)[C@H](CCNC(=N)N)NCCN1CCN(CCCCC2CCN(CC(=O)N3c4ccccc4NC(=O)c4ccccc43)CC2)CC1.O=C(O)C(F)(F)F.O=C(O)C(F)(F)F.O=C(O)C(F)(F)F.O=C(O)C(F)(F)F.O=C(O)C(F)(F)F,10.1
CC(=O)N[C@@H](CCCN)C(=O)NC(=O)[C@H](CCCNC(=N)N)NCCCC1CCN(CC(=O)N2c3ccccc3NC(=O)c3ccccc32)CC1.O=C(O)C(F)(F)F.O=C(O)C(F)(F)F.O=C(O)C(F)(F)F,7.34
CC(=O)N[C@@H](CCCN)C(=O)NC(=O)[C@H](CCCNC(=N)N)NCCCCC1CCN(CC(=O)N2c3ccccc3NC(=O)c3ccccc32)CC1.O=C(O)C(F)(F)F.O=C(O)C(F)(F)F.O=C(O)C(F)(F)F,8.53
CC(=O)N[C@@H](CCCNC(=N)N)C(=O)NCCCCC1CCN(CC(=O)N2c3ccccc3NC(=O)c3ccccc32)CC1.O=C(O)C(F)(F)F.O=C(O)C(F)(F)F,7.95
CC(=O)N[C@@H](CCCNC(=N)N)C(=O)N[C@@H](CCCCN)C(=O)NCC(=O)NCCCCC1CCN(CC(=O)N2c3ccccc3NC(=O)c3ccccc32)CC1.O=C(O)C(F)(F)F.O=C(O)C(F)(F)F.O=C(O)C(F)(F)F,8.83
CC(=O)N[C@@H](CCCNC(=N)N)C(=O)N[C@@H](CCCCN)C(=O)NCCCCC1CCN(CC(=O)N2c3ccccc3NC(=O)c3ccccc32)CC1.O=C(O)C(F)(F)F.O=C(O)C(F)(F)F.O=C(O)C(F)(F)F,7.92
CC(=O)N[C@@H](CCCNC(=N)N)C(=O)N[C@@H](CCCNC(=N)N)C(=O)NCCCCC1CCN(CC(=O)N2c3ccccc3NC(=O)c3ccccc32)CC1.O=C(O)C(F)(F)F.O=C(O)C(F)(F)F.O=C(O)C(F)(F)F,8.77
CC(=O)N[C@@H](Cc1c[nH]c2ccccc12)C(=O)N[C@@H](C)C(=O)N[C@@H](Cc1ccc(O)cc1)C(=O)NCCCCC1CCN(CC(=O)N2c3ccccc3NC(=O)c3ccccc32)CC1,7.7
CC(=O)N[C@@H](Cc1c[nH]c2ccccc12)C(=O)N[C@@H](C)C(=O)N[C@@H](Cc1ccc(O)cc1)C(=O)NCCCCC1CCN(CC(=O)N2c3ccccc3NC(=O)c3ccccc32)CC1.O=C(O)C(F)(F)F,7.7
CC(=O)N[C@@H](Cc1c[nH]c2ccccc12)C(=O)N[C@@H](C)C(=O)N[C@@H](Cc1ccc(O)cc1)C(=O)NCCN1CCN(CCCCC2CCN(CC(=O)N3c4ccccc4NC(=O)c4ccccc43)CC2)CC1.O=C(O)C(F)(F)F.O=C(O)C(F)(F)F.O=C(O)C(F)(F)F,10.1
CC(=O)N[C@@H](Cc1c[nH]c2ccccc12)C(=O)N[C@@H](Cc1ccc(O)cc1)C(=O)NCCCCC1CCN(CC(=O)N2c3ccccc3NC(=O)c3ccccc32)CC1.O=C(O)C(F)(F)F,7.48
CC(=O)N[C@@H](Cc1c[nH]c2ccccc12)C(=O)N[C@@H](Cc1ccc(O)cc1)C(=O)NCCN1CCN(CCCCC2CCN(CC(=O)N3c4ccccc4NC(=O)c4ccccc43)CC2)CC1.O=C(O)C(F)(F)F.O=C(O)C(F)(F)F.O=C(O)C(F)(F)F,9.83
CC(=O)N[C@@H](Cc1ccc(O)cc1)C(=O)N[C@@H](C)C(=O)N[C@@H](CCCCN)C(=O)NCCCCC1CCN(CC(=O)N2c3ccccc3NC(=O)c3ccccc32)CC1.O=C(O)C(F)(F)F.O=C(O)C(F)(F)F,8.03
CC(=O)N[C@@H](Cc1ccc(O)cc1)C(=O)N[C@@H](C)C(=O)N[C@@H](CCCCN)C(=O)NCCN1CCN(CCCCC2CCN(CC(=O)N3c4ccccc4NC(=O)c4ccccc43)CC2)CC1.O=C(O)C(F)(F)F.O=C(O)C(F)(F)F.O=C(O)C(F)(F)F.O=C(O)C(F)(F)F,9.94
CC(=O)N[C@@H](Cc1ccc(O)cc1)C(=O)N[C@@H](CCCCN)C(=O)NCCCCC1CCN(CC(=O)N2c3ccccc3NC(=O)c3ccccc32)CC1.O=C(O)C(F)(F)F.O=C(O)C(F)(F)F,7.33
CC(=O)N[C@@H](Cc1ccc(O)cc1)C(=O)N[C@@H](CCCCN)C(=O)NCCN1CCN(CCCCC2CCN(CC(=O)N3c4ccccc4NC(=O)c4ccccc43)CC2)CC1.O=C(O)C(F)(F)F.O=C(O)C(F)(F)F.O=C(O)C(F)(F)F.O=C(O)C(F)(F)F,10.1
CC(=O)N[C@H](CCCN)C(=O)NC(=O)[C@H](C)NC(=O)[C@@H](CCCNC(=N)N)NCCN1CCN(CC(=O)NC2CCN(CC(=O)N3c4ccccc4NC(=O)c4ccccc43)CC2)CC1.O=C(O)C(F)(F)F.O=C(O)C(F)(F)F.O=C(O)C(F)(F)F.O=C(O)C(F)(F)F.O=C(O)C(F)(F)F,7.12
CC(=O)N[C@H](CCCN)C(=O)NC(=O)[C@H](C)NC(=O)[C@@H](CCNC(=N)N)NCCN1CCN(CC(=O)NC2CCN(CC(=O)N3c4ccccc4NC(=O)c4ccccc43)CC2)CC1.O=C(O)C(F)(F)F.O=C(O)C(F)(F)F.O=C(O)C(F)(F)F.O=C(O)C(F)(F)F.O=C(O)C(F)(F)F,7.36
CC(=O)N[C@H](CCCN)C(=O)NC(=O)[C@H](C)NC(=O)[C@H](CCCNC(=N)N)NCCN1CCN(C(=O)CCCC2CCN(CC(=O)N3c4ccccc4NC(=O)c4ccccc43)CC2)CC1.O=C(O)C(F)(F)F.O=C(O)C(F)(F)F.O=C(O)C(F)(F)F.O=C(O)C(F)(F)F,7.34
CC(=O)N[C@H](CCCN)C(=O)NC(=O)[C@H](C)NC(=O)[C@H](CCCNC(=N)N)NCCN1CCN(CCC(=O)NC2CCN(CC(=O)N3c4ccccc4NC(=O)c4ccccc43)CC2)CC1.O=C(O)C(F)(F)F.O=C(O)C(F)(F)F.O=C(O)C(F)(F)F.O=C(O)C(F)(F)F.O=C(O)C(F)(F)F,9.08
CC(=O)N[C@H](CCCN)C(=O)NC(=O)[C@H](C)NC(=O)[C@H](CCCNC(=N)N)NCCN1CCN(CCCC2CCN(CC(=O)N3c4ccccc4NC(=O)c4ccccc43)CC2)CC1.O=C(O)C(F)(F)F.O=C(O)C(F)(F)F.O=C(O)C(F)(F)F.O=C(O)C(F)(F)F.O=C(O)C(F)(F)F,9.59
CC(=O)N[C@H](CCCN)C(=O)NC(=O)[C@H](C)NC(=O)[C@H](CCCNC(=N)N)NCCN1CCN(CCCCC2CCN(CC(=O)N3c4ccccc4NC(=O)c4ccccc43)CC2)CC1.O=C(O)C(F)(F)F.O=C(O)C(F)(F)F.O=C(O)C(F)(F)F.O=C(O)C(F)(F)F.O=C(O)C(F)(F)F,9.71
CC(=O)N[C@H](CCCN)C(=O)NC(=O)[C@H](C)NC(=O)[C@H](CCNC(=N)N)NCCN1CCN(CCCC2CCN(CC(=O)N3c4ccccc4NC(=O)c4ccccc43)CC2)CC1.O=C(O)C(F)(F)F.O=C(O)C(F)(F)F.O=C(O)C(F)(F)F.O=C(O)C(F)(F)F.O=C(O)C(F)(F)F,9.5
CC(=O)N[C@H](CCCN)C(=O)NC(=O)[C@H](CCCNC(=N)N)NCCCC1CCN(CC(=O)N2c3ccccc3NC(=O)c3ccccc32)CC1.O=C(O)C(F)(F)F.O=C(O)C(F)(F)F.O=C(O)C(F)(F)F,6.72
CC(=O)N[C@H](CCCN)C(=O)NC(=O)[C@H](CCCNC(=N)N)NCCCCC1CCN(CC(=O)N2c3ccccc3NC(=O)c3ccccc32)CC1.O=C(O)C(F)(F)F.O=C(O)C(F)(F)F.O=C(O)C(F)(F)F,8.09
CC(=O)N[C@H](CCCN)C(=O)NC(=O)[C@H](CCNC(=N)N)NCCCCC1CCN(CC(=O)N2c3ccccc3NC(=O)c3ccccc32)CC1.O=C(O)C(F)(F)F.O=C(O)C(F)(F)F.O=C(O)C(F)(F)F,8.72
CC(=O)Nc1ccccc1C(=O)N1CCC(N2CCN([C@@H](C)c3ccc(S(=O)(=O)c4ccc5c(c4)OCO5)cc3)[C@H](C)C2)CC1,8.36
CC(=O)OC1CC2CCCC1N2,8.365
CC(=O)OCCCCCCCCCCCCOc1nsnc1C1=CCCN(C)C1.Cl,7.8
CC(=O)OCC[N+](C)(C)C,6.66
CC(=O)O[C@@H]1CN2CCC1CC2,6.21
CC(=O)c1ccc2c(c1)N(CCCN(C)C)c1ccccc1S2,6.69
CC(=O)c1cccc(C(=O)NCc2ccc(F)c(-c3cccc(CN4CCN[C@@H](C)C4)c3)c2)c1,7.0
CC(C(=O)O[C@H]1C[N+]2(CCCOc3ccccc3)CCC1CC2)(c1cccs1)c1cccs1.[Br-],9.14
CC(C)(C)C(NC(=O)c1cn(-c2c(F)cc(F)cc2F)c2nc(N3C[C@@H](O)[C@H](O)C3)c(F)cc2c1=O)C(F)(F)C(F)(F)F,9.22
CC(C)(C)CC(C)(C)c1ccc(OCCOCC[N+](C)(C)Cc2ccccc2)cc1.[Cl-],6.465
CC(C)(C)N1CCC(c2ccccc2)(c2ccccc2)CC1,6.52
CC(C)(C)NC(=O)c1ccc(CC2CCN(C3CCN(C(=O)c4ccc(F)c5ccccc45)CC3)CC2)cc1,7.75
CC(C)(C)NS(=O)(=O)c1ccc(-c2sc(C(=O)N[C@H]3C[C@H](C(=O)O)C3)nc2CC2CCCCC2)c2ccccc12,7.32
CC(C)(C)OC(=O)N1C2CC[C@H]1C[C@@H](O)C2,7.1
CC(C)(C)[C@H](NC(=O)c1cn(-c2c(F)cc(F)cc2F)c2nc(N3C[C@@H](O)[C@H](O)C3)ccc2c1=O)C(F)(F)F,8.1
CC(C)(C)c1ccc(C(=O)CCCN2CCC(OC(c3ccccc3)c3ccccc3)CC2)cc1,6.33
CC(C)(CCC(C(N)=O)(c1ccccc1)c1ccccc1)N1CC(Oc2cccc(O)c2)C1,9.86
CC(C)(CCC(C(N)=O)(c1ccccc1)c1ccccc1)N1CC(Oc2ccccc2)C1,10.25
CC(C)(CCC(C(N)=O)(c1ccccc1)c1ccccc1)N1CCC(Oc2ccccc2)CC1,8.59
CC(C)(CCC(C(N)=O)(c1ccccc1)c1ccccc1)N1CC[C@@H](Oc2ccccc2)C1,7.92
CC(C)(CCC(C(N)=O)(c1ccccc1)c1ccccc1)N1CC[C@H](Oc2ccccc2)C1,8.8
CC(C)(CN1C(=O)c2cccc3cccc(c23)C1=O)C[N+](C)(C)CCCCCC[N+](C)(C)CC#CCOC1=NOCC1.[Br-].[Br-],7.775
CC(C)(CN1C(=O)c2cccc3cccc(c23)C1=O)C[N+](C)(C)CCCCCC[N+]1(C)[C@@H]2CC[C@@H]1CC(OC(=O)C(CO)c1ccccc1)C2.[Br-].[Br-],8.07
CC(C)(CN1C(=O)c2cccc3cccc(c23)C1=O)C[N+](C)(C)CCCCCC[N+]1(C)[C@@H]2C[C@H](OC(=O)[C@H](CO)c3ccccc3)C[C@H]1[C@@H]1O[C@@H]12.[Br-].[Br-],8.19
CC(C)(CN1C(=O)c2cccc3cccc(c23)C1=O)C[N+](C)(C)CCCCCC[n+]1c[nH]c(CC2COC(=O)C2)c1.O=C[O-].O=C[O-],6.6
CC(C)(CN1C(=O)c2ccccc2C1=O)C[N+](C)(C)CCCCCC[N+](C)(C)CC(C)(C)CN1C(=O)c2ccccc2C1=O,6.75
CC(C)(CN1C(=O)c2ccccc2C1=O)C[N+](C)(C)CCCCCC[N+](C)(C)CCCN1C(=O)c2ccccc2C1=O,6.87
CC(C)(CN1C(=O)c2ccccc2C1=O)C[N+](C)(C)CCCCCC[N+]1(C)[C@@H]2CC[C@@H]1CC(OC(=O)C(CO)c1ccccc1)C2.[Br-].[Br-],8.01
CC(C)(N)CC1CCN(C(=O)[C@](O)(c2ccccc2)[C@@H]2CCC(F)(F)C2)CC1,6.0
CC(C)(N)COc1ccc(Nc2ccc(CCNC[C@H](O)c3ccc(O)c4[nH]c(=O)ccc34)cc2)cc1,6.2
CC(C)=CCCN1CCC(NC(=O)[C@](O)(c2ccccc2)C2CCCC2)CC1,6.31
CC(C)=CCO/N=C1\CN2CCC1C2,6.29
CC(C)=CCn1c(N2CCC[C@H](N)C2)nc2c1c(=O)n(CC(=O)c1ccccc1)c(=O)n2C,6.82
CC(C)C(=O)Oc1ccc(CO)cc1[C@H](CCN(C(C)C)C(C)C)c1ccccc1,6.38
CC(C)N(CCOC(=O)C(O)(c1ccccc1)c1ccccc1)C(C)C,8.23
CC(C)N(CC[C@H](c1ccccc1)c1cc(CCNC(=O)CCCCCNC(=O)COc2ccc(/C=C/C3=[N+]4C(=Cc5ccc(-c6cccs6)n5[B-]4(F)F)C=C3)cc2)ccc1O)C(C)C,8.05
CC(C)NC(=O)c1ccc(C2(C3CCN(C4CCN(C(=O)c5ccc(F)c6ccccc56)CC4)CC3)OCCO2)cc1,8.62
CC(C)NC(=O)c1ccc(C2(C3CCN(C4CCN(C(=O)c5cccc6[nH]ccc56)CC4)CC3)OCCO2)cc1,8.96
CC(C)NC(=O)c1ccc(C2(C3CCN(C4CCN(C(=O)c5ccccc5Cl)CC4)CC3)OCCO2)cc1,7.46
CC(C)NC(=O)c1ccc(CC2CCN(C3CCN(C(=O)c4c[nH]c5ccccc45)CC3)CC2)cc1,8.22
CC(C)NC(=O)c1ccc(CC2CCN(C3CCN(C(=O)c4ccc(F)c5c(F)cccc45)CC3)CC2)cc1,8.05
CC(C)NC(=O)c1ccc(CC2CCN(C3CCN(C(=O)c4ccc(F)c5ccccc45)CC3)CC2)cc1,8.68
CC(C)NC(=O)c1ccc(CC2CCN(C3CCN(C(=O)c4ccc5[nH]ccc5c4)CC3)CC2)cc1,8.3
CC(C)NC(=O)c1ccc(CC2CCN(C3CCN(C(=O)c4cccc5[nH]ccc45)CC3)CC2)cc1,8.8
CC(C)NC(=O)c1ccc(CC2CCN(C3CCN(C(=O)c4cccc5[nH]cnc45)CC3)CC2)cc1,7.57
CC(C)NC(=O)c1ccc(CC2CCN(C3CCN(C(=O)c4cccc5c(F)cc(F)cc45)CC3)CC2)cc1,8.3
CC(C)NC(=O)c1ccc(CC2CCN(C3CCN(C(=O)c4ccccc4Cl)CC3)CC2)cc1,7.92
CC(C)NC(=O)c1ccc(CC2CCN(C3CCN(C(=O)c4ccccc4N)CC3)CC2)cc1,7.11
CC(C)NC(=O)c1ccc(CC2CCN(C3CCN(C(=O)c4ccnc5ccccc45)CC3)CC2)cc1,7.4
CC(C)NC(=O)c1ccc(NC(=O)N[C@@H](Cc2ccc(O)cc2)C(=O)N[C@H]2CCC[N+](C)(Cc3ccc(O)cc3)C2)cc1.[I-],8.4
CC(C)OC(=O)CSc1ccc(CC2CCN(C3CCN(C(=O)c4cccc5ccccc45)CC3)CC2)cc1,7.32
CC(C)OC(=O)N1CCC(N2CCC(Oc3ccc(S(=O)(=O)c4ccc5c(c4)OCO5)cc3)CC2)CC1,8.49
CC(C)OC(=O)c1ccc(NC(=O)N[C@@H](Cc2ccc(O)cc2)C(=O)N(C)Cc2n(C)cc[n+]2Cc2ccc(Cl)cc2)cc1,6.0
CC(C)OC(=O)c1ccc(NC(=O)N[C@@H](Cc2ccc(O)cc2)C(=O)N2CCC([N+]3(Cc4ccc(Cl)cc4)CCCC3)CC2)cc1,7.02
CC(C)OC(=O)c1ccc(NC(=O)N[C@@H](Cc2ccc(O)cc2)C(=O)N2CCC[C@@H]([N+](C)(C)Cc3ccc(Cl)cc3)C2)cc1,6.08
CC(C)OC(=O)c1ccc(NC(=O)N[C@@H](Cc2ccc(O)cc2)C(=O)N2CCC[C@H]([N+](C)(C)Cc3ccc(Cl)cc3)C2)cc1,6.98
CC(C)OC(=O)c1ccc(NC(=O)N[C@@H](Cc2ccc(O)cc2)C(=O)N2CC[N+](C)(CC3CCCCC3)CC2)cc1,6.72
CC(C)OC(=O)c1ccc(NC(=O)N[C@@H](Cc2ccc(O)cc2)C(=O)N2CC[N+](C)(CCc3ccccc3)CC2)cc1,6.07
CC(C)OC(=O)c1ccc(NC(=O)N[C@@H](Cc2ccc(O)cc2)C(=O)N2CC[N+](C)(Cc3ccc4c(c3)OCO4)CC2)cc1,6.37
CC(C)OC(=O)c1ccc(NC(=O)N[C@@H](Cc2ccc(O)cc2)C(=O)N2CC[N+](Cc3ccc(Cl)cc3)(C(C)C)CC2)cc1,7.01
CC(C)OC(=O)c1ccc(NC(=O)N[C@@H](Cc2ccc(O)cc2)C(=O)N2CC[N+](Cc3ccc(Cl)cc3)(CC3CCCCC3)CC2)cc1,7.23
CC(C)OC(=O)c1ccc(NC(=O)N[C@@H](Cc2ccc(O)cc2)C(=O)N2CC[N+](Cc3ccc(Cl)cc3)(CC3CCc4ccccc4C3)CC2)cc1,7.38
CC(C)OC(=O)c1ccc(NC(=O)N[C@@H](Cc2ccc(O)cc2)C(=O)NC2CCN(Cc3ccc(O)cc3)C2)cc1,7.1
CC(C)OC(=O)c1ccc(NC(=O)N[C@@H](Cc2ccc(O)cc2)C(=O)NCC(C)(C)C[N+](C)(C)Cc2ccc(Cl)cc2)cc1,7.06
CC(C)OC(=O)c1ccc(NC(=O)N[C@@H](Cc2ccc(O)cc2)C(=O)NCCC[N+](C)(C)Cc2ccc(Cl)cc2)cc1,6.75
CC(C)OC(=O)c1ccc(NC(=O)N[C@@H](Cc2ccc(O)cc2)C(=O)NCCC[N+](C)(C)Cc2ccc3ccccc3c2)cc1,6.39
CC(C)OC(=O)c1ccc(NC(=O)N[C@@H](Cc2ccc(O)cc2)C(=O)NCC[N+](C)(C(C)C)C(C)C)cc1,6.47
CC(C)OC(=O)c1ccc(NC(=O)N[C@@H](Cc2ccc(O)cc2)C(=O)NCC[N+](C)(C)C23CC4CC(CC(C4)C2)C3)cc1,7.88
CC(C)OC(=O)c1ccc(NC(=O)N[C@@H](Cc2ccc(O)cc2)C(=O)NCC[N+](C)(C)Cc2ccc(Cl)cc2)cc1,6.26
CC(C)OC(=O)c1ccc(NC(=O)N[C@@H](Cc2ccc(O)cc2)C(=O)NCC[N+](C)(Cc2ccc(Cl)cc2)Cc2ccc(Cl)cc2)cc1,6.39
CC(C)OC(=O)c1ccc(NC(=O)N[C@@H](Cc2ccc(O)cc2)C(=O)NCC[N+](C)(Cc2ccc3ccccc3c2)Cc2ccc3ccccc3c2)cc1,7.82
CC(C)OC(=O)c1ccc(NC(=O)N[C@@H](Cc2ccc(O)cc2)C(=O)NCC[N+]2(C)CCCCCC2)cc1,6.48
CC(C)OC(=O)c1ccc(NC(=O)N[C@@H](Cc2ccc(O)cc2)C(=O)NCC[N+]2(Cc3ccc(Cl)cc3)CCCC2)cc1,6.96
CC(C)OC(=O)c1ccc(NC(=O)N[C@@H](Cc2ccc(O)cc2)C(=O)NCC[N+]2(Cc3ccc(Cl)cc3)CCCCC2)cc1,7.08
CC(C)OC(=O)c1ccc(NC(=O)N[C@@H](Cc2ccc(O)cc2)C(=O)NCc2n(Cc3ccc(Cl)cc3)cc[n+]2Cc2ccc(Cl)cc2)cc1,6.74
CC(C)OC(=O)c1ccc(NC(=O)N[C@@H](Cc2ccc(O)cc2)C(=O)N[C@H]2CCC[N+](C)(Cc3ccc(O)cc3)C2)s1.[I-],9.7
CC(C)OC(=O)c1ccc(NC(=O)N[C@@H](Cc2ccc(O)cc2)C(=O)N[C@H]2CCC[N+](C)(Cc3cccc(O)c3)C2)cc1.[I-],9.0
CC(C)OC(=O)c1ccc(NC(=O)N[C@@H](Cc2ccc(O)cc2)C(=O)N[C@H]2CCC[N+](CC3CC3)(CC3CC3)C2)cc1.[I-],8.3
CC(C)OC(=O)c1ccc(NC(=O)N[C@@H](Cc2ccc(O)cc2)C(=O)N[C@H]2CCC[N+]3(CCCCCC3)C2)cc1.[I-],8.3
CC(C)Oc1ccc2c(C(=O)N3CCC(N4CCC(Cc5ccc(SC(C)C)cc5)CC4)CC3)cccc2c1,8.21
CC(C)S(=O)(=O)N1CCC(N2CCC(Oc3ccc(S(=O)(=O)c4ccc5c(c4)OCO5)cc3)CC2)CC1,7.85
CC(C)S(=O)(=O)c1ccc(CC2CCN(C3CCN(C(=O)c4ccc(F)c5ccccc45)CC3)CC2)cc1,7.215
CC(C)S(=O)(=O)c1ccc(CC2CCN(C3CCN(C(=O)c4cccc5ccccc45)CC3)CC2)cc1,7.77
CC(C)Sc1ccc(CC2CCN(C3CCN(C(=O)c4ccc(Cl)cc4Cl)CC3)CC2)cc1,6.87
CC(C)Sc1ccc(CC2CCN(C3CCN(C(=O)c4ccc(F)c5ccccc45)CC3)CC2)cc1,7.66
CC(C)Sc1ccc(CC2CCN(C3CCN(C(=O)c4ccc(S(N)(=O)=O)cc4)CC3)CC2)cc1,6.89
CC(C)Sc1ccc(CC2CCN(C3CCN(C(=O)c4ccc5ccccc5c4)CC3)CC2)cc1,6.62
CC(C)Sc1ccc(CC2CCN(C3CCN(C(=O)c4cccc5cc(F)ccc45)CC3)CC2)cc1,7.66
CC(C)Sc1ccc(CC2CCN(C3CCN(C(=O)c4cccc5ccc(F)cc45)CC3)CC2)cc1,8.07
CC(C)Sc1ccc(CC2CCN(C3CCN(C(=O)c4cccc5ccccc45)CC3)CC2)cc1,9.05
CC(C)Sc1ccc(CC2CCN(C3CCN(C(=O)c4cccc5cccnc45)CC3)CC2)cc1,6.59
CC(C)Sc1ccc(CC2CCN(C3CCN(C(=O)c4cccc5ncccc45)CC3)CC2)cc1,9.0
CC(C)Sc1ccc(CC2CCN(C3CCN(C(=O)c4ccccc4-c4ccccc4)CC3)CC2)cc1,6.6
CC(C)Sc1ccc(CC2CCN(C3CCN(C(=O)c4ccccc4Cl)CC3)CC2)cc1,6.72
CC(C)Sc1ccc(CC2CCN(C3CCN(C(=O)c4ccccc4F)CC3)CC2)cc1,6.58
CC(C)Sc1ccc(CC2CCN(C3CCN(C(=O)c4ccco4)CC3)CC2)cc1,6.04
CC(C)Sc1ccc(CC2CCN(C3CCN(C(=O)c4ccnc5ccccc45)CC3)CC2)cc1,7.7
CC(C)Sc1ccc(CC2CCN(C3CCN(C(=O)c4ccno4)CC3)CC2)cc1,6.87
CC(C)Sc1ccc(CC2CCN(C3CCN(C(=O)c4cnccn4)CC3)CC2)cc1,6.59
CC(C)Sc1ccc(CC2CCN(C3CCN(C(=O)c4cnnc5ccccc45)CC3)CC2)cc1,6.59
CC(C)Sc1ccc(CC2CCN(C3CCN(C(=O)c4nccc5ccccc45)CC3)CC2)cc1,7.96
CC(C)[N+](C)(CCC(C(N)=O)(c1ccccc1)c1ccccc1)C(C)C,7.96
CC(C)[N+](C)(CCOC(=O)C1c2ccccc2Oc2ccccc21)C(C)C,8.52
CC(C)[N+]1(C)C2CCC1CC(OC(=O)C(CO)c1ccccc1)C2.O.[Br-],8.945
CC(C)[N+]1(C)[C@@H]2CC[C@H]1C[C@@H](OC(=O)C(CO)c1ccccc1)C2,8.985
CC(C)c1ccc(CCNCC2(N(C)C)COc3ccccc3OC2)cc1,7.36
CC(C)c1nc(C(=O)N2CCOC3(CCN(Cc4ccc(Cl)cc4)CC3)C2)cs1,7.5
CC(C)c1nc(C(=O)N2CCOC3(CCN(Cc4cccc(Cl)c4)CC3)C2)cs1,8.0
CC(C)c1nc(C(=O)N2CCOC3(CCN(Cc4ccccc4)CC3)C2)cs1,7.8
CC(C)c1nc(C(=O)N2CCOC3(CCN(Cc4ccccc4Cl)CC3)C2)cs1,7.6
CC(C1=C(CCCN(C)C)Cc2ccccc21)c1ccccn1,6.58
CC(C1=C(CCN(C(C)C)C(C)C)Cc2ccccc21)c1ccccn1,7.37
CC(C1=C(CCN(C)C(C)C)Cc2ccccc21)c1ccccn1,6.84
CC(C1=C(CCN(C)C)Cc2cc(Cl)ccc21)c1ccccn1,7.48
CC(C1=C(CCN(C)C)Cc2ccc(Cl)cc21)c1ccccn1,6.44
CC(C1=C(CCN(C)C)Cc2ccc(F)cc21)c1ccccn1,6.95
CC(C1=C(CCN(C)C)Cc2ccccc21)c1ccccc1,6.59
CC(C1=C(CCN(C)C)Cc2ccccc21)c1ccccn1,7.23
CC(C1=C(CCN(C)CCF)Cc2ccccc21)c1ccccn1,7.49
CC(C1=C(CCN2CCCC2)Cc2ccccc21)c1ccccn1,6.4
CC(C1=C(CCN2CCCCC2)Cc2ccccc21)c1ccccn1,6.07
CC(C1=C(CN(C)C(C)C)Cc2ccccc21)c1ccccn1,7.29
CC(C1=C(CN(C)C)Cc2ccccc21)c1ccccn1,7.91
CC(CN(C)C)CN1c2ccccc2CCc2ccccc21,6.8
CC(CN(C)C)CN1c2ccccc2Sc2ccccc21,6.47
CC(CN1c2ccccc2Sc2ccccc21)N(C)C,7.46
CC(NC(=O)c1cn(-c2c(F)cc(F)cc2F)c2nc(N3C[C@@H](O)[C@@H](O)C3)c(F)cc2c1=O)C(F)(F)C(F)(F)F,8.33
CC(NC(=O)c1cn(-c2c(F)cc(F)cc2F)c2nc(N3C[C@@H](O)[C@H](O)C3)ccc2c1=O)C(F)(F)C(F)(F)F,8.05
CC(OCCN1CCCCCC1)(c1ccccc1)c1ccc(Cl)cc1,6.41
CC(c1ccc(S(=O)(=O)c2ccc(C(C)(C)C)cc2)cc1)N1CCN(C2CCCCC2)CC1,7.48
CC(c1ccc(S(=O)(=O)c2ccc(Cl)cc2)cc1)N1CCN(C2CCCCC2)CC1,9.22
CC(c1ccc(S(=O)(=O)c2ccc(S(C)(=O)=O)cc2)cc1)N1CCN(C2CCCCC2)CC1,7.44
CC(c1ccc(S(=O)(=O)c2ccccc2)cc1)N1CCN(C)CC1,7.47
CC(c1ccc(S(=O)(=O)c2ccccc2)cc1)N1CCN(C2CCCCC2)CC1,9.7
CC(c1ccc(S(=O)(=O)c2ccccc2)cc1)N1CCN(CCO)CC1,7.58
CC(c1ccc(S(=O)(=O)c2ccccc2)cc1)N1CCNCC1,7.43
CC1(C(=O)O[C@H]2C[N+]3(CCCOc4ccccc4)CCC2CC3)c2ccccc2-c2ccccc21.[Br-],8.68
CC1(C(=O)O[C@H]2C[N+]3(CCCOc4ccccc4)CCC2CC3)c2ccccc2Oc2ccccc21.[Br-],9.57
CC1(C)C(/C=C/C=C/C=C2/N(CCCCCC(=O)NCCCCC3CCN(CC(=O)N4c5ccccc5NC(=O)c5ccccc54)CC3)c3ccccc3C2(C)C)=[N+](CCCCS(=O)(=O)[O-])c2ccccc21.O=C(O)C(F)(F)F,6.85
CC1(C)C(/C=C/C=C/C=C2/N(CCCCCC(=O)NCCN3CCN(CCCCC4CCN(CC(=O)N5c6ccccc6NC(=O)c6ccccc65)CC4)CC3)c3ccc(S(=O)(=O)O)cc3C2(C)C)=[N+](CCCCS(=O)(=O)[O-])c2ccccc21.O=C(O)C(F)(F)F.O=C(O)C(F)(F)F,8.690000000000001
CC1(C)C(/C=C/C=C/C=C2/N(CCCCCC(=O)NCCN3CCN(CCCCC4CCN(CC(=O)N5c6ccccc6NC(=O)c6ccccc65)CC4)CC3)c3ccccc3C2(C)C)=[N+](CCCCS(=O)(=O)[O-])c2ccccc21.O=C(O)C(F)(F)F.O=C(O)C(F)(F)F.O=C(O)C(F)(F)F,8.06
CC1(C)C(/C=C/C=C/C=C2/N(CCCCCC(=O)NCCNC(=O)CCc3cn(CCCCC4CCN(CC(=O)N5c6ccccc6NC(=O)c6ccccc65)CC4)cn3)c3ccc(S(=O)(=O)O)cc3C2(C)C)=[N+](CCCCS(=O)(=O)[O-])c2ccccc21.O=C(O)C(F)(F)F,8.145
CC1(C)C(/C=C/C=C/C=C2/N(CCCCCC(=O)NCCNC(=O)CCc3cn(CCCCC4CCN(CC(=O)N5c6ccccc6NC(=O)c6ccccc65)CC4)cn3)c3cccc(S(=O)(=O)O)c3C2(C)C)=[N+](CCCCS(=O)(=O)[O-])c2ccccc21,9.1
CC1(C)C(/C=C/C=C/C=C2/N(CCCCCC(=O)NCCNC(=O)CCc3cn(CCCCC4CCN(CC(=O)N5c6ccccc6NC(=O)c6ccccc65)CC4)cn3)c3ccccc3C2(C)C)=[N+](CCCCS(=O)(=O)[O-])c2ccccc21.O=C(O)C(F)(F)F.O=C(O)C(F)(F)F,9.03
CC1(C)C(/C=C/C=C/C=C2/N(CCCCCC(=O)NCc3cc(C(=O)NCCN4CCC(N5CCC(n6c(=O)[nH]c7ccccc76)CC5)CC4)cc(C(=O)NCCN4CCN(CCCCC5CCN(CC(=O)N6c7ccccc7NC(=O)c7ccccc76)CC5)CC4)c3)c3ccc(S(=O)(=O)[O-])cc3C2(C)C)=[N+](CCCCS(=O)(=O)O)c2ccccc21.O=C(O)C(F)(F)F.O=C(O)C(F)(F)F.O=C(O)C(F)(F)F.O=C(O)C(F)(F)F,9.19
CC1(C)C(/C=C/C=C/C=C2/N(CCCCCC(=O)NCc3cc(C(=O)NCCNC(=O)CCc4cn(CCCCC5CCN(CC(=O)N6c7ccccc7NC(=O)c7ccccc76)CC5)cn4)cc(C(=O)NCCNC(=O)CCc4cn(CCCCC5CCN(CC(=O)N6c7ccccc7NC(=O)c7ccccc76)CC5)cn4)c3)c3ccc(S(=O)(=O)O)cc3C2(C)C)=[N+](CCCCS(=O)(=O)[O-])c2ccccc21.O=C(O)C(F)(F)F.O=C(O)C(F)(F)F.O=C(O)C(F)(F)F,8.524999999999999
CC1(C)C(/C=C/C=C/C=C2/N(CCCCCC(=O)NCc3cc(C(=O)NCCNC(=O)CCc4cn(CCCCC5CCN(CC(=O)N6c7ccccc7NC(=O)c7ccccc76)CC5)cn4)cc(C(=O)NCCNC(=O)CCc4cn(CCCCC5CCN(CC(=O)N6c7ccccc7NC(=O)c7ccccc76)CC5)cn4)c3)c3ccccc3C2(C)C)=[N+](CCCCS(=O)(=O)[O-])c2ccccc21.O=C(O)C(F)(F)F.O=C(O)C(F)(F)F.O=C(O)C(F)(F)F.O=C(O)C(F)(F)F,8.85
CC1(C)C(/C=C/C=C/C=C2/N(CCCCS(=O)(=O)O)c3ccccc3C2(C)C)=[N+](CCCCCC(=O)NCCCCCCCCN2CCC(OC(=O)Nc3ccc(F)cc3-c3ccc(F)c(Cl)c3)CC2)c2ccc(S(=O)(=O)[O-])cc21,8.02
CC1(C)CN(CC/C=C2/c3cc(C(=O)O)ccc3OCc3ncccc32)C[C@H](c2ccc(Cl)cc2)[C@H]1O,8.89
CC1(CCN)CCN(C(=O)[C@](O)(c2ccccc2)[C@@H]2CCC(F)(F)C2)CC1,6.68
CC1(N)CCN(C(=O)[C@](O)(c2ccccc2)[C@@H]2CCC(F)(F)C2)CC1,6.19
CC1CCCCN1CCC[C@@H]1[C@H]2CCCC[C@@H]2C[C@@H]2C(=O)O[C@@H](C)[C@H]12,6.56
CC1CCCN(C(=O)CCN2CCCc3ccccc32)C1,6.105
CC1CCCN(CCC[C@@H]2[C@H]3CCCC[C@@H]3C[C@@H]3C(=O)O[C@@H](C)[C@H]23)C1,6.51
CC1CCN(C(=O)CCN2CCCc3ccccc32)CC1,6.65
CC1CCN(CC(=O)N2c3ccccc3C(=O)Nc3cccnc32)CC1,7.15
CC1CCN(CCC[C@@H]2[C@H]3CCCC[C@@H]3C[C@@H]3C(=O)O[C@@H](C)[C@H]23)CC1,6.55
CC1CN(CCC[C@@H]2[C@H]3CCCC[C@@H]3C[C@@H]3C(=O)O[C@@H](C)[C@H]23)C(C)CN1,6.24
CC1CN(CCC[C@@H]2[C@H]3CCCC[C@@H]3C[C@@H]3C(=O)O[C@@H](C)[C@H]23)CC(C)O1,6.42
CC1CN(c2ccc(OC(F)(F)F)cc2)CCC1C(=O)NCCC1CCN(Cc2ccccc2)CC1,6.26
CC1CN(c2cccc(OC(F)(F)F)c2)CCC1C(=O)NCCC1CCN(Cc2ccccc2)CC1,6.26
CCC(=O)NC1CN(CCCCC2CCN(CC(=O)N3c4ccccc4NC(=O)c4ccccc43)CC2)CCN(CCCCC2CCN(CC(=O)N3c4ccccc4NC(=O)c4ccccc43)CC2)C1.O=C(O)C(F)(F)F.O=C(O)C(F)(F)F.O=C(O)C(F)(F)F.O=C(O)C(F)(F)F,9.15
CCC(=O)NCCCCC1CCN(CC(=O)N2c3ccccc3NC(=O)c3ccccc32)CC1.O=C(O)C(F)(F)F,7.1
CCC(=O)NCCNC(=O)CCc1cn(CCCCC2CCN(CC(=O)N3c4ccccc4NC(=O)c4ccccc43)CC2)cn1,7.99
CCC(=O)NCc1cc(C(=O)NCCN2CCC(N3CCC(n4c(=O)[nH]c5ccccc54)CC3)CC2)cc(C(=O)NCCN2CCN(CCCCC3CCN(CC(=O)N4c5ccccc5NC(=O)c5ccccc54)CC3)CC2)c1,9.44
CCC(=O)NCc1cc(C(=O)NCCNC(=O)CCc2cn(CCCCC3CCN(CC(=O)N4c5ccccc5NC(=O)c5ccccc54)CC3)cn2)cc(C(=O)NCCNC(=O)CCc2cn(CCCCC3CCN(CC(=O)N4c5ccccc5NC(=O)c5ccccc54)CC3)cn2)c1,9.364999999999998
CCC(=O)NCc1cc(C(=O)NCCNC(=O)CCc2cn(CCCCC3CCN(CC(=O)N4c5ccccc5NC(=O)c5ccccc54)CC3)cn2)cc(C(=O)NCCNC(=O)CCc2cn(CCCCC3CCN(CC(=O)N4c5ccccc5NC(=O)c5ccccc54)CC3)cn2)c1.O=C(O)C(F)(F)F.O=C(O)C(F)(F)F.O=C(O)C(F)(F)F.O=C(O)C(F)(F)F,8.38
CCC(=O)OC1CC2CCCC1N2,6.115
CCC(=O)c1ccc2c(c1)N(CC(C)N(C)C)c1ccccc1S2,6.27
CCC(=O)c1cccc(C(=O)NCc2ccc(F)c(-c3cccc(CN4CCN[C@@H](C)C4)c3)c2)c1,7.6
CCC(C)C(C(=O)OCC[N+](C)(CC)CC)c1ccccc1.[Br-],7.49
CCC(C1=C(CCN(C)C)Cc2cc(Cl)ccc21)c1ccccn1,6.97
CCC(C1=C(CCN(C)C)Cc2ccccc21)c1ccccn1,7.01
CCC(NC(=O)c1cn(-c2c(F)cc(F)cc2F)c2nc(N3C[C@@H](O)[C@H](O)C3)c(F)cc2c1=O)C(F)(F)C(F)(F)F,8.74
CCC(NC(=O)c1cn(-c2c(F)cc(F)cc2F)c2nc(N3C[C@@H](O)[C@H](O)C3)ccc2c1=O)C(F)(F)C(F)(F)F,9.0
CCC1(CCN)CCN(C(=O)[C@](O)(c2ccccc2)[C@@H]2CCC(F)(F)C2)CC1,6.52
CCC1CCCCN1CCC[C@@H]1[C@H]2CCCC[C@@H]2C[C@@H]2C(=O)O[C@@H](C)[C@H]12,6.68
CCCC(C)(C)C(=O)N(CC)CCCC1CCN(CC(=O)N2c3ccc(Cl)cc3C(=O)Nc3cccnc32)CC1,7.49
CCCC(C)(C)C(=O)N(CC)CCCC1CCN(CC(=O)N2c3ccccc3NC(=O)c3ccccc32)CC1,8.1
CCCC(C1=C(CCN(C)C)Cc2ccccc21)c1ccccn1,6.17
CCCC(CCC)C(=O)O[C@H]1C[C@H]2CC[C@@H](C1)[N+]2(C)C,6.2
CCCCC(=O)N1CCC(N2CCN([C@@H](C)c3ccc(S(=O)(=O)c4ccc5c(c4)OCO5)cc3)[C@H](C)C2)CC1,8.89
CCCCC(O)(C#CC1(OC)CN2CCC1CC2)c1ccccc1,7.6
CCCCC1CCN(CCCC(=O)c2ccccc2C)CC1,6.01
CCCCC1CCN(CCCN2C(=O)CCc3ccccc32)CC1,6.69
CCCCCC(O)(C#CC1(OC)CN2CCC1CC2)c1ccccc1,7.4
CCCCCC1CCN(CCCN2C(=O)CCc3ccccc32)CC1,6.25
CCCCCCCCCCCCCC(=O)NCC(=O)N[C@@H](CO)C(=O)OCc1ccccc1,8.035
CCCCCCCCCCCCCCCC(=O)OC[C@H](NC(=O)CNC(=O)CCCCCCCCCCCCC)C(=O)OCc1ccccc1,7.41
CCCCCCCCCCCCCCCC[n+]1ccccc1,6.08
CCCCCCCCCCCCCCCC[n+]1ccccc1.[Br-],7.165
CCCCCCCCCCOC(=O)C1=C(c2ccccc2)CCN(CC)C1,7.69
CCCCCCCCCOC(=O)C1=C(c2ccccc2)CCN(CC)C1,7.65
CCCCCCCCCOC(=O)C1CN(CC)CC=C1c1ccccc1,6.31
CCCCCCCCOC(=O)C1=C(c2ccccc2)CCN(CC)C1.O=C(O)C(=O)O,7.28
CCCCCCCCOC(=O)C1CN(CC)CC=C1c1ccccc1.O=C(O)C(=O)O,6.11
CCCCCCCOC(=O)C1=C(c2ccccc2)CCN(CC)C1.O=C(O)C(=O)O,7.13
CCCCCCCOC(=O)C1CN(CC)CC=C1c1ccccc1.O=C(O)C(=O)O,6.13
CCCCCCC[N+]12CCC(CC1)[C@@H](OC(=O)C(O)(c1cccs1)c1cccs1)C2.[Br-],9.44
CCCCCCC[N+]12CCC(CC1)[C@@H](OC(=O)C1(O)c3ccccc3-c3ccccc31)C2.[Br-],8.35
CCCCCCOC(=O)C1=C(c2ccccc2)CCN(CC)C1.O=C(O)C(=O)O,6.64
CCCCCCOC(=O)[C@H]1CN(CC)CC[C@H]1c1ccccc1.O=C(O)C(=O)O,6.39
CCCCCCOc1nccnc1OC1CN2CCC1C2,6.96
CCCCCCOc1nsnc1C1=CCCN(C)C1,6.62
CCCCCCSc1nccnc1O[C@H]1CN2CCC1C2.Cl,8.285
CCCCCN(C(=O)O[C@H]1CN2CCC1CC2)c1ccccc1,7.87
CCCCCNC(=O)/N=C(\N)NCCCc1nnc(N)s1.O=C(O)C(F)(F)F.O=C(O)C(F)(F)F,7.9399999999999995
CCCCCNC(=O)/N=C(\N)NCCCc1sc(N)nc1C,10.0
CCCCCOC(=O)C1=C(c2ccccc2)CCN(CC)C1.O=C(O)C(=O)O,6.22
CCCCN(C(=O)O[C@H]1CN2CCC1CC2)c1ccccc1,7.64
CCCCN(C(=O)O[C@H]1C[N+]2(CCCc3ccccc3)CCC1CC2)c1ccccc1.[Br-],7.75
CCCCN(C(=O)O[C@H]1C[N+]2(CCCc3cccs3)CCC1CC2)c1ccccc1.[Br-],7.96
CCCCN(C(=O)O[C@H]1C[N+]2(CCOc3ccccc3)CCC1CC2)c1ccccc1.[Br-],8.05
CCCCN(C(=O)O[C@H]1C[N+]2(CCc3ccccc3)CCC1CC2)c1ccccc1.[Br-],6.92
CCCCN(CCCC)c1ccc(/C=C/c2cc[n+](CCC[N+](CC)(CC)CC)cc2)cc1.[Br-].[Br-],7.26
CCCCN(Cc1cccs1)C(=O)O[C@H]1CN2CCC1CC2,7.12
CCCCN1CCC(COC(=O)c2cc(Cl)c(NC)c3c2OCCO3)CC1,6.36
CCCCOC(=O)C1CN(CC)CC=C1c1ccccc1.O=C(O)C(=O)O,6.33
CCCCS(=O)(=O)N1CCC(N2CCC(Oc3ccc(S(=O)(=O)c4ccc5c(c4)OCO5)cc3)CC2)CC1,8.16
CCCCS(=O)(=O)N1CCC(N2CCN([C@@H](C)c3ccc(S(=O)(=O)c4ccc5c(c4)OCO5)cc3)[C@H](C)C2)CC1,9.7
CCCC[N+]1(C)[C@@H]2C[C@@H](OC(=O)[C@H](CO)c3ccccc3)C[C@H]1[C@@H]1O[C@@H]12,6.44
CCCCc1[nH]c2ccc3c(c2c1C(=O)OCC)CN1CCc2cc(OC)ccc2C1O3,6.47
CCCN(C(=O)O[C@H]1CN2CCC1CC2)c1ccccc1,6.46
CCCN(CCC)CC1CCCCN1CCNC(=O)N1c2ccccc2C(=O)Nc2cccnc21,8.22
CCCN(CCC)CC1CCCCN1CCNC(=O)N1c2ccccc2NC(=O)c2cccnc21,8.31
CCCOC(=O)C1=C(c2ccccc2)CCN(CC)C1.O=C(O)C(=O)O,6.27
CCCOC(=O)c1ccc(NC(=O)N[C@@H](Cc2ccc(O)cc2)C(=O)NC2CCN(Cc3ccc(O)cc3)C2)cc1,7.0
CCCO[C@H]1CC[C@](C)(N2CCC(N3C(=O)Cc4ccc(C)cc43)CC2)CC1,7.2
CCCO[C@H]1CC[C@](C)(N2CCC(n3c(=O)[nH]c4cc(F)c(C)cc43)CC2)CC1,7.7
CCCO[C@H]1CC[C@](C)(N2CCC(n3c(=O)oc4ccc(S(C)(=O)=O)cc43)CC2)CC1,6.1
CCCO[C@H]1C[C@H]2CC[C@@H](C1)N2C[C@@H](C)Cn1ncc2ccccc21,7.5
CCCS(=O)(=O)N1CCC(N2CCC(C(=O)c3ccc(S(=O)(=O)c4ccc5c(c4)OCO5)cc3)CC2)CC1,8.99
CCCS(=O)(=O)N1CCC(N2CCC(C(=O)c3ccc([S+]([O-])c4ccc5c(c4)OCO5)cc3)CC2)CC1,7.46
CCCS(=O)(=O)N1CCC(N2CCC(C3(c4ccc(S(=O)(=O)c5ccc(OC)cc5)cc4)OCCO3)CC2)CC1,7.48
CCCS(=O)(=O)N1CCC(N2CCC(C3(c4ccc(S(=O)(=O)c5ccc6c(c5)OCO6)cc4)CCCO3)CC2)CC1,8.295
CCCS(=O)(=O)N1CCC(N2CCC(C3(c4ccc(S(=O)(=O)c5ccc6c(c5)OCO6)cc4)OCCO3)CC2)CC1,11.0
CCCS(=O)(=O)N1CCC(N2CCC(C3(c4ccc(S(=O)(=O)c5ccc6c(c5)OCO6)cc4)O[C@H](C)[C@@H](C)O3)CC2)CC1,8.91
CCCS(=O)(=O)N1CCC(N2CCC(C3(c4ccc(S(=O)(=O)c5ccc6c(c5)OCO6)cc4)SCCS3)CC2)CC1,10.51
CCCS(=O)(=O)N1CCC(N2CCC(C3(c4ccc([S+]([O-])c5ccc6c(c5)OCO6)cc4)CCCO3)CC2)CC1,7.92
CCCS(=O)(=O)N1CCC(N2CCC(C3(c4ccc([S+]([O-])c5ccc6c(c5)OCO6)cc4)OCCO3)CC2)CC1,9.09
CCCS(=O)(=O)N1CCC(N2CCC(C3(c4ccc([S+]([O-])c5ccc6c(c5)OCO6)cc4)O[C@H](C)[C@@H](C)O3)CC2)CC1,8.04
CCCS(=O)(=O)N1CCC(N2CCC(C3(c4ccc([S+]([O-])c5ccc6c(c5)OCO6)cc4)SCCS3)CC2)CC1,9.09
CCCS(=O)(=O)N1CCC(N2CCC(Oc3ccc(S(=O)(=O)c4ccc(OC)cc4)cc3)CC2)CC1,6.86
CCCS(=O)(=O)N1CCC(N2CCC(Oc3ccc(S(=O)(=O)c4ccc5c(c4)OCO5)cc3)CC2)CC1,8.8
CCCS(=O)(=O)N1CCC(N2CCN([C@@H](C)c3ccc(S(=O)(=O)c4ccc5c(c4)OCO5)cc3)[C@H](C)C2)CC1,9.7
CCCc1c(C(=O)OCC)c2c3c(ccc2n1C)OC1c2ccc(OC)cc2CCN1C3,6.29
CCN(CC)C(C)CN1c2ccccc2Sc2ccccc21,7.34
CCN(CC)CC#CCOC(=O)C(O)(c1ccccc1)C1CCCCC1,7.93
CCN(CC)CC1CCCCN1CC(=O)N1c2ccccc2C(=O)Nc2cccnc21,7.28
CCN(CC)CCC1=C(C(C)c2ccccn2)c2ccccc2C1,7.35
CCN(CC)CCCC(C)Nc1c2ccc(Cl)cc2nc2ccc(OC)cc12,6.12
CCN(CC)CCCC(C)Nc1cnc(C(=O)Nc2cc(F)cc3cccnc23)cn1,6.41
CCN(CC)CCCC(C)Nc1cnc(C(=O)Nc2ccc(Cl)c3cccnc23)cn1,6.17
CCN(CC)CCCCC1CCN(CC(=O)N2c3ccccc3C(=O)Nc3cccnc32)CC1,8.165
CCN(CC)CCCCC1CCN(CC(=O)N2c3ccccc3NC(=O)c3ccccc32)CC1,9.5
CCN(CC)CCCCCCN(CC(=O)N1c2ccccc2C(=O)Nc2cccnc21)Cc1ccccc1OC,6.75
CCN(CC)CCCCCCNCC(=O)N1c2ccccc2C(=O)Nc2cccnc21,6.6
CCN(CC)CCCCCOC(=O)C(C)(c1ccccc1)C1CCCCC1,6.61
CCN(CC)CCCCOC(=O)C(C)(c1ccccc1)C1CCCCC1,6.61
CCN(CC)CCCOC(=O)C(C)(c1ccccc1)C1CCCCC1,7.71
CCN(CC)CCCOC(=O)N1c2ccccc2Sc2ccccc21,6.66
CCN(CC)CCOC(=O)C(C)(c1ccccc1)C1CCCCC1,7.63
CCN(CC)CCOC(=O)C(C)(c1ccccc1)c1ccc(O)cc1,8.49
CCN(CC)CCOC(=O)C(C)(c1ccccc1)c1ccc(OC(=O)N(C)C)cc1,7.1
CCN(CC)CCOC(=O)C(C)(c1ccccc1)c1ccc(OC(=O)NC)cc1,7.3
CCN(CC)CCOC(=O)C(C)(c1ccccc1)c1ccccc1,8.03
CCN(CC)CCOC(=O)C(CC)(c1ccccc1)c1ccccc1,6.61
CCN(CC)CCOC(=O)C(Cc1cccc2ccccc12)CC1CCCO1,6.7
CCN(CC)CCOC(=O)C(O)(c1ccccc1)c1c(C)cccc1C,6.55
CCN(CC)CCOC(=O)C(O)(c1cccs1)C1CCCCC1,8.1
CCN(CC)CCOC(=O)C(c1ccccc1)C1(O)CCCCC1,7.82
CCN(CC)CCOC(=O)C(c1ccccc1)C1CCCCC1,7.47
CCN(CC)CCOC(=O)C1(C2CCCCC2)CCCCC1,7.34
CCN(CC)CCOCCOC(=O)C1(c2ccc(Cl)cc2)CCCC1,7.01
CCN(CC)CCOCCOC(=O)C1(c2ccc(OC)cc2)CCCC1,6.16
CCN(CC)CCOCCOC(=O)C1(c2ccccc2)CCCC1,6.78
CCN(CC)CCOCCOC(=O)C1(c2ccccc2)CCCCC1,6.84
CCN(CC)CCOCCOCC1(c2ccccc2)CCCC1,6.07
CCN(CC)CCOCNC(=O)C1(c2ccc(Cl)c(Cl)c2)CCCCC1,6.3
CCN(CC)CCOCOC(=O)C1(c2ccc(Cl)c(Cl)c2)CCCCC1,7.66
CCN(CC)CCOc1ccc(CN2CCC(C3CCN(Cc4ccc(C(=O)NC(C)C)cc4)CC3)CC2)cc1,9.77
CCN(CC)CCSC(=O)C(O)(c1ccccc1)c1ccccc1,8.27
CCN(CC)c1ccc(/C=C/c2cc[n+](CCC[N+](CC)(CC)CC)cc2)cc1.[Br-].[Br-],7.42
CCN(CCCCC1CCN(CC(=O)N2c3ccccc3C(=O)N(C(=O)c3ccc(F)cc3)c3ccccc32)CC1)C(=O)c1ccc(F)cc1,7.33
CCN(CCCCC1CCN(CC(=O)N2c3ccccc3NC(=O)c3ccccc32)CC1)C(=O)c1ccc(F)cc1,7.5
CCN(CCCCC1CCN(CC(=O)N2c3ccccc3NC(=O)c3ccccc32)CC1)C(=O)c1cccc(I)c1,6.96
CCN(CCCc1ccccc1)CCCc1ccccc1,6.88
CCN(Cc1ccncc1)C(=O)C(CO)c1ccccc1,6.2
CCN1C(=O)CC2(CCN(C)CC2)C1=O,6.4
CCN1C(CCC2[C@H]3[C@H](C)OC(=O)[C@H]3C[C@H]3CCCC[C@H]23)CCC1(C)C,6.35
CCN1CC=C(c2ccccc2)C(C(=O)OC2CCCCC2)C1.O=C(O)C(=O)O,6.56
CCN1CC=C(c2ccccc2)C(C(=O)OCC(c2ccccc2)c2ccccc2)C1.O=C(O)C(=O)O,6.32
CCN1CC=C(c2ccccc2)C(C(=O)OCC2CCCCC2)C1.O=C(O)C(=O)O,6.18
CCN1CC=C(c2ccccc2)C(C(=O)OCCCCCc2ccccc2)C1.O=C(O)C(=O)O,6.18
CCN1CC=C(c2ccccc2)C(C(=O)OCCc2ccc(C)cc2)C1.O=C(O)C(=O)O,6.02
CCN1CC=C(c2ccccc2)C(C(=O)OCCc2ccc(OC)cc2)C1.O=C(O)C(=O)O,6.13
CCN1CC=C(c2ccccc2)C(C(=O)OCc2ccccc2)C1.Cl,6.62
CCN1CCC(c2ccccc2)=C(C(=O)OC2CCCCC2)C1.O=C(O)C(=O)O,6.59
CCN1CCC(c2ccccc2)=C(C(=O)OCC(C)C)C1.O=C(O)C(=O)O,6.37
CCN1CCC(c2ccccc2)=C(C(=O)OCC2CCCCC2)C1.O=C(O)C(=O)O,6.25
CCN1CCC(c2ccccc2)=C(C(=O)OCCC2CCCCC2)C1.O=C(O)C(=O)O,6.62
CCN1CCC(c2ccccc2)=C(C(=O)OCCCC2CCCCC2)C1.O=C(O)C(=O)O,6.33
CCN1CCC(c2ccccc2)=C(C(=O)OCCCCCc2ccccc2)C1.O=C(O)C(=O)O,6.92
CCN1CCC(c2ccccc2)=C(C(=O)OCCc2ccc(C)cc2)C1,6.87
CCN1CCC(c2ccccc2)=C(C(=O)OCCc2ccc(C)cc2)C1.O=C(O)C(=O)O,6.87
CCN1CCC(c2ccccc2)=C(C(=O)OCCc2ccccc2)C1.O=C(O)C(=O)O,6.61
CCN1CCC(c2ccccc2)=C(C(=O)OCc2ccccc2)C1.Cl,6.35
CCN1CCC(c2ccccc2)=C(C(=O)Oc2ccccc2)C1.O=C(O)C(=O)O,6.02
CCN1CC[C@@H](c2ccccc2)[C@H](C(=O)OCCc2ccccc2)C1.O=C(O)C(=O)O,6.45
CCNC(=O)N1CCC(N2CCN([C@@H](C)c3ccc(S(=O)(=O)c4ccc5c(c4)OCO5)cc3)[C@H](C)C2)CC1,8.6
CCNCCCCC1CCN(CC(=O)N2c3ccccc3NC(=O)c3ccccc32)CC1,8.35
CCO/C(O)=C1\CN2CC(CCC2COCc2ccccc2)C1=O,6.244999999999999
CCOC(=O)C1=C(c2ccccc2)CCN(CC)C1.O=C(O)C(=O)O,6.4
CCOC(=O)CSc1ccc(CC2CCN(C3CCN(C(=O)c4cccc5cc(OCC)ccc45)CC3)CC2)cc1,8.57
CCOC(=O)CSc1ccc(CC2CCN(C3CCN(C(=O)c4cccc5ccccc45)CC3)CC2)cc1,7.4
CCOC(=O)N(CC)CCCCC1CCN(CC(=O)N2c3ccccc3NC(=O)c3ccccc32)CC1,7.43
CCOC(=O)N1CC2(CC[C@@H](N3CCN(c4cc(F)cnc4-c4cnn(C(C)C)c4)CC3)C2)C1,7.0
CCOC(=O)N1CC2(CC[C@@H](N3CCN(c4cc(F)cnc4-c4cscn4)CC3)C2)C1,7.0
CCOC(=O)N1CCC(N2CCC(C(=O)c3ccc(S(=O)(=O)c4ccc(OC)cc4)cc3)CC2)CC1,8.54
CCOC(=O)N1CCC(N2CCC(C(=O)c3ccc(S(=O)(=O)c4ccc5c(c4)OCO5)cc3)CC2)CC1,9.89
CCOC(=O)N1CCC(N2CCC(C3(c4ccc(S(=O)(=O)c5ccc(OC)cc5)cc4)OCCCO3)CC2)CC1,9.14
CCOC(=O)N1CCC(N2CCC(C3(c4ccc(S(=O)(=O)c5ccc(OC)cc5)cc4)OCCO3)CC2)CC1,9.8
CCOC(=O)N1CCC(N2CCC(C3(c4ccc(S(=O)(=O)c5ccc(OC)cc5)cc4)SCCCS3)CC2)CC1,7.84
CCOC(=O)N1CCC(N2CCC(C3(c4ccc(S(=O)(=O)c5ccc(OC)cc5)cc4)SCCS3)CC2)CC1,9.96
CCOC(=O)N1CCC(N2CCC(C3(c4ccc(S(=O)(=O)c5ccc6c(c5)OCO6)cc4)OCCO3)CC2)CC1,10.14
CCOC(=O)N1CCC(N2CCC(C3(c4ccc(S(=O)(=O)c5ccc6c(c5)OCO6)cc4)O[C@@H](C)[C@H](C)O3)CC2)CC1,8.74
CCOC(=O)N1CCC(N2CCC(C3(c4ccc(S(=O)(=O)c5ccc6c(c5)OCO6)cc4)O[C@H](C)[C@@H](C)O3)CC2)CC1,10.52
CCOC(=O)N1CCC(N2CCC(Oc3ccc(S(=O)(=O)c4ccc5c(c4)OCO5)cc3)CC2)CC1,8.22
CCOC(=O)N1CCC(N2CCC(n3c(=O)[nH]c4ccccc43)CC2)CC1,7.92
CCOC(=O)N1CCN(C(C)c2ccc(S(=O)(=O)c3ccccc3)cc2)CC1,6.87
CCOC(=O)c1c(C)n(C)c2ccc3c(c12)CN1CCc2cc(OC)ccc2C1O3,6.29
CCOC(=O)c1c(C)n(CC)c2ccc3c(c12)CN1CCc2cc(OC)ccc2C1O3,6.66
CCOC(=O)c1c(CC)n(C)c2ccc3c(c12)CN1CCc2cc(OC)ccc2C1O3,6.15
CCOC(=O)c1c(CC)n(Cc2ccccc2)c2ccc3c(c12)CN1CCc2cc(OC)ccc2C1O3,6.43
CCOC(=O)c1ccc(NC(=O)N[C@@H](Cc2ccc(-c3ccccc3)cc2)C(=O)N[C@H]2CC[N+](C)(Cc3ccc4c(c3)OCO4)C2)cc1.[I-],8.3
CCOC(=O)c1ccc(NC(=O)N[C@@H](Cc2ccc(Br)cc2)C(=O)N[C@H]2CC[N+](C)(Cc3ccc4c(c3)OCO4)C2)cc1.[I-],8.4
CCOC(=O)c1ccc(NC(=O)N[C@@H](Cc2ccc(C#N)cc2)C(=O)N[C@H]2CC[N+](C)(Cc3ccc4c(c3)OCO4)C2)cc1.[I-],7.9
CCOC(=O)c1ccc(NC(=O)N[C@@H](Cc2ccc(C(=O)c3ccccc3)cc2)C(=O)N[C@H]2CC[N+](C)(Cc3ccc4c(c3)OCO4)C2)cc1.[I-],8.6
CCOC(=O)c1ccc(NC(=O)N[C@@H](Cc2ccc(C(F)(F)F)cc2)C(=O)N[C@H]2CC[N+](C)(Cc3ccc4c(c3)OCO4)C2)cc1.[I-],8.0
CCOC(=O)c1ccc(NC(=O)N[C@@H](Cc2ccc(C)cc2)C(=O)N[C@H]2CC[N+](C)(Cc3ccc4c(c3)OCO4)C2)cc1.[I-],8.0
CCOC(=O)c1ccc(NC(=O)N[C@@H](Cc2ccc(Cl)c(Cl)c2)C(=O)N[C@H]2CC[N+](C)(Cc3ccc4c(c3)OCO4)C2)cc1.[I-],7.9
CCOC(=O)c1ccc(NC(=O)N[C@@H](Cc2ccc(Cl)cc2)C(=O)N[C@H]2CC[N+](C)(Cc3ccc4c(c3)OCO4)C2)cc1.[I-],8.2
CCOC(=O)c1ccc(NC(=O)N[C@@H](Cc2ccc(F)cc2)C(=O)N[C@H]2CC[N+](C)(Cc3ccc4c(c3)OCO4)C2)cc1.[I-],8.0
CCOC(=O)c1ccc(NC(=O)N[C@@H](Cc2ccc(N)cc2)C(=O)N[C@H]2CC[N+](C)(Cc3ccc4c(c3)OCO4)C2)cc1.[I-],7.8
CCOC(=O)c1ccc(NC(=O)N[C@@H](Cc2ccc(O)cc2)C(=O)NC2CCN(CC3CC3)C2)cc1,7.0
CCOC(=O)c1ccc(NC(=O)N[C@@H](Cc2ccc(O)cc2)C(=O)NC2CCN(Cc3ccc(O)cc3)C2)cc1,6.8
CCOC(=O)c1ccc(NC(=O)N[C@@H](Cc2ccc(O)cc2)C(=O)NC2CCN(Cc3ccc(OC)cc3)C2)cc1,6.6
CCOC(=O)c1ccc(NC(=O)N[C@@H](Cc2ccc(O)cc2)C(=O)NC2CCN(Cc3ccc4c(c3)OCO4)C2)cc1,6.7
CCOC(=O)c1ccc(NC(=O)N[C@@H](Cc2ccc(O)cc2)C(=O)NC2CCN(Cc3cccc(C#N)c3)C2)cc1,7.0
CCOC(=O)c1ccc(NC(=O)N[C@@H](Cc2ccc(O)cc2)C(=O)NC2CCN(Cc3cccc(C(F)(F)F)c3)C2)cc1,6.2
CCOC(=O)c1ccc(NC(=O)N[C@@H](Cc2ccc(O)cc2)C(=O)NC2CCN(Cc3cccc(Cl)c3)C2)cc1,6.9
CCOC(=O)c1ccc(NC(=O)N[C@@H](Cc2ccc(O)cc2)C(=O)NC2CCN(Cc3cccc(O)c3)C2)cc1,6.8
CCOC(=O)c1ccc(NC(=O)N[C@@H](Cc2ccc(O)cc2)C(=O)NC2CCN(Cc3cccc(OC)c3)C2)cc1,6.5
CCOC(=O)c1ccc(NC(=O)N[C@@H](Cc2ccc(O)cc2)C(=O)NC2CCN(Cc3ccccc3)C2)cc1,6.7
CCOC(=O)c1ccc(NC(=O)N[C@@H](Cc2ccc(O)cc2)C(=O)NC2CCN(Cc3ccccc3OC)C2)cc1,6.8
CCOC(=O)c1ccc(NC(=O)N[C@@H](Cc2ccc(O)cc2)C(=O)N[C@H]2CCC[N+](C)(Cc3ccc(F)cc3)C2)cc1.[I-],8.6
CCOC(=O)c1ccc(NC(=O)N[C@@H](Cc2ccc(O)cc2)C(=O)N[C@H]2CCN(Cc3ccc(O)cc3)C2)cc1,6.9
CCOC(=O)c1ccc(NC(=O)N[C@@H](Cc2ccc(O)cc2)C(=O)N[C@H]2CC[N+](C)(Cc3ccc(F)cc3)C2)cc1.[I-],7.4
CCOC(=O)c1ccc(NC(=O)N[C@@H](Cc2ccc(O)cc2)C(=O)N[C@H]2CC[N+](C)(Cc3ccc(O)cc3)C2)cc1.[I-],7.4
CCOC(=O)c1ccc(NC(=O)N[C@@H](Cc2ccc(O)cc2)C(=O)N[C@H]2CC[N+](C)(Cc3ccc4c(c3)OCO4)C2)cc1.[I-],7.4
CCOC(=O)c1ccc(NC(=O)N[C@@H](Cc2ccc(OC)c(OC)c2)C(=O)N[C@H]2CC[N+](C)(Cc3ccc4c(c3)OCO4)C2)cc1.[I-],7.3
CCOC(=O)c1ccc(NC(=O)N[C@@H](Cc2ccc(OC)cc2)C(=O)N[C@H]2CC[N+](C)(Cc3ccc4c(c3)OCO4)C2)cc1.[I-],8.3
CCOC(=O)c1ccc(NC(=O)N[C@@H](Cc2cccc(Cl)c2)C(=O)N[C@H]2CC[N+](C)(Cc3ccc4c(c3)OCO4)C2)cc1.[I-],8.4
CCOC(=O)c1ccc(NC(=O)N[C@@H](Cc2ccccc2Cl)C(=O)N[C@H]2CC[N+](C)(Cc3ccc4c(c3)OCO4)C2)cc1.[I-],7.0
CCOCC(=O)N1CCC(N2CCC(Oc3ccc(S(=O)(=O)c4ccc5c(c4)OCO5)cc3)CC2)CC1,7.75
CCOCC[C@H]1C[C@H]2CC[C@@H](C1)N2C[C@@H](C)Cn1ncc2ccc(C)cc21,7.89
CCOCC[C@H]1C[C@H]2CC[C@@H](C1)N2C[C@@H](C)Cn1ncc2ccccc21,7.8
CCOC[C@H]1[C@@H]2CNC[C@@]21c1ccc(Cl)c(Cl)c1,6.7
CCO[C@H]1CC[C@](C)(N2CCC(N3C(=O)Cc4ccc(C)cc43)CC2)CC1,7.0
CCO[C@H]1CC[C@](C)(N2CCC(n3c(=O)oc4c(F)cc(C)cc43)CC2)CC1,6.1
CCO[C@H]1CC[C@](C)(N2CCC(n3c(=O)oc4cc(F)c(C)cc43)CC2)CC1,6.3
CCO[C@H]1CC[C@](C)(N2CCC(n3c(=O)oc4ccc(OC)cc43)CC2)CC1,6.4
CCOc1cc([C@H](Cc2c(Cl)c[n+]([O-])cc2Cl)OC(=O)c2ccc(CN[C@@](CO)(C(=O)O[C@H]3CN4CCC3CC4)c3ccccc3)s2)ccc1OC,8.0
CCOc1ccc2c(C(=O)N3CCC(N4CCC(Cc5ccc(SC(C)C)cc5)CC4)CC3)cccc2c1,7.85
CCOc1ccccc1C(=O)N1CCC2(CCN(Cc3ccccc3)CC2)CC1,7.1
CCOc1ccccc1C1CCN([C@@H]2CCC3(C2)CN(C(=O)C2COC2)C3)CC1,6.68
CCOc1noc2c1CNCCC2,7.39
CCS(=O)(=O)N1CCC(N2CCC(Oc3ccc(S(=O)(=O)c4ccc5c(c4)OCO5)cc3)CC2)CC1,8.7
CCS(=O)(=O)N1CCC(N2CCN([C@@H](C)c3ccc(S(=O)(=O)c4ccc5c(c4)OCO5)cc3)[C@H](C)C2)CC1,9.15
CC[C@@H](NC(=O)c1cn(-c2c(Cl)cc(F)cc2Cl)c2nc(N3C[C@@H](O)CC3=O)ccc2c1=O)C(F)(F)F,7.28
CC[C@@H](NC(=O)c1cn(-c2c(Cl)cccc2Cl)c2nc(N3C[C@@H](O)CC3=O)ccc2c1=O)C(F)(F)F,7.13
CC[C@@H](NC(=O)c1cn(-c2c(F)cc(F)cc2F)c2nc(N3C[C@@H](O)CC3=O)ccc2c1=O)C(F)(F)F,8.15
CC[C@@H](NC(=O)c1cn(-c2c(F)cccc2F)c2nc(N3C[C@@H](O)CC3=O)ccc2c1=O)C(F)(F)F,7.75
CC[C@@H](NC(=O)c1cn(-c2ccc(F)cc2F)c2nc(N3C[C@@H](O)CC3=O)ccc2c1=O)C(F)(F)F,7.16
CC[C@@H](NC(=O)c1cn(-c2ccccc2Cl)c2nc(N3C[C@@H](O)CC3=O)ccc2c1=O)C(F)(F)F,6.96
CC[C@@H](NC(=O)c1cn(-c2ccccc2F)c2nc(N3C[C@@H](O)CC3=O)ccc2c1=O)C(F)(F)F,6.95
CC[C@H](C)C(C(=O)OCCCN(CC)CC)c1ccccc1,6.94
CC[C@H](NC(=O)c1cn(-c2c(F)cc(F)cc2F)c2nc(N3CC4CC4(O)C3)ccc2c1=O)C(F)(F)F,8.1
CC[C@H](NC(=O)c1cn(-c2c(F)cc(F)cc2F)c2nc(N3C[C@@H](O)CC3=O)ccc2c1=O)C(F)(F)F,7.7
CC[C@H](NC(=O)c1cn(-c2c(F)cc(F)cc2F)c2nc(N3C[C@@H](O)[C@H](O)C3)ccc2c1=O)C(F)(F)F,7.82
CC[C@H](NC(=O)c1cn(-c2c(F)cccc2F)c2nc(N3C[C@@H](O)CC3=O)ccc2c1=O)C(F)(F)F,7.51
CC[C@H](NC(=O)c1cn(-c2ncc(F)cc2F)c2nc(N3C[C@@H](O)CC3=O)ccc2c1=O)C(F)(F)F,7.04
CC[C@H]1C(=O)OC[C@@H]1Cc1c[n+](CCCCCC[N+](C)(C)CC(C)(C)CN2C(=O)c3cccc4cccc(c34)C2=O)cn1C.O=C[O-].O=C[O-],6.27
CC[C@]1(O)CC[C@H]2[C@@H]3CCC4=CCCC[C@@H]4[C@H]3CC[C@@]21C,6.76
CC[N+](C)(CC)CCOC(=O)C(O)(c1ccccc1)C1CCCCC1,8.52
CC[N+](C)(CC)CCOC(=O)C(O)(c1ccccc1)c1ccccc1.[Br-],8.81
CC[N+](C)(CC)CCOC(=O)C1c2ccccc2Oc2ccccc21,7.9
CC[N+](CC)(CC)CCC(O)(c1ccccc1)C1CCCCC1,7.82
CC[N+](CC)(CC)CCOC(=O)C(c1ccccc1)c1ccccc1.[I-],6.13
CC[N+](CC)(CC)CCOc1cccc(OCC[N+](CC)(CC)CC)c1OCC[N+](CC)(CC)CC.[I-].[I-].[I-],6.11
CC[N+](CC)(CCNC(=O)[C@H](Cc1ccc(O)cc1)NC(=O)Nc1ccc(C(=O)OC(C)C)cc1)Cc1ccc(Cl)cc1,6.51
CC[N+]1(C)CCCC(OC(=O)C(O)(c2ccccc2)c2ccccc2)C1,7.64
CC[N+]1(C)[C@@H]2CC(OC(=O)[C@H](CO)c3ccccc3)C[C@H]1[C@@H]1O[C@@H]12,8.52
CC[N+]1(C2CCN(C(=O)[C@H](Cc3ccc(O)cc3)NC(=O)Nc3ccc(C(=O)OC(C)C)cc3)CC2)CCCC1,6.25
CC[N+]1(CCOC(=O)C(O)(c2ccccc2)c2ccccc2)CCCCC1.[Br-],7.805
CCc1nc(C(=O)N2CCOC3(CCN(Cc4ccc(Cl)cc4)CC3)C2)cs1,7.9
CCn1ncc(C2=CCCNC2)n1,6.57
CCn1nnc(C2=CCCN(C)C2)n1,6.53
CN(C(=O)C1c2ccccc2Oc2ccccc21)[C@H]1CN2CCC1CC2,6.54
CN(C(=O)C1c2ccccc2Oc2ccccc21)[C@H]1C[N+]2(CCCOc3ccc(-c4ccccc4)cc3)CCC1CC2.[Cl-],6.85
CN(C(=O)C1c2ccccc2Oc2ccccc21)[C@H]1C[N+]2(CCCn3cccc3)CCC1CC2.[Br-],6.87
CN(C)C(=O)CSc1ccc(CC2CCN(C3CCN(C(=O)c4cccc5ccccc45)CC3)CC2)cc1,7.92
CN(C)C1(CNCC2CCCCC2)COc2ccccc2OC1,7.92
CN(C)C1(CNCC=C2CCOCC2)COc2ccccc2OC1,8.06
CN(C)C1(CNCCC23CC4CC(CC(C4)C2)C3)COc2ccccc2OC1,9.18
CN(C)C1(CNCCC2=CCSCC2)COc2ccccc2OC1,7.92
CN(C)C1(CNCCC2CCC(CO)CC2)COc2ccccc2OC1,8.74
CN(C)C1(CNCCC2CCC(O)CC2)COc2ccccc2OC1,8.72
CN(C)C1(CNCCC2CCCC2)COc2ccccc2OC1,8.62
CN(C)C1(CNCCC2CCCCC2)COc2ccccc2OC1,8.21
CN(C)C1(CNCCC2CCCCCC2)COc2ccccc2OC1,8.7
CN(C)C1(CNCCC2CCOCC2)COc2cc(Cl)c(Cl)cc2OC1,9.92
CN(C)C1(CNCCC2CCOCC2)COc2ccc(F)cc2OC1,8.29
CN(C)C1(CNCCC2CCOCC2)COc2ccccc2OC1,8.22
CN(C)C1(CNCCC2CCSCC2)COc2ccccc2OC1,8.14
CN(C)C1(CNCCc2c(Cl)cccc2Cl)COc2ccccc2OC1,7.31
CN(C)C1(CNCCc2ccc(Cl)cc2)COc2ccccc2OC1,7.31
CN(C)C1(CNCCc2ccccc2)COc2ccccc2OC1,7.05
CN(C)C1(CNCCc2ccccc2F)COc2ccccc2OC1,7.39
CN(C)CC#CCOC1=NOCC1,7.0
CN(C)CC/C=C1/c2ccccc2Sc2ccc(Cl)cc21,7.22
CN(C)CC1COCC(c2ccccc2)(C2CCCCC2)O1,7.88
CN(C)CC1COCC(c2ccccc2)(c2ccccc2)O1.O=C(O)C(=O)O,7.78
CN(C)CCC1=C(C(C)(C)c2ccccn2)c2ccccc2C1,7.81
CN(C)CCC1=C(C(c2ccccc2)c2ccccn2)c2ccccc2C1,6.64
CN(C)CCC1=C(Cc2ccccn2)c2ccccc2C1,6.63
CN(C)CCC=C1c2ccccc2C(C)(C)c2ccccc21,6.6
CN(C)CCC=C1c2ccccc2C=Cc2ccccc21,6.095
CN(C)CCC=C1c2ccccc2CCc2ccccc21,7.0649999999999995
CN(C)CCC=C1c2ccccc2COc2ccccc21,6.25
CN(C)CCCCOC(=O)C(C)(c1ccccc1)C1CCCCC1,6.59
CN(C)CCCN1c2ccccc2CCc2ccc(Cl)cc21,6.62
CN(C)CCCN1c2ccccc2Sc2ccc(C(F)(F)F)cc21,6.23
CN(C)CCCN1c2ccccc2Sc2ccccc21,6.0
CN(C)CCCOC(=O)C(C)(c1ccccc1)C1CCCCC1,7.57
CN(C)CCCn1c2c(c3ccccc31)CCCCCC2,6.21
CN(C)CCOC(=O)C(c1ccccc1)C1(O)CCCC1,6.375
CN(C)CCOC(c1ccccc1)c1ccccc1.Cn1c(=O)c2[nH]c(Cl)nc2n(C)c1=O,6.5649999999999995
CN(C)C[C@@H]1COCC(c2ccccc2)(c2ccccc2)O1,7.02
CN(C)C[C@@H]1COCC(c2ccccc2)(c2ccccc2)O1.O=C(O)C(=O)O,7.02
CN(C)C[C@@H]1COC[C@](c2ccccc2)(C2CCCCC2)O1,7.17
CN(C)C[C@H]1COCC(c2ccccc2)(c2ccccc2)O1,8.01
CN(C)C[C@H]1COCC(c2ccccc2)(c2ccccc2)O1.O=C(O)C(=O)O,8.01
CN(C)C[C@H]1COC[C@@](c2ccccc2)(C2CCCCC2)O1,8.1
CN(C)[C@@H]1CCCC[C@@H]1N(C)CC(=O)N1c2ccccc2NC(=O)c2ccccc21.O=C(O)C(=O)O.O=C(O)C(=O)O,8.46
CN(C)[C@@H]1CCCC[C@H]1N(C)CC(=O)N1c2ccccc2NC(=O)c2ccccc21.O=C(O)C(=O)O.O=C(O)C(=O)O,8.4
CN(C)[C@H]1CCCC[C@@H]1N(C)CC(=O)N1c2ccccc2NC(=O)c2ccccc21.O=C(O)C(=O)O.O=C(O)C(=O)O,8.27
CN(C)[C@H]1CCCC[C@H]1N(C)CC(=O)N1c2ccccc2NC(=O)c2ccccc21.O=C(O)C(=O)O.O=C(O)C(=O)O,8.35
CN(C)c1cc2c(cc1F)c(=O)c(C(=O)NCC1CCCCC1)cn2-c1ccc(F)cc1F,6.82
CN(C)c1ccc(C(=C2C=CC(=[N+](C)C)C=C2)c2ccc(N(C)C)cc2)cc1.[Cl-],6.29
CN(C)c1ccc2c(-c3ccc(-c4cn(CCCCCn5cc(CCCCCCN6CCC(COC(=O)Nc7ccc(F)cc7-c7ccc(F)c(Cl)c7)CC6)nn5)nn4)cc3C(=O)[O-])c3ccc(=[N+](C)C)cc-3oc2c1,7.96
CN(C)c1ccc2c(-c3ccc(-c4cn(CCCCCn5cc(CCCCCCN6CCC(OC(=O)Nc7ccc(F)cc7-c7ccc(F)c(Cl)c7)CC6)nn5)nn4)cc3C(=O)[O-])c3ccc(=[N+](C)C)cc-3oc2c1,8.01
CN(C)c1ccc2c(-c3ccc(-c4cn(CCCCCn5cc(CCCCCN6CCC(COC(=O)Nc7ccc(F)cc7-c7ccc(F)c(Cl)c7)CC6)nn5)nn4)cc3C(=O)[O-])c3ccc(=[N+](C)C)cc-3oc2c1,7.58
CN(C)c1ccc2c(-c3ccc(-c4cn(CCCCCn5cc(CCCCCN6CCC(OC(=O)Nc7ccc(F)cc7-c7ccc(F)c(Cl)c7)CC6)nn5)nn4)cc3C(=O)[O-])c3ccc(=[N+](C)C)cc-3oc2c1,7.58
CN(C)c1ccc2c(-c3ccc(C(=O)NCCN4CCN(CCCCC5CCN(CC(=O)N6c7ccccc7NC(=O)c7ccccc76)CC5)CC4)cc3C(=O)[O-])c3ccc(=[N+](C)C)cc-3oc2c1,9.7
CN(C)c1ccc2c(-c3ccc(C(=O)NCCN4CCN(CCCCC5CCN(CC(=O)N6c7ccccc7NC(=O)c7ccccc76)CC5)CC4)cc3C(=O)[O-])c3ccc(=[N+](C)C)cc-3oc2c1.O=C(O)C(F)(F)F.O=C(O)C(F)(F)F.O=C(O)C(F)(F)F,9.04
CN(C)c1ccc2c(-c3ccc(C(=O)NCCNC(=O)CCc4cn(CCCCC5CCN(CC(=O)N6c7ccccc7NC(=O)c7ccccc76)CC5)cn4)cc3C(=O)[O-])c3ccc(=[N+](C)C)cc-3oc2c1,8.77
CN(C)c1ccc2c(-c3ccc(C(=O)NCCNC(=O)CCc4cn(CCCCC5CCN(CC(=O)N6c7ccccc7NC(=O)c7ccccc76)CC5)cn4)cc3C(=O)[O-])c3ccc(=[N+](C)C)cc-3oc2c1.O=C(O)C(F)(F)F.O=C(O)C(F)(F)F,8.489999999999998
CN(C)c1ccc2c(=O)c(C(=O)NC34CC5CC(CC(C5)C3)C4)cn(-c3ccc(F)cc3F)c2n1,7.72
CN(C)c1ccc2c(=O)c(C(=O)NCC3CCCCC3)cn(-c3ccc(F)cc3F)c2n1,7.31
CN(CCCCCCCCN(C)C(=O)CCCCCN(CC(=O)N1c2ccccc2C(=O)Nc2cccnc21)CC(=O)N1c2ccccc2C(=O)Nc2cccnc21)C(=O)CCCCCN(CC(=O)N1c2ccccc2C(=O)Nc2cccnc21)CC(=O)N1c2ccccc2C(=O)Nc2cccnc21,7.75
CN(CCCCCCCCN(C)C(=O)CCCCCN(CC(=O)N1c2ccccc2C(=O)Nc2cccnc21)CC(=O)N1c2ccccc2C(=O)Nc2cccnc21)C(=O)CCCCCNCC(=O)N1c2ccccc2C(=O)Nc2cccnc21,8.36
CN(CCCCCCCCN(C)C(=O)CCCCCNCC(=O)N1c2ccccc2C(=O)Nc2cccnc21)C(=O)CCCCCN,8.01
CN(CCCCCCCCN(C)C(=O)CCCCCNCC(=O)N1c2ccccc2C(=O)Nc2cccnc21)C(=O)CCCCCNCC(=O)N1c2ccccc2C(=O)Nc2cccnc21,9.3
CN(CCCCCCCCN(C)C(=O)CCCCCNCCC(=O)N1c2ccccc2C(=O)Nc2cccnc21)C(=O)CCCCCN,8.04
CN(CCCCCCCCN(C)C(=O)CCCCCNCCCC(=O)N1c2ccccc2C(=O)Nc2cccnc21)C(=O)CCCCCN,9.34
CN(CCCCCCCCN(C)C(=O)CCCCCNCCCCC(=O)N1c2ccccc2C(=O)Nc2cccnc21)C(=O)CCCCCN,9.53
CN(CCCCCCCCN(C)CCCCCCN(CC(=O)N1c2ccccc2C(=O)Nc2cccnc21)CC(=O)N1c2ccccc2C(=O)Nc2cccnc21)CCCCCCN(CC(=O)N1c2ccccc2C(=O)Nc2cccnc21)CC(=O)N1c2ccccc2C(=O)Nc2cccnc21.O=C(O)C(=O)O.O=C(O)C(=O)O.O=C(O)C(=O)O.O=C(O)C(=O)O,7.81
CN(CCCCCCCCN(C)CCCCCCN(CC(=O)N1c2ccccc2C(=O)Nc2cccnc21)CC(=O)N1c2ccccc2C(=O)Nc2cccnc21)CCCCCCNCC(=O)N1c2ccccc2C(=O)Nc2cccnc21,9.65
CN(CCCCCCCCN(C)CCCCCCN(CC(=O)N1c2ccccc2C(=O)Nc2cccnc21)CC(=O)N1c2ccccc2C(=O)Nc2cccnc21)CCCCCCNCC(=O)N1c2ncccc2NC(=O)c2cccnc21,9.57
CN(CCCCCCCCN(C)CCCCCCN(CC(=O)N1c2ccccc2NC(=O)c2ccccc21)CC(=O)N1c2ccccc2NC(=O)c2ccccc21)CCCCCCNCC(=O)N1c2ccccc2NC(=O)c2ccccc21.O=C(O)C(=O)O.O=C(O)C(=O)O.O=C(O)C(=O)O.O=C(O)C(=O)O,9.7
CN(CCCCCCCCN(C)CCCCCCN(CC(=O)N1c2ccccc2NC(=O)c2cccnc21)CC(=O)N1c2ccccc2NC(=O)c2cccnc21)CCCCCCN(CC(=O)N1c2ccccc2NC(=O)c2cccnc21)CC(=O)N1c2ccccc2NC(=O)c2cccnc21.O=C(O)C(=O)O.O=C(O)C(=O)O.O=C(O)C(=O)O.O=C(O)C(=O)O,7.87
CN(CCCCCCCCN(C)CCCCCCN(CC(=O)N1c2ccccc2NC(=O)c2cccnc21)CC(=O)N1c2ccccc2NC(=O)c2cccnc21)CCCCCCNCC(=O)N1c2ccccc2NC(=O)c2cccnc21.O=C(O)C(=O)O.O=C(O)C(=O)O.O=C(O)C(=O)O.O=C(O)C(=O)O,8.6
CN(CCCCCCCCN(C)CCCCCCNCC(=O)N1c2ccccc2C(=O)Nc2cccnc21)CCCCCCNCC(=O)N1c2ccccc2C(=O)Nc2cccnc21,9.14
CN(CCCCCCCCN(C)CCCCCCNCC(=O)N1c2ccccc2NC(=O)c2ccccc21)CCCCCCNCC(=O)N1c2ccccc2NC(=O)c2ccccc21.O=C(O)C(=O)O.O=C(O)C(=O)O.O=C(O)C(=O)O.O=C(O)C(=O)O,8.82
CN(CCCCCCCCN(C)CCCCCCNCC(=O)N1c2ccccc2NC(=O)c2cccnc21)CCCCCCNCC(=O)N1c2ccccc2NC(=O)c2cccnc21.O=C(O)C(=O)O.O=C(O)C(=O)O.O=C(O)C(=O)O.O=C(O)C(=O)O,8.28
CN(CCCCCCN)CCCCCCCCN(C)CCCCCCN,6.55
CN(CCCCCCN)CCCCCCCCN(C)CCCCCCN(CC(=O)N1c2ccccc2C(=O)Nc2cccnc21)CC(=O)N1c2ccccc2C(=O)Nc2cccnc21.O=C(O)C(=O)O.O=C(O)C(=O)O.O=C(O)C(=O)O.O=C(O)C(=O)O,8.23
CN(CCCCCCN)CCCCCCCCN(C)CCCCCCNCC(=O)N1c2ccccc2C(=O)Nc2cccnc21,8.02
CN(CCCCCCN)CCCCCCCCN(C)CCCCCCNCCC(=O)N1c2ccccc2C(=O)Nc2cccnc21,8.57
CN(CCCCCCN)CCCCCCCCN(C)CCCCCCNCCCC(=O)N1c2ccccc2C(=O)Nc2cccnc21,9.15
CN(CCCCCCN)CCCCCCCCN(C)CCCCCCNCCCCC(=O)N1c2ccccc2C(=O)Nc2cccnc21,9.01
CN(CCC[N+]12CCC(CC1)[C@@H](NC(=O)C1(O)c3ccccc3-c3ccccc31)C2)c1ccccc1.[Cl-],6.09
CN(CCCc1cccc(F)c1)[C@H]1C2C3CC4C2C(=O)C2C4C3C21,6.31
CN(CCN1CCC(OC(=O)Nc2ccccc2-c2ccccc2)CC1)C(=O)c1ccc(CN2CCC(C(N)=O)CC2)cc1,7.33
CN(Cc1ccccc1)[C@H]1C2C3CC4C2C(=O)C2C4C3C21,6.32
CN1/C(=C/C=C/C=C/C2=[N+](CCCCCC(=O)NCCCCCCCCN3CCC(COC(=O)Nc4ccc(F)cc4-c4ccc(F)c(Cl)c4)CC3)c3ccccc3C2(C)C)C(C)(C)c2ccccc21,8.96
CN1/C(=C/C=C/C=C/C2=[N+](CCCCCC(=O)NCCCCCCCCN3CCC(OC(=O)Nc4ccc(F)cc4-c4ccc(F)c(Cl)c4)CC3)c3ccccc3C2(C)C)C(C)(C)c2ccccc21,9.21
CN1/C(=C/C=C/C=C/C2=[N+](CCCCCC(=O)NCCCCCCN3CCC(COC(=O)Nc4ccc(F)cc4-c4ccc(F)c(Cl)c4)CC3)c3ccccc3C2(C)C)C(C)(C)c2ccccc21,8.17
CN1/C(=C/C=C/C=C/C2=[N+](CCCCCC(=O)NCCCCCCN3CCC(OC(=O)Nc4ccc(F)cc4-c4ccc(F)c(Cl)c4)CC3)c3ccccc3C2(C)C)C(C)(C)c2ccccc21,8.23
CN1/C(=C/C=C/C=C/C2=[N+](CCCCCC(=O)NCCCNCCCCCCN3CCC(COC(=O)Nc4ccc(F)cc4-c4ccc(F)c(Cl)c4)CC3)c3ccccc3C2(C)C)C(C)(C)c2ccccc21,8.0
CN1C(=O)N(C2CCN(Cc3ccccc3)CC2)CC1(c1ccccc1)c1ccccc1,6.28
CN1C2CCCC1C(OC(=O)OCC(Cl)(Cl)Cl)C2,6.0649999999999995
CN1C2CCCC1C(OC(=O)c1ccccc1)C2,6.234999999999999
CN1CC2CC(OC(=O)C(C)(c3ccccc3)c3ccccc3)CC1C2,9.33
CN1CC=C(c2nsnc2OCCCN2CCN(CCCCC3CCN(CC(=O)N4c5ccccc5NC(=O)c5ccccc54)CC3)CC2)CC1,10.1
CN1CCC(=C2c3ccccc3C=Cc3ccccc32)CC1,7.92
CN1CCC(=C2c3ccccc3CC(=O)c3sccc32)CC1,6.225
CN1CCC(=C2c3ccccc3CC(=O)c3sccc32)CC1.O=C(O)/C=C/C(=O)O,6.61
CN1CCC(=C2c3ccccc3CCc3cccnc32)CC1,7.145
CN1CCC(=C2c3ccccc3CCc3sccc32)CC1,7.07
CN1CCC(=C2c3ccccc3Sc3ccccc32)CC1,8.15
CN1CCC(CNC(=O)[C@H]2CCCN2C(=O)[C@@H]2C[C@@H](O)CN2C(=O)CC(c2ccc(F)cc2)(c2ccc(F)cc2)c2ccc(F)cc2)CC1,6.14
CN1CCC(N(Cc2cccs2)c2ccccc2)CC1,6.16
CN1CCC(OC(=O)C(CO)c2cccc(C(F)(F)F)c2)CC1,7.51
CN1CCC(OC(c2ccccc2)c2ccccc2)CC1,6.76
CN1CCC(Oc2nc3ccccc3n2-c2ccccc2)C1,6.59
CN1CCC(Oc2nc3ccccc3n2-c2ccccc2)CC1,6.97
CN1CCC(c2ccccc2F)=C(C(=O)OCCc2ccc3c(c2)CCO3)C1,6.27
CN1CCC2=C(C1)c1ccccc1Cc1ccccc12,6.07
CN1CCC=C(c2nsnc2OCC#Cc2ccccc2)C1,6.62
CN1CCC=C(c2nsnc2OCCCC2CCN(CCCN3C(=O)CCc4ccccc43)CC2)C1,7.18
CN1CCC=C(c2nsnc2OCCCCCC2CCN(CCCN3C(=O)CCc4ccccc43)CC2)C1,7.96
CN1CCC=C(c2nsnc2OCCCCCCCC2CCN(CCCN3C(=O)CCc4ccccc43)CC2)C1,8.86
CN1CCC=C(c2nsnc2OCCCCCCCCCC2CCN(CCCN3C(=O)CCc4ccccc43)CC2)C1,8.77
CN1CCC=C(c2nsnc2OCCCCCCCCCCCC2CCN(CCCN3C(=O)CCc4ccccc43)CC2)C1,7.05
CN1CCC=C(c2nsnc2OCCCCCCCCCCCCCC2CCN(CCCN3C(=O)CCc4ccccc43)CC2)C1,7.07
CN1CCC=C(c2nsnc2OCCCCCCCCCCCCO)C1.Cl,7.8
CN1CCC=C(c2nsnc2OCCCCCCCCCOc2nsnc2C2=CCCN(C)C2)C1,8.5
CN1CCC=C(c2nsnc2OCCOCCOCCOCCO)C1,7.3
CN1CCC=C(c2nsnc2OCCOCCOCCOCCOc2nsnc2C2=CCCN(C)C2)C1,9.55
CN1CCCC(CC2c3ccccc3Sc3ccccc32)C1,8.274999999999999
CN1CCCC(CN2c3ccccc3Sc3ccccc32)C1,6.46
CN1CCCC(Oc2nc3ccccc3n2-c2ccccc2)C1,6.42
CN1CCCC/C1=N\c1ccc2c(c1)[C@@H](NC(=O)c1ccc(Br)cc1)[C@H](O)C2,7.62
CN1CCCC1c1ccc(C(O)(c2ccccc2)C2CCCCC2)o1,8.17
CN1CCCC1c1ccc(C(O)(c2ccccc2)c2ccccc2)o1,7.53
CN1CCCC1c1ccc(C(c2ccccc2)C2CCCCC2)o1,6.85
CN1CCCC1c1ccc(C(c2ccccc2)c2ccccc2)o1,7.19
CN1CCCCC1CCN1c2ccccc2Sc2ccc([S+](C)[O-])cc21,6.82
CN1CCCN(C(c2ccccc2)c2ccc(Cl)cc2)CC1,6.83
CN1CCCN=C1COC(=O)C(O)(c1ccccc1)C1CCCCC1,7.37
CN1CCC[C@@H]1CCO[C@](C)(c1ccccc1)c1ccc(Cl)cc1,6.805
CN1CCC[C@@H]1[C@@H]1CSC(c2ccccc2)(c2ccccc2)O1,8.56
CN1CCC[C@@H]1[C@@H]1CS[C@@](c2ccccc2)(C2CCCCC2)O1,8.35
CN1CCC[C@@H]1[C@@H]1CS[C@](c2ccccc2)(C2CCCCC2)O1,8.97
CN1CCC[C@@H]1[C@@H]1C[S+]([O-])C(c2ccccc2)(c2ccccc2)O1,7.02
CN1CCC[C@@H]1[C@@H]1C[S+]([O-])[C@@](c2ccccc2)(C2CCCCC2)O1,7.3
CN1CCC[C@@H]1[C@@H]1C[S+]([O-])[C@](c2ccccc2)(C2CCCCC2)O1,7.675000000000001
CN1CCC[C@@H]1c1ccc([C@@](O)(c2ccccc2)C2CCCCC2)o1,6.44
CN1CCC[C@@H]1c1ccc([C@](O)(c2ccccc2)C2CCCCC2)o1,8.34
CN1CCC[C@H]1[C@H]1CSC(c2ccccc2)(c2ccccc2)O1,8.31
CN1CCC[C@H]1[C@H]1CS[C@@](c2ccccc2)(C2CCCCC2)O1,8.56
CN1CCC[C@H]1[C@H]1CS[C@](c2ccccc2)(C2CCCCC2)O1,8.37
CN1CCC[C@H]1[C@H]1C[S+]([O-])C(c2ccccc2)(c2ccccc2)O1,6.455
CN1CCC[C@H]1[C@H]1C[S+]([O-])[C@@](c2ccccc2)(C2CCCCC2)O1,6.59
CN1CCC[C@H]1[C@H]1C[S+]([O-])[C@](c2ccccc2)(C2CCCCC2)O1,6.18
CN1CCC[C@H]1c1ccc([C@](O)(c2ccccc2)C2CCCCC2)o1,7.22
CN1CCN(C(c2ccccc2)c2ccc(Cl)cc2)CC1,6.3
CN1CCN(C(c2ccccc2)c2ccccc2)CC1,6.38
CN1CCN(C2=Nc3cc(Cl)ccc3Nc3ccccc32)CC1,6.515000000000001
CN1CCN(CC(=O)N2c3ccccc3C(=O)Nc3cccnc32)CC1,6.28
CN1CCN(CC(=O)N2c3ccccc3C(=O)Nc3cccnc32)[C@@H]2CCCC[C@@H]21,6.19
CN1CCN(CC(=O)N2c3ccccc3C(=O)Nc3cccnc32)[C@@H]2CCCC[C@H]21,6.0
CN1CCN(c2ccc(Nc3c4ccccc4nc4ccccc34)cc2)CC1.Cl.Cl.O,6.69
CN1CCc2c(c3ccccc3n2Cc2ccccc2)C1,6.57
CN1[C@@H]2CC[C@H]1CC(OC(=O)[C@H](CO)c1ccccc1)C2,8.34
CN1[C@@H]2CC[C@H]1C[C@@H](CC(C#N)(c1ccccc1)c1ccccc1)C2,9.4
CN1[C@@H]2CC[C@H]1C[C@@H](CC(C(=O)NCc1ccccc1)(c1ccccc1)c1ccccc1)C2,6.26
CN1[C@@H]2CC[C@H]1C[C@@H](CC(C(=O)O)(c1ccccc1)c1ccccc1)C2,6.62
CN1[C@@H]2CC[C@H]1C[C@@H](CC(CNS(=O)(=O)c1ccccc1)(c1ccccc1)c1ccccc1)C2,6.34
CN1[C@@H]2CC[C@H]1C[C@@H](CC(CO)(c1ccccc1)c1ccccc1)C2,8.05
CN1[C@@H]2CC[C@H]1C[C@@H](CC(O)(c1ccccc1)c1ccccc1)C2,8.3
CN1[C@@H]2CC[C@H]1C[C@@H](OC(=O)C(CO)c1ccccc1)C2,8.55
CN1[C@@H]2CC[C@H]1C[C@@H](OC(=O)N(CC1CCCCC1)c1ccsc1)C2,6.57
CN1[C@@H]2CC[C@H]1C[C@@H](OC(=O)N(Cc1ccc(C#N)cc1)c1ccsc1)C2,6.44
CN1[C@@H]2CC[C@H]1C[C@@H](OC(=O)N(Cc1ccsc1)c1ccccc1)C2,7.04
CN1[C@@H]2CC[C@H]1C[C@@H](OC(=O)[C@H](CO)c1ccccc1)C2,7.99
CN1[C@@H]2CC[C@H]1C[C@@H](OC(c1ccccc1)c1ccccc1)C2,7.2
CN1[C@@H]2CC[C@H]1C[C@@H](Oc1nc3ccccc3n1-c1ccccc1)C2,6.36
CN1[C@@H]2CC[C@H]1C[C@H](OC(=O)N(Cc1ccccc1)c1ccccc1)C2,6.6
CN1[C@@H]2CC[C@H]1C[C@H](OC(=O)N(Cc1ccccc1)c1cccs1)C2,7.58
CN1[C@@H]2CC[C@H]1C[C@H](OC(=O)N(Cc1ccccc1)c1ccsc1)C2,7.41
CN1[C@@H]2CC[C@H]1C[C@H](OC(=O)N(Cc1cccs1)c1ccccc1)C2,7.42
CN1[C@@H]2CC[C@H]1C[C@H](OC(=O)N(Cc1ccoc1)c1ccccc1)C2,7.08
CN1[C@@H]2CC[C@H]1C[C@H](OC(=O)N(Cc1ccsc1)c1ccsc1)C2,7.71
CN1[C@@H]2CC[C@H]1C[C@H](OC(=O)N(c1ccccc1)c1ccccc1)C2,6.65
CN1[C@@H]2CC[C@H]1C[C@H](OC(=O)Nc1ccc(F)cc1-c1ccccc1)C2,7.52
CN1[C@@H]2CC[C@H]1C[C@H](Oc1nc3ccccc3n1-c1ccccc1)C2,7.8
CN1[C@@H]2C[C@@H](OC(=O)[C@H](CO)c3ccccc3)C[C@H]1[C@@H]1O[C@@H]12,8.45
CN1[C@@H]2C[C@H](OC(=O)Nc3ccc(F)cc3-c3ccccc3)C[C@H]1[C@@H]1O[C@@H]12,7.33
CNC(=O)Oc1cccc2c1CCC1C2CCN1CCC1CCCCC1,6.88
CNCCC=C1c2ccccc2CCc2ccccc21,6.33
CNCc1ccccc1-c1csc([C@@H](C)Nc2nc(C)nc3cc(OC)c(OC)cc23)c1,6.29
CNc1nc(N2CCN(C(=O)NCCC3CCN(Cc4ccccc4)CC3)[C@H](C)C2)ncc1C#N,7.26
CO/N=C(\C#N)C12CCCN(CC1)C2,7.51
CO/N=C(\C#N)C12CCN(CC1)C2,6.62
CO/N=C(\C#N)[C@@H]1CN2CC[C@H]1C2,6.16
CO/N=C(\C#N)[C@H]1CN2CCC1CC2,6.75
CO/N=C(\C#N)[C@H]1CN2CC[C@H]1C2,6.21
CO/N=C/C1=CCCN(C)C1,6.0
CO/N=C/[C@H]1CN2CC[C@H]1C2,6.66
COC(=O)C1=C(C)NC(C)=C(C(=O)OCCN(C)Cc2ccccc2)C1c1cccc([N+](=O)[O-])c1,6.37
COC(=O)C1=CCCN(C)C1,6.415
COC(=O)C1CC2CCCC1N2,6.32
COC(=O)CSc1ccc(CC2CCN(C3CCN(C(=O)c4cccc5ccc(F)cc45)CC3)CC2)cc1,8.37
COC(=O)CSc1ccc(CC2CCN(C3CCN(C(=O)c4cccc5ccccc45)CC3)CC2)cc1,9.15
COC(=O)N1CCC(N2CCC(n3c(=O)n(C)c4ccccc43)CC2)CC1,6.87
COC(=O)c1c(C)n(C)c2ccc3c(c12)CN1CCc2cc(OC)ccc2C1O3,6.38
COC(=O)c1ccc(NC(=O)N[C@@H](Cc2ccc(O)cc2)C(=O)NC2CCN(Cc3ccc(O)cc3)C2)cc1,6.5
COC(C#C[C@@]1(OC)CN2CCC1CC2)(c1ccccc1)c1ccccc1,6.8
COC/C=C1\C[C@H]2CC[C@@H](C1)N2C[C@@H](C)Cn1ncc2ccccc21,7.2
COC1(C#CC(C#N)(c2ccccc2)c2ccccc2)CN2CCC1CC2,8.2
COC1(C#CC(C)(c2ccccc2)c2ccccc2)CN2CCC1CC2,7.4
COC1(C#CC(O)(Cc2ccccc2)c2ccccc2)CN2CCC1CC2,6.6
COC1(C#CC(O)(c2ccccc2)C2CCC2)CN2CCC1CC2,8.195
COC1(C#CC(O)(c2ccccc2)C2CCCC2)CN2CCC1CC2,8.49
COC1(C#CC(O)(c2ccccc2)c2ccc(F)nc2)CN2CCC1CC2,8.4
COC1(C#CC(O)(c2ccccc2)c2ccccn2)CN2CCC1CC2,7.3
COC1(C#CC(O)(c2ccccc2)c2cccnc2)CN2CCC1CC2,8.995000000000001
COC1(C#CC(O)(c2ccccc2)c2cccnc2F)CN2CCC1CC2,8.594999999999999
COC1(C#CC(O)(c2ccccc2)c2cccnn2)CN2CCC1CC2,7.4
COC1(C#CC(O)(c2ccccc2)c2ccncc2)CN2CCC1CC2,8.25
COC1(C#CC(O)(c2ccccc2)c2cncnc2)CN2CCC1CC2,8.7
COC1(C#CC(O)(c2ccccn2)C2CCC2)CN2CCC1CC2,6.5
COC1(C#CC(O)(c2ccccn2)C2CCCC2)CN2CCC1CC2,7.3
COCCO[C@H]1CC[C@](C)(N2CCC(n3c(=O)oc4ccc(C)cc43)CC2)CC1,6.2
COCC[C@H]1C[C@H]2CC[C@@H](C1)N2C[C@@H](C)Cn1ncc2ccc(C)cc21,7.5
COCC[C@H]1C[C@H]2CC[C@@H](C1)N2C[C@@H](C)Cn1ncc2ccc(F)cc21,7.5
COCC[C@H]1C[C@H]2CC[C@@H](C1)N2C[C@@H](C)Cn1ncc2ccc(OC)cc21,7.3
COCC[C@H]1C[C@H]2CC[C@@H](C1)N2C[C@@H](C)Cn1ncc2ccccc21,7.1
COCC[N+]1(CCOc2ccccc2)CCC(N2CC(c3ccccc3)(c3ccccc3)NC2=O)C1,6.26
CO[C@@]1(C#CC(O)(c2ccccc2)c2ccccc2)CN2CCC1CC2,6.6
CO[C@H]1CC[C@](C)(N2CCC(N3C(=O)Cc4ccc(C)cc43)CC2)CC1,6.2
CO[C@]1(C#CC(O)(c2ccc(C)cc2)c2ccc(C)cc2)CN2CCC1CC2,6.3
CO[C@]1(C#CC(O)(c2ccc(Cl)cc2)c2ccc(Cl)cc2)CN2CCC1CC2,6.9
CO[C@]1(C#CC(O)(c2ccc(F)cc2)c2ccc(F)cc2)CN2CCC1CC2,7.7
CO[C@]1(C#CC(O)(c2cccc(C)c2)c2cccc(C)c2)CN2CCC1CC2,7.3
CO[C@]1(C#CC(O)(c2cccc(F)c2)c2cccc(F)c2)CN2CCC1CC2,8.3
CO[C@]1(C#CC(O)(c2ccccc2)C2CCCCC2)CN2CCC1CC2,8.899999999999999
CO[C@]1(C#CC(O)(c2ccccc2)c2ccccc2)CN2CCC1CC2,9.1
CO[C@]1(C#CC(O)(c2cccnc2)c2cccnc2)CN2CCC1CC2,7.0
CO[C@]1(C#CC(O)(c2cccs2)c2cccs2)CN2CCC1CC2,9.5
CO[C@]1(C#CC(O)(c2ccsc2)c2ccsc2)CN2CCC1CC2,9.4
CO[C@]1(C#CC(O)C2c3ccccc3C=Cc3ccccc32)CN2CCC1CC2,6.2
CO[C@]1(C#C[C@@](O)(c2ccccc2)C2CCCCC2)CN2CCC1CC2,7.65
CO[C@]1(C#C[C@@](O)(c2ccccc2)C2CCCCCC2)CN2CCC1CC2,7.7
CO[C@]1(C#C[C@@](O)(c2ccccc2)C2CCCCCCC2)CN2CCC1CC2,7.5
CO[C@]1(C#C[C@@](O)(c2ccccc2)c2cccnc2)CN2CCC1CC2,9.1
CO[C@]1(C#C[C@](O)(c2ccccc2)C2CCCCC2)CN2CCC1CC2,8.8
CO[C@]1(C#C[C@](O)(c2ccccc2)C2CCCCCC2)CN2CCC1CC2,8.6
CO[C@]1(C#C[C@](O)(c2ccccc2)C2CCCCCCC2)CN2CCC1CC2,8.5
CO[C@]1(C#C[C@](O)(c2ccccc2)c2cccnc2)CN2CCC1CC2,7.35
COc1c(S(=O)(=O)c2ccc([C@H](C)N3CCN(C4CCN(C(=O)c5ccccc5C)CC4)C[C@H]3C)cc2)ccc2c1OCO2,8.52
COc1cc(C#N)cc(N2CCC(C(=O)NCCC3CCN(Cc4ccccc4)CC3)CC2)c1,7.26
COc1cc(N2CCC(C(=O)NCCC3CCN(Cc4ccccc4)CC3)CC2)ccc1OC(F)(F)F,6.26
COc1cc(N2CCN(C(=O)NCCC3CCN(Cc4ccccc4)CC3)[C@H](C)C2)cc(F)c1C#N,6.26
COc1cc(NC(=O)CCN2CCC(OC(=O)Nc3ccccc3-c3ccccc3)CC2)c(Cl)cc1CNC[C@H](O)c1ccc(O)c2[nH]c(=O)ccc12,6.01
COc1cc2c(NC3CCN(C(C)C)CC3)nc(C3CCCCC3)nc2cc1OCCCN1CCCC1,6.29
COc1cc2c(cc1S(=O)(=O)c1ccc([C@H](C)N3CCN(C4CCN(C(=O)c5ccccc5C)CC4)C[C@H]3C)cc1)OCO2,7.28
COc1ccc(C#C/C(C)=C/CO/N=C2\CN3CCC2C3)cc1OC,8.74
COc1ccc(C#C/C(C)=C\CO/N=C2/CN3CCC2C3)cc1,7.97
COc1ccc(C#C/C(C)=C\CO/N=C2/CN3CCC2C3)cc1OC,9.05
COc1ccc(C#C/C(C)=C\CO/N=C2\CN3CCC2C3)cc1,8.05
COc1ccc(C(=O)N2CCC(N3CCC(Cc4ccc(SC(C)C)cc4)CC3)CC2)cc1,6.97
COc1ccc(CC(=O)N2CCC3(CC2)CN(C(c2ccc(-c4ncccn4)cc2)C(C)C)C3)nc1,6.82
COc1ccc(CC(=O)N2CCC3(CC2)CN(C2CCc4cc(-c5ncccn5)ccc42)C3)cc1,6.06
COc1ccc(CC(=O)N2CCC3(CC2)CN(C2CCc4cc(-c5nccs5)ccc42)C3)nc1,6.06
COc1ccc(CC(=O)N2CCC3(CC2)CN([C@@H](c2ccc(-c4ncccn4)cc2)C(C)C)C3)nc1,7.32
COc1ccc(CC(=O)N2CCC3(CC2)CN([C@H](c2ccc(-c4ncccn4)cc2)C(C)C)C3)nc1,6.04
COc1ccc(CC(=O)N2CCC3(CC2)CN([C@H]2CCc4cc(-c5ncccn5)ccc42)C3)nc1,6.39
COc1ccc(CCC[N+]23CCC(CC2)C(OC(=O)C(O)(c2ccccc2)c2ccccc2)C3)cc1.[Br-],9.04
COc1ccc(CCN(C(=O)OC2CN3CCC2CC3)c2ccccc2)cc1,6.89
COc1ccc(CCN(C(=O)OC2CN3CCC2CC3)c2ccccc2)cc1OC,6.46
COc1ccc(CCN/C(C)=N/c2ccc3c(c2)[C@@H](NC(=O)c2ccc(Br)cc2)[C@H](O)C3)cc1,6.39
COc1ccc(CCN2C3C4C5CC6C7C5C3C7C2(O)C64)cc1,6.67
COc1ccc(CN(C(=O)O[C@H]2C[C@H]3CC[C@@H](C2)[N+]3(C)C)c2ccccc2)cc1.[Br-],6.16
COc1ccc(CN2CCC(N3CC(c4ccccc4)(c4ccccc4)NC3=O)CC2)cc1,6.31
COc1ccc(CNCCCCCCNCCCCCCCCNCCCCCCNCc2ccc(OC)cc2)cc1,6.85
COc1ccc(COC(=O)N(c2ccccc2)C2CN3CCC2CC3)cc1F,7.0
COc1ccc(F)cc1C1CCN([C@@H]2CCC3(C2)CN(C(=O)C2COC2)C3)CC1,7.5
COc1ccc(N(C(=O)c2ccccc2)C2CCN(Cc3ccccc3)CC2)cc1,6.95
COc1ccc(N2C[C@@H](C)N(C(=O)NCCC3CCN(Cc4ccccc4)CC3)[C@@H](C)C2)cc1C#N,7.26
COc1ccc(S(=O)(=O)c2ccc(C(=O)C3CCN(C4CCCCC4)CC3)cc2)cc1,8.51
COc1ccc(S(=O)(=O)c2ccc(C(C#N)C3CCN(C4CCCCC4)CC3)cc2)cc1,8.89
COc1ccc(S(=O)(=O)c2ccc(C(C#N)N3CCN(C4CCCCC4)CC3)cc2)cc1,8.14
COc1ccc(S(=O)(=O)c2ccc(C(C#N)N3CCN(C4CCCCC4)C[C@@H]3C)cc2)cc1,7.8
COc1ccc(S(=O)(=O)c2ccc(C(C#N)N3CCN(C4CCCCC4)C[C@H]3C)cc2)cc1,9.8
COc1ccc(S(=O)(=O)c2ccc(C(C)N3CCN(C4CCCCC4)CC3)cc2)cc1,9.22
COc1ccc(S(=O)(=O)c2ccc(C3(C4CCN(C5CCN(C(=O)c6ccc(F)c7ccccc67)CC5)CC4)OCCO3)cc2)cc1,9.29
COc1ccc(S(=O)(=O)c2ccc(C3(C4CCN(C5CCN(C(=O)c6cccc7c(Br)cccc67)CC5)CC4)OCCO3)cc2)cc1,9.29
COc1ccc(S(=O)(=O)c2ccc(C3(C4CCN(C5CCN(C(=O)c6cccc7c(F)cc(F)cc67)CC5)CC4)OCCO3)cc2)cc1,9.64
COc1ccc(S(=O)(=O)c2ccc(C3(C4CCN(C5CCN(C(=O)c6cccc7c(F)ccc(F)c67)CC5)CC4)OCCO3)cc2)cc1,9.54
COc1ccc(S(=O)(=O)c2ccc(C3(C4CCN(C5CCN(C(=O)c6cccc7c(F)cccc67)CC5)CC4)OCCO3)cc2)cc1,9.7
COc1ccc(S(=O)(=O)c2ccc(C3(C4CCN(C5CCN(C(=O)c6cccc7cc(Cl)ccc67)CC5)CC4)OCCO3)cc2)cc1,8.85
COc1ccc(S(=O)(=O)c2ccc(C3(C4CCN(C5CCN(C(=O)c6cccc7cc(F)ccc67)CC5)CC4)OCCO3)cc2)cc1,9.09
COc1ccc(S(=O)(=O)c2ccc(C3(C4CCN(C5CCN(C(=O)c6cccc7ccc(F)cc67)CC5)CC4)OCCO3)cc2)cc1,8.92
COc1ccc(S(=O)(=O)c2ccc(C3(C4CCN(C5CCN(C(=O)c6cccc7cccc(F)c67)CC5)CC4)OCCO3)cc2)cc1,9.0
COc1ccc(S(=O)(=O)c2ccc(C3(C4CCN(C5CCN(C(=O)c6cccc7ccccc67)CC5)CC4)OCCO3)cc2)cc1,9.85
COc1ccc(S(=O)(=O)c2ccc(CC3CCN(C4CCN(C(=O)c5ccc(F)c6ccccc56)CC4)CC3)cc2)cc1,8.89
COc1ccc(S(=O)(=O)c2ccc(CN3CCN(C4CCCCC4)C[C@H]3C)cc2)cc1,9.52
COc1ccc(S(=O)(=O)c2ccc([C@@H](C)N3CCN(C4CCCCC4)C[C@H]3C)cc2)cc1,9.82
COc1ccc(S(=O)(=O)c2ccc([C@@H](C)N3CCN(C4CCCCC4)[C@@H](C)C3)cc2)cc1,10.4
COc1ccc(S(=O)(=O)c2ccc([C@@H](C)N3CCN(C4CCCCC4)[C@H](C)C3)cc2)cc1,9.85
COc1ccc(S(=O)(=O)c2ccc([C@H](C)N3CCN(C4CCCCC4)C[C@H]3C)cc2)cc1,9.52
COc1ccc(S(=O)(=O)c2ccc([C@H](C)N3CCN(C4CCN(C(=O)c5ccccc5C)CC4)C[C@H]3C)cc2)c(OC)c1,9.22
COc1ccc(S(=O)(=O)c2ccc([C@H](C)N3CCN(C4CCN(C(=O)c5ccccc5C)CC4)C[C@H]3C)cc2)c(OC)c1OC,6.36
COc1ccc(S(=O)(=O)c2ccc([C@H](C)N3CCN(C4CCN(C(=O)c5ccccc5C)CC4)C[C@H]3C)cc2)c2c1OCO2,8.33
COc1ccc(S(=O)(=O)c2ccc([C@H](C)N3CCN(C4CCN(C(=O)c5ccccc5C)CC4)C[C@H]3C)cc2)cc1,8.59
COc1ccc([C@H](Cc2c(Cl)c[n+]([O-])cc2Cl)OC(=O)c2ccc(CNC(C(=O)O[C@H]3CN4CCC3CC4)c3ccccc3)s2)cc1OC,9.7
COc1ccc([S+]([O-])c2ccc(C(C#N)N3CCN(C4CCCCC4)CC3)cc2)cc1,8.1
COc1ccc([S+]([O-])c2ccc(C(C(N)=O)N3CCN(C4CCCCC4)CC3)cc2)cc1,7.4
COc1ccc([S+]([O-])c2ccc(C(C)C3CCN(C4CCCCC4)CC3)cc2)cc1,9.85
COc1ccc([S+]([O-])c2ccc(C(C)N3CCN(C4CCCCC4)CC3)cc2)cc1,9.0
COc1ccc([S+]([O-])c2ccc(C(C3CCCCC3)N3CCN(C4CCCCC4)CC3)cc2)cc1,7.77
COc1ccc([S+]([O-])c2ccc(C(N3CCN(C4CCCCC4)CC3)C(F)(F)F)cc2)cc1,8.3
COc1ccc([S@+]([O-])c2ccc(C(=O)C3CCN(C4CCCCC4)CC3)cc2)cc1,7.97
COc1ccc([S@+]([O-])c2ccc(C(C#N)C3CCN(C4CCCCC4)CC3)cc2)cc1,8.15
COc1ccc([S@+]([O-])c2ccc(C(C#N)N3CCN(C4CCCCC4)CC3)cc2)cc1,7.76
COc1ccc([S@@+]([O-])c2ccc(C(=O)C3CCN(C4CCCCC4)CC3)cc2)cc1,8.45
COc1ccc([S@@+]([O-])c2ccc(C(C#N)C3CCN(C4CCCCC4)CC3)cc2)cc1,8.12
COc1ccc([S@@+]([O-])c2ccc(C(C#N)N3CCN(C4CCCCC4)CC3)cc2)cc1,8.235
COc1ccc2cnn(C[C@H](C)CN3[C@@H]4CC[C@H]3C[C@@H](OCC3CC3)C4)c2c1,6.89
COc1cccc(C#C/C(C)=C/CO/N=C2/CN3CCC2C3)c1,7.91
COc1cccc(C#C/C(C)=C/CO/N=C2\CN3CCC2C3)c1,7.37
COc1cccc(C#C/C(C)=C\CO/N=C2/CN3CCC2C3)c1,7.55
COc1cccc(C#C/C(C)=C\CO/N=C2\CN3CCC2C3)c1,8.35
COc1cccc(CCC[N+](C)(C)C)c1.[I-],6.2
COc1cccc(CN(C(=O)O[C@@H]2C[C@H]3CC[C@@H](C2)[N+]3(C)C)c2ccccc2)c1.[Br-],6.0
COc1cccc(CN2CCC(N3CC(c4ccccc4)(c4ccccc4)NC3=O)CC2)c1,6.16
COc1cccc(CN2CCC(NC(=O)C(O)(c3ccccc3)C3CCCC3)CC2)c1,6.57
COc1cccc(CN2CCC(NC(=O)[C@](O)(c3ccccc3)[C@@H]3CCC(F)(F)C3)CC2)c1,6.0
COc1cccc(CNCCCCCCNCCCCCCCCNCCCCCCNCc2cccc(OC)c2)c1,6.82
COc1cccc(Cl)c1C(=O)N1CCC(N2CCC(Cc3ccc(SC(C)C)cc3)CC2)CC1,6.62
COc1cccc2c1CC([N+](C)(C)C)CC2.[I-],6.03
COc1ccccc1C(=O)N1CCC(N2CCN([C@@H](C)c3ccc(S(=O)(=O)c4ccc5c(c4)OCO5)cc3)[C@H](C)C2)CC1,10.0
COc1ccccc1C1=CN2CCC1CC2,6.39
COc1ccccc1C1CCN(C2CCC3(C2)CN(C(=O)C2COC2)C3)CC1,6.7
COc1ccccc1CCN1C2C3C4CC5C6C4C2C6C1(O)C53,6.18
COc1ccccc1CN(C)CCCCCC(=O)N(C)CCCCCCCCN(C)C(=O)CCCCCN(C)Cc1ccccc1OC,6.39
COc1ccccc1CN(C)CCCCCCN(C)CCCCCCCCN(C)CCCCCCN(C)Cc1ccccc1OC,6.79
COc1ccccc1CN(C)CCCCCCNCCCCCCCCNCCCCCCN(C)Cc1ccccc1OC,6.78
COc1ccccc1CN(CCCCCCN(C)CCCCCCCCN(C)CCCCCCN(CC(=O)N1c2ccccc2C(=O)Nc2cccnc21)Cc1ccccc1OC)CC(=O)N1c2ccccc2C(=O)Nc2cccnc21.O=C(O)C(=O)O.O=C(O)C(=O)O.O=C(O)C(=O)O.O=C(O)C(=O)O,7.32
COc1ccccc1CN(CCCCCCN(C)CCCCCCCCN(C)CCCCCCNCC(=O)N1c2ccccc2C(=O)Nc2cccnc21)CC(=O)N1c2ccccc2C(=O)Nc2cccnc21.O=C(O)C(=O)O.O=C(O)C(=O)O.O=C(O)C(=O)O.O=C(O)C(=O)O,8.8
COc1ccccc1CN1C2C3C4CC5C6C4C2C6C1(O)C53,6.26
COc1ccccc1CN1CCC(C2CCN(C(=O)CCCCCCC(=O)N3CCC(C4CCN(Cc5ccccc5OC)CC4)CC3)CC2)CC1,8.04
COc1ccccc1CN1CCC(C2CCN(CCCCCCCCN3CCC(C4CCN(Cc5ccccc5OC)CC4)CC3)CC2)CC1,8.07
COc1ccccc1CNCCCCCC(=O)N(C)CCCCCCCCN(C)C(=O)CCCCCNCc1ccccc1OC,6.67
COc1ccccc1CNCCCCCC(=O)NCCCCCCCCNC(=O)CCCCCNCc1ccccc1OC,6.3
COc1ccccc1CNCCCCCCCNCCCCCCCCNCCCCCCCNCc1ccccc1OC,7.56
COc1ccccc1CNCCCCCCN(C)CCCCCCCCN(C)CCCCCCN(CC(=O)N1c2ccccc2C(=O)Nc2cccnc21)CC(=O)N1c2ccccc2C(=O)Nc2cccnc21.O=C(O)C(=O)O.O=C(O)C(=O)O.O=C(O)C(=O)O.O=C(O)C(=O)O,8.34
COc1ccccc1CNCCCCCCN(C)CCCCCCCCN(C)CCCCCCNCC(=O)N1c2ccccc2C(=O)Nc2cccnc21,8.51
COc1ccccc1CNCCCCCCN(C)CCCCCCCCN(C)CCCCCCNCc1ccccc1OC,7.9
COc1ccccc1CNCCCCCCN1CCC(CCC2CCN(CCCCCCNCc3ccccc3OC)CC2)CC1,8.22
COc1ccccc1CNCCCCCCNCCCCCCCCCCCCCCNCCCCCCNCc1ccccc1C,6.87
COc1ccccc1CNCCCCCCNCCCCCCCCCCCCCNCCCCCCNCc1ccccc1OC,7.02
COc1ccccc1CNCCCCCCNCCCCCCCCCCCNCCCCCCNCc1ccccc1OC,7.43
COc1ccccc1CNCCCCCCNCCCCCCCCNCCCCCCN,7.04
COc1ccccc1CNCCCCCCNCCCCCCCCNCCCCCCNCc1ccccc1OC,7.71
COc1ccccc1CNCCCCCCNCCCCCCCCNCCCCCCNCc1ccccc1OC.Cl,7.59
COc1ccccc1CNCCCCCCNCCCCCCCCNCCCCCCNCc1ccccc1OC.Cl.Cl.Cl.Cl,7.54
COc1ccccc1CNCCCCCCNCCCCCCCNCCCCCCNCc1ccccc1OC,7.64
COc1ccccc1CNCCCCCCNCCCCCCNCCCCCCNCc1ccccc1OC,6.98
COc1ccccc1CNCCCCCCNCCCCCNCCCCCCNCc1ccccc1OC,6.67
COc1ccccc1CNCCCCCNCCCCCCCCNCCCCCNCc1ccccc1OC,6.79
COc1ccccc1N1CCC2(CCN(CCCSc3nnc(-c4ccccc4)n3C)CC2)CC1,7.28
COc1ccccc1NCCCCCCNCCCCCCCCNCCCCCCNc1ccccc1OC.Cl,7.98
COc1cccnc1C1CCN(C2CCCN(c3cnccn3)CC2)CC1,6.6
COc1nc(C)c(C(=O)N2CCC(C)(N3CCN([C@@H](C)c4ccc(C(F)(F)F)cc4)[C@@H](C)C3)CC2)c(C)n1,6.7
COc1nc(N2C[C@@H](C)N(C(=O)NCCC3CCN(Cc4ccccc4)CC3)[C@@H](C)C2)ncc1C#N,6.26
COc1noc2c1CNCCC2,7.37
COc1nsc(OCCCOCCCOCCCOc2nsnc2-c2cccnc2)n1,7.2
COc1nsc(OCCOCCOCCOCCOc2nsnc2C2C=CCCN2C)n1,7.0
COc1nsnc1OCCCCCCCCCCCCOc1nsnc1C1=CCCN(C)C1,7.8
COc1nsnc1OCCCOCCCOCCCOc1nsnc1-c1cccnc1,6.8
COc1nsnc1OCCOCCOCCOCCOCCOc1nsnc1C1=CCCN(C)C1,7.5
COc1nsnc1OCCOCCOCCOCCOc1nsnc1C1=CCCN(C)C1,8.7
COc1nsnc1OCCOCCOCCOCCOc1nsnc1C1=CCCN(C)C1.Cl,8.7
COc1nsnc1OCCOCCOCCOc1nsnc1C1=CCCN(C)C1,6.45
COc1nsnc1OCCOCCOc1nsnc1C1=CCCN(C)C1,7.25
CSc1ccc2c(c1)C(C(C)c1ccccn1)=C(CCN(C)C)C2,6.04
CSc1ccc2c(c1)N(CCC1CCCCN1C)c1ccccc1S2,6.74
CSc1ccccc1CNCCCCCCNCCCCCCCCNCCCCCCNCc1ccccc1SC,7.57
CSc1nsnc1C1=CCCN(C)C1,6.32
C[C@@H](C1=C(CCN(C)C)Cc2ccccc21)c1ccccn1,7.52
C[C@@H](NC(=O)/N=C(\N)NCCCc1ncn[nH]1)c1ccccc1.Cl.Cl,10.0
C[C@@H]1CCCN1CCc1cc2cc(C(=O)c3ccc(F)cc3)ccc2o1,6.33
C[C@@H]1CCCN1CCc1cc2cc(C(=O)c3ccc([N+](=O)[O-])cc3)ccc2o1,6.17
C[C@@H]1CN(C(=O)NCCC2CCN(Cc3ccccc3)CC2)CCN1c1cc(F)c(F)c(F)c1,6.26
C[C@@H]1CN(C(=O)NCCC2CCN(Cc3ccccc3)CC2)CCN1c1ccc(OC(F)(F)F)c(F)c1,6.26
C[C@@H]1CN(C(=O)NCCC2CCN(Cc3ccccc3)CC2)CCN1c1ccc(OC(F)(F)F)cc1,6.26
C[C@@H]1CN(C2CCCCC2)CCN1[C@@H](C)c1ccc(S(=O)(=O)c2ccc3c(c2)OCO3)cc1,10.52
C[C@@H]1CN(C2CCCCC2)CCN1[C@H](C)c1ccc(S(=O)(=O)c2ccc3c(c2)OCO3)cc1,10.52
C[C@@H]1CN(C2CCN(C(=O)C3CC3)CC2)CCN1[C@@H](C)c1ccc(S(=O)(=O)c2ccc3c(c2)OCO3)cc1,8.89
C[C@@H]1CN(C2CCN(C(=O)c3ccc(Cl)c(Cl)c3)CC2)CCN1[C@@H](C)c1ccc(S(=O)(=O)c2ccc3c(c2)OCO3)cc1,9.1
C[C@@H]1CN(C2CCN(C(=O)c3ccc(Cl)cc3Cl)CC2)CCN1[C@@H](C)c1ccc(S(=O)(=O)c2ccc3c(c2)OCO3)cc1,9.52
C[C@@H]1CN(C2CCN(C(=O)c3cccc4c3OCO4)CC2)CCN1[C@@H](C)c1ccc(S(=O)(=O)c2ccc3c(c2)OCO3)cc1,10.0
C[C@@H]1CN(C2CCN(C(=O)c3ccccc3)CC2)CCN1[C@@H](C)c1ccc(S(=O)(=O)c2ccc3c(c2)OCO3)cc1,9.135000000000002
C[C@@H]1CN(C2CCN(C(=O)c3ccccc3COC(=O)c3ccccc3)CC2)CCN1[C@@H](C)c1ccc(S(=O)(=O)c2ccc3c(c2)OCO3)cc1,9.7
C[C@@H]1CN(C2CCN(C(=O)c3ccccc3Cl)CC2)CCN1[C@@H](C)c1ccc(S(=O)(=O)c2ccc3c(c2)OCO3)cc1,10.0
C[C@@H]1CN(C2CCN(C(=O)c3ccccc3N)CC2)CCN1[C@@H](C)c1ccc(S(=O)(=O)c2ccc3c(c2)OCO3)cc1,9.3
C[C@@H]1CN(C2CCN(C(=O)c3ccccc3O)CC2)CCN1[C@@H](C)c1ccc(S(=O)(=O)c2ccc3c(c2)OCO3)cc1,9.0
C[C@@H]1CN(C2CCN(C(=O)c3ccccc3Oc3ccccc3)CC2)CCN1[C@@H](C)c1ccc(S(=O)(=O)c2ccc3c(c2)OCO3)cc1,10.0
C[C@@H]1CN(C2CCN(C(=O)c3sccc3Cl)CC2)CCN1[C@@H](C)c1ccc(S(=O)(=O)c2ccc3c(c2)OCO3)cc1,9.52
C[C@@H]1CN(C2CCN(S(=O)(=O)c3ccccc3)CC2)CCN1[C@@H](C)c1ccc(S(=O)(=O)c2ccc3c(c2)OCO3)cc1,9.1
C[C@@H]1CN(C2CCNCC2)CCN1[C@@H](C)c1ccc(S(=O)(=O)c2ccc3c(c2)OCO3)cc1,8.05
C[C@@H]1CN(c2cc(C(F)(F)F)ccn2)CCN1C(=O)NCCC1CCN(Cc2ccccc2)CC1,7.26
C[C@@H]1CN(c2cc(F)c(C#N)c(F)c2)CCN1C(=O)NCCC1CCN(Cc2ccccc2)CC1,7.26
C[C@@H]1CN(c2cc(F)c(C#N)c(F)c2)C[C@H](C)N1C(=O)NCCC1CCN(Cc2ccccc2)CC1,7.26
C[C@@H]1CN(c2cc(F)c(C#N)cc2F)CCN1C(=O)NCCC1CCN(Cc2ccccc2)CC1,6.26
C[C@@H]1CN(c2cc(F)c(Cl)c(F)c2)CCN1C(=O)NCCC1CCN(Cc2ccccc2)CC1,7.26
C[C@@H]1CN(c2cc(F)c(F)c(Cl)c2)CCN1C(=O)NCCC1CCN(Cc2ccccc2)CC1,7.26
C[C@@H]1CN(c2cc(F)c(F)c(Cl)c2)C[C@H](C)N1C(=O)NCCC1CCN(Cc2ccccc2)CC1,7.26
C[C@@H]1CN(c2cc(F)c(F)c(F)c2)CCN1C(=O)NCCC1CCN(Cc2ccc(F)cc2)CC1,6.26
C[C@@H]1CN(c2cc(F)c(F)c(F)c2)CCN1C(=O)NCCC1CCN(Cc2ccc(O)cc2)CC1,7.26
C[C@@H]1CN(c2cc(F)c(F)c(F)c2)CCN1C(=O)NCCC1CCN(Cc2cccc3c2OCC3)CC1,7.26
C[C@@H]1CN(c2cc(F)c(F)c(F)c2)CCN1C(=O)NCCC1CCN(Cc2ccccc2)CC1,7.26
C[C@@H]1CN(c2cc(F)c(F)c(F)c2)CCN1C(=O)NCCC1CCN(Cc2ccccc2)CC1CO,6.26
C[C@@H]1CN(c2cc(F)c(F)c(F)c2)CCN1C(=O)NCCC1CCN(Cc2cccs2)CC1,7.26
C[C@@H]1CN(c2cc(F)c(F)c(F)c2)CCN1C(=O)NC[C@@H](O)C1CCN(Cc2ccccc2)CC1,6.26
C[C@@H]1CN(c2cc(F)c(OC(F)(F)F)c(F)c2)CCN1C(=O)NCCC1CCN(Cc2ccccc2)CC1,7.26
C[C@@H]1CN(c2cc(F)cc(C#N)c2)CCN1C(=O)NCCC1CCN(Cc2ccccc2)CC1,6.26
C[C@@H]1CN(c2cc(F)cc(F)c2)CCN1C(=O)NCCC1CCN(Cc2ccccc2)CC1,6.26
C[C@@H]1CN(c2cc(F)nc(F)c2)CCN1C(=O)NCCC1CCN(Cc2ccccc2)CC1,7.26
C[C@@H]1CN(c2ccc(C#N)c(C(F)(F)F)c2)CCN1C(=O)NCCC1CCN(Cc2ccccc2)CC1,7.26
C[C@@H]1CN(c2ccc(C#N)c(F)c2)CCN1C(=O)NCCC1CCN(Cc2ccccc2)CC1,7.26
C[C@@H]1CN(c2ccc(C#N)c(F)c2)C[C@H](C)N1C(=O)NCCC1CCN(Cc2ccccc2)CC1,7.26
C[C@@H]1CN(c2ccc(C#N)c(OC(F)(F)F)c2)CCN1C(=O)NCCC1CCN(Cc2ccccc2)CC1,7.26
C[C@@H]1CN(c2ccc(C#N)cc2)C[C@H](C)N1C(=O)NCCC1CCN(Cc2ccccc2)CC1,6.26
C[C@@H]1CN(c2ccc(C#N)cc2F)C[C@H](C)N1C(=O)NCCC1CCN(Cc2ccccc2)CC1,6.26
C[C@@H]1CN(c2ccc(C#N)cn2)C[C@H](C)N1C(=O)NCCC1CCN(Cc2ccccc2)CC1,6.26
C[C@@H]1CN(c2ccc(C(F)(F)F)cc2)CCN1C(=O)NCCC1CCN(Cc2ccccc2)CC1,7.26
C[C@@H]1CN(c2ccc(C(F)(F)F)cc2F)CCN1C(=O)NCCC1CCN(Cc2ccccc2)CC1,7.26
C[C@@H]1CN(c2ccc(C(F)(F)F)cn2)CCN1C(=O)NCCC1CCN(Cc2ccccc2)CC1,7.26
C[C@@H]1CN(c2ccc(Cl)c(F)c2)CCN1C(=O)NCCC1CCN(Cc2ccccc2)CC1,7.26
C[C@@H]1CN(c2ccc(F)c(C#N)c2)CCN1C(=O)NCCC1CCN(Cc2ccccc2)CC1,6.26
C[C@@H]1CN(c2ccc(F)c(C(F)F)c2)CCN1C(=O)NCCC1CCN(Cc2ccccc2)CC1,6.26
C[C@@H]1CN(c2ccc(F)c(F)c2)CCN1C(=O)NCCC1CCN(Cc2ccccc2)CC1,6.26
C[C@@H]1CN(c2ccc(OC(F)(F)F)c(C#N)c2)CCN1C(=O)NCCC1(O)CCN(Cc2ccccc2)CC1,6.26
C[C@@H]1CN(c2ccc(OC(F)(F)F)c(C#N)c2)CCN1C(=O)NCCC1CCN(Cc2ccccc2)CC1,7.26
C[C@@H]1CN(c2ccc(OC(F)(F)F)c(C#N)c2)CCN1C(=O)NCC[C@H]1CCN(Cc2ccccc2)C1,6.26
C[C@@H]1CN(c2ccc(OC(F)(F)F)c(C#N)c2)CCN1C(=O)NC[C@@H](O)C1CCN(Cc2ccccc2)CC1,6.26
C[C@@H]1CN(c2ccc(OC(F)(F)F)c(C#N)c2)CCN1C(=O)NC[C@H](O)C1CCN(Cc2ccccc2)CC1,6.26
C[C@@H]1CN(c2ccc(OC(F)(F)F)cc2F)CCN1C(=O)NCCC1CCN(Cc2ccccc2)CC1,7.26
C[C@@H]1CN(c2ccc(OC(F)(F)F)cn2)CCN1C(=O)NCCC1CCN(Cc2ccccc2)CC1,6.26
C[C@@H]1CN(c2ccc(OC(F)(F)F)nc2)CCN1C(=O)NCCC1CCN(Cc2ccccc2)CC1,7.26
C[C@@H]1CN(c2ccc3c(c2)OC(F)(F)O3)CCN1C(=O)NCCC1CCN(Cc2ccccc2)CC1,7.26
C[C@@H]1CN(c2cccc(C#N)c2)CCN1C(=O)NCCC1CCN(Cc2ccccc2)CC1,6.26
C[C@@H]1CN(c2cccc(OC(F)(F)F)c2)CCN1C(=O)NCCC1CCN(Cc2ccccc2)CC1,6.26
C[C@@H]1CN(c2cnc(C#N)nc2)CCN1C(=O)NCCC1CCN(Cc2ccccc2)CC1,6.26
C[C@@H]1CN(c2cnc(C(F)(F)F)cn2)CCN1C(=O)NCCC1CCN(Cc2ccccc2)CC1,7.26
C[C@@H]1CN(c2cnc(C(F)(F)F)cn2)C[C@@H](C)N1C(=O)NCCC1CCN(Cc2ccccc2)CC1,6.26
C[C@@H]1CN(c2cnc(C(F)(F)F)nc2)CCN1C(=O)NCCC1CCN(Cc2ccccc2)CC1,7.26
C[C@@H]1CN(c2cnc(C(F)(F)F)nc2)C[C@@H](C)N1C(=O)NCCC1CCN(Cc2ccccc2)CC1,7.26
C[C@@H]1CN(c2cnc(C(F)(F)F)nc2)C[C@H](C)N1C(=O)NCCC1CCN(Cc2ccc3[nH]ccc3c2)CC1,7.26
C[C@@H]1CN(c2cnc(Cl)c(F)c2)C[C@H](C)N1C(=O)NCCC1CCN(Cc2ccccc2)CC1,7.26
C[C@@H]1CN(c2nc(Cl)cc(C#N)n2)CCN1C(=O)NCCC1CCN(Cc2ccccc2)CC1,6.26
C[C@@H]1CN(c2nc(Cl)cc(C#N)n2)C[C@H](C)N1C(=O)NCCC1CCN(Cc2ccccc2)CC1,7.26
C[C@@H]1CN(c2ncc(C#N)c(N)n2)CCN1C(=O)NCCC1CCN(Cc2ccccc2)CC1,6.26
C[C@@H]1CN(c2ncc(C#N)c(N)n2)C[C@H](C)N1C(=O)NCCC1CCN(Cc2ccccc2)CC1,6.26
C[C@@H]1CN(c2ncc(C#N)cn2)C[C@@H](C)N1C(=O)NCCC1CCN(Cc2ccccc2)CC1,6.26
C[C@@H]1CN(c2ncc(C#N)cn2)C[C@H](C)N1C(=O)NCCC1CCN(Cc2ccc(F)cc2)CC1,7.26
C[C@@H]1CN(c2ncc(C#N)cn2)C[C@H](C)N1C(=O)NCCC1CCN(Cc2ccc(O)cc2)CC1,7.26
C[C@@H]1CN(c2ncc(C#N)cn2)C[C@H](C)N1C(=O)NCCC1CCN(Cc2ccccc2)CC1,6.26
C[C@@H]1CN(c2ncc(C(F)(F)F)c(N)n2)CCN1C(=O)NCCC1CCN(Cc2ccccc2)CC1,6.26
C[C@@H]1CN(c2ncc(C(F)(F)F)c(N)n2)C[C@@H](C)N1C(=O)NCCC1CCN(Cc2ccccc2)CC1,7.26
C[C@@H]1CN(c2ncc(C(F)(F)F)c(N)n2)C[C@H](C)N1C(=O)NCCC1CCN(Cc2ccccc2)CC1,6.26
C[C@@H]1CN(c2ncc(C(F)(F)F)cc2F)CCN1C(=O)NCCC1CCN(Cc2ccccc2)CC1,7.26
C[C@@H]1CN(c2ncc(C(F)(F)F)cn2)CCN1C(=O)NCCC1CCN(Cc2ccc(F)cc2)CC1,7.26
C[C@@H]1CN(c2ncc(C(F)(F)F)cn2)CCN1C(=O)NCCC1CCN(Cc2cccc(C#N)c2)CC1,7.26
C[C@@H]1CN(c2ncc(C(F)(F)F)cn2)CCN1C(=O)NCCC1CCN(Cc2cccc(F)c2)CC1,6.26
C[C@@H]1CN(c2ncc(C(F)(F)F)cn2)CCN1C(=O)NCCC1CCN(Cc2ccccc2)CC1,7.26
C[C@@H]1CN(c2ncc(C(F)(F)F)cn2)C[C@H](C)N1C(=O)NCCC1CCN(Cc2ccccc2)CC1,6.26
C[C@@H]1CN(c2ncc(Cl)c(N)n2)CCN1C(=O)NCCC1CCN(Cc2ccccc2)CC1,7.26
C[C@@H]1CN(c2ncc(Cl)cn2)CCN1C(=O)NCCC1CCN(Cc2ccccc2)CC1,7.26
C[C@@H]1CN(c2ncc(Cl)cn2)C[C@H](C)N1C(=O)NCCC1CCN(Cc2ccccc2)CC1,7.26
C[C@@H]1CN(c2ncc(F)cc2F)C[C@H](C)N1C(=O)NCCC1CCN(Cc2ccccc2)CC1,7.26
C[C@@H]1CN(c2nccc(C#N)n2)C[C@H](C)N1C(=O)NCCC1CCN(Cc2ccccc2)CC1,6.26
C[C@@H]1CN(c2nccc(C(F)(F)F)n2)CCN1C(=O)NCCC1CCN(Cc2ccccc2)CC1,7.26
C[C@@H]1C[C@H]2[C@@H]3CCC4=CC(=O)C=C[C@]4(C)C3=CC[C@]2(C)[C@H]1C(=O)CN1CCN(c2cc(N3CCCC3)nc(N3CCCC3)n2)CC1,6.37
C[C@@H]1OC(=O)[C@@H]2C[C@@H]3CCCC[C@@H]3[C@@H](/C=C/[C@H]3CCC[C@H](C)N3C)[C@H]12,7.02
C[C@@H]1OC(=O)[C@@H]2C[C@@H]3CCCC[C@@H]3[C@@H](/C=C\[C@H]3CCC[C@H](C)N3C)[C@H]12,6.17
C[C@@H]1OC(=O)[C@H]2C=C3CCCC[C@@H]3/C(=C/CC3CCC(C)(C)N3C)[C@@H]12,7.17
C[C@@H]1OC(=O)[C@H]2C=C3CCCC[C@@H]3/C(=C/CC3CCC(C)(C)[N+]3(C)C)[C@@H]12.[I-],6.24
C[C@@H]1OC(=O)[C@H]2C=C3CCCC[C@@H]3[C@@H]([C@@H]3CC4CCC(C)(C)[N+]4(C)O3)[C@@H]12.[I-],6.75
C[C@@H]1OC(=O)[C@H]2C[C@H]3CCCC[C@@H]3/C(=C/CC3CCC(C)(C)N3C)[C@@H]12,7.37
C[C@@H]1OC(=O)[C@H]2C[C@H]3CCCC[C@@H]3/C(=C/C[C@H]3CCC[C@H](C)N3C)[C@@H]12,7.88
C[C@@H]1OC(=O)[C@H]2C[C@H]3CCCC[C@@H]3C(CCC3CCC(C)(C)N3C)[C@@H]12,7.91
C[C@@H]1OC(=O)[C@H]2C[C@H]3CCCC[C@@H]3[C@@H](/C(O)=C/[C@H]3CCC[C@H](C)N3C)[C@@H]12,6.69
C[C@@H]1OC(=O)[C@H]2C[C@H]3CCCC[C@@H]3[C@@H](/C=C/[C@H]3CCC[C@H](C)N3C)[C@@H]12,8.0
C[C@@H]1OC(=O)[C@H]2C[C@H]3CCCC[C@@H]3[C@@H](C#C[C@H]3CCC[C@H](C)N3C)[C@@H]12,6.51
C[C@@H]1OC(=O)[C@H]2C[C@H]3CCCC[C@@H]3[C@@H](CCCN3CCC(N4CCCCC4)CC3)[C@@H]12,6.19
C[C@@H]1OC(=O)[C@H]2C[C@H]3CCCC[C@@H]3[C@@H](CCCN3CCCC(C)(C)C3)[C@@H]12,6.65
C[C@@H]1OC(=O)[C@H]2C[C@H]3CCCC[C@@H]3[C@@H](CCCN3CCCC(O)C3)[C@@H]12,6.83
C[C@@H]1OC(=O)[C@H]2C[C@H]3CCCC[C@@H]3[C@@H](CCCN3CCCC4CCCCC43)[C@@H]12,7.89
C[C@@H]1OC(=O)[C@H]2C[C@H]3CCCC[C@@H]3[C@@H](CCCN3CCCCC3)[C@@H]12,6.45
C[C@@H]1OC(=O)[C@H]2C[C@H]3CCCC[C@@H]3[C@@H](CCCN3CCN(C(=O)OC(C)(C)C)CC3)[C@@H]12,6.31
C[C@@H]1OC(=O)[C@H]2C[C@H]3CCCC[C@@H]3[C@@H](CCCN3CCN(C)CC3)[C@@H]12,6.22
C[C@@H]1OC(=O)[C@H]2C[C@H]3CCCC[C@@H]3[C@@H](CCCN3CCN(C4CCCCC4)CC3)[C@@H]12,6.28
C[C@@H]1OC(=O)[C@H]2C[C@H]3CCCC[C@@H]3[C@@H](CCCN3CCOCC3)[C@@H]12,7.29
C[C@@H]1OC(=O)[C@H]2C[C@H]3CCCC[C@@H]3[C@@H](CCCN3CCSCC3)[C@@H]12,6.72
C[C@@H]1OC(=O)[C@H]2C[C@H]3CCCC[C@@H]3[C@@H](CCCN3CCc4ccccc4C3)[C@@H]12,6.74
C[C@@H]1OC(=O)[C@H]2C[C@H]3CCCC[C@@H]3[C@@H](CCCNC34CC5CC(CC(C5)C3)C4)[C@@H]12,7.58
C[C@@H]1OC(=O)[C@H]2C[C@H]3CCCC[C@@H]3[C@@H](CC[C@H]3CCC[C@H](C)N3)[C@@H]12,7.8
C[C@@H]1OC(=O)[C@H]2C[C@H]3CCCC[C@@H]3[C@@H](CC[C@H]3CCC[C@H](C)N3C)[C@@H]12,7.93
C[C@@H]1OC(=O)[C@H]2C[C@H]3CCCC[C@H]3[C@H](/C=C/[C@H]3CCC[C@H](C)N3C)[C@@H]12,6.77
C[C@@H]1OC(=O)[C@H]2C[C@H]3CCCC[C@H]3[C@H](/C=C\[C@H]3CCC[C@H](C)N3C)[C@@H]12,6.07
C[C@@H]1O[C@H](C[N+](C)(C)C)C[C@H]1O,6.734999999999999
C[C@@]1(C(=O)O[C@H]2CN3CCC2CC3)COCC(c2ccccc2)(c2ccccc2)O1,6.7
C[C@H](CN1[C@@H]2CC[C@H]1C[C@@H](OC1CCCC1)C2)Cn1ncc2ccccc21,7.3
C[C@H](CN1[C@@H]2CC[C@H]1C[C@@H](OCC1CC1)C2)Cn1ncc2ccc(F)cc21,7.7
C[C@H](CN1[C@@H]2CC[C@H]1C[C@@H](OCC1CC1)C2)Cn1ncc2ccccc21,7.6
C[C@H](CN1[C@@H]2CC[C@H]1C[C@@H](OCC1CCC1)C2)Cn1ncc2ccccc21,7.3
C[C@H](NC(=O)[C@H](CCCNC(=N)N)NCCN1CCN(CCCCC2CCN(CC(=O)N3c4ccccc4NC(=O)c4ccccc43)CC2)CC1)C(=O)NC(=O)[C@@H](N)CCCN.O=C(O)C(F)(F)F.O=C(O)C(F)(F)F.O=C(O)C(F)(F)F.O=C(O)C(F)(F)F.O=C(O)C(F)(F)F,9.98
C[C@H](NC(=O)c1cn(-c2c(F)cc(F)cc2F)c2nc(N3C[C@@H](O)[C@H](O)C3)c(F)cc2c1=O)C(F)(F)C(F)(F)F,8.41
C[C@H]1CC(=O)N(c2ccc3c(=O)c(C(=O)NC45CC6CC(CC(C6)C4)C5)cn(-c4ccc(F)cc4F)c3n2)C1,7.72
C[C@H]1CC[C@H](C)N1CCCOc1ccc(-c2ccc(C(=O)N3CCOCC3)cc2)cc1,6.03
C[C@H]1CN(C(=O)NCCC2CCN(Cc3ccccc3)CC2)CCN1c1cc(F)c(F)c(F)c1,6.26
C[C@H]1CN(C2(C)CCN(C(=O)c3c(Cl)c[n+]([O-])cc3Cl)CC2)CCN1[C@@H](C)c1ccc(C(F)(F)F)cc1,6.46
C[C@H]1CN(C2CCN(C(=O)c3c(Cl)cccc3Cl)CC2)CCN1[C@@H](C)c1ccc(S(=O)(=O)c2ccc3c(c2)OCO3)cc1,6.57
C[C@H]1CN(C2CCN(C(=O)c3c(F)cccc3F)CC2)CCN1[C@@H](C)c1ccc(S(=O)(=O)c2ccc3c(c2)OCO3)cc1,6.45
C[C@H]1CN(C2CCN(C(=O)c3c(N)cccc3Cl)CC2)CCN1[C@@H](C)c1ccc(S(=O)(=O)c2ccc3c(c2)OCO3)cc1,7.0
C[C@H]1CN(Cc2cccc(-c3cc(CNC(=O)c4cccc(C#N)c4)ccc3F)c2)CCN1,6.5
C[C@H]1CN(Cc2cccc(-c3cc(CNC(=O)c4cccc(CC5CCNCC5)c4)ccc3F)c2)CCN1,8.3
C[C@H]1CN(Cc2cccc(-c3cc(CNC(=O)c4cccc(CN5CCNCC5)c4)ccc3F)c2)CCN1,7.2
C[C@H]1CN(Cc2cccc(-c3cc(CNC(=O)c4cccc(CN5CC[N+](C)(C)CC5)c4)ccc3F)c2)CCN1.O=C([O-])C(F)(F)F,7.9
C[C@H]1CN(c2ccc(C#N)cn2)CCC1C(=O)NCCC1CCN(Cc2ccccc2)CC1,7.26
C[C@H]1CN(c2ccc(C(F)(F)F)cn2)CCC1C(=O)NCCC1CCN(Cc2ccccc2)CC1,7.26
C[C@H]1CN(c2ccc(F)c(C#N)c2)CCN1C(=O)NCCC1CCN(Cc2ccccc2)CC1,7.26
C[C@H]1CN(c2ccc(OC(F)(F)F)c(C#N)c2)CCN1C(=O)NCCC1CCN(Cc2ccccc2)CC1,7.26
C[C@H]1CN(c2ccc(OC(F)(F)F)c(F)c2)CCN1C(=O)NCCC1CCN(Cc2ccccc2)CC1,7.26
C[C@H]1CN(c2ccc(OC(F)(F)F)cc2)CCN1C(=O)NCCC1CCN(Cc2ccccc2)CC1,7.26
C[C@H]1CN(c2ncc(C(F)(F)F)cc2F)CCC1C(=O)NCCC1CCN(Cc2ccccc2)CC1,7.26
C[C@H]1CN(c2ncc(C(F)(F)F)cn2)CCC1C(=O)NCCC1CCN(Cc2ccccc2)CC1,7.26
C[C@H]1CN(c2ncc(C(F)(F)F)cn2)CCN1C(=O)NCCC1CCN(Cc2ccccc2)CC1,7.26
C[C@H]1CN(c2ncc(Cl)cn2)CCC1C(=O)NCCC1CCN(Cc2ccccc2)CC1,6.26
C[C@H]1CNCC[C@@H]1CNC(=O)c1c(F)cccc1-c1cccc(Cl)c1,6.7
C[C@H]1O[C@@H]([C@@H]2CCC[N+]2(C)C)CS1,6.17
C[C@]1(C(=O)O[C@@H]2CN3CCC2CC3)COCC(c2ccccc2)(c2ccccc2)O1,6.37
C[C@]1(C(=O)O[C@H]2CN3CCC2CC3)COCC(c2ccccc2)(c2ccccc2)O1,6.8
C[N+](C)(C)CC#CCN1CCCC1=O.[I-],6.97
C[N+](C)(C)CC#CCOC1=NOCC1.[Br-],8.06
C[N+](C)(C)CC#CCOC1=NOCC1.[I-],8.93
C[N+](C)(C)CC1COCC(c2ccccc2)(C2CCCCC2)O1.[I-],7.91
C[N+](C)(C)CC1COCC(c2ccccc2)(c2ccccc2)O1.[I-],8.24
C[N+](C)(C)CCCCCC[N+](C)(C)CC#CCOC1=NOCC1.[Br-].[Br-],7.04
C[N+](C)(C)CCCCCC[N+]1(C)[C@@H]2CC[C@@H]1CC(OC(=O)C(CO)c1ccccc1)C2.[Br-].[Br-],7.73
C[N+](C)(C)CCCCCC[N+]1(C)[C@@H]2C[C@H](OC(=O)[C@H](CO)c3ccccc3)C[C@H]1[C@@H]1O[C@@H]12.[Br-].[Br-],7.32
C[N+](C)(C)CCCc1ccc2ccoc2c1.O=C[O-],7.105
C[N+](C)(C)CCOC(=O)C(c1ccccc1)c1ccccc1.[Br-],6.46
C[N+](C)(C)CCOC(N)=O.[Cl-],6.16
C[N+](C)(C)CCc1ccc2ccoc2c1.O=C[O-],6.755
C[N+](C)(C)C[C@@H]1COC(c2ccccc2)(c2ccccc2)CO1.[I-],6.75
C[N+](C)(C)C[C@@H]1COCC(c2ccccc2)(c2ccccc2)O1.[I-],7.48
C[N+](C)(C)C[C@@H]1COC[C@@H](c2ccc(S(=O)(=O)c3ccccc3)cc2)O1.[I-],6.7
C[N+](C)(C)C[C@@H]1COC[C@@H](c2ccc(Sc3ccccc3)cc2)O1.[I-],6.71
C[N+](C)(C)C[C@@H]1COC[C@@H](c2ccc([S+]([O-])c3ccccc3)cc2)O1.[I-],6.38
C[N+](C)(C)C[C@@H]1COC[C@@](c2ccccc2)(C2CCCCC2)O1.[I-],7.36
C[N+](C)(C)C[C@@H]1COC[C@](c2ccccc2)(C2CCCCC2)O1,7.86
C[N+](C)(C)C[C@@H]1CO[C@@H](C(c2ccccc2)c2ccccc2)CO1.[I-],6.06
C[N+](C)(C)C[C@@H]1CO[C@@H](c2ccc([S+]([O-])c3ccccc3)cc2)CO1.[I-],6.38
C[N+](C)(C)C[C@@H]1CO[C@@H](c2ccccc2)[C@@H](c2ccccc2)O1.[I-],6.62
C[N+](C)(C)C[C@@H]1CO[C@@](c2ccccc2)(C2CCCCC2)CO1.[I-],7.26
C[N+](C)(C)C[C@@H]1CO[C@H](c2ccc(S(=O)(=O)c3ccccc3)cc2)CO1.[I-],6.39
C[N+](C)(C)C[C@@H]1CO[C@H](c2ccc(Sc3ccccc3)cc2)CO1.[I-],6.7
C[N+](C)(C)C[C@@H]1CO[C@](c2ccccc2)(C2CCCCC2)CO1.[I-],7.22
C[N+](C)(C)C[C@@H]1CS[C@@](c2ccccc2)(C2CCCCC2)O1.[I-],8.12
C[N+](C)(C)C[C@@H]1C[S+]([O-])[C@@](c2ccccc2)(C2CCCCC2)O1.[I-],7.13
C[N+](C)(C)C[C@H]1COCC(c2ccccc2)(c2ccccc2)O1.[I-],8.55
C[N+](C)(C)C[C@H]1COC[C@@](c2ccccc2)(C2CCCCC2)O1.[I-],8.22
C[N+](C)(CC#CCOC1=NOCC1)CCCCCC[N+](C)(C)CCCN1C(=O)c2ccccc2C1=O.[Br-].[Br-],6.7
C[N+](C)(CCCCCC[N+](C)(C)C1c2ccccc2-c2ccccc21)C1c2ccccc2-c2ccccc21,6.29
C[N+](C)(CCCCCC[N+](C)(C)CCCN1C(=O)c2ccccc2C1=O)CCCN1C(=O)c2ccccc2C1=O,6.0
C[N+](C)(CCCCCC[N+](C)(C)CCCN1C(=O)c2ccccc2C1=O)CCCN1C(=O)c2ccccc2C1=O.[Br-].[Br-],6.484999999999999
C[N+](C)(CCCCCC[N+]1(C)[C@@H]2C[C@H](OC(=O)[C@H](CO)c3ccccc3)C[C@H]1[C@@H]1O[C@@H]12)CCCN1C(=O)c2ccccc2C1=O.[Br-].[Br-],8.15
C[N+]1(C)C2CCC1CC(N1CC(c3ccccc3)(c3ccccc3)NC1=O)C2,6.3
C[N+]1(C)C2CCC1CC1(C2)OC(=O)C(c2ccccc2)(c2ccccc2)O1.[I-],8.07
C[N+]1(C)CCC(=C(c2ccccc2)c2ccccc2)CC1,6.79
C[N+]1(C)CCC(COC(=O)Nc2ccc(F)cc2-c2ccc(F)c(Cl)c2)CC1.O=C[O-],7.41
C[N+]1(C)CCC(COC(=O)Nc2ccc(F)cc2-c2cccc(Cl)c2)CC1.O=C[O-],7.09
C[N+]1(C)CCC(N2CC(c3ccccc3)(c3ccccc3)NC2=O)C1,6.06
C[N+]1(C)CCC(OC(=O)C(O)(c2ccccc2)C2CCCC2)C1,9.8
C[N+]1(C)CCC(OC(=O)C(O)(c2ccccc2)C2CCCC2)C1.[Br-],8.845
C[N+]1(C)CCC(OC(=O)C(c2ccccc2)c2ccccc2)CC1.[I-],7.64
C[N+]1(C)CCC2(CC1)OC(=O)C(c1ccccc1)(c1ccccc1)O2.[I-],8.91
C[N+]1(C)CCCC(OC(=O)C(O)(c2ccccc2)c2ccccc2)C1,8.35
C[N+]1(C)CCCC(OC(=O)C(O)(c2ccccc2)c2ccccc2)C1.[Br-],8.925
C[N+]1(C)CCCC1c1ccc(C(O)(c2ccccc2)C2CCCCC2)o1.[I-],7.99
C[N+]1(C)CCCC1c1ccc(C(O)(c2ccccc2)c2ccccc2)o1.[I-],7.5
C[N+]1(C)CCCC1c1ccc(C(c2ccccc2)C2CCCCC2)o1.[I-],7.76
C[N+]1(C)CCCC1c1ccc(C(c2ccccc2)c2ccccc2)o1.[I-],7.87
C[N+]1(C)CCC[C@@H](OC(=O)C(O)(c2ccccc2)c2ccccc2)C1.[Br-],9.35
C[N+]1(C)CCC[C@@H]1[C@@H]1CSC(c2ccccc2)(c2ccccc2)O1.[I-],8.47
C[N+]1(C)CCC[C@@H]1[C@@H]1CS[C@@](c2ccccc2)(C2CCCCC2)O1.[I-],9.08
C[N+]1(C)CCC[C@@H]1[C@@H]1CS[C@](c2ccccc2)(C2CCCCC2)O1.[I-],8.83
C[N+]1(C)CCC[C@@H]1[C@@H]1C[S+]([O-])C(c2ccccc2)(c2ccccc2)O1.[I-],6.9350000000000005
C[N+]1(C)CCC[C@@H]1[C@@H]1C[S+]([O-])[C@@](c2ccccc2)(C2CCCCC2)O1.[I-],7.390000000000001
C[N+]1(C)CCC[C@@H]1[C@@H]1C[S+]([O-])[C@](c2ccccc2)(C2CCCCC2)O1.[I-],7.045
C[N+]1(C)CCC[C@@H]1c1ccc([C@@](O)(c2ccccc2)C2CCCCC2)o1.[I-],7.06
C[N+]1(C)CCC[C@@H]1c1ccc([C@](O)(c2ccccc2)C2CCCCC2)o1.[I-],8.63
C[N+]1(C)CCC[C@H](OC(=O)C(O)(c2ccccc2)c2ccccc2)C1.[Br-],8.6
C[N+]1(C)CCC[C@H]1[C@H]1CSC(c2ccccc2)(c2ccccc2)O1.[I-],9.33
C[N+]1(C)CCC[C@H]1[C@H]1CS[C@@](c2ccccc2)(C2CCCCC2)O1.[I-],9.01
C[N+]1(C)CCC[C@H]1[C@H]1CS[C@](c2ccccc2)(C2CCCCC2)O1.[I-],8.739999999999998
C[N+]1(C)CCC[C@H]1[C@H]1C[S+]([O-])C(c2ccccc2)(c2ccccc2)O1.[I-],7.115
C[N+]1(C)CCC[C@H]1[C@H]1C[S+]([O-])[C@@](c2ccccc2)(C2CCCCC2)O1.[I-],7.45
C[N+]1(C)CCC[C@H]1[C@H]1C[S+]([O-])[C@](c2ccccc2)(C2CCCCC2)O1.[I-],6.75
C[N+]1(C)CCC[C@H]1c1ccc([C@@](O)(c2ccccc2)C2CCCCC2)o1.[I-],6.12
C[N+]1(C)CCC[C@H]1c1ccc([C@](O)(c2ccccc2)C2CCCCC2)o1.[I-],7.7
C[N+]1(C)CCN(CC(O)(c2ccccc2)C2CCCCC2)CC1,7.14
C[N+]1(C)[C@@H]2CC[C@@H]1CC(OC(=O)C(CO)c1ccccc1)C2,8.35
C[N+]1(C)[C@@H]2CC[C@H]1C[C@@H](C=C(c1cccs1)c1cccs1)C2.[Br-],9.14
C[N+]1(C)[C@@H]2CC[C@H]1C[C@@H](CC(C#N)(c1ccccc1)c1ccccc1)C2.[Br-],9.8
C[N+]1(C)[C@@H]2CC[C@H]1C[C@@H](CC(CO)(c1ccccc1)c1ccccc1)C2.[Br-],8.350000000000001
C[N+]1(C)[C@@H]2CC[C@H]1C[C@@H](CC(O)(c1ccccc1)c1ccccc1)C2.[Br-],8.850000000000001
C[N+]1(C)[C@@H]2CC[C@H]1C[C@@H](OC(=O)C(O)c1ccccc1)C2,6.86
C[N+]1(C)[C@@H]2CC[C@H]1C[C@@H](OC(=O)N(Cc1cccc(C#N)c1)c1ccsc1)C2.[Br-],6.2
C[N+]1(C)[C@@H]2CC[C@H]1C[C@@H](OC(=O)N(Cc1ccsc1)c1ccccc1)C2.[Br-],7.52
C[N+]1(C)[C@@H]2CC[C@H]1C[C@@H](OC(=O)N(Cc1ccsc1)c1ccsc1)C2.[Br-],8.14
C[N+]1(C)[C@@H]2CC[C@H]1C[C@H](OC(=O)N(CC1CCCCC1)c1ccsc1)C2.[Br-],7.25
C[N+]1(C)[C@@H]2CC[C@H]1C[C@H](OC(=O)N(Cc1ccc(Br)cc1)c1ccccc1)C2.[Br-],6.4
C[N+]1(C)[C@@H]2CC[C@H]1C[C@H](OC(=O)N(Cc1cccc(Br)c1)c1ccccc1)C2.[Br-],6.28
C[N+]1(C)[C@@H]2CC[C@H]1C[C@H](OC(=O)N(Cc1ccccc1)c1ccccc1)C2.[Br-],7.32
C[N+]1(C)[C@@H]2CC[C@H]1C[C@H](OC(=O)N(Cc1ccccc1)c1cccs1)C2.[Br-],7.86
C[N+]1(C)[C@@H]2CC[C@H]1C[C@H](OC(=O)N(Cc1ccccc1)c1ccsc1)C2.[Br-],7.96
C[N+]1(C)[C@@H]2CC[C@H]1C[C@H](OC(=O)N(Cc1ccccc1Br)c1ccccc1)C2.[Br-],6.18
C[N+]1(C)[C@@H]2CC[C@H]1C[C@H](OC(=O)N(Cc1cccs1)c1ccccc1)C2.[Br-],7.9
C[N+]1(C)[C@@H]2CC[C@H]1C[C@H](OC(=O)N(Cc1ccoc1)c1ccccc1)C2.[Br-],7.27
C[N+]1(C)[C@@H]2C[C@@H](OC(=O)C(O)(c3cccs3)c3cccs3)C[C@H]1[C@@H]1O[C@@H]12.O.[Br-],9.7
C[N+]1(C)[C@@H]2C[C@@H](OC(=O)C(O)(c3cccs3)c3cccs3)C[C@H]1[C@@H]1O[C@@H]12.[Br-],9.31
C[N+]1(C)[C@@H]2C[C@@H](OC(=O)[C@H](CO)c3ccccc3)C[C@H]1[C@@H]1O[C@@H]12,9.235
C[N+]1(C)[C@@H]2C[C@@H](OC(=O)[C@H](CO)c3ccccc3)C[C@H]1[C@@H]1O[C@@H]12.[Br-],9.600000000000001
C[N+]1(C)[C@@H]2C[C@H](OC(=O)C(O)(c3cccs3)c3cccs3)C[C@H]1[C@@H]1O[C@@H]12,9.8
C[N+]1(C)[C@@H]2C[C@H](OC(=O)[C@H](CO)c3ccccc3)C[C@H]1[C@@H]1O[C@@H]12,9.09
C[N+]1(CC#CCOC2=NOCC2)CCCCC1.[I-],6.66
C[N+]1(CC#CCOC2=NOCC2)CCc2ccccc2C1.[I-],6.32
C[N+]1(CC(=O)Nc2ccccc2)CCC(N2CC(c3ccccc3)(c3ccccc3)NC2=O)C1,8.0
C[N+]1(CC(=O)c2cccc(F)c2)CC[C@@H](N2CC(c3ccc(F)cc3)(c3ccc(F)cc3)NC2=O)C1,6.484999999999999
C[N+]1(CC(=O)c2ccccc2)CCC(N2CC(c3ccccc3)(c3ccccc3)NC2=O)C1,7.5
C[N+]1(CC(=O)c2ccccc2)CC[C@@H](N2CC(c3ccc(F)cc3)(c3ccc(F)cc3)NC2=O)C1,7.03
C[N+]1(CC(=O)c2ccccn2)CC[C@@H](N2CC(c3ccc(F)cc3)(c3ccc(F)cc3)NC2=O)C1,6.57
C[N+]1(CC(=O)c2ccsc2)CC[C@@H](N2CC(c3ccc(F)cc3)(c3ccc(F)cc3)NC2=O)C1,6.555
C[N+]1(CCCC(O)(c2ccccc2)c2ccccc2)CCC(C2CC[N+](C)(CCCC(O)(c3ccccc3)c3ccccc3)CC2)CC1.[I-].[I-],6.44
C[N+]1(CCCC(O)(c2ccccc2)c2ccccc2)CCCCC1.[I-],6.56
C[N+]1(CCCOc2ccccc2)CCC(N2CC(c3ccccc3)(c3ccccc3)NC2=O)C1,8.05
C[N+]1(CCCc2ccccc2)CCC(N2CC(c3ccccc3)(c3ccccc3)NC2=O)C1,9.14
C[N+]1(CCOCc2ccccc2)CCC(N2CC(c3ccccc3)(c3ccccc3)NC2=O)C1,7.32
C[N+]1(CCOc2ccccc2)CCC(N2CC(c3ccccc3)(c3ccccc3)NC2=O)C1,8.78
C[N+]1(CCOc2ccccc2)CC[C@@H](N2CC(c3ccccc3)(c3ccccc3)NC2=O)C1,8.62
C[N+]1(CCOc2ccccc2)CC[C@H](N2CC(c3ccccc3)(c3ccccc3)NC2=O)C1,6.8
C[N+]1(CCc2ccccc2)CCC(N2CC(c3ccccc3)(c3ccccc3)NC2=O)C1.[Br-],8.27
C[N+]1(CCc2ccccc2)CC[C@@H](N2CC(c3ccc(F)cc3)(c3ccc(F)cc3)NC2=O)C1,7.255
C[N+]1(C[C@H]2O[C@@H]2c2ccccc2)CCC(N2CC(c3ccccc3)(c3ccccc3)NC2=O)C1,7.56
C[N+]1(Cc2ccc(O)cc2)CCC[C@H](NC(=O)[C@H](Cc2ccc(O)cc2)NC(=O)Nc2ccc(C(=O)OC3CCCCC3)s2)C1.[I-],10.3
C[N+]1(Cc2ccccc2)CC[C@@H](N2CC(c3ccccc3)(c3ccccc3)NC2=O)C1,6.05
C[N+]12C=C(c3cc4ccccc4o3)C(CC1)CC2,6.34
C[N+]12CCC(CC1)C(OC(=O)C(O)(c1ccccc1)c1ccccc1)C2,8.49
C[N+]12CCC(CC1)C(OCC(O)(c1ccccc1)C1CCCC1)C2.[Br-],8.21
C[N+]12CCC(CC1)[C@@H](OC(=O)C(O)(c1cccs1)c1cccs1)C2.[Br-],9.34
C[N+]12CCC(CC1)[C@@H](OC(=O)N(Cc1cccs1)c1ccccc1)C2.[Br-],7.48
C[N+]12CCC(CC1)[C@@H](OC(=O)Nc1ccc(F)cc1-c1ccc(F)c(Cl)c1)C2.O=C[O-],8.43
C[N+]12CCC(CC1)[C@@H](OC(=O)Nc1ccc(F)cc1-c1cccc(Cl)c1)C2.O=C[O-],8.48
C[N+]12CC[C@@]34c5ccccc5N5[C@@H]6OCC=C7C[N+]8(C)CC[C@]9%10c%11ccccc%11N([C@@H]%11OCC=C(C1)[C@H](C[C@@H]32)[C@@H]%11[C@H]54)[C@H]9[C@H]6[C@H]7C[C@@H]%108.[Cl-].[Cl-],8.09
C[N+]1=C(/C=C/C=C/C=C2/N(CCCCCC(=O)NCCCCC3CCN(CC(=O)N4c5ccccc5NC(=O)c5ccccc54)CC3)c3ccccc3C2(C)C)C(C)(C)c2ccccc21.O=C(O)C(F)(F)F.O=C([O-])C(F)(F)F,7.27
C[N+]1=C(/C=C/C=C/C=C2/N(CCCCCC(=O)NCCN3CCN(CCCCC4CCN(CC(=O)N5c6ccccc6NC(=O)c6ccccc65)CC4)CC3)c3ccccc3C2(C)C)C(C)(C)c2ccccc21.O=C(O)C(F)(F)F.O=C(O)C(F)(F)F.O=C(O)C(F)(F)F.O=C([O-])C(F)(F)F,8.35
C[N@+]1(CCF)[C@@H]2CC[C@H]1C[C@@H](OC(=O)C(O)(c1ccccc1)c1ccccc1)C2,7.27
C[N@+]12CC[C@H](CC1)[C@@H](NC(=O)Nc1ccc(F)cc1-c1ccccc1)C2.O=C([O-])C(F)(F)F,6.43
C[N@+]12CC[C@H](CC1)[C@@H](OC(=O)Nc1ccc(F)cc1-c1ccccc1)C2.O=C([O-])C(F)(F)F,7.85
C[N@+]12CC[C@H](CC1)[C@@H](OC(=O)Nc1ccccc1-c1ccccc1)C2.O=C([O-])C(F)(F)F,8.77
Cc1c(C(=O)NCCC2(O)CCN(Cc3ccccc3)CC2)cnc2cc(-c3cccc(C(F)(F)F)c3)nn12,6.26
Cc1c(C(=O)NCCC2CCN(Cc3ccccc3)CC2)cnc2cc(-c3cc(F)c(F)c(F)c3)nn12,6.26
Cc1c(C(=O)NCCC2CCN(Cc3ccccc3)CC2)cnc2cc(-c3cc(F)cc(F)c3)nn12,6.26
Cc1c(C(=O)NCCC2CCN(Cc3ccccc3)CC2)cnc2cc(-c3ccc(F)cc3)nn12,6.26
Cc1c(C(=O)NCCC2CCN(Cc3ccccc3)CC2)cnc2cc(-c3ccc(F)cc3F)nn12,7.26
Cc1c(C(=O)NCCC2CCN(Cc3ccccc3)CC2)cnc2cc(-c3cccc(C(F)(F)F)c3)nn12,6.26
Cc1c(C(=O)NCCC2CCN(Cc3ccccc3)CC2)cnc2cc(-c3cccc(OC(F)(F)F)c3)nn12,6.26
Cc1c(C(=O)NC[C@@H](O)C2CCN(Cc3ccccc3)CC2)cnc2cc(-c3cccc(C(F)(F)F)c3)nn12,7.26
Cc1c(C(=O)NC[C@H](O)C2CCN(Cc3ccccc3)CC2)cnc2cc(-c3cccc(C(F)(F)F)c3)nn12,6.26
Cc1c(Cl)nnc2sc(C(=O)NC3CN(c4cnc(Cl)cn4)C3)c(N)c12,6.4
Cc1c(N)cccc1C(=O)N1CCC(N2CCC(C3(c4ccc(C(=O)NC(C)C)cc4)OCCO3)CC2)CC1,8.72
Cc1c(N)cccc1C(=O)N1CCC(N2CCC(Cc3ccc(C(=O)NC(C)C)cc3)CC2)CC1,8.8
Cc1c(NC2CC2)nc(C2CC2)nc1N1CCCCCC1,7.1
Cc1c[n+]([O-])cc(C)c1C(=O)N1CCC(C)(N2CCN([C@@H](C)c3ccc(C(F)(F)F)cc3)[C@@H](C)C2)CC1,6.59
Cc1cc(/C=C/C=C/c2ccc(N(C)C)cc2)cc(C)[n+]1CCCCC1CCN(CC(=O)N2c3ccccc3NC(=O)c3ccccc32)CC1.O=C(O)C(F)(F)F.O=C([O-])C(F)(F)F,7.77
Cc1cc(/C=C/C=C/c2ccc(N(C)C)cc2)cc(C)[n+]1CCN1CCN(CCCCC2CCN(CC(=O)N3c4ccccc4NC(=O)c4ccccc43)CC2)CC1,8.63
Cc1cc(/C=C/C=C/c2ccc(N(C)C)cc2)cc(C)[n+]1CCN1CCN(CCCCC2CCN(CC(=O)N3c4ccccc4NC(=O)c4ccccc43)CC2)CC1.O=C(O)C(F)(F)F.O=C(O)C(F)(F)F.O=C(O)C(F)(F)F.O=C([O-])C(F)(F)F,8.52
Cc1cc(/C=C/C=C/c2ccc(N(C)C)cc2)cc(C)[n+]1CCNC(=O)CCc1cn(CCCCC2CCN(CC(=O)N3c4ccccc4NC(=O)c4ccccc43)CC2)cn1,9.05
Cc1cc(/C=C/C=C/c2ccc(N(C)C)cc2)cc(C)[n+]1CCNC(=O)CCc1cn(CCCCC2CCN(CC(=O)N3c4ccccc4NC(=O)c4ccccc43)CC2)cn1.O=C(O)C(F)(F)F.O=C(O)C(F)(F)F.O=C([O-])C(F)(F)F,8.719999999999999
Cc1cc(/C=C/c2cc3c4c(c2)CCCN4CCC3)cc(C)[n+]1CCN1CCN(CCCCC2CCN(CC(=O)N3c4ccccc4NC(=O)c4ccccc43)CC2)CC1,9.0
Cc1cc(/C=C/c2cc3c4c(c2)CCCN4CCC3)cc(C)[n+]1CCN1CCN(CCCCC2CCN(CC(=O)N3c4ccccc4NC(=O)c4ccccc43)CC2)CC1.O=C(O)C(F)(F)F.O=C(O)C(F)(F)F.O=C(O)C(F)(F)F.O=C([O-])C(F)(F)F,8.955
Cc1cc(/C=C/c2cc3c4c(c2)CCCN4CCC3)cc(C)[n+]1CCNC(=O)CCc1cn(CCCCC2CCN(CC(=O)N3c4ccccc4NC(=O)c4ccccc43)CC2)cn1,8.89
Cc1cc(/C=C/c2cc3c4c(c2)CCCN4CCC3)cc(C)[n+]1CCNC(=O)CCc1cn(CCCCC2CCN(CC(=O)N3c4ccccc4NC(=O)c4ccccc43)CC2)cn1.O=C(O)C(F)(F)F.O=C(O)C(F)(F)F.O=C([O-])C(F)(F)F,8.559999999999999
Cc1cc(C2CC2)ncc1N1CC(NC(=O)c2sc3nnc(Cl)c(C)c3c2N)C1,6.06
Cc1cc(CN2CCC(NC(=O)C(O)(c3ccccc3)C3CCCC3)CC2)cs1,7.62
Cc1cc(F)cnc1N1CCN(C(=O)CCCc2cccc3ncccc23)[C@H](C)C1,6.2
Cc1cc(N(C)CCN(C)C)nc2ccc(NC(=O)/C=C/c3ccc(OC(F)(F)F)cc3)cc12,6.32
Cc1cc(N)c2ccccc2[n+]1CCCCCCCCCC[n+]1c(C)cc(N)c2ccccc21,7.3
Cc1cc(N2CCC(C(=O)NCCC3CCN(Cc4ccccc4)CC3)CC2)ccc1OC(F)(F)F,7.26
Cc1cc(OCC#CC[N+](C)(C)C)no1.[I-],7.3
Cc1cc(OCCN(C)C)nc2ccc(NC(=O)COc3ccc(Cl)cc3Cl)cc12,8.35
Cc1cc2c(cc1F)[nH]c(=O)n2C1CCN(C2CCOCC2)CC1,6.15
Cc1cc2c(s1)Nc1ccccc1N=C2N1CCN(C)CC1,6.915
Cc1cc[n+]([O-])c(C)c1C(=O)N1CCC(C)(N2CCN([C@@H](C)c3ccc(C(F)(F)F)cc3)[C@@H](C)C2)CC1,6.6
Cc1ccc(-c2ccccc2C(=O)NCC2CCNCC2)cc1Cl,6.4
Cc1ccc(C(=O)N2CCOC3(CCN(Cc4ccc(Cl)cc4)CC3)C2)o1,7.3
Cc1ccc(CCC[N+]23CCC(CC2)C(OC(=O)C(O)(c2ccccc2)c2ccccc2)C3)cc1.[Br-],8.96
Cc1ccc(CCNCC2(N(C)C)COc3ccccc3OC2)cc1,7.32
Cc1ccc(CN(C(=O)O[C@@H]2C[C@H]3CC[C@@H](C2)N3C)c2ccccc2)s1,6.39
Cc1ccc(CN(C(=O)O[C@@H]2C[C@H]3CC[C@@H](C2)[N+]3(C)C)c2ccccc2)s1.[Br-],7.22
Cc1ccc(CN2CCC(NC(=O)C(O)(c3ccccc3)C3CCCC3)CC2)cc1,7.66
Cc1ccc(CNCCCCCCNCCCCCCCCNCCCCCCNCc2ccc(C)cc2)cc1,6.78
Cc1ccc(CNCCCCCCNCCCCCCCCNCCCCCCNCc2ccc(C)o2)o1,8.05
Cc1ccc(COC(=O)N(c2ccccc2)C2CN3CCC2CC3)cc1F,7.52
Cc1ccc(C[N+](C)(C)C)o1,6.02
Cc1ccc(N(Cc2ccccc2)C(=O)O[C@H]2CN3CCC2CC3)cc1,6.71
Cc1ccc(N2CCN(C(=O)NCCC3CCN(Cc4ccccc4)CC3)[C@H](C)C2)cc1F,6.26
Cc1ccc(O)c([C@H](CCN(C(C)C)C(C)C)c2ccccc2)c1,8.05
Cc1ccc(O)c([C@H](CCN(C(C)C)C(C)C)c2ccccc2)c1.O=C(O)C(O)C(O)C(=O)O,7.12
Cc1ccc(S(=O)(=O)c2ccc(C(C)N3CCN(C4CCCCC4)CC3)cc2)cc1,9.1
Cc1ccc2[nH]c(=O)n(C3CCN(C4CCOCC4)CC3)c2c1,6.2
Cc1ccc2c(-c3nnc(SCCCN4CCc5ccc(-c6cc(C)nn6C)cc5CC4)n3C)cccc2n1,6.5
Cc1ccc2c(c1)C(=O)N(CC(C)(C)C[N+](C)(C)CCCCCC[N+](C)(C)CC(C)(C)CN1C(=O)c3ccc(C)cc3C1=O)C2=O,7.33
Cc1ccc2c(c1)C(=O)N(CC(C)(C)C[N+](C)(C)CCCCCC[N+](C)(C)CCCN1C(=O)c3ccccc3C1=O)C2=O,7.26
Cc1ccc2c(c1)C(=O)N(CCC[N+](C)(C)CCCCCC[N+](C)(C)CC(C)(C)CN1C(=O)c3ccc(C)cc3C1=O)C2=O,7.44
Cc1ccc2c(c1)C(=O)N(CCC[N+](C)(C)CCCCCC[N+](C)(C)CC(C)(C)CN1C(=O)c3ccccc3C1=O)C2=O,7.15
Cc1ccc2c(c1)C(=O)N(CCC[N+](C)(C)CCCCCC[N+](C)(C)CCCN1C(=O)c3ccc(C)cc3C1=O)C2=O,6.77
Cc1ccc2c(c1)C(=O)N(CCC[N+](C)(C)CCCCCC[N+](C)(C)CCCN1C(=O)c3ccccc3C1=O)C2=O,6.49
Cc1ccc2c(c1)CC(CCN(C)C)=C2C(C)c1ccccn1,6.23
Cc1ccc2c(cnn2C[C@H](C)CN2[C@@H]3CC[C@H]2C[C@@H](OCC2CC2)C3)c1,8.1
Cc1ccc2cnn(C[C@H](C)CN3[C@@H]4CC[C@H]3C[C@@H](OCC3CC3)C4)c2c1,7.6
Cc1cccc(C(=O)N2CCC(N3CCC(C4(c5ccc(C(=O)NC(C)C)cc5)OCCO4)CC3)CC2)c1N,8.57
Cc1cccc(C(=O)N2CCC(N3CCC(Cc4ccc(C(=O)NC(C)C)cc4)CC3)CC2)c1N,8.05
Cc1cccc(C(=O)N2CCC(N3CCC(Cc4ccc(S(=O)(=O)C(C)C)cc4)CC3)CC2)c1N,6.98
Cc1cccc(C(=O)N2CCC(N3CCC(Cc4ccc(S(=O)(=O)c5cccc(Cl)c5)cc4)CC3)CC2)c1N,9.05
Cc1cccc(C(=O)N2CCC(N3CCC(Cc4ccc(SC(C)C)cc4)CC3)CC2)c1N,7.7
Cc1cccc(C(=O)N2CCC(N3CCC(Oc4ccc(S(=O)(=O)c5ccc6c(c5)OCO6)cc4)CC3)CC2)c1C,9.4
Cc1cccc(C)c1C(=O)N1CCC(N2CCN(Cc3ccc(Cc4ccc5c(c4)OCO5)cc3)CC2)CC1,6.3
Cc1cccc(C)c1C(=O)N1CCC(N2CCN(Cc3ccc(S(=O)(=O)c4ccc5c(c4)OCO5)cc3)CC2)CC1,7.51
Cc1cccc(C)c1C(=O)N1CCC(N2CCN([C@@H](C)c3ccc(Cc4ccc5c(c4)OCO5)cc3)[C@@H](C)C2)CC1,6.12
Cc1cccc(C)c1C(=O)N1CCC(N2CCN([C@@H](C)c3ccc(S(=O)(=O)c4ccc5c(c4)OCO5)cc3)CC2)CC1,9.0
Cc1cccc(C)c1C(=O)N1CCC(N2CCN([C@@H](C)c3ccc(S(=O)(=O)c4ccc5c(c4)OCO5)cc3)[C@@H](C)C2)CC1,6.31
Cc1cccc(C)c1C(=O)N1CCC(N2CCN([C@@H](C)c3ccc(S(=O)(=O)c4ccc5c(c4)OCO5)cc3)[C@H](C)C2)CC1,9.1
Cc1cccc(CCC[N+]23CCC(CC2)C(OC(=O)C(O)(c2ccccc2)c2ccccc2)C3)c1.[Br-],8.85
Cc1cccc(CN2CCC(N3CC(c4ccccc4)(C4CCCCC4)NC3=O)CC2)c1,6.78
Cc1cccc(CN2CCC(N3CC(c4ccccc4)(c4ccccc4)NC3=O)CC2)c1,6.65
Cc1cccc(CN2CCC(N3CC(c4cccs4)(c4cccs4)NC3=O)CC2)c1,6.97
Cc1cccc(CN2CCC(NC(=O)C(O)(c3ccccc3)C3CCCC3)CC2)c1,7.16
Cc1cccc(CN2CCC(NC(=O)[C@](O)(c3ccccc3)[C@@H]3CCC(F)(F)C3)CC2)c1,6.51
Cc1cccc(CN2CCC3(CC2)CCN(C(=O)c2ccccc2)CC3)c1,8.6
Cc1cccc(N(Cc2cc(F)c(F)cc2F)C(=O)O[C@H]2CN3CCC2CC3)c1,7.34
Cc1cccc(N(Cc2cc(F)c(F)cc2F)C(=O)O[C@H]2C[N+]3(CCCc4ccccc4)CCC2CC3)c1.[Br-],7.53
Cc1cccc(N(Cc2cc(F)c(F)cc2F)C(=O)O[C@H]2C[N+]3(CCOc4ccccc4)CCC2CC3)c1.[Br-],7.55
Cc1cccc(N)c1C(=O)N1CCC(N2CCN([C@@H](C)c3ccc(S(=O)(=O)c4ccc5c(c4)OCO5)cc3)[C@@H](C)C2)CC1,7.0
Cc1cccc(S(=O)(=O)c2ccc([C@H](C)N3CCN(C4CCN(C(=O)c5ccccc5C)CC4)C[C@H]3C)cc2)c1,9.4
Cc1cccc2cnn(C[C@H](C)CN3[C@@H]4CC[C@H]3C[C@@H](OCC3CC3)C4)c12,6.89
Cc1ccccc1C#Cc1ccc(CCC(=O)O)cc1,6.22
Cc1ccccc1C(=O)N1CCC(N2CCC(C3(c4ccc(C(=O)NC(C)C)cc4)OCCO3)CC2)CC1,8.05
Cc1ccccc1C(=O)N1CCC(N2CCC(Cc3ccc(C(=O)NC(C)(C)C)cc3)CC2)CC1,6.97
Cc1ccccc1C(=O)N1CCC(N2CCC(Cc3ccc(C(=O)NC(C)C)cc3)CC2)CC1,8.15
Cc1ccccc1C(=O)N1CCC(N2CCC(Cc3ccc(C(=O)NC4CCCCC4)cc3)CC2)CC1,7.82
Cc1ccccc1C(=O)N1CCC(N2CCC(Cc3ccc(C(=O)Nc4ccccc4)cc3)CC2)CC1,6.91
Cc1ccccc1C(=O)N1CCC(N2CCC(Cc3ccc(S(=O)(=O)c4ccc5c(c4)OCO5)cc3)CC2)CC1,10.7
Cc1ccccc1C(=O)N1CCC(N2CCC(Cc3ccc(S(=O)(=O)c4cccc(Cl)c4)cc3)CC2)CC1,8.57
Cc1ccccc1C(=O)N1CCC(N2CCN([C@@H](C)c3ccc(Cc4ccc5c(c4)OCO5)cc3)[C@@H](C)C2)CC1,7.46
Cc1ccccc1C(=O)N1CCC(N2CCN([C@@H](C)c3ccc(S(=O)(=O)c4ccc5c(c4)OCO5)cc3)[C@H](C)C2)CC1,9.7
Cc1ccccc1C(=O)N1CCC(N2CCN([C@@H](C)c3ccc(S(=O)(=O)c4cccc(C(F)(F)F)c4)cc3)[C@H](C)C2)CC1,8.74
Cc1ccccc1C(OCCN(C)C)c1ccccc1,6.44
Cc1ccccc1CN1CCC(CCNC(=O)N2CCN(c3ncc(C(F)(F)F)cn3)C[C@H]2C)CC1,7.26
Cc1ccccc1CN1CCC2(CC1)CN(C(=O)c1csc(C(C)C)n1)CCO2,6.1
Cc1ccccc1CNCCCCCCNCCCCCCCCNCCCCCCNCc1ccccc1C,7.23
Cc1cccnc1C(=O)N1CCC(N2CCN([C@@H](C)c3ccc(S(=O)(=O)c4ccc5c(c4)OCO5)cc3)[C@H](C)C2)CC1,7.11
Cc1ccoc1CN(C(=O)O[C@@H]1C[C@H]2CC[C@@H](C1)N2C)c1ccccc1,6.33
Cc1ccoc1CN(C(=O)O[C@H]1C[C@H]2CC[C@@H](C1)[N+]2(C)C)c1ccccc1.[Br-],6.64
Cc1ccsc1C(=O)N1CCC(N2CCC(Oc3ccc(S(=O)(=O)c4ccc5c(c4)OCO5)cc3)CC2)CC1,9.7
Cc1ccsc1CN(C(=O)O[C@H]1C[C@H]2CC[C@@H](C1)N2C)c1ccccc1,6.72
Cc1ccsc1CN(C(=O)O[C@H]1C[C@H]2CC[C@@H](C1)[N+]2(C)C)c1ccccc1.[Br-],7.46
Cc1cn2cc(CC(=O)N3CCC4(CC3)CN(Cc3ccc(-n5nccn5)cc3Cl)C4)nc2s1,6.595000000000001
Cc1cn2cc(CNC(=O)[C@H](Cc3ccc(O)cc3)NC(=O)Nc3ccc(C(=O)OC(C)C)cc3)[n+](Cc3ccc4ccccc4c3)c2s1.O=C([O-])C(F)(F)F,8.8
Cc1cn2cc(CNC(=O)[C@H](Cc3ccc(O)cc3)NC(=O)Nc3ccc(C(=O)OC4CCCCC4)s3)[n+](Cc3ccc4ccccc4c3)c2s1.[I-],9.7
Cc1nc(-c2ccc(NC(=O)N[C@@H](Cc3ccc(O)cc3)C(=O)N[C@H]3CCC[N+](C)(Cc4ccc(O)cc4)C3)cc2)no1.[I-],8.2
Cc1nc(C(=O)N2CCOC3(CCN(Cc4ccc(Cl)cc4)CC3)C2)cs1,8.5
Cc1nc(C(=O)N2CCOC3(CCN(Cc4cccc(Cl)c4)CC3)C2)cs1,8.9
Cc1nc(C(=O)N2CCOC3(CCN(Cc4ccccc4Cl)CC3)C2)cs1,8.5
Cc1nc(C(F)(F)F)nc(C)c1C(=O)N1CCC(C)(N2CCN([C@@H](C)c3ccc(C(F)(F)F)cc3)[C@@H](C)C2)CC1,6.21
Cc1nc(C)c(C(=O)N2CCC(C)(N3CCN([C@@H](C)c4ccc(C(F)(F)F)cc4)[C@@H](C)C3)CC2)c(C)n1,6.01
Cc1nc(N2CCN(C(=O)NCCC3CCN(Cc4ccccc4)CC3)[C@H](C)C2)ccc1F,6.26
Cc1nc2cc(C)c3c(N)c(C(=O)NC4CN(c5cc(Cl)ncc5Cl)C4)sc3n2n1,6.19
Cc1nc2cc(C)c3c(N)c(C(=O)NC4CN(c5cnc(C6CC6)nc5)C4)sc3n2n1,6.22
Cc1nc2sc(C(=O)NC3CC3)c(N)c2c(C)c1Cl,6.26
Cc1nccn1CC#CCN1CCCC1=O,6.99
Cc1nccn1CC#CCOc1ccon1,8.44
Cc1ncnc(C)c1C(=O)N1CCC(C)(N2CCN([C@@H](C)c3ccc(C#N)cc3)[C@@H](C)C2)CC1,6.79
Cc1ncnc(C)c1C(=O)N1CCC(C)(N2CCN([C@@H](C)c3ccc(C(F)(F)F)cc3)[C@@H](C)C2)CC1,6.34
Cc1ncnc(C)c1C(=O)N1CCC(C)(N2CCN([C@@H](C)c3ccc(I)cc3)[C@@H](C)C2)CC1,6.77
Cc1ncnc(C)c1C(=O)N1CCC(C)(N2CCN([C@@H](C)c3ccc(OC(F)(F)F)cc3)[C@@H](C)C2)CC1,7.17
Cc1nn(-c2ccccn2)c(=O)cc1-c1ccc(OC2CCN(C3CCC3)CC2)cc1,6.47
Cc1nn(C[C@H](C)CN2[C@@H]3CC[C@H]2C[C@@H](OCC2CC2)C3)c2ccccc12,6.6
Cc1nnc2sc(C(=O)NC3CN(c4ccc(C(F)(F)F)nc4)C3)c(N)c2c1C,6.02
Cc1nnc2sc(C(=O)NC3CN(c4nc5cccnc5s4)C3)c(N)c2c1C,6.66
Cc1noc(-c2ccc(NC(=O)N[C@@H](Cc3ccc(O)cc3)C(=O)N[C@H]3CCC[N+](C)(Cc4ccc(O)cc4)C3)cc2)n1.[I-],8.2
Cc1noc(C)c1S(=O)(=O)N1CCN(c2ccc(N3CCCC(C)(C)C3)nn2)CC1,6.45
Cc1noc(C2(C)CN3CCC2C3)n1,7.85
Cc1noc(C2CN3CCC2C3)n1,8.48
Cl.Cl.OC(CCCN1CCC(C2CCN(CCCC(O)(c3ccccc3)c3ccccc3)CC2)CC1)(c1ccccc1)c1ccccc1,6.06
Cl.O=C(Nc1ccccc1-c1ccccc1)OC12CCN(CC1)CC2,7.84
Cl.OC(CCN1CCCCC1)(c1ccccc1)C1CCCCC1,7.73
Clc1cc(Cl)cc(C#CCSc2nsnc2C23CN4CC2C3C4)c1,6.28
Clc1ccc(C#CCSc2nsnc2C23CN4CC2C3C4)cc1,7.1
Clc1ccc(C(OCCN2CCCCC2)c2ccccc2)cc1,6.48
Clc1ccc(CNCCCCCCNCCCCCCCCNCCCCCCNCc2ccc(Cl)cc2)cc1,6.75
Clc1ccc2c(c1)CCc1cccnc1C2=C1CCNCC1,7.12
Clc1ccc2c(c1)N=C(N1CCNCC1)c1ccccc1N2,6.6
Clc1cccc(C#CCSc2nsnc2C23CN4CC2C3C4)c1,6.17
Clc1cccc(CNCCCCCCNCCCCCCCCNCCCCCCNCc2cccc(Cl)c2)c1,6.73
Clc1ccccc1CNCCCCCCNCCCCCCCCNCCCCCCNCc1ccccc1Cl,7.18
Cn1ccc2c(NC(=O)CCN3CCCc4ccccc43)cccc21,6.005
FC(F)(F)c1ccc(CNc2ccc(Cc3c[nH]c4ncc(Cl)cc34)cn2)cn1,6.3
Fc1cc(Cl)cc(C#CCSc2nsnc2C23CN4CC2C3C4)c1,6.12
Fc1cc(F)cc(-c2nnc(Cc3nc(-c4ccc5c(c4)OCO5)no3)o2)c1,6.03
Fc1ccc(C#CCOc2nsnc2C23CN4CC2C3C4)cc1,6.1
Fc1ccc(C#CCSc2nsnc2C23CN4CC2C3C4)cc1,7.08
Fc1ccc(CNCCCCCCNCCCCCCCCNCCCCCCNCc2ccc(F)cc2)cc1,6.89
Fc1ccc(Cl)c(-c2ccc(N[C@H]3C[C@@H]4CN(CC5CCOCC5)C[C@@H]4C3)nn2)c1,6.17
Fc1ccc([C@@H]2CCNC[C@H]2COc2ccc3c(c2)OCO3)cc1,6.105
Fc1cccc(C#CCOc2nsnc2C23CN4CC2C3C4)c1,6.17
Fc1cccc(C#CCSc2nsnc2C23CN4CC2C3C4)c1,6.04
N#Cc1cc(F)cc(N2CCC(C(=O)NCCC3CCN(Cc4ccccc4)CC3)CC2)c1,6.26
N#Cc1cc(N2CCC(C(=O)NCCC3(O)CCN(Cc4ccccc4)CC3)CC2)ccc1OC(F)(F)F,6.26
N#Cc1cc(N2CCC(C(=O)NCCC3CCN(Cc4ccccc4)CC3)CC2)ccc1F,6.26
N#Cc1cc(N2CCC(C(=O)NCCC3CCN(Cc4ccccc4)CC3)CC2)ccc1OC(F)(F)F,7.26
N#Cc1cc(OC(F)(F)F)cc(N2CCC(C(=O)NCCC3CCN(Cc4ccccc4)CC3)CC2)c1,7.26
N#Cc1ccc(N2C3CCC2CN(C(=O)CCS(=O)(=O)c2cccc4ncsc24)C3)nc1,6.7
N#Cc1ccc(N2CCC(C(=O)NCCC3CCN(Cc4ccccc4)CC3)CC2)cc1OC(F)(F)F,6.26
N/C(=N\C(=O)NCc1ccccc1)NCCCc1nnc(N)s1.O=C(O)C(F)(F)F.O=C(O)C(F)(F)F,10.0
N=C(N)NCCCCC(=O)NC1CCN(CCCCC2CCN(CC(=O)N3c4ccccc4NC(=O)c4ccccc43)CC2)CC1.O=C(O)C(F)(F)F.O=C(O)C(F)(F)F.O=C(O)C(F)(F)F.O=C(O)C(F)(F)F,9.53
N=C(N)NCCCCCCCCC(=O)C(N)CCCNC(=N)N,8.22
N=C(N)NCCC[C@@H](N)C(=O)NCCN1CCN(CCCC2CCN(CC(=O)N3c4ccccc4NC(=O)c4ccccc43)CC2)CC1.O=C(O)C(F)(F)F.O=C(O)C(F)(F)F.O=C(O)C(F)(F)F.O=C(O)C(F)(F)F.O=C(O)C(F)(F)F,9.23
N=C(N)NCCC[C@@H](N)C(=O)NCCN1CCN(CCCCC2CCN(CC(=O)N3c4ccccc4NC(=O)c4ccccc43)CC2)CC1.O=C(O)C(F)(F)F.O=C(O)C(F)(F)F.O=C(O)C(F)(F)F.O=C(O)C(F)(F)F.O=C(O)C(F)(F)F,9.64
N=C(N)NCCC[C@@H](NC1CCN(CCCCC2CCN(CC(=O)N3c4ccccc4NC(=O)c4ccccc43)CC2)CC1)C(=O)O.O=C(O)C(F)(F)F.O=C(O)C(F)(F)F.O=C(O)C(F)(F)F.O=C(O)C(F)(F)F,9.85
N=C(N)NCCC[C@@H](NCCN1CCN(CCCC2CCN(CC(=O)N3c4ccccc4NC(=O)c4ccccc43)CC2)CC1)C(=O)O.O=C(O)C(F)(F)F.O=C(O)C(F)(F)F.O=C(O)C(F)(F)F.O=C(O)C(F)(F)F.O=C(O)C(F)(F)F,9.56
N=C(N)NCCC[C@H](N)C(=O)NCCCCC1CCN(CC(=O)N2c3ccccc3NC(=O)c3ccccc32)CC1.O=C(O)C(F)(F)F.O=C(O)C(F)(F)F.O=C(O)C(F)(F)F,8.27
N=C(N)NCCC[C@H](N)C(=O)NCCN1CCN(CCCCC2CCN(CC(=O)N3c4ccccc4NC(=O)c4ccccc43)CC2)CC1.O=C(O)C(F)(F)F.O=C(O)C(F)(F)F.O=C(O)C(F)(F)F.O=C(O)C(F)(F)F.O=C(O)C(F)(F)F,9.99
NC(=O)C(CCCN1CC[C@H](Oc2ccccc2)C1)(c1ccccc1)c1ccccc1,7.82
NC(=O)C(c1ccccc1)(c1ccccc1)[C@@H]1CCN(CCc2ccc3c(c2)CCO3)C1,7.3149999999999995
NC(=O)CSc1ccc(CC2CCN(C3CCN(C(=O)c4cccc5ccccc45)CC3)CC2)cc1,7.75
NC(=O)OCCN1CCC(N2CCC(n3c(=O)[nH]c4ccccc43)CC2)CC1,7.92
NC1CCN(C(=O)[C@](O)(c2ccccc2)C2CCCC2)CC1,7.96
NC1CCN(C(=O)[C@](O)(c2ccccc2)[C@@H]2CCC(F)(F)C2)CC1,6.62
NC1CCN(CCCCC2CCN(CC(=O)N3c4ccccc4NC(=O)c4ccccc43)CC2)CC1.O=C(O)C(F)(F)F.O=C(O)C(F)(F)F.O=C(O)C(F)(F)F,9.73
NCC(=O)N1CCN(C(=O)[C@](O)(c2ccccc2)[C@@H]2CCC(F)(F)C2)CC1,6.52
NCC1CCN(C(=O)[C@](O)(c2ccccc2)C2CCCC2)CC1,7.55
NCC1CCN(C(=O)[C@](O)(c2ccccc2)[C@@H]2CCC(F)(F)C2)C1,6.89
NCC1CCN(C(=O)[C@](O)(c2ccccc2)[C@@H]2CCC(F)(F)C2)CC1,6.12
NCC=C1CCN(C(=O)[C@](O)(c2ccccc2)[C@@H]2CCC(F)(F)C2)CC1,7.26
NCCC1CCN(C(=O)[C@](O)(c2ccccc2)C2CCCC2)CC1,7.39
NCCC1CCN(C(=O)[C@](O)(c2ccccc2)[C@@H]2CCC(F)(F)C2)CC1,6.2
NCCCCC1CCN(CC(=O)N2c3ccccc3NC(=O)c3ccccc32)CC1.O=C(O)C(F)(F)F.O=C(O)C(F)(F)F,7.97
NCCCCCCCCN1CCC(COC(=O)Nc2ccc(F)cc2-c2ccc(F)c(Cl)c2)CC1,9.04
NCCCCCCCCN1CCC(OC(=O)Nc2ccc(F)cc2-c2ccc(F)c(Cl)c2)CC1,8.77
NCCCCCCN1CCC(COC(=O)Nc2ccc(F)cc2-c2ccc(F)c(Cl)c2)CC1,8.85
NCCCCCCN1CCC(OC(=O)Nc2ccc(F)cc2-c2ccc(F)c(Cl)c2)CC1,7.55
NCCN1CCN(C(=O)CCCC2CCN(CC(=O)N3c4ccccc4NC(=O)c4ccccc43)CC2)CC1.O=C(O)C(F)(F)F.O=C(O)C(F)(F)F.O=C(O)C(F)(F)F,6.81
NCCN1CCN(C(=O)[C@](O)(c2ccccc2)[C@@H]2CCC(F)(F)C2)CC1,6.09
NCCN1CCN(CCC(=O)NC2CCN(CC(=O)N3c4ccccc4NC(=O)c4ccccc43)CC2)CC1.O=C(O)C(F)(F)F.O=C(O)C(F)(F)F.O=C(O)C(F)(F)F.O=C(O)C(F)(F)F,7.63
NCCN1CCN(CCCC2CCN(CC(=O)N3c4ccccc4NC(=O)c4ccccc43)CC2)CC1.O=C(O)C(F)(F)F.O=C(O)C(F)(F)F.O=C(O)C(F)(F)F.O=C(O)C(F)(F)F,8.45
NCCN1CCN(CCCCC2CCN(CC(=O)N3c4ccccc4NC(=O)c4ccccc43)CC2)CC1.O=C(O)C(F)(F)F.O=C(O)C(F)(F)F.O=C(O)C(F)(F)F.O=C(O)C(F)(F)F,9.74
NCCNC(=O)CCc1cn(CCCCC2CCN(CC(=O)N3c4ccccc4NC(=O)c4ccccc43)CC2)cn1.O=C(O)C(F)(F)F.O=C(O)C(F)(F)F.O=C(O)C(F)(F)F,9.23
NCCOCCOCCC(=O)NCCOCCOCCNc1ccccc1C(=O)N1CCC(N2CCC(Cc3ccc(S(=O)(=O)c4cccc(Cl)c4)cc3)CC2)CC1.O=C(O)C(F)(F)F,7.965
NCCOCCOCCNc1ccccc1C(=O)N1CCC(N2CCC(Cc3ccc(S(=O)(=O)c4cccc(Cl)c4)cc3)CC2)CC1.O=C(O)C(F)(F)F,7.85
NCc1cc(C(=O)NCCN2CCC(N3CCC(n4c(=O)[nH]c5ccccc54)CC3)CC2)cc(C(=O)NCCN2CCN(CCCCC3CCN(CC(=O)N4c5ccccc5NC(=O)c5ccccc54)CC3)CC2)c1.O=C(O)C(F)(F)F.O=C(O)C(F)(F)F.O=C(O)C(F)(F)F.O=C(O)C(F)(F)F.O=C(O)C(F)(F)F.O=C(O)C(F)(F)F,9.71
NCc1cc(C(=O)NCCNC(=O)CCc2cn(CCCCC3CCN(CC(=O)N4c5ccccc5NC(=O)c5ccccc54)CC3)cn2)cc(C(=O)NCCNC(=O)CCc2cn(CCCCC3CCN(CC(=O)N4c5ccccc5NC(=O)c5ccccc54)CC3)cn2)c1.O=C(O)C(F)(F)F.O=C(O)C(F)(F)F.O=C(O)C(F)(F)F.O=C(O)C(F)(F)F.O=C(O)C(F)(F)F,9.57
Nc1ccc(CN2CCC(NC(=O)[C@](O)(c3ccccc3)[C@@H]3CCC(F)(F)C3)CC2)cc1,6.66
Nc1ccc(CN2CCC(NC(=O)[C@](O)(c3ccccc3)[C@@H]3CCC(F)(F)C3)CC2)cc1F,6.51
Nc1ccc(CN2CCC(NC(=O)[C@](O)(c3ccccc3)[C@@H]3CCC(F)(F)C3)CC2)nc1,6.03
Nc1cccc(-c2ccc(CCN3CCN(CC(=O)c4ccccc4)CC3)cc2)n1,6.5
Nc1cccc(CN2CCC(N3CC(c4ccccc4)(c4ccccc4)NC3=O)CC2)c1,6.74
Nc1cccc(CN2CCC(NC(=O)[C@](O)(c3ccccc3)[C@@H]3CCC(F)(F)C3)CC2)c1,6.48
Nc1cccc(CN2CCC(NC(=O)[C@](O)(c3ccccc3)[C@@H]3CCC(F)(F)C3)CC2)n1,6.28
Nc1ccccc1C(=O)N1CCC(N2CCC(Cc3ccc(S(=O)(=O)c4cccc(Cl)c4)cc3)CC2)CC1,9.7
Nc1ccccc1C(=O)N1CCC(N2CCC(Cc3ccc(S(=O)(=O)c4cccc(Cl)c4)cc3)CC2)CC1.O=C(O)C(F)(F)F,8.030000000000001
Nc1nc(N2CCN(C(=O)NCCC3CCN(Cc4ccccc4)CC3)CC2)ncc1C(F)(F)F,6.26
Nc1noc(C2CN3CCC2C3)n1,7.7
O=C(C1CCC1)N(c1ccc(Br)cc1)C1CCN(Cc2ccccc2)CC1,7.6
O=C(C1CCC1)N(c1ccccc1)C1CCN(Cc2ccccc2)CC1,6.6
O=C(C1CCN(c2cc(Oc3ccc(Cl)cc3)ncn2)CC1)N1CCc2ccccc2C1,6.45
O=C(C1CCN(c2cc(Oc3ccc(F)cc3F)ncn2)CC1)N1CCc2ccccc2C1,6.48
O=C(C1CCN(c2cc(Oc3ccc(F)cc3F)ncn2)CC1)N1Cc2ccccc2C1,6.28
O=C(C1CCN(c2cc(Oc3ccccc3F)ncn2)CC1)N1CCc2ccccc2C1,6.42
O=C(CCCCCNC(=O)CC(c1ccccc1)(c1ccccc1)c1ccccc1)NC[C@H]1CCCN(CC2CCCCC2)C1,7.14
O=C(CCCCCNC(=O)COc1ccc(/C=C/C2=[N+]3C(=Cc4ccc(-c5cccs5)n4[B-]3(F)F)C=C2)cc1)NCCNC(=O)CCc1cn(CCCCC2CCN(CC(=O)N3c4ccccc4NC(=O)c4ccccc43)CC2)cn1,9.15
O=C(CCCCCNC(=O)COc1ccc(/C=C/C2=[N+]3C(=Cc4ccc(-c5cccs5)n4[B-]3(F)F)C=C2)cc1)NCCNC(=O)CCc1cn(CCCCC2CCN(CC(=O)N3c4ccccc4NC(=O)c4ccccc43)CC2)cn1.O=C(O)C(F)(F)F.O=C(O)C(F)(F)F,8.379999999999999
O=C(CCCNC(=O)CC(c1ccccc1)(c1ccccc1)c1ccccc1)NCCC(=O)NCC1CCCN(CC2CCCCC2)C1,7.77
O=C(CCCNC(=O)CNC(=O)CC(c1ccccc1)(c1ccccc1)c1ccccc1)NCC1CCCN(CC2CCCCC2)C1,6.57
O=C(CCN1CCCc2ccccc21)N1CCCC(CO)C1,6.165
O=C(CCN1CCCc2ccccc21)N1CCCC1,6.140000000000001
O=C(CCN1CCCc2ccccc21)NC1CCCC1,6.755
O=C(CCN1CCCc2ccccc21)NC1CCCCC1,6.895
O=C(CCN1CCCc2ccccc21)NCc1cccs1,6.09
O=C(CCN1CCCc2ccccc21)Nc1cccc2ccccc12,6.255
O=C(CCN1CCCc2ccccc21)Nc1cccc2cccnc12,6.265000000000001
O=C(CCN1CCCc2ccccc21)Nc1ccccc1,6.605
O=C(CCNC(=O)CC(c1ccccc1)(c1ccccc1)c1ccccc1)NCCC(=O)NC[C@H]1CCCN(CC2CCCCC2)C1,7.36
O=C(CCNC(=O)CNC(=O)CC(c1ccccc1)(c1ccccc1)c1ccccc1)NC[C@H]1CCCN(CC2CCCCC2)C1,7.52
O=C(CCNC(=O)[C@@H]1CCCN1C(=O)CC(c1ccccc1)(c1ccccc1)c1ccccc1)NC[C@H]1CCCN(CC2CCCCC2)C1,7.92
O=C(CCOCCOCCNC(=O)c1ccc(-c2c3cc(F)c(=O)cc-3oc3cc(O)c(F)cc23)c(C(=O)O)c1)NCCOCCOCCNc1ccccc1C(=O)N1CCC(N2CCC(Cc3ccc(S(=O)(=O)c4cccc(Cl)c4)cc3)CC2)CC1,7.39
O=C(CCc1ccccc1)N(c1ccccc1)C1CCN(Cc2ccccc2)CC1,6.1
O=C(CN1CCCc2ccccc21)N1CCCC1,6.3100000000000005
O=C(CN1CCCc2ccccc21)N1CCCCC1,6.37
O=C(CNC(=O)[C@@H]1CCCN1C(=O)CC(c1ccccc1)(c1ccccc1)c1ccccc1)NC[C@H]1CCCN(CC2CCCCC2)C1,7.89
O=C(COc1ccccc1)N1CCC(N2CCC(Oc3ccc(S(=O)(=O)c4ccc5c(c4)OCO5)cc3)CC2)CC1,7.22
O=C(Cc1ccccc1)N(c1ccccc1)C1CCN(Cc2ccccc2)CC1,6.5
O=C(N1CCC2(CCN(Cc3ccccc3)CC2)CC1)N1CC=CO1,6.1
O=C(NC1(C(F)(F)F)CCC1)c1cn(-c2c(F)cc(F)cc2F)c2nc(N3C[C@@H](O)[C@H](O)C3)ccc2c1=O,7.37
O=C(NC1(C(F)(F)F)CCCC1)c1cn(-c2c(F)cc(F)cc2F)c2nc(N3C[C@@H](O)[C@H](O)C3)ccc2c1=O,8.22
O=C(NC12CC3CC(CC(C3)C1)C2)c1cn(-c2ccc(F)cc2F)c2nc(N3CCCC3)ccc2c1=O,7.77
O=C(NC12CC3CC(CC(C3)C1)C2)c1cn(-c2ccc(F)cc2F)c2nc(N3CCCC3=O)ccc2c1=O,7.85
O=C(NC1CCN(Cc2cccc(F)c2)CC1)[C@](O)(c1ccccc1)[C@@H]1CCC(F)(F)C1,6.32
O=C(NC1CCN(Cc2cccc(O)c2)CC1)[C@](O)(c1ccccc1)[C@@H]1CCC(F)(F)C1,7.43
O=C(NC1CCN(Cc2ccccc2)CC1)C(O)(c1ccccc1)C1CCCC1,7.52
O=C(NC1CCN(Cc2ccccc2)CC1)[C@](O)(c1ccccc1)[C@@H]1CCC(F)(F)C1,6.58
O=C(NC1CCN(Cc2ccccn2)CC1)C(O)(c1ccccc1)C1CCCC1,6.5
O=C(NC1CCN(Cc2ccsc2)CC1)C(O)(c1ccccc1)C1CCCC1,7.1
O=C(NC1CCN(Cc2ccsc2)CC1)[C@](O)(c1ccccc1)[C@@H]1CCC(F)(F)C1,6.34
O=C(NCC(O)C1CCN(Cc2ccccc2)CC1)C1CCN(c2ccc(OC(F)(F)F)cc2)CC1,6.26
O=C(NCC1CCN(C2CCCC2)CC1)[C@H]1CCCN1C(=O)[C@@H]1C[C@@H](O)CN1C(=O)CC(c1ccc(F)cc1)(c1ccc(F)cc1)c1ccc(F)cc1,6.96
O=C(NCC1CCN(CC2CC2)CC1)[C@H]1CCCN1C(=O)[C@@H]1C[C@@H](O)CN1C(=O)CC(c1ccc(F)cc1)(c1ccc(F)cc1)c1ccc(F)cc1,7.14
O=C(NCC1CCN(CC2CCC2)CC1)[C@H]1CCCN1C(=O)[C@@H]1C[C@@H](O)CN1C(=O)CC(c1ccc(F)cc1)(c1ccc(F)cc1)c1ccc(F)cc1,7.17
O=C(NCC1CCN(CC2CCCC2)CC1)[C@H]1CCCN1C(=O)[C@@H]1C[C@@H](O)CN1C(=O)CC(c1ccc(F)cc1)(c1ccc(F)cc1)c1ccc(F)cc1,7.72
O=C(NCC1CCNCC1)[C@H]1CCCN1C(=O)[C@@H]1C[C@@H](O)CN1C(=O)CC(c1ccc(Cl)cc1)(c1ccc(Cl)cc1)c1ccc(Cl)cc1,6.51
O=C(NCC1CCNCC1)[C@H]1CCCN1C(=O)[C@@H]1C[C@@H](O)CN1C(=O)CC(c1ccc(F)cc1)(c1ccc(F)cc1)c1ccc(F)cc1,6.31
O=C(NCCC1(CO)CCN(Cc2ccccc2)CC1)C1CCN(c2ccc(OC(F)(F)F)c(F)c2)CC1,6.26
O=C(NCCC1(O)CCN(Cc2ccccc2)CC1)C1CCN(c2ccc(OC(F)(F)F)c(F)c2)CC1,6.26
O=C(NCCC1CCN(Cc2ccccc2)CC1)C1CCN(c2cc(F)c(F)c(F)c2)CC1,6.26
O=C(NCCC1CCN(Cc2ccccc2)CC1)C1CCN(c2cc(F)cc(F)c2)CC1,6.26
O=C(NCCC1CCN(Cc2ccccc2)CC1)C1CCN(c2ccc(C(F)(F)F)cc2)CC1,6.26
O=C(NCCC1CCN(Cc2ccccc2)CC1)C1CCN(c2ccc(F)c(F)c2)CC1,6.26
O=C(NCCC1CCN(Cc2ccccc2)CC1)C1CCN(c2ccc(F)c(OC(F)(F)F)c2)CC1,6.26
O=C(NCCC1CCN(Cc2ccccc2)CC1)C1CCN(c2ccc(OC(F)(F)F)c(F)c2)CC1,6.26
O=C(NCCC1CCN(Cc2ccccc2)CC1)C1CCN(c2ccc(OC(F)(F)F)cc2)CC1,6.26
O=C(NCCC1CCN(Cc2ccccc2)CC1)C1CCN(c2ccc3c(c2)OC(F)(F)O3)CC1,7.26
O=C(NCCC1CCN(Cc2ccccc2)CC1)C1CCN(c2cccc(OC(F)(F)F)c2)CC1,6.26
O=C(NCCC1CCN(Cc2ccccc2)CC1)N1CCC(c2ccc(C(F)(F)F)cc2)CC1,6.26
O=C(NCCC1CCN(Cc2ccccc2)CC1)N1CCN(c2ccc(C(F)(F)F)cc2)CC1,6.26
O=C(NCCC1CCN(Cc2ccccc2)CC1)N1CCN(c2ccc(C(F)(F)F)cn2)CC1,7.26
O=C(NCCC1CCN(Cc2ccccc2)CC1)N1CCN(c2cnc(C(F)(F)F)cn2)CC1,7.26
O=C(NCCC1CCN(Cc2ccccc2)CC1)N1CCN(c2ncc(C(F)(F)F)cn2)CC1,7.26
O=C(NCCC1CCN(Cc2ccccc2)CC1)c1ccc(-c2ccc(OC(F)(F)F)cc2)cc1,6.26
O=C(NCCC1CCN(Cc2ccccc2)CC1)c1ccc(-c2ccc(OC(F)(F)F)cc2)cc1F,7.26
O=C(NCCC1CCN(Cc2ccccc2)CC1CO)C1CCN(c2ccc(OC(F)(F)F)cc2)CC1,6.26
O=C(NCCC1CCN(Cc2ccccc2)CC1CO)N1CCN(c2cc(F)c(F)c(F)c2)CC1,6.26
O=C(NCCC1CCN(c2ccccc2)CC1)C1CCN(c2cc(F)c(F)c(F)c2)CC1,6.26
O=C(NCCC1CCNCC1)[C@H]1CCCN1C(=O)[C@@H]1C[C@@H](O)CN1C(=O)CC(c1ccc(Cl)cc1)(c1ccc(Cl)cc1)c1ccc(Cl)cc1,7.03
O=C(NCCC1CCNCC1)[C@H]1CCCN1C(=O)[C@@H]1C[C@@H](O)CN1C(=O)CC(c1ccc(F)cc1)(c1ccc(F)cc1)c1ccc(F)cc1,6.66
O=C(NC[C@@H]1CCCNC1)[C@H]1CCCN1C(=O)[C@@H]1C[C@@H](O)CN1C(=O)CC(c1ccc(Cl)cc1)(c1ccc(Cl)cc1)c1ccc(Cl)cc1,7.0
O=C(NC[C@@H]1CCCNC1)[C@H]1CCCN1C(=O)[C@@H]1C[C@@H](O)CN1C(=O)CC(c1ccc(F)cc1)(c1ccc(F)cc1)c1ccc(F)cc1,6.35
O=C(NC[C@H]1CCCN(CC2CCCCC2)C1)[C@H]1CCCN1C(=O)[C@@H]1CCCN1C(=O)CC(c1ccccc1)(c1ccccc1)c1ccccc1,9.09
O=C(N[C@@H](C1CC1)C(F)(F)F)c1cn(-c2c(F)cc(F)cc2F)c2nc(N3C[C@@H](O)[C@H](O)C3)ccc2c1=O,7.82
O=C(N[C@H]1CCCC[C@@H]1OCc1ccccc1)c1coc(-c2ccc(C(=O)N3CCC(N4CCCC4)CC3)cc2)n1,6.16
O=C(N[C@H]1CN2CCC1CC2)C(O)(c1ccccc1)c1ccccc1,7.46
O=C(N[C@H]1CN2CCC1CC2)C(O)(c1cccs1)c1cccs1,8.77
O=C(N[C@H]1CN2CCC1CC2)C(c1cccs1)c1cccs1,6.64
O=C(N[C@H]1CN2CCC1CC2)C1(O)c2ccccc2-c2ccccc21,7.0
O=C(N[C@H]1CN2CCC1CC2)C1c2ccccc2Oc2ccccc21,6.46
O=C(N[C@H]1CN2CCC1CC2)[C@](O)(c1cccs1)C1CCCC1,8.38
O=C(N[C@H]1C[N+]2(CCCOc3ccccc3)CCC1CC2)C(O)(c1cccs1)c1cccs1.[Br-],8.32
O=C(N[C@H]1C[N+]2(CCCOc3ccccc3)CCC1CC2)C(c1cccs1)c1cccs1.[Br-],7.04
O=C(N[C@H]1C[N+]2(CCCOc3ccccc3)CCC1CC2)C1c2ccccc2Oc2ccccc21.[Br-],7.53
O=C(N[C@H]1C[N+]2(CCCc3ccccc3)CCC1CC2)C(O)(c1cccs1)c1cccs1.[Br-],9.22
O=C(N[C@H]1C[N+]2(CCCc3cccs3)CCC1CC2)C(O)(c1cccs1)c1cccs1.[Br-],9.22
O=C(N[C@H]1C[N+]2(CCOc3ccccc3)CCC1CC2)C(O)(c1cccs1)c1cccs1.[Br-],9.05
O=C(Nc1c(Cl)cccc1Cl)c1cn(-c2ccc(F)cc2F)c2nc(N3C[C@@H](O)CC3=O)ccc2c1=O,7.41
O=C(Nc1ccc(C(=O)OCC2CC2)cc1)N[C@@H](Cc1ccc(O)cc1)C(=O)NC1CCN(Cc2ccc(O)cc2)C1,6.4
O=C(Nc1ccc(F)cc1-c1cc(Cl)cc(Cl)c1)OCC1CCNCC1,7.16
O=C(Nc1ccc(F)cc1-c1cc(F)c(F)c(F)c1)OCC1CCNCC1,6.28
O=C(Nc1ccc(F)cc1-c1ccc(Br)cc1)OCC1CCNCC1,6.47
O=C(Nc1ccc(F)cc1-c1ccc(Cl)c(Cl)c1)OCC1CCNCC1,7.77
O=C(Nc1ccc(F)cc1-c1ccc(Cl)c(Cl)c1)O[C@H]1CN2CCC1CC2,7.89
O=C(Nc1ccc(F)cc1-c1ccc(Cl)cc1)OCC1CCNCC1,6.5
O=C(Nc1ccc(F)cc1-c1ccc(F)c(Cl)c1)OC1CCNCC1,7.04
O=C(Nc1ccc(F)cc1-c1ccc(F)c(Cl)c1)OCC1CCNCC1,8.47
O=C(Nc1ccc(F)cc1-c1ccc(F)c(Cl)c1)O[C@H]1CN2CCC1CC2,7.85
O=C(Nc1ccc(F)cc1-c1ccc(F)cc1)OCC1CCNCC1,7.01
O=C(Nc1ccc(F)cc1-c1cccc(Cl)c1)OCC1CCNCC1,8.24
O=C(Nc1ccc(F)cc1-c1cccc(Cl)c1)O[C@H]1CN2CCC1CC2,7.51
O=C(Nc1ccc(F)cc1-c1ccccc1)N[C@H]1CN2CCC1CC2,6.89
O=C(Nc1ccc(F)cc1-c1ccccc1)OCC1CCNCC1,7.28
O=C(Nc1ccc(F)cc1-c1ccccc1)O[C@H]1CN2CCC1CC2,7.51
O=C(Nc1ccc(F)cc1-c1ccccc1Cl)OCC1CCNCC1,6.01
O=C(Nc1ccccc1)c1ccc(CC2CCN(C3CCN(C(=O)c4ccc(F)c5ccccc45)CC3)CC2)cc1,6.98
O=C(Nc1ccccc1-c1cc(F)c(F)c(F)c1)OCC1CCNCC1,7.55
O=C(Nc1ccccc1-c1ccc(Cl)cc1)OCC1CCNCC1,6.92
O=C(Nc1ccccc1-c1ccccc1)OCC1CCNCC1,7.77
O=C(Nc1ccccc1-c1ccccc1)O[C@H]1CN2CCC1CC2,8.7
O=C(O)C(=O)O.O=C1CCON1CC#CCN1CCCCC1,7.4
O=C(O)C(F)(F)F.O=C(O)C(F)(F)F.O=C(O)C(F)(F)F.O=C(O)C(F)(F)F.[3H]CC([3H])C(=O)NC1CN(CCCCC2CCN(CC(=O)N3c4ccccc4NC(=O)c4ccccc43)CC2)CCN(CCCCC2CCN(CC(=O)N3c4ccccc4NC(=O)c4ccccc43)CC2)C1,8.43
O=C(O)C(F)(F)F.O=C(O)C(F)(F)F.O=C(O)C(F)(F)F.O=C(O)C(F)(F)F.[3H]CC([3H])C(=O)NCc1cc(C(=O)NCCNC(=O)CCc2cn(CCCCC3CCN(CC(=O)N4c5ccccc5NC(=O)c5ccccc54)CC3)cn2)cc(C(=O)NCCNC(=O)CCc2cn(CCCCC3CCN(CC(=O)N4c5ccccc5NC(=O)c5ccccc54)CC3)cn2)c1,9.215
O=C(O)C1CCCN1C(=O)CCN1CCCc2ccccc21,6.175000000000001
O=C(O)CCC(=O)O.O=C(O[C@H]1CN2CCC1CC2)N1CCc2ccccc2[C@@H]1c1ccccc1,6.24
O=C(OC1CC2CCCC1N2)c1ccc([N+](=O)[O-])cc1,6.475
O=C(OC1CC2CCCC1N2)c1ccccc1,6.145
O=C(OC1CN2CCC1CC2)C(O)(c1ccccc1)c1ccccc1,10.35
O=C(OC1CN2CCC1CC2)C1=C/C(=C\c2ccccn2)c2ccccc21,6.49
O=C(OC1CN2CCC1CC2)C1=C/C(=C\c2cccnc2)c2ccccc21,6.38
O=C(OC1CN2CCC1CC2)C1=C/C(=C\c2ccncc2)c2ccccc21,6.48
O=C(OC1CN2CCC1CC2)N(CCc1ccc(F)cc1)c1ccccc1,7.89
O=C(OC1C[N+]2(CCCCCc3ccccc3)CCC1CC2)C(O)(c1ccccc1)c1ccccc1.[Br-],8.15
O=C(OC1C[N+]2(CCCCOc3ccccc3)CCC1CC2)C(O)(c1ccccc1)c1ccccc1.[Br-],7.92
O=C(OC1C[N+]2(CCCCc3ccccc3)CCC1CC2)C(O)(c1ccccc1)c1ccccc1.[Br-],7.92
O=C(OC1C[N+]2(CCCOCc3ccccc3)CCC1CC2)C(O)(c1ccccc1)c1ccccc1.[Br-],7.92
O=C(OC1C[N+]2(CCCOc3ccccc3)CCC1CC2)C(O)(c1ccccc1)c1ccccc1.[Br-],9.17
O=C(OC1C[N+]2(CCCc3ccc(Br)cc3)CCC1CC2)C(O)(c1ccccc1)c1ccccc1.[Br-],8.8
O=C(OC1C[N+]2(CCCc3ccc(C(F)(F)F)cc3)CCC1CC2)C(O)(c1ccccc1)c1ccccc1.[Br-],9.74
O=C(OC1C[N+]2(CCCc3ccc(Cl)cc3)CCC1CC2)C(O)(c1ccccc1)c1ccccc1.[Br-],9.96
O=C(OC1C[N+]2(CCCc3ccc(F)cc3)CCC1CC2)C(O)(c1ccccc1)c1ccccc1.[Br-],9.31
O=C(OC1C[N+]2(CCCc3ccc(OC(F)(F)F)cc3)CCC1CC2)C(O)(c1ccccc1)c1ccccc1.[Br-],8.59
O=C(OC1C[N+]2(CCCc3cccc(Br)c3)CCC1CC2)C(O)(c1ccccc1)c1ccccc1.[Br-],8.04
O=C(OC1C[N+]2(CCCc3cccc(Cl)c3)CCC1CC2)C(O)(c1ccccc1)c1ccccc1.[Br-],8.68
O=C(OC1C[N+]2(CCCc3cccc(F)c3)CCC1CC2)C(O)(c1ccccc1)c1ccccc1.[Br-],9.16
O=C(OC1C[N+]2(CCCc3ccccc3)CCC1CC2)C(O)(c1ccccc1)c1ccccc1.[Br-],9.14
O=C(OC1C[N+]2(CCSc3ccccc3)CCC1CC2)C(O)(c1ccccc1)c1ccccc1.[Br-],9.4
O=C(OC1C[N+]2(CCc3ccccc3)CCC1CC2)C(O)(c1ccccc1)c1ccccc1.[Br-],8.64
O=C(OC1C[N+]2(Cc3ccccc3)CCC1CC2)C(O)(c1ccccc1)c1ccccc1.[Br-],7.68
O=C(OCCCc1ccc(Cl)c(Cl)c1)N(c1ccccc1)C1CN2CCC1CC2,6.52
O=C(OCCN1CCCC1)N1c2ccccc2Sc2ccccc21,7.0
O=C(OCOCCN1CCCC1)C1(c2ccc(Cl)c(Cl)c2)CCCCC1,7.13
O=C(OCc1ccc(Cl)c(Cl)c1)N(c1ccccc1)C1CN2CCC1CC2,6.66
O=C(OCc1ccc2c(c1)OCO2)N(c1ccccc1)C1CN2CCC1CC2,7.52
O=C(OCc1ccccc1)N(c1ccccc1)C1CN2CCC1CC2,6.92
O=C(O[C@@H]1CN2CCC1CC2)[C@H]1COCC(c2ccccc2)(c2ccccc2)O1,6.15
O=C(O[C@@H]1C[N+]2(CCCc3ccccc3)CCC1CC2)C(O)(c1ccccc1)c1ccccc1.[Br-],7.17
O=C(O[C@H]1CN2CCC1CC2)C(O)(c1ccccc1)c1ccccc1,9.4
O=C(O[C@H]1CN2CCC1CC2)C(O)(c1cccs1)c1cccs1,9.59
O=C(O[C@H]1CN2CCC1CC2)C1(O)c2ccccc2-c2ccccc21,8.94
O=C(O[C@H]1CN2CCC1CC2)C1c2ccccc2CCc2ccccc21,7.1
O=C(O[C@H]1CN2CCC1CC2)C1c2ccccc2Oc2ccccc21,8.55
O=C(O[C@H]1CN2CCC1CC2)N(CCc1ccccc1)c1ccccc1,7.38
O=C(O[C@H]1CN2CCC1CC2)N(Cc1cc(F)c(F)c(F)c1)c1cccc(F)c1,7.01
O=C(O[C@H]1CN2CCC1CC2)N(Cc1cccc(F)c1)c1cccc(F)c1,7.57
O=C(O[C@H]1CN2CCC1CC2)N(Cc1ccccc1)Cc1cccs1,7.05
O=C(O[C@H]1CN2CCC1CC2)N(Cc1ccccc1)c1ccc(F)cc1,6.94
O=C(O[C@H]1CN2CCC1CC2)N(Cc1ccccc1)c1ccccc1,8.43
O=C(O[C@H]1CN2CCC1CC2)N(Cc1cccs1)Cc1cccs1,7.64
O=C(O[C@H]1CN2CCC1CC2)N(Cc1cccs1)c1ccccc1,8.74
O=C(O[C@H]1CN2CCC1CC2)N(Cc1ccsc1)c1ccccc1,8.33
O=C(O[C@H]1CN2CCC1CC2)N1CCc2ccccc2[C@@H]1c1ccccc1,6.92
O=C(O[C@H]1CN2CCC1CC2)[C@@](O)(c1ccccc1)c1cccs1,9.68
O=C(O[C@H]1CN2CCC1CC2)[C@@](O)(c1cccs1)C1CCCC1,9.27
O=C(O[C@H]1CN2CCC1CC2)[C@H]1COCC(c2ccccc2)(c2ccccc2)O1,7.02
O=C(O[C@H]1CN2CCC1CC2)[C@](O)(c1ccccc1)c1cccs1,9.59
O=C(O[C@H]1CN2CCC1CC2)[C@](O)(c1cccs1)C1CCCC1,9.64
O=C(O[C@H]1C[C@H]2CC[C@@H](C1)[N+]21CCCC1)C(O)(c1ccccc1)c1ccccc1,7.8950000000000005
O=C(O[C@H]1C[C@H]2CC[C@@H](C1)[N+]21CCCC1)C(O)(c1ccccc1)c1ccccc1.[Cl-],8.94
O=C(O[C@H]1C[N+]2(CCCCc3ccccc3)CCC1CC2)C(O)(c1cccs1)c1cccs1.[Br-],9.42
O=C(O[C@H]1C[N+]2(CCCOc3ccccc3)CCC1CC2)C(O)(c1ccccc1)c1ccccc1.[Br-],9.36
O=C(O[C@H]1C[N+]2(CCCOc3ccccc3)CCC1CC2)C(O)(c1cccs1)c1cccs1.[Br-],9.77
O=C(O[C@H]1C[N+]2(CCCOc3ccccc3)CCC1CC2)C(O)(c1ccsc1)c1ccsc1.[Br-],9.74
O=C(O[C@H]1C[N+]2(CCCOc3ccccc3)CCC1CC2)C(c1cccs1)c1cccs1.[Br-],9.46
O=C(O[C@H]1C[N+]2(CCCOc3ccccc3)CCC1CC2)C1(O)c2ccccc2-c2ccccc21.[Br-],8.97
O=C(O[C@H]1C[N+]2(CCCOc3ccccc3)CCC1CC2)C1(O)c2ccccc2Oc2ccccc21.[Br-],9.44
O=C(O[C@H]1C[N+]2(CCCOc3ccccc3)CCC1CC2)[C@@](O)(c1ccccc1)c1cccs1.[Br-],9.77
O=C(O[C@H]1C[N+]2(CCCOc3ccccc3)CCC1CC2)[C@@](O)(c1cccs1)C1CCCC1.[Br-],9.0
O=C(O[C@H]1C[N+]2(CCCOc3ccccc3)CCC1CC2)[C@](O)(c1ccccc1)c1cccs1.[Br-],9.51
O=C(O[C@H]1C[N+]2(CCCOc3ccccc3)CCC1CC2)[C@](O)(c1cccs1)C1CCCC1.[Br-],10.035
O=C(O[C@H]1C[N+]2(CCCc3ccccc3)CCC1CC2)C(O)(c1ccccc1)c1ccccc1.[Br-],9.0
O=C(O[C@H]1C[N+]2(CCCc3ccccc3)CCC1CC2)N(Cc1ccccc1)c1ccccc1.[Br-],8.4
O=C(O[C@H]1C[N+]2(CCCc3cccs3)CCC1CC2)N(Cc1ccccc1)c1ccccc1.[Br-],8.12
O=C(O[C@H]1C[N+]2(CCCc3cccs3)CCC1CC2)N(Cc1cccs1)c1ccccc1.[Br-],8.49
O=C(O[C@H]1C[N+]2(CCCc3cccs3)CCC1CC2)N(Cc1ccsc1)c1ccccc1.[Br-],8.08
O=C(O[C@H]1C[N+]2(CCOc3ccccc3)CCC1CC2)N(Cc1cc(F)c(F)c(F)c1)c1cccc(F)c1.[Br-],7.84
O=C(O[C@H]1C[N+]2(CCOc3ccccc3)CCC1CC2)N(Cc1ccccc1)c1ccccc1.[Br-],8.41
O=C(O[C@H]1C[N+]2(CCOc3ccccc3)CCC1CC2)N(Cc1cccs1)c1ccccc1.[Br-],8.96
O=C(O[C@H]1C[N+]2(CCOc3ccccc3)CCC1CC2)N(Cc1ccsc1)c1ccccc1.[Br-],8.8
O=C(O[C@H]1C[N+]2(CCc3ccccc3)CCC1CC2)C(O)(c1cccs1)c1cccs1.[Br-],9.92
O=C(O[C@H]1C[N+]2(CCc3ccccc3)CCC1CC2)C1(O)c2ccccc2-c2ccccc21.[Br-],8.65
O=C(O[C@H]1C[N+]2(CCc3ccccc3)CCC1CC2)C1(O)c2ccccc2Oc2ccccc21.[Br-],9.27
O=C(O[C@H]1C[N+]2(CCc3ccccc3)CCC1CC2)C1c2ccccc2Oc2ccccc21.[Br-],8.74
O=C(O[C@H]1C[N+]2(CCc3ccccc3)CCC1CC2)N(Cc1ccccc1)c1ccccc1.[Br-],7.29
O=C(O[C@H]1C[N+]2(Cc3ccccc3)CCC1CC2)C(O)(c1cccs1)c1cccs1.[Br-],7.92
O=C(Oc1ccccc1)N1CCC(N2CCC(Oc3ccc(S(=O)(=O)c4ccc5c(c4)OCO5)cc3)CC2)CC1,8.96
O=C(c1ccc(Br)cc1)N(c1ccccc1)C1CCN(Cc2ccccc2)CC1,6.2
O=C(c1ccc(C(=O)N2CCC(N3CCCC3)CC2)c(Nc2ccccc2)c1)N1CCC(N2CCCC2)CC1,7.14
O=C(c1ccc(CO)o1)N1CCOC2(CCN(Cc3ccc(Cl)cc3)CC2)C1,6.9
O=C(c1ccc(Cl)cc1)N(c1ccc(Br)cc1)C1CCN(Cc2ccccc2)CC1,7.300000000000001
O=C(c1ccc(Cl)cc1)N(c1ccccc1)C1CCN(Cc2ccccc2)CC1,6.2
O=C(c1ccc([N+](=O)[O-])s1)N(c1ccc(Br)cc1)C1CCN(Cc2ccccc2)CC1,6.1
O=C(c1ccc2occc2c1)N1CCOC2(CCN(Cc3ccc(Cl)cc3)CC2)C1,7.5
O=C(c1cccc2ccccc12)N1CCC(N2CCC(Cc3ccc(SCCO)cc3)CC2)CC1,7.58
O=C(c1cccc2ccccc12)N1CCC(N2CCC(Oc3ccc(S(=O)(=O)c4ccc5c(c4)OCO5)cc3)CC2)CC1,9.3
O=C(c1cccc2cccnc12)N1CCC(N2CCC(Oc3ccc(S(=O)(=O)c4ccc5c(c4)OCO5)cc3)CC2)CC1,7.92
O=C(c1cccc2ncccc12)N1CCC(N2CCC(Oc3ccc(S(=O)(=O)c4ccc5c(c4)OCO5)cc3)CC2)CC1,9.3
O=C(c1ccccc1)N(Cc1ccccc1)C1CCN(Cc2ccccc2)CC1,6.2
O=C(c1ccccc1)N(c1ccc(Br)cc1)C1CCN(Cc2ccccc2)CC1,8.0
O=C(c1ccccc1)N(c1ccc(Cl)c(Cl)c1)C1CCN(Cc2ccccc2)CC1,7.300000000000001
O=C(c1ccccc1)N(c1ccc(Cl)cc1)C1CCN(Cc2ccccc2)CC1,8.0
O=C(c1ccccc1)N(c1ccc(O)cc1)C1CCN(Cc2ccccc2)CC1,6.949999999999999
O=C(c1ccccc1)N(c1ccccc1)C1CCN(Cc2ccccc2)CC1,6.5
O=C(c1ccccc1)N1CCC(N2CCC(Oc3ccc(S(=O)(=O)c4ccc5c(c4)OCO5)cc3)CC2)CC1,8.8
O=C(c1ccccc1)N1CCC2(CCN(Cc3cccc(Cl)c3)CC2)CC1,8.4
O=C(c1ccccc1)N1CCC2(CCN(Cc3ccccc3)CC2)CC1,8.2
O=C(c1ccccc1)N1CCOC2(CCN(Cc3ccc(Cl)cc3)CC2)C1,6.9
O=C(c1cccnc1)N1CCC2(CCN(Cc3ccccc3)CC2)CC1,7.1
O=C(c1ccco1)N(c1ccccc1)C1CCN(Cc2ccccc2)CC1,6.1
O=C(c1ccco1)N1CCC2(CCN(Cc3ccccc3)CC2)CC1,7.1
O=C(c1ccco1)N1CCOC2(CCN(Cc3ccc(Cl)cc3)CC2)C1,7.6
O=C(c1cccs1)N(c1ccc(Br)cc1)C1CCN(Cc2ccccc2)CC1,7.199999999999999
O=C(c1cccs1)N(c1ccc(Cl)cc1)C1CCN(Cc2ccccc2)CC1,7.15
O=C(c1cccs1)N(c1ccccc1)C1CCN(Cc2ccccc2)CC1,6.7
O=C(c1cccs1)N1CCOC2(CCN(Cc3ccc(Cl)cc3)CC2)C1,7.7
O=C(c1ccnc2ccccc12)N1CCC(N2CCC(Oc3ccc(S(=O)(=O)c4ccc5c(c4)OCO5)cc3)CC2)CC1,9.0
O=C(c1ccoc1)N1CCOC2(CCN(Cc3ccc(Cl)cc3)CC2)C1,7.2
O=C(c1ccon1)N1CCOC2(CCN(Cc3ccc(Cl)cc3)CC2)C1,7.1
O=C(c1ccsc1)N1CCC2(CCN(Cc3ccccc3)CC2)CC1,7.8
O=C(c1cnsn1)N1CCOC2(CCN(Cc3ccc(Cl)cc3)CC2)C1,7.4
O=C(c1cscn1)N1CCOC2(CCN(Cc3ccc(Cl)cc3)CC2)C1,7.3
O=C(c1ncccn1)N1CCC2(CCN(Cc3ccccc3)CC2)CC1,6.6
O=C(c1ncccn1)N1CCOC2(CCN(Cc3ccc(Cl)cc3)CC2)C1,6.9
O=C1CCC(N2Cc3cc(C4CCN(C(=O)CCCCCN5CCC(c6ccc(Oc7nn8cnnc8c8c7CCCC8)cc6)CC5)CC4)ccc3C2=O)C(=O)N1,6.17
O=C1CCCN1CC#CCN1CCCC1,6.18
O=C1CCON1CC#CCN1CCCC1,7.16
O=C1CCc2ccccc2N1CCCN1CCC(CCCCCCCCCC2CCN(CCCN3C(=O)CCc4ccccc43)CC2)CC1,7.1
O=C1CCc2ccccc2N1CCCN1CCC(CCCCCCCCCCCCCO)CC1,6.32
O=C1CCc2ccccc2N1CCCN1CCC(CCCCCCCCCCCO)CC1,6.38
O=C1CCc2ccccc2N1CCCN1CCC(CCCCCCCCCO)CC1,6.67
O=C1CCc2ccccc2N1CCCN1CCC(CCCCCCCO)CC1,6.68
O=C1CCc2ccccc2N1CCCN1CCC(CCCCCO)CC1,6.22
O=C1CCc2ccccc2N1CCCN1CCC(CCc2ccccc2)CC1,6.69
O=C1CCc2ccccc2N1CCCN1CCC(Cc2ccccc2)CC1,6.1
O=C1N(C2CCN(Cc3ccccc3)CC2)CC(c2ccccc2)N1Cc1ccccc1,6.2
O=C1NC(c2ccc(F)cc2)(c2ccc(F)cc2)CN1C1CCN(Cc2cccc(Cl)c2)CC1,6.02
O=C1NC(c2ccc(F)cc2)(c2ccc(F)cc2)CN1C1CCN(Cc2ccccc2)CC1,6.68
O=C1NC(c2ccccc2)(C2CCCCC2)CN1C1CCN(Cc2cccc(Cl)c2)CC1,6.29
O=C1NC(c2ccccc2)(C2CCCCC2)CN1C1CCN(Cc2ccccc2)CC1,7.13
O=C1NC(c2ccccc2)(c2ccccc2)CN1C1CC2CCC(C1)N2Cc1ccccc1,7.19
O=C1NC(c2ccccc2)(c2ccccc2)CN1C1CCCN(Cc2ccccc2)CC1,8.7
O=C1NC(c2ccccc2)(c2ccccc2)CN1C1CCN(CCOc2ccccc2)CC1,6.48
O=C1NC(c2ccccc2)(c2ccccc2)CN1C1CCN(CCc2ccccc2)CC1,6.39
O=C1NC(c2ccccc2)(c2ccccc2)CN1C1CCN(Cc2ccc(Cl)cc2)CC1,6.53
O=C1NC(c2ccccc2)(c2ccccc2)CN1C1CCN(Cc2cccc(Cl)c2)CC1,6.48
O=C1NC(c2ccccc2)(c2ccccc2)CN1C1CCN(Cc2cccc(F)c2)CC1,6.52
O=C1NC(c2ccccc2)(c2ccccc2)CN1C1CCN(Cc2cccc(O)c2)CC1,7.32
O=C1NC(c2ccccc2)(c2ccccc2)CN1C1CCN(Cc2ccccc2)CC1,7.1
O=C1NC(c2ccccc2)(c2ccccc2)CN1C1CCN(Cc2cccnc2)CC1,6.52
O=C1NC(c2ccccc2)(c2ccccc2)CN1C1CCN(Cc2cccs2)CC1,6.03
O=C1NC(c2ccccc2)(c2ccccc2)CN1[C@@H]1CCN(Cc2ccccc2)C1,7.08
O=C1NC(c2cccs2)(c2cccs2)CN1C1CCN(Cc2cccc(F)c2)CC1,6.73
O=C1NC(c2cccs2)(c2cccs2)CN1C1CCN(Cc2ccccc2)CC1,7.01
O=C1OC(c2ccccc2)(c2ccccc2)CN1C1CCN(Cc2ccccc2)CC1,6.04
O=C1c2c(O)ccc(O)c2C(=O)c2c(NCCNCCO)ccc(NCCNCCO)c21,6.885
O=S(=O)(c1ccc(OC2CCN(C3CCN(S(=O)(=O)Cc4ccccc4)CC3)CC2)cc1)c1ccc2c(c1)OCO2,7.82
O=S(=O)(c1ccc(OC2CCN(C3CCN(S(=O)(=O)c4cccc5ccccc45)CC3)CC2)cc1)c1ccc2c(c1)OCO2,7.46
O=[N+]([O-])c1ccc(CNCCCCCCNCCCCCCCCNCCCCCCNCc2ccc([N+](=O)[O-])cc2)cc1,7.02
O=c1[nH]c2ccccc2n1C1CCN(C2CCCCC2)CC1,7.1
O=c1[nH]c2ccccc2n1C1CCN(C2CCOCC2)CC1,6.2
O=c1ccc2c([C@@H](O)CNCCc3ccc(CCN4CCC(Cn5cnc([C@](O)(c6ccccc6)C6CCCCC6)n5)CC4)cc3)ccc(O)c2[nH]1,9.85
OC(CCCN1CCCCC1)(c1ccccc1)c1ccccc1,6.265000000000001
OC(CCN1CCCC1)(c1ccccc1)C1CCCCC1,6.39
OC(CCN1CCCCC1)(c1ccccc1)C1CC2C=CC1C2,7.1899999999999995
OC(CCN1CCCCC1)(c1ccccc1)C1CCCCC1,7.8
OC(CCN1CCCCC1)(c1ccccc1)c1ccccc1,6.89
OC(c1ccccc1)(c1ccccc1)C12CC[N+](CCCOc3ccccc3)(CC1)CC2.[Br-],8.965
OC(c1ccccc1)(c1ccccc1)C12CC[N+](CCOCc3ccccc3)(CC1)CC2,8.36
OC(c1ccccc1)(c1ccccc1)C12CC[N+](CCOCc3ccccc3)(CC1)CC2.[Br-],10.16
OC12C3C4CC5C6C4C1C6C(C53)N2CCc1ccccn1,6.06
OC12C3C4CC5C6C4C1C6C(C53)N2Cc1ccccc1,6.08
Oc1ccccc1C1=CN2CCC1CC2,6.48
Oc1nc2ccccc2n1C1CCN(Cc2cc3c(cc2Cl)OCO3)CC1,6.29
S=P(N1CC1)(N1CC1)N1CC1,6.24
[2H]C([2H])(C1CCOCC1)N1C[C@H]2C[C@H](Nc3ccc(-c4cc(F)ccc4Cl)nn3)C[C@H]2C1,6.55
[3H]CC([3H])C(=O)NCCNC(=O)CCc1cn(CCCCC2CCN(CC(=O)N3c4ccccc4NC(=O)c4ccccc43)CC2)cn1,6.74
c1ccc(-n2c(O[C@H]3CN4CCC3CC4)nc3ccccc32)cc1,7.16
c1ccc(-n2ccnc2[C@@H]2[C@@H]3CN(C4CC5(CCN(c6cnccn6)C5)C4)C[C@@H]32)cc1,6.38
c1ccc(C2(c3ccccc3)COC[C@@H](CO[C@@H]3CN4CCC3CC4)O2)cc1,7.21
c1ccc(C2(c3ccccc3)COC[C@@H](CO[C@H]3CN4CCC3CC4)O2)cc1,6.45
c1ccc(C2(c3ccccc3)COC[C@H](CO[C@@H]3CN4CCC3CC4)O2)cc1,7.48
c1ccc(C2(c3ccccc3)COC[C@H](CO[C@H]3CN4CCC3CC4)O2)cc1,7.24
c1ccc(CNCCCCCCNCCCCCCCCNCCCCCCNCc2ccccc2)cc1,7.08
c1ccc(CNCCCCCCNCCCCCCCCNCCCCCCNCc2ccccn2)nc1,7.27
c1ccc2c(c1)C(=C1CN3CCC1CC3)c1ccccc1-2,7.01
c1ccc2c(c1)CC(C1CN3CCC1CC3)O2,6.3100000000000005
c1ccc2c(c1)CCc1ccccc1N2C1CN2CCC1CC2,7.48
c1ccc2c(c1)Sc1ccccc1N2CC1CN2CCC1CC2,7.17
c1ccc2oc(C3CN4CCC3CC4)cc2c1,6.7
c1cnc(O[C@@H]2CN3CCC2C3)cn1,7.4
c1cncc(CNCCCCCCNCCCCCCCCNCCCCCCNCc2cccnc2)c1,6.54
c1coc(CNCCCCCCNCCCCCCCCNCCCCCCNCc2ccco2)c1,8.04
