smiles,pchembl
Brc1cccc(-c2[nH]ncc2-c2ccnc3ccccc23)n1,6.96
C#CCOCCn1c(SC)nc(-c2ccc(F)cc2)c1-c1ccnc(NC(C)=O)c1,6.18
C#Cc1cc(Nc2cc(Oc3ccc(NC(=O)Nc4cc(C(C)(C)C)cc(C(=O)NC)c4OC)c4ccccc34)ccn2)cc(C(=O)NCCN2CCOCC2)c1,6.85
C#Cc1cc(Nc2cc(Oc3ccc(NC(=O)Nc4cc(C(C)(C)C)cc(C(N)=O)c4OC)c4ccccc34)ccn2)cc(C(=O)NCCN2CCOCC2)c1,6.64
C#Cc1cc(Nc2cc(Oc3ccc(NC(=O)Nc4cc(C(C)(C)C)cc(C(N)=O)c4OC)c4ccccc34)ccn2)cc(C(=O)NCCOCCOCCOC)c1,6.88
C#Cc1cc(Nc2cc(Oc3ccc(NC(=O)Nc4cc(C(C)(C)C)cc(CO)c4OC)c4ccccc34)ccn2)cc(C(=O)NCCOCCOCCOC)c1,7.05
C#Cc1cc(Nc2cc(Oc3ccc(NC(=O)Nc4cc(C(C)(C)C)cc(NS(C)(=O)=O)c4OC)c4ccccc34)ccn2)cc(C(=O)NCCCN2CCOCC2)c1,6.8
C#Cc1cc(Nc2cc(Oc3ccc(NC(=O)Nc4cc(C(C)(C)C)cc(NS(C)(=O)=O)c4OC)c4ccccc34)ccn2)cc(C(=O)NCCN2CCOCC2)c1,6.59
C#Cc1cc(Nc2cc(Oc3ccc(NC(=O)Nc4cc(C(C)(C)C)cc(NS(C)(=O)=O)c4OC)c4ccccc34)ccn2)cc(C(=O)NCCOCCOC)c1,6.56
C#Cc1cc(Nc2cc(Oc3ccc(NC(=O)Nc4cc(C(C)(C)C)cc(NS(C)(=O)=O)c4OC)c4ccccc34)ccn2)cc(C(=O)NCCOCCOCCOC)c1,6.85
C#Cc1cc(Nc2cc(Oc3ccc(NC(=O)Nc4cc(C(C)(C)C)cc(NS(C)(=O)=O)c4OC)c4ccccc34)ccn2)cc(C(=O)N[C@@H](C)COCCOCCOC)c1,6.61
C#Cc1cc(Nc2cc(Oc3ccc(NC(=O)Nc4cc(C(C)(C)C)cc(NS(C)(=O)=O)c4OC)c4ccccc34)ccn2)cc(C(=O)N[C@H](C)COCCOCCOC)c1,6.68
C#Cc1cc(Nc2cc(Oc3ccc(NC(=O)Nc4cc(C(C)(C)C)cc(NS(C)(=O)=O)c4OC)c4ccccc34)ccn2)ccc1C(=O)NCCN1CCOCC1,7.19
C#Cc1cc(Nc2cc(Oc3ccc(NC(=O)Nc4cc(C(C)(C)C)cc(P(C)(C)=O)c4OC)c4ccccc34)ccn2)cc(C(=O)NCCOCCOCCOC)c1,7.04
C#Cc1cc(Nc2cc(Oc3ccc(NC(=O)Nc4cc(C(C)(C)C)nn4-c4ccc(N(C)C)cc4)c4ccccc34)ccn2)cc(C(=O)NCCOCCOCCOC)c1,6.12
C#Cc1cc(Nc2cc(Oc3ccc(NC(=O)Nc4cc(C(N)=O)cc(C(C)(C)C)c4)c4ccccc34)ccn2)cc(C(=O)NCCOCCOCCOC)c1,7.5
C#Cc1cc(Nc2cc(Oc3ccc(NC(=O)Nc4cc(NS(C)(=O)=O)cc(C(C)(C)C)c4)c4ccccc34)ccn2)cc(C(=O)NCCN2CCOCC2)c1,6.49
C#Cc1cc(Nc2nccc(Oc3ccc(NC(=O)Nc4cc(C(C)(C)C(F)(F)F)nn4-c4ccc(C)cc4)c4ccccc34)n2)cc(C(=O)NCCN2CCOCC2)c1,6.63
C#Cc1cc(Nc2nccc(Oc3ccc(NC(=O)Nc4cc(C(C)(C)C)cc(NC)c4OC)c4ccccc34)n2)cc(C(=O)NCCN2CCOCC2)c1,6.93
C#Cc1cc(Nc2nccc(Oc3ccc(NC(=O)Nc4cc(C(C)(C)C)cc(NS(C)(=O)=O)c4OC)c4ccccc34)n2)cc(C(=O)NCCN2CCOCC2)c1,6.93
C#Cc1cc(Nc2nccc(Oc3ccc(NC(=O)Nc4cc(C(C)(C)C)cc(NS(C)(=O)=O)c4OC)c4ccccc34)n2)cc(C(=O)NCCOCCOCCOC)c1,6.65
C#Cc1cc(Nc2nccc(Oc3ccc(NC(=O)Nc4cc(C(C)(C)C)cc(NS(C)(=O)=O)c4OC)c4ccccc34)n2)cc(C(=O)N[C@@H](C)CN2CCOCC2)c1,6.54
C#Cc1cc(Nc2nccc(Oc3ccc(NC(=O)Nc4cc(C(C)(C)C)cc(NS(C)(=O)=O)c4OC)c4ccccc34)n2)cc(C(=O)N[C@H](C)CN2CCOCC2)c1,6.47
C#Cc1cc(Nc2nccc(Oc3ccc(NC(=O)Nc4cc(C(C)(C)C)nn4-c4ccc(C)cc4)c4ccccc34)n2)cc(C(=O)NCCN2CCOCC2)c1,7.31
C#Cc1cc(Nc2nccc(Oc3ccc(NC(=O)Nc4cc(C(C)(C)C)nn4-c4ccc(C)cc4)c4ccccc34)n2)cc(C(=O)NCCOCCOC)c1,6.98
C#Cc1cc(Nc2nccc(Oc3ccc(NC(=O)Nc4cc(C(C)(C)C)nn4-c4ccc(C)cc4)c4ccccc34)n2)cc(C(=O)NCCOCCOCCOC)c1,7.38
C#Cc1cc(Nc2nccc(Oc3ccc(NC(=O)Nc4cc(C(C)(C)C)nn4-c4ccc(C)cc4)c4ccccc34)n2)cc(C(=O)NCCOCCOCCOCCOC)c1,7.06
C#Cc1cc(Nc2nccc(Oc3ccc(NC(=O)Nc4cc(C(C)(C)C)nn4-c4ccc(C)cc4)c4ccccc34)n2)cc(C(=O)N[C@@H](C)CN2CCOCC2)c1,6.86
C#Cc1cc(Nc2nccc(Oc3ccc(NC(=O)Nc4cc(C(C)(C)C)nn4-c4ccc(C)cc4)c4ccccc34)n2)cc(C(=O)N[C@H](C)CN2CCOCC2)c1,6.58
C#Cc1cc(Nc2nccc(Oc3ccc(NC(=O)Nc4cc(C(C)(C)C)nn4-c4ccc(N(C)C)cc4)c4ccccc34)n2)cc(C(=O)NCCN2CCOCC2)c1,6.36
C#Cc1cc(Nc2nccc(Oc3ccc(NC(=O)Nc4cc(C(C)(C)C)nn4-c4ccc(N(C)C)cc4)c4ccccc34)n2)cc(C(=O)NCCOCCOCCOC)c1,7.01
C#Cc1cc(Nc2nccc(Oc3ccc(NC(=O)Nc4cc(C(C)(C)C)nn4-c4ccc(OC)cc4)c4ccccc34)n2)cc(C(=O)NCCN2CCOCC2)c1,7.66
C#Cc1cc(Nc2nccc(Oc3ccc(NC(=O)Nc4cc(C(C)(C)C)nn4-c4ccc(OC)cc4)c4ccccc34)n2)cc(C(=O)NCCOC)c1,6.98
C#Cc1cc(Nc2nccc(Oc3ccc(NC(=O)Nc4cc(C(C)(C)C)nn4-c4ccc(OC)cc4)c4ccccc34)n2)cc(C(=O)N[C@@H](C)COC)c1,6.8
C#Cc1cc(Nc2nccc(Oc3ccc(NC(=O)Nc4cc(C(C)(C)C)nn4-c4ccc(OC)cc4OC)c4ccccc34)n2)cc(C(=O)NCCOCCOCCOC)c1,6.43
C#Cc1cc(Nc2nccc(Oc3ccc(NC(=O)Nc4cc(C(C)(C)C)nn4-c4ccc(OC)nc4)c4ccccc34)n2)cc(C(=O)NCCN2CCOCC2)c1,7.33
C#Cc1cc(Nc2nccc(Oc3ccc(NC(=O)Nc4cc(C(C)(C)C)nn4-c4cccc(CP(C)(C)=O)c4)c4ccccc34)n2)cc(C(=O)NCCOCCOCCOC)c1,7.06
C#Cc1cc(Nc2nccc(Oc3ccc(NC(=O)Nc4cc(C(C)C)nn4-c4ccc(C)cc4)c(Cl)c3Cl)n2)cc(C(=O)NCCN2CCOCC2)c1,6.39
C#Cc1cc(Nc2nccc(Oc3ccc(NC(=O)Nc4cc(C(C)C)nn4-c4ccc(C)cc4)c4ccccc34)n2)cc(C(=O)NCCOCCOCCOC)c1,7.4399999999999995
C#Cc1cc(Nc2nccc(Oc3ccc(NC(=O)Nc4cc(C(C)C)nn4-c4ccc(OC)cc4)c4ccccc34)n2)cc(C(=O)NCCOCCOC)c1,7.48
C#Cc1cc(Nc2nccc(Oc3ccc(NC(=O)Nc4cc(C(C)C)nn4-c4ccc(OC)cc4)c4ccccc34)n2)cc(C(=O)NCCOCCOCCOC)c1,7.41
C#Cc1cc(Nc2nccc(Oc3ccc(NC(=O)Nc4cc(F)cc(N5CCOCC5)c4)c4ccccc34)n2)cc(C(=O)NCCN2CCOCC2)c1,7.43
C#Cc1cccc(Nc2nccc3c(Nc4ncccc4-c4cc(NC)ncn4)c(C)ccc23)c1,6.35
C#Cc1nc(-c2ccc(F)cc2)c(-c2ccncc2)n1C,6.14
C#Cn1c(C#CCCO)nc(-c2ccc(F)cc2)c1-c1ccncc1,6.7
C/N=C/C(=O)c1ccc(Cn2c(C)cc(OCc3ccc(F)cc3F)c(Br)c2=O)cc1,7.6
C/N=C/C(=O)c1cccc(Cn2c(C)cc(OCc3ccc(F)cc3F)c(Br)c2=O)c1,6.7
C=C(C)c1cc(NC(=O)Nc2ccc(Oc3ccnc(Nc4cc(OC)cc(C(=O)NCCN5CCOCC5)c4)n3)c3ccccc23)n(-c2ccc(OC)cc2)n1,8.0
C=CC(=O)Nc1cc(-c2c(-c3ccc(F)cc3)nc(SC)n2CCOC)ccn1,6.77
C=CC(=O)Nc1cc(Nc2ncc(C(=O)Nc3cc(NC(=O)c4cc(OC)c(OC)c(OC)c4)ccc3C)c(NC)n2)ccc1C,6.97
C=CC(=O)Nc1ccc(C(=O)Nc2ccc(Nc3cc(-c4[nH]c(SC)nc4-c4ccc(F)cc4)ccn3)cc2)cc1,8.52
C=CC(=O)Nc1ccc(C(=O)Nc2ccc(Nc3cc(-c4c(-c5ccc(F)cc5)nc(SC)n4C)ccn3)c(C)c2)cc1,7.46
C=CC(=O)Nc1ccc(C(=O)Nc2ccc(Nc3cc(-c4c(-c5ccc(F)cc5)nc(SC)n4C)ccn3)cc2)cc1,7.33
C=CC(=O)Nc1ccc(C(=O)Nc2cccc(Nc3cc(-c4c(-c5ccc(F)cc5)nc(SC)n4C)ccn3)c2)cc1,7.58
C=CC(=O)Nc1cccc(-c2c[nH]c3nccc(-c4[nH]c(CCCO)nc4-c4ccc(F)cc4)c23)c1,6.67
C=CC(=O)Nc1cccc(C(=O)Nc2ccc(Nc3cc(-c4[nH]c(SC)nc4-c4ccc(F)cc4)ccn3)cc2)c1,9.1
C=CC(=O)Nc1cccc(C(=O)Nc2ccc(Nc3cc(-c4c(-c5ccc(F)cc5)nc(SC)n4C)ccn3)c(C)c2)c1,8.52
C=CC(=O)Nc1cccc(C(=O)Nc2ccc(Nc3cc(-c4c(-c5ccc(F)cc5)nc(SC)n4C)ccn3)cc2)c1,7.44
C=CC(=O)Nc1cccc(C(=O)Nc2ccc(Nc3cc(-c4c(-c5ccc(F)cc5)nc(SC)n4C)ccn3)cc2)c1C,8.7
C=CC(=O)Nc1cccc(C(=O)Nc2cccc(Nc3cc(-c4c(-c5ccc(F)cc5)nc(SC)n4C)ccn3)c2)c1,6.66
C=CC(=O)Nc1cccc(C(=O)Nc2cccc(Nc3cc(-c4c(-c5ccc(F)cc5)nc(SC)n4C)ccn3)c2)c1C,7.0
C=CCC(C)(C)c1nnc2ccc(Sc3ccc(F)cc3F)cn12.Cl,7.79
C=CCN(C)c1nccc(Nc2cc(NC(=O)c3ccnc(N4CCOCC4)c3)ccc2C)n1,6.96
C=Cc1ccc(-c2nnc3ccc(Sc4ccc(F)cc4F)cn23)c(C)c1.Cl,6.97
C=Cc1cccc(NCc2nc(-c3ccc4ncnn4c3)c(-c3nc(C)ccc3F)[nH]2)c1,6.77
CC#CC(=O)c1cn2ncnc(Nc3cc(C(=O)NC4CC4)ccc3C)c2c1C,7.92
CC(=O)CSc1nc(-c2ccc(F)cc2)c(-c2ccnc(NC(C)=O)c2)n1C,7.44
CC(=O)N(Cc1ccc(F)cc1)c1ccnc(N[C@@H](C)c2ccccc2)c1,6.39
CC(=O)N1CCC(Nc2n[nH]c3nc(Oc4ccc(F)cc4F)ncc23)CC1,6.16
CC(=O)N1CCC(Nc2ncc3cc(Oc4ccc(F)cc4F)c(=O)n(C)c3n2)CC1,9.0
CC(=O)N1CCC(c2[nH]nc(-c3ccc(Cl)cc3)c2-c2ccncc2)CC1,7.17
CC(=O)N1CCC(c2[nH]nc(-c3ccc(Cl)cc3)c2-c2ccncn2)CC1,6.82
CC(=O)N1CCC(c2[nH]nc(-c3ccc(F)cc3)c2-c2ccncc2)CC1,7.09
CC(=O)N1CCC(c2cc(-c3ccccc3Cl)c3cc[n+]([O-])c(-c4c(F)cccc4F)c3n2)CC1,7.77
CC(=O)N1CCCC(C(=O)Nc2cc(-c3ccnc(Nc4ccc(F)cc4)c3)ccn2)C1,6.77
CC(=O)N1CCCC(C(=O)Nc2cc(-c3ccnc(Nc4ccccc4)c3)ccn2)C1,7.43
CC(=O)N1CCC[C@@H](C(=O)Nc2cc(-c3ccnc(Nc4ccc(F)cc4)c3)ccn2)C1,7.3
CC(=O)N1CCC[C@H](C(=O)Nc2cc(-c3ccnc(Nc4ccc(F)cc4)c3)ccn2)C1,6.79
CC(=O)N1CCN(c2c(-c3ccncc3)c(-c3ccc(F)cc3)c(C#N)n2C)CC1,7.0
CC(=O)N1CCN(c2nncc3cc(-c4c(C)ccc5c(NC6CC6)noc45)ccc23)[C@@H](C)C1,9.1
CC(=O)N1CC[C@H](NC(=O)c2cc(-n3ncc4cc(Nc5ccccc5Cl)c(F)cc43)cs2)C1,7.19
CC(=O)NC(C)C(=O)NCc1cccc(-n2nc(C(C)(C)C)cc2NC(=O)Nc2ccccc2)c1,6.550000000000001
CC(=O)NCC(=O)N(C)Cc1cccc(-n2nc(C(C)(C)C)cc2NC(=O)Nc2ccccc2)c1,6.24
CC(=O)NCC(=O)NCc1cccc(-n2nc(C(C)(C)C)cc2NC(=O)Nc2ccccc2)c1,7.845000000000001
CC(=O)N[C@H]1CC[C@H](Nc2nccc(-c3c(-c4ccccc4)noc3C)n2)CC1,7.58
CC(=O)Nc1cc(-c2[nH]c(C(N)=O)nc2-c2ccc(F)cc2)ccn1,6.93
CC(=O)Nc1cc(-c2[nH]c(SCc3ccccc3)nc2-c2ccc(F)cc2)ccn1,7.29
CC(=O)Nc1cc(-c2[nH]c([S+](C)[O-])nc2-c2ccc(F)cc2)ccn1,6.39
CC(=O)Nc1cc(-c2[nH]c([S@+](C)[O-])nc2-c2ccc(F)cc2)ccn1,6.71
CC(=O)Nc1cc(-c2[nH]c([S@@+](C)[O-])nc2-c2ccc(F)cc2)ccn1,6.79
CC(=O)Nc1cc(-c2c(-c3ccc(F)cc3)nc(S/C=C/C(=O)O)n2CC2CC2)ccn1,6.68
CC(=O)Nc1cc(-c2c(-c3ccc(F)cc3)nc(S/C=C\C(=O)O)n2C)ccn1,6.72
CC(=O)Nc1cc(-c2c(-c3ccc(F)cc3)nc(S/C=C\C(=O)O)n2C2CC2)ccn1,6.91
CC(=O)Nc1cc(-c2c(-c3ccc(F)cc3)nc(S/C=C\C(=O)O)n2C2CCC2)ccn1,6.68
CC(=O)Nc1cc(-c2c(-c3ccc(F)cc3)nc(S/C=C\C(=O)O)n2C2CCCC2)ccn1,6.79
CC(=O)Nc1cc(-c2c(-c3ccc(F)cc3)nc(S/C=C\C(=O)O)n2C2CCCCC2)ccn1,6.78
CC(=O)Nc1cc(-c2c(-c3ccc(F)cc3)nc(S/C=C\C(=O)O)n2CC(O)CO)ccn1,6.14
CC(=O)Nc1cc(-c2c(-c3ccc(F)cc3)nc(S/C=C\C(=O)O)n2CC2CC2)ccn1,7.52
CC(=O)Nc1cc(-c2c(-c3ccc(F)cc3)nc(S/C=C\C(=O)O)n2CC2CCCCC2)ccn1,7.41
CC(=O)Nc1cc(-c2c(-c3ccc(F)cc3)nc(S/C=C\C(=O)O)n2CC2CCCO2)ccn1,6.65
CC(=O)Nc1cc(-c2c(-c3ccc(F)cc3)nc(SC3CCC(C(=O)O)CC3O)n2C)ccn1,6.12
CC(=O)Nc1cc(-c2c(-c3ccc(F)cc3)nc(SC3CCC(C(=O)O)CC3O)n2C2CCCCC2)ccn1,6.38
CC(=O)Nc1cc(-c2c(-c3ccc(F)cc3)nc(SC3CCC(C(=O)O)CC3O)n2CC2CCCO2)ccn1,6.21
CC(=O)Nc1cc(-c2c(-c3ccc(F)cc3)nc(SCC(=O)N(C)C)n2C)ccn1,6.85
CC(=O)Nc1cc(-c2c(-c3ccc(F)cc3)nc(SCCC(=O)O)n2C)ccn1,6.61
CC(=O)Nc1cc(-c2c(-c3ccc(F)cc3)nc(Sc3cccc(I)n3)n2C2CCCCC2)ccn1,6.45
CC(=O)Nc1cc(-c2c(-c3ccc(F)cc3)nc([S+](C)[O-])n2C)ccn1,6.15
CC(=O)Nc1cc(-c2c(-c3ccc(F)cc3)nc([S@@+](C)[O-])n2C)ccn1,6.4399999999999995
CC(=O)Nc1cc(-c2c(-c3ccc(F)cc3)noc2C(C)C)ccn1,6.52
CC(=O)Nc1cc(-c2ccc(-c3cc(NC(=O)c4ccnc(N5CCCC5)c4)ccc3C)cc2)[nH]n1,7.85
CC(=O)Nc1cc(CCOc2ccc(NC(=O)Nc3cc(C(C)(C)C)nn3-c3ccc(C)cc3)c3ccccc23)ccn1,7.96
CC(=O)Nc1cc(CCc2ccc(NC(=O)Nc3cc(C(C)(C)C)nn3-c3ccc(C)cc3)c(F)c2)ccn1,8.15
CC(=O)Nc1cc(CCc2ccc(NC(=O)Nc3cc(C(C)(C)C)nn3-c3ccc(F)cc3)c(F)c2)ccn1,6.91
CC(=O)Nc1cc(CCc2ccc(NC(=O)Nc3cc(C(C)(C)C)nn3C)c(F)c2)ccn1,6.32
CC(=O)Nc1cc(CCc2ccc(NC(=O)Nc3cc(C(C)(C)C)no3)c(F)c2)ccn1,6.51
CC(=O)Nc1cc(CCc2cnc(NC(=O)Nc3cc(C(C)(C)C)n[nH]3)s2)ccn1,6.14
CC(=O)Nc1cc(CCc2cnc(NC(=O)Nc3cc(C(C)(C)C)nn3-c3ccc(C)cc3)s2)ccn1,6.89
CC(=O)Nc1cc(CCc2cnc(NC(=O)Nc3cc(C(C)(C)C)nn3-c3ccc(Cl)cc3)s2)ccn1,7.28
CC(=O)Nc1cc(CCc2cnc(NC(=O)Nc3cc(C(C)(C)C)nn3-c3ccc(F)cc3)s2)ccn1,7.05
CC(=O)Nc1cc(CCc2cnc(NC(=O)Nc3cc(C(C)(C)C)nn3-c3cccc(F)c3)s2)ccn1,7.75
CC(=O)Nc1cc(CCc2cnc(NC(=O)Nc3cc(C(C)(C)C)nn3C(C)C)s2)ccn1,6.16
CC(=O)Nc1cc(CCc2cnc(NC(=O)Nc3cc(C(C)(C)C)nn3CC3CC3)s2)ccn1,6.66
CC(=O)Nc1cc(CCc2cnc(NC(=O)Nc3cc(C(C)(C)C)no3)s2)ccn1,6.63
CC(=O)Nc1cc(CCc2cnc(NC(=O)Nc3cc(C(C)(C)C)on3)s2)ccn1,6.6
CC(=O)Nc1cc(COc2ccc(NC(=O)Nc3cc(C(C)(C)C)ccc3Cl)c(F)c2)ccn1,7.51
CC(=O)Nc1cc(COc2ccc(NC(=O)Nc3cc(C(C)(C)C)nn3-c3ccc(C)cc3)c(F)c2)ccn1,8.3
CC(=O)Nc1cc(COc2ccc(NC(=O)Nc3cc(C(C)(C)C)nn3-c3ccc(C)cc3)c3ccccc23)ccn1,8.649999999999999
CC(=O)Nc1cc(COc2ccc(NC(=O)Nc3cc(C(C)(C)C)nn3CC3CC3)c(F)c2)ccn1,7.43
CC(=O)Nc1cc(COc2ccc(NC(=O)Nc3cc([Si](C)(C)C)ccc3F)c(F)c2)ccn1,7.29
CC(=O)Nc1cc(Cc2ccc(NC(=O)Nc3cc(C(C)(C)C)nn3CC3CC3)c(F)c2)ccn1,8.15
CC(=O)Nc1cc(Oc2ccc(NC(=O)Nc3cc(C(C)(C)C)ccc3Cl)c(F)c2)ccn1,8.15
CC(=O)Nc1cc(Oc2ccc(NC(=O)Nc3cc(C(C)(C)C)nn3-c3ccc(C)cc3)c3ccccc23)ccn1,8.17
CC(=O)Nc1cc(Oc2ccc(NC(=O)Nc3cc(C(C)(C)C)nn3C(C)C)c(F)c2)ccn1,7.92
CC(=O)Nc1cc(Oc2ccc(NC(=O)Nc3cc(C(C)(C)C)nn3C)c(F)c2)ccn1,8.22
CC(=O)Nc1cc(Oc2ccc(NC(=O)Nc3cc(C(C)(C)C)no3)c(F)c2)ccn1,8.4
CC(=O)Nc1cc(Oc2ccc(NC(=O)Nc3cc(C(C)(C)C)on3)c(F)c2)ccn1,8.3
CC(=O)Nc1cc(Oc2ccc(NC(=O)Nc3cc(C4CC4)ccc3Cl)c(F)c2)ccn1,7.62
CC(=O)Nc1cc(Oc2ccc(NC(=O)Nc3cc(C4CC4)ccc3F)c(F)c2)ccn1,7.21
CC(=O)Nc1cc(Oc2ccc(NC(=O)Nc3cc([Si](C)(C)C)ccc3F)c(F)c2)ccn1,7.08
CC(=O)Nc1cc(Oc2ccc(NC(=O)Nc3cccc(C(F)(F)F)c3)cc2)ncn1,7.1
CC(=O)Nc1ccc(-c2c(-c3ccc(F)cc3)nc([S+](C)[O-])n2C)cn1,6.3
CC(=O)Nc1ccc(C)c(C(=O)Nc2cnc(Nc3ccc(N4CCN(C)CC4)cc3)nc2)c1,7.2
CC(=O)Nc1ccc(Cc2ccc(NC(=O)Nc3cc(C(C)(C)C)nn3C)cc2)cc1,7.16
CC(=O)Nc1ccc(NC(=O)c2cc(C(=O)Nc3cccc(C(F)(F)F)c3)ccc2C)cn1,7.35
CC(=O)Nc1ccc(Nc2ncc3cc(-c4c(Cl)cccc4Cl)c(=O)n(C)c3n2)cc1,6.97
CC(=O)Nc1ccc(Oc2ccc(NC(=O)Nc3cc(C(C)(C)C)nn3C)cc2)cc1,6.63
CC(=O)Nc1cccc(NC(=O)c2ccc(C)c(-c3ccc(C(=O)Nc4cccc(C#N)c4)cc3)c2)c1,7.1
CC(=O)Nc1cccc(Nc2ncc3cc(-c4c(Cl)cccc4Cl)c(=O)n(C)c3n2)c1,6.6
CC(=O)Nc1ccccc1Nc1ccc(C(=O)c2ccccc2C)c(Cl)c1,7.2
CC(=O)Nc1ccccc1Oc1nccc(-c2c(-c3ccc(F)cc3)ncn2C2CCNCC2)n1,6.87
CC(=O)Nc1cnccc1CCOc1ccc(NC(=O)Nc2cc(C(C)(C)C)nn2-c2ccc(C)cc2)c2ccccc12,8.1
CC(=O)Nc1nccn1CCOc1ccc(NC(=O)Nc2cc(C(C)(C)C)nn2-c2ccc(C)cc2)c2ccccc12,8.22
CC(=O)Nc1noc2c(-c3ccc4c(N5CCOC[C@@H]5C)nncc4c3)c(C)ccc12,9.22
CC(=O)OCC(=O)N1CCC(c2nnc3ccc(Sc4ccc(F)cc4F)cn23)CC1.Cl,6.43
CC(=O)OCCOc1ccc2c(c1)C(=O)c1ccc(Nc3ccc(F)cc3F)cc1OC2,7.66
CC(=O)Oc1ccc2c(c1)C(=O)c1ccc(Nc3ccc(F)cc3F)cc1CC2,6.59
CC(=O)c1cc(C)c(N2C(=O)NCc3nc(Sc4ccc(F)cc4)ccc32)c(Cl)c1,7.33
CC(=O)c1cc(Cl)c(N2C(=O)NCc3nc(Sc4ccc(F)cc4)ccc32)c(Cl)c1,7.8
CC(=O)c1cnc2ccc(-c3cc(Cl)c(O)c(Cl)c3)nc2c1N[C@H]1CC[C@H](CN(C)C)CC1,7.4
CC(=O)n1oc(=O)c(-c2ccc(F)cc2)c1-c1ccncc1,6.92
CC(C)(C(=O)O)N1CCC(c2cc(-c3ccc(F)cc3Cl)c3ccc(=O)n(-c4c(Cl)cccc4Cl)c3c2)CC1,8.43
CC(C)(C)CNc1nc(-c2ccccc2Cl)c2c(n1)N(c1c(Cl)cccc1Cl)C(=O)NC2,9.1
CC(C)(C)Cc1cc(NC(=O)Nc2cccc(Cl)c2Cl)on1,6.92
CC(C)(C)Cn1c(N)nc2ccc(-c3[nH]c(-c4c(F)cccc4F)nc3-c3ccccc3)cc21.CS(=O)(=O)O,8.22
CC(C)(C)Cn1c(N)nc2ccc(-c3[nH]c(-c4c(F)cccc4F)nc3-c3ccccc3)nc21.CS(=O)(=O)O,8.19
CC(C)(C)Cn1cnc2ccc(-c3[nH]c(-c4c(Cl)cccc4Cl)nc3-c3ccc(F)cc3)nc21.CS(=O)(=O)O,8.44
CC(C)(C)Cn1cnc2ccc(-c3[nH]c(-c4c(F)cccc4Cl)nc3-c3ccccc3)nc21.CS(=O)(=O)O,8.49
CC(C)(C)Cn1cnc2ccc(-c3[nH]c(-c4c(F)cccc4F)nc3-c3ccc(F)cc3)nc21.CS(=O)(=O)O,8.14
CC(C)(C)Cn1cnc2ccc(-c3[nH]c(C(C)(C)C)nc3-c3ccc(F)cc3)nc21.CS(=O)(=O)O,8.15
CC(C)(C)Cn1cnc2ccc(-c3[nH]c(C(C)(C)C)nc3-c3ccc(F)cc3F)nc21.CS(=O)(=O)O,8.64
CC(C)(C)N1CC=C(c2cc(-c3ccc(F)cc3Cl)c3ccc(=O)n(-c4c(Cl)cccc4Cl)c3c2)CC1,8.94
CC(C)(C)N1CCC(Oc2cc(-c3ccc(F)cc3Cl)c3ccc(=O)n(-c4c(Cl)cccc4Cl)c3c2)CC1,8.15
CC(C)(C)N1CCC(Oc2cc(-c3ccc(F)cc3F)c3ccc(=O)n(-c4c(Cl)cccc4Cl)c3c2)CC1,8.92
CC(C)(C)N1CCC(Oc2cc(-c3ccc(F)cc3F)c3ccc(=O)n(-c4c(F)cccc4F)c3c2)CC1,7.98
CC(C)(C)N1CCC(Oc2cc(-c3ccccc3Cl)c3ccc(=O)n(-c4c(Cl)cccc4Cl)c3c2)CC1,8.74
CC(C)(C)N1CCC(c2cc(-c3ccc(F)cc3Cl)c3c(c2)N(c2c(Cl)cccc2Cl)C(=O)NC3)CC1,9.7
CC(C)(C)N1CCC(c2cc(-c3ccc(F)cc3Cl)c3cc[n+]([O-])c(-c4c(Cl)cccc4Cl)c3n2)CC1,9.28
CC(C)(C)N1CCC(c2cc(-c3ccc(F)cc3Cl)c3ccc(=O)n(-c4c(Cl)cccc4Cl)c3c2)CC1,9.51
CC(C)(C)N1CCC(c2cc(-c3ccc(F)cc3Cl)c3ccc(=O)n(-c4c(F)cccc4F)c3c2)CC1,9.38
CC(C)(C)N1CCC(c2cc(-c3ccc(F)cc3F)c3ccc(=O)n(-c4c(Cl)cccc4Cl)c3c2)CC1,8.77
CC(C)(C)N1CCC(c2cc(-c3ccccc3Cl)c3ccc(=O)n(-c4c(Cl)cccc4Cl)c3c2)CC1,9.0
CC(C)(C)N1CCC(c2cc3c(ccc(=O)n3-c3c(Cl)cccc3Cl)c(-c3ccc(F)cc3Cl)n2)CC1,8.8
CC(C)(C)N1CCC(c2cc3c(ccc(=O)n3-c3c(Cl)cccc3Cl)c(-c3ccc(F)cc3F)n2)CC1,9.16
CC(C)(C)N1CCC(c2cc3c(ccc(=O)n3-c3c(Cl)cccc3Cl)c(-c3ccccc3Cl)n2)CC1,8.51
CC(C)(C)OC(=O)N1CCN(CCNC(=O)c2ccc3c(c2)C(=O)c2ccc(Nc4ccc(F)cc4F)cc2CC3)CC1,8.62
CC(C)(C)OC(=O)N1CCN(CCNC(=O)c2ccc3c(c2)C(=O)c2ccc(Nc4ccccc4N)cc2CC3)CC1,8.72
CC(C)(C)OC(=O)[C@@H](NCCc1cc(F)c(-n2c(N)c(C(=O)c3ccc(F)cc3F)ccc2=O)c(F)c1)c1ccccc1,8.18
CC(C)(C)OC[C@H](NCCc1cc(F)c(-n2c(N)c(C(=O)c3ccc(F)cc3F)ccc2=O)c(F)c1)C(=O)OC(C)(C)C,8.07
CC(C)(C)OC[C@H](NCCc1cc(F)c(-n2c(N)c(C(=O)c3ccc(F)cc3F)ccc2=O)c(F)c1)C(=O)OC1CCCC1,8.120000000000001
CC(C)(C)c1cc(C#N)cc(NC(=O)C(=O)c2ccc(OCCN3CCOCC3)c3ccccc23)c1,7.48
CC(C)(C)c1cc(C(=O)N2CCC(=O)N(CC(N)=O)CC2)c(NC(=O)Nc2cccc(Cl)c2Cl)s1,7.89
CC(C)(C)c1cc(C(=O)N2CCC(=O)N(CCC(N)=O)CC2)c(NC(=O)Nc2cccc(Cl)c2Cl)s1,7.72
CC(C)(C)c1cc(C(=O)N2CCC(=O)N(Cc3nn[nH]n3)CC2)c(NC(=O)Nc2cccc(Cl)c2Cl)s1,7.54
CC(C)(C)c1cc(C(=O)N2CCNC(=O)C2)c(NC(=O)Nc2ccc(Cl)cc2)s1,7.07
CC(C)(C)c1cc(C(=O)N2CCNC(=O)C2)c(NC(=O)Nc2ccc3ccccc3c2)s1,7.92
CC(C)(C)c1cc(C(=O)N2CCNC(=O)C2)c(NC(=O)Nc2cccc3ccccc23)s1,7.6
CC(C)(C)c1cc(C(=O)N2CCNC(=O)CC2)c(NC(=O)Nc2ccc(C#N)c3ccccc23)s1,8.22
CC(C)(C)c1cc(C(=O)N2CCNC(=O)CC2)c(NC(=O)Nc2ccc(C#N)cc2Cl)s1,6.89
CC(C)(C)c1cc(C(=O)N2CCNC(=O)CC2)c(NC(=O)Nc2ccc(Cl)c(Cl)c2)s1,7.89
CC(C)(C)c1cc(C(=O)N2CCNC(=O)CC2)c(NC(=O)Nc2ccc(Cl)cc2)s1,7.52
CC(C)(C)c1cc(C(=O)N2CCNC(=O)CC2)c(NC(=O)Nc2ccc(F)c(Cl)c2Cl)s1,8.7
CC(C)(C)c1cc(C(=O)N2CCNC(=O)CC2)c(NC(=O)Nc2ccc3c(c2)OCO3)s1,7.66
CC(C)(C)c1cc(C(=O)N2CCNC(=O)CC2)c(NC(=O)Nc2ccc3ccccc3c2)s1,7.92
CC(C)(C)c1cc(C(=O)N2CCNC(=O)CC2)c(NC(=O)Nc2cccc(Cl)c2)s1,7.38
CC(C)(C)c1cc(C(=O)N2CCNC(=O)CC2)c(NC(=O)Nc2cccc(Cl)c2Cl)s1,8.0
CC(C)(C)c1cc(C(=O)N2CCNC(=O)CC2)c(NC(=O)Nc2cccc3ccccc23)s1,7.75
CC(C)(C)c1cc(C(=O)N2CCNS(=O)(=O)CC2)c(NC(=O)Nc2ccc(Cl)cc2)s1,7.08
CC(C)(C)c1cc(C(=O)N2CCNS(=O)(=O)CC2)c(NC(=O)Nc2ccc3ccccc3c2)s1,7.75
CC(C)(C)c1cc(C(=O)N2CCNS(=O)(=O)CC2)c(NC(=O)Nc2cccc3ccccc23)s1,6.96
CC(C)(C)c1cc(C(=O)N2CCS(=O)(=O)CC2)c(NC(=O)Nc2ccc(Cl)cc2)s1,6.6
CC(C)(C)c1cc(C(=O)N2CCS(=O)(=O)CC2)c(NC(=O)Nc2ccc3ccccc3c2)s1,6.96
CC(C)(C)c1cc(C(=O)N2CCS(=O)(=O)CC2)c(NC(=O)Nc2cccc3ccccc23)s1,7.12
CC(C)(C)c1cc(CN2CCS(=O)(=O)CC2)c(NC(=O)Nc2ccc3ccccc3c2)s1,6.05
CC(C)(C)c1cc(CN2CCS(=O)(=O)CC2)c(NC(=O)Nc2cccc3ccccc23)s1,6.66
CC(C)(C)c1cc(NC(=O)C(=O)c2cccc3ccccc23)n(-c2ccc(OCC(=O)NCCO)cc2)n1,6.2
CC(C)(C)c1cc(NC(=O)C(=O)c2cccc3ccccc23)n(-c2ccc(OCC(=O)O)cc2)n1,7.1
CC(C)(C)c1cc(NC(=O)C(=O)c2cccc3ccccc23)n(-c2ccc(OCC(N)=O)cc2)n1,6.6
CC(C)(C)c1cc(NC(=O)C(=O)c2cccc3ccccc23)n(-c2ccc(OCCC(=O)O)cc2)n1,6.5
CC(C)(C)c1cc(NC(=O)C(=O)c2cccc3ccccc23)n(-c2ccc(OCCC(N)=O)cc2)n1,6.2
CC(C)(C)c1cc(NC(=O)C(=O)c2cccc3ccccc23)n(-c2cccc(OCC(=O)NCCO)c2)n1,6.8
CC(C)(C)c1cc(NC(=O)C(=O)c2cccc3ccccc23)n(-c2cccc(OCC(=O)O)c2)n1,7.0
CC(C)(C)c1cc(NC(=O)N[C@H]2CC[C@@H](Oc3ccc4nnc(N5CCC(O)CC5)n4c3)c3ccccc32)n(-c2ccc(CO)cc2)n1,9.4
CC(C)(C)c1cc(NC(=O)N[C@H]2CC[C@@H](Oc3ccc4nnc(N5CCCCC5)n4c3)c3ccccc32)n(-c2ccc(Cl)c(O)c2)n1,9.3
CC(C)(C)c1cc(NC(=O)N[C@H]2CC[C@@H](Oc3ccc4nnc(N5CCCCC5)n4c3)c3ccccc32)n(-c2cccc(CN3CCCCC3)c2)n1,8.89
CC(C)(C)c1cc(NC(=O)N[C@H]2CC[C@@H](Oc3ccc4nnc(N5CCCCC5)n4c3)c3ccccc32)n(-c2cccc(CN3CCNCC3)c2)n1,9.1
CC(C)(C)c1cc(NC(=O)N[C@H]2CC[C@@H](Oc3ccc4nnc(N5CCCCC5)n4c3)c3ccccc32)n(-c2cccc(CO)c2)n1,9.22
CC(C)(C)c1cc(NC(=O)Nc2cc(Br)cc(Br)c2)no1,6.15
CC(C)(C)c1cc(NC(=O)Nc2ccc(C(F)(F)F)cc2)on1,6.7
CC(C)(C)c1cc(NC(=O)Nc2ccc(Cl)c(COc3cccnc3)c2)[nH]n1,6.46
CC(C)(C)c1cc(NC(=O)Nc2ccc(Cl)c(Cl)c2)on1,6.66
CC(C)(C)c1cc(NC(=O)Nc2ccc(Cl)cc2)c(C(=O)N2CCS(=O)(=O)CC2)s1,6.62
CC(C)(C)c1cc(NC(=O)Nc2ccc(Cl)cc2)n(-c2cccc(CC(N)=O)c2)n1,7.17
CC(C)(C)c1cc(NC(=O)Nc2ccc(Cl)cc2)n(-c2cccc(CCN)c2)n1,6.29
CC(C)(C)c1cc(NC(=O)Nc2ccc(Cl)cc2)n(-c2cccc(CN3C(=O)CNS3(=O)=O)c2)n1,7.0
CC(C)(C)c1cc(NC(=O)Nc2ccc(Cl)cc2)n(-c2cccc(N)c2)n1,7.26
CC(C)(C)c1cc(NC(=O)Nc2ccc(Cl)cc2)n(-c2cccc([N+](=O)[O-])c2)n1,6.79
CC(C)(C)c1cc(NC(=O)Nc2ccc(Cl)cc2)n(-c2ccccc2)c1,6.71
CC(C)(C)c1cc(NC(=O)Nc2ccc(Cl)cc2)on1,6.58
CC(C)(C)c1cc(NC(=O)Nc2ccc(F)cc2)no1,6.72
CC(C)(C)c1cc(NC(=O)Nc2ccc(OCCN3CCOCC3)c3ccccc23)n(-c2ccccc2)n1,9.825
CC(C)(C)c1cc(NC(=O)Nc2ccc(Oc3cc(Nc4ccc5[nH]ncc5c4)ncn3)c3ccccc23)n(-c2ccc(=O)n(CCO)c2)n1,8.52
CC(C)(C)c1cc(NC(=O)Nc2ccc(Oc3cc(Nc4ccc5[nH]ncc5c4)ncn3)c3ccccc23)n(-c2ccc(OCCN3CCOCC3)cc2)n1,7.48
CC(C)(C)c1cc(NC(=O)Nc2ccc(Oc3ccnc(N)c3)cc2F)n(-c2cccc(F)c2)n1,7.44
CC(C)(C)c1cc(NC(=O)Nc2ccc(Oc3ccnc(Nc4cc(C(=O)NCCN5CCOCC5)cc(C(F)(F)F)c4)n3)c3ccccc23)n(-c2cccc(CP(C)(C)=O)c2)n1,7.08
CC(C)(C)c1cc(NC(=O)Nc2ccc(Oc3ccnc(Nc4cc(OC(F)(F)F)cc(C(=O)NCCN5CCOCC5)c4)n3)c3ccccc23)n(-c2cccc(CP(C)(C)=O)c2)n1,7.09
CC(C)(C)c1cc(NC(=O)Nc2ccc(Oc3ccnc(Nc4cc(OCCN5CCOCC5)cc(C(F)(F)F)c4)n3)c3ccccc23)n(-c2cccc(CP(C)(C)=O)c2)n1,6.52
CC(C)(C)c1cc(NC(=O)Nc2ccc(Oc3ccnc(Nc4ccc(S(F)(F)(F)(F)F)cc4)n3)c3ccccc23)n(-c2ccc(P(C)(C)=O)cc2)n1,6.0
CC(C)(C)c1cc(NC(=O)Nc2ccc(Oc3ccnc(Nc4ccc5[nH]c(=O)oc5c4)n3)c3ccccc23)n(-c2ccc(OCCN3CCOCC3)cc2)n1,6.38
CC(C)(C)c1cc(NC(=O)Nc2ccc(Oc3ccnc(Nc4ccc5[nH]ccc5c4)n3)c3ccccc23)n(-c2ccc(O)cc2)n1,6.48
CC(C)(C)c1cc(NC(=O)Nc2ccc(Oc3ccnc(Nc4ccc5[nH]ccc5c4)n3)c3ccccc23)n(-c2cccc(CN3CCCC3=O)c2)n1,7.16
CC(C)(C)c1cc(NC(=O)Nc2ccc(Oc3ccnc(Nc4ccc5[nH]ncc5c4)c3)c3ccccc23)n(-c2ccc(OCCN3CCOCC3)cc2)n1,8.3
CC(C)(C)c1cc(NC(=O)Nc2ccc(Oc3ccnc(Nc4ccc5[nH]ncc5c4)c3)c3ccccc23)n(-c2cccc(OCCN3CCOCC3)c2)n1,7.66
CC(C)(C)c1cc(NC(=O)Nc2ccc(Oc3ccnc(Nc4ccc5[nH]ncc5c4)n3)c3ccccc23)n(-c2ccc(=O)n(CCN3CCOCC3)c2)n1,7.5
CC(C)(C)c1cc(NC(=O)Nc2ccc(Oc3ccnc(Nc4ccc5[nH]ncc5c4)n3)c3ccccc23)n(-c2ccc(=O)n(CCO)c2)n1,8.15
CC(C)(C)c1cc(NC(=O)Nc2ccc(Oc3ccnc(Nc4ccc5[nH]ncc5c4)n3)c3ccccc23)n(-c2ccc(O)cc2)n1,7.1
CC(C)(C)c1cc(NC(=O)Nc2ccc(Oc3ccnc(Nc4ccc5[nH]ncc5c4)n3)c3ccccc23)n(-c2ccc(OCCN3CCOCC3)cc2)n1,7.11
CC(C)(C)c1cc(NC(=O)Nc2ccc(Oc3ccnc(Nc4ccc5[nH]ncc5c4)n3)c3ccccc23)n(-c2ccc(OCCN3CCOCC3)nc2)n1,7.66
CC(C)(C)c1cc(NC(=O)Nc2ccc(Oc3ccnc(Nc4ccc5[nH]ncc5c4)n3)c3ccccc23)n(-c2cccc(CN3CCCC3=O)c2)n1,7.54
CC(C)(C)c1cc(NC(=O)Nc2ccc(Oc3ccnc(Nc4ccc5[nH]ncc5c4)n3)c3ccccc23)n(-c2cccc(OCCN3CCOCC3)c2)n1,7.96
CC(C)(C)c1cc(NC(=O)Nc2ccc(Oc3ccnc(Nc4ccc5[nH]nnc5c4)n3)c3ccccc23)n(-c2ccc(OCCN3CCOCC3)cc2)n1,7.18
CC(C)(C)c1cc(NC(=O)Nc2ccc(Oc3ccnc(Nc4ccc5c(c4)C(=O)NC5)n3)c3ccccc23)n(-c2ccc(OCCN3CCOCC3)cc2)n1,7.85
CC(C)(C)c1cc(NC(=O)Nc2ccc(Oc3ccnc(Nc4ccc5c(c4)CCC5)n3)c3ccccc23)n(-c2ccc(OCCN3CCOCC3)cc2)n1,7.01
CC(C)(C)c1cc(NC(=O)Nc2ccc(Oc3ccnc(Nc4ccc5c(c4)COC5)n3)c3ccccc23)n(-c2ccc(OCCN3CCOCC3)cc2)n1,7.03
CC(C)(C)c1cc(NC(=O)Nc2ccc(Oc3ccnc(Nc4ccc5c(c4)CS(=O)(=O)C5)n3)c3ccccc23)n(-c2ccc(OCCN3CCOCC3)cc2)n1,7.17
CC(C)(C)c1cc(NC(=O)Nc2ccc(Oc3ccnc(Nc4ccc5c(c4)NC(=O)C5(C)C)n3)c3ccccc23)n(-c2ccc(OCCN3CCOCC3)cc2)n1,7.01
CC(C)(C)c1cc(NC(=O)Nc2ccc(Oc3ccnc(Nc4ccc5c(c4)NC(=O)C5)n3)c3ccccc23)n(-c2ccc(OCCN3CCOCC3)nc2)n1,7.36
CC(C)(C)c1cc(NC(=O)Nc2ccc(Oc3ccnc(Nc4ccc5c(c4)NC(=O)C5)n3)c3ccccc23)n(-c2cccc(OCCN3CCOCC3)c2)n1,7.51
CC(C)(C)c1cc(NC(=O)Nc2ccc(Oc3ccnc(Nc4ccc5c(c4)OCCO5)n3)c3ccccc23)n(-c2ccc(OCCN3CCOCC3)cc2)n1,7.41
CC(C)(C)c1cc(NC(=O)Nc2ccc(Oc3ccnc(Nc4ccc5c(c4)OCO5)n3)c3ccccc23)n(-c2ccc(OCCN3CCOCC3)cc2)n1,6.62
CC(C)(C)c1cc(NC(=O)Nc2ccc(Oc3ccnc(Nc4ccc5c(cnn5CCN5CCOCC5)c4)n3)c3ccccc23)n(-c2ccc(OCCN3CCOCC3)cc2)n1,7.57
CC(C)(C)c1cc(NC(=O)Nc2ccc(Oc3ccnc(Nc4ccc5c(cnn5CCN5CCOCC5)c4)n3)c3ccccc23)n(-c2ccc(OCCN3CCOCC3)nc2)n1,8.3
CC(C)(C)c1cc(NC(=O)Nc2ccc(Oc3ccnc(Nc4ccc5ncsc5c4)n3)c3ccccc23)n(-c2ccc(OCCN3CCOCC3)cc2)n1,7.07
CC(C)(C)c1cc(NC(=O)Nc2ccc(Oc3ccnc(Nc4ccc5oc(=O)[nH]c5c4)n3)c3ccccc23)n(-c2ccc(OCCN3CCOCC3)cc2)n1,7.32
CC(C)(C)c1cc(NC(=O)Nc2ccc(Oc3ccnc(Nc4ccc5scnc5c4)n3)c3ccccc23)n(-c2ccc(OCCN3CCOCC3)cc2)n1,6.83
CC(C)(C)c1cc(NC(=O)Nc2ccc(Oc3ccnc(Nc4ccc5sncc5c4)n3)c3ccccc23)n(-c2ccc(OCCN3CCOCC3)cc2)n1,6.86
CC(C)(C)c1cc(NC(=O)Nc2ccc(Oc3ccnc(Nc4ccccc4)c3)c3ccccc23)n(-c2cccc(CP(C)(C)=O)c2)n1,6.45
CC(C)(C)c1cc(NC(=O)Nc2ccc(Oc3ccnc(Nc4ccccc4)c3)c3ccccc23)n(-c2cccc(CP3(=O)CCCC3)c2)n1,6.7
CC(C)(C)c1cc(NC(=O)Nc2ccc(Oc3ccnc(Nc4ccccc4)n3)c3ccccc23)n(-c2ccc(O)cc2)n1,6.76
CC(C)(C)c1cc(NC(=O)Nc2ccc(Oc3ccnc(Nc4ccccc4)n3)c3ccccc23)n(-c2ccc(P(C)(C)=O)cc2)n1,8.1
CC(C)(C)c1cc(NC(=O)Nc2ccc(Oc3ccnc(Nc4ccccc4)n3)c3ccccc23)n(-c2cccc(CP(C)(C)=O)c2)n1,6.58
CC(C)(C)c1cc(NC(=O)Nc2ccc(Oc3ccnc(Sc4ccccc4)n3)c3ccccc23)n(-c2ccc(P(C)(C)=O)cc2)n1,6.83
CC(C)(C)c1cc(NC(=O)Nc2ccc(Oc3ccnc4[nH]c(=O)[nH]c34)c3ccccc23)n(-c2ccccc2)n1,8.3
CC(C)(C)c1cc(NC(=O)Nc2ccc(Oc3ccnc4[nH]c(=O)[nH]c34)c3ncccc23)n(-c2ccccc2)n1,7.75
CC(C)(C)c1cc(NC(=O)Nc2ccc(Oc3ccnc4[nH]c(=O)cnc34)c(Cl)c2Cl)n(-c2ccc(CO)cc2)n1,8.7
CC(C)(C)c1cc(NC(=O)Nc2ccc(Oc3ccnc4[nH]c(=O)cnc34)c3ccccc23)n(-c2ccc(CO)cc2)n1,8.15
CC(C)(C)c1cc(NC(=O)Nc2ccc(Oc3ccnc4[nH]c(=O)cnc34)c3ccccc23)n(-c2ccc(CO)nc2)n1,8.22
CC(C)(C)c1cc(NC(=O)Nc2ccc(Oc3ccnc4[nH]c(=O)cnc34)c3ccccc23)n(-c2ccc(Cl)c(Cl)c2)n1,8.4
CC(C)(C)c1cc(NC(=O)Nc2ccc(Oc3ccnc4[nH]c(=O)cnc34)c3ccccc23)n(-c2ccc(Cl)cc2)n1,8.52
CC(C)(C)c1cc(NC(=O)Nc2ccc(Oc3ccnc4[nH]c(=O)cnc34)c3ccccc23)n(-c2ccc(O)cc2)n1,8.4
CC(C)(C)c1cc(NC(=O)Nc2ccc(Oc3ccnc4[nH]c(=O)cnc34)c3ccccc23)n(-c2ccc(S(C)(=O)=O)cc2)n1,8.3
CC(C)(C)c1cc(NC(=O)Nc2ccc(Oc3ccnc4[nH]c(=O)cnc34)c3ccccc23)n(-c2ccccc2)n1,8.7
CC(C)(C)c1cc(NC(=O)Nc2ccc(Oc3ccncc3)cc2F)n(-c2ccc(F)cc2)n1,7.64
CC(C)(C)c1cc(NC(=O)Nc2ccc(Oc3ccncc3)cc2F)n(-c2cccc(F)c2)n1,7.77
CC(C)(C)c1cc(NC(=O)Nc2ccc(Oc3ccncc3)cc2F)n(CC2CC2)n1,8.22
CC(C)(C)c1cc(NC(=O)Nc2ccc3ccccc3c2)c(C(=O)N2CCS(=O)(=O)CC2)s1,6.92
CC(C)(C)c1cc(NC(=O)Nc2cccc(Cl)c2Cl)[nH]n1,7.36
CC(C)(C)c1cc(NC(=O)Nc2cccc(Cl)c2Cl)c(-c2ccccc2)s1,6.89
CC(C)(C)c1cc(NC(=O)Nc2cccc(Cl)c2Cl)cs1,6.8
CC(C)(C)c1cc(NC(=O)Nc2cccc(Cl)c2Cl)n(-c2ccc(CC(=O)N3CCS(=O)(=O)CC3)cc2)n1,8.15
CC(C)(C)c1cc(NC(=O)Nc2cccc(Cl)c2Cl)n(-c2ccc(Cl)cc2)n1,7.38
CC(C)(C)c1cc(NC(=O)Nc2cccc(Cl)c2Cl)n(-c2ccc(N)cc2)n1,7.54
CC(C)(C)c1cc(NC(=O)Nc2cccc(Cl)c2Cl)n(-c2ccc(S(C)(=O)=O)cc2)n1,7.5
CC(C)(C)c1cc(NC(=O)Nc2cccc(Cl)c2Cl)n(-c2ccc([N+](=O)[O-])cc2)n1,7.41
CC(C)(C)c1cc(NC(=O)Nc2cccc(Cl)c2Cl)n(-c2cccc(C(F)(F)F)c2)n1,7.25
CC(C)(C)c1cc(NC(=O)Nc2cccc(Cl)c2Cl)n(-c2cccc(CC(N)=O)c2)n1,8.005
CC(C)(C)c1cc(NC(=O)Nc2cccc(Cl)c2Cl)n(-c2cccc(F)c2)n1,7.48
CC(C)(C)c1cc(NC(=O)Nc2cccc(Cl)c2Cl)n(-c2cccc(N)c2)n1,7.89
CC(C)(C)c1cc(NC(=O)Nc2cccc(Cl)c2Cl)n(-c2cccc([N+](=O)[O-])c2)n1,7.96
CC(C)(C)c1cc(NC(=O)Nc2cccc(Cl)c2Cl)n(-c2ccccc2)n1,7.52
CC(C)(C)c1cc(NC(=O)Nc2cccc(Cl)c2Cl)n(-c2ccccn2)n1,6.92
CC(C)(C)c1cc(NC(=O)Nc2cccc(Cl)c2Cl)n(CC(F)(F)F)n1,7.06
CC(C)(C)c1cc(NC(=O)Nc2cccc(Cl)c2Cl)n(CCC#N)n1,6.75
CC(C)(C)c1cc(NC(=O)Nc2cccc(Cl)c2Cl)n(CCO)n1,6.89
CC(C)(C)c1cc(NC(=O)Nc2cccc(Cl)c2Cl)no1,7.24
CC(C)(C)c1cc(NC(=O)Nc2cccc(Cl)c2Cl)on1,7.44
CC(C)(C)c1cc(NC(=O)Nc2cccc(Oc3cccc4[nH]c(=O)[nH]c34)c2)n(-c2ccccc2)n1,6.82
CC(C)(C)c1cc(NC(=O)Nc2cccc3ccccc23)c(C(=O)N2CCS(=O)(=O)CC2)s1,6.89
CC(C)(C)c1cc(NC(=O)Nc2cccc3ccccc23)c(N2CCS(=O)(=O)CC2)s1,6.28
CC(C)(C)c1cc(NC(=O)Nc2cccc3ccccc23)n(-c2ccc(CCC(=O)O)cc2)n1,7.3
CC(C)(C)c1cc(NC(=O)Nc2cccc3ccccc23)n(-c2ccc(CO)cc2)n1,7.57
CC(C)(C)c1cc(NC(=O)Nc2cccc3ccccc23)n(-c2cccc(C(=O)N(CCN)CCO)c2)n1,6.2
CC(C)(C)c1cc(NC(=O)Nc2cccc3ccccc23)n(-c2cccc(C(=O)NCCCCC(=O)O)c2)n1,6.6
CC(C)(C)c1cc(NC(=O)Nc2cccc3ccccc23)n(-c2cccc(C(=O)NCCCCO)c2)n1,6.6
CC(C)(C)c1cc(NC(=O)Nc2cccc3ccccc23)n(-c2cccc(C(=O)NCCCO)c2)n1,6.4
CC(C)(C)c1cc(NC(=O)Nc2cccc3ccccc23)n(-c2cccc(C(=O)NCCOCCO)c2)n1,6.5
CC(C)(C)c1cc(NC(=O)Nc2cccc3ccccc23)n(-c2cccc(CC(=O)N3CCOCC3)c2)n1,7.32
CC(C)(C)c1cc(NC(=O)Nc2cccc3ccccc23)n(-c2cccc(CC(N)=O)c2)n1,7.73
CC(C)(C)c1cc(NC(=O)Nc2cccc3ccccc23)n(-c2cccc(CNC(=O)CCC(=O)O)c2)n1,8.260000000000002
CC(C)(C)c1cc(NC(=O)Nc2cccc3ccccc23)n(-c2cccc(N)c2)n1,7.92
CC(C)(C)c1cc(NC(=O)Nc2cccc3ccccc23)n(-c2cccc([N+](=O)[O-])c2)n1,7.35
CC(C)(C)c1cc(NC(=O)Nc2ccccc2)n(-c2cccc(CNC(=O)C3CC=CC[C@H]3C(=O)O)c2)n1,6.99
CC(C)(C)c1cc(NC(=O)Nc2ccccc2)n(-c2cccc(CNC(=O)C3CCCC[C@H]3C(=O)O)c2)n1,6.355
CC(C)(C)c1cc(NC(=O)Nc2ccccc2)n(-c2cccc(CNC(=O)C3C[C@H]3C(=O)O)c2)n1,6.74
CC(C)(C)c1cc(NC(=O)Nc2ccccc2)n(-c2cccc(CNC(=O)CCC(=O)O)c2)n1,6.92
CC(C)(C)c1cc(NC(=O)Nc2ccccc2)n(-c2cccc(CNC(=O)CN)c2)n1,6.195
CC(C)(C)c1cc(NC(=O)Nc2ccccc2)n(-c2cccc(CNC(=O)CN3CCCC3=O)c2)n1,6.85
CC(C)(C)c1cc(NC(=O)Nc2ccccc2)n(-c2cccc(CNC(=O)CN3CCOC3=O)c2)n1,6.475
CC(C)(C)c1cc(NC(=O)Nc2ccccc2)n(-c2cccc(CNC(=O)CNC(=O)c3ccccc3)c2)n1,6.5649999999999995
CC(C)(C)c1cc(NC(=O)Nc2ccccc2)n(-c2cccc(CNC(=O)CNC(=O)c3cccnc3)c2)n1,6.99
CC(C)(C)c1cc(NC(=O)Nc2ccccc2)n(-c2cccc(CNC(=O)CNC(=O)c3ccco3)c2)n1,7.404999999999999
CC(C)(C)c1cc(NC(=O)Nc2ccccc2)n(-c2cccc(CNC(=O)CNC=O)c2)n1,6.825
CC(C)(C)c1cc(NC(=O)Nc2ccccc2)n(-c2cccc(CNC(=O)CNS(C)(=O)=O)c2)n1,6.58
CC(C)(C)c1cc(NC(=O)Nc2ccccc2)n(-c2cccc(CNC(=O)Cn3ccccc3=O)c2)n1,7.5
CC(C)(C)c1cc(NC(=O)Nc2ccccc2)n(-c2cccc(CNC(=O)Cn3cccn3)c2)n1,7.09
CC(C)(C)c1cc(NC(=O)Nc2ccccc2)n(-c2cccc(CNC(=O)Cn3ccnc3)c2)n1,6.455
CC(C)(C)c1cc(NC(=O)Nc2ccccc2)n(-c2cccc(N)c2)n1,6.535
CC(C)(C)c1cc(NC(=O)Nc2ccccc2)n(-c2cccc([N+](=O)[O-])c2)n1,6.83
CC(C)(C)c1cc(NC(=O)Nc2nc(CCOCc3ccccc3)cs2)n(-c2ccc(CC(=O)O)cc2)n1,6.54
CC(C)(C)c1cc(NC(=O)Nc2nc(CCOCc3ccccc3)cs2)n(-c2cccc(CC(=O)O)c2)n1,6.04
CC(C)(C)c1cc(NC(=O)Nc2ncc(CCc3ccnc(N)c3)s2)n(-c2ccc(Cl)cc2)n1,6.03
CC(C)(C)c1cc(NC(=O)Nc2ncc(CCc3ccnc(N)c3)s2)n(-c2cccc(F)c2)n1,6.68
CC(C)(C)c1cc(NC(=O)Nc2ncc(CCc3ccnc(NC(=O)C4CC4)c3)s2)[nH]n1,6.65
CC(C)(C)c1cc(NC(=O)Nc2ncc(CCc3ccnc(NC(=O)C4CC4)c3)s2)n(-c2ccc(Cl)cc2)n1,6.53
CC(C)(C)c1cc(NC(=O)Nc2ncc(CCc3ccnc(NC(=O)C4CC4)c3)s2)n(CC2CC2)n1,6.52
CC(C)(C)c1cc(NC(=O)Nc2ncc(CCc3ccnc(NC(=O)C4CC4)c3)s2)no1,6.34
CC(C)(C)c1cc(NC(=O)Nc2ncc(CCc3ccnc(NC(=O)C4CCC4)c3)s2)n(CC2CC2)n1,6.32
CC(C)(C)c1cc(NC(=O)Nc2ncc(CCc3ccnc(NC(=O)CO)c3)s2)n(-c2ccc(Cl)cc2)n1,6.74
CC(C)(C)c1cc(NC(=O)Nc2ncc(CCc3ccnc(NC(=O)CO)c3)s2)n(-c2cccc(F)c2)n1,7.17
CC(C)(C)c1cc(NC(=O)Nc2ncc(CCc3ccnc(NC(=O)CO)c3)s2)n(CC2CC2)n1,6.17
CC(C)(C)c1cc(NC(=O)Nc2ncc(CCc3ccncc3)s2)n(-c2ccc(F)cc2)n1,6.33
CC(C)(C)c1cc(NC(=O)Nc2ncc(CCc3ccncc3)s2)n(-c2cccc(F)c2)n1,6.61
CC(C)(C)c1cc(NC(=O)Nc2ncc(CCc3ccncc3)s2)on1,6.02
CC(C)(C)c1cc(NC(=O)Nc2nccs2)n(-c2ccc(CC(=O)O)cc2)n1,6.79
CC(C)(C)c1cc(NC(=O)c2cc3ccccc3s2)n(-c2cccc(OCC(=O)O)c2)n1,6.1
CC(C)(C)c1ccc(Cl)c(NC(=O)Nc2ccc(Oc3ccnc(N)c3)cc2F)c1,7.02
CC(C)(C)c1ccc(Cl)c(NC(=O)Nc2ccc(Oc3ccnc(NC(=O)CO)c3)cc2F)c1,7.4
CC(C)(C)c1ccc(NC(=O)Nc2cccc(Cl)c2Cl)s1,6.92
CC(C)(C)c1ccc(Oc2nccc(-c3c(-c4ccc(F)cc4)ncn3C3CCNCC3)n2)cc1,7.1
CC(C)(C)c1cccc(NC(=O)C(=O)c2ccc(OCCN3CCOCC3)c3ccccc23)c1,6.555
CC(C)(C)c1nc(-c2ccc(F)cc2F)c(-c2ccc3nc(N)n(S(=O)(=O)C(C)(C)C)c3c2)[nH]1.CS(=O)(=O)O,8.32
CC(C)(C)c1nnc2ccc(-c3ocnc3-c3cc(F)c(F)cc3F)cn12,8.74
CC(C)(C)c1nnc2ccc(-c3ocnc3-c3cc(F)ccc3F)cn12,8.06
CC(C)(C)c1nnc2ccc(-c3ocnc3-c3ccc(F)cc3)cn12,8.46
CC(C)(C)c1nnc2ccc(-c3ocnc3-c3ccc(F)cc3F)cn12,8.96
CC(C)(C)c1nnc2ccc(Sc3ccc(F)cc3F)cn12.Cl,8.32
CC(C)(CC(=O)NCc1cccc(-n2nc(C(C)(C)C)cc2NC(=O)Nc2ccccc2)c1)C(=O)O,6.42
CC(C)(CO)N1CCC(c2[nH]nc(-c3ccc(Cl)cc3)c2-c2ccncn2)CC1,6.74
CC(C)(CO)c1cc(NC(=O)Nc2ccc(OCCN3CCOCC3)c3ccccc23)n(-c2ccccc2)n1,7.345000000000001
CC(C)(CO)c1ccc(CNC(=O)c2ccc(Oc3ccc(Cl)cc3)cc2)cc1O,6.4
CC(C)(N)C(=O)NCCOc1cc(-c2ccccc2Cl)c2ccc(=O)n(-c3c(Cl)cccc3Cl)c2c1,8.735
CC(C)(N)c1cc(C(=O)N[C@@H]2CCc3ccc(Oc4ccnc5c4CCC(=O)N5)cc3C2)cc(C(F)(F)F)c1,7.38
CC(C)(O)CCc1cccc(C(=O)c2cnn(-c3ccc(F)cc3)c2N)c1,6.04
CC(C)(O)CN1CCC(c2[nH]nc(-c3ccc(Cl)cc3)c2-c2ccncn2)CC1,7.06
CC(C)(O)CNc1cc(Oc2ccc(NC(=O)Nc3cccc(C(F)(F)F)c3)cc2)ncn1,6.2
CC(C)(O)Cn1c(=O)c(Oc2ccc(F)cc2F)cc2cnc(NC3CCOCC3)nc21,7.92
CC(C)(O)[C@H]1CC[C@H](Nc2ncc3nc(Nc4ccc(F)cc4F)n(C4CCCC4)c3n2)CC1,6.54
CC(C)(O)[C@H]1CC[C@H](Nc2ncc3nc(Nc4ccc(F)cc4F)n(C4CCOCC4)c3n2)CC1,6.01
CC(C)(O)c1ccccc1CC[C@@H](SCC1(CC(=O)O)CC1)c1cccc(/C=C/c2ccc3ccc(Cl)cc3n2)c1,6.07
CC(C)(O)c1nnc2ccc(-c3ocnc3-c3cc(F)ccc3F)cn12,7.6
CC(C)(c1cc(Br)c(O)c(I)c1)c1cc(Br)c(O)c(I)c1,6.0
CC(C)C(=O)Nc1cc(CCc2cnc(NC(=O)Nc3cc(C(C)(C)C)nn3C)s2)ccn1,6.57
CC(C)C(=O)Nc1cc(CCc2cnc(NC(=O)Nc3cc(C(C)(C)C)nn3CC3CC3)s2)ccn1,6.7
CC(C)C(=O)Nc1n[nH]c2nc(Oc3ccc(F)cc3F)ncc12,7.0
CC(C)C(C)Nc1cc(-c2[nH]c(SCC(O)CO)nc2-c2ccc(F)cc2)ccn1,7.82
CC(C)C(C)Nc1cc(-c2[nH]c(SCCCO)nc2-c2ccc(F)cc2)ccn1,7.92
CC(C)C(C)Nc1cc(-c2[nH]c(SCCO)nc2-c2ccc(F)cc2)ccn1,7.96
CC(C)C(C)Nc1cc(-c2[nH]c(SC[C@@H](O)CO)nc2-c2ccc(F)cc2)ccn1,8.0
CC(C)C(C)Nc1cc(-c2[nH]c(SC[C@H](O)CO)nc2-c2ccc(F)cc2)ccn1,7.75
CC(C)C(C)Nc1cc(-c2nc3ccccc3nc2-c2ccc(F)cc2)ccn1,6.1
CC(C)C(CO)NC(=O)c1cccc(-n2nc(C(C)(C)C)cc2NC(=O)Nc2cccc3ccccc23)c1,6.35
CC(C)C1=NNC2C=CC(CCc3ccc(F)cc3F)=CN12,7.07
CC(C)C1=NNC2C=CC(Cc3ccc(F)cc3F)=CN12,7.58
CC(C)CC(=O)Nc1ccc(Cc2ccc(NC(=O)Nc3cc(C(C)(C)C)nn3C)cc2)cc1,7.43
CC(C)CC(=O)Nc1ccc(Oc2ccc(NC(=O)Nc3cc(C(C)(C)C)nn3C)cc2)cc1,7.35
CC(C)CC(CO)NC(=O)c1cccc(-n2nc(C(C)(C)C)cc2NC(=O)Nc2cccc3ccccc23)c1,6.2
CC(C)CC(NC(=O)c1cccc(-n2nc(C(C)(C)C)cc2NC(=O)Nc2cccc3ccccc23)c1)C(N)=O,6.1
CC(C)CCCNC(=O)c1ccc(CNC(=O)c2cnn(-c3ccccc3)c2N)cc1,7.33
CC(C)CCNC(=O)[C@H](CCC1CCCCC1)NC(=O)c1ccc(CNC(=O)c2cnn(-c3ccccc3)c2N)cc1,7.03
CC(C)CC[C@H](NC(=O)c1ccc(CNC(=O)c2cnn(-c3ccccc3)c2N)cc1)C(N)=O,6.5
CC(C)CC[C@H](NC(=O)c1cnc(CNC(=O)c2cnn(-c3ccccc3)c2N)s1)C(N)=O,6.92
CC(C)CN(C(=O)c1ccc2c(c1)CCO2)c1ccnc(N[C@@H](C)c2ccccc2)n1,6.33
CC(C)CN1CCC(c2nc(-c3ccc4nc(N)n(S(=O)(=O)C(C)C)c4c3)c(-c3ccccc3)[nH]2)CC1,8.26
CC(C)CNc1cc(-c2[nH]c(SCC(O)CO)nc2-c2ccc(F)cc2)ccn1,7.89
CC(C)CNc1cc(-c2nc3ccccc3nc2-c2ccc(F)cc2)ccn1,6.19
CC(C)CNc1cc(Oc2ccc(NC(=O)Nc3cccc(C(F)(F)F)c3)cc2)ncn1,6.6
CC(C)COc1nccn2c(-c3ccnc(NCC(C)(C)CO)n3)c(-c3ccc(F)cc3)nc12,8.8
CC(C)C[C@@H](NCCc1cc(F)c(-n2c(N)c(C(=O)c3ccc(F)cc3F)ccc2=O)c(F)c1)C(=O)OC(C)(C)C,7.74
CC(C)C[C@H](NC(=O)[C@H](C)NC(=O)[C@H](CCCNC(=N)N)NC(=O)[C@H](C)NC(=O)[C@H](CCCCN)NC(=O)[C@H](CCCNC(=N)N)NC(=O)[C@H](CCCNC(=N)N)NC(=O)[C@H](CCCNC(=N)N)NC(=O)[C@H](CCCCN)NC(=O)[C@H](CC(C)C)NC(=O)[C@H](CC(C)C)NC(=O)[C@H](CC(C)C)NC(=O)[C@@H]1CCCN1C(=O)[C@H](CC(N)=O)NC(=O)[C@@H](N)CO)C(=O)O,6.54
CC(C)C[C@H](NC(=O)c1ccc(CNC(=O)c2cnn(-c3ccccc3)c2N)cc1)C(N)=O,6.44
CC(C)C[C@H](NC(=O)c1ccc2c(c1)C(=O)c1ccc(Nc3ccc(F)cc3F)cc1CC2)C(=O)O,7.03
CC(C)C[C@H](NCCCCCOc1cc(F)c(-n2c(N)c(C(=O)c3ccc(F)cc3F)ccc2=O)c(F)c1)C(=O)OC(C)(C)C,7.92
CC(C)C[C@H](NCCCCCOc1cc(F)c(-n2c(N)c(C(=O)c3ccc(F)cc3F)ccc2=O)c(F)c1)C(=O)OC1CCCC1,7.895
CC(C)C[C@H](NCCc1cc(F)c(-n2c(N)c(C(=O)c3ccc(F)cc3)ccc2=O)c(F)c1)C(=O)OC1CCCC1,8.46
CC(C)C[C@H](NCCc1cc(F)c(-n2c(N)c(C(=O)c3ccc(F)cc3F)ccc2=O)c(F)c1)C(=O)O,8.92
CC(C)C[C@H](NCCc1cc(F)c(-n2c(N)c(C(=O)c3ccc(F)cc3F)ccc2=O)c(F)c1)C(=O)OC(C)(C)C,7.96
CC(C)C[C@H](NCCc1cc(F)c(-n2c(N)c(C(=O)c3ccc(F)cc3F)ccc2=O)c(F)c1)C(=O)OC1CCCC1,6.64
CC(C)C[C@H](NCCc1ccc(-n2c(N)c(C(=O)c3ccc(F)cc3)ccc2=O)cc1)C(=O)OC(C)(C)C,6.535
CC(C)C[C@H](NCCc1ccc(-n2c(N)c(C(=O)c3ccc(F)cc3F)ccc2=O)cc1)C(=O)OC(C)(C)C,6.86
CC(C)Cc1nnc2ccc(-c3ocnc3-c3ccc(F)cc3)cn12,8.06
CC(C)Cn1c(N)nc2ccc(-c3[nH]c(-c4c(F)cccc4F)nc3-c3ccccc3)cc21.CS(=O)(=O)O,8.0
CC(C)Cn1c(N)nc2ccc(-c3[nH]c(-c4c(F)cccc4F)nc3-c3ccccc3)nc21.CS(=O)(=O)O,8.6
CC(C)Cn1cnc2ccc(-c3[nH]c(-c4c(Cl)cccc4Cl)nc3-c3ccc(F)cc3F)nc21.CS(=O)(=O)O,8.41
CC(C)Cn1cnc2ccc(-c3[nH]c(-c4c(Cl)cccc4Cl)nc3-c3ccccc3)nc21.CS(=O)(=O)O,8.43
CC(C)Cn1cnc2ccc(-c3[nH]c(-c4c(F)cccc4F)nc3-c3ccccc3)cc21,7.79
CC(C)Cn1cnc2ccc(-c3[nH]c(-c4c(F)cccc4F)nc3-c3ccccc3)nc21.CS(=O)(=O)O,8.35
CC(C)Cn1cnc2ccc(-c3[nH]c(C(C)(C)C)nc3-c3ccc(F)cc3F)nc21.CS(=O)(=O)O,8.41
CC(C)Cn1cnc2ccc(-c3[nH]c(C(C)(C)C)nc3-c3ccccc3)nc21.CS(=O)(=O)O,8.29
CC(C)Cn1ncc2cc(Oc3ccc(F)cc3F)c(C(=O)NCCN(C)C)cc21,8.35
CC(C)N(CCCN)C(=O)c1cccc(-n2nc(C(C)(C)C)cc2NC(=O)Nc2cccc3ccccc23)c1,6.5
CC(C)N1C2CCC1CC(c1cc(-c3ccc(F)cc3Cl)c3ccc(=O)n(-c4c(Cl)cccc4Cl)c3c1)C2,9.0
CC(C)N1CCC(Nc2nc(-c3ccccc3Cl)c3c(n2)N(c2c(Cl)cccc2Cl)C(=O)NC3)CC1,9.22
CC(C)N1CCC(c2cc(-c3ccc(F)cc3Cl)c3c(c2)N(c2c(Cl)cccc2Cl)C(=O)NC3)CC1,9.22
CC(C)N1CCC(c2cc(-c3ccc(F)cc3Cl)c3cc[n+]([O-])c(-c4c(Cl)cccc4Cl)c3n2)CC1,9.23
CC(C)N1CCC(c2cc(-c3ccc(F)cc3F)c3c(c2)N(c2c(Cl)cccc2Cl)C(=O)NC3)CC1,9.7
CC(C)N1CCC(n2cnc(-c3ccc(F)cc3)c2-c2ccnc(N)n2)CC1,6.77
CC(C)N1CCN(c2nc(-c3ccc(Cl)cc3Cl)c3c(n2)N(c2c(Cl)cccc2Cl)C(=O)NC3)CC1,7.7
CC(C)N1CC[C@@H](NC(=O)c2cc(-n3ncc4cc(Nc5ccccc5Cl)ccc43)cs2)C1,6.49
CC(C)NC(=O)c1cc(-n2ncc3cc(Nc4ccccc4Cl)c(F)cc32)cs1,6.91
CC(C)NC(=O)c1cccc(Oc2nccc(-c3c(-c4ccc(F)cc4)ncn3C3CCNCC3)n2)c1,6.72
CC(C)Nc1cc(-c2[nH]c(SC(C)C)nc2-c2ccc(F)cc2)ccn1,7.66
CC(C)Nc1cc(-c2[nH]c(SCC(O)CO)nc2-c2ccc(F)cc2)ccn1,8.52
CC(C)Nc1cc(-c2[nH]c(SCCO)nc2-c2ccc(F)cc2)ccn1,8.52
CC(C)Nc1cc(-c2[nH]c(SC[C@@H](O)CO)nc2-c2ccc(F)cc2)ccn1,8.52
CC(C)Nc1cc(-c2[nH]c(SC[C@H](O)CO)nc2-c2ccc(F)cc2)ccn1,8.22
CC(C)Nc1cc(-c2[nH]c([S+](C)[O-])nc2-c2ccc(F)cc2)ccn1,7.515
CC(C)Nc1cc(-c2[nH]c([S+]([O-])C(C)C)nc2-c2ccc(F)cc2)ccn1,7.56
CC(C)Nc1cc(-c2[nH]c([S@+](C)[O-])nc2-c2ccc(F)cc2)ccn1,6.85
CC(C)Nc1cc(-c2[nH]c([S@+]([O-])C(C)C)nc2-c2ccc(F)cc2)ccn1,7.375
CC(C)Nc1cc(-c2[nH]c([S@@+](C)[O-])nc2-c2ccc(F)cc2)ccn1,7.1
CC(C)Nc1cc(-c2[nH]c([S@@+]([O-])C(C)C)nc2-c2ccc(F)cc2)ccn1,7.215
CC(C)Nc1cc(-c2nc3cc(Cl)c(Cl)cc3nc2-c2ccc(F)cc2)ccn1,6.38
CC(C)Nc1cc(-c2nc3ccccc3nc2-c2ccc(F)cc2)ccn1,7.09
CC(C)Nc1cc(-c2nc3cccnc3nc2-c2ccc(F)cc2)ccn1,7.42
CC(C)Nc1cc(-c2nc3ncccc3nc2-c2ccc(F)cc2)ccn1,6.48
CC(C)Nc1cc(-c2oc3ccccc3c(=O)c2-c2ccc(F)cc2)ccn1,7.77
CC(C)Nc1cc(N(Cc2ccc(F)cc2)C(=O)c2ccc3ccccc3c2)ccn1,6.17
CC(C)Nc1cc(Oc2ccc(NC(=O)Nc3cccc(C(F)(F)F)c3)cc2)ncn1,6.4
CC(C)Nc1n[nH]c2nc(Oc3ccc(F)cc3F)ncc12,7.64
CC(C)Nc1nc(-c2ccccc2Cl)c2c(n1)N(c1c(Cl)cccc1Cl)C(=O)NC2,8.96
CC(C)Nc1nc2ccc(-c3[nH]cnc3-c3ccccc3)cc2s1,8.15
CC(C)Nc1nc2ccc(-c3[nH]cnc3-c3ccccc3F)cc2s1,8.48
CC(C)Nc1nc2ccc(-c3c(-c4ccccc4F)n[nH]c3N)cc2s1,8.43
CC(C)Nc1nc2ccc(-c3ccnn3-c3ccc(F)cc3)cc2s1,7.32
CC(C)Nc1nc2ccc(-c3ccnn3-c3cccc(Cl)c3)cc2s1,7.14
CC(C)Nc1nc2ccc(-c3ccnn3-c3cccc(F)c3)cc2s1,7.48
CC(C)Nc1nc2ccc(-c3ccnn3-c3ccccc3)cc2s1,7.68
CC(C)Nc1nc2ccc(-c3ccnn3-c3ccccc3Cl)cc2s1,6.76
CC(C)Nc1nc2ccc(-c3ccnn3-c3ccccc3F)cc2s1,7.7
CC(C)Nc1nc2ccc(-c3ocnc3-c3ccccc3)cc2s1,7.68
CC(C)Nc1nc2ccc(-c3ocnc3-c3ccccc3F)cc2s1,8.19
CC(C)Nc1ncc(-c2cc(-c3ccccc3CNC(=O)NC3CC3)nc(NCCN(C)C)n2)s1,7.8
CC(C)Nc1ncc(-c2cc(-c3ccccc3Cl)nc(-c3ccccn3)n2)s1,8.4
CC(C)Nc1ncc(-c2cc(-c3ccccc3Cl)nc(N(C)C)n2)s1,6.24
CC(C)Nc1ncc(-c2cc(-c3ccccc3Cl)nc(N)n2)s1,7.8
CC(C)Nc1ncc(-c2cc(-c3ccccc3Cl)nc(NCC(O)CO)n2)s1,8.22
CC(C)Nc1ncc(-c2cc(-c3ccccc3Cl)nc(NCCN(C)C)n2)s1,8.3
CC(C)Nc1ncc(-c2cc(-c3ccccc3Cl)nc(NCCO)n2)s1,8.1
CC(C)Nc1ncc(-c2cc(-c3ccccc3Cl)ncn2)s1,7.34
CC(C)Nc1ncc(-c2ccnc(-c3ccccc3Cl)n2)s1,6.65
CC(C)Nc1ncc2cc(Oc3ccc(F)cc3F)c(=O)n(C)c2n1,8.4
CC(C)Nc1ncc2nc(Nc3c(F)cc(F)cc3F)n([C@H]3CC[C@@H](C(N)=O)CC3)c2n1,6.8
CC(C)Nc1ncc2nc(Nc3c(F)cccc3F)n([C@H]3CC[C@@H](O)CC3)c2n1,6.04
CC(C)Nc1nccc(N(CC2CCNCC2)C(=O)c2ccc3c(c2)CCO3)n1,7.62
CC(C)Nc1nccc(N(CCCCN)C(=O)c2ccc3c(c2)CCO3)n1,7.77
CC(C)Nc1nnc2ccc(-c3ocnc3-c3ccc(F)cc3)cn12,8.26
CC(C)Nc1noc2c(-c3ccc4c(N5CCOC[C@@H]5C)nncc4c3)c(Cl)ccc12,9.4
CC(C)OC(=O)Nc1ccc(Oc2ccc(NC(=O)Nc3cc(C(C)(C)C)nn3C)cc2)cc1,7.27
CC(C)Oc1cc(-n2cnc3ccc(N[C@@H](C)c4ccc(F)cn4)nc32)n[nH]1,7.87
CC(C)Oc1nccc(-c2c(-c3ccc(F)cc3)ncn2C2CCNCC2)n1,7.28
CC(C)Oc1nnc2ccc(-c3ocnc3-c3ccc(F)cc3)cn12,7.75
CC(C)S(=O)(=O)n1c(N)nc2ccc(-c3[nH]c(-c4c(Cl)cccc4C(F)(F)F)nc3-c3ccccc3)cc21.CS(=O)(=O)O,8.07
CC(C)S(=O)(=O)n1c(N)nc2ccc(-c3[nH]c(-c4c(Cl)cccc4Cl)nc3-c3ccc(F)cc3)cc21.CS(=O)(=O)O,8.17
CC(C)S(=O)(=O)n1c(N)nc2ccc(-c3[nH]c(-c4c(Cl)cccc4Cl)nc3-c3ccccc3)cc21.CS(=O)(=O)O,7.82
CC(C)S(=O)(=O)n1c(N)nc2ccc(-c3[nH]c(-c4c(F)cccc4Cl)nc3-c3ccccc3)cc21.CS(=O)(=O)O,7.84
CC(C)S(=O)(=O)n1c(N)nc2ccc(-c3[nH]c(-c4c(F)cccc4F)nc3-c3ccccc3)cc21,8.31
CC(C)S(=O)(=O)n1c(N)nc2ccc(-c3[nH]c(-c4c(F)cccc4F)nc3-c3ccccc3)nc21.CS(=O)(=O)O,8.46
CC(C)S(=O)(=O)n1c(N)nc2ccc(-c3[nH]c(-c4ccc(Cl)cc4)nc3-c3ccccc3)cc21,7.46
CC(C)S(=O)(=O)n1c(N)nc2ccc(-c3[nH]c(-c4ccccc4C(F)(F)F)nc3-c3ccccc3)cc21,7.58
CC(C)S(=O)(=O)n1c(N)nc2ccc(-c3[nH]c(-c4ccncc4)nc3-c3ccccc3)cc21,8.21
CC(C)S(=O)(=O)n1c(N)nc2ccc(-c3[nH]c(C(C)(C)C)nc3-c3ccc(F)cc3)cc21.CS(=O)(=O)O.CS(=O)(=O)O,7.8
CC(C)S(=O)(=O)n1c(N)nc2ccc(-c3[nH]c(C(C)(C)C)nc3-c3ccc(F)cc3F)cc21,8.36
CC(C)S(=O)(=O)n1c(N)nc2ccc(-c3[nH]c(C(C)(C)C)nc3-c3ccc(F)cc3F)cc21.CS(=O)(=O)O,8.36
CC(C)S(=O)(=O)n1c(N)nc2ccc(-c3[nH]c(C4CCNCC4)nc3-c3ccccc3)cc21,8.57
CC(C)S(=O)(=O)n1c(N)nc2ccc(-c3[nH]cnc3-c3ccc(F)cc3)cc21.CS(=O)(=O)O.CS(=O)(=O)O,8.37
CC(C)S(=O)(=O)n1c(N)nc2ccc(-c3[nH]cnc3-c3ccccc3)cc21,8.38
CC(C)S(=O)(=O)n1c(N)nc2ccc(-c3c(-c4ccc(F)cc4)ncn3C)cc21,7.68
CC(C)S(=O)(=O)n1c(N)nc2ccc(-c3c(-c4ccc(F)cc4)ncn3C3CCNCC3)cc21,6.9
CC(C)Sc1nc(-c2ccc(F)cc2)c(-c2ccnc(NC3CCCCC3)c2)[nH]1,7.055
CC(C)[C@@H](C)Nc1cc(-c2[nH]c([S+](C)[O-])nc2-c2ccc(F)cc2)ccn1,6.54
CC(C)[C@@H](C)Nc1cc(-c2[nH]c([S@+](C)[O-])nc2-c2ccc(F)cc2)ccn1,6.78
CC(C)[C@@H](C)Nc1cc(-c2[nH]c([S@@+](C)[O-])nc2-c2ccc(F)cc2)ccn1,6.779999999999999
CC(C)[C@H](C)Nc1cc(-c2[nH]c(=O)[nH]c2-c2ccc(F)cc2)ccn1,7.31
CC(C)[C@H](C)Nc1cc(-c2[nH]c([S+](C)[O-])nc2-c2ccc(F)cc2)ccn1,7.295
CC(C)[C@H](C)Nc1cc(-c2[nH]c([S@+](C)[O-])nc2-c2ccc(F)cc2)ccn1,7.085
CC(C)[C@H](C)Nc1cc(-c2[nH]c([S@@+](C)[O-])nc2-c2ccc(F)cc2)ccn1,7.21
CC(C)[C@H](C)Nc1cc(-c2nc3ccccc3nc2-c2ccc(F)cc2)ccn1,6.24
CC(C)[C@H](NCCc1cc(F)c(-n2c(N)c(C(=O)c3ccc(F)cc3F)ccc2=O)c(F)c1)C(=O)OC1CCCC1,7.66
CC(C)[S+]([O-])c1nc(-c2ccc(F)cc2)c(-c2ccnc(NC3CCCCC3)c2)[nH]1,6.859999999999999
CC(C)[S@+]([O-])c1nc(-c2ccc(F)cc2)c(-c2ccnc(NC3CCCCC3)c2)[nH]1,7.074999999999999
CC(C)[S@@+]([O-])c1nc(-c2ccc(F)cc2)c(-c2ccnc(NC3CCCCC3)c2)[nH]1,7.279999999999999
CC(C)c1cc(NC(=O)Nc2ccc(OCCN3CCOCC3)c3ccccc23)n(-c2ccccc2)n1,8.225000000000001
CC(C)c1cc(NC(=O)Nc2ccc(Oc3ccnc(Nc4cc(C#N)cc(OCCN5CCOCC5)c4)n3)c3ccccc23)n(-c2cccc(CP(C)(C)=O)c2)n1,7.68
CC(C)c1cc(NC(=O)Nc2ccc(Oc3ccnc(Nc4cc(OCCN5CCOCC5)cc(C(F)(F)F)c4)n3)c3ccccc23)n(-c2cccc(CP(C)(C)=O)c2)n1,6.7
CC(C)c1cc(NC(=O)Nc2ccc(Oc3ccnc(Nc4cc(OCCN5CCOCC5)cc(OC(F)(F)F)c4)n3)c3ccccc23)n(-c2cccc(CP(C)(C)=O)c2)n1,6.64
CC(C)c1cc(NC(=O)Nc2ccc(Oc3ccnc(Nc4ccc5[nH]ncc5c4)c3)c3ccccc23)n(-c2cccc(OCCN3CCOCC3)c2)n1,8.7
CC(C)c1cc(NC(=O)Nc2ccc(Oc3ccnc(Nc4ccc5[nH]ncc5c4)n3)c3ccccc23)n(-c2ccc(=O)n(CCO)c2)n1,8.1
CC(C)c1cc(NC(=O)Nc2ccc(Oc3ccnc(Nc4ccc5[nH]ncc5c4)n3)c3ccccc23)n(-c2ccc(OCCN3CCOCC3)cc2)n1,7.75
CC(C)c1cc(NC(=O)Nc2ccc(Oc3ccnc(Nc4ccc5[nH]ncc5c4)n3)c3ccccc23)n(-c2cccc(OCCN3CCOCC3)c2)n1,8.1
CC(C)c1cc(NC(=O)Nc2ccc(Oc3ccnc(Nc4ccc5c(c4)NC(=O)C5)n3)c3ccccc23)n(-c2ccc(OCCN3CCOCC3)cc2)n1,7.85
CC(C)c1cc(NC(=O)Nc2cccc(Cl)c2Cl)on1,6.54
CC(C)c1ccc(-n2nc(C(C)(C)C)cc2NC(=O)Nc2cccc(Cl)c2Cl)cc1,6.96
CC(C)c1ccc(Oc2nccc(-c3c(-c4ccc(F)cc4)ncn3C3CCNCC3)n2)cc1,7.39
CC(C)c1ccccc1-c1c(N)c(C(=O)c2ccc(F)cc2F)cc[n+]1[O-],6.68
CC(C)c1nc(-c2ccc(F)cc2)c(-c2ccc3nc(N)n(S(=O)(=O)C(C)C)c3c2)[nH]1.CS(=O)(=O)O,8.35
CC(C)c1nnc2cc(Cl)c(Sc3ccc(F)cc3F)cn12,6.05
CC(C)c1nnc2ccc(-c3[nH]cnc3-c3cc(F)ccc3F)cn12,8.21
CC(C)c1nnc2ccc(-c3c[nH]nc3-c3cc(F)ccc3F)cn12,8.55
CC(C)c1nnc2ccc(-c3cnoc3-c3cc(F)ccc3F)cn12,7.48
CC(C)c1nnc2ccc(-c3ocnc3-c3c(F)cc(F)cc3F)cn12,8.14
CC(C)c1nnc2ccc(-c3ocnc3-c3c(F)cccc3F)cn12,7.84
CC(C)c1nnc2ccc(-c3ocnc3-c3cc(Cl)ccc3F)cn12,8.29
CC(C)c1nnc2ccc(-c3ocnc3-c3cc(F)c(Cl)cc3F)cn12,7.61
CC(C)c1nnc2ccc(-c3ocnc3-c3cc(F)c(F)c(F)c3)cn12,8.39
CC(C)c1nnc2ccc(-c3ocnc3-c3cc(F)c(F)cc3Cl)cn12,8.25
CC(C)c1nnc2ccc(-c3ocnc3-c3cc(F)c(F)cc3F)cn12,8.49
CC(C)c1nnc2ccc(-c3ocnc3-c3cc(F)cc(F)c3F)cn12,7.08
CC(C)c1nnc2ccc(-c3ocnc3-c3cc(F)ccc3F)cn12,8.24
CC(C)c1nnc2ccc(-c3ocnc3-c3ccc(Cl)c(Cl)c3)cn12,7.58
CC(C)c1nnc2ccc(-c3ocnc3-c3ccc(Cl)c(F)c3)cn12,7.37
CC(C)c1nnc2ccc(-c3ocnc3-c3ccc(Cl)cc3)cn12,7.75
CC(C)c1nnc2ccc(-c3ocnc3-c3ccc(Cl)cc3Cl)cn12,8.08
CC(C)c1nnc2ccc(-c3ocnc3-c3ccc(Cl)cc3F)cn12,8.66
CC(C)c1nnc2ccc(-c3ocnc3-c3ccc(F)c(Br)c3)cn12,8.1
CC(C)c1nnc2ccc(-c3ocnc3-c3ccc(F)c(Cl)c3)cn12,7.91
CC(C)c1nnc2ccc(-c3ocnc3-c3ccc(F)c(F)c3)cn12,7.65
CC(C)c1nnc2ccc(-c3ocnc3-c3ccc(F)c(F)c3F)cn12,7.96
CC(C)c1nnc2ccc(-c3ocnc3-c3ccc(F)cc3)cn12,8.3
CC(C)c1nnc2ccc(-c3ocnc3-c3ccc(F)cc3Cl)cn12,8.6
CC(C)c1nnc2ccc(-c3ocnc3-c3ccc(F)cc3F)cn12,8.34
CC(C)c1nnc2ccc(-c3ocnc3-c3cccc(Cl)c3)cn12,7.87
CC(C)c1nnc2ccc(-c3ocnc3-c3cccc(Cl)c3Cl)cn12,7.84
CC(C)c1nnc2ccc(-c3ocnc3-c3cccc(F)c3)cn12,7.42
CC(C)c1nnc2ccc(-c3ocnc3-c3ccccc3)cn12,8.02
CC(C)c1nnc2ccc(-c3ocnc3-c3ccccc3Cl)cn12,8.52
CC(C)c1nnc2ccc(O[C@@H]3CC[C@H](NC(=O)Nc4cc(C(C)(C)C)nn4-c4ccc(Cl)c(O)c4)c4ccccc43)cn12,10.3
CC(C)c1nnc2ccc(O[C@@H]3CC[C@H](NC(=O)Nc4cc(C(C)(C)C)nn4-c4ccc(O)c(Cl)c4)c4ccccc43)cn12,10.1
CC(C)c1nnc2ccc(O[C@@H]3CC[C@H](NC(=O)Nc4cc(C(C)(C)C)nn4-c4cccc(OCCN(C)C)c4)c4ccccc43)cn12,9.1
CC(C)c1nnc2ccc(O[C@@H]3CC[C@H](NC(=O)Nc4cc(C(C)(C)C)nn4-c4cccc(OCCO)c4)c4ccccc43)cn12,9.4
CC(C)c1nnc2ccc(O[C@@H]3CC[C@H](NC(=O)Nc4cc(C(C)(C)C)nn4-c4ccccc4)c4ccccc43)cn12,10.22
CC(C)c1nnc2ccc(O[C@@H]3CC[C@H](NC(=O)Nc4cc(C(C)(C)C)nn4C)c4ccccc43)cn12,9.52
CC(C)c1nnc2ccc(Sc3ccc(F)cc3F)c(Cl)n12,7.91
CC(C)c1nnc2ccc(Sc3ccc(F)cc3F)cn12.Cl,7.1
CC(C)c1nnc2ccc(Sc3ccccc3CNC(=O)Nc3cc(C(C)(C)C)nn3-c3ccccc3)cn12,9.4
CC(C)c1onc(-c2ccc(F)cc2)c1-c1ccnc(NC2CCOCC2)c1,7.22
CC(C)c1onc(-c2ccc(F)cc2)c1-c1ccnc(N[C@@H](C)c2ccccc2)c1,8.22
CC(C)c1onc(-c2ccc(F)cc2)c1-c1ccnc(N[C@H](C)c2ccccc2)c1,6.35
CC(C)c1onc(-c2ccc(F)cc2)c1-c1ccncc1,6.35
CC(C)n1c(=O)n(C)c2cc(-c3ocnc3-c3ccc(F)cc3)ccc21,7.52
CC(C)n1ccc2cc(C(=O)N3CCc4c(cnn4-c4ccccc4Cl)C3)ccc21,7.41
CC(C)n1cnc(-c2ccc(F)cc2)c1-c1ccnc(N)n1,6.77
CC(C)n1nnc2ccc(-c3ocnc3-c3ccc(F)cc3)cc21,9.05
CC(C1CC1)N1CCC(c2cc(-c3ccc(F)cc3Cl)c3c(c2)N(c2c(Cl)cccc2Cl)C(=O)NC3)CC1,9.52
CC(CCC(=O)O)(c1ccc(O)c(N)c1)c1ccc(O)c(N)c1,6.2
CC(CS(C)(=O)=O)Nc1n[nH]c2nc(Oc3ccc(F)cc3F)ncc12,7.35
CC(NC(=O)c1cc(C(=O)c2ccccc2F)c[nH]1)C(C)(C)C,6.75
CC(NC(=O)c1ccc2c(c1)C(=O)c1ccc(Nc3ccc(F)cc3F)cc1CC2)C1CCCCC1,7.66
CC(NC(=O)c1cnc2ccccn12)c1ccc(C(=O)N[C@H](CCC2CCCCC2)C(=O)NC2CCCN(S(C)(=O)=O)C2)cc1,6.55
CC(NC(=O)c1cnn(-c2ccccc2)c1)c1ccc(C(=O)N[C@@H](CCC2CCCCC2)C(N)=O)cc1,6.55
CC(NC(=O)c1cnn(-c2ccccc2)c1N)c1ccc(C(=O)NC2CC2)cc1,6.4
CC(NC(=O)c1cnn(-c2ccccc2)c1N)c1ccc(C(=O)N[C@@H](CC2CCCCC2)C(N)=O)cc1,6.68
CC(Nc1cc(-c2[nH]c(SCC(=O)O)nc2-c2ccc(F)cc2)ccn1)c1ccccc1,7.43
CC(Nc1cc(-c2[nH]c(SCC(O)CO)nc2-c2ccc(F)cc2)ccn1)c1ccccc1,7.39
CC(Nc1cc(-c2nc3ccccc3nc2-c2ccc(F)cc2)ccn1)c1ccccc1,6.14
CC(O)c1nc(-c2cccc(CO)c2)c(-c2ccnc(NC(=O)c3ccccc3)c2)s1,6.34
CC(Oc1ccccc1)C(=O)Nc1cc(-c2c(-c3ccc(F)cc3)noc2C(C)C)ccn1,6.05
CC(c1ccc(F)cc1)N1C[C@@H](C)N(C(=O)c2cc3c(C(=O)C(=O)N(C)C)cn(C)c3cc2Cl)C[C@@H]1C,8.22
CC1(C)C(=O)NN(Cc2cccc(-n3nc(C(C)(C)C)cc3NC(=O)Nc3cccc4ccccc34)c2)C1=O,6.42
CC1(C)C=C(c2cc(-c3ccc(F)cc3Cl)c3ccc(=O)n(-c4c(Cl)cccc4Cl)c3c2)CC(C)(C)N1,8.48
CC1(C)CC(Nc2nc(-c3ccccc3Cl)c3c(n2)N(c2c(Cl)cccc2Cl)C(=O)NC3)CC(C)(C)N1,9.15
CC1(C)CC(n2cnc(-c3ccc(F)cc3)c2-c2ccnc(N)n2)CC(C)(C)N1,7.24
CC1(C)OCC(CN2CCN(C(=O)c3cc(C(C)(C)C)sc3NC(=O)Nc3cccc(Cl)c3Cl)CCC2=O)O1,7.51
CC1(C)OC[C@@H](CCOc2ccc3c(c2)C(=O)c2ccc(Nc4ccc(F)cc4F)cc2CC3)O1,7.25
CC1(C)OC[C@@H](CCOc2ccc3c(c2)COc2cc(Nc4ccc(F)cc4F)ccc2C3=O)O1,6.29
CC1(C)OC[C@@H](COc2ccc3c(c2)C(=O)c2ccc(Nc4ccc(F)c(NC(=O)c5ccccc5)c4)cc2CC3)O1,6.96
CC1(C)OC[C@@H](COc2ccc3c(c2)C(=O)c2ccc(Nc4ccc(F)cc4F)cc2CC3)O1,7.02
CC1(C)OC[C@@H](COc2ccc3c(c2)C(=O)c2ccc(Nc4ccc(F)cc4F)cc2OC3)O1,6.26
CC1(C)OC[C@@H](COc2ccc3c(c2)C(=O)c2ccc(Nc4ccccc4N)cc2CC3)O1,6.97
CC1(C)OC[C@@H](COc2ccc3c(c2)CCc2cc(Nc4ccc(F)cc4F)ccc2C3=O)O1,6.44
CC1(C)OC[C@@H](COc2cccc3c2COc2cc(Nc4ccc(F)cc4F)ccc2C3=O)O1,6.25
CC1(C)OC[C@H](COc2ccc3c(c2)C(=O)c2ccc(Nc4ccc(F)c(NC(=O)c5cccs5)c4)cc2CC3)O1,7.609999999999999
CC1(C)OC[C@H](COc2ccc3c(c2)C(=O)c2ccc(Nc4ccc(F)cc4F)cc2CC3)O1,7.17
CC1(C)OC[C@H](COc2ccc3c(c2)C(=O)c2ccc(Nc4ccc(F)cc4F)cc2OC3)O1,6.605
CC1(C)OC[C@H](COc2ccc3c(c2)C(=O)c2ccc(Nc4ccccc4N)cc2CC3)O1,7.119999999999999
CC1(C)OC[C@H](COc2ccc3c(c2)CCc2cc(Nc4ccc(F)cc4F)ccc2C3=O)O1,7.7
CC1(C)OC[C@H](COc2cccc3c2CCc2cc(Nc4ccc(F)cc4F)ccc2C3=O)O1,6.36
CC1(C)OC[C@H](COc2cccc3c2COc2cc(Nc4ccc(F)cc4F)ccc2C3=O)O1,6.32
CC1(c2nnc3ccc(-c4ocnc4-c4cc(F)c(F)cc4F)cn23)CC1,8.64
CC1(c2nnc3ccc(-c4ocnc4-c4cc(F)c(F)cc4F)cn23)CCC1,8.6
CC1(c2nnc3ccc(-c4ocnc4-c4cc(F)ccc4F)cn23)CC1,8.52
CC1(c2nnc3ccc(-c4ocnc4-c4cc(F)ccc4F)cn23)CCC1,8.82
CC1(c2nnc3ccc(-c4ocnc4-c4ccc(F)cc4)cn23)CCC1,7.85
CC1(c2nnc3ccc(-c4ocnc4-c4ccc(F)cc4F)cn23)CC1,9.15
CC1(c2nnc3ccc(-c4ocnc4-c4ccc(F)cc4F)cn23)CCC1,8.96
CC1(c2nnc3ccc(Sc4ccc(F)cc4F)cn23)CC1.Cl,7.6
CCC(=O)Nc1cc(-c2c(-c3ccc(F)cc3)nc(SC)n2CCOC)ccn1,6.75
CCC(=O)Nc1cc(-c2sc(CC)nc2-c2cccc(C)c2)ccn1,8.06
CCC(=O)Nc1cc(CCc2cnc(NC(=O)Nc3cc(C(C)(C)C)nn3-c3ccc(C)cc3)s2)ccn1,6.83
CCC(=O)Nc1cc(CCc2cnc(NC(=O)Nc3cc(C(C)(C)C)nn3C)s2)ccn1,6.38
CCC(=O)Nc1cc(Nc2ncc(C(=O)Nc3cc(NC(=O)c4cc(OC)c(OC)c(OC)c4)ccc3C)c(NC)n2)ccc1C,7.05
CCC(=O)Nc1ccc(C(=O)N2CCNCC2)c(O)c1,6.0
CCC(=O)Nc1ccc(C(=O)Nc2ccc(Nc3cc(-c4c(-c5ccc(F)cc5)nc(SC)n4C)ccn3)c(C)c2)cc1,7.66
CCC(=O)Nc1ccc(C(=O)Nc2ccc(Nc3cc(-c4c(-c5ccc(F)cc5)nc(SC)n4C)ccn3)cc2)cc1,7.77
CCC(=O)Nc1ccc(C)c(-c2ccc(C(=O)NCC3CC3)cc2)c1,6.365
CCC(=O)Nc1ccc(Cc2ccc(NC(=O)Nc3cc(C(C)(C)C)nn3C)cc2)cc1,7.42
CCC(=O)Nc1ccc(Oc2ccc(NC(=O)Nc3cc(C(C)(C)C)nn3C)cc2)cc1,7.16
CCC(=O)Nc1ccc2nccc(Nc3ccc(NC(=O)Nc4cc(C(C)(C)C)nn4-c4cccc(C)c4)cc3)c2c1,6.0
CCC(=O)Nc1ccc2nccc(Nc3cccc(NC(=O)Nc4cc(C(C)(C)C)nn4-c4ccc(C)cc4)c3)c2c1,6.725
CCC(=O)Nc1ccc2ncnc(Nc3ccc(NC(=O)Nc4cc(C(C)(C)C)nn4-c4cccc(C)c4)cc3)c2c1,6.0
CCC(=O)Nc1cccc(C(=O)Nc2ccc(Nc3cc(-c4[nH]c(SC)nc4-c4ccc(F)cc4)ccn3)cc2)c1,8.4
CCC(=O)Nc1cccc(C(=O)Nc2ccc(Nc3cc(-c4c(-c5ccc(F)cc5)nc(SC)n4C)ccn3)cc2)c1,6.9
CCC(=O)Nc1cccc(C(=O)Nc2ccc(Nc3cc(-c4c(-c5ccc(F)cc5)nc(SC)n4C)ccn3)cc2)c1C,7.42
CCC(=O)Nc1cccc(C(=O)Nc2cccc(Nc3cc(-c4c(-c5ccc(F)cc5)nc(SC)n4C)ccn3)c2)c1,6.62
CCC(=O)Nc1ccccc1Oc1nccc(-c2c(-c3ccc(F)cc3)ncn2C2CCNCC2)n1,6.82
CCC(=O)Nc1cn2ncnc(Nc3cc(C(=O)NOC)ccc3C)c2c1C,7.89
CCC(C)(C)c1cc(NC(=O)N[C@@H]2Cc3ccccc3[C@@H]2O)c(OC)c([C@@H](O)C(F)(F)F)c1,7.54
CCC(C)(C)c1cc(NC(=O)Nc2cccc(Cl)c2Cl)on1,6.92
CCC(C)CNc1cc(-c2[nH]c(SC)nc2-c2ccc(F)cc2)ccn1,7.64
CCC(C)NC(=O)[C@H](CCC1CCCCC1)NC(=O)c1ccc(CNC(=O)c2cnn(-c3ccccc3)c2N)cc1,7.7
CCC(C)Nc1cc(-c2[nH]c(SCC(O)CO)nc2-c2ccc(F)cc2)ccn1,8.3
CCC(C)Nc1cc(-c2c(-c3ccc(F)cc3)nc(S/C=C\C(=O)O)n2CC(OC)OC)ccn1,7.47
CCC(C)Nc1cc(-c2c(-c3ccc(F)cc3)noc2C(C)C)ccn1,7.52
CCC(C)Nc1cc(-c2nc3cc(C)c(C)cc3nc2-c2ccc(F)cc2)ccn1,6.22
CCC(C)Nc1cc(-c2nc3ccccc3nc2-c2ccc(F)cc2)ccn1,6.94
CCC(CC)NC(=O)[C@H](CCC1CCCCC1)NC(=O)c1ccc(CNC(=O)c2cnn(-c3ccccc3)c2N)cc1,7.42
CCC(CC)n1c(SC)nc(-c2ccc(F)cc2)c1-c1ccnc(NC(C)=O)c1,6.24
CCC(CO)NC(=O)[C@H](CCC1CCCCC1)NC(=O)c1ccc(CNC(=O)c2cnn(-c3ccccc3)c2N)cc1,7.42
CCC(CO)Nc1cc(-c2[nH]c(SC)nc2-c2ccc(F)cc2)ccn1,8.0
CCC(COC)Nc1nccc(N(CC2CCNCC2)C(=O)c2ccc3c(c2)CCO3)n1,6.28
CCC(Nc1cc(-c2[nH]c(SC)nc2-c2ccc(F)cc2)ccn1)c1ccccc1,7.17
CCC(O)CNc1cc(-c2[nH]c3cccnc3c2-c2ccc(F)cc2)ccn1,8.52
CCCC(=O)Nc1cc(-c2sc(CC)nc2-c2cccc(C)c2)ccn1,7.89
CCCC(=O)Nc1ccc(C)c(-c2ccc(C(=O)NCC3CC3)cc2)c1,7.01
CCCC(=O)c1cn2ncnc(Nc3cc(C(=O)NC4CC4)ccc3C)c2c1C,7.72
CCCC1=Nc2c(ncnc2[S+]([O-])c2ccccc2)Sc2ccccc21,6.01
CCCCCCCCNC(=O)c1ccc2c(c1)C(=O)c1ccc(Nc3ccc(F)cc3F)cc1CC2,6.41
CCCCCNC(=O)c1ccc(-c2cc(C(=O)NC3CC3)cc(F)c2C)nc1,6.26
CCCCNC(=O)[C@H](CCC1CCCCC1)NC(=O)c1ccc(CNC(=O)c2cnn(-c3ccccc3)c2N)cc1,7.47
CCCCNC(=O)c1ccc(C)c(Nc2ncnc3c2cnn3-c2ccccc2)c1,7.68
CCCCNC(=O)c1cn2ncnc(Nc3cc(C(=O)NC4CC4)ccc3C)c2c1C,8.0
CCCCNc1cc(-c2oc3ccccc3c(=O)c2-c2ccc(F)cc2)ccn1,7.68
CCCCNc1nc2ccc(-c3cc(C(=O)NC4CC4)cc(F)c3C)cc2s1,6.26
CCCCOC(=O)c1ccc(NC(=O)Nc2cc(C(C)(C)C)nn2C)cc1,6.54
CCCCOc1ccc(Sc2ccc(NC(=O)Nc3cc(C(C)(C)C)nn3C)cc2)cc1,7.16
CCCC[C@H](NC(=O)c1ccc(CNC(=O)c2cnn(-c3ccccc3)c2N)cc1)C(N)=O,6.55
CCCCn1c(=O)[nH]c2cc(-c3cc(C(=O)NC4CC4)ccc3C)ccc2c1=O,7.75
CCCCn1c(=O)[nH]c2cc(-c3cc(C(=O)Nc4cccc(N5CCOCC5)c4)ccc3C)ccc2c1=O,7.72
CCCCn1c(=O)[nH]c2cc(-c3cc(NC(=O)c4ccnc(N5CCCC5)c4)ccc3C)ccc2c1=O,7.96
CCCCn1ncc(C(=O)Nc2cc(C(=O)Nc3ccnn3C)ccc2C)c1N,8.15
CCCCn1ncc(C(=O)Nc2cc(C(=O)Nc3ccon3)ccc2C)c1N,8.7
CCCN(C)c1cc(-c2ccncc2)c(-c2ccccc2)nn1,6.41
CCCN1CCC(Oc2nccc(Nc3cc(NC(=O)c4cccc(N5CCOCC5)c4)ccc3C)n2)CC1,7.4
CCCN1CCC(Oc2nccc(Nc3cc(NC(=O)c4ccnc(N5CCOCC5)c4)ccc3C)n2)CC1,7.3
CCCNC(=O)[C@H](CCC1CCCCC1)NC(=O)c1ccc(CNC(=O)c2cnn(-c3ccccc3)c2N)cc1,7.76
CCCNC(=O)c1ccc(C)c(-c2ccc(C(=O)NCC3CC3)cc2)c1,6.415
CCCNC(=O)c1ccc(C)c(Nc2ncnn3cc(C(=O)NCCC)c(C)c23)c1,6.78
CCCNC(=O)c1ccc(C)c(Nc2nncc3c2cnn3-c2ccc(F)cc2F)c1,7.92
CCCNC(=O)c1cccc(Nc2nccc(Oc3ccc(NC(=O)Nc4cc(C(C)(C)C)nn4-c4ccc(OC)cc4)c4ccccc34)n2)c1,7.27
CCCNC(=O)c1cn2ncnc(Nc3cc(C(=O)NC4CC4)ccc3C)c2c1C,7.89
CCCNC(=O)c1cn2ncnc(Nc3cc(C(=O)NOC)ccc3C)c2c1C,9.05
CCCNC(=O)c1cn2ncnc(Nc3cc(C(=O)Nc4ccon4)ccc3C)c2c1C,8.41
CCCNC(=O)c1cn2ncnc(Nc3cc(NC(=O)COC)ccc3C)c2c1C,7.7
CCCNC(=O)c1cn2ncnc(Nc3cc(NC(=O)OC(C)C)ccc3C)c2c1C,6.17
CCCNC(=O)c1cn2ncnc(Nc3cc(NC(=O)OC)ccc3C)c2c1C,7.82
CCCNC(=O)c1cn2ncnc(Nc3cc(NC(=O)OCC)ccc3C)c2c1C,8.26
CCCNC(=O)c1cn2ncnc(Nc3cc(NC(=O)c4cc(F)cc(N5CCOCC5)c4)ccc3C)c2c1C,8.3
CCCNC(=O)c1cn2ncnc(Nc3cc(NC(C)=O)ccc3C)c2c1C,6.64
CCCNc1cc(Oc2ccc(NC(=O)Nc3cccc(C(F)(F)F)c3)cc2)ncn1,6.4
CCCNc1nc(C)c(C(=O)Nc2cc(C(=O)NCC)ccc2C)s1,6.89
CCCNc1nc2c(s1)C(=O)N(c1cc(C(=O)NC)ccc1C)C2,6.57
CCCNc1nc2c(s1)C(=O)N(c1cc(C(=O)NCC)ccc1C)C2,6.8
CCCNc1ncc(-c2cc(-c3ccc(F)cc3)nc(-c3ccccn3)n2)s1,7.28
CCCNc1ncc(-c2cc(-c3ccc(F)cc3Cl)nc(-c3ccccn3)n2)s1,7.38
CCCNc1ncc(-c2cc(-c3ccccc3Cl)nc(-c3ccccn3)n2)s1,7.66
CCCNc1ncc(-c2cc(-c3ccccc3F)nc(-c3ccccn3)n2)s1,7.28
CCCNc1ncc(-c2cc(-c3ccccc3F)nc(C)n2)s1,6.28
CCCNc1ncc(-c2cc(-c3ccccc3F)nc(N)n2)s1,6.65
CCCNc1ncc(-c2cc(-c3ccccc3OCC)nc(-c3ccccn3)n2)s1,6.07
CCCNc1ncc(-c2ccnc(-c3ccccn3)n2)s1,6.5
CCCNc1ncc(C(=O)Nc2c(C)cccc2Cl)s1,7.55
CCCNc1ncc(C(=O)Nc2cc(C(=O)NC)ccc2C)s1,8.35
CCCNc1ncc(C(=O)Nc2cc(C(=O)NCC)ccc2C)s1,8.7
CCCNc1ncc(C(=O)Nc2cc(C(N)=O)ccc2C)s1,8.39
CCCNc1nccc(-c2c(-c3ccc(F)cc3)nc3n2[C@@H](CO)CC3)n1,7.51
CCCNc1nccc(-c2c(-c3ccc(F)cc3)nc3n2[C@@H](COCc2ccc(OC)cc2)CC3)n1,6.66
CCCNc1nccc(-c2c(-c3ccc(F)cc3)nc3n2[C@H](CO)CC3)n1,7.55
CCCNc1nccc(-c2c(-c3ccc(F)cc3)nc3n2[C@H](COCc2ccc(OC)cc2)CC3)n1,7.27
CCCNc1nccc(-c2c(-c3ccc(F)cc3)nc3n2[C@H](Cc2ccc(OC)cc2)CC3)n1,7.27
CCCNc1nnc2ccc(-c3ocnc3-c3ccc(F)cc3)cn12,6.7
CCCOC(=O)c1ccc2c(c1)C(=O)c1ccc(Nc3ccc(F)cc3F)cc1CC2,7.38
CCCOC(=O)c1sc(C(C)(C)C)cc1NC(=O)Nc1ccc(C)cc1,6.32
CCCOc1ccc(Sc2ccc(NC(=O)Nc3cc(C(C)(C)C)nn3C)cc2)cc1,7.24
CCCc1c(C(=O)Nc2cc(C#N)ccc2C)cnn1-c1ccccc1,6.68
CCCc1c(C(=O)Nc2cc(C(=O)OC)ccc2C)cnn1-c1ccccc1,6.305
CCCc1c(C(=O)Nc2cc(F)ccc2C)cnn1-c1ccccc1,6.279999999999999
CCCc1c(C(=O)Nc2cc(S(=O)(=O)N(C)C)ccc2C)cnn1-c1cccnc1,6.57
CCCc1c(C(=O)Nc2cc(S(=O)(=O)N(C)C)ccc2C)cnn1CC(C)C,6.195
CCCc1c(C(=O)Nc2cc(S(=O)(=O)N(C)C)ccc2C)cnn1Cc1ccccc1,6.24
CCCc1nc(-c2cccc(C)c2)c(-c2ccnc(NC(=O)c3ccccc3)c2)s1,7.89
CCCn1c(C2CCNCC2)nc(-c2ccc(Cl)c(Cl)c2)c1-c1ccnc(NC2CCCCC2)n1,8.4
CCN(C(=O)c1cc(C)ccc1F)c1ccnc(N[C@@H](C)c2ccccc2)n1,7.58
CCN(C(=O)c1cc2ccccc2o1)c1ccnc(N[C@@H](C)c2ccccc2)n1,6.75
CCN(C(=O)c1ccc(C)c(C)c1)c1ccnc(N[C@@H](C)c2ccccc2)n1,7.04
CCN(C(=O)c1ccc(Cl)cc1)c1ccnc(N[C@@H](C)c2ccccc2)n1,6.5
CCN(C(=O)c1ccc(F)c(C)c1)c1ccnc(N[C@@H](C)c2ccccc2)n1,7.41
CCN(C(=O)c1ccc2c(c1)CCC2)c1ccnc(N[C@@H](C)c2ccccc2)n1,7.35
CCN(C(=O)c1ccc2c(c1)CCCC2)c1ccnc(N[C@@H](C)c2ccccc2)n1,6.75
CCN(C(=O)c1ccc2c(c1)CCO2)c1ccnc(N[C@@H](C)c2ccccc2)n1,7.77
CCN(C(=O)c1ccc2c(c1)OCO2)c1ccnc(N[C@@H](C)c2ccccc2)n1,6.79
CCN(C(=O)c1ccc2ccccc2c1)c1ccnc(N[C@@H](C)c2ccccc2)c1,6.5
CCN(C(=O)c1ccc2ccccc2c1)c1ccnc(N[C@@H](C)c2ccccc2)n1,7.19
CCN(C(=O)c1ccc2occc2c1)c1ccnc(N[C@@H](C)c2ccccc2)n1,7.15
CCN(C(=O)c1cccc(C(F)(F)F)c1)c1ccnc(N[C@@H](C)c2ccccc2)n1,7.19
CCN(C(=O)c1cccc(C)c1)c1ccnc(N[C@@H](C)c2ccccc2)n1,7.89
CCN(C(=O)c1cccc(C)c1C)c1ccnc(N[C@@H](C)c2ccccc2)n1,7.09
CCN(C(=O)c1cccc(C2CC2)c1)c1ccnc(N[C@@H](C)c2ccccc2)n1,6.98
CCN(C(=O)c1cccc(Cl)c1)c1ccnc(N[C@@H](C)c2ccccc2)n1,7.09
CCN(C(=O)c1cccc2c1OCC2)c1ccnc(N[C@@H](C)c2ccccc2)n1,7.05
CCN(C(=O)c1ccccc1)c1ccnc(N[C@@H](C)c2ccccc2)n1,6.71
CCN(C(=O)c1ccccc1Cl)c1ccnc(N[C@@H](C)c2ccccc2)n1,6.57
CCN(C(=O)c1cn(C)c2ccccc12)c1ccnc(N[C@@H](C)c2ccccc2)n1,6.81
CCN(C(=O)c1csc2ccccc12)c1ccnc(N[C@@H](C)c2ccccc2)n1,6.73
CCN(C(C)=O)C(=O)Nc1ccc2ncc(-c3ccccc3)nc2n1,6.3
CCN(C)CCn1cc(-n2nc(C(C)(C)C)cc2NC(=O)N[C@H]2CC[C@@H](Oc3ccc4nnc(N5CCCC[C@@H]5C)n4c3)c3ccccc32)cn1,9.7
CCN(C)c1nnc2ccc(-c3ocnc3-c3ccc(F)cc3)cn12,8.33
CCN(C)c1nnc2ccc(-c3ocnc3-c3ccccc3)cn12,8.04
CCN(CC)C(=O)Cn1c(SC)nc(-c2ccc(F)cc2)c1-c1ccnc(NC(C)=O)c1,7.22
CCN(CC)CC(=O)Nc1ccc(C(F)(F)F)cc1NC(=O)c1ccc(C)c(-c2ccc3nc(NC)ncc3c2)c1,7.12
CCN(CC)CCCNc1cc(Nc2cc(NC(=O)c3ccnc(N4CCOCC4)c3)ccc2C)ncn1,6.55
CCN(CC)CCNC(=O)c1cc(-n2nc(C(C)(C)C)cc2NC(=O)Nc2cccc3ccccc23)ccc1C,7.46
CCN(CC)CCNC(=O)c1cccc(-n2nc(C(C)(C)C)cc2NC(=O)Nc2cccc3ccccc23)c1,7.1
CCN(CC)CCOc1ccc(Nc2ncc3c(n2)N(C)C(=O)N(c2c(Cl)cccc2Cl)C3)cc1,8.0
CCN(CC)CCOc1ccc(Nc2ncc3cc(-c4c(Cl)cccc4Cl)c(=O)n(C)c3n2)cc1,8.5
CCN(CC)CCOc1ccc2c(c1)C(=O)c1ccc(Nc3ccc(F)cc3F)cc1OC2,6.484999999999999
CCN(CC)c1cc(-c2ccncc2)c(-c2ccccc2)nn1,6.52
CCN(CCN(C)C)C(=O)c1cc(-n2nc(C(C)(C)C)cc2NC(=O)Nc2cccc3ccccc23)ccc1C,6.13
CCN(CCN(C)C)C(=O)c1cccc(-n2nc(C(C)(C)C)cc2NC(=O)Nc2cccc3ccccc23)c1,6.1
CCN(CCN)C(=O)c1cc(-n2nc(C(C)(C)C)cc2NC(=O)Nc2cccc3ccccc23)ccc1C,6.8
CCN(CCN)C(=O)c1cccc(-n2nc(C(C)(C)C)cc2NC(=O)Nc2cccc3ccccc23)c1,6.8
CCN1CCC(c2cc(-c3ccc(F)cc3Cl)c3c(c2)N(c2c(Cl)cccc2Cl)C(=O)NC3)CC1,8.92
CCN1CCN(Cc2ccc(C(=O)Nc3ccc(C)c(Oc4ccnc5[nH]ccc45)c3)cc2C(F)(F)F)CC1,7.71
CCN1CCN(Cc2ccc(C(=O)Nc3cccc(CCc4cnc5[nH]ccc5c4OC)c3)cc2C(F)(F)F)CC1,6.26
CCN1CCN(Cc2ccc(NC(=O)Nc3ccc(Oc4cc(NC)ncn4)cc3)cc2C(F)(F)F)CC1,7.14
CCN1CCN(Cc2ccc(NC(=O)c3ccc(C)c(/C=C/c4cnc5[nH]ccc5c4OC)c3)cc2C(F)(F)F)CC1,6.62
CCN1CCN(Cc2ccc(NC(=O)c3ccc(C)c(CCc4cnc5[nH]ccc5c4OC)c3)cc2C(F)(F)F)CC1,7.15
CCN1CCN(Cc2ccc(NC(=O)c3ccc(C)c(OCc4cnc5[nH]ccc5c4OC)c3)cc2C(F)(F)F)CC1,6.18
CCN1CCN(Cc2ccc(NC(=O)c3ccc(C)c(Oc4cc(NC)ncn4)c3)cc2C(F)(F)F)CC1,6.6
CCN1CCN(Cc2ccc(NC(=O)c3ccc(C)c(Oc4ccnc(C(=O)NC)c4)c3)cc2C(F)(F)F)CC1,7.16
CCN1CCN(Cc2ccc(NC(=O)c3ccc(C)c(Oc4ccnc(NC)n4)c3)cc2C(F)(F)F)CC1,7.34
CCN1CCN(Cc2ccc(NC(=O)c3ccc(C)c(Oc4ccnc5[nH]ccc45)c3)cc2C(F)(F)F)CC1,6.99
CCN1CCN(Cc2ccc(NC(=O)c3ccc(C)c(Oc4ncnc5[nH]c(C)cc45)c3)cc2C(F)(F)F)CC1,6.83
CCN1CCN(Cc2ccc(NC(=O)c3ccc(C)c(Oc4ncnc5[nH]ccc45)c3)cc2C(F)(F)F)CC1,6.89
CCN1CCN(Cc2ccc(NC(=O)c3ccc(C)c(Oc4ncnc5[nH]ncc45)c3)cc2C(F)(F)F)CC1,7.53
CCN1CCN(Cc2ccc(NC(=O)c3cccc(Oc4ccnc5[nH]ccc45)c3)cc2C(F)(F)F)CC1,7.45
CCNC(=O)N1CCC(Nc2cc(-c3c(-c4ccc(F)cc4)nc(S/C=C\C(=O)O)n3C)ccn2)CC1,6.84
CCNC(=O)NCc1ccccc1-c1cc(-c2cnc(NC(C)C)s2)nc(NCCN(C)C)n1,8.15
CCNC(=O)NCc1ccccc1-c1cc(-c2cnc(NC(C)C)s2)nc(NCCNC)n1,8.15
CCNC(=O)NCc1ccccc1Sc1ccc2nnc(C(C)C)n2c1,8.48
CCNC(=O)Nc1ccccc1Nc1ccc(C(=O)c2ccccc2C)c(Cl)c1,7.68
CCNC(=O)[C@H](CCC1CCCCC1)NC(=O)c1ccc(CNC(=O)c2cnn(-c3ccccc3)c2N)cc1,7.85
CCNC(=O)c1ccc(C)c(-c2ccc(C(=O)NCC3CC3)cc2)c1,6.605
CCNC(=O)c1ccc(C)c(-n2cnc3ccc(N4CCN(C)CC4)cc3c2=O)c1,6.97
CCNC(=O)c1ccc(C)c(N2CC3N=C(NC4CCCC4)SC3C2=O)c1,7.28
CCNC(=O)c1ccc(C)c(N2Cc3nc(NC(C)C)sc3C2=O)c1,7.47
CCNC(=O)c1ccc(C)c(NC(=O)c2cnc(NC(C)C)s2)c1,8.47
CCNC(=O)c1ccc(C)c(NC(=O)c2cnn(-c3ccccc3)c2N)c1,8.1
CCNC(=O)c1ccc(C)c(NC(=O)c2cnn(-c3ccccc3)c2NCC)c1,8.22
CCNC(=O)c1ccc(C)c(NC(=O)c2sc(NCC)nc2C)c1,6.48
CCNC(=O)c1ccc(C)c(Nc2nc(N[C@H]3CCNC3)nc(N(C)CC(C)(C)C)n2)c1,7.51
CCNC(=O)c1ccc(C)c(Nc2ncnn3cc(C(=O)NCC)c(C)c23)c1,6.96
CCNC(=O)c1ccc(C)c(Nc2ncnn3cc(C(=O)N[C@@H](C)c4ccccc4)c(C)c23)c1,7.19
CCNC(=O)c1ccc(C)c(Nc2ncnn3cc(C(=O)c4ccccc4)c(C)c23)c1,7.96
CCNC(=O)c1cn2ncnc(Nc3cc(C(=O)NC(C)C)ccc3C)c2c1C,6.59
CCNC(=O)c1cn2ncnc(Nc3cc(C(=O)NC)ccc3C)c2c1C,6.4
CCNC(=O)c1cn2ncnc(Nc3cc(C(=O)NC4CC4)ccc3C)c2c1C,7.75
CCNC(=O)c1cn2ncnc(Nc3cc(C(=O)NC4CCC4)ccc3C)c2c1C,6.65
CCNC(=O)c1cn2ncnc(Nc3cc(C(=O)NOC)ccc3C)c2c1C,8.51
CCNC(=O)c1cn2ncnc(Nc3cc(C(=O)Nc4ccon4)ccc3C)c2c1C,8.15
CCNC(=O)c1cn2ncnc(Nc3cc(C(=O)Nc4ncco4)ccc3C)c2c1C,7.46
CCNC(=O)c1cn2ncnc(Nc3cc(C(=O)Nc4nccs4)ccc3C)c2c1C,7.14
CCNC(=O)c1cn2ncnc(Nc3cc(NC(=O)OCC)ccc3C)c2c1C,8.33
CCNC(=O)c1cn2ncnc(Nc3cc(NC(=O)c4cc(F)cc(N5CCOCC5)c4)ccc3C)c2c1C,9.38
CCNC(=O)c1cn2ncnc(Nc3cc(NC(=O)c4ccc(C#N)cc4)ccc3C)c2c1C,7.64
CCNC(=O)c1cn2ncnc(Nc3cc(NC(=O)c4cccc(-n5cccn5)c4)ccc3C)c2c1C,6.91
CCNC(=O)c1cn2ncnc(Nc3cc(NC(=O)c4cccc(-n5ccnc5)c4)ccc3C)c2c1C,8.15
CCNC(=O)c1cn2ncnc(Nc3cc(NC(=O)c4cccc(N5CCCC5=O)c4)ccc3C)c2c1C,7.8
CCNC(=O)c1cn2ncnc(Nc3cc(NC(=O)c4cccc(N5CCN(C)CC5)c4)ccc3C)c2c1C,6.03
CCNC(=O)c1cn2ncnc(Nc3cc(NC(=O)c4cccc(N5CCOCC5)c4)ccc3C)c2c1C,9.01
CCNC(=O)c1cn2ncnc(Nc3cc(NC(=O)c4ccnc(N5CCOCC5)c4)ccc3C)c2c1C,8.7
CCNC(=O)n1oc(=O)c(-c2ccc(F)cc2)c1-c1ccncc1,6.64
CCNc1c(C(=O)Nc2cc(C(=O)Nc3ccon3)ccc2C)cnn1-c1ccccc1C,8.3
CCNc1c(C(=O)Nc2cc(C(=O)Nc3ccon3)ccc2C)cnn1-c1ccccn1,8.4
CCNc1cc(-c2[nH]c(SCC(O)CO)nc2-c2ccc(F)cc2)ccn1,7.57
CCNc1cc(Oc2ccc(NC(=O)Nc3cccc(C(F)(F)F)c3)cc2)ncn1,6.5
CCNc1nc(C)c(-c2ccnc(Nc3ccc(N4CCN(C(C)=O)CC4)cc3)n2)s1,6.2
CCNc1nc2ccc(-c3[nH]c(-c4c(F)cccc4F)nc3-c3ccccc3)cc2[nH]1,7.25
CCNc1nc2ccc(-c3[nH]c(-c4c(F)cccc4F)nc3-c3ccccc3)cc2n1S(=O)(=O)C(C)C,6.81
CCNc1nc2ccc(-c3ocnc3-c3ccccc3F)cc2s1,7.92
CCNc1ncc(-c2cc(-c3ccccc3Cl)nc(-c3ccccn3)n2)s1,7.77
CCNc1ncc(C(=O)Nc2c(C)cccc2Cl)s1,6.85
CCNc1nccc(-c2c(-c3ccc(F)cc3)ncn2C2CCN(C)CC2)n1,8.02
CCNc1nnc2ccc(-c3ocnc3-c3ccc(F)cc3)cn12,8.12
CCNc1nnc2ccc(-c3ocnc3-c3ccccc3)cn12,8.27
CCNc1noc2c(-c3ccc4c(N5CCOC[C@@H]5C)nncc4c3)c(C)ccc12,9.52
CCOC(=O)/C=C/Sc1nc(-c2ccc(F)cc2)c(-c2ccnc(NC(C)=O)c2)n1C1CC1,6.35
CCOC(=O)/C=C/Sc1nc(-c2ccc(F)cc2)c(-c2ccnc(NC(C)=O)c2)n1CC1CC1,6.18
CCOC(=O)/C=C\Sc1nc(-c2ccc(F)cc2)c(-c2ccnc(Nc3ccccc3)c2)[nH]1,6.84
CCOC(=O)C1Cc2nc(-c3ccc(Cl)c(Cl)c3)n(-c3ccnc(N[C@@H]4CCCN(C(=O)C5CC5)C4)n3)c2C1,7.27
CCOC(=O)C1Cc2nc(-c3ccc(Cl)c(Cl)c3)n(-c3ccnc(N[C@H]4CCCN(C(=O)C5CC5)C4)n3)c2C1,6.54
CCOC(=O)C1Cc2nc(-c3ccc4ccccc4c3)n(-c3ccnc(N[C@@H]4CCCN(C(=O)C5CC5)C4)n3)c2C1,7.07
CCOC(=O)C1Cc2nc(-c3ccc4ccccc4c3)n(-c3ccnc(N[C@H]4CCCN(C(=O)C5CC5)C4)n3)c2C1,6.54
CCOC(=O)CCNC(=O)n1oc(=O)c(-c2ccc(F)cc2)c1-c1ccncc1,6.01
CCOC(=O)CCn1c(SC)nc(-c2ccc(F)cc2)c1-c1ccnc(NC(C)=O)c1,6.36
CCOC(=O)CNC(=O)c1ccc2c(c1)C(=O)c1ccc(Nc3ccc(F)cc3F)cc1CC2,7.62
CCOC(=O)Cc1ccc(-n2nc(C(C)(C)C)cc2NC(=O)Nc2nccs2)cc1,6.17
CCOC(=O)Cn1nc(C(C)(C)C)cc1NC(=O)Nc1cccc(Cl)c1Cl,6.98
CCOC(=O)N1CCC(n2cnc(-c3ccc(F)cc3)c2-c2ccnc(N)n2)CC1,7.48
CCOC(=O)Nc1cc(CCc2cnc(NC(=O)Nc3cc(C(C)(C)C)nn3-c3ccc(C)cc3)s2)ccn1,6.11
CCOC(=O)Nc1cc(CCc2cnc(NC(=O)Nc3cc(C(C)(C)C)nn3C)s2)ccn1,6.29
CCOC(=O)Nc1ccc(C)c(Nc2ncnn3cc(C(=O)NC(C)C)c(C)c23)c1,8.11
CCOC(=O)Nc1ccc(C)c(Nc2ncnn3cc(C(=O)N[C@@H](C)CC)c(C)c23)c1,8.25
CCOC(=O)Nc1ccc(C)c(Nc2ncnn3cc(C(=O)c4ccccc4)c(C)c23)c1,8.22
CCOC(=O)Nc1ccc(Oc2ccc(NC(=O)Nc3cc(C(C)(C)C)nn3C)cc2)cc1,7.48
CCOC(=O)Nc1ccccc1Nc1ccc(C(=O)c2ccccc2C)c(Cl)c1,7.38
CCOC(=O)Nc1cn2ncnc(Nc3cc(C(=O)NOC)ccc3C)c2c1C,8.82
CCOC(=O)[C@H](CC(C)C)NCCCOc1cc(F)c(-n2c(N)c(C(=O)c3ccc(F)cc3)ccc2=O)c(F)c1,7.55
CCOC(=O)c1ccc(-c2cc(-c3ccc(F)cc3)c(-c3ccncc3)[nH]2)cc1,6.58
CCOC(=O)c1ccc(Oc2nccc(-c3c(-c4ccc(F)cc4)ncn3C3CCNCC3)n2)cc1,7.07
CCOC(=O)c1ccc2c(c1)C(=O)c1ccc(Nc3ccc(F)cc3F)cc1CC2,7.545
CCOC(=O)c1cn2ncnc(Nc3cc(C(=O)NOC)ccc3C)c2c1C,9.05
CCOC(=O)c1cn2ncnc(Nc3cc(NC(=O)c4cc(F)cc(N5CCOCC5)c4)ccc3C)c2c1C,8.7
CCOC(=O)c1nc(-c2ccc(F)cc2)c(-c2ccnc(NC(=O)C3CC3)c2)[nH]1,7.05
CCOC(=O)n1ccc2ccc(C(=O)Nc3cc(C(=O)NC4CC4)ccc3C)cc21,7.64
CCOCCOc1cc(-c2ccccc2Cl)c2cc[n+]([O-])c(-c3c(Cl)cccc3Cl)c2n1,8.05
CCOCCOc1ccc(C(=O)Nc2cc(NC(=O)c3cccc(N(C)C)c3)ccc2C)cc1,6.51
CCOCn1nnc(-c2ccncc2)c1-c1ccc(F)cc1,6.51
CCOCn1oc(=O)c(-c2ccc(F)cc2)c1-c1ccnc(N[C@@H](C)c2ccccc2)n1,7.08
CCOCn1oc(=O)c(-c2ccc(F)cc2)c1-c1ccnc(Oc2cccc(O)c2)n1,6.28
CCOCn1oc(=O)c(-c2ccc(F)cc2)c1-c1ccnc(Oc2ccccc2O)n1,6.34
CCONC(=O)c1ccc(C)c(Nc2ncnn3cc(C(=O)OC)c(C)c23)c1,8.4
CCOP(=O)(CSc1nc(-c2ccc(F)cc2)c(-c2ccnc(NC(C)c3ccccc3)c2)[nH]1)OCC,6.4
CCOc1c(NC(=O)Nc2ccc(Oc3ccnc(Nc4cc(OC)cc(OCCOCCOCCOC)c4)n3)c3ccccc23)cc(C(C)(C)C)cc1NS(C)(=O)=O,6.83
CCOc1cc(N2CCN(C)CC2)ccc1Nc1ncc2cc(-c3cccc(NC(=O)c4cccc(C(F)(F)F)c4)c3)c(=O)n(C[C@H]3CCCO3)c2n1,8.36
CCOc1ccc(-c2cc(-c3cnc(NC(C)C)s3)nc(-c3ccccc3F)n2)c(Cl)c1,6.23
CCOc1ccc(C(=O)Nc2cc(NC(=O)c3cccc(N(C)C)c3)ccc2C)cc1,7.22
CCOc1ccc(C(=O)Nc2cc(NC(=O)c3cccc(N(C)C)c3)ccc2C)cc1OCC,7.3
CCOc1ccc(Nc2nccc(Oc3ccc(NC(=O)Nc4cc(C(C)(C)C)nn4-c4ccc(C)cc4)c4ccccc34)n2)cc1,6.55
CCOc1ccc(Oc2cc(S(=O)(=O)N(C)C)cnc2N2CCC(Oc3ccc(Cl)cc3)CC2)cc1,7.92
CCOc1ccc2c(-c3c(-c4cccc(C)n4)nn4c3CCC4)ccnc2c1,7.23
CCOc1cccc2c(-c3ccncc3)c(-c3ccc(F)cc3)nn12,7.3
CCOc1ccccc1-c1nnc2ccc(-c3ocnc3-c3ccc(F)cc3)cn12,9.4
CCOc1nccc(-c2c(-c3ccc(F)cc3)ncn2C2CCNCC2)n1,7.1
CCOc1nnc2ccc(-c3ocnc3-c3ccc(F)cc3)cn12,7.26
CCP(=O)(CC)Cc1cccc(-n2nc(C(C)(C)C)cc2NC(=O)Nc2ccc(Oc3ccnc(Nc4cc(C)c5[nH]ncc5c4)n3)c3ccccc23)c1,6.8
CCP(=O)(CC)c1ccc(-n2nc(C(C)(C)C)cc2NC(=O)Nc2ccc(Oc3ccnc(Nc4ccccc4)n3)c3ccccc23)cc1,7.17
CCSc1cc(-c2[nH]c(SC)nc2-c2ccc(F)cc2)ccn1,7.06
CCSc1nc(-c2ccc(F)cc2)c(-c2ccnc(Cl)c2)[nH]1,6.43
CCSc1nc(-c2ccc(F)cc2)c(-c2ccnc(F)c2)[nH]1,6.67
CCSc1nc(-c2cccc(C(F)(F)F)c2)c(-c2ccnc(F)c2)[nH]1,6.18
CC[C@@H](C)Nc1nc2ccc(-c3[nH]cnc3-c3ccccc3F)cc2s1,8.8
CC[C@@H](C)Nc1nc2ccc(-c3c(-c4ccccc4F)n[nH]c3N)cc2s1,8.49
CC[C@@H](C)Nc1nc2ccc(-c3c(-c4ccccc4F)nn(C)c3N)cc2s1,7.96
CC[C@@H](C)Nc1nc2ccc(-c3c(-c4ccccc4F)nn(CC)c3N)cc2s1,7.77
CC[C@@H](C)Nc1nc2ccc(-c3ocnc3-c3ccccc3F)cc2s1,8.19
CC[C@@H](C)Nc1ncc(-c2cc(-c3ccccc3Cl)nc(-c3ccccn3)n2)s1,8.3
CC[C@@H](C)Nc1ncc(C(=O)Nc2cc(C(=O)NC)ccc2C)s1,8.43
CC[C@@H](C)Nc1nccc(-c2nn3c(c2-c2ccc(F)cc2)OCC3)n1,6.44
CC[C@@H](Nc1nccn(-c2cc(C(=O)NC3CC3)ccc2C)c1=O)c1ccccc1,8.35
CC[C@@H](Nc1nccn(-c2cc(C(=O)NC3CC3)ccc2C)c1=O)c1ccccc1OCCN1CCCC1,8.55
CC[C@H](C)NC(=O)c1cn2ncnc(Nc3cc(C(=O)NC4CC4)ccc3C)c2c1C,7.57
CC[C@H](C)NC(=O)c1cn2ncnc(Nc3cc(C(=O)NOC)ccc3C)c2c1C,8.52
CC[C@H](C)Nc1nc2ccc(-c3[nH]cnc3-c3ccccc3F)cc2s1,8.57
CC[C@H](C)Nc1nc2ccc(-c3c(-c4ccccc4F)n[nH]c3N)cc2s1,8.26
CC[C@H](C)Nc1nc2ccc(-c3ocnc3-c3ccccc3F)cc2s1,8.0
CC[C@H](C)Nc1ncc(-c2cc(-c3ccccc3Cl)nc(-c3ccccn3)n2)s1,8.1
CC[C@H](C)Nc1ncc(C(=O)Nc2cc(C(=O)NC)ccc2C)s1,8.64
CC[C@H](C)Nc1nncc2cc(-c3c(C)ccc4c(NC)noc34)ccc12,9.7
CC[C@H](C)[C@H](N)C(=O)N[C@@H](CCCCN)C(=O)N[C@H](C(=O)N[C@@H](CCCCN)C(=O)N[C@@H](CCCCN)C(=O)N[C@H](C(=O)N[C@@H](CCC(=O)O)C(=O)N[C@@H](CC(=O)O)C(=O)N[C@@H](C)C(=O)N[C@@H](CO)C(=O)N[C@@H](CC(N)=O)C(=O)N1CCC[C@H]1C(=O)N[C@@H](CC(C)C)C(=O)N[C@@H](CC(C)C)C(=O)N[C@@H](CC(C)C)C(=O)N[C@@H](CCCCN)C(=O)N[C@@H](CCCNC(=N)N)C(=O)N[C@@H](CCCNC(=N)N)C(=O)NCC(=O)O)[C@@H](C)CC)[C@@H](C)CC,6.52
CC[C@H](C)[C@H](N)C(=O)N[C@@H](CCCCN)C(=O)N[C@H](C(=O)N[C@@H](CCCCN)C(=O)N[C@@H](CCCCN)C(=O)N[C@H](C(=O)N[C@@H](CCC(=O)O)C(=O)N[C@@H](CC(=O)O)C(=O)N[C@@H](C)C(=O)N[C@@H](CO)C(=O)N[C@@H](CC(N)=O)C(=O)N1CCC[C@H]1C(=O)N[C@@H](CC(C)C)C(=O)N[C@@H](CC(C)C)C(=O)N[C@@H](CC(C)C)C(=O)N[C@H](C(=O)N[C@@H](CS)C(=O)N[C@@H](CCCNC(=N)N)C(=O)N[C@@H](CCCNC(=N)N)C(=O)N[C@@H](CCCNC(=N)N)C(=O)N[C@@H](CCCCN)C(=O)N[C@@H](C)C(=O)N[C@@H](CCCNC(=N)N)C(=O)N[C@@H](C)C(=O)N[C@@H](CC(C)C)C(=O)O)[C@@H](C)CC)[C@@H](C)CC)[C@@H](C)CC,8.89
CCc1c(OCc2ccc(F)cc2F)ncn(-c2cc(C(=O)NCCO)ccc2C)c1=O,7.96
CCc1cc(NC(=O)Nc2ccc(Oc3ccnc(Nc4cc(OC)cc(C(=O)NCCN5CCOCC5)c4)n3)c3ccccc23)n(-c2ccc(C)cc2)n1,8.7
CCc1ccc(NC(=O)Nc2cc(C(C)(C)C)sc2C(=O)NC)cc1,6.92
CCc1ccc(NC(=O)Nc2cc(C(C)(C)C)sc2C(=O)OC)cc1,6.18
CCc1ccc(NC(=O)c2ccc3c(c2)OC(F)(F)O3)cc1C(=O)Nc1cnc(Nc2ccc(N3CCN(C)CC3)cc2)nc1,6.63
CCc1ccc(Oc2nccc(-c3c(-c4ccc(F)cc4)ncn3C3CCNCC3)n2)cc1,8.13
CCc1cccc(-c2[nH]c(-c3cccs3)nc2-c2ccc3c(c2)n(C)c(=O)n3C)c1,6.3
CCc1cccc(-c2nn3c(c2-c2ccnc4ccccc24)CCC3)n1,6.21
CCc1cccc(C(=O)N(CC)c2ccnc(N[C@@H](C)c3ccccc3)n2)c1,7.19
CCc1cccc(Cl)c1N1C(=O)NCc2nc(Sc3ccc(F)cc3)ccc21,7.42
CCc1cccc(Nc2ncc3cc(-c4c(Cl)cccc4Cl)c(=O)n(C)c3n2)c1,6.12
CCc1ccccc1Nc1ccc(=O)n(-c2ccccc2Cl)n1,6.25
CCc1ccccc1Sc1ccc2c(-c3c(Cl)cccc3Cl)c(=O)ncn2n1,6.01
CCc1nc(-c2ccc(C)cc2)c(-c2ccnc(NC(=O)c3ccccc3)c2)s1,6.68
CCc1nc(-c2ccc(F)cc2)c(-c2ccc3nc(N)n(S(=O)(=O)C(C)C)c3c2)[nH]1.CS(=O)(=O)O,8.33
CCc1nc(-c2ccc(F)cc2)c(-c2ccnc(NC(=O)C3CC3)c2)[nH]1,7.8
CCc1nc(-c2ccc(F)cc2)c(-c2ccnc(NC(=O)c3ccccc3)c2)s1,7.51
CCc1nc(-c2ccc(OC)cc2)c(-c2ccnc(NC(=O)c3ccccc3)c2)s1,6.89
CCc1nc(-c2cccc(C(F)(F)F)c2)c(-c2ccnc(NC(=O)c3ccccc3)c2)s1,7.04
CCc1nc(-c2cccc(C)c2)c(-c2ccnc(C)c2)s1,7.28
CCc1nc(-c2cccc(C)c2)c(-c2ccnc(Cl)c2)s1,6.62
CCc1nc(-c2cccc(C)c2)c(-c2ccnc(F)c2)s1,7.03
CCc1nc(-c2cccc(C)c2)c(-c2ccnc(N)c2)s1,7.7
CCc1nc(-c2cccc(C)c2)c(-c2ccnc(N3CCCC3)c2)s1,6.8
CCc1nc(-c2cccc(C)c2)c(-c2ccnc(NC(=O)C3CCCCC3)c2)s1,8.1
CCc1nc(-c2cccc(C)c2)c(-c2ccnc(NC(=O)CCc3ccccc3)c2)s1,8.09
CCc1nc(-c2cccc(C)c2)c(-c2ccnc(NC(=O)Cc3ccccc3)c2)s1,8.25
CCc1nc(-c2cccc(C)c2)c(-c2ccnc(NC(=O)c3ccccc3)c2)s1,7.15
CCc1nc(-c2cccc(C)c2)c(-c2ccnc(NC(C)=O)c2)s1,7.58
CCc1nc(-c2cccc(C)c2)c(-c2ccnc(NC3CCCC3)c2)s1,8.52
CCc1nc(-c2cccc(C)c2)c(-c2ccnc(NCCCc3ccccc3)c2)s1,8.09
CCc1nc(-c2cccc(C)c2)c(-c2ccnc(NCCc3ccccc3)c2)s1,8.29
CCc1nc(-c2cccc(C)c2)c(-c2ccnc(NCc3ccccc3)c2)s1,8.17
CCc1nc(-c2cccc(C)c2)c(-c2ccncc2)s1,7.82
CCc1nc(-c2cccc(CO)c2)c(-c2ccnc(NC(=O)c3ccccc3)c2)s1,6.51
CCc1nc(-c2cccc(Cl)c2)c(-c2ccnc(NC(=O)c3ccccc3)c2)s1,7.52
CCc1nc(-c2cccc(OC)c2)c(-c2ccnc(NC(=O)c3ccccc3)c2)s1,6.92
CCc1nc(-c2ccccc2)c(-c2ccnc(NC(=O)c3ccccc3)c2)s1,7.51
CCc1nc(-c2ccccc2C)c(-c2ccnc(NC(=O)c3ccccc3)c2)s1,6.96
CCc1nnc2ccc(-c3ocnc3-c3ccc(F)cc3)cn12,7.67
CCc1nnc2ccc(-c3ocnc3-c3ccccc3)cn12,7.26
CCn1c(-c2ccncc2)c(-c2ccc(F)cc2)c2ncccc21,7.62
CCn1c(=O)[nH]c2nccc(Oc3ccc(NC(=O)Nc4cc(C(C)(C)C)nn4-c4ccc(OC)cc4)c4ccccc34)c21,8.7
CCn1c(=O)c(-c2cc(C(=O)NC3CC3)cc(F)c2C)cc2nnc(-c3c(C)cccc3F)n21,8.47
CCn1c(=O)c(-c2cc(C(=O)NC3CC3)cc(F)c2C)cc2nnc(-c3c(F)cccc3Cl)n21,8.8
CCn1c(=O)c(-c2cc(C(=O)NC3CC3)cc(F)c2C)cc2nnc(-c3c(F)cccc3F)n21,8.41
CCn1c(=O)c(-c2cc(C(=O)NC3CC3)ccc2C)cc2cnn(-c3ccc(F)cc3F)c21,9.22
CCn1c(=O)c(-c2cc(C(=O)NC3CC3)ccc2C)cc2nnc(-c3c(C)cccc3F)n21,7.85
CCn1c(=O)c(-c2cc(C(=O)NC3CC3)ccc2C)cc2nnc(-c3c(F)cccc3Cl)n21,8.49
CCn1c(=O)c(-c2cc(C(=O)NC3CC3)ccc2C)cc2nnc(-c3c(F)cccc3F)n21,8.32
CCn1c(=O)c(Oc2ccc(F)cc2F)cc2cnc(NC3CCOCC3)nc21,9.0
CCn1c(=O)cc(Nc2cc(C(=O)NC3CC3)ccc2C)c2cnn(-c3ccc(F)cc3)c21,8.4
CCn1c(=O)cc(Nc2cc(C(=O)NC3CC3)ccc2Cl)c2cnn(-c3ccc(F)cc3)c21,8.92
CCn1c(=O)cc(Nc2cc(C(=O)NC3CC3)ccc2Cl)c2cnn(-c3ccc(F)cc3F)c21,8.96
CCn1c(=O)cc(Oc2cc(C(=O)NC3CC3)ccc2C)c2cnn(-c3ccc(F)cc3)c21,8.4
CCn1c(=O)n(CC)c2cc(-c3[nH]c(-c4cccnc4)nc3-c3cccc(C)c3)ccc21,7.16
CCn1c(=O)n(CC)c2cc(-c3[nH]cnc3-c3ccc(F)cc3)ccc21,7.0
CCn1c(=O)n(CC)c2cc(-c3[nH]cnc3-c3cccc(C)c3)ccc21,7.3
CCn1c(=O)n(CC)c2cc(-c3[nH]cnc3-c3ccccc3)ccc21,6.85
CCn1c(=O)n(CC)c2cc(-c3[nH]ncc3-c3cccc(C)c3)ccc21,6.14
CCn1c(=O)n(CC)c2cc(-c3[nH]ncc3-c3ccccc3)ccc21,6.17
CCn1c(=O)n(CC)c2cc(-c3c(-c4ccc(F)cc4)ncn3C3CCNCC3)ccc21,7.05
CCn1c(=O)n(CC)c2cc(-c3c[nH]nc3-c3ccc(F)c(C)c3)ccc21,7.52
CCn1c(=O)n(CC)c2cc(-c3c[nH]nc3-c3cccc(C(F)(F)F)c3)ccc21,7.22
CCn1c(=O)n(CC)c2cc(-c3c[nH]nc3-c3cccc(C)c3)ccc21,8.05
CCn1c(=O)n(CC)c2cc(-c3c[nH]nc3-c3ccccc3)ccc21,6.7
CCn1c(=O)n(CC)c2cc(-c3ccnn3-c3cccc(C)c3)ccc21,6.16
CCn1c(=O)n(CC)c2cc(-c3ocnc3-c3cccc(C)c3)ccc21,6.1
CCn1c(SC)nc(-c2ccc(F)cc2)c1-c1ccnc(NC(=O)/C=C/c2c(Cl)cccc2Cl)c1,7.0
CCn1c(SC)nc(-c2ccc(F)cc2)c1-c1ccnc(NC(=O)/C=C/c2ccc(OC)cc2)c1,7.12
CCn1c(SC)nc(-c2ccc(F)cc2)c1-c1ccnc(NC(=O)/C=C/c2ccc(OC)cc2OC)c1,7.42
CCn1c(SC)nc(-c2ccc(F)cc2)c1-c1ccnc(NC(=O)Cc2ccc(F)cc2)c1,7.03
CCn1ccc(NC(=O)c2ccc(C)c(Nc3ncnc4c3cnn4-c3ccccc3)c2)n1,8.1
CCn1nccc1NC(=O)c1ccc(C)c(NC(=O)c2cnn(-c3ccc(F)cc3)c2N)c1,8.7
CCn1nccc1NC(=O)c1ccc(C)c(NC(=O)c2cnn(-c3ccccc3)c2N)c1,8.3
CCn1nccc1NC(=O)c1ccc(C)c(NC(=O)c2cnn(-c3ccccc3F)c2N)c1,8.52
CN(C)C(=O)C(=O)c1c[nH]c2cc(Cl)c(C(=O)N3CCC(Cc4ccc(F)cc4)CC3)cc12,7.75
CN(C)C(=O)C(=O)c1c[nH]c2cc(Cl)c(C(=O)N3CCn4c(cnc4-c4ccc(F)cc4F)C3)cc12,7.96
CN(C)C(=O)C(=O)c1c[nH]c2ccc(C(=O)N3CCc4c(cnn4-c4ccccc4Cl)C3)cc12,7.43
CN(C)C(=O)C(=O)c1cn(C)c2cc(Cl)c(C(=O)N3CCc4c(cnn4-c4ccccc4Cl)C3)cc12,7.48
CN(C)C(=O)C(=O)c1cn(C)c2cc(Cl)c(C(=O)N3CCc4c(ncnc4-c4ccc(F)cc4F)C3)cc12,6.71
CN(C)C(=O)C(=O)c1cn(C)c2cc(Cl)c(C(=O)N3CCn4c(cnc4-c4ccc(F)cc4F)C3)cc12,7.85
CN(C)C(=O)C(=O)c1nn(C)c2cc(Cl)c(C(=O)N3CCC(Cc4ccc(F)cc4)CC3)cc12,7.0
CN(C)C(=O)N1CCC(c2[nH]nc(-c3ccc(Cl)cc3)c2-c2ccncn2)CC1,7.06
CN(C)C(=O)[C@H](CCC1CCCCC1)NC(=O)c1ccc(CNC(=O)c2cnn(-c3ccccc3)c2N)cc1,7.06
CN(C)C(=O)c1ccc2c(c1)C(=O)c1ccc(Nc3ccc(F)cc3F)cc1CC2,7.02
CN(C)C(=O)c1cccc(Oc2nccc(-c3c(-c4ccc(F)cc4)ncn3C3CCNCC3)n2)c1,6.51
CN(C)CC#Cc1cccc(C(=O)c2cnn(-c3ccc(F)cc3)c2N)c1,6.23
CN(C)CC(=O)N1CCC(c2[nH]nc(-c3ccc(Cl)cc3)c2-c2ccncc2)CC1,7.1
CN(C)CCCC(=O)Nc1cc(C(=O)O)cc(-c2n[nH]c3cc(Nc4ccccc4Cl)ccc23)c1,6.04
CN(C)CCCCNC(=O)c1cccc(-n2nc(C(C)(C)C)cc2NC(=O)Nc2cccc3ccccc23)c1,6.1
CN(C)CCCN(C)C(=O)c1cccc(-n2nc(C(C)(C)C)cc2NC(=O)Nc2cccc3ccccc23)c1,6.9
CN(C)CCCNc1cc(-c2oc3ccccc3c(=O)c2-c2ccc(F)cc2)ccn1,6.12
CN(C)CCN1CCN(C(=O)c2cc(C(C)(C)C)sc2NC(=O)Nc2ccc(F)c(Cl)c2Cl)CCC1=O,7.14
CN(C)CCN1CCN(C(=O)c2cc(C(C)(C)C)sc2NC(=O)Nc2cccc(Cl)c2Cl)CCC1=O,7.66
CN(C)CCN1CCN(c2nc(-c3ccc(Cl)cc3Cl)c3c(n2)N(c2c(Cl)cccc2Cl)C(=O)NC3)CC1,9.0
CN(C)CCN1CCN(c2nc(-c3ccccc3Cl)c3c(n2)N(c2c(Cl)cccc2Cl)C(=O)NC3)CC1,9.3
CN(C)CCNC(=O)c1cc(Cl)c(N2C(=O)NCc3nc(Sc4ccc(F)cc4)ccc32)c(Cl)c1,7.1
CN(C)CCNC(=O)c1ccc(-c2n[nH]c3cc(Nc4ccccc4Cl)ccc23)cc1,8.06
CN(C)CCNC(=O)c1ccc2c(c1)C(=O)c1ccc(Nc3ccc(F)cc3F)cc1CC2,8.135
CN(C)CCNC(=O)c1ccc2c(c1)C(=O)c1ccc(Nc3ccccc3N)cc1CC2,8.08
CN(C)CCNC(=O)c1cccc(-c2[nH]nc3cc(Nc4ccccc4Cl)ccc23)c1,7.8
CN(C)CCNc1nc(-c2ccc(Cl)cc2Cl)c2c(n1)N(c1c(Cl)cccc1Cl)C(=O)NC2,8.25
CN(C)CCOc1cc(-n2nc(C(C)(C)C)cc2NC(=O)N[C@H]2CC[C@@H](Oc3ccc4nnc(N5CCCCC5)n4c3)c3ccccc32)ccc1Cl,9.7
CN(C)CCOc1cccc(-n2nc(C(C)(C)C)cc2NC(=O)N[C@H]2CC[C@@H](Oc3ccc4nnc(N5CCCCC5)n4c3)c3ccccc32)c1,9.22
CN(C)CCOc1nc(-c2ccccc2Cl)c2c(n1)N(c1c(Cl)cccc1Cl)C(=O)NC2,8.38
CN(C)CCn1cnc2c(N(C(N)=O)c3c(F)cccc3F)nc(-c3ccccc3F)nc21,7.09
CN(C)Cc1cc(C(=O)N[C@@H]2CCc3ccc(Oc4ccnc5c4CCC(=O)N5)cc3C2)cc(C(F)(F)F)c1,7.04
CN(C)Cc1cc(OCc2ccc(F)cc2F)c(Br)c(=O)n1-c1c(F)cccc1F,8.22
CN(C)Cc1cc(OCc2ccc(F)cc2F)c(Cl)c(=O)n1-c1c(F)cccc1F,8.1
CN(C)Cc1ccc(-c2cnn3c(-c4cccc(NC(=O)c5cccc(C(F)(F)F)c5)c4)ccnc23)cc1,6.67
CN(C)Cc1cccc(-n2nc(C(C)(C)C)cc2NC(=O)Nc2ccc(OCCN3CCOCC3)c3ccccc23)c1,7.8
CN(C)S(=O)(=O)n1c(N)nc2ccc(-c3[nH]c(-c4c(F)cccc4F)nc3-c3ccccc3)cc21.CS(=O)(=O)O.CS(=O)(=O)O,7.64
CN(C)c1cc(-c2ccncc2)c(-c2ccc3ccccc3c2)nn1,6.82
CN(C)c1cc(-c2ccncc2)c(-c2cccc3ccccc23)nn1,6.734999999999999
CN(C)c1cc(-c2ccncc2)c(-c2ccccc2)nn1,6.31
CN(C)c1nc(-c2ccccc2Cl)c2c(n1)N(c1c(Cl)cccc1Cl)C(=O)NC2,8.52
CN(C)c1nnc2ccc(-c3ocnc3-c3ccc(F)cc3)cn12,7.82
CN(CCC#N)C(=O)c1cccc(-n2nc(C(C)(C)C)cc2NC(=O)Nc2cccc3ccccc23)c1,6.5
CN(CCCO)c1nccc(Oc2ccc(NC(=O)Nc3cc(C(C)(C)C)nn3-c3ccc(P(C)(C)=O)cc3)c3ccccc23)n1,7.57
CN(CCN)C(=O)c1cccc(-n2nc(C(C)(C)C)cc2NC(=O)Nc2cccc3ccccc23)c1,6.1
CN(CCc1ccccc1)C(=O)c1ccc2c(c1)C(=O)c1ccc(Nc3ccc(F)cc3F)cc1CC2,6.41
CN(c1ccc(F)c(NC(=O)c2cccc(OC(C)(C)C#N)c2Cl)c1)c1ccc2nc(NC(=O)C3CC3)sc2n1,7.35
CN(c1ccc(F)cc1)c1cc2cnnc(-c3ccc(F)cc3F)c2n(C)c1=O,6.52
CN(c1ccccc1)c1nccc(Oc2ccc(NC(=O)Nc3cc(C(C)(C)C)nn3-c3ccc(P(C)(C)=O)cc3)c3ccccc23)n1,7.25
CN1C(=O)[C@@H](N2CCc3c(nn(Cc4ccccc4)c3Br)C2=O)COc2ccccc21,6.0
CN1C(=O)[C@@H](N2CCc3cn(CC4CCS(=O)(=O)CC4)nc3C2=O)COc2ccccc21,6.0
CN1C(=O)[C@@H](N2CCc3cn(Cc4ccccc4)nc3C2=O)COc2ccccc21,6.0
CN1C(C)(C)CC(Nc2cc(-c3ccccc3Cl)c3cc[n+]([O-])c(-c4c(Cl)cccc4Cl)c3n2)CC1(C)C,9.3
CN1C2CCC1CC(Nc1nc(-c3ccccc3Cl)c3c(n1)N(c1c(Cl)cccc1Cl)C(=O)NC3)C2,9.3
CN1C2CCC1CC(c1cc(-c3ccc(F)cc3Cl)c3ccc(=O)n(-c4c(Cl)cccc4Cl)c3c1)C2,9.09
CN1CCC(c2[nH]nc(-c3ccc(C(F)(F)F)cc3)c2-c2ccncc2)CC1,7.39
CN1CCC(c2[nH]nc(-c3ccc(Cl)cc3)c2-c2ccncc2)CC1,7.5
CN1CCC(c2[nH]nc(-c3ccc(Cl)cc3)c2-c2ccncn2)CC1,7.32
CN1CCC(c2[nH]nc(-c3ccc(F)cc3)c2-c2ccncc2)CC1,7.26
CN1CCC(c2[nH]nc(-c3cccc(C(F)(F)F)c3)c2-c2ccncc2)CC1,7.58
CN1CCC(c2[nH]nc(-c3cccc(Cl)c3)c2-c2ccncc2)CC1,7.41
CN1CCC(c2cc(-c3ccc(F)cc3)c(-c3ccncc3)[nH]2)CC1,7.7
CN1CCC(c2cc(-c3ccc(F)cc3Cl)c3c(c2)N(c2c(Cl)cccc2Cl)C(=O)NC3)CC1,9.3
CN1CCC(c2cc(-c3ccc(F)cc3Cl)c3cc[n+]([O-])c(-c4c(Cl)cccc4Cl)c3n2)CC1,9.14
CN1CCC(n2cnc(-c3ccc(F)cc3)c2-c2ccnc(N)n2)CC1,7.07
CN1CCC(n2cnc(-c3ccc(F)cc3)c2-c2ccnc(NCCO)n2)CC1,7.28
CN1CCC(n2cnc(-c3ccc(F)cc3)c2-c2ccnc(NCc3ccccc3)n2)CC1,7.35
CN1CCC(n2cnc(-c3ccc(F)cc3)c2-c2ccnc(Nc3ccccc3)n2)CC1,8.52
CN1CCC(n2cnc(-c3ccc(F)cc3)c2-c2ccnc(Nc3ccncc3)n2)CC1,6.21
CN1CCCC(c2[nH]nc(-c3ccc(F)cc3)c2-c2ccncc2)C1,7.05
CN1CCN(C(=O)c2cc(C(C)(C)C)sc2NC(=O)Nc2cccc(Cl)c2Cl)CCC1=O,7.41
CN1CCN(C(=O)c2ccc(Nc3ncc4cc(-c5c(Cl)cccc5Cl)c(=O)n(C)c4n3)cc2)CC1,8.0
CN1CCN(CCCNC(=O)c2ccc3c(c2)C(=O)c2ccc(Nc4ccc(F)cc4F)cc2CC3)CC1,7.859999999999999
CN1CCN(CCNC(=O)c2ccc3c(c2)C(=O)c2ccc(Nc4ccc(F)cc4F)cc2CC3)CC1,7.785
CN1CCN(CCc2cccc(C(=O)c3cnn(-c4ccc(F)cc4)c3N)c2)CC1,6.115
CN1CCN(Cc2ccc(-n3nc(C(C)(C)C)cc3NC(=O)N[C@H]3CC[C@@H](Oc4ccc5nnc(N6CCCCC6)n5c4)c4ccccc43)cc2)CC1,9.22
CN1CCN(Cc2ccc(NC(=O)Nc3cc(C#Cc4cnc5cccnn45)n(C)n3)cc2C(F)(F)F)CC1,7.62
CN1CCN(Cc2ccc(NC(=O)Nc3cc(C#Cc4cnc5cnccn45)n(C)n3)cc2C(F)(F)F)CC1,7.46
CN1CCN(Cc2ccc(NC(=O)Nc3cc(C#Cc4cncc5nccn45)n(C)n3)cc2C(F)(F)F)CC1,7.46
CN1CCN(c2cc(-c3ccncc3)c(-c3ccc4[nH]ccc4c3)nn2)CC1,6.24
CN1CCN(c2cc(-c3ccncc3)c(-c3ccc4cc(F)ccc4c3)nn2)CC1,6.04
CN1CCN(c2cc(-c3ccncc3)c(-c3ccc4ccc(F)cc4c3)nn2)CC1,6.15
CN1CCN(c2cc(-c3ccncc3)c(-c3ccc4cccc(F)c4c3)nn2)CC1,6.2
CN1CCN(c2cc(-c3ccncc3)c(-c3ccc4ccccc4c3)nn2)CC1,6.64
CN1CCN(c2cc(-c3ccncc3)c(-c3ccccc3)nn2)CC1,6.22
CN1CCN(c2ccc(Nc3ncc(NC(=O)c4cc(NC(=O)c5ccc6c(c5)OC(F)(F)O6)ccc4Cl)cn3)cc2)CC1,8.22
CN1CCN(c2ccc(Nc3ncc4nc(Nc5ccccc5)n(C5CCCC5)c4n3)cc2)CC1,6.64
CN1CCN(c2cccc(CNC(=O)c3cc(C(=O)c4ccccc4F)c[nH]3)c2)CC1,6.800000000000001
CN1C[C@@H]2C[C@H]1CN2c1cc(F)c(-c2ccnc3c(-c4cccc5[nH]ncc45)c(-c4ccncc4)nn23)c(F)c1,6.84
CN1C[C@@H]2C[C@H]1CN2c1ccc(-c2ccnc3c(-c4cccc(O)c4)c(-c4ccncc4)nn23)cc1,7.16
CN1Cc2nccc(-c3cn(C)nc3-c3ccc(F)cc3)c2C1=O.Cl,6.07
CN1c2ccc(N)cc2C(c2ccccc2)c2cc(N)ccc21,6.2
CNC(=O)C1Cc2nc(-c3ccc(Cl)c(Cl)c3)n(-c3ccnc(N[C@H]4CCCN(C(=O)C5CC5)C4)n3)c2C1,6.27
CNC(=O)C1Cc2nc(-c3ccc4ccccc4c3)n(-c3ccnc(N[C@@H]4CCCN(C(=O)C5CC5)C4)n3)c2C1,7.43
CNC(=O)C1Cc2nc(-c3ccc4ccccc4c3)n(-c3ccnc(N[C@H]4CCCN(C(=O)C5CC5)C4)n3)c2C1,6.12
CNC(=O)CC[C@H](NC(=O)c1ccc2c(c1)C(=O)c1ccc(Nc3ccc(F)cc3F)cc1CC2)C(=O)NC,7.52
CNC(=O)CNC(=O)CNC(=O)c1cccc(-n2nc(C(C)(C)C)cc2NC(=O)Nc2cccc3ccccc23)c1,6.02
CNC(=O)Cc1cc(C(C)(C)C)cc(NC(=O)Nc2ccc(Oc3ccnc(Nc4cccc(OC)c4)c3)c3ccccc23)c1OC,6.91
CNC(=O)Cn1nc(C(C)(C)C)cc1NC(=O)Nc1cccc(Cl)c1Cl,6.6
CNC(=O)NCc1ccccc1-c1cc(-c2cnc(NC(C)C)s2)nc(NCCN(C)C)n1,8.7
CNC(=O)Nc1cc(CCOc2ccc(NC(=O)Nc3cc(C(C)(C)C)nn3-c3ccc(C)cc3)c3ccccc23)ccn1,8.22
CNC(=O)[C@H](CCC1CCCCC1)NC(=O)c1ccc(CNC(=O)c2cnn(-c3ccccc3)c2N)cc1,7.66
CNC(=O)[C@H](Cc1cccc(C(F)(F)F)c1)NC(=O)c1ccc(CNC(=O)c2cnn(-c3ccccc3)c2N)cc1,7.34
CNC(=O)c1[nH]c(C(C)(C)C)cc1NC(=O)Nc1ccc(C)cc1,7.17
CNC(=O)c1[nH]c(C(C)(C)C)cc1NC(=O)Nc1cccc(Cl)c1Cl,7.36
CNC(=O)c1[nH]c(C(C)(C)C)cc1NC(=O)Nc1cccc2ccccc12,7.55
CNC(=O)c1cc(-n2ncc3cc(Nc4c(F)cccc4Cl)c(C)nc32)cs1,6.42
CNC(=O)c1cc(-n2ncc3cc(Nc4c(F)cccc4Cl)c(F)cc32)cs1,7.62
CNC(=O)c1cc(-n2ncc3cc(Nc4c(F)cccc4Cl)cnc32)cs1,6.97
CNC(=O)c1cc(-n2ncc3cc(Nc4c(F)cccc4Cl)ncc32)cs1,7.24
CNC(=O)c1cc(-n2ncc3cc(Nc4c(F)cccc4OC)c(F)cc32)cs1,7.19
CNC(=O)c1cc(-n2ncc3cc(Nc4ccccc4Cl)c(F)cc32)cs1,7.0
CNC(=O)c1cc(-n2ncc3cc(Nc4ccccc4Cl)c(OC)cc32)cs1,6.8
CNC(=O)c1cc(-n2ncc3cc(Nc4ccccc4Cl)cnc32)cs1,6.32
CNC(=O)c1cc(-n2ncc3cc(Oc4ccccc4Cl)ccc32)cs1,6.54
CNC(=O)c1cc(C(C)(C)C)cc(NC(=O)Nc2ccc(Oc3ccnc(Nc4cc(CO)cc(OC)c4)c3)c3ccccc23)c1OC,7.1
CNC(=O)c1cc(C(C)(C)C)cc(NC(=O)Nc2ccc(Oc3ccnc(Nc4cc(OC)cc(OCCOCCOCCOC)c4)c3)c3ccccc23)c1OC,7.58
CNC(=O)c1cc(C(C)(C)C)cc(NC(=O)Nc2ccc(Oc3ccnc(Nc4cc(OC)cc(OCCOCCOCCOC)c4)n3)c3ccccc23)c1OC,7.55
CNC(=O)c1cc(CCOc2ccc(NC(=O)Nc3cc(C(C)(C)C)nn3-c3ccc(C)cc3)c3ccccc23)ccn1,7.48
CNC(=O)c1cc(NC(=O)Nc2ccc(Oc3ccnc(Nc4cc(OC)cc(OCCOCCOCCOC)c4)n3)c3ccccc23)cc(C(C)(C)C)c1,7.96
CNC(=O)c1cc(Oc2ccc(NC(=O)Nc3cc(C(C)(C)C)nn3-c3ccc(C)cc3)cc2)ccn1,9.0
CNC(=O)c1cc(Oc2ccc(NC(=O)Nc3cc(C(C)(C)C)nn3-c3ccc4ncccc4c3)c(F)c2)ccn1,6.26
CNC(=O)c1cc(Oc2ccc(NC(=O)Nc3ccc(Cl)c(C(F)(F)F)c3)c(F)c2)ccn1,6.15
CNC(=O)c1cc(Oc2ccc(NC(=O)Nc3ccc(Cl)c(C(F)(F)F)c3)cc2)ccn1,6.58
CNC(=O)c1cc(Oc2ccc(NC(=O)Nc3cccc(C(F)(F)F)c3)cc2)ccn1,6.5
CNC(=O)c1ccc(-c2nnc3ccc(Sc4ccc(F)cc4F)cn23)cc1.Cl,6.53
CNC(=O)c1ccc(-n2c(C)cc(OCc3ccc(F)cc3F)c(Br)c2=O)c(C)c1,7.47
CNC(=O)c1ccc(-n2c(C)cc(OCc3ccc(F)cc3F)c(Br)c2=O)cc1,6.9
CNC(=O)c1ccc(C)c(-c2cc3cnnc(-c4ccc(F)cc4F)c3n(C)c2=O)c1,8.57
CNC(=O)c1ccc(C)c(-c2ccc3c(c2)NC(=O)C32CCCC2)c1,7.92
CNC(=O)c1ccc(C)c(-c2nnc3ccc(Sc4ccc(F)cc4F)cn23)c1.Cl,7.4
CNC(=O)c1ccc(C)c(-n2c(C)cc(OCc3ccc(F)cc3F)c(Br)c2=O)c1,8.41
CNC(=O)c1ccc(C)c(-n2c(CO)cc(OCc3ccc(F)cc3F)c(Br)c2=O)c1,8.4
CNC(=O)c1ccc(C)c(-n2cnc3ccc(N4CCN(C)CC4)cc3c2=O)c1,6.18
CNC(=O)c1ccc(C)c(-n2ncc(OCc3ccc(F)cc3F)c(Br)c2=O)c1,7.82
CNC(=O)c1ccc(C)c(N2Cc3nc(NC(C)C)sc3C2=O)c1,6.96
CNC(=O)c1ccc(C)c(N2Cc3nc(NC4CCCC4)sc3C2=O)c1,6.96
CNC(=O)c1ccc(C)c(NC(=O)c2ccc(-c3ccccc3Cl)s2)c1,7.77
CNC(=O)c1ccc(C)c(NC(=O)c2cnc(NC(C)C)s2)c1,8.46
CNC(=O)c1ccc(C)c(NC(=O)c2cnc(NCCOC)s2)c1,7.66
CNC(=O)c1ccc(C)c(NC(=O)c2cnn(-c3ccccc3)c2N)c1,7.85
CNC(=O)c1ccc(C)c(Nc2nc(C)nc3c2cnn3-c2ccccc2)c1,7.75
CNC(=O)c1ccc(C)c(Nc2nc(N(C)CCC#N)nc3c2cnn3-c2ccccc2)c1,8.3
CNC(=O)c1ccc(C)c(Nc2nc(N)nc3c2cnn3-c2ccccc2)c1,8.52
CNC(=O)c1ccc(C)c(Nc2nc(N3CCCC3)nc3c2cnn3-c2ccccc2)c1,7.92
CNC(=O)c1ccc(C)c(Nc2nc(N3CCCN(C)CC3)nc3c2cnn3-c2ccccc2)c1,8.1
CNC(=O)c1ccc(C)c(Nc2nc(NC)nc3c2cnn3-c2ccccc2)c1,7.85
CNC(=O)c1ccc(C)c(Nc2nc(NCCN3CCCC3)nc3c2cnn3-c2ccccc2)c1,8.4
CNC(=O)c1ccc(C)c(Nc2nc(OC)nc3c2cnn3-c2ccccc2)c1,7.96
CNC(=O)c1ccc(C)c(Nc2nc(OCCN3CCCC3)nc3c2cnn3-c2ccccc2)c1,8.22
CNC(=O)c1ccc(C)c(Nc2ncnc3c2cnn3-c2c(C)cc(C)cc2C)c1,7.62
CNC(=O)c1ccc(C)c(Nc2ncnc3c2cnn3-c2c(Cl)cccc2Cl)c1,8.22
CNC(=O)c1ccc(C)c(Nc2ncnc3c2cnn3-c2ccc(F)cc2)c1,8.05
CNC(=O)c1ccc(C)c(Nc2ncnc3c2cnn3-c2ccccc2)c1,8.0
CNC(=O)c1ccc(C)c(Nc2ncnc3c2cnn3-c2ccccc2F)c1,8.05
CNC(=O)c1ccc(C)c(Nc2ncnc3c2cnn3-c2ccccn2)c1,7.17
CNC(=O)c1ccc(C)c(Nc2ncnc3c2cnn3C(C)(C)C)c1,7.89
CNC(=O)c1ccc(C)c(Nc2ncnc3c2cnn3C)c1,6.6
CNC(=O)c1ccc(C)c(Nc2ncnc3c2cnn3Cc2ccccc2)c1,7.89
CNC(=O)c1ccc(C)c(Nc2ncnn3cc(C(=O)OC)c(C)c23)c1,6.66
CNC(=O)c1ccc(C)c(Nc2ncnn3cc(C(=O)c4ccc(F)cc4)c(C)c23)c1,6.85
CNC(=O)c1ccc(C)c(Nc2ncnn3cc(C(=O)c4ccc5c(c4)OCO5)c(C)c23)c1,7.46
CNC(=O)c1ccc(C)c(Nc2ncnn3cc(C(=O)c4cccc(C)n4)c(C)c23)c1,7.29
CNC(=O)c1ccc(C)c(Nc2ncnn3cc(C(=O)c4cccc(F)c4)c(C)c23)c1,7.44
CNC(=O)c1ccc(C)c(Nc2ncnn3cc(C(=O)c4cccc(OC)c4)c(C)c23)c1,7.85
CNC(=O)c1ccc(C)c(Nc2ncnn3cc(C(=O)c4ccccc4)c(C)c23)c1,7.85
CNC(=O)c1ccc(C)c(Nc2ncnn3cc(C(=O)c4ccccc4C)c(C)c23)c1,7.92
CNC(=O)c1ccc(C)c(Nc2ncnn3cc(C(=O)c4ccccc4OC)c(C)c23)c1,7.23
CNC(=O)c1ccc(C)c(Nc2nncc3c2cnn3-c2ccccc2)c1,8.0
CNC(=O)c1ccc(CNC(=O)c2cnn(-c3ccccc3)c2N)cc1,6.43
CNC(=O)c1ccc(CO)c(-n2c(C)cc(OCc3ccc(F)cc3F)c(Br)c2=O)c1,6.49
CNC(=O)c1ccc(Cl)c(-n2c(C)cc(OCc3ccc(F)cc3F)c(Br)c2=O)c1,8.52
CNC(=O)c1ccc(F)c(-n2c(C)cc(OCc3ccc(F)cc3F)c(Br)c2=O)c1,8.07
CNC(=O)c1ccc(OC)c(-n2c(C)cc(OCc3ccc(F)cc3F)c(Br)c2=O)c1,7.68
CNC(=O)c1ccc2c(c1)C(=O)c1ccc(Nc3cc(C(=O)NC(C)C)ccc3C)cc1CC2,6.97
CNC(=O)c1ccc2c(c1)C(=O)c1ccc(Nc3cc(C(=O)NC(C)C)ccc3F)cc1CC2,6.43
CNC(=O)c1ccc2c(c1)C(=O)c1ccc(Nc3cc(C(=O)NC4CC4)ccc3C)cc1CC2,7.0
CNC(=O)c1ccc2c(c1)C(=O)c1ccc(Nc3cc(C(=O)NC4CC4)ccc3F)cc1CC2,7.49
CNC(=O)c1ccc2c(c1)C(=O)c1ccc(Nc3cc(NC(=O)C4CC4)c(F)cc3F)cc1CC2,8.89
CNC(=O)c1ccc2c(c1)C(=O)c1ccc(Nc3cc(NC(=O)C4CC4)ccc3C)cc1CC2,7.25
CNC(=O)c1ccc2c(c1)C(=O)c1ccc(Nc3cc(NC(=O)C4CC4)ccc3F)cc1CC2,7.41
CNC(=O)c1ccc2c(c1)C(=O)c1ccc(Nc3cc(NC(=O)c4ccc(C(F)(F)F)cc4)c(F)cc3F)cc1CC2,9.7
CNC(=O)c1ccc2c(c1)C(=O)c1ccc(Nc3cc(NC(=O)c4ccc(Cl)cc4)c(F)cc3F)cc1CC2,9.7
CNC(=O)c1ccc2c(c1)C(=O)c1ccc(Nc3cc(NC(=O)c4ccc(F)cc4)c(F)cc3F)cc1CC2,9.4
CNC(=O)c1ccc2c(c1)C(=O)c1ccc(Nc3cc(NC(=O)c4ccc(OC)cc4)c(F)cc3F)cc1CC2,9.4
CNC(=O)c1ccc2c(c1)C(=O)c1ccc(Nc3cc(NC(=O)c4cccc(Cl)c4)c(F)cc3F)cc1CC2,9.52
CNC(=O)c1ccc2c(c1)C(=O)c1ccc(Nc3cc(NC(=O)c4cccc(F)c4)c(F)cc3F)cc1CC2,10.0
CNC(=O)c1ccc2c(c1)C(=O)c1ccc(Nc3cc(NC(=O)c4cccc(OC)c4)c(F)cc3F)cc1CC2,9.7
CNC(=O)c1ccc2c(c1)C(=O)c1ccc(Nc3cc(NC(=O)c4ccccc4)c(F)cc3F)cc1CC2,9.15
CNC(=O)c1ccc2c(c1)C(=O)c1ccc(Nc3ccc(C)c(C(=O)NC4CC4)c3)cc1CC2,6.89
CNC(=O)c1ccc2c(c1)C(=O)c1ccc(Nc3ccc(C)c(NC(=O)C4CC4)c3)cc1CC2,7.02
CNC(=O)c1ccc2c(c1)C(=O)c1ccc(Nc3ccc(F)c(C(=O)NC(C)C)c3)cc1CC2,6.18
CNC(=O)c1ccc2c(c1)C(=O)c1ccc(Nc3ccc(F)c(NC(=O)C4CC4)c3)cc1CC2,7.52
CNC(=O)c1ccc2c(c1)C(=O)c1ccc(Nc3ccc(F)c(NC(=O)c4ccccc4)c3)cc1CC2,8.370000000000001
CNC(=O)c1ccc2c(c1)C(=O)c1ccc(Nc3ccc(F)cc3F)cc1CC2,7.975
CNC(=O)c1ccc2c(c1)C(=O)c1ccc(Nc3cccc(C(=O)NC4CC4)c3F)cc1CC2,7.39
CNC(=O)c1ccc2c(c1)C(=O)c1ccc(Nc3ccccc3N)cc1CC2,8.24
CNC(=O)c1cccc(-n2c(C)cc(OCc3ccc(F)cc3F)c(Br)c2=O)c1,7.77
CNC(=O)c1cccc(-n2c(C)cc(OCc3ccc(F)cc3F)c(Br)c2=O)c1C,7.31
CNC(=O)c1cccc(NC(=O)c2ccc(-c3cc(-c4nnc(C)o4)ccc3C)cc2)c1,6.609999999999999
CNC(=O)c1cccc(Nc2nccc(Oc3ccc(NC(=O)Nc4cc(C(C)(C)C)nn4-c4ccc(C)cc4)c4ccccc34)n2)c1,7.47
CNC(=O)c1cccc(Oc2nccc(-c3c(-c4ccc(F)cc4)ncn3C3CCNCC3)n2)c1,7.12
CNC(=O)c1cn2ncnc(Nc3cc(C(=O)NC4CC4)ccc3C)c2c1C,7.62
CNC(=O)c1cn2ncnc(Nc3cc(C(=O)NOC)ccc3C)c2c1C,7.64
CNC(=O)c1cn2ncnc(Nc3cc(NC(=O)c4cc(F)cc(N5CCOCC5)c4)ccc3C)c2c1C,8.4
CNC(=O)c1oc(C(C)(C)C)cc1NC(=O)Nc1ccc(C)cc1,7.5
CNC(=O)c1sc(C(C)(C)C)cc1NC(=O)Nc1ccc(C(C)C)cc1,6.57
CNC(=O)c1sc(C(C)(C)C)cc1NC(=O)Nc1ccc(C)cc1,7.47
CNC(=O)c1sc(C(C)(C)C)cc1NC(=O)Nc1ccc(F)cc1,7.06
CNCC(=O)NCCCN(c1ccc(=O)n(-c2ccccc2Cl)n1)c1ccccc1Cl,7.46
CNCCOc1ccccc1C(C)(C)Nc1nccn(-c2cc(C(=O)NC3CC3)ccc2C)c1=O,8.899999999999999
CNS(=O)(=O)Cc1ccc(-n2nc(C(C)(C)C)cc2NC(=O)Nc2ccc(Oc3ccnc4[nH]c(=O)cnc34)c3ccccc23)cc1,8.15
CN[C@@H]1C[C@H]2O[C@@](C)([C@@H]1OC)n1c3ccccc3c3c4c(c5c6ccccc6n2c5c31)C(=O)NC4,6.58
CNc1c(C(=O)Nc2cc(C(=O)Nc3ccon3)ccc2C)cnn1-c1ccccc1,8.3
CNc1cc(-c2[nH]c(SCC(O)CO)nc2-c2ccc(F)cc2)ccn1,6.99
CNc1cc(-c2cccnc2Nc2c(C)ccc3c(Nc4ccc5sc(C)nc5c4)nccc23)ncn1,6.46
CNc1cc(C(C)(C)C)cc(NC(=O)Nc2ccc(Oc3ccnc(Nc4cc(OC)cc(C(=O)NCCN5CCOCC5)c4)c3)c3ccccc23)c1OC,7.39
CNc1cc(C(C)(C)C)cc(NC(=O)Nc2ccc(Oc3ccnc(Nc4cc(OC)cc(C(=O)NCCN5CCOCC5)c4)n3)c3ccccc23)c1OC,7.47
CNc1cc(C(C)(C)C)cc(NC(=O)Nc2ccc(Oc3ccnc(Nc4cc(OC)cc(C(=O)NCCOCCOCCOC)c4)c3)c3ccccc23)c1OC,7.06
CNc1cc(C(C)(C)C)cc(NC(=O)Nc2ccc(Oc3ccnc(Nc4cc(OC)cc(C(=O)NCCOCCOCCOC)c4)n3)c3ccccc23)c1OC,7.41
CNc1cc(C(C)(C)C)cc(NC(=O)Nc2ccc(Oc3ccnc(Nc4cc(OC)cc(OCCOCCOCCOC)c4)c3)c3ccccc23)c1OC,6.91
CNc1cc(C(C)(C)C)cc(NC(=O)Nc2ccc(Oc3ccnc(Nc4cc(OC)cc(OCCOCCOCCOC)c4)n3)c(Cl)c2Cl)c1OC,6.26
CNc1cc(C(C)(C)C)cc(NC(=O)Nc2ccc(Oc3ccnc(Nc4cc(OC)cc(OCCOCCOCCOC)c4)n3)c3ccccc23)c1OC,7.04
CNc1cc(C(C)(C)C)cc(NC(=O)Nc2ccc(Oc3ccnc(Nc4cc(OC)cc(S(=O)(=O)C5CC5)c4)n3)c3ccccc23)c1OC,6.57
CNc1cc(Oc2c(C)cc(NC(=O)Nc3cccc(C(F)(F)F)c3)c3ccccc23)ncn1,6.89
CNc1cc(Oc2c(Cl)cc(NC(=O)Nc3cccc(C(F)(F)F)c3)cc2Cl)ncn1,6.1
CNc1cc(Oc2c(F)cc(NC(=O)Nc3cccc(C(F)(F)F)c3)cc2F)ncn1,6.3
CNc1cc(Oc2ccc(NC(=O)Nc3cccc(C(C)(C)C)c3)cc2)ncn1,6.0
CNc1cc(Oc2ccc(NC(=O)Nc3cccc(C(C)(F)F)c3)cc2)ncn1,6.0
CNc1cc(Oc2ccc(NC(=O)Nc3cccc(C(F)(F)F)c3)c(F)c2)ncn1,6.4
CNc1cc(Oc2ccc(NC(=O)Nc3cccc(C(F)(F)F)c3)c(F)c2F)ncn1,6.8
CNc1cc(Oc2ccc(NC(=O)Nc3cccc(C(F)(F)F)c3)c3ccccc23)ncn1,8.3
CNc1cc(Oc2ccc(NC(=O)Nc3cccc(C(F)(F)F)c3)cc2)ncn1,6.0
CNc1cc(Oc2ccc(NC(=O)Nc3cccc(C(F)(F)F)c3)cc2C)ncn1,6.2
CNc1cc(Oc2ccc(NC(=O)Nc3cccc(C(F)(F)F)c3)cc2Cl)ncn1,6.1
CNc1cc(Oc2ccc(NC(=O)Nc3cccc(C(F)(F)F)c3)cc2F)ncn1,6.0
CNc1nc(-c2ccccc2Cl)c2c(n1)N(c1c(Cl)cccc1Cl)C(=O)NC2,8.7
CNc1nc(Nc2ccc(C)c(N)c2)ncc1C(=O)Nc1cc(NC(=O)c2cccc(C(F)(F)F)c2)ccc1C,7.21
CNc1ncc(C(=O)Nc2cc(C(=O)Nc3cccc(C(F)(F)F)c3F)ccc2C)c(NC)n1,8.62
CNc1ncc(C(=O)Nc2cc(C(=O)Nc3cccc(C(F)(F)F)c3F)ccc2C)c(OC)n1,6.59
CNc1ncc2cc(-c3c(C)ccc4c(Nc5cc(C(C)(C)C)nn5C)nccc34)ccc2n1,6.96
CNc1ncc2cc(-c3c(C)ccc4c(Nc5ccc6c(c5)NC(=O)C6(C)C)nccc34)ccc2n1,7.29
CNc1ncc2cc(-c3cc(C(=O)Nc4cc(C(F)(F)F)ccc4N4CC(C)(C)C4=O)ccc3C)ccc2n1,6.76
CNc1ncc2cc(-c3cc(C(=O)Nc4cc(C(F)(F)F)ccc4N4CCCCC4)ccc3C)ccc2n1,6.78
CNc1ncc2cc(-c3cc(C(=O)Nc4cc(C(F)(F)F)ccc4N4CCN(C)C4=O)ccc3C)ccc2n1,8.4
CNc1ncc2cc(-c3cc(C(=O)Nc4cc(C(F)(F)F)ccc4NC(=O)NCCN4CCOCC4)ccc3C)ccc2n1,7.51
CNc1ncc2cc(-c3cc(C(=O)Nc4cc(C(F)(F)F)ccc4OC4CCN(C)CC4)ccc3C)ccc2n1,8.05
CNc1ncc2cc(-c3cc(C(=O)Nc4ccc(Cl)c(C(F)(F)F)c4)ccc3C)ccc2n1,7.85
CNc1ncc2cc(-c3cc(C(=O)Nc4ccc(Cl)c(C(F)(F)F)c4C)ccc3C)ccc2n1,6.86
CNc1ncc2cc(-c3cc(C(=O)Nc4ccc(OC5CCN(C)CC5)cc4)ccc3C)ccc2n1,7.03
CNc1ncc2cc(-c3cc(C(=O)Nc4cccc(C(F)(F)F)c4)ccc3C)ccc2n1,8.58
CNc1ncc2cc(-c3cc(C(=O)Nc4cccc(C(F)(F)F)c4C)ccc3C)ccc2n1,7.3
CNc1ncc2cc(-c3cc(C(=O)Nc4cccc5c4CCC5)ccc3C)ccc2n1,7.68
CNc1ncc2cc(-c3cc(NC(=O)Nc4cccc(C(F)(F)F)c4)ccc3C)ccc2n1,8.3
CNc1ncc2cc(-c3cc(NC(=O)c4cccc(C(F)(F)F)c4)ccc3C)ccc2n1,9.05
CNc1ncc2cc(-c3cc(Nc4nc5cc(C(F)(F)F)ccc5[nH]4)ccc3C)ccc2n1,6.56
CNc1ncc2cc(Oc3ccc(F)cc3F)c(=O)n(C)c2n1,6.58
CNc1nccc(-c2c(-c3ccc(F)cc3)ncn2C2CCN(C)CC2)n1,7.0
CNc1nccc(-c2c(-c3ccc(F)cc3)ncn2C2CCNCC2)n1,7.57
CNc1nccc(-c2c(-c3ccc(F)cc3)ncn2[C@H]2CC[C@H](O)CC2)n1,7.75
CNc1nccc(Nc2ccc(C(=O)C(=O)Nc3cc(C(C)(C)C)cc(NS(C)(=O)=O)c3OC)c3ccccc23)n1,7.68
CNc1nccc(Oc2ccc(NC(=O)Nc3cccc(C(F)(F)F)c3)cc2)n1,7.3
CNc1nccn(-c2cc(C(=O)NC3CC3)ccc2C)c1=O,6.1
CNc1ncnc(-c2cccnc2Oc2cc(NC(=O)c3cccc(OC(F)(F)C(F)F)c3)ccc2C)n1,7.02
CNc1noc2c(-c3cc4cnn(-c5c(F)cccc5F)c4n(C)c3=O)c(C)ccc12,8.7
CNc1noc2c(-c3ccc4c(C(C)C)nncc4c3)c(C)ccc12,8.96
CNc1noc2c(-c3ccc4c(N5CCOC[C@@H]5C)nncc4c3)c(C)ccc12,9.4
CNc1noc2c(-c3ccc4c(N5CCOC[C@@H]5C)nncc4c3)c(Cl)ccc12,9.7
CNc1noc2c(-c3ccc4c(N5CCOC[C@H]5C)nncc4c3)c(C)ccc12,9.52
CNc1noc2c(-c3ccc4c(NC(C)C)nncc4c3)c(C)ccc12,9.3
CNc1noc2c(-c3ccc4c(OC(C)C)nncc4c3)c(C)ccc12,9.4
COC(=O)C(C)(C)N1CCC(c2cc(-c3ccc(F)cc3Cl)c3ccc(=O)n(-c4c(Cl)cccc4Cl)c3c2)CC1,8.17
COC(=O)C(C)N1CCC(c2cc(-c3ccc(F)cc3Cl)c3ccc(=O)n(-c4c(Cl)cccc4Cl)c3c2)CC1,8.09
COC(=O)CCCNC(=O)c1ccc2c(c1)C(=O)c1ccc(Nc3ccc(F)cc3F)cc1CC2,8.47
COC(=O)CCCSc1nc(-c2ccc(F)cc2)c(-c2ccncc2)[nH]1,6.31
COC(=O)CCNC(=O)c1ccc2c(c1)C(=O)c1ccc(Nc3ccc(F)cc3F)cc1CC2,8.92
COC(=O)CCNC(=O)c1ccc2c(c1)C(=O)c1ccc(Nc3ccccc3N)cc1CC2,7.54
COC(=O)CC[C@H](NC(=O)c1ccc2c(c1)C(=O)c1ccc(Nc3ccc(F)cc3F)cc1CC2)C(=O)OC,8.3
COC(=O)CC[C@H](NC(=O)c1ccc2c(c1)C(=O)c1ccc(Nc3ccccc3N)cc1CC2)C(=O)OC,7.77
COC(=O)CCn1c(SC)nc(-c2ccc(F)cc2)c1-c1ccnc(NC(C)=O)c1,6.48
COC(=O)CNC(=O)c1ccc2c(c1)C(=O)c1ccc(Nc3ccc(F)cc3F)cc1CC2,7.92
COC(=O)CSc1nc(-c2ccc(F)cc2)c(-c2ccnc(NC(C)=O)c2)n1C,6.53
COC(=O)CSc1nc(-c2ccc(F)cc2)c(-c2ccnc(NC(C)C(C)C)c2)[nH]1,7.72
COC(=O)CSc1nc(-c2ccc(F)cc2)c(-c2ccnc(NC(C)C)c2)[nH]1,8.4
COC(=O)CSc1nc(-c2ccc(F)cc2)c(-c2ccnc(NC(C)c3ccccc3)c2)[nH]1,7.44
COC(=O)CSc1nc(-c2ccc(F)cc2)c(-c2ccncc2)[nH]1,6.8
COC(=O)NC(=O)c1ccc(C)c(Nc2ncnn3cc(C(=O)c4ccccc4)c(C)c23)c1,8.52
COC(=O)NCC(=O)NCc1cccc(-n2nc(C(C)(C)C)cc2NC(=O)Nc2ccccc2)c1,6.645
COC(=O)NC[C@H](C)Nc1nccc(-c2cn(C(C)C)nc2-c2cc(Cl)cc(NS(C)(=O)=O)c2F)n1,6.16
COC(=O)Nc1cc(CCOc2ccc(NC(=O)Nc3cc(C(C)(C)C)nn3-c3ccc(C)cc3)c3ccccc23)ccn1,7.89
COC(=O)Nc1cc(CCc2ccc(NC(=O)Nc3cc(C(C)(C)C)nn3-c3ccc(C)cc3)c(F)c2)ccn1,6.77
COC(=O)Nc1cc(CCc2ccc(NC(=O)Nc3cc(C(C)(C)C)nn3CC3CC3)c(F)c2)ccn1,6.04
COC(=O)Nc1cc(CCc2cnc(NC(=O)Nc3cc(C(C)(C)C)nn3-c3ccc(C)cc3)s2)ccn1,6.28
COC(=O)Nc1cc(Oc2ccc(NC(=O)Nc3cc(C4(C)COC4)nn3-c3ccc(C)cc3)cc2)ccn1,7.96
COC(=O)Nc1cc(Oc2ccc(NC(=O)Nc3cc(C4(C)CSC4)nn3-c3ccc(C)cc3)cc2)ccn1,7.43
COC(=O)[C@@H](N)CCCCNC(=O)c1ccc2c(c1)C(=O)c1ccc(Nc3ccc(F)cc3F)cc1CC2,8.68
COC(=O)[C@@H](N)CCCCNC(=O)c1ccc2c(c1)C(=O)c1ccc(Nc3ccccc3N)cc1CC2,7.92
COC(=O)[C@@H](N)CCNC(=O)c1ccc2c(c1)C(=O)c1ccc(Nc3ccc(F)cc3F)cc1CC2,8.64
COC(=O)[C@@H](N)CNC(=O)c1ccc2c(c1)C(=O)c1ccc(Nc3ccc(F)cc3F)cc1CC2,8.27
COC(=O)[C@H](C)NC(=O)c1ccc2c(c1)C(=O)c1ccc(Nc3ccc(F)cc3F)cc1CC2,8.52
COC(=O)[C@H](CC(C)C)NC(=O)c1ccc2c(c1)C(=O)c1ccc(Nc3ccc(F)cc3F)cc1CC2,7.245
COC(=O)[C@H](CCSC)NC(=O)c1ccc2c(c1)C(=O)c1ccc(Nc3ccc(F)cc3F)cc1CC2,8.16
COC(=O)[C@H](CCSC)NC(=O)c1ccc2c(c1)C(=O)c1ccc(Nc3ccccc3N)cc1CC2,7.89
COC(=O)[C@H](Cc1ccccc1)NC(=O)c1ccc2c(c1)C(=O)c1ccc(Nc3ccc(F)cc3F)cc1CC2,7.82
COC(=O)c1[nH]c(C(C)(C)C)cc1NC(=O)Nc1ccc(C)cc1,7.48
COC(=O)c1[nH]c(C(C)(C)C)cc1NC(=O)Nc1ccc(Cl)cc1,7.37
COC(=O)c1[nH]c(C(C)(C)C)cc1NC(=O)Nc1ccc(F)cc1,7.38
COC(=O)c1[nH]c(C(C)(C)C)cc1NC(=O)Nc1cccc(Cl)c1,7.57
COC(=O)c1[nH]c(C(C)(C)C)cc1NC(=O)Nc1cccc(Cl)c1Cl,8.22
COC(=O)c1[nH]c(C(C)(C)C)cc1NC(=O)Nc1cccc2ccccc12,7.92
COC(=O)c1[nH]c(C(C)(C)C)cc1NC(=O)Nc1ccccc1,7.36
COC(=O)c1[nH]c(C(C)(C)C)cc1NC(=O)Nc1ccccc1Cl,7.22
COC(=O)c1c(NC(=O)Nc2ccc(C)cc2)cc(C(C)(C)C)n1C,6.4
COC(=O)c1c(NC(=O)Nc2ccc(F)cc2)cc(C(C)(C)C)n1C,6.18
COC(=O)c1c(NC(=O)Nc2cccc(Cl)c2Cl)cc(C(C)(C)C)n1C,6.41
COC(=O)c1c(NC(=O)Nc2cccc3ccccc23)cc(C(C)(C)C)n1C,6.6
COC(=O)c1c(NC(=O)Nc2ccccc2)cc(C(C)(C)C)n1C,6.02
COC(=O)c1cc(-c2c(F)cccc2F)c2c(c1)N(c1c(Cl)cccc1Cl)C(=O)NC2,7.36
COC(=O)c1cc(-c2ccc(C(F)(F)F)cc2)c2c(c1)N(c1c(Cl)cccc1Cl)C(=O)NC2,6.89
COC(=O)c1cc(-c2ccc(C)cc2)c2c(c1)N(c1c(Cl)cccc1Cl)C(=O)NC2,7.36
COC(=O)c1cc(-c2ccc(Cl)cc2)c2c(c1)N(c1c(Cl)cccc1Cl)C(=O)NC2,7.33
COC(=O)c1cc(-c2ccc(F)cc2)c2c(c1)N(c1c(Cl)cccc1Cl)C(=O)NC2,7.66
COC(=O)c1cc(-c2ccc(F)cc2C)c2c(c1)N(c1c(Cl)cccc1Cl)C(=O)NC2,7.96
COC(=O)c1cc(-c2ccc(F)cc2F)c2c(c1)N(c1c(Cl)cccc1Cl)C(=O)NC2,8.15
COC(=O)c1cc(-c2cccc(C(F)(F)F)c2)c2c(c1)N(c1c(Cl)cccc1Cl)C(=O)NC2,6.77
COC(=O)c1cc(-c2cccc(C)c2)c2c(c1)N(c1c(Cl)cccc1Cl)C(=O)NC2,6.5
COC(=O)c1cc(-c2cccc(Cl)c2)c2c(c1)N(c1c(Cl)cccc1Cl)C(=O)NC2,7.17
COC(=O)c1cc(-c2cccc(F)c2)c2c(c1)N(c1c(Cl)cccc1Cl)C(=O)NC2,7.1
COC(=O)c1cc(-c2ccccc2)c2c(c1)N(c1c(Cl)cccc1Cl)C(=O)NC2,7.52
COC(=O)c1cc(-c2ccccc2C)c2c(c1)N(c1c(Cl)cccc1Cl)C(=O)NC2,7.96
COC(=O)c1cc(-c2ccccc2Cl)c2c(c1)N(c1c(Cl)cccc1Cl)C(=O)NC2,9.0
COC(=O)c1cc(-c2ccccc2F)c2c(c1)N(c1c(Cl)cccc1Cl)C(=O)NC2,8.15
COC(=O)c1cc(C)c(N2C(=O)NCc3nc(Sc4ccc(F)cc4)ccc32)c(Cl)c1,7.44
COC(=O)c1cc(Cl)c(N2C(=O)NCc3nc(Sc4ccc(F)cc4)ccc32)c(Cl)c1,8.05
COC(=O)c1ccc(-c2nc(-c3cccc(C)c3)c(-c3ccncc3)[nH]2)cc1,8.43
COC(=O)c1ccc(-c2nnc3ccc(Sc4ccc(F)cc4F)cn23)cc1.Cl,6.49
COC(=O)c1ccc(C)c(-c2nnc3ccc(Sc4ccc(F)cc4F)cn23)c1.Cl,8.11
COC(=O)c1ccc(C)c(-n2ncc(OCc3ccc(F)cc3F)c(Br)c2=O)c1,7.0
COC(=O)c1ccc(C)c(Nc2nc(N[C@H]3CCNC3)nc(N(C)CC(C)(C)C)n2)c1,6.46
COC(=O)c1ccc2c(c1)C(=O)c1ccc(Nc3cc(NC(=O)c4cccs4)c(F)cc3F)cc1CC2,7.8500000000000005
COC(=O)c1ccc2c(c1)C(=O)c1ccc(Nc3cc(NC(=O)c4cccs4)c(F)cc3F)cc1OC2,8.775
COC(=O)c1ccc2c(c1)C(=O)c1ccc(Nc3cc(NC(=O)c4ccsc4)c(F)cc3C)cc1OC2,9.4
COC(=O)c1ccc2c(c1)C(=O)c1ccc(Nc3ccc(F)c(NC(=O)C4CC4)c3)cc1OC2,7.75
COC(=O)c1ccc2c(c1)C(=O)c1ccc(Nc3ccc(F)c(NC(=O)c4ccccc4)c3)cc1CC2,9.1
COC(=O)c1ccc2c(c1)C(=O)c1ccc(Nc3ccc(F)c(NC(=O)c4ccccc4)c3)cc1OC2,8.92
COC(=O)c1ccc2c(c1)C(=O)c1ccc(Nc3ccc(F)c(NC(=O)c4cccs4)c3)cc1CC2,8.96
COC(=O)c1ccc2c(c1)C(=O)c1ccc(Nc3ccc(F)c(NC(=O)c4cccs4)c3)cc1OC2,9.22
COC(=O)c1ccc2c(c1)C(=O)c1ccc(Nc3ccc(F)cc3F)cc1CC2,7.75
COC(=O)c1cccc(-c2nnc3ccc(Sc4ccc(F)cc4F)cn23)c1.Cl,6.74
COC(=O)c1cccc(-n2cc(-c3nc(-c4ccc(F)cc4)c(-c4ccncc4)n3C)nn2)c1,6.0
COC(=O)c1cccc(Cl)c1N1C(=O)NCc2nc(Sc3ccc(F)cc3)ccc21,7.1
COC(=O)c1cn2ncnc(-c3c(O)[nH]c4cc(Br)ccc34)c2c1C,7.1
COC(=O)c1cn2ncnc(-c3c(O)[nH]c4cc(F)ccc34)c2c1C,7.22
COC(=O)c1cn2ncnc(Nc3cc(C(N)=O)ccc3C)c2c1C,7.11
COC(=O)c1oc(C(C)(C)C)cc1NC(=O)Nc1ccc(C)cc1,7.14
COC(=O)c1oc(C(C)(C)C)cc1NC(=O)Nc1ccc(F)cc1,6.68
COC(=O)c1oc(C(C)(C)C)cc1NC(=O)Nc1cccc(Cl)c1Cl,7.5
COC(=O)c1sc(C(C)(C)C)cc1NC(=O)Nc1ccc(C)cc1,6.495
COC(=O)c1sc(C(C)(C)C)cc1NC(=O)Nc1ccc(Cl)cc1,6.66
COC(=O)c1sc(C(C)(C)C)cc1NC(=O)Nc1ccc(F)cc1,6.08
COC(=O)c1sc(C(C)(C)C)cc1NC(=O)Nc1ccc(N)cc1,6.12
COC(=O)c1sc(C(C)(C)C)cc1NC(=O)Nc1ccc(O)cc1,6.21
COC(=O)c1sc(C(C)(C)C)cc1NC(=O)Nc1cccc(Cl)c1Cl,6.75
COC(=O)c1sc(C(C)(C)C)cc1NC(=O)Nc1ccccc1,6.54
COC(=O)c1sc(N)cc1NC(=O)Nc1ccc(C)cc1,6.36
COC(C)CC(C)Nc1cc(-c2c(-c3ccc(F)cc3)nc(S/C=C\C(=O)O)n2CC(OC)OC)ccn1,7.47
COC(Cn1c(S/C=C\C(=O)O)nc(-c2ccc(F)cc2)c1-c1ccnc(NC(C)=O)c1)OC,6.47
COC(Cn1c(S/C=C\C(=O)O)nc(-c2ccc(F)cc2)c1-c1ccnc(NC2CC2)c1)OC,6.89
COC(Cn1c(SC2CCC(C(=O)O)CC2O)nc(-c2ccc(F)cc2)c1-c1ccnc(NC(C)=O)c1)OC,6.87
COC(Cn1c(SCC#N)nc(-c2ccc(F)cc2)c1-c1ccnc(F)c1)OC,6.19
COC(Cn1c(SCC#N)nc(-c2ccc(F)cc2)c1-c1ccnc(NC2CC2)c1)OC,6.82
COCC(=O)N(C)c1cc(COc2ccc(NC(=O)Nc3cc(C(C)(C)C)nn3-c3ccc(C)cc3)c3ccccc23)ccn1,7.57
COCC(=O)N1CCC(c2[nH]nc(-c3ccc(Cl)cc3)c2-c2ccncc2)CC1,7.15
COCC(=O)N1CCC(c2[nH]nc(-c3ccc(Cl)cc3)c2-c2ccncn2)CC1,7.03
COCC(=O)Nc1cc(C(C)(C)Oc2ccc(NC(=O)Nc3cc(C(C)(C)C)nn3-c3ccc(C)cc3)c3ccccc23)ccn1,7.42
COCC(=O)Nc1cc(C(C)Oc2ccc(NC(=O)Nc3cc(C(C)(C)C)nn3-c3ccc(C)cc3)c3ccccc23)ccn1,7.28
COCC(=O)Nc1cc(CCOc2ccc(NC(=O)Nc3cc(C(C)(C)C)nn3-c3ccc(C)cc3)c3ccccc23)ccn1,7.51
COCC(=O)Nc1cc(CCc2cnc(NC(=O)Nc3cc(C(C)(C)C)nn3-c3ccc(C)cc3)s2)ccn1,6.63
COCC(=O)Nc1cc(CCc2cnc(NC(=O)Nc3cc(C(C)(C)C)nn3CC3CC3)s2)ccn1,6.15
COCC(=O)Nc1cc(COc2ccc(NC(=O)Nc3cc(C(C)(C)C)nn3-c3ccc(C)cc3)c3ccccc23)ccn1,8.3
COCC(=O)Nc1cc(Oc2ccc(NC(=O)Nc3cc(C(C)(C)C)nn3-c3ccc(C)cc3)c3ccccc23)ccn1,7.92
COCC(=O)Nc1cc(Oc2ccc(NC(=O)Nc3cc(C4(C)COC4)cn3-c3ccc(C)cc3)c(F)c2)ccn1,7.72
COCC(=O)Nc1cc(Oc2ccc(NC(=O)Nc3cc(C4(C)COC4)nn3-c3ccc(C)cc3)cc2)ccn1,7.82
COCC(=O)Nc1cc(Oc2ccc(NC(=O)Nc3cc(C4(C)CSC4)cn3-c3ccc(C)cc3)c(F)c2)ccn1,7.4
COCC(=O)Nc1cc(Oc2ccc(NC(=O)Nc3cc(C4(C)CSC4)nn3-c3ccc(C)cc3)cc2)ccn1,7.96
COCC(=O)Nc1cnccc1CCOc1ccc(NC(=O)Nc2cc(C(C)(C)C)nn2-c2ccc(C)cc2)c2ccccc12,8.52
COCCC(=O)Nc1cc(CCc2cnc(NC(=O)Nc3cc(C(C)(C)C)nn3-c3ccc(C)cc3)s2)ccn1,6.86
COCCC(=O)Nc1cc(CCc2cnc(NC(=O)Nc3cc(C(C)(C)C)nn3C)s2)ccn1,6.21
COCCC(=O)Nc1cc(CCc2cnc(NC(=O)Nc3cc(C(C)(C)C)nn3CC3CC3)s2)ccn1,6.51
COCCC(=O)Nc1cc(Oc2ccc(NC(=O)Nc3cc(C(C)(C)C)ccc3Cl)c(F)c2)ccn1,7.68
COCCC(=O)Nc1cc(Oc2ccc(NC(=O)Nc3cc(C4CC4)ccc3F)c(F)c2)ccn1,8.15
COCCCN1CCC(NC(=O)c2cc(-n3nc(C(C)(C)C)cc3NC(=O)Nc3cccc4ccccc34)ccc2C)CC1,6.47
COCCCN1CCC(c2[nH]nc(-c3ccc(Cl)cc3)c2-c2ccncc2)CC1,6.97
COCCCNc1cc(-c2oc3ccccc3c(=O)c2-c2ccc(F)cc2)ccn1,7.41
COCCCn1c(SC)nc(-c2ccc(F)cc2)c1-c1ccnc(NC(C)=O)c1,6.69
COCCN(C(=O)c1ccc2c(c1)CCO2)c1ccnc(N[C@@H](C)c2ccccc2)n1,6.46
COCCN(C)C(=O)c1cccc(-n2nc(C(C)(C)C)cc2NC(=O)Nc2cccc3ccccc23)c1,6.4
COCCN(C)CCn1cc(-n2nc(C(C)(C)C)cc2NC(=O)N[C@H]2CC[C@@H](Oc3ccc4nnc(N5CCCC[C@@H]5C)n4c3)c3ccccc32)cn1,9.7
COCCN1CCC(c2[nH]nc(-c3ccc(Cl)cc3)c2-c2ccncc2)CC1,7.16
COCCN1CCN(C(=O)c2cc(C(C)(C)C)sc2NC(=O)Nc2cccc(Cl)c2Cl)CCC1=O,6.85
COCCNC(=O)c1cc(-n2ncc3cc(Nc4ccccc4Cl)c(F)cc32)cs1,7.39
COCCNC(=O)c1cc(CCOc2ccc(NC(=O)Nc3cc(C(C)(C)C)nn3-c3ccc(C)cc3)c3ccccc23)ccn1,7.6
COCCNC(=O)c1cc(COc2ccc(NC(=O)Nc3cc(C(C)(C)C)nn3-c3ccc(C)cc3)c3ccccc23)ccn1,6.91
COCCNC(=O)c1cc(Nc2nccc(Oc3ccc(NC(=O)Nc4cc(C(C)(C)C)nn4-c4ccc(C)cc4)c4ccccc34)n2)cc(OC)c1,7.62
COCCNC(=O)c1cc(Nc2nccc(Oc3ccc(NC(=O)Nc4cc(C(C)C)nn4-c4ccc(C)cc4)c4ccccc34)n2)cc(OC)c1,7.62
COCCNC(=O)c1cc(Nc2nccc(Oc3ccc(NC(=O)Nc4cc(C(C)C)nn4-c4ccc(OC)cc4)c4ccccc34)n2)cc(OC)c1,7.29
COCCNC(=O)c1ccc(-c2c(N)c(C(=O)c3ccc(F)cc3F)cc[n+]2[O-])c(C)c1,7.16
COCCNC(=O)c1ccc(-c2cc(C(=O)NC3CC3)cc(F)c2C)cc1,7.2
COCCNC(=O)c1ccc(C)c(Nc2nc(N[C@H]3CCNC3)nc(N(C)CC(C)(C)C)n2)c1,6.58
COCCNC(=O)c1ccc(C)c(Nc2ncnn3cc(C(=O)c4ccccc4)c(C)c23)c1,6.64
COCCNC(=O)c1ccc2c(c1)C(=O)c1ccc(Nc3ccc(F)cc3F)cc1CC2,7.785
COCCNC(=O)c1cn2ncnc(Nc3cc(C(=O)NC4CC4)ccc3C)c2c1C,7.51
COCCNC(=O)c1cn2ncnc(Nc3cc(C(=O)NOC)ccc3C)c2c1C,8.66
COCCNc1nc(-c2ccc(Cl)cc2Cl)c2c(n1)N(c1c(Cl)cccc1Cl)C(=O)NC2,8.7
COCCOC(=O)c1sc(C(C)(C)C)cc1NC(=O)Nc1ccc(C)cc1,6.33
COCCOCCN1CCN(C(=O)c2cc(C(C)(C)C)sc2NC(=O)Nc2cccc(Cl)c2Cl)CCC1=O,7.85
COCCOCCOCCNC(=O)c1cc(C(C)(C)C)cc(NC(=O)Nc2ccc(Oc3ccnc(Nc4cc(OC)cc(OCCOCCOCCOC)c4)n3)c3ccccc23)c1OC,6.97
COCCOCCOCCNC(=O)c1cc(Nc2cc(Oc3ccc(NC(=O)Nc4cc(C(C)(C)C)cc(C(=O)NCCN5CCOCC5)c4OC)c4ccccc34)ccn2)cc(OC)c1,6.9
COCCOCCOCCNC(=O)c1cc(Nc2cc(Oc3ccc(NC(=O)Nc4cc(C(C)(C)C)cc(CC(N)=O)c4OC)c4ccccc34)ccn2)cc(OC)c1,7.92
COCCOCCOCCNC(=O)c1cc(Nc2cc(Oc3ccc(NC(=O)Nc4cc(C(C)(C)C)cc(CNC(=O)CN(C)C)c4OC)c4ccccc34)ccn2)cc(OC)c1,7.7
COCCOCCOCCNC(=O)c1cc(Nc2cc(Oc3ccc(NC(=O)Nc4cc(C(C)(C)C)cc(CNC(C)=O)c4OC)c4ccccc34)ccn2)cc(OC)c1,7.68
COCCOCCOCCNC(=O)c1cc(Nc2cc(Oc3ccc(NC(=O)Nc4cc(C(C)(C)C)cc(NS(C)(=O)=O)c4OC)c4ccccc34)ccn2)cc(OC)c1,7.06
COCCOCCOCCNC(=O)c1cc(Nc2cc(Oc3ccc(NC(=O)Nc4cc(C(C)(C)C)cc(S(C)(=O)=O)c4OC)c4ccccc34)ccn2)cc(OC)c1,7.3
COCCOCCOCCNC(=O)c1cc(Nc2cc(Oc3ccc(NC(=O)Nc4cc(C(C)(C)C)cc([S+](C)[O-])c4OC)c4ccccc34)ccn2)cc(OC)c1,7.6
COCCOCCOCCNC(=O)c1cc(Nc2cc(Oc3ccc(NC(=O)Nc4cc(C(C)(C)C)nn4-c4ccc(N(C)C)cc4)c4ccccc34)ccn2)cc(OC)c1,6.96
COCCOCCOCCNC(=O)c1cc(Nc2cc(Oc3ccc(NC(=O)Nc4cc(C(C)(C)C)nn4-c4cccc(CP(C)(C)=O)c4)c4ccccc34)ccn2)cc(OC)c1,7.47
COCCOCCOCCNC(=O)c1cc(Nc2cc(Oc3ccc(NC(=O)Nc4cc(C(C)C)nn4-c4ccc(C)cc4)c4ccccc34)ccn2)cc(OC)c1,7.3
COCCOCCOCCNC(=O)c1cc(Nc2nccc(Oc3ccc(NC(=O)Nc4cc(C(C)(C)C)cc(NS(C)(=O)=O)c4OC)c4ccccc34)n2)cc(OC)c1,7.41
COCCOCCOCCNC(=O)c1ccc(Nc2cc(Oc3ccc(NC(=O)Nc4cc(C(C)(C)C)cc(C(N)=O)c4OC)c4ccccc34)ccn2)cc1OC,6.86
COCCOCCOCCNC(=O)c1ccc(Nc2cc(Oc3ccc(NC(=O)Nc4cc(C(C)(C)C)cc(NS(C)(=O)=O)c4OC)c4ccccc34)ccn2)cc1OC,6.92
COCCOCCOCCOCCOCCOCCOCCOc1cc(Nc2cc(Oc3ccc(NC(=O)Nc4cc(C(C)(C)C)cc(NS(C)(=O)=O)c4OC)c4ccccc34)ccn2)cc(OC)c1,6.84
COCCOCCOCCOCCOCCOCCOCCOc1cc(Nc2nccc(Oc3ccc(NC(=O)Nc4cc(C(C)(C)C)cc(NS(C)(=O)=O)c4OC)c4ccccc34)n2)cc(OC)c1,7.31
COCCOCCOCCOCCOc1cc(Nc2nccc(Oc3ccc(NC(=O)Nc4cc(C(C)C)nn4-c4cccc(CP(C)(C)=O)c4)c4ccccc34)n2)cc(OC)c1,7.75
COCCOCCOCCOc1cc(Nc2cc(Oc3ccc(NC(=O)Nc4cc(C(C)(C)C)cc(C(=O)NC5COC5)c4OC)c4ccccc34)ccn2)cc(OC)c1,6.67
COCCOCCOCCOc1cc(Nc2cc(Oc3ccc(NC(=O)Nc4cc(C(C)(C)C)cc(C(=O)NCCN(C)C)c4OC)c4ccccc34)ccn2)cc(OC)c1,6.8
COCCOCCOCCOc1cc(Nc2cc(Oc3ccc(NC(=O)Nc4cc(C(C)(C)C)cc(C(=O)NCCN5CCOCC5)c4OC)c4ccccc34)ccn2)cc(OC)c1,6.64
COCCOCCOCCOc1cc(Nc2cc(Oc3ccc(NC(=O)Nc4cc(C(C)(C)C)cc(C(N)=O)c4OC)c4ccccc34)ccn2)cc(OC)c1,7.6
COCCOCCOCCOc1cc(Nc2cc(Oc3ccc(NC(=O)Nc4cc(C(C)(C)C)cc(CP(C)(C)=O)c4OC)c4ccccc34)ccn2)cc(OC)c1,7.51
COCCOCCOCCOc1cc(Nc2cc(Oc3ccc(NC(=O)Nc4cc(C(C)(C)C)cc(CS(C)(=O)=O)c4OC)c4ccccc34)ccn2)cc(OC)c1,6.75
COCCOCCOCCOc1cc(Nc2cc(Oc3ccc(NC(=O)Nc4cc(C(C)(C)C)cc(NS(C)(=O)=O)c4OC)c4ccccc34)ccn2)cc(OC)c1,6.91
COCCOCCOCCOc1cc(Nc2cc(Oc3ccc(NC(=O)Nc4cc(C(C)(C)C)cc(P(C)(C)=O)c4)c4ccccc34)ccn2)cc(OC)c1,7.35
COCCOCCOCCOc1cc(Nc2cc(Oc3ccc(NC(=O)Nc4cc(C(C)(C)C)cc(P(C)(C)=O)c4OC)c4ccccc34)ccn2)cc(OC)c1,7.29
COCCOCCOCCOc1cc(Nc2cc(Oc3ccc(NC(=O)Nc4cc(C(C)(C)C)cc(S(C)(=O)=O)c4OC)c4ccccc34)ccn2)cc(OC)c1,6.54
COCCOCCOCCOc1cc(Nc2cc(Oc3ccc(NC(=O)Nc4cc(C(C)(C)C)cc([S+](C)[O-])c4OC)c4ccccc34)ccn2)cc(OC)c1,7.17
COCCOCCOCCOc1cc(Nc2nccc(Oc3ccc(NC(=O)Nc4cc(C(C)(C)C)cc(-c5cnn[nH]5)c4OC)c4ccccc34)n2)cc(OC)c1,6.48
COCCOCCOCCOc1cc(Nc2nccc(Oc3ccc(NC(=O)Nc4cc(C(C)(C)C)cc(-c5nnco5)c4OC)c4ccccc34)n2)cc(OC)c1,6.88
COCCOCCOCCOc1cc(Nc2nccc(Oc3ccc(NC(=O)Nc4cc(C(C)(C)C)cc(C(=O)NC5COC5)c4OC)c4ccccc34)n2)cc(OC)c1,6.77
COCCOCCOCCOc1cc(Nc2nccc(Oc3ccc(NC(=O)Nc4cc(C(C)(C)C)cc(C(=O)NCCN(C)C)c4OC)c4ccccc34)n2)cc(OC)c1,6.96
COCCOCCOCCOc1cc(Nc2nccc(Oc3ccc(NC(=O)Nc4cc(C(C)(C)C)cc(C(=O)NCCN5CCOCC5)c4OC)c4ccccc34)n2)cc(OC)c1,6.73
COCCOCCOCCOc1cc(Nc2nccc(Oc3ccc(NC(=O)Nc4cc(C(C)(C)C)cc(C(=O)NCCO)c4OC)c4ccccc34)n2)cc(OC)c1,6.92
COCCOCCOCCOc1cc(Nc2nccc(Oc3ccc(NC(=O)Nc4cc(C(C)(C)C)cc(C(N)=O)c4OC)c4ccccc34)n2)cc(OC)c1,7.48
COCCOCCOCCOc1cc(Nc2nccc(Oc3ccc(NC(=O)Nc4cc(C(C)(C)C)cc(CC(N)=O)c4OC)c4ccccc34)n2)cc(OC)c1,7.28
COCCOCCOCCOc1cc(Nc2nccc(Oc3ccc(NC(=O)Nc4cc(C(C)(C)C)cc(NS(=O)(=O)N5CCOCC5)c4OC)c4ccccc34)n2)cc(OC)c1,6.61
COCCOCCOCCOc1cc(Nc2nccc(Oc3ccc(NC(=O)Nc4cc(C(C)(C)C)cc(NS(C)(=O)=O)c4-c4ccccc4)c4ccccc34)n2)cc(OC)c1,6.85
COCCOCCOCCOc1cc(Nc2nccc(Oc3ccc(NC(=O)Nc4cc(C(C)(C)C)cc(NS(C)(=O)=O)c4OC)c(Cl)c3Cl)n2)cc(OC)c1,6.26
COCCOCCOCCOc1cc(Nc2nccc(Oc3ccc(NC(=O)Nc4cc(C(C)(C)C)cc(NS(C)(=O)=O)c4OC)c4ccccc34)n2)cc(OC(F)F)c1,6.75
COCCOCCOCCOc1cc(Nc2nccc(Oc3ccc(NC(=O)Nc4cc(C(C)(C)C)cc(NS(C)(=O)=O)c4OC)c4ccccc34)n2)cc(OC)c1,7.04
COCCOCCOCCOc1cc(Nc2nccc(Oc3ccc(NC(=O)Nc4cc(C(C)(C)C)cc(NS(C)(=O)=O)c4OC)c4ccccc34)n2)cc(OC)c1Cl,6.74
COCCOCCOCCOc1cc(Nc2nccc(Oc3ccc(NC(=O)Nc4cc(C(C)(C)C)cc(OCP(C)(C)=O)c4OC)c4ccccc34)n2)cc(OC)c1,6.68
COCCOCCOCCOc1cc(Nc2nccc(Oc3ccc(NC(=O)Nc4cc(C(C)(C)C)cc(P(C)(C)=O)c4OC)c4ccccc34)n2)cc(OC)c1,7.47
COCCOCCOCCOc1cc(Nc2nccc(Oc3ccc(NC(=O)Nc4cc(C(C)(C)C)cc(S(N)(=O)=O)c4OC)c4ccccc34)n2)cc(OC)c1,6.8
COCCOCCOCCOc1cc(Nc2nccc(Oc3ccc(NC(=O)Nc4cc(C(C)(C)C)nn4-c4cccc(CP(C)(C)=O)c4)c4ccccc34)n2)cc(OC)c1,7.15
COCCOCCOCCOc1cc(Nc2nccc(Oc3ccc(NC(=O)Nc4cc(C(C)C)nn4-c4cccc(CP(C)(C)=O)c4)c4ccccc34)n2)cc(OC)c1,7.68
COCCOCCOCCOc1cc(Nc2nccc(Oc3ccc(NC(=O)Nc4cc(NS(C)(=O)=O)cc(C(C)(C)C)c4)c4ccccc34)n2)cc(OC)c1,7.52
COCCOCCOCCOc1ccc(Nc2cc(Oc3ccc(NC(=O)Nc4cc(C(C)(C)C)cc(NS(C)(=O)=O)c4OC)c4ccccc34)ccn2)cc1C#N,6.67
COCCOCCOCCS(=O)(=O)c1ccc(Nc2cc(Oc3ccc(NC(=O)Nc4cc(C(C)(C)C)cc(NS(C)(=O)=O)c4OC)c4ccccc34)ccn2)cc1OC,7.64
COCCOCCOCC[S+]([O-])c1ccc(Nc2cc(Oc3ccc(NC(=O)Nc4cc(C(C)(C)C)cc(NS(C)(=O)=O)c4OC)c4ccccc34)ccn2)cc1OC,7.46
COCCOCCOc1cc(Nc2nccc(Oc3ccc(NC(=O)Nc4cc(C(C)(C)C)cc(NS(C)(=O)=O)c4OC)c4ccccc34)n2)cc(OC)c1,7.16
COCCOc1ccc(-c2c(N)c(C(=O)c3ccc(F)cc3F)cc[n+]2[O-])c(C)c1,7.7
COCCOc1ccc(C(=O)Nc2cc(NC(=O)c3cccc(N(C)C)c3)ccc2C)cc1,6.57
COCCOc1cccc(-n2nc(C(C)(C)C)cc2NC(=O)Nc2ccc(Oc3ccnc(Nc4cc(C)c5[nH]ncc5c4)c3)c3ccccc23)c1,7.13
COCCOc1cccc(-n2nc(C(C)(C)C)cc2NC(=O)Nc2ccc(Oc3ccnc(Nc4cc(OC)cc(C(=O)NCCN5CCOCC5)c4)n3)c3ccccc23)c1,8.05
COCCn1c(-c2ccncc2)c(-c2ccc(F)cc2)c2ncccc21,7.68
COCCn1c(SC)nc(-c2ccc(F)cc2)c1-c1ccnc(NC(=O)CC(F)(F)F)c1,6.31
COCCn1c(SC)nc(-c2ccc(F)cc2)c1-c1ccnc(NC(=O)c2cccs2)c1,6.62
COCCn1c(SC)nc(-c2ccc(F)cc2)c1-c1ccnc(NC(C)=O)c1,6.96
COCCn1c(SC)nc(-c2ccc(F)cc2)c1-c1ccnc(NC(C)CO)c1,6.54
COCCn1c(SC)nc(-c2ccc(F)cc2)c1-c1ccnc(NC2CCCCC2)c1,7.38
COCCn1c(SC)nc(-c2ccc(F)cc2)c1-c1ccnc(NC2CCCC[C@H]2O)c1,6.68
COCCn1c(SC)nc(-c2ccc(F)cc2)c1-c1ccnc(NC2CCOCC2)c1,7.42
COCCn1c(SC)nc(-c2ccc(F)cc2)c1-c1ccnc(NCC(C)O)c1,6.84
COCCn1c(SC)nc(-c2ccc(F)cc2)c1-c1ccnc(NC[C@H]2CCCC[C@@H]2O)c1,6.63
COCCn1c(SC)nc(-c2ccc(F)cc2)c1-c1ccnc(N[C@@H](C)c2ccccc2)c1,7.4
COCCn1c(SC)nc(-c2ccc(F)cc2)c1-c1ccnc(N[C@H](C)C2CCCCC2)c1,6.45
COCCn1c(SC)nc(-c2ccc(F)cc2)c1-c1ccnc(N[C@H](C)CO)c1,6.31
COCCn1c(SC)nc(-c2ccc(F)cc2)c1-c1ccnc(N[C@H](C)c2ccccc2)c1,6.21
COCCn1c(SC)nc(-c2ccc(F)cc2)c1-c1ccnc(N[C@H]2CC[C@H](O)CC2)c1,8.52
COCCn1c(SC)nc(-c2ccc(F)cc2)c1-c1ccnc(Nc2ccccc2)c1,7.29
COCCn1c(SCCC(=O)N2CCOCC2)nc(-c2ccc(F)cc2)c1-c1ccnc(NC(C)=O)c1,6.34
COCCn1c(SCc2ccc([S+](C)[O-])cc2)nc(-c2ccc(F)cc2)c1-c1ccnc(NC(C)=O)c1,6.82
COC[C@@H](C)Nc1nccc(-c2nn3c(c2-c2ccc(F)cc2)OCC3)n1,6.55
COC[C@H](C)NC(=O)c1cn2ncnc(Nc3cc(NC(=O)c4cc(F)cc(N5CCOCC5)c4)ccc3C)c2c1C,8.7
COC[C@H](C)NC(=O)c1cn2ncnc(Nc3cc(NC(=O)c4ccc(C#N)cc4)ccc3C)c2c1C,7.8
COC[C@H](C)NC(=O)c1cn2ncnc(Nc3cc(NC(=O)c4cccc(N5CCOCC5)c4)ccc3C)c2c1C,7.92
COC[C@H](C)Nc1nccc(N(C(=O)Nc2ccccc2C)c2ccccc2)n1,6.0
COC[C@H](C)Nc1nccc(N(CC2CCNCC2)C(=O)c2ccc3c(c2)CCO3)n1,6.5
COC[C@H](C)Nc1nccc(N(CCCCN)C(=O)c2ccc3c(c2)CCO3)n1,7.6
COCn1c(-c2ccccc2)nc(-c2ccc(F)cc2)c1-c1ccnc2[nH]ccc12,6.35
CONC(=O)c1ccc(C)c(Nc2cc(=O)n(C)c3c2cnn3-c2ccc(F)cc2F)c1,8.96
CONC(=O)c1ccc(C)c(Nc2nc(N(C)CC(C)(C)C)nc(N3CCCN(C)CC3)n2)c1,7.36
CONC(=O)c1ccc(C)c(Nc2nc(N(C)CC(C)(C)C)nc(N3CCCNCC3)n2)c1,7.28
CONC(=O)c1ccc(C)c(Nc2nc(N(C)CC(C)(C)C)nc(N3CCN(C)CC3)n2)c1,7.24
CONC(=O)c1ccc(C)c(Nc2nc(N(C)CC(C)(C)C)nc(N3CCNCC3)n2)c1,7.75
CONC(=O)c1ccc(C)c(Nc2nc(NCc3cccc(C)c3)nc(NC(C)C(C)(C)C)n2)c1,7.82
CONC(=O)c1ccc(C)c(Nc2nc(N[C@H]3CCNC3)nc(N(C)CC(C)(C)C)n2)c1,8.1
CONC(=O)c1ccc(C)c(Nc2ncnc3c2cnn3-c2ccccc2)c1,8.4
CONC(=O)c1ccc(C)c(Nc2ncnn3cc(C(=O)NC(C)C)c(C)c23)c1,8.0
CONC(=O)c1ccc(C)c(Nc2ncnn3cc(C(=O)NC4CCCC4)c(C)c23)c1,8.1
CONC(=O)c1ccc(C)c(Nc2ncnn3cc(C(=O)NCCN4CCOCC4)c(C)c23)c1,8.1
CONC(=O)c1ccc(C)c(Nc2ncnn3cc(C(=O)NCc4ccccc4)c(C)c23)c1,9.4
CONC(=O)c1ccc(C)c(Nc2ncnn3cc(C(=O)NCc4ccccn4)c(C)c23)c1,8.92
CONC(=O)c1ccc(C)c(Nc2ncnn3cc(C(=O)N[C@@H](C)c4ccccc4)c(C)c23)c1,8.66
CONC(=O)c1ccc(C)c(Nc2ncnn3cc(C(=O)N[C@H](C)c4ccccc4)c(C)c23)c1,6.75
CONC(=O)c1ccc(C)c(Nc2ncnn3cc(C(=O)OC)c(C)c23)c1,8.96
CONC(=O)c1ccc(C)c(Nc2ncnn3cc(C(=O)OC)cc23)c1,7.38
CONC(=O)c1ccc(C)c(Nc2ncnn3cc(NC(=O)C(C)C)c(C)c23)c1,7.89
CONC(=O)c1ccc(C)c(Nc2ncnn3cc(NC(=O)NC(C)C)c(C)c23)c1,7.92
CONC(=O)c1ccc(C)c(Nc2ncnn3cc(NC(=O)OC(C)C)c(C)c23)c1,8.92
CONC(=O)c1ccc(C)c(Nc2ncnn3cc(NC(=O)OC)c(C)c23)c1,8.48
CONC(=O)c1ccc(C)c(Nc2ncnn3cc(NC(C)=O)c(C)c23)c1,8.44
CO[C@H]1CC[C@@H](C(=O)Nc2cc(-c3ccnc(Nc4ccc(F)cc4)c3)ccn2)CC1,7.4
COc1c(/C=C/c2cc(C(=O)Nc3ccc(CN4CCC(N(C)C)C4)c(C(F)(F)F)c3)ccc2C)cnc2[nH]ccc12,6.85
COc1c(/C=C/c2cc(C(=O)Nc3ccc(OC4CCN(C)CC4)c(C(F)(F)F)c3)ccc2C)cnc2[nH]ccc12,7.2
COc1c(C#N)cc(C(C)(C)C)cc1NC(=O)C(=O)c1ccc(-c2ccc(F)nc2)c2ccccc12,6.72
COc1c(C#N)cc(C(C)(C)C)cc1NC(=O)C(=O)c1ccc(-c2cccnc2)c2ccccc12,7.11
COc1c(C#N)cc(C(C)(C)C)cc1NC(=O)C(=O)c1ccc(-c2ccnc(C)c2)c2ccccc12,7.66
COc1c(C#N)cc(C(C)(C)C)cc1NC(=O)C(=O)c1ccc(-c2ccncc2)c2ccccc12,7.22
COc1c(C#N)cc(C(C)(C)C)cc1NC(=O)C(=O)c1ccc(Nc2ccncc2)c2ccccc12,7.29
COc1c(C#N)cc(C(C)(C)C)cc1NC(=O)C(=O)c1ccc(OCCN2CCOCC2)c2ccccc12,7.38
COc1c(CC(N)=O)cc(C(C)(C)C)cc1NC(=O)Nc1ccc(Oc2ccnc(NCc3ccccn3)c2)c2ccccc12,7.89
COc1c(CC(N)=O)cc(C(C)(C)C)cc1NC(=O)Nc1ccc(Oc2ccnc(Nc3cc(C#N)cc(OCCN4CCOCC4)c3)c2)c2ccccc12,6.91
COc1c(CC(N)=O)cc(C(C)(C)C)cc1NC(=O)Nc1ccc(Oc2ccnc(Nc3cc(C)cc(C)c3)c2)c2ccccc12,6.65
COc1c(CC(N)=O)cc(C(C)(C)C)cc1NC(=O)Nc1ccc(Oc2ccnc(Nc3cccc(OS(C)(=O)=O)c3)c2)c2ccccc12,6.82
COc1c(CC(N)=O)cc(C(C)(C)C)cc1NC(=O)Nc1ccc(Oc2ccnc(Nc3ccccc3)c2)c2ccccc12,6.97
COc1c(CC(N)=O)cc(C(C)(C)C)cc1NC(=O)Nc1ccc(Oc2ccnc(Nc3ccn(C)n3)c2)c2ccccc12,8.05
COc1c(CCc2cc(C(=O)Nc3cc(-n4cnc(C)c4)cc(C(F)(F)F)c3)ccc2C)cnc2[nH]ccc12,8.28
COc1c(CNC(C)=O)cc(C(C)(C)C)cc1NC(=O)Nc1ccc(Oc2ccnc(NCc3ccccn3)c2)c2ccccc12,8.22
COc1c(CNC(C)=O)cc(C(C)(C)C)cc1NC(=O)Nc1ccc(Oc2ccnc(Nc3ccccc3)c2)c2ccccc12,6.53
COc1c(CO)cc(C(C)(C)C)cc1NC(=O)N[C@@H]1Cc2c(F)cccc2[C@@H]1O,8.52
COc1c(CP(C)(C)=O)cc(C(C)(C)C)cc1NC(=O)Nc1ccc(Oc2ccnc(Nc3ccccc3)c2)c2ccccc12,6.66
COc1c(CS(C)(=O)=O)cc(C(C)(C)C)cc1NC(=O)Nc1ccc(Oc2ccnc(Nc3ccccc3)c2)c2ccccc12,6.68
COc1c(C[S+](C)[O-])cc(C(C)(C)C)cc1NC(=O)Nc1ccc(Oc2ccnc(Nc3ccccc3)c2)c2ccccc12,6.49
COc1c(Cl)cc(C(C)(C)C)cc1NC(=O)C(=O)c1ccc(OCCN2CCOCC2)c2ccccc12,7.16
COc1c(NC(=O)/C(=N/O)c2ccc(OCCN3CCOCC3)c3ccccc23)cc(C(C)(C)C)cc1NS(C)(=O)=O,6.7
COc1c(NC(=O)C(=O)c2ccc(Nc3ccncc3)c3ccccc23)cc(C(C)(C)C)cc1NS(C)(=O)=O,8.149999999999999
COc1c(NC(=O)C(=O)c2ccc(Nc3ccncn3)c3ccccc23)cc(C(C)(C)C)cc1NS(C)(=O)=O,8.07
COc1c(NC(=O)C(=O)c2ccc(OCCN3CCOCC3)c3ccccc23)cc(C(C)(C)C)cc1C(=O)NC1CC1,7.0
COc1c(NC(=O)C(=O)c2ccc(OCCN3CCOCC3)c3ccccc23)cc(C(C)(C)C)cc1NS(C)(=O)=O,7.325
COc1c(NC(=O)C(=O)c2ccc(Oc3ccnc(N4CCOCC4)n3)c3ccccc23)cc(C(C)(C)C)cc1NS(C)(=O)=O,7.654999999999999
COc1c(NC(=O)C(O)c2ccc(OCCN3CCOCC3)c3ccccc23)cc(C(C)(C)C)cc1NS(C)(=O)=O,6.41
COc1c(NC(=O)Cc2ccc(OCCN3CCOCC3)c3ccccc23)cc(C(C)(C)C)cc1NS(C)(=O)=O,6.885
COc1c(NC(=O)NC2Cc3ccccc3C2)cc(C(C)(C)C)cc1C(O)C(F)(F)F,6.93
COc1c(NC(=O)N[C@@H]2Cc3c(F)cccc3[C@@H]2O)cc(C(C)(C)C)cc1[C@@H](O)C(F)(F)F,7.46
COc1c(NC(=O)N[C@@H]2Cc3c(F)cccc3[C@@H]2O)cc(N2CCOCC2)cc1[C@@H](O)C(F)(F)F,7.8
COc1c(NC(=O)N[C@@H]2Cc3ccccc3[C@@H]2O)cc(C(C)(C)C)cc1[C@@H](O)C(F)(F)F,7.785
COc1c(NC(=O)N[C@@H]2Cc3ccccc3[C@@H]2O)cc(C2(C)CCOCC2)cc1[C@@H](O)C(F)(F)F,7.89
COc1c(NC(=O)N[C@@H]2Cc3ccccc3[C@@H]2O)cc(N2CCCC2)cc1[C@@H](O)C(F)(F)F,7.29
COc1c(NC(=O)Nc2ccc(Oc3ccnc(N(C)C)n3)c3ccccc23)cc(C(C)(C)C)cc1P(C)(C)=O,7.42
COc1c(NC(=O)Nc2ccc(Oc3ccnc(NCc4ccccc4)n3)c3ccccc23)cc(C(C)(C)C)cc1P(C)(C)=O,8.05
COc1c(NC(=O)Nc2ccc(Oc3ccnc(NCc4ccccn4)c3)c3ccccc23)cc(C(C)(C)C)cc1C(=O)NC1COC1,7.75
COc1c(NC(=O)Nc2ccc(Oc3ccnc(NCc4ccccn4)c3)c3ccccc23)cc(C(C)(C)C)cc1P(C)(C)=O,8.3
COc1c(NC(=O)Nc2ccc(Oc3ccnc(NCc4ccccn4)c3)c3ccccc23)cc(C(C)(C)C)cc1[S+](C)[O-],8.1
COc1c(NC(=O)Nc2ccc(Oc3ccnc(NCc4ccccn4)n3)c3ccccc23)cc(C(C)(C)C)cc1P(C)(C)=O,8.22
COc1c(NC(=O)Nc2ccc(Oc3ccnc(Nc4cc(C#N)cc(OCCCN5CCOCC5)c4)c3)c3ccccc23)cc(C(C)(C)C)cc1[S+](C)[O-],6.57
COc1c(NC(=O)Nc2ccc(Oc3ccnc(Nc4cc(C#N)cc(OCCN5CCOCC5)c4)c3)c3ccccc23)cc(C(C)(C)C)cc1[S+](C)[O-],6.8
COc1c(NC(=O)Nc2ccc(Oc3ccnc(Nc4cc(C)c5[nH]ncc5c4)n3)c3ccccc23)cc(C(C)(C)C)cc1P(C)(C)=O,6.76
COc1c(NC(=O)Nc2ccc(Oc3ccnc(Nc4cc(C)cc(C)c4)c3)c3ccccc23)cc(C(C)(C)C)cc1P(C)(C)=O,6.59
COc1c(NC(=O)Nc2ccc(Oc3ccnc(Nc4ccc(C(=O)NCCN5CCOCC5)cc4)c3)c3ccccc23)cc(C(C)(C)C)cc1NS(C)(=O)=O,7.18
COc1c(NC(=O)Nc2ccc(Oc3ccnc(Nc4ccc(C(=O)O)c(N(C)C)c4)c3)c3ccccc23)cc(C(C)(C)C)cc1NS(C)(=O)=O,8.4
COc1c(NC(=O)Nc2ccc(Oc3ccnc(Nc4ccc(OCCN5CCOCC5)c(C#N)c4)c3)c3ccccc23)cc(C(C)(C)C)cc1NS(C)(=O)=O,6.71
COc1c(NC(=O)Nc2ccc(Oc3ccnc(Nc4ccccc4)c3)c3ccccc23)cc(C(C)(C)C)cc1C(=O)NC1CCOCC1,6.56
COc1c(NC(=O)Nc2ccc(Oc3ccnc(Nc4ccccc4)c3)c3ccccc23)cc(C(C)(C)C)cc1C(=O)NC1COC1,6.91
COc1c(NC(=O)Nc2ccc(Oc3ccnc(Nc4ccccc4)c3)c3ccccc23)cc(C(C)(C)C)cc1C(=O)NCCN1CCC1,6.92
COc1c(NC(=O)Nc2ccc(Oc3ccnc(Nc4ccccc4)c3)c3ccccc23)cc(C(C)(C)C)cc1C(=O)NCCN1CCOCC1,6.41
COc1c(NC(=O)Nc2ccc(Oc3ccnc(Nc4ccccc4)c3)c3ccccc23)cc(C(C)(C)C)cc1OCP(C)(C)=O,6.44
COc1c(NC(=O)Nc2ccc(Oc3ccnc(Nc4ccccc4)c3)c3ccccc23)cc(C(C)(C)C)cc1P(C)(C)=O,6.85
COc1c(NC(=O)Nc2ccc(Oc3ccnc(Nc4ccccc4)c3)c3ccccc23)cc(C(C)(C)C)cc1S(C)(=O)=O,6.13
COc1c(NC(=O)Nc2ccc(Oc3ccnc(Nc4ccccc4)c3)c3ccccc23)cc(C(C)(C)C)cc1[S+](C)[O-],6.71
COc1c(NC(=O)Nc2ccc(Oc3ccnc(Nc4ccccc4)n3)c3ccccc23)cc(C(C)(C)C)cc1P(C)(C)=O,7.23
COc1c(NC(=O)Nc2ccc(Oc3ccnc(Nc4cccnc4)c3)c3ccccc23)cc(C(C)(C)C)cc1P(C)(C)=O,6.74
COc1c(NC(=O)Nc2ccc(Oc3ccnc(Nc4ccn(C)n4)c3)c3ccccc23)cc(C(C)(C)C)cc1P(C)(C)=O,7.51
COc1c(NC(=O)Nc2ccc(Oc3ccnc(Nc4cnn(C)n4)n3)c3ccccc23)cc(C(C)(C)C)cc1P(C)(C)=O,6.66
COc1c(NC(=O)Nc2cccc3ccccc23)cc(C(C)(C)C)cc1NS(C)(=O)=O,7.1
COc1cc(-c2[nH]c(C(F)(F)F)nc2C(=O)Nc2ccc(C)c(Nc3ccc4ncn(C)c(=O)c4c3)c2)cc(OC)c1OC,7.03
COc1cc(-c2ccc(F)cc2Cl)c2c(c1)N(c1c(Cl)cccc1Cl)C(=O)NC2,8.52
COc1cc(-c2ccc(F)cc2F)c2c(c1)N(c1c(Cl)cccc1Cl)C(=O)NC2,7.96
COc1cc(-c2ccccc2Cl)c2c(c1)N(c1c(Cl)cccc1Cl)C(=O)C(O)C2,8.05
COc1cc(-c2ccccc2Cl)c2c(c1)N(c1c(Cl)cccc1Cl)C(=O)NC2,8.22
COc1cc(-c2ccccc2Cl)c2cc(O)c(=O)n(-c3c(Cl)cccc3Cl)c2c1,7.55
COc1cc(-c2ccccc2Cl)c2ccc(=O)n(-c3c(Cl)cccc3Cl)c2c1,8.82
COc1cc(-c2nc(-c3ccc(F)cc3)c(-c3ccnc4[nH]c(-c5ccccc5)cc34)[nH]2)cc(OC)c1OC,6.54
COc1cc(-n2nc(C(C)(C)C)cc2NC(=O)Nc2ccc(Oc3ccnc4[nH]c(=O)cnc34)c3ccccc23)ccc1CO,8.3
COc1cc(C#N)cc(Nc2cc(Oc3ccc(NC(=O)Nc4cc(C(C)(C)C)cc(CC(N)=O)c4OC)c4ccccc34)ccn2)c1,6.21
COc1cc(C(=O)NCCN2CCOCC2)ccc1Nc1nccc(Oc2ccc(NC(=O)Nc3cc(C(C)(C)C)nn3-c3ccc(C)cc3)c3ccccc23)n1,7.36
COc1cc(C(=O)NCCN2CCOCC2)ccc1Nc1nccc(Oc2ccc(NC(=O)Nc3cc(C(C)C)nn3-c3ccc(C)cc3)c3ccccc23)n1,7.89
COc1cc(C(=O)NCCO)ccc1Nc1nccc(Oc2ccc(NC(=O)Nc3cc(C(C)(C)C)nn3-c3ccc(C)cc3)c3ccccc23)n1,7.58
COc1cc(C(=O)NCCO)ccc1Nc1nccc(Oc2ccc(NC(=O)Nc3cc(C(C)C)nn3-c3ccc(C)cc3)c3ccccc23)n1,8.15
COc1cc(C(=O)NS(=O)(=O)c2ccccc2C)ccc1Cc1cn(C)c2ccc(NC(=O)OC3CCCC3)cc12,6.45
COc1cc(C(=O)Nc2cc(NC(=O)c3cccc(N(C)C)c3)ccc2C)cc(OC)c1OC,6.64
COc1cc(CC(=O)Nc2cc(-c3[nH]c(SC)nc3-c3ccc(F)cc3)ccn2)cc(OC)c1OC,7.89
COc1cc(CCC(=O)Nc2cc(-c3[nH]c(SC)nc3-c3ccc(F)cc3)ccn2)cc(OC)c1OC,7.06
COc1cc(CCC(=O)Nc2cc(-c3[nH]c(SCc4ccccc4)nc3-c3ccc(F)cc3)ccn2)cc(OC)c1OC,7.21
COc1cc(CO)cc(Nc2cc(Oc3ccc(NC(=O)Nc4cc(C(C)(C)C)cc(C(N)=O)c4OC)c4ccccc34)ccn2)c1,7.07
COc1cc(CO)cc(Nc2cc(Oc3ccc(NC(=O)Nc4cc(C(C)(C)C)cc(CC(N)=O)c4OC)c4ccccc34)ccn2)c1,7.32
COc1cc(CO)cc(Nc2cc(Oc3ccc(NC(=O)Nc4cc(C(C)(C)C)cc(P(C)(C)=O)c4OC)c4ccccc34)ccn2)c1,7.57
COc1cc(F)c(-c2c(N)c(C(=O)c3ccc(F)cc3F)cc[n+]2[O-])c(F)c1,8.3
COc1cc(F)cc(Nc2cc(Oc3ccc(NC(=O)Nc4cc(C(C)(C)C)cc(P(C)(C)=O)c4OC)c4ccccc34)ccn2)c1,6.46
COc1cc(N)[nH]c2nc(-c3ccc(F)cc3)c(-c3ccncc3)c1-2,7.2
COc1cc(N2CCC(N3CCCCC3)CC2)ccc1Nc1nccc(-c2c(-c3cccc(C(=O)Nc4c(F)cccc4F)c3)nc3ccccn23)n1,6.89
COc1cc(N2CCC(N3CCN(S(C)(=O)=O)CC3)CC2)ccc1Nc1nccc(-c2c(-c3cccc(C(=O)Nc4c(F)cccc4F)c3)nc3ccccn23)n1,6.36
COc1cc(NC(=O)Nc2cc(C(C)(C)C)nn2-c2ccc(C)cc2)c2ccccc2c1,8.03
COc1cc(NC(=O)Nc2cc(C(C)(C)C)nn2-c2ccc(C)cc2)c2ccccc2c1OCCN1CCOCC1,7.85
COc1cc(Nc2cc(Oc3ccc(NC(=O)Nc4cc(C(C)(C)C)cc(C(=O)NCCN5CCOCC5)c4OC)c4ccccc34)ccn2)cc(C(=O)NCCN2CCOCC2)c1,6.89
COc1cc(Nc2cc(Oc3ccc(NC(=O)Nc4cc(C(C)(C)C)cc(C(=O)NCCN5CCOCC5)c4OC)c4ccccc34)ccn2)cc(C(N)=O)c1,6.68
COc1cc(Nc2cc(Oc3ccc(NC(=O)Nc4cc(C(C)(C)C)cc(C(=O)NCCN5CCOCC5)c4OC)c4ccccc34)ccn2)cc(OC)c1,6.32
COc1cc(Nc2cc(Oc3ccc(NC(=O)Nc4cc(C(C)(C)C)cc(C(=O)NCCN5CC[S+]([O-])CC5)c4OC)c4ccccc34)ccn2)cc(OC)c1,6.03
COc1cc(Nc2cc(Oc3ccc(NC(=O)Nc4cc(C(C)(C)C)cc(C(N)=O)c4OC)c4ccccc34)ccn2)cc(C(=O)NCCN2CCOCC2)c1,7.04
COc1cc(Nc2cc(Oc3ccc(NC(=O)Nc4cc(C(C)(C)C)cc(C(N)=O)c4OC)c4ccccc34)ccn2)ccc1C(=O)NCCN1CCOCC1,6.92
COc1cc(Nc2cc(Oc3ccc(NC(=O)Nc4cc(C(C)(C)C)cc(CC(N)=O)c4OC)c4ccccc34)ccn2)cc(C(=O)NCC(CO)(CO)CO)c1,7.36
COc1cc(Nc2cc(Oc3ccc(NC(=O)Nc4cc(C(C)(C)C)cc(CC(N)=O)c4OC)c4ccccc34)ccn2)cc(C(=O)NCCCN2CC[S+]([O-])CC2)c1,7.89
COc1cc(Nc2cc(Oc3ccc(NC(=O)Nc4cc(C(C)(C)C)cc(CC(N)=O)c4OC)c4ccccc34)ccn2)cc(C(=O)NCCN2CCOCC2)c1,7.68
COc1cc(Nc2cc(Oc3ccc(NC(=O)Nc4cc(C(C)(C)C)cc(CC(N)=O)c4OC)c4ccccc34)ccn2)cc(C(=O)NCCN2CC[S+]([O-])CC2)c1,7.77
COc1cc(Nc2cc(Oc3ccc(NC(=O)Nc4cc(C(C)(C)C)cc(CC(N)=O)c4OC)c4ccccc34)ccn2)cc(C(N)=O)c1,7.44
COc1cc(Nc2cc(Oc3ccc(NC(=O)Nc4cc(C(C)(C)C)cc(CC(N)=O)c4OC)c4ccccc34)ccn2)cc(OC)c1,6.88
COc1cc(Nc2cc(Oc3ccc(NC(=O)Nc4cc(C(C)(C)C)cc(CC(N)=O)c4OC)c4ccccc34)ccn2)cc(S(=O)(=O)C2CC2)c1,7.06
COc1cc(Nc2cc(Oc3ccc(NC(=O)Nc4cc(C(C)(C)C)cc(CC(N)=O)c4OC)c4ccccc34)ccn2)cc(S(=O)(=O)N(C)C)c1,6.53
COc1cc(Nc2cc(Oc3ccc(NC(=O)Nc4cc(C(C)(C)C)cc(CC(N)=O)c4OC)c4ccccc34)ccn2)cc(S(C)(=O)=O)c1,6.73
COc1cc(Nc2cc(Oc3ccc(NC(=O)Nc4cc(C(C)(C)C)cc(CC(N)=O)c4OC)c4ccccc34)ccn2)ccc1C(=O)NCC(CO)(CO)CO,7.51
COc1cc(Nc2cc(Oc3ccc(NC(=O)Nc4cc(C(C)(C)C)cc(CC(N)=O)c4OC)c4ccccc34)ccn2)ccc1C(=O)NCCN1CCOCC1,7.55
COc1cc(Nc2cc(Oc3ccc(NC(=O)Nc4cc(C(C)(C)C)cc(CC(N)=O)c4OC)c4ccccc34)ccn2)ccn1,6.82
COc1cc(Nc2cc(Oc3ccc(NC(=O)Nc4cc(C(C)(C)C)cc(CNC(C)=O)c4OC)c4ccccc34)ccn2)cc(C(=O)NCCN2CC[S+]([O-])CC2)c1,7.6
COc1cc(Nc2cc(Oc3ccc(NC(=O)Nc4cc(C(C)(C)C)cc(CNC(C)=O)c4OC)c4ccccc34)ccn2)cc(OC)c1,6.76
COc1cc(Nc2cc(Oc3ccc(NC(=O)Nc4cc(C(C)(C)C)cc(C[S+](C)[O-])c4OC)c4ccccc34)ccn2)cc(C(=O)NCCN2CCOCC2)c1,7.82
COc1cc(Nc2cc(Oc3ccc(NC(=O)Nc4cc(C(C)(C)C)cc(N(CCO)S(C)(=O)=O)c4OC)c4ccccc34)ccn2)ccc1C(=O)NCCN1CC[S+]([O-])CC1,7.54
COc1cc(Nc2cc(Oc3ccc(NC(=O)Nc4cc(C(C)(C)C)cc(NC(=O)CO)c4OC)c4ccccc34)ccn2)ccc1C(=O)NCCN1CC[S+]([O-])CC1,7.51
COc1cc(Nc2cc(Oc3ccc(NC(=O)Nc4cc(C(C)(C)C)cc(NS(C)(=O)=O)c4OC)c4ccccc34)ccn2)cc(C(=O)NCC(=O)N2CCOCC2)c1,7.42
COc1cc(Nc2cc(Oc3ccc(NC(=O)Nc4cc(C(C)(C)C)cc(NS(C)(=O)=O)c4OC)c4ccccc34)ccn2)cc(C(=O)NCC(C)(C)N2CCOCC2)c1,7.17
COc1cc(Nc2cc(Oc3ccc(NC(=O)Nc4cc(C(C)(C)C)cc(NS(C)(=O)=O)c4OC)c4ccccc34)ccn2)cc(C(=O)NCCCN2CCOCC2)c1,6.85
COc1cc(Nc2cc(Oc3ccc(NC(=O)Nc4cc(C(C)(C)C)cc(NS(C)(=O)=O)c4OC)c4ccccc34)ccn2)cc(C(=O)NCCN2CCN(C)CC2)c1,7.25
COc1cc(Nc2cc(Oc3ccc(NC(=O)Nc4cc(C(C)(C)C)cc(NS(C)(=O)=O)c4OC)c4ccccc34)ccn2)cc(C(=O)NCCN2CCOCC2)c1,7.39
COc1cc(Nc2cc(Oc3ccc(NC(=O)Nc4cc(C(C)(C)C)cc(NS(C)(=O)=O)c4OC)c4ccccc34)ccn2)cc(OC)c1C(=O)NCCN(C)C,8.22
COc1cc(Nc2cc(Oc3ccc(NC(=O)Nc4cc(C(C)(C)C)cc(NS(C)(=O)=O)c4OC)c4ccccc34)ccn2)cc(OC)c1C(=O)NCCN1CCN(C)CC1,8.22
COc1cc(Nc2cc(Oc3ccc(NC(=O)Nc4cc(C(C)(C)C)cc(NS(C)(=O)=O)c4OC)c4ccccc34)ccn2)cc(OC)c1C(=O)NCCN1CCOCC1,8.0
COc1cc(Nc2cc(Oc3ccc(NC(=O)Nc4cc(C(C)(C)C)cc(NS(C)(=O)=O)c4OC)c4ccccc34)ccn2)cc(OC)c1C(=O)NCCOCCOCCO,7.72
COc1cc(Nc2cc(Oc3ccc(NC(=O)Nc4cc(C(C)(C)C)cc(NS(C)(=O)=O)c4OC)c4ccccc34)ccn2)cc(OC)c1C(=O)NCCOCCOCCOP(=O)(O)O,8.4
COc1cc(Nc2cc(Oc3ccc(NC(=O)Nc4cc(C(C)(C)C)cc(NS(C)(=O)=O)c4OC)c4ccccc34)ccn2)cc(OCCOCCOCCO)c1,7.11
COc1cc(Nc2cc(Oc3ccc(NC(=O)Nc4cc(C(C)(C)C)cc(NS(C)(=O)=O)c4OC)c4ccccc34)ccn2)ccc1C(=O)N(C)CCCN1CCOCC1,8.3
COc1cc(Nc2cc(Oc3ccc(NC(=O)Nc4cc(C(C)(C)C)cc(NS(C)(=O)=O)c4OC)c4ccccc34)ccn2)ccc1C(=O)NC(CO)(CO)CO,7.33
COc1cc(Nc2cc(Oc3ccc(NC(=O)Nc4cc(C(C)(C)C)cc(NS(C)(=O)=O)c4OC)c4ccccc34)ccn2)ccc1C(=O)NC1CCN(C)CC1,7.68
COc1cc(Nc2cc(Oc3ccc(NC(=O)Nc4cc(C(C)(C)C)cc(NS(C)(=O)=O)c4OC)c4ccccc34)ccn2)ccc1C(=O)NCCC1CCN(C)CC1,8.0
COc1cc(Nc2cc(Oc3ccc(NC(=O)Nc4cc(C(C)(C)C)cc(NS(C)(=O)=O)c4OC)c4ccccc34)ccn2)ccc1C(=O)NCCCN1CCN(C)CC1,7.7
COc1cc(Nc2cc(Oc3ccc(NC(=O)Nc4cc(C(C)(C)C)cc(NS(C)(=O)=O)c4OC)c4ccccc34)ccn2)ccc1C(=O)NCCCN1CCOCC1,7.28
COc1cc(Nc2cc(Oc3ccc(NC(=O)Nc4cc(C(C)(C)C)cc(NS(C)(=O)=O)c4OC)c4ccccc34)ccn2)ccc1C(=O)NCCN1CCC(O)CC1,7.6
COc1cc(Nc2cc(Oc3ccc(NC(=O)Nc4cc(C(C)(C)C)cc(NS(C)(=O)=O)c4OC)c4ccccc34)ccn2)ccc1C(=O)NCCN1CCCCC1,7.7
COc1cc(Nc2cc(Oc3ccc(NC(=O)Nc4cc(C(C)(C)C)cc(NS(C)(=O)=O)c4OC)c4ccccc34)ccn2)ccc1C(=O)NCCN1CCN(C2CC2)CC1,7.4
COc1cc(Nc2cc(Oc3ccc(NC(=O)Nc4cc(C(C)(C)C)cc(NS(C)(=O)=O)c4OC)c4ccccc34)ccn2)ccc1C(=O)NCCN1CCOCC1,7.7
COc1cc(Nc2cc(Oc3ccc(NC(=O)Nc4cc(C(C)(C)C)cc(NS(C)(=O)=O)c4OC)c4ccccc34)ccn2)ccc1C(=O)NCCN1CCOCC1(C)C,6.81
COc1cc(Nc2cc(Oc3ccc(NC(=O)Nc4cc(C(C)(C)C)cc(NS(C)(=O)=O)c4OC)c4ccccc34)ccn2)ccc1C(=O)NCCN1CCS(=O)(=O)CC1,6.92
COc1cc(Nc2cc(Oc3ccc(NC(=O)Nc4cc(C(C)(C)C)cc(NS(C)(=O)=O)c4OC)c4ccccc34)ccn2)ccc1C(=O)NCCN1CCSCC1,6.65
COc1cc(Nc2cc(Oc3ccc(NC(=O)Nc4cc(C(C)(C)C)cc(NS(C)(=O)=O)c4OC)c4ccccc34)ccn2)ccc1C(=O)NCCN1CC[S+]([O-])CC1,7.23
COc1cc(Nc2cc(Oc3ccc(NC(=O)Nc4cc(C(C)(C)C)cc(NS(C)(=O)=O)c4OC)c4ccccc34)ccn2)ccc1C(=O)NCCOCCCOCOP(=O)(O)O,8.1
COc1cc(Nc2cc(Oc3ccc(NC(=O)Nc4cc(C(C)(C)C)cc(NS(C)(=O)=O)c4OC)c4ccccc34)ccn2)ccc1C(=O)NCCOCCOCCO,7.47
COc1cc(Nc2cc(Oc3ccc(NC(=O)Nc4cc(C(C)(C)C)cc(NS(C)(=O)=O)c4OC)c4ccccc34)ccn2)ccc1C(=O)NCCOCCOCCOP(=O)(O)O,8.1
COc1cc(Nc2cc(Oc3ccc(NC(=O)Nc4cc(C(C)(C)C)cc(NS(C)(=O)=O)c4OC)c4ccccc34)ccn2)ccc1C(=O)NC[C@H](O)[C@H](O)[C@H](O)CO,8.52
COc1cc(Nc2cc(Oc3ccc(NC(=O)Nc4cc(C(C)(C)C)cc(NS(C)(=O)=O)c4OC)c4ccccc34)ccn2)ccc1C(=O)N[C@@H](C)CN1CCOCC1,6.94
COc1cc(Nc2cc(Oc3ccc(NC(=O)Nc4cc(C(C)(C)C)cc(NS(C)(=O)=O)c4OC)c4ccccc34)ccn2)ccc1C(=O)O,7.96
COc1cc(Nc2cc(Oc3ccc(NC(=O)Nc4cc(C(C)(C)C)cc(NS(C)(=O)=O)c4OC)c4ccccc34)ccn2)ccc1P(C)(=O)O,7.96
COc1cc(Nc2cc(Oc3ccc(NC(=O)Nc4cc(C(C)(C)C)cc(NS(C)(=O)=O)c4OC)c4ccccc34)ccn2)ccc1S(=O)(=O)CC(CO)(CO)CO,7.44
COc1cc(Nc2cc(Oc3ccc(NC(=O)Nc4cc(C(C)(C)C)cc(NS(C)(=O)=O)c4OC)c4ccccc34)ccn2)ccc1S(=O)(=O)CCOCCOCCO,6.79
COc1cc(Nc2cc(Oc3ccc(NC(=O)Nc4cc(C(C)(C)C)cc(OC(CO)CO)c4OC)c4ccccc34)ccn2)cc(C(N)=O)c1,6.65
COc1cc(Nc2cc(Oc3ccc(NC(=O)Nc4cc(C(C)(C)C)cc(OCC(CO)(CO)CO)c4OC)c4ccccc34)ccn2)cc(C(N)=O)c1,6.55
COc1cc(Nc2cc(Oc3ccc(NC(=O)Nc4cc(C(C)(C)C)cc(OCCO)c4OC)c4ccccc34)ccn2)cc(C(N)=O)c1,6.68
COc1cc(Nc2cc(Oc3ccc(NC(=O)Nc4cc(C(C)(C)C)cc(P(C)(C)=O)c4OC)c4ccccc34)ccn2)cc(C(N)=O)c1,7.21
COc1cc(Nc2cc(Oc3ccc(NC(=O)Nc4cc(C(C)(C)C)cc(P(C)(C)=O)c4OC)c4ccccc34)ccn2)cc(OC)c1,6.64
COc1cc(Nc2cc(Oc3ccc(NC(=O)Nc4cc(C(C)(C)C)cc(P(C)(C)=O)c4OC)c4ccccc34)ccn2)cc(S(=O)(=O)N(C)C)c1,6.28
COc1cc(Nc2cc(Oc3ccc(NC(=O)Nc4cc(C(C)(C)C)cc(P(C)(C)=O)c4OC)c4ccccc34)ccn2)cc(S(=O)(=O)N(C)CCCN2CCOCC2)c1,7.41
COc1cc(Nc2cc(Oc3ccc(NC(=O)Nc4cc(C(C)(C)C)cc(P(C)(C)=O)c4OC)c4ccccc34)ccn2)cc(S(=O)(=O)N(C)CCN2CCN(C)CC2)c1,8.22
COc1cc(Nc2cc(Oc3ccc(NC(=O)Nc4cc(C(C)(C)C)cc(P(C)(C)=O)c4OC)c4ccccc34)ccn2)cc(S(=O)(=O)N(C)CCN2CCOCC2)c1,6.87
COc1cc(Nc2cc(Oc3ccc(NC(=O)Nc4cc(C(C)(C)C)cc(S(C)(=O)=O)c4OC)c4ccccc34)ccn2)cc(C(=O)NCCN2CCOCC2)c1,7.2
COc1cc(Nc2cc(Oc3ccc(NC(=O)Nc4cc(C(C)(C)C)cc(S(C)(=O)=O)c4OC)c4ccccc34)ccn2)cc(C(=O)NCCN2CC[S+]([O-])CC2)c1,7.32
COc1cc(Nc2cc(Oc3ccc(NC(=O)Nc4cc(C(C)(C)C)cc([S+](C)[O-])c4OC)c4ccccc34)ccn2)cc(C(=O)NCCN2CCOCC2)c1,7.6
COc1cc(Nc2cc(Oc3ccc(NC(=O)Nc4cc(C(C)(C)C)cc([S+](C)[O-])c4OC)c4ccccc34)ccn2)cc(C(=O)NCCN2CC[S+]([O-])CC2)c1,7.8
COc1cc(Nc2cc(Oc3ccc(NC(=O)Nc4cc(C(C)(C)C)cc([S+](C)[O-])c4OC)c4ccccc34)ccn2)cc(C(N)=O)c1,7.42
COc1cc(Nc2cc(Oc3ccc(NC(=O)Nc4cc(C(C)(C)C)cc([S+](C)[O-])c4OC)c4ccccc34)ccn2)cc(OC)c1,6.52
COc1cc(Nc2cc(Oc3ccc(NC(=O)Nc4cc(C(C)(C)C)cc([S+](C)[O-])c4OC)c4ccccc34)ccn2)ccc1C(=O)NCCN1CCOCC1,7.5
COc1cc(Nc2cc(Oc3ccc(NC(=O)Nc4cc(C(C)(C)C)nn4-c4ccc(C)cc4)c4ccccc34)ccn2)cc(C(=O)NCCN2CCOCC2)c1,7.35
COc1cc(Nc2cc(Oc3ccc(NC(=O)Nc4cc(C(C)C)nn4-c4ccc(C)cc4)c4ccccc34)ncn2)cc(C(=O)NCCN2CCOCC2)c1,8.7
COc1cc(Nc2cc(Oc3ccc(NC(=O)Nc4cc(C(C)C)nn4-c4cccc(CP(C)(C)=O)c4)c4ccccc34)ccn2)cc(C(=O)NCCN2CCOCC2)c1,7.62
COc1cc(Nc2cc(Oc3ccc(NC(=O)Nc4cc(C(C)C)nn4-c4cccc(CP(C)(C)=O)c4)c4ccccc34)ccn2)cc(OCCN2CCOCC2)c1,7.24
COc1cc(Nc2nccc(Oc3ccc(NC(=O)Nc4cc(C(C)(C)C)cc(NS(C)(=O)=O)c4OC)c4ccccc34)n2)cc(C(=O)NCCN2CCOCC2)c1,7.47
COc1cc(Nc2nccc(Oc3ccc(NC(=O)Nc4cc(C(C)(C)C)cc(NS(C)(=O)=O)c4OC)c4ccccc34)n2)cc(OCCOCCOCCN(C)C)c1,7.55
COc1cc(Nc2nccc(Oc3ccc(NC(=O)Nc4cc(C(C)(C)C)cc(NS(C)(=O)=O)c4OC)c4ccccc34)n2)cc(OCCOCCOCCN2CCOCC2)c1,7.28
COc1cc(Nc2nccc(Oc3ccc(NC(=O)Nc4cc(C(C)(C)C)cc(NS(C)(=O)=O)c4OC)c4ccccc34)n2)cc(S(=O)(=O)C2CC2)c1,6.57
COc1cc(Nc2nccc(Oc3ccc(NC(=O)Nc4cc(C(C)(C)C)cc(NS(C)(=O)=O)c4OC)c4ccccc34)n2)ccc1C(=O)NCCC1CCN(C)CC1,8.4
COc1cc(Nc2nccc(Oc3ccc(NC(=O)Nc4cc(C(C)(C)C)cc(OCP(C)(C)=O)c4OC)c4ccccc34)n2)cc(OC)c1,6.43
COc1cc(Nc2nccc(Oc3ccc(NC(=O)Nc4cc(C(C)(C)C)cc(P(C)(C)=O)c4OC)c4ccccc34)n2)cc(OC)c1,6.66
COc1cc(Nc2nccc(Oc3ccc(NC(=O)Nc4cc(C(C)(C)C)nn4-c4ccc(C)cc4)c4ccccc34)n2)cc(C(=O)NCCN(C)C)c1,8.4
COc1cc(Nc2nccc(Oc3ccc(NC(=O)Nc4cc(C(C)(C)C)nn4-c4ccc(C)cc4)c4ccccc34)n2)cc(C(=O)NCCN2CCOCC2)c1,7.89
COc1cc(Nc2nccc(Oc3ccc(NC(=O)Nc4cc(C(C)(C)C)nn4-c4ccc(C)cc4)c4ccccc34)n2)cc(C(=O)NCCO)c1,8.1
COc1cc(Nc2nccc(Oc3ccc(NC(=O)Nc4cc(C(C)(C)C)nn4-c4ccc(C)cc4)c4ccccc34)n2)ccc1O,7.11
COc1cc(Nc2nccc(Oc3ccc(NC(=O)Nc4cc(C(C)(C)C)nn4-c4ccc(OC)nc4)c4ccccc34)n2)cc(C(=O)NCCN2CCOCC2)c1,8.3
COc1cc(Nc2nccc(Oc3ccc(NC(=O)Nc4cc(C(C)C)nn4-c4ccc(C)cc4)c4ccccc34)n2)cc(C(=O)N2CCN(C)CC2)c1,8.7
COc1cc(Nc2nccc(Oc3ccc(NC(=O)Nc4cc(C(C)C)nn4-c4ccc(C)cc4)c4ccccc34)n2)cc(C(=O)N2CCOCC2)c1,8.22
COc1cc(Nc2nccc(Oc3ccc(NC(=O)Nc4cc(C(C)C)nn4-c4ccc(C)cc4)c4ccccc34)n2)cc(C(=O)NCCN(C)C)c1,9.0
COc1cc(Nc2nccc(Oc3ccc(NC(=O)Nc4cc(C(C)C)nn4-c4ccc(C)cc4)c4ccccc34)n2)cc(C(=O)NCCN2CCOCC2)c1,8.03
COc1cc(Nc2nccc(Oc3ccc(NC(=O)Nc4cc(C(C)C)nn4-c4ccc(C)cc4)c4ccccc34)n2)cc(C(=O)NCCO)c1,7.35
COc1cc(Nc2nccc(Oc3ccc(NC(=O)Nc4cc(C(C)C)nn4-c4ccc(OC)nc4)c4ccccc34)n2)cc(C(=O)NCCN2CCOCC2)c1,8.22
COc1cc(Nc2nccc(Oc3ccc(NC(=O)Nc4cc(C(C)C)nn4-c4cccc(CP(C)(C)=O)c4)c4ccccc34)n2)cc(C(=O)NCCN2CCOCC2)c1,8.0
COc1cc(Nc2nccc(Oc3ccc(NC(=O)Nc4cc(C(C)C)nn4-c4cccc(CP(C)(C)=O)c4)c4ccccc34)n2)cc(OCCN2CCOCC2)c1,7.89
COc1cc(Nc2nccc(Oc3ccc(NC(=O)Nc4cc(C(F)(F)C(F)(F)F)nn4-c4ccc(C)cc4)c4ccccc34)n2)cc(C(=O)NCCN2CCOCC2)c1,7.035
COc1cc(Nc2nccc(Oc3ccc(NC(=O)Nc4cc(C(F)(F)F)nn4-c4ccc(C)cc4)c4ccccc34)n2)cc(C(=O)NCCN2CCOCC2)c1,7.75
COc1cc(Nc2nccc(Oc3ccc(NC(=O)Nc4cc(C5(C)CC5)nn4-c4ccc(C)cc4)c4ccccc34)n2)cc(C(=O)NCCN2CCOCC2)c1,7.82
COc1cc(Nc2nccc(Oc3ccc(NC(=O)Nc4cc(C5CC5)nn4-c4ccc(C)cc4)c4ccccc34)n2)cc(C(=O)NCCN2CCOCC2)c1,8.7
COc1cc(Nc2ncnc(-n3c(Nc4c(C)cccc4C)nc4ccccc43)n2)cc(OC)c1OC,7.11
COc1cc(Nc2ncnc(-n3c(Nc4ccccc4)nc4ccccc43)n2)cc(OC)c1OC,6.33
COc1cc(OC)cc(C(=O)Nc2ccc(C)c(C(=O)Nc3cnc(Nc4ccc(N5CCN(C)CC5)cc4)nc3)c2)c1,8.4
COc1cc2[nH]cc(C(=O)C(=O)N(C)C)c2cc1C(=O)N1CCC(Cc2ccc(F)cc2)CC1,8.0
COc1cc2[nH]ccc2cc1C(=O)N1CCN(Cc2ccccc2)CC1,6.02
COc1cc2[nH]ccc2cc1C(=O)N1C[C@H](C)N(Cc2ccccc2)C[C@H]1C,7.43
COc1cc2c(Oc3ccc(NC(=O)C4(C(=O)Nc5ccc(F)cc5)CC4)cc3F)ccnc2cc1OCCCN1CCOCC1,6.5
COc1cc2c(cc1C(=O)N1CCn3c(cnc3-c3ccc(F)cc3F)C1)c(C(=O)C(=O)N(C)C)cn2C,7.89
COc1cc2c(cc1F)C(c1ccccc1Cl)=Nc1c(n[nH]c1C)N2,6.1
COc1cc2c(ccn2C)cc1C(=O)N1CCn2c(cnc2-c2ccc(F)cc2F)C1,7.42
COc1cc2nccc(Oc3ccc(NC(=O)NC4CC4)c(Cl)c3)c2cc1C(N)=O,6.66
COc1cc2nccc(Oc3ccc(NC(=O)c4c(C)n(C)n(-c5ccccc5)c4=O)cc3F)c2cc1OC,6.0
COc1cc2ncnc(Nc3cc(NC(=O)c4cccc(N(C)C)c4)ccc3C)c2cc1OC,7.52
COc1cc2ncnc(Nc3cc(NC(=O)c4cccc(N(C)C)c4)ccc3Cl)c2cc1OC,7.4
COc1cc2ncnc(Nc3cc(NC(=O)c4cccc(N5CCOCC5)c4)ccc3C)c2cc1OC,8.0
COc1cc2ncnc(Nc3cc(NC(=O)c4ccccc4)c(Cl)cc3F)c2cc1OC,6.29
COc1cc2ncnc(Nc3cc(NC(=O)c4ccccc4)c(F)cc3F)c2cc1OC,7.3
COc1cc2ncnc(Nc3cc(NC(=O)c4ccccc4)ccc3C)c2cc1OC,7.16
COc1cc2ncnc(Nc3cc(NC(=O)c4ccccc4)ccc3Cl)c2cc1OC,7.1
COc1cc2ncnc(Nc3cc(NC(=O)c4ccnc(N5CCOCC5)c4)ccc3C)c2cc1OCCN(C(C)C)C(C)C,7.3
COc1cc2ncnc(Nc3cc(NC(=O)c4ccnc(N5CCOCC5)c4)ccc3C)c2cc1OCCN(C)C,7.52
COc1cc2ncnc(Nc3cc(NC(=O)c4ccnc(N5CCOCC5)c4)ccc3C)c2cc1OCCN1CCCC1,7.465
COc1cc2ncnc(Nc3cc(NC(=O)c4ccnc(N5CCOCC5)c4)ccc3C)c2cc1OCCN1CCCCC1,7.3
COc1cc2ncnc(Nc3cc(NC(=O)c4ccnc(N5CCOCC5)c4)ccc3C)c2cc1OCCN1CCOCC1,7.7
COc1cc2ncnc(Nc3ccc(Cl)c(NC(=O)c4ccccc4)c3)c2cc1OC,6.21
COc1cc2ncnc(Nc3ccc(F)c(Cl)c3)c2cc1OCCCN1CCOCC1,6.3
COc1cc2ncnc(Nc3cccc(Cl)c3)c2cc1OC,6.25
COc1cc2ncnc(Nc3cccc(NC(=O)c4cccc(N(C)C)c4)c3)c2cc1OC,6.68
COc1cc2ncnc(Nc3cccc(NC(=O)c4ccccc4)c3)c2cc1OC,6.85
COc1cc2ncnc(Nc3cccc(NC(=O)c4ccccc4)c3F)c2cc1OC,6.16
COc1cc2ncnc(Oc3ccc(NC(=O)Nc4cccc(C(F)(F)F)c4)cc3)c2cc1OC,6.1
COc1cc2ncnc(Oc3cccc(NC(=O)Nc4cc(C(C)(C)C(F)(F)F)on4)c3)c2cc1OC,6.25
COc1cc2occ(C(=O)C(=O)N(C)C)c2cc1C(=O)N1CCC(Cc2ccc(F)cc2)CC1,6.22
COc1ccc(-c2ccc(C(=O)Nc3cc(C(=O)NC4CC4)ccc3C)s2)cc1,8.39
COc1ccc(-c2nc(-c3ccc(F)cc3)c(-c3ccnc4[nH]c(-c5ccccc5)cc34)[nH]2)cc1,7.16
COc1ccc(-c2nn(-c3cccc(NC(=O)Nc4cc(C(F)(F)F)cc(C(F)(F)F)c4)c3)cc2-c2ccncc2)cc1Cl,6.109999999999999
COc1ccc(-c2nn(-c3cccc(NC(=O)c4cccc(C(F)(F)F)c4)c3)cc2-c2ccncc2)cc1Cl,6.970000000000001
COc1ccc(-n2nc(C(C)(C)C)cc2NC(=O)Nc2ccc(OCc3ccnc4[nH]c(=O)cnc34)c3ccccc23)cc1,7.92
COc1ccc(-n2nc(C(C)(C)C)cc2NC(=O)Nc2ccc(Oc3cc(Nc4cc(OC)cc(C(=O)NCCN5CCOCC5)c4)ncn3)c(C)c2C)cc1,8.02
COc1ccc(-n2nc(C(C)(C)C)cc2NC(=O)Nc2ccc(Oc3ccnc(Nc4cc(Br)cc(C(N)=O)c4)n3)c3ccccc23)cc1,6.78
COc1ccc(-n2nc(C(C)(C)C)cc2NC(=O)Nc2ccc(Oc3ccnc(Nc4cc(C)c5[nH]ncc5c4)n3)c3ccccc23)cc1,7.17
COc1ccc(-n2nc(C(C)(C)C)cc2NC(=O)Nc2ccc(Oc3ccnc(Nc4cc(OC)cc(C(=O)NCCN5CCOCC5)c4)n3)c3ccccc23)cc1,7.92
COc1ccc(-n2nc(C(C)(C)C)cc2NC(=O)Nc2ccc(Oc3ccnc(Nc4cc(OC)cc(C(N)=O)c4)n3)c3ccccc23)cc1,7.3
COc1ccc(-n2nc(C(C)(C)C)cc2NC(=O)Nc2ccc(Oc3ccnc(Nc4ccc(O)cc4)n3)c3ccccc23)cc1,7.22
COc1ccc(-n2nc(C(C)(C)C)cc2NC(=O)Nc2ccc(Oc3ccnc(Nc4ccc5[nH]ccc5c4)n3)c3ccccc23)cc1,6.74
COc1ccc(-n2nc(C(C)(C)C)cc2NC(=O)Nc2ccc(Oc3ccnc(Nc4ccc5[nH]ccc5c4)n3)c3ccccc23)cn1,7.2
COc1ccc(-n2nc(C(C)(C)C)cc2NC(=O)Nc2ccc(Oc3ccnc(Nc4ccc5[nH]nc(C(=O)N(C)C)c5c4)n3)c3ccccc23)cc1,7.5
COc1ccc(-n2nc(C(C)(C)C)cc2NC(=O)Nc2ccc(Oc3ccnc(Nc4ccc5[nH]nc(C(=O)N6CCOCC6)c5c4)n3)c3ccccc23)cn1,8.0
COc1ccc(-n2nc(C(C)(C)C)cc2NC(=O)Nc2ccc(Oc3ccnc(Nc4ccc5[nH]nc(OCCN6CCOCC6)c5c4)n3)c3ccccc23)cc1,7.77
COc1ccc(-n2nc(C(C)(C)C)cc2NC(=O)Nc2ccc(Oc3ccnc(Nc4ccc5[nH]ncc5c4)n3)c3ccccc23)cc1,7.17
COc1ccc(-n2nc(C(C)(C)C)cc2NC(=O)Nc2ccc(Oc3ccnc(Nc4ccc5[nH]ncc5c4)n3)c3ccccc23)cn1,7.52
COc1ccc(-n2nc(C(C)(C)C)cc2NC(=O)Nc2ccc(Oc3ccnc(Nc4ccc5c(cnn5C)c4)n3)c3ccccc23)cc1,6.89
COc1ccc(-n2nc(C(C)(C)C)cc2NC(=O)Nc2ccc(Oc3ccnc(Nc4ccc5c(cnn5CCN5CCOCC5)c4)n3)c3ccccc23)cc1,7.82
COc1ccc(-n2nc(C(C)(C)C)cc2NC(=O)Nc2ccc(Oc3ccnc(Nc4cccc(C(=O)NCCN5CCOCC5)c4)n3)c3ccccc23)cc1,8.0
COc1ccc(-n2nc(C(C)(C)C)cc2NC(=O)Nc2ccc(Oc3ccnc(Nc4ccccc4)n3)c3ccccc23)cc1,6.77
COc1ccc(-n2nc(C(C)(C)C)cc2NC(=O)Nc2ccc(Oc3ccnc4[nH]c(=O)[nH]c34)c3ccccc23)cc1,7.68
COc1ccc(-n2nc(C(C)(C)C)cc2NC(=O)Nc2ccc(Oc3ccnc4[nH]c(=O)[nH]c34)c3ncccc23)cc1,8.3
COc1ccc(-n2nc(C(C)(C)C)cc2NC(=O)Nc2ccc(Oc3ccnc4[nH]c(=O)cnc34)c3ccccc23)cc1,8.085
COc1ccc(-n2nc(C(C)(C)C)cc2NC(=O)Nc2ccc(Oc3ccnc4[nH]c(=O)n(C(C)C)c34)c3ccccc23)cc1,7.96
COc1ccc(-n2nc(C(C)(C)C)cc2NC(=O)Nc2ccc(Oc3ccnc4[nH]c(=O)n(C)c34)c(Cl)c2Cl)cc1,8.15
COc1ccc(-n2nc(C(C)(C)C)cc2NC(=O)Nc2ccc(Oc3ccnc4[nH]c(=O)n(C)c34)c3ccccc23)cc1,8.22
COc1ccc(-n2nc(C(C)(C)C)cc2NC(=O)Nc2ccc(Oc3ccnc4[nH]c(=O)n(C)c34)c3ccccc23)cn1,8.15
COc1ccc(-n2nc(C(C)(C)C)cc2NC(=O)Nc2ccc(Oc3ncnc4[nH]c(=O)cnc34)c3ccccc23)cc1,7.77
COc1ccc(-n2nc(C(C)(C)C)cc2NC(=O)Nc2cccc(Cl)c2Cl)cc1,7.28
COc1ccc(-n2nc(C(C)C)cc2NC(=O)Nc2ccc(Oc3cc(Nc4ccc5[nH]ncc5c4)ncn3)c3ccccc23)cc1,8.0
COc1ccc(-n2nc(C(C)C)cc2NC(=O)Nc2ccc(Oc3ccnc(Nc4cc(C(=O)NCCN5CCOCC5)cc(C(F)(F)F)c4)n3)c3ccccc23)cc1,7.695
COc1ccc(-n2nc(C(C)C)cc2NC(=O)Nc2ccc(Oc3ccnc(Nc4cc(C)c5[nH]ncc5c4)n3)c3ccccc23)cc1,7.42
COc1ccc(-n2nc(C(C)C)cc2NC(=O)Nc2ccc(Oc3ccnc(Nc4cc(C)cc(C(=O)NCCN5CCOCC5)c4)n3)c3ccccc23)cc1,8.4
COc1ccc(-n2nc(C(C)C)cc2NC(=O)Nc2ccc(Oc3ccnc(Nc4cc(Cl)cc(C(=O)NCCN5CCOCC5)c4)n3)c3ccccc23)cc1,7.7
COc1ccc(-n2nc(C(C)C)cc2NC(=O)Nc2ccc(Oc3ccnc(Nc4cc(OC)cc(C(=O)NCCN(C)C)c4)n3)c3ccccc23)cc1,9.0
COc1ccc(-n2nc(C(C)C)cc2NC(=O)Nc2ccc(Oc3ccnc(Nc4cc(OC)cc(C(=O)NCCN5CCOCC5)c4)c3)c3ccccc23)cc1,8.15
COc1ccc(-n2nc(C(C)C)cc2NC(=O)Nc2ccc(Oc3ccnc(Nc4cc(OC)cc(C(=O)NCCN5CCOCC5)c4)n3)c3ccccc23)cc1,8.065
COc1ccc(-n2nc(C(C)C)cc2NC(=O)Nc2ccc(Oc3ccnc(Nc4cc(OC)cc(C(=O)NCCO)c4)n3)c3ccccc23)cc1,7.64
COc1ccc(-n2nc(C(C)C)cc2NC(=O)Nc2ccc(Oc3ccnc(Nc4ccc(C(=O)NCCN5CCOCC5)cc4OC)n3)c3ccccc23)cc1,7.92
COc1ccc(-n2nc(C(C)C)cc2NC(=O)Nc2ccc(Oc3ccnc(Nc4ccc5[nH]nc(C(=O)N(C)C)c5c4)n3)c3ccccc23)cc1,7.92
COc1ccc(-n2nc(C(C)C)cc2NC(=O)Nc2ccc(Oc3ccnc(Nc4ccc5[nH]nc(OCCN6CCOCC6)c5c4)n3)c3ccccc23)cc1,8.3
COc1ccc(-n2nc(C(C)C)cc2NC(=O)Nc2ccc(Oc3ccnc(Nc4cccc(C(=O)NCCN5CCOCC5)c4)n3)c3ccccc23)cc1,8.3
COc1ccc(-n2nc(C3CCOC3)cc2NC(=O)Nc2ccc(Oc3ccnc(Nc4cc(OC)cc(C(=O)NCCN5CCOCC5)c4)n3)c3ccccc23)cc1,8.7
COc1ccc(-n2nc(C3CCOC3)cc2NC(=O)Nc2ccc(Oc3ccnc(Nc4ccc5[nH]ncc5c4)n3)c3ccccc23)cc1,8.15
COc1ccc(/C(C)=N/OC(N)=O)cc1OC1CCCC1,6.02
COc1ccc(/C=C/C(=O)Nc2cc(-c3[nH]c(SC)nc3-c3ccc(F)cc3)ccn2)c(OC)c1,7.72
COc1ccc(/C=C/C(=O)Nc2cc(-c3[nH]c(SC)nc3-c3ccc(F)cc3)ccn2)cc1,8.0
COc1ccc(/C=C/C(=O)Nc2cc(-c3[nH]c([S+](C)[O-])nc3-c3ccc(F)cc3)ccn2)c(OC)c1,7.39
COc1ccc(/C=C/C(=O)Nc2cc(-c3c(-c4ccc(F)cc4)nc(SC)n3C)ccn2)c(OC)c1,6.55
COc1ccc(/C=C/C(=O)Nc2cc(-c3c(-c4ccc(F)cc4)nc(SC)n3C)ccn2)cc1,7.75
COc1ccc(C#CC(C)(C)N)cc1C(=O)c1ccc(Nc2ccc(F)cc2F)cc1,7.85
COc1ccc(C(=O)C(=O)N(C)C)cc1C(=O)N1CCC(Cc2ccc(F)cc2)CC1,6.03
COc1ccc(C(=O)NCCN2CCOCC2)cc1Nc1nccc(Oc2ccc(NC(=O)Nc3cc(C(C)(C)C)nn3-c3ccc(C)cc3)c3ccccc23)n1,8.1
COc1ccc(C(=O)NCCN2CCOCC2)cc1Nc1nccc(Oc2ccc(NC(=O)Nc3cc(C(C)C)nn3-c3ccc(C)cc3)c3ccccc23)n1,8.52
COc1ccc(C(=O)NCCO)cc1Nc1nccc(Oc2ccc(NC(=O)Nc3cc(C(C)(C)C)nn3-c3ccc(C)cc3)c3ccccc23)n1,8.4
COc1ccc(C(=O)NCCO)cc1Nc1nccc(Oc2ccc(NC(=O)Nc3cc(C(C)C)nn3-c3ccc(C)cc3)c3ccccc23)n1,9.0
COc1ccc(C(=O)NN2CCOCC2)cc1-c1n[nH]c2nc(Nc3ccc(F)cc3F)ccc12,9.15
COc1ccc(C(=O)Nc2cc(NC(=O)c3cccc(N(C)C)c3)ccc2Br)cc1OC,6.47
COc1ccc(C(=O)Nc2cc(NC(=O)c3cccc(N(C)C)c3)ccc2C)c(OC)c1,7.0
COc1ccc(C(=O)Nc2cc(NC(=O)c3cccc(N(C)C)c3)ccc2C)cc1,6.75
COc1ccc(C(=O)Nc2cc(NC(=O)c3cccc(N(C)C)c3)ccc2C)cc1OC,6.75
COc1ccc(C(=O)Nc2cc(NC(=O)c3cccc(N(C)C)c3)ccc2Cl)cc1OC,6.66
COc1ccc(C(=O)Nc2cccc(Nc3ccc4c(c3)CCCCC4=O)c2)cc1,7.08
COc1ccc(C(C)(C)C)cc1NC(=O)C(=O)c1ccc(OCCN2CCOCC2)c2ccccc12,6.6
COc1ccc(C(C)(C)C)cc1NC(=O)Nc1ccc(-c2ccc(CN3CCOCC3)nc2)c2ccccc12,8.74
COc1ccc(C2=N/C(=C/c3ccc(O)cc3)C(=O)N2c2ccc(S(N)(=O)=O)cc2)cc1,6.85
COc1ccc(C2=NNc3cccc4c(OC)ccc2c34)cc1OC,6.3
COc1ccc(CCC(=O)Nc2cc(-c3[nH]c(SC)nc3-c3ccc(F)cc3)ccn2)cc1,7.26
COc1ccc(CNC(=O)c2ccc(-c3cc(-c4nnc(C)o4)ccc3C)cc2)cc1,6.6899999999999995
COc1ccc(CNCCCN(c2ccc(=O)n(-c3ccccc3Cl)n2)c2ccccc2Cl)c(OC)c1OC,6.31
COc1ccc(CNc2nccc(-c3[nH]c(Cc4cccc(C#N)c4)nc3-c3ccc(F)cc3)n2)cc1,6.83
COc1ccc(CNc2nccc(-c3c(-c4ccc(F)cc4)ncn3Cc3cccc(C#N)c3)n2)cc1,6.72
COc1ccc(CNc2nccn(-c3cc(C(=O)NC4CC4)ccc3C)c2=O)cc1,6.1
COc1ccc(COC[C@@H]2CCc3nc(-c4ccc(F)cc4)c(-c4ccnc(N)n4)n32)cc1,6.53
COc1ccc(COC[C@H]2CCc3nc(-c4ccc(F)cc4)c(-c4ccnc(N)n4)n32)cc1,6.94
COc1ccc(N(C(=O)Nc2ccccc2C)c2ccnc(N[C@@H](C)C(C)(C)O)n2)cc1,6.87
COc1ccc(N(C(=O)Nc2ccccc2Cl)c2ccnc(N[C@@H](C)C(C)(C)O)n2)cc1,7.04
COc1ccc(N(C(=O)Oc2c(C)cccc2C)c2ccnc(Nc3cc(OC)c(N4CCN(C)CC4)c(OC)c3)n2)c(OC)c1,6.37
COc1ccc(N(C(=O)Oc2c(C)cccc2C)c2ccnc(Nc3cc(OC)c(OCCCN4CCN(C)CC4)c(OC)c3)n2)c(OC)c1,6.28
COc1ccc(N(C(=O)Oc2c(C)cccc2C)c2ccnc(Nc3cc(OC)c(OCCN4CCN(C)CC4)c(OC)c3)n2)c(OC)c1,6.75
COc1ccc(N(C(=O)Oc2c(C)cccc2C)c2ccnc(Nc3ccc(N4CCN(C)CC4)c(F)c3)n2)c(OC)c1,6.0
COc1ccc(N(C(=O)Oc2c(C)cccc2C)c2ccnc(Nc3ccc(N4CCN(C)CC4)c(OC)c3)n2)c(OC)c1,6.36
COc1ccc(N(C(=O)Oc2c(C)cccc2C)c2ccnc(Nc3ccc(N4CCN(C)CC4)cc3)n2)cc1,6.5
COc1ccc(N2C(=O)/C(=C/c3ccc(OCC(=O)Nc4ccc(C)cc4)cc3)N=C2c2ccccc2)cc1,6.46
COc1ccc(N2C(=O)/C(=C/c3ccc(OCC(=O)Nc4ccc(Cl)cc4)cc3)N=C2c2ccccc2)cc1,7.36
COc1ccc(N2C(=O)/C(=C/c3ccc(OCC(=O)Nc4cccc(C)c4)cc3)N=C2c2ccccc2)cc1,7.11
COc1ccc(N2C(=O)/C(=C/c3ccc(OCC(=O)Nc4cccc(Cl)c4)cc3)N=C2c2ccccc2)cc1,8.35
COc1ccc(N2C(=O)/C(=C/c3ccc(OCC(=O)Nc4cccc(OC)c4)cc3)N=C2c2ccccc2)cc1,7.64
COc1ccc(N2C(=O)/C(=C/c3ccc(OCC(=O)Nc4ccccc4)cc3)N=C2c2ccccc2)cc1,6.45
COc1ccc(N2C(=O)/C(=C/c3ccc(OCC(=O)Nc4ccccc4C)cc3)N=C2c2ccccc2)cc1,7.25
COc1ccc(N2C(=O)/C(=C/c3ccc(OCC(=O)Nc4ccccc4Cl)cc3)N=C2c2ccccc2)cc1,8.33
COc1ccc(N2C(=O)/C(=C/c3ccc(OCC(=O)Nc4ccccc4OC)cc3)N=C2c2ccccc2)cc1,7.47
COc1ccc(NC(=O)COc2ccc(/C=C3\N=C(c4ccccc4)N(c4ccc(OC)cc4)C3=O)cc2)cc1,6.46
COc1ccc(NC(=O)COc2ccc(/C=C3\N=C(c4ccccc4)N(c4cccc(OC)c4)C3=O)cc2)cc1,8.37
COc1ccc(NC(=O)c2ccc(-c3cc(-c4nnc(C)o4)ccc3C)cc2)cc1,6.04
COc1ccc(NC(=O)c2ccc(-c3cc(C(=O)NC4CC4)ccc3C)cc2)cc1,7.765000000000001
COc1ccc(NC(=O)c2ccc(C)c(-c3ccc(C(=O)Nc4cccc(C#N)c4)cc3)c2)cc1,6.14
COc1ccc(Nc2ncc3nc(Nc4ccccc4F)n([C@H]4CC[C@@H](C(N)=O)CC4)c3n2)cc1,6.62
COc1ccc(Nc2ncc3nc(Nc4ccccc4F)n([C@H]4CC[C@H](N)CC4)c3n2)cc1,6.68
COc1ccc(Nc2nccc(Oc3ccc(NC(=O)Nc4cc(C(C)(C)C)nn4-c4ccc(C)cc4)c4ccccc34)n2)c(OC)c1,6.82
COc1ccc(Nc2nccc(Oc3ccc(NC(=O)Nc4cc(C(C)(C)C)nn4-c4ccc(C)cc4)c4ccccc34)n2)cc1,7.08
COc1ccc(Nc2nccc(Oc3ccc(NC(=O)Nc4cc(C(C)(C)C)nn4-c4ccc(C)cc4)c4ccccc34)n2)cc1OC,6.98
COc1ccc(Nc2nccc(Oc3ccc(NC(=O)Nc4cc(C(C)C)nn4-c4ccc(C)cc4)c4ccccc34)n2)cc1C(=O)NCCN1CCOCC1,8.3
COc1ccc(Nc2nccc(Oc3ccc(NC(=O)Nc4cc(CC(C)C)nn4-c4ccc(C)cc4)c4ccccc34)n2)cc1C(=O)NCCN1CCOCC1,7.62
COc1ccc(OC)c(N(C(=O)Oc2c(C)cccc2C)c2ccnc(Nc3ccc(N4CCN(C)CC4)cc3)n2)c1,6.7
COc1ccc(Oc2nccc(-c3c(-c4ccc(F)cc4)ncn3C3CCNCC3)n2)cc1,7.8
COc1ccc(S(=O)(=O)NCCCNc2cc(-c3[nH]c(-c4ccccc4)nc3-c3cccc(O)c3)ccn2)cc1,6.89
COc1ccc(S(=O)(=O)NCCCNc2nccc(-c3[nH]c(-c4ccccc4)nc3-c3ccc(F)c(O)c3)n2)cc1,7.07
COc1ccc2c(c1)C(=O)c1ccc(Nc3cc(F)cc(F)c3F)cc1CC2,6.335
COc1ccc2c(c1)C(=O)c1ccc(Nc3ccc(F)c(C)c3)cc1CC2,6.5600000000000005
COc1ccc2c(c1)C(=O)c1ccc(Nc3ccc(F)c(NC(=O)c4ccccc4)c3)cc1CC2,6.535
COc1ccc2c(c1)C(=O)c1ccc(Nc3ccc(F)cc3C)cc1CC2,6.3149999999999995
COc1ccc2c(c1)C(=O)c1ccc(Nc3ccc(F)cc3Cl)cc1CC2,6.335
COc1ccc2c(c1)C(=O)c1ccc(Nc3ccc(F)cc3F)cc1CC2,6.640000000000001
COc1ccc2c(c1)C(=O)c1ccc(Nc3ccc(F)cc3F)cc1OC2,6.135
COc1ccc2c(c1)C(=O)c1ccc(Nc3ccc(F)cc3N)cc1CC2,6.5600000000000005
COc1ccc2c(c1)C(=O)c1ccc(Nc3ccccc3)cc1CC2,6.33
COc1ccc2c(c1)C(=O)c1ccc(Nc3ccccc3F)cc1CC2,6.234999999999999
COc1ccc2c(c1)C(=O)c1ccc(Nc3ccccc3N)cc1CC2,6.61
COc1ccc2c(c1)C(=O)c1ccc(Oc3ccc(F)cc3F)cc1CC2,7.0
COc1ccc2c(c1)CCc1cc(Nc3ccc(F)cc3F)ccc1C2=O,6.345000000000001
COc1ccc2c(c1)CCc1cc(Nc3ccccc3N)ccc1C2=O,6.035
COc1ccc2c(c1)COc1cc(Nc3ccc(F)cc3F)ccc1C2=O,6.66
COc1cccc(-c2c(N)c(C(=O)c3ccc(F)cc3F)cc[n+]2[O-])c1OC,7.43
COc1cccc(-c2cc(-c3ccc(Cl)cc3)[nH]c2-c2ccncc2)c1,6.38
COc1cccc(-c2nc(-c3ccccc3)[nH]c2-c2ccnc(NCCCNS(=O)(=O)c3ccc(C(F)(F)F)cc3)c2)c1,6.01
COc1cccc(-c2nc3sccn3c2-c2ccnc(NCCCNS(=O)(=O)c3cccc(F)c3)n2)c1,7.06
COc1cccc(-c2nc3sccn3c2-c2ccnc(NCCNS(=O)(=O)c3ccc(C(F)(F)F)cc3)n2)c1,7.01
COc1cccc(-c2nn(-c3ccccc3)cc2-c2ccncc2)c1,6.29
COc1cccc(-n2nc(C(C)(C)C)cc2NC(=O)Nc2cccc(Cl)c2Cl)c1,7.46
COc1cccc(C(=O)Nc2ccc(C)c(-n3cnc4ccc(N5CCN(C)CC5)cc4c3=O)c2)c1,6.53
COc1cccc(C(=O)Nc2cccc(Nc3ccc4c(c3)CCCCC4=O)c2)c1,6.8
COc1cccc(C(=O)Nc2cccc(Nc3ccc4c(c3)CCc3ccccc3C4=O)c2)c1,7.89
COc1cccc(C)c1N1C(=O)NCc2nc(Sc3ccc(F)cc3)ccc21,7.0
COc1cccc(CCC(=O)Nc2cc(-c3[nH]c(SC)nc3-c3ccc(F)cc3)ccn2)c1,7.44
COc1cccc(CNC(=O)c2ccc(-c3cc(-c4nnc(C)o4)ccc3C)cc2)c1,6.824999999999999
COc1cccc(CNC(=O)c2ccc(-c3cc(C(=O)NC4CC4)ccc3C)cc2)c1,8.02
COc1cccc(CNc2nccn(-c3cc(C(=O)NC4CC4)ccc3C)c2=O)c1,6.9
COc1cccc(N2C(=O)/C(=C/c3ccc(OCC(=O)Nc4ccc(C)cc4)cc3)N=C2c2ccccc2)c1,8.35
COc1cccc(N2C(=O)/C(=C/c3ccc(OCC(=O)Nc4ccc(Cl)cc4)cc3)N=C2c2ccccc2)c1,8.34
COc1cccc(N2C(=O)/C(=C/c3ccc(OCC(=O)Nc4cccc(C)c4)cc3)N=C2c2ccccc2)c1,7.06
COc1cccc(N2C(=O)/C(=C/c3ccc(OCC(=O)Nc4cccc(Cl)c4)cc3)N=C2c2ccccc2)c1,8.43
COc1cccc(N2C(=O)/C(=C/c3ccc(OCC(=O)Nc4ccccc4)cc3)N=C2c2ccccc2)c1,7.46
COc1cccc(N2C(=O)/C(=C/c3ccc(OCC(=O)Nc4ccccc4C)cc3)N=C2c2ccccc2)c1,7.18
COc1cccc(N2C(=O)/C(=C/c3ccc(OCC(=O)Nc4ccccc4Cl)cc3)N=C2c2ccccc2)c1,8.25
COc1cccc(N2C(=O)/C(=C/c3ccc(OCC(=O)Nc4ccccc4OC)cc3)N=C2c2ccccc2)c1,7.27
COc1cccc(NC(=O)COc2ccc(/C=C3\N=C(c4ccccc4)N(c4cccc(OC)c4)C3=O)cc2)c1,8.19
COc1cccc(Nc2cc(Oc3ccc(NC(=O)Nc4cc(C(C)(C)C)cc(C(=O)NC5COC5)c4OC)c4ccccc34)ccn2)c1,6.76
COc1cccc(Nc2cc(Oc3ccc(NC(=O)Nc4cc(C(C)(C)C)cc(C(=O)NCCN5CCOCC5)c4OC)c4ccccc34)ccn2)c1,6.09
COc1cccc(Nc2cc(Oc3ccc(NC(=O)Nc4cc(C(C)(C)C)cc(CC(N)=O)c4OC)c4ccccc34)ccn2)c1,6.96
COc1cccc(Nc2cc(Oc3ccc(NC(=O)Nc4cc(C(C)(C)C)cc(CNC(C)=O)c4OC)c4ccccc34)ccn2)c1,6.89
COc1cccc(Nc2cc(Oc3ccc(NC(=O)Nc4cc(C(C)(C)C)cc(P(C)(C)=O)c4OC)c4ccccc34)ccn2)c1,6.65
COc1cccc(Nc2cc(Oc3ccc(NC(=O)Nc4cc(C(C)(C)C)cc([S+](C)[O-])c4OC)c4ccccc34)ccn2)c1,6.75
COc1cccc(Nc2nccc(Oc3ccc(NC(=O)Nc4cc(C(C)(C)C)nn4-c4ccc(C)cc4)c4ccccc34)n2)c1,6.92
COc1cccc(OC)c1-c1c(N)c(C(=O)c2ccc(F)cc2F)cc[n+]1[O-],7.82
COc1cccc(OC)c1-c1c2nccc(-c3ccc(F)cc3F)c2cc[n+]1[O-],6.85
COc1cccc(Oc2nccc(-c3c(-c4ccc(F)cc4)ncn3C3CCNCC3)n2)c1,7.7
COc1cccc2c1C(=O)c1ccc(Nc3ccc(F)cc3F)cc1OC2,6.55
COc1cccc2c1COc1cc(Nc3ccc(F)cc3F)ccc1C2=O,7.2
COc1cccc2c1COc1cc(Nc3ccc(F)cc3N)ccc1C2=O,7.06
COc1cccc2c1COc1cc(Nc3ccccc3N)ccc1C2=O,7.03
COc1cccc2c1C[C@@H](NC(=O)Nc1cc(C(C)(C)C)cc([C@H](O)C(F)(F)F)c1OC)[C@H]2O,7.62
COc1ccccc1-c1c(N)c(C(=O)c2ccc(F)cc2F)cc[n+]1[O-],7.64
COc1ccccc1-c1c2nccc(-c3ccc(F)cc3F)c2cc[n+]1[O-],6.84
COc1ccccc1-c1ccnc2c(-c3c(F)cccc3F)[n+]([O-])ccc12,7.11
COc1ccccc1-c1nc(C)[nH]c1-c1ccnc(NC(=O)C2CC2)c1,6.3
COc1ccccc1-c1nnc2ccc(-c3ocnc3-c3ccc(F)cc3)cn12,9.4
COc1ccccc1C(=O)N1CCC(Cc2ccccc2)CC1,6.13
COc1ccccc1C(=O)Nc1ccc(C)c(-n2cnc3ccc(N4CCN(C)CC4)cc3c2=O)c1,6.97
COc1ccccc1C(=O)Nc1ccc(C)c(C(=O)Nc2cnc(Nc3ccc(N4CCN(C)CC4)cc3)nc2)c1,8.1
COc1ccccc1C(=O)Nc1cccc(Nc2ccc3c(c2)CCCCC3=O)c1,6.66
COc1ccccc1C(=O)c1cc[n+]([O-])c(-c2ccccc2Cl)c1N,6.83
COc1ccccc1C(=O)c1ccc(Nc2ccccc2N)cc1Cl,8.3
COc1ccccc1CNC(=O)c1cc(C(=O)c2ccccc2C)c[nH]1,6.5
COc1ccccc1CNc1nccn(-c2cc(C(=O)NC3CC3)ccc2C)c1=O,7.5
COc1ccccc1N(C(=O)Oc1c(C)cccc1C)c1ccnc(Nc2ccc(N3CCN(C)CC3)cc2)n1,6.38
COc1ccccc1NC(=O)c1ccc(-c2cc(-c3nnc(C)o3)ccc2C)cc1,6.199999999999999
COc1ccccc1Nc1ccc2c(-c3ccccc3)n[nH]c2c1,7.34
COc1ccccc1Nc1nccc(Oc2ccc(NC(=O)Nc3cc(C(C)(C)C)nn3-c3ccc(C)cc3)c3ccccc23)n1,6.79
COc1ccccc1Oc1nccc(-c2c(-c3ccc(F)cc3)ncn2C2CCNCC2)n1,7.6
COc1cncc(Nc2cc(Oc3ccc(NC(=O)Nc4cc(C(C)(C)C)cc(CC(N)=O)c4OC)c4ccccc34)ccn2)c1,7.37
COc1cncc(Nc2cc(Oc3ccc(NC(=O)Nc4cc(C(C)(C)C)cc(P(C)(C)=O)c4OC)c4ccccc34)ccn2)c1,7.25
COc1nc(Nc2ccc(N3CCN(C)CC3)cc2)ncc1C(=O)Nc1cc(C(=O)Nc2cccc(C(F)(F)F)c2F)ccc1C,6.07
COc1nc2[nH]cc(C(=O)C(=O)N(C)C)c2cc1C(=O)N1CCC(Cc2ccc(F)cc2)CC1,7.22
COc1nc2[nH]cc(C(=O)C(=O)N(C)C)c2cc1C(=O)N1CCc2c(cnn2-c2ccccc2Cl)C1,7.54
COc1nc2[nH]cc(C(=O)C(=O)N(C)C)c2cc1C(=O)N1CCn2c(cnc2-c2ccc(F)cc2F)C1,7.54
COc1nc2[nH]cc(C(=O)C(=O)N3CCC(O)C3)c2cc1C(=O)N1CCn2c(cnc2-c2ccc(F)cc2F)C1,7.89
COc1nc2[nH]ccc2cc1C(=O)N1CCc2c(cnn2-c2ccccc2Cl)C1,6.86
COc1nc2[nH]ccc2cc1C(=O)N1CCn2c(cnc2-c2ccc(F)cc2F)C1,6.79
COc1nc2c(cc1C(=O)N1CCn3c(cnc3-c3ccc(F)cc3F)C1)c(C(=O)C(=O)N1CCC(O)C1)cn2C,7.8
COc1ncc(-c2c(-c3ccc(F)cc3)ncn2C2CCNCC2)cn1,6.0
COc1nccc(-c2[nH]c(Cc3cccc(C#N)c3)nc2-c2ccc(F)cc2)n1,7.2
COc1nccc(-c2[nH]c(Cc3cccc(C(N)=O)c3)nc2-c2ccc(F)cc2)n1,7.31
COc1nccc(-c2c(-c3ccc(F)cc3)ncn2C2CCNCC2)n1,7.42
COc1nccc(-c2c(-c3ccc(F)cc3)ncn2CCCN2CCOCC2)n1,6.52
COc1nccc(-c2c(-c3ccc(F)cc3)ncn2Cc2ccc(C#N)cc2)n1,6.07
COc1nccc(-c2c(-c3ccc(F)cc3)ncn2Cc2ccc(C(N)=O)cc2)n1,6.04
COc1nccc(-c2c(-c3ccc(F)cc3)ncn2Cc2cccc(C#N)c2)n1,6.58
COc1nccc(-c2c(-c3ccc(F)cc3)ncn2Cc2cccc(C(N)=O)c2)n1,6.65
COc1nccc(-c2c(-c3ccc(F)cc3)ncn2[C@H]2CC[C@H](O)CC2)n1,7.36
COc1nccn2c(-c3ccnc(NCC(C)(C)CO)n3)c(-c3ccc(F)cc3)nc12,9.3
COn1c(-c2ccncc2)c(-c2ccc(F)cc2)c2ncccc21,7.17
CS(=O)(=O)CCCn1c(=O)c(Oc2ccc(F)cc2F)cc2cnc(NC3CCOCC3)nc21,8.22
CS(=O)(=O)CCNC(=O)c1ccc2c(c1)C(=O)c1ccc(Nc3ccc(F)cc3F)cc1CC2,7.91
CS(=O)(=O)CCc1cccc(C(=O)c2cnn(-c3ccc(F)cc3)c2N)c1,6.28
CS(=O)(=O)CCn1c(=O)c(Oc2ccc(F)cc2F)cc2cnc(NC3CCOCC3)nc21,7.7
CS(=O)(=O)N1CCC(Nc2n[nH]c3nc(Oc4ccc(F)cc4F)ncc23)CC1,7.42
CS(=O)(=O)N1CCC(c2[nH]nc(-c3ccc(Cl)cc3)c2-c2ccncc2)CC1,7.16
CS(=O)(=O)N1CCC(c2[nH]nc(-c3ccc(Cl)cc3)c2-c2ccncn2)CC1,6.7
CS(=O)(=O)N1CCC(n2c(=O)c(Oc3ccc(F)cc3F)cc3cnc(NC4CCOCC4)nc32)CC1,9.0
CS(=O)(=O)N1CCCC(NC(=O)[C@H](CCC2CCCCC2)NC(=O)c2ccc(CNC(=O)c3cnc4ccccn34)cc2)C1,6.9
CS(=O)(=O)N1CCCC(NC(=O)[C@H](CCC2CCCCC2)NC(=O)c2ccc(CNc3ncnc4c3cnn4-c3ccccc3)cc2)C1,6.62
CS(=O)(=O)N1CCC[C@H](NC(=O)[C@H](CCC2CCCCC2)NC(=O)c2ccc(CNC(=O)c3cnn(-c4ccccc4)c3N)cc2)C1,8.48
CS(=O)(=O)N[C@H]1CC[C@H](Nc2ncc3nc(Nc4ccc(F)cc4F)n(C4CCOCC4)c3n2)CC1,6.07
CS(=O)(=O)O.CS(=O)(=O)O.Nc1nc2ccc(-c3[nH]c(-c4c(F)cccc4F)nc3-c3ccccc3)cc2n1S(=O)(=O)C1CCCC1,7.7
CS(=O)(=O)O.Cc1nc(-c2ccc(F)cc2)c(-c2ccc3nc(N)n(S(=O)(=O)C(C)C)c3c2)[nH]1,8.15
CS(=O)(=O)O.Cc1nc(-c2ccc(F)cc2F)c(-c2ccc3nc(N)n(S(=O)(=O)C(C)C)c3c2)[nH]1,8.06
CS(=O)(=O)O.Cc1nc(-c2ccccc2)c(-c2ccc3nc(N)n(S(=O)(=O)C(C)C)c3c2)[nH]1,7.69
CS(=O)(=O)O.Cc1nc2ccc(-c3[nH]c(-c4c(F)cccc4F)nc3-c3ccccc3)cc2n1CC(C)C,7.95
CS(=O)(=O)O.Fc1cccc(F)c1-c1nc(-c2ccccc2)c(-c2ccc3nc[nH]c3c2)[nH]1,7.05
CS(=O)(=O)c1ccc(-c2cc(-c3ccncc3)c(-c3ccc(F)cc3)[nH]2)cc1,8.05
CS(=O)(=O)c1ccc(-c2nc(-c3ccc(F)cc3)c(-c3ccnc4[nH]c(-c5ccccc5)cc34)[nH]2)cc1,7.96
CS(=O)(=O)c1ccc(-c2nc(-c3ccc(F)cc3)c(-c3ccncc3)[nH]2)cc1,7.68
CS(=O)(=O)c1ccc(Oc2nccc(-c3c(-c4ccc(F)cc4)ncn3C3CCNCC3)n2)cc1,6.19
CS(=O)(=O)c1nc(-c2ccccc2Cl)c2c(n1)N(c1c(Cl)cccc1Cl)C(=O)NC2,8.38
CSCC(=O)Nc1cc(COc2ccc(NC(=O)Nc3cc(C(C)(C)C)nn3-c3ccc(C)cc3)c3ccccc23)ccn1,8.7
CSCCNC(=O)c1ccc2c(c1)C(=O)c1ccc(Nc3ccc(F)cc3F)cc1CC2,8.07
CSCC[C@H](NC(=O)c1ccc2c(c1)C(=O)c1ccc(Nc3ccc(F)cc3F)cc1CC2)C(=O)O,7.96
CSCCn1c(SC)nc(-c2ccc(F)cc2)c1-c1ccnc(NC(C)=O)c1,6.37
CSc1ccc(-c2cc(-c3ccncc3)c(-c3ccc(F)cc3)[nH]2)cc1,7.36
CSc1ccc(-c2nc(-c3ccc(F)cc3)c(-c3ccnc4[nH]c(-c5ccccc5)cc34)[nH]2)cc1,7.41
CSc1ccc(-c2nc(-c3ccc(F)cc3)c(-c3ccncc3)[nH]2)cc1,6.93
CSc1ccc(-n2nc(C(C)(C)C)cc2NC(=O)Nc2ccc(Oc3ccnc4[nH]c(=O)cnc34)c3ccccc23)cc1,8.3
CSc1cccc(NCc2nc(-c3ccc4ncnn4c3)c(-c3cccc(C)n3)[nH]2)c1,6.16
CSc1cccc(Nc2ncc3cc(-c4c(Cl)cccc4Cl)c(=O)n(C)c3n2)c1,7.17
CSc1nc(-c2ccc(F)cc2)c(-c2ccnc(F)c2)[nH]1,6.25
CSc1nc(-c2ccc(F)cc2)c(-c2ccnc(NC(=O)/C(F)=C/c3ccccc3)c2)[nH]1,7.57
CSc1nc(-c2ccc(F)cc2)c(-c2ccnc(NC(=O)/C=C/c3c(Cl)cccc3Cl)c2)[nH]1,8.52
CSc1nc(-c2ccc(F)cc2)c(-c2ccnc(NC(=O)/C=C/c3c(Cl)cccc3Cl)c2)n1C,6.77
CSc1nc(-c2ccc(F)cc2)c(-c2ccnc(NC(=O)/C=C/c3ccc(C)cc3)c2)[nH]1,7.5
CSc1nc(-c2ccc(F)cc2)c(-c2ccnc(NC(=O)C(C)c3ccc(CC(C)C)cc3)c2)[nH]1,7.05
CSc1nc(-c2ccc(F)cc2)c(-c2ccnc(NC(=O)C3(C(F)(F)F)CC3)c2)[nH]1,6.74
CSc1nc(-c2ccc(F)cc2)c(-c2ccnc(NC(=O)C3=Cc4ccccc4OC3)c2)[nH]1,7.57
CSc1nc(-c2ccc(F)cc2)c(-c2ccnc(NC(=O)C3CC(=O)C3)c2)[nH]1,7.7
CSc1nc(-c2ccc(F)cc2)c(-c2ccnc(NC(=O)C3CC3)c2)[nH]1,7.62
CSc1nc(-c2ccc(F)cc2)c(-c2ccnc(NC(=O)C3CC3)c2)n1C,6.71
CSc1nc(-c2ccc(F)cc2)c(-c2ccnc(NC(=O)C3CC3c3ccccc3)c2)[nH]1,7.7
CSc1nc(-c2ccc(F)cc2)c(-c2ccnc(NC(=O)C3CC3c3ccccc3)c2)n1C,6.73
CSc1nc(-c2ccc(F)cc2)c(-c2ccnc(NC(=O)C3CCC(=O)C3)c2)[nH]1,7.68
CSc1nc(-c2ccc(F)cc2)c(-c2ccnc(NC(=O)C3CCC3)c2)[nH]1,7.57
CSc1nc(-c2ccc(F)cc2)c(-c2ccnc(NC(=O)C3CCCC3)c2)[nH]1,7.4
CSc1nc(-c2ccc(F)cc2)c(-c2ccnc(NC(=O)C3CCCC3)c2)n1C,6.82
CSc1nc(-c2ccc(F)cc2)c(-c2ccnc(NC(=O)C3CCCO3)c2)[nH]1,7.55
CSc1nc(-c2ccc(F)cc2)c(-c2ccnc(NC(=O)CC3CC3)c2)[nH]1,7.82
CSc1nc(-c2ccc(F)cc2)c(-c2ccnc(NC(=O)CCc3ccc(C(C)(C)C)cc3)c2)[nH]1,6.89
CSc1nc(-c2ccc(F)cc2)c(-c2ccnc(NC(=O)CCc3ccc(C(F)(F)F)cc3)c2)[nH]1,7.57
CSc1nc(-c2ccc(F)cc2)c(-c2ccnc(NC(=O)CN3CCCC3=O)c2)[nH]1,7.64
CSc1nc(-c2ccc(F)cc2)c(-c2ccnc(NC(=O)COc3ccc(Cl)cc3)c2)[nH]1,7.0
CSc1nc(-c2ccc(F)cc2)c(-c2ccnc(NC(=O)COc3ccc(Cl)cc3Cl)c2)[nH]1,6.8
CSc1nc(-c2ccc(F)cc2)c(-c2ccnc(NC(=O)COc3cccc(Cl)c3Cl)c2)[nH]1,6.8
CSc1nc(-c2ccc(F)cc2)c(-c2ccnc(NC(=O)Cc3ccc(C(F)(F)F)cc3)c2)[nH]1,7.54
CSc1nc(-c2ccc(F)cc2)c(-c2ccnc(NC(=O)Cc3ccc(Cl)cc3)c2)n1C,7.66
CSc1nc(-c2ccc(F)cc2)c(-c2ccnc(NC(=O)Cc3ccc(F)cc3)c2)[nH]1,8.05
CSc1nc(-c2ccc(F)cc2)c(-c2ccnc(NC(=O)Cc3ccc(F)cc3)c2)n1C,6.885
CSc1nc(-c2ccc(F)cc2)c(-c2ccnc(NC(=O)Cc3ccccc3)c2)[nH]1,7.66
CSc1nc(-c2ccc(F)cc2)c(-c2ccnc(NC(=O)Cc3ccccc3)c2)n1C,6.3
CSc1nc(-c2ccc(F)cc2)c(-c2ccnc(NC(=O)[C@@H]3C[C@H]3c3ccccc3)c2)[nH]1,7.82
CSc1nc(-c2ccc(F)cc2)c(-c2ccnc(NC(=O)[C@H]3C[C@@H](Cl)C3)c2)[nH]1,7.75
CSc1nc(-c2ccc(F)cc2)c(-c2ccnc(NC(=O)[C@H]3C[C@H](Cl)C3)c2)[nH]1,7.42
CSc1nc(-c2ccc(F)cc2)c(-c2ccnc(NC(=O)c3cc4ccccc4o3)c2)[nH]1,7.28
CSc1nc(-c2ccc(F)cc2)c(-c2ccnc(NC(=O)c3cc4ccccc4o3)c2)n1C,6.37
CSc1nc(-c2ccc(F)cc2)c(-c2ccnc(NC(=O)c3ccc(-c4ccccc4)cc3)c2)[nH]1,7.0
CSc1nc(-c2ccc(F)cc2)c(-c2ccnc(NC(=O)c3ccc(C)c(F)c3)c2)[nH]1,7.85
CSc1nc(-c2ccc(F)cc2)c(-c2ccnc(NC(=O)c3ccc(C)c(F)c3)c2)n1C,6.39
CSc1nc(-c2ccc(F)cc2)c(-c2ccnc(NC(=O)c3ccc(F)cc3)c2)[nH]1,7.36
CSc1nc(-c2ccc(F)cc2)c(-c2ccnc(NC(=O)c3ccc(F)cc3)c2)n1C,6.4
CSc1nc(-c2ccc(F)cc2)c(-c2ccnc(NC(=O)c3ccccc3)c2)[nH]1,7.72
CSc1nc(-c2ccc(F)cc2)c(-c2ccnc(NC(=O)c3ccccc3)c2)n1C,6.47
CSc1nc(-c2ccc(F)cc2)c(-c2ccnc(NC(=O)c3ccccn3)c2)[nH]1,7.38
CSc1nc(-c2ccc(F)cc2)c(-c2ccnc(NC(=O)c3ccco3)c2)[nH]1,7.89
CSc1nc(-c2ccc(F)cc2)c(-c2ccnc(NC(=O)c3ccco3)c2)n1C,6.76
CSc1nc(-c2ccc(F)cc2)c(-c2ccnc(NC(=O)c3ccoc3)c2)[nH]1,7.66
CSc1nc(-c2ccc(F)cc2)c(-c2ccnc(NC(C)=O)c2)[nH]1,7.39
CSc1nc(-c2ccc(F)cc2)c(-c2ccnc(NC(C)=O)c2)n1C,6.515000000000001
CSc1nc(-c2ccc(F)cc2)c(-c2ccnc(NC(C)=O)c2)n1C1CC1,6.4
CSc1nc(-c2ccc(F)cc2)c(-c2ccnc(NC(C)=O)c2)n1C1CCCCC1,6.1
CSc1nc(-c2ccc(F)cc2)c(-c2ccnc(NC(C)=O)c2)n1C1CCOCC1,6.11
CSc1nc(-c2ccc(F)cc2)c(-c2ccnc(NC(C)=O)c2)n1CC(=O)N1CCOCC1,6.55
CSc1nc(-c2ccc(F)cc2)c(-c2ccnc(NC(C)=O)c2)n1CCCBr,7.57
CSc1nc(-c2ccc(F)cc2)c(-c2ccnc(NC(C)=O)c2)n1CCCCC(=O)O,6.11
CSc1nc(-c2ccc(F)cc2)c(-c2ccnc(NC(C)=O)c2)n1CCCCCl,6.75
CSc1nc(-c2ccc(F)cc2)c(-c2ccnc(NC(C)=O)c2)n1CCCCO,6.85
CSc1nc(-c2ccc(F)cc2)c(-c2ccnc(NC(C)=O)c2)n1CCCCl,7.77
CSc1nc(-c2ccc(F)cc2)c(-c2ccnc(NC(C)=O)c2)n1CCCF,6.75
CSc1nc(-c2ccc(F)cc2)c(-c2ccnc(NC(C)=O)c2)n1CCCI,7.72
CSc1nc(-c2ccc(F)cc2)c(-c2ccnc(NC(C)=O)c2)n1CCCO,6.455
CSc1nc(-c2ccc(F)cc2)c(-c2ccnc(NC(C)=O)c2)n1CCCl,6.82
CSc1nc(-c2ccc(F)cc2)c(-c2ccnc(NC(C)=O)c2)n1CCO,6.68
CSc1nc(-c2ccc(F)cc2)c(-c2ccnc(NC(C)=O)c2)n1[C@H]1CC[C@H](O)CC1,6.5
CSc1nc(-c2ccc(F)cc2)c(-c2ccnc(NC(C)C(C)(C)C)c2)[nH]1,6.64
CSc1nc(-c2ccc(F)cc2)c(-c2ccnc(NC(C)C(C)C)c2)[nH]1,7.96
CSc1nc(-c2ccc(F)cc2)c(-c2ccnc(NC(C)C)c2)[nH]1,7.795
CSc1nc(-c2ccc(F)cc2)c(-c2ccnc(NC(C)CC(C)C)c2)[nH]1,7.58
CSc1nc(-c2ccc(F)cc2)c(-c2ccnc(NC(C)CCCC(C)C)c2)[nH]1,7.7
CSc1nc(-c2ccc(F)cc2)c(-c2ccnc(NC(C)CCc3ccccc3)c2)[nH]1,7.89
CSc1nc(-c2ccc(F)cc2)c(-c2ccnc(NC(C)CO)c2)[nH]1,8.22
CSc1nc(-c2ccc(F)cc2)c(-c2ccnc(NC(C)c3ccccc3)c2)[nH]1,6.42
CSc1nc(-c2ccc(F)cc2)c(-c2ccnc(NC(CO)C(C)C)c2)[nH]1,7.47
CSc1nc(-c2ccc(F)cc2)c(-c2ccnc(NC(Cc3ccccc3)c3ccccc3)c2)[nH]1,6.46
CSc1nc(-c2ccc(F)cc2)c(-c2ccnc(NC3CCC(C)CC3)c2)[nH]1,7.7
CSc1nc(-c2ccc(F)cc2)c(-c2ccnc(NC3CCCCC3)c2)[nH]1,7.57
CSc1nc(-c2ccc(F)cc2)c(-c2ccnc(NC3CCCCC3C)c2)[nH]1,7.89
CSc1nc(-c2ccc(F)cc2)c(-c2ccnc(NC3CCCc4ccccc43)c2)[nH]1,7.33
CSc1nc(-c2ccc(F)cc2)c(-c2ccnc(NC3CCOCC3)c2)[nH]1,8.3
CSc1nc(-c2ccc(F)cc2)c(-c2ccnc(NC3CCc4ccccc43)c2)[nH]1,7.55
CSc1nc(-c2ccc(F)cc2)c(-c2ccnc(NCC(C)O)c2)[nH]1,7.68
CSc1nc(-c2ccc(F)cc2)c(-c2ccnc(NCC(C)c3ccccc3)c2)[nH]1,7.77
CSc1nc(-c2ccc(F)cc2)c(-c2ccnc(NCC3CC3)c2)[nH]1,7.85
CSc1nc(-c2ccc(F)cc2)c(-c2ccnc(NCC3CCCCC3)c2)[nH]1,7.1
CSc1nc(-c2ccc(F)cc2)c(-c2ccnc(NCC3CCCO3)c2)[nH]1,7.46
CSc1nc(-c2ccc(F)cc2)c(-c2ccnc(NCCC(C)(C)C)c2)[nH]1,6.9
CSc1nc(-c2ccc(F)cc2)c(-c2ccnc(NCCC(C)C)c2)[nH]1,7.05
CSc1nc(-c2ccc(F)cc2)c(-c2ccnc(NCCCO)c2)[nH]1,7.82
CSc1nc(-c2ccc(F)cc2)c(-c2ccnc(NCCO)c2)[nH]1,7.35
CSc1nc(-c2ccc(F)cc2)c(-c2ccnc(NCCc3cc(C)ccc3C)c2)[nH]1,7.09
CSc1nc(-c2ccc(F)cc2)c(-c2ccnc(NCCc3cccs3)c2)[nH]1,7.64
CSc1nc(-c2ccc(F)cc2)c(-c2ccnc(NCc3cc4ccccc4s3)c2)[nH]1,6.5
CSc1nc(-c2ccc(F)cc2)c(-c2ccnc(NCc3ccc(C)o3)c2)[nH]1,6.95
CSc1nc(-c2ccc(F)cc2)c(-c2ccnc(NCc3ccc(F)cc3)c2)[nH]1,6.76
CSc1nc(-c2ccc(F)cc2)c(-c2ccnc(NCc3cccc4ccccc34)c2)[nH]1,6.77
CSc1nc(-c2ccc(F)cc2)c(-c2ccnc(NCc3ccccc3)c2)[nH]1,6.86
CSc1nc(-c2ccc(F)cc2)c(-c2ccnc(NCc3ccccn3)c2)[nH]1,7.16
CSc1nc(-c2ccc(F)cc2)c(-c2ccnc(NCc3cccnc3)c2)[nH]1,7.01
CSc1nc(-c2ccc(F)cc2)c(-c2ccnc(NCc3ccco3)c2)[nH]1,7.22
CSc1nc(-c2ccc(F)cc2)c(-c2ccnc(NCc3cccs3)c2)[nH]1,7.34
CSc1nc(-c2ccc(F)cc2)c(-c2ccnc(NCc3ccncc3)c2)[nH]1,6.92
CSc1nc(-c2ccc(F)cc2)c(-c2ccnc(N[C@@H](C)C(C)C)c2)[nH]1,7.4399999999999995
CSc1nc(-c2ccc(F)cc2)c(-c2ccnc(N[C@@H](C)C3CCCCC3)c2)[nH]1,6.82
CSc1nc(-c2ccc(F)cc2)c(-c2ccnc(N[C@@H](C)c3ccccc3)c2)[nH]1,6.505
CSc1nc(-c2ccc(F)cc2)c(-c2ccnc(N[C@@H](C)c3ccccc3)c2)n1C,7.16
CSc1nc(-c2ccc(F)cc2)c(-c2ccnc(N[C@H](C)C(C)C)c2)[nH]1,7.075
CSc1nc(-c2ccc(F)cc2)c(-c2ccnc(N[C@H](C)C3CCCCC3)c2)[nH]1,8.05
CSc1nc(-c2ccc(F)cc2)c(-c2ccnc(N[C@H](C)c3ccccc3)c2)[nH]1,7.19
CSc1nc(-c2ccc(F)cc2)c(-c2ccnc(N[C@H](C)c3ccccc3)c2)n1C,6.02
CSc1nc(-c2ccc(F)cc2)c(-c2ccnc(N[C@H]3CC[C@@H](C)CC3)c2)[nH]1,7.51
CSc1nc(-c2ccc(F)cc2)c(-c2ccnc(N[C@H]3CC[C@H](C)CC3)c2)[nH]1,7.82
CSc1nc(-c2ccc(F)cc2)c(-c2ccnc(N[C@H]3CC[C@H](O)CC3)c2)[nH]1,8.52
CSc1nc(-c2ccc(F)cc2)c(-c2ccnc(Nc3ccc(N)cc3)c2)[nH]1,7.77
CSc1nc(-c2ccc(F)cc2)c(-c2ccnc(Nc3ccc(NC(=O)c4cccc(N)c4)cc3)c2)n1C,6.83
CSc1nc(-c2ccc(F)cc2)c(-c2ccnc(Nc3ccc(NC(=S)Nc4ccc5c(c4)C(=O)OC54c5ccc(O)cc5Oc5cc(O)ccc54)cc3)c2)[nH]1,7.58
CSc1nc(-c2ccc(F)cc2)c(-c2ccnc(OC(C)CCCC(C)C)c2)[nH]1,6.19
CSc1nc(-c2ccc(F)cc2)c(-c2ccnc(OC(C)c3ccccc3)c2)[nH]1,6.19
CSc1nc(-c2ccc(F)cc2)c(-c2ccnc(OCC3CCCO3)c2)[nH]1,6.27
CSc1nc(-c2ccc(F)cc2)c(-c2ccnc(OCc3ccccc3)c2)[nH]1,6.36
CSc1nc(-c2ccc(F)cc2)c(-c2ccnc(OCc3cccs3)c2)[nH]1,6.37
CSc1nc(-c2ccc(F)cc2)c(-c2ccnc(Oc3ccc(C)cc3)c2)[nH]1,7.48
CSc1nc(-c2ccc(F)cc2)c(-c2ccnc3ccccc23)[nH]1,6.39
CSc1nc(-c2ccc(F)cc2)c(-c2ccncc2)[nH]1,6.2
CSc1nc(-c2ccc(F)cc2)c(-c2ccncc2)n1CCCO,6.09
CSc1nc(-c2cccc(C(F)(F)F)c2)c(-c2ccnc(NC(C)C(C)C)c2)[nH]1,7.47
CSc1nc(-c2cccc(C(F)(F)F)c2)c(-c2ccnc(NC(C)CCc3ccccc3)c2)[nH]1,7.31
CSc1nc(-c2cccc(C(F)(F)F)c2)c(-c2ccnc(NC(C)c3ccccc3)c2)[nH]1,6.7
CSc1nc(-c2cccc(C(F)(F)F)c2)c(-c2ccnc(NC3CCCc4ccccc43)c2)[nH]1,6.61
CSc1nc(-c2cccc(C(F)(F)F)c2)c(-c2ccnc(NCC(C)c3ccccc3)c2)[nH]1,7.03
CSc1nc(-c2cccc(C(F)(F)F)c2)c(-c2ccnc(NCCCO)c2)[nH]1,7.21
CSc1nc(-c2cccc(C(F)(F)F)c2)c(-c2ccnc(NCc3ccccc3)c2)[nH]1,6.55
CSc1nc(-c2cccc(C(F)(F)F)c2)c(-c2ccnc(NCc3ccco3)c2)[nH]1,6.72
CSc1nc(-c2cccc(C(F)(F)F)c2)c(-c2ccnc(NCc3cccs3)c2)[nH]1,6.62
CSc1nc(-c2cccc(C(F)(F)F)c2)c(-c2ccnc(N[C@H](C)C3CCCCC3)c2)[nH]1,7.44
CSc1nc(-c2cccc(C(F)(F)F)c2)c(-c2ccnc(N[C@H]3CC[C@H](O)CC3)c2)[nH]1,7.96
CSc1nc(-c2ccccc2Cl)c2c(n1)N(c1c(Cl)cccc1Cl)C(=O)NC2,8.0
CSc1nccc(-c2[nH]c(-c3ccc(O)cc3)nc2-c2ccc(F)cc2)n1,7.02
CSc1nccc(-c2c(-c3ccc(F)cc3)nc3nc(-c4cn(CC(=O)[O-])nn4)ccn23)n1.[Na+],6.6
CSc1nccc(-c2c(-c3ccc(F)cc3)nc3nc(N)ccn23)n1,6.92
CSc1nccc(Nc2cc(NC(=O)c3cc(F)cc(N4CCOCC4)c3)ccc2C)n1,8.0
C[C@@H](C(=O)O)N1CCC(c2cc(-c3ccc(F)cc3Cl)c3ccc(=O)n(-c4c(Cl)cccc4Cl)c3c2)CC1,8.49
C[C@@H](CO)Nc1nccc(N(CCCCN)C(=O)c2ccc3c(c2)CCO3)n1,6.51
C[C@@H](CS(C)(=O)=O)Nc1ncc2cc(Oc3ccc(F)cc3F)c(=O)n(C)c2n1,7.3
C[C@@H](Cn1ncnn1)Nc1ncc2cc(Oc3ccc(F)cc3F)c(=O)n(C)c2n1,8.7
C[C@@H](N)C(=O)NCCOc1cc(-c2ccccc2Cl)c2ccc(=O)n(-c3c(Cl)cccc3Cl)c2c1,8.515
C[C@@H](NC(=O)c1ccc2c(c1)C(=O)c1ccc(Nc3ccc(F)cc3F)cc1CC2)C1CCCCC1,6.085
C[C@@H](NC(=O)c1ncnc(N)c1Cl)c1ncc(C(=O)Nc2cc(C(F)(F)F)c(Cl)cn2)s1,6.45
C[C@@H](Nc1cc(-c2[nH]c(=O)[nH]c2-c2ccc(F)cc2)ccn1)c1ccccc1,6.49
C[C@@H](Nc1cc(-c2[nH]c([S+](C)[O-])nc2-c2ccc(F)cc2)ccn1)c1ccccc1,6.68
C[C@@H](Nc1cc(-c2[nH]c([S@+](C)[O-])nc2-c2ccc(F)cc2)ccn1)c1ccccc1,6.7
C[C@@H](Nc1cc(-c2[nH]c([S@@+](C)[O-])nc2-c2ccc(F)cc2)ccn1)c1ccccc1,6.78
C[C@@H](O)C(NCCc1ccc(-n2c(N)c(C(=O)c3ccc(F)cc3F)ccc2=O)cc1)C(=O)OC1CCCC1,7.21
C[C@@H](O)CNc1cc(-c2[nH]c3cccnc3c2-c2ccc(F)cc2)ccn1,9.0
C[C@@H](O)CNc1cc(Oc2ccc(NC(=O)Nc3cccc(C(F)(F)F)c3)cc2)ncn1,6.3
C[C@@H]1CCCCN1c1nnc2ccc(O[C@@H]3CC[C@H](NC(=O)Nc4cc(C(C)(C)C)nn4-c4cccc(OCCN(C)C)c4)c4ccccc43)cn12,9.7
C[C@@H]1CCC[C@H](C)N1c1nnc2ccc(O[C@@H]3CC[C@H](NC(=O)Nc4cc(C(C)(C)C)nn4-c4cccc(OCCN(C)C)c4)c4ccccc43)cn12,9.52
C[C@@H]1CCC[C@H](C)N1c1nnc2ccc(O[C@@H]3CC[C@H](NC(=O)Nc4cc(C(C)(C)C)nn4-c4cnn(CCN(C)C)c4)c4ccccc43)cn12,10.3
C[C@@H]1CN(C(C#N)c2ccc(F)cc2)[C@@H](C)CN1C(=O)c1cc2c(C(=O)C(=O)N(C)C)cn(C)c2cc1Cl,6.74
C[C@@H]1CN(C(C)(C#N)c2ccc(F)cc2)[C@@H](C)CN1C(=O)c1cc2c(C(=O)C(=O)N(C)C)cn(C)c2cc1Cl,7.33
C[C@@H]1CN(C(c2ccc(F)cc2)c2ccc(F)cc2)[C@@H](C)CN1C(=O)c1cc2c(C(=O)C(=O)N(C)C)cn(C)c2cc1Cl,7.62
C[C@@H]1CN(C(c2ccccc2)c2ccccc2)[C@@H](C)CN1C(=O)c1cc2c(C(=O)C(=O)N(C)C)cn(C)c2cc1Cl,8.05
C[C@@H]1CN(C2CCc3ccccc32)[C@@H](C)CN1C(=O)c1cc2c(C(=O)C(=O)N(C)C)cn(C)c2cc1Cl,7.54
C[C@@H]1CN(Cc2ccc(F)cc2)[C@@H](C)CN1C(=O)c1cc2c(C(=O)C(=O)N(C)C)cn(C)c2cc1Cl,8.05
C[C@@H]1CN(c2n[nH]c3c(Cl)cccc23)[C@@H](C)CN1C(=O)c1cc2c(C(=O)C(=O)N(C)C)cn(C)c2cc1Cl,7.32
C[C@@H]1CN(c2nc(-c3ccc(Cl)cc3Cl)c3c(n2)N(c2c(Cl)cccc2Cl)C(=O)NC3)C[C@H](C)O1,8.7
C[C@H](C(=O)O)N1CCC(c2cc(-c3ccc(F)cc3Cl)c3ccc(=O)n(-c4c(Cl)cccc4Cl)c3c2)CC1,8.42
C[C@H](CS(C)(=O)=O)Nc1n[nH]c2nc(Oc3ccc(F)cc3F)ncc12,7.98
C[C@H](CS(C)(=O)=O)Nc1ncc2cc(Oc3ccc(F)cc3F)c(=O)n(C)c2n1,8.61
C[C@H](Cn1ncnn1)Nc1ncc2cc(Oc3ccc(F)cc3F)c(=O)n(C)c2n1,7.96
C[C@H](N)C(=O)NCCOc1cc(-c2ccccc2Cl)c2ccc(=O)n(-c3c(Cl)cccc3Cl)c2c1,8.65
C[C@H](NCCc1cc(F)c(-n2c(N)c(C(=O)c3ccc(F)cc3F)ccc2=O)c(F)c1)C(=O)OC(C)(C)C,8.46
C[C@H](NCCc1ccc(-n2c(N)c(C(=O)c3ccc(F)cc3F)ccc2=O)cc1)C(=O)OC(C)(C)C,7.24
C[C@H](Nc1cc(-c2[nH]c([S+](C)[O-])nc2-c2ccc(F)cc2)ccn1)c1ccccc1,6.109999999999999
C[C@H](Nc1cc(-c2[nH]c([S@+](C)[O-])nc2-c2ccc(F)cc2)ccn1)c1ccccc1,6.305
C[C@H](Nc1cc(-c2[nH]c([S@@+](C)[O-])nc2-c2ccc(F)cc2)ccn1)c1ccccc1,6.3
C[C@H](Nc1cc(-c2c(-c3cccc(C(F)(F)F)c3)nc(C3CCNCC3)n2C)ccn1)c1ccccc1,8.7
C[C@H](Nc1cc(-c2nc3ccccc3nc2-c2ccc(F)cc2)ccn1)c1ccccc1,6.37
C[C@H](Nc1cc(N(Cc2ccc(F)cc2)C(=O)c2ccc3ccccc3c2)ccn1)c1ccccc1,6.46
C[C@H](Nc1cc(N(Cc2ccc(F)cc2)C(=O)c2ccccc2)ccn1)c1ccccc1,6.23
C[C@H](Nc1nccc(-c2[nH]c(Cc3cccc(C#N)c3)nc2-c2ccc(F)cc2)n1)c1ccccc1,7.02
C[C@H](Nc1nccc(-c2[nH]c(Cc3cccc(C(N)=O)c3)nc2-c2ccc(F)cc2)n1)c1ccccc1,7.11
C[C@H](Nc1nccc(-c2c(-c3ccc(F)cc3)nc3nc(N)ccn23)n1)c1ccccc1,8.22
C[C@H](Nc1nccc(-c2c(-c3ccc(F)cc3)ncn2Cc2ccc(C#N)cc2)n1)c1ccccc1,7.06
C[C@H](Nc1nccc(-c2c(-c3ccc(F)cc3)ncn2Cc2ccc(C(N)=O)cc2)n1)c1ccccc1,7.25
C[C@H](Nc1nccc(-c2c(-c3ccc(F)cc3)ncn2Cc2cccc(C#N)c2)n1)c1ccccc1,6.85
C[C@H](Nc1nccc(-c2c(-c3ccc(F)cc3)ncn2Cc2cccc(C(N)=O)c2)n1)c1ccccc1,7.26
C[C@H](Nc1nccc(-c2c(-c3cccc(C(F)(F)F)c3)nc(C3CCNCC3)n2C)n1)c1ccccc1,6.96
C[C@H](Nc1nccc(N(C(=O)Nc2ccccc2Cl)c2ccc(F)cc2)n1)C(C)(C)O,6.91
C[C@H](Nc1nccc(N(C(=O)Nc2ccccc2Cl)c2ccc(F)cc2)n1)c1ccccc1,6.07
C[C@H](Nc1nccc(N(C(=O)Nc2ccccc2Cl)c2ccccc2)n1)C(C)(C)O,6.14
C[C@H](Nc1nccc(N(CC2CC2)C(=O)c2ccc3c(c2)CCO3)n1)c1ccccc1,6.78
C[C@H](Nc1nccc(N(CC2CCN(C(N)=O)CC2)C(=O)c2ccc3c(c2)CCO3)n1)c1ccccc1,6.15
C[C@H](Nc1nccc(N(CC2CCN(S(N)(=O)=O)CC2)C(=O)c2ccc3c(c2)CCO3)n1)c1ccccc1,6.17
C[C@H](Nc1nccc(N(CC2CCNCC2)C(=O)c2ccc3c(c2)CCO3)n1)c1ccccc1,7.27
C[C@H](Nc1nccc(N(CC2CCOCC2)C(=O)c2ccc3c(c2)CCO3)n1)c1ccccc1,6.8
C[C@H](Nc1nccc(N(CCCCN)C(=O)c2ccc3c(c2)CCO3)n1)c1ccccc1,8.4
C[C@H](Nc1nccc(N(CCCCO)C(=O)c2ccc3c(c2)CCO3)n1)c1ccccc1,7.02
C[C@H](Nc1nccc(N(CCCS(C)(=O)=O)C(=O)c2ccc3c(c2)CCO3)n1)c1ccccc1,7.14
C[C@H](O)CNc1cc(-c2[nH]c3cccnc3c2-c2ccc(F)cc2)ccn1,8.945
C[C@H](O)CNc1cc(Oc2ccc(NC(=O)Nc3cccc(C(F)(F)F)c3)cc2)ncn1,6.5
C[C@H](O)CNc1nccc(-n2ccnc2Cc2cccc(NC(=O)Nc3ccc(Cl)c(C(F)(F)F)c3)c2)n1,6.24
C[C@H]1CCCCC1c1nnc2ccc(O[C@@H]3CC[C@H](NC(=O)Nc4cc(C(C)(C)C)nn4-c4cccc(CN5CCN(C)CC5)c4)c4ccccc43)cn12,9.52
C[C@H]1CCCCC1c1nnc2ccc(O[C@@H]3CC[C@H](NC(=O)Nc4cc(C(C)(C)C)nn4-c4cccc(OCCN5CCOCC5)c4)c4ccccc43)cn12,9.3
C[C@H]1CCCCN1c1nnc2ccc(O[C@@H]3CC[C@H](NC(=O)Nc4cc(C(C)(C)C)nn4-c4cccc(OCCN(C)C)c4)c4ccccc43)cn12,9.7
C[C@H]1CCCCN1c1nnc2ccc(O[C@@H]3CC[C@H](NC(=O)Nc4cc(C(C)(C)C)nn4-c4cccc(OCCN(C)C)n4)c4ccccc43)cn12,8.7
C[C@H]1CCCCN1c1nnc2ccc(O[C@@H]3CC[C@H](NC(=O)Nc4cc(C(C)(C)C)nn4-c4cccc(OCCN5CCN(C)CC5)c4)c4ccccc43)cn12,9.52
C[C@H]1CCCCN1c1nnc2ccc(O[C@@H]3CC[C@H](NC(=O)Nc4cc(C(C)(C)C)nn4-c4ccn(CCN(C)C)n4)c4ccccc43)cn12,9.7
C[C@H]1CCCCN1c1nnc2ccc(O[C@@H]3CC[C@H](NC(=O)Nc4cc(C(C)(C)C)nn4-c4cncc(OCCN(C)C)c4)c4ccccc43)cn12,10.52
C[C@H]1CCCCN1c1nnc2ccc(O[C@@H]3CC[C@H](NC(=O)Nc4cc(C(C)(C)C)nn4-c4cnn(CCN(C)C)c4)c4ccccc43)cn12,10.0
C[C@H]1CCCCN1c1nnc2ccc(O[C@@H]3CC[C@H](NC(=O)Nc4cc(C(C)(C)C)nn4-c4cnn(CCN5CCC(O)CC5)c4)c4ccccc43)cn12,9.4
C[C@H]1CCCCN1c1nnc2ccc(O[C@@H]3CC[C@H](NC(=O)Nc4cc(C(C)(C)C)nn4-c4cnn(CCN5CCCOCC5)c4)c4ccccc43)cn12,9.4
C[C@H]1CCCCN1c1nnc2ccc(O[C@@H]3CC[C@H](NC(=O)Nc4cc(C(C)(C)C)nn4-c4cnn(CCN5CCN(C)CC5)c4)c4ccccc43)cn12,9.52
C[C@H]1CCCCN1c1nnc2ccc(O[C@@H]3CC[C@H](NC(=O)Nc4cc(C(C)(C)C)nn4-c4cnn(CCN5CCOCC5)c4)c4ccccc43)cn12,9.3
C[C@H]1CCCCN1c1nnc2ccc(O[C@@H]3CC[C@H](NC(=O)Nc4cc(C(C)(C)C)nn4-c4cnnc(OCCN(C)C)c4)c4ccccc43)cn12,9.52
C[C@H]1CN(C(=O)c2ccc(NC(=O)/C=C/CN(C)C)cc2)C[C@H]1Nc1nccc(-c2c(-c3ccccc3)nn3ccccc23)n1,7.82
C[C@H]1CN(C(=O)c2ccc(NC(=O)CCCN(C)C)cc2)C[C@H]1Nc1nccc(-c2c(-c3ccccc3)nn3ccccc23)n1,7.82
C[N+](C)(C)CCO.Cn1c(-c2cn(-c3cccc(C(=O)[O-])c3)nn2)nc(-c2ccc(F)cc2)c1-c1ccncc1,7.04
C[S+]([O-])c1ccc(-c2cc(-c3ccc(F)cc3)c(-c3ccncc3)[nH]2)cc1,6.17
C[S+]([O-])c1ccc(-c2cc(-c3ccncc3)c(-c3ccc(F)cc3)[nH]2)cc1,8.29
C[S+]([O-])c1ccc(-c2nc(-c3ccc(F)cc3)c(-c3ccnc4[nH]c(-c5ccccc5)cc34)[nH]2)cc1,8.1
C[S+]([O-])c1ccc(-c2nc(-c3ccc(F)cc3)c(-c3ccncc3)[nH]2)cc1,7.355
C[S+]([O-])c1ccc(-c2nc(-c3ccc(F)cc3)c(-c3ccncc3)o2)cc1,6.5
C[S+]([O-])c1ccc(-c2nc(-c3ccc(F)cc3)c(C3=CCOCC3)[nH]2)cc1,6.34
C[S+]([O-])c1ccc(CCCSc2nc(-c3ccc(F)cc3)c(-c3ccncc3)[nH]2)cc1,6.12
C[S+]([O-])c1nc(-c2ccc(F)cc2)c(-c2ccnc(NC(=O)C3CC3)c2)[nH]1,7.36
C[S+]([O-])c1nc(-c2ccc(F)cc2)c(-c2ccnc(NC(=O)C3CCC3)c2)[nH]1,7.54
C[S+]([O-])c1nc(-c2ccc(F)cc2)c(-c2ccnc(NC(=O)Cc3ccc(F)cc3)c2)[nH]1,6.21
C[S+]([O-])c1nc(-c2ccc(F)cc2)c(-c2ccnc(NC3CCCCC3)c2)[nH]1,6.84
C[S+]([O-])c1nc(-c2ccc(F)cc2)c(-c2ccnc(NC3CCOCC3)c2)[nH]1,7.195
C[S@+]([O-])c1nc(-c2ccc(F)cc2)c(-c2ccnc(NC3CCCCC3)c2)[nH]1,6.765000000000001
C[S@+]([O-])c1nc(-c2ccc(F)cc2)c(-c2ccnc(NC3CCOCC3)c2)[nH]1,6.775
C[S@@+]([O-])c1nc(-c2ccc(F)cc2)c(-c2ccnc(NC(=O)Cc3ccc(F)cc3)c2)[nH]1,6.15
C[S@@+]([O-])c1nc(-c2ccc(F)cc2)c(-c2ccnc(NC3CCCCC3)c2)[nH]1,6.9
C[S@@+]([O-])c1nc(-c2ccc(F)cc2)c(-c2ccnc(NC3CCOCC3)c2)[nH]1,7.029999999999999
Cc1[nH]c2ccc(C(=O)C(=O)N(C)C)cc2c1C(=O)N1CCC(Cc2ccc(F)cc2)CC1,7.05
Cc1c(C(C)C)noc1NC(=O)Nc1cccc(Cl)c1Cl,6.04
Cc1c(Cl)cc(C(=O)NC2CC2)cc1-c1ccc(C(=O)NCC2CC2)cc1,6.8
Cc1c(F)cc(C(=O)NC2CC2)cc1-c1cc2cnn(-c3c(F)cccc3F)c2n(C)c1=O,9.1
Cc1c(F)cc(C(=O)NC2CC2)cc1-c1cc2cnnc(-c3ccc(F)cc3F)c2n(C)c1=O,8.85
Cc1c(F)cc(C(=O)NC2CC2)cc1-c1cc2nnc(-c3c(F)cccc3Cl)n2n(C)c1=O,8.59
Cc1c(F)cc(C(=O)NC2CC2)cc1-c1cc2nnc(-c3c(F)cccc3F)n2n(C)c1=O,8.14
Cc1c(F)cc(C(=O)NC2CC2)cc1-c1ccc(C(=O)N(C)C2CCCCC2)cc1,6.26
Cc1c(F)cc(C(=O)NC2CC2)cc1-c1ccc(C(=O)N2CCC(C)CC2)s1,6.26
Cc1c(F)cc(C(=O)NC2CC2)cc1-c1ccc(C(=O)N2CCCCC2)s1,6.26
Cc1c(F)cc(C(=O)NC2CC2)cc1-c1ccc(C(=O)NCC(C)(C)C)cn1,8.05
Cc1c(F)cc(C(=O)NC2CC2)cc1-c1ccc(C(=O)NCC(C)(C)O)cc1,7.55
Cc1c(F)cc(C(=O)NC2CC2)cc1-c1ccc(C(=O)NCC(C)C)cn1,7.3
Cc1c(F)cc(C(=O)NC2CC2)cc1-c1ccc(C(=O)NCC2CC2)cc1,7.0
Cc1c(F)cc(C(=O)NC2CC2)cc1-c1ccc(C(=O)NCC2CC2)cn1,7.1
Cc1c(F)cc(C(=O)NC2CC2)cc1-c1ccc(C(=O)NCC2CCCO2)cc1,7.15
Cc1c(F)cc(C(=O)NC2CC2)cc1-c1ccc(C(=O)N[C@@H](C)C(C)(C)C)cn1,8.2
Cc1c(F)cc(C(=O)NC2CC2)cc1-c1ccc(C(=O)N[C@@H](C)C(C)C)cn1,7.85
Cc1c(F)cc(C(=O)NC2CC2)cc1-c1ccc(C(=O)N[C@H](C)C(C)(C)C)cn1,7.6
Cc1c(F)cc(C(=O)NC2CC2)cc1-c1ccc(C(=O)N[C@H](C)C(C)C)cn1,7.7
Cc1c(F)cc(C(=O)NC2CC2)cc1-c1ccc2c(c1)NC(=O)C21CCCC1,8.92
Cc1c(F)cc(C(=O)NC2CC2)cc1-c1ccc2c(c1)NC(=O)C21CCN(S(C)(=O)=O)CC1,9.0
Cc1c(F)cc(C(=O)NC2CC2)cc1-c1ccc2nc(NCC(C)C)sc2c1,6.26
Cc1c(F)cc(C(=O)NC2CC2)cc1Nc1nnc(C)c2c1cnn2-c1ccc(F)cc1F,8.0
Cc1cc(-c2[nH]c(C(F)(F)F)nc2C(=O)Nc2ccc(C)c(Nc3ccc4ncn(C)c(=O)c4c3)c2)ccc1F,7.22
Cc1cc(-c2cc(C(=O)NC3CC3)cc(F)c2C)ccc1C(=O)NCC(C)C,6.26
Cc1cc(-c2ccc(F)cc2)c(-c2ccncc2)[nH]1,6.5
Cc1cc(-c2nc3cccnn3c2-c2ccnc(NC(=O)c3cc[n+]([O-])c(C)c3)c2)ccc1F,8.27
Cc1cc(-c2nc3cccnn3c2-c2ccnc(NC(=O)c3ccc(C)[n+]([O-])c3)c2)ccc1F,8.57
Cc1cc(-c2nc3cccnn3c2-c2ccnc(NC(=O)c3cccc(C(F)(F)F)c3)c2)ccc1F,7.96
Cc1cc(-c2nc3cccnn3c2-c2ccnc(NC(=O)c3cccc(Cl)c3)c2)ccc1F,7.85
Cc1cc(-c2nc3cccnn3c2-c2ccnc(NC(=O)c3cccc(F)c3)c2)ccc1F,7.92
Cc1cc(-c2nc3cccnn3c2-c2ccnc(NC(=O)c3ccccc3)c2)ccc1F,8.03
Cc1cc(-c2nc3cccnn3c2-c2ccnc(NC(=O)c3ccccc3C)c2)ccc1F,7.08
Cc1cc(-c2nc3cccnn3c2-c2ccnc(NC(=O)c3ccccn3)c2)ccc1F,7.64
Cc1cc(-c2nc3cccnn3c2-c2ccnc(NC(=O)c3cccnc3)c2)ccc1F,8.66
Cc1cc(-c2nc3cccnn3c2-c2ccnc(NC(=O)c3ccncc3)c2)ccc1F,8.27
Cc1cc(-c2ncoc2-c2ccc3nnc(C(C)C)n3c2)ccc1F,8.18
Cc1cc(-c2noc(NC(=O)Cc3ccccc3C)c2-c2ccncn2)ccc1F,8.26
Cc1cc(=O)[nH]c2[nH]nc(-c3cccc(C(F)(F)F)c3)c12,6.4
Cc1cc(=O)[nH]nc1-c1ccc(NC(=O)Nc2cc(C(F)(F)F)ccc2F)c(Cl)c1,7.0
Cc1cc(=O)n2ccc(CN(C)C)c(O)c2n1,6.7
Cc1cc(Br)ccc1-c1nnc2ccc(Sc3ccc(F)cc3F)cn12.Cl,6.85
Cc1cc(C(=O)NC2CC2)cc(-c2ccc(C(=O)NCC3CC3)cc2)c1C,7.0
Cc1cc(C(=O)NC2CC2)ccc1-c1ccc(C(=O)c2cccc(CCC(O)CO)c2)cc1,7.57
Cc1cc(C(=O)NCC(=O)NCc2cccc(-n3nc(C(C)(C)C)cc3NC(=O)Nc3ccccc3)c2)no1,7.015000000000001
Cc1cc(C(=O)NCCN2CCOCC2)ccc1-c1c(N)c(C(=O)c2ccc(F)cc2F)cc[n+]1[O-],7.38
Cc1cc(C(=O)Nc2cc(-c3c(-c4ccc(F)c(C)c4)nc4cccnn34)ccn2)ccn1,8.36
Cc1cc(C(=O)O)ccc1-c1c(N)c(C(=O)c2ccc(F)cc2F)cc[n+]1[O-],6.31
Cc1cc(C(=O)c2ccccc2C)ccc1Nc1ccccc1N,6.84
Cc1cc(C(C#N)c2ccc(Cl)cc2)c(Cl)cc1NC(=O)c1cc(I)cc(I)c1O,6.18
Cc1cc(C(O)CO)ccc1-c1nnc2ccc(Sc3ccc(F)cc3F)cn12.Cl,7.55
Cc1cc(C)cc(Nc2nccc(-c3c(-c4ccc(C(F)(F)F)cc4)ncn3C3CCNCC3)n2)c1,6.58
Cc1cc(C)cc(Nc2nccc(-c3c(-c4ccc(F)cc4)ncn3C3CCNCC3)n2)c1,9.33
Cc1cc(C)cc(Nc2nccc(-c3c(-c4ccc(F)cc4)nnn3C3CCNCC3)n2)c1,8.66
Cc1cc(C)cc(Nc2nccc(-c3c(-c4ccc(I)cc4)ncn3C3CCNCC3)n2)c1,7.0
Cc1cc(C)cc(Oc2nccc(-c3c(-c4ccc(F)cc4)ncn3C3CCNCC3)n2)c1,7.39
Cc1cc(C)cc(Oc2nccc(-c3c(-c4ccc(F)cc4)nnn3C3CCNCC3)n2)c1,6.92
Cc1cc(C)n(CC(=O)NCc2cccc(-n3nc(C(C)(C)C)cc3NC(=O)Nc3ccccc3)c2)n1,6.795
Cc1cc(CNCCO)ccc1-c1nnc2ccc(Sc3ccc(F)cc3F)cn12.Cl,7.48
Cc1cc(Cl)ccc1-c1c(N)c(C(=O)c2ccc(F)cc2F)cc[n+]1[O-],7.42
Cc1cc(Cl)ccc1-n1nc(Sc2ccc(F)cc2F)ccc1=O,6.51
Cc1cc(Cl)ccc1Sc1ccc2c(-c3c(Cl)cccc3Cl)c(=O)ncn2n1,6.75
Cc1cc(F)c(C(=O)NC2CC2)cc1-c1ccc(C(=O)NCC2CC2)cc1,6.9
Cc1cc(F)c(NC(=O)C2CCOC2)cc1Nc1ccc2c(c1)CCc1ccc(OCCN3CCOCC3)cc1C2=O,6.625
Cc1cc(F)c(NC(=O)c2ccccc2)cc1Nc1ccc2c(c1)CCc1ccc(C(=O)NC[C@@H](O)CO)cc1C2=O,9.275
Cc1cc(F)c(NC(=O)c2ccoc2)cc1Nc1ccc2c(c1)CCc1ccc(OCCN3CCOCC3)cc1C2=O,8.25
Cc1cc(F)c(NC(=O)c2ccsc2)cc1Nc1ccc2c(c1)CCCCC2=O,8.52
Cc1cc(F)c(NC(=O)c2ccsc2)cc1Nc1ccc2c(c1)OCc1ccc(C(=O)NCC(O)CO)cc1C2=O,7.88
Cc1cc(F)c(NC(=O)c2ccsc2)cc1Nc1ccc2c(c1)OCc1ccc(OCCN3CCOCC3)cc1C2=O,7.8
Cc1cc(F)c(NC(=O)c2ccsc2)cc1Nc1ccc2c(c1)OCc1ccc(OC[C@H](O)CO)cc1C2=O,8.4
Cc1cc(F)c(NC(=O)c2ccsc2)cc1Nc1ccc2c(c1)OCc1ccc(OC[C@H]3COC(C)(C)O3)cc1C2=O,7.640000000000001
Cc1cc(F)c(NC(=O)c2ccsc2)cc1Nc1ccc2c(c1)OCc1ccccc1C2=O,7.92
Cc1cc(F)ccc1-c1cc(N(C(N)=O)c2c(Cl)cccc2Cl)ccc1CO,8.7
Cc1cc(F)ccc1-c1nc(N(C(N)=O)c2c(F)cc(F)cc2F)c2ncn(C)c2n1,6.79
Cc1cc(F)ccc1-c1nc(N(C(N)=O)c2c(F)cccc2F)c2ncn(C)c2n1,6.89
Cc1cc(F)ccc1-c1nc(N(C(N)=O)c2ccccc2Cl)c2ncn(C)c2n1,6.91
Cc1cc(F)ccc1C(=O)c1c[nH]c(C(=O)NCc2c(F)cccc2F)c1,6.0
Cc1cc(F)ccc1Nc1ccc(C(=O)c2ccccc2C)c(Cl)c1,8.4
Cc1cc(F)ccc1Nc1ccc2c(c1)OCc1cc(OCCN3CCOCC3)ccc1C2=O,6.8
Cc1cc(F)ccc1Oc1ccc2c(-c3cc(C(N)=O)ccc3C)nncc2n1,6.38
Cc1cc(F)ccc1Oc1ccc2c(-c3ccccc3C)nncc2n1,6.78
Cc1cc(NS(C)(=O)=O)ccc1-c1c2nccc(-c3ccc(F)cc3F)c2cc[n+]1[O-],7.09
Cc1cc(Nc2cc(Oc3ccc(NC(=O)Nc4cc(C(C)(C)C)nn4-c4ccc(OCCN5CCOCC5)cc4)c4ccccc34)ccn2)cc2cn[nH]c12,7.4
Cc1cc(Nc2nccc(Oc3ccc(NC(=O)Nc4cc(C(C)(C)C)nn4-c4ccc(=O)n(CCN5CCOCC5)c4)c4ccccc34)n2)cc2cn[nH]c12,7.33
Cc1cc(Nc2nccc(Oc3ccc(NC(=O)Nc4cc(C(C)(C)C)nn4-c4ccc(=O)n(CCO)c4)c4ccccc34)n2)cc2cn[nH]c12,7.35
Cc1cc(Nc2nccc(Oc3ccc(NC(=O)Nc4cc(C(C)(C)C)nn4-c4ccc(OCCN5CCOCC5)cc4)c4ccccc34)n2)cc2cn[nH]c12,7.16
Cc1cc(Nc2nccc(Oc3ccc(NC(=O)Nc4cc(C(C)(C)C)nn4-c4ccc(OCCN5CCOCC5)nc4)c4ccccc34)n2)cc2cn[nH]c12,7.7
Cc1cc(Nc2nccc(Oc3ccc(NC(=O)Nc4cc(C(C)(C)C)nn4-c4ccc(P(C)(C)=O)cc4)c4ccccc34)n2)cc2cn[nH]c12,7.36
Cc1cc(Nc2nccc(Oc3ccc(NC(=O)Nc4cc(C(C)(C)C)nn4-c4cccc(CN5CCCC5=O)c4)c4ccccc34)n2)cc2cn[nH]c12,7.75
Cc1cc(Nc2nccc(Oc3ccc(NC(=O)Nc4cc(C(C)(C)C)nn4-c4cccc(CP(C)(C)=O)c4)c4ccccc34)n2)cc2cn[nH]c12,7.22
Cc1cc(Nc2nccc(Oc3ccc(NC(=O)Nc4cc(C(C)(C)C)nn4-c4cccc(OCCN5CCOCC5)c4)c4ccccc34)n2)cc2cn[nH]c12,7.34
Cc1cc(Nc2nccc(Oc3ccc(NC(=O)Nc4cc(C(C)C)nn4-c4cccc(CP(C)(C)=O)c4)c4ccccc34)n2)cc2cn[nH]c12,7.16
Cc1cc(Nc2nccc(Oc3ccc(NC(=O)Nc4cc(C(C)C)nn4-c4cccc(OCCN5CCOCC5)c4)c4ccccc34)n2)cc2cn[nH]c12,8.15
Cc1cc(O)ccc1-c1c(N)c(C(=O)c2ccc(F)cc2F)cc[n+]1[O-],8.1
Cc1cc(O)ccc1-c1c2nccc(-c3ccc(F)cc3F)c2cc[n+]1[O-],7.05
Cc1cc(OCCN2CCOCC2)ccc1-c1c(N)c(C(=O)c2ccc(F)cc2F)cc[n+]1[O-],7.85
Cc1cc(OCCN2CCOCC2)ccc1-c1c2nccc(-c3ccc(F)cc3F)c2cc[n+]1[O-],6.38
Cc1cc(OCc2ccc(F)cc2)c(Br)c(=O)n1-c1c(Cl)cccc1Cl,8.22
Cc1cc(OCc2ccc(F)cc2)c(Br)c(=O)n1-c1ccccn1,6.0
Cc1cc(OCc2ccc(F)cc2)c(Br)c(=O)n1-c1cccnc1,6.42
Cc1cc(OCc2ccc(F)cc2)c(Br)c(=O)n1-c1ccncc1,6.41
Cc1cc(OCc2ccc(F)cc2F)c(Br)c(=O)n1-c1c(Cl)cccc1Cl,9.0
Cc1cc(OCc2ccc(F)cc2F)c(Br)c(=O)n1-c1c(F)cc(N(C)C)cc1F,8.1
Cc1cc(OCc2ccc(F)cc2F)c(Br)c(=O)n1-c1c(F)cc(N2CCN(C)CC2)cc1F,7.85
Cc1cc(OCc2ccc(F)cc2F)c(Br)c(=O)n1-c1c(F)cc(O)cc1F,7.82
Cc1cc(OCc2ccc(F)cc2F)c(Br)c(=O)n1-c1c(F)cc(OCC(N)=O)cc1F,8.52
Cc1cc(OCc2ccc(F)cc2F)c(Br)c(=O)n1-c1c(F)cc(OCCO)cc1F,8.15
Cc1cc(OCc2ccc(F)cc2F)c(Br)c(=O)n1-c1c(F)cccc1F,8.52
Cc1cc(OCc2ccc(F)cc2F)c(Br)c(=O)n1-c1ccc(C(=O)N(C)C)cc1,6.13
Cc1cc(OCc2ccc(F)cc2F)c(Br)c(=O)n1-c1ccc(C(N)=O)cc1,6.91
Cc1cc(OCc2ccc(F)cc2F)c(Br)c(=O)n1-c1ccc(CN)cc1,7.29
Cc1cc(OCc2ccc(F)cc2F)c(Br)c(=O)n1-c1ccc(CNC(=O)CN)cc1,7.82
Cc1cc(OCc2ccc(F)cc2F)c(Br)c(=O)n1-c1ccc(CNC(=O)CO)cc1,7.7
Cc1cc(OCc2ccc(F)cc2F)c(Br)c(=O)n1-c1ccc(CNC(N)=O)cc1,6.85
Cc1cc(OCc2ccc(F)cc2F)c(Br)c(=O)n1-c1cccc(C(=O)N(C)C)c1,6.99
Cc1cc(OCc2ccc(F)cc2F)c(Br)c(=O)n1-c1cccc(C(N)=O)c1,7.92
Cc1cc(OCc2ccc(F)cc2F)c(Br)c(=O)n1-c1cccc(CN)c1,6.17
Cc1cc(OCc2ccc(F)cc2F)c(Br)c(=O)n1-c1cccc(CNC(=O)CN)c1,6.58
Cc1cc(OCc2ccc(F)cc2F)c(Br)c(=O)n1-c1cccc(CNC(=O)CO)c1,6.76
Cc1cc(OCc2ccc(F)cc2F)c(Br)c(=O)n1-c1cccc(CNC(N)=O)c1,6.6
Cc1cc(OCc2ccc(F)cc2F)c(Br)c(=O)n1-c1cccnc1,6.82
Cc1cc(OCc2ccc(F)cc2F)c(Br)c(=O)n1-c1ccncc1,6.68
Cc1cc(OCc2ccc(F)cc2F)c(Br)c(=O)n1-c1cnc(CO)cn1,6.35
Cc1cc(OCc2ccc(F)cc2F)c(Br)c(=O)n1Cc1ccc(C#N)cc1,6.72
Cc1cc(OCc2ccc(F)cc2F)c(Br)c(=O)n1Cc1ccc(C(=O)N(C)C)cc1,7.18
Cc1cc(OCc2ccc(F)cc2F)c(Br)c(=O)n1Cc1ccc(C(N)=O)cc1,7.66
Cc1cc(OCc2ccc(F)cc2F)c(Br)c(=O)n1Cc1ccc(CN(C)C)cc1,7.23
Cc1cc(OCc2ccc(F)cc2F)c(Br)c(=O)n1Cc1ccc(CN)cc1,6.92
Cc1cc(OCc2ccc(F)cc2F)c(Br)c(=O)n1Cc1ccc(CNC(=O)CO)cc1,7.34
Cc1cc(OCc2ccc(F)cc2F)c(Br)c(=O)n1Cc1cccc(C#N)c1,6.96
Cc1cc(OCc2ccc(F)cc2F)c(Br)c(=O)n1Cc1cccc(C(=O)N(C)C)c1,6.6
Cc1cc(OCc2ccc(F)cc2F)c(Br)c(=O)n1Cc1cccc(C(N)=O)c1,6.57
Cc1cc(OCc2ccc(F)cc2F)c(Br)c(=O)n1Cc1cccc(CN(C)C)c1,7.2
Cc1cc(OCc2ccc(F)cc2F)c(Br)c(=O)n1Cc1cccc(CN)c1,7.19
Cc1cc(OCc2ccc(F)cc2F)c(Br)c(=O)n1Cc1cccc(CNC(=O)CO)c1,7.31
Cc1cc(OCc2ccc(F)cc2F)c(Cl)c(=O)n1-c1c(F)cc(N2CCN(C)CC2)cc1F,7.64
Cc1cc(OCc2ccc(F)cc2F)c(Cl)c(=O)n1-c1c(F)cccc1F,8.4
Cc1cc(OCc2ccc(F)cc2F)c(Cl)c(=O)n1Cc1ccc(C(=O)N(C)C)cc1,7.1
Cc1cc(OCc2ccc(F)cc2F)c(Cl)c(=O)n1Cc1ccc(CNC(=O)CO)cc1,7.26
Cc1cc(OCc2ccccc2)c(Br)c(=O)n1-c1c(Cl)cccc1Cl,7.52
Cc1cc(Oc2ccc(NC(=O)Nc3cccc(C(F)(F)F)c3)cc2)c2ccccc2n1,6.0
Cc1cc(Oc2ccc(NC(=O)Nc3cccc(C(F)(F)F)c3)cc2)ncn1,6.0
Cc1cc(S(C)(=O)=O)ccc1-c1nncc2nc(Nc3ccc(F)cc3)ccc12,9.05
Cc1cc(S(C)(=O)=O)ccc1-c1nncc2nc(Nc3ccc(F)cc3F)ccc12,9.3
Cc1cc(S(C)(=O)=O)ccc1-c1nncc2nc(Oc3ccc(F)cc3F)ccc12,9.15
Cc1cc([N+](=O)[O-])cc(Cl)c1N1C(=O)NCc2nc(Sc3ccc(F)cc3)ccc21,7.18
Cc1cc2cc(Nc3nccc(Oc4ccc(NC(=O)Nc5cc(C(C)(C)C)nn5-c5ccc(OCCN6CCOCC6)cc5)c5ccccc45)n3)ccc2[nH]1,6.47
Cc1cc2nc(-c3ccc(F)cc3)c(-c3ccnc(NC(C)C)c3)nc2cc1C,6.62
Cc1cc2nc(-c3ccc(F)cc3)c(-c3ccnc(N[C@H]4CC[C@H](O)CC4)c3)nc2cc1C,6.59
Cc1ccc(-c2[nH]c(C(C)(C)C)nc2C(=O)Nc2ccc(C)c(Nc3ccc4ncn(C)c(=O)c4c3)c2)cc1,7.02
Cc1ccc(-c2[nH]c(C(F)(F)F)nc2C(=O)Nc2ccc(C)c(Nc3ccc4ncn(C)c(=O)c4c3)c2)cc1F,7.0
Cc1ccc(-c2cc(C(F)(F)F)nn2-c2ccc(S(N)(=O)=O)cc2)cc1,6.09
Cc1ccc(-c2ccc(C(=O)Nc3cc(C(=O)NC4CC4)ccc3C)s2)cn1,8.11
Cc1ccc(-c2n[nH]c(C3CCN(C)CC3)c2-c2ccncc2)cc1,7.0
Cc1ccc(-c2ncc(Cl)cc2-c2ccc(S(C)(=O)=O)cc2)cn1,6.28
Cc1ccc(-c2ncn[nH]2)cc1-c1ccc2c(c1)NC(=O)C21CCCC1,8.05
Cc1ccc(-c2nnc(C3CC3)[nH]2)cc1-c1ccc2c(c1)NC(=O)C21CCCC1,6.87
Cc1ccc(-n2cc(C(C)(C)C)cc2NC(=O)Nc2ncc(CCc3ccncc3)s2)cc1,6.38
Cc1ccc(-n2nc(C(C)(C)C)cc2NC(=O)/C(=N\O)c2ccc(OCCN3CCOCC3)c3ccccc23)cc1,7.23
Cc1ccc(-n2nc(C(C)(C)C)cc2NC(=O)C(=O)c2ccc(OCCN3CCOCC3)c3ccccc23)cc1,6.505
Cc1ccc(-n2nc(C(C)(C)C)cc2NC(=O)NCc2cc(C(F)(F)F)ccc2Oc2ccnc(N3CCOCC3)n2)cc1,7.46
Cc1ccc(-n2nc(C(C)(C)C)cc2NC(=O)NCc2cc(C)ccc2Oc2ccnc(N3CCOCC3)n2)cc1,7.89
Cc1ccc(-n2nc(C(C)(C)C)cc2NC(=O)NCc2cc(Cl)ccc2Oc2ccnc(N3CCOCC3)n2)cc1,8.3
Cc1ccc(-n2nc(C(C)(C)C)cc2NC(=O)NCc2cc(F)cc(C)c2Oc2ccnc(N3CCOCC3)n2)cc1,7.85
Cc1ccc(-n2nc(C(C)(C)C)cc2NC(=O)NCc2cc(F)cc(Cl)c2Oc2ccnc(N3CCOCC3)n2)cc1,7.96
Cc1ccc(-n2nc(C(C)(C)C)cc2NC(=O)NCc2cc(F)cc(F)c2Oc2ccnc(N3CCOCC3)n2)cc1,8.52
Cc1ccc(-n2nc(C(C)(C)C)cc2NC(=O)NCc2cc(F)ccc2Oc2ccc3c(cnn3CCO)c2)cc1,7.890000000000001
Cc1ccc(-n2nc(C(C)(C)C)cc2NC(=O)NCc2cc(F)ccc2Oc2ccnc(N3CCOCC3)n2)cc1,8.4
Cc1ccc(-n2nc(C(C)(C)C)cc2NC(=O)NCc2ccccc2Oc2ccnc(Cl)n2)cc1,7.7
Cc1ccc(-n2nc(C(C)(C)C)cc2NC(=O)NCc2ccccc2Oc2ccnc(N3CCCCC3)n2)cc1,7.89
Cc1ccc(-n2nc(C(C)(C)C)cc2NC(=O)NCc2ccccc2Oc2ccnc(N3CCOCC3)n2)cc1,7.92
Cc1ccc(-n2nc(C(C)(C)C)cc2NC(=O)N[C@H]2CC[C@@H](Oc3ccc4nnc(C(C)C)n4c3)c3ccccc32)cc1,9.7
Cc1ccc(-n2nc(C(C)(C)C)cc2NC(=O)N[C@H]2CC[C@@H](Oc3ccc4nnc(C5CCCC5)n4c3)c3ccccc32)cc1,10.0
Cc1ccc(-n2nc(C(C)(C)C)cc2NC(=O)N[C@H]2CC[C@@H](Oc3ccc4nnc(C5CCCCC5)n4c3)c3ccccc32)cc1,9.52
Cc1ccc(-n2nc(C(C)(C)C)cc2NC(=O)N[C@H]2CC[C@@H](Oc3ccc4nnc(N5CCC(CO)CC5)n4c3)c3ccccc32)cc1,9.52
Cc1ccc(-n2nc(C(C)(C)C)cc2NC(=O)N[C@H]2CC[C@@H](Oc3ccc4nnc(N5CCC(O)CC5)n4c3)c3ccccc32)cc1,9.3
Cc1ccc(-n2nc(C(C)(C)C)cc2NC(=O)N[C@H]2CC[C@@H](Oc3ccc4nnc(N5CCCC5)n4c3)c3ccccc32)cc1,9.3
Cc1ccc(-n2nc(C(C)(C)C)cc2NC(=O)N[C@H]2CC[C@@H](Oc3ccc4nnc(N5CCCCC5)n4c3)c3ccccc32)cc1,9.52
Cc1ccc(-n2nc(C(C)(C)C)cc2NC(=O)N[C@H]2CC[C@@H](Oc3ccc4nnc(N5CCN(C)CC5)n4c3)c3ccccc32)cc1,9.0
Cc1ccc(-n2nc(C(C)(C)C)cc2NC(=O)N[C@H]2CC[C@@H](Oc3ccc4nnc(N5CCOCC5)n4c3)c3ccccc32)cc1,8.96
Cc1ccc(-n2nc(C(C)(C)C)cc2NC(=O)N[C@H]2CC[C@H](Oc3ccc4nnc(C(C)C)n4c3)CC2)cc1,8.21
Cc1ccc(-n2nc(C(C)(C)C)cc2NC(=O)N[C@H]2CC[C@H](Oc3ccc4nnc(C(C)C)n4c3)c3ccccc32)cc1,10.0
Cc1ccc(-n2nc(C(C)(C)C)cc2NC(=O)Nc2ccc(C)c(Nc3nccc(-c4cccnc4)n3)c2)cc1,6.72
Cc1ccc(-n2nc(C(C)(C)C)cc2NC(=O)Nc2ccc(CCCN3CCOCC3)c3ccccc23)cc1,8.92
Cc1ccc(-n2nc(C(C)(C)C)cc2NC(=O)Nc2ccc(OCCN3CCOCC3)c3ccccc23)cc1,8.11
Cc1ccc(-n2nc(C(C)(C)C)cc2NC(=O)Nc2ccc(OCCN3CCOCC3)c3ccccc23)cc1C(=O)O,8.6
Cc1ccc(-n2nc(C(C)(C)C)cc2NC(=O)Nc2ccc(OCCN3CCOCC3)c3ccccc23)cc1CN(C)C,8.32
Cc1ccc(-n2nc(C(C)(C)C)cc2NC(=O)Nc2ccc(OCCN3CCOCC3)c3ccccc23)cn1,8.96
Cc1ccc(-n2nc(C(C)(C)C)cc2NC(=O)Nc2ccc(OCCc3ccccn3)c3ccccc23)cc1,6.78
Cc1ccc(-n2nc(C(C)(C)C)cc2NC(=O)Nc2ccc(OCCc3cccnc3)c3ccccc23)cc1,7.92
Cc1ccc(-n2nc(C(C)(C)C)cc2NC(=O)Nc2ccc(OCCc3ccnc(N)c3)c3ccccc23)cc1,7.22
Cc1ccc(-n2nc(C(C)(C)C)cc2NC(=O)Nc2ccc(OCCc3ccncc3)c3ccccc23)cc1,8.96
Cc1ccc(-n2nc(C(C)(C)C)cc2NC(=O)Nc2ccc(OCCc3ccncc3N)c3ccccc23)cc1,7.96
Cc1ccc(-n2nc(C(C)(C)C)cc2NC(=O)Nc2ccc(OCCn3ccnc3)c3ccccc23)cc1,7.66
Cc1ccc(-n2nc(C(C)(C)C)cc2NC(=O)Nc2ccc(OCc3ccnc(C(=O)NCCN4CCOCC4)c3)c3ccccc23)cc1,8.22
Cc1ccc(-n2nc(C(C)(C)C)cc2NC(=O)Nc2ccc(OCc3ccnc(NC(=O)CN(C)C)c3)c3ccccc23)cc1,9.0
Cc1ccc(-n2nc(C(C)(C)C)cc2NC(=O)Nc2ccc(OCc3ccnc(NC(=O)CN4CCOCC4)c3)c3ccccc23)cc1,8.7
Cc1ccc(-n2nc(C(C)(C)C)cc2NC(=O)Nc2ccc(OCc3ccnc(NC(=O)CS(C)(=O)=O)c3)c3ccccc23)cc1,8.1
Cc1ccc(-n2nc(C(C)(C)C)cc2NC(=O)Nc2ccc(OCc3ccnc(NC(=O)Cc4ccccc4)c3)c3ccccc23)cc1,8.05
Cc1ccc(-n2nc(C(C)(C)C)cc2NC(=O)Nc2ccc(OCc3ccnc(NC(=O)c4ccccc4)c3)c3ccccc23)cc1,7.62
Cc1ccc(-n2nc(C(C)(C)C)cc2NC(=O)Nc2ccc(OCc3ccnc(NS(C)(=O)=O)c3)c3ccccc23)cc1,7.75
Cc1ccc(-n2nc(C(C)(C)C)cc2NC(=O)Nc2ccc(Oc3cc(Nc4ccc5[nH]ncc5c4)ncn3)c3ccccc23)cc1,7.52
Cc1ccc(-n2nc(C(C)(C)C)cc2NC(=O)Nc2ccc(Oc3ccnc(Nc4cc(Br)cc(C(=O)NCCN5CCOCC5)c4)n3)c3ccccc23)cc1,7.66
Cc1ccc(-n2nc(C(C)(C)C)cc2NC(=O)Nc2ccc(Oc3ccnc(Nc4cc(C)c5[nH]ncc5c4)n3)c3ccccc23)cc1,6.58
Cc1ccc(-n2nc(C(C)(C)C)cc2NC(=O)Nc2ccc(Oc3ccnc(Nc4cc(C)cc(C(N)=O)c4)n3)c3ccccc23)cc1,7.28
Cc1ccc(-n2nc(C(C)(C)C)cc2NC(=O)Nc2ccc(Oc3ccnc(Nc4cc(C)ccc4C)n3)c3ccccc23)cc1,6.71
Cc1ccc(-n2nc(C(C)(C)C)cc2NC(=O)Nc2ccc(Oc3ccnc(Nc4ccc(C)c(O)c4)n3)c3ccccc23)cc1,6.26
Cc1ccc(-n2nc(C(C)(C)C)cc2NC(=O)Nc2ccc(Oc3ccnc(Nc4ccc(Cl)cc4)n3)c3ccccc23)cc1,6.21
Cc1ccc(-n2nc(C(C)(C)C)cc2NC(=O)Nc2ccc(Oc3ccnc(Nc4ccc(Cl)cc4C)n3)c3ccccc23)cc1,6.88
Cc1ccc(-n2nc(C(C)(C)C)cc2NC(=O)Nc2ccc(Oc3ccnc(Nc4ccc(F)cc4)n3)c3ccccc23)cc1,6.67
Cc1ccc(-n2nc(C(C)(C)C)cc2NC(=O)Nc2ccc(Oc3ccnc(Nc4ccc(O)c(F)c4)n3)c3ccccc23)cc1,6.51
Cc1ccc(-n2nc(C(C)(C)C)cc2NC(=O)Nc2ccc(Oc3ccnc(Nc4ccc(O)cc4)n3)c3ccccc23)cc1,6.779999999999999
Cc1ccc(-n2nc(C(C)(C)C)cc2NC(=O)Nc2ccc(Oc3ccnc(Nc4ccc(O)cc4C)n3)c3ccccc23)cc1,7.44
Cc1ccc(-n2nc(C(C)(C)C)cc2NC(=O)Nc2ccc(Oc3ccnc(Nc4ccc(O)cc4Cl)n3)c3ccccc23)cc1,6.93
Cc1ccc(-n2nc(C(C)(C)C)cc2NC(=O)Nc2ccc(Oc3ccnc(Nc4ccc(O)cc4F)n3)c3ccccc23)cc1,7.17
Cc1ccc(-n2nc(C(C)(C)C)cc2NC(=O)Nc2ccc(Oc3ccnc(Nc4ccc(O)cc4O)n3)c3ccccc23)cc1,6.72
Cc1ccc(-n2nc(C(C)(C)C)cc2NC(=O)Nc2ccc(Oc3ccnc(Nc4ccc5[nH]ccc5c4)n3)c3ccccc23)cc1,6.73
Cc1ccc(-n2nc(C(C)(C)C)cc2NC(=O)Nc2ccc(Oc3ccnc(Nc4ccc5[nH]cnc5c4)n3)c3ccccc23)cc1,7.05
Cc1ccc(-n2nc(C(C)(C)C)cc2NC(=O)Nc2ccc(Oc3ccnc(Nc4ccc5[nH]nc(C(=O)NCCN6CCOCC6)c5c4)n3)c3ccccc23)cc1,7.72
Cc1ccc(-n2nc(C(C)(C)C)cc2NC(=O)Nc2ccc(Oc3ccnc(Nc4ccc5[nH]ncc5c4)n3)c3ccccc23)cc1,7.25
Cc1ccc(-n2nc(C(C)(C)C)cc2NC(=O)Nc2ccc(Oc3ccnc(Nc4ccc5[nH]nnc5c4)n3)c3ccccc23)cc1,7.04
Cc1ccc(-n2nc(C(C)(C)C)cc2NC(=O)Nc2ccc(Oc3ccnc(Nc4ccc5c(c4)CC(=O)N5)n3)c3ccccc23)cc1,7.92
Cc1ccc(-n2nc(C(C)(C)C)cc2NC(=O)Nc2ccc(Oc3ccnc(Nc4ccc5c(c4)CC(=O)N5C)n3)c3ccccc23)cc1,7.21
Cc1ccc(-n2nc(C(C)(C)C)cc2NC(=O)Nc2ccc(Oc3ccnc(Nc4ccc5c(c4)NC(=O)C5)n3)c3ccccc23)cc1,7.03
Cc1ccc(-n2nc(C(C)(C)C)cc2NC(=O)Nc2ccc(Oc3ccnc(Nc4ccc5c(c4)OCO5)n3)c3ccccc23)cc1,6.43
Cc1ccc(-n2nc(C(C)(C)C)cc2NC(=O)Nc2ccc(Oc3ccnc(Nc4ccc5c(c4)ncn5C)n3)c3ccccc23)cc1,7.72
Cc1ccc(-n2nc(C(C)(C)C)cc2NC(=O)Nc2ccc(Oc3ccnc(Nc4ccc5c(cnn5C)c4)n3)c3ccccc23)cc1,6.84
Cc1ccc(-n2nc(C(C)(C)C)cc2NC(=O)Nc2ccc(Oc3ccnc(Nc4ccc5c(cnn5CCN5CCOCC5)c4)n3)c3ccccc23)cc1,7.24
Cc1ccc(-n2nc(C(C)(C)C)cc2NC(=O)Nc2ccc(Oc3ccnc(Nc4ccc5cn[nH]c5c4)n3)c3ccccc23)cc1,6.61
Cc1ccc(-n2nc(C(C)(C)C)cc2NC(=O)Nc2ccc(Oc3ccnc(Nc4ccc5ncn(C)c5c4)n3)c3ccccc23)cc1,7.48
Cc1ccc(-n2nc(C(C)(C)C)cc2NC(=O)Nc2ccc(Oc3ccnc(Nc4ccc5ncsc5c4)n3)c3ccccc23)cc1,6.36
Cc1ccc(-n2nc(C(C)(C)C)cc2NC(=O)Nc2ccc(Oc3ccnc(Nc4ccc5onc(N)c5c4)n3)c3ccccc23)cc1,7.09
Cc1ccc(-n2nc(C(C)(C)C)cc2NC(=O)Nc2ccc(Oc3ccnc(Nc4ccc5scnc5c4)n3)c3ccccc23)cc1,6.51
Cc1ccc(-n2nc(C(C)(C)C)cc2NC(=O)Nc2ccc(Oc3ccnc(Nc4cccc(C(=O)N(C)C)c4)n3)c3ccccc23)cc1,7.92
Cc1ccc(-n2nc(C(C)(C)C)cc2NC(=O)Nc2ccc(Oc3ccnc(Nc4cccc(C(=O)N5CCOCC5)c4)n3)c3ccccc23)cc1,7.77
Cc1ccc(-n2nc(C(C)(C)C)cc2NC(=O)Nc2ccc(Oc3ccnc(Nc4cccc(C(=O)NCCN(C)C)c4)n3)c3ccccc23)cc1,7.92
Cc1ccc(-n2nc(C(C)(C)C)cc2NC(=O)Nc2ccc(Oc3ccnc(Nc4cccc(C(=O)NCCN5CCN(C)CC5)c4)n3)c3ccccc23)cc1,7.89
Cc1ccc(-n2nc(C(C)(C)C)cc2NC(=O)Nc2ccc(Oc3ccnc(Nc4cccc(C(=O)NCCN5CCOCC5)c4)n3)c3ccccc23)cc1,8.15
Cc1ccc(-n2nc(C(C)(C)C)cc2NC(=O)Nc2ccc(Oc3ccnc(Nc4cccc(C(N)=O)c4)n3)c3ccccc23)cc1,7.57
Cc1ccc(-n2nc(C(C)(C)C)cc2NC(=O)Nc2ccc(Oc3ccnc(Nc4cccc(C)c4)n3)c3ccccc23)cc1,6.77
Cc1ccc(-n2nc(C(C)(C)C)cc2NC(=O)Nc2ccc(Oc3ccnc(Nc4cccc(Cl)c4)n3)c3ccccc23)cc1,6.58
Cc1ccc(-n2nc(C(C)(C)C)cc2NC(=O)Nc2ccc(Oc3ccnc(Nc4cccc(F)c4)n3)c3ccccc23)cc1,6.81
Cc1ccc(-n2nc(C(C)(C)C)cc2NC(=O)Nc2ccc(Oc3ccnc(Nc4cccc5[nH]ccc45)n3)c3ccccc23)cc1,7.0
Cc1ccc(-n2nc(C(C)(C)C)cc2NC(=O)Nc2ccc(Oc3ccnc(Nc4cccc5[nH]ncc45)n3)c3ccccc23)cc1,7.68
Cc1ccc(-n2nc(C(C)(C)C)cc2NC(=O)Nc2ccc(Oc3ccnc(Nc4cccc5cc[nH]c45)n3)c3ccccc23)cc1,6.42
Cc1ccc(-n2nc(C(C)(C)C)cc2NC(=O)Nc2ccc(Oc3ccnc(Nc4cccc5cn[nH]c45)n3)c3ccccc23)cc1,6.28
Cc1ccc(-n2nc(C(C)(C)C)cc2NC(=O)Nc2ccc(Oc3ccnc(Nc4ccccc4)n3)c3ccccc23)cc1,7.22
Cc1ccc(-n2nc(C(C)(C)C)cc2NC(=O)Nc2ccc(Oc3ccnc(Nc4ccccc4C(C)C)n3)c3ccccc23)cc1,8.05
Cc1ccc(-n2nc(C(C)(C)C)cc2NC(=O)Nc2ccc(Oc3ccnc(Nc4ccccc4C)n3)c3ccccc23)cc1,7.48
Cc1ccc(-n2nc(C(C)(C)C)cc2NC(=O)Nc2ccc(Oc3ccnc(Nc4ccccc4Cl)n3)c3ccccc23)cc1,6.9
Cc1ccc(-n2nc(C(C)(C)C)cc2NC(=O)Nc2ccc(Oc3ccnc(Nc4ccccc4F)n3)c3ccccc23)cc1,6.78
Cc1ccc(-n2nc(C(C)(C)C)cc2NC(=O)Nc2ccc(Oc3ccnc(Nc4cnc5[nH]ccc5c4)n3)c3ccccc23)cc1,7.1
Cc1ccc(-n2nc(C(C)(C)C)cc2NC(=O)Nc2ccc(Oc3ccnc(Nc4cnc5[nH]ncc5c4)n3)c3ccccc23)cc1,6.75
Cc1ccc(-n2nc(C(C)(C)C)cc2NC(=O)Nc2ccc(Oc3ccnc4[nH]c(=O)[nH]c34)c3ccccc23)cc1,7.77
Cc1ccc(-n2nc(C(C)(C)C)cc2NC(=O)Nc2ccc(Oc3ccnc4[nH]c(=O)c(C)nc34)c3ccccc23)cc1,8.15
Cc1ccc(-n2nc(C(C)(C)C)cc2NC(=O)Nc2ccc(Oc3ccnc4[nH]c(=O)cnc34)c3ccccc23)cc1,8.52
Cc1ccc(-n2nc(C(C)(C)C)cc2NC(=O)Nc2ccc(Oc3ccnc4[nH]c(=O)cnc34)c3ccccc23)s1,8.7
Cc1ccc(-n2nc(C(C)(C)C)cc2NC(=O)Nc2ccc(Oc3ccnc4[nH]c(=O)n(C)c34)c3ccccc23)cc1,9.0
Cc1ccc(-n2nc(C(C)(C)C)cc2NC(=O)Nc2ccc(Oc3ccncc3C)cc2F)cc1,7.17
Cc1ccc(-n2nc(C(C)(C)C)cc2NC(=O)Nc2ccc(Oc3ncnc4[nH]c(=O)[nH]c34)c3ccccc23)cc1,7.52
Cc1ccc(-n2nc(C(C)(C)C)cc2NC(=O)Nc2cccc(Nc3ccnc4ccc(N)cc34)c2)cc1,6.525
Cc1ccc(-n2nc(C(C)(C)C)cc2NC(=O)Nc2cccc(Nc3ccnc4ccc([N+](=O)[O-])cc34)c2)cc1,6.92
Cc1ccc(-n2nc(C(C)(C)C)cc2NC(=O)Nc2cccc(Nc3ccnc4ccccc34)c2)cc1,6.59
Cc1ccc(-n2nc(C(C)(C)C)cc2NC(=O)Nc2cccc(Nc3ncnc4ccc(N)cc34)c2)cc1,6.385
Cc1ccc(-n2nc(C(C)(C)C)cc2NC(=O)Nc2cccc3ccccc23)cc1,8.465
Cc1ccc(-n2nc(C(C)(C)C)cc2NC(=O)Nc2cccc3ccccc23)cc1C(=O)N(C)CCN,6.15
Cc1ccc(-n2nc(C(C)(C)C)cc2NC(=O)Nc2cccc3ccccc23)cc1C(=O)N(CCCN)C(C)C,6.51
Cc1ccc(-n2nc(C(C)(C)C)cc2NC(=O)Nc2cccc3ccccc23)cc1C(=O)N(CCCN)C1CCCCC1,7.05
Cc1ccc(-n2nc(C(C)(C)C)cc2NC(=O)Nc2cccc3ccccc23)cc1C(=O)NC1CCN(CCN2CCOCC2)CC1,6.05
Cc1ccc(-n2nc(C(C)(C)C)cc2NC(=O)Nc2cccc3ccccc23)cc1C(=O)NCC#N,6.93
Cc1ccc(-n2nc(C(C)(C)C)cc2NC(=O)Nc2cccc3ccccc23)cc1C(=O)NCC(CC(C)C)C(N)=O,6.11
Cc1ccc(-n2nc(C(C)(C)C)cc2NC(=O)Nc2cccc3ccccc23)cc1C(=O)NCCCN1CCCC1,6.52
Cc1ccc(-n2nc(C(C)(C)C)cc2NC(=O)Nc2cccc3ccccc23)cc1C(=O)NCCCN1CCOCC1,6.54
Cc1ccc(-n2nc(C(C)(C)C)cc2NC(=O)Nc2cccc3ccccc23)cc1C(=O)NCCCO,6.55
Cc1ccc(-n2nc(C(C)(C)C)cc2NC(=O)Nc2cccc3ccccc23)cc1C(=O)NCCN1CCN(C)CC1,6.85
Cc1ccc(-n2nc(C(C)(C)C)cc2NC(=O)Nc2cccc3ccccc23)cc1C(=O)NCCNc1ccccc1,6.36
Cc1ccc(-n2nc(C(C)(C)C)cc2NC(=O)Nc2cccc3ccccc23)cc1C(=O)NC[C@@H](CO)C(C)C,6.33
Cc1ccc(-n2nc(C(C)(C)C)cc2NC(=O)Nc2cccc3ccccc23)cc1C(=O)NCc1ccncc1,7.375
Cc1ccc(-n2nc(C(C)(C)C)cc2NC(=O)Nc2cccc3ccccc23)cc1C(=O)NCc1ccncn1,6.49
Cc1ccc(-n2nc(C(C)(C)C)cc2NC(=O)Nc2cccc3ccccc23)cc1C(=O)N[C@@H]1CS(=O)(=O)C[C@H]1O,6.95
Cc1ccc(-n2nc(C(C)(C)C)cc2NC(=O)Nc2ccccc2)cc1,7.68
Cc1ccc(-n2nc(C(C)(C)C)cc2NC(=O)Nc2nc(CCOCc3ccc(F)cc3)cs2)cc1,6.52
Cc1ccc(-n2nc(C(C)(C)C)cc2NC(=O)Nc2nc(CCOCc3ccccc3)cs2)cc1,6.42
Cc1ccc(-n2nc(C(C)(C)C)cc2NC(=O)Nc2nc(CCOCc3ccncc3)cs2)cc1,6.23
Cc1ccc(-n2nc(C(C)(C)C)cc2NC(=O)Nc2ncc(CCc3ccnc(NC(=O)C(C)C)c3)s2)cc1,6.7
Cc1ccc(-n2nc(C(C)(C)C)cc2NC(=O)Nc2ncc(CCc3ccnc(NC(=O)C4CC4)c3)s2)cc1,6.7
Cc1ccc(-n2nc(C(C)(C)C)cc2NC(=O)Nc2ncc(CCc3ccnc(NC(=O)C4CCC4)c3)s2)cc1,6.71
Cc1ccc(-n2nc(C(C)(C)C)cc2NC(=O)Nc2ncc(CCc3ccnc(NC(=O)C4CCOCC4)c3)s2)cc1,6.94
Cc1ccc(-n2nc(C(C)(C)C)cc2NC(=O)Nc2ncc(CCc3ccnc(NC(=O)CO)c3)s2)cc1,6.58
Cc1ccc(-n2nc(C(C)(C)C)cc2NC(=O)Nc2ncc(CCc3ccnc(NC(=O)N4CCCC4)c3)s2)cc1,6.61
Cc1ccc(-n2nc(C(C)(C)C)cc2NC(=O)Nc2nccs2)cc1,6.0
Cc1ccc(-n2nc(C(C)(C)C)cc2NC(=O)c2ccc(CNC(=O)c3cnn(-c4ccccc4)c3N)cc2)cc1,7.26
Cc1ccc(-n2nc(C(C)(C)CO)cc2NC(=O)Nc2ccc(OCCN3CCOCC3)c3ccccc23)cc1,7.8
Cc1ccc(-n2nc(C(C)(C)CO)cc2NC(=O)Nc2ccc(Oc3ccncc3)cc2)cc1,7.03
Cc1ccc(-n2nc(C(C)(C)CO)cc2NC(=O)Nc2ccc(Oc3ccncc3)cc2F)cc1,7.19
Cc1ccc(-n2nc(C(C)C)cc2NC(=O)Nc2ccc(Oc3ccnc(Nc4cc(C(=O)NCCN5CCOCC5)cc(C(F)(F)F)c4)n3)c3ccccc23)cc1,7.205
Cc1ccc(-n2nc(C(C)C)cc2NC(=O)Nc2ccc(Oc3ccnc(Nc4cc(Cl)cc(C(=O)NCCN5CCOCC5)c4)n3)c3ccccc23)cc1,7.8
Cc1ccc(-n2nc(C(C)C)cc2NC(=O)Nc2ccc(Oc3ccnc(Nc4cccc(C(=O)NCCN5CCOCC5)c4)n3)c3ccccc23)cc1,8.7
Cc1ccc(-n2nc(C(C)C)cc2NC(=O)Nc2ccc(Oc3ccnc4[nH]c(=O)cnc34)c3ccccc23)cc1,8.7
Cc1ccc(-n2nc(C3(C)CC3)cc2NC(=O)Nc2ccc(Oc3ccnc4[nH]c(=O)cnc34)c3ccccc23)cc1,8.3
Cc1ccc(-n2nc(C3(C)CSC3)cc2NC(=O)Nc2ncc(CCc3ccncc3)s2)cc1,6.5
Cc1ccc(-n2nc(C3CC3)cc2NC(=O)Nc2ccc(Oc3ccnc4[nH]c(=O)cnc34)c3ccccc23)cc1,8.7
Cc1ccc(C(=O)N(C)C)cc1-n1c(C)cc(OCc2ccc(F)cc2F)c(Br)c1=O,8.02
Cc1ccc(C(=O)NC(C)(C)C(N)=O)cc1NC(=O)c1cnn(-c2ccccc2)c1N,7.36
Cc1ccc(C(=O)NC(C)(C)C)cc1-c1ccc2c(c1)NC(=O)C21CCCC1,6.56
Cc1ccc(C(=O)NC(C)(C)C)cc1Nc1cc(=O)n(C)c2c1cnn2-c1ccc(F)cc1F,6.57
Cc1ccc(C(=O)NC(C)C)cc1-c1ccc(C(=O)NCC2CC2)cc1,6.0
Cc1ccc(C(=O)NC(C)C)cc1-c1ccc2c(c1)NC(=O)C21CCCC1,7.7
Cc1ccc(C(=O)NC(C)C)cc1-n1cnc2ccc(N3CCN(C)CC3)cc2c1=O,6.1
Cc1ccc(C(=O)NC(C)C)cc1Nc1nc(N[C@H]2CCNC2)nc(N(C)CC(C)(C)C)n1,7.29
Cc1ccc(C(=O)NC(C)C)cc1Nc1ncnn2cc(C(=O)c3ccccc3)c(C)c12,7.57
Cc1ccc(C(=O)NC2(C(N)=O)CC2)cc1NC(=O)c1ccc(-c2ccccc2Cl)s1,7.23
Cc1ccc(C(=O)NC2(C)CC2)cc1-c1cc2cnn(-c3c(F)cccc3F)c2n(C)c1=O,8.77
Cc1ccc(C(=O)NC2(C)CC2)cc1-c1cc2cnnc(-c3ccc(F)cc3F)c2n(C)c1=O,8.51
Cc1ccc(C(=O)NC2CC2)cc1-c1cc2c(C)nn(-c3c(F)cccc3F)c2n(C)c1=O,8.1
Cc1ccc(C(=O)NC2CC2)cc1-c1cc2c(cn1)C1(CCCC1)C(=O)N2,9.1
Cc1ccc(C(=O)NC2CC2)cc1-c1cc2cnc(NC3CCOCC3)nc2n(C)c1=O,9.05
Cc1ccc(C(=O)NC2CC2)cc1-c1cc2cnn(-c3c(F)cccc3F)c2n(C)c1=O,8.85
Cc1ccc(C(=O)NC2CC2)cc1-c1cc2cnn(-c3cc(F)ccc3F)c2n(C)c1=O,8.72
Cc1ccc(C(=O)NC2CC2)cc1-c1cc2cnn(-c3ccc(F)cc3F)c2n(C)c1=O,9.075
Cc1ccc(C(=O)NC2CC2)cc1-c1cc2cnn(-c3ccccc3C)c2n(C)c1=O,8.72
Cc1ccc(C(=O)NC2CC2)cc1-c1cc2cnn(-c3ccccc3Cl)c2n(C)c1=O,9.05
Cc1ccc(C(=O)NC2CC2)cc1-c1cc2cnn(-c3ccccc3F)c2n(C)c1=O,9.74
Cc1ccc(C(=O)NC2CC2)cc1-c1cc2cnn(-c3ncccc3C(F)(F)F)c2n(C)c1=O,8.64
Cc1ccc(C(=O)NC2CC2)cc1-c1cc2cnnc(-c3ccc(F)cc3F)c2n(C)c1=O,8.57
Cc1ccc(C(=O)NC2CC2)cc1-c1cc2nnc(-c3c(C)cccc3F)n2n(C)c1=O,8.325
Cc1ccc(C(=O)NC2CC2)cc1-c1cc2nnc(-c3c(F)cccc3Cl)n2n(C)c1=O,8.46
Cc1ccc(C(=O)NC2CC2)cc1-c1cc2nnc(-c3c(F)cccc3F)n2n(C)c1=O,8.280000000000001
Cc1ccc(C(=O)NC2CC2)cc1-c1cc2nnc(-c3cc(F)ccc3Cl)n2n(C)c1=O,7.744999999999999
Cc1ccc(C(=O)NC2CC2)cc1-c1cc2nnc(-c3ccc(F)cc3F)n2n(C)c1=O,7.359999999999999
Cc1ccc(C(=O)NC2CC2)cc1-c1ccc(-c2csc(N)n2)cc1,6.89
Cc1ccc(C(=O)NC2CC2)cc1-c1ccc(C(=O)NCC2CC2)cc1,7.9
Cc1ccc(C(=O)NC2CC2)cc1-c1ccc(C(=O)NCC2CC2)cn1,7.05
Cc1ccc(C(=O)NC2CC2)cc1-c1ccc(C(=O)NCC2CC2)nc1,6.1
Cc1ccc(C(=O)NC2CC2)cc1-c1ccc(C(=O)NCCCN(C)C)cc1,6.535
Cc1ccc(C(=O)NC2CC2)cc1-c1ccc(C(=O)NCCCN2CCOCC2)cc1,6.595000000000001
Cc1ccc(C(=O)NC2CC2)cc1-c1ccc(C(=O)NCCCO)cc1,6.970000000000001
Cc1ccc(C(=O)NC2CC2)cc1-c1ccc(C(=O)NCc2ccc(N3CCN(C)CC3)cc2)cc1,8.1
Cc1ccc(C(=O)NC2CC2)cc1-c1ccc(C(=O)NCc2cccc(NS(C)(=O)=O)c2)cc1,8.35
Cc1ccc(C(=O)NC2CC2)cc1-c1ccc(C(=O)NN)cc1,6.609999999999999
Cc1ccc(C(=O)NC2CC2)cc1-c1ccc(C(=O)Nc2cccc(C#N)c2)cc1,7.890000000000001
Cc1ccc(C(=O)NC2CC2)cc1-c1ccc2[nH]ncc2c1,7.06
Cc1ccc(C(=O)NC2CC2)cc1-c1ccc2c(-c3ccccc3)nncc2c1,8.7
Cc1ccc(C(=O)NC2CC2)cc1-c1ccc2c(-c3ccccc3C)nncc2c1,9.1
Cc1ccc(C(=O)NC2CC2)cc1-c1ccc2c(-c3ccccc3F)nncc2c1,10.3
Cc1ccc(C(=O)NC2CC2)cc1-c1ccc2c(=O)[nH]c(-c3cccs3)nc2c1,8.54
Cc1ccc(C(=O)NC2CC2)cc1-c1ccc2c(=O)cc(-c3cccs3)oc2c1,8.17
Cc1ccc(C(=O)NC2CC2)cc1-c1ccc2c(=O)n(CC3CC3)nnc2c1,8.22
Cc1ccc(C(=O)NC2CC2)cc1-c1ccc2c(C3CCNCC3)noc2c1,8.4
Cc1ccc(C(=O)NC2CC2)cc1-c1ccc2c(N)noc2c1,6.96
Cc1ccc(C(=O)NC2CC2)cc1-c1ccc2c(N3CCOCC3)nncc2c1,8.92
Cc1ccc(C(=O)NC2CC2)cc1-c1ccc2c(N3CCOC[C@@H]3C)nncc2c1,8.96
Cc1ccc(C(=O)NC2CC2)cc1-c1ccc2c(NCCN3CCOCC3)nncc2c1,8.72
Cc1ccc(C(=O)NC2CC2)cc1-c1ccc2c(OC(C)C)cncc2c1,9.22
Cc1ccc(C(=O)NC2CC2)cc1-c1ccc2c(OC(C)C)nncc2c1,9.22
Cc1ccc(C(=O)NC2CC2)cc1-c1ccc2c(O[C@@H](C)C(F)(F)F)nncc2c1,9.0
Cc1ccc(C(=O)NC2CC2)cc1-c1ccc2c(O[C@H](C)C(F)(F)F)nncc2c1,9.1
Cc1ccc(C(=O)NC2CC2)cc1-c1ccc2c(c1)NC(=O)C2(C)C,8.3
Cc1ccc(C(=O)NC2CC2)cc1-c1ccc2c(c1)NC(=O)C21CCC(C)(O)CC1,9.1
Cc1ccc(C(=O)NC2CC2)cc1-c1ccc2c(c1)NC(=O)C21CCC(F)(F)CC1,8.74
Cc1ccc(C(=O)NC2CC2)cc1-c1ccc2c(c1)NC(=O)C21CCC(N2CCOCC2)CC1,9.0
Cc1ccc(C(=O)NC2CC2)cc1-c1ccc2c(c1)NC(=O)C21CCC(O)CC1,8.85
Cc1ccc(C(=O)NC2CC2)cc1-c1ccc2c(c1)NC(=O)C21CCC1,8.85
Cc1ccc(C(=O)NC2CC2)cc1-c1ccc2c(c1)NC(=O)C21CCCC1,8.89
Cc1ccc(C(=O)NC2CC2)cc1-c1ccc2c(c1)NC(=O)C21CCCCC1,8.505
Cc1ccc(C(=O)NC2CC2)cc1-c1ccc2c(c1)NC(=O)C21CCN(C)CC1,8.28
Cc1ccc(C(=O)NC2CC2)cc1-c1ccc2c(c1)NC(=O)C21CCOCC1,8.78
Cc1ccc(C(=O)NC2CC2)cc1-c1ccc2c(c1)NC(=O)C21CCS(=O)(=O)CC1,8.17
Cc1ccc(C(=O)NC2CC2)cc1-c1ccc2c(c1)NC(=O)C21CCSCC1,8.95
Cc1ccc(C(=O)NC2CC2)cc1-c1ccc2c(c1)NC(=O)[C@]21CC[C@@H](O)CC1,8.575
Cc1ccc(C(=O)NC2CC2)cc1-c1ccc2c(c1)NC(=O)[C@]21CC[C@H](O)CC1,8.405
Cc1ccc(C(=O)NC2CC2)cc1-c1ccc2c(n1)NC(=O)C21CCCC1,8.25
Cc1ccc(C(=O)NC2CC2)cc1-c1ccc2cc[nH]c(=O)c2c1,6.38
Cc1ccc(C(=O)NC2CC2)cc1-c1ccc2cccnc2c1,6.31
Cc1ccc(C(=O)NC2CC2)cc1-c1ccc2ccncc2c1,7.96
Cc1ccc(C(=O)NC2CC2)cc1-c1ccc2nc(N)[nH]c(=O)c2c1,7.31
Cc1ccc(C(=O)NC2CC2)cc1-c1ccc2nc(NCCN3CCOCC3)ncc2c1,8.835
Cc1ccc(C(=O)NC2CC2)cc1-c1ccn2c(-c3c(F)cccc3F)nnc2c1,8.6
Cc1ccc(C(=O)NC2CC2)cc1-c1cnc2c(c1)NC(=O)C2(C)C,7.21
Cc1ccc(C(=O)NC2CC2)cc1-c1cnc2c(c1)NC(=O)C21CCC(F)(F)CC1,7.6850000000000005
Cc1ccc(C(=O)NC2CC2)cc1-c1cnc2c(c1)NC(=O)C21CCCC1,7.95
Cc1ccc(C(=O)NC2CC2)cc1-c1cnc2c(c1)NC(=O)C21CCOCC1,7.89
Cc1ccc(C(=O)NC2CC2)cc1-c1ncc2c(n1)NC(=O)C21CCCC1,7.14
Cc1ccc(C(=O)NC2CC2)cc1-n1ccnc(N(C)Cc2ccccc2)c1=O,6.6
Cc1ccc(C(=O)NC2CC2)cc1-n1ccnc(N2CCCC2c2ccccc2)c1=O,7.35
Cc1ccc(C(=O)NC2CC2)cc1-n1ccnc(NC(C)(C)c2ccccc2)c1=O,7.8
Cc1ccc(C(=O)NC2CC2)cc1-n1ccnc(NC(C)(C)c2ccccc2OCCN2CCCC2)c1=O,8.85
Cc1ccc(C(=O)NC2CC2)cc1-n1ccnc(NC2CC2)c1=O,6.4
Cc1ccc(C(=O)NC2CC2)cc1-n1ccnc(NCC2CCCCC2)c1=O,6.9
Cc1ccc(C(=O)NC2CC2)cc1-n1ccnc(NCCc2ccccc2)c1=O,7.3
Cc1ccc(C(=O)NC2CC2)cc1-n1ccnc(NCc2ccccc2)c1=O,7.1
Cc1ccc(C(=O)NC2CC2)cc1-n1ccnc(NCc2ccccc2OCCN2CCCC2)c1=O,7.5
Cc1ccc(C(=O)NC2CC2)cc1-n1ccnc(N[C@@H](C)c2ccccc2)c1=O,6.7
Cc1ccc(C(=O)NC2CC2)cc1-n1ccnc(N[C@@H](c2ccccc2)[C@@H](C)CN(C)C)c1=O,8.25
Cc1ccc(C(=O)NC2CC2)cc1-n1ccnc(N[C@@H](c2ccccc2)[C@@H](C)CN2CCCCC2)c1=O,8.600000000000001
Cc1ccc(C(=O)NC2CC2)cc1-n1ccnc(N[C@@H](c2ccccc2)[C@@H](C)CN2CCN(C)CC2)c1=O,8.149999999999999
Cc1ccc(C(=O)NC2CC2)cc1-n1ccnc(N[C@@H](c2ccccc2)[C@@H](C)CN2CCNCC2)c1=O,8.35
Cc1ccc(C(=O)NC2CC2)cc1-n1ccnc(N[C@@H](c2ccccc2)[C@@H](C)CN2CCN[C@@H](C)C2)c1=O,8.1
Cc1ccc(C(=O)NC2CC2)cc1-n1ccnc(N[C@@H](c2ccccc2)[C@@H](C)CN2CCN[C@H](C)C2)c1=O,8.5
Cc1ccc(C(=O)NC2CC2)cc1-n1ccnc(N[C@@H](c2ccccc2)[C@@H](C)CN2CCOCC2)c1=O,8.25
Cc1ccc(C(=O)NC2CC2)cc1-n1ccnc(N[C@@H](c2ccccc2)[C@@H](C)CO)c1=O,7.85
Cc1ccc(C(=O)NC2CC2)cc1-n1ccnc(N[C@@H]2CCCc3ccccc32)c1=O,7.5
Cc1ccc(C(=O)NC2CC2)cc1-n1ccnc(N[C@H](C)c2ccccc2)c1=O,7.4
Cc1ccc(C(=O)NC2CC2)cc1-n1ccnc(Nc2ccccc2)c1=O,7.0
Cc1ccc(C(=O)NC2CC2)cc1-n1cnc2ccc(N3CCN(C)CC3)cc2c1=O,7.7
Cc1ccc(C(=O)NC2CC2)cc1NC(=O)c1ccc(-c2ccc(C#N)cc2)s1,8.3
Cc1ccc(C(=O)NC2CC2)cc1NC(=O)c1ccc(-c2ccc(C(=O)N(C)C)cc2)s1,8.42
Cc1ccc(C(=O)NC2CC2)cc1NC(=O)c1ccc(-c2ccc(C(=O)N3CCCCC3)cc2)s1,9.1
Cc1ccc(C(=O)NC2CC2)cc1NC(=O)c1ccc(-c2ccc(C(=O)N3CCOCC3)cc2)s1,9.7
Cc1ccc(C(=O)NC2CC2)cc1NC(=O)c1ccc(-c2ccc(C(F)(F)F)cc2)s1,8.42
Cc1ccc(C(=O)NC2CC2)cc1NC(=O)c1ccc(-c2ccc(CN(C)C)cc2)s1,8.07
Cc1ccc(C(=O)NC2CC2)cc1NC(=O)c1ccc(-c2ccc(CO)cc2)s1,8.27
Cc1ccc(C(=O)NC2CC2)cc1NC(=O)c1ccc(-c2ccc(Cl)cc2)o1,7.34
Cc1ccc(C(=O)NC2CC2)cc1NC(=O)c1ccc(-c2ccc(Cl)cc2)s1,8.7
Cc1ccc(C(=O)NC2CC2)cc1NC(=O)c1ccc(-c2ccc(F)cc2)s1,8.1
Cc1ccc(C(=O)NC2CC2)cc1NC(=O)c1ccc(-c2ccc(N)cc2)s1,8.4
Cc1ccc(C(=O)NC2CC2)cc1NC(=O)c1ccc(-c2ccc(O)cc2)s1,8.39
Cc1ccc(C(=O)NC2CC2)cc1NC(=O)c1ccc(-c2cccc(Cl)c2)s1,8.05
Cc1ccc(C(=O)NC2CC2)cc1NC(=O)c1ccc(-c2ccccc2)s1,7.85
Cc1ccc(C(=O)NC2CC2)cc1NC(=O)c1ccc(-c2ccccc2Cl)s1,8.31
Cc1ccc(C(=O)NC2CC2)cc1NC(=O)c1ccc(-c2ccccn2)s1,7.39
Cc1ccc(C(=O)NC2CC2)cc1NC(=O)c1ccc(-c2cccnc2)s1,8.14
Cc1ccc(C(=O)NC2CC2)cc1NC(=O)c1ccc(-c2ccncc2)s1,7.96
Cc1ccc(C(=O)NC2CC2)cc1NC(=O)c1ccc(-c2cncc(F)c2)s1,8.11
Cc1ccc(C(=O)NC2CC2)cc1NC(=O)c1ccc(-c2cnccc2N2CCOCC2)s1,8.55
Cc1ccc(C(=O)NC2CC2)cc1NC(=O)c1ccc2c(c1)OCCO2,7.16
Cc1ccc(C(=O)NC2CC2)cc1NC(=O)c1ccc2cc[nH]c2c1,7.5
Cc1ccc(C(=O)NC2CC2)cc1NC(=O)c1ccc2ccn(C(C)C)c2c1,7.47
Cc1ccc(C(=O)NC2CC2)cc1NC(=O)c1ccc2ccn(C)c2c1,7.46
Cc1ccc(C(=O)NC2CC2)cc1NC(=O)c1cnc(-c2ccccc2Cl)s1,8.15
Cc1ccc(C(=O)NC2CC2)cc1NC(=O)c1cnn(-c2ccccc2)c1N,8.425
Cc1ccc(C(=O)NC2CC2)cc1NC(=O)c1cnn(-c2ncccc2C(F)(F)F)c1C,8.4
Cc1ccc(C(=O)NC2CC2)cc1Nc1cc(=O)n(C)c2c1cnn2-c1c(F)cccc1F,8.72
Cc1ccc(C(=O)NC2CC2)cc1Nc1cc(=O)n(C)c2c1cnn2-c1cc(F)ccc1F,8.54
Cc1ccc(C(=O)NC2CC2)cc1Nc1cc(=O)n(C)c2c1cnn2-c1ccc(F)cc1F,8.49
Cc1ccc(C(=O)NC2CC2)cc1Nc1cc(=O)n(C)c2c1cnn2-c1cccc(F)c1,8.48
Cc1ccc(C(=O)NC2CC2)cc1Nc1ncnn2cc(C(=O)N[C@@H](C)c3ccccc3)c(C)c12,7.92
Cc1ccc(C(=O)NC2CC2)cc1Nc1ncnn2cc(C(=O)N[C@@H](CO)c3ccccc3)c(C)c12,7.39
Cc1ccc(C(=O)NC2CC2)cc1Nc1ncnn2cc(C(=O)c3c[nH]c4ccccc34)c(C)c12,7.96
Cc1ccc(C(=O)NC2CC2)cc1Nc1ncnn2cc(C(=O)c3cc4ccccc4n3C)c(C)c12,7.28
Cc1ccc(C(=O)NC2CC2)cc1Nc1ncnn2cc(C(=O)c3cc[nH]c3)c(C)c12,8.0
Cc1ccc(C(=O)NC2CC2)cc1Nc1ncnn2cc(C(=O)c3ccc[nH]3)c(C)c12,8.0
Cc1ccc(C(=O)NC2CC2)cc1Nc1ncnn2cc(C(=O)c3ccccc3)c(C)c12,8.4
Cc1ccc(C(=O)NC2CC2)cc1Nc1ncnn2cc(C(=O)c3ccccn3)c(C)c12,7.4
Cc1ccc(C(=O)NC2CC2)cc1Nc1ncnn2cc(C(=O)c3cccn3C)c(C)c12,7.36
Cc1ccc(C(=O)NC2CC2)cc1Nc1ncnn2cc(C(=O)c3cccnc3)c(C)c12,7.72
Cc1ccc(C(=O)NC2CC2)cc1Nc1ncnn2cc(C(=O)c3ccco3)c(C)c12,8.3
Cc1ccc(C(=O)NC2CC2)cc1Nc1ncnn2cc(C(=O)c3ccn(C)c3)c(C)c12,7.75
Cc1ccc(C(=O)NC2CC2)cc1Nc1ncnn2cc(C(=O)c3cn(C)c4ccccc34)c(C)c12,7.26
Cc1ccc(C(=O)NC2CC2)cc1Nc1ncnn2cc(C(=O)c3cnc4ccccc4n3)c(C)c12,7.82
Cc1ccc(C(=O)NC2CC2)cc1Nc1ncnn2cc(C=O)c(C)c12,7.26
Cc1ccc(C(=O)NC2CC2)cc1Nc1nnc(C)c2c1cnn2-c1ccc(F)cc1,8.39
Cc1ccc(C(=O)NC2CC2)cc1Nc1nnc(C)c2c1cnn2-c1ccc(F)cc1F,8.57
Cc1ccc(C(=O)NC2CC2)cc1Nc1nncc2c1cnn2-c1c(F)cccc1F,8.77
Cc1ccc(C(=O)NC2CC2)cc1Nc1nncc2c1cnn2-c1ccc(F)cc1F,8.52
Cc1ccc(C(=O)NC2CC2)cc1Nc1nncc2c1cnn2-c1cccc(F)c1,8.34
Cc1ccc(C(=O)NC2CC2)cc1Oc1cc(=O)n(C)c2c1cnn2-c1c(F)cccc1F,8.85
Cc1ccc(C(=O)NC2CC2)cc1Oc1cc(=O)n(C)c2c1cnn2-c1cc(F)ccc1F,8.21
Cc1ccc(C(=O)NC2CC2)cc1Oc1cc(=O)n(C)c2c1cnn2-c1ccc(F)cc1F,8.11
Cc1ccc(C(=O)NC2CC2)cc1Oc1cc(=O)n(C)c2c1cnn2-c1cccc(F)c1,8.07
Cc1ccc(C(=O)NC2CC2)cc1Oc1nnc(C)c2c1cnn2-c1ccc(F)cc1,8.11
Cc1ccc(C(=O)NC2CC2)cc1Oc1nnc(C)c2c1cnn2-c1ccc(F)cc1F,8.2
Cc1ccc(C(=O)NC2CC2)cc1Oc1nncc2c1cnn2-c1c(F)cccc1F,8.52
Cc1ccc(C(=O)NC2CC2)cc1Oc1nncc2c1cnn2-c1ccc(F)cc1F,8.0
Cc1ccc(C(=O)NC2CCC2)cc1-c1ccc(C(=O)NCC2CC2)cc1,6.48
Cc1ccc(C(=O)NC2CCC2)cc1-c1ccc2c(c1)NC(=O)C21CCCC1,8.0
Cc1ccc(C(=O)NC2CCC2)cc1-n1cnc2ccc(N3CCN(C)CC3)cc2c1=O,6.68
Cc1ccc(C(=O)NC2CCCC2)cc1Nc1nc(N[C@H]2CCNC2)nc(N(C)CC(C)(C)C)n1,7.0
Cc1ccc(C(=O)NCC(N)=O)cc1-c1nnc2ccc(Sc3ccc(F)cc3F)cn12.Cl,7.33
Cc1ccc(C(=O)NCC(N)=O)cc1-n1cnc(OCc2ccc(F)cc2F)c(Cl)c1=O,7.52
Cc1ccc(C(=O)NCC2CC2)cc1-c1ccc(C(=O)NCC2CC2)cc1,6.654999999999999
Cc1ccc(C(=O)NCC2CC2)cc1-c1ccc2c(c1)NC(=O)C2(C)C,7.57
Cc1ccc(C(=O)NCC2CC2)cc1-c1ccc2c(c1)NC(=O)C21CCCC1,8.52
Cc1ccc(C(=O)NCCC2CCCC2)cc1C(=O)Nc1ccc(N)nc1,6.0
Cc1ccc(C(=O)NCCC2CCCCC2)cc1C(=O)Nc1ccc(N)nc1,6.74
Cc1ccc(C(=O)NCCCC2CCCCC2)cc1C(=O)Nc1ccc(N)nc1,7.24
Cc1ccc(C(=O)NCCO)cc1-c1nnc2ccc(Sc3ccc(F)cc3F)cn12.Cl,7.69
Cc1ccc(C(=O)NCCO)cc1-n1cnc(OCc2ccc(F)cc2F)c(Br)c1=O,7.22
Cc1ccc(C(=O)NCCO)cc1-n1cnc(OCc2ccc(F)cc2F)c(C)c1=O,7.42
Cc1ccc(C(=O)NCCO)cc1-n1cnc(OCc2ccc(F)cc2F)c(Cl)c1=O,7.654999999999999
Cc1ccc(C(=O)NCCO)cc1-n1cnc(SCc2ccc(F)cc2F)c(Cl)c1=O,6.71
Cc1ccc(C(=O)NCCO)cc1Nc1ncnn2cc(C(=O)c3ccccc3)c(C)c12,6.62
Cc1ccc(C(=O)NC[C@@H](O)CO)cc1-n1cnc(OCc2ccc(F)cc2F)c(Cl)c1=O,7.57
Cc1ccc(C(=O)NC[C@H](C)CO)cc1-n1cnc(OCc2ccc(F)cc2F)c(Cl)c1=O,7.92
Cc1ccc(C(=O)NCc2ccccc2)cc1Nc1nc(N[C@H]2CCNC2)nc(N(C)CC(C)(C)C)n1,7.19
Cc1ccc(C(=O)NCc2ccccc2)cc1Nc1ncnc2c1cnn2-c1ccccc1,6.74
Cc1ccc(C(=O)NO)cc1Nc1nc(N[C@H]2CCNC2)nc(N(C)CC(C)(C)C)n1,7.8
Cc1ccc(C(=O)N[C@@H](C)C(N)=O)cc1NC(=O)c1ccc(-c2ccccc2Cl)s1,6.5
Cc1ccc(C(=O)N[C@@H](CC(C)C)C(N)=O)cc1NC(=O)c1ccc(-c2ccccc2Cl)s1,6.33
Cc1ccc(C(=O)N[C@@H](CC2CCCCC2)C(N)=O)cc1NC(=O)c1cnn(-c2ccccc2)c1N,7.85
Cc1ccc(C(=O)N[C@@H](CCC(C)C)C(N)=O)cc1NC(=O)c1cnn(-c2ccccc2)c1N,7.28
Cc1ccc(C(=O)N[C@@H](CCC2CCCCC2)C(N)=O)cc1NC(=O)c1cc(-c2ccccc2)n[nH]1,7.0
Cc1ccc(C(=O)N[C@@H](CCC2CCCCC2)C(N)=O)cc1NC(=O)c1ccc(-c2ccccc2Cl)s1,7.82
Cc1ccc(C(=O)N[C@@H](CCC2CCCCC2)C(N)=O)cc1NC(=O)c1cnn(-c2ccccc2)c1,7.89
Cc1ccc(C(=O)N[C@@H](CCC2CCCCC2)C(N)=O)cc1NC(=O)c1cnn(-c2ccccc2)c1C(F)(F)F,7.15
Cc1ccc(C(=O)N[C@@H](CCC2CCCCC2)C(N)=O)cc1NC(=O)c1cnn(-c2ccccc2C)c1,7.75
Cc1ccc(C(=O)N[C@H](C)C(N)=O)cc1-n1cnc(OCc2ccc(F)cc2F)c(Cl)c1=O,8.22
Cc1ccc(C(=O)Nc2cc(-c3c(-c4ccc(F)c(C)c4)nc4cccnn34)ccn2)cc1,7.64
Cc1ccc(C(=O)Nc2cc(-c3c(-c4ccc(F)c(C)c4)nc4cccnn34)ccn2)cn1,8.74
Cc1ccc(C(=O)Nc2cc(-c3c(-c4ccc(F)cc4)nc4n3CCS4)ccn2)cc1F,7.54
Cc1ccc(C(=O)Nc2cc(F)cc(N3CCOCC3)c2)cc1Nc1ncnn2cc(C(=O)c3ccccc3)c(C)c12,7.06
Cc1ccc(C(=O)Nc2cc[nH]n2)cc1Nc1ncnc2c1cnn2-c1ccccc1,8.52
Cc1ccc(C(=O)Nc2ccc(C)c(-c3ccc(C(=O)NCC4CC4)cc3)c2)cc1,7.0
Cc1ccc(C(=O)Nc2ccc(C)c(Nc3ncnn4cc(C(=O)N[C@@H](C)c5ccccc5)c(C)c34)c2)cc1,7.89
Cc1ccc(C(=O)Nc2ccc(CN3CCN(C)CC3)c(C(F)(F)F)c2)cc1C#Cc1cnc2cccnn12,6.81
Cc1ccc(C(=O)Nc2ccc(CN3CCN(C)CC3)c(C(F)(F)F)c2)cc1C#Cc1cncc2nccn12,7.37
Cc1ccc(C(=O)Nc2cccc(-c3ccccn3)c2)cc1-c1ccc(C(=O)Nc2cccc(C#N)c2)cc1,7.96
Cc1ccc(C(=O)Nc2cccc(C(C)(C)C)c2)cc1-c1ccc(C(=O)NCC2CC2)cc1,8.72
Cc1ccc(C(=O)Nc2cccc(C(C)(C)C)c2)cc1Nc1ccc2c(c1)CCCCC2=O,7.0
Cc1ccc(C(=O)Nc2cccc(C(F)(F)F)c2)cc1-c1ccc2nc(N)ncc2c1,8.22
Cc1ccc(C(=O)Nc2cccc(C(F)(F)F)c2)cc1-c1ccc2nc(NCCN3CCOCC3)ncc2c1,8.52
Cc1ccc(C(=O)Nc2cccc(C(F)(F)F)c2)cc1C(=O)Nc1ccc(N)nc1,7.62
Cc1ccc(C(=O)Nc2cccc(C(F)(F)F)c2)cc1C(=O)Nc1cccnc1,6.66
Cc1ccc(C(=O)Nc2cccc(C(F)(F)F)c2)cc1C(=O)Nc1cnc(N)nc1,7.06
Cc1ccc(C(=O)Nc2cccc(C(F)(F)F)c2)cc1C(=O)Nc1cnc(Nc2ccc(N3CCN(C)CC3)cc2)nc1,8.0
Cc1ccc(C(=O)Nc2cccc(C(F)(F)F)c2)cc1NC(=O)c1cncnc1,6.34
Cc1ccc(C(=O)Nc2cccc(C(F)(F)F)c2)cc1Nc1nc(-c2cccnc2)nc2c1cnn2C,6.29
Cc1ccc(C(=O)Nc2cccc(C(F)(F)F)c2)cc1Nc1ncccc1-c1ccncn1,7.92
Cc1ccc(C(=O)Nc2cccc(C(F)(F)F)c2C)cc1-c1ccc2nc(N(C)CCCN3CCOCC3)ncc2c1,7.19
Cc1ccc(C(=O)Nc2cccc(C(F)(F)F)c2C)cc1-c1ccc2nc(N)ncc2c1,6.96
Cc1ccc(C(=O)Nc2cccc(C(F)(F)F)c2C)cc1-c1ccc2nc(NC3CC3)ncc2c1,8.7
Cc1ccc(C(=O)Nc2cccc(C(F)(F)F)c2C)cc1-c1ccc2nc(NC3CCN(C)CC3)ncc2c1,8.7
Cc1ccc(C(=O)Nc2cccc(C(F)(F)F)c2C)cc1-c1ccc2nc(NCCCN3CCOCC3)ncc2c1,7.6
Cc1ccc(C(=O)Nc2cccc(C(F)(F)F)c2C)cc1-c1ccc2nc(NCCN3CCCC3)ncc2c1,8.15
Cc1ccc(C(=O)Nc2cccc(C(F)(F)F)c2C)cc1-c1ccc2nc(NCCN3CCCCC3)ncc2c1,8.05
Cc1ccc(C(=O)Nc2cccc(C(F)(F)F)c2C)cc1-c1ccc2nc(NCCN3CCOCC3)ncc2c1,7.4
Cc1ccc(C(=O)Nc2cccc(C(F)(F)F)c2C)cc1-c1ccc2nc(Nc3ccccc3)ncc2c1,7.24
Cc1ccc(C(=O)Nc2cccc(N3CCOCC3)c2)cc1-c1ccc(-c2csc(N)n2)cc1,7.7
Cc1ccc(C(=O)Nc2cccc(N3CCOCC3)c2)cc1-c1ccc2[nH]c(=O)ccc2c1,6.54
Cc1ccc(C(=O)Nc2cccc(N3CCOCC3)c2)cc1-c1ccc2[nH]ncc2c1,6.96
Cc1ccc(C(=O)Nc2cccc(N3CCOCC3)c2)cc1-c1ccc2c(C3CCNCC3)noc2c1,8.85
Cc1ccc(C(=O)Nc2cccc(N3CCOCC3)c2)cc1-c1ccc2c(N)noc2c1,7.72
Cc1ccc(C(=O)Nc2cccc(N3CCOCC3)c2)cc1-c1ccc2cc[nH]c(=O)c2c1,7.75
Cc1ccc(C(=O)Nc2cccc(N3CCOCC3)c2)cc1-c1ccc2ccncc2c1,8.35
Cc1ccc(C(=O)Nc2cccc(N3CCOCC3)c2)cc1-c1ccc2nc(N)[nH]c(=O)c2c1,8.33
Cc1ccc(C(=O)Nc2cccc(N3CCOCC3)c2)cc1-c1ccc2onc(C)c2c1,6.42
Cc1ccc(C(=O)Nc2ccccc2)cc1-c1ccc(C(=O)NCC2CC2)cc1,7.14
Cc1ccc(C(=O)Nc2ccccc2)cc1-n1cnc2ccc(N3CCN(C)CC3)cc2c1=O,6.4
Cc1ccc(C(=O)Nc2ccccc2)cc1Nc1ncnn2cc(C(=O)N[C@@H](C)c3ccccc3)c(C)c12,7.3
Cc1ccc(C(=O)Nc2ccccn2)cc1-c1ccc2c(c1)NC(=O)C21CCCC1,8.21
Cc1ccc(C(=O)Nc2cccnc2)cc1Nc1ncnc2c1cnn2-c1ccccc1,6.62
Cc1ccc(C(=O)Nc2ccn[nH]2)cc1NC(=O)c1cnc(NC(C)C)s1,8.38
Cc1ccc(C(=O)Nc2ccnn2C)cc1NC(=O)c1cnc(NC(C)C)s1,8.27
Cc1ccc(C(=O)Nc2ccnn2C)cc1NC(=O)c1cnn(-c2ccccc2)c1N,8.15
Cc1ccc(C(=O)Nc2ccnn2C)cc1NC(=O)c1cnn(-c2ccccc2F)c1N,8.4
Cc1ccc(C(=O)Nc2ccno2)cc1-n1cnc2ccc(N3CCN(C)CC3)cc2c1=O,7.94
Cc1ccc(C(=O)Nc2ccon2)cc1-c1cc2cnn(-c3c(F)cccc3F)c2n(C)c1=O,9.0
Cc1ccc(C(=O)Nc2ccon2)cc1-c1ccc2c(c1)NC(=O)C2(C)C,10.4
Cc1ccc(C(=O)Nc2ccon2)cc1-c1ccc2c(c1)NC(=O)C21CCC(F)(F)CC1,8.68
Cc1ccc(C(=O)Nc2ccon2)cc1-c1ccc2c(c1)NC(=O)C21CCCC1,9.68
Cc1ccc(C(=O)Nc2ccon2)cc1-c1ccc2c(c1)NC(=O)C21CCOCC1,10.05
Cc1ccc(C(=O)Nc2ccon2)cc1-n1cnc2ccc(N3CCN(C)CC3)cc2c1=O,8.17
Cc1ccc(C(=O)Nc2ccon2)cc1NC(=O)c1cnc(NC(C)C)s1,8.42
Cc1ccc(C(=O)Nc2ccon2)cc1NC(=O)c1cnn(-c2ccc(F)cc2)c1N,8.7
Cc1ccc(C(=O)Nc2ccon2)cc1NC(=O)c1cnn(-c2ccccc2)c1N,8.52
Cc1ccc(C(=O)Nc2ccon2)cc1NC(=O)c1cnn(-c2ccccc2F)c1N,8.7
Cc1ccc(C(=O)Nc2ccon2)cc1NC(=O)c1cnn(-c2ccccn2)c1N,8.7
Cc1ccc(C(=O)Nc2ccon2)cc1Nc1ncnc(NC2CCCC2)c1C#N,8.39
Cc1ccc(C(=O)Nc2ccon2)cc1Nc1ncnc2c1cnn2-c1ccccc1,9.0
Cc1ccc(C(=O)Nc2ccon2)cc1Nc1ncnn2cc(C(=O)c3ccccc3)c(C)c12,8.52
Cc1ccc(C(=O)Nc2nccs2)cc1-c1ccc(C(=O)NCC2CC2)cc1,7.46
Cc1ccc(C(=O)Nc2nccs2)cc1-n1cnc2ccc(N3CCN(C)CC3)cc2c1=O,7.09
Cc1ccc(C(=O)Nc2nncs2)cc1-c1ccc(C(=O)NCC2CC2)cc1,7.26
Cc1ccc(C(=O)Nc2nncs2)cc1-n1cnc2ccc(N3CCN(C)CC3)cc2c1=O,6.46
Cc1ccc(C(=O)O)cc1-c1cc2cnn(-c3c(F)cccc3F)c2n(C)c1=O,6.34
Cc1ccc(C(C)C)cc1Oc1nccc(-c2c(-c3ccc(C(F)(F)F)cc3)ncn2C2CCN(CCN(C)C)CC2)n1,7.01
Cc1ccc(C(C)C)cc1Oc1nccc(-c2c(-c3ccc(C(F)(F)F)cc3)ncn2[C@H]2CCN(CCN(C)C)C2)n1,6.11
Cc1ccc(C(N)=O)cc1-c1cc2cnn(-c3c(F)cccc3F)c2n(C)c1=O,8.82
Cc1ccc(C(N)=O)cc1-c1cc2cnnc(-c3ccc(F)cc3F)c2n(C)c1=O,8.57
Cc1ccc(C(N)=O)cc1-c1ccc2c(c1)NC(=O)C2(C)C,7.1
Cc1ccc(C(N)=O)cc1-c1ccc2c(c1)NC(=O)C21CCCC1,8.06
Cc1ccc(C(N)=O)cc1-c1nnc2ccc(Sc3ccc(F)cc3F)cn12.Cl,7.22
Cc1ccc(C(N)=O)cc1-c1nncc2nc(Oc3ccc(F)cc3)ccc12,8.92
Cc1ccc(C(N)=O)cc1-c1nncc2nc(Oc3ccc(F)cc3F)ccc12,9.52
Cc1ccc(C(N)=O)cc1-n1c(C)cc(OCc2ccc(F)cc2F)c(Br)c1=O,8.7
Cc1ccc(C(N)=O)cc1NC(=O)c1ccc(-c2ccccc2Cl)s1,7.77
Cc1ccc(C(N)=O)cc1NC(=O)c1cnc(NC(C)C)s1,8.49
Cc1ccc(C(N)=O)cc1Nc1cc(=O)n(C)c2c1cnn2-c1cc(F)ccc1F,8.43
Cc1ccc(C(N)=O)cc1Nc1cc(=O)n(C)c2c1cnn2-c1ccc(F)cc1F,8.59
Cc1ccc(C(N)=O)cc1Nc1nc(NCC(C)C)nc(N[C@H]2CCNC2)n1,7.14
Cc1ccc(C(N)=O)cc1Nc1nc(NCCc2ccc(F)cc2)nc(N[C@H]2CCNC2)n1,6.64
Cc1ccc(C(N)=O)cc1Nc1nc(NC[C@@H]2CC[C@H]3C[C@@H]2C3(C)C)nc(N[C@H]2CCNC2)n1,7.28
Cc1ccc(C(N)=O)cc1Nc1nc(N[C@H]2CCNC2)nc(N(C)CC(C)(C)C)n1,7.62
Cc1ccc(C(N)=O)cc1Nc1nc(N[C@H]2CCNC2)nc(N(C)CC(C)C)n1,7.55
Cc1ccc(C(N)=O)cc1Nc1nc(N[C@H]2CCNC2)nc(N(C)CC(C)c2ccccc2)n1,7.08
Cc1ccc(C(N)=O)cc1Nc1nc(N[C@H]2CCNC2)nc(N(C)CC2CCCCC2)n1,6.6
Cc1ccc(C(N)=O)cc1Nc1ncnc2c1cnn2-c1ccccc1,8.15
Cc1ccc(C(N)=O)cc1Nc1ncnn2cc(C(=O)c3ccccc3)c(C)c12,8.15
Cc1ccc(C)c(CC(=O)Nc2onc(-c3ccc(F)cc3)c2-c2ccncn2)c1,8.07
Cc1ccc(C)c(Oc2nccc(-c3c(-c4ccc(F)cc4)ncn3C3CCNCC3)n2)c1,7.97
Cc1ccc(C2=Nc3c(ncnc3S(=O)(=O)c3ccc(C)cc3)[S+]([O-])c3ccc(C)cc32)cc1,7.37
Cc1ccc(F)c(-c2[nH]c(CNc3cccc(C#N)c3)nc2-c2ccc3ncnn3c2)n1,6.68
Cc1ccc(F)c(-c2[nH]c(CNc3cccc(C(N)=O)c3)nc2-c2ccc3ncnn3c2)n1,6.6
Cc1ccc(F)c(-c2[nH]c(CNc3ccccc3)nc2-c2ccc3ncnn3c2)n1,6.4
Cc1ccc(F)c(-c2[nH]c(CNc3ccccc3F)nc2-c2ccc3ncnn3c2)n1,6.12
Cc1ccc(F)c(-c2ncoc2-c2ccc3nnc(C(C)C)n3c2)c1,8.37
Cc1ccc(F)c(NC(=O)Nc2ccc(-c3coc4c(C#CCN5CCOCC5)cnc(N)c34)cc2)c1,6.3
Cc1ccc(NC(=O)C2CC2)cc1-c1ccc(C(=O)NCC2CC2)cc1,6.05
Cc1ccc(NC(=O)C2CC2)cc1-n1cnc2ccc(N3CCN(C)CC3)cc2c1=O,6.67
Cc1ccc(NC(=O)C2CCC2)cc1-c1ccc(C(=O)NCC2CC2)cc1,6.17
Cc1ccc(NC(=O)C2CCC2)cc1-n1cnc2ccc(N3CCN(C)CC3)cc2c1=O,6.27
Cc1ccc(NC(=O)CC(C)C)cc1-c1ccc(C(=O)NCC2CC2)cc1,6.08
Cc1ccc(NC(=O)CC2CC2)cc1-c1ccc(C(=O)NCC2CC2)cc1,6.755
Cc1ccc(NC(=O)Nc2cc(C(C)(C)C)nn2-c2ccc(C)cc2)cc1,6.0649999999999995
Cc1ccc(NC(=O)Nc2cc(C(C)(C)C)sc2C(=O)OC(C)C)cc1,6.13
Cc1ccc(NC(=O)Nc2cc(C(C)(C)C)sc2C(=O)OCCCO)cc1,7.25
Cc1ccc(NC(=O)Nc2cc(C(C)(C)C)sc2C(=O)OCCO)cc1,7.24
Cc1ccc(NC(=O)Nc2ccc(Cl)c(C(F)(F)F)c2)cc1Nc1nccc(-c2cccnc2)n1,7.74
Cc1ccc(NC(=O)Nc2cccc(C(F)(F)F)c2)cc1-c1ccc2nc(N)ncc2c1,7.55
Cc1ccc(NC(=O)Nc2cccc(C(F)(F)F)c2)cc1C(=O)Nc1cnc(Nc2ccc(N3CCN(C)CC3)cc2)nc1,8.7
Cc1ccc(NC(=O)c2cc(F)cc(C(F)(F)F)c2)cc1C(=O)Nc1cnc(Nc2ccc(N3CCN(C)CC3)cc2)nc1,8.52
Cc1ccc(NC(=O)c2cc(F)cc(N3CCCC3)c2)cc1NC(=O)c1ccc(OCc2ccccn2)cc1,7.65
Cc1ccc(NC(=O)c2cc(F)cc(N3CCOCC3)c2)cc1NC(=O)c1ccc(OCc2ccccn2)cc1,7.22
Cc1ccc(NC(=O)c2cc(F)cc(N3CCOCC3)c2)cc1NC(=O)c1ccc(OCc2ccncc2)cc1,8.0
Cc1ccc(NC(=O)c2cc(F)cc(N3CCOCC3)c2)cc1NC(=O)c1ccc(OCc2cscn2)cc1,8.0
Cc1ccc(NC(=O)c2cc(F)cc(N3CCOCC3)c2)cc1Nc1ncnn2cc(C(=O)N(C)C)c(C)c12,7.2
Cc1ccc(NC(=O)c2cc(F)cc(N3CCOCC3)c2)cc1Nc1ncnn2cc(C(=O)NC(C)C)c(C)c12,8.3
Cc1ccc(NC(=O)c2cc(F)cc(N3CCOCC3)c2)cc1Nc1ncnn2cc(C(=O)NCCN(C)C)c(C)c12,8.0
Cc1ccc(NC(=O)c2cc(F)cc(N3CCOCC3)c2)cc1Nc1ncnn2cc(C(=O)N[C@@H](C)c3ccccc3)c(C)c12,9.27
Cc1ccc(NC(=O)c2cc(F)cc(N3CCOCC3)c2)cc1Nc1ncnn2cc(C(=O)N[C@H](C)c3ccccc3)c(C)c12,7.64
Cc1ccc(NC(=O)c2cc(F)cc(N3CCOCC3)c2)cc1Nc1ncnn2cc(C(=O)O)c(C)c12,9.0
Cc1ccc(NC(=O)c2cc(F)cc(N3CCOCC3)c2)cc1Nc1ncnn2cc(C(=O)c3ccccc3)c(C)c12,7.35
Cc1ccc(NC(=O)c2cc(F)cc(N3CCOCC3)c2)cc1Nc1ncnn2cc(C(N)=O)c(C)c12,8.52
Cc1ccc(NC(=O)c2cc(F)cc(N3CCOCC3)c2)cc1Nc1ncnn2ccc(C)c12,7.57
Cc1ccc(NC(=O)c2cc(N3CCOCC3)cc(C(F)(F)F)c2)cc1NC(=O)c1ccc(OCc2ccccn2)cc1,7.7
Cc1ccc(NC(=O)c2ccc(C#N)cc2)cc1-n1cnc2ccc(N3CCN(C)CC3)cc2c1=O,7.46
Cc1ccc(NC(=O)c2ccc(C#N)cc2)cc1Nc1ncnn2cc(C(=O)N[C@@H](C)c3ccccc3)c(C)c12,8.47
Cc1ccc(NC(=O)c2ccc(C(C)(C)C)cc2)cc1C(=O)Nc1cnc(Nc2ccc(N3CCN(C)CC3)cc2)nc1,7.66
Cc1ccc(NC(=O)c2ccc(C)c(C(F)(F)F)c2)cc1C#Cc1nn([C@H]2CC[C@H](O)CC2)c2ncnc(N)c12,6.47
Cc1ccc(NC(=O)c2ccc(CN3CCN(C)CC3)cc2)cc1-c1ccc2ccncc2c1,6.08
Cc1ccc(NC(=O)c2ccc(CN3CC[C@H](N(C)C)C3)c(C(F)(F)F)c2)cc1Nc1nccc(-c2cncnc2)n1,6.27
Cc1ccc(NC(=O)c2ccc(Nc3ncnc4c3cnn4-c3cccc(Br)c3)cc2)cc1,6.17
Cc1ccc(NC(=O)c2ccc3c(c2)OC(F)(F)O3)cc1C(=O)Nc1cnc(Nc2ccc(N3CCN(C)CC3)cc2)nc1,8.0
Cc1ccc(NC(=O)c2cccc(-c3ccoc3)c2)cc1-c1ccc(C(=O)NCC2CC2)cc1,8.8
Cc1ccc(NC(=O)c2cccc(-n3c(C)ccc3C)c2)cc1-c1ccc(C(=O)NCC2CC2)cc1,8.68
Cc1ccc(NC(=O)c2cccc(C#N)c2)cc1-n1cnc2ccc(N3CCN(C)CC3)cc2c1=O,6.62
Cc1ccc(NC(=O)c2cccc(C(F)(F)F)c2)c(C)c1C(=O)Nc1cnc(Nc2ccc(N3CCN(C)CC3)cc2)nc1,6.99
Cc1ccc(NC(=O)c2cccc(C(F)(F)F)c2)cc1-c1ccc2nc(N)ncc2c1,9.0
Cc1ccc(NC(=O)c2cccc(C(F)(F)F)c2)cc1C(=O)Nc1cnc(N)nc1,7.85
Cc1ccc(NC(=O)c2cccc(C(F)(F)F)c2)cc1C(=O)Nc1cnc(NC2CCN(C)CC2)nc1,8.3
Cc1ccc(NC(=O)c2cccc(C(F)(F)F)c2)cc1C(=O)Nc1cnc(NCCCN2CCOCC2)nc1,8.0
Cc1ccc(NC(=O)c2cccc(C(F)(F)F)c2)cc1C(=O)Nc1cnc(NCCN2CCOCC2)nc1,8.22
Cc1ccc(NC(=O)c2cccc(C(F)(F)F)c2)cc1C(=O)Nc1cnc(Nc2ccc(N3CCN(C)CC3)cc2)nc1,8.3
Cc1ccc(NC(=O)c2cccc(C(F)(F)F)c2)cc1C(=O)Nc1cncnc1,6.7
Cc1ccc(NC(=O)c2cccc(C(F)(F)F)c2)cc1Nc1ncnn2cc(C(=O)N[C@@H](C)c3ccccc3)c(C)c12,7.5
Cc1ccc(NC(=O)c2cccc(C(F)(F)F)c2C)cc1C(=O)Nc1cnc(Nc2ccc(N3CCN(C)CC3)cc2)nc1,7.92
Cc1ccc(NC(=O)c2cccc(F)c2)cc1-n1cnc2ccc(N3CCN(C)CC3)cc2c1=O,7.27
Cc1ccc(NC(=O)c2cccc(N(C)C)c2)cc1NC(=O)c1ccc(O)cc1,6.225
Cc1ccc(NC(=O)c2cccc(N(C)C)c2)cc1NC(=O)c1ccc(OC(C)C)cc1,6.775
Cc1ccc(NC(=O)c2cccc(N(C)C)c2)cc1NC(=O)c1ccc(OCc2ccccn2)cc1,7.295
Cc1ccc(NC(=O)c2cccc(N3CCOCC3)c2)cc1-n1cnc2ccc(N3CCN(C)CC3)cc2c1=O,6.72
Cc1ccc(NC(=O)c2cccc(N3CCOCC3)c2)cc1NC(=O)c1ccc(OCc2ccccc2)cc1,7.52
Cc1ccc(NC(=O)c2cccc(N3CCOCC3)c2)cc1NC(=O)c1ccc(OCc2ccccn2)cc1,7.52
Cc1ccc(NC(=O)c2cccc(N3CCOCC3)c2)cc1NC(=O)c1ccc(OCc2cccnc2)cc1,7.05
Cc1ccc(NC(=O)c2cccc(N3CCOCC3)c2)cc1NC(=O)c1ccc(OCc2ccncc2)cc1,7.7
Cc1ccc(NC(=O)c2cccc(N3CCOCC3)c2)cc1NC(=O)c1ccc(OCc2cscn2)cc1,7.75
Cc1ccc(NC(=O)c2cccc(N3CCOCC3)c2)cc1Nc1ccc2c(c1)CCc1ccccc1C2=O,7.38
Cc1ccc(NC(=O)c2cccc(N3CCOCC3)c2)cc1Nc1ncnn2cc(C(=O)N[C@@H](C)c3ccccc3)c(C)c12,9.34
Cc1ccc(NC(=O)c2ccccc2)cc1-c1ccc(C(=O)NCC2CC2)cc1,7.92
Cc1ccc(NC(=O)c2ccccc2)cc1-n1cnc2ccc(N3CCN(C)CC3)cc2c1=O,7.52
Cc1ccc(NC(=O)c2ccccc2)cc1C(=O)Nc1cnc(Nc2ccc(N3CCN(C)CC3)cc2)nc1,9.05
Cc1ccc(NC(=O)c2ccccc2)cc1Nc1ccc2c(c1)CCCCC2=O,7.85
Cc1ccc(NC(=O)c2ccccc2)cc1Nc1ccc2c(c1)CCc1ccccc1C2=O,7.46
Cc1ccc(NC(=O)c2ccccc2)cc1Nc1ccc2c(c1)OCc1ccccc1C2=O,7.77
Cc1ccc(NC(=O)c2ccccc2)cc1Nc1ncnn2cc(C(=O)N[C@@H](C)c3ccccc3)c(C)c12,7.72
Cc1ccc(NC(=O)c2ccccc2F)cc1-n1cnc2ccc(N3CCN(C)CC3)cc2c1=O,7.25
Cc1ccc(NC(=O)c2ccco2)cc1-c1ccc(C(=O)NCC2CC2)cc1,7.199999999999999
Cc1ccc(NC(=O)c2cccs2)cc1-c1ccc(C(=O)NCC2CC2)cc1,7.1
Cc1ccc(NC(=O)c2ccnc(Cl)c2)cc1-c1ccc(C(=O)NCC2CC2)cc1,6.82
Cc1ccc(NC(=O)c2ccnc(N(C)C)c2)cc1-c1ccc(C(=O)NCC2CC2)cc1,7.85
Cc1ccc(NC(=O)c2ccnc(N3CCC(C)CC3)c2)cc1-c1ccc(C(=O)NCC2CC2)cc1,7.82
Cc1ccc(NC(=O)c2ccnc(N3CCCC3)c2)cc1-c1ccc(-c2csc(N)n2)cc1,8.17
Cc1ccc(NC(=O)c2ccnc(N3CCCC3)c2)cc1-c1ccc(C(=O)NCC2CC2)cc1,8.72
Cc1ccc(NC(=O)c2ccnc(N3CCCC3)c2)cc1-c1ccc2[nH]c(=O)ccc2c1,7.31
Cc1ccc(NC(=O)c2ccnc(N3CCCC3)c2)cc1-c1ccc2c(C3CCNCC3)noc2c1,9.1
Cc1ccc(NC(=O)c2ccnc(N3CCCC3)c2)cc1-c1ccc2c(N)noc2c1,7.92
Cc1ccc(NC(=O)c2ccnc(N3CCCC3)c2)cc1-c1ccc2cc[nH]c(=O)c2c1,8.62
Cc1ccc(NC(=O)c2ccnc(N3CCCC3)c2)cc1-c1ccc2nc(N)[nH]c(=O)c2c1,8.17
Cc1ccc(NC(=O)c2ccnc(N3CCCC3)c2)cc1-c1ccc2onc(C)c2c1,6.8
Cc1ccc(NC(=O)c2ccnc(N3CCCCC3)c2)cc1-c1ccc(C(=O)NCC2CC2)cc1,8.6
Cc1ccc(NC(=O)c2ccnc(N3CCN(C)CC3)c2)cc1-c1ccc(C(=O)NCC2CC2)cc1,6.52
Cc1ccc(NC(=O)c2ccnc(N3CCOCC3)c2)cc1-c1ccc(C(=O)NCC2CC2)cc1,8.22
Cc1ccc(NC(=O)c2ccnc(N3CCOCC3)c2)cc1-n1c(C)nc2ccc(N3CCN(C)CC3)cc2c1=O,6.39
Cc1ccc(NC(=O)c2ccnc(N3CCOCC3)c2)cc1-n1cnc2ccc(N3CCN(C)CC3)cc2c1=O,6.91
Cc1ccc(NC(=O)c2ccnc(N3CCOCC3)c2)cc1NC(=O)c1ccc(OCc2ccccn2)cc1,8.0
Cc1ccc(NC(=O)c2ccnc(N3CCOCC3)c2)cc1Nc1cc(Cl)ncn1,6.62
Cc1ccc(NC(=O)c2ccnc(N3CCOCC3)c2)cc1Nc1cc(NCCCN2CCCC2)ncn1,6.35
Cc1ccc(NC(=O)c2ccnc(N3CCOCC3)c2)cc1Nc1ccnc(Cl)n1,8.0
Cc1ccc(NC(=O)c2ccnc(N3CCOCC3)c2)cc1Nc1ccnc(N(C)C2CCN(C)CC2)n1,7.1
Cc1ccc(NC(=O)c2ccnc(N3CCOCC3)c2)cc1Nc1ccnc(NCCCN2CCCC2)n1,7.3
Cc1ccc(NC(=O)c2ccnc(N3CCOCC3)c2)cc1Nc1ccnc(NCCCN2CCOCC2)n1,7.05
Cc1ccc(NC(=O)c2ccnc(N3CCOCC3)c2)cc1Nc1ccnc(OC2CCN(C)CC2)n1,7.4
Cc1ccc(NC(=O)c2ccnc(N3CCOCC3)c2)cc1Nc1ccnc(OCC(C)(C)CN(C)C)n1,7.16
Cc1ccc(NC(=O)c2ccnc(N3CCOCC3)c2)cc1Nc1ccnc(OCC2CCCN(C)C2)n1,7.52
Cc1ccc(NC(=O)c2ccnc(N3CCOCC3)c2)cc1Nc1ccnc(OCCCN(C)C)n1,7.52
Cc1ccc(NC(=O)c2ccnc(N3CCOCC3)c2)cc1Nc1ccncn1,6.68
Cc1ccc(NC(=O)c2ccnc(N3CCOCC3)c2)cc1Nc1ncnn2cc(C(=O)N[C@@H](C)c3ccccc3)c(C)c12,9.36
Cc1ccc(NC(=O)c2ccnc(NC3CC3)c2)cc1-c1ccc(C(=O)NCC2CC2)cc1,8.28
Cc1ccc(NC(=O)c2ccnc(NC3CCC3)c2)cc1-c1ccc(C(=O)NCC2CC2)cc1,9.22
Cc1ccc(NC(=O)c2ccnc(NC3CCCCC3)c2)cc1-c1ccc(C(=O)NCC2CC2)cc1,8.52
Cc1ccc(NC(=O)c2ccnc(NCC(C)C)c2)cc1-c1ccc(C(=O)NCC2CC2)cc1,8.34
Cc1ccc(NC(=O)c2ccnc(NCC3CC3)c2)cc1-c1ccc(C(=O)NCC2CC2)cc1,8.2
Cc1ccc(NC(=O)c2ccncc2)cc1Nc1ncnn2cc(C(=O)N[C@@H](C)c3ccccc3)c(C)c12,7.85
Cc1ccc(NC(=O)c2ccno2)cc1-c1ccc(C(=O)NCC2CC2)cc1,7.8100000000000005
Cc1ccc(NC(=O)c2ccno2)cc1-n1cnc2ccc(N3CCN(C)CC3)cc2c1=O,7.6
Cc1ccc(NC(=O)c2ccoc2)cc1-c1ccc(C(=O)NCC2CC2)cc1,7.82
Cc1ccc(NC(=O)c2ccoc2)cc1-n1cnc2ccc(N3CCN(C)CC3)cc2c1=O,7.8
Cc1ccc(NC(=O)c2ccsc2)cc1-c1ccc(C(=O)NCC2CC2)cc1,7.885
Cc1ccc(NC(=O)c2ccsc2)cc1Nc1ccc2c(c1)CCCCC2=O,7.57
Cc1ccc(NC(=O)c2cncs2)cc1-n1cnc2ccc(N3CCN(C)CC3)cc2c1=O,6.7
Cc1ccc(NC(=O)c2cnoc2C)cc1C(=O)Nc1cnc(Nc2ccc(N3CCN(C)CC3)cc2)nc1,6.75
Cc1ccc(NC(=O)c2cscn2)cc1-n1cnc2ccc(N3CCN(C)CC3)cc2c1=O,6.66
Cc1ccc(NC(=O)c2nc(-c3ccccc3)[nH]c2-c2ccccc2)cc1Nc1ccc2ncn(C)c(=O)c2c1,6.92
Cc1ccc(NC(=O)c2nc(C(F)(F)F)[nH]c2-c2ccc(F)c(Cl)c2)cc1Nc1ccc2ncn(C)c(=O)c2c1,7.31
Cc1ccc(NC(=O)c2nc(C(F)(F)F)[nH]c2-c2ccc(F)c(F)c2)cc1Nc1ccc2ncn(C)c(=O)c2c1,7.96
Cc1ccc(NC(=O)c2nc(C(F)(F)F)[nH]c2-c2ccc(F)cc2)cc1Nc1ccc2ncn(C)c(=O)c2c1,7.8
Cc1ccc(NC(=O)c2nc(C(F)(F)F)[nH]c2-c2cccc(C(F)(F)F)c2)cc1Nc1ccc2ncn(C)c(=O)c2c1,6.98
Cc1ccc(NC(=O)c2nc(C(F)(F)F)[nH]c2-c2ccccc2)cc1Nc1ccc2ncn(C)c(=O)c2c1,6.39
Cc1ccc(NC(=O)c2nc(C(F)(F)F)[nH]c2-c2ccccc2C(F)(F)F)cc1Nc1ccc2ncn(C)c(=O)c2c1,6.33
Cc1ccc(NCc2ccc(-c3ccc(F)cc3)nc2)cc1,6.4
Cc1ccc(NCc2nc(-c3ccc4[nH]ncc4c3)c(-c3cccc(C)n3)[nH]2)cc1,6.48
Cc1ccc(NCc2nc(-c3ccc4c(cnn4C)c3)c(-c3cccc(C)n3)[nH]2)cc1,6.25
Cc1ccc(Nc2ccc3c(c2)CCCCC3=O)cc1NC(=O)c1ccccc1,6.92
Cc1ccc(Nc2ccc3c(c2)CCc2ccccc2C3=O)cc1NC(=O)c1ccccc1,8.0
Cc1ccc(Nc2ccc3c(c2)OCc2ccccc2C3=O)cc1NC(=O)c1ccccc1,7.6
Cc1ccc(Nc2ccc3c(c2)OCc2ccccc2C3=O)cc1NC(=O)c1ccsc1,7.96
Cc1ccc(Nc2ncc3cc(-c4c(Cl)cccc4Cl)c(=O)n(C)c3n2)cc1,6.31
Cc1ccc(Nc2nccc(Oc3ccc(NC(=O)Nc4cc(C(C)(C)C)nn4-c4ccc(C)cc4)c4ccccc34)n2)cc1,6.45
Cc1ccc(O)cc1Nc1ccnc2cc(-c3csc(C=O)n3)ccc12,6.0
Cc1ccc(O)cc1Nc1ccnc2ccc(S(C)(=O)=O)cc12,6.3
Cc1ccc(Oc2ccc(NC(=O)Nc3cc(C(C)(C)C)nn3C)cc2)cc1,6.8
Cc1ccc(Oc2nccc(-c3c(-c4ccc(F)cc4)ncn3C3CCNCC3)n2)c(C)c1,8.22
Cc1ccc(Oc2nccc(-c3c(-c4ccc(F)cc4)ncn3C3CCNCC3)n2)cc1,7.72
Cc1ccc(Oc2nccc(-c3c(-c4ccc(F)cc4)ncn3C3CCNCC3)n2)cc1C,7.67
Cc1ccc(S(=O)(=O)NCCCNc2nccc(-c3[nH]c(-c4ccccc4)nc3-c3ccc(F)c(O)c3)n2)cc1,6.7
Cc1ccc(S(=O)(=O)n2oc(=O)c(-c3ccc(F)cc3)c2-c2ccncc2)cc1,6.32
Cc1ccc(Sc2ccc3c(-c4c(Cl)cccc4Cl)c(=O)ncn3n2)c(C)c1,6.5
Cc1ccc(Sc2ccc3c(-c4c(Cl)cccc4Cl)c(=O)ncn3n2)cc1,6.06
Cc1ccc2c(-c3ccncc3)c(-c3ccc(F)cc3)nn2c1,6.82
Cc1ccc2c(N)n[nH]c2c1-c1ccc2c(N3CCOC[C@@H]3C)nncc2c1,7.8
Cc1ccc2c(N)noc2c1-c1ccc2c(N3CCOC[C@@H]3C)nncc2c1,9.52
Cc1ccc2c(N)noc2c1-c1ccc2c(c1)NC(=O)C2(C)C,7.42
Cc1ccc2c(N)noc2c1-c1ccc2c(c1)NC(=O)C21CCC(F)(F)CC1,8.92
Cc1ccc2c(N)noc2c1-c1ccc2c(c1)NC(=O)C21CCOCC1,8.3
Cc1ccc2c(N)nsc2c1-c1ccc2c(N3CCOC[C@@H]3C)nncc2c1,8.7
Cc1ccc2c(NC3CC3)noc2c1-c1ccc2c(N3CCOC[C@@H]3C)nncc2c1,9.15
Cc1ccc2c(NC3CC3)noc2c1-c1ccc2c(NC(C)C)nncc2c1,9.3
Cc1ccc2c(NC3CC3)noc2c1-c1ccc2c(c1)NC(=O)C2(C)C,9.4
Cc1ccc2c(NC3CC3)noc2c1-c1ccc2c(c1)NC(=O)C21CCC(F)(F)CC1,10.22
Cc1ccc2c(NC3CC3)noc2c1-c1ccc2c(c1)NC(=O)C21CCCC1,9.05
Cc1ccc2c(NC3CC3)noc2c1-c1ccc2c(c1)NC(=O)C21CCOCC1,9.8
Cc1cccc(-c2[nH]c(C(C)(C)C)nc2-c2ccc3c(c2)OCO3)n1,6.23
Cc1cccc(-c2[nH]c(C(C)(C)C)nc2-c2ccc3c(c2)OCO3)n1.Cl,6.23
Cc1cccc(-c2[nH]c(CNC(=O)[C@H](N)Cc3ccccc3)nc2-c2ccc3ncnn3c2)n1,6.36
Cc1cccc(-c2[nH]c(CNc3cc(C#N)cc(CN(C)C)c3)nc2-c2ccc3ncnn3c2)n1,6.07
Cc1cccc(-c2[nH]c(CNc3cc(C#N)cc(CN4CCOCC4)c3)nc2-c2ccc3ncnn3c2)n1,6.42
Cc1cccc(-c2[nH]c(CNc3cc(C#N)cc(N(C)C)c3)nc2-c2ccc3ncnn3c2)n1,6.41
Cc1cccc(-c2[nH]c(CNc3cc(C#N)ccc3CN(C)C)nc2-c2ccc3ncnn3c2)n1,6.59
Cc1cccc(-c2[nH]c(CNc3cc(C#N)ccc3CN3CCCC3)nc2-c2ccc3ncnn3c2)n1,6.27
Cc1cccc(-c2[nH]c(CNc3cc(C#N)ccc3CN3CCOCC3)nc2-c2ccc3ncnn3c2)n1,6.38
Cc1cccc(-c2[nH]c(CNc3cc(C#N)ccc3N(C)C)nc2-c2ccc3ncnn3c2)n1,6.85
Cc1cccc(-c2[nH]c(CNc3cc(F)cc(F)c3)nc2-c2ccc3ncnn3c2)n1,6.3
Cc1cccc(-c2[nH]c(CNc3cc(N(C)C)ccc3F)nc2-c2ccc3ncnn3c2)n1,6.75
Cc1cccc(-c2[nH]c(CNc3ccc(F)cc3)nc2-c2ccc3[nH]ncc3c2)n1,7.28
Cc1cccc(-c2[nH]c(CNc3ccc(F)cc3)nc2-c2ccc3c(cnn3C)c2)n1,6.95
Cc1cccc(-c2[nH]c(CNc3ccc(F)cc3)nc2-c2ccc3nsnc3c2)n1,6.08
Cc1cccc(-c2[nH]c(CNc3cccc(Br)c3)nc2-c2ccc3ncnn3c2)n1,6.06
Cc1cccc(-c2[nH]c(CNc3cccc(C#N)c3CN(C)C)nc2-c2ccc3ncnn3c2)n1,6.16
Cc1cccc(-c2[nH]c(CNc3cccc(Cl)c3)nc2-c2ccc3ncnn3c2)n1,6.14
Cc1cccc(-c2[nH]c(CNc3cccc(F)c3)nc2-c2ccc3[nH]ncc3c2)n1,8.4
Cc1cccc(-c2[nH]c(CNc3cccc(F)c3)nc2-c2ccc3c(cnn3C)c2)n1,7.58
Cc1cccc(-c2[nH]c(CNc3cccc(F)c3)nc2-c2ccc3ncnn3c2)n1,6.09
Cc1cccc(-c2[nH]c(CNc3cccc(F)c3)nc2-c2ccc3nsnc3c2)n1,6.83
Cc1cccc(-c2[nH]c(CNc3ccccc3)nc2-c2ccc3[nH]ncc3c2)n1,7.89
Cc1cccc(-c2[nH]c(CNc3ccccc3)nc2-c2ccc3c(cnn3C)c2)n1,7.18
Cc1cccc(-c2[nH]c(CNc3ccccc3)nc2-c2ccc3nsnc3c2)n1,6.12
Cc1cccc(-c2[nH]c(CNc3ccccc3C)nc2-c2ccc3[nH]ncc3c2)n1,7.64
Cc1cccc(-c2[nH]c(CNc3ccccc3C)nc2-c2ccc3c(cnn3C)c2)n1,7.15
Cc1cccc(-c2[nH]c(CNc3ccccc3C)nc2-c2ccc3nsnc3c2)n1,6.05
Cc1cccc(-c2[nH]c(CNc3ccccc3F)nc2-c2ccc3[nH]ncc3c2)n1,7.7
Cc1cccc(-c2[nH]c(CNc3ccccc3F)nc2-c2ccc3c(cnn3C)c2)n1,7.02
Cc1cccc(-c2[nH]c(Cc3cccc(C(N)=O)c3)nc2-c2ccc3ncccc3c2)n1,6.27
Cc1cccc(-c2[nH]c(Cc3cccc(C(N)=O)c3)nc2-c2ccc3nccnc3c2)n1,6.32
Cc1cccc(-c2[nH]c3nc(N)ccc3c2-c2ccc3c(c2)n(C)c(=O)n3C)c1,6.58
Cc1cccc(-c2[nH]nc(C)c2-c2ccnc3ccccc23)n1,6.6
Cc1cccc(-c2[nH]ncc2-c2ccnc3ccccc23)n1,7.11
Cc1cccc(-c2n[nH]c(C3CCN(C)CC3)c2-c2ccncc2)c1,7.17
Cc1cccc(-c2nc(-c3c(F)cccc3F)[nH]c2-c2ccncc2)c1,8.37
Cc1cccc(-c2nc(-c3c(F)cccc3F)[nH]c2C2=CCOCC2)c1,7.85
Cc1cccc(-c2nc(-c3ccc(C#N)cc3)[nH]c2-c2ccncc2)c1,8.28
Cc1cccc(-c2nc(-c3ccc(C(=N)NO)cc3)[nH]c2-c2ccncc2)c1,8.49
Cc1cccc(-c2nc(-c3ccc(C(=O)O)cc3)[nH]c2-c2ccncc2)c1,8.48
Cc1cccc(-c2nc(-c3ccc(C(N)=O)cc3)[nH]c2-c2ccncc2)c1,8.57
Cc1cccc(-c2nc(-c3ccc(N)cc3)[nH]c2-c2ccncc2)c1,8.55
Cc1cccc(-c2nc(-c3ccc(NS(C)(=O)=O)cc3)[nH]c2-c2ccncc2)c1,8.3
Cc1cccc(-c2nc(-c3ccc(O)cc3)[nH]c2-c2ccncc2)c1,8.08
Cc1cccc(-c2nc(-c3ccc(O)cc3)[nH]c2C2=CCOCC2)c1,7.48
Cc1cccc(-c2nc(-c3ccc(S(C)(=O)=O)cc3)[nH]c2-c2ccncc2)c1,8.02
Cc1cccc(-c2nc(-c3ccc(S(C)(=O)=O)cc3)sc2-c2ccnc(C)c2)c1,7.58
Cc1cccc(-c2nc(-c3ccc(S(C)(=O)=O)cc3)sc2-c2ccnc(NC(=O)Cc3ccccc3)c2)c1,7.47
Cc1cccc(-c2nc(-c3ccc(S(C)(=O)=O)cc3)sc2-c2ccnc(NC(=O)c3ccccc3)c2)c1,7.43
Cc1cccc(-c2nc(-c3ccc(S(C)(=O)=O)cc3)sc2-c2ccnc(NCCc3ccccc3)c2)c1,8.04
Cc1cccc(-c2nc(-c3ccc(S(C)(=O)=O)cc3)sc2-c2ccnc(NCc3ccccc3)c2)c1,7.96
Cc1cccc(-c2nc(-c3ccc(S(C)(=O)=O)cc3)sc2-c2ccncc2)c1,7.85
Cc1cccc(-c2nc(-c3ccc([N+](=O)[O-])cc3)[nH]c2-c2ccncc2)c1,8.36
Cc1cccc(-c2nc(-c3ccc([N+](=O)[O-])cc3)[nH]c2C2=CCOCC2)c1,7.7
Cc1cccc(-c2nc(-c3ccc([S+](C)[O-])cc3)[nH]c2-c2ccncc2)c1,7.62
Cc1cccc(-c2nc(-c3ccc([S+](C)[O-])cc3)[nH]c2C2=CCOCC2)c1,7.14
Cc1cccc(-c2nc(-c3ccc4ccccc4c3)[nH]c2-c2ccncc2)c1,7.01
Cc1cccc(-c2nc(-c3ccc4ccccc4c3F)[nH]c2-c2ccncc2)c1,7.7
Cc1cccc(-c2nc(-c3ccc4ccccc4c3F)[nH]c2C2=CCOCC2)c1,6.58
Cc1cccc(-c2nc(-c3ccccc3)[nH]c2C2=CCOCC2)c1,6.28
Cc1cccc(-c2nc(-c3ccccc3Br)[nH]c2C2=CCOCC2)c1,7.72
Cc1cccc(-c2nc(-c3ccccc3Cl)[nH]c2C2=CCOCC2)c1,7.37
Cc1cccc(-c2nc(-c3ccccc3F)[nH]c2-c2ccncc2)c1,8.33
Cc1cccc(-c2nc(-c3ccccc3F)[nH]c2C2=CCOCC2)c1,7.05
Cc1cccc(-c2nc(-c3cccnc3)[nH]c2-c2ccc3c(c2)n(C)c(=O)n3C)c1,6.7
Cc1cccc(-c2nc(-c3cccs3)[nH]c2-c2ccc3c(c2)n(C)c(=O)n3C)c1,6.85
Cc1cccc(-c2nc(C#CCCO)[nH]c2-c2ccncc2)c1,7.33
Cc1cccc(-c2nc(C(C)O)sc2-c2ccnc(NC(=O)c3ccccc3)c2)c1,7.42
Cc1cccc(-c2nc(C(O)C3=CCCCC3)[nH]c2-c2ccncc2)c1,7.96
Cc1cccc(-c2nc(C)sc2-c2ccnc(NC(=O)c3ccccc3)c2)c1,7.89
Cc1cccc(-c2nc(C3CCNCC3)[nH]c2-c2ccc3c(c2)n(C)c(=O)n3C)c1,7.16
Cc1cccc(-c2nc(CN(C)C)[nH]c2-c2ccncc2)c1,7.58
Cc1cccc(-c2nc(N(C(N)=O)c3c(F)cccc3F)c3ncn(C)c3n2)c1,6.46
Cc1cccc(-c2nc3cccnn3c2-c2ccnc(NC(=O)c3ccccc3)c2)c1,7.14
Cc1cccc(-c2nc3cccnn3c2-c2ccnc(NC(=O)c3ccccc3)n2)c1,7.25
Cc1cccc(-c2nc3n(c2-c2ccc4nccc(C(N)=O)c4c2)[C@H]2CC[C@@H]3C2)n1,6.21
Cc1cccc(-c2nc3n(c2-c2ccc4nccnc4c2)[C@H]2CC[C@@H]3C2)n1,6.29
Cc1cccc(-c2nc3n(c2-c2ccnc(-c4ccc(C(N)=O)cc4)c2)C2CCC3C2)n1,6.2
Cc1cccc(-c2nc3n(c2-c2ccnc(-c4ccc(S(C)(=O)=O)cc4)c2)[C@@H]2CC[C@H]3C2)n1,6.18
Cc1cccc(-c2nc3n(c2-c2ccnc(-c4ccc(S(C)(=O)=O)cc4)c2)[C@H]2CC[C@@H]3C2)n1,6.16
Cc1cccc(-c2nc3n(c2-c2ccnc(-c4cnn(C)c4)c2)C2CCC3C2)n1,6.34
Cc1cccc(-c2nc[nH]c2-c2ccc3c(c2)n(C)c(=O)n3C)c1,7.0
Cc1cccc(-c2nc[nH]c2-c2ccncc2)c1,7.35
Cc1cccc(-c2ncoc2-c2ccc3nnc(C(C)C)n3c2)c1,7.74
Cc1cccc(-c2nn(C3CC3)cc2-c2ccnc(-c3ccc(S(C)(=O)=O)cc3)c2)n1,6.0
Cc1cccc(-c2nn(CC(=S)Nc3cccc(C#N)c3)cc2-c2ccnc3ccccc23)n1,6.98
Cc1cccc(-c2nn(CC(=S)Nc3cccc(F)c3)cc2-c2ccnc(-c3ccccc3)c2)n1,6.12
Cc1cccc(-c2nn(CC(=S)Nc3cccc(F)c3)cc2-c2ccnc3ccccc23)n1,7.2
Cc1cccc(-c2nn(CC(=S)Nc3ccccc3)cc2-c2ccnc(-c3ccccc3)c2)n1,6.27
Cc1cccc(-c2nn(CC(=S)Nc3ccccc3)cc2-c2ccnc3ccccc23)n1,7.13
Cc1cccc(-c2nn(CC(=S)Nc3ccccc3F)cc2-c2ccnc(-c3ccccc3)c2)n1,6.31
Cc1cccc(-c2nn(CC(=S)Nc3ccccc3F)cc2-c2ccnc3ccccc23)n1,7.17
Cc1cccc(-c2nn(CCC(=S)Nc3cccc(C#N)c3)cc2-c2ccc3ncccc3c2)n1,6.2
Cc1cccc(-c2nn3c(c2-c2ccc4nccc(C(N)=O)c4c2)C2CCC3CC2)n1,6.22
Cc1cccc(-c2nn3c(c2-c2ccc4ncsc4c2/C=C/C(N)=O)CCC3)n1,6.32
Cc1cccc(-c2nn3c(c2-c2ccnc(-c4ccc(S(C)(=O)=O)cc4)c2)C2CCC3CC2)n1,6.25
Cc1cccc(-c2nn3c(c2-c2ccnc(Nc4ccc(C(N)=O)cc4)c2)CCC3)n1,7.58
Cc1cccc(-c2nn3c(c2-c2ccnc(Nc4ccc(S(N)(=O)=O)cc4)c2)CCC3)n1,7.82
Cc1cccc(-c2nn3c(c2-c2ccnc4cc(Cl)ccc24)CCC3)n1,6.36
Cc1cccc(-c2nn3c(c2-c2ccnc4ccc(C(N)=O)cc24)CCC3)n1,6.31
Cc1cccc(-c2nn3c(c2-c2ccnc4ccccc24)CCC3)n1,6.17
Cc1cccc(-c2noc(NC(=O)Cc3ccccc3Cl)c2-c2ccncn2)c1,8.44
Cc1cccc(-n2nc(C(C)(C)C)cc2/C(=N/O)C(=O)Nc2ccc(OCCN3CCOCC3)c3ccccc23)c1,7.115
Cc1cccc(-n2nc(C(C)(C)C)cc2NC(=O)Nc2ccc(Nc3ccnc4ccc(N)cc34)cc2)c1,6.1899999999999995
Cc1cccc(-n2nc(C(C)(C)C)cc2NC(=O)Nc2ccc(Nc3ncnc4ccc(N)cc34)cc2)c1,6.1
Cc1cccc(-n2nc(C(C)(C)C)cc2NC(=O)Nc2ccc(Nc3ncnc4ccc([N+](=O)[O-])cc34)cc2)c1,6.12
Cc1cccc(-n2nc(C(C)(C)C)cc2NC(=O)Nc2cccc(Nc3ncnc4ccc(N)cc34)c2)c1,6.5
Cc1cccc(-n2nc(C(C)(C)C)cc2NC(=O)Nc2cccc(Nc3ncnc4ccc([N+](=O)[O-])cc34)c2)c1,7.3
Cc1cccc(-n2nccc2-c2ccc3nc(NC(C)C)sc3c2)c1,7.48
Cc1cccc(C(=O)Nc2cc(-c3c(-c4ccc(F)c(C)c4)nc4cccnn34)ccn2)c1,7.96
Cc1cccc(C(=O)Nc2ccc(C)c(Nc3ncnn4cc(C(=O)N[C@@H](C)c5ccccc5)c(C)c34)c2)c1,7.03
Cc1cccc(C(=O)Nc2cccc(Nc3ccc4c(c3)CCCCC4=O)c2)c1,6.07
Cc1cccc(C(=O)Nc2cccc(Nc3ccc4c(c3)CCc3ccccc3C4=O)c2)c1,6.46
Cc1cccc(C(=O)Nc2cccc(Nc3ccc4c(c3)OCc3ccccc3C4=O)c2)c1,7.82
Cc1cccc(C(=O)c2ccc(Nc3ccccc3N)cc2)c1,6.24
Cc1cccc(C(=O)c2cn3ncnc(Nc4cc(C(=O)NC5CC5)ccc4C)c3c2C)n1,8.1
Cc1cccc(C)c1-c1c(N)c(C(=O)c2ccc(F)cc2F)cc[n+]1[O-],7.77
Cc1cccc(C)c1-c1c2nccc(-c3ccc(F)cc3F)c2cc[n+]1[O-],6.83
Cc1cccc(C)c1-n1c(C)cc(OCc2ccc(F)cc2F)c(Br)c1=O,8.7
Cc1cccc(C)c1OC(=O)N(c1ccc2ccccc2c1)c1ccnc(Nc2ccc(N3CCN(C)CC3)cc2)n1,6.13
Cc1cccc(C)c1OC(=O)N(c1ccccc1)c1ccnc(Nc2ccc(N3CCN(C)CC3)cc2)n1,6.8
Cc1cccc(C)c1Oc1nccc(-c2c(-c3ccc(F)cc3)ncn2C2CCNCC2)n1,7.46
Cc1cccc(C)c1Sc1ccc2c(n1)CNC(=O)N2c1c(Cl)cccc1Cl,6.58
Cc1cccc(Cl)c1N1C(=O)NCc2nc(Sc3ccc(F)cc3)ccc21,7.494999999999999
Cc1cccc(Cl)c1NC(=O)c1cnc(NC(C)C)s1,7.89
Cc1cccc(Cl)c1NC(=O)c1cnc(NC2CC2)s1,7.41
Cc1cccc(Cl)c1NC(=O)c1cnc(NC2CCC2)s1,7.44
Cc1cccc(Cl)c1NC(=O)c1cnc(Nc2ccccc2)s1,7.21
Cc1cccc(F)c1-c1nnc2cc(-c3cc(C(=O)NC4CC4)cc(F)c3C)c(=O)n(C)n12,7.91
Cc1cccc(NC(=O)Nc2ccc(-c3csc4c(C#CCCCCCCCCN)cnc(N)c34)cc2)c1,6.0
Cc1cccc(NC(=O)Nc2sc(C(C)(C)C)cc2C(=O)N2CCNC(=O)CC2)c1,7.1
Cc1cccc(NCc2nc(-c3ccc4[nH]ncc4c3)c(-c3cccc(C)n3)[nH]2)c1,7.5
Cc1cccc(NCc2nc(-c3ccc4c(cnn4C)c3)c(-c3cccc(C)n3)[nH]2)c1,7.64
Cc1cccc(NCc2nc(-c3ccc4nsnc4c3)c(-c3cccc(C)n3)[nH]2)c1,6.29
Cc1cccc(Oc2nccc(-c3c(-c4ccc(F)cc4)ncn3C3CCNCC3)n2)c1C,7.82
Cc1cccc(Sc2ccc3c(-c4c(Cl)cccc4Cl)c(=O)ncn3n2)c1,6.55
Cc1cccc2c(-c3ccncc3)c(-c3ccc(F)cc3)nn12,6.82
Cc1ccccc1-c1c(N)c(C(=O)c2ccc(F)cc2F)cc[n+]1[O-],7.68
Cc1ccccc1-c1c(N)c(C(=O)c2ccccc2)cc[n+]1[O-],6.39
Cc1ccccc1-c1c2nccc(-c3ccc(F)cc3F)c2cc[n+]1[O-],7.17
Cc1ccccc1-c1nc(N(C(N)=O)c2c(F)cccc2F)c2ncn(C)c2n1,6.85
Cc1ccccc1-c1nncc2cc(-c3c(C)ccc4c(NC5CC5)noc34)ccc12,9.4
Cc1ccccc1-c1nncc2nc(Nc3ccc(F)cc3F)ccc12,9.3
Cc1ccccc1-c1nncc2nc(Oc3ccc(F)cc3)ccc12,9.05
Cc1ccccc1-c1nncc2nc(Oc3ccc(F)cc3F)ccc12,9.7
Cc1ccccc1-n1cc(C(=O)NC(C)c2ccc(C(=O)N[C@@H](CCC3CCCCC3)C(N)=O)cc2)cn1,7.04
Cc1ccccc1-n1cc(C(=O)NCc2ccc(C(=O)NC3CC3)cc2)cn1,6.55
Cc1ccccc1-n1cc(C(=O)NCc2ccc(C(=O)N[C@@H](CC3CCCCC3)C(N)=O)cc2)cn1,6.58
Cc1ccccc1-n1cc(C(=O)NCc2ncc(C(=O)N[C@@H](CCC3CCCCC3)C(N)=O)s2)cn1,7.58
Cc1ccccc1-n1nc(C(C)(C)C)cc1NC(=O)Nc1cccc(Cl)c1Cl,7.37
Cc1ccccc1-n1ncc(C(=O)c2ccccc2)c1N,6.13
Cc1ccccc1-n1nccc1-c1ccc2nc(NC(C)C)sc2c1,6.84
Cc1ccccc1C(=O)N1CCC(Cc2ccccc2)CC1,6.48
Cc1ccccc1C(=O)c1c[nH]c(C(=O)NCc2c(F)cccc2F)c1,6.25
Cc1ccccc1C(=O)c1c[nH]c(C(=O)NCc2ccco2)c1,6.4
Cc1ccccc1C(=O)c1ccc(N(C)c2ccccc2N)cc1Cl,7.0
Cc1ccccc1C(=O)c1ccc(Nc2ccc(Br)cc2N)cc1Cl,7.41
Cc1ccccc1C(=O)c1ccc(Nc2ccccc2)cc1Cl,7.4350000000000005
Cc1ccccc1C(=O)c1ccc(Nc2ccccc2N)cc1,7.54
Cc1ccccc1C(=O)c1ccc(Nc2ccccc2N)cc1C,7.89
Cc1ccccc1C(=O)c1ccc(Nc2ccccc2N)cc1Cl,8.0
Cc1ccccc1C(=O)c1ccc(Nc2ccccc2[N+](=O)[O-])cc1Cl,6.36
Cc1ccccc1N1C(=O)NCc2nc(Sc3ccc(F)cc3Cl)ccc21,6.75
Cc1ccccc1NC(=O)N(c1ccc(F)cc1)c1ccnc(N[C@@H](C)C(C)(C)O)n1,6.75
Cc1ccccc1Nc1ccc(=O)n(-c2ccccc2Cl)n1,6.12
Cc1ccccc1Nc1ccc(C(=O)c2ccccc2C)c(Cl)c1,7.92
Cc1ccccc1Nc1ccc2c(c1)OCc1cc(OCCN3CCOCC3)ccc1C2=O,7.07
Cc1ccccc1Oc1nccc(-c2c(-c3ccc(F)cc3)ncn2C2CCNCC2)n1,7.82
Cc1ccccc1Sc1ccc2c(-c3c(Cl)cccc3Cl)c(=O)ncn2n1,6.48
Cc1ccccc1Sc1ccc2c(n1)CNC(=O)N2c1c(Cl)cccc1Cl,6.96
Cc1cccn2nc(-c3ccc(F)cc3)c(-c3ccncc3)c12,6.55
Cc1ccn(CC(=O)NCc2cccc(-n3nc(C(C)(C)C)cc3NC(=O)Nc3ccccc3)c2)n1,7.125
Cc1ccn2c(-c3ccnc(N[C@H](C)c4ccccc4)c3)c(-c3ccc(F)cc3)nc2n1,9.0
Cc1ccn2c(N)nnc2c1-c1ccc2c(c1)NC(=O)C21CCCC1,7.47
Cc1ccn2nc(-c3ccc(F)cc3)c(-c3ccncc3)c2c1,6.8
Cc1ccncc1Nc1cc(=O)n(C)c2c1cnn2-c1cc(F)ccc1F,6.35
Cc1ccoc1-c1cc(-c2ccc(Br)cc2)[nH]c(=N)c1C#N,7.16
Cc1cn(-c2cc(NC(=O)c3ccc(C)c(Nc4nccc(-c5cccnc5)n4)c3)cc(C(F)(F)F)c2)cn1,6.1850000000000005
Cc1cnc(-c2ccc(C)c(-c3ccc4c(c3)NC(=O)C43CCOCC3)c2)[nH]1,6.76
Cc1cnc(-n2c(C)cc(OCc3ccc(F)cc3F)c(Br)c2=O)cn1,6.35
Cc1cnc(C(=O)NC2CC2)cc1-c1cc2cnnc(-c3cc(F)ccc3Cl)c2n(C)c1=O,8.8
Cc1cnc(C(=O)NC2CC2)cc1-c1cc2cnnc(-c3ccc(C(F)(F)F)cc3F)c2n(C)c1=O,8.54
Cc1cnc(C(=O)NC2CC2)cc1-c1cc2cnnc(-c3ccc(F)cc3C)c2n(C)c1=O,8.51
Cc1cnc(C(=O)NC2CC2)cc1-c1cc2cnnc(-c3ccc(F)cc3F)c2n(C)c1=O,7.84
Cc1cnc(C(=O)NC2CC2)cc1-c1cc2cnnc(-c3ccccc3C(F)(F)F)c2n(C)c1=O,8.41
Cc1cnc(C(=O)NC2CC2)cc1-c1cc2cnnc(-c3ccccc3C)c2n(C)c1=O,8.57
Cc1cnc(C(=O)NC2CC2)cc1-c1cc2cnnc(-c3ccccc3Cl)c2n(C)c1=O,8.68
Cc1csc(-c2nnc(Nc3ccc(Oc4ncccc4-c4ccnc(N)n4)cc3)c3ccccc23)c1,6.13
Cc1csc(-n2nc(C(C)(C)C)cc2NC(=O)Nc2ccc(Oc3ccnc(Nc4cccc(C(=O)NCCN5CCOCC5)c4)n3)c3ccccc23)c1,7.96
Cc1n[nH]c(C)c1-c1nncc2nc(Nc3ccc(F)cc3F)ccc12,8.8
Cc1n[nH]c2cc(Nc3nccc(Oc4ccc(NC(=O)Nc5cc(C(C)(C)C)nn5-c5ccc(OCCN6CCOCC6)cc5)c5ccccc45)n3)ccc12,6.57
Cc1n[nH]c2ccc(Nc3nccc(Oc4ccc(NC(=O)Nc5cc(C(C)(C)C)nn5-c5ccc(OCCN6CCOCC6)cc5)c5ccccc45)n3)cc12,7.89
Cc1n[nH]cc1-c1nncc2nc(Nc3ccc(F)cc3F)ccc12,8.96
Cc1nc(-c2ccc(-c3cc(C(=O)NC4CC4)ccc3C)cc2)no1,7.01
Cc1nc(-c2ccc(-c3cc(C(=O)Nc4cccc(N5CCOCC5)c4)ccc3C)cc2)no1,7.77
Cc1nc(-c2ccc(-c3cc(NC(=O)c4ccnc(N5CCCC5)c4)ccc3C)cc2)no1,8.96
Cc1nc(-c2ccc(C)c(-c3ccc4c(c3)NC(=O)C43CCCC3)c2)no1,6.23
Cc1nc(-c2ccc(F)c(C)c2)c(-c2ccnc(NC(=O)C3CC3)c2)[nH]1,8.15
Cc1nc(-c2ccc(F)c(F)c2)c(-c2ccnc(NC(=O)C3CC3)c2)[nH]1,7.72
Cc1nc(-c2ccc(F)cc2)c(-c2ccnc(NC(=O)C3CC3)c2)[nH]1,7.72
Cc1nc(-c2ccc(F)cc2)c(-c2ccnc(NC(=O)CCn3cncn3)c2)[nH]1,7.39
Cc1nc(-c2ccc(F)cc2)c(-c2ccnc(NC(=O)CCn3cnnn3)c2)[nH]1,7.42
Cc1nc(-c2ccc3c(c2)OCO3)c(-c2ccnc(NC(=O)C3CC3)c2)[nH]1,7.52
Cc1nc(-c2ccc3ccccc3c2)c(-c2ccnc(NC(=O)C3CC3)c2)[nH]1,7.09
Cc1nc(-c2cccc(O)c2)c(-c2ccnc(NC(=O)C3CC3)c2)[nH]1,7.62
Cc1nc(-c2ccccc2O)c(-c2ccnc(NC(=O)C3CC3)c2)[nH]1,7.3
Cc1nc(-c2ccco2)c(-c2ccnc(NC(=O)C3CC3)c2)[nH]1,6.01
Cc1nc(-c2cccs2)c(-c2ccnc(NC(=O)C3CC3)c2)[nH]1,7.32
Cc1nc(CNC(=O)c2ccc(-c3cc(C(=O)NC4CC4)cc(F)c3C)cc2)cs1,7.55
Cc1nc(COc2ccc(C(=O)Nc3cc(NC(=O)c4cc(F)cc(N5CCOCC5)c4)ccc3C)cc2)cs1,7.05
Cc1nc(COc2ccc(C(=O)Nc3cc(NC(=O)c4cccc(N5CCOCC5)c4)ccc3C)cc2)cs1,7.7
Cc1nc(Nc2ncc(C(=O)Nc3c(C)cccc3Cl)s2)cc(N2CCN(CCO)CC2)n1,6.025
Cc1nc(Nc2ncc(C(=O)Nc3c(C)cccc3Cl)s2)cc(N2CCN(CCO)CC2)n1.O,6.915
Cc1nc2c(Oc3ccc(NC(=O)Nc4cc(C(C)(C)C)nn4-c4ccccc4)c4ccccc34)ccnc2[nH]c1=O,8.52
Cc1nc2c(cnn2-c2csc(C(=O)NC3COC3)c2)cc1Nc1c(F)cccc1Cl,6.965
Cc1nc2c(cnn2-c2csc(C(=O)NC3COC3)c2)cc1Nc1ccc(F)cc1Cl,6.31
Cc1nc2cc(Nc3nccc(Oc4ccc(NC(=O)Nc5cc(C(C)(C)C)nn5-c5ccc(OCCN6CCOCC6)cc5)c5ccccc45)n3)ccc2[nH]1,7.44
Cc1ncc(-c2ccc(C)c(-c3ccc4c(c3)NC(=O)C43CCOCC3)c2)[nH]1,6.06
Cc1ncc(-n2c(C)cc(OCc3ccc(F)cc3F)c(Br)c2=O)cn1,6.75
Cc1ncc(C(=O)NC2CC2)cc1-c1ccc2c(c1)NC(=O)C21CCCC1,7.4750000000000005
Cc1ncccc1-c1nncc2nc(Nc3ccc(F)cc3F)ccc12,8.92
Cc1nccn1CC(=O)NCc1cccc(-n2nc(C(C)(C)C)cc2NC(=O)Nc2ccccc2)c1,6.525
Cc1nccn2c(-c3ccnc(NCC(C)(C)CO)n3)c(-c3ccc(F)cc3F)nc12,9.9
Cc1nccn2c(-c3ccnc(NCC(C)(C)O)n3)c(-c3ccc(F)cc3F)nc12,8.5
Cc1nnc(-c2cc(F)c(C)c(-c3ccc4c(c3)NC(=O)C43CCC(C)(O)CC3)c2)[nH]1,8.1
Cc1nnc(-c2cc(F)c(C)c(-c3ccc4c(c3)NC(=O)C43CCOCC3)c2)[nH]1,8.1
Cc1nnc(-c2ccc(-c3cc(C(=O)NC4CC4)ccc3C)c(C)c2)o1,8.0
Cc1nnc(-c2ccc(-c3cc(C(=O)Nc4cccc(N5CCOCC5)c4)ccc3C)c(C)c2)o1,8.55
Cc1nnc(-c2ccc(-c3cc(NC(=O)c4ccnc(N5CCCC5)c4)ccc3C)c(C)c2)o1,8.77
Cc1nnc(-c2ccc(C)c(-c3ccc(C(=O)N(C)Cc4ccc(Cl)cc4)cc3)c2)o1,6.449999999999999
Cc1nnc(-c2ccc(C)c(-c3ccc(C(=O)NCC4CC4)cc3)c2)[nH]1,6.255
Cc1nnc(-c2ccc(C)c(-c3ccc(C(=O)NCc4ccc(Cl)cc4)cc3)c2)o1,6.609999999999999
Cc1nnc(-c2ccc(C)c(-c3ccc(C(=O)NCc4ccc(NS(C)(=O)=O)cc4)cc3)c2)o1,6.975
Cc1nnc(-c2ccc(C)c(-c3ccc(C(=O)NCc4cccc(CN5CCOCC5)c4)cc3)c2)o1,6.455
Cc1nnc(-c2ccc(C)c(-c3ccc(C(=O)NCc4ccccc4)cc3)c2)o1,6.605
Cc1nnc(-c2ccc(C)c(-c3ccc(C(=O)Nc4ccc(NS(C)(=O)=O)cc4)cc3)c2)o1,6.975
Cc1nnc(-c2ccc(C)c(-c3ccc(C(=O)Nc4cccc(C#N)c4)cc3)c2)o1,6.62
Cc1nnc(-c2ccc(C)c(-c3ccc4c(c3)NC(=O)C4(C)C)c2)[nH]1,7.06
Cc1nnc(-c2ccc(C)c(-c3ccc4c(c3)NC(=O)C43CCC(F)(F)CC3)c2)[nH]1,8.7
Cc1nnc(-c2ccc(C)c(-c3ccc4c(c3)NC(=O)C43CCC(F)(F)CC3)c2)o1,8.25
Cc1nnc(-c2ccc(C)c(-c3ccc4c(c3)NC(=O)C43CCC(O)CC3)c2)o1,8.24
Cc1nnc(-c2ccc(C)c(-c3ccc4c(c3)NC(=O)C43CCC3)c2)[nH]1,7.75
Cc1nnc(-c2ccc(C)c(-c3ccc4c(c3)NC(=O)C43CCCC3)c2)[nH]1,8.125
Cc1nnc(-c2ccc(C)c(-c3ccc4c(c3)NC(=O)C43CCCC3)c2)o1,7.5
Cc1nnc(-c2ccc(C)c(-c3ccc4c(c3)NC(=O)C43CCN(S(C)(=O)=O)CC3)c2)[nH]1,8.33
Cc1nnc(-c2ccc(C)c(-c3ccc4c(c3)NC(=O)C43CCOCC3)c2)[nH]1,8.059999999999999
Cc1nnc(Nc2cc(C(=O)NC3CC3)ccc2Cl)c2cnn(-c3c(F)cccc3F)c12,8.77
Cc1nnc(Nc2cc(C(=O)NC3CC3)ccc2Cl)c2cnn(-c3ccc(F)cc3)c12,8.64
Cc1nnc(Nc2cc(C(=O)NC3CC3)ccc2Cl)c2cnn(-c3ccc(F)cc3F)c12,8.8
Cc1noc(-c2ccc(C)c(-c3ccc4c(c3)NC(=O)C43CCCC3)c2)n1,6.13
Cc1noc(C)c1-c1nncc2nc(Nc3ccc(F)cc3F)ccc12,8.15
Cc1noc(C)c1-c1nncc2nc(Oc3ccc(F)cc3F)ccc12,8.19
Cc1oc(C(C)(C)C)cc1C(=O)C(=O)Nc1ccc(-c2ccc(CN3CCOCC3)nc2)c2ccccc12,7.465
Cc1oc(C(C)(C)C)cc1C(=O)C(=O)Nc1ccc(OCCN2CCOCC2)c2ccccc12,7.115
Cc1occc1-c1nc(N)c(OC[C@@H](N)Cc2c[nH]c3ccccc23)cc1-c1cc2c(C)n[nH]c2cn1,6.16
Cl.Cn1c(-c2cn([C@H]3CCNC[C@@H]3F)nn2)nc(-c2ccc(F)cc2)c1-c1ccncc1,7.02
Cl.Fc1ccc(Sc2ccc3nnc(-c4ccc(F)cc4F)n3c2)c(F)c1,8.14
Cl.NC(=O)c1ccc(-c2nnc3ccc(Sc4ccc(F)cc4F)cn23)cc1,6.7
Cl.NC(=O)c1cccc(-c2nnc3ccc(Sc4ccc(F)cc4F)cn23)c1,6.62
Cl.O=C(CO)N1CCC(c2nnc3ccc(Sc4ccc(F)cc4F)cn23)CC1,6.67
Clc1ccc(-c2[nH]ncc2-c2ccncn2)cc1,7.62
Clc1ccc(-c2cc(-c3ccc(Br)cc3)c(-c3ccncc3)[nH]2)cc1,6.52
Clc1ccc(-c2cc(-c3ccc(Cl)cc3)c(-c3ccncc3)[nH]2)cc1,6.8
Clc1ccc(-c2cc(-c3cccc(Br)c3)c(-c3ccncc3)[nH]2)cc1,7.1
Clc1ccc(-c2cc(-c3ccccc3)c(-c3ccncc3)[nH]2)cc1,6.68
Clc1ccc(-c2cc(-c3ccccc3Br)c(-c3ccncc3)[nH]2)cc1,6.0
Clc1ccc(-c2n[nH]c(C3CCN(C4CCOC4)CC3)c2-c2ccncn2)cc1,7.51
Clc1ccc(-c2n[nH]c(C3CCN(C4CCOCC4)CC3)c2-c2ccncn2)cc1,6.69
Clc1ccc(-c2n[nH]c(C3CCN(Cc4ccncc4)CC3)c2-c2ccncn2)cc1,7.33
Clc1ccccc1-c1cc(-c2cnc(NC3CC3)s2)nc(-c2ccccn2)n1,7.77
Clc1ccccc1-c1cc(-c2cnc(NC3CCC3)s2)nc(-c2ccccn2)n1,7.8
Clc1ccccc1Nc1ccc2c(-c3ccccc3)[nH]nc2c1,7.75
Cn1[nH]c(=O)n(Cc2cccc(-n3nc(C(C)(C)C)cc3NC(=O)Nc3cccc4ccccc34)c2)c1=O,6.54
Cn1c(-c2c[nH]nn2)nc(-c2ccc(F)cc2)c1-c1ccncc1,6.765
Cn1c(-c2ccncc2)c(-c2ccc(F)cc2)c2ncccc21,7.01
Cn1c(-c2cn(-c3ccc(C(=O)O)cc3)nn2)nc(-c2ccc(F)cc2)c1-c1ccncc1,6.8149999999999995
Cn1c(-c2cn(-c3cccc(C(=O)NCCCO)c3)nn2)nc(-c2ccc(F)cc2)c1-c1ccncc1,6.54
Cn1c(-c2cn(-c3cccc(C(=O)O)c3)nn2)nc(-c2ccc(F)cc2)c1-c1ccncc1,6.73
Cn1c(-c2cn(C3O[C@H](C(=O)O)[C@@H](O)[C@H](O)[C@H]3O)nn2)nc(-c2ccc(F)cc2)c1-c1ccncc1,6.23
Cn1c(-c2cn(CC(=O)NCCO)nn2)nc(-c2ccc(F)cc2)c1-c1ccncc1,6.05
Cn1c(-c2cn(CC(=O)O)nn2)nc(-c2ccc(F)cc2)c1-c1ccncc1,6.13
Cn1c(-c2cn(CC(=O)[O-])nn2)nc(-c2ccc(F)cc2)c1-c1ccncc1.[Li+],6.37
Cn1c(-c2cn(CCO)nn2)nc(-c2ccc(F)cc2)c1-c1ccncc1,6.205
Cn1c(-c2cn(CCOP(=O)([O-])[O-])nn2)nc(-c2ccc(F)cc2)c1-c1ccncc1.[Na+].[Na+],6.6
Cn1c(-c2cn(CCP(=O)([O-])[O-])nn2)nc(-c2ccc(F)cc2)c1-c1ccncc1.[Na+].[Na+],6.46
Cn1c(-c2cn(C[C@H]3O[C@@H](O)[C@H](O)[C@@H](O)[C@@H]3O)nn2)nc(-c2ccc(F)cc2)c1-c1ccncc1,6.4
Cn1c(-c2cn([C@H]3C(O)O[C@H](CO)[C@@H](O)[C@@H]3O)nn2)nc(-c2ccc(F)cc2)c1-c1ccncc1,6.15
Cn1c(=O)c(-c2c(Cl)cccc2Cl)cc2cnc(Nc3ccc(CCO)cc3)nc21,6.96
Cn1c(=O)c(-c2c(Cl)cccc2Cl)cc2cnc(Nc3ccc(F)cc3)nc21,7.3
Cn1c(=O)c(-c2c(Cl)cccc2Cl)cc2cnc(Nc3ccc(I)cc3)nc21,6.65
Cn1c(=O)c(-c2c(Cl)cccc2Cl)cc2cnc(Nc3ccc(N)cc3)nc21,7.29
Cn1c(=O)c(-c2c(Cl)cccc2Cl)cc2cnc(Nc3ccc(NC(=O)CCN)cc3)nc21,7.47
Cn1c(=O)c(-c2c(Cl)cccc2Cl)cc2cnc(Nc3ccc(NC(=O)CCNC(=O)OC(C)(C)C)cc3)nc21,6.52
Cn1c(=O)c(-c2c(Cl)cccc2Cl)cc2cnc(Nc3ccc(NC(=O)CCl)cc3)nc21,6.87
Cn1c(=O)c(-c2c(Cl)cccc2Cl)cc2cnc(Nc3ccc(NCC(O)CO)cc3)nc21,7.5
Cn1c(=O)c(-c2c(Cl)cccc2Cl)cc2cnc(Nc3ccc(O)cc3)nc21,6.98
Cn1c(=O)c(-c2c(Cl)cccc2Cl)cc2cnc(Nc3ccc(OC4OC(CO)C(O)C(O)C4O)cc3)nc21,7.82
Cn1c(=O)c(-c2c(Cl)cccc2Cl)cc2cnc(Nc3cccc(CO)c3)nc21,6.85
Cn1c(=O)c(-c2c(Cl)cccc2Cl)cc2cnc(Nc3cccc(COCC(O)CO)c3)nc21,6.48
Cn1c(=O)c(-c2c(Cl)cccc2Cl)cc2cnc(Nc3cccc(N)c3)nc21,6.88
Cn1c(=O)c(-c2c(Cl)cccc2Cl)cc2cnc(Nc3cccc(O)c3)nc21,6.73
Cn1c(=O)c(-c2cc(C(=O)NC3CC3)ccc2Cl)cc2cnn(-c3c(F)cccc3F)c21,8.96
Cn1c(=O)c(-c2cc(C(=O)NC3CC3)ccc2Cl)cc2cnnc(-c3ccc(F)cc3F)c21,8.59
Cn1c(=O)c(-c2ccccc2Cl)cc2cnc(NC3CCOCC3)nc21,8.6
Cn1c(=O)c(Cc2ccc(F)cc2)cc2cnnc(-c3ccc(F)cc3F)c21,7.25
Cn1c(=O)c(Cc2ccc(F)cc2F)cc2cnc(NC3CCOCC3)nc21,7.4
Cn1c(=O)c(Cc2ccc(F)cc2F)cc2cnnc(-c3ccc(F)cc3F)c21,8.21
Cn1c(=O)c(Cc2ccccc2F)cc2cnc(NC3CCOCC3)nc21,7.38
Cn1c(=O)c(Nc2ccc(F)cc2)cc2cnnc(-c3ccc(F)cc3F)c21,8.66
Cn1c(=O)c(Nc2ccc(F)cc2F)cc2cnnc(-c3ccc(F)cc3F)c21,9.05
Cn1c(=O)c(Nc2ccc(F)cn2)cc2cnnc(-c3ccc(F)cc3F)c21,6.48
Cn1c(=O)c(Nc2ncc(F)cc2F)cc2cnnc(-c3ccc(F)cc3F)c21,6.96
Cn1c(=O)c(Oc2ccc(F)cc2)cc2cnc(NC3CCOCC3)nc21,7.85
Cn1c(=O)c(Oc2ccc(F)cc2)cc2cnnc(-c3ccc(F)cc3F)c21,7.11
Cn1c(=O)c(Oc2ccc(F)cc2F)cc2cnc(NC(C)(C)CO)nc21,7.6
Cn1c(=O)c(Oc2ccc(F)cc2F)cc2cnc(NC(CCO)CCO)nc21,8.370000000000001
Cn1c(=O)c(Oc2ccc(F)cc2F)cc2cnc(NC(CO)CO)nc21,6.8
Cn1c(=O)c(Oc2ccc(F)cc2F)cc2cnc(NC3CCOCC3)nc21,8.85
Cn1c(=O)c(Oc2ccc(F)cc2F)cc2cnc(NC3CCS(=O)(=O)CC3)nc21,7.82
Cn1c(=O)c(Oc2ccc(F)cc2F)cc2cnc(NCC(C)(C)O)nc21,7.17
Cn1c(=O)c(Oc2ccc(F)cc2F)cc2cnc(NCCS(C)(=O)=O)nc21,6.65
Cn1c(=O)c(Oc2ccc(F)cc2F)cc2cnc(N[C@H]3CCOC3)nc21,7.51
Cn1c(=O)c(Oc2ccc(F)cc2F)cc2cnc(N[C@H]3CC[C@H](O)CC3)nc21,8.4
Cn1c(=O)c(Oc2ccc(F)cc2F)cc2cnnc(-c3ccc(F)cc3F)c21,8.08
Cn1c(=O)c(Oc2cccc(F)c2)cc2cnc(NC3CCOCC3)nc21,6.23
Cn1c(=O)c(Oc2ccccc2)cc2cnc(NC3CCOCC3)nc21,6.97
Cn1c(=O)c(Oc2ccccc2F)cc2cnc(NC3CCOCC3)nc21,7.82
Cn1c(=O)c(Sc2ccccc2F)cc2cnc(NC3CCOCC3)nc21,6.96
Cn1c(=O)cc(Nc2cc(C(=O)NC3CC3)ccc2Cl)c2cnn(-c3c(F)cccc3F)c21,8.96
Cn1c(=O)cc(Nc2cc(C(=O)NC3CC3)ccc2Cl)c2cnn(-c3cc(F)ccc3F)c21,8.96
Cn1c(=O)cc(Nc2cc(C(=O)NC3CC3)ccc2Cl)c2cnn(-c3ccc(F)cc3)c21,8.82
Cn1c(=O)cc(Nc2cc(C(=O)NC3CC3)ccc2Cl)c2cnn(-c3ccc(F)cc3F)c21,9.0
Cn1c(=O)cc(Nc2cc(C(=O)NC3CC3)ccc2F)c2cnn(-c3c(F)cccc3F)c21,8.72
Cn1c(=O)cc(Nc2cc(C(=O)NC3CC3)ccc2F)c2cnn(-c3ccc(F)cc3F)c21,7.89
Cn1c(=O)cc(Oc2cc(C(=O)NC3CC3)ccc2Cl)c2cnn(-c3cc(F)ccc3F)c21,8.48
Cn1c(=O)n(C)c2cc(-c3[nH]c(-c4cccs4)nc3-c3ccc(Cl)cc3)ccc21,6.17
Cn1c(=O)n(C)c2cc(-c3[nH]c(-c4cccs4)nc3-c3ccc(F)cc3)ccc21,6.57
Cn1c(=O)n(C)c2cc(-c3[nH]c(-c4cccs4)nc3-c3cccc(Cl)c3)ccc21,6.42
Cn1c(=O)n(C)c2cc(-c3[nH]c(-c4cccs4)nc3-c3cccc(F)c3)ccc21,6.41
Cn1c(=O)n(C)c2cc(-c3[nH]c(-c4cccs4)nc3-c3ccccc3)ccc21,6.58
Cn1c(=O)n(C)c2cc(-c3[nH]c(-c4cccs4)nc3-c3ccccc3Cl)ccc21,6.27
Cn1c(=O)n(C)c2cc(-c3[nH]c(-c4cccs4)nc3-c3ccccc3F)ccc21,6.43
Cn1c(=O)n(C)c2cc(-c3[nH]cnc3-c3ccc(F)cc3)ccc21,6.85
Cn1c(=O)n(C)c2cc(-c3[nH]cnc3-c3ccccc3)ccc21,6.54
Cn1c(=O)n(C)c2cc(-c3c[nH]nc3-c3ccccc3)ccc21,6.7
Cn1c(C#CCO)nc(-c2ccc(F)cc2)c1-c1ccncc1,6.34
Cn1c(NCC(N)Cc2ccccc2)nc(-c2ccncc2)c(-c2ccc3ccccc3c2)c1=O,9.6
Cn1c(NC[C@@H](N)Cc2ccccc2)nc(-c2ccncc2)c(-c2ccc3ccccc3c2)c1=O,7.46
Cn1c([S+](C)[O-])nc(-c2ccc(F)cc2)c1-c1ccnc(N)c1,6.15
Cn1cc(-c2cc3nc(Br)cnc3[nH]2)c2cc(F)ccc21,6.0
Cn1cc(-c2ccnc3[nH]c(C(F)(F)F)cc23)c(-c2ccc(F)cn2)n1,6.7
Cn1cc(-c2ccnc3[nH]ccc23)c(-c2ccc(F)cc2)n1,6.85
Cn1cc(-c2ccnc3[nH]ccc23)c(-c2ccc(F)cn2)n1,6.03
Cn1cc(-c2ccnc3[nH]ncc23)c(-c2ccc(F)cc2)n1,6.6
Cn1cc(-c2nncc3nc(Nc4ccc(F)cc4F)ccc23)cn1,8.25
Cn1cc(/C=C2\Oc3cccc(O)c3C2=O)c2c(-c3ccc(C(=O)NCCO)cc3)ccnc21,7.3
Cn1cc(C(=O)N2CCc3c(cnn3-c3ccccc3Cl)C2)c2ccccc21,7.4
Cn1ccc2cc(C(=O)N3CCc4c(cnn4-c4ccccc4Cl)C3)c(Cl)cc21,7.58
Cn1ccc2cc(C(=O)N3CCc4c(cnn4-c4ccccc4Cl)C3)ccc21,7.52
Cn1ccc2cc(C(=O)N3CCn4c(cnc4-c4ccc(F)cc4F)C3)c(Cl)cc21,7.3
Cn1cnc(-c2ccc(F)cc2)c1-c1ccncc1,6.37
Cn1cnc2c(N(C(N)=O)c3c(F)cccc3F)nc(-c3ccc(F)cc3)nc21,6.0
Cn1cnc2c(N(C(N)=O)c3c(F)cccc3F)nc(-c3ccc(F)cc3F)nc21,7.58
Cn1cnc2c(N(C(N)=O)c3c(F)cccc3F)nc(-c3cccc(Cl)c3)nc21,6.26
Cn1cnc2c(N(C(N)=O)c3c(F)cccc3F)nc(-c3ccccc3)nc21,6.29
Cn1cnc2c(N(C(N)=O)c3c(F)cccc3F)nc(-c3ccccc3Cl)nc21,7.52
Cn1cnc2c(N(C(N)=O)c3c(F)cccc3F)nc(-c3ccccc3F)nc21,7.44
Cn1nc(-c2ccc(F)cc2)c(-c2ccncc2)c1N,7.15
Cn1nc(-c2ccc3c(c2)OCO3)nc2c(=O)n(C)c(=O)nc1-2,6.3
Cn1nc(C(C)(C)C)cc1C(=O)C(=O)Nc1ccc(OCCN2CCOCC2)c2ccccc12,7.505
Cn1nc(C(C)(C)C)cc1NC(=O)C(=O)c1ccc(OCCN2CCOCC2)c2ccccc12,6.67
Cn1nc(C(C)(C)C)cc1NC(=O)Nc1cc(Br)cc(Br)c1,6.49
Cn1nc(C(C)(C)C)cc1NC(=O)Nc1ccc(CCc2ccnc(NC(=O)C3CC3)c2)cc1F,6.11
Cn1nc(C(C)(C)C)cc1NC(=O)Nc1ccc(CCc2ccncc2)cc1,6.37
Cn1nc(C(C)(C)C)cc1NC(=O)Nc1ccc(CSc2ccncc2)cc1,7.36
Cn1nc(C(C)(C)C)cc1NC(=O)Nc1ccc(Cc2ccc(N)cc2)cc1,6.54
Cn1nc(C(C)(C)C)cc1NC(=O)Nc1ccc(Cc2ccc(NC(=O)CCC(=O)O)cc2)cc1,6.7
Cn1nc(C(C)(C)C)cc1NC(=O)Nc1ccc(Cc2ccc(NC(=O)OC(C)(C)C)cc2)cc1,7.06
Cn1nc(C(C)(C)C)cc1NC(=O)Nc1ccc(Cc2ccncc2)cc1,6.6899999999999995
Cn1nc(C(C)(C)C)cc1NC(=O)Nc1ccc(Nc2ccncc2)cc1,6.38
Cn1nc(C(C)(C)C)cc1NC(=O)Nc1ccc(OCCN2CCOCC2)c2ccccc12,7.64
Cn1nc(C(C)(C)C)cc1NC(=O)Nc1ccc(OCc2ccncc2)cc1,6.58
Cn1nc(C(C)(C)C)cc1NC(=O)Nc1ccc(Oc2ccc(C(C)(C)C)cc2)cc1,6.74
Cn1nc(C(C)(C)C)cc1NC(=O)Nc1ccc(Oc2ccc(N)cc2)cc1,6.51
Cn1nc(C(C)(C)C)cc1NC(=O)Nc1ccc(Oc2ccc(OCc3ccccc3)cc2)cc1,6.96
Cn1nc(C(C)(C)C)cc1NC(=O)Nc1ccc(Oc2ccccc2)cc1,6.57
Cn1nc(C(C)(C)C)cc1NC(=O)Nc1ccc(SCc2ccncc2)cc1,6.85
Cn1nc(C(C)(C)C)cc1NC(=O)Nc1ccc(Sc2ccc(O)cc2)cc1,7.46
Cn1nc(C(C)(C)C)cc1NC(=O)Nc1ccc(Sc2ccncc2)cc1,7.89
Cn1nc(C(C)(C)C)cc1NC(=O)Nc1cccc(-c2ccccc2)c1,6.1
Cn1nc(C(C)(C)C)cc1NC(=O)Nc1cccc(Cl)c1Cl,7.28
Cn1nc(C(C)(C)C)cc1NC(=O)Nc1ncc(CCc2ccnc(NC(=O)C3CC3)c2)s1,6.57
Cn1nc(C(C)(C)C)cc1NC(=O)Nc1ncc(CCc2ccnc(NC(=O)C3CCC3)c2)s1,6.53
Cn1nc(NC(=O)Cc2ccccc2)c(-c2ccncc2)c1-c1ccc(F)cc1,8.24
FC(F)(F)Cc1nnc2ccc(-c3ocnc3-c3ccccc3)cn12,7.08
FC(F)(F)c1cccc(-c2n[nH]cc2-c2ccnc3ccccc23)c1,8.17
FC(F)c1nnc2ccc(-c3ocnc3-c3ccccc3)cn12,6.26
Fc1cc(F)c(-c2ncoc2-c2ccc3nnc(C4CC4)n3c2)cc1F,8.11
Fc1cc(F)c(-c2ncoc2-c2ccc3nnc(C4CCC4)n3c2)cc1F,8.04
Fc1ccc(-c2[nH]c(-c3ccccc3)nc2-c2ccncc2)cc1,6.81
Fc1ccc(-c2[nH]c(CCc3ccccc3)nc2-c2ccncc2)cc1,6.16
Fc1ccc(-c2[nH]cc(C3=C[C@@H]4CCCN4CC3)c2-c2ccncc2)cc1,7.47
Fc1ccc(-c2[nH]ccc2-c2ccncc2)cc1,6.38
Fc1ccc(-c2c(-c3ccncc3)[nH]c3cccnc23)cc1,8.19
Fc1ccc(-c2c(-c3ccncc3)[nH]c3cncnc23)cc1,6.05
Fc1ccc(-c2c(-c3ccncc3)[nH]c3nccnc23)cc1,7.28
Fc1ccc(-c2c(-c3ccncc3)n(CCN3CCCC3)c3cccnc23)cc1,6.66
Fc1ccc(-c2c(-c3ccncc3)n(CCN3CCOCC3)c3cccnc23)cc1,6.73
Fc1ccc(-c2c(-c3ccncc3)nn3c2OCCC3)cc1,6.34
Fc1ccc(-c2c(-c3ccncc3)oc3cccnc23)cc1,7.07
Fc1ccc(-c2cc(-c3ccc(Cl)cc3)oc2-c2ccncc2)cc1,6.28
Fc1ccc(-c2cc(-c3ccc(Cl)cc3Cl)[nH]c2-c2ccncc2)cc1,6.38
Fc1ccc(-c2cc(-c3ccc(F)cc3)c(-c3ccncc3)[nH]2)cc1,6.47
Fc1ccc(-c2cc(-c3cccc(Cl)c3)[nH]c2-c2ccncc2)cc1,6.38
Fc1ccc(-c2cc(-c3ccccc3)[nH]c2-c2ccncc2)cc1,6.1
Fc1ccc(-c2cc(C3CCCCC3)[nH]c2-c2ccncc2)cc1,6.75
Fc1ccc(-c2cc[nH]c2-c2ccncc2)cc1,6.8
Fc1ccc(-c2n[nH]c(C3CCCNC3)c2-c2ccncc2)cc1,7.32
Fc1ccc(-c2n[nH]c(C3CCNCC3)c2-c2ccncc2)cc1,7.6
Fc1ccc(-c2n[nH]c(CCCc3ccccc3)c2-c2ccncc2)cc1,9.02
Fc1ccc(-c2n[nH]cc2-c2ccncc2)cc1,7.17
Fc1ccc(-c2nc(-c3c(F)cccc3F)[nH]c2-c2ccncc2)cc1,8.17
Fc1ccc(-c2nc(-c3c(F)cccc3F)[nH]c2C2=CCOCC2)cc1,7.26
Fc1ccc(-c2nc(-c3c[nH]nn3)oc2-c2ccncc2)cc1,6.42
Fc1ccc(-c2nc(-c3ccc4ccccc4c3F)[nH]c2-c2ccncc2)cc1,7.14
Fc1ccc(-c2nc(-c3ccccc3)[nH]c2-c2ccnc3[nH]c(-c4ccccc4)cc23)cc1,7.8
Fc1ccc(-c2nc(-c3ccccc3)[nH]c2-c2ccnc3[nH]c(C4CCCCC4)cc23)cc1,7.82
Fc1ccc(-c2nc(-c3ccccc3)[nH]c2-c2ccnc3[nH]c(Cc4ccccc4)cc23)cc1,6.46
Fc1ccc(-c2nc(-c3ccccc3)[nH]c2-c2ccnc3[nH]c4ccccc4c23)cc1,6.82
Fc1ccc(-c2nc(-c3ccccc3)[nH]c2-c2ccnc3[nH]ccc23)cc1,6.97
Fc1ccc(-c2nc(-c3ccccc3)[nH]c2-c2ncnc3[nH]cnc23)cc1,6.13
Fc1ccc(-c2nc(-c3ccccc3F)[nH]c2-c2ccncc2)cc1,7.7
Fc1ccc(-c2nc(-c3ccccc3F)[nH]c2C2=CCOCC2)cc1,6.25
Fc1ccc(-c2nc(SCc3ccccc3)[nH]c2-c2ccnc(F)c2)cc1,6.59
Fc1ccc(-c2nc3n(c2-c2ccncc2)CCS3)cc1,6.245
Fc1ccc(-c2nc[nH]c2-c2ccncc2)cc1,7.1
Fc1ccc(-c2ncn(C3CCNCC3)c2-c2ccnc(Nc3ccccc3)n2)cc1,8.85
Fc1ccc(-c2ncn(C3CCNCC3)c2-c2ccnc(Oc3cc(F)cc(F)c3)n2)cc1,6.68
Fc1ccc(-c2ncn(C3CCNCC3)c2-c2ccnc(Oc3ccc(-c4ccccc4)cc3)n2)cc1,7.22
Fc1ccc(-c2ncn(C3CCNCC3)c2-c2ccnc(Oc3ccc(C(F)(F)F)cc3)n2)cc1,6.67
Fc1ccc(-c2ncn(C3CCNCC3)c2-c2ccnc(Oc3ccc(Cl)c(Cl)c3)n2)cc1,6.78
Fc1ccc(-c2ncn(C3CCNCC3)c2-c2ccnc(Oc3ccc(Cl)cc3)n2)cc1,6.94
Fc1ccc(-c2ncn(C3CCNCC3)c2-c2ccnc(Oc3ccc(F)c(F)c3)n2)cc1,6.68
Fc1ccc(-c2ncn(C3CCNCC3)c2-c2ccnc(Oc3ccc(OCc4ccccc4)cc3)n2)cc1,6.5
Fc1ccc(-c2ncn(C3CCNCC3)c2-c2ccnc(Oc3ccc(Oc4ccccc4)cc3)n2)cc1,6.89
Fc1ccc(-c2ncn(C3CCNCC3)c2-c2ccnc(Oc3ccc4c(c3)OCO4)n2)cc1,7.64
Fc1ccc(-c2ncn(C3CCNCC3)c2-c2ccnc(Oc3cccc(C(F)(F)F)c3)n2)cc1,6.88
Fc1ccc(-c2ncn(C3CCNCC3)c2-c2ccnc(Oc3cccc(F)c3)n2)cc1,7.02
Fc1ccc(-c2ncn(C3CCNCC3)c2-c2ccnc(Oc3ccccc3)n2)cc1,7.72
Fc1ccc(-c2ncn(C3CCNCC3)c2-c2ccnc(Oc3ccccc3F)n2)cc1,7.89
Fc1ccc(-c2ncn(C3CCNCC3)c2-c2ccncc2)cc1,7.22
Fc1ccc(-c2ncn(CC3CC3)c2-c2ccncc2)cc1,6.8
Fc1ccc(-c2ncn(CCCN3CCOCC3)c2-c2ccncn2)cc1,6.66
Fc1ccc(-c2ncoc2-c2ccc3nnc(-c4ccccc4)n3c2)cc1,7.91
Fc1ccc(-c2ncoc2-c2ccc3nnc(C4CC4)n3c2)c(F)c1,8.46
Fc1ccc(-c2ncoc2-c2ccc3nnc(C4CC4)n3c2)cc1,7.96
Fc1ccc(-c2ncoc2-c2ccc3nnc(C4CCC4)n3c2)c(F)c1,8.43
Fc1ccc(-c2ncoc2-c2ccc3nnc(C4CCC4)n3c2)cc1,7.75
Fc1ccc(-c2ncoc2-c2ccc3nnc(Cc4ccccc4)n3c2)cc1,7.7
Fc1ccc(-c2ncoc2-c2ccc3nnc(N4CCCC4)n3c2)cc1,7.81
Fc1ccc(-c2ncoc2-c2ccc3nnc(N4CCOCC4)n3c2)cc1,7.93
Fc1ccc(-c2ncoc2-c2ccc3nncn3c2)cc1,7.71
Fc1ccc(-c2ncoc2-c2ccncc2)cc1,6.029999999999999
Fc1ccc(-c2nn3c(Cl)cccc3c2-c2ccncc2)cc1,6.82
Fc1ccc(-c2nn3c(OC4CCCC4)cccc3c2-c2ccncc2)cc1,6.77
Fc1ccc(-c2nn3c(OCC(F)(F)F)cccc3c2-c2ccncc2)cc1,7.16
Fc1ccc(-c2nn3cc(C(F)(F)F)ccc3c2-c2ccncc2)cc1,6.7
Fc1ccc(-c2nn3cc(Cl)ccc3c2-c2ccncc2)cc1,6.82
Fc1ccc(-c2nn3cc(F)ccc3c2-c2ccncc2)cc1,6.8
Fc1ccc(-c2nn3cccc(F)c3c2-c2ccncc2)cc1,6.62
Fc1ccc(-c2nn3ccccc3c2-c2ccncc2)cc1,6.92
Fc1ccc(-c2nocc2-c2ccncc2)cc1,6.06
Fc1ccc(-c2occc2-c2ccncc2)cc1,6.13
Fc1ccc(-c2scc(CCCc3ccccc3)c2-c2ccncc2)cc1,6.14
Fc1ccc(F)c(-c2ncoc2-c2ccc3nnc(C4CC4)n3c2)c1,7.62
Fc1ccc(F)c(-c2ncoc2-c2ccc3nnc(C4CCC4)n3c2)c1,8.01
Fc1ccc(Nc2ccc3c(-c4ccc(F)cc4F)nncc3n2)c(F)c1,9.52
Fc1ccc(Nc2ccc3c(-c4cn[nH]c4)nncc3n2)c(F)c1,8.46
Fc1ccc(Nc2ccc3c(N4CCOCC4)nncc3n2)c(F)c1,8.4
Fc1ccc(Nc2nc3cnc(C4CCOCC4)nc3n2C2CCCC2)c(F)c1,6.64
Fc1ccc(Oc2ccc3c(-c4cn[nH]c4)nncc3n2)c(F)c1,8.29
Fc1ccc(Oc2ncc3c(NC4CCOCC4)n[nH]c3n2)c(F)c1,6.66
Fc1ccc(Oc2nccc(-c3c(-c4ccc(F)cc4)ncn3C3CCNCC3)n2)cc1,6.52
Fc1ccccc1-c1ncoc1-c1ccc2ncsc2c1,7.33
N#CCc1cnc(-c2ccc3ccccc3c2)n1-c1ccnc(N[C@H]2CCCN(C(=O)C3CC3)C2)n1,6.51
N#CCn1c(=O)c(Oc2ccc(F)cc2F)cc2cnc(NC3CCOCC3)nc21,8.7
N#CN1CC[C@H](C(=O)Nc2nc3c(s2)CN(C(=O)CN=[N+]=[N-])CC3)C1,6.5
N#Cc1c(-c2ccc(Cl)c(Cl)c2)cc(-c2ccc(Br)cc2)[nH]c1=N,6.92
N#Cc1c(Oc2ccc(F)c(NC(=O)Cc3cccc(C(F)(F)F)c3)c2)ccc2nc(NC(=O)C3CC3)sc12,6.22
N#Cc1cc(NC(=O)C(=O)c2ccc(OCCN3CCOCC3)c3ccccc23)cc(N2CCOCC2)c1,7.55
N#Cc1ccc(-c2cc(-c3ccc(F)cc3)c(-c3ccncc3)[nH]2)cc1,7.3
N#Cc1ccc(Oc2nccc(-c3c(-c4ccc(F)cc4)ncn3C3CCNCC3)n2)cc1,6.75
N#Cc1ccc2c(-c3ccncc3)c(-c3ccc(F)cc3)nn2c1,6.85
N#Cc1cccc(Cc2nc(-c3ccc(F)cc3)c(-c3ccnc(N)n3)[nH]2)c1,7.55
N#Cc1cccc(Cc2nc(-c3ccc(F)cc3)c(-c3ccnc(NC4CC4)n3)[nH]2)c1,7.26
N#Cc1cccc(Cn2cnc(-c3ccc(F)cc3)c2-c2ccnc(N)n2)c1,7.0
N#Cc1cccc(Cn2cnc(-c3ccc(F)cc3)c2-c2ccnc(NC3CC3)n2)c1,7.2
N#Cc1ccccc1Oc1ccc(C(=O)NCc2ccccc2)cc1,6.1
N#Cc1ccn2c(-c3ccncc3)c(-c3ccc(F)cc3)nc2c1,6.5
NC(=O)C1(NC(=O)c2ccc(CNC(=O)c3cnn(-c4ccccc4)c3N)cc2)CC1,6.32
NC(=O)C1Cc2nc(-c3ccc(Cl)c(Cl)c3)n(-c3ccnc(N[C@@H]4CCCN(C(=O)C5CC5)C4)n3)c2C1,7.15
NC(=O)C1Cc2nc(-c3ccc(Cl)c(Cl)c3)n(-c3ccnc(N[C@H]4CCCN(C(=O)C5CC5)C4)n3)c2C1,6.67
NC(=O)CCNC(=O)c1ccc2c(c1)C(=O)c1ccc(Nc3ccc(F)cc3F)cc1CC2,8.21
NC(=O)CCc1ccccc1Oc1nccc(-c2c(-c3ccc(F)cc3)ncn2C2CCNCC2)n1,6.82
NC(=O)Cc1cccc(-n2nc(-c3ccccc3)cc2NC(=O)Nc2cccc(Cl)c2Cl)c1,7.01
NC(=O)Cc1cccc(-n2nc(-c3ccccc3F)cc2NC(=O)Nc2cccc(Cl)c2Cl)c1,7.5
NC(=O)Cc1cccc(-n2nc(-c3cccs3)cc2NC(=O)Nc2cccc(Cl)c2Cl)c1,7.25
NC(=O)Cc1cccc(-n2nc(-c3ccsc3)cc2NC(=O)Nc2cccc(Cl)c2Cl)c1,7.6850000000000005
NC(=O)Cc1cccc(-n2nc(C3CCCC3)cc2NC(=O)Nc2cccc(Cl)c2Cl)c1,8.15
NC(=O)Cc1ccccc1Oc1nccc(-c2c(-c3ccc(F)cc3)ncn2C2CCNCC2)n1,6.87
NC(=O)N(c1c(F)cccc1F)c1nc(-c2ccccc2F)nc2c1ncn2Cc1ccccc1,7.8
NC(=O)N(c1nc(-c2ccc(F)cc2)cs1)c1c(Cl)cccc1Cl,6.08
NC(=O)Oc1cc(Cl)c(N2C(=O)NCc3nc(Sc4ccc(F)cc4)ccc32)c(Cl)c1,7.64
NC(=O)[C@H](CC1CCCCC1)NC(=O)c1cnc(CNC(=O)c2cnn(-c3ccccc3)c2N)s1,7.35
NC(=O)[C@H](CCC1CCCCC1)NC(=O)[C@H]1CC[C@H](CNC(=O)c2cnn(-c3ccccc3)c2N)CC1,7.36
NC(=O)[C@H](CCC1CCCCC1)NC(=O)c1ccc(CNC(=O)c2cnn(-c3ccccc3)c2N)cc1,7.42
NC(=O)[C@H](CCC1CCCCC1)NC(=O)c1cnc(CNC(=O)c2cnn(-c3ccccc3)c2)s1,7.51
NC(=O)c1c(OCc2c(F)cc(Br)cc2F)nsc1NC(=O)NCCCCN1CCCC1,6.5
NC(=O)c1ccc(CNC(=O)c2cnn(-c3ccccc3)c2N)cc1,6.59
NC(=O)c1ccc(N(C(N)=O)c2c(F)cccc2F)nc1-c1ccc(F)cc1F,8.29
NC(=O)c1ccc(Oc2nccc(-c3c(-c4ccc(F)cc4)ncn3C3CCNCC3)n2)cc1,7.05
NC(=O)c1ccc2c(c1)C(=O)c1ccc(Nc3cc(NC(=O)C4CC4)c(F)cc3F)cc1CC2,9.05
NC(=O)c1ccc2c(c1)C(=O)c1ccc(Nc3cc(NC(=O)c4ccccc4)c(F)cc3F)cc1CC2,8.04
NC(=O)c1ccc2c(c1)C(=O)c1ccc(Nc3cc(NC(=O)c4cccs4)c(F)cc3F)cc1CC2,8.21
NC(=O)c1ccc2c(c1)C(=O)c1ccc(Nc3cc(NC(=O)c4cccs4)c(F)cc3F)cc1OC2,8.005
NC(=O)c1ccc2c(c1)C(=O)c1ccc(Nc3ccc(F)c(NC(=O)c4ccccc4)c3)cc1CC2,8.28
NC(=O)c1ccc2c(c1)C(=O)c1ccc(Nc3ccc(F)c(NC(=O)c4ccccc4)c3)cc1OC2,8.85
NC(=O)c1ccc2c(c1)C(=O)c1ccc(Nc3ccc(F)c(NC(=O)c4cccs4)c3)cc1CC2,8.125
NC(=O)c1ccc2c(c1)C(=O)c1ccc(Nc3ccc(F)c(NC(=O)c4cccs4)c3)cc1OC2,8.59
NC(=O)c1ccc2c(c1)C(=O)c1ccc(Nc3ccc(F)cc3F)cc1CC2,7.859999999999999
NC(=O)c1ccc2c(c1)C(=O)c1ccc(Nc3ccccc3N)cc1CC2,8.21
NC(=O)c1cccc(-c2[nH]nc3cc(Nc4ccccc4Cl)ccc23)c1,8.49
NC(=O)c1cccc(Cc2nc(-c3ccc(F)cc3)c(-c3ccnc(NC4CC4)n3)[nH]2)c1,7.51
NC(=O)c1cccc(Cn2cnc(-c3ccc(F)cc3)c2-c2ccnc(N)n2)c1,6.46
NC(=O)c1cccc(Cn2cnc(-c3ccc(F)cc3)c2-c2ccnc(NC3CC3)n2)c1,7.56
NC(=O)c1cccc(Oc2nccc(-c3c(-c4ccc(F)cc4)ncn3C3CCNCC3)n2)c1,7.25
NC(=O)c1ccccc1NC(=O)Nc1ccc(Cl)c(Cl)c1,7.0
NC(=O)c1nc(-c2ccc(F)c(C(F)(F)F)c2)c(-c2ccnc(NC(=O)C3CC3)c2)[nH]1,7.8
NC(=O)c1nc(-c2ccc(F)cc2)c(-c2ccnc(NC(=O)C3CC3)c2)[nH]1,7.72
NC(=O)c1nc(-c2ccccc2O)c(-c2ccnc(NC(=O)C3CC3)c2)[nH]1,6.8
NC(=O)c1nc(-c2ccns2)c2ccccn12,6.43
NC(CO)C(=O)NCCOc1cc(-c2ccccc2Cl)c2ccc(=O)n(-c3c(Cl)cccc3Cl)c2c1,8.0
NC(COc1cncc(-c2ccc3c(c2)C(=Cc2ccc[nH]2)C(=O)N3)c1)Cc1ccccc1,6.2
NC1(C(=O)NCCOc2cc(-c3ccccc3Cl)c3ccc(=O)n(-c4c(Cl)cccc4Cl)c3c2)CC1,7.41
NC1CCC(Nc2nccc(N(CC3CCNCC3)C(=O)c3ccc4c(c3)CCO4)n2)CC1,6.4
NCC(=O)NCCCN(c1ccc(=O)n(-c2ccccc2Cl)n1)c1ccccc1Cl,7.7
NCC(=O)NCCOc1cc(-c2ccccc2Cl)c2ccc(=O)n(-c3c(Cl)cccc3Cl)c2c1,8.309999999999999
NCCC#Cc1cc(-c2ccncc2)c(-c2ccc(F)cc2)s1,6.34
NCCC(=O)NCCOc1cc(-c2ccccc2Cl)c2ccc(=O)n(-c3c(Cl)cccc3Cl)c2c1,8.065
NCCCCN(C(=O)c1ccc2c(c1)CCO2)c1ccnc(NC2CCC(O)CC2)n1,7.96
NCCCN(c1ccc(=O)n(-c2ccccc2Cl)n1)c1ccccc1Cl,6.71
NCCNC(=O)c1ccc2c(c1)C(=O)c1ccc(Nc3ccc(F)cc3F)cc1CC2,8.6
NCCNC(=O)c1ccc2c(c1)C(=O)c1ccc(Nc3ccccc3N)cc1CC2,8.28
NCC[C@H](NCCCOc1cc(F)c(-n2c(N)c(C(=O)c3ccc(F)cc3F)ccc2=O)c(F)c1)C(=O)OC1CCCC1,8.65
NS(=O)(=O)N1CCC(c2[nH]nc(-c3ccc(Cl)cc3)c2-c2ccncc2)CC1,7.85
N[C@@H](CCCCNC(=O)c1ccc2c(c1)C(=O)c1ccc(Nc3ccc(F)cc3F)cc1CC2)C(=O)O,8.46
N[C@H]1CC[C@H](Nc2ncc3nc(Nc4c(F)cc(F)cc4F)n(C4CCCC4)c3n2)CC1,6.31
N[C@H]1CC[C@H](Nc2ncc3nc(Nc4c(F)cccc4F)n(C4CCCC4)c3n2)CC1,6.31
N[C@H]1CC[C@H](Nc2ncc3nc(Nc4ccc(F)cc4F)n(C4CCCC4)c3n2)CC1,6.66
N[C@H]1CC[C@H](Nc2ncc3nc(Nc4ccccc4F)n(C4CCCC4)c3n2)CC1,6.68
Nc1[nH]nc(-c2ccc(F)cc2)c1-c1ccncc1,7.01
Nc1c(-c2ccc(NC(=O)Nc3cccc(C(F)(F)F)c3)cc2)ccc2nccnc12,6.5
Nc1c(C(=O)NCc2ccc(C(=O)NC3CC3)cc2)cnn1-c1ccccc1,6.6
Nc1c(C(=O)NCc2ccc(C(=O)NCCCC3CCCCC3)cc2)cnn1-c1ccccc1,8.3
Nc1c(C(=O)NCc2ccc(C(=O)N[C@@H](CCC3CCCCC3)C(=O)N3CCN(c4nc5ccccc5o4)CC3)cc2)cnn1-c1ccccc1,6.33
Nc1c(C(=O)NCc2ccc(C(=O)N[C@@H](CCC3CCCCC3)C(=O)N3CCNCC3)cc2)cnn1-c1ccccc1,7.09
Nc1c(C(=O)NCc2ccc(C(=O)N[C@@H](CCC3CCCCC3)C(=O)N3CCOCC3)cc2)cnn1-c1ccccc1,7.35
Nc1c(C(=O)NCc2ccc(C(=O)N[C@@H](CCC3CCCCC3)C(=O)NC3CCCCC3)cc2)cnn1-c1ccccc1,7.33
Nc1c(C(=O)NCc2ccc(C(=O)N[C@@H](CCC3CCCCC3)C(=O)NC3CCCN(C(=O)C4CC4)C3)cc2)cnn1-c1ccccc1,7.04
Nc1c(C(=O)NCc2ccc(C(=O)N[C@@H](CCC3CCCCC3)C(=O)NC3CCCN(C4COC4)C3)cc2)cnn1-c1ccccc1,7.24
Nc1c(C(=O)NCc2ccc(C(=O)N[C@@H](CCC3CCCCC3)C(=O)NCCc3ccc(Cl)cc3)cc2)cnn1-c1ccccc1,6.84
Nc1c(C(=O)NCc2ccc(C(=O)N[C@@H](CCC3CCCCC3)C(=O)NCc3ccc(Cl)cc3)cc2)cnn1-c1ccccc1,6.54
Nc1c(C(=O)NCc2ccc(C(=O)N[C@@H](CCC3CCCCC3)C(=O)NCc3ccccc3)cc2)cnn1-c1ccccc1,6.26
Nc1c(C(=O)NCc2ccc(C(=O)N[C@@H](CCC3CCCCC3)C(=O)NCc3ccccn3)cc2)cnn1-c1ccccc1,7.6
Nc1c(C(=O)NCc2ccc(C(=O)N[C@@H](CCC3CCCCC3)C(=O)NCc3cccnc3)cc2)cnn1-c1ccccc1,7.48
Nc1c(C(=O)NCc2ccc(C(=O)N[C@@H](CCC3CCCCC3)C(=O)NCc3cccs3)cc2)cnn1-c1ccccc1,7.09
Nc1c(C(=O)NCc2ccc(C(=O)N[C@@H](CCC3CCCCC3)C(=O)NCc3ccncc3)cc2)cnn1-c1ccccc1,7.66
Nc1c(C(=O)NCc2ccc(C(=O)N[C@@H](CCC3CCCCC3)C(=O)Nc3cc(F)cc(F)c3)cc2)cnn1-c1ccccc1,7.39
Nc1c(C(=O)NCc2ccc(C(=O)N[C@@H](CCC3CCCCC3)C(=O)Nc3ccc(Br)cc3)cc2)cnn1-c1ccccc1,7.03
Nc1c(C(=O)NCc2ccc(C(=O)N[C@@H](CCC3CCCCC3)C(=O)Nc3ccc(Cl)cc3)cc2)cnn1-c1ccccc1,6.97
Nc1c(C(=O)NCc2ccc(C(=O)N[C@@H](CCC3CCCCC3)C(=O)Nc3ccc(F)cc3)cc2)cnn1-c1ccccc1,7.66
Nc1c(C(=O)NCc2ncc(C(=O)NC3CC3)s2)cnn1-c1ccccc1,8.05
Nc1c(C(=O)c2ccc(-c3cccnc3)cc2)cnn1-c1ccc(F)cc1,6.39
Nc1c(C(=O)c2ccc(F)cc2F)cc[n+]([O-])c1-c1c(Cl)cccc1Cl,8.05
Nc1c(C(=O)c2ccc(F)cc2F)cc[n+]([O-])c1-c1c(F)cccc1F,7.77
Nc1c(C(=O)c2ccc(F)cc2F)cc[n+]([O-])c1-c1ccc(Cl)cc1,6.1
Nc1c(C(=O)c2ccc(F)cc2F)cc[n+]([O-])c1-c1ccc(F)cc1F,6.9
Nc1c(C(=O)c2ccc(F)cc2F)cc[n+]([O-])c1-c1cccc(Cl)c1,6.64
Nc1c(C(=O)c2ccc(F)cc2F)cc[n+]([O-])c1-c1cccc2c1OCO2,7.62
Nc1c(C(=O)c2ccc(F)cc2F)cc[n+]([O-])c1-c1ccccc1Cl,7.41
Nc1c(C(=O)c2ccc(F)cc2F)ccc(=O)n1-c1c(F)cc(CCN[C@@H](C(=O)OC2CCCC2)c2ccccc2)cc1F,7.33
Nc1c(C(=O)c2ccc(F)cc2F)ccc(=O)n1-c1c(F)cc(CCN[C@H](C(=O)OC2CCCC2)c2ccccc2)cc1F,8.095
Nc1c(C(=O)c2ccc(F)cc2F)ccc(=O)n1-c1c(F)cc(OCCC[C@H](N)C(=O)O)cc1F,9.0
Nc1c(C(=O)c2ccc(F)cc2F)ccc(=O)n1-c1c(F)cc(OCCC[C@H](N)C(=O)OC2CCCC2)cc1F,8.19
Nc1c(C(=O)c2ccc(F)cc2F)ccc(=O)n1-c1c(F)cccc1F,8.73
Nc1c(C(=O)c2cccc(-c3ccc[n+]([O-])c3)c2)cnn1-c1ccc(F)cc1F,6.9350000000000005
Nc1c(C(=O)c2cccc(-c3cccnc3)c2)cnn1-c1ccc(F)cc1,6.720000000000001
Nc1c(C(=O)c2cccc(-c3cccnc3)c2)cnn1-c1ccc(F)cc1F,7.075
Nc1c(C(=O)c2cccc(-c3ccncc3)c2)cnn1-c1ccc(F)cc1F,7.015
Nc1c(C(=O)c2cccc(C#CCN3CCCCC3)c2)cnn1-c1ccc(F)cc1,6.55
Nc1c(C(=O)c2cccc(C#CCN3CCOCC3)c2)cnn1-c1ccc(F)cc1,6.324999999999999
Nc1c(C(=O)c2cccc(C#CCO)c2)cnn1-c1ccc(F)cc1,6.035
Nc1c(C(=O)c2cccc(CCC3(O)CCCC3)c2)cnn1-c1ccc(F)cc1,6.64
Nc1c(C(=O)c2cccc(CCO)c2)cnn1-c1ccc(F)cc1,6.16
Nc1c(C(=O)c2cccc(OCCN3CCOCC3)c2)cnn1-c1ccc(F)cc1,6.165
Nc1c(C(=O)c2cccc(OC[C@@H](O)CO)c2)cnn1-c1ccc(F)cc1,6.4
Nc1c(C(=O)c2cccc(OC[C@H](O)CO)c2)cnn1-c1ccc(F)cc1,6.12
Nc1c(C(=O)c2ccccc2)cc[n+]([O-])c1-c1ccccc1,6.01
Nc1c(C(=O)c2ccccc2)cc[n+]([O-])c1-c1ccccc1Cl,6.76
Nc1c(C(=O)c2ccccc2)cnn1-c1ccc(F)cc1,6.48
Nc1c(C(=O)c2ccccc2Cl)cc[n+]([O-])c1-c1ccccc1Cl,7.62
Nc1cc(-c2ccccc2Cl)c2c(c1)N(c1c(Cl)cccc1Cl)C(=O)NC2,8.22
Nc1cc(F)ccc1Nc1ccc2c(c1)CCc1ccccc1C2=O,6.89
Nc1cc(F)ccc1Nc1ccc2c(c1)OCc1c(OCCN3CCOCC3)cccc1C2=O,7.14
Nc1cc(F)ccc1Nc1ccc2c(c1)OCc1ccccc1C2=O,7.41
Nc1cc(F)ccc1Sc1ccc2c(-c3c(Cl)cccc3Cl)c(=O)ncn2n1,6.55
Nc1cc(F)ccc1Sc1ccc2c(n1)CNC(=O)N2c1c(Cl)cccc1Cl,6.7
Nc1cc(Oc2ccc(NC(=O)Nc3cccc(C(F)(F)F)c3)cc2)ncn1,6.0
Nc1ccc(-c2cc(-c3ccc(F)cc3)c(-c3ccncc3)[nH]2)cc1,6.72
Nc1ccc(Nc2cc(-c3[nH]cnc3-c3ccc(F)cc3)ccn2)cc1,8.12
Nc1ccc2c(c1)C(=O)c1ccc(Nc3cc(F)c(F)cc3F)cc1OC2,6.12
Nc1ccc2c(c1)C(=O)c1ccc(Nc3ccc(F)cc3)cc1OC2,6.115
Nc1ccc2c(c1)C(=O)c1ccc(Nc3ccc(F)cc3F)cc1OC2,6.54
Nc1ccc2c(c1)C(=O)c1ccc(Nc3ccc(F)cc3N)cc1OC2,6.375
Nc1ccc2c(c1)C(=O)c1ccc(Nc3ccccc3F)cc1OC2,6.15
Nc1ccc2c(c1)C(=O)c1ccc(Nc3ccccc3N)cc1OC2,6.43
Nc1ccc2c(c1)C(=O)c1ccc(Oc3ccc(F)cc3F)cc1OC2,6.12
Nc1cccc(Nc2ccc3c(c2)OCc2ccc(OCCN4CCOCC4)cc2C3=O)c1,6.505
Nc1ccccc1Nc1ccc(C(=O)c2ccccc2)c(Cl)c1,6.86
Nc1ccccc1Nc1ccc(C(=O)c2ccccc2)cc1,6.84
Nc1ccccc1Nc1ccc(C(=O)c2ccccc2-c2ccccc2)cc1,6.09
Nc1ccccc1Nc1ccc(C(=O)c2ccccc2Br)cc1,7.27
Nc1ccccc1Nc1ccc2c(=O)c3cc(OCCN4CCOCC4)ccc3ccc2c1,7.24
Nc1ccccc1Nc1ccc2c(c1)CCc1cc(OC[C@H](O)CO)ccc1C2=O,6.369999999999999
Nc1ccccc1Nc1ccc2c(c1)CCc1ccc(C(=O)NC(CO)CO)cc1C2=O,7.82
Nc1ccccc1Nc1ccc2c(c1)CCc1ccc(C(=O)NCC(O)CO)cc1C2=O,7.82
Nc1ccccc1Nc1ccc2c(c1)CCc1ccc(C(=O)NCCC(=O)O)cc1C2=O,9.01
Nc1ccccc1Nc1ccc2c(c1)CCc1ccc(C(=O)NCCCC[C@H](N)C(=O)O)cc1C2=O,7.77
Nc1ccccc1Nc1ccc2c(c1)CCc1ccc(C(=O)NCCN3CCNCC3)cc1C2=O,7.75
Nc1ccccc1Nc1ccc2c(c1)CCc1ccc(C(=O)NCCN3CCOCC3)cc1C2=O,7.75
Nc1ccccc1Nc1ccc2c(c1)CCc1ccc(C(=O)NCCO)cc1C2=O,7.85
Nc1ccccc1Nc1ccc2c(c1)CCc1ccc(C(=O)NCCc3ccccc3)cc1C2=O,7.7
Nc1ccccc1Nc1ccc2c(c1)CCc1ccc(C(=O)NCCc3cnc[nH]3)cc1C2=O,7.58
Nc1ccccc1Nc1ccc2c(c1)CCc1ccc(C(=O)N[C@@H](CCC(=O)O)C(=O)O)cc1C2=O,7.57
Nc1ccccc1Nc1ccc2c(c1)CCc1ccc(OC[C@@H](O)CO)cc1C2=O,7.435
Nc1ccccc1Nc1ccc2c(c1)CCc1ccc(OC[C@H](O)CO)cc1C2=O,7.7
Nc1ccccc1Nc1ccc2c(c1)CCc1ccccc1C2=O,7.0
Nc1ccccc1Nc1ccc2c(c1)CCc1cccnc1C2=O,6.36
Nc1ccccc1Nc1ccc2c(c1)CCc1ncccc1C2=O,6.51
Nc1ccccc1Nc1ccc2c(c1)OCc1ccc(OCCN3CCOCC3)cc1C2=O,6.64
Nc1ccccc1Nc1ccc2c(c1)OCc1ccccc1C2=O,6.52
Nc1ccccc1Nc1ccc2c(c1)SCc1ccccc1C2=O,6.71
Nc1n[nH]c2nc(Oc3ccc(F)cc3F)ncc12,6.0
Nc1n[nH]c2nnc(-c3c(-c4ccccc4)nn4ccccc34)cc12,6.51
Nc1nc(-c2ccccc2Cl)c2c(n1)N(c1c(Cl)cccc1Cl)C(=O)NC2,8.28
Nc1nc(F)c(F)c(-c2cc(-c3ccncc3)c(-c3ccc(F)cc3)s2)c1F,6.43
Nc1nc(N)c(F)c(-c2cc(-c3ccncc3)c(-c3ccc(F)cc3)s2)c1F,6.5649999999999995
Nc1nc(Nc2ccccc2)sc1C(=O)c1ccccc1,6.14
Nc1nc2c(ncn2[C@@H]2O[C@H](COC(=O)c3cc[nH]c3)[C@@H](O)[C@H]2O)c(=O)[nH]1,6.0
Nc1nc2c(ncn2[C@@H]2O[C@H](COC(=O)c3ccc[nH]3)[C@@H](O)[C@H]2O)c(=O)[nH]1,6.02
Nc1nc2ccc(-c3[nH]c(-c4c(F)cccc4F)nc3-c3ccccc3)cc2[nH]1,6.88
Nc1nc2ccc(-c3[nH]c(-c4c(F)cccc4F)nc3-c3ccccc3)cc2n1-c1ccccc1,6.8
Nc1nc2ccc(-c3ocnc3-c3ccccc3F)cc2s1,7.8
Nc1ncc(-c2cc(-c3ccccc3Cl)nc(-c3ccccn3)n2)s1,6.94
Nc1ncc(-c2cnn(CCO)c2)c2scc(-c3ccc(NC(=O)Nc4ccc(OC(F)F)cc4)cc3)c12,6.7
Nc1ncc(NC(=O)c2cc(NC(=O)c3cccc(C(F)(F)F)c3)ccc2Cl)cc1Cl,8.3
Nc1nccc(-c2c(-c3ccc(F)cc3)ncn2C2CCC(=O)CC2)n1,6.8
Nc1nccc(-c2c(-c3ccc(F)cc3)ncn2C2CCCCC2)n1,6.72
Nc1nccc(-c2c(-c3ccc(F)cc3)ncn2C2CCN(CC(F)(F)F)CC2)n1,7.38
Nc1nccc(-c2c(-c3ccc(F)cc3)ncn2C2CCN(Cc3ccccc3)CC2)n1,8.07
Nc1nccc(-c2c(-c3ccc(F)cc3)ncn2C2CCNCC2)n1,7.71
Nc1nccc(-c2c(-c3ccc(F)cc3)ncn2C2CCOCC2)n1,6.64
Nc1nccc(-c2c(-c3ccc(F)cc3)ncn2C2CCS(=O)(=O)CC2)n1,6.41
Nc1nccc(-c2c(-c3ccc(F)cc3)ncn2CC2CC2)n1,7.6
Nc1nccc(-c2c(-c3ccc(F)cc3)ncn2CCCN2CCOCC2)n1,6.32
Nc1nccc(-c2c(-c3ccc(F)cc3)ncn2[C@H]2CC[C@H](O)CC2)n1,7.08
Nc1ncnc2c1ncn2[C@@H]1O[C@H](COC(=O)c2ccc[nH]2)[C@@H](O)[C@H]1O,6.0
Nc1onc(-c2ccc(F)cc2)c1-c1ccncc1,6.98
Nc1onc(-c2ccc(F)cc2)c1-c1ccncn1,6.1
O=C(CC1CCCN1)NCCCN(c1ccc(=O)n(-c2ccccc2Cl)n1)c1ccccc1Cl,7.96
O=C(CCCc1ccccc1)Nc1onc(-c2ccc(F)cc2)c1-c1ccncc1,6.57
O=C(CCc1ccccc1)Nc1onc(-c2ccc(F)cc2)c1-c1ccncc1,7.63
O=C(CO)N1CCC(c2[nH]nc(-c3ccc(Cl)cc3)c2-c2ccncc2)CC1,6.96
O=C(CO)N1CCC(c2n[nH]c(-c3ccc(Cl)cc3)c2-c2ccncn2)CC1,6.96
O=C(CO)Nc1cc(Oc2ccc(NC(=O)Nc3cc(C4CC4)ccc3F)c(F)c2)ccn1,7.55
O=C(Cc1c(F)cccc1Cl)Nc1onc(-c2ccc(F)cc2)c1-c1ccncn1,7.96
O=C(Cc1ccc(F)cc1)Nc1cc(-c2[nH]c(SCc3ccccc3)nc2-c2ccc(F)cc2)ccn1,8.52
O=C(Cc1ccc(F)cc1)Nc1cc(-c2c(-c3ccc(F)cc3)nc3n2CCS3)ccn1,7.34
O=C(Cc1cccc(Oc2nccc(-c3c(-c4ccc(F)cc4)ncn3C3CCNCC3)n2)c1)NN1CCCCC1,6.34
O=C(Cc1cccc(Oc2nccc(-c3c(-c4ccc(F)cc4)ncn3C3CCNCC3)n2)c1)NN1CCNCC1,6.34
O=C(Cc1ccccc1)Nc1[nH]nc(-c2ccc(F)cc2)c1-c1ccncc1,7.78
O=C(Cc1ccccc1)Nc1cc(-c2c(-c3ccc(F)cc3)nc3n2CCS3)ccn1,7.34
O=C(Cc1ccccc1)Nc1onc(-c2c(Cl)cccc2Cl)c1-c1ccncn1,6.0
O=C(Cc1ccccc1)Nc1onc(-c2c(F)cccc2F)c1-c1ccncn1,6.53
O=C(Cc1ccccc1)Nc1onc(-c2ccc(F)cc2)c1-c1ccncc1,7.64
O=C(Cc1ccccc1)Nc1onc(-c2ccc(F)cc2)c1-c1ccncn1,7.34
O=C(Cc1ccccc1)Nc1onc(-c2ccccc2Cl)c1-c1ccncn1,6.85
O=C(Cc1ccccc1Cl)Nc1onc(-c2ccc(Cl)cc2)c1-c1ccncn1,7.97
O=C(Cc1ccccc1Cl)Nc1onc(-c2ccc(F)cc2)c1-c1ccncn1,8.16
O=C(Cc1ccccc1Cl)Nc1onc(-c2ccc(F)cc2F)c1-c1ccncn1,8.56
O=C(Cc1ccccc1F)Nc1onc(-c2ccc(F)cc2)c1-c1ccncn1,7.48
O=C(NC(CO)(CO)CO)c1ccc2c(c1)C(=O)c1ccc(Nc3cc(NC(=O)c4cccs4)c(F)cc3F)cc1OC2,7.744999999999999
O=C(NC(CO)(CO)CO)c1ccc2c(c1)C(=O)c1ccc(Nc3ccc(F)cc3F)cc1CC2,8.52
O=C(NC(CO)CO)c1ccc2c(c1)C(=O)c1ccc(Nc3cc(NC(=O)c4cccs4)c(F)cc3F)cc1OC2,7.5600000000000005
O=C(NC(CO)CO)c1ccc2c(c1)C(=O)c1ccc(Nc3ccc(F)c(NC(=O)C4CC4)c3)cc1OC2,7.46
O=C(NC(CO)CO)c1ccc2c(c1)C(=O)c1ccc(Nc3ccc(F)cc3F)cc1CC2,7.91
O=C(NC1(c2ccccc2)CC1)c1ccc2c(c1)C(=O)c1ccc(Nc3ccc(F)cc3F)cc1CC2,8.6
O=C(NC1CC1)c1cc(-n2ncc3cc(Nc4ccccc4Cl)c(F)cc32)cs1,7.85
O=C(NC1CC1)c1ccc(Cl)c(-c2ccc3c(c2)NC(=O)C32CCCC2)c1,8.7
O=C(NC1CC1)c1ccc(Cl)c(Nc2nncc3c2cnn3-c2c(F)cccc2F)c1,8.85
O=C(NC1CC1)c1ccc(Cl)c(Nc2nncc3c2cnn3-c2cc(F)ccc2F)c1,8.68
O=C(NC1CC1)c1ccc(Cl)c(Nc2nncc3c2cnn3-c2ccc(F)cc2)c1,8.07
O=C(NC1CC1)c1ccc(Cl)c(Nc2nncc3c2cnn3-c2ccc(F)cc2F)c1,8.48
O=C(NC1CC1)c1ccc(Cl)c(Nc2nncc3c2cnn3-c2cccc(F)c2)c1,8.3
O=C(NC1CC1)c1ccc(Cl)c(Nc2nncc3c2cnn3-c2ccccc2Cl)c1,8.8
O=C(NC1CC1)c1ccc(Cl)c(Oc2nncc3c2cnn3-c2ccc(F)cc2F)c1,7.44
O=C(NC1CC1)c1ccc(F)c(Nc2nncc3c2cnn3-c2ccc(F)cc2F)c1,7.37
O=C(NC1CC1)c1cccc(-c2cc3c(cc2Cl)C2(CCCC2)C(=O)N3)c1,8.1
O=C(NC1CC1)c1cccc(-c2ccc3c(N4CCOCC4)nncc3c2)c1,6.74
O=C(NC1CC1)c1cccc(-c2ccc3c(c2)NC(=O)C32CCCC2)c1,6.89
O=C(NC1CC1)c1cccc(Nc2ccc3c(c2)CCc2ccccc2C3=O)c1,6.7
O=C(NC1CCNCC1)c1cccc(-c2n[nH]c3cc(Nc4ccccc4Cl)ccc23)c1,8.379999999999999
O=C(NC1CCOCC1)c1cc(-n2ncc3cc(Nc4ccccc4Cl)c(F)cc32)cs1,7.33
O=C(NC1COC1)c1cc(-n2ncc3cc(Nc4ccccc4Cl)c(F)cc32)cs1,6.4
O=C(NC1COC1)c1cc(-n2ncc3cc(Nc4ccccc4Cl)cnc32)cs1,6.58
O=C(NC1COC1)c1cc(-n2ncc3cc(Nc4ccccc4Cl)ncc32)cs1,7.07
O=C(NCC(F)(F)F)c1ccc2c(c1)C(=O)c1ccc(Nc3ccc(F)cc3F)cc1CC2,8.46
O=C(NCC(F)F)c1cc(-n2ncc3cc(Nc4ccccc4Cl)c(F)cc32)cs1,7.34
O=C(NCC(O)CO)c1ccc2c(c1)C(=O)c1ccc(Nc3cc(NC(=O)C4CC4)c(F)cc3F)cc1CC2,8.38
O=C(NCC(O)CO)c1ccc2c(c1)C(=O)c1ccc(Nc3cc(NC(=O)c4ccccc4)c(F)cc3F)cc1CC2,8.465
O=C(NCC(O)CO)c1ccc2c(c1)C(=O)c1ccc(Nc3cc(NC(=O)c4cccs4)c(F)cc3F)cc1CC2,7.685
O=C(NCC(O)CO)c1ccc2c(c1)C(=O)c1ccc(Nc3cc(NC(=O)c4cccs4)c(F)cc3F)cc1OC2,8.57
O=C(NCC(O)CO)c1ccc2c(c1)C(=O)c1ccc(Nc3ccc(F)c(NC(=O)C4CC4)c3)cc1CC2,8.17
O=C(NCC(O)CO)c1ccc2c(c1)C(=O)c1ccc(Nc3ccc(F)c(NC(=O)c4ccccc4)c3)cc1CC2,8.305
O=C(NCC(O)CO)c1ccc2c(c1)C(=O)c1ccc(Nc3ccc(F)c(NC(=O)c4cccs4)c3)cc1CC2,8.62
O=C(NCC(O)CO)c1ccc2c(c1)C(=O)c1ccc(Nc3ccc(F)c(NC(=O)c4cccs4)c3)cc1OC2,8.14
O=C(NCC(O)CO)c1ccc2c(c1)C(=O)c1ccc(Nc3ccc(F)cc3F)cc1CC2,8.12
O=C(NCC1CC1)c1ccc(-c2cc(C(=O)NC3CC3)ccc2Cl)cc1,7.199999999999999
O=C(NCC1CC1)c1ccc(-c2cc(NC(=O)c3ccoc3)ccc2Cl)cc1,7.6
O=C(NCCCN(c1ccc(=O)n(-c2ccccc2Cl)n1)c1ccccc1Cl)C1CCC(C(F)(F)F)CC1,7.7
O=C(NCCCN(c1ccc(=O)n(-c2ccccc2Cl)n1)c1ccccc1Cl)C1CCNCC1,8.1
O=C(NCCCN1CCOCC1)c1cccc(-c2[nH]nc3cc(Nc4ccccc4Cl)ccc23)c1,8.43
O=C(NCCCc1ccccc1)c1ccc2c(c1)C(=O)c1ccc(Nc3ccc(F)cc3F)cc1CC2,7.3
O=C(NCCCl)c1ccc2c(c1)C(=O)c1ccc(Nc3ccc(F)cc3F)cc1CC2,7.855
O=C(NCCCn1cnc(-c2ccc(F)cc2)c1-c1ccncc1)c1ccccc1,7.34
O=C(NCCF)c1ccc2c(c1)C(=O)c1ccc(Nc3ccc(F)cc3F)cc1CC2,7.89
O=C(NCCN1CC2(COC2)C1)c1ccc2c(c1)C(=O)c1ccc(Nc3ccc(F)cc3F)cc1CC2,8.23
O=C(NCCN1CCNCC1)c1ccc2c(c1)C(=O)c1ccc(Nc3ccc(F)cc3F)cc1CC2,8.89
O=C(NCCN1CCOCC1)c1ccc2c(c1)C(=O)c1ccc(Nc3cc(NC(=O)C4CC4)c(F)cc3F)cc1CC2,7.975
O=C(NCCN1CCOCC1)c1ccc2c(c1)C(=O)c1ccc(Nc3cc(NC(=O)C4CC4)ccc3F)cc1CC2,8.28
O=C(NCCN1CCOCC1)c1ccc2c(c1)C(=O)c1ccc(Nc3cc(NC(=O)c4ccccc4)c(F)cc3F)cc1CC2,8.39
O=C(NCCN1CCOCC1)c1ccc2c(c1)C(=O)c1ccc(Nc3cc(NC(=O)c4cccs4)c(F)cc3F)cc1CC2,8.36
O=C(NCCN1CCOCC1)c1ccc2c(c1)C(=O)c1ccc(Nc3cc(NC(=O)c4cccs4)c(F)cc3F)cc1OC2,7.855
O=C(NCCN1CCOCC1)c1ccc2c(c1)C(=O)c1ccc(Nc3cc(NC(=O)c4cccs4)ccc3F)cc1CC2,8.41
O=C(NCCN1CCOCC1)c1ccc2c(c1)C(=O)c1ccc(Nc3ccc(F)c(/C=N/NC(=O)c4ccc[se]4)c3)cc1CC2,7.52
O=C(NCCN1CCOCC1)c1ccc2c(c1)C(=O)c1ccc(Nc3ccc(F)c(/C=N/NC(=O)c4ccccc4)c3)cc1CC2,7.71
O=C(NCCN1CCOCC1)c1ccc2c(c1)C(=O)c1ccc(Nc3ccc(F)c(/C=N/NC(=O)c4cccs4)c3)cc1CC2,7.53
O=C(NCCN1CCOCC1)c1ccc2c(c1)C(=O)c1ccc(Nc3ccc(F)c(NC(=O)C4CC4)c3)cc1CC2,7.74
O=C(NCCN1CCOCC1)c1ccc2c(c1)C(=O)c1ccc(Nc3ccc(F)c(NC(=O)c4ccc[se]4)c3)cc1CC2,7.61
O=C(NCCN1CCOCC1)c1ccc2c(c1)C(=O)c1ccc(Nc3ccc(F)c(NC(=O)c4ccccc4)c3)cc1CC2,8.37
O=C(NCCN1CCOCC1)c1ccc2c(c1)C(=O)c1ccc(Nc3ccc(F)c(NC(=O)c4ccccc4)c3)cc1OC2,7.75
O=C(NCCN1CCOCC1)c1ccc2c(c1)C(=O)c1ccc(Nc3ccc(F)c(NC(=O)c4cccs4)c3)cc1CC2,7.645
O=C(NCCN1CCOCC1)c1ccc2c(c1)C(=O)c1ccc(Nc3ccc(F)c(NC(=O)c4cccs4)c3)cc1OC2,8.11
O=C(NCCN1CCOCC1)c1ccc2c(c1)C(=O)c1ccc(Nc3ccc(F)cc3F)cc1CC2,8.03
O=C(NCCNCCO)c1ccc2c(c1)C(=O)c1ccc(Nc3ccc(F)cc3F)cc1CC2,8.77
O=C(NCCO)c1ccc2c(c1)C(=O)c1ccc(Nc3cc(NC(=O)C4CC4)c(F)cc3F)cc1CC2,7.935
O=C(NCCO)c1ccc2c(c1)C(=O)c1ccc(Nc3cc(NC(=O)c4ccccc4)c(F)cc3F)cc1CC2,8.185
O=C(NCCO)c1ccc2c(c1)C(=O)c1ccc(Nc3cc(NC(=O)c4cccs4)c(F)cc3F)cc1CC2,8.89
O=C(NCCO)c1ccc2c(c1)C(=O)c1ccc(Nc3ccc(F)c(NC(=O)C4CC4)c3)cc1OC2,6.705
O=C(NCCO)c1ccc2c(c1)C(=O)c1ccc(Nc3ccc(F)c(NC(=O)c4ccccc4)c3)cc1CC2,8.37
O=C(NCCO)c1ccc2c(c1)C(=O)c1ccc(Nc3ccc(F)c(NC(=O)c4cccs4)c3)cc1CC2,8.36
O=C(NCCO)c1ccc2c(c1)C(=O)c1ccc(Nc3ccc(F)c(NC(=O)c4cccs4)c3)cc1OC2,8.8
O=C(NCCO)c1ccc2c(c1)C(=O)c1ccc(Nc3ccc(F)cc3F)cc1CC2,7.9350000000000005
O=C(NCCOCCO)c1ccc2c(c1)C(=O)c1ccc(Nc3ccc(F)cc3F)cc1CC2,8.0
O=C(NCCOc1cc(-c2ccccc2Cl)c2ccc(=O)n(-c3c(Cl)cccc3Cl)c2c1)[C@@H]1CCCN1,8.09
O=C(NCCOc1cc(-c2ccccc2Cl)c2ccc(=O)n(-c3c(Cl)cccc3Cl)c2c1)[C@H]1CCCN1,8.095
O=C(NCCc1c[nH]c2ccccc12)c1ccc2c(c1)C(=O)c1ccc(Nc3ccc(F)cc3F)cc1CC2,7.55
O=C(NCCc1c[nH]cn1)c1ccc2c(c1)C(=O)c1ccc(Nc3ccc(F)cc3F)cc1CC2,8.25
O=C(NCCc1ccc(F)cc1)c1ccc2c(c1)C(=O)c1ccc(Nc3ccc(F)cc3F)cc1CC2,7.68
O=C(NCCc1ccc(O)cc1)c1ccc2c(c1)C(=O)c1ccc(Nc3ccc(F)cc3F)cc1CC2,8.11
O=C(NCCc1ccccc1)c1ccc2c(c1)C(=O)c1ccc(Nc3ccc(F)cc3F)cc1CC2,7.68
O=C(NCCc1cccs1)c1ccc2c(c1)C(=O)c1ccc(Nc3ccc(F)cc3F)cc1CC2,8.19
O=C(NCc1c(F)cccc1F)c1cc(C(=O)c2ccccc2F)c[nH]1,6.699999999999999
O=C(NCc1cccc(C(F)(F)F)c1)c1ccc(Oc2ccccc2)cc1,6.35
O=C(NCc1cccc(OC(F)(F)F)c1)c1ccc(Oc2ccccc2)cc1,6.22
O=C(NCc1ccccc1O)c1cc(C(=O)c2ccc(F)cc2F)c[nH]1,6.7
O=C(NCc1ccccc1O)c1cc(C(=O)c2ccccc2F)c[nH]1,6.699999999999999
O=C(NCc1cccs1)c1cc(C(=O)c2c(Cl)cccc2Cl)c[nH]1,6.1
O=C(NCc1ccncc1)c1cc(C(=O)c2c(F)cccc2F)c[nH]1,6.24
O=C(NCc1ccncc1)c1cc(C(=O)c2ccccc2F)c[nH]1,6.44
O=C(NN1CCCCC1)c1cccc(Oc2nccc(-c3c(-c4ccc(F)cc4)ncn3C3CCNCC3)n2)c1,6.22
O=C(NN1CCNCC1)c1cccc(Oc2nccc(-c3c(-c4ccc(F)cc4)ncn3C3CCNCC3)n2)c1,6.39
O=C(NNC(=S)Nc1ccc(Cl)cc1)c1ccc(Nc2ncnc3c2cnn3-c2cccc(F)c2)cc1,6.12
O=C(NO)c1ccc2c(c1)C(=O)c1ccc(Nc3ccc(F)cc3F)cc1CC2,8.28
O=C(N[C@@H](Cc1ccccc1)C(=O)O)c1ccc2c(c1)C(=O)c1ccc(Nc3ccc(F)cc3F)cc1CC2,7.44
O=C(N[C@@H]1[C@@H](O)[C@H](O)[C@@H](CO)O[C@H]1O)c1ccc2c(c1)C(=O)c1ccc(Nc3ccc(F)cc3F)cc1CC2,8.28
O=C(N[C@H]1CCOC1)c1cc(-n2ncc3cc(Nc4ccccc4Cl)c(F)cc32)cs1,7.62
O=C(Nc1c(F)cccc1F)c1cccc(-c2nc3ccccn3c2-c2ccnc(Nc3ccc(N4CCC(N5CCCCC5)CC4)cc3)n2)c1,8.05
O=C(Nc1cc(-c2[nH]c(-c3ccccc3)nc2-c2ccc(F)cc2)ccn1)C1CC1,7.57
O=C(Nc1cc(-c2[nH]c(-c3ccco3)nc2-c2ccc(F)cc2)ccn1)C1CC1,7.75
O=C(Nc1cc(-c2[nH]c(CCc3ccccc3)nc2-c2ccc(F)cc2)ccn1)C1CC1,7.7
O=C(Nc1cc(-c2[nH]c(CO)nc2-c2ccc(F)cc2)ccn1)C1CC1,7.8
O=C(Nc1cc(-c2[nH]c(Cc3ccccc3)nc2-c2ccc(F)cc2)ccn1)C1CC1,7.75
O=C(Nc1cc(-c2[nH]c(SCc3ccccc3)nc2-c2ccc(F)cc2)ccn1)C1CC1,7.39
O=C(Nc1cc(-c2[nH]c(SCc3ccccc3)nc2-c2ccc(F)cc2)ccn1)C1CCCC1,7.7
O=C(Nc1cc(-c2[nH]cnc2-c2ccc(F)cc2)ccn1)C1CC1,7.72
O=C(Nc1cc(-c2c(-c3ccc(Cl)cc3)nc3cccnn23)ccn1)c1ccccc1,6.54
O=C(Nc1cc(-c2c(-c3ccc(F)c(Cl)c3)nc3cccnn23)ccn1)c1cccc(C(F)(F)F)c1,6.68
O=C(Nc1cc(-c2c(-c3ccc(F)cc3)nc3n2CCS3)ccn1)C1CC1c1ccccc1,7.7
O=C(Nc1cc(-c2c(-c3ccc(F)cc3)nc3n2CCS3)ccn1)c1cc2ccccc2o1,6.94
O=C(Nc1cc(-c2c(-c3ccc(F)cc3)nc3n2CCS3)ccn1)c1ccc(F)cc1,7.44
O=C(Nc1cc(-c2c(-c3ccc(F)cc3)nc3n2CCS3)ccn1)c1ccccc1,7.08
O=C(Nc1cc(-c2c(-c3ccc(F)cc3)nc3n2CCS3)ccn1)c1ccco1,6.85
O=C(Nc1cc(-c2c(-c3cccc(Cl)c3)nc3cccnn23)ccn1)c1ccccc1,7.47
O=C(Nc1cc(-c2ccnc(Nc3ccc(F)cc3)c2)ccn1)C1CCOC1,6.3100000000000005
O=C(Nc1cc(-c2ccnc(Nc3ccc(F)cc3)c2)ccn1)C1CCOCC1,6.7
O=C(Nc1cc(-c2ccnc(Nc3ccccc3)c2)ccn1)C1CCOC1,6.75
O=C(Nc1cc(-c2ccnc(Nc3ccccc3)c2)ccn1)C1CCOCC1,6.6
O=C(Nc1cc(C2CCC2)no1)Nc1cccc(Cl)c1Cl,6.43
O=C(Nc1cc(Nc2ccc3c(c2)CCCCC3=O)ccc1F)c1cccc(F)c1,7.4
O=C(Nc1cc(Nc2ccc3c(c2)CCCCC3=O)ccc1F)c1ccccc1,7.46
O=C(Nc1cc(Nc2ccc3c(c2)CCCCC3=O)ccc1F)c1ccoc1,7.5
O=C(Nc1cc(Nc2ccc3c(c2)CCCCC3=O)ccc1F)c1ccsc1,7.77
O=C(Nc1cc(Nc2ccc3c(c2)CCc2ccc(OCCN4CCOCC4)cc2C3=O)c(F)cc1F)c1ccccc1,7.83
O=C(Nc1cc(Nc2ccc3c(c2)CCc2ccc(OCCN4CCOCC4)cc2C3=O)c(F)cc1F)c1ccsc1,8.61
O=C(Nc1cc(Nc2ccc3c(c2)CCc2ccc(OCCN4CCOCC4)cc2C3=O)ccc1F)c1ccccc1,7.79
O=C(Nc1cc(Nc2ccc3c(c2)CCc2ccc(OCCN4CCOCC4)cc2C3=O)ccc1F)c1cccs1,8.085
O=C(Nc1cc(Nc2ccc3c(c2)CCc2ccc(OCCN4CCOCC4)cc2C3=O)ccc1F)c1ccoc1,7.98
O=C(Nc1cc(Nc2ccc3c(c2)CCc2ccc(OCCN4CCOCC4)cc2C3=O)ccc1F)c1ccsc1,8.55
O=C(Nc1cc(Nc2ccc3c(c2)CCc2ccc(OCCO)cc2C3=O)ccc1F)c1ccccc1,7.16
O=C(Nc1cc(Nc2ccc3c(c2)CCc2ccc(OC[C@@H](O)CO)cc2C3=O)ccc1F)c1ccccc1,8.52
O=C(Nc1cc(Nc2ccc3c(c2)CCc2ccc(OC[C@H](O)CO)cc2C3=O)ccc1F)c1ccccc1,9.0
O=C(Nc1cc(Nc2ccc3c(c2)CCc2ccc(OC[C@H](O)CO)cc2C3=O)ccc1F)c1cccs1,7.765000000000001
O=C(Nc1cc(Nc2ccc3c(c2)CCc2ccccc2C3=O)c(F)cc1F)c1ccccc1,7.470000000000001
O=C(Nc1cc(Nc2ccc3c(c2)CCc2ccccc2C3=O)ccc1F)c1ccccc1,8.3
O=C(Nc1cc(Nc2ccc3c(c2)CCc2ccccc2C3=O)ccc1F)c1ccoc1,8.4
O=C(Nc1cc(Nc2ccc3c(c2)OCc2cc(OCCN4CCOCC4)ccc2C3=O)ccc1F)c1ccccc1,7.77
O=C(Nc1cc(Nc2ccc3c(c2)OCc2ccc(C(=O)N4CCOCC4)cc2C3=O)ccc1F)c1cccs1,7.48
O=C(Nc1cc(Nc2ccc3c(c2)OCc2ccc(C(=O)NC(CO)CO)cc2C3=O)c(F)cc1F)c1ccsc1,7.305
O=C(Nc1cc(Nc2ccc3c(c2)OCc2ccc(OCCN4CCOCC4)cc2C3=O)ccc1F)c1ccccc1,9.0
O=C(Nc1cc(Nc2ccc3c(c2)OCc2ccccc2C3=O)ccc1F)c1ccccc1,7.7
O=C(Nc1cc(Nc2ccc3c(c2)OCc2ccccc2C3=O)ccc1F)c1ccsc1,8.0
O=C(Nc1cc(Oc2cccc3[nH]c(=O)[nH]c23)c(F)c(F)c1F)c1cccc(OC(F)(F)F)c1,6.22
O=C(Nc1ccc(Br)cc1)c1cc(Br)cc(Br)c1O,6.15
O=C(Nc1ccc(Cl)c(C(F)(F)F)c1)Nc1ccc(OCCN2CCOCC2)c2ccccc12,9.0
O=C(Nc1ccc(Cl)c(COc2cccnc2)c1)c1cc(Cl)cc(N2CCOCC2)c1,7.19
O=C(Nc1ccc(F)c(Nc2ccc3c(c2)CCCCC3=O)c1)c1ccccc1,7.92
O=C(Nc1ccc(F)c(Nc2ccc3c(c2)CCc2ccc(OCCO)cc2C3=O)c1)c1ccccc1,6.875
O=C(Nc1ccc(F)c(Nc2ccc3c(c2)CCc2ccccc2C3=O)c1)c1ccccc1,7.85
O=C(Nc1ccc(F)c(Nc2ccc3c(c2)OCc2c(OCCN4CCOCC4)cccc2C3=O)c1)c1ccccc1,8.0
O=C(Nc1ccc(F)c(Nc2ccc3c(c2)OCc2ccc(OCCN4CCOCC4)cc2C3=O)c1)c1ccccc1,7.164999999999999
O=C(Nc1ccc(F)c(Nc2ccc3c(c2)OCc2ccccc2C3=O)c1)c1ccccc1,7.62
O=C(Nc1ccc(F)cc1)n1oc(=O)c(-c2ccc(F)cc2)c1-c1ccncc1,6.5
O=C(Nc1ccc(OCCN2CCOCC2)cc1)Nc1ccc(Cl)c(C(F)(F)F)c1,6.98
O=C(Nc1ccc(Oc2cc(NCCO)ncn2)cc1)Nc1cccc(C(F)(F)F)c1,6.0
O=C(Nc1ccc(Oc2cc(Nc3cccc(CN4CCCC4)c3)ncn2)cc1)Nc1cccc(C(F)(F)F)c1,7.3
O=C(Nc1ccc(Oc2ccnc3[nH]ccc23)cc1)Nc1cccc(C(F)(F)F)c1,7.5
O=C(Nc1ccc(Oc2ccnc3ccccc23)cc1)Nc1cccc(C(F)(F)F)c1,7.0
O=C(Nc1ccc(Oc2ccncc2)cc1)Nc1cccc(C(F)(F)F)c1,6.7
O=C(Nc1ccc(Oc2ccncn2)cc1)Nc1cccc(C(F)(F)F)c1,6.2
O=C(Nc1ccc(Oc2ncnc3[nH]ccc23)cc1)Nc1cccc(C(F)(F)F)c1,6.3
O=C(Nc1ccc2ccn(CCc3ccncc3)c2c1)c1cc(F)cc(N2CCOCC2)c1,6.47
O=C(Nc1cccc(Nc2ccc3c(c2)CCCCC3=O)c1)c1ccc(F)cc1,6.89
O=C(Nc1cccc(Nc2ccc3c(c2)CCCCC3=O)c1)c1cccc(F)c1,6.68
O=C(Nc1cccc(Nc2ccc3c(c2)CCCCC3=O)c1)c1cccc(N2CCOCC2)c1,6.89
O=C(Nc1cccc(Nc2ccc3c(c2)CCCCC3=O)c1)c1ccccc1,7.43
O=C(Nc1cccc(Nc2ccc3c(c2)CCCCC3=O)c1)c1ccco1,6.66
O=C(Nc1cccc(Nc2ccc3c(c2)CCCCC3=O)c1)c1ccsc1,7.92
O=C(Nc1cccc(Nc2ccc3c(c2)CCc2ccccc2C3=O)c1)c1ccc(F)cc1,7.4
O=C(Nc1cccc(Nc2ccc3c(c2)CCc2ccccc2C3=O)c1)c1cccc(C(F)(F)F)c1,6.01
O=C(Nc1cccc(Nc2ccc3c(c2)CCc2ccccc2C3=O)c1)c1cccc(F)c1,6.52
O=C(Nc1cccc(Nc2ccc3c(c2)CCc2ccccc2C3=O)c1)c1ccccc1,7.44
O=C(Nc1cccc(Nc2ccc3c(c2)CCc2ccccc2C3=O)c1)c1ccco1,7.57
O=C(Nc1cccc(Nc2ccc3c(c2)CCc2ccccc2C3=O)c1)c1cccs1,7.54
O=C(Nc1cccc(Nc2ccc3c(c2)CCc2ccccc2C3=O)c1)c1ccoc1,8.05
O=C(Nc1cccc(Nc2ccc3c(c2)CCc2ccccc2C3=O)c1)c1ccsc1,8.0
O=C(Nc1cccc(Nc2ccc3c(c2)OCc2ccccc2C3=O)c1)c1cccc(F)c1,6.75
O=C(Nc1cccc(Nc2ccc3c(c2)OCc2ccccc2C3=O)c1)c1cccc(N2CCOCC2)c1,7.52
O=C(Nc1cccc(Nc2ccc3c(c2)OCc2ccccc2C3=O)c1)c1ccccc1,7.26
O=C(Nc1cccc(Nc2ccc3c(c2)OCc2ccccc2C3=O)c1)c1ccoc1,7.4
O=C(Nc1cccc(Nc2ccc3c(c2)OCc2ccccc2C3=O)c1)c1ccsc1,7.7
O=C(Nc1ccccc1)c1ccc2c(c1)C(=O)c1ccc(Nc3ccc(F)cc3F)cc1CC2,8.62
O=C(Nc1ccccc1Cl)N(c1ccc(F)cc1)c1ccnc(NC2CCOCC2)n1,6.27
O=C(Nc1n[nH]c2nc(Oc3ccc(F)cc3F)ncc12)C1CCC1,7.23
O=C(Nc1n[nH]c2nc(Oc3ccc(F)cc3F)ncc12)C1CCCC1,6.38
O=C(Nc1n[nH]c2nc(Oc3ccc(F)cc3F)ncc12)C1CCCCC1,7.08
O=C(Nc1nc2ccccc2s1)c1cccc2c1CN(c1nc(C(=O)O)c(-c3ccc(CO)cc3)s1)CC2,6.0
O=C(O)/C=C/Sc1nc(-c2ccc(F)cc2)c(-c2ccnc(Nc3ccccc3)c2)n1CC1CC1,6.74
O=C(O)/C=C\Sc1nc(-c2ccc(F)cc2)c(-c2ccnc(Nc3ccccc3)c2)[nH]1,7.44
O=C(O)/C=C\Sc1nc(-c2ccc(F)cc2)c(-c2ccnc(Nc3ccccc3)c2)n1CC1CC1,6.45
O=C(O)CCCNC(=O)c1ccc2c(c1)C(=O)c1ccc(Nc3ccc(F)cc3F)cc1CC2,7.92
O=C(O)CCCc1ccc(Oc2nccc(-c3c(-c4ccc(F)cc4)ncn3C3CCNCC3)n2)cc1,6.76
O=C(O)CCNC(=O)c1ccc2c(c1)C(=O)c1ccc(Nc3ccc(F)cc3F)cc1CC2,8.26
O=C(O)CC[C@H](NC(=O)c1ccc2c(c1)C(=O)c1ccc(Nc3ccc(F)cc3F)cc1CC2)C(=O)O,8.1
O=C(O)CCc1ccc(Oc2nccc(-c3c(-c4ccc(F)cc4)ncn3C3CCNCC3)n2)cc1,7.07
O=C(O)CN1CCC(c2[nH]nc(-c3ccc(Cl)cc3)c2-c2ccncc2)CC1,6.9
O=C(O)CNC(=O)c1ccc2c(c1)C(=O)c1ccc(Nc3ccc(F)cc3F)cc1CC2,8.03
O=C(O)Cc1ccc(-n2nc(C3CCCC3)cc2NC(=O)Nc2nc(CCOCc3ccccc3)cs2)cc1,6.04
O=C(O)Cc1ccc(Oc2nccc(-c3c(-c4ccc(F)cc4)ncn3C3CCNCC3)n2)cc1,6.92
O=C(O)Cc1cccc(-n2nc(C3CCCC3)cc2NC(=O)Nc2nc(CCOCc3ccccc3)cs2)c1,6.24
O=C(O)Cc1cccc(Nc2cc(Oc3ccc(NC(=O)Nc4cccc(C(F)(F)F)c4)cc3)ncn2)c1,6.4
O=C(O)c1cc(-c2ccc(Cl)cc2)[nH]c1-c1ccncc1,6.0
O=C(O)c1cc(Cl)c(N2C(=O)NCc3nc(Sc4ccc(F)cc4)ccc32)c(Cl)c1,7.02
O=C(O)c1ccc(-c2[nH]nc3cc(Nc4ccccc4Cl)ccc23)cc1,7.89
O=C(O)c1ccc(-c2cc(-c3ccc(F)cc3)c(-c3ccncc3)[nH]2)cc1,7.05
O=C(O)c1ccc(-n2cc(-c3nc(-c4ccc(F)cc4)c(-c4ccncc4)o3)nn2)cc1,6.72
O=C(O)c1ccc(Oc2nccc(-c3c(-c4ccc(F)cc4)ncn3C3CCNCC3)n2)cc1,7.09
O=C(O)c1ccc2c(c1)C(=O)c1ccc(Nc3ccc(F)cc3F)cc1CC2,7.135
O=C(O)c1cccc(-c2[nH]nc3cc(Nc4ccccc4Cl)ccc23)c1,7.62
O=C(OCCN1CCOCC1)c1ccc2c(c1)C(=O)c1ccc(Nc3ccc(F)cc3F)cc1CC2,7.8100000000000005
O=C(OCCO)c1ccc2c(c1)C(=O)c1ccc(Nc3ccc(F)cc3F)cc1CC2,7.6899999999999995
O=C(OC[C@H]1O[C@@H](OC(=O)c2cc(O)c(O)c(OC(=O)c3cc(O)c(O)c(O)c3)c2)[C@H](OC(=O)c2cc(O)c(O)c(OC(=O)c3cc(O)c(O)c(O)c3)c2)[C@@H](OC(=O)c2cc(O)c(O)c(OC(=O)c3cc(O)c(O)c(O)c3)c2)[C@@H]1OC(=O)c1cc(O)c(O)c(OC(=O)c2cc(O)c(O)c(O)c2)c1)c1cc(O)c(O)c(OC(=O)c2cc(O)c(O)c(O)c2)c1,6.43
O=C(OC[C@H]1O[C@@H](n2cnc3c(=O)[nH]cnc32)[C@H](O)[C@@H]1O)c1cc[nH]c1,6.06
O=C(Oc1ccc(Oc2nccc(-c3c(-c4ccc(F)cc4)ncn3C3CCNCC3)n2)cc1)c1ccccc1,6.5
O=C(c1c(Cl)cccc1Cl)N1CCc2c(cnn2-c2ccccc2Cl)C1,6.95
O=C(c1c(F)cccc1F)N1CCc2c(cnn2-c2ccc(F)cc2Cl)C1,7.01
O=C(c1c(F)cccc1F)N1CCc2c(cnn2-c2ccccc2Cl)C1,7.17
O=C(c1c(F)cccc1F)N1CCn2c(cnc2-c2ccc(F)cc2F)C1,6.78
O=C(c1c[nH]c2ccccc12)N1CCc2c(cnn2-c2ccccc2Cl)C1,7.26
O=C(c1cc(-c2ccc(F)cc2Cl)c2c(c1)N(c1c(Cl)cccc1Cl)C(=O)NC2)N1CCNCC1,8.96
O=C(c1cc(-c2ccc(F)cc2F)c2c(c1)N(c1c(Cl)cccc1Cl)C(=O)NC2)N1CCNCC1,8.62
O=C(c1cc(-c2ccccc2Cl)c2c(c1)N(c1c(Cl)cccc1Cl)C(=O)NC2)N1CCNCC1,8.82
O=C(c1cc2ccccc2[nH]1)N1CCc2c(cnn2-c2ccccc2Cl)C1,6.81
O=C(c1ccc(F)cc1F)N1CCn2c(cnc2-c2ccc(F)cc2F)C1,6.23
O=C(c1ccc2c(c1)CCO2)N(CC1CCNCC1)c1ccnc(NC2CC2)n1,6.22
O=C(c1ccc2c(c1)CCO2)N(CC1CCNCC1)c1ccnc(NC2CCC(O)CC2)n1,6.44
O=C(c1ccc2cc[nH]c2c1)N1CCc2c(cnn2-c2ccccc2Cl)C1,7.4
O=C(c1cccc(-c2nncc3nc(Nc4ccc(F)cc4F)ccc23)c1)N1CCOCC1,7.35
O=C(c1cccc2[nH]ccc12)N1CCc2c(cnn2-c2ccccc2Cl)C1,7.43
O=C(c1ccccc1)c1ccc(Nc2ccccc2)cc1,6.71
O=C(c1ccccc1C(F)(F)F)N1CCC(Cc2ccccc2)CC1,6.15
O=C(c1ccccc1Cl)N1CCC(Cc2ccccc2)CC1,6.08
O=C(c1ccccc1F)N1CCC(Cc2ccccc2)CC1,6.27
O=C1/C(=N\O)c2c(/C=C/c3ccccc3)cccc2N1Cc1cc(F)cc2c1OCOC2,6.64
O=C1/C(=N\O)c2c(CCc3ccccc3)cccc2N1Cc1cc(F)cc2c1OCOC2,7.52
O=C1C(O)Cc2c(-c3ccccc3Cl)cc(O)cc2N1c1c(Cl)cccc1Cl,8.4
O=C1C(O)Cc2c(-c3ccccc3Cl)cccc2N1c1c(Cl)cccc1Cl,7.56
O=C1CCCCc2cc(Nc3cccc(NC(=O)C4CC4)c3)ccc21,6.0
O=C1CCc2c(-c3ccc(F)cc3F)cc(C3CCNCC3)cc2N1c1c(Cl)cccc1Cl,9.13
O=C1CCc2ccccc2N1,9.13
O=C1NCc2c(-c3ccc(F)cc3Cl)cc(C3CCN(C4CC4)CC3)cc2N1c1c(Cl)cccc1Cl,8.96
O=C1NCc2c(-c3ccc(F)cc3Cl)cc(C3CCN(C4CCC4)CC3)cc2N1c1c(Cl)cccc1Cl,9.4
O=C1NCc2c(-c3ccc(F)cc3Cl)cc(C3CCN(CC4CC4)CC3)cc2N1c1c(Cl)cccc1Cl,9.3
O=C1NCc2c(-c3ccc(F)cc3Cl)cc(C3CCN(CC4CCC4)CC3)cc2N1c1c(Cl)cccc1Cl,9.22
O=C1NCc2c(-c3ccc(F)cc3Cl)cc(C3CCNCC3)cc2N1c1c(Cl)cccc1Cl,10.0
O=C1NCc2c(-c3ccc(F)cc3Cl)cc(CN3CCNCC3)cc2N1c1c(Cl)cccc1Cl,9.89
O=C1NCc2c(-c3ccc(F)cc3Cl)cc(OC3CCNCC3)cc2N1c1c(Cl)cccc1Cl,10.0
O=C1NCc2c(-c3ccc(F)cc3F)cc(C3CCNCC3)cc2N1c1c(Cl)cccc1Cl,9.7
O=C1NCc2c(-c3ccc(F)cc3F)cc(N3CCNCC3)cc2N1c1c(Cl)cccc1Cl,8.59
O=C1NCc2c(-c3ccc(F)cc3F)cc(NC3CCNCC3)cc2N1c1c(Cl)cccc1Cl,9.22
O=C1NCc2c(-c3ccccc3Cl)cc(C3CCNCC3)cc2N1c1c(Cl)cccc1Cl,9.05
O=C1NCc2c(-c3ccccc3Cl)cc(CN3CCNCC3)cc2N1c1c(Cl)cccc1Cl,10.0
O=C1NCc2c(-c3ccccc3Cl)cc(N3CCNCC3)cc2N1c1c(Cl)cccc1Cl,8.85
O=C1NCc2c(-c3ccccc3Cl)cc(NC3CCNCC3)cc2N1c1c(Cl)cccc1Cl,9.3
O=C1NCc2c(-c3ccccc3Cl)cc(O)cc2N1c1c(Cl)cccc1Cl,8.7
O=C1NCc2c(-c3ccccc3Cl)cc(OC3CCNCC3)cc2N1c1c(Cl)cccc1Cl,9.7
O=C1NCc2c(-c3ccccc3Cl)nc(N3CCOCC3)nc2N1c1c(Cl)cccc1Cl,8.7
O=C1NCc2c(-c3ccccc3Cl)nc(N3CCc4n[nH]cc4C3)nc2N1c1c(Cl)cccc1Cl,8.72
O=C1NCc2c(-c3ccccc3Cl)nc(NC3CN4CCC3CC4)nc2N1c1c(Cl)cccc1Cl,8.92
O=C1NCc2c(-c3ccccc3Cl)nc(NN3CCOCC3)nc2N1c1c(Cl)cccc1Cl,8.4
O=C1NCc2c(-c3ccccc3Cl)nc(O)nc2N1c1c(Cl)cccc1Cl,8.4
O=C1NCc2nc(NCc3ccc(F)cc3F)ccc2N1c1c(Cl)cccc1Cl,6.47
O=C1NCc2nc(NCc3ccccc3)ccc2N1c1c(Cl)cccc1Cl,6.95
O=C1NCc2nc(Sc3c(Cl)cccc3Cl)ccc2N1c1c(Cl)cccc1Cl,7.31
O=C1NCc2nc(Sc3cc(Cl)ccc3Cl)ccc2N1c1c(Cl)cccc1Cl,6.46
O=C1NCc2nc(Sc3ccc(Cl)cc3Cl)ccc2N1c1c(Cl)cccc1Cl,7.5
O=C1NCc2nc(Sc3ccc(F)cc3)ccc2N1c1c(Cl)cc(C(F)(F)F)cc1Cl,6.64
O=C1NCc2nc(Sc3ccc(F)cc3)ccc2N1c1c(Cl)cccc1C(F)(F)F,6.96
O=C1NCc2nc(Sc3ccc(F)cc3)ccc2N1c1c(F)cccc1Cl,7.32
O=C1NCc2nc(Sc3ccc(F)cc3)ccc2N1c1ccccc1,6.22
O=C1NCc2nc(Sc3ccc(F)cc3)ccc2N1c1ccccc1Cl,7.16
O=C1NCc2nc(Sc3ccc(F)cc3Cl)ccc2N1c1c(Cl)cccc1Cl,7.96
O=C1NCc2nc(Sc3ccc(F)cc3F)ccc2N1c1c(Cl)cccc1Cl,7.6
O=C1NCc2nc(Sc3ccccc3)ccc2N1c1c(Cl)cccc1Cl,6.57
O=C1NCc2nc(Sc3ccccc3Br)ccc2N1c1c(Cl)cccc1Cl,6.92
O=C1NCc2nc(Sc3ccccc3Cl)ccc2N1c1c(Cl)cccc1Cl,6.66
O=C1NCc2nc(Sc3ccccc3F)ccc2N1c1c(Cl)cccc1Cl,6.35
O=C1Nc2cc(-c3cccc4c(NC5CC5)noc34)c(Cl)cc2C12CCCC2,8.4
O=C1Nc2cc(-c3cccc4c(NC5CC5)noc34)ccc2C12CCCC2,7.42
O=C1Nc2ccccc2/C1=C/c1c[nH]nc1-c1ccccc1[N+](=O)[O-],7.96
O=C1Nc2nc(N[C@H]3CC[C@H](O)CC3)ncc2CN1c1ccccc1Cl,7.5
O=C1OC2(c3ccc(O)cc3Oc3cc(O)ccc32)c2ccc(NC(=S)Nc3ccc(Nc4cc(-c5[nH]cnc5-c5ccc(F)cc5)ccn4)cc3)cc21,7.54
O=C1c2cc(NCCN3CCOCC3)ccc2COc2cc(Nc3ccc(F)cc3F)ccc21,6.755
O=C1c2cc(NCCN3CCOCC3)ccc2COc2cc(Oc3ccc(F)cc3F)ccc21,6.09
O=C1c2cc(O)ccc2COc2cc(Nc3ccc(F)cc3F)ccc21,6.32
O=C1c2cc(OCCC3CCOCC3)ccc2COc2cc(Nc3ccc(F)cc3F)ccc21,6.77
O=C1c2cc(OCCCO)ccc2COc2cc(Nc3ccc(F)cc3F)ccc21,7.15
O=C1c2cc(OCCN3CCOCC3)ccc2COc2cc(Nc3ccc(F)cc3F)ccc21,7.025
O=C1c2cc(OCCO)ccc2COc2cc(Nc3ccc(F)cc3F)ccc21,6.965
O=C1c2cc(OC[C@@H](O)CO)ccc2COc2cc(Nc3ccc(F)cc3F)ccc21,6.720000000000001
O=C1c2cc(OC[C@H](O)CO)ccc2COc2cc(Nc3ccc(F)cc3F)ccc21,7.24
O=C1c2cc([N+](=O)[O-])ccc2-n2c1nc1cccc(Br)c1c2=O,6.0
O=C1c2ccc(Nc3cc(NC(=O)C4CCOC4)c(F)cc3F)cc2CCc2ccc(OCCN3CCOCC3)cc21,7.37
O=C1c2ccc(Nc3ccc(F)c(NC(=O)C4CCOC4)c3)cc2CCc2ccc(OCCO)cc21,6.76
O=C1c2ccc(Nc3ccc(F)cc3F)cc2CCc2c(O)cccc21,6.0649999999999995
O=C1c2ccc(Nc3ccc(F)cc3F)cc2CCc2c(OCCN3CCOCC3)cccc21,7.52
O=C1c2ccc(Nc3ccc(F)cc3F)cc2CCc2cc(OCCCO)ccc21,6.115
O=C1c2ccc(Nc3ccc(F)cc3F)cc2CCc2cc(OCCN3CCOCC3)ccc21,6.050000000000001
O=C1c2ccc(Nc3ccc(F)cc3F)cc2CCc2cc(OCCO)ccc21,6.515000000000001
O=C1c2ccc(Nc3ccc(F)cc3F)cc2CCc2cc(OC[C@@H](O)CO)ccc21,6.790000000000001
O=C1c2ccc(Nc3ccc(F)cc3F)cc2CCc2cc(OC[C@H](O)CO)ccc21,6.25
O=C1c2ccc(Nc3ccc(F)cc3F)cc2CCc2ccc(C(=O)N3CCCCC3)cc21,6.92
O=C1c2ccc(Nc3ccc(F)cc3F)cc2CCc2ccc(C(=O)N3CCOCC3)cc21,7.36
O=C1c2ccc(Nc3ccc(F)cc3F)cc2CCc2ccc(O)cc21,6.734999999999999
O=C1c2ccc(Nc3ccc(F)cc3F)cc2CCc2ccc(OC3CCOCC3)cc21,6.75
O=C1c2ccc(Nc3ccc(F)cc3F)cc2CCc2ccc(OCCCN3CCOCC3)cc21,7.6
O=C1c2ccc(Nc3ccc(F)cc3F)cc2CCc2ccc(OCCCO)cc21,7.305
O=C1c2ccc(Nc3ccc(F)cc3F)cc2CCc2ccc(OCCN3CCOCC3)cc21,7.55
O=C1c2ccc(Nc3ccc(F)cc3F)cc2CCc2ccc(OCCO)cc21,7.02
O=C1c2ccc(Nc3ccc(F)cc3F)cc2CCc2ccc(OCC[C@@H](O)CO)cc21,7.55
O=C1c2ccc(Nc3ccc(F)cc3F)cc2CCc2ccc(OC[C@@H](O)CO)cc21,7.525
O=C1c2ccc(Nc3ccc(F)cc3F)cc2CCc2ccc(OC[C@H](O)CO)cc21,8.3
O=C1c2ccc(Nc3ccc(F)cc3F)cc2CCc2ncccc21,6.62
O=C1c2ccc(Nc3ccc(F)cc3F)cc2OCc2c(OCCC3CCOCC3)cccc21,6.24
O=C1c2ccc(Nc3ccc(F)cc3F)cc2OCc2c(OCCN3CCOCC3)cccc21,7.47
O=C1c2ccc(Nc3ccc(F)cc3F)cc2OCc2c(OC[C@H](O)CO)cccc21,7.38
O=C1c2ccc(Nc3ccc(F)cc3F)cc2OCc2ncccc21,6.75
O=C1c2ccc(Nc3ccccc3)cc2CCc2ccc(O)cc21,6.4399999999999995
O=C1c2ccc(OCCC3CCOCC3)cc2COc2cc(Nc3ccc(F)cc3F)ccc21,6.25
O=C1c2ccc(OCC[C@@H](O)CO)cc2COc2cc(Nc3ccc(F)cc3F)ccc21,6.05
O=C1c2ccc(OC[C@@H](O)CO)cc2COc2cc(Nc3ccc(F)cc3F)ccc21,6.0600000000000005
O=C1c2ccc(Oc3ccc(F)cc3F)cc2CCc2ccc(OCCN3CCOCC3)cc21,6.225
O=C1c2ccc(Oc3ccc(F)cc3F)cc2CCc2ccc(OC[C@@H](O)CO)cc21,6.285
O=C1c2ccccc2C(=O)N1CCCN(c1ccc(=O)n(-c2ccccc2Cl)n1)c1ccc(F)cc1Cl,8.05
O=C1c2ccccc2C(=O)N1CCCN(c1ccc(=O)n(-c2ccccc2Cl)n1)c1ccccc1Cl,8.3
O=C1c2ccccc2CCc2cc(Nc3ccc(F)cc3F)ccc21,6.89
O=C1c2ccccc2CCc2cc(Nc3cccc(NC(=O)C4CC4)c3)ccc21,7.08
O=C1c2ccccc2COc2cc(Nc3ccc(F)cc3F)ccc21,6.62
O=CCn1oc(=O)c(-c2ccc(F)cc2)c1-c1ccnc(Oc2ccccc2)n1,7.32
O=S(=O)(NCCCNc1cc(-c2[nH]c(-c3ccccc3)nc2-c2cccc(O)c2)ccn1)c1ccc(Br)cc1,7.0
O=S(=O)(NCCCNc1cc(-c2[nH]c(-c3ccccc3)nc2-c2cccc(O)c2)ccn1)c1ccc(C(F)(F)F)cc1,6.02
O=S(=O)(NCCCNc1cc(-c2[nH]c(-c3ccccc3)nc2-c2cccc(O)c2)ccn1)c1ccc(Cl)cc1,6.92
O=S(=O)(NCCCNc1cc(-c2[nH]c(-c3ccccc3)nc2-c2cccc(O)c2)ccn1)c1ccc(F)cc1,7.35
O=S(=O)(NCCCNc1cc(-c2[nH]c(-c3ccccc3)nc2-c2cccc(O)c2)ccn1)c1ccc(O)cc1,6.91
O=S(=O)(NCCCNc1cc(-c2[nH]c(-c3ccccc3)nc2-c2cccc(O)c2)ccn1)c1cccc(Cl)c1,7.0
O=S(=O)(NCCCNc1cc(-c2[nH]c(-c3ccccc3)nc2-c2cccc(O)c2)ccn1)c1cccc(F)c1,6.49
O=S(=O)(NCCCNc1cc(-c2[nH]c(-c3ccccc3)nc2-c2cccc(O)c2)ccn1)c1ccccc1,7.33
O=S(=O)(NCCCNc1nccc(-c2[nH]c(-c3ccccc3)nc2-c2ccc(F)c(O)c2)n1)c1ccc(Br)cc1,6.48
O=S(=O)(NCCCNc1nccc(-c2[nH]c(-c3ccccc3)nc2-c2ccc(F)c(O)c2)n1)c1cccc(F)c1,6.85
O=S(=O)(NCCCNc1nccc(-c2[nH]c(-c3ccccc3)nc2-c2ccc(F)c(O)c2)n1)c1ccccc1,6.68
O=S(=O)(NCCNc1cc(-c2[nH]c(-c3ccccc3)nc2-c2cccc(O)c2)ccn1)c1ccc(F)cc1,6.82
O=S(=O)(NCCNc1cc(-c2[nH]c(-c3ccccc3)nc2-c2cccc(O)c2)ccn1)c1ccc(O)cc1,6.29
O=S(=O)(NCCNc1cc(-c2[nH]c(-c3ccccc3)nc2-c2cccc(O)c2)ccn1)c1ccccc1,7.02
O=S(=O)(Nc1n[nH]c2nc(Oc3ccc(F)cc3F)ncc12)c1ccccc1,6.59
O=S1(=O)CCC(Nc2n[nH]c3nc(Oc4ccc(F)cc4F)ncc23)C1,6.1
O=[N+]([O-])c1ccc(-c2cc(-c3ccc(F)cc3)c(-c3ccncc3)[nH]2)cc1,7.3
O=[N+]([O-])c1ccc(-c2nc(-c3ccc(F)cc3)c(-c3ccncc3)[nH]2)cc1,7.05
O=c1[nH]c(-c2ccc(F)cc2)c(-c2ccnc(N[C@H]3CC[C@H](O)CC3)c2)[nH]1,7.64
O=c1[nH]c(-c2ccncc2)c(-c2ccc(F)cc2)[nH]1,6.33
O=c1[nH]c2nc(NC3CCOCC3)ncc2cc1Oc1ccc(F)cc1F,7.75
O=c1[nH]cc(Nc2ccc(F)cc2)cc1-c1cccc2[nH]ccc12,6.4
O=c1[nH]cc(Nc2cccc(Br)c2)cc1-c1cccc2[nH]ccc12,6.16
O=c1[nH]cc(Nc2cccc(O)c2)cc1-c1cccc2[nH]ccc12,6.0
O=c1[nH]cc(Nc2ccccc2F)cc1-c1cccc2[nH]ccc12,6.64
O=c1c(-c2ccc(F)cc2)c(-c2ccnc(NC3CCCCC3)c2)oc2ccccc12,7.47
O=c1c(-c2ccc(F)cc2)c(-c2ccnc(NC3CCOCC3)c2)oc2ccccc12,7.35
O=c1c(-c2ccc(F)cc2)c(-c2ccnc(NCc3ccccc3)c2)oc2ccccc12,7.46
O=c1c(-c2ccc(F)cc2)c(-c2ccncc2)oc2ccccc12,6.09
O=c1c(Br)c(OCc2c(F)cc(F)cc2F)cnn1-c1c(Cl)cccc1Cl,6.27
O=c1c(Br)c(OCc2ccc(Cl)cc2F)cnn1-c1c(Cl)cccc1Cl,6.0
O=c1c(Br)c(OCc2ccc(F)c(F)c2F)cnn1-c1c(Cl)cccc1Cl,6.33
O=c1c(Br)c(OCc2ccc(F)cc2)ccn1Cc1cccc(F)c1,6.21
O=c1c(Br)c(OCc2ccc(F)cc2F)cc(CN2CCOCC2)n1-c1c(F)cccc1F,8.05
O=c1c(Br)c(OCc2ccc(F)cc2F)cc(CO)n1-c1c(F)cccc1F,8.3
O=c1c(Br)c(OCc2ccc(F)cc2F)ccn1Cc1cccc(F)c1,6.89
O=c1c(Br)c(OCc2ccc(F)cc2F)cnn1-c1c(Cl)cccc1Cl,6.8
O=c1c(Br)c(OCc2ccc(F)cc2F)cnn1-c1c(Cl)cncc1Cl,6.6
O=c1c(Br)c(OCc2ccc(F)cc2F)cnn1-c1c(F)cccc1F,6.23
O=c1c(Br)c(OCc2ccccc2)ccn1Cc1ccccc1,6.17
O=c1c(Cl)c(OCc2ccc(F)cc2F)cc(CO)n1-c1c(F)cccc1F,8.1
O=c1c(Cl)c(OCc2ccccc2)ccn1Cc1ccccc1,6.05
O=c1c(O)cc2c(-c3ccccc3Cl)cc(O)cc2n1-c1c(Cl)cccc1Cl,8.3
O=c1c(Oc2ccc(F)cc2F)cc2cnc(NC3CCOCC3)nc2n1C1CC1,8.05
O=c1c(Oc2ccc(F)cc2F)cc2cnc(NC3CCOCC3)nc2n1C1CCS(=O)(=O)CC1,9.0
O=c1c(Oc2ccc(F)cc2F)cc2cnc(NC3CCOCC3)nc2n1CCCO,8.7
O=c1c(Oc2ccc(F)cc2F)cc2cnc(NC3CCOCC3)nc2n1C[C@H](O)CO,8.15
O=c1c2ccc(Nc3ccc(F)cc3F)cc2ccc2ncccc12,6.48
O=c1ccc(N(CCO)c2ccc(F)cc2Cl)nn1-c1ccccc1Cl,6.78
O=c1ccc(Nc2ccccc2Cl)nn1-c1ccccc1Cl,6.1
O=c1ccc(Sc2ccccc2F)nn1-c1ccccc1Cl,6.85
O=c1ccc2c(-c3ccc(F)cc3Cl)cc(C3CC4CCC(C3)N4)cc2n1-c1c(Cl)cccc1Cl,9.05
O=c1ccc2c(-c3ccccc3)cccc2n1-c1c(Cl)cccc1Cl,7.87
O=c1ccc2c(-c3ccccc3Cl)cc(O)cc2n1-c1c(Cl)cccc1Cl,9.15
O=c1ccc2c(-c3ccccc3Cl)cccc2n1-c1c(Cl)cccc1Cl,8.22
O=c1ccc2c(-c3ccccn3)cccc2n1-c1c(Cl)cccc1Cl,6.46
O=c1ccc2c(-c3cccnc3)cccc2n1-c1c(Cl)cccc1Cl,6.34
O=c1ncn2nc(Sc3ccc(Cl)c(Cl)c3)ccc2c1-c1c(Cl)cccc1Cl,6.01
O=c1ncn2nc(Sc3ccc(F)c(Cl)c3)ccc2c1-c1c(Cl)cccc1Cl,6.32
O=c1ncn2nc(Sc3ccc(F)cc3)ccc2c1-c1c(Cl)cccc1Cl,6.91
O=c1ncn2nc(Sc3ccc(F)cc3Cl)ccc2c1-c1c(Cl)cccc1Cl,7.28
O=c1ncn2nc(Sc3ccc(F)cc3F)ccc2c1-c1c(Cl)cccc1Cl,7.54
O=c1ncn2nc(Sc3cccc(Cl)c3)ccc2c1-c1c(Cl)cccc1Cl,6.46
O=c1ncn2nc(Sc3cccc(F)c3)ccc2c1-c1c(Cl)cccc1Cl,6.35
O=c1ncn2nc(Sc3ccccc3)ccc2c1-c1c(Cl)cccc1Cl,6.4
O=c1ncn2nc(Sc3ccccc3O)ccc2c1-c1c(Cl)cccc1Cl,6.44
O=c1on(C(=S)Nc2ccc(F)cc2)c(-c2ccncc2)c1-c1ccc(F)cc1,6.46
OC(CCc1ccccc1)c1csc(-c2ccc(F)cc2)c1-c1ccncc1,6.0
OCC(O)CSc1nc(-c2ccc(F)cc2)c(-c2ccnc(NC3CCOCC3)c2)[nH]1,8.52
OCC(O)CSc1nc(-c2ccc(F)cc2)c(-c2ccnc(NCc3ccccc3)c2)[nH]1,7.06
OCC(O)CSc1nc(-c2ccc(F)cc2)c(-c2ccncc2)[nH]1,6.41
OCCC#Cc1cc(-c2ccncc2)c(-c2ccc(F)cc2)s1,6.25
OCCC#Cc1nc(-c2ccc(F)cc2)c(-c2ccncc2)n1CCCc1ccccc1,7.1
OCCC#Cc1sc(-c2ccc(F)cc2)c(-c2ccncc2)c1-c1ccc(F)cc1,6.05
OCCC#Cc1sc(-c2ccc(F)cc2)c(-c2ccncc2)c1CCCc1ccccc1,6.22
OCCCCNc1cc(-c2[nH]c3cccnc3c2-c2ccc(F)cc2)ccn1,8.3
OCCCCc1cc(-c2ccncc2)c(-c2ccc(F)cc2)s1,6.305
OCCCCc1nc(-c2ccc(F)cc2)c(-c2ccnc3[nH]c(-c4ccccc4)cc23)[nH]1,8.7
OCCCSc1nc(-c2ccc(F)cc2)c(-c2ccncc2)[nH]1,6.67
OCCCc1nc(-c2ccc(F)cc2)c(-c2ccnc3[nH]c(-c4ccccc4)cc23)[nH]1,8.7
OCCCc1nc(-c2ccc(F)cc2)c(-c2ccnc3[nH]ccc23)[nH]1,7.92
OCCN1CCC(c2[nH]nc(-c3ccc(Cl)cc3)c2-c2ccncc2)CC1,7.39
OCCN1CCC(c2[nH]nc(-c3ccc(Cl)cc3)c2-c2ccncn2)CC1,7.46
OCCNc1cc(-c2[nH]c3cccnc3c2-c2ccc(F)cc2)ccn1,8.52
OCCSc1nc(-c2ccc(F)cc2)c(-c2ccnc(NC3CCOCC3)c2)[nH]1,8.7
OCCSc1nc(-c2ccc(F)cc2)c(-c2ccnc(N[C@H]3CC[C@H](O)CC3)c2)[nH]1,8.7
OCCSc1nc(-c2ccc(F)cc2)c(-c2ccncc2)[nH]1,6.74
OCCc1cc(Cl)n2c(-c3ccncc3)c(-c3ccc(F)cc3)nc2c1,6.43
OCCc1nc(-c2ccc(F)cc2)c(-c2ccnc3[nH]c(-c4ccccc4)cc23)[nH]1,8.4
OCCn1c(-c2ccncc2)c(-c2ccc(F)cc2)c2ncccc21,6.76
O[C@H]1CCC[C@@H]1N1CCC(c2[nH]nc(-c3ccc(Cl)cc3)c2-c2ccncn2)CC1,7.72
O[C@H]1CC[C@H](Nc2cc(-c3nc4cc(Cl)c(Cl)cc4nc3-c3ccc(F)cc3)ccn2)CC1,6.22
O[C@H]1CC[C@H](Nc2cc(-c3nc4ccccc4nc3-c3ccc(F)cc3)ccn2)CC1,6.68
O[C@H]1CC[C@H](Nc2ncc3nc(Nc4ccc(F)cc4F)n(C4CCCC4)c3n2)CC1,6.25
O[C@H]1CC[C@H](Nc2ncc3nc(Nc4ccccc4F)n(C4CCCC4)c3n2)CC1,6.29
O[C@H]1CC[C@H](n2cnc(-c3ccc(F)cc3)c2-c2ccnc(Nc3ccccc3)n2)CC1,8.82
O[C@H]1CC[C@H](n2cnc(-c3ccc(F)cc3)c2-c2ccnc(Oc3ccccc3)n2)CC1,7.92
Oc1[nH]nc(-c2ccncc2)c1-c1ccc(F)cc1,6.5
Oc1c(Cl)cc(Cl)c(Cl)c1Cc1c(O)c(Cl)cc(Cl)c1Cl,7.06
Oc1c(Cl)cc(Cl)cc1Sc1cc(Cl)cc(Cl)c1O,6.5
Oc1c(I)cc(I)c2cccnc12,6.44
Oc1ccc(-c2nc(-c3ccc(F)cc3)c(-c3ccnc4[nH]c(-c5ccccc5)cc34)[nH]2)cc1,8.52
Oc1ccc(-c2nc(-c3ccc(F)cc3)c(-c3ccncc3)[nH]2)cc1,7.62
Oc1ccc(-c2nc(-c3ccc(F)cc3)c(C3=CCOCC3)[nH]2)cc1,6.83
Oc1ccc(-c2nc(-c3ccccc3)c(-c3ccnc4[nH]c(-c5ccccc5)cc34)[nH]2)cc1,9.0
Oc1ccc(-c2nc(-c3ccco3)c(-c3ccnc4[nH]c(-c5ccccc5)cc34)[nH]2)cc1,6.54
Oc1ccc(Oc2nccc(-c3c(-c4ccc(F)cc4)ncn3C3CCNCC3)n2)cc1,7.85
Oc1cccc(-c2nc(-c3ccc(F)cc3)c(-c3ccnc4[nH]c(-c5ccccc5)cc34)[nH]2)c1,8.15
Oc1cccc(Oc2nccc(-c3c(-c4ccc(F)cc4)ncn3C3CCNCC3)n2)c1,7.7
Oc1ccccc1Oc1nccc(-c2c(-c3ccc(F)cc3)ncn2C2CCNCC2)n1,8.18
Oc1onc(-c2ccncc2)c1-c1ccc(F)cc1,6.41
[2H]C([2H])([2H])N1CC[C@H](NC(=O)c2cc(-n3ncc4cc(Nc5ccccc5Cl)c(F)cc43)cs2)C1,6.52
[2H]C([2H])([2H])N1CC[C@H](NC(=O)c2cc(-n3ncc4cc(Nc5ccccc5Cl)ccc43)cs2)C1,6.65
[N-]=[N+]=Nc1cccc(-c2ncn(CCCNC(=O)c3ccc(I)cc3)c2-c2ccncc2)c1,7.34
[O-][S+](c1ccc(Cl)cc1)c1ncnc2c1N=C(c1ccccc1)c1cc(Cl)ccc1S2,6.07
[O-][n+]1ccc2c(-c3ccc(F)cc3Cl)cc(-c3cccnc3)nc2c1-c1c(Cl)cccc1Cl,7.85
[O-][n+]1ccc2c(-c3ccc(F)cc3Cl)cc(-c3ccncc3)nc2c1-c1c(Cl)cccc1Cl,7.54
[O-][n+]1ccc2c(-c3ccc(F)cc3Cl)cc(C3CCNCC3)nc2c1-c1c(Cl)cccc1Cl,9.31
[O-][n+]1ccc2c(-c3ccc(F)cc3Cl)ccnc2c1-c1c(Cl)cccc1Cl,7.85
[O-][n+]1ccc2c(-c3ccc(F)cc3F)cc(C3CCNCC3)nc2c1-c1c(Cl)cccc1Cl,9.09
[O-][n+]1ccc2c(-c3ccc(F)cc3F)cc(NC3CCNCC3)nc2c1-c1c(F)cccc1F,9.55
[O-][n+]1ccc2c(-c3ccc(F)cc3F)ccnc2c1-c1c(Cl)cccc1Cl,7.39
[O-][n+]1ccc2c(-c3ccc(F)cc3F)ccnc2c1-c1c(F)cccc1F,7.18
[O-][n+]1ccc2c(-c3ccc(F)cc3F)ccnc2c1-c1ccccc1Cl,6.71
[O-][n+]1ccc2c(-c3ccc(F)cc3F)ccnc2c1-c1ccccc1F,6.48
[O-][n+]1ccc2c(-c3ccccc3Cl)cc(C3CCNCC3)nc2c1-c1c(F)cccc1F,9.57
[O-][n+]1ccc2c(-c3ccccc3Cl)cc(N3CCNCC3)nc2c1-c1c(Cl)cccc1Cl,9.59
[O-][n+]1ccc2c(-c3ccccc3Cl)cc(N3CCOCC3)nc2c1-c1c(F)cccc1F,7.96
[O-][n+]1ccc2c(-c3ccccc3Cl)cc(NC3CCNCC3)nc2c1-c1c(Cl)cccc1Cl,9.89
[O-][n+]1ccc2c(-c3ccccc3Cl)cc(OC3CCNCC3)nc2c1-c1c(Cl)cccc1Cl,9.34
[O-][n+]1ccc2c(-c3ccccc3Cl)ccnc2c1-c1c(Cl)cccc1Cl,7.43
c1cc(-c2cccc3c(N4CCOCC4)nncc23)c2oncc2c1,9.22
c1ccc(-c2n[nH]c(C3CC3)c2-c2ccnc3ccccc23)nc1,6.55
c1ccc(-c2n[nH]cc2-c2ccnc3ccccc23)cc1,7.6
c1ccc(-c2nc(-c3ccccc3)c(-c3ccc4nc[nH]c4n3)[nH]2)cc1,8.14
c1ccc(-c2ncoc2-c2ccc3nnc(-c4ccno4)n3c2)cc1,6.54
c1ccc(-c2ncoc2-c2ccc3nnc(C4CC4)n3c2)cc1,7.33
c1ccc(-c2ncoc2-c2ccc3nnc(C4CCC4)n3c2)cc1,7.78
c1ccc(-c2nnc(N3CCN(c4ncccn4)CC3)cc2-c2ccncc2)cc1,6.215
c1ccc(-c2nnc(N3CCNCC3)cc2-c2ccncc2)cc1,6.82
c1ccc(Cn2cc(-c3ccnc4ccccc34)c(-c3ccccn3)n2)cc1,6.29
c1ccc(Nc2ccc3c(-c4ccccc4)n[nH]c3c2)cc1,7.52
c1ccc2cc(-c3nnc(N4CCC4)cc3-c3ccncc3)ccc2c1,6.54
c1ccc2cc(-c3nnc(N4CCCC4)cc3-c3ccncc3)ccc2c1,6.7
c1ccc2cc(-c3nnc(N4CCCCC4)cc3-c3ccncc3)ccc2c1,6.6
c1ccc2cc(-c3nnc(N4CCNCC4)cc3-c3ccncc3)ccc2c1,6.8
c1csc(-c2n[nH]cc2-c2ccnc3ccccc23)c1,6.4
