smiles,label,pchembl,year,source
Br.C=CCN(C)CC[C@@]12CCCC[C@@H]1C=Cc1ccc(OC)cc12,1,7.31,2004.0,ChEMBL
Br.CC(C1CC1)N1CCC(C2CCc3ccccc3C2=O)CC1,1,7.58,1994.0,ChEMBL
Br.CN(C)C1Cc2cc(O)c(O)cc2C(c2ccccc2)C1,1,7.685,1993.0,ChEMBL
Br.COCCN(C)CC[C@@]12CCCC[C@@H]1C=Cc1ccc(OC)cc12,1,7.31,2004.0,ChEMBL
Br.COc1ccc2c(c1)[C@]1(CCN(C)CC(=O)OC(C)(C)C)CCCC[C@@H]1C=C2,1,7.43,2004.0,ChEMBL
Br.COc1ccc2c(c1)[C@]1(CCN(C)CCOCc3ccccc3)CCCC[C@@H]1C=C2,1,6.62,2004.0,ChEMBL
Br.Clc1ccc(CCN2CCCC2)cc1Cl,1,7.54,1994.0,ChEMBL
Br.N=C(NC1CC2CCC1C2)NC1CC2CCC1C2,1,7.66,1990.0,ChEMBL
Br.N=C(NCc1ccccc1)NCc1ccccc1,1,7.265000000000001,1990.0,ChEMBL
Br.O=C(CC1CCN(CC2CC2)CC1)c1ccc(F)cc1,1,8.0,1994.0,ChEMBL
Br.O=C1c2ccccc2CCC1C1CCN(CC2CC2)CC1,1,7.58,1994.0,ChEMBL
Br.O=C1c2ccccc2CCC1C1CCN(CCc2ccccc2)CC1,1,8.0,1994.0,ChEMBL
Brc1ccc(Cc2cn(C3CCN(Cc4ccccc4)CC3)nn2)cc1,1,8.82,2022.0,ChEMBL
Brc1cccc(CNC2C3C4CC5C6C4C2C6C2(OCCO2)C53)c1.Cl,1,8.16,1996.0,ChEMBL
C#CCN(C)Cc1cc2cc(OCCCC3CCN(Cc4ccccc4)CC3)ccc2n1C,1,8.55,2018.0,ChEMBL
C#CCN(C)Cc1cc2cc(OCCCN3CCCCC3)ccc2n1C,1,7.19,2018.0,ChEMBL
C#CCN1CCC2(CC1)OC=C(c1ccccc1)C2=O.Cl,0,4.7,1993.0,ChEMBL
C(#Cc1ccccc1)CN(c1ccccc1)C1CCN(Cc2ccccc2)CC1.O=C(O)/C=C/C(=O)O,1,7.66,1994.0,ChEMBL
C(#Cc1ccccc1)CNC1CCN(Cc2ccccc2)CC1.O=C(O)/C=C/C(=O)O,1,8.6,1994.0,ChEMBL
C(#Cc1ccccc1)COC1CCN(CCc2ccccc2)CC1,1,8.4,1994.0,ChEMBL
C(#Cc1ccccc1)COCC1CCN(Cc2ccccc2)CC1,1,8.4,1994.0,ChEMBL
C(#Cc1ccccc1)COCCC1CCN(CC2CC2)CC1,1,9.0,1994.0,ChEMBL
C(#Cc1ccccc1)COCCC1CCN(CCc2ccccc2)CC1,1,8.15,1994.0,ChEMBL
C(/C=C/c1ccc2c(c1)OCO2)=C\CN1CCCCC1,1,9.07,2003.0,ChEMBL
C(/C=C/c1ccccc1)=C\OCC1CCN(Cc2ccccc2)CC1,1,6.67,1994.0,ChEMBL
C(=C/c1ccccc1)\CN(C/C=C/c1ccccc1)C1CCN(Cc2ccccc2)CC1.O=C(O)/C=C/C(=O)O,1,8.15,1994.0,ChEMBL
C(=C/c1ccccc1)\CN1C2CCC1c1c([nH]c3ccccc13)C2,1,6.585,1993.0,ChEMBL
C(=C/c1ccccc1)\CN1CCN(C(c2ccccc2)c2ccccc2)CC1,1,7.585,,ChEMBL
C(=C/c1ccccc1)\CNC1CCN(Cc2ccccc2)CC1.O=C(O)/C=C/C(=O)O,1,7.8,1994.0,ChEMBL
C(=C/c1ccccc1)\COCC1CCN(CC2CC2)CC1,1,8.3,1994.0,ChEMBL
C(=C/c1ccccc1)\COCC1CCN(CCCc2ccccc2)CC1,1,7.75,1994.0,ChEMBL
C(=C/c1ccccc1)\COCC1CCN(CCc2ccccc2)CC1,1,8.3,1994.0,ChEMBL
C(=C/c1ccccc1)\COCC1CCN(Cc2cccc3ccccc23)CC1,1,8.1,1994.0,ChEMBL
C(=C/c1ccccc1)\COCC1CCN(Cc2ccccc2)CC1,1,8.15,1994.0,ChEMBL
C(=C\c1ccccc1)\COCC1CCN(Cc2ccccc2)CC1,1,7.05,1994.0,ChEMBL
C(CCCNCCc1ccccc1)=C(c1ccccc1)c1ccccc1,1,8.89,2004.0,ChEMBL
C(COCC1CCN(Cc2ccccc2)CC1)=C(c1ccccc1)c1ccccc1,1,7.66,1994.0,ChEMBL
C/C(=N\C12CC3CC(CC(C3)C1)C2)NC12CC3CC(CC(C3)C1)C2,1,7.8,1993.0,ChEMBL
C/C(=N\C12CC3CC(CC(C3)C1)C2)Nc1ccccc1C.Cl,1,8.22,1993.0,ChEMBL
C/C(=N\C1CC2CCC1C2)Nc1ccccc1C,1,8.05,1993.0,ChEMBL
C/C(=N\C1CCCCC1)NC12CC3CC(CC(C3)C1)C2,1,7.14,1993.0,ChEMBL
C/C(=N\C1CCCCC1)Nc1ccccc1C.Cl,1,8.05,1993.0,ChEMBL
C/C(=N\c1ccc(Br)cc1C)Nc1ccc(Br)cc1C,1,7.58,1993.0,ChEMBL
C/C(=N\c1ccccc1C)Nc1ccccc1C.Cl,1,7.82,1993.0,ChEMBL
C/C=C/CN1CCC(COC/C=C/c2ccccc2)CC1,1,8.1,1994.0,ChEMBL
C1=C(CCCN2CCN(Cc3ccccc3)CC2)c2ccccc2CC1,1,7.18,1996.0,ChEMBL
C1=C(c2c[nH]c3ccccc23)CCN(CCCCc2ccncc2)C1,1,7.99,1993.0,ChEMBL
C1=C(c2c[nH]c3ncccc23)CCN(CCCc2ccccc2)C1,1,7.54,2022.0,ChEMBL
C1=C(c2ccc3ccccc3c2)CCN(CCCCc2ccncc2)C1,1,8.51,1993.0,ChEMBL
C1=C(c2ccccc2)CCN(CCCCc2ccncc2)C1,1,8.56,1993.0,ChEMBL
C1=C(c2ccccc2)CCNC1,1,6.0,1993.0,ChEMBL
C1=C(c2ccccn2)CCN(CCCCc2ccncc2)C1,1,7.35,1993.0,ChEMBL
C1=C(c2cccs2)CCN(CCCCc2ccncc2)C1,1,8.67,1993.0,ChEMBL
C1=Cc2ccccc2C2(CCN(Cc3ccccc3)CC2)O1,1,8.73,2002.0,ChEMBL
C1CCC(NC(=NC2CC2)NC2CCCCC2)CC1,1,6.54,1990.0,ChEMBL
C=C(C)CN1CCN(c2ccc3c(c2)CCCN(C(=O)OCc2ccccc2)C3)CC1,1,6.93,2021.0,ChEMBL
C=C(C)CN1CCN(c2ccc3c(c2)CCN(C(=O)OCc2ccccc2)C3)CC1,1,6.73,2021.0,ChEMBL
C=C(C)CN1CCN(c2ccc3c(c2)CN(C(=O)OCc2ccccc2)C3)CC1,1,7.04,2021.0,ChEMBL
C=C(C)CN1CCN(c2ccc3c(c2)CN(C(=O)OCc2ccccc2)CC3)CC1,1,6.61,2021.0,ChEMBL
C=C(C)CN1CCN(c2ccc3c(c2)CN(C(=O)OCc2ccccc2)CCC3)CC1,1,7.32,2021.0,ChEMBL
C=C(C)CN1CCN(c2ccc3c(c2)[C@H]2C[C@H]3CCN2C(=O)OCc2ccccc2)CC1,1,6.375,2021.0,ChEMBL
C=C1CCN2Cc3ccc(OC)cc3[C@H]3CCCC[C@]32C1,1,8.1,2020.0,ChEMBL
C=CCCCCN1CC[C@]2(C)c3cc(O)ccc3C[C@@H]1[C@@H]2C,1,7.1,2018.0,ChEMBL
C=CCCCN1CC[C@]2(C)c3cc(O)ccc3C[C@@H]1[C@@H]2C,1,6.75,2018.0,ChEMBL
C=CCCN1CCC2(CCCc3ccccc32)CC1.Cl,1,8.18,1992.0,ChEMBL
C=CCCN1CCN(c2ccc3c(c2)[C@H]2C[C@H]3CCN2C(=O)OCc2ccccc2)CC1,1,6.76,2021.0,ChEMBL
C=CCCN1CC[C@H]2c3ccccc3CC[C@H]2C1.Cl,1,8.76,1992.0,ChEMBL
C=CCCN1CC[C@]2(C)c3cc(O)ccc3C[C@@H]1[C@@H]2C,1,6.21,2018.0,ChEMBL
C=CCN(C)C1Cc2ccccc2C(c2ccccc2)C1.Cl,1,6.93,1993.0,ChEMBL
C=CCN(C)CC12CCCCC1C=Cc1ccc(OC(F)F)cc12,1,8.035,2022.0,ChEMBL
C=CCN(C)CC12CCCCC1C=Cc1ccc(OC)cc12,1,7.615,2022.0,ChEMBL
C=CCN(CC=C)C1Cc2ccccc2C(c2ccccc2)C1.Cl,1,6.925,1993.0,ChEMBL
C=CCN(CC=C)CCc1c[nH]c2ccc(Br)cc12,1,6.99,2016.0,ChEMBL
C=CCN(CC=C)CCc1c[nH]c2ccc(C)cc12,1,7.13,2016.0,ChEMBL
C=CCN(CC=C)CCc1c[nH]c2ccc(Cl)cc12,1,7.01,2016.0,ChEMBL
C=CCN(CC=C)CCc1c[nH]c2ccc(F)cc12,1,7.07,2016.0,ChEMBL
C=CCN(CC=C)CCc1c[nH]c2ccc(OC)cc12,1,6.52,2016.0,ChEMBL
C=CCN(CC=C)CCc1c[nH]c2ccccc12,1,7.0,2016.0,ChEMBL
C=CCN(CCc1ccc(Cl)c(Cl)c1)CCN1CCCC1,1,8.86,1992.0,ChEMBL
C=CCN1CCC2(C)c3cc(O)ccc3CC1C2C,1,6.795,1995.0,ChEMBL
C=CCN1CCC2(C)c3ccccc3CC1C2C,1,7.08,1995.0,ChEMBL
C=CCN1CCC2(CC1)OC=C(c1ccccc1)C2=O.Cl,1,6.79,1993.0,ChEMBL
C=CCN1CCC2(CCCc3ccccc32)CC1.Cl,1,7.74,1992.0,ChEMBL
C=CCN1CCN(c2ccc3c(c2)CCCN(C(=O)OCc2ccccc2)C3)CC1,1,6.94,2021.0,ChEMBL
C=CCN1CCN(c2ccc3c(c2)CCN(C(=O)OCc2ccccc2)C3)CC1,1,7.44,2021.0,ChEMBL
C=CCN1CCN(c2ccc3c(c2)CN(S(=O)(=O)c2cc(Cl)cc(Cl)c2)C3)CC1,1,7.64,2021.0,ChEMBL
C=CCN1CCN(c2ccc3c(c2)CN(S(=O)(=O)c2cc(Cl)cc(Cl)c2)CC3)CC1,1,7.27,2021.0,ChEMBL
C=CCN1CCN(c2ccc3c(c2)CN(S(=O)(=O)c2cc(Cl)cc(Cl)c2)CCC3)CC1,1,7.25,2021.0,ChEMBL
C=CCN1CCN(c2ccc3c(c2)[C@H]2C[C@H]3CCN2C(=O)OCc2ccccc2)CC1,1,6.23,2021.0,ChEMBL
C=CCN1CC[C@@]2(C)c3cc(O)ccc3CC1[C@H]2C,1,7.4,2005.0,ChEMBL
C=CCN1CC[C@@]2(C)c3cc(O)ccc3C[C@H]1[C@H]2C,1,6.785,2018.0,ChEMBL
C=CCN1CC[C@H]2c3ccccc3CC[C@H]2C1.Cl,1,8.34,1992.0,ChEMBL
C=CCN1CC[C@]2(C)c3cc(O)ccc3CC1[C@@H]2C,1,6.82,1998.0,ChEMBL
C=CCN1CC[C@]2(C)c3cc(O)ccc3C[C@@H]1[C@@H]2C,1,6.15,2018.0,ChEMBL
C=CCN1C[C@H](C)N([C@H](c2ccc(C(=O)N(CC)CC)cc2)c2cccc(O)c2)C[C@H]1C,1,6.97,2024.0,ChEMBL
C=CCNC1Cc2ccccc2C(c2ccccc2)C1.Cl,1,6.345,1993.0,ChEMBL
CC#C[C@]1(O)CC[C@H]2[C@@H]3CCC4=CC(=O)CCC4=C3[C@@H](c3ccc(N(C)C)cc3)C[C@@]21C,0,4.77,,ChEMBL
CC(=O)C1CCN(CCOc2ccn(-c3ccc(Cl)c(Cl)c3)n2)CC1,1,8.14,2012.0,ChEMBL
CC(=O)N(CCN1CCOCC1)c1cn(-c2ccc(Cl)c(Cl)c2)nn1,1,6.41,2015.0,ChEMBL
CC(=O)N(CCN1CCOCC1)c1cn(Cc2ccc(Cl)c(Cl)c2)nn1,1,6.34,2015.0,ChEMBL
CC(=O)N1CCCN(CCC(=O)NC2CCCCCC2)CC1,0,4.75,2013.0,ChEMBL
CC(=O)N1CCN(CCCCOc2cc(C)n(-c3ccc4ccccc4c3)n2)CC1,1,6.53,2012.0,ChEMBL
CC(=O)N1CCN(CCCOCc2cc(C)n(-c3ccc(Cl)c(Cl)c3)n2)CC1,1,8.05,2020.0,ChEMBL
CC(=O)N1CCN(CCNc2cn(-c3ccc(Cl)c(Cl)c3)nn2)CC1,1,6.56,2015.0,ChEMBL
CC(=O)N1CCN(CCNc2cn(Cc3ccc(Cl)c(Cl)c3)nn2)CC1,1,6.09,2015.0,ChEMBL
CC(=O)N1CCN(CCOCc2cc(C)n(-c3ccc(Cl)c(Cl)c3)n2)CC1,1,7.82,2020.0,ChEMBL
CC(=O)N1CCN(CCOCc2cc(C)n(-c3ccc(F)c(F)c3)n2)CC1,1,7.24,2020.0,ChEMBL
CC(=O)N1CCN(CCOCc2ccn(-c3ccc(F)c(F)c3)n2)CC1.Cl,1,7.66,2020.0,ChEMBL
CC(=O)N1CCN(CCOc2cc(C)n(-c3ccc(F)c(F)c3)n2)CC1,1,7.66,2022.0,ChEMBL
CC(=O)N1CCN(CCOc2cc(C)n(-c3ccc4ccccc4c3)n2)CC1,1,7.08,2012.0,ChEMBL
CC(=O)N1CCc2ccc(N(C(=O)/C=C/c3cccc(C#N)c3)C3CCN(CCC4CCCC4)CC3)cc21,1,6.58,2024.0,ChEMBL
CC(=O)Nc1ccc(CCN2CCC3(CC2)CN(c2ccccc2)C(=O)C(C)O3)cc1,1,6.62,2020.0,ChEMBL
CC(=O)Nc1ccc(CN2CC[C@]3(C)c4cc(O)ccc4C[C@H]2[C@H]3C)cc1,1,7.33,1995.0,ChEMBL
CC(=O)Nc1ccc2c(c1)C1(C)CCN(Cc3ccccc3)C(C2)C1C,1,8.25,1995.0,ChEMBL
CC(=O)Nc1cccc(CCN2CCC3(CC2)CN(c2ccccc2)C(=O)C(C)O3)c1,1,6.83,2020.0,ChEMBL
CC(=O)Nc1cccc(CCN2CCC3(CC2)CN(c2ccccc2)C(=O)[C@@H](C)O3)c1,1,6.69,2020.0,ChEMBL
CC(=O)Nc1cccc(N2CCN(CCCCNS(=O)(=O)CC3CCCCC3)CC2)c1,1,7.0,2006.0,ChEMBL
CC(=O)Nc1ccccc1CCN1CCC2(CC1)CN(c1ccccc1)C(=O)C(C)O2,1,6.18,2020.0,ChEMBL
CC(=O)Nc1nc(CN2CCC[C@H](Cc3cc(C)nc(C)c3)C2)cs1,1,7.2,2021.0,ChEMBL
CC(=O)OC(CCCN1CCN(c2ncc(F)cn2)CC1)c1ccc(F)cc1,1,6.64,1994.0,ChEMBL
CC(=O)Oc1ccc(N2C[C@H](CN3CCC(O)(c4ccc5c(c4)OCO5)CC3)OC2=O)cc1,1,6.6,1992.0,ChEMBL
CC(=O)[C@H]1CCC2C3CC=C4CC(/N=C(\N)Nc5ccccc5C)CC[C@]4(C)C3CC[C@@]21C.Cl,1,6.6,1990.0,ChEMBL
CC(=O)[C@H]1[C@H](C#N)C[C@H]2[C@@H]3CC=C4C[C@@H](O)CC[C@]4(C)[C@H]3CC[C@@]21C,0,4.859999999999999,,ChEMBL
CC(=O)c1c(OCCN2CCOCC2)nn(-c2ccc(Cl)c(Cl)c2)c1C,1,6.13,2012.0,ChEMBL
CC(C(=O)N1CCn2c(cc3cc(F)ccc32)C1)N1CCN(C)CC1,1,6.91,2018.0,ChEMBL
CC(C(=O)N1CCn2c(cc3cc(F)ccc32)C1)N1CCN(C2CCCCC2)CC1,1,7.59,2018.0,ChEMBL
CC(C(=O)N1CCn2c(cc3ccccc32)C1)N1CCC(Cc2ccccc2)CC1,1,7.6,2018.0,ChEMBL
CC(C(=O)N1CCn2c(cc3ccccc32)C1)N1CCC(N2CCCCC2)CC1,1,6.3,2018.0,ChEMBL
CC(C(=O)N1CCn2c(cc3ccccc32)C1)N1CCCCC1,1,6.89,2018.0,ChEMBL
CC(C(=O)N1CCn2c(cc3ccccc32)C1)N1CCCCCC1,1,7.57,2018.0,ChEMBL
CC(C(=O)N1CCn2c(cc3ccccc32)C1)N1CCN(C)CC1,1,6.955,2018.0,ChEMBL
CC(C(=O)N1CCn2c(cc3ccccc32)C1)N1CCN(C2CCCCC2)CC1,1,7.42,2018.0,ChEMBL
CC(C(=O)NCCC1CCCCCCC1)N1CCN(C(=O)C2CCCCC2)CC1,0,4.94,2013.0,ChEMBL
CC(C(O)c1ccc(O)cc1)N1CCC(Cc2ccccc2)CC1,1,8.41,1991.0,ChEMBL
CC(C)(C(=O)NC1CCCCC1)N1CCN(C2CCCC2)CC1,1,6.3,2013.0,ChEMBL
CC(C)(C)/N=C(\N)Nc1ccccc1I.Cl,1,7.68,1990.0,ChEMBL
CC(C)(C)C(=O)Nc1ncnc2c1cnn2CCCCN1CCC(C(C)(C)C)CC1,1,6.02,2017.0,ChEMBL
CC(C)(C)C(=O)Nc1ncnc2c1cnn2CCCCN1CCCCCC1,1,7.21,2017.0,ChEMBL
CC(C)(C)C(=O)Nc1ncnc2c1cnn2CCCN1CCCCC1,1,7.35,2017.0,ChEMBL
CC(C)(C)C(=O)Nc1ncnc2c1cnn2CCCN1CCCCCC1,1,7.48,2017.0,ChEMBL
CC(C)(C)C(=O)Nc1ncnc2c1cnn2CCN1CCC(C(C)(C)C)CC1,1,7.92,2017.0,ChEMBL
CC(C)(C)C(=O)Nc1ncnc2c1cnn2CCN1CCCCC1,1,7.29,2018.0,ChEMBL
CC(C)(C)C(=O)Nc1ncnc2c1cnn2CCN1CCCCCC1,1,8.05,2017.0,ChEMBL
CC(C)(C)C(=O)Nc1ncnc2c1cnn2CCN1CCCOCC1,1,6.74,2017.0,ChEMBL
CC(C)(C)CCNC(=O)CN1CCN(C(=O)C2CCCCC2)CC1,0,4.68,2013.0,ChEMBL
CC(C)(C)CCNC(=O)CN1CCNCC1,0,4.73,2013.0,ChEMBL
CC(C)(C)NC(=O)Nc1ncnc2c1cnn2CCN1CCCCCC1,1,7.39,2017.0,ChEMBL
CC(C)(C)NC[C@H](O)COc1cccc2c1CCCC2=O,1,6.300000000000001,,ChEMBL
CC(C)(C)NC[C@H](O)COc1nsnc1N1CCOCC1,1,6.41,2024.0,ChEMBL
CC(C)(C)OC(=O)N1CCCC1CNC1CCC(c2cc(F)ccc2F)(S(=O)(=O)c2ccc(Cl)cc2)CC1,1,6.65,2023.0,ChEMBL
CC(C)(C)OC(=O)NCC(=O)N1CCN(CCCc2ccccc2)CC1,1,6.76,1998.0,ChEMBL
CC(C)(C)OC(=O)NCCC(=O)N1CCN(CCCc2ccccc2)CC1,1,7.07,1998.0,ChEMBL
CC(C)(C)OC(=O)NCCCC(=O)N1CCN(CCCc2ccccc2)CC1,1,9.49,1998.0,ChEMBL
CC(C)(C)Oc1cc(CCC(C)(C)N2Cc3ccc(S(C)(=O)=O)cc3C2)ccc1O,1,7.2,2023.0,ChEMBL
CC(C)(C)Oc1cc(CCC(C)(C)N2Cc3cccc(F)c3C2)ccc1O,1,6.62,2020.0,ChEMBL
CC(C)(C)Oc1cc(CCC(C)(C)N2Cc3cccc(S(C)(=O)=O)c3C2)ccc1O,1,6.89,2020.0,ChEMBL
CC(C)(C)[C@@]1(O)CCN2C[C@@H]3c4ccccc4CCc4cccc(c43)[C@H]2C1,1,7.28,1994.0,ChEMBL
CC(C)(C)c1ccc(-c2nc(CN3CCCC3)nn2C2CC2)cc1,1,7.85,2021.0,ChEMBL
CC(C)(C)c1ccc(CCCN2CCCCC2)cc1,1,8.82,2017.0,ChEMBL
CC(C)(C)c1ccc(CCCN2CCOCC2)cc1,1,8.59,2017.0,ChEMBL
CC(C)(C)c1ccc(CN2CCC(C3CCc4ccccc4C3=O)CC2)cc1,1,7.58,1994.0,ChEMBL
CC(C)(C)c1ccc(CN2CCC3(CCc4ccccc4C3=O)CC2)cc1.Cl,1,7.82,1994.0,ChEMBL
CC(C)(C)c1ccc(CN2CC[C@H]3c4ccccc4CC[C@H]3C2)cc1.Cl,1,7.01,1992.0,ChEMBL
CC(C)(C)c1ccccc1NC(=N)Nc1ccccc1C(C)(C)C,1,6.45,1994.0,ChEMBL
CC(C)(CCc1ccc(F)cc1)N1Cc2cc3c(cc2C1)OCO3,1,8.39,2020.0,ChEMBL
CC(C)(CCc1ccc(F)cc1)N1Cc2ccc(F)cc2C1,1,8.68,2020.0,ChEMBL
CC(C)(CCc1ccc(F)cc1)N1Cc2cccc(F)c2C1,1,7.5,2020.0,ChEMBL
CC(C)(CCc1ccc(O)c(OC(F)(F)F)c1)N1Cc2c(F)ccc(F)c2C1,1,6.44,2020.0,ChEMBL
CC(C)(CCc1ccc(O)c(OC(F)(F)F)c1)N1Cc2ccc(S(C)(=O)=O)cc2C1,1,7.48,2020.0,ChEMBL
CC(C)(CCc1ccc(O)c(OC(F)(F)F)c1)N1Cc2cccc(F)c2C1,1,7.13,2020.0,ChEMBL
CC(C)(CCc1ccc(O)c(OC(F)(F)F)c1)N1Cc2cccc(S(C)(=O)=O)c2C1,1,7.26,2020.0,ChEMBL
CC(C)(CNc1ccccc1)N1CCN(Cc2ccccc2)CC1,1,8.0,2021.0,ChEMBL
CC(C)=CCN1CCC2(C)c3c(cc(Br)c(O)c3Br)CC1C2C,1,6.92,1995.0,ChEMBL
CC(C)=CCN1CCC2(C)c3c(ccc(O)c3Br)CC1C2C,1,8.6,1995.0,ChEMBL
CC(C)=CCN1CCC2(C)c3c(ccc(O)c3Cl)CC1C2C,1,8.58,1995.0,ChEMBL
CC(C)=CCN1CCC2(C)c3cc(F)ccc3CC1C2C,1,8.175,1995.0,ChEMBL
CC(C)=CCN1CCC2(C)c3cc(O)c(Br)cc3CC1C2C,1,7.135,1995.0,ChEMBL
CC(C)=CCN1CCC2(C)c3cc(O)c(I)cc3CC1C2C,1,6.74,1995.0,ChEMBL
CC(C)=CCN1CCC2(C)c3cc(O)ccc3CC1C2C,1,8.125,2022.0,ChEMBL
CC(C)=CCN1CCC2(C)c3ccccc3CC1C2C,1,8.190000000000001,1995.0,ChEMBL
CC(C)=CCN1CCC2(CCCc3ccccc32)CC1,1,8.98,1992.0,ChEMBL
CC(C)=CCN1CCC2(CCc3ccccc32)CC1.Cl,1,8.93,1992.0,ChEMBL
CC(C)=CCN1CCN(c2ccc3c(c2)[C@H]2C[C@H]3CCN2C(=O)OCc2ccccc2)CC1,1,7.21,2021.0,ChEMBL
CC(C)=CCN1CC[C@@]2(C)c3cc(O)ccc3CC1[C@H]2C,1,8.77,2005.0,ChEMBL
CC(C)=CCN1CC[C@@]2(C)c3cc(O)ccc3C[C@@H]1[C@@H]2C,1,7.08,2025.0,ChEMBL
CC(C)=CCN1CC[C@H]2c3ccccc3CC[C@H]2C1.Cl,1,8.93,1992.0,ChEMBL
CC(C)=CCN1CC[C@]2(C)c3cc(O)ccc3C[C@H]1[C@H]2C,1,8.51,2020.0,ChEMBL
CC(C)=CN1CC[C@@]2(C)c3cc(O)ccc3C[C@H]1[C@H]2C,1,8.51,2022.0,ChEMBL
CC(C)C1OC2(CCN(CCc3ccccc3)CC2)CN(C)C1=O,1,6.91,2020.0,ChEMBL
CC(C)C1OC2(CCN(CCc3ccccc3)CC2)CN(c2ccccc2)C1=O,1,8.0,2020.0,ChEMBL
CC(C)CCCC(C)CCCC(C)N1CC[C@H]2[C@H](C)[C@@H](O)CC[C@]2(C)C1,1,9.3,2005.0,ChEMBL
CC(C)CCN1CCC2(C)c3cc(F)ccc3CC1C2C,1,8.33,1995.0,ChEMBL
CC(C)CCN1CCN(Cc2ccccc2)[C@@H](CCO)C1,1,6.97,2014.0,ChEMBL
CC(C)CCOc1ccc2c(c1)[C@H]1OCCC[C@H]1[C@@H](C1CCCC1)N2,1,6.91,2013.0,ChEMBL
CC(C)CCOc1ccc2c(c1)[C@H]1OCCC[C@H]1[C@@H](C1CCCCC1)N2,1,7.564999999999999,2013.0,ChEMBL
CC(C)CCOc1ccc2c(c1)[C@H]1OCCC[C@H]1[C@@H](C1CCN(Cc3ccccc3)CC1)N2,1,7.82,2013.0,ChEMBL
CC(C)CCOc1ccc2c(c1)[C@H]1OCCC[C@H]1[C@@H](C1CCNCC1)N2,1,6.27,2013.0,ChEMBL
CC(C)CCOc1ccc2c(c1)[C@H]1OCCC[C@H]1[C@@H](C1CCOCC1)N2,1,7.52,2019.0,ChEMBL
CC(C)CCOc1ccc2c(c1)[C@H]1OCC[C@H]1[C@@H](C1CCCCC1)N2,1,6.97,2013.0,ChEMBL
CC(C)COc1cc(CCC(C)(C)N2Cc3ccc(S(C)(=O)=O)cc3C2)ccc1O,1,7.16,2020.0,ChEMBL
CC(C)COc1cc(CCC(C)(C)N2Cc3cccc(F)c3C2)ccc1O,1,7.02,2020.0,ChEMBL
CC(C)Cc1cc(=O)c2cc(OCCCCCN3CCC(O)CC3)ccc2o1,1,6.720000000000001,1992.0,ChEMBL
CC(C)Cn1cnc2sc3c(c2c1=O)CCNC3,1,6.74,2024.0,ChEMBL
CC(C)N(CCCCn1ncc2c(NC(=O)C34CC5CC(CC(C5)C3)C4)ncnc21)C(C)C,1,7.0,2017.0,ChEMBL
CC(C)N(CCNC(=O)[C@H]1C[C@@H]1c1ccccc1)C(C)C,1,7.2,2011.0,ChEMBL
CC(C)N(CCn1ncc2c(NC(=O)C(C)(C)C)ncnc21)C(C)C,1,6.4,2017.0,ChEMBL
CC(C)N1CCCN(CC(=O)N[C@H](C)C(C)(C)C)CC1,0,4.93,2013.0,ChEMBL
CC(C)N1CCN(CCCCn2ncc3c(NC(=O)C45CC6CC(CC(C6)C4)C5)ncnc32)CC1,1,6.24,2017.0,ChEMBL
CC(C)N1CCN(c2ccc(OCC3COC(Cn4cncn4)(c4ccc(Cl)cc4Cl)O3)cc2)CC1,1,6.48,,ChEMBL
CC(C)NC(=O)Nc1ncnc2c1cnn2CCN1CCCCCC1,1,7.64,2017.0,ChEMBL
CC(C)NCC(O)COc1ccc(CCOCC2CC2)cc1.Cl,1,6.61,2024.0,ChEMBL
CC(C)NCC(O)COc1cccc2ccccc12.Cl,1,7.02,2024.0,ChEMBL
CC(C)Oc1cc(CCC(C)(C)N2Cc3cc4c(cc3C2)OCO4)ccc1O,1,7.33,2020.0,ChEMBL
CC(C)Oc1cc(CCC(C)(C)N2Cc3ccc(F)cc3C2)ccc1O,1,7.34,2020.0,ChEMBL
CC(C)Oc1cc(CCC(C)(C)N2Cc3ccc(S(C)(=O)=O)cc3C2)ccc1O,1,7.3,2020.0,ChEMBL
CC(C)Oc1cc(CCC(C)(C)N2Cc3cccc(F)c3C2)ccc1O,1,6.92,2020.0,ChEMBL
CC(C)Oc1cc(CC[C@@H](C)N2Cc3cc4c(cc3C2)OCO4)ccc1O,1,8.24,2020.0,ChEMBL
CC(C)Oc1cc(CC[C@@H](C)N2Cc3ccc(F)cc3C2)ccc1O,1,8.04,2020.0,ChEMBL
CC(C)Oc1cc(CC[C@@H](C)N2Cc3ccc(S(C)(=O)=O)cc3C2)ccc1O,1,7.57,2020.0,ChEMBL
CC(C)Oc1cc(CC[C@@H](C)N2Cc3cccc(F)c3C2)ccc1O,1,8.1,2020.0,ChEMBL
CC(C)Oc1ccc(CCC(C)(C)N2Cc3ccc(F)cc3C2)cc1OC(C)C,1,7.0,2020.0,ChEMBL
CC(C)Oc1ccc(CC[C@@H](C)N2Cc3cc4c(cc3C2)OCO4)cc1OC(C)C,1,8.11,2020.0,ChEMBL
CC(C)Oc1ccc(CC[C@@H](C)N2Cc3ccc(F)cc3C2)cc1OC(C)C,1,7.75,2020.0,ChEMBL
CC(C)Oc1ccc(CC[C@@H](C)N2Cc3cccc(F)c3C2)cc1OC(C)C,1,7.21,2020.0,ChEMBL
CC(C)Oc1cccnc1N(C)C1CCN(Cc2ccc(I)cc2)CC1,1,7.09,2017.0,ChEMBL
CC(C)[C@@H]1C=Cc2ccccc2[C@H]1CCNCc1ccccc1,1,6.995,1999.0,ChEMBL
CC(C)[C@@](C#N)(CCCN(C)CCc1ccccc1)c1ccccc1,1,8.4,2005.0,ChEMBL
CC(C)[C@H](c1ccccc1)n1cnc2sc3c(c2c1=O)CCNC3,1,6.88,2024.0,ChEMBL
CC(C)[C@H]1C=Cc2ccccc2[C@@H]1CCNCc1ccccc1,1,7.02,1999.0,ChEMBL
CC(C)[C@H]1[C@@H]2CCN(Cc3ccccc3)[C@H]1Cc1ccccc12,1,6.405,1999.0,ChEMBL
CC(C)[C@H]1[C@H]2Cc3ccccc3[C@@H]1CCN2Cc1ccccc1,1,7.19,1999.0,ChEMBL
CC(C)[C@](C#N)(CCCN(C)CCc1ccccc1)c1ccccc1,1,9.0,2005.0,ChEMBL
CC(C)c1cc(OCCN2CCOCC2)nn1-c1ccc(Cl)c(Cl)c1,1,6.76,2012.0,ChEMBL
CC(C)c1ccc(-c2nc(CN3CCCC3)nn2C)cc1,1,7.02,2021.0,ChEMBL
CC(C)c1ccc(NC(=N)Nc2ccc(C(C)C)cc2)cc1,1,6.595000000000001,1994.0,ChEMBL
CC(C)c1cccc(NC(=N)Nc2cccc(C(C)C)c2)c1,1,7.065,1994.0,ChEMBL
CC(C)c1ccccc1/N=C(\N)Nc1cccc2ccccc12,1,7.04,1994.0,ChEMBL
CC(C)c1ccccc1NC(=N)Nc1ccccc1C(C)C,1,7.125,1994.0,ChEMBL
CC(C)n1c2c(c3ccccc31)C1CCC(C2)N1CCCCc1ccccc1,1,6.395,1993.0,ChEMBL
CC(C)n1nc(CN2CCCC2)nc1-c1ccc(C(C)(C)C)cc1,1,8.66,2021.0,ChEMBL
CC(CC(=O)N1CCn2c(cc3ccccc32)C1)N1CCN(C)CC1,1,7.17,2018.0,ChEMBL
CC(CCc1ccc(Cl)c(Cl)c1)N1Cc2ccc3ccccc3c2C1,1,7.16,2020.0,ChEMBL
CC(CN(C)CCc1ccc(Cl)c(Cl)c1)N(C)C,1,8.84,1992.0,ChEMBL
CC(CN1CCN(C)CC1)C(=O)N1CCn2c(cc3ccccc32)C1,1,7.14,2018.0,ChEMBL
CC(CN1c2ccccc2Sc2ccccc21)N(C)C,1,6.73,,ChEMBL
CC(Cc1ccc(Br)cc1)NCCCc1ccccc1,1,7.99,1994.0,ChEMBL
CC(Cc1ccc(C(C)(C)C)cc1)CN1C[C@@H](C)O[C@@H](C)C1,1,10.1,2017.0,ChEMBL
CC(Cc1ccc(Cl)c(Cl)c1)NCCCc1ccccc1,1,7.92,1991.0,ChEMBL
CC(Cc1ccc(I)cc1)NCCCc1ccccc1,1,8.08,1991.0,ChEMBL
CC(Cc1ccc(O)cc1)NCCCc1ccccc1,1,7.785,1994.0,ChEMBL
CC(Cc1ccc(OCc2ccccc2)cc1)NCCCc1ccccc1,1,7.57,1991.0,ChEMBL
CC(Cc1ccc2ccccc2c1)NCCCc1ccccc1,1,7.854999999999999,1994.0,ChEMBL
CC(Cc1cccc(Br)c1)NCCCc1ccccc1,1,8.115,1994.0,ChEMBL
CC(Cc1cccc(C(F)(F)F)c1)NCCCc1ccccc1,1,8.235,1994.0,ChEMBL
CC(Cc1cccc2ccccc12)NCCCc1ccccc1,1,7.89,1994.0,ChEMBL
CC(Cc1ccccc1)NC(C)c1ccccc1,1,6.56,1991.0,ChEMBL
CC(Cc1ccccc1)NCCCCc1ccccc1,1,8.03,1991.0,ChEMBL
CC(c1ccc(F)cc1)n1cnc2sc3c(c2c1=O)CCNC3,1,7.72,2024.0,ChEMBL
CC(c1cccs1)n1cnc2sc3c(c2c1=O)CCNC3,1,7.8,2024.0,ChEMBL
CC/C(=C(/CC)c1ccc(OCCN(CC)CC)cc1)c1ccc(OCCN(CC)CC)cc1,1,8.52,2005.0,ChEMBL
CC/C(=C(\c1ccccc1)c1ccc(OCCN(C)C)cc1)c1ccccc1,1,7.68,2005.0,ChEMBL
CC1(C)C(C(=O)Nc2ncnc3c2cnn3CCN2CCCCCC2)C1(C)C,1,7.96,2017.0,ChEMBL
CC1(C)C2CCC1(C)C(/N=C(\N)Nc1ccccc1I)C2.Cl,1,7.75,1990.0,ChEMBL
CC1(C)C2CC[C@@]1(C)CN(CC1CCCCC1)C2,1,8.97,1997.0,ChEMBL
CC1(C)C2CC[C@@]1(C)CN(CCC1CCCCC1)C2,1,8.87,1997.0,ChEMBL
CC1(C)C2CC[C@]1(C)CN(C1CCCCC1)C2,1,8.52,1997.0,ChEMBL
CC1(C)C2CC[C@]1(C)CN(CC1CCCCC1)C2,1,8.88,1997.0,ChEMBL
CC1(C)C2CC[C@]1(C)CN(CCC1C3CC4CC(C3)CC1C4)C2,1,8.37,1997.0,ChEMBL
CC1(C)C2CC[C@]1(C)CN(CCC1CCCC1)C2,1,8.78,1997.0,ChEMBL
CC1(C)C2CC[C@]1(C)CN(CCC1CCCCC1)C2,1,8.66,1997.0,ChEMBL
CC1(C)C2CC[C@]1(C)CN(CCC1CCCCCC1)C2,1,8.54,1997.0,ChEMBL
CC1(C)C2CC[C@]1(C)CN(CCC1CCCCCCC1)C2,1,8.54,1997.0,ChEMBL
CC1(C)C2CC[C@]1(C)CN(CCCC1CCCCC1)C2,1,8.6,1997.0,ChEMBL
CC1(C)C2CC[C@]1(C)CN(CCCCC1CCCCC1)C2,1,8.92,1997.0,ChEMBL
CC1(C)CCN(c2ncnc3c2cnn3CCN2CCCCC2)C1,1,6.78,2017.0,ChEMBL
CC1(C)OC2(CCN(CCc3ccccc3)CC2)CN(c2ccccc2)C1=O,1,7.89,2020.0,ChEMBL
CC1(C)OCC(CN2CCC(Cc3ccccc3)CC2)O1.O=C(O)C(=O)O,1,9.22,2020.0,ChEMBL
CC1(C)OCC(CN2CCN(Cc3ccccc3)CC2)O1.O=C(O)C(=O)O.O=C(O)C(=O)O,1,8.27,2020.0,ChEMBL
CC1(C)SCC(CN2CCC(Cc3ccccc3)CC2)S1,1,9.3,2023.0,ChEMBL
CC1(C)SCC(CN2CCC(Cc3ccccc3)CC2)S1.O=C(O)C(=O)O,1,8.7,2020.0,ChEMBL
CC1(C)SCC(CN2CCN(Cc3ccccc3)CC2)S1.O=C(O)C(=O)O.O=C(O)C(=O)O,1,9.22,2020.0,ChEMBL
CC12CC3CC(C)(C1)CC(/N=C(\N)Nc1ccccc1/C=C/c1ccccc1)(C3)C2.Cl,1,6.01,1990.0,ChEMBL
CC12CC3CC(C)(C1)CC(/N=C(\N)Nc1ccccc1I)(C3)C2.Cl,1,7.8,1990.0,ChEMBL
CC1C2CC3=C(CC(=O)C=C3)C1(C)CCN2Cc1ccccc1,1,7.95,1995.0,ChEMBL
CC1C2Cc3cc(Br)c(O)c(Br)c3C1(C)CCN2Cc1ccccc1,1,7.15,1995.0,ChEMBL
CC1C2Cc3cc(Br)c(O)cc3C1(C)CCN2Cc1ccccc1,1,7.16,1995.0,ChEMBL
CC1C2Cc3cc(Cl)c(O)c(Cl)c3C1(C)CCN2Cc1ccccc1,1,7.15,1995.0,ChEMBL
CC1C2Cc3cc(I)c(O)cc3C1(C)CCN2Cc1ccccc1,1,6.64,1995.0,ChEMBL
CC1C2Cc3ccc(Br)cc3C1(C)CCN2Cc1ccccc1,1,7.73,1995.0,ChEMBL
CC1C2Cc3ccc(Cl)cc3C1(C)CCN2Cc1ccccc1,1,7.77,1995.0,ChEMBL
CC1C2Cc3ccc(F)cc3C1(C)CCN2Cc1ccccc1,1,8.065,1995.0,ChEMBL
CC1C2Cc3ccc(I)cc3C1(C)CCN2Cc1ccccc1,1,6.88,1995.0,ChEMBL
CC1C2Cc3ccc(N(C)C)cc3C1(C)CCN2Cc1ccccc1,1,8.76,1995.0,ChEMBL
CC1C2Cc3ccc(N)cc3C1(C)CCN2Cc1ccccc1,1,8.83,1995.0,ChEMBL
CC1C2Cc3ccc(NS(C)(=O)=O)cc3C1(C)CCN2Cc1ccccc1,1,7.98,1995.0,ChEMBL
CC1C2Cc3ccc(O)c(Br)c3C1(C)CCN2Cc1ccccc1,1,8.76,1995.0,ChEMBL
CC1C2Cc3ccc(O)c(Cl)c3C1(C)CCN2Cc1ccccc1,1,8.76,1995.0,ChEMBL
CC1C2Cc3ccc(O)cc3C1(C)CCN2Cc1ccccc1,1,9.17,1995.0,ChEMBL
CC1C2Cc3ccccc3C1(C)CCN2C,1,6.32,1995.0,ChEMBL
CC1C2Cc3ccccc3C1(C)CCN2Cc1ccccc1,1,7.485,1995.0,ChEMBL
CC1CCN(CCC=C(c2ccccc2)c2ccccc2)CC1,1,8.72,2004.0,ChEMBL
CC1CCN(CCC=C2c3ccccc3Sc3ccccc32)CC1,1,9.1,2004.0,ChEMBL
CC1CCN(CCCC(c2ccccc2)c2ccccc2)CC1,1,8.96,2004.0,ChEMBL
CC1CCN(CCCC=C(c2ccccc2)c2ccccc2)CC1,1,9.89,2004.0,ChEMBL
CC1CCN(CCCCC(c2ccccc2)c2ccccc2)CC1,1,10.05,2004.0,ChEMBL
CC1CCN(CCCCCCOc2ccc3oc(-c4ccccc4)cc(=O)c3c2)CC1,1,7.619999999999999,1992.0,ChEMBL
CC1CCN(CCCCCc2ccccc2)CC1,1,10.15,2004.0,ChEMBL
CC1CCN(CCCCc2cccc3cc(OCCCCCCN4C(=O)c5ccc(N(C)C)cc5C4=O)ccc23)CC1,1,10.52,2023.0,ChEMBL
CC1CCN(CCCOc2ccc(Cl)cc2)CC1.Cl,1,8.75,2003.0,ChEMBL
CC1CCN(CCCc2ccc(C(C)(C)C)cc2)CC1,1,8.27,2017.0,ChEMBL
CC1CCN(CCOc2ccc(Cl)cc2)CC1.Cl,1,9.07,2003.0,ChEMBL
CC1CCN(CCOc2ccn(-c3ccc(Cl)c(Cl)c3)n2)CC1,1,8.07,2012.0,ChEMBL
CC1CCN(CC[C@@H](C)Oc2ccc(Cl)cc2)CC1.Cl,1,8.85,2003.0,ChEMBL
CC1CCN(CC[C@H](C)Oc2ccc(Cl)cc2)CC1.Cl,1,8.74,2003.0,ChEMBL
CC1CCN(C[C@@H](C)COc2ccc(Cl)cc2)CC1.Cl,1,8.77,2003.0,ChEMBL
CC1CCN(C[C@@H](C)Oc2ccc(Cl)cc2)CC1.Cl,1,8.74,2003.0,ChEMBL
CC1CCN(C[C@H](C)COc2ccc(Cl)cc2)CC1.Cl,1,8.96,2003.0,ChEMBL
CC1CCN(C[C@H](C)Oc2ccc(Cl)cc2)CC1.Cl,1,7.9,2003.0,ChEMBL
CC1CCN([C@@H](C)CCOc2ccc(Cl)cc2)CC1.Cl,1,8.57,2003.0,ChEMBL
CC1CCN([C@@H](C)COc2ccc(Cl)cc2)CC1.Cl,1,9.47,2003.0,ChEMBL
CC1CCN([C@H](C)CCOc2ccc(Cl)cc2)CC1.Cl,1,8.66,2003.0,ChEMBL
CC1CCN([C@H](C)COc2ccc(Cl)cc2)CC1.Cl,1,8.93,2003.0,ChEMBL
CC1CC[C@@]2(NC1)O[C@H]1C[C@H]3[C@@H]4CC=C5C[C@@H](O)CC[C@]5(C)[C@H]4CC[C@]3(C)[C@H]1[C@@H]2C,1,6.68,2005.0,ChEMBL
CC1CC[C@]2(NC1)O[C@H]1C[C@H]3[C@@H]4CC[C@H]5C[C@@H](O)CC[C@]5(C)[C@H]4CC[C@]3(C)[C@H]1[C@@H]2C,1,7.09,2005.0,ChEMBL
CC1CN(CCCc2ccc(C(C)(C)C)cc2)CC(C)O1,1,8.08,2017.0,ChEMBL
CC1CN(CCCn2c3ccccc3c3ccccc32)CC(C)N1CCCCCCN=C=S,1,6.15,1997.0,ChEMBL
CC1CN(CCCn2c3ccccc3c3ccccc32)CC(C)N1CCN=C=S,1,6.02,1997.0,ChEMBL
CC1OC2(CCN(CCc3ccc(F)cc3)CC2)CN(c2ccccc2)C1=O,1,7.96,2020.0,ChEMBL
CC1OC2(CCN(CCc3cccc(C#N)c3)CC2)CN(c2ccccc2)C1=O,1,7.55,2020.0,ChEMBL
CC1OC2(CCN(CCc3cccc(F)c3)CC2)CN(c2ccccc2)C1=O,1,8.1,2020.0,ChEMBL
CC1OC2(CCN(CCc3ccccc3)CC2)CN(C(C)C)C1=O,1,7.52,2020.0,ChEMBL
CC1OC2(CCN(CCc3ccccc3)CC2)CN(C)C1=O,1,6.85,2020.0,ChEMBL
CC1OC2(CCN(CCc3ccccc3)CC2)CN(CCc2ccccc2)C1=O,1,7.92,2020.0,ChEMBL
CC1OC2(CCN(CCc3ccccc3)CC2)CN(CCc2ccccc2F)C1=O,1,6.05,2020.0,ChEMBL
CC1OC2(CCN(CCc3ccccc3)CC2)CN(Cc2ccccc2)C1=O,1,8.0,2020.0,ChEMBL
CC1OC2(CCN(CCc3ccccc3)CC2)CN(c2ccc(C(F)(F)F)nc2)C1=O,1,8.05,2020.0,ChEMBL
CC1OC2(CCN(CCc3ccccc3)CC2)CN(c2ccc(O)cc2)C1=O,1,6.91,2020.0,ChEMBL
CC1OC2(CCN(CCc3ccccc3)CC2)CN(c2cccc(C(F)(F)F)n2)C1=O,1,8.1,2020.0,ChEMBL
CC1OC2(CCN(CCc3ccccc3)CC2)CN(c2cccc(O)c2)C1=O,1,7.26,2020.0,ChEMBL
CC1OC2(CCN(CCc3ccccc3)CC2)CN(c2ccccc2)C1=O,1,8.22,2020.0,ChEMBL
CC1OC2(CCN(CCc3ccccc3)CC2)CN(c2ccccc2Cl)C1=O,1,8.1,2020.0,ChEMBL
CC1OC2(CCN(CCc3ccccc3)CC2)CN(c2ccccc2F)C1=O,1,7.96,2020.0,ChEMBL
CC1OC2(CCN(CCc3ccccc3)CC2)CN(c2ccccc2O)C1=O,1,7.29,2020.0,ChEMBL
CC1OC2(CCN(CCc3ccccc3)CC2)CN(c2ccccn2)C1=O,1,7.89,2020.0,ChEMBL
CC1OC2(CCN(CCc3ccccc3)CC2)CN(c2cccnc2)C1=O,1,7.17,2020.0,ChEMBL
CC1OC2(CCN(CCc3ccccc3)CC2)CN(c2cccnc2C(F)(F)F)C1=O,1,7.32,2020.0,ChEMBL
CC1OC2(CCN(CCc3ccccc3)CC2)CN(c2ccncc2)C1=O,1,7.06,2020.0,ChEMBL
CC1OC2(CCN(CCc3ccccc3)CC2)CN(c2cncc(C(F)(F)F)c2)C1=O,1,7.85,2020.0,ChEMBL
CC1OC2(CCN(CCc3ccccc3)CC2)CN(c2cncc(F)c2)C1=O,1,8.52,2020.0,ChEMBL
CC1OC2(CCN(CCc3ccccc3)CC2)CN(c2cnccc2C(F)(F)F)C1=O,1,7.2,2020.0,ChEMBL
CC1OC2(CCN(CCc3ccccc3)CC2)CN(c2cnccn2)C1=O,1,7.89,2020.0,ChEMBL
CC1OC2(CCN(CCc3ccccc3)CC2)CN(c2ncccc2C(F)(F)F)C1=O,1,7.27,2020.0,ChEMBL
CC1OC2(CCN(CCc3ccccc3)CC2)CN(c2ncccc2F)C1=O,1,7.41,2020.0,ChEMBL
CC1OC2(CCN(CCc3ccccc3F)CC2)CN(c2ccccc2)C1=O,1,8.1,2020.0,ChEMBL
CC1OC2(CCN(CCc3ccccn3)CC2)CN(c2ccccc2)C1=O,1,7.28,2020.0,ChEMBL
CC1OC2(CCN(CCc3ccccn3)CC2)CN(c2cnccc2C(F)(F)F)C1=O,1,6.21,2020.0,ChEMBL
CC1OC2(CCN(CCc3cccnc3)CC2)CN(c2ccccc2)C1=O,1,7.04,2020.0,ChEMBL
CC1OC2(CCN(CCc3ccncc3)CC2)CN(c2ccccc2)C1=O,1,6.95,2020.0,ChEMBL
CCC(=N\O)/C(C)=C/c1ccc(F)c(C)c1,1,6.28,2023.0,ChEMBL
CCC(=N\O)/C(C)=C/c1ccc(F)cc1,1,6.32,2021.0,ChEMBL
CCC(=O)N(CC(C)(C)N1CCN(Cc2ccccc2)CC1)c1ccccc1,1,7.85,2021.0,ChEMBL
CCC(=O)N(CC1(C2CCN(Cc3ccccc3)CC2)CCOCC1)c1cccc(C(F)(F)F)n1,1,7.22,2021.0,ChEMBL
CCC(=O)N(CC1(N2CC3CN(Cc4ccccc4)CC3C2)CCOCC1)c1cccc(C(F)(F)F)n1,1,7.19,2021.0,ChEMBL
CCC(=O)N(CC1(N2CCN(C(C)c3ccccc3)CC2)CCOCC1)c1cccc(C(F)(F)F)n1,1,7.47,2021.0,ChEMBL
CCC(=O)N(CC1(N2CCN(C(CO)c3ccccc3)CC2)CCOCC1)c1cccc(C(F)(F)F)n1,1,6.18,2021.0,ChEMBL
CCC(=O)N(CC1(N2CCN(C)CC2)CCCCC1)c1ccccc1,1,6.3,2021.0,ChEMBL
CCC(=O)N(CC1(N2CCN(CC(C)(C)O)CC2)CCOCC1)c1cccc(C(F)(F)F)n1,1,6.96,2021.0,ChEMBL
CCC(=O)N(CC1(N2CCN(CC(C)C)CC2)CCOCC1)c1cccc(C(F)(F)F)n1,1,6.97,2023.0,ChEMBL
CCC(=O)N(CC1(N2CCN(CC(O)c3ccccc3)CC2)CCOCC1)c1cccc(C(F)(F)F)n1,1,6.32,2021.0,ChEMBL
CCC(=O)N(CC1(N2CCN(CCCOC)CC2)CCOCC1)c1cccc(C(F)(F)F)n1,1,7.42,2021.0,ChEMBL
CCC(=O)N(CC1(N2CCN(CCOC(C)C)CC2)CCOCC1)c1cccc(C(F)(F)F)n1,1,7.27,2021.0,ChEMBL
CCC(=O)N(CC1(N2CCN(CCOC)CC2)CCOCC1)c1cccc(C(F)(F)F)n1,1,6.59,2021.0,ChEMBL
CCC(=O)N(CC1(N2CCN(CCOCC(C)C)CC2)CCOCC1)c1cccc(C(F)(F)F)n1,1,7.22,2021.0,ChEMBL
CCC(=O)N(CC1(N2CCN(CCOCC(F)(F)F)CC2)CCOCC1)c1cccc(C(F)(F)F)n1,1,7.28,2021.0,ChEMBL
CCC(=O)N(CC1(N2CCN(CCOc3ccccc3)CC2)CCOCC1)c1cccc(C(F)(F)F)n1,1,7.29,2021.0,ChEMBL
CCC(=O)N(CC1(N2CCN(CCc3ccccc3)CC2)CCOCC1)c1cccc(C(F)(F)F)n1,1,7.46,2021.0,ChEMBL
CCC(=O)N(CC1(N2CCN(Cc3ccccc3)CC2)CC1)c1cccc(C(F)(F)F)n1,1,8.1,2021.0,ChEMBL
CCC(=O)N(CC1(N2CCN(Cc3ccccc3)CC2)CC1)c1cccc(F)c1,1,7.89,2021.0,ChEMBL
CCC(=O)N(CC1(N2CCN(Cc3ccccc3)CC2)CC1)c1ccccc1,1,7.38,2021.0,ChEMBL
CCC(=O)N(CC1(N2CCN(Cc3ccccc3)CC2)CC1)c1ccccc1F,1,7.77,2021.0,ChEMBL
CCC(=O)N(CC1(N2CCN(Cc3ccccc3)CC2)CC1)c1ccccc1O,1,6.76,2021.0,ChEMBL
CCC(=O)N(CC1(N2CCN(Cc3ccccc3)CC2)CC1)c1ccccn1,1,7.05,2021.0,ChEMBL
CCC(=O)N(CC1(N2CCN(Cc3ccccc3)CC2)CC1)c1ncccc1C(F)(F)F,1,7.44,2021.0,ChEMBL
CCC(=O)N(CC1(N2CCN(Cc3ccccc3)CC2)CC1)c1ncccc1F,1,7.12,2021.0,ChEMBL
CCC(=O)N(CC1(N2CCN(Cc3ccccc3)CC2)CCCCC1)c1ccccc1,1,7.64,2021.0,ChEMBL
CCC(=O)N(CC1(N2CCN(Cc3ccccc3)CC2)CCN(C)CC1)c1ccccc1,1,6.46,2021.0,ChEMBL
CCC(=O)N(CC1(N2CCN(Cc3ccccc3)CC2)CCOC(C)(C)C1)c1cccc(C(F)(F)F)n1,1,7.16,2021.0,ChEMBL
CCC(=O)N(CC1(N2CCN(Cc3ccccc3)CC2)CCOCC1)c1cccc(C(F)(F)F)n1,1,7.52,2021.0,ChEMBL
CCC(=O)N(CC1(N2CCN(Cc3ccccc3)CC2)CCOCC1)c1ccccc1,1,7.68,2021.0,ChEMBL
CCC(=O)N(CC1(N2CCN(Cc3ccccc3)CC2)CCSCC1)c1cccc(C(F)(F)F)n1,1,7.33,2021.0,ChEMBL
CCC(=O)N(CC1(N2CCN(Cc3ccccc3)CC2)COC1)c1ccccc1,1,7.38,2021.0,ChEMBL
CCC(=O)N(CCN1CCC(N(C)Cc2ccccc2)C1)c1ccccc1,1,7.0,2021.0,ChEMBL
CCC(=O)N(CCN1CCN(Cc2ccccc2)CC1)c1ccccc1,1,7.04,2021.0,ChEMBL
CCC(=O)N(Cc1ccccc1)CC1(N2CCN(Cc3ccccc3)CC2)CC1,1,8.1,2021.0,ChEMBL
CCC(=O)N(c1ccccc1)C1CCN(CCc2ccccc2)CC1,1,7.93,2020.0,ChEMBL
CCC(=O)N(c1ccccc1)C1CCN(Cc2ccccc2)CC1,1,6.62,2023.0,ChEMBL
CCC(=O)c1ccc2c(c1)oc(=O)n2CCN1CCCCC1,1,7.14,1998.0,ChEMBL
CCC(=O)c1ccc2c(c1)sc(=O)n2C(=O)CC,1,7.2,1998.0,ChEMBL
CCC(=O)c1ccc2c(c1)sc(=O)n2CCN1CCCC1,1,6.24,1998.0,ChEMBL
CCC(=O)c1ccc2c(c1)sc(=O)n2CCN1CCCCC1,1,7.33,1998.0,ChEMBL
CCC(C(=O)N1CCn2c(cc3ccccc32)C1)N(C)CCN(C)C,1,6.37,2018.0,ChEMBL
CCC(C(=O)N1CCn2c(cc3ccccc32)C1)N1CCN(C)CC1,1,7.05,2018.0,ChEMBL
CCC(C(=O)NC1CCCCC1)N1CCN(C2CCCC2)CC1,1,6.23,2013.0,ChEMBL
CCC(C)C(C(=O)OCC[N+](C)(CC)CC)c1ccccc1.[Br-],1,6.51,,ChEMBL
CCC(CC)NC(=O)CN1CCCN(C)CC1,0,4.82,2013.0,ChEMBL
CCC1Cc2ccccc2C2(CCN(Cc3ccccc3)CC2)O1,1,7.93,2002.0,ChEMBL
CCC1OC2(CCN(CCc3ccccc3)CC2)CN(c2ccccc2)C1=O,1,8.22,2020.0,ChEMBL
CCCC(=O)O[C@@H]1C2=CCN3CCC[C@@H]3[C@H]2CCC1(C)C,1,7.85,2025.0,ChEMBL
CCCC(=O)O[C@@H]1C2=CCN3CCC[C@@H]3[C@H]2C[C@@H](OC(C)=O)C1(C)C,1,6.42,2025.0,ChEMBL
CCCC(=O)O[C@H]1[C@H]2[C@H](CCN3CCC[C@@H]23)CC(C)(C)[C@H]1OC(=O)CCC,1,6.42,2025.0,ChEMBL
CCCC(C(=O)OCCN(CC)CC)(c1ccccc1)c1ccccc1,1,6.785,2004.0,ChEMBL
CCCC(Cc1ccc(OC)c(OCCc2ccccc2)c1)N(CCC)CCC,1,7.199999999999999,1999.0,ChEMBL
CCCC(Cc1ccccc1)NCCCCc1ccccc1,1,8.57,1994.0,ChEMBL
CCCC(Cc1ccccc1)[N+](C)(C)CCCc1ccccc1,1,6.47,1994.0,ChEMBL
CCCC(N)Cc1ccc(OC)c(OCCc2ccccc2)c1.Cl,1,6.48,1999.0,ChEMBL
CCCCC(=O)c1ccc2c(c1)sc(=O)n2CCN(C)C,1,6.2,1998.0,ChEMBL
CCCCC(C(=O)NC1CCCCC1)N1CCNCC1,0,4.94,2013.0,ChEMBL
CCCCC(Cc1ccc(OC)c(OCCc2ccccc2)c1)N(CCC)CCC,1,7.54,1999.0,ChEMBL
CCCCC(Cc1ccc(OC)c(OCCc2ccccc2)c1)NCCC,1,7.59,1999.0,ChEMBL
CCCCC(Cc1ccc(OC)c(OCCc2ccccc2)c1)NCCC.Cl,1,6.66,1999.0,ChEMBL
CCCCC(N)Cc1ccc(OC)c(OCCc2ccccc2)c1,1,6.8,1999.0,ChEMBL
CCCCCC(Cc1ccc(OC)c(OCCc2ccccc2)c1)N(CCC)CCC.Cl,1,7.52,1999.0,ChEMBL
CCCCCC(Cc1ccc(OC)c(OCCc2ccccc2)c1)NCCC.Cl,1,7.890000000000001,1999.0,ChEMBL
CCCCCC(N)Cc1ccc(OC)c(OCCc2ccccc2)c1.Cl,1,6.96,1999.0,ChEMBL
CCCCCCC(Cc1ccc(OC)c(OCCc2ccccc2)c1)N(CCC)CCC,1,6.82,1999.0,ChEMBL
CCCCCCC(Cc1ccc(OC)c(OCCc2ccccc2)c1)NCCC,1,7.345000000000001,1999.0,ChEMBL
CCCCCCC(N)Cc1ccc(OC)c(OCCc2ccccc2)c1,1,6.77,1999.0,ChEMBL
CCCCCCCC(Cc1ccc(OC)c(OCCc2ccccc2)c1)N(CCC)CCC,1,6.64,1999.0,ChEMBL
CCCCCCCC(Cc1ccc(OC)c(OCCc2ccccc2)c1)NCCC,1,7.89,1999.0,ChEMBL
CCCCCCCC(N)Cc1ccc(OC)c(OCCc2ccccc2)c1,1,6.38,1999.0,ChEMBL
CCCCCCCCC(Cc1ccc(OC)c(OCCc2ccccc2)c1)NCCC,1,6.77,1999.0,ChEMBL
CCCCCCCCCCCCC(C#N)(CCCN(C)CCc1ccccc1)c1ccccc1,1,9.0,2005.0,ChEMBL
CCCCCCCCCCCCCN1C[C@@H](C)O[C@@H](C)C1,1,10.4,2005.0,ChEMBL
CCCCCCCCCCN1CC[C@]2(C)c3cc(O)ccc3CC1[C@@H]2C,1,7.42,1994.0,ChEMBL
CCCCCCCCCCN1CC[C@]2(C)c3cc(O)ccc3CC1[C@H]2C,1,7.16,1994.0,ChEMBL
CCCCCCCCCN1CC[C@]2(C)c3cc(O)ccc3CC1[C@@H]2C,1,7.5,1994.0,ChEMBL
CCCCCCCCCN1CC[C@]2(C)c3cc(O)ccc3CC1[C@H]2C,1,7.92,1994.0,ChEMBL
CCCCCCCCN1CC[C@]2(C)c3cc(O)ccc3CC1[C@@H]2C,1,7.46,1994.0,ChEMBL
CCCCCCCCN1CC[C@]2(C)c3cc(O)ccc3CC1[C@H]2C,1,8.55,1994.0,ChEMBL
CCCCCCCCN=C(NC1CCCCC1)NC1CCCCC1.Cl,1,6.62,1990.0,ChEMBL
CCCCCCCCNC(C)C(O)c1ccc(SC(C)C)cc1,1,7.119999999999999,,ChEMBL
CCCCCCCN1CC[C@]2(C)c3cc(O)ccc3CC1[C@@H]2C,1,7.31,1994.0,ChEMBL
CCCCCCCN1CC[C@]2(C)c3cc(O)ccc3CC1[C@H]2C,1,8.72,1994.0,ChEMBL
CCCCCCCOc1ccccc1NC(=O)OC(C)CN(CC)CC,1,6.64,2005.0,ChEMBL
CCCCCCN1CCC2(CCCc3ccccc32)CC1.Cl,1,8.54,1992.0,ChEMBL
CCCCCCN1CCC2(CCc3ccccc32)CC1.Cl,1,8.82,1992.0,ChEMBL
CCCCCCN1CC[C@@]2(C)c3cc(O)ccc3CC1[C@H]2C,1,8.64,1994.0,ChEMBL
CCCCCCN1CC[C@]2(C)c3cc(O)ccc3CC1[C@@H]2C,1,7.4,1994.0,ChEMBL
CCCCCCOc1ccc2c(c1OC)CN1CCc3cc(OC)c(O)cc3C1C2,1,7.43,2016.0,ChEMBL
CCCCCN(C)C(=O)CN1CCCNCC1,0,4.82,2013.0,ChEMBL
CCCCCN(C)C(=O)CN1CCNC2(CCCCC2)C1,1,6.68,2013.0,ChEMBL
CCCCCN1CCN(CCc2ccc(Cl)c(Cl)c2)CC1,1,8.77,1993.0,ChEMBL
CCCCCN1CC[C@@]2(C)c3cc(O)ccc3CC1[C@H]2C,1,8.42,1994.0,ChEMBL
CCCCCN1CC[C@]2(C)c3cc(O)ccc3CC1[C@@H]2C,1,7.35,1994.0,ChEMBL
CCCCCN1C[C@@H]2[C@@H](C1)OCc1c(-c3ccccc3)nnn12,1,8.22,2021.0,ChEMBL
CCCCCNC(=N)N/N=C/c1c[nH]c2ccc(OC)cc12.O=C(O)/C=C\C(=O)O,1,6.75,2024.0,ChEMBL
CCCCCNCCc1ccccc1,1,7.32,1994.0,ChEMBL
CCCCCOc1ccc2c(c1OC)CN1CCc3cc(OC)c(O)cc3C1C2,1,6.92,2016.0,ChEMBL
CCCCCc1ccc2c(c1)[C@H]1OCCC[C@H]1[C@@H](C(CC)CC)N2,1,6.39,2013.0,ChEMBL
CCCCCc1ccc2c(c1)[C@H]1OCCC[C@H]1[C@@H](C1CCCCC1)N2,1,7.545,2013.0,ChEMBL
CCCCCc1ccc2c(c1)[C@H]1OCCC[C@H]1[C@@H](C1CCOCC1)N2,1,7.17,2013.0,ChEMBL
CCCCCc1ccc2c(c1)[C@H]1OCC[C@H]1[C@@H](C1CCCCC1)N2,1,6.61,2013.0,ChEMBL
CCCCN(CCC)C(=O)CN1CCNCC1,0,4.79,2013.0,ChEMBL
CCCCN(CCCC)C(=O)CN1C[C@@H](c2cc(OC)c3c(c2)OCO3)[C@H](C(=O)O)[C@H]1CC(C)(C)CCC,1,6.53,2021.0,ChEMBL
CCCCN(CCCC)C(=O)CN1C[C@@H](c2cc(OC)c3c(c2)OCO3)[C@H](C(=O)O)[C@H]1CC(C)(C)CCC.Cl,1,6.54,2023.0,ChEMBL
CCCCN(CCc1ccc(Cl)c(Cl)c1)CCN1CCCC1,1,7.93,1992.0,ChEMBL
CCCCN1C(=O)C(CC2CCCCC2)NC(=O)C12CCN(Cc1ccc3c(c1)OCCO3)CC2.Cl,1,6.74,2006.0,ChEMBL
CCCCN1CCC(COC(=O)c2cc(Cl)c(N)c3c2OCCO3)CC1.Cl,1,7.5,2024.0,ChEMBL
CCCCN1CCC2(CCCCc3ccccc32)CC1.Cl,1,8.32,1992.0,ChEMBL
CCCCN1CCC2(CCCc3ccccc32)CC1,1,9.22,2005.0,ChEMBL
CCCCN1CCC2(CCCc3ccccc32)CC1.Cl,1,8.92,1992.0,ChEMBL
CCCCN1CCC2(CCc3ccccc32)CC1.Cl,1,8.69,1992.0,ChEMBL
CCCCN1CCC2=C(CCCc3ccccc32)C1.Cl,1,8.4,1992.0,ChEMBL
CCCCN1CCC2=C(CCc3ccccc32)C1.Cl,1,8.12,1992.0,ChEMBL
CCCCN1CCC2=C(Cc3ccccc32)C1.Cl,1,8.73,1992.0,ChEMBL
CCCCN1CCC2c3ccccc3CC2C1.Cl,1,7.96,1992.0,ChEMBL
CCCCN1CCC2c3ccccc3CCCC2C1.Cl,1,8.67,1992.0,ChEMBL
CCCCN1CCN(C2(CN(C(=O)CC)c3cccc(C(F)(F)F)n3)CCOCC2)CC1,1,6.83,2021.0,ChEMBL
CCCCN1CCN(CCc2ccc(Cl)c(Cl)c2)CC1,1,9.26,1993.0,ChEMBL
CCCCN1CCN(Cc2ccc(-c3ccccc3)cc2)[C@@H](CCO)C1,1,6.33,2014.0,ChEMBL
CCCCN1CCN(Cc2ccc(OC)cc2)[C@@H](CCO)C1,1,6.31,2014.0,ChEMBL
CCCCN1CCN(Cc2ccccc2)[C@@H](CCO)C1,1,6.55,2014.0,ChEMBL
CCCCN1CC[C@@H]2c3ccccc3CC[C@H]2C1.Cl,1,8.51,1992.0,ChEMBL
CCCCN1CC[C@@]2(C)c3cc(O)ccc3CC1[C@H]2C,1,8.22,1994.0,ChEMBL
CCCCN1CC[C@H]2c3cc(C)cc(C)c3CC[C@H]2C1.Cl,1,8.69,1992.0,ChEMBL
CCCCN1CC[C@H]2c3ccccc3CC[C@H]2C1.Cl,1,8.2,1992.0,ChEMBL
CCCCN1CC[C@]2(C)c3cc(O)ccc3CC1[C@@H]2C,1,6.98,1994.0,ChEMBL
CCCCN1C[C@@H]2CN(c3ccc4c(c3)[C@@H]3C[C@H]4CCN3C(=O)OCc3ccccc3)C[C@@H]2C1,1,7.3,2023.0,ChEMBL
CCCCNC(=N)NCCCC,1,6.109999999999999,1990.0,ChEMBL
CCCCNC(=O)Nc1ncnc2c1cnn2CCN1CCCCCC1,1,7.54,2017.0,ChEMBL
CCCCNC(=S)Nc1ncnc2c1cnn2CCN1CCCCCC1,1,7.89,2017.0,ChEMBL
CCCCOc1ccc(OCCCN2CCOCC2)cc1,1,7.105,,ChEMBL
CCCCOc1ccc2c(c1)[C@H]1OCCC[C@H]1[C@@H](C1CCCCC1)N2,1,6.75,2013.0,ChEMBL
CCCCOc1ccc2c(c1OC)CN1CCc3cc(OC)c(O)cc3C1C2,1,7.89,2016.0,ChEMBL
CCCCc1ccc(C(=O)NCCCN(C)Cc2ccccc2)cc1,1,8.14,2019.0,ChEMBL
CCCCc1oc2ccccc2c1C(=O)c1cc(I)c(OCCN(CC)CC)c(I)c1,1,7.39,2005.0,ChEMBL
CCCN(C)C1Cc2ccccc2C(c2ccccc2)C1,1,8.35,1994.0,ChEMBL
CCCN(C)CCCCCc1ccccc1,1,9.54,1994.0,ChEMBL
CCCN(CCC)C(C)Cc1ccc(OC)c(OCCc2ccccc2)c1,1,7.92,1999.0,ChEMBL
CCCN(CCC)C(CC)Cc1ccc(OC)c(OCCc2ccccc2)c1,1,7.325,1999.0,ChEMBL
CCCN(CCC)C1Cc2ccccc2C(c2ccccc2)C1,1,7.89,1994.0,ChEMBL
CCCN(CCC)CCc1ccc(OC)c(OCCc2ccccc2)c1,1,8.98,2022.0,ChEMBL
CCCN(CCC)CCc1ccc(OC)c(OCCc2ccccc2)c1.Cl,1,7.98,1999.0,ChEMBL
CCCN(CCCc1ccccc1)CCc1ccc(N=[N+]=[N-])c([125I])c1,1,8.14,2013.0,ChEMBL
CCCN(CCN1CCOCC1)c1cn(-c2ccc(Cl)c(Cl)c2)nn1,1,6.35,2015.0,ChEMBL
CCCN(CC[C@]1(O)C[C@H](NC(=O)c2ccc3ccccc3c2)C1)[C@H]1CCc2nc(N)sc2C1,1,6.28,2020.0,ChEMBL
CCCN(CCc1ccc(Cl)c(Cl)c1)CCN1CCCC1,1,8.87,1992.0,ChEMBL
CCCN(CCc1ccc(Cl)c(Cl)c1)[C@@H]1CCCC[C@@H]1N1CCCC1,1,7.25,1991.0,ChEMBL
CCCN(CCc1ccc(Cl)c(Cl)c1)[C@H]1CCCC[C@H]1N1CCCC1,1,6.85,1991.0,ChEMBL
CCCN1CCC(c2cccc(S(C)(=O)=O)c2)CC1,1,7.09,2024.0,ChEMBL
CCCN1CCC2=C(CCc3ccccc32)C1.Cl,1,7.67,1992.0,ChEMBL
CCCN1CCC=C(c2cc(-c3ccc(C)cc3)no2)C1,1,9.4,2022.0,ChEMBL
CCCN1CCCC(c2cccc(O)c2)C1,1,7.115,1991.0,ChEMBL
CCCN1CCC[C@@H](c2cccc(O)c2)C1,1,6.63,2003.0,ChEMBL
CCCN1CCC[C@H](c2cccc(O)c2)C1,1,8.22,2005.0,ChEMBL
CCCN1CCN(C2(CN(C(=O)CC)c3cccc(C(F)(F)F)n3)CCOCC2)CC1,1,6.64,2021.0,ChEMBL
CCCN1CCN(CCc2ccc(Cl)c(Cl)c2)CC1,1,9.215,1993.0,ChEMBL
CCCN1CCN(c2ccc(C3CCCCN3C(=O)OCc3ccccc3)cc2)CC1,1,8.165,2022.0,ChEMBL
CCCN1CCN(c2ccc3c(c2)C(N(C)C(=O)/C=C/c2ccccc2)CCC3)CC1,1,6.71,2022.0,ChEMBL
CCCN1CCN(c2ccc3c(c2)C(N(C)C(=O)Cc2ccccc2)CCC3)CC1,1,6.73,2022.0,ChEMBL
CCCN1CCN(c2ccc3c(c2)C(N(C)C(=O)OCc2ccccc2)CCC3)CC1,1,7.09,2022.0,ChEMBL
CCCN1CCN(c2ccc3c(c2)C2CC3CCN2C(=O)OCc2ccccc2)CC1,1,7.53,2023.0,ChEMBL
CCCN1CCN(c2ccc3c(c2)CN(C(=O)OCc2ccccc2)C3)CC1,1,7.72,2021.0,ChEMBL
CCCN1CCN(c2ccc3c(c2)CN(C(=O)OCc2ccccc2)CC3)CC1,1,7.07,2021.0,ChEMBL
CCCN1CCN(c2ccc3c(c2)CN(C(=O)OCc2ccccc2)CCC3)CC1,1,7.82,2021.0,ChEMBL
CCCN1CCN(c2ccc3c(c2)[C@@H]2C[C@H]3CCN2C(=O)OCc2ccccc2)CC1,1,7.8,2023.0,ChEMBL
CCCN1CCN(c2ccc3c(c2)[C@H]2C[C@H]3CCN2C(=O)OCc2ccccc2)CC1,1,6.59,2021.0,ChEMBL
CCCN1CCN(c2cccc(C3CCCCN3C(=O)/C=C/c3ccccc3)c2)CC1,1,8.32,2022.0,ChEMBL
CCCN1CCN(c2cccc(C3CCCCN3C(=O)OCc3cc(Cl)cc(Cl)c3)c2)CC1,1,8.27,2022.0,ChEMBL
CCCN1CCN(c2cccc(C3CCCCN3C(=O)OCc3ccccc3)c2)CC1,1,8.42,2022.0,ChEMBL
CCCN1CCN(c2cccc(C3CCCCN3S(=O)(=O)c3cc(Cl)cc(Cl)c3)c2)CC1,1,8.35,2022.0,ChEMBL
CCCN1CCN(c2cccc(C3CN(C)CCN3C(=O)OCc3ccccc3)c2)CC1,1,6.8,2022.0,ChEMBL
CCCN1CCN(c2ccccc2)CC1,1,7.13,1991.0,ChEMBL
CCCN1CCNC(c2cccc(C3COCCN3C(=O)OCc3ccccc3)c2)C1,1,7.3,2022.0,ChEMBL
CCCN1CC[C@@]2(C)c3cc(O)ccc3CC1[C@H]2C,1,7.37,1994.0,ChEMBL
CCCN1CC[C@H]2c3ccccc3CC[C@H]2C1.Cl,1,8.59,1992.0,ChEMBL
CCCN1CC[C@]2(C)c3cc(O)ccc3CC1[C@@H]2C,1,6.13,1994.0,ChEMBL
CCCNC(=O)Nc1ncnc2c1cnn2CCN1CCCCC1,1,7.07,2017.0,ChEMBL
CCCNC(=O)Nc1ncnc2c1cnn2CCN1CCCCCC1,1,7.62,2017.0,ChEMBL
CCCNC(=S)N(CCN1CCOCC1)c1cn(-c2ccc(Cl)c(Cl)c2)nn1,1,6.62,2015.0,ChEMBL
CCCNC(=S)Nc1ncnc2c1cnn2CCN1CCCCCC1,1,8.15,2017.0,ChEMBL
CCCNC(C)Cc1ccc(OC)c(OCCc2ccccc2)c1.Cl,1,8.0,1999.0,ChEMBL
CCCNC(CC)Cc1ccc(OC)c(OCCc2ccccc2)c1,1,7.29,1999.0,ChEMBL
CCCNC(CCC(C)C)Cc1ccc(OC)c(OCCc2ccccc2)c1.Cl,1,6.71,1999.0,ChEMBL
CCCNC(CCC)Cc1ccc(OC)c(OCCc2ccccc2)c1,1,7.475,1999.0,ChEMBL
CCCNC1Cc2ccccc2C(c2ccccc2)C1,1,7.23,1994.0,ChEMBL
CCCNCCc1ccc(OC)c(OCCc2ccccc2)c1.Cl,1,7.47,1999.0,ChEMBL
CCCOCCN1CCN(C2(CN(C(=O)CC)c3cccc(C(F)(F)F)n3)CCOCC2)CC1,1,7.57,2021.0,ChEMBL
CCCOc1ccc(C(=O)OCCN(CC)CC)cc1N,1,6.8100000000000005,,ChEMBL
CCCOc1ccc2c(c1OC)CN1CCc3cc(OC)c(O)cc3C1C2,1,7.24,2016.0,ChEMBL
CCCSc1nsnc1C1=CCN(C)CC1,1,7.73,1995.0,ChEMBL
CCC[C@H](C(=O)NCc1ccccc1)N1C(=O)[C@@H](CCCCN)N(Cc2ccccc2)C1=O,1,7.1,1998.0,ChEMBL
CCC[C@H](C(=O)NCc1ccccc1)N1C(=O)[C@@H](CCCN)N(Cc2ccccc2)C1=O,1,6.36,1998.0,ChEMBL
CCC[C@H](C(=O)NCc1ccccc1)N1C(=O)[C@H](CCCCN)N(Cc2ccccc2)C1=O,1,7.19,1998.0,ChEMBL
CCCc1ccc(C(=O)NCCCN(C)Cc2ccccc2)cc1,1,8.43,2019.0,ChEMBL
CCCc1ccc(CC(C)NCCCc2ccccc2)cc1,1,8.21,1991.0,ChEMBL
CCCc1ccc2c(c1)sc(=O)n2CCN1CCCCC1,1,9.22,1998.0,ChEMBL
CCCc1cccc(NC(=N)Nc2cccc(CCC)c2)c1,1,7.41,1994.0,ChEMBL
CCCc1ncc(-c2cc(C)no2)c(C2CCN(CC(=O)N3CCC(F)(F)CC3)CC2)n1,1,6.12,2023.0,ChEMBL
CCCn1nc(C(=O)N(C)C)c2c1CCC(NCCc1ccc3c(c1)OCO3)C2,1,6.3,2019.0,ChEMBL
CCCn1nc(C(=O)N2CCCCC2)c2c1CCN(CCc1cccc(C(F)(F)F)c1)C2,1,6.0,2021.0,ChEMBL
CCCn1nc(C(=O)Nc2cccc(OC)c2)c2c1CCC(NCCc1ccncc1)C2,1,6.0,2021.0,ChEMBL
CCN(C/C=C/c1ccc(C2CCCCC2)c(Cl)c1)C1CCCCC1,1,8.52,2005.0,ChEMBL
CCN(C/C=C\c1ccc(C2CCCCC2)c(Cl)c1)C1CCCCC1,1,8.7,2022.0,ChEMBL
CCN(CC)C(=O)C(c1ccccc1)N(C)C1CCN(CCCc2ccccc2)CC1,1,7.08,2025.0,ChEMBL
CCN(CC)C(=O)C(c1ccccc1)N(C)C1CCN(CCc2ccccc2)CC1,1,6.97,2025.0,ChEMBL
CCN(CC)C(=O)C(c1ccccc1)N(C)C1CCN(Cc2ccccc2)CC1,1,7.19,2025.0,ChEMBL
CCN(CC)C(=O)CCN1CCN(c2ccc3c(c2)[C@@H]2C[C@H]3CCN2C(=O)OCc2ccccc2)CC1,1,6.71,2023.0,ChEMBL
CCN(CC)C1Cc2ccccc2C(c2ccccc2)C1,1,8.65,1994.0,ChEMBL
CCN(CC)C1Cc2ccccc2C(c2ccccc2)C1.Cl,1,7.515,1993.0,ChEMBL
CCN(CC)CC#CCOC(=O)C(O)(c1ccccc1)C1CCCCC1,1,7.805,,ChEMBL
CCN(CC)CCC1(C)OC(c2ccccc2)=CC1=O.Cl,1,7.36,1993.0,ChEMBL
CCN(CC)CCC1(C)OC=C(c2ccccc2)C1=O.Cl,1,8.05,1993.0,ChEMBL
CCN(CC)CCCC(C)NCC(=O)Nc1cc(C)cc2cccnc12,1,6.33,2023.0,ChEMBL
CCN(CC)CCCC(C)Nc1ccc(S(=O)(=O)Nc2cc(F)cc3cccnc23)nc1,1,6.73,2023.0,ChEMBL
CCN(CC)CCCC(C)Nc1ccnc2cc(Cl)ccc12,1,7.1,2020.0,ChEMBL
CCN(CC)CCCC(C)Nc1cnc(C(=O)Nc2cc(Br)cc3cccnc23)cn1,1,7.34,2023.0,ChEMBL
CCN(CC)CCCC(C)Nc1cnc(C(=O)Nc2cc(C#N)cc3cccnc23)cn1,1,6.39,2023.0,ChEMBL
CCN(CC)CCCC(C)Nc1cnc(C(=O)Nc2cc(C(F)(F)F)cc3cccnc23)cn1,1,6.42,2023.0,ChEMBL
CCN(CC)CCCC(C)Nc1cnc(C(=O)Nc2cc(C)c(Cl)c3cccnc23)cn1,1,7.17,2023.0,ChEMBL
CCN(CC)CCCC(C)Nc1cnc(C(=O)Nc2cc(C)cc3cccnc23)cn1,1,6.6,2023.0,ChEMBL
CCN(CC)CCCC(C)Nc1cnc(C(=O)Nc2cc(C3CC3)cc3cccnc23)cn1,1,7.15,2023.0,ChEMBL
CCN(CC)CCCC(C)Nc1cnc(C(=O)Nc2cc(Cl)cc3cccnc23)cn1,1,7.02,2023.0,ChEMBL
CCN(CC)CCCC(C)Nc1cnc(C(=O)Nc2cc(F)c(Cl)c3cccnc23)cn1,1,6.91,2023.0,ChEMBL
CCN(CC)CCCC(C)Nc1cnc(C(=O)Nc2cc(F)cc3cccnc23)cn1,1,6.78,2023.0,ChEMBL
CCN(CC)CCCC(C)Nc1cnc(C(=O)Nc2cc(OC)cc3cccnc23)cn1,1,6.86,2023.0,ChEMBL
CCN(CC)CCCC(C)Nc1cnc(C(=O)Nc2ccc(C)c3cccnc23)cn1,1,6.4,2023.0,ChEMBL
CCN(CC)CCCC(C)Nc1cnc(C(=O)Nc2ccc(Cl)c3ccc(OC)nc23)cn1,1,6.45,2023.0,ChEMBL
CCN(CC)CCCC(C)Nc1cnc(C(=O)Nc2ccc(Cl)c3cccnc23)cn1,1,6.28,2023.0,ChEMBL
CCN(CC)CCCC(C)Nc1cnc(C(=O)Nc2ccc(F)c3cccnc23)cn1,1,6.67,2023.0,ChEMBL
CCN(CC)CCCC(C)Nc1cnc(C(=O)Nc2ccc(OC)c3ccc(OC)nc23)cn1,1,6.88,2023.0,ChEMBL
CCN(CC)CCCC(C)Nc1cnc(C(=O)Nc2ccc(OC)c3cccnc23)cn1,1,6.5,2023.0,ChEMBL
CCN(CC)CCCC(C)Nc1cnc(C(=O)Nc2cccc3c(Cl)ccnc23)cn1,1,7.23,2023.0,ChEMBL
CCN(CC)CCCC(C)Nc1cnc(C(=O)Nc2cccc3cc(C)cnc23)cn1,1,6.77,2023.0,ChEMBL
CCN(CC)CCCC(C)Nc1cnc(C(=O)Nc2cccc3cc(Cl)cnc23)cn1,1,6.81,2023.0,ChEMBL
CCN(CC)CCCC(C)Nc1cnc(C(=O)Nc2cccc3ccc(C)nc23)cn1,1,6.63,2023.0,ChEMBL
CCN(CC)CCCC(C)Nc1cnc(C(=O)Nc2cccc3ccc(Cl)nc23)cn1,1,7.08,2023.0,ChEMBL
CCN(CC)CCCC(C)Nc1cnc(C(=O)Nc2cccc3ccc(OC)nc23)cn1,1,7.17,2023.0,ChEMBL
CCN(CC)CCCC(C)Nc1cnc(C(=O)Nc2cccc3cccnc23)cn1,1,6.71,2023.0,ChEMBL
CCN(CC)CCCC(C)Nc1nc(C(=O)Nc2cc(F)cc3cccnc23)cs1,1,6.8,2023.0,ChEMBL
CCN(CC)CCCC1(C)CC(=O)C(c2ccccc2)=CO1.Cl,1,7.47,1993.0,ChEMBL
CCN(CC)CCCC1(C)OC=C(c2ccccc2)C1=O.Cl,1,7.8,1993.0,ChEMBL
CCN(CC)CCCCC(O)(c1ccccc1)c1ccccc1,1,7.92,2004.0,ChEMBL
CCN(CC)CCCCC(c1ccccc1)c1ccccc1,1,8.85,2004.0,ChEMBL
CCN(CC)CCCCCCOc1ccc2oc(-c3ccccc3)cc(=O)c2c1,1,7.02,1992.0,ChEMBL
CCN(CC)CCCCCOc1ccc2occc(=O)c2c1,1,6.66,2021.0,ChEMBL
CCN(CC)CCCCOc1cc(C)n(-c2ccc(Cl)c(Cl)c2)n1,1,7.93,2012.0,ChEMBL
CCN(CC)CCCCOc1ccn(-c2ccc(Cl)c(Cl)c2)n1,1,7.76,2012.0,ChEMBL
CCN(CC)CCN(C)CCc1ccc(Cl)c(Cl)c1,1,9.14,1992.0,ChEMBL
CCN(CC)CCN1CC[C@@]2(C)c3cc(O)ccc3C[C@H]1[C@H]2C,1,7.82,1998.0,ChEMBL
CCN(CC)CCNC(=O)[C@H]1C[C@@H]1c1ccccc1,1,6.9,2011.0,ChEMBL
CCN(CC)CCNC(=O)c1ccc(OC)c([123I])c1,1,7.93,2022.0,ChEMBL
CCN(CC)CCNC(C)C(=O)N1CCn2c(cc3ccccc32)C1,1,6.62,2018.0,ChEMBL
CCN(CC)CCNS(=O)(=O)c1ccc(Br)cc1,1,8.0,1998.0,ChEMBL
CCN(CC)CCNS(=O)(=O)c1ccc(I)cc1,1,8.3,1998.0,ChEMBL
CCN(CC)CCNc1cn(Cc2ccccc2)nn1,1,6.15,2015.0,ChEMBL
CCN(CC)CCOC(=O)C1(C2CCCCC2)CCCCC1,1,8.5,,ChEMBL
CCN(CC)CCOC(=O)C1(c2ccccc2)CCCC1,1,7.695,2003.0,ChEMBL
CCN(CC)CCOCCOC(=O)C1(c2ccccc2)CCCC1,1,7.3,2020.0,ChEMBL
CCN(CC)CCO[C@H]1CC[C@@]2(C)C(=CC[C@@H]3[C@@H]2CC[C@]2(C)C(=O)CC[C@@H]32)C1,1,9.0,2005.0,ChEMBL
CCN(CC)CCOc1cc(C)n(-c2ccc(Cl)c(Cl)c2)n1,1,8.0,2012.0,ChEMBL
CCN(CC)CCOc1cc(C)n(-c2ccc3ccccc3c2)n1,1,7.33,2012.0,ChEMBL
CCN(CC)CCOc1ccc(/C(=C(/Cl)c2ccccc2)c2ccccc2)cc1,1,7.92,2005.0,ChEMBL
CCN(CC)CCOc1ccc(/C(=C(\Cl)c2ccccc2)c2ccccc2)cc1,1,8.3,2005.0,ChEMBL
CCN(CC)CCOc1ccc(C(O)(Cc2ccc(Cl)cc2)c2ccc(C)cc2)cc1,1,8.1,2005.0,ChEMBL
CCN(CC)CCOc1ccc2occc(=O)c2c1,0,4.92,2021.0,ChEMBL
CCN(CCN1CCOCC1)c1cn(-c2ccc(Cl)c(Cl)c2)nn1,1,6.67,2015.0,ChEMBL
CCN(CCN1CCOCC1)c1cn(C23CC4CC(CC(C4)C2)C3)nn1,1,6.96,2015.0,ChEMBL
CCN(CCN1CC[C@@]2(C)c3cc(O)ccc3C[C@H]1[C@H]2C)c1ccccc1,1,7.38,1998.0,ChEMBL
CCN(CCO)CCCC(C)Nc1ccnc2cc(Cl)ccc12,1,6.9,2020.0,ChEMBL
CCN(CCO)CCCC(C)Nc1cnc(C(=O)Nc2cc(C)cc3cccnc23)cn1,1,6.8,2023.0,ChEMBL
CCN(CCc1ccc(Cl)c(Cl)c1)CCN1CCCC1,1,9.29,1992.0,ChEMBL
CCN(CCc1ccc(Cl)c(Cl)c1)[C@@H]1CCCC[C@@H]1N1CCCC1,1,8.46,1991.0,ChEMBL
CCN(CCc1ccc(Cl)c(Cl)c1)[C@H]1CCCC[C@H]1N1CCCC1,1,8.51,1991.0,ChEMBL
CCN(CCc1ccc(O)c(OC)c1)Cc1cccc(O)c1OC,1,6.46,2016.0,ChEMBL
CCN1CC2(CCN(CCc3c(F)cccc3F)CC2)O[C@H](C)C1=O,1,6.21,2020.0,ChEMBL
CCN1CC2(CCN(CCc3cc(F)ccc3F)CC2)O[C@@H](C)C1=O,1,6.87,2020.0,ChEMBL
CCN1CC2(CCN(CCc3cc(F)ccc3F)CC2)O[C@H](C)C1=O,1,6.93,2023.0,ChEMBL
CCN1CC2(CCN(CCc3ccc(F)cc3)CC2)O[C@H](C)C1=O,1,7.12,2020.0,ChEMBL
CCN1CC2(CCN(CCc3ccc(F)cc3F)CC2)O[C@H](C)C1=O,1,7.03,2020.0,ChEMBL
CCN1CC2(CCN(CCc3cccc(F)c3)CC2)O[C@H](C)C1=O,1,7.19,2020.0,ChEMBL
CCN1CC2(CCN(CCc3cccc(F)c3F)CC2)O[C@H](C)C1=O,1,6.25,2020.0,ChEMBL
CCN1CC2(CCN(CCc3ccccc3)CC2)OC(C)C1=O,1,7.37,2020.0,ChEMBL
CCN1CC2(CCN(CCc3ccccc3)CC2)O[C@H](C)C1=O,1,7.18,2020.0,ChEMBL
CCN1CC2(CCN(CCc3ccccc3)CC2)c2ccccc2C1=O,1,7.0,2021.0,ChEMBL
CCN1CC2(CCN(CCc3ccccc3F)CC2)O[C@H](C)C1=O,1,7.17,2020.0,ChEMBL
CCN1CC2(CCN(CCc3ccccn3)CC2)OC2(CC2)C1=O,1,6.11,2020.0,ChEMBL
CCN1CCC([C@H]2Nc3ccc(OCCC(C)C)cc3[C@H]3OCCC[C@H]32)CC1,1,6.5,2013.0,ChEMBL
CCN1CCCC1CN(C)CCc1ccc(Cl)c(Cl)c1,1,8.83,1992.0,ChEMBL
CCN1CCCC1CNCCc1ccc(Cl)c(Cl)c1,1,7.79,1992.0,ChEMBL
CCN1CCC[C@H]1CNC(=O)c1c(OC)ccc(Br)c1OC,1,7.26,1992.0,ChEMBL
CCN1CCN(C(C)C(=O)N2CCn3c(cc4cc(F)ccc43)C2)CC1,1,6.9,2018.0,ChEMBL
CCN1CCN(CCc2ccc(Cl)c(Cl)c2)CC1,1,8.8,1993.0,ChEMBL
CCN1CCN(Cc2cccc3ccccc23)[C@@H](CCO)C1,1,7.54,2022.0,ChEMBL
CCN1CCN(Cc2cccc3ccccc23)[C@H](CCO)C1,1,8.12,2022.0,ChEMBL
CCN1CCN(c2ccc(C(c3ccccc3)C34CC5CC(CC(C5)C3)C4)cc2)CC1,1,8.54,2012.0,ChEMBL
CCN1CCN(c2ccc3c(c2)CN(C(=O)OCc2ccccc2)CC3)CC1,1,6.93,2021.0,ChEMBL
CCN1CCN(c2ccc3c(c2)CN(C(=O)OCc2ccccc2)CCC3)CC1,1,6.64,2021.0,ChEMBL
CCN1CC[C@]2(C)c3cc(O)ccc3CC1[C@@H]2C,0,4.78,1994.0,ChEMBL
CCN1CCc2c(sc3ncn([C@@H](C)c4ccccc4)c(=O)c23)C1,1,7.75,2024.0,ChEMBL
CCN1CCc2c(sc3ncn([C@H](C)c4ccccc4)c(=O)c23)C1,1,8.4,2024.0,ChEMBL
CCNC(=O)Nc1ncnc2c1cnn2CCN1CCCCC1,1,6.43,2017.0,ChEMBL
CCNC(=O)Nc1ncnc2c1cnn2CCN1CCCCCC1,1,7.1,2017.0,ChEMBL
CCNC(=S)Nc1ncnc2c1cnn2CCN1CCCCCC1,1,8.05,2017.0,ChEMBL
CCN[C@@H](C)Cc1cccc(C(F)(F)F)c1,1,6.475,,ChEMBL
CCN[C@H](C)Cc1ccccc1,1,6.18,1991.0,ChEMBL
CCOC(=O)C(c1ccccc1)N(C)C1CCN(CCCc2ccccc2)CC1,1,7.96,2025.0,ChEMBL
CCOC(=O)C(c1ccccc1)N(C)C1CCN(CCc2ccccc2)CC1,1,8.0,2025.0,ChEMBL
CCOC(=O)C(c1ccccc1)N(C)C1CCN(Cc2ccccc2)CC1,1,9.27,2025.0,ChEMBL
CCOC(=O)C(c1ccccc1)N1CCN(C2CCCCC2)CC1,1,6.94,2025.0,ChEMBL
CCOC(=O)C(c1ccccc1)N1CCN(CCCc2ccccc2)CC1,1,7.02,2025.0,ChEMBL
CCOC(=O)C(c1ccccc1)N1CCN(CCc2ccccc2)CC1,1,6.57,2025.0,ChEMBL
CCOC(=O)C1CCCN(CCCCCCOc2ccc3oc(-c4ccccc4)cc(=O)c3c2)C1,1,6.824999999999999,1992.0,ChEMBL
CCOC(=O)C1CCN(CCCCCCOc2ccc3oc(-c4ccccc4)cc(=O)c3c2)CC1,1,6.890000000000001,1992.0,ChEMBL
CCOC(=O)C1Cc2ccccc2C2(CCN(Cc3ccccc3)CC2)O1,1,8.03,2002.0,ChEMBL
CCOC(=O)C1OC2(CCN(Cc3ccccc3)CC2)c2ccccc21,1,8.05,2002.0,ChEMBL
CCOC(=O)CC1Cc2ccccc2C2(CCN(Cc3ccccc3)CC2)O1,1,6.74,2002.0,ChEMBL
CCOC(=O)CC1OC2(CCN(Cc3ccccc3)CC2)c2ccccc21,1,7.82,2002.0,ChEMBL
CCOC(=O)CCN1CCN(C2(CN(C(=O)CC)c3cccc(C(F)(F)F)n3)CCOCC2)CC1,1,6.82,2021.0,ChEMBL
CCOC(=O)CCN1CCN(c2ccc3c(c2)CN(C(=O)OCc2ccccc2)C3)CC1,1,6.45,2021.0,ChEMBL
CCOC(=O)CCN1CCN(c2ccc3c(c2)CN(C(=O)OCc2ccccc2)CC3)CC1,1,6.39,2021.0,ChEMBL
CCOC(=O)CCN1CCN(c2ccc3c(c2)CN(C(=O)OCc2ccccc2)CCC3)CC1,1,6.43,2021.0,ChEMBL
CCOC(=O)CCN1CCN(c2cccc(C3CCCCN3C(=O)OCc3ccccc3)c2)CC1,1,6.98,2022.0,ChEMBL
CCOC(=O)CCN1CCN(c2cccc3c2CN(C(=O)OCc2ccccc2)CC3)CC1,1,6.18,2021.0,ChEMBL
CCOC(=O)N1CCN(CCOc2cc(C)n(-c3ccc(Cl)c(Cl)c3)n2)CC1,1,7.36,2012.0,ChEMBL
CCOC1Cc2ccccc2C2(CCN(Cc3ccccc3)CC2)O1,1,8.23,2002.0,ChEMBL
CCOCCN1CCN(C2(CN(C(=O)CC)c3cccc(C(F)(F)F)n3)CCOCC2)CC1,1,6.88,2021.0,ChEMBL
CCOc1cc(N)c(Cl)cc1C(=O)NCC1CN(Cc2ccc(F)cc2)CCO1,1,6.699999999999999,,ChEMBL
CCOc1ccc(CC(C)NCCCc2ccccc2)cc1,1,8.32,1994.0,ChEMBL
CCOc1ccc(CCNC(=O)N2CCN(CCCC(c3ccc(F)cc3)c3ccc(F)cc3)CC2)cc1,1,6.32,2001.0,ChEMBL
CCOc1ccc(N2C[C@H](CN3CCC(O)(c4ccc5c(c4)OCO5)CC3)OC2=O)cc1,1,7.82,1992.0,ChEMBL
CCOc1ccc2c(c1OC)CN1CCc3cc(OC)c(O)cc3C1C2,1,6.91,2016.0,ChEMBL
CCOc1ccccc1-c1ncnc2c1cnn2CCN1CCCCC1,1,6.52,2017.0,ChEMBL
CCSC[C@H]1O[C@@H](n2cnc3c(NC(C4CCC4)C4CCC4)ncnc32)[C@H](O)[C@@H]1O,1,6.2,2019.0,ChEMBL
CC[C@@H](C(=O)N1CCn2c(cc3ccccc32)C1)N1CCN(C)CC1,1,7.12,2018.0,ChEMBL
CC[C@@H](C)[C@H](C(=O)NCc1ccccc1)N1C(=O)[C@@H](CCCCN)N(Cc2ccccc2)C1=O,1,6.9,1998.0,ChEMBL
CC[C@@H](CO)NC(=O)[C@@H]1C=C2c3cccc4c3c(cn4C)C[C@H]2N(C)C1,1,6.04,1994.0,ChEMBL
CC[C@@H](c1ccccc1)n1cnc2sc3c(c2c1=O)CCNC3,1,7.06,2024.0,ChEMBL
CC[C@@H]1C=Cc2ccccc2[C@H]1CCNCc1ccccc1,1,6.95,1999.0,ChEMBL
CC[C@@H]1CN2C(=O)N(C)c3nc(-c4ccccc4)[nH]c3C2=N1.Cl,1,6.17,2024.0,ChEMBL
CC[C@H](C)[C@@H](C(=O)NCc1ccccc1)N1C(=O)[C@@H](CCCCN)N(Cc2ccccc2)C1=O,1,7.21,1998.0,ChEMBL
CC[C@H](C)[C@H](C(=O)NCc1ccccc1)N1C(=O)[C@@H](CCCN)N(Cc2ccccc2)C1=O,1,6.48,1998.0,ChEMBL
CC[C@H](c1ccccc1)n1cnc2sc3c(c2c1=O)CCNC3,1,7.85,2024.0,ChEMBL
CC[C@H]1C=Cc2ccccc2[C@@H]1CCNCc1ccccc1,1,6.95,1999.0,ChEMBL
CC[C@H]1OC2(CCN(CCc3ccccc3)CC2)CN(C)C1=O,1,6.86,2020.0,ChEMBL
CC[C@H]1[C@@H]2CCN(Cc3ccccc3)[C@H]1Cc1ccccc12,1,6.945,1999.0,ChEMBL
CC[C@H]1[C@H]2Cc3ccccc3[C@@H]1CCN2Cc1ccccc1,1,7.705,1999.0,ChEMBL
CC[C@H]1c2c(ccc3ccccc23)OC[C@@]1(C)N,1,6.0,2019.0,ChEMBL
CC[C@H]1c2cc(-c3ccccc3)ccc2OC[C@@]1(C)N,1,7.85,2019.0,ChEMBL
CC[C@H]1c2cc(C)ccc2OC[C@@]1(C)N,1,6.0,2019.0,ChEMBL
CC[C@H]1c2cc(OC)ccc2CC[C@@]1(C)N,1,6.9,2019.0,ChEMBL
CC[C@H]1c2cc(OC)ccc2OC[C@@]1(C)N,1,6.4,2019.0,ChEMBL
CC[C@H]1c2ccccc2N(c2ccccc2)C[C@@]1(C)N,1,6.5,2019.0,ChEMBL
CCc1ccc(C(=O)C(C)CN2CCCCC2)cc1,1,8.58,,ChEMBL
CCc1ccc(NC(=N)Nc2ccc(CC)cc2)cc1,1,6.61,1994.0,ChEMBL
CCc1cccc(N(C)C(=N)N(C)c2cc(Br)ccc2Br)c1.Cl,1,6.42,1997.0,ChEMBL
CCc1cccc(N(C)C(=N)N(C)c2cc(CC)ccc2Cl)c1.Cl,1,6.62,1997.0,ChEMBL
CCc1cccc(N(C)C(=N)N(C)c2cc(Cl)ccc2Cl)c1.Cl,1,7.41,1997.0,ChEMBL
CCc1cccc(N(C)C(=N)Nc2cc(Br)cc(C(F)(F)F)c2Br)c1.Cl,1,6.65,1997.0,ChEMBL
CCc1cccc(N(C)C(=N)Nc2cc(Br)cc(CC)c2Br)c1.Cl,1,7.4,1997.0,ChEMBL
CCc1cccc(N(C)C(=N)Nc2cc(Br)cc(OC(F)(F)F)c2Br)c1.Cl,1,6.95,1997.0,ChEMBL
CCc1cccc(N(C)C(=N)Nc2cc(Br)cc(SC)c2Br)c1.Cl,1,6.95,1997.0,ChEMBL
CCc1cccc(N(C)C(=N)Nc2cc(C(F)(F)F)cc(CC)c2Br)c1.Cl,1,6.69,1997.0,ChEMBL
CCc1cccc(N(C)C(=N)Nc2cc(C(F)(F)F)cc(CC)c2Cl)c1.Cl,1,6.94,1997.0,ChEMBL
CCc1cccc(N(C)C(=N)Nc2cc(C(F)(F)F)cc(CC)c2F)c1.Cl,1,7.1,1997.0,ChEMBL
CCc1cccc(N(C)C(=N)Nc2cc(C)cc(CC)c2Cl)c1.Cl,1,7.34,1997.0,ChEMBL
CCc1cccc(N(C)C(=N)Nc2cc(CC)cc(C(F)(F)F)c2Br)c1.Cl,1,6.66,1997.0,ChEMBL
CCc1cccc(N(C)C(=N)Nc2cc(CC)cc(C(F)(F)F)c2Cl)c1.Cl,1,6.7,1997.0,ChEMBL
CCc1cccc(N(C)C(=N)Nc2cc(CC)cc(CC)c2Br)c1.Cl,1,6.69,1997.0,ChEMBL
CCc1cccc(N(C)C(=N)Nc2cc(CC)cc(CC)c2Cl)c1.Cl,1,6.95,1997.0,ChEMBL
CCc1cccc(N(C)C(=N)Nc2cc(CC)cc(CC)c2F)c1.Cl,1,6.95,1997.0,ChEMBL
CCc1cccc(N(C)C(=N)Nc2cc(CC)cc(OC(F)(F)F)c2Br)c1.Cl,1,6.58,1997.0,ChEMBL
CCc1cccc(N(C)C(=N)Nc2cc(CC)cc(SC)c2Br)c1.Cl,1,6.75,1997.0,ChEMBL
CCc1cccc(N(C)C(=N)Nc2cc(CC)cc(SC)c2Cl)c1.Cl,1,6.75,1997.0,ChEMBL
CCc1cccc(N(C)C(=N)Nc2cc(Cl)cc(C(F)(F)F)c2Cl)c1.Cl,1,6.96,1997.0,ChEMBL
CCc1cccc(N(C)C(=N)Nc2cc(Cl)cc(SC)c2Cl)c1.Cl,1,6.89,1997.0,ChEMBL
CCc1cccc(N(C)C(=N)Nc2cc(Cl)ccc2Cl)c1.Cl,1,7.54,1997.0,ChEMBL
CCc1cccc(N(C)C(=N)Nc2cc(SC)cc(Br)c2Cl)c1.Cl,1,6.31,1997.0,ChEMBL
CCc1cccc(N(C)C(=N)Nc2cc(SC)cc(C(F)(F)F)c2Br)c1.Cl,1,6.12,1997.0,ChEMBL
CCc1cccc(N(C)C(=N)Nc2cc(SC)cc(C(F)(F)F)c2Cl)c1.Cl,1,6.38,1997.0,ChEMBL
CCc1cccc(N(C)C(=N)Nc2cc(SC)cc(CC)c2Br)c1.Cl,1,6.52,1997.0,ChEMBL
CCc1cccc(N(C)C(=N)Nc2cc(SC)cc(CC)c2Cl)c1.Cl,1,6.51,1997.0,ChEMBL
CCc1cccc(N(C)C(=N)Nc2cc(SC)cc(SC)c2Cl)c1.Cl,1,6.32,1997.0,ChEMBL
CCc1cccc(N(C)C(=N)Nc2ccc(Cl)c(Cl)c2)c1.Cl,1,7.41,1997.0,ChEMBL
CCc1cccc(N(C)C(=N)Nc2ccc(Cl)cc2)c1.Cl,1,7.34,1997.0,ChEMBL
CCc1cccc(N(C)C(=N)Nc2cccc(Br)c2)c1.Cl,1,7.4,1997.0,ChEMBL
CCc1cccc(N(C)C(=N)Nc2cccc(Cl)c2)c1.Cl,1,7.36,1997.0,ChEMBL
CCc1cccc(N(C)C(=N)Nc2cccc(Cl)c2Cl)c1.Cl,1,7.01,1997.0,ChEMBL
CCc1cccc(N(C)C(=N)Nc2cccc(SC)c2)c1.Cl,1,6.79,1997.0,ChEMBL
CCc1cccc(N(C)C(=N)Nc2ccccc2)c1.Cl,1,7.37,1997.0,ChEMBL
CCc1cccc(N(C)C(=N)Nc2ccccc2Br)c1.Cl,1,6.9,1997.0,ChEMBL
CCc1cccc(N(C)C(=N)Nc2ccccc2C(C)C)c1.Cl,1,6.44,1997.0,ChEMBL
CCc1cccc(N(C)C(=N)Nc2ccccc2Cl)c1.Cl,1,7.14,1997.0,ChEMBL
CCc1cccc(N(C)C(=N)Nc2ccccc2I)c1.Cl,1,6.63,1997.0,ChEMBL
CCc1cccc(NC(=N)N(C)c2cc(CC)ccc2Cl)c1.Cl,1,6.81,1997.0,ChEMBL
CCc1cccc(NC(=N)N(C)c2cc(Cl)ccc2Cl)c1.Cl,1,7.19,1997.0,ChEMBL
CCc1cccc(NC(=N)N(C)c2cccc(CC)c2)c1,1,7.09,1994.0,ChEMBL
CCc1cccc(NC(=N)N(C)c2cccc(CC)c2)c1.Cl,1,7.09,1997.0,ChEMBL
CCc1cccc(NC(=N)N(C)c2cccc3ccccc23)c1,1,6.0,1994.0,ChEMBL
CCc1cccc(NC(=N)N2CCC(c3ccccc3)CC2)c1,1,7.22,1994.0,ChEMBL
CCc1cccc(NC(=N)N2CCc3ccccc32)c1,1,6.47,1994.0,ChEMBL
CCc1cccc(NC(=N)Nc2c(Cl)cccc2Cl)c1.Cl,1,7.84,1997.0,ChEMBL
CCc1cccc(NC(=N)Nc2cc(Br)cc(CC)c2Br)c1.Cl,1,7.74,1997.0,ChEMBL
CCc1cccc(NC(=N)Nc2cc(C(F)(F)F)cc(CC)c2Br)c1.Cl,1,7.71,1997.0,ChEMBL
CCc1cccc(NC(=N)Nc2cc(C(F)(F)F)cc(CC)c2Cl)c1.Cl,1,7.76,1997.0,ChEMBL
CCc1cccc(NC(=N)Nc2cc(C(F)(F)F)cc(CC)c2F)c1.Cl,1,7.62,1997.0,ChEMBL
CCc1cccc(NC(=N)Nc2cc(C)cc(CC)c2Cl)c1.Cl,1,7.51,1997.0,ChEMBL
CCc1cccc(NC(=N)Nc2cc(CC)cc(CC)c2)c1.Cl,1,8.1,1997.0,ChEMBL
CCc1cccc(NC(=N)Nc2cc(CC)cc(CC)c2Br)c1.Cl,1,8.24,1997.0,ChEMBL
CCc1cccc(NC(=N)Nc2cc(CC)cc(CC)c2Cl)c1.Cl,1,8.35,1997.0,ChEMBL
CCc1cccc(NC(=N)Nc2cc(CC)cc(CC)c2F)c1.Cl,1,8.13,1997.0,ChEMBL
CCc1cccc(NC(=N)Nc2cc(Cl)cc(Cl)c2)c1.Cl,1,7.16,1997.0,ChEMBL
CCc1cccc(NC(=N)Nc2cc(Cl)ccc2Cl)c1.Cl,1,7.93,1997.0,ChEMBL
CCc1cccc(NC(=N)Nc2cc(SC)cc(CC)c2Cl)c1.Cl,1,7.8,1997.0,ChEMBL
CCc1cccc(NC(=N)Nc2ccc(Cl)c(Cl)c2)c1.Cl,1,7.5,1997.0,ChEMBL
CCc1cccc(NC(=N)Nc2ccc(Cl)cc2)c1.Cl,1,7.7,1997.0,ChEMBL
CCc1cccc(NC(=N)Nc2ccc(Cl)cc2Cl)c1.Cl,1,7.44,1997.0,ChEMBL
CCc1cccc(NC(=N)Nc2cccc(Br)c2)c1.Cl,1,7.99,1997.0,ChEMBL
CCc1cccc(NC(=N)Nc2cccc(CC)c2)c1,1,8.08,1994.0,ChEMBL
CCc1cccc(NC(=N)Nc2cccc(CC)c2)c1.Cl,1,7.52,1997.0,ChEMBL
CCc1cccc(NC(=N)Nc2cccc(Cl)c2)c1.Cl,1,7.57,1997.0,ChEMBL
CCc1cccc(NC(=N)Nc2cccc(Cl)c2Cl)c1.Cl,1,7.88,1997.0,ChEMBL
CCc1cccc(NC(=N)Nc2cccc3ccccc23)c1,1,7.27,1994.0,ChEMBL
CCc1cccc(NC(=N)Nc2ccccc2C(C)C)c1.Cl,1,7.69,1997.0,ChEMBL
CCc1cccc(NC(=N)Nc2ccccc2C)c1.Cl,1,7.97,1997.0,ChEMBL
CCc1cccc(NC(=N)Nc2ccccc2CC)c1.Cl,1,7.73,1997.0,ChEMBL
CCc1cccc(NC(=N)Nc2ccccc2Cl)c1.Cl,1,7.8,1997.0,ChEMBL
CCc1ccccc1NC(=N)Nc1ccccc1CC,1,7.85,1994.0,ChEMBL
CCc1ncc(-c2cc(C)no2)c(C2CCCN(CC(=O)N3CCOCC3)CC2)n1,1,6.62,2023.0,ChEMBL
CCc1ncc(-c2cc(C)no2)c(C2CCN(CC(=O)N3CCCCC3)CC2)n1,1,6.05,2023.0,ChEMBL
CCc1ncc(-c2cc(C)no2)c(C2CCN(CCN3CCOCC3)CC2)n1,1,6.82,2023.0,ChEMBL
CCc1ncc(-c2ccncc2)c(C2CCN(CC(=O)N3CCOCC3)CC2)n1,1,6.09,2023.0,ChEMBL
CCn1nc(CN2CCCC2)nc1-c1ccc(C(C)(C)C)cc1,1,8.32,2021.0,ChEMBL
CN(C(=N)N(C)c1cccc2ccccc12)c1cccc2ccccc12,0,4.97,1994.0,ChEMBL
CN(C(=N)N(c1ccccc1)c1cccc2ccccc12)c1cccc2ccccc12,0,4.96,1994.0,ChEMBL
CN(C(=N)Nc1cccc(N)c1)c1cccc2ccccc12,0,4.89,1994.0,ChEMBL
CN(C(=O)/C=C/c1ccccc1)C1CCN(Cc2ccccc2)CC1.O=C(O)/C=C/C(=O)O,1,8.3,1994.0,ChEMBL
CN(C(=O)C#Cc1ccccc1)C1CCN(Cc2ccccc2)CC1.O=C(O)/C=C/C(=O)O,1,8.4,1994.0,ChEMBL
CN(C(=O)CCCOc1ccc(Cl)cc1Cl)[C@H]1CCCC[C@H]1N1CCCC1,1,6.38,1990.0,ChEMBL
CN(C(=O)COc1cc(Cl)c(Cl)cc1Cl)[C@@H]1CCCC[C@@H]1N1CCCC1,1,6.89,1990.0,ChEMBL
CN(C(=O)COc1ccc(Cl)c(Cl)c1)[C@@H]1CCCC[C@@H]1N1CCCC1,1,6.96,1990.0,ChEMBL
CN(C(=O)COc1ccc(Cl)cc1Cl)[C@@H]1CCCC[C@@H]1N1CCCC1,1,7.12,1990.0,ChEMBL
CN(C(=O)COc1cccc(Cl)c1Cl)[C@@H]1CCCC[C@@H]1N1CCCC1,1,7.38,1990.0,ChEMBL
CN(C(=O)CSc1ccccc1)[C@@H]1CCCC[C@@H]1N1CCCC1,1,6.7,1990.0,ChEMBL
CN(C(=O)Cc1cc(Cl)c(Cl)cc1N)[C@@H]1CCCC[C@@H]1N1CCCC1,1,7.939999999999999,1990.0,ChEMBL
CN(C(=O)Cc1ccc(Br)cc1)[C@@H]1CCCC[C@@H]1N1CCCC1,1,6.64,1990.0,ChEMBL
CN(C(=O)Cc1ccc(Cl)c(Cl)c1)C1CCCCC1N1CCCC1,1,6.06,1992.0,ChEMBL
CN(C(=O)Cc1ccc(Cl)c(Cl)c1)[C@@H]1CCCC[C@@H]1N1CCCC1,1,6.71,1990.0,ChEMBL
CN(C(=O)Cc1ccc(Cl)c(Cl)c1)[C@H]1CCCC[C@@H]1N1CCCC1,1,6.23,1989.0,ChEMBL
CN(C(=O)Cc1ccc(Cl)c(Cl)c1)[C@H]1CCCC[C@H]1N1CCCC1,1,6.845,1989.0,ChEMBL
CN(C(=O)Cc1ccc(Cl)cc1)[C@@H]1CCCC[C@@H]1N1CCCC1,1,6.65,1990.0,ChEMBL
CN(C(=O)Cc1ccc(Cl)cc1Cl)[C@@H]1CCCC[C@@H]1N1CCCC1,1,6.56,1990.0,ChEMBL
CN(C(=O)Cc1ccc2c(c1)OCO2)[C@H]1CCCC[C@H]1N1CCCC1,1,6.34,1990.0,ChEMBL
CN(C(=O)Cc1ccc2ccccc2c1)C1CCCCC1N1CCCC1,1,7.96,1990.0,ChEMBL
CN(C(=O)Cc1ccc2ccccc2c1)[C@H]1CCCC[C@H]1N1CCCC1,1,8.06,1990.0,ChEMBL
CN(C(=O)Cc1cccc2ccccc12)[C@H]1CCCC[C@H]1N1CCCC1,1,7.11,1990.0,ChEMBL
CN(C(=O)Cc1ccccc1Cl)[C@@H]1CCCC[C@@H]1N1CCCC1,1,6.06,1990.0,ChEMBL
CN(C(=O)OCc1ccccc1)[C@@H]1CCCC[C@@H]1N1CCCC1,1,6.03,1990.0,ChEMBL
CN(C)C(=O)C(CCN1CCC(O)(c2ccc(Cl)cc2)CC1)(c1ccccc1)c1ccccc1,1,6.390000000000001,,ChEMBL
CN(C)C(=O)C(CCN1CCC(O)(c2ccc(Cl)cc2)CC1)(c1ccccc1)c1ccccc1.Cl,1,6.77,2024.0,ChEMBL
CN(C)C(=O)CC1OC2(CCN(CCc3ccccc3)CC2)CN(c2ccccc2)C1=O,1,6.56,2020.0,ChEMBL
CN(C)C(=O)c1cccc2c1CN(C(C)(C)CCc1ccc(O)c(OC(F)(F)F)c1)C2,1,6.16,2020.0,ChEMBL
CN(C)C1C=CC2(CC1)c1ccccc1CCc1ccc(Cl)cc12,1,6.055,1991.0,ChEMBL
CN(C)C1CCN(c2ccc3c(c2)[C@@H]2C[C@H]3CCN2C(=O)OCc2ccccc2)CC1,1,6.85,2023.0,ChEMBL
CN(C)C1CCc2ccccc2C(c2ccccc2)C1,1,7.415,1994.0,ChEMBL
CN(C)C1Cc2cc(Cl)c(O)cc2C(c2ccccc2)C1,1,9.345,1994.0,ChEMBL
CN(C)C1Cc2cc(Cl)c(O)cc2C(c2ccccc2)C1.Cl,1,7.34,1993.0,ChEMBL
CN(C)C1Cc2cc(O)c(O)cc2C(c2ccccc2)C1,1,7.99,1994.0,ChEMBL
CN(C)C1Cc2ccccc2C(C)(c2ccccc2)C1,1,8.26,1994.0,ChEMBL
CN(C)C1Cc2ccccc2C(c2ccccc2)C1,1,8.76,1994.0,ChEMBL
CN(C)C1Cc2ccccc2C(c2ccccc2)C1.Cl,1,7.24,1993.0,ChEMBL
CN(C)CC#Cc1ccc(OCCCc2sc(N3CCc4cccc(C(=O)Nc5nc6ccccc6s5)c4C3)nc2C(=O)O)c(F)c1,1,6.87,2023.0,ChEMBL
CN(C)CC(C)(C)CNC(=O)[C@H]1C[C@@H]1c1ccccc1,1,6.4,2011.0,ChEMBL
CN(C)CC1(C)CC(=O)C(c2ccccc2)=CO1.Cl,1,6.45,1993.0,ChEMBL
CN(C)CC1CCOC1(c1ccccc1)c1ccccc1,1,6.07,2023.0,ChEMBL
CN(C)CCC(=O)N1CCN(c2ccc3c(c2)[C@@H]2C[C@H]3CCN2C(=O)OCc2ccccc2)CC1,1,7.17,2023.0,ChEMBL
CN(C)CCC1(c2ccccc2)OC=C(c2ccccc2)C1=O.Cl,1,6.65,1993.0,ChEMBL
CN(C)CCC1OCCc2c1cnn2-c1ccccc1,1,7.62,2013.0,ChEMBL
CN(C)CCC=C1c2ccccc2CCc2ccccc21,1,6.175000000000001,,ChEMBL
CN(C)CCC=C1c2ccccc2COc2ccccc21,1,6.390000000000001,,ChEMBL
CN(C)CCCC(=O)N1CCN2c3ccccc3CC2C1,1,6.82,2018.0,ChEMBL
CN(C)CCCC(=O)N1CCn2c(cc3ccccc32)C1,1,7.22,2018.0,ChEMBL
CN(C)CCCC1(c2ccc(F)cc2)OCc2cc(C#N)ccc21,1,6.59,,ChEMBL
CN(C)CCCCCC1CCCCC1,1,9.59,1994.0,ChEMBL
CN(C)CCCCCCCCCCOc1ccc2oc(-c3ccccc3)cc(=O)c2c1,1,6.5,1992.0,ChEMBL
CN(C)CCCCCCCCCOc1ccc2oc(-c3ccccc3)cc(=O)c2c1,1,6.59,1992.0,ChEMBL
CN(C)CCCCCCCCOc1ccc2oc(-c3ccccc3)cc(=O)c2c1,1,6.74,1992.0,ChEMBL
CN(C)CCCCCCCOc1ccc2oc(-c3ccccc3)cc(=O)c2c1,1,6.755000000000001,1992.0,ChEMBL
CN(C)CCCCCCOc1ccc2oc(-c3ccccc3)cc(=O)c2c1,1,6.42,1992.0,ChEMBL
CN(C)CCCCCOc1ccc2oc(-c3ccccc3)cc(=O)c2c1,1,6.015000000000001,1992.0,ChEMBL
CN(C)CCCCCc1ccccc1,1,7.93,1994.0,ChEMBL
CN(C)CCCCOc1ccc2oc(-c3ccccc3)cc(=O)c2c1,1,6.27,1992.0,ChEMBL
CN(C)CCCN1c2ccccc2CCc2ccc(Cl)cc21,1,6.055,,ChEMBL
CN(C)CCCN1c2ccccc2Sc2ccc(Cl)cc21,1,6.535,,ChEMBL
CN(C)CCCN1c2ccccc2Sc2ccccc21,1,6.755000000000001,,ChEMBL
CN(C)CCCNc1cnc(C(=O)Nc2cc(F)cc3cccnc23)cn1,1,6.96,2023.0,ChEMBL
CN(C)CCCOC1CN(c2ccc3c(c2)[C@@H]2C[C@H]3CCN2C(=O)OCc2ccccc2)C1,1,6.93,2023.0,ChEMBL
CN(C)CCCOc1ccc2oc(-c3ccccc3)cc(=O)c2c1,1,6.49,1992.0,ChEMBL
CN(C)CCCSc1ccccc1NC(=O)/C=C/c1ccccc1,1,6.74,1994.0,ChEMBL
CN(C)CCN(C)CCc1ccc(Cl)c(Cl)c1,1,8.9,1992.0,ChEMBL
CN(C)CCN1CCN(c2ccc3c(c2)[C@@H]2C[C@H]3CCN2C(=O)OCc2ccccc2)CC1,1,7.08,2023.0,ChEMBL
CN(C)CCNCCc1ccc(Cl)c(Cl)c1,1,7.7,1992.0,ChEMBL
CN(C)CCNc1cnc(C(=O)Nc2cc(F)cc3cccnc23)cn1,1,6.2,2023.0,ChEMBL
CN(C)CCOC(c1ccccc1)c1ccccc1.Cn1c(=O)c2[nH]c(Cl)nc2n(C)c1=O,1,6.125,,ChEMBL
CN(C)CCOC1CCN(c2ccc3c(c2)[C@@H]2C[C@H]3CCN2C(=O)OCc2ccccc2)CC1,1,7.65,2023.0,ChEMBL
CN(C)CCOC1CN(c2ccc3c(c2)[C@@H]2C[C@H]3CCN2C(=O)OCc2ccccc2)C1,1,6.39,2023.0,ChEMBL
CN(C)CCOc1ccc2c(=O)cc(-c3ccccc3)oc2c1,1,6.33,1992.0,ChEMBL
CN(C)CCOc1ccc2oc(-c3ccccc3)cc(=O)c2c1,1,6.815,1992.0,ChEMBL
CN(C)CCOc1cnc(C(=O)Nc2cc(F)cc3cccnc23)cn1,1,6.95,2023.0,ChEMBL
CN(C)CCn1c(=O)oc2cc(C(=O)c3ccccc3)ccc21,1,6.44,1998.0,ChEMBL
CN(C)[C@@]1(C)Cc2ccccc2[C@H](c2ccccc2)C1.Cl,1,7.504999999999999,1993.0,ChEMBL
CN(C)[C@H]1Cc2cc(Cl)c(O)cc2[C@H](c2ccccc2)C1.Cl,1,7.504999999999999,1993.0,ChEMBL
CN(C)[C@]1(C)Cc2ccccc2[C@@H](c2ccccc2)C1.Cl,1,6.9,1993.0,ChEMBL
CN(C)c1ccc2c(c1)C(=O)N(Oc1cccc3c1CCCC3CCCN1CCN(C3CCCCC3)CC1)C2=O,1,8.27,2023.0,ChEMBL
CN(C/C=C/C#CC(C)(C)C)Cc1cccc2ccccc12,1,6.44,,ChEMBL
CN(C/C=C/c1ccccc1)C1CCN(Cc2ccccc2)CC1.O=C(O)/C=C/C(=O)O,1,8.59,1994.0,ChEMBL
CN(C/C=C/c1ccccc1)Cc1cccc2ccccc12,1,6.06,2005.0,ChEMBL
CN(CC#Cc1ccccc1)C1CCN(Cc2ccccc2)CC1.O=C(O)/C=C/C(=O)O,1,8.3,1994.0,ChEMBL
CN(CCCC(=O)Nc1ccc(Cl)cc1)Cc1ccccc1,1,8.19,2017.0,ChEMBL
CN(CCCC=C(c1ccccc1)c1ccccc1)CCc1ccccc1,1,9.05,2004.0,ChEMBL
CN(CCCCC(c1ccccc1)c1ccccc1)CCc1ccccc1,1,9.32,2004.0,ChEMBL
CN(CCCCCCN1C(=O)[C@@H]2Cc3ccccc3CN2C1=O)CCc1ccccc1,1,7.53,2005.0,ChEMBL
CN(CCCCCCN1C(=O)[C@@H]2Cc3ccccc3CN2C1=O)Cc1ccccc1,1,8.03,2005.0,ChEMBL
CN(CCCCCCOc1ccc2oc(-c3ccccc3)cc(=O)c2c1)Cc1ccccc1,1,7.2,1992.0,ChEMBL
CN(CCCCCN1C(=O)[C@@H]2Cc3ccccc3CN2C1=O)CCc1ccccc1,1,7.93,2005.0,ChEMBL
CN(CCCCCN1C(=O)[C@@H]2Cc3ccccc3CN2C1=O)Cc1ccccc1,1,8.3,2005.0,ChEMBL
CN(CCCCCc1ccccc1)CCCc1ccccc1,1,9.42,1994.0,ChEMBL
CN(CCCCCc1ccccc1)CCN1C(=O)[C@@H]2Cc3ccccc3CN2C1=O,1,8.54,2005.0,ChEMBL
CN(CCCCCc1ccccc1)CCc1ccccc1,1,9.6,2004.0,ChEMBL
CN(CCCCCc1ccccc1)Cc1ccccc1,1,9.72,1994.0,ChEMBL
CN(CCCCN1C(=O)[C@@H]2Cc3ccccc3CN2C1=O)CCc1ccccc1,1,8.0,2005.0,ChEMBL
CN(CCCCN1C(=O)[C@@H]2Cc3ccccc3CN2C1=O)Cc1ccccc1,1,8.38,2005.0,ChEMBL
CN(CCCCN1CCCC1)CCCN(C)CCc1ccc(Cl)c(Cl)c1,1,6.89,1994.0,ChEMBL
CN(CCCCNC(=O)c1ccc(Cl)cc1)Cc1ccccc1,1,8.77,2019.0,ChEMBL
CN(CCCCOc1ccn(-c2ccc(Cl)c(Cl)c2)n1)Cc1ccccc1,1,7.62,2012.0,ChEMBL
CN(CCCCc1ccccc1)CCN1C(=O)[C@@H]2Cc3ccccc3CN2C1=O,1,8.49,2005.0,ChEMBL
CN(CCCN(C)CCc1ccc(Cl)c(Cl)c1)CCCN1CCCC1,1,7.11,1994.0,ChEMBL
CN(CCCN(C)Cc1ccc(Cl)c(Cl)c1)CCN1CCCC1,1,8.1,1994.0,ChEMBL
CN(CCCN1C(=O)CSc2ccc(Br)cc21)Cc1ccccc1,1,8.66,2015.0,ChEMBL
CN(CCCN1C(=O)[C@@H]2Cc3ccccc3CN2C1=O)CCc1ccccc1,1,8.68,2005.0,ChEMBL
CN(CCCN1C(=O)[C@@H]2Cc3ccccc3CN2C1=O)Cc1ccccc1,1,8.35,2015.0,ChEMBL
CN(CCCN1C(=O)[C@H]2Cc3ccccc3CN2C1=O)Cc1ccccc1,1,8.15,2015.0,ChEMBL
CN(CCCN1CCCC1)CCN(C)Cc1ccc(Cl)c(Cl)c1,1,7.52,1994.0,ChEMBL
CN(CCCN1CCCC1)CCc1ccc(Cl)c(Cl)c1,1,8.75,1992.0,ChEMBL
CN(CCCN1CCc2[nH]c3ccccc3c2C1)CCc1ccccc1,1,7.96,2015.0,ChEMBL
CN(CCCN1CCc2[nH]c3ccccc3c2C1)Cc1ccccc1,1,7.75,2015.0,ChEMBL
CN(CCCN1CCc2c([nH]c3ccccc23)C1)CCc1ccccc1,1,8.14,2015.0,ChEMBL
CN(CCCN1CCc2c([nH]c3ccccc23)C1)Cc1ccccc1,1,8.21,2015.0,ChEMBL
CN(CCCN1CCc2c([nH]c3ccccc23)C1c1ccccc1)CCc1ccccc1,1,7.96,2015.0,ChEMBL
CN(CCCN1CCc2c([nH]c3ccccc23)C1c1ccccc1)Cc1ccccc1,1,8.37,2015.0,ChEMBL
CN(CCCN1CCc2oc3ccccc3c2C1)CCc1ccccc1,1,8.6,2015.0,ChEMBL
CN(CCCN1CCc2oc3ccccc3c2C1)Cc1ccccc1,1,8.7,2015.0,ChEMBL
CN(CCCN1c2ccccc2Oc2ccccc21)CCc1ccccc1,1,7.75,2015.0,ChEMBL
CN(CCCN1c2ccccc2Sc2ccccc21)CCc1ccccc1,1,7.96,2015.0,ChEMBL
CN(CCCN1c2ccccc2Sc2ccccc21)Cc1ccccc1,1,7.55,2015.0,ChEMBL
CN(CCCNC(=O)c1cc(Cl)cc(Cl)c1)Cc1ccccc1,1,7.64,2019.0,ChEMBL
CN(CCCNC(=O)c1cc2ccccc2o1)Cc1ccccc1,1,7.92,2022.0,ChEMBL
CN(CCCNC(=O)c1ccc(Br)cc1)Cc1ccccc1,1,8.68,2019.0,ChEMBL
CN(CCCNC(=O)c1ccc(Br)cc1F)Cc1ccccc1,1,8.54,2019.0,ChEMBL
CN(CCCNC(=O)c1ccc(C#N)cc1)Cc1ccccc1,1,7.62,2019.0,ChEMBL
CN(CCCNC(=O)c1ccc(C(C)(C)C)cc1)Cc1ccccc1,1,8.8,2019.0,ChEMBL
CN(CCCNC(=O)c1ccc(C(F)(F)F)cc1)Cc1ccccc1,1,8.85,2019.0,ChEMBL
CN(CCCNC(=O)c1ccc(Cl)c(Cl)c1)Cc1ccccc1,1,8.96,2019.0,ChEMBL
CN(CCCNC(=O)c1ccc(Cl)cc1)CCc1ccccc1,1,8.37,2019.0,ChEMBL
CN(CCCNC(=O)c1ccc(Cl)cc1)Cc1ccccc1,1,8.49,2019.0,ChEMBL
CN(CCCNC(=O)c1ccc(Cl)cc1Cl)Cc1ccccc1,1,8.89,2019.0,ChEMBL
CN(CCCNC(=O)c1ccc(F)cc1)Cc1ccccc1,1,7.7,2019.0,ChEMBL
CN(CCCNC(=O)c1ccc([N+](=O)[O-])cc1)Cc1ccccc1,1,8.37,2019.0,ChEMBL
CN(CCCNC(=O)c1ccc2ccccc2c1)Cc1ccccc1,1,6.98,2022.0,ChEMBL
CN(CCCNC(=O)c1ccc2ccccc2n1)Cc1ccccc1,1,7.8,2022.0,ChEMBL
CN(CCCNC(=O)c1cccc(Br)c1)Cc1ccccc1,1,8.41,2019.0,ChEMBL
CN(CCCNC(=O)c1cccc(Cl)c1)Cc1ccccc1,1,8.0,2019.0,ChEMBL
CN(CCCNC(=O)c1cccc(Cl)c1Cl)Cc1ccccc1,1,8.0,2019.0,ChEMBL
CN(CCCNC(=O)c1cccc(N(C)C)c1)Cc1ccccc1,1,8.72,2019.0,ChEMBL
CN(CCCNC(=O)c1ccccc1Br)Cc1ccccc1,1,7.38,2019.0,ChEMBL
CN(CCCNC(=O)c1ccccc1Cl)Cc1ccccc1,1,7.33,2019.0,ChEMBL
CN(CCCNCc1ccc(Cl)cc1)Cc1ccccc1,1,8.54,2017.0,ChEMBL
CN(CCCNS(=O)(=O)c1ccc(Cl)cc1)Cc1ccccc1,1,8.24,2017.0,ChEMBL
CN(CCCc1ccc2ccccc2c1)CCCc1ccc2ccccc2c1,1,7.52,1994.0,ChEMBL
CN(CCCc1ccccc1)CCN(C)CCOC(c1ccccc1)c1ccccc1,1,7.47,1996.0,ChEMBL
CN(CCCc1ccccc1)CCN1C(=O)[C@@H]2Cc3ccccc3CN2C1=O,1,7.87,2005.0,ChEMBL
CN(CCCn1c(=O)oc2cc(Br)ccc21)Cc1ccccc1,1,9.05,2015.0,ChEMBL
CN(CCCn1c(=O)oc2cc3c(cc21)C(c1ccc(Cl)cc1)CC3=O)Cc1ccccc1,1,6.8,2015.0,ChEMBL
CN(CCCn1c(=O)oc2cc3c(cc21)C(c1ccccc1)CC3=O)Cc1ccccc1,1,7.14,2015.0,ChEMBL
CN(CCCn1c(=O)oc2ccc(Br)cc21)Cc1ccccc1,1,8.92,2015.0,ChEMBL
CN(CCCn1c(=O)oc2ccc(Cl)cc21)Cc1ccccc1,1,8.19,2015.0,ChEMBL
CN(CCCn1c(=O)sc2cc(Br)ccc21)Cc1ccccc1,1,9.22,2015.0,ChEMBL
CN(CCCn1c(=O)sc2ccc(Br)cc21)Cc1ccccc1,1,8.51,2015.0,ChEMBL
CN(CCCn1c(=O)sc2ccc(Cl)cc21)Cc1ccccc1,1,8.33,2015.0,ChEMBL
CN(CCCn1c(=O)sc2ccccc21)Cc1ccccc1,1,7.99,2015.0,ChEMBL
CN(CCN(C)Cc1ccc(Cl)c(Cl)c1)CCN1CCCC1,1,8.83,1994.0,ChEMBL
CN(CCN1C(=O)[C@@H]2Cc3ccccc3CN2C1=O)Cc1ccccc1,1,8.35,2005.0,ChEMBL
CN(CCN1CCCC1)C(=O)Cc1ccc([N+](=O)[O-])cc1,1,6.06,1996.0,ChEMBL
CN(CCN1CCCC1)C(=O)Cc1ccccc1[N+](=O)[O-],1,6.13,1996.0,ChEMBL
CN(CCN1CCCC1)C1CCc2cc(Cl)c(Cl)cc2C1,1,8.89,1993.0,ChEMBL
CN(CCN1CCCC1)Cc1ccc(Cl)c(Cl)c1,1,9.42,1992.0,ChEMBL
CN(CCN1CCCC1)Cc1ccc(I)cc1,1,8.7,1993.0,ChEMBL
CN(CCN1CCCC1)Cc1cccc(Br)c1,1,8.05,1993.0,ChEMBL
CN(CCN1CCCC1)Cc1cccc(I)c1,1,8.44,1993.0,ChEMBL
CN(CCN1CCCC1)Cc1ccccc1I,1,7.58,1993.0,ChEMBL
CN(CCN1CCCCCC1)S(=O)(=O)c1ccc(Br)cc1,1,9.74,1998.0,ChEMBL
CN(CCN1CCCCCC1)S(=O)(=O)c1ccc(I)cc1,1,9.85,1998.0,ChEMBL
CN(CCNC(=O)c1ccc(C#N)cc1)Cc1ccccc1,1,8.92,2019.0,ChEMBL
CN(CCNC(=O)c1ccc(Cl)cc1)Cc1ccccc1,1,8.44,2017.0,ChEMBL
CN(CCNC(=O)c1ccc(Cl)cc1Cl)Cc1ccccc1,1,8.19,2019.0,ChEMBL
CN(CCNC(=O)c1ccc([N+](=O)[O-])cc1)Cc1ccccc1,1,8.44,2019.0,ChEMBL
CN(CCNC(=O)c1cccc(Cl)c1Cl)Cc1ccccc1,1,8.19,2017.0,ChEMBL
CN(CCO)CCCCCCOc1ccc2oc(-c3ccccc3)cc(=O)c2c1,1,6.635,1992.0,ChEMBL
CN(CC[C@@]12CCCC[C@@H]1C=Cc1ccc(OCC(=O)OC(C)(C)C)cc12)CC(=O)OC(C)(C)C,1,7.85,2004.0,ChEMBL
CN(CC[C@]12CCCC[C@H]1C=Cc1ccc(OCC(=O)OC(C)(C)C)cc12)CC(=O)OC(C)(C)C,1,6.94,2004.0,ChEMBL
CN(CCc1cc(Cl)c(Cl)cc1I)CCN1CCCC1,1,9.09,1992.0,ChEMBL
CN(CCc1ccc(Br)cc1)CCN1CCCC1,1,8.54,1993.0,ChEMBL
CN(CCc1ccc(Cl)c(Cl)c1)C1CCCCC1N1CCCC1,1,8.7,1991.0,ChEMBL
CN(CCc1ccc(Cl)c(Cl)c1)C1CN2CCC1CC2,1,7.1,1993.0,ChEMBL
CN(CCc1ccc(Cl)c(Cl)c1)CC1(N2CCCCC2)CCCCC1,1,7.11,1993.0,ChEMBL
CN(CCc1ccc(Cl)c(Cl)c1)CC1CCCCN1C,1,8.43,1992.0,ChEMBL
CN(CCc1ccc(Cl)c(Cl)c1)CCN(C)CCN(C)CCN(C)CCN1CCCC1,1,6.64,1994.0,ChEMBL
CN(CCc1ccc(Cl)c(Cl)c1)CCN(C)CCN(C)CCN1CCCC1,1,6.96,1994.0,ChEMBL
CN(CCc1ccc(Cl)c(Cl)c1)CCN(C)CCN1CCCC1,1,7.86,1994.0,ChEMBL
CN(CCc1ccc(Cl)c(Cl)c1)CCN1C2CCC1c1c([nH]c3ccccc13)C2,1,6.305,1993.0,ChEMBL
CN(CCc1ccc(Cl)c(Cl)c1)CCN1CCCC1,1,8.69,2003.0,ChEMBL
CN(CCc1ccc(Cl)c(Cl)c1)CCN1CCCCC1,1,9.59,1992.0,ChEMBL
CN(CCc1ccc(Cl)c(Cl)c1)CCN1CCCCCC1,1,9.77,1992.0,ChEMBL
CN(CCc1ccc(Cl)c(Cl)c1)[C@@H]1CCCC[C@@H]1N1CCCC1,1,8.22,1992.0,ChEMBL
CN(CCc1ccc(Cl)c(Cl)c1)[C@@H]1CCCC[C@H]1N1CCCC1,1,6.305,1992.0,ChEMBL
CN(CCc1ccc(Cl)c(Cl)c1)[C@H]1CCCC[C@@H]1N1CCCC1,1,6.78,1992.0,ChEMBL
CN(CCc1ccc(Cl)c(Cl)c1)[C@H]1CCCC[C@H]1N1CCCC1,1,8.89,1992.0,ChEMBL
CN(CCc1ccc(Cl)cc1)CCN1CCCC1,1,8.725,1993.0,ChEMBL
CN(CCc1ccc(F)cc1)CCN1CCCC1,1,8.22,1993.0,ChEMBL
CN(CCc1ccc(I)cc1)CCN1CCCC1,1,8.6,1993.0,ChEMBL
CN(CCc1ccc(N)cc1)CCN1CCCC1,1,6.56,1996.0,ChEMBL
CN(CCc1ccc([N+](=O)[O-])cc1)CCN1CCCC1,1,8.37,1996.0,ChEMBL
CN(CCc1ccc2c(c1)OCO2)[C@@H]1CCCC[C@@H]1N1CCCC1,1,7.52,1990.0,ChEMBL
CN(CCc1ccc2c(c1)OCO2)[C@H]1CCCC[C@H]1N1CCCC1,1,7.05,1990.0,ChEMBL
CN(CCc1ccc2ccccc2c1)CCN1CCCC1,1,8.68,1992.0,ChEMBL
CN(CCc1ccc2ccccc2c1)[C@H]1CCCC[C@H]1N1CCCC1,1,7.43,1990.0,ChEMBL
CN(CCc1cccc(Br)c1)CCN1CCCC1,1,8.37,1993.0,ChEMBL
CN(CCc1cccc(Cl)c1)CCN1CCCC1,1,8.870000000000001,1993.0,ChEMBL
CN(CCc1cccc(F)c1)CCN1CCCC1,1,8.27,1993.0,ChEMBL
CN(CCc1cccc(I)c1)CCN1CCCC1,1,8.6,1993.0,ChEMBL
CN(CCc1cccc(N)c1)CCN1CCCC1,1,6.24,1996.0,ChEMBL
CN(CCc1cccc([N+](=O)[O-])c1)CCN1CCCC1,1,8.19,1996.0,ChEMBL
CN(CCc1ccccc1)CCN1C(=O)[C@@H]2Cc3ccccc3CN2C1=O,1,7.9,2005.0,ChEMBL
CN(CCc1ccccc1)CCN1CCCC1,1,8.13,1992.0,ChEMBL
CN(CCc1ccccc1)[C@H]1CCCC[C@H]1N1CCCC1,1,6.9,1990.0,ChEMBL
CN(CCc1ccccc1N)CCN1CCCC1,1,6.54,1996.0,ChEMBL
CN(CCc1ccccc1[N+](=O)[O-])CCN1CCCC1,1,8.11,1996.0,ChEMBL
CN(Cc1cc(Br)cc(Br)c1N)C1CCCCC1,1,7.404999999999999,,ChEMBL
CN(Cc1ccc(Cl)c(Cl)c1)[C@H]1CCCC[C@H]1N1CCCC1,1,8.91,1991.0,ChEMBL
CN([C@H]1CCCC[C@H]1N1CCCC1)S(=O)(=O)c1ccccc1,1,6.01,1990.0,ChEMBL
CN(c1nc2ccccc2s1)C1CCN(CCCCOc2ccccc2)C1,1,8.89,2005.0,ChEMBL
CN1C2CCC1CC(OC(c1ccc(F)cc1)c1ccc(F)cc1)C2.Cl,1,7.0,2024.0,ChEMBL
CN1C2CCC1CC1(C2)OC=C(c2ccccc2)C1=O.Cl,1,6.49,1993.0,ChEMBL
CN1C2CCCC1CC(Nc1ccccc1Br)C2,1,7.08,2023.0,ChEMBL
CN1CC(C(=O)N2CCN(c3ccc4c(c3)[C@@H]3C[C@H]4CCN3C(=O)OCc3ccccc3)CC2)C1,1,7.28,2023.0,ChEMBL
CN1CC(CN2CCN(c3ccc4c(c3)[C@@H]3C[C@H]4CCN3C(=O)OCc3ccccc3)CC2)C1,1,7.03,2023.0,ChEMBL
CN1CC2(CCN(CCCC(=O)c3ccc(F)cc3)CC2)c2ccccc21,1,6.96,1997.0,ChEMBL
CN1CC2(CCN(CCc3ccccc3)CC2)OC(C)(C)C1=O,1,7.3,2020.0,ChEMBL
CN1CC2(CCN(CCc3ccccc3)CC2)OC(c2ccccc2)C1=O,1,6.62,2020.0,ChEMBL
CN1CC2(CCN(CCc3ccccc3)CC2)OC2(CC2)C1=O,1,6.79,2020.0,ChEMBL
CN1CC2(CCN(CCc3ccccc3)CC2)OCC1=O,1,6.55,2020.0,ChEMBL
CN1CC2(CCN(CCc3ccccc3)CC2)c2ccccc2C1=O,1,7.0,2021.0,ChEMBL
CN1CC2(CCN(C[C@H](O)Cc3ccc(Br)cc3)CC2)c2ccccc21,1,6.72,1997.0,ChEMBL
CN1CC2(CCN(C[C@H](O)c3cccc(Br)c3)CC2)c2ccccc21,1,6.29,1997.0,ChEMBL
CN1CC2(CCN([C@@H]3CCCC[C@H]3O)CC2)c2ccccc21,1,6.54,1997.0,ChEMBL
CN1CC2(CCN([C@@H]3CN(Cc4cccc(I)c4)CC[C@H]3O)CC2)c2ccccc21,1,6.91,1997.0,ChEMBL
CN1CCC(C(=O)N2CCN(c3ccc4c(c3)[C@@H]3C[C@H]4CCN3C(=O)OCc3ccccc3)CC2)CC1,1,6.54,2023.0,ChEMBL
CN1CCC(c2nnn3c2CO[C@@H]2CN(Cc4ccc(F)cc4)C[C@H]23)CC1,1,6.35,2021.0,ChEMBL
CN1CCC2(CC1)OC(C)(c1ccccc1)CC2=O.O=C(O)/C=C/C(=O)O,1,6.67,1993.0,ChEMBL
CN1CCC2(CC1)OC(c1ccccc1)=CC2=O.Cl,1,6.53,1993.0,ChEMBL
CN1CCC2(CC1)OC=C(c1ccccc1)C2=O.Cl,1,6.24,1993.0,ChEMBL
CN1CCC2(c3cccc(O)c3)CC(=O)/C(=C/C3CC3)C1C2,1,7.21,1995.0,ChEMBL
CN1CCC2(c3cccc(O)c3)CC(=O)/C(=C/c3ccc(Cl)c(Cl)c3)C1C2,1,7.34,1995.0,ChEMBL
CN1CCC2(c3cccc(O)c3)CC(=O)/C(=C/c3ccc(Cl)cc3)C1C2,1,7.42,1995.0,ChEMBL
CN1CCC2(c3cccc(O)c3)CC(=O)/C(=C/c3ccc(I)cc3)C1C2,1,8.77,1995.0,ChEMBL
CN1CCC2(c3cccc(O)c3)CC(=O)/C(=C/c3ccc4ccccc4c3)C1C2,1,7.78,1995.0,ChEMBL
CN1CCC2(c3cccc(O)c3)CC(=O)/C(=C/c3cccc(Cl)c3)C1C2,1,7.52,1995.0,ChEMBL
CN1CCC2(c3cccc(O)c3)CC(=O)/C(=C/c3cccc(I)c3)C1C2,1,8.79,1995.0,ChEMBL
CN1CCC2(c3cccc(O)c3)CC(=O)/C(=C/c3ccccc3)C1C2,1,7.83,1995.0,ChEMBL
CN1CCC23CCCCC2C1Cc1ccc(OCC(F)(F)F)cc13,1,7.3,2022.0,ChEMBL
CN1CCC23CCCCC2C1Cc1ccc(OCC(F)F)cc13,1,7.314999999999999,2022.0,ChEMBL
CN1CCC=C(c2nsnc2SCCCF)C1,1,7.21,1995.0,ChEMBL
CN1CCC=C(c2nsnc2SCCF)C1,1,7.66,1995.0,ChEMBL
CN1CCCC(CN2c3ccccc3Sc3ccccc32)C1,1,6.9350000000000005,,ChEMBL
CN1CCCC(N(C)CCc2ccc(Cl)c(Cl)c2)C1,1,8.64,1992.0,ChEMBL
CN1CCCC(n2nc(Cc3ccc(Cl)cc3)c3ccccc3c2=O)CC1.Cl,1,6.82,2024.0,ChEMBL
CN1CCCN(CC(=O)NCCCC2CCCC2)CC1,1,6.03,2013.0,ChEMBL
CN1CCCN(CCc2ccc(Cl)c(Cl)c2)CC1,1,6.76,1993.0,ChEMBL
CN1CCCN(CCn2ncc3c(NC(=O)C(C)(C)C)ncnc32)CC1,1,6.09,2017.0,ChEMBL
CN1CCC[C@@H]1CCO[C@](C)(c1ccccc1)c1ccc(Cl)cc1,1,7.85,2020.0,ChEMBL
CN1CCN(C(=O)C(C)(C)c2ccc(C(=O)Nc3cn4cc(-c5cc(C(C)(C)C)cc(C(C)(C)C)c5)ccc4n3)cc2)CC1,1,6.1,2023.0,ChEMBL
CN1CCN(C(=O)OCc2ccccc2)C(c2cccc(N3CCN(C4CCCC4)CC3)c2)C1,1,7.965,2022.0,ChEMBL
CN1CCN(C(=O)OCc2ccccc2)C(c2cccc(N3CCN(CCCO)CC3)c2)C1,1,6.215,2022.0,ChEMBL
CN1CCN(C(C)(C)C(=O)N2CCN3c4ccccc4CC3C2)CC1,1,6.76,2018.0,ChEMBL
CN1CCN(C(C)(C)C(=O)N2CCn3c(cc4ccccc43)C2)CC1,1,7.02,2018.0,ChEMBL
CN1CCN(C2(CNC(=O)C(C)(c3ccccc3)c3ccccc3)CCCCC2)CC1,1,6.02,2021.0,ChEMBL
CN1CCN(C2(CNC(=O)c3ccccc3Oc3ccccc3)CCCCC2)CC1,1,6.16,2021.0,ChEMBL
CN1CCN(CC(O)COc2ccn(-c3ccc(Cl)c(Cl)c3)n2)CC1,1,6.63,2012.0,ChEMBL
CN1CCN(CC/C=C/c2ccccc2)CC1,1,7.54,2004.0,ChEMBL
CN1CCN(CC/C=C\c2ccccc2)CC1,1,7.54,2004.0,ChEMBL
CN1CCN(CCCC(=O)N2CCn3c(cc4ccccc43)C2)CC1,1,6.54,2018.0,ChEMBL
CN1CCN(CCCCCOc2ccc3occc(=O)c3c2)CC1,1,7.08,2021.0,ChEMBL
CN1CCN(CCCCc2ccccc2)CC1,1,7.7,2004.0,ChEMBL
CN1CCN(CCCN2c3ccccc3Sc3ccc(C(F)(F)F)cc32)CC1,1,7.82,2005.0,ChEMBL
CN1CCN(CCCN2c3ccccc3Sc3ccc(Cl)cc32)CC1,1,7.455,,ChEMBL
CN1CCN(CCCOc2ccc3occc(=O)c3c2)CC1,1,6.09,2021.0,ChEMBL
CN1CCN(CCCOc2ccn(-c3ccc(Cl)c(Cl)c3)n2)CC1,1,7.78,2012.0,ChEMBL
CN1CCN(CCCc2ccc(C(c3ccccc3)C34CC5CC(CC(C5)C3)C4)cc2)CC1,1,7.32,2012.0,ChEMBL
CN1CCN(CCOc2ccc3occc(=O)c3c2)CC1,1,6.22,2021.0,ChEMBL
CN1CCN(CCc2ccc(C(c3ccccc3)C34CC5CC(CC(C5)C3)C4)cc2)CC1,1,8.54,2012.0,ChEMBL
CN1CCN(CCc2ccc(Cl)c(Cl)c2)CC1,1,7.944999999999999,2025.0,ChEMBL
CN1CCN(CCn2ncc3c(NC(=O)C(C)(C)C)ncnc32)CC1,0,4.37,2017.0,ChEMBL
CN1CCN(Cc2ccc(-c3ccccc3)cc2)[C@@H](CCO)C1,1,6.15,2014.0,ChEMBL
CN1CCN(Cc2ccc(C(c3ccccc3)C34CC5CC(CC(C5)C3)C4)cc2)CC1,1,8.28,2012.0,ChEMBL
CN1CCN(c2ccc(C(c3ccccc3)C34CC5CC(CC(C5)C3)C4)cc2)CC1,1,8.49,2012.0,ChEMBL
CN1CCN(c2ccc(Nc3c4ccccc4nc4ccccc34)cc2)CC1.Cl.Cl.O,1,6.38,2024.0,ChEMBL
CN1CCN(c2ccc3c(c2)C2CC3CCN2C(=O)OCc2ccccc2)CC1,1,6.08,2022.0,ChEMBL
CN1CCN(c2ccc3c(c2)CCCN(C(=O)OCc2ccccc2)C3)CC1,1,6.79,2021.0,ChEMBL
CN1CCN(c2ccc3c(c2)CCN(C(=O)OCc2ccccc2)C3)CC1,1,6.56,2021.0,ChEMBL
CN1CCN(c2ccc3c(c2)CN(C(=O)OCc2ccccc2)C3)CC1,1,6.6,2021.0,ChEMBL
CN1CCN(c2ccc3c(c2)CN(C(=O)OCc2ccccc2)CC3)CC1,1,6.5,2021.0,ChEMBL
CN1CCN(c2ccc3c(c2)CN(C(=O)OCc2ccccc2)CCC3)CC1,1,6.45,2021.0,ChEMBL
CN1CCN(c2ccc3c(c2)CN(S(=O)(=O)c2cc(Cl)cc(Cl)c2)C3)CC1,1,6.69,2021.0,ChEMBL
CN1CCN(c2ccc3c(c2)CN(S(=O)(=O)c2cc(Cl)cc(Cl)c2)CC3)CC1,1,6.91,2021.0,ChEMBL
CN1CCN(c2ccc3c(c2)CN(S(=O)(=O)c2cc(Cl)cc(Cl)c2)CCC3)CC1,1,7.0,2021.0,ChEMBL
CN1CCN(c2ccc3c(c2)[C@H]2C[C@@H]3CCN2C(=O)OCc2ccccc2)CC1,1,6.3,2018.0,ChEMBL
CN1CCN(c2ccc3c(c2)[C@H]2C[C@H]3CCN2C(=O)CCc2ccccc2)CC1,1,6.53,2021.0,ChEMBL
CN1CCN(c2ccc3c(c2)[C@H]2C[C@H]3CCN2C(=O)OCc2ccccc2)CC1,1,6.3,2021.0,ChEMBL
CN1CCN(c2ccc3c(c2)[C@H]2C[C@H]3CCN2S(=O)(=O)c2cc(Cl)cc(Cl)c2)CC1,1,6.36,2021.0,ChEMBL
CN1CCN(c2cccc3c2CN(C(=O)OCc2ccccc2)CC3)CC1,1,6.19,2021.0,ChEMBL
CN1CCN(c2ccnc(NCCc3ccccc3)n2)CC1,1,6.905,2021.0,ChEMBL
CN1CC[C@@H]2C[C@@H]1c1cc(-c3ccc(C(F)(F)F)cc3)ccc12,1,6.81,2021.0,ChEMBL
CN1CC[C@@H]2c3ccccc3CC[C@H]2C1.Cl,1,6.35,1992.0,ChEMBL
CN1CC[C@@]2(c3cccc(O)c3)CC(=O)/C(=C/c3ccc(Cl)c(Cl)c3)[C@@H]1C2,1,7.529999999999999,2013.0,ChEMBL
CN1CC[C@@]2(c3cccc(O)c3)CC(=O)/C(=C/c3cccc(O)c3)[C@@H]1C2,1,7.98,2013.0,ChEMBL
CN1CC[C@@]2(c3cccc(O)c3)CC(=O)/C(=C/c3ccccc3)[C@@H]1C2,1,8.03,1994.0,ChEMBL
CN1CC[C@@]23CCCC[C@@H]2[C@@H]1Cc1ccc(C(C)(F)F)cc13,1,6.17,2022.0,ChEMBL
CN1CC[C@@]23CCCC[C@@H]2[C@@H]1Cc1ccc(C(F)(F)F)cc13,1,6.09,2022.0,ChEMBL
CN1CC[C@@]23CCCC[C@@H]2[C@@H]1Cc1ccc(C(F)F)cc13,1,6.84,2022.0,ChEMBL
CN1CC[C@@]23CCCC[C@@H]2[C@@H]1Cc1ccc(OC(F)(F)F)cc13,1,6.12,2022.0,ChEMBL
CN1CC[C@@]23CCCC[C@@H]2[C@@H]1Cc1ccc(OC(F)F)cc13,1,6.25,2022.0,ChEMBL
CN1CC[C@H]2c3ccc(O)cc3OC[C@]21C,1,7.3,2019.0,ChEMBL
CN1CC[C@H]2c3cccc(-c4ccccc4)c3OC[C@]21C,1,7.3,2019.0,ChEMBL
CN1CC[C@H]2c3ccccc3CC[C@H]2C1.Cl,1,6.47,1992.0,ChEMBL
CN1CC[C@H]2c3ccccc3N(c3ccccc3)C[C@]21C,1,6.79,2019.0,ChEMBL
CN1CC[C@]23CCCCC2C1Cc1ccc(OCC(F)F)c(Br)c13,1,7.74,2022.0,ChEMBL
CN1CC[C@]23CCCC[C@@H]2[C@@H]1Cc1ccc(O)cc13,1,6.665,2022.0,ChEMBL
CN1CC[C@]23CCCC[C@@H]2[C@H]1Cc1ccc(O)cc13,1,6.93,2022.0,ChEMBL
CN1CCc2c(c3cccc4c3n2CCc2ccccc2-4)C1,1,6.66,2014.0,ChEMBL
CN1CCc2cc(Cl)c(O)cc2[C@@H](c2ccccc2)C1,1,6.41,1994.0,ChEMBL
CN1CCn2nc3c(c2C1=O)CC(NCc1ccc(F)cc1)CC3,1,6.0,2021.0,ChEMBL
CN1C[C@@]23CCCCC2[C@@H]1Cc1ccc(O)c(Br)c13,1,6.84,2022.0,ChEMBL
CN1C[C@H](C(=O)N[C@]2(C)O[C@@]3(O)[C@@H]4CCCN4C(=O)[C@H](Cc4ccccc4)N3C2=O)C[C@@H]2c3cccc4[nH]cc(c34)C[C@H]21.CS(=O)(=O)O,1,6.22,2024.0,ChEMBL
CN1[C@@H]2CC[C@H]1C[C@@H](OC(c1ccccc1)c1ccccc1)C2,1,7.045,,ChEMBL
CN=C(NC1CCCCC1)NC1CCCCC1.Cl,1,6.73,1990.0,ChEMBL
CNC(=O)CC1Cc2ccccc2C2(CCN(Cc3ccccc3)CC2)O1,1,6.77,2002.0,ChEMBL
CNC1CCN(c2ncnc3c2cnn3CCN2CCCCC2)C1,0,4.59,2017.0,ChEMBL
CNC1Cc2cc(Cl)c(O)cc2C(c2ccccc2)C1,1,7.83,1994.0,ChEMBL
CNC1Cc2ccccc2C(c2ccccc2)C1,1,7.1,1994.0,ChEMBL
CNCCC(=O)N1CCN(c2ccc3c(c2)[C@@H]2C[C@H]3CCN2C(=O)OCc2ccccc2)CC1,1,6.72,2023.0,ChEMBL
CNCCC(Oc1ccc(C(F)(F)F)cc1)c1ccccc1,1,6.3,1994.0,ChEMBL
CNCCC1Cc2ccccc2C2(CCN(Cc3ccccc3)CC2)O1,1,6.83,2002.0,ChEMBL
CNCCCCCC1CCCCC1,1,8.17,1994.0,ChEMBL
CNCCCCCc1ccccc1,1,6.38,1994.0,ChEMBL
CNCCN(C)CCOC(c1ccccc1)c1ccccc1,1,6.64,1996.0,ChEMBL
CNCCN(C)CCc1ccc(Cl)c(Cl)c1,1,8.24,1992.0,ChEMBL
CNCCN1CCC(OCc2ccccc2)CC1,1,7.27,2023.0,ChEMBL
CNCCN1CCN(c2ccc3c(c2)[C@@H]2C[C@H]3CCN2C(=O)OCc2ccccc2)CC1,1,6.76,2023.0,ChEMBL
CNCC[C@@]12CCCC[C@@H]1C=Cc1ccc(OC)cc12,1,6.34,2004.0,ChEMBL
CNCCc1ccc(O)cc1,0,4.91,2021.0,ChEMBL
CN[C@@]1(c2ccccc2Cl)CCCCC1NCCCN1CCCC1,1,7.43,2022.0,ChEMBL
CN[C@@]1(c2ccccc2Cl)CCCC[C@@H]1NCCCN1CCCC1,1,7.43,2021.0,ChEMBL
CN[C@@]1(c2ccccc2Cl)CCCC[C@@H]1NCCCN1CCN(C)CC1,1,6.84,2022.0,ChEMBL
CN[C@@]1(c2ccccc2Cl)CCCC[C@@H]1NCCCc1ccc(F)cc1,1,6.66,2022.0,ChEMBL
CN[C@@]1(c2ccccc2Cl)CCCC[C@@H]1NCCCc1ccccc1,1,6.16,2022.0,ChEMBL
CN[C@H]1CC[C@@H](c2ccc(Cl)c(Cl)c2)c2ccccc21,1,7.24,2012.0,ChEMBL
CN[C@]1(c2ccccc2Cl)CCCC[C@@H]1NCCCN1CCCC1,1,7.76,2022.0,ChEMBL
CN[C@]1(c2ccccc2Cl)CCCC[C@@H]1NCCCN1CCN(C)CC1,1,7.16,2022.0,ChEMBL
CN[C@]1(c2ccccc2Cl)CCCC[C@@H]1NCCCc1ccc(F)cc1,1,7.45,2022.0,ChEMBL
CN[C@]1(c2ccccc2Cl)CCCC[C@@H]1NCCCc1ccccc1,1,7.01,2022.0,ChEMBL
CNc1ccccc1CNCCCNC(=O)c1ccc(Cl)cc1,1,8.44,2019.0,ChEMBL
CNc1nc(NCc2ccc(NS(C)(=O)=O)cc2Cl)cc(-c2ccccn2)n1,1,6.44,2024.0,ChEMBL
COC(=O)C1=C(C)NC(C)=C(C(=O)OCCCN2CCC(c3ccccc3)(c3ccccc3)CC2)[C@H]1c1cccc([N+](=O)[O-])c1,1,6.49,2024.0,ChEMBL
COC(=O)CC1OC2(CCN(CCc3ccccc3)CC2)CN(c2ccccc2)C1=O,1,7.27,2020.0,ChEMBL
COC(=O)CCCCCN1CCC(CNC(=O)c2c3n(c4ccccc24)CCCO3)CC1,1,6.4,2010.0,ChEMBL
COC(=O)[C@@]1(c2ccccc2)C[C@H]1CN(C)C12CC3CC(CC(C3)C1)C2,1,8.68,2012.0,ChEMBL
COC(=O)[C@@]1(c2ccccc2)C[C@H]1CN1CC[C@@]2(C)c3cc(O)ccc3C[C@H]1[C@H]2C,1,7.12,2018.0,ChEMBL
COC(=O)[C@H]1[C@@H](OC(=O)c2ccccc2)C[C@@H]2CC[C@H]1N2CCc1ccc(N=[N+]=[N-])c([125I])c1,1,7.96,2013.0,ChEMBL
COC(=O)[C@]1(c2ccccc2)C[C@@H]1CN1CCC(O)(c2ccc(Cl)cc2)CC1,1,8.82,2024.0,ChEMBL
COC(=O)[C@]1(c2ccccc2)C[C@@H]1CN1CC[C@@]2(C)c3cc(O)ccc3C[C@H]1[C@H]2C,1,7.18,2018.0,ChEMBL
COC1CCN(c2cccc(-c3cc(NC(C)=O)nc(-n4nc(C)cc4C)n3)n2)CC1,1,6.32,2024.0,ChEMBL
COC1Cc2ccccc2C2(CCC(N(C)CC3CCCCC3)CC2)O1,1,8.72,2023.0,ChEMBL
COC1Cc2ccccc2C2(CCN(C/C=C/c3ccccc3)CC2)O1,1,7.88,2002.0,ChEMBL
COC1Cc2ccccc2C2(CCN(CCCCc3ccccc3)CC2)O1,1,7.99,2002.0,ChEMBL
COC1Cc2ccccc2C2(CCN(CCCc3ccccc3)CC2)O1,1,8.68,2002.0,ChEMBL
COC1Cc2ccccc2C2(CCN(CCc3ccccc3)CC2)O1,1,8.18,2002.0,ChEMBL
COC1Cc2ccccc2C2(CCN(Cc3ccccc3)CC2)O1,1,8.89,2002.0,ChEMBL
COC1Cc2ccccc2C2(CCNCC2)O1,0,4.7,2002.0,ChEMBL
COC1Cc2ccccc2[C@]2(CC[C@@H](N(C)CC3CCCCC3)CC2)O1,1,8.16,2019.0,ChEMBL
COC1Cc2ccccc2[C@]2(CC[C@@H](N(C)Cc3ccccc3)CC2)O1,1,7.4,2019.0,ChEMBL
COC1Cc2ccccc2[C@]2(CC[C@H](N(C)CC3CCCCC3)CC2)O1,1,8.14,2019.0,ChEMBL
COC1Cc2ccccc2[C@]2(CC[C@H](N(C)Cc3ccccc3)CC2)O1,1,7.41,2019.0,ChEMBL
COC1OC2(CCN(Cc3ccccc3)CC2)c2ccccc21,1,8.94,2002.0,ChEMBL
COCC(=O)N(CC(C)(C)N1CCN(Cc2ccccc2)CC1)c1ccccc1,1,7.32,2021.0,ChEMBL
COCC(=O)N(CC1(N2CCN(Cc3ccccc3)CC2)CC1)c1ccccc1,1,7.27,2021.0,ChEMBL
COCC1OC2(CCN(CCc3ccccc3)CC2)CN(c2ccccc2)C1=O,1,7.5,2020.0,ChEMBL
COCCCC/C(=N\OCCN)c1ccc(C(F)(F)F)cc1,1,7.44,2012.0,ChEMBL
COCCCN1CCC23CCCCC2C1Cc1ccc(OCC(F)(F)F)cc13,1,8.8,2022.0,ChEMBL
COCCCN1CCN(c2ccc3c(c2)[C@@H]2C[C@H]3CCN2C(=O)OCc2ccccc2)CC1,1,7.23,2023.0,ChEMBL
COCCN(C)CC12CCCCC1(C)C=Cc1ccc(C)cc12,1,7.625,2022.0,ChEMBL
COCCN(C)CCCCOc1ccn(-c2ccc(Cl)c(Cl)c2)n1,1,8.09,2012.0,ChEMBL
COCCN1CCN(c2ccc3c(c2)[C@@H]2C[C@H]3CCN2C(=O)OCc2ccccc2)CC1,1,6.71,2023.0,ChEMBL
COCCN1CCN(c2ccc3c(c2)[C@H]2C[C@@H]3CCN2C(=O)OCc2ccccc2)CC1,1,6.51,2023.0,ChEMBL
COCCNCCC12CCCCC1(C)C=Cc1ccc(C)cc12,1,7.175,2022.0,ChEMBL
COC[C@H](CCc1ccc(Cl)c(Cl)c1)N1Cc2ccc(F)cc2C1,1,7.03,2020.0,ChEMBL
CO[C@@H]1COCC[C@@H]1N[C@@H]1CC[C@@](C(=O)N2CCc3ncc(C(F)(F)F)cc3C2)(C(C)C)C1,1,6.08,2024.0,ChEMBL
COc1c(-c2ccccc2)oc2ccc(OCCCCCCN3CCC(O)CC3)cc2c1=O,1,7.0,1992.0,ChEMBL
COc1c(C(=O)CCC2CCN(CC3CCCCC3)CC2)cc(Cl)c2[nH]ccc12,1,8.29,2019.0,ChEMBL
COc1c(C(=O)CCC2CCN(Cc3ccccc3)CC2)cc(Cl)c2[nH]ccc12,1,8.24,2019.0,ChEMBL
COc1c(C(=O)NC2CC3CCCC(C2)N3C2CCCCC2)cc(Br)c2ccccc12,1,7.16,2001.0,ChEMBL
COc1c(C(=O)NC2CC3CCCC(C2)N3C2CCCCCC2)cc(Br)c2ccccc12,1,7.02,2001.0,ChEMBL
COc1c(C(=O)NC2CC3CCCC(C2)N3Cc2ccccc2)cc(Br)c2ccccc12,1,7.13,2001.0,ChEMBL
COc1c(C(=O)NC2CCN(C3C4CC5CC(C4)CC3C5)C2)cc(Br)c2ccccc12,1,7.55,2004.0,ChEMBL
COc1c(C(=O)NC2CCN(C3C4CCCC3CCC4)CC2)cc(Br)c2ccccc12,1,8.72,2001.0,ChEMBL
COc1c(C(=O)NC2CCN(C3CCCC3)CC2)cc(Br)c2ccccc12,1,8.92,2001.0,ChEMBL
COc1c(C(=O)NC2CCN(C3CCCCC3)CC2)cc(Br)c2ccccc12,1,8.96,2001.0,ChEMBL
COc1c(C(=O)NC2CCN(C3CCCCCC3)CC2)cc(Br)c2ccccc12,1,8.96,2001.0,ChEMBL
COc1c(C(=O)NC2CCN(C3[C@H]4C[C@@H]5C[C@@H](C[C@H]3C5)C4)CC2)cc(Br)c2ccccc12,1,6.92,2001.0,ChEMBL
COc1c(C(=O)NC2CCN(Cc3ccccc3)CC2)cc(Br)c2ccccc12,1,8.25,2001.0,ChEMBL
COc1c(C(=O)NCCCCN2CCN(c3cccc(Cl)c3Cl)CC2)cc(Br)c2ccccc12,1,6.12,2004.0,ChEMBL
COc1c(C(=O)NCCN2CCc3ccccc3C2)cc(Br)c2ccccc12,1,7.82,2004.0,ChEMBL
COc1c(C(=O)NC[C@@H]2CCCN2C2C3CCCC2CCC3)cc(Br)c2ccccc12,1,7.78,2001.0,ChEMBL
COc1c(C(=O)NC[C@@H]2CCCN2C2CCC2)cc(Br)c2ccccc12,1,8.4,2001.0,ChEMBL
COc1c(C(=O)NC[C@@H]2CCCN2C2CCCC2)cc(Br)c2ccccc12,1,8.6,2001.0,ChEMBL
COc1c(C(=O)NC[C@@H]2CCCN2C2CCCCC2)cc(Br)c2ccccc12,1,7.24,2001.0,ChEMBL
COc1c(C(=O)NC[C@@H]2CCCN2C2CCCCCC2)cc(Br)c2ccccc12,1,7.9,2001.0,ChEMBL
COc1c(C(=O)NC[C@@H]2CCCN2C2[C@H]3C[C@@H]4C[C@@H](C[C@H]2C4)C3)cc(Br)c2ccccc12,1,7.63,2001.0,ChEMBL
COc1c(C(=O)NC[C@@H]2CCCN2Cc2ccccc2)cc(Br)c2ccccc12,1,7.25,2001.0,ChEMBL
COc1c(C(=O)NC[C@H]2CCCN2C2CCC2)cc(Br)c2ccccc12,1,7.32,2001.0,ChEMBL
COc1c(C(=O)NC[C@H]2CCCN2C2CCCC2)cc(Br)c2ccccc12,1,7.51,2001.0,ChEMBL
COc1c(C(=O)NC[C@H]2CCCN2C2CCCCC2)cc(Br)c2ccccc12,1,7.715,2004.0,ChEMBL
COc1c(C(=O)NC[C@H]2CCCN2C2CCCCCC2)cc(Br)c2ccccc12,1,7.23,2001.0,ChEMBL
COc1c(C(=O)NC[C@H]2CCCN2C2[C@H]3C[C@@H]4C[C@@H](C[C@H]2C4)C3)cc(Br)c2ccccc12,1,6.43,2001.0,ChEMBL
COc1c(C(=O)NC[C@H]2CCCN2Cc2ccccc2)cc(Br)c2ccccc12,1,6.64,2001.0,ChEMBL
COc1c(C(=O)N[C@@H]2CCN(C3C4CCCC3CCC4)C2)cc(Br)c2ccccc12,1,8.21,2001.0,ChEMBL
COc1c(C(=O)N[C@@H]2CCN(C3CCCC3)C2)cc(Br)c2ccccc12,1,9.15,2001.0,ChEMBL
COc1c(C(=O)N[C@@H]2CCN(C3CCCCC3)C2)cc(Br)c2ccccc12,1,8.92,2001.0,ChEMBL
COc1c(C(=O)N[C@@H]2CCN(C3CCCCCC3)C2)cc(Br)c2ccccc12,1,8.77,2001.0,ChEMBL
COc1c(C(=O)N[C@@H]2CCN(C3[C@H]4C[C@@H]5C[C@@H](C[C@H]3C5)C4)C2)cc(Br)c2ccccc12,1,8.21,2001.0,ChEMBL
COc1c(C(=O)N[C@@H]2CCN(Cc3ccccc3)C2)cc(Br)c2ccccc12,1,8.23,2001.0,ChEMBL
COc1c(C(=O)N[C@H]2CCN(C3C4CCCC3CCC4)C2)cc(Br)c2ccccc12,1,6.4,2001.0,ChEMBL
COc1c(C(=O)N[C@H]2CCN(C3CCCC3)C2)cc(Br)c2ccccc12,1,8.44,2001.0,ChEMBL
COc1c(C(=O)N[C@H]2CCN(C3CCCCC3)C2)cc(Br)c2ccccc12,1,8.24,2001.0,ChEMBL
COc1c(C(=O)N[C@H]2CCN(C3CCCCCC3)C2)cc(Br)c2ccccc12,1,8.32,2001.0,ChEMBL
COc1c(C(=O)N[C@H]2CCN(C3[C@H]4C[C@@H]5C[C@@H](C[C@H]3C5)C4)C2)cc(Br)c2ccccc12,1,7.55,2001.0,ChEMBL
COc1c(C(=O)N[C@H]2CCN(Cc3ccccc3)C2)cc(Br)c2ccccc12,1,8.49,2001.0,ChEMBL
COc1cc(-n2cnc3cc(-c4ccc(Cl)cc4)sc3c2=O)ccc1OCCN1CCCC1,1,7.92,2024.0,ChEMBL
COc1cc(Br)cc(C(=O)NCCCCN2CCN(c3cccc(Cl)c3Cl)CC2)c1OC,1,6.09,2013.0,ChEMBL
COc1cc(Br)cc(C(=O)NCCN2CCc3ccccc3C2)c1OC,1,6.56,2004.0,ChEMBL
COc1cc(C(C)=O)ccc1OCCCN1CCC(c2noc3cc(F)ccc23)CC1,1,7.19,1995.0,ChEMBL
COc1cc(CC(=O)N(C)[C@@H]2CCCC[C@@H]2N2CCCC2)cc(OC)c1OC,1,6.52,1990.0,ChEMBL
COc1cc(CC(=O)NC2CCN(Cc3ccccc3)CC2)cc(OC)c1,1,6.92,1998.0,ChEMBL
COc1cc(CC(=O)NC2CCN(Cc3ccccc3)CC2)cc(OC)c1OC,1,7.1,1998.0,ChEMBL
COc1cc(CCC(C)(C)N2Cc3cc4c(cc3C2)OCO4)ccc1OCCO,1,6.0,2020.0,ChEMBL
COc1cc(CCC(C)(C)N2Cc3ccc(F)cc3C2)ccc1OC(=O)N(C)C,1,6.12,2020.0,ChEMBL
COc1cc(CCC(C)(C)N2Cc3cccc(F)c3C2)ccc1O,1,6.96,2020.0,ChEMBL
COc1cc(CCC(C)(C)N2Cc3cccc(F)c3C2)ccc1OC(=O)N(C)C,1,6.33,2020.0,ChEMBL
COc1cc(CCC(C)(C)N2Cc3cccc(S(C)(=O)=O)c3C2)ccc1O,1,6.75,2020.0,ChEMBL
COc1cc(CCN(C)Cc2cccc(O)c2OC)ccc1O,1,6.91,2016.0,ChEMBL
COc1cc(CCN2CCN(CCCc3ccccc3)CC2)ccc1O[11CH3],1,8.36,2013.0,ChEMBL
COc1cc(CC[C@@H](C)N2Cc3cc(Cl)c(Cl)cc3C2)ccc1O,1,7.64,2020.0,ChEMBL
COc1cc(CC[C@@H](C)N2Cc3cc(OC)c(OC)cc3C2)ccc1O,1,7.38,2020.0,ChEMBL
COc1cc(CC[C@@H](C)N2Cc3cc4c(cc3C2)OCO4)ccc1OCCO,1,6.89,2020.0,ChEMBL
COc1cc(CC[C@@H](C)N2Cc3ccc(Cl)cc3C2)ccc1O,1,7.51,2020.0,ChEMBL
COc1cc(CC[C@@H](C)N2Cc3ccc(F)cc3C2)ccc1OCCO,1,6.66,2020.0,ChEMBL
COc1cc(CC[C@@H](C)N2Cc3ccc(S(C)(=O)=O)cc3C2)ccc1O,1,7.0,2020.0,ChEMBL
COc1cc(CC[C@@H](C)N2Cc3cccc(F)c3C2)ccc1O,1,7.39,2020.0,ChEMBL
COc1cc(CC[C@@H](C)N2Cc3cccc(F)c3C2)ccc1OCCO,1,7.11,2020.0,ChEMBL
COc1cc(F)ccc1-c1ncnc2c1cnn2CCN1CCCCC1,1,7.41,2017.0,ChEMBL
COc1cc(N)c(Cl)cc1C(=O)CCC1CCN(CC2CCCCC2)CC1,1,7.29,2019.0,ChEMBL
COc1cc(N)c(Cl)cc1C(=O)NC1CCN(CCCOc2ccc(F)cc2)CC1OC,1,6.19,,ChEMBL
COc1cc(OC)c(C2NCCc3c2[nH]c2ccc(F)cc32)cc1OC.Cl,1,6.12,2022.0,ChEMBL
COc1cc(OC)c2c(c1)OC[C@@]1(C)NCC[C@@H]21,1,7.380000000000001,2019.0,ChEMBL
COc1cc2c(cc1O)C(C)N(Cc1cccc(O)c1OC)CC2,1,6.89,2016.0,ChEMBL
COc1cc2c(cc1O)C1Cc3ccc(O)c(OC)c3CN1CC2,1,6.57,2016.0,ChEMBL
COc1cc2c(cc1O)C1Cc3ccc(OC)c(OC)c3CN1CC2,1,6.97,2016.0,ChEMBL
COc1cc2c(cc1O)C1Cc3ccc(OCC4CC4)c(OC)c3CN1CC2,1,7.92,2016.0,ChEMBL
COc1cc2c(cc1O)C1Cc3ccc(OCCCO)c(OC)c3CN1CC2,1,7.28,2016.0,ChEMBL
COc1cc2c(cc1OC)C(=O)C(CC1CCN(Cc3ccccc3)CC1)C2,1,7.84,2025.0,ChEMBL
COc1cc2c(cc1OC)C1Cc3ccc(OC)c(OC)c3CN1CC2,1,8.6,2005.0,ChEMBL
COc1cc2c(cc1OC)CN(C(C)(C)CCc1ccc(F)cc1)C2,1,8.12,2020.0,ChEMBL
COc1cc2c(cc1OC)CN(CCCCNC(=O)c1cc(Br)cc(OC)c1OC)CC2,0,4.89,2013.0,ChEMBL
COc1cc2c(cc1OC)CN(CCCCNC(=O)c1cc(C)ccc1OCC[18F])CC2,1,7.62,2022.0,ChEMBL
COc1cc2c(cc1OC)CN(CCCCn1c(=O)n(C)c3ccccc31)CC2,1,6.25,2023.0,ChEMBL
COc1cc2c(cc1OC)CN(CCNC(=O)c1cc(Br)c3ccccc3c1OC)CC2,1,6.72,2004.0,ChEMBL
COc1cc2c(cc1OC)CN(CCNC(=O)c1cc(C)ccc1OC)CC2,0,4.98,2013.0,ChEMBL
COc1cc2c(cc1OC)CN([C@@H](C)CCc1ccc(Cl)c(Cl)c1)C2,1,9.24,2020.0,ChEMBL
COc1cc2c(cc1OC)CN([C@H](C)CCc1ccc(Cl)c(Cl)c1)C2,1,7.85,2020.0,ChEMBL
COc1cc2nc(C3CC3)nc(N3CCN(c4ccccc4OC)CC3)c2cc1OC,1,6.39,2013.0,ChEMBL
COc1ccc(-c2cc(=O)c3cc(OCCCCCCN4CCC(O)CC4)ccc3o2)cc1,1,6.535,1992.0,ChEMBL
COc1ccc(-c2cc(=O)c3cc(OCCCCCN4CCC(O)CC4)ccc3o2)cc1,1,6.265,1992.0,ChEMBL
COc1ccc(-c2ncnc3c2cnn3CCN2CCCCC2)cc1,1,6.28,2017.0,ChEMBL
COc1ccc(-c2ncnc3c2cnn3CCN2CCCCC2)cn1,0,4.42,2017.0,ChEMBL
COc1ccc(/C=C2/C(=O)CC3(c4cccc(O)c4)CCN(C)C2C3)cc1,1,8.11,1995.0,ChEMBL
COc1ccc(/N=C(\N)NC23CC4CC(CC(C4)C2)C3)c(C)c1,1,8.15,1991.0,ChEMBL
COc1ccc(Br)cc1C(=O)NCCN1CCc2ccccc2C1,1,7.66,2004.0,ChEMBL
COc1ccc(C(=O)CCN2CC=C(c3ccc(Cl)cc3)CC2)cc1OC,1,6.3,1993.0,ChEMBL
COc1ccc(C(=O)NCCCCN2CCc3ccc([N+](=O)[O-])cc3C2)c(OC)c1OC,0,4.99,2013.0,ChEMBL
COc1ccc(C(=O)NCCCN(C)Cc2ccccc2)cc1,1,7.43,2019.0,ChEMBL
COc1ccc(C)cc1NC(=O)OC1CC2CCCC(C1)N2CCCCCCCCCCN,1,6.875,2022.0,ChEMBL
COc1ccc(C2(C(=O)OCCCN3CCC(c4ccccc4)CC3)CCCC2)cc1.Cl,1,9.19,1994.0,ChEMBL
COc1ccc(C2(C(=O)OCCN3CCC(c4ccccc4)CC3)CCCC2)cc1.Cl,1,8.99,1994.0,ChEMBL
COc1ccc(C2=CC(=O)C3(CCN(CCc4ccccc4)CC3)O2)cc1.Cl,1,7.58,1993.0,ChEMBL
COc1ccc(C2=CCN(CCCCc3ccncc3)CC2)cc1,1,9.35,1993.0,ChEMBL
COc1ccc(C2=COC3(CCN(CCc4ccccc4)CC3)C2=O)cc1.Cl,1,7.52,1993.0,ChEMBL
COc1ccc(C2=COC3(CCN(CCc4ccccc4)CC3)CC2=O)cc1.Cl,1,7.52,1993.0,ChEMBL
COc1ccc(CC(=O)N(C)[C@@H]2CCCC[C@@H]2N2CCCC2)cc1,1,6.71,1990.0,ChEMBL
COc1ccc(CC(=O)N2CCN(CCCc3ccccc3)CC2)cc1,1,7.89,1998.0,ChEMBL
COc1ccc(CC(=O)NC2CCN(Cc3ccccc3)CC2)cc1,1,7.18,1998.0,ChEMBL
COc1ccc(CC(=O)NC2CCN(Cc3ccccc3)CC2)cc1OC,1,6.45,1998.0,ChEMBL
COc1ccc(CC(C)NCCCc2ccccc2)cc1,1,8.02,1991.0,ChEMBL
COc1ccc(CC(N)CCC(C)C)cc1OCCc1ccccc1.Cl,1,6.89,1999.0,ChEMBL
COc1ccc(CCN(C)CCN2CCCC2)cc1,1,7.52,1996.0,ChEMBL
COc1ccc(CCN2CCCC2)cc1OCCc1ccccc1.O=C(O)C(=O)O,1,6.96,1999.0,ChEMBL
COc1ccc(CCN2CCN(CCCc3ccccc3)CC2)cc1,1,8.89,1998.0,ChEMBL
COc1ccc(CCN2CCN(CCCc3ccccc3)CC2)cc1OC,1,8.34,2025.0,ChEMBL
COc1ccc(CCN2CCN(CCc3ccc(OC)cc3)CC2)cc1,1,8.09,1998.0,ChEMBL
COc1ccc(CN(C)CCCNC(=O)c2cc3ccccc3o2)cc1OC,1,6.43,2022.0,ChEMBL
COc1ccc(CN(C)CCCNC(=O)c2ccc3ccccc3n2)cc1OC,1,6.24,2022.0,ChEMBL
COc1ccc(CN2CC3CCC(=O)C2CN3Cc2ccccc2)cc1,1,7.28,2009.0,ChEMBL
COc1ccc(CN2CC3CCCC2CN3Cc2ccccc2)cc1,1,9.04,2013.0,ChEMBL
COc1ccc(CN2CCC3(CCCc4ccccc43)CC2)cc1.Cl,1,8.78,1992.0,ChEMBL
COc1ccc(CN2CCC3(CCc4ccccc43)CC2)cc1.Cl,1,8.46,1992.0,ChEMBL
COc1ccc(CN2CCC3(CCc4ccccc4C3=O)CC2)cc1.Cl,1,8.52,1994.0,ChEMBL
COc1ccc(CN2CCC[C@@H](OCc3ccc(F)c(C)c3)C2)cc1F,1,8.06,2022.0,ChEMBL
COc1ccc(CN2CCC[C@H](OCc3ccc(C)cc3)C2)cc1F,1,8.26,2022.0,ChEMBL
COc1ccc(CN2CCC[C@H](OCc3ccc(F)c(C)c3)C2)cc1F,1,8.625,2022.0,ChEMBL
COc1ccc(CN2CCC[C@H](OCc3cccc(F)c3)C2)cc1F,1,8.37,2022.0,ChEMBL
COc1ccc(CN2CCC[C@H](OCc3ccccc3C)C2)cc1F,1,8.06,2022.0,ChEMBL
COc1ccc(CN2CCN(Cc3ccccc3)CC2)cc1,1,9.33,2009.0,ChEMBL
COc1ccc(CN2CCN(Cc3ccccc3)[C@@H](CO)C2)cc1,1,7.92,2009.0,ChEMBL
COc1ccc(CN2CCO[C@H](COc3ccccc3)C2)cc1F,1,7.39,2022.0,ChEMBL
COc1ccc(CN2CC[C@H]3c4ccccc4CC[C@H]3C2)cc1.Cl,1,8.7,1992.0,ChEMBL
COc1ccc(CN2CC[C@]3(C)c4cc(O)ccc4C[C@H]2[C@H]3C)cc1,1,8.54,1995.0,ChEMBL
COc1ccc(CN2C[C@@H]3OCc4c(-c5ccccc5F)nnn4[C@H]3C2)cn1,1,6.41,2021.0,ChEMBL
COc1ccc(CN2C[C@@H]3[C@@H](C2)OCc2c(-c4cccc(F)c4)nnn23)cn1,1,7.96,2021.0,ChEMBL
COc1ccc(CN2C[C@@H]3[C@@H](C2)OCc2c(-c4ccccc4F)nnn23)cn1,1,7.29,2021.0,ChEMBL
COc1ccc(CO[C@H]2CCCN(Cc3ccc(C)cc3)C2)cc1F,1,8.28,2022.0,ChEMBL
COc1ccc(N2CC3(CCN(CCc4ccccc4)CC3)OC(C)C2=O)cc1,1,7.85,2020.0,ChEMBL
COc1ccc(N2CCN(CC[C@@H](OC(N)=O)c3ccccc3)CC2)cc1,1,6.41,2012.0,ChEMBL
COc1ccc(N2C[C@@H](CN3CCC(O)(c4ccc(Cl)cc4)CC3)OC2=O)cc1,1,6.57,1992.0,ChEMBL
COc1ccc(N2C[C@@H](CN3CCC(O)(c4ccc(F)cc4)CC3)OC2=O)cc1,1,6.52,1992.0,ChEMBL
COc1ccc(N2C[C@@H](CN3CCC(O)(c4ccc(OC)cc4)CC3)OC2=O)cc1,1,6.92,1992.0,ChEMBL
COc1ccc(N2C[C@@H](CN3CCC(O)(c4ccccc4)CC3)OC2=O)cc1,1,7.47,1992.0,ChEMBL
COc1ccc(N2C[C@H](CN3CC=C(c4ccc5c(c4)OCO5)CC3)OC2=O)cc1,1,6.77,1992.0,ChEMBL
COc1ccc(N2C[C@H](CN3CCC(O)(c4ccc(C)cc4)CC3)OC2=O)cc1,1,7.72,1992.0,ChEMBL
COc1ccc(N2C[C@H](CN3CCC(O)(c4ccc(Cl)c(C(F)(F)F)c4)CC3)OC2=O)cc1,1,7.82,1992.0,ChEMBL
COc1ccc(N2C[C@H](CN3CCC(O)(c4ccc(Cl)cc4)CC3)OC2=O)cc1,1,7.68,1992.0,ChEMBL
COc1ccc(N2C[C@H](CN3CCC(O)(c4ccc(F)cc4)CC3)OC2=O)cc1,1,7.85,1992.0,ChEMBL
COc1ccc(N2C[C@H](CN3CCC(O)(c4ccc(OC)c(OC)c4)CC3)OC2=O)cc1,1,7.75,1992.0,ChEMBL
COc1ccc(N2C[C@H](CN3CCC(O)(c4ccc(OC)cc4)CC3)OC2=O)cc1,1,7.92,1992.0,ChEMBL
COc1ccc(N2C[C@H](CN3CCC(O)(c4ccc5c(c4)CCO5)CC3)OC2=O)cc1,1,7.77,1992.0,ChEMBL
COc1ccc(N2C[C@H](CN3CCC(O)(c4ccc5c(c4)OC(C)(C)O5)CC3)OC2=O)cc1,1,7.8,1992.0,ChEMBL
COc1ccc(N2C[C@H](CN3CCC(O)(c4ccc5c(c4)OC4(CCCC4)O5)CC3)OC2=O)cc1,1,7.21,1992.0,ChEMBL
COc1ccc(N2C[C@H](CN3CCC(O)(c4ccc5c(c4)OCCO5)CC3)OC2=O)cc1,1,7.51,1992.0,ChEMBL
COc1ccc(N2C[C@H](CN3CCC(O)(c4ccc5c(c4)OCO5)CC3)OC2=O)cc1,1,7.72,1992.0,ChEMBL
COc1ccc(N2C[C@H](CN3CCC(O)(c4ccccc4)CC3)OC2=O)cc1,1,8.15,1992.0,ChEMBL
COc1ccc(N2C[C@H](CN3CCC(O)(c4cccs4)CC3)OC2=O)cc1,1,7.39,1992.0,ChEMBL
COc1ccc(N2C[C@H](CN3CCC(O)(c4ccsc4)CC3)OC2=O)cc1,1,7.47,1992.0,ChEMBL
COc1ccc(N2C[C@H](CN3CCC(c4ccc5c(c4)OCO5)CC3)OC2=O)cc1,1,7.72,1992.0,ChEMBL
COc1ccc(NC(=N)NC23CC4CC(CC(C4)C2)C3)cc1,1,8.0,1991.0,ChEMBL
COc1ccc(NC(=N)NCCCOc2ccc(F)cc2)cc1,1,7.87,2017.0,ChEMBL
COc1ccc(NC(=O)NC2CCN(Cc3ccccc3)CC2)c(OC)c1,1,7.52,1998.0,ChEMBL
COc1ccc(NS(=O)(=O)c2sc3ccc(Cl)cc3c2C)cc1N1CCNCC1.Cl,1,6.22,2024.0,ChEMBL
COc1ccc(OC)c(CC(=O)NC2CCN(Cc3ccccc3)CC2)c1,1,7.36,1998.0,ChEMBL
COc1ccc(OCCN2CCN(C(=O)c3cc4ccccc4[nH]3)CC2)cc1,1,6.42,2020.0,ChEMBL
COc1ccc(S(=O)(=O)N(C)CCN2CCCCCC2)cc1I,1,8.51,1998.0,ChEMBL
COc1ccc(S(=O)(=O)NCCN2CCCCC2)cc1I,1,7.38,1998.0,ChEMBL
COc1ccc2[nH]cc(CC(=O)NC3CCN(Cc4ccccc4)CC3)c2c1,1,6.9,2001.0,ChEMBL
COc1ccc2c(CCCCN3CCC(C)CC3)cccc2c1,1,7.89,2016.0,ChEMBL
COc1ccc2c(c1)C(CC(=O)NC1CCN(Cc3ccccc3)CC1)CC2=O,1,6.53,2001.0,ChEMBL
COc1ccc2c(c1)C(CCCCN1CCN(c3ccccc3OC)CC1)=CCC2,1,7.27,1995.0,ChEMBL
COc1ccc2c(c1)C(CCCCN1CCN(c3ccccc3OC)CC1)CCC2,1,7.03,1995.0,ChEMBL
COc1ccc2c(c1)C(CCCN1CCN(C3=NCCCC3)CC1)CCC2,1,7.54,1996.0,ChEMBL
COc1ccc2c(c1)C(CCCN1CCN(C3CCCCC3)CC1)CCC2,1,8.04,2004.0,ChEMBL
COc1ccc2c(c1)C(CCCN1CCN(c3cccc(C(F)(F)F)c3)CC1)CCC2,1,7.06,1995.0,ChEMBL
COc1ccc2c(c1)C(CCCN1CCN(c3ccccc3)CC1)=CCC2,1,6.76,1995.0,ChEMBL
COc1ccc2c(c1)C(CCCN1CCN(c3ccccc3OC)CC1)=CCC2,1,6.64,1995.0,ChEMBL
COc1ccc2c(c1)C(CCCN1CCN(c3ccccc3OC)CC1)CCC2,1,7.19,1995.0,ChEMBL
COc1ccc2c(c1)C(CCCN1CCN(c3ccccn3)CC1)=CCC2,1,6.61,1995.0,ChEMBL
COc1ccc2c(c1)C(CCCN1CCN(c3ccccn3)CC1)CCC2,1,6.9,1995.0,ChEMBL
COc1ccc2c(c1)C(CCCN1CCNCC1)CCC2,1,6.57,1996.0,ChEMBL
COc1ccc2c(c1)C(SCCN1CCN(c3ccccc3OC)CC1)CCC2,1,6.86,1995.0,ChEMBL
COc1ccc2c(c1)C1(CCC2)CCN(Cc2ccccc2)CC1.Cl,1,7.13,1992.0,ChEMBL
COc1ccc2c(c1)CC(CN1CCC(Cc3ccccc3)CC1)CC2,1,7.994999999999999,2005.0,ChEMBL
COc1ccc2c(c1)CCC(C1CCN(CCc3ccccc3)CC1)C2=O,1,7.89,1994.0,ChEMBL
COc1ccc2c(c1)CCC(C1CCN(Cc3ccccc3)CC1)C2=O,1,8.15,1994.0,ChEMBL
COc1ccc2c(c1)CCC(CN1CCC(Cc3ccccc3)CC1)C2,1,7.715,2005.0,ChEMBL
COc1ccc2c(c1)CCC(c1ccccc1)=C2c1ccc(OCCN2CCCC2)cc1,1,7.52,2005.0,ChEMBL
COc1ccc2c(c1)CCCC2CCCCN1CCC(C)CC1,1,7.935,2016.0,ChEMBL
COc1ccc2c(c1)CCCC2CCCN1CCN(C2CCCCC2)CC1,1,9.44,2004.0,ChEMBL
COc1ccc2c(c1)O[C@@H](c1ccc(OC)c(OC)c1)C[C@H]2NC(=O)C1(c2ccc3c(c2)OC(F)(F)O3)CC1,1,6.5,2023.0,ChEMBL
COc1ccc2c(c1)[C@@H]1CCCN(Cc3ccccc3)[C@H]1CC2,1,8.3,2005.0,ChEMBL
COc1ccc2c(c1)[C@@H]1CCN[C@]1(C)CO2,1,6.9,2019.0,ChEMBL
COc1ccc2c(c1)[C@@]13CCCC[C@@H]1[C@@H](C2)N(C)CC3,1,7.02,2022.0,ChEMBL
COc1ccc2c(c1)[C@H]1CCN(C)C[C@@H]1CC2.Cl,1,6.47,1992.0,ChEMBL
COc1ccc2c(c1)[C@]1(CCN(C)C)CCCC[C@@H]1C=C2.I,1,6.61,2004.0,ChEMBL
COc1ccc2c(c1)[C@]1(CCN(C)CC(=O)OC(C)(C)C)CCCC[C@@H]1C=C2,1,6.43,2004.0,ChEMBL
COc1ccc2c(c1)[C@]1(CCN(C)CCO)CCCC[C@@H]1C=C2,1,6.79,2004.0,ChEMBL
COc1ccc2c(c1)[C@]13CCCC[C@@H]1[C@H](C2)N(C)CC3,1,6.46,2004.0,ChEMBL
COc1ccc2c(c1Br)[C@]13CCCCC1[C@H](C2)N(C)C3,1,6.61,2022.0,ChEMBL
COc1ccc2cc(CN3CCN(CC4CCCCC4)C[C@@H]3CCO)ccc2c1,1,7.57,2014.0,ChEMBL
COc1ccc2cc(S(=O)(=O)N[C@H](CC(=O)N[C@H](Cc3ccc(CN4[C@H](C)CCC[C@@H]4C)cc3)C(=O)N(C)C(C)C)c3ccc4c(c3)OCO4)ccc2c1.Cl,1,6.31,2024.0,ChEMBL
COc1ccc2cc3[n+](cc2c1OC)CCc1cc2c(cc1-3)OCO2.[Cl-],1,6.08,,ChEMBL
COc1cccc(-c2cc(=O)c3cc(OCCCCCCN4CCC(O)CC4)ccc3o2)c1,1,7.04,1992.0,ChEMBL
COc1cccc(-c2cc(=O)c3cc(OCCCCCN4CCC(O)CC4)ccc3o2)c1,1,6.495,1992.0,ChEMBL
COc1cccc(-c2ccc3c(c2)CCCN(Cc2ccccc2)C3)c1,1,7.68,2021.0,ChEMBL
COc1cccc(-c2ccc3c(c2)CCN(Cc2ccccc2)C3)c1,1,8.31,2021.0,ChEMBL
COc1cccc(-c2ccc3c(c2)CN(Cc2ccccc2)C3)c1,1,8.39,2021.0,ChEMBL
COc1cccc(/C=C2/C(=O)CC3(c4cccc(O)c4)CCN(C)C2C3)c1,1,8.22,1995.0,ChEMBL
COc1cccc(C(=O)NCCCN(C)Cc2ccccc2)c1,1,7.4,2019.0,ChEMBL
COc1cccc(C(O)CNC2CCN(Cc3ccccc3)CC2)c1OC,1,7.49,1998.0,ChEMBL
COc1cccc(C23CCN(C)C(C2)/C(=C\c2ccccc2)C(=O)C3)c1,1,6.86,1995.0,ChEMBL
COc1cccc(CC(=O)N(C)[C@@H]2CCCC[C@@H]2N2CCCC2)c1,1,6.68,1990.0,ChEMBL
COc1cccc(CC(=O)N2CCN(CCCc3ccccc3)CC2)c1,1,7.58,1998.0,ChEMBL
COc1cccc(CC(=O)NC2CCN(Cc3ccccc3)CC2)c1,1,7.98,1998.0,ChEMBL
COc1cccc(CCN(C)CCN2CCCC2)c1,1,7.62,1996.0,ChEMBL
COc1cccc(CCN2CCN(C(=O)Cc3cccc(OC)c3)CC2)c1,1,7.93,1998.0,ChEMBL
COc1cccc(CCN2CCN(CCCc3ccccc3)CC2)c1,1,8.85,2012.0,ChEMBL
COc1cccc(CCN2CCN(CCc3cccc(OC)c3)CC2)c1,1,8.28,1998.0,ChEMBL
COc1cccc(CN2CCN(Cc3ccccc3)CC2)c1,1,9.41,2003.0,ChEMBL
COc1cccc(CNC(=O)c2nc3scc(CN(C)Cc4ccccc4)c3c(=O)[nH]2)c1,1,6.58,2023.0,ChEMBL
COc1cccc(N2CC3(CCN(CCc4ccccc4)CC3)OC(C)C2=O)c1,1,7.82,2020.0,ChEMBL
COc1cccc(N2CCN(CCCCn3ncc(=O)n(C)c3=O)CC2)c1,1,6.75,2006.0,ChEMBL
COc1cccc(NC(=N)NC23CC4CC(CC(C4)C2)C3)c1,1,8.15,1991.0,ChEMBL
COc1cccc(NC(=N)Nc2cccc(OC)c2)c1,1,6.46,1994.0,ChEMBL
COc1cccc(S(=O)(=O)N2CCC[C@@H]2CCN2CCC(C)CC2)c1,1,8.04,2022.0,ChEMBL
COc1cccc([C@@H](C)NCCCc2ccccc2Cl)c1.Cl,1,7.38,2024.0,ChEMBL
COc1cccc([C@@H](C)n2cnc3sc4c(c3c2=O)CCNC4)c1,1,6.62,2024.0,ChEMBL
COc1cccc([C@]23CCN(C)[C@H](CC(=O)C2)C3)c1,1,6.12,1994.0,ChEMBL
COc1cccc2c(CCCN3CCN(C4CCCCC4)CC3)cccc12,1,8.8,2004.0,ChEMBL
COc1cccc2c1CC(CN1CCC(Cc3ccccc3)CC1)CC2,1,7.28,2005.0,ChEMBL
COc1cccc2c1CCC(=O)N2CCCN1CCN(c2cccc(Cl)c2)CC1,1,7.33,2014.0,ChEMBL
COc1cccc2c1CCC(CN1CCC(Cc3ccccc3)CC1)C2,1,7.54,2005.0,ChEMBL
COc1cccc2c1CCC/C2=C\CCN1CCN(c2ccccn2)CC1,1,7.0,1995.0,ChEMBL
COc1cccc2c1CCC=C2CCCN1CCN(Cc2ccccc2)CC1,1,6.86,1996.0,ChEMBL
COc1cccc2c1CCC=C2CCCN1CCN(c2ccccc2)CC1,1,7.26,1995.0,ChEMBL
COc1cccc2c1CCC=C2CCCN1CCN(c2ccccn2)CC1,1,7.28,1995.0,ChEMBL
COc1cccc2c1CCCC2CCCCCCN1CCN(C2CCCCC2)CC1,1,8.51,2004.0,ChEMBL
COc1cccc2c1CCCC2CCCCCN1CCN(C2CCCCC2)CC1,1,8.82,2004.0,ChEMBL
COc1cccc2c1CCCC2CCCCN1CCN(C2=NCCCC2)CC1,1,7.33,1996.0,ChEMBL
COc1cccc2c1CCCC2CCCCN1CCN(C2CCCCC2)CC1,1,8.81,2004.0,ChEMBL
COc1cccc2c1CCCC2CCCN1CCN(C2CCCCC2)CC1,1,8.28,2023.0,ChEMBL
COc1cccc2c1CCCC2CCCN1CCN(Cc2ccccc2)CC1,1,7.805,2012.0,ChEMBL
COc1cccc2c1CCCC2CCCN1CCN(c2ccccc2)CC1,1,6.7,1995.0,ChEMBL
COc1cccc2c1CCCC2CCCN1CCN(c2ccccn2)CC1,1,7.17,1995.0,ChEMBL
COc1cccc2c1CCCC2CCCNCCC1CCCc2ccccc21,1,6.33,1996.0,ChEMBL
COc1cccc2c1CCCC2CCCNCCCc1ccccc1,1,6.82,1996.0,ChEMBL
COc1cccc2c1CCCC2CCCNCCNc1ccccc1,1,6.58,1996.0,ChEMBL
COc1cccc2c1CCCC2CCCNCCc1ccccc1,1,6.8,1996.0,ChEMBL
COc1cccc2c1CCCC2CCN1CCN(C2CCCCC2)CC1,1,8.8,2004.0,ChEMBL
COc1cccc2c1CCCC2CN1CCN(C2CCCCC2)CC1,1,9.51,2004.0,ChEMBL
COc1cccc2c1CCCC2N1CCN(C2CCCCC2)CC1,1,9.4,2004.0,ChEMBL
COc1cccc2c1CCC[C@@H]2CCCN1CCN(C2CCCCC2)CC1,1,8.26,2004.0,ChEMBL
COc1cccc2c1CCC[C@H]2CCCN1CCN(C2CCCCC2)CC1,1,8.61,2004.0,ChEMBL
COc1cccc2c1O[C@H]1C(=O)CC[C@H]3CN(CC4CC4)CC[C@@]231,1,6.36,1994.0,ChEMBL
COc1cccc2c1O[C@H]1[C@@H](O)CC[C@H]3CN(CC4CC4)CC[C@@]231,1,6.39,1994.0,ChEMBL
COc1ccccc1/N=C(\N)NC12CC3CC(CC(C3)C1)C2,1,7.77,1991.0,ChEMBL
COc1ccccc1C1(O)CCNCC1,0,4.84,1991.0,ChEMBL
COc1ccccc1CC(=O)N(C)[C@@H]1CCCC[C@@H]1N1CCCC1,1,6.68,1990.0,ChEMBL
COc1ccccc1CC(=O)N1CCN(CCCc2ccccc2)CC1,1,7.25,1998.0,ChEMBL
COc1ccccc1CC(=O)NC1CCN(Cc2ccccc2)CC1,1,7.51,1998.0,ChEMBL
COc1ccccc1CCN(C)CCN1CCCC1,1,7.8,1996.0,ChEMBL
COc1ccccc1CCN1CCN(CCCc2ccccc2)CC1,1,8.41,1998.0,ChEMBL
COc1ccccc1CCN1CCN(CCc2ccccc2OC)CC1,1,6.84,1998.0,ChEMBL
COc1ccccc1N1CC2(CCN(CCc3ccccc3)CC2)OC(C)C1=O,1,7.42,2020.0,ChEMBL
COc1ccccc1N1CCN(CC/C=C2\CCCc3c(OC)cccc32)CC1,1,7.28,1995.0,ChEMBL
COc1ccccc1N1CCN(CC/C=C2\CCCc3ccccc32)CC1,1,7.26,1995.0,ChEMBL
COc1ccccc1N1CCN(CC2CN=C3c4ccccc4N=C(SC)N32)CC1,1,6.35,1998.0,ChEMBL
COc1ccccc1N1CCN(CCCC2=CCCc3c(OC)cccc32)CC1,1,7.48,1995.0,ChEMBL
COc1ccccc1N1CCN(CCCC2CCCc3c(OC)cccc32)CC1,1,7.22,1995.0,ChEMBL
COc1ccccc1N1CCN(CCCC2CCCc3ccsc32)CC1,1,8.01,1995.0,ChEMBL
COc1ccccc1N1CCN(CCCCNC(=O)c2ccc3ccccc3c2)CC1.Cl,1,6.59,2024.0,ChEMBL
COc1ccccc1N1CCN(CCCCn2ncc(=O)n(C)c2=O)CC1,1,7.23,2013.0,ChEMBL
COc1ccccc1N1CCN(CCNC2CCCc3c(OC)cccc32)CC1,1,6.82,1995.0,ChEMBL
COc1ccccc1N1CCN(Cc2cn3c(O)nc4ccccc4c3n2)CC1,1,6.13,1998.0,ChEMBL
COc1ccccc1N1CCNCC1,0,4.95,1991.0,ChEMBL
COc1ncccc1-c1ncnc2c1cnn2CCN1CCCCC1,1,6.95,2017.0,ChEMBL
CS(=O)(=O)n1cc(CCCCN2CCC3(CC2)OCc2ccccc23)c2ccccc21,1,8.89,2013.0,ChEMBL
CSc1ccc(CC(=O)NC2CCN(Cc3ccccc3)CC2)cc1,1,7.57,1998.0,ChEMBL
CSc1ccc(NC(=O)NC2CCN(Cc3ccccc3)CC2)cc1,1,7.19,1998.0,ChEMBL
CSc1ccc2c(c1)N(CCC1CCCCN1C)c1ccccc1S2,1,6.630000000000001,,ChEMBL
CSc1nc(N2C[C@@H]3[C@H](C2)[C@H]3C(=O)O)ccc1C(=O)NC12CC3CC(CC(C3)C1)C2,0,4.52,2012.0,ChEMBL
C[C@@H](C(=O)N1CCN2c3ccccc3C[C@@H]2C1)N1CCN(C)CC1,1,7.07,2018.0,ChEMBL
C[C@@H](C(=O)N1CCN2c3ccccc3C[C@@H]2C1)N1CCN(C2CCCCC2)CC1,1,6.85,2018.0,ChEMBL
C[C@@H](C(=O)N1CCN2c3ccccc3C[C@H]2C1)N1CCN(C)CC1,1,7.25,2018.0,ChEMBL
C[C@@H](C(=O)N1CCN2c3ccccc3C[C@H]2C1)N1CCN(C2CCCCC2)CC1,1,7.02,2018.0,ChEMBL
C[C@@H](C(=O)N1CCn2c(cc3ccccc32)C1)N1CCN(C)CC1,1,7.25,2018.0,ChEMBL
C[C@@H](CC(=O)N1CCn2c(cc3ccccc32)C1)N1CCN(C)CC1,1,7.04,2018.0,ChEMBL
C[C@@H](CC1C=CC=CC1)[N+](C)(C)CCCc1ccccc1,1,6.87,1994.0,ChEMBL
C[C@@H](CN1CCCC1)N(C)CCc1ccc(Cl)c(Cl)c1,1,9.21,1992.0,ChEMBL
C[C@@H](CN1CCN(C)CC1)C(=O)N1CCn2c(cc3ccccc32)C1,1,6.85,2018.0,ChEMBL
C[C@@H](Cc1ccc(I)cc1)NCCCc1ccccc1,1,7.75,1994.0,ChEMBL
C[C@@H](Cc1ccccc1)N(C)CCCCCc1ccccc1,1,8.59,1991.0,ChEMBL
C[C@@H](Cc1ccccc1)N(C)CCc1ccccc1,1,8.18,1994.0,ChEMBL
C[C@@H](Cc1ccccc1)NCCCCCc1ccccc1,1,8.75,1994.0,ChEMBL
C[C@@H](Cc1ccccc1)NCCCCc1ccccc1,1,8.155000000000001,1994.0,ChEMBL
C[C@@H](Cc1ccccc1)NCCCc1ccccc1,1,7.66,1994.0,ChEMBL
C[C@@H](Cc1ccccc1)NCCc1ccccc1,1,7.435,1994.0,ChEMBL
C[C@@H](N)Cc1ccccc1,0,4.33,1991.0,ChEMBL
C[C@@H](NCCCc1cccc(C(F)(F)F)c1)c1cccc2ccccc12.Cl,1,7.04,2024.0,ChEMBL
C[C@@H](NCCc1ccc(O)cc1)[C@@H](O)c1ccc(O)cc1.Cl,1,6.23,2024.0,ChEMBL
C[C@@H]([C@@H](O)c1ccc(O)cc1)N1CCC(Cc2ccccc2)CC1,1,6.9,2016.0,ChEMBL
C[C@@H](c1ccc(F)c(F)c1)n1cnc2sc3c(c2c1=O)CCNC3,1,7.64,2024.0,ChEMBL
C[C@@H](c1ccc(F)cc1)n1cnc2sc3c(c2c1=O)CCNC3,1,7.38,2024.0,ChEMBL
C[C@@H](c1ccccc1)n1cnc2sc3c(c2c1=O)CCNC3,1,7.07,2024.0,ChEMBL
C[C@@H]1C=Cc2ccccc2[C@H]1CCNCc1ccccc1,1,6.965,1999.0,ChEMBL
C[C@@H]1CCCN1CCCCCOc1ccc2occc(=O)c2c1,1,6.87,2021.0,ChEMBL
C[C@@H]1CCCN1CCCCOc1ccc2occc(=O)c2c1,1,6.98,2021.0,ChEMBL
C[C@@H]1CCC[C@H](C)N1CCNc1cn(Cc2ccc(F)cc2)nn1,1,7.0,2015.0,ChEMBL
C[C@@H]1CN(CCCCOc2ccn(-c3ccc(Cl)c(Cl)c3)n2)C[C@H](C)O1,1,7.83,2012.0,ChEMBL
C[C@@H]1CN(CCCCc2ccc3c(c2)sc(=O)n3C)C[C@H](C)N1,1,7.0,2002.0,ChEMBL
C[C@@H]1CN(CCCN(c2ccc(F)cc2)c2ccc(F)cc2)C[C@@H](C)N1,1,6.91,2003.0,ChEMBL
C[C@@H]1CN(CCCN(c2ccc(F)cc2)c2ccc(F)cc2)C[C@@H](C)N1CCCc1ccccc1,1,7.96,2003.0,ChEMBL
C[C@@H]1CN(CCCN(c2ccc(F)cc2)c2ccc(F)cc2)C[C@@H](C)N1CCc1ccc(Cl)c(Cl)c1,1,7.49,2003.0,ChEMBL
C[C@@H]1CN(CCCN(c2ccccc2)c2ccccc2)C[C@@H](C)N1,1,6.86,2003.0,ChEMBL
C[C@@H]1CN(CCCN(c2ccccc2)c2ccccc2)C[C@@H](C)N1CCCc1ccccc1,1,7.01,2003.0,ChEMBL
C[C@@H]1CN(CCCN(c2ccccc2)c2ccccc2)C[C@@H](C)N1CCc1ccc(Cl)c(Cl)c1,1,7.53,2003.0,ChEMBL
C[C@@H]1CN(CCCc2ccc(C(C)(C)C)cc2)C[C@@H](C)O1,1,8.64,2017.0,ChEMBL
C[C@@H]1CN(CCCc2ccccc2)[C@@H](C)CN1,1,8.07,1996.0,ChEMBL
C[C@@H]1CN(CCCc2ccccc2)[C@@H](C)CN1CCCc1ccccc1,1,8.07,1996.0,ChEMBL
C[C@@H]1CN(CCCn2c3ccccc3c3cc([N+](=O)[O-])ccc32)C[C@@H](C)N1,1,6.22,2003.0,ChEMBL
C[C@@H]1CN(CCCn2c3ccccc3c3ccccc32)C[C@@H](C)N1C,1,6.26,2003.0,ChEMBL
C[C@@H]1CN(CCCn2c3ccccc3c3ccccc32)C[C@@H](C)N1CCCc1ccccc1,1,6.98,2003.0,ChEMBL
C[C@@H]1CN(CCCn2c3ccccc3c3ccccc32)C[C@H](C)N1,1,6.1,2003.0,ChEMBL
C[C@@H]1CN(CCOC(c2ccc(F)cc2)c2ccc(F)cc2)[C@@H](C)CN1,1,7.19,1996.0,ChEMBL
C[C@@H]1CN(CCOC(c2ccccc2)c2ccccc2)[C@@H](C)CN1,1,7.17,1996.0,ChEMBL
C[C@@H]1CN(CCOC(c2ccccc2)c2ccccc2)[C@@H](C)CN1CCCc1ccccc1,1,8.07,1996.0,ChEMBL
C[C@@H]1OC2(CCN(CCc3ccccc3)CC2)CN(C)C1=O,1,6.78,2020.0,ChEMBL
C[C@@H]1OC2(CCN(CCc3ccccc3)CC2)CN(c2ccccc2)C1=O,1,7.85,2020.0,ChEMBL
C[C@@H]1[C@@H](NC(=O)CN2CCN(C3CCCCC3)CC2)C[C@H]2C[C@@H]1C2(C)C,1,6.75,2013.0,ChEMBL
C[C@@H]1[C@@H](NC(=O)CN2CCNCC2)C[C@H]2C[C@@H]1C2(C)C,0,4.8,2013.0,ChEMBL
C[C@@H]1[C@@H]2Cc3ccc(O)cc3[C@@]1(C)CCN2Cc1ccc(Br)cc1,1,8.51,1995.0,ChEMBL
C[C@@H]1[C@@H]2Cc3ccc(O)cc3[C@@]1(C)CCN2Cc1ccc(C#N)cc1,1,8.81,1995.0,ChEMBL
C[C@@H]1[C@@H]2Cc3ccc(O)cc3[C@@]1(C)CCN2Cc1ccc(C(F)(F)F)cc1,1,7.69,1995.0,ChEMBL
C[C@@H]1[C@@H]2Cc3ccc(O)cc3[C@@]1(C)CCN2Cc1ccc(Cl)cc1,1,8.62,1995.0,ChEMBL
C[C@@H]1[C@@H]2Cc3ccc(O)cc3[C@@]1(C)CCN2Cc1ccc(F)cc1,1,9.01,1995.0,ChEMBL
C[C@@H]1[C@@H]2Cc3ccc(O)cc3[C@@]1(C)CCN2Cc1ccc(I)c([N+](=O)[O-])c1,1,6.41,1995.0,ChEMBL
C[C@@H]1[C@@H]2Cc3ccc(O)cc3[C@@]1(C)CCN2Cc1ccc(I)cc1,1,7.78,1995.0,ChEMBL
C[C@@H]1[C@@H]2Cc3ccc(O)cc3[C@@]1(C)CCN2Cc1ccc(N(C)C)cc1,1,6.99,1995.0,ChEMBL
C[C@@H]1[C@@H]2Cc3ccc(O)cc3[C@@]1(C)CCN2Cc1ccc(N)cc1,1,7.78,1995.0,ChEMBL
C[C@@H]1[C@@H]2Cc3ccc(O)cc3[C@@]1(C)CCN2Cc1ccc([N+](=O)[O-])cc1,1,8.66,1995.0,ChEMBL
C[C@@H]1[C@@H]2Cc3ccc(O)cc3[C@@]1(C)CCN2Cc1cccc(I)c1,1,7.57,1995.0,ChEMBL
C[C@@H]1[C@@H]2Cc3ccc(O)cc3[C@@]1(C)CCN2Cc1ccccc1,1,9.17,1999.0,ChEMBL
C[C@@H]1[C@@H]2Cc3ccc(O)cc3[C@@]1(C)CCN2Cc1ccccc1F,1,8.84,1995.0,ChEMBL
C[C@@H]1[C@@H]2Cc3ccc(O)cc3[C@@]1(C)CCN2Cc1ccccc1I,1,6.03,1995.0,ChEMBL
C[C@@H]1[C@@H]2Cc3ccc(O)cc3[C@]1(C)CCN2CCN(C)C,1,7.7,1998.0,ChEMBL
C[C@@H]1[C@@H]2Cc3ccc(O)cc3[C@]1(C)CCN2CCN(C)c1ccccc1,1,8.25,1998.0,ChEMBL
C[C@@H]1[C@@H]2Cc3ccc(O)cc3[C@]1(C)CCN2CCN1CCCC1,1,8.13,1998.0,ChEMBL
C[C@@H]1[C@@H]2Cc3ccc(O)cc3[C@]1(C)CCN2CCN1CCCCC1,1,8.02,1998.0,ChEMBL
C[C@@H]1[C@@H]2Cc3ccc(O)cc3[C@]1(C)CCN2CCN1CCCCCC1,1,7.7,1998.0,ChEMBL
C[C@@H]1[C@@H]2Cc3ccc(O)cc3[C@]1(C)CCN2CCN1CCOCC1,1,7.87,1998.0,ChEMBL
C[C@@H]1[C@@H]2Cc3ccc(O)cc3[C@]1(C)CCN2CCNC1CCCCC1,1,7.38,1998.0,ChEMBL
C[C@@H]1[C@@H]2Cc3ccc(O)cc3[C@]1(C)CCN2CCNCc1ccccc1,1,7.53,1998.0,ChEMBL
C[C@@H]1[C@@H]2Cc3ccc(O)cc3[C@]1(C)CCN2CCNc1ccccc1,1,8.23,1998.0,ChEMBL
C[C@@H]1[C@@H]2Cc3ccccc3[C@@]1(C)CCN2Cc1ccccc1,1,7.025,1999.0,ChEMBL
C[C@@H]1[C@@H]2Cc3ccccc3[C@]1(C)CCN2CCN(C)c1ccccc1,1,7.04,2018.0,ChEMBL
C[C@@H]1[C@@H]2Cc3ccccc3[C@]1(C)CCN2CCN1CCCC1,1,7.47,2018.0,ChEMBL
C[C@@H]1[C@@H]2Cc3ccccc3[C@]1(C)CCN2CCN1CCCCC1,1,7.7,2018.0,ChEMBL
C[C@@H]1[C@@H]2Cc3ccccc3[C@]1(C)CCN2CCNc1ccccc1,1,7.68,2018.0,ChEMBL
C[C@@]12CN(c3ccc(Br)cc3)c3ccc(Br)cc3[C@@H]1CCN2,1,6.8,2019.0,ChEMBL
C[C@@]12CN(c3ccccc3)c3ccccc3[C@@H]1CCN2,1,6.3,2019.0,ChEMBL
C[C@@]12COc3c(-c4ccccc4)cccc3[C@@H]1CCN2,1,7.4,2019.0,ChEMBL
C[C@@]12COc3c(Br)cccc3[C@@H]1CCN2,1,6.3,2019.0,ChEMBL
C[C@@]12COc3cc(OCc4ccccc4)ccc3[C@@H]1CCN2,1,8.1,2019.0,ChEMBL
C[C@@]12COc3ccc(-c4ccccc4)cc3[C@@H]1CCN2,1,7.9,2019.0,ChEMBL
C[C@H](C(=O)N1CCN2c3ccccc3C[C@@H]2C1)N1CCN(C2CCCCC2)CC1,1,7.14,2018.0,ChEMBL
C[C@H](C(=O)N1CCN2c3ccccc3C[C@H]2C1)N1CCN(C)CC1,1,6.63,2018.0,ChEMBL
C[C@H](C(=O)N1CCN2c3ccccc3C[C@H]2C1)N1CCN(C2CCCCC2)CC1,1,7.22,2018.0,ChEMBL
C[C@H](CC(=O)N1CCn2c(cc3ccccc32)C1)N1CCN(C)CC1,1,6.6,2018.0,ChEMBL
C[C@H](CCc1ccc(Cl)c(Cl)c1)N1Cc2cc(Cl)c(Cl)cc2C1,1,7.25,2020.0,ChEMBL
C[C@H](CCc1ccc(Cl)c(Cl)c1)N1Cc2cc3c(cc2C1)OCO3,1,8.85,2020.0,ChEMBL
C[C@H](CCc1ccc(Cl)c(Cl)c1)N1Cc2cc3ccccc3cc2C1,1,7.38,2020.0,ChEMBL
C[C@H](CCc1ccc(Cl)c(Cl)c1)N1Cc2ccc(C(F)(F)F)cc2C1,1,7.48,2020.0,ChEMBL
C[C@H](CCc1ccc(Cl)c(Cl)c1)N1Cc2ccc3ccccc3c2C1,1,7.16,2017.0,ChEMBL
C[C@H](CCc1ccc(Cl)c(Cl)c1)N1Cc2cccc(F)c2C1,1,7.77,2020.0,ChEMBL
C[C@H](CCc1ccc(F)cc1)N1Cc2cc3c(cc2C1)OCO3,1,7.8,2020.0,ChEMBL
C[C@H](CCc1ccc(F)cc1)N1Cc2ccc(F)cc2C1,1,7.36,2020.0,ChEMBL
C[C@H](CCc1ccc(F)cc1)N1Cc2cccc(F)c2C1,1,6.48,2020.0,ChEMBL
C[C@H](CCc1ccc(O)c(OC(C)(C)C)c1)N1Cc2c(F)ccc(F)c2C1,1,6.39,2020.0,ChEMBL
C[C@H](CCc1ccc(O)c(OC(C)(C)C)c1)N1Cc2ccc(S(C)(=O)=O)cc2C1,1,7.77,2020.0,ChEMBL
C[C@H](CCc1ccc(O)c(OC(C)(C)C)c1)N1Cc2cccc(F)c2C1,1,7.43,2020.0,ChEMBL
C[C@H](CCc1ccc(O)c(OC(F)(F)F)c1)N1Cc2cc3c(cc2C1)OCO3,1,8.31,2020.0,ChEMBL
C[C@H](CCc1ccc(O)c(OC(F)(F)F)c1)N1Cc2ccc(F)cc2C1,1,8.43,2020.0,ChEMBL
C[C@H](CCc1ccc(OC(=O)N(C)C)c(OC(F)(F)F)c1)N1Cc2ccc(F)cc2C1,1,6.42,2020.0,ChEMBL
C[C@H](CCc1ccc(OC(=O)N(C)C)c(OC(F)(F)F)c1)N1Cc2cccc(F)c2C1,1,6.28,2020.0,ChEMBL
C[C@H](CCc1ccc(OCCO)c(OC(F)(F)F)c1)N1Cc2ccc(F)cc2C1,1,7.66,2020.0,ChEMBL
C[C@H](CN1CCCC1)N(C)CCc1ccc(Cl)c(Cl)c1,1,9.08,1992.0,ChEMBL
C[C@H](CN1CCN(C)CC1)C(=O)N1CCn2c(cc3ccccc32)C1,1,7.3,2018.0,ChEMBL
C[C@H](Cc1ccccc1)N(C)CCCc1ccccc1,1,8.89,1994.0,ChEMBL
C[C@H](Cc1ccccc1)N(C)CCc1ccccc1,1,8.24,1994.0,ChEMBL
C[C@H](Cc1ccccc1)N(CCCc1ccccc1)Cc1ccccc1,1,6.89,1994.0,ChEMBL
C[C@H](Cc1ccccc1)NCC#Cc1ccccc1,1,7.01,1991.0,ChEMBL
C[C@H](Cc1ccccc1)NCC1CC1,1,6.18,1991.0,ChEMBL
C[C@H](Cc1ccccc1)NCCC(=O)c1ccccc1,1,7.25,1991.0,ChEMBL
C[C@H](Cc1ccccc1)NCCCCCc1ccccc1,1,9.05,1994.0,ChEMBL
C[C@H](Cc1ccccc1)NCCCCc1ccccc1,1,7.71,1994.0,ChEMBL
C[C@H](Cc1ccccc1)NCCCc1ccc2ccccc2c1,1,8.24,1994.0,ChEMBL
C[C@H](Cc1ccccc1)NCCCc1cccc2ccccc12,1,8.07,1994.0,ChEMBL
C[C@H](Cc1ccccc1)NCCCc1ccccc1,1,7.605,1994.0,ChEMBL
C[C@H](Cc1ccccc1)NCCOc1ccccc1,1,7.35,1991.0,ChEMBL
C[C@H](Cc1ccccc1)NCCc1ccccc1,1,7.22,1994.0,ChEMBL
C[C@H](Cc1ccccc1)NCc1ccccc1,1,6.93,1991.0,ChEMBL
C[C@H](Cc1ccccc1)Oc1ncnc2sc3c(c12)CCNC3,1,6.01,2024.0,ChEMBL
C[C@H](Cc1ccccc1)n1cnc2sc3c(c2c1=O)CCNC3,1,6.92,2024.0,ChEMBL
C[C@H](NC(=O)c1cn(C2(C#N)CC2)cn1)C(=O)Nc1nc(-c2cccc(-c3ccn(C)n3)c2)cs1,1,6.385,2022.0,ChEMBL
C[C@H]([C@@H](O)c1ccc(O)cc1)N1CCC(Cc2ccccc2)CC1,1,8.7,2005.0,ChEMBL
C[C@H](c1cc(F)cc(F)c1)n1cnc2sc3c(c2c1=O)CCNC3,1,8.0,2024.0,ChEMBL
C[C@H](c1ccc(C#N)cc1)n1cnc2sc3c(c2c1=O)CCNC3,1,6.09,2024.0,ChEMBL
C[C@H](c1ccc(Cl)cc1)n1cnc2sc3c(c2c1=O)CCNC3,1,7.75,2024.0,ChEMBL
C[C@H](c1ccc(F)c(F)c1)n1cnc2sc3c(c2c1=O)CCNC3,1,8.05,2024.0,ChEMBL
C[C@H](c1ccc(F)cc1)n1cnc2sc3c(c2c1=O)CCNC3,1,7.8,2024.0,ChEMBL
C[C@H](c1ccc(F)cc1F)n1cnc2sc3c(c2c1=O)CCNC3,1,7.11,2024.0,ChEMBL
C[C@H](c1ccccc1)n1cnc2sc3c(c2c1=O)CCNC3,1,7.85,2024.0,ChEMBL
C[C@H](c1ccccc1F)n1cnc2sc3c(c2c1=O)CCNC3,1,7.42,2024.0,ChEMBL
C[C@H]1C2Cc3ccc(O)cc3[C@@]1(C)CCN2C,0,4.74,1994.0,ChEMBL
C[C@H]1C=Cc2ccccc2[C@@H]1CCNCc1ccccc1,1,7.095,1999.0,ChEMBL
C[C@H]1CCC2[C@@H](C)[C@H]3[C@H](C[C@H]4[C@@H]5CC=C6C[C@@H](O)CC[C@]6(C)[C@H]5CC[C@]34C)N2C1,1,7.13,2005.0,ChEMBL
C[C@H]1CN(CCCn2c3ccccc3c3ccccc32)C[C@H](C)N1C,1,6.05,1997.0,ChEMBL
C[C@H]1OC2(CCN(CCc3ccccc3)CC2)CN(C)C1=O,1,6.56,2020.0,ChEMBL
C[C@H]1OC2(CCN(CCc3ccccc3)CC2)CN(C2CC2)C1=O,1,7.24,2020.0,ChEMBL
C[C@H]1OC2(CCN(CCc3ccccc3)CC2)CN(c2ccccc2)C1=O,1,7.68,2020.0,ChEMBL
C[C@H]1OC2(CCN(CCc3ccccc3F)CC2)CN(c2cnccc2C(F)(F)F)C1=O,1,7.21,2020.0,ChEMBL
C[C@H]1OC2(CCN(CCc3ccccc3F)CC2)CN(c2ncccc2C(F)(F)F)C1=O,1,6.99,2020.0,ChEMBL
C[C@H]1[C@@H](c2ccccc2)CC(=O)N1CC(N)=O,1,7.37,2013.0,ChEMBL
C[C@H]1[C@@H]2CCN(Cc3ccccc3)[C@H]1Cc1ccccc12,1,7.235,1999.0,ChEMBL
C[C@H]1[C@H]2Cc3ccc(O)cc3[C@@]1(C)CCN2CCCCCF,1,7.27,1992.0,ChEMBL
C[C@H]1[C@H]2Cc3ccc(O)cc3[C@]1(C)CCN2Cc1ccccc1,1,7.08,1999.0,ChEMBL
C[C@H]1[C@H]2Cc3ccccc3[C@@H]1CCN2Cc1ccccc1,1,7.949999999999999,1999.0,ChEMBL
C[C@H]1[C@H]2Cc3ccccc3[C@]1(C)CCN2Cc1ccccc1,1,6.955,1999.0,ChEMBL
C[C@]1(c2ccccc2)SC[C@@H](CN2CCC(Cc3ccccc3)CC2)S1.O=C(O)C(=O)O,1,7.17,2020.0,ChEMBL
C[C@]1(c2ccccc2)SC[C@H](CN2CCC(Cc3ccccc3)CC2)S1.O=C(O)C(=O)O,1,7.12,2020.0,ChEMBL
C[C@]12C[C@H](O)[C@H]3[C@@H](CCC4=CC(=O)CC[C@@]43C)[C@@H]1CC[C@@H]2C(=O)CO,0,4.45,2005.0,ChEMBL
C[N+]1=C(/C=C/C=C/C=C2/N(CCCCCC(=O)Nc3ccc4ccn(CCCCN5CCC6(CC5)OCc5ccccc56)c4c3)c3ccccc3C2(C)C)C(C)(C)c2ccccc21.[I-],1,7.795,2023.0,ChEMBL
C[N+]1=C(/C=C/C=C/C=C2\N(CCCCCC(=O)NCCCCCCn3cc(CCCCN4CCC5(CC4)OCc4ccccc45)c4ccccc43)c3ccccc3C2(C)C)C(C)(C)c2ccccc21.[I-],1,7.79,2023.0,ChEMBL
Cc1[nH]c2cc(C(F)(F)F)ccc2c(=O)c1CN(C)Cc1ccccc1,1,7.05,2020.0,ChEMBL
Cc1c(-c2ccccc2)oc2ccc(OCCC/C=C/CN3CCC(O)CC3)cc2c1=O,1,6.95,1992.0,ChEMBL
Cc1c(-c2ccccc2)oc2ccc(OCCCCCCN3CCC(O)CC3)cc2c1=O,1,7.405,1992.0,ChEMBL
Cc1c(C(=O)NC2CCCCC2)sc2nc3ccc(N)cc3n12.Cl,1,6.04,2024.0,ChEMBL
Cc1c(C2CCCCC2)oc2ccc(OCCCCCCN3CCC(O)CC3)cc2c1=O,1,6.99,1992.0,ChEMBL
Cc1c(Cl)cccc1NC(=O)CN1CCC(OCc2ccc(Cl)c(F)c2)CC1,1,7.01,2022.0,ChEMBL
Cc1c(Cl)cccc1NC(=O)CN1CCC(OCc2ccc(F)c(F)c2)CC1,1,6.88,2022.0,ChEMBL
Cc1c(Cl)cccc1NC(=O)CN1CCC(OCc2cccc(C(F)(F)F)c2)CC1,1,6.45,2022.0,ChEMBL
Cc1c(Cl)cccc1NC(=O)CN1CCC2(CCCN(Cc3ccc(F)c(F)c3)C2)C1,1,7.72,2022.0,ChEMBL
Cc1c(Cl)cccc1NC(=O)CN1CCC2(CCCN2Cc2ccc(F)c(F)c2)C1,1,7.85,2022.0,ChEMBL
Cc1c(Cl)cccc1NC(=O)CN1CCC2(CCCN2Cc2ccc(F)c(F)c2)CC1,1,7.08,2022.0,ChEMBL
Cc1c(OCCN2CCOCC2)nn(-c2ccc(Cl)c(Cl)c2)c1C,1,8.03,2012.0,ChEMBL
Cc1c(OCCN2CCOCC2)nn(-c2ccc3ccccc3c2)c1C,1,6.86,2012.0,ChEMBL
Cc1c(P(=S)(c2ccccc2)c2ccccc2)n2ccccc2[n+]1C/C=C/c1ccccc1.[Br-],1,6.09,2024.0,ChEMBL
Cc1c2n(c3ccccc13)CCN(C(=O)CN1CCC(Cc3ccccc3)CC1)C2,1,7.58,2018.0,ChEMBL
Cc1c2n(c3ccccc13)CCN(C(=O)CN1CCCCC1)C2,1,7.62,2018.0,ChEMBL
Cc1cc(-c2cnc(C3CC3)nc2C2CCN(CC(=O)N3CCOCC3)CC2)on1,1,6.1,2023.0,ChEMBL
Cc1cc(-c2nc(CN3CCCC3)nn2C)ccc1C(F)(F)F,1,7.68,2021.0,ChEMBL
Cc1cc(Br)ccc1NC(=N)Nc1ccc(Br)cc1C,1,7.465,1990.0,ChEMBL
Cc1cc(C)c2c(c1)OC[C@@]1(C)NCC[C@@H]21,1,7.2,2019.0,ChEMBL
Cc1cc(CCCCN2CCOCC2)nn1-c1ccc(Cl)c(Cl)c1,1,8.05,2020.0,ChEMBL
Cc1cc(CCCN2CCOCC2)nn1-c1ccc(Cl)c(Cl)c1,1,8.3,2020.0,ChEMBL
Cc1cc(COCCN2CCCC2)nn1-c1ccc(Cl)c(Cl)c1,1,8.22,2020.0,ChEMBL
Cc1cc(COCCN2CCCCC2)nn1-c1ccc(Cl)c(Cl)c1,1,8.7,2020.0,ChEMBL
Cc1cc(COCCN2CCNCC2)nn1-c1ccc(Cl)c(Cl)c1,1,6.56,2020.0,ChEMBL
Cc1cc(COCCN2CCOCC2)nn1-c1ccc(Cl)c(Cl)c1,1,7.85,2020.0,ChEMBL
Cc1cc(COCCN2CCOCC2)nn1-c1ccc2ccccc2c1,1,6.68,2020.0,ChEMBL
Cc1cc(COCCN2CCOCC2)nn1C1CCCC1,1,6.62,2020.0,ChEMBL
Cc1cc(COCCN2C[C@@H](C)O[C@@H](C)C2)nn1-c1ccc(Cl)c(Cl)c1,1,8.52,2020.0,ChEMBL
Cc1cc(F)ccc1-c1ncnc2c1cnn2CCN1CCCCC1,1,7.32,2017.0,ChEMBL
Cc1cc(F)ccc1/N=C(\N)NC12CC3CC(CC(C3)C1)C2,1,8.49,1991.0,ChEMBL
Cc1cc(F)ccc1[C@H]1C[C@@H](N2CCN3C(=O)CC[C@H]3C2)CCN1C(=O)N(C)[C@H](C)c1cc(C(F)(F)F)cc(C(F)(F)F)c1,1,6.03,2013.0,ChEMBL
Cc1cc(N)ccc1/N=C(/N)Nc1cccc(O)c1,1,6.02,1990.0,ChEMBL
Cc1cc(NC(=O)CN2CCC(OCc3ccc(F)c(F)c3)CC2)ccc1F,1,7.09,2022.0,ChEMBL
Cc1cc(NC(=O)CN2CCC3(CCCN(Cc4ccc(F)c(F)c4)C3)C2)ccc1F,1,7.965,2022.0,ChEMBL
Cc1cc(NC(=O)CN2CCC3(CCCN3Cc3ccc(F)c(F)c3)C2)ccc1F,1,7.795,2022.0,ChEMBL
Cc1cc(NC(=O)CN2CCC3(CCCN3Cc3ccc(F)c(F)c3)CC2)ccc1F,1,7.57,2022.0,ChEMBL
Cc1cc(NC(=O)c2cnc(N3CCN(CCN)CC3)cn2)c2ncccc2c1,1,6.78,2023.0,ChEMBL
Cc1cc(NC(=O)c2cnc(NCCN3CCNCC3)cn2)c2ncccc2c1,1,6.17,2023.0,ChEMBL
Cc1cc(NC(=O)c2cnc(OC3CCNCC3)cn2)c2ncccc2c1,1,6.47,2023.0,ChEMBL
Cc1cc(NC(=O)c2cnc(S(=O)(=O)NCCN(C)C)cn2)c2ncccc2c1,1,6.29,2023.0,ChEMBL
Cc1cc(OCCCCN2CCC(c3ccccc3)CC2)nn1-c1ccc(Cl)c(Cl)c1,1,7.58,2012.0,ChEMBL
Cc1cc(OCCCCN2CCCC2)nn1-c1ccc(Cl)c(Cl)c1,1,8.16,2012.0,ChEMBL
Cc1cc(OCCCCN2CCCCC2)nn1-c1ccc(Cl)c(Cl)c1,1,8.15,2012.0,ChEMBL
Cc1cc(OCCCCN2CCN(C)CC2)nn1-c1ccc(Cl)c(Cl)c1,1,8.0,2012.0,ChEMBL
Cc1cc(OCCCCN2CCOCC2)nn1-c1ccc(Cl)c(Cl)c1,1,7.88,2012.0,ChEMBL
Cc1cc(OCCCCN2CCOCC2)nn1-c1ccc2ccccc2c1,1,7.0,2012.0,ChEMBL
Cc1cc(OCCCCN2C[C@@H](C)O[C@@H](C)C2)nn1-c1ccc2ccccc2c1,1,7.19,2012.0,ChEMBL
Cc1cc(OCCCCn2ccnc2)nn1-c1ccc(Cl)c(Cl)c1,1,6.07,2012.0,ChEMBL
Cc1cc(OCCCN2CCCC2)nn1-c1ccc(Cl)c(Cl)c1,1,7.98,2012.0,ChEMBL
Cc1cc(OCCCN2CCN(C)CC2)nn1-c1ccc(Cl)c(Cl)c1,1,7.88,2012.0,ChEMBL
Cc1cc(OCCCN2CCOCC2)nn1-c1ccc(Cl)c(Cl)c1,1,7.72,2012.0,ChEMBL
Cc1cc(OCCN2CCC(C)CC2)nn1-c1ccc(Cl)c(Cl)c1,1,8.08,2012.0,ChEMBL
Cc1cc(OCCN2CCC(n3cnc4cccnc43)CC2)nn1-c1ccc(Cl)c(Cl)c1,1,7.8,2012.0,ChEMBL
Cc1cc(OCCN2CCCC2)nn1-c1ccc(Cl)c(Cl)c1,1,8.28,2012.0,ChEMBL
Cc1cc(OCCN2CCCC2)nn1-c1ccc2ccccc2c1,1,8.0,2012.0,ChEMBL
Cc1cc(OCCN2CCCCC2)nn1-c1ccc(Cl)c(Cl)c1,1,8.26,2012.0,ChEMBL
Cc1cc(OCCN2CCCCC2)nn1-c1ccc2ccccc2c1,1,8.0,2012.0,ChEMBL
Cc1cc(OCCN2CCCCCC2)nn1-c1ccc(Cl)c(Cl)c1,1,8.03,2012.0,ChEMBL
Cc1cc(OCCN2CCN(C)CC2)nn1-c1ccc(Cl)c(Cl)c1,1,7.96,2012.0,ChEMBL
Cc1cc(OCCN2CCN(c3ccccc3)CC2)nn1-c1ccc(Cl)c(Cl)c1,1,7.83,2012.0,ChEMBL
Cc1cc(OCCN2CCOCC2)nn1-c1ccc(Cl)c(Cl)c1,1,7.97,2012.0,ChEMBL
Cc1cc(OCCN2CCOCC2)nn1-c1ccc(Cl)cc1Cl,1,7.36,2012.0,ChEMBL
Cc1cc(OCCN2CCOCC2)nn1-c1ccc2ccccc2c1,1,7.77,2022.0,ChEMBL
Cc1cc(OCCN2CCOCC2)nn1-c1cccc(Cl)c1,1,6.75,2012.0,ChEMBL
Cc1cc(OCCN2CCOCC2)nn1-c1cccc2ccccc12,1,7.77,2022.0,ChEMBL
Cc1cc(OCCN2C[C@@H](C)O[C@@H](C)C2)nn1-c1ccc2ccccc2c1,1,7.47,2012.0,ChEMBL
Cc1cc(OCCNC2CCCCC2)nn1-c1ccc(Cl)c(Cl)c1,1,8.07,2012.0,ChEMBL
Cc1cc(OCCn2ccnc2)nn1-c1ccc(Cl)c(Cl)c1,1,6.53,2012.0,ChEMBL
Cc1cc(SCCN2CCOCC2)nn1-c1ccc(Cl)c(Cl)c1,1,7.85,2012.0,ChEMBL
Cc1cc([N+](=O)[O-])ccc1/N=C(/N)Nc1cccc(O)c1,1,6.98,1990.0,ChEMBL
Cc1cc([N+](=O)[O-])ccc1NC(=N)Nc1ccc([N+](=O)[O-])cc1C.Cl,1,6.095000000000001,1990.0,ChEMBL
Cc1ccc(C(=O)C(C)CN2CCCCC2)cc1,1,8.07,,ChEMBL
Cc1ccc(C(=O)Nc2cccc(C(F)(F)F)c2)cc1Nc1nc(-c2cccnc2)nc2nn(C)cc12,1,6.22,2018.0,ChEMBL
Cc1ccc(C)c(-c2ncnc3c2cnn3CCN2CCCCC2)c1,1,7.2,2017.0,ChEMBL
Cc1ccc(C)n1-c1ncnc2c1cnn2CCN1CCCCC1,1,6.13,2017.0,ChEMBL
Cc1ccc(C2=CCN(CCCCc3ccncc3)CC2)cc1,1,8.23,1993.0,ChEMBL
Cc1ccc(CCCN2CC3(CC(=O)N(c4ccccc4)C3)C2)cc1,1,7.72,2023.0,ChEMBL
Cc1ccc(CN2CCC(C3CCc4ccccc4C3=O)CC2)cc1.O,1,8.1,1994.0,ChEMBL
Cc1ccc(CN2CCC3(CCCc4ccccc43)CC2)cc1.Cl,1,8.85,1992.0,ChEMBL
Cc1ccc(CN2CCC3(CCc4ccccc43)CC2)cc1.Cl,1,8.23,1992.0,ChEMBL
Cc1ccc(CN2CCC[C@H](OCc3ccc(F)c(C)c3)C2)cc1,1,8.19,2022.0,ChEMBL
Cc1ccc(CN2CC[C@]3(C)c4cc(O)ccc4C[C@H]2[C@H]3C)cc1,1,8.68,1995.0,ChEMBL
Cc1ccc(CO[C@H]2CCCN(Cc3ccc(C#N)cc3)C2)cc1,1,7.855,2022.0,ChEMBL
Cc1ccc(CO[C@H]2CCCN(Cc3cccc(F)c3)C2)cc1,1,7.725,2022.0,ChEMBL
Cc1ccc(Cl)c(-c2ncnc3c2cnn3CCN2CCCCC2)c1,1,7.51,2017.0,ChEMBL
Cc1ccc(N(CC2=NCCN2)c2cccc(O)c2)cc1,1,6.26,1994.0,ChEMBL
Cc1ccc(N2C[C@@]3(C)NCC[C@H]3c3cc(C)ccc32)cc1,1,6.6,2019.0,ChEMBL
Cc1ccc(NC(=N)Nc2ccc(C)cc2)cc1,1,6.529999999999999,2002.0,ChEMBL
Cc1ccc(O)c([C@H](CCN(C(C)C)C(C)C)c2ccccc2)c1.O=C(O)C(O)C(O)C(=O)O,1,6.67,2024.0,ChEMBL
Cc1ccc2c(c1)CCCC21CCN(Cc2ccccc2)CC1.Cl,1,8.26,1992.0,ChEMBL
Cc1ccc2c(c1)[C@@]13CCCC[C@@H]1[C@H](C2)N(C)CC3,1,6.355,2022.0,ChEMBL
Cc1ccc2c(c1)cc1n2CCN(C(=O)C(C)N2CCCCCC2)C1,1,7.16,2018.0,ChEMBL
Cc1cccc(-c2ccc3c(c2)[C@H]2C[C@H]3CCN2C)c1,1,6.41,2021.0,ChEMBL
Cc1cccc(-c2ccc3c(c2)[C@H]2C[C@H]3CCN2Cc2ccc3c(c2)OCO3)c1,1,8.27,2021.0,ChEMBL
Cc1cccc(-c2ncnc3c2cnn3CCN2CCCCC2)c1,1,7.09,2017.0,ChEMBL
Cc1cccc(-c2ncnc3c2cnn3CCN2CCCCC2)n1,1,6.15,2017.0,ChEMBL
Cc1cccc(C)c1NC(=N)Nc1c(C)cccc1C,1,7.115,1990.0,ChEMBL
Cc1cccc(COC2CCN(Cc3cn4ccccc4n3)CC2)n1,1,6.745,2022.0,ChEMBL
Cc1cccc(CO[C@H]2CCCN(Cc3cc4ccc(Cl)cc4[nH]3)C2)n1,1,7.28,2022.0,ChEMBL
Cc1cccc(NC(=N)N(C)c2cccc(C)c2)c1,1,6.61,1994.0,ChEMBL
Cc1cccc(NC(=N)Nc2cccc(C)c2)c1,1,7.23,1994.0,ChEMBL
Cc1cccc(NC(=N)Nc2cccc3ccccc23)c1,1,7.12,1994.0,ChEMBL
Cc1ccccc1-c1ncnc2c1cnn2CCN1CCCCC1,1,7.13,2017.0,ChEMBL
Cc1ccccc1/N=C(/N)Nc1c(C)cccc1C,1,7.27,1990.0,ChEMBL
Cc1ccccc1/N=C(/N)Nc1ccc(N)cc1C.Cl,1,6.605,1990.0,ChEMBL
Cc1ccccc1/N=C(/N)Nc1ccc([N+](=O)[O-])cc1C,1,7.42,1990.0,ChEMBL
Cc1ccccc1/N=C(/N)Nc1cccc(O)c1.Cl,1,6.744999999999999,1990.0,ChEMBL
Cc1ccccc1/N=C(/N)Nc1ccccc1/C=C/c1ccccc1,1,6.04,1990.0,ChEMBL
Cc1ccccc1/N=C(/N)Nc1ccccc1I,1,7.66,1990.0,ChEMBL
Cc1ccccc1/N=C(/N)Nc1ccccc1N,1,6.345000000000001,1990.0,ChEMBL
Cc1ccccc1/N=C(/N)Nc1ccccc1[N+](=O)[O-],1,6.95,1990.0,ChEMBL
Cc1ccccc1/N=C(\N)NC12CC3CC(C)(CC(C)(C3)C1)C2.Cl,1,7.82,1990.0,ChEMBL
Cc1ccccc1/N=C(\N)NC12CC3CC(CC(C3)C1)C2,1,8.1,1990.0,ChEMBL
Cc1ccccc1/N=C(\N)NC1C2CC3CC(C2)CC1C3,1,8.22,1990.0,ChEMBL
Cc1ccccc1/N=C(\N)NC1CC2CCC1(C)C2(C)C,1,7.6,1990.0,ChEMBL
Cc1ccccc1/N=C(\N)NC1CC2CCC1C2,1,8.165,1990.0,ChEMBL
Cc1ccccc1/N=C(\N)NC1CCCCC1,1,7.87,1990.0,ChEMBL
Cc1ccccc1CN1CCC[C@H](OCc2cccc(F)c2)C1,1,7.39,2022.0,ChEMBL
Cc1ccccc1CN1CC[C@]2(C)c3cc(O)ccc3C[C@H]1[C@H]2C,1,7.89,1995.0,ChEMBL
Cc1ccccc1CO[C@H]1CCCN(Cc2ccc3c(cnn3C)c2)C1,1,7.545,2022.0,ChEMBL
Cc1ccccc1CO[C@H]1CCCN(Cc2cn3ccccc3n2)C1,1,6.3,2022.0,ChEMBL
Cc1ccccc1N1CCN(S(=O)(=O)C[C@]23CC[C@H](C[C@@H]2NC(=O)[C@@H](N)CCS(C)(=O)=O)C3(C)C)CC1.Cl,1,7.16,2024.0,ChEMBL
Cc1ccccc1NC(=N)Nc1ccccc1C,1,7.5,2025.0,ChEMBL
Cc1ccncc1-c1ncnc2c1cnn2CCN1CCCCC1,1,6.15,2017.0,ChEMBL
Cc1cn2cc(CC(=O)N3CCC4(CC3)CN(Cc3ccc(-n5nccn5)cc3Cl)C4)nc2s1,1,6.28,2024.0,ChEMBL
Cc1cncc(-c2ncnc3c2cnn3CCN2CCCCC2)c1,1,6.35,2017.0,ChEMBL
Cc1csc(OC[C@@H]2CN(Cc3cc4ccc(Cl)cc4[nH]3)CCO2)n1,1,6.41,2022.0,ChEMBL
Cc1csc2c(N[C@@H](C)CN3CCN(S(=O)(=O)c4ccc(Cl)c(Cl)c4)CC3)ncnc12,1,6.02,2024.0,ChEMBL
Cc1nc(-c2ccc(Cl)cc2)nc(OCCCN2CCCCC2)c1Cl,1,8.96,2019.0,ChEMBL
Cc1nc(CN2CCC(OCc3ccc(Cl)c(F)c3)CC2)c2ccccn12,1,7.93,2022.0,ChEMBL
Cc1nc(CN2CCC(OCc3ccc(F)c(F)c3)CC2)c2ccccn12,1,7.4,2022.0,ChEMBL
Cc1nc(CN2CCC(OCc3cccc(C(F)(F)F)c3)CC2)c2ccccn12,1,7.46,2022.0,ChEMBL
Cc1nc2sccn2c(=O)c1CCN1CCC(=C(c2ccc(F)cc2)c2ccc(F)cc2)CC1,1,6.37,2024.0,ChEMBL
Cc1nccc2c1C(C)(C)Nc1cc(Br)ccc1-2,1,6.25,2020.0,ChEMBL
Cc1ncccc1-c1ncnc2c1cnn2CCN1CCCCC1,1,6.13,2017.0,ChEMBL
Cc1nn(-c2ccccc2Cl)c(Cl)c1CNCc1cc(F)cc(F)c1,1,6.79,2020.0,ChEMBL
Cc1nn(C)c(C)c1-c1cccc2c1CC[C@H](N(C)C)C2,1,6.8,2024.0,ChEMBL
Cc1nn(CCO)cc1CN(C)Cc1csc(-c2ccccc2)n1,1,6.9,2020.0,ChEMBL
Cc1noc(C)c1-c1ncnc2c1cnn2CCN1CCCCC1,1,7.14,2017.0,ChEMBL
Cl.Clc1ccc(CCCOCCCN2CCCCC2)cc1,1,9.04,2024.0,ChEMBL
Cl.Clc1ccc(CN2CCC3(CCCc4ccccc43)CC2)cc1,1,8.17,1992.0,ChEMBL
Cl.Clc1ccc(CN2CC[C@H]3c4ccccc4CC[C@H]3C2)cc1,1,8.33,1992.0,ChEMBL
Cl.Clc1ccc2c(c1)CCCC21CCN(Cc2ccccc2)CC1,1,8.17,1992.0,ChEMBL
Cl.Clc1cccc(COc2cncc(N3CCNCC3)n2)c1,1,7.49,2024.0,ChEMBL
Cl.Fc1cccc(CCCNCCc2ccnc(-n3ccnc3)n2)c1,1,6.7,2015.0,ChEMBL
Cl.Ic1ccc(CNC2C3C4CC5C6C4C2C6C2(OCCO2)C53)cc1,1,7.46,1996.0,ChEMBL
Cl.Ic1cccc(CNC2C3C4CC5C6C4C2C6C2(OCCO2)C53)c1,1,7.24,1996.0,ChEMBL
Cl.N#Cc1ccc(C2(C(=O)OCCN3CCC(c4ccccc4)CC3)CCCC2)cc1,1,8.89,1994.0,ChEMBL
Cl.N#Cc1ccc2[nH]cc(CCCCN3CCN(c4ccc5oc(C(N)=O)cc5c4)CC3)c2c1,1,7.85,2024.0,ChEMBL
Cl.N=C(NC12CC3CC(CC(C3)C1)C2)NC12CC3CC(CC(C3)C1)C2,1,7.88,1990.0,ChEMBL
Cl.N=C(NC1C2CC3CC(C2)CC1C3)NC1C2CC3CC(C2)CC1C3,1,6.69,1990.0,ChEMBL
Cl.N=C(NC1CC2CCC1C2)NC1CC2CCC1C2,1,7.8,1990.0,ChEMBL
Cl.N=C(NC1CCCCC1)NC12CC3CC(CC(C3)C1)C2,1,7.994999999999999,1990.0,ChEMBL
Cl.N=C(NC1C[C@H]1c1ccccc1)NC12CC3CC(CC(C3)C1)C2,1,6.92,1990.0,ChEMBL
Cl.N=C(Nc1ccccc1/C=C/c1c(F)c(F)c(F)c(F)c1F)NC12CC3CC(CC(C3)C1)C2,1,6.61,1990.0,ChEMBL
Cl.N=C(Nc1ccccc1/C=C/c1ccccc1)NC12CC3CC(CC(C3)C1)C2,1,6.46,1990.0,ChEMBL
Cl.N=C(Nc1ccccc1/C=C/c1ccccc1)NC1C2CC3CC(C2)CC1C3,1,6.43,1990.0,ChEMBL
Cl.N=C(Nc1ccccc1CCc1ccccc1)NC12CC3CC(CC(C3)C1)C2,1,6.95,1990.0,ChEMBL
Cl.N=C(Nc1ccccc1I)NC12CC3CC(CC(C3)C1)C2,1,8.260000000000002,1990.0,ChEMBL
Cl.N=C(Nc1ccccc1I)NC1C2CC3CC(C2)CC1C3,1,8.28,1990.0,ChEMBL
Cl.O=C(CCCN1CCC2(CC1)OC=C(c1ccccc1)C2=O)c1ccc(F)cc1,1,7.77,1993.0,ChEMBL
Cl.O=C(CCCN1CCC2(CCc3ccccc3C2=O)CC1)c1ccc(F)cc1,1,7.34,1994.0,ChEMBL
Cl.O=C(CCCN1CCCC2(C1)OC(c1ccccc1)=CC2=O)c1ccc(F)cc1,1,6.42,1993.0,ChEMBL
Cl.O=C(Cc1ccc(Cl)c(Cl)c1)N1CCCC[C@H]1CN1CCCC1,1,7.93,2024.0,ChEMBL
Cl.O=C(Cc1ccc(Cl)c(Cl)c1)OCCN1CCCC1,1,8.6,2003.0,ChEMBL
Cl.O=C(OCCCCCCN1CCC(c2ccccc2)CC1)C1(c2ccccc2)CCCC1,1,8.92,1994.0,ChEMBL
Cl.O=C(OCCCCCN1CCC(c2ccccc2)CC1)C1(c2ccccc2)CCCC1,1,9.21,1994.0,ChEMBL
Cl.O=C(OCCCCN1CCC(c2ccccc2)CC1)C1(c2ccccc2)CCCC1,1,9.29,1994.0,ChEMBL
Cl.O=C(OCCCN1CCC(c2ccccc2)CC1)C1(c2ccc(Cl)cc2)CCCC1,1,8.82,1994.0,ChEMBL
Cl.O=C(OCCCN1CCC(c2ccccc2)CC1)C1(c2ccc(I)cc2)CCCC1,1,9.06,1994.0,ChEMBL
Cl.O=C(OCCCN1CCC(c2ccccc2)CC1)C1(c2ccc([N+](=O)[O-])cc2)CCCC1,1,9.57,1994.0,ChEMBL
Cl.O=C(OCCCN1CCC(c2ccccc2)CC1)C1(c2ccccc2)CCCC1,1,9.3,1994.0,ChEMBL
Cl.O=C(OCCN1CCC(c2ccccc2)CC1)C1(c2ccc(Cl)cc2)CCCC1,1,8.87,1994.0,ChEMBL
Cl.O=C(OCCN1CCC(c2ccccc2)CC1)C1(c2ccc(I)cc2)CCCC1,1,8.84,1994.0,ChEMBL
Cl.O=C(OCCN1CCC(c2ccccc2)CC1)C1(c2ccc([N+](=O)[O-])cc2)CCCC1,1,10.3,1994.0,ChEMBL
Cl.O=C(OCCN1CCC(c2ccccc2)CC1)C1(c2ccccc2)CCCC1,1,8.4,1994.0,ChEMBL
Cl.O=C(OCCN1CCN(c2ccccc2)CC1)C1(c2ccc(Cl)cc2)CCCC1,1,7.11,1994.0,ChEMBL
Cl.O=C(OCCN1CCN(c2ccccc2)CC1)C1(c2ccc(I)cc2)CCCC1,1,7.64,1994.0,ChEMBL
Cl.O=C(OCCN1CCN(c2ccccc2)CC1)C1(c2ccc([N+](=O)[O-])cc2)CCCC1,1,8.56,1994.0,ChEMBL
Cl.O=C(OCCN1CCN(c2ccccc2)CC1)C1(c2ccccc2)CCCC1,1,7.2,1994.0,ChEMBL
Cl.O=C1C(c2ccc(F)cc2)=COC12CCN(CC1CCCCC1)CC2,1,8.7,1993.0,ChEMBL
Cl.O=C1C(c2ccc(F)cc2)=COC12CCN(CCc1ccccc1)CC2,1,7.62,1993.0,ChEMBL
Cl.O=C1C(c2ccc(F)cc2)=COC12CCN(Cc1ccc(F)cc1)CC2,1,8.4,1993.0,ChEMBL
Cl.O=C1C(c2ccc(F)cc2)=COC12CCN(Cc1ccccc1)CC2,1,8.4,1993.0,ChEMBL
Cl.O=C1C(c2ccc(F)cc2)COC12CCN(Cc1ccccc1)CC2,1,8.4,1993.0,ChEMBL
Cl.O=C1C(c2ccc3ccccc3c2)=COC12CCN(CCc1ccccc1)CC2,1,7.46,1993.0,ChEMBL
Cl.O=C1C(c2ccccc2)=COC12CCCN(Cc1ccccc1)C2,1,6.16,1993.0,ChEMBL
Cl.O=C1C(c2ccccc2)=COC12CCN(CC1CCCCC1)CC2,1,9.0,1993.0,ChEMBL
Cl.O=C1C(c2ccccc2)=COC12CCN(CCc1ccccc1)CC2,1,7.8,1993.0,ChEMBL
Cl.O=C1C(c2ccccc2)=COC12CCN(CCc1ccsc1)CC2,1,7.92,1993.0,ChEMBL
Cl.O=C1C(c2ccccc2)=COC12CCN(Cc1ccc(F)cc1)CC2,1,8.52,1993.0,ChEMBL
Cl.O=C1C(c2ccccc2)=COC12CCN(Cc1cccc(Cl)c1)CC2,1,6.63,1993.0,ChEMBL
Cl.O=C1C(c2ccccc2)=COC12CCN(Cc1ccccc1)C2,1,7.5,1993.0,ChEMBL
Cl.O=C1C(c2ccccc2)=COC12CCN(Cc1ccccc1)CC2,1,8.4,1993.0,ChEMBL
Cl.O=C1C(c2ccccc2)=COC12CCN(Cc1ccco1)CC2,1,7.05,1993.0,ChEMBL
Cl.O=C1C=C(c2ccc(F)cc2)OC12CCN(CCc1ccccc1)CC2,1,8.22,1993.0,ChEMBL
Cl.O=C1C=C(c2ccccc2)OC12CCN(CCc1ccccc1)CC2,1,9.0,1993.0,ChEMBL
Cl.O=C1C=C(c2ccccc2)OC12CCN(Cc1ccccc1)CC2,1,9.0,1993.0,ChEMBL
Cl.O=C1C=C(c2ccccc2)OC12CCNCC2,1,6.33,1993.0,ChEMBL
Cl.O=C1C=C(c2ccccc2)OC2(CCN(CCc3ccccc3)CC2)C1,1,8.0,1993.0,ChEMBL
Cl.O=C1C=C(c2ccco2)OC2(CCN(CCc3ccccc3)CC2)C1,1,7.16,1993.0,ChEMBL
Cl.O=C1CC2(CCCN(Cc3ccccc3)C2)OC=C1c1ccc(F)cc1,1,6.88,1993.0,ChEMBL
Cl.O=C1CC2(CCCN(Cc3ccccc3)C2)OC=C1c1ccccc1,1,7.89,1993.0,ChEMBL
Cl.O=C1CC2(CCN(CCc3ccccc3)CC2)OC=C1c1ccc(F)cc1,1,8.22,1993.0,ChEMBL
Cl.O=C1CC2(CCN(CCc3ccccc3)CC2)OC=C1c1ccccc1,1,8.3,1993.0,ChEMBL
Cl.O=C1CC2(CCN(CCc3ccccc3)CC2)OC=C1c1ccccc1F,1,9.0,1993.0,ChEMBL
Cl.O=C1CC2(CCN(CCc3ccccc3)CC2)OC=C1c1cccs1,1,8.15,1993.0,ChEMBL
Cl.O=C1CC2(CCN(CCc3ccccc3)CC2)OCC1c1ccc(F)cc1,1,8.4,1993.0,ChEMBL
Cl.O=C1CC2(CCN(Cc3ccccc3)CC2)OC=C1c1ccccc1,1,8.4,1993.0,ChEMBL
Cl.O=C1c2ccc(Cl)cc2CCC1C1CCN(CCc2ccccc2)CC1,1,8.05,1994.0,ChEMBL
Cl.O=C1c2cccc(F)c2CCC1C1CCN(CCc2ccccc2)CC1,1,8.3,1994.0,ChEMBL
Cl.O=C1c2ccccc2CCC12CCN(CC1CCCCC1)CC2,1,8.7,1994.0,ChEMBL
Cl.O=C1c2ccccc2CCC12CCN(CCc1ccccc1)CC2,1,7.25,1994.0,ChEMBL
Cl.O=C1c2ccccc2CCC12CCN(Cc1ccc(F)cc1)CC2,1,8.4,1994.0,ChEMBL
Cl.O=C1c2ccccc2CCC12CCN(Cc1ccc([N+](=O)[O-])cc1)CC2,1,8.72,1994.0,ChEMBL
Cl.O=C1c2ccccc2CCC12CCN(Cc1ccccc1)CC2,1,9.0,1994.0,ChEMBL
Cl.O=C1c2ccccc2CCC1C1CCN(Cc2ccc(C(F)(F)F)cc2)CC1,1,7.72,1994.0,ChEMBL
Cl.O=C1c2ccccc2CCC1C1CCN(Cc2ccc(F)cc2)CC1,1,7.96,1994.0,ChEMBL
Cl.O=C1c2ccccc2CCC1C1CCN(Cc2ccccc2)CC1,1,8.4,1994.0,ChEMBL
Cl.O=[N+]([O-])c1ccc(CCN2CC[C@H]3c4ccccc4CC[C@H]3C2)cc1,1,8.46,1992.0,ChEMBL
Cl.O=[N+]([O-])c1ccc(CN2CCC3(CCCc4ccccc43)CC2)cc1,1,7.85,1992.0,ChEMBL
Cl.O=[N+]([O-])c1ccc(CN2CC[C@H]3c4ccccc4CC[C@H]3C2)cc1,1,8.06,1992.0,ChEMBL
Cl.OC12C3C4CC5C6C4C1C6C(C53)N2Cc1ccccc1,1,7.52,1996.0,ChEMBL
Cl.OC1c2ccccc2CCC12CCN(CCc1ccccc1)CC2,1,8.36,1994.0,ChEMBL
Cl.Oc1ccc2c(c1)C1(CCC2)CCN(Cc2ccccc2)CC1,1,7.16,1992.0,ChEMBL
Cl.c1ccc(CCCN2CC[C@H]3c4ccccc4CC[C@H]3C2)cc1,1,8.37,1992.0,ChEMBL
Cl.c1ccc(CCN2CCC3(CCCc4ccccc43)CC2)cc1,1,8.3,1992.0,ChEMBL
Cl.c1ccc(CCN2CCC3(CCc4ccccc43)CC2)cc1,1,8.56,1992.0,ChEMBL
Cl.c1ccc(CCN2CCC3=C(CCc4ccccc43)C2)cc1,1,7.78,1992.0,ChEMBL
Cl.c1ccc(CCN2CC[C@H]3c4ccccc4CC[C@H]3C2)cc1,1,9.49,1992.0,ChEMBL
Cl.c1ccc(CN2CCC3(CCCCc4ccccc43)CC2)cc1,1,8.17,1992.0,ChEMBL
Cl.c1ccc(CN2CCC3(CCCc4ccccc43)CC2)cc1,1,8.42,1992.0,ChEMBL
Cl.c1ccc(CN2CCC3(CCc4ccccc43)CC2)cc1,1,9.14,1992.0,ChEMBL
Cl.c1ccc(CN2CCC3(CCc4ccccc43)CC2)nc1,1,7.79,1992.0,ChEMBL
Cl.c1ccc(CN2CC[C@H]3c4ccccc4CC[C@H]3C2)cc1,1,8.74,1992.0,ChEMBL
Cl.c1ccc(CN2CC[C@H]3c4ccccc4CC[C@H]3C2)nc1,1,7.78,1992.0,ChEMBL
Cl.c1ccc(CNC2C3C4CC5C6C4C2C6C2(OCCO2)C53)cc1,1,7.1,1996.0,ChEMBL
Cl.c1ccc2c(c1)CCC21CCN(CC2CCCCC2)CC1,1,8.87,1992.0,ChEMBL
Cl.c1ccc2c(c1)CCC21CCN(CC2CCCO2)CC1,1,8.5,1992.0,ChEMBL
Cl.c1ccc2c(c1)CCCC1CN(C3CCCCC3)CCC21,1,8.85,1992.0,ChEMBL
Cl.c1ccc2c(c1)CCCC21CCN(CC2CC2)CC1,1,7.99,1992.0,ChEMBL
Cl.c1ccc2c(c1)CCCC21CCN(CC2CCCCC2)CC1,1,8.64,1992.0,ChEMBL
Cl.c1ccc2c(c1)CCCC21CCN(CC2CCCO2)CC1,1,8.26,1992.0,ChEMBL
Cl.c1ccc2c(c1)CC[C@H]1CN(C34C[C@H]5C[C@@H](C3)C[C@@H](C4)C5)CC[C@@H]21,1,8.64,1992.0,ChEMBL
Cl.c1ccc2c(c1)CC[C@H]1CN(C3CCCCC3)CC[C@@H]21,1,9.6,1992.0,ChEMBL
Cl.c1ccc2c(c1)CC[C@H]1CN(C3[C@H]4C[C@@H]5C[C@@H](C[C@H]3C5)C4)CC[C@@H]21,1,8.66,1992.0,ChEMBL
Cl.c1ccc2c(c1)CC[C@H]1CN(CC3CC3)CC[C@@H]21,1,8.61,1992.0,ChEMBL
Cl.c1ccc2c(c1)CC[C@H]1CN(Cc3ccc4ccccc4c3)CC[C@@H]21,1,7.09,1992.0,ChEMBL
Cl.c1coc(CN2CCC3(CCCc4ccccc43)CC2)c1,1,8.02,1992.0,ChEMBL
Cl.c1coc(CN2CC[C@H]3c4ccccc4CC[C@H]3C2)c1,1,8.18,1992.0,ChEMBL
Cl.c1csc(CN2CCC3(CCCc4ccccc43)CC2)c1,1,8.2,1992.0,ChEMBL
Cl.c1csc(CN2CC[C@H]3c4ccccc4CC[C@H]3C2)c1,1,8.15,1992.0,ChEMBL
Clc1cc(Cl)cc(CN2CCc3ccc(N4CCOCC4)cc3C2)c1,1,6.15,2021.0,ChEMBL
Clc1cc(Cl)cc(CN2Cc3ccc(N4CCOCC4)cc3C2)c1,1,6.94,2021.0,ChEMBL
Clc1cc2c(cc1Cl)CC(NCCN1CCCC1)CC2,1,8.41,1993.0,ChEMBL
Clc1cc2c(cc1Cl)CN(CCN1CCCC1)CC2,1,8.87,1992.0,ChEMBL
Clc1ccc(-c2ncnc3c2cnn3CCN2CCCCC2)cc1,1,7.37,2017.0,ChEMBL
Clc1ccc(-c2ncnc3c2cnn3CCN2CCCCC2)s1,1,7.46,2017.0,ChEMBL
Clc1ccc(-c2nnn3c2CO[C@@H]2CN(CC4CCOCC4)C[C@H]23)c(Cl)c1,1,7.51,2021.0,ChEMBL
Clc1ccc(-n2cc(NCCCN3CCOCC3)nn2)cc1Cl,1,6.71,2015.0,ChEMBL
Clc1ccc(-n2cc(NCCN3CCCCC3)nn2)c(Cl)c1,1,7.51,2015.0,ChEMBL
Clc1ccc(-n2cc(NCCN3CCCCC3)nn2)cc1,1,7.21,2015.0,ChEMBL
Clc1ccc(-n2cc(NCCN3CCCCC3)nn2)cc1Cl,1,8.3,2015.0,ChEMBL
Clc1ccc(-n2cc(NCCN3CCOCC3)nn2)cc1Cl,1,7.34,2015.0,ChEMBL
Clc1ccc(-n2ccc(COCCN3CCOCC3)n2)cc1Cl,1,8.7,2020.0,ChEMBL
Clc1ccc(-n2ccc(NCCN3CCCCC3)n2)cc1Cl,1,8.01,2015.0,ChEMBL
Clc1ccc(-n2ccc(NCCN3CCOCC3)n2)cc1Cl,1,7.41,2015.0,ChEMBL
Clc1ccc(-n2ccc(OCCCCN3CCOCC3)n2)cc1Cl,1,7.75,2012.0,ChEMBL
Clc1ccc(-n2ccc(OCCCCN3CCSCC3)n2)cc1Cl,1,7.99,2012.0,ChEMBL
Clc1ccc(-n2ccc(OCCCN3CCCCC3)n2)cc1Cl,1,8.02,2012.0,ChEMBL
Clc1ccc(-n2ccc(OCCCN3CCOCC3)n2)cc1Cl,1,7.79,2012.0,ChEMBL
Clc1ccc(-n2ccc(OCCN3CCCC3)n2)cc1Cl,1,7.8,2012.0,ChEMBL
Clc1ccc(-n2ccc(OCCN3CCCCC3)n2)cc1Cl,1,7.78,2012.0,ChEMBL
Clc1ccc(-n2ccc(OCCN3CCCCCC3)n2)cc1Cl,1,8.05,2012.0,ChEMBL
Clc1ccc(-n2ccc(OCCN3CCOCC3)n2)cc1,1,7.75,2012.0,ChEMBL
Clc1ccc(-n2ccc(OCCN3CCOCC3)n2)cc1Cl,1,8.09,2012.0,ChEMBL
Clc1ccc(-n2ccc(OCCOCCN3CCCCC3)n2)cc1Cl,1,7.43,2012.0,ChEMBL
Clc1ccc(-n2nc(OCCN3CCOCC3)cc2-c2ccccc2)cc1Cl,1,6.65,2012.0,ChEMBL
Clc1ccc(C2=CCN(CCCCc3ccccc3)CC2)cc1,1,8.39,1991.0,ChEMBL
Clc1ccc(C2=CCN(CCCCc3ccncc3)CC2)cc1,1,8.98,1993.0,ChEMBL
Clc1ccc(C2=CCNCC2)cc1,1,7.3,1993.0,ChEMBL
Clc1ccc(CCN(CC2CC2)[C@@H]2CCCC[C@@H]2N2CCCC2)cc1Cl,1,7.42,1991.0,ChEMBL
Clc1ccc(CCN(CC2CC2)[C@H]2CCCC[C@H]2N2CCCC2)cc1Cl,1,6.38,1991.0,ChEMBL
Clc1ccc(CCN2C3CCC2c2c([nH]c4ccccc24)C3)cc1Cl,1,6.15,1993.0,ChEMBL
Clc1ccc(CCN2CCCC(N3CCCC3)C2)cc1Cl,1,8.45,1992.0,ChEMBL
Clc1ccc(CCN2CCCCC(N3CCCC3)C2)cc1Cl,1,8.57,1992.0,ChEMBL
Clc1ccc(CCN2CCCNCC2)cc1Cl,1,6.81,1993.0,ChEMBL
Clc1ccc(CCN2CCC[C@@H]2CN2CCCC2)cc1Cl,1,8.36,1992.0,ChEMBL
Clc1ccc(CCN2CCC[C@H]2CN2CCCC2)cc1Cl,1,8.76,1992.0,ChEMBL
Clc1ccc(CCN2CCN(CCCI)CC2)cc1Cl,1,8.9,1992.0,ChEMBL
Clc1ccc(CCN2CCN(CCCc3ccccc3)CC2)cc1Cl,1,8.66,1998.0,ChEMBL
Clc1ccc(CCN2CCN(CCc3ccc(Cl)c(Cl)c3)CC2)cc1Cl,1,8.77,1993.0,ChEMBL
Clc1ccc(CCN2CCN3CCC2CC3)cc1Cl,1,6.18,1993.0,ChEMBL
Clc1ccc(CCN2CCN3CCCCC3C2)cc1Cl,1,9.01,1993.0,ChEMBL
Clc1ccc(CCN2CCN3CCC[C@@H]3C2)cc1Cl,1,8.85,1993.0,ChEMBL
Clc1ccc(CCN2CCN3CCC[C@H]3C2)cc1Cl,1,8.27,1993.0,ChEMBL
Clc1ccc(CCN2CCNCC2)cc1Cl,1,6.92,1993.0,ChEMBL
Clc1ccc(CCN2CCOCC2)cc1Cl,1,8.2,2013.0,ChEMBL
Clc1ccc(CCNC2CN3CCC2CC3)cc1Cl,1,6.22,1993.0,ChEMBL
Clc1ccc(CCNCC2(N3CCCCC3)CCCCC2)cc1Cl,1,7.79,1993.0,ChEMBL
Clc1ccc(CCNCCN2CCCC2)cc1Cl,1,8.96,1992.0,ChEMBL
Clc1ccc(CCNCCNCCN2CCCC2)cc1Cl,1,7.27,1994.0,ChEMBL
Clc1ccc(CCN[C@@H]2CCCC[C@@H]2N2CCCC2)cc1Cl,1,9.31,1991.0,ChEMBL
Clc1ccc(CCN[C@H]2CCCC[C@H]2N2CCCC2)cc1Cl,1,8.62,1991.0,ChEMBL
Clc1ccc(CN2CCN(Cc3ccccc3)CC2)c(Cl)c1,1,8.12,2003.0,ChEMBL
Clc1ccc(CN2CCN(Cc3ccccc3)CC2)cc1,1,8.85,2003.0,ChEMBL
Clc1ccc(CN2CCN(Cc3ccccc3)CC2)cc1Cl,1,9.24,2003.0,ChEMBL
Clc1ccc(COC(Cn2ccnc2)c2ccc(Cl)cc2Cl)cc1,0,4.865,,ChEMBL
Clc1ccc(Cn2cc(NCCCN3CCOCC3)nn2)cc1Cl,1,6.29,2015.0,ChEMBL
Clc1ccc(Cn2cc(NCCN3CCCCC3)nn2)cc1Cl,1,8.0,2015.0,ChEMBL
Clc1ccc(Cn2cc(NCCN3CCCCCC3)nn2)cc1Cl,1,8.05,2015.0,ChEMBL
Clc1ccc(Cn2cc(NCCN3CCCOCC3)nn2)cc1Cl,1,7.89,2015.0,ChEMBL
Clc1ccc(Cn2cc(NCCN3CCOCC3)nn2)cc1Cl,1,7.21,2019.0,ChEMBL
Clc1ccc(N2CCN(CCCOc3ccccc3)CC2)cc1,1,7.29,2019.0,ChEMBL
Clc1ccc(N2CCN(CCCc3ccccc3)CC2)cc1,1,8.54,1991.0,ChEMBL
Clc1ccc(N2CCN(Cc3c[nH]c4ncccc34)CC2)cc1,1,7.0,2022.0,ChEMBL
Clc1ccc(OCCN2C3CCC2c2c([nH]c4ccccc24)C3)cc1Cl,1,6.255000000000001,1993.0,ChEMBL
Clc1ccc(Oc2ccc3c(c2)[C@H]2OCCC[C@H]2[C@@H](C2CCCCC2)N3)cc1,1,6.71,2013.0,ChEMBL
Clc1ccc(Oc2ccc3c(c2)[C@H]2OCCC[C@H]2[C@@H](C2CCCCC2)N3)cc1Cl,1,7.1,2013.0,ChEMBL
Clc1ccc(Oc2ccc3c(c2)[C@H]2OCC[C@H]2[C@@H](C2CCCCC2)N3)cc1,1,6.52,2013.0,ChEMBL
Clc1ccc2c(c1)C1CC2CCCN1CCc1ccccc1,1,6.61,2022.0,ChEMBL
Clc1cccc(-c2nnnn2Cc2cccnc2)c1Cl,1,6.3,2023.0,ChEMBL
Clc1cccc(CN2CCN(Cc3ccccc3)CC2)c1,1,9.34,2003.0,ChEMBL
Clc1cccc(N2CCN(CCCc3ccccc3)CC2)c1,1,7.72,1991.0,ChEMBL
Clc1cccc(N2CCN(CCc3ccccc3)CC2)c1,1,7.98,1991.0,ChEMBL
Clc1cccc(Oc2ccc3c(c2)[C@H]2OCCC[C@H]2[C@@H](C2CCCCC2)N3)c1,1,6.42,2013.0,ChEMBL
Clc1ccccc1-c1ncnc2c1cnn2CCN1CCCCC1,1,7.12,2017.0,ChEMBL
Clc1ccccc1CN1CCN(Cc2ccccc2)CC1,1,8.28,2003.0,ChEMBL
Clc1ccccc1CN1CCc2sccc2C1,1,6.5600000000000005,,ChEMBL
Clc1ccccc1CNC[C@H]1CC[C@H](CCNc2ccccc2Cl)CC1,1,9.3,2005.0,ChEMBL
Cn1c(=O)cnn(CCCCN2CCN(c3cccc4ccc(O[11CH3])cc34)CC2)c1=O,1,6.32,2006.0,ChEMBL
Cn1c(=O)sc2cc(CCCCN3CCC(Cc4ccccc4)CC3)ccc21,1,8.3,2002.0,ChEMBL
Cn1c(=O)sc2cc(CCCCN3CCC(c4ccccc4)CC3)ccc21,1,8.52,2002.0,ChEMBL
Cn1c(=O)sc2cc(CCCCN3CCN(Cc4ccc(Cl)c(Cl)c4)CC3)ccc21,1,7.779999999999999,2002.0,ChEMBL
Cn1c(=O)sc2cc(CCCCN3CCN(Cc4ccc(Cl)cc4Cl)CC3)ccc21,1,8.05,2002.0,ChEMBL
Cn1c(=O)sc2cc(CCCCN3CCN(Cc4ccccc4)CC3)ccc21,1,8.065,2002.0,ChEMBL
Cn1c(=O)sc2cc(CCN3CCC(Cc4ccccc4)CC3)ccc21,1,8.3,2002.0,ChEMBL
Cn1c(=O)sc2cc(CCN3CCC(c4ccccc4)CC3)ccc21,1,8.2,2002.0,ChEMBL
Cn1c(=O)sc2cc(CCN3CCN(Cc4ccc(Cl)c(Cl)c4)CC3)ccc21,1,8.3,2002.0,ChEMBL
Cn1c(=O)sc2cc(CCN3CCN(Cc4ccc(Cl)cc4Cl)CC3)ccc21,1,8.1,2002.0,ChEMBL
Cn1c(=O)sc2cc(CCN3CCN(Cc4ccccc4)CC3)ccc21,1,8.52,2002.0,ChEMBL
Cn1c2c(c3ccccc31)C1CCC(C2)N1CCCCc1ccccc1,1,6.745,1993.0,ChEMBL
Cn1cccc1-c1ncnc2c1cnn2CCN1CCCCC1,1,7.51,2017.0,ChEMBL
Cn1cnc(-c2ncnc3c2cnn3CCN2CCCCC2)c1,0,4.93,2017.0,ChEMBL
Cn1cnc2cc(CN3CCC(OCc4ccc(Cl)c(F)c4)CC3)ccc21,1,7.73,2022.0,ChEMBL
Cn1cnc2cc(CN3CCC(OCc4ccc(F)c(F)c4)CC3)ccc21,1,7.765000000000001,2022.0,ChEMBL
Cn1cnc2cc(CN3CCC(OCc4cccc(C(F)(F)F)c4)CC3)ccc21,1,7.715,2022.0,ChEMBL
Cn1cncc1-c1ncnc2c1cnn2CCN1CCCCC1,1,6.15,2017.0,ChEMBL
Cn1cncc1[C@@](O)(COc1ccc(C#N)cc1-c1ccc(OC(F)(F)F)cc1)c1ccc(C#N)cc1,1,7.04,2023.0,ChEMBL
Cn1nc(C(F)(F)F)cc1-c1ncnc2c1cnn2CCN1CCCCC1,1,6.86,2017.0,ChEMBL
Cn1nc(CN2CCCC2)nc1-c1ccc(-c2ccccc2)cc1,1,7.05,2021.0,ChEMBL
Cn1nc(CN2CCCC2)nc1-c1ccc(C(C)(C)C)cc1,1,8.12,2021.0,ChEMBL
Cn1nc(CN2CCCC2)nc1-c1ccc(C(F)(F)F)cc1,1,7.09,2021.0,ChEMBL
Cn1nc(CN2CCCC2)nc1-c1ccc(C2(C(F)(F)F)CC2)cc1,1,8.0,2021.0,ChEMBL
Cn1nc(CN2CCCC2)nc1-c1ccc(C2CCCCC2)cc1,1,7.7,2021.0,ChEMBL
Cn1nc(CN2CCCC2)nc1-c1ccc(Cl)c(Cl)c1,1,7.66,2021.0,ChEMBL
Cn1nc(CN2CCCC2)nc1-c1ccc2c(c1)CCCC2,1,7.58,2021.0,ChEMBL
Cn1nc(CN2CCCC2)nc1-c1ccc2cc(Cl)sc2c1,1,7.43,2021.0,ChEMBL
Cn1nc(CN2CCCC2)nc1-c1ccc2ccsc2c1,1,7.19,2021.0,ChEMBL
Cn1nc(CN2CCCC2)nc1-c1cccc(C(C)(C)C)c1,1,7.54,2021.0,ChEMBL
Cn1nc(CN2CCCC2)nc1-c1cccc(C2(C(F)(F)F)CC2)c1,1,7.5,2021.0,ChEMBL
Cn1nc(CN2CCN(CCc3ccccc3)CC2)nc1-c1ccc(C(C)(C)C)cc1,1,7.31,2021.0,ChEMBL
Cn1ncc2c1CCCC2CCN1CCC(c2ccccc2)CC1,1,8.15,2013.0,ChEMBL
Cn1ncc2cc(CN3CCC(OCc4ccc(Cl)c(F)c4)CC3)ccc21,1,8.815000000000001,2022.0,ChEMBL
Cn1ncc2cc(CN3CCC(OCc4ccc(F)c(F)c4)CC3)ccc21,1,8.83,2022.0,ChEMBL
Cn1ncc2cc(CN3CCC(OCc4cccc(C(F)(F)F)c4)CC3)ccc21,1,8.765,2022.0,ChEMBL
Cn1ncc2cc(CN3CCO[C@H](COc4ccc(F)c(F)c4)C3)ccc21,1,7.645,2022.0,ChEMBL
Cn1nccc1-c1ncnc2c1cnn2CCN1CCCCC1,1,7.39,2018.0,ChEMBL
FC(F)(F)Oc1cccc(CO[C@H]2CCCN(Cc3cn4ccccc4n3)C2)c1,1,7.46,2022.0,ChEMBL
FC(F)(F)Oc1cccc(CO[C@H]2CCCN(Cc3ncc4ccccn34)C2)c1,1,7.26,2022.0,ChEMBL
FC(F)(F)c1c(N2CCC(c3ccccc3)CC2)ccn2c(CC3CC3)nnc12,1,6.01,2024.0,ChEMBL
FC(F)(F)c1ccc(/C=C/COCC2CCN(Cc3ccccc3)CC2)cc1,1,7.55,1994.0,ChEMBL
FC(F)(F)c1cccc(-c2ccc(CNCc3cccnc3)o2)c1,1,6.72,2020.0,ChEMBL
FC(F)(F)c1cccc(COC2CCN(Cc3cc4ccc(Cl)cc4[nH]3)CC2)c1,1,7.845,2022.0,ChEMBL
FC(F)(F)c1cccc(COC2CCN(Cc3ccc4[nH]cnc4c3)CC2)c1,1,8.04,2022.0,ChEMBL
FC(F)(F)c1cccc(COC2CCN(Cc3ccc4[nH]ncc4c3)CC2)c1,1,9.035,2022.0,ChEMBL
FC(F)(F)c1cccc(COC2CCN(Cc3cn4ccccc4n3)CC2)c1,1,8.46,2022.0,ChEMBL
FC(F)(F)c1cccc(COC2CCN(Cc3ncc4ccccn34)CC2)c1,1,6.76,2022.0,ChEMBL
FC(F)(F)c1cccc(N2CCN(CCCCc3ccccc3)CC2)c1,1,8.27,1991.0,ChEMBL
FC(F)(F)c1cccc(N2CCN(CCc3ccccc3)CC2)c1,1,8.12,1991.0,ChEMBL
FC(F)(F)c1ccccc1-c1ncnc2c1cnn2CCN1CCCCC1,1,6.9,2017.0,ChEMBL
FC(F)COc1ccc2c(c1)C13CCCCC1C(C2)NCC3,1,7.16,2022.0,ChEMBL
FC1(F)CCN(c2ncnc3c2cnn3CCN2CCCCC2)CC1,1,6.97,2017.0,ChEMBL
FCCC1OC2(CCN(Cc3ccccc3)CC2)c2ccccc21,1,9.23,2011.0,ChEMBL
FCCCCCN1CCN(CCc2ccc(Cl)c(Cl)c2)CC1,1,9.175,1992.0,ChEMBL
FCCCN(CCc1ccc(Cl)c(Cl)c1)CCN1CCCC1,1,8.335,1992.0,ChEMBL
FCCCN1CCN(CCc2ccc(Cl)c(Cl)c2)CC1,1,8.89,1992.0,ChEMBL
Fc1cc(COC2CCN(Cc3cc4ccc(Cl)cc4[nH]3)CC2)ccc1Cl,1,7.54,2022.0,ChEMBL
Fc1cc(COC2CCN(Cc3ccc4[nH]cnc4c3)CC2)ccc1Cl,1,8.41,2022.0,ChEMBL
Fc1cc(COC2CCN(Cc3ccc4[nH]ncc4c3)CC2)ccc1Cl,1,8.945,2022.0,ChEMBL
Fc1cc(COC2CCN(Cc3cn4ccccc4n3)CC2)ccc1Cl,1,8.645,2022.0,ChEMBL
Fc1cc(COC2CCN(Cc3ncc4ccccn34)CC2)ccc1Cl,1,7.38,2022.0,ChEMBL
Fc1cc(Cl)ccc1-c1ncnc2c1cnn2CCN1CCCCC1,1,6.95,2017.0,ChEMBL
Fc1cc(F)c(F)c(-c2ccc(N[C@H]3C[C@@H]4CN(CC5CCOCC5)C[C@@H]4C3)nn2)c1,1,7.77,2021.0,ChEMBL
Fc1ccc(-c2ncnc3c2cnn3CCN2CCCCC2)c(F)c1,1,7.03,2017.0,ChEMBL
Fc1ccc(-c2ncnc3c2cnn3CCN2CCCCC2)cc1,1,7.02,2017.0,ChEMBL
Fc1ccc(-c2ncnc3c2cnn3CCN2CCCCC2)cc1C(F)(F)F,1,7.24,2017.0,ChEMBL
Fc1ccc(-c2nnn3c2CO[C@@H]2CN(CCC4CCOCC4)C[C@H]23)c(F)c1,1,7.58,2021.0,ChEMBL
Fc1ccc(-c2nnn3c2CO[C@H]2CN(C4CCOCC4)C[C@@H]23)c(Cl)c1,1,7.92,2021.0,ChEMBL
Fc1ccc(-c2nnn3c2CO[C@H]2CN(C4CCOCC4)C[C@@H]23)nc1,1,7.2,2021.0,ChEMBL
Fc1ccc(-n2cc(CCCCN3CCC4(CC3)OCc3ccccc34)c3ccccc32)cc1,1,7.77,2023.0,ChEMBL
Fc1ccc(-n2cc(NCCN3CCC(F)(F)CC3)nn2)cc1F,1,7.16,2015.0,ChEMBL
Fc1ccc(-n2cc(NCCN3CCCCC3)nn2)c(F)c1,1,6.56,2015.0,ChEMBL
Fc1ccc(-n2cc(NCCN3CCCCC3)nn2)cc1,1,6.84,2015.0,ChEMBL
Fc1ccc(-n2cc(NCCN3CCCCC3)nn2)cc1F,1,7.51,2015.0,ChEMBL
Fc1ccc(/C=C/COCC2CCN(Cc3ccccc3)CC2)cc1,1,7.92,1994.0,ChEMBL
Fc1ccc(C#CCOCCC2CCN(CCc3ccccc3)CC2)cc1,1,8.7,1994.0,ChEMBL
Fc1ccc(C(OCCN2CCN(C/C=C/c3ccccc3)CC2)c2ccc(F)cc2)cc1,1,7.29,1997.0,ChEMBL
Fc1ccc(C(OCCN2CCN(C/C=C/c3cccnc3)CC2)c2ccc(F)cc2)cc1,1,7.23,1997.0,ChEMBL
Fc1ccc(C(OCCN2CCN(C/C=C/c3ccco3)CC2)c2ccc(F)cc2)cc1,1,7.37,1997.0,ChEMBL
Fc1ccc(C(OCCN2CCN(C/C=C/c3cccs3)CC2)c2ccc(F)cc2)cc1,1,7.39,1997.0,ChEMBL
Fc1ccc(C(OCCN2CCN(CCCc3ccccc3)CC2)c2ccc(F)cc2)cc1,1,7.37,2003.0,ChEMBL
Fc1ccc(C(OCCN2CCN(CCCc3cccnc3)CC2)c2ccc(F)cc2)cc1,1,7.1,1997.0,ChEMBL
Fc1ccc(C(OCCN2CCN(CCCc3ccco3)CC2)c2ccc(F)cc2)cc1,1,7.21,1997.0,ChEMBL
Fc1ccc(C(OCCN2CCN(CCCc3cccs3)CC2)c2ccc(F)cc2)cc1,1,7.42,1997.0,ChEMBL
Fc1ccc(C(OCCN2CCNCC2)c2ccc(F)cc2)cc1,1,6.01,1996.0,ChEMBL
Fc1ccc(C(c2ccc(F)cc2)N2CCN(C/C=C/c3ccccc3)CC2)cc1,1,7.8,,ChEMBL
Fc1ccc(C2=CCN(CCCCc3ccncc3)CC2)cc1,1,8.76,1993.0,ChEMBL
Fc1ccc(C2CCN(CCCCc3cn(-c4ccc(F)cc4)c4ccccc34)CC2)cc1,1,7.8,2005.0,ChEMBL
Fc1ccc(CCCCN2C3CCC2c2c([nH]c4ccccc24)C3)cc1,1,7.199999999999999,1993.0,ChEMBL
Fc1ccc(CCCCN2CCCN(c3ccc(Cl)cc3)CC2)cc1,1,8.44,2019.0,ChEMBL
Fc1ccc(CCCCN2CCN(c3ccc(Cl)cc3)CC2)cc1,1,7.44,2019.0,ChEMBL
Fc1ccc(CCCCN2CCN(c3ccc(Cl)cn3)CC2)cc1,1,7.02,2019.0,ChEMBL
Fc1ccc(CCCCN2CCN(c3ncc(F)cn3)CC2)cc1,1,7.64,1994.0,ChEMBL
Fc1ccc(CCN2CCC(CCOCC#Cc3ccccc3)CC2)cc1,1,7.75,1994.0,ChEMBL
Fc1ccc(CN2CCC(n3cc(Cc4ccc(Br)cc4)nn3)CC2)cc1,1,8.7,2022.0,ChEMBL
Fc1ccc(CN2CCCC23CCN(Cc2cc4ccc(Cl)cc4[nH]2)C3)cc1F,1,8.265,2022.0,ChEMBL
Fc1ccc(CN2CCCC23CCN(Cc2cn4ccccc4n2)C3)cc1F,1,8.445,2022.0,ChEMBL
Fc1ccc(CN2CCCC3(CCN(Cc4cc5ccc(Cl)cc5[nH]4)C3)C2)cc1F,1,8.15,2022.0,ChEMBL
Fc1ccc(CN2CCCN(C(=S)Nc3cc(F)cc(F)c3)C2)cc1,1,7.64,2020.0,ChEMBL
Fc1ccc(CN2C[C@@H]3OCc4c(-c5ccccn5)nnn4[C@H]3C2)cc1,1,6.21,2021.0,ChEMBL
Fc1ccc(CN2C[C@@H]3[C@@H](C2)OCc2c(-c4ccc(F)cn4)nnn23)cc1,1,7.31,2021.0,ChEMBL
Fc1ccc(CN2C[C@@H]3[C@@H](C2)OCc2c(-c4ccccn4)nnn23)cc1,1,7.68,2021.0,ChEMBL
Fc1ccc(CN2C[C@@H]3[C@@H](C2)OCc2c(-c4cccnc4)nnn23)cc1,1,7.07,2021.0,ChEMBL
Fc1ccc(CN2C[C@@H]3[C@@H](C2)OCc2c(-c4ccncc4F)nnn23)cc1,1,7.13,2021.0,ChEMBL
Fc1ccc(CN2C[C@@H]3[C@@H](C2)OCc2c(-c4ncccc4F)nnn23)cc1,1,6.92,2021.0,ChEMBL
Fc1ccc(CN2C[C@@H]3[C@@H](C2)OCc2c(C4CCOCC4)nnn23)cc1,1,7.14,2021.0,ChEMBL
Fc1ccc(COC2CCN(Cc3cc4ccc(Cl)cc4[nH]3)CC2)cc1F,1,8.09,2022.0,ChEMBL
Fc1ccc(COC2CCN(Cc3ccc4[nH]cnc4c3)CC2)cc1F,1,7.92,2022.0,ChEMBL
Fc1ccc(COC2CCN(Cc3ccc4[nH]ncc4c3)CC2)cc1F,1,8.325,2022.0,ChEMBL
Fc1ccc(COC2CCN(Cc3cn4ccccc4n3)CC2)cc1F,1,8.285,2022.0,ChEMBL
Fc1ccc(COC2CCN(Cc3ncc4ccccn34)CC2)cc1F,1,6.84,2022.0,ChEMBL
Fc1ccc(Cn2cc(NCCN3CCC(F)(F)CC3)nn2)cc1,1,6.98,2015.0,ChEMBL
Fc1ccc(Cn2cc(NCCN3CCC(F)(F)CC3)nn2)cc1F,1,7.34,2015.0,ChEMBL
Fc1ccc(Cn2cc(NCCN3CCCCC3)nn2)cc1,1,7.28,2015.0,ChEMBL
Fc1ccc(Cn2cc(NCCN3CCCCC3)nn2)cc1F,1,7.48,2015.0,ChEMBL
Fc1ccc(Cn2cc(NCCN3CCOCC3)nn2)cc1,1,6.18,2015.0,ChEMBL
Fc1ccc(Cn2cc(NCCN3CCOCC3)nn2)cc1F,1,6.06,2015.0,ChEMBL
Fc1ccc(N(CCCN2CCN(CCCc3ccccc3)CC2)c2ccc(F)cc2)cc1,1,7.18,2003.0,ChEMBL
Fc1ccc(N(CCCN2CCN(Cc3ccccc3)CC2)c2ccc(F)cc2)cc1,1,7.88,2003.0,ChEMBL
Fc1ccc(OCCCN2C3CCC2c2c([nH]c4ccccc24)C3)cc1,1,7.045,1993.0,ChEMBL
Fc1ccc(OCCCN2CCCN(c3ccc(Cl)cc3)CC2)cc1,1,8.54,2019.0,ChEMBL
Fc1ccc(OCCCN2CCN(c3ccccc3)CC2)cc1,1,7.38,2019.0,ChEMBL
Fc1ccc(OCCCN2CCN(c3ncc(F)cn3)CC2)cc1,1,7.05,1994.0,ChEMBL
Fc1ccc(OC[C@@H]2CN(Cc3ccc4[nH]cnc4c3)CCO2)cc1F,1,7.745,2022.0,ChEMBL
Fc1ccc(SCCCN2CCCN(c3ccc(Cl)cn3)CC2)cc1,1,8.14,2019.0,ChEMBL
Fc1ccc(SCCCN2CCN(c3ncc(F)cn3)CC2)cc1,1,7.29,1994.0,ChEMBL
Fc1ccc2[nH]c3c(c2c1)C1CCC(C3)N1CCCCc1ccccc1,1,7.085,1993.0,ChEMBL
Fc1ccc2[nH]c3c(c2c1)C1CCC(C3)N1CCCN1Cc2ccccc2C1,1,7.195,1993.0,ChEMBL
Fc1ccc2[nH]c3c(c2c1)C1CCC(C3)N1CCCc1cccnc1,1,7.15,1993.0,ChEMBL
Fc1ccc2[nH]c3c(c2c1)C1CCC(C3)N1Cc1ccccc1,1,6.555,1993.0,ChEMBL
Fc1ccc2[nH]c3c(c2c1)CN(CCCc1ccncc1)CC3,1,6.645,1993.0,ChEMBL
Fc1ccc2c(CN3CCC(F)(F)[C@H](CCc4ccccc4)C3)c[nH]c2c1,1,7.28,2022.0,ChEMBL
Fc1ccc2c(c1)CC(CCN1CCCN(c3ccccn3)CC1)C2,1,7.655,2019.0,ChEMBL
Fc1cccc(-c2nnn3c2COC2CN(Cc4ccccc4)CC23)c1,1,7.8,2021.0,ChEMBL
Fc1cccc(-c2nnn3c2CO[C@@H]2CN(Cc4ccccc4)C[C@H]23)c1,1,8.52,2021.0,ChEMBL
Fc1cccc(-c2nnn3c2CO[C@H]2CN(Cc4ccccc4)C[C@@H]23)c1,1,7.85,2021.0,ChEMBL
Fc1cccc(-c2nnn3c2CO[C@H]2CN(Cc4ccccc4)C[C@H]23)c1,1,7.8,2021.0,ChEMBL
Fc1cccc(-n2cc(NCCN3CCCCC3)nn2)c1,1,7.24,2015.0,ChEMBL
Fc1cccc(-n2cc(NCCN3CCCCCC3)nn2)c1,1,7.92,2015.0,ChEMBL
Fc1cccc(-n2cc(NCCN3CCCOCC3)nn2)c1,1,7.44,2015.0,ChEMBL
Fc1cccc(-n2cc(NCCN3CCN(C4CCCCC4)CC3)nn2)c1,1,7.25,2015.0,ChEMBL
Fc1cccc(-n2cc(NCCN3CCOCC3)nn2)c1,1,6.11,2015.0,ChEMBL
Fc1cccc(CCNC23OC4C5C6CC(C7C6C4C72)C53)c1,1,6.83,2010.0,ChEMBL
Fc1cccc(CO[C@H]2CCCN(Cc3cn4ccccc4n3)C2)c1,1,6.31,2022.0,ChEMBL
Fc1cccc(Cn2cc(NCCN3CCCCC3)nn2)c1,1,7.46,2015.0,ChEMBL
Fc1ccccc1-c1nnn2c1COC1CN(Cc3ccccc3)CC12,1,7.57,2021.0,ChEMBL
Fc1ccccc1-c1nnn2c1CO[C@@H]1CN(C3CCOCC3)C[C@H]12,1,6.68,2021.0,ChEMBL
Fc1ccccc1-c1nnn2c1CO[C@@H]1CN(CC3CCOCC3)C[C@H]12,1,7.85,2021.0,ChEMBL
Fc1ccccc1-c1nnn2c1CO[C@@H]1CN(Cc3ccc(C(F)(F)F)nc3)C[C@H]12,1,7.06,2021.0,ChEMBL
Fc1ccccc1-c1nnn2c1CO[C@@H]1CN(Cc3ccccc3)C[C@H]12,1,8.05,2021.0,ChEMBL
Fc1ccccc1-c1nnn2c1CO[C@@H]1CN(Cc3cccnc3)C[C@H]12,1,6.91,2021.0,ChEMBL
Fc1ccccc1-c1nnn2c1CO[C@H]1CN(C3CCOCC3)C[C@@H]12,1,7.66,2021.0,ChEMBL
Fc1ccccc1-c1nnn2c1CO[C@H]1CN(CC3CCOCC3)C[C@@H]12,1,7.8,2021.0,ChEMBL
Fc1ccccc1-c1nnn2c1CO[C@H]1CN(Cc3ccccc3)C[C@@H]12,1,7.6,2021.0,ChEMBL
Fc1cnc(N2CCN(CCCCc3ccc(F)c4ccccc34)CC2)nc1,1,6.67,1994.0,ChEMBL
Ic1ccc(CN2CCC3(CC2)OCc2ccccc23)cc1,1,8.56,2013.0,ChEMBL
N#CC1Cc2ccccc2C2(CCN(Cc3ccccc3)CC2)O1,1,8.81,2002.0,ChEMBL
N#CC1Cc2sccc2C2(CCN(Cc3ccccc3)CC2)O1,1,8.35,2012.0,ChEMBL
N#CC1OC2(CCN(Cc3ccccc3)CC2)c2ccccc21,1,8.66,2002.0,ChEMBL
N#CCC1Cc2ccccc2C2(CCN(Cc3ccccc3)CC2)O1,1,7.8,2002.0,ChEMBL
N#CCC1OC2(CCN(Cc3ccccc3)CC2)c2ccccc21,1,8.67,2002.0,ChEMBL
N#Cc1c(N)nc(SCC(N)=O)c(C#N)c1-c1ccc(OCC2CC2)cc1,1,6.0,2024.0,ChEMBL
N#Cc1c[nH]c2c(C(=O)N3CCN(CCc4ccc(F)cc4)CC3)cccc12,1,6.75,2024.0,ChEMBL
N#Cc1ccc(-c2ncnc3c2cnn3CCN2CCCCC2)cc1,1,6.25,2017.0,ChEMBL
N#Cc1ccc(C(=O)CC2CCN(CC3CC3)CC2)cc1,1,8.0,1993.0,ChEMBL
N#Cc1ccc(CCNC2CCc3nn4c(c3C2)C(=O)NCCC4)cc1,1,6.0,2021.0,ChEMBL
N#Cc1ccc(CCOC(=O)N2CCN(CCCC(c3ccc(F)cc3)c3ccc(F)cc3)CC2)cc1,1,6.15,2001.0,ChEMBL
N#Cc1ccc(OCC2CCN(C/C=C/I)CC2)cc1,1,9.17,1997.0,ChEMBL
N#Cc1ccc(OCC2CCN(C/C=C/[123I])CC2)cc1,1,9.17,2013.0,ChEMBL
N#Cc1ccc(OCC2CCN(CC3CC3)CC2)cc1,1,8.0,1997.0,ChEMBL
N#Cc1ccc(OCC2CCN(CCCF)CC2)cc1,1,8.37,2011.0,ChEMBL
N#Cc1ccc(OCC2CCN(CCC[18F])CC2)cc1,1,8.37,2013.0,ChEMBL
N/C(=N\C12CC3CC(CC(C3)C1)C2)Nc1ccccc1[N+](=O)[O-],1,7.609999999999999,1990.0,ChEMBL
N=C(N)N(CCCCCCCCN1CCCC1)Cc1ccc(Cl)cc1,1,6.34,2000.0,ChEMBL
N=C(N)N(CCCCCCCN1CCCC1)Cc1ccc(Cl)cc1,1,6.59,2000.0,ChEMBL
N=C(N)N(CCCCCCN1CCCC1)Cc1ccc(Cl)cc1,1,6.29,2000.0,ChEMBL
N=C(N)N(CCCCCN1CCCC1)Cc1ccc(Cl)cc1,1,6.54,2000.0,ChEMBL
N=C(N)N(CCCCN1CCCC1)Cc1ccc(Cl)cc1,1,6.12,2000.0,ChEMBL
N=C(NC1CCCCC1)NC1CCCCC1,1,7.235,1990.0,ChEMBL
N=C(NCCCCCN1CCCC1)NCC12CC3CC(CC(C3)C1)C2,1,8.19,2000.0,ChEMBL
N=C(NCCCCCN1CCCC1)NCC1CCCCC1,1,8.3,2000.0,ChEMBL
N=C(NCCCCCN1CCCC1)NCC1CCCCCC1,1,8.24,2000.0,ChEMBL
N=C(NCCCCCN1CCCC1)NCCc1ccc(Cl)cc1,1,7.21,2000.0,ChEMBL
N=C(NCCCCCN1CCCC1)NCc1ccc(Cl)cc1,1,7.05,2000.0,ChEMBL
N=C(NCCCCCN1CCCCC1)NCC12CC3CC(CC(C3)C1)C2,1,8.11,2000.0,ChEMBL
N=C(NCCCCCN1CCCCCC1)NCC12CC3CC(CC(C3)C1)C2,1,8.17,2000.0,ChEMBL
N=C(NCCCCCN1CCCCCCC1)NCC12CC3CC(CC(C3)C1)C2,1,8.02,2000.0,ChEMBL
N=C(NCCCCN1CCCC1)NCCc1ccc(Cl)cc1,1,6.47,2000.0,ChEMBL
N=C(NCCCCN1CCCC1)NCc1ccc(Cl)cc1,1,6.63,2000.0,ChEMBL
N=C(NCCCN1CCCC1)NCCc1ccc(Cl)cc1,1,7.15,2000.0,ChEMBL
N=C(NCCCOc1ccc(F)cc1)Nc1ccc(C(F)(F)F)cc1,1,7.34,2017.0,ChEMBL
N=C(NCCCOc1ccc(F)cc1)Nc1ccc(Cl)cc1,1,7.42,2017.0,ChEMBL
N=C(NCCCOc1ccc(F)cc1)Nc1ccc(I)cc1,1,7.34,2017.0,ChEMBL
N=C(NCCSC(c1ccccc1)c1ccccc1)NCCc1c[nH]cn1,1,8.22,2005.0,ChEMBL
N=C(NCc1ccccc1)NCc1ccccc1,1,7.56,1998.0,ChEMBL
N=C(NCc1ccccc1)Nc1cccc2ccccc12,1,6.85,1994.0,ChEMBL
N=C(NCc1ccccc1)Nc1nc(-c2cc3ccccc3[nH]2)cs1,0,4.57,2005.0,ChEMBL
N=C(Nc1ccc(Br)cc1)Nc1ccc(Br)cc1,1,6.46,1994.0,ChEMBL
N=C(Nc1ccc(F)cc1)NC12CC3CC(CC(C3)C1)C2,1,8.05,1991.0,ChEMBL
N=C(Nc1ccc(I)cc1)NC12CC3CC(CC(C3)C1)C2,1,8.56,2017.0,ChEMBL
N=C(Nc1ccc(I)cc1)Nc1ccc(I)cc1,1,8.52,2017.0,ChEMBL
N=C(Nc1ccc2ccccc2c1)Nc1ccc2ccccc2c1,1,7.04,1994.0,ChEMBL
N=C(Nc1cccc(F)c1)NC12CC3CC(CC(C3)C1)C2,1,7.89,1991.0,ChEMBL
N=C(Nc1cccc(I)c1)NC12CC3CC(CC(C3)C1)C2,1,8.1,1991.0,ChEMBL
N=C(Nc1cccc(I)c1)Nc1cccc(I)c1,1,6.83,1994.0,ChEMBL
N=C(Nc1cccc2c1CCC2)Nc1cccc2c1CCC2,1,7.54,1994.0,ChEMBL
N=C(Nc1cccc2c1CCCC2)Nc1cccc2c1CCCC2,1,7.23,1994.0,ChEMBL
N=C(Nc1cccc2ccccc12)N1CCC(c2ccccc2)CC1,1,6.46,1994.0,ChEMBL
N=C(Nc1cccc2ccccc12)NC1Cc2ccccc2C1,1,6.62,1994.0,ChEMBL
N=C(Nc1cccc2ccccc12)Nc1cccc2ccccc12,1,6.83,1994.0,ChEMBL
N=C(Nc1ccccc1)Nc1ccccc1,1,6.4,1994.0,ChEMBL
N=C(Nc1ccccc1-c1ccccc1)NC12CC3CC(CC(C3)C1)C2,1,6.52,1990.0,ChEMBL
N=C(Nc1ccccc1-c1ccccc1)Nc1cccc2ccccc12,1,6.03,1990.0,ChEMBL
N=C(Nc1ccccc1C(F)(F)F)Nc1ccccc1C(F)(F)F,1,6.395,1990.0,ChEMBL
N=C(Nc1ccccc1F)NC12CC3CC(CC(C3)C1)C2,1,8.1,1991.0,ChEMBL
N=C(Nc1ccccc1I)NC12CC3CC(CC(C3)C1)C2,1,8.21,1991.0,ChEMBL
N=C(Nc1ccccc1I)NC1CC2CCC1C2,1,8.350000000000001,1990.0,ChEMBL
N=C(Nc1ccccc1I)Nc1cccc2ccccc12,1,7.4,1994.0,ChEMBL
N=C(Nc1ccccc1I)Nc1ccccc1I,1,7.85,1994.0,ChEMBL
N=C1N(c2ccccc2)CCN1c1ccccc1,1,6.47,1990.0,ChEMBL
NC(=O)C1CCN(CCCN2c3ccccc3Sc3ccc(Cl)cc32)CC1,1,7.130000000000001,,ChEMBL
NC(=O)c1ccc(-c2cc(C(=O)O)cc(-c3cn(-c4ccc(C(F)(F)F)cc4)nn3)c2)cc1,1,6.3,2020.0,ChEMBL
NC(=O)c1ccc(-n2nc3c(c2C(=O)N2CCCCC2)CC(NCCc2ccccc2)CC3)cc1,1,6.2,2019.0,ChEMBL
NC(=O)c1cccc(CNC2CCN(c3ccc(F)c(Cl)c3)C2)c1,1,6.66,2020.0,ChEMBL
NC(CCCN1CCN(c2ncc(F)cn2)CC1)C1CCCCC1,1,7.28,1994.0,ChEMBL
NC(CCCN1CCN(c2ncc(F)cn2)CC1)c1ccc(F)c2ccccc12,1,6.67,1994.0,ChEMBL
NC12CC3CC(CC(C3)C1)C2,1,7.69,1996.0,ChEMBL
NCC(=O)N1CCN(CCCc2ccccc2)CC1,1,8.39,1998.0,ChEMBL
NCCC(=O)N1CCN(CCCc2ccccc2)CC1,1,6.83,1998.0,ChEMBL
NCCCC(=O)N1CCN(CCCc2ccccc2)CC1,1,6.7,1998.0,ChEMBL
NCCCCCC1CCCCC1,1,6.72,1994.0,ChEMBL
NCCCCN1CCN(CCCc2ccccc2)CC1,1,6.75,1998.0,ChEMBL
NCCCC[C@@H]1C(=O)N([C@@H](CC2CCCCC2)C(N)=O)C(=O)N1Cc1ccccc1,1,6.59,1998.0,ChEMBL
NCCCC[C@@H]1C(=O)N([C@H](CC2CCCCC2)C(N)=O)C(=O)N1Cc1ccccc1,1,6.72,1998.0,ChEMBL
NCCCN1CCN(CCCc2ccccc2)CC1,1,6.74,1998.0,ChEMBL
NCCC[C@H]1C(=O)N([C@H](CC2CCCCC2)C(N)=O)C(=O)N1Cc1ccccc1,1,6.39,1998.0,ChEMBL
NCCN(CCc1ccc(Cl)c(Cl)c1)CCN1CCCC1,1,7.39,1994.0,ChEMBL
NCCN1CCN(CCCc2ccccc2)CC1,1,8.59,1998.0,ChEMBL
NCCNCCNCCc1ccc(Cl)c(Cl)c1,1,6.61,1994.0,ChEMBL
NCCNCCc1ccc(Cl)c(Cl)c1,1,6.484999999999999,1994.0,ChEMBL
Nc1ccc(CC(=O)NC2CCN(Cc3ccccc3)CC2)cc1,1,6.33,1998.0,ChEMBL
Nc1ccc(CCN2CCN(CCCc3ccccc3)CC2)cc1,1,8.39,1998.0,ChEMBL
Nc1ccc(CN2CCC(n3cc(Cc4ccc(Br)cc4)nn3)CC2)cc1,1,8.48,2022.0,ChEMBL
Nc1cccc(CCN2CCN(CCCc3ccccc3)CC2)c1,1,8.7,1998.0,ChEMBL
Nc1ccccc1CCN1CCN(CCCc2ccccc2)CC1,1,8.32,1998.0,ChEMBL
Nc1nc2c(c(N3CCNCC3)n1)CCC1=C2[C@@H]2CCCC[C@@H]2O1,1,6.33,2024.0,ChEMBL
Nc1ncnc2c1cnn2CCN1CCCCC1,0,4.75,2017.0,ChEMBL
O/N=C(/CCCN1CCCN(c2ccc(Cl)cn2)CC1)c1ccc(F)cc1,1,6.95,2019.0,ChEMBL
O/N=C(/CCCN1CCCN(c2ccccn2)CC1)c1ccc(F)cc1,1,7.16,2019.0,ChEMBL
O/N=C(/CCCN1CCCN(c2ncccn2)CC1)c1ccc(F)cc1,1,6.83,2019.0,ChEMBL
O/N=C(\CCCN1CCCN(c2ccc(Cl)cc2)CC1)c1ccc(F)cc1,1,8.29,2019.0,ChEMBL
O/N=C1/c2ccc(F)cc2CC1CCN1CCCN(c2ccc(Cl)cc2)CC1,1,6.58,2019.0,ChEMBL
O=C(/C=C/c1ccccc1)N(c1ccccc1)C1CCN(Cc2ccccc2)CC1.O=C(O)/C=C/C(=O)O,1,7.24,1994.0,ChEMBL
O=C(/C=C/c1ccccc1)N1CC[C@@H]2C[C@H]1c1cc(N3CCN(CCCF)CC3)ccc12,1,6.73,2023.0,ChEMBL
O=C(/C=C/c1ccccc1)NC1CCN(Cc2ccccc2)CC1.O=C(O)/C=C/C(=O)O,1,7.82,1994.0,ChEMBL
O=C(C#Cc1ccccc1)N(c1ccccc1)C1CCN(Cc2ccccc2)CC1.O=C(O)/C=C/C(=O)O,1,8.22,1994.0,ChEMBL
O=C(C#Cc1ccccc1)NC1CCN(Cc2ccccc2)CC1.O=C(O)/C=C/C(=O)O,1,8.1,1994.0,ChEMBL
O=C(CC1CCN(CC2CC2)CC1)c1ccc(F)cc1,1,8.0,1993.0,ChEMBL
O=C(CCC1CCN(CC2CCCCC2)CC1)c1cc(Cl)c2[nH]ccc2c1,1,8.29,2019.0,ChEMBL
O=C(CCC1CCN(Cc2ccccc2)CC1)c1ccc2[nH]ccc2c1,1,8.48,2019.0,ChEMBL
O=C(CCCCCN1CCN(c2noc3ccccc23)CC1)c1ccccc1O,1,7.21,2003.0,ChEMBL
O=C(CCCN1C2CCC1CC(c1ccccc1)C2)c1ccc(F)cc1,1,7.47,1997.0,ChEMBL
O=C(CCCN1C2CCC1c1c([nH]c3ccccc13)C2)c1ccc(F)cc1,1,6.72,1993.0,ChEMBL
O=C(CCCN1CCC(O)(c2ccc(Cl)cc2)CC1)c1ccc(F)cc1,1,8.45,2025.0,ChEMBL
O=C(CCCN1CCC(O)(c2cccc(C(F)(F)F)c2)CC1)c1ccc(F)cc1,1,9.08,2005.0,ChEMBL
O=C(CCCN1CCC2(CC1)C(=O)NCN2c1ccccc1)c1ccc(F)cc1,1,6.02,1994.0,ChEMBL
O=C(CCCN1CCC2(CCc3ccccc32)CC1)c1ccc(F)cc1,1,8.74,1997.0,ChEMBL
O=C(CCCN1CCCCC1)N1CCn2c(cc3cc(F)ccc32)C1,1,7.65,2018.0,ChEMBL
O=C(CCCN1CCCCC1)N1CCn2c(cc3ccccc32)C1,1,7.54,2018.0,ChEMBL
O=C(CCCN1CCCCCC1)N1CCn2c(cc3cc(F)ccc32)C1,1,7.66,2018.0,ChEMBL
O=C(CCCN1CCCN(c2ccc(Cl)cc2)CC1)c1ccc(F)cc1,1,7.625,2019.0,ChEMBL
O=C(CCCN1CCCN(c2ccc(Cl)cn2)CC1)c1ccc(F)cc1,1,7.52,2019.0,ChEMBL
O=C(CCCN1CCCN(c2ccccn2)CC1)c1ccc(F)cc1,1,6.77,2019.0,ChEMBL
O=C(CCCN1CCCN(c2ncccn2)CC1)c1ccc(F)cc1,1,7.2,2019.0,ChEMBL
O=C(CCCN1CCN(c2ccc(Cl)cn2)CC1)c1ccc(F)cc1,1,7.605,2019.0,ChEMBL
O=C(CCCN1CCN(c2ccccn2)CC1)c1ccc(F)cc1,1,6.39,2019.0,ChEMBL
O=C(CCCN1CC[Si](O)(c2ccc(Cl)cc2)CC1)c1ccc(F)cc1,1,8.47,2011.0,ChEMBL
O=C(CCN1CC=C(c2ccc(Cl)cc2)CC1)c1ccc(Br)cc1,1,7.0,1993.0,ChEMBL
O=C(CCN1CC=C(c2ccc(Cl)cc2)CC1)c1ccc(Cl)c(Cl)c1,1,6.8,1993.0,ChEMBL
O=C(CCN1CC=C(c2ccc(Cl)cc2)CC1)c1ccc(Cl)cc1,1,6.8,1993.0,ChEMBL
O=C(CCN1CC=C(c2ccc(Cl)cc2)CC1)c1ccc(F)c(F)c1,1,6.63,1993.0,ChEMBL
O=C(CCN1CC=C(c2ccc(Cl)cc2)CC1)c1ccc(F)cc1,1,6.3,1993.0,ChEMBL
O=C(CCN1CC=C(c2ccc(Cl)cc2)CC1)c1ccc2c(c1)OCO2,1,6.55,1993.0,ChEMBL
O=C(CCN1CC=C(c2ccc(Cl)cc2)CC1)c1ccccc1,1,9.3,1993.0,ChEMBL
O=C(CCN1CC=C(c2ccc(Cl)cc2)CC1)c1ccccc1Cl,1,6.98,1993.0,ChEMBL
O=C(CCN1CC=C(c2ccc(Cl)cc2)CC1)c1ccccc1F,1,6.4,1993.0,ChEMBL
O=C(CCN1CC=C(c2ccc(F)cc2)CC1)c1ccc(Br)cc1,1,7.18,1993.0,ChEMBL
O=C(CCN1CC=C(c2ccc(F)cc2)CC1)c1ccc(Cl)cc1,1,7.6,1993.0,ChEMBL
O=C(CCN1CC=C(c2ccc(F)cc2)CC1)c1ccc(F)cc1,1,7.64,1993.0,ChEMBL
O=C(CCN1CC=C(c2ccc(F)cc2)CC1)c1ccccc1,1,8.4,1993.0,ChEMBL
O=C(CCN1CC=C(c2ccccc2)CC1)c1ccccc1,1,8.1,1993.0,ChEMBL
O=C(CCN1CCC(c2ccccc2)CC1)c1ccccc1,1,8.15,1993.0,ChEMBL
O=C(CCN1CCCCCC1)N1CCn2c(cc3ccccc32)C1,1,7.96,2018.0,ChEMBL
O=C(CCc1ccccc1)N1CC[C@@H]2C[C@H]1c1cc(N3CCN(CCCF)CC3)ccc12,1,7.24,2023.0,ChEMBL
O=C(CN1C2CCC1CC(c1ccccc1)C2)c1ccc(F)cc1,1,6.55,1997.0,ChEMBL
O=C(CN1CCC(Cc2ccccc2)CC1)N1CCn2c(cc3ccccc32)C1,1,7.84,2018.0,ChEMBL
O=C(CN1CCCCC1)N1CCN(C2(c3ccccc3)C3CC4CC(C3)CC2C4)CC1,1,6.87,2015.0,ChEMBL
O=C(CN1CCCCC1)N1CCn2c(cc3ccccc32)C1,1,7.4,2018.0,ChEMBL
O=C(CN1CCCCC1)Nc1ccn(-c2ccc(Cl)c(Cl)c2)n1,1,7.09,2012.0,ChEMBL
O=C(CN1CCCCCC1)N1CCn2c(cc3cc(F)ccc32)C1,1,7.84,2018.0,ChEMBL
O=C(CN1CCCCCC1)N1CCn2c(cc3ccccc32)C1,1,7.99,2018.0,ChEMBL
O=C(CN1CCN(C2CCCC2)CC1)NC1CCCCC1,1,6.37,2013.0,ChEMBL
O=C(CN1CCN2CCCCC2C1)NC1CCCCC1,1,6.57,2013.0,ChEMBL
O=C(CN1CCN2CCC[C@@H]2C1)NC1CCCCC1,1,6.41,2013.0,ChEMBL
O=C(CN1CCNCC1)NC1CCCCC1,0,4.57,2013.0,ChEMBL
O=C(CN1CCNCC1)N[C@H]1C[C@@H]2CC[C@H]1C2,0,4.06,2013.0,ChEMBL
O=C(CSc1ncccn1)NC1CCN(Cc2ccccc2)CC1,1,6.82,2001.0,ChEMBL
O=C(Cc1c(Cl)cccc1Cl)NC1CCN(Cc2ccccc2)CC1,1,8.14,1998.0,ChEMBL
O=C(Cc1c(F)cccc1F)NC1CCN(Cc2ccccc2)CC1,1,8.24,1998.0,ChEMBL
O=C(Cc1c[nH]c2ccc(Br)cc12)NC1CCN(Cc2ccccc2)CC1,1,7.28,2001.0,ChEMBL
O=C(Cc1c[nH]c2ccccc12)NC1CCN(Cc2ccccc2)CC1,1,7.96,2001.0,ChEMBL
O=C(Cc1c[nH]cn1)NC1CCN(Cc2ccccc2)CC1,1,6.61,2001.0,ChEMBL
O=C(Cc1cc(F)cc(F)c1)NC1CCN(Cc2ccccc2)CC1,1,8.12,1998.0,ChEMBL
O=C(Cc1cc(F)ccc1F)NC1CCN(Cc2ccccc2)CC1,1,8.38,1998.0,ChEMBL
O=C(Cc1ccc(Br)cc1)NC1CCN(Cc2ccccc2)CC1,1,8.4,1998.0,ChEMBL
O=C(Cc1ccc(C(F)(F)F)cc1)NC1CCN(Cc2ccccc2)CC1,1,8.01,1998.0,ChEMBL
O=C(Cc1ccc(Cl)c(Cl)c1)N1CCN(CCCc2ccccc2)CC1,1,7.55,1998.0,ChEMBL
O=C(Cc1ccc(Cl)c(Cl)c1)NC1CCN(Cc2ccccc2)CC1,1,8.28,1998.0,ChEMBL
O=C(Cc1ccc(Cl)c(Cl)c1)N[C@@H]1CCCC[C@@H]1N1CCCC1,1,7.95,1991.0,ChEMBL
O=C(Cc1ccc(Cl)c(Cl)c1)N[C@H]1CCCC[C@H]1N1CCCC1,1,6.84,1991.0,ChEMBL
O=C(Cc1ccc(Cl)c(Cl)c1)OCCN1CCCC1,1,8.31,2000.0,ChEMBL
O=C(Cc1ccc(Cl)cc1)NC1CCN(Cc2ccccc2)CC1,1,8.19,1998.0,ChEMBL
O=C(Cc1ccc(Cl)cc1Cl)NC1CCN(Cc2ccccc2)CC1,1,8.02,1998.0,ChEMBL
O=C(Cc1ccc(F)c(F)c1)NC1CCN(Cc2ccccc2)CC1,1,8.5,1998.0,ChEMBL
O=C(Cc1ccc(F)cc1)NC1CCN(Cc2ccccc2)CC1,1,8.46,1998.0,ChEMBL
O=C(Cc1ccc(F)cc1F)NC1CCN(Cc2ccccc2)CC1,1,8.41,1998.0,ChEMBL
O=C(Cc1ccc(I)cc1)NC1CCN(Cc2ccccc2)CC1,1,7.86,2001.0,ChEMBL
O=C(Cc1ccc(O)c(Cl)c1)NC1CCN(Cc2ccccc2)CC1,1,7.62,1998.0,ChEMBL
O=C(Cc1ccc(O)cc1)NC1CCN(Cc2ccccc2)CC1,1,6.54,1998.0,ChEMBL
O=C(Cc1ccc([N+](=O)[O-])cc1)N1CCN(CCCc2ccccc2)CC1,1,7.85,1998.0,ChEMBL
O=C(Cc1ccc([N+](=O)[O-])cc1)NC1CCN(Cc2ccccc2)CC1,1,7.75,1998.0,ChEMBL
O=C(Cc1ccc([N+](=O)[O-])cc1[N+](=O)[O-])NC1CCN(Cc2ccccc2)CC1,1,7.85,1998.0,ChEMBL
O=C(Cc1ccc2c(c1)OCO2)NC1CCN(Cc2ccccc2)CC1,1,8.13,1998.0,ChEMBL
O=C(Cc1ccc2ccccc2c1)NC1CCN(Cc2ccccc2)CC1,1,7.21,2001.0,ChEMBL
O=C(Cc1cccc(Br)c1)NC1CCN(Cc2ccc(F)cc2)CC1,1,8.92,2001.0,ChEMBL
O=C(Cc1cccc(Br)c1)NC1CCN(Cc2ccc(I)cc2)CC1,1,8.75,2001.0,ChEMBL
O=C(Cc1cccc(Br)c1)NC1CCN(Cc2cccc(I)c2)CC1,1,8.46,2001.0,ChEMBL
O=C(Cc1cccc(Br)c1)NC1CCN(Cc2ccccc2)CC1,1,9.06,1998.0,ChEMBL
O=C(Cc1cccc(C(F)(F)F)c1)NC1CCN(Cc2ccccc2)CC1,1,8.41,1998.0,ChEMBL
O=C(Cc1cccc(Cl)c1)NC1CCN(Cc2ccc(F)cc2)CC1,1,8.94,2001.0,ChEMBL
O=C(Cc1cccc(Cl)c1)NC1CCN(Cc2ccc(I)cc2)CC1,1,8.49,2001.0,ChEMBL
O=C(Cc1cccc(Cl)c1)NC1CCN(Cc2cccc(I)c2)CC1,1,8.64,2001.0,ChEMBL
O=C(Cc1cccc(Cl)c1)NC1CCN(Cc2ccccc2)CC1,1,8.85,1998.0,ChEMBL
O=C(Cc1cccc(F)c1)NC1CCN(Cc2ccc(F)cc2)CC1,1,8.26,2001.0,ChEMBL
O=C(Cc1cccc(F)c1)NC1CCN(Cc2ccc(I)cc2)CC1,1,8.65,2001.0,ChEMBL
O=C(Cc1cccc(F)c1)NC1CCN(Cc2cccc(I)c2)CC1,1,8.37,2001.0,ChEMBL
O=C(Cc1cccc(F)c1)NC1CCN(Cc2ccccc2)CC1,1,8.61,1998.0,ChEMBL
O=C(Cc1cccc(O)c1)NC1CCN(Cc2ccccc2)CC1,1,6.96,1998.0,ChEMBL
O=C(Cc1cccc([N+](=O)[O-])c1)N1CCN(CCCc2ccccc2)CC1,1,8.12,1998.0,ChEMBL
O=C(Cc1cccc([N+](=O)[O-])c1)NC1CCN(Cc2ccccc2)CC1,1,8.34,1998.0,ChEMBL
O=C(Cc1cccc2ccccc12)NC1CCN(Cc2ccccc2)CC1,1,8.33,2001.0,ChEMBL
O=C(Cc1ccccc1)NC1CCN(CCc2ccccc2)CC1,1,7.5,2001.0,ChEMBL
O=C(Cc1ccccc1)NC1CCN(Cc2ccc(C(F)(F)F)cc2)CC1,1,7.06,2001.0,ChEMBL
O=C(Cc1ccccc1)NC1CCN(Cc2ccc(Cl)c(Cl)c2)CC1,1,8.14,2001.0,ChEMBL
O=C(Cc1ccccc1)NC1CCN(Cc2ccc(F)c(F)c2)CC1,1,8.2,2001.0,ChEMBL
O=C(Cc1ccccc1)NC1CCN(Cc2ccc(F)cc2)CC1,1,8.18,2001.0,ChEMBL
O=C(Cc1ccccc1)NC1CCN(Cc2ccc(I)cc2)CC1,1,8.04,2001.0,ChEMBL
O=C(Cc1ccccc1)NC1CCN(Cc2ccc([N+](=O)[O-])cc2)CC1,1,7.72,2001.0,ChEMBL
O=C(Cc1ccccc1)NC1CCN(Cc2ccc3c(c2)OCO3)CC1,1,8.4,2001.0,ChEMBL
O=C(Cc1ccccc1)NC1CCN(Cc2ccc3ccccc3c2)CC1,1,7.62,2001.0,ChEMBL
O=C(Cc1ccccc1)NC1CCN(Cc2cccc(C(F)(F)F)c2)CC1,1,6.85,2001.0,ChEMBL
O=C(Cc1ccccc1)NC1CCN(Cc2cccc(F)c2)CC1,1,8.09,2001.0,ChEMBL
O=C(Cc1ccccc1)NC1CCN(Cc2cccc(I)c2)CC1,1,8.17,2001.0,ChEMBL
O=C(Cc1ccccc1)NC1CCN(Cc2ccccc2)CC1,1,8.41,2001.0,ChEMBL
O=C(Cc1ccccc1)NC1CCN(Cc2ccccc2F)CC1,1,7.99,2001.0,ChEMBL
O=C(Cc1ccccc1)NC1CCN(Cc2ccccc2I)CC1,1,6.46,2001.0,ChEMBL
O=C(Cc1ccccc1Br)NC1CCN(Cc2ccccc2)CC1,1,8.54,1998.0,ChEMBL
O=C(Cc1ccccc1C(F)(F)F)NC1CCN(Cc2ccccc2)CC1,1,8.06,1998.0,ChEMBL
O=C(Cc1ccccc1Cl)NC1CCN(Cc2ccccc2)CC1,1,8.51,1998.0,ChEMBL
O=C(Cc1ccccc1F)NC1CCN(Cc2ccc(F)cc2)CC1,1,8.5,2001.0,ChEMBL
O=C(Cc1ccccc1F)NC1CCN(Cc2ccc(I)cc2)CC1,1,8.38,2001.0,ChEMBL
O=C(Cc1ccccc1F)NC1CCN(Cc2cccc(I)c2)CC1,1,7.81,2001.0,ChEMBL
O=C(Cc1ccccc1F)NC1CCN(Cc2ccccc2)CC1,1,8.445,2012.0,ChEMBL
O=C(Cc1ccccc1O)NC1CCN(Cc2ccccc2)CC1,1,7.73,1998.0,ChEMBL
O=C(Cc1ccccc1[N+](=O)[O-])N1CCN(CCCc2ccccc2)CC1,1,8.1,1998.0,ChEMBL
O=C(Cc1ccccc1[N+](=O)[O-])NC1CCN(Cc2ccccc2)CC1,1,7.57,1998.0,ChEMBL
O=C(Cc1ccccn1)NC1CCN(Cc2ccccc2)CC1,1,6.63,2001.0,ChEMBL
O=C(Cc1cccnc1)NC1CCN(Cc2ccccc2)CC1,1,6.57,2001.0,ChEMBL
O=C(Cc1cccs1)NC1CCN(Cc2ccccc2)CC1,1,8.41,2001.0,ChEMBL
O=C(Cc1ccncc1)NC1CCN(Cc2ccccc2)CC1,1,6.53,2001.0,ChEMBL
O=C(Cc1ccsc1)NC1CCN(Cc2ccccc2)CC1,1,8.14,2001.0,ChEMBL
O=C(NC1CCN(Cc2ccccc2)CC1)c1ccc(F)cc1,1,8.22,2022.0,ChEMBL
O=C(NC1CCN(Cc2ccccc2)CC1)c1ccc(I)cc1,1,8.77,2025.0,ChEMBL
O=C(NC1CCN(Cc2ccccc2)CC1)c1cccc(I)c1,1,8.52,1994.0,ChEMBL
O=C(NC1CCN(Cc2ccccc2)CC1)c1ccccc1I,1,8.79,1994.0,ChEMBL
O=C(NCCCN1CCN(Cc2c(F)cccc2Cl)CC1)[C@H]1C[C@@H]1c1ccccc1,1,7.6,2011.0,ChEMBL
O=C(NCCCN1Cc2ccccc2C1)c1ccc(Cl)cc1,1,7.72,2017.0,ChEMBL
O=C(NCCCNC1CCCCC1)[C@H]1C[C@@H]1c1ccccc1,1,6.8,2011.0,ChEMBL
O=C(NCCCNCN1Cc2ccccc2C1)c1ccc(Cl)cc1,1,7.72,2019.0,ChEMBL
O=C(NCCN1CCCC1)[C@H]1C[C@@H]1c1ccccc1,1,7.2,2011.0,ChEMBL
O=C(NCCN1CCN(C(=O)c2c(F)cccc2Cl)CC1)[C@H]1C[C@@H]1c1ccccc1,1,6.2,2011.0,ChEMBL
O=C(NCCN1CCN(Cc2c(F)cccc2Cl)CC1)[C@H]1C[C@@H]1c1ccccc1,1,7.6,2011.0,ChEMBL
O=C(NCCN1CCN(Cc2ccc(Cl)c(Cl)c2)CC1)[C@H]1C[C@@H]1c1ccccc1,1,8.0,2011.0,ChEMBL
O=C(NCCN1CCN(Cc2ccccc2)CC1)[C@H]1C[C@@H]1c1ccccc1,1,7.8,2011.0,ChEMBL
O=C(Nc1cc(F)cc2cccnc12)c1cnc(NCCN2CCCC2)cn1,1,6.68,2023.0,ChEMBL
O=C(Nc1ccc(Cl)cc1Cl)Nc1ncnc2c1cnn2CCN1CCCCC1,1,6.85,2017.0,ChEMBL
O=C(Nc1cccc2ccccc12)NC1CCN(Cc2ccccc2)CC1,1,7.64,2001.0,ChEMBL
O=C(Nc1cccnn1)N1CC(C/C=C/c2cncc(Oc3ccc(C(F)(F)F)cn3)n2)C1,1,6.33,2023.0,ChEMBL
O=C(Nc1cccnn1)N1CCC(=Cc2cccc(Oc3ccc(C(F)(F)F)cn3)c2)CC1,1,6.33,2023.0,ChEMBL
O=C(Nc1ncnc2c1cnn2CCCCN1CCOCC1)C12CC3CC(CC(C3)C1)C2,1,6.11,2017.0,ChEMBL
O=C(Nc1ncnc2c1cnn2CCN1CCCC1)C1CC1,0,4.49,2017.0,ChEMBL
O=C(Nc1ncnc2c1cnn2CCN1CCCC1)C1CCC1,1,6.14,2017.0,ChEMBL
O=C(Nc1ncnc2c1cnn2CCN1CCCC1)C1CCCC1,1,6.94,2017.0,ChEMBL
O=C(Nc1ncnc2c1cnn2CCN1CCCC1)C1CCCCC1,1,7.01,2017.0,ChEMBL
O=C(Nc1ncnc2c1cnn2CCN1CCCCC1)C12CC3CC(CC(C3)C1)C2,1,7.6,2017.0,ChEMBL
O=C(Nc1ncnc2c1cnn2CCN1CCCCC1)C12CC3CC(CC1C3)C2,1,7.26,2017.0,ChEMBL
O=C(Nc1ncnc2c1cnn2CCN1CCCCC1)NC12CC3CC(CC(C3)C1)C2,1,6.74,2017.0,ChEMBL
O=C(Nc1ncnc2c1cnn2CCN1CCCCC1)NC1CCCC1,1,6.72,2017.0,ChEMBL
O=C(Nc1ncnc2c1cnn2CCN1CCCCC1)NC1CCCCC1,1,6.09,2017.0,ChEMBL
O=C(Nc1ncnc2c1cnn2CCN1CCCCC1)c1ccc(Cl)cc1Cl,1,6.54,2017.0,ChEMBL
O=C(Nc1ncnc2c1cnn2CCN1CCCCCC1)C12CC3CC(CC(C3)C1)C2,1,8.05,2017.0,ChEMBL
O=C(Nc1ncnc2c1cnn2CCN1CCCCCC1)C12CC3CC(CC1C3)C2,1,7.82,2017.0,ChEMBL
O=C(Nc1ncnc2c1cnn2CCN1CCCCCC1)C1CCC(F)(F)CC1,1,7.26,2017.0,ChEMBL
O=C(Nc1ncnc2c1cnn2CCN1CCCCCC1)C1CCCC1,1,7.8,2017.0,ChEMBL
O=C(Nc1ncnc2c1cnn2CCN1CCCCCC1)C1CCCCC1,1,7.75,2017.0,ChEMBL
O=C(Nc1ncnc2c1cnn2CCN1CCCCCC1)C1CCOCC1,1,6.29,2017.0,ChEMBL
O=C(Nc1ncnc2c1cnn2CCN1CCCCCC1)NC1CC1,1,7.0,2017.0,ChEMBL
O=C(Nc1ncnc2c1cnn2CCN1CCCCCC1)NC1CCCC1,1,7.68,2017.0,ChEMBL
O=C(Nc1ncnc2c1cnn2CCN1CCCCCC1)NC1CCCCC1,1,6.92,2017.0,ChEMBL
O=C(Nc1ncnc2c1cnn2CCN1CCCCCC1)c1ccc(Cl)cc1Cl,1,7.24,2017.0,ChEMBL
O=C(Nc1ncnc2c1cnn2CCN1CCCCCC1)c1ccc(F)cc1,1,6.81,2017.0,ChEMBL
O=C(O)/C=C/C(=O)O.O=C1c2c(F)cc(F)cc2CCC12CCN(CCc1ccccc1)CC2,1,8.7,1994.0,ChEMBL
O=C(O)/C=C\C(=O)O.OC1CN(CCCOCCc2ccc3sccc3c2)C1,1,7.8,2020.0,ChEMBL
O=C(O)C(=O)O.O=C(O)C(=O)O.c1ccc(CN2CCN(CC3CSCS3)CC2)cc1,1,8.68,2020.0,ChEMBL
O=C(O)C(=O)O.c1ccc(CC2CCN(CC3CSC4(CCCC4)S3)CC2)cc1,1,8.38,2020.0,ChEMBL
O=C(O)C(=O)O.c1ccc(CC2CCN(CC3CSC4(CCCCCC4)S3)CC2)cc1,1,8.77,2020.0,ChEMBL
O=C(O)C(=O)O.c1ccc(CC2CCN(CC3CSC4(S3)c3ccccc3-c3ccccc34)CC2)cc1,1,7.27,2020.0,ChEMBL
O=C(O)C(=O)O.c1ccc(CC2CCN(CC3CSCS3)CC2)cc1,1,9.3,2020.0,ChEMBL
O=C(O)C(=O)O.c1ccc(CC2CCN(C[C@@H]3CS[C@@]4(CCCCc5ccccc54)S3)CC2)cc1,1,7.17,2020.0,ChEMBL
O=C(O)C(=O)O.c1ccc(CC2CCN(C[C@@H]3CS[C@@]4(CCCc5ccccc54)S3)CC2)cc1,1,7.28,2020.0,ChEMBL
O=C(O)C(=O)O.c1ccc(CC2CCN(C[C@@H]3CS[C@]4(CCCc5ccccc54)S3)CC2)cc1,1,6.89,2020.0,ChEMBL
O=C(O)C(=O)O.c1ccc(CC2CCN(C[C@@H]3CS[C@]4(CCc5ccccc54)S3)CC2)cc1,1,7.15,2020.0,ChEMBL
O=C(O)C(=O)O.c1ccc(CC2CCN(C[C@H]3CS[C@@]4(CCCCc5ccccc54)S3)CC2)cc1,1,6.71,2020.0,ChEMBL
O=C(O)C(=O)O.c1ccc(CC2CCN(C[C@H]3CS[C@]4(CCc5ccccc54)S3)CC2)cc1,1,6.97,2020.0,ChEMBL
O=C(O)C1CN(Cc2ccc(OCc3ccc(Cl)c(Cl)c3)cc2)C1,1,6.31,2024.0,ChEMBL
O=C(O)CC(O)C(=O)O.O=C1c2ccccc2CCC12CCN(Cc1ccc(C(F)(F)F)cc1)CC2,1,7.62,1994.0,ChEMBL
O=C(O)CC(O)C(=O)O.O=C1c2ccccc2CCC12CCN(Cc1ccc3ccccc3c1)CC2,1,7.96,1994.0,ChEMBL
O=C(O)c1cc(-c2ccc(C3CCCNCC3)cc2)c2ccc(-c3ccc(C(F)(F)F)cc3)cc2c1,1,6.05,2023.0,ChEMBL
O=C(O)c1ccc(CCN2CCN(C/C=C/c3ccc(Cl)cc3)CC2)cc1,1,6.17,2005.0,ChEMBL
O=C(OCCN1CCOCC1)C1(c2ccccc2)CCCCC1,1,7.33,2022.0,ChEMBL
O=C(OCc1cc(Cl)cc(Cl)c1)N1CC[C@@H]2C[C@H]1c1cc(N3CCN(CCCF)CC3)ccc12,1,7.12,2023.0,ChEMBL
O=C(OCc1ccc(C(F)(F)F)cc1)N1CC[C@@H]2C[C@H]1c1cc(N3CCN(CCCF)CC3)ccc12,1,7.17,2023.0,ChEMBL
O=C(OCc1ccc(Cl)cc1)N1CC[C@@H]2C[C@H]1c1cc(N3CCN(CCCF)CC3)ccc12,1,7.02,2023.0,ChEMBL
O=C(OCc1ccc(F)cc1)N1CC[C@@H]2C[C@H]1c1cc(N3CCN(CCCF)CC3)ccc12,1,7.17,2023.0,ChEMBL
O=C(OCc1cccc(F)c1)N1CC[C@@H]2C[C@H]1c1cc(N3CCN(CCCF)CC3)ccc12,1,7.76,2023.0,ChEMBL
O=C(OCc1ccccc1)N1CCCCC1c1cccc(N2CCN(C3CCCC3)CC2)c1,1,8.1,2022.0,ChEMBL
O=C(OCc1ccccc1)N1CCCCC1c1cccc(N2CCN(CCCO)CC2)c1,1,7.745,2022.0,ChEMBL
O=C(OCc1ccccc1)N1CCCc2ccc(N3CCN(C4CCCC4)CC3)cc2C1,1,7.31,2021.0,ChEMBL
O=C(OCc1ccccc1)N1CCOCC1c1cccc(N2CCN(C3CCCC3)CC2)c1,1,7.805,2022.0,ChEMBL
O=C(OCc1ccccc1)N1CCOCC1c1cccc(N2CCN(CCCO)CC2)c1,1,6.61,2022.0,ChEMBL
O=C(OCc1ccccc1)N1CC[C@@H]2C[C@@H]1c1cc(N3CCN(C4CCCC4)CC3)ccc12,1,6.77,2021.0,ChEMBL
O=C(OCc1ccccc1)N1CC[C@@H]2C[C@@H]1c1cc(N3CCN(C4CCCCC4)CC3)ccc12,1,7.57,2021.0,ChEMBL
O=C(OCc1ccccc1)N1CC[C@@H]2C[C@H]1c1cc(N3C4CCC3CN(CCCF)C4)ccc12,1,6.99,2023.0,ChEMBL
O=C(OCc1ccccc1)N1CC[C@@H]2C[C@H]1c1cc(N3CC4(CCN(CCCF)CC4)C3)ccc12,1,7.43,2023.0,ChEMBL
O=C(OCc1ccccc1)N1CC[C@@H]2C[C@H]1c1cc(N3CC4CCC(C3)N4CCCF)ccc12,1,7.15,2023.0,ChEMBL
O=C(OCc1ccccc1)N1CC[C@@H]2C[C@H]1c1cc(N3CCCN(CCCF)CC3)ccc12,1,7.93,2023.0,ChEMBL
O=C(OCc1ccccc1)N1CC[C@@H]2C[C@H]1c1cc(N3CCN(C4CCC4)CC3)ccc12,1,7.48,2023.0,ChEMBL
O=C(OCc1ccccc1)N1CC[C@@H]2C[C@H]1c1cc(N3CCN(CCCF)CC3)ccc12,1,7.42,2023.0,ChEMBL
O=C(OCc1ccccc1)N1CC[C@@H]2C[C@H]1c1cc(N3CCN(CCO)CC3)ccc12,1,6.29,2023.0,ChEMBL
O=C(OCc1ccccc1)N1CC[C@H]2C[C@@H]1c1cc(N3CCN(C4CCC4)CC3)ccc12,1,7.29,2023.0,ChEMBL
O=C(OCc1ccccc1)N1CC[C@H]2C[C@@H]1c1cc(N3CCN(CCCF)CC3)ccc12,1,7.09,2023.0,ChEMBL
O=C(OCc1ccccc1)N1CCc2ccc(N3CCN(C4CCC4)CC3)cc2C1,1,6.74,2021.0,ChEMBL
O=C(OCc1ccccc1)N1CCc2ccc(N3CCN(C4CCCC4)CC3)cc2C1,1,7.29,2021.0,ChEMBL
O=C(OCc1ccccc1)N1CCc2ccc(N3CCN(C4CCCCC4)CC3)cc2C1,1,7.46,2021.0,ChEMBL
O=C(OCc1ccccc1)N1CCc2cccc(N3CCN(C4CCCC4)CC3)c2C1,1,7.01,2021.0,ChEMBL
O=C(OCc1ccccc1)N1Cc2ccc(N3CCN(C4CCCC4)CC3)cc2C1,1,7.36,2021.0,ChEMBL
O=C(OCc1ccccc1F)N1CC[C@@H]2C[C@H]1c1cc(N3CCN(CCCF)CC3)ccc12,1,7.58,2023.0,ChEMBL
O=C([C@H]1C[C@@H]1c1ccc(F)cc1)N1CCC(CNCC2CCCCC2)CC1,1,7.1,2011.0,ChEMBL
O=C([C@H]1C[C@@H]1c1ccc(F)cc1)N1CCC(N2CCCCC2)CC1,1,7.0,2011.0,ChEMBL
O=C([C@H]1C[C@@H]1c1ccccc1)N1CCC(N2CCCC2)CC1,1,6.7,2011.0,ChEMBL
O=C([C@H]1C[C@@H]1c1ccccc1)N1CCC(N2CCCCC2)CC1,1,7.1,2011.0,ChEMBL
O=C(c1c2c(nn1-c1ccc(F)cc1)CCC(NCCc1ccncc1)C2)N1CCCCC1,1,7.0,2019.0,ChEMBL
O=C(c1c2c(nn1-c1ccc(F)cc1)CCC(NCc1ccc(F)cc1)C2)N1CCCCC1,1,7.785,2019.0,ChEMBL
O=C(c1c2c(nn1-c1ccc(O)cc1)CCC(NCCc1ccccc1)C2)N1CCCCC1,1,6.5,2019.0,ChEMBL
O=C(c1c2c(nn1-c1ccccc1)CCC(NCCc1ccc(C(F)(F)F)cc1)C2)N1CCCCC1,1,6.7,2019.0,ChEMBL
O=C(c1c2c(nn1-c1ccccc1)CCC(NCCc1ccc3c(c1)OCO3)C2)N1CCCCC1,1,7.2,2019.0,ChEMBL
O=C(c1c2c(nn1-c1ccccc1)CCC(NCc1ccc(F)cc1)C2)N1CCCCC1,1,7.5,2019.0,ChEMBL
O=C(c1c2c(nn1-c1ccccc1)CCC(NCc1ccccc1)C2)N1CCCCC1,1,7.4,2019.0,ChEMBL
O=C(c1ccc(C(F)(F)F)cc1)N1CCN(Cc2ccccc2)CC1,1,6.04,2020.0,ChEMBL
O=C(c1ccc(F)cc1)C1CCN(CCn2c(=O)[nH]c3ccccc3c2=O)CC1,1,9.0,1994.0,ChEMBL
O=C(c1ccc(OCCN2CCCCC2)cc1)c1c(-c2ccc(O)cc2)sc2cc(O)ccc12,1,6.54,2005.0,ChEMBL
O=C(c1ccccc1)N1CCC[C@@H]2C[C@@H](O)[C@H](N3CCC(c4ccccc4)CC3)C[C@H]21,1,6.6850000000000005,1999.0,ChEMBL
O=C(c1ccccc1)N1CCN(CCCCc2ccccc2)CC1,1,6.9,1991.0,ChEMBL
O=C(c1ccccc1)N1CCNCC1,0,4.95,1991.0,ChEMBL
O=C(c1ccccc1)c1ccc2c(c1)sc(=O)n2CCN1CCCC1,1,7.27,1998.0,ChEMBL
O=C(c1ccco1)N(Cc1cccc(F)c1)C1CCN(CCc2ccccc2)CC1,1,7.44,2023.0,ChEMBL
O=C(c1nn(-c2ccccc2)c2c1CC(N1CCc3ccccc3C1)CC2)N1CCCCC1,1,6.0,2021.0,ChEMBL
O=C(c1nn(-c2ccccc2)c2c1CC(NCCc1ccc(C(F)(F)F)cc1)CC2)N1CCCCC1,1,6.5,2019.0,ChEMBL
O=C(c1nn(-c2ccccc2)c2c1CC(NCCc1ccc(F)cc1)CC2)N1CCCCC1,1,6.9,2019.0,ChEMBL
O=C(c1nn(-c2ccccc2)c2c1CC(NCCc1ccc3c(c1)OCO3)CC2)N1CCCCC1,1,6.3,2019.0,ChEMBL
O=C(c1nn(-c2ccccc2)c2c1CC(NCCc1cccc(O)c1)CC2)N1CCCCC1,1,6.7,2019.0,ChEMBL
O=C(c1nn(-c2ccccc2)c2c1CC(NCCc1ncc[nH]1)CC2)N1CCCCC1,1,6.0,2021.0,ChEMBL
O=C(c1nn(-c2ccccc2)c2c1CC(NCc1ccc(F)cc1)CC2)N1CCCCC1,1,6.8,2019.0,ChEMBL
O=C(c1nn(-c2ccccc2)c2c1CC(NCc1ccccc1)CC2)N1CCCCC1,1,6.2,2019.0,ChEMBL
O=C(c1nn(Cc2ccccc2)c2c1CC(NCCc1ccncc1)CC2)N1CCCCC1,1,6.6,2019.0,ChEMBL
O=C(c1nn(Cc2ccccc2)c2c1CC(NCc1ccc(F)cc1)CC2)N1CCCCC1,1,6.6,2019.0,ChEMBL
O=C1C(CCN2CCCN(c3ccc(Cl)cc3)CC2)=Cc2cc(Cl)ccc21,1,8.305,2019.0,ChEMBL
O=C1C(CCN2CCCN(c3ccc(Cl)cc3)CC2)=Cc2cc(F)ccc21,1,7.11,2019.0,ChEMBL
O=C1C(CO)OC2(CCN(CCc3ccccc3)CC2)CN1c1ccccc1,1,6.68,2020.0,ChEMBL
O=C1C(COCc2ccccc2)OC2(CCN(CCc3ccccc3)CC2)CN1c1ccccc1,1,7.4,2020.0,ChEMBL
O=C1C2Cc3ccccc3CN2C(=O)N1CCCN1Cc2ccccc2C1,1,8.28,2015.0,ChEMBL
O=C1CC(C2CCN(CCc3ccccc3)CC2)Oc2ccccc21,1,9.96,2010.0,ChEMBL
O=C1CC(C2CCN(Cc3ccccc3)CC2)Oc2ccccc21,1,10.18,2010.0,ChEMBL
O=C1CC(C2CCN(Cc3ccccc3)CC2)Sc2ccccc21,1,10.28,2010.0,ChEMBL
O=C1CC(CN2CCC(Cc3ccccc3)CC2)Cc2ccccc21,1,8.59,2005.0,ChEMBL
O=C1CC(CN2CCC(Cc3ccccc3)CC2)Oc2ccccc21,1,8.475,2005.0,ChEMBL
O=C1CC(CN2CCN(Cc3ccccc3)CC2)Cc2ccccc21,1,9.16,2005.0,ChEMBL
O=C1CC(CN2CCN(Cc3ccccc3)CC2)Oc2ccccc21,1,8.620000000000001,2005.0,ChEMBL
O=C1CC2(CCCC2)CC(=O)N1CCCCN1C2CCC1c1c([nH]c3ccccc13)C2,1,6.635,1993.0,ChEMBL
O=C1CC2(CCCC2)CC(=O)N1CCCCN1CCN(c2ncccn2)CC1,1,6.625,1995.0,ChEMBL
O=C1CC2(CCN(Cc3ccccc3)CC2)Oc2ccccc21,1,9.68,2010.0,ChEMBL
O=C1CC[C@@H]2CN(CC3CC3)CC[C@@]23c2cccc(O)c2O[C@@H]13,1,6.51,1994.0,ChEMBL
O=C1CC[C@H]2CN(CC3CC3)CC[C@@]23c2cccc(O)c2O[C@@H]13,1,6.15,1994.0,ChEMBL
O=C1CCc2ccccc2C12CCN(CCc1ccccc1)CC2,1,7.89,1994.0,ChEMBL
O=C1CNC(=O)N1,1,7.21,1999.0,ChEMBL
O=C1COC2(CCN(CCc3ccccc3)C2)CN1c1ccccc1,1,7.28,2020.0,ChEMBL
O=C1COC2(CCN(CCc3ccccc3)CC2)CN1c1ccccc1,1,7.24,2023.0,ChEMBL
O=C1COC2(CCN(Cc3ccccc3)CC2)CN1c1ccccc1,1,7.58,2020.0,ChEMBL
O=C1COc2cc(CN3CCN(c4ccc(Cl)cc4)CC3)ccc2N1,1,6.63,2017.0,ChEMBL
O=C1Cc2ccccc2C2(CCN(Cc3ccccc3)CC2)O1,1,7.53,2002.0,ChEMBL
O=C1N(CCN2CCCCC2)C[C@@H]2Cc3ccccc3CN12,1,7.27,2005.0,ChEMBL
O=C1N(c2ccccc2)CC2(CCN(CCc3ccccc3)CC2)OC12CC2,1,8.05,2020.0,ChEMBL
O=C1N(c2cccnc2C(F)(F)F)CC2(CCN(CCc3ccccc3F)CC2)OC12CC2,1,7.24,2023.0,ChEMBL
O=C1NC(c2ccccc2)(c2ccccc2)C(=O)N1CCCCCCN1CCC(c2ccccc2)CC1,1,8.875,1994.0,ChEMBL
O=C1NC(c2ccccc2)(c2ccccc2)C(=O)N1CCCCCCN1CCN(c2ccccc2)CC1,1,7.925,1994.0,ChEMBL
O=C1NC(c2ccccc2)(c2ccccc2)C(=O)N1CCCCCN1CCC(c2ccccc2)CC1,1,8.75,1981.0,ChEMBL
O=C1NC(c2ccccc2)(c2ccccc2)C(=O)N1CCCCCN1CCN(c2ccccc2)CC1,1,7.72,1994.0,ChEMBL
O=C1NC(c2ccccc2)(c2ccccc2)C(=O)N1CCCCN1CCC(c2ccccc2)CC1,1,8.04,1994.0,ChEMBL
O=C1NC(c2ccccc2)(c2ccccc2)C(=O)N1CCCCN1CCN(c2ccccc2)CC1,1,6.895,1994.0,ChEMBL
O=C1NC(c2ccccc2)(c2ccccc2)C(=O)N1CCCN1CCC(c2ccccc2)CC1,1,7.63,1994.0,ChEMBL
O=C1NC(c2ccccc2)(c2ccccc2)C(=O)N1CCN1CCC(c2ccccc2)CC1,1,7.57,1994.0,ChEMBL
O=C1NC(c2ccccc2)(c2ccccc2)C(=O)N1CCN1CCN(c2ccccc2)CC1,1,6.13,1994.0,ChEMBL
O=C1NCCn2nc3c(c21)CC(NCCc1ccc2c(c1)OCO2)CC3,1,6.0,2021.0,ChEMBL
O=C1NCN(c2ccccc2)C12CCN(CCCOc1ccc(F)cc1)CC2,1,6.39,2024.0,ChEMBL
O=C1NCN(c2ccccc2)C12CCN(Cc1cc3c(cc1Cl)OCO3)CC2,1,6.24,2001.0,ChEMBL
O=C1OC2(CCN(CCc3ccccc3)CC2)CN1c1ccccc1,1,7.26,2020.0,ChEMBL
O=C1OC2(CCN(Cc3ccccc3)CC2)c2ccccc21,1,7.67,2002.0,ChEMBL
O=C1O[C@@H](CN2CCC(O)(c3ccc4c(c3)OCO4)CC2)CN1c1ccc(Cl)cc1,1,8.52,1992.0,ChEMBL
O=C1O[C@@H](CN2CCC(O)(c3ccc4c(c3)OCO4)CC2)CN1c1ccc(F)cc1,1,7.8,1992.0,ChEMBL
O=C1O[C@@H](CN2CCC(O)(c3ccc4c(c3)OCO4)CC2)CN1c1ccc(O)cc1,1,7.62,1992.0,ChEMBL
O=C1O[C@@H](CN2CCC(O)(c3ccc4c(c3)OCO4)CC2)CN1c1ccc(OC(F)(F)F)cc1,1,9.0,1992.0,ChEMBL
O=C1O[C@@H](CN2CCC(O)(c3ccc4c(c3)OCO4)CC2)CN1c1ccc(OCC2CC2)cc1,1,8.7,1992.0,ChEMBL
O=C1O[C@@H](CN2CCC(O)(c3ccc4c(c3)OCO4)CC2)CN1c1ccccc1,1,8.3,1992.0,ChEMBL
O=C1[C@@H]2Cc3ccccc3CN2C(=O)N1C1CCN(Cc2ccccc2)CC1,1,8.62,2005.0,ChEMBL
O=C1[C@@H]2Cc3ccccc3CN2C(=O)N1CCCN1CCCCC1,1,7.67,2005.0,ChEMBL
O=C1[C@@H]2Cc3ccccc3CN2C(=O)N1CCCN1CCN(Cc2ccc3c(c2)OCO3)CC1,1,7.62,2005.0,ChEMBL
O=C1[C@@H]2Cc3ccccc3CN2C(=O)N1CCCN1CCN(Cc2ccccc2)CC1,1,7.5,2005.0,ChEMBL
O=C1[C@@H]2Cc3ccccc3CN2C(=O)N1CCCN1Cc2ccccc2C1,1,8.28,2015.0,ChEMBL
O=C1[C@@H]2Cc3ccccc3CN2C(=O)N1CCCNC1CCN(Cc2ccccc2)CC1,1,7.08,2005.0,ChEMBL
O=C1[C@@H]2Cc3ccccc3CN2C(=O)N1CCCNCCCCc1ccccc1,1,7.98,2005.0,ChEMBL
O=C1[C@@H]2Cc3ccccc3CN2C(=O)N1CCCNCc1ccccc1,1,8.02,2005.0,ChEMBL
O=C1[C@@H]2Cc3ccccc3CN2C(=O)N1CCN1CCCCC1,1,7.8,2005.0,ChEMBL
O=C1[C@@H]2Cc3ccccc3CN2C(=S)N1CCN1CCCCC1,1,9.05,2005.0,ChEMBL
O=C1[C@@H]2Cc3ccccc3N2C(=O)N1CCCN1CCCCC1,1,7.18,2005.0,ChEMBL
O=C1[C@H]2Cc3ccccc3CN2C(=O)N1CCN1CCCCC1,1,8.18,2005.0,ChEMBL
O=C1c2ccc(Cl)cc2CC1CCN1CCCN(c2ccc(Cl)cc2)CC1,1,7.585,2019.0,ChEMBL
O=C1c2ccc(Cl)cc2CC1CCN1CCN(c2ccc(Cl)cc2)CC1,1,7.68,2019.0,ChEMBL
O=C1c2ccc(Cl)cc2CCC12CCN(CCc1ccccc1)CC2,1,7.46,1994.0,ChEMBL
O=C1c2ccc(F)cc2CC1CCN1CCCN(c2ccc(Cl)cc2)CC1,1,7.2,2019.0,ChEMBL
O=C1c2ccc(F)cc2CC1CCN1CCCN(c2ccc(Cl)cn2)CC1,1,7.795,2019.0,ChEMBL
O=C1c2ccc(F)cc2CC1CCN1CCCN(c2ccccn2)CC1,1,7.36,2019.0,ChEMBL
O=C1c2ccc(F)cc2CCC1C1CCN(CCc2ccccc2)CC1,1,8.4,1994.0,ChEMBL
O=C1c2ccc(F)cc2CCC1C1CCN(Cc2ccccc2)CC1,1,8.05,1994.0,ChEMBL
O=C1c2ccccc2CC1CCN1CCCN(c2ccc(Cl)cc2)CC1,1,7.68,2019.0,ChEMBL
O=C1c2ccccc2CCC12CCN(Cc1ccccc1)CC2,1,8.85,1998.0,ChEMBL
O=C1c2ccccc2CCC1CN1CCC(Cc2ccccc2)CC1,1,8.045,2005.0,ChEMBL
O=C1c2ccccc2CCC1CN1CCN(Cc2ccccc2)CC1,1,9.125,2005.0,ChEMBL
O=C1c2ccccc2CCCC1CN1CCC(Cc2ccccc2)CC1,1,7.245,2005.0,ChEMBL
O=C1c2ccccc2OCC1CN1CCC(Cc2ccccc2)CC1,1,8.045,2005.0,ChEMBL
O=C1c2ccccc2OCC1CN1CCN(Cc2ccccc2)CC1,1,7.615,2005.0,ChEMBL
O=CCC1Cc2ccccc2C2(CCN(Cc3ccccc3)CC2)O1,1,7.26,2002.0,ChEMBL
O=CN1CCC(c2ccc(-c3cc(C(=O)O)cc4cc(-c5ccc(C(F)(F)F)cc5)ccc34)cc2)CC1,1,6.12,2021.0,ChEMBL
O=S(=O)(CCN1CCOCC1)OCCOc1ccn(-c2ccc(Cl)c(Cl)c2)n1,1,6.06,2012.0,ChEMBL
O=S(=O)(NC(CCCN1CCN(c2ncc(F)cn2)CC1)C1CCCCC1)c1ccc(F)cc1,1,6.3,1994.0,ChEMBL
O=S(=O)(NCCN1CCCC1)c1ccc(Br)cc1,1,8.18,1998.0,ChEMBL
O=S(=O)(NCCN1CCCC1)c1ccc(I)cc1,1,8.605,1998.0,ChEMBL
O=S(=O)(NCCN1CCCCC1)c1ccc(Br)cc1,1,8.81,1998.0,ChEMBL
O=S(=O)(NCCN1CCCCC1)c1ccc(I)cc1,1,9.34,1998.0,ChEMBL
O=S(=O)(NCCN1CCCCCC1)c1ccc(Br)cc1,1,9.2,1998.0,ChEMBL
O=S(=O)(NCCN1CCCCCC1)c1ccc(I)cc1,1,8.88,1998.0,ChEMBL
O=S(=O)(c1cc(Cl)cc(Cl)c1)N1CC[C@@H]2C[C@H]1c1cc(N3CCN(CCCF)CC3)ccc12,1,6.69,2023.0,ChEMBL
O=S(=O)(c1ccccc1)n1cc(CCCCN2CCC3(CC2)OCc2ccccc23)c2ccccc21,1,8.0,2013.0,ChEMBL
O=S1(=O)c2cccc3cccc(c23)N1CCCN1CCN(c2ccc(F)cc2)CC1,1,6.16,2024.0,ChEMBL
O=S1(=O)c2ccccc2CCC12CCN(Cc1ccccc1)CC2,1,7.7,1998.0,ChEMBL
O=[N+]([O-])c1ccc(CCN2CCN(CCCc3ccccc3)CC2)cc1,1,8.59,1998.0,ChEMBL
O=[N+]([O-])c1ccc(CN2CCC(n3cc(Cc4ccc(Br)cc4)nn3)CC2)cc1,1,7.92,2022.0,ChEMBL
O=[N+]([O-])c1ccc(OCC2CCN(CC3CC3)CC2)cc1,1,7.89,1997.0,ChEMBL
O=[N+]([O-])c1ccc(OCC2CCN(Cc3ccc(F)cc3)CC2)cc1,1,8.92,1997.0,ChEMBL
O=[N+]([O-])c1cccc(CCN2CCN(CCCc3ccccc3)CC2)c1,1,9.14,1998.0,ChEMBL
O=[N+]([O-])c1ccccc1CCN1CCN(CCCc2ccccc2)CC1,1,8.92,1998.0,ChEMBL
O=c1c(CN2CCC(Cc3ccccc3)CC2)coc2ccccc12,1,6.295,2005.0,ChEMBL
O=c1c(CN2CCN(Cc3ccccc3)CC2)coc2ccccc12,1,8.135,2005.0,ChEMBL
O=c1c(CO)coc2cc(OCCCN3CCC(c4noc5cc(F)ccc45)CC3)ccc12,1,6.31,1998.0,ChEMBL
O=c1c2c3c(sc2ncn1-c1ccc(F)cc1)CNCC3,1,6.36,2024.0,ChEMBL
O=c1c2c3c(sc2ncn1CC1CC1)CNCC3,1,6.47,2024.0,ChEMBL
O=c1c2c3c(sc2ncn1Cc1ccc(F)cc1)CNCC3,1,7.38,2024.0,ChEMBL
O=c1c2c3c(sc2ncn1[C@@H](c1ccccc1)C(F)(F)F)CNCC3,1,8.7,2024.0,ChEMBL
O=c1c2c3c(sc2ncn1[C@H](c1ccccc1)C(F)(F)F)CNCC3,1,7.68,2024.0,ChEMBL
O=c1cc(-c2ccc(Cl)cc2)oc2ccc(OCCCCCCN3CCC(O)CC3)cc12,1,6.75,1992.0,ChEMBL
O=c1cc(-c2ccc(F)cc2)oc2ccc(OCCCCCCN3CCC(O)CC3)cc12,1,6.949999999999999,1992.0,ChEMBL
O=c1cc(-c2cccc(Cl)c2)oc2ccc(OCCCCCCN3CCC(O)CC3)cc12,1,6.785,1992.0,ChEMBL
O=c1cc(-c2cccc(F)c2)oc2ccc(OCCCCCCN3CCC(O)CC3)cc12,1,6.74,1992.0,ChEMBL
O=c1cc(-c2ccccc2)oc2c(OCCCCCCN3CCC(O)CC3)cccc12,1,7.055,1992.0,ChEMBL
O=c1cc(-c2ccccc2)oc2cc(OCCCCCCCCN3CCC(O)CC3)ccc12,1,7.65,1992.0,ChEMBL
O=c1cc(-c2ccccc2)oc2cc(OCCCCCCCN3CCC(O)CC3)ccc12,1,7.76,1992.0,ChEMBL
O=c1cc(-c2ccccc2)oc2cc(OCCCCCCN3CCC(O)CC3)ccc12,1,7.255,1992.0,ChEMBL
O=c1cc(-c2ccccc2)oc2cc(OCCCCCN3CCC(O)CC3)ccc12,1,7.15,1992.0,ChEMBL
O=c1cc(-c2ccccc2)oc2cc(OCCCCN3CCC(O)CC3)ccc12,1,7.31,1992.0,ChEMBL
O=c1cc(-c2ccccc2)oc2ccc(OCCCCCCC3CCNC(CCO)C3)cc12,1,7.484999999999999,1992.0,ChEMBL
O=c1cc(-c2ccccc2)oc2ccc(OCCCCCCCCN3CCC(O)CC3)cc12,1,7.185,1992.0,ChEMBL
O=c1cc(-c2ccccc2)oc2ccc(OCCCCCCCN3CCC(O)CC3)cc12,1,6.89,1992.0,ChEMBL
O=c1cc(-c2ccccc2)oc2ccc(OCCCCCCN3CC=C(c4ccc(Cl)cc4)CC3)cc12,1,7.31,1992.0,ChEMBL
O=c1cc(-c2ccccc2)oc2ccc(OCCCCCCN3CCC(O)(c4ccc(Cl)cc4)CC3)cc12,1,7.12,1992.0,ChEMBL
O=c1cc(-c2ccccc2)oc2ccc(OCCCCCCN3CCC(O)CC3)cc12,1,6.96,1992.0,ChEMBL
O=c1cc(-c2ccccc2)oc2ccc(OCCCCCCN3CCC(n4c(O)nc5ccccc54)CC3)cc12,1,6.445,1992.0,ChEMBL
O=c1cc(-c2ccccc2)oc2ccc(OCCCCCCN3CCCC(O)C3)cc12,1,7.09,1992.0,ChEMBL
O=c1cc(-c2ccccc2)oc2ccc(OCCCCCCN3CCCC3)cc12,1,7.07,1992.0,ChEMBL
O=c1cc(-c2ccccc2)oc2ccc(OCCCCCCN3CCCCC3)cc12,1,7.135,1992.0,ChEMBL
O=c1cc(-c2ccccc2)oc2ccc(OCCCCCCN3CCCCCC3)cc12,1,7.54,1992.0,ChEMBL
O=c1cc(-c2ccccc2)oc2ccc(OCCCCCCN3CCN(c4ccc(Cl)cc4)CC3)cc12,1,7.065,1992.0,ChEMBL
O=c1cc(-c2ccccc2)oc2ccc(OCCCCCCN3CCNC(CCO)C3)cc12,1,7.115,1992.0,ChEMBL
O=c1cc(-c2ccccc2)oc2ccc(OCCCCCCN3CCNCC3c3ccccn3)cc12,1,6.33,1992.0,ChEMBL
O=c1cc(-c2ccccc2)oc2ccc(OCCCCCCN3CCOCC3)cc12,1,6.385,1992.0,ChEMBL
O=c1cc(-c2ccccc2)oc2ccc(OCCCCCN3CCC(O)CC3)cc12,1,6.625,1992.0,ChEMBL
O=c1cc(-c2ccccc2)oc2ccc(OCCCCN3CCC(O)CC3)cc12,1,6.525,1992.0,ChEMBL
O=c1cc(-c2ccccc2)oc2ccc(OCCCN3CCC(O)CC3)cc12,1,6.9,1992.0,ChEMBL
O=c1cc(-c2ccccc2)oc2cccc(OCCCCCCCN3CCC(O)CC3)c12,1,7.315,1992.0,ChEMBL
O=c1cc(-c2ccccc2)oc2cccc(OCCCCCCN3CCC(O)CC3)c12,1,6.825,1992.0,ChEMBL
O=c1cc(-c2ccccc2)oc2cccc(OCCCCCN3CCC(O)CC3)c12,1,7.05,1992.0,ChEMBL
O=c1cc(-c2ccccc2)oc2cccc(OCCCCN3CCC(O)CC3)c12,1,6.995,1992.0,ChEMBL
O=c1cc(-c2ccccc2)oc2cccc(OCCCN3CCC(O)CC3)c12,1,6.970000000000001,1992.0,ChEMBL
O=c1cc(-c2ccccc2Cl)oc2ccc(OCCCCCCN3CCC(O)CC3)cc12,1,7.435,1992.0,ChEMBL
O=c1cc(-c2ccccc2Cl)oc2ccc(OCCCCCCN3CCCCC3)cc12,1,7.21,1992.0,ChEMBL
O=c1cc(-c2cccnc2)oc2ccc(OCCCCCCN3CCC(O)CC3)cc12,1,6.695,1992.0,ChEMBL
O=c1cc(-c2cccnc2)oc2ccc(OCCCCCCN3CCCCC3)cc12,1,6.82,1992.0,ChEMBL
O=c1cc(-c2cccs2)oc2ccc(OCCCCCCN3CCC(O)CC3)cc12,1,6.775,1992.0,ChEMBL
O=c1cc(-c2cccs2)oc2ccc(OCCCCCCN3CCCCC3)cc12,1,7.14,1992.0,ChEMBL
O=c1cc(-c2ccncc2)oc2ccc(OCCCCCCN3CCC(O)CC3)cc12,1,6.654999999999999,1992.0,ChEMBL
O=c1cc(-c2ccncc2)oc2ccc(OCCCCCCN3CCCCC3)cc12,1,7.105,1992.0,ChEMBL
O=c1cc(C2CCC2)oc2ccc(OCCCCCCN3CCC(O)CC3)cc12,1,7.255,1992.0,ChEMBL
O=c1cc(C2CCC2)oc2ccc(OCCCCCCN3CCCCC3)cc12,1,7.38,1992.0,ChEMBL
O=c1cc(C2CCCC2)oc2ccc(OCCCCCCN3CCC(O)CC3)cc12,1,7.275,1992.0,ChEMBL
O=c1cc(C2CCCC2)oc2ccc(OCCCCCCN3CCCCC3)cc12,1,7.5,1992.0,ChEMBL
O=c1cc(C2CCCCC2)oc2ccc(OCCCCCCN3CCC(O)CC3)cc12,1,7.199999999999999,1992.0,ChEMBL
O=c1cc(C2CCCCC2)oc2ccc(OCCCCCCN3CCCCC3)cc12,1,7.38,1992.0,ChEMBL
O=c1cc(C2CCCCC2)oc2ccc(OCCCCCCN3CCOCC3)cc12,1,6.82,1992.0,ChEMBL
O=c1cc(C2CCCCC2)oc2ccc(OCCCCCN3CCC(O)CC3)cc12,1,6.69,1992.0,ChEMBL
O=c1cc(CN2CCC(Cc3ccccc3)CC2)oc2ccccc12,1,6.74,2005.0,ChEMBL
O=c1cc(CN2CCN(Cc3ccccc3)CC2)oc2ccccc12,1,8.42,2005.0,ChEMBL
O=c1ccc2ccc(OCCCCN3CCN(c4cccc5sccc45)CC3)cc2[nH]1,1,6.34,2024.0,ChEMBL
O=c1ccoc2ccc(OCCCCCN3CCCC3)cc12,1,7.06,2021.0,ChEMBL
O=c1ccoc2ccc(OCCCCCN3CCCCC3)cc12,1,6.67,2021.0,ChEMBL
O=c1ccoc2ccc(OCCCCCN3CCOCC3)cc12,1,7.71,2022.0,ChEMBL
O=c1ccoc2ccc(OCCCCN3CCCC3)cc12,1,6.64,2021.0,ChEMBL
O=c1ccoc2ccc(OCCCCN3CCCCC3)cc12,1,6.51,2021.0,ChEMBL
O=c1ccoc2ccc(OCCCCN3CCOCC3)cc12,1,7.62,2021.0,ChEMBL
O=c1ccoc2ccc(OCCCN3CCCC3)cc12,1,6.3,2021.0,ChEMBL
O=c1ccoc2ccc(OCCCN3CCCCC3)cc12,1,7.18,2021.0,ChEMBL
O=c1ccoc2ccc(OCCCN3CCCCCC3)cc12,1,7.57,2022.0,ChEMBL
O=c1ccoc2ccc(OCCCN3CCOCC3)cc12,1,6.61,2021.0,ChEMBL
O=c1ccoc2ccc(OCCN3CCCCC3)cc12,1,6.08,2021.0,ChEMBL
O=c1ccoc2ccc(OCCN3CCCCCC3)cc12,1,6.95,2021.0,ChEMBL
O=c1oc2cc(Cc3ccccc3)ccc2n1CCN1CCOCC1,1,7.14,1998.0,ChEMBL
O=c1sc2cc(Br)ccc2n1CCCN1Cc2ccccc2C1,1,8.24,2015.0,ChEMBL
O=c1sc2ccccc2n1CCCN1Cc2ccccc2C1,1,7.52,2015.0,ChEMBL
OC(CCCN1CCC(O)(c2ccc(Cl)cc2)CC1)c1ccc(F)cc1,1,7.84,2001.0,ChEMBL
OC(CCCN1CCCCC1)(c1ccccc1)c1ccccc1,1,6.779999999999999,,ChEMBL
OC(CCCN1CCN(c2ncc(F)cn2)CC1)C1CCCCC1,1,7.92,1994.0,ChEMBL
OC(CCCN1CCN(c2ncc(F)cn2)CC1)c1ccc(F)c2ccccc12,1,7.06,1994.0,ChEMBL
OC(CCCN1CCN(c2ncc(F)cn2)CC1)c1ccc(F)cc1,1,6.79,2002.0,ChEMBL
OC(CCN1CCCCC1)(c1ccccc1)C1CCCCC1,1,7.16,,ChEMBL
OC(CCN1CCN(CCCN(c2ccc(F)cc2)c2ccc(F)cc2)CC1)c1ccccc1,1,6.43,2003.0,ChEMBL
OC(CN1C2CCC1CC(c1ccccc1)C2)c1c(Cl)cccc1Cl,1,6.52,1997.0,ChEMBL
OC(CN1C2CCC1CC(c1ccccc1)C2)c1ccc(Br)cc1,1,7.76,1997.0,ChEMBL
OC(CN1C2CCC1CC(c1ccccc1)C2)c1ccc(Cl)c(Cl)c1,1,6.6,1997.0,ChEMBL
OC(CN1C2CCC1CC(c1ccccc1)C2)c1cccc(Br)c1,1,6.93,1997.0,ChEMBL
OC(CN1C2CCC1CC(c1ccccc1)C2)c1ccccc1,1,7.39,1997.0,ChEMBL
OC(CN1C2CCC1CC(c1ccccc1)C2)c1ccccc1Br,1,7.02,1997.0,ChEMBL
OC(COc1ccn(-c2ccc(Cl)c(Cl)c2)n1)CN1CCOCC1,1,6.89,2012.0,ChEMBL
OC(Cc1ccc(Br)cc1)CN1C2CCC1CC(c1ccccc1)C2,1,7.51,1997.0,ChEMBL
OC1(c2ccc(Cl)cc2)CC2CCC(C1)N2CCCCc1ccc(F)cc1,1,7.66,2019.0,ChEMBL
OC1(c2ccc(Cl)cc2)CC2CCC(C1)N2CCCOc1ccc(F)cc1,1,6.78,2019.0,ChEMBL
OC1(c2ccc(Cl)cc2)CC2CCC(C1)N2CCCSc1ccc(F)cc1,1,7.09,2019.0,ChEMBL
OC1(c2ccc(Cl)cc2)CC2CCC(C1)N2CCCSc1cccc(F)c1,1,7.15,2019.0,ChEMBL
OC1(c2ccc(Cl)cc2)CC2CCC(C1)N2CCCSc1ccccc1F,1,7.24,2019.0,ChEMBL
OC1(c2ccc(Cl)cc2)c2ccccc2C2=NCCN21,1,6.63,1994.0,ChEMBL
OC1(c2ccccc2)CCN(CCCc2ccccc2)CC1,1,8.52,1991.0,ChEMBL
OC12C3C4CC5C6C4C1C6C(C53)N2CCc1cccc(F)c1,1,7.92,2010.0,ChEMBL
OC12C3C4CC5C6C4C1C6C(C53)N2Cc1cccc(Br)c1,1,6.96,1996.0,ChEMBL
OC12C3C4CC5C6C4C1C6C(C53)N2Cc1cccc(F)c1,1,6.82,2010.0,ChEMBL
OC1CCc2ccccc2C12CCN(CCc1ccccc1)CC2,1,6.76,1994.0,ChEMBL
OC1CN(CCCCc2ccccc2)CCc2ccccc21,1,6.17,2016.0,ChEMBL
OC1CN(CCCOCCc2ccc3sccc3c2)C1,1,7.8,2022.0,ChEMBL
OC1CN(Cc2ccccc2)CCc2ccccc21,1,7.51,2016.0,ChEMBL
OC1COCCC1NC1CCN(c2ccc(C(F)(F)F)cn2)CC1,1,7.75,2020.0,ChEMBL
OC1Cc2ccccc2C2(CCN(CCCc3ccccc3)CC2)O1,1,7.91,2002.0,ChEMBL
OC1Cc2ccccc2C2(CCN(CCc3ccccc3)CC2)O1,1,7.36,2002.0,ChEMBL
OC1Cc2ccccc2C2(CCN(Cc3ccccc3)CC2)O1,1,8.66,2002.0,ChEMBL
OC1OC2(CCN(Cc3ccccc3)CC2)c2ccccc21,1,8.13,2002.0,ChEMBL
OCC1Cc2ccccc2C2(CCN(Cc3ccccc3)CC2)O1,1,8.14,2002.0,ChEMBL
OCC1OC2(CCN(Cc3ccccc3)CC2)c2ccccc21,1,8.25,2002.0,ChEMBL
OCCC1Cc2ccccc2C2(CCN(Cc3ccccc3)CC2)O1,1,7.9,2002.0,ChEMBL
OCCC1OC2(CCN(Cc3ccccc3)CC2)c2ccccc21,1,8.14,2002.0,ChEMBL
OCCCN1C2CCC1c1c([nH]c3ccc(F)cc13)C2,1,6.18,1993.0,ChEMBL
OCCN1CCN(CC/C=C2/c3ccccc3Sc3ccc(C(F)(F)F)cc32)CC1,1,8.65,1994.0,ChEMBL
OCCN1CCN(CC/C=C2\c3ccccc3Sc3ccc(C(F)(F)F)cc32)CC1,1,7.83,1994.0,ChEMBL
OCCN1CCN(CCCN2c3ccccc3C=Cc3ccccc32)CC1,1,9.7,2005.0,ChEMBL
OCCN1CCN(CCCN2c3ccccc3Sc3ccc(C(F)(F)F)cc32)CC1,1,7.885,,ChEMBL
OCC[C@@H]1CN(CC2CCCCC2)CCN1Cc1ccc(-c2ccccc2)cc1,1,7.54,2022.0,ChEMBL
OCC[C@@H]1CN(CC2CCCCC2)CCN1Cc1cccc2ccccc12,1,8.12,2014.0,ChEMBL
OCC[C@@H]1CN(CC2CCCCC2)CCN1Cc1ccccc1,1,7.64,2014.0,ChEMBL
OCC[C@H]1CN(CC2CCCCC2)CCN1Cc1ccc(-c2ccccc2)cc1,1,7.47,2022.0,ChEMBL
OCC[C@H]1CN(CC2CCCCC2)CCN1Cc1ccc2ccccc2c1,1,8.17,2014.0,ChEMBL
OCC[C@H]1CN(CC2CCCCC2)CCN1Cc1cccc2ccccc12,1,7.54,2014.0,ChEMBL
OCC[C@H]1CN(CC2CCCCC2)CCN1Cc1ccccc1,1,7.68,2014.0,ChEMBL
OCC[C@H]1CN(CCc2ccccc2)CCN1Cc1ccccc1,1,7.39,2014.0,ChEMBL
ON=C(NC1CCCCC1)NC1CCCCC1,1,6.71,1990.0,ChEMBL
O[C@@H](CCCN1CCC(O)(c2ccc(Cl)cc2)CC1)c1ccc(F)cc1,1,8.66,1993.0,ChEMBL
O[C@@H](CCCN1CCN(c2ccccn2)CC1)c1ccc(F)cc1,1,6.74,1993.0,ChEMBL
O[C@@H](CN1CCC2(CCc3ccccc32)CC1)c1cccc(Br)c1,1,6.97,1997.0,ChEMBL
O[C@@H]1CCCC[C@H]1N1CCC(c2ccccc2)CC1,1,7.58,1999.0,ChEMBL
O[C@@H]1CCCC[C@H]1N1CCC2(CCc3ccccc32)CC1,1,7.68,1997.0,ChEMBL
O[C@@H]1CCN(Cc2ccc(F)cc2)C[C@H]1N1CCC(c2ccccc2)CC1,1,7.67,2012.0,ChEMBL
O[C@@H]1CCN(Cc2ccc(F)cc2)C[C@H]1N1CCC2(CCc3ccccc32)CC1,1,7.6,1997.0,ChEMBL
O[C@@H]1CCN(Cc2cccc(I)c2)C[C@H]1N1CCC(c2ccccc2)CC1,1,7.04,1999.0,ChEMBL
O[C@@H]1CCN(Cc2cccc(I)c2)C[C@H]1N1CCC2(CCc3ccccc32)CC1,1,6.55,1997.0,ChEMBL
O[C@@H]1CC[C@H]2CN(CC3CCCCC3)[C@@H]1CN2Cc1ccccc1,1,8.66,2016.0,ChEMBL
O[C@@H]1C[C@@H]2CN(CC3CCCCC3)[C@H]1CN2Cc1ccc(-c2ccccc2)cc1,1,7.57,2016.0,ChEMBL
O[C@@H]1C[C@@H]2CN(CC3CCCCC3)[C@H]1CN2Cc1cccc2ccccc12,1,7.42,2016.0,ChEMBL
O[C@@H]1C[C@@H]2CN(CC3CCCCC3)[C@H]1CN2Cc1ccccc1,1,8.55,2016.0,ChEMBL
O[C@@H]1C[C@H]2CCCN(C/C=C/I)[C@@H]2C[C@H]1N1CCC(c2ccccc2)CC1,1,6.9,1999.0,ChEMBL
O[C@@H]1C[C@H]2CCCN(Cc3ccc(F)cc3)[C@@H]2C[C@H]1N1CCC(c2ccccc2)CC1,1,7.67,1999.0,ChEMBL
O[C@@H]1C[C@H]2CCCN[C@@H]2C[C@H]1N1CCC(c2ccccc2)CC1,1,6.9,1999.0,ChEMBL
O[C@@H]1C[C@H]2CN(CC3CCCCC3)[C@@H]1CN2Cc1ccc(-c2ccccc2)cc1,1,7.14,2016.0,ChEMBL
O[C@@H]1C[C@H]2CN(CC3CCCCC3)[C@@H]1CN2Cc1cccc2ccccc12,1,8.14,2016.0,ChEMBL
O[C@@H]1C[C@H]2CN(CC3CCCCC3)[C@@H]1CN2Cc1ccccc1,1,8.62,2016.0,ChEMBL
O[C@@H]1[C@H](O)[C@@H](CCl)O[C@H]1n1cnc2c(NC(C3CCC3)C3CCC3)ncnc21,1,6.16,2019.0,ChEMBL
O[C@@H]1[C@H](O)[C@@H](CCl)O[C@H]1n1cnc2c(N[C@H]3C[C@H]4CC[C@@H]3C4)ncnc21,1,6.32,2019.0,ChEMBL
O[C@H](CCCN1CCC(O)(c2ccc(Cl)cc2)CC1)c1ccc(F)cc1,1,8.74,1993.0,ChEMBL
O[C@H](CCCN1CCN(c2ccccn2)CC1)c1ccc(F)cc1,1,7.49,1993.0,ChEMBL
O[C@H](CCCN1CCN(c2ncc(F)cn2)CC1)c1ccc(F)cc1,1,7.37,1994.0,ChEMBL
O[C@H](Cc1ccc(Br)cc1)CN1CCC2(CCc3ccccc32)CC1,1,8.07,1997.0,ChEMBL
O[C@H]1CCCC[C@@H]1N1C2CCC1CC(c1ccccc1)C2,1,6.42,1997.0,ChEMBL
O[C@H]1CCN(Cc2ccc(F)cc2)C[C@@H]1N1C2CCC1CC(c1ccccc1)C2,1,6.62,1997.0,ChEMBL
O[C@H]1CCN(Cc2cccc(I)c2)C[C@@H]1N1C2CCC1CC(c1ccccc1)C2,1,6.71,1997.0,ChEMBL
O[C@H]1CC[C@H]2CN(CC3CCCCC3)[C@@H]1CN2Cc1ccccc1,1,8.19,2016.0,ChEMBL
O[C@H]1C[C@@H]2CN(CC3CCCCC3)[C@H]1CN2Cc1ccc(-c2ccccc2)cc1,1,7.62,2016.0,ChEMBL
O[C@H]1C[C@@H]2CN(CC3CCCCC3)[C@H]1CN2Cc1cccc2ccccc12,1,8.22,2016.0,ChEMBL
O[C@H]1C[C@@H]2CN(CC3CCCCC3)[C@H]1CN2Cc1ccccc1,1,8.8,2016.0,ChEMBL
O[C@H]1C[C@H]2CN(CC3CCCCC3)[C@@H]1CN2Cc1ccc(-c2ccccc2)cc1,1,7.57,2016.0,ChEMBL
O[C@H]1C[C@H]2CN(CC3CCCCC3)[C@@H]1CN2Cc1cccc2ccccc12,1,7.89,2016.0,ChEMBL
O[C@H]1C[C@H]2CN(CC3CCCCC3)[C@@H]1CN2Cc1ccccc1,1,8.49,2016.0,ChEMBL
O[C@H]1Cc2ccccc2C[C@@H]1N1C2CCC1CC(c1ccccc1)C2,1,6.76,1997.0,ChEMBL
Oc1ccc2c(c1)C13CCCCC1C(C2)NCC3,1,7.66,2022.0,ChEMBL
Oc1ccc2c(c1)CCCC2CCCN1CCN(C2CCCCC2)CC1,1,9.16,2004.0,ChEMBL
Oc1ccc2c(c1)CCN(CCCCc1ccccc1)CC2O,1,6.715,2020.0,ChEMBL
Oc1cccc2c1CCCC2CCCN1CCN(C2CCCCC2)CC1,1,8.27,2004.0,ChEMBL
Oc1cccc2c1O[C@H]1CCC[C@H]3CN(CC4CC4)CC[C@@]231,1,7.68,1994.0,ChEMBL
Oc1cccc2c1O[C@H]1[C@@H](O)CC[C@H]3CN(CC4CC4)CC[C@@]231,1,6.24,1994.0,ChEMBL
Oc1cccc2c1O[C@H]1[C@H](O)CC[C@@H]3CN(CC4CC4)CC[C@@]231,1,6.52,1994.0,ChEMBL
Oc1nc2ccccc2n1CCCNCc1cc2c(cc1Cl)OCO2,1,6.48,2001.0,ChEMBL
S=C(Nc1ncnc2c1cnn2CCN1CCCCCC1)NC1CC1,1,7.66,2017.0,ChEMBL
[O-][S+]1c2ccccc2CCC12CCN(Cc1ccccc1)CC2,1,7.6,1998.0,ChEMBL
c1c(NCCN2CCOCC2)nnn1C12CC3CC(CC(C3)C1)C2,1,7.01,2015.0,ChEMBL
c1cc2c(cn1)CCCC2,1,7.25,1999.0,ChEMBL
c1ccc(-c2ncnc3c2cnn3CCN2CCCCC2)cc1,1,7.0,2017.0,ChEMBL
c1ccc(-c2ncnc3c2cnn3CCN2CCCCC2)nc1,1,6.2,2017.0,ChEMBL
c1ccc(-n2ncc3c2CCCC3CCN2CCOCC2)cc1,1,8.4,2017.0,ChEMBL
c1ccc(C(c2ccc(CCCN3CCCCC3)cc2)C23CC4CC(CC(C4)C2)C3)cc1,1,7.91,2012.0,ChEMBL
c1ccc(C(c2ccc(CCCN3CCNCC3)cc2)C23CC4CC(CC(C4)C2)C3)cc1,1,7.38,2012.0,ChEMBL
c1ccc(C(c2ccc(N3CCN(C4CCCCC4)CC3)cc2)C23CC4CC(CC(C4)C2)C3)cc1,1,9.57,2012.0,ChEMBL
c1ccc(C(c2ccc(N3CCNCC3)cc2)C23CC4CC(CC(C4)C2)C3)cc1,1,7.91,2012.0,ChEMBL
c1ccc(C2CCN(c3ncnc4c3cnn4CCN3CCCCC3)C2)cc1,1,6.53,2017.0,ChEMBL
c1ccc(C2c3[nH]c4ccccc4c3CCN2CCCN2CCCC2)cc1,1,7.44,2015.0,ChEMBL
c1ccc(C2c3[nH]c4ccccc4c3CCN2CCCN2Cc3ccccc3C2)cc1,1,8.08,2015.0,ChEMBL
c1ccc(CC2CCN(CC3CCCc4ccccc4C3)CC2)cc1,1,7.435,2005.0,ChEMBL
c1ccc(CC2CCN(CC3CCc4ccccc4C3)CC2)cc1,1,8.71,2005.0,ChEMBL
c1ccc(CC2CCN(CC3CCc4ccccc4O3)CC2)cc1,1,8.13,2005.0,ChEMBL
c1ccc(CC2CCN(CC3COc4ccccc4C3)CC2)cc1,1,8.41,2005.0,ChEMBL
c1ccc(CC2CCN(CC3COc4ccccc4O3)CC2)cc1,1,7.67,2005.0,ChEMBL
c1ccc(CC2CCN(CC3CSC4(CCCCC4)S3)CC2)cc1,1,7.92,2023.0,ChEMBL
c1ccc(CC2CCN(CC3Cc4ccccc4C3)CC2)cc1,1,8.379999999999999,2005.0,ChEMBL
c1ccc(CC2CCN(CCCOc3ccccc3)CC2)cc1,1,8.96,2023.0,ChEMBL
c1ccc(CC2CCN(CCOc3ccccc3)CC2)cc1,1,9.03,2023.0,ChEMBL
c1ccc(CCCCCCCNCCc2ccccc2)cc1,1,8.82,1994.0,ChEMBL
c1ccc(CCCCCCCNCc2ccccc2)cc1,1,8.64,1994.0,ChEMBL
c1ccc(CCCCCN2C3CCC2c2c([nH]c4ccccc24)C3)cc1,1,6.715,1993.0,ChEMBL
c1ccc(CCCCCN2CCC(c3ccccc3)CC2)cc1,1,9.05,1991.0,ChEMBL
c1ccc(CCCCCN2CCCC2)cc1,1,9.12,1994.0,ChEMBL
c1ccc(CCCCCN2CCCCC2)cc1,1,9.32,1994.0,ChEMBL
c1ccc(CCCCCNCCCCc2ccccc2)cc1,1,9.32,1994.0,ChEMBL
c1ccc(CCCCCNCCCc2ccccc2)cc1,1,9.55,1994.0,ChEMBL
c1ccc(CCCCCNCCc2ccccc2)cc1,1,9.77,2004.0,ChEMBL
c1ccc(CCCCCNCc2ccccc2)cc1,1,9.49,1994.0,ChEMBL
c1ccc(CCCCN2C3CCC2c2c([nH]c4ccccc24)C3)cc1,1,7.27,1993.0,ChEMBL
c1ccc(CCCCN2C3CCC2c2c(n(-c4ccccc4)c4ccccc24)C3)cc1,1,6.295,1993.0,ChEMBL
c1ccc(CCCCN2C3CCC2c2c(n(Cc4ccccc4)c4ccccc24)C3)cc1,1,6.485,1993.0,ChEMBL
c1ccc(CCCCN2CCC(Cc3ccccc3)CC2)cc1,1,9.08,2005.0,ChEMBL
c1ccc(CCCCN2CCC(c3ccccc3)CC2)cc1,1,9.05,1993.0,ChEMBL
c1ccc(CCCCN2CCN(c3ccccc3)CC2)cc1,1,8.59,1991.0,ChEMBL
c1ccc(CCCCNCCc2ccccc2)cc1,1,8.59,1994.0,ChEMBL
c1ccc(CCCCNCc2ccccc2)cc1,1,8.02,1994.0,ChEMBL
c1ccc(CCCN2C3CCC2c2c([nH]c4ccccc24)C3)cc1,1,6.76,1993.0,ChEMBL
c1ccc(CCCN2CCC(c3ccccc3)CC2)cc1,1,8.96,1991.0,ChEMBL
c1ccc(CCCN2CCCCC(NCCOC(c3ccccc3)c3ccccc3)C2)cc1,1,7.11,1996.0,ChEMBL
c1ccc(CCCN2CCCCN(CCOC(c3ccccc3)c3ccccc3)CC2)cc1,1,6.75,1996.0,ChEMBL
c1ccc(CCCN2CCCN(CCOC(c3ccccc3)c3ccccc3)CC2)cc1,1,7.58,1996.0,ChEMBL
c1ccc(CCCN2CCN(CCCc3ccccc3)CC2)cc1,1,9.3,1996.0,ChEMBL
c1ccc(CCCN2CCN(CCOC(c3ccccc3)c3ccccc3)CC2)cc1,1,7.77,1997.0,ChEMBL
c1ccc(CCCN2CCN(c3ccc4ccccc4c3)CC2)cc1,1,8.55,1991.0,ChEMBL
c1ccc(CCCN2CCN(c3ccccc3)CC2)cc1,1,8.17,1991.0,ChEMBL
c1ccc(CCCN2CCNCC2)cc1,1,6.96,1996.0,ChEMBL
c1ccc(CCCN2CCOCC2)cc1,1,6.15,2017.0,ChEMBL
c1ccc(CCCNC2CCCCN(CCOC(c3ccccc3)c3ccccc3)C2)cc1,1,7.08,1996.0,ChEMBL
c1ccc(CCCNC2CCCc3ccccc3C2)cc1,1,7.08,1991.0,ChEMBL
c1ccc(CCCNC2CCc3ccccc3C2)cc1,1,7.7,1991.0,ChEMBL
c1ccc(CCCNC2CCc3ccccc3CC2)cc1,1,8.1,1991.0,ChEMBL
c1ccc(CCCNC2Cc3ccccc3C2)cc1,1,7.56,1991.0,ChEMBL
c1ccc(CCCNCCCc2ccccc2)cc1,1,7.94,1994.0,ChEMBL
c1ccc(CCCNCCc2ccccc2)cc1,1,7.95,1994.0,ChEMBL
c1ccc(CCCOCC2CCN(Cc3ccccc3)CC2)cc1,1,7.57,1994.0,ChEMBL
c1ccc(CCN2C3CCC2c2c([nH]c4ccccc24)C3)cc1,1,6.26,1993.0,ChEMBL
c1ccc(CCN2C3CCC2c2c(n(Cc4ccccc4)c4ccccc24)C3)cc1,1,6.315,1993.0,ChEMBL
c1ccc(CCN2CCCCC2)cc1,1,6.51,2004.0,ChEMBL
c1ccc(CCNCCCCC(c2ccccc2)c2ccccc2)cc1,1,9.18,2004.0,ChEMBL
c1ccc(CCNCCN2CCCC2)cc1,1,7.08,1994.0,ChEMBL
c1ccc(CN2C3CCC2c2c([nH]c4ccccc24)C3)cc1,1,6.01,1993.0,ChEMBL
c1ccc(CN2CCC(C3CCc4ccccc4S3)CC2)cc1,1,10.24,2010.0,ChEMBL
c1ccc(CN2CCC3(CC2)OCC(c2ccccc2)CO3)cc1,1,10.89,2023.0,ChEMBL
c1ccc(CN2CCC3(CC2)OCCc2ccccc23)cc1,1,9.16,2002.0,ChEMBL
c1ccc(CN2CCC3(CC2)OCCc2sccc23)cc1,1,8.68,2012.0,ChEMBL
c1ccc(CN2CCC3(CC2)OCc2ccccc2O3)cc1,1,10.01,2010.0,ChEMBL
c1ccc(CN2CCC3(CC2)OCc2ccccc2S3)cc1,1,10.05,2010.0,ChEMBL
c1ccc(CN2CCC3(CCCc4ccccc43)CC2)cc1,1,8.62,1994.0,ChEMBL
c1ccc(CN2CCC3(CCCc4ccccc43)CC2)nc1,1,7.95,1992.0,ChEMBL
c1ccc(CN2CCC3(CCc4ccccc4C3)CC2)cc1,1,9.36,2010.0,ChEMBL
c1ccc(CN2CCC3(CCc4ccccc4O3)CC2)cc1,1,9.21,2010.0,ChEMBL
c1ccc(CN2CCC3(CCc4ccccc4S3)CC2)cc1,1,9.23,2023.0,ChEMBL
c1ccc(CN2CCCc3cc(N4CCOCC4)ccc3C2)cc1,1,8.21,2021.0,ChEMBL
c1ccc(CN2CCN(CC3CCc4ccccc4C3)CC2)cc1,1,8.934999999999999,2005.0,ChEMBL
c1ccc(CN2CCN(CC3CCc4ccccc4O3)CC2)cc1,1,9.02,2005.0,ChEMBL
c1ccc(CN2CCN(CC3COC4(CCCCC4)O3)CC2)cc1,1,9.13,2023.0,ChEMBL
c1ccc(CN2CCN(CC3COc4ccccc4C3)CC2)cc1,1,9.175,2005.0,ChEMBL
c1ccc(CN2CCN(CC3COc4ccccc4O3)CC2)cc1,1,7.699999999999999,2005.0,ChEMBL
c1ccc(CN2CCN(CC3CSC4(CCCCC4)O3)CC2)cc1,1,8.89,2023.0,ChEMBL
c1ccc(CN2CCN(CC3CSCS3)CC2)cc1,1,8.68,2023.0,ChEMBL
c1ccc(CN2CCN(CCCc3ccc(C(c4ccccc4)C45CC6CC(CC(C6)C4)C5)cc3)CC2)cc1,1,7.44,2012.0,ChEMBL
c1ccc(CN2CCN(Cc3ccccc3)CC2)cc1,1,8.24,2012.0,ChEMBL
c1ccc(CN2CCN(c3ccc(C(c4ccccc4)C45CC6CC(CC(C6)C4)C5)cc3)CC2)cc1,1,7.2,2012.0,ChEMBL
c1ccc(CN2CCNCC2)cc1,0,4.98,1991.0,ChEMBL
c1ccc(CN2CCc3cc(N4CCOCC4)ccc3C2)cc1,1,8.77,2021.0,ChEMBL
c1ccc(CN2Cc3ccc(N4CCOCC4)cc3C2)cc1,1,8.23,2021.0,ChEMBL
c1ccc(CNCCCCCC2CCCCC2)cc1,1,9.09,1994.0,ChEMBL
c1ccc(COC2CCN(Cc3cn4ccccc4n3)CC2)nc1,1,6.77,2022.0,ChEMBL
c1ccc(COC2Cc3ccccc3C3(CCN(Cc4ccccc4)CC3)O2)cc1,1,7.02,2002.0,ChEMBL
c1ccc(Cc2cn(C3CCN(Cc4ccccc4)CC3)nn2)cc1,1,8.85,2022.0,ChEMBL
c1ccc(Cn2cc(NCCN3CCCCC3)nn2)cc1,1,7.31,2015.0,ChEMBL
c1ccc(Cn2cc(NCCN3CCCCCC3)nn2)cc1,1,7.64,2015.0,ChEMBL
c1ccc(N2CCN(CCC3OCCc4c3cnn4-c3ccccc3)CC2)cc1,1,8.54,2013.0,ChEMBL
c1ccc(N2CCN(CCCc3ccc4ccccc4c3)CC2)cc1,1,8.4,1991.0,ChEMBL
c1ccc(N2CCNCC2)cc1,0,4.94,1991.0,ChEMBL
c1ccc(OCCCCN2C3CCC2c2c([nH]c4ccccc24)C3)cc1,1,6.875,1993.0,ChEMBL
c1ccc(OCCCN2C3CCC2c2c([nH]c4ccccc24)C3)cc1,1,6.73,1993.0,ChEMBL
c1ccc(OCCCN2CCN(c3ccccc3)CC2)cc1,1,7.11,2019.0,ChEMBL
c1ccc(OCCN2C3CCC2c2c([nH]c4ccccc24)C3)cc1,1,6.615,1993.0,ChEMBL
c1ccc(OC[C@@H]2CN(Cc3ccc4[nH]ccc4c3)CCO2)cc1,1,7.36,2022.0,ChEMBL
c1ccc(OCc2cc(OC[C@@H]3CCCN3)no2)cc1,1,8.39,2019.0,ChEMBL
c1ccc([C@]2(N3CCCCC3)C[C@H]3C[C@H]3C2)cc1,0,4.79,1992.0,ChEMBL
c1ccc2c(-c3ncnc4c3cnn4CCN3CCCCC3)cncc2c1,1,6.18,2017.0,ChEMBL
c1ccc2c(CCCCCN3CCN(C4CCCCC4)CC3)cccc2c1,1,8.62,2004.0,ChEMBL
c1ccc2c(CCCCN3CCN(C4CCCCC4)CC3)cccc2c1,1,9.66,2004.0,ChEMBL
c1ccc2c(CCCN3CCN(C4CCCCC4)CC3)cccc2c1,1,8.67,2004.0,ChEMBL
c1ccc2c(c1)CC(CN1CCN(c3ccc4c(c3)OCCO4)CC1)C2,1,8.8,2017.0,ChEMBL
c1ccc2c(c1)CCCC2CCCCCN1CCN(C2CCCCC2)CC1,1,8.84,2004.0,ChEMBL
c1ccc2c(c1)CCCC2CCCCN1CCN(C2CCCCC2)CC1,1,10.44,2004.0,ChEMBL
c1ccc2c(c1)CCCC2CCCN1CCN(C2=NCCCC2)CC1,1,7.36,1996.0,ChEMBL
c1ccc2c(c1)CCCC2CCCN1CCN(C2CCCCC2)CC1,1,9.21,2004.0,ChEMBL
c1ccc2c(c1)CN(CCCN1CCc3[nH]c4ccccc4c3C1)C2,1,7.14,2015.0,ChEMBL
c1ccc2c(c1)CN(CCCN1CCc3c([nH]c4ccccc34)C1)C2,1,8.1,2015.0,ChEMBL
c1ccc2c(c1)CN(CCCN1CCc3oc4ccccc4c3C1)C2,1,7.96,2015.0,ChEMBL
c1ccc2c(c1)CN(CCCN1c3ccccc3Sc3ccccc31)C2,1,7.92,2015.0,ChEMBL
c1ccc2c(c1)CN(CCN1C3CCC1c1c([nH]c4ccccc14)C3)C2,1,6.96,1993.0,ChEMBL
c1ccc2c(c1)C[C@H]1CN(CCN3CCCCC3)CN1C2,1,7.11,2005.0,ChEMBL
c1ccc2c(c1)ncn2-c1ncnc2c1cnn2CCN1CCCCC1,1,6.95,2017.0,ChEMBL
c1ccc2c3c([nH]c2c1)CC1CCC3N1CCCCc1nccs1,1,7.025,1993.0,ChEMBL
c1ccc2cc(-n3ccc(OCCN4CCOCC4)n3)ccc2c1,1,7.48,2012.0,ChEMBL
c1ccc2cc(N3CCNCC3)ccc2c1,1,6.26,1991.0,ChEMBL
c1ccc2sc(C3(N4CCCC4)CCCC3)cc2c1,1,6.9,1993.0,ChEMBL
c1ccc2sc(C3(N4CCCC4)CCCCC3)cc2c1,1,6.78,1993.0,ChEMBL
c1ccc2sc(C3(N4CCCC4)CCCCCC3)cc2c1,1,6.14,1993.0,ChEMBL
c1ccc2sc(C3(N4CCCCCC4)CCCCC3)cc2c1,1,6.17,1993.0,ChEMBL
c1cn(-c2ncnc3c2cnn3CCN2CCCCC2)cn1,0,4.86,2017.0,ChEMBL
c1cn(C2CCCCC2)nc1OCCN1CCOCC1,1,7.64,2012.0,ChEMBL
c1cnc(N2CCN(CCCc3nc4ccccc4s3)CC2)nc1,1,6.46,2014.0,ChEMBL
c1cncc(-c2ncnc3c2cnn3CCN2CCCCC2)c1,1,6.03,2017.0,ChEMBL
c1coc(-c2ncnc3c2cnn3CCN2CCCCC2)n1,0,4.62,2017.0,ChEMBL
c1coc(CCCCN2C3CCC2c2c([nH]c4ccccc24)C3)c1,1,6.98,1993.0,ChEMBL
c1csc(CCCCN2C3CCC2c2c([nH]c4ccccc24)C3)c1,1,7.345,1993.0,ChEMBL
c1nc(-c2cn[nH]c2)c2cnn(CCN3CCCCC3)c2n1,1,6.1,2017.0,ChEMBL
c1nc(-c2cnsc2)c2cnn(CCN3CCCCC3)c2n1,1,6.32,2017.0,ChEMBL
c1nc(N2CCCCC2)c2cnn(CCN3CCCCC3)c2n1,1,6.7,2017.0,ChEMBL
CN1CC[C@]23c4c5ccc(O)c4O[C@H]2[C@@H](O)C=C[C@H]3[C@H]1C5,0,4.0,1994.0,ChEMBL_inactive
C=CCN1CC[C@]23c4c5ccc(O)c4O[C@H]2C(=O)CC[C@@]3(O)[C@H]1C5,0,4.0,1994.0,ChEMBL_inactive
c1cnc(N2CCNCC2)nc1,0,5.0,1991.0,ChEMBL_inactive
NC1Cc2ccccc2C(c2ccccc2)C1,0,5.0,1993.0,ChEMBL_inactive
NC1Cc2cc(O)c(O)cc2C(c2ccccc2)C1,0,5.0,1993.0,ChEMBL_inactive
NC1=Nc2cccc3cccc(c23)N1,0,5.0,1990.0,ChEMBL_inactive
N=C(N)N(c1ccccc1)c1ccccc1,0,4.0,1990.0,ChEMBL_inactive
CNC(=N)NC,0,4.0,1990.0,ChEMBL_inactive
NC1=Nc2ccccc2-c2ccccc2N1,0,5.0,1990.0,ChEMBL_inactive
Cc1ccccc1N/C(N)=N/C1CC[C@@]2(C)C(=CCC3C2CC[C@@]2(C)C3CC[C@@H]2C(C)CCCC(C)C)C1,0,5.0,1990.0,ChEMBL_inactive
COc1ccc(CCN2CCN(C(=O)Cc3ccc(OC)cc3)CC2)cc1,0,5.0,1998.0,ChEMBL_inactive
O=C1C[C@]2(CC[C@H](OCc3ccccc3)CC2)OC=C1c1ccccc1,0,5.0,1993.0,ChEMBL_inactive
c1ccc(C(OCCN2CCN(CCOC(c3ccccc3)c3ccccc3)CC2)c2ccccc2)cc1,0,5.0,1996.0,ChEMBL_inactive
CN1CCc2cccc3c2[C@H]1Cc1ccc(O)c(O)c1-3,0,4.509,1992.0,ChEMBL_inactive
CN1CCC[C@H]1c1cccnc1,0,5.0,1992.0,ChEMBL_inactive
NCCCCNCCOC(c1ccccc1)c1ccccc1,0,5.0,1996.0,ChEMBL_inactive
Fc1ccc(C(OCCN2CCN(CCOC(c3ccc(F)cc3)c3ccc(F)cc3)CC2)c2ccc(F)cc2)cc1,0,5.0,1996.0,ChEMBL_inactive
C[C@]12N[C@H](Cc3ccccc31)c1ccccc12,0,5.0,1992.0,ChEMBL_inactive
CCN1CCCC1CNC(=O)c1cc(S(N)(=O)=O)ccc1OC,0,5.0,1992.0,ChEMBL_inactive
O=C1c2ccccc2C(=O)N1CCN1C2CCC1c1c([nH]c3ccccc13)C2,0,5.0,1993.0,ChEMBL_inactive
Fc1ccc2[nH]c3c(c2c1)C1CCC(C3)N1Cc1ccccc1I,0,5.0,1993.0,ChEMBL_inactive
CN(CCN1C2CCC1c1c([nH]c3ccccc13)C2)C(=O)Cc1ccc(Cl)c(Cl)c1,0,5.0,1993.0,ChEMBL_inactive
CC1=C2C[C@H]3[C@@H](CC=C4C[C@@H](O)CC[C@@]43C)[C@@H]2CC[C@]12O[C@]1(C)C[C@H](C)CN[C@H]1[C@H]2C,0,4.0,2005.0,ChEMBL_inactive
CC1=C2C(=O)[C@H]3[C@@H](CC=C4C[C@@H](O)CC[C@@]43C)[C@@H]2CC[C@]12O[C@@H]1C[C@H](C)CN[C@H]1[C@H]2C,0,4.0,2005.0,ChEMBL_inactive
N#Cc1cc(F)cc(C#Cc2csc(CF)n2)c1,0,5.0,2007.0,ChEMBL_inactive
COc1cc(NC(=O)c2ccc(-c3ccc(Cl)cc3)o2)cc(OC)c1,0,5.0,2007.0,ChEMBL_inactive
O=C(O)CCCCCN1CCC(CNC(=O)c2c3n(c4ccccc24)CCCO3)CC1,0,5.0,2010.0,ChEMBL_inactive
N#Cc1cc(F)cc(C#Cc2csc(F)n2)c1,0,5.0,2011.0,ChEMBL_inactive
CN1c2ccccc2Sc2cc(N)ccc21,0,5.0,,ChEMBL_inactive
C[C@@H]1CCCN1CCc1cc2cc(C(=O)c3ccc(F)cc3)ccc2o1,0,5.0,2012.0,ChEMBL_inactive
C[C@@H]1CCCN1CCc1cc2cc(C(=O)c3ccc([N+](=O)[O-])cc3)ccc2o1,0,5.0,2012.0,ChEMBL_inactive
CCC(=O)N1CCN(C(C)C(=O)NC2CCCC2)CC1,0,4.0,2013.0,ChEMBL_inactive
CN(C(=O)CN1CCNCC1)C1CCCC1,0,4.0,2013.0,ChEMBL_inactive
CCC(=O)N1CCN(CC(=O)NC2CCCCC2)CC1,0,4.0,2013.0,ChEMBL_inactive
CCC(=O)N1CCN(CC(=O)NC(CC)CC)CC1,0,4.0,2013.0,ChEMBL_inactive
CCC(=O)N1CCN(CC(=O)NCC(C)CC)CC1,0,4.0,2013.0,ChEMBL_inactive
CC(C)NC(=O)CN1CCNCC1,0,4.0,2013.0,ChEMBL_inactive
Cn1c(=O)cnn(CCCCN2CCN(c3ccccc3OCCF)CC2)c1=O,0,5.0,2013.0,ChEMBL_inactive
CNc1cc(-c2csc(N(C)C(=O)c3ccc(F)cc3)n2)ncn1,0,5.0,2013.0,ChEMBL_inactive
CN1CCc2c(c3cccc4c3n2Cc2ccccc2C4)C1,0,5.0,2014.0,ChEMBL_inactive
CC[C@H]1c2ccc(O)cc2OC[C@@]1(C)N,0,5.0,2019.0,ChEMBL_inactive
C[C@@]12COc3cc(O)ccc3[C@@H]1CCN2,0,5.0,2019.0,ChEMBL_inactive
CC(=O)N1CC[C@H]2c3ccc(O)cc3OC[C@]21C,0,5.0,2019.0,ChEMBL_inactive
CC(=O)N1CC[C@H]2c3cccc(-c4ccccc4)c3OC[C@]21C,0,5.0,2019.0,ChEMBL_inactive
CC(=O)N1CC[C@H]2c3ccccc3N(c3ccccc3)C[C@]21C,0,5.0,2019.0,ChEMBL_inactive
COc1ccc2c3c1O[C@H]1C(=O)CC[C@@]4(O)[C@@H](C2)N(C)CC[C@]314,0,5.0,2020.0,ChEMBL_inactive
CCCn1nc(C(=O)N(C)C)c2c1CCC(OCc1ccc(F)cc1)C2,0,5.0,2019.0,ChEMBL_inactive
CCCn1nc(C(=O)N(C)C)c2c1CCC(SCc1ccc(F)cc1)C2,0,5.0,2019.0,ChEMBL_inactive
CCCn1nc(C(=O)N(C)C)c2c1CCC(NC(=O)c1ccc(F)cc1)C2,0,5.0,2019.0,ChEMBL_inactive
CCCn1nc(C(=O)N(C)C)c2c1CCC(NS(=O)(=O)c1ccc(F)cc1)C2,0,5.0,2019.0,ChEMBL_inactive
CCCn1nc(C(=O)N2CCCCC2)c2c1CCC(NCCc1ccc(O)cc1)C2,0,5.0,2019.0,ChEMBL_inactive
O=c1ccoc2ccc(OCCN3CCOCC3)cc12,0,5.0,2021.0,ChEMBL_inactive
CN1CC[C@@]23CCCC[C@@H]2[C@@H]1Cc1ccc(C(F)(F)C(F)(F)F)cc13,0,5.0,2022.0,ChEMBL_inactive
Fc1ccc(CN2C[C@@H]3[C@@H](C2)OCc2c(-c4ncccn4)nnn23)cc1,0,5.0,2021.0,ChEMBL_inactive
CC(C)(C)OC(=O)N1C[C@@H]2[C@@H](C1)OCc1c(-c3ccccc3F)nnn12,0,5.0,2021.0,ChEMBL_inactive
CN(CCCNC(=O)c1ccco1)Cc1ccccc1,0,5.0,2022.0,ChEMBL_inactive
COc1ccc(CN(C)CCCNC(=O)c2ccco2)cc1OC,0,5.0,2022.0,ChEMBL_inactive
CCc1ncc(-c2nccn2C)c(C2CCN(CC(=O)N3CCOCC3)CC2)n1,0,5.0,2023.0,ChEMBL_inactive
CCc1ncc(-c2cc(C)no2)c([C@@H]2CCCN(CC(=O)N3CCOCC3)C2)n1,0,5.0,2023.0,ChEMBL_inactive
CCc1ncc(-c2cc(C)no2)c([C@H]2CCCN(CC(=O)N3CCOCC3)C2)n1,0,5.0,2023.0,ChEMBL_inactive
Cc1cc(C)cc(-c2cnc3cc(Cl)c(-c4cccc(O)c4)cc3c2OCCCN)c1,0,5.0,2024.0,ChEMBL_inactive
O=C(OCc1ccccc1)N1CC[C@@H]2C[C@@H]1c1cc(Cl)ccc12,0,5.0,2021.0,ChEMBL_inactive
O=C(OCc1ccccc1)N1CC[C@@H]2C[C@@H]1c1cc(N3CCOCC3)ccc12,0,5.0,2021.0,ChEMBL_inactive
CN1CCN(c2ccc3c(c2)[C@H]2C[C@H]3CCN2)CC1,0,5.0,2021.0,ChEMBL_inactive
CN1CCN(c2ccc3c(c2)[C@H]2C[C@H]3CCN2S(=O)(=O)c2ccccc2)CC1,0,5.0,2021.0,ChEMBL_inactive
COc1cc2c(cc1Br)C[C@H]1C3CCCC[C@@]23CN1C,0,5.0,2022.0,ChEMBL_inactive
O=c1c(NCCc2cccc(Cl)c2)c(Nc2ccc(Cl)cc2)c1=O,0,5.0,2025.0,ChEMBL_inactive
